タイトル,タイトルよみ,別タイトル,別タイトル（題簽題）,書誌事項,大きさ,冊,請求記号,作成者,画像数,冊数,備考,出版者,出版年,言語,種別,説明,ライセンス,iiif viewer,ID,ウェブサイトURL,アイテムURL,サムネイル,機械可読ドキュメント,帰属,viewingDirection,viewingHint,コレクション,ソート用項目,西暦,IIIFマニフェストURI,IIIF Search API URI,アノテーション付きIIIFマニフェストURI,Link to TAPAS Project,Text with Rich Text Format,# of media
dcterms:title,dcndl:titleTranscription,dcterms:alternative,dcndl:alternative,archiveshub:note,archiveshub:extent,dcndl:volume,dcndl:callNumber,dcterms:creator,dcterms:extent,bibo:numVolumes,bibo:shortDescription,dcterms:publisher,dcterms:issued,dcterms:language,dcndl:materialType,dcterms:description,dcterms:rights,iiif viewer,bibo:identifier,dcterms:isPartOf,dcterms:relation,foaf:thumbnail,rdfs:seeAlso,sc:attributionLabel,sc:viewingDirection,sc:viewingHint,uterms:databaseLabel,uterms:sort,uterms:year,uterms:manifestUri,uterms:searchApiUri,uterms:annotedManifest,uterms:linkToTapas,uterms:rtf,36017
捃拾帖 一,クンシュウジョウ 1,,,安政五年 同六年,,第1冊,A00:6010,田中芳男,52,,,,,,,,https://www.lib.u-tokyo.ac.jp/ja/library/contents/archives-top/reuse,http://tify.sub.uni-goettingen.de/demo.html?manifest=https://archdataset.dl.itc.u-tokyo.ac.jp/manifest/d230f1f8-5929-4138-bb28-1108d77fd32a.json,d230f1f8-5929-4138-bb28-1108d77fd32a,https://iiif.dl.itc.u-tokyo.ac.jp/repo/s/tanaka,https://iiif.dl.itc.u-tokyo.ac.jp/repo/s/tanaka/document/d230f1f8-5929-4138-bb28-1108d77fd32a,https://iiif.dl.itc.u-tokyo.ac.jp/repo/files/medium/8eb6b92cb0c81e9435aa20604bc0854ee6d9c810.jpg,https://iiif.dl.itc.u-tokyo.ac.jp/repo/api/items/25280,"東京大学総合図書館 General Library in the University of Tokyo, JAPAN",http://iiif.io/api/presentation/2#rightToLeftDirection,,田中芳男・博物学コレクション,00000001,,https://iiif.dl.itc.u-tokyo.ac.jp/repo/iiif/d230f1f8-5929-4138-bb28-1108d77fd32a/manifest,,,,,52
捃拾帖 二,クンシュウジョウ 2,,,,,第2冊,A00:6010,田中芳男,48,,,,,,,,https://www.lib.u-tokyo.ac.jp/ja/library/contents/archives-top/reuse,http://tify.sub.uni-goettingen.de/demo.html?manifest=https://archdataset.dl.itc.u-tokyo.ac.jp/manifest/64945590-996a-4b3b-876e-36b0662cf6dc.json,64945590-996a-4b3b-876e-36b0662cf6dc,https://iiif.dl.itc.u-tokyo.ac.jp/repo/s/tanaka,https://iiif.dl.itc.u-tokyo.ac.jp/repo/s/tanaka/document/64945590-996a-4b3b-876e-36b0662cf6dc,https://iiif.dl.itc.u-tokyo.ac.jp/repo/files/medium/39530fd7cefe6f83dc0273b973f8b1b2647a243c.jpg,https://iiif.dl.itc.u-tokyo.ac.jp/repo/api/items/25199,"東京大学総合図書館 General Library in the University of Tokyo, JAPAN",http://iiif.io/api/presentation/2#rightToLeftDirection,,田中芳男・博物学コレクション,00000002,,https://iiif.dl.itc.u-tokyo.ac.jp/repo/iiif/64945590-996a-4b3b-876e-36b0662cf6dc/manifest,,,,,48
捃拾帖 三,クンシュウジョウ 3,,,,,第3冊,A00:6010,田中芳男,65,,,,,,,,https://www.lib.u-tokyo.ac.jp/ja/library/contents/archives-top/reuse,http://tify.sub.uni-goettingen.de/demo.html?manifest=https://archdataset.dl.itc.u-tokyo.ac.jp/manifest/69cf4ccb-2fc5-43f9-9eb8-1a54e1ca3c35.json,69cf4ccb-2fc5-43f9-9eb8-1a54e1ca3c35,https://iiif.dl.itc.u-tokyo.ac.jp/repo/s/tanaka,https://iiif.dl.itc.u-tokyo.ac.jp/repo/s/tanaka/document/69cf4ccb-2fc5-43f9-9eb8-1a54e1ca3c35,https://iiif.dl.itc.u-tokyo.ac.jp/repo/files/medium/b7b27aa7384823f21f19a9f5f47dfb0e3b3e1390.jpg,https://iiif.dl.itc.u-tokyo.ac.jp/repo/api/items/25228,"東京大学総合図書館 General Library in the University of Tokyo, JAPAN",http://iiif.io/api/presentation/2#rightToLeftDirection,,田中芳男・博物学コレクション,00000003,,https://iiif.dl.itc.u-tokyo.ac.jp/repo/iiif/69cf4ccb-2fc5-43f9-9eb8-1a54e1ca3c35/manifest,,,,,65
捃拾帖 四,クンシュウジョウ 4,,,江戸土産 一,,第4冊,A00:6010,田中芳男,64,,,,,,,,https://www.lib.u-tokyo.ac.jp/ja/library/contents/archives-top/reuse,http://tify.sub.uni-goettingen.de/demo.html?manifest=https://archdataset.dl.itc.u-tokyo.ac.jp/manifest/dc100a27-bdd9-47f1-8d55-ecc0c1f6db1f.json,dc100a27-bdd9-47f1-8d55-ecc0c1f6db1f,https://iiif.dl.itc.u-tokyo.ac.jp/repo/s/tanaka,https://iiif.dl.itc.u-tokyo.ac.jp/repo/s/tanaka/document/dc100a27-bdd9-47f1-8d55-ecc0c1f6db1f,https://iiif.dl.itc.u-tokyo.ac.jp/repo/files/medium/5d760f6f1368b74983d46cfa0eb9bcf5c25525bf.jpg,https://iiif.dl.itc.u-tokyo.ac.jp/repo/api/items/25192,"東京大学総合図書館 General Library in the University of Tokyo, JAPAN",http://iiif.io/api/presentation/2#rightToLeftDirection,,田中芳男・博物学コレクション,00000004,,https://iiif.dl.itc.u-tokyo.ac.jp/repo/iiif/dc100a27-bdd9-47f1-8d55-ecc0c1f6db1f/manifest,,,,,64
捃拾帖 五,クンシュウジョウ 5,,,江戸土産 二,,第5冊,A00:6010,田中芳男,60,,,,,,,,https://www.lib.u-tokyo.ac.jp/ja/library/contents/archives-top/reuse,http://tify.sub.uni-goettingen.de/demo.html?manifest=https://archdataset.dl.itc.u-tokyo.ac.jp/manifest/0ad3333a-e5e8-4a6e-8468-38a15250ee2a.json,0ad3333a-e5e8-4a6e-8468-38a15250ee2a,https://iiif.dl.itc.u-tokyo.ac.jp/repo/s/tanaka,https://iiif.dl.itc.u-tokyo.ac.jp/repo/s/tanaka/document/0ad3333a-e5e8-4a6e-8468-38a15250ee2a,https://iiif.dl.itc.u-tokyo.ac.jp/repo/files/medium/9d826aa40247395b89e76976249e4fde1a649a6c.jpg,https://iiif.dl.itc.u-tokyo.ac.jp/repo/api/items/25222,"東京大学総合図書館 General Library in the University of Tokyo, JAPAN",http://iiif.io/api/presentation/2#rightToLeftDirection,,田中芳男・博物学コレクション,00000005,,https://iiif.dl.itc.u-tokyo.ac.jp/repo/iiif/0ad3333a-e5e8-4a6e-8468-38a15250ee2a/manifest,,,,,60
捃拾帖 六,クンシュウジョウ 6,,,江戸土産 三,,第6冊,A00:6010,田中芳男,71,,,,,,,,https://www.lib.u-tokyo.ac.jp/ja/library/contents/archives-top/reuse,http://tify.sub.uni-goettingen.de/demo.html?manifest=https://archdataset.dl.itc.u-tokyo.ac.jp/manifest/c3f81395-eb01-43c2-a7ef-61a87abeb84d.json,c3f81395-eb01-43c2-a7ef-61a87abeb84d,https://iiif.dl.itc.u-tokyo.ac.jp/repo/s/tanaka,https://iiif.dl.itc.u-tokyo.ac.jp/repo/s/tanaka/document/c3f81395-eb01-43c2-a7ef-61a87abeb84d,https://iiif.dl.itc.u-tokyo.ac.jp/repo/files/medium/94c6b31bfbb418ed7e1147f602d1056d35ec8408.jpg,https://iiif.dl.itc.u-tokyo.ac.jp/repo/api/items/25235,"東京大学総合図書館 General Library in the University of Tokyo, JAPAN",http://iiif.io/api/presentation/2#rightToLeftDirection,,田中芳男・博物学コレクション,00000006,,https://iiif.dl.itc.u-tokyo.ac.jp/repo/iiif/c3f81395-eb01-43c2-a7ef-61a87abeb84d/manifest,,,,,71
捃拾帖 七,クンシュウジョウ 7,,,江戸土産 四 諸国之部,,第7冊,A00:6010,田中芳男,76,,,,,,,,https://www.lib.u-tokyo.ac.jp/ja/library/contents/archives-top/reuse,http://tify.sub.uni-goettingen.de/demo.html?manifest=https://archdataset.dl.itc.u-tokyo.ac.jp/manifest/c4c6cfea-78f1-4f43-ac2a-658cd230e9e0.json,c4c6cfea-78f1-4f43-ac2a-658cd230e9e0,https://iiif.dl.itc.u-tokyo.ac.jp/repo/s/tanaka,https://iiif.dl.itc.u-tokyo.ac.jp/repo/s/tanaka/document/c4c6cfea-78f1-4f43-ac2a-658cd230e9e0,https://iiif.dl.itc.u-tokyo.ac.jp/repo/files/medium/ee7ef7c8613cba2f713d35821b8deeebb3c2630e.jpg,https://iiif.dl.itc.u-tokyo.ac.jp/repo/api/items/25258,"東京大学総合図書館 General Library in the University of Tokyo, JAPAN",http://iiif.io/api/presentation/2#rightToLeftDirection,,田中芳男・博物学コレクション,00000007,,https://iiif.dl.itc.u-tokyo.ac.jp/repo/iiif/c4c6cfea-78f1-4f43-ac2a-658cd230e9e0/manifest,,,,,76
捃拾帖 八,クンシュウジョウ 8,,,大阪之部,,第8冊,A00:6010,田中芳男,30,,,,,,,,https://www.lib.u-tokyo.ac.jp/ja/library/contents/archives-top/reuse,http://tify.sub.uni-goettingen.de/demo.html?manifest=https://archdataset.dl.itc.u-tokyo.ac.jp/manifest/30e8938e-030b-4696-abfa-af83b744b5e3.json,30e8938e-030b-4696-abfa-af83b744b5e3,https://iiif.dl.itc.u-tokyo.ac.jp/repo/s/tanaka,https://iiif.dl.itc.u-tokyo.ac.jp/repo/s/tanaka/document/30e8938e-030b-4696-abfa-af83b744b5e3,https://iiif.dl.itc.u-tokyo.ac.jp/repo/files/medium/2cb0cd098b32be0593f933f647d362e804471ae4.jpg,https://iiif.dl.itc.u-tokyo.ac.jp/repo/api/items/25234,"東京大学総合図書館 General Library in the University of Tokyo, JAPAN",http://iiif.io/api/presentation/2#rightToLeftDirection,,田中芳男・博物学コレクション,00000008,,https://iiif.dl.itc.u-tokyo.ac.jp/repo/iiif/30e8938e-030b-4696-abfa-af83b744b5e3/manifest,,,,,30
捃拾帖 九,クンシュウジョウ 9,,,大阪之部,,第9冊,A00:6010,田中芳男,33,,折本。「表紙」「表面・見開き(2面)」「裏表紙」「裏面・見開き(2面)」の順番で撮影。,,,,,,https://www.lib.u-tokyo.ac.jp/ja/library/contents/archives-top/reuse,http://tify.sub.uni-goettingen.de/demo.html?manifest=https://archdataset.dl.itc.u-tokyo.ac.jp/manifest/ae3d341e-14cd-4903-bfe3-e101e4431eaa.json,ae3d341e-14cd-4903-bfe3-e101e4431eaa,https://iiif.dl.itc.u-tokyo.ac.jp/repo/s/tanaka,https://iiif.dl.itc.u-tokyo.ac.jp/repo/s/tanaka/document/ae3d341e-14cd-4903-bfe3-e101e4431eaa,https://iiif.dl.itc.u-tokyo.ac.jp/repo/files/medium/443d8de5255cee497b7db4049fa8320eb6bf114a.jpg,https://iiif.dl.itc.u-tokyo.ac.jp/repo/api/items/25197,"東京大学総合図書館 General Library in the University of Tokyo, JAPAN",http://iiif.io/api/presentation/2#rightToLeftDirection,,田中芳男・博物学コレクション,00000009,,https://iiif.dl.itc.u-tokyo.ac.jp/repo/iiif/ae3d341e-14cd-4903-bfe3-e101e4431eaa/manifest,,,,,33
捃拾帖 十,クンシュウジョウ 10,,,諸国之部,,第10冊,A00:6010,田中芳男,54,,,,,,,,https://www.lib.u-tokyo.ac.jp/ja/library/contents/archives-top/reuse,http://tify.sub.uni-goettingen.de/demo.html?manifest=https://archdataset.dl.itc.u-tokyo.ac.jp/manifest/d1c6c567-4bfa-464d-afd0-c70cbab52729.json,d1c6c567-4bfa-464d-afd0-c70cbab52729,https://iiif.dl.itc.u-tokyo.ac.jp/repo/s/tanaka,https://iiif.dl.itc.u-tokyo.ac.jp/repo/s/tanaka/document/d1c6c567-4bfa-464d-afd0-c70cbab52729,https://iiif.dl.itc.u-tokyo.ac.jp/repo/files/medium/40c8684c60791f977c3fa5a7f56f41b782739253.jpg,https://iiif.dl.itc.u-tokyo.ac.jp/repo/api/items/25226,"東京大学総合図書館 General Library in the University of Tokyo, JAPAN",http://iiif.io/api/presentation/2#rightToLeftDirection,,田中芳男・博物学コレクション,00000010,,https://iiif.dl.itc.u-tokyo.ac.jp/repo/iiif/d1c6c567-4bfa-464d-afd0-c70cbab52729/manifest,,,,,54
捃拾帖 十一,クンシュウジョウ 11,,,江戸土産 五 諸国之部,,第11冊,A00:6010,田中芳男,82,,,,,,,,https://www.lib.u-tokyo.ac.jp/ja/library/contents/archives-top/reuse,http://tify.sub.uni-goettingen.de/demo.html?manifest=https://archdataset.dl.itc.u-tokyo.ac.jp/manifest/d09a5554-d84d-4f0f-b6e9-102755e7c2fa.json,d09a5554-d84d-4f0f-b6e9-102755e7c2fa,https://iiif.dl.itc.u-tokyo.ac.jp/repo/s/tanaka,https://iiif.dl.itc.u-tokyo.ac.jp/repo/s/tanaka/document/d09a5554-d84d-4f0f-b6e9-102755e7c2fa,https://iiif.dl.itc.u-tokyo.ac.jp/repo/files/medium/f1c369fd1da6a460db673f0b9d464aea1bc3290c.jpg,https://iiif.dl.itc.u-tokyo.ac.jp/repo/api/items/25267,"東京大学総合図書館 General Library in the University of Tokyo, JAPAN",http://iiif.io/api/presentation/2#rightToLeftDirection,,田中芳男・博物学コレクション,00000011,,https://iiif.dl.itc.u-tokyo.ac.jp/repo/iiif/d09a5554-d84d-4f0f-b6e9-102755e7c2fa/manifest,,,,,82
捃拾帖 十二,クンシュウジョウ 12,,,明治四年春ヨリ 東京之部,,第12冊,A00:6010,田中芳男,78,,,,,,,,https://www.lib.u-tokyo.ac.jp/ja/library/contents/archives-top/reuse,http://tify.sub.uni-goettingen.de/demo.html?manifest=https://archdataset.dl.itc.u-tokyo.ac.jp/manifest/5e106c1e-aa24-46c6-ba69-3a5a289a73a5.json,5e106c1e-aa24-46c6-ba69-3a5a289a73a5,https://iiif.dl.itc.u-tokyo.ac.jp/repo/s/tanaka,https://iiif.dl.itc.u-tokyo.ac.jp/repo/s/tanaka/document/5e106c1e-aa24-46c6-ba69-3a5a289a73a5,https://iiif.dl.itc.u-tokyo.ac.jp/repo/files/medium/1d173dd5f1274f8a276f028ff41bf8c655b93e8a.jpg,https://iiif.dl.itc.u-tokyo.ac.jp/repo/api/items/25227,"東京大学総合図書館 General Library in the University of Tokyo, JAPAN",http://iiif.io/api/presentation/2#rightToLeftDirection,,田中芳男・博物学コレクション,00000012,,https://iiif.dl.itc.u-tokyo.ac.jp/repo/iiif/5e106c1e-aa24-46c6-ba69-3a5a289a73a5/manifest,,,,,78
捃拾帖 十三,クンシュウジョウ 13,,,明治四年春ヨリ 諸国之部并銅鐫図,,第13冊,A00:6010,田中芳男,45,,,,,,,,https://www.lib.u-tokyo.ac.jp/ja/library/contents/archives-top/reuse,http://tify.sub.uni-goettingen.de/demo.html?manifest=https://archdataset.dl.itc.u-tokyo.ac.jp/manifest/de25754d-12ff-4fd4-850c-976ec5651c8d.json,de25754d-12ff-4fd4-850c-976ec5651c8d,https://iiif.dl.itc.u-tokyo.ac.jp/repo/s/tanaka,https://iiif.dl.itc.u-tokyo.ac.jp/repo/s/tanaka/document/de25754d-12ff-4fd4-850c-976ec5651c8d,https://iiif.dl.itc.u-tokyo.ac.jp/repo/files/medium/191663a7fc31f0998572affe7ae329ccb3dcfc12.jpg,https://iiif.dl.itc.u-tokyo.ac.jp/repo/api/items/25256,"東京大学総合図書館 General Library in the University of Tokyo, JAPAN",http://iiif.io/api/presentation/2#rightToLeftDirection,,田中芳男・博物学コレクション,00000013,,https://iiif.dl.itc.u-tokyo.ac.jp/repo/iiif/de25754d-12ff-4fd4-850c-976ec5651c8d/manifest,,,,,45
捃拾帖 十四,クンシュウジョウ 14,,,(貼紙)「明治五年九月九日新橋横浜始乃冊」,,第14冊,A00:6010,田中芳男,55,,,,,,,,https://www.lib.u-tokyo.ac.jp/ja/library/contents/archives-top/reuse,http://tify.sub.uni-goettingen.de/demo.html?manifest=https://archdataset.dl.itc.u-tokyo.ac.jp/manifest/d31a5d15-afe1-411d-abaa-ed9263d5c800.json,d31a5d15-afe1-411d-abaa-ed9263d5c800,https://iiif.dl.itc.u-tokyo.ac.jp/repo/s/tanaka,https://iiif.dl.itc.u-tokyo.ac.jp/repo/s/tanaka/document/d31a5d15-afe1-411d-abaa-ed9263d5c800,https://iiif.dl.itc.u-tokyo.ac.jp/repo/files/medium/f3e1698244e15ddcebcdaea75fd98b60305d41ce.jpg,https://iiif.dl.itc.u-tokyo.ac.jp/repo/api/items/25251,"東京大学総合図書館 General Library in the University of Tokyo, JAPAN",http://iiif.io/api/presentation/2#rightToLeftDirection,,田中芳男・博物学コレクション,00000014,,https://iiif.dl.itc.u-tokyo.ac.jp/repo/iiif/d31a5d15-afe1-411d-abaa-ed9263d5c800/manifest,,,,,55
捃拾帖 十五,クンシュウジョウ 15,,,,,第15冊,A00:6010,田中芳男,82,,,,,,,,https://www.lib.u-tokyo.ac.jp/ja/library/contents/archives-top/reuse,http://tify.sub.uni-goettingen.de/demo.html?manifest=https://archdataset.dl.itc.u-tokyo.ac.jp/manifest/2c9e47b9-821a-42e1-84ed-9457929e7c7c.json,2c9e47b9-821a-42e1-84ed-9457929e7c7c,https://iiif.dl.itc.u-tokyo.ac.jp/repo/s/tanaka,https://iiif.dl.itc.u-tokyo.ac.jp/repo/s/tanaka/document/2c9e47b9-821a-42e1-84ed-9457929e7c7c,https://iiif.dl.itc.u-tokyo.ac.jp/repo/files/medium/186304294b966db74b16cdadb95e4a8a1f2e1d74.jpg,https://iiif.dl.itc.u-tokyo.ac.jp/repo/api/items/25203,"東京大学総合図書館 General Library in the University of Tokyo, JAPAN",http://iiif.io/api/presentation/2#rightToLeftDirection,,田中芳男・博物学コレクション,00000015,,https://iiif.dl.itc.u-tokyo.ac.jp/repo/iiif/2c9e47b9-821a-42e1-84ed-9457929e7c7c/manifest,,,,,82
捃拾帖 十六,クンシュウジョウ 16,,,,,第16冊,A00:6010,田中芳男,73,,,,,,,,https://www.lib.u-tokyo.ac.jp/ja/library/contents/archives-top/reuse,http://tify.sub.uni-goettingen.de/demo.html?manifest=https://archdataset.dl.itc.u-tokyo.ac.jp/manifest/39efadf4-2c5e-45e9-ac71-4fad6289c031.json,39efadf4-2c5e-45e9-ac71-4fad6289c031,https://iiif.dl.itc.u-tokyo.ac.jp/repo/s/tanaka,https://iiif.dl.itc.u-tokyo.ac.jp/repo/s/tanaka/document/39efadf4-2c5e-45e9-ac71-4fad6289c031,https://iiif.dl.itc.u-tokyo.ac.jp/repo/files/medium/fd3713bf6c9510d75834473665c7e5b229bcb36e.jpg,https://iiif.dl.itc.u-tokyo.ac.jp/repo/api/items/25217,"東京大学総合図書館 General Library in the University of Tokyo, JAPAN",http://iiif.io/api/presentation/2#rightToLeftDirection,,田中芳男・博物学コレクション,00000016,,https://iiif.dl.itc.u-tokyo.ac.jp/repo/iiif/39efadf4-2c5e-45e9-ac71-4fad6289c031/manifest,,,,,73
捃拾帖 十七,クンシュウジョウ 17,,,,,第17冊,A00:6010,田中芳男,89,,,,,,,,https://www.lib.u-tokyo.ac.jp/ja/library/contents/archives-top/reuse,http://tify.sub.uni-goettingen.de/demo.html?manifest=https://archdataset.dl.itc.u-tokyo.ac.jp/manifest/0fc5274d-3268-413b-9003-abf62990b767.json,0fc5274d-3268-413b-9003-abf62990b767,https://iiif.dl.itc.u-tokyo.ac.jp/repo/s/tanaka,https://iiif.dl.itc.u-tokyo.ac.jp/repo/s/tanaka/document/0fc5274d-3268-413b-9003-abf62990b767,https://iiif.dl.itc.u-tokyo.ac.jp/repo/files/medium/73c62e1c46500017a5e671ba7aa6fc036f5d9aba.jpg,https://iiif.dl.itc.u-tokyo.ac.jp/repo/api/items/25252,"東京大学総合図書館 General Library in the University of Tokyo, JAPAN",http://iiif.io/api/presentation/2#rightToLeftDirection,,田中芳男・博物学コレクション,00000017,,https://iiif.dl.itc.u-tokyo.ac.jp/repo/iiif/0fc5274d-3268-413b-9003-abf62990b767/manifest,,,,,89
捃拾帖 十八,クンシュウジョウ 18,,,十四年博覧会集ムル所及其外共 十六年三月張込,,第18冊,A00:6010,田中芳男,103,,,,,,,,https://www.lib.u-tokyo.ac.jp/ja/library/contents/archives-top/reuse,http://tify.sub.uni-goettingen.de/demo.html?manifest=https://archdataset.dl.itc.u-tokyo.ac.jp/manifest/f4a66780-da62-4519-8fcb-99e0f2e3cb01.json,f4a66780-da62-4519-8fcb-99e0f2e3cb01,https://iiif.dl.itc.u-tokyo.ac.jp/repo/s/tanaka,https://iiif.dl.itc.u-tokyo.ac.jp/repo/s/tanaka/document/f4a66780-da62-4519-8fcb-99e0f2e3cb01,https://iiif.dl.itc.u-tokyo.ac.jp/repo/files/medium/27113b022e1b1949c1e384f58bed3b0e49d81e5e.jpg,https://iiif.dl.itc.u-tokyo.ac.jp/repo/api/items/25233,"東京大学総合図書館 General Library in the University of Tokyo, JAPAN",http://iiif.io/api/presentation/2#rightToLeftDirection,,田中芳男・博物学コレクション,00000018,,https://iiif.dl.itc.u-tokyo.ac.jp/repo/iiif/f4a66780-da62-4519-8fcb-99e0f2e3cb01/manifest,,,,,103
捃拾帖 十九,クンシュウジョウ 19,,,十六年九月成,,第19冊,A00:6010,田中芳男,73,,,,,,,,https://www.lib.u-tokyo.ac.jp/ja/library/contents/archives-top/reuse,http://tify.sub.uni-goettingen.de/demo.html?manifest=https://archdataset.dl.itc.u-tokyo.ac.jp/manifest/87c6ab5d-eeb2-4b73-8c2c-8a6044b667de.json,87c6ab5d-eeb2-4b73-8c2c-8a6044b667de,https://iiif.dl.itc.u-tokyo.ac.jp/repo/s/tanaka,https://iiif.dl.itc.u-tokyo.ac.jp/repo/s/tanaka/document/87c6ab5d-eeb2-4b73-8c2c-8a6044b667de,https://iiif.dl.itc.u-tokyo.ac.jp/repo/files/medium/3595d7c69814f1533e6a433ba6a0c5def4044bef.jpg,https://iiif.dl.itc.u-tokyo.ac.jp/repo/api/items/25240,"東京大学総合図書館 General Library in the University of Tokyo, JAPAN",http://iiif.io/api/presentation/2#rightToLeftDirection,,田中芳男・博物学コレクション,00000019,,https://iiif.dl.itc.u-tokyo.ac.jp/repo/iiif/87c6ab5d-eeb2-4b73-8c2c-8a6044b667de/manifest,,,,,73
捃拾帖 二十,クンシュウジョウ 20,,,明治十七年三月迄之分貼附,,第20冊,A00:6010,田中芳男,95,,,,,,,,https://www.lib.u-tokyo.ac.jp/ja/library/contents/archives-top/reuse,http://tify.sub.uni-goettingen.de/demo.html?manifest=https://archdataset.dl.itc.u-tokyo.ac.jp/manifest/7261622d-75b5-494b-bd55-e56036845651.json,7261622d-75b5-494b-bd55-e56036845651,https://iiif.dl.itc.u-tokyo.ac.jp/repo/s/tanaka,https://iiif.dl.itc.u-tokyo.ac.jp/repo/s/tanaka/document/7261622d-75b5-494b-bd55-e56036845651,https://iiif.dl.itc.u-tokyo.ac.jp/repo/files/medium/c2995b2528b089a8c65ad47ac88c647d2da58542.jpg,https://iiif.dl.itc.u-tokyo.ac.jp/repo/api/items/25248,"東京大学総合図書館 General Library in the University of Tokyo, JAPAN",http://iiif.io/api/presentation/2#rightToLeftDirection,,田中芳男・博物学コレクション,00000020,,https://iiif.dl.itc.u-tokyo.ac.jp/repo/iiif/7261622d-75b5-494b-bd55-e56036845651/manifest,,,,,95
捃拾帖 二十一,クンシュウジョウ 21,,,明治十七年十一月ニ終ル,,第21冊,A00:6010,田中芳男,151,,,,,,,,https://www.lib.u-tokyo.ac.jp/ja/library/contents/archives-top/reuse,http://tify.sub.uni-goettingen.de/demo.html?manifest=https://archdataset.dl.itc.u-tokyo.ac.jp/manifest/9b04125a-2ce5-4910-b659-7ffc0080f62f.json,9b04125a-2ce5-4910-b659-7ffc0080f62f,https://iiif.dl.itc.u-tokyo.ac.jp/repo/s/tanaka,https://iiif.dl.itc.u-tokyo.ac.jp/repo/s/tanaka/document/9b04125a-2ce5-4910-b659-7ffc0080f62f,https://iiif.dl.itc.u-tokyo.ac.jp/repo/files/medium/893f3a16c1f7852b7aa9b8c3515d522685ccfb72.jpg,https://iiif.dl.itc.u-tokyo.ac.jp/repo/api/items/25231,"東京大学総合図書館 General Library in the University of Tokyo, JAPAN",http://iiif.io/api/presentation/2#rightToLeftDirection,,田中芳男・博物学コレクション,00000021,,https://iiif.dl.itc.u-tokyo.ac.jp/repo/iiif/9b04125a-2ce5-4910-b659-7ffc0080f62f/manifest,,,,,151
捃拾帖 二十二,クンシュウジョウ 22,,,明治十八年十月ニ終ル,,第22冊,A00:6010,田中芳男,146,,,,,,,,https://www.lib.u-tokyo.ac.jp/ja/library/contents/archives-top/reuse,http://tify.sub.uni-goettingen.de/demo.html?manifest=https://archdataset.dl.itc.u-tokyo.ac.jp/manifest/58dd4258-e1ea-4561-8f0d-a13be6649b12.json,58dd4258-e1ea-4561-8f0d-a13be6649b12,https://iiif.dl.itc.u-tokyo.ac.jp/repo/s/tanaka,https://iiif.dl.itc.u-tokyo.ac.jp/repo/s/tanaka/document/58dd4258-e1ea-4561-8f0d-a13be6649b12,https://iiif.dl.itc.u-tokyo.ac.jp/repo/files/medium/6044fe92d0687c9c8d15f653bdf0f7e821f11f0b.jpg,https://iiif.dl.itc.u-tokyo.ac.jp/repo/api/items/25253,"東京大学総合図書館 General Library in the University of Tokyo, JAPAN",http://iiif.io/api/presentation/2#rightToLeftDirection,,田中芳男・博物学コレクション,00000022,,https://iiif.dl.itc.u-tokyo.ac.jp/repo/iiif/58dd4258-e1ea-4561-8f0d-a13be6649b12/manifest,,,,,146
捃拾帖 二十三,クンシュウジョウ 23,,,明治十八年ヨリ同十九年迄,,第23冊,A00:6010,田中芳男,123,,,,,,,,https://www.lib.u-tokyo.ac.jp/ja/library/contents/archives-top/reuse,http://tify.sub.uni-goettingen.de/demo.html?manifest=https://archdataset.dl.itc.u-tokyo.ac.jp/manifest/b5421e75-a38d-46fc-bb4b-c3c4228655db.json,b5421e75-a38d-46fc-bb4b-c3c4228655db,https://iiif.dl.itc.u-tokyo.ac.jp/repo/s/tanaka,https://iiif.dl.itc.u-tokyo.ac.jp/repo/s/tanaka/document/b5421e75-a38d-46fc-bb4b-c3c4228655db,https://iiif.dl.itc.u-tokyo.ac.jp/repo/files/medium/f0a94689fe0c9e0de82bc45ec613b81f524ddf8b.jpg,https://iiif.dl.itc.u-tokyo.ac.jp/repo/api/items/25225,"東京大学総合図書館 General Library in the University of Tokyo, JAPAN",http://iiif.io/api/presentation/2#rightToLeftDirection,,田中芳男・博物学コレクション,00000023,,https://iiif.dl.itc.u-tokyo.ac.jp/repo/iiif/b5421e75-a38d-46fc-bb4b-c3c4228655db/manifest,,,,,123
捃拾帖 二十四,クンシュウジョウ 24,,,明治十九年,,第24冊,A00:6010,田中芳男,83,,,,,,,,https://www.lib.u-tokyo.ac.jp/ja/library/contents/archives-top/reuse,http://tify.sub.uni-goettingen.de/demo.html?manifest=https://archdataset.dl.itc.u-tokyo.ac.jp/manifest/a78aa5da-a3eb-4639-b4cc-86b458f9d2a5.json,a78aa5da-a3eb-4639-b4cc-86b458f9d2a5,https://iiif.dl.itc.u-tokyo.ac.jp/repo/s/tanaka,https://iiif.dl.itc.u-tokyo.ac.jp/repo/s/tanaka/document/a78aa5da-a3eb-4639-b4cc-86b458f9d2a5,https://iiif.dl.itc.u-tokyo.ac.jp/repo/files/medium/ec40427cb5637bd41dce4234ada7e1e547af2b9b.jpg,https://iiif.dl.itc.u-tokyo.ac.jp/repo/api/items/25181,"東京大学総合図書館 General Library in the University of Tokyo, JAPAN",http://iiif.io/api/presentation/2#rightToLeftDirection,,田中芳男・博物学コレクション,00000024,,https://iiif.dl.itc.u-tokyo.ac.jp/repo/iiif/a78aa5da-a3eb-4639-b4cc-86b458f9d2a5/manifest,,,,,83
捃拾帖 二十五,クンシュウジョウ 25,,,明治十九年ヨリ同二十年マデ,,第25冊,A00:6010,田中芳男,99,,,,,,,,https://www.lib.u-tokyo.ac.jp/ja/library/contents/archives-top/reuse,http://tify.sub.uni-goettingen.de/demo.html?manifest=https://archdataset.dl.itc.u-tokyo.ac.jp/manifest/ae79a1ed-6f7a-4da5-85b0-4394cc6e7351.json,ae79a1ed-6f7a-4da5-85b0-4394cc6e7351,https://iiif.dl.itc.u-tokyo.ac.jp/repo/s/tanaka,https://iiif.dl.itc.u-tokyo.ac.jp/repo/s/tanaka/document/ae79a1ed-6f7a-4da5-85b0-4394cc6e7351,https://iiif.dl.itc.u-tokyo.ac.jp/repo/files/medium/f4db80f1c49df1550076adfe6d6a70a3c0e5d5ee.jpg,https://iiif.dl.itc.u-tokyo.ac.jp/repo/api/items/25249,"東京大学総合図書館 General Library in the University of Tokyo, JAPAN",http://iiif.io/api/presentation/2#rightToLeftDirection,,田中芳男・博物学コレクション,00000025,,https://iiif.dl.itc.u-tokyo.ac.jp/repo/iiif/ae79a1ed-6f7a-4da5-85b0-4394cc6e7351/manifest,,,,,99
捃拾帖 二十六,クンシュウジョウ 26,,,明治二十年,,第26冊,A00:6010,田中芳男,85,,,,,,,,https://www.lib.u-tokyo.ac.jp/ja/library/contents/archives-top/reuse,http://tify.sub.uni-goettingen.de/demo.html?manifest=https://archdataset.dl.itc.u-tokyo.ac.jp/manifest/5f1aaff5-7454-4d4e-b1dd-80662ea489ee.json,5f1aaff5-7454-4d4e-b1dd-80662ea489ee,https://iiif.dl.itc.u-tokyo.ac.jp/repo/s/tanaka,https://iiif.dl.itc.u-tokyo.ac.jp/repo/s/tanaka/document/5f1aaff5-7454-4d4e-b1dd-80662ea489ee,https://iiif.dl.itc.u-tokyo.ac.jp/repo/files/medium/bff57316e4a0b66ca6502ce378763b7d872e1336.jpg,https://iiif.dl.itc.u-tokyo.ac.jp/repo/api/items/25185,"東京大学総合図書館 General Library in the University of Tokyo, JAPAN",http://iiif.io/api/presentation/2#rightToLeftDirection,,田中芳男・博物学コレクション,00000026,,https://iiif.dl.itc.u-tokyo.ac.jp/repo/iiif/5f1aaff5-7454-4d4e-b1dd-80662ea489ee/manifest,,,,,85
捃拾帖 二十七,クンシュウジョウ 27,,,明治二十年ヨリ同二十一年マデ,,第27冊,A00:6010,田中芳男,81,,,,,,,,https://www.lib.u-tokyo.ac.jp/ja/library/contents/archives-top/reuse,http://tify.sub.uni-goettingen.de/demo.html?manifest=https://archdataset.dl.itc.u-tokyo.ac.jp/manifest/aec0992d-92cc-475e-960d-6913be247e5d.json,aec0992d-92cc-475e-960d-6913be247e5d,https://iiif.dl.itc.u-tokyo.ac.jp/repo/s/tanaka,https://iiif.dl.itc.u-tokyo.ac.jp/repo/s/tanaka/document/aec0992d-92cc-475e-960d-6913be247e5d,https://iiif.dl.itc.u-tokyo.ac.jp/repo/files/medium/5cb2c96c04e3c245cb7fae113fb5686299e5b31e.jpg,https://iiif.dl.itc.u-tokyo.ac.jp/repo/api/items/25188,"東京大学総合図書館 General Library in the University of Tokyo, JAPAN",http://iiif.io/api/presentation/2#rightToLeftDirection,,田中芳男・博物学コレクション,00000027,,https://iiif.dl.itc.u-tokyo.ac.jp/repo/iiif/aec0992d-92cc-475e-960d-6913be247e5d/manifest,,,,,81
捃拾帖 二十八,クンシュウジョウ 28,,,明治二十一年,,第28冊,A00:6010,田中芳男,122,,,,,,,,https://www.lib.u-tokyo.ac.jp/ja/library/contents/archives-top/reuse,http://tify.sub.uni-goettingen.de/demo.html?manifest=https://archdataset.dl.itc.u-tokyo.ac.jp/manifest/fddf3c29-660a-42af-939e-9422225b6ab6.json,fddf3c29-660a-42af-939e-9422225b6ab6,https://iiif.dl.itc.u-tokyo.ac.jp/repo/s/tanaka,https://iiif.dl.itc.u-tokyo.ac.jp/repo/s/tanaka/document/fddf3c29-660a-42af-939e-9422225b6ab6,https://iiif.dl.itc.u-tokyo.ac.jp/repo/files/medium/273fd153e98484c90f80c6c7726991408fd20018.jpg,https://iiif.dl.itc.u-tokyo.ac.jp/repo/api/items/25257,"東京大学総合図書館 General Library in the University of Tokyo, JAPAN",http://iiif.io/api/presentation/2#rightToLeftDirection,,田中芳男・博物学コレクション,00000028,,https://iiif.dl.itc.u-tokyo.ac.jp/repo/iiif/fddf3c29-660a-42af-939e-9422225b6ab6/manifest,,,,,122
捃拾帖 二十九,クンシュウジョウ 29,,,明治二十二年一月ヨリ,,第29冊,A00:6010,田中芳男,86,,,,,,,,https://www.lib.u-tokyo.ac.jp/ja/library/contents/archives-top/reuse,http://tify.sub.uni-goettingen.de/demo.html?manifest=https://archdataset.dl.itc.u-tokyo.ac.jp/manifest/ca3f01bb-cefe-40fd-bbf6-d50aa9a0f530.json,ca3f01bb-cefe-40fd-bbf6-d50aa9a0f530,https://iiif.dl.itc.u-tokyo.ac.jp/repo/s/tanaka,https://iiif.dl.itc.u-tokyo.ac.jp/repo/s/tanaka/document/ca3f01bb-cefe-40fd-bbf6-d50aa9a0f530,https://iiif.dl.itc.u-tokyo.ac.jp/repo/files/medium/bf4f31b6a2cb8e5b8b1df6abcdbdee867bfb8a79.jpg,https://iiif.dl.itc.u-tokyo.ac.jp/repo/api/items/25250,"東京大学総合図書館 General Library in the University of Tokyo, JAPAN",http://iiif.io/api/presentation/2#rightToLeftDirection,,田中芳男・博物学コレクション,00000029,,https://iiif.dl.itc.u-tokyo.ac.jp/repo/iiif/ca3f01bb-cefe-40fd-bbf6-d50aa9a0f530/manifest,,,,,86
捃拾帖 三十甲,クンシュウジョウ 30コウ,,,明治二十二年度ノ袋中ニアリシモノヲ貼ス 其中雑駁ナルモノアルモ惣テ貼附ス 但シ年子ノ分明ナルモノハ遡リテ其年頃ニ収ム 大正三年二月■日,,第30冊,A00:6010,田中芳男,133,,,,,,,,https://www.lib.u-tokyo.ac.jp/ja/library/contents/archives-top/reuse,http://tify.sub.uni-goettingen.de/demo.html?manifest=https://archdataset.dl.itc.u-tokyo.ac.jp/manifest/0364c8f6-cc96-4e7e-9d12-b315d15b1970.json,0364c8f6-cc96-4e7e-9d12-b315d15b1970,https://iiif.dl.itc.u-tokyo.ac.jp/repo/s/tanaka,https://iiif.dl.itc.u-tokyo.ac.jp/repo/s/tanaka/document/0364c8f6-cc96-4e7e-9d12-b315d15b1970,https://iiif.dl.itc.u-tokyo.ac.jp/repo/files/medium/05f6bb66210114f983dfbcf05f347be32de106f1.jpg,https://iiif.dl.itc.u-tokyo.ac.jp/repo/api/items/25244,"東京大学総合図書館 General Library in the University of Tokyo, JAPAN",http://iiif.io/api/presentation/2#rightToLeftDirection,,田中芳男・博物学コレクション,00000030,,https://iiif.dl.itc.u-tokyo.ac.jp/repo/iiif/0364c8f6-cc96-4e7e-9d12-b315d15b1970/manifest,,,,,133
捃拾帖 三十乙,クンシュウジョウ 30オツ,,,明治二十二、二十三△、二十四年〇頃 △第三回博覧会 〇伊勢出張ノ際 大正三年一月修補綴成,,第31冊,A00:6010,田中芳男,303,,,,,,,,https://www.lib.u-tokyo.ac.jp/ja/library/contents/archives-top/reuse,http://tify.sub.uni-goettingen.de/demo.html?manifest=https://archdataset.dl.itc.u-tokyo.ac.jp/manifest/7f91ae1e-6ffa-4681-bb0f-862be1bd1cb0.json,7f91ae1e-6ffa-4681-bb0f-862be1bd1cb0,https://iiif.dl.itc.u-tokyo.ac.jp/repo/s/tanaka,https://iiif.dl.itc.u-tokyo.ac.jp/repo/s/tanaka/document/7f91ae1e-6ffa-4681-bb0f-862be1bd1cb0,https://iiif.dl.itc.u-tokyo.ac.jp/repo/files/medium/6f8581c9aef3030fe4c3d9ec1a8b5a0bfe02a501.jpg,https://iiif.dl.itc.u-tokyo.ac.jp/repo/api/items/25201,"東京大学総合図書館 General Library in the University of Tokyo, JAPAN",http://iiif.io/api/presentation/2#rightToLeftDirection,,田中芳男・博物学コレクション,00000031,,https://iiif.dl.itc.u-tokyo.ac.jp/repo/iiif/7f91ae1e-6ffa-4681-bb0f-862be1bd1cb0/manifest,,,,,303
捃拾帖 三十一,クンシュウジョウ 31,,,明治二十四年分,,第32冊,A00:6010,田中芳男,228,,,,,,,,https://www.lib.u-tokyo.ac.jp/ja/library/contents/archives-top/reuse,http://tify.sub.uni-goettingen.de/demo.html?manifest=https://archdataset.dl.itc.u-tokyo.ac.jp/manifest/f8bc0d0d-1efe-459e-bab0-720d34e23ac2.json,f8bc0d0d-1efe-459e-bab0-720d34e23ac2,https://iiif.dl.itc.u-tokyo.ac.jp/repo/s/tanaka,https://iiif.dl.itc.u-tokyo.ac.jp/repo/s/tanaka/document/f8bc0d0d-1efe-459e-bab0-720d34e23ac2,https://iiif.dl.itc.u-tokyo.ac.jp/repo/files/medium/9238954afb642438a180fd0b09664b5b1edf99f8.jpg,https://iiif.dl.itc.u-tokyo.ac.jp/repo/api/items/25202,"東京大学総合図書館 General Library in the University of Tokyo, JAPAN",http://iiif.io/api/presentation/2#rightToLeftDirection,,田中芳男・博物学コレクション,00000032,,https://iiif.dl.itc.u-tokyo.ac.jp/repo/iiif/f8bc0d0d-1efe-459e-bab0-720d34e23ac2/manifest,,,,,228
捃拾帖 三十二,クンシュウジョウ 32,,,明治二十五年,,第33冊,A00:6010,田中芳男,136,,,,,,,,https://www.lib.u-tokyo.ac.jp/ja/library/contents/archives-top/reuse,http://tify.sub.uni-goettingen.de/demo.html?manifest=https://archdataset.dl.itc.u-tokyo.ac.jp/manifest/169317bc-a601-437b-b670-c3ac2d48c028.json,169317bc-a601-437b-b670-c3ac2d48c028,https://iiif.dl.itc.u-tokyo.ac.jp/repo/s/tanaka,https://iiif.dl.itc.u-tokyo.ac.jp/repo/s/tanaka/document/169317bc-a601-437b-b670-c3ac2d48c028,https://iiif.dl.itc.u-tokyo.ac.jp/repo/files/medium/8f40b72cab5f2b4e0374be48188bdf53ca799473.jpg,https://iiif.dl.itc.u-tokyo.ac.jp/repo/api/items/25245,"東京大学総合図書館 General Library in the University of Tokyo, JAPAN",http://iiif.io/api/presentation/2#rightToLeftDirection,,田中芳男・博物学コレクション,00000033,,https://iiif.dl.itc.u-tokyo.ac.jp/repo/iiif/169317bc-a601-437b-b670-c3ac2d48c028/manifest,,,,,136
捃拾帖 三十三,クンシュウジョウ 33,,,明治二十六年分,,第34冊,A00:6010,田中芳男,270,,,,,,,,https://www.lib.u-tokyo.ac.jp/ja/library/contents/archives-top/reuse,http://tify.sub.uni-goettingen.de/demo.html?manifest=https://archdataset.dl.itc.u-tokyo.ac.jp/manifest/807028c6-85e6-46e7-8f3a-a78723e58996.json,807028c6-85e6-46e7-8f3a-a78723e58996,https://iiif.dl.itc.u-tokyo.ac.jp/repo/s/tanaka,https://iiif.dl.itc.u-tokyo.ac.jp/repo/s/tanaka/document/807028c6-85e6-46e7-8f3a-a78723e58996,https://iiif.dl.itc.u-tokyo.ac.jp/repo/files/medium/b14dac3f6c3f8fa28eb507fdbe265fe79b391968.jpg,https://iiif.dl.itc.u-tokyo.ac.jp/repo/api/items/25271,"東京大学総合図書館 General Library in the University of Tokyo, JAPAN",http://iiif.io/api/presentation/2#rightToLeftDirection,,田中芳男・博物学コレクション,00000034,,https://iiif.dl.itc.u-tokyo.ac.jp/repo/iiif/807028c6-85e6-46e7-8f3a-a78723e58996/manifest,,,,,270
捃拾帖 三十四,クンシュウジョウ 34,,,明治二十七年分,,第35冊,A00:6010,田中芳男,144,,,,,,,,https://www.lib.u-tokyo.ac.jp/ja/library/contents/archives-top/reuse,http://tify.sub.uni-goettingen.de/demo.html?manifest=https://archdataset.dl.itc.u-tokyo.ac.jp/manifest/d613637d-cf29-4f4f-9857-06c49e490fd3.json,d613637d-cf29-4f4f-9857-06c49e490fd3,https://iiif.dl.itc.u-tokyo.ac.jp/repo/s/tanaka,https://iiif.dl.itc.u-tokyo.ac.jp/repo/s/tanaka/document/d613637d-cf29-4f4f-9857-06c49e490fd3,https://iiif.dl.itc.u-tokyo.ac.jp/repo/files/medium/6bff4db27bd9de71fdf89c9e5a56b9e681cf1108.jpg,https://iiif.dl.itc.u-tokyo.ac.jp/repo/api/items/25195,"東京大学総合図書館 General Library in the University of Tokyo, JAPAN",http://iiif.io/api/presentation/2#rightToLeftDirection,,田中芳男・博物学コレクション,00000035,,https://iiif.dl.itc.u-tokyo.ac.jp/repo/iiif/d613637d-cf29-4f4f-9857-06c49e490fd3/manifest,,,,,144
捃拾帖 三十五,クンシュウジョウ 35,,,明治二十八年分,,第36冊,A00:6010,田中芳男,183,,,,,,,,https://www.lib.u-tokyo.ac.jp/ja/library/contents/archives-top/reuse,http://tify.sub.uni-goettingen.de/demo.html?manifest=https://archdataset.dl.itc.u-tokyo.ac.jp/manifest/143ad571-fcb2-4413-85f4-99a8e7dee319.json,143ad571-fcb2-4413-85f4-99a8e7dee319,https://iiif.dl.itc.u-tokyo.ac.jp/repo/s/tanaka,https://iiif.dl.itc.u-tokyo.ac.jp/repo/s/tanaka/document/143ad571-fcb2-4413-85f4-99a8e7dee319,https://iiif.dl.itc.u-tokyo.ac.jp/repo/files/medium/5d809ba3bc3abc8f63f22026ff28ad097713e071.jpg,https://iiif.dl.itc.u-tokyo.ac.jp/repo/api/items/25275,"東京大学総合図書館 General Library in the University of Tokyo, JAPAN",http://iiif.io/api/presentation/2#rightToLeftDirection,,田中芳男・博物学コレクション,00000036,,https://iiif.dl.itc.u-tokyo.ac.jp/repo/iiif/143ad571-fcb2-4413-85f4-99a8e7dee319/manifest,,,,,183
捃拾帖 三十六,クンシュウジョウ 36,,,明治二十九年分,,第37冊,A00:6010,田中芳男,153,,,,,,,,https://www.lib.u-tokyo.ac.jp/ja/library/contents/archives-top/reuse,http://tify.sub.uni-goettingen.de/demo.html?manifest=https://archdataset.dl.itc.u-tokyo.ac.jp/manifest/25db717b-2e9f-4da6-ae19-f11769447250.json,25db717b-2e9f-4da6-ae19-f11769447250,https://iiif.dl.itc.u-tokyo.ac.jp/repo/s/tanaka,https://iiif.dl.itc.u-tokyo.ac.jp/repo/s/tanaka/document/25db717b-2e9f-4da6-ae19-f11769447250,https://iiif.dl.itc.u-tokyo.ac.jp/repo/files/medium/bc3c936fdbb54165d2deeaeb7f8dd26172136d4a.jpg,https://iiif.dl.itc.u-tokyo.ac.jp/repo/api/items/25247,"東京大学総合図書館 General Library in the University of Tokyo, JAPAN",http://iiif.io/api/presentation/2#rightToLeftDirection,,田中芳男・博物学コレクション,00000037,,https://iiif.dl.itc.u-tokyo.ac.jp/repo/iiif/25db717b-2e9f-4da6-ae19-f11769447250/manifest,,,,,153
捃拾帖 三十七,クンシュウジョウ 37,,,明治三十年前後集ムル所ノ小形ノ者ヲ貼附ス 別ニ甲乙丙丁ト大冊トノ外ナルモ時代ハ較似タリ戊ト■ズ■■ 四十四年八月二十二日整理了ル翌日綴成 田芳,,第38冊,A00:6010,田中芳男,174,,,,,,,,https://www.lib.u-tokyo.ac.jp/ja/library/contents/archives-top/reuse,http://tify.sub.uni-goettingen.de/demo.html?manifest=https://archdataset.dl.itc.u-tokyo.ac.jp/manifest/8e7b55c0-dfce-4166-aca9-57a58f873c67.json,8e7b55c0-dfce-4166-aca9-57a58f873c67,https://iiif.dl.itc.u-tokyo.ac.jp/repo/s/tanaka,https://iiif.dl.itc.u-tokyo.ac.jp/repo/s/tanaka/document/8e7b55c0-dfce-4166-aca9-57a58f873c67,https://iiif.dl.itc.u-tokyo.ac.jp/repo/files/medium/5dc075151afcf49e1261512c8f419df7c3d177ba.jpg,https://iiif.dl.itc.u-tokyo.ac.jp/repo/api/items/25264,"東京大学総合図書館 General Library in the University of Tokyo, JAPAN",http://iiif.io/api/presentation/2#rightToLeftDirection,,田中芳男・博物学コレクション,00000038,,https://iiif.dl.itc.u-tokyo.ac.jp/repo/iiif/8e7b55c0-dfce-4166-aca9-57a58f873c67/manifest,,,,,174
捃拾帖 (丁)三十八,クンシュウジョウ (テイ)38,,,従前ヨリ貯フ所ヲ一時ニ整理シテ貼附スル四冊ノ一別ニ大冊一アリ 四四、八、一二 成,,第39冊,A00:6010,田中芳男,214,,,,,,,,https://www.lib.u-tokyo.ac.jp/ja/library/contents/archives-top/reuse,http://tify.sub.uni-goettingen.de/demo.html?manifest=https://archdataset.dl.itc.u-tokyo.ac.jp/manifest/2d522f09-a944-4348-afcc-69cf87e9dae4.json,2d522f09-a944-4348-afcc-69cf87e9dae4,https://iiif.dl.itc.u-tokyo.ac.jp/repo/s/tanaka,https://iiif.dl.itc.u-tokyo.ac.jp/repo/s/tanaka/document/2d522f09-a944-4348-afcc-69cf87e9dae4,https://iiif.dl.itc.u-tokyo.ac.jp/repo/files/medium/cb76d30385add9e30be2d70b08fe4b7647cb5df4.jpg,https://iiif.dl.itc.u-tokyo.ac.jp/repo/api/items/25229,"東京大学総合図書館 General Library in the University of Tokyo, JAPAN",http://iiif.io/api/presentation/2#rightToLeftDirection,,田中芳男・博物学コレクション,00000039,,https://iiif.dl.itc.u-tokyo.ac.jp/repo/iiif/2d522f09-a944-4348-afcc-69cf87e9dae4/manifest,,,,,214
捃拾帖 (丙)三十九,クンシュウジョウ (ヘイ)39,,,従前ヨリ貯フ所ヲ一時ニ整理シテ貼附スル四冊ノ一別ニ大冊一アリ 四四、八、一二、成,,第40冊,A00:6010,田中芳男,197,,,,,,,,https://www.lib.u-tokyo.ac.jp/ja/library/contents/archives-top/reuse,http://tify.sub.uni-goettingen.de/demo.html?manifest=https://archdataset.dl.itc.u-tokyo.ac.jp/manifest/2b1f5a0c-f86d-4841-ad50-506537a03310.json,2b1f5a0c-f86d-4841-ad50-506537a03310,https://iiif.dl.itc.u-tokyo.ac.jp/repo/s/tanaka,https://iiif.dl.itc.u-tokyo.ac.jp/repo/s/tanaka/document/2b1f5a0c-f86d-4841-ad50-506537a03310,https://iiif.dl.itc.u-tokyo.ac.jp/repo/files/medium/4c751c6c5667184be92219e241a622551732f78a.jpg,https://iiif.dl.itc.u-tokyo.ac.jp/repo/api/items/25259,"東京大学総合図書館 General Library in the University of Tokyo, JAPAN",http://iiif.io/api/presentation/2#rightToLeftDirection,,田中芳男・博物学コレクション,00000040,,https://iiif.dl.itc.u-tokyo.ac.jp/repo/iiif/2b1f5a0c-f86d-4841-ad50-506537a03310/manifest,,,,,197
捃拾帖 (乙)四十,クンシュウジョウ (オツ)40,,,従前ヨリ貯フ所ヲ一時ニ整理シテ貼附スル四冊ノ一別ニ大冊一アリ 四四、八、一二 成,,第41冊,A00:6010,田中芳男,168,,,,,,,,https://www.lib.u-tokyo.ac.jp/ja/library/contents/archives-top/reuse,http://tify.sub.uni-goettingen.de/demo.html?manifest=https://archdataset.dl.itc.u-tokyo.ac.jp/manifest/29ce9528-b3c8-475b-8d40-74cb99083cae.json,29ce9528-b3c8-475b-8d40-74cb99083cae,https://iiif.dl.itc.u-tokyo.ac.jp/repo/s/tanaka,https://iiif.dl.itc.u-tokyo.ac.jp/repo/s/tanaka/document/29ce9528-b3c8-475b-8d40-74cb99083cae,https://iiif.dl.itc.u-tokyo.ac.jp/repo/files/medium/74ac32f3cdd1f3f1a85dda589f1bb82106046aa2.jpg,https://iiif.dl.itc.u-tokyo.ac.jp/repo/api/items/25209,"東京大学総合図書館 General Library in the University of Tokyo, JAPAN",http://iiif.io/api/presentation/2#rightToLeftDirection,,田中芳男・博物学コレクション,00000041,,https://iiif.dl.itc.u-tokyo.ac.jp/repo/iiif/29ce9528-b3c8-475b-8d40-74cb99083cae/manifest,,,,,168
捃拾帖 (甲)四一,クンシュウジョウ (コウ)41,,,従前ヨリ貯フ所ヲ一時ニ整理シテ貼附スル四冊ノ一別ニ大冊一アリ 四四、八、一二、成,,第42冊,A00:6010,田中芳男,333,,,,,,,,https://www.lib.u-tokyo.ac.jp/ja/library/contents/archives-top/reuse,http://tify.sub.uni-goettingen.de/demo.html?manifest=https://archdataset.dl.itc.u-tokyo.ac.jp/manifest/d50ddf55-64e5-4f37-9388-ca176be0ba5b.json,d50ddf55-64e5-4f37-9388-ca176be0ba5b,https://iiif.dl.itc.u-tokyo.ac.jp/repo/s/tanaka,https://iiif.dl.itc.u-tokyo.ac.jp/repo/s/tanaka/document/d50ddf55-64e5-4f37-9388-ca176be0ba5b,https://iiif.dl.itc.u-tokyo.ac.jp/repo/files/medium/b91c10f7b96cd8cfe0b22b493aa6175ec993d5f0.jpg,https://iiif.dl.itc.u-tokyo.ac.jp/repo/api/items/25255,"東京大学総合図書館 General Library in the University of Tokyo, JAPAN",http://iiif.io/api/presentation/2#rightToLeftDirection,,田中芳男・博物学コレクション,00000042,,https://iiif.dl.itc.u-tokyo.ac.jp/repo/iiif/d50ddf55-64e5-4f37-9388-ca176be0ba5b/manifest,,,,,333
捃拾帖 四二,クンシュウジョウ 42,,,明治三十一年ヨリ同三十二年迄 八月貼附了,,第43冊,A00:6010,田中芳男,166,,,,,,,,https://www.lib.u-tokyo.ac.jp/ja/library/contents/archives-top/reuse,http://tify.sub.uni-goettingen.de/demo.html?manifest=https://archdataset.dl.itc.u-tokyo.ac.jp/manifest/8ca2356e-ccde-4403-891e-c3817926a2ca.json,8ca2356e-ccde-4403-891e-c3817926a2ca,https://iiif.dl.itc.u-tokyo.ac.jp/repo/s/tanaka,https://iiif.dl.itc.u-tokyo.ac.jp/repo/s/tanaka/document/8ca2356e-ccde-4403-891e-c3817926a2ca,https://iiif.dl.itc.u-tokyo.ac.jp/repo/files/medium/3a321d8876a5f6d9a40545737027a2f231860cc1.jpg,https://iiif.dl.itc.u-tokyo.ac.jp/repo/api/items/25206,"東京大学総合図書館 General Library in the University of Tokyo, JAPAN",http://iiif.io/api/presentation/2#rightToLeftDirection,,田中芳男・博物学コレクション,00000043,,https://iiif.dl.itc.u-tokyo.ac.jp/repo/iiif/8ca2356e-ccde-4403-891e-c3817926a2ca/manifest,,,,,166
捃拾帖 四三,クンシュウジョウ 43,,,明治三十二年貼附成,,第44冊,A00:6010,田中芳男,189,,,,,,,,https://www.lib.u-tokyo.ac.jp/ja/library/contents/archives-top/reuse,http://tify.sub.uni-goettingen.de/demo.html?manifest=https://archdataset.dl.itc.u-tokyo.ac.jp/manifest/6933f8b6-8c8d-40d7-80b2-8f2df5198638.json,6933f8b6-8c8d-40d7-80b2-8f2df5198638,https://iiif.dl.itc.u-tokyo.ac.jp/repo/s/tanaka,https://iiif.dl.itc.u-tokyo.ac.jp/repo/s/tanaka/document/6933f8b6-8c8d-40d7-80b2-8f2df5198638,https://iiif.dl.itc.u-tokyo.ac.jp/repo/files/medium/84ddcc1283d75960481ee1b0e196ae9d570ed650.jpg,https://iiif.dl.itc.u-tokyo.ac.jp/repo/api/items/25184,"東京大学総合図書館 General Library in the University of Tokyo, JAPAN",http://iiif.io/api/presentation/2#rightToLeftDirection,,田中芳男・博物学コレクション,00000044,,https://iiif.dl.itc.u-tokyo.ac.jp/repo/iiif/6933f8b6-8c8d-40d7-80b2-8f2df5198638/manifest,,,,,189
捃拾帖 四四,クンシュウジョウ 44,,,,,第45冊,A00:6010,田中芳男,162,,,,,,,,https://www.lib.u-tokyo.ac.jp/ja/library/contents/archives-top/reuse,http://tify.sub.uni-goettingen.de/demo.html?manifest=https://archdataset.dl.itc.u-tokyo.ac.jp/manifest/efe2f570-44bd-4d67-8eac-96047a0d87ed.json,efe2f570-44bd-4d67-8eac-96047a0d87ed,https://iiif.dl.itc.u-tokyo.ac.jp/repo/s/tanaka,https://iiif.dl.itc.u-tokyo.ac.jp/repo/s/tanaka/document/efe2f570-44bd-4d67-8eac-96047a0d87ed,https://iiif.dl.itc.u-tokyo.ac.jp/repo/files/medium/1571aaebbd640151d7640ad863c95f38ed18d8b1.jpg,https://iiif.dl.itc.u-tokyo.ac.jp/repo/api/items/25212,"東京大学総合図書館 General Library in the University of Tokyo, JAPAN",http://iiif.io/api/presentation/2#rightToLeftDirection,,田中芳男・博物学コレクション,00000045,,https://iiif.dl.itc.u-tokyo.ac.jp/repo/iiif/efe2f570-44bd-4d67-8eac-96047a0d87ed/manifest,,,,,162
捃拾帖 四五,クンシュウジョウ 45,,,,,第46冊,A00:6010,田中芳男,115,,,,,,,,https://www.lib.u-tokyo.ac.jp/ja/library/contents/archives-top/reuse,http://tify.sub.uni-goettingen.de/demo.html?manifest=https://archdataset.dl.itc.u-tokyo.ac.jp/manifest/276aa11d-2300-4195-aecd-ae748e2d838c.json,276aa11d-2300-4195-aecd-ae748e2d838c,https://iiif.dl.itc.u-tokyo.ac.jp/repo/s/tanaka,https://iiif.dl.itc.u-tokyo.ac.jp/repo/s/tanaka/document/276aa11d-2300-4195-aecd-ae748e2d838c,https://iiif.dl.itc.u-tokyo.ac.jp/repo/files/medium/7f49719c839285bdbdf3f052adf2af2eb60a5aba.jpg,https://iiif.dl.itc.u-tokyo.ac.jp/repo/api/items/25208,"東京大学総合図書館 General Library in the University of Tokyo, JAPAN",http://iiif.io/api/presentation/2#rightToLeftDirection,,田中芳男・博物学コレクション,00000046,,https://iiif.dl.itc.u-tokyo.ac.jp/repo/iiif/276aa11d-2300-4195-aecd-ae748e2d838c/manifest,,,,,115
捃拾帖 四六,クンシュウジョウ 46,,,,,第47冊,A00:6010,田中芳男,78,,,,,,,,https://www.lib.u-tokyo.ac.jp/ja/library/contents/archives-top/reuse,http://tify.sub.uni-goettingen.de/demo.html?manifest=https://archdataset.dl.itc.u-tokyo.ac.jp/manifest/31ca43e6-50e9-46ad-97f5-ee9013820b19.json,31ca43e6-50e9-46ad-97f5-ee9013820b19,https://iiif.dl.itc.u-tokyo.ac.jp/repo/s/tanaka,https://iiif.dl.itc.u-tokyo.ac.jp/repo/s/tanaka/document/31ca43e6-50e9-46ad-97f5-ee9013820b19,https://iiif.dl.itc.u-tokyo.ac.jp/repo/files/medium/970ffbe926a32b5714cefc5ba486167fd3af5b62.jpg,https://iiif.dl.itc.u-tokyo.ac.jp/repo/api/items/25182,"東京大学総合図書館 General Library in the University of Tokyo, JAPAN",http://iiif.io/api/presentation/2#rightToLeftDirection,,田中芳男・博物学コレクション,00000047,,https://iiif.dl.itc.u-tokyo.ac.jp/repo/iiif/31ca43e6-50e9-46ad-97f5-ee9013820b19/manifest,,,,,78
捃拾帖 四七,クンシュウジョウ 47,,,,,第48冊,A00:6010,田中芳男,89,,,,,,,,https://www.lib.u-tokyo.ac.jp/ja/library/contents/archives-top/reuse,http://tify.sub.uni-goettingen.de/demo.html?manifest=https://archdataset.dl.itc.u-tokyo.ac.jp/manifest/721a0cd7-37d3-4529-b58d-628a57d81313.json,721a0cd7-37d3-4529-b58d-628a57d81313,https://iiif.dl.itc.u-tokyo.ac.jp/repo/s/tanaka,https://iiif.dl.itc.u-tokyo.ac.jp/repo/s/tanaka/document/721a0cd7-37d3-4529-b58d-628a57d81313,https://iiif.dl.itc.u-tokyo.ac.jp/repo/files/medium/86edb70a8afc0a9b1f30b8cfa61070b36196202f.jpg,https://iiif.dl.itc.u-tokyo.ac.jp/repo/api/items/25273,"東京大学総合図書館 General Library in the University of Tokyo, JAPAN",http://iiif.io/api/presentation/2#rightToLeftDirection,,田中芳男・博物学コレクション,00000048,,https://iiif.dl.itc.u-tokyo.ac.jp/repo/iiif/721a0cd7-37d3-4529-b58d-628a57d81313/manifest,,,,,89
捃拾帖 四八,クンシュウジョウ 48,,,明治三十七年頃ノ分 大正二年二月貼附 美穂子綴成 二月七日 三十六年第五回内■会,,第49冊,A00:6010,田中芳男,316,,,,,,,,https://www.lib.u-tokyo.ac.jp/ja/library/contents/archives-top/reuse,http://tify.sub.uni-goettingen.de/demo.html?manifest=https://archdataset.dl.itc.u-tokyo.ac.jp/manifest/b9e13ab9-1a8a-43c7-8576-30b5545f5bbd.json,b9e13ab9-1a8a-43c7-8576-30b5545f5bbd,https://iiif.dl.itc.u-tokyo.ac.jp/repo/s/tanaka,https://iiif.dl.itc.u-tokyo.ac.jp/repo/s/tanaka/document/b9e13ab9-1a8a-43c7-8576-30b5545f5bbd,https://iiif.dl.itc.u-tokyo.ac.jp/repo/files/medium/1d68de6164635586424d11ba87d68b445813fda0.jpg,https://iiif.dl.itc.u-tokyo.ac.jp/repo/api/items/25274,"東京大学総合図書館 General Library in the University of Tokyo, JAPAN",http://iiif.io/api/presentation/2#rightToLeftDirection,,田中芳男・博物学コレクション,00000049,,https://iiif.dl.itc.u-tokyo.ac.jp/repo/iiif/b9e13ab9-1a8a-43c7-8576-30b5545f5bbd/manifest,,,,,316
捃拾帖 四九,クンシュウジョウ 49,,,明治三十七年一月ヨリ(此冊ハ三十六七年ノモノヲ主トスルモ末ノ方空所ヲ補填スル為メ三十三四年ノ分ヲモ交ヘタリ),,第50冊,A00:6010,田中芳男,94,,,,,,,,https://www.lib.u-tokyo.ac.jp/ja/library/contents/archives-top/reuse,http://tify.sub.uni-goettingen.de/demo.html?manifest=https://archdataset.dl.itc.u-tokyo.ac.jp/manifest/c638c6e3-1a52-4725-89f1-bae61ed29b0b.json,c638c6e3-1a52-4725-89f1-bae61ed29b0b,https://iiif.dl.itc.u-tokyo.ac.jp/repo/s/tanaka,https://iiif.dl.itc.u-tokyo.ac.jp/repo/s/tanaka/document/c638c6e3-1a52-4725-89f1-bae61ed29b0b,https://iiif.dl.itc.u-tokyo.ac.jp/repo/files/medium/1c3b7e4566d071b62a18f09408f75a4fb7fdb247.jpg,https://iiif.dl.itc.u-tokyo.ac.jp/repo/api/items/25215,"東京大学総合図書館 General Library in the University of Tokyo, JAPAN",http://iiif.io/api/presentation/2#rightToLeftDirection,,田中芳男・博物学コレクション,00000050,,https://iiif.dl.itc.u-tokyo.ac.jp/repo/iiif/c638c6e3-1a52-4725-89f1-bae61ed29b0b/manifest,,,,,94
捃拾帖 五十,クンシュウジョウ 50,,,明治三十七年二月伊勢山田神苑会農業館々舎寓中 神苑会印刷帖類聚綴成其他従来所集之分貼附終 ■■取■之小印刷其他貼附 田中芳男記,,第51冊,A00:6010,田中芳男,65,,,,,,,,https://www.lib.u-tokyo.ac.jp/ja/library/contents/archives-top/reuse,http://tify.sub.uni-goettingen.de/demo.html?manifest=https://archdataset.dl.itc.u-tokyo.ac.jp/manifest/f763be26-ab92-4674-8872-4fffe3926d4a.json,f763be26-ab92-4674-8872-4fffe3926d4a,https://iiif.dl.itc.u-tokyo.ac.jp/repo/s/tanaka,https://iiif.dl.itc.u-tokyo.ac.jp/repo/s/tanaka/document/f763be26-ab92-4674-8872-4fffe3926d4a,https://iiif.dl.itc.u-tokyo.ac.jp/repo/files/medium/2fbcb75002dc074cd2a391e99a4b3d94529cdbfe.jpg,https://iiif.dl.itc.u-tokyo.ac.jp/repo/api/items/25243,"東京大学総合図書館 General Library in the University of Tokyo, JAPAN",http://iiif.io/api/presentation/2#rightToLeftDirection,,田中芳男・博物学コレクション,00000051,,https://iiif.dl.itc.u-tokyo.ac.jp/repo/iiif/f763be26-ab92-4674-8872-4fffe3926d4a/manifest,,,,,65
捃拾帖 五一,クンシュウジョウ 51,,,明治三十七年二月貼附神苑会印刷帖以外之品類 伊勢山田神苑会農業館々舎寓 田中芳男記,,第52冊,A00:6010,田中芳男,172,,,,,,,,https://www.lib.u-tokyo.ac.jp/ja/library/contents/archives-top/reuse,http://tify.sub.uni-goettingen.de/demo.html?manifest=https://archdataset.dl.itc.u-tokyo.ac.jp/manifest/62695043-36c6-4de2-a954-fdd9f38b6f1b.json,62695043-36c6-4de2-a954-fdd9f38b6f1b,https://iiif.dl.itc.u-tokyo.ac.jp/repo/s/tanaka,https://iiif.dl.itc.u-tokyo.ac.jp/repo/s/tanaka/document/62695043-36c6-4de2-a954-fdd9f38b6f1b,https://iiif.dl.itc.u-tokyo.ac.jp/repo/files/medium/ca08565fc02005047b2b80dfcdadbd71c3807529.jpg,https://iiif.dl.itc.u-tokyo.ac.jp/repo/api/items/25183,"東京大学総合図書館 General Library in the University of Tokyo, JAPAN",http://iiif.io/api/presentation/2#rightToLeftDirection,,田中芳男・博物学コレクション,00000052,,https://iiif.dl.itc.u-tokyo.ac.jp/repo/iiif/62695043-36c6-4de2-a954-fdd9f38b6f1b/manifest,,,,,172
捃拾帖 五二,クンシュウジョウ 52,,,明治三十七年 三十八年 三十九年 頃ノモノ最多シ 農業館々舎ニ於テ貼附スル所ナリ 田中芳男記,,第53冊,A00:6010,田中芳男,180,,,,,,,,https://www.lib.u-tokyo.ac.jp/ja/library/contents/archives-top/reuse,http://tify.sub.uni-goettingen.de/demo.html?manifest=https://archdataset.dl.itc.u-tokyo.ac.jp/manifest/99b263e4-abe9-4a27-a59e-67f06d67d030.json,99b263e4-abe9-4a27-a59e-67f06d67d030,https://iiif.dl.itc.u-tokyo.ac.jp/repo/s/tanaka,https://iiif.dl.itc.u-tokyo.ac.jp/repo/s/tanaka/document/99b263e4-abe9-4a27-a59e-67f06d67d030,https://iiif.dl.itc.u-tokyo.ac.jp/repo/files/medium/8c4143d25238d79ffb121df4150dcdd22dad8368.jpg,https://iiif.dl.itc.u-tokyo.ac.jp/repo/api/items/25193,"東京大学総合図書館 General Library in the University of Tokyo, JAPAN",http://iiif.io/api/presentation/2#rightToLeftDirection,,田中芳男・博物学コレクション,00000053,,https://iiif.dl.itc.u-tokyo.ac.jp/repo/iiif/99b263e4-abe9-4a27-a59e-67f06d67d030/manifest,,,,,180
捃拾帖 五三,クンシュウジョウ 53,,,明治三十九年前後ノ分有馬ニ於テ貼附セルモノニ続キ四十年十一月補足シ了ル 十二月一日前冊ト同時綴成 田芳,,第54冊,A00:6010,田中芳男,139,,,,,,,,https://www.lib.u-tokyo.ac.jp/ja/library/contents/archives-top/reuse,http://tify.sub.uni-goettingen.de/demo.html?manifest=https://archdataset.dl.itc.u-tokyo.ac.jp/manifest/f893d33f-70cf-4131-a8fe-328645a01f98.json,f893d33f-70cf-4131-a8fe-328645a01f98,https://iiif.dl.itc.u-tokyo.ac.jp/repo/s/tanaka,https://iiif.dl.itc.u-tokyo.ac.jp/repo/s/tanaka/document/f893d33f-70cf-4131-a8fe-328645a01f98,https://iiif.dl.itc.u-tokyo.ac.jp/repo/files/medium/456e037542a6579692290ba9994015d2b2099b9a.jpg,https://iiif.dl.itc.u-tokyo.ac.jp/repo/api/items/25262,"東京大学総合図書館 General Library in the University of Tokyo, JAPAN",http://iiif.io/api/presentation/2#rightToLeftDirection,,田中芳男・博物学コレクション,00000054,,https://iiif.dl.itc.u-tokyo.ac.jp/repo/iiif/f893d33f-70cf-4131-a8fe-328645a01f98/manifest,,,,,139
捃拾帖 五四,クンシュウジョウ 54,,,明治三十九年前後ノ分ニシテ初メニアル東京ノ分ハ有馬ニテ貼附スル所ノモノ 夫ヨリ後四十年九月農業館々舎ニテ補足ス 田芳 十一月中ニ補了十二月一日綴上ケ成,,第55冊,A00:6010,田中芳男,128,,,,,,,,https://www.lib.u-tokyo.ac.jp/ja/library/contents/archives-top/reuse,http://tify.sub.uni-goettingen.de/demo.html?manifest=https://archdataset.dl.itc.u-tokyo.ac.jp/manifest/fe453878-946c-4b2b-bdc8-e0ca25c6cc7a.json,fe453878-946c-4b2b-bdc8-e0ca25c6cc7a,https://iiif.dl.itc.u-tokyo.ac.jp/repo/s/tanaka,https://iiif.dl.itc.u-tokyo.ac.jp/repo/s/tanaka/document/fe453878-946c-4b2b-bdc8-e0ca25c6cc7a,https://iiif.dl.itc.u-tokyo.ac.jp/repo/files/medium/2eb12058a7ee822a2ce80de1271cc9c326bb1c9f.jpg,https://iiif.dl.itc.u-tokyo.ac.jp/repo/api/items/25207,"東京大学総合図書館 General Library in the University of Tokyo, JAPAN",http://iiif.io/api/presentation/2#rightToLeftDirection,,田中芳男・博物学コレクション,00000055,,https://iiif.dl.itc.u-tokyo.ac.jp/repo/iiif/fe453878-946c-4b2b-bdc8-e0ca25c6cc7a/manifest,,,,,128
捃拾帖 五五,クンシュウジョウ 55,,,明治三十九年四十年ノ頃ニ集セルモノ 四十年八月有馬温泉入浴中ニ貼附ス 但シ東京ノ分ハ次冊ニ入ル 田中芳男,,第56冊,A00:6010,田中芳男,154,,,,,,,,https://www.lib.u-tokyo.ac.jp/ja/library/contents/archives-top/reuse,http://tify.sub.uni-goettingen.de/demo.html?manifest=https://archdataset.dl.itc.u-tokyo.ac.jp/manifest/d92bfa51-20c9-4343-931a-e1cee9fffaeb.json,d92bfa51-20c9-4343-931a-e1cee9fffaeb,https://iiif.dl.itc.u-tokyo.ac.jp/repo/s/tanaka,https://iiif.dl.itc.u-tokyo.ac.jp/repo/s/tanaka/document/d92bfa51-20c9-4343-931a-e1cee9fffaeb,https://iiif.dl.itc.u-tokyo.ac.jp/repo/files/medium/d4df5aeca7b8b7c05f669a0d75db85aabd3e040f.jpg,https://iiif.dl.itc.u-tokyo.ac.jp/repo/api/items/25204,"東京大学総合図書館 General Library in the University of Tokyo, JAPAN",http://iiif.io/api/presentation/2#rightToLeftDirection,,田中芳男・博物学コレクション,00000056,,https://iiif.dl.itc.u-tokyo.ac.jp/repo/iiif/d92bfa51-20c9-4343-931a-e1cee9fffaeb/manifest,,,,,154
捃拾帖 五六,クンシュウジョウ 56,,,明治十四年頃ヨリ四十年頃■■ノ間ノ雑駁集合シテ秩序モナク仮綴■■■ ■■■ 大正■■■,,第57冊,A00:6010,田中芳男,331,,,,,,,,https://www.lib.u-tokyo.ac.jp/ja/library/contents/archives-top/reuse,http://tify.sub.uni-goettingen.de/demo.html?manifest=https://archdataset.dl.itc.u-tokyo.ac.jp/manifest/7dc435f6-2e3c-4051-ba0a-24da16a7afa6.json,7dc435f6-2e3c-4051-ba0a-24da16a7afa6,https://iiif.dl.itc.u-tokyo.ac.jp/repo/s/tanaka,https://iiif.dl.itc.u-tokyo.ac.jp/repo/s/tanaka/document/7dc435f6-2e3c-4051-ba0a-24da16a7afa6,https://iiif.dl.itc.u-tokyo.ac.jp/repo/files/medium/4a0b5b55717a0275adad3b8c5bbaf4d661228602.jpg,https://iiif.dl.itc.u-tokyo.ac.jp/repo/api/items/25216,"東京大学総合図書館 General Library in the University of Tokyo, JAPAN",http://iiif.io/api/presentation/2#rightToLeftDirection,,田中芳男・博物学コレクション,00000057,,https://iiif.dl.itc.u-tokyo.ac.jp/repo/iiif/7dc435f6-2e3c-4051-ba0a-24da16a7afa6/manifest,,,,,331
捃拾帖 五八,クンシュウジョウ 57,印刷書信帖 全,,但要信文関係之書非印刷亦載之 明治四十年中之者居多十二月貼附,,第58冊,A00:6010,田中芳男,202,,,,,,,,https://www.lib.u-tokyo.ac.jp/ja/library/contents/archives-top/reuse,http://tify.sub.uni-goettingen.de/demo.html?manifest=https://archdataset.dl.itc.u-tokyo.ac.jp/manifest/ec7ba99b-8ada-479f-bcf8-ba529fbc1a6b.json,ec7ba99b-8ada-479f-bcf8-ba529fbc1a6b,https://iiif.dl.itc.u-tokyo.ac.jp/repo/s/tanaka,https://iiif.dl.itc.u-tokyo.ac.jp/repo/s/tanaka/document/ec7ba99b-8ada-479f-bcf8-ba529fbc1a6b,https://iiif.dl.itc.u-tokyo.ac.jp/repo/files/medium/25e28cffbb21ffd3faaa36b4241d12ef69092c7e.jpg,https://iiif.dl.itc.u-tokyo.ac.jp/repo/api/items/25265,"東京大学総合図書館 General Library in the University of Tokyo, JAPAN",http://iiif.io/api/presentation/2#rightToLeftDirection,,田中芳男・博物学コレクション,00000058,,https://iiif.dl.itc.u-tokyo.ac.jp/repo/iiif/ec7ba99b-8ada-479f-bcf8-ba529fbc1a6b/manifest,,,,,202
捃拾帖 五九,クンシュウジョウ 58,,,明治四十一年十月初貼附結了田中芳男 巻末台湾品十一月補貼,,第59冊,A00:6010,田中芳男,170,,,,,,,,https://www.lib.u-tokyo.ac.jp/ja/library/contents/archives-top/reuse,http://tify.sub.uni-goettingen.de/demo.html?manifest=https://archdataset.dl.itc.u-tokyo.ac.jp/manifest/d5301ff8-a047-4216-a85f-cd220b4f3dbd.json,d5301ff8-a047-4216-a85f-cd220b4f3dbd,https://iiif.dl.itc.u-tokyo.ac.jp/repo/s/tanaka,https://iiif.dl.itc.u-tokyo.ac.jp/repo/s/tanaka/document/d5301ff8-a047-4216-a85f-cd220b4f3dbd,https://iiif.dl.itc.u-tokyo.ac.jp/repo/files/medium/1432730e6ba21d058ad8e11c221e6f6d1fed34c5.jpg,https://iiif.dl.itc.u-tokyo.ac.jp/repo/api/items/25268,"東京大学総合図書館 General Library in the University of Tokyo, JAPAN",http://iiif.io/api/presentation/2#rightToLeftDirection,,田中芳男・博物学コレクション,00000059,,https://iiif.dl.itc.u-tokyo.ac.jp/repo/iiif/d5301ff8-a047-4216-a85f-cd220b4f3dbd/manifest,,,,,170
捃拾帖 六四,クンシュウジョウ 64,,,明治四十一年ヨリ四十二年三月マデヲ主トスルモ尚其前ノ分モ多アリトス 田中芳男貼製,,第60冊,A00:6010,田中芳男,108,,,,,,,,https://www.lib.u-tokyo.ac.jp/ja/library/contents/archives-top/reuse,http://tify.sub.uni-goettingen.de/demo.html?manifest=https://archdataset.dl.itc.u-tokyo.ac.jp/manifest/34cbce49-7bf4-4416-8ea6-e49f80da2131.json,34cbce49-7bf4-4416-8ea6-e49f80da2131,https://iiif.dl.itc.u-tokyo.ac.jp/repo/s/tanaka,https://iiif.dl.itc.u-tokyo.ac.jp/repo/s/tanaka/document/34cbce49-7bf4-4416-8ea6-e49f80da2131,https://iiif.dl.itc.u-tokyo.ac.jp/repo/files/medium/bf5f144523c05886ff8015e01b1e6fc7aa800a8f.jpg,https://iiif.dl.itc.u-tokyo.ac.jp/repo/api/items/25266,"東京大学総合図書館 General Library in the University of Tokyo, JAPAN",http://iiif.io/api/presentation/2#rightToLeftDirection,,田中芳男・博物学コレクション,00000060,,https://iiif.dl.itc.u-tokyo.ac.jp/repo/iiif/34cbce49-7bf4-4416-8ea6-e49f80da2131/manifest,,,,,108
捃拾帖 六五,クンシュウジョウ 65,,,明治四十二年四月前ヨリノ分及招状并発明品博覧会広告類等 七月ノ分ヲ加フ,,第61冊,A00:6010,田中芳男,146,,,,,,,,https://www.lib.u-tokyo.ac.jp/ja/library/contents/archives-top/reuse,http://tify.sub.uni-goettingen.de/demo.html?manifest=https://archdataset.dl.itc.u-tokyo.ac.jp/manifest/4ee1ce31-6891-4647-8cf8-6ab8fbabd33d.json,4ee1ce31-6891-4647-8cf8-6ab8fbabd33d,https://iiif.dl.itc.u-tokyo.ac.jp/repo/s/tanaka,https://iiif.dl.itc.u-tokyo.ac.jp/repo/s/tanaka/document/4ee1ce31-6891-4647-8cf8-6ab8fbabd33d,https://iiif.dl.itc.u-tokyo.ac.jp/repo/files/medium/feaa11e481bf7015fac8e15e77f351cae2735645.jpg,https://iiif.dl.itc.u-tokyo.ac.jp/repo/api/items/25190,"東京大学総合図書館 General Library in the University of Tokyo, JAPAN",http://iiif.io/api/presentation/2#rightToLeftDirection,,田中芳男・博物学コレクション,00000061,,https://iiif.dl.itc.u-tokyo.ac.jp/repo/iiif/4ee1ce31-6891-4647-8cf8-6ab8fbabd33d/manifest,,,,,146
捃拾帖 六六,クンシュウジョウ 66,,,明治四十二年五月神戸市行十月京都市并丹波行十一月鹿児島市行所得 十二月貼附綴成一冊トス 田中芳男,,第62冊,A00:6010,田中芳男,144,,,,,,,,https://www.lib.u-tokyo.ac.jp/ja/library/contents/archives-top/reuse,http://tify.sub.uni-goettingen.de/demo.html?manifest=https://archdataset.dl.itc.u-tokyo.ac.jp/manifest/483f16f2-0b92-46aa-8392-43ddba7ff12e.json,483f16f2-0b92-46aa-8392-43ddba7ff12e,https://iiif.dl.itc.u-tokyo.ac.jp/repo/s/tanaka,https://iiif.dl.itc.u-tokyo.ac.jp/repo/s/tanaka/document/483f16f2-0b92-46aa-8392-43ddba7ff12e,https://iiif.dl.itc.u-tokyo.ac.jp/repo/files/medium/a3ed8158f4e7a3200cd00f58280ec6c761a7da5f.jpg,https://iiif.dl.itc.u-tokyo.ac.jp/repo/api/items/25221,"東京大学総合図書館 General Library in the University of Tokyo, JAPAN",http://iiif.io/api/presentation/2#rightToLeftDirection,,田中芳男・博物学コレクション,00000062,,https://iiif.dl.itc.u-tokyo.ac.jp/repo/iiif/483f16f2-0b92-46aa-8392-43ddba7ff12e/manifest,,,,,144
捃拾帖 六七,クンシュウジョウ 67,,,明治四十二年中東京並各地方ノ分最後ニ伊勢ノ分ヲ貼附ス 但伊勢ニハ徴古館開館式関係ノ分ヲ初トス 十二月十七日綴成二十九日補足,,第63冊,A00:6010,田中芳男,104,,,,,,,,https://www.lib.u-tokyo.ac.jp/ja/library/contents/archives-top/reuse,http://tify.sub.uni-goettingen.de/demo.html?manifest=https://archdataset.dl.itc.u-tokyo.ac.jp/manifest/7cdad438-6d4a-4b18-8901-23f241da346d.json,7cdad438-6d4a-4b18-8901-23f241da346d,https://iiif.dl.itc.u-tokyo.ac.jp/repo/s/tanaka,https://iiif.dl.itc.u-tokyo.ac.jp/repo/s/tanaka/document/7cdad438-6d4a-4b18-8901-23f241da346d,https://iiif.dl.itc.u-tokyo.ac.jp/repo/files/medium/6698afd38b6f7d62a65ad651a50e7f29fce5820a.jpg,https://iiif.dl.itc.u-tokyo.ac.jp/repo/api/items/25232,"東京大学総合図書館 General Library in the University of Tokyo, JAPAN",http://iiif.io/api/presentation/2#rightToLeftDirection,,田中芳男・博物学コレクション,00000063,,https://iiif.dl.itc.u-tokyo.ac.jp/repo/iiif/7cdad438-6d4a-4b18-8901-23f241da346d/manifest,,,,,104
捃拾帖 六八,クンシュウジョウ 68,,,明治四十三年一月伊勢飯南郡物産品評会其他印刷物等来信広告等居多,,第64冊,A00:6010,田中芳男,116,,,,,,,,https://www.lib.u-tokyo.ac.jp/ja/library/contents/archives-top/reuse,http://tify.sub.uni-goettingen.de/demo.html?manifest=https://archdataset.dl.itc.u-tokyo.ac.jp/manifest/79e31f56-6e0b-4cde-9527-ad158948080c.json,79e31f56-6e0b-4cde-9527-ad158948080c,https://iiif.dl.itc.u-tokyo.ac.jp/repo/s/tanaka,https://iiif.dl.itc.u-tokyo.ac.jp/repo/s/tanaka/document/79e31f56-6e0b-4cde-9527-ad158948080c,https://iiif.dl.itc.u-tokyo.ac.jp/repo/files/medium/2e941b217aa0eaba0ec502ae2eee50ff3dbfc457.jpg,https://iiif.dl.itc.u-tokyo.ac.jp/repo/api/items/25263,"東京大学総合図書館 General Library in the University of Tokyo, JAPAN",http://iiif.io/api/presentation/2#rightToLeftDirection,,田中芳男・博物学コレクション,00000064,,https://iiif.dl.itc.u-tokyo.ac.jp/repo/iiif/79e31f56-6e0b-4cde-9527-ad158948080c/manifest,,,,,116
捃拾帖 六九,クンシュウジョウ 69,,,明治四十三年一月松阪町ヲ主トスルモノト五月名古屋市ヲ主トスルノ二冊以外ナル者ヲ貼附ス 同七月綴成スルモ尚五分一ノ餘紙ニ三十六年分張込,,第65冊,A00:6010,田中芳男,93,,,,,,,,https://www.lib.u-tokyo.ac.jp/ja/library/contents/archives-top/reuse,http://tify.sub.uni-goettingen.de/demo.html?manifest=https://archdataset.dl.itc.u-tokyo.ac.jp/manifest/1b02b90f-a6bb-4997-b0bd-93333aaeb4ec.json,1b02b90f-a6bb-4997-b0bd-93333aaeb4ec,https://iiif.dl.itc.u-tokyo.ac.jp/repo/s/tanaka,https://iiif.dl.itc.u-tokyo.ac.jp/repo/s/tanaka/document/1b02b90f-a6bb-4997-b0bd-93333aaeb4ec,https://iiif.dl.itc.u-tokyo.ac.jp/repo/files/medium/6fd208c9087d59fbf896dc96ae2c46376ccfe546.jpg,https://iiif.dl.itc.u-tokyo.ac.jp/repo/api/items/25241,"東京大学総合図書館 General Library in the University of Tokyo, JAPAN",http://iiif.io/api/presentation/2#rightToLeftDirection,,田中芳男・博物学コレクション,00000065,,https://iiif.dl.itc.u-tokyo.ac.jp/repo/iiif/1b02b90f-a6bb-4997-b0bd-93333aaeb4ec/manifest,,,,,93
捃拾帖 七十,クンシュウジョウ 70,,,明治四十三年六月四日成 名古屋共進会関係材木業連合大会大日本山林会総会等印刷物 七月四日増加ノ分ヲ合セ綴上ケル,,第66冊,A00:6010,田中芳男,147,,,,,,,,https://www.lib.u-tokyo.ac.jp/ja/library/contents/archives-top/reuse,http://tify.sub.uni-goettingen.de/demo.html?manifest=https://archdataset.dl.itc.u-tokyo.ac.jp/manifest/652cf259-2cc7-462e-8c60-4dfc84e3f2ae.json,652cf259-2cc7-462e-8c60-4dfc84e3f2ae,https://iiif.dl.itc.u-tokyo.ac.jp/repo/s/tanaka,https://iiif.dl.itc.u-tokyo.ac.jp/repo/s/tanaka/document/652cf259-2cc7-462e-8c60-4dfc84e3f2ae,https://iiif.dl.itc.u-tokyo.ac.jp/repo/files/medium/c51fd6bb550984d3b9755a695dbd48b71585e99f.jpg,https://iiif.dl.itc.u-tokyo.ac.jp/repo/api/items/25194,"東京大学総合図書館 General Library in the University of Tokyo, JAPAN",http://iiif.io/api/presentation/2#rightToLeftDirection,,田中芳男・博物学コレクション,00000066,,https://iiif.dl.itc.u-tokyo.ac.jp/repo/iiif/652cf259-2cc7-462e-8c60-4dfc84e3f2ae/manifest,,,,,147
捃拾帖 七一,クンシュウジョウ 71,,,明治四十三年分残片貼附 四十四年二月五日朝 田芳記,,第67冊,A00:6010,田中芳男,160,,,,,,,,https://www.lib.u-tokyo.ac.jp/ja/library/contents/archives-top/reuse,http://tify.sub.uni-goettingen.de/demo.html?manifest=https://archdataset.dl.itc.u-tokyo.ac.jp/manifest/0f382464-3cf6-4f4b-bdd1-173383dc9ceb.json,0f382464-3cf6-4f4b-bdd1-173383dc9ceb,https://iiif.dl.itc.u-tokyo.ac.jp/repo/s/tanaka,https://iiif.dl.itc.u-tokyo.ac.jp/repo/s/tanaka/document/0f382464-3cf6-4f4b-bdd1-173383dc9ceb,https://iiif.dl.itc.u-tokyo.ac.jp/repo/files/medium/84f5feea8b4fe8fe48f47dbd7eafa2c25df745d5.jpg,https://iiif.dl.itc.u-tokyo.ac.jp/repo/api/items/25276,"東京大学総合図書館 General Library in the University of Tokyo, JAPAN",http://iiif.io/api/presentation/2#rightToLeftDirection,,田中芳男・博物学コレクション,00000067,,https://iiif.dl.itc.u-tokyo.ac.jp/repo/iiif/0f382464-3cf6-4f4b-bdd1-173383dc9ceb/manifest,,,,,160
捃拾帖 七二,クンシュウジョウ 72,大日本山林会第二十二回総会明治四十四年四月八日ニ於テ/石川県金沢市開設并森林視察旅行五日間実行関係帖,,,,第68冊,A00:6010,田中芳男,92,,,,,,,,https://www.lib.u-tokyo.ac.jp/ja/library/contents/archives-top/reuse,http://tify.sub.uni-goettingen.de/demo.html?manifest=https://archdataset.dl.itc.u-tokyo.ac.jp/manifest/4095d9ee-3665-4de8-ac47-84cd7181ce46.json,4095d9ee-3665-4de8-ac47-84cd7181ce46,https://iiif.dl.itc.u-tokyo.ac.jp/repo/s/tanaka,https://iiif.dl.itc.u-tokyo.ac.jp/repo/s/tanaka/document/4095d9ee-3665-4de8-ac47-84cd7181ce46,https://iiif.dl.itc.u-tokyo.ac.jp/repo/files/medium/2b0c79918a7e22d92923b6c0ae51235fd612377e.jpg,https://iiif.dl.itc.u-tokyo.ac.jp/repo/api/items/25200,"東京大学総合図書館 General Library in the University of Tokyo, JAPAN",http://iiif.io/api/presentation/2#rightToLeftDirection,,田中芳男・博物学コレクション,00000068,,https://iiif.dl.itc.u-tokyo.ac.jp/repo/iiif/4095d9ee-3665-4de8-ac47-84cd7181ce46/manifest,,,,,92
捃拾帖 七三,クンシュウジョウ 73,,,明治四十四年五月一日(中央線)開通式并長野県下各地ノ祝賀会等所得 田中芳男,,第69冊,A00:6010,田中芳男,115,,,,,,,,https://www.lib.u-tokyo.ac.jp/ja/library/contents/archives-top/reuse,http://tify.sub.uni-goettingen.de/demo.html?manifest=https://archdataset.dl.itc.u-tokyo.ac.jp/manifest/67188e3b-6b9c-4df7-b70a-e62362273654.json,67188e3b-6b9c-4df7-b70a-e62362273654,https://iiif.dl.itc.u-tokyo.ac.jp/repo/s/tanaka,https://iiif.dl.itc.u-tokyo.ac.jp/repo/s/tanaka/document/67188e3b-6b9c-4df7-b70a-e62362273654,https://iiif.dl.itc.u-tokyo.ac.jp/repo/files/medium/ab24dcef6e88aa4ddef6c6b718ba77bc3d6450cc.jpg,https://iiif.dl.itc.u-tokyo.ac.jp/repo/api/items/25230,"東京大学総合図書館 General Library in the University of Tokyo, JAPAN",http://iiif.io/api/presentation/2#rightToLeftDirection,,田中芳男・博物学コレクション,00000069,,https://iiif.dl.itc.u-tokyo.ac.jp/repo/iiif/67188e3b-6b9c-4df7-b70a-e62362273654/manifest,,,,,115
捃拾帖 七四,クンシュウジョウ 74,,,明治四十四年五月中旬秋田県下ニ開設ノ第十六回日本材木業連合大会関係書,,第70冊,A00:6010,田中芳男,61,,,,,,,,https://www.lib.u-tokyo.ac.jp/ja/library/contents/archives-top/reuse,http://tify.sub.uni-goettingen.de/demo.html?manifest=https://archdataset.dl.itc.u-tokyo.ac.jp/manifest/cfd7f07c-65a0-4a3f-89f3-99e9f78a67c3.json,cfd7f07c-65a0-4a3f-89f3-99e9f78a67c3,https://iiif.dl.itc.u-tokyo.ac.jp/repo/s/tanaka,https://iiif.dl.itc.u-tokyo.ac.jp/repo/s/tanaka/document/cfd7f07c-65a0-4a3f-89f3-99e9f78a67c3,https://iiif.dl.itc.u-tokyo.ac.jp/repo/files/medium/2313478b0d6fefdfeae03f3ffc8e47d99d3d2c7e.jpg,https://iiif.dl.itc.u-tokyo.ac.jp/repo/api/items/25196,"東京大学総合図書館 General Library in the University of Tokyo, JAPAN",http://iiif.io/api/presentation/2#rightToLeftDirection,,田中芳男・博物学コレクション,00000070,,https://iiif.dl.itc.u-tokyo.ac.jp/repo/iiif/cfd7f07c-65a0-4a3f-89f3-99e9f78a67c3/manifest,,,,,61
捃拾帖 七五,クンシュウジョウ 75,,,明治四十四年七月初成 此他各地ニ於ケル開会ニ関スル分ハ之ヲ別冊トス,,第71冊,A00:6010,田中芳男,140,,,,,,,,https://www.lib.u-tokyo.ac.jp/ja/library/contents/archives-top/reuse,http://tify.sub.uni-goettingen.de/demo.html?manifest=https://archdataset.dl.itc.u-tokyo.ac.jp/manifest/bb29bf81-f2b1-4a33-bdc1-b77702a802ca.json,bb29bf81-f2b1-4a33-bdc1-b77702a802ca,https://iiif.dl.itc.u-tokyo.ac.jp/repo/s/tanaka,https://iiif.dl.itc.u-tokyo.ac.jp/repo/s/tanaka/document/bb29bf81-f2b1-4a33-bdc1-b77702a802ca,https://iiif.dl.itc.u-tokyo.ac.jp/repo/files/medium/7da5e782684090338c6288f3c0a58be798305d24.jpg,https://iiif.dl.itc.u-tokyo.ac.jp/repo/api/items/25224,"東京大学総合図書館 General Library in the University of Tokyo, JAPAN",http://iiif.io/api/presentation/2#rightToLeftDirection,,田中芳男・博物学コレクション,00000071,,https://iiif.dl.itc.u-tokyo.ac.jp/repo/iiif/bb29bf81-f2b1-4a33-bdc1-b77702a802ca/manifest,,,,,140
捃拾帖 七六,クンシュウジョウ 76,,,明治四十四年十二月三十一日綴成 美穂子補助之 田中芳男,,第72冊,A00:6010,田中芳男,268,,,,,,,,https://www.lib.u-tokyo.ac.jp/ja/library/contents/archives-top/reuse,http://tify.sub.uni-goettingen.de/demo.html?manifest=https://archdataset.dl.itc.u-tokyo.ac.jp/manifest/fe60f253-679a-4b1f-bf92-203bd1c2498a.json,fe60f253-679a-4b1f-bf92-203bd1c2498a,https://iiif.dl.itc.u-tokyo.ac.jp/repo/s/tanaka,https://iiif.dl.itc.u-tokyo.ac.jp/repo/s/tanaka/document/fe60f253-679a-4b1f-bf92-203bd1c2498a,https://iiif.dl.itc.u-tokyo.ac.jp/repo/files/medium/87213c832c313180fd8e5c296c6bed3a5c6f76c1.jpg,https://iiif.dl.itc.u-tokyo.ac.jp/repo/api/items/25237,"東京大学総合図書館 General Library in the University of Tokyo, JAPAN",http://iiif.io/api/presentation/2#rightToLeftDirection,,田中芳男・博物学コレクション,00000072,,https://iiif.dl.itc.u-tokyo.ac.jp/repo/iiif/fe60f253-679a-4b1f-bf92-203bd1c2498a/manifest,,,,,268
捃拾帖 七七,クンシュウジョウ 77,,,明治四十五年ノ初ヨリ各地ヘ出張ノ際ニ於ケルモノアリ但馬城崎丹後宮津等ニ及フ 六月三十日貼附成 大黒山別荘寓 田中芳男記,,第73冊,A00:6010,田中芳男,92,,,,,,,,https://www.lib.u-tokyo.ac.jp/ja/library/contents/archives-top/reuse,http://tify.sub.uni-goettingen.de/demo.html?manifest=https://archdataset.dl.itc.u-tokyo.ac.jp/manifest/17449564-cdc9-4d77-a86a-28aa2941ab1a.json,17449564-cdc9-4d77-a86a-28aa2941ab1a,https://iiif.dl.itc.u-tokyo.ac.jp/repo/s/tanaka,https://iiif.dl.itc.u-tokyo.ac.jp/repo/s/tanaka/document/17449564-cdc9-4d77-a86a-28aa2941ab1a,https://iiif.dl.itc.u-tokyo.ac.jp/repo/files/medium/30199570ab533278c2c08cf3fffdce5f9ed5176b.jpg,https://iiif.dl.itc.u-tokyo.ac.jp/repo/api/items/25270,"東京大学総合図書館 General Library in the University of Tokyo, JAPAN",http://iiif.io/api/presentation/2#rightToLeftDirection,,田中芳男・博物学コレクション,00000073,,https://iiif.dl.itc.u-tokyo.ac.jp/repo/iiif/17449564-cdc9-4d77-a86a-28aa2941ab1a/manifest,,,,,92
捃拾帖 七八,クンシュウジョウ 78,,,明治四十五年ヨリ大正元年十二月迄ノ分 同二十八日綴成,,第74冊,A00:6010,田中芳男,127,,,,,,,,https://www.lib.u-tokyo.ac.jp/ja/library/contents/archives-top/reuse,http://tify.sub.uni-goettingen.de/demo.html?manifest=https://archdataset.dl.itc.u-tokyo.ac.jp/manifest/f63b1a51-3b48-4b44-9347-e4310c520092.json,f63b1a51-3b48-4b44-9347-e4310c520092,https://iiif.dl.itc.u-tokyo.ac.jp/repo/s/tanaka,https://iiif.dl.itc.u-tokyo.ac.jp/repo/s/tanaka/document/f63b1a51-3b48-4b44-9347-e4310c520092,https://iiif.dl.itc.u-tokyo.ac.jp/repo/files/medium/79c52127ef7641492e6caf65b0687c6a77596c0f.jpg,https://iiif.dl.itc.u-tokyo.ac.jp/repo/api/items/25236,"東京大学総合図書館 General Library in the University of Tokyo, JAPAN",http://iiif.io/api/presentation/2#rightToLeftDirection,,田中芳男・博物学コレクション,00000074,,https://iiif.dl.itc.u-tokyo.ac.jp/repo/iiif/f63b1a51-3b48-4b44-9347-e4310c520092/manifest,,,,,127
捃拾帖 七九,クンシュウジョウ 79,,,大正二年度ノモノ多シ 但シ夫前ノモノ若干交ル 十月末迄 甲,,第75冊,A00:6010,田中芳男,210,,,,,,,,https://www.lib.u-tokyo.ac.jp/ja/library/contents/archives-top/reuse,http://tify.sub.uni-goettingen.de/demo.html?manifest=https://archdataset.dl.itc.u-tokyo.ac.jp/manifest/92ef19fb-2604-423e-99f6-9b95dec2a17a.json,92ef19fb-2604-423e-99f6-9b95dec2a17a,https://iiif.dl.itc.u-tokyo.ac.jp/repo/s/tanaka,https://iiif.dl.itc.u-tokyo.ac.jp/repo/s/tanaka/document/92ef19fb-2604-423e-99f6-9b95dec2a17a,https://iiif.dl.itc.u-tokyo.ac.jp/repo/files/medium/0e0553181f4323bc4abe51c94dd7bf814fa2d2b2.jpg,https://iiif.dl.itc.u-tokyo.ac.jp/repo/api/items/25205,"東京大学総合図書館 General Library in the University of Tokyo, JAPAN",http://iiif.io/api/presentation/2#rightToLeftDirection,,田中芳男・博物学コレクション,00000075,,https://iiif.dl.itc.u-tokyo.ac.jp/repo/iiif/92ef19fb-2604-423e-99f6-9b95dec2a17a/manifest,,,,,210
捃拾帖 八十,クンシュウジョウ 80,,,大正二年ノ末迄 但シ北海道出張ノ分ハ別冊トセリ 乙,,第76冊,A00:6010,田中芳男,109,,,,,,,,https://www.lib.u-tokyo.ac.jp/ja/library/contents/archives-top/reuse,http://tify.sub.uni-goettingen.de/demo.html?manifest=https://archdataset.dl.itc.u-tokyo.ac.jp/manifest/0deed30d-27bb-497e-a02a-dcb49b8f9fec.json,0deed30d-27bb-497e-a02a-dcb49b8f9fec,https://iiif.dl.itc.u-tokyo.ac.jp/repo/s/tanaka,https://iiif.dl.itc.u-tokyo.ac.jp/repo/s/tanaka/document/0deed30d-27bb-497e-a02a-dcb49b8f9fec,https://iiif.dl.itc.u-tokyo.ac.jp/repo/files/medium/2f75d10fde9afb38768855292dc299ca11ff3f56.jpg,https://iiif.dl.itc.u-tokyo.ac.jp/repo/api/items/25272,"東京大学総合図書館 General Library in the University of Tokyo, JAPAN",http://iiif.io/api/presentation/2#rightToLeftDirection,,田中芳男・博物学コレクション,00000076,,https://iiif.dl.itc.u-tokyo.ac.jp/repo/iiif/0deed30d-27bb-497e-a02a-dcb49b8f9fec/manifest,,,,,109
捃拾帖 八一,クンシュウジョウ 81,大正二季五月四日田中芳男/七六展覧会書類,,大正三年一月十五日 田中五一整理美穂子綴成,,第77冊,A00:6010,田中芳男,363,,,,,,,,https://www.lib.u-tokyo.ac.jp/ja/library/contents/archives-top/reuse,http://tify.sub.uni-goettingen.de/demo.html?manifest=https://archdataset.dl.itc.u-tokyo.ac.jp/manifest/7c2275c1-d86a-464f-9cc2-0f32869a26c7.json,7c2275c1-d86a-464f-9cc2-0f32869a26c7,https://iiif.dl.itc.u-tokyo.ac.jp/repo/s/tanaka,https://iiif.dl.itc.u-tokyo.ac.jp/repo/s/tanaka/document/7c2275c1-d86a-464f-9cc2-0f32869a26c7,https://iiif.dl.itc.u-tokyo.ac.jp/repo/files/medium/55bd3999659e5b95f7d5bb1e37d671396550848b.jpg,https://iiif.dl.itc.u-tokyo.ac.jp/repo/api/items/25219,"東京大学総合図書館 General Library in the University of Tokyo, JAPAN",http://iiif.io/api/presentation/2#rightToLeftDirection,,田中芳男・博物学コレクション,00000077,,https://iiif.dl.itc.u-tokyo.ac.jp/repo/iiif/7c2275c1-d86a-464f-9cc2-0f32869a26c7/manifest,,,,,363
捃拾帖 八二,クンシュウジョウ 82,大正二年八月北海道出張帖,,大日本山林会第二十三回総会并日本材木業第十七会大会開設ニ付出張中記載貼附 田中芳男,,第78冊,A00:6010,田中芳男,176,,,,,,,,https://www.lib.u-tokyo.ac.jp/ja/library/contents/archives-top/reuse,http://tify.sub.uni-goettingen.de/demo.html?manifest=https://archdataset.dl.itc.u-tokyo.ac.jp/manifest/30b2e26b-35b2-4a88-b42b-1e049162844d.json,30b2e26b-35b2-4a88-b42b-1e049162844d,https://iiif.dl.itc.u-tokyo.ac.jp/repo/s/tanaka,https://iiif.dl.itc.u-tokyo.ac.jp/repo/s/tanaka/document/30b2e26b-35b2-4a88-b42b-1e049162844d,https://iiif.dl.itc.u-tokyo.ac.jp/repo/files/medium/616860e0a07f6ecbe48c4bce8db80d1a161025d6.jpg,https://iiif.dl.itc.u-tokyo.ac.jp/repo/api/items/25260,"東京大学総合図書館 General Library in the University of Tokyo, JAPAN",http://iiif.io/api/presentation/2#rightToLeftDirection,,田中芳男・博物学コレクション,00000078,,https://iiif.dl.itc.u-tokyo.ac.jp/repo/iiif/30b2e26b-35b2-4a88-b42b-1e049162844d/manifest,,,,,176
捃拾帖 八三,クンシュウジョウ 83,大正三年年賀帖,,大正三年一月六日成ル 田中芳男,,第79冊,A00:6010,田中芳男,55,,,,,,,,https://www.lib.u-tokyo.ac.jp/ja/library/contents/archives-top/reuse,http://tify.sub.uni-goettingen.de/demo.html?manifest=https://archdataset.dl.itc.u-tokyo.ac.jp/manifest/fea6e704-4502-4468-8179-5513c49db08b.json,fea6e704-4502-4468-8179-5513c49db08b,https://iiif.dl.itc.u-tokyo.ac.jp/repo/s/tanaka,https://iiif.dl.itc.u-tokyo.ac.jp/repo/s/tanaka/document/fea6e704-4502-4468-8179-5513c49db08b,https://iiif.dl.itc.u-tokyo.ac.jp/repo/files/medium/01b3f7502d408a45b76ba81749b46f687a7960e9.jpg,https://iiif.dl.itc.u-tokyo.ac.jp/repo/api/items/25254,"東京大学総合図書館 General Library in the University of Tokyo, JAPAN",http://iiif.io/api/presentation/2#rightToLeftDirection,,田中芳男・博物学コレクション,00000079,,https://iiif.dl.itc.u-tokyo.ac.jp/repo/iiif/fea6e704-4502-4468-8179-5513c49db08b/manifest,,,,,55
捃拾帖 八四,クンシュウジョウ 84,,,大正元年、二年、ノ分若干アリテ同三年分多シ 三年五月ニ畢ル 大正博覧会ノ分若干アリ 五月二十四日頃ニ美穂子綴上ケル,,第80冊,A00:6010,田中芳男,203,,,,,,,,https://www.lib.u-tokyo.ac.jp/ja/library/contents/archives-top/reuse,http://tify.sub.uni-goettingen.de/demo.html?manifest=https://archdataset.dl.itc.u-tokyo.ac.jp/manifest/54aa2554-80d8-4671-b71d-734a2ac09915.json,54aa2554-80d8-4671-b71d-734a2ac09915,https://iiif.dl.itc.u-tokyo.ac.jp/repo/s/tanaka,https://iiif.dl.itc.u-tokyo.ac.jp/repo/s/tanaka/document/54aa2554-80d8-4671-b71d-734a2ac09915,https://iiif.dl.itc.u-tokyo.ac.jp/repo/files/medium/f168b9ded125400a5718fc3cbb3ee568fd3eb082.jpg,https://iiif.dl.itc.u-tokyo.ac.jp/repo/api/items/25213,"東京大学総合図書館 General Library in the University of Tokyo, JAPAN",http://iiif.io/api/presentation/2#rightToLeftDirection,,田中芳男・博物学コレクション,00000080,,https://iiif.dl.itc.u-tokyo.ac.jp/repo/iiif/54aa2554-80d8-4671-b71d-734a2ac09915/manifest,,,,,203
捃拾帖 八五,クンシュウジョウ 85,,,大正三年四月三日ヨリ九日マデ徳島県ニ於テ開催大日本山林会第二十四回総会并視察旅行関係印刷雑集 田中芳男大正三年五月十三日成 目録在中,,第81冊,A00:6010,田中芳男,60,,,,,,,,https://www.lib.u-tokyo.ac.jp/ja/library/contents/archives-top/reuse,http://tify.sub.uni-goettingen.de/demo.html?manifest=https://archdataset.dl.itc.u-tokyo.ac.jp/manifest/78ffe4be-515d-4f74-b8d2-e2fa83f345f1.json,78ffe4be-515d-4f74-b8d2-e2fa83f345f1,https://iiif.dl.itc.u-tokyo.ac.jp/repo/s/tanaka,https://iiif.dl.itc.u-tokyo.ac.jp/repo/s/tanaka/document/78ffe4be-515d-4f74-b8d2-e2fa83f345f1,https://iiif.dl.itc.u-tokyo.ac.jp/repo/files/medium/50ac7da300ca1e16cad9bcaa30501f9e6d26d4e4.jpg,https://iiif.dl.itc.u-tokyo.ac.jp/repo/api/items/25277,"東京大学総合図書館 General Library in the University of Tokyo, JAPAN",http://iiif.io/api/presentation/2#rightToLeftDirection,,田中芳男・博物学コレクション,00000081,,https://iiif.dl.itc.u-tokyo.ac.jp/repo/iiif/78ffe4be-515d-4f74-b8d2-e2fa83f345f1/manifest,,,,,60
捃拾帖 八六,クンシュウジョウ 86,,,大正三年ノ続キ大正博覧会ノ品若干入 尚貴重ノモノヲ貼附ス■■■ 十一月一日四日市天保会ニ終ル 十一月二十二日装丁成,,第82冊,A00:6010,田中芳男,163,,,,,,,,https://www.lib.u-tokyo.ac.jp/ja/library/contents/archives-top/reuse,http://tify.sub.uni-goettingen.de/demo.html?manifest=https://archdataset.dl.itc.u-tokyo.ac.jp/manifest/71f2357d-94b3-40ca-a7d9-99163760019e.json,71f2357d-94b3-40ca-a7d9-99163760019e,https://iiif.dl.itc.u-tokyo.ac.jp/repo/s/tanaka,https://iiif.dl.itc.u-tokyo.ac.jp/repo/s/tanaka/document/71f2357d-94b3-40ca-a7d9-99163760019e,https://iiif.dl.itc.u-tokyo.ac.jp/repo/files/medium/e7ffb81c9b6bb497e98ddbc43a6f377c23753b0c.jpg,https://iiif.dl.itc.u-tokyo.ac.jp/repo/api/items/25220,"東京大学総合図書館 General Library in the University of Tokyo, JAPAN",http://iiif.io/api/presentation/2#rightToLeftDirection,,田中芳男・博物学コレクション,00000082,,https://iiif.dl.itc.u-tokyo.ac.jp/repo/iiif/71f2357d-94b3-40ca-a7d9-99163760019e/manifest,,,,,163
捃拾帖 八七,クンシュウジョウ 87,,,大正三年ノ末 国産奨励展覧会居多,,第83冊,A00:6010,田中芳男,165,,,,,,,,https://www.lib.u-tokyo.ac.jp/ja/library/contents/archives-top/reuse,http://tify.sub.uni-goettingen.de/demo.html?manifest=https://archdataset.dl.itc.u-tokyo.ac.jp/manifest/c9e4d2a8-4e68-4e05-9d06-e371a3246ff0.json,c9e4d2a8-4e68-4e05-9d06-e371a3246ff0,https://iiif.dl.itc.u-tokyo.ac.jp/repo/s/tanaka,https://iiif.dl.itc.u-tokyo.ac.jp/repo/s/tanaka/document/c9e4d2a8-4e68-4e05-9d06-e371a3246ff0,https://iiif.dl.itc.u-tokyo.ac.jp/repo/files/medium/8004dd2e4e672f5eeaaa6ae6f2eb706a7b480539.jpg,https://iiif.dl.itc.u-tokyo.ac.jp/repo/api/items/25189,"東京大学総合図書館 General Library in the University of Tokyo, JAPAN",http://iiif.io/api/presentation/2#rightToLeftDirection,,田中芳男・博物学コレクション,00000083,,https://iiif.dl.itc.u-tokyo.ac.jp/repo/iiif/c9e4d2a8-4e68-4e05-9d06-e371a3246ff0/manifest,,,,,165
捃拾帖 八八,クンシュウジョウ 88,大正四季賀帖 全,,,,第84冊,A00:6010,田中芳男,44,,,,,,,,https://www.lib.u-tokyo.ac.jp/ja/library/contents/archives-top/reuse,http://tify.sub.uni-goettingen.de/demo.html?manifest=https://archdataset.dl.itc.u-tokyo.ac.jp/manifest/c679f065-d691-46f6-98ee-f8cf705ad421.json,c679f065-d691-46f6-98ee-f8cf705ad421,https://iiif.dl.itc.u-tokyo.ac.jp/repo/s/tanaka,https://iiif.dl.itc.u-tokyo.ac.jp/repo/s/tanaka/document/c679f065-d691-46f6-98ee-f8cf705ad421,https://iiif.dl.itc.u-tokyo.ac.jp/repo/files/medium/43637289cf9769c11190fd607c089728f95687dc.jpg,https://iiif.dl.itc.u-tokyo.ac.jp/repo/api/items/25278,"東京大学総合図書館 General Library in the University of Tokyo, JAPAN",http://iiif.io/api/presentation/2#rightToLeftDirection,,田中芳男・博物学コレクション,00000084,,https://iiif.dl.itc.u-tokyo.ac.jp/repo/iiif/c679f065-d691-46f6-98ee-f8cf705ad421/manifest,,,,,44
捃拾帖 八九,クンシュウジョウ 89,,,大正四年一月ヨリ四月迄 但年賀名刺帖等ハ別冊トス八十八号,,第85冊,A00:6010,田中芳男,114,,,,,,,,https://www.lib.u-tokyo.ac.jp/ja/library/contents/archives-top/reuse,http://tify.sub.uni-goettingen.de/demo.html?manifest=https://archdataset.dl.itc.u-tokyo.ac.jp/manifest/c8f6e88e-80f1-4012-992d-70748707d9d0.json,c8f6e88e-80f1-4012-992d-70748707d9d0,https://iiif.dl.itc.u-tokyo.ac.jp/repo/s/tanaka,https://iiif.dl.itc.u-tokyo.ac.jp/repo/s/tanaka/document/c8f6e88e-80f1-4012-992d-70748707d9d0,https://iiif.dl.itc.u-tokyo.ac.jp/repo/files/medium/69f5524624659749a5e18839cb003c71b0a1a311.jpg,https://iiif.dl.itc.u-tokyo.ac.jp/repo/api/items/25239,"東京大学総合図書館 General Library in the University of Tokyo, JAPAN",http://iiif.io/api/presentation/2#rightToLeftDirection,,田中芳男・博物学コレクション,00000085,,https://iiif.dl.itc.u-tokyo.ac.jp/repo/iiif/c8f6e88e-80f1-4012-992d-70748707d9d0/manifest,,,,,114
捃拾帖 九十,クンシュウジョウ 90,,,大正四四月静岡県開設大日本山林会第二十五回総会,,第86冊,A00:6010,田中芳男,164,,,,,,,,https://www.lib.u-tokyo.ac.jp/ja/library/contents/archives-top/reuse,http://tify.sub.uni-goettingen.de/demo.html?manifest=https://archdataset.dl.itc.u-tokyo.ac.jp/manifest/a9055dc2-460a-42fd-8d6e-3be8e4f7a253.json,a9055dc2-460a-42fd-8d6e-3be8e4f7a253,https://iiif.dl.itc.u-tokyo.ac.jp/repo/s/tanaka,https://iiif.dl.itc.u-tokyo.ac.jp/repo/s/tanaka/document/a9055dc2-460a-42fd-8d6e-3be8e4f7a253,https://iiif.dl.itc.u-tokyo.ac.jp/repo/files/medium/42586d76536b5a060c84973e2e102d7788e7f07e.jpg,https://iiif.dl.itc.u-tokyo.ac.jp/repo/api/items/25238,"東京大学総合図書館 General Library in the University of Tokyo, JAPAN",http://iiif.io/api/presentation/2#rightToLeftDirection,,田中芳男・博物学コレクション,00000086,,https://iiif.dl.itc.u-tokyo.ac.jp/repo/iiif/a9055dc2-460a-42fd-8d6e-3be8e4f7a253/manifest,,,,,164
捃拾帖 九一,クンシュウジョウ 91,,,大正四年ノ第二ノ貼附ナリ但シ四月静岡県出張十月朝鮮出張十一月御大典京都出張ハ別冊トス (飯田町行ノ分ハ入レル),,第87冊,A00:6010,田中芳男,162,,,,,,,,https://www.lib.u-tokyo.ac.jp/ja/library/contents/archives-top/reuse,http://tify.sub.uni-goettingen.de/demo.html?manifest=https://archdataset.dl.itc.u-tokyo.ac.jp/manifest/1075aa77-448a-4d85-8c02-867135fa524e.json,1075aa77-448a-4d85-8c02-867135fa524e,https://iiif.dl.itc.u-tokyo.ac.jp/repo/s/tanaka,https://iiif.dl.itc.u-tokyo.ac.jp/repo/s/tanaka/document/1075aa77-448a-4d85-8c02-867135fa524e,https://iiif.dl.itc.u-tokyo.ac.jp/repo/files/medium/1cf22ba9658af9498cd8d959f5e956d8e82e4b3c.jpg,https://iiif.dl.itc.u-tokyo.ac.jp/repo/api/items/25191,"東京大学総合図書館 General Library in the University of Tokyo, JAPAN",http://iiif.io/api/presentation/2#rightToLeftDirection,,田中芳男・博物学コレクション,00000087,,https://iiif.dl.itc.u-tokyo.ac.jp/repo/iiif/1075aa77-448a-4d85-8c02-867135fa524e/manifest,,,,,162
捃拾帖 九二,クンシュウジョウ 92,,,大正四年十月朝鮮共進会出張之際,,第88冊,A00:6010,田中芳男,115,,,,,,,,https://www.lib.u-tokyo.ac.jp/ja/library/contents/archives-top/reuse,http://tify.sub.uni-goettingen.de/demo.html?manifest=https://archdataset.dl.itc.u-tokyo.ac.jp/manifest/a6d5491b-7a43-4082-819b-b98c2d026b94.json,a6d5491b-7a43-4082-819b-b98c2d026b94,https://iiif.dl.itc.u-tokyo.ac.jp/repo/s/tanaka,https://iiif.dl.itc.u-tokyo.ac.jp/repo/s/tanaka/document/a6d5491b-7a43-4082-819b-b98c2d026b94,https://iiif.dl.itc.u-tokyo.ac.jp/repo/files/medium/de4330b62e46653aeda13b4c1c074b5495517424.jpg,https://iiif.dl.itc.u-tokyo.ac.jp/repo/api/items/25180,"東京大学総合図書館 General Library in the University of Tokyo, JAPAN",http://iiif.io/api/presentation/2#rightToLeftDirection,,田中芳男・博物学コレクション,00000088,,https://iiif.dl.itc.u-tokyo.ac.jp/repo/iiif/a6d5491b-7a43-4082-819b-b98c2d026b94/manifest,,,,,115
捃拾帖 九三,クンシュウジョウ 93,,,大正四年十一月京都出張 御大典関係其外印刷物等,,第89冊,A00:6010,田中芳男,246,,,,,,,,https://www.lib.u-tokyo.ac.jp/ja/library/contents/archives-top/reuse,http://tify.sub.uni-goettingen.de/demo.html?manifest=https://archdataset.dl.itc.u-tokyo.ac.jp/manifest/7529b21b-41a3-4177-ae1c-5a059ae7f4fe.json,7529b21b-41a3-4177-ae1c-5a059ae7f4fe,https://iiif.dl.itc.u-tokyo.ac.jp/repo/s/tanaka,https://iiif.dl.itc.u-tokyo.ac.jp/repo/s/tanaka/document/7529b21b-41a3-4177-ae1c-5a059ae7f4fe,https://iiif.dl.itc.u-tokyo.ac.jp/repo/files/medium/4a6ce40b96e3ed79890a25ca98e3bba6d03cf2f1.jpg,https://iiif.dl.itc.u-tokyo.ac.jp/repo/api/items/25187,"東京大学総合図書館 General Library in the University of Tokyo, JAPAN",http://iiif.io/api/presentation/2#rightToLeftDirection,,田中芳男・博物学コレクション,00000089,,https://iiif.dl.itc.u-tokyo.ac.jp/repo/iiif/7529b21b-41a3-4177-ae1c-5a059ae7f4fe/manifest,,,,,246
捃拾帖 九四,クンシュウジョウ 94,,,第十八回日本材木業連合大会 大正四年十一月五日名古屋市ニテ開会,,第90冊,A00:6010,田中芳男,74,,,,,,,,https://www.lib.u-tokyo.ac.jp/ja/library/contents/archives-top/reuse,http://tify.sub.uni-goettingen.de/demo.html?manifest=https://archdataset.dl.itc.u-tokyo.ac.jp/manifest/173cf4f6-e59c-4767-94f1-56724de7c41b.json,173cf4f6-e59c-4767-94f1-56724de7c41b,https://iiif.dl.itc.u-tokyo.ac.jp/repo/s/tanaka,https://iiif.dl.itc.u-tokyo.ac.jp/repo/s/tanaka/document/173cf4f6-e59c-4767-94f1-56724de7c41b,https://iiif.dl.itc.u-tokyo.ac.jp/repo/files/medium/9c83915442a4e8b2097f5659dae21da79b7eb442.jpg,https://iiif.dl.itc.u-tokyo.ac.jp/repo/api/items/25261,"東京大学総合図書館 General Library in the University of Tokyo, JAPAN",http://iiif.io/api/presentation/2#rightToLeftDirection,,田中芳男・博物学コレクション,00000090,,https://iiif.dl.itc.u-tokyo.ac.jp/repo/iiif/173cf4f6-e59c-4767-94f1-56724de7c41b/manifest,,,,,74
捃拾帖 九四,クンシュウジョウ 94,,,大正四年十月ヨリ大正五年五月マデ,,第91冊,A00:6010,田中芳男,143,,,,,,,,https://www.lib.u-tokyo.ac.jp/ja/library/contents/archives-top/reuse,http://tify.sub.uni-goettingen.de/demo.html?manifest=https://archdataset.dl.itc.u-tokyo.ac.jp/manifest/0fe2056e-ed9e-4f98-8bcb-fb34d74c8900.json,0fe2056e-ed9e-4f98-8bcb-fb34d74c8900,https://iiif.dl.itc.u-tokyo.ac.jp/repo/s/tanaka,https://iiif.dl.itc.u-tokyo.ac.jp/repo/s/tanaka/document/0fe2056e-ed9e-4f98-8bcb-fb34d74c8900,https://iiif.dl.itc.u-tokyo.ac.jp/repo/files/medium/b5507360c560f4228c0fc8a0bdc2f7a7cc7cf95d.jpg,https://iiif.dl.itc.u-tokyo.ac.jp/repo/api/items/25211,"東京大学総合図書館 General Library in the University of Tokyo, JAPAN",http://iiif.io/api/presentation/2#rightToLeftDirection,,田中芳男・博物学コレクション,00000091,,https://iiif.dl.itc.u-tokyo.ac.jp/repo/iiif/0fe2056e-ed9e-4f98-8bcb-fb34d74c8900/manifest,,,,,143
捃拾帖 九五,クンシュウジョウ 95,,,大正五年六月終,,第92冊,A00:6010,田中芳男,143,,,,,,,,https://www.lib.u-tokyo.ac.jp/ja/library/contents/archives-top/reuse,http://tify.sub.uni-goettingen.de/demo.html?manifest=https://archdataset.dl.itc.u-tokyo.ac.jp/manifest/5e421818-26f3-4b60-b01d-c917afc75c38.json,5e421818-26f3-4b60-b01d-c917afc75c38,https://iiif.dl.itc.u-tokyo.ac.jp/repo/s/tanaka,https://iiif.dl.itc.u-tokyo.ac.jp/repo/s/tanaka/document/5e421818-26f3-4b60-b01d-c917afc75c38,https://iiif.dl.itc.u-tokyo.ac.jp/repo/files/medium/ed107760408b0f1f5318980f2b0f3d348d5403ea.jpg,https://iiif.dl.itc.u-tokyo.ac.jp/repo/api/items/25214,"東京大学総合図書館 General Library in the University of Tokyo, JAPAN",http://iiif.io/api/presentation/2#rightToLeftDirection,,田中芳男・博物学コレクション,00000092,,https://iiif.dl.itc.u-tokyo.ac.jp/repo/iiif/5e421818-26f3-4b60-b01d-c917afc75c38/manifest,,,,,143
捃拾帖 附録,クンシュウジョウ フロク,紙之品種,,維新前ヨリ貯ヘシモノヲ今漫ニ貼附スルノミ 田中芳男,,第93冊,A00:6010,田中芳男,52,,,,,,,,https://www.lib.u-tokyo.ac.jp/ja/library/contents/archives-top/reuse,http://tify.sub.uni-goettingen.de/demo.html?manifest=https://archdataset.dl.itc.u-tokyo.ac.jp/manifest/2612c83e-706c-45a1-8ed6-1df7fa60a405.json,2612c83e-706c-45a1-8ed6-1df7fa60a405,https://iiif.dl.itc.u-tokyo.ac.jp/repo/s/tanaka,https://iiif.dl.itc.u-tokyo.ac.jp/repo/s/tanaka/document/2612c83e-706c-45a1-8ed6-1df7fa60a405,https://iiif.dl.itc.u-tokyo.ac.jp/repo/files/medium/509f398c95b5d3b2ceb058fdb1cacc9f58a4b6f7.jpg,https://iiif.dl.itc.u-tokyo.ac.jp/repo/api/items/25269,"東京大学総合図書館 General Library in the University of Tokyo, JAPAN",http://iiif.io/api/presentation/2#rightToLeftDirection,,田中芳男・博物学コレクション,00000093,,https://iiif.dl.itc.u-tokyo.ac.jp/repo/iiif/2612c83e-706c-45a1-8ed6-1df7fa60a405/manifest,,,,,52
新古大捃拾帖,シンコ ダイクンシュウジョウ,,,従前ノ末ヘ尚増加一冊トス 大正二年三月十日成 田中芳男,,,A00:6010,田中芳男,354,,,,,,,,https://www.lib.u-tokyo.ac.jp/ja/library/contents/archives-top/reuse,http://tify.sub.uni-goettingen.de/demo.html?manifest=https://archdataset.dl.itc.u-tokyo.ac.jp/manifest/f04d8345-93d2-4fd0-9d76-c07efb99d99f.json,f04d8345-93d2-4fd0-9d76-c07efb99d99f,https://iiif.dl.itc.u-tokyo.ac.jp/repo/s/tanaka,https://iiif.dl.itc.u-tokyo.ac.jp/repo/s/tanaka/document/f04d8345-93d2-4fd0-9d76-c07efb99d99f,https://iiif.dl.itc.u-tokyo.ac.jp/repo/files/medium/c7ac42e01a1209131465af99a4fa7222c0707e8b.jpg,https://iiif.dl.itc.u-tokyo.ac.jp/repo/api/items/25279,"東京大学総合図書館 General Library in the University of Tokyo, JAPAN",http://iiif.io/api/presentation/2#rightToLeftDirection,,田中芳男・博物学コレクション,00000094,,https://iiif.dl.itc.u-tokyo.ac.jp/repo/iiif/f04d8345-93d2-4fd0-9d76-c07efb99d99f/manifest,,,,,353
博物帖,ハクブツチョウ,,,,,,A00:6011,田中芳男,200,,折本。「表紙」「表面・見開き(2面)」「裏表紙」「裏面・見開き(2面)」の順番で撮影。,,,,,,https://www.lib.u-tokyo.ac.jp/ja/library/contents/archives-top/reuse,http://tify.sub.uni-goettingen.de/demo.html?manifest=https://archdataset.dl.itc.u-tokyo.ac.jp/manifest/1cf47d2f-3c9f-4466-b632-f9a431789234.json,1cf47d2f-3c9f-4466-b632-f9a431789234,https://iiif.dl.itc.u-tokyo.ac.jp/repo/s/tanaka,https://iiif.dl.itc.u-tokyo.ac.jp/repo/s/tanaka/document/1cf47d2f-3c9f-4466-b632-f9a431789234,https://iiif.dl.itc.u-tokyo.ac.jp/repo/files/medium/61b21a0ef9e1fadd5c7eeeb52a8128d68dbb0d62.jpg,https://iiif.dl.itc.u-tokyo.ac.jp/repo/api/items/25223,"東京大学総合図書館 General Library in the University of Tokyo, JAPAN",http://iiif.io/api/presentation/2#rightToLeftDirection,,田中芳男・博物学コレクション,00000095,,https://iiif.dl.itc.u-tokyo.ac.jp/repo/iiif/1cf47d2f-3c9f-4466-b632-f9a431789234/manifest,,,,,200
捃拾印刷雑帖,クンシュウ インサツ ザツジョウ,,,明治三十年神戸市第二回資産博覧会 夫ヨリ伊勢ニ至ルマデ 田中芳男 三十一年三月貼附畢,,,A00:6013,田中芳男,170,,,,,,,,https://www.lib.u-tokyo.ac.jp/ja/library/contents/archives-top/reuse,http://tify.sub.uni-goettingen.de/demo.html?manifest=https://archdataset.dl.itc.u-tokyo.ac.jp/manifest/87878a8b-d0d3-45fc-831e-c58d875f6560.json,87878a8b-d0d3-45fc-831e-c58d875f6560,https://iiif.dl.itc.u-tokyo.ac.jp/repo/s/tanaka,https://iiif.dl.itc.u-tokyo.ac.jp/repo/s/tanaka/document/87878a8b-d0d3-45fc-831e-c58d875f6560,https://iiif.dl.itc.u-tokyo.ac.jp/repo/files/medium/b64e69ea844ff14bb091212a4ecacf148bb94bfb.jpg,https://iiif.dl.itc.u-tokyo.ac.jp/repo/api/items/25242,"東京大学総合図書館 General Library in the University of Tokyo, JAPAN",http://iiif.io/api/presentation/2#rightToLeftDirection,,田中芳男・博物学コレクション,00000096,,https://iiif.dl.itc.u-tokyo.ac.jp/repo/iiif/87878a8b-d0d3-45fc-831e-c58d875f6560/manifest,,,,,170
外国捃拾帖 一,ガイコク クンシュウジョウ 1,,,仏国博覧会之節所採集,,第1冊,A00:6141,田中芳男,54,,,,,,,,https://www.lib.u-tokyo.ac.jp/ja/library/contents/archives-top/reuse,http://tify.sub.uni-goettingen.de/demo.html?manifest=https://archdataset.dl.itc.u-tokyo.ac.jp/manifest/439de0af-e08a-476d-a4f4-db91daee0413.json,439de0af-e08a-476d-a4f4-db91daee0413,https://iiif.dl.itc.u-tokyo.ac.jp/repo/s/tanaka,https://iiif.dl.itc.u-tokyo.ac.jp/repo/s/tanaka/document/439de0af-e08a-476d-a4f4-db91daee0413,https://iiif.dl.itc.u-tokyo.ac.jp/repo/files/medium/325b71ea27f56f29b0b9608341452dbf8c468167.jpg,https://iiif.dl.itc.u-tokyo.ac.jp/repo/api/items/25218,"東京大学総合図書館 General Library in the University of Tokyo, JAPAN",http://iiif.io/api/presentation/2#rightToLeftDirection,,田中芳男・博物学コレクション,00000097,,https://iiif.dl.itc.u-tokyo.ac.jp/repo/iiif/439de0af-e08a-476d-a4f4-db91daee0413/manifest,,,,,54
外国捃拾帖 二,ガイコク クンシュウジョウ 2,,,仏国博覧会其外共,,第2冊,A00:6141,田中芳男,85,,,,,,,,https://www.lib.u-tokyo.ac.jp/ja/library/contents/archives-top/reuse,http://tify.sub.uni-goettingen.de/demo.html?manifest=https://archdataset.dl.itc.u-tokyo.ac.jp/manifest/c8e64d67-51af-4cfb-99f9-2c191ac4ef3b.json,c8e64d67-51af-4cfb-99f9-2c191ac4ef3b,https://iiif.dl.itc.u-tokyo.ac.jp/repo/s/tanaka,https://iiif.dl.itc.u-tokyo.ac.jp/repo/s/tanaka/document/c8e64d67-51af-4cfb-99f9-2c191ac4ef3b,https://iiif.dl.itc.u-tokyo.ac.jp/repo/files/medium/975ac7170b325bfa1a232ee9acca7886cb7b6403.jpg,https://iiif.dl.itc.u-tokyo.ac.jp/repo/api/items/25186,"東京大学総合図書館 General Library in the University of Tokyo, JAPAN",http://iiif.io/api/presentation/2#rightToLeftDirection,,田中芳男・博物学コレクション,00000098,,https://iiif.dl.itc.u-tokyo.ac.jp/repo/iiif/c8e64d67-51af-4cfb-99f9-2c191ac4ef3b/manifest,,,,,85
外国捃拾帖 三,ガイコク クンシュウジョウ 3,,,墺国博覧会,,第3冊,A00:6141,田中芳男,263,,,,,,,,https://www.lib.u-tokyo.ac.jp/ja/library/contents/archives-top/reuse,http://tify.sub.uni-goettingen.de/demo.html?manifest=https://archdataset.dl.itc.u-tokyo.ac.jp/manifest/e4756874-9c62-4abf-9588-ab6b243df0ba.json,e4756874-9c62-4abf-9588-ab6b243df0ba,https://iiif.dl.itc.u-tokyo.ac.jp/repo/s/tanaka,https://iiif.dl.itc.u-tokyo.ac.jp/repo/s/tanaka/document/e4756874-9c62-4abf-9588-ab6b243df0ba,https://iiif.dl.itc.u-tokyo.ac.jp/repo/files/medium/50ddc71376a8152ae48162cc81b93be87c2e3b9e.jpg,https://iiif.dl.itc.u-tokyo.ac.jp/repo/api/items/25210,"東京大学総合図書館 General Library in the University of Tokyo, JAPAN",http://iiif.io/api/presentation/2#rightToLeftDirection,,田中芳男・博物学コレクション,00000099,,https://iiif.dl.itc.u-tokyo.ac.jp/repo/iiif/e4756874-9c62-4abf-9588-ab6b243df0ba/manifest,,,,,263
外国捃拾帖 四,ガイコク クンシュウジョウ 4,,,米国博覧会,,第4冊,A00:6141,田中芳男,179,,,,,,,,https://www.lib.u-tokyo.ac.jp/ja/library/contents/archives-top/reuse,http://tify.sub.uni-goettingen.de/demo.html?manifest=https://archdataset.dl.itc.u-tokyo.ac.jp/manifest/28f334b3-8ef0-4e98-92d8-1f055514cef3.json,28f334b3-8ef0-4e98-92d8-1f055514cef3,https://iiif.dl.itc.u-tokyo.ac.jp/repo/s/tanaka,https://iiif.dl.itc.u-tokyo.ac.jp/repo/s/tanaka/document/28f334b3-8ef0-4e98-92d8-1f055514cef3,https://iiif.dl.itc.u-tokyo.ac.jp/repo/files/medium/3ca737058ec58a6b796d287d68a4a66e02fbb257.jpg,https://iiif.dl.itc.u-tokyo.ac.jp/repo/api/items/25246,"東京大学総合図書館 General Library in the University of Tokyo, JAPAN",http://iiif.io/api/presentation/2#rightToLeftDirection,,田中芳男・博物学コレクション,00000100,,https://iiif.dl.itc.u-tokyo.ac.jp/repo/iiif/28f334b3-8ef0-4e98-92d8-1f055514cef3/manifest,,,,,179
外国捃拾帖 五,ガイコク クンシュウジョウ 5,,,米国博覧会其外共,,第5冊,A00:6141,田中芳男,336,,,,,,,,https://www.lib.u-tokyo.ac.jp/ja/library/contents/archives-top/reuse,http://tify.sub.uni-goettingen.de/demo.html?manifest=https://archdataset.dl.itc.u-tokyo.ac.jp/manifest/b9e50108-b8b0-43e5-ae16-c5c51d3e457c.json,b9e50108-b8b0-43e5-ae16-c5c51d3e457c,https://iiif.dl.itc.u-tokyo.ac.jp/repo/s/tanaka,https://iiif.dl.itc.u-tokyo.ac.jp/repo/s/tanaka/document/b9e50108-b8b0-43e5-ae16-c5c51d3e457c,https://iiif.dl.itc.u-tokyo.ac.jp/repo/files/medium/56c652c72aff65091d673e020b6c22a140c69f72.jpg,https://iiif.dl.itc.u-tokyo.ac.jp/repo/api/items/25198,"東京大学総合図書館 General Library in the University of Tokyo, JAPAN",http://iiif.io/api/presentation/2#rightToLeftDirection,,田中芳男・博物学コレクション,00000101,,https://iiif.dl.itc.u-tokyo.ac.jp/repo/iiif/b9e50108-b8b0-43e5-ae16-c5c51d3e457c/manifest,,,,,335
麞説,ショウセツ,,,"写本|書名は題簽による|大尾に「天保九嵗十月十日 會主 萬香亭/資生/寒泉/四季/東溟/石壽/清雅」とあり|版心下部に「萬香亭」とある罫紙を使用|色絵あり|折り込み貼交帖1枚あり|印記: 「多適」, 「游於藝」, 「萬香文庫」(前田利保), 「男爵田中美津男氏寄贈先代田中芳男男旧藏書/昭和七年」|虫損あり",,,A00:5841,栗本 丹洲,,1,,栗本昌臧 [自筆],文政3 [1820] 本文末,日本語,図書,,https://www.lib.u-tokyo.ac.jp/ja/library/contents/archives-top/reuse,http://tify.sub.uni-goettingen.de/demo.html?manifest=https://archdataset.dl.itc.u-tokyo.ac.jp/manifest/7e5d4743-2f98-85b0-5562-08bbc24e27bd.json,7e5d4743-2f98-85b0-5562-08bbc24e27bd,https://iiif.dl.itc.u-tokyo.ac.jp/repo/s/tanaka/,https://iiif.dl.itc.u-tokyo.ac.jp/repo/s/tanaka/document/7e5d4743-2f98-85b0-5562-08bbc24e27bd,https://iiif.dl.itc.u-tokyo.ac.jp/repo/files/medium/0f6abbe2b84d57b2327f42fbbd2d27ef0b766307.jpg,https://iiif.dl.itc.u-tokyo.ac.jp/repo/api/items/1300586,"東京大学総合図書館 General Library, The University of Tokyo, JAPAN",http://iiif.io/api/presentation/2#rightToLeftDirection,,田中芳男・博物学コレクション,0244,,https://iiif.dl.itc.u-tokyo.ac.jp/repo/iiif/7e5d4743-2f98-85b0-5562-08bbc24e27bd/manifest,,,,,8
砂挼子蠨蛸圖説,サダシ ショウショウ ズセツ,,,写本|巻末の識語に「此蟲譜ハ尾張名古屋藩士雀巣庵吉田平九郎君ノ著より名古屋水谷助六ニ頼み写し了ルハ廾二年春ニテアリし今装針シテ五冊とナス 廾三年二月田芳記」とあり|題簽による巻冊次表示: 1-2: 蜂類. 3-4: 蛾類. 5-6: 甲蟲類. 7: 蝿類. 8: 雜蟲類. 9: 䘀螽類. 10: 蜻蜓類. 11: 蜘蛛類|彩色あり|印記: 「男爵田中美津男氏寄贈先代田中芳男男旧藏書/昭和七年」,,,A00:5846,前田 利保,,1,,[前田利保] [写],天保9 [1838]  巻末,日本語,図書,,https://www.lib.u-tokyo.ac.jp/ja/library/contents/archives-top/reuse,http://tify.sub.uni-goettingen.de/demo.html?manifest=https://archdataset.dl.itc.u-tokyo.ac.jp/manifest/7cad50bc-8b40-0117-a3e8-6192b16630bc.json,7cad50bc-8b40-0117-a3e8-6192b16630bc,https://iiif.dl.itc.u-tokyo.ac.jp/repo/s/tanaka/,https://iiif.dl.itc.u-tokyo.ac.jp/repo/s/tanaka/document/7cad50bc-8b40-0117-a3e8-6192b16630bc,https://iiif.dl.itc.u-tokyo.ac.jp/repo/files/medium/3a702ab13df89074f6f6daff467e3076479ab24f.jpg,https://iiif.dl.itc.u-tokyo.ac.jp/repo/api/items/1300585,"東京大学総合図書館 General Library, The University of Tokyo, JAPAN",http://iiif.io/api/presentation/2#rightToLeftDirection,,田中芳男・博物学コレクション,0245,,https://iiif.dl.itc.u-tokyo.ac.jp/repo/iiif/7cad50bc-8b40-0117-a3e8-6192b16630bc/manifest,,,,,23
蟲譜 11巻 [1],チュウフ,,,写本|巻末の識語に「此蟲譜ハ尾張名古屋藩士雀巣庵吉田平九郎君ノ著より名古屋水谷助六ニ頼み写し了ルハ廾二年春ニテアリし今装針シテ五冊とナス 廾三年二月田芳記」とあり|題簽による巻冊次表示: 1-2: 蜂類. 3-4: 蛾類. 5-6: 甲蟲類. 7: 蝿類. 8: 雜蟲類. 9: 䘀螽類. 10: 蜻蜓類. 11: 蜘蛛類|彩色あり|印記: 「男爵田中美津男氏寄贈先代田中芳男男旧藏書/昭和七年」,,,A00:5848,吉田 高憲,,5,,水谷助六 [写],明治22 [1889],日本語,図書,,https://www.lib.u-tokyo.ac.jp/ja/library/contents/archives-top/reuse,http://tify.sub.uni-goettingen.de/demo.html?manifest=https://archdataset.dl.itc.u-tokyo.ac.jp/manifest/7c5f89ba-7edc-8fc9-4100-3205c5c57e63.json,7c5f89ba-7edc-8fc9-4100-3205c5c57e63,https://iiif.dl.itc.u-tokyo.ac.jp/repo/s/tanaka/,https://iiif.dl.itc.u-tokyo.ac.jp/repo/s/tanaka/document/7c5f89ba-7edc-8fc9-4100-3205c5c57e63,https://iiif.dl.itc.u-tokyo.ac.jp/repo/files/medium/27d93efcfde1c3eaad4859322e6de22735d58156.jpg,https://iiif.dl.itc.u-tokyo.ac.jp/repo/api/items/1300584,"東京大学総合図書館 General Library, The University of Tokyo, JAPAN",http://iiif.io/api/presentation/2#rightToLeftDirection,,田中芳男・博物学コレクション,0246,,https://iiif.dl.itc.u-tokyo.ac.jp/repo/iiif/7c5f89ba-7edc-8fc9-4100-3205c5c57e63/manifest,,,,,123
蟲譜 11巻 [2],チュウフ,,,写本|巻末の識語に「此蟲譜ハ尾張名古屋藩士雀巣庵吉田平九郎君ノ著より名古屋水谷助六ニ頼み写し了ルハ廾二年春ニテアリし今装針シテ五冊とナス 廾三年二月田芳記」とあり|題簽による巻冊次表示: 1-2: 蜂類. 3-4: 蛾類. 5-6: 甲蟲類. 7: 蝿類. 8: 雜蟲類. 9: 䘀螽類. 10: 蜻蜓類. 11: 蜘蛛類|彩色あり|印記: 「男爵田中美津男氏寄贈先代田中芳男男旧藏書/昭和七年」,,,A00:5848,吉田 高憲,,5,,水谷助六 [写],明治22 [1889],日本語,図書,,https://www.lib.u-tokyo.ac.jp/ja/library/contents/archives-top/reuse,http://tify.sub.uni-goettingen.de/demo.html?manifest=https://archdataset.dl.itc.u-tokyo.ac.jp/manifest/1a75956d-7d56-5518-6084-f471511256c6.json,1a75956d-7d56-5518-6084-f471511256c6,https://iiif.dl.itc.u-tokyo.ac.jp/repo/s/tanaka/,https://iiif.dl.itc.u-tokyo.ac.jp/repo/s/tanaka/document/1a75956d-7d56-5518-6084-f471511256c6,https://iiif.dl.itc.u-tokyo.ac.jp/repo/files/medium/1e2705a4f4ad7f092d67ab8f20286f176f2364fa.jpg,https://iiif.dl.itc.u-tokyo.ac.jp/repo/api/items/1300583,"東京大学総合図書館 General Library, The University of Tokyo, JAPAN",http://iiif.io/api/presentation/2#rightToLeftDirection,,田中芳男・博物学コレクション,0247,,https://iiif.dl.itc.u-tokyo.ac.jp/repo/iiif/1a75956d-7d56-5518-6084-f471511256c6/manifest,,,,,121
蟲譜 11巻 [3],チュウフ,,,写本|巻末の識語に「此蟲譜ハ尾張名古屋藩士雀巣庵吉田平九郎君ノ著より名古屋水谷助六ニ頼み写し了ルハ廾二年春ニテアリし今装針シテ五冊とナス 廾三年二月田芳記」とあり|題簽による巻冊次表示: 1-2: 蜂類. 3-4: 蛾類. 5-6: 甲蟲類. 7: 蝿類. 8: 雜蟲類. 9: 䘀螽類. 10: 蜻蜓類. 11: 蜘蛛類|彩色あり|印記: 「男爵田中美津男氏寄贈先代田中芳男男旧藏書/昭和七年」,,,A00:5848,吉田 高憲,,5,,水谷助六 [写],明治22 [1889],日本語,図書,,https://www.lib.u-tokyo.ac.jp/ja/library/contents/archives-top/reuse,http://tify.sub.uni-goettingen.de/demo.html?manifest=https://archdataset.dl.itc.u-tokyo.ac.jp/manifest/a4d82719-9819-4924-91d1-fbb3b5ce2679.json,a4d82719-9819-4924-91d1-fbb3b5ce2679,https://iiif.dl.itc.u-tokyo.ac.jp/repo/s/tanaka/,https://iiif.dl.itc.u-tokyo.ac.jp/repo/s/tanaka/document/a4d82719-9819-4924-91d1-fbb3b5ce2679,https://iiif.dl.itc.u-tokyo.ac.jp/repo/files/medium/ce875ee7d991efab3c4bf99808da22ee68a8c89b.jpg,https://iiif.dl.itc.u-tokyo.ac.jp/repo/api/items/1300582,"東京大学総合図書館 General Library, The University of Tokyo, JAPAN",http://iiif.io/api/presentation/2#rightToLeftDirection,,田中芳男・博物学コレクション,0248,,https://iiif.dl.itc.u-tokyo.ac.jp/repo/iiif/a4d82719-9819-4924-91d1-fbb3b5ce2679/manifest,,,,,148
蟲譜 11巻 [4],チュウフ,,,写本|巻末の識語に「此蟲譜ハ尾張名古屋藩士雀巣庵吉田平九郎君ノ著より名古屋水谷助六ニ頼み写し了ルハ廾二年春ニテアリし今装針シテ五冊とナス 廾三年二月田芳記」とあり|題簽による巻冊次表示: 1-2: 蜂類. 3-4: 蛾類. 5-6: 甲蟲類. 7: 蝿類. 8: 雜蟲類. 9: 䘀螽類. 10: 蜻蜓類. 11: 蜘蛛類|彩色あり|印記: 「男爵田中美津男氏寄贈先代田中芳男男旧藏書/昭和七年」,,,A00:5848,吉田 高憲,,5,,水谷助六 [写],明治22 [1889],日本語,図書,,https://www.lib.u-tokyo.ac.jp/ja/library/contents/archives-top/reuse,http://tify.sub.uni-goettingen.de/demo.html?manifest=https://archdataset.dl.itc.u-tokyo.ac.jp/manifest/a961bffa-48a4-0ab7-5467-acb5a5e2577f.json,a961bffa-48a4-0ab7-5467-acb5a5e2577f,https://iiif.dl.itc.u-tokyo.ac.jp/repo/s/tanaka/,https://iiif.dl.itc.u-tokyo.ac.jp/repo/s/tanaka/document/a961bffa-48a4-0ab7-5467-acb5a5e2577f,https://iiif.dl.itc.u-tokyo.ac.jp/repo/files/medium/17a5fc67151b244a56596a705e04f6f80d72d584.jpg,https://iiif.dl.itc.u-tokyo.ac.jp/repo/api/items/1300581,"東京大学総合図書館 General Library, The University of Tokyo, JAPAN",http://iiif.io/api/presentation/2#rightToLeftDirection,,田中芳男・博物学コレクション,0249,,https://iiif.dl.itc.u-tokyo.ac.jp/repo/iiif/a961bffa-48a4-0ab7-5467-acb5a5e2577f/manifest,,,,,128
蟲譜 11巻 [5],チュウフ,,,"写本|書名は序首による|後付題簽の書名: 栁南鯨記|小口書: 柳南鯨記|原題簽の書名: 鯨族譜 : 肥前州大村捕鯨圖|原序の書名: 小兒の弄鯨一件の巻|序に「今茲己未臘月肥前唐津人攸々軒所著漁鯨記二巻余幸得其一取而覧之鯨魚之記至矣盡矣因摸之藏千家巻末以余所考補鯨尓之不足也 ... 栁南谷村元珉源純甫識」とあり|図末に「井口言忠冩」とあり|帖末に「安永二年癸巳春二月 木﨑攸軒入道盛標 行年六十二歳識」, 「嘉永元戊申年初夏 泰光書之」とあり|題簽に「寛政十一年著ナルベシ」とあり|題簽による巻冊次表示: 上, 下|彩色あり|田中芳男より付箋, 識語あり|折本|印記: 「竹亭」, 「東里」(井口言忠), 「男爵田中美津男氏寄贈先代田中芳男男旧藏書/昭和七年」",,,A00:5848,吉田 高憲,,5,,水谷助六 [写],明治22 [1889],日本語,図書,,https://www.lib.u-tokyo.ac.jp/ja/library/contents/archives-top/reuse,http://tify.sub.uni-goettingen.de/demo.html?manifest=https://archdataset.dl.itc.u-tokyo.ac.jp/manifest/b875e628-6a05-2b88-4916-031486a802f6.json,b875e628-6a05-2b88-4916-031486a802f6,https://iiif.dl.itc.u-tokyo.ac.jp/repo/s/tanaka/,https://iiif.dl.itc.u-tokyo.ac.jp/repo/s/tanaka/document/b875e628-6a05-2b88-4916-031486a802f6,https://iiif.dl.itc.u-tokyo.ac.jp/repo/files/medium/111fed46e6fbdfafcea26864b59a645399c4bafd.jpg,https://iiif.dl.itc.u-tokyo.ac.jp/repo/api/items/1300580,"東京大学総合図書館 General Library, The University of Tokyo, JAPAN",http://iiif.io/api/presentation/2#rightToLeftDirection,,田中芳男・博物学コレクション,0250,,https://iiif.dl.itc.u-tokyo.ac.jp/repo/iiif/b875e628-6a05-2b88-4916-031486a802f6/manifest,,,,,143
鯨記 1巻補遺1巻 [1],リュウナン ゲイキ,,,"写本|書名は序首による|後付題簽の書名: 栁南鯨記|小口書: 柳南鯨記|原題簽の書名: 鯨族譜 : 肥前州大村捕鯨圖|原序の書名: 小兒の弄鯨一件の巻|序に「今茲己未臘月肥前唐津人攸々軒所著漁鯨記二巻余幸得其一取而覧之鯨魚之記至矣盡矣因摸之藏千家巻末以余所考補鯨尓之不足也 ... 栁南谷村元珉源純甫識」とあり|図末に「井口言忠冩」とあり|帖末に「安永二年癸巳春二月 木﨑攸軒入道盛標 行年六十二歳識」, 「嘉永元戊申年初夏 泰光書之」とあり|題簽に「寛政十一年著ナルベシ」とあり|題簽による巻冊次表示: 上, 下|彩色あり|田中芳男より付箋, 識語あり|折本|印記: 「竹亭」, 「東里」(井口言忠), 「男爵田中美津男氏寄贈先代田中芳男男旧藏書/昭和七年」",,,A00:5849,木崎 悠々軒,,2,,泰光 [写],嘉永元 [1848],日本語,図書,,https://www.lib.u-tokyo.ac.jp/ja/library/contents/archives-top/reuse,http://tify.sub.uni-goettingen.de/demo.html?manifest=https://archdataset.dl.itc.u-tokyo.ac.jp/manifest/d3e65946-3576-690c-a384-9366ff683644.json,d3e65946-3576-690c-a384-9366ff683644,https://iiif.dl.itc.u-tokyo.ac.jp/repo/s/tanaka/,https://iiif.dl.itc.u-tokyo.ac.jp/repo/s/tanaka/document/d3e65946-3576-690c-a384-9366ff683644,https://iiif.dl.itc.u-tokyo.ac.jp/repo/files/medium/377073b40d6de44dbb543c5eb2ed3b3dc794b147.jpg,https://iiif.dl.itc.u-tokyo.ac.jp/repo/api/items/1300579,"東京大学総合図書館 General Library, The University of Tokyo, JAPAN",http://iiif.io/api/presentation/2#rightToLeftDirection,,田中芳男・博物学コレクション,0251,,https://iiif.dl.itc.u-tokyo.ac.jp/repo/iiif/d3e65946-3576-690c-a384-9366ff683644/manifest,,,,,32
鯨記 1巻補遺1巻 [2],リュウナン ゲイキ,,,写本|奥書に「享保二十夘年六月廿八日大藏弥右衞門廃教方ヨリ来ル同七月三日曇ルフジ南風少シ吹大原重株不猒殘晨写之終畢」とあり|おもに図版|彩色あり|折本|印記: 「男爵田中美津男氏寄贈先代田中芳男男旧藏書/昭和七年」|虫損あり (裏打ち補修あり),,,A00:5849,木崎 悠々軒,,2,,泰光 [写],嘉永元 [1848],日本語,図書,,https://www.lib.u-tokyo.ac.jp/ja/library/contents/archives-top/reuse,http://tify.sub.uni-goettingen.de/demo.html?manifest=https://archdataset.dl.itc.u-tokyo.ac.jp/manifest/92907525-506e-1fbc-4393-5911df301756.json,92907525-506e-1fbc-4393-5911df301756,https://iiif.dl.itc.u-tokyo.ac.jp/repo/s/tanaka/,https://iiif.dl.itc.u-tokyo.ac.jp/repo/s/tanaka/document/92907525-506e-1fbc-4393-5911df301756,https://iiif.dl.itc.u-tokyo.ac.jp/repo/files/medium/c446f9ca06b3796fc19db635cb34a5ac0372e98e.jpg,https://iiif.dl.itc.u-tokyo.ac.jp/repo/api/items/1300578,"東京大学総合図書館 General Library, The University of Tokyo, JAPAN",http://iiif.io/api/presentation/2#rightToLeftDirection,,田中芳男・博物学コレクション,0252,,https://iiif.dl.itc.u-tokyo.ac.jp/repo/iiif/92907525-506e-1fbc-4393-5911df301756/manifest,,,,,26
南紀熊野浦漁者太地角右衞門所藏鯨魚種品圖目,ナンキ クマノウラ ギョシャ タイジ カクエモン ショゾウ ゲイギョ シュヒン ズモク,,,写本|序の書名: 鯨鰌圖|跋中の書名: 海鰌鯨之圖|序末に「于時享保十三戊申暦三月下旬 神田玄泉慎序」とあり|跋に「神田先生所著之海鰌鯨之圖全備矣享保戊申春三月中旬書騰成焉故跋 木村尚言」とあり|奥書に「嘉永六年癸丑十一月十有五日寫之 吉田雀巣庵主人」とあり|彩色あり|折本|後見返しに田中芳男の識語あり|印記: 「男爵田中美津男氏寄贈先代田中芳男男旧藏書/昭和七年」,,,A00:5850,大原 重株,,1,,大原重株 [自筆],享保20 [1735] 奥書,日本語,図書,,https://www.lib.u-tokyo.ac.jp/ja/library/contents/archives-top/reuse,http://tify.sub.uni-goettingen.de/demo.html?manifest=https://archdataset.dl.itc.u-tokyo.ac.jp/manifest/61a4b70b-134d-8fc7-817f-2354857c48d3.json,61a4b70b-134d-8fc7-817f-2354857c48d3,https://iiif.dl.itc.u-tokyo.ac.jp/repo/s/tanaka/,https://iiif.dl.itc.u-tokyo.ac.jp/repo/s/tanaka/document/61a4b70b-134d-8fc7-817f-2354857c48d3,https://iiif.dl.itc.u-tokyo.ac.jp/repo/files/medium/5b5d45eb3766969f9bfc39367feccc3efe1fde27.jpg,https://iiif.dl.itc.u-tokyo.ac.jp/repo/api/items/1300577,"東京大学総合図書館 General Library, The University of Tokyo, JAPAN",http://iiif.io/api/presentation/2#rightToLeftDirection,,田中芳男・博物学コレクション,0253,,https://iiif.dl.itc.u-tokyo.ac.jp/repo/iiif/61a4b70b-134d-8fc7-817f-2354857c48d3/manifest,,,,,18
鯨鰌正圖,ゲイシュウ セイズ,,,"写本|本文中に「文政十二年」, 頭書に「弘化二年」との記述あり|巻末に「文化甲戌夏四月より張州高泉道人識」とあり|卷之1:水禽. 卷之2: 原禽. 卷之3:林禽. 卷之4:山禽. 卷之5:異邦禽. 卷之6:附録|題簽による巻冊次表示: 上, 中, 下|四周単辺有界11行罫紙を使用|頭注あり|印記: 「紀伊小原八三郎源良直藏書乃記」(小原良直), 「男爵田中美津男氏寄贈先代田中芳男男旧藏書/昭和七年」|虫損あり",,,A00:5851,百 松玄,,1,,吉田雀巣庵 [写],嘉永6 [1853] 奥書,日本語,図書,,https://www.lib.u-tokyo.ac.jp/ja/library/contents/archives-top/reuse,http://tify.sub.uni-goettingen.de/demo.html?manifest=https://archdataset.dl.itc.u-tokyo.ac.jp/manifest/fab6c8ed-1aa9-5aa1-13f0-34e84c4b98a5.json,fab6c8ed-1aa9-5aa1-13f0-34e84c4b98a5,https://iiif.dl.itc.u-tokyo.ac.jp/repo/s/tanaka/,https://iiif.dl.itc.u-tokyo.ac.jp/repo/s/tanaka/document/fab6c8ed-1aa9-5aa1-13f0-34e84c4b98a5,https://iiif.dl.itc.u-tokyo.ac.jp/repo/files/medium/8e113fbd5e53610d97e7ca24e776a784990c2542.jpg,https://iiif.dl.itc.u-tokyo.ac.jp/repo/api/items/1300576,"東京大学総合図書館 General Library, The University of Tokyo, JAPAN",http://iiif.io/api/presentation/2#rightToLeftDirection,,田中芳男・博物学コレクション,0254,,https://iiif.dl.itc.u-tokyo.ac.jp/repo/iiif/fab6c8ed-1aa9-5aa1-13f0-34e84c4b98a5/manifest,,,,,19
南海禽譜 6巻 [1],ナンカイ キンフ,,,"写本|本文中に「文政十二年」, 頭書に「弘化二年」との記述あり|巻末に「文化甲戌夏四月より張州高泉道人識」とあり|卷之1:水禽. 卷之2: 原禽. 卷之3:林禽. 卷之4:山禽. 卷之5:異邦禽. 卷之6:附録|題簽による巻冊次表示: 上, 中, 下|四周単辺有界11行罫紙を使用|頭注あり|印記: 「紀伊小原八三郎源良直藏書乃記」(小原良直), 「男爵田中美津男氏寄贈先代田中芳男男旧藏書/昭和七年」|虫損あり",,,A00:5853,小原 良貴,,3,,[書写者不明],[江戸末期],日本語,図書,,https://www.lib.u-tokyo.ac.jp/ja/library/contents/archives-top/reuse,http://tify.sub.uni-goettingen.de/demo.html?manifest=https://archdataset.dl.itc.u-tokyo.ac.jp/manifest/6773b306-609d-72be-7b36-967044d09107.json,6773b306-609d-72be-7b36-967044d09107,https://iiif.dl.itc.u-tokyo.ac.jp/repo/s/tanaka/,https://iiif.dl.itc.u-tokyo.ac.jp/repo/s/tanaka/document/6773b306-609d-72be-7b36-967044d09107,https://iiif.dl.itc.u-tokyo.ac.jp/repo/files/medium/61dad2d2245c08251d3c05148872fc2e7a5913e4.jpg,https://iiif.dl.itc.u-tokyo.ac.jp/repo/api/items/1300575,"東京大学総合図書館 General Library, The University of Tokyo, JAPAN",http://iiif.io/api/presentation/2#rightToLeftDirection,,田中芳男・博物学コレクション,0255,,https://iiif.dl.itc.u-tokyo.ac.jp/repo/iiif/6773b306-609d-72be-7b36-967044d09107/manifest,,,,,44
南海禽譜 6巻 [2],ナンカイ キンフ,,,"写本|本文中に「文政十二年」, 頭書に「弘化二年」との記述あり|巻末に「文化甲戌夏四月より張州高泉道人識」とあり|卷之1:水禽. 卷之2: 原禽. 卷之3:林禽. 卷之4:山禽. 卷之5:異邦禽. 卷之6:附録|題簽による巻冊次表示: 上, 中, 下|四周単辺有界11行罫紙を使用|頭注あり|印記: 「紀伊小原八三郎源良直藏書乃記」(小原良直), 「男爵田中美津男氏寄贈先代田中芳男男旧藏書/昭和七年」|虫損あり",,,A00:5853,小原 良貴,,3,,[書写者不明],[江戸末期],日本語,図書,,https://www.lib.u-tokyo.ac.jp/ja/library/contents/archives-top/reuse,http://tify.sub.uni-goettingen.de/demo.html?manifest=https://archdataset.dl.itc.u-tokyo.ac.jp/manifest/018e5897-19da-01a0-19d4-dcaefd313231.json,018e5897-19da-01a0-19d4-dcaefd313231,https://iiif.dl.itc.u-tokyo.ac.jp/repo/s/tanaka/,https://iiif.dl.itc.u-tokyo.ac.jp/repo/s/tanaka/document/018e5897-19da-01a0-19d4-dcaefd313231,https://iiif.dl.itc.u-tokyo.ac.jp/repo/files/medium/43ee577229b00a9f113c9bf9842f879522ade632.jpg,https://iiif.dl.itc.u-tokyo.ac.jp/repo/api/items/1300574,"東京大学総合図書館 General Library, The University of Tokyo, JAPAN",http://iiif.io/api/presentation/2#rightToLeftDirection,,田中芳男・博物学コレクション,0256,,https://iiif.dl.itc.u-tokyo.ac.jp/repo/iiif/018e5897-19da-01a0-19d4-dcaefd313231/manifest,,,,,59
南海禽譜 6巻 [3],ナンカイ キンフ,,,"写本|書名は扉による|後付題簽の書名: 蟲豸類圖 : 附獸類圖|見返しに「此蟲豸類は本年水谷助六氏ノ周旋ニ因テ神波全庵氏ヨリ求メシ書籍ノ一ナリ而テ此書尾張名古屋ノ本草家雀巣庵主人ノ遺稿ナリト云フ ... 明治十九年六月二十七日  田中芳男記」との識語あり|本文に「天保六乙未七月」, 「天保十亥四月」, 「天保十一子四月」との記述あり|おもに図版|彩色あり|印記: 「神波」(神波全庵), 「男爵田中美津男氏寄贈先代田中芳男男旧藏書/昭和七年」",,,A00:5853,小原 良貴,,3,,[書写者不明],[江戸末期],日本語,図書,,https://www.lib.u-tokyo.ac.jp/ja/library/contents/archives-top/reuse,http://tify.sub.uni-goettingen.de/demo.html?manifest=https://archdataset.dl.itc.u-tokyo.ac.jp/manifest/1a863b85-25e2-9126-6ea5-fdcff5ba7f15.json,1a863b85-25e2-9126-6ea5-fdcff5ba7f15,https://iiif.dl.itc.u-tokyo.ac.jp/repo/s/tanaka/,https://iiif.dl.itc.u-tokyo.ac.jp/repo/s/tanaka/document/1a863b85-25e2-9126-6ea5-fdcff5ba7f15,https://iiif.dl.itc.u-tokyo.ac.jp/repo/files/medium/a9b08025a37822670a80510ade6a6d4bb1410eb1.jpg,https://iiif.dl.itc.u-tokyo.ac.jp/repo/api/items/1300573,"東京大学総合図書館 General Library, The University of Tokyo, JAPAN",http://iiif.io/api/presentation/2#rightToLeftDirection,,田中芳男・博物学コレクション,0257,,https://iiif.dl.itc.u-tokyo.ac.jp/repo/iiif/1a863b85-25e2-9126-6ea5-fdcff5ba7f15/manifest,,,,,50
蟲豸類 1巻付1巻,チュウチズ,,,"写本|書名は扉による|扉に「十六年九月二日成 田中芳男」とあり|扉裏に「此冊明治十二年東海山陽之諸縣ヨリ福岡長崎ノ両縣ニ至ル紀行中植物に関スル件ヲ抄出シ携帰ル腊葉ヲ印シ以テ聊力筑前筑後肥前ノ植物ヲ示シ又長崎ニ於テ織田賢司氏ニ聞キタル説等ヲ併セ載ス 十六年九月二日成 然ルニ尚腊葉一束アリ十七年二月見出ス併セテ墨刷シ缺ヲ補シ増ス三月廾二日」との識語あり|版心上部に「大學南校」, 下部に「農商務省」とある罫紙を使用|彩色あり|印記: 「山田」, 「男爵田中美津男氏寄贈先代田中芳男男旧藏書/昭和七年」",,,A00:5854,吉田 高憲,,1,,吉田雀巣庵 : 田中芳男 [写],[天保年間]-明治19 [1886] 識語,日本語,図書,,https://www.lib.u-tokyo.ac.jp/ja/library/contents/archives-top/reuse,http://tify.sub.uni-goettingen.de/demo.html?manifest=https://archdataset.dl.itc.u-tokyo.ac.jp/manifest/7e9e06ba-4d2e-8ff5-8f6b-d05f33bc2abf.json,7e9e06ba-4d2e-8ff5-8f6b-d05f33bc2abf,https://iiif.dl.itc.u-tokyo.ac.jp/repo/s/tanaka/,https://iiif.dl.itc.u-tokyo.ac.jp/repo/s/tanaka/document/7e9e06ba-4d2e-8ff5-8f6b-d05f33bc2abf,https://iiif.dl.itc.u-tokyo.ac.jp/repo/files/medium/cd1084f0a9d02a0e6b6fa42f4e07e36e42922a83.jpg,https://iiif.dl.itc.u-tokyo.ac.jp/repo/api/items/1300572,"東京大学総合図書館 General Library, The University of Tokyo, JAPAN",http://iiif.io/api/presentation/2#rightToLeftDirection,,田中芳男・博物学コレクション,0258,,https://iiif.dl.itc.u-tokyo.ac.jp/repo/iiif/7e9e06ba-4d2e-8ff5-8f6b-d05f33bc2abf/manifest,,,,,52
筑肥植物一斑 : 明治十ニ年紀行抜萃,チクヒ ショクブツ イッパン : メイジ 12ネン キコウ バッスイ,,,"写本|書名及び巻冊次は題簽による|小口書: 草木写生図|帙題簽の書名: 草木寫生圖并諸説|題簽に「京都山本氏ノ門人所集カ」とあり|2の本文に「天保十三壬寅」, 「嘉永五子年舶来」, 「安政年舶来」との記述あり|2の巻末に「榕室山錫夫鍳定」との朱書あり|1: 奇品居多. 2: 舶来品居多. 3: 紫花地丁ノ部. 4: 含羞草ノ啚并諸説|彩色あり|付箋あり|印記: 「子遷」, 「岡氏文庫藏書」(岡安定), 「仙得玉」, 「篤慶」(山本榕室 ), 「男爵田中美津男氏寄贈先代田中芳男男旧藏書/昭和七年」|虫損あり",,,A00:5908,田中 芳男,,1,,田中芳男 [自筆],明治16 [1883]-明治17 [1884],日本語,図書,,https://www.lib.u-tokyo.ac.jp/ja/library/contents/archives-top/reuse,http://tify.sub.uni-goettingen.de/demo.html?manifest=https://archdataset.dl.itc.u-tokyo.ac.jp/manifest/efefe8fd-5a05-547d-084e-3e6cc1a65f14.json,efefe8fd-5a05-547d-084e-3e6cc1a65f14,https://iiif.dl.itc.u-tokyo.ac.jp/repo/s/tanaka/,https://iiif.dl.itc.u-tokyo.ac.jp/repo/s/tanaka/document/efefe8fd-5a05-547d-084e-3e6cc1a65f14,https://iiif.dl.itc.u-tokyo.ac.jp/repo/files/medium/084267b6911ab443a38230d6747396eebf1a4b8d.jpg,https://iiif.dl.itc.u-tokyo.ac.jp/repo/api/items/1300571,"東京大学総合図書館 General Library, The University of Tokyo, JAPAN",http://iiif.io/api/presentation/2#rightToLeftDirection,,田中芳男・博物学コレクション,0259,,https://iiif.dl.itc.u-tokyo.ac.jp/repo/iiif/efefe8fd-5a05-547d-084e-3e6cc1a65f14/manifest,,,,,120
草木冩生啚 4巻 [1],ソウモク シャセイズ,,,"写本|書名及び巻冊次は題簽による|小口書: 草木写生図|帙題簽の書名: 草木寫生圖并諸説|題簽に「京都山本氏ノ門人所集カ」とあり|2の本文に「天保十三壬寅」, 「嘉永五子年舶来」, 「安政年舶来」との記述あり|2の巻末に「榕室山錫夫鍳定」との朱書あり|1: 奇品居多. 2: 舶来品居多. 3: 紫花地丁ノ部. 4: 含羞草ノ啚并諸説|彩色あり|付箋あり|印記: 「子遷」, 「岡氏文庫藏書」(岡安定), 「仙得玉」, 「篤慶」(山本榕室 ), 「男爵田中美津男氏寄贈先代田中芳男男旧藏書/昭和七年」|虫損あり",,,A00:5909,岡 安定,,4,,岡安定 [自筆],[江戸末期],日本語,図書,,https://www.lib.u-tokyo.ac.jp/ja/library/contents/archives-top/reuse,http://tify.sub.uni-goettingen.de/demo.html?manifest=https://archdataset.dl.itc.u-tokyo.ac.jp/manifest/5593cbd6-4113-0960-02ce-975ee5946012.json,5593cbd6-4113-0960-02ce-975ee5946012,https://iiif.dl.itc.u-tokyo.ac.jp/repo/s/tanaka/,https://iiif.dl.itc.u-tokyo.ac.jp/repo/s/tanaka/document/5593cbd6-4113-0960-02ce-975ee5946012,https://iiif.dl.itc.u-tokyo.ac.jp/repo/files/medium/74f0b675b632f6cdc882a216ae7951d7212309ff.jpg,https://iiif.dl.itc.u-tokyo.ac.jp/repo/api/items/1300570,"東京大学総合図書館 General Library, The University of Tokyo, JAPAN",http://iiif.io/api/presentation/2#rightToLeftDirection,,田中芳男・博物学コレクション,0260,,https://iiif.dl.itc.u-tokyo.ac.jp/repo/iiif/5593cbd6-4113-0960-02ce-975ee5946012/manifest,,,,,27
草木冩生啚 4巻 [2],ソウモク シャセイズ,,,"写本|書名及び巻冊次は題簽による|小口書: 草木写生図|帙題簽の書名: 草木寫生圖并諸説|題簽に「京都山本氏ノ門人所集カ」とあり|2の本文に「天保十三壬寅」, 「嘉永五子年舶来」, 「安政年舶来」との記述あり|2の巻末に「榕室山錫夫鍳定」との朱書あり|1: 奇品居多. 2: 舶来品居多. 3: 紫花地丁ノ部. 4: 含羞草ノ啚并諸説|彩色あり|付箋あり|印記: 「子遷」, 「岡氏文庫藏書」(岡安定), 「仙得玉」, 「篤慶」(山本榕室 ), 「男爵田中美津男氏寄贈先代田中芳男男旧藏書/昭和七年」|虫損あり",,,A00:5909,岡 安定,,4,,岡安定 [自筆],[江戸末期],日本語,図書,,https://www.lib.u-tokyo.ac.jp/ja/library/contents/archives-top/reuse,http://tify.sub.uni-goettingen.de/demo.html?manifest=https://archdataset.dl.itc.u-tokyo.ac.jp/manifest/ea2497f5-1669-2cfa-6fb1-4260f92250b9.json,ea2497f5-1669-2cfa-6fb1-4260f92250b9,https://iiif.dl.itc.u-tokyo.ac.jp/repo/s/tanaka/,https://iiif.dl.itc.u-tokyo.ac.jp/repo/s/tanaka/document/ea2497f5-1669-2cfa-6fb1-4260f92250b9,https://iiif.dl.itc.u-tokyo.ac.jp/repo/files/medium/a3da81dd8e50d39c51885dd2d52203d43736bbc7.jpg,https://iiif.dl.itc.u-tokyo.ac.jp/repo/api/items/1300569,"東京大学総合図書館 General Library, The University of Tokyo, JAPAN",http://iiif.io/api/presentation/2#rightToLeftDirection,,田中芳男・博物学コレクション,0261,,https://iiif.dl.itc.u-tokyo.ac.jp/repo/iiif/ea2497f5-1669-2cfa-6fb1-4260f92250b9/manifest,,,,,33
草木冩生啚 4巻 [3],ソウモク シャセイズ,,,"写本|書名及び巻冊次は題簽による|小口書: 草木写生図|帙題簽の書名: 草木寫生圖并諸説|題簽に「京都山本氏ノ門人所集カ」とあり|2の本文に「天保十三壬寅」, 「嘉永五子年舶来」, 「安政年舶来」との記述あり|2の巻末に「榕室山錫夫鍳定」との朱書あり|1: 奇品居多. 2: 舶来品居多. 3: 紫花地丁ノ部. 4: 含羞草ノ啚并諸説|彩色あり|付箋あり|印記: 「子遷」, 「岡氏文庫藏書」(岡安定), 「仙得玉」, 「篤慶」(山本榕室 ), 「男爵田中美津男氏寄贈先代田中芳男男旧藏書/昭和七年」|虫損あり",,,A00:5909,岡 安定,,4,,岡安定 [自筆],[江戸末期],日本語,図書,,https://www.lib.u-tokyo.ac.jp/ja/library/contents/archives-top/reuse,http://tify.sub.uni-goettingen.de/demo.html?manifest=https://archdataset.dl.itc.u-tokyo.ac.jp/manifest/6629476d-3422-4cb9-a6cc-36e8570d8379.json,6629476d-3422-4cb9-a6cc-36e8570d8379,https://iiif.dl.itc.u-tokyo.ac.jp/repo/s/tanaka/,https://iiif.dl.itc.u-tokyo.ac.jp/repo/s/tanaka/document/6629476d-3422-4cb9-a6cc-36e8570d8379,https://iiif.dl.itc.u-tokyo.ac.jp/repo/files/medium/bef5b61c441ad6ee87c0918f4b036413b6ceb052.jpg,https://iiif.dl.itc.u-tokyo.ac.jp/repo/api/items/1300568,"東京大学総合図書館 General Library, The University of Tokyo, JAPAN",http://iiif.io/api/presentation/2#rightToLeftDirection,,田中芳男・博物学コレクション,0262,,https://iiif.dl.itc.u-tokyo.ac.jp/repo/iiif/6629476d-3422-4cb9-a6cc-36e8570d8379/manifest,,,,,20
草木冩生啚 4巻 [4],ソウモク シャセイズ,,,"写本|序首の書名: 夲草圖譜|巻之15-34の題簽書名: 本草啚譜|序末に「文政戊子冬至日灌園岩崎﨑常正」とあり|卷之8の巻末に「棔齊 岡田清福摸冩」とあり|巻之24-29, 35-38の版心下部に「灌園閣藏」とあり|巻之65-70の内題下に校者名あり|卷之5-8: 山草類. 巻之9-12: 芳草類. 巻之13-20: 濕草類. 巻之21-24: 毒草類. 巻之25-32: 蔓草類. 巻之33-34: 水草類. 巻之35-37: 石草類. 巻之38: 苔類. 巻之39: 雜草. 巻之40-42: 穀部. 巻之43: 菽豆類. 巻之44: 造醸類. 巻之45-47: 菜部葷菜類. 巻之48-52: 菜部柔滑類. 巻之53: 菜部蓏菜類. 巻之54: 菜部水菜類. 巻之55-60: 菜部芝栭類. 巻之61-62: 果部五果類. 巻之63-66: 果部山果類. 巻之67-69: 果部夷果類. 巻之70: 果部味類|補写: 67(巻之39): 果部蓏類. 68-69(巻之40-41): 果部水果類. 70-71(巻之42-43): 香木類. 72(巻之44上): 香木類, 喬木類. 73-74(巻之44下-45): 喬木類. 75(巻之46): 喬木類, 灌木類. 76-78(巻之47-49): 灌木類. 79(巻之50上): 寓木類, 苞木類. 80(巻之50下): 苞木類, 雜木類, 服帛類, 器物類|おもに図版|彩色あり|原欠: 卷之1-4|印記: 「蜂須賀文庫」, 「男爵田中美津男氏寄贈 先代田中芳男男旧藏書 昭和七年」|虫損あり",,,A00:5909,岡 安定,,4,,岡安定 [自筆],[江戸末期],日本語,図書,,https://www.lib.u-tokyo.ac.jp/ja/library/contents/archives-top/reuse,http://tify.sub.uni-goettingen.de/demo.html?manifest=https://archdataset.dl.itc.u-tokyo.ac.jp/manifest/8c7ef3ba-9c10-25e7-5191-2063e1ff9d1f.json,8c7ef3ba-9c10-25e7-5191-2063e1ff9d1f,https://iiif.dl.itc.u-tokyo.ac.jp/repo/s/tanaka/,https://iiif.dl.itc.u-tokyo.ac.jp/repo/s/tanaka/document/8c7ef3ba-9c10-25e7-5191-2063e1ff9d1f,https://iiif.dl.itc.u-tokyo.ac.jp/repo/files/medium/ca8553d8ffdeb570caa814f5e0da41e454b40d79.jpg,https://iiif.dl.itc.u-tokyo.ac.jp/repo/api/items/1300567,"東京大学総合図書館 General Library, The University of Tokyo, JAPAN",http://iiif.io/api/presentation/2#rightToLeftDirection,,田中芳男・博物学コレクション,0263,,https://iiif.dl.itc.u-tokyo.ac.jp/repo/iiif/8c7ef3ba-9c10-25e7-5191-2063e1ff9d1f/manifest,,,,,33
本草圖譜 (存78巻) [1],ホンゾウ ズフ,,,"写本|序首の書名: 夲草圖譜|巻之15-34の題簽書名: 本草啚譜|序末に「文政戊子冬至日灌園岩崎﨑常正」とあり|卷之8の巻末に「棔齊 岡田清福摸冩」とあり|巻之24-29, 35-38の版心下部に「灌園閣藏」とあり|巻之65-70の内題下に校者名あり|卷之5-8: 山草類. 巻之9-12: 芳草類. 巻之13-20: 濕草類. 巻之21-24: 毒草類. 巻之25-32: 蔓草類. 巻之33-34: 水草類. 巻之35-37: 石草類. 巻之38: 苔類. 巻之39: 雜草. 巻之40-42: 穀部. 巻之43: 菽豆類. 巻之44: 造醸類. 巻之45-47: 菜部葷菜類. 巻之48-52: 菜部柔滑類. 巻之53: 菜部蓏菜類. 巻之54: 菜部水菜類. 巻之55-60: 菜部芝栭類. 巻之61-62: 果部五果類. 巻之63-66: 果部山果類. 巻之67-69: 果部夷果類. 巻之70: 果部味類|補写: 67(巻之39): 果部蓏類. 68-69(巻之40-41): 果部水果類. 70-71(巻之42-43): 香木類. 72(巻之44上): 香木類, 喬木類. 73-74(巻之44下-45): 喬木類. 75(巻之46): 喬木類, 灌木類. 76-78(巻之47-49): 灌木類. 79(巻之50上): 寓木類, 苞木類. 80(巻之50下): 苞木類, 雜木類, 服帛類, 器物類|おもに図版|彩色あり|原欠: 卷之1-4|印記: 「蜂須賀文庫」, 「男爵田中美津男氏寄贈 先代田中芳男男旧藏書 昭和七年」|虫損あり",,,A00:5911,岩崎 潅園,,80,,[書写者不明],[江戸後期],日本語,図書,,https://www.lib.u-tokyo.ac.jp/ja/library/contents/archives-top/reuse,http://tify.sub.uni-goettingen.de/demo.html?manifest=https://archdataset.dl.itc.u-tokyo.ac.jp/manifest/11a3b696-7fc4-53de-295f-50b2f0d3604f.json,11a3b696-7fc4-53de-295f-50b2f0d3604f,https://iiif.dl.itc.u-tokyo.ac.jp/repo/s/tanaka/,https://iiif.dl.itc.u-tokyo.ac.jp/repo/s/tanaka/document/11a3b696-7fc4-53de-295f-50b2f0d3604f,https://iiif.dl.itc.u-tokyo.ac.jp/repo/files/medium/55ba1b8e8fe85c3d4e5cdd2f79e6931176307c07.jpg,https://iiif.dl.itc.u-tokyo.ac.jp/repo/api/items/1300566,"東京大学総合図書館 General Library, The University of Tokyo, JAPAN",http://iiif.io/api/presentation/2#rightToLeftDirection,,田中芳男・博物学コレクション,0264,,https://iiif.dl.itc.u-tokyo.ac.jp/repo/iiif/11a3b696-7fc4-53de-295f-50b2f0d3604f/manifest,,,,,40
本草圖譜 (存78巻) [2],ホンゾウ ズフ,,,"写本|序首の書名: 夲草圖譜|巻之15-34の題簽書名: 本草啚譜|序末に「文政戊子冬至日灌園岩崎﨑常正」とあり|卷之8の巻末に「棔齊 岡田清福摸冩」とあり|巻之24-29, 35-38の版心下部に「灌園閣藏」とあり|巻之65-70の内題下に校者名あり|卷之5-8: 山草類. 巻之9-12: 芳草類. 巻之13-20: 濕草類. 巻之21-24: 毒草類. 巻之25-32: 蔓草類. 巻之33-34: 水草類. 巻之35-37: 石草類. 巻之38: 苔類. 巻之39: 雜草. 巻之40-42: 穀部. 巻之43: 菽豆類. 巻之44: 造醸類. 巻之45-47: 菜部葷菜類. 巻之48-52: 菜部柔滑類. 巻之53: 菜部蓏菜類. 巻之54: 菜部水菜類. 巻之55-60: 菜部芝栭類. 巻之61-62: 果部五果類. 巻之63-66: 果部山果類. 巻之67-69: 果部夷果類. 巻之70: 果部味類|補写: 67(巻之39): 果部蓏類. 68-69(巻之40-41): 果部水果類. 70-71(巻之42-43): 香木類. 72(巻之44上): 香木類, 喬木類. 73-74(巻之44下-45): 喬木類. 75(巻之46): 喬木類, 灌木類. 76-78(巻之47-49): 灌木類. 79(巻之50上): 寓木類, 苞木類. 80(巻之50下): 苞木類, 雜木類, 服帛類, 器物類|おもに図版|彩色あり|原欠: 卷之1-4|印記: 「蜂須賀文庫」, 「男爵田中美津男氏寄贈 先代田中芳男男旧藏書 昭和七年」|虫損あり",,,A00:5911,岩崎 潅園,,80,,[書写者不明],[江戸後期],日本語,図書,,https://www.lib.u-tokyo.ac.jp/ja/library/contents/archives-top/reuse,http://tify.sub.uni-goettingen.de/demo.html?manifest=https://archdataset.dl.itc.u-tokyo.ac.jp/manifest/61c161ea-575d-366a-94f8-cb072d100386.json,61c161ea-575d-366a-94f8-cb072d100386,https://iiif.dl.itc.u-tokyo.ac.jp/repo/s/tanaka/,https://iiif.dl.itc.u-tokyo.ac.jp/repo/s/tanaka/document/61c161ea-575d-366a-94f8-cb072d100386,https://iiif.dl.itc.u-tokyo.ac.jp/repo/files/medium/c6753a9291111e8e5e4886cbfb367334e0493fe4.jpg,https://iiif.dl.itc.u-tokyo.ac.jp/repo/api/items/1300565,"東京大学総合図書館 General Library, The University of Tokyo, JAPAN",http://iiif.io/api/presentation/2#rightToLeftDirection,,田中芳男・博物学コレクション,0265,,https://iiif.dl.itc.u-tokyo.ac.jp/repo/iiif/61c161ea-575d-366a-94f8-cb072d100386/manifest,,,,,31
本草圖譜 (存78巻) [3],ホンゾウ ズフ,,,"写本|序首の書名: 夲草圖譜|巻之15-34の題簽書名: 本草啚譜|序末に「文政戊子冬至日灌園岩崎﨑常正」とあり|卷之8の巻末に「棔齊 岡田清福摸冩」とあり|巻之24-29, 35-38の版心下部に「灌園閣藏」とあり|巻之65-70の内題下に校者名あり|卷之5-8: 山草類. 巻之9-12: 芳草類. 巻之13-20: 濕草類. 巻之21-24: 毒草類. 巻之25-32: 蔓草類. 巻之33-34: 水草類. 巻之35-37: 石草類. 巻之38: 苔類. 巻之39: 雜草. 巻之40-42: 穀部. 巻之43: 菽豆類. 巻之44: 造醸類. 巻之45-47: 菜部葷菜類. 巻之48-52: 菜部柔滑類. 巻之53: 菜部蓏菜類. 巻之54: 菜部水菜類. 巻之55-60: 菜部芝栭類. 巻之61-62: 果部五果類. 巻之63-66: 果部山果類. 巻之67-69: 果部夷果類. 巻之70: 果部味類|補写: 67(巻之39): 果部蓏類. 68-69(巻之40-41): 果部水果類. 70-71(巻之42-43): 香木類. 72(巻之44上): 香木類, 喬木類. 73-74(巻之44下-45): 喬木類. 75(巻之46): 喬木類, 灌木類. 76-78(巻之47-49): 灌木類. 79(巻之50上): 寓木類, 苞木類. 80(巻之50下): 苞木類, 雜木類, 服帛類, 器物類|おもに図版|彩色あり|原欠: 卷之1-4|印記: 「蜂須賀文庫」, 「男爵田中美津男氏寄贈 先代田中芳男男旧藏書 昭和七年」|虫損あり",,,A00:5911,岩崎 潅園,,80,,[書写者不明],[江戸後期],日本語,図書,,https://www.lib.u-tokyo.ac.jp/ja/library/contents/archives-top/reuse,http://tify.sub.uni-goettingen.de/demo.html?manifest=https://archdataset.dl.itc.u-tokyo.ac.jp/manifest/588b6139-6f7a-1ecb-29be-611c6efb17f6.json,588b6139-6f7a-1ecb-29be-611c6efb17f6,https://iiif.dl.itc.u-tokyo.ac.jp/repo/s/tanaka/,https://iiif.dl.itc.u-tokyo.ac.jp/repo/s/tanaka/document/588b6139-6f7a-1ecb-29be-611c6efb17f6,https://iiif.dl.itc.u-tokyo.ac.jp/repo/files/medium/c3a2a2f920fc0906cd593121b95a235d5d0cb004.jpg,https://iiif.dl.itc.u-tokyo.ac.jp/repo/api/items/1300564,"東京大学総合図書館 General Library, The University of Tokyo, JAPAN",http://iiif.io/api/presentation/2#rightToLeftDirection,,田中芳男・博物学コレクション,0266,,https://iiif.dl.itc.u-tokyo.ac.jp/repo/iiif/588b6139-6f7a-1ecb-29be-611c6efb17f6/manifest,,,,,40
本草圖譜 (存78巻) [4],ホンゾウ ズフ,,,"写本|序首の書名: 夲草圖譜|巻之15-34の題簽書名: 本草啚譜|序末に「文政戊子冬至日灌園岩崎﨑常正」とあり|卷之8の巻末に「棔齊 岡田清福摸冩」とあり|巻之24-29, 35-38の版心下部に「灌園閣藏」とあり|巻之65-70の内題下に校者名あり|卷之5-8: 山草類. 巻之9-12: 芳草類. 巻之13-20: 濕草類. 巻之21-24: 毒草類. 巻之25-32: 蔓草類. 巻之33-34: 水草類. 巻之35-37: 石草類. 巻之38: 苔類. 巻之39: 雜草. 巻之40-42: 穀部. 巻之43: 菽豆類. 巻之44: 造醸類. 巻之45-47: 菜部葷菜類. 巻之48-52: 菜部柔滑類. 巻之53: 菜部蓏菜類. 巻之54: 菜部水菜類. 巻之55-60: 菜部芝栭類. 巻之61-62: 果部五果類. 巻之63-66: 果部山果類. 巻之67-69: 果部夷果類. 巻之70: 果部味類|補写: 67(巻之39): 果部蓏類. 68-69(巻之40-41): 果部水果類. 70-71(巻之42-43): 香木類. 72(巻之44上): 香木類, 喬木類. 73-74(巻之44下-45): 喬木類. 75(巻之46): 喬木類, 灌木類. 76-78(巻之47-49): 灌木類. 79(巻之50上): 寓木類, 苞木類. 80(巻之50下): 苞木類, 雜木類, 服帛類, 器物類|おもに図版|彩色あり|原欠: 卷之1-4|印記: 「蜂須賀文庫」, 「男爵田中美津男氏寄贈 先代田中芳男男旧藏書 昭和七年」|虫損あり",,,A00:5911,岩崎 潅園,,80,,[書写者不明],[江戸後期],日本語,図書,,https://www.lib.u-tokyo.ac.jp/ja/library/contents/archives-top/reuse,http://tify.sub.uni-goettingen.de/demo.html?manifest=https://archdataset.dl.itc.u-tokyo.ac.jp/manifest/642a7817-1182-7e3a-93c6-86e79b668578.json,642a7817-1182-7e3a-93c6-86e79b668578,https://iiif.dl.itc.u-tokyo.ac.jp/repo/s/tanaka/,https://iiif.dl.itc.u-tokyo.ac.jp/repo/s/tanaka/document/642a7817-1182-7e3a-93c6-86e79b668578,https://iiif.dl.itc.u-tokyo.ac.jp/repo/files/medium/8e09f2f1b9cc5e8d6c56da87b9c4132fc1a2916f.jpg,https://iiif.dl.itc.u-tokyo.ac.jp/repo/api/items/1300563,"東京大学総合図書館 General Library, The University of Tokyo, JAPAN",http://iiif.io/api/presentation/2#rightToLeftDirection,,田中芳男・博物学コレクション,0267,,https://iiif.dl.itc.u-tokyo.ac.jp/repo/iiif/642a7817-1182-7e3a-93c6-86e79b668578/manifest,,,,,30
本草圖譜 (存78巻) [5],ホンゾウ ズフ,,,"写本|序首の書名: 夲草圖譜|巻之15-34の題簽書名: 本草啚譜|序末に「文政戊子冬至日灌園岩崎﨑常正」とあり|卷之8の巻末に「棔齊 岡田清福摸冩」とあり|巻之24-29, 35-38の版心下部に「灌園閣藏」とあり|巻之65-70の内題下に校者名あり|卷之5-8: 山草類. 巻之9-12: 芳草類. 巻之13-20: 濕草類. 巻之21-24: 毒草類. 巻之25-32: 蔓草類. 巻之33-34: 水草類. 巻之35-37: 石草類. 巻之38: 苔類. 巻之39: 雜草. 巻之40-42: 穀部. 巻之43: 菽豆類. 巻之44: 造醸類. 巻之45-47: 菜部葷菜類. 巻之48-52: 菜部柔滑類. 巻之53: 菜部蓏菜類. 巻之54: 菜部水菜類. 巻之55-60: 菜部芝栭類. 巻之61-62: 果部五果類. 巻之63-66: 果部山果類. 巻之67-69: 果部夷果類. 巻之70: 果部味類|補写: 67(巻之39): 果部蓏類. 68-69(巻之40-41): 果部水果類. 70-71(巻之42-43): 香木類. 72(巻之44上): 香木類, 喬木類. 73-74(巻之44下-45): 喬木類. 75(巻之46): 喬木類, 灌木類. 76-78(巻之47-49): 灌木類. 79(巻之50上): 寓木類, 苞木類. 80(巻之50下): 苞木類, 雜木類, 服帛類, 器物類|おもに図版|彩色あり|原欠: 卷之1-4|印記: 「蜂須賀文庫」, 「男爵田中美津男氏寄贈 先代田中芳男男旧藏書 昭和七年」|虫損あり",,,A00:5911,岩崎 潅園,,80,,[書写者不明],[江戸後期],日本語,図書,,https://www.lib.u-tokyo.ac.jp/ja/library/contents/archives-top/reuse,http://tify.sub.uni-goettingen.de/demo.html?manifest=https://archdataset.dl.itc.u-tokyo.ac.jp/manifest/8b229e83-6b4e-2a85-3b1b-ba3b309f0ae2.json,8b229e83-6b4e-2a85-3b1b-ba3b309f0ae2,https://iiif.dl.itc.u-tokyo.ac.jp/repo/s/tanaka/,https://iiif.dl.itc.u-tokyo.ac.jp/repo/s/tanaka/document/8b229e83-6b4e-2a85-3b1b-ba3b309f0ae2,https://iiif.dl.itc.u-tokyo.ac.jp/repo/files/medium/27ca73e67473295d5707495a502e05d8573e4266.jpg,https://iiif.dl.itc.u-tokyo.ac.jp/repo/api/items/1300562,"東京大学総合図書館 General Library, The University of Tokyo, JAPAN",http://iiif.io/api/presentation/2#rightToLeftDirection,,田中芳男・博物学コレクション,0268,,https://iiif.dl.itc.u-tokyo.ac.jp/repo/iiif/8b229e83-6b4e-2a85-3b1b-ba3b309f0ae2/manifest,,,,,20
本草圖譜 (存78巻) [6],ホンゾウ ズフ,,,"写本|序首の書名: 夲草圖譜|巻之15-34の題簽書名: 本草啚譜|序末に「文政戊子冬至日灌園岩崎﨑常正」とあり|卷之8の巻末に「棔齊 岡田清福摸冩」とあり|巻之24-29, 35-38の版心下部に「灌園閣藏」とあり|巻之65-70の内題下に校者名あり|卷之5-8: 山草類. 巻之9-12: 芳草類. 巻之13-20: 濕草類. 巻之21-24: 毒草類. 巻之25-32: 蔓草類. 巻之33-34: 水草類. 巻之35-37: 石草類. 巻之38: 苔類. 巻之39: 雜草. 巻之40-42: 穀部. 巻之43: 菽豆類. 巻之44: 造醸類. 巻之45-47: 菜部葷菜類. 巻之48-52: 菜部柔滑類. 巻之53: 菜部蓏菜類. 巻之54: 菜部水菜類. 巻之55-60: 菜部芝栭類. 巻之61-62: 果部五果類. 巻之63-66: 果部山果類. 巻之67-69: 果部夷果類. 巻之70: 果部味類|補写: 67(巻之39): 果部蓏類. 68-69(巻之40-41): 果部水果類. 70-71(巻之42-43): 香木類. 72(巻之44上): 香木類, 喬木類. 73-74(巻之44下-45): 喬木類. 75(巻之46): 喬木類, 灌木類. 76-78(巻之47-49): 灌木類. 79(巻之50上): 寓木類, 苞木類. 80(巻之50下): 苞木類, 雜木類, 服帛類, 器物類|おもに図版|彩色あり|原欠: 卷之1-4|印記: 「蜂須賀文庫」, 「男爵田中美津男氏寄贈 先代田中芳男男旧藏書 昭和七年」|虫損あり",,,A00:5911,岩崎 潅園,,80,,[書写者不明],[江戸後期],日本語,図書,,https://www.lib.u-tokyo.ac.jp/ja/library/contents/archives-top/reuse,http://tify.sub.uni-goettingen.de/demo.html?manifest=https://archdataset.dl.itc.u-tokyo.ac.jp/manifest/4e36a1d7-7c5f-836a-246a-3a383c8f280c.json,4e36a1d7-7c5f-836a-246a-3a383c8f280c,https://iiif.dl.itc.u-tokyo.ac.jp/repo/s/tanaka/,https://iiif.dl.itc.u-tokyo.ac.jp/repo/s/tanaka/document/4e36a1d7-7c5f-836a-246a-3a383c8f280c,https://iiif.dl.itc.u-tokyo.ac.jp/repo/files/medium/69311f28d992e3ba9801c049693e44cfd8f00dba.jpg,https://iiif.dl.itc.u-tokyo.ac.jp/repo/api/items/1300561,"東京大学総合図書館 General Library, The University of Tokyo, JAPAN",http://iiif.io/api/presentation/2#rightToLeftDirection,,田中芳男・博物学コレクション,0269,,https://iiif.dl.itc.u-tokyo.ac.jp/repo/iiif/4e36a1d7-7c5f-836a-246a-3a383c8f280c/manifest,,,,,29
本草圖譜 (存78巻) [7],ホンゾウ ズフ,,,"写本|序首の書名: 夲草圖譜|巻之15-34の題簽書名: 本草啚譜|序末に「文政戊子冬至日灌園岩崎﨑常正」とあり|卷之8の巻末に「棔齊 岡田清福摸冩」とあり|巻之24-29, 35-38の版心下部に「灌園閣藏」とあり|巻之65-70の内題下に校者名あり|卷之5-8: 山草類. 巻之9-12: 芳草類. 巻之13-20: 濕草類. 巻之21-24: 毒草類. 巻之25-32: 蔓草類. 巻之33-34: 水草類. 巻之35-37: 石草類. 巻之38: 苔類. 巻之39: 雜草. 巻之40-42: 穀部. 巻之43: 菽豆類. 巻之44: 造醸類. 巻之45-47: 菜部葷菜類. 巻之48-52: 菜部柔滑類. 巻之53: 菜部蓏菜類. 巻之54: 菜部水菜類. 巻之55-60: 菜部芝栭類. 巻之61-62: 果部五果類. 巻之63-66: 果部山果類. 巻之67-69: 果部夷果類. 巻之70: 果部味類|補写: 67(巻之39): 果部蓏類. 68-69(巻之40-41): 果部水果類. 70-71(巻之42-43): 香木類. 72(巻之44上): 香木類, 喬木類. 73-74(巻之44下-45): 喬木類. 75(巻之46): 喬木類, 灌木類. 76-78(巻之47-49): 灌木類. 79(巻之50上): 寓木類, 苞木類. 80(巻之50下): 苞木類, 雜木類, 服帛類, 器物類|おもに図版|彩色あり|原欠: 卷之1-4|印記: 「蜂須賀文庫」, 「男爵田中美津男氏寄贈 先代田中芳男男旧藏書 昭和七年」|虫損あり",,,A00:5911,岩崎 潅園,,80,,[書写者不明],[江戸後期],日本語,図書,,https://www.lib.u-tokyo.ac.jp/ja/library/contents/archives-top/reuse,http://tify.sub.uni-goettingen.de/demo.html?manifest=https://archdataset.dl.itc.u-tokyo.ac.jp/manifest/d1986732-7745-7099-97a3-1bcea029a098.json,d1986732-7745-7099-97a3-1bcea029a098,https://iiif.dl.itc.u-tokyo.ac.jp/repo/s/tanaka/,https://iiif.dl.itc.u-tokyo.ac.jp/repo/s/tanaka/document/d1986732-7745-7099-97a3-1bcea029a098,https://iiif.dl.itc.u-tokyo.ac.jp/repo/files/medium/7d32c9998466fe6eef6b407503d221aa6deec062.jpg,https://iiif.dl.itc.u-tokyo.ac.jp/repo/api/items/1300560,"東京大学総合図書館 General Library, The University of Tokyo, JAPAN",http://iiif.io/api/presentation/2#rightToLeftDirection,,田中芳男・博物学コレクション,0270,,https://iiif.dl.itc.u-tokyo.ac.jp/repo/iiif/d1986732-7745-7099-97a3-1bcea029a098/manifest,,,,,18
本草圖譜 (存78巻) [8],ホンゾウ ズフ,,,"写本|序首の書名: 夲草圖譜|巻之15-34の題簽書名: 本草啚譜|序末に「文政戊子冬至日灌園岩崎﨑常正」とあり|卷之8の巻末に「棔齊 岡田清福摸冩」とあり|巻之24-29, 35-38の版心下部に「灌園閣藏」とあり|巻之65-70の内題下に校者名あり|卷之5-8: 山草類. 巻之9-12: 芳草類. 巻之13-20: 濕草類. 巻之21-24: 毒草類. 巻之25-32: 蔓草類. 巻之33-34: 水草類. 巻之35-37: 石草類. 巻之38: 苔類. 巻之39: 雜草. 巻之40-42: 穀部. 巻之43: 菽豆類. 巻之44: 造醸類. 巻之45-47: 菜部葷菜類. 巻之48-52: 菜部柔滑類. 巻之53: 菜部蓏菜類. 巻之54: 菜部水菜類. 巻之55-60: 菜部芝栭類. 巻之61-62: 果部五果類. 巻之63-66: 果部山果類. 巻之67-69: 果部夷果類. 巻之70: 果部味類|補写: 67(巻之39): 果部蓏類. 68-69(巻之40-41): 果部水果類. 70-71(巻之42-43): 香木類. 72(巻之44上): 香木類, 喬木類. 73-74(巻之44下-45): 喬木類. 75(巻之46): 喬木類, 灌木類. 76-78(巻之47-49): 灌木類. 79(巻之50上): 寓木類, 苞木類. 80(巻之50下): 苞木類, 雜木類, 服帛類, 器物類|おもに図版|彩色あり|原欠: 卷之1-4|印記: 「蜂須賀文庫」, 「男爵田中美津男氏寄贈 先代田中芳男男旧藏書 昭和七年」|虫損あり",,,A00:5911,岩崎 潅園,,80,,[書写者不明],[江戸後期],日本語,図書,,https://www.lib.u-tokyo.ac.jp/ja/library/contents/archives-top/reuse,http://tify.sub.uni-goettingen.de/demo.html?manifest=https://archdataset.dl.itc.u-tokyo.ac.jp/manifest/146c3f1d-7c15-4ddc-9cd9-c0373512a501.json,146c3f1d-7c15-4ddc-9cd9-c0373512a501,https://iiif.dl.itc.u-tokyo.ac.jp/repo/s/tanaka/,https://iiif.dl.itc.u-tokyo.ac.jp/repo/s/tanaka/document/146c3f1d-7c15-4ddc-9cd9-c0373512a501,https://iiif.dl.itc.u-tokyo.ac.jp/repo/files/medium/e041dc866dd994351f1c8cd478c4c3a7177372fc.jpg,https://iiif.dl.itc.u-tokyo.ac.jp/repo/api/items/1300559,"東京大学総合図書館 General Library, The University of Tokyo, JAPAN",http://iiif.io/api/presentation/2#rightToLeftDirection,,田中芳男・博物学コレクション,0271,,https://iiif.dl.itc.u-tokyo.ac.jp/repo/iiif/146c3f1d-7c15-4ddc-9cd9-c0373512a501/manifest,,,,,19
本草圖譜 (存78巻) [9],ホンゾウ ズフ,,,"写本|序首の書名: 夲草圖譜|巻之15-34の題簽書名: 本草啚譜|序末に「文政戊子冬至日灌園岩崎﨑常正」とあり|卷之8の巻末に「棔齊 岡田清福摸冩」とあり|巻之24-29, 35-38の版心下部に「灌園閣藏」とあり|巻之65-70の内題下に校者名あり|卷之5-8: 山草類. 巻之9-12: 芳草類. 巻之13-20: 濕草類. 巻之21-24: 毒草類. 巻之25-32: 蔓草類. 巻之33-34: 水草類. 巻之35-37: 石草類. 巻之38: 苔類. 巻之39: 雜草. 巻之40-42: 穀部. 巻之43: 菽豆類. 巻之44: 造醸類. 巻之45-47: 菜部葷菜類. 巻之48-52: 菜部柔滑類. 巻之53: 菜部蓏菜類. 巻之54: 菜部水菜類. 巻之55-60: 菜部芝栭類. 巻之61-62: 果部五果類. 巻之63-66: 果部山果類. 巻之67-69: 果部夷果類. 巻之70: 果部味類|補写: 67(巻之39): 果部蓏類. 68-69(巻之40-41): 果部水果類. 70-71(巻之42-43): 香木類. 72(巻之44上): 香木類, 喬木類. 73-74(巻之44下-45): 喬木類. 75(巻之46): 喬木類, 灌木類. 76-78(巻之47-49): 灌木類. 79(巻之50上): 寓木類, 苞木類. 80(巻之50下): 苞木類, 雜木類, 服帛類, 器物類|おもに図版|彩色あり|原欠: 卷之1-4|印記: 「蜂須賀文庫」, 「男爵田中美津男氏寄贈 先代田中芳男男旧藏書 昭和七年」|虫損あり",,,A00:5911,岩崎 潅園,,80,,[書写者不明],[江戸後期],日本語,図書,,https://www.lib.u-tokyo.ac.jp/ja/library/contents/archives-top/reuse,http://tify.sub.uni-goettingen.de/demo.html?manifest=https://archdataset.dl.itc.u-tokyo.ac.jp/manifest/4ffdb9ae-1afa-04d3-19f4-458c2a9a61ae.json,4ffdb9ae-1afa-04d3-19f4-458c2a9a61ae,https://iiif.dl.itc.u-tokyo.ac.jp/repo/s/tanaka/,https://iiif.dl.itc.u-tokyo.ac.jp/repo/s/tanaka/document/4ffdb9ae-1afa-04d3-19f4-458c2a9a61ae,https://iiif.dl.itc.u-tokyo.ac.jp/repo/files/medium/6e752cd216aad638a47542a1359994640249e4e1.jpg,https://iiif.dl.itc.u-tokyo.ac.jp/repo/api/items/1300558,"東京大学総合図書館 General Library, The University of Tokyo, JAPAN",http://iiif.io/api/presentation/2#rightToLeftDirection,,田中芳男・博物学コレクション,0272,,https://iiif.dl.itc.u-tokyo.ac.jp/repo/iiif/4ffdb9ae-1afa-04d3-19f4-458c2a9a61ae/manifest,,,,,21
本草圖譜 (存78巻) [10],ホンゾウ ズフ,,,"写本|序首の書名: 夲草圖譜|巻之15-34の題簽書名: 本草啚譜|序末に「文政戊子冬至日灌園岩崎﨑常正」とあり|卷之8の巻末に「棔齊 岡田清福摸冩」とあり|巻之24-29, 35-38の版心下部に「灌園閣藏」とあり|巻之65-70の内題下に校者名あり|卷之5-8: 山草類. 巻之9-12: 芳草類. 巻之13-20: 濕草類. 巻之21-24: 毒草類. 巻之25-32: 蔓草類. 巻之33-34: 水草類. 巻之35-37: 石草類. 巻之38: 苔類. 巻之39: 雜草. 巻之40-42: 穀部. 巻之43: 菽豆類. 巻之44: 造醸類. 巻之45-47: 菜部葷菜類. 巻之48-52: 菜部柔滑類. 巻之53: 菜部蓏菜類. 巻之54: 菜部水菜類. 巻之55-60: 菜部芝栭類. 巻之61-62: 果部五果類. 巻之63-66: 果部山果類. 巻之67-69: 果部夷果類. 巻之70: 果部味類|補写: 67(巻之39): 果部蓏類. 68-69(巻之40-41): 果部水果類. 70-71(巻之42-43): 香木類. 72(巻之44上): 香木類, 喬木類. 73-74(巻之44下-45): 喬木類. 75(巻之46): 喬木類, 灌木類. 76-78(巻之47-49): 灌木類. 79(巻之50上): 寓木類, 苞木類. 80(巻之50下): 苞木類, 雜木類, 服帛類, 器物類|おもに図版|彩色あり|原欠: 卷之1-4|印記: 「蜂須賀文庫」, 「男爵田中美津男氏寄贈 先代田中芳男男旧藏書 昭和七年」|虫損あり",,,A00:5911,岩崎 潅園,,80,,[書写者不明],[江戸後期],日本語,図書,,https://www.lib.u-tokyo.ac.jp/ja/library/contents/archives-top/reuse,http://tify.sub.uni-goettingen.de/demo.html?manifest=https://archdataset.dl.itc.u-tokyo.ac.jp/manifest/36c3c0cb-95f8-4024-96b9-c1948e252512.json,36c3c0cb-95f8-4024-96b9-c1948e252512,https://iiif.dl.itc.u-tokyo.ac.jp/repo/s/tanaka/,https://iiif.dl.itc.u-tokyo.ac.jp/repo/s/tanaka/document/36c3c0cb-95f8-4024-96b9-c1948e252512,https://iiif.dl.itc.u-tokyo.ac.jp/repo/files/medium/668aff09692b2487622750617959f2de28260a34.jpg,https://iiif.dl.itc.u-tokyo.ac.jp/repo/api/items/1300557,"東京大学総合図書館 General Library, The University of Tokyo, JAPAN",http://iiif.io/api/presentation/2#rightToLeftDirection,,田中芳男・博物学コレクション,0273,,https://iiif.dl.itc.u-tokyo.ac.jp/repo/iiif/36c3c0cb-95f8-4024-96b9-c1948e252512/manifest,,,,,22
本草圖譜 (存78巻) [11],ホンゾウ ズフ,,,"写本|序首の書名: 夲草圖譜|巻之15-34の題簽書名: 本草啚譜|序末に「文政戊子冬至日灌園岩崎﨑常正」とあり|卷之8の巻末に「棔齊 岡田清福摸冩」とあり|巻之24-29, 35-38の版心下部に「灌園閣藏」とあり|巻之65-70の内題下に校者名あり|卷之5-8: 山草類. 巻之9-12: 芳草類. 巻之13-20: 濕草類. 巻之21-24: 毒草類. 巻之25-32: 蔓草類. 巻之33-34: 水草類. 巻之35-37: 石草類. 巻之38: 苔類. 巻之39: 雜草. 巻之40-42: 穀部. 巻之43: 菽豆類. 巻之44: 造醸類. 巻之45-47: 菜部葷菜類. 巻之48-52: 菜部柔滑類. 巻之53: 菜部蓏菜類. 巻之54: 菜部水菜類. 巻之55-60: 菜部芝栭類. 巻之61-62: 果部五果類. 巻之63-66: 果部山果類. 巻之67-69: 果部夷果類. 巻之70: 果部味類|補写: 67(巻之39): 果部蓏類. 68-69(巻之40-41): 果部水果類. 70-71(巻之42-43): 香木類. 72(巻之44上): 香木類, 喬木類. 73-74(巻之44下-45): 喬木類. 75(巻之46): 喬木類, 灌木類. 76-78(巻之47-49): 灌木類. 79(巻之50上): 寓木類, 苞木類. 80(巻之50下): 苞木類, 雜木類, 服帛類, 器物類|おもに図版|彩色あり|原欠: 卷之1-4|印記: 「蜂須賀文庫」, 「男爵田中美津男氏寄贈 先代田中芳男男旧藏書 昭和七年」|虫損あり",,,A00:5911,岩崎 潅園,,80,,[書写者不明],[江戸後期],日本語,図書,,https://www.lib.u-tokyo.ac.jp/ja/library/contents/archives-top/reuse,http://tify.sub.uni-goettingen.de/demo.html?manifest=https://archdataset.dl.itc.u-tokyo.ac.jp/manifest/b539da74-0711-558a-599c-ae9f926d7527.json,b539da74-0711-558a-599c-ae9f926d7527,https://iiif.dl.itc.u-tokyo.ac.jp/repo/s/tanaka/,https://iiif.dl.itc.u-tokyo.ac.jp/repo/s/tanaka/document/b539da74-0711-558a-599c-ae9f926d7527,https://iiif.dl.itc.u-tokyo.ac.jp/repo/files/medium/b61f423f697f7178b4699f83323fc870ac257882.jpg,https://iiif.dl.itc.u-tokyo.ac.jp/repo/api/items/1300556,"東京大学総合図書館 General Library, The University of Tokyo, JAPAN",http://iiif.io/api/presentation/2#rightToLeftDirection,,田中芳男・博物学コレクション,0274,,https://iiif.dl.itc.u-tokyo.ac.jp/repo/iiif/b539da74-0711-558a-599c-ae9f926d7527/manifest,,,,,36
本草圖譜 (存78巻) [12],ホンゾウ ズフ,,,"写本|序首の書名: 夲草圖譜|巻之15-34の題簽書名: 本草啚譜|序末に「文政戊子冬至日灌園岩崎﨑常正」とあり|卷之8の巻末に「棔齊 岡田清福摸冩」とあり|巻之24-29, 35-38の版心下部に「灌園閣藏」とあり|巻之65-70の内題下に校者名あり|卷之5-8: 山草類. 巻之9-12: 芳草類. 巻之13-20: 濕草類. 巻之21-24: 毒草類. 巻之25-32: 蔓草類. 巻之33-34: 水草類. 巻之35-37: 石草類. 巻之38: 苔類. 巻之39: 雜草. 巻之40-42: 穀部. 巻之43: 菽豆類. 巻之44: 造醸類. 巻之45-47: 菜部葷菜類. 巻之48-52: 菜部柔滑類. 巻之53: 菜部蓏菜類. 巻之54: 菜部水菜類. 巻之55-60: 菜部芝栭類. 巻之61-62: 果部五果類. 巻之63-66: 果部山果類. 巻之67-69: 果部夷果類. 巻之70: 果部味類|補写: 67(巻之39): 果部蓏類. 68-69(巻之40-41): 果部水果類. 70-71(巻之42-43): 香木類. 72(巻之44上): 香木類, 喬木類. 73-74(巻之44下-45): 喬木類. 75(巻之46): 喬木類, 灌木類. 76-78(巻之47-49): 灌木類. 79(巻之50上): 寓木類, 苞木類. 80(巻之50下): 苞木類, 雜木類, 服帛類, 器物類|おもに図版|彩色あり|原欠: 卷之1-4|印記: 「蜂須賀文庫」, 「男爵田中美津男氏寄贈 先代田中芳男男旧藏書 昭和七年」|虫損あり",,,A00:5911,岩崎 潅園,,80,,[書写者不明],[江戸後期],日本語,図書,,https://www.lib.u-tokyo.ac.jp/ja/library/contents/archives-top/reuse,http://tify.sub.uni-goettingen.de/demo.html?manifest=https://archdataset.dl.itc.u-tokyo.ac.jp/manifest/c4b38502-54d6-2bd4-3c84-01234cbd627a.json,c4b38502-54d6-2bd4-3c84-01234cbd627a,https://iiif.dl.itc.u-tokyo.ac.jp/repo/s/tanaka/,https://iiif.dl.itc.u-tokyo.ac.jp/repo/s/tanaka/document/c4b38502-54d6-2bd4-3c84-01234cbd627a,https://iiif.dl.itc.u-tokyo.ac.jp/repo/files/medium/695365f63685cf19b5e969bfab72afaf555a0bd9.jpg,https://iiif.dl.itc.u-tokyo.ac.jp/repo/api/items/1300555,"東京大学総合図書館 General Library, The University of Tokyo, JAPAN",http://iiif.io/api/presentation/2#rightToLeftDirection,,田中芳男・博物学コレクション,0275,,https://iiif.dl.itc.u-tokyo.ac.jp/repo/iiif/c4b38502-54d6-2bd4-3c84-01234cbd627a/manifest,,,,,27
本草圖譜 (存78巻) [13],ホンゾウ ズフ,,,"写本|序首の書名: 夲草圖譜|巻之15-34の題簽書名: 本草啚譜|序末に「文政戊子冬至日灌園岩崎﨑常正」とあり|卷之8の巻末に「棔齊 岡田清福摸冩」とあり|巻之24-29, 35-38の版心下部に「灌園閣藏」とあり|巻之65-70の内題下に校者名あり|卷之5-8: 山草類. 巻之9-12: 芳草類. 巻之13-20: 濕草類. 巻之21-24: 毒草類. 巻之25-32: 蔓草類. 巻之33-34: 水草類. 巻之35-37: 石草類. 巻之38: 苔類. 巻之39: 雜草. 巻之40-42: 穀部. 巻之43: 菽豆類. 巻之44: 造醸類. 巻之45-47: 菜部葷菜類. 巻之48-52: 菜部柔滑類. 巻之53: 菜部蓏菜類. 巻之54: 菜部水菜類. 巻之55-60: 菜部芝栭類. 巻之61-62: 果部五果類. 巻之63-66: 果部山果類. 巻之67-69: 果部夷果類. 巻之70: 果部味類|補写: 67(巻之39): 果部蓏類. 68-69(巻之40-41): 果部水果類. 70-71(巻之42-43): 香木類. 72(巻之44上): 香木類, 喬木類. 73-74(巻之44下-45): 喬木類. 75(巻之46): 喬木類, 灌木類. 76-78(巻之47-49): 灌木類. 79(巻之50上): 寓木類, 苞木類. 80(巻之50下): 苞木類, 雜木類, 服帛類, 器物類|おもに図版|彩色あり|原欠: 卷之1-4|印記: 「蜂須賀文庫」, 「男爵田中美津男氏寄贈 先代田中芳男男旧藏書 昭和七年」|虫損あり",,,A00:5911,岩崎 潅園,,80,,[書写者不明],[江戸後期],日本語,図書,,https://www.lib.u-tokyo.ac.jp/ja/library/contents/archives-top/reuse,http://tify.sub.uni-goettingen.de/demo.html?manifest=https://archdataset.dl.itc.u-tokyo.ac.jp/manifest/2db5eed8-086a-7ca6-1c51-bc1d21074a91.json,2db5eed8-086a-7ca6-1c51-bc1d21074a91,https://iiif.dl.itc.u-tokyo.ac.jp/repo/s/tanaka/,https://iiif.dl.itc.u-tokyo.ac.jp/repo/s/tanaka/document/2db5eed8-086a-7ca6-1c51-bc1d21074a91,https://iiif.dl.itc.u-tokyo.ac.jp/repo/files/medium/0ea7c4b7f2f4bd8832daac1ba9c3628eb0688d56.jpg,https://iiif.dl.itc.u-tokyo.ac.jp/repo/api/items/1300554,"東京大学総合図書館 General Library, The University of Tokyo, JAPAN",http://iiif.io/api/presentation/2#rightToLeftDirection,,田中芳男・博物学コレクション,0276,,https://iiif.dl.itc.u-tokyo.ac.jp/repo/iiif/2db5eed8-086a-7ca6-1c51-bc1d21074a91/manifest,,,,,33
本草圖譜 (存78巻) [14],ホンゾウ ズフ,,,"写本|序首の書名: 夲草圖譜|巻之15-34の題簽書名: 本草啚譜|序末に「文政戊子冬至日灌園岩崎﨑常正」とあり|卷之8の巻末に「棔齊 岡田清福摸冩」とあり|巻之24-29, 35-38の版心下部に「灌園閣藏」とあり|巻之65-70の内題下に校者名あり|卷之5-8: 山草類. 巻之9-12: 芳草類. 巻之13-20: 濕草類. 巻之21-24: 毒草類. 巻之25-32: 蔓草類. 巻之33-34: 水草類. 巻之35-37: 石草類. 巻之38: 苔類. 巻之39: 雜草. 巻之40-42: 穀部. 巻之43: 菽豆類. 巻之44: 造醸類. 巻之45-47: 菜部葷菜類. 巻之48-52: 菜部柔滑類. 巻之53: 菜部蓏菜類. 巻之54: 菜部水菜類. 巻之55-60: 菜部芝栭類. 巻之61-62: 果部五果類. 巻之63-66: 果部山果類. 巻之67-69: 果部夷果類. 巻之70: 果部味類|補写: 67(巻之39): 果部蓏類. 68-69(巻之40-41): 果部水果類. 70-71(巻之42-43): 香木類. 72(巻之44上): 香木類, 喬木類. 73-74(巻之44下-45): 喬木類. 75(巻之46): 喬木類, 灌木類. 76-78(巻之47-49): 灌木類. 79(巻之50上): 寓木類, 苞木類. 80(巻之50下): 苞木類, 雜木類, 服帛類, 器物類|おもに図版|彩色あり|原欠: 卷之1-4|印記: 「蜂須賀文庫」, 「男爵田中美津男氏寄贈 先代田中芳男男旧藏書 昭和七年」|虫損あり",,,A00:5911,岩崎 潅園,,80,,[書写者不明],[江戸後期],日本語,図書,,https://www.lib.u-tokyo.ac.jp/ja/library/contents/archives-top/reuse,http://tify.sub.uni-goettingen.de/demo.html?manifest=https://archdataset.dl.itc.u-tokyo.ac.jp/manifest/159b1101-4d47-127d-856b-ffdf20a43bb5.json,159b1101-4d47-127d-856b-ffdf20a43bb5,https://iiif.dl.itc.u-tokyo.ac.jp/repo/s/tanaka/,https://iiif.dl.itc.u-tokyo.ac.jp/repo/s/tanaka/document/159b1101-4d47-127d-856b-ffdf20a43bb5,https://iiif.dl.itc.u-tokyo.ac.jp/repo/files/medium/20eac7733040bd9d2dd20686f1d75c23c1fc1bd2.jpg,https://iiif.dl.itc.u-tokyo.ac.jp/repo/api/items/1300553,"東京大学総合図書館 General Library, The University of Tokyo, JAPAN",http://iiif.io/api/presentation/2#rightToLeftDirection,,田中芳男・博物学コレクション,0277,,https://iiif.dl.itc.u-tokyo.ac.jp/repo/iiif/159b1101-4d47-127d-856b-ffdf20a43bb5/manifest,,,,,30
本草圖譜 (存78巻) [15],ホンゾウ ズフ,,,"写本|序首の書名: 夲草圖譜|巻之15-34の題簽書名: 本草啚譜|序末に「文政戊子冬至日灌園岩崎﨑常正」とあり|卷之8の巻末に「棔齊 岡田清福摸冩」とあり|巻之24-29, 35-38の版心下部に「灌園閣藏」とあり|巻之65-70の内題下に校者名あり|卷之5-8: 山草類. 巻之9-12: 芳草類. 巻之13-20: 濕草類. 巻之21-24: 毒草類. 巻之25-32: 蔓草類. 巻之33-34: 水草類. 巻之35-37: 石草類. 巻之38: 苔類. 巻之39: 雜草. 巻之40-42: 穀部. 巻之43: 菽豆類. 巻之44: 造醸類. 巻之45-47: 菜部葷菜類. 巻之48-52: 菜部柔滑類. 巻之53: 菜部蓏菜類. 巻之54: 菜部水菜類. 巻之55-60: 菜部芝栭類. 巻之61-62: 果部五果類. 巻之63-66: 果部山果類. 巻之67-69: 果部夷果類. 巻之70: 果部味類|補写: 67(巻之39): 果部蓏類. 68-69(巻之40-41): 果部水果類. 70-71(巻之42-43): 香木類. 72(巻之44上): 香木類, 喬木類. 73-74(巻之44下-45): 喬木類. 75(巻之46): 喬木類, 灌木類. 76-78(巻之47-49): 灌木類. 79(巻之50上): 寓木類, 苞木類. 80(巻之50下): 苞木類, 雜木類, 服帛類, 器物類|おもに図版|彩色あり|原欠: 卷之1-4|印記: 「蜂須賀文庫」, 「男爵田中美津男氏寄贈 先代田中芳男男旧藏書 昭和七年」|虫損あり",,,A00:5911,岩崎 潅園,,80,,[書写者不明],[江戸後期],日本語,図書,,https://www.lib.u-tokyo.ac.jp/ja/library/contents/archives-top/reuse,http://tify.sub.uni-goettingen.de/demo.html?manifest=https://archdataset.dl.itc.u-tokyo.ac.jp/manifest/743c58d8-798f-0882-09f6-481fa03027da.json,743c58d8-798f-0882-09f6-481fa03027da,https://iiif.dl.itc.u-tokyo.ac.jp/repo/s/tanaka/,https://iiif.dl.itc.u-tokyo.ac.jp/repo/s/tanaka/document/743c58d8-798f-0882-09f6-481fa03027da,https://iiif.dl.itc.u-tokyo.ac.jp/repo/files/medium/cf15be6f57506ab086a07ab6dfbd1414cf17fce5.jpg,https://iiif.dl.itc.u-tokyo.ac.jp/repo/api/items/1300552,"東京大学総合図書館 General Library, The University of Tokyo, JAPAN",http://iiif.io/api/presentation/2#rightToLeftDirection,,田中芳男・博物学コレクション,0278,,https://iiif.dl.itc.u-tokyo.ac.jp/repo/iiif/743c58d8-798f-0882-09f6-481fa03027da/manifest,,,,,24
本草圖譜 (存78巻) [16],ホンゾウ ズフ,,,"写本|序首の書名: 夲草圖譜|巻之15-34の題簽書名: 本草啚譜|序末に「文政戊子冬至日灌園岩崎﨑常正」とあり|卷之8の巻末に「棔齊 岡田清福摸冩」とあり|巻之24-29, 35-38の版心下部に「灌園閣藏」とあり|巻之65-70の内題下に校者名あり|卷之5-8: 山草類. 巻之9-12: 芳草類. 巻之13-20: 濕草類. 巻之21-24: 毒草類. 巻之25-32: 蔓草類. 巻之33-34: 水草類. 巻之35-37: 石草類. 巻之38: 苔類. 巻之39: 雜草. 巻之40-42: 穀部. 巻之43: 菽豆類. 巻之44: 造醸類. 巻之45-47: 菜部葷菜類. 巻之48-52: 菜部柔滑類. 巻之53: 菜部蓏菜類. 巻之54: 菜部水菜類. 巻之55-60: 菜部芝栭類. 巻之61-62: 果部五果類. 巻之63-66: 果部山果類. 巻之67-69: 果部夷果類. 巻之70: 果部味類|補写: 67(巻之39): 果部蓏類. 68-69(巻之40-41): 果部水果類. 70-71(巻之42-43): 香木類. 72(巻之44上): 香木類, 喬木類. 73-74(巻之44下-45): 喬木類. 75(巻之46): 喬木類, 灌木類. 76-78(巻之47-49): 灌木類. 79(巻之50上): 寓木類, 苞木類. 80(巻之50下): 苞木類, 雜木類, 服帛類, 器物類|おもに図版|彩色あり|原欠: 卷之1-4|印記: 「蜂須賀文庫」, 「男爵田中美津男氏寄贈 先代田中芳男男旧藏書 昭和七年」|虫損あり",,,A00:5911,岩崎 潅園,,80,,[書写者不明],[江戸後期],日本語,図書,,https://www.lib.u-tokyo.ac.jp/ja/library/contents/archives-top/reuse,http://tify.sub.uni-goettingen.de/demo.html?manifest=https://archdataset.dl.itc.u-tokyo.ac.jp/manifest/bc4d5451-5621-68fc-97c7-d685b40c7daf.json,bc4d5451-5621-68fc-97c7-d685b40c7daf,https://iiif.dl.itc.u-tokyo.ac.jp/repo/s/tanaka/,https://iiif.dl.itc.u-tokyo.ac.jp/repo/s/tanaka/document/bc4d5451-5621-68fc-97c7-d685b40c7daf,https://iiif.dl.itc.u-tokyo.ac.jp/repo/files/medium/9f5213c1106f6ea7e0641dc9e6e8150d86a77b5b.jpg,https://iiif.dl.itc.u-tokyo.ac.jp/repo/api/items/1300551,"東京大学総合図書館 General Library, The University of Tokyo, JAPAN",http://iiif.io/api/presentation/2#rightToLeftDirection,,田中芳男・博物学コレクション,0279,,https://iiif.dl.itc.u-tokyo.ac.jp/repo/iiif/bc4d5451-5621-68fc-97c7-d685b40c7daf/manifest,,,,,28
本草圖譜 (存78巻) [17],ホンゾウ ズフ,,,"写本|序首の書名: 夲草圖譜|巻之15-34の題簽書名: 本草啚譜|序末に「文政戊子冬至日灌園岩崎﨑常正」とあり|卷之8の巻末に「棔齊 岡田清福摸冩」とあり|巻之24-29, 35-38の版心下部に「灌園閣藏」とあり|巻之65-70の内題下に校者名あり|卷之5-8: 山草類. 巻之9-12: 芳草類. 巻之13-20: 濕草類. 巻之21-24: 毒草類. 巻之25-32: 蔓草類. 巻之33-34: 水草類. 巻之35-37: 石草類. 巻之38: 苔類. 巻之39: 雜草. 巻之40-42: 穀部. 巻之43: 菽豆類. 巻之44: 造醸類. 巻之45-47: 菜部葷菜類. 巻之48-52: 菜部柔滑類. 巻之53: 菜部蓏菜類. 巻之54: 菜部水菜類. 巻之55-60: 菜部芝栭類. 巻之61-62: 果部五果類. 巻之63-66: 果部山果類. 巻之67-69: 果部夷果類. 巻之70: 果部味類|補写: 67(巻之39): 果部蓏類. 68-69(巻之40-41): 果部水果類. 70-71(巻之42-43): 香木類. 72(巻之44上): 香木類, 喬木類. 73-74(巻之44下-45): 喬木類. 75(巻之46): 喬木類, 灌木類. 76-78(巻之47-49): 灌木類. 79(巻之50上): 寓木類, 苞木類. 80(巻之50下): 苞木類, 雜木類, 服帛類, 器物類|おもに図版|彩色あり|原欠: 卷之1-4|印記: 「蜂須賀文庫」, 「男爵田中美津男氏寄贈 先代田中芳男男旧藏書 昭和七年」|虫損あり",,,A00:5911,岩崎 潅園,,80,,[書写者不明],[江戸後期],日本語,図書,,https://www.lib.u-tokyo.ac.jp/ja/library/contents/archives-top/reuse,http://tify.sub.uni-goettingen.de/demo.html?manifest=https://archdataset.dl.itc.u-tokyo.ac.jp/manifest/fd2c8a21-412e-9336-034e-71144e506861.json,fd2c8a21-412e-9336-034e-71144e506861,https://iiif.dl.itc.u-tokyo.ac.jp/repo/s/tanaka/,https://iiif.dl.itc.u-tokyo.ac.jp/repo/s/tanaka/document/fd2c8a21-412e-9336-034e-71144e506861,https://iiif.dl.itc.u-tokyo.ac.jp/repo/files/medium/5378c207e485041af0639d554b5e90e7104ca442.jpg,https://iiif.dl.itc.u-tokyo.ac.jp/repo/api/items/1300550,"東京大学総合図書館 General Library, The University of Tokyo, JAPAN",http://iiif.io/api/presentation/2#rightToLeftDirection,,田中芳男・博物学コレクション,0280,,https://iiif.dl.itc.u-tokyo.ac.jp/repo/iiif/fd2c8a21-412e-9336-034e-71144e506861/manifest,,,,,30
本草圖譜 (存78巻) [18],ホンゾウ ズフ,,,"写本|序首の書名: 夲草圖譜|巻之15-34の題簽書名: 本草啚譜|序末に「文政戊子冬至日灌園岩崎﨑常正」とあり|卷之8の巻末に「棔齊 岡田清福摸冩」とあり|巻之24-29, 35-38の版心下部に「灌園閣藏」とあり|巻之65-70の内題下に校者名あり|卷之5-8: 山草類. 巻之9-12: 芳草類. 巻之13-20: 濕草類. 巻之21-24: 毒草類. 巻之25-32: 蔓草類. 巻之33-34: 水草類. 巻之35-37: 石草類. 巻之38: 苔類. 巻之39: 雜草. 巻之40-42: 穀部. 巻之43: 菽豆類. 巻之44: 造醸類. 巻之45-47: 菜部葷菜類. 巻之48-52: 菜部柔滑類. 巻之53: 菜部蓏菜類. 巻之54: 菜部水菜類. 巻之55-60: 菜部芝栭類. 巻之61-62: 果部五果類. 巻之63-66: 果部山果類. 巻之67-69: 果部夷果類. 巻之70: 果部味類|補写: 67(巻之39): 果部蓏類. 68-69(巻之40-41): 果部水果類. 70-71(巻之42-43): 香木類. 72(巻之44上): 香木類, 喬木類. 73-74(巻之44下-45): 喬木類. 75(巻之46): 喬木類, 灌木類. 76-78(巻之47-49): 灌木類. 79(巻之50上): 寓木類, 苞木類. 80(巻之50下): 苞木類, 雜木類, 服帛類, 器物類|おもに図版|彩色あり|原欠: 卷之1-4|印記: 「蜂須賀文庫」, 「男爵田中美津男氏寄贈 先代田中芳男男旧藏書 昭和七年」|虫損あり",,,A00:5911,岩崎 潅園,,80,,[書写者不明],[江戸後期],日本語,図書,,https://www.lib.u-tokyo.ac.jp/ja/library/contents/archives-top/reuse,http://tify.sub.uni-goettingen.de/demo.html?manifest=https://archdataset.dl.itc.u-tokyo.ac.jp/manifest/2e82fd9d-380c-786b-5be5-7ca504512c04.json,2e82fd9d-380c-786b-5be5-7ca504512c04,https://iiif.dl.itc.u-tokyo.ac.jp/repo/s/tanaka/,https://iiif.dl.itc.u-tokyo.ac.jp/repo/s/tanaka/document/2e82fd9d-380c-786b-5be5-7ca504512c04,https://iiif.dl.itc.u-tokyo.ac.jp/repo/files/medium/583c79f31dcf85fe3ea1c511273c50cf3c8829cd.jpg,https://iiif.dl.itc.u-tokyo.ac.jp/repo/api/items/1300549,"東京大学総合図書館 General Library, The University of Tokyo, JAPAN",http://iiif.io/api/presentation/2#rightToLeftDirection,,田中芳男・博物学コレクション,0281,,https://iiif.dl.itc.u-tokyo.ac.jp/repo/iiif/2e82fd9d-380c-786b-5be5-7ca504512c04/manifest,,,,,31
本草圖譜 (存78巻) [19],ホンゾウ ズフ,,,"写本|序首の書名: 夲草圖譜|巻之15-34の題簽書名: 本草啚譜|序末に「文政戊子冬至日灌園岩崎﨑常正」とあり|卷之8の巻末に「棔齊 岡田清福摸冩」とあり|巻之24-29, 35-38の版心下部に「灌園閣藏」とあり|巻之65-70の内題下に校者名あり|卷之5-8: 山草類. 巻之9-12: 芳草類. 巻之13-20: 濕草類. 巻之21-24: 毒草類. 巻之25-32: 蔓草類. 巻之33-34: 水草類. 巻之35-37: 石草類. 巻之38: 苔類. 巻之39: 雜草. 巻之40-42: 穀部. 巻之43: 菽豆類. 巻之44: 造醸類. 巻之45-47: 菜部葷菜類. 巻之48-52: 菜部柔滑類. 巻之53: 菜部蓏菜類. 巻之54: 菜部水菜類. 巻之55-60: 菜部芝栭類. 巻之61-62: 果部五果類. 巻之63-66: 果部山果類. 巻之67-69: 果部夷果類. 巻之70: 果部味類|補写: 67(巻之39): 果部蓏類. 68-69(巻之40-41): 果部水果類. 70-71(巻之42-43): 香木類. 72(巻之44上): 香木類, 喬木類. 73-74(巻之44下-45): 喬木類. 75(巻之46): 喬木類, 灌木類. 76-78(巻之47-49): 灌木類. 79(巻之50上): 寓木類, 苞木類. 80(巻之50下): 苞木類, 雜木類, 服帛類, 器物類|おもに図版|彩色あり|原欠: 卷之1-4|印記: 「蜂須賀文庫」, 「男爵田中美津男氏寄贈 先代田中芳男男旧藏書 昭和七年」|虫損あり",,,A00:5911,岩崎 潅園,,80,,[書写者不明],[江戸後期],日本語,図書,,https://www.lib.u-tokyo.ac.jp/ja/library/contents/archives-top/reuse,http://tify.sub.uni-goettingen.de/demo.html?manifest=https://archdataset.dl.itc.u-tokyo.ac.jp/manifest/bb2fc98e-7984-275d-8eba-c250b1599302.json,bb2fc98e-7984-275d-8eba-c250b1599302,https://iiif.dl.itc.u-tokyo.ac.jp/repo/s/tanaka/,https://iiif.dl.itc.u-tokyo.ac.jp/repo/s/tanaka/document/bb2fc98e-7984-275d-8eba-c250b1599302,https://iiif.dl.itc.u-tokyo.ac.jp/repo/files/medium/29ef93c3df8dade19224ef57a3cca33613218952.jpg,https://iiif.dl.itc.u-tokyo.ac.jp/repo/api/items/1300548,"東京大学総合図書館 General Library, The University of Tokyo, JAPAN",http://iiif.io/api/presentation/2#rightToLeftDirection,,田中芳男・博物学コレクション,0282,,https://iiif.dl.itc.u-tokyo.ac.jp/repo/iiif/bb2fc98e-7984-275d-8eba-c250b1599302/manifest,,,,,36
本草圖譜 (存78巻) [20],ホンゾウ ズフ,,,"写本|序首の書名: 夲草圖譜|巻之15-34の題簽書名: 本草啚譜|序末に「文政戊子冬至日灌園岩崎﨑常正」とあり|卷之8の巻末に「棔齊 岡田清福摸冩」とあり|巻之24-29, 35-38の版心下部に「灌園閣藏」とあり|巻之65-70の内題下に校者名あり|卷之5-8: 山草類. 巻之9-12: 芳草類. 巻之13-20: 濕草類. 巻之21-24: 毒草類. 巻之25-32: 蔓草類. 巻之33-34: 水草類. 巻之35-37: 石草類. 巻之38: 苔類. 巻之39: 雜草. 巻之40-42: 穀部. 巻之43: 菽豆類. 巻之44: 造醸類. 巻之45-47: 菜部葷菜類. 巻之48-52: 菜部柔滑類. 巻之53: 菜部蓏菜類. 巻之54: 菜部水菜類. 巻之55-60: 菜部芝栭類. 巻之61-62: 果部五果類. 巻之63-66: 果部山果類. 巻之67-69: 果部夷果類. 巻之70: 果部味類|補写: 67(巻之39): 果部蓏類. 68-69(巻之40-41): 果部水果類. 70-71(巻之42-43): 香木類. 72(巻之44上): 香木類, 喬木類. 73-74(巻之44下-45): 喬木類. 75(巻之46): 喬木類, 灌木類. 76-78(巻之47-49): 灌木類. 79(巻之50上): 寓木類, 苞木類. 80(巻之50下): 苞木類, 雜木類, 服帛類, 器物類|おもに図版|彩色あり|原欠: 卷之1-4|印記: 「蜂須賀文庫」, 「男爵田中美津男氏寄贈 先代田中芳男男旧藏書 昭和七年」|虫損あり",,,A00:5911,岩崎 潅園,,80,,[書写者不明],[江戸後期],日本語,図書,,https://www.lib.u-tokyo.ac.jp/ja/library/contents/archives-top/reuse,http://tify.sub.uni-goettingen.de/demo.html?manifest=https://archdataset.dl.itc.u-tokyo.ac.jp/manifest/184aec96-8b1b-70ad-a43d-93df3e192e9d.json,184aec96-8b1b-70ad-a43d-93df3e192e9d,https://iiif.dl.itc.u-tokyo.ac.jp/repo/s/tanaka/,https://iiif.dl.itc.u-tokyo.ac.jp/repo/s/tanaka/document/184aec96-8b1b-70ad-a43d-93df3e192e9d,https://iiif.dl.itc.u-tokyo.ac.jp/repo/files/medium/860bf2b79b5c5214a147b6909af5d69347aa4ad1.jpg,https://iiif.dl.itc.u-tokyo.ac.jp/repo/api/items/1300547,"東京大学総合図書館 General Library, The University of Tokyo, JAPAN",http://iiif.io/api/presentation/2#rightToLeftDirection,,田中芳男・博物学コレクション,0283,,https://iiif.dl.itc.u-tokyo.ac.jp/repo/iiif/184aec96-8b1b-70ad-a43d-93df3e192e9d/manifest,,,,,30
本草圖譜 (存78巻) [21],ホンゾウ ズフ,,,"写本|序首の書名: 夲草圖譜|巻之15-34の題簽書名: 本草啚譜|序末に「文政戊子冬至日灌園岩崎﨑常正」とあり|卷之8の巻末に「棔齊 岡田清福摸冩」とあり|巻之24-29, 35-38の版心下部に「灌園閣藏」とあり|巻之65-70の内題下に校者名あり|卷之5-8: 山草類. 巻之9-12: 芳草類. 巻之13-20: 濕草類. 巻之21-24: 毒草類. 巻之25-32: 蔓草類. 巻之33-34: 水草類. 巻之35-37: 石草類. 巻之38: 苔類. 巻之39: 雜草. 巻之40-42: 穀部. 巻之43: 菽豆類. 巻之44: 造醸類. 巻之45-47: 菜部葷菜類. 巻之48-52: 菜部柔滑類. 巻之53: 菜部蓏菜類. 巻之54: 菜部水菜類. 巻之55-60: 菜部芝栭類. 巻之61-62: 果部五果類. 巻之63-66: 果部山果類. 巻之67-69: 果部夷果類. 巻之70: 果部味類|補写: 67(巻之39): 果部蓏類. 68-69(巻之40-41): 果部水果類. 70-71(巻之42-43): 香木類. 72(巻之44上): 香木類, 喬木類. 73-74(巻之44下-45): 喬木類. 75(巻之46): 喬木類, 灌木類. 76-78(巻之47-49): 灌木類. 79(巻之50上): 寓木類, 苞木類. 80(巻之50下): 苞木類, 雜木類, 服帛類, 器物類|おもに図版|彩色あり|原欠: 卷之1-4|印記: 「蜂須賀文庫」, 「男爵田中美津男氏寄贈 先代田中芳男男旧藏書 昭和七年」|虫損あり",,,A00:5911,岩崎 潅園,,80,,[書写者不明],[江戸後期],日本語,図書,,https://www.lib.u-tokyo.ac.jp/ja/library/contents/archives-top/reuse,http://tify.sub.uni-goettingen.de/demo.html?manifest=https://archdataset.dl.itc.u-tokyo.ac.jp/manifest/2923b71d-3fc6-7553-8ea3-1a80df5e767d.json,2923b71d-3fc6-7553-8ea3-1a80df5e767d,https://iiif.dl.itc.u-tokyo.ac.jp/repo/s/tanaka/,https://iiif.dl.itc.u-tokyo.ac.jp/repo/s/tanaka/document/2923b71d-3fc6-7553-8ea3-1a80df5e767d,https://iiif.dl.itc.u-tokyo.ac.jp/repo/files/medium/7d0bc3e9d793d9c0a35681571c94983d5d373588.jpg,https://iiif.dl.itc.u-tokyo.ac.jp/repo/api/items/1300546,"東京大学総合図書館 General Library, The University of Tokyo, JAPAN",http://iiif.io/api/presentation/2#rightToLeftDirection,,田中芳男・博物学コレクション,0284,,https://iiif.dl.itc.u-tokyo.ac.jp/repo/iiif/2923b71d-3fc6-7553-8ea3-1a80df5e767d/manifest,,,,,27
本草圖譜 (存78巻) [22],ホンゾウ ズフ,,,"写本|序首の書名: 夲草圖譜|巻之15-34の題簽書名: 本草啚譜|序末に「文政戊子冬至日灌園岩崎﨑常正」とあり|卷之8の巻末に「棔齊 岡田清福摸冩」とあり|巻之24-29, 35-38の版心下部に「灌園閣藏」とあり|巻之65-70の内題下に校者名あり|卷之5-8: 山草類. 巻之9-12: 芳草類. 巻之13-20: 濕草類. 巻之21-24: 毒草類. 巻之25-32: 蔓草類. 巻之33-34: 水草類. 巻之35-37: 石草類. 巻之38: 苔類. 巻之39: 雜草. 巻之40-42: 穀部. 巻之43: 菽豆類. 巻之44: 造醸類. 巻之45-47: 菜部葷菜類. 巻之48-52: 菜部柔滑類. 巻之53: 菜部蓏菜類. 巻之54: 菜部水菜類. 巻之55-60: 菜部芝栭類. 巻之61-62: 果部五果類. 巻之63-66: 果部山果類. 巻之67-69: 果部夷果類. 巻之70: 果部味類|補写: 67(巻之39): 果部蓏類. 68-69(巻之40-41): 果部水果類. 70-71(巻之42-43): 香木類. 72(巻之44上): 香木類, 喬木類. 73-74(巻之44下-45): 喬木類. 75(巻之46): 喬木類, 灌木類. 76-78(巻之47-49): 灌木類. 79(巻之50上): 寓木類, 苞木類. 80(巻之50下): 苞木類, 雜木類, 服帛類, 器物類|おもに図版|彩色あり|原欠: 卷之1-4|印記: 「蜂須賀文庫」, 「男爵田中美津男氏寄贈 先代田中芳男男旧藏書 昭和七年」|虫損あり",,,A00:5911,岩崎 潅園,,80,,[書写者不明],[江戸後期],日本語,図書,,https://www.lib.u-tokyo.ac.jp/ja/library/contents/archives-top/reuse,http://tify.sub.uni-goettingen.de/demo.html?manifest=https://archdataset.dl.itc.u-tokyo.ac.jp/manifest/c9f7bd31-197b-8de5-2dc8-f026c99d286f.json,c9f7bd31-197b-8de5-2dc8-f026c99d286f,https://iiif.dl.itc.u-tokyo.ac.jp/repo/s/tanaka/,https://iiif.dl.itc.u-tokyo.ac.jp/repo/s/tanaka/document/c9f7bd31-197b-8de5-2dc8-f026c99d286f,https://iiif.dl.itc.u-tokyo.ac.jp/repo/files/medium/6e8f182500b3a11bfb0e13e08f6c84c21adfea64.jpg,https://iiif.dl.itc.u-tokyo.ac.jp/repo/api/items/1300545,"東京大学総合図書館 General Library, The University of Tokyo, JAPAN",http://iiif.io/api/presentation/2#rightToLeftDirection,,田中芳男・博物学コレクション,0285,,https://iiif.dl.itc.u-tokyo.ac.jp/repo/iiif/c9f7bd31-197b-8de5-2dc8-f026c99d286f/manifest,,,,,24
本草圖譜 (存78巻) [23],ホンゾウ ズフ,,,"写本|序首の書名: 夲草圖譜|巻之15-34の題簽書名: 本草啚譜|序末に「文政戊子冬至日灌園岩崎﨑常正」とあり|卷之8の巻末に「棔齊 岡田清福摸冩」とあり|巻之24-29, 35-38の版心下部に「灌園閣藏」とあり|巻之65-70の内題下に校者名あり|卷之5-8: 山草類. 巻之9-12: 芳草類. 巻之13-20: 濕草類. 巻之21-24: 毒草類. 巻之25-32: 蔓草類. 巻之33-34: 水草類. 巻之35-37: 石草類. 巻之38: 苔類. 巻之39: 雜草. 巻之40-42: 穀部. 巻之43: 菽豆類. 巻之44: 造醸類. 巻之45-47: 菜部葷菜類. 巻之48-52: 菜部柔滑類. 巻之53: 菜部蓏菜類. 巻之54: 菜部水菜類. 巻之55-60: 菜部芝栭類. 巻之61-62: 果部五果類. 巻之63-66: 果部山果類. 巻之67-69: 果部夷果類. 巻之70: 果部味類|補写: 67(巻之39): 果部蓏類. 68-69(巻之40-41): 果部水果類. 70-71(巻之42-43): 香木類. 72(巻之44上): 香木類, 喬木類. 73-74(巻之44下-45): 喬木類. 75(巻之46): 喬木類, 灌木類. 76-78(巻之47-49): 灌木類. 79(巻之50上): 寓木類, 苞木類. 80(巻之50下): 苞木類, 雜木類, 服帛類, 器物類|おもに図版|彩色あり|原欠: 卷之1-4|印記: 「蜂須賀文庫」, 「男爵田中美津男氏寄贈 先代田中芳男男旧藏書 昭和七年」|虫損あり",,,A00:5911,岩崎 潅園,,80,,[書写者不明],[江戸後期],日本語,図書,,https://www.lib.u-tokyo.ac.jp/ja/library/contents/archives-top/reuse,http://tify.sub.uni-goettingen.de/demo.html?manifest=https://archdataset.dl.itc.u-tokyo.ac.jp/manifest/a1b65104-a77f-5d19-a25d-500e6c706af2.json,a1b65104-a77f-5d19-a25d-500e6c706af2,https://iiif.dl.itc.u-tokyo.ac.jp/repo/s/tanaka/,https://iiif.dl.itc.u-tokyo.ac.jp/repo/s/tanaka/document/a1b65104-a77f-5d19-a25d-500e6c706af2,https://iiif.dl.itc.u-tokyo.ac.jp/repo/files/medium/372fff8b0f9b5edf36bcecd08ddb95b60f1d8d57.jpg,https://iiif.dl.itc.u-tokyo.ac.jp/repo/api/items/1300544,"東京大学総合図書館 General Library, The University of Tokyo, JAPAN",http://iiif.io/api/presentation/2#rightToLeftDirection,,田中芳男・博物学コレクション,0286,,https://iiif.dl.itc.u-tokyo.ac.jp/repo/iiif/a1b65104-a77f-5d19-a25d-500e6c706af2/manifest,,,,,22
本草圖譜 (存78巻) [24],ホンゾウ ズフ,,,"写本|序首の書名: 夲草圖譜|巻之15-34の題簽書名: 本草啚譜|序末に「文政戊子冬至日灌園岩崎﨑常正」とあり|卷之8の巻末に「棔齊 岡田清福摸冩」とあり|巻之24-29, 35-38の版心下部に「灌園閣藏」とあり|巻之65-70の内題下に校者名あり|卷之5-8: 山草類. 巻之9-12: 芳草類. 巻之13-20: 濕草類. 巻之21-24: 毒草類. 巻之25-32: 蔓草類. 巻之33-34: 水草類. 巻之35-37: 石草類. 巻之38: 苔類. 巻之39: 雜草. 巻之40-42: 穀部. 巻之43: 菽豆類. 巻之44: 造醸類. 巻之45-47: 菜部葷菜類. 巻之48-52: 菜部柔滑類. 巻之53: 菜部蓏菜類. 巻之54: 菜部水菜類. 巻之55-60: 菜部芝栭類. 巻之61-62: 果部五果類. 巻之63-66: 果部山果類. 巻之67-69: 果部夷果類. 巻之70: 果部味類|補写: 67(巻之39): 果部蓏類. 68-69(巻之40-41): 果部水果類. 70-71(巻之42-43): 香木類. 72(巻之44上): 香木類, 喬木類. 73-74(巻之44下-45): 喬木類. 75(巻之46): 喬木類, 灌木類. 76-78(巻之47-49): 灌木類. 79(巻之50上): 寓木類, 苞木類. 80(巻之50下): 苞木類, 雜木類, 服帛類, 器物類|おもに図版|彩色あり|原欠: 卷之1-4|印記: 「蜂須賀文庫」, 「男爵田中美津男氏寄贈 先代田中芳男男旧藏書 昭和七年」|虫損あり",,,A00:5911,岩崎 潅園,,80,,[書写者不明],[江戸後期],日本語,図書,,https://www.lib.u-tokyo.ac.jp/ja/library/contents/archives-top/reuse,http://tify.sub.uni-goettingen.de/demo.html?manifest=https://archdataset.dl.itc.u-tokyo.ac.jp/manifest/d1a424a0-37e5-622b-96f6-66a6ae6f136b.json,d1a424a0-37e5-622b-96f6-66a6ae6f136b,https://iiif.dl.itc.u-tokyo.ac.jp/repo/s/tanaka/,https://iiif.dl.itc.u-tokyo.ac.jp/repo/s/tanaka/document/d1a424a0-37e5-622b-96f6-66a6ae6f136b,https://iiif.dl.itc.u-tokyo.ac.jp/repo/files/medium/263d38d659fee9b65746faa53c1b7127c73ab4ed.jpg,https://iiif.dl.itc.u-tokyo.ac.jp/repo/api/items/1300543,"東京大学総合図書館 General Library, The University of Tokyo, JAPAN",http://iiif.io/api/presentation/2#rightToLeftDirection,,田中芳男・博物学コレクション,0287,,https://iiif.dl.itc.u-tokyo.ac.jp/repo/iiif/d1a424a0-37e5-622b-96f6-66a6ae6f136b/manifest,,,,,25
本草圖譜 (存78巻) [25],ホンゾウ ズフ,,,"写本|序首の書名: 夲草圖譜|巻之15-34の題簽書名: 本草啚譜|序末に「文政戊子冬至日灌園岩崎﨑常正」とあり|卷之8の巻末に「棔齊 岡田清福摸冩」とあり|巻之24-29, 35-38の版心下部に「灌園閣藏」とあり|巻之65-70の内題下に校者名あり|卷之5-8: 山草類. 巻之9-12: 芳草類. 巻之13-20: 濕草類. 巻之21-24: 毒草類. 巻之25-32: 蔓草類. 巻之33-34: 水草類. 巻之35-37: 石草類. 巻之38: 苔類. 巻之39: 雜草. 巻之40-42: 穀部. 巻之43: 菽豆類. 巻之44: 造醸類. 巻之45-47: 菜部葷菜類. 巻之48-52: 菜部柔滑類. 巻之53: 菜部蓏菜類. 巻之54: 菜部水菜類. 巻之55-60: 菜部芝栭類. 巻之61-62: 果部五果類. 巻之63-66: 果部山果類. 巻之67-69: 果部夷果類. 巻之70: 果部味類|補写: 67(巻之39): 果部蓏類. 68-69(巻之40-41): 果部水果類. 70-71(巻之42-43): 香木類. 72(巻之44上): 香木類, 喬木類. 73-74(巻之44下-45): 喬木類. 75(巻之46): 喬木類, 灌木類. 76-78(巻之47-49): 灌木類. 79(巻之50上): 寓木類, 苞木類. 80(巻之50下): 苞木類, 雜木類, 服帛類, 器物類|おもに図版|彩色あり|原欠: 卷之1-4|印記: 「蜂須賀文庫」, 「男爵田中美津男氏寄贈 先代田中芳男男旧藏書 昭和七年」|虫損あり",,,A00:5911,岩崎 潅園,,80,,[書写者不明],[江戸後期],日本語,図書,,https://www.lib.u-tokyo.ac.jp/ja/library/contents/archives-top/reuse,http://tify.sub.uni-goettingen.de/demo.html?manifest=https://archdataset.dl.itc.u-tokyo.ac.jp/manifest/f0541fe9-3a45-2afd-6844-a1cd5a84799e.json,f0541fe9-3a45-2afd-6844-a1cd5a84799e,https://iiif.dl.itc.u-tokyo.ac.jp/repo/s/tanaka/,https://iiif.dl.itc.u-tokyo.ac.jp/repo/s/tanaka/document/f0541fe9-3a45-2afd-6844-a1cd5a84799e,https://iiif.dl.itc.u-tokyo.ac.jp/repo/files/medium/2c6ee1adcd222a20f1bd0cf174e7d2b91ca9d0a4.jpg,https://iiif.dl.itc.u-tokyo.ac.jp/repo/api/items/1300542,"東京大学総合図書館 General Library, The University of Tokyo, JAPAN",http://iiif.io/api/presentation/2#rightToLeftDirection,,田中芳男・博物学コレクション,0288,,https://iiif.dl.itc.u-tokyo.ac.jp/repo/iiif/f0541fe9-3a45-2afd-6844-a1cd5a84799e/manifest,,,,,24
本草圖譜 (存78巻) [26],ホンゾウ ズフ,,,"写本|序首の書名: 夲草圖譜|巻之15-34の題簽書名: 本草啚譜|序末に「文政戊子冬至日灌園岩崎﨑常正」とあり|卷之8の巻末に「棔齊 岡田清福摸冩」とあり|巻之24-29, 35-38の版心下部に「灌園閣藏」とあり|巻之65-70の内題下に校者名あり|卷之5-8: 山草類. 巻之9-12: 芳草類. 巻之13-20: 濕草類. 巻之21-24: 毒草類. 巻之25-32: 蔓草類. 巻之33-34: 水草類. 巻之35-37: 石草類. 巻之38: 苔類. 巻之39: 雜草. 巻之40-42: 穀部. 巻之43: 菽豆類. 巻之44: 造醸類. 巻之45-47: 菜部葷菜類. 巻之48-52: 菜部柔滑類. 巻之53: 菜部蓏菜類. 巻之54: 菜部水菜類. 巻之55-60: 菜部芝栭類. 巻之61-62: 果部五果類. 巻之63-66: 果部山果類. 巻之67-69: 果部夷果類. 巻之70: 果部味類|補写: 67(巻之39): 果部蓏類. 68-69(巻之40-41): 果部水果類. 70-71(巻之42-43): 香木類. 72(巻之44上): 香木類, 喬木類. 73-74(巻之44下-45): 喬木類. 75(巻之46): 喬木類, 灌木類. 76-78(巻之47-49): 灌木類. 79(巻之50上): 寓木類, 苞木類. 80(巻之50下): 苞木類, 雜木類, 服帛類, 器物類|おもに図版|彩色あり|原欠: 卷之1-4|印記: 「蜂須賀文庫」, 「男爵田中美津男氏寄贈 先代田中芳男男旧藏書 昭和七年」|虫損あり",,,A00:5911,岩崎 潅園,,80,,[書写者不明],[江戸後期],日本語,図書,,https://www.lib.u-tokyo.ac.jp/ja/library/contents/archives-top/reuse,http://tify.sub.uni-goettingen.de/demo.html?manifest=https://archdataset.dl.itc.u-tokyo.ac.jp/manifest/754d9bac-3e87-5207-488d-a19a290f7723.json,754d9bac-3e87-5207-488d-a19a290f7723,https://iiif.dl.itc.u-tokyo.ac.jp/repo/s/tanaka/,https://iiif.dl.itc.u-tokyo.ac.jp/repo/s/tanaka/document/754d9bac-3e87-5207-488d-a19a290f7723,https://iiif.dl.itc.u-tokyo.ac.jp/repo/files/medium/9a6ac8218f476ec895d7d6779ec55f5e0ddcfa61.jpg,https://iiif.dl.itc.u-tokyo.ac.jp/repo/api/items/1300541,"東京大学総合図書館 General Library, The University of Tokyo, JAPAN",http://iiif.io/api/presentation/2#rightToLeftDirection,,田中芳男・博物学コレクション,0289,,https://iiif.dl.itc.u-tokyo.ac.jp/repo/iiif/754d9bac-3e87-5207-488d-a19a290f7723/manifest,,,,,22
本草圖譜 (存78巻) [27],ホンゾウ ズフ,,,"写本|序首の書名: 夲草圖譜|巻之15-34の題簽書名: 本草啚譜|序末に「文政戊子冬至日灌園岩崎﨑常正」とあり|卷之8の巻末に「棔齊 岡田清福摸冩」とあり|巻之24-29, 35-38の版心下部に「灌園閣藏」とあり|巻之65-70の内題下に校者名あり|卷之5-8: 山草類. 巻之9-12: 芳草類. 巻之13-20: 濕草類. 巻之21-24: 毒草類. 巻之25-32: 蔓草類. 巻之33-34: 水草類. 巻之35-37: 石草類. 巻之38: 苔類. 巻之39: 雜草. 巻之40-42: 穀部. 巻之43: 菽豆類. 巻之44: 造醸類. 巻之45-47: 菜部葷菜類. 巻之48-52: 菜部柔滑類. 巻之53: 菜部蓏菜類. 巻之54: 菜部水菜類. 巻之55-60: 菜部芝栭類. 巻之61-62: 果部五果類. 巻之63-66: 果部山果類. 巻之67-69: 果部夷果類. 巻之70: 果部味類|補写: 67(巻之39): 果部蓏類. 68-69(巻之40-41): 果部水果類. 70-71(巻之42-43): 香木類. 72(巻之44上): 香木類, 喬木類. 73-74(巻之44下-45): 喬木類. 75(巻之46): 喬木類, 灌木類. 76-78(巻之47-49): 灌木類. 79(巻之50上): 寓木類, 苞木類. 80(巻之50下): 苞木類, 雜木類, 服帛類, 器物類|おもに図版|彩色あり|原欠: 卷之1-4|印記: 「蜂須賀文庫」, 「男爵田中美津男氏寄贈 先代田中芳男男旧藏書 昭和七年」|虫損あり",,,A00:5911,岩崎 潅園,,80,,[書写者不明],[江戸後期],日本語,図書,,https://www.lib.u-tokyo.ac.jp/ja/library/contents/archives-top/reuse,http://tify.sub.uni-goettingen.de/demo.html?manifest=https://archdataset.dl.itc.u-tokyo.ac.jp/manifest/58981cf6-8aec-8674-0d71-df7c7fd26750.json,58981cf6-8aec-8674-0d71-df7c7fd26750,https://iiif.dl.itc.u-tokyo.ac.jp/repo/s/tanaka/,https://iiif.dl.itc.u-tokyo.ac.jp/repo/s/tanaka/document/58981cf6-8aec-8674-0d71-df7c7fd26750,https://iiif.dl.itc.u-tokyo.ac.jp/repo/files/medium/fde33566e90c0b973e43a52efab93b4ffd0a10b9.jpg,https://iiif.dl.itc.u-tokyo.ac.jp/repo/api/items/1300540,"東京大学総合図書館 General Library, The University of Tokyo, JAPAN",http://iiif.io/api/presentation/2#rightToLeftDirection,,田中芳男・博物学コレクション,0290,,https://iiif.dl.itc.u-tokyo.ac.jp/repo/iiif/58981cf6-8aec-8674-0d71-df7c7fd26750/manifest,,,,,21
本草圖譜 (存78巻) [28],ホンゾウ ズフ,,,"写本|序首の書名: 夲草圖譜|巻之15-34の題簽書名: 本草啚譜|序末に「文政戊子冬至日灌園岩崎﨑常正」とあり|卷之8の巻末に「棔齊 岡田清福摸冩」とあり|巻之24-29, 35-38の版心下部に「灌園閣藏」とあり|巻之65-70の内題下に校者名あり|卷之5-8: 山草類. 巻之9-12: 芳草類. 巻之13-20: 濕草類. 巻之21-24: 毒草類. 巻之25-32: 蔓草類. 巻之33-34: 水草類. 巻之35-37: 石草類. 巻之38: 苔類. 巻之39: 雜草. 巻之40-42: 穀部. 巻之43: 菽豆類. 巻之44: 造醸類. 巻之45-47: 菜部葷菜類. 巻之48-52: 菜部柔滑類. 巻之53: 菜部蓏菜類. 巻之54: 菜部水菜類. 巻之55-60: 菜部芝栭類. 巻之61-62: 果部五果類. 巻之63-66: 果部山果類. 巻之67-69: 果部夷果類. 巻之70: 果部味類|補写: 67(巻之39): 果部蓏類. 68-69(巻之40-41): 果部水果類. 70-71(巻之42-43): 香木類. 72(巻之44上): 香木類, 喬木類. 73-74(巻之44下-45): 喬木類. 75(巻之46): 喬木類, 灌木類. 76-78(巻之47-49): 灌木類. 79(巻之50上): 寓木類, 苞木類. 80(巻之50下): 苞木類, 雜木類, 服帛類, 器物類|おもに図版|彩色あり|原欠: 卷之1-4|印記: 「蜂須賀文庫」, 「男爵田中美津男氏寄贈 先代田中芳男男旧藏書 昭和七年」|虫損あり",,,A00:5911,岩崎 潅園,,80,,[書写者不明],[江戸後期],日本語,図書,,https://www.lib.u-tokyo.ac.jp/ja/library/contents/archives-top/reuse,http://tify.sub.uni-goettingen.de/demo.html?manifest=https://archdataset.dl.itc.u-tokyo.ac.jp/manifest/e7f3d9e1-87e3-6f67-236c-8226425e29c5.json,e7f3d9e1-87e3-6f67-236c-8226425e29c5,https://iiif.dl.itc.u-tokyo.ac.jp/repo/s/tanaka/,https://iiif.dl.itc.u-tokyo.ac.jp/repo/s/tanaka/document/e7f3d9e1-87e3-6f67-236c-8226425e29c5,https://iiif.dl.itc.u-tokyo.ac.jp/repo/files/medium/3d7bcb2c9041682ad3cf427d7db72616cd4769d2.jpg,https://iiif.dl.itc.u-tokyo.ac.jp/repo/api/items/1300539,"東京大学総合図書館 General Library, The University of Tokyo, JAPAN",http://iiif.io/api/presentation/2#rightToLeftDirection,,田中芳男・博物学コレクション,0291,,https://iiif.dl.itc.u-tokyo.ac.jp/repo/iiif/e7f3d9e1-87e3-6f67-236c-8226425e29c5/manifest,,,,,24
本草圖譜 (存78巻) [29],ホンゾウ ズフ,,,"写本|序首の書名: 夲草圖譜|巻之15-34の題簽書名: 本草啚譜|序末に「文政戊子冬至日灌園岩崎﨑常正」とあり|卷之8の巻末に「棔齊 岡田清福摸冩」とあり|巻之24-29, 35-38の版心下部に「灌園閣藏」とあり|巻之65-70の内題下に校者名あり|卷之5-8: 山草類. 巻之9-12: 芳草類. 巻之13-20: 濕草類. 巻之21-24: 毒草類. 巻之25-32: 蔓草類. 巻之33-34: 水草類. 巻之35-37: 石草類. 巻之38: 苔類. 巻之39: 雜草. 巻之40-42: 穀部. 巻之43: 菽豆類. 巻之44: 造醸類. 巻之45-47: 菜部葷菜類. 巻之48-52: 菜部柔滑類. 巻之53: 菜部蓏菜類. 巻之54: 菜部水菜類. 巻之55-60: 菜部芝栭類. 巻之61-62: 果部五果類. 巻之63-66: 果部山果類. 巻之67-69: 果部夷果類. 巻之70: 果部味類|補写: 67(巻之39): 果部蓏類. 68-69(巻之40-41): 果部水果類. 70-71(巻之42-43): 香木類. 72(巻之44上): 香木類, 喬木類. 73-74(巻之44下-45): 喬木類. 75(巻之46): 喬木類, 灌木類. 76-78(巻之47-49): 灌木類. 79(巻之50上): 寓木類, 苞木類. 80(巻之50下): 苞木類, 雜木類, 服帛類, 器物類|おもに図版|彩色あり|原欠: 卷之1-4|印記: 「蜂須賀文庫」, 「男爵田中美津男氏寄贈 先代田中芳男男旧藏書 昭和七年」|虫損あり",,,A00:5911,岩崎 潅園,,80,,[書写者不明],[江戸後期],日本語,図書,,https://www.lib.u-tokyo.ac.jp/ja/library/contents/archives-top/reuse,http://tify.sub.uni-goettingen.de/demo.html?manifest=https://archdataset.dl.itc.u-tokyo.ac.jp/manifest/e86539cd-0e53-1bac-92b4-bd005fd54e5f.json,e86539cd-0e53-1bac-92b4-bd005fd54e5f,https://iiif.dl.itc.u-tokyo.ac.jp/repo/s/tanaka/,https://iiif.dl.itc.u-tokyo.ac.jp/repo/s/tanaka/document/e86539cd-0e53-1bac-92b4-bd005fd54e5f,https://iiif.dl.itc.u-tokyo.ac.jp/repo/files/medium/075afe6698f35d6ed97339ba4266762e62d56300.jpg,https://iiif.dl.itc.u-tokyo.ac.jp/repo/api/items/1300538,"東京大学総合図書館 General Library, The University of Tokyo, JAPAN",http://iiif.io/api/presentation/2#rightToLeftDirection,,田中芳男・博物学コレクション,0292,,https://iiif.dl.itc.u-tokyo.ac.jp/repo/iiif/e86539cd-0e53-1bac-92b4-bd005fd54e5f/manifest,,,,,28
本草圖譜 (存78巻) [30],ホンゾウ ズフ,,,"写本|序首の書名: 夲草圖譜|巻之15-34の題簽書名: 本草啚譜|序末に「文政戊子冬至日灌園岩崎﨑常正」とあり|卷之8の巻末に「棔齊 岡田清福摸冩」とあり|巻之24-29, 35-38の版心下部に「灌園閣藏」とあり|巻之65-70の内題下に校者名あり|卷之5-8: 山草類. 巻之9-12: 芳草類. 巻之13-20: 濕草類. 巻之21-24: 毒草類. 巻之25-32: 蔓草類. 巻之33-34: 水草類. 巻之35-37: 石草類. 巻之38: 苔類. 巻之39: 雜草. 巻之40-42: 穀部. 巻之43: 菽豆類. 巻之44: 造醸類. 巻之45-47: 菜部葷菜類. 巻之48-52: 菜部柔滑類. 巻之53: 菜部蓏菜類. 巻之54: 菜部水菜類. 巻之55-60: 菜部芝栭類. 巻之61-62: 果部五果類. 巻之63-66: 果部山果類. 巻之67-69: 果部夷果類. 巻之70: 果部味類|補写: 67(巻之39): 果部蓏類. 68-69(巻之40-41): 果部水果類. 70-71(巻之42-43): 香木類. 72(巻之44上): 香木類, 喬木類. 73-74(巻之44下-45): 喬木類. 75(巻之46): 喬木類, 灌木類. 76-78(巻之47-49): 灌木類. 79(巻之50上): 寓木類, 苞木類. 80(巻之50下): 苞木類, 雜木類, 服帛類, 器物類|おもに図版|彩色あり|原欠: 卷之1-4|印記: 「蜂須賀文庫」, 「男爵田中美津男氏寄贈 先代田中芳男男旧藏書 昭和七年」|虫損あり",,,A00:5911,岩崎 潅園,,80,,[書写者不明],[江戸後期],日本語,図書,,https://www.lib.u-tokyo.ac.jp/ja/library/contents/archives-top/reuse,http://tify.sub.uni-goettingen.de/demo.html?manifest=https://archdataset.dl.itc.u-tokyo.ac.jp/manifest/c2ef00cd-4797-82d8-6f9b-b341e6040861.json,c2ef00cd-4797-82d8-6f9b-b341e6040861,https://iiif.dl.itc.u-tokyo.ac.jp/repo/s/tanaka/,https://iiif.dl.itc.u-tokyo.ac.jp/repo/s/tanaka/document/c2ef00cd-4797-82d8-6f9b-b341e6040861,https://iiif.dl.itc.u-tokyo.ac.jp/repo/files/medium/04ff3e40efb4c95f515525c43eeb975e8993e161.jpg,https://iiif.dl.itc.u-tokyo.ac.jp/repo/api/items/1300537,"東京大学総合図書館 General Library, The University of Tokyo, JAPAN",http://iiif.io/api/presentation/2#rightToLeftDirection,,田中芳男・博物学コレクション,0293,,https://iiif.dl.itc.u-tokyo.ac.jp/repo/iiif/c2ef00cd-4797-82d8-6f9b-b341e6040861/manifest,,,,,35
本草圖譜 (存78巻) [31],ホンゾウ ズフ,,,"写本|序首の書名: 夲草圖譜|巻之15-34の題簽書名: 本草啚譜|序末に「文政戊子冬至日灌園岩崎﨑常正」とあり|卷之8の巻末に「棔齊 岡田清福摸冩」とあり|巻之24-29, 35-38の版心下部に「灌園閣藏」とあり|巻之65-70の内題下に校者名あり|卷之5-8: 山草類. 巻之9-12: 芳草類. 巻之13-20: 濕草類. 巻之21-24: 毒草類. 巻之25-32: 蔓草類. 巻之33-34: 水草類. 巻之35-37: 石草類. 巻之38: 苔類. 巻之39: 雜草. 巻之40-42: 穀部. 巻之43: 菽豆類. 巻之44: 造醸類. 巻之45-47: 菜部葷菜類. 巻之48-52: 菜部柔滑類. 巻之53: 菜部蓏菜類. 巻之54: 菜部水菜類. 巻之55-60: 菜部芝栭類. 巻之61-62: 果部五果類. 巻之63-66: 果部山果類. 巻之67-69: 果部夷果類. 巻之70: 果部味類|補写: 67(巻之39): 果部蓏類. 68-69(巻之40-41): 果部水果類. 70-71(巻之42-43): 香木類. 72(巻之44上): 香木類, 喬木類. 73-74(巻之44下-45): 喬木類. 75(巻之46): 喬木類, 灌木類. 76-78(巻之47-49): 灌木類. 79(巻之50上): 寓木類, 苞木類. 80(巻之50下): 苞木類, 雜木類, 服帛類, 器物類|おもに図版|彩色あり|原欠: 卷之1-4|印記: 「蜂須賀文庫」, 「男爵田中美津男氏寄贈 先代田中芳男男旧藏書 昭和七年」|虫損あり",,,A00:5911,岩崎 潅園,,80,,[書写者不明],[江戸後期],日本語,図書,,https://www.lib.u-tokyo.ac.jp/ja/library/contents/archives-top/reuse,http://tify.sub.uni-goettingen.de/demo.html?manifest=https://archdataset.dl.itc.u-tokyo.ac.jp/manifest/f1703a9c-4485-93a6-45b3-7dd2c0e34a32.json,f1703a9c-4485-93a6-45b3-7dd2c0e34a32,https://iiif.dl.itc.u-tokyo.ac.jp/repo/s/tanaka/,https://iiif.dl.itc.u-tokyo.ac.jp/repo/s/tanaka/document/f1703a9c-4485-93a6-45b3-7dd2c0e34a32,https://iiif.dl.itc.u-tokyo.ac.jp/repo/files/medium/6bad4b074a7f1f98a0e40fe3011f00f28d9f3def.jpg,https://iiif.dl.itc.u-tokyo.ac.jp/repo/api/items/1300536,"東京大学総合図書館 General Library, The University of Tokyo, JAPAN",http://iiif.io/api/presentation/2#rightToLeftDirection,,田中芳男・博物学コレクション,0294,,https://iiif.dl.itc.u-tokyo.ac.jp/repo/iiif/f1703a9c-4485-93a6-45b3-7dd2c0e34a32/manifest,,,,,24
本草圖譜 (存78巻) [32],ホンゾウ ズフ,,,"写本|序首の書名: 夲草圖譜|巻之15-34の題簽書名: 本草啚譜|序末に「文政戊子冬至日灌園岩崎﨑常正」とあり|卷之8の巻末に「棔齊 岡田清福摸冩」とあり|巻之24-29, 35-38の版心下部に「灌園閣藏」とあり|巻之65-70の内題下に校者名あり|卷之5-8: 山草類. 巻之9-12: 芳草類. 巻之13-20: 濕草類. 巻之21-24: 毒草類. 巻之25-32: 蔓草類. 巻之33-34: 水草類. 巻之35-37: 石草類. 巻之38: 苔類. 巻之39: 雜草. 巻之40-42: 穀部. 巻之43: 菽豆類. 巻之44: 造醸類. 巻之45-47: 菜部葷菜類. 巻之48-52: 菜部柔滑類. 巻之53: 菜部蓏菜類. 巻之54: 菜部水菜類. 巻之55-60: 菜部芝栭類. 巻之61-62: 果部五果類. 巻之63-66: 果部山果類. 巻之67-69: 果部夷果類. 巻之70: 果部味類|補写: 67(巻之39): 果部蓏類. 68-69(巻之40-41): 果部水果類. 70-71(巻之42-43): 香木類. 72(巻之44上): 香木類, 喬木類. 73-74(巻之44下-45): 喬木類. 75(巻之46): 喬木類, 灌木類. 76-78(巻之47-49): 灌木類. 79(巻之50上): 寓木類, 苞木類. 80(巻之50下): 苞木類, 雜木類, 服帛類, 器物類|おもに図版|彩色あり|原欠: 卷之1-4|印記: 「蜂須賀文庫」, 「男爵田中美津男氏寄贈 先代田中芳男男旧藏書 昭和七年」|虫損あり",,,A00:5911,岩崎 潅園,,80,,[書写者不明],[江戸後期],日本語,図書,,https://www.lib.u-tokyo.ac.jp/ja/library/contents/archives-top/reuse,http://tify.sub.uni-goettingen.de/demo.html?manifest=https://archdataset.dl.itc.u-tokyo.ac.jp/manifest/bae031b5-29b9-246c-9f35-f88fc06c2148.json,bae031b5-29b9-246c-9f35-f88fc06c2148,https://iiif.dl.itc.u-tokyo.ac.jp/repo/s/tanaka/,https://iiif.dl.itc.u-tokyo.ac.jp/repo/s/tanaka/document/bae031b5-29b9-246c-9f35-f88fc06c2148,https://iiif.dl.itc.u-tokyo.ac.jp/repo/files/medium/7f75eab72e7e0135ad509718fc6279edb30cc768.jpg,https://iiif.dl.itc.u-tokyo.ac.jp/repo/api/items/1300535,"東京大学総合図書館 General Library, The University of Tokyo, JAPAN",http://iiif.io/api/presentation/2#rightToLeftDirection,,田中芳男・博物学コレクション,0295,,https://iiif.dl.itc.u-tokyo.ac.jp/repo/iiif/bae031b5-29b9-246c-9f35-f88fc06c2148/manifest,,,,,28
本草圖譜 (存78巻) [33],ホンゾウ ズフ,,,"写本|序首の書名: 夲草圖譜|巻之15-34の題簽書名: 本草啚譜|序末に「文政戊子冬至日灌園岩崎﨑常正」とあり|卷之8の巻末に「棔齊 岡田清福摸冩」とあり|巻之24-29, 35-38の版心下部に「灌園閣藏」とあり|巻之65-70の内題下に校者名あり|卷之5-8: 山草類. 巻之9-12: 芳草類. 巻之13-20: 濕草類. 巻之21-24: 毒草類. 巻之25-32: 蔓草類. 巻之33-34: 水草類. 巻之35-37: 石草類. 巻之38: 苔類. 巻之39: 雜草. 巻之40-42: 穀部. 巻之43: 菽豆類. 巻之44: 造醸類. 巻之45-47: 菜部葷菜類. 巻之48-52: 菜部柔滑類. 巻之53: 菜部蓏菜類. 巻之54: 菜部水菜類. 巻之55-60: 菜部芝栭類. 巻之61-62: 果部五果類. 巻之63-66: 果部山果類. 巻之67-69: 果部夷果類. 巻之70: 果部味類|補写: 67(巻之39): 果部蓏類. 68-69(巻之40-41): 果部水果類. 70-71(巻之42-43): 香木類. 72(巻之44上): 香木類, 喬木類. 73-74(巻之44下-45): 喬木類. 75(巻之46): 喬木類, 灌木類. 76-78(巻之47-49): 灌木類. 79(巻之50上): 寓木類, 苞木類. 80(巻之50下): 苞木類, 雜木類, 服帛類, 器物類|おもに図版|彩色あり|原欠: 卷之1-4|印記: 「蜂須賀文庫」, 「男爵田中美津男氏寄贈 先代田中芳男男旧藏書 昭和七年」|虫損あり",,,A00:5911,岩崎 潅園,,80,,[書写者不明],[江戸後期],日本語,図書,,https://www.lib.u-tokyo.ac.jp/ja/library/contents/archives-top/reuse,http://tify.sub.uni-goettingen.de/demo.html?manifest=https://archdataset.dl.itc.u-tokyo.ac.jp/manifest/0ec71b80-88ab-74e9-356d-6e4406608fa7.json,0ec71b80-88ab-74e9-356d-6e4406608fa7,https://iiif.dl.itc.u-tokyo.ac.jp/repo/s/tanaka/,https://iiif.dl.itc.u-tokyo.ac.jp/repo/s/tanaka/document/0ec71b80-88ab-74e9-356d-6e4406608fa7,https://iiif.dl.itc.u-tokyo.ac.jp/repo/files/medium/f0f37b0f33abdafdd29fa984198c3e7b6249561a.jpg,https://iiif.dl.itc.u-tokyo.ac.jp/repo/api/items/1300534,"東京大学総合図書館 General Library, The University of Tokyo, JAPAN",http://iiif.io/api/presentation/2#rightToLeftDirection,,田中芳男・博物学コレクション,0296,,https://iiif.dl.itc.u-tokyo.ac.jp/repo/iiif/0ec71b80-88ab-74e9-356d-6e4406608fa7/manifest,,,,,25
本草圖譜 (存78巻) [34],ホンゾウ ズフ,,,"写本|序首の書名: 夲草圖譜|巻之15-34の題簽書名: 本草啚譜|序末に「文政戊子冬至日灌園岩崎﨑常正」とあり|卷之8の巻末に「棔齊 岡田清福摸冩」とあり|巻之24-29, 35-38の版心下部に「灌園閣藏」とあり|巻之65-70の内題下に校者名あり|卷之5-8: 山草類. 巻之9-12: 芳草類. 巻之13-20: 濕草類. 巻之21-24: 毒草類. 巻之25-32: 蔓草類. 巻之33-34: 水草類. 巻之35-37: 石草類. 巻之38: 苔類. 巻之39: 雜草. 巻之40-42: 穀部. 巻之43: 菽豆類. 巻之44: 造醸類. 巻之45-47: 菜部葷菜類. 巻之48-52: 菜部柔滑類. 巻之53: 菜部蓏菜類. 巻之54: 菜部水菜類. 巻之55-60: 菜部芝栭類. 巻之61-62: 果部五果類. 巻之63-66: 果部山果類. 巻之67-69: 果部夷果類. 巻之70: 果部味類|補写: 67(巻之39): 果部蓏類. 68-69(巻之40-41): 果部水果類. 70-71(巻之42-43): 香木類. 72(巻之44上): 香木類, 喬木類. 73-74(巻之44下-45): 喬木類. 75(巻之46): 喬木類, 灌木類. 76-78(巻之47-49): 灌木類. 79(巻之50上): 寓木類, 苞木類. 80(巻之50下): 苞木類, 雜木類, 服帛類, 器物類|おもに図版|彩色あり|原欠: 卷之1-4|印記: 「蜂須賀文庫」, 「男爵田中美津男氏寄贈 先代田中芳男男旧藏書 昭和七年」|虫損あり",,,A00:5911,岩崎 潅園,,80,,[書写者不明],[江戸後期],日本語,図書,,https://www.lib.u-tokyo.ac.jp/ja/library/contents/archives-top/reuse,http://tify.sub.uni-goettingen.de/demo.html?manifest=https://archdataset.dl.itc.u-tokyo.ac.jp/manifest/cfe4dc7c-1e46-3924-3113-83c7cd621e70.json,cfe4dc7c-1e46-3924-3113-83c7cd621e70,https://iiif.dl.itc.u-tokyo.ac.jp/repo/s/tanaka/,https://iiif.dl.itc.u-tokyo.ac.jp/repo/s/tanaka/document/cfe4dc7c-1e46-3924-3113-83c7cd621e70,https://iiif.dl.itc.u-tokyo.ac.jp/repo/files/medium/7e4ebda8f6ffd0474a71a1a94fc6288dc96dc366.jpg,https://iiif.dl.itc.u-tokyo.ac.jp/repo/api/items/1300533,"東京大学総合図書館 General Library, The University of Tokyo, JAPAN",http://iiif.io/api/presentation/2#rightToLeftDirection,,田中芳男・博物学コレクション,0297,,https://iiif.dl.itc.u-tokyo.ac.jp/repo/iiif/cfe4dc7c-1e46-3924-3113-83c7cd621e70/manifest,,,,,22
本草圖譜 (存78巻) [35],ホンゾウ ズフ,,,"写本|序首の書名: 夲草圖譜|巻之15-34の題簽書名: 本草啚譜|序末に「文政戊子冬至日灌園岩崎﨑常正」とあり|卷之8の巻末に「棔齊 岡田清福摸冩」とあり|巻之24-29, 35-38の版心下部に「灌園閣藏」とあり|巻之65-70の内題下に校者名あり|卷之5-8: 山草類. 巻之9-12: 芳草類. 巻之13-20: 濕草類. 巻之21-24: 毒草類. 巻之25-32: 蔓草類. 巻之33-34: 水草類. 巻之35-37: 石草類. 巻之38: 苔類. 巻之39: 雜草. 巻之40-42: 穀部. 巻之43: 菽豆類. 巻之44: 造醸類. 巻之45-47: 菜部葷菜類. 巻之48-52: 菜部柔滑類. 巻之53: 菜部蓏菜類. 巻之54: 菜部水菜類. 巻之55-60: 菜部芝栭類. 巻之61-62: 果部五果類. 巻之63-66: 果部山果類. 巻之67-69: 果部夷果類. 巻之70: 果部味類|補写: 67(巻之39): 果部蓏類. 68-69(巻之40-41): 果部水果類. 70-71(巻之42-43): 香木類. 72(巻之44上): 香木類, 喬木類. 73-74(巻之44下-45): 喬木類. 75(巻之46): 喬木類, 灌木類. 76-78(巻之47-49): 灌木類. 79(巻之50上): 寓木類, 苞木類. 80(巻之50下): 苞木類, 雜木類, 服帛類, 器物類|おもに図版|彩色あり|原欠: 卷之1-4|印記: 「蜂須賀文庫」, 「男爵田中美津男氏寄贈 先代田中芳男男旧藏書 昭和七年」|虫損あり",,,A00:5911,岩崎 潅園,,80,,[書写者不明],[江戸後期],日本語,図書,,https://www.lib.u-tokyo.ac.jp/ja/library/contents/archives-top/reuse,http://tify.sub.uni-goettingen.de/demo.html?manifest=https://archdataset.dl.itc.u-tokyo.ac.jp/manifest/d9d7954e-880c-5a88-89fe-e12e04af534b.json,d9d7954e-880c-5a88-89fe-e12e04af534b,https://iiif.dl.itc.u-tokyo.ac.jp/repo/s/tanaka/,https://iiif.dl.itc.u-tokyo.ac.jp/repo/s/tanaka/document/d9d7954e-880c-5a88-89fe-e12e04af534b,https://iiif.dl.itc.u-tokyo.ac.jp/repo/files/medium/36a6aedc6bf544490b5f942d7b8630520cfd19ff.jpg,https://iiif.dl.itc.u-tokyo.ac.jp/repo/api/items/1300532,"東京大学総合図書館 General Library, The University of Tokyo, JAPAN",http://iiif.io/api/presentation/2#rightToLeftDirection,,田中芳男・博物学コレクション,0298,,https://iiif.dl.itc.u-tokyo.ac.jp/repo/iiif/d9d7954e-880c-5a88-89fe-e12e04af534b/manifest,,,,,29
本草圖譜 (存78巻) [36],ホンゾウ ズフ,,,"写本|序首の書名: 夲草圖譜|巻之15-34の題簽書名: 本草啚譜|序末に「文政戊子冬至日灌園岩崎﨑常正」とあり|卷之8の巻末に「棔齊 岡田清福摸冩」とあり|巻之24-29, 35-38の版心下部に「灌園閣藏」とあり|巻之65-70の内題下に校者名あり|卷之5-8: 山草類. 巻之9-12: 芳草類. 巻之13-20: 濕草類. 巻之21-24: 毒草類. 巻之25-32: 蔓草類. 巻之33-34: 水草類. 巻之35-37: 石草類. 巻之38: 苔類. 巻之39: 雜草. 巻之40-42: 穀部. 巻之43: 菽豆類. 巻之44: 造醸類. 巻之45-47: 菜部葷菜類. 巻之48-52: 菜部柔滑類. 巻之53: 菜部蓏菜類. 巻之54: 菜部水菜類. 巻之55-60: 菜部芝栭類. 巻之61-62: 果部五果類. 巻之63-66: 果部山果類. 巻之67-69: 果部夷果類. 巻之70: 果部味類|補写: 67(巻之39): 果部蓏類. 68-69(巻之40-41): 果部水果類. 70-71(巻之42-43): 香木類. 72(巻之44上): 香木類, 喬木類. 73-74(巻之44下-45): 喬木類. 75(巻之46): 喬木類, 灌木類. 76-78(巻之47-49): 灌木類. 79(巻之50上): 寓木類, 苞木類. 80(巻之50下): 苞木類, 雜木類, 服帛類, 器物類|おもに図版|彩色あり|原欠: 卷之1-4|印記: 「蜂須賀文庫」, 「男爵田中美津男氏寄贈 先代田中芳男男旧藏書 昭和七年」|虫損あり",,,A00:5911,岩崎 潅園,,80,,[書写者不明],[江戸後期],日本語,図書,,https://www.lib.u-tokyo.ac.jp/ja/library/contents/archives-top/reuse,http://tify.sub.uni-goettingen.de/demo.html?manifest=https://archdataset.dl.itc.u-tokyo.ac.jp/manifest/1f8b98f6-57db-56f9-35e7-d929d1db561f.json,1f8b98f6-57db-56f9-35e7-d929d1db561f,https://iiif.dl.itc.u-tokyo.ac.jp/repo/s/tanaka/,https://iiif.dl.itc.u-tokyo.ac.jp/repo/s/tanaka/document/1f8b98f6-57db-56f9-35e7-d929d1db561f,https://iiif.dl.itc.u-tokyo.ac.jp/repo/files/medium/bbd4705c6140b248ed22bd8eea7bc5182f524c43.jpg,https://iiif.dl.itc.u-tokyo.ac.jp/repo/api/items/1300531,"東京大学総合図書館 General Library, The University of Tokyo, JAPAN",http://iiif.io/api/presentation/2#rightToLeftDirection,,田中芳男・博物学コレクション,0299,,https://iiif.dl.itc.u-tokyo.ac.jp/repo/iiif/1f8b98f6-57db-56f9-35e7-d929d1db561f/manifest,,,,,26
本草圖譜 (存78巻) [37],ホンゾウ ズフ,,,"写本|序首の書名: 夲草圖譜|巻之15-34の題簽書名: 本草啚譜|序末に「文政戊子冬至日灌園岩崎﨑常正」とあり|卷之8の巻末に「棔齊 岡田清福摸冩」とあり|巻之24-29, 35-38の版心下部に「灌園閣藏」とあり|巻之65-70の内題下に校者名あり|卷之5-8: 山草類. 巻之9-12: 芳草類. 巻之13-20: 濕草類. 巻之21-24: 毒草類. 巻之25-32: 蔓草類. 巻之33-34: 水草類. 巻之35-37: 石草類. 巻之38: 苔類. 巻之39: 雜草. 巻之40-42: 穀部. 巻之43: 菽豆類. 巻之44: 造醸類. 巻之45-47: 菜部葷菜類. 巻之48-52: 菜部柔滑類. 巻之53: 菜部蓏菜類. 巻之54: 菜部水菜類. 巻之55-60: 菜部芝栭類. 巻之61-62: 果部五果類. 巻之63-66: 果部山果類. 巻之67-69: 果部夷果類. 巻之70: 果部味類|補写: 67(巻之39): 果部蓏類. 68-69(巻之40-41): 果部水果類. 70-71(巻之42-43): 香木類. 72(巻之44上): 香木類, 喬木類. 73-74(巻之44下-45): 喬木類. 75(巻之46): 喬木類, 灌木類. 76-78(巻之47-49): 灌木類. 79(巻之50上): 寓木類, 苞木類. 80(巻之50下): 苞木類, 雜木類, 服帛類, 器物類|おもに図版|彩色あり|原欠: 卷之1-4|印記: 「蜂須賀文庫」, 「男爵田中美津男氏寄贈 先代田中芳男男旧藏書 昭和七年」|虫損あり",,,A00:5911,岩崎 潅園,,80,,[書写者不明],[江戸後期],日本語,図書,,https://www.lib.u-tokyo.ac.jp/ja/library/contents/archives-top/reuse,http://tify.sub.uni-goettingen.de/demo.html?manifest=https://archdataset.dl.itc.u-tokyo.ac.jp/manifest/cf700d45-548d-92e7-1b37-08bd2c7b3fbb.json,cf700d45-548d-92e7-1b37-08bd2c7b3fbb,https://iiif.dl.itc.u-tokyo.ac.jp/repo/s/tanaka/,https://iiif.dl.itc.u-tokyo.ac.jp/repo/s/tanaka/document/cf700d45-548d-92e7-1b37-08bd2c7b3fbb,https://iiif.dl.itc.u-tokyo.ac.jp/repo/files/medium/3f60fcc6e94c67977acf0ab21889fb9c58444940.jpg,https://iiif.dl.itc.u-tokyo.ac.jp/repo/api/items/1300530,"東京大学総合図書館 General Library, The University of Tokyo, JAPAN",http://iiif.io/api/presentation/2#rightToLeftDirection,,田中芳男・博物学コレクション,0300,,https://iiif.dl.itc.u-tokyo.ac.jp/repo/iiif/cf700d45-548d-92e7-1b37-08bd2c7b3fbb/manifest,,,,,26
本草圖譜 (存78巻) [38],ホンゾウ ズフ,,,"写本|序首の書名: 夲草圖譜|巻之15-34の題簽書名: 本草啚譜|序末に「文政戊子冬至日灌園岩崎﨑常正」とあり|卷之8の巻末に「棔齊 岡田清福摸冩」とあり|巻之24-29, 35-38の版心下部に「灌園閣藏」とあり|巻之65-70の内題下に校者名あり|卷之5-8: 山草類. 巻之9-12: 芳草類. 巻之13-20: 濕草類. 巻之21-24: 毒草類. 巻之25-32: 蔓草類. 巻之33-34: 水草類. 巻之35-37: 石草類. 巻之38: 苔類. 巻之39: 雜草. 巻之40-42: 穀部. 巻之43: 菽豆類. 巻之44: 造醸類. 巻之45-47: 菜部葷菜類. 巻之48-52: 菜部柔滑類. 巻之53: 菜部蓏菜類. 巻之54: 菜部水菜類. 巻之55-60: 菜部芝栭類. 巻之61-62: 果部五果類. 巻之63-66: 果部山果類. 巻之67-69: 果部夷果類. 巻之70: 果部味類|補写: 67(巻之39): 果部蓏類. 68-69(巻之40-41): 果部水果類. 70-71(巻之42-43): 香木類. 72(巻之44上): 香木類, 喬木類. 73-74(巻之44下-45): 喬木類. 75(巻之46): 喬木類, 灌木類. 76-78(巻之47-49): 灌木類. 79(巻之50上): 寓木類, 苞木類. 80(巻之50下): 苞木類, 雜木類, 服帛類, 器物類|おもに図版|彩色あり|原欠: 卷之1-4|印記: 「蜂須賀文庫」, 「男爵田中美津男氏寄贈 先代田中芳男男旧藏書 昭和七年」|虫損あり",,,A00:5911,岩崎 潅園,,80,,[書写者不明],[江戸後期],日本語,図書,,https://www.lib.u-tokyo.ac.jp/ja/library/contents/archives-top/reuse,http://tify.sub.uni-goettingen.de/demo.html?manifest=https://archdataset.dl.itc.u-tokyo.ac.jp/manifest/e2bd6b25-82e1-8f8f-562e-531c294a0424.json,e2bd6b25-82e1-8f8f-562e-531c294a0424,https://iiif.dl.itc.u-tokyo.ac.jp/repo/s/tanaka/,https://iiif.dl.itc.u-tokyo.ac.jp/repo/s/tanaka/document/e2bd6b25-82e1-8f8f-562e-531c294a0424,https://iiif.dl.itc.u-tokyo.ac.jp/repo/files/medium/e2673a00e396df5343992787f2117d7e078bb336.jpg,https://iiif.dl.itc.u-tokyo.ac.jp/repo/api/items/1300529,"東京大学総合図書館 General Library, The University of Tokyo, JAPAN",http://iiif.io/api/presentation/2#rightToLeftDirection,,田中芳男・博物学コレクション,0301,,https://iiif.dl.itc.u-tokyo.ac.jp/repo/iiif/e2bd6b25-82e1-8f8f-562e-531c294a0424/manifest,,,,,20
本草圖譜 (存78巻) [39],ホンゾウ ズフ,,,"写本|序首の書名: 夲草圖譜|巻之15-34の題簽書名: 本草啚譜|序末に「文政戊子冬至日灌園岩崎﨑常正」とあり|卷之8の巻末に「棔齊 岡田清福摸冩」とあり|巻之24-29, 35-38の版心下部に「灌園閣藏」とあり|巻之65-70の内題下に校者名あり|卷之5-8: 山草類. 巻之9-12: 芳草類. 巻之13-20: 濕草類. 巻之21-24: 毒草類. 巻之25-32: 蔓草類. 巻之33-34: 水草類. 巻之35-37: 石草類. 巻之38: 苔類. 巻之39: 雜草. 巻之40-42: 穀部. 巻之43: 菽豆類. 巻之44: 造醸類. 巻之45-47: 菜部葷菜類. 巻之48-52: 菜部柔滑類. 巻之53: 菜部蓏菜類. 巻之54: 菜部水菜類. 巻之55-60: 菜部芝栭類. 巻之61-62: 果部五果類. 巻之63-66: 果部山果類. 巻之67-69: 果部夷果類. 巻之70: 果部味類|補写: 67(巻之39): 果部蓏類. 68-69(巻之40-41): 果部水果類. 70-71(巻之42-43): 香木類. 72(巻之44上): 香木類, 喬木類. 73-74(巻之44下-45): 喬木類. 75(巻之46): 喬木類, 灌木類. 76-78(巻之47-49): 灌木類. 79(巻之50上): 寓木類, 苞木類. 80(巻之50下): 苞木類, 雜木類, 服帛類, 器物類|おもに図版|彩色あり|原欠: 卷之1-4|印記: 「蜂須賀文庫」, 「男爵田中美津男氏寄贈 先代田中芳男男旧藏書 昭和七年」|虫損あり",,,A00:5911,岩崎 潅園,,80,,[書写者不明],[江戸後期],日本語,図書,,https://www.lib.u-tokyo.ac.jp/ja/library/contents/archives-top/reuse,http://tify.sub.uni-goettingen.de/demo.html?manifest=https://archdataset.dl.itc.u-tokyo.ac.jp/manifest/f40df08a-0edf-7890-84bb-f581a6460451.json,f40df08a-0edf-7890-84bb-f581a6460451,https://iiif.dl.itc.u-tokyo.ac.jp/repo/s/tanaka/,https://iiif.dl.itc.u-tokyo.ac.jp/repo/s/tanaka/document/f40df08a-0edf-7890-84bb-f581a6460451,https://iiif.dl.itc.u-tokyo.ac.jp/repo/files/medium/5002ca67b9da90b33e333217882e7720c0915ead.jpg,https://iiif.dl.itc.u-tokyo.ac.jp/repo/api/items/1300528,"東京大学総合図書館 General Library, The University of Tokyo, JAPAN",http://iiif.io/api/presentation/2#rightToLeftDirection,,田中芳男・博物学コレクション,0302,,https://iiif.dl.itc.u-tokyo.ac.jp/repo/iiif/f40df08a-0edf-7890-84bb-f581a6460451/manifest,,,,,34
本草圖譜 (存78巻) [40],ホンゾウ ズフ,,,"写本|序首の書名: 夲草圖譜|巻之15-34の題簽書名: 本草啚譜|序末に「文政戊子冬至日灌園岩崎﨑常正」とあり|卷之8の巻末に「棔齊 岡田清福摸冩」とあり|巻之24-29, 35-38の版心下部に「灌園閣藏」とあり|巻之65-70の内題下に校者名あり|卷之5-8: 山草類. 巻之9-12: 芳草類. 巻之13-20: 濕草類. 巻之21-24: 毒草類. 巻之25-32: 蔓草類. 巻之33-34: 水草類. 巻之35-37: 石草類. 巻之38: 苔類. 巻之39: 雜草. 巻之40-42: 穀部. 巻之43: 菽豆類. 巻之44: 造醸類. 巻之45-47: 菜部葷菜類. 巻之48-52: 菜部柔滑類. 巻之53: 菜部蓏菜類. 巻之54: 菜部水菜類. 巻之55-60: 菜部芝栭類. 巻之61-62: 果部五果類. 巻之63-66: 果部山果類. 巻之67-69: 果部夷果類. 巻之70: 果部味類|補写: 67(巻之39): 果部蓏類. 68-69(巻之40-41): 果部水果類. 70-71(巻之42-43): 香木類. 72(巻之44上): 香木類, 喬木類. 73-74(巻之44下-45): 喬木類. 75(巻之46): 喬木類, 灌木類. 76-78(巻之47-49): 灌木類. 79(巻之50上): 寓木類, 苞木類. 80(巻之50下): 苞木類, 雜木類, 服帛類, 器物類|おもに図版|彩色あり|原欠: 卷之1-4|印記: 「蜂須賀文庫」, 「男爵田中美津男氏寄贈 先代田中芳男男旧藏書 昭和七年」|虫損あり",,,A00:5911,岩崎 潅園,,80,,[書写者不明],[江戸後期],日本語,図書,,https://www.lib.u-tokyo.ac.jp/ja/library/contents/archives-top/reuse,http://tify.sub.uni-goettingen.de/demo.html?manifest=https://archdataset.dl.itc.u-tokyo.ac.jp/manifest/1a473841-9fb7-683b-1b25-33581f4224f4.json,1a473841-9fb7-683b-1b25-33581f4224f4,https://iiif.dl.itc.u-tokyo.ac.jp/repo/s/tanaka/,https://iiif.dl.itc.u-tokyo.ac.jp/repo/s/tanaka/document/1a473841-9fb7-683b-1b25-33581f4224f4,https://iiif.dl.itc.u-tokyo.ac.jp/repo/files/medium/ebecd51985f4678791228d96059297fedb07830c.jpg,https://iiif.dl.itc.u-tokyo.ac.jp/repo/api/items/1300527,"東京大学総合図書館 General Library, The University of Tokyo, JAPAN",http://iiif.io/api/presentation/2#rightToLeftDirection,,田中芳男・博物学コレクション,0303,,https://iiif.dl.itc.u-tokyo.ac.jp/repo/iiif/1a473841-9fb7-683b-1b25-33581f4224f4/manifest,,,,,26
本草圖譜 (存78巻) [41],ホンゾウ ズフ,,,"写本|序首の書名: 夲草圖譜|巻之15-34の題簽書名: 本草啚譜|序末に「文政戊子冬至日灌園岩崎﨑常正」とあり|卷之8の巻末に「棔齊 岡田清福摸冩」とあり|巻之24-29, 35-38の版心下部に「灌園閣藏」とあり|巻之65-70の内題下に校者名あり|卷之5-8: 山草類. 巻之9-12: 芳草類. 巻之13-20: 濕草類. 巻之21-24: 毒草類. 巻之25-32: 蔓草類. 巻之33-34: 水草類. 巻之35-37: 石草類. 巻之38: 苔類. 巻之39: 雜草. 巻之40-42: 穀部. 巻之43: 菽豆類. 巻之44: 造醸類. 巻之45-47: 菜部葷菜類. 巻之48-52: 菜部柔滑類. 巻之53: 菜部蓏菜類. 巻之54: 菜部水菜類. 巻之55-60: 菜部芝栭類. 巻之61-62: 果部五果類. 巻之63-66: 果部山果類. 巻之67-69: 果部夷果類. 巻之70: 果部味類|補写: 67(巻之39): 果部蓏類. 68-69(巻之40-41): 果部水果類. 70-71(巻之42-43): 香木類. 72(巻之44上): 香木類, 喬木類. 73-74(巻之44下-45): 喬木類. 75(巻之46): 喬木類, 灌木類. 76-78(巻之47-49): 灌木類. 79(巻之50上): 寓木類, 苞木類. 80(巻之50下): 苞木類, 雜木類, 服帛類, 器物類|おもに図版|彩色あり|原欠: 卷之1-4|印記: 「蜂須賀文庫」, 「男爵田中美津男氏寄贈 先代田中芳男男旧藏書 昭和七年」|虫損あり",,,A00:5911,岩崎 潅園,,80,,[書写者不明],[江戸後期],日本語,図書,,https://www.lib.u-tokyo.ac.jp/ja/library/contents/archives-top/reuse,http://tify.sub.uni-goettingen.de/demo.html?manifest=https://archdataset.dl.itc.u-tokyo.ac.jp/manifest/c6cab154-9c8d-963a-9623-7f6414af824d.json,c6cab154-9c8d-963a-9623-7f6414af824d,https://iiif.dl.itc.u-tokyo.ac.jp/repo/s/tanaka/,https://iiif.dl.itc.u-tokyo.ac.jp/repo/s/tanaka/document/c6cab154-9c8d-963a-9623-7f6414af824d,https://iiif.dl.itc.u-tokyo.ac.jp/repo/files/medium/5088f748bf7ba1497e63fad2c8860c5c525008d0.jpg,https://iiif.dl.itc.u-tokyo.ac.jp/repo/api/items/1300526,"東京大学総合図書館 General Library, The University of Tokyo, JAPAN",http://iiif.io/api/presentation/2#rightToLeftDirection,,田中芳男・博物学コレクション,0304,,https://iiif.dl.itc.u-tokyo.ac.jp/repo/iiif/c6cab154-9c8d-963a-9623-7f6414af824d/manifest,,,,,21
本草圖譜 (存78巻) [42],ホンゾウ ズフ,,,"写本|序首の書名: 夲草圖譜|巻之15-34の題簽書名: 本草啚譜|序末に「文政戊子冬至日灌園岩崎﨑常正」とあり|卷之8の巻末に「棔齊 岡田清福摸冩」とあり|巻之24-29, 35-38の版心下部に「灌園閣藏」とあり|巻之65-70の内題下に校者名あり|卷之5-8: 山草類. 巻之9-12: 芳草類. 巻之13-20: 濕草類. 巻之21-24: 毒草類. 巻之25-32: 蔓草類. 巻之33-34: 水草類. 巻之35-37: 石草類. 巻之38: 苔類. 巻之39: 雜草. 巻之40-42: 穀部. 巻之43: 菽豆類. 巻之44: 造醸類. 巻之45-47: 菜部葷菜類. 巻之48-52: 菜部柔滑類. 巻之53: 菜部蓏菜類. 巻之54: 菜部水菜類. 巻之55-60: 菜部芝栭類. 巻之61-62: 果部五果類. 巻之63-66: 果部山果類. 巻之67-69: 果部夷果類. 巻之70: 果部味類|補写: 67(巻之39): 果部蓏類. 68-69(巻之40-41): 果部水果類. 70-71(巻之42-43): 香木類. 72(巻之44上): 香木類, 喬木類. 73-74(巻之44下-45): 喬木類. 75(巻之46): 喬木類, 灌木類. 76-78(巻之47-49): 灌木類. 79(巻之50上): 寓木類, 苞木類. 80(巻之50下): 苞木類, 雜木類, 服帛類, 器物類|おもに図版|彩色あり|原欠: 卷之1-4|印記: 「蜂須賀文庫」, 「男爵田中美津男氏寄贈 先代田中芳男男旧藏書 昭和七年」|虫損あり",,,A00:5911,岩崎 潅園,,80,,[書写者不明],[江戸後期],日本語,図書,,https://www.lib.u-tokyo.ac.jp/ja/library/contents/archives-top/reuse,http://tify.sub.uni-goettingen.de/demo.html?manifest=https://archdataset.dl.itc.u-tokyo.ac.jp/manifest/75371f12-7942-6a2b-090a-16dc52a80139.json,75371f12-7942-6a2b-090a-16dc52a80139,https://iiif.dl.itc.u-tokyo.ac.jp/repo/s/tanaka/,https://iiif.dl.itc.u-tokyo.ac.jp/repo/s/tanaka/document/75371f12-7942-6a2b-090a-16dc52a80139,https://iiif.dl.itc.u-tokyo.ac.jp/repo/files/medium/84ae3793dfbdf963818fd6be4e2f868318501127.jpg,https://iiif.dl.itc.u-tokyo.ac.jp/repo/api/items/1300525,"東京大学総合図書館 General Library, The University of Tokyo, JAPAN",http://iiif.io/api/presentation/2#rightToLeftDirection,,田中芳男・博物学コレクション,0305,,https://iiif.dl.itc.u-tokyo.ac.jp/repo/iiif/75371f12-7942-6a2b-090a-16dc52a80139/manifest,,,,,30
本草圖譜 (存78巻) [43],ホンゾウ ズフ,,,"写本|序首の書名: 夲草圖譜|巻之15-34の題簽書名: 本草啚譜|序末に「文政戊子冬至日灌園岩崎﨑常正」とあり|卷之8の巻末に「棔齊 岡田清福摸冩」とあり|巻之24-29, 35-38の版心下部に「灌園閣藏」とあり|巻之65-70の内題下に校者名あり|卷之5-8: 山草類. 巻之9-12: 芳草類. 巻之13-20: 濕草類. 巻之21-24: 毒草類. 巻之25-32: 蔓草類. 巻之33-34: 水草類. 巻之35-37: 石草類. 巻之38: 苔類. 巻之39: 雜草. 巻之40-42: 穀部. 巻之43: 菽豆類. 巻之44: 造醸類. 巻之45-47: 菜部葷菜類. 巻之48-52: 菜部柔滑類. 巻之53: 菜部蓏菜類. 巻之54: 菜部水菜類. 巻之55-60: 菜部芝栭類. 巻之61-62: 果部五果類. 巻之63-66: 果部山果類. 巻之67-69: 果部夷果類. 巻之70: 果部味類|補写: 67(巻之39): 果部蓏類. 68-69(巻之40-41): 果部水果類. 70-71(巻之42-43): 香木類. 72(巻之44上): 香木類, 喬木類. 73-74(巻之44下-45): 喬木類. 75(巻之46): 喬木類, 灌木類. 76-78(巻之47-49): 灌木類. 79(巻之50上): 寓木類, 苞木類. 80(巻之50下): 苞木類, 雜木類, 服帛類, 器物類|おもに図版|彩色あり|原欠: 卷之1-4|印記: 「蜂須賀文庫」, 「男爵田中美津男氏寄贈 先代田中芳男男旧藏書 昭和七年」|虫損あり",,,A00:5911,岩崎 潅園,,80,,[書写者不明],[江戸後期],日本語,図書,,https://www.lib.u-tokyo.ac.jp/ja/library/contents/archives-top/reuse,http://tify.sub.uni-goettingen.de/demo.html?manifest=https://archdataset.dl.itc.u-tokyo.ac.jp/manifest/d58f0db3-1f40-853e-6afa-2bf334e9061d.json,d58f0db3-1f40-853e-6afa-2bf334e9061d,https://iiif.dl.itc.u-tokyo.ac.jp/repo/s/tanaka/,https://iiif.dl.itc.u-tokyo.ac.jp/repo/s/tanaka/document/d58f0db3-1f40-853e-6afa-2bf334e9061d,https://iiif.dl.itc.u-tokyo.ac.jp/repo/files/medium/4c72518d01dcf7ae6493023049b73a43c9da9c26.jpg,https://iiif.dl.itc.u-tokyo.ac.jp/repo/api/items/1300524,"東京大学総合図書館 General Library, The University of Tokyo, JAPAN",http://iiif.io/api/presentation/2#rightToLeftDirection,,田中芳男・博物学コレクション,0306,,https://iiif.dl.itc.u-tokyo.ac.jp/repo/iiif/d58f0db3-1f40-853e-6afa-2bf334e9061d/manifest,,,,,34
本草圖譜 (存78巻) [44],ホンゾウ ズフ,,,"写本|序首の書名: 夲草圖譜|巻之15-34の題簽書名: 本草啚譜|序末に「文政戊子冬至日灌園岩崎﨑常正」とあり|卷之8の巻末に「棔齊 岡田清福摸冩」とあり|巻之24-29, 35-38の版心下部に「灌園閣藏」とあり|巻之65-70の内題下に校者名あり|卷之5-8: 山草類. 巻之9-12: 芳草類. 巻之13-20: 濕草類. 巻之21-24: 毒草類. 巻之25-32: 蔓草類. 巻之33-34: 水草類. 巻之35-37: 石草類. 巻之38: 苔類. 巻之39: 雜草. 巻之40-42: 穀部. 巻之43: 菽豆類. 巻之44: 造醸類. 巻之45-47: 菜部葷菜類. 巻之48-52: 菜部柔滑類. 巻之53: 菜部蓏菜類. 巻之54: 菜部水菜類. 巻之55-60: 菜部芝栭類. 巻之61-62: 果部五果類. 巻之63-66: 果部山果類. 巻之67-69: 果部夷果類. 巻之70: 果部味類|補写: 67(巻之39): 果部蓏類. 68-69(巻之40-41): 果部水果類. 70-71(巻之42-43): 香木類. 72(巻之44上): 香木類, 喬木類. 73-74(巻之44下-45): 喬木類. 75(巻之46): 喬木類, 灌木類. 76-78(巻之47-49): 灌木類. 79(巻之50上): 寓木類, 苞木類. 80(巻之50下): 苞木類, 雜木類, 服帛類, 器物類|おもに図版|彩色あり|原欠: 卷之1-4|印記: 「蜂須賀文庫」, 「男爵田中美津男氏寄贈 先代田中芳男男旧藏書 昭和七年」|虫損あり",,,A00:5911,岩崎 潅園,,80,,[書写者不明],[江戸後期],日本語,図書,,https://www.lib.u-tokyo.ac.jp/ja/library/contents/archives-top/reuse,http://tify.sub.uni-goettingen.de/demo.html?manifest=https://archdataset.dl.itc.u-tokyo.ac.jp/manifest/e207f0ca-4dc6-9882-6b28-3688d0791c98.json,e207f0ca-4dc6-9882-6b28-3688d0791c98,https://iiif.dl.itc.u-tokyo.ac.jp/repo/s/tanaka/,https://iiif.dl.itc.u-tokyo.ac.jp/repo/s/tanaka/document/e207f0ca-4dc6-9882-6b28-3688d0791c98,https://iiif.dl.itc.u-tokyo.ac.jp/repo/files/medium/1c47ba2d5f5c71581d07fc06e509ba801a70775a.jpg,https://iiif.dl.itc.u-tokyo.ac.jp/repo/api/items/1300523,"東京大学総合図書館 General Library, The University of Tokyo, JAPAN",http://iiif.io/api/presentation/2#rightToLeftDirection,,田中芳男・博物学コレクション,0307,,https://iiif.dl.itc.u-tokyo.ac.jp/repo/iiif/e207f0ca-4dc6-9882-6b28-3688d0791c98/manifest,,,,,28
本草圖譜 (存78巻) [45],ホンゾウ ズフ,,,"写本|序首の書名: 夲草圖譜|巻之15-34の題簽書名: 本草啚譜|序末に「文政戊子冬至日灌園岩崎﨑常正」とあり|卷之8の巻末に「棔齊 岡田清福摸冩」とあり|巻之24-29, 35-38の版心下部に「灌園閣藏」とあり|巻之65-70の内題下に校者名あり|卷之5-8: 山草類. 巻之9-12: 芳草類. 巻之13-20: 濕草類. 巻之21-24: 毒草類. 巻之25-32: 蔓草類. 巻之33-34: 水草類. 巻之35-37: 石草類. 巻之38: 苔類. 巻之39: 雜草. 巻之40-42: 穀部. 巻之43: 菽豆類. 巻之44: 造醸類. 巻之45-47: 菜部葷菜類. 巻之48-52: 菜部柔滑類. 巻之53: 菜部蓏菜類. 巻之54: 菜部水菜類. 巻之55-60: 菜部芝栭類. 巻之61-62: 果部五果類. 巻之63-66: 果部山果類. 巻之67-69: 果部夷果類. 巻之70: 果部味類|補写: 67(巻之39): 果部蓏類. 68-69(巻之40-41): 果部水果類. 70-71(巻之42-43): 香木類. 72(巻之44上): 香木類, 喬木類. 73-74(巻之44下-45): 喬木類. 75(巻之46): 喬木類, 灌木類. 76-78(巻之47-49): 灌木類. 79(巻之50上): 寓木類, 苞木類. 80(巻之50下): 苞木類, 雜木類, 服帛類, 器物類|おもに図版|彩色あり|原欠: 卷之1-4|印記: 「蜂須賀文庫」, 「男爵田中美津男氏寄贈 先代田中芳男男旧藏書 昭和七年」|虫損あり",,,A00:5911,岩崎 潅園,,80,,[書写者不明],[江戸後期],日本語,図書,,https://www.lib.u-tokyo.ac.jp/ja/library/contents/archives-top/reuse,http://tify.sub.uni-goettingen.de/demo.html?manifest=https://archdataset.dl.itc.u-tokyo.ac.jp/manifest/c6884a66-1e87-8fa1-81ac-4f63cc8a7079.json,c6884a66-1e87-8fa1-81ac-4f63cc8a7079,https://iiif.dl.itc.u-tokyo.ac.jp/repo/s/tanaka/,https://iiif.dl.itc.u-tokyo.ac.jp/repo/s/tanaka/document/c6884a66-1e87-8fa1-81ac-4f63cc8a7079,https://iiif.dl.itc.u-tokyo.ac.jp/repo/files/medium/2abad45ed29864d366301f64ec307a20ce2ef20e.jpg,https://iiif.dl.itc.u-tokyo.ac.jp/repo/api/items/1300522,"東京大学総合図書館 General Library, The University of Tokyo, JAPAN",http://iiif.io/api/presentation/2#rightToLeftDirection,,田中芳男・博物学コレクション,0308,,https://iiif.dl.itc.u-tokyo.ac.jp/repo/iiif/c6884a66-1e87-8fa1-81ac-4f63cc8a7079/manifest,,,,,39
本草圖譜 (存78巻) [46],ホンゾウ ズフ,,,"写本|序首の書名: 夲草圖譜|巻之15-34の題簽書名: 本草啚譜|序末に「文政戊子冬至日灌園岩崎﨑常正」とあり|卷之8の巻末に「棔齊 岡田清福摸冩」とあり|巻之24-29, 35-38の版心下部に「灌園閣藏」とあり|巻之65-70の内題下に校者名あり|卷之5-8: 山草類. 巻之9-12: 芳草類. 巻之13-20: 濕草類. 巻之21-24: 毒草類. 巻之25-32: 蔓草類. 巻之33-34: 水草類. 巻之35-37: 石草類. 巻之38: 苔類. 巻之39: 雜草. 巻之40-42: 穀部. 巻之43: 菽豆類. 巻之44: 造醸類. 巻之45-47: 菜部葷菜類. 巻之48-52: 菜部柔滑類. 巻之53: 菜部蓏菜類. 巻之54: 菜部水菜類. 巻之55-60: 菜部芝栭類. 巻之61-62: 果部五果類. 巻之63-66: 果部山果類. 巻之67-69: 果部夷果類. 巻之70: 果部味類|補写: 67(巻之39): 果部蓏類. 68-69(巻之40-41): 果部水果類. 70-71(巻之42-43): 香木類. 72(巻之44上): 香木類, 喬木類. 73-74(巻之44下-45): 喬木類. 75(巻之46): 喬木類, 灌木類. 76-78(巻之47-49): 灌木類. 79(巻之50上): 寓木類, 苞木類. 80(巻之50下): 苞木類, 雜木類, 服帛類, 器物類|おもに図版|彩色あり|原欠: 卷之1-4|印記: 「蜂須賀文庫」, 「男爵田中美津男氏寄贈 先代田中芳男男旧藏書 昭和七年」|虫損あり",,,A00:5911,岩崎 潅園,,80,,[書写者不明],[江戸後期],日本語,図書,,https://www.lib.u-tokyo.ac.jp/ja/library/contents/archives-top/reuse,http://tify.sub.uni-goettingen.de/demo.html?manifest=https://archdataset.dl.itc.u-tokyo.ac.jp/manifest/b5c05516-7211-90b3-80fa-a185a7d683c2.json,b5c05516-7211-90b3-80fa-a185a7d683c2,https://iiif.dl.itc.u-tokyo.ac.jp/repo/s/tanaka/,https://iiif.dl.itc.u-tokyo.ac.jp/repo/s/tanaka/document/b5c05516-7211-90b3-80fa-a185a7d683c2,https://iiif.dl.itc.u-tokyo.ac.jp/repo/files/medium/c6df90c39c796afa41f07fb06ed008e84ce17221.jpg,https://iiif.dl.itc.u-tokyo.ac.jp/repo/api/items/1300521,"東京大学総合図書館 General Library, The University of Tokyo, JAPAN",http://iiif.io/api/presentation/2#rightToLeftDirection,,田中芳男・博物学コレクション,0309,,https://iiif.dl.itc.u-tokyo.ac.jp/repo/iiif/b5c05516-7211-90b3-80fa-a185a7d683c2/manifest,,,,,33
本草圖譜 (存78巻) [47],ホンゾウ ズフ,,,"写本|序首の書名: 夲草圖譜|巻之15-34の題簽書名: 本草啚譜|序末に「文政戊子冬至日灌園岩崎﨑常正」とあり|卷之8の巻末に「棔齊 岡田清福摸冩」とあり|巻之24-29, 35-38の版心下部に「灌園閣藏」とあり|巻之65-70の内題下に校者名あり|卷之5-8: 山草類. 巻之9-12: 芳草類. 巻之13-20: 濕草類. 巻之21-24: 毒草類. 巻之25-32: 蔓草類. 巻之33-34: 水草類. 巻之35-37: 石草類. 巻之38: 苔類. 巻之39: 雜草. 巻之40-42: 穀部. 巻之43: 菽豆類. 巻之44: 造醸類. 巻之45-47: 菜部葷菜類. 巻之48-52: 菜部柔滑類. 巻之53: 菜部蓏菜類. 巻之54: 菜部水菜類. 巻之55-60: 菜部芝栭類. 巻之61-62: 果部五果類. 巻之63-66: 果部山果類. 巻之67-69: 果部夷果類. 巻之70: 果部味類|補写: 67(巻之39): 果部蓏類. 68-69(巻之40-41): 果部水果類. 70-71(巻之42-43): 香木類. 72(巻之44上): 香木類, 喬木類. 73-74(巻之44下-45): 喬木類. 75(巻之46): 喬木類, 灌木類. 76-78(巻之47-49): 灌木類. 79(巻之50上): 寓木類, 苞木類. 80(巻之50下): 苞木類, 雜木類, 服帛類, 器物類|おもに図版|彩色あり|原欠: 卷之1-4|印記: 「蜂須賀文庫」, 「男爵田中美津男氏寄贈 先代田中芳男男旧藏書 昭和七年」|虫損あり",,,A00:5911,岩崎 潅園,,80,,[書写者不明],[江戸後期],日本語,図書,,https://www.lib.u-tokyo.ac.jp/ja/library/contents/archives-top/reuse,http://tify.sub.uni-goettingen.de/demo.html?manifest=https://archdataset.dl.itc.u-tokyo.ac.jp/manifest/a62ad597-3639-2f75-0d0a-a7a185e05ea2.json,a62ad597-3639-2f75-0d0a-a7a185e05ea2,https://iiif.dl.itc.u-tokyo.ac.jp/repo/s/tanaka/,https://iiif.dl.itc.u-tokyo.ac.jp/repo/s/tanaka/document/a62ad597-3639-2f75-0d0a-a7a185e05ea2,https://iiif.dl.itc.u-tokyo.ac.jp/repo/files/medium/59db2e8800518db955688c7c1df193c383978593.jpg,https://iiif.dl.itc.u-tokyo.ac.jp/repo/api/items/1300520,"東京大学総合図書館 General Library, The University of Tokyo, JAPAN",http://iiif.io/api/presentation/2#rightToLeftDirection,,田中芳男・博物学コレクション,0310,,https://iiif.dl.itc.u-tokyo.ac.jp/repo/iiif/a62ad597-3639-2f75-0d0a-a7a185e05ea2/manifest,,,,,31
本草圖譜 (存78巻) [48],ホンゾウ ズフ,,,"写本|序首の書名: 夲草圖譜|巻之15-34の題簽書名: 本草啚譜|序末に「文政戊子冬至日灌園岩崎﨑常正」とあり|卷之8の巻末に「棔齊 岡田清福摸冩」とあり|巻之24-29, 35-38の版心下部に「灌園閣藏」とあり|巻之65-70の内題下に校者名あり|卷之5-8: 山草類. 巻之9-12: 芳草類. 巻之13-20: 濕草類. 巻之21-24: 毒草類. 巻之25-32: 蔓草類. 巻之33-34: 水草類. 巻之35-37: 石草類. 巻之38: 苔類. 巻之39: 雜草. 巻之40-42: 穀部. 巻之43: 菽豆類. 巻之44: 造醸類. 巻之45-47: 菜部葷菜類. 巻之48-52: 菜部柔滑類. 巻之53: 菜部蓏菜類. 巻之54: 菜部水菜類. 巻之55-60: 菜部芝栭類. 巻之61-62: 果部五果類. 巻之63-66: 果部山果類. 巻之67-69: 果部夷果類. 巻之70: 果部味類|補写: 67(巻之39): 果部蓏類. 68-69(巻之40-41): 果部水果類. 70-71(巻之42-43): 香木類. 72(巻之44上): 香木類, 喬木類. 73-74(巻之44下-45): 喬木類. 75(巻之46): 喬木類, 灌木類. 76-78(巻之47-49): 灌木類. 79(巻之50上): 寓木類, 苞木類. 80(巻之50下): 苞木類, 雜木類, 服帛類, 器物類|おもに図版|彩色あり|原欠: 卷之1-4|印記: 「蜂須賀文庫」, 「男爵田中美津男氏寄贈 先代田中芳男男旧藏書 昭和七年」|虫損あり",,,A00:5911,岩崎 潅園,,80,,[書写者不明],[江戸後期],日本語,図書,,https://www.lib.u-tokyo.ac.jp/ja/library/contents/archives-top/reuse,http://tify.sub.uni-goettingen.de/demo.html?manifest=https://archdataset.dl.itc.u-tokyo.ac.jp/manifest/6b2c8c56-1dd8-3c07-425e-7ca31d182c24.json,6b2c8c56-1dd8-3c07-425e-7ca31d182c24,https://iiif.dl.itc.u-tokyo.ac.jp/repo/s/tanaka/,https://iiif.dl.itc.u-tokyo.ac.jp/repo/s/tanaka/document/6b2c8c56-1dd8-3c07-425e-7ca31d182c24,https://iiif.dl.itc.u-tokyo.ac.jp/repo/files/medium/d49f52b42d67e04d338a6eaef57428f9b277d78e.jpg,https://iiif.dl.itc.u-tokyo.ac.jp/repo/api/items/1300519,"東京大学総合図書館 General Library, The University of Tokyo, JAPAN",http://iiif.io/api/presentation/2#rightToLeftDirection,,田中芳男・博物学コレクション,0311,,https://iiif.dl.itc.u-tokyo.ac.jp/repo/iiif/6b2c8c56-1dd8-3c07-425e-7ca31d182c24/manifest,,,,,28
本草圖譜 (存78巻) [49],ホンゾウ ズフ,,,"写本|序首の書名: 夲草圖譜|巻之15-34の題簽書名: 本草啚譜|序末に「文政戊子冬至日灌園岩崎﨑常正」とあり|卷之8の巻末に「棔齊 岡田清福摸冩」とあり|巻之24-29, 35-38の版心下部に「灌園閣藏」とあり|巻之65-70の内題下に校者名あり|卷之5-8: 山草類. 巻之9-12: 芳草類. 巻之13-20: 濕草類. 巻之21-24: 毒草類. 巻之25-32: 蔓草類. 巻之33-34: 水草類. 巻之35-37: 石草類. 巻之38: 苔類. 巻之39: 雜草. 巻之40-42: 穀部. 巻之43: 菽豆類. 巻之44: 造醸類. 巻之45-47: 菜部葷菜類. 巻之48-52: 菜部柔滑類. 巻之53: 菜部蓏菜類. 巻之54: 菜部水菜類. 巻之55-60: 菜部芝栭類. 巻之61-62: 果部五果類. 巻之63-66: 果部山果類. 巻之67-69: 果部夷果類. 巻之70: 果部味類|補写: 67(巻之39): 果部蓏類. 68-69(巻之40-41): 果部水果類. 70-71(巻之42-43): 香木類. 72(巻之44上): 香木類, 喬木類. 73-74(巻之44下-45): 喬木類. 75(巻之46): 喬木類, 灌木類. 76-78(巻之47-49): 灌木類. 79(巻之50上): 寓木類, 苞木類. 80(巻之50下): 苞木類, 雜木類, 服帛類, 器物類|おもに図版|彩色あり|原欠: 卷之1-4|印記: 「蜂須賀文庫」, 「男爵田中美津男氏寄贈 先代田中芳男男旧藏書 昭和七年」|虫損あり",,,A00:5911,岩崎 潅園,,80,,[書写者不明],[江戸後期],日本語,図書,,https://www.lib.u-tokyo.ac.jp/ja/library/contents/archives-top/reuse,http://tify.sub.uni-goettingen.de/demo.html?manifest=https://archdataset.dl.itc.u-tokyo.ac.jp/manifest/8d614dc1-7720-6b43-003b-9123fbca4a47.json,8d614dc1-7720-6b43-003b-9123fbca4a47,https://iiif.dl.itc.u-tokyo.ac.jp/repo/s/tanaka/,https://iiif.dl.itc.u-tokyo.ac.jp/repo/s/tanaka/document/8d614dc1-7720-6b43-003b-9123fbca4a47,https://iiif.dl.itc.u-tokyo.ac.jp/repo/files/medium/a453112e58afcdd434ce17c320b554b1eed83db7.jpg,https://iiif.dl.itc.u-tokyo.ac.jp/repo/api/items/1300518,"東京大学総合図書館 General Library, The University of Tokyo, JAPAN",http://iiif.io/api/presentation/2#rightToLeftDirection,,田中芳男・博物学コレクション,0312,,https://iiif.dl.itc.u-tokyo.ac.jp/repo/iiif/8d614dc1-7720-6b43-003b-9123fbca4a47/manifest,,,,,22
本草圖譜 (存78巻) [50],ホンゾウ ズフ,,,"写本|序首の書名: 夲草圖譜|巻之15-34の題簽書名: 本草啚譜|序末に「文政戊子冬至日灌園岩崎﨑常正」とあり|卷之8の巻末に「棔齊 岡田清福摸冩」とあり|巻之24-29, 35-38の版心下部に「灌園閣藏」とあり|巻之65-70の内題下に校者名あり|卷之5-8: 山草類. 巻之9-12: 芳草類. 巻之13-20: 濕草類. 巻之21-24: 毒草類. 巻之25-32: 蔓草類. 巻之33-34: 水草類. 巻之35-37: 石草類. 巻之38: 苔類. 巻之39: 雜草. 巻之40-42: 穀部. 巻之43: 菽豆類. 巻之44: 造醸類. 巻之45-47: 菜部葷菜類. 巻之48-52: 菜部柔滑類. 巻之53: 菜部蓏菜類. 巻之54: 菜部水菜類. 巻之55-60: 菜部芝栭類. 巻之61-62: 果部五果類. 巻之63-66: 果部山果類. 巻之67-69: 果部夷果類. 巻之70: 果部味類|補写: 67(巻之39): 果部蓏類. 68-69(巻之40-41): 果部水果類. 70-71(巻之42-43): 香木類. 72(巻之44上): 香木類, 喬木類. 73-74(巻之44下-45): 喬木類. 75(巻之46): 喬木類, 灌木類. 76-78(巻之47-49): 灌木類. 79(巻之50上): 寓木類, 苞木類. 80(巻之50下): 苞木類, 雜木類, 服帛類, 器物類|おもに図版|彩色あり|原欠: 卷之1-4|印記: 「蜂須賀文庫」, 「男爵田中美津男氏寄贈 先代田中芳男男旧藏書 昭和七年」|虫損あり",,,A00:5911,岩崎 潅園,,80,,[書写者不明],[江戸後期],日本語,図書,,https://www.lib.u-tokyo.ac.jp/ja/library/contents/archives-top/reuse,http://tify.sub.uni-goettingen.de/demo.html?manifest=https://archdataset.dl.itc.u-tokyo.ac.jp/manifest/4627f3c7-7ace-905a-496e-319b98fe490e.json,4627f3c7-7ace-905a-496e-319b98fe490e,https://iiif.dl.itc.u-tokyo.ac.jp/repo/s/tanaka/,https://iiif.dl.itc.u-tokyo.ac.jp/repo/s/tanaka/document/4627f3c7-7ace-905a-496e-319b98fe490e,https://iiif.dl.itc.u-tokyo.ac.jp/repo/files/medium/426cabc731e0a61968c2d779fd9fad7632c230e2.jpg,https://iiif.dl.itc.u-tokyo.ac.jp/repo/api/items/1300517,"東京大学総合図書館 General Library, The University of Tokyo, JAPAN",http://iiif.io/api/presentation/2#rightToLeftDirection,,田中芳男・博物学コレクション,0313,,https://iiif.dl.itc.u-tokyo.ac.jp/repo/iiif/4627f3c7-7ace-905a-496e-319b98fe490e/manifest,,,,,24
本草圖譜 (存78巻) [51],ホンゾウ ズフ,,,"写本|序首の書名: 夲草圖譜|巻之15-34の題簽書名: 本草啚譜|序末に「文政戊子冬至日灌園岩崎﨑常正」とあり|卷之8の巻末に「棔齊 岡田清福摸冩」とあり|巻之24-29, 35-38の版心下部に「灌園閣藏」とあり|巻之65-70の内題下に校者名あり|卷之5-8: 山草類. 巻之9-12: 芳草類. 巻之13-20: 濕草類. 巻之21-24: 毒草類. 巻之25-32: 蔓草類. 巻之33-34: 水草類. 巻之35-37: 石草類. 巻之38: 苔類. 巻之39: 雜草. 巻之40-42: 穀部. 巻之43: 菽豆類. 巻之44: 造醸類. 巻之45-47: 菜部葷菜類. 巻之48-52: 菜部柔滑類. 巻之53: 菜部蓏菜類. 巻之54: 菜部水菜類. 巻之55-60: 菜部芝栭類. 巻之61-62: 果部五果類. 巻之63-66: 果部山果類. 巻之67-69: 果部夷果類. 巻之70: 果部味類|補写: 67(巻之39): 果部蓏類. 68-69(巻之40-41): 果部水果類. 70-71(巻之42-43): 香木類. 72(巻之44上): 香木類, 喬木類. 73-74(巻之44下-45): 喬木類. 75(巻之46): 喬木類, 灌木類. 76-78(巻之47-49): 灌木類. 79(巻之50上): 寓木類, 苞木類. 80(巻之50下): 苞木類, 雜木類, 服帛類, 器物類|おもに図版|彩色あり|原欠: 卷之1-4|印記: 「蜂須賀文庫」, 「男爵田中美津男氏寄贈 先代田中芳男男旧藏書 昭和七年」|虫損あり",,,A00:5911,岩崎 潅園,,80,,[書写者不明],[江戸後期],日本語,図書,,https://www.lib.u-tokyo.ac.jp/ja/library/contents/archives-top/reuse,http://tify.sub.uni-goettingen.de/demo.html?manifest=https://archdataset.dl.itc.u-tokyo.ac.jp/manifest/8e71e954-7e3b-6dfd-9f17-951d52340ae7.json,8e71e954-7e3b-6dfd-9f17-951d52340ae7,https://iiif.dl.itc.u-tokyo.ac.jp/repo/s/tanaka/,https://iiif.dl.itc.u-tokyo.ac.jp/repo/s/tanaka/document/8e71e954-7e3b-6dfd-9f17-951d52340ae7,https://iiif.dl.itc.u-tokyo.ac.jp/repo/files/medium/f7ea660fe8521e84f6f31a7afc7b71e587d8da22.jpg,https://iiif.dl.itc.u-tokyo.ac.jp/repo/api/items/1300516,"東京大学総合図書館 General Library, The University of Tokyo, JAPAN",http://iiif.io/api/presentation/2#rightToLeftDirection,,田中芳男・博物学コレクション,0314,,https://iiif.dl.itc.u-tokyo.ac.jp/repo/iiif/8e71e954-7e3b-6dfd-9f17-951d52340ae7/manifest,,,,,25
本草圖譜 (存78巻) [52],ホンゾウ ズフ,,,"写本|序首の書名: 夲草圖譜|巻之15-34の題簽書名: 本草啚譜|序末に「文政戊子冬至日灌園岩崎﨑常正」とあり|卷之8の巻末に「棔齊 岡田清福摸冩」とあり|巻之24-29, 35-38の版心下部に「灌園閣藏」とあり|巻之65-70の内題下に校者名あり|卷之5-8: 山草類. 巻之9-12: 芳草類. 巻之13-20: 濕草類. 巻之21-24: 毒草類. 巻之25-32: 蔓草類. 巻之33-34: 水草類. 巻之35-37: 石草類. 巻之38: 苔類. 巻之39: 雜草. 巻之40-42: 穀部. 巻之43: 菽豆類. 巻之44: 造醸類. 巻之45-47: 菜部葷菜類. 巻之48-52: 菜部柔滑類. 巻之53: 菜部蓏菜類. 巻之54: 菜部水菜類. 巻之55-60: 菜部芝栭類. 巻之61-62: 果部五果類. 巻之63-66: 果部山果類. 巻之67-69: 果部夷果類. 巻之70: 果部味類|補写: 67(巻之39): 果部蓏類. 68-69(巻之40-41): 果部水果類. 70-71(巻之42-43): 香木類. 72(巻之44上): 香木類, 喬木類. 73-74(巻之44下-45): 喬木類. 75(巻之46): 喬木類, 灌木類. 76-78(巻之47-49): 灌木類. 79(巻之50上): 寓木類, 苞木類. 80(巻之50下): 苞木類, 雜木類, 服帛類, 器物類|おもに図版|彩色あり|原欠: 卷之1-4|印記: 「蜂須賀文庫」, 「男爵田中美津男氏寄贈 先代田中芳男男旧藏書 昭和七年」|虫損あり",,,A00:5911,岩崎 潅園,,80,,[書写者不明],[江戸後期],日本語,図書,,https://www.lib.u-tokyo.ac.jp/ja/library/contents/archives-top/reuse,http://tify.sub.uni-goettingen.de/demo.html?manifest=https://archdataset.dl.itc.u-tokyo.ac.jp/manifest/1345e845-174d-24af-225f-b9c4b74e3e33.json,1345e845-174d-24af-225f-b9c4b74e3e33,https://iiif.dl.itc.u-tokyo.ac.jp/repo/s/tanaka/,https://iiif.dl.itc.u-tokyo.ac.jp/repo/s/tanaka/document/1345e845-174d-24af-225f-b9c4b74e3e33,https://iiif.dl.itc.u-tokyo.ac.jp/repo/files/medium/88f77a800997a5d53908d7df8ab38707c8e317e1.jpg,https://iiif.dl.itc.u-tokyo.ac.jp/repo/api/items/1300515,"東京大学総合図書館 General Library, The University of Tokyo, JAPAN",http://iiif.io/api/presentation/2#rightToLeftDirection,,田中芳男・博物学コレクション,0315,,https://iiif.dl.itc.u-tokyo.ac.jp/repo/iiif/1345e845-174d-24af-225f-b9c4b74e3e33/manifest,,,,,22
本草圖譜 (存78巻) [53],ホンゾウ ズフ,,,"写本|序首の書名: 夲草圖譜|巻之15-34の題簽書名: 本草啚譜|序末に「文政戊子冬至日灌園岩崎﨑常正」とあり|卷之8の巻末に「棔齊 岡田清福摸冩」とあり|巻之24-29, 35-38の版心下部に「灌園閣藏」とあり|巻之65-70の内題下に校者名あり|卷之5-8: 山草類. 巻之9-12: 芳草類. 巻之13-20: 濕草類. 巻之21-24: 毒草類. 巻之25-32: 蔓草類. 巻之33-34: 水草類. 巻之35-37: 石草類. 巻之38: 苔類. 巻之39: 雜草. 巻之40-42: 穀部. 巻之43: 菽豆類. 巻之44: 造醸類. 巻之45-47: 菜部葷菜類. 巻之48-52: 菜部柔滑類. 巻之53: 菜部蓏菜類. 巻之54: 菜部水菜類. 巻之55-60: 菜部芝栭類. 巻之61-62: 果部五果類. 巻之63-66: 果部山果類. 巻之67-69: 果部夷果類. 巻之70: 果部味類|補写: 67(巻之39): 果部蓏類. 68-69(巻之40-41): 果部水果類. 70-71(巻之42-43): 香木類. 72(巻之44上): 香木類, 喬木類. 73-74(巻之44下-45): 喬木類. 75(巻之46): 喬木類, 灌木類. 76-78(巻之47-49): 灌木類. 79(巻之50上): 寓木類, 苞木類. 80(巻之50下): 苞木類, 雜木類, 服帛類, 器物類|おもに図版|彩色あり|原欠: 卷之1-4|印記: 「蜂須賀文庫」, 「男爵田中美津男氏寄贈 先代田中芳男男旧藏書 昭和七年」|虫損あり",,,A00:5911,岩崎 潅園,,80,,[書写者不明],[江戸後期],日本語,図書,,https://www.lib.u-tokyo.ac.jp/ja/library/contents/archives-top/reuse,http://tify.sub.uni-goettingen.de/demo.html?manifest=https://archdataset.dl.itc.u-tokyo.ac.jp/manifest/48e23032-4dcb-539c-0862-6d5042bd354f.json,48e23032-4dcb-539c-0862-6d5042bd354f,https://iiif.dl.itc.u-tokyo.ac.jp/repo/s/tanaka/,https://iiif.dl.itc.u-tokyo.ac.jp/repo/s/tanaka/document/48e23032-4dcb-539c-0862-6d5042bd354f,https://iiif.dl.itc.u-tokyo.ac.jp/repo/files/medium/0785db0f46658e6f524902ca92437712ef6c1b69.jpg,https://iiif.dl.itc.u-tokyo.ac.jp/repo/api/items/1300514,"東京大学総合図書館 General Library, The University of Tokyo, JAPAN",http://iiif.io/api/presentation/2#rightToLeftDirection,,田中芳男・博物学コレクション,0316,,https://iiif.dl.itc.u-tokyo.ac.jp/repo/iiif/48e23032-4dcb-539c-0862-6d5042bd354f/manifest,,,,,26
本草圖譜 (存78巻) [54],ホンゾウ ズフ,,,"写本|序首の書名: 夲草圖譜|巻之15-34の題簽書名: 本草啚譜|序末に「文政戊子冬至日灌園岩崎﨑常正」とあり|卷之8の巻末に「棔齊 岡田清福摸冩」とあり|巻之24-29, 35-38の版心下部に「灌園閣藏」とあり|巻之65-70の内題下に校者名あり|卷之5-8: 山草類. 巻之9-12: 芳草類. 巻之13-20: 濕草類. 巻之21-24: 毒草類. 巻之25-32: 蔓草類. 巻之33-34: 水草類. 巻之35-37: 石草類. 巻之38: 苔類. 巻之39: 雜草. 巻之40-42: 穀部. 巻之43: 菽豆類. 巻之44: 造醸類. 巻之45-47: 菜部葷菜類. 巻之48-52: 菜部柔滑類. 巻之53: 菜部蓏菜類. 巻之54: 菜部水菜類. 巻之55-60: 菜部芝栭類. 巻之61-62: 果部五果類. 巻之63-66: 果部山果類. 巻之67-69: 果部夷果類. 巻之70: 果部味類|補写: 67(巻之39): 果部蓏類. 68-69(巻之40-41): 果部水果類. 70-71(巻之42-43): 香木類. 72(巻之44上): 香木類, 喬木類. 73-74(巻之44下-45): 喬木類. 75(巻之46): 喬木類, 灌木類. 76-78(巻之47-49): 灌木類. 79(巻之50上): 寓木類, 苞木類. 80(巻之50下): 苞木類, 雜木類, 服帛類, 器物類|おもに図版|彩色あり|原欠: 卷之1-4|印記: 「蜂須賀文庫」, 「男爵田中美津男氏寄贈 先代田中芳男男旧藏書 昭和七年」|虫損あり",,,A00:5911,岩崎 潅園,,80,,[書写者不明],[江戸後期],日本語,図書,,https://www.lib.u-tokyo.ac.jp/ja/library/contents/archives-top/reuse,http://tify.sub.uni-goettingen.de/demo.html?manifest=https://archdataset.dl.itc.u-tokyo.ac.jp/manifest/15f1f31c-7ecc-3ea8-1681-32cf6a4061ad.json,15f1f31c-7ecc-3ea8-1681-32cf6a4061ad,https://iiif.dl.itc.u-tokyo.ac.jp/repo/s/tanaka/,https://iiif.dl.itc.u-tokyo.ac.jp/repo/s/tanaka/document/15f1f31c-7ecc-3ea8-1681-32cf6a4061ad,https://iiif.dl.itc.u-tokyo.ac.jp/repo/files/medium/094e7bf01fa4991bcbf94c8e87b9484821c519a1.jpg,https://iiif.dl.itc.u-tokyo.ac.jp/repo/api/items/1300513,"東京大学総合図書館 General Library, The University of Tokyo, JAPAN",http://iiif.io/api/presentation/2#rightToLeftDirection,,田中芳男・博物学コレクション,0317,,https://iiif.dl.itc.u-tokyo.ac.jp/repo/iiif/15f1f31c-7ecc-3ea8-1681-32cf6a4061ad/manifest,,,,,22
本草圖譜 (存78巻) [55],ホンゾウ ズフ,,,"写本|序首の書名: 夲草圖譜|巻之15-34の題簽書名: 本草啚譜|序末に「文政戊子冬至日灌園岩崎﨑常正」とあり|卷之8の巻末に「棔齊 岡田清福摸冩」とあり|巻之24-29, 35-38の版心下部に「灌園閣藏」とあり|巻之65-70の内題下に校者名あり|卷之5-8: 山草類. 巻之9-12: 芳草類. 巻之13-20: 濕草類. 巻之21-24: 毒草類. 巻之25-32: 蔓草類. 巻之33-34: 水草類. 巻之35-37: 石草類. 巻之38: 苔類. 巻之39: 雜草. 巻之40-42: 穀部. 巻之43: 菽豆類. 巻之44: 造醸類. 巻之45-47: 菜部葷菜類. 巻之48-52: 菜部柔滑類. 巻之53: 菜部蓏菜類. 巻之54: 菜部水菜類. 巻之55-60: 菜部芝栭類. 巻之61-62: 果部五果類. 巻之63-66: 果部山果類. 巻之67-69: 果部夷果類. 巻之70: 果部味類|補写: 67(巻之39): 果部蓏類. 68-69(巻之40-41): 果部水果類. 70-71(巻之42-43): 香木類. 72(巻之44上): 香木類, 喬木類. 73-74(巻之44下-45): 喬木類. 75(巻之46): 喬木類, 灌木類. 76-78(巻之47-49): 灌木類. 79(巻之50上): 寓木類, 苞木類. 80(巻之50下): 苞木類, 雜木類, 服帛類, 器物類|おもに図版|彩色あり|原欠: 卷之1-4|印記: 「蜂須賀文庫」, 「男爵田中美津男氏寄贈 先代田中芳男男旧藏書 昭和七年」|虫損あり",,,A00:5911,岩崎 潅園,,80,,[書写者不明],[江戸後期],日本語,図書,,https://www.lib.u-tokyo.ac.jp/ja/library/contents/archives-top/reuse,http://tify.sub.uni-goettingen.de/demo.html?manifest=https://archdataset.dl.itc.u-tokyo.ac.jp/manifest/f4cfb77e-57d0-8719-a407-9cedc4479df9.json,f4cfb77e-57d0-8719-a407-9cedc4479df9,https://iiif.dl.itc.u-tokyo.ac.jp/repo/s/tanaka/,https://iiif.dl.itc.u-tokyo.ac.jp/repo/s/tanaka/document/f4cfb77e-57d0-8719-a407-9cedc4479df9,https://iiif.dl.itc.u-tokyo.ac.jp/repo/files/medium/f4b80e4db1dc4cacfe815eba02e4364516320464.jpg,https://iiif.dl.itc.u-tokyo.ac.jp/repo/api/items/1300512,"東京大学総合図書館 General Library, The University of Tokyo, JAPAN",http://iiif.io/api/presentation/2#rightToLeftDirection,,田中芳男・博物学コレクション,0318,,https://iiif.dl.itc.u-tokyo.ac.jp/repo/iiif/f4cfb77e-57d0-8719-a407-9cedc4479df9/manifest,,,,,29
本草圖譜 (存78巻) [56],ホンゾウ ズフ,,,"写本|序首の書名: 夲草圖譜|巻之15-34の題簽書名: 本草啚譜|序末に「文政戊子冬至日灌園岩崎﨑常正」とあり|卷之8の巻末に「棔齊 岡田清福摸冩」とあり|巻之24-29, 35-38の版心下部に「灌園閣藏」とあり|巻之65-70の内題下に校者名あり|卷之5-8: 山草類. 巻之9-12: 芳草類. 巻之13-20: 濕草類. 巻之21-24: 毒草類. 巻之25-32: 蔓草類. 巻之33-34: 水草類. 巻之35-37: 石草類. 巻之38: 苔類. 巻之39: 雜草. 巻之40-42: 穀部. 巻之43: 菽豆類. 巻之44: 造醸類. 巻之45-47: 菜部葷菜類. 巻之48-52: 菜部柔滑類. 巻之53: 菜部蓏菜類. 巻之54: 菜部水菜類. 巻之55-60: 菜部芝栭類. 巻之61-62: 果部五果類. 巻之63-66: 果部山果類. 巻之67-69: 果部夷果類. 巻之70: 果部味類|補写: 67(巻之39): 果部蓏類. 68-69(巻之40-41): 果部水果類. 70-71(巻之42-43): 香木類. 72(巻之44上): 香木類, 喬木類. 73-74(巻之44下-45): 喬木類. 75(巻之46): 喬木類, 灌木類. 76-78(巻之47-49): 灌木類. 79(巻之50上): 寓木類, 苞木類. 80(巻之50下): 苞木類, 雜木類, 服帛類, 器物類|おもに図版|彩色あり|原欠: 卷之1-4|印記: 「蜂須賀文庫」, 「男爵田中美津男氏寄贈 先代田中芳男男旧藏書 昭和七年」|虫損あり",,,A00:5911,岩崎 潅園,,80,,[書写者不明],[江戸後期],日本語,図書,,https://www.lib.u-tokyo.ac.jp/ja/library/contents/archives-top/reuse,http://tify.sub.uni-goettingen.de/demo.html?manifest=https://archdataset.dl.itc.u-tokyo.ac.jp/manifest/c8904ede-71d8-1a7e-9c3d-0e4de0955bf1.json,c8904ede-71d8-1a7e-9c3d-0e4de0955bf1,https://iiif.dl.itc.u-tokyo.ac.jp/repo/s/tanaka/,https://iiif.dl.itc.u-tokyo.ac.jp/repo/s/tanaka/document/c8904ede-71d8-1a7e-9c3d-0e4de0955bf1,https://iiif.dl.itc.u-tokyo.ac.jp/repo/files/medium/786e51113584aa12054a0a83e3cf5ed1e1afcc0b.jpg,https://iiif.dl.itc.u-tokyo.ac.jp/repo/api/items/1300511,"東京大学総合図書館 General Library, The University of Tokyo, JAPAN",http://iiif.io/api/presentation/2#rightToLeftDirection,,田中芳男・博物学コレクション,0319,,https://iiif.dl.itc.u-tokyo.ac.jp/repo/iiif/c8904ede-71d8-1a7e-9c3d-0e4de0955bf1/manifest,,,,,32
本草圖譜 (存78巻) [57],ホンゾウ ズフ,,,"写本|序首の書名: 夲草圖譜|巻之15-34の題簽書名: 本草啚譜|序末に「文政戊子冬至日灌園岩崎﨑常正」とあり|卷之8の巻末に「棔齊 岡田清福摸冩」とあり|巻之24-29, 35-38の版心下部に「灌園閣藏」とあり|巻之65-70の内題下に校者名あり|卷之5-8: 山草類. 巻之9-12: 芳草類. 巻之13-20: 濕草類. 巻之21-24: 毒草類. 巻之25-32: 蔓草類. 巻之33-34: 水草類. 巻之35-37: 石草類. 巻之38: 苔類. 巻之39: 雜草. 巻之40-42: 穀部. 巻之43: 菽豆類. 巻之44: 造醸類. 巻之45-47: 菜部葷菜類. 巻之48-52: 菜部柔滑類. 巻之53: 菜部蓏菜類. 巻之54: 菜部水菜類. 巻之55-60: 菜部芝栭類. 巻之61-62: 果部五果類. 巻之63-66: 果部山果類. 巻之67-69: 果部夷果類. 巻之70: 果部味類|補写: 67(巻之39): 果部蓏類. 68-69(巻之40-41): 果部水果類. 70-71(巻之42-43): 香木類. 72(巻之44上): 香木類, 喬木類. 73-74(巻之44下-45): 喬木類. 75(巻之46): 喬木類, 灌木類. 76-78(巻之47-49): 灌木類. 79(巻之50上): 寓木類, 苞木類. 80(巻之50下): 苞木類, 雜木類, 服帛類, 器物類|おもに図版|彩色あり|原欠: 卷之1-4|印記: 「蜂須賀文庫」, 「男爵田中美津男氏寄贈 先代田中芳男男旧藏書 昭和七年」|虫損あり",,,A00:5911,岩崎 潅園,,80,,[書写者不明],[江戸後期],日本語,図書,,https://www.lib.u-tokyo.ac.jp/ja/library/contents/archives-top/reuse,http://tify.sub.uni-goettingen.de/demo.html?manifest=https://archdataset.dl.itc.u-tokyo.ac.jp/manifest/d6e7dc72-7c32-597e-0165-2fa3e0dda44d.json,d6e7dc72-7c32-597e-0165-2fa3e0dda44d,https://iiif.dl.itc.u-tokyo.ac.jp/repo/s/tanaka/,https://iiif.dl.itc.u-tokyo.ac.jp/repo/s/tanaka/document/d6e7dc72-7c32-597e-0165-2fa3e0dda44d,https://iiif.dl.itc.u-tokyo.ac.jp/repo/files/medium/e781caaaa5a831852c5315d648d315916ecafa27.jpg,https://iiif.dl.itc.u-tokyo.ac.jp/repo/api/items/1300510,"東京大学総合図書館 General Library, The University of Tokyo, JAPAN",http://iiif.io/api/presentation/2#rightToLeftDirection,,田中芳男・博物学コレクション,0320,,https://iiif.dl.itc.u-tokyo.ac.jp/repo/iiif/d6e7dc72-7c32-597e-0165-2fa3e0dda44d/manifest,,,,,28
本草圖譜 (存78巻) [58],ホンゾウ ズフ,,,"写本|序首の書名: 夲草圖譜|巻之15-34の題簽書名: 本草啚譜|序末に「文政戊子冬至日灌園岩崎﨑常正」とあり|卷之8の巻末に「棔齊 岡田清福摸冩」とあり|巻之24-29, 35-38の版心下部に「灌園閣藏」とあり|巻之65-70の内題下に校者名あり|卷之5-8: 山草類. 巻之9-12: 芳草類. 巻之13-20: 濕草類. 巻之21-24: 毒草類. 巻之25-32: 蔓草類. 巻之33-34: 水草類. 巻之35-37: 石草類. 巻之38: 苔類. 巻之39: 雜草. 巻之40-42: 穀部. 巻之43: 菽豆類. 巻之44: 造醸類. 巻之45-47: 菜部葷菜類. 巻之48-52: 菜部柔滑類. 巻之53: 菜部蓏菜類. 巻之54: 菜部水菜類. 巻之55-60: 菜部芝栭類. 巻之61-62: 果部五果類. 巻之63-66: 果部山果類. 巻之67-69: 果部夷果類. 巻之70: 果部味類|補写: 67(巻之39): 果部蓏類. 68-69(巻之40-41): 果部水果類. 70-71(巻之42-43): 香木類. 72(巻之44上): 香木類, 喬木類. 73-74(巻之44下-45): 喬木類. 75(巻之46): 喬木類, 灌木類. 76-78(巻之47-49): 灌木類. 79(巻之50上): 寓木類, 苞木類. 80(巻之50下): 苞木類, 雜木類, 服帛類, 器物類|おもに図版|彩色あり|原欠: 卷之1-4|印記: 「蜂須賀文庫」, 「男爵田中美津男氏寄贈 先代田中芳男男旧藏書 昭和七年」|虫損あり",,,A00:5911,岩崎 潅園,,80,,[書写者不明],[江戸後期],日本語,図書,,https://www.lib.u-tokyo.ac.jp/ja/library/contents/archives-top/reuse,http://tify.sub.uni-goettingen.de/demo.html?manifest=https://archdataset.dl.itc.u-tokyo.ac.jp/manifest/8a0ddf32-7a89-0d7e-50b7-a58b9864a081.json,8a0ddf32-7a89-0d7e-50b7-a58b9864a081,https://iiif.dl.itc.u-tokyo.ac.jp/repo/s/tanaka/,https://iiif.dl.itc.u-tokyo.ac.jp/repo/s/tanaka/document/8a0ddf32-7a89-0d7e-50b7-a58b9864a081,https://iiif.dl.itc.u-tokyo.ac.jp/repo/files/medium/57d400874373ec405375f083143ea50413250f27.jpg,https://iiif.dl.itc.u-tokyo.ac.jp/repo/api/items/1300509,"東京大学総合図書館 General Library, The University of Tokyo, JAPAN",http://iiif.io/api/presentation/2#rightToLeftDirection,,田中芳男・博物学コレクション,0321,,https://iiif.dl.itc.u-tokyo.ac.jp/repo/iiif/8a0ddf32-7a89-0d7e-50b7-a58b9864a081/manifest,,,,,26
本草圖譜 (存78巻) [59],ホンゾウ ズフ,,,"写本|序首の書名: 夲草圖譜|巻之15-34の題簽書名: 本草啚譜|序末に「文政戊子冬至日灌園岩崎﨑常正」とあり|卷之8の巻末に「棔齊 岡田清福摸冩」とあり|巻之24-29, 35-38の版心下部に「灌園閣藏」とあり|巻之65-70の内題下に校者名あり|卷之5-8: 山草類. 巻之9-12: 芳草類. 巻之13-20: 濕草類. 巻之21-24: 毒草類. 巻之25-32: 蔓草類. 巻之33-34: 水草類. 巻之35-37: 石草類. 巻之38: 苔類. 巻之39: 雜草. 巻之40-42: 穀部. 巻之43: 菽豆類. 巻之44: 造醸類. 巻之45-47: 菜部葷菜類. 巻之48-52: 菜部柔滑類. 巻之53: 菜部蓏菜類. 巻之54: 菜部水菜類. 巻之55-60: 菜部芝栭類. 巻之61-62: 果部五果類. 巻之63-66: 果部山果類. 巻之67-69: 果部夷果類. 巻之70: 果部味類|補写: 67(巻之39): 果部蓏類. 68-69(巻之40-41): 果部水果類. 70-71(巻之42-43): 香木類. 72(巻之44上): 香木類, 喬木類. 73-74(巻之44下-45): 喬木類. 75(巻之46): 喬木類, 灌木類. 76-78(巻之47-49): 灌木類. 79(巻之50上): 寓木類, 苞木類. 80(巻之50下): 苞木類, 雜木類, 服帛類, 器物類|おもに図版|彩色あり|原欠: 卷之1-4|印記: 「蜂須賀文庫」, 「男爵田中美津男氏寄贈 先代田中芳男男旧藏書 昭和七年」|虫損あり",,,A00:5911,岩崎 潅園,,80,,[書写者不明],[江戸後期],日本語,図書,,https://www.lib.u-tokyo.ac.jp/ja/library/contents/archives-top/reuse,http://tify.sub.uni-goettingen.de/demo.html?manifest=https://archdataset.dl.itc.u-tokyo.ac.jp/manifest/59f943b6-3605-489c-1f5d-868d7df75845.json,59f943b6-3605-489c-1f5d-868d7df75845,https://iiif.dl.itc.u-tokyo.ac.jp/repo/s/tanaka/,https://iiif.dl.itc.u-tokyo.ac.jp/repo/s/tanaka/document/59f943b6-3605-489c-1f5d-868d7df75845,https://iiif.dl.itc.u-tokyo.ac.jp/repo/files/medium/d509ff9a42c0ba04235d00c02f93dd48e3e8bff9.jpg,https://iiif.dl.itc.u-tokyo.ac.jp/repo/api/items/1300508,"東京大学総合図書館 General Library, The University of Tokyo, JAPAN",http://iiif.io/api/presentation/2#rightToLeftDirection,,田中芳男・博物学コレクション,0322,,https://iiif.dl.itc.u-tokyo.ac.jp/repo/iiif/59f943b6-3605-489c-1f5d-868d7df75845/manifest,,,,,21
本草圖譜 (存78巻) [60],ホンゾウ ズフ,,,"写本|序首の書名: 夲草圖譜|巻之15-34の題簽書名: 本草啚譜|序末に「文政戊子冬至日灌園岩崎﨑常正」とあり|卷之8の巻末に「棔齊 岡田清福摸冩」とあり|巻之24-29, 35-38の版心下部に「灌園閣藏」とあり|巻之65-70の内題下に校者名あり|卷之5-8: 山草類. 巻之9-12: 芳草類. 巻之13-20: 濕草類. 巻之21-24: 毒草類. 巻之25-32: 蔓草類. 巻之33-34: 水草類. 巻之35-37: 石草類. 巻之38: 苔類. 巻之39: 雜草. 巻之40-42: 穀部. 巻之43: 菽豆類. 巻之44: 造醸類. 巻之45-47: 菜部葷菜類. 巻之48-52: 菜部柔滑類. 巻之53: 菜部蓏菜類. 巻之54: 菜部水菜類. 巻之55-60: 菜部芝栭類. 巻之61-62: 果部五果類. 巻之63-66: 果部山果類. 巻之67-69: 果部夷果類. 巻之70: 果部味類|補写: 67(巻之39): 果部蓏類. 68-69(巻之40-41): 果部水果類. 70-71(巻之42-43): 香木類. 72(巻之44上): 香木類, 喬木類. 73-74(巻之44下-45): 喬木類. 75(巻之46): 喬木類, 灌木類. 76-78(巻之47-49): 灌木類. 79(巻之50上): 寓木類, 苞木類. 80(巻之50下): 苞木類, 雜木類, 服帛類, 器物類|おもに図版|彩色あり|原欠: 卷之1-4|印記: 「蜂須賀文庫」, 「男爵田中美津男氏寄贈 先代田中芳男男旧藏書 昭和七年」|虫損あり",,,A00:5911,岩崎 潅園,,80,,[書写者不明],[江戸後期],日本語,図書,,https://www.lib.u-tokyo.ac.jp/ja/library/contents/archives-top/reuse,http://tify.sub.uni-goettingen.de/demo.html?manifest=https://archdataset.dl.itc.u-tokyo.ac.jp/manifest/c18b6eb9-22aa-135a-2c37-49e7bf70556c.json,c18b6eb9-22aa-135a-2c37-49e7bf70556c,https://iiif.dl.itc.u-tokyo.ac.jp/repo/s/tanaka/,https://iiif.dl.itc.u-tokyo.ac.jp/repo/s/tanaka/document/c18b6eb9-22aa-135a-2c37-49e7bf70556c,https://iiif.dl.itc.u-tokyo.ac.jp/repo/files/medium/19866bb17b65d2b03ebd47d72489663405833b05.jpg,https://iiif.dl.itc.u-tokyo.ac.jp/repo/api/items/1300507,"東京大学総合図書館 General Library, The University of Tokyo, JAPAN",http://iiif.io/api/presentation/2#rightToLeftDirection,,田中芳男・博物学コレクション,0323,,https://iiif.dl.itc.u-tokyo.ac.jp/repo/iiif/c18b6eb9-22aa-135a-2c37-49e7bf70556c/manifest,,,,,24
本草圖譜 (存78巻) [61],ホンゾウ ズフ,,,"写本|序首の書名: 夲草圖譜|巻之15-34の題簽書名: 本草啚譜|序末に「文政戊子冬至日灌園岩崎﨑常正」とあり|卷之8の巻末に「棔齊 岡田清福摸冩」とあり|巻之24-29, 35-38の版心下部に「灌園閣藏」とあり|巻之65-70の内題下に校者名あり|卷之5-8: 山草類. 巻之9-12: 芳草類. 巻之13-20: 濕草類. 巻之21-24: 毒草類. 巻之25-32: 蔓草類. 巻之33-34: 水草類. 巻之35-37: 石草類. 巻之38: 苔類. 巻之39: 雜草. 巻之40-42: 穀部. 巻之43: 菽豆類. 巻之44: 造醸類. 巻之45-47: 菜部葷菜類. 巻之48-52: 菜部柔滑類. 巻之53: 菜部蓏菜類. 巻之54: 菜部水菜類. 巻之55-60: 菜部芝栭類. 巻之61-62: 果部五果類. 巻之63-66: 果部山果類. 巻之67-69: 果部夷果類. 巻之70: 果部味類|補写: 67(巻之39): 果部蓏類. 68-69(巻之40-41): 果部水果類. 70-71(巻之42-43): 香木類. 72(巻之44上): 香木類, 喬木類. 73-74(巻之44下-45): 喬木類. 75(巻之46): 喬木類, 灌木類. 76-78(巻之47-49): 灌木類. 79(巻之50上): 寓木類, 苞木類. 80(巻之50下): 苞木類, 雜木類, 服帛類, 器物類|おもに図版|彩色あり|原欠: 卷之1-4|印記: 「蜂須賀文庫」, 「男爵田中美津男氏寄贈 先代田中芳男男旧藏書 昭和七年」|虫損あり",,,A00:5911,岩崎 潅園,,80,,[書写者不明],[江戸後期],日本語,図書,,https://www.lib.u-tokyo.ac.jp/ja/library/contents/archives-top/reuse,http://tify.sub.uni-goettingen.de/demo.html?manifest=https://archdataset.dl.itc.u-tokyo.ac.jp/manifest/c2dc0dd6-98e4-6380-4ee8-da523dcf71a4.json,c2dc0dd6-98e4-6380-4ee8-da523dcf71a4,https://iiif.dl.itc.u-tokyo.ac.jp/repo/s/tanaka/,https://iiif.dl.itc.u-tokyo.ac.jp/repo/s/tanaka/document/c2dc0dd6-98e4-6380-4ee8-da523dcf71a4,https://iiif.dl.itc.u-tokyo.ac.jp/repo/files/medium/7a6764bc585b9cdd8a08ca0e2923d657b449f936.jpg,https://iiif.dl.itc.u-tokyo.ac.jp/repo/api/items/1300506,"東京大学総合図書館 General Library, The University of Tokyo, JAPAN",http://iiif.io/api/presentation/2#rightToLeftDirection,,田中芳男・博物学コレクション,0324,,https://iiif.dl.itc.u-tokyo.ac.jp/repo/iiif/c2dc0dd6-98e4-6380-4ee8-da523dcf71a4/manifest,,,,,29
本草圖譜 (存78巻) [62],ホンゾウ ズフ,,,"写本|序首の書名: 夲草圖譜|巻之15-34の題簽書名: 本草啚譜|序末に「文政戊子冬至日灌園岩崎﨑常正」とあり|卷之8の巻末に「棔齊 岡田清福摸冩」とあり|巻之24-29, 35-38の版心下部に「灌園閣藏」とあり|巻之65-70の内題下に校者名あり|卷之5-8: 山草類. 巻之9-12: 芳草類. 巻之13-20: 濕草類. 巻之21-24: 毒草類. 巻之25-32: 蔓草類. 巻之33-34: 水草類. 巻之35-37: 石草類. 巻之38: 苔類. 巻之39: 雜草. 巻之40-42: 穀部. 巻之43: 菽豆類. 巻之44: 造醸類. 巻之45-47: 菜部葷菜類. 巻之48-52: 菜部柔滑類. 巻之53: 菜部蓏菜類. 巻之54: 菜部水菜類. 巻之55-60: 菜部芝栭類. 巻之61-62: 果部五果類. 巻之63-66: 果部山果類. 巻之67-69: 果部夷果類. 巻之70: 果部味類|補写: 67(巻之39): 果部蓏類. 68-69(巻之40-41): 果部水果類. 70-71(巻之42-43): 香木類. 72(巻之44上): 香木類, 喬木類. 73-74(巻之44下-45): 喬木類. 75(巻之46): 喬木類, 灌木類. 76-78(巻之47-49): 灌木類. 79(巻之50上): 寓木類, 苞木類. 80(巻之50下): 苞木類, 雜木類, 服帛類, 器物類|おもに図版|彩色あり|原欠: 卷之1-4|印記: 「蜂須賀文庫」, 「男爵田中美津男氏寄贈 先代田中芳男男旧藏書 昭和七年」|虫損あり",,,A00:5911,岩崎 潅園,,80,,[書写者不明],[江戸後期],日本語,図書,,https://www.lib.u-tokyo.ac.jp/ja/library/contents/archives-top/reuse,http://tify.sub.uni-goettingen.de/demo.html?manifest=https://archdataset.dl.itc.u-tokyo.ac.jp/manifest/fa637e90-3414-416f-99cb-8841946da333.json,fa637e90-3414-416f-99cb-8841946da333,https://iiif.dl.itc.u-tokyo.ac.jp/repo/s/tanaka/,https://iiif.dl.itc.u-tokyo.ac.jp/repo/s/tanaka/document/fa637e90-3414-416f-99cb-8841946da333,https://iiif.dl.itc.u-tokyo.ac.jp/repo/files/medium/0dda76b51555851d98f1fa310d1be94b82ab4340.jpg,https://iiif.dl.itc.u-tokyo.ac.jp/repo/api/items/1300505,"東京大学総合図書館 General Library, The University of Tokyo, JAPAN",http://iiif.io/api/presentation/2#rightToLeftDirection,,田中芳男・博物学コレクション,0325,,https://iiif.dl.itc.u-tokyo.ac.jp/repo/iiif/fa637e90-3414-416f-99cb-8841946da333/manifest,,,,,29
本草圖譜 (存78巻) [63],ホンゾウ ズフ,,,"写本|序首の書名: 夲草圖譜|巻之15-34の題簽書名: 本草啚譜|序末に「文政戊子冬至日灌園岩崎﨑常正」とあり|卷之8の巻末に「棔齊 岡田清福摸冩」とあり|巻之24-29, 35-38の版心下部に「灌園閣藏」とあり|巻之65-70の内題下に校者名あり|卷之5-8: 山草類. 巻之9-12: 芳草類. 巻之13-20: 濕草類. 巻之21-24: 毒草類. 巻之25-32: 蔓草類. 巻之33-34: 水草類. 巻之35-37: 石草類. 巻之38: 苔類. 巻之39: 雜草. 巻之40-42: 穀部. 巻之43: 菽豆類. 巻之44: 造醸類. 巻之45-47: 菜部葷菜類. 巻之48-52: 菜部柔滑類. 巻之53: 菜部蓏菜類. 巻之54: 菜部水菜類. 巻之55-60: 菜部芝栭類. 巻之61-62: 果部五果類. 巻之63-66: 果部山果類. 巻之67-69: 果部夷果類. 巻之70: 果部味類|補写: 67(巻之39): 果部蓏類. 68-69(巻之40-41): 果部水果類. 70-71(巻之42-43): 香木類. 72(巻之44上): 香木類, 喬木類. 73-74(巻之44下-45): 喬木類. 75(巻之46): 喬木類, 灌木類. 76-78(巻之47-49): 灌木類. 79(巻之50上): 寓木類, 苞木類. 80(巻之50下): 苞木類, 雜木類, 服帛類, 器物類|おもに図版|彩色あり|原欠: 卷之1-4|印記: 「蜂須賀文庫」, 「男爵田中美津男氏寄贈 先代田中芳男男旧藏書 昭和七年」|虫損あり",,,A00:5911,岩崎 潅園,,80,,[書写者不明],[江戸後期],日本語,図書,,https://www.lib.u-tokyo.ac.jp/ja/library/contents/archives-top/reuse,http://tify.sub.uni-goettingen.de/demo.html?manifest=https://archdataset.dl.itc.u-tokyo.ac.jp/manifest/a2f389a3-a5fe-17bd-47f1-b10d6aa06e31.json,a2f389a3-a5fe-17bd-47f1-b10d6aa06e31,https://iiif.dl.itc.u-tokyo.ac.jp/repo/s/tanaka/,https://iiif.dl.itc.u-tokyo.ac.jp/repo/s/tanaka/document/a2f389a3-a5fe-17bd-47f1-b10d6aa06e31,https://iiif.dl.itc.u-tokyo.ac.jp/repo/files/medium/9ae7eb2986d5d3679aa513e0e87805dd5dbbaa02.jpg,https://iiif.dl.itc.u-tokyo.ac.jp/repo/api/items/1300504,"東京大学総合図書館 General Library, The University of Tokyo, JAPAN",http://iiif.io/api/presentation/2#rightToLeftDirection,,田中芳男・博物学コレクション,0326,,https://iiif.dl.itc.u-tokyo.ac.jp/repo/iiif/a2f389a3-a5fe-17bd-47f1-b10d6aa06e31/manifest,,,,,26
本草圖譜 (存78巻) [64],ホンゾウ ズフ,,,"写本|序首の書名: 夲草圖譜|巻之15-34の題簽書名: 本草啚譜|序末に「文政戊子冬至日灌園岩崎﨑常正」とあり|卷之8の巻末に「棔齊 岡田清福摸冩」とあり|巻之24-29, 35-38の版心下部に「灌園閣藏」とあり|巻之65-70の内題下に校者名あり|卷之5-8: 山草類. 巻之9-12: 芳草類. 巻之13-20: 濕草類. 巻之21-24: 毒草類. 巻之25-32: 蔓草類. 巻之33-34: 水草類. 巻之35-37: 石草類. 巻之38: 苔類. 巻之39: 雜草. 巻之40-42: 穀部. 巻之43: 菽豆類. 巻之44: 造醸類. 巻之45-47: 菜部葷菜類. 巻之48-52: 菜部柔滑類. 巻之53: 菜部蓏菜類. 巻之54: 菜部水菜類. 巻之55-60: 菜部芝栭類. 巻之61-62: 果部五果類. 巻之63-66: 果部山果類. 巻之67-69: 果部夷果類. 巻之70: 果部味類|補写: 67(巻之39): 果部蓏類. 68-69(巻之40-41): 果部水果類. 70-71(巻之42-43): 香木類. 72(巻之44上): 香木類, 喬木類. 73-74(巻之44下-45): 喬木類. 75(巻之46): 喬木類, 灌木類. 76-78(巻之47-49): 灌木類. 79(巻之50上): 寓木類, 苞木類. 80(巻之50下): 苞木類, 雜木類, 服帛類, 器物類|おもに図版|彩色あり|原欠: 卷之1-4|印記: 「蜂須賀文庫」, 「男爵田中美津男氏寄贈 先代田中芳男男旧藏書 昭和七年」|虫損あり",,,A00:5911,岩崎 潅園,,80,,[書写者不明],[江戸後期],日本語,図書,,https://www.lib.u-tokyo.ac.jp/ja/library/contents/archives-top/reuse,http://tify.sub.uni-goettingen.de/demo.html?manifest=https://archdataset.dl.itc.u-tokyo.ac.jp/manifest/38db93d9-9618-12f3-2cb9-1246d94d35d4.json,38db93d9-9618-12f3-2cb9-1246d94d35d4,https://iiif.dl.itc.u-tokyo.ac.jp/repo/s/tanaka/,https://iiif.dl.itc.u-tokyo.ac.jp/repo/s/tanaka/document/38db93d9-9618-12f3-2cb9-1246d94d35d4,https://iiif.dl.itc.u-tokyo.ac.jp/repo/files/medium/af40f5d57060b869a57641c365deafa5d3c7d12f.jpg,https://iiif.dl.itc.u-tokyo.ac.jp/repo/api/items/1300503,"東京大学総合図書館 General Library, The University of Tokyo, JAPAN",http://iiif.io/api/presentation/2#rightToLeftDirection,,田中芳男・博物学コレクション,0327,,https://iiif.dl.itc.u-tokyo.ac.jp/repo/iiif/38db93d9-9618-12f3-2cb9-1246d94d35d4/manifest,,,,,34
本草圖譜 (存78巻) [65],ホンゾウ ズフ,,,"写本|序首の書名: 夲草圖譜|巻之15-34の題簽書名: 本草啚譜|序末に「文政戊子冬至日灌園岩崎﨑常正」とあり|卷之8の巻末に「棔齊 岡田清福摸冩」とあり|巻之24-29, 35-38の版心下部に「灌園閣藏」とあり|巻之65-70の内題下に校者名あり|卷之5-8: 山草類. 巻之9-12: 芳草類. 巻之13-20: 濕草類. 巻之21-24: 毒草類. 巻之25-32: 蔓草類. 巻之33-34: 水草類. 巻之35-37: 石草類. 巻之38: 苔類. 巻之39: 雜草. 巻之40-42: 穀部. 巻之43: 菽豆類. 巻之44: 造醸類. 巻之45-47: 菜部葷菜類. 巻之48-52: 菜部柔滑類. 巻之53: 菜部蓏菜類. 巻之54: 菜部水菜類. 巻之55-60: 菜部芝栭類. 巻之61-62: 果部五果類. 巻之63-66: 果部山果類. 巻之67-69: 果部夷果類. 巻之70: 果部味類|補写: 67(巻之39): 果部蓏類. 68-69(巻之40-41): 果部水果類. 70-71(巻之42-43): 香木類. 72(巻之44上): 香木類, 喬木類. 73-74(巻之44下-45): 喬木類. 75(巻之46): 喬木類, 灌木類. 76-78(巻之47-49): 灌木類. 79(巻之50上): 寓木類, 苞木類. 80(巻之50下): 苞木類, 雜木類, 服帛類, 器物類|おもに図版|彩色あり|原欠: 卷之1-4|印記: 「蜂須賀文庫」, 「男爵田中美津男氏寄贈 先代田中芳男男旧藏書 昭和七年」|虫損あり",,,A00:5911,岩崎 潅園,,80,,[書写者不明],[江戸後期],日本語,図書,,https://www.lib.u-tokyo.ac.jp/ja/library/contents/archives-top/reuse,http://tify.sub.uni-goettingen.de/demo.html?manifest=https://archdataset.dl.itc.u-tokyo.ac.jp/manifest/98f18af0-713a-24d5-66c9-840b9129315d.json,98f18af0-713a-24d5-66c9-840b9129315d,https://iiif.dl.itc.u-tokyo.ac.jp/repo/s/tanaka/,https://iiif.dl.itc.u-tokyo.ac.jp/repo/s/tanaka/document/98f18af0-713a-24d5-66c9-840b9129315d,https://iiif.dl.itc.u-tokyo.ac.jp/repo/files/medium/893891a25666a301992c1430dec0e181acaa1f86.jpg,https://iiif.dl.itc.u-tokyo.ac.jp/repo/api/items/1300502,"東京大学総合図書館 General Library, The University of Tokyo, JAPAN",http://iiif.io/api/presentation/2#rightToLeftDirection,,田中芳男・博物学コレクション,0328,,https://iiif.dl.itc.u-tokyo.ac.jp/repo/iiif/98f18af0-713a-24d5-66c9-840b9129315d/manifest,,,,,28
本草圖譜 (存78巻) [66],ホンゾウ ズフ,,,"写本|序首の書名: 夲草圖譜|巻之15-34の題簽書名: 本草啚譜|序末に「文政戊子冬至日灌園岩崎﨑常正」とあり|卷之8の巻末に「棔齊 岡田清福摸冩」とあり|巻之24-29, 35-38の版心下部に「灌園閣藏」とあり|巻之65-70の内題下に校者名あり|卷之5-8: 山草類. 巻之9-12: 芳草類. 巻之13-20: 濕草類. 巻之21-24: 毒草類. 巻之25-32: 蔓草類. 巻之33-34: 水草類. 巻之35-37: 石草類. 巻之38: 苔類. 巻之39: 雜草. 巻之40-42: 穀部. 巻之43: 菽豆類. 巻之44: 造醸類. 巻之45-47: 菜部葷菜類. 巻之48-52: 菜部柔滑類. 巻之53: 菜部蓏菜類. 巻之54: 菜部水菜類. 巻之55-60: 菜部芝栭類. 巻之61-62: 果部五果類. 巻之63-66: 果部山果類. 巻之67-69: 果部夷果類. 巻之70: 果部味類|補写: 67(巻之39): 果部蓏類. 68-69(巻之40-41): 果部水果類. 70-71(巻之42-43): 香木類. 72(巻之44上): 香木類, 喬木類. 73-74(巻之44下-45): 喬木類. 75(巻之46): 喬木類, 灌木類. 76-78(巻之47-49): 灌木類. 79(巻之50上): 寓木類, 苞木類. 80(巻之50下): 苞木類, 雜木類, 服帛類, 器物類|おもに図版|彩色あり|原欠: 卷之1-4|印記: 「蜂須賀文庫」, 「男爵田中美津男氏寄贈 先代田中芳男男旧藏書 昭和七年」|虫損あり",,,A00:5911,岩崎 潅園,,80,,[書写者不明],[江戸後期],日本語,図書,,https://www.lib.u-tokyo.ac.jp/ja/library/contents/archives-top/reuse,http://tify.sub.uni-goettingen.de/demo.html?manifest=https://archdataset.dl.itc.u-tokyo.ac.jp/manifest/d93cd3b2-9abb-6343-6801-9f48114d119f.json,d93cd3b2-9abb-6343-6801-9f48114d119f,https://iiif.dl.itc.u-tokyo.ac.jp/repo/s/tanaka/,https://iiif.dl.itc.u-tokyo.ac.jp/repo/s/tanaka/document/d93cd3b2-9abb-6343-6801-9f48114d119f,https://iiif.dl.itc.u-tokyo.ac.jp/repo/files/medium/8fe83634383688fbdcd2bba04d63a4bd0a9ec0bf.jpg,https://iiif.dl.itc.u-tokyo.ac.jp/repo/api/items/1300501,"東京大学総合図書館 General Library, The University of Tokyo, JAPAN",http://iiif.io/api/presentation/2#rightToLeftDirection,,田中芳男・博物学コレクション,0329,,https://iiif.dl.itc.u-tokyo.ac.jp/repo/iiif/d93cd3b2-9abb-6343-6801-9f48114d119f/manifest,,,,,25
本草圖譜 (存78巻) [67],ホンゾウ ズフ,,,"写本|序首の書名: 夲草圖譜|巻之15-34の題簽書名: 本草啚譜|序末に「文政戊子冬至日灌園岩崎﨑常正」とあり|卷之8の巻末に「棔齊 岡田清福摸冩」とあり|巻之24-29, 35-38の版心下部に「灌園閣藏」とあり|巻之65-70の内題下に校者名あり|卷之5-8: 山草類. 巻之9-12: 芳草類. 巻之13-20: 濕草類. 巻之21-24: 毒草類. 巻之25-32: 蔓草類. 巻之33-34: 水草類. 巻之35-37: 石草類. 巻之38: 苔類. 巻之39: 雜草. 巻之40-42: 穀部. 巻之43: 菽豆類. 巻之44: 造醸類. 巻之45-47: 菜部葷菜類. 巻之48-52: 菜部柔滑類. 巻之53: 菜部蓏菜類. 巻之54: 菜部水菜類. 巻之55-60: 菜部芝栭類. 巻之61-62: 果部五果類. 巻之63-66: 果部山果類. 巻之67-69: 果部夷果類. 巻之70: 果部味類|補写: 67(巻之39): 果部蓏類. 68-69(巻之40-41): 果部水果類. 70-71(巻之42-43): 香木類. 72(巻之44上): 香木類, 喬木類. 73-74(巻之44下-45): 喬木類. 75(巻之46): 喬木類, 灌木類. 76-78(巻之47-49): 灌木類. 79(巻之50上): 寓木類, 苞木類. 80(巻之50下): 苞木類, 雜木類, 服帛類, 器物類|おもに図版|彩色あり|原欠: 卷之1-4|印記: 「蜂須賀文庫」, 「男爵田中美津男氏寄贈 先代田中芳男男旧藏書 昭和七年」|虫損あり",,,A00:5911,岩崎 潅園,,80,,[書写者不明],[江戸後期],日本語,図書,,https://www.lib.u-tokyo.ac.jp/ja/library/contents/archives-top/reuse,http://tify.sub.uni-goettingen.de/demo.html?manifest=https://archdataset.dl.itc.u-tokyo.ac.jp/manifest/fffe13ca-9baa-8877-98d2-3ccbb8f21650.json,fffe13ca-9baa-8877-98d2-3ccbb8f21650,https://iiif.dl.itc.u-tokyo.ac.jp/repo/s/tanaka/,https://iiif.dl.itc.u-tokyo.ac.jp/repo/s/tanaka/document/fffe13ca-9baa-8877-98d2-3ccbb8f21650,https://iiif.dl.itc.u-tokyo.ac.jp/repo/files/medium/e50313a89fda318c6cd58a7d16308c5a986d1251.jpg,https://iiif.dl.itc.u-tokyo.ac.jp/repo/api/items/1300500,"東京大学総合図書館 General Library, The University of Tokyo, JAPAN",http://iiif.io/api/presentation/2#rightToLeftDirection,,田中芳男・博物学コレクション,0330,,https://iiif.dl.itc.u-tokyo.ac.jp/repo/iiif/fffe13ca-9baa-8877-98d2-3ccbb8f21650/manifest,,,,,41
本草圖譜 (存78巻) [68],ホンゾウ ズフ,,,"写本|序首の書名: 夲草圖譜|巻之15-34の題簽書名: 本草啚譜|序末に「文政戊子冬至日灌園岩崎﨑常正」とあり|卷之8の巻末に「棔齊 岡田清福摸冩」とあり|巻之24-29, 35-38の版心下部に「灌園閣藏」とあり|巻之65-70の内題下に校者名あり|卷之5-8: 山草類. 巻之9-12: 芳草類. 巻之13-20: 濕草類. 巻之21-24: 毒草類. 巻之25-32: 蔓草類. 巻之33-34: 水草類. 巻之35-37: 石草類. 巻之38: 苔類. 巻之39: 雜草. 巻之40-42: 穀部. 巻之43: 菽豆類. 巻之44: 造醸類. 巻之45-47: 菜部葷菜類. 巻之48-52: 菜部柔滑類. 巻之53: 菜部蓏菜類. 巻之54: 菜部水菜類. 巻之55-60: 菜部芝栭類. 巻之61-62: 果部五果類. 巻之63-66: 果部山果類. 巻之67-69: 果部夷果類. 巻之70: 果部味類|補写: 67(巻之39): 果部蓏類. 68-69(巻之40-41): 果部水果類. 70-71(巻之42-43): 香木類. 72(巻之44上): 香木類, 喬木類. 73-74(巻之44下-45): 喬木類. 75(巻之46): 喬木類, 灌木類. 76-78(巻之47-49): 灌木類. 79(巻之50上): 寓木類, 苞木類. 80(巻之50下): 苞木類, 雜木類, 服帛類, 器物類|おもに図版|彩色あり|原欠: 卷之1-4|印記: 「蜂須賀文庫」, 「男爵田中美津男氏寄贈 先代田中芳男男旧藏書 昭和七年」|虫損あり",,,A00:5911,岩崎 潅園,,80,,[書写者不明],[江戸後期],日本語,図書,,https://www.lib.u-tokyo.ac.jp/ja/library/contents/archives-top/reuse,http://tify.sub.uni-goettingen.de/demo.html?manifest=https://archdataset.dl.itc.u-tokyo.ac.jp/manifest/cf15b6c7-744e-2bfc-a1be-243b05942976.json,cf15b6c7-744e-2bfc-a1be-243b05942976,https://iiif.dl.itc.u-tokyo.ac.jp/repo/s/tanaka/,https://iiif.dl.itc.u-tokyo.ac.jp/repo/s/tanaka/document/cf15b6c7-744e-2bfc-a1be-243b05942976,https://iiif.dl.itc.u-tokyo.ac.jp/repo/files/medium/0a4963bb5e3a9fa5909ebc149d1cfa20e95a96c9.jpg,https://iiif.dl.itc.u-tokyo.ac.jp/repo/api/items/1300499,"東京大学総合図書館 General Library, The University of Tokyo, JAPAN",http://iiif.io/api/presentation/2#rightToLeftDirection,,田中芳男・博物学コレクション,0331,,https://iiif.dl.itc.u-tokyo.ac.jp/repo/iiif/cf15b6c7-744e-2bfc-a1be-243b05942976/manifest,,,,,40
本草圖譜 (存78巻) [69],ホンゾウ ズフ,,,"写本|序首の書名: 夲草圖譜|巻之15-34の題簽書名: 本草啚譜|序末に「文政戊子冬至日灌園岩崎﨑常正」とあり|卷之8の巻末に「棔齊 岡田清福摸冩」とあり|巻之24-29, 35-38の版心下部に「灌園閣藏」とあり|巻之65-70の内題下に校者名あり|卷之5-8: 山草類. 巻之9-12: 芳草類. 巻之13-20: 濕草類. 巻之21-24: 毒草類. 巻之25-32: 蔓草類. 巻之33-34: 水草類. 巻之35-37: 石草類. 巻之38: 苔類. 巻之39: 雜草. 巻之40-42: 穀部. 巻之43: 菽豆類. 巻之44: 造醸類. 巻之45-47: 菜部葷菜類. 巻之48-52: 菜部柔滑類. 巻之53: 菜部蓏菜類. 巻之54: 菜部水菜類. 巻之55-60: 菜部芝栭類. 巻之61-62: 果部五果類. 巻之63-66: 果部山果類. 巻之67-69: 果部夷果類. 巻之70: 果部味類|補写: 67(巻之39): 果部蓏類. 68-69(巻之40-41): 果部水果類. 70-71(巻之42-43): 香木類. 72(巻之44上): 香木類, 喬木類. 73-74(巻之44下-45): 喬木類. 75(巻之46): 喬木類, 灌木類. 76-78(巻之47-49): 灌木類. 79(巻之50上): 寓木類, 苞木類. 80(巻之50下): 苞木類, 雜木類, 服帛類, 器物類|おもに図版|彩色あり|原欠: 卷之1-4|印記: 「蜂須賀文庫」, 「男爵田中美津男氏寄贈 先代田中芳男男旧藏書 昭和七年」|虫損あり",,,A00:5911,岩崎 潅園,,80,,[書写者不明],[江戸後期],日本語,図書,,https://www.lib.u-tokyo.ac.jp/ja/library/contents/archives-top/reuse,http://tify.sub.uni-goettingen.de/demo.html?manifest=https://archdataset.dl.itc.u-tokyo.ac.jp/manifest/aa68a5cb-978d-2978-7173-8d1a23636a9b.json,aa68a5cb-978d-2978-7173-8d1a23636a9b,https://iiif.dl.itc.u-tokyo.ac.jp/repo/s/tanaka/,https://iiif.dl.itc.u-tokyo.ac.jp/repo/s/tanaka/document/aa68a5cb-978d-2978-7173-8d1a23636a9b,https://iiif.dl.itc.u-tokyo.ac.jp/repo/files/medium/d238ad9fd7b9075819aafb3dfe1888264639afa3.jpg,https://iiif.dl.itc.u-tokyo.ac.jp/repo/api/items/1300498,"東京大学総合図書館 General Library, The University of Tokyo, JAPAN",http://iiif.io/api/presentation/2#rightToLeftDirection,,田中芳男・博物学コレクション,0332,,https://iiif.dl.itc.u-tokyo.ac.jp/repo/iiif/aa68a5cb-978d-2978-7173-8d1a23636a9b/manifest,,,,,41
本草圖譜 (存78巻) [70],ホンゾウ ズフ,,,"写本|序首の書名: 夲草圖譜|巻之15-34の題簽書名: 本草啚譜|序末に「文政戊子冬至日灌園岩崎﨑常正」とあり|卷之8の巻末に「棔齊 岡田清福摸冩」とあり|巻之24-29, 35-38の版心下部に「灌園閣藏」とあり|巻之65-70の内題下に校者名あり|卷之5-8: 山草類. 巻之9-12: 芳草類. 巻之13-20: 濕草類. 巻之21-24: 毒草類. 巻之25-32: 蔓草類. 巻之33-34: 水草類. 巻之35-37: 石草類. 巻之38: 苔類. 巻之39: 雜草. 巻之40-42: 穀部. 巻之43: 菽豆類. 巻之44: 造醸類. 巻之45-47: 菜部葷菜類. 巻之48-52: 菜部柔滑類. 巻之53: 菜部蓏菜類. 巻之54: 菜部水菜類. 巻之55-60: 菜部芝栭類. 巻之61-62: 果部五果類. 巻之63-66: 果部山果類. 巻之67-69: 果部夷果類. 巻之70: 果部味類|補写: 67(巻之39): 果部蓏類. 68-69(巻之40-41): 果部水果類. 70-71(巻之42-43): 香木類. 72(巻之44上): 香木類, 喬木類. 73-74(巻之44下-45): 喬木類. 75(巻之46): 喬木類, 灌木類. 76-78(巻之47-49): 灌木類. 79(巻之50上): 寓木類, 苞木類. 80(巻之50下): 苞木類, 雜木類, 服帛類, 器物類|おもに図版|彩色あり|原欠: 卷之1-4|印記: 「蜂須賀文庫」, 「男爵田中美津男氏寄贈 先代田中芳男男旧藏書 昭和七年」|虫損あり",,,A00:5911,岩崎 潅園,,80,,[書写者不明],[江戸後期],日本語,図書,,https://www.lib.u-tokyo.ac.jp/ja/library/contents/archives-top/reuse,http://tify.sub.uni-goettingen.de/demo.html?manifest=https://archdataset.dl.itc.u-tokyo.ac.jp/manifest/168bd394-9120-8daf-a5e1-e94e6ceba24c.json,168bd394-9120-8daf-a5e1-e94e6ceba24c,https://iiif.dl.itc.u-tokyo.ac.jp/repo/s/tanaka/,https://iiif.dl.itc.u-tokyo.ac.jp/repo/s/tanaka/document/168bd394-9120-8daf-a5e1-e94e6ceba24c,https://iiif.dl.itc.u-tokyo.ac.jp/repo/files/medium/4349b4d21f28d0fc28fc6d88b3370aab452ec476.jpg,https://iiif.dl.itc.u-tokyo.ac.jp/repo/api/items/1300497,"東京大学総合図書館 General Library, The University of Tokyo, JAPAN",http://iiif.io/api/presentation/2#rightToLeftDirection,,田中芳男・博物学コレクション,0333,,https://iiif.dl.itc.u-tokyo.ac.jp/repo/iiif/168bd394-9120-8daf-a5e1-e94e6ceba24c/manifest,,,,,45
本草圖譜 (存78巻) [71],ホンゾウ ズフ,,,"写本|序首の書名: 夲草圖譜|巻之15-34の題簽書名: 本草啚譜|序末に「文政戊子冬至日灌園岩崎﨑常正」とあり|卷之8の巻末に「棔齊 岡田清福摸冩」とあり|巻之24-29, 35-38の版心下部に「灌園閣藏」とあり|巻之65-70の内題下に校者名あり|卷之5-8: 山草類. 巻之9-12: 芳草類. 巻之13-20: 濕草類. 巻之21-24: 毒草類. 巻之25-32: 蔓草類. 巻之33-34: 水草類. 巻之35-37: 石草類. 巻之38: 苔類. 巻之39: 雜草. 巻之40-42: 穀部. 巻之43: 菽豆類. 巻之44: 造醸類. 巻之45-47: 菜部葷菜類. 巻之48-52: 菜部柔滑類. 巻之53: 菜部蓏菜類. 巻之54: 菜部水菜類. 巻之55-60: 菜部芝栭類. 巻之61-62: 果部五果類. 巻之63-66: 果部山果類. 巻之67-69: 果部夷果類. 巻之70: 果部味類|補写: 67(巻之39): 果部蓏類. 68-69(巻之40-41): 果部水果類. 70-71(巻之42-43): 香木類. 72(巻之44上): 香木類, 喬木類. 73-74(巻之44下-45): 喬木類. 75(巻之46): 喬木類, 灌木類. 76-78(巻之47-49): 灌木類. 79(巻之50上): 寓木類, 苞木類. 80(巻之50下): 苞木類, 雜木類, 服帛類, 器物類|おもに図版|彩色あり|原欠: 卷之1-4|印記: 「蜂須賀文庫」, 「男爵田中美津男氏寄贈 先代田中芳男男旧藏書 昭和七年」|虫損あり",,,A00:5911,岩崎 潅園,,80,,[書写者不明],[江戸後期],日本語,図書,,https://www.lib.u-tokyo.ac.jp/ja/library/contents/archives-top/reuse,http://tify.sub.uni-goettingen.de/demo.html?manifest=https://archdataset.dl.itc.u-tokyo.ac.jp/manifest/de93ebd2-7be2-25b7-55c6-a77c041c5c9f.json,de93ebd2-7be2-25b7-55c6-a77c041c5c9f,https://iiif.dl.itc.u-tokyo.ac.jp/repo/s/tanaka/,https://iiif.dl.itc.u-tokyo.ac.jp/repo/s/tanaka/document/de93ebd2-7be2-25b7-55c6-a77c041c5c9f,https://iiif.dl.itc.u-tokyo.ac.jp/repo/files/medium/4b73db100d00174ec56ab16908e593838b6820b1.jpg,https://iiif.dl.itc.u-tokyo.ac.jp/repo/api/items/1300496,"東京大学総合図書館 General Library, The University of Tokyo, JAPAN",http://iiif.io/api/presentation/2#rightToLeftDirection,,田中芳男・博物学コレクション,0334,,https://iiif.dl.itc.u-tokyo.ac.jp/repo/iiif/de93ebd2-7be2-25b7-55c6-a77c041c5c9f/manifest,,,,,54
本草圖譜 (存78巻) [72],ホンゾウ ズフ,,,"写本|序首の書名: 夲草圖譜|巻之15-34の題簽書名: 本草啚譜|序末に「文政戊子冬至日灌園岩崎﨑常正」とあり|卷之8の巻末に「棔齊 岡田清福摸冩」とあり|巻之24-29, 35-38の版心下部に「灌園閣藏」とあり|巻之65-70の内題下に校者名あり|卷之5-8: 山草類. 巻之9-12: 芳草類. 巻之13-20: 濕草類. 巻之21-24: 毒草類. 巻之25-32: 蔓草類. 巻之33-34: 水草類. 巻之35-37: 石草類. 巻之38: 苔類. 巻之39: 雜草. 巻之40-42: 穀部. 巻之43: 菽豆類. 巻之44: 造醸類. 巻之45-47: 菜部葷菜類. 巻之48-52: 菜部柔滑類. 巻之53: 菜部蓏菜類. 巻之54: 菜部水菜類. 巻之55-60: 菜部芝栭類. 巻之61-62: 果部五果類. 巻之63-66: 果部山果類. 巻之67-69: 果部夷果類. 巻之70: 果部味類|補写: 67(巻之39): 果部蓏類. 68-69(巻之40-41): 果部水果類. 70-71(巻之42-43): 香木類. 72(巻之44上): 香木類, 喬木類. 73-74(巻之44下-45): 喬木類. 75(巻之46): 喬木類, 灌木類. 76-78(巻之47-49): 灌木類. 79(巻之50上): 寓木類, 苞木類. 80(巻之50下): 苞木類, 雜木類, 服帛類, 器物類|おもに図版|彩色あり|原欠: 卷之1-4|印記: 「蜂須賀文庫」, 「男爵田中美津男氏寄贈 先代田中芳男男旧藏書 昭和七年」|虫損あり",,,A00:5911,岩崎 潅園,,80,,[書写者不明],[江戸後期],日本語,図書,,https://www.lib.u-tokyo.ac.jp/ja/library/contents/archives-top/reuse,http://tify.sub.uni-goettingen.de/demo.html?manifest=https://archdataset.dl.itc.u-tokyo.ac.jp/manifest/0de54dcd-23dc-94d1-1bac-3d30aff27413.json,0de54dcd-23dc-94d1-1bac-3d30aff27413,https://iiif.dl.itc.u-tokyo.ac.jp/repo/s/tanaka/,https://iiif.dl.itc.u-tokyo.ac.jp/repo/s/tanaka/document/0de54dcd-23dc-94d1-1bac-3d30aff27413,https://iiif.dl.itc.u-tokyo.ac.jp/repo/files/medium/0cd71c2b943fad6b1f835f25e3ba01405703e124.jpg,https://iiif.dl.itc.u-tokyo.ac.jp/repo/api/items/1300495,"東京大学総合図書館 General Library, The University of Tokyo, JAPAN",http://iiif.io/api/presentation/2#rightToLeftDirection,,田中芳男・博物学コレクション,0335,,https://iiif.dl.itc.u-tokyo.ac.jp/repo/iiif/0de54dcd-23dc-94d1-1bac-3d30aff27413/manifest,,,,,37
本草圖譜 (存78巻) [73],ホンゾウ ズフ,,,"写本|序首の書名: 夲草圖譜|巻之15-34の題簽書名: 本草啚譜|序末に「文政戊子冬至日灌園岩崎﨑常正」とあり|卷之8の巻末に「棔齊 岡田清福摸冩」とあり|巻之24-29, 35-38の版心下部に「灌園閣藏」とあり|巻之65-70の内題下に校者名あり|卷之5-8: 山草類. 巻之9-12: 芳草類. 巻之13-20: 濕草類. 巻之21-24: 毒草類. 巻之25-32: 蔓草類. 巻之33-34: 水草類. 巻之35-37: 石草類. 巻之38: 苔類. 巻之39: 雜草. 巻之40-42: 穀部. 巻之43: 菽豆類. 巻之44: 造醸類. 巻之45-47: 菜部葷菜類. 巻之48-52: 菜部柔滑類. 巻之53: 菜部蓏菜類. 巻之54: 菜部水菜類. 巻之55-60: 菜部芝栭類. 巻之61-62: 果部五果類. 巻之63-66: 果部山果類. 巻之67-69: 果部夷果類. 巻之70: 果部味類|補写: 67(巻之39): 果部蓏類. 68-69(巻之40-41): 果部水果類. 70-71(巻之42-43): 香木類. 72(巻之44上): 香木類, 喬木類. 73-74(巻之44下-45): 喬木類. 75(巻之46): 喬木類, 灌木類. 76-78(巻之47-49): 灌木類. 79(巻之50上): 寓木類, 苞木類. 80(巻之50下): 苞木類, 雜木類, 服帛類, 器物類|おもに図版|彩色あり|原欠: 卷之1-4|印記: 「蜂須賀文庫」, 「男爵田中美津男氏寄贈 先代田中芳男男旧藏書 昭和七年」|虫損あり",,,A00:5911,岩崎 潅園,,80,,[書写者不明],[江戸後期],日本語,図書,,https://www.lib.u-tokyo.ac.jp/ja/library/contents/archives-top/reuse,http://tify.sub.uni-goettingen.de/demo.html?manifest=https://archdataset.dl.itc.u-tokyo.ac.jp/manifest/52975c71-3622-37fc-6105-ab140b9b17d2.json,52975c71-3622-37fc-6105-ab140b9b17d2,https://iiif.dl.itc.u-tokyo.ac.jp/repo/s/tanaka/,https://iiif.dl.itc.u-tokyo.ac.jp/repo/s/tanaka/document/52975c71-3622-37fc-6105-ab140b9b17d2,https://iiif.dl.itc.u-tokyo.ac.jp/repo/files/medium/090b58efa01ed0e7f772d6a6fe6c46ed6649a9fc.jpg,https://iiif.dl.itc.u-tokyo.ac.jp/repo/api/items/1300494,"東京大学総合図書館 General Library, The University of Tokyo, JAPAN",http://iiif.io/api/presentation/2#rightToLeftDirection,,田中芳男・博物学コレクション,0336,,https://iiif.dl.itc.u-tokyo.ac.jp/repo/iiif/52975c71-3622-37fc-6105-ab140b9b17d2/manifest,,,,,29
本草圖譜 (存78巻) [74],ホンゾウ ズフ,,,"写本|序首の書名: 夲草圖譜|巻之15-34の題簽書名: 本草啚譜|序末に「文政戊子冬至日灌園岩崎﨑常正」とあり|卷之8の巻末に「棔齊 岡田清福摸冩」とあり|巻之24-29, 35-38の版心下部に「灌園閣藏」とあり|巻之65-70の内題下に校者名あり|卷之5-8: 山草類. 巻之9-12: 芳草類. 巻之13-20: 濕草類. 巻之21-24: 毒草類. 巻之25-32: 蔓草類. 巻之33-34: 水草類. 巻之35-37: 石草類. 巻之38: 苔類. 巻之39: 雜草. 巻之40-42: 穀部. 巻之43: 菽豆類. 巻之44: 造醸類. 巻之45-47: 菜部葷菜類. 巻之48-52: 菜部柔滑類. 巻之53: 菜部蓏菜類. 巻之54: 菜部水菜類. 巻之55-60: 菜部芝栭類. 巻之61-62: 果部五果類. 巻之63-66: 果部山果類. 巻之67-69: 果部夷果類. 巻之70: 果部味類|補写: 67(巻之39): 果部蓏類. 68-69(巻之40-41): 果部水果類. 70-71(巻之42-43): 香木類. 72(巻之44上): 香木類, 喬木類. 73-74(巻之44下-45): 喬木類. 75(巻之46): 喬木類, 灌木類. 76-78(巻之47-49): 灌木類. 79(巻之50上): 寓木類, 苞木類. 80(巻之50下): 苞木類, 雜木類, 服帛類, 器物類|おもに図版|彩色あり|原欠: 卷之1-4|印記: 「蜂須賀文庫」, 「男爵田中美津男氏寄贈 先代田中芳男男旧藏書 昭和七年」|虫損あり",,,A00:5911,岩崎 潅園,,80,,[書写者不明],[江戸後期],日本語,図書,,https://www.lib.u-tokyo.ac.jp/ja/library/contents/archives-top/reuse,http://tify.sub.uni-goettingen.de/demo.html?manifest=https://archdataset.dl.itc.u-tokyo.ac.jp/manifest/9271d9c7-0f6c-4ec2-28d3-e2131b030811.json,9271d9c7-0f6c-4ec2-28d3-e2131b030811,https://iiif.dl.itc.u-tokyo.ac.jp/repo/s/tanaka/,https://iiif.dl.itc.u-tokyo.ac.jp/repo/s/tanaka/document/9271d9c7-0f6c-4ec2-28d3-e2131b030811,https://iiif.dl.itc.u-tokyo.ac.jp/repo/files/medium/75708dddbfb7637dbcf32d86c0ddb26cb6dced54.jpg,https://iiif.dl.itc.u-tokyo.ac.jp/repo/api/items/1300493,"東京大学総合図書館 General Library, The University of Tokyo, JAPAN",http://iiif.io/api/presentation/2#rightToLeftDirection,,田中芳男・博物学コレクション,0337,,https://iiif.dl.itc.u-tokyo.ac.jp/repo/iiif/9271d9c7-0f6c-4ec2-28d3-e2131b030811/manifest,,,,,57
本草圖譜 (存78巻) [75],ホンゾウ ズフ,,,"写本|序首の書名: 夲草圖譜|巻之15-34の題簽書名: 本草啚譜|序末に「文政戊子冬至日灌園岩崎﨑常正」とあり|卷之8の巻末に「棔齊 岡田清福摸冩」とあり|巻之24-29, 35-38の版心下部に「灌園閣藏」とあり|巻之65-70の内題下に校者名あり|卷之5-8: 山草類. 巻之9-12: 芳草類. 巻之13-20: 濕草類. 巻之21-24: 毒草類. 巻之25-32: 蔓草類. 巻之33-34: 水草類. 巻之35-37: 石草類. 巻之38: 苔類. 巻之39: 雜草. 巻之40-42: 穀部. 巻之43: 菽豆類. 巻之44: 造醸類. 巻之45-47: 菜部葷菜類. 巻之48-52: 菜部柔滑類. 巻之53: 菜部蓏菜類. 巻之54: 菜部水菜類. 巻之55-60: 菜部芝栭類. 巻之61-62: 果部五果類. 巻之63-66: 果部山果類. 巻之67-69: 果部夷果類. 巻之70: 果部味類|補写: 67(巻之39): 果部蓏類. 68-69(巻之40-41): 果部水果類. 70-71(巻之42-43): 香木類. 72(巻之44上): 香木類, 喬木類. 73-74(巻之44下-45): 喬木類. 75(巻之46): 喬木類, 灌木類. 76-78(巻之47-49): 灌木類. 79(巻之50上): 寓木類, 苞木類. 80(巻之50下): 苞木類, 雜木類, 服帛類, 器物類|おもに図版|彩色あり|原欠: 卷之1-4|印記: 「蜂須賀文庫」, 「男爵田中美津男氏寄贈 先代田中芳男男旧藏書 昭和七年」|虫損あり",,,A00:5911,岩崎 潅園,,80,,[書写者不明],[江戸後期],日本語,図書,,https://www.lib.u-tokyo.ac.jp/ja/library/contents/archives-top/reuse,http://tify.sub.uni-goettingen.de/demo.html?manifest=https://archdataset.dl.itc.u-tokyo.ac.jp/manifest/c3fe4a37-7185-569e-55d5-7ec3ad87a411.json,c3fe4a37-7185-569e-55d5-7ec3ad87a411,https://iiif.dl.itc.u-tokyo.ac.jp/repo/s/tanaka/,https://iiif.dl.itc.u-tokyo.ac.jp/repo/s/tanaka/document/c3fe4a37-7185-569e-55d5-7ec3ad87a411,https://iiif.dl.itc.u-tokyo.ac.jp/repo/files/medium/c8ea862b51754955c873bffa72956d19f09c612e.jpg,https://iiif.dl.itc.u-tokyo.ac.jp/repo/api/items/1300492,"東京大学総合図書館 General Library, The University of Tokyo, JAPAN",http://iiif.io/api/presentation/2#rightToLeftDirection,,田中芳男・博物学コレクション,0338,,https://iiif.dl.itc.u-tokyo.ac.jp/repo/iiif/c3fe4a37-7185-569e-55d5-7ec3ad87a411/manifest,,,,,47
本草圖譜 (存78巻) [76],ホンゾウ ズフ,,,"写本|序首の書名: 夲草圖譜|巻之15-34の題簽書名: 本草啚譜|序末に「文政戊子冬至日灌園岩崎﨑常正」とあり|卷之8の巻末に「棔齊 岡田清福摸冩」とあり|巻之24-29, 35-38の版心下部に「灌園閣藏」とあり|巻之65-70の内題下に校者名あり|卷之5-8: 山草類. 巻之9-12: 芳草類. 巻之13-20: 濕草類. 巻之21-24: 毒草類. 巻之25-32: 蔓草類. 巻之33-34: 水草類. 巻之35-37: 石草類. 巻之38: 苔類. 巻之39: 雜草. 巻之40-42: 穀部. 巻之43: 菽豆類. 巻之44: 造醸類. 巻之45-47: 菜部葷菜類. 巻之48-52: 菜部柔滑類. 巻之53: 菜部蓏菜類. 巻之54: 菜部水菜類. 巻之55-60: 菜部芝栭類. 巻之61-62: 果部五果類. 巻之63-66: 果部山果類. 巻之67-69: 果部夷果類. 巻之70: 果部味類|補写: 67(巻之39): 果部蓏類. 68-69(巻之40-41): 果部水果類. 70-71(巻之42-43): 香木類. 72(巻之44上): 香木類, 喬木類. 73-74(巻之44下-45): 喬木類. 75(巻之46): 喬木類, 灌木類. 76-78(巻之47-49): 灌木類. 79(巻之50上): 寓木類, 苞木類. 80(巻之50下): 苞木類, 雜木類, 服帛類, 器物類|おもに図版|彩色あり|原欠: 卷之1-4|印記: 「蜂須賀文庫」, 「男爵田中美津男氏寄贈 先代田中芳男男旧藏書 昭和七年」|虫損あり",,,A00:5911,岩崎 潅園,,80,,[書写者不明],[江戸後期],日本語,図書,,https://www.lib.u-tokyo.ac.jp/ja/library/contents/archives-top/reuse,http://tify.sub.uni-goettingen.de/demo.html?manifest=https://archdataset.dl.itc.u-tokyo.ac.jp/manifest/775b6b10-83cc-5305-7f17-4f17a73622c6.json,775b6b10-83cc-5305-7f17-4f17a73622c6,https://iiif.dl.itc.u-tokyo.ac.jp/repo/s/tanaka/,https://iiif.dl.itc.u-tokyo.ac.jp/repo/s/tanaka/document/775b6b10-83cc-5305-7f17-4f17a73622c6,https://iiif.dl.itc.u-tokyo.ac.jp/repo/files/medium/040c1847bde4b7de7ba6773f56927ed85f937fe3.jpg,https://iiif.dl.itc.u-tokyo.ac.jp/repo/api/items/1300491,"東京大学総合図書館 General Library, The University of Tokyo, JAPAN",http://iiif.io/api/presentation/2#rightToLeftDirection,,田中芳男・博物学コレクション,0339,,https://iiif.dl.itc.u-tokyo.ac.jp/repo/iiif/775b6b10-83cc-5305-7f17-4f17a73622c6/manifest,,,,,57
本草圖譜 (存78巻) [77],ホンゾウ ズフ,,,"写本|序首の書名: 夲草圖譜|巻之15-34の題簽書名: 本草啚譜|序末に「文政戊子冬至日灌園岩崎﨑常正」とあり|卷之8の巻末に「棔齊 岡田清福摸冩」とあり|巻之24-29, 35-38の版心下部に「灌園閣藏」とあり|巻之65-70の内題下に校者名あり|卷之5-8: 山草類. 巻之9-12: 芳草類. 巻之13-20: 濕草類. 巻之21-24: 毒草類. 巻之25-32: 蔓草類. 巻之33-34: 水草類. 巻之35-37: 石草類. 巻之38: 苔類. 巻之39: 雜草. 巻之40-42: 穀部. 巻之43: 菽豆類. 巻之44: 造醸類. 巻之45-47: 菜部葷菜類. 巻之48-52: 菜部柔滑類. 巻之53: 菜部蓏菜類. 巻之54: 菜部水菜類. 巻之55-60: 菜部芝栭類. 巻之61-62: 果部五果類. 巻之63-66: 果部山果類. 巻之67-69: 果部夷果類. 巻之70: 果部味類|補写: 67(巻之39): 果部蓏類. 68-69(巻之40-41): 果部水果類. 70-71(巻之42-43): 香木類. 72(巻之44上): 香木類, 喬木類. 73-74(巻之44下-45): 喬木類. 75(巻之46): 喬木類, 灌木類. 76-78(巻之47-49): 灌木類. 79(巻之50上): 寓木類, 苞木類. 80(巻之50下): 苞木類, 雜木類, 服帛類, 器物類|おもに図版|彩色あり|原欠: 卷之1-4|印記: 「蜂須賀文庫」, 「男爵田中美津男氏寄贈 先代田中芳男男旧藏書 昭和七年」|虫損あり",,,A00:5911,岩崎 潅園,,80,,[書写者不明],[江戸後期],日本語,図書,,https://www.lib.u-tokyo.ac.jp/ja/library/contents/archives-top/reuse,http://tify.sub.uni-goettingen.de/demo.html?manifest=https://archdataset.dl.itc.u-tokyo.ac.jp/manifest/19f15c44-52a4-35b1-16db-f4d170035718.json,19f15c44-52a4-35b1-16db-f4d170035718,https://iiif.dl.itc.u-tokyo.ac.jp/repo/s/tanaka/,https://iiif.dl.itc.u-tokyo.ac.jp/repo/s/tanaka/document/19f15c44-52a4-35b1-16db-f4d170035718,https://iiif.dl.itc.u-tokyo.ac.jp/repo/files/medium/d2166fd84fc775a526ff7f6f947038c3b648e309.jpg,https://iiif.dl.itc.u-tokyo.ac.jp/repo/api/items/1300490,"東京大学総合図書館 General Library, The University of Tokyo, JAPAN",http://iiif.io/api/presentation/2#rightToLeftDirection,,田中芳男・博物学コレクション,0340,,https://iiif.dl.itc.u-tokyo.ac.jp/repo/iiif/19f15c44-52a4-35b1-16db-f4d170035718/manifest,,,,,48
本草圖譜 (存78巻) [78],ホンゾウ ズフ,,,"写本|序首の書名: 夲草圖譜|巻之15-34の題簽書名: 本草啚譜|序末に「文政戊子冬至日灌園岩崎﨑常正」とあり|卷之8の巻末に「棔齊 岡田清福摸冩」とあり|巻之24-29, 35-38の版心下部に「灌園閣藏」とあり|巻之65-70の内題下に校者名あり|卷之5-8: 山草類. 巻之9-12: 芳草類. 巻之13-20: 濕草類. 巻之21-24: 毒草類. 巻之25-32: 蔓草類. 巻之33-34: 水草類. 巻之35-37: 石草類. 巻之38: 苔類. 巻之39: 雜草. 巻之40-42: 穀部. 巻之43: 菽豆類. 巻之44: 造醸類. 巻之45-47: 菜部葷菜類. 巻之48-52: 菜部柔滑類. 巻之53: 菜部蓏菜類. 巻之54: 菜部水菜類. 巻之55-60: 菜部芝栭類. 巻之61-62: 果部五果類. 巻之63-66: 果部山果類. 巻之67-69: 果部夷果類. 巻之70: 果部味類|補写: 67(巻之39): 果部蓏類. 68-69(巻之40-41): 果部水果類. 70-71(巻之42-43): 香木類. 72(巻之44上): 香木類, 喬木類. 73-74(巻之44下-45): 喬木類. 75(巻之46): 喬木類, 灌木類. 76-78(巻之47-49): 灌木類. 79(巻之50上): 寓木類, 苞木類. 80(巻之50下): 苞木類, 雜木類, 服帛類, 器物類|おもに図版|彩色あり|原欠: 卷之1-4|印記: 「蜂須賀文庫」, 「男爵田中美津男氏寄贈 先代田中芳男男旧藏書 昭和七年」|虫損あり",,,A00:5911,岩崎 潅園,,80,,[書写者不明],[江戸後期],日本語,図書,,https://www.lib.u-tokyo.ac.jp/ja/library/contents/archives-top/reuse,http://tify.sub.uni-goettingen.de/demo.html?manifest=https://archdataset.dl.itc.u-tokyo.ac.jp/manifest/8cf98c26-6248-2b74-3d39-5e2db4f57854.json,8cf98c26-6248-2b74-3d39-5e2db4f57854,https://iiif.dl.itc.u-tokyo.ac.jp/repo/s/tanaka/,https://iiif.dl.itc.u-tokyo.ac.jp/repo/s/tanaka/document/8cf98c26-6248-2b74-3d39-5e2db4f57854,https://iiif.dl.itc.u-tokyo.ac.jp/repo/files/medium/6c2493e069f6fe96eea37ba300fafa2edfd0d4f3.jpg,https://iiif.dl.itc.u-tokyo.ac.jp/repo/api/items/1300489,"東京大学総合図書館 General Library, The University of Tokyo, JAPAN",http://iiif.io/api/presentation/2#rightToLeftDirection,,田中芳男・博物学コレクション,0341,,https://iiif.dl.itc.u-tokyo.ac.jp/repo/iiif/8cf98c26-6248-2b74-3d39-5e2db4f57854/manifest,,,,,58
本草圖譜 (存78巻) [79],ホンゾウ ズフ,,,"写本|序首の書名: 夲草圖譜|巻之15-34の題簽書名: 本草啚譜|序末に「文政戊子冬至日灌園岩崎﨑常正」とあり|卷之8の巻末に「棔齊 岡田清福摸冩」とあり|巻之24-29, 35-38の版心下部に「灌園閣藏」とあり|巻之65-70の内題下に校者名あり|卷之5-8: 山草類. 巻之9-12: 芳草類. 巻之13-20: 濕草類. 巻之21-24: 毒草類. 巻之25-32: 蔓草類. 巻之33-34: 水草類. 巻之35-37: 石草類. 巻之38: 苔類. 巻之39: 雜草. 巻之40-42: 穀部. 巻之43: 菽豆類. 巻之44: 造醸類. 巻之45-47: 菜部葷菜類. 巻之48-52: 菜部柔滑類. 巻之53: 菜部蓏菜類. 巻之54: 菜部水菜類. 巻之55-60: 菜部芝栭類. 巻之61-62: 果部五果類. 巻之63-66: 果部山果類. 巻之67-69: 果部夷果類. 巻之70: 果部味類|補写: 67(巻之39): 果部蓏類. 68-69(巻之40-41): 果部水果類. 70-71(巻之42-43): 香木類. 72(巻之44上): 香木類, 喬木類. 73-74(巻之44下-45): 喬木類. 75(巻之46): 喬木類, 灌木類. 76-78(巻之47-49): 灌木類. 79(巻之50上): 寓木類, 苞木類. 80(巻之50下): 苞木類, 雜木類, 服帛類, 器物類|おもに図版|彩色あり|原欠: 卷之1-4|印記: 「蜂須賀文庫」, 「男爵田中美津男氏寄贈 先代田中芳男男旧藏書 昭和七年」|虫損あり",,,A00:5911,岩崎 潅園,,80,,[書写者不明],[江戸後期],日本語,図書,,https://www.lib.u-tokyo.ac.jp/ja/library/contents/archives-top/reuse,http://tify.sub.uni-goettingen.de/demo.html?manifest=https://archdataset.dl.itc.u-tokyo.ac.jp/manifest/c60034fe-5e8f-7d92-10d6-3a218f6832e3.json,c60034fe-5e8f-7d92-10d6-3a218f6832e3,https://iiif.dl.itc.u-tokyo.ac.jp/repo/s/tanaka/,https://iiif.dl.itc.u-tokyo.ac.jp/repo/s/tanaka/document/c60034fe-5e8f-7d92-10d6-3a218f6832e3,https://iiif.dl.itc.u-tokyo.ac.jp/repo/files/medium/42e4fa517074e4999b1968fd7875decf697e9273.jpg,https://iiif.dl.itc.u-tokyo.ac.jp/repo/api/items/1300488,"東京大学総合図書館 General Library, The University of Tokyo, JAPAN",http://iiif.io/api/presentation/2#rightToLeftDirection,,田中芳男・博物学コレクション,0342,,https://iiif.dl.itc.u-tokyo.ac.jp/repo/iiif/c60034fe-5e8f-7d92-10d6-3a218f6832e3/manifest,,,,,48
本草圖譜 (存78巻) [80],ホンゾウ ズフ,,,"写本|書名は目首による|帙題簽の書名: 南海包譜及附録|小口書: 包譜, 包譜附録|帙題簽の書名: 草木寫生圖并諸説|序末に「文政元年嵗次戊寅冬十一月 紀藩侍醫兼醫學提挙司近藤好道子達撰」とあり(落款朱印あり)|四周双辺有界8行2段罫紙を使用|頭注あり|朱筆書き入れあり|印記: 「刀圭餘事」, 「子達氏」, 「好道之印」(近藤好道),  「男爵田中美津男氏寄贈先代田中芳男男旧藏書/昭和七年」|虫損あり",,,A00:5911,岩崎 潅園,,80,,[書写者不明],[江戸後期],日本語,図書,,https://www.lib.u-tokyo.ac.jp/ja/library/contents/archives-top/reuse,http://tify.sub.uni-goettingen.de/demo.html?manifest=https://archdataset.dl.itc.u-tokyo.ac.jp/manifest/ad86b75c-09ba-385d-98ba-38f9687a8965.json,ad86b75c-09ba-385d-98ba-38f9687a8965,https://iiif.dl.itc.u-tokyo.ac.jp/repo/s/tanaka/,https://iiif.dl.itc.u-tokyo.ac.jp/repo/s/tanaka/document/ad86b75c-09ba-385d-98ba-38f9687a8965,https://iiif.dl.itc.u-tokyo.ac.jp/repo/files/medium/79ecc4576cc01580fffd4851cae3b37c1c348776.jpg,https://iiif.dl.itc.u-tokyo.ac.jp/repo/api/items/1300487,"東京大学総合図書館 General Library, The University of Tokyo, JAPAN",http://iiif.io/api/presentation/2#rightToLeftDirection,,田中芳男・博物学コレクション,0343,,https://iiif.dl.itc.u-tokyo.ac.jp/repo/iiif/ad86b75c-09ba-385d-98ba-38f9687a8965/manifest,,,,,40
南海包譜 3巻附録1巻 [1],ナンカイ ホウフ,,,"写本|書名は目首による|帙題簽の書名: 南海包譜及附録|小口書: 包譜, 包譜附録|帙題簽の書名: 草木寫生圖并諸説|序末に「文政元年嵗次戊寅冬十一月 紀藩侍醫兼醫學提挙司近藤好道子達撰」とあり(落款朱印あり)|四周双辺有界8行2段罫紙を使用|頭注あり|朱筆書き入れあり|印記: 「刀圭餘事」, 「子達氏」, 「好道之印」(近藤好道),  「男爵田中美津男氏寄贈先代田中芳男男旧藏書/昭和七年」|虫損あり",,,A00:5912,村瀬 敬之,,2,,[近藤好道] [写],文政元 [1818] 序,日本語,図書,,https://www.lib.u-tokyo.ac.jp/ja/library/contents/archives-top/reuse,http://tify.sub.uni-goettingen.de/demo.html?manifest=https://archdataset.dl.itc.u-tokyo.ac.jp/manifest/12f5352c-6eba-78fb-6dab-383bbbff7a74.json,12f5352c-6eba-78fb-6dab-383bbbff7a74,https://iiif.dl.itc.u-tokyo.ac.jp/repo/s/tanaka/,https://iiif.dl.itc.u-tokyo.ac.jp/repo/s/tanaka/document/12f5352c-6eba-78fb-6dab-383bbbff7a74,https://iiif.dl.itc.u-tokyo.ac.jp/repo/files/medium/ff46d90d22b2522b9c3404393e328f8c7d144378.jpg,https://iiif.dl.itc.u-tokyo.ac.jp/repo/api/items/1300486,"東京大学総合図書館 General Library, The University of Tokyo, JAPAN",http://iiif.io/api/presentation/2#rightToLeftDirection,,田中芳男・博物学コレクション,0344,,https://iiif.dl.itc.u-tokyo.ac.jp/repo/iiif/12f5352c-6eba-78fb-6dab-383bbbff7a74/manifest,,,,,60
南海包譜 3巻附録1巻 [2],ナンカイ ホウフ,,,"写本|書名及び巻冊次は題簽による|冒頭識語の書名: 雀巣菴植物印葉圖, 雀巣庵植物印葉啚|識語中の書名: 印葉図|識語末に「此印葉図ハ尾州ノ博物家嘗百社ノ一人ナル雀巣菴吉田平九郎氏ノ手澤遺業ニ係ル ... 伊藤圭介識/明治十九年九月九日」, 「此五冊ハ本年五月神波全庵氏ヨリ購求スル稿本ノ一ナリ是ハ故尾張ノ吉田雀巣庵翁ノ自ラ印スル所ニシテ木本類ヲ集ムルヘ凢三百アリ ... 明治十九年十二月六日東京本郷區金助町七十二番邸ノ東陽看書楼ニ於テ 田中芳男記」とあり|おもに図版|付箋あり|印記: 「神全」(神波全庵), 「明治十九年我齡八十四」(伊藤圭介), 「男爵田中美津男氏寄贈先代田中芳男男旧藏書/昭和七年」",,,A00:5912,村瀬 敬之,,2,,[近藤好道] [写],文政元 [1818] 序,日本語,図書,,https://www.lib.u-tokyo.ac.jp/ja/library/contents/archives-top/reuse,http://tify.sub.uni-goettingen.de/demo.html?manifest=https://archdataset.dl.itc.u-tokyo.ac.jp/manifest/22a4ee25-727a-5782-23cc-d5b894f84f28.json,22a4ee25-727a-5782-23cc-d5b894f84f28,https://iiif.dl.itc.u-tokyo.ac.jp/repo/s/tanaka/,https://iiif.dl.itc.u-tokyo.ac.jp/repo/s/tanaka/document/22a4ee25-727a-5782-23cc-d5b894f84f28,https://iiif.dl.itc.u-tokyo.ac.jp/repo/files/medium/622b12902c7004e720fccc1398f11e417a9f15bf.jpg,https://iiif.dl.itc.u-tokyo.ac.jp/repo/api/items/1300485,"東京大学総合図書館 General Library, The University of Tokyo, JAPAN",http://iiif.io/api/presentation/2#rightToLeftDirection,,田中芳男・博物学コレクション,0345,,https://iiif.dl.itc.u-tokyo.ac.jp/repo/iiif/22a4ee25-727a-5782-23cc-d5b894f84f28/manifest,,,,,35
雀巣庵植物印葉圖 [1],ジャクソウアン ショクブツ インヨウズ,,,"写本|書名及び巻冊次は題簽による|冒頭識語の書名: 雀巣菴植物印葉圖, 雀巣庵植物印葉啚|識語中の書名: 印葉図|識語末に「此印葉図ハ尾州ノ博物家嘗百社ノ一人ナル雀巣菴吉田平九郎氏ノ手澤遺業ニ係ル ... 伊藤圭介識/明治十九年九月九日」, 「此五冊ハ本年五月神波全庵氏ヨリ購求スル稿本ノ一ナリ是ハ故尾張ノ吉田雀巣庵翁ノ自ラ印スル所ニシテ木本類ヲ集ムルヘ凢三百アリ ... 明治十九年十二月六日東京本郷區金助町七十二番邸ノ東陽看書楼ニ於テ 田中芳男記」とあり|おもに図版|付箋あり|印記: 「神全」(神波全庵), 「明治十九年我齡八十四」(伊藤圭介), 「男爵田中美津男氏寄贈先代田中芳男男旧藏書/昭和七年」",,,A00:5913,吉田 高憲,,5,,吉田雀巣庵 : 田中芳男 [写],[江戸後期]-明治19 [1886] 識語,日本語,図書,,https://www.lib.u-tokyo.ac.jp/ja/library/contents/archives-top/reuse,http://tify.sub.uni-goettingen.de/demo.html?manifest=https://archdataset.dl.itc.u-tokyo.ac.jp/manifest/3dd252d8-78f7-0ce2-1527-e2674bac9751.json,3dd252d8-78f7-0ce2-1527-e2674bac9751,https://iiif.dl.itc.u-tokyo.ac.jp/repo/s/tanaka/,https://iiif.dl.itc.u-tokyo.ac.jp/repo/s/tanaka/document/3dd252d8-78f7-0ce2-1527-e2674bac9751,https://iiif.dl.itc.u-tokyo.ac.jp/repo/files/medium/56314590566d687387a48f3072d3ef7fa54d22ed.jpg,https://iiif.dl.itc.u-tokyo.ac.jp/repo/api/items/1300484,"東京大学総合図書館 General Library, The University of Tokyo, JAPAN",http://iiif.io/api/presentation/2#rightToLeftDirection,,田中芳男・博物学コレクション,0346,,https://iiif.dl.itc.u-tokyo.ac.jp/repo/iiif/3dd252d8-78f7-0ce2-1527-e2674bac9751/manifest,,,,,47
雀巣庵植物印葉圖 [2],ジャクソウアン ショクブツ インヨウズ,,,"写本|書名及び巻冊次は題簽による|冒頭識語の書名: 雀巣菴植物印葉圖, 雀巣庵植物印葉啚|識語中の書名: 印葉図|識語末に「此印葉図ハ尾州ノ博物家嘗百社ノ一人ナル雀巣菴吉田平九郎氏ノ手澤遺業ニ係ル ... 伊藤圭介識/明治十九年九月九日」, 「此五冊ハ本年五月神波全庵氏ヨリ購求スル稿本ノ一ナリ是ハ故尾張ノ吉田雀巣庵翁ノ自ラ印スル所ニシテ木本類ヲ集ムルヘ凢三百アリ ... 明治十九年十二月六日東京本郷區金助町七十二番邸ノ東陽看書楼ニ於テ 田中芳男記」とあり|おもに図版|付箋あり|印記: 「神全」(神波全庵), 「明治十九年我齡八十四」(伊藤圭介), 「男爵田中美津男氏寄贈先代田中芳男男旧藏書/昭和七年」",,,A00:5913,吉田 高憲,,5,,吉田雀巣庵 : 田中芳男 [写],[江戸後期]-明治19 [1886] 識語,日本語,図書,,https://www.lib.u-tokyo.ac.jp/ja/library/contents/archives-top/reuse,http://tify.sub.uni-goettingen.de/demo.html?manifest=https://archdataset.dl.itc.u-tokyo.ac.jp/manifest/3bee7570-6e35-512d-50cf-fef9c8cb0840.json,3bee7570-6e35-512d-50cf-fef9c8cb0840,https://iiif.dl.itc.u-tokyo.ac.jp/repo/s/tanaka/,https://iiif.dl.itc.u-tokyo.ac.jp/repo/s/tanaka/document/3bee7570-6e35-512d-50cf-fef9c8cb0840,https://iiif.dl.itc.u-tokyo.ac.jp/repo/files/medium/abd5fffdea5b2dcc4d7c8895f4d327e2d7e930cd.jpg,https://iiif.dl.itc.u-tokyo.ac.jp/repo/api/items/1300483,"東京大学総合図書館 General Library, The University of Tokyo, JAPAN",http://iiif.io/api/presentation/2#rightToLeftDirection,,田中芳男・博物学コレクション,0347,,https://iiif.dl.itc.u-tokyo.ac.jp/repo/iiif/3bee7570-6e35-512d-50cf-fef9c8cb0840/manifest,,,,,36
雀巣庵植物印葉圖 [3],ジャクソウアン ショクブツ インヨウズ,,,"写本|書名及び巻冊次は題簽による|冒頭識語の書名: 雀巣菴植物印葉圖, 雀巣庵植物印葉啚|識語中の書名: 印葉図|識語末に「此印葉図ハ尾州ノ博物家嘗百社ノ一人ナル雀巣菴吉田平九郎氏ノ手澤遺業ニ係ル ... 伊藤圭介識/明治十九年九月九日」, 「此五冊ハ本年五月神波全庵氏ヨリ購求スル稿本ノ一ナリ是ハ故尾張ノ吉田雀巣庵翁ノ自ラ印スル所ニシテ木本類ヲ集ムルヘ凢三百アリ ... 明治十九年十二月六日東京本郷區金助町七十二番邸ノ東陽看書楼ニ於テ 田中芳男記」とあり|おもに図版|付箋あり|印記: 「神全」(神波全庵), 「明治十九年我齡八十四」(伊藤圭介), 「男爵田中美津男氏寄贈先代田中芳男男旧藏書/昭和七年」",,,A00:5913,吉田 高憲,,5,,吉田雀巣庵 : 田中芳男 [写],[江戸後期]-明治19 [1886] 識語,日本語,図書,,https://www.lib.u-tokyo.ac.jp/ja/library/contents/archives-top/reuse,http://tify.sub.uni-goettingen.de/demo.html?manifest=https://archdataset.dl.itc.u-tokyo.ac.jp/manifest/abee8ec6-496c-5f0f-7833-610e9d7f5ce0.json,abee8ec6-496c-5f0f-7833-610e9d7f5ce0,https://iiif.dl.itc.u-tokyo.ac.jp/repo/s/tanaka/,https://iiif.dl.itc.u-tokyo.ac.jp/repo/s/tanaka/document/abee8ec6-496c-5f0f-7833-610e9d7f5ce0,https://iiif.dl.itc.u-tokyo.ac.jp/repo/files/medium/a0e3edf8685f7de56198fa8855c9f52f92f0a704.jpg,https://iiif.dl.itc.u-tokyo.ac.jp/repo/api/items/1300482,"東京大学総合図書館 General Library, The University of Tokyo, JAPAN",http://iiif.io/api/presentation/2#rightToLeftDirection,,田中芳男・博物学コレクション,0348,,https://iiif.dl.itc.u-tokyo.ac.jp/repo/iiif/abee8ec6-496c-5f0f-7833-610e9d7f5ce0/manifest,,,,,36
雀巣庵植物印葉圖 [4],ジャクソウアン ショクブツ インヨウズ,,,"写本|書名及び巻冊次は題簽による|冒頭識語の書名: 雀巣菴植物印葉圖, 雀巣庵植物印葉啚|識語中の書名: 印葉図|識語末に「此印葉図ハ尾州ノ博物家嘗百社ノ一人ナル雀巣菴吉田平九郎氏ノ手澤遺業ニ係ル ... 伊藤圭介識/明治十九年九月九日」, 「此五冊ハ本年五月神波全庵氏ヨリ購求スル稿本ノ一ナリ是ハ故尾張ノ吉田雀巣庵翁ノ自ラ印スル所ニシテ木本類ヲ集ムルヘ凢三百アリ ... 明治十九年十二月六日東京本郷區金助町七十二番邸ノ東陽看書楼ニ於テ 田中芳男記」とあり|おもに図版|付箋あり|印記: 「神全」(神波全庵), 「明治十九年我齡八十四」(伊藤圭介), 「男爵田中美津男氏寄贈先代田中芳男男旧藏書/昭和七年」",,,A00:5913,吉田 高憲,,5,,吉田雀巣庵 : 田中芳男 [写],[江戸後期]-明治19 [1886] 識語,日本語,図書,,https://www.lib.u-tokyo.ac.jp/ja/library/contents/archives-top/reuse,http://tify.sub.uni-goettingen.de/demo.html?manifest=https://archdataset.dl.itc.u-tokyo.ac.jp/manifest/d0c579cb-2ee3-778b-2c84-e6e5d2924859.json,d0c579cb-2ee3-778b-2c84-e6e5d2924859,https://iiif.dl.itc.u-tokyo.ac.jp/repo/s/tanaka/,https://iiif.dl.itc.u-tokyo.ac.jp/repo/s/tanaka/document/d0c579cb-2ee3-778b-2c84-e6e5d2924859,https://iiif.dl.itc.u-tokyo.ac.jp/repo/files/medium/f0d294bf00f6fa3ced9d3505e7ebae449a7fb53a.jpg,https://iiif.dl.itc.u-tokyo.ac.jp/repo/api/items/1300481,"東京大学総合図書館 General Library, The University of Tokyo, JAPAN",http://iiif.io/api/presentation/2#rightToLeftDirection,,田中芳男・博物学コレクション,0349,,https://iiif.dl.itc.u-tokyo.ac.jp/repo/iiif/d0c579cb-2ee3-778b-2c84-e6e5d2924859/manifest,,,,,39
雀巣庵植物印葉圖 [5],ジャクソウアン ショクブツ インヨウズ,,,"写本|序首の書名: 草木譜目録|自序に「文化甲戌之春 阪慎元慎於龍吟堂書」とあり(落款朱印あり)|題簽による巻冊次表示: 天, 地|版心下部に「龍吟堂藏書」とある四双単辺有界10行罫紙を使用|頭注あり|朱筆書き入れあり|印記: 「龍吟堂藏書」, 「字元慎」, 「阪慎之印」(阪元慎),  「男爵田中美津男氏寄贈先代田中芳男男旧藏書/昭和七年」|虫損あり",,,A00:5913,吉田 高憲,,5,,吉田雀巣庵 : 田中芳男 [写],[江戸後期]-明治19 [1886] 識語,日本語,図書,,https://www.lib.u-tokyo.ac.jp/ja/library/contents/archives-top/reuse,http://tify.sub.uni-goettingen.de/demo.html?manifest=https://archdataset.dl.itc.u-tokyo.ac.jp/manifest/41b5eda2-0cea-23ce-4a0c-2a4de6d16cb6.json,41b5eda2-0cea-23ce-4a0c-2a4de6d16cb6,https://iiif.dl.itc.u-tokyo.ac.jp/repo/s/tanaka/,https://iiif.dl.itc.u-tokyo.ac.jp/repo/s/tanaka/document/41b5eda2-0cea-23ce-4a0c-2a4de6d16cb6,https://iiif.dl.itc.u-tokyo.ac.jp/repo/files/medium/0cf716661b3e8883686830713ad46942ca94e1ce.jpg,https://iiif.dl.itc.u-tokyo.ac.jp/repo/api/items/1300480,"東京大学総合図書館 General Library, The University of Tokyo, JAPAN",http://iiif.io/api/presentation/2#rightToLeftDirection,,田中芳男・博物学コレクション,0350,,https://iiif.dl.itc.u-tokyo.ac.jp/repo/iiif/41b5eda2-0cea-23ce-4a0c-2a4de6d16cb6/manifest,,,,,31
艸木譜目録 2巻 [1],ソウモクフ モクロク,,,"写本|序首の書名: 草木譜目録|自序に「文化甲戌之春 阪慎元慎於龍吟堂書」とあり(落款朱印あり)|題簽による巻冊次表示: 天, 地|版心下部に「龍吟堂藏書」とある四双単辺有界10行罫紙を使用|頭注あり|朱筆書き入れあり|印記: 「龍吟堂藏書」, 「字元慎」, 「阪慎之印」(阪元慎),  「男爵田中美津男氏寄贈先代田中芳男男旧藏書/昭和七年」|虫損あり",,,A00:5914,阪 元慎,,2,,阪元慎 [自筆],文化11 [1814] 自序,日本語,図書,,https://www.lib.u-tokyo.ac.jp/ja/library/contents/archives-top/reuse,http://tify.sub.uni-goettingen.de/demo.html?manifest=https://archdataset.dl.itc.u-tokyo.ac.jp/manifest/8b757a26-623d-6099-5dad-f4acad8e3de1.json,8b757a26-623d-6099-5dad-f4acad8e3de1,https://iiif.dl.itc.u-tokyo.ac.jp/repo/s/tanaka/,https://iiif.dl.itc.u-tokyo.ac.jp/repo/s/tanaka/document/8b757a26-623d-6099-5dad-f4acad8e3de1,https://iiif.dl.itc.u-tokyo.ac.jp/repo/files/medium/56448d704eadf7b26662746057b00f34724a3958.jpg,https://iiif.dl.itc.u-tokyo.ac.jp/repo/api/items/1300479,"東京大学総合図書館 General Library, The University of Tokyo, JAPAN",http://iiif.io/api/presentation/2#rightToLeftDirection,,田中芳男・博物学コレクション,0351,,https://iiif.dl.itc.u-tokyo.ac.jp/repo/iiif/8b757a26-623d-6099-5dad-f4acad8e3de1/manifest,,,,,86
艸木譜目録 2巻 [2],ソウモクフ モクロク,,,"写本|その他の巻頭書名: 救荒夲艸(巻之2), 救荒本艸(巻之5), 救荒本草(巻之6), 救荒夲草(巻之9), 周定王救荒本艸紀聞(巻之[12]), 周定王救荒夲草紀聞(巻之[13]), 周定王救荒夲艸紀聞(巻之[14])|表紙の書名: 救荒夲草紀聞|補の巻頭書名: 救荒夲艸紀聞|小口書: 救荒紀聞|巻末に「本草綱目」(水草, 石草, 苔類, 穀之1-2), 「名醫別録」の抜抄を付す|奥書に「此書家大人幼弱時侍聴於田邨先生所聞紀予戊申秋取而糊製頗有逸脱囙補抄以道純夲末附本綱記聞數葉道純亦當時共侍同紀然互有出入異同詳廉於是今亦補標于彼之所長所詳以備後日之看予先不誌支干此來有故往々改觀救荒於是乎今追書于先年往事如此云嘉永七甲寅九月二十有四日題誌馬米華佗術速讀書屋中一日 ... 約之即跋」とあり|毎半葉10-11行|朱墨筆書き入れあり|印記: 「森氏」(森約之), 「男爵田中美津男氏寄贈先代田中芳男男旧藏書/昭和七年」|虫損あり",,,A00:5914,阪 元慎,,2,,阪元慎 [自筆],文化11 [1814] 自序,日本語,図書,,https://www.lib.u-tokyo.ac.jp/ja/library/contents/archives-top/reuse,http://tify.sub.uni-goettingen.de/demo.html?manifest=https://archdataset.dl.itc.u-tokyo.ac.jp/manifest/3d5588f2-55c1-04b9-8dd3-3625639e5413.json,3d5588f2-55c1-04b9-8dd3-3625639e5413,https://iiif.dl.itc.u-tokyo.ac.jp/repo/s/tanaka/,https://iiif.dl.itc.u-tokyo.ac.jp/repo/s/tanaka/document/3d5588f2-55c1-04b9-8dd3-3625639e5413,https://iiif.dl.itc.u-tokyo.ac.jp/repo/files/medium/df3f2da277385efffaed6526376ca30d56de11c8.jpg,https://iiif.dl.itc.u-tokyo.ac.jp/repo/api/items/1300478,"東京大学総合図書館 General Library, The University of Tokyo, JAPAN",http://iiif.io/api/presentation/2#rightToLeftDirection,,田中芳男・博物学コレクション,0352,,https://iiif.dl.itc.u-tokyo.ac.jp/repo/iiif/3d5588f2-55c1-04b9-8dd3-3625639e5413/manifest,,,,,94
救荒夲草記聞 14巻附救荒野譜紀聞1巻補遺1巻,キュウコウ ホンゾウ キブン,,,写本|書名は後付題簽による|小口書: 雀巣庵草木写生図|見返しの貼紙に「此図ハ甚タ錯雜ナリシテ今植学区分ノ順ニ従ヒ以テ一冊トスルノ也原図ハ尾張名古屋本草家吉田雀巣庵主人ノ遺稿ナルヲ十九年五月神波全庵氏より求ムル所也 明治十九年六月廾七日  田芳男記」との識語あり|おもに図版|彩色あり|印記: 「男爵田中美津男氏寄贈先代田中芳男男旧藏書/昭和七年」|虫損あり,,,A00:5915,田村 藍水,,1,,[森約之] [写],嘉永元 [1848] 奥書,日本語,図書,,https://www.lib.u-tokyo.ac.jp/ja/library/contents/archives-top/reuse,http://tify.sub.uni-goettingen.de/demo.html?manifest=https://archdataset.dl.itc.u-tokyo.ac.jp/manifest/3959df6a-0136-8188-4149-7a5538cf869e.json,3959df6a-0136-8188-4149-7a5538cf869e,https://iiif.dl.itc.u-tokyo.ac.jp/repo/s/tanaka/,https://iiif.dl.itc.u-tokyo.ac.jp/repo/s/tanaka/document/3959df6a-0136-8188-4149-7a5538cf869e,https://iiif.dl.itc.u-tokyo.ac.jp/repo/files/medium/7c367de05354d2c145da378f9a9c45e2f54b5c71.jpg,https://iiif.dl.itc.u-tokyo.ac.jp/repo/api/items/1300477,"東京大学総合図書館 General Library, The University of Tokyo, JAPAN",http://iiif.io/api/presentation/2#rightToLeftDirection,,田中芳男・博物学コレクション,0353,,https://iiif.dl.itc.u-tokyo.ac.jp/repo/iiif/3959df6a-0136-8188-4149-7a5538cf869e/manifest,,,,,65
尾張吉田雀巣庵主人遺稿草木写生図,オワリ ヨシタ ジャクソウアン シュジン イコウ ソウモク シャセイズ,,,"写本|書名は扉による|小口書: シダ|「羊歯目録」の巻末書名: 歯朶目録|後見返しに「明治十二年三月廿日製本」とあり|のどに「金花堂」とある左右双辺有界10行罫紙を使用|朱筆書き入れあり|印記: 「田中芳男獻納書籍」, 「男爵田中美津男氏寄贈先代田中芳男男旧藏書/昭和七年」|『羊歯印影圖』<BC03372101>と合冊",,,A00:5919,吉田 高憲,,1,,吉田雀巣庵 : 田中芳男 [写],[江戸後期]-明治19 [1886] 識語,日本語,図書,,https://www.lib.u-tokyo.ac.jp/ja/library/contents/archives-top/reuse,http://tify.sub.uni-goettingen.de/demo.html?manifest=https://archdataset.dl.itc.u-tokyo.ac.jp/manifest/faafdd56-67fc-4b04-451b-457d215e5829.json,faafdd56-67fc-4b04-451b-457d215e5829,https://iiif.dl.itc.u-tokyo.ac.jp/repo/s/tanaka/,https://iiif.dl.itc.u-tokyo.ac.jp/repo/s/tanaka/document/faafdd56-67fc-4b04-451b-457d215e5829,https://iiif.dl.itc.u-tokyo.ac.jp/repo/files/medium/4dd8cec8fef4797413b019d3ff681b8a46485297.jpg,https://iiif.dl.itc.u-tokyo.ac.jp/repo/api/items/1300476,"東京大学総合図書館 General Library, The University of Tokyo, JAPAN",http://iiif.io/api/presentation/2#rightToLeftDirection,,田中芳男・博物学コレクション,0354,,https://iiif.dl.itc.u-tokyo.ac.jp/repo/iiif/faafdd56-67fc-4b04-451b-457d215e5829/manifest,,,,,36
新定羊齒目録 1巻附羊歯目録1巻,シンテイ シダ モクロク,,,"写本|書名は目首による|題簽の書名: 尾張吉田雀巣庵主人著遺稿羊齒印影圖|識語中の書名: 印影圖, 羊齒印影圖|小口書: 羊齒印影啚|目録末に「此印影圖ハ尾張名古屋ノ本草家雀巣庵主人ノ遺稿ナリト云ヒ頃日神波全庵氏ヨリ求ム此冊原ト書名ナク且其序次錯雜スルニヨリ今仮ニ羊齒印影圖ト名ツケ羊齒目録ニ従ヒテ其順ヲ改メ紙縁ニ存スル文字ヲ寫入シ ... 明治十九年六月廾七日  田芳男記」との識語あり|おもに図版|付箋あり|『新定羊齒目録』<BC03370911>と合冊",,,A00:5920,田中 芳男,,1,,[田中芳男] [写],[明治期],日本語,図書,,https://www.lib.u-tokyo.ac.jp/ja/library/contents/archives-top/reuse,http://tify.sub.uni-goettingen.de/demo.html?manifest=https://archdataset.dl.itc.u-tokyo.ac.jp/manifest/fb52ff1b-95f7-3752-50a4-8c211b222db8.json,fb52ff1b-95f7-3752-50a4-8c211b222db8,https://iiif.dl.itc.u-tokyo.ac.jp/repo/s/tanaka/,https://iiif.dl.itc.u-tokyo.ac.jp/repo/s/tanaka/document/fb52ff1b-95f7-3752-50a4-8c211b222db8,https://iiif.dl.itc.u-tokyo.ac.jp/repo/files/medium/9cba6e897890246432d2a00a51db3419435aa242.jpg,https://iiif.dl.itc.u-tokyo.ac.jp/repo/api/items/1300475,"東京大学総合図書館 General Library, The University of Tokyo, JAPAN",http://iiif.io/api/presentation/2#rightToLeftDirection,,田中芳男・博物学コレクション,0355,,https://iiif.dl.itc.u-tokyo.ac.jp/repo/iiif/fb52ff1b-95f7-3752-50a4-8c211b222db8/manifest,,,,,48
羊歯印影圖,シダ インエイズ,,,"写本|書名は大尾による|[序]首の書名: 周定王救荒夲草和名選|題簽の書名: 救荒夲草和名選|[序]末に「今頼於和刻徐夲順釈皇國之称呼焉寛政丙辰之夏五月望曽槃譏」とあり|扉裏に「書中和名等之假名徃々有脱落者悉如原而不敢改補云嘉永辛亥七月森約之養真職」との識語あり|奥書に「辛亥七月十三日書於栁原僑居之南廰下了 森約之(花押)」(墨筆), 「同日句讀校筆過了」(朱筆)とあり|毎半葉9行注文双行|付訓あり|拠寛政8(1796)序刊本の写し|朱点, 朱引, 朱墨筆書き入れあり|印記: 「森氏」(森約之), 「男爵田中美津男氏寄贈先代田中芳男男旧藏書/昭和七年」|虫損あり",,,A00:5920,吉田 高憲,,1,,吉田雀巣庵 : 田中芳男 [写],[江戸後期]-明治19 [1886] 識語,日本語,図書,,https://www.lib.u-tokyo.ac.jp/ja/library/contents/archives-top/reuse,http://tify.sub.uni-goettingen.de/demo.html?manifest=https://archdataset.dl.itc.u-tokyo.ac.jp/manifest/f1dc2f23-a1ff-55f6-360f-e0fb153918d6.json,f1dc2f23-a1ff-55f6-360f-e0fb153918d6,https://iiif.dl.itc.u-tokyo.ac.jp/repo/s/tanaka/,https://iiif.dl.itc.u-tokyo.ac.jp/repo/s/tanaka/document/f1dc2f23-a1ff-55f6-360f-e0fb153918d6,https://iiif.dl.itc.u-tokyo.ac.jp/repo/files/medium/186e48a768f9c4faa73c42fb346ec959c98e3305.jpg,https://iiif.dl.itc.u-tokyo.ac.jp/repo/api/items/1300474,"東京大学総合図書館 General Library, The University of Tokyo, JAPAN",http://iiif.io/api/presentation/2#rightToLeftDirection,,田中芳男・博物学コレクション,0356,,https://iiif.dl.itc.u-tokyo.ac.jp/repo/iiif/f1dc2f23-a1ff-55f6-360f-e0fb153918d6/manifest,,,,,34
周定王救荒本草和名選 14巻,シュウ テイオウ キュウコウ ホンゾウ ワミョウセン,,,"写本|[序]末に「于時延享二歳舎乙丑春二月日 諸星吮潮齊述」とあり|後序末に「延享二年乙丑夏六月庚午 東都後學服部時亮天功父識」とあり|大尾に「諸星半六郎 應承(花押)」とあり|漢字平仮名交じり文|朱墨筆書き入れあり|原5冊を1冊に合綴|印記: 「應承」, 「定印」, 「男爵田中美津男氏寄贈 先代田中芳男男旧藏書 昭和七年」|虫損あり",,,A00:5921,曽 占春,,1,,森約之 [写],嘉永4 [1851] 奥書,日本語,図書,,https://www.lib.u-tokyo.ac.jp/ja/library/contents/archives-top/reuse,http://tify.sub.uni-goettingen.de/demo.html?manifest=https://archdataset.dl.itc.u-tokyo.ac.jp/manifest/e8aa3a70-3e1b-5e86-2a69-71a44b852b2c.json,e8aa3a70-3e1b-5e86-2a69-71a44b852b2c,https://iiif.dl.itc.u-tokyo.ac.jp/repo/s/tanaka/,https://iiif.dl.itc.u-tokyo.ac.jp/repo/s/tanaka/document/e8aa3a70-3e1b-5e86-2a69-71a44b852b2c,https://iiif.dl.itc.u-tokyo.ac.jp/repo/files/medium/de2aab4b27012a3a0829696dc74aa53d3b52ee23.jpg,https://iiif.dl.itc.u-tokyo.ac.jp/repo/api/items/1300473,"東京大学総合図書館 General Library, The University of Tokyo, JAPAN",http://iiif.io/api/presentation/2#rightToLeftDirection,,田中芳男・博物学コレクション,0357,,https://iiif.dl.itc.u-tokyo.ac.jp/repo/iiif/e8aa3a70-3e1b-5e86-2a69-71a44b852b2c/manifest,,,,,35
傳演味玄集 3巻,デンエン ミゲンシュウ,,,"写本|目次の題簽書名: 大類聚方|卷之47末に「文政十丁亥閏六月霽嶠外史冩了於敬所齋北窻下」との奥書あり|版心下部に「紀蕃醫宦敬所齋蔵」とある四周単辺無界罫紙を使用|題簽による巻冊次表示: 目録, 上(卷之25-47), 中(卷之48-72), 下(卷之73-95), 附(卷之96-100)|毎半葉10行注文双行|卷之1-24を欠く|印記: 「温故知新」, 「敬所齋記」(林尚謙), 「男爵田中美津男氏寄贈 先代田中芳男男旧藏書 昭和七年」",,,A00:5941,諸星 半六郎,,1,,[書写者不明],[延享年間],日本語,図書,,https://www.lib.u-tokyo.ac.jp/ja/library/contents/archives-top/reuse,http://tify.sub.uni-goettingen.de/demo.html?manifest=https://archdataset.dl.itc.u-tokyo.ac.jp/manifest/972148d8-51f7-23dc-948a-6d7f1536a392.json,972148d8-51f7-23dc-948a-6d7f1536a392,https://iiif.dl.itc.u-tokyo.ac.jp/repo/s/tanaka/,https://iiif.dl.itc.u-tokyo.ac.jp/repo/s/tanaka/document/972148d8-51f7-23dc-948a-6d7f1536a392,https://iiif.dl.itc.u-tokyo.ac.jp/repo/files/medium/69258287386e20c146c93084e494ae2c0df5627f.jpg,https://iiif.dl.itc.u-tokyo.ac.jp/repo/api/items/1300472,"東京大学総合図書館 General Library, The University of Tokyo, JAPAN",http://iiif.io/api/presentation/2#rightToLeftDirection,,田中芳男・博物学コレクション,0358,,https://iiif.dl.itc.u-tokyo.ac.jp/repo/iiif/972148d8-51f7-23dc-948a-6d7f1536a392/manifest,,,,,130
大同類聚方 100巻 (存76巻) [1],ダイドウ ルイジュホウ,,,"写本|目次の題簽書名: 大類聚方|卷之47末に「文政十丁亥閏六月霽嶠外史冩了於敬所齋北窻下」との奥書あり|版心下部に「紀蕃醫宦敬所齋蔵」とある四周単辺無界罫紙を使用|題簽による巻冊次表示: 目録, 上(卷之25-47), 中(卷之48-72), 下(卷之73-95), 附(卷之96-100)|毎半葉10行注文双行|卷之1-24を欠く|印記: 「温故知新」, 「敬所齋記」(林尚謙), 「男爵田中美津男氏寄贈 先代田中芳男男旧藏書 昭和七年」",,,A00:5942,安倍 眞直,,8,,霽嶠外史 [写],文政6 [1823],日本語,図書,,https://www.lib.u-tokyo.ac.jp/ja/library/contents/archives-top/reuse,http://tify.sub.uni-goettingen.de/demo.html?manifest=https://archdataset.dl.itc.u-tokyo.ac.jp/manifest/d633e5df-2e55-7916-4399-d3b8c11307cc.json,d633e5df-2e55-7916-4399-d3b8c11307cc,https://iiif.dl.itc.u-tokyo.ac.jp/repo/s/tanaka/,https://iiif.dl.itc.u-tokyo.ac.jp/repo/s/tanaka/document/d633e5df-2e55-7916-4399-d3b8c11307cc,https://iiif.dl.itc.u-tokyo.ac.jp/repo/files/medium/a2dac0ad287f390422e8019e33fad7ab2451f80c.jpg,https://iiif.dl.itc.u-tokyo.ac.jp/repo/api/items/1300471,"東京大学総合図書館 General Library, The University of Tokyo, JAPAN",http://iiif.io/api/presentation/2#rightToLeftDirection,,田中芳男・博物学コレクション,0359,,https://iiif.dl.itc.u-tokyo.ac.jp/repo/iiif/d633e5df-2e55-7916-4399-d3b8c11307cc/manifest,,,,,33
大同類聚方 100巻 (存76巻) [2],ダイドウ ルイジュホウ,,,"写本|目次の題簽書名: 大類聚方|卷之47末に「文政十丁亥閏六月霽嶠外史冩了於敬所齋北窻下」との奥書あり|版心下部に「紀蕃醫宦敬所齋蔵」とある四周単辺無界罫紙を使用|題簽による巻冊次表示: 目録, 上(卷之25-47), 中(卷之48-72), 下(卷之73-95), 附(卷之96-100)|毎半葉10行注文双行|卷之1-24を欠く|印記: 「温故知新」, 「敬所齋記」(林尚謙), 「男爵田中美津男氏寄贈 先代田中芳男男旧藏書 昭和七年」",,,A00:5942,安倍 眞直,,8,,霽嶠外史 [写],文政6 [1823],日本語,図書,,https://www.lib.u-tokyo.ac.jp/ja/library/contents/archives-top/reuse,http://tify.sub.uni-goettingen.de/demo.html?manifest=https://archdataset.dl.itc.u-tokyo.ac.jp/manifest/2aaccd14-4a51-7251-07e5-ab502e6b2ab2.json,2aaccd14-4a51-7251-07e5-ab502e6b2ab2,https://iiif.dl.itc.u-tokyo.ac.jp/repo/s/tanaka/,https://iiif.dl.itc.u-tokyo.ac.jp/repo/s/tanaka/document/2aaccd14-4a51-7251-07e5-ab502e6b2ab2,https://iiif.dl.itc.u-tokyo.ac.jp/repo/files/medium/b9a17e73e4a73066b531e9bb407f84517b9f564d.jpg,https://iiif.dl.itc.u-tokyo.ac.jp/repo/api/items/1300470,"東京大学総合図書館 General Library, The University of Tokyo, JAPAN",http://iiif.io/api/presentation/2#rightToLeftDirection,,田中芳男・博物学コレクション,0360,,https://iiif.dl.itc.u-tokyo.ac.jp/repo/iiif/2aaccd14-4a51-7251-07e5-ab502e6b2ab2/manifest,,,,,32
大同類聚方 100巻 (存76巻) [3],ダイドウ ルイジュホウ,,,"写本|目次の題簽書名: 大類聚方|卷之47末に「文政十丁亥閏六月霽嶠外史冩了於敬所齋北窻下」との奥書あり|版心下部に「紀蕃醫宦敬所齋蔵」とある四周単辺無界罫紙を使用|題簽による巻冊次表示: 目録, 上(卷之25-47), 中(卷之48-72), 下(卷之73-95), 附(卷之96-100)|毎半葉10行注文双行|卷之1-24を欠く|印記: 「温故知新」, 「敬所齋記」(林尚謙), 「男爵田中美津男氏寄贈 先代田中芳男男旧藏書 昭和七年」",,,A00:5942,安倍 眞直,,8,,霽嶠外史 [写],文政6 [1823],日本語,図書,,https://www.lib.u-tokyo.ac.jp/ja/library/contents/archives-top/reuse,http://tify.sub.uni-goettingen.de/demo.html?manifest=https://archdataset.dl.itc.u-tokyo.ac.jp/manifest/d1c729e9-5ce1-285a-5790-b1bae1c92135.json,d1c729e9-5ce1-285a-5790-b1bae1c92135,https://iiif.dl.itc.u-tokyo.ac.jp/repo/s/tanaka/,https://iiif.dl.itc.u-tokyo.ac.jp/repo/s/tanaka/document/d1c729e9-5ce1-285a-5790-b1bae1c92135,https://iiif.dl.itc.u-tokyo.ac.jp/repo/files/medium/1bfef46e125d6e7c8a60f6b4cfe5d3cc241b2406.jpg,https://iiif.dl.itc.u-tokyo.ac.jp/repo/api/items/1300469,"東京大学総合図書館 General Library, The University of Tokyo, JAPAN",http://iiif.io/api/presentation/2#rightToLeftDirection,,田中芳男・博物学コレクション,0361,,https://iiif.dl.itc.u-tokyo.ac.jp/repo/iiif/d1c729e9-5ce1-285a-5790-b1bae1c92135/manifest,,,,,44
大同類聚方 100巻 (存76巻) [4],ダイドウ ルイジュホウ,,,"写本|目次の題簽書名: 大類聚方|卷之47末に「文政十丁亥閏六月霽嶠外史冩了於敬所齋北窻下」との奥書あり|版心下部に「紀蕃醫宦敬所齋蔵」とある四周単辺無界罫紙を使用|題簽による巻冊次表示: 目録, 上(卷之25-47), 中(卷之48-72), 下(卷之73-95), 附(卷之96-100)|毎半葉10行注文双行|卷之1-24を欠く|印記: 「温故知新」, 「敬所齋記」(林尚謙), 「男爵田中美津男氏寄贈 先代田中芳男男旧藏書 昭和七年」",,,A00:5942,安倍 眞直,,8,,霽嶠外史 [写],文政6 [1823],日本語,図書,,https://www.lib.u-tokyo.ac.jp/ja/library/contents/archives-top/reuse,http://tify.sub.uni-goettingen.de/demo.html?manifest=https://archdataset.dl.itc.u-tokyo.ac.jp/manifest/1271e20e-6b7e-3409-68a3-0caf5b643ab9.json,1271e20e-6b7e-3409-68a3-0caf5b643ab9,https://iiif.dl.itc.u-tokyo.ac.jp/repo/s/tanaka/,https://iiif.dl.itc.u-tokyo.ac.jp/repo/s/tanaka/document/1271e20e-6b7e-3409-68a3-0caf5b643ab9,https://iiif.dl.itc.u-tokyo.ac.jp/repo/files/medium/90cf0a041fbc722648fbc568ab06e3f8230ec235.jpg,https://iiif.dl.itc.u-tokyo.ac.jp/repo/api/items/1300468,"東京大学総合図書館 General Library, The University of Tokyo, JAPAN",http://iiif.io/api/presentation/2#rightToLeftDirection,,田中芳男・博物学コレクション,0362,,https://iiif.dl.itc.u-tokyo.ac.jp/repo/iiif/1271e20e-6b7e-3409-68a3-0caf5b643ab9/manifest,,,,,32
大同類聚方 100巻 (存76巻) [5],ダイドウ ルイジュホウ,,,"写本|目次の題簽書名: 大類聚方|卷之47末に「文政十丁亥閏六月霽嶠外史冩了於敬所齋北窻下」との奥書あり|版心下部に「紀蕃醫宦敬所齋蔵」とある四周単辺無界罫紙を使用|題簽による巻冊次表示: 目録, 上(卷之25-47), 中(卷之48-72), 下(卷之73-95), 附(卷之96-100)|毎半葉10行注文双行|卷之1-24を欠く|印記: 「温故知新」, 「敬所齋記」(林尚謙), 「男爵田中美津男氏寄贈 先代田中芳男男旧藏書 昭和七年」",,,A00:5942,安倍 眞直,,8,,霽嶠外史 [写],文政6 [1823],日本語,図書,,https://www.lib.u-tokyo.ac.jp/ja/library/contents/archives-top/reuse,http://tify.sub.uni-goettingen.de/demo.html?manifest=https://archdataset.dl.itc.u-tokyo.ac.jp/manifest/34c54a7e-74c1-7c6b-27f6-abc889ff811a.json,34c54a7e-74c1-7c6b-27f6-abc889ff811a,https://iiif.dl.itc.u-tokyo.ac.jp/repo/s/tanaka/,https://iiif.dl.itc.u-tokyo.ac.jp/repo/s/tanaka/document/34c54a7e-74c1-7c6b-27f6-abc889ff811a,https://iiif.dl.itc.u-tokyo.ac.jp/repo/files/medium/18e95c708a5811c39b62672f8710e14c1570e31c.jpg,https://iiif.dl.itc.u-tokyo.ac.jp/repo/api/items/1300467,"東京大学総合図書館 General Library, The University of Tokyo, JAPAN",http://iiif.io/api/presentation/2#rightToLeftDirection,,田中芳男・博物学コレクション,0363,,https://iiif.dl.itc.u-tokyo.ac.jp/repo/iiif/34c54a7e-74c1-7c6b-27f6-abc889ff811a/manifest,,,,,41
大同類聚方 100巻 (存76巻) [6],ダイドウ ルイジュホウ,,,"写本|目次の題簽書名: 大類聚方|卷之47末に「文政十丁亥閏六月霽嶠外史冩了於敬所齋北窻下」との奥書あり|版心下部に「紀蕃醫宦敬所齋蔵」とある四周単辺無界罫紙を使用|題簽による巻冊次表示: 目録, 上(卷之25-47), 中(卷之48-72), 下(卷之73-95), 附(卷之96-100)|毎半葉10行注文双行|卷之1-24を欠く|印記: 「温故知新」, 「敬所齋記」(林尚謙), 「男爵田中美津男氏寄贈 先代田中芳男男旧藏書 昭和七年」",,,A00:5942,安倍 眞直,,8,,霽嶠外史 [写],文政6 [1823],日本語,図書,,https://www.lib.u-tokyo.ac.jp/ja/library/contents/archives-top/reuse,http://tify.sub.uni-goettingen.de/demo.html?manifest=https://archdataset.dl.itc.u-tokyo.ac.jp/manifest/73d2ca01-547a-1005-683d-ddd4cbd25c76.json,73d2ca01-547a-1005-683d-ddd4cbd25c76,https://iiif.dl.itc.u-tokyo.ac.jp/repo/s/tanaka/,https://iiif.dl.itc.u-tokyo.ac.jp/repo/s/tanaka/document/73d2ca01-547a-1005-683d-ddd4cbd25c76,https://iiif.dl.itc.u-tokyo.ac.jp/repo/files/medium/a9b3e75b0decf57665b76f846417c541d4e3b07f.jpg,https://iiif.dl.itc.u-tokyo.ac.jp/repo/api/items/1300466,"東京大学総合図書館 General Library, The University of Tokyo, JAPAN",http://iiif.io/api/presentation/2#rightToLeftDirection,,田中芳男・博物学コレクション,0364,,https://iiif.dl.itc.u-tokyo.ac.jp/repo/iiif/73d2ca01-547a-1005-683d-ddd4cbd25c76/manifest,,,,,53
大同類聚方 100巻 (存76巻) [7],ダイドウ ルイジュホウ,,,"写本|目次の題簽書名: 大類聚方|卷之47末に「文政十丁亥閏六月霽嶠外史冩了於敬所齋北窻下」との奥書あり|版心下部に「紀蕃醫宦敬所齋蔵」とある四周単辺無界罫紙を使用|題簽による巻冊次表示: 目録, 上(卷之25-47), 中(卷之48-72), 下(卷之73-95), 附(卷之96-100)|毎半葉10行注文双行|卷之1-24を欠く|印記: 「温故知新」, 「敬所齋記」(林尚謙), 「男爵田中美津男氏寄贈 先代田中芳男男旧藏書 昭和七年」",,,A00:5942,安倍 眞直,,8,,霽嶠外史 [写],文政6 [1823],日本語,図書,,https://www.lib.u-tokyo.ac.jp/ja/library/contents/archives-top/reuse,http://tify.sub.uni-goettingen.de/demo.html?manifest=https://archdataset.dl.itc.u-tokyo.ac.jp/manifest/b176b5d6-18f6-3970-797b-b9d4a4d75461.json,b176b5d6-18f6-3970-797b-b9d4a4d75461,https://iiif.dl.itc.u-tokyo.ac.jp/repo/s/tanaka/,https://iiif.dl.itc.u-tokyo.ac.jp/repo/s/tanaka/document/b176b5d6-18f6-3970-797b-b9d4a4d75461,https://iiif.dl.itc.u-tokyo.ac.jp/repo/files/medium/756963b463b5781e377faa5d5146909ad2d8d332.jpg,https://iiif.dl.itc.u-tokyo.ac.jp/repo/api/items/1300465,"東京大学総合図書館 General Library, The University of Tokyo, JAPAN",http://iiif.io/api/presentation/2#rightToLeftDirection,,田中芳男・博物学コレクション,0365,,https://iiif.dl.itc.u-tokyo.ac.jp/repo/iiif/b176b5d6-18f6-3970-797b-b9d4a4d75461/manifest,,,,,35
大同類聚方 100巻 (存76巻) [8],ダイドウ ルイジュホウ,,,"写本|奥書に「寛か嘉永酉年に侍醫を命せられしに因りて請録する所なるに同じ子年 ... 寛依て寛の舊録を謄写して再び完璧せしむる所なり 是とし六月十九日記」とあり|巻末識語に「右合食禁四頁江戸城局内所掲示嘉永年間余籍小島寶素堂夲謄写今集此類合釘為策因聊識于此云森約之養真時慶應丙寅三月廿四日也」(丁4), 「右合食禁幕府城局内所掲官單飲食禁規八頁元是喜多邨栲窗君所記今借或抄夲謄録森約之養真梫遅慶應丙寅三月廿四日也」(丁8)とあり|10行罫紙を使用|頭注あり|印記: 「森氏」(森約之), 「男爵田中美津男氏寄贈 先代田中芳男男旧藏書 昭和七年」|虫損あり",,,A00:5942,安倍 眞直,,8,,霽嶠外史 [写],文政6 [1823],日本語,図書,,https://www.lib.u-tokyo.ac.jp/ja/library/contents/archives-top/reuse,http://tify.sub.uni-goettingen.de/demo.html?manifest=https://archdataset.dl.itc.u-tokyo.ac.jp/manifest/61739490-5edb-768c-98c9-cd711a626bde.json,61739490-5edb-768c-98c9-cd711a626bde,https://iiif.dl.itc.u-tokyo.ac.jp/repo/s/tanaka/,https://iiif.dl.itc.u-tokyo.ac.jp/repo/s/tanaka/document/61739490-5edb-768c-98c9-cd711a626bde,https://iiif.dl.itc.u-tokyo.ac.jp/repo/files/medium/30e3a872514a90b913c65bee9665e1a3c95d6e11.jpg,https://iiif.dl.itc.u-tokyo.ac.jp/repo/api/items/1300464,"東京大学総合図書館 General Library, The University of Tokyo, JAPAN",http://iiif.io/api/presentation/2#rightToLeftDirection,,田中芳男・博物学コレクション,0366,,https://iiif.dl.itc.u-tokyo.ac.jp/repo/iiif/61739490-5edb-768c-98c9-cd711a626bde/manifest,,,,,54
合食禁 : 同時忌物,ゴウショクキン : ドウジ イミモノ . ゴウショク ノ キン,,,"自序末に「寛政九年丁巳八月木村喜之撰」とあり|跋末に「寛政九のとし秋九日 松夲保固しるす」とあり|四周単辺無界8行注文双行, 内匡廓: 21.2×16.0cm, 白口単黒魚尾|付訓あり|後付表紙の見返しに「砂糖製作記/通本町二甼目/東都御書房 出雲寺和泉掾藏」との墨書あり|後見返しに「寛政十二年七月日 北山信有藏夲/長齋賜之畢」との墨書あり|印記: 「中田」, 「男爵田中美津男氏寄贈先代田中芳男男旧藏書/昭和七年」|虫損あり|『甘蔗記』<BC03374821>と合冊",,,A00:5944,小島 尚質,,1,,森約之 [写],[嘉永年間]-慶應2 [1866] 識語,日本語,図書,,https://www.lib.u-tokyo.ac.jp/ja/library/contents/archives-top/reuse,http://tify.sub.uni-goettingen.de/demo.html?manifest=https://archdataset.dl.itc.u-tokyo.ac.jp/manifest/bf8fa4cf-8e72-a666-63bc-ceb4ef19a518.json,bf8fa4cf-8e72-a666-63bc-ceb4ef19a518,https://iiif.dl.itc.u-tokyo.ac.jp/repo/s/tanaka/,https://iiif.dl.itc.u-tokyo.ac.jp/repo/s/tanaka/document/bf8fa4cf-8e72-a666-63bc-ceb4ef19a518,https://iiif.dl.itc.u-tokyo.ac.jp/repo/files/medium/aca7c37235b95a5ca1888d47015a2d727f2b9297.jpg,https://iiif.dl.itc.u-tokyo.ac.jp/repo/api/items/1300463,"東京大学総合図書館 General Library, The University of Tokyo, JAPAN",http://iiif.io/api/presentation/2#rightToLeftDirection,,田中芳男・博物学コレクション,0367,,https://iiif.dl.itc.u-tokyo.ac.jp/repo/iiif/bf8fa4cf-8e72-a666-63bc-ceb4ef19a518/manifest,,,,,16
砂糖製作記 : 砂糖の作りかたをしる,サトウ セイサクキ : サトウ ノ ツクリカタ オ シルス,,,"写本|題言末に「明和元年春二月侍御醫官桂川國訓甫三撰」とあり|附録末に「右二家製造之法嘗抄出其緊要者今記録之以備商揣 ... 國訓識」とあり|四周単辺無界白口単黒魚尾罫紙を使用|朱筆書き入れあり|印記: 「蒹葭書堂」, 「蒹葭堂記」(木村蒹葭堂)|虫損あり|『砂糖製作記』<BC03373410>と合冊",,,A00:5947,木村 喜之,,1,,[出雲寺和泉],寛政9 [1797] 跋,日本語,図書,,https://www.lib.u-tokyo.ac.jp/ja/library/contents/archives-top/reuse,http://tify.sub.uni-goettingen.de/demo.html?manifest=https://archdataset.dl.itc.u-tokyo.ac.jp/manifest/01d4bc54-3083-4863-547c-047607ee2b1f.json,01d4bc54-3083-4863-547c-047607ee2b1f,https://iiif.dl.itc.u-tokyo.ac.jp/repo/s/tanaka/,https://iiif.dl.itc.u-tokyo.ac.jp/repo/s/tanaka/document/01d4bc54-3083-4863-547c-047607ee2b1f,https://iiif.dl.itc.u-tokyo.ac.jp/repo/files/medium/4b3a7c5271ec8ab821b7d1c3e35a76485d08450b.jpg,https://iiif.dl.itc.u-tokyo.ac.jp/repo/api/items/1300462,"東京大学総合図書館 General Library, The University of Tokyo, JAPAN",http://iiif.io/api/presentation/2#rightToLeftDirection,,田中芳男・博物学コレクション,0368,,https://iiif.dl.itc.u-tokyo.ac.jp/repo/iiif/01d4bc54-3083-4863-547c-047607ee2b1f/manifest,,,,,30
甘蔗記 1巻附1巻,カンシャキ,,,"写本|表紙の書名: 搾油濫觴考|見返しの貼紙に「此搾油濫觴考尾嵜雅嘉真筆一の巻立者也 ... 明治十九年四月十三日」, 「尾崎直筆」とあり|毎半葉11行注文双行|印記: 「尾崎氏圖書記」, 「博古知今堂」, 「蘿月」(尾崎雅嘉), 「男爵田中美津男氏寄贈先代田中芳男男旧藏書/昭和七年」|虫損あり",,,A00:5947,後藤 梨春,,1,,[書写者不明],[江戸中期],日本語,図書,,https://www.lib.u-tokyo.ac.jp/ja/library/contents/archives-top/reuse,http://tify.sub.uni-goettingen.de/demo.html?manifest=https://archdataset.dl.itc.u-tokyo.ac.jp/manifest/76d8d667-1dfd-38a9-6ae8-36d772d205ec.json,76d8d667-1dfd-38a9-6ae8-36d772d205ec,https://iiif.dl.itc.u-tokyo.ac.jp/repo/s/tanaka/,https://iiif.dl.itc.u-tokyo.ac.jp/repo/s/tanaka/document/76d8d667-1dfd-38a9-6ae8-36d772d205ec,https://iiif.dl.itc.u-tokyo.ac.jp/repo/files/medium/2fec0e2ef5917e26b4ce2c81ac61c990ec6f6b6c.jpg,https://iiif.dl.itc.u-tokyo.ac.jp/repo/api/items/1300461,"東京大学総合図書館 General Library, The University of Tokyo, JAPAN",http://iiif.io/api/presentation/2#rightToLeftDirection,,田中芳男・博物学コレクション,0369,,https://iiif.dl.itc.u-tokyo.ac.jp/repo/iiif/76d8d667-1dfd-38a9-6ae8-36d772d205ec/manifest,,,,,23
搾油濫觴 1巻裏書1巻附考1巻,サクユウ ランショウ,,,"写本|書名は扉による|帙題簽の書名: 薩州産物録及雜集|『薩州産物録』の巻末に「寛政四年壬子春日藤成裕写之」とあり|『薩州産物録』の内題下に「萬延元庚申六月中六日 阿部将翁喜任曰滕成裕即水戸藩佐藤平三郎也彼嘗変為植樹家竊逰薩摩此書其時小記耳彼實本草名物學大家也家大人嘗交逰也 森約之記」との識語あり|『雜集』は「本草正譌」の抜抄|奥書に「柳白溪写之」(『薩州産物録』), 「寛政八丙辰十月吉日白溪写之」(『雜集』)とあり|毎半葉10-12行|『薩州産物録』巻末に「蠡齋 稲倉玄俊藏」とあり|印記: 「山手」, 「森氏」(森約之), 「男爵田中美津男氏寄贈 先代田中芳男男旧藏書 昭和七年」|虫損あり",,,A00:5948,尾崎 雅嘉,,1,,尾崎雅嘉 [自筆],[江戸後期],日本語,図書,,https://www.lib.u-tokyo.ac.jp/ja/library/contents/archives-top/reuse,http://tify.sub.uni-goettingen.de/demo.html?manifest=https://archdataset.dl.itc.u-tokyo.ac.jp/manifest/e40faf24-97fb-a0e5-2503-1b3c0d1b1fdc.json,e40faf24-97fb-a0e5-2503-1b3c0d1b1fdc,https://iiif.dl.itc.u-tokyo.ac.jp/repo/s/tanaka/,https://iiif.dl.itc.u-tokyo.ac.jp/repo/s/tanaka/document/e40faf24-97fb-a0e5-2503-1b3c0d1b1fdc,https://iiif.dl.itc.u-tokyo.ac.jp/repo/files/medium/13bdcf3e5c0bde17ed7c05b90e40d3ec63458fdc.jpg,https://iiif.dl.itc.u-tokyo.ac.jp/repo/api/items/1300460,"東京大学総合図書館 General Library, The University of Tokyo, JAPAN",http://iiif.io/api/presentation/2#rightToLeftDirection,,田中芳男・博物学コレクション,0370,,https://iiif.dl.itc.u-tokyo.ac.jp/repo/iiif/e40faf24-97fb-a0e5-2503-1b3c0d1b1fdc/manifest,,,,,26
薩州産物録,サッシュウ サンブツロク . ザッシュウ,,,"写本|題簽の書名: 鶴蝨攷 : 草小夲|小口書: 鶴蝨攷草小夲|奥書に「嘉永己酉七月二十一日書于玉池問津舘南廂巴且樹陰涼風多處森立之」とあり|冒頭の版心に「問津館雜著之一」とあり|巻末に「聖恵方」, 「醫方類聚卷二百五十二撮鈔(鶴蝨)」を付す|左右双辺有界10行罫紙を使用|付箋あり|朱点, 朱引, 朱墨筆書き入れあり|印記: 「森氏」(森立之), 「男爵田中美津男氏寄贈先代田中芳男男旧藏書/昭和七年」",,,A00:5961,佐藤 成裕,,1,,柳白溪 [写],寛政8 [1796] 奥書,日本語,図書,,https://www.lib.u-tokyo.ac.jp/ja/library/contents/archives-top/reuse,http://tify.sub.uni-goettingen.de/demo.html?manifest=https://archdataset.dl.itc.u-tokyo.ac.jp/manifest/c6d4431e-6c53-5151-a2fd-7ce556a88336.json,c6d4431e-6c53-5151-a2fd-7ce556a88336,https://iiif.dl.itc.u-tokyo.ac.jp/repo/s/tanaka/,https://iiif.dl.itc.u-tokyo.ac.jp/repo/s/tanaka/document/c6d4431e-6c53-5151-a2fd-7ce556a88336,https://iiif.dl.itc.u-tokyo.ac.jp/repo/files/medium/f842868d6fe993d65f394ac063e92f61be01bffb.jpg,https://iiif.dl.itc.u-tokyo.ac.jp/repo/api/items/1300459,"東京大学総合図書館 General Library, The University of Tokyo, JAPAN",http://iiif.io/api/presentation/2#rightToLeftDirection,,田中芳男・博物学コレクション,0371,,https://iiif.dl.itc.u-tokyo.ac.jp/repo/iiif/c6d4431e-6c53-5151-a2fd-7ce556a88336/manifest,,,,,46
鶴虱攷 1巻附聖恵方1巻醫方類聚撮鈔1巻,カクシツコウ,,,写本|小口書: ザウシ|扉に「作者名性ヲ著サス予の所見ヲ輔輯し異口し参考し助ケトセントス 駒場御園ニテ 明治元年将翁喜任誌」との識語あり|毎半葉10行|付訓あり|拠享保14(1729)刊本写し|印記: 「男爵田中美津男氏寄贈先代田中芳男男旧藏書/昭和七年」|破損あり (裏打ち補修あり),,,A00:6008,森 立之,,1,,森立之 [自筆],嘉永2 [1849] 奥書,日本語,図書,,https://www.lib.u-tokyo.ac.jp/ja/library/contents/archives-top/reuse,http://tify.sub.uni-goettingen.de/demo.html?manifest=https://archdataset.dl.itc.u-tokyo.ac.jp/manifest/dedcdee4-8a21-8c61-a799-217cc0c023b5.json,dedcdee4-8a21-8c61-a799-217cc0c023b5,https://iiif.dl.itc.u-tokyo.ac.jp/repo/s/tanaka/,https://iiif.dl.itc.u-tokyo.ac.jp/repo/s/tanaka/document/dedcdee4-8a21-8c61-a799-217cc0c023b5,https://iiif.dl.itc.u-tokyo.ac.jp/repo/files/medium/98db7755cdfd1c2a113fda73dce4e24802ab58cd.jpg,https://iiif.dl.itc.u-tokyo.ac.jp/repo/api/items/1300458,"東京大学総合図書館 General Library, The University of Tokyo, JAPAN",http://iiif.io/api/presentation/2#rightToLeftDirection,,田中芳男・博物学コレクション,0372,,https://iiif.dl.itc.u-tokyo.ac.jp/repo/iiif/dedcdee4-8a21-8c61-a799-217cc0c023b5/manifest,,,,,35
象志,ゾウシ,,,"写本|表紙の書名: 坤輿圗説|巻末の朱筆識語に「嘉永七年甲寅春三月托門人池田生写し 艮斎安積信識」とあり|毎半葉9行|朱筆付訓あり|朱点, 朱墨筆書き入れあり|印記: 「安積氏臧書」(安積艮斎), 「男爵田中美津男氏寄贈先代田中芳男男旧藏書/昭和七年」",,,A00:6012,,,1,,[書写者不明],[幕末明治期],日本語,図書,,https://www.lib.u-tokyo.ac.jp/ja/library/contents/archives-top/reuse,http://tify.sub.uni-goettingen.de/demo.html?manifest=https://archdataset.dl.itc.u-tokyo.ac.jp/manifest/f711bc24-7700-2564-48df-acdac19331bc.json,f711bc24-7700-2564-48df-acdac19331bc,https://iiif.dl.itc.u-tokyo.ac.jp/repo/s/tanaka/,https://iiif.dl.itc.u-tokyo.ac.jp/repo/s/tanaka/document/f711bc24-7700-2564-48df-acdac19331bc,https://iiif.dl.itc.u-tokyo.ac.jp/repo/files/medium/6183f7b495d7db2f0d004d3fdfe48de435208d6b.jpg,https://iiif.dl.itc.u-tokyo.ac.jp/repo/api/items/1300457,"東京大学総合図書館 General Library, The University of Tokyo, JAPAN",http://iiif.io/api/presentation/2#rightToLeftDirection,,田中芳男・博物学コレクション,0373,,https://iiif.dl.itc.u-tokyo.ac.jp/repo/iiif/f711bc24-7700-2564-48df-acdac19331bc/manifest,,,,,30
坤輿圖説,コンヨ ズセツ,,,"折本|書名は題簽(墨書)による|見返しの貼紙に「鳥類画圖ハ日本ニテ見聞セシヲ予カ積年冩生シタル者ニテ解説モアレト未製調セサレハ後日副テ見ルヘキモノトス 明治十四年 中嶋仰山」との識語あり|鳥類絵画163図貼付集|絹本着色|彩色あり|鳥魚文様の緞子表紙を使用|印記: 「仰山」, 「中島」",,,A00:6142,Verbiest Ferdinand 1623-1688,,1,,池田 [写],嘉永7 [1854] 識語,中国語,図書,,https://www.lib.u-tokyo.ac.jp/ja/library/contents/archives-top/reuse,http://tify.sub.uni-goettingen.de/demo.html?manifest=https://archdataset.dl.itc.u-tokyo.ac.jp/manifest/a7b3a0ac-6865-26c4-055c-5d8cc8e88549.json,a7b3a0ac-6865-26c4-055c-5d8cc8e88549,https://iiif.dl.itc.u-tokyo.ac.jp/repo/s/tanaka/,https://iiif.dl.itc.u-tokyo.ac.jp/repo/s/tanaka/document/a7b3a0ac-6865-26c4-055c-5d8cc8e88549,https://iiif.dl.itc.u-tokyo.ac.jp/repo/files/medium/23e8b6f8d31304eb4827da778c64f9dc0556c34d.jpg,https://iiif.dl.itc.u-tokyo.ac.jp/repo/api/items/1300456,"東京大学総合図書館 General Library, The University of Tokyo, JAPAN",http://iiif.io/api/presentation/2#rightToLeftDirection,,田中芳男・博物学コレクション,0374,,https://iiif.dl.itc.u-tokyo.ac.jp/repo/iiif/a7b3a0ac-6865-26c4-055c-5d8cc8e88549/manifest,,,,,71
禽譜,キンフ,,,,,,A00:6237,中島 仰山,,1,,中嶋仰山 [自筆],[明治年間],日本語,図書,,https://www.lib.u-tokyo.ac.jp/ja/library/contents/archives-top/reuse,http://tify.sub.uni-goettingen.de/demo.html?manifest=https://archdataset.dl.itc.u-tokyo.ac.jp/manifest/f5e04751-a2dd-519b-0dc6-b36c550828a6.json,f5e04751-a2dd-519b-0dc6-b36c550828a6,https://iiif.dl.itc.u-tokyo.ac.jp/repo/s/tanaka/,https://iiif.dl.itc.u-tokyo.ac.jp/repo/s/tanaka/document/f5e04751-a2dd-519b-0dc6-b36c550828a6,https://iiif.dl.itc.u-tokyo.ac.jp/repo/files/medium/e8932205943f414c9a2b4e92326ecdd6f02fb599.jpg,https://iiif.dl.itc.u-tokyo.ac.jp/repo/api/items/1300455,"東京大学総合図書館 General Library, The University of Tokyo, JAPAN",http://iiif.io/api/presentation/2#rightToLeftDirection,,田中芳男・博物学コレクション,0375,,https://iiif.dl.itc.u-tokyo.ac.jp/repo/iiif/f5e04751-a2dd-519b-0dc6-b36c550828a6/manifest,,,,,53
物産雑説 総目録,,,,,,,A00:5764,田中芳男,9,,,,,,,,https://www.lib.u-tokyo.ac.jp/ja/library/contents/archives-top/reuse,http://tify.sub.uni-goettingen.de/demo.html?manifest=https://archdataset.dl.itc.u-tokyo.ac.jp/manifest/0b518e37-12f5-541a-75e0-59f12e3c8d3a.json,0b518e37-12f5-541a-75e0-59f12e3c8d3a,https://iiif.dl.itc.u-tokyo.ac.jp/repo/s/tanaka/,https://iiif.dl.itc.u-tokyo.ac.jp/repo/s/tanaka/document/0b518e37-12f5-541a-75e0-59f12e3c8d3a,https://iiif.dl.itc.u-tokyo.ac.jp/repo/files/medium/9ac10789cbbc136ee92ed68b8de5e0cfb22edeed.jpg,https://iiif.dl.itc.u-tokyo.ac.jp/repo/api/items/520321,"東京大学総合図書館 General Library in the University of Tokyo, JAPAN",http://iiif.io/api/presentation/2#rightToLeftDirection,,田中芳男・博物学コレクション,10000001,,https://iiif.dl.itc.u-tokyo.ac.jp/repo/iiif/0b518e37-12f5-541a-75e0-59f12e3c8d3a/manifest,,,,,9
物産雑説 甲第五~九巻目録,,,,,,,A00:5764,田中芳男,19,,,,,,,,https://www.lib.u-tokyo.ac.jp/ja/library/contents/archives-top/reuse,http://tify.sub.uni-goettingen.de/demo.html?manifest=https://archdataset.dl.itc.u-tokyo.ac.jp/manifest/bede4424-0e6d-6427-9962-e167fee21e7b.json,bede4424-0e6d-6427-9962-e167fee21e7b,https://iiif.dl.itc.u-tokyo.ac.jp/repo/s/tanaka/,https://iiif.dl.itc.u-tokyo.ac.jp/repo/s/tanaka/document/bede4424-0e6d-6427-9962-e167fee21e7b,https://iiif.dl.itc.u-tokyo.ac.jp/repo/files/medium/cfaabdfd2fdf5cd8ee3f376ef9da9ea5b9b4d0e4.jpg,https://iiif.dl.itc.u-tokyo.ac.jp/repo/api/items/520322,"東京大学総合図書館 General Library in the University of Tokyo, JAPAN",http://iiif.io/api/presentation/2#rightToLeftDirection,,田中芳男・博物学コレクション,10000002,,https://iiif.dl.itc.u-tokyo.ac.jp/repo/iiif/bede4424-0e6d-6427-9962-e167fee21e7b/manifest,,,,,19
物産雑説 甲一,,,,獣類,,,A00:5764,田中芳男,109,,,,,,,,https://www.lib.u-tokyo.ac.jp/ja/library/contents/archives-top/reuse,http://tify.sub.uni-goettingen.de/demo.html?manifest=https://archdataset.dl.itc.u-tokyo.ac.jp/manifest/bf706b06-a646-0f02-32e5-dae33f196dc9.json,bf706b06-a646-0f02-32e5-dae33f196dc9,https://iiif.dl.itc.u-tokyo.ac.jp/repo/s/tanaka/,https://iiif.dl.itc.u-tokyo.ac.jp/repo/s/tanaka/document/bf706b06-a646-0f02-32e5-dae33f196dc9,https://iiif.dl.itc.u-tokyo.ac.jp/repo/files/medium/0d9d78906e7a7aab62a36c47012ab6712a5161cb.jpg,https://iiif.dl.itc.u-tokyo.ac.jp/repo/api/items/520323,"東京大学総合図書館 General Library in the University of Tokyo, JAPAN",http://iiif.io/api/presentation/2#rightToLeftDirection,,田中芳男・博物学コレクション,10000003,,https://iiif.dl.itc.u-tokyo.ac.jp/repo/iiif/bf706b06-a646-0f02-32e5-dae33f196dc9/manifest,,,,,109
物産雑説 甲二,,,,鳥類,,,A00:5764,田中芳男,93,,,,,,,,https://www.lib.u-tokyo.ac.jp/ja/library/contents/archives-top/reuse,http://tify.sub.uni-goettingen.de/demo.html?manifest=https://archdataset.dl.itc.u-tokyo.ac.jp/manifest/40a8f611-0280-70ab-3f36-83127c454fcd.json,40a8f611-0280-70ab-3f36-83127c454fcd,https://iiif.dl.itc.u-tokyo.ac.jp/repo/s/tanaka/,https://iiif.dl.itc.u-tokyo.ac.jp/repo/s/tanaka/document/40a8f611-0280-70ab-3f36-83127c454fcd,https://iiif.dl.itc.u-tokyo.ac.jp/repo/files/medium/e34e212be851c7f94d6b10644ef5340e8b1f248d.jpg,https://iiif.dl.itc.u-tokyo.ac.jp/repo/api/items/520324,"東京大学総合図書館 General Library in the University of Tokyo, JAPAN",http://iiif.io/api/presentation/2#rightToLeftDirection,,田中芳男・博物学コレクション,10000004,,https://iiif.dl.itc.u-tokyo.ac.jp/repo/iiif/40a8f611-0280-70ab-3f36-83127c454fcd/manifest,,,,,93
物産雑説 甲三,,,,爬虫類(蛇・蝦蟆類),,,A00:5764,田中芳男,21,,,,,,,,https://www.lib.u-tokyo.ac.jp/ja/library/contents/archives-top/reuse,http://tify.sub.uni-goettingen.de/demo.html?manifest=https://archdataset.dl.itc.u-tokyo.ac.jp/manifest/b6925dc8-531a-967a-5bff-5cf3cfd252e2.json,b6925dc8-531a-967a-5bff-5cf3cfd252e2,https://iiif.dl.itc.u-tokyo.ac.jp/repo/s/tanaka/,https://iiif.dl.itc.u-tokyo.ac.jp/repo/s/tanaka/document/b6925dc8-531a-967a-5bff-5cf3cfd252e2,https://iiif.dl.itc.u-tokyo.ac.jp/repo/files/medium/979c18c0ff6eaff7735ebdf42e8f69063a779cc8.jpg,https://iiif.dl.itc.u-tokyo.ac.jp/repo/api/items/520325,"東京大学総合図書館 General Library in the University of Tokyo, JAPAN",http://iiif.io/api/presentation/2#rightToLeftDirection,,田中芳男・博物学コレクション,10000005,,https://iiif.dl.itc.u-tokyo.ac.jp/repo/iiif/b6925dc8-531a-967a-5bff-5cf3cfd252e2/manifest,,,,,21
物産雑説 甲四,,,,虫類,,,A00:5764,田中芳男,102,,,,,,,,https://www.lib.u-tokyo.ac.jp/ja/library/contents/archives-top/reuse,http://tify.sub.uni-goettingen.de/demo.html?manifest=https://archdataset.dl.itc.u-tokyo.ac.jp/manifest/5700ccf7-8d5c-9225-6218-72c8d24e983c.json,5700ccf7-8d5c-9225-6218-72c8d24e983c,https://iiif.dl.itc.u-tokyo.ac.jp/repo/s/tanaka/,https://iiif.dl.itc.u-tokyo.ac.jp/repo/s/tanaka/document/5700ccf7-8d5c-9225-6218-72c8d24e983c,https://iiif.dl.itc.u-tokyo.ac.jp/repo/files/medium/1438acd6ad2cc8d2920ffb0048ca08baf7768342.jpg,https://iiif.dl.itc.u-tokyo.ac.jp/repo/api/items/520326,"東京大学総合図書館 General Library in the University of Tokyo, JAPAN",http://iiif.io/api/presentation/2#rightToLeftDirection,,田中芳男・博物学コレクション,10000006,,https://iiif.dl.itc.u-tokyo.ac.jp/repo/iiif/5700ccf7-8d5c-9225-6218-72c8d24e983c/manifest,,,,,102
物産雑説 甲五,,,,穀類,,,A00:5764,田中芳男,192,,,,,,,,https://www.lib.u-tokyo.ac.jp/ja/library/contents/archives-top/reuse,http://tify.sub.uni-goettingen.de/demo.html?manifest=https://archdataset.dl.itc.u-tokyo.ac.jp/manifest/a83921af-5658-65c6-9bd5-1f05c8217844.json,a83921af-5658-65c6-9bd5-1f05c8217844,https://iiif.dl.itc.u-tokyo.ac.jp/repo/s/tanaka/,https://iiif.dl.itc.u-tokyo.ac.jp/repo/s/tanaka/document/a83921af-5658-65c6-9bd5-1f05c8217844,https://iiif.dl.itc.u-tokyo.ac.jp/repo/files/medium/6df89b04d1e3ea6ec45b22e175c47e9aedb92226.jpg,https://iiif.dl.itc.u-tokyo.ac.jp/repo/api/items/520327,"東京大学総合図書館 General Library in the University of Tokyo, JAPAN",http://iiif.io/api/presentation/2#rightToLeftDirection,,田中芳男・博物学コレクション,10000007,,https://iiif.dl.itc.u-tokyo.ac.jp/repo/iiif/a83921af-5658-65c6-9bd5-1f05c8217844/manifest,,,,,192
物産雑説 甲六,,,,菽類,,,A00:5764,田中芳男,99,,,,,,,,https://www.lib.u-tokyo.ac.jp/ja/library/contents/archives-top/reuse,http://tify.sub.uni-goettingen.de/demo.html?manifest=https://archdataset.dl.itc.u-tokyo.ac.jp/manifest/51651f58-2982-3fc8-a7a8-f364b283084f.json,51651f58-2982-3fc8-a7a8-f364b283084f,https://iiif.dl.itc.u-tokyo.ac.jp/repo/s/tanaka/,https://iiif.dl.itc.u-tokyo.ac.jp/repo/s/tanaka/document/51651f58-2982-3fc8-a7a8-f364b283084f,https://iiif.dl.itc.u-tokyo.ac.jp/repo/files/medium/b652d5ac961f03b3e38b8f5a051ad31138f73844.jpg,https://iiif.dl.itc.u-tokyo.ac.jp/repo/api/items/520328,"東京大学総合図書館 General Library in the University of Tokyo, JAPAN",http://iiif.io/api/presentation/2#rightToLeftDirection,,田中芳男・博物学コレクション,10000008,,https://iiif.dl.itc.u-tokyo.ac.jp/repo/iiif/51651f58-2982-3fc8-a7a8-f364b283084f/manifest,,,,,99
物産雑説 甲七,,,,葉菜類、花菜類、香辛類,,,A00:5764,田中芳男,89,,,,,,,,https://www.lib.u-tokyo.ac.jp/ja/library/contents/archives-top/reuse,http://tify.sub.uni-goettingen.de/demo.html?manifest=https://archdataset.dl.itc.u-tokyo.ac.jp/manifest/731b17ff-4c0e-5bc3-64d6-0ae662805c50.json,731b17ff-4c0e-5bc3-64d6-0ae662805c50,https://iiif.dl.itc.u-tokyo.ac.jp/repo/s/tanaka/,https://iiif.dl.itc.u-tokyo.ac.jp/repo/s/tanaka/document/731b17ff-4c0e-5bc3-64d6-0ae662805c50,https://iiif.dl.itc.u-tokyo.ac.jp/repo/files/medium/2278e7a6dd556310a5e8c953ce1b92ec4175654c.jpg,https://iiif.dl.itc.u-tokyo.ac.jp/repo/api/items/520329,"東京大学総合図書館 General Library in the University of Tokyo, JAPAN",http://iiif.io/api/presentation/2#rightToLeftDirection,,田中芳男・博物学コレクション,10000009,,https://iiif.dl.itc.u-tokyo.ac.jp/repo/iiif/731b17ff-4c0e-5bc3-64d6-0ae662805c50/manifest,,,,,89
物産雑説 甲八,,,,根菜類,,,A00:5764,田中芳男,173,,,,,,,,https://www.lib.u-tokyo.ac.jp/ja/library/contents/archives-top/reuse,http://tify.sub.uni-goettingen.de/demo.html?manifest=https://archdataset.dl.itc.u-tokyo.ac.jp/manifest/4d5b1a3c-16ac-769f-220d-ed0b299d3186.json,4d5b1a3c-16ac-769f-220d-ed0b299d3186,https://iiif.dl.itc.u-tokyo.ac.jp/repo/s/tanaka/,https://iiif.dl.itc.u-tokyo.ac.jp/repo/s/tanaka/document/4d5b1a3c-16ac-769f-220d-ed0b299d3186,https://iiif.dl.itc.u-tokyo.ac.jp/repo/files/medium/12a68716949182f9c04cc7f9bbd1354cc50b7564.jpg,https://iiif.dl.itc.u-tokyo.ac.jp/repo/api/items/520330,"東京大学総合図書館 General Library in the University of Tokyo, JAPAN",http://iiif.io/api/presentation/2#rightToLeftDirection,,田中芳男・博物学コレクション,10000010,,https://iiif.dl.itc.u-tokyo.ac.jp/repo/iiif/4d5b1a3c-16ac-769f-220d-ed0b299d3186/manifest,,,,,173
物産雑説 甲九,,,,蓏菜類,,,A00:5764,田中芳男,61,,,,,,,,https://www.lib.u-tokyo.ac.jp/ja/library/contents/archives-top/reuse,http://tify.sub.uni-goettingen.de/demo.html?manifest=https://archdataset.dl.itc.u-tokyo.ac.jp/manifest/5b255161-7ccb-a240-6d99-00d163ef1a8c.json,5b255161-7ccb-a240-6d99-00d163ef1a8c,https://iiif.dl.itc.u-tokyo.ac.jp/repo/s/tanaka/,https://iiif.dl.itc.u-tokyo.ac.jp/repo/s/tanaka/document/5b255161-7ccb-a240-6d99-00d163ef1a8c,https://iiif.dl.itc.u-tokyo.ac.jp/repo/files/medium/7931e54bd1d07e78cd81f879be12c1c08e35b722.jpg,https://iiif.dl.itc.u-tokyo.ac.jp/repo/api/items/520331,"東京大学総合図書館 General Library in the University of Tokyo, JAPAN",http://iiif.io/api/presentation/2#rightToLeftDirection,,田中芳男・博物学コレクション,10000011,,https://iiif.dl.itc.u-tokyo.ac.jp/repo/iiif/5b255161-7ccb-a240-6d99-00d163ef1a8c/manifest,,,,,61
物産雑説 甲十,,,,果物類一 核果類,,,A00:5764,田中芳男,196,,,,,,,,https://www.lib.u-tokyo.ac.jp/ja/library/contents/archives-top/reuse,http://tify.sub.uni-goettingen.de/demo.html?manifest=https://archdataset.dl.itc.u-tokyo.ac.jp/manifest/98750ad7-5223-0c69-75a9-f84040ff285c.json,98750ad7-5223-0c69-75a9-f84040ff285c,https://iiif.dl.itc.u-tokyo.ac.jp/repo/s/tanaka/,https://iiif.dl.itc.u-tokyo.ac.jp/repo/s/tanaka/document/98750ad7-5223-0c69-75a9-f84040ff285c,https://iiif.dl.itc.u-tokyo.ac.jp/repo/files/medium/078532f7cf1fe4e47ed129eca027c2724080009f.jpg,https://iiif.dl.itc.u-tokyo.ac.jp/repo/api/items/520332,"東京大学総合図書館 General Library in the University of Tokyo, JAPAN",http://iiif.io/api/presentation/2#rightToLeftDirection,,田中芳男・博物学コレクション,10000012,,https://iiif.dl.itc.u-tokyo.ac.jp/repo/iiif/98750ad7-5223-0c69-75a9-f84040ff285c/manifest,,,,,196
物産雑説 甲十一,,,,果物類二 仁果類、梨等,,,A00:5764,田中芳男,364,,,,,,,,https://www.lib.u-tokyo.ac.jp/ja/library/contents/archives-top/reuse,http://tify.sub.uni-goettingen.de/demo.html?manifest=https://archdataset.dl.itc.u-tokyo.ac.jp/manifest/1b250af1-77fd-1e1b-22f1-829f0f4e0751.json,1b250af1-77fd-1e1b-22f1-829f0f4e0751,https://iiif.dl.itc.u-tokyo.ac.jp/repo/s/tanaka/,https://iiif.dl.itc.u-tokyo.ac.jp/repo/s/tanaka/document/1b250af1-77fd-1e1b-22f1-829f0f4e0751,https://iiif.dl.itc.u-tokyo.ac.jp/repo/files/medium/66948b427d40f45bd3675623840a36dc658f6746.jpg,https://iiif.dl.itc.u-tokyo.ac.jp/repo/api/items/520333,"東京大学総合図書館 General Library in the University of Tokyo, JAPAN",http://iiif.io/api/presentation/2#rightToLeftDirection,,田中芳男・博物学コレクション,10000013,,https://iiif.dl.itc.u-tokyo.ac.jp/repo/iiif/1b250af1-77fd-1e1b-22f1-829f0f4e0751/manifest,,,,,364
物産雑説 甲十二,,,,果物類三 枇杷,,,A00:5764,田中芳男,148,,,,,,,,https://www.lib.u-tokyo.ac.jp/ja/library/contents/archives-top/reuse,http://tify.sub.uni-goettingen.de/demo.html?manifest=https://archdataset.dl.itc.u-tokyo.ac.jp/manifest/1776ee83-373f-7081-9e1d-78bb7cad83ba.json,1776ee83-373f-7081-9e1d-78bb7cad83ba,https://iiif.dl.itc.u-tokyo.ac.jp/repo/s/tanaka/,https://iiif.dl.itc.u-tokyo.ac.jp/repo/s/tanaka/document/1776ee83-373f-7081-9e1d-78bb7cad83ba,https://iiif.dl.itc.u-tokyo.ac.jp/repo/files/medium/428a3979d6b72d0f545a1fc820804abfdf43ace8.jpg,https://iiif.dl.itc.u-tokyo.ac.jp/repo/api/items/520334,"東京大学総合図書館 General Library in the University of Tokyo, JAPAN",http://iiif.io/api/presentation/2#rightToLeftDirection,,田中芳男・博物学コレクション,10000014,,https://iiif.dl.itc.u-tokyo.ac.jp/repo/iiif/1776ee83-373f-7081-9e1d-78bb7cad83ba/manifest,,,,,148
物産雑説 甲十三甲,,,,果物類四 柿甲,,,A00:5764,田中芳男,309,,,,,,,,https://www.lib.u-tokyo.ac.jp/ja/library/contents/archives-top/reuse,http://tify.sub.uni-goettingen.de/demo.html?manifest=https://archdataset.dl.itc.u-tokyo.ac.jp/manifest/d7acf632-7c9f-2227-4516-534457f19aa1.json,d7acf632-7c9f-2227-4516-534457f19aa1,https://iiif.dl.itc.u-tokyo.ac.jp/repo/s/tanaka/,https://iiif.dl.itc.u-tokyo.ac.jp/repo/s/tanaka/document/d7acf632-7c9f-2227-4516-534457f19aa1,https://iiif.dl.itc.u-tokyo.ac.jp/repo/files/medium/ca7b867bda180cc3deca392d966766475ba8714d.jpg,https://iiif.dl.itc.u-tokyo.ac.jp/repo/api/items/520335,"東京大学総合図書館 General Library in the University of Tokyo, JAPAN",http://iiif.io/api/presentation/2#rightToLeftDirection,,田中芳男・博物学コレクション,10000015,,https://iiif.dl.itc.u-tokyo.ac.jp/repo/iiif/d7acf632-7c9f-2227-4516-534457f19aa1/manifest,,,,,309
物産雑説 甲十三乙,,,,果物類四 柿乙,,,A00:5764,田中芳男,91,,,,,,,,https://www.lib.u-tokyo.ac.jp/ja/library/contents/archives-top/reuse,http://tify.sub.uni-goettingen.de/demo.html?manifest=https://archdataset.dl.itc.u-tokyo.ac.jp/manifest/76eff0d2-3059-58a4-0c9b-76fb64380eb6.json,76eff0d2-3059-58a4-0c9b-76fb64380eb6,https://iiif.dl.itc.u-tokyo.ac.jp/repo/s/tanaka/,https://iiif.dl.itc.u-tokyo.ac.jp/repo/s/tanaka/document/76eff0d2-3059-58a4-0c9b-76fb64380eb6,https://iiif.dl.itc.u-tokyo.ac.jp/repo/files/medium/a337f4af8f3467646750a3faa6605517d6e5e49b.jpg,https://iiif.dl.itc.u-tokyo.ac.jp/repo/api/items/520336,"東京大学総合図書館 General Library in the University of Tokyo, JAPAN",http://iiif.io/api/presentation/2#rightToLeftDirection,,田中芳男・博物学コレクション,10000016,,https://iiif.dl.itc.u-tokyo.ac.jp/repo/iiif/76eff0d2-3059-58a4-0c9b-76fb64380eb6/manifest,,,,,91
物産雑説 甲十四,,,,果物類五 柑類,,,A00:5764,田中芳男,539,,,,,,,,https://www.lib.u-tokyo.ac.jp/ja/library/contents/archives-top/reuse,http://tify.sub.uni-goettingen.de/demo.html?manifest=https://archdataset.dl.itc.u-tokyo.ac.jp/manifest/d578f56d-3823-10ba-25b6-8d6803e16a3b.json,d578f56d-3823-10ba-25b6-8d6803e16a3b,https://iiif.dl.itc.u-tokyo.ac.jp/repo/s/tanaka/,https://iiif.dl.itc.u-tokyo.ac.jp/repo/s/tanaka/document/d578f56d-3823-10ba-25b6-8d6803e16a3b,https://iiif.dl.itc.u-tokyo.ac.jp/repo/files/medium/68353b05646fc6a36251171206e7e631ac04c9e3.jpg,https://iiif.dl.itc.u-tokyo.ac.jp/repo/api/items/520337,"東京大学総合図書館 General Library in the University of Tokyo, JAPAN",http://iiif.io/api/presentation/2#rightToLeftDirection,,田中芳男・博物学コレクション,10000017,,https://iiif.dl.itc.u-tokyo.ac.jp/repo/iiif/d578f56d-3823-10ba-25b6-8d6803e16a3b/manifest,,,,,539
物産雑説 甲十五,,,,果物類六 漿果類、乾果類,,,A00:5764,田中芳男,93,,,,,,,,https://www.lib.u-tokyo.ac.jp/ja/library/contents/archives-top/reuse,http://tify.sub.uni-goettingen.de/demo.html?manifest=https://archdataset.dl.itc.u-tokyo.ac.jp/manifest/346743a5-99ac-3d20-2bc2-b99e8a784bcd.json,346743a5-99ac-3d20-2bc2-b99e8a784bcd,https://iiif.dl.itc.u-tokyo.ac.jp/repo/s/tanaka/,https://iiif.dl.itc.u-tokyo.ac.jp/repo/s/tanaka/document/346743a5-99ac-3d20-2bc2-b99e8a784bcd,https://iiif.dl.itc.u-tokyo.ac.jp/repo/files/medium/cf3fdc5ef1e20b18b32df2abd2b87bcdf10c23b1.jpg,https://iiif.dl.itc.u-tokyo.ac.jp/repo/api/items/520338,"東京大学総合図書館 General Library in the University of Tokyo, JAPAN",http://iiif.io/api/presentation/2#rightToLeftDirection,,田中芳男・博物学コレクション,10000018,,https://iiif.dl.itc.u-tokyo.ac.jp/repo/iiif/346743a5-99ac-3d20-2bc2-b99e8a784bcd/manifest,,,,,93
物産雑説 甲十六,,,,菌蕈類、澱粉類、清娯類、牧草類,,,A00:5764,田中芳男,184,,,,,,,,https://www.lib.u-tokyo.ac.jp/ja/library/contents/archives-top/reuse,http://tify.sub.uni-goettingen.de/demo.html?manifest=https://archdataset.dl.itc.u-tokyo.ac.jp/manifest/4d00578b-61d8-0b61-579b-e29734d82286.json,4d00578b-61d8-0b61-579b-e29734d82286,https://iiif.dl.itc.u-tokyo.ac.jp/repo/s/tanaka/,https://iiif.dl.itc.u-tokyo.ac.jp/repo/s/tanaka/document/4d00578b-61d8-0b61-579b-e29734d82286,https://iiif.dl.itc.u-tokyo.ac.jp/repo/files/medium/cce4d689ad46798002bc043a4a116082efeaef2e.jpg,https://iiif.dl.itc.u-tokyo.ac.jp/repo/api/items/520339,"東京大学総合図書館 General Library in the University of Tokyo, JAPAN",http://iiif.io/api/presentation/2#rightToLeftDirection,,田中芳男・博物学コレクション,10000019,,https://iiif.dl.itc.u-tokyo.ac.jp/repo/iiif/4d00578b-61d8-0b61-579b-e29734d82286/manifest,,,,,184
物産雑説 甲十七,,,,各用類、油蝋類、染色吏、薬用類、有毒類,,,A00:5764,田中芳男,144,,,,,,,,https://www.lib.u-tokyo.ac.jp/ja/library/contents/archives-top/reuse,http://tify.sub.uni-goettingen.de/demo.html?manifest=https://archdataset.dl.itc.u-tokyo.ac.jp/manifest/e2e9cbf2-2c58-3675-0928-cb540bae5542.json,e2e9cbf2-2c58-3675-0928-cb540bae5542,https://iiif.dl.itc.u-tokyo.ac.jp/repo/s/tanaka/,https://iiif.dl.itc.u-tokyo.ac.jp/repo/s/tanaka/document/e2e9cbf2-2c58-3675-0928-cb540bae5542,https://iiif.dl.itc.u-tokyo.ac.jp/repo/files/medium/f57e9ca64af8145e4b7bad1b2b542d60aa3def19.jpg,https://iiif.dl.itc.u-tokyo.ac.jp/repo/api/items/520340,"東京大学総合図書館 General Library in the University of Tokyo, JAPAN",http://iiif.io/api/presentation/2#rightToLeftDirection,,田中芳男・博物学コレクション,10000020,,https://iiif.dl.itc.u-tokyo.ac.jp/repo/iiif/e2e9cbf2-2c58-3675-0928-cb540bae5542/manifest,,,,,144
物産雑説 甲十八,,,,繊維類,,,A00:5764,田中芳男,151,,,,,,,,https://www.lib.u-tokyo.ac.jp/ja/library/contents/archives-top/reuse,http://tify.sub.uni-goettingen.de/demo.html?manifest=https://archdataset.dl.itc.u-tokyo.ac.jp/manifest/236df921-1d61-7c0f-a126-2f323bc228d8.json,236df921-1d61-7c0f-a126-2f323bc228d8,https://iiif.dl.itc.u-tokyo.ac.jp/repo/s/tanaka/,https://iiif.dl.itc.u-tokyo.ac.jp/repo/s/tanaka/document/236df921-1d61-7c0f-a126-2f323bc228d8,https://iiif.dl.itc.u-tokyo.ac.jp/repo/files/medium/fc4306a32b2b5c61a67db41b1a9a0e118cf5d05d.jpg,https://iiif.dl.itc.u-tokyo.ac.jp/repo/api/items/520341,"東京大学総合図書館 General Library in the University of Tokyo, JAPAN",http://iiif.io/api/presentation/2#rightToLeftDirection,,田中芳男・博物学コレクション,10000021,,https://iiif.dl.itc.u-tokyo.ac.jp/repo/iiif/236df921-1d61-7c0f-a126-2f323bc228d8/manifest,,,,,151
物産雑説 甲十九,,,,木材類(乙三ニモ出),,,A00:5764,田中芳男,241,,,,,,,,https://www.lib.u-tokyo.ac.jp/ja/library/contents/archives-top/reuse,http://tify.sub.uni-goettingen.de/demo.html?manifest=https://archdataset.dl.itc.u-tokyo.ac.jp/manifest/509c2658-3530-7fd2-0b33-65413468053a.json,509c2658-3530-7fd2-0b33-65413468053a,https://iiif.dl.itc.u-tokyo.ac.jp/repo/s/tanaka/,https://iiif.dl.itc.u-tokyo.ac.jp/repo/s/tanaka/document/509c2658-3530-7fd2-0b33-65413468053a,https://iiif.dl.itc.u-tokyo.ac.jp/repo/files/medium/59caad302f8cc2914b721d3ab3cd6d1666c0287e.jpg,https://iiif.dl.itc.u-tokyo.ac.jp/repo/api/items/520342,"東京大学総合図書館 General Library in the University of Tokyo, JAPAN",http://iiif.io/api/presentation/2#rightToLeftDirection,,田中芳男・博物学コレクション,10000022,,https://iiif.dl.itc.u-tokyo.ac.jp/repo/iiif/509c2658-3530-7fd2-0b33-65413468053a/manifest,,,,,241
物産雑説 甲二十,,,,竹類(乙四ニモ出),,,A00:5764,田中芳男,116,,,,,,,,https://www.lib.u-tokyo.ac.jp/ja/library/contents/archives-top/reuse,http://tify.sub.uni-goettingen.de/demo.html?manifest=https://archdataset.dl.itc.u-tokyo.ac.jp/manifest/6fca0d7c-602d-5937-2ec8-e0d488d0420b.json,6fca0d7c-602d-5937-2ec8-e0d488d0420b,https://iiif.dl.itc.u-tokyo.ac.jp/repo/s/tanaka/,https://iiif.dl.itc.u-tokyo.ac.jp/repo/s/tanaka/document/6fca0d7c-602d-5937-2ec8-e0d488d0420b,https://iiif.dl.itc.u-tokyo.ac.jp/repo/files/medium/c10e0a490e55a7f8bef29b11c0ed29e83afffe7e.jpg,https://iiif.dl.itc.u-tokyo.ac.jp/repo/api/items/520343,"東京大学総合図書館 General Library in the University of Tokyo, JAPAN",http://iiif.io/api/presentation/2#rightToLeftDirection,,田中芳男・博物学コレクション,10000023,,https://iiif.dl.itc.u-tokyo.ac.jp/repo/iiif/6fca0d7c-602d-5937-2ec8-e0d488d0420b/manifest,,,,,116
物産雑説 甲二一,,,,松栢科類、常緑類、落葉類,,,A00:5764,田中芳男,111,,,,,,,,https://www.lib.u-tokyo.ac.jp/ja/library/contents/archives-top/reuse,http://tify.sub.uni-goettingen.de/demo.html?manifest=https://archdataset.dl.itc.u-tokyo.ac.jp/manifest/150e5b9c-3334-3de8-1193-a5572c3c5f3c.json,150e5b9c-3334-3de8-1193-a5572c3c5f3c,https://iiif.dl.itc.u-tokyo.ac.jp/repo/s/tanaka/,https://iiif.dl.itc.u-tokyo.ac.jp/repo/s/tanaka/document/150e5b9c-3334-3de8-1193-a5572c3c5f3c,https://iiif.dl.itc.u-tokyo.ac.jp/repo/files/medium/1bc94e544fe917fca591c17e7336a81285728857.jpg,https://iiif.dl.itc.u-tokyo.ac.jp/repo/api/items/520344,"東京大学総合図書館 General Library in the University of Tokyo, JAPAN",http://iiif.io/api/presentation/2#rightToLeftDirection,,田中芳男・博物学コレクション,10000024,,https://iiif.dl.itc.u-tokyo.ac.jp/repo/iiif/150e5b9c-3334-3de8-1193-a5572c3c5f3c/manifest,,,,,111
物産雑説 甲二二,,,,鑑賞類,,,A00:5764,田中芳男,149,,,,,,,,https://www.lib.u-tokyo.ac.jp/ja/library/contents/archives-top/reuse,http://tify.sub.uni-goettingen.de/demo.html?manifest=https://archdataset.dl.itc.u-tokyo.ac.jp/manifest/555c3b21-4382-51ee-32b5-161a98f24c63.json,555c3b21-4382-51ee-32b5-161a98f24c63,https://iiif.dl.itc.u-tokyo.ac.jp/repo/s/tanaka/,https://iiif.dl.itc.u-tokyo.ac.jp/repo/s/tanaka/document/555c3b21-4382-51ee-32b5-161a98f24c63,https://iiif.dl.itc.u-tokyo.ac.jp/repo/files/medium/4ad611b9e4a0c216a913c1f62ffeb6a5892d3a11.jpg,https://iiif.dl.itc.u-tokyo.ac.jp/repo/api/items/520345,"東京大学総合図書館 General Library in the University of Tokyo, JAPAN",http://iiif.io/api/presentation/2#rightToLeftDirection,,田中芳男・博物学コレクション,10000025,,https://iiif.dl.itc.u-tokyo.ac.jp/repo/iiif/555c3b21-4382-51ee-32b5-161a98f24c63/manifest,,,,,149
物産雑説 甲二三,,,,植物雑部一,,,A00:5764,田中芳男,202,,,,,,,,https://www.lib.u-tokyo.ac.jp/ja/library/contents/archives-top/reuse,http://tify.sub.uni-goettingen.de/demo.html?manifest=https://archdataset.dl.itc.u-tokyo.ac.jp/manifest/47de0d6b-12b9-0da5-4b83-b8084e899855.json,47de0d6b-12b9-0da5-4b83-b8084e899855,https://iiif.dl.itc.u-tokyo.ac.jp/repo/s/tanaka/,https://iiif.dl.itc.u-tokyo.ac.jp/repo/s/tanaka/document/47de0d6b-12b9-0da5-4b83-b8084e899855,https://iiif.dl.itc.u-tokyo.ac.jp/repo/files/medium/453c0e7758a6d7c8e287819f7d8c806c41ad2efc.jpg,https://iiif.dl.itc.u-tokyo.ac.jp/repo/api/items/520346,"東京大学総合図書館 General Library in the University of Tokyo, JAPAN",http://iiif.io/api/presentation/2#rightToLeftDirection,,田中芳男・博物学コレクション,10000026,,https://iiif.dl.itc.u-tokyo.ac.jp/repo/iiif/47de0d6b-12b9-0da5-4b83-b8084e899855/manifest,,,,,202
物産雑説 甲二四,,,,植物雑部二,,,A00:5764,田中芳男,145,,,,,,,,https://www.lib.u-tokyo.ac.jp/ja/library/contents/archives-top/reuse,http://tify.sub.uni-goettingen.de/demo.html?manifest=https://archdataset.dl.itc.u-tokyo.ac.jp/manifest/cda336ea-27bc-30a6-6502-4fb33c200641.json,cda336ea-27bc-30a6-6502-4fb33c200641,https://iiif.dl.itc.u-tokyo.ac.jp/repo/s/tanaka/,https://iiif.dl.itc.u-tokyo.ac.jp/repo/s/tanaka/document/cda336ea-27bc-30a6-6502-4fb33c200641,https://iiif.dl.itc.u-tokyo.ac.jp/repo/files/medium/f1c4e362e7072ca353559f3e146b1565c7b47f6c.jpg,https://iiif.dl.itc.u-tokyo.ac.jp/repo/api/items/520347,"東京大学総合図書館 General Library in the University of Tokyo, JAPAN",http://iiif.io/api/presentation/2#rightToLeftDirection,,田中芳男・博物学コレクション,10000027,,https://iiif.dl.itc.u-tokyo.ac.jp/repo/iiif/cda336ea-27bc-30a6-6502-4fb33c200641/manifest,,,,,145
物産雑説 甲二五,,,,植物三 雑部,,,A00:5764,田中芳男,158,,,,,,,,https://www.lib.u-tokyo.ac.jp/ja/library/contents/archives-top/reuse,http://tify.sub.uni-goettingen.de/demo.html?manifest=https://archdataset.dl.itc.u-tokyo.ac.jp/manifest/b68358ba-292b-578e-a196-2ea5b2898416.json,b68358ba-292b-578e-a196-2ea5b2898416,https://iiif.dl.itc.u-tokyo.ac.jp/repo/s/tanaka/,https://iiif.dl.itc.u-tokyo.ac.jp/repo/s/tanaka/document/b68358ba-292b-578e-a196-2ea5b2898416,https://iiif.dl.itc.u-tokyo.ac.jp/repo/files/medium/54e769a561b1e43a1e023313db3ed87243f517b3.jpg,https://iiif.dl.itc.u-tokyo.ac.jp/repo/api/items/520348,"東京大学総合図書館 General Library in the University of Tokyo, JAPAN",http://iiif.io/api/presentation/2#rightToLeftDirection,,田中芳男・博物学コレクション,10000028,,https://iiif.dl.itc.u-tokyo.ac.jp/repo/iiif/b68358ba-292b-578e-a196-2ea5b2898416/manifest,,,,,158
物産雑説 甲二六,,,,北海道植物,,,A00:5764,田中芳男,91,,,,,,,,https://www.lib.u-tokyo.ac.jp/ja/library/contents/archives-top/reuse,http://tify.sub.uni-goettingen.de/demo.html?manifest=https://archdataset.dl.itc.u-tokyo.ac.jp/manifest/650bb00d-9bbd-898c-7167-9437bf2c8e3e.json,650bb00d-9bbd-898c-7167-9437bf2c8e3e,https://iiif.dl.itc.u-tokyo.ac.jp/repo/s/tanaka/,https://iiif.dl.itc.u-tokyo.ac.jp/repo/s/tanaka/document/650bb00d-9bbd-898c-7167-9437bf2c8e3e,https://iiif.dl.itc.u-tokyo.ac.jp/repo/files/medium/731f53c643fa22a3923bc8f6748e79337a00629b.jpg,https://iiif.dl.itc.u-tokyo.ac.jp/repo/api/items/520349,"東京大学総合図書館 General Library in the University of Tokyo, JAPAN",http://iiif.io/api/presentation/2#rightToLeftDirection,,田中芳男・博物学コレクション,10000029,,https://iiif.dl.itc.u-tokyo.ac.jp/repo/iiif/650bb00d-9bbd-898c-7167-9437bf2c8e3e/manifest,,,,,91
物産雑説 甲二七,,,,外国植物,,,A00:5764,田中芳男,146,,,,,,,,https://www.lib.u-tokyo.ac.jp/ja/library/contents/archives-top/reuse,http://tify.sub.uni-goettingen.de/demo.html?manifest=https://archdataset.dl.itc.u-tokyo.ac.jp/manifest/94e53c79-5fe1-1b2a-86c4-fde1f9561bf7.json,94e53c79-5fe1-1b2a-86c4-fde1f9561bf7,https://iiif.dl.itc.u-tokyo.ac.jp/repo/s/tanaka/,https://iiif.dl.itc.u-tokyo.ac.jp/repo/s/tanaka/document/94e53c79-5fe1-1b2a-86c4-fde1f9561bf7,https://iiif.dl.itc.u-tokyo.ac.jp/repo/files/medium/0278b49bd393e79a1090032903ce45d67da3af5c.jpg,https://iiif.dl.itc.u-tokyo.ac.jp/repo/api/items/520350,"東京大学総合図書館 General Library in the University of Tokyo, JAPAN",http://iiif.io/api/presentation/2#rightToLeftDirection,,田中芳男・博物学コレクション,10000030,,https://iiif.dl.itc.u-tokyo.ac.jp/repo/iiif/94e53c79-5fe1-1b2a-86c4-fde1f9561bf7/manifest,,,,,146
物産雑説 甲二八,,,,鉱物類(乙五ニモ出),,,A00:5764,田中芳男,158,,,,,,,,https://www.lib.u-tokyo.ac.jp/ja/library/contents/archives-top/reuse,http://tify.sub.uni-goettingen.de/demo.html?manifest=https://archdataset.dl.itc.u-tokyo.ac.jp/manifest/6341d343-4770-6694-86b4-f7531b1169f8.json,6341d343-4770-6694-86b4-f7531b1169f8,https://iiif.dl.itc.u-tokyo.ac.jp/repo/s/tanaka/,https://iiif.dl.itc.u-tokyo.ac.jp/repo/s/tanaka/document/6341d343-4770-6694-86b4-f7531b1169f8,https://iiif.dl.itc.u-tokyo.ac.jp/repo/files/medium/955aa745d09099bde1d14d24063a62f3dcfc8a66.jpg,https://iiif.dl.itc.u-tokyo.ac.jp/repo/api/items/520351,"東京大学総合図書館 General Library in the University of Tokyo, JAPAN",http://iiif.io/api/presentation/2#rightToLeftDirection,,田中芳男・博物学コレクション,10000031,,https://iiif.dl.itc.u-tokyo.ac.jp/repo/iiif/6341d343-4770-6694-86b4-f7531b1169f8/manifest,,,,,158
物産雑説 甲二九,,,,鉱物類 附掘出古器物類(乙五ニモ出),,,A00:5764,田中芳男,98,,,,,,,,https://www.lib.u-tokyo.ac.jp/ja/library/contents/archives-top/reuse,http://tify.sub.uni-goettingen.de/demo.html?manifest=https://archdataset.dl.itc.u-tokyo.ac.jp/manifest/a67aaeca-5c3d-873d-5e53-0555578e1bc9.json,a67aaeca-5c3d-873d-5e53-0555578e1bc9,https://iiif.dl.itc.u-tokyo.ac.jp/repo/s/tanaka/,https://iiif.dl.itc.u-tokyo.ac.jp/repo/s/tanaka/document/a67aaeca-5c3d-873d-5e53-0555578e1bc9,https://iiif.dl.itc.u-tokyo.ac.jp/repo/files/medium/a13c5fef8d3d1dcd147fe0fdc8900d9163fb9fa1.jpg,https://iiif.dl.itc.u-tokyo.ac.jp/repo/api/items/520352,"東京大学総合図書館 General Library in the University of Tokyo, JAPAN",http://iiif.io/api/presentation/2#rightToLeftDirection,,田中芳男・博物学コレクション,10000032,,https://iiif.dl.itc.u-tokyo.ac.jp/repo/iiif/a67aaeca-5c3d-873d-5e53-0555578e1bc9/manifest,,,,,98
物産雑説 甲三十,,,,水獣類 爬虫類、亀鼈、鯢魚、水蛇,,,A00:5764,田中芳男,103,,,,,,,,https://www.lib.u-tokyo.ac.jp/ja/library/contents/archives-top/reuse,http://tify.sub.uni-goettingen.de/demo.html?manifest=https://archdataset.dl.itc.u-tokyo.ac.jp/manifest/620c0f96-8052-62c2-5731-a9dd0a7d80b0.json,620c0f96-8052-62c2-5731-a9dd0a7d80b0,https://iiif.dl.itc.u-tokyo.ac.jp/repo/s/tanaka/,https://iiif.dl.itc.u-tokyo.ac.jp/repo/s/tanaka/document/620c0f96-8052-62c2-5731-a9dd0a7d80b0,https://iiif.dl.itc.u-tokyo.ac.jp/repo/files/medium/f655805a0be7394c6ee456f638070e8ecb61c664.jpg,https://iiif.dl.itc.u-tokyo.ac.jp/repo/api/items/520353,"東京大学総合図書館 General Library in the University of Tokyo, JAPAN",http://iiif.io/api/presentation/2#rightToLeftDirection,,田中芳男・博物学コレクション,10000033,,https://iiif.dl.itc.u-tokyo.ac.jp/repo/iiif/620c0f96-8052-62c2-5731-a9dd0a7d80b0/manifest,,,,,103
物産雑説 甲三一,,,,甲殻類 附六脚虫類,,,A00:5764,田中芳男,88,,,,,,,,https://www.lib.u-tokyo.ac.jp/ja/library/contents/archives-top/reuse,http://tify.sub.uni-goettingen.de/demo.html?manifest=https://archdataset.dl.itc.u-tokyo.ac.jp/manifest/223672ef-6390-23d5-1dc1-32ff9ef65498.json,223672ef-6390-23d5-1dc1-32ff9ef65498,https://iiif.dl.itc.u-tokyo.ac.jp/repo/s/tanaka/,https://iiif.dl.itc.u-tokyo.ac.jp/repo/s/tanaka/document/223672ef-6390-23d5-1dc1-32ff9ef65498,https://iiif.dl.itc.u-tokyo.ac.jp/repo/files/medium/be04ccfa6a87c7898a4c7ced6247ace729b266a4.jpg,https://iiif.dl.itc.u-tokyo.ac.jp/repo/api/items/520354,"東京大学総合図書館 General Library in the University of Tokyo, JAPAN",http://iiif.io/api/presentation/2#rightToLeftDirection,,田中芳男・博物学コレクション,10000034,,https://iiif.dl.itc.u-tokyo.ac.jp/repo/iiif/223672ef-6390-23d5-1dc1-32ff9ef65498/manifest,,,,,88
物産雑説 甲三二,,,,軟体類一 頭脚類、単殻類 附蝸牛(乙六ニ出),,,A00:5764,田中芳男,129,,,,,,,,https://www.lib.u-tokyo.ac.jp/ja/library/contents/archives-top/reuse,http://tify.sub.uni-goettingen.de/demo.html?manifest=https://archdataset.dl.itc.u-tokyo.ac.jp/manifest/10f810b8-0351-05fa-5d7b-0b2cd1d14122.json,10f810b8-0351-05fa-5d7b-0b2cd1d14122,https://iiif.dl.itc.u-tokyo.ac.jp/repo/s/tanaka/,https://iiif.dl.itc.u-tokyo.ac.jp/repo/s/tanaka/document/10f810b8-0351-05fa-5d7b-0b2cd1d14122,https://iiif.dl.itc.u-tokyo.ac.jp/repo/files/medium/ebfcc5df4a3e09086e6a57bfd3ae873e18003cf2.jpg,https://iiif.dl.itc.u-tokyo.ac.jp/repo/api/items/520355,"東京大学総合図書館 General Library in the University of Tokyo, JAPAN",http://iiif.io/api/presentation/2#rightToLeftDirection,,田中芳男・博物学コレクション,10000035,,https://iiif.dl.itc.u-tokyo.ac.jp/repo/iiif/10f810b8-0351-05fa-5d7b-0b2cd1d14122/manifest,,,,,129
物産雑説 甲三三,,,,軟体類二 双殻類、軟躰類混交物(乙六ニ出),,,A00:5764,田中芳男,199,,,,,,,,https://www.lib.u-tokyo.ac.jp/ja/library/contents/archives-top/reuse,http://tify.sub.uni-goettingen.de/demo.html?manifest=https://archdataset.dl.itc.u-tokyo.ac.jp/manifest/e817e804-5ba5-7811-5c68-06589d770930.json,e817e804-5ba5-7811-5c68-06589d770930,https://iiif.dl.itc.u-tokyo.ac.jp/repo/s/tanaka/,https://iiif.dl.itc.u-tokyo.ac.jp/repo/s/tanaka/document/e817e804-5ba5-7811-5c68-06589d770930,https://iiif.dl.itc.u-tokyo.ac.jp/repo/files/medium/d40456334d526a460b4f830a05478a4d185b775c.jpg,https://iiif.dl.itc.u-tokyo.ac.jp/repo/api/items/520356,"東京大学総合図書館 General Library in the University of Tokyo, JAPAN",http://iiif.io/api/presentation/2#rightToLeftDirection,,田中芳男・博物学コレクション,10000036,,https://iiif.dl.itc.u-tokyo.ac.jp/repo/iiif/e817e804-5ba5-7811-5c68-06589d770930/manifest,,,,,199
物産雑説 甲三四,,,,水虫類,,,A00:5764,田中芳男,111,,,,,,,,https://www.lib.u-tokyo.ac.jp/ja/library/contents/archives-top/reuse,http://tify.sub.uni-goettingen.de/demo.html?manifest=https://archdataset.dl.itc.u-tokyo.ac.jp/manifest/ae625e8a-71b9-5061-3731-9fbacc56318a.json,ae625e8a-71b9-5061-3731-9fbacc56318a,https://iiif.dl.itc.u-tokyo.ac.jp/repo/s/tanaka/,https://iiif.dl.itc.u-tokyo.ac.jp/repo/s/tanaka/document/ae625e8a-71b9-5061-3731-9fbacc56318a,https://iiif.dl.itc.u-tokyo.ac.jp/repo/files/medium/cf90d4c0af0b151aced6568590722abdcfa4b8fd.jpg,https://iiif.dl.itc.u-tokyo.ac.jp/repo/api/items/520357,"東京大学総合図書館 General Library in the University of Tokyo, JAPAN",http://iiif.io/api/presentation/2#rightToLeftDirection,,田中芳男・博物学コレクション,10000037,,https://iiif.dl.itc.u-tokyo.ac.jp/repo/iiif/ae625e8a-71b9-5061-3731-9fbacc56318a/manifest,,,,,111
物産雑説 甲三五,,,,魚類一 棘鰭類(乙七ニモアリ),,,A00:5764,田中芳男,194,,,,,,,,https://www.lib.u-tokyo.ac.jp/ja/library/contents/archives-top/reuse,http://tify.sub.uni-goettingen.de/demo.html?manifest=https://archdataset.dl.itc.u-tokyo.ac.jp/manifest/4d46476a-763d-5aa8-1ac0-d0d3a59f38b2.json,4d46476a-763d-5aa8-1ac0-d0d3a59f38b2,https://iiif.dl.itc.u-tokyo.ac.jp/repo/s/tanaka/,https://iiif.dl.itc.u-tokyo.ac.jp/repo/s/tanaka/document/4d46476a-763d-5aa8-1ac0-d0d3a59f38b2,https://iiif.dl.itc.u-tokyo.ac.jp/repo/files/medium/f7725cb2cfb37eca24de7cc4453476bc3459cfc6.jpg,https://iiif.dl.itc.u-tokyo.ac.jp/repo/api/items/520358,"東京大学総合図書館 General Library in the University of Tokyo, JAPAN",http://iiif.io/api/presentation/2#rightToLeftDirection,,田中芳男・博物学コレクション,10000038,,https://iiif.dl.itc.u-tokyo.ac.jp/repo/iiif/4d46476a-763d-5aa8-1ac0-d0d3a59f38b2/manifest,,,,,194
物産雑説 甲三六,,,,魚類二 軟鰭類(乙七ニモアリ),,,A00:5764,田中芳男,234,,,,,,,,https://www.lib.u-tokyo.ac.jp/ja/library/contents/archives-top/reuse,http://tify.sub.uni-goettingen.de/demo.html?manifest=https://archdataset.dl.itc.u-tokyo.ac.jp/manifest/abaab46f-897e-89d5-56a4-b93ebabe4f3e.json,abaab46f-897e-89d5-56a4-b93ebabe4f3e,https://iiif.dl.itc.u-tokyo.ac.jp/repo/s/tanaka/,https://iiif.dl.itc.u-tokyo.ac.jp/repo/s/tanaka/document/abaab46f-897e-89d5-56a4-b93ebabe4f3e,https://iiif.dl.itc.u-tokyo.ac.jp/repo/files/medium/edcff3a44417d5f16795c095f4c476318c269b8a.jpg,https://iiif.dl.itc.u-tokyo.ac.jp/repo/api/items/520359,"東京大学総合図書館 General Library in the University of Tokyo, JAPAN",http://iiif.io/api/presentation/2#rightToLeftDirection,,田中芳男・博物学コレクション,10000039,,https://iiif.dl.itc.u-tokyo.ac.jp/repo/iiif/abaab46f-897e-89d5-56a4-b93ebabe4f3e/manifest,,,,,234
物産雑説 甲三七,,,,魚類三 異鰓類及雑部(乙七ニモアリ),,,A00:5764,田中芳男,146,,,,,,,,https://www.lib.u-tokyo.ac.jp/ja/library/contents/archives-top/reuse,http://tify.sub.uni-goettingen.de/demo.html?manifest=https://archdataset.dl.itc.u-tokyo.ac.jp/manifest/66d39942-5ba8-7682-4932-4e748fe4516f.json,66d39942-5ba8-7682-4932-4e748fe4516f,https://iiif.dl.itc.u-tokyo.ac.jp/repo/s/tanaka/,https://iiif.dl.itc.u-tokyo.ac.jp/repo/s/tanaka/document/66d39942-5ba8-7682-4932-4e748fe4516f,https://iiif.dl.itc.u-tokyo.ac.jp/repo/files/medium/b540d34e9492e698166f6417d9d0f9b7d16f170b.jpg,https://iiif.dl.itc.u-tokyo.ac.jp/repo/api/items/520360,"東京大学総合図書館 General Library in the University of Tokyo, JAPAN",http://iiif.io/api/presentation/2#rightToLeftDirection,,田中芳男・博物学コレクション,10000040,,https://iiif.dl.itc.u-tokyo.ac.jp/repo/iiif/66d39942-5ba8-7682-4932-4e748fe4516f/manifest,,,,,146
物産雑説 甲三八,,,,海藻類一 昆布類(乙八海藻中ニモアリ),,,A00:5764,田中芳男,160,,,,,,,,https://www.lib.u-tokyo.ac.jp/ja/library/contents/archives-top/reuse,http://tify.sub.uni-goettingen.de/demo.html?manifest=https://archdataset.dl.itc.u-tokyo.ac.jp/manifest/d7624f7f-6adf-4567-4acb-51411c2d8437.json,d7624f7f-6adf-4567-4acb-51411c2d8437,https://iiif.dl.itc.u-tokyo.ac.jp/repo/s/tanaka/,https://iiif.dl.itc.u-tokyo.ac.jp/repo/s/tanaka/document/d7624f7f-6adf-4567-4acb-51411c2d8437,https://iiif.dl.itc.u-tokyo.ac.jp/repo/files/medium/da600b619596be5bcd1e29176ef85c8a24b8c17f.jpg,https://iiif.dl.itc.u-tokyo.ac.jp/repo/api/items/520361,"東京大学総合図書館 General Library in the University of Tokyo, JAPAN",http://iiif.io/api/presentation/2#rightToLeftDirection,,田中芳男・博物学コレクション,10000041,,https://iiif.dl.itc.u-tokyo.ac.jp/repo/iiif/d7624f7f-6adf-4567-4acb-51411c2d8437/manifest,,,,,160
物産雑説 甲三九,,,,海藻類二 苔藻、水草類,,,A00:5764,田中芳男,151,,,,,,,,https://www.lib.u-tokyo.ac.jp/ja/library/contents/archives-top/reuse,http://tify.sub.uni-goettingen.de/demo.html?manifest=https://archdataset.dl.itc.u-tokyo.ac.jp/manifest/c891f534-81e5-7bd2-0fdb-b7982e376630.json,c891f534-81e5-7bd2-0fdb-b7982e376630,https://iiif.dl.itc.u-tokyo.ac.jp/repo/s/tanaka/,https://iiif.dl.itc.u-tokyo.ac.jp/repo/s/tanaka/document/c891f534-81e5-7bd2-0fdb-b7982e376630,https://iiif.dl.itc.u-tokyo.ac.jp/repo/files/medium/8a9fc7b15e6bc2706460a7dc2717c1184bc885af.jpg,https://iiif.dl.itc.u-tokyo.ac.jp/repo/api/items/520362,"東京大学総合図書館 General Library in the University of Tokyo, JAPAN",http://iiif.io/api/presentation/2#rightToLeftDirection,,田中芳男・博物学コレクション,10000042,,https://iiif.dl.itc.u-tokyo.ac.jp/repo/iiif/c891f534-81e5-7bd2-0fdb-b7982e376630/manifest,,,,,151
物産雑説 甲四十,,,,海藻類,,,A00:5764,田中芳男,92,,,,,,,,https://www.lib.u-tokyo.ac.jp/ja/library/contents/archives-top/reuse,http://tify.sub.uni-goettingen.de/demo.html?manifest=https://archdataset.dl.itc.u-tokyo.ac.jp/manifest/07e1ace9-12d7-40d9-8e23-c3c24a2d1df1.json,07e1ace9-12d7-40d9-8e23-c3c24a2d1df1,https://iiif.dl.itc.u-tokyo.ac.jp/repo/s/tanaka/,https://iiif.dl.itc.u-tokyo.ac.jp/repo/s/tanaka/document/07e1ace9-12d7-40d9-8e23-c3c24a2d1df1,https://iiif.dl.itc.u-tokyo.ac.jp/repo/files/medium/080784b5bc8af61cf58ec2ed771dbb523c340c70.jpg,https://iiif.dl.itc.u-tokyo.ac.jp/repo/api/items/520363,"東京大学総合図書館 General Library in the University of Tokyo, JAPAN",http://iiif.io/api/presentation/2#rightToLeftDirection,,田中芳男・博物学コレクション,10000043,,https://iiif.dl.itc.u-tokyo.ac.jp/repo/iiif/07e1ace9-12d7-40d9-8e23-c3c24a2d1df1/manifest,,,,,92
物産雑説 甲四一,,,,水産各種混交物,,,A00:5764,田中芳男,204,,,,,,,,https://www.lib.u-tokyo.ac.jp/ja/library/contents/archives-top/reuse,http://tify.sub.uni-goettingen.de/demo.html?manifest=https://archdataset.dl.itc.u-tokyo.ac.jp/manifest/7829c96a-2e1d-3c61-03a6-e22c727a98d1.json,7829c96a-2e1d-3c61-03a6-e22c727a98d1,https://iiif.dl.itc.u-tokyo.ac.jp/repo/s/tanaka/,https://iiif.dl.itc.u-tokyo.ac.jp/repo/s/tanaka/document/7829c96a-2e1d-3c61-03a6-e22c727a98d1,https://iiif.dl.itc.u-tokyo.ac.jp/repo/files/medium/e7fd220b28f77d1c5591db522bb5eda9d4a692ff.jpg,https://iiif.dl.itc.u-tokyo.ac.jp/repo/api/items/520364,"東京大学総合図書館 General Library in the University of Tokyo, JAPAN",http://iiif.io/api/presentation/2#rightToLeftDirection,,田中芳男・博物学コレクション,10000044,,https://iiif.dl.itc.u-tokyo.ac.jp/repo/iiif/7829c96a-2e1d-3c61-03a6-e22c727a98d1/manifest,,,,,204
物産雑説 甲四二,,,,雑部,,,A00:5764,田中芳男,173,,,,,,,,https://www.lib.u-tokyo.ac.jp/ja/library/contents/archives-top/reuse,http://tify.sub.uni-goettingen.de/demo.html?manifest=https://archdataset.dl.itc.u-tokyo.ac.jp/manifest/bd3c2806-63c5-7ebd-1dad-41f0b7a866d1.json,bd3c2806-63c5-7ebd-1dad-41f0b7a866d1,https://iiif.dl.itc.u-tokyo.ac.jp/repo/s/tanaka/,https://iiif.dl.itc.u-tokyo.ac.jp/repo/s/tanaka/document/bd3c2806-63c5-7ebd-1dad-41f0b7a866d1,https://iiif.dl.itc.u-tokyo.ac.jp/repo/files/medium/47ff904b8bbe7a75ccc3da1436c571491f28d3ea.jpg,https://iiif.dl.itc.u-tokyo.ac.jp/repo/api/items/520365,"東京大学総合図書館 General Library in the University of Tokyo, JAPAN",http://iiif.io/api/presentation/2#rightToLeftDirection,,田中芳男・博物学コレクション,10000045,,https://iiif.dl.itc.u-tokyo.ac.jp/repo/iiif/bd3c2806-63c5-7ebd-1dad-41f0b7a866d1/manifest,,,,,173
物産雑説 甲四三,,,,雑集,,,A00:5764,田中芳男,54,,,,,,,,https://www.lib.u-tokyo.ac.jp/ja/library/contents/archives-top/reuse,http://tify.sub.uni-goettingen.de/demo.html?manifest=https://archdataset.dl.itc.u-tokyo.ac.jp/manifest/b0a83c60-88f0-6c86-4779-c7a9748723c6.json,b0a83c60-88f0-6c86-4779-c7a9748723c6,https://iiif.dl.itc.u-tokyo.ac.jp/repo/s/tanaka/,https://iiif.dl.itc.u-tokyo.ac.jp/repo/s/tanaka/document/b0a83c60-88f0-6c86-4779-c7a9748723c6,https://iiif.dl.itc.u-tokyo.ac.jp/repo/files/medium/068b13b6aff92af58d52c5161f3dcb56d51261c9.jpg,https://iiif.dl.itc.u-tokyo.ac.jp/repo/api/items/520366,"東京大学総合図書館 General Library in the University of Tokyo, JAPAN",http://iiif.io/api/presentation/2#rightToLeftDirection,,田中芳男・博物学コレクション,10000046,,https://iiif.dl.itc.u-tokyo.ac.jp/repo/iiif/b0a83c60-88f0-6c86-4779-c7a9748723c6/manifest,,,,,54
物産雑説 甲四四,,,,小笠原島産物,,,A00:5764,田中芳男,143,,,,,,,,https://www.lib.u-tokyo.ac.jp/ja/library/contents/archives-top/reuse,http://tify.sub.uni-goettingen.de/demo.html?manifest=https://archdataset.dl.itc.u-tokyo.ac.jp/manifest/358deb00-430f-5bd5-9801-51a5abc63c6b.json,358deb00-430f-5bd5-9801-51a5abc63c6b,https://iiif.dl.itc.u-tokyo.ac.jp/repo/s/tanaka/,https://iiif.dl.itc.u-tokyo.ac.jp/repo/s/tanaka/document/358deb00-430f-5bd5-9801-51a5abc63c6b,https://iiif.dl.itc.u-tokyo.ac.jp/repo/files/medium/7f3d7713866c57f91df3cdd66e0b62ba4fe6acd9.jpg,https://iiif.dl.itc.u-tokyo.ac.jp/repo/api/items/520367,"東京大学総合図書館 General Library in the University of Tokyo, JAPAN",http://iiif.io/api/presentation/2#rightToLeftDirection,,田中芳男・博物学コレクション,10000047,,https://iiif.dl.itc.u-tokyo.ac.jp/repo/iiif/358deb00-430f-5bd5-9801-51a5abc63c6b/manifest,,,,,143
物産雑説 甲四五,,,,魚品雑記 并 分科名彙,,,A00:5764,田中芳男,97,,,,,,,,https://www.lib.u-tokyo.ac.jp/ja/library/contents/archives-top/reuse,http://tify.sub.uni-goettingen.de/demo.html?manifest=https://archdataset.dl.itc.u-tokyo.ac.jp/manifest/b9b7bd0f-5747-657b-1fbc-77914c9d8f85.json,b9b7bd0f-5747-657b-1fbc-77914c9d8f85,https://iiif.dl.itc.u-tokyo.ac.jp/repo/s/tanaka/,https://iiif.dl.itc.u-tokyo.ac.jp/repo/s/tanaka/document/b9b7bd0f-5747-657b-1fbc-77914c9d8f85,https://iiif.dl.itc.u-tokyo.ac.jp/repo/files/medium/98fe1acc29e98c90d3ce79de613d9e64972b0e9d.jpg,https://iiif.dl.itc.u-tokyo.ac.jp/repo/api/items/520368,"東京大学総合図書館 General Library in the University of Tokyo, JAPAN",http://iiif.io/api/presentation/2#rightToLeftDirection,,田中芳男・博物学コレクション,10000048,,https://iiif.dl.itc.u-tokyo.ac.jp/repo/iiif/b9b7bd0f-5747-657b-1fbc-77914c9d8f85/manifest,,,,,97
物産雑説 甲四六,,,,越後 并 岩代植物,,,A00:5764,田中芳男,37,,,,,,,,https://www.lib.u-tokyo.ac.jp/ja/library/contents/archives-top/reuse,http://tify.sub.uni-goettingen.de/demo.html?manifest=https://archdataset.dl.itc.u-tokyo.ac.jp/manifest/5a1e77f8-1363-9bd7-4845-4ede297750b2.json,5a1e77f8-1363-9bd7-4845-4ede297750b2,https://iiif.dl.itc.u-tokyo.ac.jp/repo/s/tanaka/,https://iiif.dl.itc.u-tokyo.ac.jp/repo/s/tanaka/document/5a1e77f8-1363-9bd7-4845-4ede297750b2,https://iiif.dl.itc.u-tokyo.ac.jp/repo/files/medium/31d8637738130fe8bb324eda857bb5739a53a3bf.jpg,https://iiif.dl.itc.u-tokyo.ac.jp/repo/api/items/520369,"東京大学総合図書館 General Library in the University of Tokyo, JAPAN",http://iiif.io/api/presentation/2#rightToLeftDirection,,田中芳男・博物学コレクション,10000049,,https://iiif.dl.itc.u-tokyo.ac.jp/repo/iiif/5a1e77f8-1363-9bd7-4845-4ede297750b2/manifest,,,,,37
物産雑説 甲四七,,,,(米国博覧会行見聞博物学上関係ノ件并動物名稿雑集 十六年九月八日綴),,,A00:5764,田中芳男,43,,,,,,,,https://www.lib.u-tokyo.ac.jp/ja/library/contents/archives-top/reuse,http://tify.sub.uni-goettingen.de/demo.html?manifest=https://archdataset.dl.itc.u-tokyo.ac.jp/manifest/bc2948c7-5c0e-2e44-11b3-cb3027434fe8.json,bc2948c7-5c0e-2e44-11b3-cb3027434fe8,https://iiif.dl.itc.u-tokyo.ac.jp/repo/s/tanaka/,https://iiif.dl.itc.u-tokyo.ac.jp/repo/s/tanaka/document/bc2948c7-5c0e-2e44-11b3-cb3027434fe8,https://iiif.dl.itc.u-tokyo.ac.jp/repo/files/medium/d51a1e2da505f6e5d72a83e4ffa3f3f5666a1153.jpg,https://iiif.dl.itc.u-tokyo.ac.jp/repo/api/items/520370,"東京大学総合図書館 General Library in the University of Tokyo, JAPAN",http://iiif.io/api/presentation/2#rightToLeftDirection,,田中芳男・博物学コレクション,10000050,,https://iiif.dl.itc.u-tokyo.ac.jp/repo/iiif/bc2948c7-5c0e-2e44-11b3-cb3027434fe8/manifest,,,,,43
物産雑説 乙一,,,,根菜類、葉菜類(甲七、八ニ出ル),,,A00:5764,田中芳男,198,,,,,,,,https://www.lib.u-tokyo.ac.jp/ja/library/contents/archives-top/reuse,http://tify.sub.uni-goettingen.de/demo.html?manifest=https://archdataset.dl.itc.u-tokyo.ac.jp/manifest/34bc32fa-660c-7f4a-54a4-0b0cf714847f.json,34bc32fa-660c-7f4a-54a4-0b0cf714847f,https://iiif.dl.itc.u-tokyo.ac.jp/repo/s/tanaka/,https://iiif.dl.itc.u-tokyo.ac.jp/repo/s/tanaka/document/34bc32fa-660c-7f4a-54a4-0b0cf714847f,https://iiif.dl.itc.u-tokyo.ac.jp/repo/files/medium/cd6e2f9d21ce5f3231c0f22a3efd084737b23fca.jpg,https://iiif.dl.itc.u-tokyo.ac.jp/repo/api/items/520371,"東京大学総合図書館 General Library in the University of Tokyo, JAPAN",http://iiif.io/api/presentation/2#rightToLeftDirection,,田中芳男・博物学コレクション,10000051,,https://iiif.dl.itc.u-tokyo.ac.jp/repo/iiif/34bc32fa-660c-7f4a-54a4-0b0cf714847f/manifest,,,,,198
物産雑説 乙二,,,,蓏菜類(甲九ニ出ル),,,A00:5764,田中芳男,129,,,,,,,,https://www.lib.u-tokyo.ac.jp/ja/library/contents/archives-top/reuse,http://tify.sub.uni-goettingen.de/demo.html?manifest=https://archdataset.dl.itc.u-tokyo.ac.jp/manifest/213b7472-7747-29bf-7684-5aafba412629.json,213b7472-7747-29bf-7684-5aafba412629,https://iiif.dl.itc.u-tokyo.ac.jp/repo/s/tanaka/,https://iiif.dl.itc.u-tokyo.ac.jp/repo/s/tanaka/document/213b7472-7747-29bf-7684-5aafba412629,https://iiif.dl.itc.u-tokyo.ac.jp/repo/files/medium/2c080d51df57073603bf361fff493b3cac64e6ab.jpg,https://iiif.dl.itc.u-tokyo.ac.jp/repo/api/items/520372,"東京大学総合図書館 General Library in the University of Tokyo, JAPAN",http://iiif.io/api/presentation/2#rightToLeftDirection,,田中芳男・博物学コレクション,10000052,,https://iiif.dl.itc.u-tokyo.ac.jp/repo/iiif/213b7472-7747-29bf-7684-5aafba412629/manifest,,,,,129
物産雑説 乙三,,,,木材類(甲十九ニ出),,,A00:5764,田中芳男,166,,,,,,,,https://www.lib.u-tokyo.ac.jp/ja/library/contents/archives-top/reuse,http://tify.sub.uni-goettingen.de/demo.html?manifest=https://archdataset.dl.itc.u-tokyo.ac.jp/manifest/d1c71503-5c30-a1fc-9ab2-3a677a526f83.json,d1c71503-5c30-a1fc-9ab2-3a677a526f83,https://iiif.dl.itc.u-tokyo.ac.jp/repo/s/tanaka/,https://iiif.dl.itc.u-tokyo.ac.jp/repo/s/tanaka/document/d1c71503-5c30-a1fc-9ab2-3a677a526f83,https://iiif.dl.itc.u-tokyo.ac.jp/repo/files/medium/0a92db7e2dab10d3617c10f403c3963852448c69.jpg,https://iiif.dl.itc.u-tokyo.ac.jp/repo/api/items/520373,"東京大学総合図書館 General Library in the University of Tokyo, JAPAN",http://iiif.io/api/presentation/2#rightToLeftDirection,,田中芳男・博物学コレクション,10000053,,https://iiif.dl.itc.u-tokyo.ac.jp/repo/iiif/d1c71503-5c30-a1fc-9ab2-3a677a526f83/manifest,,,,,166
物産雑説 乙四,,,,竹類、スダレヨシ(甲二十ニ出),,,A00:5764,田中芳男,118,,,,,,,,https://www.lib.u-tokyo.ac.jp/ja/library/contents/archives-top/reuse,http://tify.sub.uni-goettingen.de/demo.html?manifest=https://archdataset.dl.itc.u-tokyo.ac.jp/manifest/ae824634-481b-2f7f-12cd-a8bb9d534e9d.json,ae824634-481b-2f7f-12cd-a8bb9d534e9d,https://iiif.dl.itc.u-tokyo.ac.jp/repo/s/tanaka/,https://iiif.dl.itc.u-tokyo.ac.jp/repo/s/tanaka/document/ae824634-481b-2f7f-12cd-a8bb9d534e9d,https://iiif.dl.itc.u-tokyo.ac.jp/repo/files/medium/661a7f70cd86a34005fbad9410ab0722eb499289.jpg,https://iiif.dl.itc.u-tokyo.ac.jp/repo/api/items/520374,"東京大学総合図書館 General Library in the University of Tokyo, JAPAN",http://iiif.io/api/presentation/2#rightToLeftDirection,,田中芳男・博物学コレクション,10000054,,https://iiif.dl.itc.u-tokyo.ac.jp/repo/iiif/ae824634-481b-2f7f-12cd-a8bb9d534e9d/manifest,,,,,118
物産雑説 乙六,,,,軟体類(甲三十二、三十三ニ出),,,A00:5764,田中芳男,111,,,,,,,,https://www.lib.u-tokyo.ac.jp/ja/library/contents/archives-top/reuse,http://tify.sub.uni-goettingen.de/demo.html?manifest=https://archdataset.dl.itc.u-tokyo.ac.jp/manifest/5d0a571c-6f32-0eb0-9ac2-150061c96e5d.json,5d0a571c-6f32-0eb0-9ac2-150061c96e5d,https://iiif.dl.itc.u-tokyo.ac.jp/repo/s/tanaka/,https://iiif.dl.itc.u-tokyo.ac.jp/repo/s/tanaka/document/5d0a571c-6f32-0eb0-9ac2-150061c96e5d,https://iiif.dl.itc.u-tokyo.ac.jp/repo/files/medium/4197c438dd99c0bafc5f96884a39132683b9c267.jpg,https://iiif.dl.itc.u-tokyo.ac.jp/repo/api/items/520375,"東京大学総合図書館 General Library in the University of Tokyo, JAPAN",http://iiif.io/api/presentation/2#rightToLeftDirection,,田中芳男・博物学コレクション,10000055,,https://iiif.dl.itc.u-tokyo.ac.jp/repo/iiif/5d0a571c-6f32-0eb0-9ac2-150061c96e5d/manifest,,,,,111
物産雑説 乙七,,,,魚類(甲三十五、六、七ニ出),,,A00:5764,田中芳男,181,,,,,,,,https://www.lib.u-tokyo.ac.jp/ja/library/contents/archives-top/reuse,http://tify.sub.uni-goettingen.de/demo.html?manifest=https://archdataset.dl.itc.u-tokyo.ac.jp/manifest/e98093be-464a-7b5d-9f09-f18e87ec0ba8.json,e98093be-464a-7b5d-9f09-f18e87ec0ba8,https://iiif.dl.itc.u-tokyo.ac.jp/repo/s/tanaka/,https://iiif.dl.itc.u-tokyo.ac.jp/repo/s/tanaka/document/e98093be-464a-7b5d-9f09-f18e87ec0ba8,https://iiif.dl.itc.u-tokyo.ac.jp/repo/files/medium/c9e7ffefe6978b4275e3214e0a41fb23ac59ebb0.jpg,https://iiif.dl.itc.u-tokyo.ac.jp/repo/api/items/520376,"東京大学総合図書館 General Library in the University of Tokyo, JAPAN",http://iiif.io/api/presentation/2#rightToLeftDirection,,田中芳男・博物学コレクション,10000056,,https://iiif.dl.itc.u-tokyo.ac.jp/repo/iiif/e98093be-464a-7b5d-9f09-f18e87ec0ba8/manifest,,,,,181
物産雑説 乙八,,,,海藻類(甲三八昆布、三九苔藻、四十海藻),,,A00:5764,田中芳男,91,,,,,,,,https://www.lib.u-tokyo.ac.jp/ja/library/contents/archives-top/reuse,http://tify.sub.uni-goettingen.de/demo.html?manifest=https://archdataset.dl.itc.u-tokyo.ac.jp/manifest/c754cf3e-5868-9efc-22b4-91de8e7e4b3a.json,c754cf3e-5868-9efc-22b4-91de8e7e4b3a,https://iiif.dl.itc.u-tokyo.ac.jp/repo/s/tanaka/,https://iiif.dl.itc.u-tokyo.ac.jp/repo/s/tanaka/document/c754cf3e-5868-9efc-22b4-91de8e7e4b3a,https://iiif.dl.itc.u-tokyo.ac.jp/repo/files/medium/9fa7c44ee6784ca426ad823d007721f19deed607.jpg,https://iiif.dl.itc.u-tokyo.ac.jp/repo/api/items/520377,"東京大学総合図書館 General Library in the University of Tokyo, JAPAN",http://iiif.io/api/presentation/2#rightToLeftDirection,,田中芳男・博物学コレクション,10000057,,https://iiif.dl.itc.u-tokyo.ac.jp/repo/iiif/c754cf3e-5868-9efc-22b4-91de8e7e4b3a/manifest,,,,,91
物産雑説 乙九,,,,根菜類 甲八ニモ出ル,,,A00:5764,田中芳男,165,,,,,,,,https://www.lib.u-tokyo.ac.jp/ja/library/contents/archives-top/reuse,http://tify.sub.uni-goettingen.de/demo.html?manifest=https://archdataset.dl.itc.u-tokyo.ac.jp/manifest/a19c6657-822b-6e67-167a-ae58a8f30055.json,a19c6657-822b-6e67-167a-ae58a8f30055,https://iiif.dl.itc.u-tokyo.ac.jp/repo/s/tanaka/,https://iiif.dl.itc.u-tokyo.ac.jp/repo/s/tanaka/document/a19c6657-822b-6e67-167a-ae58a8f30055,https://iiif.dl.itc.u-tokyo.ac.jp/repo/files/medium/be0bfdf0bc12d69157e47795223af323d6ef4ff1.jpg,https://iiif.dl.itc.u-tokyo.ac.jp/repo/api/items/520378,"東京大学総合図書館 General Library in the University of Tokyo, JAPAN",http://iiif.io/api/presentation/2#rightToLeftDirection,,田中芳男・博物学コレクション,10000058,,https://iiif.dl.itc.u-tokyo.ac.jp/repo/iiif/a19c6657-822b-6e67-167a-ae58a8f30055/manifest,,,,,165
物産雑説 乙十,,,,小笠原島植物,,,A00:5764,田中芳男,80,,,,,,,,https://www.lib.u-tokyo.ac.jp/ja/library/contents/archives-top/reuse,http://tify.sub.uni-goettingen.de/demo.html?manifest=https://archdataset.dl.itc.u-tokyo.ac.jp/manifest/4a8842ca-1e57-8cda-9b6b-0c9a707e77b3.json,4a8842ca-1e57-8cda-9b6b-0c9a707e77b3,https://iiif.dl.itc.u-tokyo.ac.jp/repo/s/tanaka/,https://iiif.dl.itc.u-tokyo.ac.jp/repo/s/tanaka/document/4a8842ca-1e57-8cda-9b6b-0c9a707e77b3,https://iiif.dl.itc.u-tokyo.ac.jp/repo/files/medium/0a175939537584610b511f3e1bdb0605db4b6fcf.jpg,https://iiif.dl.itc.u-tokyo.ac.jp/repo/api/items/520379,"東京大学総合図書館 General Library in the University of Tokyo, JAPAN",http://iiif.io/api/presentation/2#rightToLeftDirection,,田中芳男・博物学コレクション,10000059,,https://iiif.dl.itc.u-tokyo.ac.jp/repo/iiif/4a8842ca-1e57-8cda-9b6b-0c9a707e77b3/manifest,,,,,80
物産雑説 乙十一,,,,奥青輔清國水産,,,A00:5764,田中芳男,41,,,,,,,,https://www.lib.u-tokyo.ac.jp/ja/library/contents/archives-top/reuse,http://tify.sub.uni-goettingen.de/demo.html?manifest=https://archdataset.dl.itc.u-tokyo.ac.jp/manifest/169fb70e-24f8-4b77-79e5-ba35a01b090f.json,169fb70e-24f8-4b77-79e5-ba35a01b090f,https://iiif.dl.itc.u-tokyo.ac.jp/repo/s/tanaka/,https://iiif.dl.itc.u-tokyo.ac.jp/repo/s/tanaka/document/169fb70e-24f8-4b77-79e5-ba35a01b090f,https://iiif.dl.itc.u-tokyo.ac.jp/repo/files/medium/cb50777a76dcdb2534f958de7a340dc002e5f48c.jpg,https://iiif.dl.itc.u-tokyo.ac.jp/repo/api/items/520380,"東京大学総合図書館 General Library in the University of Tokyo, JAPAN",http://iiif.io/api/presentation/2#rightToLeftDirection,,田中芳男・博物学コレクション,10000060,,https://iiif.dl.itc.u-tokyo.ac.jp/repo/iiif/169fb70e-24f8-4b77-79e5-ba35a01b090f/manifest,,,,,41
物産雑説 乙十二,,,,アンペラ・蒲莞,,,A00:5764,田中芳男,100,,,,,,,,https://www.lib.u-tokyo.ac.jp/ja/library/contents/archives-top/reuse,http://tify.sub.uni-goettingen.de/demo.html?manifest=https://archdataset.dl.itc.u-tokyo.ac.jp/manifest/f49e2480-26e2-4806-a72e-4d4f844392eb.json,f49e2480-26e2-4806-a72e-4d4f844392eb,https://iiif.dl.itc.u-tokyo.ac.jp/repo/s/tanaka/,https://iiif.dl.itc.u-tokyo.ac.jp/repo/s/tanaka/document/f49e2480-26e2-4806-a72e-4d4f844392eb,https://iiif.dl.itc.u-tokyo.ac.jp/repo/files/medium/eb1e43004eaa159b97b2d981b589eda32172136d.jpg,https://iiif.dl.itc.u-tokyo.ac.jp/repo/api/items/520381,"東京大学総合図書館 General Library in the University of Tokyo, JAPAN",http://iiif.io/api/presentation/2#rightToLeftDirection,,田中芳男・博物学コレクション,10000061,,https://iiif.dl.itc.u-tokyo.ac.jp/repo/iiif/f49e2480-26e2-4806-a72e-4d4f844392eb/manifest,,,,,100
物産雑説 乙十三,,,,沖縄物産一斑,,,A00:5764,田中芳男,59,,,,,,,,https://www.lib.u-tokyo.ac.jp/ja/library/contents/archives-top/reuse,http://tify.sub.uni-goettingen.de/demo.html?manifest=https://archdataset.dl.itc.u-tokyo.ac.jp/manifest/5cc53a1b-7bf2-a295-5d50-a3326b175e23.json,5cc53a1b-7bf2-a295-5d50-a3326b175e23,https://iiif.dl.itc.u-tokyo.ac.jp/repo/s/tanaka/,https://iiif.dl.itc.u-tokyo.ac.jp/repo/s/tanaka/document/5cc53a1b-7bf2-a295-5d50-a3326b175e23,https://iiif.dl.itc.u-tokyo.ac.jp/repo/files/medium/982f112f423eb6f5b995db2c9e8dbec19be94118.jpg,https://iiif.dl.itc.u-tokyo.ac.jp/repo/api/items/520382,"東京大学総合図書館 General Library in the University of Tokyo, JAPAN",http://iiif.io/api/presentation/2#rightToLeftDirection,,田中芳男・博物学コレクション,10000062,,https://iiif.dl.itc.u-tokyo.ac.jp/repo/iiif/5cc53a1b-7bf2-a295-5d50-a3326b175e23/manifest,,,,,59
物産雑説 乙十四,,,,文部省出品水産動物解説,,,A00:5764,田中芳男,118,,,,,,,,https://www.lib.u-tokyo.ac.jp/ja/library/contents/archives-top/reuse,http://tify.sub.uni-goettingen.de/demo.html?manifest=https://archdataset.dl.itc.u-tokyo.ac.jp/manifest/3eec9dd0-8028-0f1f-9efb-8842ce601e3c.json,3eec9dd0-8028-0f1f-9efb-8842ce601e3c,https://iiif.dl.itc.u-tokyo.ac.jp/repo/s/tanaka/,https://iiif.dl.itc.u-tokyo.ac.jp/repo/s/tanaka/document/3eec9dd0-8028-0f1f-9efb-8842ce601e3c,https://iiif.dl.itc.u-tokyo.ac.jp/repo/files/medium/26b917e82e2d6d2c613c7b297b99a75abf7cc857.jpg,https://iiif.dl.itc.u-tokyo.ac.jp/repo/api/items/520383,"東京大学総合図書館 General Library in the University of Tokyo, JAPAN",http://iiif.io/api/presentation/2#rightToLeftDirection,,田中芳男・博物学コレクション,10000063,,https://iiif.dl.itc.u-tokyo.ac.jp/repo/iiif/3eec9dd0-8028-0f1f-9efb-8842ce601e3c/manifest,,,,,118
物産宝庫目録,,,,,,,A00:5765,田中芳男,65,,,,,,,,https://www.lib.u-tokyo.ac.jp/ja/library/contents/archives-top/reuse,http://tify.sub.uni-goettingen.de/demo.html?manifest=https://archdataset.dl.itc.u-tokyo.ac.jp/manifest/77ca0ff5-24fb-5c9d-5bd2-42fbad0057a3.json,77ca0ff5-24fb-5c9d-5bd2-42fbad0057a3,https://iiif.dl.itc.u-tokyo.ac.jp/repo/s/tanaka/,https://iiif.dl.itc.u-tokyo.ac.jp/repo/s/tanaka/document/77ca0ff5-24fb-5c9d-5bd2-42fbad0057a3,https://iiif.dl.itc.u-tokyo.ac.jp/repo/files/medium/50ffdb8b11d46179b1830a62d40c39b6cc50d1d7.jpg,https://iiif.dl.itc.u-tokyo.ac.jp/repo/api/items/520384,"東京大学総合図書館 General Library in the University of Tokyo, JAPAN",http://iiif.io/api/presentation/2#rightToLeftDirection,,田中芳男・博物学コレクション,10000064,,https://iiif.dl.itc.u-tokyo.ac.jp/repo/iiif/77ca0ff5-24fb-5c9d-5bd2-42fbad0057a3/manifest,,,,,65
物産宝庫総目録 全,,,,,,,A00:5765,田中芳男,59,,,,,,,,https://www.lib.u-tokyo.ac.jp/ja/library/contents/archives-top/reuse,http://tify.sub.uni-goettingen.de/demo.html?manifest=https://archdataset.dl.itc.u-tokyo.ac.jp/manifest/f81aab7d-340c-92c9-3036-7e5aadd3662f.json,f81aab7d-340c-92c9-3036-7e5aadd3662f,https://iiif.dl.itc.u-tokyo.ac.jp/repo/s/tanaka/,https://iiif.dl.itc.u-tokyo.ac.jp/repo/s/tanaka/document/f81aab7d-340c-92c9-3036-7e5aadd3662f,https://iiif.dl.itc.u-tokyo.ac.jp/repo/files/medium/7909d829d899779cec7b0e30bce2e57e39593734.jpg,https://iiif.dl.itc.u-tokyo.ac.jp/repo/api/items/520385,"東京大学総合図書館 General Library in the University of Tokyo, JAPAN",http://iiif.io/api/presentation/2#rightToLeftDirection,,田中芳男・博物学コレクション,10000065,,https://iiif.dl.itc.u-tokyo.ac.jp/repo/iiif/f81aab7d-340c-92c9-3036-7e5aadd3662f/manifest,,,,,59
物産宝庫目録 全,,,,,,,A00:5765,田中芳男,63,,,,,,,,https://www.lib.u-tokyo.ac.jp/ja/library/contents/archives-top/reuse,http://tify.sub.uni-goettingen.de/demo.html?manifest=https://archdataset.dl.itc.u-tokyo.ac.jp/manifest/137ef1be-8891-71c5-3976-ab354aeb40b7.json,137ef1be-8891-71c5-3976-ab354aeb40b7,https://iiif.dl.itc.u-tokyo.ac.jp/repo/s/tanaka/,https://iiif.dl.itc.u-tokyo.ac.jp/repo/s/tanaka/document/137ef1be-8891-71c5-3976-ab354aeb40b7,https://iiif.dl.itc.u-tokyo.ac.jp/repo/files/medium/4e5e809b8a1ff10eeb3c9def24efd21b498ee7e5.jpg,https://iiif.dl.itc.u-tokyo.ac.jp/repo/api/items/520386,"東京大学総合図書館 General Library in the University of Tokyo, JAPAN",http://iiif.io/api/presentation/2#rightToLeftDirection,,田中芳男・博物学コレクション,10000066,,https://iiif.dl.itc.u-tokyo.ac.jp/repo/iiif/137ef1be-8891-71c5-3976-ab354aeb40b7/manifest,,,,,63
物産宝庫 甲一,,,,獣類、鳥類、爬虫類、柔軟類、多肢類、多節類,,,A00:5765,田中芳男,184,,,,,,,,https://www.lib.u-tokyo.ac.jp/ja/library/contents/archives-top/reuse,http://tify.sub.uni-goettingen.de/demo.html?manifest=https://archdataset.dl.itc.u-tokyo.ac.jp/manifest/ad4c7237-85bd-35b6-95f3-c4d04a9f5ef9.json,ad4c7237-85bd-35b6-95f3-c4d04a9f5ef9,https://iiif.dl.itc.u-tokyo.ac.jp/repo/s/tanaka/,https://iiif.dl.itc.u-tokyo.ac.jp/repo/s/tanaka/document/ad4c7237-85bd-35b6-95f3-c4d04a9f5ef9,https://iiif.dl.itc.u-tokyo.ac.jp/repo/files/medium/13cfb26b9fc8ccd86e2a4dbf9853abcdbd37c1e0.jpg,https://iiif.dl.itc.u-tokyo.ac.jp/repo/api/items/520387,"東京大学総合図書館 General Library in the University of Tokyo, JAPAN",http://iiif.io/api/presentation/2#rightToLeftDirection,,田中芳男・博物学コレクション,10000067,,https://iiif.dl.itc.u-tokyo.ac.jp/repo/iiif/ad4c7237-85bd-35b6-95f3-c4d04a9f5ef9/manifest,,,,,184
物産宝庫 甲二,,,,魚類,,,A00:5765,田中芳男,163,,,,,,,,https://www.lib.u-tokyo.ac.jp/ja/library/contents/archives-top/reuse,http://tify.sub.uni-goettingen.de/demo.html?manifest=https://archdataset.dl.itc.u-tokyo.ac.jp/manifest/10720b31-0dfd-11dc-253f-7f59bf4d9850.json,10720b31-0dfd-11dc-253f-7f59bf4d9850,https://iiif.dl.itc.u-tokyo.ac.jp/repo/s/tanaka/,https://iiif.dl.itc.u-tokyo.ac.jp/repo/s/tanaka/document/10720b31-0dfd-11dc-253f-7f59bf4d9850,https://iiif.dl.itc.u-tokyo.ac.jp/repo/files/medium/2b3e0d0d7c3de770224931bcd9480f4ee4dfb9d9.jpg,https://iiif.dl.itc.u-tokyo.ac.jp/repo/api/items/520388,"東京大学総合図書館 General Library in the University of Tokyo, JAPAN",http://iiif.io/api/presentation/2#rightToLeftDirection,,田中芳男・博物学コレクション,10000068,,https://iiif.dl.itc.u-tokyo.ac.jp/repo/iiif/10720b31-0dfd-11dc-253f-7f59bf4d9850/manifest,,,,,163
物産宝庫 甲三,,,,動物雑類,,,A00:5765,田中芳男,187,,,,,,,,https://www.lib.u-tokyo.ac.jp/ja/library/contents/archives-top/reuse,http://tify.sub.uni-goettingen.de/demo.html?manifest=https://archdataset.dl.itc.u-tokyo.ac.jp/manifest/20c2a966-07ab-8f5c-198b-c530ba52a659.json,20c2a966-07ab-8f5c-198b-c530ba52a659,https://iiif.dl.itc.u-tokyo.ac.jp/repo/s/tanaka/,https://iiif.dl.itc.u-tokyo.ac.jp/repo/s/tanaka/document/20c2a966-07ab-8f5c-198b-c530ba52a659,https://iiif.dl.itc.u-tokyo.ac.jp/repo/files/medium/84f541511f497b2b7812362f2cfb51090489b827.jpg,https://iiif.dl.itc.u-tokyo.ac.jp/repo/api/items/520389,"東京大学総合図書館 General Library in the University of Tokyo, JAPAN",http://iiif.io/api/presentation/2#rightToLeftDirection,,田中芳男・博物学コレクション,10000069,,https://iiif.dl.itc.u-tokyo.ac.jp/repo/iiif/20c2a966-07ab-8f5c-198b-c530ba52a659/manifest,,,,,187
物産宝庫 甲四,,,,穀菽類、葉菜及花菜類、根菜類、蓏菜類、菌蕈類、香辛類、澱粉類、畜食類、清娯類,,,A00:5765,田中芳男,164,,,,,,,,https://www.lib.u-tokyo.ac.jp/ja/library/contents/archives-top/reuse,http://tify.sub.uni-goettingen.de/demo.html?manifest=https://archdataset.dl.itc.u-tokyo.ac.jp/manifest/73fa4c07-92de-94a6-58e1-db1b813d9a34.json,73fa4c07-92de-94a6-58e1-db1b813d9a34,https://iiif.dl.itc.u-tokyo.ac.jp/repo/s/tanaka/,https://iiif.dl.itc.u-tokyo.ac.jp/repo/s/tanaka/document/73fa4c07-92de-94a6-58e1-db1b813d9a34,https://iiif.dl.itc.u-tokyo.ac.jp/repo/files/medium/b00eafac20cc5e099c18632462a8ecd017da20fc.jpg,https://iiif.dl.itc.u-tokyo.ac.jp/repo/api/items/520390,"東京大学総合図書館 General Library in the University of Tokyo, JAPAN",http://iiif.io/api/presentation/2#rightToLeftDirection,,田中芳男・博物学コレクション,10000070,,https://iiif.dl.itc.u-tokyo.ac.jp/repo/iiif/73fa4c07-92de-94a6-58e1-db1b813d9a34/manifest,,,,,164
物産宝庫 甲五,,,,各用類、油臘類、繊維類、製紙類、染色類、薬用類、有毒類,,,A00:5765,田中芳男,133,,,,,,,,https://www.lib.u-tokyo.ac.jp/ja/library/contents/archives-top/reuse,http://tify.sub.uni-goettingen.de/demo.html?manifest=https://archdataset.dl.itc.u-tokyo.ac.jp/manifest/1ce4ae09-84f4-0152-89b0-bd3264603d0c.json,1ce4ae09-84f4-0152-89b0-bd3264603d0c,https://iiif.dl.itc.u-tokyo.ac.jp/repo/s/tanaka/,https://iiif.dl.itc.u-tokyo.ac.jp/repo/s/tanaka/document/1ce4ae09-84f4-0152-89b0-bd3264603d0c,https://iiif.dl.itc.u-tokyo.ac.jp/repo/files/medium/f9ccd0fa6550a542918f6b89bceebc32ea00e86f.jpg,https://iiif.dl.itc.u-tokyo.ac.jp/repo/api/items/520391,"東京大学総合図書館 General Library in the University of Tokyo, JAPAN",http://iiif.io/api/presentation/2#rightToLeftDirection,,田中芳男・博物学コレクション,10000071,,https://iiif.dl.itc.u-tokyo.ac.jp/repo/iiif/1ce4ae09-84f4-0152-89b0-bd3264603d0c/manifest,,,,,133
物産宝庫 甲六,,,,水草類、海藻類,,,A00:5765,田中芳男,203,,,,,,,,https://www.lib.u-tokyo.ac.jp/ja/library/contents/archives-top/reuse,http://tify.sub.uni-goettingen.de/demo.html?manifest=https://archdataset.dl.itc.u-tokyo.ac.jp/manifest/982d5c68-0f23-7707-65a8-1606c0c01bd1.json,982d5c68-0f23-7707-65a8-1606c0c01bd1,https://iiif.dl.itc.u-tokyo.ac.jp/repo/s/tanaka/,https://iiif.dl.itc.u-tokyo.ac.jp/repo/s/tanaka/document/982d5c68-0f23-7707-65a8-1606c0c01bd1,https://iiif.dl.itc.u-tokyo.ac.jp/repo/files/medium/2e16886d9faaf6eb2873243653e83ae5d9ac6c75.jpg,https://iiif.dl.itc.u-tokyo.ac.jp/repo/api/items/520392,"東京大学総合図書館 General Library in the University of Tokyo, JAPAN",http://iiif.io/api/presentation/2#rightToLeftDirection,,田中芳男・博物学コレクション,10000072,,https://iiif.dl.itc.u-tokyo.ac.jp/repo/iiif/982d5c68-0f23-7707-65a8-1606c0c01bd1/manifest,,,,,203
物産宝庫 甲七,,,,菓物類,,,A00:5765,田中芳男,87,,,,,,,,https://www.lib.u-tokyo.ac.jp/ja/library/contents/archives-top/reuse,http://tify.sub.uni-goettingen.de/demo.html?manifest=https://archdataset.dl.itc.u-tokyo.ac.jp/manifest/ad960a92-79c1-2a22-a370-83f1c21e7700.json,ad960a92-79c1-2a22-a370-83f1c21e7700,https://iiif.dl.itc.u-tokyo.ac.jp/repo/s/tanaka/,https://iiif.dl.itc.u-tokyo.ac.jp/repo/s/tanaka/document/ad960a92-79c1-2a22-a370-83f1c21e7700,https://iiif.dl.itc.u-tokyo.ac.jp/repo/files/medium/c5a61a2790fef946f824041cf6b8304eb0d8f313.jpg,https://iiif.dl.itc.u-tokyo.ac.jp/repo/api/items/520393,"東京大学総合図書館 General Library in the University of Tokyo, JAPAN",http://iiif.io/api/presentation/2#rightToLeftDirection,,田中芳男・博物学コレクション,10000073,,https://iiif.dl.itc.u-tokyo.ac.jp/repo/iiif/ad960a92-79c1-2a22-a370-83f1c21e7700/manifest,,,,,87
物産宝庫 甲八,,,,木竹類,,,A00:5765,田中芳男,115,,,,,,,,https://www.lib.u-tokyo.ac.jp/ja/library/contents/archives-top/reuse,http://tify.sub.uni-goettingen.de/demo.html?manifest=https://archdataset.dl.itc.u-tokyo.ac.jp/manifest/6a585da6-a60b-01fa-8786-1188972d771b.json,6a585da6-a60b-01fa-8786-1188972d771b,https://iiif.dl.itc.u-tokyo.ac.jp/repo/s/tanaka/,https://iiif.dl.itc.u-tokyo.ac.jp/repo/s/tanaka/document/6a585da6-a60b-01fa-8786-1188972d771b,https://iiif.dl.itc.u-tokyo.ac.jp/repo/files/medium/1448fdda3de5c1b63f233aca28106f510ceb7fbb.jpg,https://iiif.dl.itc.u-tokyo.ac.jp/repo/api/items/520394,"東京大学総合図書館 General Library in the University of Tokyo, JAPAN",http://iiif.io/api/presentation/2#rightToLeftDirection,,田中芳男・博物学コレクション,10000074,,https://iiif.dl.itc.u-tokyo.ac.jp/repo/iiif/6a585da6-a60b-01fa-8786-1188972d771b/manifest,,,,,115
物産宝庫 甲九,,,,落葉樹、常緑樹,,,A00:5765,田中芳男,109,,,,,,,,https://www.lib.u-tokyo.ac.jp/ja/library/contents/archives-top/reuse,http://tify.sub.uni-goettingen.de/demo.html?manifest=https://archdataset.dl.itc.u-tokyo.ac.jp/manifest/eb0b2915-7869-5a65-25cc-ee1069793946.json,eb0b2915-7869-5a65-25cc-ee1069793946,https://iiif.dl.itc.u-tokyo.ac.jp/repo/s/tanaka/,https://iiif.dl.itc.u-tokyo.ac.jp/repo/s/tanaka/document/eb0b2915-7869-5a65-25cc-ee1069793946,https://iiif.dl.itc.u-tokyo.ac.jp/repo/files/medium/ec65a8ea924cccd8bc9ba2118fc2ed3730426262.jpg,https://iiif.dl.itc.u-tokyo.ac.jp/repo/api/items/520395,"東京大学総合図書館 General Library in the University of Tokyo, JAPAN",http://iiif.io/api/presentation/2#rightToLeftDirection,,田中芳男・博物学コレクション,10000075,,https://iiif.dl.itc.u-tokyo.ac.jp/repo/iiif/eb0b2915-7869-5a65-25cc-ee1069793946/manifest,,,,,109
物産宝庫 甲十,,,,観賞物,,,A00:5765,田中芳男,166,,,,,,,,https://www.lib.u-tokyo.ac.jp/ja/library/contents/archives-top/reuse,http://tify.sub.uni-goettingen.de/demo.html?manifest=https://archdataset.dl.itc.u-tokyo.ac.jp/manifest/2e4e3634-3ac9-090e-2361-4302b50b9c95.json,2e4e3634-3ac9-090e-2361-4302b50b9c95,https://iiif.dl.itc.u-tokyo.ac.jp/repo/s/tanaka/,https://iiif.dl.itc.u-tokyo.ac.jp/repo/s/tanaka/document/2e4e3634-3ac9-090e-2361-4302b50b9c95,https://iiif.dl.itc.u-tokyo.ac.jp/repo/files/medium/43f8d7c8f28e424132b2e8188e6567b8f51665a4.jpg,https://iiif.dl.itc.u-tokyo.ac.jp/repo/api/items/520396,"東京大学総合図書館 General Library in the University of Tokyo, JAPAN",http://iiif.io/api/presentation/2#rightToLeftDirection,,田中芳男・博物学コレクション,10000076,,https://iiif.dl.itc.u-tokyo.ac.jp/repo/iiif/2e4e3634-3ac9-090e-2361-4302b50b9c95/manifest,,,,,166
物産宝庫 甲十一,,,,植物雑類,,,A00:5765,田中芳男,100,,,,,,,,https://www.lib.u-tokyo.ac.jp/ja/library/contents/archives-top/reuse,http://tify.sub.uni-goettingen.de/demo.html?manifest=https://archdataset.dl.itc.u-tokyo.ac.jp/manifest/760d2c43-7cb5-130a-51ba-14353e5745f2.json,760d2c43-7cb5-130a-51ba-14353e5745f2,https://iiif.dl.itc.u-tokyo.ac.jp/repo/s/tanaka/,https://iiif.dl.itc.u-tokyo.ac.jp/repo/s/tanaka/document/760d2c43-7cb5-130a-51ba-14353e5745f2,https://iiif.dl.itc.u-tokyo.ac.jp/repo/files/medium/0c39886683c4ba90720cb574bc808a9a89fdd0a8.jpg,https://iiif.dl.itc.u-tokyo.ac.jp/repo/api/items/520397,"東京大学総合図書館 General Library in the University of Tokyo, JAPAN",http://iiif.io/api/presentation/2#rightToLeftDirection,,田中芳男・博物学コレクション,10000077,,https://iiif.dl.itc.u-tokyo.ac.jp/repo/iiif/760d2c43-7cb5-130a-51ba-14353e5745f2/manifest,,,,,100
物産宝庫 甲十二,,,,植物雑類,,,A00:5765,田中芳男,181,,,,,,,,https://www.lib.u-tokyo.ac.jp/ja/library/contents/archives-top/reuse,http://tify.sub.uni-goettingen.de/demo.html?manifest=https://archdataset.dl.itc.u-tokyo.ac.jp/manifest/eff3cb3a-795d-31b5-8f02-f89a195d8c3f.json,eff3cb3a-795d-31b5-8f02-f89a195d8c3f,https://iiif.dl.itc.u-tokyo.ac.jp/repo/s/tanaka/,https://iiif.dl.itc.u-tokyo.ac.jp/repo/s/tanaka/document/eff3cb3a-795d-31b5-8f02-f89a195d8c3f,https://iiif.dl.itc.u-tokyo.ac.jp/repo/files/medium/3de0b110c52e41c801f1c9c3980b9f7308953a0b.jpg,https://iiif.dl.itc.u-tokyo.ac.jp/repo/api/items/520398,"東京大学総合図書館 General Library in the University of Tokyo, JAPAN",http://iiif.io/api/presentation/2#rightToLeftDirection,,田中芳男・博物学コレクション,10000078,,https://iiif.dl.itc.u-tokyo.ac.jp/repo/iiif/eff3cb3a-795d-31b5-8f02-f89a195d8c3f/manifest,,,,,181
物産宝庫 甲十三,,,,植物雑類,,,A00:5765,田中芳男,214,,,,,,,,https://www.lib.u-tokyo.ac.jp/ja/library/contents/archives-top/reuse,http://tify.sub.uni-goettingen.de/demo.html?manifest=https://archdataset.dl.itc.u-tokyo.ac.jp/manifest/b3fd2baf-600b-57aa-2ac6-bc1fc593a0f4.json,b3fd2baf-600b-57aa-2ac6-bc1fc593a0f4,https://iiif.dl.itc.u-tokyo.ac.jp/repo/s/tanaka/,https://iiif.dl.itc.u-tokyo.ac.jp/repo/s/tanaka/document/b3fd2baf-600b-57aa-2ac6-bc1fc593a0f4,https://iiif.dl.itc.u-tokyo.ac.jp/repo/files/medium/db49cb03c99acafcb4dd9905a44a924da04d694d.jpg,https://iiif.dl.itc.u-tokyo.ac.jp/repo/api/items/520399,"東京大学総合図書館 General Library in the University of Tokyo, JAPAN",http://iiif.io/api/presentation/2#rightToLeftDirection,,田中芳男・博物学コレクション,10000079,,https://iiif.dl.itc.u-tokyo.ac.jp/repo/iiif/b3fd2baf-600b-57aa-2ac6-bc1fc593a0f4/manifest,,,,,214
物産宝庫 甲十四,,,,鉱物類,,,A00:5765,田中芳男,104,,,,,,,,https://www.lib.u-tokyo.ac.jp/ja/library/contents/archives-top/reuse,http://tify.sub.uni-goettingen.de/demo.html?manifest=https://archdataset.dl.itc.u-tokyo.ac.jp/manifest/045bba6a-3c5d-1ef0-6318-85cfa7df578b.json,045bba6a-3c5d-1ef0-6318-85cfa7df578b,https://iiif.dl.itc.u-tokyo.ac.jp/repo/s/tanaka/,https://iiif.dl.itc.u-tokyo.ac.jp/repo/s/tanaka/document/045bba6a-3c5d-1ef0-6318-85cfa7df578b,https://iiif.dl.itc.u-tokyo.ac.jp/repo/files/medium/99500f3b93072f4dc3fd264e14c976e07de75295.jpg,https://iiif.dl.itc.u-tokyo.ac.jp/repo/api/items/520400,"東京大学総合図書館 General Library in the University of Tokyo, JAPAN",http://iiif.io/api/presentation/2#rightToLeftDirection,,田中芳男・博物学コレクション,10000080,,https://iiif.dl.itc.u-tokyo.ac.jp/repo/iiif/045bba6a-3c5d-1ef0-6318-85cfa7df578b/manifest,,,,,104
物産宝庫 甲十五,,,,雑部,,,A00:5765,田中芳男,132,,,,,,,,https://www.lib.u-tokyo.ac.jp/ja/library/contents/archives-top/reuse,http://tify.sub.uni-goettingen.de/demo.html?manifest=https://archdataset.dl.itc.u-tokyo.ac.jp/manifest/8ae3d0c3-a1e5-1fef-79ef-77babdc2294e.json,8ae3d0c3-a1e5-1fef-79ef-77babdc2294e,https://iiif.dl.itc.u-tokyo.ac.jp/repo/s/tanaka/,https://iiif.dl.itc.u-tokyo.ac.jp/repo/s/tanaka/document/8ae3d0c3-a1e5-1fef-79ef-77babdc2294e,https://iiif.dl.itc.u-tokyo.ac.jp/repo/files/medium/ade96e1aae7e183fc950ba2b55fce0ac91f731da.jpg,https://iiif.dl.itc.u-tokyo.ac.jp/repo/api/items/520401,"東京大学総合図書館 General Library in the University of Tokyo, JAPAN",http://iiif.io/api/presentation/2#rightToLeftDirection,,田中芳男・博物学コレクション,10000081,,https://iiif.dl.itc.u-tokyo.ac.jp/repo/iiif/8ae3d0c3-a1e5-1fef-79ef-77babdc2294e/manifest,,,,,132
物産宝庫 甲十六,,,,雑部,,,A00:5765,田中芳男,154,,,,,,,,https://www.lib.u-tokyo.ac.jp/ja/library/contents/archives-top/reuse,http://tify.sub.uni-goettingen.de/demo.html?manifest=https://archdataset.dl.itc.u-tokyo.ac.jp/manifest/e1ebd5a1-6a83-36fd-46b9-9599737a1d5b.json,e1ebd5a1-6a83-36fd-46b9-9599737a1d5b,https://iiif.dl.itc.u-tokyo.ac.jp/repo/s/tanaka/,https://iiif.dl.itc.u-tokyo.ac.jp/repo/s/tanaka/document/e1ebd5a1-6a83-36fd-46b9-9599737a1d5b,https://iiif.dl.itc.u-tokyo.ac.jp/repo/files/medium/7b67209bca795743aa356c72f54e27dd15601a89.jpg,https://iiif.dl.itc.u-tokyo.ac.jp/repo/api/items/520402,"東京大学総合図書館 General Library in the University of Tokyo, JAPAN",http://iiif.io/api/presentation/2#rightToLeftDirection,,田中芳男・博物学コレクション,10000082,,https://iiif.dl.itc.u-tokyo.ac.jp/repo/iiif/e1ebd5a1-6a83-36fd-46b9-9599737a1d5b/manifest,,,,,154
物産宝庫 甲十七,,,,小笠原島、沖縄県、北海道,,,A00:5765,田中芳男,242,,,,,,,,https://www.lib.u-tokyo.ac.jp/ja/library/contents/archives-top/reuse,http://tify.sub.uni-goettingen.de/demo.html?manifest=https://archdataset.dl.itc.u-tokyo.ac.jp/manifest/baa2ce62-36c4-7c46-3eb1-4e3c414934cd.json,baa2ce62-36c4-7c46-3eb1-4e3c414934cd,https://iiif.dl.itc.u-tokyo.ac.jp/repo/s/tanaka/,https://iiif.dl.itc.u-tokyo.ac.jp/repo/s/tanaka/document/baa2ce62-36c4-7c46-3eb1-4e3c414934cd,https://iiif.dl.itc.u-tokyo.ac.jp/repo/files/medium/85f98b04939fd95dc7dabca6ed38d535c7c8ec8d.jpg,https://iiif.dl.itc.u-tokyo.ac.jp/repo/api/items/520403,"東京大学総合図書館 General Library in the University of Tokyo, JAPAN",http://iiif.io/api/presentation/2#rightToLeftDirection,,田中芳男・博物学コレクション,10000083,,https://iiif.dl.itc.u-tokyo.ac.jp/repo/iiif/baa2ce62-36c4-7c46-3eb1-4e3c414934cd/manifest,,,,,242
物産宝庫 甲十八,,,,清國朝鮮、瓜哇等,,,A00:5765,田中芳男,141,,,,,,,,https://www.lib.u-tokyo.ac.jp/ja/library/contents/archives-top/reuse,http://tify.sub.uni-goettingen.de/demo.html?manifest=https://archdataset.dl.itc.u-tokyo.ac.jp/manifest/2532f6a6-14b4-211d-80d1-5f48b3a25ea8.json,2532f6a6-14b4-211d-80d1-5f48b3a25ea8,https://iiif.dl.itc.u-tokyo.ac.jp/repo/s/tanaka/,https://iiif.dl.itc.u-tokyo.ac.jp/repo/s/tanaka/document/2532f6a6-14b4-211d-80d1-5f48b3a25ea8,https://iiif.dl.itc.u-tokyo.ac.jp/repo/files/medium/e76d09b00394dfd166af810f62a58584b57aa71d.jpg,https://iiif.dl.itc.u-tokyo.ac.jp/repo/api/items/520404,"東京大学総合図書館 General Library in the University of Tokyo, JAPAN",http://iiif.io/api/presentation/2#rightToLeftDirection,,田中芳男・博物学コレクション,10000084,,https://iiif.dl.itc.u-tokyo.ac.jp/repo/iiif/2532f6a6-14b4-211d-80d1-5f48b3a25ea8/manifest,,,,,141
物産宝庫 甲十九,,,,西洋其他各国動物及雑類、サボテン考,,,A00:5765,田中芳男,170,,,,,,,,https://www.lib.u-tokyo.ac.jp/ja/library/contents/archives-top/reuse,http://tify.sub.uni-goettingen.de/demo.html?manifest=https://archdataset.dl.itc.u-tokyo.ac.jp/manifest/4fac08cd-1dd4-1771-6714-7a4e566365b3.json,4fac08cd-1dd4-1771-6714-7a4e566365b3,https://iiif.dl.itc.u-tokyo.ac.jp/repo/s/tanaka/,https://iiif.dl.itc.u-tokyo.ac.jp/repo/s/tanaka/document/4fac08cd-1dd4-1771-6714-7a4e566365b3,https://iiif.dl.itc.u-tokyo.ac.jp/repo/files/medium/15fa65c82da5f8cabf919b60d32e2ddb7a7b967e.jpg,https://iiif.dl.itc.u-tokyo.ac.jp/repo/api/items/520405,"東京大学総合図書館 General Library in the University of Tokyo, JAPAN",http://iiif.io/api/presentation/2#rightToLeftDirection,,田中芳男・博物学コレクション,10000085,,https://iiif.dl.itc.u-tokyo.ac.jp/repo/iiif/4fac08cd-1dd4-1771-6714-7a4e566365b3/manifest,,,,,170
物産宝庫 甲二十,,,,西洋其他各国植物類,,,A00:5765,田中芳男,196,,,,,,,,https://www.lib.u-tokyo.ac.jp/ja/library/contents/archives-top/reuse,http://tify.sub.uni-goettingen.de/demo.html?manifest=https://archdataset.dl.itc.u-tokyo.ac.jp/manifest/8688bcf1-1fd9-29f6-15fc-a94718880c98.json,8688bcf1-1fd9-29f6-15fc-a94718880c98,https://iiif.dl.itc.u-tokyo.ac.jp/repo/s/tanaka/,https://iiif.dl.itc.u-tokyo.ac.jp/repo/s/tanaka/document/8688bcf1-1fd9-29f6-15fc-a94718880c98,https://iiif.dl.itc.u-tokyo.ac.jp/repo/files/medium/657f36158ba90cbb6985970255a6cabb4d230fd1.jpg,https://iiif.dl.itc.u-tokyo.ac.jp/repo/api/items/520406,"東京大学総合図書館 General Library in the University of Tokyo, JAPAN",http://iiif.io/api/presentation/2#rightToLeftDirection,,田中芳男・博物学コレクション,10000086,,https://iiif.dl.itc.u-tokyo.ac.jp/repo/iiif/8688bcf1-1fd9-29f6-15fc-a94718880c98/manifest,,,,,196
物産宝庫 乙一,,,,獣類、鳥類、魚類、爬虫類、柔軟類、多節類、雑部,,,A00:5765,田中芳男,108,,,,,,,,https://www.lib.u-tokyo.ac.jp/ja/library/contents/archives-top/reuse,http://tify.sub.uni-goettingen.de/demo.html?manifest=https://archdataset.dl.itc.u-tokyo.ac.jp/manifest/481ca9df-96b8-58e8-04be-2f31fb313c27.json,481ca9df-96b8-58e8-04be-2f31fb313c27,https://iiif.dl.itc.u-tokyo.ac.jp/repo/s/tanaka/,https://iiif.dl.itc.u-tokyo.ac.jp/repo/s/tanaka/document/481ca9df-96b8-58e8-04be-2f31fb313c27,https://iiif.dl.itc.u-tokyo.ac.jp/repo/files/medium/4f484d8abc4eec1859c67efef4eebe99ee843cfa.jpg,https://iiif.dl.itc.u-tokyo.ac.jp/repo/api/items/520407,"東京大学総合図書館 General Library in the University of Tokyo, JAPAN",http://iiif.io/api/presentation/2#rightToLeftDirection,,田中芳男・博物学コレクション,10000087,,https://iiif.dl.itc.u-tokyo.ac.jp/repo/iiif/481ca9df-96b8-58e8-04be-2f31fb313c27/manifest,,,,,108
物産宝庫 乙二,,,,木竹類、製紙類、繊維類、油類、臘類、清娯類、菓物類、薬草類,,,A00:5765,田中芳男,180,,,,,,,,https://www.lib.u-tokyo.ac.jp/ja/library/contents/archives-top/reuse,http://tify.sub.uni-goettingen.de/demo.html?manifest=https://archdataset.dl.itc.u-tokyo.ac.jp/manifest/9c8eb8dc-3bf4-302c-1347-ff076aa603c7.json,9c8eb8dc-3bf4-302c-1347-ff076aa603c7,https://iiif.dl.itc.u-tokyo.ac.jp/repo/s/tanaka/,https://iiif.dl.itc.u-tokyo.ac.jp/repo/s/tanaka/document/9c8eb8dc-3bf4-302c-1347-ff076aa603c7,https://iiif.dl.itc.u-tokyo.ac.jp/repo/files/medium/97d3927207b94f02800e89ed63e61cf9aaa484f9.jpg,https://iiif.dl.itc.u-tokyo.ac.jp/repo/api/items/520408,"東京大学総合図書館 General Library in the University of Tokyo, JAPAN",http://iiif.io/api/presentation/2#rightToLeftDirection,,田中芳男・博物学コレクション,10000088,,https://iiif.dl.itc.u-tokyo.ac.jp/repo/iiif/9c8eb8dc-3bf4-302c-1347-ff076aa603c7/manifest,,,,,180
物産宝庫 乙三,,,,植物雑類,,,A00:5765,田中芳男,54,,,,,,,,https://www.lib.u-tokyo.ac.jp/ja/library/contents/archives-top/reuse,http://tify.sub.uni-goettingen.de/demo.html?manifest=https://archdataset.dl.itc.u-tokyo.ac.jp/manifest/9b3761e4-697d-6c7c-25a6-dcfc92751248.json,9b3761e4-697d-6c7c-25a6-dcfc92751248,https://iiif.dl.itc.u-tokyo.ac.jp/repo/s/tanaka/,https://iiif.dl.itc.u-tokyo.ac.jp/repo/s/tanaka/document/9b3761e4-697d-6c7c-25a6-dcfc92751248,https://iiif.dl.itc.u-tokyo.ac.jp/repo/files/medium/68a18f5b5dc41835cb79df364362a872fc8a80d2.jpg,https://iiif.dl.itc.u-tokyo.ac.jp/repo/api/items/520409,"東京大学総合図書館 General Library in the University of Tokyo, JAPAN",http://iiif.io/api/presentation/2#rightToLeftDirection,,田中芳男・博物学コレクション,10000089,,https://iiif.dl.itc.u-tokyo.ac.jp/repo/iiif/9b3761e4-697d-6c7c-25a6-dcfc92751248/manifest,,,,,54
物産宝庫 乙四,,,,植物雑類,,,A00:5765,田中芳男,140,,,,,,,,https://www.lib.u-tokyo.ac.jp/ja/library/contents/archives-top/reuse,http://tify.sub.uni-goettingen.de/demo.html?manifest=https://archdataset.dl.itc.u-tokyo.ac.jp/manifest/897d111f-2e2d-4c5c-3333-8a0d105e7d64.json,897d111f-2e2d-4c5c-3333-8a0d105e7d64,https://iiif.dl.itc.u-tokyo.ac.jp/repo/s/tanaka/,https://iiif.dl.itc.u-tokyo.ac.jp/repo/s/tanaka/document/897d111f-2e2d-4c5c-3333-8a0d105e7d64,https://iiif.dl.itc.u-tokyo.ac.jp/repo/files/medium/8c0e896109b35984d989ba2590cc7285a672e6b2.jpg,https://iiif.dl.itc.u-tokyo.ac.jp/repo/api/items/520410,"東京大学総合図書館 General Library in the University of Tokyo, JAPAN",http://iiif.io/api/presentation/2#rightToLeftDirection,,田中芳男・博物学コレクション,10000090,,https://iiif.dl.itc.u-tokyo.ac.jp/repo/iiif/897d111f-2e2d-4c5c-3333-8a0d105e7d64/manifest,,,,,140
物産宝庫 乙五,,,,各地産物誌及草木諸説等,,,A00:5765,田中芳男,128,,,,,,,,https://www.lib.u-tokyo.ac.jp/ja/library/contents/archives-top/reuse,http://tify.sub.uni-goettingen.de/demo.html?manifest=https://archdataset.dl.itc.u-tokyo.ac.jp/manifest/92a9551d-434a-92a0-7a1a-25d4f22d7307.json,92a9551d-434a-92a0-7a1a-25d4f22d7307,https://iiif.dl.itc.u-tokyo.ac.jp/repo/s/tanaka/,https://iiif.dl.itc.u-tokyo.ac.jp/repo/s/tanaka/document/92a9551d-434a-92a0-7a1a-25d4f22d7307,https://iiif.dl.itc.u-tokyo.ac.jp/repo/files/medium/e7dad66a9a8bfb4d9f190ba24c5d7e721a4cae32.jpg,https://iiif.dl.itc.u-tokyo.ac.jp/repo/api/items/520411,"東京大学総合図書館 General Library in the University of Tokyo, JAPAN",http://iiif.io/api/presentation/2#rightToLeftDirection,,田中芳男・博物学コレクション,10000091,,https://iiif.dl.itc.u-tokyo.ac.jp/repo/iiif/92a9551d-434a-92a0-7a1a-25d4f22d7307/manifest,,,,,128
物産宝庫 乙六,,,,諸目録類,,,A00:5765,田中芳男,167,,,,,,,,https://www.lib.u-tokyo.ac.jp/ja/library/contents/archives-top/reuse,http://tify.sub.uni-goettingen.de/demo.html?manifest=https://archdataset.dl.itc.u-tokyo.ac.jp/manifest/045fa3ef-0fd4-0bab-2e47-5754bad1044d.json,045fa3ef-0fd4-0bab-2e47-5754bad1044d,https://iiif.dl.itc.u-tokyo.ac.jp/repo/s/tanaka/,https://iiif.dl.itc.u-tokyo.ac.jp/repo/s/tanaka/document/045fa3ef-0fd4-0bab-2e47-5754bad1044d,https://iiif.dl.itc.u-tokyo.ac.jp/repo/files/medium/8c4b1399732df87d962864e76810857d4a95d6ad.jpg,https://iiif.dl.itc.u-tokyo.ac.jp/repo/api/items/520412,"東京大学総合図書館 General Library in the University of Tokyo, JAPAN",http://iiif.io/api/presentation/2#rightToLeftDirection,,田中芳男・博物学コレクション,10000092,,https://iiif.dl.itc.u-tokyo.ac.jp/repo/iiif/045fa3ef-0fd4-0bab-2e47-5754bad1044d/manifest,,,,,167
物産宝庫 乙七,,,,明治十年内国勧業博覧会出品目録、明治十一年仏国博覧会出品目録,,,A00:5765,田中芳男,88,,,,,,,,https://www.lib.u-tokyo.ac.jp/ja/library/contents/archives-top/reuse,http://tify.sub.uni-goettingen.de/demo.html?manifest=https://archdataset.dl.itc.u-tokyo.ac.jp/manifest/4e903b4f-6a1f-4a7b-5057-428c09584d4c.json,4e903b4f-6a1f-4a7b-5057-428c09584d4c,https://iiif.dl.itc.u-tokyo.ac.jp/repo/s/tanaka/,https://iiif.dl.itc.u-tokyo.ac.jp/repo/s/tanaka/document/4e903b4f-6a1f-4a7b-5057-428c09584d4c,https://iiif.dl.itc.u-tokyo.ac.jp/repo/files/medium/ac840e9e5afaac50fa4d97d3d389525e5103ef31.jpg,https://iiif.dl.itc.u-tokyo.ac.jp/repo/api/items/520413,"東京大学総合図書館 General Library in the University of Tokyo, JAPAN",http://iiif.io/api/presentation/2#rightToLeftDirection,,田中芳男・博物学コレクション,10000093,,https://iiif.dl.itc.u-tokyo.ac.jp/repo/iiif/4e903b4f-6a1f-4a7b-5057-428c09584d4c/manifest,,,,,88
物産宝庫 乙八,,,,雑部,,,A00:5765,田中芳男,163,,,,,,,,https://www.lib.u-tokyo.ac.jp/ja/library/contents/archives-top/reuse,http://tify.sub.uni-goettingen.de/demo.html?manifest=https://archdataset.dl.itc.u-tokyo.ac.jp/manifest/89d30187-3f37-a621-2e6d-0d46824032d2.json,89d30187-3f37-a621-2e6d-0d46824032d2,https://iiif.dl.itc.u-tokyo.ac.jp/repo/s/tanaka/,https://iiif.dl.itc.u-tokyo.ac.jp/repo/s/tanaka/document/89d30187-3f37-a621-2e6d-0d46824032d2,https://iiif.dl.itc.u-tokyo.ac.jp/repo/files/medium/2b91e59620ac22a61b5f9696fdd792b3bfc447d3.jpg,https://iiif.dl.itc.u-tokyo.ac.jp/repo/api/items/520414,"東京大学総合図書館 General Library in the University of Tokyo, JAPAN",http://iiif.io/api/presentation/2#rightToLeftDirection,,田中芳男・博物学コレクション,10000094,,https://iiif.dl.itc.u-tokyo.ac.jp/repo/iiif/89d30187-3f37-a621-2e6d-0d46824032d2/manifest,,,,,163
物産宝庫 乙九,,,,(四樹集説),,,A00:5765,田中芳男,122,,,,,,,,https://www.lib.u-tokyo.ac.jp/ja/library/contents/archives-top/reuse,http://tify.sub.uni-goettingen.de/demo.html?manifest=https://archdataset.dl.itc.u-tokyo.ac.jp/manifest/b67c8352-1a31-6d81-120d-2ab2ca8e86b8.json,b67c8352-1a31-6d81-120d-2ab2ca8e86b8,https://iiif.dl.itc.u-tokyo.ac.jp/repo/s/tanaka/,https://iiif.dl.itc.u-tokyo.ac.jp/repo/s/tanaka/document/b67c8352-1a31-6d81-120d-2ab2ca8e86b8,https://iiif.dl.itc.u-tokyo.ac.jp/repo/files/medium/379d8b07bc62068afc2b6c566bc450ccfc6e420b.jpg,https://iiif.dl.itc.u-tokyo.ac.jp/repo/api/items/520415,"東京大学総合図書館 General Library in the University of Tokyo, JAPAN",http://iiif.io/api/presentation/2#rightToLeftDirection,,田中芳男・博物学コレクション,10000095,,https://iiif.dl.itc.u-tokyo.ac.jp/repo/iiif/b67c8352-1a31-6d81-120d-2ab2ca8e86b8/manifest,,,,,122
日本産物誌稿 一,,,,山城、大和、河内、和泉、摂津、伊賀、伊勢志摩、尾張、三河、遠江,,,A00:5766,田中芳男,241,,,,,,,,https://www.lib.u-tokyo.ac.jp/ja/library/contents/archives-top/reuse,http://tify.sub.uni-goettingen.de/demo.html?manifest=https://archdataset.dl.itc.u-tokyo.ac.jp/manifest/7b034730-6d50-588e-3f11-d479d2ea7a79.json,7b034730-6d50-588e-3f11-d479d2ea7a79,https://iiif.dl.itc.u-tokyo.ac.jp/repo/s/tanaka/,https://iiif.dl.itc.u-tokyo.ac.jp/repo/s/tanaka/document/7b034730-6d50-588e-3f11-d479d2ea7a79,https://iiif.dl.itc.u-tokyo.ac.jp/repo/files/medium/74c8dbd33e511c14695470aa22a23b44451b332c.jpg,https://iiif.dl.itc.u-tokyo.ac.jp/repo/api/items/534061,"東京大学総合図書館 General Library in the University of Tokyo, JAPAN",http://iiif.io/api/presentation/2#rightToLeftDirection,,田中芳男・博物学コレクション,10000096,,https://iiif.dl.itc.u-tokyo.ac.jp/repo/iiif/7b034730-6d50-588e-3f11-d479d2ea7a79/manifest,,,,,240
日本産物誌稿 二,,,,駿河、甲斐、伊豆、相模、武蔵、安房、上総、下総、常陸,,,A00:5766,田中芳男,251,,,,,,,,https://www.lib.u-tokyo.ac.jp/ja/library/contents/archives-top/reuse,http://tify.sub.uni-goettingen.de/demo.html?manifest=https://archdataset.dl.itc.u-tokyo.ac.jp/manifest/b2685f63-380b-4254-647b-259f93426929.json,b2685f63-380b-4254-647b-259f93426929,https://iiif.dl.itc.u-tokyo.ac.jp/repo/s/tanaka/,https://iiif.dl.itc.u-tokyo.ac.jp/repo/s/tanaka/document/b2685f63-380b-4254-647b-259f93426929,https://iiif.dl.itc.u-tokyo.ac.jp/repo/files/medium/bd828c31cac2e596b245927e7e57a9d9f019ec67.jpg,https://iiif.dl.itc.u-tokyo.ac.jp/repo/api/items/534062,"東京大学総合図書館 General Library in the University of Tokyo, JAPAN",http://iiif.io/api/presentation/2#rightToLeftDirection,,田中芳男・博物学コレクション,10000097,,https://iiif.dl.itc.u-tokyo.ac.jp/repo/iiif/b2685f63-380b-4254-647b-259f93426929/manifest,,,,,251
日本産物誌稿 三,,,,近江、美濃,,,A00:5766,田中芳男,235,,,,,,,,https://www.lib.u-tokyo.ac.jp/ja/library/contents/archives-top/reuse,http://tify.sub.uni-goettingen.de/demo.html?manifest=https://archdataset.dl.itc.u-tokyo.ac.jp/manifest/5ca2856b-3b65-1473-7ba8-5672bf839d22.json,5ca2856b-3b65-1473-7ba8-5672bf839d22,https://iiif.dl.itc.u-tokyo.ac.jp/repo/s/tanaka/,https://iiif.dl.itc.u-tokyo.ac.jp/repo/s/tanaka/document/5ca2856b-3b65-1473-7ba8-5672bf839d22,https://iiif.dl.itc.u-tokyo.ac.jp/repo/files/medium/9f4094d223f3f194954d2d4199fa24eaaf82033b.jpg,https://iiif.dl.itc.u-tokyo.ac.jp/repo/api/items/534063,"東京大学総合図書館 General Library in the University of Tokyo, JAPAN",http://iiif.io/api/presentation/2#rightToLeftDirection,,田中芳男・博物学コレクション,10000098,,https://iiif.dl.itc.u-tokyo.ac.jp/repo/iiif/5ca2856b-3b65-1473-7ba8-5672bf839d22/manifest,,,,,235
日本産物誌稿 四,,,,飛騨、信濃、上野、下野,,,A00:5766,田中芳男,236,,,,,,,,https://www.lib.u-tokyo.ac.jp/ja/library/contents/archives-top/reuse,http://tify.sub.uni-goettingen.de/demo.html?manifest=https://archdataset.dl.itc.u-tokyo.ac.jp/manifest/e243a947-5081-0d02-12b2-ccd242097cf7.json,e243a947-5081-0d02-12b2-ccd242097cf7,https://iiif.dl.itc.u-tokyo.ac.jp/repo/s/tanaka/,https://iiif.dl.itc.u-tokyo.ac.jp/repo/s/tanaka/document/e243a947-5081-0d02-12b2-ccd242097cf7,https://iiif.dl.itc.u-tokyo.ac.jp/repo/files/medium/dfea284f1da15333263022e9fd16e2d3ad596891.jpg,https://iiif.dl.itc.u-tokyo.ac.jp/repo/api/items/534064,"東京大学総合図書館 General Library in the University of Tokyo, JAPAN",http://iiif.io/api/presentation/2#rightToLeftDirection,,田中芳男・博物学コレクション,10000099,,https://iiif.dl.itc.u-tokyo.ac.jp/repo/iiif/e243a947-5081-0d02-12b2-ccd242097cf7/manifest,,,,,236
日本産物誌稿 五,,,,陸奥、出羽、若狭、越前、加賀、能登、越中、越後,,,A00:5766,田中芳男,236,,,,,,,,https://www.lib.u-tokyo.ac.jp/ja/library/contents/archives-top/reuse,http://tify.sub.uni-goettingen.de/demo.html?manifest=https://archdataset.dl.itc.u-tokyo.ac.jp/manifest/0e50a52f-4a1f-58c9-77c2-748e98975632.json,0e50a52f-4a1f-58c9-77c2-748e98975632,https://iiif.dl.itc.u-tokyo.ac.jp/repo/s/tanaka/,https://iiif.dl.itc.u-tokyo.ac.jp/repo/s/tanaka/document/0e50a52f-4a1f-58c9-77c2-748e98975632,https://iiif.dl.itc.u-tokyo.ac.jp/repo/files/medium/f67aa443a89a96ed7ee51a0da85bcf5bd03a99cf.jpg,https://iiif.dl.itc.u-tokyo.ac.jp/repo/api/items/534065,"東京大学総合図書館 General Library in the University of Tokyo, JAPAN",http://iiif.io/api/presentation/2#rightToLeftDirection,,田中芳男・博物学コレクション,10000100,,https://iiif.dl.itc.u-tokyo.ac.jp/repo/iiif/0e50a52f-4a1f-58c9-77c2-748e98975632/manifest,,,,,236
日本産物誌稿 六,,,,佐渡、丹波、丹後、但馬、因幡、伯耆、出雲、石見、隠岐、播磨、美作,,,A00:5766,田中芳男,198,,,,,,,,https://www.lib.u-tokyo.ac.jp/ja/library/contents/archives-top/reuse,http://tify.sub.uni-goettingen.de/demo.html?manifest=https://archdataset.dl.itc.u-tokyo.ac.jp/manifest/b1a1fe6b-3564-16a2-16d9-50b7c189985f.json,b1a1fe6b-3564-16a2-16d9-50b7c189985f,https://iiif.dl.itc.u-tokyo.ac.jp/repo/s/tanaka/,https://iiif.dl.itc.u-tokyo.ac.jp/repo/s/tanaka/document/b1a1fe6b-3564-16a2-16d9-50b7c189985f,https://iiif.dl.itc.u-tokyo.ac.jp/repo/files/medium/cb9827194e79a9b79d75fa2108d43a785fcb6602.jpg,https://iiif.dl.itc.u-tokyo.ac.jp/repo/api/items/534066,"東京大学総合図書館 General Library in the University of Tokyo, JAPAN",http://iiif.io/api/presentation/2#rightToLeftDirection,,田中芳男・博物学コレクション,10000101,,https://iiif.dl.itc.u-tokyo.ac.jp/repo/iiif/b1a1fe6b-3564-16a2-16d9-50b7c189985f/manifest,,,,,198
日本産物誌稿 七,,,,備前、備中、備後、安芸、周防、長門、紀伊、淡路、阿波、讃岐、伊予,,,A00:5766,田中芳男,207,,,,,,,,https://www.lib.u-tokyo.ac.jp/ja/library/contents/archives-top/reuse,http://tify.sub.uni-goettingen.de/demo.html?manifest=https://archdataset.dl.itc.u-tokyo.ac.jp/manifest/33d43098-2d88-7b48-1972-34bf516680ad.json,33d43098-2d88-7b48-1972-34bf516680ad,https://iiif.dl.itc.u-tokyo.ac.jp/repo/s/tanaka/,https://iiif.dl.itc.u-tokyo.ac.jp/repo/s/tanaka/document/33d43098-2d88-7b48-1972-34bf516680ad,https://iiif.dl.itc.u-tokyo.ac.jp/repo/files/medium/b7a3d3b3c7c52c580a0b3106a51f75c9fc4245ce.jpg,https://iiif.dl.itc.u-tokyo.ac.jp/repo/api/items/534067,"東京大学総合図書館 General Library in the University of Tokyo, JAPAN",http://iiif.io/api/presentation/2#rightToLeftDirection,,田中芳男・博物学コレクション,10000102,,https://iiif.dl.itc.u-tokyo.ac.jp/repo/iiif/33d43098-2d88-7b48-1972-34bf516680ad/manifest,,,,,207
日本産物誌稿 八,,,,土佐、筑前、筑後、豊前、豊後、肥前、肥後、日向、大隅、薩摩、壱岐、琉球、北海道,,,A00:5766,田中芳男,223,,,,,,,,https://www.lib.u-tokyo.ac.jp/ja/library/contents/archives-top/reuse,http://tify.sub.uni-goettingen.de/demo.html?manifest=https://archdataset.dl.itc.u-tokyo.ac.jp/manifest/4c1486c3-1f92-3879-4350-ff9c2f4e3978.json,4c1486c3-1f92-3879-4350-ff9c2f4e3978,https://iiif.dl.itc.u-tokyo.ac.jp/repo/s/tanaka/,https://iiif.dl.itc.u-tokyo.ac.jp/repo/s/tanaka/document/4c1486c3-1f92-3879-4350-ff9c2f4e3978,https://iiif.dl.itc.u-tokyo.ac.jp/repo/files/medium/fd3a3bf95744b05d3e1dfc4c518480c38b64c772.jpg,https://iiif.dl.itc.u-tokyo.ac.jp/repo/api/items/534068,"東京大学総合図書館 General Library in the University of Tokyo, JAPAN",http://iiif.io/api/presentation/2#rightToLeftDirection,,田中芳男・博物学コレクション,10000103,,https://iiif.dl.itc.u-tokyo.ac.jp/repo/iiif/4c1486c3-1f92-3879-4350-ff9c2f4e3978/manifest,,,,,223
鯣帖 一,,,,明治十七年成 壱,,,A00:5842,田中芳男,182,,,,,,,,https://www.lib.u-tokyo.ac.jp/ja/library/contents/archives-top/reuse,http://tify.sub.uni-goettingen.de/demo.html?manifest=https://archdataset.dl.itc.u-tokyo.ac.jp/manifest/ec1e46fa-97c5-2482-3eb7-692c8364209c.json,ec1e46fa-97c5-2482-3eb7-692c8364209c,https://iiif.dl.itc.u-tokyo.ac.jp/repo/s/tanaka/,https://iiif.dl.itc.u-tokyo.ac.jp/repo/s/tanaka/document/ec1e46fa-97c5-2482-3eb7-692c8364209c,https://iiif.dl.itc.u-tokyo.ac.jp/repo/files/medium/468d9dc9b03a831c583451433f0c983ff3d9cef2.jpg,https://iiif.dl.itc.u-tokyo.ac.jp/repo/api/items/534069,"東京大学総合図書館 General Library in the University of Tokyo, JAPAN",http://iiif.io/api/presentation/2#rightToLeftDirection,,田中芳男・博物学コレクション,10000104,,https://iiif.dl.itc.u-tokyo.ac.jp/repo/iiif/ec1e46fa-97c5-2482-3eb7-692c8364209c/manifest,,,,,182
鯣帖 二,,,,明治廿一年成 弐 尓后追加入,,,A00:5842,田中芳男,117,,,,,,,,https://www.lib.u-tokyo.ac.jp/ja/library/contents/archives-top/reuse,http://tify.sub.uni-goettingen.de/demo.html?manifest=https://archdataset.dl.itc.u-tokyo.ac.jp/manifest/25c8ac93-043e-474e-7b51-7acf78732653.json,25c8ac93-043e-474e-7b51-7acf78732653,https://iiif.dl.itc.u-tokyo.ac.jp/repo/s/tanaka/,https://iiif.dl.itc.u-tokyo.ac.jp/repo/s/tanaka/document/25c8ac93-043e-474e-7b51-7acf78732653,https://iiif.dl.itc.u-tokyo.ac.jp/repo/files/medium/da6f200229468e7867649e7198a202c52d2a2481.jpg,https://iiif.dl.itc.u-tokyo.ac.jp/repo/api/items/534070,"東京大学総合図書館 General Library in the University of Tokyo, JAPAN",http://iiif.io/api/presentation/2#rightToLeftDirection,,田中芳男・博物学コレクション,10000105,,https://iiif.dl.itc.u-tokyo.ac.jp/repo/iiif/25c8ac93-043e-474e-7b51-7acf78732653/manifest,,,,,117
多識帖 一,,,,,,,BA:13,田中芳男,32,,,,,,,,https://www.lib.u-tokyo.ac.jp/ja/library/contents/archives-top/reuse,http://tify.sub.uni-goettingen.de/demo.html?manifest=https://archdataset.dl.itc.u-tokyo.ac.jp/manifest/11954152-5bb6-3087-3fae-f7f42c6e11ee.json,11954152-5bb6-3087-3fae-f7f42c6e11ee,https://iiif.dl.itc.u-tokyo.ac.jp/repo/s/tanaka/,https://iiif.dl.itc.u-tokyo.ac.jp/repo/s/tanaka/document/11954152-5bb6-3087-3fae-f7f42c6e11ee,https://iiif.dl.itc.u-tokyo.ac.jp/repo/files/medium/0beb7ac957cfbc2c55fe84a92335317513274ea9.jpg,https://iiif.dl.itc.u-tokyo.ac.jp/repo/api/items/534071,"東京大学総合図書館 General Library in the University of Tokyo, JAPAN",http://iiif.io/api/presentation/2#rightToLeftDirection,,田中芳男・博物学コレクション,10000106,,https://iiif.dl.itc.u-tokyo.ac.jp/repo/iiif/11954152-5bb6-3087-3fae-f7f42c6e11ee/manifest,,,,,32
多識帖 二,,,,,,,BA:13,田中芳男,50,,,,,,,,https://www.lib.u-tokyo.ac.jp/ja/library/contents/archives-top/reuse,http://tify.sub.uni-goettingen.de/demo.html?manifest=https://archdataset.dl.itc.u-tokyo.ac.jp/manifest/edc832d0-5dc4-0d7b-530b-02c3478f2192.json,edc832d0-5dc4-0d7b-530b-02c3478f2192,https://iiif.dl.itc.u-tokyo.ac.jp/repo/s/tanaka/,https://iiif.dl.itc.u-tokyo.ac.jp/repo/s/tanaka/document/edc832d0-5dc4-0d7b-530b-02c3478f2192,https://iiif.dl.itc.u-tokyo.ac.jp/repo/files/medium/b0f9c2f784a7d449fa70b7efa38ae75b9f913b32.jpg,https://iiif.dl.itc.u-tokyo.ac.jp/repo/api/items/534072,"東京大学総合図書館 General Library in the University of Tokyo, JAPAN",http://iiif.io/api/presentation/2#rightToLeftDirection,,田中芳男・博物学コレクション,10000107,,https://iiif.dl.itc.u-tokyo.ac.jp/repo/iiif/edc832d0-5dc4-0d7b-530b-02c3478f2192/manifest,,,,,50
明治六年墺國博覽會出品寫真帖,,,,,,,XB10:296,,71,,,,,,,,https://www.lib.u-tokyo.ac.jp/ja/library/contents/archives-top/reuse,http://tify.sub.uni-goettingen.de/demo.html?manifest=https://archdataset.dl.itc.u-tokyo.ac.jp/manifest/c84b1595-4359-65a1-4deb-52a9ea5a8586.json,c84b1595-4359-65a1-4deb-52a9ea5a8586,https://iiif.dl.itc.u-tokyo.ac.jp/repo/s/tanaka/,https://iiif.dl.itc.u-tokyo.ac.jp/repo/s/tanaka/document/c84b1595-4359-65a1-4deb-52a9ea5a8586,https://iiif.dl.itc.u-tokyo.ac.jp/repo/files/medium/87a116de13a2d028ed107a0c33206cd87388a1e9.jpg,https://iiif.dl.itc.u-tokyo.ac.jp/repo/api/items/534073,"東京大学総合図書館 General Library in the University of Tokyo, JAPAN",http://iiif.io/api/presentation/2#rightToLeftDirection,,田中芳男・博物学コレクション,10000108,,https://iiif.dl.itc.u-tokyo.ac.jp/repo/iiif/c84b1595-4359-65a1-4deb-52a9ea5a8586/manifest,,,,,71
教草 一 稲米一覧,,,,,38×52cm,,XB10:299,,5,,,,,,,,https://www.lib.u-tokyo.ac.jp/ja/library/contents/archives-top/reuse,http://tify.sub.uni-goettingen.de/demo.html?manifest=https://archdataset.dl.itc.u-tokyo.ac.jp/manifest/3b3ed824-680d-9fc6-9f93-3cc996a86771.json,3b3ed824-680d-9fc6-9f93-3cc996a86771,https://iiif.dl.itc.u-tokyo.ac.jp/repo/s/tanaka/,https://iiif.dl.itc.u-tokyo.ac.jp/repo/s/tanaka/document/3b3ed824-680d-9fc6-9f93-3cc996a86771,https://iiif.dl.itc.u-tokyo.ac.jp/repo/files/medium/b27f1052eb57abf29b1e9289d39dd3b3d013d30f.jpg,https://iiif.dl.itc.u-tokyo.ac.jp/repo/api/items/534074,"東京大学総合図書館 General Library in the University of Tokyo, JAPAN",http://iiif.io/api/presentation/2#rightToLeftDirection,,田中芳男・博物学コレクション,10000109,,https://iiif.dl.itc.u-tokyo.ac.jp/repo/iiif/3b3ed824-680d-9fc6-9f93-3cc996a86771/manifest,,,,,5
教草 四 生糸一覧,,,,,38×52cm,,XB10:299,,3,,,,,,,,https://www.lib.u-tokyo.ac.jp/ja/library/contents/archives-top/reuse,http://tify.sub.uni-goettingen.de/demo.html?manifest=https://archdataset.dl.itc.u-tokyo.ac.jp/manifest/f8d9c0f9-72a9-3583-6d23-bbf77e4aa426.json,f8d9c0f9-72a9-3583-6d23-bbf77e4aa426,https://iiif.dl.itc.u-tokyo.ac.jp/repo/s/tanaka/,https://iiif.dl.itc.u-tokyo.ac.jp/repo/s/tanaka/document/f8d9c0f9-72a9-3583-6d23-bbf77e4aa426,https://iiif.dl.itc.u-tokyo.ac.jp/repo/files/medium/276fd21751f2154262741d4db19fd323a09d6c8d.jpg,https://iiif.dl.itc.u-tokyo.ac.jp/repo/api/items/534075,"東京大学総合図書館 General Library in the University of Tokyo, JAPAN",http://iiif.io/api/presentation/2#rightToLeftDirection,,田中芳男・博物学コレクション,10000110,,https://iiif.dl.itc.u-tokyo.ac.jp/repo/iiif/f8d9c0f9-72a9-3583-6d23-bbf77e4aa426/manifest,,,,,3
教草 五 樟虫一覧,,,,,38×52cm,,XB10:299,,3,,,,,,,,https://www.lib.u-tokyo.ac.jp/ja/library/contents/archives-top/reuse,http://tify.sub.uni-goettingen.de/demo.html?manifest=https://archdataset.dl.itc.u-tokyo.ac.jp/manifest/279e50fe-387f-6ef9-1227-cc9023ae4a2e.json,279e50fe-387f-6ef9-1227-cc9023ae4a2e,https://iiif.dl.itc.u-tokyo.ac.jp/repo/s/tanaka/,https://iiif.dl.itc.u-tokyo.ac.jp/repo/s/tanaka/document/279e50fe-387f-6ef9-1227-cc9023ae4a2e,https://iiif.dl.itc.u-tokyo.ac.jp/repo/files/medium/3fe79e7a3a9e402b93a333132219a4926fa24387.jpg,https://iiif.dl.itc.u-tokyo.ac.jp/repo/api/items/534076,"東京大学総合図書館 General Library in the University of Tokyo, JAPAN",http://iiif.io/api/presentation/2#rightToLeftDirection,,田中芳男・博物学コレクション,10000111,,https://iiif.dl.itc.u-tokyo.ac.jp/repo/iiif/279e50fe-387f-6ef9-1227-cc9023ae4a2e/manifest,,,,,3
教草 六 野蚕一覧,,,,,38×52cm,,XB10:299,,3,,,,,,,,https://www.lib.u-tokyo.ac.jp/ja/library/contents/archives-top/reuse,http://tify.sub.uni-goettingen.de/demo.html?manifest=https://archdataset.dl.itc.u-tokyo.ac.jp/manifest/3c991f5d-5279-3aaf-037e-07ad8008725b.json,3c991f5d-5279-3aaf-037e-07ad8008725b,https://iiif.dl.itc.u-tokyo.ac.jp/repo/s/tanaka/,https://iiif.dl.itc.u-tokyo.ac.jp/repo/s/tanaka/document/3c991f5d-5279-3aaf-037e-07ad8008725b,https://iiif.dl.itc.u-tokyo.ac.jp/repo/files/medium/81a7f8e6a397f283f885a3be13cebcc21dc0fcd7.jpg,https://iiif.dl.itc.u-tokyo.ac.jp/repo/api/items/534077,"東京大学総合図書館 General Library in the University of Tokyo, JAPAN",http://iiif.io/api/presentation/2#rightToLeftDirection,,田中芳男・博物学コレクション,10000112,,https://iiif.dl.itc.u-tokyo.ac.jp/repo/iiif/3c991f5d-5279-3aaf-037e-07ad8008725b/manifest,,,,,3
教草 七 葛布一覧,,,,,38×52cm,,XB10:299,,3,,,,,,,,https://www.lib.u-tokyo.ac.jp/ja/library/contents/archives-top/reuse,http://tify.sub.uni-goettingen.de/demo.html?manifest=https://archdataset.dl.itc.u-tokyo.ac.jp/manifest/38f5b19b-00d1-2937-1938-bd652319a460.json,38f5b19b-00d1-2937-1938-bd652319a460,https://iiif.dl.itc.u-tokyo.ac.jp/repo/s/tanaka/,https://iiif.dl.itc.u-tokyo.ac.jp/repo/s/tanaka/document/38f5b19b-00d1-2937-1938-bd652319a460,https://iiif.dl.itc.u-tokyo.ac.jp/repo/files/medium/0cc635d412683aed33d9f818fb0479613b47f6d5.jpg,https://iiif.dl.itc.u-tokyo.ac.jp/repo/api/items/534078,"東京大学総合図書館 General Library in the University of Tokyo, JAPAN",http://iiif.io/api/presentation/2#rightToLeftDirection,,田中芳男・博物学コレクション,10000113,,https://iiif.dl.itc.u-tokyo.ac.jp/repo/iiif/38f5b19b-00d1-2937-1938-bd652319a460/manifest,,,,,3
教草 十一 索麺一覧,,,,,38×52cm,,XB10:299,,3,,,,,,,,https://www.lib.u-tokyo.ac.jp/ja/library/contents/archives-top/reuse,http://tify.sub.uni-goettingen.de/demo.html?manifest=https://archdataset.dl.itc.u-tokyo.ac.jp/manifest/f4f736f5-1bfb-6089-5946-85a5abfa058d.json,f4f736f5-1bfb-6089-5946-85a5abfa058d,https://iiif.dl.itc.u-tokyo.ac.jp/repo/s/tanaka/,https://iiif.dl.itc.u-tokyo.ac.jp/repo/s/tanaka/document/f4f736f5-1bfb-6089-5946-85a5abfa058d,https://iiif.dl.itc.u-tokyo.ac.jp/repo/files/medium/e30ea34801b7ddde05f7d68668661923fda47daf.jpg,https://iiif.dl.itc.u-tokyo.ac.jp/repo/api/items/534079,"東京大学総合図書館 General Library in the University of Tokyo, JAPAN",http://iiif.io/api/presentation/2#rightToLeftDirection,,田中芳男・博物学コレクション,10000114,,https://iiif.dl.itc.u-tokyo.ac.jp/repo/iiif/f4f736f5-1bfb-6089-5946-85a5abfa058d/manifest,,,,,3
教草 十二 葛粉一覧,,,,,38×52cm,,XB10:299,,3,,,,,,,,https://www.lib.u-tokyo.ac.jp/ja/library/contents/archives-top/reuse,http://tify.sub.uni-goettingen.de/demo.html?manifest=https://archdataset.dl.itc.u-tokyo.ac.jp/manifest/6f2c6d3c-85b2-9947-1f9e-6b593ff55bb0.json,6f2c6d3c-85b2-9947-1f9e-6b593ff55bb0,https://iiif.dl.itc.u-tokyo.ac.jp/repo/s/tanaka/,https://iiif.dl.itc.u-tokyo.ac.jp/repo/s/tanaka/document/6f2c6d3c-85b2-9947-1f9e-6b593ff55bb0,https://iiif.dl.itc.u-tokyo.ac.jp/repo/files/medium/3bba6ae16110b2908fdc7373b0164397f5eace0f.jpg,https://iiif.dl.itc.u-tokyo.ac.jp/repo/api/items/534080,"東京大学総合図書館 General Library in the University of Tokyo, JAPAN",http://iiif.io/api/presentation/2#rightToLeftDirection,,田中芳男・博物学コレクション,10000115,,https://iiif.dl.itc.u-tokyo.ac.jp/repo/iiif/6f2c6d3c-85b2-9947-1f9e-6b593ff55bb0/manifest,,,,,3
教草 十三 藍一覧,,,,,38×52cm,,XB10:299,,3,,,,,,,,https://www.lib.u-tokyo.ac.jp/ja/library/contents/archives-top/reuse,http://tify.sub.uni-goettingen.de/demo.html?manifest=https://archdataset.dl.itc.u-tokyo.ac.jp/manifest/46cb476b-8ee5-7e6b-46f2-6c5dd95847e0.json,46cb476b-8ee5-7e6b-46f2-6c5dd95847e0,https://iiif.dl.itc.u-tokyo.ac.jp/repo/s/tanaka/,https://iiif.dl.itc.u-tokyo.ac.jp/repo/s/tanaka/document/46cb476b-8ee5-7e6b-46f2-6c5dd95847e0,https://iiif.dl.itc.u-tokyo.ac.jp/repo/files/medium/f66ffe15d1b36c0486503f8beaa56e373f628f92.jpg,https://iiif.dl.itc.u-tokyo.ac.jp/repo/api/items/534081,"東京大学総合図書館 General Library in the University of Tokyo, JAPAN",http://iiif.io/api/presentation/2#rightToLeftDirection,,田中芳男・博物学コレクション,10000116,,https://iiif.dl.itc.u-tokyo.ac.jp/repo/iiif/46cb476b-8ee5-7e6b-46f2-6c5dd95847e0/manifest,,,,,3
教草 十四 青花紙一覧,,,,,38×52cm,,XB10:299,,3,,,,,,,,https://www.lib.u-tokyo.ac.jp/ja/library/contents/archives-top/reuse,http://tify.sub.uni-goettingen.de/demo.html?manifest=https://archdataset.dl.itc.u-tokyo.ac.jp/manifest/e55ef903-386d-2fff-8ec0-d46750614804.json,e55ef903-386d-2fff-8ec0-d46750614804,https://iiif.dl.itc.u-tokyo.ac.jp/repo/s/tanaka/,https://iiif.dl.itc.u-tokyo.ac.jp/repo/s/tanaka/document/e55ef903-386d-2fff-8ec0-d46750614804,https://iiif.dl.itc.u-tokyo.ac.jp/repo/files/medium/296ee0fe898e29d8e58504f807114ef7cfd80d79.jpg,https://iiif.dl.itc.u-tokyo.ac.jp/repo/api/items/534082,"東京大学総合図書館 General Library in the University of Tokyo, JAPAN",http://iiif.io/api/presentation/2#rightToLeftDirection,,田中芳男・博物学コレクション,10000117,,https://iiif.dl.itc.u-tokyo.ac.jp/repo/iiif/e55ef903-386d-2fff-8ec0-d46750614804/manifest,,,,,3
教草 十五 製茶一覧,,,,,38×52cm,,XB10:299,,3,,,,,,,,https://www.lib.u-tokyo.ac.jp/ja/library/contents/archives-top/reuse,http://tify.sub.uni-goettingen.de/demo.html?manifest=https://archdataset.dl.itc.u-tokyo.ac.jp/manifest/0da88023-1bb1-89f9-091b-b373aef077ed.json,0da88023-1bb1-89f9-091b-b373aef077ed,https://iiif.dl.itc.u-tokyo.ac.jp/repo/s/tanaka/,https://iiif.dl.itc.u-tokyo.ac.jp/repo/s/tanaka/document/0da88023-1bb1-89f9-091b-b373aef077ed,https://iiif.dl.itc.u-tokyo.ac.jp/repo/files/medium/2266b5d3953540c3e5d2cf034c4b33a3310aab9a.jpg,https://iiif.dl.itc.u-tokyo.ac.jp/repo/api/items/534083,"東京大学総合図書館 General Library in the University of Tokyo, JAPAN",http://iiif.io/api/presentation/2#rightToLeftDirection,,田中芳男・博物学コレクション,10000118,,https://iiif.dl.itc.u-tokyo.ac.jp/repo/iiif/0da88023-1bb1-89f9-091b-b373aef077ed/manifest,,,,,3
教草 十六 煙草一覧,,,,,38×52cm,,XB10:299,,3,,,,,,,,https://www.lib.u-tokyo.ac.jp/ja/library/contents/archives-top/reuse,http://tify.sub.uni-goettingen.de/demo.html?manifest=https://archdataset.dl.itc.u-tokyo.ac.jp/manifest/0e31b48b-899a-6f70-0a20-d862e65c307a.json,0e31b48b-899a-6f70-0a20-d862e65c307a,https://iiif.dl.itc.u-tokyo.ac.jp/repo/s/tanaka/,https://iiif.dl.itc.u-tokyo.ac.jp/repo/s/tanaka/document/0e31b48b-899a-6f70-0a20-d862e65c307a,https://iiif.dl.itc.u-tokyo.ac.jp/repo/files/medium/1691a9e9ae1e676a501b3c330f01990330e2b792.jpg,https://iiif.dl.itc.u-tokyo.ac.jp/repo/api/items/534084,"東京大学総合図書館 General Library in the University of Tokyo, JAPAN",http://iiif.io/api/presentation/2#rightToLeftDirection,,田中芳男・博物学コレクション,10000119,,https://iiif.dl.itc.u-tokyo.ac.jp/repo/iiif/0e31b48b-899a-6f70-0a20-d862e65c307a/manifest,,,,,3
教草 十七 漆一覧,,,,,38×52cm,,XB10:299,,1,,,,,,,,https://www.lib.u-tokyo.ac.jp/ja/library/contents/archives-top/reuse,http://tify.sub.uni-goettingen.de/demo.html?manifest=https://archdataset.dl.itc.u-tokyo.ac.jp/manifest/6a812c3b-7db1-2ac9-7f46-c57cb419306f.json,6a812c3b-7db1-2ac9-7f46-c57cb419306f,https://iiif.dl.itc.u-tokyo.ac.jp/repo/s/tanaka/,https://iiif.dl.itc.u-tokyo.ac.jp/repo/s/tanaka/document/6a812c3b-7db1-2ac9-7f46-c57cb419306f,https://iiif.dl.itc.u-tokyo.ac.jp/repo/files/medium/cd3ca1ee614009753e7b5f4efc894dd245219774.jpg,https://iiif.dl.itc.u-tokyo.ac.jp/repo/api/items/534085,"東京大学総合図書館 General Library in the University of Tokyo, JAPAN",http://iiif.io/api/presentation/2#rightToLeftDirection,,田中芳男・博物学コレクション,10000120,,https://iiif.dl.itc.u-tokyo.ac.jp/repo/iiif/6a812c3b-7db1-2ac9-7f46-c57cb419306f/manifest,,,,,1
教草 十八 蒔絵一覧,,,,,38×52cm,,XB10:299,,3,,,,,,,,https://www.lib.u-tokyo.ac.jp/ja/library/contents/archives-top/reuse,http://tify.sub.uni-goettingen.de/demo.html?manifest=https://archdataset.dl.itc.u-tokyo.ac.jp/manifest/abb6cb04-508b-7091-8b10-0bd9c50630b6.json,abb6cb04-508b-7091-8b10-0bd9c50630b6,https://iiif.dl.itc.u-tokyo.ac.jp/repo/s/tanaka/,https://iiif.dl.itc.u-tokyo.ac.jp/repo/s/tanaka/document/abb6cb04-508b-7091-8b10-0bd9c50630b6,https://iiif.dl.itc.u-tokyo.ac.jp/repo/files/medium/764d346cda42157fd58650315d97d2cc9bd58874.jpg,https://iiif.dl.itc.u-tokyo.ac.jp/repo/api/items/534086,"東京大学総合図書館 General Library in the University of Tokyo, JAPAN",http://iiif.io/api/presentation/2#rightToLeftDirection,,田中芳男・博物学コレクション,10000121,,https://iiif.dl.itc.u-tokyo.ac.jp/repo/iiif/abb6cb04-508b-7091-8b10-0bd9c50630b6/manifest,,,,,3
教草 十九 蝋一覧,,,,,38×52cm,,XB10:299,,3,,,,,,,,https://www.lib.u-tokyo.ac.jp/ja/library/contents/archives-top/reuse,http://tify.sub.uni-goettingen.de/demo.html?manifest=https://archdataset.dl.itc.u-tokyo.ac.jp/manifest/0941b97c-4ccf-0e2c-836d-155d972a55cd.json,0941b97c-4ccf-0e2c-836d-155d972a55cd,https://iiif.dl.itc.u-tokyo.ac.jp/repo/s/tanaka/,https://iiif.dl.itc.u-tokyo.ac.jp/repo/s/tanaka/document/0941b97c-4ccf-0e2c-836d-155d972a55cd,https://iiif.dl.itc.u-tokyo.ac.jp/repo/files/medium/f6a8a674ebb2c76088d2f42d8ec0817fd9d2d9d0.jpg,https://iiif.dl.itc.u-tokyo.ac.jp/repo/api/items/534087,"東京大学総合図書館 General Library in the University of Tokyo, JAPAN",http://iiif.io/api/presentation/2#rightToLeftDirection,,田中芳男・博物学コレクション,10000122,,https://iiif.dl.itc.u-tokyo.ac.jp/repo/iiif/0941b97c-4ccf-0e2c-836d-155d972a55cd/manifest,,,,,3
教草 二十 白柿一覧,,,,,38×52cm,,XB10:299,,3,,,,,,,,https://www.lib.u-tokyo.ac.jp/ja/library/contents/archives-top/reuse,http://tify.sub.uni-goettingen.de/demo.html?manifest=https://archdataset.dl.itc.u-tokyo.ac.jp/manifest/8c84a273-59fe-675d-6bfb-51c91b3a113e.json,8c84a273-59fe-675d-6bfb-51c91b3a113e,https://iiif.dl.itc.u-tokyo.ac.jp/repo/s/tanaka/,https://iiif.dl.itc.u-tokyo.ac.jp/repo/s/tanaka/document/8c84a273-59fe-675d-6bfb-51c91b3a113e,https://iiif.dl.itc.u-tokyo.ac.jp/repo/files/medium/e5702a771aac3b359729fe4c613cfaf538cbfc5c.jpg,https://iiif.dl.itc.u-tokyo.ac.jp/repo/api/items/534088,"東京大学総合図書館 General Library in the University of Tokyo, JAPAN",http://iiif.io/api/presentation/2#rightToLeftDirection,,田中芳男・博物学コレクション,10000123,,https://iiif.dl.itc.u-tokyo.ac.jp/repo/iiif/8c84a273-59fe-675d-6bfb-51c91b3a113e/manifest,,,,,3
教草 二一 畳表一覧,,,,,38×52cm,,XB10:299,,3,,,,,,,,https://www.lib.u-tokyo.ac.jp/ja/library/contents/archives-top/reuse,http://tify.sub.uni-goettingen.de/demo.html?manifest=https://archdataset.dl.itc.u-tokyo.ac.jp/manifest/b24dce19-3d0c-1ef2-a520-5620d45488c6.json,b24dce19-3d0c-1ef2-a520-5620d45488c6,https://iiif.dl.itc.u-tokyo.ac.jp/repo/s/tanaka/,https://iiif.dl.itc.u-tokyo.ac.jp/repo/s/tanaka/document/b24dce19-3d0c-1ef2-a520-5620d45488c6,https://iiif.dl.itc.u-tokyo.ac.jp/repo/files/medium/780fbcbcefdf87feb9beefd3082c4f9900aa2401.jpg,https://iiif.dl.itc.u-tokyo.ac.jp/repo/api/items/534089,"東京大学総合図書館 General Library in the University of Tokyo, JAPAN",http://iiif.io/api/presentation/2#rightToLeftDirection,,田中芳男・博物学コレクション,10000124,,https://iiif.dl.itc.u-tokyo.ac.jp/repo/iiif/b24dce19-3d0c-1ef2-a520-5620d45488c6/manifest,,,,,3
教草 二二 香蕈一覧,,,,,38×52cm,,XB10:299,,3,,,,,,,,https://www.lib.u-tokyo.ac.jp/ja/library/contents/archives-top/reuse,http://tify.sub.uni-goettingen.de/demo.html?manifest=https://archdataset.dl.itc.u-tokyo.ac.jp/manifest/5762ba93-0fbd-516e-3fc4-f76800133d7e.json,5762ba93-0fbd-516e-3fc4-f76800133d7e,https://iiif.dl.itc.u-tokyo.ac.jp/repo/s/tanaka/,https://iiif.dl.itc.u-tokyo.ac.jp/repo/s/tanaka/document/5762ba93-0fbd-516e-3fc4-f76800133d7e,https://iiif.dl.itc.u-tokyo.ac.jp/repo/files/medium/da0d9d350652b16a0db3589623ba6562e2001407.jpg,https://iiif.dl.itc.u-tokyo.ac.jp/repo/api/items/534090,"東京大学総合図書館 General Library in the University of Tokyo, JAPAN",http://iiif.io/api/presentation/2#rightToLeftDirection,,田中芳男・博物学コレクション,10000125,,https://iiif.dl.itc.u-tokyo.ac.jp/repo/iiif/5762ba93-0fbd-516e-3fc4-f76800133d7e/manifest,,,,,3
教草 二四 蜂蜜一覧,,,,,38×52cm,,XB10:299,,3,,,,,,,,https://www.lib.u-tokyo.ac.jp/ja/library/contents/archives-top/reuse,http://tify.sub.uni-goettingen.de/demo.html?manifest=https://archdataset.dl.itc.u-tokyo.ac.jp/manifest/3ae26f29-7b20-2c20-189b-1ea94d3a30d8.json,3ae26f29-7b20-2c20-189b-1ea94d3a30d8,https://iiif.dl.itc.u-tokyo.ac.jp/repo/s/tanaka/,https://iiif.dl.itc.u-tokyo.ac.jp/repo/s/tanaka/document/3ae26f29-7b20-2c20-189b-1ea94d3a30d8,https://iiif.dl.itc.u-tokyo.ac.jp/repo/files/medium/c85f5d5b646cdc9f5d216740670b290e12a6f65e.jpg,https://iiif.dl.itc.u-tokyo.ac.jp/repo/api/items/534091,"東京大学総合図書館 General Library in the University of Tokyo, JAPAN",http://iiif.io/api/presentation/2#rightToLeftDirection,,田中芳男・博物学コレクション,10000126,,https://iiif.dl.itc.u-tokyo.ac.jp/repo/iiif/3ae26f29-7b20-2c20-189b-1ea94d3a30d8/manifest,,,,,3
教草 二五 油一覽,,,,,38×52cm,,XB10:299,博覧會事務局,3,,,,,,,,https://www.lib.u-tokyo.ac.jp/ja/library/contents/archives-top/reuse,http://tify.sub.uni-goettingen.de/demo.html?manifest=https://archdataset.dl.itc.u-tokyo.ac.jp/manifest/a6846a02-30e5-2615-001c-d8f8981f48e6.json,a6846a02-30e5-2615-001c-d8f8981f48e6,https://iiif.dl.itc.u-tokyo.ac.jp/repo/s/tanaka/,https://iiif.dl.itc.u-tokyo.ac.jp/repo/s/tanaka/document/a6846a02-30e5-2615-001c-d8f8981f48e6,https://iiif.dl.itc.u-tokyo.ac.jp/repo/files/medium/5126c7bdac1a422378071b653eb723cd38604432.jpg,https://iiif.dl.itc.u-tokyo.ac.jp/repo/api/items/534092,"東京大学総合図書館 General Library in the University of Tokyo, JAPAN",http://iiif.io/api/presentation/2#rightToLeftDirection,,田中芳男・博物学コレクション,10000127,,https://iiif.dl.itc.u-tokyo.ac.jp/repo/iiif/a6846a02-30e5-2615-001c-d8f8981f48e6/manifest,,,,,3
教草 二六 臙脂一覽,,,,,38×52cm,,XB10:299,博覧會事務局,3,,,,,,,,https://www.lib.u-tokyo.ac.jp/ja/library/contents/archives-top/reuse,http://tify.sub.uni-goettingen.de/demo.html?manifest=https://archdataset.dl.itc.u-tokyo.ac.jp/manifest/767f7d22-444e-56b1-2cf6-f84b2af0146f.json,767f7d22-444e-56b1-2cf6-f84b2af0146f,https://iiif.dl.itc.u-tokyo.ac.jp/repo/s/tanaka/,https://iiif.dl.itc.u-tokyo.ac.jp/repo/s/tanaka/document/767f7d22-444e-56b1-2cf6-f84b2af0146f,https://iiif.dl.itc.u-tokyo.ac.jp/repo/files/medium/d8cf30182233be0d287d8fde0ea743880ee2eea0.jpg,https://iiif.dl.itc.u-tokyo.ac.jp/repo/api/items/534093,"東京大学総合図書館 General Library in the University of Tokyo, JAPAN",http://iiif.io/api/presentation/2#rightToLeftDirection,,田中芳男・博物学コレクション,10000128,,https://iiif.dl.itc.u-tokyo.ac.jp/repo/iiif/767f7d22-444e-56b1-2cf6-f84b2af0146f/manifest,,,,,3
教草 二九 褐腐一覽,,,,,38×52cm,,XB10:299,博覧會事務局,3,,,,,,,,https://www.lib.u-tokyo.ac.jp/ja/library/contents/archives-top/reuse,http://tify.sub.uni-goettingen.de/demo.html?manifest=https://archdataset.dl.itc.u-tokyo.ac.jp/manifest/6a7a2e16-370d-5d47-4511-c9197e8a823b.json,6a7a2e16-370d-5d47-4511-c9197e8a823b,https://iiif.dl.itc.u-tokyo.ac.jp/repo/s/tanaka/,https://iiif.dl.itc.u-tokyo.ac.jp/repo/s/tanaka/document/6a7a2e16-370d-5d47-4511-c9197e8a823b,https://iiif.dl.itc.u-tokyo.ac.jp/repo/files/medium/d61e22504b18cbb63d8c78d3be2df5b6e5a37925.jpg,https://iiif.dl.itc.u-tokyo.ac.jp/repo/api/items/534094,"東京大学総合図書館 General Library in the University of Tokyo, JAPAN",http://iiif.io/api/presentation/2#rightToLeftDirection,,田中芳男・博物学コレクション,10000129,,https://iiif.dl.itc.u-tokyo.ac.jp/repo/iiif/6a7a2e16-370d-5d47-4511-c9197e8a823b/manifest,,,,,3
教草 三十 豆腐一覽,,,,,38×52cm,,XB10:299,博覧會事務局,3,,,,,,,,https://www.lib.u-tokyo.ac.jp/ja/library/contents/archives-top/reuse,http://tify.sub.uni-goettingen.de/demo.html?manifest=https://archdataset.dl.itc.u-tokyo.ac.jp/manifest/2dd0d02e-0a5a-8ff2-82de-9b459fc0a2bb.json,2dd0d02e-0a5a-8ff2-82de-9b459fc0a2bb,https://iiif.dl.itc.u-tokyo.ac.jp/repo/s/tanaka/,https://iiif.dl.itc.u-tokyo.ac.jp/repo/s/tanaka/document/2dd0d02e-0a5a-8ff2-82de-9b459fc0a2bb,https://iiif.dl.itc.u-tokyo.ac.jp/repo/files/medium/1459139c1814523a6675ca6dc2db7eef92da5c83.jpg,https://iiif.dl.itc.u-tokyo.ac.jp/repo/api/items/534095,"東京大学総合図書館 General Library in the University of Tokyo, JAPAN",http://iiif.io/api/presentation/2#rightToLeftDirection,,田中芳男・博物学コレクション,10000130,,https://iiif.dl.itc.u-tokyo.ac.jp/repo/iiif/2dd0d02e-0a5a-8ff2-82de-9b459fc0a2bb/manifest,,,,,3
台湾帖,,,,明治四十一年十月鉄道全通式出張之際取得等,42.3×30.5cm,,BA:12,田中芳男,84,,,,,,,,https://www.lib.u-tokyo.ac.jp/ja/library/contents/archives-top/reuse,http://tify.sub.uni-goettingen.de/demo.html?manifest=https://archdataset.dl.itc.u-tokyo.ac.jp/manifest/99129f67-2420-3f1e-6eba-90448b744baf.json,99129f67-2420-3f1e-6eba-90448b744baf,https://iiif.dl.itc.u-tokyo.ac.jp/repo/s/tanaka/,https://iiif.dl.itc.u-tokyo.ac.jp/repo/s/tanaka/document/99129f67-2420-3f1e-6eba-90448b744baf,https://iiif.dl.itc.u-tokyo.ac.jp/repo/files/medium/3ef36470f3b5a507457e05db9d1571bfa23fa5d5.jpg,https://iiif.dl.itc.u-tokyo.ac.jp/repo/api/items/534096,"東京大学総合図書館 General Library in the University of Tokyo, JAPAN",http://iiif.io/api/presentation/2#rightToLeftDirection,,田中芳男・博物学コレクション,10000131,,https://iiif.dl.itc.u-tokyo.ac.jp/repo/iiif/99129f67-2420-3f1e-6eba-90448b744baf/manifest,,,,,84
神都印刷帖附農業館掛図・絵,,,,明治廿四年以後所集同丗七年三月貼附畢田中芳男,40.5×28.0cm,,BJ:25,田中芳男,31,,,,,,,,https://www.lib.u-tokyo.ac.jp/ja/library/contents/archives-top/reuse,http://tify.sub.uni-goettingen.de/demo.html?manifest=https://archdataset.dl.itc.u-tokyo.ac.jp/manifest/1e672f8a-8c42-14fe-62ea-2c5945ce2a37.json,1e672f8a-8c42-14fe-62ea-2c5945ce2a37,https://iiif.dl.itc.u-tokyo.ac.jp/repo/s/tanaka/,https://iiif.dl.itc.u-tokyo.ac.jp/repo/s/tanaka/document/1e672f8a-8c42-14fe-62ea-2c5945ce2a37,https://iiif.dl.itc.u-tokyo.ac.jp/repo/files/medium/a4f3ca26331f1af0edcf11ef541e8fc9741707f4.jpg,https://iiif.dl.itc.u-tokyo.ac.jp/repo/api/items/534097,"東京大学総合図書館 General Library in the University of Tokyo, JAPAN",http://iiif.io/api/presentation/2#rightToLeftDirection,,田中芳男・博物学コレクション,10000132,,https://iiif.dl.itc.u-tokyo.ac.jp/repo/iiif/1e672f8a-8c42-14fe-62ea-2c5945ce2a37/manifest,,,,,31
共進会並水産博覧会帖,,,,,40.5×28.5cm,,BXB:8,田中芳男,63,,,,,,,,https://www.lib.u-tokyo.ac.jp/ja/library/contents/archives-top/reuse,http://tify.sub.uni-goettingen.de/demo.html?manifest=https://archdataset.dl.itc.u-tokyo.ac.jp/manifest/8a599110-591e-9c98-a32b-99b37f160317.json,8a599110-591e-9c98-a32b-99b37f160317,https://iiif.dl.itc.u-tokyo.ac.jp/repo/s/tanaka/,https://iiif.dl.itc.u-tokyo.ac.jp/repo/s/tanaka/document/8a599110-591e-9c98-a32b-99b37f160317,https://iiif.dl.itc.u-tokyo.ac.jp/repo/files/medium/73dbf964676f34b8cbd87cb87392aff672d71cd7.jpg,https://iiif.dl.itc.u-tokyo.ac.jp/repo/api/items/534098,"東京大学総合図書館 General Library in the University of Tokyo, JAPAN",http://iiif.io/api/presentation/2#rightToLeftDirection,,田中芳男・博物学コレクション,10000133,,https://iiif.dl.itc.u-tokyo.ac.jp/repo/iiif/8a599110-591e-9c98-a32b-99b37f160317/manifest,,,,,63
繭絲織物陶漆器共進会帖,,,,,41.0×28.0cm,,BXB:9,田中芳男,241,,,,,,,,https://www.lib.u-tokyo.ac.jp/ja/library/contents/archives-top/reuse,http://tify.sub.uni-goettingen.de/demo.html?manifest=https://archdataset.dl.itc.u-tokyo.ac.jp/manifest/b7b22418-218f-25b4-8a01-cd236420774f.json,b7b22418-218f-25b4-8a01-cd236420774f,https://iiif.dl.itc.u-tokyo.ac.jp/repo/s/tanaka/,https://iiif.dl.itc.u-tokyo.ac.jp/repo/s/tanaka/document/b7b22418-218f-25b4-8a01-cd236420774f,https://iiif.dl.itc.u-tokyo.ac.jp/repo/files/medium/b280716bcdfa670e8f2177660f10b63d6cb0eb42.jpg,https://iiif.dl.itc.u-tokyo.ac.jp/repo/api/items/534099,"東京大学総合図書館 General Library in the University of Tokyo, JAPAN",http://iiif.io/api/presentation/2#rightToLeftDirection,,田中芳男・博物学コレクション,10000134,,https://iiif.dl.itc.u-tokyo.ac.jp/repo/iiif/b7b22418-218f-25b4-8a01-cd236420774f/manifest,,,,,241
博物學寫眞圖,ハクブツガク シャシンズ,,,"田中房種録 ; 服部雪齋画「瑇瑁又玳瑁」を含む|写本|書名は題簽による|その他の画者: 伊藤熊太郎, 伊藤熊太郎, 松平康民|おもに図版、彩色あり、折り込み図あり|書簡, 押紙あり|版心下部に「農商務省」とある罫紙を使用|明治10年1月宮田六左衞門刻「瑇瑁又玳瑁」(1枚)を付す|大和綴じ|印記: 「中島」(中島仰山), 「伊藤」(伊藤熊太郎), 「高野」(高野則明), 「男爵田中美津男氏寄贈先代田中芳男男旧藏書/昭和七年」",,,A00:5839,田中芳男 [編] ; 中島仰山 [ほか] 冩,,1,,田中芳男 [ほか写],明治11-明治19,日本語,図書,,https://www.lib.u-tokyo.ac.jp/ja/library/contents/archives-top/reuse,http://tify.sub.uni-goettingen.de/demo.html?manifest=https://archdataset.dl.itc.u-tokyo.ac.jp/manifest/55ee833b-6708-1fb2-2aa0-158792fa0066.json,55ee833b-6708-1fb2-2aa0-158792fa0066,https://iiif.dl.itc.u-tokyo.ac.jp/repo/s/tanaka/,https://iiif.dl.itc.u-tokyo.ac.jp/repo/s/tanaka/document/55ee833b-6708-1fb2-2aa0-158792fa0066,https://iiif.dl.itc.u-tokyo.ac.jp/repo/files/medium/448f000887c5b888afe16bd77bb4f26ba15e9227.jpg,https://iiif.dl.itc.u-tokyo.ac.jp/repo/api/items/738699,"東京大学総合図書館 General Library in the University of Tokyo, JAPAN",http://iiif.io/api/presentation/2#rightToLeftDirection,,田中芳男・博物学コレクション,10000135,,https://iiif.dl.itc.u-tokyo.ac.jp/repo/iiif/55ee833b-6708-1fb2-2aa0-158792fa0066/manifest,,,,,338
鳥類標本及寫眞圖,チョウルイ ヒョウホン オヨビ シャシンズ,,,"写本|書名は背表紙による|おもに図版|彩色あり|羽毛標本実物あり|付箋あり|貼交帖|印記: 「中島」(中島仰山), 「男爵田中美津男氏寄贈先代田中芳男男旧藏書/昭和七年」",,,A00:5840,中島仰山 [圖],,1,,中島仰山 [自筆],[明治期],日本語,図書,,https://www.lib.u-tokyo.ac.jp/ja/library/contents/archives-top/reuse,http://tify.sub.uni-goettingen.de/demo.html?manifest=https://archdataset.dl.itc.u-tokyo.ac.jp/manifest/b5ac62ab-5854-536f-254c-3451a79f37af.json,b5ac62ab-5854-536f-254c-3451a79f37af,https://iiif.dl.itc.u-tokyo.ac.jp/repo/s/tanaka/,https://iiif.dl.itc.u-tokyo.ac.jp/repo/s/tanaka/document/b5ac62ab-5854-536f-254c-3451a79f37af,https://iiif.dl.itc.u-tokyo.ac.jp/repo/files/medium/57a728d956af2f0d04974829b5f30a34bcdc8988.jpg,https://iiif.dl.itc.u-tokyo.ac.jp/repo/api/items/738698,"東京大学総合図書館 General Library in the University of Tokyo, JAPAN",http://iiif.io/api/presentation/2#rightToLeftDirection,,田中芳男・博物学コレクション,10000136,,https://iiif.dl.itc.u-tokyo.ac.jp/repo/iiif/b5ac62ab-5854-536f-254c-3451a79f37af/manifest,,,,,76
蟲譜 3巻 [1],チュウフ,,,"写本|書名は原表紙による|中の扉書名: 虫類|後付題簽の書名: 丹洲蟲譜|原表紙に「雪齋藏夲」とあり|本文中に「文化丁丑仲夏近藤正齋秘弆医學舘薬品會所排列也」との記述あり|付箋に「此書は明治九年十月服部雪斎翁ノ贈ル所ニシテ十年三月表装ス 田中芳男」, 「前紙は服部雪齋藏中ヲ写シタルモノ又後紙葉は伊藤圭介氏ノ藏中を写シ増加ズ」とあり|四周双辺無界料紙を使用|彩色あり|付箋あり|印記: 「雪齋」(服部雪齋), 「男爵田中美津男氏寄贈先代田中芳男男旧藏書/昭和七年」",,,A00:5843,丹洲 [撰] ; 服部雪齋 [原画],,2,,[書写者不明],[明治期],日本語,図書,,https://www.lib.u-tokyo.ac.jp/ja/library/contents/archives-top/reuse,http://tify.sub.uni-goettingen.de/demo.html?manifest=https://archdataset.dl.itc.u-tokyo.ac.jp/manifest/4ded9e40-0e43-4d93-202d-ef954c646725.json,4ded9e40-0e43-4d93-202d-ef954c646725,https://iiif.dl.itc.u-tokyo.ac.jp/repo/s/tanaka/,https://iiif.dl.itc.u-tokyo.ac.jp/repo/s/tanaka/document/4ded9e40-0e43-4d93-202d-ef954c646725,https://iiif.dl.itc.u-tokyo.ac.jp/repo/files/medium/e3aaae38cad1c31093bc6e0ee2d659508ccf4a07.jpg,https://iiif.dl.itc.u-tokyo.ac.jp/repo/api/items/738697,"東京大学総合図書館 General Library in the University of Tokyo, JAPAN",http://iiif.io/api/presentation/2#rightToLeftDirection,,田中芳男・博物学コレクション,10000137,,https://iiif.dl.itc.u-tokyo.ac.jp/repo/iiif/4ded9e40-0e43-4d93-202d-ef954c646725/manifest,,,,,106
蟲譜 3巻 [2],チュウフ,,,"写本|書名は原表紙による|中の扉書名: 虫類|後付題簽の書名: 丹洲蟲譜|原表紙に「雪齋藏夲」とあり|本文中に「文化丁丑仲夏近藤正齋秘弆医學舘薬品會所排列也」との記述あり|付箋に「此書は明治九年十月服部雪斎翁ノ贈ル所ニシテ十年三月表装ス 田中芳男」, 「前紙は服部雪齋藏中ヲ写シタルモノ又後紙葉は伊藤圭介氏ノ藏中を写シ増加ズ」とあり|四周双辺無界料紙を使用|彩色あり|付箋あり|印記: 「雪齋」(服部雪齋), 「男爵田中美津男氏寄贈先代田中芳男男旧藏書/昭和七年」",,,A00:5843,丹洲 [撰] ; 服部雪齋 [原画],,2,,[書写者不明],[明治期],日本語,図書,,https://www.lib.u-tokyo.ac.jp/ja/library/contents/archives-top/reuse,http://tify.sub.uni-goettingen.de/demo.html?manifest=https://archdataset.dl.itc.u-tokyo.ac.jp/manifest/19f5c39a-2be4-0356-0095-0a80224d0744.json,19f5c39a-2be4-0356-0095-0a80224d0744,https://iiif.dl.itc.u-tokyo.ac.jp/repo/s/tanaka/,https://iiif.dl.itc.u-tokyo.ac.jp/repo/s/tanaka/document/19f5c39a-2be4-0356-0095-0a80224d0744,https://iiif.dl.itc.u-tokyo.ac.jp/repo/files/medium/dee165cf4c09cb89962b1b0a69a21f6b4fbe9e84.jpg,https://iiif.dl.itc.u-tokyo.ac.jp/repo/api/items/738696,"東京大学総合図書館 General Library in the University of Tokyo, JAPAN",http://iiif.io/api/presentation/2#rightToLeftDirection,,田中芳男・博物学コレクション,10000138,,https://iiif.dl.itc.u-tokyo.ac.jp/repo/iiif/19f5c39a-2be4-0356-0095-0a80224d0744/manifest,,,,,113
雀巣庵禽譜,ジャクソウアン キンプ,,,"写本|書名は序首による|序に「本年五月水谷助六氏ノ周旋ニ因リ神波全庵君ヨリ求ムル啚書ノ内鳥圖ニ巻ハ尾張ノ本草家雀巣庵主人ノ遺物ナルヨシ甚内傳冩モアレトモ多クハ同翁ノ自筆ニ成レリ ... 明治十九年六月二十一日 東京田中芳男記」とあり|おもに図版|彩色あり|印記: 「神波」(神波全庵), 「男爵田中美津男氏寄贈先代田中芳男男旧藏書/昭和七年」",,,A00:5844,雀巣庵 [著] ; 田中芳男 [編],,1,,吉田雀巣庵 : 田中芳男 [写],[江戸後期]-明治19 識語,日本語,図書,,https://www.lib.u-tokyo.ac.jp/ja/library/contents/archives-top/reuse,http://tify.sub.uni-goettingen.de/demo.html?manifest=https://archdataset.dl.itc.u-tokyo.ac.jp/manifest/b317c66e-9ca0-8325-9719-27ffecd40aee.json,b317c66e-9ca0-8325-9719-27ffecd40aee,https://iiif.dl.itc.u-tokyo.ac.jp/repo/s/tanaka/,https://iiif.dl.itc.u-tokyo.ac.jp/repo/s/tanaka/document/b317c66e-9ca0-8325-9719-27ffecd40aee,https://iiif.dl.itc.u-tokyo.ac.jp/repo/files/medium/71c150ef4a712efd7f7154e97f7eba8b89b9585a.jpg,https://iiif.dl.itc.u-tokyo.ac.jp/repo/api/items/738695,"東京大学総合図書館 General Library in the University of Tokyo, JAPAN",http://iiif.io/api/presentation/2#rightToLeftDirection,,田中芳男・博物学コレクション,10000139,,https://iiif.dl.itc.u-tokyo.ac.jp/repo/iiif/b317c66e-9ca0-8325-9719-27ffecd40aee/manifest,,,,,100
隨観冩真 20巻 (存4巻) [1],ズイカン シャシン,,,"写本|書名は目首による|扉の書名: 隨觀冩眞|責任表示は『日本古典籍総合目録データベース』による|題簽による巻冊次表示: 中(魚之部), 下(魚鱉蟹介之部)|おもに図版|彩色あり|印記: 「男爵田中美津男氏寄贈先代田中芳男男旧藏書/昭和七年」",,,A00:5845,[後藤梨春著],,2,,[書写者不明],[幕末明治期],日本語,図書,,https://www.lib.u-tokyo.ac.jp/ja/library/contents/archives-top/reuse,http://tify.sub.uni-goettingen.de/demo.html?manifest=https://archdataset.dl.itc.u-tokyo.ac.jp/manifest/36dda72b-3eae-17a3-9ce0-84d1a3bd86c6.json,36dda72b-3eae-17a3-9ce0-84d1a3bd86c6,https://iiif.dl.itc.u-tokyo.ac.jp/repo/s/tanaka/,https://iiif.dl.itc.u-tokyo.ac.jp/repo/s/tanaka/document/36dda72b-3eae-17a3-9ce0-84d1a3bd86c6,https://iiif.dl.itc.u-tokyo.ac.jp/repo/files/medium/839a39765cbe2afd2a1b4db973265a52e3318129.jpg,https://iiif.dl.itc.u-tokyo.ac.jp/repo/api/items/738694,"東京大学総合図書館 General Library in the University of Tokyo, JAPAN",http://iiif.io/api/presentation/2#rightToLeftDirection,,田中芳男・博物学コレクション,10000140,,https://iiif.dl.itc.u-tokyo.ac.jp/repo/iiif/36dda72b-3eae-17a3-9ce0-84d1a3bd86c6/manifest,,,,,62
隨観冩真 20巻 (存4巻) [2],ズイカン シャシン,,,"写本|書名は目首による|扉の書名: 隨觀冩眞|責任表示は『日本古典籍総合目録データベース』による|題簽による巻冊次表示: 中(魚之部), 下(魚鱉蟹介之部)|おもに図版|彩色あり|印記: 「男爵田中美津男氏寄贈先代田中芳男男旧藏書/昭和七年」",,,A00:5845,[後藤梨春著],,2,,[書写者不明],[幕末明治期],日本語,図書,,https://www.lib.u-tokyo.ac.jp/ja/library/contents/archives-top/reuse,http://tify.sub.uni-goettingen.de/demo.html?manifest=https://archdataset.dl.itc.u-tokyo.ac.jp/manifest/3fe00c71-9cc6-02f8-0bae-72a95b754874.json,3fe00c71-9cc6-02f8-0bae-72a95b754874,https://iiif.dl.itc.u-tokyo.ac.jp/repo/s/tanaka/,https://iiif.dl.itc.u-tokyo.ac.jp/repo/s/tanaka/document/3fe00c71-9cc6-02f8-0bae-72a95b754874,https://iiif.dl.itc.u-tokyo.ac.jp/repo/files/medium/d2f8d4e0a546972bdf09ca5d74a6633ee30f9bd0.jpg,https://iiif.dl.itc.u-tokyo.ac.jp/repo/api/items/738693,"東京大学総合図書館 General Library in the University of Tokyo, JAPAN",http://iiif.io/api/presentation/2#rightToLeftDirection,,田中芳男・博物学コレクション,10000141,,https://iiif.dl.itc.u-tokyo.ac.jp/repo/iiif/3fe00c71-9cc6-02f8-0bae-72a95b754874/manifest,,,,,63
蟲豸圖譜 (存2巻),チュウチ ズフ,,,写本|題簽の書名: 蟲豸啚譜|田中芳男筆跡の題簽に「明治十九年博物局藏写本ヲ複写ス」とあり|彩色あり|印記: 「男爵田中美津男氏寄贈先代田中芳男男旧藏書/昭和七年」,,,A00:5847,[田中芳男模画],,1,,[田中芳男] [写],明治19,日本語,図書,,https://www.lib.u-tokyo.ac.jp/ja/library/contents/archives-top/reuse,http://tify.sub.uni-goettingen.de/demo.html?manifest=https://archdataset.dl.itc.u-tokyo.ac.jp/manifest/9818d4b7-41d5-2ad8-4e02-e1ff9d7b1dd2.json,9818d4b7-41d5-2ad8-4e02-e1ff9d7b1dd2,https://iiif.dl.itc.u-tokyo.ac.jp/repo/s/tanaka/,https://iiif.dl.itc.u-tokyo.ac.jp/repo/s/tanaka/document/9818d4b7-41d5-2ad8-4e02-e1ff9d7b1dd2,https://iiif.dl.itc.u-tokyo.ac.jp/repo/files/medium/4fef220db87fde61365fe8c6d0897e66693be218.jpg,https://iiif.dl.itc.u-tokyo.ac.jp/repo/api/items/738692,"東京大学総合図書館 General Library in the University of Tokyo, JAPAN",http://iiif.io/api/presentation/2#rightToLeftDirection,,田中芳男・博物学コレクション,10000142,,https://iiif.dl.itc.u-tokyo.ac.jp/repo/iiif/9818d4b7-41d5-2ad8-4e02-e1ff9d7b1dd2/manifest,,,,,57
