タイトル／Title,タイトル／Title,巻号タイトル／Volume Title,作成者／Creator,公開者／Publisher,出版地・頒布地／Publication Place,出版年/Year,発行日／Issued Data,言語／Language,主題／Subject,所蔵先／Source,請求記号／Call Number,貢献者／Contributor,公開日／Date,概要,Material Type,付加的記載,装訂,請求記号,著作の構成,バージョンの成立時期,著作の時期,大きさ（縦×横）,バージョンの行字数,出所,数量,登録番号,印記,資料化の技法,バージョンの技法,データのタイトル,著作のタイトル,バージョンの成立年,著作の年,バージョンの大きさ（縦×横）,データの識別子,Series Title,状態,外題,バージョンの成立場所,参考文献,バージョンの責任,著作の責任,原簿番号,資料化の時期,資料化の年,iiif viewer,ID,ウェブサイトURL,アイテムURL,利用条件,サムネイル,機械可読ドキュメント,帰属,viewingDirection,viewingHint,コレクション,ソート用項目,IIIFマニフェストURI,IIIF Search API URI,アノテーション付きIIIFマニフェストURI,Link to TAPAS Project,Text with Rich Text Format,# of media
dcterms:title,dcndl:alternative,dcndl:volumeTitle,dcterms:creator,dcterms:publisher,dcndl:publicationPlace,uterms:year,dcterms:issued,dcterms:language,dcterms:subject,dcterms:source,dcndl:callNumber,dcterms:contributor,dcterms:available,dcterms:description,dcndl:materialType,uparl:additionalDescription,uparl:bibliopegy,uparl:callNumber,uparl:constitutionOfTheWork,uparl:dateOfTheVersion,uparl:dateOfTheWork,uparl:dimensions,uparl:linageOfTheVersion,uparl:provenance,uparl:quantity,uparl:registrationNumber,uparl:seal,uparl:techniqueOfTheMaterialization,uparl:techniqueOfTheVersion,uparl:titleOfTheData,uparl:titleOfTheWork,uparl:yearOfTheVersion,uparl:yearOfTheWork,uparl:dimensionsOfTheVersion,uparl:identifierOfTheData,dcndl:seriesTitle,uparl:condition,uparl:externalTitle,uparl:placeOfTheVersion,uparl:reference,uparl:responsibilityOfTheVersion,uparl:responsibilityOfTheWork,uparl:ledgerNumber,uparl:dateOfTheMaterialization,uparl:yearOfTheMaterialization,iiif viewer,bibo:identifier,dcterms:isPartOf,dcterms:relation,dcterms:rights,foaf:thumbnail,rdfs:seeAlso,sc:attributionLabel,sc:viewingDirection,sc:viewingHint,uterms:databaseLabel,uterms:sort,uterms:manifestUri,uterms:searchApiUri,uterms:annotedManifest,uterms:linkToTapas,uterms:rtf,20214
"忠義水滸全傳 120囘圖1卷,宣和遺事 1卷[IASA_KUR_41973_09]",,,"施耐庵集撰, 羅貫中纂修,李贄評閱,楊定見編",,,,,中国語,,,,,,中国明代末に刊刻された『水滸伝』。,漢籍,"黒筆の書入れあり挿入物あり: 第46囘第6-7葉間
落丁: 第9囘第3葉, 第30囘第1-2葉, 第32囘第21葉以降, 第84囘第1葉.
シミ, 破損, 虫損, カスレ甚だし(一部欠損箇所の補鈔, および貼付による補修・補鈔あり)","線装,四針眼釘法",倉石文庫:41973:1,120回,(中国)明末,明後期,25.2×16.5,毎半葉10行、行22字,"倉石武四郎旧蔵, 東京大学東洋文化研究所倉石文庫藏",32冊,"6403914721,6403914739,6403914747,6403914754,6403914762,6403914770,6403914788,6403914796,6403914804,6403914812,6403914820,6403914838,6403914846,6403914853,6403914861,6403914879,6403914887,6403914895,6403914903,6403914911,6403914929,6403914937,6403914945,6403914952","東洋文化研究所図書,倉石武四郎博士旧蔵",印本,木版,忠義水滸全傳一百二十回 Zhongyi Shuihu quanzhuan 120hui  忠義水滸全伝一百二十回    忠义水浒全传一百二十回,"(巻首題)忠義水滸全傳,(版心題)水滸全傳,(目首題)忠義水滸全傳,(引首首題)新鐫李氏藏本忠義水滸全傳,(発凡首題)出像評點忠義水滸全傳",1628-1644年,1567-1644,,,,,,,,,,,,,http://tify.sub.uni-goettingen.de/demo.html?manifest=https://archdataset.dl.itc.u-tokyo.ac.jp/manifest/09873dab-7fef-2908-1166-306148065231.json,09873dab-7fef-2908-1166-306148065231,https://iiif.dl.itc.u-tokyo.ac.jp/repo/s/asia/,https://iiif.dl.itc.u-tokyo.ac.jp/repo/s/asia/document/09873dab-7fef-2908-1166-306148065231,https://www.lib.u-tokyo.ac.jp/ja/library/contents/archives-top/reuse,https://iiif.dl.itc.u-tokyo.ac.jp/repo/files/medium/e41e2fff90feb319155245587c5d772ac7c3aa9d.jpg,https://iiif.dl.itc.u-tokyo.ac.jp/repo/api/items/1370830,"東京大学附属図書館アジア研究図書館上廣倫理財団寄付研究部門 / Uehiro Project for the Asian Research Library in the University of Tokyo, JAPAN",http://iiif.io/api/presentation/2#rightToLeftDirection,,水滸伝コレクション,,https://iiif.dl.itc.u-tokyo.ac.jp/repo/iiif/09873dab-7fef-2908-1166-306148065231/manifest,,,,,77
"忠義水滸全傳 120囘圖1卷,宣和遺事 1卷[IASA_KUR_41973_10]",,,"施耐庵集撰, 羅貫中纂修,李贄評閱,楊定見編",,,,,中国語,,,,,,中国明代末に刊刻された『水滸伝』。,漢籍,"黒筆の書入れあり挿入物あり: 第46囘第6-7葉間
落丁: 第9囘第3葉, 第30囘第1-2葉, 第32囘第21葉以降, 第84囘第1葉.
シミ, 破損, 虫損, カスレ甚だし(一部欠損箇所の補鈔, および貼付による補修・補鈔あり)","線装,四針眼釘法",倉石文庫:41973:1,120回,(中国)明末,明後期,25.2×16.5,毎半葉10行、行22字,"倉石武四郎旧蔵, 東京大学東洋文化研究所倉石文庫藏",32冊,"6403914721,6403914739,6403914747,6403914754,6403914762,6403914770,6403914788,6403914796,6403914804,6403914812,6403914820,6403914838,6403914846,6403914853,6403914861,6403914879,6403914887,6403914895,6403914903,6403914911,6403914929,6403914937,6403914945,6403914952","東洋文化研究所図書,倉石武四郎博士旧蔵",印本,木版,忠義水滸全傳一百二十回 Zhongyi Shuihu quanzhuan 120hui  忠義水滸全伝一百二十回    忠义水浒全传一百二十回,"(巻首題)忠義水滸全傳,(版心題)水滸全傳,(目首題)忠義水滸全傳,(引首首題)新鐫李氏藏本忠義水滸全傳,(発凡首題)出像評點忠義水滸全傳",1628-1644年,1567-1644,,,,,,,,,,,,,http://tify.sub.uni-goettingen.de/demo.html?manifest=https://archdataset.dl.itc.u-tokyo.ac.jp/manifest/86ce245d-5ea0-8e6b-7bbb-2b9280e65135.json,86ce245d-5ea0-8e6b-7bbb-2b9280e65135,https://iiif.dl.itc.u-tokyo.ac.jp/repo/s/asia/,https://iiif.dl.itc.u-tokyo.ac.jp/repo/s/asia/document/86ce245d-5ea0-8e6b-7bbb-2b9280e65135,https://www.lib.u-tokyo.ac.jp/ja/library/contents/archives-top/reuse,https://iiif.dl.itc.u-tokyo.ac.jp/repo/files/medium/4a60ef5e35d3db4292b32b3f067d05fcc0388e0d.jpg,https://iiif.dl.itc.u-tokyo.ac.jp/repo/api/items/1370831,"東京大学附属図書館アジア研究図書館上廣倫理財団寄付研究部門 / Uehiro Project for the Asian Research Library in the University of Tokyo, JAPAN",http://iiif.io/api/presentation/2#rightToLeftDirection,,水滸伝コレクション,,https://iiif.dl.itc.u-tokyo.ac.jp/repo/iiif/86ce245d-5ea0-8e6b-7bbb-2b9280e65135/manifest,,,,,94
"忠義水滸全傳 120囘圖1卷,宣和遺事 1卷[IASA_KUR_41973_11]",,,"施耐庵集撰, 羅貫中纂修,李贄評閱,楊定見編",,,,,中国語,,,,,,中国明代末に刊刻された『水滸伝』。,漢籍,"黒筆の書入れあり挿入物あり: 第46囘第6-7葉間
落丁: 第9囘第3葉, 第30囘第1-2葉, 第32囘第21葉以降, 第84囘第1葉.
シミ, 破損, 虫損, カスレ甚だし(一部欠損箇所の補鈔, および貼付による補修・補鈔あり)","線装,四針眼釘法",倉石文庫:41973:1,120回,(中国)明末,明後期,25.2×16.5,毎半葉10行、行22字,"倉石武四郎旧蔵, 東京大学東洋文化研究所倉石文庫藏",32冊,"6403914721,6403914739,6403914747,6403914754,6403914762,6403914770,6403914788,6403914796,6403914804,6403914812,6403914820,6403914838,6403914846,6403914853,6403914861,6403914879,6403914887,6403914895,6403914903,6403914911,6403914929,6403914937,6403914945,6403914952","東洋文化研究所図書,倉石武四郎博士旧蔵",印本,木版,忠義水滸全傳一百二十回 Zhongyi Shuihu quanzhuan 120hui  忠義水滸全伝一百二十回    忠义水浒全传一百二十回,"(巻首題)忠義水滸全傳,(版心題)水滸全傳,(目首題)忠義水滸全傳,(引首首題)新鐫李氏藏本忠義水滸全傳,(発凡首題)出像評點忠義水滸全傳",1628-1644年,1567-1644,,,,,,,,,,,,,http://tify.sub.uni-goettingen.de/demo.html?manifest=https://archdataset.dl.itc.u-tokyo.ac.jp/manifest/75b11c4e-454f-86ee-4795-08886ee86b16.json,75b11c4e-454f-86ee-4795-08886ee86b16,https://iiif.dl.itc.u-tokyo.ac.jp/repo/s/asia/,https://iiif.dl.itc.u-tokyo.ac.jp/repo/s/asia/document/75b11c4e-454f-86ee-4795-08886ee86b16,https://www.lib.u-tokyo.ac.jp/ja/library/contents/archives-top/reuse,https://iiif.dl.itc.u-tokyo.ac.jp/repo/files/medium/1fa5f4d0a70ac2abb63689c8732d83bd8e80f93d.jpg,https://iiif.dl.itc.u-tokyo.ac.jp/repo/api/items/1370832,"東京大学附属図書館アジア研究図書館上廣倫理財団寄付研究部門 / Uehiro Project for the Asian Research Library in the University of Tokyo, JAPAN",http://iiif.io/api/presentation/2#rightToLeftDirection,,水滸伝コレクション,,https://iiif.dl.itc.u-tokyo.ac.jp/repo/iiif/75b11c4e-454f-86ee-4795-08886ee86b16/manifest,,,,,93
"忠義水滸全傳 120囘圖1卷,宣和遺事 1卷[IASA_KUR_41973_12]",,,"施耐庵集撰, 羅貫中纂修,李贄評閱,楊定見編",,,,,中国語,,,,,,中国明代末に刊刻された『水滸伝』。,漢籍,"黒筆の書入れあり挿入物あり: 第46囘第6-7葉間
落丁: 第9囘第3葉, 第30囘第1-2葉, 第32囘第21葉以降, 第84囘第1葉.
シミ, 破損, 虫損, カスレ甚だし(一部欠損箇所の補鈔, および貼付による補修・補鈔あり)","線装,四針眼釘法",倉石文庫:41973:1,120回,(中国)明末,明後期,25.2×16.5,毎半葉10行、行22字,"倉石武四郎旧蔵, 東京大学東洋文化研究所倉石文庫藏",32冊,"6403914721,6403914739,6403914747,6403914754,6403914762,6403914770,6403914788,6403914796,6403914804,6403914812,6403914820,6403914838,6403914846,6403914853,6403914861,6403914879,6403914887,6403914895,6403914903,6403914911,6403914929,6403914937,6403914945,6403914952","東洋文化研究所図書,倉石武四郎博士旧蔵",印本,木版,忠義水滸全傳一百二十回 Zhongyi Shuihu quanzhuan 120hui  忠義水滸全伝一百二十回    忠义水浒全传一百二十回,"(巻首題)忠義水滸全傳,(版心題)水滸全傳,(目首題)忠義水滸全傳,(引首首題)新鐫李氏藏本忠義水滸全傳,(発凡首題)出像評點忠義水滸全傳",1628-1644年,1567-1644,,,,,,,,,,,,,http://tify.sub.uni-goettingen.de/demo.html?manifest=https://archdataset.dl.itc.u-tokyo.ac.jp/manifest/83400e1a-6e3c-0576-5d0e-5db856b61a01.json,83400e1a-6e3c-0576-5d0e-5db856b61a01,https://iiif.dl.itc.u-tokyo.ac.jp/repo/s/asia/,https://iiif.dl.itc.u-tokyo.ac.jp/repo/s/asia/document/83400e1a-6e3c-0576-5d0e-5db856b61a01,https://www.lib.u-tokyo.ac.jp/ja/library/contents/archives-top/reuse,https://iiif.dl.itc.u-tokyo.ac.jp/repo/files/medium/2f25906ab8b44d6c68ad687f74236084abc1d915.jpg,https://iiif.dl.itc.u-tokyo.ac.jp/repo/api/items/1370833,"東京大学附属図書館アジア研究図書館上廣倫理財団寄付研究部門 / Uehiro Project for the Asian Research Library in the University of Tokyo, JAPAN",http://iiif.io/api/presentation/2#rightToLeftDirection,,水滸伝コレクション,,https://iiif.dl.itc.u-tokyo.ac.jp/repo/iiif/83400e1a-6e3c-0576-5d0e-5db856b61a01/manifest,,,,,82
"忠義水滸全傳 120囘圖1卷,宣和遺事 1卷[IASA_KUR_41973_13]",,,"施耐庵集撰, 羅貫中纂修,李贄評閱,楊定見編",,,,,中国語,,,,,,中国明代末に刊刻された『水滸伝』。,漢籍,"黒筆の書入れあり挿入物あり: 第46囘第6-7葉間
落丁: 第9囘第3葉, 第30囘第1-2葉, 第32囘第21葉以降, 第84囘第1葉.
シミ, 破損, 虫損, カスレ甚だし(一部欠損箇所の補鈔, および貼付による補修・補鈔あり)","線装,四針眼釘法",倉石文庫:41973:1,120回,(中国)明末,明後期,25.2×16.5,毎半葉10行、行22字,"倉石武四郎旧蔵, 東京大学東洋文化研究所倉石文庫藏",32冊,"6403914721,6403914739,6403914747,6403914754,6403914762,6403914770,6403914788,6403914796,6403914804,6403914812,6403914820,6403914838,6403914846,6403914853,6403914861,6403914879,6403914887,6403914895,6403914903,6403914911,6403914929,6403914937,6403914945,6403914952","東洋文化研究所図書,倉石武四郎博士旧蔵",印本,木版,忠義水滸全傳一百二十回 Zhongyi Shuihu quanzhuan 120hui  忠義水滸全伝一百二十回    忠义水浒全传一百二十回,"(巻首題)忠義水滸全傳,(版心題)水滸全傳,(目首題)忠義水滸全傳,(引首首題)新鐫李氏藏本忠義水滸全傳,(発凡首題)出像評點忠義水滸全傳",1628-1644年,1567-1644,,,,,,,,,,,,,http://tify.sub.uni-goettingen.de/demo.html?manifest=https://archdataset.dl.itc.u-tokyo.ac.jp/manifest/a8574505-67dc-2047-5cf3-3b9cf73a8d6f.json,a8574505-67dc-2047-5cf3-3b9cf73a8d6f,https://iiif.dl.itc.u-tokyo.ac.jp/repo/s/asia/,https://iiif.dl.itc.u-tokyo.ac.jp/repo/s/asia/document/a8574505-67dc-2047-5cf3-3b9cf73a8d6f,https://www.lib.u-tokyo.ac.jp/ja/library/contents/archives-top/reuse,https://iiif.dl.itc.u-tokyo.ac.jp/repo/files/medium/b2c927f7b327eae3849b814463619735fa59546c.jpg,https://iiif.dl.itc.u-tokyo.ac.jp/repo/api/items/1370834,"東京大学附属図書館アジア研究図書館上廣倫理財団寄付研究部門 / Uehiro Project for the Asian Research Library in the University of Tokyo, JAPAN",http://iiif.io/api/presentation/2#rightToLeftDirection,,水滸伝コレクション,,https://iiif.dl.itc.u-tokyo.ac.jp/repo/iiif/a8574505-67dc-2047-5cf3-3b9cf73a8d6f/manifest,,,,,93
"忠義水滸全傳 120囘圖1卷,宣和遺事 1卷[IASA_KUR_41973_14]",,,"施耐庵集撰, 羅貫中纂修,李贄評閱,楊定見編",,,,,中国語,,,,,,中国明代末に刊刻された『水滸伝』。,漢籍,"黒筆の書入れあり挿入物あり: 第46囘第6-7葉間
落丁: 第9囘第3葉, 第30囘第1-2葉, 第32囘第21葉以降, 第84囘第1葉.
シミ, 破損, 虫損, カスレ甚だし(一部欠損箇所の補鈔, および貼付による補修・補鈔あり)","線装,四針眼釘法",倉石文庫:41973:1,120回,(中国)明末,明後期,25.2×16.5,毎半葉10行、行22字,"倉石武四郎旧蔵, 東京大学東洋文化研究所倉石文庫藏",32冊,"6403914721,6403914739,6403914747,6403914754,6403914762,6403914770,6403914788,6403914796,6403914804,6403914812,6403914820,6403914838,6403914846,6403914853,6403914861,6403914879,6403914887,6403914895,6403914903,6403914911,6403914929,6403914937,6403914945,6403914952","東洋文化研究所図書,倉石武四郎博士旧蔵",印本,木版,忠義水滸全傳一百二十回 Zhongyi Shuihu quanzhuan 120hui  忠義水滸全伝一百二十回    忠义水浒全传一百二十回,"(巻首題)忠義水滸全傳,(版心題)水滸全傳,(目首題)忠義水滸全傳,(引首首題)新鐫李氏藏本忠義水滸全傳,(発凡首題)出像評點忠義水滸全傳",1628-1644年,1567-1644,,,,,,,,,,,,,http://tify.sub.uni-goettingen.de/demo.html?manifest=https://archdataset.dl.itc.u-tokyo.ac.jp/manifest/53396feb-0737-5932-4576-3dcd8f1f1f14.json,53396feb-0737-5932-4576-3dcd8f1f1f14,https://iiif.dl.itc.u-tokyo.ac.jp/repo/s/asia/,https://iiif.dl.itc.u-tokyo.ac.jp/repo/s/asia/document/53396feb-0737-5932-4576-3dcd8f1f1f14,https://www.lib.u-tokyo.ac.jp/ja/library/contents/archives-top/reuse,https://iiif.dl.itc.u-tokyo.ac.jp/repo/files/medium/a99e0aa58d6aac7104dca5e7c374a73d9202b00f.jpg,https://iiif.dl.itc.u-tokyo.ac.jp/repo/api/items/1370835,"東京大学附属図書館アジア研究図書館上廣倫理財団寄付研究部門 / Uehiro Project for the Asian Research Library in the University of Tokyo, JAPAN",http://iiif.io/api/presentation/2#rightToLeftDirection,,水滸伝コレクション,,https://iiif.dl.itc.u-tokyo.ac.jp/repo/iiif/53396feb-0737-5932-4576-3dcd8f1f1f14/manifest,,,,,70
"忠義水滸全傳 120囘圖1卷,宣和遺事 1卷[IASA_KUR_41973_15]",,,"施耐庵集撰, 羅貫中纂修,李贄評閱,楊定見編",,,,,中国語,,,,,,中国明代末に刊刻された『水滸伝』。,漢籍,"黒筆の書入れあり挿入物あり: 第46囘第6-7葉間
落丁: 第9囘第3葉, 第30囘第1-2葉, 第32囘第21葉以降, 第84囘第1葉.
シミ, 破損, 虫損, カスレ甚だし(一部欠損箇所の補鈔, および貼付による補修・補鈔あり)","線装,四針眼釘法",倉石文庫:41973:1,120回,(中国)明末,明後期,25.2×16.5,毎半葉10行、行22字,"倉石武四郎旧蔵, 東京大学東洋文化研究所倉石文庫藏",32冊,"6403914721,6403914739,6403914747,6403914754,6403914762,6403914770,6403914788,6403914796,6403914804,6403914812,6403914820,6403914838,6403914846,6403914853,6403914861,6403914879,6403914887,6403914895,6403914903,6403914911,6403914929,6403914937,6403914945,6403914952","東洋文化研究所図書,倉石武四郎博士旧蔵",印本,木版,忠義水滸全傳一百二十回 Zhongyi Shuihu quanzhuan 120hui  忠義水滸全伝一百二十回    忠义水浒全传一百二十回,"(巻首題)忠義水滸全傳,(版心題)水滸全傳,(目首題)忠義水滸全傳,(引首首題)新鐫李氏藏本忠義水滸全傳,(発凡首題)出像評點忠義水滸全傳",1628-1644年,1567-1644,,,,,,,,,,,,,http://tify.sub.uni-goettingen.de/demo.html?manifest=https://archdataset.dl.itc.u-tokyo.ac.jp/manifest/8c54cd3e-0673-7548-a54c-2913f79c3184.json,8c54cd3e-0673-7548-a54c-2913f79c3184,https://iiif.dl.itc.u-tokyo.ac.jp/repo/s/asia/,https://iiif.dl.itc.u-tokyo.ac.jp/repo/s/asia/document/8c54cd3e-0673-7548-a54c-2913f79c3184,https://www.lib.u-tokyo.ac.jp/ja/library/contents/archives-top/reuse,https://iiif.dl.itc.u-tokyo.ac.jp/repo/files/medium/20f2e8f99517b87cfd3bb02bfef0253ccd4023f7.jpg,https://iiif.dl.itc.u-tokyo.ac.jp/repo/api/items/1370836,"東京大学附属図書館アジア研究図書館上廣倫理財団寄付研究部門 / Uehiro Project for the Asian Research Library in the University of Tokyo, JAPAN",http://iiif.io/api/presentation/2#rightToLeftDirection,,水滸伝コレクション,,https://iiif.dl.itc.u-tokyo.ac.jp/repo/iiif/8c54cd3e-0673-7548-a54c-2913f79c3184/manifest,,,,,71
"忠義水滸全傳 120囘圖1卷,宣和遺事 1卷[IASA_KUR_41973_16]",,,"施耐庵集撰, 羅貫中纂修,李贄評閱,楊定見編",,,,,中国語,,,,,,中国明代末に刊刻された『水滸伝』。,漢籍,"黒筆の書入れあり挿入物あり: 第46囘第6-7葉間
落丁: 第9囘第3葉, 第30囘第1-2葉, 第32囘第21葉以降, 第84囘第1葉.
シミ, 破損, 虫損, カスレ甚だし(一部欠損箇所の補鈔, および貼付による補修・補鈔あり)","線装,四針眼釘法",倉石文庫:41973:1,120回,(中国)明末,明後期,25.2×16.5,毎半葉10行、行22字,"倉石武四郎旧蔵, 東京大学東洋文化研究所倉石文庫藏",32冊,"6403914721,6403914739,6403914747,6403914754,6403914762,6403914770,6403914788,6403914796,6403914804,6403914812,6403914820,6403914838,6403914846,6403914853,6403914861,6403914879,6403914887,6403914895,6403914903,6403914911,6403914929,6403914937,6403914945,6403914952","東洋文化研究所図書,倉石武四郎博士旧蔵",印本,木版,忠義水滸全傳一百二十回 Zhongyi Shuihu quanzhuan 120hui  忠義水滸全伝一百二十回    忠义水浒全传一百二十回,"(巻首題)忠義水滸全傳,(版心題)水滸全傳,(目首題)忠義水滸全傳,(引首首題)新鐫李氏藏本忠義水滸全傳,(発凡首題)出像評點忠義水滸全傳",1628-1644年,1567-1644,,,,,,,,,,,,,http://tify.sub.uni-goettingen.de/demo.html?manifest=https://archdataset.dl.itc.u-tokyo.ac.jp/manifest/a58f256f-9cc7-5f09-1baf-26ee20647164.json,a58f256f-9cc7-5f09-1baf-26ee20647164,https://iiif.dl.itc.u-tokyo.ac.jp/repo/s/asia/,https://iiif.dl.itc.u-tokyo.ac.jp/repo/s/asia/document/a58f256f-9cc7-5f09-1baf-26ee20647164,https://www.lib.u-tokyo.ac.jp/ja/library/contents/archives-top/reuse,https://iiif.dl.itc.u-tokyo.ac.jp/repo/files/medium/8ca7211300446f7e65d47b5aa632a0ce4a95e966.jpg,https://iiif.dl.itc.u-tokyo.ac.jp/repo/api/items/1370837,"東京大学附属図書館アジア研究図書館上廣倫理財団寄付研究部門 / Uehiro Project for the Asian Research Library in the University of Tokyo, JAPAN",http://iiif.io/api/presentation/2#rightToLeftDirection,,水滸伝コレクション,,https://iiif.dl.itc.u-tokyo.ac.jp/repo/iiif/a58f256f-9cc7-5f09-1baf-26ee20647164/manifest,,,,,75
"忠義水滸全傳 120囘圖1卷,宣和遺事 1卷[IASA_KUR_41973_17]",,,"施耐庵集撰, 羅貫中纂修,李贄評閱,楊定見編",,,,,中国語,,,,,,中国明代末に刊刻された『水滸伝』。,漢籍,"黒筆の書入れあり挿入物あり: 第46囘第6-7葉間
落丁: 第9囘第3葉, 第30囘第1-2葉, 第32囘第21葉以降, 第84囘第1葉.
シミ, 破損, 虫損, カスレ甚だし(一部欠損箇所の補鈔, および貼付による補修・補鈔あり)","線装,四針眼釘法",倉石文庫:41973:1,120回,(中国)明末,明後期,25.2×16.5,毎半葉10行、行22字,"倉石武四郎旧蔵, 東京大学東洋文化研究所倉石文庫藏",32冊,"6403914721,6403914739,6403914747,6403914754,6403914762,6403914770,6403914788,6403914796,6403914804,6403914812,6403914820,6403914838,6403914846,6403914853,6403914861,6403914879,6403914887,6403914895,6403914903,6403914911,6403914929,6403914937,6403914945,6403914952","東洋文化研究所図書,倉石武四郎博士旧蔵",印本,木版,忠義水滸全傳一百二十回 Zhongyi Shuihu quanzhuan 120hui  忠義水滸全伝一百二十回    忠义水浒全传一百二十回,"(巻首題)忠義水滸全傳,(版心題)水滸全傳,(目首題)忠義水滸全傳,(引首首題)新鐫李氏藏本忠義水滸全傳,(発凡首題)出像評點忠義水滸全傳",1628-1644年,1567-1644,,,,,,,,,,,,,http://tify.sub.uni-goettingen.de/demo.html?manifest=https://archdataset.dl.itc.u-tokyo.ac.jp/manifest/59168f89-8817-17e6-40ed-ecf57cb2381c.json,59168f89-8817-17e6-40ed-ecf57cb2381c,https://iiif.dl.itc.u-tokyo.ac.jp/repo/s/asia/,https://iiif.dl.itc.u-tokyo.ac.jp/repo/s/asia/document/59168f89-8817-17e6-40ed-ecf57cb2381c,https://www.lib.u-tokyo.ac.jp/ja/library/contents/archives-top/reuse,https://iiif.dl.itc.u-tokyo.ac.jp/repo/files/medium/116ea636e5c803208581fc6bfb5f03d104e242d6.jpg,https://iiif.dl.itc.u-tokyo.ac.jp/repo/api/items/1370838,"東京大学附属図書館アジア研究図書館上廣倫理財団寄付研究部門 / Uehiro Project for the Asian Research Library in the University of Tokyo, JAPAN",http://iiif.io/api/presentation/2#rightToLeftDirection,,水滸伝コレクション,,https://iiif.dl.itc.u-tokyo.ac.jp/repo/iiif/59168f89-8817-17e6-40ed-ecf57cb2381c/manifest,,,,,88
"忠義水滸全傳 120囘圖1卷,宣和遺事 1卷[IASA_KUR_41973_18]",,,"施耐庵集撰, 羅貫中纂修,李贄評閱,楊定見編",,,,,中国語,,,,,,中国明代末に刊刻された『水滸伝』。,漢籍,"黒筆の書入れあり挿入物あり: 第46囘第6-7葉間
落丁: 第9囘第3葉, 第30囘第1-2葉, 第32囘第21葉以降, 第84囘第1葉.
シミ, 破損, 虫損, カスレ甚だし(一部欠損箇所の補鈔, および貼付による補修・補鈔あり)","線装,四針眼釘法",倉石文庫:41973:1,120回,(中国)明末,明後期,25.2×16.5,毎半葉10行、行22字,"倉石武四郎旧蔵, 東京大学東洋文化研究所倉石文庫藏",32冊,"6403914721,6403914739,6403914747,6403914754,6403914762,6403914770,6403914788,6403914796,6403914804,6403914812,6403914820,6403914838,6403914846,6403914853,6403914861,6403914879,6403914887,6403914895,6403914903,6403914911,6403914929,6403914937,6403914945,6403914952","東洋文化研究所図書,倉石武四郎博士旧蔵",印本,木版,忠義水滸全傳一百二十回 Zhongyi Shuihu quanzhuan 120hui  忠義水滸全伝一百二十回    忠义水浒全传一百二十回,"(巻首題)忠義水滸全傳,(版心題)水滸全傳,(目首題)忠義水滸全傳,(引首首題)新鐫李氏藏本忠義水滸全傳,(発凡首題)出像評點忠義水滸全傳",1628-1644年,1567-1644,,,,,,,,,,,,,http://tify.sub.uni-goettingen.de/demo.html?manifest=https://archdataset.dl.itc.u-tokyo.ac.jp/manifest/08b8dfc3-9a74-9ea6-8fbc-f1cc42eb53d6.json,08b8dfc3-9a74-9ea6-8fbc-f1cc42eb53d6,https://iiif.dl.itc.u-tokyo.ac.jp/repo/s/asia/,https://iiif.dl.itc.u-tokyo.ac.jp/repo/s/asia/document/08b8dfc3-9a74-9ea6-8fbc-f1cc42eb53d6,https://www.lib.u-tokyo.ac.jp/ja/library/contents/archives-top/reuse,https://iiif.dl.itc.u-tokyo.ac.jp/repo/files/medium/c989f7dee6670b1d9f47ee59eac2ca024731df39.jpg,https://iiif.dl.itc.u-tokyo.ac.jp/repo/api/items/1370839,"東京大学附属図書館アジア研究図書館上廣倫理財団寄付研究部門 / Uehiro Project for the Asian Research Library in the University of Tokyo, JAPAN",http://iiif.io/api/presentation/2#rightToLeftDirection,,水滸伝コレクション,,https://iiif.dl.itc.u-tokyo.ac.jp/repo/iiif/08b8dfc3-9a74-9ea6-8fbc-f1cc42eb53d6/manifest,,,,,80
"忠義水滸全傳 120囘圖1卷,宣和遺事 1卷[IASA_KUR_41973_19]",,,"施耐庵集撰, 羅貫中纂修,李贄評閱,楊定見編",,,,,中国語,,,,,,中国明代末に刊刻された『水滸伝』。,漢籍,"黒筆の書入れあり挿入物あり: 第46囘第6-7葉間
落丁: 第9囘第3葉, 第30囘第1-2葉, 第32囘第21葉以降, 第84囘第1葉.
シミ, 破損, 虫損, カスレ甚だし(一部欠損箇所の補鈔, および貼付による補修・補鈔あり)","線装,四針眼釘法",倉石文庫:41973:1,120回,(中国)明末,明後期,25.2×16.5,毎半葉10行、行22字,"倉石武四郎旧蔵, 東京大学東洋文化研究所倉石文庫藏",32冊,"6403914721,6403914739,6403914747,6403914754,6403914762,6403914770,6403914788,6403914796,6403914804,6403914812,6403914820,6403914838,6403914846,6403914853,6403914861,6403914879,6403914887,6403914895,6403914903,6403914911,6403914929,6403914937,6403914945,6403914952","東洋文化研究所図書,倉石武四郎博士旧蔵",印本,木版,忠義水滸全傳一百二十回 Zhongyi Shuihu quanzhuan 120hui  忠義水滸全伝一百二十回    忠义水浒全传一百二十回,"(巻首題)忠義水滸全傳,(版心題)水滸全傳,(目首題)忠義水滸全傳,(引首首題)新鐫李氏藏本忠義水滸全傳,(発凡首題)出像評點忠義水滸全傳",1628-1644年,1567-1644,,,,,,,,,,,,,http://tify.sub.uni-goettingen.de/demo.html?manifest=https://archdataset.dl.itc.u-tokyo.ac.jp/manifest/bcdde2c3-642c-947d-522a-08198435a1e6.json,bcdde2c3-642c-947d-522a-08198435a1e6,https://iiif.dl.itc.u-tokyo.ac.jp/repo/s/asia/,https://iiif.dl.itc.u-tokyo.ac.jp/repo/s/asia/document/bcdde2c3-642c-947d-522a-08198435a1e6,https://www.lib.u-tokyo.ac.jp/ja/library/contents/archives-top/reuse,https://iiif.dl.itc.u-tokyo.ac.jp/repo/files/medium/b5355a627bbb8064e76fbce68f967d18c0637c29.jpg,https://iiif.dl.itc.u-tokyo.ac.jp/repo/api/items/1370840,"東京大学附属図書館アジア研究図書館上廣倫理財団寄付研究部門 / Uehiro Project for the Asian Research Library in the University of Tokyo, JAPAN",http://iiif.io/api/presentation/2#rightToLeftDirection,,水滸伝コレクション,,https://iiif.dl.itc.u-tokyo.ac.jp/repo/iiif/bcdde2c3-642c-947d-522a-08198435a1e6/manifest,,,,,67
"忠義水滸全傳 120囘圖1卷,宣和遺事 1卷[IASA_KUR_41973_20]",,,"施耐庵集撰, 羅貫中纂修,李贄評閱,楊定見編",,,,,中国語,,,,,,中国明代末に刊刻された『水滸伝』。,漢籍,"黒筆の書入れあり挿入物あり: 第46囘第6-7葉間
落丁: 第9囘第3葉, 第30囘第1-2葉, 第32囘第21葉以降, 第84囘第1葉.
シミ, 破損, 虫損, カスレ甚だし(一部欠損箇所の補鈔, および貼付による補修・補鈔あり)","線装,四針眼釘法",倉石文庫:41973:1,120回,(中国)明末,明後期,25.2×16.5,毎半葉10行、行22字,"倉石武四郎旧蔵, 東京大学東洋文化研究所倉石文庫藏",32冊,"6403914721,6403914739,6403914747,6403914754,6403914762,6403914770,6403914788,6403914796,6403914804,6403914812,6403914820,6403914838,6403914846,6403914853,6403914861,6403914879,6403914887,6403914895,6403914903,6403914911,6403914929,6403914937,6403914945,6403914952","東洋文化研究所図書,倉石武四郎博士旧蔵",印本,木版,忠義水滸全傳一百二十回 Zhongyi Shuihu quanzhuan 120hui  忠義水滸全伝一百二十回    忠义水浒全传一百二十回,"(巻首題)忠義水滸全傳,(版心題)水滸全傳,(目首題)忠義水滸全傳,(引首首題)新鐫李氏藏本忠義水滸全傳,(発凡首題)出像評點忠義水滸全傳",1628-1644年,1567-1644,,,,,,,,,,,,,http://tify.sub.uni-goettingen.de/demo.html?manifest=https://archdataset.dl.itc.u-tokyo.ac.jp/manifest/a54599a8-17a6-330d-a115-cc1a7ace9d1a.json,a54599a8-17a6-330d-a115-cc1a7ace9d1a,https://iiif.dl.itc.u-tokyo.ac.jp/repo/s/asia/,https://iiif.dl.itc.u-tokyo.ac.jp/repo/s/asia/document/a54599a8-17a6-330d-a115-cc1a7ace9d1a,https://www.lib.u-tokyo.ac.jp/ja/library/contents/archives-top/reuse,https://iiif.dl.itc.u-tokyo.ac.jp/repo/files/medium/cfd1f3a3ffbf8ac074a937bae7c101ec127cb969.jpg,https://iiif.dl.itc.u-tokyo.ac.jp/repo/api/items/1370841,"東京大学附属図書館アジア研究図書館上廣倫理財団寄付研究部門 / Uehiro Project for the Asian Research Library in the University of Tokyo, JAPAN",http://iiif.io/api/presentation/2#rightToLeftDirection,,水滸伝コレクション,,https://iiif.dl.itc.u-tokyo.ac.jp/repo/iiif/a54599a8-17a6-330d-a115-cc1a7ace9d1a/manifest,,,,,69
"忠義水滸全傳 120囘圖1卷,宣和遺事 1卷[IASA_KUR_41973_21]",,,"施耐庵集撰, 羅貫中纂修,李贄評閱,楊定見編",,,,,中国語,,,,,,中国明代末に刊刻された『水滸伝』。,漢籍,"黒筆の書入れあり挿入物あり: 第46囘第6-7葉間
落丁: 第9囘第3葉, 第30囘第1-2葉, 第32囘第21葉以降, 第84囘第1葉.
シミ, 破損, 虫損, カスレ甚だし(一部欠損箇所の補鈔, および貼付による補修・補鈔あり)","線装,四針眼釘法",倉石文庫:41973:1,120回,(中国)明末,明後期,25.2×16.5,毎半葉10行、行22字,"倉石武四郎旧蔵, 東京大学東洋文化研究所倉石文庫藏",32冊,"6403914721,6403914739,6403914747,6403914754,6403914762,6403914770,6403914788,6403914796,6403914804,6403914812,6403914820,6403914838,6403914846,6403914853,6403914861,6403914879,6403914887,6403914895,6403914903,6403914911,6403914929,6403914937,6403914945,6403914952","東洋文化研究所図書,倉石武四郎博士旧蔵",印本,木版,忠義水滸全傳一百二十回 Zhongyi Shuihu quanzhuan 120hui  忠義水滸全伝一百二十回    忠义水浒全传一百二十回,"(巻首題)忠義水滸全傳,(版心題)水滸全傳,(目首題)忠義水滸全傳,(引首首題)新鐫李氏藏本忠義水滸全傳,(発凡首題)出像評點忠義水滸全傳",1628-1644年,1567-1644,,,,,,,,,,,,,http://tify.sub.uni-goettingen.de/demo.html?manifest=https://archdataset.dl.itc.u-tokyo.ac.jp/manifest/94a5b770-479d-4bc2-2ba8-118341972fdc.json,94a5b770-479d-4bc2-2ba8-118341972fdc,https://iiif.dl.itc.u-tokyo.ac.jp/repo/s/asia/,https://iiif.dl.itc.u-tokyo.ac.jp/repo/s/asia/document/94a5b770-479d-4bc2-2ba8-118341972fdc,https://www.lib.u-tokyo.ac.jp/ja/library/contents/archives-top/reuse,https://iiif.dl.itc.u-tokyo.ac.jp/repo/files/medium/e63691383fb5b0740119c0646ef701b68875b6b3.jpg,https://iiif.dl.itc.u-tokyo.ac.jp/repo/api/items/1370842,"東京大学附属図書館アジア研究図書館上廣倫理財団寄付研究部門 / Uehiro Project for the Asian Research Library in the University of Tokyo, JAPAN",http://iiif.io/api/presentation/2#rightToLeftDirection,,水滸伝コレクション,,https://iiif.dl.itc.u-tokyo.ac.jp/repo/iiif/94a5b770-479d-4bc2-2ba8-118341972fdc/manifest,,,,,88
"忠義水滸全傳 120囘圖1卷,宣和遺事 1卷[IASA_KUR_41973_22]",,,"施耐庵集撰, 羅貫中纂修,李贄評閱,楊定見編",,,,,中国語,,,,,,中国明代末に刊刻された『水滸伝』。,漢籍,"黒筆の書入れあり挿入物あり: 第46囘第6-7葉間
落丁: 第9囘第3葉, 第30囘第1-2葉, 第32囘第21葉以降, 第84囘第1葉.
シミ, 破損, 虫損, カスレ甚だし(一部欠損箇所の補鈔, および貼付による補修・補鈔あり)","線装,四針眼釘法",倉石文庫:41973:1,120回,(中国)明末,明後期,25.2×16.5,毎半葉10行、行22字,"倉石武四郎旧蔵, 東京大学東洋文化研究所倉石文庫藏",32冊,"6403914721,6403914739,6403914747,6403914754,6403914762,6403914770,6403914788,6403914796,6403914804,6403914812,6403914820,6403914838,6403914846,6403914853,6403914861,6403914879,6403914887,6403914895,6403914903,6403914911,6403914929,6403914937,6403914945,6403914952","東洋文化研究所図書,倉石武四郎博士旧蔵",印本,木版,忠義水滸全傳一百二十回 Zhongyi Shuihu quanzhuan 120hui  忠義水滸全伝一百二十回    忠义水浒全传一百二十回,"(巻首題)忠義水滸全傳,(版心題)水滸全傳,(目首題)忠義水滸全傳,(引首首題)新鐫李氏藏本忠義水滸全傳,(発凡首題)出像評點忠義水滸全傳",1628-1644年,1567-1644,,,,,,,,,,,,,http://tify.sub.uni-goettingen.de/demo.html?manifest=https://archdataset.dl.itc.u-tokyo.ac.jp/manifest/25aac171-90fb-4937-8e0a-4b1bcb3b09f8.json,25aac171-90fb-4937-8e0a-4b1bcb3b09f8,https://iiif.dl.itc.u-tokyo.ac.jp/repo/s/asia/,https://iiif.dl.itc.u-tokyo.ac.jp/repo/s/asia/document/25aac171-90fb-4937-8e0a-4b1bcb3b09f8,https://www.lib.u-tokyo.ac.jp/ja/library/contents/archives-top/reuse,https://iiif.dl.itc.u-tokyo.ac.jp/repo/files/medium/90b1a304a4c980d8c2b6f75328988e0b3b38c0c1.jpg,https://iiif.dl.itc.u-tokyo.ac.jp/repo/api/items/1370843,"東京大学附属図書館アジア研究図書館上廣倫理財団寄付研究部門 / Uehiro Project for the Asian Research Library in the University of Tokyo, JAPAN",http://iiif.io/api/presentation/2#rightToLeftDirection,,水滸伝コレクション,,https://iiif.dl.itc.u-tokyo.ac.jp/repo/iiif/25aac171-90fb-4937-8e0a-4b1bcb3b09f8/manifest,,,,,96
"忠義水滸全傳 120囘圖1卷,宣和遺事 1卷[IASA_KUR_41973_23]",,,"施耐庵集撰, 羅貫中纂修,李贄評閱,楊定見編",,,,,中国語,,,,,,中国明代末に刊刻された『水滸伝』。,漢籍,"黒筆の書入れあり挿入物あり: 第46囘第6-7葉間
落丁: 第9囘第3葉, 第30囘第1-2葉, 第32囘第21葉以降, 第84囘第1葉.
シミ, 破損, 虫損, カスレ甚だし(一部欠損箇所の補鈔, および貼付による補修・補鈔あり)","線装,四針眼釘法",倉石文庫:41973:1,120回,(中国)明末,明後期,25.2×16.5,毎半葉10行、行22字,"倉石武四郎旧蔵, 東京大学東洋文化研究所倉石文庫藏",32冊,"6403914721,6403914739,6403914747,6403914754,6403914762,6403914770,6403914788,6403914796,6403914804,6403914812,6403914820,6403914838,6403914846,6403914853,6403914861,6403914879,6403914887,6403914895,6403914903,6403914911,6403914929,6403914937,6403914945,6403914952","東洋文化研究所図書,倉石武四郎博士旧蔵",印本,木版,忠義水滸全傳一百二十回 Zhongyi Shuihu quanzhuan 120hui  忠義水滸全伝一百二十回    忠义水浒全传一百二十回,"(巻首題)忠義水滸全傳,(版心題)水滸全傳,(目首題)忠義水滸全傳,(引首首題)新鐫李氏藏本忠義水滸全傳,(発凡首題)出像評點忠義水滸全傳",1628-1644年,1567-1644,,,,,,,,,,,,,http://tify.sub.uni-goettingen.de/demo.html?manifest=https://archdataset.dl.itc.u-tokyo.ac.jp/manifest/15db932c-22d0-5d37-74d5-5c59079210e4.json,15db932c-22d0-5d37-74d5-5c59079210e4,https://iiif.dl.itc.u-tokyo.ac.jp/repo/s/asia/,https://iiif.dl.itc.u-tokyo.ac.jp/repo/s/asia/document/15db932c-22d0-5d37-74d5-5c59079210e4,https://www.lib.u-tokyo.ac.jp/ja/library/contents/archives-top/reuse,https://iiif.dl.itc.u-tokyo.ac.jp/repo/files/medium/e1374b016cc18a33cff9a1b2c0e74d7a5fad07f6.jpg,https://iiif.dl.itc.u-tokyo.ac.jp/repo/api/items/1370844,"東京大学附属図書館アジア研究図書館上廣倫理財団寄付研究部門 / Uehiro Project for the Asian Research Library in the University of Tokyo, JAPAN",http://iiif.io/api/presentation/2#rightToLeftDirection,,水滸伝コレクション,,https://iiif.dl.itc.u-tokyo.ac.jp/repo/iiif/15db932c-22d0-5d37-74d5-5c59079210e4/manifest,,,,,96
"忠義水滸全傳 120囘圖1卷,宣和遺事 1卷[IASA_KUR_41973_24]",,,"施耐庵集撰, 羅貫中纂修,李贄評閱,楊定見編",,,,,中国語,,,,,,中国明代末に刊刻された『水滸伝』。,漢籍,"黒筆の書入れあり挿入物あり: 第46囘第6-7葉間
落丁: 第9囘第3葉, 第30囘第1-2葉, 第32囘第21葉以降, 第84囘第1葉.
シミ, 破損, 虫損, カスレ甚だし(一部欠損箇所の補鈔, および貼付による補修・補鈔あり)","線装,四針眼釘法",倉石文庫:41973:1,120回,(中国)明末,明後期,25.2×16.5,毎半葉10行、行22字,"倉石武四郎旧蔵, 東京大学東洋文化研究所倉石文庫藏",32冊,"6403914721,6403914739,6403914747,6403914754,6403914762,6403914770,6403914788,6403914796,6403914804,6403914812,6403914820,6403914838,6403914846,6403914853,6403914861,6403914879,6403914887,6403914895,6403914903,6403914911,6403914929,6403914937,6403914945,6403914952","東洋文化研究所図書,倉石武四郎博士旧蔵",印本,木版,忠義水滸全傳一百二十回 Zhongyi Shuihu quanzhuan 120hui  忠義水滸全伝一百二十回    忠义水浒全传一百二十回,"(巻首題)忠義水滸全傳,(版心題)水滸全傳,(目首題)忠義水滸全傳,(引首首題)新鐫李氏藏本忠義水滸全傳,(発凡首題)出像評點忠義水滸全傳",1628-1644年,1567-1644,,,,,,,,,,,,,http://tify.sub.uni-goettingen.de/demo.html?manifest=https://archdataset.dl.itc.u-tokyo.ac.jp/manifest/f6f2e883-5488-3a52-362a-aad76c5d542b.json,f6f2e883-5488-3a52-362a-aad76c5d542b,https://iiif.dl.itc.u-tokyo.ac.jp/repo/s/asia/,https://iiif.dl.itc.u-tokyo.ac.jp/repo/s/asia/document/f6f2e883-5488-3a52-362a-aad76c5d542b,https://www.lib.u-tokyo.ac.jp/ja/library/contents/archives-top/reuse,https://iiif.dl.itc.u-tokyo.ac.jp/repo/files/medium/3eb0d93f93ec21cada960af4c73518d7d9c9f16c.jpg,https://iiif.dl.itc.u-tokyo.ac.jp/repo/api/items/1370845,"東京大学附属図書館アジア研究図書館上廣倫理財団寄付研究部門 / Uehiro Project for the Asian Research Library in the University of Tokyo, JAPAN",http://iiif.io/api/presentation/2#rightToLeftDirection,,水滸伝コレクション,,https://iiif.dl.itc.u-tokyo.ac.jp/repo/iiif/f6f2e883-5488-3a52-362a-aad76c5d542b/manifest,,,,,81
第五才子書施耐菴水滸傳 七十五卷[IASA_SHT_123_00],,,"[(明)羅本撰] ;,[(清)金人瑞批改]",,,,,中国語,,,,,,中国明代末に刊刻された『水滸伝』。,漢籍,"毎葉版心下部に「貫華堂」あり。第1冊表紙裏、第1帙裏に墨筆書入れあり。各表紙に冊次の書入れあり。鉛筆, 朱筆, 黒筆の書入れあり。胡粉による修正あり。破損, シミ, 虫損, カスレあり。","線装,四針眼釘法",特;双紅堂:小説:123,75巻70回,(中国)明崇禎年間,明崇禎年間,26.0×17.0cm,毎半葉8行、行19字、注小字双行,東洋文化研究所雙紅堂文庫蔵,32冊,"6403832576,6403832584,6403832592,6403832600,6403832618,6403832626,6403832634,6403832642,6403832659,6403832667,6403832675,6403832683,6403832691,6403832709,6403832717,6403832725,6403832733,6403832741,6403832758,6403832766,6403832774,6403832782,6403832790,6403832808,6403832816,6403832824,6403832832,6403832840,6403832857,6403832865,6403832873,6403832881","東洋文化研究所圖書,士倫曾藏,靜盦,規,雙紅堂,越國文學,清絢之印,君錦,□暦清氏臧書",印本,木版,第五才子書施耐菴水滸傳七十五卷 Diwucaizishu ShiNaian Shuihuzhuan 75juan 第五才子書施耐菴水滸伝七十五巻   第五才子书施耐菴水浒传七十五卷,"(巻首題)第五才子書施耐菴水滸傳,(版心題)第五才子書,(序題)第五才子書施耐菴水滸傳",1628-1644年,1628-1644年,(内框)19.3×13.0cm,,,,,,,,,,,,http://tify.sub.uni-goettingen.de/demo.html?manifest=https://archdataset.dl.itc.u-tokyo.ac.jp/manifest/92e61d97-2403-6284-52c2-3757f6361018.json,92e61d97-2403-6284-52c2-3757f6361018,https://iiif.dl.itc.u-tokyo.ac.jp/repo/s/asia/,https://iiif.dl.itc.u-tokyo.ac.jp/repo/s/asia/document/92e61d97-2403-6284-52c2-3757f6361018,https://www.lib.u-tokyo.ac.jp/ja/library/contents/archives-top/reuse,https://iiif.dl.itc.u-tokyo.ac.jp/repo/files/medium/a26ce06281b907e0f1719cf482cd3490df3551ee.jpg,https://iiif.dl.itc.u-tokyo.ac.jp/repo/api/items/1370846,"東京大学附属図書館アジア研究図書館上廣倫理財団寄付研究部門 / Uehiro Project for the Asian Research Library in the University of Tokyo, JAPAN",http://iiif.io/api/presentation/2#rightToLeftDirection,,水滸伝コレクション,,https://iiif.dl.itc.u-tokyo.ac.jp/repo/iiif/92e61d97-2403-6284-52c2-3757f6361018/manifest,,,,,56
第五才子書施耐菴水滸傳 七十五卷[IASA_SHT_123_01],,,"[(明)羅本撰] ;,[(清)金人瑞批改]",,,,,中国語,,,,,,中国明代末に刊刻された『水滸伝』。,漢籍,"毎葉版心下部に「貫華堂」あり。第1冊表紙裏、第1帙裏に墨筆書入れあり。各表紙に冊次の書入れあり。鉛筆, 朱筆, 黒筆の書入れあり。胡粉による修正あり。破損, シミ, 虫損, カスレあり。","線装,四針眼釘法",特;双紅堂:小説:123-1,75巻70回,(中国)明崇禎年間,明崇禎年間,26.0×17.0cm,毎半葉8行、行19字、注小字双行,東洋文化研究所雙紅堂文庫蔵,32冊,"6403832576,6403832584,6403832592,6403832600,6403832618,6403832626,6403832634,6403832642,6403832659,6403832667,6403832675,6403832683,6403832691,6403832709,6403832717,6403832725,6403832733,6403832741,6403832758,6403832766,6403832774,6403832782,6403832790,6403832808,6403832816,6403832824,6403832832,6403832840,6403832857,6403832865,6403832873,6403832881","東洋文化研究所圖書,士倫曾藏,靜盦,規,雙紅堂,越國文學,清絢之印,君錦,□暦清氏臧書",印本,木版,第五才子書施耐菴水滸傳七十五卷 Diwucaizishu ShiNaian Shuihuzhuan 75juan 第五才子書施耐菴水滸伝七十五巻   第五才子书施耐菴水浒传七十五卷,"(巻首題)第五才子書施耐菴水滸傳,(版心題)第五才子書,(序題)第五才子書施耐菴水滸傳",1628-1644年,1628-1644年,(内框)19.3×13.0cm,,,,,,,,,,,,http://tify.sub.uni-goettingen.de/demo.html?manifest=https://archdataset.dl.itc.u-tokyo.ac.jp/manifest/1a9a4cb5-718a-2b9a-2716-6689ca1f39d0.json,1a9a4cb5-718a-2b9a-2716-6689ca1f39d0,https://iiif.dl.itc.u-tokyo.ac.jp/repo/s/asia/,https://iiif.dl.itc.u-tokyo.ac.jp/repo/s/asia/document/1a9a4cb5-718a-2b9a-2716-6689ca1f39d0,https://www.lib.u-tokyo.ac.jp/ja/library/contents/archives-top/reuse,https://iiif.dl.itc.u-tokyo.ac.jp/repo/files/medium/008f10f7391aa6ee6258ce302b3dc618016fade3.jpg,https://iiif.dl.itc.u-tokyo.ac.jp/repo/api/items/1370847,"東京大学附属図書館アジア研究図書館上廣倫理財団寄付研究部門 / Uehiro Project for the Asian Research Library in the University of Tokyo, JAPAN",http://iiif.io/api/presentation/2#rightToLeftDirection,,水滸伝コレクション,,https://iiif.dl.itc.u-tokyo.ac.jp/repo/iiif/1a9a4cb5-718a-2b9a-2716-6689ca1f39d0/manifest,,,,,51
第五才子書施耐菴水滸傳 七十五卷[IASA_SHT_123_02],,,"[(明)羅本撰] ;,[(清)金人瑞批改]",,,,,中国語,,,,,,中国明代末に刊刻された『水滸伝』。,漢籍,"毎葉版心下部に「貫華堂」あり。第1冊表紙裏、第1帙裏に墨筆書入れあり。各表紙に冊次の書入れあり。鉛筆, 朱筆, 黒筆の書入れあり。胡粉による修正あり。破損, シミ, 虫損, カスレあり。","線装,四針眼釘法",特;双紅堂:小説:123-2,75巻70回,(中国)明崇禎年間,明崇禎年間,26.0×17.0cm,毎半葉8行、行19字、注小字双行,東洋文化研究所雙紅堂文庫蔵,32冊,"6403832576,6403832584,6403832592,6403832600,6403832618,6403832626,6403832634,6403832642,6403832659,6403832667,6403832675,6403832683,6403832691,6403832709,6403832717,6403832725,6403832733,6403832741,6403832758,6403832766,6403832774,6403832782,6403832790,6403832808,6403832816,6403832824,6403832832,6403832840,6403832857,6403832865,6403832873,6403832881","東洋文化研究所圖書,士倫曾藏,靜盦,規,雙紅堂,越國文學,清絢之印,君錦,□暦清氏臧書",印本,木版,第五才子書施耐菴水滸傳七十五卷 Diwucaizishu ShiNaian Shuihuzhuan 75juan 第五才子書施耐菴水滸伝七十五巻   第五才子书施耐菴水浒传七十五卷,"(巻首題)第五才子書施耐菴水滸傳,(版心題)第五才子書,(序題)第五才子書施耐菴水滸傳",1628-1644年,1628-1644年,(内框)19.3×13.0cm,,,,,,,,,,,,http://tify.sub.uni-goettingen.de/demo.html?manifest=https://archdataset.dl.itc.u-tokyo.ac.jp/manifest/cf46f830-43d5-68c3-4d54-3b7ea588849f.json,cf46f830-43d5-68c3-4d54-3b7ea588849f,https://iiif.dl.itc.u-tokyo.ac.jp/repo/s/asia/,https://iiif.dl.itc.u-tokyo.ac.jp/repo/s/asia/document/cf46f830-43d5-68c3-4d54-3b7ea588849f,https://www.lib.u-tokyo.ac.jp/ja/library/contents/archives-top/reuse,https://iiif.dl.itc.u-tokyo.ac.jp/repo/files/medium/34305efdcb45dd0e4afc16dc84e4b33cb6349570.jpg,https://iiif.dl.itc.u-tokyo.ac.jp/repo/api/items/1370848,"東京大学附属図書館アジア研究図書館上廣倫理財団寄付研究部門 / Uehiro Project for the Asian Research Library in the University of Tokyo, JAPAN",http://iiif.io/api/presentation/2#rightToLeftDirection,,水滸伝コレクション,,https://iiif.dl.itc.u-tokyo.ac.jp/repo/iiif/cf46f830-43d5-68c3-4d54-3b7ea588849f/manifest,,,,,76
第五才子書施耐菴水滸傳 七十五卷[IASA_SHT_123_03],,,"[(明)羅本撰] ;,[(清)金人瑞批改]",,,,,中国語,,,,,,中国明代末に刊刻された『水滸伝』。,漢籍,"毎葉版心下部に「貫華堂」あり。第1冊表紙裏、第1帙裏に墨筆書入れあり。各表紙に冊次の書入れあり。鉛筆, 朱筆, 黒筆の書入れあり。胡粉による修正あり。破損, シミ, 虫損, カスレあり。","線装,四針眼釘法",特;双紅堂:小説:123-3,75巻70回,(中国)明崇禎年間,明崇禎年間,26.0×17.0cm,毎半葉8行、行19字、注小字双行,東洋文化研究所雙紅堂文庫蔵,32冊,"6403832576,6403832584,6403832592,6403832600,6403832618,6403832626,6403832634,6403832642,6403832659,6403832667,6403832675,6403832683,6403832691,6403832709,6403832717,6403832725,6403832733,6403832741,6403832758,6403832766,6403832774,6403832782,6403832790,6403832808,6403832816,6403832824,6403832832,6403832840,6403832857,6403832865,6403832873,6403832881","東洋文化研究所圖書,士倫曾藏,靜盦,規,雙紅堂,越國文學,清絢之印,君錦,□暦清氏臧書",印本,木版,第五才子書施耐菴水滸傳七十五卷 Diwucaizishu ShiNaian Shuihuzhuan 75juan 第五才子書施耐菴水滸伝七十五巻   第五才子书施耐菴水浒传七十五卷,"(巻首題)第五才子書施耐菴水滸傳,(版心題)第五才子書,(序題)第五才子書施耐菴水滸傳",1628-1644年,1628-1644年,(内框)19.3×13.0cm,,,,,,,,,,,,http://tify.sub.uni-goettingen.de/demo.html?manifest=https://archdataset.dl.itc.u-tokyo.ac.jp/manifest/ee8633ed-5cda-4581-7eb7-14a3b2db6306.json,ee8633ed-5cda-4581-7eb7-14a3b2db6306,https://iiif.dl.itc.u-tokyo.ac.jp/repo/s/asia/,https://iiif.dl.itc.u-tokyo.ac.jp/repo/s/asia/document/ee8633ed-5cda-4581-7eb7-14a3b2db6306,https://www.lib.u-tokyo.ac.jp/ja/library/contents/archives-top/reuse,https://iiif.dl.itc.u-tokyo.ac.jp/repo/files/medium/5668e3329c40ad50d4e71ca0b19845a7da03ca1b.jpg,https://iiif.dl.itc.u-tokyo.ac.jp/repo/api/items/1370849,"東京大学附属図書館アジア研究図書館上廣倫理財団寄付研究部門 / Uehiro Project for the Asian Research Library in the University of Tokyo, JAPAN",http://iiif.io/api/presentation/2#rightToLeftDirection,,水滸伝コレクション,,https://iiif.dl.itc.u-tokyo.ac.jp/repo/iiif/ee8633ed-5cda-4581-7eb7-14a3b2db6306/manifest,,,,,66
第五才子書施耐菴水滸傳 七十五卷[IASA_SHT_123_04],,,"[(明)羅本撰] ;,[(清)金人瑞批改]",,,,,中国語,,,,,,中国明代末に刊刻された『水滸伝』。,漢籍,"毎葉版心下部に「貫華堂」あり。第1冊表紙裏、第1帙裏に墨筆書入れあり。各表紙に冊次の書入れあり。鉛筆, 朱筆, 黒筆の書入れあり。胡粉による修正あり。破損, シミ, 虫損, カスレあり。","線装,四針眼釘法",特;双紅堂:小説:123-4,75巻70回,(中国)明崇禎年間,明崇禎年間,26.0×17.0cm,毎半葉8行、行19字、注小字双行,東洋文化研究所雙紅堂文庫蔵,32冊,"6403832576,6403832584,6403832592,6403832600,6403832618,6403832626,6403832634,6403832642,6403832659,6403832667,6403832675,6403832683,6403832691,6403832709,6403832717,6403832725,6403832733,6403832741,6403832758,6403832766,6403832774,6403832782,6403832790,6403832808,6403832816,6403832824,6403832832,6403832840,6403832857,6403832865,6403832873,6403832881","東洋文化研究所圖書,士倫曾藏,靜盦,規,雙紅堂,越國文學,清絢之印,君錦,□暦清氏臧書",印本,木版,第五才子書施耐菴水滸傳七十五卷 Diwucaizishu ShiNaian Shuihuzhuan 75juan 第五才子書施耐菴水滸伝七十五巻   第五才子书施耐菴水浒传七十五卷,"(巻首題)第五才子書施耐菴水滸傳,(版心題)第五才子書,(序題)第五才子書施耐菴水滸傳",1628-1644年,1628-1644年,(内框)19.3×13.0cm,,,,,,,,,,,,http://tify.sub.uni-goettingen.de/demo.html?manifest=https://archdataset.dl.itc.u-tokyo.ac.jp/manifest/a45feba4-8e4a-35a4-6e44-81b376046fbe.json,a45feba4-8e4a-35a4-6e44-81b376046fbe,https://iiif.dl.itc.u-tokyo.ac.jp/repo/s/asia/,https://iiif.dl.itc.u-tokyo.ac.jp/repo/s/asia/document/a45feba4-8e4a-35a4-6e44-81b376046fbe,https://www.lib.u-tokyo.ac.jp/ja/library/contents/archives-top/reuse,https://iiif.dl.itc.u-tokyo.ac.jp/repo/files/medium/43dc5ddcc6a892b885764e721247bdde491695d1.jpg,https://iiif.dl.itc.u-tokyo.ac.jp/repo/api/items/1370850,"東京大学附属図書館アジア研究図書館上廣倫理財団寄付研究部門 / Uehiro Project for the Asian Research Library in the University of Tokyo, JAPAN",http://iiif.io/api/presentation/2#rightToLeftDirection,,水滸伝コレクション,,https://iiif.dl.itc.u-tokyo.ac.jp/repo/iiif/a45feba4-8e4a-35a4-6e44-81b376046fbe/manifest,,,,,58
第五才子書施耐菴水滸傳 七十五卷[IASA_SHT_123_05],,,"[(明)羅本撰] ;,[(清)金人瑞批改]",,,,,中国語,,,,,,中国明代末に刊刻された『水滸伝』。,漢籍,"毎葉版心下部に「貫華堂」あり。第1冊表紙裏、第1帙裏に墨筆書入れあり。各表紙に冊次の書入れあり。鉛筆, 朱筆, 黒筆の書入れあり。胡粉による修正あり。破損, シミ, 虫損, カスレあり。","線装,四針眼釘法",特;双紅堂:小説:123-5,75巻70回,(中国)明崇禎年間,明崇禎年間,26.0×17.0cm,毎半葉8行、行19字、注小字双行,東洋文化研究所雙紅堂文庫蔵,32冊,"6403832576,6403832584,6403832592,6403832600,6403832618,6403832626,6403832634,6403832642,6403832659,6403832667,6403832675,6403832683,6403832691,6403832709,6403832717,6403832725,6403832733,6403832741,6403832758,6403832766,6403832774,6403832782,6403832790,6403832808,6403832816,6403832824,6403832832,6403832840,6403832857,6403832865,6403832873,6403832881","東洋文化研究所圖書,士倫曾藏,靜盦,規,雙紅堂,越國文學,清絢之印,君錦,□暦清氏臧書",印本,木版,第五才子書施耐菴水滸傳七十五卷 Diwucaizishu ShiNaian Shuihuzhuan 75juan 第五才子書施耐菴水滸伝七十五巻   第五才子书施耐菴水浒传七十五卷,"(巻首題)第五才子書施耐菴水滸傳,(版心題)第五才子書,(序題)第五才子書施耐菴水滸傳",1628-1644年,1628-1644年,(内框)19.3×13.0cm,,,,,,,,,,,,http://tify.sub.uni-goettingen.de/demo.html?manifest=https://archdataset.dl.itc.u-tokyo.ac.jp/manifest/bde4f523-022f-1a5e-701e-85fdbad897cf.json,bde4f523-022f-1a5e-701e-85fdbad897cf,https://iiif.dl.itc.u-tokyo.ac.jp/repo/s/asia/,https://iiif.dl.itc.u-tokyo.ac.jp/repo/s/asia/document/bde4f523-022f-1a5e-701e-85fdbad897cf,https://www.lib.u-tokyo.ac.jp/ja/library/contents/archives-top/reuse,https://iiif.dl.itc.u-tokyo.ac.jp/repo/files/medium/e846f23df7c08683fdb33592723f912ceba56d96.jpg,https://iiif.dl.itc.u-tokyo.ac.jp/repo/api/items/1370851,"東京大学附属図書館アジア研究図書館上廣倫理財団寄付研究部門 / Uehiro Project for the Asian Research Library in the University of Tokyo, JAPAN",http://iiif.io/api/presentation/2#rightToLeftDirection,,水滸伝コレクション,,https://iiif.dl.itc.u-tokyo.ac.jp/repo/iiif/bde4f523-022f-1a5e-701e-85fdbad897cf/manifest,,,,,75
第五才子書施耐菴水滸傳 七十五卷[IASA_SHT_123_06],,,"[(明)羅本撰] ;,[(清)金人瑞批改]",,,,,中国語,,,,,,中国明代末に刊刻された『水滸伝』。,漢籍,"毎葉版心下部に「貫華堂」あり。第1冊表紙裏、第1帙裏に墨筆書入れあり。各表紙に冊次の書入れあり。鉛筆, 朱筆, 黒筆の書入れあり。胡粉による修正あり。破損, シミ, 虫損, カスレあり。","線装,四針眼釘法",特;双紅堂:小説:123-6,75巻70回,(中国)明崇禎年間,明崇禎年間,26.0×17.0cm,毎半葉8行、行19字、注小字双行,東洋文化研究所雙紅堂文庫蔵,32冊,"6403832576,6403832584,6403832592,6403832600,6403832618,6403832626,6403832634,6403832642,6403832659,6403832667,6403832675,6403832683,6403832691,6403832709,6403832717,6403832725,6403832733,6403832741,6403832758,6403832766,6403832774,6403832782,6403832790,6403832808,6403832816,6403832824,6403832832,6403832840,6403832857,6403832865,6403832873,6403832881","東洋文化研究所圖書,士倫曾藏,靜盦,規,雙紅堂,越國文學,清絢之印,君錦,□暦清氏臧書",印本,木版,第五才子書施耐菴水滸傳七十五卷 Diwucaizishu ShiNaian Shuihuzhuan 75juan 第五才子書施耐菴水滸伝七十五巻   第五才子书施耐菴水浒传七十五卷,"(巻首題)第五才子書施耐菴水滸傳,(版心題)第五才子書,(序題)第五才子書施耐菴水滸傳",1628-1644年,1628-1644年,(内框)19.3×13.0cm,,,,,,,,,,,,http://tify.sub.uni-goettingen.de/demo.html?manifest=https://archdataset.dl.itc.u-tokyo.ac.jp/manifest/1ed2c9b4-a540-1111-4466-ef68821e2b5b.json,1ed2c9b4-a540-1111-4466-ef68821e2b5b,https://iiif.dl.itc.u-tokyo.ac.jp/repo/s/asia/,https://iiif.dl.itc.u-tokyo.ac.jp/repo/s/asia/document/1ed2c9b4-a540-1111-4466-ef68821e2b5b,https://www.lib.u-tokyo.ac.jp/ja/library/contents/archives-top/reuse,https://iiif.dl.itc.u-tokyo.ac.jp/repo/files/medium/8f282074b295a105bcf9125316fd5521fb1d9491.jpg,https://iiif.dl.itc.u-tokyo.ac.jp/repo/api/items/1370852,"東京大学附属図書館アジア研究図書館上廣倫理財団寄付研究部門 / Uehiro Project for the Asian Research Library in the University of Tokyo, JAPAN",http://iiif.io/api/presentation/2#rightToLeftDirection,,水滸伝コレクション,,https://iiif.dl.itc.u-tokyo.ac.jp/repo/iiif/1ed2c9b4-a540-1111-4466-ef68821e2b5b/manifest,,,,,67
第五才子書施耐菴水滸傳 七十五卷[IASA_SHT_123_07],,,"[(明)羅本撰] ;,[(清)金人瑞批改]",,,,,中国語,,,,,,中国明代末に刊刻された『水滸伝』。,漢籍,"毎葉版心下部に「貫華堂」あり。第1冊表紙裏、第1帙裏に墨筆書入れあり。各表紙に冊次の書入れあり。鉛筆, 朱筆, 黒筆の書入れあり。胡粉による修正あり。破損, シミ, 虫損, カスレあり。","線装,四針眼釘法",特;双紅堂:小説:123-7,75巻70回,(中国)明崇禎年間,明崇禎年間,26.0×17.0cm,毎半葉8行、行19字、注小字双行,東洋文化研究所雙紅堂文庫蔵,32冊,"6403832576,6403832584,6403832592,6403832600,6403832618,6403832626,6403832634,6403832642,6403832659,6403832667,6403832675,6403832683,6403832691,6403832709,6403832717,6403832725,6403832733,6403832741,6403832758,6403832766,6403832774,6403832782,6403832790,6403832808,6403832816,6403832824,6403832832,6403832840,6403832857,6403832865,6403832873,6403832881","東洋文化研究所圖書,士倫曾藏,靜盦,規,雙紅堂,越國文學,清絢之印,君錦,□暦清氏臧書",印本,木版,第五才子書施耐菴水滸傳七十五卷 Diwucaizishu ShiNaian Shuihuzhuan 75juan 第五才子書施耐菴水滸伝七十五巻   第五才子书施耐菴水浒传七十五卷,"(巻首題)第五才子書施耐菴水滸傳,(版心題)第五才子書,(序題)第五才子書施耐菴水滸傳",1628-1644年,1628-1644年,(内框)19.3×13.0cm,,,,,,,,,,,,http://tify.sub.uni-goettingen.de/demo.html?manifest=https://archdataset.dl.itc.u-tokyo.ac.jp/manifest/2d8aa48f-2a22-29c8-238e-b85e4976969f.json,2d8aa48f-2a22-29c8-238e-b85e4976969f,https://iiif.dl.itc.u-tokyo.ac.jp/repo/s/asia/,https://iiif.dl.itc.u-tokyo.ac.jp/repo/s/asia/document/2d8aa48f-2a22-29c8-238e-b85e4976969f,https://www.lib.u-tokyo.ac.jp/ja/library/contents/archives-top/reuse,https://iiif.dl.itc.u-tokyo.ac.jp/repo/files/medium/d63ee1d21096378e71eba3990af40d37faab3f7d.jpg,https://iiif.dl.itc.u-tokyo.ac.jp/repo/api/items/1370853,"東京大学附属図書館アジア研究図書館上廣倫理財団寄付研究部門 / Uehiro Project for the Asian Research Library in the University of Tokyo, JAPAN",http://iiif.io/api/presentation/2#rightToLeftDirection,,水滸伝コレクション,,https://iiif.dl.itc.u-tokyo.ac.jp/repo/iiif/2d8aa48f-2a22-29c8-238e-b85e4976969f/manifest,,,,,69
第五才子書施耐菴水滸傳 七十五卷[IASA_SHT_123_08],,,"[(明)羅本撰] ;,[(清)金人瑞批改]",,,,,中国語,,,,,,中国明代末に刊刻された『水滸伝』。,漢籍,"毎葉版心下部に「貫華堂」あり。第1冊表紙裏、第1帙裏に墨筆書入れあり。各表紙に冊次の書入れあり。鉛筆, 朱筆, 黒筆の書入れあり。胡粉による修正あり。破損, シミ, 虫損, カスレあり。","線装,四針眼釘法",特;双紅堂:小説:123-8,75巻70回,(中国)明崇禎年間,明崇禎年間,26.0×17.0cm,毎半葉8行、行19字、注小字双行,東洋文化研究所雙紅堂文庫蔵,32冊,"6403832576,6403832584,6403832592,6403832600,6403832618,6403832626,6403832634,6403832642,6403832659,6403832667,6403832675,6403832683,6403832691,6403832709,6403832717,6403832725,6403832733,6403832741,6403832758,6403832766,6403832774,6403832782,6403832790,6403832808,6403832816,6403832824,6403832832,6403832840,6403832857,6403832865,6403832873,6403832881","東洋文化研究所圖書,士倫曾藏,靜盦,規,雙紅堂,越國文學,清絢之印,君錦,□暦清氏臧書",印本,木版,第五才子書施耐菴水滸傳七十五卷 Diwucaizishu ShiNaian Shuihuzhuan 75juan 第五才子書施耐菴水滸伝七十五巻   第五才子书施耐菴水浒传七十五卷,"(巻首題)第五才子書施耐菴水滸傳,(版心題)第五才子書,(序題)第五才子書施耐菴水滸傳",1628-1644年,1628-1644年,(内框)19.3×13.0cm,,,,,,,,,,,,http://tify.sub.uni-goettingen.de/demo.html?manifest=https://archdataset.dl.itc.u-tokyo.ac.jp/manifest/68546562-125d-7724-555d-b11cc84b0079.json,68546562-125d-7724-555d-b11cc84b0079,https://iiif.dl.itc.u-tokyo.ac.jp/repo/s/asia/,https://iiif.dl.itc.u-tokyo.ac.jp/repo/s/asia/document/68546562-125d-7724-555d-b11cc84b0079,https://www.lib.u-tokyo.ac.jp/ja/library/contents/archives-top/reuse,https://iiif.dl.itc.u-tokyo.ac.jp/repo/files/medium/40c5bca600e10787b19606a2f0364a3c284d64cd.jpg,https://iiif.dl.itc.u-tokyo.ac.jp/repo/api/items/1370854,"東京大学附属図書館アジア研究図書館上廣倫理財団寄付研究部門 / Uehiro Project for the Asian Research Library in the University of Tokyo, JAPAN",http://iiif.io/api/presentation/2#rightToLeftDirection,,水滸伝コレクション,,https://iiif.dl.itc.u-tokyo.ac.jp/repo/iiif/68546562-125d-7724-555d-b11cc84b0079/manifest,,,,,66
第五才子書施耐菴水滸傳 七十五卷[IASA_SHT_123_09],,,"[(明)羅本撰] ;,[(清)金人瑞批改]",,,,,中国語,,,,,,中国明代末に刊刻された『水滸伝』。,漢籍,"毎葉版心下部に「貫華堂」あり。第1冊表紙裏、第1帙裏に墨筆書入れあり。各表紙に冊次の書入れあり。鉛筆, 朱筆, 黒筆の書入れあり。胡粉による修正あり。破損, シミ, 虫損, カスレあり。","線装,四針眼釘法",特;双紅堂:小説:123-9,75巻70回,(中国)明崇禎年間,明崇禎年間,26.0×17.0cm,毎半葉8行、行19字、注小字双行,東洋文化研究所雙紅堂文庫蔵,32冊,"6403832576,6403832584,6403832592,6403832600,6403832618,6403832626,6403832634,6403832642,6403832659,6403832667,6403832675,6403832683,6403832691,6403832709,6403832717,6403832725,6403832733,6403832741,6403832758,6403832766,6403832774,6403832782,6403832790,6403832808,6403832816,6403832824,6403832832,6403832840,6403832857,6403832865,6403832873,6403832881","東洋文化研究所圖書,士倫曾藏,靜盦,規,雙紅堂,越國文學,清絢之印,君錦,□暦清氏臧書",印本,木版,第五才子書施耐菴水滸傳七十五卷 Diwucaizishu ShiNaian Shuihuzhuan 75juan 第五才子書施耐菴水滸伝七十五巻   第五才子书施耐菴水浒传七十五卷,"(巻首題)第五才子書施耐菴水滸傳,(版心題)第五才子書,(序題)第五才子書施耐菴水滸傳",1628-1644年,1628-1644年,(内框)19.3×13.0cm,,,,,,,,,,,,http://tify.sub.uni-goettingen.de/demo.html?manifest=https://archdataset.dl.itc.u-tokyo.ac.jp/manifest/df37134e-0abc-5d59-9aaa-19dd34aa3a79.json,df37134e-0abc-5d59-9aaa-19dd34aa3a79,https://iiif.dl.itc.u-tokyo.ac.jp/repo/s/asia/,https://iiif.dl.itc.u-tokyo.ac.jp/repo/s/asia/document/df37134e-0abc-5d59-9aaa-19dd34aa3a79,https://www.lib.u-tokyo.ac.jp/ja/library/contents/archives-top/reuse,https://iiif.dl.itc.u-tokyo.ac.jp/repo/files/medium/3ed0c146997d32ec0a12f880476cd2707ce259f8.jpg,https://iiif.dl.itc.u-tokyo.ac.jp/repo/api/items/1370855,"東京大学附属図書館アジア研究図書館上廣倫理財団寄付研究部門 / Uehiro Project for the Asian Research Library in the University of Tokyo, JAPAN",http://iiif.io/api/presentation/2#rightToLeftDirection,,水滸伝コレクション,,https://iiif.dl.itc.u-tokyo.ac.jp/repo/iiif/df37134e-0abc-5d59-9aaa-19dd34aa3a79/manifest,,,,,59
第五才子書施耐菴水滸傳 七十五卷[IASA_SHT_123_10],,,"[(明)羅本撰] ;,[(清)金人瑞批改]",,,,,中国語,,,,,,中国明代末に刊刻された『水滸伝』。,漢籍,"毎葉版心下部に「貫華堂」あり。第1冊表紙裏、第1帙裏に墨筆書入れあり。各表紙に冊次の書入れあり。鉛筆, 朱筆, 黒筆の書入れあり。胡粉による修正あり。破損, シミ, 虫損, カスレあり。","線装,四針眼釘法",特;双紅堂:小説:123-10,75巻70回,(中国)明崇禎年間,明崇禎年間,26.0×17.0cm,毎半葉8行、行19字、注小字双行,東洋文化研究所雙紅堂文庫蔵,32冊,"6403832576,6403832584,6403832592,6403832600,6403832618,6403832626,6403832634,6403832642,6403832659,6403832667,6403832675,6403832683,6403832691,6403832709,6403832717,6403832725,6403832733,6403832741,6403832758,6403832766,6403832774,6403832782,6403832790,6403832808,6403832816,6403832824,6403832832,6403832840,6403832857,6403832865,6403832873,6403832881","東洋文化研究所圖書,士倫曾藏,靜盦,規,雙紅堂,越國文學,清絢之印,君錦,□暦清氏臧書",印本,木版,第五才子書施耐菴水滸傳七十五卷 Diwucaizishu ShiNaian Shuihuzhuan 75juan 第五才子書施耐菴水滸伝七十五巻   第五才子书施耐菴水浒传七十五卷,"(巻首題)第五才子書施耐菴水滸傳,(版心題)第五才子書,(序題)第五才子書施耐菴水滸傳",1628-1644年,1628-1644年,(内框)19.3×13.0cm,,,,,,,,,,,,http://tify.sub.uni-goettingen.de/demo.html?manifest=https://archdataset.dl.itc.u-tokyo.ac.jp/manifest/f9aca3b5-80dc-71d0-192e-5c860e710ed6.json,f9aca3b5-80dc-71d0-192e-5c860e710ed6,https://iiif.dl.itc.u-tokyo.ac.jp/repo/s/asia/,https://iiif.dl.itc.u-tokyo.ac.jp/repo/s/asia/document/f9aca3b5-80dc-71d0-192e-5c860e710ed6,https://www.lib.u-tokyo.ac.jp/ja/library/contents/archives-top/reuse,https://iiif.dl.itc.u-tokyo.ac.jp/repo/files/medium/756a4a92b81d1d2e96b51c400d006ad8e6b908f4.jpg,https://iiif.dl.itc.u-tokyo.ac.jp/repo/api/items/1370856,"東京大学附属図書館アジア研究図書館上廣倫理財団寄付研究部門 / Uehiro Project for the Asian Research Library in the University of Tokyo, JAPAN",http://iiif.io/api/presentation/2#rightToLeftDirection,,水滸伝コレクション,,https://iiif.dl.itc.u-tokyo.ac.jp/repo/iiif/f9aca3b5-80dc-71d0-192e-5c860e710ed6/manifest,,,,,61
第五才子書施耐菴水滸傳 七十五卷[IASA_SHT_123_11],,,"[(明)羅本撰] ;,[(清)金人瑞批改]",,,,,中国語,,,,,,中国明代末に刊刻された『水滸伝』。,漢籍,"毎葉版心下部に「貫華堂」あり。第1冊表紙裏、第1帙裏に墨筆書入れあり。各表紙に冊次の書入れあり。鉛筆, 朱筆, 黒筆の書入れあり。胡粉による修正あり。破損, シミ, 虫損, カスレあり。","線装,四針眼釘法",特;双紅堂:小説:123-11,75巻70回,(中国)明崇禎年間,明崇禎年間,26.0×17.0cm,毎半葉8行、行19字、注小字双行,東洋文化研究所雙紅堂文庫蔵,32冊,"6403832576,6403832584,6403832592,6403832600,6403832618,6403832626,6403832634,6403832642,6403832659,6403832667,6403832675,6403832683,6403832691,6403832709,6403832717,6403832725,6403832733,6403832741,6403832758,6403832766,6403832774,6403832782,6403832790,6403832808,6403832816,6403832824,6403832832,6403832840,6403832857,6403832865,6403832873,6403832881","東洋文化研究所圖書,士倫曾藏,靜盦,規,雙紅堂,越國文學,清絢之印,君錦,□暦清氏臧書",印本,木版,第五才子書施耐菴水滸傳七十五卷 Diwucaizishu ShiNaian Shuihuzhuan 75juan 第五才子書施耐菴水滸伝七十五巻   第五才子书施耐菴水浒传七十五卷,"(巻首題)第五才子書施耐菴水滸傳,(版心題)第五才子書,(序題)第五才子書施耐菴水滸傳",1628-1644年,1628-1644年,(内框)19.3×13.0cm,,,,,,,,,,,,http://tify.sub.uni-goettingen.de/demo.html?manifest=https://archdataset.dl.itc.u-tokyo.ac.jp/manifest/1f00d608-7661-5223-55e9-98aab43d7749.json,1f00d608-7661-5223-55e9-98aab43d7749,https://iiif.dl.itc.u-tokyo.ac.jp/repo/s/asia/,https://iiif.dl.itc.u-tokyo.ac.jp/repo/s/asia/document/1f00d608-7661-5223-55e9-98aab43d7749,https://www.lib.u-tokyo.ac.jp/ja/library/contents/archives-top/reuse,https://iiif.dl.itc.u-tokyo.ac.jp/repo/files/medium/11fe0ab41aedcc1dd58e164f7f10d3f1989c24ee.jpg,https://iiif.dl.itc.u-tokyo.ac.jp/repo/api/items/1370857,"東京大学附属図書館アジア研究図書館上廣倫理財団寄付研究部門 / Uehiro Project for the Asian Research Library in the University of Tokyo, JAPAN",http://iiif.io/api/presentation/2#rightToLeftDirection,,水滸伝コレクション,,https://iiif.dl.itc.u-tokyo.ac.jp/repo/iiif/1f00d608-7661-5223-55e9-98aab43d7749/manifest,,,,,50
第五才子書施耐菴水滸傳 七十五卷[IASA_SHT_123_12],,,"[(明)羅本撰] ;,[(清)金人瑞批改]",,,,,中国語,,,,,,中国明代末に刊刻された『水滸伝』。,漢籍,"毎葉版心下部に「貫華堂」あり。第1冊表紙裏、第1帙裏に墨筆書入れあり。各表紙に冊次の書入れあり。鉛筆, 朱筆, 黒筆の書入れあり。胡粉による修正あり。破損, シミ, 虫損, カスレあり。","線装,四針眼釘法",特;双紅堂:小説:123-12,75巻70回,(中国)明崇禎年間,明崇禎年間,26.0×17.0cm,毎半葉8行、行19字、注小字双行,東洋文化研究所雙紅堂文庫蔵,32冊,"6403832576,6403832584,6403832592,6403832600,6403832618,6403832626,6403832634,6403832642,6403832659,6403832667,6403832675,6403832683,6403832691,6403832709,6403832717,6403832725,6403832733,6403832741,6403832758,6403832766,6403832774,6403832782,6403832790,6403832808,6403832816,6403832824,6403832832,6403832840,6403832857,6403832865,6403832873,6403832881","東洋文化研究所圖書,士倫曾藏,靜盦,規,雙紅堂,越國文學,清絢之印,君錦,□暦清氏臧書",印本,木版,第五才子書施耐菴水滸傳七十五卷 Diwucaizishu ShiNaian Shuihuzhuan 75juan 第五才子書施耐菴水滸伝七十五巻   第五才子书施耐菴水浒传七十五卷,"(巻首題)第五才子書施耐菴水滸傳,(版心題)第五才子書,(序題)第五才子書施耐菴水滸傳",1628-1644年,1628-1644年,(内框)19.3×13.0cm,,,,,,,,,,,,http://tify.sub.uni-goettingen.de/demo.html?manifest=https://archdataset.dl.itc.u-tokyo.ac.jp/manifest/a3e8068c-559f-69b5-2fbb-38004ff55aba.json,a3e8068c-559f-69b5-2fbb-38004ff55aba,https://iiif.dl.itc.u-tokyo.ac.jp/repo/s/asia/,https://iiif.dl.itc.u-tokyo.ac.jp/repo/s/asia/document/a3e8068c-559f-69b5-2fbb-38004ff55aba,https://www.lib.u-tokyo.ac.jp/ja/library/contents/archives-top/reuse,https://iiif.dl.itc.u-tokyo.ac.jp/repo/files/medium/16eebb86f2823ed078ba6bbcde5d1b9af776e488.jpg,https://iiif.dl.itc.u-tokyo.ac.jp/repo/api/items/1370858,"東京大学附属図書館アジア研究図書館上廣倫理財団寄付研究部門 / Uehiro Project for the Asian Research Library in the University of Tokyo, JAPAN",http://iiif.io/api/presentation/2#rightToLeftDirection,,水滸伝コレクション,,https://iiif.dl.itc.u-tokyo.ac.jp/repo/iiif/a3e8068c-559f-69b5-2fbb-38004ff55aba/manifest,,,,,65
第五才子書施耐菴水滸傳 七十五卷[IASA_SHT_123_13],,,"[(明)羅本撰] ;,[(清)金人瑞批改]",,,,,中国語,,,,,,中国明代末に刊刻された『水滸伝』。,漢籍,"毎葉版心下部に「貫華堂」あり。第1冊表紙裏、第1帙裏に墨筆書入れあり。各表紙に冊次の書入れあり。鉛筆, 朱筆, 黒筆の書入れあり。胡粉による修正あり。破損, シミ, 虫損, カスレあり。","線装,四針眼釘法",特;双紅堂:小説:123-13,75巻70回,(中国)明崇禎年間,明崇禎年間,26.0×17.0cm,毎半葉8行、行19字、注小字双行,東洋文化研究所雙紅堂文庫蔵,32冊,"6403832576,6403832584,6403832592,6403832600,6403832618,6403832626,6403832634,6403832642,6403832659,6403832667,6403832675,6403832683,6403832691,6403832709,6403832717,6403832725,6403832733,6403832741,6403832758,6403832766,6403832774,6403832782,6403832790,6403832808,6403832816,6403832824,6403832832,6403832840,6403832857,6403832865,6403832873,6403832881","東洋文化研究所圖書,士倫曾藏,靜盦,規,雙紅堂,越國文學,清絢之印,君錦,□暦清氏臧書",印本,木版,第五才子書施耐菴水滸傳七十五卷 Diwucaizishu ShiNaian Shuihuzhuan 75juan 第五才子書施耐菴水滸伝七十五巻   第五才子书施耐菴水浒传七十五卷,"(巻首題)第五才子書施耐菴水滸傳,(版心題)第五才子書,(序題)第五才子書施耐菴水滸傳",1628-1644年,1628-1644年,(内框)19.3×13.0cm,,,,,,,,,,,,http://tify.sub.uni-goettingen.de/demo.html?manifest=https://archdataset.dl.itc.u-tokyo.ac.jp/manifest/6b0a0c99-5939-634b-7497-d20f651d9443.json,6b0a0c99-5939-634b-7497-d20f651d9443,https://iiif.dl.itc.u-tokyo.ac.jp/repo/s/asia/,https://iiif.dl.itc.u-tokyo.ac.jp/repo/s/asia/document/6b0a0c99-5939-634b-7497-d20f651d9443,https://www.lib.u-tokyo.ac.jp/ja/library/contents/archives-top/reuse,https://iiif.dl.itc.u-tokyo.ac.jp/repo/files/medium/3cbb165c9444a1a5d9c7eada74186f732f86596d.jpg,https://iiif.dl.itc.u-tokyo.ac.jp/repo/api/items/1370859,"東京大学附属図書館アジア研究図書館上廣倫理財団寄付研究部門 / Uehiro Project for the Asian Research Library in the University of Tokyo, JAPAN",http://iiif.io/api/presentation/2#rightToLeftDirection,,水滸伝コレクション,,https://iiif.dl.itc.u-tokyo.ac.jp/repo/iiif/6b0a0c99-5939-634b-7497-d20f651d9443/manifest,,,,,82
第五才子書施耐菴水滸傳 七十五卷[IASA_SHT_123_14],,,"[(明)羅本撰] ;,[(清)金人瑞批改]",,,,,中国語,,,,,,中国明代末に刊刻された『水滸伝』。,漢籍,"毎葉版心下部に「貫華堂」あり。第1冊表紙裏、第1帙裏に墨筆書入れあり。各表紙に冊次の書入れあり。鉛筆, 朱筆, 黒筆の書入れあり。胡粉による修正あり。破損, シミ, 虫損, カスレあり。","線装,四針眼釘法",特;双紅堂:小説:123-14,75巻70回,(中国)明崇禎年間,明崇禎年間,26.0×17.0cm,毎半葉8行、行19字、注小字双行,東洋文化研究所雙紅堂文庫蔵,32冊,"6403832576,6403832584,6403832592,6403832600,6403832618,6403832626,6403832634,6403832642,6403832659,6403832667,6403832675,6403832683,6403832691,6403832709,6403832717,6403832725,6403832733,6403832741,6403832758,6403832766,6403832774,6403832782,6403832790,6403832808,6403832816,6403832824,6403832832,6403832840,6403832857,6403832865,6403832873,6403832881","東洋文化研究所圖書,士倫曾藏,靜盦,規,雙紅堂,越國文學,清絢之印,君錦,□暦清氏臧書",印本,木版,第五才子書施耐菴水滸傳七十五卷 Diwucaizishu ShiNaian Shuihuzhuan 75juan 第五才子書施耐菴水滸伝七十五巻   第五才子书施耐菴水浒传七十五卷,"(巻首題)第五才子書施耐菴水滸傳,(版心題)第五才子書,(序題)第五才子書施耐菴水滸傳",1628-1644年,1628-1644年,(内框)19.3×13.0cm,,,,,,,,,,,,http://tify.sub.uni-goettingen.de/demo.html?manifest=https://archdataset.dl.itc.u-tokyo.ac.jp/manifest/b2cc8460-4287-16cc-20e2-19db475c4b77.json,b2cc8460-4287-16cc-20e2-19db475c4b77,https://iiif.dl.itc.u-tokyo.ac.jp/repo/s/asia/,https://iiif.dl.itc.u-tokyo.ac.jp/repo/s/asia/document/b2cc8460-4287-16cc-20e2-19db475c4b77,https://www.lib.u-tokyo.ac.jp/ja/library/contents/archives-top/reuse,https://iiif.dl.itc.u-tokyo.ac.jp/repo/files/medium/404410b2462ee70db21fa2c87049cc2eb795e292.jpg,https://iiif.dl.itc.u-tokyo.ac.jp/repo/api/items/1370860,"東京大学附属図書館アジア研究図書館上廣倫理財団寄付研究部門 / Uehiro Project for the Asian Research Library in the University of Tokyo, JAPAN",http://iiif.io/api/presentation/2#rightToLeftDirection,,水滸伝コレクション,,https://iiif.dl.itc.u-tokyo.ac.jp/repo/iiif/b2cc8460-4287-16cc-20e2-19db475c4b77/manifest,,,,,73
第五才子書施耐菴水滸傳 七十五卷[IASA_SHT_123_15],,,"[(明)羅本撰] ;,[(清)金人瑞批改]",,,,,中国語,,,,,,中国明代末に刊刻された『水滸伝』。,漢籍,"毎葉版心下部に「貫華堂」あり。第1冊表紙裏、第1帙裏に墨筆書入れあり。各表紙に冊次の書入れあり。鉛筆, 朱筆, 黒筆の書入れあり。胡粉による修正あり。破損, シミ, 虫損, カスレあり。","線装,四針眼釘法",特;双紅堂:小説:123-15,75巻70回,(中国)明崇禎年間,明崇禎年間,26.0×17.0cm,毎半葉8行、行19字、注小字双行,東洋文化研究所雙紅堂文庫蔵,32冊,"6403832576,6403832584,6403832592,6403832600,6403832618,6403832626,6403832634,6403832642,6403832659,6403832667,6403832675,6403832683,6403832691,6403832709,6403832717,6403832725,6403832733,6403832741,6403832758,6403832766,6403832774,6403832782,6403832790,6403832808,6403832816,6403832824,6403832832,6403832840,6403832857,6403832865,6403832873,6403832881","東洋文化研究所圖書,士倫曾藏,靜盦,規,雙紅堂,越國文學,清絢之印,君錦,□暦清氏臧書",印本,木版,第五才子書施耐菴水滸傳七十五卷 Diwucaizishu ShiNaian Shuihuzhuan 75juan 第五才子書施耐菴水滸伝七十五巻   第五才子书施耐菴水浒传七十五卷,"(巻首題)第五才子書施耐菴水滸傳,(版心題)第五才子書,(序題)第五才子書施耐菴水滸傳",1628-1644年,1628-1644年,(内框)19.3×13.0cm,,,,,,,,,,,,http://tify.sub.uni-goettingen.de/demo.html?manifest=https://archdataset.dl.itc.u-tokyo.ac.jp/manifest/e7147290-5202-1de7-34bb-fb75c0e12538.json,e7147290-5202-1de7-34bb-fb75c0e12538,https://iiif.dl.itc.u-tokyo.ac.jp/repo/s/asia/,https://iiif.dl.itc.u-tokyo.ac.jp/repo/s/asia/document/e7147290-5202-1de7-34bb-fb75c0e12538,https://www.lib.u-tokyo.ac.jp/ja/library/contents/archives-top/reuse,https://iiif.dl.itc.u-tokyo.ac.jp/repo/files/medium/618aa67bcfb2fd8d83c80b490cf13f55c9c1173b.jpg,https://iiif.dl.itc.u-tokyo.ac.jp/repo/api/items/1370861,"東京大学附属図書館アジア研究図書館上廣倫理財団寄付研究部門 / Uehiro Project for the Asian Research Library in the University of Tokyo, JAPAN",http://iiif.io/api/presentation/2#rightToLeftDirection,,水滸伝コレクション,,https://iiif.dl.itc.u-tokyo.ac.jp/repo/iiif/e7147290-5202-1de7-34bb-fb75c0e12538/manifest,,,,,67
第五才子書施耐菴水滸傳 七十五卷[IASA_SHT_123_16],,,"[(明)羅本撰] ;,[(清)金人瑞批改]",,,,,中国語,,,,,,中国明代末に刊刻された『水滸伝』。,漢籍,"毎葉版心下部に「貫華堂」あり。第1冊表紙裏、第1帙裏に墨筆書入れあり。各表紙に冊次の書入れあり。鉛筆, 朱筆, 黒筆の書入れあり。胡粉による修正あり。破損, シミ, 虫損, カスレあり。","線装,四針眼釘法",特;双紅堂:小説:123-16,75巻70回,(中国)明崇禎年間,明崇禎年間,26.0×17.0cm,毎半葉8行、行19字、注小字双行,東洋文化研究所雙紅堂文庫蔵,32冊,"6403832576,6403832584,6403832592,6403832600,6403832618,6403832626,6403832634,6403832642,6403832659,6403832667,6403832675,6403832683,6403832691,6403832709,6403832717,6403832725,6403832733,6403832741,6403832758,6403832766,6403832774,6403832782,6403832790,6403832808,6403832816,6403832824,6403832832,6403832840,6403832857,6403832865,6403832873,6403832881","東洋文化研究所圖書,士倫曾藏,靜盦,規,雙紅堂,越國文學,清絢之印,君錦,□暦清氏臧書",印本,木版,第五才子書施耐菴水滸傳七十五卷 Diwucaizishu ShiNaian Shuihuzhuan 75juan 第五才子書施耐菴水滸伝七十五巻   第五才子书施耐菴水浒传七十五卷,"(巻首題)第五才子書施耐菴水滸傳,(版心題)第五才子書,(序題)第五才子書施耐菴水滸傳",1628-1644年,1628-1644年,(内框)19.3×13.0cm,,,,,,,,,,,,http://tify.sub.uni-goettingen.de/demo.html?manifest=https://archdataset.dl.itc.u-tokyo.ac.jp/manifest/3b46aa4b-5a5d-96b2-a796-07bda4e7114b.json,3b46aa4b-5a5d-96b2-a796-07bda4e7114b,https://iiif.dl.itc.u-tokyo.ac.jp/repo/s/asia/,https://iiif.dl.itc.u-tokyo.ac.jp/repo/s/asia/document/3b46aa4b-5a5d-96b2-a796-07bda4e7114b,https://www.lib.u-tokyo.ac.jp/ja/library/contents/archives-top/reuse,https://iiif.dl.itc.u-tokyo.ac.jp/repo/files/medium/748f6aa0e8521778fe5cbe12233bc45a2592811c.jpg,https://iiif.dl.itc.u-tokyo.ac.jp/repo/api/items/1370862,"東京大学附属図書館アジア研究図書館上廣倫理財団寄付研究部門 / Uehiro Project for the Asian Research Library in the University of Tokyo, JAPAN",http://iiif.io/api/presentation/2#rightToLeftDirection,,水滸伝コレクション,,https://iiif.dl.itc.u-tokyo.ac.jp/repo/iiif/3b46aa4b-5a5d-96b2-a796-07bda4e7114b/manifest,,,,,52
第五才子書施耐菴水滸傳 七十五卷[IASA_SHT_123_17],,,"[(明)羅本撰] ;,[(清)金人瑞批改]",,,,,中国語,,,,,,中国明代末に刊刻された『水滸伝』。,漢籍,"毎葉版心下部に「貫華堂」あり。第1冊表紙裏、第1帙裏に墨筆書入れあり。各表紙に冊次の書入れあり。鉛筆, 朱筆, 黒筆の書入れあり。胡粉による修正あり。破損, シミ, 虫損, カスレあり。","線装,四針眼釘法",特;双紅堂:小説:123-17,75巻70回,(中国)明崇禎年間,明崇禎年間,26.0×17.0cm,毎半葉8行、行19字、注小字双行,東洋文化研究所雙紅堂文庫蔵,32冊,"6403832576,6403832584,6403832592,6403832600,6403832618,6403832626,6403832634,6403832642,6403832659,6403832667,6403832675,6403832683,6403832691,6403832709,6403832717,6403832725,6403832733,6403832741,6403832758,6403832766,6403832774,6403832782,6403832790,6403832808,6403832816,6403832824,6403832832,6403832840,6403832857,6403832865,6403832873,6403832881","東洋文化研究所圖書,士倫曾藏,靜盦,規,雙紅堂,越國文學,清絢之印,君錦,□暦清氏臧書",印本,木版,第五才子書施耐菴水滸傳七十五卷 Diwucaizishu ShiNaian Shuihuzhuan 75juan 第五才子書施耐菴水滸伝七十五巻   第五才子书施耐菴水浒传七十五卷,"(巻首題)第五才子書施耐菴水滸傳,(版心題)第五才子書,(序題)第五才子書施耐菴水滸傳",1628-1644年,1628-1644年,(内框)19.3×13.0cm,,,,,,,,,,,,http://tify.sub.uni-goettingen.de/demo.html?manifest=https://archdataset.dl.itc.u-tokyo.ac.jp/manifest/1a865f43-1ff4-765b-6dea-a0ed189056e2.json,1a865f43-1ff4-765b-6dea-a0ed189056e2,https://iiif.dl.itc.u-tokyo.ac.jp/repo/s/asia/,https://iiif.dl.itc.u-tokyo.ac.jp/repo/s/asia/document/1a865f43-1ff4-765b-6dea-a0ed189056e2,https://www.lib.u-tokyo.ac.jp/ja/library/contents/archives-top/reuse,https://iiif.dl.itc.u-tokyo.ac.jp/repo/files/medium/49cbbfc765136c5216be6f8d3459399b35b579ba.jpg,https://iiif.dl.itc.u-tokyo.ac.jp/repo/api/items/1370863,"東京大学附属図書館アジア研究図書館上廣倫理財団寄付研究部門 / Uehiro Project for the Asian Research Library in the University of Tokyo, JAPAN",http://iiif.io/api/presentation/2#rightToLeftDirection,,水滸伝コレクション,,https://iiif.dl.itc.u-tokyo.ac.jp/repo/iiif/1a865f43-1ff4-765b-6dea-a0ed189056e2/manifest,,,,,56
第五才子書施耐菴水滸傳 七十五卷[IASA_SHT_123_18],,,"[(明)羅本撰] ;,[(清)金人瑞批改]",,,,,中国語,,,,,,中国明代末に刊刻された『水滸伝』。,漢籍,"毎葉版心下部に「貫華堂」あり。第1冊表紙裏、第1帙裏に墨筆書入れあり。各表紙に冊次の書入れあり。鉛筆, 朱筆, 黒筆の書入れあり。胡粉による修正あり。破損, シミ, 虫損, カスレあり。","線装,四針眼釘法",特;双紅堂:小説:123-18,75巻70回,(中国)明崇禎年間,明崇禎年間,26.0×17.0cm,毎半葉8行、行19字、注小字双行,東洋文化研究所雙紅堂文庫蔵,32冊,"6403832576,6403832584,6403832592,6403832600,6403832618,6403832626,6403832634,6403832642,6403832659,6403832667,6403832675,6403832683,6403832691,6403832709,6403832717,6403832725,6403832733,6403832741,6403832758,6403832766,6403832774,6403832782,6403832790,6403832808,6403832816,6403832824,6403832832,6403832840,6403832857,6403832865,6403832873,6403832881","東洋文化研究所圖書,士倫曾藏,靜盦,規,雙紅堂,越國文學,清絢之印,君錦,□暦清氏臧書",印本,木版,第五才子書施耐菴水滸傳七十五卷 Diwucaizishu ShiNaian Shuihuzhuan 75juan 第五才子書施耐菴水滸伝七十五巻   第五才子书施耐菴水浒传七十五卷,"(巻首題)第五才子書施耐菴水滸傳,(版心題)第五才子書,(序題)第五才子書施耐菴水滸傳",1628-1644年,1628-1644年,(内框)19.3×13.0cm,,,,,,,,,,,,http://tify.sub.uni-goettingen.de/demo.html?manifest=https://archdataset.dl.itc.u-tokyo.ac.jp/manifest/482d7582-6f5b-5621-1d9e-609368b41e52.json,482d7582-6f5b-5621-1d9e-609368b41e52,https://iiif.dl.itc.u-tokyo.ac.jp/repo/s/asia/,https://iiif.dl.itc.u-tokyo.ac.jp/repo/s/asia/document/482d7582-6f5b-5621-1d9e-609368b41e52,https://www.lib.u-tokyo.ac.jp/ja/library/contents/archives-top/reuse,https://iiif.dl.itc.u-tokyo.ac.jp/repo/files/medium/b32b82789adce9e4057223f618f48f7ce255f8c2.jpg,https://iiif.dl.itc.u-tokyo.ac.jp/repo/api/items/1370864,"東京大学附属図書館アジア研究図書館上廣倫理財団寄付研究部門 / Uehiro Project for the Asian Research Library in the University of Tokyo, JAPAN",http://iiif.io/api/presentation/2#rightToLeftDirection,,水滸伝コレクション,,https://iiif.dl.itc.u-tokyo.ac.jp/repo/iiif/482d7582-6f5b-5621-1d9e-609368b41e52/manifest,,,,,64
第五才子書施耐菴水滸傳 七十五卷[IASA_SHT_123_19],,,"[(明)羅本撰] ;,[(清)金人瑞批改]",,,,,中国語,,,,,,中国明代末に刊刻された『水滸伝』。,漢籍,"毎葉版心下部に「貫華堂」あり。第1冊表紙裏、第1帙裏に墨筆書入れあり。各表紙に冊次の書入れあり。鉛筆, 朱筆, 黒筆の書入れあり。胡粉による修正あり。破損, シミ, 虫損, カスレあり。","線装,四針眼釘法",特;双紅堂:小説:123-19,75巻70回,(中国)明崇禎年間,明崇禎年間,26.0×17.0cm,毎半葉8行、行19字、注小字双行,東洋文化研究所雙紅堂文庫蔵,32冊,"6403832576,6403832584,6403832592,6403832600,6403832618,6403832626,6403832634,6403832642,6403832659,6403832667,6403832675,6403832683,6403832691,6403832709,6403832717,6403832725,6403832733,6403832741,6403832758,6403832766,6403832774,6403832782,6403832790,6403832808,6403832816,6403832824,6403832832,6403832840,6403832857,6403832865,6403832873,6403832881","東洋文化研究所圖書,士倫曾藏,靜盦,規,雙紅堂,越國文學,清絢之印,君錦,□暦清氏臧書",印本,木版,第五才子書施耐菴水滸傳七十五卷 Diwucaizishu ShiNaian Shuihuzhuan 75juan 第五才子書施耐菴水滸伝七十五巻   第五才子书施耐菴水浒传七十五卷,"(巻首題)第五才子書施耐菴水滸傳,(版心題)第五才子書,(序題)第五才子書施耐菴水滸傳",1628-1644年,1628-1644年,(内框)19.3×13.0cm,,,,,,,,,,,,http://tify.sub.uni-goettingen.de/demo.html?manifest=https://archdataset.dl.itc.u-tokyo.ac.jp/manifest/1900509b-8c9a-a4a4-7ab6-66970e077c98.json,1900509b-8c9a-a4a4-7ab6-66970e077c98,https://iiif.dl.itc.u-tokyo.ac.jp/repo/s/asia/,https://iiif.dl.itc.u-tokyo.ac.jp/repo/s/asia/document/1900509b-8c9a-a4a4-7ab6-66970e077c98,https://www.lib.u-tokyo.ac.jp/ja/library/contents/archives-top/reuse,https://iiif.dl.itc.u-tokyo.ac.jp/repo/files/medium/82578510a95587cee60ed4f404d0c7515aa3af3e.jpg,https://iiif.dl.itc.u-tokyo.ac.jp/repo/api/items/1370865,"東京大学附属図書館アジア研究図書館上廣倫理財団寄付研究部門 / Uehiro Project for the Asian Research Library in the University of Tokyo, JAPAN",http://iiif.io/api/presentation/2#rightToLeftDirection,,水滸伝コレクション,,https://iiif.dl.itc.u-tokyo.ac.jp/repo/iiif/1900509b-8c9a-a4a4-7ab6-66970e077c98/manifest,,,,,62
第五才子書施耐菴水滸傳 七十五卷[IASA_SHT_123_20],,,"[(明)羅本撰] ;,[(清)金人瑞批改]",,,,,中国語,,,,,,中国明代末に刊刻された『水滸伝』。,漢籍,"毎葉版心下部に「貫華堂」あり。第1冊表紙裏、第1帙裏に墨筆書入れあり。各表紙に冊次の書入れあり。鉛筆, 朱筆, 黒筆の書入れあり。胡粉による修正あり。破損, シミ, 虫損, カスレあり。","線装,四針眼釘法",特;双紅堂:小説:123-20,75巻70回,(中国)明崇禎年間,明崇禎年間,26.0×17.0cm,毎半葉8行、行19字、注小字双行,東洋文化研究所雙紅堂文庫蔵,32冊,"6403832576,6403832584,6403832592,6403832600,6403832618,6403832626,6403832634,6403832642,6403832659,6403832667,6403832675,6403832683,6403832691,6403832709,6403832717,6403832725,6403832733,6403832741,6403832758,6403832766,6403832774,6403832782,6403832790,6403832808,6403832816,6403832824,6403832832,6403832840,6403832857,6403832865,6403832873,6403832881","東洋文化研究所圖書,士倫曾藏,靜盦,規,雙紅堂,越國文學,清絢之印,君錦,□暦清氏臧書",印本,木版,第五才子書施耐菴水滸傳七十五卷 Diwucaizishu ShiNaian Shuihuzhuan 75juan 第五才子書施耐菴水滸伝七十五巻   第五才子书施耐菴水浒传七十五卷,"(巻首題)第五才子書施耐菴水滸傳,(版心題)第五才子書,(序題)第五才子書施耐菴水滸傳",1628-1644年,1628-1644年,(内框)19.3×13.0cm,,,,,,,,,,,,http://tify.sub.uni-goettingen.de/demo.html?manifest=https://archdataset.dl.itc.u-tokyo.ac.jp/manifest/217d94d0-668e-5fe7-26ed-1f56e2499aa8.json,217d94d0-668e-5fe7-26ed-1f56e2499aa8,https://iiif.dl.itc.u-tokyo.ac.jp/repo/s/asia/,https://iiif.dl.itc.u-tokyo.ac.jp/repo/s/asia/document/217d94d0-668e-5fe7-26ed-1f56e2499aa8,https://www.lib.u-tokyo.ac.jp/ja/library/contents/archives-top/reuse,https://iiif.dl.itc.u-tokyo.ac.jp/repo/files/medium/d117a2fdb7f1302062920fdaddd2383ce761a474.jpg,https://iiif.dl.itc.u-tokyo.ac.jp/repo/api/items/1370866,"東京大学附属図書館アジア研究図書館上廣倫理財団寄付研究部門 / Uehiro Project for the Asian Research Library in the University of Tokyo, JAPAN",http://iiif.io/api/presentation/2#rightToLeftDirection,,水滸伝コレクション,,https://iiif.dl.itc.u-tokyo.ac.jp/repo/iiif/217d94d0-668e-5fe7-26ed-1f56e2499aa8/manifest,,,,,66
第五才子書施耐菴水滸傳 七十五卷[IASA_SHT_123_21],,,"[(明)羅本撰] ;,[(清)金人瑞批改]",,,,,中国語,,,,,,中国明代末に刊刻された『水滸伝』。,漢籍,"毎葉版心下部に「貫華堂」あり。第1冊表紙裏、第1帙裏に墨筆書入れあり。各表紙に冊次の書入れあり。鉛筆, 朱筆, 黒筆の書入れあり。胡粉による修正あり。破損, シミ, 虫損, カスレあり。","線装,四針眼釘法",特;双紅堂:小説:123-21,75巻70回,(中国)明崇禎年間,明崇禎年間,26.0×17.0cm,毎半葉8行、行19字、注小字双行,東洋文化研究所雙紅堂文庫蔵,32冊,"6403832576,6403832584,6403832592,6403832600,6403832618,6403832626,6403832634,6403832642,6403832659,6403832667,6403832675,6403832683,6403832691,6403832709,6403832717,6403832725,6403832733,6403832741,6403832758,6403832766,6403832774,6403832782,6403832790,6403832808,6403832816,6403832824,6403832832,6403832840,6403832857,6403832865,6403832873,6403832881","東洋文化研究所圖書,士倫曾藏,靜盦,規,雙紅堂,越國文學,清絢之印,君錦,□暦清氏臧書",印本,木版,第五才子書施耐菴水滸傳七十五卷 Diwucaizishu ShiNaian Shuihuzhuan 75juan 第五才子書施耐菴水滸伝七十五巻   第五才子书施耐菴水浒传七十五卷,"(巻首題)第五才子書施耐菴水滸傳,(版心題)第五才子書,(序題)第五才子書施耐菴水滸傳",1628-1644年,1628-1644年,(内框)19.3×13.0cm,,,,,,,,,,,,http://tify.sub.uni-goettingen.de/demo.html?manifest=https://archdataset.dl.itc.u-tokyo.ac.jp/manifest/d91e20e0-3e07-249e-0b5e-e4d42712298c.json,d91e20e0-3e07-249e-0b5e-e4d42712298c,https://iiif.dl.itc.u-tokyo.ac.jp/repo/s/asia/,https://iiif.dl.itc.u-tokyo.ac.jp/repo/s/asia/document/d91e20e0-3e07-249e-0b5e-e4d42712298c,https://www.lib.u-tokyo.ac.jp/ja/library/contents/archives-top/reuse,https://iiif.dl.itc.u-tokyo.ac.jp/repo/files/medium/23324ce257f5468408f78a4e3cf3fccb04c3c0a2.jpg,https://iiif.dl.itc.u-tokyo.ac.jp/repo/api/items/1370867,"東京大学附属図書館アジア研究図書館上廣倫理財団寄付研究部門 / Uehiro Project for the Asian Research Library in the University of Tokyo, JAPAN",http://iiif.io/api/presentation/2#rightToLeftDirection,,水滸伝コレクション,,https://iiif.dl.itc.u-tokyo.ac.jp/repo/iiif/d91e20e0-3e07-249e-0b5e-e4d42712298c/manifest,,,,,72
第五才子書施耐菴水滸傳 七十五卷[IASA_SHT_123_22],,,"[(明)羅本撰] ;,[(清)金人瑞批改]",,,,,中国語,,,,,,中国明代末に刊刻された『水滸伝』。,漢籍,"毎葉版心下部に「貫華堂」あり。第1冊表紙裏、第1帙裏に墨筆書入れあり。各表紙に冊次の書入れあり。鉛筆, 朱筆, 黒筆の書入れあり。胡粉による修正あり。破損, シミ, 虫損, カスレあり。","線装,四針眼釘法",特;双紅堂:小説:123-22,75巻70回,(中国)明崇禎年間,明崇禎年間,26.0×17.0cm,毎半葉8行、行19字、注小字双行,東洋文化研究所雙紅堂文庫蔵,32冊,"6403832576,6403832584,6403832592,6403832600,6403832618,6403832626,6403832634,6403832642,6403832659,6403832667,6403832675,6403832683,6403832691,6403832709,6403832717,6403832725,6403832733,6403832741,6403832758,6403832766,6403832774,6403832782,6403832790,6403832808,6403832816,6403832824,6403832832,6403832840,6403832857,6403832865,6403832873,6403832881","東洋文化研究所圖書,士倫曾藏,靜盦,規,雙紅堂,越國文學,清絢之印,君錦,□暦清氏臧書",印本,木版,第五才子書施耐菴水滸傳七十五卷 Diwucaizishu ShiNaian Shuihuzhuan 75juan 第五才子書施耐菴水滸伝七十五巻   第五才子书施耐菴水浒传七十五卷,"(巻首題)第五才子書施耐菴水滸傳,(版心題)第五才子書,(序題)第五才子書施耐菴水滸傳",1628-1644年,1628-1644年,(内框)19.3×13.0cm,,,,,,,,,,,,http://tify.sub.uni-goettingen.de/demo.html?manifest=https://archdataset.dl.itc.u-tokyo.ac.jp/manifest/c460c444-480e-2d43-4b79-251f2a384169.json,c460c444-480e-2d43-4b79-251f2a384169,https://iiif.dl.itc.u-tokyo.ac.jp/repo/s/asia/,https://iiif.dl.itc.u-tokyo.ac.jp/repo/s/asia/document/c460c444-480e-2d43-4b79-251f2a384169,https://www.lib.u-tokyo.ac.jp/ja/library/contents/archives-top/reuse,https://iiif.dl.itc.u-tokyo.ac.jp/repo/files/medium/da893560cb9666484456331ac0f931c9b83daaf8.jpg,https://iiif.dl.itc.u-tokyo.ac.jp/repo/api/items/1370868,"東京大学附属図書館アジア研究図書館上廣倫理財団寄付研究部門 / Uehiro Project for the Asian Research Library in the University of Tokyo, JAPAN",http://iiif.io/api/presentation/2#rightToLeftDirection,,水滸伝コレクション,,https://iiif.dl.itc.u-tokyo.ac.jp/repo/iiif/c460c444-480e-2d43-4b79-251f2a384169/manifest,,,,,62
第五才子書施耐菴水滸傳 七十五卷[IASA_SHT_123_23],,,"[(明)羅本撰] ;,[(清)金人瑞批改]",,,,,中国語,,,,,,中国明代末に刊刻された『水滸伝』。,漢籍,"毎葉版心下部に「貫華堂」あり。第1冊表紙裏、第1帙裏に墨筆書入れあり。各表紙に冊次の書入れあり。鉛筆, 朱筆, 黒筆の書入れあり。胡粉による修正あり。破損, シミ, 虫損, カスレあり。","線装,四針眼釘法",特;双紅堂:小説:123-23,75巻70回,(中国)明崇禎年間,明崇禎年間,26.0×17.0cm,毎半葉8行、行19字、注小字双行,東洋文化研究所雙紅堂文庫蔵,32冊,"6403832576,6403832584,6403832592,6403832600,6403832618,6403832626,6403832634,6403832642,6403832659,6403832667,6403832675,6403832683,6403832691,6403832709,6403832717,6403832725,6403832733,6403832741,6403832758,6403832766,6403832774,6403832782,6403832790,6403832808,6403832816,6403832824,6403832832,6403832840,6403832857,6403832865,6403832873,6403832881","東洋文化研究所圖書,士倫曾藏,靜盦,規,雙紅堂,越國文學,清絢之印,君錦,□暦清氏臧書",印本,木版,第五才子書施耐菴水滸傳七十五卷 Diwucaizishu ShiNaian Shuihuzhuan 75juan 第五才子書施耐菴水滸伝七十五巻   第五才子书施耐菴水浒传七十五卷,"(巻首題)第五才子書施耐菴水滸傳,(版心題)第五才子書,(序題)第五才子書施耐菴水滸傳",1628-1644年,1628-1644年,(内框)19.3×13.0cm,,,,,,,,,,,,http://tify.sub.uni-goettingen.de/demo.html?manifest=https://archdataset.dl.itc.u-tokyo.ac.jp/manifest/52471e59-281e-406e-541b-99b6b317054c.json,52471e59-281e-406e-541b-99b6b317054c,https://iiif.dl.itc.u-tokyo.ac.jp/repo/s/asia/,https://iiif.dl.itc.u-tokyo.ac.jp/repo/s/asia/document/52471e59-281e-406e-541b-99b6b317054c,https://www.lib.u-tokyo.ac.jp/ja/library/contents/archives-top/reuse,https://iiif.dl.itc.u-tokyo.ac.jp/repo/files/medium/5f0323c89053e504a5ba66f42f13c2dbafad4144.jpg,https://iiif.dl.itc.u-tokyo.ac.jp/repo/api/items/1370869,"東京大学附属図書館アジア研究図書館上廣倫理財団寄付研究部門 / Uehiro Project for the Asian Research Library in the University of Tokyo, JAPAN",http://iiif.io/api/presentation/2#rightToLeftDirection,,水滸伝コレクション,,https://iiif.dl.itc.u-tokyo.ac.jp/repo/iiif/52471e59-281e-406e-541b-99b6b317054c/manifest,,,,,80
第五才子書施耐菴水滸傳 七十五卷[IASA_SHT_123_24],,,"[(明)羅本撰] ;,[(清)金人瑞批改]",,,,,中国語,,,,,,中国明代末に刊刻された『水滸伝』。,漢籍,"毎葉版心下部に「貫華堂」あり。第1冊表紙裏、第1帙裏に墨筆書入れあり。各表紙に冊次の書入れあり。鉛筆, 朱筆, 黒筆の書入れあり。胡粉による修正あり。破損, シミ, 虫損, カスレあり。","線装,四針眼釘法",特;双紅堂:小説:123-24,75巻70回,(中国)明崇禎年間,明崇禎年間,26.0×17.0cm,毎半葉8行、行19字、注小字双行,東洋文化研究所雙紅堂文庫蔵,32冊,"6403832576,6403832584,6403832592,6403832600,6403832618,6403832626,6403832634,6403832642,6403832659,6403832667,6403832675,6403832683,6403832691,6403832709,6403832717,6403832725,6403832733,6403832741,6403832758,6403832766,6403832774,6403832782,6403832790,6403832808,6403832816,6403832824,6403832832,6403832840,6403832857,6403832865,6403832873,6403832881","東洋文化研究所圖書,士倫曾藏,靜盦,規,雙紅堂,越國文學,清絢之印,君錦,□暦清氏臧書",印本,木版,第五才子書施耐菴水滸傳七十五卷 Diwucaizishu ShiNaian Shuihuzhuan 75juan 第五才子書施耐菴水滸伝七十五巻   第五才子书施耐菴水浒传七十五卷,"(巻首題)第五才子書施耐菴水滸傳,(版心題)第五才子書,(序題)第五才子書施耐菴水滸傳",1628-1644年,1628-1644年,(内框)19.3×13.0cm,,,,,,,,,,,,http://tify.sub.uni-goettingen.de/demo.html?manifest=https://archdataset.dl.itc.u-tokyo.ac.jp/manifest/0d40f07b-3b48-5a37-0836-21bf13ca9eae.json,0d40f07b-3b48-5a37-0836-21bf13ca9eae,https://iiif.dl.itc.u-tokyo.ac.jp/repo/s/asia/,https://iiif.dl.itc.u-tokyo.ac.jp/repo/s/asia/document/0d40f07b-3b48-5a37-0836-21bf13ca9eae,https://www.lib.u-tokyo.ac.jp/ja/library/contents/archives-top/reuse,https://iiif.dl.itc.u-tokyo.ac.jp/repo/files/medium/8807d194510e83baa5fe48142e9528d73bccd12c.jpg,https://iiif.dl.itc.u-tokyo.ac.jp/repo/api/items/1370870,"東京大学附属図書館アジア研究図書館上廣倫理財団寄付研究部門 / Uehiro Project for the Asian Research Library in the University of Tokyo, JAPAN",http://iiif.io/api/presentation/2#rightToLeftDirection,,水滸伝コレクション,,https://iiif.dl.itc.u-tokyo.ac.jp/repo/iiif/0d40f07b-3b48-5a37-0836-21bf13ca9eae/manifest,,,,,57
第五才子書施耐菴水滸傳 七十五卷[IASA_SHT_123_25],,,"[(明)羅本撰] ;,[(清)金人瑞批改]",,,,,中国語,,,,,,中国明代末に刊刻された『水滸伝』。,漢籍,"毎葉版心下部に「貫華堂」あり。第1冊表紙裏、第1帙裏に墨筆書入れあり。各表紙に冊次の書入れあり。鉛筆, 朱筆, 黒筆の書入れあり。胡粉による修正あり。破損, シミ, 虫損, カスレあり。","線装,四針眼釘法",特;双紅堂:小説:123-25,75巻70回,(中国)明崇禎年間,明崇禎年間,26.0×17.0cm,毎半葉8行、行19字、注小字双行,東洋文化研究所雙紅堂文庫蔵,32冊,"6403832576,6403832584,6403832592,6403832600,6403832618,6403832626,6403832634,6403832642,6403832659,6403832667,6403832675,6403832683,6403832691,6403832709,6403832717,6403832725,6403832733,6403832741,6403832758,6403832766,6403832774,6403832782,6403832790,6403832808,6403832816,6403832824,6403832832,6403832840,6403832857,6403832865,6403832873,6403832881","東洋文化研究所圖書,士倫曾藏,靜盦,規,雙紅堂,越國文學,清絢之印,君錦,□暦清氏臧書",印本,木版,第五才子書施耐菴水滸傳七十五卷 Diwucaizishu ShiNaian Shuihuzhuan 75juan 第五才子書施耐菴水滸伝七十五巻   第五才子书施耐菴水浒传七十五卷,"(巻首題)第五才子書施耐菴水滸傳,(版心題)第五才子書,(序題)第五才子書施耐菴水滸傳",1628-1644年,1628-1644年,(内框)19.3×13.0cm,,,,,,,,,,,,http://tify.sub.uni-goettingen.de/demo.html?manifest=https://archdataset.dl.itc.u-tokyo.ac.jp/manifest/63ab88ed-79b5-61e6-822e-64c6f27948f6.json,63ab88ed-79b5-61e6-822e-64c6f27948f6,https://iiif.dl.itc.u-tokyo.ac.jp/repo/s/asia/,https://iiif.dl.itc.u-tokyo.ac.jp/repo/s/asia/document/63ab88ed-79b5-61e6-822e-64c6f27948f6,https://www.lib.u-tokyo.ac.jp/ja/library/contents/archives-top/reuse,https://iiif.dl.itc.u-tokyo.ac.jp/repo/files/medium/b252af689eaaf7f06eb2e063f56f8b4a001b9a30.jpg,https://iiif.dl.itc.u-tokyo.ac.jp/repo/api/items/1370871,"東京大学附属図書館アジア研究図書館上廣倫理財団寄付研究部門 / Uehiro Project for the Asian Research Library in the University of Tokyo, JAPAN",http://iiif.io/api/presentation/2#rightToLeftDirection,,水滸伝コレクション,,https://iiif.dl.itc.u-tokyo.ac.jp/repo/iiif/63ab88ed-79b5-61e6-822e-64c6f27948f6/manifest,,,,,64
第五才子書施耐菴水滸傳 七十五卷[IASA_SHT_123_26],,,"[(明)羅本撰] ;,[(清)金人瑞批改]",,,,,中国語,,,,,,中国明代末に刊刻された『水滸伝』。,漢籍,"毎葉版心下部に「貫華堂」あり。第1冊表紙裏、第1帙裏に墨筆書入れあり。各表紙に冊次の書入れあり。鉛筆, 朱筆, 黒筆の書入れあり。胡粉による修正あり。破損, シミ, 虫損, カスレあり。","線装,四針眼釘法",特;双紅堂:小説:123-26,75巻70回,(中国)明崇禎年間,明崇禎年間,26.0×17.0cm,毎半葉8行、行19字、注小字双行,東洋文化研究所雙紅堂文庫蔵,32冊,"6403832576,6403832584,6403832592,6403832600,6403832618,6403832626,6403832634,6403832642,6403832659,6403832667,6403832675,6403832683,6403832691,6403832709,6403832717,6403832725,6403832733,6403832741,6403832758,6403832766,6403832774,6403832782,6403832790,6403832808,6403832816,6403832824,6403832832,6403832840,6403832857,6403832865,6403832873,6403832881","東洋文化研究所圖書,士倫曾藏,靜盦,規,雙紅堂,越國文學,清絢之印,君錦,□暦清氏臧書",印本,木版,第五才子書施耐菴水滸傳七十五卷 Diwucaizishu ShiNaian Shuihuzhuan 75juan 第五才子書施耐菴水滸伝七十五巻   第五才子书施耐菴水浒传七十五卷,"(巻首題)第五才子書施耐菴水滸傳,(版心題)第五才子書,(序題)第五才子書施耐菴水滸傳",1628-1644年,1628-1644年,(内框)19.3×13.0cm,,,,,,,,,,,,http://tify.sub.uni-goettingen.de/demo.html?manifest=https://archdataset.dl.itc.u-tokyo.ac.jp/manifest/77a04553-52dd-3b94-9abe-4bb69cec8008.json,77a04553-52dd-3b94-9abe-4bb69cec8008,https://iiif.dl.itc.u-tokyo.ac.jp/repo/s/asia/,https://iiif.dl.itc.u-tokyo.ac.jp/repo/s/asia/document/77a04553-52dd-3b94-9abe-4bb69cec8008,https://www.lib.u-tokyo.ac.jp/ja/library/contents/archives-top/reuse,https://iiif.dl.itc.u-tokyo.ac.jp/repo/files/medium/5eab8688f8f7afd16958c97f5916919ceb01f4e8.jpg,https://iiif.dl.itc.u-tokyo.ac.jp/repo/api/items/1370872,"東京大学附属図書館アジア研究図書館上廣倫理財団寄付研究部門 / Uehiro Project for the Asian Research Library in the University of Tokyo, JAPAN",http://iiif.io/api/presentation/2#rightToLeftDirection,,水滸伝コレクション,,https://iiif.dl.itc.u-tokyo.ac.jp/repo/iiif/77a04553-52dd-3b94-9abe-4bb69cec8008/manifest,,,,,52
第五才子書施耐菴水滸傳 七十五卷[IASA_SHT_123_27],,,"[(明)羅本撰] ;,[(清)金人瑞批改]",,,,,中国語,,,,,,中国明代末に刊刻された『水滸伝』。,漢籍,"毎葉版心下部に「貫華堂」あり。第1冊表紙裏、第1帙裏に墨筆書入れあり。各表紙に冊次の書入れあり。鉛筆, 朱筆, 黒筆の書入れあり。胡粉による修正あり。破損, シミ, 虫損, カスレあり。","線装,四針眼釘法",特;双紅堂:小説:123-27,75巻70回,(中国)明崇禎年間,明崇禎年間,26.0×17.0cm,毎半葉8行、行19字、注小字双行,東洋文化研究所雙紅堂文庫蔵,32冊,"6403832576,6403832584,6403832592,6403832600,6403832618,6403832626,6403832634,6403832642,6403832659,6403832667,6403832675,6403832683,6403832691,6403832709,6403832717,6403832725,6403832733,6403832741,6403832758,6403832766,6403832774,6403832782,6403832790,6403832808,6403832816,6403832824,6403832832,6403832840,6403832857,6403832865,6403832873,6403832881","東洋文化研究所圖書,士倫曾藏,靜盦,規,雙紅堂,越國文學,清絢之印,君錦,□暦清氏臧書",印本,木版,第五才子書施耐菴水滸傳七十五卷 Diwucaizishu ShiNaian Shuihuzhuan 75juan 第五才子書施耐菴水滸伝七十五巻   第五才子书施耐菴水浒传七十五卷,"(巻首題)第五才子書施耐菴水滸傳,(版心題)第五才子書,(序題)第五才子書施耐菴水滸傳",1628-1644年,1628-1644年,(内框)19.3×13.0cm,,,,,,,,,,,,http://tify.sub.uni-goettingen.de/demo.html?manifest=https://archdataset.dl.itc.u-tokyo.ac.jp/manifest/109bf487-50f9-94b5-19e8-358f621e91fa.json,109bf487-50f9-94b5-19e8-358f621e91fa,https://iiif.dl.itc.u-tokyo.ac.jp/repo/s/asia/,https://iiif.dl.itc.u-tokyo.ac.jp/repo/s/asia/document/109bf487-50f9-94b5-19e8-358f621e91fa,https://www.lib.u-tokyo.ac.jp/ja/library/contents/archives-top/reuse,https://iiif.dl.itc.u-tokyo.ac.jp/repo/files/medium/3a3f8afbec1af697a1a2c4d4725ded3725459843.jpg,https://iiif.dl.itc.u-tokyo.ac.jp/repo/api/items/1370873,"東京大学附属図書館アジア研究図書館上廣倫理財団寄付研究部門 / Uehiro Project for the Asian Research Library in the University of Tokyo, JAPAN",http://iiif.io/api/presentation/2#rightToLeftDirection,,水滸伝コレクション,,https://iiif.dl.itc.u-tokyo.ac.jp/repo/iiif/109bf487-50f9-94b5-19e8-358f621e91fa/manifest,,,,,61
第五才子書施耐菴水滸傳 七十五卷[IASA_SHT_123_28],,,"[(明)羅本撰] ;,[(清)金人瑞批改]",,,,,中国語,,,,,,中国明代末に刊刻された『水滸伝』。,漢籍,"毎葉版心下部に「貫華堂」あり。第1冊表紙裏、第1帙裏に墨筆書入れあり。各表紙に冊次の書入れあり。鉛筆, 朱筆, 黒筆の書入れあり。胡粉による修正あり。破損, シミ, 虫損, カスレあり。","線装,四針眼釘法",特;双紅堂:小説:123-28,75巻70回,(中国)明崇禎年間,明崇禎年間,26.0×17.0cm,毎半葉8行、行19字、注小字双行,東洋文化研究所雙紅堂文庫蔵,32冊,"6403832576,6403832584,6403832592,6403832600,6403832618,6403832626,6403832634,6403832642,6403832659,6403832667,6403832675,6403832683,6403832691,6403832709,6403832717,6403832725,6403832733,6403832741,6403832758,6403832766,6403832774,6403832782,6403832790,6403832808,6403832816,6403832824,6403832832,6403832840,6403832857,6403832865,6403832873,6403832881","東洋文化研究所圖書,士倫曾藏,靜盦,規,雙紅堂,越國文學,清絢之印,君錦,□暦清氏臧書",印本,木版,第五才子書施耐菴水滸傳七十五卷 Diwucaizishu ShiNaian Shuihuzhuan 75juan 第五才子書施耐菴水滸伝七十五巻   第五才子书施耐菴水浒传七十五卷,"(巻首題)第五才子書施耐菴水滸傳,(版心題)第五才子書,(序題)第五才子書施耐菴水滸傳",1628-1644年,1628-1644年,(内框)19.3×13.0cm,,,,,,,,,,,,http://tify.sub.uni-goettingen.de/demo.html?manifest=https://archdataset.dl.itc.u-tokyo.ac.jp/manifest/5c658b1a-164b-5311-8bff-fee052d082cd.json,5c658b1a-164b-5311-8bff-fee052d082cd,https://iiif.dl.itc.u-tokyo.ac.jp/repo/s/asia/,https://iiif.dl.itc.u-tokyo.ac.jp/repo/s/asia/document/5c658b1a-164b-5311-8bff-fee052d082cd,https://www.lib.u-tokyo.ac.jp/ja/library/contents/archives-top/reuse,https://iiif.dl.itc.u-tokyo.ac.jp/repo/files/medium/0fb6de2047884f22542c3c657d0a9b04bf9efc72.jpg,https://iiif.dl.itc.u-tokyo.ac.jp/repo/api/items/1370874,"東京大学附属図書館アジア研究図書館上廣倫理財団寄付研究部門 / Uehiro Project for the Asian Research Library in the University of Tokyo, JAPAN",http://iiif.io/api/presentation/2#rightToLeftDirection,,水滸伝コレクション,,https://iiif.dl.itc.u-tokyo.ac.jp/repo/iiif/5c658b1a-164b-5311-8bff-fee052d082cd/manifest,,,,,80
第五才子書施耐菴水滸傳 七十五卷[IASA_SHT_123_29],,,"[(明)羅本撰] ;,[(清)金人瑞批改]",,,,,中国語,,,,,,中国明代末に刊刻された『水滸伝』。,漢籍,"毎葉版心下部に「貫華堂」あり。第1冊表紙裏、第1帙裏に墨筆書入れあり。各表紙に冊次の書入れあり。鉛筆, 朱筆, 黒筆の書入れあり。胡粉による修正あり。破損, シミ, 虫損, カスレあり。","線装,四針眼釘法",特;双紅堂:小説:123-29,75巻70回,(中国)明崇禎年間,明崇禎年間,26.0×17.0cm,毎半葉8行、行19字、注小字双行,東洋文化研究所雙紅堂文庫蔵,32冊,"6403832576,6403832584,6403832592,6403832600,6403832618,6403832626,6403832634,6403832642,6403832659,6403832667,6403832675,6403832683,6403832691,6403832709,6403832717,6403832725,6403832733,6403832741,6403832758,6403832766,6403832774,6403832782,6403832790,6403832808,6403832816,6403832824,6403832832,6403832840,6403832857,6403832865,6403832873,6403832881","東洋文化研究所圖書,士倫曾藏,靜盦,規,雙紅堂,越國文學,清絢之印,君錦,□暦清氏臧書",印本,木版,第五才子書施耐菴水滸傳七十五卷 Diwucaizishu ShiNaian Shuihuzhuan 75juan 第五才子書施耐菴水滸伝七十五巻   第五才子书施耐菴水浒传七十五卷,"(巻首題)第五才子書施耐菴水滸傳,(版心題)第五才子書,(序題)第五才子書施耐菴水滸傳",1628-1644年,1628-1644年,(内框)19.3×13.0cm,,,,,,,,,,,,http://tify.sub.uni-goettingen.de/demo.html?manifest=https://archdataset.dl.itc.u-tokyo.ac.jp/manifest/02ec9a2e-61e7-19f0-8bd0-555856767b41.json,02ec9a2e-61e7-19f0-8bd0-555856767b41,https://iiif.dl.itc.u-tokyo.ac.jp/repo/s/asia/,https://iiif.dl.itc.u-tokyo.ac.jp/repo/s/asia/document/02ec9a2e-61e7-19f0-8bd0-555856767b41,https://www.lib.u-tokyo.ac.jp/ja/library/contents/archives-top/reuse,https://iiif.dl.itc.u-tokyo.ac.jp/repo/files/medium/8e72f9772245ce004a5b2713c5582c1f5261e022.jpg,https://iiif.dl.itc.u-tokyo.ac.jp/repo/api/items/1370875,"東京大学附属図書館アジア研究図書館上廣倫理財団寄付研究部門 / Uehiro Project for the Asian Research Library in the University of Tokyo, JAPAN",http://iiif.io/api/presentation/2#rightToLeftDirection,,水滸伝コレクション,,https://iiif.dl.itc.u-tokyo.ac.jp/repo/iiif/02ec9a2e-61e7-19f0-8bd0-555856767b41/manifest,,,,,73
第五才子書施耐菴水滸傳 七十五卷[IASA_SHT_123_30],,,"[(明)羅本撰] ;,[(清)金人瑞批改]",,,,,中国語,,,,,,中国明代末に刊刻された『水滸伝』。,漢籍,"毎葉版心下部に「貫華堂」あり。第1冊表紙裏、第1帙裏に墨筆書入れあり。各表紙に冊次の書入れあり。鉛筆, 朱筆, 黒筆の書入れあり。胡粉による修正あり。破損, シミ, 虫損, カスレあり。","線装,四針眼釘法",特;双紅堂:小説:123-30,75巻70回,(中国)明崇禎年間,明崇禎年間,26.0×17.0cm,毎半葉8行、行19字、注小字双行,東洋文化研究所雙紅堂文庫蔵,32冊,"6403832576,6403832584,6403832592,6403832600,6403832618,6403832626,6403832634,6403832642,6403832659,6403832667,6403832675,6403832683,6403832691,6403832709,6403832717,6403832725,6403832733,6403832741,6403832758,6403832766,6403832774,6403832782,6403832790,6403832808,6403832816,6403832824,6403832832,6403832840,6403832857,6403832865,6403832873,6403832881","東洋文化研究所圖書,士倫曾藏,靜盦,規,雙紅堂,越國文學,清絢之印,君錦,□暦清氏臧書",印本,木版,第五才子書施耐菴水滸傳七十五卷 Diwucaizishu ShiNaian Shuihuzhuan 75juan 第五才子書施耐菴水滸伝七十五巻   第五才子书施耐菴水浒传七十五卷,"(巻首題)第五才子書施耐菴水滸傳,(版心題)第五才子書,(序題)第五才子書施耐菴水滸傳",1628-1644年,1628-1644年,(内框)19.3×13.0cm,,,,,,,,,,,,http://tify.sub.uni-goettingen.de/demo.html?manifest=https://archdataset.dl.itc.u-tokyo.ac.jp/manifest/fdc4b8a7-8cac-9cbe-1744-c596f60613e4.json,fdc4b8a7-8cac-9cbe-1744-c596f60613e4,https://iiif.dl.itc.u-tokyo.ac.jp/repo/s/asia/,https://iiif.dl.itc.u-tokyo.ac.jp/repo/s/asia/document/fdc4b8a7-8cac-9cbe-1744-c596f60613e4,https://www.lib.u-tokyo.ac.jp/ja/library/contents/archives-top/reuse,https://iiif.dl.itc.u-tokyo.ac.jp/repo/files/medium/c347c2abb6aa8e00de46e8b2790c031f09f6c36b.jpg,https://iiif.dl.itc.u-tokyo.ac.jp/repo/api/items/1370876,"東京大学附属図書館アジア研究図書館上廣倫理財団寄付研究部門 / Uehiro Project for the Asian Research Library in the University of Tokyo, JAPAN",http://iiif.io/api/presentation/2#rightToLeftDirection,,水滸伝コレクション,,https://iiif.dl.itc.u-tokyo.ac.jp/repo/iiif/fdc4b8a7-8cac-9cbe-1744-c596f60613e4/manifest,,,,,93
第五才子書施耐菴水滸傳 七十五卷[IASA_SHT_123_31],,,"[(明)羅本撰] ;,[(清)金人瑞批改]",,,,,中国語,,,,,,中国明代末に刊刻された『水滸伝』。,漢籍,"毎葉版心下部に「貫華堂」あり。第1冊表紙裏、第1帙裏に墨筆書入れあり。各表紙に冊次の書入れあり。鉛筆, 朱筆, 黒筆の書入れあり。胡粉による修正あり。破損, シミ, 虫損, カスレあり。","線装,四針眼釘法",特;双紅堂:小説:123-31,75巻70回,(中国)明崇禎年間,明崇禎年間,26.0×17.0cm,毎半葉8行、行19字、注小字双行,東洋文化研究所雙紅堂文庫蔵,32冊,"6403832576,6403832584,6403832592,6403832600,6403832618,6403832626,6403832634,6403832642,6403832659,6403832667,6403832675,6403832683,6403832691,6403832709,6403832717,6403832725,6403832733,6403832741,6403832758,6403832766,6403832774,6403832782,6403832790,6403832808,6403832816,6403832824,6403832832,6403832840,6403832857,6403832865,6403832873,6403832881","東洋文化研究所圖書,士倫曾藏,靜盦,規,雙紅堂,越國文學,清絢之印,君錦,□暦清氏臧書",印本,木版,第五才子書施耐菴水滸傳七十五卷 Diwucaizishu ShiNaian Shuihuzhuan 75juan 第五才子書施耐菴水滸伝七十五巻   第五才子书施耐菴水浒传七十五卷,"(巻首題)第五才子書施耐菴水滸傳,(版心題)第五才子書,(序題)第五才子書施耐菴水滸傳",1628-1644年,1628-1644年,(内框)19.3×13.0cm,,,,,,,,,,,,http://tify.sub.uni-goettingen.de/demo.html?manifest=https://archdataset.dl.itc.u-tokyo.ac.jp/manifest/df5dde97-8820-3fc5-7156-8df1ea327afb.json,df5dde97-8820-3fc5-7156-8df1ea327afb,https://iiif.dl.itc.u-tokyo.ac.jp/repo/s/asia/,https://iiif.dl.itc.u-tokyo.ac.jp/repo/s/asia/document/df5dde97-8820-3fc5-7156-8df1ea327afb,https://www.lib.u-tokyo.ac.jp/ja/library/contents/archives-top/reuse,https://iiif.dl.itc.u-tokyo.ac.jp/repo/files/medium/82a0fad45278eca3dd8a42e224374c323e1d3394.jpg,https://iiif.dl.itc.u-tokyo.ac.jp/repo/api/items/1370877,"東京大学附属図書館アジア研究図書館上廣倫理財団寄付研究部門 / Uehiro Project for the Asian Research Library in the University of Tokyo, JAPAN",http://iiif.io/api/presentation/2#rightToLeftDirection,,水滸伝コレクション,,https://iiif.dl.itc.u-tokyo.ac.jp/repo/iiif/df5dde97-8820-3fc5-7156-8df1ea327afb/manifest,,,,,58
第五才子書施耐菴水滸傳 七十五卷[IASA_SHT_123_32],,,"[(明)羅本撰] ;,[(清)金人瑞批改]",,,,,中国語,,,,,,中国明代末に刊刻された『水滸伝』。,漢籍,"毎葉版心下部に「貫華堂」あり。第1冊表紙裏、第1帙裏に墨筆書入れあり。各表紙に冊次の書入れあり。鉛筆, 朱筆, 黒筆の書入れあり。胡粉による修正あり。破損, シミ, 虫損, カスレあり。","線装,四針眼釘法",特;双紅堂:小説:123-32,75巻70回,(中国)明崇禎年間,明崇禎年間,26.0×17.0cm,毎半葉8行、行19字、注小字双行,東洋文化研究所雙紅堂文庫蔵,32冊,"6403832576,6403832584,6403832592,6403832600,6403832618,6403832626,6403832634,6403832642,6403832659,6403832667,6403832675,6403832683,6403832691,6403832709,6403832717,6403832725,6403832733,6403832741,6403832758,6403832766,6403832774,6403832782,6403832790,6403832808,6403832816,6403832824,6403832832,6403832840,6403832857,6403832865,6403832873,6403832881","東洋文化研究所圖書,士倫曾藏,靜盦,規,雙紅堂,越國文學,清絢之印,君錦,□暦清氏臧書",印本,木版,第五才子書施耐菴水滸傳七十五卷 Diwucaizishu ShiNaian Shuihuzhuan 75juan 第五才子書施耐菴水滸伝七十五巻   第五才子书施耐菴水浒传七十五卷,"(巻首題)第五才子書施耐菴水滸傳,(版心題)第五才子書,(序題)第五才子書施耐菴水滸傳",1628-1644年,1628-1644年,(内框)19.3×13.0cm,,,,,,,,,,,,http://tify.sub.uni-goettingen.de/demo.html?manifest=https://archdataset.dl.itc.u-tokyo.ac.jp/manifest/ed078d23-3895-1524-95d1-b88cd2e7a11a.json,ed078d23-3895-1524-95d1-b88cd2e7a11a,https://iiif.dl.itc.u-tokyo.ac.jp/repo/s/asia/,https://iiif.dl.itc.u-tokyo.ac.jp/repo/s/asia/document/ed078d23-3895-1524-95d1-b88cd2e7a11a,https://www.lib.u-tokyo.ac.jp/ja/library/contents/archives-top/reuse,https://iiif.dl.itc.u-tokyo.ac.jp/repo/files/medium/a2a84dd63809cac4c9f3ec5f9c59547a2d14add0.jpg,https://iiif.dl.itc.u-tokyo.ac.jp/repo/api/items/1370878,"東京大学附属図書館アジア研究図書館上廣倫理財団寄付研究部門 / Uehiro Project for the Asian Research Library in the University of Tokyo, JAPAN",http://iiif.io/api/presentation/2#rightToLeftDirection,,水滸伝コレクション,,https://iiif.dl.itc.u-tokyo.ac.jp/repo/iiif/ed078d23-3895-1524-95d1-b88cd2e7a11a/manifest,,,,,61
忠義水滸全書 一百二十回存四回[E46286-00],,,,,,,,中国語,,,,,,中国明末清初に刊刻された『水滸伝』。,漢籍,拠明末郁郁堂刊本後修本。まれに版心題を「水滸全傳」とする葉あり。虫損あり。,"線装,四針眼釘法",E46:286,120回,(中国)明末清初,明後期,24.8X15.7cm,毎半葉10行、行22字,,1冊,0008040230,東京帝国大学図書印,印本,木版,忠義水滸全書一百二十回存四回 Zhongyi Shuihu quanshu 120hui cun4hui  忠義水滸全書一百二十回存四回   忠义水浒全书一百二十回存四回,"(巻首題)忠義水滸全書,(版心題)水滸全書",1628-1735年,1567-1644,(内框)21.6X13.8cm,E46286,,,,,,,,,,,http://tify.sub.uni-goettingen.de/demo.html?manifest=https://archdataset.dl.itc.u-tokyo.ac.jp/manifest/6df4c473-23ee-82c7-4ae9-90d61319a732.json,6df4c473-23ee-82c7-4ae9-90d61319a732,https://iiif.dl.itc.u-tokyo.ac.jp/repo/s/asia/,https://iiif.dl.itc.u-tokyo.ac.jp/repo/s/asia/document/6df4c473-23ee-82c7-4ae9-90d61319a732,https://www.lib.u-tokyo.ac.jp/ja/library/contents/archives-top/reuse,https://iiif.dl.itc.u-tokyo.ac.jp/repo/files/medium/a38875337b12c4ade4fc42968b9234cda47469c4.jpg,https://iiif.dl.itc.u-tokyo.ac.jp/repo/api/items/1370879,"東京大学附属図書館アジア研究図書館上廣倫理財団寄付研究部門 / Uehiro Project for the Asian Research Library in the University of Tokyo, JAPAN",http://iiif.io/api/presentation/2#rightToLeftDirection,,水滸伝コレクション,,https://iiif.dl.itc.u-tokyo.ac.jp/repo/iiif/6df4c473-23ee-82c7-4ae9-90d61319a732/manifest,,,,,14
忠義水滸全書 一百二十回存四回[E46286-01],,,,,,,,中国語,,,,,,中国明末清初に刊刻された『水滸伝』。,漢籍,拠明末郁郁堂刊本後修本。まれに版心題を「水滸全傳」とする葉あり。虫損あり。,"線装,四針眼釘法",E46:286,120回,(中国)明末清初,明後期,24.8X15.7cm,毎半葉10行、行22字,,1冊,0008040230,東京帝国大学図書印,印本,木版,忠義水滸全書一百二十回存四回 Zhongyi Shuihu quanshu 120hui cun4hui  忠義水滸全書一百二十回存四回   忠义水浒全书一百二十回存四回,"(巻首題)忠義水滸全書,(版心題)水滸全書",1628-1735年,1567-1644,(内框)21.6X13.8cm,E46286,,,,,,,,,,,http://tify.sub.uni-goettingen.de/demo.html?manifest=https://archdataset.dl.itc.u-tokyo.ac.jp/manifest/0e91d5a0-8ef2-6f97-9130-271c2b1e26a1.json,0e91d5a0-8ef2-6f97-9130-271c2b1e26a1,https://iiif.dl.itc.u-tokyo.ac.jp/repo/s/asia/,https://iiif.dl.itc.u-tokyo.ac.jp/repo/s/asia/document/0e91d5a0-8ef2-6f97-9130-271c2b1e26a1,https://www.lib.u-tokyo.ac.jp/ja/library/contents/archives-top/reuse,https://iiif.dl.itc.u-tokyo.ac.jp/repo/files/medium/77a9ee205b36a3a133cb0b35f01b5867d9dc6f57.jpg,https://iiif.dl.itc.u-tokyo.ac.jp/repo/api/items/1370880,"東京大学附属図書館アジア研究図書館上廣倫理財団寄付研究部門 / Uehiro Project for the Asian Research Library in the University of Tokyo, JAPAN",http://iiif.io/api/presentation/2#rightToLeftDirection,,水滸伝コレクション,,https://iiif.dl.itc.u-tokyo.ac.jp/repo/iiif/0e91d5a0-8ef2-6f97-9130-271c2b1e26a1/manifest,,,,,58
Pagode de Dakao / A.-E Lelièvre et Ch.-A. Clouqueur.,,,"Lelièvre, A.-E|Clouqueur, Ch.-A|A.-E Lelièvre et Ch.-A. Clouqueur.",C. Ardin,Saigon,1914,,フランス語,"LCSH : Địên Ngọc Hoàng (Ho Chi Minh City, Vietnam)","東京大学アジア研究図書館 / Asian Research Library, the University of Tokyo",3-03 W:169:lel,"東京大学附属図書館アジア研究図書館上廣倫理財団寄付研究部門 / Uehiro Project for the Asian Research Library in the University of Tokyo, JAPAN",,"ベトナムのホーチミン市にある玉皇殿(Điện Ngọc Hoàng)に関する資料/A book on the Pagoda Ngoc-Hoang in Ho Chi Minh City, Vietnam",図書,,,ASIA0005,,,,38.0X28.2cm,,,1,0014201529,,,,,,,,,,,,,,,,,,,,http://tify.sub.uni-goettingen.de/demo.html?manifest=https://archdataset.dl.itc.u-tokyo.ac.jp/manifest/35885990-74ea-0cfb-687e-7f4eb2cc8478.json,35885990-74ea-0cfb-687e-7f4eb2cc8478,https://iiif.dl.itc.u-tokyo.ac.jp/repo/s/asia/,https://iiif.dl.itc.u-tokyo.ac.jp/repo/s/asia/document/35885990-74ea-0cfb-687e-7f4eb2cc8478,https://www.lib.u-tokyo.ac.jp/ja/library/contents/archives-top/reuse,https://iiif.dl.itc.u-tokyo.ac.jp/repo/files/medium/911b970f2725ab62790f90083000b4b14a9b3f3d.jpg,https://iiif.dl.itc.u-tokyo.ac.jp/repo/api/items/1377199,"東京大学附属図書館アジア研究図書館上廣倫理財団寄付研究部門 / Uehiro Project for the Asian Research Library in the University of Tokyo, JAPAN",,,U-PARLセレクション,,https://iiif.dl.itc.u-tokyo.ac.jp/repo/iiif/35885990-74ea-0cfb-687e-7f4eb2cc8478/manifest,,,,,40
Vedische und Sanskrit-Syntax,,,J.S. Speyer|Karl J. Trübner,,Strassburg,1896,,"ドイツ語
サンスクリット",LCSH:Indo-Aryan languages,"東京大学総合図書館 / General Library, the University of Tokyo",D550:34,"東京大学附属図書館アジア研究図書館上廣倫理財団寄付研究部門 / Uehiro Project for the Asian Research Library in the University of Tokyo, JAPAN",,19世紀末から20世紀初頭にかけて企画された、インド・アーリア語文献学に関わる諸分野を簡潔かつ体系的に概観する叢書の一冊。本書はヴェーダ語・サンスクリット語の統語論を扱う。本学ではエリオット文庫所収。One of a series of books published in the late 19th and early 20th centuries to provide a concise and systematic overview of the various fields involved in Indo-Aryan philology. This book deals with Vedic and Sanskrit syntax It is included in the Eliot Collection.,図書,,,D55034,,,,25cm,,,1,0004900650,,,,,,,,,,"Grundriss der indo-arischen Philologie und Altertumskunde (Encyclopedia of Indo-Aryan Research) / herausgegeben von G. Bühler ; 1. Bd., 6. Heft",,,,,,,,,,http://tify.sub.uni-goettingen.de/demo.html?manifest=https://archdataset.dl.itc.u-tokyo.ac.jp/manifest/8337c8ff-9732-3b0a-7c8b-78edb118989d.json,8337c8ff-9732-3b0a-7c8b-78edb118989d,https://iiif.dl.itc.u-tokyo.ac.jp/repo/s/asia/,https://iiif.dl.itc.u-tokyo.ac.jp/repo/s/asia/document/8337c8ff-9732-3b0a-7c8b-78edb118989d,https://www.lib.u-tokyo.ac.jp/ja/library/contents/archives-top/reuse,https://iiif.dl.itc.u-tokyo.ac.jp/repo/files/medium/fd86f2e0d41beebf607e0cc45ceec3da76e4b35c.jpg,https://iiif.dl.itc.u-tokyo.ac.jp/repo/api/items/1377200,"東京大学附属図書館アジア研究図書館上廣倫理財団寄付研究部門 / Uehiro Project for the Asian Research Library in the University of Tokyo, JAPAN",,,U-PARLセレクション,,https://iiif.dl.itc.u-tokyo.ac.jp/repo/iiif/8337c8ff-9732-3b0a-7c8b-78edb118989d/manifest,,,,,62
忠義水滸全書 一百二十回首一巻圖一巻坿宣和遺事一巻[A006376-43],,,,,,,,中国語,,,,,,中国明末清初に刊刻された『水滸伝』,漢籍,首冊に図60葉あり。拠明末郁郁堂刊本後修本。版心下部に版木削除あり。まれに「郁郁堂/四傳」の刊記あり。書入れあり(書中據李本補者用緑鍾本用靛芥子園本用硃黎光堂本亦用靛映雪堂本亦用硃京本用胭脂)。,"線装,四針眼釘法",A00:6376,120回,(中国)明末清初,明後期,27.4×16.8,毎半葉10行、行22字,"神山閏次旧蔵, 東京大学総合図書館所蔵",48冊,"0008343386,0008343394,0008343402,0008343410,0008343428,0008343436,0008343444,0008343451,0008343469,0008343477,0008343485,0008343493,0008343501,0008343519,0008343527,0008343535,0008343543,0008343550,0008343568,0008343576,0008343584,0008343592,0008343600,0008343618,0008343626,0008343634,0008343642,0008343659,0008343667,0008343675,0008343683,0008343691,0008343709,0008343717,0008343725,0008343733,0008343741,0008343758,0008343766,0008343774,0008343782,0008343790,0008343808,0008343816,0008343824,0008343832,0008343840,0008343857","東京帝国大学図書印,山閏之印",印本,木版,忠義水滸全書一百二十回 Zhongyi Shuihu quanshu 120hui  忠義水滸全書一百二十回    忠义水浒全书一百二十回,"(巻首題)忠義水滸全書,(版心題)水滸全書,(目首題)忠義水滸全書,(引首首題)新鐫李氏臧本忠義水滸全書,(発凡首題)出像評點忠義水滸全書,(封面題)水滸四傳全書",1628-1735年,1567-1644,(内框)21.7×13.8cm,A006367,,,,,,,,,,,http://tify.sub.uni-goettingen.de/demo.html?manifest=https://archdataset.dl.itc.u-tokyo.ac.jp/manifest/418b0f19-48bd-68b6-7702-0b73036a3b47.json,418b0f19-48bd-68b6-7702-0b73036a3b47,https://iiif.dl.itc.u-tokyo.ac.jp/repo/s/asia/,https://iiif.dl.itc.u-tokyo.ac.jp/repo/s/asia/document/418b0f19-48bd-68b6-7702-0b73036a3b47,https://www.lib.u-tokyo.ac.jp/ja/library/contents/archives-top/reuse,https://iiif.dl.itc.u-tokyo.ac.jp/repo/files/medium/e7aa244fc5830d12d7f95f02edd78af5a357dd5c.jpg,https://iiif.dl.itc.u-tokyo.ac.jp/repo/api/items/1368496,"東京大学附属図書館アジア研究図書館上廣倫理財団寄付研究部門 / Uehiro Project for the Asian Research Library in the University of Tokyo, JAPAN",http://iiif.io/api/presentation/2#rightToLeftDirection,,水滸伝コレクション,,https://iiif.dl.itc.u-tokyo.ac.jp/repo/iiif/418b0f19-48bd-68b6-7702-0b73036a3b47/manifest,,,,,52
忠義水滸全書 一百二十回首一巻圖一巻坿宣和遺事一巻[A006376-45],,,,,,,,中国語,,,,,,中国明末清初に刊刻された『水滸伝』,漢籍,首冊に図60葉あり。拠明末郁郁堂刊本後修本。版心下部に版木削除あり。まれに「郁郁堂/四傳」の刊記あり。書入れあり(書中據李本補者用緑鍾本用靛芥子園本用硃黎光堂本亦用靛映雪堂本亦用硃京本用胭脂)。,"線装,四針眼釘法",A00:6376,120回,(中国)明末清初,明後期,27.4×16.8,毎半葉10行、行22字,"神山閏次旧蔵, 東京大学総合図書館所蔵",48冊,"0008343386,0008343394,0008343402,0008343410,0008343428,0008343436,0008343444,0008343451,0008343469,0008343477,0008343485,0008343493,0008343501,0008343519,0008343527,0008343535,0008343543,0008343550,0008343568,0008343576,0008343584,0008343592,0008343600,0008343618,0008343626,0008343634,0008343642,0008343659,0008343667,0008343675,0008343683,0008343691,0008343709,0008343717,0008343725,0008343733,0008343741,0008343758,0008343766,0008343774,0008343782,0008343790,0008343808,0008343816,0008343824,0008343832,0008343840,0008343857","東京帝国大学図書印,山閏之印",印本,木版,忠義水滸全書一百二十回 Zhongyi Shuihu quanshu 120hui  忠義水滸全書一百二十回    忠义水浒全书一百二十回,"(巻首題)忠義水滸全書,(版心題)水滸全書,(目首題)忠義水滸全書,(引首首題)新鐫李氏臧本忠義水滸全書,(発凡首題)出像評點忠義水滸全書,(封面題)水滸四傳全書",1628-1735年,1567-1644,(内框)21.7×13.8cm,A006367,,,,,,,,,,,http://tify.sub.uni-goettingen.de/demo.html?manifest=https://archdataset.dl.itc.u-tokyo.ac.jp/manifest/159c239f-364d-99a4-6e83-b7e9ce994d47.json,159c239f-364d-99a4-6e83-b7e9ce994d47,https://iiif.dl.itc.u-tokyo.ac.jp/repo/s/asia/,https://iiif.dl.itc.u-tokyo.ac.jp/repo/s/asia/document/159c239f-364d-99a4-6e83-b7e9ce994d47,https://www.lib.u-tokyo.ac.jp/ja/library/contents/archives-top/reuse,https://iiif.dl.itc.u-tokyo.ac.jp/repo/files/medium/39b04bc07e9637f10478fb7f39c09deafa4060f4.jpg,https://iiif.dl.itc.u-tokyo.ac.jp/repo/api/items/1368498,"東京大学附属図書館アジア研究図書館上廣倫理財団寄付研究部門 / Uehiro Project for the Asian Research Library in the University of Tokyo, JAPAN",http://iiif.io/api/presentation/2#rightToLeftDirection,,水滸伝コレクション,,https://iiif.dl.itc.u-tokyo.ac.jp/repo/iiif/159c239f-364d-99a4-6e83-b7e9ce994d47/manifest,,,,,52
忠義水滸全書 一百二十回首一巻圖一巻坿宣和遺事一巻[A006376-47],,,,,,,,中国語,,,,,,中国明末清初に刊刻された『水滸伝』,漢籍,首冊に図60葉あり。拠明末郁郁堂刊本後修本。版心下部に版木削除あり。まれに「郁郁堂/四傳」の刊記あり。書入れあり(書中據李本補者用緑鍾本用靛芥子園本用硃黎光堂本亦用靛映雪堂本亦用硃京本用胭脂)。,"線装,四針眼釘法",A00:6376,120回,(中国)明末清初,明後期,27.4×16.8,毎半葉10行、行22字,"神山閏次旧蔵, 東京大学総合図書館所蔵",48冊,"0008343386,0008343394,0008343402,0008343410,0008343428,0008343436,0008343444,0008343451,0008343469,0008343477,0008343485,0008343493,0008343501,0008343519,0008343527,0008343535,0008343543,0008343550,0008343568,0008343576,0008343584,0008343592,0008343600,0008343618,0008343626,0008343634,0008343642,0008343659,0008343667,0008343675,0008343683,0008343691,0008343709,0008343717,0008343725,0008343733,0008343741,0008343758,0008343766,0008343774,0008343782,0008343790,0008343808,0008343816,0008343824,0008343832,0008343840,0008343857","東京帝国大学図書印,山閏之印",印本,木版,忠義水滸全書一百二十回 Zhongyi Shuihu quanshu 120hui  忠義水滸全書一百二十回    忠义水浒全书一百二十回,"(巻首題)忠義水滸全書,(版心題)水滸全書,(目首題)忠義水滸全書,(引首首題)新鐫李氏臧本忠義水滸全書,(発凡首題)出像評點忠義水滸全書,(封面題)水滸四傳全書",1628-1735年,1567-1644,(内框)21.7×13.8cm,A006367,,,,,,,,,,,http://tify.sub.uni-goettingen.de/demo.html?manifest=https://archdataset.dl.itc.u-tokyo.ac.jp/manifest/51df752f-7492-3501-3bcc-42e80637829f.json,51df752f-7492-3501-3bcc-42e80637829f,https://iiif.dl.itc.u-tokyo.ac.jp/repo/s/asia/,https://iiif.dl.itc.u-tokyo.ac.jp/repo/s/asia/document/51df752f-7492-3501-3bcc-42e80637829f,https://www.lib.u-tokyo.ac.jp/ja/library/contents/archives-top/reuse,https://iiif.dl.itc.u-tokyo.ac.jp/repo/files/medium/f82bed9ea9c01f2358d51865b9c6c9f4000217d7.jpg,https://iiif.dl.itc.u-tokyo.ac.jp/repo/api/items/1368500,"東京大学附属図書館アジア研究図書館上廣倫理財団寄付研究部門 / Uehiro Project for the Asian Research Library in the University of Tokyo, JAPAN",http://iiif.io/api/presentation/2#rightToLeftDirection,,水滸伝コレクション,,https://iiif.dl.itc.u-tokyo.ac.jp/repo/iiif/51df752f-7492-3501-3bcc-42e80637829f/manifest,,,,,40
忠義水滸全傳 120囘 [L_D_6_2-00],,,,,,,,中国語,,,,,,中国明代末に刊刻された『水滸伝』。,漢籍,首冊は忠義水滸全書を底本とする鋪鈔、第二冊は一百回容与堂刻本後修本および李氏焚書にもとづく補鈔、第三冊は一百回和刻本による補配。朱墨の書き入れあり。版心に虫損あり。第一帙、第二帙、第三帙内側に「醉竹軒」による筆記、第四帙内側に神山閏次「水滸傳諸本」の中国語訳文貼付さる。,"線装,四針眼釘法",漢籍D:6:2,120回,(中国)明末,明後期,25.7×16.6,毎半葉10行、行22字,"神山閏次旧蔵, 東京大学文学部中国思想文化学研究室所蔵(漢籍コーナー配架)",32冊,"4803130501,4803130519,4803130527,4803130535,4803130543,4803130550,4803130568,4803130576,4803130584,4803130592,4803130600,4803130618,4803130626,4803130634,4803130642,4803130659,4803130667,4803130675,4803130683,4803130691,4803130709,4803130717,4803130725,4803130733,4803130741,4803130758,4803130766,4803130774,4803130782,4803130790,4803130808,4803130816","東京帝国大学図書印,山閏之印",印本,木版,忠義水滸全傳一百二十回 Zhongyi Shuihu quanzhuan 120hui  忠義水滸全伝一百二十回    忠义水浒全書一百二十回,"(巻首題)忠義水滸全傳,(版心題)水滸全傳,(目首題)忠義水滸全書,(引首首題)李卓吾先生批點忠義水滸全傳,(発凡首題)出像評點忠義水滸全書,(封面題)水滸四傳全書",1628-1644年,1567-1644,"(内框)20.1×13.9cm,",,,,,,,,,,,,http://tify.sub.uni-goettingen.de/demo.html?manifest=https://archdataset.dl.itc.u-tokyo.ac.jp/manifest/146bedd5-9058-531e-4235-c056644169c5.json,146bedd5-9058-531e-4235-c056644169c5,https://iiif.dl.itc.u-tokyo.ac.jp/repo/s/asia/,https://iiif.dl.itc.u-tokyo.ac.jp/repo/s/asia/document/146bedd5-9058-531e-4235-c056644169c5,https://www.lib.u-tokyo.ac.jp/ja/library/contents/archives-top/reuse,https://iiif.dl.itc.u-tokyo.ac.jp/repo/files/medium/d3c4740390ecb6e210eb24ff7b15370bfdfde385.jpg,https://iiif.dl.itc.u-tokyo.ac.jp/repo/api/items/1370788,"東京大学附属図書館アジア研究図書館上廣倫理財団寄付研究部門 / Uehiro Project for the Asian Research Library in the University of Tokyo, JAPAN",http://iiif.io/api/presentation/2#rightToLeftDirection,,水滸伝コレクション,,https://iiif.dl.itc.u-tokyo.ac.jp/repo/iiif/146bedd5-9058-531e-4235-c056644169c5/manifest,,,,,40
忠義水滸全傳 120囘 [L_D_6_2-02],,,,,,,,中国語,,,,,,中国明代末に刊刻された『水滸伝』。,漢籍,首冊は忠義水滸全書を底本とする鋪鈔、第二冊は一百回容与堂刻本後修本および李氏焚書にもとづく補鈔、第三冊は一百回和刻本による補配。朱墨の書き入れあり。版心に虫損あり。第一帙、第二帙、第三帙内側に「醉竹軒」による筆記、第四帙内側に神山閏次「水滸傳諸本」の中国語訳文貼付さる。,"線装,四針眼釘法",漢籍D:6:2,120回,(中国)明末,明後期,25.7×16.6,毎半葉10行、行22字,"神山閏次旧蔵, 東京大学文学部中国思想文化学研究室所蔵(漢籍コーナー配架)",32冊,"4803130501,4803130519,4803130527,4803130535,4803130543,4803130550,4803130568,4803130576,4803130584,4803130592,4803130600,4803130618,4803130626,4803130634,4803130642,4803130659,4803130667,4803130675,4803130683,4803130691,4803130709,4803130717,4803130725,4803130733,4803130741,4803130758,4803130766,4803130774,4803130782,4803130790,4803130808,4803130816","東京帝国大学図書印,山閏之印",印本,木版,忠義水滸全傳一百二十回 Zhongyi Shuihu quanzhuan 120hui  忠義水滸全伝一百二十回    忠义水浒全書一百二十回,"(巻首題)忠義水滸全傳,(版心題)水滸全傳,(目首題)忠義水滸全書,(引首首題)李卓吾先生批點忠義水滸全傳,(発凡首題)出像評點忠義水滸全書,(封面題)水滸四傳全書",1628-1644年,1567-1644,"(内框)20.1×13.9cm,",,,,,,,,,,,,http://tify.sub.uni-goettingen.de/demo.html?manifest=https://archdataset.dl.itc.u-tokyo.ac.jp/manifest/53796fe3-51dc-1929-00cb-eae2ee180543.json,53796fe3-51dc-1929-00cb-eae2ee180543,https://iiif.dl.itc.u-tokyo.ac.jp/repo/s/asia/,https://iiif.dl.itc.u-tokyo.ac.jp/repo/s/asia/document/53796fe3-51dc-1929-00cb-eae2ee180543,https://www.lib.u-tokyo.ac.jp/ja/library/contents/archives-top/reuse,https://iiif.dl.itc.u-tokyo.ac.jp/repo/files/medium/18d5973dd99c772ed557c795c3d62d979bb87dc8.jpg,https://iiif.dl.itc.u-tokyo.ac.jp/repo/api/items/1370790,"東京大学附属図書館アジア研究図書館上廣倫理財団寄付研究部門 / Uehiro Project for the Asian Research Library in the University of Tokyo, JAPAN",http://iiif.io/api/presentation/2#rightToLeftDirection,,水滸伝コレクション,,https://iiif.dl.itc.u-tokyo.ac.jp/repo/iiif/53796fe3-51dc-1929-00cb-eae2ee180543/manifest,,,,,40
忠義水滸全傳 120囘 [L_D_6_2-04],,,,,,,,中国語,,,,,,中国明代末に刊刻された『水滸伝』。,漢籍,首冊は忠義水滸全書を底本とする鋪鈔、第二冊は一百回容与堂刻本後修本および李氏焚書にもとづく補鈔、第三冊は一百回和刻本による補配。朱墨の書き入れあり。版心に虫損あり。第一帙、第二帙、第三帙内側に「醉竹軒」による筆記、第四帙内側に神山閏次「水滸傳諸本」の中国語訳文貼付さる。,"線装,四針眼釘法",漢籍D:6:2,120回,(中国)明末,明後期,25.7×16.6,毎半葉10行、行22字,"神山閏次旧蔵, 東京大学文学部中国思想文化学研究室所蔵(漢籍コーナー配架)",32冊,"4803130501,4803130519,4803130527,4803130535,4803130543,4803130550,4803130568,4803130576,4803130584,4803130592,4803130600,4803130618,4803130626,4803130634,4803130642,4803130659,4803130667,4803130675,4803130683,4803130691,4803130709,4803130717,4803130725,4803130733,4803130741,4803130758,4803130766,4803130774,4803130782,4803130790,4803130808,4803130816","東京帝国大学図書印,山閏之印",印本,木版,忠義水滸全傳一百二十回 Zhongyi Shuihu quanzhuan 120hui  忠義水滸全伝一百二十回    忠义水浒全書一百二十回,"(巻首題)忠義水滸全傳,(版心題)水滸全傳,(目首題)忠義水滸全書,(引首首題)李卓吾先生批點忠義水滸全傳,(発凡首題)出像評點忠義水滸全書,(封面題)水滸四傳全書",1628-1644年,1567-1644,"(内框)20.1×13.9cm,",,,,,,,,,,,,http://tify.sub.uni-goettingen.de/demo.html?manifest=https://archdataset.dl.itc.u-tokyo.ac.jp/manifest/7f802232-8796-73ef-a05c-55a6d07ca6f8.json,7f802232-8796-73ef-a05c-55a6d07ca6f8,https://iiif.dl.itc.u-tokyo.ac.jp/repo/s/asia/,https://iiif.dl.itc.u-tokyo.ac.jp/repo/s/asia/document/7f802232-8796-73ef-a05c-55a6d07ca6f8,https://www.lib.u-tokyo.ac.jp/ja/library/contents/archives-top/reuse,https://iiif.dl.itc.u-tokyo.ac.jp/repo/files/medium/4468b70158f8ab1fcc3010ba43875f626197ca34.jpg,https://iiif.dl.itc.u-tokyo.ac.jp/repo/api/items/1370792,"東京大学附属図書館アジア研究図書館上廣倫理財団寄付研究部門 / Uehiro Project for the Asian Research Library in the University of Tokyo, JAPAN",http://iiif.io/api/presentation/2#rightToLeftDirection,,水滸伝コレクション,,https://iiif.dl.itc.u-tokyo.ac.jp/repo/iiif/7f802232-8796-73ef-a05c-55a6d07ca6f8/manifest,,,,,60
忠義水滸全傳 120囘 [L_D_6_2-06],,,,,,,,中国語,,,,,,中国明代末に刊刻された『水滸伝』。,漢籍,首冊は忠義水滸全書を底本とする鋪鈔、第二冊は一百回容与堂刻本後修本および李氏焚書にもとづく補鈔、第三冊は一百回和刻本による補配。朱墨の書き入れあり。版心に虫損あり。第一帙、第二帙、第三帙内側に「醉竹軒」による筆記、第四帙内側に神山閏次「水滸傳諸本」の中国語訳文貼付さる。,"線装,四針眼釘法",漢籍D:6:2,120回,(中国)明末,明後期,25.7×16.6,毎半葉10行、行22字,"神山閏次旧蔵, 東京大学文学部中国思想文化学研究室所蔵(漢籍コーナー配架)",32冊,"4803130501,4803130519,4803130527,4803130535,4803130543,4803130550,4803130568,4803130576,4803130584,4803130592,4803130600,4803130618,4803130626,4803130634,4803130642,4803130659,4803130667,4803130675,4803130683,4803130691,4803130709,4803130717,4803130725,4803130733,4803130741,4803130758,4803130766,4803130774,4803130782,4803130790,4803130808,4803130816","東京帝国大学図書印,山閏之印",印本,木版,忠義水滸全傳一百二十回 Zhongyi Shuihu quanzhuan 120hui  忠義水滸全伝一百二十回    忠义水浒全書一百二十回,"(巻首題)忠義水滸全傳,(版心題)水滸全傳,(目首題)忠義水滸全書,(引首首題)李卓吾先生批點忠義水滸全傳,(発凡首題)出像評點忠義水滸全書,(封面題)水滸四傳全書",1628-1644年,1567-1644,"(内框)20.1×13.9cm,",,,,,,,,,,,,http://tify.sub.uni-goettingen.de/demo.html?manifest=https://archdataset.dl.itc.u-tokyo.ac.jp/manifest/dcce7652-469f-3cae-6d1c-f997e6cd5963.json,dcce7652-469f-3cae-6d1c-f997e6cd5963,https://iiif.dl.itc.u-tokyo.ac.jp/repo/s/asia/,https://iiif.dl.itc.u-tokyo.ac.jp/repo/s/asia/document/dcce7652-469f-3cae-6d1c-f997e6cd5963,https://www.lib.u-tokyo.ac.jp/ja/library/contents/archives-top/reuse,https://iiif.dl.itc.u-tokyo.ac.jp/repo/files/medium/93cf0334b9ee1b0cb8934e17f51ee6ba0a48d586.jpg,https://iiif.dl.itc.u-tokyo.ac.jp/repo/api/items/1370794,"東京大学附属図書館アジア研究図書館上廣倫理財団寄付研究部門 / Uehiro Project for the Asian Research Library in the University of Tokyo, JAPAN",http://iiif.io/api/presentation/2#rightToLeftDirection,,水滸伝コレクション,,https://iiif.dl.itc.u-tokyo.ac.jp/repo/iiif/dcce7652-469f-3cae-6d1c-f997e6cd5963/manifest,,,,,60
忠義水滸全傳 120囘 [L_D_6_2-08],,,,,,,,中国語,,,,,,中国明代末に刊刻された『水滸伝』。,漢籍,首冊は忠義水滸全書を底本とする鋪鈔、第二冊は一百回容与堂刻本後修本および李氏焚書にもとづく補鈔、第三冊は一百回和刻本による補配。朱墨の書き入れあり。版心に虫損あり。第一帙、第二帙、第三帙内側に「醉竹軒」による筆記、第四帙内側に神山閏次「水滸傳諸本」の中国語訳文貼付さる。,"線装,四針眼釘法",漢籍D:6:2,120回,(中国)明末,明後期,25.7×16.6,毎半葉10行、行22字,"神山閏次旧蔵, 東京大学文学部中国思想文化学研究室所蔵(漢籍コーナー配架)",32冊,"4803130501,4803130519,4803130527,4803130535,4803130543,4803130550,4803130568,4803130576,4803130584,4803130592,4803130600,4803130618,4803130626,4803130634,4803130642,4803130659,4803130667,4803130675,4803130683,4803130691,4803130709,4803130717,4803130725,4803130733,4803130741,4803130758,4803130766,4803130774,4803130782,4803130790,4803130808,4803130816","東京帝国大学図書印,山閏之印",印本,木版,忠義水滸全傳一百二十回 Zhongyi Shuihu quanzhuan 120hui  忠義水滸全伝一百二十回    忠义水浒全書一百二十回,"(巻首題)忠義水滸全傳,(版心題)水滸全傳,(目首題)忠義水滸全書,(引首首題)李卓吾先生批點忠義水滸全傳,(発凡首題)出像評點忠義水滸全書,(封面題)水滸四傳全書",1628-1644年,1567-1644,"(内框)20.1×13.9cm,",,,,,,,,,,,,http://tify.sub.uni-goettingen.de/demo.html?manifest=https://archdataset.dl.itc.u-tokyo.ac.jp/manifest/f251ff41-7978-79f0-11a8-9ebf862d4afc.json,f251ff41-7978-79f0-11a8-9ebf862d4afc,https://iiif.dl.itc.u-tokyo.ac.jp/repo/s/asia/,https://iiif.dl.itc.u-tokyo.ac.jp/repo/s/asia/document/f251ff41-7978-79f0-11a8-9ebf862d4afc,https://www.lib.u-tokyo.ac.jp/ja/library/contents/archives-top/reuse,https://iiif.dl.itc.u-tokyo.ac.jp/repo/files/medium/64fbf89640ba184ccce85e1a3958c1b91c9668e9.jpg,https://iiif.dl.itc.u-tokyo.ac.jp/repo/api/items/1370796,"東京大学附属図書館アジア研究図書館上廣倫理財団寄付研究部門 / Uehiro Project for the Asian Research Library in the University of Tokyo, JAPAN",http://iiif.io/api/presentation/2#rightToLeftDirection,,水滸伝コレクション,,https://iiif.dl.itc.u-tokyo.ac.jp/repo/iiif/f251ff41-7978-79f0-11a8-9ebf862d4afc/manifest,,,,,67
忠義水滸全傳 120囘 [L_D_6_2-10],,,,,,,,中国語,,,,,,中国明代末に刊刻された『水滸伝』。,漢籍,首冊は忠義水滸全書を底本とする鋪鈔、第二冊は一百回容与堂刻本後修本および李氏焚書にもとづく補鈔、第三冊は一百回和刻本による補配。朱墨の書き入れあり。版心に虫損あり。第一帙、第二帙、第三帙内側に「醉竹軒」による筆記、第四帙内側に神山閏次「水滸傳諸本」の中国語訳文貼付さる。,"線装,四針眼釘法",漢籍D:6:2,120回,(中国)明末,明後期,25.7×16.6,毎半葉10行、行22字,"神山閏次旧蔵, 東京大学文学部中国思想文化学研究室所蔵(漢籍コーナー配架)",32冊,"4803130501,4803130519,4803130527,4803130535,4803130543,4803130550,4803130568,4803130576,4803130584,4803130592,4803130600,4803130618,4803130626,4803130634,4803130642,4803130659,4803130667,4803130675,4803130683,4803130691,4803130709,4803130717,4803130725,4803130733,4803130741,4803130758,4803130766,4803130774,4803130782,4803130790,4803130808,4803130816","東京帝国大学図書印,山閏之印",印本,木版,忠義水滸全傳一百二十回 Zhongyi Shuihu quanzhuan 120hui  忠義水滸全伝一百二十回    忠义水浒全書一百二十回,"(巻首題)忠義水滸全傳,(版心題)水滸全傳,(目首題)忠義水滸全書,(引首首題)李卓吾先生批點忠義水滸全傳,(発凡首題)出像評點忠義水滸全書,(封面題)水滸四傳全書",1628-1644年,1567-1644,"(内框)20.1×13.9cm,",,,,,,,,,,,,http://tify.sub.uni-goettingen.de/demo.html?manifest=https://archdataset.dl.itc.u-tokyo.ac.jp/manifest/5ceaf0d2-95cd-5888-1d9d-aa780c1f6cbc.json,5ceaf0d2-95cd-5888-1d9d-aa780c1f6cbc,https://iiif.dl.itc.u-tokyo.ac.jp/repo/s/asia/,https://iiif.dl.itc.u-tokyo.ac.jp/repo/s/asia/document/5ceaf0d2-95cd-5888-1d9d-aa780c1f6cbc,https://www.lib.u-tokyo.ac.jp/ja/library/contents/archives-top/reuse,https://iiif.dl.itc.u-tokyo.ac.jp/repo/files/medium/f1bccd1a39cdbe575f410cbf7695841e0af64f3d.jpg,https://iiif.dl.itc.u-tokyo.ac.jp/repo/api/items/1370798,"東京大学附属図書館アジア研究図書館上廣倫理財団寄付研究部門 / Uehiro Project for the Asian Research Library in the University of Tokyo, JAPAN",http://iiif.io/api/presentation/2#rightToLeftDirection,,水滸伝コレクション,,https://iiif.dl.itc.u-tokyo.ac.jp/repo/iiif/5ceaf0d2-95cd-5888-1d9d-aa780c1f6cbc/manifest,,,,,70
忠義水滸全傳 120囘 [L_D_6_2-12],,,,,,,,中国語,,,,,,中国明代末に刊刻された『水滸伝』。,漢籍,首冊は忠義水滸全書を底本とする鋪鈔、第二冊は一百回容与堂刻本後修本および李氏焚書にもとづく補鈔、第三冊は一百回和刻本による補配。朱墨の書き入れあり。版心に虫損あり。第一帙、第二帙、第三帙内側に「醉竹軒」による筆記、第四帙内側に神山閏次「水滸傳諸本」の中国語訳文貼付さる。,"線装,四針眼釘法",漢籍D:6:2,120回,(中国)明末,明後期,25.7×16.6,毎半葉10行、行22字,"神山閏次旧蔵, 東京大学文学部中国思想文化学研究室所蔵(漢籍コーナー配架)",32冊,"4803130501,4803130519,4803130527,4803130535,4803130543,4803130550,4803130568,4803130576,4803130584,4803130592,4803130600,4803130618,4803130626,4803130634,4803130642,4803130659,4803130667,4803130675,4803130683,4803130691,4803130709,4803130717,4803130725,4803130733,4803130741,4803130758,4803130766,4803130774,4803130782,4803130790,4803130808,4803130816","東京帝国大学図書印,山閏之印",印本,木版,忠義水滸全傳一百二十回 Zhongyi Shuihu quanzhuan 120hui  忠義水滸全伝一百二十回    忠义水浒全書一百二十回,"(巻首題)忠義水滸全傳,(版心題)水滸全傳,(目首題)忠義水滸全書,(引首首題)李卓吾先生批點忠義水滸全傳,(発凡首題)出像評點忠義水滸全書,(封面題)水滸四傳全書",1628-1644年,1567-1644,"(内框)20.1×13.9cm,",,,,,,,,,,,,http://tify.sub.uni-goettingen.de/demo.html?manifest=https://archdataset.dl.itc.u-tokyo.ac.jp/manifest/919bbe84-345e-1dd9-034e-fa445c223777.json,919bbe84-345e-1dd9-034e-fa445c223777,https://iiif.dl.itc.u-tokyo.ac.jp/repo/s/asia/,https://iiif.dl.itc.u-tokyo.ac.jp/repo/s/asia/document/919bbe84-345e-1dd9-034e-fa445c223777,https://www.lib.u-tokyo.ac.jp/ja/library/contents/archives-top/reuse,https://iiif.dl.itc.u-tokyo.ac.jp/repo/files/medium/76b9e7988ee7d33bf149dadfcd2bf7ef3697ee01.jpg,https://iiif.dl.itc.u-tokyo.ac.jp/repo/api/items/1370800,"東京大学附属図書館アジア研究図書館上廣倫理財団寄付研究部門 / Uehiro Project for the Asian Research Library in the University of Tokyo, JAPAN",http://iiif.io/api/presentation/2#rightToLeftDirection,,水滸伝コレクション,,https://iiif.dl.itc.u-tokyo.ac.jp/repo/iiif/919bbe84-345e-1dd9-034e-fa445c223777/manifest,,,,,53
忠義水滸全傳 120囘 [L_D_6_2-14],,,,,,,,中国語,,,,,,中国明代末に刊刻された『水滸伝』。,漢籍,首冊は忠義水滸全書を底本とする鋪鈔、第二冊は一百回容与堂刻本後修本および李氏焚書にもとづく補鈔、第三冊は一百回和刻本による補配。朱墨の書き入れあり。版心に虫損あり。第一帙、第二帙、第三帙内側に「醉竹軒」による筆記、第四帙内側に神山閏次「水滸傳諸本」の中国語訳文貼付さる。,"線装,四針眼釘法",漢籍D:6:2,120回,(中国)明末,明後期,25.7×16.6,毎半葉10行、行22字,"神山閏次旧蔵, 東京大学文学部中国思想文化学研究室所蔵(漢籍コーナー配架)",32冊,"4803130501,4803130519,4803130527,4803130535,4803130543,4803130550,4803130568,4803130576,4803130584,4803130592,4803130600,4803130618,4803130626,4803130634,4803130642,4803130659,4803130667,4803130675,4803130683,4803130691,4803130709,4803130717,4803130725,4803130733,4803130741,4803130758,4803130766,4803130774,4803130782,4803130790,4803130808,4803130816","東京帝国大学図書印,山閏之印",印本,木版,忠義水滸全傳一百二十回 Zhongyi Shuihu quanzhuan 120hui  忠義水滸全伝一百二十回    忠义水浒全書一百二十回,"(巻首題)忠義水滸全傳,(版心題)水滸全傳,(目首題)忠義水滸全書,(引首首題)李卓吾先生批點忠義水滸全傳,(発凡首題)出像評點忠義水滸全書,(封面題)水滸四傳全書",1628-1644年,1567-1644,"(内框)20.1×13.9cm,",,,,,,,,,,,,http://tify.sub.uni-goettingen.de/demo.html?manifest=https://archdataset.dl.itc.u-tokyo.ac.jp/manifest/4028c36c-36d0-697b-6317-947a46378d8c.json,4028c36c-36d0-697b-6317-947a46378d8c,https://iiif.dl.itc.u-tokyo.ac.jp/repo/s/asia/,https://iiif.dl.itc.u-tokyo.ac.jp/repo/s/asia/document/4028c36c-36d0-697b-6317-947a46378d8c,https://www.lib.u-tokyo.ac.jp/ja/library/contents/archives-top/reuse,https://iiif.dl.itc.u-tokyo.ac.jp/repo/files/medium/3e739762900e031f560bb386d2f35156c8dd2350.jpg,https://iiif.dl.itc.u-tokyo.ac.jp/repo/api/items/1370802,"東京大学附属図書館アジア研究図書館上廣倫理財団寄付研究部門 / Uehiro Project for the Asian Research Library in the University of Tokyo, JAPAN",http://iiif.io/api/presentation/2#rightToLeftDirection,,水滸伝コレクション,,https://iiif.dl.itc.u-tokyo.ac.jp/repo/iiif/4028c36c-36d0-697b-6317-947a46378d8c/manifest,,,,,78
忠義水滸全傳 120囘 [L_D_6_2-16],,,,,,,,中国語,,,,,,中国明代末に刊刻された『水滸伝』。,漢籍,首冊は忠義水滸全書を底本とする鋪鈔、第二冊は一百回容与堂刻本後修本および李氏焚書にもとづく補鈔、第三冊は一百回和刻本による補配。朱墨の書き入れあり。版心に虫損あり。第一帙、第二帙、第三帙内側に「醉竹軒」による筆記、第四帙内側に神山閏次「水滸傳諸本」の中国語訳文貼付さる。,"線装,四針眼釘法",漢籍D:6:2,120回,(中国)明末,明後期,25.7×16.6,毎半葉10行、行22字,"神山閏次旧蔵, 東京大学文学部中国思想文化学研究室所蔵(漢籍コーナー配架)",32冊,"4803130501,4803130519,4803130527,4803130535,4803130543,4803130550,4803130568,4803130576,4803130584,4803130592,4803130600,4803130618,4803130626,4803130634,4803130642,4803130659,4803130667,4803130675,4803130683,4803130691,4803130709,4803130717,4803130725,4803130733,4803130741,4803130758,4803130766,4803130774,4803130782,4803130790,4803130808,4803130816","東京帝国大学図書印,山閏之印",印本,木版,忠義水滸全傳一百二十回 Zhongyi Shuihu quanzhuan 120hui  忠義水滸全伝一百二十回    忠义水浒全書一百二十回,"(巻首題)忠義水滸全傳,(版心題)水滸全傳,(目首題)忠義水滸全書,(引首首題)李卓吾先生批點忠義水滸全傳,(発凡首題)出像評點忠義水滸全書,(封面題)水滸四傳全書",1628-1644年,1567-1644,"(内框)20.1×13.9cm,",,,,,,,,,,,,http://tify.sub.uni-goettingen.de/demo.html?manifest=https://archdataset.dl.itc.u-tokyo.ac.jp/manifest/de616970-993b-3650-7bb4-7a1f71e64c43.json,de616970-993b-3650-7bb4-7a1f71e64c43,https://iiif.dl.itc.u-tokyo.ac.jp/repo/s/asia/,https://iiif.dl.itc.u-tokyo.ac.jp/repo/s/asia/document/de616970-993b-3650-7bb4-7a1f71e64c43,https://www.lib.u-tokyo.ac.jp/ja/library/contents/archives-top/reuse,https://iiif.dl.itc.u-tokyo.ac.jp/repo/files/medium/1d1d6c32ed4afce8bc890d850a17b2e5a1bbab28.jpg,https://iiif.dl.itc.u-tokyo.ac.jp/repo/api/items/1370804,"東京大学附属図書館アジア研究図書館上廣倫理財団寄付研究部門 / Uehiro Project for the Asian Research Library in the University of Tokyo, JAPAN",http://iiif.io/api/presentation/2#rightToLeftDirection,,水滸伝コレクション,,https://iiif.dl.itc.u-tokyo.ac.jp/repo/iiif/de616970-993b-3650-7bb4-7a1f71e64c43/manifest,,,,,51
忠義水滸全傳 120囘 [L_D_6_2-18],,,,,,,,中国語,,,,,,中国明代末に刊刻された『水滸伝』。,漢籍,首冊は忠義水滸全書を底本とする鋪鈔、第二冊は一百回容与堂刻本後修本および李氏焚書にもとづく補鈔、第三冊は一百回和刻本による補配。朱墨の書き入れあり。版心に虫損あり。第一帙、第二帙、第三帙内側に「醉竹軒」による筆記、第四帙内側に神山閏次「水滸傳諸本」の中国語訳文貼付さる。,"線装,四針眼釘法",漢籍D:6:2,120回,(中国)明末,明後期,25.7×16.6,毎半葉10行、行22字,"神山閏次旧蔵, 東京大学文学部中国思想文化学研究室所蔵(漢籍コーナー配架)",32冊,"4803130501,4803130519,4803130527,4803130535,4803130543,4803130550,4803130568,4803130576,4803130584,4803130592,4803130600,4803130618,4803130626,4803130634,4803130642,4803130659,4803130667,4803130675,4803130683,4803130691,4803130709,4803130717,4803130725,4803130733,4803130741,4803130758,4803130766,4803130774,4803130782,4803130790,4803130808,4803130816","東京帝国大学図書印,山閏之印",印本,木版,忠義水滸全傳一百二十回 Zhongyi Shuihu quanzhuan 120hui  忠義水滸全伝一百二十回    忠义水浒全書一百二十回,"(巻首題)忠義水滸全傳,(版心題)水滸全傳,(目首題)忠義水滸全書,(引首首題)李卓吾先生批點忠義水滸全傳,(発凡首題)出像評點忠義水滸全書,(封面題)水滸四傳全書",1628-1644年,1567-1644,"(内框)20.1×13.9cm,",,,,,,,,,,,,http://tify.sub.uni-goettingen.de/demo.html?manifest=https://archdataset.dl.itc.u-tokyo.ac.jp/manifest/016ac57c-975d-698e-5b31-d3e64b905adc.json,016ac57c-975d-698e-5b31-d3e64b905adc,https://iiif.dl.itc.u-tokyo.ac.jp/repo/s/asia/,https://iiif.dl.itc.u-tokyo.ac.jp/repo/s/asia/document/016ac57c-975d-698e-5b31-d3e64b905adc,https://www.lib.u-tokyo.ac.jp/ja/library/contents/archives-top/reuse,https://iiif.dl.itc.u-tokyo.ac.jp/repo/files/medium/59478ff34adaaf3fcedf89a4d521ec5d6b837f7b.jpg,https://iiif.dl.itc.u-tokyo.ac.jp/repo/api/items/1370806,"東京大学附属図書館アジア研究図書館上廣倫理財団寄付研究部門 / Uehiro Project for the Asian Research Library in the University of Tokyo, JAPAN",http://iiif.io/api/presentation/2#rightToLeftDirection,,水滸伝コレクション,,https://iiif.dl.itc.u-tokyo.ac.jp/repo/iiif/016ac57c-975d-698e-5b31-d3e64b905adc/manifest,,,,,64
忠義水滸全傳 120囘 [L_D_6_2-20],,,,,,,,中国語,,,,,,中国明代末に刊刻された『水滸伝』。,漢籍,首冊は忠義水滸全書を底本とする鋪鈔、第二冊は一百回容与堂刻本後修本および李氏焚書にもとづく補鈔、第三冊は一百回和刻本による補配。朱墨の書き入れあり。版心に虫損あり。第一帙、第二帙、第三帙内側に「醉竹軒」による筆記、第四帙内側に神山閏次「水滸傳諸本」の中国語訳文貼付さる。,"線装,四針眼釘法",漢籍D:6:2,120回,(中国)明末,明後期,25.7×16.6,毎半葉10行、行22字,"神山閏次旧蔵, 東京大学文学部中国思想文化学研究室所蔵(漢籍コーナー配架)",32冊,"4803130501,4803130519,4803130527,4803130535,4803130543,4803130550,4803130568,4803130576,4803130584,4803130592,4803130600,4803130618,4803130626,4803130634,4803130642,4803130659,4803130667,4803130675,4803130683,4803130691,4803130709,4803130717,4803130725,4803130733,4803130741,4803130758,4803130766,4803130774,4803130782,4803130790,4803130808,4803130816","東京帝国大学図書印,山閏之印",印本,木版,忠義水滸全傳一百二十回 Zhongyi Shuihu quanzhuan 120hui  忠義水滸全伝一百二十回    忠义水浒全書一百二十回,"(巻首題)忠義水滸全傳,(版心題)水滸全傳,(目首題)忠義水滸全書,(引首首題)李卓吾先生批點忠義水滸全傳,(発凡首題)出像評點忠義水滸全書,(封面題)水滸四傳全書",1628-1644年,1567-1644,"(内框)20.1×13.9cm,",,,,,,,,,,,,http://tify.sub.uni-goettingen.de/demo.html?manifest=https://archdataset.dl.itc.u-tokyo.ac.jp/manifest/936ec726-6564-4d28-180b-0074eafb432c.json,936ec726-6564-4d28-180b-0074eafb432c,https://iiif.dl.itc.u-tokyo.ac.jp/repo/s/asia/,https://iiif.dl.itc.u-tokyo.ac.jp/repo/s/asia/document/936ec726-6564-4d28-180b-0074eafb432c,https://www.lib.u-tokyo.ac.jp/ja/library/contents/archives-top/reuse,https://iiif.dl.itc.u-tokyo.ac.jp/repo/files/medium/0cada7ea062993c6e96196d86597ee640cc87b96.jpg,https://iiif.dl.itc.u-tokyo.ac.jp/repo/api/items/1370808,"東京大学附属図書館アジア研究図書館上廣倫理財団寄付研究部門 / Uehiro Project for the Asian Research Library in the University of Tokyo, JAPAN",http://iiif.io/api/presentation/2#rightToLeftDirection,,水滸伝コレクション,,https://iiif.dl.itc.u-tokyo.ac.jp/repo/iiif/936ec726-6564-4d28-180b-0074eafb432c/manifest,,,,,72
忠義水滸全傳 120囘 [L_D_6_2-22],,,,,,,,中国語,,,,,,中国明代末に刊刻された『水滸伝』。,漢籍,首冊は忠義水滸全書を底本とする鋪鈔、第二冊は一百回容与堂刻本後修本および李氏焚書にもとづく補鈔、第三冊は一百回和刻本による補配。朱墨の書き入れあり。版心に虫損あり。第一帙、第二帙、第三帙内側に「醉竹軒」による筆記、第四帙内側に神山閏次「水滸傳諸本」の中国語訳文貼付さる。,"線装,四針眼釘法",漢籍D:6:2,120回,(中国)明末,明後期,25.7×16.6,毎半葉10行、行22字,"神山閏次旧蔵, 東京大学文学部中国思想文化学研究室所蔵(漢籍コーナー配架)",32冊,"4803130501,4803130519,4803130527,4803130535,4803130543,4803130550,4803130568,4803130576,4803130584,4803130592,4803130600,4803130618,4803130626,4803130634,4803130642,4803130659,4803130667,4803130675,4803130683,4803130691,4803130709,4803130717,4803130725,4803130733,4803130741,4803130758,4803130766,4803130774,4803130782,4803130790,4803130808,4803130816","東京帝国大学図書印,山閏之印",印本,木版,忠義水滸全傳一百二十回 Zhongyi Shuihu quanzhuan 120hui  忠義水滸全伝一百二十回    忠义水浒全書一百二十回,"(巻首題)忠義水滸全傳,(版心題)水滸全傳,(目首題)忠義水滸全書,(引首首題)李卓吾先生批點忠義水滸全傳,(発凡首題)出像評點忠義水滸全書,(封面題)水滸四傳全書",1628-1644年,1567-1644,"(内框)20.1×13.9cm,",,,,,,,,,,,,http://tify.sub.uni-goettingen.de/demo.html?manifest=https://archdataset.dl.itc.u-tokyo.ac.jp/manifest/bb9d40f2-8b5f-9d06-02e4-b0d431601232.json,bb9d40f2-8b5f-9d06-02e4-b0d431601232,https://iiif.dl.itc.u-tokyo.ac.jp/repo/s/asia/,https://iiif.dl.itc.u-tokyo.ac.jp/repo/s/asia/document/bb9d40f2-8b5f-9d06-02e4-b0d431601232,https://www.lib.u-tokyo.ac.jp/ja/library/contents/archives-top/reuse,https://iiif.dl.itc.u-tokyo.ac.jp/repo/files/medium/d6cbe0902460a1683ae403ec8e40080926e24265.jpg,https://iiif.dl.itc.u-tokyo.ac.jp/repo/api/items/1370810,"東京大学附属図書館アジア研究図書館上廣倫理財団寄付研究部門 / Uehiro Project for the Asian Research Library in the University of Tokyo, JAPAN",http://iiif.io/api/presentation/2#rightToLeftDirection,,水滸伝コレクション,,https://iiif.dl.itc.u-tokyo.ac.jp/repo/iiif/bb9d40f2-8b5f-9d06-02e4-b0d431601232/manifest,,,,,75
忠義水滸全傳 120囘 [L_D_6_2-24],,,,,,,,中国語,,,,,,中国明代末に刊刻された『水滸伝』。,漢籍,首冊は忠義水滸全書を底本とする鋪鈔、第二冊は一百回容与堂刻本後修本および李氏焚書にもとづく補鈔、第三冊は一百回和刻本による補配。朱墨の書き入れあり。版心に虫損あり。第一帙、第二帙、第三帙内側に「醉竹軒」による筆記、第四帙内側に神山閏次「水滸傳諸本」の中国語訳文貼付さる。,"線装,四針眼釘法",漢籍D:6:2,120回,(中国)明末,明後期,25.7×16.6,毎半葉10行、行22字,"神山閏次旧蔵, 東京大学文学部中国思想文化学研究室所蔵(漢籍コーナー配架)",32冊,"4803130501,4803130519,4803130527,4803130535,4803130543,4803130550,4803130568,4803130576,4803130584,4803130592,4803130600,4803130618,4803130626,4803130634,4803130642,4803130659,4803130667,4803130675,4803130683,4803130691,4803130709,4803130717,4803130725,4803130733,4803130741,4803130758,4803130766,4803130774,4803130782,4803130790,4803130808,4803130816","東京帝国大学図書印,山閏之印",印本,木版,忠義水滸全傳一百二十回 Zhongyi Shuihu quanzhuan 120hui  忠義水滸全伝一百二十回    忠义水浒全書一百二十回,"(巻首題)忠義水滸全傳,(版心題)水滸全傳,(目首題)忠義水滸全書,(引首首題)李卓吾先生批點忠義水滸全傳,(発凡首題)出像評點忠義水滸全書,(封面題)水滸四傳全書",1628-1644年,1567-1644,"(内框)20.1×13.9cm,",,,,,,,,,,,,http://tify.sub.uni-goettingen.de/demo.html?manifest=https://archdataset.dl.itc.u-tokyo.ac.jp/manifest/42fdb11d-8f21-734d-a5dd-66f915f986a3.json,42fdb11d-8f21-734d-a5dd-66f915f986a3,https://iiif.dl.itc.u-tokyo.ac.jp/repo/s/asia/,https://iiif.dl.itc.u-tokyo.ac.jp/repo/s/asia/document/42fdb11d-8f21-734d-a5dd-66f915f986a3,https://www.lib.u-tokyo.ac.jp/ja/library/contents/archives-top/reuse,https://iiif.dl.itc.u-tokyo.ac.jp/repo/files/medium/0374d44baedb81dbd8568031e74fc0fefdc99da9.jpg,https://iiif.dl.itc.u-tokyo.ac.jp/repo/api/items/1370812,"東京大学附属図書館アジア研究図書館上廣倫理財団寄付研究部門 / Uehiro Project for the Asian Research Library in the University of Tokyo, JAPAN",http://iiif.io/api/presentation/2#rightToLeftDirection,,水滸伝コレクション,,https://iiif.dl.itc.u-tokyo.ac.jp/repo/iiif/42fdb11d-8f21-734d-a5dd-66f915f986a3/manifest,,,,,66
忠義水滸全傳 120囘 [L_D_6_2-26],,,,,,,,中国語,,,,,,中国明代末に刊刻された『水滸伝』。,漢籍,首冊は忠義水滸全書を底本とする鋪鈔、第二冊は一百回容与堂刻本後修本および李氏焚書にもとづく補鈔、第三冊は一百回和刻本による補配。朱墨の書き入れあり。版心に虫損あり。第一帙、第二帙、第三帙内側に「醉竹軒」による筆記、第四帙内側に神山閏次「水滸傳諸本」の中国語訳文貼付さる。,"線装,四針眼釘法",漢籍D:6:2,120回,(中国)明末,明後期,25.7×16.6,毎半葉10行、行22字,"神山閏次旧蔵, 東京大学文学部中国思想文化学研究室所蔵(漢籍コーナー配架)",32冊,"4803130501,4803130519,4803130527,4803130535,4803130543,4803130550,4803130568,4803130576,4803130584,4803130592,4803130600,4803130618,4803130626,4803130634,4803130642,4803130659,4803130667,4803130675,4803130683,4803130691,4803130709,4803130717,4803130725,4803130733,4803130741,4803130758,4803130766,4803130774,4803130782,4803130790,4803130808,4803130816","東京帝国大学図書印,山閏之印",印本,木版,忠義水滸全傳一百二十回 Zhongyi Shuihu quanzhuan 120hui  忠義水滸全伝一百二十回    忠义水浒全書一百二十回,"(巻首題)忠義水滸全傳,(版心題)水滸全傳,(目首題)忠義水滸全書,(引首首題)李卓吾先生批點忠義水滸全傳,(発凡首題)出像評點忠義水滸全書,(封面題)水滸四傳全書",1628-1644年,1567-1644,"(内框)20.1×13.9cm,",,,,,,,,,,,,http://tify.sub.uni-goettingen.de/demo.html?manifest=https://archdataset.dl.itc.u-tokyo.ac.jp/manifest/34644166-047a-44d6-75ad-02b999b52f0d.json,34644166-047a-44d6-75ad-02b999b52f0d,https://iiif.dl.itc.u-tokyo.ac.jp/repo/s/asia/,https://iiif.dl.itc.u-tokyo.ac.jp/repo/s/asia/document/34644166-047a-44d6-75ad-02b999b52f0d,https://www.lib.u-tokyo.ac.jp/ja/library/contents/archives-top/reuse,https://iiif.dl.itc.u-tokyo.ac.jp/repo/files/medium/f5badc0f56aeaa2b5c86f34dc4583b8a777a1a17.jpg,https://iiif.dl.itc.u-tokyo.ac.jp/repo/api/items/1370814,"東京大学附属図書館アジア研究図書館上廣倫理財団寄付研究部門 / Uehiro Project for the Asian Research Library in the University of Tokyo, JAPAN",http://iiif.io/api/presentation/2#rightToLeftDirection,,水滸伝コレクション,,https://iiif.dl.itc.u-tokyo.ac.jp/repo/iiif/34644166-047a-44d6-75ad-02b999b52f0d/manifest,,,,,72
忠義水滸全傳 120囘 [L_D_6_2-28],,,,,,,,中国語,,,,,,中国明代末に刊刻された『水滸伝』。,漢籍,首冊は忠義水滸全書を底本とする鋪鈔、第二冊は一百回容与堂刻本後修本および李氏焚書にもとづく補鈔、第三冊は一百回和刻本による補配。朱墨の書き入れあり。版心に虫損あり。第一帙、第二帙、第三帙内側に「醉竹軒」による筆記、第四帙内側に神山閏次「水滸傳諸本」の中国語訳文貼付さる。,"線装,四針眼釘法",漢籍D:6:2,120回,(中国)明末,明後期,25.7×16.6,毎半葉10行、行22字,"神山閏次旧蔵, 東京大学文学部中国思想文化学研究室所蔵(漢籍コーナー配架)",32冊,"4803130501,4803130519,4803130527,4803130535,4803130543,4803130550,4803130568,4803130576,4803130584,4803130592,4803130600,4803130618,4803130626,4803130634,4803130642,4803130659,4803130667,4803130675,4803130683,4803130691,4803130709,4803130717,4803130725,4803130733,4803130741,4803130758,4803130766,4803130774,4803130782,4803130790,4803130808,4803130816","東京帝国大学図書印,山閏之印",印本,木版,忠義水滸全傳一百二十回 Zhongyi Shuihu quanzhuan 120hui  忠義水滸全伝一百二十回    忠义水浒全書一百二十回,"(巻首題)忠義水滸全傳,(版心題)水滸全傳,(目首題)忠義水滸全書,(引首首題)李卓吾先生批點忠義水滸全傳,(発凡首題)出像評點忠義水滸全書,(封面題)水滸四傳全書",1628-1644年,1567-1644,"(内框)20.1×13.9cm,",,,,,,,,,,,,http://tify.sub.uni-goettingen.de/demo.html?manifest=https://archdataset.dl.itc.u-tokyo.ac.jp/manifest/711bf95a-165a-4f8b-1c0e-8382ba91055a.json,711bf95a-165a-4f8b-1c0e-8382ba91055a,https://iiif.dl.itc.u-tokyo.ac.jp/repo/s/asia/,https://iiif.dl.itc.u-tokyo.ac.jp/repo/s/asia/document/711bf95a-165a-4f8b-1c0e-8382ba91055a,https://www.lib.u-tokyo.ac.jp/ja/library/contents/archives-top/reuse,https://iiif.dl.itc.u-tokyo.ac.jp/repo/files/medium/16fbd371e5fb0ec28a46b2c70f21f931aa71cb09.jpg,https://iiif.dl.itc.u-tokyo.ac.jp/repo/api/items/1370816,"東京大学附属図書館アジア研究図書館上廣倫理財団寄付研究部門 / Uehiro Project for the Asian Research Library in the University of Tokyo, JAPAN",http://iiif.io/api/presentation/2#rightToLeftDirection,,水滸伝コレクション,,https://iiif.dl.itc.u-tokyo.ac.jp/repo/iiif/711bf95a-165a-4f8b-1c0e-8382ba91055a/manifest,,,,,59
忠義水滸全傳 120囘 [L_D_6_2-30],,,,,,,,中国語,,,,,,中国明代末に刊刻された『水滸伝』。,漢籍,首冊は忠義水滸全書を底本とする鋪鈔、第二冊は一百回容与堂刻本後修本および李氏焚書にもとづく補鈔、第三冊は一百回和刻本による補配。朱墨の書き入れあり。版心に虫損あり。第一帙、第二帙、第三帙内側に「醉竹軒」による筆記、第四帙内側に神山閏次「水滸傳諸本」の中国語訳文貼付さる。,"線装,四針眼釘法",漢籍D:6:2,120回,(中国)明末,明後期,25.7×16.6,毎半葉10行、行22字,"神山閏次旧蔵, 東京大学文学部中国思想文化学研究室所蔵(漢籍コーナー配架)",32冊,"4803130501,4803130519,4803130527,4803130535,4803130543,4803130550,4803130568,4803130576,4803130584,4803130592,4803130600,4803130618,4803130626,4803130634,4803130642,4803130659,4803130667,4803130675,4803130683,4803130691,4803130709,4803130717,4803130725,4803130733,4803130741,4803130758,4803130766,4803130774,4803130782,4803130790,4803130808,4803130816","東京帝国大学図書印,山閏之印",印本,木版,忠義水滸全傳一百二十回 Zhongyi Shuihu quanzhuan 120hui  忠義水滸全伝一百二十回    忠义水浒全書一百二十回,"(巻首題)忠義水滸全傳,(版心題)水滸全傳,(目首題)忠義水滸全書,(引首首題)李卓吾先生批點忠義水滸全傳,(発凡首題)出像評點忠義水滸全書,(封面題)水滸四傳全書",1628-1644年,1567-1644,"(内框)20.1×13.9cm,",,,,,,,,,,,,http://tify.sub.uni-goettingen.de/demo.html?manifest=https://archdataset.dl.itc.u-tokyo.ac.jp/manifest/4a1b2315-21b2-464b-9ca6-c74f18694510.json,4a1b2315-21b2-464b-9ca6-c74f18694510,https://iiif.dl.itc.u-tokyo.ac.jp/repo/s/asia/,https://iiif.dl.itc.u-tokyo.ac.jp/repo/s/asia/document/4a1b2315-21b2-464b-9ca6-c74f18694510,https://www.lib.u-tokyo.ac.jp/ja/library/contents/archives-top/reuse,https://iiif.dl.itc.u-tokyo.ac.jp/repo/files/medium/b97c2a5c6bcfa5c327316026fd16285e8a93072d.jpg,https://iiif.dl.itc.u-tokyo.ac.jp/repo/api/items/1370818,"東京大学附属図書館アジア研究図書館上廣倫理財団寄付研究部門 / Uehiro Project for the Asian Research Library in the University of Tokyo, JAPAN",http://iiif.io/api/presentation/2#rightToLeftDirection,,水滸伝コレクション,,https://iiif.dl.itc.u-tokyo.ac.jp/repo/iiif/4a1b2315-21b2-464b-9ca6-c74f18694510/manifest,,,,,69
忠義水滸全傳 120囘 [L_D_6_2-32],,,,,,,,中国語,,,,,,中国明代末に刊刻された『水滸伝』。,漢籍,首冊は忠義水滸全書を底本とする鋪鈔、第二冊は一百回容与堂刻本後修本および李氏焚書にもとづく補鈔、第三冊は一百回和刻本による補配。朱墨の書き入れあり。版心に虫損あり。第一帙、第二帙、第三帙内側に「醉竹軒」による筆記、第四帙内側に神山閏次「水滸傳諸本」の中国語訳文貼付さる。,"線装,四針眼釘法",漢籍D:6:2,120回,(中国)明末,明後期,25.7×16.6,毎半葉10行、行22字,"神山閏次旧蔵, 東京大学文学部中国思想文化学研究室所蔵(漢籍コーナー配架)",32冊,"4803130501,4803130519,4803130527,4803130535,4803130543,4803130550,4803130568,4803130576,4803130584,4803130592,4803130600,4803130618,4803130626,4803130634,4803130642,4803130659,4803130667,4803130675,4803130683,4803130691,4803130709,4803130717,4803130725,4803130733,4803130741,4803130758,4803130766,4803130774,4803130782,4803130790,4803130808,4803130816","東京帝国大学図書印,山閏之印",印本,木版,忠義水滸全傳一百二十回 Zhongyi Shuihu quanzhuan 120hui  忠義水滸全伝一百二十回    忠义水浒全書一百二十回,"(巻首題)忠義水滸全傳,(版心題)水滸全傳,(目首題)忠義水滸全書,(引首首題)李卓吾先生批點忠義水滸全傳,(発凡首題)出像評點忠義水滸全書,(封面題)水滸四傳全書",1628-1644年,1567-1644,"(内框)20.1×13.9cm,",,,,,,,,,,,,http://tify.sub.uni-goettingen.de/demo.html?manifest=https://archdataset.dl.itc.u-tokyo.ac.jp/manifest/e29dfe37-480e-90d2-5cea-2cf0c2068fd7.json,e29dfe37-480e-90d2-5cea-2cf0c2068fd7,https://iiif.dl.itc.u-tokyo.ac.jp/repo/s/asia/,https://iiif.dl.itc.u-tokyo.ac.jp/repo/s/asia/document/e29dfe37-480e-90d2-5cea-2cf0c2068fd7,https://www.lib.u-tokyo.ac.jp/ja/library/contents/archives-top/reuse,https://iiif.dl.itc.u-tokyo.ac.jp/repo/files/medium/b912347c10057bdfea9c02d34fccb49b48255fa2.jpg,https://iiif.dl.itc.u-tokyo.ac.jp/repo/api/items/1370820,"東京大学附属図書館アジア研究図書館上廣倫理財団寄付研究部門 / Uehiro Project for the Asian Research Library in the University of Tokyo, JAPAN",http://iiif.io/api/presentation/2#rightToLeftDirection,,水滸伝コレクション,,https://iiif.dl.itc.u-tokyo.ac.jp/repo/iiif/e29dfe37-480e-90d2-5cea-2cf0c2068fd7/manifest,,,,,65
"忠義水滸全傳 120囘圖1卷,宣和遺事 1卷[IASA_KUR_41973_01]",,,"施耐庵集撰, 羅貫中纂修,李贄評閱,楊定見編",,,,,中国語,,,,,,中国明代末に刊刻された『水滸伝』。,漢籍,"黒筆の書入れあり挿入物あり: 第46囘第6-7葉間
落丁: 第9囘第3葉, 第30囘第1-2葉, 第32囘第21葉以降, 第84囘第1葉.
シミ, 破損, 虫損, カスレ甚だし(一部欠損箇所の補鈔, および貼付による補修・補鈔あり)","線装,四針眼釘法",倉石文庫:41973:1,120回,(中国)明末,明後期,25.2×16.5,毎半葉10行、行22字,"倉石武四郎旧蔵, 東京大学東洋文化研究所倉石文庫藏",32冊,"6403914721,6403914739,6403914747,6403914754,6403914762,6403914770,6403914788,6403914796,6403914804,6403914812,6403914820,6403914838,6403914846,6403914853,6403914861,6403914879,6403914887,6403914895,6403914903,6403914911,6403914929,6403914937,6403914945,6403914952","東洋文化研究所図書,倉石武四郎博士旧蔵",印本,木版,忠義水滸全傳一百二十回 Zhongyi Shuihu quanzhuan 120hui  忠義水滸全伝一百二十回    忠义水浒全传一百二十回,"(巻首題)忠義水滸全傳,(版心題)水滸全傳,(目首題)忠義水滸全傳,(引首首題)新鐫李氏藏本忠義水滸全傳,(発凡首題)出像評點忠義水滸全傳",1628-1644年,1567-1644,,,,,,,,,,,,,http://tify.sub.uni-goettingen.de/demo.html?manifest=https://archdataset.dl.itc.u-tokyo.ac.jp/manifest/dde085af-0b77-9a58-4133-9bf2dcac5b4b.json,dde085af-0b77-9a58-4133-9bf2dcac5b4b,https://iiif.dl.itc.u-tokyo.ac.jp/repo/s/asia/,https://iiif.dl.itc.u-tokyo.ac.jp/repo/s/asia/document/dde085af-0b77-9a58-4133-9bf2dcac5b4b,https://www.lib.u-tokyo.ac.jp/ja/library/contents/archives-top/reuse,https://iiif.dl.itc.u-tokyo.ac.jp/repo/files/medium/15b0f6049c11d3be57434eec21c60d2d7bf94e74.jpg,https://iiif.dl.itc.u-tokyo.ac.jp/repo/api/items/1370822,"東京大学附属図書館アジア研究図書館上廣倫理財団寄付研究部門 / Uehiro Project for the Asian Research Library in the University of Tokyo, JAPAN",http://iiif.io/api/presentation/2#rightToLeftDirection,,水滸伝コレクション,,https://iiif.dl.itc.u-tokyo.ac.jp/repo/iiif/dde085af-0b77-9a58-4133-9bf2dcac5b4b/manifest,,,,,104
"忠義水滸全傳 120囘圖1卷,宣和遺事 1卷[IASA_KUR_41973_03]",,,"施耐庵集撰, 羅貫中纂修,李贄評閱,楊定見編",,,,,中国語,,,,,,中国明代末に刊刻された『水滸伝』。,漢籍,"黒筆の書入れあり挿入物あり: 第46囘第6-7葉間
落丁: 第9囘第3葉, 第30囘第1-2葉, 第32囘第21葉以降, 第84囘第1葉.
シミ, 破損, 虫損, カスレ甚だし(一部欠損箇所の補鈔, および貼付による補修・補鈔あり)","線装,四針眼釘法",倉石文庫:41973:1,120回,(中国)明末,明後期,25.2×16.5,毎半葉10行、行22字,"倉石武四郎旧蔵, 東京大学東洋文化研究所倉石文庫藏",32冊,"6403914721,6403914739,6403914747,6403914754,6403914762,6403914770,6403914788,6403914796,6403914804,6403914812,6403914820,6403914838,6403914846,6403914853,6403914861,6403914879,6403914887,6403914895,6403914903,6403914911,6403914929,6403914937,6403914945,6403914952","東洋文化研究所図書,倉石武四郎博士旧蔵",印本,木版,忠義水滸全傳一百二十回 Zhongyi Shuihu quanzhuan 120hui  忠義水滸全伝一百二十回    忠义水浒全传一百二十回,"(巻首題)忠義水滸全傳,(版心題)水滸全傳,(目首題)忠義水滸全傳,(引首首題)新鐫李氏藏本忠義水滸全傳,(発凡首題)出像評點忠義水滸全傳",1628-1644年,1567-1644,,,,,,,,,,,,,http://tify.sub.uni-goettingen.de/demo.html?manifest=https://archdataset.dl.itc.u-tokyo.ac.jp/manifest/a8df641d-60d6-8b13-2db2-e8e79c676ed1.json,a8df641d-60d6-8b13-2db2-e8e79c676ed1,https://iiif.dl.itc.u-tokyo.ac.jp/repo/s/asia/,https://iiif.dl.itc.u-tokyo.ac.jp/repo/s/asia/document/a8df641d-60d6-8b13-2db2-e8e79c676ed1,https://www.lib.u-tokyo.ac.jp/ja/library/contents/archives-top/reuse,https://iiif.dl.itc.u-tokyo.ac.jp/repo/files/medium/24f5aeb85d049bb7a164b976719e625bdfcd58e2.jpg,https://iiif.dl.itc.u-tokyo.ac.jp/repo/api/items/1370824,"東京大学附属図書館アジア研究図書館上廣倫理財団寄付研究部門 / Uehiro Project for the Asian Research Library in the University of Tokyo, JAPAN",http://iiif.io/api/presentation/2#rightToLeftDirection,,水滸伝コレクション,,https://iiif.dl.itc.u-tokyo.ac.jp/repo/iiif/a8df641d-60d6-8b13-2db2-e8e79c676ed1/manifest,,,,,87
"忠義水滸全傳 120囘圖1卷,宣和遺事 1卷[IASA_KUR_41973_05]",,,"施耐庵集撰, 羅貫中纂修,李贄評閱,楊定見編",,,,,中国語,,,,,,中国明代末に刊刻された『水滸伝』。,漢籍,"黒筆の書入れあり挿入物あり: 第46囘第6-7葉間
落丁: 第9囘第3葉, 第30囘第1-2葉, 第32囘第21葉以降, 第84囘第1葉.
シミ, 破損, 虫損, カスレ甚だし(一部欠損箇所の補鈔, および貼付による補修・補鈔あり)","線装,四針眼釘法",倉石文庫:41973:1,120回,(中国)明末,明後期,25.2×16.5,毎半葉10行、行22字,"倉石武四郎旧蔵, 東京大学東洋文化研究所倉石文庫藏",32冊,"6403914721,6403914739,6403914747,6403914754,6403914762,6403914770,6403914788,6403914796,6403914804,6403914812,6403914820,6403914838,6403914846,6403914853,6403914861,6403914879,6403914887,6403914895,6403914903,6403914911,6403914929,6403914937,6403914945,6403914952","東洋文化研究所図書,倉石武四郎博士旧蔵",印本,木版,忠義水滸全傳一百二十回 Zhongyi Shuihu quanzhuan 120hui  忠義水滸全伝一百二十回    忠义水浒全传一百二十回,"(巻首題)忠義水滸全傳,(版心題)水滸全傳,(目首題)忠義水滸全傳,(引首首題)新鐫李氏藏本忠義水滸全傳,(発凡首題)出像評點忠義水滸全傳",1628-1644年,1567-1644,,,,,,,,,,,,,http://tify.sub.uni-goettingen.de/demo.html?manifest=https://archdataset.dl.itc.u-tokyo.ac.jp/manifest/3437b045-86c6-652e-1133-e8281f6ea56a.json,3437b045-86c6-652e-1133-e8281f6ea56a,https://iiif.dl.itc.u-tokyo.ac.jp/repo/s/asia/,https://iiif.dl.itc.u-tokyo.ac.jp/repo/s/asia/document/3437b045-86c6-652e-1133-e8281f6ea56a,https://www.lib.u-tokyo.ac.jp/ja/library/contents/archives-top/reuse,https://iiif.dl.itc.u-tokyo.ac.jp/repo/files/medium/d328c382f510af1baab65b24ab27b552de053802.jpg,https://iiif.dl.itc.u-tokyo.ac.jp/repo/api/items/1370826,"東京大学附属図書館アジア研究図書館上廣倫理財団寄付研究部門 / Uehiro Project for the Asian Research Library in the University of Tokyo, JAPAN",http://iiif.io/api/presentation/2#rightToLeftDirection,,水滸伝コレクション,,https://iiif.dl.itc.u-tokyo.ac.jp/repo/iiif/3437b045-86c6-652e-1133-e8281f6ea56a/manifest,,,,,72
"忠義水滸全傳 120囘圖1卷,宣和遺事 1卷[IASA_KUR_41973_07]",,,"施耐庵集撰, 羅貫中纂修,李贄評閱,楊定見編",,,,,中国語,,,,,,中国明代末に刊刻された『水滸伝』。,漢籍,"黒筆の書入れあり挿入物あり: 第46囘第6-7葉間
落丁: 第9囘第3葉, 第30囘第1-2葉, 第32囘第21葉以降, 第84囘第1葉.
シミ, 破損, 虫損, カスレ甚だし(一部欠損箇所の補鈔, および貼付による補修・補鈔あり)","線装,四針眼釘法",倉石文庫:41973:1,120回,(中国)明末,明後期,25.2×16.5,毎半葉10行、行22字,"倉石武四郎旧蔵, 東京大学東洋文化研究所倉石文庫藏",32冊,"6403914721,6403914739,6403914747,6403914754,6403914762,6403914770,6403914788,6403914796,6403914804,6403914812,6403914820,6403914838,6403914846,6403914853,6403914861,6403914879,6403914887,6403914895,6403914903,6403914911,6403914929,6403914937,6403914945,6403914952","東洋文化研究所図書,倉石武四郎博士旧蔵",印本,木版,忠義水滸全傳一百二十回 Zhongyi Shuihu quanzhuan 120hui  忠義水滸全伝一百二十回    忠义水浒全传一百二十回,"(巻首題)忠義水滸全傳,(版心題)水滸全傳,(目首題)忠義水滸全傳,(引首首題)新鐫李氏藏本忠義水滸全傳,(発凡首題)出像評點忠義水滸全傳",1628-1644年,1567-1644,,,,,,,,,,,,,http://tify.sub.uni-goettingen.de/demo.html?manifest=https://archdataset.dl.itc.u-tokyo.ac.jp/manifest/cfa27c20-135a-287c-52cf-58b7556f49bc.json,cfa27c20-135a-287c-52cf-58b7556f49bc,https://iiif.dl.itc.u-tokyo.ac.jp/repo/s/asia/,https://iiif.dl.itc.u-tokyo.ac.jp/repo/s/asia/document/cfa27c20-135a-287c-52cf-58b7556f49bc,https://www.lib.u-tokyo.ac.jp/ja/library/contents/archives-top/reuse,https://iiif.dl.itc.u-tokyo.ac.jp/repo/files/medium/859922f21d99a08d917fc645e7d85d59bb0aaef7.jpg,https://iiif.dl.itc.u-tokyo.ac.jp/repo/api/items/1370828,"東京大学附属図書館アジア研究図書館上廣倫理財団寄付研究部門 / Uehiro Project for the Asian Research Library in the University of Tokyo, JAPAN",http://iiif.io/api/presentation/2#rightToLeftDirection,,水滸伝コレクション,,https://iiif.dl.itc.u-tokyo.ac.jp/repo/iiif/cfa27c20-135a-287c-52cf-58b7556f49bc/manifest,,,,,100
忠義水滸全書 一百二十回首一巻圖一巻坿宣和遺事一巻[A006376-00],,,,,,,,中国語,,,,,,中国明末清初に刊刻された『水滸伝』,漢籍,首冊に図60葉あり。拠明末郁郁堂刊本後修本。版心下部に版木削除あり。まれに「郁郁堂/四傳」の刊記あり。書入れあり(書中據李本補者用緑鍾本用靛芥子園本用硃黎光堂本亦用靛映雪堂本亦用硃京本用胭脂)。,"線装,四針眼釘法",A00:6376,120回,(中国)明末清初,明後期,27.4×16.8,毎半葉10行、行22字,"神山閏次旧蔵, 東京大学総合図書館所蔵",48冊,"0008343386,0008343394,0008343402,0008343410,0008343428,0008343436,0008343444,0008343451,0008343469,0008343477,0008343485,0008343493,0008343501,0008343519,0008343527,0008343535,0008343543,0008343550,0008343568,0008343576,0008343584,0008343592,0008343600,0008343618,0008343626,0008343634,0008343642,0008343659,0008343667,0008343675,0008343683,0008343691,0008343709,0008343717,0008343725,0008343733,0008343741,0008343758,0008343766,0008343774,0008343782,0008343790,0008343808,0008343816,0008343824,0008343832,0008343840,0008343857","東京帝国大学図書印,山閏之印",印本,木版,忠義水滸全書一百二十回 Zhongyi Shuihu quanshu 120hui  忠義水滸全書一百二十回    忠义水浒全书一百二十回,"(巻首題)忠義水滸全書,(版心題)水滸全書,(目首題)忠義水滸全書,(引首首題)新鐫李氏臧本忠義水滸全書,(発凡首題)出像評點忠義水滸全書,(封面題)水滸四傳全書",1628-1735年,1567-1644,(内框)21.7×13.8cm,A006367,,,,,,,,,,,http://tify.sub.uni-goettingen.de/demo.html?manifest=https://archdataset.dl.itc.u-tokyo.ac.jp/manifest/260d9d8c-9d3a-836d-0ea0-059c2395196b.json,260d9d8c-9d3a-836d-0ea0-059c2395196b,https://iiif.dl.itc.u-tokyo.ac.jp/repo/s/asia/,https://iiif.dl.itc.u-tokyo.ac.jp/repo/s/asia/document/260d9d8c-9d3a-836d-0ea0-059c2395196b,https://www.lib.u-tokyo.ac.jp/ja/library/contents/archives-top/reuse,https://iiif.dl.itc.u-tokyo.ac.jp/repo/files/medium/8277df7046f588e92ce6dd357609f84b19963724.jpg,https://iiif.dl.itc.u-tokyo.ac.jp/repo/api/items/1368453,"東京大学附属図書館アジア研究図書館上廣倫理財団寄付研究部門 / Uehiro Project for the Asian Research Library in the University of Tokyo, JAPAN",http://iiif.io/api/presentation/2#rightToLeftDirection,,水滸伝コレクション,,https://iiif.dl.itc.u-tokyo.ac.jp/repo/iiif/260d9d8c-9d3a-836d-0ea0-059c2395196b/manifest,,,,,65
忠義水滸全書 一百二十回首一巻圖一巻坿宣和遺事一巻[A006376-01],,,,,,,,中国語,,,,,,中国明末清初に刊刻された『水滸伝』,漢籍,首冊に図60葉あり。拠明末郁郁堂刊本後修本。版心下部に版木削除あり。まれに「郁郁堂/四傳」の刊記あり。書入れあり(書中據李本補者用緑鍾本用靛芥子園本用硃黎光堂本亦用靛映雪堂本亦用硃京本用胭脂)。,"線装,四針眼釘法",A00:6376,120回,(中国)明末清初,明後期,27.4×16.8,毎半葉10行、行22字,"神山閏次旧蔵, 東京大学総合図書館所蔵",48冊,"0008343386,0008343394,0008343402,0008343410,0008343428,0008343436,0008343444,0008343451,0008343469,0008343477,0008343485,0008343493,0008343501,0008343519,0008343527,0008343535,0008343543,0008343550,0008343568,0008343576,0008343584,0008343592,0008343600,0008343618,0008343626,0008343634,0008343642,0008343659,0008343667,0008343675,0008343683,0008343691,0008343709,0008343717,0008343725,0008343733,0008343741,0008343758,0008343766,0008343774,0008343782,0008343790,0008343808,0008343816,0008343824,0008343832,0008343840,0008343857","東京帝国大学図書印,山閏之印",印本,木版,忠義水滸全書一百二十回 Zhongyi Shuihu quanshu 120hui  忠義水滸全書一百二十回    忠义水浒全书一百二十回,"(巻首題)忠義水滸全書,(版心題)水滸全書,(目首題)忠義水滸全書,(引首首題)新鐫李氏臧本忠義水滸全書,(発凡首題)出像評點忠義水滸全書,(封面題)水滸四傳全書",1628-1735年,1567-1644,(内框)21.7×13.8cm,A006367,,,,,,,,,,,http://tify.sub.uni-goettingen.de/demo.html?manifest=https://archdataset.dl.itc.u-tokyo.ac.jp/manifest/8d536184-09ad-82da-76f4-3054069d2eab.json,8d536184-09ad-82da-76f4-3054069d2eab,https://iiif.dl.itc.u-tokyo.ac.jp/repo/s/asia/,https://iiif.dl.itc.u-tokyo.ac.jp/repo/s/asia/document/8d536184-09ad-82da-76f4-3054069d2eab,https://www.lib.u-tokyo.ac.jp/ja/library/contents/archives-top/reuse,https://iiif.dl.itc.u-tokyo.ac.jp/repo/files/medium/eabf76488309b130cff2cd06c2b5ec41a4f6b178.jpg,https://iiif.dl.itc.u-tokyo.ac.jp/repo/api/items/1368454,"東京大学附属図書館アジア研究図書館上廣倫理財団寄付研究部門 / Uehiro Project for the Asian Research Library in the University of Tokyo, JAPAN",http://iiif.io/api/presentation/2#rightToLeftDirection,,水滸伝コレクション,,https://iiif.dl.itc.u-tokyo.ac.jp/repo/iiif/8d536184-09ad-82da-76f4-3054069d2eab/manifest,,,,,49
忠義水滸全書 一百二十回首一巻圖一巻坿宣和遺事一巻[A006376-02],,,,,,,,中国語,,,,,,中国明末清初に刊刻された『水滸伝』,漢籍,首冊に図60葉あり。拠明末郁郁堂刊本後修本。版心下部に版木削除あり。まれに「郁郁堂/四傳」の刊記あり。書入れあり(書中據李本補者用緑鍾本用靛芥子園本用硃黎光堂本亦用靛映雪堂本亦用硃京本用胭脂)。,"線装,四針眼釘法",A00:6376,120回,(中国)明末清初,明後期,27.4×16.8,毎半葉10行、行22字,"神山閏次旧蔵, 東京大学総合図書館所蔵",48冊,"0008343386,0008343394,0008343402,0008343410,0008343428,0008343436,0008343444,0008343451,0008343469,0008343477,0008343485,0008343493,0008343501,0008343519,0008343527,0008343535,0008343543,0008343550,0008343568,0008343576,0008343584,0008343592,0008343600,0008343618,0008343626,0008343634,0008343642,0008343659,0008343667,0008343675,0008343683,0008343691,0008343709,0008343717,0008343725,0008343733,0008343741,0008343758,0008343766,0008343774,0008343782,0008343790,0008343808,0008343816,0008343824,0008343832,0008343840,0008343857","東京帝国大学図書印,山閏之印",印本,木版,忠義水滸全書一百二十回 Zhongyi Shuihu quanshu 120hui  忠義水滸全書一百二十回    忠义水浒全书一百二十回,"(巻首題)忠義水滸全書,(版心題)水滸全書,(目首題)忠義水滸全書,(引首首題)新鐫李氏臧本忠義水滸全書,(発凡首題)出像評點忠義水滸全書,(封面題)水滸四傳全書",1628-1735年,1567-1644,(内框)21.7×13.8cm,A006367,,,,,,,,,,,http://tify.sub.uni-goettingen.de/demo.html?manifest=https://archdataset.dl.itc.u-tokyo.ac.jp/manifest/1dc6fe80-9cec-9481-9e7a-27b904a3989e.json,1dc6fe80-9cec-9481-9e7a-27b904a3989e,https://iiif.dl.itc.u-tokyo.ac.jp/repo/s/asia/,https://iiif.dl.itc.u-tokyo.ac.jp/repo/s/asia/document/1dc6fe80-9cec-9481-9e7a-27b904a3989e,https://www.lib.u-tokyo.ac.jp/ja/library/contents/archives-top/reuse,https://iiif.dl.itc.u-tokyo.ac.jp/repo/files/medium/05e7c8831cb8d3f456f615f958d190c84599b747.jpg,https://iiif.dl.itc.u-tokyo.ac.jp/repo/api/items/1368455,"東京大学附属図書館アジア研究図書館上廣倫理財団寄付研究部門 / Uehiro Project for the Asian Research Library in the University of Tokyo, JAPAN",http://iiif.io/api/presentation/2#rightToLeftDirection,,水滸伝コレクション,,https://iiif.dl.itc.u-tokyo.ac.jp/repo/iiif/1dc6fe80-9cec-9481-9e7a-27b904a3989e/manifest,,,,,65
忠義水滸全書 一百二十回首一巻圖一巻坿宣和遺事一巻[A006376-03],,,,,,,,中国語,,,,,,中国明末清初に刊刻された『水滸伝』,漢籍,首冊に図60葉あり。拠明末郁郁堂刊本後修本。版心下部に版木削除あり。まれに「郁郁堂/四傳」の刊記あり。書入れあり(書中據李本補者用緑鍾本用靛芥子園本用硃黎光堂本亦用靛映雪堂本亦用硃京本用胭脂)。,"線装,四針眼釘法",A00:6376,120回,(中国)明末清初,明後期,27.4×16.8,毎半葉10行、行22字,"神山閏次旧蔵, 東京大学総合図書館所蔵",48冊,"0008343386,0008343394,0008343402,0008343410,0008343428,0008343436,0008343444,0008343451,0008343469,0008343477,0008343485,0008343493,0008343501,0008343519,0008343527,0008343535,0008343543,0008343550,0008343568,0008343576,0008343584,0008343592,0008343600,0008343618,0008343626,0008343634,0008343642,0008343659,0008343667,0008343675,0008343683,0008343691,0008343709,0008343717,0008343725,0008343733,0008343741,0008343758,0008343766,0008343774,0008343782,0008343790,0008343808,0008343816,0008343824,0008343832,0008343840,0008343857","東京帝国大学図書印,山閏之印",印本,木版,忠義水滸全書一百二十回 Zhongyi Shuihu quanshu 120hui  忠義水滸全書一百二十回    忠义水浒全书一百二十回,"(巻首題)忠義水滸全書,(版心題)水滸全書,(目首題)忠義水滸全書,(引首首題)新鐫李氏臧本忠義水滸全書,(発凡首題)出像評點忠義水滸全書,(封面題)水滸四傳全書",1628-1735年,1567-1644,(内框)21.7×13.8cm,A006367,,,,,,,,,,,http://tify.sub.uni-goettingen.de/demo.html?manifest=https://archdataset.dl.itc.u-tokyo.ac.jp/manifest/48ea6f8e-6807-987a-38f4-452567eb6938.json,48ea6f8e-6807-987a-38f4-452567eb6938,https://iiif.dl.itc.u-tokyo.ac.jp/repo/s/asia/,https://iiif.dl.itc.u-tokyo.ac.jp/repo/s/asia/document/48ea6f8e-6807-987a-38f4-452567eb6938,https://www.lib.u-tokyo.ac.jp/ja/library/contents/archives-top/reuse,https://iiif.dl.itc.u-tokyo.ac.jp/repo/files/medium/4ffca9c2e73a1deb28ceb723fae8b584f5d85c31.jpg,https://iiif.dl.itc.u-tokyo.ac.jp/repo/api/items/1368456,"東京大学附属図書館アジア研究図書館上廣倫理財団寄付研究部門 / Uehiro Project for the Asian Research Library in the University of Tokyo, JAPAN",http://iiif.io/api/presentation/2#rightToLeftDirection,,水滸伝コレクション,,https://iiif.dl.itc.u-tokyo.ac.jp/repo/iiif/48ea6f8e-6807-987a-38f4-452567eb6938/manifest,,,,,46
忠義水滸全書 一百二十回首一巻圖一巻坿宣和遺事一巻[A006376-04],,,,,,,,中国語,,,,,,中国明末清初に刊刻された『水滸伝』,漢籍,首冊に図60葉あり。拠明末郁郁堂刊本後修本。版心下部に版木削除あり。まれに「郁郁堂/四傳」の刊記あり。書入れあり(書中據李本補者用緑鍾本用靛芥子園本用硃黎光堂本亦用靛映雪堂本亦用硃京本用胭脂)。,"線装,四針眼釘法",A00:6376,120回,(中国)明末清初,明後期,27.4×16.8,毎半葉10行、行22字,"神山閏次旧蔵, 東京大学総合図書館所蔵",48冊,"0008343386,0008343394,0008343402,0008343410,0008343428,0008343436,0008343444,0008343451,0008343469,0008343477,0008343485,0008343493,0008343501,0008343519,0008343527,0008343535,0008343543,0008343550,0008343568,0008343576,0008343584,0008343592,0008343600,0008343618,0008343626,0008343634,0008343642,0008343659,0008343667,0008343675,0008343683,0008343691,0008343709,0008343717,0008343725,0008343733,0008343741,0008343758,0008343766,0008343774,0008343782,0008343790,0008343808,0008343816,0008343824,0008343832,0008343840,0008343857","東京帝国大学図書印,山閏之印",印本,木版,忠義水滸全書一百二十回 Zhongyi Shuihu quanshu 120hui  忠義水滸全書一百二十回    忠义水浒全书一百二十回,"(巻首題)忠義水滸全書,(版心題)水滸全書,(目首題)忠義水滸全書,(引首首題)新鐫李氏臧本忠義水滸全書,(発凡首題)出像評點忠義水滸全書,(封面題)水滸四傳全書",1628-1735年,1567-1644,(内框)21.7×13.8cm,A006367,,,,,,,,,,,http://tify.sub.uni-goettingen.de/demo.html?manifest=https://archdataset.dl.itc.u-tokyo.ac.jp/manifest/66098a79-0d8b-a06c-3dfb-6bd6348a87be.json,66098a79-0d8b-a06c-3dfb-6bd6348a87be,https://iiif.dl.itc.u-tokyo.ac.jp/repo/s/asia/,https://iiif.dl.itc.u-tokyo.ac.jp/repo/s/asia/document/66098a79-0d8b-a06c-3dfb-6bd6348a87be,https://www.lib.u-tokyo.ac.jp/ja/library/contents/archives-top/reuse,https://iiif.dl.itc.u-tokyo.ac.jp/repo/files/medium/37811130ddcd313ccbd19d03b407c03c091c8058.jpg,https://iiif.dl.itc.u-tokyo.ac.jp/repo/api/items/1368457,"東京大学附属図書館アジア研究図書館上廣倫理財団寄付研究部門 / Uehiro Project for the Asian Research Library in the University of Tokyo, JAPAN",http://iiif.io/api/presentation/2#rightToLeftDirection,,水滸伝コレクション,,https://iiif.dl.itc.u-tokyo.ac.jp/repo/iiif/66098a79-0d8b-a06c-3dfb-6bd6348a87be/manifest,,,,,44
忠義水滸全書 一百二十回首一巻圖一巻坿宣和遺事一巻[A006376-05],,,,,,,,中国語,,,,,,中国明末清初に刊刻された『水滸伝』,漢籍,首冊に図60葉あり。拠明末郁郁堂刊本後修本。版心下部に版木削除あり。まれに「郁郁堂/四傳」の刊記あり。書入れあり(書中據李本補者用緑鍾本用靛芥子園本用硃黎光堂本亦用靛映雪堂本亦用硃京本用胭脂)。,"線装,四針眼釘法",A00:6376,120回,(中国)明末清初,明後期,27.4×16.8,毎半葉10行、行22字,"神山閏次旧蔵, 東京大学総合図書館所蔵",48冊,"0008343386,0008343394,0008343402,0008343410,0008343428,0008343436,0008343444,0008343451,0008343469,0008343477,0008343485,0008343493,0008343501,0008343519,0008343527,0008343535,0008343543,0008343550,0008343568,0008343576,0008343584,0008343592,0008343600,0008343618,0008343626,0008343634,0008343642,0008343659,0008343667,0008343675,0008343683,0008343691,0008343709,0008343717,0008343725,0008343733,0008343741,0008343758,0008343766,0008343774,0008343782,0008343790,0008343808,0008343816,0008343824,0008343832,0008343840,0008343857","東京帝国大学図書印,山閏之印",印本,木版,忠義水滸全書一百二十回 Zhongyi Shuihu quanshu 120hui  忠義水滸全書一百二十回    忠义水浒全书一百二十回,"(巻首題)忠義水滸全書,(版心題)水滸全書,(目首題)忠義水滸全書,(引首首題)新鐫李氏臧本忠義水滸全書,(発凡首題)出像評點忠義水滸全書,(封面題)水滸四傳全書",1628-1735年,1567-1644,(内框)21.7×13.8cm,A006367,,,,,,,,,,,http://tify.sub.uni-goettingen.de/demo.html?manifest=https://archdataset.dl.itc.u-tokyo.ac.jp/manifest/0891a66a-1430-a5e2-82cd-aa99c68d243d.json,0891a66a-1430-a5e2-82cd-aa99c68d243d,https://iiif.dl.itc.u-tokyo.ac.jp/repo/s/asia/,https://iiif.dl.itc.u-tokyo.ac.jp/repo/s/asia/document/0891a66a-1430-a5e2-82cd-aa99c68d243d,https://www.lib.u-tokyo.ac.jp/ja/library/contents/archives-top/reuse,https://iiif.dl.itc.u-tokyo.ac.jp/repo/files/medium/8961098c9c89c1bc4f5297a7a7180f20bf5aa3c5.jpg,https://iiif.dl.itc.u-tokyo.ac.jp/repo/api/items/1368458,"東京大学附属図書館アジア研究図書館上廣倫理財団寄付研究部門 / Uehiro Project for the Asian Research Library in the University of Tokyo, JAPAN",http://iiif.io/api/presentation/2#rightToLeftDirection,,水滸伝コレクション,,https://iiif.dl.itc.u-tokyo.ac.jp/repo/iiif/0891a66a-1430-a5e2-82cd-aa99c68d243d/manifest,,,,,36
忠義水滸全書 一百二十回首一巻圖一巻坿宣和遺事一巻[A006376-06],,,,,,,,中国語,,,,,,中国明末清初に刊刻された『水滸伝』,漢籍,首冊に図60葉あり。拠明末郁郁堂刊本後修本。版心下部に版木削除あり。まれに「郁郁堂/四傳」の刊記あり。書入れあり(書中據李本補者用緑鍾本用靛芥子園本用硃黎光堂本亦用靛映雪堂本亦用硃京本用胭脂)。,"線装,四針眼釘法",A00:6376,120回,(中国)明末清初,明後期,27.4×16.8,毎半葉10行、行22字,"神山閏次旧蔵, 東京大学総合図書館所蔵",48冊,"0008343386,0008343394,0008343402,0008343410,0008343428,0008343436,0008343444,0008343451,0008343469,0008343477,0008343485,0008343493,0008343501,0008343519,0008343527,0008343535,0008343543,0008343550,0008343568,0008343576,0008343584,0008343592,0008343600,0008343618,0008343626,0008343634,0008343642,0008343659,0008343667,0008343675,0008343683,0008343691,0008343709,0008343717,0008343725,0008343733,0008343741,0008343758,0008343766,0008343774,0008343782,0008343790,0008343808,0008343816,0008343824,0008343832,0008343840,0008343857","東京帝国大学図書印,山閏之印",印本,木版,忠義水滸全書一百二十回 Zhongyi Shuihu quanshu 120hui  忠義水滸全書一百二十回    忠义水浒全书一百二十回,"(巻首題)忠義水滸全書,(版心題)水滸全書,(目首題)忠義水滸全書,(引首首題)新鐫李氏臧本忠義水滸全書,(発凡首題)出像評點忠義水滸全書,(封面題)水滸四傳全書",1628-1735年,1567-1644,(内框)21.7×13.8cm,A006367,,,,,,,,,,,http://tify.sub.uni-goettingen.de/demo.html?manifest=https://archdataset.dl.itc.u-tokyo.ac.jp/manifest/fbae29b7-019d-a69e-4a5e-67bd09e23c26.json,fbae29b7-019d-a69e-4a5e-67bd09e23c26,https://iiif.dl.itc.u-tokyo.ac.jp/repo/s/asia/,https://iiif.dl.itc.u-tokyo.ac.jp/repo/s/asia/document/fbae29b7-019d-a69e-4a5e-67bd09e23c26,https://www.lib.u-tokyo.ac.jp/ja/library/contents/archives-top/reuse,https://iiif.dl.itc.u-tokyo.ac.jp/repo/files/medium/c04e14add479114353df2e24bccf54ecec454b65.jpg,https://iiif.dl.itc.u-tokyo.ac.jp/repo/api/items/1368459,"東京大学附属図書館アジア研究図書館上廣倫理財団寄付研究部門 / Uehiro Project for the Asian Research Library in the University of Tokyo, JAPAN",http://iiif.io/api/presentation/2#rightToLeftDirection,,水滸伝コレクション,,https://iiif.dl.itc.u-tokyo.ac.jp/repo/iiif/fbae29b7-019d-a69e-4a5e-67bd09e23c26/manifest,,,,,48
忠義水滸全書 一百二十回首一巻圖一巻坿宣和遺事一巻[A006376-07],,,,,,,,中国語,,,,,,中国明末清初に刊刻された『水滸伝』,漢籍,首冊に図60葉あり。拠明末郁郁堂刊本後修本。版心下部に版木削除あり。まれに「郁郁堂/四傳」の刊記あり。書入れあり(書中據李本補者用緑鍾本用靛芥子園本用硃黎光堂本亦用靛映雪堂本亦用硃京本用胭脂)。,"線装,四針眼釘法",A00:6376,120回,(中国)明末清初,明後期,27.4×16.8,毎半葉10行、行22字,"神山閏次旧蔵, 東京大学総合図書館所蔵",48冊,"0008343386,0008343394,0008343402,0008343410,0008343428,0008343436,0008343444,0008343451,0008343469,0008343477,0008343485,0008343493,0008343501,0008343519,0008343527,0008343535,0008343543,0008343550,0008343568,0008343576,0008343584,0008343592,0008343600,0008343618,0008343626,0008343634,0008343642,0008343659,0008343667,0008343675,0008343683,0008343691,0008343709,0008343717,0008343725,0008343733,0008343741,0008343758,0008343766,0008343774,0008343782,0008343790,0008343808,0008343816,0008343824,0008343832,0008343840,0008343857","東京帝国大学図書印,山閏之印",印本,木版,忠義水滸全書一百二十回 Zhongyi Shuihu quanshu 120hui  忠義水滸全書一百二十回    忠义水浒全书一百二十回,"(巻首題)忠義水滸全書,(版心題)水滸全書,(目首題)忠義水滸全書,(引首首題)新鐫李氏臧本忠義水滸全書,(発凡首題)出像評點忠義水滸全書,(封面題)水滸四傳全書",1628-1735年,1567-1644,(内框)21.7×13.8cm,A006367,,,,,,,,,,,http://tify.sub.uni-goettingen.de/demo.html?manifest=https://archdataset.dl.itc.u-tokyo.ac.jp/manifest/8b9ca90d-763a-53ca-11ab-6f57e304188c.json,8b9ca90d-763a-53ca-11ab-6f57e304188c,https://iiif.dl.itc.u-tokyo.ac.jp/repo/s/asia/,https://iiif.dl.itc.u-tokyo.ac.jp/repo/s/asia/document/8b9ca90d-763a-53ca-11ab-6f57e304188c,https://www.lib.u-tokyo.ac.jp/ja/library/contents/archives-top/reuse,https://iiif.dl.itc.u-tokyo.ac.jp/repo/files/medium/b361096f173b3e7e94adbd1e284645c576456ab1.jpg,https://iiif.dl.itc.u-tokyo.ac.jp/repo/api/items/1368460,"東京大学附属図書館アジア研究図書館上廣倫理財団寄付研究部門 / Uehiro Project for the Asian Research Library in the University of Tokyo, JAPAN",http://iiif.io/api/presentation/2#rightToLeftDirection,,水滸伝コレクション,,https://iiif.dl.itc.u-tokyo.ac.jp/repo/iiif/8b9ca90d-763a-53ca-11ab-6f57e304188c/manifest,,,,,41
忠義水滸全書 一百二十回首一巻圖一巻坿宣和遺事一巻[A006376-08],,,,,,,,中国語,,,,,,中国明末清初に刊刻された『水滸伝』,漢籍,首冊に図60葉あり。拠明末郁郁堂刊本後修本。版心下部に版木削除あり。まれに「郁郁堂/四傳」の刊記あり。書入れあり(書中據李本補者用緑鍾本用靛芥子園本用硃黎光堂本亦用靛映雪堂本亦用硃京本用胭脂)。,"線装,四針眼釘法",A00:6376,120回,(中国)明末清初,明後期,27.4×16.8,毎半葉10行、行22字,"神山閏次旧蔵, 東京大学総合図書館所蔵",48冊,"0008343386,0008343394,0008343402,0008343410,0008343428,0008343436,0008343444,0008343451,0008343469,0008343477,0008343485,0008343493,0008343501,0008343519,0008343527,0008343535,0008343543,0008343550,0008343568,0008343576,0008343584,0008343592,0008343600,0008343618,0008343626,0008343634,0008343642,0008343659,0008343667,0008343675,0008343683,0008343691,0008343709,0008343717,0008343725,0008343733,0008343741,0008343758,0008343766,0008343774,0008343782,0008343790,0008343808,0008343816,0008343824,0008343832,0008343840,0008343857","東京帝国大学図書印,山閏之印",印本,木版,忠義水滸全書一百二十回 Zhongyi Shuihu quanshu 120hui  忠義水滸全書一百二十回    忠义水浒全书一百二十回,"(巻首題)忠義水滸全書,(版心題)水滸全書,(目首題)忠義水滸全書,(引首首題)新鐫李氏臧本忠義水滸全書,(発凡首題)出像評點忠義水滸全書,(封面題)水滸四傳全書",1628-1735年,1567-1644,(内框)21.7×13.8cm,A006367,,,,,,,,,,,http://tify.sub.uni-goettingen.de/demo.html?manifest=https://archdataset.dl.itc.u-tokyo.ac.jp/manifest/32065be8-0878-5816-1203-b6d17d043832.json,32065be8-0878-5816-1203-b6d17d043832,https://iiif.dl.itc.u-tokyo.ac.jp/repo/s/asia/,https://iiif.dl.itc.u-tokyo.ac.jp/repo/s/asia/document/32065be8-0878-5816-1203-b6d17d043832,https://www.lib.u-tokyo.ac.jp/ja/library/contents/archives-top/reuse,https://iiif.dl.itc.u-tokyo.ac.jp/repo/files/medium/62608ab519f01c43d4730cbb68e7de96eeec42d6.jpg,https://iiif.dl.itc.u-tokyo.ac.jp/repo/api/items/1368461,"東京大学附属図書館アジア研究図書館上廣倫理財団寄付研究部門 / Uehiro Project for the Asian Research Library in the University of Tokyo, JAPAN",http://iiif.io/api/presentation/2#rightToLeftDirection,,水滸伝コレクション,,https://iiif.dl.itc.u-tokyo.ac.jp/repo/iiif/32065be8-0878-5816-1203-b6d17d043832/manifest,,,,,46
忠義水滸全書 一百二十回首一巻圖一巻坿宣和遺事一巻[A006376-09],,,,,,,,中国語,,,,,,中国明末清初に刊刻された『水滸伝』,漢籍,首冊に図60葉あり。拠明末郁郁堂刊本後修本。版心下部に版木削除あり。まれに「郁郁堂/四傳」の刊記あり。書入れあり(書中據李本補者用緑鍾本用靛芥子園本用硃黎光堂本亦用靛映雪堂本亦用硃京本用胭脂)。,"線装,四針眼釘法",A00:6376,120回,(中国)明末清初,明後期,27.4×16.8,毎半葉10行、行22字,"神山閏次旧蔵, 東京大学総合図書館所蔵",48冊,"0008343386,0008343394,0008343402,0008343410,0008343428,0008343436,0008343444,0008343451,0008343469,0008343477,0008343485,0008343493,0008343501,0008343519,0008343527,0008343535,0008343543,0008343550,0008343568,0008343576,0008343584,0008343592,0008343600,0008343618,0008343626,0008343634,0008343642,0008343659,0008343667,0008343675,0008343683,0008343691,0008343709,0008343717,0008343725,0008343733,0008343741,0008343758,0008343766,0008343774,0008343782,0008343790,0008343808,0008343816,0008343824,0008343832,0008343840,0008343857","東京帝国大学図書印,山閏之印",印本,木版,忠義水滸全書一百二十回 Zhongyi Shuihu quanshu 120hui  忠義水滸全書一百二十回    忠义水浒全书一百二十回,"(巻首題)忠義水滸全書,(版心題)水滸全書,(目首題)忠義水滸全書,(引首首題)新鐫李氏臧本忠義水滸全書,(発凡首題)出像評點忠義水滸全書,(封面題)水滸四傳全書",1628-1735年,1567-1644,(内框)21.7×13.8cm,A006367,,,,,,,,,,,http://tify.sub.uni-goettingen.de/demo.html?manifest=https://archdataset.dl.itc.u-tokyo.ac.jp/manifest/e282f258-1e69-0027-4957-fbefa71f7b52.json,e282f258-1e69-0027-4957-fbefa71f7b52,https://iiif.dl.itc.u-tokyo.ac.jp/repo/s/asia/,https://iiif.dl.itc.u-tokyo.ac.jp/repo/s/asia/document/e282f258-1e69-0027-4957-fbefa71f7b52,https://www.lib.u-tokyo.ac.jp/ja/library/contents/archives-top/reuse,https://iiif.dl.itc.u-tokyo.ac.jp/repo/files/medium/6627dd923545ba45dffdd8b8b17b469568b01259.jpg,https://iiif.dl.itc.u-tokyo.ac.jp/repo/api/items/1368462,"東京大学附属図書館アジア研究図書館上廣倫理財団寄付研究部門 / Uehiro Project for the Asian Research Library in the University of Tokyo, JAPAN",http://iiif.io/api/presentation/2#rightToLeftDirection,,水滸伝コレクション,,https://iiif.dl.itc.u-tokyo.ac.jp/repo/iiif/e282f258-1e69-0027-4957-fbefa71f7b52/manifest,,,,,40
忠義水滸全書 一百二十回首一巻圖一巻坿宣和遺事一巻[A006376-10],,,,,,,,中国語,,,,,,中国明末清初に刊刻された『水滸伝』,漢籍,首冊に図60葉あり。拠明末郁郁堂刊本後修本。版心下部に版木削除あり。まれに「郁郁堂/四傳」の刊記あり。書入れあり(書中據李本補者用緑鍾本用靛芥子園本用硃黎光堂本亦用靛映雪堂本亦用硃京本用胭脂)。,"線装,四針眼釘法",A00:6376,120回,(中国)明末清初,明後期,27.4×16.8,毎半葉10行、行22字,"神山閏次旧蔵, 東京大学総合図書館所蔵",48冊,"0008343386,0008343394,0008343402,0008343410,0008343428,0008343436,0008343444,0008343451,0008343469,0008343477,0008343485,0008343493,0008343501,0008343519,0008343527,0008343535,0008343543,0008343550,0008343568,0008343576,0008343584,0008343592,0008343600,0008343618,0008343626,0008343634,0008343642,0008343659,0008343667,0008343675,0008343683,0008343691,0008343709,0008343717,0008343725,0008343733,0008343741,0008343758,0008343766,0008343774,0008343782,0008343790,0008343808,0008343816,0008343824,0008343832,0008343840,0008343857","東京帝国大学図書印,山閏之印",印本,木版,忠義水滸全書一百二十回 Zhongyi Shuihu quanshu 120hui  忠義水滸全書一百二十回    忠义水浒全书一百二十回,"(巻首題)忠義水滸全書,(版心題)水滸全書,(目首題)忠義水滸全書,(引首首題)新鐫李氏臧本忠義水滸全書,(発凡首題)出像評點忠義水滸全書,(封面題)水滸四傳全書",1628-1735年,1567-1644,(内框)21.7×13.8cm,A006367,,,,,,,,,,,http://tify.sub.uni-goettingen.de/demo.html?manifest=https://archdataset.dl.itc.u-tokyo.ac.jp/manifest/70175c8f-2d11-a567-5a8d-922f55662d98.json,70175c8f-2d11-a567-5a8d-922f55662d98,https://iiif.dl.itc.u-tokyo.ac.jp/repo/s/asia/,https://iiif.dl.itc.u-tokyo.ac.jp/repo/s/asia/document/70175c8f-2d11-a567-5a8d-922f55662d98,https://www.lib.u-tokyo.ac.jp/ja/library/contents/archives-top/reuse,https://iiif.dl.itc.u-tokyo.ac.jp/repo/files/medium/3b80a63396e6ada5ad078ce2db498597c43dfcf2.jpg,https://iiif.dl.itc.u-tokyo.ac.jp/repo/api/items/1368463,"東京大学附属図書館アジア研究図書館上廣倫理財団寄付研究部門 / Uehiro Project for the Asian Research Library in the University of Tokyo, JAPAN",http://iiif.io/api/presentation/2#rightToLeftDirection,,水滸伝コレクション,,https://iiif.dl.itc.u-tokyo.ac.jp/repo/iiif/70175c8f-2d11-a567-5a8d-922f55662d98/manifest,,,,,39
忠義水滸全書 一百二十回首一巻圖一巻坿宣和遺事一巻[A006376-11],,,,,,,,中国語,,,,,,中国明末清初に刊刻された『水滸伝』,漢籍,首冊に図60葉あり。拠明末郁郁堂刊本後修本。版心下部に版木削除あり。まれに「郁郁堂/四傳」の刊記あり。書入れあり(書中據李本補者用緑鍾本用靛芥子園本用硃黎光堂本亦用靛映雪堂本亦用硃京本用胭脂)。,"線装,四針眼釘法",A00:6376,120回,(中国)明末清初,明後期,27.4×16.8,毎半葉10行、行22字,"神山閏次旧蔵, 東京大学総合図書館所蔵",48冊,"0008343386,0008343394,0008343402,0008343410,0008343428,0008343436,0008343444,0008343451,0008343469,0008343477,0008343485,0008343493,0008343501,0008343519,0008343527,0008343535,0008343543,0008343550,0008343568,0008343576,0008343584,0008343592,0008343600,0008343618,0008343626,0008343634,0008343642,0008343659,0008343667,0008343675,0008343683,0008343691,0008343709,0008343717,0008343725,0008343733,0008343741,0008343758,0008343766,0008343774,0008343782,0008343790,0008343808,0008343816,0008343824,0008343832,0008343840,0008343857","東京帝国大学図書印,山閏之印",印本,木版,忠義水滸全書一百二十回 Zhongyi Shuihu quanshu 120hui  忠義水滸全書一百二十回    忠义水浒全书一百二十回,"(巻首題)忠義水滸全書,(版心題)水滸全書,(目首題)忠義水滸全書,(引首首題)新鐫李氏臧本忠義水滸全書,(発凡首題)出像評點忠義水滸全書,(封面題)水滸四傳全書",1628-1735年,1567-1644,(内框)21.7×13.8cm,A006367,,,,,,,,,,,http://tify.sub.uni-goettingen.de/demo.html?manifest=https://archdataset.dl.itc.u-tokyo.ac.jp/manifest/601b4e35-4c4e-1756-836e-a5eec6d27070.json,601b4e35-4c4e-1756-836e-a5eec6d27070,https://iiif.dl.itc.u-tokyo.ac.jp/repo/s/asia/,https://iiif.dl.itc.u-tokyo.ac.jp/repo/s/asia/document/601b4e35-4c4e-1756-836e-a5eec6d27070,https://www.lib.u-tokyo.ac.jp/ja/library/contents/archives-top/reuse,https://iiif.dl.itc.u-tokyo.ac.jp/repo/files/medium/258961f5d6805be09ad7110d4f60bbbb7cce0972.jpg,https://iiif.dl.itc.u-tokyo.ac.jp/repo/api/items/1368464,"東京大学附属図書館アジア研究図書館上廣倫理財団寄付研究部門 / Uehiro Project for the Asian Research Library in the University of Tokyo, JAPAN",http://iiif.io/api/presentation/2#rightToLeftDirection,,水滸伝コレクション,,https://iiif.dl.itc.u-tokyo.ac.jp/repo/iiif/601b4e35-4c4e-1756-836e-a5eec6d27070/manifest,,,,,44
忠義水滸全書 一百二十回首一巻圖一巻坿宣和遺事一巻[A006376-12],,,,,,,,中国語,,,,,,中国明末清初に刊刻された『水滸伝』,漢籍,首冊に図60葉あり。拠明末郁郁堂刊本後修本。版心下部に版木削除あり。まれに「郁郁堂/四傳」の刊記あり。書入れあり(書中據李本補者用緑鍾本用靛芥子園本用硃黎光堂本亦用靛映雪堂本亦用硃京本用胭脂)。,"線装,四針眼釘法",A00:6376,120回,(中国)明末清初,明後期,27.4×16.8,毎半葉10行、行22字,"神山閏次旧蔵, 東京大学総合図書館所蔵",48冊,"0008343386,0008343394,0008343402,0008343410,0008343428,0008343436,0008343444,0008343451,0008343469,0008343477,0008343485,0008343493,0008343501,0008343519,0008343527,0008343535,0008343543,0008343550,0008343568,0008343576,0008343584,0008343592,0008343600,0008343618,0008343626,0008343634,0008343642,0008343659,0008343667,0008343675,0008343683,0008343691,0008343709,0008343717,0008343725,0008343733,0008343741,0008343758,0008343766,0008343774,0008343782,0008343790,0008343808,0008343816,0008343824,0008343832,0008343840,0008343857","東京帝国大学図書印,山閏之印",印本,木版,忠義水滸全書一百二十回 Zhongyi Shuihu quanshu 120hui  忠義水滸全書一百二十回    忠义水浒全书一百二十回,"(巻首題)忠義水滸全書,(版心題)水滸全書,(目首題)忠義水滸全書,(引首首題)新鐫李氏臧本忠義水滸全書,(発凡首題)出像評點忠義水滸全書,(封面題)水滸四傳全書",1628-1735年,1567-1644,(内框)21.7×13.8cm,A006367,,,,,,,,,,,http://tify.sub.uni-goettingen.de/demo.html?manifest=https://archdataset.dl.itc.u-tokyo.ac.jp/manifest/1dfd1d01-3036-54b4-212b-4072c4906b3f.json,1dfd1d01-3036-54b4-212b-4072c4906b3f,https://iiif.dl.itc.u-tokyo.ac.jp/repo/s/asia/,https://iiif.dl.itc.u-tokyo.ac.jp/repo/s/asia/document/1dfd1d01-3036-54b4-212b-4072c4906b3f,https://www.lib.u-tokyo.ac.jp/ja/library/contents/archives-top/reuse,https://iiif.dl.itc.u-tokyo.ac.jp/repo/files/medium/b0af5feb9ae5b841ac7d89727e61eb485f4a067d.jpg,https://iiif.dl.itc.u-tokyo.ac.jp/repo/api/items/1368465,"東京大学附属図書館アジア研究図書館上廣倫理財団寄付研究部門 / Uehiro Project for the Asian Research Library in the University of Tokyo, JAPAN",http://iiif.io/api/presentation/2#rightToLeftDirection,,水滸伝コレクション,,https://iiif.dl.itc.u-tokyo.ac.jp/repo/iiif/1dfd1d01-3036-54b4-212b-4072c4906b3f/manifest,,,,,34
忠義水滸全書 一百二十回首一巻圖一巻坿宣和遺事一巻[A006376-13],,,,,,,,中国語,,,,,,中国明末清初に刊刻された『水滸伝』,漢籍,首冊に図60葉あり。拠明末郁郁堂刊本後修本。版心下部に版木削除あり。まれに「郁郁堂/四傳」の刊記あり。書入れあり(書中據李本補者用緑鍾本用靛芥子園本用硃黎光堂本亦用靛映雪堂本亦用硃京本用胭脂)。,"線装,四針眼釘法",A00:6376,120回,(中国)明末清初,明後期,27.4×16.8,毎半葉10行、行22字,"神山閏次旧蔵, 東京大学総合図書館所蔵",48冊,"0008343386,0008343394,0008343402,0008343410,0008343428,0008343436,0008343444,0008343451,0008343469,0008343477,0008343485,0008343493,0008343501,0008343519,0008343527,0008343535,0008343543,0008343550,0008343568,0008343576,0008343584,0008343592,0008343600,0008343618,0008343626,0008343634,0008343642,0008343659,0008343667,0008343675,0008343683,0008343691,0008343709,0008343717,0008343725,0008343733,0008343741,0008343758,0008343766,0008343774,0008343782,0008343790,0008343808,0008343816,0008343824,0008343832,0008343840,0008343857","東京帝国大学図書印,山閏之印",印本,木版,忠義水滸全書一百二十回 Zhongyi Shuihu quanshu 120hui  忠義水滸全書一百二十回    忠义水浒全书一百二十回,"(巻首題)忠義水滸全書,(版心題)水滸全書,(目首題)忠義水滸全書,(引首首題)新鐫李氏臧本忠義水滸全書,(発凡首題)出像評點忠義水滸全書,(封面題)水滸四傳全書",1628-1735年,1567-1644,(内框)21.7×13.8cm,A006367,,,,,,,,,,,http://tify.sub.uni-goettingen.de/demo.html?manifest=https://archdataset.dl.itc.u-tokyo.ac.jp/manifest/36e98b92-a18d-1522-5469-3e4a01128380.json,36e98b92-a18d-1522-5469-3e4a01128380,https://iiif.dl.itc.u-tokyo.ac.jp/repo/s/asia/,https://iiif.dl.itc.u-tokyo.ac.jp/repo/s/asia/document/36e98b92-a18d-1522-5469-3e4a01128380,https://www.lib.u-tokyo.ac.jp/ja/library/contents/archives-top/reuse,https://iiif.dl.itc.u-tokyo.ac.jp/repo/files/medium/31f8f5f9b63baa18c9aae410c40b13136bd0ea04.jpg,https://iiif.dl.itc.u-tokyo.ac.jp/repo/api/items/1368466,"東京大学附属図書館アジア研究図書館上廣倫理財団寄付研究部門 / Uehiro Project for the Asian Research Library in the University of Tokyo, JAPAN",http://iiif.io/api/presentation/2#rightToLeftDirection,,水滸伝コレクション,,https://iiif.dl.itc.u-tokyo.ac.jp/repo/iiif/36e98b92-a18d-1522-5469-3e4a01128380/manifest,,,,,57
忠義水滸全書 一百二十回首一巻圖一巻坿宣和遺事一巻[A006376-14],,,,,,,,中国語,,,,,,中国明末清初に刊刻された『水滸伝』,漢籍,首冊に図60葉あり。拠明末郁郁堂刊本後修本。版心下部に版木削除あり。まれに「郁郁堂/四傳」の刊記あり。書入れあり(書中據李本補者用緑鍾本用靛芥子園本用硃黎光堂本亦用靛映雪堂本亦用硃京本用胭脂)。,"線装,四針眼釘法",A00:6376,120回,(中国)明末清初,明後期,27.4×16.8,毎半葉10行、行22字,"神山閏次旧蔵, 東京大学総合図書館所蔵",48冊,"0008343386,0008343394,0008343402,0008343410,0008343428,0008343436,0008343444,0008343451,0008343469,0008343477,0008343485,0008343493,0008343501,0008343519,0008343527,0008343535,0008343543,0008343550,0008343568,0008343576,0008343584,0008343592,0008343600,0008343618,0008343626,0008343634,0008343642,0008343659,0008343667,0008343675,0008343683,0008343691,0008343709,0008343717,0008343725,0008343733,0008343741,0008343758,0008343766,0008343774,0008343782,0008343790,0008343808,0008343816,0008343824,0008343832,0008343840,0008343857","東京帝国大学図書印,山閏之印",印本,木版,忠義水滸全書一百二十回 Zhongyi Shuihu quanshu 120hui  忠義水滸全書一百二十回    忠义水浒全书一百二十回,"(巻首題)忠義水滸全書,(版心題)水滸全書,(目首題)忠義水滸全書,(引首首題)新鐫李氏臧本忠義水滸全書,(発凡首題)出像評點忠義水滸全書,(封面題)水滸四傳全書",1628-1735年,1567-1644,(内框)21.7×13.8cm,A006367,,,,,,,,,,,http://tify.sub.uni-goettingen.de/demo.html?manifest=https://archdataset.dl.itc.u-tokyo.ac.jp/manifest/f0be106f-7add-9852-6b91-70bf71eb17a7.json,f0be106f-7add-9852-6b91-70bf71eb17a7,https://iiif.dl.itc.u-tokyo.ac.jp/repo/s/asia/,https://iiif.dl.itc.u-tokyo.ac.jp/repo/s/asia/document/f0be106f-7add-9852-6b91-70bf71eb17a7,https://www.lib.u-tokyo.ac.jp/ja/library/contents/archives-top/reuse,https://iiif.dl.itc.u-tokyo.ac.jp/repo/files/medium/d1270b92c2397776e5f0a9de721ec2d990c4613c.jpg,https://iiif.dl.itc.u-tokyo.ac.jp/repo/api/items/1368467,"東京大学附属図書館アジア研究図書館上廣倫理財団寄付研究部門 / Uehiro Project for the Asian Research Library in the University of Tokyo, JAPAN",http://iiif.io/api/presentation/2#rightToLeftDirection,,水滸伝コレクション,,https://iiif.dl.itc.u-tokyo.ac.jp/repo/iiif/f0be106f-7add-9852-6b91-70bf71eb17a7/manifest,,,,,50
忠義水滸全書 一百二十回首一巻圖一巻坿宣和遺事一巻[A006376-15],,,,,,,,中国語,,,,,,中国明末清初に刊刻された『水滸伝』,漢籍,首冊に図60葉あり。拠明末郁郁堂刊本後修本。版心下部に版木削除あり。まれに「郁郁堂/四傳」の刊記あり。書入れあり(書中據李本補者用緑鍾本用靛芥子園本用硃黎光堂本亦用靛映雪堂本亦用硃京本用胭脂)。,"線装,四針眼釘法",A00:6376,120回,(中国)明末清初,明後期,27.4×16.8,毎半葉10行、行22字,"神山閏次旧蔵, 東京大学総合図書館所蔵",48冊,"0008343386,0008343394,0008343402,0008343410,0008343428,0008343436,0008343444,0008343451,0008343469,0008343477,0008343485,0008343493,0008343501,0008343519,0008343527,0008343535,0008343543,0008343550,0008343568,0008343576,0008343584,0008343592,0008343600,0008343618,0008343626,0008343634,0008343642,0008343659,0008343667,0008343675,0008343683,0008343691,0008343709,0008343717,0008343725,0008343733,0008343741,0008343758,0008343766,0008343774,0008343782,0008343790,0008343808,0008343816,0008343824,0008343832,0008343840,0008343857","東京帝国大学図書印,山閏之印",印本,木版,忠義水滸全書一百二十回 Zhongyi Shuihu quanshu 120hui  忠義水滸全書一百二十回    忠义水浒全书一百二十回,"(巻首題)忠義水滸全書,(版心題)水滸全書,(目首題)忠義水滸全書,(引首首題)新鐫李氏臧本忠義水滸全書,(発凡首題)出像評點忠義水滸全書,(封面題)水滸四傳全書",1628-1735年,1567-1644,(内框)21.7×13.8cm,A006367,,,,,,,,,,,http://tify.sub.uni-goettingen.de/demo.html?manifest=https://archdataset.dl.itc.u-tokyo.ac.jp/manifest/c49cb7fc-97f3-0ec2-200a-a960e4163c78.json,c49cb7fc-97f3-0ec2-200a-a960e4163c78,https://iiif.dl.itc.u-tokyo.ac.jp/repo/s/asia/,https://iiif.dl.itc.u-tokyo.ac.jp/repo/s/asia/document/c49cb7fc-97f3-0ec2-200a-a960e4163c78,https://www.lib.u-tokyo.ac.jp/ja/library/contents/archives-top/reuse,https://iiif.dl.itc.u-tokyo.ac.jp/repo/files/medium/00b9d7a800040554b59437c6d8cb6236e59c14f0.jpg,https://iiif.dl.itc.u-tokyo.ac.jp/repo/api/items/1368468,"東京大学附属図書館アジア研究図書館上廣倫理財団寄付研究部門 / Uehiro Project for the Asian Research Library in the University of Tokyo, JAPAN",http://iiif.io/api/presentation/2#rightToLeftDirection,,水滸伝コレクション,,https://iiif.dl.itc.u-tokyo.ac.jp/repo/iiif/c49cb7fc-97f3-0ec2-200a-a960e4163c78/manifest,,,,,48
忠義水滸全書 一百二十回首一巻圖一巻坿宣和遺事一巻[A006376-16],,,,,,,,中国語,,,,,,中国明末清初に刊刻された『水滸伝』,漢籍,首冊に図60葉あり。拠明末郁郁堂刊本後修本。版心下部に版木削除あり。まれに「郁郁堂/四傳」の刊記あり。書入れあり(書中據李本補者用緑鍾本用靛芥子園本用硃黎光堂本亦用靛映雪堂本亦用硃京本用胭脂)。,"線装,四針眼釘法",A00:6376,120回,(中国)明末清初,明後期,27.4×16.8,毎半葉10行、行22字,"神山閏次旧蔵, 東京大学総合図書館所蔵",48冊,"0008343386,0008343394,0008343402,0008343410,0008343428,0008343436,0008343444,0008343451,0008343469,0008343477,0008343485,0008343493,0008343501,0008343519,0008343527,0008343535,0008343543,0008343550,0008343568,0008343576,0008343584,0008343592,0008343600,0008343618,0008343626,0008343634,0008343642,0008343659,0008343667,0008343675,0008343683,0008343691,0008343709,0008343717,0008343725,0008343733,0008343741,0008343758,0008343766,0008343774,0008343782,0008343790,0008343808,0008343816,0008343824,0008343832,0008343840,0008343857","東京帝国大学図書印,山閏之印",印本,木版,忠義水滸全書一百二十回 Zhongyi Shuihu quanshu 120hui  忠義水滸全書一百二十回    忠义水浒全书一百二十回,"(巻首題)忠義水滸全書,(版心題)水滸全書,(目首題)忠義水滸全書,(引首首題)新鐫李氏臧本忠義水滸全書,(発凡首題)出像評點忠義水滸全書,(封面題)水滸四傳全書",1628-1735年,1567-1644,(内框)21.7×13.8cm,A006367,,,,,,,,,,,http://tify.sub.uni-goettingen.de/demo.html?manifest=https://archdataset.dl.itc.u-tokyo.ac.jp/manifest/b6237b72-9186-3fa5-7dd0-1a87face0174.json,b6237b72-9186-3fa5-7dd0-1a87face0174,https://iiif.dl.itc.u-tokyo.ac.jp/repo/s/asia/,https://iiif.dl.itc.u-tokyo.ac.jp/repo/s/asia/document/b6237b72-9186-3fa5-7dd0-1a87face0174,https://www.lib.u-tokyo.ac.jp/ja/library/contents/archives-top/reuse,https://iiif.dl.itc.u-tokyo.ac.jp/repo/files/medium/13fabb9b62ec01e0ab0e2f1b8d79c1837a78809c.jpg,https://iiif.dl.itc.u-tokyo.ac.jp/repo/api/items/1368469,"東京大学附属図書館アジア研究図書館上廣倫理財団寄付研究部門 / Uehiro Project for the Asian Research Library in the University of Tokyo, JAPAN",http://iiif.io/api/presentation/2#rightToLeftDirection,,水滸伝コレクション,,https://iiif.dl.itc.u-tokyo.ac.jp/repo/iiif/b6237b72-9186-3fa5-7dd0-1a87face0174/manifest,,,,,61
忠義水滸全書 一百二十回首一巻圖一巻坿宣和遺事一巻[A006376-17],,,,,,,,中国語,,,,,,中国明末清初に刊刻された『水滸伝』,漢籍,首冊に図60葉あり。拠明末郁郁堂刊本後修本。版心下部に版木削除あり。まれに「郁郁堂/四傳」の刊記あり。書入れあり(書中據李本補者用緑鍾本用靛芥子園本用硃黎光堂本亦用靛映雪堂本亦用硃京本用胭脂)。,"線装,四針眼釘法",A00:6376,120回,(中国)明末清初,明後期,27.4×16.8,毎半葉10行、行22字,"神山閏次旧蔵, 東京大学総合図書館所蔵",48冊,"0008343386,0008343394,0008343402,0008343410,0008343428,0008343436,0008343444,0008343451,0008343469,0008343477,0008343485,0008343493,0008343501,0008343519,0008343527,0008343535,0008343543,0008343550,0008343568,0008343576,0008343584,0008343592,0008343600,0008343618,0008343626,0008343634,0008343642,0008343659,0008343667,0008343675,0008343683,0008343691,0008343709,0008343717,0008343725,0008343733,0008343741,0008343758,0008343766,0008343774,0008343782,0008343790,0008343808,0008343816,0008343824,0008343832,0008343840,0008343857","東京帝国大学図書印,山閏之印",印本,木版,忠義水滸全書一百二十回 Zhongyi Shuihu quanshu 120hui  忠義水滸全書一百二十回    忠义水浒全书一百二十回,"(巻首題)忠義水滸全書,(版心題)水滸全書,(目首題)忠義水滸全書,(引首首題)新鐫李氏臧本忠義水滸全書,(発凡首題)出像評點忠義水滸全書,(封面題)水滸四傳全書",1628-1735年,1567-1644,(内框)21.7×13.8cm,A006367,,,,,,,,,,,http://tify.sub.uni-goettingen.de/demo.html?manifest=https://archdataset.dl.itc.u-tokyo.ac.jp/manifest/f097ab8a-1249-0eba-54a2-577ee2511683.json,f097ab8a-1249-0eba-54a2-577ee2511683,https://iiif.dl.itc.u-tokyo.ac.jp/repo/s/asia/,https://iiif.dl.itc.u-tokyo.ac.jp/repo/s/asia/document/f097ab8a-1249-0eba-54a2-577ee2511683,https://www.lib.u-tokyo.ac.jp/ja/library/contents/archives-top/reuse,https://iiif.dl.itc.u-tokyo.ac.jp/repo/files/medium/2005dc9c0d4d2d594f2dcf34667896c8405212c0.jpg,https://iiif.dl.itc.u-tokyo.ac.jp/repo/api/items/1368470,"東京大学附属図書館アジア研究図書館上廣倫理財団寄付研究部門 / Uehiro Project for the Asian Research Library in the University of Tokyo, JAPAN",http://iiif.io/api/presentation/2#rightToLeftDirection,,水滸伝コレクション,,https://iiif.dl.itc.u-tokyo.ac.jp/repo/iiif/f097ab8a-1249-0eba-54a2-577ee2511683/manifest,,,,,38
忠義水滸全書 一百二十回首一巻圖一巻坿宣和遺事一巻[A006376-18],,,,,,,,中国語,,,,,,中国明末清初に刊刻された『水滸伝』,漢籍,首冊に図60葉あり。拠明末郁郁堂刊本後修本。版心下部に版木削除あり。まれに「郁郁堂/四傳」の刊記あり。書入れあり(書中據李本補者用緑鍾本用靛芥子園本用硃黎光堂本亦用靛映雪堂本亦用硃京本用胭脂)。,"線装,四針眼釘法",A00:6376,120回,(中国)明末清初,明後期,27.4×16.8,毎半葉10行、行22字,"神山閏次旧蔵, 東京大学総合図書館所蔵",48冊,"0008343386,0008343394,0008343402,0008343410,0008343428,0008343436,0008343444,0008343451,0008343469,0008343477,0008343485,0008343493,0008343501,0008343519,0008343527,0008343535,0008343543,0008343550,0008343568,0008343576,0008343584,0008343592,0008343600,0008343618,0008343626,0008343634,0008343642,0008343659,0008343667,0008343675,0008343683,0008343691,0008343709,0008343717,0008343725,0008343733,0008343741,0008343758,0008343766,0008343774,0008343782,0008343790,0008343808,0008343816,0008343824,0008343832,0008343840,0008343857","東京帝国大学図書印,山閏之印",印本,木版,忠義水滸全書一百二十回 Zhongyi Shuihu quanshu 120hui  忠義水滸全書一百二十回    忠义水浒全书一百二十回,"(巻首題)忠義水滸全書,(版心題)水滸全書,(目首題)忠義水滸全書,(引首首題)新鐫李氏臧本忠義水滸全書,(発凡首題)出像評點忠義水滸全書,(封面題)水滸四傳全書",1628-1735年,1567-1644,(内框)21.7×13.8cm,A006367,,,,,,,,,,,http://tify.sub.uni-goettingen.de/demo.html?manifest=https://archdataset.dl.itc.u-tokyo.ac.jp/manifest/1275534a-41cd-a654-a3fb-a2bbde78a1ab.json,1275534a-41cd-a654-a3fb-a2bbde78a1ab,https://iiif.dl.itc.u-tokyo.ac.jp/repo/s/asia/,https://iiif.dl.itc.u-tokyo.ac.jp/repo/s/asia/document/1275534a-41cd-a654-a3fb-a2bbde78a1ab,https://www.lib.u-tokyo.ac.jp/ja/library/contents/archives-top/reuse,https://iiif.dl.itc.u-tokyo.ac.jp/repo/files/medium/01c0c66878f86069e5032b2e84f22268bfecea25.jpg,https://iiif.dl.itc.u-tokyo.ac.jp/repo/api/items/1368471,"東京大学附属図書館アジア研究図書館上廣倫理財団寄付研究部門 / Uehiro Project for the Asian Research Library in the University of Tokyo, JAPAN",http://iiif.io/api/presentation/2#rightToLeftDirection,,水滸伝コレクション,,https://iiif.dl.itc.u-tokyo.ac.jp/repo/iiif/1275534a-41cd-a654-a3fb-a2bbde78a1ab/manifest,,,,,42
忠義水滸全書 一百二十回首一巻圖一巻坿宣和遺事一巻[A006376-19],,,,,,,,中国語,,,,,,中国明末清初に刊刻された『水滸伝』,漢籍,首冊に図60葉あり。拠明末郁郁堂刊本後修本。版心下部に版木削除あり。まれに「郁郁堂/四傳」の刊記あり。書入れあり(書中據李本補者用緑鍾本用靛芥子園本用硃黎光堂本亦用靛映雪堂本亦用硃京本用胭脂)。,"線装,四針眼釘法",A00:6376,120回,(中国)明末清初,明後期,27.4×16.8,毎半葉10行、行22字,"神山閏次旧蔵, 東京大学総合図書館所蔵",48冊,"0008343386,0008343394,0008343402,0008343410,0008343428,0008343436,0008343444,0008343451,0008343469,0008343477,0008343485,0008343493,0008343501,0008343519,0008343527,0008343535,0008343543,0008343550,0008343568,0008343576,0008343584,0008343592,0008343600,0008343618,0008343626,0008343634,0008343642,0008343659,0008343667,0008343675,0008343683,0008343691,0008343709,0008343717,0008343725,0008343733,0008343741,0008343758,0008343766,0008343774,0008343782,0008343790,0008343808,0008343816,0008343824,0008343832,0008343840,0008343857","東京帝国大学図書印,山閏之印",印本,木版,忠義水滸全書一百二十回 Zhongyi Shuihu quanshu 120hui  忠義水滸全書一百二十回    忠义水浒全书一百二十回,"(巻首題)忠義水滸全書,(版心題)水滸全書,(目首題)忠義水滸全書,(引首首題)新鐫李氏臧本忠義水滸全書,(発凡首題)出像評點忠義水滸全書,(封面題)水滸四傳全書",1628-1735年,1567-1644,(内框)21.7×13.8cm,A006367,,,,,,,,,,,http://tify.sub.uni-goettingen.de/demo.html?manifest=https://archdataset.dl.itc.u-tokyo.ac.jp/manifest/c9087e90-3943-0fbc-8774-4ed0b4f14b18.json,c9087e90-3943-0fbc-8774-4ed0b4f14b18,https://iiif.dl.itc.u-tokyo.ac.jp/repo/s/asia/,https://iiif.dl.itc.u-tokyo.ac.jp/repo/s/asia/document/c9087e90-3943-0fbc-8774-4ed0b4f14b18,https://www.lib.u-tokyo.ac.jp/ja/library/contents/archives-top/reuse,https://iiif.dl.itc.u-tokyo.ac.jp/repo/files/medium/33800331a91ef221e975eeeeaa128b24d2794aab.jpg,https://iiif.dl.itc.u-tokyo.ac.jp/repo/api/items/1368472,"東京大学附属図書館アジア研究図書館上廣倫理財団寄付研究部門 / Uehiro Project for the Asian Research Library in the University of Tokyo, JAPAN",http://iiif.io/api/presentation/2#rightToLeftDirection,,水滸伝コレクション,,https://iiif.dl.itc.u-tokyo.ac.jp/repo/iiif/c9087e90-3943-0fbc-8774-4ed0b4f14b18/manifest,,,,,42
忠義水滸全書 一百二十回首一巻圖一巻坿宣和遺事一巻[A006376-20],,,,,,,,中国語,,,,,,中国明末清初に刊刻された『水滸伝』,漢籍,首冊に図60葉あり。拠明末郁郁堂刊本後修本。版心下部に版木削除あり。まれに「郁郁堂/四傳」の刊記あり。書入れあり(書中據李本補者用緑鍾本用靛芥子園本用硃黎光堂本亦用靛映雪堂本亦用硃京本用胭脂)。,"線装,四針眼釘法",A00:6376,120回,(中国)明末清初,明後期,27.4×16.8,毎半葉10行、行22字,"神山閏次旧蔵, 東京大学総合図書館所蔵",48冊,"0008343386,0008343394,0008343402,0008343410,0008343428,0008343436,0008343444,0008343451,0008343469,0008343477,0008343485,0008343493,0008343501,0008343519,0008343527,0008343535,0008343543,0008343550,0008343568,0008343576,0008343584,0008343592,0008343600,0008343618,0008343626,0008343634,0008343642,0008343659,0008343667,0008343675,0008343683,0008343691,0008343709,0008343717,0008343725,0008343733,0008343741,0008343758,0008343766,0008343774,0008343782,0008343790,0008343808,0008343816,0008343824,0008343832,0008343840,0008343857","東京帝国大学図書印,山閏之印",印本,木版,忠義水滸全書一百二十回 Zhongyi Shuihu quanshu 120hui  忠義水滸全書一百二十回    忠义水浒全书一百二十回,"(巻首題)忠義水滸全書,(版心題)水滸全書,(目首題)忠義水滸全書,(引首首題)新鐫李氏臧本忠義水滸全書,(発凡首題)出像評點忠義水滸全書,(封面題)水滸四傳全書",1628-1735年,1567-1644,(内框)21.7×13.8cm,A006367,,,,,,,,,,,http://tify.sub.uni-goettingen.de/demo.html?manifest=https://archdataset.dl.itc.u-tokyo.ac.jp/manifest/6c93f140-529f-9605-37d8-51846aea92cb.json,6c93f140-529f-9605-37d8-51846aea92cb,https://iiif.dl.itc.u-tokyo.ac.jp/repo/s/asia/,https://iiif.dl.itc.u-tokyo.ac.jp/repo/s/asia/document/6c93f140-529f-9605-37d8-51846aea92cb,https://www.lib.u-tokyo.ac.jp/ja/library/contents/archives-top/reuse,https://iiif.dl.itc.u-tokyo.ac.jp/repo/files/medium/aa028a3d1b98094ce4504b50b4333e7bf7893049.jpg,https://iiif.dl.itc.u-tokyo.ac.jp/repo/api/items/1368473,"東京大学附属図書館アジア研究図書館上廣倫理財団寄付研究部門 / Uehiro Project for the Asian Research Library in the University of Tokyo, JAPAN",http://iiif.io/api/presentation/2#rightToLeftDirection,,水滸伝コレクション,,https://iiif.dl.itc.u-tokyo.ac.jp/repo/iiif/6c93f140-529f-9605-37d8-51846aea92cb/manifest,,,,,40
忠義水滸全書 一百二十回首一巻圖一巻坿宣和遺事一巻[A006376-21],,,,,,,,中国語,,,,,,中国明末清初に刊刻された『水滸伝』,漢籍,首冊に図60葉あり。拠明末郁郁堂刊本後修本。版心下部に版木削除あり。まれに「郁郁堂/四傳」の刊記あり。書入れあり(書中據李本補者用緑鍾本用靛芥子園本用硃黎光堂本亦用靛映雪堂本亦用硃京本用胭脂)。,"線装,四針眼釘法",A00:6376,120回,(中国)明末清初,明後期,27.4×16.8,毎半葉10行、行22字,"神山閏次旧蔵, 東京大学総合図書館所蔵",48冊,"0008343386,0008343394,0008343402,0008343410,0008343428,0008343436,0008343444,0008343451,0008343469,0008343477,0008343485,0008343493,0008343501,0008343519,0008343527,0008343535,0008343543,0008343550,0008343568,0008343576,0008343584,0008343592,0008343600,0008343618,0008343626,0008343634,0008343642,0008343659,0008343667,0008343675,0008343683,0008343691,0008343709,0008343717,0008343725,0008343733,0008343741,0008343758,0008343766,0008343774,0008343782,0008343790,0008343808,0008343816,0008343824,0008343832,0008343840,0008343857","東京帝国大学図書印,山閏之印",印本,木版,忠義水滸全書一百二十回 Zhongyi Shuihu quanshu 120hui  忠義水滸全書一百二十回    忠义水浒全书一百二十回,"(巻首題)忠義水滸全書,(版心題)水滸全書,(目首題)忠義水滸全書,(引首首題)新鐫李氏臧本忠義水滸全書,(発凡首題)出像評點忠義水滸全書,(封面題)水滸四傳全書",1628-1735年,1567-1644,(内框)21.7×13.8cm,A006367,,,,,,,,,,,http://tify.sub.uni-goettingen.de/demo.html?manifest=https://archdataset.dl.itc.u-tokyo.ac.jp/manifest/a1e9f963-3e91-7a92-031b-a703929f6cc9.json,a1e9f963-3e91-7a92-031b-a703929f6cc9,https://iiif.dl.itc.u-tokyo.ac.jp/repo/s/asia/,https://iiif.dl.itc.u-tokyo.ac.jp/repo/s/asia/document/a1e9f963-3e91-7a92-031b-a703929f6cc9,https://www.lib.u-tokyo.ac.jp/ja/library/contents/archives-top/reuse,https://iiif.dl.itc.u-tokyo.ac.jp/repo/files/medium/aa9491a36cddcf52ec44a1f21dc480c034ca201a.jpg,https://iiif.dl.itc.u-tokyo.ac.jp/repo/api/items/1368474,"東京大学附属図書館アジア研究図書館上廣倫理財団寄付研究部門 / Uehiro Project for the Asian Research Library in the University of Tokyo, JAPAN",http://iiif.io/api/presentation/2#rightToLeftDirection,,水滸伝コレクション,,https://iiif.dl.itc.u-tokyo.ac.jp/repo/iiif/a1e9f963-3e91-7a92-031b-a703929f6cc9/manifest,,,,,46
忠義水滸全書 一百二十回首一巻圖一巻坿宣和遺事一巻[A006376-22],,,,,,,,中国語,,,,,,中国明末清初に刊刻された『水滸伝』,漢籍,首冊に図60葉あり。拠明末郁郁堂刊本後修本。版心下部に版木削除あり。まれに「郁郁堂/四傳」の刊記あり。書入れあり(書中據李本補者用緑鍾本用靛芥子園本用硃黎光堂本亦用靛映雪堂本亦用硃京本用胭脂)。,"線装,四針眼釘法",A00:6376,120回,(中国)明末清初,明後期,27.4×16.8,毎半葉10行、行22字,"神山閏次旧蔵, 東京大学総合図書館所蔵",48冊,"0008343386,0008343394,0008343402,0008343410,0008343428,0008343436,0008343444,0008343451,0008343469,0008343477,0008343485,0008343493,0008343501,0008343519,0008343527,0008343535,0008343543,0008343550,0008343568,0008343576,0008343584,0008343592,0008343600,0008343618,0008343626,0008343634,0008343642,0008343659,0008343667,0008343675,0008343683,0008343691,0008343709,0008343717,0008343725,0008343733,0008343741,0008343758,0008343766,0008343774,0008343782,0008343790,0008343808,0008343816,0008343824,0008343832,0008343840,0008343857","東京帝国大学図書印,山閏之印",印本,木版,忠義水滸全書一百二十回 Zhongyi Shuihu quanshu 120hui  忠義水滸全書一百二十回    忠义水浒全书一百二十回,"(巻首題)忠義水滸全書,(版心題)水滸全書,(目首題)忠義水滸全書,(引首首題)新鐫李氏臧本忠義水滸全書,(発凡首題)出像評點忠義水滸全書,(封面題)水滸四傳全書",1628-1735年,1567-1644,(内框)21.7×13.8cm,A006367,,,,,,,,,,,http://tify.sub.uni-goettingen.de/demo.html?manifest=https://archdataset.dl.itc.u-tokyo.ac.jp/manifest/aeb262cc-918d-a0c3-2582-56792684a02a.json,aeb262cc-918d-a0c3-2582-56792684a02a,https://iiif.dl.itc.u-tokyo.ac.jp/repo/s/asia/,https://iiif.dl.itc.u-tokyo.ac.jp/repo/s/asia/document/aeb262cc-918d-a0c3-2582-56792684a02a,https://www.lib.u-tokyo.ac.jp/ja/library/contents/archives-top/reuse,https://iiif.dl.itc.u-tokyo.ac.jp/repo/files/medium/4bdfdc178ae52b2815d33b78e93848ad8f81197d.jpg,https://iiif.dl.itc.u-tokyo.ac.jp/repo/api/items/1368475,"東京大学附属図書館アジア研究図書館上廣倫理財団寄付研究部門 / Uehiro Project for the Asian Research Library in the University of Tokyo, JAPAN",http://iiif.io/api/presentation/2#rightToLeftDirection,,水滸伝コレクション,,https://iiif.dl.itc.u-tokyo.ac.jp/repo/iiif/aeb262cc-918d-a0c3-2582-56792684a02a/manifest,,,,,43
忠義水滸全書 一百二十回首一巻圖一巻坿宣和遺事一巻[A006376-23],,,,,,,,中国語,,,,,,中国明末清初に刊刻された『水滸伝』,漢籍,首冊に図60葉あり。拠明末郁郁堂刊本後修本。版心下部に版木削除あり。まれに「郁郁堂/四傳」の刊記あり。書入れあり(書中據李本補者用緑鍾本用靛芥子園本用硃黎光堂本亦用靛映雪堂本亦用硃京本用胭脂)。,"線装,四針眼釘法",A00:6376,120回,(中国)明末清初,明後期,27.4×16.8,毎半葉10行、行22字,"神山閏次旧蔵, 東京大学総合図書館所蔵",48冊,"0008343386,0008343394,0008343402,0008343410,0008343428,0008343436,0008343444,0008343451,0008343469,0008343477,0008343485,0008343493,0008343501,0008343519,0008343527,0008343535,0008343543,0008343550,0008343568,0008343576,0008343584,0008343592,0008343600,0008343618,0008343626,0008343634,0008343642,0008343659,0008343667,0008343675,0008343683,0008343691,0008343709,0008343717,0008343725,0008343733,0008343741,0008343758,0008343766,0008343774,0008343782,0008343790,0008343808,0008343816,0008343824,0008343832,0008343840,0008343857","東京帝国大学図書印,山閏之印",印本,木版,忠義水滸全書一百二十回 Zhongyi Shuihu quanshu 120hui  忠義水滸全書一百二十回    忠义水浒全书一百二十回,"(巻首題)忠義水滸全書,(版心題)水滸全書,(目首題)忠義水滸全書,(引首首題)新鐫李氏臧本忠義水滸全書,(発凡首題)出像評點忠義水滸全書,(封面題)水滸四傳全書",1628-1735年,1567-1644,(内框)21.7×13.8cm,A006367,,,,,,,,,,,http://tify.sub.uni-goettingen.de/demo.html?manifest=https://archdataset.dl.itc.u-tokyo.ac.jp/manifest/1ad58ff2-36dc-79f5-9f8b-ff6d296b2535.json,1ad58ff2-36dc-79f5-9f8b-ff6d296b2535,https://iiif.dl.itc.u-tokyo.ac.jp/repo/s/asia/,https://iiif.dl.itc.u-tokyo.ac.jp/repo/s/asia/document/1ad58ff2-36dc-79f5-9f8b-ff6d296b2535,https://www.lib.u-tokyo.ac.jp/ja/library/contents/archives-top/reuse,https://iiif.dl.itc.u-tokyo.ac.jp/repo/files/medium/c0fecb8d3428d0a26b33e5634a8e2c1be8dbf913.jpg,https://iiif.dl.itc.u-tokyo.ac.jp/repo/api/items/1368476,"東京大学附属図書館アジア研究図書館上廣倫理財団寄付研究部門 / Uehiro Project for the Asian Research Library in the University of Tokyo, JAPAN",http://iiif.io/api/presentation/2#rightToLeftDirection,,水滸伝コレクション,,https://iiif.dl.itc.u-tokyo.ac.jp/repo/iiif/1ad58ff2-36dc-79f5-9f8b-ff6d296b2535/manifest,,,,,36
忠義水滸全書 一百二十回首一巻圖一巻坿宣和遺事一巻[A006376-24],,,,,,,,中国語,,,,,,中国明末清初に刊刻された『水滸伝』,漢籍,首冊に図60葉あり。拠明末郁郁堂刊本後修本。版心下部に版木削除あり。まれに「郁郁堂/四傳」の刊記あり。書入れあり(書中據李本補者用緑鍾本用靛芥子園本用硃黎光堂本亦用靛映雪堂本亦用硃京本用胭脂)。,"線装,四針眼釘法",A00:6376,120回,(中国)明末清初,明後期,27.4×16.8,毎半葉10行、行22字,"神山閏次旧蔵, 東京大学総合図書館所蔵",48冊,"0008343386,0008343394,0008343402,0008343410,0008343428,0008343436,0008343444,0008343451,0008343469,0008343477,0008343485,0008343493,0008343501,0008343519,0008343527,0008343535,0008343543,0008343550,0008343568,0008343576,0008343584,0008343592,0008343600,0008343618,0008343626,0008343634,0008343642,0008343659,0008343667,0008343675,0008343683,0008343691,0008343709,0008343717,0008343725,0008343733,0008343741,0008343758,0008343766,0008343774,0008343782,0008343790,0008343808,0008343816,0008343824,0008343832,0008343840,0008343857","東京帝国大学図書印,山閏之印",印本,木版,忠義水滸全書一百二十回 Zhongyi Shuihu quanshu 120hui  忠義水滸全書一百二十回    忠义水浒全书一百二十回,"(巻首題)忠義水滸全書,(版心題)水滸全書,(目首題)忠義水滸全書,(引首首題)新鐫李氏臧本忠義水滸全書,(発凡首題)出像評點忠義水滸全書,(封面題)水滸四傳全書",1628-1735年,1567-1644,(内框)21.7×13.8cm,A006367,,,,,,,,,,,http://tify.sub.uni-goettingen.de/demo.html?manifest=https://archdataset.dl.itc.u-tokyo.ac.jp/manifest/5f0b6e30-5a02-892e-6d53-b68e3ec17f8b.json,5f0b6e30-5a02-892e-6d53-b68e3ec17f8b,https://iiif.dl.itc.u-tokyo.ac.jp/repo/s/asia/,https://iiif.dl.itc.u-tokyo.ac.jp/repo/s/asia/document/5f0b6e30-5a02-892e-6d53-b68e3ec17f8b,https://www.lib.u-tokyo.ac.jp/ja/library/contents/archives-top/reuse,https://iiif.dl.itc.u-tokyo.ac.jp/repo/files/medium/b9e4e8d233c32e54aaa28adb9242721fdd34bc4e.jpg,https://iiif.dl.itc.u-tokyo.ac.jp/repo/api/items/1368477,"東京大学附属図書館アジア研究図書館上廣倫理財団寄付研究部門 / Uehiro Project for the Asian Research Library in the University of Tokyo, JAPAN",http://iiif.io/api/presentation/2#rightToLeftDirection,,水滸伝コレクション,,https://iiif.dl.itc.u-tokyo.ac.jp/repo/iiif/5f0b6e30-5a02-892e-6d53-b68e3ec17f8b/manifest,,,,,53
忠義水滸全書 一百二十回首一巻圖一巻坿宣和遺事一巻[A006376-25],,,,,,,,中国語,,,,,,中国明末清初に刊刻された『水滸伝』,漢籍,首冊に図60葉あり。拠明末郁郁堂刊本後修本。版心下部に版木削除あり。まれに「郁郁堂/四傳」の刊記あり。書入れあり(書中據李本補者用緑鍾本用靛芥子園本用硃黎光堂本亦用靛映雪堂本亦用硃京本用胭脂)。,"線装,四針眼釘法",A00:6376,120回,(中国)明末清初,明後期,27.4×16.8,毎半葉10行、行22字,"神山閏次旧蔵, 東京大学総合図書館所蔵",48冊,"0008343386,0008343394,0008343402,0008343410,0008343428,0008343436,0008343444,0008343451,0008343469,0008343477,0008343485,0008343493,0008343501,0008343519,0008343527,0008343535,0008343543,0008343550,0008343568,0008343576,0008343584,0008343592,0008343600,0008343618,0008343626,0008343634,0008343642,0008343659,0008343667,0008343675,0008343683,0008343691,0008343709,0008343717,0008343725,0008343733,0008343741,0008343758,0008343766,0008343774,0008343782,0008343790,0008343808,0008343816,0008343824,0008343832,0008343840,0008343857","東京帝国大学図書印,山閏之印",印本,木版,忠義水滸全書一百二十回 Zhongyi Shuihu quanshu 120hui  忠義水滸全書一百二十回    忠义水浒全书一百二十回,"(巻首題)忠義水滸全書,(版心題)水滸全書,(目首題)忠義水滸全書,(引首首題)新鐫李氏臧本忠義水滸全書,(発凡首題)出像評點忠義水滸全書,(封面題)水滸四傳全書",1628-1735年,1567-1644,(内框)21.7×13.8cm,A006367,,,,,,,,,,,http://tify.sub.uni-goettingen.de/demo.html?manifest=https://archdataset.dl.itc.u-tokyo.ac.jp/manifest/6a1bcd48-462b-9960-01a7-3f6527ef46cc.json,6a1bcd48-462b-9960-01a7-3f6527ef46cc,https://iiif.dl.itc.u-tokyo.ac.jp/repo/s/asia/,https://iiif.dl.itc.u-tokyo.ac.jp/repo/s/asia/document/6a1bcd48-462b-9960-01a7-3f6527ef46cc,https://www.lib.u-tokyo.ac.jp/ja/library/contents/archives-top/reuse,https://iiif.dl.itc.u-tokyo.ac.jp/repo/files/medium/afab7d7e820335bbcbc0057e20a13fc5b423972c.jpg,https://iiif.dl.itc.u-tokyo.ac.jp/repo/api/items/1368478,"東京大学附属図書館アジア研究図書館上廣倫理財団寄付研究部門 / Uehiro Project for the Asian Research Library in the University of Tokyo, JAPAN",http://iiif.io/api/presentation/2#rightToLeftDirection,,水滸伝コレクション,,https://iiif.dl.itc.u-tokyo.ac.jp/repo/iiif/6a1bcd48-462b-9960-01a7-3f6527ef46cc/manifest,,,,,41
忠義水滸全書 一百二十回首一巻圖一巻坿宣和遺事一巻[A006376-26],,,,,,,,中国語,,,,,,中国明末清初に刊刻された『水滸伝』,漢籍,首冊に図60葉あり。拠明末郁郁堂刊本後修本。版心下部に版木削除あり。まれに「郁郁堂/四傳」の刊記あり。書入れあり(書中據李本補者用緑鍾本用靛芥子園本用硃黎光堂本亦用靛映雪堂本亦用硃京本用胭脂)。,"線装,四針眼釘法",A00:6376,120回,(中国)明末清初,明後期,27.4×16.8,毎半葉10行、行22字,"神山閏次旧蔵, 東京大学総合図書館所蔵",48冊,"0008343386,0008343394,0008343402,0008343410,0008343428,0008343436,0008343444,0008343451,0008343469,0008343477,0008343485,0008343493,0008343501,0008343519,0008343527,0008343535,0008343543,0008343550,0008343568,0008343576,0008343584,0008343592,0008343600,0008343618,0008343626,0008343634,0008343642,0008343659,0008343667,0008343675,0008343683,0008343691,0008343709,0008343717,0008343725,0008343733,0008343741,0008343758,0008343766,0008343774,0008343782,0008343790,0008343808,0008343816,0008343824,0008343832,0008343840,0008343857","東京帝国大学図書印,山閏之印",印本,木版,忠義水滸全書一百二十回 Zhongyi Shuihu quanshu 120hui  忠義水滸全書一百二十回    忠义水浒全书一百二十回,"(巻首題)忠義水滸全書,(版心題)水滸全書,(目首題)忠義水滸全書,(引首首題)新鐫李氏臧本忠義水滸全書,(発凡首題)出像評點忠義水滸全書,(封面題)水滸四傳全書",1628-1735年,1567-1644,(内框)21.7×13.8cm,A006367,,,,,,,,,,,http://tify.sub.uni-goettingen.de/demo.html?manifest=https://archdataset.dl.itc.u-tokyo.ac.jp/manifest/6f093162-775b-7e25-5247-6e141f164f91.json,6f093162-775b-7e25-5247-6e141f164f91,https://iiif.dl.itc.u-tokyo.ac.jp/repo/s/asia/,https://iiif.dl.itc.u-tokyo.ac.jp/repo/s/asia/document/6f093162-775b-7e25-5247-6e141f164f91,https://www.lib.u-tokyo.ac.jp/ja/library/contents/archives-top/reuse,https://iiif.dl.itc.u-tokyo.ac.jp/repo/files/medium/37a187a39be2e32d56c77817530220fabc3ce528.jpg,https://iiif.dl.itc.u-tokyo.ac.jp/repo/api/items/1368479,"東京大学附属図書館アジア研究図書館上廣倫理財団寄付研究部門 / Uehiro Project for the Asian Research Library in the University of Tokyo, JAPAN",http://iiif.io/api/presentation/2#rightToLeftDirection,,水滸伝コレクション,,https://iiif.dl.itc.u-tokyo.ac.jp/repo/iiif/6f093162-775b-7e25-5247-6e141f164f91/manifest,,,,,50
忠義水滸全書 一百二十回首一巻圖一巻坿宣和遺事一巻[A006376-27],,,,,,,,中国語,,,,,,中国明末清初に刊刻された『水滸伝』,漢籍,首冊に図60葉あり。拠明末郁郁堂刊本後修本。版心下部に版木削除あり。まれに「郁郁堂/四傳」の刊記あり。書入れあり(書中據李本補者用緑鍾本用靛芥子園本用硃黎光堂本亦用靛映雪堂本亦用硃京本用胭脂)。,"線装,四針眼釘法",A00:6376,120回,(中国)明末清初,明後期,27.4×16.8,毎半葉10行、行22字,"神山閏次旧蔵, 東京大学総合図書館所蔵",48冊,"0008343386,0008343394,0008343402,0008343410,0008343428,0008343436,0008343444,0008343451,0008343469,0008343477,0008343485,0008343493,0008343501,0008343519,0008343527,0008343535,0008343543,0008343550,0008343568,0008343576,0008343584,0008343592,0008343600,0008343618,0008343626,0008343634,0008343642,0008343659,0008343667,0008343675,0008343683,0008343691,0008343709,0008343717,0008343725,0008343733,0008343741,0008343758,0008343766,0008343774,0008343782,0008343790,0008343808,0008343816,0008343824,0008343832,0008343840,0008343857","東京帝国大学図書印,山閏之印",印本,木版,忠義水滸全書一百二十回 Zhongyi Shuihu quanshu 120hui  忠義水滸全書一百二十回    忠义水浒全书一百二十回,"(巻首題)忠義水滸全書,(版心題)水滸全書,(目首題)忠義水滸全書,(引首首題)新鐫李氏臧本忠義水滸全書,(発凡首題)出像評點忠義水滸全書,(封面題)水滸四傳全書",1628-1735年,1567-1644,(内框)21.7×13.8cm,A006367,,,,,,,,,,,http://tify.sub.uni-goettingen.de/demo.html?manifest=https://archdataset.dl.itc.u-tokyo.ac.jp/manifest/0ba82753-1e1d-949c-6710-4928eeb76463.json,0ba82753-1e1d-949c-6710-4928eeb76463,https://iiif.dl.itc.u-tokyo.ac.jp/repo/s/asia/,https://iiif.dl.itc.u-tokyo.ac.jp/repo/s/asia/document/0ba82753-1e1d-949c-6710-4928eeb76463,https://www.lib.u-tokyo.ac.jp/ja/library/contents/archives-top/reuse,https://iiif.dl.itc.u-tokyo.ac.jp/repo/files/medium/91c54b6c29bf06dd3ac79283a1aa456145115738.jpg,https://iiif.dl.itc.u-tokyo.ac.jp/repo/api/items/1368480,"東京大学附属図書館アジア研究図書館上廣倫理財団寄付研究部門 / Uehiro Project for the Asian Research Library in the University of Tokyo, JAPAN",http://iiif.io/api/presentation/2#rightToLeftDirection,,水滸伝コレクション,,https://iiif.dl.itc.u-tokyo.ac.jp/repo/iiif/0ba82753-1e1d-949c-6710-4928eeb76463/manifest,,,,,52
忠義水滸全書 一百二十回首一巻圖一巻坿宣和遺事一巻[A006376-28],,,,,,,,中国語,,,,,,中国明末清初に刊刻された『水滸伝』,漢籍,首冊に図60葉あり。拠明末郁郁堂刊本後修本。版心下部に版木削除あり。まれに「郁郁堂/四傳」の刊記あり。書入れあり(書中據李本補者用緑鍾本用靛芥子園本用硃黎光堂本亦用靛映雪堂本亦用硃京本用胭脂)。,"線装,四針眼釘法",A00:6376,120回,(中国)明末清初,明後期,27.4×16.8,毎半葉10行、行22字,"神山閏次旧蔵, 東京大学総合図書館所蔵",48冊,"0008343386,0008343394,0008343402,0008343410,0008343428,0008343436,0008343444,0008343451,0008343469,0008343477,0008343485,0008343493,0008343501,0008343519,0008343527,0008343535,0008343543,0008343550,0008343568,0008343576,0008343584,0008343592,0008343600,0008343618,0008343626,0008343634,0008343642,0008343659,0008343667,0008343675,0008343683,0008343691,0008343709,0008343717,0008343725,0008343733,0008343741,0008343758,0008343766,0008343774,0008343782,0008343790,0008343808,0008343816,0008343824,0008343832,0008343840,0008343857","東京帝国大学図書印,山閏之印",印本,木版,忠義水滸全書一百二十回 Zhongyi Shuihu quanshu 120hui  忠義水滸全書一百二十回    忠义水浒全书一百二十回,"(巻首題)忠義水滸全書,(版心題)水滸全書,(目首題)忠義水滸全書,(引首首題)新鐫李氏臧本忠義水滸全書,(発凡首題)出像評點忠義水滸全書,(封面題)水滸四傳全書",1628-1735年,1567-1644,(内框)21.7×13.8cm,A006367,,,,,,,,,,,http://tify.sub.uni-goettingen.de/demo.html?manifest=https://archdataset.dl.itc.u-tokyo.ac.jp/manifest/988c5d4e-844a-94e2-7b6f-09ac7bf82b73.json,988c5d4e-844a-94e2-7b6f-09ac7bf82b73,https://iiif.dl.itc.u-tokyo.ac.jp/repo/s/asia/,https://iiif.dl.itc.u-tokyo.ac.jp/repo/s/asia/document/988c5d4e-844a-94e2-7b6f-09ac7bf82b73,https://www.lib.u-tokyo.ac.jp/ja/library/contents/archives-top/reuse,https://iiif.dl.itc.u-tokyo.ac.jp/repo/files/medium/8f7a371c57d84a2a85c49d2de29ae8c3f4b51aa9.jpg,https://iiif.dl.itc.u-tokyo.ac.jp/repo/api/items/1368481,"東京大学附属図書館アジア研究図書館上廣倫理財団寄付研究部門 / Uehiro Project for the Asian Research Library in the University of Tokyo, JAPAN",http://iiif.io/api/presentation/2#rightToLeftDirection,,水滸伝コレクション,,https://iiif.dl.itc.u-tokyo.ac.jp/repo/iiif/988c5d4e-844a-94e2-7b6f-09ac7bf82b73/manifest,,,,,40
忠義水滸全書 一百二十回首一巻圖一巻坿宣和遺事一巻[A006376-29],,,,,,,,中国語,,,,,,中国明末清初に刊刻された『水滸伝』,漢籍,首冊に図60葉あり。拠明末郁郁堂刊本後修本。版心下部に版木削除あり。まれに「郁郁堂/四傳」の刊記あり。書入れあり(書中據李本補者用緑鍾本用靛芥子園本用硃黎光堂本亦用靛映雪堂本亦用硃京本用胭脂)。,"線装,四針眼釘法",A00:6376,120回,(中国)明末清初,明後期,27.4×16.8,毎半葉10行、行22字,"神山閏次旧蔵, 東京大学総合図書館所蔵",48冊,"0008343386,0008343394,0008343402,0008343410,0008343428,0008343436,0008343444,0008343451,0008343469,0008343477,0008343485,0008343493,0008343501,0008343519,0008343527,0008343535,0008343543,0008343550,0008343568,0008343576,0008343584,0008343592,0008343600,0008343618,0008343626,0008343634,0008343642,0008343659,0008343667,0008343675,0008343683,0008343691,0008343709,0008343717,0008343725,0008343733,0008343741,0008343758,0008343766,0008343774,0008343782,0008343790,0008343808,0008343816,0008343824,0008343832,0008343840,0008343857","東京帝国大学図書印,山閏之印",印本,木版,忠義水滸全書一百二十回 Zhongyi Shuihu quanshu 120hui  忠義水滸全書一百二十回    忠义水浒全书一百二十回,"(巻首題)忠義水滸全書,(版心題)水滸全書,(目首題)忠義水滸全書,(引首首題)新鐫李氏臧本忠義水滸全書,(発凡首題)出像評點忠義水滸全書,(封面題)水滸四傳全書",1628-1735年,1567-1644,(内框)21.7×13.8cm,A006367,,,,,,,,,,,http://tify.sub.uni-goettingen.de/demo.html?manifest=https://archdataset.dl.itc.u-tokyo.ac.jp/manifest/fe9b603d-51fc-94af-0557-5ce8e6b16647.json,fe9b603d-51fc-94af-0557-5ce8e6b16647,https://iiif.dl.itc.u-tokyo.ac.jp/repo/s/asia/,https://iiif.dl.itc.u-tokyo.ac.jp/repo/s/asia/document/fe9b603d-51fc-94af-0557-5ce8e6b16647,https://www.lib.u-tokyo.ac.jp/ja/library/contents/archives-top/reuse,https://iiif.dl.itc.u-tokyo.ac.jp/repo/files/medium/ccc6fbb07aaeecdce24ac38dad355fd0aecd7266.jpg,https://iiif.dl.itc.u-tokyo.ac.jp/repo/api/items/1368482,"東京大学附属図書館アジア研究図書館上廣倫理財団寄付研究部門 / Uehiro Project for the Asian Research Library in the University of Tokyo, JAPAN",http://iiif.io/api/presentation/2#rightToLeftDirection,,水滸伝コレクション,,https://iiif.dl.itc.u-tokyo.ac.jp/repo/iiif/fe9b603d-51fc-94af-0557-5ce8e6b16647/manifest,,,,,41
忠義水滸全書 一百二十回首一巻圖一巻坿宣和遺事一巻[A006376-30],,,,,,,,中国語,,,,,,中国明末清初に刊刻された『水滸伝』,漢籍,首冊に図60葉あり。拠明末郁郁堂刊本後修本。版心下部に版木削除あり。まれに「郁郁堂/四傳」の刊記あり。書入れあり(書中據李本補者用緑鍾本用靛芥子園本用硃黎光堂本亦用靛映雪堂本亦用硃京本用胭脂)。,"線装,四針眼釘法",A00:6376,120回,(中国)明末清初,明後期,27.4×16.8,毎半葉10行、行22字,"神山閏次旧蔵, 東京大学総合図書館所蔵",48冊,"0008343386,0008343394,0008343402,0008343410,0008343428,0008343436,0008343444,0008343451,0008343469,0008343477,0008343485,0008343493,0008343501,0008343519,0008343527,0008343535,0008343543,0008343550,0008343568,0008343576,0008343584,0008343592,0008343600,0008343618,0008343626,0008343634,0008343642,0008343659,0008343667,0008343675,0008343683,0008343691,0008343709,0008343717,0008343725,0008343733,0008343741,0008343758,0008343766,0008343774,0008343782,0008343790,0008343808,0008343816,0008343824,0008343832,0008343840,0008343857","東京帝国大学図書印,山閏之印",印本,木版,忠義水滸全書一百二十回 Zhongyi Shuihu quanshu 120hui  忠義水滸全書一百二十回    忠义水浒全书一百二十回,"(巻首題)忠義水滸全書,(版心題)水滸全書,(目首題)忠義水滸全書,(引首首題)新鐫李氏臧本忠義水滸全書,(発凡首題)出像評點忠義水滸全書,(封面題)水滸四傳全書",1628-1735年,1567-1644,(内框)21.7×13.8cm,A006367,,,,,,,,,,,http://tify.sub.uni-goettingen.de/demo.html?manifest=https://archdataset.dl.itc.u-tokyo.ac.jp/manifest/1e6f08a7-3749-5106-a0e5-6f6fc64e6b7b.json,1e6f08a7-3749-5106-a0e5-6f6fc64e6b7b,https://iiif.dl.itc.u-tokyo.ac.jp/repo/s/asia/,https://iiif.dl.itc.u-tokyo.ac.jp/repo/s/asia/document/1e6f08a7-3749-5106-a0e5-6f6fc64e6b7b,https://www.lib.u-tokyo.ac.jp/ja/library/contents/archives-top/reuse,https://iiif.dl.itc.u-tokyo.ac.jp/repo/files/medium/13c26beec3d3c93306e06b401d8da9cbce190925.jpg,https://iiif.dl.itc.u-tokyo.ac.jp/repo/api/items/1368483,"東京大学附属図書館アジア研究図書館上廣倫理財団寄付研究部門 / Uehiro Project for the Asian Research Library in the University of Tokyo, JAPAN",http://iiif.io/api/presentation/2#rightToLeftDirection,,水滸伝コレクション,,https://iiif.dl.itc.u-tokyo.ac.jp/repo/iiif/1e6f08a7-3749-5106-a0e5-6f6fc64e6b7b/manifest,,,,,44
忠義水滸全書 一百二十回首一巻圖一巻坿宣和遺事一巻[A006376-31],,,,,,,,中国語,,,,,,中国明末清初に刊刻された『水滸伝』,漢籍,首冊に図60葉あり。拠明末郁郁堂刊本後修本。版心下部に版木削除あり。まれに「郁郁堂/四傳」の刊記あり。書入れあり(書中據李本補者用緑鍾本用靛芥子園本用硃黎光堂本亦用靛映雪堂本亦用硃京本用胭脂)。,"線装,四針眼釘法",A00:6376,120回,(中国)明末清初,明後期,27.4×16.8,毎半葉10行、行22字,"神山閏次旧蔵, 東京大学総合図書館所蔵",48冊,"0008343386,0008343394,0008343402,0008343410,0008343428,0008343436,0008343444,0008343451,0008343469,0008343477,0008343485,0008343493,0008343501,0008343519,0008343527,0008343535,0008343543,0008343550,0008343568,0008343576,0008343584,0008343592,0008343600,0008343618,0008343626,0008343634,0008343642,0008343659,0008343667,0008343675,0008343683,0008343691,0008343709,0008343717,0008343725,0008343733,0008343741,0008343758,0008343766,0008343774,0008343782,0008343790,0008343808,0008343816,0008343824,0008343832,0008343840,0008343857","東京帝国大学図書印,山閏之印",印本,木版,忠義水滸全書一百二十回 Zhongyi Shuihu quanshu 120hui  忠義水滸全書一百二十回    忠义水浒全书一百二十回,"(巻首題)忠義水滸全書,(版心題)水滸全書,(目首題)忠義水滸全書,(引首首題)新鐫李氏臧本忠義水滸全書,(発凡首題)出像評點忠義水滸全書,(封面題)水滸四傳全書",1628-1735年,1567-1644,(内框)21.7×13.8cm,A006367,,,,,,,,,,,http://tify.sub.uni-goettingen.de/demo.html?manifest=https://archdataset.dl.itc.u-tokyo.ac.jp/manifest/42193e6e-75b8-7a50-570d-fe36625f8ee3.json,42193e6e-75b8-7a50-570d-fe36625f8ee3,https://iiif.dl.itc.u-tokyo.ac.jp/repo/s/asia/,https://iiif.dl.itc.u-tokyo.ac.jp/repo/s/asia/document/42193e6e-75b8-7a50-570d-fe36625f8ee3,https://www.lib.u-tokyo.ac.jp/ja/library/contents/archives-top/reuse,https://iiif.dl.itc.u-tokyo.ac.jp/repo/files/medium/47321427d475f4782c5371632df9ca65bf43bce1.jpg,https://iiif.dl.itc.u-tokyo.ac.jp/repo/api/items/1368484,"東京大学附属図書館アジア研究図書館上廣倫理財団寄付研究部門 / Uehiro Project for the Asian Research Library in the University of Tokyo, JAPAN",http://iiif.io/api/presentation/2#rightToLeftDirection,,水滸伝コレクション,,https://iiif.dl.itc.u-tokyo.ac.jp/repo/iiif/42193e6e-75b8-7a50-570d-fe36625f8ee3/manifest,,,,,49
忠義水滸全書 一百二十回首一巻圖一巻坿宣和遺事一巻[A006376-32],,,,,,,,中国語,,,,,,中国明末清初に刊刻された『水滸伝』,漢籍,首冊に図60葉あり。拠明末郁郁堂刊本後修本。版心下部に版木削除あり。まれに「郁郁堂/四傳」の刊記あり。書入れあり(書中據李本補者用緑鍾本用靛芥子園本用硃黎光堂本亦用靛映雪堂本亦用硃京本用胭脂)。,"線装,四針眼釘法",A00:6376,120回,(中国)明末清初,明後期,27.4×16.8,毎半葉10行、行22字,"神山閏次旧蔵, 東京大学総合図書館所蔵",48冊,"0008343386,0008343394,0008343402,0008343410,0008343428,0008343436,0008343444,0008343451,0008343469,0008343477,0008343485,0008343493,0008343501,0008343519,0008343527,0008343535,0008343543,0008343550,0008343568,0008343576,0008343584,0008343592,0008343600,0008343618,0008343626,0008343634,0008343642,0008343659,0008343667,0008343675,0008343683,0008343691,0008343709,0008343717,0008343725,0008343733,0008343741,0008343758,0008343766,0008343774,0008343782,0008343790,0008343808,0008343816,0008343824,0008343832,0008343840,0008343857","東京帝国大学図書印,山閏之印",印本,木版,忠義水滸全書一百二十回 Zhongyi Shuihu quanshu 120hui  忠義水滸全書一百二十回    忠义水浒全书一百二十回,"(巻首題)忠義水滸全書,(版心題)水滸全書,(目首題)忠義水滸全書,(引首首題)新鐫李氏臧本忠義水滸全書,(発凡首題)出像評點忠義水滸全書,(封面題)水滸四傳全書",1628-1735年,1567-1644,(内框)21.7×13.8cm,A006367,,,,,,,,,,,http://tify.sub.uni-goettingen.de/demo.html?manifest=https://archdataset.dl.itc.u-tokyo.ac.jp/manifest/0c43b920-322f-3ede-0856-124733b7a7ba.json,0c43b920-322f-3ede-0856-124733b7a7ba,https://iiif.dl.itc.u-tokyo.ac.jp/repo/s/asia/,https://iiif.dl.itc.u-tokyo.ac.jp/repo/s/asia/document/0c43b920-322f-3ede-0856-124733b7a7ba,https://www.lib.u-tokyo.ac.jp/ja/library/contents/archives-top/reuse,https://iiif.dl.itc.u-tokyo.ac.jp/repo/files/medium/99723f54069e005db3427ae1377cae7d2f213788.jpg,https://iiif.dl.itc.u-tokyo.ac.jp/repo/api/items/1368485,"東京大学附属図書館アジア研究図書館上廣倫理財団寄付研究部門 / Uehiro Project for the Asian Research Library in the University of Tokyo, JAPAN",http://iiif.io/api/presentation/2#rightToLeftDirection,,水滸伝コレクション,,https://iiif.dl.itc.u-tokyo.ac.jp/repo/iiif/0c43b920-322f-3ede-0856-124733b7a7ba/manifest,,,,,49
忠義水滸全書 一百二十回首一巻圖一巻坿宣和遺事一巻[A006376-33],,,,,,,,中国語,,,,,,中国明末清初に刊刻された『水滸伝』,漢籍,首冊に図60葉あり。拠明末郁郁堂刊本後修本。版心下部に版木削除あり。まれに「郁郁堂/四傳」の刊記あり。書入れあり(書中據李本補者用緑鍾本用靛芥子園本用硃黎光堂本亦用靛映雪堂本亦用硃京本用胭脂)。,"線装,四針眼釘法",A00:6376,120回,(中国)明末清初,明後期,27.4×16.8,毎半葉10行、行22字,"神山閏次旧蔵, 東京大学総合図書館所蔵",48冊,"0008343386,0008343394,0008343402,0008343410,0008343428,0008343436,0008343444,0008343451,0008343469,0008343477,0008343485,0008343493,0008343501,0008343519,0008343527,0008343535,0008343543,0008343550,0008343568,0008343576,0008343584,0008343592,0008343600,0008343618,0008343626,0008343634,0008343642,0008343659,0008343667,0008343675,0008343683,0008343691,0008343709,0008343717,0008343725,0008343733,0008343741,0008343758,0008343766,0008343774,0008343782,0008343790,0008343808,0008343816,0008343824,0008343832,0008343840,0008343857","東京帝国大学図書印,山閏之印",印本,木版,忠義水滸全書一百二十回 Zhongyi Shuihu quanshu 120hui  忠義水滸全書一百二十回    忠义水浒全书一百二十回,"(巻首題)忠義水滸全書,(版心題)水滸全書,(目首題)忠義水滸全書,(引首首題)新鐫李氏臧本忠義水滸全書,(発凡首題)出像評點忠義水滸全書,(封面題)水滸四傳全書",1628-1735年,1567-1644,(内框)21.7×13.8cm,A006367,,,,,,,,,,,http://tify.sub.uni-goettingen.de/demo.html?manifest=https://archdataset.dl.itc.u-tokyo.ac.jp/manifest/39c456c9-561b-3748-7600-7a078e8839cb.json,39c456c9-561b-3748-7600-7a078e8839cb,https://iiif.dl.itc.u-tokyo.ac.jp/repo/s/asia/,https://iiif.dl.itc.u-tokyo.ac.jp/repo/s/asia/document/39c456c9-561b-3748-7600-7a078e8839cb,https://www.lib.u-tokyo.ac.jp/ja/library/contents/archives-top/reuse,https://iiif.dl.itc.u-tokyo.ac.jp/repo/files/medium/14f62d0cda3950bbeb8f199c8f8cfa38fd503853.jpg,https://iiif.dl.itc.u-tokyo.ac.jp/repo/api/items/1368486,"東京大学附属図書館アジア研究図書館上廣倫理財団寄付研究部門 / Uehiro Project for the Asian Research Library in the University of Tokyo, JAPAN",http://iiif.io/api/presentation/2#rightToLeftDirection,,水滸伝コレクション,,https://iiif.dl.itc.u-tokyo.ac.jp/repo/iiif/39c456c9-561b-3748-7600-7a078e8839cb/manifest,,,,,46
忠義水滸全書 一百二十回首一巻圖一巻坿宣和遺事一巻[A006376-34],,,,,,,,中国語,,,,,,中国明末清初に刊刻された『水滸伝』,漢籍,首冊に図60葉あり。拠明末郁郁堂刊本後修本。版心下部に版木削除あり。まれに「郁郁堂/四傳」の刊記あり。書入れあり(書中據李本補者用緑鍾本用靛芥子園本用硃黎光堂本亦用靛映雪堂本亦用硃京本用胭脂)。,"線装,四針眼釘法",A00:6376,120回,(中国)明末清初,明後期,27.4×16.8,毎半葉10行、行22字,"神山閏次旧蔵, 東京大学総合図書館所蔵",48冊,"0008343386,0008343394,0008343402,0008343410,0008343428,0008343436,0008343444,0008343451,0008343469,0008343477,0008343485,0008343493,0008343501,0008343519,0008343527,0008343535,0008343543,0008343550,0008343568,0008343576,0008343584,0008343592,0008343600,0008343618,0008343626,0008343634,0008343642,0008343659,0008343667,0008343675,0008343683,0008343691,0008343709,0008343717,0008343725,0008343733,0008343741,0008343758,0008343766,0008343774,0008343782,0008343790,0008343808,0008343816,0008343824,0008343832,0008343840,0008343857","東京帝国大学図書印,山閏之印",印本,木版,忠義水滸全書一百二十回 Zhongyi Shuihu quanshu 120hui  忠義水滸全書一百二十回    忠义水浒全书一百二十回,"(巻首題)忠義水滸全書,(版心題)水滸全書,(目首題)忠義水滸全書,(引首首題)新鐫李氏臧本忠義水滸全書,(発凡首題)出像評點忠義水滸全書,(封面題)水滸四傳全書",1628-1735年,1567-1644,(内框)21.7×13.8cm,A006367,,,,,,,,,,,http://tify.sub.uni-goettingen.de/demo.html?manifest=https://archdataset.dl.itc.u-tokyo.ac.jp/manifest/d64307d4-97b2-232a-2af2-adcc55ae1a57.json,d64307d4-97b2-232a-2af2-adcc55ae1a57,https://iiif.dl.itc.u-tokyo.ac.jp/repo/s/asia/,https://iiif.dl.itc.u-tokyo.ac.jp/repo/s/asia/document/d64307d4-97b2-232a-2af2-adcc55ae1a57,https://www.lib.u-tokyo.ac.jp/ja/library/contents/archives-top/reuse,https://iiif.dl.itc.u-tokyo.ac.jp/repo/files/medium/78cdd68c58ac4977694b8d8412a80736fb683243.jpg,https://iiif.dl.itc.u-tokyo.ac.jp/repo/api/items/1368487,"東京大学附属図書館アジア研究図書館上廣倫理財団寄付研究部門 / Uehiro Project for the Asian Research Library in the University of Tokyo, JAPAN",http://iiif.io/api/presentation/2#rightToLeftDirection,,水滸伝コレクション,,https://iiif.dl.itc.u-tokyo.ac.jp/repo/iiif/d64307d4-97b2-232a-2af2-adcc55ae1a57/manifest,,,,,50
忠義水滸全書 一百二十回首一巻圖一巻坿宣和遺事一巻[A006376-35],,,,,,,,中国語,,,,,,中国明末清初に刊刻された『水滸伝』,漢籍,首冊に図60葉あり。拠明末郁郁堂刊本後修本。版心下部に版木削除あり。まれに「郁郁堂/四傳」の刊記あり。書入れあり(書中據李本補者用緑鍾本用靛芥子園本用硃黎光堂本亦用靛映雪堂本亦用硃京本用胭脂)。,"線装,四針眼釘法",A00:6376,120回,(中国)明末清初,明後期,27.4×16.8,毎半葉10行、行22字,"神山閏次旧蔵, 東京大学総合図書館所蔵",48冊,"0008343386,0008343394,0008343402,0008343410,0008343428,0008343436,0008343444,0008343451,0008343469,0008343477,0008343485,0008343493,0008343501,0008343519,0008343527,0008343535,0008343543,0008343550,0008343568,0008343576,0008343584,0008343592,0008343600,0008343618,0008343626,0008343634,0008343642,0008343659,0008343667,0008343675,0008343683,0008343691,0008343709,0008343717,0008343725,0008343733,0008343741,0008343758,0008343766,0008343774,0008343782,0008343790,0008343808,0008343816,0008343824,0008343832,0008343840,0008343857","東京帝国大学図書印,山閏之印",印本,木版,忠義水滸全書一百二十回 Zhongyi Shuihu quanshu 120hui  忠義水滸全書一百二十回    忠义水浒全书一百二十回,"(巻首題)忠義水滸全書,(版心題)水滸全書,(目首題)忠義水滸全書,(引首首題)新鐫李氏臧本忠義水滸全書,(発凡首題)出像評點忠義水滸全書,(封面題)水滸四傳全書",1628-1735年,1567-1644,(内框)21.7×13.8cm,A006367,,,,,,,,,,,http://tify.sub.uni-goettingen.de/demo.html?manifest=https://archdataset.dl.itc.u-tokyo.ac.jp/manifest/4fa676b2-24b5-067d-0301-c8799b142d3a.json,4fa676b2-24b5-067d-0301-c8799b142d3a,https://iiif.dl.itc.u-tokyo.ac.jp/repo/s/asia/,https://iiif.dl.itc.u-tokyo.ac.jp/repo/s/asia/document/4fa676b2-24b5-067d-0301-c8799b142d3a,https://www.lib.u-tokyo.ac.jp/ja/library/contents/archives-top/reuse,https://iiif.dl.itc.u-tokyo.ac.jp/repo/files/medium/88e18930f4d4398d67ec4917a385d65d0cb86e68.jpg,https://iiif.dl.itc.u-tokyo.ac.jp/repo/api/items/1368488,"東京大学附属図書館アジア研究図書館上廣倫理財団寄付研究部門 / Uehiro Project for the Asian Research Library in the University of Tokyo, JAPAN",http://iiif.io/api/presentation/2#rightToLeftDirection,,水滸伝コレクション,,https://iiif.dl.itc.u-tokyo.ac.jp/repo/iiif/4fa676b2-24b5-067d-0301-c8799b142d3a/manifest,,,,,37
忠義水滸全書 一百二十回首一巻圖一巻坿宣和遺事一巻[A006376-36],,,,,,,,中国語,,,,,,中国明末清初に刊刻された『水滸伝』,漢籍,首冊に図60葉あり。拠明末郁郁堂刊本後修本。版心下部に版木削除あり。まれに「郁郁堂/四傳」の刊記あり。書入れあり(書中據李本補者用緑鍾本用靛芥子園本用硃黎光堂本亦用靛映雪堂本亦用硃京本用胭脂)。,"線装,四針眼釘法",A00:6376,120回,(中国)明末清初,明後期,27.4×16.8,毎半葉10行、行22字,"神山閏次旧蔵, 東京大学総合図書館所蔵",48冊,"0008343386,0008343394,0008343402,0008343410,0008343428,0008343436,0008343444,0008343451,0008343469,0008343477,0008343485,0008343493,0008343501,0008343519,0008343527,0008343535,0008343543,0008343550,0008343568,0008343576,0008343584,0008343592,0008343600,0008343618,0008343626,0008343634,0008343642,0008343659,0008343667,0008343675,0008343683,0008343691,0008343709,0008343717,0008343725,0008343733,0008343741,0008343758,0008343766,0008343774,0008343782,0008343790,0008343808,0008343816,0008343824,0008343832,0008343840,0008343857","東京帝国大学図書印,山閏之印",印本,木版,忠義水滸全書一百二十回 Zhongyi Shuihu quanshu 120hui  忠義水滸全書一百二十回    忠义水浒全书一百二十回,"(巻首題)忠義水滸全書,(版心題)水滸全書,(目首題)忠義水滸全書,(引首首題)新鐫李氏臧本忠義水滸全書,(発凡首題)出像評點忠義水滸全書,(封面題)水滸四傳全書",1628-1735年,1567-1644,(内框)21.7×13.8cm,A006367,,,,,,,,,,,http://tify.sub.uni-goettingen.de/demo.html?manifest=https://archdataset.dl.itc.u-tokyo.ac.jp/manifest/2facd1c4-8041-5449-3512-a0317a9e3c0d.json,2facd1c4-8041-5449-3512-a0317a9e3c0d,https://iiif.dl.itc.u-tokyo.ac.jp/repo/s/asia/,https://iiif.dl.itc.u-tokyo.ac.jp/repo/s/asia/document/2facd1c4-8041-5449-3512-a0317a9e3c0d,https://www.lib.u-tokyo.ac.jp/ja/library/contents/archives-top/reuse,https://iiif.dl.itc.u-tokyo.ac.jp/repo/files/medium/d9d9b4e0bf35fa4f14f9b9355c3f85ab17d8748f.jpg,https://iiif.dl.itc.u-tokyo.ac.jp/repo/api/items/1368489,"東京大学附属図書館アジア研究図書館上廣倫理財団寄付研究部門 / Uehiro Project for the Asian Research Library in the University of Tokyo, JAPAN",http://iiif.io/api/presentation/2#rightToLeftDirection,,水滸伝コレクション,,https://iiif.dl.itc.u-tokyo.ac.jp/repo/iiif/2facd1c4-8041-5449-3512-a0317a9e3c0d/manifest,,,,,55
忠義水滸全書 一百二十回首一巻圖一巻坿宣和遺事一巻[A006376-37],,,,,,,,中国語,,,,,,中国明末清初に刊刻された『水滸伝』,漢籍,首冊に図60葉あり。拠明末郁郁堂刊本後修本。版心下部に版木削除あり。まれに「郁郁堂/四傳」の刊記あり。書入れあり(書中據李本補者用緑鍾本用靛芥子園本用硃黎光堂本亦用靛映雪堂本亦用硃京本用胭脂)。,"線装,四針眼釘法",A00:6376,120回,(中国)明末清初,明後期,27.4×16.8,毎半葉10行、行22字,"神山閏次旧蔵, 東京大学総合図書館所蔵",48冊,"0008343386,0008343394,0008343402,0008343410,0008343428,0008343436,0008343444,0008343451,0008343469,0008343477,0008343485,0008343493,0008343501,0008343519,0008343527,0008343535,0008343543,0008343550,0008343568,0008343576,0008343584,0008343592,0008343600,0008343618,0008343626,0008343634,0008343642,0008343659,0008343667,0008343675,0008343683,0008343691,0008343709,0008343717,0008343725,0008343733,0008343741,0008343758,0008343766,0008343774,0008343782,0008343790,0008343808,0008343816,0008343824,0008343832,0008343840,0008343857","東京帝国大学図書印,山閏之印",印本,木版,忠義水滸全書一百二十回 Zhongyi Shuihu quanshu 120hui  忠義水滸全書一百二十回    忠义水浒全书一百二十回,"(巻首題)忠義水滸全書,(版心題)水滸全書,(目首題)忠義水滸全書,(引首首題)新鐫李氏臧本忠義水滸全書,(発凡首題)出像評點忠義水滸全書,(封面題)水滸四傳全書",1628-1735年,1567-1644,(内框)21.7×13.8cm,A006367,,,,,,,,,,,http://tify.sub.uni-goettingen.de/demo.html?manifest=https://archdataset.dl.itc.u-tokyo.ac.jp/manifest/f7b30669-299b-1178-8eac-418568e04955.json,f7b30669-299b-1178-8eac-418568e04955,https://iiif.dl.itc.u-tokyo.ac.jp/repo/s/asia/,https://iiif.dl.itc.u-tokyo.ac.jp/repo/s/asia/document/f7b30669-299b-1178-8eac-418568e04955,https://www.lib.u-tokyo.ac.jp/ja/library/contents/archives-top/reuse,https://iiif.dl.itc.u-tokyo.ac.jp/repo/files/medium/b3426477abf8a62f0127156023841124e38a2e8f.jpg,https://iiif.dl.itc.u-tokyo.ac.jp/repo/api/items/1368490,"東京大学附属図書館アジア研究図書館上廣倫理財団寄付研究部門 / Uehiro Project for the Asian Research Library in the University of Tokyo, JAPAN",http://iiif.io/api/presentation/2#rightToLeftDirection,,水滸伝コレクション,,https://iiif.dl.itc.u-tokyo.ac.jp/repo/iiif/f7b30669-299b-1178-8eac-418568e04955/manifest,,,,,49
忠義水滸全書 一百二十回首一巻圖一巻坿宣和遺事一巻[A006376-38],,,,,,,,中国語,,,,,,中国明末清初に刊刻された『水滸伝』,漢籍,首冊に図60葉あり。拠明末郁郁堂刊本後修本。版心下部に版木削除あり。まれに「郁郁堂/四傳」の刊記あり。書入れあり(書中據李本補者用緑鍾本用靛芥子園本用硃黎光堂本亦用靛映雪堂本亦用硃京本用胭脂)。,"線装,四針眼釘法",A00:6376,120回,(中国)明末清初,明後期,27.4×16.8,毎半葉10行、行22字,"神山閏次旧蔵, 東京大学総合図書館所蔵",48冊,"0008343386,0008343394,0008343402,0008343410,0008343428,0008343436,0008343444,0008343451,0008343469,0008343477,0008343485,0008343493,0008343501,0008343519,0008343527,0008343535,0008343543,0008343550,0008343568,0008343576,0008343584,0008343592,0008343600,0008343618,0008343626,0008343634,0008343642,0008343659,0008343667,0008343675,0008343683,0008343691,0008343709,0008343717,0008343725,0008343733,0008343741,0008343758,0008343766,0008343774,0008343782,0008343790,0008343808,0008343816,0008343824,0008343832,0008343840,0008343857","東京帝国大学図書印,山閏之印",印本,木版,忠義水滸全書一百二十回 Zhongyi Shuihu quanshu 120hui  忠義水滸全書一百二十回    忠义水浒全书一百二十回,"(巻首題)忠義水滸全書,(版心題)水滸全書,(目首題)忠義水滸全書,(引首首題)新鐫李氏臧本忠義水滸全書,(発凡首題)出像評點忠義水滸全書,(封面題)水滸四傳全書",1628-1735年,1567-1644,(内框)21.7×13.8cm,A006367,,,,,,,,,,,http://tify.sub.uni-goettingen.de/demo.html?manifest=https://archdataset.dl.itc.u-tokyo.ac.jp/manifest/2854f740-5caa-58dd-4f8f-89d29cc480de.json,2854f740-5caa-58dd-4f8f-89d29cc480de,https://iiif.dl.itc.u-tokyo.ac.jp/repo/s/asia/,https://iiif.dl.itc.u-tokyo.ac.jp/repo/s/asia/document/2854f740-5caa-58dd-4f8f-89d29cc480de,https://www.lib.u-tokyo.ac.jp/ja/library/contents/archives-top/reuse,https://iiif.dl.itc.u-tokyo.ac.jp/repo/files/medium/ea2351a88b7012a6363fad87be902f77a8c6a998.jpg,https://iiif.dl.itc.u-tokyo.ac.jp/repo/api/items/1368491,"東京大学附属図書館アジア研究図書館上廣倫理財団寄付研究部門 / Uehiro Project for the Asian Research Library in the University of Tokyo, JAPAN",http://iiif.io/api/presentation/2#rightToLeftDirection,,水滸伝コレクション,,https://iiif.dl.itc.u-tokyo.ac.jp/repo/iiif/2854f740-5caa-58dd-4f8f-89d29cc480de/manifest,,,,,47
忠義水滸全書 一百二十回首一巻圖一巻坿宣和遺事一巻[A006376-39],,,,,,,,中国語,,,,,,中国明末清初に刊刻された『水滸伝』,漢籍,首冊に図60葉あり。拠明末郁郁堂刊本後修本。版心下部に版木削除あり。まれに「郁郁堂/四傳」の刊記あり。書入れあり(書中據李本補者用緑鍾本用靛芥子園本用硃黎光堂本亦用靛映雪堂本亦用硃京本用胭脂)。,"線装,四針眼釘法",A00:6376,120回,(中国)明末清初,明後期,27.4×16.8,毎半葉10行、行22字,"神山閏次旧蔵, 東京大学総合図書館所蔵",48冊,"0008343386,0008343394,0008343402,0008343410,0008343428,0008343436,0008343444,0008343451,0008343469,0008343477,0008343485,0008343493,0008343501,0008343519,0008343527,0008343535,0008343543,0008343550,0008343568,0008343576,0008343584,0008343592,0008343600,0008343618,0008343626,0008343634,0008343642,0008343659,0008343667,0008343675,0008343683,0008343691,0008343709,0008343717,0008343725,0008343733,0008343741,0008343758,0008343766,0008343774,0008343782,0008343790,0008343808,0008343816,0008343824,0008343832,0008343840,0008343857","東京帝国大学図書印,山閏之印",印本,木版,忠義水滸全書一百二十回 Zhongyi Shuihu quanshu 120hui  忠義水滸全書一百二十回    忠义水浒全书一百二十回,"(巻首題)忠義水滸全書,(版心題)水滸全書,(目首題)忠義水滸全書,(引首首題)新鐫李氏臧本忠義水滸全書,(発凡首題)出像評點忠義水滸全書,(封面題)水滸四傳全書",1628-1735年,1567-1644,(内框)21.7×13.8cm,A006367,,,,,,,,,,,http://tify.sub.uni-goettingen.de/demo.html?manifest=https://archdataset.dl.itc.u-tokyo.ac.jp/manifest/3f2cdeff-72cd-4e50-9cdd-4a1264d059ca.json,3f2cdeff-72cd-4e50-9cdd-4a1264d059ca,https://iiif.dl.itc.u-tokyo.ac.jp/repo/s/asia/,https://iiif.dl.itc.u-tokyo.ac.jp/repo/s/asia/document/3f2cdeff-72cd-4e50-9cdd-4a1264d059ca,https://www.lib.u-tokyo.ac.jp/ja/library/contents/archives-top/reuse,https://iiif.dl.itc.u-tokyo.ac.jp/repo/files/medium/cf2fbf2a657020aaf61b2f0caf46e07f6a8165fd.jpg,https://iiif.dl.itc.u-tokyo.ac.jp/repo/api/items/1368492,"東京大学附属図書館アジア研究図書館上廣倫理財団寄付研究部門 / Uehiro Project for the Asian Research Library in the University of Tokyo, JAPAN",http://iiif.io/api/presentation/2#rightToLeftDirection,,水滸伝コレクション,,https://iiif.dl.itc.u-tokyo.ac.jp/repo/iiif/3f2cdeff-72cd-4e50-9cdd-4a1264d059ca/manifest,,,,,51
忠義水滸全書 一百二十回首一巻圖一巻坿宣和遺事一巻[A006376-40],,,,,,,,中国語,,,,,,中国明末清初に刊刻された『水滸伝』,漢籍,首冊に図60葉あり。拠明末郁郁堂刊本後修本。版心下部に版木削除あり。まれに「郁郁堂/四傳」の刊記あり。書入れあり(書中據李本補者用緑鍾本用靛芥子園本用硃黎光堂本亦用靛映雪堂本亦用硃京本用胭脂)。,"線装,四針眼釘法",A00:6376,120回,(中国)明末清初,明後期,27.4×16.8,毎半葉10行、行22字,"神山閏次旧蔵, 東京大学総合図書館所蔵",48冊,"0008343386,0008343394,0008343402,0008343410,0008343428,0008343436,0008343444,0008343451,0008343469,0008343477,0008343485,0008343493,0008343501,0008343519,0008343527,0008343535,0008343543,0008343550,0008343568,0008343576,0008343584,0008343592,0008343600,0008343618,0008343626,0008343634,0008343642,0008343659,0008343667,0008343675,0008343683,0008343691,0008343709,0008343717,0008343725,0008343733,0008343741,0008343758,0008343766,0008343774,0008343782,0008343790,0008343808,0008343816,0008343824,0008343832,0008343840,0008343857","東京帝国大学図書印,山閏之印",印本,木版,忠義水滸全書一百二十回 Zhongyi Shuihu quanshu 120hui  忠義水滸全書一百二十回    忠义水浒全书一百二十回,"(巻首題)忠義水滸全書,(版心題)水滸全書,(目首題)忠義水滸全書,(引首首題)新鐫李氏臧本忠義水滸全書,(発凡首題)出像評點忠義水滸全書,(封面題)水滸四傳全書",1628-1735年,1567-1644,(内框)21.7×13.8cm,A006367,,,,,,,,,,,http://tify.sub.uni-goettingen.de/demo.html?manifest=https://archdataset.dl.itc.u-tokyo.ac.jp/manifest/c6be9825-1cf9-84be-28ae-ff681b3c893e.json,c6be9825-1cf9-84be-28ae-ff681b3c893e,https://iiif.dl.itc.u-tokyo.ac.jp/repo/s/asia/,https://iiif.dl.itc.u-tokyo.ac.jp/repo/s/asia/document/c6be9825-1cf9-84be-28ae-ff681b3c893e,https://www.lib.u-tokyo.ac.jp/ja/library/contents/archives-top/reuse,https://iiif.dl.itc.u-tokyo.ac.jp/repo/files/medium/344e7300cdf6ee6d5e8e9dee036b59dc17091811.jpg,https://iiif.dl.itc.u-tokyo.ac.jp/repo/api/items/1368493,"東京大学附属図書館アジア研究図書館上廣倫理財団寄付研究部門 / Uehiro Project for the Asian Research Library in the University of Tokyo, JAPAN",http://iiif.io/api/presentation/2#rightToLeftDirection,,水滸伝コレクション,,https://iiif.dl.itc.u-tokyo.ac.jp/repo/iiif/c6be9825-1cf9-84be-28ae-ff681b3c893e/manifest,,,,,48
忠義水滸全書 一百二十回首一巻圖一巻坿宣和遺事一巻[A006376-41],,,,,,,,中国語,,,,,,中国明末清初に刊刻された『水滸伝』,漢籍,首冊に図60葉あり。拠明末郁郁堂刊本後修本。版心下部に版木削除あり。まれに「郁郁堂/四傳」の刊記あり。書入れあり(書中據李本補者用緑鍾本用靛芥子園本用硃黎光堂本亦用靛映雪堂本亦用硃京本用胭脂)。,"線装,四針眼釘法",A00:6376,120回,(中国)明末清初,明後期,27.4×16.8,毎半葉10行、行22字,"神山閏次旧蔵, 東京大学総合図書館所蔵",48冊,"0008343386,0008343394,0008343402,0008343410,0008343428,0008343436,0008343444,0008343451,0008343469,0008343477,0008343485,0008343493,0008343501,0008343519,0008343527,0008343535,0008343543,0008343550,0008343568,0008343576,0008343584,0008343592,0008343600,0008343618,0008343626,0008343634,0008343642,0008343659,0008343667,0008343675,0008343683,0008343691,0008343709,0008343717,0008343725,0008343733,0008343741,0008343758,0008343766,0008343774,0008343782,0008343790,0008343808,0008343816,0008343824,0008343832,0008343840,0008343857","東京帝国大学図書印,山閏之印",印本,木版,忠義水滸全書一百二十回 Zhongyi Shuihu quanshu 120hui  忠義水滸全書一百二十回    忠义水浒全书一百二十回,"(巻首題)忠義水滸全書,(版心題)水滸全書,(目首題)忠義水滸全書,(引首首題)新鐫李氏臧本忠義水滸全書,(発凡首題)出像評點忠義水滸全書,(封面題)水滸四傳全書",1628-1735年,1567-1644,(内框)21.7×13.8cm,A006367,,,,,,,,,,,http://tify.sub.uni-goettingen.de/demo.html?manifest=https://archdataset.dl.itc.u-tokyo.ac.jp/manifest/1ec91e0f-467b-0a82-9188-bd4fb93e3f44.json,1ec91e0f-467b-0a82-9188-bd4fb93e3f44,https://iiif.dl.itc.u-tokyo.ac.jp/repo/s/asia/,https://iiif.dl.itc.u-tokyo.ac.jp/repo/s/asia/document/1ec91e0f-467b-0a82-9188-bd4fb93e3f44,https://www.lib.u-tokyo.ac.jp/ja/library/contents/archives-top/reuse,https://iiif.dl.itc.u-tokyo.ac.jp/repo/files/medium/a95c762e39c7dbd6db10f03bbc0ac89ec1baa8b2.jpg,https://iiif.dl.itc.u-tokyo.ac.jp/repo/api/items/1368494,"東京大学附属図書館アジア研究図書館上廣倫理財団寄付研究部門 / Uehiro Project for the Asian Research Library in the University of Tokyo, JAPAN",http://iiif.io/api/presentation/2#rightToLeftDirection,,水滸伝コレクション,,https://iiif.dl.itc.u-tokyo.ac.jp/repo/iiif/1ec91e0f-467b-0a82-9188-bd4fb93e3f44/manifest,,,,,46
忠義水滸全書 一百二十回首一巻圖一巻坿宣和遺事一巻[A006376-42],,,,,,,,中国語,,,,,,中国明末清初に刊刻された『水滸伝』,漢籍,首冊に図60葉あり。拠明末郁郁堂刊本後修本。版心下部に版木削除あり。まれに「郁郁堂/四傳」の刊記あり。書入れあり(書中據李本補者用緑鍾本用靛芥子園本用硃黎光堂本亦用靛映雪堂本亦用硃京本用胭脂)。,"線装,四針眼釘法",A00:6376,120回,(中国)明末清初,明後期,27.4×16.8,毎半葉10行、行22字,"神山閏次旧蔵, 東京大学総合図書館所蔵",48冊,"0008343386,0008343394,0008343402,0008343410,0008343428,0008343436,0008343444,0008343451,0008343469,0008343477,0008343485,0008343493,0008343501,0008343519,0008343527,0008343535,0008343543,0008343550,0008343568,0008343576,0008343584,0008343592,0008343600,0008343618,0008343626,0008343634,0008343642,0008343659,0008343667,0008343675,0008343683,0008343691,0008343709,0008343717,0008343725,0008343733,0008343741,0008343758,0008343766,0008343774,0008343782,0008343790,0008343808,0008343816,0008343824,0008343832,0008343840,0008343857","東京帝国大学図書印,山閏之印",印本,木版,忠義水滸全書一百二十回 Zhongyi Shuihu quanshu 120hui  忠義水滸全書一百二十回    忠义水浒全书一百二十回,"(巻首題)忠義水滸全書,(版心題)水滸全書,(目首題)忠義水滸全書,(引首首題)新鐫李氏臧本忠義水滸全書,(発凡首題)出像評點忠義水滸全書,(封面題)水滸四傳全書",1628-1735年,1567-1644,(内框)21.7×13.8cm,A006367,,,,,,,,,,,http://tify.sub.uni-goettingen.de/demo.html?manifest=https://archdataset.dl.itc.u-tokyo.ac.jp/manifest/3cc91beb-32e5-a295-7882-7936b0584529.json,3cc91beb-32e5-a295-7882-7936b0584529,https://iiif.dl.itc.u-tokyo.ac.jp/repo/s/asia/,https://iiif.dl.itc.u-tokyo.ac.jp/repo/s/asia/document/3cc91beb-32e5-a295-7882-7936b0584529,https://www.lib.u-tokyo.ac.jp/ja/library/contents/archives-top/reuse,https://iiif.dl.itc.u-tokyo.ac.jp/repo/files/medium/22c097e0db71294255f8d1a8a207c45a77ba12ca.jpg,https://iiif.dl.itc.u-tokyo.ac.jp/repo/api/items/1368495,"東京大学附属図書館アジア研究図書館上廣倫理財団寄付研究部門 / Uehiro Project for the Asian Research Library in the University of Tokyo, JAPAN",http://iiif.io/api/presentation/2#rightToLeftDirection,,水滸伝コレクション,,https://iiif.dl.itc.u-tokyo.ac.jp/repo/iiif/3cc91beb-32e5-a295-7882-7936b0584529/manifest,,,,,50
忠義水滸全書 一百二十回首一巻圖一巻坿宣和遺事一巻[A006376-44],,,,,,,,中国語,,,,,,中国明末清初に刊刻された『水滸伝』,漢籍,首冊に図60葉あり。拠明末郁郁堂刊本後修本。版心下部に版木削除あり。まれに「郁郁堂/四傳」の刊記あり。書入れあり(書中據李本補者用緑鍾本用靛芥子園本用硃黎光堂本亦用靛映雪堂本亦用硃京本用胭脂)。,"線装,四針眼釘法",A00:6376,120回,(中国)明末清初,明後期,27.4×16.8,毎半葉10行、行22字,"神山閏次旧蔵, 東京大学総合図書館所蔵",48冊,"0008343386,0008343394,0008343402,0008343410,0008343428,0008343436,0008343444,0008343451,0008343469,0008343477,0008343485,0008343493,0008343501,0008343519,0008343527,0008343535,0008343543,0008343550,0008343568,0008343576,0008343584,0008343592,0008343600,0008343618,0008343626,0008343634,0008343642,0008343659,0008343667,0008343675,0008343683,0008343691,0008343709,0008343717,0008343725,0008343733,0008343741,0008343758,0008343766,0008343774,0008343782,0008343790,0008343808,0008343816,0008343824,0008343832,0008343840,0008343857","東京帝国大学図書印,山閏之印",印本,木版,忠義水滸全書一百二十回 Zhongyi Shuihu quanshu 120hui  忠義水滸全書一百二十回    忠义水浒全书一百二十回,"(巻首題)忠義水滸全書,(版心題)水滸全書,(目首題)忠義水滸全書,(引首首題)新鐫李氏臧本忠義水滸全書,(発凡首題)出像評點忠義水滸全書,(封面題)水滸四傳全書",1628-1735年,1567-1644,(内框)21.7×13.8cm,A006367,,,,,,,,,,,http://tify.sub.uni-goettingen.de/demo.html?manifest=https://archdataset.dl.itc.u-tokyo.ac.jp/manifest/2b42d259-549f-0d4f-9a37-c98a0b0b7ad1.json,2b42d259-549f-0d4f-9a37-c98a0b0b7ad1,https://iiif.dl.itc.u-tokyo.ac.jp/repo/s/asia/,https://iiif.dl.itc.u-tokyo.ac.jp/repo/s/asia/document/2b42d259-549f-0d4f-9a37-c98a0b0b7ad1,https://www.lib.u-tokyo.ac.jp/ja/library/contents/archives-top/reuse,https://iiif.dl.itc.u-tokyo.ac.jp/repo/files/medium/831bb94244d9adfb578034bf632a9a58af3c2afb.jpg,https://iiif.dl.itc.u-tokyo.ac.jp/repo/api/items/1368497,"東京大学附属図書館アジア研究図書館上廣倫理財団寄付研究部門 / Uehiro Project for the Asian Research Library in the University of Tokyo, JAPAN",http://iiif.io/api/presentation/2#rightToLeftDirection,,水滸伝コレクション,,https://iiif.dl.itc.u-tokyo.ac.jp/repo/iiif/2b42d259-549f-0d4f-9a37-c98a0b0b7ad1/manifest,,,,,40
忠義水滸全書 一百二十回首一巻圖一巻坿宣和遺事一巻[A006376-46],,,,,,,,中国語,,,,,,中国明末清初に刊刻された『水滸伝』,漢籍,首冊に図60葉あり。拠明末郁郁堂刊本後修本。版心下部に版木削除あり。まれに「郁郁堂/四傳」の刊記あり。書入れあり(書中據李本補者用緑鍾本用靛芥子園本用硃黎光堂本亦用靛映雪堂本亦用硃京本用胭脂)。,"線装,四針眼釘法",A00:6376,120回,(中国)明末清初,明後期,27.4×16.8,毎半葉10行、行22字,"神山閏次旧蔵, 東京大学総合図書館所蔵",48冊,"0008343386,0008343394,0008343402,0008343410,0008343428,0008343436,0008343444,0008343451,0008343469,0008343477,0008343485,0008343493,0008343501,0008343519,0008343527,0008343535,0008343543,0008343550,0008343568,0008343576,0008343584,0008343592,0008343600,0008343618,0008343626,0008343634,0008343642,0008343659,0008343667,0008343675,0008343683,0008343691,0008343709,0008343717,0008343725,0008343733,0008343741,0008343758,0008343766,0008343774,0008343782,0008343790,0008343808,0008343816,0008343824,0008343832,0008343840,0008343857","東京帝国大学図書印,山閏之印",印本,木版,忠義水滸全書一百二十回 Zhongyi Shuihu quanshu 120hui  忠義水滸全書一百二十回    忠义水浒全书一百二十回,"(巻首題)忠義水滸全書,(版心題)水滸全書,(目首題)忠義水滸全書,(引首首題)新鐫李氏臧本忠義水滸全書,(発凡首題)出像評點忠義水滸全書,(封面題)水滸四傳全書",1628-1735年,1567-1644,(内框)21.7×13.8cm,A006367,,,,,,,,,,,http://tify.sub.uni-goettingen.de/demo.html?manifest=https://archdataset.dl.itc.u-tokyo.ac.jp/manifest/e44930b1-4737-6b15-5666-842a37ce1f8d.json,e44930b1-4737-6b15-5666-842a37ce1f8d,https://iiif.dl.itc.u-tokyo.ac.jp/repo/s/asia/,https://iiif.dl.itc.u-tokyo.ac.jp/repo/s/asia/document/e44930b1-4737-6b15-5666-842a37ce1f8d,https://www.lib.u-tokyo.ac.jp/ja/library/contents/archives-top/reuse,https://iiif.dl.itc.u-tokyo.ac.jp/repo/files/medium/2f5f6b34d160f538ed4aaa4a4e9ba86f529290cc.jpg,https://iiif.dl.itc.u-tokyo.ac.jp/repo/api/items/1368499,"東京大学附属図書館アジア研究図書館上廣倫理財団寄付研究部門 / Uehiro Project for the Asian Research Library in the University of Tokyo, JAPAN",http://iiif.io/api/presentation/2#rightToLeftDirection,,水滸伝コレクション,,https://iiif.dl.itc.u-tokyo.ac.jp/repo/iiif/e44930b1-4737-6b15-5666-842a37ce1f8d/manifest,,,,,54
忠義水滸全書 一百二十回首一巻圖一巻坿宣和遺事一巻[A006376-48],,,,,,,,中国語,,,,,,中国明末清初に刊刻された『水滸伝』,漢籍,首冊に図60葉あり。拠明末郁郁堂刊本後修本。版心下部に版木削除あり。まれに「郁郁堂/四傳」の刊記あり。書入れあり(書中據李本補者用緑鍾本用靛芥子園本用硃黎光堂本亦用靛映雪堂本亦用硃京本用胭脂)。,"線装,四針眼釘法",A00:6376,120回,(中国)明末清初,明後期,27.4×16.8,毎半葉10行、行22字,"神山閏次旧蔵, 東京大学総合図書館所蔵",48冊,"0008343386,0008343394,0008343402,0008343410,0008343428,0008343436,0008343444,0008343451,0008343469,0008343477,0008343485,0008343493,0008343501,0008343519,0008343527,0008343535,0008343543,0008343550,0008343568,0008343576,0008343584,0008343592,0008343600,0008343618,0008343626,0008343634,0008343642,0008343659,0008343667,0008343675,0008343683,0008343691,0008343709,0008343717,0008343725,0008343733,0008343741,0008343758,0008343766,0008343774,0008343782,0008343790,0008343808,0008343816,0008343824,0008343832,0008343840,0008343857","東京帝国大学図書印,山閏之印",印本,木版,忠義水滸全書一百二十回 Zhongyi Shuihu quanshu 120hui  忠義水滸全書一百二十回    忠义水浒全书一百二十回,"(巻首題)忠義水滸全書,(版心題)水滸全書,(目首題)忠義水滸全書,(引首首題)新鐫李氏臧本忠義水滸全書,(発凡首題)出像評點忠義水滸全書,(封面題)水滸四傳全書",1628-1735年,1567-1644,(内框)21.7×13.8cm,A006367,,,,,,,,,,,http://tify.sub.uni-goettingen.de/demo.html?manifest=https://archdataset.dl.itc.u-tokyo.ac.jp/manifest/fe706f70-90cb-963e-05ae-3fd25bae8d97.json,fe706f70-90cb-963e-05ae-3fd25bae8d97,https://iiif.dl.itc.u-tokyo.ac.jp/repo/s/asia/,https://iiif.dl.itc.u-tokyo.ac.jp/repo/s/asia/document/fe706f70-90cb-963e-05ae-3fd25bae8d97,https://www.lib.u-tokyo.ac.jp/ja/library/contents/archives-top/reuse,https://iiif.dl.itc.u-tokyo.ac.jp/repo/files/medium/1fd1bd2369c220eb152236062a73b2a86718974d.jpg,https://iiif.dl.itc.u-tokyo.ac.jp/repo/api/items/1368501,"東京大学附属図書館アジア研究図書館上廣倫理財団寄付研究部門 / Uehiro Project for the Asian Research Library in the University of Tokyo, JAPAN",http://iiif.io/api/presentation/2#rightToLeftDirection,,水滸伝コレクション,,https://iiif.dl.itc.u-tokyo.ac.jp/repo/iiif/fe706f70-90cb-963e-05ae-3fd25bae8d97/manifest,,,,,49
忠義水滸全傳 120囘 [L_D_6_2-01],,,,,,,,中国語,,,,,,中国明代末に刊刻された『水滸伝』。,漢籍,首冊は忠義水滸全書を底本とする鋪鈔、第二冊は一百回容与堂刻本後修本および李氏焚書にもとづく補鈔、第三冊は一百回和刻本による補配。朱墨の書き入れあり。版心に虫損あり。第一帙、第二帙、第三帙内側に「醉竹軒」による筆記、第四帙内側に神山閏次「水滸傳諸本」の中国語訳文貼付さる。,"線装,四針眼釘法",漢籍D:6:2,120回,(中国)明末,明後期,25.7×16.6,毎半葉10行、行22字,"神山閏次旧蔵, 東京大学文学部中国思想文化学研究室所蔵(漢籍コーナー配架)",32冊,"4803130501,4803130519,4803130527,4803130535,4803130543,4803130550,4803130568,4803130576,4803130584,4803130592,4803130600,4803130618,4803130626,4803130634,4803130642,4803130659,4803130667,4803130675,4803130683,4803130691,4803130709,4803130717,4803130725,4803130733,4803130741,4803130758,4803130766,4803130774,4803130782,4803130790,4803130808,4803130816","東京帝国大学図書印,山閏之印",印本,木版,忠義水滸全傳一百二十回 Zhongyi Shuihu quanzhuan 120hui  忠義水滸全伝一百二十回    忠义水浒全書一百二十回,"(巻首題)忠義水滸全傳,(版心題)水滸全傳,(目首題)忠義水滸全書,(引首首題)李卓吾先生批點忠義水滸全傳,(発凡首題)出像評點忠義水滸全書,(封面題)水滸四傳全書",1628-1644年,1567-1644,"(内框)20.1×13.9cm,",,,,,,,,,,,,http://tify.sub.uni-goettingen.de/demo.html?manifest=https://archdataset.dl.itc.u-tokyo.ac.jp/manifest/a6baf566-8506-88e5-1c50-46f2f227630c.json,a6baf566-8506-88e5-1c50-46f2f227630c,https://iiif.dl.itc.u-tokyo.ac.jp/repo/s/asia/,https://iiif.dl.itc.u-tokyo.ac.jp/repo/s/asia/document/a6baf566-8506-88e5-1c50-46f2f227630c,https://www.lib.u-tokyo.ac.jp/ja/library/contents/archives-top/reuse,https://iiif.dl.itc.u-tokyo.ac.jp/repo/files/medium/2ee5531c7e520131d4bd3dab9d324dbf6142e09c.jpg,https://iiif.dl.itc.u-tokyo.ac.jp/repo/api/items/1370789,"東京大学附属図書館アジア研究図書館上廣倫理財団寄付研究部門 / Uehiro Project for the Asian Research Library in the University of Tokyo, JAPAN",http://iiif.io/api/presentation/2#rightToLeftDirection,,水滸伝コレクション,,https://iiif.dl.itc.u-tokyo.ac.jp/repo/iiif/a6baf566-8506-88e5-1c50-46f2f227630c/manifest,,,,,36
忠義水滸全傳 120囘 [L_D_6_2-03],,,,,,,,中国語,,,,,,中国明代末に刊刻された『水滸伝』。,漢籍,首冊は忠義水滸全書を底本とする鋪鈔、第二冊は一百回容与堂刻本後修本および李氏焚書にもとづく補鈔、第三冊は一百回和刻本による補配。朱墨の書き入れあり。版心に虫損あり。第一帙、第二帙、第三帙内側に「醉竹軒」による筆記、第四帙内側に神山閏次「水滸傳諸本」の中国語訳文貼付さる。,"線装,四針眼釘法",漢籍D:6:2,120回,(中国)明末,明後期,25.7×16.6,毎半葉10行、行22字,"神山閏次旧蔵, 東京大学文学部中国思想文化学研究室所蔵(漢籍コーナー配架)",32冊,"4803130501,4803130519,4803130527,4803130535,4803130543,4803130550,4803130568,4803130576,4803130584,4803130592,4803130600,4803130618,4803130626,4803130634,4803130642,4803130659,4803130667,4803130675,4803130683,4803130691,4803130709,4803130717,4803130725,4803130733,4803130741,4803130758,4803130766,4803130774,4803130782,4803130790,4803130808,4803130816","東京帝国大学図書印,山閏之印",印本,木版,忠義水滸全傳一百二十回 Zhongyi Shuihu quanzhuan 120hui  忠義水滸全伝一百二十回    忠义水浒全書一百二十回,"(巻首題)忠義水滸全傳,(版心題)水滸全傳,(目首題)忠義水滸全書,(引首首題)李卓吾先生批點忠義水滸全傳,(発凡首題)出像評點忠義水滸全書,(封面題)水滸四傳全書",1628-1644年,1567-1644,"(内框)20.1×13.9cm,",,,,,,,,,,,,http://tify.sub.uni-goettingen.de/demo.html?manifest=https://archdataset.dl.itc.u-tokyo.ac.jp/manifest/3a465be1-2fd4-7656-639d-10612254317f.json,3a465be1-2fd4-7656-639d-10612254317f,https://iiif.dl.itc.u-tokyo.ac.jp/repo/s/asia/,https://iiif.dl.itc.u-tokyo.ac.jp/repo/s/asia/document/3a465be1-2fd4-7656-639d-10612254317f,https://www.lib.u-tokyo.ac.jp/ja/library/contents/archives-top/reuse,https://iiif.dl.itc.u-tokyo.ac.jp/repo/files/medium/c2ab407ab65504be4e7f64f34fd05e698dd49b3d.jpg,https://iiif.dl.itc.u-tokyo.ac.jp/repo/api/items/1370791,"東京大学附属図書館アジア研究図書館上廣倫理財団寄付研究部門 / Uehiro Project for the Asian Research Library in the University of Tokyo, JAPAN",http://iiif.io/api/presentation/2#rightToLeftDirection,,水滸伝コレクション,,https://iiif.dl.itc.u-tokyo.ac.jp/repo/iiif/3a465be1-2fd4-7656-639d-10612254317f/manifest,,,,,86
忠義水滸全傳 120囘 [L_D_6_2-05],,,,,,,,中国語,,,,,,中国明代末に刊刻された『水滸伝』。,漢籍,首冊は忠義水滸全書を底本とする鋪鈔、第二冊は一百回容与堂刻本後修本および李氏焚書にもとづく補鈔、第三冊は一百回和刻本による補配。朱墨の書き入れあり。版心に虫損あり。第一帙、第二帙、第三帙内側に「醉竹軒」による筆記、第四帙内側に神山閏次「水滸傳諸本」の中国語訳文貼付さる。,"線装,四針眼釘法",漢籍D:6:2,120回,(中国)明末,明後期,25.7×16.6,毎半葉10行、行22字,"神山閏次旧蔵, 東京大学文学部中国思想文化学研究室所蔵(漢籍コーナー配架)",32冊,"4803130501,4803130519,4803130527,4803130535,4803130543,4803130550,4803130568,4803130576,4803130584,4803130592,4803130600,4803130618,4803130626,4803130634,4803130642,4803130659,4803130667,4803130675,4803130683,4803130691,4803130709,4803130717,4803130725,4803130733,4803130741,4803130758,4803130766,4803130774,4803130782,4803130790,4803130808,4803130816","東京帝国大学図書印,山閏之印",印本,木版,忠義水滸全傳一百二十回 Zhongyi Shuihu quanzhuan 120hui  忠義水滸全伝一百二十回    忠义水浒全書一百二十回,"(巻首題)忠義水滸全傳,(版心題)水滸全傳,(目首題)忠義水滸全書,(引首首題)李卓吾先生批點忠義水滸全傳,(発凡首題)出像評點忠義水滸全書,(封面題)水滸四傳全書",1628-1644年,1567-1644,"(内框)20.1×13.9cm,",,,,,,,,,,,,http://tify.sub.uni-goettingen.de/demo.html?manifest=https://archdataset.dl.itc.u-tokyo.ac.jp/manifest/159a1625-3e4d-6a02-0930-0d6601766b28.json,159a1625-3e4d-6a02-0930-0d6601766b28,https://iiif.dl.itc.u-tokyo.ac.jp/repo/s/asia/,https://iiif.dl.itc.u-tokyo.ac.jp/repo/s/asia/document/159a1625-3e4d-6a02-0930-0d6601766b28,https://www.lib.u-tokyo.ac.jp/ja/library/contents/archives-top/reuse,https://iiif.dl.itc.u-tokyo.ac.jp/repo/files/medium/f41a947f682390abe3f3b4a313f0e2faf7b144a4.jpg,https://iiif.dl.itc.u-tokyo.ac.jp/repo/api/items/1370793,"東京大学附属図書館アジア研究図書館上廣倫理財団寄付研究部門 / Uehiro Project for the Asian Research Library in the University of Tokyo, JAPAN",http://iiif.io/api/presentation/2#rightToLeftDirection,,水滸伝コレクション,,https://iiif.dl.itc.u-tokyo.ac.jp/repo/iiif/159a1625-3e4d-6a02-0930-0d6601766b28/manifest,,,,,57
忠義水滸全傳 120囘 [L_D_6_2-07],,,,,,,,中国語,,,,,,中国明代末に刊刻された『水滸伝』。,漢籍,首冊は忠義水滸全書を底本とする鋪鈔、第二冊は一百回容与堂刻本後修本および李氏焚書にもとづく補鈔、第三冊は一百回和刻本による補配。朱墨の書き入れあり。版心に虫損あり。第一帙、第二帙、第三帙内側に「醉竹軒」による筆記、第四帙内側に神山閏次「水滸傳諸本」の中国語訳文貼付さる。,"線装,四針眼釘法",漢籍D:6:2,120回,(中国)明末,明後期,25.7×16.6,毎半葉10行、行22字,"神山閏次旧蔵, 東京大学文学部中国思想文化学研究室所蔵(漢籍コーナー配架)",32冊,"4803130501,4803130519,4803130527,4803130535,4803130543,4803130550,4803130568,4803130576,4803130584,4803130592,4803130600,4803130618,4803130626,4803130634,4803130642,4803130659,4803130667,4803130675,4803130683,4803130691,4803130709,4803130717,4803130725,4803130733,4803130741,4803130758,4803130766,4803130774,4803130782,4803130790,4803130808,4803130816","東京帝国大学図書印,山閏之印",印本,木版,忠義水滸全傳一百二十回 Zhongyi Shuihu quanzhuan 120hui  忠義水滸全伝一百二十回    忠义水浒全書一百二十回,"(巻首題)忠義水滸全傳,(版心題)水滸全傳,(目首題)忠義水滸全書,(引首首題)李卓吾先生批點忠義水滸全傳,(発凡首題)出像評點忠義水滸全書,(封面題)水滸四傳全書",1628-1644年,1567-1644,"(内框)20.1×13.9cm,",,,,,,,,,,,,http://tify.sub.uni-goettingen.de/demo.html?manifest=https://archdataset.dl.itc.u-tokyo.ac.jp/manifest/ddc776dd-57e7-4492-7b42-98fcbb4535ea.json,ddc776dd-57e7-4492-7b42-98fcbb4535ea,https://iiif.dl.itc.u-tokyo.ac.jp/repo/s/asia/,https://iiif.dl.itc.u-tokyo.ac.jp/repo/s/asia/document/ddc776dd-57e7-4492-7b42-98fcbb4535ea,https://www.lib.u-tokyo.ac.jp/ja/library/contents/archives-top/reuse,https://iiif.dl.itc.u-tokyo.ac.jp/repo/files/medium/0d95b4bf4062a5772ac691ad298cdfadbe2c4a98.jpg,https://iiif.dl.itc.u-tokyo.ac.jp/repo/api/items/1370795,"東京大学附属図書館アジア研究図書館上廣倫理財団寄付研究部門 / Uehiro Project for the Asian Research Library in the University of Tokyo, JAPAN",http://iiif.io/api/presentation/2#rightToLeftDirection,,水滸伝コレクション,,https://iiif.dl.itc.u-tokyo.ac.jp/repo/iiif/ddc776dd-57e7-4492-7b42-98fcbb4535ea/manifest,,,,,54
忠義水滸全傳 120囘 [L_D_6_2-09],,,,,,,,中国語,,,,,,中国明代末に刊刻された『水滸伝』。,漢籍,首冊は忠義水滸全書を底本とする鋪鈔、第二冊は一百回容与堂刻本後修本および李氏焚書にもとづく補鈔、第三冊は一百回和刻本による補配。朱墨の書き入れあり。版心に虫損あり。第一帙、第二帙、第三帙内側に「醉竹軒」による筆記、第四帙内側に神山閏次「水滸傳諸本」の中国語訳文貼付さる。,"線装,四針眼釘法",漢籍D:6:2,120回,(中国)明末,明後期,25.7×16.6,毎半葉10行、行22字,"神山閏次旧蔵, 東京大学文学部中国思想文化学研究室所蔵(漢籍コーナー配架)",32冊,"4803130501,4803130519,4803130527,4803130535,4803130543,4803130550,4803130568,4803130576,4803130584,4803130592,4803130600,4803130618,4803130626,4803130634,4803130642,4803130659,4803130667,4803130675,4803130683,4803130691,4803130709,4803130717,4803130725,4803130733,4803130741,4803130758,4803130766,4803130774,4803130782,4803130790,4803130808,4803130816","東京帝国大学図書印,山閏之印",印本,木版,忠義水滸全傳一百二十回 Zhongyi Shuihu quanzhuan 120hui  忠義水滸全伝一百二十回    忠义水浒全書一百二十回,"(巻首題)忠義水滸全傳,(版心題)水滸全傳,(目首題)忠義水滸全書,(引首首題)李卓吾先生批點忠義水滸全傳,(発凡首題)出像評點忠義水滸全書,(封面題)水滸四傳全書",1628-1644年,1567-1644,"(内框)20.1×13.9cm,",,,,,,,,,,,,http://tify.sub.uni-goettingen.de/demo.html?manifest=https://archdataset.dl.itc.u-tokyo.ac.jp/manifest/a6ce1371-73d1-1010-7376-cd8268614d81.json,a6ce1371-73d1-1010-7376-cd8268614d81,https://iiif.dl.itc.u-tokyo.ac.jp/repo/s/asia/,https://iiif.dl.itc.u-tokyo.ac.jp/repo/s/asia/document/a6ce1371-73d1-1010-7376-cd8268614d81,https://www.lib.u-tokyo.ac.jp/ja/library/contents/archives-top/reuse,https://iiif.dl.itc.u-tokyo.ac.jp/repo/files/medium/d9eae3ef3d66494454bfb2e66bd2867563a311a3.jpg,https://iiif.dl.itc.u-tokyo.ac.jp/repo/api/items/1370797,"東京大学附属図書館アジア研究図書館上廣倫理財団寄付研究部門 / Uehiro Project for the Asian Research Library in the University of Tokyo, JAPAN",http://iiif.io/api/presentation/2#rightToLeftDirection,,水滸伝コレクション,,https://iiif.dl.itc.u-tokyo.ac.jp/repo/iiif/a6ce1371-73d1-1010-7376-cd8268614d81/manifest,,,,,72
忠義水滸全傳 120囘 [L_D_6_2-11],,,,,,,,中国語,,,,,,中国明代末に刊刻された『水滸伝』。,漢籍,首冊は忠義水滸全書を底本とする鋪鈔、第二冊は一百回容与堂刻本後修本および李氏焚書にもとづく補鈔、第三冊は一百回和刻本による補配。朱墨の書き入れあり。版心に虫損あり。第一帙、第二帙、第三帙内側に「醉竹軒」による筆記、第四帙内側に神山閏次「水滸傳諸本」の中国語訳文貼付さる。,"線装,四針眼釘法",漢籍D:6:2,120回,(中国)明末,明後期,25.7×16.6,毎半葉10行、行22字,"神山閏次旧蔵, 東京大学文学部中国思想文化学研究室所蔵(漢籍コーナー配架)",32冊,"4803130501,4803130519,4803130527,4803130535,4803130543,4803130550,4803130568,4803130576,4803130584,4803130592,4803130600,4803130618,4803130626,4803130634,4803130642,4803130659,4803130667,4803130675,4803130683,4803130691,4803130709,4803130717,4803130725,4803130733,4803130741,4803130758,4803130766,4803130774,4803130782,4803130790,4803130808,4803130816","東京帝国大学図書印,山閏之印",印本,木版,忠義水滸全傳一百二十回 Zhongyi Shuihu quanzhuan 120hui  忠義水滸全伝一百二十回    忠义水浒全書一百二十回,"(巻首題)忠義水滸全傳,(版心題)水滸全傳,(目首題)忠義水滸全書,(引首首題)李卓吾先生批點忠義水滸全傳,(発凡首題)出像評點忠義水滸全書,(封面題)水滸四傳全書",1628-1644年,1567-1644,"(内框)20.1×13.9cm,",,,,,,,,,,,,http://tify.sub.uni-goettingen.de/demo.html?manifest=https://archdataset.dl.itc.u-tokyo.ac.jp/manifest/82cb70b1-7058-61a6-8121-4b50477961da.json,82cb70b1-7058-61a6-8121-4b50477961da,https://iiif.dl.itc.u-tokyo.ac.jp/repo/s/asia/,https://iiif.dl.itc.u-tokyo.ac.jp/repo/s/asia/document/82cb70b1-7058-61a6-8121-4b50477961da,https://www.lib.u-tokyo.ac.jp/ja/library/contents/archives-top/reuse,https://iiif.dl.itc.u-tokyo.ac.jp/repo/files/medium/24c0e15a513032ec89d34a41dfbd8a1eb1858fd6.jpg,https://iiif.dl.itc.u-tokyo.ac.jp/repo/api/items/1370799,"東京大学附属図書館アジア研究図書館上廣倫理財団寄付研究部門 / Uehiro Project for the Asian Research Library in the University of Tokyo, JAPAN",http://iiif.io/api/presentation/2#rightToLeftDirection,,水滸伝コレクション,,https://iiif.dl.itc.u-tokyo.ac.jp/repo/iiif/82cb70b1-7058-61a6-8121-4b50477961da/manifest,,,,,57
忠義水滸全傳 120囘 [L_D_6_2-13],,,,,,,,中国語,,,,,,中国明代末に刊刻された『水滸伝』。,漢籍,首冊は忠義水滸全書を底本とする鋪鈔、第二冊は一百回容与堂刻本後修本および李氏焚書にもとづく補鈔、第三冊は一百回和刻本による補配。朱墨の書き入れあり。版心に虫損あり。第一帙、第二帙、第三帙内側に「醉竹軒」による筆記、第四帙内側に神山閏次「水滸傳諸本」の中国語訳文貼付さる。,"線装,四針眼釘法",漢籍D:6:2,120回,(中国)明末,明後期,25.7×16.6,毎半葉10行、行22字,"神山閏次旧蔵, 東京大学文学部中国思想文化学研究室所蔵(漢籍コーナー配架)",32冊,"4803130501,4803130519,4803130527,4803130535,4803130543,4803130550,4803130568,4803130576,4803130584,4803130592,4803130600,4803130618,4803130626,4803130634,4803130642,4803130659,4803130667,4803130675,4803130683,4803130691,4803130709,4803130717,4803130725,4803130733,4803130741,4803130758,4803130766,4803130774,4803130782,4803130790,4803130808,4803130816","東京帝国大学図書印,山閏之印",印本,木版,忠義水滸全傳一百二十回 Zhongyi Shuihu quanzhuan 120hui  忠義水滸全伝一百二十回    忠义水浒全書一百二十回,"(巻首題)忠義水滸全傳,(版心題)水滸全傳,(目首題)忠義水滸全書,(引首首題)李卓吾先生批點忠義水滸全傳,(発凡首題)出像評點忠義水滸全書,(封面題)水滸四傳全書",1628-1644年,1567-1644,"(内框)20.1×13.9cm,",,,,,,,,,,,,http://tify.sub.uni-goettingen.de/demo.html?manifest=https://archdataset.dl.itc.u-tokyo.ac.jp/manifest/979996a8-2c22-52c9-97f3-5d30f3f27eb9.json,979996a8-2c22-52c9-97f3-5d30f3f27eb9,https://iiif.dl.itc.u-tokyo.ac.jp/repo/s/asia/,https://iiif.dl.itc.u-tokyo.ac.jp/repo/s/asia/document/979996a8-2c22-52c9-97f3-5d30f3f27eb9,https://www.lib.u-tokyo.ac.jp/ja/library/contents/archives-top/reuse,https://iiif.dl.itc.u-tokyo.ac.jp/repo/files/medium/48ad0bcf414c608b7ddff4de92de27cc52732b4f.jpg,https://iiif.dl.itc.u-tokyo.ac.jp/repo/api/items/1370801,"東京大学附属図書館アジア研究図書館上廣倫理財団寄付研究部門 / Uehiro Project for the Asian Research Library in the University of Tokyo, JAPAN",http://iiif.io/api/presentation/2#rightToLeftDirection,,水滸伝コレクション,,https://iiif.dl.itc.u-tokyo.ac.jp/repo/iiif/979996a8-2c22-52c9-97f3-5d30f3f27eb9/manifest,,,,,59
忠義水滸全傳 120囘 [L_D_6_2-15],,,,,,,,中国語,,,,,,中国明代末に刊刻された『水滸伝』。,漢籍,首冊は忠義水滸全書を底本とする鋪鈔、第二冊は一百回容与堂刻本後修本および李氏焚書にもとづく補鈔、第三冊は一百回和刻本による補配。朱墨の書き入れあり。版心に虫損あり。第一帙、第二帙、第三帙内側に「醉竹軒」による筆記、第四帙内側に神山閏次「水滸傳諸本」の中国語訳文貼付さる。,"線装,四針眼釘法",漢籍D:6:2,120回,(中国)明末,明後期,25.7×16.6,毎半葉10行、行22字,"神山閏次旧蔵, 東京大学文学部中国思想文化学研究室所蔵(漢籍コーナー配架)",32冊,"4803130501,4803130519,4803130527,4803130535,4803130543,4803130550,4803130568,4803130576,4803130584,4803130592,4803130600,4803130618,4803130626,4803130634,4803130642,4803130659,4803130667,4803130675,4803130683,4803130691,4803130709,4803130717,4803130725,4803130733,4803130741,4803130758,4803130766,4803130774,4803130782,4803130790,4803130808,4803130816","東京帝国大学図書印,山閏之印",印本,木版,忠義水滸全傳一百二十回 Zhongyi Shuihu quanzhuan 120hui  忠義水滸全伝一百二十回    忠义水浒全書一百二十回,"(巻首題)忠義水滸全傳,(版心題)水滸全傳,(目首題)忠義水滸全書,(引首首題)李卓吾先生批點忠義水滸全傳,(発凡首題)出像評點忠義水滸全書,(封面題)水滸四傳全書",1628-1644年,1567-1644,"(内框)20.1×13.9cm,",,,,,,,,,,,,http://tify.sub.uni-goettingen.de/demo.html?manifest=https://archdataset.dl.itc.u-tokyo.ac.jp/manifest/2b723c05-87ef-5177-332d-5e39732b83cd.json,2b723c05-87ef-5177-332d-5e39732b83cd,https://iiif.dl.itc.u-tokyo.ac.jp/repo/s/asia/,https://iiif.dl.itc.u-tokyo.ac.jp/repo/s/asia/document/2b723c05-87ef-5177-332d-5e39732b83cd,https://www.lib.u-tokyo.ac.jp/ja/library/contents/archives-top/reuse,https://iiif.dl.itc.u-tokyo.ac.jp/repo/files/medium/f5d02ea0ac98321afaf9b110a6ffd4b303a5fb05.jpg,https://iiif.dl.itc.u-tokyo.ac.jp/repo/api/items/1370803,"東京大学附属図書館アジア研究図書館上廣倫理財団寄付研究部門 / Uehiro Project for the Asian Research Library in the University of Tokyo, JAPAN",http://iiif.io/api/presentation/2#rightToLeftDirection,,水滸伝コレクション,,https://iiif.dl.itc.u-tokyo.ac.jp/repo/iiif/2b723c05-87ef-5177-332d-5e39732b83cd/manifest,,,,,71
忠義水滸全傳 120囘 [L_D_6_2-17],,,,,,,,中国語,,,,,,中国明代末に刊刻された『水滸伝』。,漢籍,首冊は忠義水滸全書を底本とする鋪鈔、第二冊は一百回容与堂刻本後修本および李氏焚書にもとづく補鈔、第三冊は一百回和刻本による補配。朱墨の書き入れあり。版心に虫損あり。第一帙、第二帙、第三帙内側に「醉竹軒」による筆記、第四帙内側に神山閏次「水滸傳諸本」の中国語訳文貼付さる。,"線装,四針眼釘法",漢籍D:6:2,120回,(中国)明末,明後期,25.7×16.6,毎半葉10行、行22字,"神山閏次旧蔵, 東京大学文学部中国思想文化学研究室所蔵(漢籍コーナー配架)",32冊,"4803130501,4803130519,4803130527,4803130535,4803130543,4803130550,4803130568,4803130576,4803130584,4803130592,4803130600,4803130618,4803130626,4803130634,4803130642,4803130659,4803130667,4803130675,4803130683,4803130691,4803130709,4803130717,4803130725,4803130733,4803130741,4803130758,4803130766,4803130774,4803130782,4803130790,4803130808,4803130816","東京帝国大学図書印,山閏之印",印本,木版,忠義水滸全傳一百二十回 Zhongyi Shuihu quanzhuan 120hui  忠義水滸全伝一百二十回    忠义水浒全書一百二十回,"(巻首題)忠義水滸全傳,(版心題)水滸全傳,(目首題)忠義水滸全書,(引首首題)李卓吾先生批點忠義水滸全傳,(発凡首題)出像評點忠義水滸全書,(封面題)水滸四傳全書",1628-1644年,1567-1644,"(内框)20.1×13.9cm,",,,,,,,,,,,,http://tify.sub.uni-goettingen.de/demo.html?manifest=https://archdataset.dl.itc.u-tokyo.ac.jp/manifest/9bc8582a-5b2c-0254-9229-f1b487785bbb.json,9bc8582a-5b2c-0254-9229-f1b487785bbb,https://iiif.dl.itc.u-tokyo.ac.jp/repo/s/asia/,https://iiif.dl.itc.u-tokyo.ac.jp/repo/s/asia/document/9bc8582a-5b2c-0254-9229-f1b487785bbb,https://www.lib.u-tokyo.ac.jp/ja/library/contents/archives-top/reuse,https://iiif.dl.itc.u-tokyo.ac.jp/repo/files/medium/88dd9fd58f02d3b7dbfbc4cb2090dbf4158a3f38.jpg,https://iiif.dl.itc.u-tokyo.ac.jp/repo/api/items/1370805,"東京大学附属図書館アジア研究図書館上廣倫理財団寄付研究部門 / Uehiro Project for the Asian Research Library in the University of Tokyo, JAPAN",http://iiif.io/api/presentation/2#rightToLeftDirection,,水滸伝コレクション,,https://iiif.dl.itc.u-tokyo.ac.jp/repo/iiif/9bc8582a-5b2c-0254-9229-f1b487785bbb/manifest,,,,,67
忠義水滸全傳 120囘 [L_D_6_2-19],,,,,,,,中国語,,,,,,中国明代末に刊刻された『水滸伝』。,漢籍,首冊は忠義水滸全書を底本とする鋪鈔、第二冊は一百回容与堂刻本後修本および李氏焚書にもとづく補鈔、第三冊は一百回和刻本による補配。朱墨の書き入れあり。版心に虫損あり。第一帙、第二帙、第三帙内側に「醉竹軒」による筆記、第四帙内側に神山閏次「水滸傳諸本」の中国語訳文貼付さる。,"線装,四針眼釘法",漢籍D:6:2,120回,(中国)明末,明後期,25.7×16.6,毎半葉10行、行22字,"神山閏次旧蔵, 東京大学文学部中国思想文化学研究室所蔵(漢籍コーナー配架)",32冊,"4803130501,4803130519,4803130527,4803130535,4803130543,4803130550,4803130568,4803130576,4803130584,4803130592,4803130600,4803130618,4803130626,4803130634,4803130642,4803130659,4803130667,4803130675,4803130683,4803130691,4803130709,4803130717,4803130725,4803130733,4803130741,4803130758,4803130766,4803130774,4803130782,4803130790,4803130808,4803130816","東京帝国大学図書印,山閏之印",印本,木版,忠義水滸全傳一百二十回 Zhongyi Shuihu quanzhuan 120hui  忠義水滸全伝一百二十回    忠义水浒全書一百二十回,"(巻首題)忠義水滸全傳,(版心題)水滸全傳,(目首題)忠義水滸全書,(引首首題)李卓吾先生批點忠義水滸全傳,(発凡首題)出像評點忠義水滸全書,(封面題)水滸四傳全書",1628-1644年,1567-1644,"(内框)20.1×13.9cm,",,,,,,,,,,,,http://tify.sub.uni-goettingen.de/demo.html?manifest=https://archdataset.dl.itc.u-tokyo.ac.jp/manifest/823d6173-8def-65a7-4148-f9ce57b64b62.json,823d6173-8def-65a7-4148-f9ce57b64b62,https://iiif.dl.itc.u-tokyo.ac.jp/repo/s/asia/,https://iiif.dl.itc.u-tokyo.ac.jp/repo/s/asia/document/823d6173-8def-65a7-4148-f9ce57b64b62,https://www.lib.u-tokyo.ac.jp/ja/library/contents/archives-top/reuse,https://iiif.dl.itc.u-tokyo.ac.jp/repo/files/medium/98d0fa8b06ea8baf042fb552c3aeefafdf41043b.jpg,https://iiif.dl.itc.u-tokyo.ac.jp/repo/api/items/1370807,"東京大学附属図書館アジア研究図書館上廣倫理財団寄付研究部門 / Uehiro Project for the Asian Research Library in the University of Tokyo, JAPAN",http://iiif.io/api/presentation/2#rightToLeftDirection,,水滸伝コレクション,,https://iiif.dl.itc.u-tokyo.ac.jp/repo/iiif/823d6173-8def-65a7-4148-f9ce57b64b62/manifest,,,,,58
忠義水滸全傳 120囘 [L_D_6_2-21],,,,,,,,中国語,,,,,,中国明代末に刊刻された『水滸伝』。,漢籍,首冊は忠義水滸全書を底本とする鋪鈔、第二冊は一百回容与堂刻本後修本および李氏焚書にもとづく補鈔、第三冊は一百回和刻本による補配。朱墨の書き入れあり。版心に虫損あり。第一帙、第二帙、第三帙内側に「醉竹軒」による筆記、第四帙内側に神山閏次「水滸傳諸本」の中国語訳文貼付さる。,"線装,四針眼釘法",漢籍D:6:2,120回,(中国)明末,明後期,25.7×16.6,毎半葉10行、行22字,"神山閏次旧蔵, 東京大学文学部中国思想文化学研究室所蔵(漢籍コーナー配架)",32冊,"4803130501,4803130519,4803130527,4803130535,4803130543,4803130550,4803130568,4803130576,4803130584,4803130592,4803130600,4803130618,4803130626,4803130634,4803130642,4803130659,4803130667,4803130675,4803130683,4803130691,4803130709,4803130717,4803130725,4803130733,4803130741,4803130758,4803130766,4803130774,4803130782,4803130790,4803130808,4803130816","東京帝国大学図書印,山閏之印",印本,木版,忠義水滸全傳一百二十回 Zhongyi Shuihu quanzhuan 120hui  忠義水滸全伝一百二十回    忠义水浒全書一百二十回,"(巻首題)忠義水滸全傳,(版心題)水滸全傳,(目首題)忠義水滸全書,(引首首題)李卓吾先生批點忠義水滸全傳,(発凡首題)出像評點忠義水滸全書,(封面題)水滸四傳全書",1628-1644年,1567-1644,"(内框)20.1×13.9cm,",,,,,,,,,,,,http://tify.sub.uni-goettingen.de/demo.html?manifest=https://archdataset.dl.itc.u-tokyo.ac.jp/manifest/af97f745-5537-3630-6167-21349b11525e.json,af97f745-5537-3630-6167-21349b11525e,https://iiif.dl.itc.u-tokyo.ac.jp/repo/s/asia/,https://iiif.dl.itc.u-tokyo.ac.jp/repo/s/asia/document/af97f745-5537-3630-6167-21349b11525e,https://www.lib.u-tokyo.ac.jp/ja/library/contents/archives-top/reuse,https://iiif.dl.itc.u-tokyo.ac.jp/repo/files/medium/64c1aad06767087507eef1bda2382b376facdc2c.jpg,https://iiif.dl.itc.u-tokyo.ac.jp/repo/api/items/1370809,"東京大学附属図書館アジア研究図書館上廣倫理財団寄付研究部門 / Uehiro Project for the Asian Research Library in the University of Tokyo, JAPAN",http://iiif.io/api/presentation/2#rightToLeftDirection,,水滸伝コレクション,,https://iiif.dl.itc.u-tokyo.ac.jp/repo/iiif/af97f745-5537-3630-6167-21349b11525e/manifest,,,,,59
忠義水滸全傳 120囘 [L_D_6_2-23],,,,,,,,中国語,,,,,,中国明代末に刊刻された『水滸伝』。,漢籍,首冊は忠義水滸全書を底本とする鋪鈔、第二冊は一百回容与堂刻本後修本および李氏焚書にもとづく補鈔、第三冊は一百回和刻本による補配。朱墨の書き入れあり。版心に虫損あり。第一帙、第二帙、第三帙内側に「醉竹軒」による筆記、第四帙内側に神山閏次「水滸傳諸本」の中国語訳文貼付さる。,"線装,四針眼釘法",漢籍D:6:2,120回,(中国)明末,明後期,25.7×16.6,毎半葉10行、行22字,"神山閏次旧蔵, 東京大学文学部中国思想文化学研究室所蔵(漢籍コーナー配架)",32冊,"4803130501,4803130519,4803130527,4803130535,4803130543,4803130550,4803130568,4803130576,4803130584,4803130592,4803130600,4803130618,4803130626,4803130634,4803130642,4803130659,4803130667,4803130675,4803130683,4803130691,4803130709,4803130717,4803130725,4803130733,4803130741,4803130758,4803130766,4803130774,4803130782,4803130790,4803130808,4803130816","東京帝国大学図書印,山閏之印",印本,木版,忠義水滸全傳一百二十回 Zhongyi Shuihu quanzhuan 120hui  忠義水滸全伝一百二十回    忠义水浒全書一百二十回,"(巻首題)忠義水滸全傳,(版心題)水滸全傳,(目首題)忠義水滸全書,(引首首題)李卓吾先生批點忠義水滸全傳,(発凡首題)出像評點忠義水滸全書,(封面題)水滸四傳全書",1628-1644年,1567-1644,"(内框)20.1×13.9cm,",,,,,,,,,,,,http://tify.sub.uni-goettingen.de/demo.html?manifest=https://archdataset.dl.itc.u-tokyo.ac.jp/manifest/9f50aa10-82ca-917e-5fc0-049bd661329a.json,9f50aa10-82ca-917e-5fc0-049bd661329a,https://iiif.dl.itc.u-tokyo.ac.jp/repo/s/asia/,https://iiif.dl.itc.u-tokyo.ac.jp/repo/s/asia/document/9f50aa10-82ca-917e-5fc0-049bd661329a,https://www.lib.u-tokyo.ac.jp/ja/library/contents/archives-top/reuse,https://iiif.dl.itc.u-tokyo.ac.jp/repo/files/medium/e141fbce16ddbcadd63f88986e56f87f14e06dfc.jpg,https://iiif.dl.itc.u-tokyo.ac.jp/repo/api/items/1370811,"東京大学附属図書館アジア研究図書館上廣倫理財団寄付研究部門 / Uehiro Project for the Asian Research Library in the University of Tokyo, JAPAN",http://iiif.io/api/presentation/2#rightToLeftDirection,,水滸伝コレクション,,https://iiif.dl.itc.u-tokyo.ac.jp/repo/iiif/9f50aa10-82ca-917e-5fc0-049bd661329a/manifest,,,,,61
忠義水滸全傳 120囘 [L_D_6_2-25],,,,,,,,中国語,,,,,,中国明代末に刊刻された『水滸伝』。,漢籍,首冊は忠義水滸全書を底本とする鋪鈔、第二冊は一百回容与堂刻本後修本および李氏焚書にもとづく補鈔、第三冊は一百回和刻本による補配。朱墨の書き入れあり。版心に虫損あり。第一帙、第二帙、第三帙内側に「醉竹軒」による筆記、第四帙内側に神山閏次「水滸傳諸本」の中国語訳文貼付さる。,"線装,四針眼釘法",漢籍D:6:2,120回,(中国)明末,明後期,25.7×16.6,毎半葉10行、行22字,"神山閏次旧蔵, 東京大学文学部中国思想文化学研究室所蔵(漢籍コーナー配架)",32冊,"4803130501,4803130519,4803130527,4803130535,4803130543,4803130550,4803130568,4803130576,4803130584,4803130592,4803130600,4803130618,4803130626,4803130634,4803130642,4803130659,4803130667,4803130675,4803130683,4803130691,4803130709,4803130717,4803130725,4803130733,4803130741,4803130758,4803130766,4803130774,4803130782,4803130790,4803130808,4803130816","東京帝国大学図書印,山閏之印",印本,木版,忠義水滸全傳一百二十回 Zhongyi Shuihu quanzhuan 120hui  忠義水滸全伝一百二十回    忠义水浒全書一百二十回,"(巻首題)忠義水滸全傳,(版心題)水滸全傳,(目首題)忠義水滸全書,(引首首題)李卓吾先生批點忠義水滸全傳,(発凡首題)出像評點忠義水滸全書,(封面題)水滸四傳全書",1628-1644年,1567-1644,"(内框)20.1×13.9cm,",,,,,,,,,,,,http://tify.sub.uni-goettingen.de/demo.html?manifest=https://archdataset.dl.itc.u-tokyo.ac.jp/manifest/b5430946-3900-448a-0abe-4d4902e75829.json,b5430946-3900-448a-0abe-4d4902e75829,https://iiif.dl.itc.u-tokyo.ac.jp/repo/s/asia/,https://iiif.dl.itc.u-tokyo.ac.jp/repo/s/asia/document/b5430946-3900-448a-0abe-4d4902e75829,https://www.lib.u-tokyo.ac.jp/ja/library/contents/archives-top/reuse,https://iiif.dl.itc.u-tokyo.ac.jp/repo/files/medium/895be4d6c554390984451470856442aec55215fd.jpg,https://iiif.dl.itc.u-tokyo.ac.jp/repo/api/items/1370813,"東京大学附属図書館アジア研究図書館上廣倫理財団寄付研究部門 / Uehiro Project for the Asian Research Library in the University of Tokyo, JAPAN",http://iiif.io/api/presentation/2#rightToLeftDirection,,水滸伝コレクション,,https://iiif.dl.itc.u-tokyo.ac.jp/repo/iiif/b5430946-3900-448a-0abe-4d4902e75829/manifest,,,,,72
忠義水滸全傳 120囘 [L_D_6_2-27],,,,,,,,中国語,,,,,,中国明代末に刊刻された『水滸伝』。,漢籍,首冊は忠義水滸全書を底本とする鋪鈔、第二冊は一百回容与堂刻本後修本および李氏焚書にもとづく補鈔、第三冊は一百回和刻本による補配。朱墨の書き入れあり。版心に虫損あり。第一帙、第二帙、第三帙内側に「醉竹軒」による筆記、第四帙内側に神山閏次「水滸傳諸本」の中国語訳文貼付さる。,"線装,四針眼釘法",漢籍D:6:2,120回,(中国)明末,明後期,25.7×16.6,毎半葉10行、行22字,"神山閏次旧蔵, 東京大学文学部中国思想文化学研究室所蔵(漢籍コーナー配架)",32冊,"4803130501,4803130519,4803130527,4803130535,4803130543,4803130550,4803130568,4803130576,4803130584,4803130592,4803130600,4803130618,4803130626,4803130634,4803130642,4803130659,4803130667,4803130675,4803130683,4803130691,4803130709,4803130717,4803130725,4803130733,4803130741,4803130758,4803130766,4803130774,4803130782,4803130790,4803130808,4803130816","東京帝国大学図書印,山閏之印",印本,木版,忠義水滸全傳一百二十回 Zhongyi Shuihu quanzhuan 120hui  忠義水滸全伝一百二十回    忠义水浒全書一百二十回,"(巻首題)忠義水滸全傳,(版心題)水滸全傳,(目首題)忠義水滸全書,(引首首題)李卓吾先生批點忠義水滸全傳,(発凡首題)出像評點忠義水滸全書,(封面題)水滸四傳全書",1628-1644年,1567-1644,"(内框)20.1×13.9cm,",,,,,,,,,,,,http://tify.sub.uni-goettingen.de/demo.html?manifest=https://archdataset.dl.itc.u-tokyo.ac.jp/manifest/ce00d52e-63f7-715a-7f35-68e7667192d2.json,ce00d52e-63f7-715a-7f35-68e7667192d2,https://iiif.dl.itc.u-tokyo.ac.jp/repo/s/asia/,https://iiif.dl.itc.u-tokyo.ac.jp/repo/s/asia/document/ce00d52e-63f7-715a-7f35-68e7667192d2,https://www.lib.u-tokyo.ac.jp/ja/library/contents/archives-top/reuse,https://iiif.dl.itc.u-tokyo.ac.jp/repo/files/medium/f519232f8ba37d5e6b2fc6534188842ea2051f6e.jpg,https://iiif.dl.itc.u-tokyo.ac.jp/repo/api/items/1370815,"東京大学附属図書館アジア研究図書館上廣倫理財団寄付研究部門 / Uehiro Project for the Asian Research Library in the University of Tokyo, JAPAN",http://iiif.io/api/presentation/2#rightToLeftDirection,,水滸伝コレクション,,https://iiif.dl.itc.u-tokyo.ac.jp/repo/iiif/ce00d52e-63f7-715a-7f35-68e7667192d2/manifest,,,,,53
忠義水滸全傳 120囘 [L_D_6_2-29],,,,,,,,中国語,,,,,,中国明代末に刊刻された『水滸伝』。,漢籍,首冊は忠義水滸全書を底本とする鋪鈔、第二冊は一百回容与堂刻本後修本および李氏焚書にもとづく補鈔、第三冊は一百回和刻本による補配。朱墨の書き入れあり。版心に虫損あり。第一帙、第二帙、第三帙内側に「醉竹軒」による筆記、第四帙内側に神山閏次「水滸傳諸本」の中国語訳文貼付さる。,"線装,四針眼釘法",漢籍D:6:2,120回,(中国)明末,明後期,25.7×16.6,毎半葉10行、行22字,"神山閏次旧蔵, 東京大学文学部中国思想文化学研究室所蔵(漢籍コーナー配架)",32冊,"4803130501,4803130519,4803130527,4803130535,4803130543,4803130550,4803130568,4803130576,4803130584,4803130592,4803130600,4803130618,4803130626,4803130634,4803130642,4803130659,4803130667,4803130675,4803130683,4803130691,4803130709,4803130717,4803130725,4803130733,4803130741,4803130758,4803130766,4803130774,4803130782,4803130790,4803130808,4803130816","東京帝国大学図書印,山閏之印",印本,木版,忠義水滸全傳一百二十回 Zhongyi Shuihu quanzhuan 120hui  忠義水滸全伝一百二十回    忠义水浒全書一百二十回,"(巻首題)忠義水滸全傳,(版心題)水滸全傳,(目首題)忠義水滸全書,(引首首題)李卓吾先生批點忠義水滸全傳,(発凡首題)出像評點忠義水滸全書,(封面題)水滸四傳全書",1628-1644年,1567-1644,"(内框)20.1×13.9cm,",,,,,,,,,,,,http://tify.sub.uni-goettingen.de/demo.html?manifest=https://archdataset.dl.itc.u-tokyo.ac.jp/manifest/d5abb7dd-2db6-3d66-3286-80a8005348d9.json,d5abb7dd-2db6-3d66-3286-80a8005348d9,https://iiif.dl.itc.u-tokyo.ac.jp/repo/s/asia/,https://iiif.dl.itc.u-tokyo.ac.jp/repo/s/asia/document/d5abb7dd-2db6-3d66-3286-80a8005348d9,https://www.lib.u-tokyo.ac.jp/ja/library/contents/archives-top/reuse,https://iiif.dl.itc.u-tokyo.ac.jp/repo/files/medium/e8a07aeae831e00f87a9e7986dcb148b5575e8cc.jpg,https://iiif.dl.itc.u-tokyo.ac.jp/repo/api/items/1370817,"東京大学附属図書館アジア研究図書館上廣倫理財団寄付研究部門 / Uehiro Project for the Asian Research Library in the University of Tokyo, JAPAN",http://iiif.io/api/presentation/2#rightToLeftDirection,,水滸伝コレクション,,https://iiif.dl.itc.u-tokyo.ac.jp/repo/iiif/d5abb7dd-2db6-3d66-3286-80a8005348d9/manifest,,,,,66
忠義水滸全傳 120囘 [L_D_6_2-31],,,,,,,,中国語,,,,,,中国明代末に刊刻された『水滸伝』。,漢籍,首冊は忠義水滸全書を底本とする鋪鈔、第二冊は一百回容与堂刻本後修本および李氏焚書にもとづく補鈔、第三冊は一百回和刻本による補配。朱墨の書き入れあり。版心に虫損あり。第一帙、第二帙、第三帙内側に「醉竹軒」による筆記、第四帙内側に神山閏次「水滸傳諸本」の中国語訳文貼付さる。,"線装,四針眼釘法",漢籍D:6:2,120回,(中国)明末,明後期,25.7×16.6,毎半葉10行、行22字,"神山閏次旧蔵, 東京大学文学部中国思想文化学研究室所蔵(漢籍コーナー配架)",32冊,"4803130501,4803130519,4803130527,4803130535,4803130543,4803130550,4803130568,4803130576,4803130584,4803130592,4803130600,4803130618,4803130626,4803130634,4803130642,4803130659,4803130667,4803130675,4803130683,4803130691,4803130709,4803130717,4803130725,4803130733,4803130741,4803130758,4803130766,4803130774,4803130782,4803130790,4803130808,4803130816","東京帝国大学図書印,山閏之印",印本,木版,忠義水滸全傳一百二十回 Zhongyi Shuihu quanzhuan 120hui  忠義水滸全伝一百二十回    忠义水浒全書一百二十回,"(巻首題)忠義水滸全傳,(版心題)水滸全傳,(目首題)忠義水滸全書,(引首首題)李卓吾先生批點忠義水滸全傳,(発凡首題)出像評點忠義水滸全書,(封面題)水滸四傳全書",1628-1644年,1567-1644,"(内框)20.1×13.9cm,",,,,,,,,,,,,http://tify.sub.uni-goettingen.de/demo.html?manifest=https://archdataset.dl.itc.u-tokyo.ac.jp/manifest/f5e551cc-5b95-3c6e-78b8-f935f50b9d89.json,f5e551cc-5b95-3c6e-78b8-f935f50b9d89,https://iiif.dl.itc.u-tokyo.ac.jp/repo/s/asia/,https://iiif.dl.itc.u-tokyo.ac.jp/repo/s/asia/document/f5e551cc-5b95-3c6e-78b8-f935f50b9d89,https://www.lib.u-tokyo.ac.jp/ja/library/contents/archives-top/reuse,https://iiif.dl.itc.u-tokyo.ac.jp/repo/files/medium/bac36f9a37c81542830119513a58b864e5dfadd2.jpg,https://iiif.dl.itc.u-tokyo.ac.jp/repo/api/items/1370819,"東京大学附属図書館アジア研究図書館上廣倫理財団寄付研究部門 / Uehiro Project for the Asian Research Library in the University of Tokyo, JAPAN",http://iiif.io/api/presentation/2#rightToLeftDirection,,水滸伝コレクション,,https://iiif.dl.itc.u-tokyo.ac.jp/repo/iiif/f5e551cc-5b95-3c6e-78b8-f935f50b9d89/manifest,,,,,67
"忠義水滸全傳 120囘圖1卷,宣和遺事 1卷[IASA_KUR_41973_00]",,,"施耐庵集撰, 羅貫中纂修,李贄評閱,楊定見編",,,,,中国語,,,,,,中国明代末に刊刻された『水滸伝』。,漢籍,"黒筆の書入れあり挿入物あり: 第46囘第6-7葉間
落丁: 第9囘第3葉, 第30囘第1-2葉, 第32囘第21葉以降, 第84囘第1葉.
シミ, 破損, 虫損, カスレ甚だし(一部欠損箇所の補鈔, および貼付による補修・補鈔あり)","線装,四針眼釘法",倉石文庫:41973:1,120回,(中国)明末,明後期,25.2×16.5,毎半葉10行、行22字,"倉石武四郎旧蔵, 東京大学東洋文化研究所倉石文庫藏",32冊,"6403914721,6403914739,6403914747,6403914754,6403914762,6403914770,6403914788,6403914796,6403914804,6403914812,6403914820,6403914838,6403914846,6403914853,6403914861,6403914879,6403914887,6403914895,6403914903,6403914911,6403914929,6403914937,6403914945,6403914952","東洋文化研究所図書,倉石武四郎博士旧蔵",印本,木版,忠義水滸全傳一百二十回 Zhongyi Shuihu quanzhuan 120hui  忠義水滸全伝一百二十回    忠义水浒全传一百二十回,"(巻首題)忠義水滸全傳,(版心題)水滸全傳,(目首題)忠義水滸全傳,(引首首題)新鐫李氏藏本忠義水滸全傳,(発凡首題)出像評點忠義水滸全傳",1628-1644年,1567-1644,,,,,,,,,,,,,http://tify.sub.uni-goettingen.de/demo.html?manifest=https://archdataset.dl.itc.u-tokyo.ac.jp/manifest/420a1d20-08cf-1f11-788f-471210bc2096.json,420a1d20-08cf-1f11-788f-471210bc2096,https://iiif.dl.itc.u-tokyo.ac.jp/repo/s/asia/,https://iiif.dl.itc.u-tokyo.ac.jp/repo/s/asia/document/420a1d20-08cf-1f11-788f-471210bc2096,https://www.lib.u-tokyo.ac.jp/ja/library/contents/archives-top/reuse,https://iiif.dl.itc.u-tokyo.ac.jp/repo/files/medium/1cea6baf29dd707e3708b0c67081f2c92a9648d0.jpg,https://iiif.dl.itc.u-tokyo.ac.jp/repo/api/items/1370821,"東京大学附属図書館アジア研究図書館上廣倫理財団寄付研究部門 / Uehiro Project for the Asian Research Library in the University of Tokyo, JAPAN",http://iiif.io/api/presentation/2#rightToLeftDirection,,水滸伝コレクション,,https://iiif.dl.itc.u-tokyo.ac.jp/repo/iiif/420a1d20-08cf-1f11-788f-471210bc2096/manifest,,,,,24
"忠義水滸全傳 120囘圖1卷,宣和遺事 1卷[IASA_KUR_41973_02]",,,"施耐庵集撰, 羅貫中纂修,李贄評閱,楊定見編",,,,,中国語,,,,,,中国明代末に刊刻された『水滸伝』。,漢籍,"黒筆の書入れあり挿入物あり: 第46囘第6-7葉間
落丁: 第9囘第3葉, 第30囘第1-2葉, 第32囘第21葉以降, 第84囘第1葉.
シミ, 破損, 虫損, カスレ甚だし(一部欠損箇所の補鈔, および貼付による補修・補鈔あり)","線装,四針眼釘法",倉石文庫:41973:1,120回,(中国)明末,明後期,25.2×16.5,毎半葉10行、行22字,"倉石武四郎旧蔵, 東京大学東洋文化研究所倉石文庫藏",32冊,"6403914721,6403914739,6403914747,6403914754,6403914762,6403914770,6403914788,6403914796,6403914804,6403914812,6403914820,6403914838,6403914846,6403914853,6403914861,6403914879,6403914887,6403914895,6403914903,6403914911,6403914929,6403914937,6403914945,6403914952","東洋文化研究所図書,倉石武四郎博士旧蔵",印本,木版,忠義水滸全傳一百二十回 Zhongyi Shuihu quanzhuan 120hui  忠義水滸全伝一百二十回    忠义水浒全传一百二十回,"(巻首題)忠義水滸全傳,(版心題)水滸全傳,(目首題)忠義水滸全傳,(引首首題)新鐫李氏藏本忠義水滸全傳,(発凡首題)出像評點忠義水滸全傳",1628-1644年,1567-1644,,,,,,,,,,,,,http://tify.sub.uni-goettingen.de/demo.html?manifest=https://archdataset.dl.itc.u-tokyo.ac.jp/manifest/c2fb8e99-44de-0120-1366-00333dea3c5f.json,c2fb8e99-44de-0120-1366-00333dea3c5f,https://iiif.dl.itc.u-tokyo.ac.jp/repo/s/asia/,https://iiif.dl.itc.u-tokyo.ac.jp/repo/s/asia/document/c2fb8e99-44de-0120-1366-00333dea3c5f,https://www.lib.u-tokyo.ac.jp/ja/library/contents/archives-top/reuse,https://iiif.dl.itc.u-tokyo.ac.jp/repo/files/medium/adb9620d1262be2c772b8c560a21a4776344d880.jpg,https://iiif.dl.itc.u-tokyo.ac.jp/repo/api/items/1370823,"東京大学附属図書館アジア研究図書館上廣倫理財団寄付研究部門 / Uehiro Project for the Asian Research Library in the University of Tokyo, JAPAN",http://iiif.io/api/presentation/2#rightToLeftDirection,,水滸伝コレクション,,https://iiif.dl.itc.u-tokyo.ac.jp/repo/iiif/c2fb8e99-44de-0120-1366-00333dea3c5f/manifest,,,,,81
"忠義水滸全傳 120囘圖1卷,宣和遺事 1卷[IASA_KUR_41973_04]",,,"施耐庵集撰, 羅貫中纂修,李贄評閱,楊定見編",,,,,中国語,,,,,,中国明代末に刊刻された『水滸伝』。,漢籍,"黒筆の書入れあり挿入物あり: 第46囘第6-7葉間
落丁: 第9囘第3葉, 第30囘第1-2葉, 第32囘第21葉以降, 第84囘第1葉.
シミ, 破損, 虫損, カスレ甚だし(一部欠損箇所の補鈔, および貼付による補修・補鈔あり)","線装,四針眼釘法",倉石文庫:41973:1,120回,(中国)明末,明後期,25.2×16.5,毎半葉10行、行22字,"倉石武四郎旧蔵, 東京大学東洋文化研究所倉石文庫藏",32冊,"6403914721,6403914739,6403914747,6403914754,6403914762,6403914770,6403914788,6403914796,6403914804,6403914812,6403914820,6403914838,6403914846,6403914853,6403914861,6403914879,6403914887,6403914895,6403914903,6403914911,6403914929,6403914937,6403914945,6403914952","東洋文化研究所図書,倉石武四郎博士旧蔵",印本,木版,忠義水滸全傳一百二十回 Zhongyi Shuihu quanzhuan 120hui  忠義水滸全伝一百二十回    忠义水浒全传一百二十回,"(巻首題)忠義水滸全傳,(版心題)水滸全傳,(目首題)忠義水滸全傳,(引首首題)新鐫李氏藏本忠義水滸全傳,(発凡首題)出像評點忠義水滸全傳",1628-1644年,1567-1644,,,,,,,,,,,,,http://tify.sub.uni-goettingen.de/demo.html?manifest=https://archdataset.dl.itc.u-tokyo.ac.jp/manifest/53db1325-991d-465e-8c1c-a887ebb76e85.json,53db1325-991d-465e-8c1c-a887ebb76e85,https://iiif.dl.itc.u-tokyo.ac.jp/repo/s/asia/,https://iiif.dl.itc.u-tokyo.ac.jp/repo/s/asia/document/53db1325-991d-465e-8c1c-a887ebb76e85,https://www.lib.u-tokyo.ac.jp/ja/library/contents/archives-top/reuse,https://iiif.dl.itc.u-tokyo.ac.jp/repo/files/medium/2c4a943c247549ddbe1dc07af7d53b91cb78885d.jpg,https://iiif.dl.itc.u-tokyo.ac.jp/repo/api/items/1370825,"東京大学附属図書館アジア研究図書館上廣倫理財団寄付研究部門 / Uehiro Project for the Asian Research Library in the University of Tokyo, JAPAN",http://iiif.io/api/presentation/2#rightToLeftDirection,,水滸伝コレクション,,https://iiif.dl.itc.u-tokyo.ac.jp/repo/iiif/53db1325-991d-465e-8c1c-a887ebb76e85/manifest,,,,,84
"忠義水滸全傳 120囘圖1卷,宣和遺事 1卷[IASA_KUR_41973_06]",,,"施耐庵集撰, 羅貫中纂修,李贄評閱,楊定見編",,,,,中国語,,,,,,中国明代末に刊刻された『水滸伝』。,漢籍,"黒筆の書入れあり挿入物あり: 第46囘第6-7葉間
落丁: 第9囘第3葉, 第30囘第1-2葉, 第32囘第21葉以降, 第84囘第1葉.
シミ, 破損, 虫損, カスレ甚だし(一部欠損箇所の補鈔, および貼付による補修・補鈔あり)","線装,四針眼釘法",倉石文庫:41973:1,120回,(中国)明末,明後期,25.2×16.5,毎半葉10行、行22字,"倉石武四郎旧蔵, 東京大学東洋文化研究所倉石文庫藏",32冊,"6403914721,6403914739,6403914747,6403914754,6403914762,6403914770,6403914788,6403914796,6403914804,6403914812,6403914820,6403914838,6403914846,6403914853,6403914861,6403914879,6403914887,6403914895,6403914903,6403914911,6403914929,6403914937,6403914945,6403914952","東洋文化研究所図書,倉石武四郎博士旧蔵",印本,木版,忠義水滸全傳一百二十回 Zhongyi Shuihu quanzhuan 120hui  忠義水滸全伝一百二十回    忠义水浒全传一百二十回,"(巻首題)忠義水滸全傳,(版心題)水滸全傳,(目首題)忠義水滸全傳,(引首首題)新鐫李氏藏本忠義水滸全傳,(発凡首題)出像評點忠義水滸全傳",1628-1644年,1567-1644,,,,,,,,,,,,,http://tify.sub.uni-goettingen.de/demo.html?manifest=https://archdataset.dl.itc.u-tokyo.ac.jp/manifest/4cbc90f0-4a9b-4261-8699-efa96a29727c.json,4cbc90f0-4a9b-4261-8699-efa96a29727c,https://iiif.dl.itc.u-tokyo.ac.jp/repo/s/asia/,https://iiif.dl.itc.u-tokyo.ac.jp/repo/s/asia/document/4cbc90f0-4a9b-4261-8699-efa96a29727c,https://www.lib.u-tokyo.ac.jp/ja/library/contents/archives-top/reuse,https://iiif.dl.itc.u-tokyo.ac.jp/repo/files/medium/d954f0adb4dedddb46f2b172e0909d4e10dea704.jpg,https://iiif.dl.itc.u-tokyo.ac.jp/repo/api/items/1370827,"東京大学附属図書館アジア研究図書館上廣倫理財団寄付研究部門 / Uehiro Project for the Asian Research Library in the University of Tokyo, JAPAN",http://iiif.io/api/presentation/2#rightToLeftDirection,,水滸伝コレクション,,https://iiif.dl.itc.u-tokyo.ac.jp/repo/iiif/4cbc90f0-4a9b-4261-8699-efa96a29727c/manifest,,,,,92
"忠義水滸全傳 120囘圖1卷,宣和遺事 1卷[IASA_KUR_41973_08]",,,"施耐庵集撰, 羅貫中纂修,李贄評閱,楊定見編",,,,,中国語,,,,,,中国明代末に刊刻された『水滸伝』。,漢籍,"黒筆の書入れあり挿入物あり: 第46囘第6-7葉間
落丁: 第9囘第3葉, 第30囘第1-2葉, 第32囘第21葉以降, 第84囘第1葉.
シミ, 破損, 虫損, カスレ甚だし(一部欠損箇所の補鈔, および貼付による補修・補鈔あり)","線装,四針眼釘法",倉石文庫:41973:1,120回,(中国)明末,明後期,25.2×16.5,毎半葉10行、行22字,"倉石武四郎旧蔵, 東京大学東洋文化研究所倉石文庫藏",32冊,"6403914721,6403914739,6403914747,6403914754,6403914762,6403914770,6403914788,6403914796,6403914804,6403914812,6403914820,6403914838,6403914846,6403914853,6403914861,6403914879,6403914887,6403914895,6403914903,6403914911,6403914929,6403914937,6403914945,6403914952","東洋文化研究所図書,倉石武四郎博士旧蔵",印本,木版,忠義水滸全傳一百二十回 Zhongyi Shuihu quanzhuan 120hui  忠義水滸全伝一百二十回    忠义水浒全传一百二十回,"(巻首題)忠義水滸全傳,(版心題)水滸全傳,(目首題)忠義水滸全傳,(引首首題)新鐫李氏藏本忠義水滸全傳,(発凡首題)出像評點忠義水滸全傳",1628-1644年,1567-1644,,,,,,,,,,,,,http://tify.sub.uni-goettingen.de/demo.html?manifest=https://archdataset.dl.itc.u-tokyo.ac.jp/manifest/86ffe7c8-3212-a79a-164e-481c5183140a.json,86ffe7c8-3212-a79a-164e-481c5183140a,https://iiif.dl.itc.u-tokyo.ac.jp/repo/s/asia/,https://iiif.dl.itc.u-tokyo.ac.jp/repo/s/asia/document/86ffe7c8-3212-a79a-164e-481c5183140a,https://www.lib.u-tokyo.ac.jp/ja/library/contents/archives-top/reuse,https://iiif.dl.itc.u-tokyo.ac.jp/repo/files/medium/97072377ad43a7888f25c8e5791406116ae27e11.jpg,https://iiif.dl.itc.u-tokyo.ac.jp/repo/api/items/1370829,"東京大学附属図書館アジア研究図書館上廣倫理財団寄付研究部門 / Uehiro Project for the Asian Research Library in the University of Tokyo, JAPAN",http://iiif.io/api/presentation/2#rightToLeftDirection,,水滸伝コレクション,,https://iiif.dl.itc.u-tokyo.ac.jp/repo/iiif/86ffe7c8-3212-a79a-164e-481c5183140a/manifest,,,,,72
水滸傳全本 三十巻 [漢籍:D(貴重書)-02],,,,,,,,,,,,,,中国明時代に刊刻、清時代に補刻、印刷された『水滸伝』。文学部蔵。,,首冊に図20葉あり。,"線装,四針眼釘法",漢籍:D(貴重書),30巻,(中国)清前期,明後期,25.0×16.1cm,毎半葉10行、行20字,"幸田露伴旧蔵, 東京大学文学部所蔵",12冊,"4803777103,4803777111,4803777129,4803777137,4803777145,4803777152,4803777160,4803777178,4803777186,4803777194,4803777202,4803777210","東京帝国大学図書印, 東京帝国大学附属図書館印,有水可漁印,鮮碧山房印",,木版,水滸伝全本三十巻 ShuihuzhuanQuanben 30juan  水滸傳全本三十卷    水浒传全本三十卷,"(巻首題,版心題)水滸傳全本,(目首題)金聖歎評水滸全傳,(序首題)水滸全傳,(封面題)施耐菴原本李卓吾先生評水滸全傳",1644-1735年,1567-1644,(内框)20.4×12.8cm,漢籍:D(貴重書),,"破損あり,裏打修補あり,墨筆書き入れあり",水滸傳,蘇州,"氏岡真士「三十巻本『水滸伝』について」(『日本中国学会報』第六十三集,2011年)、佐髙春音「『水滸傳全本』(文学部蔵本)解題」,『東京大学附属図書館アジア研究図書館上廣倫理財団寄付研究部門(U-PARL)2020−2021年度協働型アジア研究「東京大学所蔵水滸伝諸版本に関する研究」成果報告集』所収。",金閶映雪草堂藏板,"(元)施耐菴編,(明)李卓吾評點",,,,http://tify.sub.uni-goettingen.de/demo.html?manifest=https://archdataset.dl.itc.u-tokyo.ac.jp/manifest/c3fb1040-5a5b-61b3-0a2c-913d81a30499.json,c3fb1040-5a5b-61b3-0a2c-913d81a30499,https://iiif.dl.itc.u-tokyo.ac.jp/repo/s/asia,https://iiif.dl.itc.u-tokyo.ac.jp/repo/s/asia/document/c3fb1040-5a5b-61b3-0a2c-913d81a30499,https://www.lib.u-tokyo.ac.jp/ja/library/contents/archives-top/reuse,https://iiif.dl.itc.u-tokyo.ac.jp/repo/files/medium/71e736190607664eb8fca7d168c883a6f24765f6.jpg,https://iiif.dl.itc.u-tokyo.ac.jp/repo/api/items/1179419,"東京大学附属図書館アジア研究図書館上廣倫理財団寄付研究部門 / Uehiro Project for the Asian Research Library in the University of Tokyo, JAPAN",http://iiif.io/api/presentation/2#rightToLeftDirection,,水滸伝コレクション,,https://iiif.dl.itc.u-tokyo.ac.jp/repo/iiif/c3fb1040-5a5b-61b3-0a2c-913d81a30499/manifest,,,,,79
水滸傳全本 三十巻 [漢籍:D(貴重書)-03],,,,,,,,,,,,,,中国明時代に刊刻、清時代に補刻、印刷された『水滸伝』。文学部蔵。,,首冊に図20葉あり。,"線装,四針眼釘法",漢籍:D(貴重書),30巻,(中国)清前期,明後期,25.0×16.1cm,毎半葉10行、行20字,"幸田露伴旧蔵, 東京大学文学部所蔵",12冊,"4803777103,4803777111,4803777129,4803777137,4803777145,4803777152,4803777160,4803777178,4803777186,4803777194,4803777202,4803777210","東京帝国大学図書印, 東京帝国大学附属図書館印,有水可漁印,鮮碧山房印",,木版,水滸伝全本三十巻 ShuihuzhuanQuanben 30juan  水滸傳全本三十卷    水浒传全本三十卷,"(巻首題,版心題)水滸傳全本,(目首題)金聖歎評水滸全傳,(序首題)水滸全傳,(封面題)施耐菴原本李卓吾先生評水滸全傳",1644-1735年,1567-1644,(内框)20.4×12.8cm,漢籍:D(貴重書),,"破損あり,裏打修補あり,墨筆書き入れあり",水滸傳,蘇州,"氏岡真士「三十巻本『水滸伝』について」(『日本中国学会報』第六十三集,2011年)、佐髙春音「『水滸傳全本』(文学部蔵本)解題」,『東京大学附属図書館アジア研究図書館上廣倫理財団寄付研究部門(U-PARL)2020−2021年度協働型アジア研究「東京大学所蔵水滸伝諸版本に関する研究」成果報告集』所収。",金閶映雪草堂藏板,"(元)施耐菴編,(明)李卓吾評點",,,,http://tify.sub.uni-goettingen.de/demo.html?manifest=https://archdataset.dl.itc.u-tokyo.ac.jp/manifest/ddd46032-4372-72e8-917a-639ae2583529.json,ddd46032-4372-72e8-917a-639ae2583529,https://iiif.dl.itc.u-tokyo.ac.jp/repo/s/asia,https://iiif.dl.itc.u-tokyo.ac.jp/repo/s/asia/document/ddd46032-4372-72e8-917a-639ae2583529,https://www.lib.u-tokyo.ac.jp/ja/library/contents/archives-top/reuse,https://iiif.dl.itc.u-tokyo.ac.jp/repo/files/medium/68f635926984daab49f3eb0f74d5935f69246828.jpg,https://iiif.dl.itc.u-tokyo.ac.jp/repo/api/items/1179420,"東京大学附属図書館アジア研究図書館上廣倫理財団寄付研究部門 / Uehiro Project for the Asian Research Library in the University of Tokyo, JAPAN",http://iiif.io/api/presentation/2#rightToLeftDirection,,水滸伝コレクション,,https://iiif.dl.itc.u-tokyo.ac.jp/repo/iiif/ddd46032-4372-72e8-917a-639ae2583529/manifest,,,,,55
水滸傳全本 三十巻 [漢籍:D(貴重書)-04],,,,,,,,,,,,,,中国明時代に刊刻、清時代に補刻、印刷された『水滸伝』。文学部蔵。,,首冊に図20葉あり。,"線装,四針眼釘法",漢籍:D(貴重書),30巻,(中国)清前期,明後期,25.0×16.1cm,毎半葉10行、行20字,"幸田露伴旧蔵, 東京大学文学部所蔵",12冊,"4803777103,4803777111,4803777129,4803777137,4803777145,4803777152,4803777160,4803777178,4803777186,4803777194,4803777202,4803777210","東京帝国大学図書印, 東京帝国大学附属図書館印,有水可漁印,鮮碧山房印",,木版,水滸伝全本三十巻 ShuihuzhuanQuanben 30juan  水滸傳全本三十卷    水浒传全本三十卷,"(巻首題,版心題)水滸傳全本,(目首題)金聖歎評水滸全傳,(序首題)水滸全傳,(封面題)施耐菴原本李卓吾先生評水滸全傳",1644-1735年,1567-1644,(内框)20.4×12.8cm,漢籍:D(貴重書),,"破損あり,裏打修補あり,墨筆書き入れあり",水滸傳,蘇州,"氏岡真士「三十巻本『水滸伝』について」(『日本中国学会報』第六十三集,2011年)、佐髙春音「『水滸傳全本』(文学部蔵本)解題」,『東京大学附属図書館アジア研究図書館上廣倫理財団寄付研究部門(U-PARL)2020−2021年度協働型アジア研究「東京大学所蔵水滸伝諸版本に関する研究」成果報告集』所収。",金閶映雪草堂藏板,"(元)施耐菴編,(明)李卓吾評點",,,,http://tify.sub.uni-goettingen.de/demo.html?manifest=https://archdataset.dl.itc.u-tokyo.ac.jp/manifest/89afd861-0db2-78f5-096a-9d5f902034cf.json,89afd861-0db2-78f5-096a-9d5f902034cf,https://iiif.dl.itc.u-tokyo.ac.jp/repo/s/asia,https://iiif.dl.itc.u-tokyo.ac.jp/repo/s/asia/document/89afd861-0db2-78f5-096a-9d5f902034cf,https://www.lib.u-tokyo.ac.jp/ja/library/contents/archives-top/reuse,https://iiif.dl.itc.u-tokyo.ac.jp/repo/files/medium/257da98f20b441fc70317ba990e983fb33db0bb6.jpg,https://iiif.dl.itc.u-tokyo.ac.jp/repo/api/items/1179421,"東京大学附属図書館アジア研究図書館上廣倫理財団寄付研究部門 / Uehiro Project for the Asian Research Library in the University of Tokyo, JAPAN",http://iiif.io/api/presentation/2#rightToLeftDirection,,水滸伝コレクション,,https://iiif.dl.itc.u-tokyo.ac.jp/repo/iiif/89afd861-0db2-78f5-096a-9d5f902034cf/manifest,,,,,101
水滸傳全本 三十巻 [漢籍:D(貴重書)-05],,,,,,,,,,,,,,中国明時代に刊刻、清時代に補刻、印刷された『水滸伝』。文学部蔵。,,首冊に図20葉あり。,"線装,四針眼釘法",漢籍:D(貴重書),30巻,(中国)清前期,明後期,25.0×16.1cm,毎半葉10行、行20字,"幸田露伴旧蔵, 東京大学文学部所蔵",12冊,"4803777103,4803777111,4803777129,4803777137,4803777145,4803777152,4803777160,4803777178,4803777186,4803777194,4803777202,4803777210","東京帝国大学図書印, 東京帝国大学附属図書館印,有水可漁印,鮮碧山房印",,木版,水滸伝全本三十巻 ShuihuzhuanQuanben 30juan  水滸傳全本三十卷    水浒传全本三十卷,"(巻首題,版心題)水滸傳全本,(目首題)金聖歎評水滸全傳,(序首題)水滸全傳,(封面題)施耐菴原本李卓吾先生評水滸全傳",1644-1735年,1567-1644,(内框)20.4×12.8cm,漢籍:D(貴重書),,"破損あり,裏打修補あり,墨筆書き入れあり",水滸傳,蘇州,"氏岡真士「三十巻本『水滸伝』について」(『日本中国学会報』第六十三集,2011年)、佐髙春音「『水滸傳全本』(文学部蔵本)解題」,『東京大学附属図書館アジア研究図書館上廣倫理財団寄付研究部門(U-PARL)2020−2021年度協働型アジア研究「東京大学所蔵水滸伝諸版本に関する研究」成果報告集』所収。",金閶映雪草堂藏板,"(元)施耐菴編,(明)李卓吾評點",,,,http://tify.sub.uni-goettingen.de/demo.html?manifest=https://archdataset.dl.itc.u-tokyo.ac.jp/manifest/4737e278-1eda-6c65-677a-c26c65be5459.json,4737e278-1eda-6c65-677a-c26c65be5459,https://iiif.dl.itc.u-tokyo.ac.jp/repo/s/asia,https://iiif.dl.itc.u-tokyo.ac.jp/repo/s/asia/document/4737e278-1eda-6c65-677a-c26c65be5459,https://www.lib.u-tokyo.ac.jp/ja/library/contents/archives-top/reuse,https://iiif.dl.itc.u-tokyo.ac.jp/repo/files/medium/4c4b7a3b1a1bb1f10f50cee5aee261436739bc1b.jpg,https://iiif.dl.itc.u-tokyo.ac.jp/repo/api/items/1179422,"東京大学附属図書館アジア研究図書館上廣倫理財団寄付研究部門 / Uehiro Project for the Asian Research Library in the University of Tokyo, JAPAN",http://iiif.io/api/presentation/2#rightToLeftDirection,,水滸伝コレクション,,https://iiif.dl.itc.u-tokyo.ac.jp/repo/iiif/4737e278-1eda-6c65-677a-c26c65be5459/manifest,,,,,73
水滸傳全本 三十巻 [漢籍:D(貴重書)-06],,,,,,,,,,,,,,中国明時代に刊刻、清時代に補刻、印刷された『水滸伝』。文学部蔵。,,首冊に図20葉あり。,"線装,四針眼釘法",漢籍:D(貴重書),30巻,(中国)清前期,明後期,25.0×16.1cm,毎半葉10行、行20字,"幸田露伴旧蔵, 東京大学文学部所蔵",12冊,"4803777103,4803777111,4803777129,4803777137,4803777145,4803777152,4803777160,4803777178,4803777186,4803777194,4803777202,4803777210","東京帝国大学図書印, 東京帝国大学附属図書館印,有水可漁印,鮮碧山房印",,木版,水滸伝全本三十巻 ShuihuzhuanQuanben 30juan  水滸傳全本三十卷    水浒传全本三十卷,"(巻首題,版心題)水滸傳全本,(目首題)金聖歎評水滸全傳,(序首題)水滸全傳,(封面題)施耐菴原本李卓吾先生評水滸全傳",1644-1735年,1567-1644,(内框)20.4×12.8cm,漢籍:D(貴重書),,"破損あり,裏打修補あり,墨筆書き入れあり",水滸傳,蘇州,"氏岡真士「三十巻本『水滸伝』について」(『日本中国学会報』第六十三集,2011年)、佐髙春音「『水滸傳全本』(文学部蔵本)解題」,『東京大学附属図書館アジア研究図書館上廣倫理財団寄付研究部門(U-PARL)2020−2021年度協働型アジア研究「東京大学所蔵水滸伝諸版本に関する研究」成果報告集』所収。",金閶映雪草堂藏板,"(元)施耐菴編,(明)李卓吾評點",,,,http://tify.sub.uni-goettingen.de/demo.html?manifest=https://archdataset.dl.itc.u-tokyo.ac.jp/manifest/74d5e563-7f38-2c3f-4287-f57695882351.json,74d5e563-7f38-2c3f-4287-f57695882351,https://iiif.dl.itc.u-tokyo.ac.jp/repo/s/asia,https://iiif.dl.itc.u-tokyo.ac.jp/repo/s/asia/document/74d5e563-7f38-2c3f-4287-f57695882351,https://www.lib.u-tokyo.ac.jp/ja/library/contents/archives-top/reuse,https://iiif.dl.itc.u-tokyo.ac.jp/repo/files/medium/1815667c626a303631aee6ca6d9462688a9a94ed.jpg,https://iiif.dl.itc.u-tokyo.ac.jp/repo/api/items/1179423,"東京大学附属図書館アジア研究図書館上廣倫理財団寄付研究部門 / Uehiro Project for the Asian Research Library in the University of Tokyo, JAPAN",http://iiif.io/api/presentation/2#rightToLeftDirection,,水滸伝コレクション,,https://iiif.dl.itc.u-tokyo.ac.jp/repo/iiif/74d5e563-7f38-2c3f-4287-f57695882351/manifest,,,,,51
水滸傳全本 三十巻 [漢籍:D(貴重書)-07],,,,,,,,,,,,,,中国明時代に刊刻、清時代に補刻、印刷された『水滸伝』。文学部蔵。,,首冊に図20葉あり。,"線装,四針眼釘法",漢籍:D(貴重書),30巻,(中国)清前期,明後期,25.0×16.1cm,毎半葉10行、行20字,"幸田露伴旧蔵, 東京大学文学部所蔵",12冊,"4803777103,4803777111,4803777129,4803777137,4803777145,4803777152,4803777160,4803777178,4803777186,4803777194,4803777202,4803777210","東京帝国大学図書印, 東京帝国大学附属図書館印,有水可漁印,鮮碧山房印",,木版,水滸伝全本三十巻 ShuihuzhuanQuanben 30juan  水滸傳全本三十卷    水浒传全本三十卷,"(巻首題,版心題)水滸傳全本,(目首題)金聖歎評水滸全傳,(序首題)水滸全傳,(封面題)施耐菴原本李卓吾先生評水滸全傳",1644-1735年,1567-1644,(内框)20.4×12.8cm,漢籍:D(貴重書),,"破損あり,裏打修補あり,墨筆書き入れあり",水滸傳,蘇州,"氏岡真士「三十巻本『水滸伝』について」(『日本中国学会報』第六十三集,2011年)、佐髙春音「『水滸傳全本』(文学部蔵本)解題」,『東京大学附属図書館アジア研究図書館上廣倫理財団寄付研究部門(U-PARL)2020−2021年度協働型アジア研究「東京大学所蔵水滸伝諸版本に関する研究」成果報告集』所収。",金閶映雪草堂藏板,"(元)施耐菴編,(明)李卓吾評點",,,,http://tify.sub.uni-goettingen.de/demo.html?manifest=https://archdataset.dl.itc.u-tokyo.ac.jp/manifest/ae45257f-6a61-a6d9-1aac-befa2d8b8f74.json,ae45257f-6a61-a6d9-1aac-befa2d8b8f74,https://iiif.dl.itc.u-tokyo.ac.jp/repo/s/asia,https://iiif.dl.itc.u-tokyo.ac.jp/repo/s/asia/document/ae45257f-6a61-a6d9-1aac-befa2d8b8f74,https://www.lib.u-tokyo.ac.jp/ja/library/contents/archives-top/reuse,https://iiif.dl.itc.u-tokyo.ac.jp/repo/files/medium/ab900aae4e59f54e87b29e90fbb27a3f6376defe.jpg,https://iiif.dl.itc.u-tokyo.ac.jp/repo/api/items/1179424,"東京大学附属図書館アジア研究図書館上廣倫理財団寄付研究部門 / Uehiro Project for the Asian Research Library in the University of Tokyo, JAPAN",http://iiif.io/api/presentation/2#rightToLeftDirection,,水滸伝コレクション,,https://iiif.dl.itc.u-tokyo.ac.jp/repo/iiif/ae45257f-6a61-a6d9-1aac-befa2d8b8f74/manifest,,,,,83
水滸傳全本 三十巻 [漢籍:D(貴重書)-08],,,,,,,,,,,,,,中国明時代に刊刻、清時代に補刻、印刷された『水滸伝』。文学部蔵。,,首冊に図20葉あり。,"線装,四針眼釘法",漢籍:D(貴重書),30巻,(中国)清前期,明後期,25.0×16.1cm,毎半葉10行、行20字,"幸田露伴旧蔵, 東京大学文学部所蔵",12冊,"4803777103,4803777111,4803777129,4803777137,4803777145,4803777152,4803777160,4803777178,4803777186,4803777194,4803777202,4803777210","東京帝国大学図書印, 東京帝国大学附属図書館印,有水可漁印,鮮碧山房印",,木版,水滸伝全本三十巻 ShuihuzhuanQuanben 30juan  水滸傳全本三十卷    水浒传全本三十卷,"(巻首題,版心題)水滸傳全本,(目首題)金聖歎評水滸全傳,(序首題)水滸全傳,(封面題)施耐菴原本李卓吾先生評水滸全傳",1644-1735年,1567-1644,(内框)20.4×12.8cm,漢籍:D(貴重書),,"破損あり,裏打修補あり,墨筆書き入れあり",水滸傳,蘇州,"氏岡真士「三十巻本『水滸伝』について」(『日本中国学会報』第六十三集,2011年)、佐髙春音「『水滸傳全本』(文学部蔵本)解題」,『東京大学附属図書館アジア研究図書館上廣倫理財団寄付研究部門(U-PARL)2020−2021年度協働型アジア研究「東京大学所蔵水滸伝諸版本に関する研究」成果報告集』所収。",金閶映雪草堂藏板,"(元)施耐菴編,(明)李卓吾評點",,,,http://tify.sub.uni-goettingen.de/demo.html?manifest=https://archdataset.dl.itc.u-tokyo.ac.jp/manifest/bd2444ae-7a69-26a8-35f5-698d40e733cb.json,bd2444ae-7a69-26a8-35f5-698d40e733cb,https://iiif.dl.itc.u-tokyo.ac.jp/repo/s/asia,https://iiif.dl.itc.u-tokyo.ac.jp/repo/s/asia/document/bd2444ae-7a69-26a8-35f5-698d40e733cb,https://www.lib.u-tokyo.ac.jp/ja/library/contents/archives-top/reuse,https://iiif.dl.itc.u-tokyo.ac.jp/repo/files/medium/8ec5e30c6d0dec3442357ac312e6a7f558d2a396.jpg,https://iiif.dl.itc.u-tokyo.ac.jp/repo/api/items/1179425,"東京大学附属図書館アジア研究図書館上廣倫理財団寄付研究部門 / Uehiro Project for the Asian Research Library in the University of Tokyo, JAPAN",http://iiif.io/api/presentation/2#rightToLeftDirection,,水滸伝コレクション,,https://iiif.dl.itc.u-tokyo.ac.jp/repo/iiif/bd2444ae-7a69-26a8-35f5-698d40e733cb/manifest,,,,,77
水滸傳全本 三十巻 [漢籍:D(貴重書)-09],,,,,,,,,,,,,,中国明時代に刊刻、清時代に補刻、印刷された『水滸伝』。文学部蔵。,,首冊に図20葉あり。,"線装,四針眼釘法",漢籍:D(貴重書),30巻,(中国)清前期,明後期,25.0×16.1cm,毎半葉10行、行20字,"幸田露伴旧蔵, 東京大学文学部所蔵",12冊,"4803777103,4803777111,4803777129,4803777137,4803777145,4803777152,4803777160,4803777178,4803777186,4803777194,4803777202,4803777210","東京帝国大学図書印, 東京帝国大学附属図書館印,有水可漁印,鮮碧山房印",,木版,水滸伝全本三十巻 ShuihuzhuanQuanben 30juan  水滸傳全本三十卷    水浒传全本三十卷,"(巻首題,版心題)水滸傳全本,(目首題)金聖歎評水滸全傳,(序首題)水滸全傳,(封面題)施耐菴原本李卓吾先生評水滸全傳",1644-1735年,1567-1644,(内框)20.4×12.8cm,漢籍:D(貴重書),,"破損あり,裏打修補あり,墨筆書き入れあり",水滸傳,蘇州,"氏岡真士「三十巻本『水滸伝』について」(『日本中国学会報』第六十三集,2011年)、佐髙春音「『水滸傳全本』(文学部蔵本)解題」,『東京大学附属図書館アジア研究図書館上廣倫理財団寄付研究部門(U-PARL)2020−2021年度協働型アジア研究「東京大学所蔵水滸伝諸版本に関する研究」成果報告集』所収。",金閶映雪草堂藏板,"(元)施耐菴編,(明)李卓吾評點",,,,http://tify.sub.uni-goettingen.de/demo.html?manifest=https://archdataset.dl.itc.u-tokyo.ac.jp/manifest/d3e38d21-94b6-5c6d-9df9-67a99d9c147a.json,d3e38d21-94b6-5c6d-9df9-67a99d9c147a,https://iiif.dl.itc.u-tokyo.ac.jp/repo/s/asia,https://iiif.dl.itc.u-tokyo.ac.jp/repo/s/asia/document/d3e38d21-94b6-5c6d-9df9-67a99d9c147a,https://www.lib.u-tokyo.ac.jp/ja/library/contents/archives-top/reuse,https://iiif.dl.itc.u-tokyo.ac.jp/repo/files/medium/e0dead4538f4626dfeab5406b48b6c488e99a849.jpg,https://iiif.dl.itc.u-tokyo.ac.jp/repo/api/items/1179426,"東京大学附属図書館アジア研究図書館上廣倫理財団寄付研究部門 / Uehiro Project for the Asian Research Library in the University of Tokyo, JAPAN",http://iiif.io/api/presentation/2#rightToLeftDirection,,水滸伝コレクション,,https://iiif.dl.itc.u-tokyo.ac.jp/repo/iiif/d3e38d21-94b6-5c6d-9df9-67a99d9c147a/manifest,,,,,65
水滸傳全本 三十巻 [漢籍:D(貴重書)-10],,,,,,,,,,,,,,中国明時代に刊刻、清時代に補刻、印刷された『水滸伝』。文学部蔵。,,首冊に図20葉あり。,"線装,四針眼釘法",漢籍:D(貴重書),30巻,(中国)清前期,明後期,25.0×16.1cm,毎半葉10行、行20字,"幸田露伴旧蔵, 東京大学文学部所蔵",12冊,"4803777103,4803777111,4803777129,4803777137,4803777145,4803777152,4803777160,4803777178,4803777186,4803777194,4803777202,4803777210","東京帝国大学図書印, 東京帝国大学附属図書館印,有水可漁印,鮮碧山房印",,木版,水滸伝全本三十巻 ShuihuzhuanQuanben 30juan  水滸傳全本三十卷    水浒传全本三十卷,"(巻首題,版心題)水滸傳全本,(目首題)金聖歎評水滸全傳,(序首題)水滸全傳,(封面題)施耐菴原本李卓吾先生評水滸全傳",1644-1735年,1567-1644,(内框)20.4×12.8cm,漢籍:D(貴重書),,"破損あり,裏打修補あり,墨筆書き入れあり",水滸傳,蘇州,"氏岡真士「三十巻本『水滸伝』について」(『日本中国学会報』第六十三集,2011年)、佐髙春音「『水滸傳全本』(文学部蔵本)解題」,『東京大学附属図書館アジア研究図書館上廣倫理財団寄付研究部門(U-PARL)2020−2021年度協働型アジア研究「東京大学所蔵水滸伝諸版本に関する研究」成果報告集』所収。",金閶映雪草堂藏板,"(元)施耐菴編,(明)李卓吾評點",,,,http://tify.sub.uni-goettingen.de/demo.html?manifest=https://archdataset.dl.itc.u-tokyo.ac.jp/manifest/e3299787-8a1f-95b2-1273-ea7caa898811.json,e3299787-8a1f-95b2-1273-ea7caa898811,https://iiif.dl.itc.u-tokyo.ac.jp/repo/s/asia,https://iiif.dl.itc.u-tokyo.ac.jp/repo/s/asia/document/e3299787-8a1f-95b2-1273-ea7caa898811,https://www.lib.u-tokyo.ac.jp/ja/library/contents/archives-top/reuse,https://iiif.dl.itc.u-tokyo.ac.jp/repo/files/medium/8a03206e3fc8996472c3c0ac1ce3172f84dee7d3.jpg,https://iiif.dl.itc.u-tokyo.ac.jp/repo/api/items/1179427,"東京大学附属図書館アジア研究図書館上廣倫理財団寄付研究部門 / Uehiro Project for the Asian Research Library in the University of Tokyo, JAPAN",http://iiif.io/api/presentation/2#rightToLeftDirection,,水滸伝コレクション,,https://iiif.dl.itc.u-tokyo.ac.jp/repo/iiif/e3299787-8a1f-95b2-1273-ea7caa898811/manifest,,,,,64
水滸傳全本 三十巻 [漢籍:D(貴重書)-11],,,,,,,,,,,,,,中国明時代に刊刻、清時代に補刻、印刷された『水滸伝』。文学部蔵。,,首冊に図20葉あり。,"線装,四針眼釘法",漢籍:D(貴重書),30巻,(中国)清前期,明後期,25.0×16.1cm,毎半葉10行、行20字,"幸田露伴旧蔵, 東京大学文学部所蔵",12冊,"4803777103,4803777111,4803777129,4803777137,4803777145,4803777152,4803777160,4803777178,4803777186,4803777194,4803777202,4803777210","東京帝国大学図書印, 東京帝国大学附属図書館印,有水可漁印,鮮碧山房印",,木版,水滸伝全本三十巻 ShuihuzhuanQuanben 30juan  水滸傳全本三十卷    水浒传全本三十卷,"(巻首題,版心題)水滸傳全本,(目首題)金聖歎評水滸全傳,(序首題)水滸全傳,(封面題)施耐菴原本李卓吾先生評水滸全傳",1644-1735年,1567-1644,(内框)20.4×12.8cm,漢籍:D(貴重書),,"破損あり,裏打修補あり,墨筆書き入れあり",水滸傳,蘇州,"氏岡真士「三十巻本『水滸伝』について」(『日本中国学会報』第六十三集,2011年)、佐髙春音「『水滸傳全本』(文学部蔵本)解題」,『東京大学附属図書館アジア研究図書館上廣倫理財団寄付研究部門(U-PARL)2020−2021年度協働型アジア研究「東京大学所蔵水滸伝諸版本に関する研究」成果報告集』所収。",金閶映雪草堂藏板,"(元)施耐菴編,(明)李卓吾評點",,,,http://tify.sub.uni-goettingen.de/demo.html?manifest=https://archdataset.dl.itc.u-tokyo.ac.jp/manifest/5ea21e53-409f-326a-0bf6-a156b690237c.json,5ea21e53-409f-326a-0bf6-a156b690237c,https://iiif.dl.itc.u-tokyo.ac.jp/repo/s/asia,https://iiif.dl.itc.u-tokyo.ac.jp/repo/s/asia/document/5ea21e53-409f-326a-0bf6-a156b690237c,https://www.lib.u-tokyo.ac.jp/ja/library/contents/archives-top/reuse,https://iiif.dl.itc.u-tokyo.ac.jp/repo/files/medium/315fbfcd944d72ddbb43148204057daf1a88847c.jpg,https://iiif.dl.itc.u-tokyo.ac.jp/repo/api/items/1179428,"東京大学附属図書館アジア研究図書館上廣倫理財団寄付研究部門 / Uehiro Project for the Asian Research Library in the University of Tokyo, JAPAN",http://iiif.io/api/presentation/2#rightToLeftDirection,,水滸伝コレクション,,https://iiif.dl.itc.u-tokyo.ac.jp/repo/iiif/5ea21e53-409f-326a-0bf6-a156b690237c/manifest,,,,,74
水滸傳全本 三十巻 [漢籍:D(貴重書)-12],,,,,,,,,,,,,,中国明時代に刊刻、清時代に補刻、印刷された『水滸伝』。文学部蔵。,,首冊に図20葉あり。,"線装,四針眼釘法",漢籍:D(貴重書),30巻,(中国)清前期,明後期,25.0×16.1cm,毎半葉10行、行20字,"幸田露伴旧蔵, 東京大学文学部所蔵",12冊,"4803777103,4803777111,4803777129,4803777137,4803777145,4803777152,4803777160,4803777178,4803777186,4803777194,4803777202,4803777210","東京帝国大学図書印, 東京帝国大学附属図書館印,有水可漁印,鮮碧山房印",,木版,水滸伝全本三十巻 ShuihuzhuanQuanben 30juan  水滸傳全本三十卷    水浒传全本三十卷,"(巻首題,版心題)水滸傳全本,(目首題)金聖歎評水滸全傳,(序首題)水滸全傳,(封面題)施耐菴原本李卓吾先生評水滸全傳",1644-1735年,1567-1644,(内框)20.4×12.8cm,漢籍:D(貴重書),,"破損あり,裏打修補あり,墨筆書き入れあり",水滸傳,蘇州,"氏岡真士「三十巻本『水滸伝』について」(『日本中国学会報』第六十三集,2011年)、佐髙春音「『水滸傳全本』(文学部蔵本)解題」,『東京大学附属図書館アジア研究図書館上廣倫理財団寄付研究部門(U-PARL)2020−2021年度協働型アジア研究「東京大学所蔵水滸伝諸版本に関する研究」成果報告集』所収。",金閶映雪草堂藏板,"(元)施耐菴編,(明)李卓吾評點",,,,http://tify.sub.uni-goettingen.de/demo.html?manifest=https://archdataset.dl.itc.u-tokyo.ac.jp/manifest/11f1d398-355d-2efd-7cd3-d9396b40674f.json,11f1d398-355d-2efd-7cd3-d9396b40674f,https://iiif.dl.itc.u-tokyo.ac.jp/repo/s/asia,https://iiif.dl.itc.u-tokyo.ac.jp/repo/s/asia/document/11f1d398-355d-2efd-7cd3-d9396b40674f,https://www.lib.u-tokyo.ac.jp/ja/library/contents/archives-top/reuse,https://iiif.dl.itc.u-tokyo.ac.jp/repo/files/medium/21158ae6767282c61ae5ddb61b933f3000c20531.jpg,https://iiif.dl.itc.u-tokyo.ac.jp/repo/api/items/1179429,"東京大学附属図書館アジア研究図書館上廣倫理財団寄付研究部門 / Uehiro Project for the Asian Research Library in the University of Tokyo, JAPAN",http://iiif.io/api/presentation/2#rightToLeftDirection,,水滸伝コレクション,,https://iiif.dl.itc.u-tokyo.ac.jp/repo/iiif/11f1d398-355d-2efd-7cd3-d9396b40674f/manifest,,,,,87
新刻全像水滸傳 二十五巻一百十五回 [特;雙紅堂:小説:122-00],,,,,,,,,,,,,,中国明時代に刊刻、印刷された『水滸伝』。東洋文化研究所雙紅堂文庫蔵。,,毎半葉に図1枚あり(嵌図形式)。上部框郭外に横八文字の図題を附す。,"線装,四針眼釘法",特:雙紅堂:小説:122-1~122-8,25巻,(中国)明後期,明代,24.7×14.1cm,毎半葉15行、両端各2行(上部に図のない部分)は行35字、中央11行(図のある部分)は行27字。,東京大学東洋文化研究所雙紅堂文庫蔵,8冊,"6403832493,640383250,6403832519,6403832527,6403832535,6403832543,6403832550,6403832568","東洋文化研究所図書印, 南氏文庫印,士倫曽蔵印,雙紅堂印,静盦蔵書印",,木版,新刻全像水滸伝巻二十五巻一百十五回 Xinke Quanxiang Shuihuzhuan 25juan115hui  新刻全像水滸傳二十五巻一百十五回    新刻全像水浒传二十五卷一百十五回,"(巻首題)新刻全像水滸傳,(目首題)鼎鐫全像水滸忠義志傳目録,(版心題)全像水滸傳",1567-1644年,,(内框)21.6×12.1cm,特;雙紅堂:小説:122-1~122-8,,"千葉掬香旧蔵。長澤規矩也旧蔵。破損あり,裏打修補あり,墨筆書き入れあり。",水滸傳,建陽(福建),"馬場昭佳「『新刻水滸傳』解題」,『東京大学附属図書館アジア研究図書館上廣倫理財団寄付研究部門(U-PARL)2020−2021年度協働型アジア研究「東京大学所蔵水滸伝諸版本に関する研究」成果報告集』所収。",(明)富沙劉興我梓行,(元)施耐菴編輯,,,,http://tify.sub.uni-goettingen.de/demo.html?manifest=https://archdataset.dl.itc.u-tokyo.ac.jp/manifest/290ac798-16bb-9bad-8bb5-eaa4f5db6897.json,290ac798-16bb-9bad-8bb5-eaa4f5db6897,https://iiif.dl.itc.u-tokyo.ac.jp/repo/s/asia,https://iiif.dl.itc.u-tokyo.ac.jp/repo/s/asia/document/290ac798-16bb-9bad-8bb5-eaa4f5db6897,https://www.lib.u-tokyo.ac.jp/ja/library/contents/archives-top/reuse,https://iiif.dl.itc.u-tokyo.ac.jp/repo/files/medium/6f0176897b9f3eefaec5df267041822e754ea9e1.jpg,https://iiif.dl.itc.u-tokyo.ac.jp/repo/api/items/1179408,"東京大学附属図書館アジア研究図書館上廣倫理財団寄付研究部門 / Uehiro Project for the Asian Research Library in the University of Tokyo, JAPAN",http://iiif.io/api/presentation/2#rightToLeftDirection,,水滸伝コレクション,,https://iiif.dl.itc.u-tokyo.ac.jp/repo/iiif/290ac798-16bb-9bad-8bb5-eaa4f5db6897/manifest,,,,,8
新刻全像水滸傳 二十五巻一百十五回 [特;雙紅堂:小説:122-01],,,,,,,,,,,,,,中国明時代に刊刻、印刷された『水滸伝』。東洋文化研究所雙紅堂文庫蔵。,,毎半葉に図1枚あり(嵌図形式)。上部框郭外に横八文字の図題を附す。,"線装,四針眼釘法",特:雙紅堂:小説:122-1~122-8,25巻,(中国)明後期,明代,24.7×14.1cm,毎半葉15行、両端各2行(上部に図のない部分)は行35字、中央11行(図のある部分)は行27字。,東京大学東洋文化研究所雙紅堂文庫蔵,8冊,"6403832493,640383250,6403832519,6403832527,6403832535,6403832543,6403832550,6403832568","東洋文化研究所図書印, 南氏文庫印,士倫曽蔵印,雙紅堂印,静盦蔵書印",,木版,新刻全像水滸伝巻二十五巻一百十五回 Xinke Quanxiang Shuihuzhuan 25juan115hui  新刻全像水滸傳二十五巻一百十五回    新刻全像水浒传二十五卷一百十五回,"(巻首題)新刻全像水滸傳,(目首題)鼎鐫全像水滸忠義志傳目録,(版心題)全像水滸傳",1567-1644年,,(内框)21.6×12.1cm,特;雙紅堂:小説:122-1~122-8,,"千葉掬香旧蔵。長澤規矩也旧蔵。破損あり,裏打修補あり,墨筆書き入れあり。",水滸傳,建陽(福建),"馬場昭佳「『新刻水滸傳』解題」,『東京大学附属図書館アジア研究図書館上廣倫理財団寄付研究部門(U-PARL)2020−2021年度協働型アジア研究「東京大学所蔵水滸伝諸版本に関する研究」成果報告集』所収。",(明)富沙劉興我梓行,(元)施耐菴編輯,,,,http://tify.sub.uni-goettingen.de/demo.html?manifest=https://archdataset.dl.itc.u-tokyo.ac.jp/manifest/1a439602-080c-9198-32ed-990211f776b1.json,1a439602-080c-9198-32ed-990211f776b1,https://iiif.dl.itc.u-tokyo.ac.jp/repo/s/asia,https://iiif.dl.itc.u-tokyo.ac.jp/repo/s/asia/document/1a439602-080c-9198-32ed-990211f776b1,https://www.lib.u-tokyo.ac.jp/ja/library/contents/archives-top/reuse,https://iiif.dl.itc.u-tokyo.ac.jp/repo/files/medium/fd437b9fda961aabc4db77c8187ce618f4bf5658.jpg,https://iiif.dl.itc.u-tokyo.ac.jp/repo/api/items/1179409,"東京大学附属図書館アジア研究図書館上廣倫理財団寄付研究部門 / Uehiro Project for the Asian Research Library in the University of Tokyo, JAPAN",http://iiif.io/api/presentation/2#rightToLeftDirection,,水滸伝コレクション,,https://iiif.dl.itc.u-tokyo.ac.jp/repo/iiif/1a439602-080c-9198-32ed-990211f776b1/manifest,,,,,60
新刻全像水滸傳 二十五巻一百十五回 [特;雙紅堂:小説:122-02],,,,,,,,,,,,,,中国明時代に刊刻、印刷された『水滸伝』。東洋文化研究所雙紅堂文庫蔵。,,毎半葉に図1枚あり(嵌図形式)。上部框郭外に横八文字の図題を附す。,"線装,四針眼釘法",特:雙紅堂:小説:122-1~122-8,25巻,(中国)明後期,明代,24.7×14.1cm,毎半葉15行、両端各2行(上部に図のない部分)は行35字、中央11行(図のある部分)は行27字。,東京大学東洋文化研究所雙紅堂文庫蔵,8冊,"6403832493,640383250,6403832519,6403832527,6403832535,6403832543,6403832550,6403832568","東洋文化研究所図書印, 南氏文庫印,士倫曽蔵印,雙紅堂印,静盦蔵書印",,木版,新刻全像水滸伝巻二十五巻一百十五回 Xinke Quanxiang Shuihuzhuan 25juan115hui  新刻全像水滸傳二十五巻一百十五回    新刻全像水浒传二十五卷一百十五回,"(巻首題)新刻全像水滸傳,(目首題)鼎鐫全像水滸忠義志傳目録,(版心題)全像水滸傳",1567-1644年,,(内框)21.6×12.1cm,特;雙紅堂:小説:122-1~122-8,,"千葉掬香旧蔵。長澤規矩也旧蔵。破損あり,裏打修補あり,墨筆書き入れあり。",水滸傳,建陽(福建),"馬場昭佳「『新刻水滸傳』解題」,『東京大学附属図書館アジア研究図書館上廣倫理財団寄付研究部門(U-PARL)2020−2021年度協働型アジア研究「東京大学所蔵水滸伝諸版本に関する研究」成果報告集』所収。",(明)富沙劉興我梓行,(元)施耐菴編輯,,,,http://tify.sub.uni-goettingen.de/demo.html?manifest=https://archdataset.dl.itc.u-tokyo.ac.jp/manifest/cc04a5b9-894e-52e1-431c-ed4d78c5298c.json,cc04a5b9-894e-52e1-431c-ed4d78c5298c,https://iiif.dl.itc.u-tokyo.ac.jp/repo/s/asia,https://iiif.dl.itc.u-tokyo.ac.jp/repo/s/asia/document/cc04a5b9-894e-52e1-431c-ed4d78c5298c,https://www.lib.u-tokyo.ac.jp/ja/library/contents/archives-top/reuse,https://iiif.dl.itc.u-tokyo.ac.jp/repo/files/medium/cf4536f2f7ea9943b69119049973c2b3e0a0328c.jpg,https://iiif.dl.itc.u-tokyo.ac.jp/repo/api/items/1179410,"東京大学附属図書館アジア研究図書館上廣倫理財団寄付研究部門 / Uehiro Project for the Asian Research Library in the University of Tokyo, JAPAN",http://iiif.io/api/presentation/2#rightToLeftDirection,,水滸伝コレクション,,https://iiif.dl.itc.u-tokyo.ac.jp/repo/iiif/cc04a5b9-894e-52e1-431c-ed4d78c5298c/manifest,,,,,68
新刻全像水滸傳 二十五巻一百十五回 [特;雙紅堂:小説:122-03],,,,,,,,,,,,,,中国明時代に刊刻、印刷された『水滸伝』。東洋文化研究所雙紅堂文庫蔵。,,毎半葉に図1枚あり(嵌図形式)。上部框郭外に横八文字の図題を附す。,"線装,四針眼釘法",特:雙紅堂:小説:122-1~122-8,25巻,(中国)明後期,明代,24.7×14.1cm,毎半葉15行、両端各2行(上部に図のない部分)は行35字、中央11行(図のある部分)は行27字。,東京大学東洋文化研究所雙紅堂文庫蔵,8冊,"6403832493,640383250,6403832519,6403832527,6403832535,6403832543,6403832550,6403832568","東洋文化研究所図書印, 南氏文庫印,士倫曽蔵印,雙紅堂印,静盦蔵書印",,木版,新刻全像水滸伝巻二十五巻一百十五回 Xinke Quanxiang Shuihuzhuan 25juan115hui  新刻全像水滸傳二十五巻一百十五回    新刻全像水浒传二十五卷一百十五回,"(巻首題)新刻全像水滸傳,(目首題)鼎鐫全像水滸忠義志傳目録,(版心題)全像水滸傳",1567-1644年,,(内框)21.6×12.1cm,特;雙紅堂:小説:122-1~122-8,,"千葉掬香旧蔵。長澤規矩也旧蔵。破損あり,裏打修補あり,墨筆書き入れあり。",水滸傳,建陽(福建),"馬場昭佳「『新刻水滸傳』解題」,『東京大学附属図書館アジア研究図書館上廣倫理財団寄付研究部門(U-PARL)2020−2021年度協働型アジア研究「東京大学所蔵水滸伝諸版本に関する研究」成果報告集』所収。",(明)富沙劉興我梓行,(元)施耐菴編輯,,,,http://tify.sub.uni-goettingen.de/demo.html?manifest=https://archdataset.dl.itc.u-tokyo.ac.jp/manifest/e8681976-5693-3ac7-8150-a913319089bb.json,e8681976-5693-3ac7-8150-a913319089bb,https://iiif.dl.itc.u-tokyo.ac.jp/repo/s/asia,https://iiif.dl.itc.u-tokyo.ac.jp/repo/s/asia/document/e8681976-5693-3ac7-8150-a913319089bb,https://www.lib.u-tokyo.ac.jp/ja/library/contents/archives-top/reuse,https://iiif.dl.itc.u-tokyo.ac.jp/repo/files/medium/92ea74f48bbf72a5f022fd5371d40354a126a8be.jpg,https://iiif.dl.itc.u-tokyo.ac.jp/repo/api/items/1179411,"東京大学附属図書館アジア研究図書館上廣倫理財団寄付研究部門 / Uehiro Project for the Asian Research Library in the University of Tokyo, JAPAN",http://iiif.io/api/presentation/2#rightToLeftDirection,,水滸伝コレクション,,https://iiif.dl.itc.u-tokyo.ac.jp/repo/iiif/e8681976-5693-3ac7-8150-a913319089bb/manifest,,,,,61
新刻全像水滸傳 二十五巻一百十五回 [特;雙紅堂:小説:122-04],,,,,,,,,,,,,,中国明時代に刊刻、印刷された『水滸伝』。東洋文化研究所雙紅堂文庫蔵。,,毎半葉に図1枚あり(嵌図形式)。上部框郭外に横八文字の図題を附す。,"線装,四針眼釘法",特:雙紅堂:小説:122-1~122-8,25巻,(中国)明後期,明代,24.7×14.1cm,毎半葉15行、両端各2行(上部に図のない部分)は行35字、中央11行(図のある部分)は行27字。,東京大学東洋文化研究所雙紅堂文庫蔵,8冊,"6403832493,640383250,6403832519,6403832527,6403832535,6403832543,6403832550,6403832568","東洋文化研究所図書印, 南氏文庫印,士倫曽蔵印,雙紅堂印,静盦蔵書印",,木版,新刻全像水滸伝巻二十五巻一百十五回 Xinke Quanxiang Shuihuzhuan 25juan115hui  新刻全像水滸傳二十五巻一百十五回    新刻全像水浒传二十五卷一百十五回,"(巻首題)新刻全像水滸傳,(目首題)鼎鐫全像水滸忠義志傳目録,(版心題)全像水滸傳",1567-1644年,,(内框)21.6×12.1cm,特;雙紅堂:小説:122-1~122-8,,"千葉掬香旧蔵。長澤規矩也旧蔵。破損あり,裏打修補あり,墨筆書き入れあり。",水滸傳,建陽(福建),"馬場昭佳「『新刻水滸傳』解題」,『東京大学附属図書館アジア研究図書館上廣倫理財団寄付研究部門(U-PARL)2020−2021年度協働型アジア研究「東京大学所蔵水滸伝諸版本に関する研究」成果報告集』所収。",(明)富沙劉興我梓行,(元)施耐菴編輯,,,,http://tify.sub.uni-goettingen.de/demo.html?manifest=https://archdataset.dl.itc.u-tokyo.ac.jp/manifest/0f767a8d-961f-28a9-837a-bb5a3f5051ee.json,0f767a8d-961f-28a9-837a-bb5a3f5051ee,https://iiif.dl.itc.u-tokyo.ac.jp/repo/s/asia,https://iiif.dl.itc.u-tokyo.ac.jp/repo/s/asia/document/0f767a8d-961f-28a9-837a-bb5a3f5051ee,https://www.lib.u-tokyo.ac.jp/ja/library/contents/archives-top/reuse,https://iiif.dl.itc.u-tokyo.ac.jp/repo/files/medium/87c6ca5ee9e78163659cb7f997a05c9b104344c0.jpg,https://iiif.dl.itc.u-tokyo.ac.jp/repo/api/items/1179412,"東京大学附属図書館アジア研究図書館上廣倫理財団寄付研究部門 / Uehiro Project for the Asian Research Library in the University of Tokyo, JAPAN",http://iiif.io/api/presentation/2#rightToLeftDirection,,水滸伝コレクション,,https://iiif.dl.itc.u-tokyo.ac.jp/repo/iiif/0f767a8d-961f-28a9-837a-bb5a3f5051ee/manifest,,,,,54
新刻全像水滸傳 二十五巻一百十五回 [特;雙紅堂:小説:122-05],,,,,,,,,,,,,,中国明時代に刊刻、印刷された『水滸伝』。東洋文化研究所雙紅堂文庫蔵。,,毎半葉に図1枚あり(嵌図形式)。上部框郭外に横八文字の図題を附す。,"線装,四針眼釘法",特:雙紅堂:小説:122-1~122-8,25巻,(中国)明後期,明代,24.7×14.1cm,毎半葉15行、両端各2行(上部に図のない部分)は行35字、中央11行(図のある部分)は行27字。,東京大学東洋文化研究所雙紅堂文庫蔵,8冊,"6403832493,640383250,6403832519,6403832527,6403832535,6403832543,6403832550,6403832568","東洋文化研究所図書印, 南氏文庫印,士倫曽蔵印,雙紅堂印,静盦蔵書印",,木版,新刻全像水滸伝巻二十五巻一百十五回 Xinke Quanxiang Shuihuzhuan 25juan115hui  新刻全像水滸傳二十五巻一百十五回    新刻全像水浒传二十五卷一百十五回,"(巻首題)新刻全像水滸傳,(目首題)鼎鐫全像水滸忠義志傳目録,(版心題)全像水滸傳",1567-1644年,,(内框)21.6×12.1cm,特;雙紅堂:小説:122-1~122-8,,"千葉掬香旧蔵。長澤規矩也旧蔵。破損あり,裏打修補あり,墨筆書き入れあり。",水滸傳,建陽(福建),"馬場昭佳「『新刻水滸傳』解題」,『東京大学附属図書館アジア研究図書館上廣倫理財団寄付研究部門(U-PARL)2020−2021年度協働型アジア研究「東京大学所蔵水滸伝諸版本に関する研究」成果報告集』所収。",(明)富沙劉興我梓行,(元)施耐菴編輯,,,,http://tify.sub.uni-goettingen.de/demo.html?manifest=https://archdataset.dl.itc.u-tokyo.ac.jp/manifest/a4d25ee6-569e-2374-6d13-4fe9c5d666e3.json,a4d25ee6-569e-2374-6d13-4fe9c5d666e3,https://iiif.dl.itc.u-tokyo.ac.jp/repo/s/asia,https://iiif.dl.itc.u-tokyo.ac.jp/repo/s/asia/document/a4d25ee6-569e-2374-6d13-4fe9c5d666e3,https://www.lib.u-tokyo.ac.jp/ja/library/contents/archives-top/reuse,https://iiif.dl.itc.u-tokyo.ac.jp/repo/files/medium/02d3acca347d35383e19fb97f37810dcb97b65f0.jpg,https://iiif.dl.itc.u-tokyo.ac.jp/repo/api/items/1179413,"東京大学附属図書館アジア研究図書館上廣倫理財団寄付研究部門 / Uehiro Project for the Asian Research Library in the University of Tokyo, JAPAN",http://iiif.io/api/presentation/2#rightToLeftDirection,,水滸伝コレクション,,https://iiif.dl.itc.u-tokyo.ac.jp/repo/iiif/a4d25ee6-569e-2374-6d13-4fe9c5d666e3/manifest,,,,,62
新刻全像水滸傳 二十五巻一百十五回 [特;雙紅堂:小説:122-06],,,,,,,,,,,,,,中国明時代に刊刻、印刷された『水滸伝』。東洋文化研究所雙紅堂文庫蔵。,,毎半葉に図1枚あり(嵌図形式)。上部框郭外に横八文字の図題を附す。,"線装,四針眼釘法",特:雙紅堂:小説:122-1~122-8,25巻,(中国)明後期,明代,24.7×14.1cm,毎半葉15行、両端各2行(上部に図のない部分)は行35字、中央11行(図のある部分)は行27字。,東京大学東洋文化研究所雙紅堂文庫蔵,8冊,"6403832493,640383250,6403832519,6403832527,6403832535,6403832543,6403832550,6403832568","東洋文化研究所図書印, 南氏文庫印,士倫曽蔵印,雙紅堂印,静盦蔵書印",,木版,新刻全像水滸伝巻二十五巻一百十五回 Xinke Quanxiang Shuihuzhuan 25juan115hui  新刻全像水滸傳二十五巻一百十五回    新刻全像水浒传二十五卷一百十五回,"(巻首題)新刻全像水滸傳,(目首題)鼎鐫全像水滸忠義志傳目録,(版心題)全像水滸傳",1567-1644年,,(内框)21.6×12.1cm,特;雙紅堂:小説:122-1~122-8,,"千葉掬香旧蔵。長澤規矩也旧蔵。破損あり,裏打修補あり,墨筆書き入れあり。",水滸傳,建陽(福建),"馬場昭佳「『新刻水滸傳』解題」,『東京大学附属図書館アジア研究図書館上廣倫理財団寄付研究部門(U-PARL)2020−2021年度協働型アジア研究「東京大学所蔵水滸伝諸版本に関する研究」成果報告集』所収。",(明)富沙劉興我梓行,(元)施耐菴編輯,,,,http://tify.sub.uni-goettingen.de/demo.html?manifest=https://archdataset.dl.itc.u-tokyo.ac.jp/manifest/47bdd2d6-4fff-0d98-2b91-3810886059b5.json,47bdd2d6-4fff-0d98-2b91-3810886059b5,https://iiif.dl.itc.u-tokyo.ac.jp/repo/s/asia,https://iiif.dl.itc.u-tokyo.ac.jp/repo/s/asia/document/47bdd2d6-4fff-0d98-2b91-3810886059b5,https://www.lib.u-tokyo.ac.jp/ja/library/contents/archives-top/reuse,https://iiif.dl.itc.u-tokyo.ac.jp/repo/files/medium/5ecfd5909896ed7e9b908f595a8fd68c95312205.jpg,https://iiif.dl.itc.u-tokyo.ac.jp/repo/api/items/1179414,"東京大学附属図書館アジア研究図書館上廣倫理財団寄付研究部門 / Uehiro Project for the Asian Research Library in the University of Tokyo, JAPAN",http://iiif.io/api/presentation/2#rightToLeftDirection,,水滸伝コレクション,,https://iiif.dl.itc.u-tokyo.ac.jp/repo/iiif/47bdd2d6-4fff-0d98-2b91-3810886059b5/manifest,,,,,58
新刻全像水滸傳 二十五巻一百十五回 [特;雙紅堂:小説:122-07],,,,,,,,,,,,,,中国明時代に刊刻、印刷された『水滸伝』。東洋文化研究所雙紅堂文庫蔵。,,毎半葉に図1枚あり(嵌図形式)。上部框郭外に横八文字の図題を附す。,"線装,四針眼釘法",特:雙紅堂:小説:122-1~122-8,25巻,(中国)明後期,明代,24.7×14.1cm,毎半葉15行、両端各2行(上部に図のない部分)は行35字、中央11行(図のある部分)は行27字。,東京大学東洋文化研究所雙紅堂文庫蔵,8冊,"6403832493,640383250,6403832519,6403832527,6403832535,6403832543,6403832550,6403832568","東洋文化研究所図書印, 南氏文庫印,士倫曽蔵印,雙紅堂印,静盦蔵書印",,木版,新刻全像水滸伝巻二十五巻一百十五回 Xinke Quanxiang Shuihuzhuan 25juan115hui  新刻全像水滸傳二十五巻一百十五回    新刻全像水浒传二十五卷一百十五回,"(巻首題)新刻全像水滸傳,(目首題)鼎鐫全像水滸忠義志傳目録,(版心題)全像水滸傳",1567-1644年,,(内框)21.6×12.1cm,特;雙紅堂:小説:122-1~122-8,,"千葉掬香旧蔵。長澤規矩也旧蔵。破損あり,裏打修補あり,墨筆書き入れあり。",水滸傳,建陽(福建),"馬場昭佳「『新刻水滸傳』解題」,『東京大学附属図書館アジア研究図書館上廣倫理財団寄付研究部門(U-PARL)2020−2021年度協働型アジア研究「東京大学所蔵水滸伝諸版本に関する研究」成果報告集』所収。",(明)富沙劉興我梓行,(元)施耐菴編輯,,,,http://tify.sub.uni-goettingen.de/demo.html?manifest=https://archdataset.dl.itc.u-tokyo.ac.jp/manifest/c3195ec2-5b9a-607e-23aa-21a0c03ba7b1.json,c3195ec2-5b9a-607e-23aa-21a0c03ba7b1,https://iiif.dl.itc.u-tokyo.ac.jp/repo/s/asia,https://iiif.dl.itc.u-tokyo.ac.jp/repo/s/asia/document/c3195ec2-5b9a-607e-23aa-21a0c03ba7b1,https://www.lib.u-tokyo.ac.jp/ja/library/contents/archives-top/reuse,https://iiif.dl.itc.u-tokyo.ac.jp/repo/files/medium/077d2f04bcac9e14a6be11b4f04e7301be1429a8.jpg,https://iiif.dl.itc.u-tokyo.ac.jp/repo/api/items/1179415,"東京大学附属図書館アジア研究図書館上廣倫理財団寄付研究部門 / Uehiro Project for the Asian Research Library in the University of Tokyo, JAPAN",http://iiif.io/api/presentation/2#rightToLeftDirection,,水滸伝コレクション,,https://iiif.dl.itc.u-tokyo.ac.jp/repo/iiif/c3195ec2-5b9a-607e-23aa-21a0c03ba7b1/manifest,,,,,56
新刻全像水滸傳 二十五巻一百十五回 [特;雙紅堂:小説:122-08],,,,,,,,,,,,,,中国明時代に刊刻、印刷された『水滸伝』。東洋文化研究所雙紅堂文庫蔵。,,毎半葉に図1枚あり(嵌図形式)。上部框郭外に横八文字の図題を附す。,"線装,四針眼釘法",特:雙紅堂:小説:122-1~122-8,25巻,(中国)明後期,明代,24.7×14.1cm,毎半葉15行、両端各2行(上部に図のない部分)は行35字、中央11行(図のある部分)は行27字。,東京大学東洋文化研究所雙紅堂文庫蔵,8冊,"6403832493,640383250,6403832519,6403832527,6403832535,6403832543,6403832550,6403832568","東洋文化研究所図書印, 南氏文庫印,士倫曽蔵印,雙紅堂印,静盦蔵書印",,木版,新刻全像水滸伝巻二十五巻一百十五回 Xinke Quanxiang Shuihuzhuan 25juan115hui  新刻全像水滸傳二十五巻一百十五回    新刻全像水浒传二十五卷一百十五回,"(巻首題)新刻全像水滸傳,(目首題)鼎鐫全像水滸忠義志傳目録,(版心題)全像水滸傳",1567-1644年,,(内框)21.6×12.1cm,特;雙紅堂:小説:122-1~122-8,,"千葉掬香旧蔵。長澤規矩也旧蔵。破損あり,裏打修補あり,墨筆書き入れあり。",水滸傳,建陽(福建),"馬場昭佳「『新刻水滸傳』解題」,『東京大学附属図書館アジア研究図書館上廣倫理財団寄付研究部門(U-PARL)2020−2021年度協働型アジア研究「東京大学所蔵水滸伝諸版本に関する研究」成果報告集』所収。",(明)富沙劉興我梓行,(元)施耐菴編輯,,,,http://tify.sub.uni-goettingen.de/demo.html?manifest=https://archdataset.dl.itc.u-tokyo.ac.jp/manifest/84abbb5e-5189-8944-7e7b-4df3eac64083.json,84abbb5e-5189-8944-7e7b-4df3eac64083,https://iiif.dl.itc.u-tokyo.ac.jp/repo/s/asia,https://iiif.dl.itc.u-tokyo.ac.jp/repo/s/asia/document/84abbb5e-5189-8944-7e7b-4df3eac64083,https://www.lib.u-tokyo.ac.jp/ja/library/contents/archives-top/reuse,https://iiif.dl.itc.u-tokyo.ac.jp/repo/files/medium/aa3a62032fcc6093b5377da6a72ad7d3714d9fdd.jpg,https://iiif.dl.itc.u-tokyo.ac.jp/repo/api/items/1179416,"東京大学附属図書館アジア研究図書館上廣倫理財団寄付研究部門 / Uehiro Project for the Asian Research Library in the University of Tokyo, JAPAN",http://iiif.io/api/presentation/2#rightToLeftDirection,,水滸伝コレクション,,https://iiif.dl.itc.u-tokyo.ac.jp/repo/iiif/84abbb5e-5189-8944-7e7b-4df3eac64083/manifest,,,,,58
水滸傳全本 三十巻 [漢籍:D(貴重書)-00],,,,,,,,,,,,,,中国明時代に刊刻、清時代に補刻、印刷された『水滸伝』。文学部蔵。,,首冊に図20葉あり。,"線装,四針眼釘法",漢籍:D(貴重書),30巻,(中国)清前期,明後期,25.0×16.1cm,毎半葉10行、行20字,"幸田露伴旧蔵, 東京大学文学部所蔵",12冊,"4803777103,4803777111,4803777129,4803777137,4803777145,4803777152,4803777160,4803777178,4803777186,4803777194,4803777202,4803777210","東京帝国大学図書印, 東京帝国大学附属図書館印,有水可漁印,鮮碧山房印",,木版,水滸伝全本三十巻 ShuihuzhuanQuanben 30juan  水滸傳全本三十卷    水浒传全本三十卷,"(巻首題,版心題)水滸傳全本,(目首題)金聖歎評水滸全傳,(序首題)水滸全傳,(封面題)施耐菴原本李卓吾先生評水滸全傳",1644-1735年,1567-1644,(内框)20.4×12.8cm,漢籍:D(貴重書),,"破損あり,裏打修補あり,墨筆書き入れあり",水滸傳,蘇州,"氏岡真士「三十巻本『水滸伝』について」(『日本中国学会報』第六十三集,2011年)、佐髙春音「『水滸傳全本』(文学部蔵本)解題」,『東京大学附属図書館アジア研究図書館上廣倫理財団寄付研究部門(U-PARL)2020−2021年度協働型アジア研究「東京大学所蔵水滸伝諸版本に関する研究」成果報告集』所収。",金閶映雪草堂藏板,"(元)施耐菴編,(明)李卓吾評點",,,,http://tify.sub.uni-goettingen.de/demo.html?manifest=https://archdataset.dl.itc.u-tokyo.ac.jp/manifest/12fac4ea-9cfd-1f46-641f-c83f5a6e3d33.json,12fac4ea-9cfd-1f46-641f-c83f5a6e3d33,https://iiif.dl.itc.u-tokyo.ac.jp/repo/s/asia,https://iiif.dl.itc.u-tokyo.ac.jp/repo/s/asia/document/12fac4ea-9cfd-1f46-641f-c83f5a6e3d33,https://www.lib.u-tokyo.ac.jp/ja/library/contents/archives-top/reuse,https://iiif.dl.itc.u-tokyo.ac.jp/repo/files/medium/89759c17e7a4f7325fefd432530dd0983f085bf2.jpg,https://iiif.dl.itc.u-tokyo.ac.jp/repo/api/items/1179417,"東京大学附属図書館アジア研究図書館上廣倫理財団寄付研究部門 / Uehiro Project for the Asian Research Library in the University of Tokyo, JAPAN",http://iiif.io/api/presentation/2#rightToLeftDirection,,水滸伝コレクション,,https://iiif.dl.itc.u-tokyo.ac.jp/repo/iiif/12fac4ea-9cfd-1f46-641f-c83f5a6e3d33/manifest,,,,,8
水滸傳全本 三十巻 [漢籍:D(貴重書)-01],,,,,,,,,,,,,,中国明時代に刊刻、清時代に補刻、印刷された『水滸伝』。文学部蔵。,,首冊に図20葉あり。,"線装,四針眼釘法",漢籍:D(貴重書),30巻,(中国)清前期,明後期,25.0×16.1cm,毎半葉10行、行20字,"幸田露伴旧蔵, 東京大学文学部所蔵",12冊,"4803777103,4803777111,4803777129,4803777137,4803777145,4803777152,4803777160,4803777178,4803777186,4803777194,4803777202,4803777210","東京帝国大学図書印, 東京帝国大学附属図書館印,有水可漁印,鮮碧山房印",,木版,水滸伝全本三十巻 ShuihuzhuanQuanben 30juan  水滸傳全本三十卷    水浒传全本三十卷,"(巻首題,版心題)水滸傳全本,(目首題)金聖歎評水滸全傳,(序首題)水滸全傳,(封面題)施耐菴原本李卓吾先生評水滸全傳",1644-1735年,1567-1644,(内框)20.4×12.8cm,漢籍:D(貴重書),,"破損あり,裏打修補あり,墨筆書き入れあり",水滸傳,蘇州,"氏岡真士「三十巻本『水滸伝』について」(『日本中国学会報』第六十三集,2011年)、佐髙春音「『水滸傳全本』(文学部蔵本)解題」,『東京大学附属図書館アジア研究図書館上廣倫理財団寄付研究部門(U-PARL)2020−2021年度協働型アジア研究「東京大学所蔵水滸伝諸版本に関する研究」成果報告集』所収。",金閶映雪草堂藏板,"(元)施耐菴編,(明)李卓吾評點",,,,http://tify.sub.uni-goettingen.de/demo.html?manifest=https://archdataset.dl.itc.u-tokyo.ac.jp/manifest/1c1e357b-88a7-7dc0-805b-e1a9f17a79a6.json,1c1e357b-88a7-7dc0-805b-e1a9f17a79a6,https://iiif.dl.itc.u-tokyo.ac.jp/repo/s/asia,https://iiif.dl.itc.u-tokyo.ac.jp/repo/s/asia/document/1c1e357b-88a7-7dc0-805b-e1a9f17a79a6,https://www.lib.u-tokyo.ac.jp/ja/library/contents/archives-top/reuse,https://iiif.dl.itc.u-tokyo.ac.jp/repo/files/medium/661ad3980caa3b7c65abf7bf19b176f36c0b2363.jpg,https://iiif.dl.itc.u-tokyo.ac.jp/repo/api/items/1179418,"東京大学附属図書館アジア研究図書館上廣倫理財団寄付研究部門 / Uehiro Project for the Asian Research Library in the University of Tokyo, JAPAN",http://iiif.io/api/presentation/2#rightToLeftDirection,,水滸伝コレクション,,https://iiif.dl.itc.u-tokyo.ac.jp/repo/iiif/1c1e357b-88a7-7dc0-805b-e1a9f17a79a6/manifest,,,,,81
Hieratische Paläographie. Band 1,Hieratische Paläographie. Die aegyptische Buchschrift in ihrer Entwicklung von der fünften Dynastie bis zur römischen Kaiserzeit,Erster Band. Bis zum Beginn der achtzehnten Dynastie. Mit Neuen Tafeln Schriftproben,"Möller, George",J. C. Hinrich,Leipzig,,1909,ger,"LCSH:Egyptian language -- Writing, Hieratic","東京大学アジア研究図書館 / Asian Research Library, the University of Tokyo",6 W:800 X:mol 1,"東京大学附属図書館アジア研究図書館上廣倫理財団寄付研究部門 / Uehiro Project for the Asian Research Library in the University of Tokyo, JAPAN",2020-01-16,古代エジプト神官文字(ヒエラティック)の字典.第1巻.第18王朝初頭まで.,,,,,,,,,,,,,,,,,,,,,,,,,,,,,,,,http://tify.sub.uni-goettingen.de/demo.html?manifest=https://archdataset.dl.itc.u-tokyo.ac.jp/manifest/4a1fbed0-f2a2-4cf5-8a0a-fa310c62ca50.json,4a1fbed0-f2a2-4cf5-8a0a-fa310c62ca50,https://iiif.dl.itc.u-tokyo.ac.jp/repo/s/asia/page/home,https://iiif.dl.itc.u-tokyo.ac.jp/repo/s/asia/document/4a1fbed0-f2a2-4cf5-8a0a-fa310c62ca50,https://www.lib.u-tokyo.ac.jp/ja/library/contents/archives-top/reuse,https://iiif.dl.itc.u-tokyo.ac.jp/repo/files/medium/c3dfab77a46a919081597ec808348d22bae27a3c.jpg,https://iiif.dl.itc.u-tokyo.ac.jp/repo/api/items/415071,"東京大学附属図書館アジア研究図書館上廣倫理財団寄付研究部門 / Uehiro Project for the Asian Research Library in the University of Tokyo, JAPAN",,,エジプト学研究のためのデジタル資源/Digital Resources for Egyptian Studies,1-1,https://iiif.dl.itc.u-tokyo.ac.jp/repo/iiif/4a1fbed0-f2a2-4cf5-8a0a-fa310c62ca50/manifest,,,,,116
Hieratische Paläographie. Band 2,Hieratische Paläographie. Die aegyptische Buchschrift in ihrer Entwicklung von der fünften Dynastie bis zur römischen Kaiserzeit,Zweiter Band. Von der Zeit Thutmosis' III bis zur ende der einundzwanzigsten Dynastie. Mit Acht Tafeln Schriftproben,"Möller, George",J. C. Hinrich,Leipzig,,1909,ger,"LCSH:Egyptian language -- Writing, Hieratic","東京大学アジア研究図書館 / Asian Research Library, the University of Tokyo",6 W:800 X:mol 2,"東京大学附属図書館アジア研究図書館上廣倫理財団寄付研究部門 / Uehiro Project for the Asian Research Library in the University of Tokyo, JAPAN",2020-01-16,古代エジプト神官文字(ヒエラティック)の字典.第2巻.トトメス3世時代から21王朝時代まで.,,,,,,,,,,,,,,,,,,,,,,,,,,,,,,,,http://tify.sub.uni-goettingen.de/demo.html?manifest=https://archdataset.dl.itc.u-tokyo.ac.jp/manifest/56653a59-0d55-4d1a-a7e3-2242e02859a1.json,56653a59-0d55-4d1a-a7e3-2242e02859a1,https://iiif.dl.itc.u-tokyo.ac.jp/repo/s/asia/page/home,https://iiif.dl.itc.u-tokyo.ac.jp/repo/s/asia/document/56653a59-0d55-4d1a-a7e3-2242e02859a1,https://www.lib.u-tokyo.ac.jp/ja/library/contents/archives-top/reuse,https://iiif.dl.itc.u-tokyo.ac.jp/repo/files/medium/1947792946c7463b68889f069bdfe3264c6affcc.jpg,https://iiif.dl.itc.u-tokyo.ac.jp/repo/api/items/415072,"東京大学附属図書館アジア研究図書館上廣倫理財団寄付研究部門 / Uehiro Project for the Asian Research Library in the University of Tokyo, JAPAN",,,エジプト学研究のためのデジタル資源/Digital Resources for Egyptian Studies,1-2,https://iiif.dl.itc.u-tokyo.ac.jp/repo/iiif/56653a59-0d55-4d1a-a7e3-2242e02859a1/manifest,,,,,105
Hieratische Paläographie. Band 3,Hieratische Paläographie. Die aegyptische Buchschrift in ihrer Entwicklung von der fünften Dynastie bis zur römischen Kaiserzeit,Von der zweiundzwanzigsten Dynastie bis zum dritten Jahrhundert nach Chr. Mit Elf Tafeln Schriftproben.,"Möller, George",J. C. Hinrich,Leipzig,,1912,ger,"LCSH:Egyptian language -- Writing, Hieratic","東京大学アジア研究図書館 / Asian Research Library, the University of Tokyo",6 W:800 X:mol 3,"東京大学附属図書館アジア研究図書館上廣倫理財団寄付研究部門 / Uehiro Project for the Asian Research Library in the University of Tokyo, JAPAN",2020-01-16,古代エジプト神官文字(ヒエラティック)の字典.第3巻.22王朝時代から紀元後3世紀まで.,,,,,,,,,,,,,,,,,,,,,,,,,,,,,,,,http://tify.sub.uni-goettingen.de/demo.html?manifest=https://archdataset.dl.itc.u-tokyo.ac.jp/manifest/8aaa203c-1c5a-4fef-973b-4fb174d60d37.json,8aaa203c-1c5a-4fef-973b-4fb174d60d37,https://iiif.dl.itc.u-tokyo.ac.jp/repo/s/asia/page/home,https://iiif.dl.itc.u-tokyo.ac.jp/repo/s/asia/document/8aaa203c-1c5a-4fef-973b-4fb174d60d37,https://www.lib.u-tokyo.ac.jp/ja/library/contents/archives-top/reuse,https://iiif.dl.itc.u-tokyo.ac.jp/repo/files/medium/487f2db505d330317b00463eeba96b9bb9b2cff8.jpg,https://iiif.dl.itc.u-tokyo.ac.jp/repo/api/items/415073,"東京大学附属図書館アジア研究図書館上廣倫理財団寄付研究部門 / Uehiro Project for the Asian Research Library in the University of Tokyo, JAPAN",,,エジプト学研究のためのデジタル資源/Digital Resources for Egyptian Studies,1-3,https://iiif.dl.itc.u-tokyo.ac.jp/repo/iiif/8aaa203c-1c5a-4fef-973b-4fb174d60d37/manifest,,,,,106
Hieratische Paläographie. Ergänzungsheft.,Hieratische Paläographie. Die aegyptische Buchschrift in ihrer Entwicklung von der fünften Dynastie bis zur römischen Kaiserzeit,Ergänzungsheft zu Band I und II. Fünfzehn Neuen Tafeln Schriftproben,"Möller, George",J. C. Hinrich,Leipzig,,1936,ger,"LCSH:Egyptian language -- Writing, Hieratic","東京大学アジア研究図書館 / Asian Research Library, the University of Tokyo",6 W:800 X:mol 4,"東京大学附属図書館アジア研究図書館上廣倫理財団寄付研究部門 / Uehiro Project for the Asian Research Library in the University of Tokyo, JAPAN",2020-01-16,古代エジプト神官文字(ヒエラティック)の字典.第1巻と第2巻の補遺.,,,,,,,,,,,,,,,,,,,,,,,,,,,,,,,,http://tify.sub.uni-goettingen.de/demo.html?manifest=https://archdataset.dl.itc.u-tokyo.ac.jp/manifest/e6b9e19f-bad7-4268-8be5-d58f296ebca3.json,e6b9e19f-bad7-4268-8be5-d58f296ebca3,https://iiif.dl.itc.u-tokyo.ac.jp/repo/s/asia/page/home,https://iiif.dl.itc.u-tokyo.ac.jp/repo/s/asia/document/e6b9e19f-bad7-4268-8be5-d58f296ebca3,https://www.lib.u-tokyo.ac.jp/ja/library/contents/archives-top/reuse,https://iiif.dl.itc.u-tokyo.ac.jp/repo/files/medium/888d27c2898317d69f8e9a9131ab5ec8c056a8b1.jpg,https://iiif.dl.itc.u-tokyo.ac.jp/repo/api/items/415074,"東京大学附属図書館アジア研究図書館上廣倫理財団寄付研究部門 / Uehiro Project for the Asian Research Library in the University of Tokyo, JAPAN",,,エジプト学研究のためのデジタル資源/Digital Resources for Egyptian Studies,1-4,https://iiif.dl.itc.u-tokyo.ac.jp/repo/iiif/e6b9e19f-bad7-4268-8be5-d58f296ebca3/manifest,,,,,21
Denkmaeler aus Aegypten und Aethiopien. Band 1,"Denkmaeler aus Aegypten und Aethiopien nach den zeichnungen der von Seiner Majestaet dem koenige von Preussen Friedrich Wilhelm IV nach diesen laendern gesendeten und in den jahren 1842-1845 ausgefuehrten wissenschaftlichen Expedition, auf Befehl seiner Majestaet","Band I. Erste Abtheilung, Topographie und Archtecture, Blatt I-LXVI","Lepsius, Richard|herausgegeben und erlaeutert von C.R. Lepsius",Nicolaische Buchhandlung,Berlin,,[1849]-[1859],ger,"Ancient Egypt -- Art and archaeology  Egyptian language -- Inscriptions
Tombs -- Ancient Egypt 
Temples -- Ancient Egypt
Nubia -- Art and archaeology 
Temples -- Nubia","東京大学総合図書館/The General Library, the University of Tokyo",BG:222:1-2,"東京大学附属図書館アジア研究図書館上廣倫理財団寄付研究部門 / Uehiro Project for the Asian Research Library in the University of Tokyo, JAPAN",,"カール・リヒャルト・レプシウス『エジプトおよびエチオピアの記念碑』.古代エジプト文明の記念碑に対する科学的記録を得るために,1842年から45年にかけてプロイセン王フリードリヒ・ヴィルヘルム4世によって派遣された調査団(団長カール・リヒャルト・レプシウス)による学術成果報告.第1巻.第1部:地形と建築.図版:1-61.「大蔵省賠償金特別会計所属図書」,「東京帝国大学図書印」の印有り.",,,,,,,,,,,,,,,,,,,,,,,,,,,,,,,,http://tify.sub.uni-goettingen.de/demo.html?manifest=https://archdataset.dl.itc.u-tokyo.ac.jp/manifest/7732533f-1c48-1a2d-72e5-cfd001a0413d.json,7732533f-1c48-1a2d-72e5-cfd001a0413d,https://iiif.dl.itc.u-tokyo.ac.jp/repo/s/asia,https://iiif.dl.itc.u-tokyo.ac.jp/repo/s/asia/document/7732533f-1c48-1a2d-72e5-cfd001a0413d,https://www.lib.u-tokyo.ac.jp/ja/library/contents/archives-top/reuse,https://iiif.dl.itc.u-tokyo.ac.jp/repo/files/medium/b1c33a34e741fc05f6825f5963704f3317340c9c.jpg,https://iiif.dl.itc.u-tokyo.ac.jp/repo/api/items/1176825,"東京大学附属図書館アジア研究図書館上廣倫理財団寄付研究部門 / Uehiro Project for the Asian Research Library in the University of Tokyo, JAPAN",,,エジプト学研究のためのデジタル資源/Digital Resources for Egyptian Studies,2-1,https://iiif.dl.itc.u-tokyo.ac.jp/repo/iiif/7732533f-1c48-1a2d-72e5-cfd001a0413d/manifest,,,,,75
Denkmaeler aus Aegypten und Aethiopien. Band 10,"Denkmaeler aus Aegypten und Aethiopien nach den zeichnungen der von Seiner Majestaet dem koenige von Preussen Friedrich Wilhelm IV nach diesen laendern gesendeten und in den jahren 1842-1845 ausgefuehrten wissenschaftlichen Expedition, auf Befehl seiner Majestaet","Band X. Fünfte Abtheilung, Aethiopische Denkmaeler. Blatt I-LXXV","Lepsius, Richard|herausgegeben und erlaeutert von C.R. Lepsius",Nicolaische Buchhandlung,Berlin,,[1849]-[1859],ger,"Ancient Egypt -- Art and archaeology  Egyptian language -- Inscriptions
Tombs -- Ancient Egypt 
Temples -- Ancient Egypt
Nubia -- Art and archaeology 
Temples -- Nubia","東京大学総合図書館/The General Library, the University of Tokyo",BG:222:9-10,"東京大学附属図書館アジア研究図書館上廣倫理財団寄付研究部門 / Uehiro Project for the Asian Research Library in the University of Tokyo, JAPAN",,"カール・リヒャルト・レプシウス『エジプトおよびエチオピアの記念碑』.古代エジプト文明の記念碑に対する科学的記録を得るために,1842年から45年にかけてプロイセン王フリードリヒ・ヴィルヘルム4世によって派遣された調査団(団長カール・リヒャルト・レプシウス)による学術成果報告.第10巻.第5部:エチオピアの記念碑.図版:1-75.「大蔵省賠償金特別会計所属図書」印有り.",,,,,,,,,,,,,,,,,,,,,,,,,,,,,,,,http://tify.sub.uni-goettingen.de/demo.html?manifest=https://archdataset.dl.itc.u-tokyo.ac.jp/manifest/ac0fd86a-4893-7763-4bc4-2fb6faf3456a.json,ac0fd86a-4893-7763-4bc4-2fb6faf3456a,https://iiif.dl.itc.u-tokyo.ac.jp/repo/s/asia,https://iiif.dl.itc.u-tokyo.ac.jp/repo/s/asia/document/ac0fd86a-4893-7763-4bc4-2fb6faf3456a,https://www.lib.u-tokyo.ac.jp/ja/library/contents/archives-top/reuse,https://iiif.dl.itc.u-tokyo.ac.jp/repo/files/medium/363a2e902c82356b14f445881f2d789c942f76b3.jpg,https://iiif.dl.itc.u-tokyo.ac.jp/repo/api/items/1176834,"東京大学附属図書館アジア研究図書館上廣倫理財団寄付研究部門 / Uehiro Project for the Asian Research Library in the University of Tokyo, JAPAN",,,エジプト学研究のためのデジタル資源/Digital Resources for Egyptian Studies,2-10,https://iiif.dl.itc.u-tokyo.ac.jp/repo/iiif/ac0fd86a-4893-7763-4bc4-2fb6faf3456a/manifest,,,,,80
Denkmaeler aus Aegypten und Aethiopien. Band 11,"Denkmaeler aus Aegypten und Aethiopien nach den zeichnungen der von Seiner Majestaet dem koenige von Preussen Friedrich Wilhelm IV nach diesen laendern gesendeten und in den jahren 1842-1845 ausgefuehrten wissenschaftlichen Expedition, auf Befehl seiner Majestaet","Band XI. Sechste Abtheilung, Inschriften mit Ausschluss der Hieroglyphischen. Blatt I-LXIX","Lepsius, Richard|herausgegeben und erlaeutert von C.R. Lepsius",Nicolaische Buchhandlung,Berlin,,[1849]-[1859],ger,"Ancient Egypt -- Art and archaeology  Egyptian language -- Inscriptions
Tombs -- Ancient Egypt 
Temples -- Ancient Egypt
Nubia -- Art and archaeology 
Temples -- Nubia","東京大学総合図書館/The General Library, the University of Tokyo",BG:222:11-12,"東京大学附属図書館アジア研究図書館上廣倫理財団寄付研究部門 / Uehiro Project for the Asian Research Library in the University of Tokyo, JAPAN",,"カール・リヒャルト・レプシウス『エジプトおよびエチオピアの記念碑』.古代エジプト文明の記念碑に対する科学的記録を得るために,1842年から45年にかけてプロイセン王フリードリヒ・ヴィルヘルム4世によって派遣された調査団による学術成果報告.第11巻.第6部:ヒエログリフ以外の文字で書かれた碑文.図版:1-69.「大蔵省賠償金特別会計所属図書」,「東京帝国大学図書印」の印有り.",,,,,,,,,,,,,,,,,,,,,,,,,,,,,,,,http://tify.sub.uni-goettingen.de/demo.html?manifest=https://archdataset.dl.itc.u-tokyo.ac.jp/manifest/56cb1645-183b-6261-4f04-7c4ef2794bf3.json,56cb1645-183b-6261-4f04-7c4ef2794bf3,https://iiif.dl.itc.u-tokyo.ac.jp/repo/s/asia,https://iiif.dl.itc.u-tokyo.ac.jp/repo/s/asia/document/56cb1645-183b-6261-4f04-7c4ef2794bf3,https://www.lib.u-tokyo.ac.jp/ja/library/contents/archives-top/reuse,https://iiif.dl.itc.u-tokyo.ac.jp/repo/files/medium/22b5933d368cfe551bc8e1ea2f48aadb1f4f0190.jpg,https://iiif.dl.itc.u-tokyo.ac.jp/repo/api/items/1176835,"東京大学附属図書館アジア研究図書館上廣倫理財団寄付研究部門 / Uehiro Project for the Asian Research Library in the University of Tokyo, JAPAN",,,エジプト学研究のためのデジタル資源/Digital Resources for Egyptian Studies,2-11,https://iiif.dl.itc.u-tokyo.ac.jp/repo/iiif/56cb1645-183b-6261-4f04-7c4ef2794bf3/manifest,,,,,75
Denkmaeler aus Aegypten und Aethiopien. Band 12,"Denkmaeler aus Aegypten und Aethiopien nach den zeichnungen der von Seiner Majestaet dem koenige von Preussen Friedrich Wilhelm IV nach diesen laendern gesendeten und in den jahren 1842-1845 ausgefuehrten wissenschaftlichen Expedition, auf Befehl seiner Majestaet","Band XII. Sechste Abtheilung, Inschriften mit Ausschluss der Hieroglyphischen. Blatt LXX-CXXVII","Lepsius, Richard|herausgegeben und erlaeutert von C.R. Lepsius",Nicolaische Buchhandlung,Berlin,,[1849]-[1859],ger,"Ancient Egypt -- Art and archaeology  Egyptian language -- Inscriptions
Tombs -- Ancient Egypt 
Temples -- Ancient Egypt
Nubia -- Art and archaeology 
Temples -- Nubia","東京大学総合図書館/The General Library, the University of Tokyo",BG:222:11-12,"東京大学附属図書館アジア研究図書館上廣倫理財団寄付研究部門 / Uehiro Project for the Asian Research Library in the University of Tokyo, JAPAN",,"カール・リヒャルト・レプシウス『エジプトおよびエチオピアの記念碑』.古代エジプト文明の記念碑に対する科学的記録を得るために,1842年から45年にかけてプロイセン王フリードリヒ・ヴィルヘルム4世によって派遣された調査団による学術成果報告.第12巻.第6部:ヒエログリフ以外の文字で書かれた碑文.図版:70-127.「大蔵省賠償金特別会計所属図書」,「東京帝国大学図書印」の印有り.",,,,,,,,,,,,,,,,,,,,,,,,,,,,,,,,http://tify.sub.uni-goettingen.de/demo.html?manifest=https://archdataset.dl.itc.u-tokyo.ac.jp/manifest/11e8e95e-93a7-8803-2093-7ad447b26ce7.json,11e8e95e-93a7-8803-2093-7ad447b26ce7,https://iiif.dl.itc.u-tokyo.ac.jp/repo/s/asia,https://iiif.dl.itc.u-tokyo.ac.jp/repo/s/asia/document/11e8e95e-93a7-8803-2093-7ad447b26ce7,https://www.lib.u-tokyo.ac.jp/ja/library/contents/archives-top/reuse,https://iiif.dl.itc.u-tokyo.ac.jp/repo/files/medium/e175543a931870dd5c721460b1e6031ac4d3eec0.jpg,https://iiif.dl.itc.u-tokyo.ac.jp/repo/api/items/1176836,"東京大学附属図書館アジア研究図書館上廣倫理財団寄付研究部門 / Uehiro Project for the Asian Research Library in the University of Tokyo, JAPAN",,,エジプト学研究のためのデジタル資源/Digital Resources for Egyptian Studies,2-12,https://iiif.dl.itc.u-tokyo.ac.jp/repo/iiif/11e8e95e-93a7-8803-2093-7ad447b26ce7/manifest,,,,,63
Denkmaeler aus Aegypten und Aethiopien. Vorläufige Nachricht,"Denkmaeler aus Aegypten und Aethiopien nach den zeichnungen der von Seiner Majestaet dem koenige von Preussen Friedrich Wilhelm IV nach diesen laendern gesendeten und in den jahren 1842-1845 ausgefuehrten wissenschaftlichen Expedition, auf Befehl seiner Majestaet","Vorläufige Nachricht über die Expedition, ihre Ergebnisse und deren Publikation","Lepsius, Richard|herausgegeben und erlaeutert von C.R. Lepsius",Nicolaische Buchhandlung,Berlin,,1849,ger,"Ancient Egypt -- Art and archaeology  Egyptian language -- Inscriptions
Tombs -- Ancient Egypt 
Temples -- Ancient Egypt
Nubia -- Art and archaeology 
Temples -- Nubia","東京大学総合図書館/The General Library, the University of Tokyo",BG:222:13,"東京大学附属図書館アジア研究図書館上廣倫理財団寄付研究部門 / Uehiro Project for the Asian Research Library in the University of Tokyo, JAPAN",,"カール・リヒャルト・レプシウス『エジプトおよびエチオピアの記念碑』.古代エジプト文明の記念碑に対する科学的記録を得るために,1842年から45年にかけてプロイセン王フリードリヒ・ヴィルヘルム4世によって派遣された調査団による学術成果報告.「大蔵省賠償金特別会計所属図書」,「東京帝国大学図書印」の印有り.",,,,,,,,,,,,,,,,,,,,,,,,,,,,,,,,http://tify.sub.uni-goettingen.de/demo.html?manifest=https://archdataset.dl.itc.u-tokyo.ac.jp/manifest/0219861b-252b-0638-4ff2-8eb0ed0186f5.json,0219861b-252b-0638-4ff2-8eb0ed0186f5,https://iiif.dl.itc.u-tokyo.ac.jp/repo/s/asia,https://iiif.dl.itc.u-tokyo.ac.jp/repo/s/asia/document/0219861b-252b-0638-4ff2-8eb0ed0186f5,https://www.lib.u-tokyo.ac.jp/ja/library/contents/archives-top/reuse,https://iiif.dl.itc.u-tokyo.ac.jp/repo/files/medium/c4791e9318a56ba96aab8fec7336daf24a778c78.jpg,https://iiif.dl.itc.u-tokyo.ac.jp/repo/api/items/1176837,"東京大学附属図書館アジア研究図書館上廣倫理財団寄付研究部門 / Uehiro Project for the Asian Research Library in the University of Tokyo, JAPAN",,,エジプト学研究のためのデジタル資源/Digital Resources for Egyptian Studies,2-13,https://iiif.dl.itc.u-tokyo.ac.jp/repo/iiif/0219861b-252b-0638-4ff2-8eb0ed0186f5/manifest,,,,,21
Denkmaeler aus Aegypten und Aethiopien. Band 2,"Denkmaeler aus Aegypten und Aethiopien nach den zeichnungen der von Seiner Majestaet dem koenige von Preussen Friedrich Wilhelm IV nach diesen laendern gesendeten und in den jahren 1842-1845 ausgefuehrten wissenschaftlichen Expedition, auf Befehl seiner Majestaet","Band II. Erste Abtheilung: Topographie und Archtecture, Blatt LXVII-CXLV","Lepsius, Richard|herausgegeben und erlaeutert von C.R. Lepsius",Nicolaische Buchhandlung,Berlin,,[1849]-[1859],ger,"Ancient Egypt -- Art and archaeology  Egyptian language -- Inscriptions
Tombs -- Ancient Egypt 
Temples -- Ancient Egypt
Nubia -- Art and archaeology 
Temples -- Nubia","東京大学総合図書館/The General Library, the University of Tokyo",BG:222:1-2,"東京大学附属図書館アジア研究図書館上廣倫理財団寄付研究部門 / Uehiro Project for the Asian Research Library in the University of Tokyo, JAPAN",,"カール・リヒャルト・レプシウス『エジプトおよびエチオピアの記念碑』.古代エジプト文明の記念碑に対する科学的記録を得るために,1842年から45年にかけてプロイセン王フリードリヒ・ヴィルヘルム4世によって派遣された調査団による学術成果報告.第2巻.第1部:地形と建築.図版:62-145.「大蔵省賠償金特別会計所属図書」,「東京帝国大学図書印」の印有り.",,,,,,,,,,,,,,,,,,,,,,,,,,,,,,,,http://tify.sub.uni-goettingen.de/demo.html?manifest=https://archdataset.dl.itc.u-tokyo.ac.jp/manifest/9a64ea1c-2840-6da6-1a3d-d722c88429e6.json,9a64ea1c-2840-6da6-1a3d-d722c88429e6,https://iiif.dl.itc.u-tokyo.ac.jp/repo/s/asia,https://iiif.dl.itc.u-tokyo.ac.jp/repo/s/asia/document/9a64ea1c-2840-6da6-1a3d-d722c88429e6,https://www.lib.u-tokyo.ac.jp/ja/library/contents/archives-top/reuse,https://iiif.dl.itc.u-tokyo.ac.jp/repo/files/medium/48a619b718172b8a5c82e4f78b47dce9c3e39590.jpg,https://iiif.dl.itc.u-tokyo.ac.jp/repo/api/items/1176826,"東京大学附属図書館アジア研究図書館上廣倫理財団寄付研究部門 / Uehiro Project for the Asian Research Library in the University of Tokyo, JAPAN",,,エジプト学研究のためのデジタル資源/Digital Resources for Egyptian Studies,2-2,https://iiif.dl.itc.u-tokyo.ac.jp/repo/iiif/9a64ea1c-2840-6da6-1a3d-d722c88429e6/manifest,,,,,84
Denkmaeler aus Aegypten und Aethiopien. Band 3,"Denkmaeler aus Aegypten und Aethiopien nach den zeichnungen der von Seiner Majestaet dem koenige von Preussen Friedrich Wilhelm IV nach diesen laendern gesendeten und in den jahren 1842-1845 ausgefuehrten wissenschaftlichen Expedition, auf Befehl seiner Majestaet","Band III. Zweite ABbtheilung, Denkmaeler des Altes Reichs, Blatt I-LXXXI","Lepsius, Richard|herausgegeben und erlaeutert von C.R. Lepsius",Nicolaische Buchhandlung,Berlin,,[1849]-[1859],ger,"Ancient Egypt -- Art and archaeology  Egyptian language -- Inscriptions
Tombs -- Ancient Egypt 
Temples -- Ancient Egypt
Nubia -- Art and archaeology 
Temples -- Nubia","東京大学総合図書館/The General Library, the University of Tokyo",BG:222:3-4,"東京大学附属図書館アジア研究図書館上廣倫理財団寄付研究部門 / Uehiro Project for the Asian Research Library in the University of Tokyo, JAPAN",,"カール・リヒャルト・レプシウス『エジプトおよびエチオピアの記念碑』.古代エジプト文明の記念碑に対する科学的記録を得るために,1842年から45年にかけてプロイセン王フリードリヒ・ヴィルヘルム4世によって派遣された調査団による学術成果報告.第3巻.第2部:古王国時代の記念碑.図版:1-81.「大蔵省賠償金特別会計所属図書」,「東京帝国大学図書印」の印有り.",,,,,,,,,,,,,,,,,,,,,,,,,,,,,,,,http://tify.sub.uni-goettingen.de/demo.html?manifest=https://archdataset.dl.itc.u-tokyo.ac.jp/manifest/a009b43e-3560-204b-405a-072a0265591b.json,a009b43e-3560-204b-405a-072a0265591b,https://iiif.dl.itc.u-tokyo.ac.jp/repo/s/asia,https://iiif.dl.itc.u-tokyo.ac.jp/repo/s/asia/document/a009b43e-3560-204b-405a-072a0265591b,https://www.lib.u-tokyo.ac.jp/ja/library/contents/archives-top/reuse,https://iiif.dl.itc.u-tokyo.ac.jp/repo/files/medium/0394390b606f51aec421b8ae02f8a691720aacc9.jpg,https://iiif.dl.itc.u-tokyo.ac.jp/repo/api/items/1176827,"東京大学附属図書館アジア研究図書館上廣倫理財団寄付研究部門 / Uehiro Project for the Asian Research Library in the University of Tokyo, JAPAN",,,エジプト学研究のためのデジタル資源/Digital Resources for Egyptian Studies,2-3,https://iiif.dl.itc.u-tokyo.ac.jp/repo/iiif/a009b43e-3560-204b-405a-072a0265591b/manifest,,,,,88
Denkmaeler aus Aegypten und Aethiopien. Band 4,"Denkmaeler aus Aegypten und Aethiopien nach den zeichnungen der von Seiner Majestaet dem koenige von Preussen Friedrich Wilhelm IV nach diesen laendern gesendeten und in den jahren 1842-1845 ausgefuehrten wissenschaftlichen Expedition, auf Befehl seiner Majestaet","Band IV. Zweite ABbtheilung, Denkmaeler des Altes Reichs, Blatt LXXXII-CLIII","Lepsius, Richard|herausgegeben und erlaeutert von C.R. Lepsius",Nicolaische Buchhandlung,Berlin,,[1849]-[1859],ger,"Ancient Egypt -- Art and archaeology  Egyptian language -- Inscriptions
Tombs -- Ancient Egypt 
Temples -- Ancient Egypt
Nubia -- Art and archaeology 
Temples -- Nubia","東京大学総合図書館/The General Library, the University of Tokyo",BG:222:3-4,"東京大学附属図書館アジア研究図書館上廣倫理財団寄付研究部門 / Uehiro Project for the Asian Research Library in the University of Tokyo, JAPAN",,"カール・リヒャルト・レプシウス『エジプトおよびエチオピアの記念碑』.古代エジプト文明の記念碑に対する科学的記録を得るために,1842年から45年にかけてプロイセン王フリードリヒ・ヴィルヘルム4世によって派遣された調査団による学術成果報告.第4巻.第2部:古王国時代の記念碑.図版:82-153.「大蔵省賠償金特別会計所属図書」,「東京帝国大学図書印」の印有り.",,,,,,,,,,,,,,,,,,,,,,,,,,,,,,,,http://tify.sub.uni-goettingen.de/demo.html?manifest=https://archdataset.dl.itc.u-tokyo.ac.jp/manifest/b8a2c8f5-32fa-63ed-14d0-339a8b705d47.json,b8a2c8f5-32fa-63ed-14d0-339a8b705d47,https://iiif.dl.itc.u-tokyo.ac.jp/repo/s/asia,https://iiif.dl.itc.u-tokyo.ac.jp/repo/s/asia/document/b8a2c8f5-32fa-63ed-14d0-339a8b705d47,https://www.lib.u-tokyo.ac.jp/ja/library/contents/archives-top/reuse,https://iiif.dl.itc.u-tokyo.ac.jp/repo/files/medium/3663068674127146192e780a02a440c92bad5e56.jpg,https://iiif.dl.itc.u-tokyo.ac.jp/repo/api/items/1176828,"東京大学附属図書館アジア研究図書館上廣倫理財団寄付研究部門 / Uehiro Project for the Asian Research Library in the University of Tokyo, JAPAN",,,エジプト学研究のためのデジタル資源/Digital Resources for Egyptian Studies,2-4,https://iiif.dl.itc.u-tokyo.ac.jp/repo/iiif/b8a2c8f5-32fa-63ed-14d0-339a8b705d47/manifest,,,,,77
Denkmaeler aus Aegypten und Aethiopien. Band 5,"Denkmaeler aus Aegypten und Aethiopien nach den zeichnungen der von Seiner Majestaet dem koenige von Preussen Friedrich Wilhelm IV nach diesen laendern gesendeten und in den jahren 1842-1845 ausgefuehrten wissenschaftlichen Expedition, auf Befehl seiner Majestaet","Band V. Dritte Abtheilung, Denkmaeler des Neuen Reichs, Blatt I-XC","Lepsius, Richard|herausgegeben und erlaeutert von C.R. Lepsius",Nicolaische Buchhandlung,Berlin,,[1849]-[1859],ger,"Ancient Egypt -- Art and archaeology  Egyptian language -- Inscriptions
Tombs -- Ancient Egypt 
Temples -- Ancient Egypt
Nubia -- Art and archaeology 
Temples -- Nubia","東京大学総合図書館/The General Library, the University of Tokyo",BG:222:5-6,"東京大学附属図書館アジア研究図書館上廣倫理財団寄付研究部門 / Uehiro Project for the Asian Research Library in the University of Tokyo, JAPAN",,"カール・リヒャルト・レプシウス『エジプトおよびエチオピアの記念碑』.古代エジプト文明の記念碑に対する科学的記録を得るために,1842年から45年にかけてプロイセン王フリードリヒ・ヴィルヘルム4世によって派遣された調査団による学術成果報告.第5巻.第3部:新王国時代の記念碑.図版:1-90.「大蔵省賠償金特別会計所属図書」,「東京帝国大学図書印」の印有り.",,,,,,,,,,,,,,,,,,,,,,,,,,,,,,,,http://tify.sub.uni-goettingen.de/demo.html?manifest=https://archdataset.dl.itc.u-tokyo.ac.jp/manifest/0ab7a5f8-04e8-5e3d-3fc8-c90f049c6568.json,0ab7a5f8-04e8-5e3d-3fc8-c90f049c6568,https://iiif.dl.itc.u-tokyo.ac.jp/repo/s/asia,https://iiif.dl.itc.u-tokyo.ac.jp/repo/s/asia/document/0ab7a5f8-04e8-5e3d-3fc8-c90f049c6568,https://www.lib.u-tokyo.ac.jp/ja/library/contents/archives-top/reuse,https://iiif.dl.itc.u-tokyo.ac.jp/repo/files/medium/e4915b4bfc5aaac10e488e93cb8c9fccdfbedc0d.jpg,https://iiif.dl.itc.u-tokyo.ac.jp/repo/api/items/1176829,"東京大学附属図書館アジア研究図書館上廣倫理財団寄付研究部門 / Uehiro Project for the Asian Research Library in the University of Tokyo, JAPAN",,,エジプト学研究のためのデジタル資源/Digital Resources for Egyptian Studies,2-5,https://iiif.dl.itc.u-tokyo.ac.jp/repo/iiif/0ab7a5f8-04e8-5e3d-3fc8-c90f049c6568/manifest,,,,,98
Denkmaeler aus Aegypten und Aethiopien. Band 6,"Denkmaeler aus Aegypten und Aethiopien nach den zeichnungen der von Seiner Majestaet dem koenige von Preussen Friedrich Wilhelm IV nach diesen laendern gesendeten und in den jahren 1842-1845 ausgefuehrten wissenschaftlichen Expedition, auf Befehl seiner Majestaet","Band VI. Dritte Abtheilung, Denkmaeler des Neuen Reichs, Blatt CI-CLXXII","Lepsius, Richard|herausgegeben und erlaeutert von C.R. Lepsius",Nicolaische Buchhandlung,Berlin,,[1849]-[1859],ger,"Ancient Egypt -- Art and archaeology  Egyptian language -- Inscriptions
Tombs -- Ancient Egypt 
Temples -- Ancient Egypt
Nubia -- Art and archaeology 
Temples -- Nubia","東京大学総合図書館/The General Library, the University of Tokyo",BG:222:5-6,"東京大学附属図書館アジア研究図書館上廣倫理財団寄付研究部門 / Uehiro Project for the Asian Research Library in the University of Tokyo, JAPAN",,"カール・リヒャルト・レプシウス『エジプトおよびエチオピアの記念碑』.古代エジプト文明の記念碑に対する科学的記録を得るために,1842年から45年にかけてプロイセン王フリードリヒ・ヴィルヘルム4世によって派遣された調査団による学術成果報告.第6巻.第3部:新王国時代の記念碑.図版:91-172.「大蔵省賠償金特別会計所属図書」,「東京帝国大学図書印」の印有り.",,,,,,,,,,,,,,,,,,,,,,,,,,,,,,,,http://tify.sub.uni-goettingen.de/demo.html?manifest=https://archdataset.dl.itc.u-tokyo.ac.jp/manifest/da19cbf8-8fd7-2816-4eec-bcdc7dfb02f5.json,da19cbf8-8fd7-2816-4eec-bcdc7dfb02f5,https://iiif.dl.itc.u-tokyo.ac.jp/repo/s/asia,https://iiif.dl.itc.u-tokyo.ac.jp/repo/s/asia/document/da19cbf8-8fd7-2816-4eec-bcdc7dfb02f5,https://www.lib.u-tokyo.ac.jp/ja/library/contents/archives-top/reuse,https://iiif.dl.itc.u-tokyo.ac.jp/repo/files/medium/04656b28351ff0dd5a0af43e0f6a51db0a125929.jpg,https://iiif.dl.itc.u-tokyo.ac.jp/repo/api/items/1176830,"東京大学附属図書館アジア研究図書館上廣倫理財団寄付研究部門 / Uehiro Project for the Asian Research Library in the University of Tokyo, JAPAN",,,エジプト学研究のためのデジタル資源/Digital Resources for Egyptian Studies,2-6,https://iiif.dl.itc.u-tokyo.ac.jp/repo/iiif/da19cbf8-8fd7-2816-4eec-bcdc7dfb02f5/manifest,,,,,87
Denkmaeler aus Aegypten und Aethiopien. Band 7,"Denkmaeler aus Aegypten und Aethiopien nach den zeichnungen der von Seiner Majestaet dem koenige von Preussen Friedrich Wilhelm IV nach diesen laendern gesendeten und in den jahren 1842-1845 ausgefuehrten wissenschaftlichen Expedition, auf Befehl seiner Majestaet","Band VII. Dritte Abtheilung, Denkmaeler des Neuen Reichs, Blatt CLXXIII-CCXLII","Lepsius, Richard|herausgegeben und erlaeutert von C.R. Lepsius",Nicolaische Buchhandlung,Berlin,,[1849]-[1859],ger,"Ancient Egypt -- Art and archaeology  Egyptian language -- Inscriptions
Tombs -- Ancient Egypt 
Temples -- Ancient Egypt
Nubia -- Art and archaeology 
Temples -- Nubia","東京大学総合図書館/The General Library, the University of Tokyo",BG:222:7-8,"東京大学附属図書館アジア研究図書館上廣倫理財団寄付研究部門 / Uehiro Project for the Asian Research Library in the University of Tokyo, JAPAN",,"カール・リヒャルト・レプシウス『エジプトおよびエチオピアの記念碑』.古代エジプト文明の記念碑に対する科学的記録を得るために,1842年から45年にかけてプロイセン王フリードリヒ・ヴィルヘルム4世によって派遣された調査団による学術成果報告.第7巻.第3部:新王国時代の記念碑.図版:173-242.「大蔵省賠償金特別会計所属図書」,「東京帝国大学図書印」の印有り.",,,,,,,,,,,,,,,,,,,,,,,,,,,,,,,,http://tify.sub.uni-goettingen.de/demo.html?manifest=https://archdataset.dl.itc.u-tokyo.ac.jp/manifest/7cebb351-8fcf-582f-a2f0-71c7ce1608e2.json,7cebb351-8fcf-582f-a2f0-71c7ce1608e2,https://iiif.dl.itc.u-tokyo.ac.jp/repo/s/asia,https://iiif.dl.itc.u-tokyo.ac.jp/repo/s/asia/document/7cebb351-8fcf-582f-a2f0-71c7ce1608e2,https://www.lib.u-tokyo.ac.jp/ja/library/contents/archives-top/reuse,https://iiif.dl.itc.u-tokyo.ac.jp/repo/files/medium/e504aabcaaa41965629be8a42293c7fe5ccae649.jpg,https://iiif.dl.itc.u-tokyo.ac.jp/repo/api/items/1176831,"東京大学附属図書館アジア研究図書館上廣倫理財団寄付研究部門 / Uehiro Project for the Asian Research Library in the University of Tokyo, JAPAN",,,エジプト学研究のためのデジタル資源/Digital Resources for Egyptian Studies,2-7,https://iiif.dl.itc.u-tokyo.ac.jp/repo/iiif/7cebb351-8fcf-582f-a2f0-71c7ce1608e2/manifest,,,,,77
Denkmaeler aus Aegypten und Aethiopien. Band 8,"Denkmaeler aus Aegypten und Aethiopien nach den zeichnungen der von Seiner Majestaet dem koenige von Preussen Friedrich Wilhelm IV nach diesen laendern gesendeten und in den jahren 1842-1845 ausgefuehrten wissenschaftlichen Expedition, auf Befehl seiner Majestaet","Band VIII. Bbtheilung III, Blatt CCXLIII-CCCIV","Lepsius, Richard|herausgegeben und erlaeutert von C.R. Lepsius",Nicolaische Buchhandlung,Berlin,,[1849]-[1859],ger,"Ancient Egypt -- Art and archaeology  Egyptian language -- Inscriptions
Tombs -- Ancient Egypt 
Temples -- Ancient Egypt
Nubia -- Art and archaeology 
Temples -- Nubia","東京大学総合図書館/The General Library, the University of Tokyo",BG:222:7-8,"東京大学附属図書館アジア研究図書館上廣倫理財団寄付研究部門 / Uehiro Project for the Asian Research Library in the University of Tokyo, JAPAN",,"カール・リヒャルト・レプシウス『エジプトおよびエチオピアの記念碑』.古代エジプト文明の記念碑に対する科学的記録を得るために,1842年から45年にかけてプロイセン王フリードリヒ・ヴィルヘルム4世によって派遣された調査団(団長カール・リヒャルト・レプシウス)による学術成果報告.第8巻.第3部:新王国時代の記念碑.図版:243-304.「大蔵省賠償金特別会計所属図書」,「東京帝国大学図書印」の印有り.",,,,,,,,,,,,,,,,,,,,,,,,,,,,,,,,http://tify.sub.uni-goettingen.de/demo.html?manifest=https://archdataset.dl.itc.u-tokyo.ac.jp/manifest/f2be7d38-4fc2-3fef-a012-a773929d02b0.json,f2be7d38-4fc2-3fef-a012-a773929d02b0,https://iiif.dl.itc.u-tokyo.ac.jp/repo/s/asia,https://iiif.dl.itc.u-tokyo.ac.jp/repo/s/asia/document/f2be7d38-4fc2-3fef-a012-a773929d02b0,https://www.lib.u-tokyo.ac.jp/ja/library/contents/archives-top/reuse,https://iiif.dl.itc.u-tokyo.ac.jp/repo/files/medium/5ffdefee3eb9bfadf444d6cacfb86dbd5b685ef7.jpg,https://iiif.dl.itc.u-tokyo.ac.jp/repo/api/items/1176832,"東京大学附属図書館アジア研究図書館上廣倫理財団寄付研究部門 / Uehiro Project for the Asian Research Library in the University of Tokyo, JAPAN",,,エジプト学研究のためのデジタル資源/Digital Resources for Egyptian Studies,2-8,https://iiif.dl.itc.u-tokyo.ac.jp/repo/iiif/f2be7d38-4fc2-3fef-a012-a773929d02b0/manifest,,,,,67
Denkmaeler aus Aegypten und Aethiopien. Band 9,"Denkmaeler aus Aegypten und Aethiopien nach den zeichnungen der von Seiner Majestaet dem koenige von Preussen Friedrich Wilhelm IV nach diesen laendern gesendeten und in den jahren 1842-1845 ausgefuehrten wissenschaftlichen Expedition, auf Befehl seiner Majestaet","Band IX. Vierte Abtheilung, Denkmaeler aus der Zeit der Griechischen und Roemischen Herrschaft. Blatt I-XC","Lepsius, Richard|herausgegeben und erlaeutert von C.R. Lepsius",Nicolaische Buchhandlung,Berlin,,[1849]-[1859],ger,"Ancient Egypt -- Art and archaeology  Egyptian language -- Inscriptions
Tombs -- Ancient Egypt 
Temples -- Ancient Egypt
Nubia -- Art and archaeology 
Temples -- Nubia","東京大学総合図書館/The General Library, the University of Tokyo",BG:222:9-10,"東京大学附属図書館アジア研究図書館上廣倫理財団寄付研究部門 / Uehiro Project for the Asian Research Library in the University of Tokyo, JAPAN",,"カール・リヒャルト・レプシウス『エジプトおよびエチオピアの記念碑』.古代エジプト文明の記念碑に対する科学的記録を得るために,1842年から45年にかけてプロイセン王フリードリヒ・ヴィルヘルム4世によって派遣された調査団による学術成果報告.第9巻.第4部:ギリシャとローマの支配時代の記念碑.図版:1-90.「大蔵省賠償金特別会計所属図書」,「東京帝国大学図書印」の印有り.",,,,,,,,,,,,,,,,,,,,,,,,,,,,,,,,http://tify.sub.uni-goettingen.de/demo.html?manifest=https://archdataset.dl.itc.u-tokyo.ac.jp/manifest/2f6af5f5-176b-9afa-0d2b-c608def36b97.json,2f6af5f5-176b-9afa-0d2b-c608def36b97,https://iiif.dl.itc.u-tokyo.ac.jp/repo/s/asia,https://iiif.dl.itc.u-tokyo.ac.jp/repo/s/asia/document/2f6af5f5-176b-9afa-0d2b-c608def36b97,https://www.lib.u-tokyo.ac.jp/ja/library/contents/archives-top/reuse,https://iiif.dl.itc.u-tokyo.ac.jp/repo/files/medium/6599993b1aa6771cabcf73f9a9fdf41d28c03607.jpg,https://iiif.dl.itc.u-tokyo.ac.jp/repo/api/items/1176833,"東京大学附属図書館アジア研究図書館上廣倫理財団寄付研究部門 / Uehiro Project for the Asian Research Library in the University of Tokyo, JAPAN",,,エジプト学研究のためのデジタル資源/Digital Resources for Egyptian Studies,2-9,https://iiif.dl.itc.u-tokyo.ac.jp/repo/iiif/2f6af5f5-176b-9afa-0d2b-c608def36b97/manifest,,,,,96
古今歴代十八史略 一 [A004313-01],,,,,,,,,,,,,,中国元時代に刊行された漢籍。南葵文庫。,,,"線装, 四針眼釘法",A00-4313,"首巻, 2巻",元,"南宋末期, 元初期",20.1×13.9cm,"15行行26字, 首巻14行行26字","島田重礼旧蔵, 徳川慶喜旧蔵, 東京大学総合図書館所蔵",2冊,,"昌平坂学問所, 東京帝国大学図書印, 琴川, 南葵文庫, 島田氏双桂楼収蔵, 島田重礼, 敬甫, 島田重礼敬甫氏, 双桂書楼",印本,木版,古今歴代十八史略二巻首一巻 Gujin Lidai Shibashi Lüe 2 juan shou 1 juan 古今历代十八史略二卷首一卷 古今歷代十八史略二卷首一卷,(巻首題)古今歴代十八史略,13-14世紀,13-14世紀,(内框)17.0×11.9cm,A004313,,"書き入れあり, 裏打ち修復済み, 虫損あり","十八史略, 元槧十八史略",,,勤徳書堂刊,(元)曽先之編,B30966,,,http://tify.sub.uni-goettingen.de/demo.html?manifest=https://archdataset.dl.itc.u-tokyo.ac.jp/manifest/1519c399-d096-4f06-b8a0-f6fc0c14deaa.json,1519c399-d096-4f06-b8a0-f6fc0c14deaa,https://iiif.dl.itc.u-tokyo.ac.jp/repo/s/uparl/,https://iiif.dl.itc.u-tokyo.ac.jp/repo/s/asia/document/1519c399-d096-4f06-b8a0-f6fc0c14deaa,https://www.lib.u-tokyo.ac.jp/ja/library/contents/archives-top/reuse,https://iiif.dl.itc.u-tokyo.ac.jp/repo/files/medium/664eba1af7f0d982c7ec2a2fadad0beec1f96e88.jpg,https://iiif.dl.itc.u-tokyo.ac.jp/repo/api/items/186421,"東京大学附属図書館アジア研究図書館上廣倫理財団寄付研究部門 / Uehiro Project for the Asian Research Library in the University of Tokyo, JAPAN",http://iiif.io/api/presentation/2#rightToLeftDirection,,U-PARLセレクション,A004313-01,https://iiif.dl.itc.u-tokyo.ac.jp/repo/iiif/186421/manifest,,,,,100
古今歴代十八史略 二 [A004313-02],,,,,,,,,,,,,,中国元時代に刊行された漢籍。南葵文庫。,,,"線装, 四針眼釘法",A00-4313,"首巻, 2巻",元,"南宋末期, 元初期",20.1×13.9cm,"15行行26字, 首巻14行行26字","島田重礼旧蔵, 徳川慶喜旧蔵, 東京大学総合図書館所蔵",2冊,,"昌平坂学問所, 東京帝国大学図書印, 琴川, 南葵文庫, 島田氏双桂楼収蔵, 島田重礼, 敬甫, 島田重礼敬甫氏, 双桂書楼",印本,木版,古今歴代十八史略二巻首一巻 Gujin Lidai Shibashi Lüe 2 juan shou 1 juan 古今历代十八史略二卷首一卷 古今歷代十八史略二卷首一卷,(巻首題)古今歴代十八史略,13-14世紀,13-14世紀,(内框)17.0×11.9cm,A004313,,"書き入れあり, 裏打ち修復済み, 虫損あり","十八史略, 元槧十八史略",,,勤徳書堂刊,(元)曽先之編,B30966,,,http://tify.sub.uni-goettingen.de/demo.html?manifest=https://archdataset.dl.itc.u-tokyo.ac.jp/manifest/0670647a-064d-430b-8bce-4b17b859a0dc.json,0670647a-064d-430b-8bce-4b17b859a0dc,https://iiif.dl.itc.u-tokyo.ac.jp/repo/s/uparl/,https://iiif.dl.itc.u-tokyo.ac.jp/repo/s/asia/document/0670647a-064d-430b-8bce-4b17b859a0dc,https://www.lib.u-tokyo.ac.jp/ja/library/contents/archives-top/reuse,https://iiif.dl.itc.u-tokyo.ac.jp/repo/files/medium/a691ed81450b2fd1c71bf7ed8a93cd23bcace22d.jpg,https://iiif.dl.itc.u-tokyo.ac.jp/repo/api/items/186422,"東京大学附属図書館アジア研究図書館上廣倫理財団寄付研究部門 / Uehiro Project for the Asian Research Library in the University of Tokyo, JAPAN",http://iiif.io/api/presentation/2#rightToLeftDirection,,U-PARLセレクション,A004313-02,https://iiif.dl.itc.u-tokyo.ac.jp/repo/iiif/186422/manifest,,,,,82
曹全碑 [A005603],,,,,,,,,,,,,,,,,画帖装,A00-5603,,,(後漢)中平2年10月,30.6×15.6cm,,"徳川慶喜旧蔵, 東京大学総合図書館所蔵",1冊,,"東京帝国大学図書印, 紀伊徳川南葵文庫",拓本,石刻,曹全碑 Cao Quan bei 曹全碑 曹全碑,,,185年,,A005603,,,曹全之碑,,,,,B42664,,,http://tify.sub.uni-goettingen.de/demo.html?manifest=https://archdataset.dl.itc.u-tokyo.ac.jp/manifest/a5884509-5d92-94bd-0a60-3025d14b2e60.json,a5884509-5d92-94bd-0a60-3025d14b2e60,https://iiif.dl.itc.u-tokyo.ac.jp/repo/s/asia,https://iiif.dl.itc.u-tokyo.ac.jp/repo/s/asia/document/a5884509-5d92-94bd-0a60-3025d14b2e60,https://www.lib.u-tokyo.ac.jp/ja/library/contents/archives-top/reuse,https://iiif.dl.itc.u-tokyo.ac.jp/repo/files/medium/7db33e5ce4f7cc0bdab458459ed9a8b5af1270db.jpg,https://iiif.dl.itc.u-tokyo.ac.jp/repo/api/items/1070420,"東京大学附属図書館アジア研究図書館上廣倫理財団寄付研究部門 / Uehiro Project for the Asian Research Library in the University of Tokyo, JAPAN",http://iiif.io/api/presentation/2#rightToLeftDirection,,碑帖拓本コレクション,A005603-00,https://iiif.dl.itc.u-tokyo.ac.jp/repo/iiif/a5884509-5d92-94bd-0a60-3025d14b2e60/manifest,,,,,30
元氏長慶集 四十三至四十六 四十八 [A005824],,,,,,,,,,,,,,中国南宋時代に刊行された漢籍(部分)。青洲文庫。,,伊東祐相跋,蝴蝶装,A00-5824,60巻,"(南宋)孝宗朝, 光宗朝, 寧宗朝*",,25.9×18.2cm,13行行23字,"新見正路旧蔵, 浅野長祚旧蔵, 渡辺信旧蔵, 東京大学総合図書館所蔵",1冊,,"東京帝国大学図書印, 賜蘆文庫, 梅堂経眼, 不忍文庫, 浅野氏章, 子孫世昌, 青洲文庫, 新井文庫",印本,木版,元氏長慶集残五巻 Yuan Shi Changqing Ji can 5 juan 元氏长庆集残五卷 元氏長慶集殘五卷,(巻首題)元氏長慶集,1162-1224年*,779-831年,(内框)21.2×14.8cm,A005824,,"巻43-46, 48のみ存する, 裏打ち修復済み",,,"*東京大学附属図書館「東京大学総合図書館の漢籍とその旧蔵者たち」<a href=""http://www-old.lib.u-tokyo.ac.jp/tenjikai/tenjikai95/k27.html"" rel=""nofollow"">www-old.lib.u-tokyo.ac.jp/tenjikai/tenjikai95/k27.html</a>",,(唐)元稹撰,B3295,,,http://tify.sub.uni-goettingen.de/demo.html?manifest=https://archdataset.dl.itc.u-tokyo.ac.jp/manifest/4e83feb8-f9a8-4275-9263-a7446fb4bf35.json,4e83feb8-f9a8-4275-9263-a7446fb4bf35,https://iiif.dl.itc.u-tokyo.ac.jp/repo/s/uparl/,https://iiif.dl.itc.u-tokyo.ac.jp/repo/s/asia/document/4e83feb8-f9a8-4275-9263-a7446fb4bf35,https://www.lib.u-tokyo.ac.jp/ja/library/contents/archives-top/reuse,https://iiif.dl.itc.u-tokyo.ac.jp/repo/files/medium/a7b464a55cd98b53e56b0dc4c3d4149f570fa34c.jpg,https://iiif.dl.itc.u-tokyo.ac.jp/repo/api/items/186423,"東京大学附属図書館アジア研究図書館上廣倫理財団寄付研究部門 / Uehiro Project for the Asian Research Library in the University of Tokyo, JAPAN",http://iiif.io/api/presentation/2#rightToLeftDirection,,U-PARLセレクション,A005824-00,https://iiif.dl.itc.u-tokyo.ac.jp/repo/iiif/186423/manifest,,,,,31
増広竜龕手鑑 一 [A005902-01],,,,,,,,,,,,,,日本古活字本の漢籍。南葵文庫。,,,"線装, 四針眼釘法",A00-5902,8巻,(日本)元和年間,(遼)統和15年,27.0×19.8cm,10行行16字,"小中村清矩旧蔵, 徳川慶喜旧蔵, 東京大学総合図書館所蔵",7冊,,"東京帝国大学図書印, 紀伊徳川南葵文庫, 陽春廬記",印本,古活字版,増広竜龕手鑑八巻 Zengguang Longkan Shoujian 8 juan 增广龙龛手鉴八卷 增廣龍龕手鑑八卷,"(巻首題)竜龕手鑑, (巻六首題)増広竜龕手鑑",1615-1624年,997年,(内框)23.0×16.9cm,A005902,,"虫損あり, シミあり",,,,,(遼)行均撰,B45901,(日本)元和年間,1615-1624年,http://tify.sub.uni-goettingen.de/demo.html?manifest=https://archdataset.dl.itc.u-tokyo.ac.jp/manifest/01651af9-fad6-4902-afb0-de0b2e89f669.json,01651af9-fad6-4902-afb0-de0b2e89f669,https://iiif.dl.itc.u-tokyo.ac.jp/repo/s/uparl/,https://iiif.dl.itc.u-tokyo.ac.jp/repo/s/asia/document/01651af9-fad6-4902-afb0-de0b2e89f669,https://www.lib.u-tokyo.ac.jp/ja/library/contents/archives-top/reuse,https://iiif.dl.itc.u-tokyo.ac.jp/repo/files/medium/c9ca194be7fa9e53f8655b7042524a24d4bba30d.jpg,https://iiif.dl.itc.u-tokyo.ac.jp/repo/api/items/186424,"東京大学附属図書館アジア研究図書館上廣倫理財団寄付研究部門 / Uehiro Project for the Asian Research Library in the University of Tokyo, JAPAN",http://iiif.io/api/presentation/2#rightToLeftDirection,,U-PARLセレクション,A005902-01,https://iiif.dl.itc.u-tokyo.ac.jp/repo/iiif/186424/manifest,,,,,81
増広竜龕手鑑 二 [A005902-02],,,,,,,,,,,,,,日本古活字本の漢籍。南葵文庫。,,,"線装, 四針眼釘法",A00-5902,8巻,(日本)元和年間,(遼)統和15年,27.0×19.8cm,10行行16字,"小中村清矩旧蔵, 徳川慶喜旧蔵, 東京大学総合図書館所蔵",7冊,,"東京帝国大学図書印, 紀伊徳川南葵文庫, 陽春廬記",印本,古活字版,増広竜龕手鑑八巻 Zengguang Longkan Shoujian 8 juan 增广龙龛手鉴八卷 增廣龍龕手鑑八卷,"(巻首題)竜龕手鑑, (巻六首題)増広竜龕手鑑",1615-1624年,997年,(内框)23.0×16.9cm,A005902,,"虫損あり, シミあり",,,,,(遼)行均撰,B45901,(日本)元和年間,1615-1624年,http://tify.sub.uni-goettingen.de/demo.html?manifest=https://archdataset.dl.itc.u-tokyo.ac.jp/manifest/d794becc-5366-4baa-b1fa-925f238c9757.json,d794becc-5366-4baa-b1fa-925f238c9757,https://iiif.dl.itc.u-tokyo.ac.jp/repo/s/uparl/,https://iiif.dl.itc.u-tokyo.ac.jp/repo/s/asia/document/d794becc-5366-4baa-b1fa-925f238c9757,https://www.lib.u-tokyo.ac.jp/ja/library/contents/archives-top/reuse,https://iiif.dl.itc.u-tokyo.ac.jp/repo/files/medium/376fbb320dcd0d78af3e6401fb4eb1619ec6f247.jpg,https://iiif.dl.itc.u-tokyo.ac.jp/repo/api/items/186425,"東京大学附属図書館アジア研究図書館上廣倫理財団寄付研究部門 / Uehiro Project for the Asian Research Library in the University of Tokyo, JAPAN",http://iiif.io/api/presentation/2#rightToLeftDirection,,U-PARLセレクション,A005902-02,https://iiif.dl.itc.u-tokyo.ac.jp/repo/iiif/186425/manifest,,,,,78
増広竜龕手鑑 三 [A005902-03],,,,,,,,,,,,,,日本古活字本の漢籍。南葵文庫。,,,"線装, 四針眼釘法",A00-5902,8巻,(日本)元和年間,(遼)統和15年,27.0×19.8cm,10行行16字,"小中村清矩旧蔵, 徳川慶喜旧蔵, 東京大学総合図書館所蔵",7冊,,"東京帝国大学図書印, 紀伊徳川南葵文庫, 陽春廬記",印本,古活字版,増広竜龕手鑑八巻 Zengguang Longkan Shoujian 8 juan 增广龙龛手鉴八卷 增廣龍龕手鑑八卷,"(巻首題)竜龕手鑑, (巻六首題)増広竜龕手鑑",1615-1624年,997年,(内框)23.0×16.9cm,A005902,,"虫損あり, シミあり",,,,,(遼)行均撰,B45901,(日本)元和年間,1615-1624年,http://tify.sub.uni-goettingen.de/demo.html?manifest=https://archdataset.dl.itc.u-tokyo.ac.jp/manifest/2c45cdd0-2f49-4774-aad9-4c51d889c0be.json,2c45cdd0-2f49-4774-aad9-4c51d889c0be,https://iiif.dl.itc.u-tokyo.ac.jp/repo/s/uparl/,https://iiif.dl.itc.u-tokyo.ac.jp/repo/s/asia/document/2c45cdd0-2f49-4774-aad9-4c51d889c0be,https://www.lib.u-tokyo.ac.jp/ja/library/contents/archives-top/reuse,https://iiif.dl.itc.u-tokyo.ac.jp/repo/files/medium/d1b06c53d9e4606abbbdacecbab604bf205fba36.jpg,https://iiif.dl.itc.u-tokyo.ac.jp/repo/api/items/186426,"東京大学附属図書館アジア研究図書館上廣倫理財団寄付研究部門 / Uehiro Project for the Asian Research Library in the University of Tokyo, JAPAN",http://iiif.io/api/presentation/2#rightToLeftDirection,,U-PARLセレクション,A005902-03,https://iiif.dl.itc.u-tokyo.ac.jp/repo/iiif/186426/manifest,,,,,95
増広竜龕手鑑 四 [A005902-04],,,,,,,,,,,,,,日本古活字本の漢籍。南葵文庫。,,,"線装, 四針眼釘法",A00-5902,8巻,(日本)元和年間,(遼)統和15年,27.0×19.8cm,10行行16字,"小中村清矩旧蔵, 徳川慶喜旧蔵, 東京大学総合図書館所蔵",7冊,,"東京帝国大学図書印, 紀伊徳川南葵文庫, 陽春廬記",印本,古活字版,増広竜龕手鑑八巻 Zengguang Longkan Shoujian 8 juan 增广龙龛手鉴八卷 增廣龍龕手鑑八卷,"(巻首題)竜龕手鑑, (巻六首題)増広竜龕手鑑",1615-1624年,997年,(内框)23.0×16.9cm,A005902,,"虫損あり, シミあり",,,,,(遼)行均撰,B45901,(日本)元和年間,1615-1624年,http://tify.sub.uni-goettingen.de/demo.html?manifest=https://archdataset.dl.itc.u-tokyo.ac.jp/manifest/e02e9f81-fa2a-4d76-b916-371e6d50b9ed.json,e02e9f81-fa2a-4d76-b916-371e6d50b9ed,https://iiif.dl.itc.u-tokyo.ac.jp/repo/s/uparl/,https://iiif.dl.itc.u-tokyo.ac.jp/repo/s/asia/document/e02e9f81-fa2a-4d76-b916-371e6d50b9ed,https://www.lib.u-tokyo.ac.jp/ja/library/contents/archives-top/reuse,https://iiif.dl.itc.u-tokyo.ac.jp/repo/files/medium/572508121d128052ec32491cada92a5a213e2d69.jpg,https://iiif.dl.itc.u-tokyo.ac.jp/repo/api/items/186427,"東京大学附属図書館アジア研究図書館上廣倫理財団寄付研究部門 / Uehiro Project for the Asian Research Library in the University of Tokyo, JAPAN",http://iiif.io/api/presentation/2#rightToLeftDirection,,U-PARLセレクション,A005902-04,https://iiif.dl.itc.u-tokyo.ac.jp/repo/iiif/186427/manifest,,,,,94
増広竜龕手鑑 五 [A005902-05],,,,,,,,,,,,,,日本古活字本の漢籍。南葵文庫。,,,"線装, 四針眼釘法",A00-5902,8巻,(日本)元和年間,(遼)統和15年,27.0×19.8cm,10行行16字,"小中村清矩旧蔵, 徳川慶喜旧蔵, 東京大学総合図書館所蔵",7冊,,"東京帝国大学図書印, 紀伊徳川南葵文庫, 陽春廬記",印本,古活字版,増広竜龕手鑑八巻 Zengguang Longkan Shoujian 8 juan 增广龙龛手鉴八卷 增廣龍龕手鑑八卷,"(巻首題)竜龕手鑑, (巻六首題)増広竜龕手鑑",1615-1624年,997年,(内框)23.0×16.9cm,A005902,,"虫損あり, シミあり",,,,,(遼)行均撰,B45901,(日本)元和年間,1615-1624年,http://tify.sub.uni-goettingen.de/demo.html?manifest=https://archdataset.dl.itc.u-tokyo.ac.jp/manifest/ce28884f-5a96-4d46-8a8a-9fe623789e1c.json,ce28884f-5a96-4d46-8a8a-9fe623789e1c,https://iiif.dl.itc.u-tokyo.ac.jp/repo/s/uparl/,https://iiif.dl.itc.u-tokyo.ac.jp/repo/s/asia/document/ce28884f-5a96-4d46-8a8a-9fe623789e1c,https://www.lib.u-tokyo.ac.jp/ja/library/contents/archives-top/reuse,https://iiif.dl.itc.u-tokyo.ac.jp/repo/files/medium/6dab5c87d7abfd36897a7c710f2ca816bfc3efbc.jpg,https://iiif.dl.itc.u-tokyo.ac.jp/repo/api/items/186428,"東京大学附属図書館アジア研究図書館上廣倫理財団寄付研究部門 / Uehiro Project for the Asian Research Library in the University of Tokyo, JAPAN",http://iiif.io/api/presentation/2#rightToLeftDirection,,U-PARLセレクション,A005902-05,https://iiif.dl.itc.u-tokyo.ac.jp/repo/iiif/186428/manifest,,,,,106
増広竜龕手鑑 六 七 [A005902-06],,,,,,,,,,,,,,日本古活字本の漢籍。南葵文庫。,,,"線装, 四針眼釘法",A00-5902,8巻,(日本)元和年間,(遼)統和15年,27.0×19.8cm,10行行16字,"小中村清矩旧蔵, 徳川慶喜旧蔵, 東京大学総合図書館所蔵",7冊,,"東京帝国大学図書印, 紀伊徳川南葵文庫, 陽春廬記",印本,古活字版,増広竜龕手鑑八巻 Zengguang Longkan Shoujian 8 juan 增广龙龛手鉴八卷 增廣龍龕手鑑八卷,"(巻首題)竜龕手鑑, (巻六首題)増広竜龕手鑑",1615-1624年,997年,(内框)23.0×16.9cm,A005902,,"虫損あり, シミあり",,,,,(遼)行均撰,B45901,(日本)元和年間,1615-1624年,http://tify.sub.uni-goettingen.de/demo.html?manifest=https://archdataset.dl.itc.u-tokyo.ac.jp/manifest/f49833d4-dd9c-4dac-ae9d-2fde833954cc.json,f49833d4-dd9c-4dac-ae9d-2fde833954cc,https://iiif.dl.itc.u-tokyo.ac.jp/repo/s/uparl/,https://iiif.dl.itc.u-tokyo.ac.jp/repo/s/asia/document/f49833d4-dd9c-4dac-ae9d-2fde833954cc,https://www.lib.u-tokyo.ac.jp/ja/library/contents/archives-top/reuse,https://iiif.dl.itc.u-tokyo.ac.jp/repo/files/medium/3e0e4cceb7f67b2a654e0ca190209e829893a461.jpg,https://iiif.dl.itc.u-tokyo.ac.jp/repo/api/items/186429,"東京大学附属図書館アジア研究図書館上廣倫理財団寄付研究部門 / Uehiro Project for the Asian Research Library in the University of Tokyo, JAPAN",http://iiif.io/api/presentation/2#rightToLeftDirection,,U-PARLセレクション,A005902-06,https://iiif.dl.itc.u-tokyo.ac.jp/repo/iiif/186429/manifest,,,,,102
増広竜龕手鑑 八 [A005902-07],,,,,,,,,,,,,,日本古活字本の漢籍。南葵文庫。,,,"線装, 四針眼釘法",A00-5902,8巻,(日本)元和年間,(遼)統和15年,27.0×19.8cm,10行行16字,"小中村清矩旧蔵, 徳川慶喜旧蔵, 東京大学総合図書館所蔵",7冊,,"東京帝国大学図書印, 紀伊徳川南葵文庫, 陽春廬記",印本,古活字版,増広竜龕手鑑八巻 Zengguang Longkan Shoujian 8 juan 增广龙龛手鉴八卷 增廣龍龕手鑑八卷,"(巻首題)竜龕手鑑, (巻六首題)増広竜龕手鑑",1615-1624年,997年,(内框)23.0×16.9cm,A005902,,"虫損あり, シミあり",,,,,(遼)行均撰,B45901,(日本)元和年間,1615-1624年,http://tify.sub.uni-goettingen.de/demo.html?manifest=https://archdataset.dl.itc.u-tokyo.ac.jp/manifest/5cab7665-69a3-4729-9f49-5172d4941629.json,5cab7665-69a3-4729-9f49-5172d4941629,https://iiif.dl.itc.u-tokyo.ac.jp/repo/s/uparl/,https://iiif.dl.itc.u-tokyo.ac.jp/repo/s/asia/document/5cab7665-69a3-4729-9f49-5172d4941629,https://www.lib.u-tokyo.ac.jp/ja/library/contents/archives-top/reuse,https://iiif.dl.itc.u-tokyo.ac.jp/repo/files/medium/390e62ac6bb73079d3e0ff232391526d56cab7d1.jpg,https://iiif.dl.itc.u-tokyo.ac.jp/repo/api/items/186430,"東京大学附属図書館アジア研究図書館上廣倫理財団寄付研究部門 / Uehiro Project for the Asian Research Library in the University of Tokyo, JAPAN",http://iiif.io/api/presentation/2#rightToLeftDirection,,U-PARLセレクション,A005902-07,https://iiif.dl.itc.u-tokyo.ac.jp/repo/iiif/186430/manifest,,,,,101
星鳳楼帖 子 [A005935-01],,,,,,,,,,,,,,総合図書館、南葵文庫。中国・明末に編纂された法帖。,,,画帖装,A00-5935,12巻,,明末期*,32.8×19.9cm,,"徳川慶喜旧蔵, 東京大学総合図書館所蔵",12冊,,"東京帝国大学図書印, 旧和歌山徳川氏蔵, 紀伊徳川南葵文庫",拓本,石刻,星鳳楼帖十二巻 Xingfenglou Tie 12 juan 星凤楼帖十二卷 星鳳樓帖十二卷,(巻首題)星鳳楼帖,,16-17世紀*,,A005935,,,,,"*宇野雪村『法帖事典』上 : 本論編, 東京, 雄山閣, 1984, pp.84-85",,,,,,http://tify.sub.uni-goettingen.de/demo.html?manifest=https://archdataset.dl.itc.u-tokyo.ac.jp/manifest/5c0fb38a-56b5-4429-a781-f58f439b3485.json,5c0fb38a-56b5-4429-a781-f58f439b3485,https://iiif.dl.itc.u-tokyo.ac.jp/repo/s/uparl/,https://iiif.dl.itc.u-tokyo.ac.jp/repo/s/asia/document/5c0fb38a-56b5-4429-a781-f58f439b3485,https://www.lib.u-tokyo.ac.jp/ja/library/contents/archives-top/reuse,https://iiif.dl.itc.u-tokyo.ac.jp/repo/files/medium/f25820316cc5921a043e35c566eced8fc5c644c1.jpg,https://iiif.dl.itc.u-tokyo.ac.jp/repo/api/items/167776,"東京大学附属図書館アジア研究図書館上廣倫理財団寄付研究部門 / Uehiro Project for the Asian Research Library in the University of Tokyo, JAPAN",http://iiif.io/api/presentation/2#rightToLeftDirection,,碑帖拓本コレクション,A005935-01,https://iiif.dl.itc.u-tokyo.ac.jp/repo/iiif/167776/manifest,,,,,20
星鳳楼帖 丑 [A005935-02],,,,,,,,,,,,,,総合図書館、南葵文庫。中国・明末に編纂された法帖。,,,画帖装,A00-5935,12巻,,明末期*,32.8×19.9cm,,"徳川慶喜旧蔵, 東京大学総合図書館所蔵",12冊,,"東京帝国大学図書印, 旧和歌山徳川氏蔵, 紀伊徳川南葵文庫",拓本,石刻,星鳳楼帖十二巻 Xingfenglou Tie 12 juan 星凤楼帖十二卷 星鳳樓帖十二卷,(巻首題)星鳳楼帖,,16-17世紀*,,A005935,,,,,"*宇野雪村『法帖事典』上 : 本論編, 東京, 雄山閣, 1984, pp.84-85",,,,,,http://tify.sub.uni-goettingen.de/demo.html?manifest=https://archdataset.dl.itc.u-tokyo.ac.jp/manifest/a1311f89-db6f-4d3a-b8fd-9081bcad72e9.json,a1311f89-db6f-4d3a-b8fd-9081bcad72e9,https://iiif.dl.itc.u-tokyo.ac.jp/repo/s/uparl/,https://iiif.dl.itc.u-tokyo.ac.jp/repo/s/asia/document/a1311f89-db6f-4d3a-b8fd-9081bcad72e9,https://www.lib.u-tokyo.ac.jp/ja/library/contents/archives-top/reuse,https://iiif.dl.itc.u-tokyo.ac.jp/repo/files/medium/ade680cbee468269a98ff82a6c887be3efe0eec3.jpg,https://iiif.dl.itc.u-tokyo.ac.jp/repo/api/items/167777,"東京大学附属図書館アジア研究図書館上廣倫理財団寄付研究部門 / Uehiro Project for the Asian Research Library in the University of Tokyo, JAPAN",http://iiif.io/api/presentation/2#rightToLeftDirection,,碑帖拓本コレクション,A005935-02,https://iiif.dl.itc.u-tokyo.ac.jp/repo/iiif/167777/manifest,,,,,19
星鳳楼帖 寅 [A005935-03],,,,,,,,,,,,,,総合図書館、南葵文庫。中国・明末に編纂された法帖。,,,画帖装,A00-5935,12巻,,明末期*,32.8×19.9cm,,"徳川慶喜旧蔵, 東京大学総合図書館所蔵",12冊,,"東京帝国大学図書印, 旧和歌山徳川氏蔵, 紀伊徳川南葵文庫",拓本,石刻,星鳳楼帖十二巻 Xingfenglou Tie 12 juan 星凤楼帖十二卷 星鳳樓帖十二卷,(巻首題)星鳳楼帖,,16-17世紀*,,A005935,,,,,"*宇野雪村『法帖事典』上 : 本論編, 東京, 雄山閣, 1984, pp.84-85",,,,,,http://tify.sub.uni-goettingen.de/demo.html?manifest=https://archdataset.dl.itc.u-tokyo.ac.jp/manifest/bb01b485-5686-4175-8bc8-77de799d4718.json,bb01b485-5686-4175-8bc8-77de799d4718,https://iiif.dl.itc.u-tokyo.ac.jp/repo/s/uparl/,https://iiif.dl.itc.u-tokyo.ac.jp/repo/s/asia/document/bb01b485-5686-4175-8bc8-77de799d4718,https://www.lib.u-tokyo.ac.jp/ja/library/contents/archives-top/reuse,https://iiif.dl.itc.u-tokyo.ac.jp/repo/files/medium/210c32d2e550e2af39e34b93212d8e548b878081.jpg,https://iiif.dl.itc.u-tokyo.ac.jp/repo/api/items/167778,"東京大学附属図書館アジア研究図書館上廣倫理財団寄付研究部門 / Uehiro Project for the Asian Research Library in the University of Tokyo, JAPAN",http://iiif.io/api/presentation/2#rightToLeftDirection,,碑帖拓本コレクション,A005935-03,https://iiif.dl.itc.u-tokyo.ac.jp/repo/iiif/167778/manifest,,,,,20
星鳳楼帖 卯 [A005935-04],,,,,,,,,,,,,,総合図書館、南葵文庫。中国・明末に編纂された法帖。,,,画帖装,A00-5935,12巻,,明末期*,32.8×19.9cm,,"徳川慶喜旧蔵, 東京大学総合図書館所蔵",12冊,,"東京帝国大学図書印, 旧和歌山徳川氏蔵, 紀伊徳川南葵文庫",拓本,石刻,星鳳楼帖十二巻 Xingfenglou Tie 12 juan 星凤楼帖十二卷 星鳳樓帖十二卷,(巻首題)星鳳楼帖,,16-17世紀*,,A005935,,,,,"*宇野雪村『法帖事典』上 : 本論編, 東京, 雄山閣, 1984, pp.84-85",,,,,,http://tify.sub.uni-goettingen.de/demo.html?manifest=https://archdataset.dl.itc.u-tokyo.ac.jp/manifest/f30080b8-e0fc-448f-bf27-b3c6f1a9323b.json,f30080b8-e0fc-448f-bf27-b3c6f1a9323b,https://iiif.dl.itc.u-tokyo.ac.jp/repo/s/uparl/,https://iiif.dl.itc.u-tokyo.ac.jp/repo/s/asia/document/f30080b8-e0fc-448f-bf27-b3c6f1a9323b,https://www.lib.u-tokyo.ac.jp/ja/library/contents/archives-top/reuse,https://iiif.dl.itc.u-tokyo.ac.jp/repo/files/medium/877cdc5a8843d66f61b31462436f3cca750c65a3.jpg,https://iiif.dl.itc.u-tokyo.ac.jp/repo/api/items/167779,"東京大学附属図書館アジア研究図書館上廣倫理財団寄付研究部門 / Uehiro Project for the Asian Research Library in the University of Tokyo, JAPAN",http://iiif.io/api/presentation/2#rightToLeftDirection,,碑帖拓本コレクション,A005935-04,https://iiif.dl.itc.u-tokyo.ac.jp/repo/iiif/167779/manifest,,,,,18
星鳳楼帖 辰 [A005935-05],,,,,,,,,,,,,,総合図書館、南葵文庫。中国・明末に編纂された法帖。,,,画帖装,A00-5935,12巻,,明末期*,32.8×19.9cm,,"徳川慶喜旧蔵, 東京大学総合図書館所蔵",12冊,,"東京帝国大学図書印, 旧和歌山徳川氏蔵, 紀伊徳川南葵文庫",拓本,石刻,星鳳楼帖十二巻 Xingfenglou Tie 12 juan 星凤楼帖十二卷 星鳳樓帖十二卷,(巻首題)星鳳楼帖,,16-17世紀*,,A005935,,,,,"*宇野雪村『法帖事典』上 : 本論編, 東京, 雄山閣, 1984, pp.84-85",,,,,,http://tify.sub.uni-goettingen.de/demo.html?manifest=https://archdataset.dl.itc.u-tokyo.ac.jp/manifest/3f7874e7-eabb-41c8-a277-98c2267deebc.json,3f7874e7-eabb-41c8-a277-98c2267deebc,https://iiif.dl.itc.u-tokyo.ac.jp/repo/s/uparl/,https://iiif.dl.itc.u-tokyo.ac.jp/repo/s/asia/document/3f7874e7-eabb-41c8-a277-98c2267deebc,https://www.lib.u-tokyo.ac.jp/ja/library/contents/archives-top/reuse,https://iiif.dl.itc.u-tokyo.ac.jp/repo/files/medium/80bd761ef490bfb603c4c3de5a533f80ed4a6367.jpg,https://iiif.dl.itc.u-tokyo.ac.jp/repo/api/items/167780,"東京大学附属図書館アジア研究図書館上廣倫理財団寄付研究部門 / Uehiro Project for the Asian Research Library in the University of Tokyo, JAPAN",http://iiif.io/api/presentation/2#rightToLeftDirection,,碑帖拓本コレクション,A005935-05,https://iiif.dl.itc.u-tokyo.ac.jp/repo/iiif/167780/manifest,,,,,22
星鳳楼帖 巳 [A005935-06],,,,,,,,,,,,,,総合図書館、南葵文庫。中国・明末に編纂された法帖。,,,画帖装,A00-5935,12巻,,明末期*,32.8×19.9cm,,"徳川慶喜旧蔵, 東京大学総合図書館所蔵",12冊,,"東京帝国大学図書印, 旧和歌山徳川氏蔵, 紀伊徳川南葵文庫",拓本,石刻,星鳳楼帖十二巻 Xingfenglou Tie 12 juan 星凤楼帖十二卷 星鳳樓帖十二卷,(巻首題)星鳳楼帖,,16-17世紀*,,A005935,,,,,"*宇野雪村『法帖事典』上 : 本論編, 東京, 雄山閣, 1984, pp.84-85",,,,,,http://tify.sub.uni-goettingen.de/demo.html?manifest=https://archdataset.dl.itc.u-tokyo.ac.jp/manifest/1d5e9e9f-1b76-4415-b796-192b7fd3950e.json,1d5e9e9f-1b76-4415-b796-192b7fd3950e,https://iiif.dl.itc.u-tokyo.ac.jp/repo/s/uparl/,https://iiif.dl.itc.u-tokyo.ac.jp/repo/s/asia/document/1d5e9e9f-1b76-4415-b796-192b7fd3950e,https://www.lib.u-tokyo.ac.jp/ja/library/contents/archives-top/reuse,https://iiif.dl.itc.u-tokyo.ac.jp/repo/files/medium/d0e00b3e579ad6a616d037175889afaba1c3ae59.jpg,https://iiif.dl.itc.u-tokyo.ac.jp/repo/api/items/167781,"東京大学附属図書館アジア研究図書館上廣倫理財団寄付研究部門 / Uehiro Project for the Asian Research Library in the University of Tokyo, JAPAN",http://iiif.io/api/presentation/2#rightToLeftDirection,,碑帖拓本コレクション,A005935-06,https://iiif.dl.itc.u-tokyo.ac.jp/repo/iiif/167781/manifest,,,,,16
星鳳楼帖 午 [A005935-07],,,,,,,,,,,,,,総合図書館、南葵文庫。中国・明末に編纂された法帖。,,,画帖装,A00-5935,12巻,,明末期*,32.8×19.9cm,,"徳川慶喜旧蔵, 東京大学総合図書館所蔵",12冊,,"東京帝国大学図書印, 旧和歌山徳川氏蔵, 紀伊徳川南葵文庫",拓本,石刻,星鳳楼帖十二巻 Xingfenglou Tie 12 juan 星凤楼帖十二卷 星鳳樓帖十二卷,(巻首題)星鳳楼帖,,16-17世紀*,,A005935,,,,,"*宇野雪村『法帖事典』上 : 本論編, 東京, 雄山閣, 1984, pp.84-85",,,,,,http://tify.sub.uni-goettingen.de/demo.html?manifest=https://archdataset.dl.itc.u-tokyo.ac.jp/manifest/6bd1ea8d-8bf2-4452-9c1e-f5e7a03ac76e.json,6bd1ea8d-8bf2-4452-9c1e-f5e7a03ac76e,https://iiif.dl.itc.u-tokyo.ac.jp/repo/s/uparl/,https://iiif.dl.itc.u-tokyo.ac.jp/repo/s/asia/document/6bd1ea8d-8bf2-4452-9c1e-f5e7a03ac76e,https://www.lib.u-tokyo.ac.jp/ja/library/contents/archives-top/reuse,https://iiif.dl.itc.u-tokyo.ac.jp/repo/files/medium/2aeb848a997ef7a35dc67178f9fcc386dd69b005.jpg,https://iiif.dl.itc.u-tokyo.ac.jp/repo/api/items/167782,"東京大学附属図書館アジア研究図書館上廣倫理財団寄付研究部門 / Uehiro Project for the Asian Research Library in the University of Tokyo, JAPAN",http://iiif.io/api/presentation/2#rightToLeftDirection,,碑帖拓本コレクション,A005935-07,https://iiif.dl.itc.u-tokyo.ac.jp/repo/iiif/167782/manifest,,,,,19
星鳳楼帖 未 [A005935-08],,,,,,,,,,,,,,総合図書館、南葵文庫。中国・明末に編纂された法帖。,,,画帖装,A00-5935,12巻,,明末期*,32.8×19.9cm,,"徳川慶喜旧蔵, 東京大学総合図書館所蔵",12冊,,"東京帝国大学図書印, 旧和歌山徳川氏蔵, 紀伊徳川南葵文庫",拓本,石刻,星鳳楼帖十二巻 Xingfenglou Tie 12 juan 星凤楼帖十二卷 星鳳樓帖十二卷,(巻首題)星鳳楼帖,,16-17世紀*,,A005935,,,,,"*宇野雪村『法帖事典』上 : 本論編, 東京, 雄山閣, 1984, pp.84-85",,,,,,http://tify.sub.uni-goettingen.de/demo.html?manifest=https://archdataset.dl.itc.u-tokyo.ac.jp/manifest/7e4417f6-9f27-4a62-b1a6-261d86009f99.json,7e4417f6-9f27-4a62-b1a6-261d86009f99,https://iiif.dl.itc.u-tokyo.ac.jp/repo/s/uparl/,https://iiif.dl.itc.u-tokyo.ac.jp/repo/s/asia/document/7e4417f6-9f27-4a62-b1a6-261d86009f99,https://www.lib.u-tokyo.ac.jp/ja/library/contents/archives-top/reuse,https://iiif.dl.itc.u-tokyo.ac.jp/repo/files/medium/ec90500aaa21ff3aca6d20b7d616501f70be0fcf.jpg,https://iiif.dl.itc.u-tokyo.ac.jp/repo/api/items/167783,"東京大学附属図書館アジア研究図書館上廣倫理財団寄付研究部門 / Uehiro Project for the Asian Research Library in the University of Tokyo, JAPAN",http://iiif.io/api/presentation/2#rightToLeftDirection,,碑帖拓本コレクション,A005935-08,https://iiif.dl.itc.u-tokyo.ac.jp/repo/iiif/167783/manifest,,,,,18
星鳳楼帖 申 [A005935-09],,,,,,,,,,,,,,総合図書館、南葵文庫。中国・明末に編纂された法帖。,,,画帖装,A00-5935,12巻,,明末期*,32.8×19.9cm,,"徳川慶喜旧蔵, 東京大学総合図書館所蔵",12冊,,"東京帝国大学図書印, 旧和歌山徳川氏蔵, 紀伊徳川南葵文庫",拓本,石刻,星鳳楼帖十二巻 Xingfenglou Tie 12 juan 星凤楼帖十二卷 星鳳樓帖十二卷,(巻首題)星鳳楼帖,,16-17世紀*,,A005935,,,,,"*宇野雪村『法帖事典』上 : 本論編, 東京, 雄山閣, 1984, pp.84-85",,,,,,http://tify.sub.uni-goettingen.de/demo.html?manifest=https://archdataset.dl.itc.u-tokyo.ac.jp/manifest/c8f7098c-3af9-4c1f-9b96-8c5bcba6f312.json,c8f7098c-3af9-4c1f-9b96-8c5bcba6f312,https://iiif.dl.itc.u-tokyo.ac.jp/repo/s/uparl/,https://iiif.dl.itc.u-tokyo.ac.jp/repo/s/asia/document/c8f7098c-3af9-4c1f-9b96-8c5bcba6f312,https://www.lib.u-tokyo.ac.jp/ja/library/contents/archives-top/reuse,https://iiif.dl.itc.u-tokyo.ac.jp/repo/files/medium/8b3e8bccaeb2339a64f5fde4dfd43e2005a97254.jpg,https://iiif.dl.itc.u-tokyo.ac.jp/repo/api/items/167784,"東京大学附属図書館アジア研究図書館上廣倫理財団寄付研究部門 / Uehiro Project for the Asian Research Library in the University of Tokyo, JAPAN",http://iiif.io/api/presentation/2#rightToLeftDirection,,碑帖拓本コレクション,A005935-09,https://iiif.dl.itc.u-tokyo.ac.jp/repo/iiif/167784/manifest,,,,,19
星鳳楼帖 酉 [A005935-10],,,,,,,,,,,,,,総合図書館、南葵文庫。中国・明末に編纂された法帖。,,,画帖装,A00-5935,12巻,,明末期*,32.8×19.9cm,,"徳川慶喜旧蔵, 東京大学総合図書館所蔵",12冊,,"東京帝国大学図書印, 旧和歌山徳川氏蔵, 紀伊徳川南葵文庫",拓本,石刻,星鳳楼帖十二巻 Xingfenglou Tie 12 juan 星凤楼帖十二卷 星鳳樓帖十二卷,(巻首題)星鳳楼帖,,16-17世紀*,,A005935,,,,,"*宇野雪村『法帖事典』上 : 本論編, 東京, 雄山閣, 1984, pp.84-85",,,,,,http://tify.sub.uni-goettingen.de/demo.html?manifest=https://archdataset.dl.itc.u-tokyo.ac.jp/manifest/a8cffe8e-aa4e-4fa6-a1ee-813596a31e29.json,a8cffe8e-aa4e-4fa6-a1ee-813596a31e29,https://iiif.dl.itc.u-tokyo.ac.jp/repo/s/uparl/,https://iiif.dl.itc.u-tokyo.ac.jp/repo/s/asia/document/a8cffe8e-aa4e-4fa6-a1ee-813596a31e29,https://www.lib.u-tokyo.ac.jp/ja/library/contents/archives-top/reuse,https://iiif.dl.itc.u-tokyo.ac.jp/repo/files/medium/7cbabe16f9a8236291d9b179c5a41f4a7d36746b.jpg,https://iiif.dl.itc.u-tokyo.ac.jp/repo/api/items/167785,"東京大学附属図書館アジア研究図書館上廣倫理財団寄付研究部門 / Uehiro Project for the Asian Research Library in the University of Tokyo, JAPAN",http://iiif.io/api/presentation/2#rightToLeftDirection,,碑帖拓本コレクション,A005935-10,https://iiif.dl.itc.u-tokyo.ac.jp/repo/iiif/167785/manifest,,,,,18
星鳳楼帖 戌 [A005935-11],,,,,,,,,,,,,,総合図書館、南葵文庫。中国・明末に編纂された法帖。,,,画帖装,A00-5935,12巻,,明末期*,32.8×19.9cm,,"徳川慶喜旧蔵, 東京大学総合図書館所蔵",12冊,,"東京帝国大学図書印, 旧和歌山徳川氏蔵, 紀伊徳川南葵文庫",拓本,石刻,星鳳楼帖十二巻 Xingfenglou Tie 12 juan 星凤楼帖十二卷 星鳳樓帖十二卷,(巻首題)星鳳楼帖,,16-17世紀*,,A005935,,,,,"*宇野雪村『法帖事典』上 : 本論編, 東京, 雄山閣, 1984, pp.84-85",,,,,,http://tify.sub.uni-goettingen.de/demo.html?manifest=https://archdataset.dl.itc.u-tokyo.ac.jp/manifest/63266b78-b443-4113-aa79-006271fc7df2.json,63266b78-b443-4113-aa79-006271fc7df2,https://iiif.dl.itc.u-tokyo.ac.jp/repo/s/uparl/,https://iiif.dl.itc.u-tokyo.ac.jp/repo/s/asia/document/63266b78-b443-4113-aa79-006271fc7df2,https://www.lib.u-tokyo.ac.jp/ja/library/contents/archives-top/reuse,https://iiif.dl.itc.u-tokyo.ac.jp/repo/files/medium/2e6be773aac998424300af00866f7bea43c803d4.jpg,https://iiif.dl.itc.u-tokyo.ac.jp/repo/api/items/167786,"東京大学附属図書館アジア研究図書館上廣倫理財団寄付研究部門 / Uehiro Project for the Asian Research Library in the University of Tokyo, JAPAN",http://iiif.io/api/presentation/2#rightToLeftDirection,,碑帖拓本コレクション,A005935-11,https://iiif.dl.itc.u-tokyo.ac.jp/repo/iiif/167786/manifest,,,,,16
星鳳楼帖 亥 [A005935-12],,,,,,,,,,,,,,総合図書館、南葵文庫。中国・明末に編纂された法帖。,,,画帖装,A00-5935,12巻,,明末期*,32.8×19.9cm,,"徳川慶喜旧蔵, 東京大学総合図書館所蔵",12冊,,"東京帝国大学図書印, 旧和歌山徳川氏蔵, 紀伊徳川南葵文庫",拓本,石刻,星鳳楼帖十二巻 Xingfenglou Tie 12 juan 星凤楼帖十二卷 星鳳樓帖十二卷,(巻首題)星鳳楼帖,,16-17世紀*,,A005935,,,,,"*宇野雪村『法帖事典』上 : 本論編, 東京, 雄山閣, 1984, pp.84-85",,,,,,http://tify.sub.uni-goettingen.de/demo.html?manifest=https://archdataset.dl.itc.u-tokyo.ac.jp/manifest/63584f62-96fd-4bb9-849b-083898dcc30f.json,63584f62-96fd-4bb9-849b-083898dcc30f,https://iiif.dl.itc.u-tokyo.ac.jp/repo/s/uparl/,https://iiif.dl.itc.u-tokyo.ac.jp/repo/s/asia/document/63584f62-96fd-4bb9-849b-083898dcc30f,https://www.lib.u-tokyo.ac.jp/ja/library/contents/archives-top/reuse,https://iiif.dl.itc.u-tokyo.ac.jp/repo/files/medium/6078344b1f4e376f659d0092aad69a35f8ea1be9.jpg,https://iiif.dl.itc.u-tokyo.ac.jp/repo/api/items/167787,"東京大学附属図書館アジア研究図書館上廣倫理財団寄付研究部門 / Uehiro Project for the Asian Research Library in the University of Tokyo, JAPAN",http://iiif.io/api/presentation/2#rightToLeftDirection,,碑帖拓本コレクション,A005935-12,https://iiif.dl.itc.u-tokyo.ac.jp/repo/iiif/167787/manifest,,,,,18
偽絳帖 一 [A005936-01],,,,,,,,,,,,,,総合図書館、南葵文庫。中国で、宋代の「絳帖」を模して作られた偽法帖。,,,画帖装,A00-5936,12巻,,明*,33.4×20.0cm,,"徳川慶喜旧蔵, 東京大学総合図書館所蔵",12冊,,"東京帝国大学図書印, 紀伊徳川南葵文庫",拓本,石刻,偽絳帖十二巻 Wei Jiang Tie 12 juan 伪绛帖十二卷 偽絳帖十二卷,(巻首題)絳帖,,14-17世紀*,,A005936,,,絳帖,,"*宇野雪村『法帖事典』上 : 本論編, 東京, 雄山閣, 1984, pp.79-81",,,,,,http://tify.sub.uni-goettingen.de/demo.html?manifest=https://archdataset.dl.itc.u-tokyo.ac.jp/manifest/3cedbad2-d9cc-42c5-bfa3-2e226925fb5f.json,3cedbad2-d9cc-42c5-bfa3-2e226925fb5f,https://iiif.dl.itc.u-tokyo.ac.jp/repo/s/uparl/,https://iiif.dl.itc.u-tokyo.ac.jp/repo/s/asia/document/3cedbad2-d9cc-42c5-bfa3-2e226925fb5f,https://www.lib.u-tokyo.ac.jp/ja/library/contents/archives-top/reuse,https://iiif.dl.itc.u-tokyo.ac.jp/repo/files/medium/e8389dc534e7ed57bd25da332cfca4c63282d54a.jpg,https://iiif.dl.itc.u-tokyo.ac.jp/repo/api/items/167788,"東京大学附属図書館アジア研究図書館上廣倫理財団寄付研究部門 / Uehiro Project for the Asian Research Library in the University of Tokyo, JAPAN",http://iiif.io/api/presentation/2#rightToLeftDirection,,碑帖拓本コレクション,A005936-01,https://iiif.dl.itc.u-tokyo.ac.jp/repo/iiif/167788/manifest,,,,,20
偽絳帖 二 [A005936-02],,,,,,,,,,,,,,総合図書館、南葵文庫。中国で、宋代の「絳帖」を模して作られた偽法帖。,,,画帖装,A00-5936,12巻,,明*,33.4×20.0cm,,"徳川慶喜旧蔵, 東京大学総合図書館所蔵",12冊,,"東京帝国大学図書印, 紀伊徳川南葵文庫",拓本,石刻,偽絳帖十二巻 Wei Jiang Tie 12 juan 伪绛帖十二卷 偽絳帖十二卷,(巻首題)絳帖,,14-17世紀*,,A005936,,,絳帖,,"*宇野雪村『法帖事典』上 : 本論編, 東京, 雄山閣, 1984, pp.79-81",,,,,,http://tify.sub.uni-goettingen.de/demo.html?manifest=https://archdataset.dl.itc.u-tokyo.ac.jp/manifest/db450085-4784-4494-859f-0c86704e7784.json,db450085-4784-4494-859f-0c86704e7784,https://iiif.dl.itc.u-tokyo.ac.jp/repo/s/uparl/,https://iiif.dl.itc.u-tokyo.ac.jp/repo/s/asia/document/db450085-4784-4494-859f-0c86704e7784,https://www.lib.u-tokyo.ac.jp/ja/library/contents/archives-top/reuse,https://iiif.dl.itc.u-tokyo.ac.jp/repo/files/medium/b0f23e32ab60b861583850633a70435287a92a04.jpg,https://iiif.dl.itc.u-tokyo.ac.jp/repo/api/items/167789,"東京大学附属図書館アジア研究図書館上廣倫理財団寄付研究部門 / Uehiro Project for the Asian Research Library in the University of Tokyo, JAPAN",http://iiif.io/api/presentation/2#rightToLeftDirection,,碑帖拓本コレクション,A005936-02,https://iiif.dl.itc.u-tokyo.ac.jp/repo/iiif/167789/manifest,,,,,17
偽絳帖 三 [A005936-03],,,,,,,,,,,,,,総合図書館、南葵文庫。中国で、宋代の「絳帖」を模して作られた偽法帖。,,,画帖装,A00-5936,12巻,,明*,33.4×20.0cm,,"徳川慶喜旧蔵, 東京大学総合図書館所蔵",12冊,,"東京帝国大学図書印, 紀伊徳川南葵文庫",拓本,石刻,偽絳帖十二巻 Wei Jiang Tie 12 juan 伪绛帖十二卷 偽絳帖十二卷,(巻首題)絳帖,,14-17世紀*,,A005936,,,絳帖,,"*宇野雪村『法帖事典』上 : 本論編, 東京, 雄山閣, 1984, pp.79-81",,,,,,http://tify.sub.uni-goettingen.de/demo.html?manifest=https://archdataset.dl.itc.u-tokyo.ac.jp/manifest/f58ea819-fffb-4fcb-889c-61a332e0474a.json,f58ea819-fffb-4fcb-889c-61a332e0474a,https://iiif.dl.itc.u-tokyo.ac.jp/repo/s/uparl/,https://iiif.dl.itc.u-tokyo.ac.jp/repo/s/asia/document/f58ea819-fffb-4fcb-889c-61a332e0474a,https://www.lib.u-tokyo.ac.jp/ja/library/contents/archives-top/reuse,https://iiif.dl.itc.u-tokyo.ac.jp/repo/files/medium/27d167faf6b634c011a92f7afb3fe29ac9c8b898.jpg,https://iiif.dl.itc.u-tokyo.ac.jp/repo/api/items/167790,"東京大学附属図書館アジア研究図書館上廣倫理財団寄付研究部門 / Uehiro Project for the Asian Research Library in the University of Tokyo, JAPAN",http://iiif.io/api/presentation/2#rightToLeftDirection,,碑帖拓本コレクション,A005936-03,https://iiif.dl.itc.u-tokyo.ac.jp/repo/iiif/167790/manifest,,,,,20
偽絳帖 四 [A005936-04],,,,,,,,,,,,,,総合図書館、南葵文庫。中国で、宋代の「絳帖」を模して作られた偽法帖。,,,画帖装,A00-5936,12巻,,明*,33.4×20.0cm,,"徳川慶喜旧蔵, 東京大学総合図書館所蔵",12冊,,"東京帝国大学図書印, 紀伊徳川南葵文庫",拓本,石刻,偽絳帖十二巻 Wei Jiang Tie 12 juan 伪绛帖十二卷 偽絳帖十二卷,(巻首題)絳帖,,14-17世紀*,,A005936,,,絳帖,,"*宇野雪村『法帖事典』上 : 本論編, 東京, 雄山閣, 1984, pp.79-81",,,,,,http://tify.sub.uni-goettingen.de/demo.html?manifest=https://archdataset.dl.itc.u-tokyo.ac.jp/manifest/048ba05d-2b78-43e9-86de-3beb52d20f41.json,048ba05d-2b78-43e9-86de-3beb52d20f41,https://iiif.dl.itc.u-tokyo.ac.jp/repo/s/uparl/,https://iiif.dl.itc.u-tokyo.ac.jp/repo/s/asia/document/048ba05d-2b78-43e9-86de-3beb52d20f41,https://www.lib.u-tokyo.ac.jp/ja/library/contents/archives-top/reuse,https://iiif.dl.itc.u-tokyo.ac.jp/repo/files/medium/8387a9c49fd9c791f5a742f7755beaeb09c978ef.jpg,https://iiif.dl.itc.u-tokyo.ac.jp/repo/api/items/167791,"東京大学附属図書館アジア研究図書館上廣倫理財団寄付研究部門 / Uehiro Project for the Asian Research Library in the University of Tokyo, JAPAN",http://iiif.io/api/presentation/2#rightToLeftDirection,,碑帖拓本コレクション,A005936-04,https://iiif.dl.itc.u-tokyo.ac.jp/repo/iiif/167791/manifest,,,,,16
偽絳帖 五 [A005936-05],,,,,,,,,,,,,,総合図書館、南葵文庫。中国で、宋代の「絳帖」を模して作られた偽法帖。,,,画帖装,A00-5936,12巻,,明*,33.4×20.0cm,,"徳川慶喜旧蔵, 東京大学総合図書館所蔵",12冊,,"東京帝国大学図書印, 紀伊徳川南葵文庫",拓本,石刻,偽絳帖十二巻 Wei Jiang Tie 12 juan 伪绛帖十二卷 偽絳帖十二卷,(巻首題)絳帖,,14-17世紀*,,A005936,,,絳帖,,"*宇野雪村『法帖事典』上 : 本論編, 東京, 雄山閣, 1984, pp.79-81",,,,,,http://tify.sub.uni-goettingen.de/demo.html?manifest=https://archdataset.dl.itc.u-tokyo.ac.jp/manifest/a00a6085-d3f2-4461-b32a-c0e6130b3aee.json,a00a6085-d3f2-4461-b32a-c0e6130b3aee,https://iiif.dl.itc.u-tokyo.ac.jp/repo/s/uparl/,https://iiif.dl.itc.u-tokyo.ac.jp/repo/s/asia/document/a00a6085-d3f2-4461-b32a-c0e6130b3aee,https://www.lib.u-tokyo.ac.jp/ja/library/contents/archives-top/reuse,https://iiif.dl.itc.u-tokyo.ac.jp/repo/files/medium/5a33ac6283fa5e3942f516d1ce614438dc3f9e8f.jpg,https://iiif.dl.itc.u-tokyo.ac.jp/repo/api/items/167792,"東京大学附属図書館アジア研究図書館上廣倫理財団寄付研究部門 / Uehiro Project for the Asian Research Library in the University of Tokyo, JAPAN",http://iiif.io/api/presentation/2#rightToLeftDirection,,碑帖拓本コレクション,A005936-05,https://iiif.dl.itc.u-tokyo.ac.jp/repo/iiif/167792/manifest,,,,,18
偽絳帖 六 [A005936-06],,,,,,,,,,,,,,総合図書館、南葵文庫。中国で、宋代の「絳帖」を模して作られた偽法帖。,,,画帖装,A00-5936,12巻,,明*,33.4×20.0cm,,"徳川慶喜旧蔵, 東京大学総合図書館所蔵",12冊,,"東京帝国大学図書印, 紀伊徳川南葵文庫",拓本,石刻,偽絳帖十二巻 Wei Jiang Tie 12 juan 伪绛帖十二卷 偽絳帖十二卷,(巻首題)絳帖,,14-17世紀*,,A005936,,,絳帖,,"*宇野雪村『法帖事典』上 : 本論編, 東京, 雄山閣, 1984, pp.79-81",,,,,,http://tify.sub.uni-goettingen.de/demo.html?manifest=https://archdataset.dl.itc.u-tokyo.ac.jp/manifest/331467d8-d9cf-4f43-a874-18b2a36238b6.json,331467d8-d9cf-4f43-a874-18b2a36238b6,https://iiif.dl.itc.u-tokyo.ac.jp/repo/s/uparl/,https://iiif.dl.itc.u-tokyo.ac.jp/repo/s/asia/document/331467d8-d9cf-4f43-a874-18b2a36238b6,https://www.lib.u-tokyo.ac.jp/ja/library/contents/archives-top/reuse,https://iiif.dl.itc.u-tokyo.ac.jp/repo/files/medium/4814533a7afc7b40f7c4c4d05241473df0e1d57f.jpg,https://iiif.dl.itc.u-tokyo.ac.jp/repo/api/items/167793,"東京大学附属図書館アジア研究図書館上廣倫理財団寄付研究部門 / Uehiro Project for the Asian Research Library in the University of Tokyo, JAPAN",http://iiif.io/api/presentation/2#rightToLeftDirection,,碑帖拓本コレクション,A005936-06,https://iiif.dl.itc.u-tokyo.ac.jp/repo/iiif/167793/manifest,,,,,16
偽絳帖 七 [A005936-07],,,,,,,,,,,,,,総合図書館、南葵文庫。中国で、宋代の「絳帖」を模して作られた偽法帖。,,,画帖装,A00-5936,12巻,,明*,33.4×20.0cm,,"徳川慶喜旧蔵, 東京大学総合図書館所蔵",12冊,,"東京帝国大学図書印, 紀伊徳川南葵文庫",拓本,石刻,偽絳帖十二巻 Wei Jiang Tie 12 juan 伪绛帖十二卷 偽絳帖十二卷,(巻首題)絳帖,,14-17世紀*,,A005936,,,絳帖,,"*宇野雪村『法帖事典』上 : 本論編, 東京, 雄山閣, 1984, pp.79-81",,,,,,http://tify.sub.uni-goettingen.de/demo.html?manifest=https://archdataset.dl.itc.u-tokyo.ac.jp/manifest/2a5caa74-6ae6-42e1-a3a5-cd5f26c01a02.json,2a5caa74-6ae6-42e1-a3a5-cd5f26c01a02,https://iiif.dl.itc.u-tokyo.ac.jp/repo/s/uparl/,https://iiif.dl.itc.u-tokyo.ac.jp/repo/s/asia/document/2a5caa74-6ae6-42e1-a3a5-cd5f26c01a02,https://www.lib.u-tokyo.ac.jp/ja/library/contents/archives-top/reuse,https://iiif.dl.itc.u-tokyo.ac.jp/repo/files/medium/e6e29e1e12ff49c63ef4c408eb8f8f5150311219.jpg,https://iiif.dl.itc.u-tokyo.ac.jp/repo/api/items/167794,"東京大学附属図書館アジア研究図書館上廣倫理財団寄付研究部門 / Uehiro Project for the Asian Research Library in the University of Tokyo, JAPAN",http://iiif.io/api/presentation/2#rightToLeftDirection,,碑帖拓本コレクション,A005936-07,https://iiif.dl.itc.u-tokyo.ac.jp/repo/iiif/167794/manifest,,,,,19
偽絳帖 八 [A005936-08],,,,,,,,,,,,,,総合図書館、南葵文庫。中国で、宋代の「絳帖」を模して作られた偽法帖。,,,画帖装,A00-5936,12巻,,明*,33.4×20.0cm,,"徳川慶喜旧蔵, 東京大学総合図書館所蔵",12冊,,"東京帝国大学図書印, 紀伊徳川南葵文庫",拓本,石刻,偽絳帖十二巻 Wei Jiang Tie 12 juan 伪绛帖十二卷 偽絳帖十二卷,(巻首題)絳帖,,14-17世紀*,,A005936,,,絳帖,,"*宇野雪村『法帖事典』上 : 本論編, 東京, 雄山閣, 1984, pp.79-81",,,,,,http://tify.sub.uni-goettingen.de/demo.html?manifest=https://archdataset.dl.itc.u-tokyo.ac.jp/manifest/13669a14-908f-4170-9572-a93addda5aa1.json,13669a14-908f-4170-9572-a93addda5aa1,https://iiif.dl.itc.u-tokyo.ac.jp/repo/s/uparl/,https://iiif.dl.itc.u-tokyo.ac.jp/repo/s/asia/document/13669a14-908f-4170-9572-a93addda5aa1,https://www.lib.u-tokyo.ac.jp/ja/library/contents/archives-top/reuse,https://iiif.dl.itc.u-tokyo.ac.jp/repo/files/medium/e089395a8649d81f3732db177bf671c2cca95d37.jpg,https://iiif.dl.itc.u-tokyo.ac.jp/repo/api/items/167795,"東京大学附属図書館アジア研究図書館上廣倫理財団寄付研究部門 / Uehiro Project for the Asian Research Library in the University of Tokyo, JAPAN",http://iiif.io/api/presentation/2#rightToLeftDirection,,碑帖拓本コレクション,A005936-08,https://iiif.dl.itc.u-tokyo.ac.jp/repo/iiif/167795/manifest,,,,,21
偽絳帖 九 [A005936-09],,,,,,,,,,,,,,総合図書館、南葵文庫。中国で、宋代の「絳帖」を模して作られた偽法帖。,,,画帖装,A00-5936,12巻,,明*,33.4×20.0cm,,"徳川慶喜旧蔵, 東京大学総合図書館所蔵",12冊,,"東京帝国大学図書印, 紀伊徳川南葵文庫",拓本,石刻,偽絳帖十二巻 Wei Jiang Tie 12 juan 伪绛帖十二卷 偽絳帖十二卷,(巻首題)絳帖,,14-17世紀*,,A005936,,,絳帖,,"*宇野雪村『法帖事典』上 : 本論編, 東京, 雄山閣, 1984, pp.79-81",,,,,,http://tify.sub.uni-goettingen.de/demo.html?manifest=https://archdataset.dl.itc.u-tokyo.ac.jp/manifest/9512c62e-1f04-41ca-ade3-49887ba16429.json,9512c62e-1f04-41ca-ade3-49887ba16429,https://iiif.dl.itc.u-tokyo.ac.jp/repo/s/uparl/,https://iiif.dl.itc.u-tokyo.ac.jp/repo/s/asia/document/9512c62e-1f04-41ca-ade3-49887ba16429,https://www.lib.u-tokyo.ac.jp/ja/library/contents/archives-top/reuse,https://iiif.dl.itc.u-tokyo.ac.jp/repo/files/medium/7bc53fdfade74a8de0740001f72cda77bf016d78.jpg,https://iiif.dl.itc.u-tokyo.ac.jp/repo/api/items/167796,"東京大学附属図書館アジア研究図書館上廣倫理財団寄付研究部門 / Uehiro Project for the Asian Research Library in the University of Tokyo, JAPAN",http://iiif.io/api/presentation/2#rightToLeftDirection,,碑帖拓本コレクション,A005936-09,https://iiif.dl.itc.u-tokyo.ac.jp/repo/iiif/167796/manifest,,,,,20
偽絳帖 十 [A005936-10],,,,,,,,,,,,,,総合図書館、南葵文庫。中国で、宋代の「絳帖」を模して作られた偽法帖。,,,画帖装,A00-5936,12巻,,明*,33.4×20.0cm,,"徳川慶喜旧蔵, 東京大学総合図書館所蔵",12冊,,"東京帝国大学図書印, 紀伊徳川南葵文庫",拓本,石刻,偽絳帖十二巻 Wei Jiang Tie 12 juan 伪绛帖十二卷 偽絳帖十二卷,(巻首題)絳帖,,14-17世紀*,,A005936,,,絳帖,,"*宇野雪村『法帖事典』上 : 本論編, 東京, 雄山閣, 1984, pp.79-81",,,,,,http://tify.sub.uni-goettingen.de/demo.html?manifest=https://archdataset.dl.itc.u-tokyo.ac.jp/manifest/412a9376-1d38-4f9f-87d1-72da9e155314.json,412a9376-1d38-4f9f-87d1-72da9e155314,https://iiif.dl.itc.u-tokyo.ac.jp/repo/s/uparl/,https://iiif.dl.itc.u-tokyo.ac.jp/repo/s/asia/document/412a9376-1d38-4f9f-87d1-72da9e155314,https://www.lib.u-tokyo.ac.jp/ja/library/contents/archives-top/reuse,https://iiif.dl.itc.u-tokyo.ac.jp/repo/files/medium/e413f7531223c7edd589989f7bbc94055e3727ca.jpg,https://iiif.dl.itc.u-tokyo.ac.jp/repo/api/items/167797,"東京大学附属図書館アジア研究図書館上廣倫理財団寄付研究部門 / Uehiro Project for the Asian Research Library in the University of Tokyo, JAPAN",http://iiif.io/api/presentation/2#rightToLeftDirection,,碑帖拓本コレクション,A005936-10,https://iiif.dl.itc.u-tokyo.ac.jp/repo/iiif/167797/manifest,,,,,18
偽絳帖 十一 [A005936-11],,,,,,,,,,,,,,総合図書館、南葵文庫。中国で、宋代の「絳帖」を模して作られた偽法帖。,,,画帖装,A00-5936,12巻,,明*,33.4×20.0cm,,"徳川慶喜旧蔵, 東京大学総合図書館所蔵",12冊,,"東京帝国大学図書印, 紀伊徳川南葵文庫",拓本,石刻,偽絳帖十二巻 Wei Jiang Tie 12 juan 伪绛帖十二卷 偽絳帖十二卷,(巻首題)絳帖,,14-17世紀*,,A005936,,,絳帖,,"*宇野雪村『法帖事典』上 : 本論編, 東京, 雄山閣, 1984, pp.79-81",,,,,,http://tify.sub.uni-goettingen.de/demo.html?manifest=https://archdataset.dl.itc.u-tokyo.ac.jp/manifest/b1122fd0-b4de-4669-a043-30471d5ac740.json,b1122fd0-b4de-4669-a043-30471d5ac740,https://iiif.dl.itc.u-tokyo.ac.jp/repo/s/uparl/,https://iiif.dl.itc.u-tokyo.ac.jp/repo/s/asia/document/b1122fd0-b4de-4669-a043-30471d5ac740,https://www.lib.u-tokyo.ac.jp/ja/library/contents/archives-top/reuse,https://iiif.dl.itc.u-tokyo.ac.jp/repo/files/medium/70833a2ca1b3dab6191b76e520a20f4168364fa6.jpg,https://iiif.dl.itc.u-tokyo.ac.jp/repo/api/items/167798,"東京大学附属図書館アジア研究図書館上廣倫理財団寄付研究部門 / Uehiro Project for the Asian Research Library in the University of Tokyo, JAPAN",http://iiif.io/api/presentation/2#rightToLeftDirection,,碑帖拓本コレクション,A005936-11,https://iiif.dl.itc.u-tokyo.ac.jp/repo/iiif/167798/manifest,,,,,18
偽絳帖 十二 [A005936-12],,,,,,,,,,,,,,総合図書館、南葵文庫。中国で、宋代の「絳帖」を模して作られた偽法帖。,,,画帖装,A00-5936,12巻,,明*,33.4×20.0cm,,"徳川慶喜旧蔵, 東京大学総合図書館所蔵",12冊,,"東京帝国大学図書印, 紀伊徳川南葵文庫",拓本,石刻,偽絳帖十二巻 Wei Jiang Tie 12 juan 伪绛帖十二卷 偽絳帖十二卷,(巻首題)絳帖,,14-17世紀*,,A005936,,,絳帖,,"*宇野雪村『法帖事典』上 : 本論編, 東京, 雄山閣, 1984, pp.79-81",,,,,,http://tify.sub.uni-goettingen.de/demo.html?manifest=https://archdataset.dl.itc.u-tokyo.ac.jp/manifest/40cd9260-563b-4cbc-bdd3-875813076246.json,40cd9260-563b-4cbc-bdd3-875813076246,https://iiif.dl.itc.u-tokyo.ac.jp/repo/s/uparl/,https://iiif.dl.itc.u-tokyo.ac.jp/repo/s/asia/document/40cd9260-563b-4cbc-bdd3-875813076246,https://www.lib.u-tokyo.ac.jp/ja/library/contents/archives-top/reuse,https://iiif.dl.itc.u-tokyo.ac.jp/repo/files/medium/29f10b75188675f12ebb34fd03b83794057402ee.jpg,https://iiif.dl.itc.u-tokyo.ac.jp/repo/api/items/167799,"東京大学附属図書館アジア研究図書館上廣倫理財団寄付研究部門 / Uehiro Project for the Asian Research Library in the University of Tokyo, JAPAN",http://iiif.io/api/presentation/2#rightToLeftDirection,,碑帖拓本コレクション,A005936-12,https://iiif.dl.itc.u-tokyo.ac.jp/repo/iiif/167799/manifest,,,,,16
集字聖教序 [A005938],,,,,,,,,,,,,,総合図書館、南葵文庫。中国・晋代の王羲之の行書を集めて作成された碑文。,,,画帖装,A00-5938,,,(唐)咸亨3年12月8日,32.3×16.9cm,,"徳川慶喜旧蔵, 東京大学総合図書館所蔵",1冊,,"東京帝国大学図書印, 紀伊徳川南葵文庫",拓本,石刻,集字聖教序 Jizi shengjiao xu 集字圣教序 集字聖教序,(巻首題)大唐三蔵聖教序,,672年,,A005938,,,王羲之三蔵聖教序,,,,(唐)懐仁集字,B41397,,,http://tify.sub.uni-goettingen.de/demo.html?manifest=https://archdataset.dl.itc.u-tokyo.ac.jp/manifest/69a2ff54-3f40-8a2c-771b-934ff1de1a80.json,69a2ff54-3f40-8a2c-771b-934ff1de1a80,https://iiif.dl.itc.u-tokyo.ac.jp/repo/s/asia,https://iiif.dl.itc.u-tokyo.ac.jp/repo/s/asia/document/69a2ff54-3f40-8a2c-771b-934ff1de1a80,https://www.lib.u-tokyo.ac.jp/ja/library/contents/archives-top/reuse,https://iiif.dl.itc.u-tokyo.ac.jp/repo/files/medium/a6df8fcdb4f7ca0ebd2a70cc0e741e43f4910466.jpg,https://iiif.dl.itc.u-tokyo.ac.jp/repo/api/items/1070421,"東京大学附属図書館アジア研究図書館上廣倫理財団寄付研究部門 / Uehiro Project for the Asian Research Library in the University of Tokyo, JAPAN",http://iiif.io/api/presentation/2#rightToLeftDirection,,碑帖拓本コレクション,A005938-00,https://iiif.dl.itc.u-tokyo.ac.jp/repo/iiif/69a2ff54-3f40-8a2c-771b-934ff1de1a80/manifest,,,,,33
宣和秘閣帖 六 [A005939],,,,,,,,,,,,,,総合図書館。中国・明初に作成された法帖。,,,画帖装,A00-5939,,,明初期*,31.1×15.0cm,,"徳川慶喜旧蔵, 東京大学総合図書館所蔵",1冊,,"東京帝国大学図書印, 南葵文庫, 内府図書, 朱, 儼斎秘玩, 館氏石香斎珍蔵図書記, 肇錫余以嘉名",拓本,石刻,宣和秘閣帖残一巻 Xuanhe Mige Tie can 1 juan 宣和秘阁帖残一卷 宣和祕閣帖殘一卷,(巻首題)秘閣帖,,14-15世紀*,,A005939,,巻第6のみ存する,秘閣帖,,"*宇野雪村『法帖事典』上 : 本論編, 東京, 雄山閣, 1984, pp.79, 81",,,,,,http://tify.sub.uni-goettingen.de/demo.html?manifest=https://archdataset.dl.itc.u-tokyo.ac.jp/manifest/5e57aaea-5b0e-4544-a336-bf9b0ccd71d6.json,5e57aaea-5b0e-4544-a336-bf9b0ccd71d6,https://iiif.dl.itc.u-tokyo.ac.jp/repo/s/uparl/,https://iiif.dl.itc.u-tokyo.ac.jp/repo/s/asia/document/5e57aaea-5b0e-4544-a336-bf9b0ccd71d6,https://www.lib.u-tokyo.ac.jp/ja/library/contents/archives-top/reuse,https://iiif.dl.itc.u-tokyo.ac.jp/repo/files/medium/2df5791941bea218cc5331b80f1a104598b5d79a.jpg,https://iiif.dl.itc.u-tokyo.ac.jp/repo/api/items/167800,"東京大学附属図書館アジア研究図書館上廣倫理財団寄付研究部門 / Uehiro Project for the Asian Research Library in the University of Tokyo, JAPAN",http://iiif.io/api/presentation/2#rightToLeftDirection,,碑帖拓本コレクション,A005939-00,https://iiif.dl.itc.u-tokyo.ac.jp/repo/iiif/167800/manifest,,,,,29
関中本真草千字文 [A005940],,,,,,,,,,,,,,総合図書館。中国・宋代に、隋代の智永の書を刻したもの。,,,画帖装,A00-5940,,(北宋)大観3年,"陳, 隋",28.3×15.4cm,202行行10字,"徳川慶喜旧蔵, 東京大学総合図書館所蔵",1冊,,"東京帝国大学図書印, 紀伊徳川南葵文庫, 勿謂今日不学而有来日勿謂今年不学而有来年日月逝矣歳不我延嗚呼老矣是誰之愆, □□山人, 吉田□印",拓本,石刻,関中本真草千字文 Guanzhong ben Zhencao qianziwen 关中本真草千字文 關中本眞草千字文,(巻首題)真草千字文,1109年,557-618年,,A005940,,,智永禅師真草千文,長安,,(北宋)崔氏,智永書,B40691,,,http://tify.sub.uni-goettingen.de/demo.html?manifest=https://archdataset.dl.itc.u-tokyo.ac.jp/manifest/e281ae55-35d4-7f26-7c79-837db3d3115e.json,e281ae55-35d4-7f26-7c79-837db3d3115e,https://iiif.dl.itc.u-tokyo.ac.jp/repo/s/asia,https://iiif.dl.itc.u-tokyo.ac.jp/repo/s/asia/document/e281ae55-35d4-7f26-7c79-837db3d3115e,https://www.lib.u-tokyo.ac.jp/ja/library/contents/archives-top/reuse,https://iiif.dl.itc.u-tokyo.ac.jp/repo/files/medium/8e9190e6c5f32c7f0f4671d9bd709f1a8eafcbaf.jpg,https://iiif.dl.itc.u-tokyo.ac.jp/repo/api/items/1070422,"東京大学附属図書館アジア研究図書館上廣倫理財団寄付研究部門 / Uehiro Project for the Asian Research Library in the University of Tokyo, JAPAN",http://iiif.io/api/presentation/2#rightToLeftDirection,,碑帖拓本コレクション,A005940-00,https://iiif.dl.itc.u-tokyo.ac.jp/repo/iiif/e281ae55-35d4-7f26-7c79-837db3d3115e/manifest,,,,,36
阿毘達磨大毘婆沙論 一百一十三 [A006036-01],,,,,,,,,,,,,,中国南宋時代に刊行された仏教経典(部分)。青洲文庫。,,藤原時朝識語,折帖装,A00-6036,,(南宋)紹興2年*,,30.8×11.6cm,6行行17字,"渡辺信旧蔵**, 東京大学総合図書館所蔵",5帖,,"東京帝国大学図書印, 金沢文庫",印本,木版,宋版大蔵経零本五巻 Song ban Dazangjing lingben 5 juan 宋版大藏经零本五卷 宋版大藏經零本五卷,,1132年*,,(内框)24.5×11.4cm,A006036,,"阿毘達磨大毘婆沙論巻第一百一十三, 中阿含経二十五残, 法華文句科第三残 曇無徳部四分律刪補随機羯磨中残, 涅槃経疏三徳指帰巻第十五残のみ存する, 裏打ち修復済み","阿毘達磨大毘婆沙論巻第一百一十三, 中阿含経二十五(零本), 法華文句科第三(零本), 曇無徳部四分律刪補随機羯磨中(零本), 涅槃経疏三徳指帰巻第十五(零本)",湖州帰安県思渓邨**,"*上杉智英「思渓版大蔵経研究の回顧と課題」, 『印度學佛教學研究』65巻1号, pp.170-175, 2016<a href=""#//doi.org/10.4259/ibk.65.1_170"" rel=""nofollow"">https://doi.org/10.4259/ibk.65.1_170</a>, **東京大学附属図書館「東京大学総合図書館の漢籍とその旧蔵者たち」<a href=""http://www-old.lib.u-tokyo.ac.jp/tenjikai/tenjikai95/k26.html"" rel=""nofollow"">www-old.lib.u-tokyo.ac.jp/tenjikai/tenjikai95/k26.html</a>",円覚禅院刊,,B7874,,,http://tify.sub.uni-goettingen.de/demo.html?manifest=https://archdataset.dl.itc.u-tokyo.ac.jp/manifest/630f2331-35b2-41fb-8361-1f851900decc.json,630f2331-35b2-41fb-8361-1f851900decc,https://iiif.dl.itc.u-tokyo.ac.jp/repo/s/uparl/,https://iiif.dl.itc.u-tokyo.ac.jp/repo/s/asia/document/630f2331-35b2-41fb-8361-1f851900decc,https://www.lib.u-tokyo.ac.jp/ja/library/contents/archives-top/reuse,https://iiif.dl.itc.u-tokyo.ac.jp/repo/files/medium/680e1a279a87f508f61c8b07efd1b15246fb0c2a.jpg,https://iiif.dl.itc.u-tokyo.ac.jp/repo/api/items/186431,"東京大学附属図書館アジア研究図書館上廣倫理財団寄付研究部門 / Uehiro Project for the Asian Research Library in the University of Tokyo, JAPAN",http://iiif.io/api/presentation/2#rightToLeftDirection,,U-PARLセレクション,A006036-01,https://iiif.dl.itc.u-tokyo.ac.jp/repo/iiif/186431/manifest,,,,,48
中阿含経 二十五残 [A006036-02],,,,,,,,,,,,,,中国南宋時代に刊行された仏教経典(部分)。青洲文庫。,,藤原時朝識語,折帖装,A00-6036,,(南宋)紹興2年*,,30.8×11.6cm,6行行17字,"渡辺信旧蔵**, 東京大学総合図書館所蔵",5帖,,"東京帝国大学図書印, 金沢文庫",印本,木版,宋版大蔵経零本五巻 Song ban Dazangjing lingben 5 juan 宋版大藏经零本五卷 宋版大藏經零本五卷,,1132年*,,(内框)24.5×11.4cm,A006036,,"阿毘達磨大毘婆沙論巻第一百一十三, 中阿含経二十五残, 法華文句科第三残 曇無徳部四分律刪補随機羯磨中残, 涅槃経疏三徳指帰巻第十五残のみ存する, 裏打ち修復済み","阿毘達磨大毘婆沙論巻第一百一十三, 中阿含経二十五(零本), 法華文句科第三(零本), 曇無徳部四分律刪補随機羯磨中(零本), 涅槃経疏三徳指帰巻第十五(零本)",湖州帰安県思渓邨**,"*上杉智英「思渓版大蔵経研究の回顧と課題」, 『印度學佛教學研究』65巻1号, pp.170-175, 2016<a href=""#//doi.org/10.4259/ibk.65.1_170"" rel=""nofollow"">https://doi.org/10.4259/ibk.65.1_170</a>, **東京大学附属図書館「東京大学総合図書館の漢籍とその旧蔵者たち」<a href=""http://www-old.lib.u-tokyo.ac.jp/tenjikai/tenjikai95/k26.html"" rel=""nofollow"">www-old.lib.u-tokyo.ac.jp/tenjikai/tenjikai95/k26.html</a>",円覚禅院刊,,B7874,,,http://tify.sub.uni-goettingen.de/demo.html?manifest=https://archdataset.dl.itc.u-tokyo.ac.jp/manifest/74acc129-a97a-4ce4-8790-b0cdc745bafc.json,74acc129-a97a-4ce4-8790-b0cdc745bafc,https://iiif.dl.itc.u-tokyo.ac.jp/repo/s/uparl/,https://iiif.dl.itc.u-tokyo.ac.jp/repo/s/asia/document/74acc129-a97a-4ce4-8790-b0cdc745bafc,https://www.lib.u-tokyo.ac.jp/ja/library/contents/archives-top/reuse,https://iiif.dl.itc.u-tokyo.ac.jp/repo/files/medium/fafa24ff6e558f0bd28c8145110d03e7e8a5cb43.jpg,https://iiif.dl.itc.u-tokyo.ac.jp/repo/api/items/186432,"東京大学附属図書館アジア研究図書館上廣倫理財団寄付研究部門 / Uehiro Project for the Asian Research Library in the University of Tokyo, JAPAN",http://iiif.io/api/presentation/2#rightToLeftDirection,,U-PARLセレクション,A006036-02,https://iiif.dl.itc.u-tokyo.ac.jp/repo/iiif/186432/manifest,,,,,6
法華文句科 三残 [A006036-03],,,,,,,,,,,,,,中国南宋時代に刊行された仏教経典(部分)。青洲文庫。,,藤原時朝識語,折帖装,A00-6036,,(南宋)紹興2年*,,30.8×11.6cm,6行行17字,"渡辺信旧蔵**, 東京大学総合図書館所蔵",5帖,,"東京帝国大学図書印, 金沢文庫",印本,木版,宋版大蔵経零本五巻 Song ban Dazangjing lingben 5 juan 宋版大藏经零本五卷 宋版大藏經零本五卷,,1132年*,,(内框)24.5×11.4cm,A006036,,"阿毘達磨大毘婆沙論巻第一百一十三, 中阿含経二十五残, 法華文句科第三残 曇無徳部四分律刪補随機羯磨中残, 涅槃経疏三徳指帰巻第十五残のみ存する, 裏打ち修復済み","阿毘達磨大毘婆沙論巻第一百一十三, 中阿含経二十五(零本), 法華文句科第三(零本), 曇無徳部四分律刪補随機羯磨中(零本), 涅槃経疏三徳指帰巻第十五(零本)",湖州帰安県思渓邨**,"*上杉智英「思渓版大蔵経研究の回顧と課題」, 『印度學佛教學研究』65巻1号, pp.170-175, 2016<a href=""#//doi.org/10.4259/ibk.65.1_170"" rel=""nofollow"">https://doi.org/10.4259/ibk.65.1_170</a>, **東京大学附属図書館「東京大学総合図書館の漢籍とその旧蔵者たち」<a href=""http://www-old.lib.u-tokyo.ac.jp/tenjikai/tenjikai95/k26.html"" rel=""nofollow"">www-old.lib.u-tokyo.ac.jp/tenjikai/tenjikai95/k26.html</a>",円覚禅院刊,,B7874,,,http://tify.sub.uni-goettingen.de/demo.html?manifest=https://archdataset.dl.itc.u-tokyo.ac.jp/manifest/437f2dbf-0233-4cf0-9d9b-e8ceb0fe451b.json,437f2dbf-0233-4cf0-9d9b-e8ceb0fe451b,https://iiif.dl.itc.u-tokyo.ac.jp/repo/s/uparl/,https://iiif.dl.itc.u-tokyo.ac.jp/repo/s/asia/document/437f2dbf-0233-4cf0-9d9b-e8ceb0fe451b,https://www.lib.u-tokyo.ac.jp/ja/library/contents/archives-top/reuse,https://iiif.dl.itc.u-tokyo.ac.jp/repo/files/medium/fe0f96655340051d37c09368ec6d64d34f9e6123.jpg,https://iiif.dl.itc.u-tokyo.ac.jp/repo/api/items/186433,"東京大学附属図書館アジア研究図書館上廣倫理財団寄付研究部門 / Uehiro Project for the Asian Research Library in the University of Tokyo, JAPAN",http://iiif.io/api/presentation/2#rightToLeftDirection,,U-PARLセレクション,A006036-03,https://iiif.dl.itc.u-tokyo.ac.jp/repo/iiif/186433/manifest,,,,,12
曇無徳部四分律刪補随機羯磨 中残 [A006036-04],,,,,,,,,,,,,,中国南宋時代に刊行された仏教経典(部分)。青洲文庫。,,藤原時朝識語,折帖装,A00-6036,,(南宋)紹興2年*,,30.8×11.6cm,6行行17字,"渡辺信旧蔵**, 東京大学総合図書館所蔵",5帖,,"東京帝国大学図書印, 金沢文庫",印本,木版,宋版大蔵経零本五巻 Song ban Dazangjing lingben 5 juan 宋版大藏经零本五卷 宋版大藏經零本五卷,,1132年*,,(内框)24.5×11.4cm,A006036,,"阿毘達磨大毘婆沙論巻第一百一十三, 中阿含経二十五残, 法華文句科第三残 曇無徳部四分律刪補随機羯磨中残, 涅槃経疏三徳指帰巻第十五残のみ存する, 裏打ち修復済み","阿毘達磨大毘婆沙論巻第一百一十三, 中阿含経二十五(零本), 法華文句科第三(零本), 曇無徳部四分律刪補随機羯磨中(零本), 涅槃経疏三徳指帰巻第十五(零本)",湖州帰安県思渓邨**,"*上杉智英「思渓版大蔵経研究の回顧と課題」, 『印度學佛教學研究』65巻1号, pp.170-175, 2016<a href=""#//doi.org/10.4259/ibk.65.1_170"" rel=""nofollow"">https://doi.org/10.4259/ibk.65.1_170</a>, **東京大学附属図書館「東京大学総合図書館の漢籍とその旧蔵者たち」<a href=""http://www-old.lib.u-tokyo.ac.jp/tenjikai/tenjikai95/k26.html"" rel=""nofollow"">www-old.lib.u-tokyo.ac.jp/tenjikai/tenjikai95/k26.html</a>",円覚禅院刊,,B7874,,,http://tify.sub.uni-goettingen.de/demo.html?manifest=https://archdataset.dl.itc.u-tokyo.ac.jp/manifest/94188fa6-e976-4168-bcb7-26e441e1cc7f.json,94188fa6-e976-4168-bcb7-26e441e1cc7f,https://iiif.dl.itc.u-tokyo.ac.jp/repo/s/uparl/,https://iiif.dl.itc.u-tokyo.ac.jp/repo/s/asia/document/94188fa6-e976-4168-bcb7-26e441e1cc7f,https://www.lib.u-tokyo.ac.jp/ja/library/contents/archives-top/reuse,https://iiif.dl.itc.u-tokyo.ac.jp/repo/files/medium/dd18dcb3d658cd0c0237ad13dec9b118f09dba6c.jpg,https://iiif.dl.itc.u-tokyo.ac.jp/repo/api/items/186434,"東京大学附属図書館アジア研究図書館上廣倫理財団寄付研究部門 / Uehiro Project for the Asian Research Library in the University of Tokyo, JAPAN",http://iiif.io/api/presentation/2#rightToLeftDirection,,U-PARLセレクション,A006036-04,https://iiif.dl.itc.u-tokyo.ac.jp/repo/iiif/186434/manifest,,,,,5
涅槃経疏三徳指帰 十五残 [A006036-05],,,,,,,,,,,,,,中国南宋時代に刊行された仏教経典(部分)。青洲文庫。,,藤原時朝識語,折帖装,A00-6036,,(南宋)紹興2年*,,30.8×11.6cm,6行行17字,"渡辺信旧蔵**, 東京大学総合図書館所蔵",5帖,,"東京帝国大学図書印, 金沢文庫",印本,木版,宋版大蔵経零本五巻 Song ban Dazangjing lingben 5 juan 宋版大藏经零本五卷 宋版大藏經零本五卷,,1132年*,,(内框)24.5×11.4cm,A006036,,"阿毘達磨大毘婆沙論巻第一百一十三, 中阿含経二十五残, 法華文句科第三残 曇無徳部四分律刪補随機羯磨中残, 涅槃経疏三徳指帰巻第十五残のみ存する, 裏打ち修復済み","阿毘達磨大毘婆沙論巻第一百一十三, 中阿含経二十五(零本), 法華文句科第三(零本), 曇無徳部四分律刪補随機羯磨中(零本), 涅槃経疏三徳指帰巻第十五(零本)",湖州帰安県思渓邨**,"*上杉智英「思渓版大蔵経研究の回顧と課題」, 『印度學佛教學研究』65巻1号, pp.170-175, 2016<a href=""#//doi.org/10.4259/ibk.65.1_170"" rel=""nofollow"">https://doi.org/10.4259/ibk.65.1_170</a>, **東京大学附属図書館「東京大学総合図書館の漢籍とその旧蔵者たち」<a href=""http://www-old.lib.u-tokyo.ac.jp/tenjikai/tenjikai95/k26.html"" rel=""nofollow"">www-old.lib.u-tokyo.ac.jp/tenjikai/tenjikai95/k26.html</a>",円覚禅院刊,,B7874,,,http://tify.sub.uni-goettingen.de/demo.html?manifest=https://archdataset.dl.itc.u-tokyo.ac.jp/manifest/8e4d3d09-9304-4001-91fe-883e2359620b.json,8e4d3d09-9304-4001-91fe-883e2359620b,https://iiif.dl.itc.u-tokyo.ac.jp/repo/s/uparl/,https://iiif.dl.itc.u-tokyo.ac.jp/repo/s/asia/document/8e4d3d09-9304-4001-91fe-883e2359620b,https://www.lib.u-tokyo.ac.jp/ja/library/contents/archives-top/reuse,https://iiif.dl.itc.u-tokyo.ac.jp/repo/files/medium/59861b88ee3c3e33666e9eb6bec35752a93632db.jpg,https://iiif.dl.itc.u-tokyo.ac.jp/repo/api/items/186435,"東京大学附属図書館アジア研究図書館上廣倫理財団寄付研究部門 / Uehiro Project for the Asian Research Library in the University of Tokyo, JAPAN",http://iiif.io/api/presentation/2#rightToLeftDirection,,U-PARLセレクション,A006036-05,https://iiif.dl.itc.u-tokyo.ac.jp/repo/iiif/186435/manifest,,,,,7
玄秘塔碑 [A006059],,,,,,,,,,,,,,総合図書館。中国・唐代の柳公権による碑文。,,,画帖装,A00-6059,,,(唐)会昌元年12月28日,32.8×16.3cm,,"渡辺信旧蔵, 東京大学総合図書館所蔵",1冊,,"草間正寿, 公眉, 射山, 東京帝国大学図書印, 簡□山印",拓本,石刻,玄秘塔碑 Xuanmi ta bei 玄秘塔碑 玄祕塔碑,(巻首題)唐故左街僧録内供奉三教談論引駕大徳安国寺上座賜紫大達法師玄秘塔碑銘并序,,841年,,A006059,,,玄秘塔,,,,(唐)柳公権書,B7874,,,http://tify.sub.uni-goettingen.de/demo.html?manifest=https://archdataset.dl.itc.u-tokyo.ac.jp/manifest/b770425c-7eb5-9c50-722e-f71e1c336386.json,b770425c-7eb5-9c50-722e-f71e1c336386,https://iiif.dl.itc.u-tokyo.ac.jp/repo/s/asia,https://iiif.dl.itc.u-tokyo.ac.jp/repo/s/asia/document/b770425c-7eb5-9c50-722e-f71e1c336386,https://www.lib.u-tokyo.ac.jp/ja/library/contents/archives-top/reuse,https://iiif.dl.itc.u-tokyo.ac.jp/repo/files/medium/43655d7a4ffbeab61c51acdd569beb5b8ca79705.jpg,https://iiif.dl.itc.u-tokyo.ac.jp/repo/api/items/1070423,"東京大学附属図書館アジア研究図書館上廣倫理財団寄付研究部門 / Uehiro Project for the Asian Research Library in the University of Tokyo, JAPAN",http://iiif.io/api/presentation/2#rightToLeftDirection,,碑帖拓本コレクション,A006059-00,https://iiif.dl.itc.u-tokyo.ac.jp/repo/iiif/b770425c-7eb5-9c50-722e-f71e1c336386/manifest,,,,,45
洛神賦十三行 [A006078],,,,,,,,,,,,,,総合図書館、青洲文庫。中国・晋代の王献之が書いた魏・曹植「洛神賦」の一部。,,,折帖装,A00-6078,,,,16.0×8.3cm,13行,"渡辺信旧蔵, 東京大学総合図書館所蔵",1冊,,"東京帝国大学図書印, 青洲文庫",拓本,石刻,洛神賦十三行 Luoshen fu shisan hang 洛神赋十三行 洛神賦十三行,,,344-386年,,A006078,,,,,,,(東晋)王献之書,B7874,,,http://tify.sub.uni-goettingen.de/demo.html?manifest=https://archdataset.dl.itc.u-tokyo.ac.jp/manifest/7307a4e9-674b-75ff-a2be-e4f991ce3a3f.json,7307a4e9-674b-75ff-a2be-e4f991ce3a3f,https://iiif.dl.itc.u-tokyo.ac.jp/repo/s/asia,https://iiif.dl.itc.u-tokyo.ac.jp/repo/s/asia/document/7307a4e9-674b-75ff-a2be-e4f991ce3a3f,https://www.lib.u-tokyo.ac.jp/ja/library/contents/archives-top/reuse,https://iiif.dl.itc.u-tokyo.ac.jp/repo/files/medium/61548ca2e8eddae1ef7ab0fc5b566517136bc426.jpg,https://iiif.dl.itc.u-tokyo.ac.jp/repo/api/items/1070424,"東京大学附属図書館アジア研究図書館上廣倫理財団寄付研究部門 / Uehiro Project for the Asian Research Library in the University of Tokyo, JAPAN",http://iiif.io/api/presentation/2#rightToLeftDirection,,碑帖拓本コレクション,A006078-00,https://iiif.dl.itc.u-tokyo.ac.jp/repo/iiif/7307a4e9-674b-75ff-a2be-e4f991ce3a3f/manifest,,,,,8
争坐位稿 [A006082],,,,,,,,,,,,,,総合図書館、青洲文庫。中国・唐代の顔真卿の書を刻したもの。,,,画帖装,A00-6082,,,(唐)広徳2年11月,36.3×16.0cm,,"渡辺信旧蔵, 東京大学総合図書館所蔵",1冊,,"東京帝国大学図書印, 戎馬書生, 趙魏和印",拓本,石刻,争坐位稿 Zheng zuowei gao 争坐位稿 爭坐位稿,,,764年,,A006082,,,顔魯公争座位帖,,,,(唐)顔真卿書,B7874,,,http://tify.sub.uni-goettingen.de/demo.html?manifest=https://archdataset.dl.itc.u-tokyo.ac.jp/manifest/37bcd5a7-7358-9983-a399-67900cb46939.json,37bcd5a7-7358-9983-a399-67900cb46939,https://iiif.dl.itc.u-tokyo.ac.jp/repo/s/asia,https://iiif.dl.itc.u-tokyo.ac.jp/repo/s/asia/document/37bcd5a7-7358-9983-a399-67900cb46939,https://www.lib.u-tokyo.ac.jp/ja/library/contents/archives-top/reuse,https://iiif.dl.itc.u-tokyo.ac.jp/repo/files/medium/c44b1116ebacf9a71cbc073ce69f463de4b40a6e.jpg,https://iiif.dl.itc.u-tokyo.ac.jp/repo/api/items/1070425,"東京大学附属図書館アジア研究図書館上廣倫理財団寄付研究部門 / Uehiro Project for the Asian Research Library in the University of Tokyo, JAPAN",http://iiif.io/api/presentation/2#rightToLeftDirection,,碑帖拓本コレクション,A006082-00,https://iiif.dl.itc.u-tokyo.ac.jp/repo/iiif/37bcd5a7-7358-9983-a399-67900cb46939/manifest,,,,,19
戯鴻堂法書 一[A006096-01],,,,,,,,,,,,,,,,,折帖装,A00-6096,16巻,(明)万暦31年,(明)万暦31年,28.4×14.9cm,,"渡辺信旧蔵, 東京大学総合図書館所蔵",16冊,,"東京帝国大学図書印, 明倫堂図書, 渡辺氏図書記",拓本,石刻,戯鴻堂法書十六巻 Xihongtang Fashu 16 juan 戏鸿堂法书十六卷 戲鴻堂法書十六卷,(巻首題)戯鴻堂法書,1603年,1603年,,A006096,,,,松江府華亭県,"宇野雪村『法帖事典』上 : 本論編, 東京, 雄山閣, 1984, pp.111-112",(明)董其昌刻,(明)董其昌輯,,,,http://tify.sub.uni-goettingen.de/demo.html?manifest=https://archdataset.dl.itc.u-tokyo.ac.jp/manifest/be080929-ba85-4d97-8805-6b49a8ac6fb1.json,be080929-ba85-4d97-8805-6b49a8ac6fb1,https://iiif.dl.itc.u-tokyo.ac.jp/repo/s/uparl/,https://iiif.dl.itc.u-tokyo.ac.jp/repo/s/asia/document/be080929-ba85-4d97-8805-6b49a8ac6fb1,https://www.lib.u-tokyo.ac.jp/ja/library/contents/archives-top/reuse,https://iiif.dl.itc.u-tokyo.ac.jp/repo/files/medium/7bde6e9c108789c506f695a6a3c620ff4410fe58.jpg,https://iiif.dl.itc.u-tokyo.ac.jp/repo/api/items/167801,"東京大学附属図書館アジア研究図書館上廣倫理財団寄付研究部門 / Uehiro Project for the Asian Research Library in the University of Tokyo, JAPAN",http://iiif.io/api/presentation/2#rightToLeftDirection,,碑帖拓本コレクション,A006096-01,https://iiif.dl.itc.u-tokyo.ac.jp/repo/iiif/167801/manifest,,,,,40
戯鴻堂法書 二[A006096-02],,,,,,,,,,,,,,,,,折帖装,A00-6096,16巻,(明)万暦31年,(明)万暦31年,28.4×14.9cm,,"渡辺信旧蔵, 東京大学総合図書館所蔵",16冊,,"東京帝国大学図書印, 明倫堂図書, 渡辺氏図書記",拓本,石刻,戯鴻堂法書十六巻 Xihongtang Fashu 16 juan 戏鸿堂法书十六卷 戲鴻堂法書十六卷,(巻首題)戯鴻堂法書,1603年,1603年,,A006096,,,,松江府華亭県,"宇野雪村『法帖事典』上 : 本論編, 東京, 雄山閣, 1984, pp.111-112",(明)董其昌刻,(明)董其昌輯,,,,http://tify.sub.uni-goettingen.de/demo.html?manifest=https://archdataset.dl.itc.u-tokyo.ac.jp/manifest/ed9722f3-ca75-4703-8d1c-14700546256c.json,ed9722f3-ca75-4703-8d1c-14700546256c,https://iiif.dl.itc.u-tokyo.ac.jp/repo/s/uparl/,https://iiif.dl.itc.u-tokyo.ac.jp/repo/s/asia/document/ed9722f3-ca75-4703-8d1c-14700546256c,https://www.lib.u-tokyo.ac.jp/ja/library/contents/archives-top/reuse,https://iiif.dl.itc.u-tokyo.ac.jp/repo/files/medium/9c8b5334f679dda87922c037d3c42710de98414a.jpg,https://iiif.dl.itc.u-tokyo.ac.jp/repo/api/items/167802,"東京大学附属図書館アジア研究図書館上廣倫理財団寄付研究部門 / Uehiro Project for the Asian Research Library in the University of Tokyo, JAPAN",http://iiif.io/api/presentation/2#rightToLeftDirection,,碑帖拓本コレクション,A006096-02,https://iiif.dl.itc.u-tokyo.ac.jp/repo/iiif/167802/manifest,,,,,33
戯鴻堂法書 三[A006096-03],,,,,,,,,,,,,,,,,折帖装,A00-6096,16巻,(明)万暦31年,(明)万暦31年,28.4×14.9cm,,"渡辺信旧蔵, 東京大学総合図書館所蔵",16冊,,"東京帝国大学図書印, 明倫堂図書, 渡辺氏図書記",拓本,石刻,戯鴻堂法書十六巻 Xihongtang Fashu 16 juan 戏鸿堂法书十六卷 戲鴻堂法書十六卷,(巻首題)戯鴻堂法書,1603年,1603年,,A006096,,,,松江府華亭県,"宇野雪村『法帖事典』上 : 本論編, 東京, 雄山閣, 1984, pp.111-112",(明)董其昌刻,(明)董其昌輯,,,,http://tify.sub.uni-goettingen.de/demo.html?manifest=https://archdataset.dl.itc.u-tokyo.ac.jp/manifest/23ae5ea3-261a-4691-9399-afaec48eebad.json,23ae5ea3-261a-4691-9399-afaec48eebad,https://iiif.dl.itc.u-tokyo.ac.jp/repo/s/uparl/,https://iiif.dl.itc.u-tokyo.ac.jp/repo/s/asia/document/23ae5ea3-261a-4691-9399-afaec48eebad,https://www.lib.u-tokyo.ac.jp/ja/library/contents/archives-top/reuse,https://iiif.dl.itc.u-tokyo.ac.jp/repo/files/medium/0c3522f3f5d13c77a9865d5f98cf0fe448ff5aa8.jpg,https://iiif.dl.itc.u-tokyo.ac.jp/repo/api/items/167803,"東京大学附属図書館アジア研究図書館上廣倫理財団寄付研究部門 / Uehiro Project for the Asian Research Library in the University of Tokyo, JAPAN",http://iiif.io/api/presentation/2#rightToLeftDirection,,碑帖拓本コレクション,A006096-03,https://iiif.dl.itc.u-tokyo.ac.jp/repo/iiif/167803/manifest,,,,,29
戯鴻堂法書 四[A006096-04],,,,,,,,,,,,,,,,,折帖装,A00-6096,16巻,(明)万暦31年,(明)万暦31年,28.4×14.9cm,,"渡辺信旧蔵, 東京大学総合図書館所蔵",16冊,,"東京帝国大学図書印, 明倫堂図書, 渡辺氏図書記",拓本,石刻,戯鴻堂法書十六巻 Xihongtang Fashu 16 juan 戏鸿堂法书十六卷 戲鴻堂法書十六卷,(巻首題)戯鴻堂法書,1603年,1603年,,A006096,,,,松江府華亭県,"宇野雪村『法帖事典』上 : 本論編, 東京, 雄山閣, 1984, pp.111-112",(明)董其昌刻,(明)董其昌輯,,,,http://tify.sub.uni-goettingen.de/demo.html?manifest=https://archdataset.dl.itc.u-tokyo.ac.jp/manifest/fb7e9421-4107-4509-ac06-84da44d585fe.json,fb7e9421-4107-4509-ac06-84da44d585fe,https://iiif.dl.itc.u-tokyo.ac.jp/repo/s/uparl/,https://iiif.dl.itc.u-tokyo.ac.jp/repo/s/asia/document/fb7e9421-4107-4509-ac06-84da44d585fe,https://www.lib.u-tokyo.ac.jp/ja/library/contents/archives-top/reuse,https://iiif.dl.itc.u-tokyo.ac.jp/repo/files/medium/9d9cbd2b7c352ce1ff568eb893ac256cbb7b982d.jpg,https://iiif.dl.itc.u-tokyo.ac.jp/repo/api/items/167804,"東京大学附属図書館アジア研究図書館上廣倫理財団寄付研究部門 / Uehiro Project for the Asian Research Library in the University of Tokyo, JAPAN",http://iiif.io/api/presentation/2#rightToLeftDirection,,碑帖拓本コレクション,A006096-04,https://iiif.dl.itc.u-tokyo.ac.jp/repo/iiif/167804/manifest,,,,,34
戯鴻堂法書 五[A006096-05],,,,,,,,,,,,,,,,,折帖装,A00-6096,16巻,(明)万暦31年,(明)万暦31年,28.4×14.9cm,,"渡辺信旧蔵, 東京大学総合図書館所蔵",16冊,,"東京帝国大学図書印, 明倫堂図書, 渡辺氏図書記",拓本,石刻,戯鴻堂法書十六巻 Xihongtang Fashu 16 juan 戏鸿堂法书十六卷 戲鴻堂法書十六卷,(巻首題)戯鴻堂法書,1603年,1603年,,A006096,,,,松江府華亭県,"宇野雪村『法帖事典』上 : 本論編, 東京, 雄山閣, 1984, pp.111-112",(明)董其昌刻,(明)董其昌輯,,,,http://tify.sub.uni-goettingen.de/demo.html?manifest=https://archdataset.dl.itc.u-tokyo.ac.jp/manifest/b696940f-0fc5-49bc-8326-4b1d79c04f72.json,b696940f-0fc5-49bc-8326-4b1d79c04f72,https://iiif.dl.itc.u-tokyo.ac.jp/repo/s/uparl/,https://iiif.dl.itc.u-tokyo.ac.jp/repo/s/asia/document/b696940f-0fc5-49bc-8326-4b1d79c04f72,https://www.lib.u-tokyo.ac.jp/ja/library/contents/archives-top/reuse,https://iiif.dl.itc.u-tokyo.ac.jp/repo/files/medium/457976f29118c621dc5e7b1e3cb8e73949db11c1.jpg,https://iiif.dl.itc.u-tokyo.ac.jp/repo/api/items/167805,"東京大学附属図書館アジア研究図書館上廣倫理財団寄付研究部門 / Uehiro Project for the Asian Research Library in the University of Tokyo, JAPAN",http://iiif.io/api/presentation/2#rightToLeftDirection,,碑帖拓本コレクション,A006096-05,https://iiif.dl.itc.u-tokyo.ac.jp/repo/iiif/167805/manifest,,,,,30
戯鴻堂法書 六[A009096-06],,,,,,,,,,,,,,,,,折帖装,A00-6096,16巻,(明)万暦31年,(明)万暦31年,28.4×14.9cm,,"渡辺信旧蔵, 東京大学総合図書館所蔵",16冊,,"東京帝国大学図書印, 明倫堂図書, 渡辺氏図書記",拓本,石刻,戯鴻堂法書十六巻 Xihongtang Fashu 16 juan 戏鸿堂法书十六卷 戲鴻堂法書十六卷,(巻首題)戯鴻堂法書,1603年,1603年,,A006096,,,,松江府華亭県,"宇野雪村『法帖事典』上 : 本論編, 東京, 雄山閣, 1984, pp.111-112",(明)董其昌刻,(明)董其昌輯,,,,http://tify.sub.uni-goettingen.de/demo.html?manifest=https://archdataset.dl.itc.u-tokyo.ac.jp/manifest/f4b6c489-db83-42c5-8836-be62124b2b34.json,f4b6c489-db83-42c5-8836-be62124b2b34,https://iiif.dl.itc.u-tokyo.ac.jp/repo/s/uparl/,https://iiif.dl.itc.u-tokyo.ac.jp/repo/s/asia/document/f4b6c489-db83-42c5-8836-be62124b2b34,https://www.lib.u-tokyo.ac.jp/ja/library/contents/archives-top/reuse,https://iiif.dl.itc.u-tokyo.ac.jp/repo/files/medium/20b010e87f0af7f24c473d235f8e47f603f5e0b9.jpg,https://iiif.dl.itc.u-tokyo.ac.jp/repo/api/items/167806,"東京大学附属図書館アジア研究図書館上廣倫理財団寄付研究部門 / Uehiro Project for the Asian Research Library in the University of Tokyo, JAPAN",http://iiif.io/api/presentation/2#rightToLeftDirection,,碑帖拓本コレクション,A006096-06,https://iiif.dl.itc.u-tokyo.ac.jp/repo/iiif/167806/manifest,,,,,28
戯鴻堂法書 七[A006096-07],,,,,,,,,,,,,,,,,折帖装,A00-6096,16巻,(明)万暦31年,(明)万暦31年,28.4×14.9cm,,"渡辺信旧蔵, 東京大学総合図書館所蔵",16冊,,"東京帝国大学図書印, 明倫堂図書, 渡辺氏図書記",拓本,石刻,戯鴻堂法書十六巻 Xihongtang Fashu 16 juan 戏鸿堂法书十六卷 戲鴻堂法書十六卷,(巻首題)戯鴻堂法書,1603年,1603年,,A006096,,,,松江府華亭県,"宇野雪村『法帖事典』上 : 本論編, 東京, 雄山閣, 1984, pp.111-112",(明)董其昌刻,(明)董其昌輯,,,,http://tify.sub.uni-goettingen.de/demo.html?manifest=https://archdataset.dl.itc.u-tokyo.ac.jp/manifest/10c00792-d8d2-471a-b734-a25815168347.json,10c00792-d8d2-471a-b734-a25815168347,https://iiif.dl.itc.u-tokyo.ac.jp/repo/s/uparl/,https://iiif.dl.itc.u-tokyo.ac.jp/repo/s/asia/document/10c00792-d8d2-471a-b734-a25815168347,https://www.lib.u-tokyo.ac.jp/ja/library/contents/archives-top/reuse,https://iiif.dl.itc.u-tokyo.ac.jp/repo/files/medium/1f2fb346ba12f816f9419c5236e556b76c98f9c2.jpg,https://iiif.dl.itc.u-tokyo.ac.jp/repo/api/items/167807,"東京大学附属図書館アジア研究図書館上廣倫理財団寄付研究部門 / Uehiro Project for the Asian Research Library in the University of Tokyo, JAPAN",http://iiif.io/api/presentation/2#rightToLeftDirection,,碑帖拓本コレクション,A006096-07,https://iiif.dl.itc.u-tokyo.ac.jp/repo/iiif/167807/manifest,,,,,31
戯鴻堂法書 八[A006096-08],,,,,,,,,,,,,,,,,折帖装,A00-6096,16巻,(明)万暦31年,(明)万暦31年,28.4×14.9cm,,"渡辺信旧蔵, 東京大学総合図書館所蔵",16冊,,"東京帝国大学図書印, 明倫堂図書, 渡辺氏図書記",拓本,石刻,戯鴻堂法書十六巻 Xihongtang Fashu 16 juan 戏鸿堂法书十六卷 戲鴻堂法書十六卷,(巻首題)戯鴻堂法書,1603年,1603年,,A006096,,,,松江府華亭県,"宇野雪村『法帖事典』上 : 本論編, 東京, 雄山閣, 1984, pp.111-112",(明)董其昌刻,(明)董其昌輯,,,,http://tify.sub.uni-goettingen.de/demo.html?manifest=https://archdataset.dl.itc.u-tokyo.ac.jp/manifest/ce1c713f-a803-45d2-9850-b01a46aa35f4.json,ce1c713f-a803-45d2-9850-b01a46aa35f4,https://iiif.dl.itc.u-tokyo.ac.jp/repo/s/uparl/,https://iiif.dl.itc.u-tokyo.ac.jp/repo/s/asia/document/ce1c713f-a803-45d2-9850-b01a46aa35f4,https://www.lib.u-tokyo.ac.jp/ja/library/contents/archives-top/reuse,https://iiif.dl.itc.u-tokyo.ac.jp/repo/files/medium/ce9ffec70fc7b1acf946a754cd86c48d85db3797.jpg,https://iiif.dl.itc.u-tokyo.ac.jp/repo/api/items/167808,"東京大学附属図書館アジア研究図書館上廣倫理財団寄付研究部門 / Uehiro Project for the Asian Research Library in the University of Tokyo, JAPAN",http://iiif.io/api/presentation/2#rightToLeftDirection,,碑帖拓本コレクション,A006096-08,https://iiif.dl.itc.u-tokyo.ac.jp/repo/iiif/167808/manifest,,,,,30
戯鴻堂法書 九[A006096-09],,,,,,,,,,,,,,,,,折帖装,A00-6096,16巻,(明)万暦31年,(明)万暦31年,28.4×14.9cm,,"渡辺信旧蔵, 東京大学総合図書館所蔵",16冊,,"東京帝国大学図書印, 明倫堂図書, 渡辺氏図書記",拓本,石刻,戯鴻堂法書十六巻 Xihongtang Fashu 16 juan 戏鸿堂法书十六卷 戲鴻堂法書十六卷,(巻首題)戯鴻堂法書,1603年,1603年,,A006096,,,,松江府華亭県,"宇野雪村『法帖事典』上 : 本論編, 東京, 雄山閣, 1984, pp.111-112",(明)董其昌刻,(明)董其昌輯,,,,http://tify.sub.uni-goettingen.de/demo.html?manifest=https://archdataset.dl.itc.u-tokyo.ac.jp/manifest/513ff0d1-9aeb-4bf6-9626-6978ec424510.json,513ff0d1-9aeb-4bf6-9626-6978ec424510,https://iiif.dl.itc.u-tokyo.ac.jp/repo/s/uparl/,https://iiif.dl.itc.u-tokyo.ac.jp/repo/s/asia/document/513ff0d1-9aeb-4bf6-9626-6978ec424510,https://www.lib.u-tokyo.ac.jp/ja/library/contents/archives-top/reuse,https://iiif.dl.itc.u-tokyo.ac.jp/repo/files/medium/3a7d9c89ab30f5cc858990bf6c977b55bc682115.jpg,https://iiif.dl.itc.u-tokyo.ac.jp/repo/api/items/167809,"東京大学附属図書館アジア研究図書館上廣倫理財団寄付研究部門 / Uehiro Project for the Asian Research Library in the University of Tokyo, JAPAN",http://iiif.io/api/presentation/2#rightToLeftDirection,,碑帖拓本コレクション,A006096-09,https://iiif.dl.itc.u-tokyo.ac.jp/repo/iiif/167809/manifest,,,,,28
戯鴻堂法書 十[A006096-10],,,,,,,,,,,,,,,,,折帖装,A00-6096,16巻,(明)万暦31年,(明)万暦31年,28.4×14.9cm,,"渡辺信旧蔵, 東京大学総合図書館所蔵",16冊,,"東京帝国大学図書印, 明倫堂図書, 渡辺氏図書記",拓本,石刻,戯鴻堂法書十六巻 Xihongtang Fashu 16 juan 戏鸿堂法书十六卷 戲鴻堂法書十六卷,(巻首題)戯鴻堂法書,1603年,1603年,,A006096,,,,松江府華亭県,"宇野雪村『法帖事典』上 : 本論編, 東京, 雄山閣, 1984, pp.111-112",(明)董其昌刻,(明)董其昌輯,,,,http://tify.sub.uni-goettingen.de/demo.html?manifest=https://archdataset.dl.itc.u-tokyo.ac.jp/manifest/4178693a-ed80-4d20-b56f-9794ef8066db.json,4178693a-ed80-4d20-b56f-9794ef8066db,https://iiif.dl.itc.u-tokyo.ac.jp/repo/s/uparl/,https://iiif.dl.itc.u-tokyo.ac.jp/repo/s/asia/document/4178693a-ed80-4d20-b56f-9794ef8066db,https://www.lib.u-tokyo.ac.jp/ja/library/contents/archives-top/reuse,https://iiif.dl.itc.u-tokyo.ac.jp/repo/files/medium/e68f260b8a19cbe168fd0ec802531e1691e29e09.jpg,https://iiif.dl.itc.u-tokyo.ac.jp/repo/api/items/167810,"東京大学附属図書館アジア研究図書館上廣倫理財団寄付研究部門 / Uehiro Project for the Asian Research Library in the University of Tokyo, JAPAN",http://iiif.io/api/presentation/2#rightToLeftDirection,,碑帖拓本コレクション,A006096-10,https://iiif.dl.itc.u-tokyo.ac.jp/repo/iiif/167810/manifest,,,,,30
戯鴻堂法書 十一[A006096-11],,,,,,,,,,,,,,,,,折帖装,A00-6096,16巻,(明)万暦31年,(明)万暦31年,28.4×14.9cm,,"渡辺信旧蔵, 東京大学総合図書館所蔵",16冊,,"東京帝国大学図書印, 明倫堂図書, 渡辺氏図書記",拓本,石刻,戯鴻堂法書十六巻 Xihongtang Fashu 16 juan 戏鸿堂法书十六卷 戲鴻堂法書十六卷,(巻首題)戯鴻堂法書,1603年,1603年,,A006096,,,,松江府華亭県,"宇野雪村『法帖事典』上 : 本論編, 東京, 雄山閣, 1984, pp.111-112",(明)董其昌刻,(明)董其昌輯,,,,http://tify.sub.uni-goettingen.de/demo.html?manifest=https://archdataset.dl.itc.u-tokyo.ac.jp/manifest/45984dfd-0f1e-4a66-a183-474a9ba83df8.json,45984dfd-0f1e-4a66-a183-474a9ba83df8,https://iiif.dl.itc.u-tokyo.ac.jp/repo/s/uparl/,https://iiif.dl.itc.u-tokyo.ac.jp/repo/s/asia/document/45984dfd-0f1e-4a66-a183-474a9ba83df8,https://www.lib.u-tokyo.ac.jp/ja/library/contents/archives-top/reuse,https://iiif.dl.itc.u-tokyo.ac.jp/repo/files/medium/58ef7590c31c93c9bb596e3ed384d466095217c2.jpg,https://iiif.dl.itc.u-tokyo.ac.jp/repo/api/items/167811,"東京大学附属図書館アジア研究図書館上廣倫理財団寄付研究部門 / Uehiro Project for the Asian Research Library in the University of Tokyo, JAPAN",http://iiif.io/api/presentation/2#rightToLeftDirection,,碑帖拓本コレクション,A006096-11,https://iiif.dl.itc.u-tokyo.ac.jp/repo/iiif/167811/manifest,,,,,37
戯鴻堂法書 十二[A006096-12],,,,,,,,,,,,,,,,,折帖装,A00-6096,16巻,(明)万暦31年,(明)万暦31年,28.4×14.9cm,,"渡辺信旧蔵, 東京大学総合図書館所蔵",16冊,,"東京帝国大学図書印, 明倫堂図書, 渡辺氏図書記",拓本,石刻,戯鴻堂法書十六巻 Xihongtang Fashu 16 juan 戏鸿堂法书十六卷 戲鴻堂法書十六卷,(巻首題)戯鴻堂法書,1603年,1603年,,A006096,,,,松江府華亭県,"宇野雪村『法帖事典』上 : 本論編, 東京, 雄山閣, 1984, pp.111-112",(明)董其昌刻,(明)董其昌輯,,,,http://tify.sub.uni-goettingen.de/demo.html?manifest=https://archdataset.dl.itc.u-tokyo.ac.jp/manifest/d221675f-a20c-47a3-937c-d596a5954daa.json,d221675f-a20c-47a3-937c-d596a5954daa,https://iiif.dl.itc.u-tokyo.ac.jp/repo/s/uparl/,https://iiif.dl.itc.u-tokyo.ac.jp/repo/s/asia/document/d221675f-a20c-47a3-937c-d596a5954daa,https://www.lib.u-tokyo.ac.jp/ja/library/contents/archives-top/reuse,https://iiif.dl.itc.u-tokyo.ac.jp/repo/files/medium/19791defb2e1c29c35dae8e73dc8e2f9bbcb94f5.jpg,https://iiif.dl.itc.u-tokyo.ac.jp/repo/api/items/167812,"東京大学附属図書館アジア研究図書館上廣倫理財団寄付研究部門 / Uehiro Project for the Asian Research Library in the University of Tokyo, JAPAN",http://iiif.io/api/presentation/2#rightToLeftDirection,,碑帖拓本コレクション,A006096-12,https://iiif.dl.itc.u-tokyo.ac.jp/repo/iiif/167812/manifest,,,,,27
戯鴻堂法書 十三[A006096-13],,,,,,,,,,,,,,,,,折帖装,A00-6096,16巻,(明)万暦31年,(明)万暦31年,28.4×14.9cm,,"渡辺信旧蔵, 東京大学総合図書館所蔵",16冊,,"東京帝国大学図書印, 明倫堂図書, 渡辺氏図書記",拓本,石刻,戯鴻堂法書十六巻 Xihongtang Fashu 16 juan 戏鸿堂法书十六卷 戲鴻堂法書十六卷,(巻首題)戯鴻堂法書,1603年,1603年,,A006096,,,,松江府華亭県,"宇野雪村『法帖事典』上 : 本論編, 東京, 雄山閣, 1984, pp.111-112",(明)董其昌刻,(明)董其昌輯,,,,http://tify.sub.uni-goettingen.de/demo.html?manifest=https://archdataset.dl.itc.u-tokyo.ac.jp/manifest/864671d2-7dc8-4742-8185-bc1ab2916de3.json,864671d2-7dc8-4742-8185-bc1ab2916de3,https://iiif.dl.itc.u-tokyo.ac.jp/repo/s/uparl/,https://iiif.dl.itc.u-tokyo.ac.jp/repo/s/asia/document/864671d2-7dc8-4742-8185-bc1ab2916de3,https://www.lib.u-tokyo.ac.jp/ja/library/contents/archives-top/reuse,https://iiif.dl.itc.u-tokyo.ac.jp/repo/files/medium/455935aa3ac1a576011eef60aa441c5fddb60aeb.jpg,https://iiif.dl.itc.u-tokyo.ac.jp/repo/api/items/167813,"東京大学附属図書館アジア研究図書館上廣倫理財団寄付研究部門 / Uehiro Project for the Asian Research Library in the University of Tokyo, JAPAN",http://iiif.io/api/presentation/2#rightToLeftDirection,,碑帖拓本コレクション,A006096-13,https://iiif.dl.itc.u-tokyo.ac.jp/repo/iiif/167813/manifest,,,,,31
戯鴻堂法書 十四[A006096-14],,,,,,,,,,,,,,,,,折帖装,A00-6096,16巻,(明)万暦31年,(明)万暦31年,28.4×14.9cm,,"渡辺信旧蔵, 東京大学総合図書館所蔵",16冊,,"東京帝国大学図書印, 明倫堂図書, 渡辺氏図書記",拓本,石刻,戯鴻堂法書十六巻 Xihongtang Fashu 16 juan 戏鸿堂法书十六卷 戲鴻堂法書十六卷,(巻首題)戯鴻堂法書,1603年,1603年,,A006096,,,,松江府華亭県,"宇野雪村『法帖事典』上 : 本論編, 東京, 雄山閣, 1984, pp.111-112",(明)董其昌刻,(明)董其昌輯,,,,http://tify.sub.uni-goettingen.de/demo.html?manifest=https://archdataset.dl.itc.u-tokyo.ac.jp/manifest/c34c18e4-50e7-4615-8c1b-31cf9474cdfa.json,c34c18e4-50e7-4615-8c1b-31cf9474cdfa,https://iiif.dl.itc.u-tokyo.ac.jp/repo/s/uparl/,https://iiif.dl.itc.u-tokyo.ac.jp/repo/s/asia/document/c34c18e4-50e7-4615-8c1b-31cf9474cdfa,https://www.lib.u-tokyo.ac.jp/ja/library/contents/archives-top/reuse,https://iiif.dl.itc.u-tokyo.ac.jp/repo/files/medium/e2be94912a75f0f8e29b9f06b3d146136cbcd543.jpg,https://iiif.dl.itc.u-tokyo.ac.jp/repo/api/items/167814,"東京大学附属図書館アジア研究図書館上廣倫理財団寄付研究部門 / Uehiro Project for the Asian Research Library in the University of Tokyo, JAPAN",http://iiif.io/api/presentation/2#rightToLeftDirection,,碑帖拓本コレクション,A006096-14,https://iiif.dl.itc.u-tokyo.ac.jp/repo/iiif/167814/manifest,,,,,27
戯鴻堂法書 十五[A006096-15],,,,,,,,,,,,,,,,,折帖装,A00-6096,16巻,(明)万暦31年,(明)万暦31年,28.4×14.9cm,,"渡辺信旧蔵, 東京大学総合図書館所蔵",16冊,,"東京帝国大学図書印, 明倫堂図書, 渡辺氏図書記",拓本,石刻,戯鴻堂法書十六巻 Xihongtang Fashu 16 juan 戏鸿堂法书十六卷 戲鴻堂法書十六卷,(巻首題)戯鴻堂法書,1603年,1603年,,A006096,,,,松江府華亭県,"宇野雪村『法帖事典』上 : 本論編, 東京, 雄山閣, 1984, pp.111-112",(明)董其昌刻,(明)董其昌輯,,,,http://tify.sub.uni-goettingen.de/demo.html?manifest=https://archdataset.dl.itc.u-tokyo.ac.jp/manifest/024ce989-a34d-4a1d-87a7-332ca7f578c6.json,024ce989-a34d-4a1d-87a7-332ca7f578c6,https://iiif.dl.itc.u-tokyo.ac.jp/repo/s/uparl/,https://iiif.dl.itc.u-tokyo.ac.jp/repo/s/asia/document/024ce989-a34d-4a1d-87a7-332ca7f578c6,https://www.lib.u-tokyo.ac.jp/ja/library/contents/archives-top/reuse,https://iiif.dl.itc.u-tokyo.ac.jp/repo/files/medium/deb1ff3476d36a2aaff5734cbe319d0bad63a683.jpg,https://iiif.dl.itc.u-tokyo.ac.jp/repo/api/items/167815,"東京大学附属図書館アジア研究図書館上廣倫理財団寄付研究部門 / Uehiro Project for the Asian Research Library in the University of Tokyo, JAPAN",http://iiif.io/api/presentation/2#rightToLeftDirection,,碑帖拓本コレクション,A006096-15,https://iiif.dl.itc.u-tokyo.ac.jp/repo/iiif/167815/manifest,,,,,27
戯鴻堂法書 十六[A006096-16],,,,,,,,,,,,,,,,,折帖装,A00-6096,16巻,(明)万暦31年,(明)万暦31年,28.4×14.9cm,,"渡辺信旧蔵, 東京大学総合図書館所蔵",16冊,,"東京帝国大学図書印, 明倫堂図書, 渡辺氏図書記",拓本,石刻,戯鴻堂法書十六巻 Xihongtang Fashu 16 juan 戏鸿堂法书十六卷 戲鴻堂法書十六卷,(巻首題)戯鴻堂法書,1603年,1603年,,A006096,,,,松江府華亭県,"宇野雪村『法帖事典』上 : 本論編, 東京, 雄山閣, 1984, pp.111-112",(明)董其昌刻,(明)董其昌輯,,,,http://tify.sub.uni-goettingen.de/demo.html?manifest=https://archdataset.dl.itc.u-tokyo.ac.jp/manifest/a4f593b2-d08e-4d60-bc88-b9d57d997e96.json,a4f593b2-d08e-4d60-bc88-b9d57d997e96,https://iiif.dl.itc.u-tokyo.ac.jp/repo/s/uparl/,https://iiif.dl.itc.u-tokyo.ac.jp/repo/s/asia/document/a4f593b2-d08e-4d60-bc88-b9d57d997e96,https://www.lib.u-tokyo.ac.jp/ja/library/contents/archives-top/reuse,https://iiif.dl.itc.u-tokyo.ac.jp/repo/files/medium/8bf112d81fb200de6ea22fcf9e7ca4bc7efae8fe.jpg,https://iiif.dl.itc.u-tokyo.ac.jp/repo/api/items/167816,"東京大学附属図書館アジア研究図書館上廣倫理財団寄付研究部門 / Uehiro Project for the Asian Research Library in the University of Tokyo, JAPAN",http://iiif.io/api/presentation/2#rightToLeftDirection,,碑帖拓本コレクション,A006096-16,https://iiif.dl.itc.u-tokyo.ac.jp/repo/iiif/167816/manifest,,,,,32
泉州本淳化閣帖 四 [A006099-01],,,,,,,,,,,,,,総合図書館、青洲文庫。中国・北宋代の王著が編集した法帖。,,,折帖装,A00-6099,10巻,(明)洪武4年*,(宋)淳化3年11月6日,25.5×13.2cm,,"渡辺信旧蔵, 東京大学総合図書館所蔵",6冊,,東京帝国大学図書印,拓本,石刻,泉州本淳化閣帖十巻闕四巻 Quanzhou ben Chunhua Ge Tie 10 juan que 4 juan 泉州本淳化阁帖十卷阙四卷 泉州本淳化閣帖十卷闕四卷,(巻首題)法帖,1371年*,992年,,A006099,,"巻第2, 4-6, 8-9のみ存する, 朱筆書き入れあり",宋榻淳化閣帖,泉州府*,"*宇野雪村『法帖事典』上 : 本論編, 東京, 雄山閣, 1984, pp.66-68",(明)常性刻*,(宋)王著輯,,,,http://tify.sub.uni-goettingen.de/demo.html?manifest=https://archdataset.dl.itc.u-tokyo.ac.jp/manifest/181e1018-56bf-4b01-9f4e-b6f0f7cc6469.json,181e1018-56bf-4b01-9f4e-b6f0f7cc6469,https://iiif.dl.itc.u-tokyo.ac.jp/repo/s/uparl/,https://iiif.dl.itc.u-tokyo.ac.jp/repo/s/asia/document/181e1018-56bf-4b01-9f4e-b6f0f7cc6469,https://www.lib.u-tokyo.ac.jp/ja/library/contents/archives-top/reuse,https://iiif.dl.itc.u-tokyo.ac.jp/repo/files/medium/c53d67ce18e78fc5e6661d97cc08a39453fccf5c.jpg,https://iiif.dl.itc.u-tokyo.ac.jp/repo/api/items/167817,"東京大学附属図書館アジア研究図書館上廣倫理財団寄付研究部門 / Uehiro Project for the Asian Research Library in the University of Tokyo, JAPAN",http://iiif.io/api/presentation/2#rightToLeftDirection,,碑帖拓本コレクション,A006099-01,https://iiif.dl.itc.u-tokyo.ac.jp/repo/iiif/167817/manifest,,,,,35
泉州本淳化閣帖 五 [A006099-02],,,,,,,,,,,,,,総合図書館、青洲文庫。中国・北宋代の王著が編集した法帖。,,,折帖装,A00-6099,10巻,(明)洪武4年*,(宋)淳化3年11月6日,25.5×13.2cm,,"渡辺信旧蔵, 東京大学総合図書館所蔵",6冊,,東京帝国大学図書印,拓本,石刻,泉州本淳化閣帖十巻闕四巻 Quanzhou ben Chunhua Ge Tie 10 juan que 4 juan 泉州本淳化阁帖十卷阙四卷 泉州本淳化閣帖十卷闕四卷,(巻首題)法帖,1371年*,992年,,A006099,,"巻第2, 4-6, 8-9のみ存する, 朱筆書き入れあり",宋榻淳化閣帖,泉州府*,"*宇野雪村『法帖事典』上 : 本論編, 東京, 雄山閣, 1984, pp.66-68",(明)常性刻*,(宋)王著輯,,,,http://tify.sub.uni-goettingen.de/demo.html?manifest=https://archdataset.dl.itc.u-tokyo.ac.jp/manifest/e58f78df-33c2-4f7c-bf4a-1977166d5607.json,e58f78df-33c2-4f7c-bf4a-1977166d5607,https://iiif.dl.itc.u-tokyo.ac.jp/repo/s/uparl/,https://iiif.dl.itc.u-tokyo.ac.jp/repo/s/asia/document/e58f78df-33c2-4f7c-bf4a-1977166d5607,https://www.lib.u-tokyo.ac.jp/ja/library/contents/archives-top/reuse,https://iiif.dl.itc.u-tokyo.ac.jp/repo/files/medium/3c86248a824d7f86977cc17c58cfafc535d4a766.jpg,https://iiif.dl.itc.u-tokyo.ac.jp/repo/api/items/167818,"東京大学附属図書館アジア研究図書館上廣倫理財団寄付研究部門 / Uehiro Project for the Asian Research Library in the University of Tokyo, JAPAN",http://iiif.io/api/presentation/2#rightToLeftDirection,,碑帖拓本コレクション,A006099-02,https://iiif.dl.itc.u-tokyo.ac.jp/repo/iiif/167818/manifest,,,,,19
泉州本淳化閣帖 六 [A006099-03],,,,,,,,,,,,,,総合図書館、青洲文庫。中国・北宋代の王著が編集した法帖。,,,折帖装,A00-6099,10巻,(明)洪武4年*,(宋)淳化3年11月6日,25.5×13.2cm,,"渡辺信旧蔵, 東京大学総合図書館所蔵",6冊,,東京帝国大学図書印,拓本,石刻,泉州本淳化閣帖十巻闕四巻 Quanzhou ben Chunhua Ge Tie 10 juan que 4 juan 泉州本淳化阁帖十卷阙四卷 泉州本淳化閣帖十卷闕四卷,(巻首題)法帖,1371年*,992年,,A006099,,"巻第2, 4-6, 8-9のみ存する, 朱筆書き入れあり",宋榻淳化閣帖,泉州府*,"*宇野雪村『法帖事典』上 : 本論編, 東京, 雄山閣, 1984, pp.66-68",(明)常性刻*,(宋)王著輯,,,,http://tify.sub.uni-goettingen.de/demo.html?manifest=https://archdataset.dl.itc.u-tokyo.ac.jp/manifest/a46cd6b0-dabf-435a-9459-0595b47604c1.json,a46cd6b0-dabf-435a-9459-0595b47604c1,https://iiif.dl.itc.u-tokyo.ac.jp/repo/s/uparl/,https://iiif.dl.itc.u-tokyo.ac.jp/repo/s/asia/document/a46cd6b0-dabf-435a-9459-0595b47604c1,https://www.lib.u-tokyo.ac.jp/ja/library/contents/archives-top/reuse,https://iiif.dl.itc.u-tokyo.ac.jp/repo/files/medium/6107d07495cfc7f57098960208f03871d6852fc4.jpg,https://iiif.dl.itc.u-tokyo.ac.jp/repo/api/items/167819,"東京大学附属図書館アジア研究図書館上廣倫理財団寄付研究部門 / Uehiro Project for the Asian Research Library in the University of Tokyo, JAPAN",http://iiif.io/api/presentation/2#rightToLeftDirection,,碑帖拓本コレクション,A006099-03,https://iiif.dl.itc.u-tokyo.ac.jp/repo/iiif/167819/manifest,,,,,37
泉州本淳化閣帖 二 [A006099-04],,,,,,,,,,,,,,総合図書館、青洲文庫。中国・北宋代の王著が編集した法帖。,,,折帖装,A00-6099,10巻,(明)洪武4年*,(宋)淳化3年11月6日,25.5×13.2cm,,"渡辺信旧蔵, 東京大学総合図書館所蔵",6冊,,東京帝国大学図書印,拓本,石刻,泉州本淳化閣帖十巻闕四巻 Quanzhou ben Chunhua Ge Tie 10 juan que 4 juan 泉州本淳化阁帖十卷阙四卷 泉州本淳化閣帖十卷闕四卷,(巻首題)法帖,1371年*,992年,,A006099,,"巻第2, 4-6, 8-9のみ存する, 朱筆書き入れあり",宋榻淳化閣帖,泉州府*,"*宇野雪村『法帖事典』上 : 本論編, 東京, 雄山閣, 1984, pp.66-68",(明)常性刻*,(宋)王著輯,,,,http://tify.sub.uni-goettingen.de/demo.html?manifest=https://archdataset.dl.itc.u-tokyo.ac.jp/manifest/ab50da67-deef-4224-b524-6a6b775c1c61.json,ab50da67-deef-4224-b524-6a6b775c1c61,https://iiif.dl.itc.u-tokyo.ac.jp/repo/s/uparl/,https://iiif.dl.itc.u-tokyo.ac.jp/repo/s/asia/document/ab50da67-deef-4224-b524-6a6b775c1c61,https://www.lib.u-tokyo.ac.jp/ja/library/contents/archives-top/reuse,https://iiif.dl.itc.u-tokyo.ac.jp/repo/files/medium/39bdb6b153010783e65e9e993049221979e8adac.jpg,https://iiif.dl.itc.u-tokyo.ac.jp/repo/api/items/167820,"東京大学附属図書館アジア研究図書館上廣倫理財団寄付研究部門 / Uehiro Project for the Asian Research Library in the University of Tokyo, JAPAN",http://iiif.io/api/presentation/2#rightToLeftDirection,,碑帖拓本コレクション,A006099-04,https://iiif.dl.itc.u-tokyo.ac.jp/repo/iiif/167820/manifest,,,,,39
泉州本淳化閣帖 八 [A006099-05],,,,,,,,,,,,,,総合図書館、青洲文庫。中国・北宋代の王著が編集した法帖。,,,折帖装,A00-6099,10巻,(明)洪武4年*,(宋)淳化3年11月6日,25.5×13.2cm,,"渡辺信旧蔵, 東京大学総合図書館所蔵",6冊,,東京帝国大学図書印,拓本,石刻,泉州本淳化閣帖十巻闕四巻 Quanzhou ben Chunhua Ge Tie 10 juan que 4 juan 泉州本淳化阁帖十卷阙四卷 泉州本淳化閣帖十卷闕四卷,(巻首題)法帖,1371年*,992年,,A006099,,"巻第2, 4-6, 8-9のみ存する, 朱筆書き入れあり",宋榻淳化閣帖,泉州府*,"*宇野雪村『法帖事典』上 : 本論編, 東京, 雄山閣, 1984, pp.66-68",(明)常性刻*,(宋)王著輯,,,,http://tify.sub.uni-goettingen.de/demo.html?manifest=https://archdataset.dl.itc.u-tokyo.ac.jp/manifest/bff6f7ca-9187-4f44-aeda-89227316ab62.json,bff6f7ca-9187-4f44-aeda-89227316ab62,https://iiif.dl.itc.u-tokyo.ac.jp/repo/s/uparl/,https://iiif.dl.itc.u-tokyo.ac.jp/repo/s/asia/document/bff6f7ca-9187-4f44-aeda-89227316ab62,https://www.lib.u-tokyo.ac.jp/ja/library/contents/archives-top/reuse,https://iiif.dl.itc.u-tokyo.ac.jp/repo/files/medium/2ba66d5f061d864716dbcd03502d1939467e432f.jpg,https://iiif.dl.itc.u-tokyo.ac.jp/repo/api/items/167821,"東京大学附属図書館アジア研究図書館上廣倫理財団寄付研究部門 / Uehiro Project for the Asian Research Library in the University of Tokyo, JAPAN",http://iiif.io/api/presentation/2#rightToLeftDirection,,碑帖拓本コレクション,A006099-05,https://iiif.dl.itc.u-tokyo.ac.jp/repo/iiif/167821/manifest,,,,,26
泉州本淳化閣帖 九 [A006099-06],,,,,,,,,,,,,,総合図書館、青洲文庫。中国・北宋代の王著が編集した法帖。,,,折帖装,A00-6099,10巻,(明)洪武4年*,(宋)淳化3年11月6日,25.5×13.2cm,,"渡辺信旧蔵, 東京大学総合図書館所蔵",6冊,,東京帝国大学図書印,拓本,石刻,泉州本淳化閣帖十巻闕四巻 Quanzhou ben Chunhua Ge Tie 10 juan que 4 juan 泉州本淳化阁帖十卷阙四卷 泉州本淳化閣帖十卷闕四卷,(巻首題)法帖,1371年*,992年,,A006099,,"巻第2, 4-6, 8-9のみ存する, 朱筆書き入れあり",宋榻淳化閣帖,泉州府*,"*宇野雪村『法帖事典』上 : 本論編, 東京, 雄山閣, 1984, pp.66-68",(明)常性刻*,(宋)王著輯,,,,http://tify.sub.uni-goettingen.de/demo.html?manifest=https://archdataset.dl.itc.u-tokyo.ac.jp/manifest/7b18ff76-04e4-4de7-907c-27d78e8155f7.json,7b18ff76-04e4-4de7-907c-27d78e8155f7,https://iiif.dl.itc.u-tokyo.ac.jp/repo/s/uparl/,https://iiif.dl.itc.u-tokyo.ac.jp/repo/s/asia/document/7b18ff76-04e4-4de7-907c-27d78e8155f7,https://www.lib.u-tokyo.ac.jp/ja/library/contents/archives-top/reuse,https://iiif.dl.itc.u-tokyo.ac.jp/repo/files/medium/0baf2a549cf837a8703e478103529415ed0f60dc.jpg,https://iiif.dl.itc.u-tokyo.ac.jp/repo/api/items/167822,"東京大学附属図書館アジア研究図書館上廣倫理財団寄付研究部門 / Uehiro Project for the Asian Research Library in the University of Tokyo, JAPAN",http://iiif.io/api/presentation/2#rightToLeftDirection,,碑帖拓本コレクション,A006099-06,https://iiif.dl.itc.u-tokyo.ac.jp/repo/iiif/167822/manifest,,,,,33
停雲館帖 一[A006100-01],,,,,,,,,,,,,,総合図書館、青洲文庫。中国・明代の文徴明が、歴代の名書を集めて刻した法帖。,,,画帖装,A00-6100,12巻,(明)嘉靖16-39年,(明)嘉靖16-39年,34.7×21.3cm,,"渡辺信旧蔵, 東京大学総合図書館所蔵",12冊,,"渡辺氏図書記, 東京帝国大学図書印",拓本,石刻,停雲館帖十二巻 Tingyunguan Tie 12 juan 停云馆帖十二卷 停雲館帖十二卷,,1537-1560年,1537-1560年,,A006100,,,停雲館,蘇州府長洲県,"宇野雪村『法帖事典』上 : 本論編, 東京, 雄山閣, 1984, pp.114-119",(明)文徴明刻,(明)文徴明輯,,,,http://tify.sub.uni-goettingen.de/demo.html?manifest=https://archdataset.dl.itc.u-tokyo.ac.jp/manifest/f68adc10-4757-4789-ab9c-e38250e5b166.json,f68adc10-4757-4789-ab9c-e38250e5b166,https://iiif.dl.itc.u-tokyo.ac.jp/repo/s/uparl/,https://iiif.dl.itc.u-tokyo.ac.jp/repo/s/asia/document/f68adc10-4757-4789-ab9c-e38250e5b166,https://www.lib.u-tokyo.ac.jp/ja/library/contents/archives-top/reuse,https://iiif.dl.itc.u-tokyo.ac.jp/repo/files/medium/3f1cd9507522ee11b252e322e691cb3904882350.jpg,https://iiif.dl.itc.u-tokyo.ac.jp/repo/api/items/167823,"東京大学附属図書館アジア研究図書館上廣倫理財団寄付研究部門 / Uehiro Project for the Asian Research Library in the University of Tokyo, JAPAN",http://iiif.io/api/presentation/2#rightToLeftDirection,,碑帖拓本コレクション,A006100-01,https://iiif.dl.itc.u-tokyo.ac.jp/repo/iiif/167823/manifest,,,,,34
停雲館帖 二[A006100-02],,,,,,,,,,,,,,総合図書館、青洲文庫。中国・明代の文徴明が、歴代の名書を集めて刻した法帖。,,,画帖装,A00-6100,12巻,(明)嘉靖16-39年,(明)嘉靖16-39年,34.7×21.3cm,,"渡辺信旧蔵, 東京大学総合図書館所蔵",12冊,,"渡辺氏図書記, 東京帝国大学図書印",拓本,石刻,停雲館帖十二巻 Tingyunguan Tie 12 juan 停云馆帖十二卷 停雲館帖十二卷,,1537-1560年,1537-1560年,,A006100,,,停雲館,蘇州府長洲県,"宇野雪村『法帖事典』上 : 本論編, 東京, 雄山閣, 1984, pp.114-119",(明)文徴明刻,(明)文徴明輯,,,,http://tify.sub.uni-goettingen.de/demo.html?manifest=https://archdataset.dl.itc.u-tokyo.ac.jp/manifest/1a423ba4-5553-46b8-b99c-2058208376dc.json,1a423ba4-5553-46b8-b99c-2058208376dc,https://iiif.dl.itc.u-tokyo.ac.jp/repo/s/uparl/,https://iiif.dl.itc.u-tokyo.ac.jp/repo/s/asia/document/1a423ba4-5553-46b8-b99c-2058208376dc,https://www.lib.u-tokyo.ac.jp/ja/library/contents/archives-top/reuse,https://iiif.dl.itc.u-tokyo.ac.jp/repo/files/medium/25b271ca1003d110dd7ed8c610a4e0d7f026141e.jpg,https://iiif.dl.itc.u-tokyo.ac.jp/repo/api/items/167824,"東京大学附属図書館アジア研究図書館上廣倫理財団寄付研究部門 / Uehiro Project for the Asian Research Library in the University of Tokyo, JAPAN",http://iiif.io/api/presentation/2#rightToLeftDirection,,碑帖拓本コレクション,A006100-02,https://iiif.dl.itc.u-tokyo.ac.jp/repo/iiif/167824/manifest,,,,,32
停雲館帖 三[A006100-03],,,,,,,,,,,,,,総合図書館、青洲文庫。中国・明代の文徴明が、歴代の名書を集めて刻した法帖。,,,画帖装,A00-6100,12巻,(明)嘉靖16-39年,(明)嘉靖16-39年,34.7×21.3cm,,"渡辺信旧蔵, 東京大学総合図書館所蔵",12冊,,"渡辺氏図書記, 東京帝国大学図書印",拓本,石刻,停雲館帖十二巻 Tingyunguan Tie 12 juan 停云馆帖十二卷 停雲館帖十二卷,,1537-1560年,1537-1560年,,A006100,,,停雲館,蘇州府長洲県,"宇野雪村『法帖事典』上 : 本論編, 東京, 雄山閣, 1984, pp.114-119",(明)文徴明刻,(明)文徴明輯,,,,http://tify.sub.uni-goettingen.de/demo.html?manifest=https://archdataset.dl.itc.u-tokyo.ac.jp/manifest/0a6affac-a19f-40ed-b0c8-9aa4fb18a800.json,0a6affac-a19f-40ed-b0c8-9aa4fb18a800,https://iiif.dl.itc.u-tokyo.ac.jp/repo/s/uparl/,https://iiif.dl.itc.u-tokyo.ac.jp/repo/s/asia/document/0a6affac-a19f-40ed-b0c8-9aa4fb18a800,https://www.lib.u-tokyo.ac.jp/ja/library/contents/archives-top/reuse,https://iiif.dl.itc.u-tokyo.ac.jp/repo/files/medium/df63a40734dd9acde5fecf19eb3563e8518b4f20.jpg,https://iiif.dl.itc.u-tokyo.ac.jp/repo/api/items/167825,"東京大学附属図書館アジア研究図書館上廣倫理財団寄付研究部門 / Uehiro Project for the Asian Research Library in the University of Tokyo, JAPAN",http://iiif.io/api/presentation/2#rightToLeftDirection,,碑帖拓本コレクション,A006100-03,https://iiif.dl.itc.u-tokyo.ac.jp/repo/iiif/167825/manifest,,,,,28
停雲館帖 四[A006100-04],,,,,,,,,,,,,,総合図書館、青洲文庫。中国・明代の文徴明が、歴代の名書を集めて刻した法帖。,,,画帖装,A00-6100,12巻,(明)嘉靖16-39年,(明)嘉靖16-39年,34.7×21.3cm,,"渡辺信旧蔵, 東京大学総合図書館所蔵",12冊,,"渡辺氏図書記, 東京帝国大学図書印",拓本,石刻,停雲館帖十二巻 Tingyunguan Tie 12 juan 停云馆帖十二卷 停雲館帖十二卷,,1537-1560年,1537-1560年,,A006100,,,停雲館,蘇州府長洲県,"宇野雪村『法帖事典』上 : 本論編, 東京, 雄山閣, 1984, pp.114-119",(明)文徴明刻,(明)文徴明輯,,,,http://tify.sub.uni-goettingen.de/demo.html?manifest=https://archdataset.dl.itc.u-tokyo.ac.jp/manifest/baadef82-224f-4704-9eff-7caae8e20a9f.json,baadef82-224f-4704-9eff-7caae8e20a9f,https://iiif.dl.itc.u-tokyo.ac.jp/repo/s/uparl/,https://iiif.dl.itc.u-tokyo.ac.jp/repo/s/asia/document/baadef82-224f-4704-9eff-7caae8e20a9f,https://www.lib.u-tokyo.ac.jp/ja/library/contents/archives-top/reuse,https://iiif.dl.itc.u-tokyo.ac.jp/repo/files/medium/f579604d50f651b11bc829feda5be1e1a8c5360d.jpg,https://iiif.dl.itc.u-tokyo.ac.jp/repo/api/items/167826,"東京大学附属図書館アジア研究図書館上廣倫理財団寄付研究部門 / Uehiro Project for the Asian Research Library in the University of Tokyo, JAPAN",http://iiif.io/api/presentation/2#rightToLeftDirection,,碑帖拓本コレクション,A006100-04,https://iiif.dl.itc.u-tokyo.ac.jp/repo/iiif/167826/manifest,,,,,29
停雲館帖 五[A006100-05],,,,,,,,,,,,,,総合図書館、青洲文庫。中国・明代の文徴明が、歴代の名書を集めて刻した法帖。,,,画帖装,A00-6100,12巻,(明)嘉靖16-39年,(明)嘉靖16-39年,34.7×21.3cm,,"渡辺信旧蔵, 東京大学総合図書館所蔵",12冊,,"渡辺氏図書記, 東京帝国大学図書印",拓本,石刻,停雲館帖十二巻 Tingyunguan Tie 12 juan 停云馆帖十二卷 停雲館帖十二卷,,1537-1560年,1537-1560年,,A006100,,,停雲館,蘇州府長洲県,"宇野雪村『法帖事典』上 : 本論編, 東京, 雄山閣, 1984, pp.114-119",(明)文徴明刻,(明)文徴明輯,,,,http://tify.sub.uni-goettingen.de/demo.html?manifest=https://archdataset.dl.itc.u-tokyo.ac.jp/manifest/286e4283-14f4-461b-b7f6-16e7ff6e1767.json,286e4283-14f4-461b-b7f6-16e7ff6e1767,https://iiif.dl.itc.u-tokyo.ac.jp/repo/s/uparl/,https://iiif.dl.itc.u-tokyo.ac.jp/repo/s/asia/document/286e4283-14f4-461b-b7f6-16e7ff6e1767,https://www.lib.u-tokyo.ac.jp/ja/library/contents/archives-top/reuse,https://iiif.dl.itc.u-tokyo.ac.jp/repo/files/medium/4a33c846b248f2a0a8b0a3fc4b01bb7ec8bacf39.jpg,https://iiif.dl.itc.u-tokyo.ac.jp/repo/api/items/167827,"東京大学附属図書館アジア研究図書館上廣倫理財団寄付研究部門 / Uehiro Project for the Asian Research Library in the University of Tokyo, JAPAN",http://iiif.io/api/presentation/2#rightToLeftDirection,,碑帖拓本コレクション,A006100-05,https://iiif.dl.itc.u-tokyo.ac.jp/repo/iiif/167827/manifest,,,,,31
停雲館帖 六[A006100-06],,,,,,,,,,,,,,総合図書館、青洲文庫。中国・明代の文徴明が、歴代の名書を集めて刻した法帖。,,,画帖装,A00-6100,12巻,(明)嘉靖16-39年,(明)嘉靖16-39年,34.7×21.3cm,,"渡辺信旧蔵, 東京大学総合図書館所蔵",12冊,,"渡辺氏図書記, 東京帝国大学図書印",拓本,石刻,停雲館帖十二巻 Tingyunguan Tie 12 juan 停云馆帖十二卷 停雲館帖十二卷,,1537-1560年,1537-1560年,,A006100,,,停雲館,蘇州府長洲県,"宇野雪村『法帖事典』上 : 本論編, 東京, 雄山閣, 1984, pp.114-119",(明)文徴明刻,(明)文徴明輯,,,,http://tify.sub.uni-goettingen.de/demo.html?manifest=https://archdataset.dl.itc.u-tokyo.ac.jp/manifest/b87a0908-85f1-4d3d-b718-b752b9b42b56.json,b87a0908-85f1-4d3d-b718-b752b9b42b56,https://iiif.dl.itc.u-tokyo.ac.jp/repo/s/uparl/,https://iiif.dl.itc.u-tokyo.ac.jp/repo/s/asia/document/b87a0908-85f1-4d3d-b718-b752b9b42b56,https://www.lib.u-tokyo.ac.jp/ja/library/contents/archives-top/reuse,https://iiif.dl.itc.u-tokyo.ac.jp/repo/files/medium/c28c09d522ce0048ef6a6a91df614c78a284b2f7.jpg,https://iiif.dl.itc.u-tokyo.ac.jp/repo/api/items/167828,"東京大学附属図書館アジア研究図書館上廣倫理財団寄付研究部門 / Uehiro Project for the Asian Research Library in the University of Tokyo, JAPAN",http://iiif.io/api/presentation/2#rightToLeftDirection,,碑帖拓本コレクション,A006100-06,https://iiif.dl.itc.u-tokyo.ac.jp/repo/iiif/167828/manifest,,,,,27
停雲館帖 七[A006100-07],,,,,,,,,,,,,,総合図書館、青洲文庫。中国・明代の文徴明が、歴代の名書を集めて刻した法帖。,,,画帖装,A00-6100,12巻,(明)嘉靖16-39年,(明)嘉靖16-39年,34.7×21.3cm,,"渡辺信旧蔵, 東京大学総合図書館所蔵",12冊,,"渡辺氏図書記, 東京帝国大学図書印",拓本,石刻,停雲館帖十二巻 Tingyunguan Tie 12 juan 停云馆帖十二卷 停雲館帖十二卷,,1537-1560年,1537-1560年,,A006100,,,停雲館,蘇州府長洲県,"宇野雪村『法帖事典』上 : 本論編, 東京, 雄山閣, 1984, pp.114-119",(明)文徴明刻,(明)文徴明輯,,,,http://tify.sub.uni-goettingen.de/demo.html?manifest=https://archdataset.dl.itc.u-tokyo.ac.jp/manifest/cbc85152-a12c-4483-b523-e092c42b7fe3.json,cbc85152-a12c-4483-b523-e092c42b7fe3,https://iiif.dl.itc.u-tokyo.ac.jp/repo/s/uparl/,https://iiif.dl.itc.u-tokyo.ac.jp/repo/s/asia/document/cbc85152-a12c-4483-b523-e092c42b7fe3,https://www.lib.u-tokyo.ac.jp/ja/library/contents/archives-top/reuse,https://iiif.dl.itc.u-tokyo.ac.jp/repo/files/medium/ae069fd7e14d41419950bf235c148bc67984e379.jpg,https://iiif.dl.itc.u-tokyo.ac.jp/repo/api/items/167829,"東京大学附属図書館アジア研究図書館上廣倫理財団寄付研究部門 / Uehiro Project for the Asian Research Library in the University of Tokyo, JAPAN",http://iiif.io/api/presentation/2#rightToLeftDirection,,碑帖拓本コレクション,A006100-07,https://iiif.dl.itc.u-tokyo.ac.jp/repo/iiif/167829/manifest,,,,,23
停雲館帖 八[A006100-08],,,,,,,,,,,,,,総合図書館、青洲文庫。中国・明代の文徴明が、歴代の名書を集めて刻した法帖。,,,画帖装,A00-6100,12巻,(明)嘉靖16-39年,(明)嘉靖16-39年,34.7×21.3cm,,"渡辺信旧蔵, 東京大学総合図書館所蔵",12冊,,"渡辺氏図書記, 東京帝国大学図書印",拓本,石刻,停雲館帖十二巻 Tingyunguan Tie 12 juan 停云馆帖十二卷 停雲館帖十二卷,,1537-1560年,1537-1560年,,A006100,,,停雲館,蘇州府長洲県,"宇野雪村『法帖事典』上 : 本論編, 東京, 雄山閣, 1984, pp.114-119",(明)文徴明刻,(明)文徴明輯,,,,http://tify.sub.uni-goettingen.de/demo.html?manifest=https://archdataset.dl.itc.u-tokyo.ac.jp/manifest/dec87133-986c-41b0-b31b-bc2b15ae5483.json,dec87133-986c-41b0-b31b-bc2b15ae5483,https://iiif.dl.itc.u-tokyo.ac.jp/repo/s/uparl/,https://iiif.dl.itc.u-tokyo.ac.jp/repo/s/asia/document/dec87133-986c-41b0-b31b-bc2b15ae5483,https://www.lib.u-tokyo.ac.jp/ja/library/contents/archives-top/reuse,https://iiif.dl.itc.u-tokyo.ac.jp/repo/files/medium/7b5a069e7d25992a1d4e1cea7bf3401ae6e44a16.jpg,https://iiif.dl.itc.u-tokyo.ac.jp/repo/api/items/167830,"東京大学附属図書館アジア研究図書館上廣倫理財団寄付研究部門 / Uehiro Project for the Asian Research Library in the University of Tokyo, JAPAN",http://iiif.io/api/presentation/2#rightToLeftDirection,,碑帖拓本コレクション,A006100-08,https://iiif.dl.itc.u-tokyo.ac.jp/repo/iiif/167830/manifest,,,,,24
停雲館帖 九[A006100-09],,,,,,,,,,,,,,総合図書館、青洲文庫。中国・明代の文徴明が、歴代の名書を集めて刻した法帖。,,,画帖装,A00-6100,12巻,(明)嘉靖16-39年,(明)嘉靖16-39年,34.7×21.3cm,,"渡辺信旧蔵, 東京大学総合図書館所蔵",12冊,,"渡辺氏図書記, 東京帝国大学図書印",拓本,石刻,停雲館帖十二巻 Tingyunguan Tie 12 juan 停云馆帖十二卷 停雲館帖十二卷,,1537-1560年,1537-1560年,,A006100,,,停雲館,蘇州府長洲県,"宇野雪村『法帖事典』上 : 本論編, 東京, 雄山閣, 1984, pp.114-119",(明)文徴明刻,(明)文徴明輯,,,,http://tify.sub.uni-goettingen.de/demo.html?manifest=https://archdataset.dl.itc.u-tokyo.ac.jp/manifest/9270e53c-c8f8-4496-864e-e4f20c7d8b95.json,9270e53c-c8f8-4496-864e-e4f20c7d8b95,https://iiif.dl.itc.u-tokyo.ac.jp/repo/s/uparl/,https://iiif.dl.itc.u-tokyo.ac.jp/repo/s/asia/document/9270e53c-c8f8-4496-864e-e4f20c7d8b95,https://www.lib.u-tokyo.ac.jp/ja/library/contents/archives-top/reuse,https://iiif.dl.itc.u-tokyo.ac.jp/repo/files/medium/e5d296de8bf9f227d3018a0b8652307fa3c49cb5.jpg,https://iiif.dl.itc.u-tokyo.ac.jp/repo/api/items/167831,"東京大学附属図書館アジア研究図書館上廣倫理財団寄付研究部門 / Uehiro Project for the Asian Research Library in the University of Tokyo, JAPAN",http://iiif.io/api/presentation/2#rightToLeftDirection,,碑帖拓本コレクション,A006100-09,https://iiif.dl.itc.u-tokyo.ac.jp/repo/iiif/167831/manifest,,,,,26
停雲館帖 十[A006100-10],,,,,,,,,,,,,,総合図書館、青洲文庫。中国・明代の文徴明が、歴代の名書を集めて刻した法帖。,,,画帖装,A00-6100,12巻,(明)嘉靖16-39年,(明)嘉靖16-39年,34.7×21.3cm,,"渡辺信旧蔵, 東京大学総合図書館所蔵",12冊,,"渡辺氏図書記, 東京帝国大学図書印",拓本,石刻,停雲館帖十二巻 Tingyunguan Tie 12 juan 停云馆帖十二卷 停雲館帖十二卷,,1537-1560年,1537-1560年,,A006100,,,停雲館,蘇州府長洲県,"宇野雪村『法帖事典』上 : 本論編, 東京, 雄山閣, 1984, pp.114-119",(明)文徴明刻,(明)文徴明輯,,,,http://tify.sub.uni-goettingen.de/demo.html?manifest=https://archdataset.dl.itc.u-tokyo.ac.jp/manifest/bdbaa7ac-baa2-485f-86d7-b029d00f21d4.json,bdbaa7ac-baa2-485f-86d7-b029d00f21d4,https://iiif.dl.itc.u-tokyo.ac.jp/repo/s/uparl/,https://iiif.dl.itc.u-tokyo.ac.jp/repo/s/asia/document/bdbaa7ac-baa2-485f-86d7-b029d00f21d4,https://www.lib.u-tokyo.ac.jp/ja/library/contents/archives-top/reuse,https://iiif.dl.itc.u-tokyo.ac.jp/repo/files/medium/2f12799f52b6f6cc3c6f91b1bae639d1caf2a3c6.jpg,https://iiif.dl.itc.u-tokyo.ac.jp/repo/api/items/167832,"東京大学附属図書館アジア研究図書館上廣倫理財団寄付研究部門 / Uehiro Project for the Asian Research Library in the University of Tokyo, JAPAN",http://iiif.io/api/presentation/2#rightToLeftDirection,,碑帖拓本コレクション,A006100-10,https://iiif.dl.itc.u-tokyo.ac.jp/repo/iiif/167832/manifest,,,,,30
停雲館帖 十一[A006100-11],,,,,,,,,,,,,,総合図書館、青洲文庫。中国・明代の文徴明が、歴代の名書を集めて刻した法帖。,,,画帖装,A00-6100,12巻,(明)嘉靖16-39年,(明)嘉靖16-39年,34.7×21.3cm,,"渡辺信旧蔵, 東京大学総合図書館所蔵",12冊,,"渡辺氏図書記, 東京帝国大学図書印",拓本,石刻,停雲館帖十二巻 Tingyunguan Tie 12 juan 停云馆帖十二卷 停雲館帖十二卷,,1537-1560年,1537-1560年,,A006100,,,停雲館,蘇州府長洲県,"宇野雪村『法帖事典』上 : 本論編, 東京, 雄山閣, 1984, pp.114-119",(明)文徴明刻,(明)文徴明輯,,,,http://tify.sub.uni-goettingen.de/demo.html?manifest=https://archdataset.dl.itc.u-tokyo.ac.jp/manifest/742876cd-8985-4fa8-836d-8869ca6b187e.json,742876cd-8985-4fa8-836d-8869ca6b187e,https://iiif.dl.itc.u-tokyo.ac.jp/repo/s/uparl/,https://iiif.dl.itc.u-tokyo.ac.jp/repo/s/asia/document/742876cd-8985-4fa8-836d-8869ca6b187e,https://www.lib.u-tokyo.ac.jp/ja/library/contents/archives-top/reuse,https://iiif.dl.itc.u-tokyo.ac.jp/repo/files/medium/37824845a963884aa6ae96612ca8870e6815b57e.jpg,https://iiif.dl.itc.u-tokyo.ac.jp/repo/api/items/167833,"東京大学附属図書館アジア研究図書館上廣倫理財団寄付研究部門 / Uehiro Project for the Asian Research Library in the University of Tokyo, JAPAN",http://iiif.io/api/presentation/2#rightToLeftDirection,,碑帖拓本コレクション,A006100-11,https://iiif.dl.itc.u-tokyo.ac.jp/repo/iiif/167833/manifest,,,,,28
停雲館帖 十二[A006100-12],,,,,,,,,,,,,,総合図書館、青洲文庫。中国・明代の文徴明が、歴代の名書を集めて刻した法帖。,,,画帖装,A00-6100,12巻,(明)嘉靖16-39年,(明)嘉靖16-39年,34.7×21.3cm,,"渡辺信旧蔵, 東京大学総合図書館所蔵",12冊,,"渡辺氏図書記, 東京帝国大学図書印",拓本,石刻,停雲館帖十二巻 Tingyunguan Tie 12 juan 停云馆帖十二卷 停雲館帖十二卷,,1537-1560年,1537-1560年,,A006100,,,停雲館,蘇州府長洲県,"宇野雪村『法帖事典』上 : 本論編, 東京, 雄山閣, 1984, pp.114-119",(明)文徴明刻,(明)文徴明輯,,,,http://tify.sub.uni-goettingen.de/demo.html?manifest=https://archdataset.dl.itc.u-tokyo.ac.jp/manifest/191da3cc-af52-4dcf-afc6-8e3bf27db676.json,191da3cc-af52-4dcf-afc6-8e3bf27db676,https://iiif.dl.itc.u-tokyo.ac.jp/repo/s/uparl/,https://iiif.dl.itc.u-tokyo.ac.jp/repo/s/asia/document/191da3cc-af52-4dcf-afc6-8e3bf27db676,https://www.lib.u-tokyo.ac.jp/ja/library/contents/archives-top/reuse,https://iiif.dl.itc.u-tokyo.ac.jp/repo/files/medium/e81907ec50d7d266a6ce732549e344a969a3d3d4.jpg,https://iiif.dl.itc.u-tokyo.ac.jp/repo/api/items/167834,"東京大学附属図書館アジア研究図書館上廣倫理財団寄付研究部門 / Uehiro Project for the Asian Research Library in the University of Tokyo, JAPAN",http://iiif.io/api/presentation/2#rightToLeftDirection,,碑帖拓本コレクション,A006100-12,https://iiif.dl.itc.u-tokyo.ac.jp/repo/iiif/167834/manifest,,,,,21
偽絳帖 十二 [A006107],,,,,,,,,,,,,,総合図書館、青洲文庫。中国で、宋代の「絳帖」を模して作られた偽法帖。,,,折帖装,A00-6107,12巻,,明*,30.3×15.7cm,,"渡辺信旧蔵, 東京大学総合図書館所蔵",1冊,,"渡辺氏図書記, 東京帝国大学図書印, 奎章館, 翰林之印, 項氏子京, 檇李項氏士家宝玩",拓本,石刻,偽絳帖残一巻 Wei Jiang Tie can 1 juan 伪绛帖残一卷 偽絳帖殘一卷,(巻首題)絳帖,,14-17世紀*,,A006107,,巻第12のみ存する,絳帖,,"*宇野雪村『法帖事典』上 : 本論編, 東京, 雄山閣, 1984, pp.79-81",,,,,,http://tify.sub.uni-goettingen.de/demo.html?manifest=https://archdataset.dl.itc.u-tokyo.ac.jp/manifest/7500f051-8805-4308-aa88-e2d933a9162e.json,7500f051-8805-4308-aa88-e2d933a9162e,https://iiif.dl.itc.u-tokyo.ac.jp/repo/s/uparl/,https://iiif.dl.itc.u-tokyo.ac.jp/repo/s/asia/document/7500f051-8805-4308-aa88-e2d933a9162e,https://www.lib.u-tokyo.ac.jp/ja/library/contents/archives-top/reuse,https://iiif.dl.itc.u-tokyo.ac.jp/repo/files/medium/6bd8bce0abebfa1b0e6414eb6735d4c30fdcad66.jpg,https://iiif.dl.itc.u-tokyo.ac.jp/repo/api/items/167835,"東京大学附属図書館アジア研究図書館上廣倫理財団寄付研究部門 / Uehiro Project for the Asian Research Library in the University of Tokyo, JAPAN",http://iiif.io/api/presentation/2#rightToLeftDirection,,碑帖拓本コレクション,A006107-00,https://iiif.dl.itc.u-tokyo.ac.jp/repo/iiif/167835/manifest,,,,,19
拪先塋記 [A006222],,,,,,,,,,,,,,総合図書館、青洲文庫。中国・唐代の李陽冰が篆書で記した碑文。,,,画帖装,A00-6222,,,(唐)大暦2年,30.6×19.6cm,,"渡辺信旧蔵, 東京大学総合図書館所蔵",1冊,,"東京帝国大学図書印, 青洲文庫, 石斎珍蔵",拓本,石刻,拪先塋記 Qian xianying ji 拪先茔记 拪先塋記,(巻首題)拪先塋記,,767年,,A006222,,"書き入れあり, 裏打ち修復済み, 虫損あり",陽氷拪先塋記,,,,(唐)李陽冰書,B7874,,,http://tify.sub.uni-goettingen.de/demo.html?manifest=https://archdataset.dl.itc.u-tokyo.ac.jp/manifest/a106c72a-5a4b-2c8f-888c-0d0bdc67921a.json,a106c72a-5a4b-2c8f-888c-0d0bdc67921a,https://iiif.dl.itc.u-tokyo.ac.jp/repo/s/asia,https://iiif.dl.itc.u-tokyo.ac.jp/repo/s/asia/document/a106c72a-5a4b-2c8f-888c-0d0bdc67921a,https://www.lib.u-tokyo.ac.jp/ja/library/contents/archives-top/reuse,https://iiif.dl.itc.u-tokyo.ac.jp/repo/files/medium/a58870a858dbbea00233008c38542cbd23a23843.jpg,https://iiif.dl.itc.u-tokyo.ac.jp/repo/api/items/1070426,"東京大学附属図書館アジア研究図書館上廣倫理財団寄付研究部門 / Uehiro Project for the Asian Research Library in the University of Tokyo, JAPAN",http://iiif.io/api/presentation/2#rightToLeftDirection,,碑帖拓本コレクション,A006222-00,https://iiif.dl.itc.u-tokyo.ac.jp/repo/iiif/a106c72a-5a4b-2c8f-888c-0d0bdc67921a/manifest,,,,,21
顔氏家廟碑 [A006258],,,,,,,,,,,,,,,,,画帖装,A00-6258,,,(唐)建中元年7月1日,32.6×18.9cm,,"渡辺信旧蔵, 東京大学総合図書館所蔵",4冊,,"青洲, 峩眉山下人, 渡辺氏図書記, 東京帝国大学図書印",拓本,石刻,顔氏家廟碑 Yanshi jiamiao bei 颜氏家庙碑 顏氏家廟碑,(巻首題)唐故通議大夫行薛王友柱国贈秘書少監国子祭酒太子少保顔君廟碑銘并序,,780年,,A006258,,書き入れあり,家庿碑,,,,(唐)顔真卿書,B7874,,,http://tify.sub.uni-goettingen.de/demo.html?manifest=https://archdataset.dl.itc.u-tokyo.ac.jp/manifest/2174ef9b-6541-79cc-9d37-a38cac02225c.json,2174ef9b-6541-79cc-9d37-a38cac02225c,https://iiif.dl.itc.u-tokyo.ac.jp/repo/s/asia,https://iiif.dl.itc.u-tokyo.ac.jp/repo/s/asia/document/2174ef9b-6541-79cc-9d37-a38cac02225c,https://www.lib.u-tokyo.ac.jp/ja/library/contents/archives-top/reuse,https://iiif.dl.itc.u-tokyo.ac.jp/repo/files/medium/fcc6adfde26f3d18ff82b42b5bbabf0982dfcf29.jpg,https://iiif.dl.itc.u-tokyo.ac.jp/repo/api/items/1070427,"東京大学附属図書館アジア研究図書館上廣倫理財団寄付研究部門 / Uehiro Project for the Asian Research Library in the University of Tokyo, JAPAN",http://iiif.io/api/presentation/2#rightToLeftDirection,,碑帖拓本コレクション,A006258-00,https://iiif.dl.itc.u-tokyo.ac.jp/repo/iiif/2174ef9b-6541-79cc-9d37-a38cac02225c/manifest,,,,,114
張遷碑 [A006261],,,,,,,,,,,,,,,,,折帖装,A00-6261,,,(後漢)中平3年2月,,,"渡辺信旧蔵, 東京大学総合図書館所蔵",1冊,,東京帝国大学図書印,拓本,石刻,張遷碑 Zhang Qian bei 张迁碑 張遷碑,(巻首題)漢故穀城長蕩陰令張君表頌,,186年,,A006261,,"書き入れあり, 付箋あり",古拓張遷碑,,,,,B7874,,,http://tify.sub.uni-goettingen.de/demo.html?manifest=https://archdataset.dl.itc.u-tokyo.ac.jp/manifest/6be0a531-a57e-4d99-109e-3cb2dff175aa.json,6be0a531-a57e-4d99-109e-3cb2dff175aa,https://iiif.dl.itc.u-tokyo.ac.jp/repo/s/asia,https://iiif.dl.itc.u-tokyo.ac.jp/repo/s/asia/document/6be0a531-a57e-4d99-109e-3cb2dff175aa,https://www.lib.u-tokyo.ac.jp/ja/library/contents/archives-top/reuse,https://iiif.dl.itc.u-tokyo.ac.jp/repo/files/medium/d53ba9b32255685122e3469c36913d95ae74d45d.jpg,https://iiif.dl.itc.u-tokyo.ac.jp/repo/api/items/1070428,"東京大学附属図書館アジア研究図書館上廣倫理財団寄付研究部門 / Uehiro Project for the Asian Research Library in the University of Tokyo, JAPAN",http://iiif.io/api/presentation/2#rightToLeftDirection,,碑帖拓本コレクション,A006261-00,https://iiif.dl.itc.u-tokyo.ac.jp/repo/iiif/6be0a531-a57e-4d99-109e-3cb2dff175aa/manifest,,,,,31
曹全碑 [A006263],,,,,,,,,,,,,,総合図書館。中国・漢代の隷書の碑文。,,,画帖装,A00-6263,,,(後漢)中平2年10月,31.9×17.5cm,,"渡辺信旧蔵, 東京大学総合図書館所蔵",1冊,,"渡辺氏図書記, 東京帝国大学図書印, 翠谷印章, 義道, 玉山",拓本,石刻,曹全碑 Cao Quan bei 曹全碑 曹全碑,,,185年,,A006263,,,曹全碑,,,,,B7874,,,http://tify.sub.uni-goettingen.de/demo.html?manifest=https://archdataset.dl.itc.u-tokyo.ac.jp/manifest/387b7d37-6cae-7fb2-0de7-83eaf8b563e3.json,387b7d37-6cae-7fb2-0de7-83eaf8b563e3,https://iiif.dl.itc.u-tokyo.ac.jp/repo/s/asia,https://iiif.dl.itc.u-tokyo.ac.jp/repo/s/asia/document/387b7d37-6cae-7fb2-0de7-83eaf8b563e3,https://www.lib.u-tokyo.ac.jp/ja/library/contents/archives-top/reuse,https://iiif.dl.itc.u-tokyo.ac.jp/repo/files/medium/f0ed0be87a498cd763c8d918999f42fd136aa3ae.jpg,https://iiif.dl.itc.u-tokyo.ac.jp/repo/api/items/1070429,"東京大学附属図書館アジア研究図書館上廣倫理財団寄付研究部門 / Uehiro Project for the Asian Research Library in the University of Tokyo, JAPAN",http://iiif.io/api/presentation/2#rightToLeftDirection,,碑帖拓本コレクション,A006263-00,https://iiif.dl.itc.u-tokyo.ac.jp/repo/iiif/387b7d37-6cae-7fb2-0de7-83eaf8b563e3/manifest,,,,,19
鍾伯敬先生批評水滸伝一百巻一百回 [A006267-00],,,,,,,,,,,,,,,,"巻22第3葉版心下部に「積慶堂藏板」とあり,鈔補冊末に「紫野竹隱居主臨書(花押)」とあり,箱書に「醉竹軒珍蔵 竹隱題函(花押)」とあり,帙の前表紙裏に「寄贈/昭和拾年貮月壹日/神山閏次氏」とあり","線装, 四針眼釘法",A00-6267,"100巻,100回",(中国)明末,,23.7×13.9cm,12行行26字,"神山閏次旧蔵,東京大学総合図書館所蔵","1函,1帙,16冊",,"山閏之印,東京帝國大學圖書印",印本,木版,鍾伯敬先生批評水滸傳一百卷一百囘 Zhong Bojing Xiansheng Piping Shuihu Zhuan 100 juan 100 hui 鍾伯敬先生批評水滸伝一百巻一百回 锺伯敬先生批评水浒传一百卷一百回,"(巻首題)鍾伯敬先生批評水滸傳,(序首題)水滸傳,(版心題)批評水滸傳",1621-1644年,,(内框)20.0×12.2cm,A006267,,"首冊鈔補,ほか闕葉鈔補,墨筆書き入れあり",水滸傳,,,,(明)鍾惺(伯敬)批評,,,,http://tify.sub.uni-goettingen.de/demo.html?manifest=https://archdataset.dl.itc.u-tokyo.ac.jp/manifest/80c68016-36ce-4a3c-b603-0f199dca5215.json,80c68016-36ce-4a3c-b603-0f199dca5215,https://iiif.dl.itc.u-tokyo.ac.jp/repo/s/asia/page/home,https://iiif.dl.itc.u-tokyo.ac.jp/repo/s/asia/document/80c68016-36ce-4a3c-b603-0f199dca5215,https://www.lib.u-tokyo.ac.jp/ja/library/contents/archives-top/reuse,https://iiif.dl.itc.u-tokyo.ac.jp/repo/files/medium/6ea628dd7f546aeea6150ca5cdad6e8b524cc0d9.jpg,https://iiif.dl.itc.u-tokyo.ac.jp/repo/api/items/190385,"東京大学附属図書館アジア研究図書館上廣倫理財団寄付研究部門 / Uehiro Project for the Asian Research Library in the University of Tokyo, JAPAN",http://iiif.io/api/presentation/2#rightToLeftDirection,,水滸伝コレクション,A006267-00,https://iiif.dl.itc.u-tokyo.ac.jp/repo/iiif/80c68016-36ce-4a3c-b603-0f199dca5215/manifest,,,,,11
鍾伯敬先生批評水滸伝一百巻一百回 [A006267-01],,,,,,,,,,,,,,,,"巻22第3葉版心下部に「積慶堂藏板」とあり,鈔補冊末に「紫野竹隱居主臨書(花押)」とあり,箱書に「醉竹軒珍蔵 竹隱題函(花押)」とあり,帙の前表紙裏に「寄贈/昭和拾年貮月壹日/神山閏次氏」とあり","線装, 四針眼釘法",A00-6267,"100巻,100回",(中国)明末,,23.7×13.9cm,12行行26字,"神山閏次旧蔵,東京大学総合図書館所蔵","1函,1帙,16冊",,"山閏之印,東京帝國大學圖書印",印本,木版,鍾伯敬先生批評水滸傳一百卷一百囘 Zhong Bojing Xiansheng Piping Shuihu Zhuan 100 juan 100 hui 鍾伯敬先生批評水滸伝一百巻一百回 锺伯敬先生批评水浒传一百卷一百回,"(巻首題)鍾伯敬先生批評水滸傳,(序首題)水滸傳,(版心題)批評水滸傳",1621-1644年,,(内框)20.0×12.2cm,A006267,,"首冊鈔補,ほか闕葉鈔補,墨筆書き入れあり",水滸傳,,,,(明)鍾惺(伯敬)批評,,,,http://tify.sub.uni-goettingen.de/demo.html?manifest=https://archdataset.dl.itc.u-tokyo.ac.jp/manifest/bbe39586-8623-447b-8814-0e19c3986d05.json,bbe39586-8623-447b-8814-0e19c3986d05,https://iiif.dl.itc.u-tokyo.ac.jp/repo/s/asia/page/home,https://iiif.dl.itc.u-tokyo.ac.jp/repo/s/asia/document/bbe39586-8623-447b-8814-0e19c3986d05,https://www.lib.u-tokyo.ac.jp/ja/library/contents/archives-top/reuse,https://iiif.dl.itc.u-tokyo.ac.jp/repo/files/medium/5151b76a82b90e383b926682606ef7fd373714a0.jpg,https://iiif.dl.itc.u-tokyo.ac.jp/repo/api/items/190386,"東京大学附属図書館アジア研究図書館上廣倫理財団寄付研究部門 / Uehiro Project for the Asian Research Library in the University of Tokyo, JAPAN",http://iiif.io/api/presentation/2#rightToLeftDirection,,水滸伝コレクション,A006267-01,https://iiif.dl.itc.u-tokyo.ac.jp/repo/iiif/bbe39586-8623-447b-8814-0e19c3986d05/manifest,,,,,52
鍾伯敬先生批評水滸伝一百巻一百回 [A006267-02],,,,,,,,,,,,,,,,"巻22第3葉版心下部に「積慶堂藏板」とあり,鈔補冊末に「紫野竹隱居主臨書(花押)」とあり,箱書に「醉竹軒珍蔵 竹隱題函(花押)」とあり,帙の前表紙裏に「寄贈/昭和拾年貮月壹日/神山閏次氏」とあり","線装, 四針眼釘法",A00-6267,"100巻,100回",(中国)明末,,23.7×13.9cm,12行行26字,"神山閏次旧蔵,東京大学総合図書館所蔵","1函,1帙,16冊",,"山閏之印,東京帝國大學圖書印",印本,木版,鍾伯敬先生批評水滸傳一百卷一百囘 Zhong Bojing Xiansheng Piping Shuihu Zhuan 100 juan 100 hui 鍾伯敬先生批評水滸伝一百巻一百回 锺伯敬先生批评水浒传一百卷一百回,"(巻首題)鍾伯敬先生批評水滸傳,(序首題)水滸傳,(版心題)批評水滸傳",1621-1644年,,(内框)20.0×12.2cm,A006267,,"首冊鈔補,ほか闕葉鈔補,墨筆書き入れあり",水滸傳,,,,(明)鍾惺(伯敬)批評,,,,http://tify.sub.uni-goettingen.de/demo.html?manifest=https://archdataset.dl.itc.u-tokyo.ac.jp/manifest/6514c71e-fdc3-4640-a2c5-4a56d08cd0fb.json,6514c71e-fdc3-4640-a2c5-4a56d08cd0fb,https://iiif.dl.itc.u-tokyo.ac.jp/repo/s/asia/page/home,https://iiif.dl.itc.u-tokyo.ac.jp/repo/s/asia/document/6514c71e-fdc3-4640-a2c5-4a56d08cd0fb,https://www.lib.u-tokyo.ac.jp/ja/library/contents/archives-top/reuse,https://iiif.dl.itc.u-tokyo.ac.jp/repo/files/medium/f5672238e17b9097448939ed333d5bad14530bfa.jpg,https://iiif.dl.itc.u-tokyo.ac.jp/repo/api/items/190387,"東京大学附属図書館アジア研究図書館上廣倫理財団寄付研究部門 / Uehiro Project for the Asian Research Library in the University of Tokyo, JAPAN",http://iiif.io/api/presentation/2#rightToLeftDirection,,水滸伝コレクション,A006267-02,https://iiif.dl.itc.u-tokyo.ac.jp/repo/iiif/6514c71e-fdc3-4640-a2c5-4a56d08cd0fb/manifest,,,,,72
鍾伯敬先生批評水滸伝一百巻一百回 [A006267-03],,,,,,,,,,,,,,,,"巻22第3葉版心下部に「積慶堂藏板」とあり,鈔補冊末に「紫野竹隱居主臨書(花押)」とあり,箱書に「醉竹軒珍蔵 竹隱題函(花押)」とあり,帙の前表紙裏に「寄贈/昭和拾年貮月壹日/神山閏次氏」とあり","線装, 四針眼釘法",A00-6267,"100巻,100回",(中国)明末,,23.7×13.9cm,12行行26字,"神山閏次旧蔵,東京大学総合図書館所蔵","1函,1帙,16冊",,"山閏之印,東京帝國大學圖書印",印本,木版,鍾伯敬先生批評水滸傳一百卷一百囘 Zhong Bojing Xiansheng Piping Shuihu Zhuan 100 juan 100 hui 鍾伯敬先生批評水滸伝一百巻一百回 锺伯敬先生批评水浒传一百卷一百回,"(巻首題)鍾伯敬先生批評水滸傳,(序首題)水滸傳,(版心題)批評水滸傳",1621-1644年,,(内框)20.0×12.2cm,A006267,,"首冊鈔補,ほか闕葉鈔補,墨筆書き入れあり",水滸傳,,,,(明)鍾惺(伯敬)批評,,,,http://tify.sub.uni-goettingen.de/demo.html?manifest=https://archdataset.dl.itc.u-tokyo.ac.jp/manifest/73a155d3-cc02-401a-bcc0-0c3de3044027.json,73a155d3-cc02-401a-bcc0-0c3de3044027,https://iiif.dl.itc.u-tokyo.ac.jp/repo/s/asia/page/home,https://iiif.dl.itc.u-tokyo.ac.jp/repo/s/asia/document/73a155d3-cc02-401a-bcc0-0c3de3044027,https://www.lib.u-tokyo.ac.jp/ja/library/contents/archives-top/reuse,https://iiif.dl.itc.u-tokyo.ac.jp/repo/files/medium/b46bb366a9a2ebddf02579d376afbf34da50f72a.jpg,https://iiif.dl.itc.u-tokyo.ac.jp/repo/api/items/190388,"東京大学附属図書館アジア研究図書館上廣倫理財団寄付研究部門 / Uehiro Project for the Asian Research Library in the University of Tokyo, JAPAN",http://iiif.io/api/presentation/2#rightToLeftDirection,,水滸伝コレクション,A006267-03,https://iiif.dl.itc.u-tokyo.ac.jp/repo/iiif/73a155d3-cc02-401a-bcc0-0c3de3044027/manifest,,,,,74
鍾伯敬先生批評水滸伝一百巻一百回 [A006267-04],,,,,,,,,,,,,,,,"巻22第3葉版心下部に「積慶堂藏板」とあり,鈔補冊末に「紫野竹隱居主臨書(花押)」とあり,箱書に「醉竹軒珍蔵 竹隱題函(花押)」とあり,帙の前表紙裏に「寄贈/昭和拾年貮月壹日/神山閏次氏」とあり","線装, 四針眼釘法",A00-6267,"100巻,100回",(中国)明末,,23.7×13.9cm,12行行26字,"神山閏次旧蔵,東京大学総合図書館所蔵","1函,1帙,16冊",,"山閏之印,東京帝國大學圖書印",印本,木版,鍾伯敬先生批評水滸傳一百卷一百囘 Zhong Bojing Xiansheng Piping Shuihu Zhuan 100 juan 100 hui 鍾伯敬先生批評水滸伝一百巻一百回 锺伯敬先生批评水浒传一百卷一百回,"(巻首題)鍾伯敬先生批評水滸傳,(序首題)水滸傳,(版心題)批評水滸傳",1621-1644年,,(内框)20.0×12.2cm,A006267,,"首冊鈔補,ほか闕葉鈔補,墨筆書き入れあり",水滸傳,,,,(明)鍾惺(伯敬)批評,,,,http://tify.sub.uni-goettingen.de/demo.html?manifest=https://archdataset.dl.itc.u-tokyo.ac.jp/manifest/9e6fed20-04c1-469b-9f16-3ec5837a4370.json,9e6fed20-04c1-469b-9f16-3ec5837a4370,https://iiif.dl.itc.u-tokyo.ac.jp/repo/s/asia/page/home,https://iiif.dl.itc.u-tokyo.ac.jp/repo/s/asia/document/9e6fed20-04c1-469b-9f16-3ec5837a4370,https://www.lib.u-tokyo.ac.jp/ja/library/contents/archives-top/reuse,https://iiif.dl.itc.u-tokyo.ac.jp/repo/files/medium/174d0e5bacf64b396b3e0f26a670ce738f15014d.jpg,https://iiif.dl.itc.u-tokyo.ac.jp/repo/api/items/190389,"東京大学附属図書館アジア研究図書館上廣倫理財団寄付研究部門 / Uehiro Project for the Asian Research Library in the University of Tokyo, JAPAN",http://iiif.io/api/presentation/2#rightToLeftDirection,,水滸伝コレクション,A006267-04,https://iiif.dl.itc.u-tokyo.ac.jp/repo/iiif/9e6fed20-04c1-469b-9f16-3ec5837a4370/manifest,,,,,91
鍾伯敬先生批評水滸伝一百巻一百回 [A006267-05],,,,,,,,,,,,,,,,"巻22第3葉版心下部に「積慶堂藏板」とあり,鈔補冊末に「紫野竹隱居主臨書(花押)」とあり,箱書に「醉竹軒珍蔵 竹隱題函(花押)」とあり,帙の前表紙裏に「寄贈/昭和拾年貮月壹日/神山閏次氏」とあり","線装, 四針眼釘法",A00-6267,"100巻,100回",(中国)明末,,23.7×13.9cm,12行行26字,"神山閏次旧蔵,東京大学総合図書館所蔵","1函,1帙,16冊",,"山閏之印,東京帝國大學圖書印",印本,木版,鍾伯敬先生批評水滸傳一百卷一百囘 Zhong Bojing Xiansheng Piping Shuihu Zhuan 100 juan 100 hui 鍾伯敬先生批評水滸伝一百巻一百回 锺伯敬先生批评水浒传一百卷一百回,"(巻首題)鍾伯敬先生批評水滸傳,(序首題)水滸傳,(版心題)批評水滸傳",1621-1644年,,(内框)20.0×12.2cm,A006267,,"首冊鈔補,ほか闕葉鈔補,墨筆書き入れあり",水滸傳,,,,(明)鍾惺(伯敬)批評,,,,http://tify.sub.uni-goettingen.de/demo.html?manifest=https://archdataset.dl.itc.u-tokyo.ac.jp/manifest/7b290256-392d-4a98-ac0b-9609ea5edae8.json,7b290256-392d-4a98-ac0b-9609ea5edae8,https://iiif.dl.itc.u-tokyo.ac.jp/repo/s/asia/page/home,https://iiif.dl.itc.u-tokyo.ac.jp/repo/s/asia/document/7b290256-392d-4a98-ac0b-9609ea5edae8,https://www.lib.u-tokyo.ac.jp/ja/library/contents/archives-top/reuse,https://iiif.dl.itc.u-tokyo.ac.jp/repo/files/medium/273d7dde105a0d7e9b7bd54904cab04150632692.jpg,https://iiif.dl.itc.u-tokyo.ac.jp/repo/api/items/190390,"東京大学附属図書館アジア研究図書館上廣倫理財団寄付研究部門 / Uehiro Project for the Asian Research Library in the University of Tokyo, JAPAN",http://iiif.io/api/presentation/2#rightToLeftDirection,,水滸伝コレクション,A006267-05,https://iiif.dl.itc.u-tokyo.ac.jp/repo/iiif/7b290256-392d-4a98-ac0b-9609ea5edae8/manifest,,,,,67
鍾伯敬先生批評水滸伝一百巻一百回 [A006267-06],,,,,,,,,,,,,,,,"巻22第3葉版心下部に「積慶堂藏板」とあり,鈔補冊末に「紫野竹隱居主臨書(花押)」とあり,箱書に「醉竹軒珍蔵 竹隱題函(花押)」とあり,帙の前表紙裏に「寄贈/昭和拾年貮月壹日/神山閏次氏」とあり","線装, 四針眼釘法",A00-6267,"100巻,100回",(中国)明末,,23.7×13.9cm,12行行26字,"神山閏次旧蔵,東京大学総合図書館所蔵","1函,1帙,16冊",,"山閏之印,東京帝國大學圖書印",印本,木版,鍾伯敬先生批評水滸傳一百卷一百囘 Zhong Bojing Xiansheng Piping Shuihu Zhuan 100 juan 100 hui 鍾伯敬先生批評水滸伝一百巻一百回 锺伯敬先生批评水浒传一百卷一百回,"(巻首題)鍾伯敬先生批評水滸傳,(序首題)水滸傳,(版心題)批評水滸傳",1621-1644年,,(内框)20.0×12.2cm,A006267,,"首冊鈔補,ほか闕葉鈔補,墨筆書き入れあり",水滸傳,,,,(明)鍾惺(伯敬)批評,,,,http://tify.sub.uni-goettingen.de/demo.html?manifest=https://archdataset.dl.itc.u-tokyo.ac.jp/manifest/bc40407b-6193-4252-8802-90b1a2a80f2b.json,bc40407b-6193-4252-8802-90b1a2a80f2b,https://iiif.dl.itc.u-tokyo.ac.jp/repo/s/asia/page/home,https://iiif.dl.itc.u-tokyo.ac.jp/repo/s/asia/document/bc40407b-6193-4252-8802-90b1a2a80f2b,https://www.lib.u-tokyo.ac.jp/ja/library/contents/archives-top/reuse,https://iiif.dl.itc.u-tokyo.ac.jp/repo/files/medium/21b87e6abbf6f49a5a183ed4d0bc7690d0450ff6.jpg,https://iiif.dl.itc.u-tokyo.ac.jp/repo/api/items/190391,"東京大学附属図書館アジア研究図書館上廣倫理財団寄付研究部門 / Uehiro Project for the Asian Research Library in the University of Tokyo, JAPAN",http://iiif.io/api/presentation/2#rightToLeftDirection,,水滸伝コレクション,A006267-06,https://iiif.dl.itc.u-tokyo.ac.jp/repo/iiif/bc40407b-6193-4252-8802-90b1a2a80f2b/manifest,,,,,66
鍾伯敬先生批評水滸伝一百巻一百回 [A006267-07],,,,,,,,,,,,,,,,"巻22第3葉版心下部に「積慶堂藏板」とあり,鈔補冊末に「紫野竹隱居主臨書(花押)」とあり,箱書に「醉竹軒珍蔵 竹隱題函(花押)」とあり,帙の前表紙裏に「寄贈/昭和拾年貮月壹日/神山閏次氏」とあり","線装, 四針眼釘法",A00-6267,"100巻,100回",(中国)明末,,23.7×13.9cm,12行行26字,"神山閏次旧蔵,東京大学総合図書館所蔵","1函,1帙,16冊",,"山閏之印,東京帝國大學圖書印",印本,木版,鍾伯敬先生批評水滸傳一百卷一百囘 Zhong Bojing Xiansheng Piping Shuihu Zhuan 100 juan 100 hui 鍾伯敬先生批評水滸伝一百巻一百回 锺伯敬先生批评水浒传一百卷一百回,"(巻首題)鍾伯敬先生批評水滸傳,(序首題)水滸傳,(版心題)批評水滸傳",1621-1644年,,(内框)20.0×12.2cm,A006267,,"首冊鈔補,ほか闕葉鈔補,墨筆書き入れあり",水滸傳,,,,(明)鍾惺(伯敬)批評,,,,http://tify.sub.uni-goettingen.de/demo.html?manifest=https://archdataset.dl.itc.u-tokyo.ac.jp/manifest/9890547d-641b-42ff-b0bf-2fea1bea60dc.json,9890547d-641b-42ff-b0bf-2fea1bea60dc,https://iiif.dl.itc.u-tokyo.ac.jp/repo/s/asia/page/home,https://iiif.dl.itc.u-tokyo.ac.jp/repo/s/asia/document/9890547d-641b-42ff-b0bf-2fea1bea60dc,https://www.lib.u-tokyo.ac.jp/ja/library/contents/archives-top/reuse,https://iiif.dl.itc.u-tokyo.ac.jp/repo/files/medium/2456a0dae3f3460c6a45f093458cee62a0790948.jpg,https://iiif.dl.itc.u-tokyo.ac.jp/repo/api/items/190392,"東京大学附属図書館アジア研究図書館上廣倫理財団寄付研究部門 / Uehiro Project for the Asian Research Library in the University of Tokyo, JAPAN",http://iiif.io/api/presentation/2#rightToLeftDirection,,水滸伝コレクション,A006267-07,https://iiif.dl.itc.u-tokyo.ac.jp/repo/iiif/9890547d-641b-42ff-b0bf-2fea1bea60dc/manifest,,,,,79
鍾伯敬先生批評水滸伝一百巻一百回 [A006267-08],,,,,,,,,,,,,,,,"巻22第3葉版心下部に「積慶堂藏板」とあり,鈔補冊末に「紫野竹隱居主臨書(花押)」とあり,箱書に「醉竹軒珍蔵 竹隱題函(花押)」とあり,帙の前表紙裏に「寄贈/昭和拾年貮月壹日/神山閏次氏」とあり","線装, 四針眼釘法",A00-6267,"100巻,100回",(中国)明末,,23.7×13.9cm,12行行26字,"神山閏次旧蔵,東京大学総合図書館所蔵","1函,1帙,16冊",,"山閏之印,東京帝國大學圖書印",印本,木版,鍾伯敬先生批評水滸傳一百卷一百囘 Zhong Bojing Xiansheng Piping Shuihu Zhuan 100 juan 100 hui 鍾伯敬先生批評水滸伝一百巻一百回 锺伯敬先生批评水浒传一百卷一百回,"(巻首題)鍾伯敬先生批評水滸傳,(序首題)水滸傳,(版心題)批評水滸傳",1621-1644年,,(内框)20.0×12.2cm,A006267,,"首冊鈔補,ほか闕葉鈔補,墨筆書き入れあり",水滸傳,,,,(明)鍾惺(伯敬)批評,,,,http://tify.sub.uni-goettingen.de/demo.html?manifest=https://archdataset.dl.itc.u-tokyo.ac.jp/manifest/39241169-d3e6-46c4-aa89-a1d7e90d6a0d.json,39241169-d3e6-46c4-aa89-a1d7e90d6a0d,https://iiif.dl.itc.u-tokyo.ac.jp/repo/s/asia/page/home,https://iiif.dl.itc.u-tokyo.ac.jp/repo/s/asia/document/39241169-d3e6-46c4-aa89-a1d7e90d6a0d,https://www.lib.u-tokyo.ac.jp/ja/library/contents/archives-top/reuse,https://iiif.dl.itc.u-tokyo.ac.jp/repo/files/medium/1e129800687621dae08a1180a63a3d6a0c222347.jpg,https://iiif.dl.itc.u-tokyo.ac.jp/repo/api/items/190393,"東京大学附属図書館アジア研究図書館上廣倫理財団寄付研究部門 / Uehiro Project for the Asian Research Library in the University of Tokyo, JAPAN",http://iiif.io/api/presentation/2#rightToLeftDirection,,水滸伝コレクション,A006267-08,https://iiif.dl.itc.u-tokyo.ac.jp/repo/iiif/39241169-d3e6-46c4-aa89-a1d7e90d6a0d/manifest,,,,,85
鍾伯敬先生批評水滸伝一百巻一百回 [A006267-09],,,,,,,,,,,,,,,,"巻22第3葉版心下部に「積慶堂藏板」とあり,鈔補冊末に「紫野竹隱居主臨書(花押)」とあり,箱書に「醉竹軒珍蔵 竹隱題函(花押)」とあり,帙の前表紙裏に「寄贈/昭和拾年貮月壹日/神山閏次氏」とあり","線装, 四針眼釘法",A00-6267,"100巻,100回",(中国)明末,,23.7×13.9cm,12行行26字,"神山閏次旧蔵,東京大学総合図書館所蔵","1函,1帙,16冊",,"山閏之印,東京帝國大學圖書印",印本,木版,鍾伯敬先生批評水滸傳一百卷一百囘 Zhong Bojing Xiansheng Piping Shuihu Zhuan 100 juan 100 hui 鍾伯敬先生批評水滸伝一百巻一百回 锺伯敬先生批评水浒传一百卷一百回,"(巻首題)鍾伯敬先生批評水滸傳,(序首題)水滸傳,(版心題)批評水滸傳",1621-1644年,,(内框)20.0×12.2cm,A006267,,"首冊鈔補,ほか闕葉鈔補,墨筆書き入れあり",水滸傳,,,,(明)鍾惺(伯敬)批評,,,,http://tify.sub.uni-goettingen.de/demo.html?manifest=https://archdataset.dl.itc.u-tokyo.ac.jp/manifest/1242ca5a-de88-4844-89d2-5953495e7918.json,1242ca5a-de88-4844-89d2-5953495e7918,https://iiif.dl.itc.u-tokyo.ac.jp/repo/s/asia/page/home,https://iiif.dl.itc.u-tokyo.ac.jp/repo/s/asia/document/1242ca5a-de88-4844-89d2-5953495e7918,https://www.lib.u-tokyo.ac.jp/ja/library/contents/archives-top/reuse,https://iiif.dl.itc.u-tokyo.ac.jp/repo/files/medium/4177241575b0029bb1f71e3f895e2210ba4d06b4.jpg,https://iiif.dl.itc.u-tokyo.ac.jp/repo/api/items/190394,"東京大学附属図書館アジア研究図書館上廣倫理財団寄付研究部門 / Uehiro Project for the Asian Research Library in the University of Tokyo, JAPAN",http://iiif.io/api/presentation/2#rightToLeftDirection,,水滸伝コレクション,A006267-09,https://iiif.dl.itc.u-tokyo.ac.jp/repo/iiif/1242ca5a-de88-4844-89d2-5953495e7918/manifest,,,,,106
鍾伯敬先生批評水滸伝一百巻一百回 [A006267-10],,,,,,,,,,,,,,,,"巻22第3葉版心下部に「積慶堂藏板」とあり,鈔補冊末に「紫野竹隱居主臨書(花押)」とあり,箱書に「醉竹軒珍蔵 竹隱題函(花押)」とあり,帙の前表紙裏に「寄贈/昭和拾年貮月壹日/神山閏次氏」とあり","線装, 四針眼釘法",A00-6267,"100巻,100回",(中国)明末,,23.7×13.9cm,12行行26字,"神山閏次旧蔵,東京大学総合図書館所蔵","1函,1帙,16冊",,"山閏之印,東京帝國大學圖書印",印本,木版,鍾伯敬先生批評水滸傳一百卷一百囘 Zhong Bojing Xiansheng Piping Shuihu Zhuan 100 juan 100 hui 鍾伯敬先生批評水滸伝一百巻一百回 锺伯敬先生批评水浒传一百卷一百回,"(巻首題)鍾伯敬先生批評水滸傳,(序首題)水滸傳,(版心題)批評水滸傳",1621-1644年,,(内框)20.0×12.2cm,A006267,,"首冊鈔補,ほか闕葉鈔補,墨筆書き入れあり",水滸傳,,,,(明)鍾惺(伯敬)批評,,,,http://tify.sub.uni-goettingen.de/demo.html?manifest=https://archdataset.dl.itc.u-tokyo.ac.jp/manifest/371b33da-684d-4c82-bd7d-501e9eab7a49.json,371b33da-684d-4c82-bd7d-501e9eab7a49,https://iiif.dl.itc.u-tokyo.ac.jp/repo/s/asia/page/home,https://iiif.dl.itc.u-tokyo.ac.jp/repo/s/asia/document/371b33da-684d-4c82-bd7d-501e9eab7a49,https://www.lib.u-tokyo.ac.jp/ja/library/contents/archives-top/reuse,https://iiif.dl.itc.u-tokyo.ac.jp/repo/files/medium/0247761e9682ba0f34f87fbfa7c3660cbc12f8b1.jpg,https://iiif.dl.itc.u-tokyo.ac.jp/repo/api/items/190395,"東京大学附属図書館アジア研究図書館上廣倫理財団寄付研究部門 / Uehiro Project for the Asian Research Library in the University of Tokyo, JAPAN",http://iiif.io/api/presentation/2#rightToLeftDirection,,水滸伝コレクション,A006267-10,https://iiif.dl.itc.u-tokyo.ac.jp/repo/iiif/371b33da-684d-4c82-bd7d-501e9eab7a49/manifest,,,,,100
鍾伯敬先生批評水滸伝一百巻一百回 [A006267-11],,,,,,,,,,,,,,,,"巻22第3葉版心下部に「積慶堂藏板」とあり,鈔補冊末に「紫野竹隱居主臨書(花押)」とあり,箱書に「醉竹軒珍蔵 竹隱題函(花押)」とあり,帙の前表紙裏に「寄贈/昭和拾年貮月壹日/神山閏次氏」とあり","線装, 四針眼釘法",A00-6267,"100巻,100回",(中国)明末,,23.7×13.9cm,12行行26字,"神山閏次旧蔵,東京大学総合図書館所蔵","1函,1帙,16冊",,"山閏之印,東京帝國大學圖書印",印本,木版,鍾伯敬先生批評水滸傳一百卷一百囘 Zhong Bojing Xiansheng Piping Shuihu Zhuan 100 juan 100 hui 鍾伯敬先生批評水滸伝一百巻一百回 锺伯敬先生批评水浒传一百卷一百回,"(巻首題)鍾伯敬先生批評水滸傳,(序首題)水滸傳,(版心題)批評水滸傳",1621-1644年,,(内框)20.0×12.2cm,A006267,,"首冊鈔補,ほか闕葉鈔補,墨筆書き入れあり",水滸傳,,,,(明)鍾惺(伯敬)批評,,,,http://tify.sub.uni-goettingen.de/demo.html?manifest=https://archdataset.dl.itc.u-tokyo.ac.jp/manifest/26644046-a49d-4476-bb61-0afc3f084ced.json,26644046-a49d-4476-bb61-0afc3f084ced,https://iiif.dl.itc.u-tokyo.ac.jp/repo/s/asia/page/home,https://iiif.dl.itc.u-tokyo.ac.jp/repo/s/asia/document/26644046-a49d-4476-bb61-0afc3f084ced,https://www.lib.u-tokyo.ac.jp/ja/library/contents/archives-top/reuse,https://iiif.dl.itc.u-tokyo.ac.jp/repo/files/medium/c227dde2bf4043f8ad6f3acc742306fba17fbbba.jpg,https://iiif.dl.itc.u-tokyo.ac.jp/repo/api/items/190396,"東京大学附属図書館アジア研究図書館上廣倫理財団寄付研究部門 / Uehiro Project for the Asian Research Library in the University of Tokyo, JAPAN",http://iiif.io/api/presentation/2#rightToLeftDirection,,水滸伝コレクション,A006267-11,https://iiif.dl.itc.u-tokyo.ac.jp/repo/iiif/26644046-a49d-4476-bb61-0afc3f084ced/manifest,,,,,90
鍾伯敬先生批評水滸伝一百巻一百回 [A006267-12],,,,,,,,,,,,,,,,"巻22第3葉版心下部に「積慶堂藏板」とあり,鈔補冊末に「紫野竹隱居主臨書(花押)」とあり,箱書に「醉竹軒珍蔵 竹隱題函(花押)」とあり,帙の前表紙裏に「寄贈/昭和拾年貮月壹日/神山閏次氏」とあり","線装, 四針眼釘法",A00-6267,"100巻,100回",(中国)明末,,23.7×13.9cm,12行行26字,"神山閏次旧蔵,東京大学総合図書館所蔵","1函,1帙,16冊",,"山閏之印,東京帝國大學圖書印",印本,木版,鍾伯敬先生批評水滸傳一百卷一百囘 Zhong Bojing Xiansheng Piping Shuihu Zhuan 100 juan 100 hui 鍾伯敬先生批評水滸伝一百巻一百回 锺伯敬先生批评水浒传一百卷一百回,"(巻首題)鍾伯敬先生批評水滸傳,(序首題)水滸傳,(版心題)批評水滸傳",1621-1644年,,(内框)20.0×12.2cm,A006267,,"首冊鈔補,ほか闕葉鈔補,墨筆書き入れあり",水滸傳,,,,(明)鍾惺(伯敬)批評,,,,http://tify.sub.uni-goettingen.de/demo.html?manifest=https://archdataset.dl.itc.u-tokyo.ac.jp/manifest/d6cb7988-57a7-445a-ba42-cae2ab2f81c0.json,d6cb7988-57a7-445a-ba42-cae2ab2f81c0,https://iiif.dl.itc.u-tokyo.ac.jp/repo/s/asia/page/home,https://iiif.dl.itc.u-tokyo.ac.jp/repo/s/asia/document/d6cb7988-57a7-445a-ba42-cae2ab2f81c0,https://www.lib.u-tokyo.ac.jp/ja/library/contents/archives-top/reuse,https://iiif.dl.itc.u-tokyo.ac.jp/repo/files/medium/a76f89eaa2b19ff4b3cfa17560787b52738ef4d0.jpg,https://iiif.dl.itc.u-tokyo.ac.jp/repo/api/items/190397,"東京大学附属図書館アジア研究図書館上廣倫理財団寄付研究部門 / Uehiro Project for the Asian Research Library in the University of Tokyo, JAPAN",http://iiif.io/api/presentation/2#rightToLeftDirection,,水滸伝コレクション,A006267-12,https://iiif.dl.itc.u-tokyo.ac.jp/repo/iiif/d6cb7988-57a7-445a-ba42-cae2ab2f81c0/manifest,,,,,92
鍾伯敬先生批評水滸伝一百巻一百回 [A006267-13],,,,,,,,,,,,,,,,"巻22第3葉版心下部に「積慶堂藏板」とあり,鈔補冊末に「紫野竹隱居主臨書(花押)」とあり,箱書に「醉竹軒珍蔵 竹隱題函(花押)」とあり,帙の前表紙裏に「寄贈/昭和拾年貮月壹日/神山閏次氏」とあり","線装, 四針眼釘法",A00-6267,"100巻,100回",(中国)明末,,23.7×13.9cm,12行行26字,"神山閏次旧蔵,東京大学総合図書館所蔵","1函,1帙,16冊",,"山閏之印,東京帝國大學圖書印",印本,木版,鍾伯敬先生批評水滸傳一百卷一百囘 Zhong Bojing Xiansheng Piping Shuihu Zhuan 100 juan 100 hui 鍾伯敬先生批評水滸伝一百巻一百回 锺伯敬先生批评水浒传一百卷一百回,"(巻首題)鍾伯敬先生批評水滸傳,(序首題)水滸傳,(版心題)批評水滸傳",1621-1644年,,(内框)20.0×12.2cm,A006267,,"首冊鈔補,ほか闕葉鈔補,墨筆書き入れあり",水滸傳,,,,(明)鍾惺(伯敬)批評,,,,http://tify.sub.uni-goettingen.de/demo.html?manifest=https://archdataset.dl.itc.u-tokyo.ac.jp/manifest/0013fe05-6d0d-42b9-8ce8-f8994166d9b8.json,0013fe05-6d0d-42b9-8ce8-f8994166d9b8,https://iiif.dl.itc.u-tokyo.ac.jp/repo/s/asia/page/home,https://iiif.dl.itc.u-tokyo.ac.jp/repo/s/asia/document/0013fe05-6d0d-42b9-8ce8-f8994166d9b8,https://www.lib.u-tokyo.ac.jp/ja/library/contents/archives-top/reuse,https://iiif.dl.itc.u-tokyo.ac.jp/repo/files/medium/76bc8266dbd0162e34fa7368f435e678a00403c7.jpg,https://iiif.dl.itc.u-tokyo.ac.jp/repo/api/items/190398,"東京大学附属図書館アジア研究図書館上廣倫理財団寄付研究部門 / Uehiro Project for the Asian Research Library in the University of Tokyo, JAPAN",http://iiif.io/api/presentation/2#rightToLeftDirection,,水滸伝コレクション,A006267-13,https://iiif.dl.itc.u-tokyo.ac.jp/repo/iiif/0013fe05-6d0d-42b9-8ce8-f8994166d9b8/manifest,,,,,82
鍾伯敬先生批評水滸伝一百巻一百回 [A006267-14],,,,,,,,,,,,,,,,"巻22第3葉版心下部に「積慶堂藏板」とあり,鈔補冊末に「紫野竹隱居主臨書(花押)」とあり,箱書に「醉竹軒珍蔵 竹隱題函(花押)」とあり,帙の前表紙裏に「寄贈/昭和拾年貮月壹日/神山閏次氏」とあり","線装, 四針眼釘法",A00-6267,"100巻,100回",(中国)明末,,23.7×13.9cm,12行行26字,"神山閏次旧蔵,東京大学総合図書館所蔵","1函,1帙,16冊",,"山閏之印,東京帝國大學圖書印",印本,木版,鍾伯敬先生批評水滸傳一百卷一百囘 Zhong Bojing Xiansheng Piping Shuihu Zhuan 100 juan 100 hui 鍾伯敬先生批評水滸伝一百巻一百回 锺伯敬先生批评水浒传一百卷一百回,"(巻首題)鍾伯敬先生批評水滸傳,(序首題)水滸傳,(版心題)批評水滸傳",1621-1644年,,(内框)20.0×12.2cm,A006267,,"首冊鈔補,ほか闕葉鈔補,墨筆書き入れあり",水滸傳,,,,(明)鍾惺(伯敬)批評,,,,http://tify.sub.uni-goettingen.de/demo.html?manifest=https://archdataset.dl.itc.u-tokyo.ac.jp/manifest/3d9b5db4-348b-4327-9ee9-0437b1d5929b.json,3d9b5db4-348b-4327-9ee9-0437b1d5929b,https://iiif.dl.itc.u-tokyo.ac.jp/repo/s/asia/page/home,https://iiif.dl.itc.u-tokyo.ac.jp/repo/s/asia/document/3d9b5db4-348b-4327-9ee9-0437b1d5929b,https://www.lib.u-tokyo.ac.jp/ja/library/contents/archives-top/reuse,https://iiif.dl.itc.u-tokyo.ac.jp/repo/files/medium/3652ef92a61c4ca511fa91b2cebc64487b855566.jpg,https://iiif.dl.itc.u-tokyo.ac.jp/repo/api/items/190399,"東京大学附属図書館アジア研究図書館上廣倫理財団寄付研究部門 / Uehiro Project for the Asian Research Library in the University of Tokyo, JAPAN",http://iiif.io/api/presentation/2#rightToLeftDirection,,水滸伝コレクション,A006267-14,https://iiif.dl.itc.u-tokyo.ac.jp/repo/iiif/3d9b5db4-348b-4327-9ee9-0437b1d5929b/manifest,,,,,84
鍾伯敬先生批評水滸伝一百巻一百回 [A006267-15],,,,,,,,,,,,,,,,"巻22第3葉版心下部に「積慶堂藏板」とあり,鈔補冊末に「紫野竹隱居主臨書(花押)」とあり,箱書に「醉竹軒珍蔵 竹隱題函(花押)」とあり,帙の前表紙裏に「寄贈/昭和拾年貮月壹日/神山閏次氏」とあり","線装, 四針眼釘法",A00-6267,"100巻,100回",(中国)明末,,23.7×13.9cm,12行行26字,"神山閏次旧蔵,東京大学総合図書館所蔵","1函,1帙,16冊",,"山閏之印,東京帝國大學圖書印",印本,木版,鍾伯敬先生批評水滸傳一百卷一百囘 Zhong Bojing Xiansheng Piping Shuihu Zhuan 100 juan 100 hui 鍾伯敬先生批評水滸伝一百巻一百回 锺伯敬先生批评水浒传一百卷一百回,"(巻首題)鍾伯敬先生批評水滸傳,(序首題)水滸傳,(版心題)批評水滸傳",1621-1644年,,(内框)20.0×12.2cm,A006267,,"首冊鈔補,ほか闕葉鈔補,墨筆書き入れあり",水滸傳,,,,(明)鍾惺(伯敬)批評,,,,http://tify.sub.uni-goettingen.de/demo.html?manifest=https://archdataset.dl.itc.u-tokyo.ac.jp/manifest/1582ab23-9c4c-4fd9-9145-e10f030c4f69.json,1582ab23-9c4c-4fd9-9145-e10f030c4f69,https://iiif.dl.itc.u-tokyo.ac.jp/repo/s/asia/page/home,https://iiif.dl.itc.u-tokyo.ac.jp/repo/s/asia/document/1582ab23-9c4c-4fd9-9145-e10f030c4f69,https://www.lib.u-tokyo.ac.jp/ja/library/contents/archives-top/reuse,https://iiif.dl.itc.u-tokyo.ac.jp/repo/files/medium/a55bd8e29929f8a6dc04b00b304924a395007468.jpg,https://iiif.dl.itc.u-tokyo.ac.jp/repo/api/items/190400,"東京大学附属図書館アジア研究図書館上廣倫理財団寄付研究部門 / Uehiro Project for the Asian Research Library in the University of Tokyo, JAPAN",http://iiif.io/api/presentation/2#rightToLeftDirection,,水滸伝コレクション,A006267-15,https://iiif.dl.itc.u-tokyo.ac.jp/repo/iiif/1582ab23-9c4c-4fd9-9145-e10f030c4f69/manifest,,,,,77
鍾伯敬先生批評水滸伝一百巻一百回 [A006267-16],,,,,,,,,,,,,,,,"巻22第3葉版心下部に「積慶堂藏板」とあり,鈔補冊末に「紫野竹隱居主臨書(花押)」とあり,箱書に「醉竹軒珍蔵 竹隱題函(花押)」とあり,帙の前表紙裏に「寄贈/昭和拾年貮月壹日/神山閏次氏」とあり","線装, 四針眼釘法",A00-6267,"100巻,100回",(中国)明末,,23.7×13.9cm,12行行26字,"神山閏次旧蔵,東京大学総合図書館所蔵","1函,1帙,16冊",,"山閏之印,東京帝國大學圖書印",印本,木版,鍾伯敬先生批評水滸傳一百卷一百囘 Zhong Bojing Xiansheng Piping Shuihu Zhuan 100 juan 100 hui 鍾伯敬先生批評水滸伝一百巻一百回 锺伯敬先生批评水浒传一百卷一百回,"(巻首題)鍾伯敬先生批評水滸傳,(序首題)水滸傳,(版心題)批評水滸傳",1621-1644年,,(内框)20.0×12.2cm,A006267,,"首冊鈔補,ほか闕葉鈔補,墨筆書き入れあり",水滸傳,,,,(明)鍾惺(伯敬)批評,,,,http://tify.sub.uni-goettingen.de/demo.html?manifest=https://archdataset.dl.itc.u-tokyo.ac.jp/manifest/f7626177-dfde-4dc3-9798-f5cb155374a5.json,f7626177-dfde-4dc3-9798-f5cb155374a5,https://iiif.dl.itc.u-tokyo.ac.jp/repo/s/asia/page/home,https://iiif.dl.itc.u-tokyo.ac.jp/repo/s/asia/document/f7626177-dfde-4dc3-9798-f5cb155374a5,https://www.lib.u-tokyo.ac.jp/ja/library/contents/archives-top/reuse,https://iiif.dl.itc.u-tokyo.ac.jp/repo/files/medium/29a26368ca9c245b2ee86023ad2a8cf501fd0a41.jpg,https://iiif.dl.itc.u-tokyo.ac.jp/repo/api/items/190401,"東京大学附属図書館アジア研究図書館上廣倫理財団寄付研究部門 / Uehiro Project for the Asian Research Library in the University of Tokyo, JAPAN",http://iiif.io/api/presentation/2#rightToLeftDirection,,水滸伝コレクション,A006267-16,https://iiif.dl.itc.u-tokyo.ac.jp/repo/iiif/f7626177-dfde-4dc3-9798-f5cb155374a5/manifest,,,,,102
論語集解 三残 四 七 八 [A006296],,,,,,,,,,,,,,日本で筆写された漢籍。青洲文庫。,,,"線装, 四針眼釘法",A00-6296,10巻,,魏,30.8×11.6cm,,"渡辺信旧蔵, 東京大学総合図書館所蔵",1冊,,"青洲文庫, 東京帝国大学図書印",写本,,論語集解残四巻 Lunyu Jijie can 4 juan 论语集解残四卷 論語集解殘四卷,(巻首題)論語,,195-249年,,A006296,,"巻3-4, 7-8のみ存する, 巻3の前半を欠く, 2冊を1冊に改装済み, 虫損あり",論語集解,,,,(魏)何晏集解,B7874,,,http://tify.sub.uni-goettingen.de/demo.html?manifest=https://archdataset.dl.itc.u-tokyo.ac.jp/manifest/2a6d66d5-2dbd-4c60-9217-7033c73392ad.json,2a6d66d5-2dbd-4c60-9217-7033c73392ad,https://iiif.dl.itc.u-tokyo.ac.jp/repo/s/uparl/,https://iiif.dl.itc.u-tokyo.ac.jp/repo/s/asia/document/2a6d66d5-2dbd-4c60-9217-7033c73392ad,https://www.lib.u-tokyo.ac.jp/ja/library/contents/archives-top/reuse,https://iiif.dl.itc.u-tokyo.ac.jp/repo/files/medium/3f4419194a396b922e45ac13980514623c5174a2.jpg,https://iiif.dl.itc.u-tokyo.ac.jp/repo/api/items/186436,"東京大学附属図書館アジア研究図書館上廣倫理財団寄付研究部門 / Uehiro Project for the Asian Research Library in the University of Tokyo, JAPAN",http://iiif.io/api/presentation/2#rightToLeftDirection,,U-PARLセレクション,A006296-00,https://iiif.dl.itc.u-tokyo.ac.jp/repo/iiif/186436/manifest,,,,,57
纂図附音増広古注千字文 [A006297],,,,,,,,,,,,,,日本で筆写された漢籍。南葵文庫。,,,"線装, 五針眼釘法",A00-6297,3巻,,後梁,24.7×17.2cm,,"小中村清矩旧蔵, 徳川慶喜旧蔵, 東京大学総合図書館所蔵",1冊,,"紀伊徳川南葵文庫, 東京帝国大学図書印, 陽春廬記",写本,,纂図附音増広古注千字文三巻 Zuantu Fuyin Zengguang Guzhu Qianziwen 3 juan 纂图附音增广古注千字文三卷 纂圖附音增廣古注千字文三卷,(巻首題)纂図附音増広古注千字文,,907-923年,,A006297,,虫損あり,註千字文,,,,"(梁)周興嗣次韻, (後梁)李暹注",B18973,,,http://tify.sub.uni-goettingen.de/demo.html?manifest=https://archdataset.dl.itc.u-tokyo.ac.jp/manifest/846694f5-727f-4925-b7ef-d931f1f9a01b.json,846694f5-727f-4925-b7ef-d931f1f9a01b,https://iiif.dl.itc.u-tokyo.ac.jp/repo/s/uparl/,https://iiif.dl.itc.u-tokyo.ac.jp/repo/s/asia/document/846694f5-727f-4925-b7ef-d931f1f9a01b,https://www.lib.u-tokyo.ac.jp/ja/library/contents/archives-top/reuse,https://iiif.dl.itc.u-tokyo.ac.jp/repo/files/medium/8664cc7639fb5c7296c8ba53cf4a5dd4f5eea3e0.jpg,https://iiif.dl.itc.u-tokyo.ac.jp/repo/api/items/186437,"東京大学附属図書館アジア研究図書館上廣倫理財団寄付研究部門 / Uehiro Project for the Asian Research Library in the University of Tokyo, JAPAN",http://iiif.io/api/presentation/2#rightToLeftDirection,,U-PARLセレクション,A006297-00,https://iiif.dl.itc.u-tokyo.ac.jp/repo/iiif/186437/manifest,,,,,47
新刻全像忠義水滸誌伝二十五巻一百十五回 [A006371-00],,,,,,,,,,,,,,,,嵌図式上図下文本,"線装, 四針眼釘法",A00-6371,"25巻,115回",(中国)明末清初,,23.4×13.9cm,15行行34字(嵌図部行27字),"森林太郎(鴎外)旧蔵,東京大学総合図書館所蔵","2帙,8冊",,"東京帝國大学圖書印,鷗外藏書,集義精舎,林太郎",印本,木版,新刻全像忠義水滸誌傳二十五卷一百十五囘 Xinke Quanxiang Zhongyi Shuihu Zhizhuan 25 juan 115 hui 新刻全像忠義水滸誌伝二十五巻一百十五回 新刻全像忠义水浒志传二十五卷一百一十五回,"(巻首題)新刻全像忠義水滸誌傳,(目首題)鼎鐫全像水滸忠義志傳,(版心題)忠義水滸,(封面題)全像忠義水滸",1621-1722年,,(内框)21.1×11.6cm,A006371,,"闕巻16第2葉,虫損あり,裏打修補あり,天地裁断あり,朱墨書き入れあり",水滸傳,建陽,,"(明)劉栄吾(欽温)刊,藜光堂刊,藜光閣刊,藜光堂藏版","(明)姚宗鎭編,(明)鄭國揚校",B23475,,,http://tify.sub.uni-goettingen.de/demo.html?manifest=https://archdataset.dl.itc.u-tokyo.ac.jp/manifest/5a30b73d-3275-4b02-bdc7-9fa1a2302a32.json,5a30b73d-3275-4b02-bdc7-9fa1a2302a32,https://iiif.dl.itc.u-tokyo.ac.jp/repo/s/asia/page/home,https://iiif.dl.itc.u-tokyo.ac.jp/repo/s/asia/document/5a30b73d-3275-4b02-bdc7-9fa1a2302a32,https://www.lib.u-tokyo.ac.jp/ja/library/contents/archives-top/reuse,https://iiif.dl.itc.u-tokyo.ac.jp/repo/files/medium/407226c4d5ea00a6eb9c1f156e405cfbe9fd4fac.jpg,https://iiif.dl.itc.u-tokyo.ac.jp/repo/api/items/190376,"東京大学附属図書館アジア研究図書館上廣倫理財団寄付研究部門 / Uehiro Project for the Asian Research Library in the University of Tokyo, JAPAN",http://iiif.io/api/presentation/2#rightToLeftDirection,,水滸伝コレクション,A006371-00,https://iiif.dl.itc.u-tokyo.ac.jp/repo/iiif/5a30b73d-3275-4b02-bdc7-9fa1a2302a32/manifest,,,,,16
新刻全像忠義水滸誌伝二十五巻一百十五回 [A006371-01],,,,,,,,,,,,,,,,嵌図式上図下文本,"線装, 四針眼釘法",A00-6371,"25巻,115回",(中国)明末清初,,23.4×13.9cm,15行行34字(嵌図部行27字),"森林太郎(鴎外)旧蔵,東京大学総合図書館所蔵","2帙,8冊",,"東京帝國大学圖書印,鷗外藏書,集義精舎,林太郎",印本,木版,新刻全像忠義水滸誌傳二十五卷一百十五囘 Xinke Quanxiang Zhongyi Shuihu Zhizhuan 25 juan 115 hui 新刻全像忠義水滸誌伝二十五巻一百十五回 新刻全像忠义水浒志传二十五卷一百一十五回,"(巻首題)新刻全像忠義水滸誌傳,(目首題)鼎鐫全像水滸忠義志傳,(版心題)忠義水滸,(封面題)全像忠義水滸",1621-1722年,,(内框)21.1×11.6cm,A006371,,"闕巻16第2葉,虫損あり,裏打修補あり,天地裁断あり,朱墨書き入れあり",水滸傳,建陽,,"(明)劉栄吾(欽温)刊,藜光堂刊,藜光閣刊,藜光堂藏版","(明)姚宗鎭編,(明)鄭國揚校",B23475,,,http://tify.sub.uni-goettingen.de/demo.html?manifest=https://archdataset.dl.itc.u-tokyo.ac.jp/manifest/1251c78e-4633-43ad-9e0d-49952ee2b6c8.json,1251c78e-4633-43ad-9e0d-49952ee2b6c8,https://iiif.dl.itc.u-tokyo.ac.jp/repo/s/asia/page/home,https://iiif.dl.itc.u-tokyo.ac.jp/repo/s/asia/document/1251c78e-4633-43ad-9e0d-49952ee2b6c8,https://www.lib.u-tokyo.ac.jp/ja/library/contents/archives-top/reuse,https://iiif.dl.itc.u-tokyo.ac.jp/repo/files/medium/c38fbcbda11347eaeb2b26c5864fec658475bfc1.jpg,https://iiif.dl.itc.u-tokyo.ac.jp/repo/api/items/190377,"東京大学附属図書館アジア研究図書館上廣倫理財団寄付研究部門 / Uehiro Project for the Asian Research Library in the University of Tokyo, JAPAN",http://iiif.io/api/presentation/2#rightToLeftDirection,,水滸伝コレクション,A006371-01,https://iiif.dl.itc.u-tokyo.ac.jp/repo/iiif/1251c78e-4633-43ad-9e0d-49952ee2b6c8/manifest,,,,,60
新刻全像忠義水滸誌伝二十五巻一百十五回 [A006371-02],,,,,,,,,,,,,,,,嵌図式上図下文本,"線装, 四針眼釘法",A00-6371,"25巻,115回",(中国)明末清初,,23.4×13.9cm,15行行34字(嵌図部行27字),"森林太郎(鴎外)旧蔵,東京大学総合図書館所蔵","2帙,8冊",,"東京帝國大学圖書印,鷗外藏書,集義精舎,林太郎",印本,木版,新刻全像忠義水滸誌傳二十五卷一百十五囘 Xinke Quanxiang Zhongyi Shuihu Zhizhuan 25 juan 115 hui 新刻全像忠義水滸誌伝二十五巻一百十五回 新刻全像忠义水浒志传二十五卷一百一十五回,"(巻首題)新刻全像忠義水滸誌傳,(目首題)鼎鐫全像水滸忠義志傳,(版心題)忠義水滸,(封面題)全像忠義水滸",1621-1722年,,(内框)21.1×11.6cm,A006371,,"闕巻16第2葉,虫損あり,裏打修補あり,天地裁断あり,朱墨書き入れあり",水滸傳,建陽,,"(明)劉栄吾(欽温)刊,藜光堂刊,藜光閣刊,藜光堂藏版","(明)姚宗鎭編,(明)鄭國揚校",B23475,,,http://tify.sub.uni-goettingen.de/demo.html?manifest=https://archdataset.dl.itc.u-tokyo.ac.jp/manifest/de81517b-1b16-4cc1-aa9e-2f2ba088eecc.json,de81517b-1b16-4cc1-aa9e-2f2ba088eecc,https://iiif.dl.itc.u-tokyo.ac.jp/repo/s/asia/page/home,https://iiif.dl.itc.u-tokyo.ac.jp/repo/s/asia/document/de81517b-1b16-4cc1-aa9e-2f2ba088eecc,https://www.lib.u-tokyo.ac.jp/ja/library/contents/archives-top/reuse,https://iiif.dl.itc.u-tokyo.ac.jp/repo/files/medium/5c4dbee32b0b1100e4d95e11466369e7cc8b5343.jpg,https://iiif.dl.itc.u-tokyo.ac.jp/repo/api/items/190378,"東京大学附属図書館アジア研究図書館上廣倫理財団寄付研究部門 / Uehiro Project for the Asian Research Library in the University of Tokyo, JAPAN",http://iiif.io/api/presentation/2#rightToLeftDirection,,水滸伝コレクション,A006371-02,https://iiif.dl.itc.u-tokyo.ac.jp/repo/iiif/de81517b-1b16-4cc1-aa9e-2f2ba088eecc/manifest,,,,,49
新刻全像忠義水滸誌伝二十五巻一百十五回 [A006371-03],,,,,,,,,,,,,,,,嵌図式上図下文本,"線装, 四針眼釘法",A00-6371,"25巻,115回",(中国)明末清初,,23.4×13.9cm,15行行34字(嵌図部行27字),"森林太郎(鴎外)旧蔵,東京大学総合図書館所蔵","2帙,8冊",,"東京帝國大学圖書印,鷗外藏書,集義精舎,林太郎",印本,木版,新刻全像忠義水滸誌傳二十五卷一百十五囘 Xinke Quanxiang Zhongyi Shuihu Zhizhuan 25 juan 115 hui 新刻全像忠義水滸誌伝二十五巻一百十五回 新刻全像忠义水浒志传二十五卷一百一十五回,"(巻首題)新刻全像忠義水滸誌傳,(目首題)鼎鐫全像水滸忠義志傳,(版心題)忠義水滸,(封面題)全像忠義水滸",1621-1722年,,(内框)21.1×11.6cm,A006371,,"闕巻16第2葉,虫損あり,裏打修補あり,天地裁断あり,朱墨書き入れあり",水滸傳,建陽,,"(明)劉栄吾(欽温)刊,藜光堂刊,藜光閣刊,藜光堂藏版","(明)姚宗鎭編,(明)鄭國揚校",B23475,,,http://tify.sub.uni-goettingen.de/demo.html?manifest=https://archdataset.dl.itc.u-tokyo.ac.jp/manifest/0b5bf2b7-4f49-4731-9a09-6bc7d0896a86.json,0b5bf2b7-4f49-4731-9a09-6bc7d0896a86,https://iiif.dl.itc.u-tokyo.ac.jp/repo/s/asia/page/home,https://iiif.dl.itc.u-tokyo.ac.jp/repo/s/asia/document/0b5bf2b7-4f49-4731-9a09-6bc7d0896a86,https://www.lib.u-tokyo.ac.jp/ja/library/contents/archives-top/reuse,https://iiif.dl.itc.u-tokyo.ac.jp/repo/files/medium/c1a16fe0ae25810cc74379852754a0cf4a3a8105.jpg,https://iiif.dl.itc.u-tokyo.ac.jp/repo/api/items/190379,"東京大学附属図書館アジア研究図書館上廣倫理財団寄付研究部門 / Uehiro Project for the Asian Research Library in the University of Tokyo, JAPAN",http://iiif.io/api/presentation/2#rightToLeftDirection,,水滸伝コレクション,A006371-03,https://iiif.dl.itc.u-tokyo.ac.jp/repo/iiif/0b5bf2b7-4f49-4731-9a09-6bc7d0896a86/manifest,,,,,59
新刻全像忠義水滸誌伝二十五巻一百十五回 [A006371-04],,,,,,,,,,,,,,,,嵌図式上図下文本,"線装, 四針眼釘法",A00-6371,"25巻,115回",(中国)明末清初,,23.4×13.9cm,15行行34字(嵌図部行27字),"森林太郎(鴎外)旧蔵,東京大学総合図書館所蔵","2帙,8冊",,"東京帝國大学圖書印,鷗外藏書,集義精舎,林太郎",印本,木版,新刻全像忠義水滸誌傳二十五卷一百十五囘 Xinke Quanxiang Zhongyi Shuihu Zhizhuan 25 juan 115 hui 新刻全像忠義水滸誌伝二十五巻一百十五回 新刻全像忠义水浒志传二十五卷一百一十五回,"(巻首題)新刻全像忠義水滸誌傳,(目首題)鼎鐫全像水滸忠義志傳,(版心題)忠義水滸,(封面題)全像忠義水滸",1621-1722年,,(内框)21.1×11.6cm,A006371,,"闕巻16第2葉,虫損あり,裏打修補あり,天地裁断あり,朱墨書き入れあり",水滸傳,建陽,,"(明)劉栄吾(欽温)刊,藜光堂刊,藜光閣刊,藜光堂藏版","(明)姚宗鎭編,(明)鄭國揚校",B23475,,,http://tify.sub.uni-goettingen.de/demo.html?manifest=https://archdataset.dl.itc.u-tokyo.ac.jp/manifest/11844708-ba3d-4823-979e-1ee22d9f164e.json,11844708-ba3d-4823-979e-1ee22d9f164e,https://iiif.dl.itc.u-tokyo.ac.jp/repo/s/asia/page/home,https://iiif.dl.itc.u-tokyo.ac.jp/repo/s/asia/document/11844708-ba3d-4823-979e-1ee22d9f164e,https://www.lib.u-tokyo.ac.jp/ja/library/contents/archives-top/reuse,https://iiif.dl.itc.u-tokyo.ac.jp/repo/files/medium/2994b6d7c1c2b8d4a79e6e68d28699008f1ac6da.jpg,https://iiif.dl.itc.u-tokyo.ac.jp/repo/api/items/190380,"東京大学附属図書館アジア研究図書館上廣倫理財団寄付研究部門 / Uehiro Project for the Asian Research Library in the University of Tokyo, JAPAN",http://iiif.io/api/presentation/2#rightToLeftDirection,,水滸伝コレクション,A006371-04,https://iiif.dl.itc.u-tokyo.ac.jp/repo/iiif/11844708-ba3d-4823-979e-1ee22d9f164e/manifest,,,,,54
新刻全像忠義水滸誌伝二十五巻一百十五回 [A006371-05],,,,,,,,,,,,,,,,嵌図式上図下文本,"線装, 四針眼釘法",A00-6371,"25巻,115回",(中国)明末清初,,23.4×13.9cm,15行行34字(嵌図部行27字),"森林太郎(鴎外)旧蔵,東京大学総合図書館所蔵","2帙,8冊",,"東京帝國大学圖書印,鷗外藏書,集義精舎,林太郎",印本,木版,新刻全像忠義水滸誌傳二十五卷一百十五囘 Xinke Quanxiang Zhongyi Shuihu Zhizhuan 25 juan 115 hui 新刻全像忠義水滸誌伝二十五巻一百十五回 新刻全像忠义水浒志传二十五卷一百一十五回,"(巻首題)新刻全像忠義水滸誌傳,(目首題)鼎鐫全像水滸忠義志傳,(版心題)忠義水滸,(封面題)全像忠義水滸",1621-1722年,,(内框)21.1×11.6cm,A006371,,"闕巻16第2葉,虫損あり,裏打修補あり,天地裁断あり,朱墨書き入れあり",水滸傳,建陽,,"(明)劉栄吾(欽温)刊,藜光堂刊,藜光閣刊,藜光堂藏版","(明)姚宗鎭編,(明)鄭國揚校",B23475,,,http://tify.sub.uni-goettingen.de/demo.html?manifest=https://archdataset.dl.itc.u-tokyo.ac.jp/manifest/539b9123-ad39-43eb-89f4-bb28909f3db8.json,539b9123-ad39-43eb-89f4-bb28909f3db8,https://iiif.dl.itc.u-tokyo.ac.jp/repo/s/asia/page/home,https://iiif.dl.itc.u-tokyo.ac.jp/repo/s/asia/document/539b9123-ad39-43eb-89f4-bb28909f3db8,https://www.lib.u-tokyo.ac.jp/ja/library/contents/archives-top/reuse,https://iiif.dl.itc.u-tokyo.ac.jp/repo/files/medium/a395c795c302fb3851bd5dba427506f801942136.jpg,https://iiif.dl.itc.u-tokyo.ac.jp/repo/api/items/190381,"東京大学附属図書館アジア研究図書館上廣倫理財団寄付研究部門 / Uehiro Project for the Asian Research Library in the University of Tokyo, JAPAN",http://iiif.io/api/presentation/2#rightToLeftDirection,,水滸伝コレクション,A006371-05,https://iiif.dl.itc.u-tokyo.ac.jp/repo/iiif/539b9123-ad39-43eb-89f4-bb28909f3db8/manifest,,,,,62
新刻全像忠義水滸誌伝二十五巻一百十五回 [A006371-06],,,,,,,,,,,,,,,,嵌図式上図下文本,"線装, 四針眼釘法",A00-6371,"25巻,115回",(中国)明末清初,,23.4×13.9cm,15行行34字(嵌図部行27字),"森林太郎(鴎外)旧蔵,東京大学総合図書館所蔵","2帙,8冊",,"東京帝國大学圖書印,鷗外藏書,集義精舎,林太郎",印本,木版,新刻全像忠義水滸誌傳二十五卷一百十五囘 Xinke Quanxiang Zhongyi Shuihu Zhizhuan 25 juan 115 hui 新刻全像忠義水滸誌伝二十五巻一百十五回 新刻全像忠义水浒志传二十五卷一百一十五回,"(巻首題)新刻全像忠義水滸誌傳,(目首題)鼎鐫全像水滸忠義志傳,(版心題)忠義水滸,(封面題)全像忠義水滸",1621-1722年,,(内框)21.1×11.6cm,A006371,,"闕巻16第2葉,虫損あり,裏打修補あり,天地裁断あり,朱墨書き入れあり",水滸傳,建陽,,"(明)劉栄吾(欽温)刊,藜光堂刊,藜光閣刊,藜光堂藏版","(明)姚宗鎭編,(明)鄭國揚校",B23475,,,http://tify.sub.uni-goettingen.de/demo.html?manifest=https://archdataset.dl.itc.u-tokyo.ac.jp/manifest/212c9a64-d845-4d6b-b4cc-9037d3ec3dbd.json,212c9a64-d845-4d6b-b4cc-9037d3ec3dbd,https://iiif.dl.itc.u-tokyo.ac.jp/repo/s/asia/page/home,https://iiif.dl.itc.u-tokyo.ac.jp/repo/s/asia/document/212c9a64-d845-4d6b-b4cc-9037d3ec3dbd,https://www.lib.u-tokyo.ac.jp/ja/library/contents/archives-top/reuse,https://iiif.dl.itc.u-tokyo.ac.jp/repo/files/medium/5bba8301d93d1e7a25da4156aa3fdeed639bcc91.jpg,https://iiif.dl.itc.u-tokyo.ac.jp/repo/api/items/190382,"東京大学附属図書館アジア研究図書館上廣倫理財団寄付研究部門 / Uehiro Project for the Asian Research Library in the University of Tokyo, JAPAN",http://iiif.io/api/presentation/2#rightToLeftDirection,,水滸伝コレクション,A006371-06,https://iiif.dl.itc.u-tokyo.ac.jp/repo/iiif/212c9a64-d845-4d6b-b4cc-9037d3ec3dbd/manifest,,,,,57
新刻全像忠義水滸誌伝二十五巻一百十五回 [A006371-07],,,,,,,,,,,,,,,,嵌図式上図下文本,"線装, 四針眼釘法",A00-6371,"25巻,115回",(中国)明末清初,,23.4×13.9cm,15行行34字(嵌図部行27字),"森林太郎(鴎外)旧蔵,東京大学総合図書館所蔵","2帙,8冊",,"東京帝國大学圖書印,鷗外藏書,集義精舎,林太郎",印本,木版,新刻全像忠義水滸誌傳二十五卷一百十五囘 Xinke Quanxiang Zhongyi Shuihu Zhizhuan 25 juan 115 hui 新刻全像忠義水滸誌伝二十五巻一百十五回 新刻全像忠义水浒志传二十五卷一百一十五回,"(巻首題)新刻全像忠義水滸誌傳,(目首題)鼎鐫全像水滸忠義志傳,(版心題)忠義水滸,(封面題)全像忠義水滸",1621-1722年,,(内框)21.1×11.6cm,A006371,,"闕巻16第2葉,虫損あり,裏打修補あり,天地裁断あり,朱墨書き入れあり",水滸傳,建陽,,"(明)劉栄吾(欽温)刊,藜光堂刊,藜光閣刊,藜光堂藏版","(明)姚宗鎭編,(明)鄭國揚校",B23475,,,http://tify.sub.uni-goettingen.de/demo.html?manifest=https://archdataset.dl.itc.u-tokyo.ac.jp/manifest/7670f5f6-d6da-44a8-80b2-1ba5025a850c.json,7670f5f6-d6da-44a8-80b2-1ba5025a850c,https://iiif.dl.itc.u-tokyo.ac.jp/repo/s/asia/page/home,https://iiif.dl.itc.u-tokyo.ac.jp/repo/s/asia/document/7670f5f6-d6da-44a8-80b2-1ba5025a850c,https://www.lib.u-tokyo.ac.jp/ja/library/contents/archives-top/reuse,https://iiif.dl.itc.u-tokyo.ac.jp/repo/files/medium/f90668761118e3d5aab30ea91e0ddfaf8009c343.jpg,https://iiif.dl.itc.u-tokyo.ac.jp/repo/api/items/190383,"東京大学附属図書館アジア研究図書館上廣倫理財団寄付研究部門 / Uehiro Project for the Asian Research Library in the University of Tokyo, JAPAN",http://iiif.io/api/presentation/2#rightToLeftDirection,,水滸伝コレクション,A006371-07,https://iiif.dl.itc.u-tokyo.ac.jp/repo/iiif/7670f5f6-d6da-44a8-80b2-1ba5025a850c/manifest,,,,,55
新刻全像忠義水滸誌伝二十五巻一百十五回 [A006371-08],,,,,,,,,,,,,,,,嵌図式上図下文本,"線装, 四針眼釘法",A00-6371,"25巻,115回",(中国)明末清初,,23.4×13.9cm,15行行34字(嵌図部行27字),"森林太郎(鴎外)旧蔵,東京大学総合図書館所蔵","2帙,8冊",,"東京帝國大学圖書印,鷗外藏書,集義精舎,林太郎",印本,木版,新刻全像忠義水滸誌傳二十五卷一百十五囘 Xinke Quanxiang Zhongyi Shuihu Zhizhuan 25 juan 115 hui 新刻全像忠義水滸誌伝二十五巻一百十五回 新刻全像忠义水浒志传二十五卷一百一十五回,"(巻首題)新刻全像忠義水滸誌傳,(目首題)鼎鐫全像水滸忠義志傳,(版心題)忠義水滸,(封面題)全像忠義水滸",1621-1722年,,(内框)21.1×11.6cm,A006371,,"闕巻16第2葉,虫損あり,裏打修補あり,天地裁断あり,朱墨書き入れあり",水滸傳,建陽,,"(明)劉栄吾(欽温)刊,藜光堂刊,藜光閣刊,藜光堂藏版","(明)姚宗鎭編,(明)鄭國揚校",B23475,,,http://tify.sub.uni-goettingen.de/demo.html?manifest=https://archdataset.dl.itc.u-tokyo.ac.jp/manifest/f5c12d0a-39f4-4d0b-8bdd-e2a8c3a59e09.json,f5c12d0a-39f4-4d0b-8bdd-e2a8c3a59e09,https://iiif.dl.itc.u-tokyo.ac.jp/repo/s/asia/page/home,https://iiif.dl.itc.u-tokyo.ac.jp/repo/s/asia/document/f5c12d0a-39f4-4d0b-8bdd-e2a8c3a59e09,https://www.lib.u-tokyo.ac.jp/ja/library/contents/archives-top/reuse,https://iiif.dl.itc.u-tokyo.ac.jp/repo/files/medium/4bbe50e328062f9e3585495194526e259fd33e67.jpg,https://iiif.dl.itc.u-tokyo.ac.jp/repo/api/items/190384,"東京大学附属図書館アジア研究図書館上廣倫理財団寄付研究部門 / Uehiro Project for the Asian Research Library in the University of Tokyo, JAPAN",http://iiif.io/api/presentation/2#rightToLeftDirection,,水滸伝コレクション,A006371-08,https://iiif.dl.itc.u-tokyo.ac.jp/repo/iiif/f5c12d0a-39f4-4d0b-8bdd-e2a8c3a59e09/manifest,,,,,71
医方大成論 [A006464],,,,,,,,,,,,,,日本古活字本の漢籍。鶚軒文庫。,,,"線装, 四針眼釘法",A00-6464,"王元福序, 1巻",(日本)慶長16年,,27.8×19.5cm,10行行18字,"土肥慶蔵旧蔵, 東京大学総合図書館所蔵",1冊,,"東京帝国大学図書印, 松廼舎文庫",印本,古活字版,医方大成論一巻 Yifang Dacheng Lun 1 juan 医方大成论一卷 醫方大成論一卷,(巻首題)医方大成論,1611年,14世紀,(内框)17.5×15.2cm,A006464,,"虫損あり, シミあり, 書き入れあり",大成論,京都,,梅寿重刊,(元)孫允賢撰,B109527,,,http://tify.sub.uni-goettingen.de/demo.html?manifest=https://archdataset.dl.itc.u-tokyo.ac.jp/manifest/d86e1a29-e35b-4850-9f94-a54dc4744249.json,d86e1a29-e35b-4850-9f94-a54dc4744249,https://iiif.dl.itc.u-tokyo.ac.jp/repo/s/uparl/,https://iiif.dl.itc.u-tokyo.ac.jp/repo/s/asia/document/d86e1a29-e35b-4850-9f94-a54dc4744249,https://www.lib.u-tokyo.ac.jp/ja/library/contents/archives-top/reuse,https://iiif.dl.itc.u-tokyo.ac.jp/repo/files/medium/4d0da7e884a4d6977fdefd6ac7f1135db316d417.jpg,https://iiif.dl.itc.u-tokyo.ac.jp/repo/api/items/186438,"東京大学附属図書館アジア研究図書館上廣倫理財団寄付研究部門 / Uehiro Project for the Asian Research Library in the University of Tokyo, JAPAN",http://iiif.io/api/presentation/2#rightToLeftDirection,,U-PARLセレクション,A006464-00,https://iiif.dl.itc.u-tokyo.ac.jp/repo/iiif/186438/manifest,,,,,61
争坐位稿 [A006586],,,,,,,,,,,,,,総合図書館。中国・唐代の顔真卿の書を刻したもの。,,,画帖装,A00-6586,,,(唐)広徳2年11月,35.5×18.6cm,,"渡辺信旧蔵, 東京大学総合図書館所蔵",1冊,0011248176,"魚雁伝音, 東京帝国大学図書印, 渡辺氏図書記",拓本,石刻,争坐位稿 Zheng zuowei gao 争坐位稿 爭坐位稿,,,764年,,A006586,,,顔魯公坐位帖,,,,(唐)顔真卿書,,,,http://tify.sub.uni-goettingen.de/demo.html?manifest=https://archdataset.dl.itc.u-tokyo.ac.jp/manifest/5f6d5a5f-9c0f-269e-1aca-eddc0b822b05.json,5f6d5a5f-9c0f-269e-1aca-eddc0b822b05,https://iiif.dl.itc.u-tokyo.ac.jp/repo/s/asia,https://iiif.dl.itc.u-tokyo.ac.jp/repo/s/asia/document/5f6d5a5f-9c0f-269e-1aca-eddc0b822b05,https://www.lib.u-tokyo.ac.jp/ja/library/contents/archives-top/reuse,https://iiif.dl.itc.u-tokyo.ac.jp/repo/files/medium/9dd1a3bd57bd4fd91653d54a867c95fcbbffbad6.jpg,https://iiif.dl.itc.u-tokyo.ac.jp/repo/api/items/1070430,"東京大学附属図書館アジア研究図書館上廣倫理財団寄付研究部門 / Uehiro Project for the Asian Research Library in the University of Tokyo, JAPAN",http://iiif.io/api/presentation/2#rightToLeftDirection,,碑帖拓本コレクション,A006586-00,https://iiif.dl.itc.u-tokyo.ac.jp/repo/iiif/5f6d5a5f-9c0f-269e-1aca-eddc0b822b05/manifest,,,,,12
北路紀略 元 [ASIA0001-01],,,,,,,,,,,,,,朝鮮・鄭允容著。写本。2014年U-PARLにて購入。,,,"線装, 五針眼釘法",,4巻,,(朝鮮)純祖30年,28.6×20.8cm,,東京大学アジア研究図書館所蔵,4冊,,,写本,,北路紀略四巻 Pungno Kiryak 4-kwŏn 북로 기략 4 권 北路纪略四卷 北路紀略四卷,(巻首題)北路紀略,,1830年*,,ASIA0001,,虫損あり,北路紀略,,"*김영필 金榮必「《북로기략 北路紀略》에 대하여」, 《국회도서관보 國會圖書館報》17-2, 서울, 1980",,(朝鮮)鄭允容著*,,,,http://tify.sub.uni-goettingen.de/demo.html?manifest=https://archdataset.dl.itc.u-tokyo.ac.jp/manifest/d2cd2f1a-3b23-4691-8f2c-c7c60b73ae26.json,d2cd2f1a-3b23-4691-8f2c-c7c60b73ae26,https://iiif.dl.itc.u-tokyo.ac.jp/repo/s/uparl/,https://iiif.dl.itc.u-tokyo.ac.jp/repo/s/asia/document/d2cd2f1a-3b23-4691-8f2c-c7c60b73ae26,https://www.lib.u-tokyo.ac.jp/ja/library/contents/archives-top/reuse,https://iiif.dl.itc.u-tokyo.ac.jp/repo/files/medium/03ce7f105a49ff6b3fcc3bb15634ea10153b9ed5.jpg,https://iiif.dl.itc.u-tokyo.ac.jp/repo/api/items/167836,"東京大学附属図書館アジア研究図書館上廣倫理財団寄付研究部門 / Uehiro Project for the Asian Research Library in the University of Tokyo, JAPAN",http://iiif.io/api/presentation/2#rightToLeftDirection,,U-PARLセレクション,ASIA0001-01,https://iiif.dl.itc.u-tokyo.ac.jp/repo/iiif/167836/manifest,,,,,66
北路紀略 亨 [ASIA0001-02],,,,,,,,,,,,,,朝鮮・鄭允容著。写本。2014年U-PARLにて購入。,,,"線装, 五針眼釘法",,4巻,,(朝鮮)純祖30年,28.6×20.8cm,,東京大学アジア研究図書館所蔵,4冊,,,写本,,北路紀略四巻 Pungno Kiryak 4-kwŏn 북로 기략 4 권 北路纪略四卷 北路紀略四卷,(巻首題)北路紀略,,1830年*,,ASIA0001,,虫損あり,北路紀略,,"*김영필 金榮必「《북로기략 北路紀略》에 대하여」, 《국회도서관보 國會圖書館報》17-2, 서울, 1980",,(朝鮮)鄭允容著*,,,,http://tify.sub.uni-goettingen.de/demo.html?manifest=https://archdataset.dl.itc.u-tokyo.ac.jp/manifest/58382bb4-e7cc-436a-9b89-a220762464d8.json,58382bb4-e7cc-436a-9b89-a220762464d8,https://iiif.dl.itc.u-tokyo.ac.jp/repo/s/uparl/,https://iiif.dl.itc.u-tokyo.ac.jp/repo/s/asia/document/58382bb4-e7cc-436a-9b89-a220762464d8,https://www.lib.u-tokyo.ac.jp/ja/library/contents/archives-top/reuse,https://iiif.dl.itc.u-tokyo.ac.jp/repo/files/medium/101cc39893b374974e3566ce07f9ff8fc4eaecfd.jpg,https://iiif.dl.itc.u-tokyo.ac.jp/repo/api/items/167837,"東京大学附属図書館アジア研究図書館上廣倫理財団寄付研究部門 / Uehiro Project for the Asian Research Library in the University of Tokyo, JAPAN",http://iiif.io/api/presentation/2#rightToLeftDirection,,U-PARLセレクション,ASIA0001-02,https://iiif.dl.itc.u-tokyo.ac.jp/repo/iiif/167837/manifest,,,,,70
北路紀略 利 [ASIA0001-03],,,,,,,,,,,,,,朝鮮・鄭允容著。写本。2014年U-PARLにて購入。,,,"線装, 五針眼釘法",,4巻,,(朝鮮)純祖30年,28.6×20.8cm,,東京大学アジア研究図書館所蔵,4冊,,,写本,,北路紀略四巻 Pungno Kiryak 4-kwŏn 북로 기략 4 권 北路纪略四卷 北路紀略四卷,(巻首題)北路紀略,,1830年*,,ASIA0001,,虫損あり,北路紀略,,"*김영필 金榮必「《북로기략 北路紀略》에 대하여」, 《국회도서관보 國會圖書館報》17-2, 서울, 1980",,(朝鮮)鄭允容著*,,,,http://tify.sub.uni-goettingen.de/demo.html?manifest=https://archdataset.dl.itc.u-tokyo.ac.jp/manifest/ba19b8a6-2c09-4f99-a9e4-397edcc53086.json,ba19b8a6-2c09-4f99-a9e4-397edcc53086,https://iiif.dl.itc.u-tokyo.ac.jp/repo/s/uparl/,https://iiif.dl.itc.u-tokyo.ac.jp/repo/s/asia/document/ba19b8a6-2c09-4f99-a9e4-397edcc53086,https://www.lib.u-tokyo.ac.jp/ja/library/contents/archives-top/reuse,https://iiif.dl.itc.u-tokyo.ac.jp/repo/files/medium/8f4245c216ca5465fd1e5b531fc9222038cd1e63.jpg,https://iiif.dl.itc.u-tokyo.ac.jp/repo/api/items/167838,"東京大学附属図書館アジア研究図書館上廣倫理財団寄付研究部門 / Uehiro Project for the Asian Research Library in the University of Tokyo, JAPAN",http://iiif.io/api/presentation/2#rightToLeftDirection,,U-PARLセレクション,ASIA0001-03,https://iiif.dl.itc.u-tokyo.ac.jp/repo/iiif/167838/manifest,,,,,54
北路紀略 貞 [ASIA0001-04],,,,,,,,,,,,,,朝鮮・鄭允容著。写本。2014年U-PARLにて購入。,,,"線装, 五針眼釘法",,4巻,,(朝鮮)純祖30年,28.6×20.8cm,,東京大学アジア研究図書館所蔵,4冊,,,写本,,北路紀略四巻 Pungno Kiryak 4-kwŏn 북로 기략 4 권 北路纪略四卷 北路紀略四卷,(巻首題)北路紀略,,1830年*,,ASIA0001,,虫損あり,北路紀略,,"*김영필 金榮必「《북로기략 北路紀略》에 대하여」, 《국회도서관보 國會圖書館報》17-2, 서울, 1980",,(朝鮮)鄭允容著*,,,,http://tify.sub.uni-goettingen.de/demo.html?manifest=https://archdataset.dl.itc.u-tokyo.ac.jp/manifest/7bd495d9-ee66-480e-b67f-25ca153746b3.json,7bd495d9-ee66-480e-b67f-25ca153746b3,https://iiif.dl.itc.u-tokyo.ac.jp/repo/s/uparl/,https://iiif.dl.itc.u-tokyo.ac.jp/repo/s/asia/document/7bd495d9-ee66-480e-b67f-25ca153746b3,https://www.lib.u-tokyo.ac.jp/ja/library/contents/archives-top/reuse,https://iiif.dl.itc.u-tokyo.ac.jp/repo/files/medium/fcb3677e7ce5e604f7712ac88fd5a6381d9b5a57.jpg,https://iiif.dl.itc.u-tokyo.ac.jp/repo/api/items/167839,"東京大学附属図書館アジア研究図書館上廣倫理財団寄付研究部門 / Uehiro Project for the Asian Research Library in the University of Tokyo, JAPAN",http://iiif.io/api/presentation/2#rightToLeftDirection,,U-PARLセレクション,ASIA0001-04,https://iiif.dl.itc.u-tokyo.ac.jp/repo/iiif/167839/manifest,,,,,47
古今歴代法帖 [ASIA0002],,,,,,,,,,,,,,アジア研究図書館。朝鮮・朴文会輯。朝鮮で刊行された版刻法帖。2015年U-PARL購入資料。,,,"線装, 五針眼釘法",,不分巻,,(朝鮮)哲宗10年,35.8×22.5cm,,東京大学アジア研究図書館所蔵,1冊,,,印本,木版,古今歴代法帖 Kogŭm Yŏktae Pŏpch'ŏp 고금 역대 법첩 古今历代法帖 古今歷代法帖,,,1859年,(内框)26.7×16.4cm,ASIA0002,,,古今歴代法帖,,,,(朝鮮)朴文会輯,,,,http://tify.sub.uni-goettingen.de/demo.html?manifest=https://archdataset.dl.itc.u-tokyo.ac.jp/manifest/d7a0c0e4-30ab-4f5a-9bcf-1ea9cf36aeaf.json,d7a0c0e4-30ab-4f5a-9bcf-1ea9cf36aeaf,https://iiif.dl.itc.u-tokyo.ac.jp/repo/s/uparl/,https://iiif.dl.itc.u-tokyo.ac.jp/repo/s/asia/document/d7a0c0e4-30ab-4f5a-9bcf-1ea9cf36aeaf,https://www.lib.u-tokyo.ac.jp/ja/library/contents/archives-top/reuse,https://iiif.dl.itc.u-tokyo.ac.jp/repo/files/medium/f956f3e23c3aa14117b8d7411ae6d8041f92e0b7.jpg,https://iiif.dl.itc.u-tokyo.ac.jp/repo/api/items/167840,"東京大学附属図書館アジア研究図書館上廣倫理財団寄付研究部門 / Uehiro Project for the Asian Research Library in the University of Tokyo, JAPAN",http://iiif.io/api/presentation/2#rightToLeftDirection,,碑帖拓本コレクション,ASIA0002-00,https://iiif.dl.itc.u-tokyo.ac.jp/repo/iiif/167840/manifest,,,,,85
朴彭年草書千字文 [ASIA0003],,,,,,,,,,,,,,アジア研究図書館。朝鮮で刊行された版刻法帖。2015年U-PARL購入資料。,,,"線装, 五針眼釘法",,"不分巻, 跋[宋時烈]",,,36.9×24.5cm,,東京大学アジア研究図書館所蔵,1冊,,世守清白,印本,木版,朴彭年草書千字文 Pak P'aeng-nyŏn Ch'osŏ Ch'ŏnjamun 박팽년 초서 천자문 朴彭年草书千字文 朴彭年草書千字文,(巻首題)千字文,,,(内框)27.2×18.8cm,ASIA0003,,,,,"심영환 沈永煥《조선시대 고문서 초서체 연구 朝鮮時代 古文書 草書體 研究》, 서울, 소와당 笑臥堂, 2008, pp.50-53",,,,,,http://tify.sub.uni-goettingen.de/demo.html?manifest=https://archdataset.dl.itc.u-tokyo.ac.jp/manifest/8f550982-13de-4114-9994-f49c9d0e0353.json,8f550982-13de-4114-9994-f49c9d0e0353,https://iiif.dl.itc.u-tokyo.ac.jp/repo/s/uparl/,https://iiif.dl.itc.u-tokyo.ac.jp/repo/s/asia/document/8f550982-13de-4114-9994-f49c9d0e0353,https://www.lib.u-tokyo.ac.jp/ja/library/contents/archives-top/reuse,https://iiif.dl.itc.u-tokyo.ac.jp/repo/files/medium/4f71b7284b852bd3a2bbd4af252c1761b9f4dd9b.jpg,https://iiif.dl.itc.u-tokyo.ac.jp/repo/api/items/167841,"東京大学附属図書館アジア研究図書館上廣倫理財団寄付研究部門 / Uehiro Project for the Asian Research Library in the University of Tokyo, JAPAN",http://iiif.io/api/presentation/2#rightToLeftDirection,,碑帖拓本コレクション,ASIA0003-00,https://iiif.dl.itc.u-tokyo.ac.jp/repo/iiif/167841/manifest,,,,,26
金麟厚草書千字文 [ASIA0004],,,,,,,,,,,,,,アジア研究図書館。朝鮮で刊行された版刻法帖。2015年U-PARL購入資料。,,,"線装, 四針眼釘法",,"不分巻, 跋[河西子], 五言律詩一首[陳師道]",,(朝鮮)中宗32年,35×24cm,,東京大学アジア研究図書館所蔵,1冊,,"横瀬文彦, 横瀬姓秘篋印, 横瀬図書記",印本,木版,金麟厚草書千字文 Kim In-hu Ch'osŏ Ch'ŏnjamun 김인후 초서 천자문 金麟厚草书千字文 金麟厚草書千字文,,,1537年,(内框)21.0×25.0cm,ASIA0004,,綴じ紐欠損あり,草千字,,"심영환 沈永煥《조선시대 고문서 초서체 연구 朝鮮時代 古文書 草書體 研究》, 서울, 소와당 笑臥堂, 2008, p.53",,,,,,http://tify.sub.uni-goettingen.de/demo.html?manifest=https://archdataset.dl.itc.u-tokyo.ac.jp/manifest/4766a434-369e-4c07-8f28-39dc0989f19b.json,4766a434-369e-4c07-8f28-39dc0989f19b,https://iiif.dl.itc.u-tokyo.ac.jp/repo/s/uparl/,https://iiif.dl.itc.u-tokyo.ac.jp/repo/s/asia/document/4766a434-369e-4c07-8f28-39dc0989f19b,https://www.lib.u-tokyo.ac.jp/ja/library/contents/archives-top/reuse,https://iiif.dl.itc.u-tokyo.ac.jp/repo/files/medium/aade75ccf595dcc45374e6412af8e1266112421d.jpg,https://iiif.dl.itc.u-tokyo.ac.jp/repo/api/items/167842,"東京大学附属図書館アジア研究図書館上廣倫理財団寄付研究部門 / Uehiro Project for the Asian Research Library in the University of Tokyo, JAPAN",http://iiif.io/api/presentation/2#rightToLeftDirection,,碑帖拓本コレクション,ASIA0004-00,https://iiif.dl.itc.u-tokyo.ac.jp/repo/iiif/4766a434-369e-4c07-8f28-39dc0989f19b/manifest,https://w3id.org/dhj/i3sa/https://archdataset.dl.itc.u-tokyo.ac.jp/collections/uparl/text/xml/4766a434-369e-4c07-8f28-39dc0989f19b.xml,,,,35
論語諺解 一 [B60567-01],,,,,,,,,,,,,,朝鮮で刊行された漢籍(諺解本)。,,,"線装, 五針眼釘法",B60-567,4巻,(朝鮮)純祖10年,(朝鮮)宣祖朝,34.2×22.4cm,10行行17字,東京大学総合図書館所蔵,4冊,,東京帝国大学図書印,印本,木版,論語諺解四巻 Nonŏ Ŏnhae 4-kwŏn 논어 언해 4 권 论语谚解四卷 論語諺解四卷,,1810年,1567-1608年,(内框)22.0×17.1cm,B60567,,虫損あり,,全州,"*안현주 安賢珠「조선시대에 간행된 諺解本《論語》의 板本에 관한 考察」, 《서지학연구 書誌學硏究》26, 서울, 한국서지학회, 2003, pp.219-247",(朝鮮)河慶龍刊,(朝鮮)宣祖命撰*,B12659,,,http://tify.sub.uni-goettingen.de/demo.html?manifest=https://archdataset.dl.itc.u-tokyo.ac.jp/manifest/37ae09b6-f1ff-4e89-8005-78440e9249d1.json,37ae09b6-f1ff-4e89-8005-78440e9249d1,https://iiif.dl.itc.u-tokyo.ac.jp/repo/s/uparl/,https://iiif.dl.itc.u-tokyo.ac.jp/repo/s/asia/document/37ae09b6-f1ff-4e89-8005-78440e9249d1,https://www.lib.u-tokyo.ac.jp/ja/library/contents/archives-top/reuse,https://iiif.dl.itc.u-tokyo.ac.jp/repo/files/medium/62d59ad3202a35e31bf18cdb172122fffa83cf77.jpg,https://iiif.dl.itc.u-tokyo.ac.jp/repo/api/items/186439,"東京大学附属図書館アジア研究図書館上廣倫理財団寄付研究部門 / Uehiro Project for the Asian Research Library in the University of Tokyo, JAPAN",http://iiif.io/api/presentation/2#rightToLeftDirection,,U-PARLセレクション,B60567-01,https://iiif.dl.itc.u-tokyo.ac.jp/repo/iiif/186439/manifest,,,,,60
論語諺解 二 [B60567-02],,,,,,,,,,,,,,朝鮮で刊行された漢籍(諺解本)。,,,"線装, 五針眼釘法",B60-567,4巻,(朝鮮)純祖10年,(朝鮮)宣祖朝,34.2×22.4cm,10行行17字,東京大学総合図書館所蔵,4冊,,東京帝国大学図書印,印本,木版,論語諺解四巻 Nonŏ Ŏnhae 4-kwŏn 논어 언해 4 권 论语谚解四卷 論語諺解四卷,,1810年,1567-1608年,(内框)22.0×17.1cm,B60567,,虫損あり,,全州,"*안현주 安賢珠「조선시대에 간행된 諺解本《論語》의 板本에 관한 考察」, 《서지학연구 書誌學硏究》26, 서울, 한국서지학회, 2003, pp.219-247",(朝鮮)河慶龍刊,(朝鮮)宣祖命撰*,B12659,,,http://tify.sub.uni-goettingen.de/demo.html?manifest=https://archdataset.dl.itc.u-tokyo.ac.jp/manifest/e2fb1617-0e29-4ae4-bc40-ae1a8e784158.json,e2fb1617-0e29-4ae4-bc40-ae1a8e784158,https://iiif.dl.itc.u-tokyo.ac.jp/repo/s/uparl/,https://iiif.dl.itc.u-tokyo.ac.jp/repo/s/asia/document/e2fb1617-0e29-4ae4-bc40-ae1a8e784158,https://www.lib.u-tokyo.ac.jp/ja/library/contents/archives-top/reuse,https://iiif.dl.itc.u-tokyo.ac.jp/repo/files/medium/047b30d77ea885821d46f59fa704906426dcdd35.jpg,https://iiif.dl.itc.u-tokyo.ac.jp/repo/api/items/186440,"東京大学附属図書館アジア研究図書館上廣倫理財団寄付研究部門 / Uehiro Project for the Asian Research Library in the University of Tokyo, JAPAN",http://iiif.io/api/presentation/2#rightToLeftDirection,,U-PARLセレクション,B60567-02,https://iiif.dl.itc.u-tokyo.ac.jp/repo/iiif/186440/manifest,,,,,71
論語諺解 三 [B60567-03],,,,,,,,,,,,,,朝鮮で刊行された漢籍(諺解本)。,,,"線装, 五針眼釘法",B60-567,4巻,(朝鮮)純祖10年,(朝鮮)宣祖朝,34.2×22.4cm,10行行17字,東京大学総合図書館所蔵,4冊,,東京帝国大学図書印,印本,木版,論語諺解四巻 Nonŏ Ŏnhae 4-kwŏn 논어 언해 4 권 论语谚解四卷 論語諺解四卷,,1810年,1567-1608年,(内框)22.0×17.1cm,B60567,,虫損あり,,全州,"*안현주 安賢珠「조선시대에 간행된 諺解本《論語》의 板本에 관한 考察」, 《서지학연구 書誌學硏究》26, 서울, 한국서지학회, 2003, pp.219-247",(朝鮮)河慶龍刊,(朝鮮)宣祖命撰*,B12659,,,http://tify.sub.uni-goettingen.de/demo.html?manifest=https://archdataset.dl.itc.u-tokyo.ac.jp/manifest/14eac1bf-e58c-47e9-a5af-810983f9c884.json,14eac1bf-e58c-47e9-a5af-810983f9c884,https://iiif.dl.itc.u-tokyo.ac.jp/repo/s/uparl/,https://iiif.dl.itc.u-tokyo.ac.jp/repo/s/asia/document/14eac1bf-e58c-47e9-a5af-810983f9c884,https://www.lib.u-tokyo.ac.jp/ja/library/contents/archives-top/reuse,https://iiif.dl.itc.u-tokyo.ac.jp/repo/files/medium/1f9a7aefdf6a0a140058a3186e08f3e4346f4521.jpg,https://iiif.dl.itc.u-tokyo.ac.jp/repo/api/items/186441,"東京大学附属図書館アジア研究図書館上廣倫理財団寄付研究部門 / Uehiro Project for the Asian Research Library in the University of Tokyo, JAPAN",http://iiif.io/api/presentation/2#rightToLeftDirection,,U-PARLセレクション,B60567-03,https://iiif.dl.itc.u-tokyo.ac.jp/repo/iiif/186441/manifest,,,,,83
論語諺解 四 [B60567-04],,,,,,,,,,,,,,朝鮮で刊行された漢籍(諺解本)。,,,"線装, 五針眼釘法",B60-567,4巻,(朝鮮)純祖10年,(朝鮮)宣祖朝,34.2×22.4cm,10行行17字,東京大学総合図書館所蔵,4冊,,東京帝国大学図書印,印本,木版,論語諺解四巻 Nonŏ Ŏnhae 4-kwŏn 논어 언해 4 권 论语谚解四卷 論語諺解四卷,,1810年,1567-1608年,(内框)22.0×17.1cm,B60567,,虫損あり,,全州,"*안현주 安賢珠「조선시대에 간행된 諺解本《論語》의 板本에 관한 考察」, 《서지학연구 書誌學硏究》26, 서울, 한국서지학회, 2003, pp.219-247",(朝鮮)河慶龍刊,(朝鮮)宣祖命撰*,B12659,,,http://tify.sub.uni-goettingen.de/demo.html?manifest=https://archdataset.dl.itc.u-tokyo.ac.jp/manifest/cc3addb0-b4e1-45ea-9138-47382f72991d.json,cc3addb0-b4e1-45ea-9138-47382f72991d,https://iiif.dl.itc.u-tokyo.ac.jp/repo/s/uparl/,https://iiif.dl.itc.u-tokyo.ac.jp/repo/s/asia/document/cc3addb0-b4e1-45ea-9138-47382f72991d,https://www.lib.u-tokyo.ac.jp/ja/library/contents/archives-top/reuse,https://iiif.dl.itc.u-tokyo.ac.jp/repo/files/medium/1e6ccff8405d043552bcf1a06fb0c681c339e84e.jpg,https://iiif.dl.itc.u-tokyo.ac.jp/repo/api/items/186442,"東京大学附属図書館アジア研究図書館上廣倫理財団寄付研究部門 / Uehiro Project for the Asian Research Library in the University of Tokyo, JAPAN",http://iiif.io/api/presentation/2#rightToLeftDirection,,U-PARLセレクション,B60567-04,https://iiif.dl.itc.u-tokyo.ac.jp/repo/iiif/186442/manifest,,,,,84
水滸伝全本三十巻 [E46386-00],,,,,,,,,,,,,,,,"首冊に図20葉あり,第4冊後見返しに墨筆にて「中田弃莠」とあり","線装, 四針眼釘法",E46-386,30巻,(中国)清前期,,24.9×15.9cm,10行行20字,"中屋幸三郎旧蔵,東京大学総合図書館所蔵","2帙,12冊",,"東京大學圖書印,(印文不明),大門通小傳馬三丁目中屋幸三郎藏書記,東京帝國大學圖書印,東京帝國大學附属圖書館明治卅三年十月十日",印本,木版,水滸傳全本三十卷 Shuihu Zhuan Quanben 30 juan 水滸伝全本三十巻 水浒传全本三十卷,"(巻首題,版心題)水滸傳全本,(目首題)金聖歎評水滸全傳,(序首題)水滸全傳,(封面題)施耐菴原□李卓□先生評水滸全傳",1644-1735年,,(内框)20.4×12.8cm,E46386,,"破損あり,裏打修補あり,墨筆書き入れあり",李卓語水滸傳,蘇州,"氏岡真士「三十巻本『水滸伝』について」(『日本中国学会報』第六十三集,2011年)",金閶映雪草堂藏板,"(元)施耐菴編,(明)李卓吾評點","B130602,B130603,B130604,B130605,B130606,B130607,B130608,B130609,B130610,B130611,B130612,B130613",,,http://tify.sub.uni-goettingen.de/demo.html?manifest=https://archdataset.dl.itc.u-tokyo.ac.jp/manifest/70f8f799-e618-4446-b43c-64ee4d9bd871.json,70f8f799-e618-4446-b43c-64ee4d9bd871,https://iiif.dl.itc.u-tokyo.ac.jp/repo/s/asia/page/home,https://iiif.dl.itc.u-tokyo.ac.jp/repo/s/asia/document/70f8f799-e618-4446-b43c-64ee4d9bd871,https://www.lib.u-tokyo.ac.jp/ja/library/contents/archives-top/reuse,https://iiif.dl.itc.u-tokyo.ac.jp/repo/files/medium/4309e652349e6f7322595293470e3fdb20ad16b3.jpg,https://iiif.dl.itc.u-tokyo.ac.jp/repo/api/items/192217,"東京大学附属図書館アジア研究図書館上廣倫理財団寄付研究部門 / Uehiro Project for the Asian Research Library in the University of Tokyo, JAPAN",http://iiif.io/api/presentation/2#rightToLeftDirection,,水滸伝コレクション,E46386-00,https://iiif.dl.itc.u-tokyo.ac.jp/repo/iiif/70f8f799-e618-4446-b43c-64ee4d9bd871/manifest,,,,,17
水滸伝全本三十巻 [E46386-01],,,,,,,,,,,,,,,,"首冊に図20葉あり,第4冊後見返しに墨筆にて「中田弃莠」とあり","線装, 四針眼釘法",E46-386,30巻,(中国)清前期,,24.9×15.9cm,10行行20字,"中屋幸三郎旧蔵,東京大学総合図書館所蔵","2帙,12冊",,"東京大學圖書印,(印文不明),大門通小傳馬三丁目中屋幸三郎藏書記,東京帝國大學圖書印,東京帝國大學附属圖書館明治卅三年十月十日",印本,木版,水滸傳全本三十卷 Shuihu Zhuan Quanben 30 juan 水滸伝全本三十巻 水浒传全本三十卷,"(巻首題,版心題)水滸傳全本,(目首題)金聖歎評水滸全傳,(序首題)水滸全傳,(封面題)施耐菴原□李卓□先生評水滸全傳",1644-1735年,,(内框)20.4×12.8cm,E46386,,"破損あり,裏打修補あり,墨筆書き入れあり",李卓語水滸傳,蘇州,"氏岡真士「三十巻本『水滸伝』について」(『日本中国学会報』第六十三集,2011年)",金閶映雪草堂藏板,"(元)施耐菴編,(明)李卓吾評點","B130602,B130603,B130604,B130605,B130606,B130607,B130608,B130609,B130610,B130611,B130612,B130613",,,http://tify.sub.uni-goettingen.de/demo.html?manifest=https://archdataset.dl.itc.u-tokyo.ac.jp/manifest/d3b3384b-4546-42ad-af78-09d46ab1cd65.json,d3b3384b-4546-42ad-af78-09d46ab1cd65,https://iiif.dl.itc.u-tokyo.ac.jp/repo/s/asia/page/home,https://iiif.dl.itc.u-tokyo.ac.jp/repo/s/asia/document/d3b3384b-4546-42ad-af78-09d46ab1cd65,https://www.lib.u-tokyo.ac.jp/ja/library/contents/archives-top/reuse,https://iiif.dl.itc.u-tokyo.ac.jp/repo/files/medium/14bd3c2619db95099ef78555f3845b85cc0eb64f.jpg,https://iiif.dl.itc.u-tokyo.ac.jp/repo/api/items/192218,"東京大学附属図書館アジア研究図書館上廣倫理財団寄付研究部門 / Uehiro Project for the Asian Research Library in the University of Tokyo, JAPAN",http://iiif.io/api/presentation/2#rightToLeftDirection,,水滸伝コレクション,E46386-01,https://iiif.dl.itc.u-tokyo.ac.jp/repo/iiif/d3b3384b-4546-42ad-af78-09d46ab1cd65/manifest,,,,,80
水滸伝全本三十巻 [E46386-02],,,,,,,,,,,,,,,,"首冊に図20葉あり,第4冊後見返しに墨筆にて「中田弃莠」とあり","線装, 四針眼釘法",E46-386,30巻,(中国)清前期,,24.9×15.9cm,10行行20字,"中屋幸三郎旧蔵,東京大学総合図書館所蔵","2帙,12冊",,"東京大學圖書印,(印文不明),大門通小傳馬三丁目中屋幸三郎藏書記,東京帝國大學圖書印,東京帝國大學附属圖書館明治卅三年十月十日",印本,木版,水滸傳全本三十卷 Shuihu Zhuan Quanben 30 juan 水滸伝全本三十巻 水浒传全本三十卷,"(巻首題,版心題)水滸傳全本,(目首題)金聖歎評水滸全傳,(序首題)水滸全傳,(封面題)施耐菴原□李卓□先生評水滸全傳",1644-1735年,,(内框)20.4×12.8cm,E46386,,"破損あり,裏打修補あり,墨筆書き入れあり",李卓語水滸傳,蘇州,"氏岡真士「三十巻本『水滸伝』について」(『日本中国学会報』第六十三集,2011年)",金閶映雪草堂藏板,"(元)施耐菴編,(明)李卓吾評點","B130602,B130603,B130604,B130605,B130606,B130607,B130608,B130609,B130610,B130611,B130612,B130613",,,http://tify.sub.uni-goettingen.de/demo.html?manifest=https://archdataset.dl.itc.u-tokyo.ac.jp/manifest/ece8efba-ac11-4b60-9215-d4615539bd22.json,ece8efba-ac11-4b60-9215-d4615539bd22,https://iiif.dl.itc.u-tokyo.ac.jp/repo/s/asia/page/home,https://iiif.dl.itc.u-tokyo.ac.jp/repo/s/asia/document/ece8efba-ac11-4b60-9215-d4615539bd22,https://www.lib.u-tokyo.ac.jp/ja/library/contents/archives-top/reuse,https://iiif.dl.itc.u-tokyo.ac.jp/repo/files/medium/7a4582273be600076a3599909d5e11ee61ef0277.jpg,https://iiif.dl.itc.u-tokyo.ac.jp/repo/api/items/192219,"東京大学附属図書館アジア研究図書館上廣倫理財団寄付研究部門 / Uehiro Project for the Asian Research Library in the University of Tokyo, JAPAN",http://iiif.io/api/presentation/2#rightToLeftDirection,,水滸伝コレクション,E46386-02,https://iiif.dl.itc.u-tokyo.ac.jp/repo/iiif/ece8efba-ac11-4b60-9215-d4615539bd22/manifest,,,,,56
水滸伝全本三十巻 [E46386-03],,,,,,,,,,,,,,,,"首冊に図20葉あり,第4冊後見返しに墨筆にて「中田弃莠」とあり","線装, 四針眼釘法",E46-386,30巻,(中国)清前期,,24.9×15.9cm,10行行20字,"中屋幸三郎旧蔵,東京大学総合図書館所蔵","2帙,12冊",,"東京大學圖書印,(印文不明),大門通小傳馬三丁目中屋幸三郎藏書記,東京帝國大學圖書印,東京帝國大學附属圖書館明治卅三年十月十日",印本,木版,水滸傳全本三十卷 Shuihu Zhuan Quanben 30 juan 水滸伝全本三十巻 水浒传全本三十卷,"(巻首題,版心題)水滸傳全本,(目首題)金聖歎評水滸全傳,(序首題)水滸全傳,(封面題)施耐菴原□李卓□先生評水滸全傳",1644-1735年,,(内框)20.4×12.8cm,E46386,,"破損あり,裏打修補あり,墨筆書き入れあり",李卓語水滸傳,蘇州,"氏岡真士「三十巻本『水滸伝』について」(『日本中国学会報』第六十三集,2011年)",金閶映雪草堂藏板,"(元)施耐菴編,(明)李卓吾評點","B130602,B130603,B130604,B130605,B130606,B130607,B130608,B130609,B130610,B130611,B130612,B130613",,,http://tify.sub.uni-goettingen.de/demo.html?manifest=https://archdataset.dl.itc.u-tokyo.ac.jp/manifest/f2d9e6db-f85a-4b66-bc36-926f5f1ca62e.json,f2d9e6db-f85a-4b66-bc36-926f5f1ca62e,https://iiif.dl.itc.u-tokyo.ac.jp/repo/s/asia/page/home,https://iiif.dl.itc.u-tokyo.ac.jp/repo/s/asia/document/f2d9e6db-f85a-4b66-bc36-926f5f1ca62e,https://www.lib.u-tokyo.ac.jp/ja/library/contents/archives-top/reuse,https://iiif.dl.itc.u-tokyo.ac.jp/repo/files/medium/eeedfaac36c54e3a9f64217953adafba64bd3a0d.jpg,https://iiif.dl.itc.u-tokyo.ac.jp/repo/api/items/192220,"東京大学附属図書館アジア研究図書館上廣倫理財団寄付研究部門 / Uehiro Project for the Asian Research Library in the University of Tokyo, JAPAN",http://iiif.io/api/presentation/2#rightToLeftDirection,,水滸伝コレクション,E46386-03,https://iiif.dl.itc.u-tokyo.ac.jp/repo/iiif/f2d9e6db-f85a-4b66-bc36-926f5f1ca62e/manifest,,,,,77
水滸伝全本三十巻 [E46386-04],,,,,,,,,,,,,,,,"首冊に図20葉あり,第4冊後見返しに墨筆にて「中田弃莠」とあり","線装, 四針眼釘法",E46-386,30巻,(中国)清前期,,24.9×15.9cm,10行行20字,"中屋幸三郎旧蔵,東京大学総合図書館所蔵","2帙,12冊",,"東京大學圖書印,(印文不明),大門通小傳馬三丁目中屋幸三郎藏書記,東京帝國大學圖書印,東京帝國大學附属圖書館明治卅三年十月十日",印本,木版,水滸傳全本三十卷 Shuihu Zhuan Quanben 30 juan 水滸伝全本三十巻 水浒传全本三十卷,"(巻首題,版心題)水滸傳全本,(目首題)金聖歎評水滸全傳,(序首題)水滸全傳,(封面題)施耐菴原□李卓□先生評水滸全傳",1644-1735年,,(内框)20.4×12.8cm,E46386,,"破損あり,裏打修補あり,墨筆書き入れあり",李卓語水滸傳,蘇州,"氏岡真士「三十巻本『水滸伝』について」(『日本中国学会報』第六十三集,2011年)",金閶映雪草堂藏板,"(元)施耐菴編,(明)李卓吾評點","B130602,B130603,B130604,B130605,B130606,B130607,B130608,B130609,B130610,B130611,B130612,B130613",,,http://tify.sub.uni-goettingen.de/demo.html?manifest=https://archdataset.dl.itc.u-tokyo.ac.jp/manifest/c133295f-6907-4fa1-a37a-d3485abe3deb.json,c133295f-6907-4fa1-a37a-d3485abe3deb,https://iiif.dl.itc.u-tokyo.ac.jp/repo/s/asia/page/home,https://iiif.dl.itc.u-tokyo.ac.jp/repo/s/asia/document/c133295f-6907-4fa1-a37a-d3485abe3deb,https://www.lib.u-tokyo.ac.jp/ja/library/contents/archives-top/reuse,https://iiif.dl.itc.u-tokyo.ac.jp/repo/files/medium/22ec94ba0e4146671601691ffb069a356d7a4962.jpg,https://iiif.dl.itc.u-tokyo.ac.jp/repo/api/items/192221,"東京大学附属図書館アジア研究図書館上廣倫理財団寄付研究部門 / Uehiro Project for the Asian Research Library in the University of Tokyo, JAPAN",http://iiif.io/api/presentation/2#rightToLeftDirection,,水滸伝コレクション,E46386-04,https://iiif.dl.itc.u-tokyo.ac.jp/repo/iiif/c133295f-6907-4fa1-a37a-d3485abe3deb/manifest,,,,,104
水滸伝全本三十巻 [E46386-05],,,,,,,,,,,,,,,,"首冊に図20葉あり,第4冊後見返しに墨筆にて「中田弃莠」とあり","線装, 四針眼釘法",E46-386,30巻,(中国)清前期,,24.9×15.9cm,10行行20字,"中屋幸三郎旧蔵,東京大学総合図書館所蔵","2帙,12冊",,"東京大學圖書印,(印文不明),大門通小傳馬三丁目中屋幸三郎藏書記,東京帝國大學圖書印,東京帝國大學附属圖書館明治卅三年十月十日",印本,木版,水滸傳全本三十卷 Shuihu Zhuan Quanben 30 juan 水滸伝全本三十巻 水浒传全本三十卷,"(巻首題,版心題)水滸傳全本,(目首題)金聖歎評水滸全傳,(序首題)水滸全傳,(封面題)施耐菴原□李卓□先生評水滸全傳",1644-1735年,,(内框)20.4×12.8cm,E46386,,"破損あり,裏打修補あり,墨筆書き入れあり",李卓語水滸傳,蘇州,"氏岡真士「三十巻本『水滸伝』について」(『日本中国学会報』第六十三集,2011年)",金閶映雪草堂藏板,"(元)施耐菴編,(明)李卓吾評點","B130602,B130603,B130604,B130605,B130606,B130607,B130608,B130609,B130610,B130611,B130612,B130613",,,http://tify.sub.uni-goettingen.de/demo.html?manifest=https://archdataset.dl.itc.u-tokyo.ac.jp/manifest/7d821d08-de8e-4310-a97d-858a5270bda3.json,7d821d08-de8e-4310-a97d-858a5270bda3,https://iiif.dl.itc.u-tokyo.ac.jp/repo/s/asia/page/home,https://iiif.dl.itc.u-tokyo.ac.jp/repo/s/asia/document/7d821d08-de8e-4310-a97d-858a5270bda3,https://www.lib.u-tokyo.ac.jp/ja/library/contents/archives-top/reuse,https://iiif.dl.itc.u-tokyo.ac.jp/repo/files/medium/d2ff761e1237099464f51e4853fda592e6f9eb73.jpg,https://iiif.dl.itc.u-tokyo.ac.jp/repo/api/items/192222,"東京大学附属図書館アジア研究図書館上廣倫理財団寄付研究部門 / Uehiro Project for the Asian Research Library in the University of Tokyo, JAPAN",http://iiif.io/api/presentation/2#rightToLeftDirection,,水滸伝コレクション,E46386-05,https://iiif.dl.itc.u-tokyo.ac.jp/repo/iiif/7d821d08-de8e-4310-a97d-858a5270bda3/manifest,,,,,73
水滸伝全本三十巻 [E46386-06],,,,,,,,,,,,,,,,"首冊に図20葉あり,第4冊後見返しに墨筆にて「中田弃莠」とあり","線装, 四針眼釘法",E46-386,30巻,(中国)清前期,,24.9×15.9cm,10行行20字,"中屋幸三郎旧蔵,東京大学総合図書館所蔵","2帙,12冊",,"東京大學圖書印,(印文不明),大門通小傳馬三丁目中屋幸三郎藏書記,東京帝國大學圖書印,東京帝國大學附属圖書館明治卅三年十月十日",印本,木版,水滸傳全本三十卷 Shuihu Zhuan Quanben 30 juan 水滸伝全本三十巻 水浒传全本三十卷,"(巻首題,版心題)水滸傳全本,(目首題)金聖歎評水滸全傳,(序首題)水滸全傳,(封面題)施耐菴原□李卓□先生評水滸全傳",1644-1735年,,(内框)20.4×12.8cm,E46386,,"破損あり,裏打修補あり,墨筆書き入れあり",李卓語水滸傳,蘇州,"氏岡真士「三十巻本『水滸伝』について」(『日本中国学会報』第六十三集,2011年)",金閶映雪草堂藏板,"(元)施耐菴編,(明)李卓吾評點","B130602,B130603,B130604,B130605,B130606,B130607,B130608,B130609,B130610,B130611,B130612,B130613",,,http://tify.sub.uni-goettingen.de/demo.html?manifest=https://archdataset.dl.itc.u-tokyo.ac.jp/manifest/a82a69ee-b8df-4314-8008-f0466705e3c1.json,a82a69ee-b8df-4314-8008-f0466705e3c1,https://iiif.dl.itc.u-tokyo.ac.jp/repo/s/asia/page/home,https://iiif.dl.itc.u-tokyo.ac.jp/repo/s/asia/document/a82a69ee-b8df-4314-8008-f0466705e3c1,https://www.lib.u-tokyo.ac.jp/ja/library/contents/archives-top/reuse,https://iiif.dl.itc.u-tokyo.ac.jp/repo/files/medium/07922ee07d11f813192eb5a08536ca0eab9ad1f0.jpg,https://iiif.dl.itc.u-tokyo.ac.jp/repo/api/items/192223,"東京大学附属図書館アジア研究図書館上廣倫理財団寄付研究部門 / Uehiro Project for the Asian Research Library in the University of Tokyo, JAPAN",http://iiif.io/api/presentation/2#rightToLeftDirection,,水滸伝コレクション,E46386-06,https://iiif.dl.itc.u-tokyo.ac.jp/repo/iiif/a82a69ee-b8df-4314-8008-f0466705e3c1/manifest,,,,,51
水滸伝全本三十巻 [E46386-07],,,,,,,,,,,,,,,,"首冊に図20葉あり,第4冊後見返しに墨筆にて「中田弃莠」とあり","線装, 四針眼釘法",E46-386,30巻,(中国)清前期,,24.9×15.9cm,10行行20字,"中屋幸三郎旧蔵,東京大学総合図書館所蔵","2帙,12冊",,"東京大學圖書印,(印文不明),大門通小傳馬三丁目中屋幸三郎藏書記,東京帝國大學圖書印,東京帝國大學附属圖書館明治卅三年十月十日",印本,木版,水滸傳全本三十卷 Shuihu Zhuan Quanben 30 juan 水滸伝全本三十巻 水浒传全本三十卷,"(巻首題,版心題)水滸傳全本,(目首題)金聖歎評水滸全傳,(序首題)水滸全傳,(封面題)施耐菴原□李卓□先生評水滸全傳",1644-1735年,,(内框)20.4×12.8cm,E46386,,"破損あり,裏打修補あり,墨筆書き入れあり",李卓語水滸傳,蘇州,"氏岡真士「三十巻本『水滸伝』について」(『日本中国学会報』第六十三集,2011年)",金閶映雪草堂藏板,"(元)施耐菴編,(明)李卓吾評點","B130602,B130603,B130604,B130605,B130606,B130607,B130608,B130609,B130610,B130611,B130612,B130613",,,http://tify.sub.uni-goettingen.de/demo.html?manifest=https://archdataset.dl.itc.u-tokyo.ac.jp/manifest/e7e74c75-8fa0-4a7f-9621-c21814733a59.json,e7e74c75-8fa0-4a7f-9621-c21814733a59,https://iiif.dl.itc.u-tokyo.ac.jp/repo/s/asia/page/home,https://iiif.dl.itc.u-tokyo.ac.jp/repo/s/asia/document/e7e74c75-8fa0-4a7f-9621-c21814733a59,https://www.lib.u-tokyo.ac.jp/ja/library/contents/archives-top/reuse,https://iiif.dl.itc.u-tokyo.ac.jp/repo/files/medium/e1cb9f753fbc9689cfa0cc5460184862fcf3b305.jpg,https://iiif.dl.itc.u-tokyo.ac.jp/repo/api/items/192224,"東京大学附属図書館アジア研究図書館上廣倫理財団寄付研究部門 / Uehiro Project for the Asian Research Library in the University of Tokyo, JAPAN",http://iiif.io/api/presentation/2#rightToLeftDirection,,水滸伝コレクション,E46386-07,https://iiif.dl.itc.u-tokyo.ac.jp/repo/iiif/e7e74c75-8fa0-4a7f-9621-c21814733a59/manifest,,,,,83
水滸伝全本三十巻 [E46386-08],,,,,,,,,,,,,,,,"首冊に図20葉あり,第4冊後見返しに墨筆にて「中田弃莠」とあり","線装, 四針眼釘法",E46-386,30巻,(中国)清前期,,24.9×15.9cm,10行行20字,"中屋幸三郎旧蔵,東京大学総合図書館所蔵","2帙,12冊",,"東京大學圖書印,(印文不明),大門通小傳馬三丁目中屋幸三郎藏書記,東京帝國大學圖書印,東京帝國大學附属圖書館明治卅三年十月十日",印本,木版,水滸傳全本三十卷 Shuihu Zhuan Quanben 30 juan 水滸伝全本三十巻 水浒传全本三十卷,"(巻首題,版心題)水滸傳全本,(目首題)金聖歎評水滸全傳,(序首題)水滸全傳,(封面題)施耐菴原□李卓□先生評水滸全傳",1644-1735年,,(内框)20.4×12.8cm,E46386,,"破損あり,裏打修補あり,墨筆書き入れあり",李卓語水滸傳,蘇州,"氏岡真士「三十巻本『水滸伝』について」(『日本中国学会報』第六十三集,2011年)",金閶映雪草堂藏板,"(元)施耐菴編,(明)李卓吾評點","B130602,B130603,B130604,B130605,B130606,B130607,B130608,B130609,B130610,B130611,B130612,B130613",,,http://tify.sub.uni-goettingen.de/demo.html?manifest=https://archdataset.dl.itc.u-tokyo.ac.jp/manifest/27058ab0-5546-4a0b-ab5c-2752c5411727.json,27058ab0-5546-4a0b-ab5c-2752c5411727,https://iiif.dl.itc.u-tokyo.ac.jp/repo/s/asia/page/home,https://iiif.dl.itc.u-tokyo.ac.jp/repo/s/asia/document/27058ab0-5546-4a0b-ab5c-2752c5411727,https://www.lib.u-tokyo.ac.jp/ja/library/contents/archives-top/reuse,https://iiif.dl.itc.u-tokyo.ac.jp/repo/files/medium/c481a7aa218ac36056bd6cbd6f5330583725255d.jpg,https://iiif.dl.itc.u-tokyo.ac.jp/repo/api/items/192225,"東京大学附属図書館アジア研究図書館上廣倫理財団寄付研究部門 / Uehiro Project for the Asian Research Library in the University of Tokyo, JAPAN",http://iiif.io/api/presentation/2#rightToLeftDirection,,水滸伝コレクション,E46386-08,https://iiif.dl.itc.u-tokyo.ac.jp/repo/iiif/27058ab0-5546-4a0b-ab5c-2752c5411727/manifest,,,,,77
水滸伝全本三十巻 [E46386-09],,,,,,,,,,,,,,,,"首冊に図20葉あり,第4冊後見返しに墨筆にて「中田弃莠」とあり","線装, 四針眼釘法",E46-386,30巻,(中国)清前期,,24.9×15.9cm,10行行20字,"中屋幸三郎旧蔵,東京大学総合図書館所蔵","2帙,12冊",,"東京大學圖書印,(印文不明),大門通小傳馬三丁目中屋幸三郎藏書記,東京帝國大學圖書印,東京帝國大學附属圖書館明治卅三年十月十日",印本,木版,水滸傳全本三十卷 Shuihu Zhuan Quanben 30 juan 水滸伝全本三十巻 水浒传全本三十卷,"(巻首題,版心題)水滸傳全本,(目首題)金聖歎評水滸全傳,(序首題)水滸全傳,(封面題)施耐菴原□李卓□先生評水滸全傳",1644-1735年,,(内框)20.4×12.8cm,E46386,,"破損あり,裏打修補あり,墨筆書き入れあり",李卓語水滸傳,蘇州,"氏岡真士「三十巻本『水滸伝』について」(『日本中国学会報』第六十三集,2011年)",金閶映雪草堂藏板,"(元)施耐菴編,(明)李卓吾評點","B130602,B130603,B130604,B130605,B130606,B130607,B130608,B130609,B130610,B130611,B130612,B130613",,,http://tify.sub.uni-goettingen.de/demo.html?manifest=https://archdataset.dl.itc.u-tokyo.ac.jp/manifest/2cf4c346-bd9d-443e-b3f5-114847dfd308.json,2cf4c346-bd9d-443e-b3f5-114847dfd308,https://iiif.dl.itc.u-tokyo.ac.jp/repo/s/asia/page/home,https://iiif.dl.itc.u-tokyo.ac.jp/repo/s/asia/document/2cf4c346-bd9d-443e-b3f5-114847dfd308,https://www.lib.u-tokyo.ac.jp/ja/library/contents/archives-top/reuse,https://iiif.dl.itc.u-tokyo.ac.jp/repo/files/medium/13f1e7875cdb03d8d8ec9e7bceee4bcec8d8c234.jpg,https://iiif.dl.itc.u-tokyo.ac.jp/repo/api/items/192226,"東京大学附属図書館アジア研究図書館上廣倫理財団寄付研究部門 / Uehiro Project for the Asian Research Library in the University of Tokyo, JAPAN",http://iiif.io/api/presentation/2#rightToLeftDirection,,水滸伝コレクション,E46386-09,https://iiif.dl.itc.u-tokyo.ac.jp/repo/iiif/2cf4c346-bd9d-443e-b3f5-114847dfd308/manifest,,,,,65
水滸伝全本三十巻 [E46386-10],,,,,,,,,,,,,,,,"首冊に図20葉あり,第4冊後見返しに墨筆にて「中田弃莠」とあり","線装, 四針眼釘法",E46-386,30巻,(中国)清前期,,24.9×15.9cm,10行行20字,"中屋幸三郎旧蔵,東京大学総合図書館所蔵","2帙,12冊",,"東京大學圖書印,(印文不明),大門通小傳馬三丁目中屋幸三郎藏書記,東京帝國大學圖書印,東京帝國大學附属圖書館明治卅三年十月十日",印本,木版,水滸傳全本三十卷 Shuihu Zhuan Quanben 30 juan 水滸伝全本三十巻 水浒传全本三十卷,"(巻首題,版心題)水滸傳全本,(目首題)金聖歎評水滸全傳,(序首題)水滸全傳,(封面題)施耐菴原□李卓□先生評水滸全傳",1644-1735年,,(内框)20.4×12.8cm,E46386,,"破損あり,裏打修補あり,墨筆書き入れあり",李卓語水滸傳,蘇州,"氏岡真士「三十巻本『水滸伝』について」(『日本中国学会報』第六十三集,2011年)",金閶映雪草堂藏板,"(元)施耐菴編,(明)李卓吾評點","B130602,B130603,B130604,B130605,B130606,B130607,B130608,B130609,B130610,B130611,B130612,B130613",,,http://tify.sub.uni-goettingen.de/demo.html?manifest=https://archdataset.dl.itc.u-tokyo.ac.jp/manifest/9b8ffdfb-de8f-47de-bf79-410464a60af6.json,9b8ffdfb-de8f-47de-bf79-410464a60af6,https://iiif.dl.itc.u-tokyo.ac.jp/repo/s/asia/page/home,https://iiif.dl.itc.u-tokyo.ac.jp/repo/s/asia/document/9b8ffdfb-de8f-47de-bf79-410464a60af6,https://www.lib.u-tokyo.ac.jp/ja/library/contents/archives-top/reuse,https://iiif.dl.itc.u-tokyo.ac.jp/repo/files/medium/f4bf041182c7d6dc71a216d67f16ce8856b4541d.jpg,https://iiif.dl.itc.u-tokyo.ac.jp/repo/api/items/192227,"東京大学附属図書館アジア研究図書館上廣倫理財団寄付研究部門 / Uehiro Project for the Asian Research Library in the University of Tokyo, JAPAN",http://iiif.io/api/presentation/2#rightToLeftDirection,,水滸伝コレクション,E46386-10,https://iiif.dl.itc.u-tokyo.ac.jp/repo/iiif/9b8ffdfb-de8f-47de-bf79-410464a60af6/manifest,,,,,64
水滸伝全本三十巻 [E46386-11],,,,,,,,,,,,,,,,"首冊に図20葉あり,第4冊後見返しに墨筆にて「中田弃莠」とあり","線装, 四針眼釘法",E46-386,30巻,(中国)清前期,,24.9×15.9cm,10行行20字,"中屋幸三郎旧蔵,東京大学総合図書館所蔵","2帙,12冊",,"東京大學圖書印,(印文不明),大門通小傳馬三丁目中屋幸三郎藏書記,東京帝國大學圖書印,東京帝國大學附属圖書館明治卅三年十月十日",印本,木版,水滸傳全本三十卷 Shuihu Zhuan Quanben 30 juan 水滸伝全本三十巻 水浒传全本三十卷,"(巻首題,版心題)水滸傳全本,(目首題)金聖歎評水滸全傳,(序首題)水滸全傳,(封面題)施耐菴原□李卓□先生評水滸全傳",1644-1735年,,(内框)20.4×12.8cm,E46386,,"破損あり,裏打修補あり,墨筆書き入れあり",李卓語水滸傳,蘇州,"氏岡真士「三十巻本『水滸伝』について」(『日本中国学会報』第六十三集,2011年)",金閶映雪草堂藏板,"(元)施耐菴編,(明)李卓吾評點","B130602,B130603,B130604,B130605,B130606,B130607,B130608,B130609,B130610,B130611,B130612,B130613",,,http://tify.sub.uni-goettingen.de/demo.html?manifest=https://archdataset.dl.itc.u-tokyo.ac.jp/manifest/fdb69000-731f-4f93-b385-87b34adfb993.json,fdb69000-731f-4f93-b385-87b34adfb993,https://iiif.dl.itc.u-tokyo.ac.jp/repo/s/asia/page/home,https://iiif.dl.itc.u-tokyo.ac.jp/repo/s/asia/document/fdb69000-731f-4f93-b385-87b34adfb993,https://www.lib.u-tokyo.ac.jp/ja/library/contents/archives-top/reuse,https://iiif.dl.itc.u-tokyo.ac.jp/repo/files/medium/5556f1828334c88ae9aed1eb0a49db435173ec79.jpg,https://iiif.dl.itc.u-tokyo.ac.jp/repo/api/items/192228,"東京大学附属図書館アジア研究図書館上廣倫理財団寄付研究部門 / Uehiro Project for the Asian Research Library in the University of Tokyo, JAPAN",http://iiif.io/api/presentation/2#rightToLeftDirection,,水滸伝コレクション,E46386-11,https://iiif.dl.itc.u-tokyo.ac.jp/repo/iiif/fdb69000-731f-4f93-b385-87b34adfb993/manifest,,,,,74
水滸伝全本三十巻 [E46386-12],,,,,,,,,,,,,,,,"首冊に図20葉あり,第4冊後見返しに墨筆にて「中田弃莠」とあり","線装, 四針眼釘法",E46-386,30巻,(中国)清前期,,24.9×15.9cm,10行行20字,"中屋幸三郎旧蔵,東京大学総合図書館所蔵","2帙,12冊",,"東京大學圖書印,(印文不明),大門通小傳馬三丁目中屋幸三郎藏書記,東京帝國大學圖書印,東京帝國大學附属圖書館明治卅三年十月十日",印本,木版,水滸傳全本三十卷 Shuihu Zhuan Quanben 30 juan 水滸伝全本三十巻 水浒传全本三十卷,"(巻首題,版心題)水滸傳全本,(目首題)金聖歎評水滸全傳,(序首題)水滸全傳,(封面題)施耐菴原□李卓□先生評水滸全傳",1644-1735年,,(内框)20.4×12.8cm,E46386,,"破損あり,裏打修補あり,墨筆書き入れあり",李卓語水滸傳,蘇州,"氏岡真士「三十巻本『水滸伝』について」(『日本中国学会報』第六十三集,2011年)",金閶映雪草堂藏板,"(元)施耐菴編,(明)李卓吾評點","B130602,B130603,B130604,B130605,B130606,B130607,B130608,B130609,B130610,B130611,B130612,B130613",,,http://tify.sub.uni-goettingen.de/demo.html?manifest=https://archdataset.dl.itc.u-tokyo.ac.jp/manifest/264037de-e545-45c2-aa6a-2aa0bbe85341.json,264037de-e545-45c2-aa6a-2aa0bbe85341,https://iiif.dl.itc.u-tokyo.ac.jp/repo/s/asia/page/home,https://iiif.dl.itc.u-tokyo.ac.jp/repo/s/asia/document/264037de-e545-45c2-aa6a-2aa0bbe85341,https://www.lib.u-tokyo.ac.jp/ja/library/contents/archives-top/reuse,https://iiif.dl.itc.u-tokyo.ac.jp/repo/files/medium/2f391cd0ef9472cd44d801fc7c7e0c028b4a6a15.jpg,https://iiif.dl.itc.u-tokyo.ac.jp/repo/api/items/192229,"東京大学附属図書館アジア研究図書館上廣倫理財団寄付研究部門 / Uehiro Project for the Asian Research Library in the University of Tokyo, JAPAN",http://iiif.io/api/presentation/2#rightToLeftDirection,,水滸伝コレクション,E46386-12,https://iiif.dl.itc.u-tokyo.ac.jp/repo/iiif/264037de-e545-45c2-aa6a-2aa0bbe85341/manifest,,,,,87
八旗氏族通譜 首 [G30495-01],,,,,,,,,,,,,,中国清時代に刊行された満文書籍。,,,"線装, 四針眼釘法",G30-495,"首巻, 80巻",,(清)乾隆9年12月3日,27.2×17.2cm,10行,東京大学総合図書館所蔵,32冊,,東京帝国大学図書印,印本,木版,八旗氏族通譜八十巻首一巻 Baqi Shizu Tongpu 80 juan shou 1 juan Jakūn Gūsai Manjusai Mukūn Hala Be Uheri Ejehe Bithe 八旗氏族通谱八十卷首一卷 八旗氏族通譜八十卷首一卷,(巻首題)jakūn gūsai manjusai mukūn hala be uheri ejehe bithe,,1745年,(内框)19.3×13.1cm,G30495,,,八旗氏族通譜,,"多賀秋五郎『中国宗譜の研究』上巻, 東京, 日本学術振興会, 1981, pp.472-473",,(清)弘昼奉勅撰,B33491,,,http://tify.sub.uni-goettingen.de/demo.html?manifest=https://archdataset.dl.itc.u-tokyo.ac.jp/manifest/af497748-7d77-412c-afe3-cd2a12aa6ece.json,af497748-7d77-412c-afe3-cd2a12aa6ece,https://iiif.dl.itc.u-tokyo.ac.jp/repo/s/uparl/,https://iiif.dl.itc.u-tokyo.ac.jp/repo/s/asia/document/af497748-7d77-412c-afe3-cd2a12aa6ece,https://www.lib.u-tokyo.ac.jp/ja/library/contents/archives-top/reuse,https://iiif.dl.itc.u-tokyo.ac.jp/repo/files/medium/55b9463a40b29a4583fc9d1798e34d70e09fd090.jpg,https://iiif.dl.itc.u-tokyo.ac.jp/repo/api/items/186443,"東京大学附属図書館アジア研究図書館上廣倫理財団寄付研究部門 / Uehiro Project for the Asian Research Library in the University of Tokyo, JAPAN",http://iiif.io/api/presentation/2#rightToLeftDirection,,U-PARLセレクション,G30495-01,https://iiif.dl.itc.u-tokyo.ac.jp/repo/iiif/186443/manifest,,,,,66
八旗氏族通譜 一 [G30495-02],,,,,,,,,,,,,,中国清時代に刊行された満文書籍。,,,"線装, 四針眼釘法",G30-495,"首巻, 80巻",,(清)乾隆9年12月3日,27.2×17.2cm,10行,東京大学総合図書館所蔵,32冊,,東京帝国大学図書印,印本,木版,八旗氏族通譜八十巻首一巻 Baqi Shizu Tongpu 80 juan shou 1 juan Jakūn Gūsai Manjusai Mukūn Hala Be Uheri Ejehe Bithe 八旗氏族通谱八十卷首一卷 八旗氏族通譜八十卷首一卷,(巻首題)jakūn gūsai manjusai mukūn hala be uheri ejehe bithe,,1745年,(内框)19.3×13.1cm,G30495,,,八旗氏族通譜,,"多賀秋五郎『中国宗譜の研究』上巻, 東京, 日本学術振興会, 1981, pp.472-473",,(清)弘昼奉勅撰,B33491,,,http://tify.sub.uni-goettingen.de/demo.html?manifest=https://archdataset.dl.itc.u-tokyo.ac.jp/manifest/35f86a28-6c28-434b-a9fb-9182b8dbf0fa.json,35f86a28-6c28-434b-a9fb-9182b8dbf0fa,https://iiif.dl.itc.u-tokyo.ac.jp/repo/s/uparl/,https://iiif.dl.itc.u-tokyo.ac.jp/repo/s/asia/document/35f86a28-6c28-434b-a9fb-9182b8dbf0fa,https://www.lib.u-tokyo.ac.jp/ja/library/contents/archives-top/reuse,https://iiif.dl.itc.u-tokyo.ac.jp/repo/files/medium/84f732f8ba35ab30103a0fb8e6b900b2439b1cb5.jpg,https://iiif.dl.itc.u-tokyo.ac.jp/repo/api/items/186444,"東京大学附属図書館アジア研究図書館上廣倫理財団寄付研究部門 / Uehiro Project for the Asian Research Library in the University of Tokyo, JAPAN",http://iiif.io/api/presentation/2#rightToLeftDirection,,U-PARLセレクション,G30495-02,https://iiif.dl.itc.u-tokyo.ac.jp/repo/iiif/186444/manifest,,,,,68
八旗氏族通譜 二 三 [G30495-03],,,,,,,,,,,,,,中国清時代に刊行された満文書籍。,,,"線装, 四針眼釘法",G30-495,"首巻, 80巻",,(清)乾隆9年12月3日,27.2×17.2cm,10行,東京大学総合図書館所蔵,32冊,,東京帝国大学図書印,印本,木版,八旗氏族通譜八十巻首一巻 Baqi Shizu Tongpu 80 juan shou 1 juan Jakūn Gūsai Manjusai Mukūn Hala Be Uheri Ejehe Bithe 八旗氏族通谱八十卷首一卷 八旗氏族通譜八十卷首一卷,(巻首題)jakūn gūsai manjusai mukūn hala be uheri ejehe bithe,,1745年,(内框)19.3×13.1cm,G30495,,,八旗氏族通譜,,"多賀秋五郎『中国宗譜の研究』上巻, 東京, 日本学術振興会, 1981, pp.472-473",,(清)弘昼奉勅撰,B33491,,,http://tify.sub.uni-goettingen.de/demo.html?manifest=https://archdataset.dl.itc.u-tokyo.ac.jp/manifest/d2e81cef-30c9-4a34-9e07-50627c53a289.json,d2e81cef-30c9-4a34-9e07-50627c53a289,https://iiif.dl.itc.u-tokyo.ac.jp/repo/s/uparl/,https://iiif.dl.itc.u-tokyo.ac.jp/repo/s/asia/document/d2e81cef-30c9-4a34-9e07-50627c53a289,https://www.lib.u-tokyo.ac.jp/ja/library/contents/archives-top/reuse,https://iiif.dl.itc.u-tokyo.ac.jp/repo/files/medium/0b00f5de7a6cd29d18a44daeb76d64bec879d0f7.jpg,https://iiif.dl.itc.u-tokyo.ac.jp/repo/api/items/186445,"東京大学附属図書館アジア研究図書館上廣倫理財団寄付研究部門 / Uehiro Project for the Asian Research Library in the University of Tokyo, JAPAN",http://iiif.io/api/presentation/2#rightToLeftDirection,,U-PARLセレクション,G30495-03,https://iiif.dl.itc.u-tokyo.ac.jp/repo/iiif/186445/manifest,,,,,91
八旗氏族通譜 四 五 [G30495-04],,,,,,,,,,,,,,中国清時代に刊行された満文書籍。,,,"線装, 四針眼釘法",G30-495,"首巻, 80巻",,(清)乾隆9年12月3日,27.2×17.2cm,10行,東京大学総合図書館所蔵,32冊,,東京帝国大学図書印,印本,木版,八旗氏族通譜八十巻首一巻 Baqi Shizu Tongpu 80 juan shou 1 juan Jakūn Gūsai Manjusai Mukūn Hala Be Uheri Ejehe Bithe 八旗氏族通谱八十卷首一卷 八旗氏族通譜八十卷首一卷,(巻首題)jakūn gūsai manjusai mukūn hala be uheri ejehe bithe,,1745年,(内框)19.3×13.1cm,G30495,,,八旗氏族通譜,,"多賀秋五郎『中国宗譜の研究』上巻, 東京, 日本学術振興会, 1981, pp.472-473",,(清)弘昼奉勅撰,B33491,,,http://tify.sub.uni-goettingen.de/demo.html?manifest=https://archdataset.dl.itc.u-tokyo.ac.jp/manifest/0fcbef38-b68f-4d9f-8425-bbe45fb03bcc.json,0fcbef38-b68f-4d9f-8425-bbe45fb03bcc,https://iiif.dl.itc.u-tokyo.ac.jp/repo/s/uparl/,https://iiif.dl.itc.u-tokyo.ac.jp/repo/s/asia/document/0fcbef38-b68f-4d9f-8425-bbe45fb03bcc,https://www.lib.u-tokyo.ac.jp/ja/library/contents/archives-top/reuse,https://iiif.dl.itc.u-tokyo.ac.jp/repo/files/medium/a2ee70e75168fd60abaf0ee04c391eee915c363f.jpg,https://iiif.dl.itc.u-tokyo.ac.jp/repo/api/items/186446,"東京大学附属図書館アジア研究図書館上廣倫理財団寄付研究部門 / Uehiro Project for the Asian Research Library in the University of Tokyo, JAPAN",http://iiif.io/api/presentation/2#rightToLeftDirection,,U-PARLセレクション,G30495-04,https://iiif.dl.itc.u-tokyo.ac.jp/repo/iiif/186446/manifest,,,,,85
八旗氏族通譜 六 七 [G30495-05],,,,,,,,,,,,,,中国清時代に刊行された満文書籍。,,,"線装, 四針眼釘法",G30-495,"首巻, 80巻",,(清)乾隆9年12月3日,27.2×17.2cm,10行,東京大学総合図書館所蔵,32冊,,東京帝国大学図書印,印本,木版,八旗氏族通譜八十巻首一巻 Baqi Shizu Tongpu 80 juan shou 1 juan Jakūn Gūsai Manjusai Mukūn Hala Be Uheri Ejehe Bithe 八旗氏族通谱八十卷首一卷 八旗氏族通譜八十卷首一卷,(巻首題)jakūn gūsai manjusai mukūn hala be uheri ejehe bithe,,1745年,(内框)19.3×13.1cm,G30495,,,八旗氏族通譜,,"多賀秋五郎『中国宗譜の研究』上巻, 東京, 日本学術振興会, 1981, pp.472-473",,(清)弘昼奉勅撰,B33491,,,http://tify.sub.uni-goettingen.de/demo.html?manifest=https://archdataset.dl.itc.u-tokyo.ac.jp/manifest/23251e4b-ec8c-4df3-ab50-955312c53648.json,23251e4b-ec8c-4df3-ab50-955312c53648,https://iiif.dl.itc.u-tokyo.ac.jp/repo/s/uparl/,https://iiif.dl.itc.u-tokyo.ac.jp/repo/s/asia/document/23251e4b-ec8c-4df3-ab50-955312c53648,https://www.lib.u-tokyo.ac.jp/ja/library/contents/archives-top/reuse,https://iiif.dl.itc.u-tokyo.ac.jp/repo/files/medium/6cf7eca21d609bce481834febb952f4bee2b3c3b.jpg,https://iiif.dl.itc.u-tokyo.ac.jp/repo/api/items/186447,"東京大学附属図書館アジア研究図書館上廣倫理財団寄付研究部門 / Uehiro Project for the Asian Research Library in the University of Tokyo, JAPAN",http://iiif.io/api/presentation/2#rightToLeftDirection,,U-PARLセレクション,G30495-05,https://iiif.dl.itc.u-tokyo.ac.jp/repo/iiif/186447/manifest,,,,,74
八旗氏族通譜 八至十 [G30495-06],,,,,,,,,,,,,,中国清時代に刊行された満文書籍。,,,"線装, 四針眼釘法",G30-495,"首巻, 80巻",,(清)乾隆9年12月3日,27.2×17.2cm,10行,東京大学総合図書館所蔵,32冊,,東京帝国大学図書印,印本,木版,八旗氏族通譜八十巻首一巻 Baqi Shizu Tongpu 80 juan shou 1 juan Jakūn Gūsai Manjusai Mukūn Hala Be Uheri Ejehe Bithe 八旗氏族通谱八十卷首一卷 八旗氏族通譜八十卷首一卷,(巻首題)jakūn gūsai manjusai mukūn hala be uheri ejehe bithe,,1745年,(内框)19.3×13.1cm,G30495,,,八旗氏族通譜,,"多賀秋五郎『中国宗譜の研究』上巻, 東京, 日本学術振興会, 1981, pp.472-473",,(清)弘昼奉勅撰,B33491,,,http://tify.sub.uni-goettingen.de/demo.html?manifest=https://archdataset.dl.itc.u-tokyo.ac.jp/manifest/22d560f8-9d98-49e2-9596-43491b28623e.json,22d560f8-9d98-49e2-9596-43491b28623e,https://iiif.dl.itc.u-tokyo.ac.jp/repo/s/uparl/,https://iiif.dl.itc.u-tokyo.ac.jp/repo/s/asia/document/22d560f8-9d98-49e2-9596-43491b28623e,https://www.lib.u-tokyo.ac.jp/ja/library/contents/archives-top/reuse,https://iiif.dl.itc.u-tokyo.ac.jp/repo/files/medium/1159936023afd1d8f336d3dcaae5e9dd9746c7d5.jpg,https://iiif.dl.itc.u-tokyo.ac.jp/repo/api/items/186448,"東京大学附属図書館アジア研究図書館上廣倫理財団寄付研究部門 / Uehiro Project for the Asian Research Library in the University of Tokyo, JAPAN",http://iiif.io/api/presentation/2#rightToLeftDirection,,U-PARLセレクション,G30495-06,https://iiif.dl.itc.u-tokyo.ac.jp/repo/iiif/186448/manifest,,,,,80
八旗氏族通譜 十一 十二 [G30495-07],,,,,,,,,,,,,,中国清時代に刊行された満文書籍。,,,"線装, 四針眼釘法",G30-495,"首巻, 80巻",,(清)乾隆9年12月3日,27.2×17.2cm,10行,東京大学総合図書館所蔵,32冊,,東京帝国大学図書印,印本,木版,八旗氏族通譜八十巻首一巻 Baqi Shizu Tongpu 80 juan shou 1 juan Jakūn Gūsai Manjusai Mukūn Hala Be Uheri Ejehe Bithe 八旗氏族通谱八十卷首一卷 八旗氏族通譜八十卷首一卷,(巻首題)jakūn gūsai manjusai mukūn hala be uheri ejehe bithe,,1745年,(内框)19.3×13.1cm,G30495,,,八旗氏族通譜,,"多賀秋五郎『中国宗譜の研究』上巻, 東京, 日本学術振興会, 1981, pp.472-473",,(清)弘昼奉勅撰,B33491,,,http://tify.sub.uni-goettingen.de/demo.html?manifest=https://archdataset.dl.itc.u-tokyo.ac.jp/manifest/2e790fa3-5f4b-4eec-a4be-cb6b5b49f7d5.json,2e790fa3-5f4b-4eec-a4be-cb6b5b49f7d5,https://iiif.dl.itc.u-tokyo.ac.jp/repo/s/uparl/,https://iiif.dl.itc.u-tokyo.ac.jp/repo/s/asia/document/2e790fa3-5f4b-4eec-a4be-cb6b5b49f7d5,https://www.lib.u-tokyo.ac.jp/ja/library/contents/archives-top/reuse,https://iiif.dl.itc.u-tokyo.ac.jp/repo/files/medium/1e629d7048bfb68a26b0fd14fef64d125de3c1ec.jpg,https://iiif.dl.itc.u-tokyo.ac.jp/repo/api/items/186449,"東京大学附属図書館アジア研究図書館上廣倫理財団寄付研究部門 / Uehiro Project for the Asian Research Library in the University of Tokyo, JAPAN",http://iiif.io/api/presentation/2#rightToLeftDirection,,U-PARLセレクション,G30495-07,https://iiif.dl.itc.u-tokyo.ac.jp/repo/iiif/186449/manifest,,,,,73
八旗氏族通譜 十三至十五 [G30495-08],,,,,,,,,,,,,,中国清時代に刊行された満文書籍。,,,"線装, 四針眼釘法",G30-495,"首巻, 80巻",,(清)乾隆9年12月3日,27.2×17.2cm,10行,東京大学総合図書館所蔵,32冊,,東京帝国大学図書印,印本,木版,八旗氏族通譜八十巻首一巻 Baqi Shizu Tongpu 80 juan shou 1 juan Jakūn Gūsai Manjusai Mukūn Hala Be Uheri Ejehe Bithe 八旗氏族通谱八十卷首一卷 八旗氏族通譜八十卷首一卷,(巻首題)jakūn gūsai manjusai mukūn hala be uheri ejehe bithe,,1745年,(内框)19.3×13.1cm,G30495,,,八旗氏族通譜,,"多賀秋五郎『中国宗譜の研究』上巻, 東京, 日本学術振興会, 1981, pp.472-473",,(清)弘昼奉勅撰,B33491,,,http://tify.sub.uni-goettingen.de/demo.html?manifest=https://archdataset.dl.itc.u-tokyo.ac.jp/manifest/360dc78a-b5ac-43c6-9956-2c89287a83dc.json,360dc78a-b5ac-43c6-9956-2c89287a83dc,https://iiif.dl.itc.u-tokyo.ac.jp/repo/s/uparl/,https://iiif.dl.itc.u-tokyo.ac.jp/repo/s/asia/document/360dc78a-b5ac-43c6-9956-2c89287a83dc,https://www.lib.u-tokyo.ac.jp/ja/library/contents/archives-top/reuse,https://iiif.dl.itc.u-tokyo.ac.jp/repo/files/medium/338387cadb7beb67e456b2e00207b1cec7ef7ddc.jpg,https://iiif.dl.itc.u-tokyo.ac.jp/repo/api/items/186450,"東京大学附属図書館アジア研究図書館上廣倫理財団寄付研究部門 / Uehiro Project for the Asian Research Library in the University of Tokyo, JAPAN",http://iiif.io/api/presentation/2#rightToLeftDirection,,U-PARLセレクション,G30495-08,https://iiif.dl.itc.u-tokyo.ac.jp/repo/iiif/186450/manifest,,,,,92
八旗氏族通譜 十六至十八 [G30495-09],,,,,,,,,,,,,,中国清時代に刊行された満文書籍。,,,"線装, 四針眼釘法",G30-495,"首巻, 80巻",,(清)乾隆9年12月3日,27.2×17.2cm,10行,東京大学総合図書館所蔵,32冊,,東京帝国大学図書印,印本,木版,八旗氏族通譜八十巻首一巻 Baqi Shizu Tongpu 80 juan shou 1 juan Jakūn Gūsai Manjusai Mukūn Hala Be Uheri Ejehe Bithe 八旗氏族通谱八十卷首一卷 八旗氏族通譜八十卷首一卷,(巻首題)jakūn gūsai manjusai mukūn hala be uheri ejehe bithe,,1745年,(内框)19.3×13.1cm,G30495,,,八旗氏族通譜,,"多賀秋五郎『中国宗譜の研究』上巻, 東京, 日本学術振興会, 1981, pp.472-473",,(清)弘昼奉勅撰,B33491,,,http://tify.sub.uni-goettingen.de/demo.html?manifest=https://archdataset.dl.itc.u-tokyo.ac.jp/manifest/956f3778-1392-4180-9ea0-f27f92b6a643.json,956f3778-1392-4180-9ea0-f27f92b6a643,https://iiif.dl.itc.u-tokyo.ac.jp/repo/s/uparl/,https://iiif.dl.itc.u-tokyo.ac.jp/repo/s/asia/document/956f3778-1392-4180-9ea0-f27f92b6a643,https://www.lib.u-tokyo.ac.jp/ja/library/contents/archives-top/reuse,https://iiif.dl.itc.u-tokyo.ac.jp/repo/files/medium/bf4a589c03a9eb810bd847a4fcc2dbe34e28fceb.jpg,https://iiif.dl.itc.u-tokyo.ac.jp/repo/api/items/186451,"東京大学附属図書館アジア研究図書館上廣倫理財団寄付研究部門 / Uehiro Project for the Asian Research Library in the University of Tokyo, JAPAN",http://iiif.io/api/presentation/2#rightToLeftDirection,,U-PARLセレクション,G30495-09,https://iiif.dl.itc.u-tokyo.ac.jp/repo/iiif/186451/manifest,,,,,69
八旗氏族通譜 十九 二十 [G30495-10],,,,,,,,,,,,,,中国清時代に刊行された満文書籍。,,,"線装, 四針眼釘法",G30-495,"首巻, 80巻",,(清)乾隆9年12月3日,27.2×17.2cm,10行,東京大学総合図書館所蔵,32冊,,東京帝国大学図書印,印本,木版,八旗氏族通譜八十巻首一巻 Baqi Shizu Tongpu 80 juan shou 1 juan Jakūn Gūsai Manjusai Mukūn Hala Be Uheri Ejehe Bithe 八旗氏族通谱八十卷首一卷 八旗氏族通譜八十卷首一卷,(巻首題)jakūn gūsai manjusai mukūn hala be uheri ejehe bithe,,1745年,(内框)19.3×13.1cm,G30495,,,八旗氏族通譜,,"多賀秋五郎『中国宗譜の研究』上巻, 東京, 日本学術振興会, 1981, pp.472-473",,(清)弘昼奉勅撰,B33491,,,http://tify.sub.uni-goettingen.de/demo.html?manifest=https://archdataset.dl.itc.u-tokyo.ac.jp/manifest/324cd287-ee08-46cb-925c-1802c1fa9344.json,324cd287-ee08-46cb-925c-1802c1fa9344,https://iiif.dl.itc.u-tokyo.ac.jp/repo/s/uparl/,https://iiif.dl.itc.u-tokyo.ac.jp/repo/s/asia/document/324cd287-ee08-46cb-925c-1802c1fa9344,https://www.lib.u-tokyo.ac.jp/ja/library/contents/archives-top/reuse,https://iiif.dl.itc.u-tokyo.ac.jp/repo/files/medium/0e211bfa71fed34e622ee9a7a5fa87e0a32e3e9d.jpg,https://iiif.dl.itc.u-tokyo.ac.jp/repo/api/items/186452,"東京大学附属図書館アジア研究図書館上廣倫理財団寄付研究部門 / Uehiro Project for the Asian Research Library in the University of Tokyo, JAPAN",http://iiif.io/api/presentation/2#rightToLeftDirection,,U-PARLセレクション,G30495-10,https://iiif.dl.itc.u-tokyo.ac.jp/repo/iiif/186452/manifest,,,,,74
八旗氏族通譜 二十一 二十二 [G30495-11],,,,,,,,,,,,,,中国清時代に刊行された満文書籍。,,,"線装, 四針眼釘法",G30-495,"首巻, 80巻",,(清)乾隆9年12月3日,27.2×17.2cm,10行,東京大学総合図書館所蔵,32冊,,東京帝国大学図書印,印本,木版,八旗氏族通譜八十巻首一巻 Baqi Shizu Tongpu 80 juan shou 1 juan Jakūn Gūsai Manjusai Mukūn Hala Be Uheri Ejehe Bithe 八旗氏族通谱八十卷首一卷 八旗氏族通譜八十卷首一卷,(巻首題)jakūn gūsai manjusai mukūn hala be uheri ejehe bithe,,1745年,(内框)19.3×13.1cm,G30495,,,八旗氏族通譜,,"多賀秋五郎『中国宗譜の研究』上巻, 東京, 日本学術振興会, 1981, pp.472-473",,(清)弘昼奉勅撰,B33491,,,http://tify.sub.uni-goettingen.de/demo.html?manifest=https://archdataset.dl.itc.u-tokyo.ac.jp/manifest/f3d27fcb-92ef-4076-9542-772fa9d714a0.json,f3d27fcb-92ef-4076-9542-772fa9d714a0,https://iiif.dl.itc.u-tokyo.ac.jp/repo/s/uparl/,https://iiif.dl.itc.u-tokyo.ac.jp/repo/s/asia/document/f3d27fcb-92ef-4076-9542-772fa9d714a0,https://www.lib.u-tokyo.ac.jp/ja/library/contents/archives-top/reuse,https://iiif.dl.itc.u-tokyo.ac.jp/repo/files/medium/2c0659b62896c27a9bff72905666cc9b1a3b675d.jpg,https://iiif.dl.itc.u-tokyo.ac.jp/repo/api/items/186453,"東京大学附属図書館アジア研究図書館上廣倫理財団寄付研究部門 / Uehiro Project for the Asian Research Library in the University of Tokyo, JAPAN",http://iiif.io/api/presentation/2#rightToLeftDirection,,U-PARLセレクション,G30495-11,https://iiif.dl.itc.u-tokyo.ac.jp/repo/iiif/186453/manifest,,,,,71
八旗氏族通譜 二十三 二十四 [G30495-12],,,,,,,,,,,,,,中国清時代に刊行された満文書籍。,,,"線装, 四針眼釘法",G30-495,"首巻, 80巻",,(清)乾隆9年12月3日,27.2×17.2cm,10行,東京大学総合図書館所蔵,32冊,,東京帝国大学図書印,印本,木版,八旗氏族通譜八十巻首一巻 Baqi Shizu Tongpu 80 juan shou 1 juan Jakūn Gūsai Manjusai Mukūn Hala Be Uheri Ejehe Bithe 八旗氏族通谱八十卷首一卷 八旗氏族通譜八十卷首一卷,(巻首題)jakūn gūsai manjusai mukūn hala be uheri ejehe bithe,,1745年,(内框)19.3×13.1cm,G30495,,,八旗氏族通譜,,"多賀秋五郎『中国宗譜の研究』上巻, 東京, 日本学術振興会, 1981, pp.472-473",,(清)弘昼奉勅撰,B33491,,,http://tify.sub.uni-goettingen.de/demo.html?manifest=https://archdataset.dl.itc.u-tokyo.ac.jp/manifest/face5d60-18c8-4d2e-bec8-35e18fab2407.json,face5d60-18c8-4d2e-bec8-35e18fab2407,https://iiif.dl.itc.u-tokyo.ac.jp/repo/s/uparl/,https://iiif.dl.itc.u-tokyo.ac.jp/repo/s/asia/document/face5d60-18c8-4d2e-bec8-35e18fab2407,https://www.lib.u-tokyo.ac.jp/ja/library/contents/archives-top/reuse,https://iiif.dl.itc.u-tokyo.ac.jp/repo/files/medium/d81eb1e9dbabfe19f73e48c36745c1d552a81d67.jpg,https://iiif.dl.itc.u-tokyo.ac.jp/repo/api/items/186454,"東京大学附属図書館アジア研究図書館上廣倫理財団寄付研究部門 / Uehiro Project for the Asian Research Library in the University of Tokyo, JAPAN",http://iiif.io/api/presentation/2#rightToLeftDirection,,U-PARLセレクション,G30495-12,https://iiif.dl.itc.u-tokyo.ac.jp/repo/iiif/186454/manifest,,,,,92
八旗氏族通譜 二十五 二十六 [G30495-13],,,,,,,,,,,,,,中国清時代に刊行された満文書籍。,,,"線装, 四針眼釘法",G30-495,"首巻, 80巻",,(清)乾隆9年12月3日,27.2×17.2cm,10行,東京大学総合図書館所蔵,32冊,,東京帝国大学図書印,印本,木版,八旗氏族通譜八十巻首一巻 Baqi Shizu Tongpu 80 juan shou 1 juan Jakūn Gūsai Manjusai Mukūn Hala Be Uheri Ejehe Bithe 八旗氏族通谱八十卷首一卷 八旗氏族通譜八十卷首一卷,(巻首題)jakūn gūsai manjusai mukūn hala be uheri ejehe bithe,,1745年,(内框)19.3×13.1cm,G30495,,,八旗氏族通譜,,"多賀秋五郎『中国宗譜の研究』上巻, 東京, 日本学術振興会, 1981, pp.472-473",,(清)弘昼奉勅撰,B33491,,,http://tify.sub.uni-goettingen.de/demo.html?manifest=https://archdataset.dl.itc.u-tokyo.ac.jp/manifest/56c5a740-afcd-4e01-a5e0-e4a05f477257.json,56c5a740-afcd-4e01-a5e0-e4a05f477257,https://iiif.dl.itc.u-tokyo.ac.jp/repo/s/uparl/,https://iiif.dl.itc.u-tokyo.ac.jp/repo/s/asia/document/56c5a740-afcd-4e01-a5e0-e4a05f477257,https://www.lib.u-tokyo.ac.jp/ja/library/contents/archives-top/reuse,https://iiif.dl.itc.u-tokyo.ac.jp/repo/files/medium/d381ad12ff703dac51ab811feb6935cddf109d6c.jpg,https://iiif.dl.itc.u-tokyo.ac.jp/repo/api/items/186455,"東京大学附属図書館アジア研究図書館上廣倫理財団寄付研究部門 / Uehiro Project for the Asian Research Library in the University of Tokyo, JAPAN",http://iiif.io/api/presentation/2#rightToLeftDirection,,U-PARLセレクション,G30495-13,https://iiif.dl.itc.u-tokyo.ac.jp/repo/iiif/186455/manifest,,,,,83
八旗氏族通譜 二十七至二十九 [G30495-14],,,,,,,,,,,,,,中国清時代に刊行された満文書籍。,,,"線装, 四針眼釘法",G30-495,"首巻, 80巻",,(清)乾隆9年12月3日,27.2×17.2cm,10行,東京大学総合図書館所蔵,32冊,,東京帝国大学図書印,印本,木版,八旗氏族通譜八十巻首一巻 Baqi Shizu Tongpu 80 juan shou 1 juan Jakūn Gūsai Manjusai Mukūn Hala Be Uheri Ejehe Bithe 八旗氏族通谱八十卷首一卷 八旗氏族通譜八十卷首一卷,(巻首題)jakūn gūsai manjusai mukūn hala be uheri ejehe bithe,,1745年,(内框)19.3×13.1cm,G30495,,,八旗氏族通譜,,"多賀秋五郎『中国宗譜の研究』上巻, 東京, 日本学術振興会, 1981, pp.472-473",,(清)弘昼奉勅撰,B33491,,,http://tify.sub.uni-goettingen.de/demo.html?manifest=https://archdataset.dl.itc.u-tokyo.ac.jp/manifest/9e089630-6632-4431-949e-82f6531d29e1.json,9e089630-6632-4431-949e-82f6531d29e1,https://iiif.dl.itc.u-tokyo.ac.jp/repo/s/uparl/,https://iiif.dl.itc.u-tokyo.ac.jp/repo/s/asia/document/9e089630-6632-4431-949e-82f6531d29e1,https://www.lib.u-tokyo.ac.jp/ja/library/contents/archives-top/reuse,https://iiif.dl.itc.u-tokyo.ac.jp/repo/files/medium/9e0db2eec17157bc737106da27bc8efbaa27023c.jpg,https://iiif.dl.itc.u-tokyo.ac.jp/repo/api/items/186456,"東京大学附属図書館アジア研究図書館上廣倫理財団寄付研究部門 / Uehiro Project for the Asian Research Library in the University of Tokyo, JAPAN",http://iiif.io/api/presentation/2#rightToLeftDirection,,U-PARLセレクション,G30495-14,https://iiif.dl.itc.u-tokyo.ac.jp/repo/iiif/186456/manifest,,,,,90
八旗氏族通譜 三十至三十二 [G30495-15],,,,,,,,,,,,,,中国清時代に刊行された満文書籍。,,,"線装, 四針眼釘法",G30-495,"首巻, 80巻",,(清)乾隆9年12月3日,27.2×17.2cm,10行,東京大学総合図書館所蔵,32冊,,東京帝国大学図書印,印本,木版,八旗氏族通譜八十巻首一巻 Baqi Shizu Tongpu 80 juan shou 1 juan Jakūn Gūsai Manjusai Mukūn Hala Be Uheri Ejehe Bithe 八旗氏族通谱八十卷首一卷 八旗氏族通譜八十卷首一卷,(巻首題)jakūn gūsai manjusai mukūn hala be uheri ejehe bithe,,1745年,(内框)19.3×13.1cm,G30495,,,八旗氏族通譜,,"多賀秋五郎『中国宗譜の研究』上巻, 東京, 日本学術振興会, 1981, pp.472-473",,(清)弘昼奉勅撰,B33491,,,http://tify.sub.uni-goettingen.de/demo.html?manifest=https://archdataset.dl.itc.u-tokyo.ac.jp/manifest/0796d191-7711-4d47-b31e-aef4acc0d2e1.json,0796d191-7711-4d47-b31e-aef4acc0d2e1,https://iiif.dl.itc.u-tokyo.ac.jp/repo/s/uparl/,https://iiif.dl.itc.u-tokyo.ac.jp/repo/s/asia/document/0796d191-7711-4d47-b31e-aef4acc0d2e1,https://www.lib.u-tokyo.ac.jp/ja/library/contents/archives-top/reuse,https://iiif.dl.itc.u-tokyo.ac.jp/repo/files/medium/cb03f2e53f3a47a3256bc4f439b34b88181652e7.jpg,https://iiif.dl.itc.u-tokyo.ac.jp/repo/api/items/186457,"東京大学附属図書館アジア研究図書館上廣倫理財団寄付研究部門 / Uehiro Project for the Asian Research Library in the University of Tokyo, JAPAN",http://iiif.io/api/presentation/2#rightToLeftDirection,,U-PARLセレクション,G30495-15,https://iiif.dl.itc.u-tokyo.ac.jp/repo/iiif/186457/manifest,,,,,86
八旗氏族通譜 三十三至三十六 [G30495-16],,,,,,,,,,,,,,中国清時代に刊行された満文書籍。,,,"線装, 四針眼釘法",G30-495,"首巻, 80巻",,(清)乾隆9年12月3日,27.2×17.2cm,10行,東京大学総合図書館所蔵,32冊,,東京帝国大学図書印,印本,木版,八旗氏族通譜八十巻首一巻 Baqi Shizu Tongpu 80 juan shou 1 juan Jakūn Gūsai Manjusai Mukūn Hala Be Uheri Ejehe Bithe 八旗氏族通谱八十卷首一卷 八旗氏族通譜八十卷首一卷,(巻首題)jakūn gūsai manjusai mukūn hala be uheri ejehe bithe,,1745年,(内框)19.3×13.1cm,G30495,,,八旗氏族通譜,,"多賀秋五郎『中国宗譜の研究』上巻, 東京, 日本学術振興会, 1981, pp.472-473",,(清)弘昼奉勅撰,B33491,,,http://tify.sub.uni-goettingen.de/demo.html?manifest=https://archdataset.dl.itc.u-tokyo.ac.jp/manifest/9004b190-903b-4f08-aa86-6ea4aae4e62c.json,9004b190-903b-4f08-aa86-6ea4aae4e62c,https://iiif.dl.itc.u-tokyo.ac.jp/repo/s/uparl/,https://iiif.dl.itc.u-tokyo.ac.jp/repo/s/asia/document/9004b190-903b-4f08-aa86-6ea4aae4e62c,https://www.lib.u-tokyo.ac.jp/ja/library/contents/archives-top/reuse,https://iiif.dl.itc.u-tokyo.ac.jp/repo/files/medium/115b7ce43354160ed179216ccc1e5d778994ef2c.jpg,https://iiif.dl.itc.u-tokyo.ac.jp/repo/api/items/186458,"東京大学附属図書館アジア研究図書館上廣倫理財団寄付研究部門 / Uehiro Project for the Asian Research Library in the University of Tokyo, JAPAN",http://iiif.io/api/presentation/2#rightToLeftDirection,,U-PARLセレクション,G30495-16,https://iiif.dl.itc.u-tokyo.ac.jp/repo/iiif/186458/manifest,,,,,78
八旗氏族通譜 三十六至三十九 [G30495-17],,,,,,,,,,,,,,中国清時代に刊行された満文書籍。,,,"線装, 四針眼釘法",G30-495,"首巻, 80巻",,(清)乾隆9年12月3日,27.2×17.2cm,10行,東京大学総合図書館所蔵,32冊,,東京帝国大学図書印,印本,木版,八旗氏族通譜八十巻首一巻 Baqi Shizu Tongpu 80 juan shou 1 juan Jakūn Gūsai Manjusai Mukūn Hala Be Uheri Ejehe Bithe 八旗氏族通谱八十卷首一卷 八旗氏族通譜八十卷首一卷,(巻首題)jakūn gūsai manjusai mukūn hala be uheri ejehe bithe,,1745年,(内框)19.3×13.1cm,G30495,,,八旗氏族通譜,,"多賀秋五郎『中国宗譜の研究』上巻, 東京, 日本学術振興会, 1981, pp.472-473",,(清)弘昼奉勅撰,B33491,,,http://tify.sub.uni-goettingen.de/demo.html?manifest=https://archdataset.dl.itc.u-tokyo.ac.jp/manifest/12d7efde-a52d-44b1-9486-9c260c9a9ef9.json,12d7efde-a52d-44b1-9486-9c260c9a9ef9,https://iiif.dl.itc.u-tokyo.ac.jp/repo/s/uparl/,https://iiif.dl.itc.u-tokyo.ac.jp/repo/s/asia/document/12d7efde-a52d-44b1-9486-9c260c9a9ef9,https://www.lib.u-tokyo.ac.jp/ja/library/contents/archives-top/reuse,https://iiif.dl.itc.u-tokyo.ac.jp/repo/files/medium/17b01759cb897198429ef0eca3e0bbe9e41cf543.jpg,https://iiif.dl.itc.u-tokyo.ac.jp/repo/api/items/186459,"東京大学附属図書館アジア研究図書館上廣倫理財団寄付研究部門 / Uehiro Project for the Asian Research Library in the University of Tokyo, JAPAN",http://iiif.io/api/presentation/2#rightToLeftDirection,,U-PARLセレクション,G30495-17,https://iiif.dl.itc.u-tokyo.ac.jp/repo/iiif/186459/manifest,,,,,85
八旗氏族通譜 四十至四十三 [G30495-18],,,,,,,,,,,,,,中国清時代に刊行された満文書籍。,,,"線装, 四針眼釘法",G30-495,"首巻, 80巻",,(清)乾隆9年12月3日,27.2×17.2cm,10行,東京大学総合図書館所蔵,32冊,,東京帝国大学図書印,印本,木版,八旗氏族通譜八十巻首一巻 Baqi Shizu Tongpu 80 juan shou 1 juan Jakūn Gūsai Manjusai Mukūn Hala Be Uheri Ejehe Bithe 八旗氏族通谱八十卷首一卷 八旗氏族通譜八十卷首一卷,(巻首題)jakūn gūsai manjusai mukūn hala be uheri ejehe bithe,,1745年,(内框)19.3×13.1cm,G30495,,,八旗氏族通譜,,"多賀秋五郎『中国宗譜の研究』上巻, 東京, 日本学術振興会, 1981, pp.472-473",,(清)弘昼奉勅撰,B33491,,,http://tify.sub.uni-goettingen.de/demo.html?manifest=https://archdataset.dl.itc.u-tokyo.ac.jp/manifest/39cdaf46-21bc-459a-83d9-6a00593a3f2e.json,39cdaf46-21bc-459a-83d9-6a00593a3f2e,https://iiif.dl.itc.u-tokyo.ac.jp/repo/s/uparl/,https://iiif.dl.itc.u-tokyo.ac.jp/repo/s/asia/document/39cdaf46-21bc-459a-83d9-6a00593a3f2e,https://www.lib.u-tokyo.ac.jp/ja/library/contents/archives-top/reuse,https://iiif.dl.itc.u-tokyo.ac.jp/repo/files/medium/f7d90d4b2685b8d61bb63748a9f4c2e60b7961e9.jpg,https://iiif.dl.itc.u-tokyo.ac.jp/repo/api/items/186460,"東京大学附属図書館アジア研究図書館上廣倫理財団寄付研究部門 / Uehiro Project for the Asian Research Library in the University of Tokyo, JAPAN",http://iiif.io/api/presentation/2#rightToLeftDirection,,U-PARLセレクション,G30495-18,https://iiif.dl.itc.u-tokyo.ac.jp/repo/iiif/186460/manifest,,,,,85
八旗氏族通譜 四十四至四十六 [G30495-19],,,,,,,,,,,,,,中国清時代に刊行された満文書籍。,,,"線装, 四針眼釘法",G30-495,"首巻, 80巻",,(清)乾隆9年12月3日,27.2×17.2cm,10行,東京大学総合図書館所蔵,32冊,,東京帝国大学図書印,印本,木版,八旗氏族通譜八十巻首一巻 Baqi Shizu Tongpu 80 juan shou 1 juan Jakūn Gūsai Manjusai Mukūn Hala Be Uheri Ejehe Bithe 八旗氏族通谱八十卷首一卷 八旗氏族通譜八十卷首一卷,(巻首題)jakūn gūsai manjusai mukūn hala be uheri ejehe bithe,,1745年,(内框)19.3×13.1cm,G30495,,,八旗氏族通譜,,"多賀秋五郎『中国宗譜の研究』上巻, 東京, 日本学術振興会, 1981, pp.472-473",,(清)弘昼奉勅撰,B33491,,,http://tify.sub.uni-goettingen.de/demo.html?manifest=https://archdataset.dl.itc.u-tokyo.ac.jp/manifest/7c3b0e60-9b03-4491-8916-b32605390d08.json,7c3b0e60-9b03-4491-8916-b32605390d08,https://iiif.dl.itc.u-tokyo.ac.jp/repo/s/uparl/,https://iiif.dl.itc.u-tokyo.ac.jp/repo/s/asia/document/7c3b0e60-9b03-4491-8916-b32605390d08,https://www.lib.u-tokyo.ac.jp/ja/library/contents/archives-top/reuse,https://iiif.dl.itc.u-tokyo.ac.jp/repo/files/medium/1710170421eb2716be879462abbb43669e5d750a.jpg,https://iiif.dl.itc.u-tokyo.ac.jp/repo/api/items/186461,"東京大学附属図書館アジア研究図書館上廣倫理財団寄付研究部門 / Uehiro Project for the Asian Research Library in the University of Tokyo, JAPAN",http://iiif.io/api/presentation/2#rightToLeftDirection,,U-PARLセレクション,G30495-19,https://iiif.dl.itc.u-tokyo.ac.jp/repo/iiif/186461/manifest,,,,,73
八旗氏族通譜 四十七至四十九 [G30495-20],,,,,,,,,,,,,,中国清時代に刊行された満文書籍。,,,"線装, 四針眼釘法",G30-495,"首巻, 80巻",,(清)乾隆9年12月3日,27.2×17.2cm,10行,東京大学総合図書館所蔵,32冊,,東京帝国大学図書印,印本,木版,八旗氏族通譜八十巻首一巻 Baqi Shizu Tongpu 80 juan shou 1 juan Jakūn Gūsai Manjusai Mukūn Hala Be Uheri Ejehe Bithe 八旗氏族通谱八十卷首一卷 八旗氏族通譜八十卷首一卷,(巻首題)jakūn gūsai manjusai mukūn hala be uheri ejehe bithe,,1745年,(内框)19.3×13.1cm,G30495,,,八旗氏族通譜,,"多賀秋五郎『中国宗譜の研究』上巻, 東京, 日本学術振興会, 1981, pp.472-473",,(清)弘昼奉勅撰,B33491,,,http://tify.sub.uni-goettingen.de/demo.html?manifest=https://archdataset.dl.itc.u-tokyo.ac.jp/manifest/d441e875-20b7-4707-9dbe-da6fae2643c6.json,d441e875-20b7-4707-9dbe-da6fae2643c6,https://iiif.dl.itc.u-tokyo.ac.jp/repo/s/uparl/,https://iiif.dl.itc.u-tokyo.ac.jp/repo/s/asia/document/d441e875-20b7-4707-9dbe-da6fae2643c6,https://www.lib.u-tokyo.ac.jp/ja/library/contents/archives-top/reuse,https://iiif.dl.itc.u-tokyo.ac.jp/repo/files/medium/490dc7b63012dd4c4c8b82b3774516fbd070d176.jpg,https://iiif.dl.itc.u-tokyo.ac.jp/repo/api/items/186462,"東京大学附属図書館アジア研究図書館上廣倫理財団寄付研究部門 / Uehiro Project for the Asian Research Library in the University of Tokyo, JAPAN",http://iiif.io/api/presentation/2#rightToLeftDirection,,U-PARLセレクション,G30495-20,https://iiif.dl.itc.u-tokyo.ac.jp/repo/iiif/186462/manifest,,,,,70
八旗氏族通譜 五十 五十一 [G30495-21],,,,,,,,,,,,,,中国清時代に刊行された満文書籍。,,,"線装, 四針眼釘法",G30-495,"首巻, 80巻",,(清)乾隆9年12月3日,27.2×17.2cm,10行,東京大学総合図書館所蔵,32冊,,東京帝国大学図書印,印本,木版,八旗氏族通譜八十巻首一巻 Baqi Shizu Tongpu 80 juan shou 1 juan Jakūn Gūsai Manjusai Mukūn Hala Be Uheri Ejehe Bithe 八旗氏族通谱八十卷首一卷 八旗氏族通譜八十卷首一卷,(巻首題)jakūn gūsai manjusai mukūn hala be uheri ejehe bithe,,1745年,(内框)19.3×13.1cm,G30495,,,八旗氏族通譜,,"多賀秋五郎『中国宗譜の研究』上巻, 東京, 日本学術振興会, 1981, pp.472-473",,(清)弘昼奉勅撰,B33491,,,http://tify.sub.uni-goettingen.de/demo.html?manifest=https://archdataset.dl.itc.u-tokyo.ac.jp/manifest/b060b878-e4af-4cf4-a410-6dba4f92a1b9.json,b060b878-e4af-4cf4-a410-6dba4f92a1b9,https://iiif.dl.itc.u-tokyo.ac.jp/repo/s/uparl/,https://iiif.dl.itc.u-tokyo.ac.jp/repo/s/asia/document/b060b878-e4af-4cf4-a410-6dba4f92a1b9,https://www.lib.u-tokyo.ac.jp/ja/library/contents/archives-top/reuse,https://iiif.dl.itc.u-tokyo.ac.jp/repo/files/medium/60d377dc3cb4e5a8bb663870dd007314ec78af58.jpg,https://iiif.dl.itc.u-tokyo.ac.jp/repo/api/items/186463,"東京大学附属図書館アジア研究図書館上廣倫理財団寄付研究部門 / Uehiro Project for the Asian Research Library in the University of Tokyo, JAPAN",http://iiif.io/api/presentation/2#rightToLeftDirection,,U-PARLセレクション,G30495-21,https://iiif.dl.itc.u-tokyo.ac.jp/repo/iiif/186463/manifest,,,,,57
八旗氏族通譜 五十二至五十四 [G30495-22],,,,,,,,,,,,,,中国清時代に刊行された満文書籍。,,,"線装, 四針眼釘法",G30-495,"首巻, 80巻",,(清)乾隆9年12月3日,27.2×17.2cm,10行,東京大学総合図書館所蔵,32冊,,東京帝国大学図書印,印本,木版,八旗氏族通譜八十巻首一巻 Baqi Shizu Tongpu 80 juan shou 1 juan Jakūn Gūsai Manjusai Mukūn Hala Be Uheri Ejehe Bithe 八旗氏族通谱八十卷首一卷 八旗氏族通譜八十卷首一卷,(巻首題)jakūn gūsai manjusai mukūn hala be uheri ejehe bithe,,1745年,(内框)19.3×13.1cm,G30495,,,八旗氏族通譜,,"多賀秋五郎『中国宗譜の研究』上巻, 東京, 日本学術振興会, 1981, pp.472-473",,(清)弘昼奉勅撰,B33491,,,http://tify.sub.uni-goettingen.de/demo.html?manifest=https://archdataset.dl.itc.u-tokyo.ac.jp/manifest/fa51a51e-3393-406c-96c3-c62faa7ce642.json,fa51a51e-3393-406c-96c3-c62faa7ce642,https://iiif.dl.itc.u-tokyo.ac.jp/repo/s/uparl/,https://iiif.dl.itc.u-tokyo.ac.jp/repo/s/asia/document/fa51a51e-3393-406c-96c3-c62faa7ce642,https://www.lib.u-tokyo.ac.jp/ja/library/contents/archives-top/reuse,https://iiif.dl.itc.u-tokyo.ac.jp/repo/files/medium/760f15e67a18553bcc47fd5453e4ec825ce741f8.jpg,https://iiif.dl.itc.u-tokyo.ac.jp/repo/api/items/186464,"東京大学附属図書館アジア研究図書館上廣倫理財団寄付研究部門 / Uehiro Project for the Asian Research Library in the University of Tokyo, JAPAN",http://iiif.io/api/presentation/2#rightToLeftDirection,,U-PARLセレクション,G30495-22,https://iiif.dl.itc.u-tokyo.ac.jp/repo/iiif/186464/manifest,,,,,78
八旗氏族通譜 五十五 五十六 [G30495-23],,,,,,,,,,,,,,中国清時代に刊行された満文書籍。,,,"線装, 四針眼釘法",G30-495,"首巻, 80巻",,(清)乾隆9年12月3日,27.2×17.2cm,10行,東京大学総合図書館所蔵,32冊,,東京帝国大学図書印,印本,木版,八旗氏族通譜八十巻首一巻 Baqi Shizu Tongpu 80 juan shou 1 juan Jakūn Gūsai Manjusai Mukūn Hala Be Uheri Ejehe Bithe 八旗氏族通谱八十卷首一卷 八旗氏族通譜八十卷首一卷,(巻首題)jakūn gūsai manjusai mukūn hala be uheri ejehe bithe,,1745年,(内框)19.3×13.1cm,G30495,,,八旗氏族通譜,,"多賀秋五郎『中国宗譜の研究』上巻, 東京, 日本学術振興会, 1981, pp.472-473",,(清)弘昼奉勅撰,B33491,,,http://tify.sub.uni-goettingen.de/demo.html?manifest=https://archdataset.dl.itc.u-tokyo.ac.jp/manifest/7878d837-d500-4a8d-bcbe-599faf1481b5.json,7878d837-d500-4a8d-bcbe-599faf1481b5,https://iiif.dl.itc.u-tokyo.ac.jp/repo/s/uparl/,https://iiif.dl.itc.u-tokyo.ac.jp/repo/s/asia/document/7878d837-d500-4a8d-bcbe-599faf1481b5,https://www.lib.u-tokyo.ac.jp/ja/library/contents/archives-top/reuse,https://iiif.dl.itc.u-tokyo.ac.jp/repo/files/medium/30d43efdbe82e261d6a244f3a462c8b3cf5e313c.jpg,https://iiif.dl.itc.u-tokyo.ac.jp/repo/api/items/186465,"東京大学附属図書館アジア研究図書館上廣倫理財団寄付研究部門 / Uehiro Project for the Asian Research Library in the University of Tokyo, JAPAN",http://iiif.io/api/presentation/2#rightToLeftDirection,,U-PARLセレクション,G30495-23,https://iiif.dl.itc.u-tokyo.ac.jp/repo/iiif/186465/manifest,,,,,61
八旗氏族通譜 五十七 五十八 [G30495-24],,,,,,,,,,,,,,中国清時代に刊行された満文書籍。,,,"線装, 四針眼釘法",G30-495,"首巻, 80巻",,(清)乾隆9年12月3日,27.2×17.2cm,10行,東京大学総合図書館所蔵,32冊,,東京帝国大学図書印,印本,木版,八旗氏族通譜八十巻首一巻 Baqi Shizu Tongpu 80 juan shou 1 juan Jakūn Gūsai Manjusai Mukūn Hala Be Uheri Ejehe Bithe 八旗氏族通谱八十卷首一卷 八旗氏族通譜八十卷首一卷,(巻首題)jakūn gūsai manjusai mukūn hala be uheri ejehe bithe,,1745年,(内框)19.3×13.1cm,G30495,,,八旗氏族通譜,,"多賀秋五郎『中国宗譜の研究』上巻, 東京, 日本学術振興会, 1981, pp.472-473",,(清)弘昼奉勅撰,B33491,,,http://tify.sub.uni-goettingen.de/demo.html?manifest=https://archdataset.dl.itc.u-tokyo.ac.jp/manifest/e26a46f4-2868-4677-8f15-a32fd50ddbf1.json,e26a46f4-2868-4677-8f15-a32fd50ddbf1,https://iiif.dl.itc.u-tokyo.ac.jp/repo/s/uparl/,https://iiif.dl.itc.u-tokyo.ac.jp/repo/s/asia/document/e26a46f4-2868-4677-8f15-a32fd50ddbf1,https://www.lib.u-tokyo.ac.jp/ja/library/contents/archives-top/reuse,https://iiif.dl.itc.u-tokyo.ac.jp/repo/files/medium/4bce821e33dfcd5bb5d71004399672492e2f6209.jpg,https://iiif.dl.itc.u-tokyo.ac.jp/repo/api/items/186466,"東京大学附属図書館アジア研究図書館上廣倫理財団寄付研究部門 / Uehiro Project for the Asian Research Library in the University of Tokyo, JAPAN",http://iiif.io/api/presentation/2#rightToLeftDirection,,U-PARLセレクション,G30495-24,https://iiif.dl.itc.u-tokyo.ac.jp/repo/iiif/186466/manifest,,,,,72
八旗氏族通譜 五十九至六十三 [G30495-25],,,,,,,,,,,,,,中国清時代に刊行された満文書籍。,,,"線装, 四針眼釘法",G30-495,"首巻, 80巻",,(清)乾隆9年12月3日,27.2×17.2cm,10行,東京大学総合図書館所蔵,32冊,,東京帝国大学図書印,印本,木版,八旗氏族通譜八十巻首一巻 Baqi Shizu Tongpu 80 juan shou 1 juan Jakūn Gūsai Manjusai Mukūn Hala Be Uheri Ejehe Bithe 八旗氏族通谱八十卷首一卷 八旗氏族通譜八十卷首一卷,(巻首題)jakūn gūsai manjusai mukūn hala be uheri ejehe bithe,,1745年,(内框)19.3×13.1cm,G30495,,,八旗氏族通譜,,"多賀秋五郎『中国宗譜の研究』上巻, 東京, 日本学術振興会, 1981, pp.472-473",,(清)弘昼奉勅撰,B33491,,,http://tify.sub.uni-goettingen.de/demo.html?manifest=https://archdataset.dl.itc.u-tokyo.ac.jp/manifest/7d4f0259-f190-4d61-ba53-3ba1fead3790.json,7d4f0259-f190-4d61-ba53-3ba1fead3790,https://iiif.dl.itc.u-tokyo.ac.jp/repo/s/uparl/,https://iiif.dl.itc.u-tokyo.ac.jp/repo/s/asia/document/7d4f0259-f190-4d61-ba53-3ba1fead3790,https://www.lib.u-tokyo.ac.jp/ja/library/contents/archives-top/reuse,https://iiif.dl.itc.u-tokyo.ac.jp/repo/files/medium/36dc71667642567b9ef2ab073d796afaee748f1d.jpg,https://iiif.dl.itc.u-tokyo.ac.jp/repo/api/items/186467,"東京大学附属図書館アジア研究図書館上廣倫理財団寄付研究部門 / Uehiro Project for the Asian Research Library in the University of Tokyo, JAPAN",http://iiif.io/api/presentation/2#rightToLeftDirection,,U-PARLセレクション,G30495-25,https://iiif.dl.itc.u-tokyo.ac.jp/repo/iiif/186467/manifest,,,,,87
八旗氏族通譜 六十四至六十六 [G30495-26],,,,,,,,,,,,,,中国清時代に刊行された満文書籍。,,,"線装, 四針眼釘法",G30-495,"首巻, 80巻",,(清)乾隆9年12月3日,27.2×17.2cm,10行,東京大学総合図書館所蔵,32冊,,東京帝国大学図書印,印本,木版,八旗氏族通譜八十巻首一巻 Baqi Shizu Tongpu 80 juan shou 1 juan Jakūn Gūsai Manjusai Mukūn Hala Be Uheri Ejehe Bithe 八旗氏族通谱八十卷首一卷 八旗氏族通譜八十卷首一卷,(巻首題)jakūn gūsai manjusai mukūn hala be uheri ejehe bithe,,1745年,(内框)19.3×13.1cm,G30495,,,八旗氏族通譜,,"多賀秋五郎『中国宗譜の研究』上巻, 東京, 日本学術振興会, 1981, pp.472-473",,(清)弘昼奉勅撰,B33491,,,http://tify.sub.uni-goettingen.de/demo.html?manifest=https://archdataset.dl.itc.u-tokyo.ac.jp/manifest/d273af0a-6c99-41e5-8918-1ab5b08f75c8.json,d273af0a-6c99-41e5-8918-1ab5b08f75c8,https://iiif.dl.itc.u-tokyo.ac.jp/repo/s/uparl/,https://iiif.dl.itc.u-tokyo.ac.jp/repo/s/asia/document/d273af0a-6c99-41e5-8918-1ab5b08f75c8,https://www.lib.u-tokyo.ac.jp/ja/library/contents/archives-top/reuse,https://iiif.dl.itc.u-tokyo.ac.jp/repo/files/medium/ff19896a74d8cc46b26eaa4d2a659df69557ff92.jpg,https://iiif.dl.itc.u-tokyo.ac.jp/repo/api/items/186468,"東京大学附属図書館アジア研究図書館上廣倫理財団寄付研究部門 / Uehiro Project for the Asian Research Library in the University of Tokyo, JAPAN",http://iiif.io/api/presentation/2#rightToLeftDirection,,U-PARLセレクション,G30495-26,https://iiif.dl.itc.u-tokyo.ac.jp/repo/iiif/186468/manifest,,,,,72
八旗氏族通譜 六十七 六十八 [G30495-27],,,,,,,,,,,,,,中国清時代に刊行された満文書籍。,,,"線装, 四針眼釘法",G30-495,"首巻, 80巻",,(清)乾隆9年12月3日,27.2×17.2cm,10行,東京大学総合図書館所蔵,32冊,,東京帝国大学図書印,印本,木版,八旗氏族通譜八十巻首一巻 Baqi Shizu Tongpu 80 juan shou 1 juan Jakūn Gūsai Manjusai Mukūn Hala Be Uheri Ejehe Bithe 八旗氏族通谱八十卷首一卷 八旗氏族通譜八十卷首一卷,(巻首題)jakūn gūsai manjusai mukūn hala be uheri ejehe bithe,,1745年,(内框)19.3×13.1cm,G30495,,,八旗氏族通譜,,"多賀秋五郎『中国宗譜の研究』上巻, 東京, 日本学術振興会, 1981, pp.472-473",,(清)弘昼奉勅撰,B33491,,,http://tify.sub.uni-goettingen.de/demo.html?manifest=https://archdataset.dl.itc.u-tokyo.ac.jp/manifest/69a7ccbf-84f6-4b30-ac15-edc924c93a0c.json,69a7ccbf-84f6-4b30-ac15-edc924c93a0c,https://iiif.dl.itc.u-tokyo.ac.jp/repo/s/uparl/,https://iiif.dl.itc.u-tokyo.ac.jp/repo/s/asia/document/69a7ccbf-84f6-4b30-ac15-edc924c93a0c,https://www.lib.u-tokyo.ac.jp/ja/library/contents/archives-top/reuse,https://iiif.dl.itc.u-tokyo.ac.jp/repo/files/medium/5aadf74e3774bab6759f0404c8da20335e1bc9f3.jpg,https://iiif.dl.itc.u-tokyo.ac.jp/repo/api/items/186469,"東京大学附属図書館アジア研究図書館上廣倫理財団寄付研究部門 / Uehiro Project for the Asian Research Library in the University of Tokyo, JAPAN",http://iiif.io/api/presentation/2#rightToLeftDirection,,U-PARLセレクション,G30495-27,https://iiif.dl.itc.u-tokyo.ac.jp/repo/iiif/186469/manifest,,,,,70
八旗氏族通譜 六十九至七十一 [G30495-28],,,,,,,,,,,,,,中国清時代に刊行された満文書籍。,,,"線装, 四針眼釘法",G30-495,"首巻, 80巻",,(清)乾隆9年12月3日,27.2×17.2cm,10行,東京大学総合図書館所蔵,32冊,,東京帝国大学図書印,印本,木版,八旗氏族通譜八十巻首一巻 Baqi Shizu Tongpu 80 juan shou 1 juan Jakūn Gūsai Manjusai Mukūn Hala Be Uheri Ejehe Bithe 八旗氏族通谱八十卷首一卷 八旗氏族通譜八十卷首一卷,(巻首題)jakūn gūsai manjusai mukūn hala be uheri ejehe bithe,,1745年,(内框)19.3×13.1cm,G30495,,,八旗氏族通譜,,"多賀秋五郎『中国宗譜の研究』上巻, 東京, 日本学術振興会, 1981, pp.472-473",,(清)弘昼奉勅撰,B33491,,,http://tify.sub.uni-goettingen.de/demo.html?manifest=https://archdataset.dl.itc.u-tokyo.ac.jp/manifest/592783c9-1f5c-49aa-91c6-2cc5a07bd35c.json,592783c9-1f5c-49aa-91c6-2cc5a07bd35c,https://iiif.dl.itc.u-tokyo.ac.jp/repo/s/uparl/,https://iiif.dl.itc.u-tokyo.ac.jp/repo/s/asia/document/592783c9-1f5c-49aa-91c6-2cc5a07bd35c,https://www.lib.u-tokyo.ac.jp/ja/library/contents/archives-top/reuse,https://iiif.dl.itc.u-tokyo.ac.jp/repo/files/medium/8cae42d9c26fda6e3deac163c226615a9efb8064.jpg,https://iiif.dl.itc.u-tokyo.ac.jp/repo/api/items/186470,"東京大学附属図書館アジア研究図書館上廣倫理財団寄付研究部門 / Uehiro Project for the Asian Research Library in the University of Tokyo, JAPAN",http://iiif.io/api/presentation/2#rightToLeftDirection,,U-PARLセレクション,G30495-28,https://iiif.dl.itc.u-tokyo.ac.jp/repo/iiif/186470/manifest,,,,,61
八旗氏族通譜 七十一至七十三 [G30495-29],,,,,,,,,,,,,,中国清時代に刊行された満文書籍。,,,"線装, 四針眼釘法",G30-495,"首巻, 80巻",,(清)乾隆9年12月3日,27.2×17.2cm,10行,東京大学総合図書館所蔵,32冊,,東京帝国大学図書印,印本,木版,八旗氏族通譜八十巻首一巻 Baqi Shizu Tongpu 80 juan shou 1 juan Jakūn Gūsai Manjusai Mukūn Hala Be Uheri Ejehe Bithe 八旗氏族通谱八十卷首一卷 八旗氏族通譜八十卷首一卷,(巻首題)jakūn gūsai manjusai mukūn hala be uheri ejehe bithe,,1745年,(内框)19.3×13.1cm,G30495,,,八旗氏族通譜,,"多賀秋五郎『中国宗譜の研究』上巻, 東京, 日本学術振興会, 1981, pp.472-473",,(清)弘昼奉勅撰,B33491,,,http://tify.sub.uni-goettingen.de/demo.html?manifest=https://archdataset.dl.itc.u-tokyo.ac.jp/manifest/4a619557-9578-46cf-a52a-24bc5e7c0d79.json,4a619557-9578-46cf-a52a-24bc5e7c0d79,https://iiif.dl.itc.u-tokyo.ac.jp/repo/s/uparl/,https://iiif.dl.itc.u-tokyo.ac.jp/repo/s/asia/document/4a619557-9578-46cf-a52a-24bc5e7c0d79,https://www.lib.u-tokyo.ac.jp/ja/library/contents/archives-top/reuse,https://iiif.dl.itc.u-tokyo.ac.jp/repo/files/medium/a7a1c04603f4fc8eb3b83e13e7ddc98ec5c98921.jpg,https://iiif.dl.itc.u-tokyo.ac.jp/repo/api/items/186471,"東京大学附属図書館アジア研究図書館上廣倫理財団寄付研究部門 / Uehiro Project for the Asian Research Library in the University of Tokyo, JAPAN",http://iiif.io/api/presentation/2#rightToLeftDirection,,U-PARLセレクション,G30495-29,https://iiif.dl.itc.u-tokyo.ac.jp/repo/iiif/186471/manifest,,,,,59
八旗氏族通譜 七十四 七十五 [G30495-30],,,,,,,,,,,,,,中国清時代に刊行された満文書籍。,,,"線装, 四針眼釘法",G30-495,"首巻, 80巻",,(清)乾隆9年12月3日,27.2×17.2cm,10行,東京大学総合図書館所蔵,32冊,,東京帝国大学図書印,印本,木版,八旗氏族通譜八十巻首一巻 Baqi Shizu Tongpu 80 juan shou 1 juan Jakūn Gūsai Manjusai Mukūn Hala Be Uheri Ejehe Bithe 八旗氏族通谱八十卷首一卷 八旗氏族通譜八十卷首一卷,(巻首題)jakūn gūsai manjusai mukūn hala be uheri ejehe bithe,,1745年,(内框)19.3×13.1cm,G30495,,,八旗氏族通譜,,"多賀秋五郎『中国宗譜の研究』上巻, 東京, 日本学術振興会, 1981, pp.472-473",,(清)弘昼奉勅撰,B33491,,,http://tify.sub.uni-goettingen.de/demo.html?manifest=https://archdataset.dl.itc.u-tokyo.ac.jp/manifest/3d887282-c1fb-4a64-91eb-e10078fc508b.json,3d887282-c1fb-4a64-91eb-e10078fc508b,https://iiif.dl.itc.u-tokyo.ac.jp/repo/s/uparl/,https://iiif.dl.itc.u-tokyo.ac.jp/repo/s/asia/document/3d887282-c1fb-4a64-91eb-e10078fc508b,https://www.lib.u-tokyo.ac.jp/ja/library/contents/archives-top/reuse,https://iiif.dl.itc.u-tokyo.ac.jp/repo/files/medium/92740dff877d18ab2362a2b9ec9605cb9c007e9a.jpg,https://iiif.dl.itc.u-tokyo.ac.jp/repo/api/items/186472,"東京大学附属図書館アジア研究図書館上廣倫理財団寄付研究部門 / Uehiro Project for the Asian Research Library in the University of Tokyo, JAPAN",http://iiif.io/api/presentation/2#rightToLeftDirection,,U-PARLセレクション,G30495-30,https://iiif.dl.itc.u-tokyo.ac.jp/repo/iiif/186472/manifest,,,,,53
八旗氏族通譜 七十六 七十七 [G30495-31],,,,,,,,,,,,,,中国清時代に刊行された満文書籍。,,,"線装, 四針眼釘法",G30-495,"首巻, 80巻",,(清)乾隆9年12月3日,27.2×17.2cm,10行,東京大学総合図書館所蔵,32冊,,東京帝国大学図書印,印本,木版,八旗氏族通譜八十巻首一巻 Baqi Shizu Tongpu 80 juan shou 1 juan Jakūn Gūsai Manjusai Mukūn Hala Be Uheri Ejehe Bithe 八旗氏族通谱八十卷首一卷 八旗氏族通譜八十卷首一卷,(巻首題)jakūn gūsai manjusai mukūn hala be uheri ejehe bithe,,1745年,(内框)19.3×13.1cm,G30495,,,八旗氏族通譜,,"多賀秋五郎『中国宗譜の研究』上巻, 東京, 日本学術振興会, 1981, pp.472-473",,(清)弘昼奉勅撰,B33491,,,http://tify.sub.uni-goettingen.de/demo.html?manifest=https://archdataset.dl.itc.u-tokyo.ac.jp/manifest/2dd46b79-cd14-40db-8797-0be8d706541d.json,2dd46b79-cd14-40db-8797-0be8d706541d,https://iiif.dl.itc.u-tokyo.ac.jp/repo/s/uparl/,https://iiif.dl.itc.u-tokyo.ac.jp/repo/s/asia/document/2dd46b79-cd14-40db-8797-0be8d706541d,https://www.lib.u-tokyo.ac.jp/ja/library/contents/archives-top/reuse,https://iiif.dl.itc.u-tokyo.ac.jp/repo/files/medium/ffc79aac27da4a3e6a0e7c042d2859599e3af005.jpg,https://iiif.dl.itc.u-tokyo.ac.jp/repo/api/items/186473,"東京大学附属図書館アジア研究図書館上廣倫理財団寄付研究部門 / Uehiro Project for the Asian Research Library in the University of Tokyo, JAPAN",http://iiif.io/api/presentation/2#rightToLeftDirection,,U-PARLセレクション,G30495-31,https://iiif.dl.itc.u-tokyo.ac.jp/repo/iiif/186473/manifest,,,,,79
八旗氏族通譜 七十八至八十 [G30495-32],,,,,,,,,,,,,,中国清時代に刊行された満文書籍。,,,"線装, 四針眼釘法",G30-495,"首巻, 80巻",,(清)乾隆9年12月3日,27.2×17.2cm,10行,東京大学総合図書館所蔵,32冊,,東京帝国大学図書印,印本,木版,八旗氏族通譜八十巻首一巻 Baqi Shizu Tongpu 80 juan shou 1 juan Jakūn Gūsai Manjusai Mukūn Hala Be Uheri Ejehe Bithe 八旗氏族通谱八十卷首一卷 八旗氏族通譜八十卷首一卷,(巻首題)jakūn gūsai manjusai mukūn hala be uheri ejehe bithe,,1745年,(内框)19.3×13.1cm,G30495,,,八旗氏族通譜,,"多賀秋五郎『中国宗譜の研究』上巻, 東京, 日本学術振興会, 1981, pp.472-473",,(清)弘昼奉勅撰,B33491,,,http://tify.sub.uni-goettingen.de/demo.html?manifest=https://archdataset.dl.itc.u-tokyo.ac.jp/manifest/b01e58d8-019c-4f4a-9a70-a1296dca7798.json,b01e58d8-019c-4f4a-9a70-a1296dca7798,https://iiif.dl.itc.u-tokyo.ac.jp/repo/s/uparl/,https://iiif.dl.itc.u-tokyo.ac.jp/repo/s/asia/document/b01e58d8-019c-4f4a-9a70-a1296dca7798,https://www.lib.u-tokyo.ac.jp/ja/library/contents/archives-top/reuse,https://iiif.dl.itc.u-tokyo.ac.jp/repo/files/medium/5a534cc9d308c0e66aa49e73d31559b05b5f9d25.jpg,https://iiif.dl.itc.u-tokyo.ac.jp/repo/api/items/186474,"東京大学附属図書館アジア研究図書館上廣倫理財団寄付研究部門 / Uehiro Project for the Asian Research Library in the University of Tokyo, JAPAN",http://iiif.io/api/presentation/2#rightToLeftDirection,,U-PARLセレクション,G30495-32,https://iiif.dl.itc.u-tokyo.ac.jp/repo/iiif/186474/manifest,,,,,67
