書名,請求記号,書名ヨミ,著者,冊数,出版者,出版年,種別,言語,注記,iiif viewer,ID,ウェブサイトURL,アイテムURL,利用条件,サムネイル,機械可読ドキュメント,帰属,viewingDirection,viewingHint,コレクション,ソート用項目,西暦,IIIFマニフェストURI,IIIF Search API URI,アノテーション付きIIIFマニフェストURI,Link to TAPAS Project,Text with Rich Text Format,# of media
dcterms:title,dcndl:callNumber,dcndl:titleTranscription,dcterms:creator,dcterms:extent,dcterms:publisher,dcterms:issued,dcndl:materialType,dcterms:language,archiveshub:note,iiif viewer,bibo:identifier,dcterms:isPartOf,dcterms:relation,dcterms:rights,foaf:thumbnail,rdfs:seeAlso,sc:attributionLabel,sc:viewingDirection,sc:viewingHint,uterms:databaseLabel,uterms:sort,uterms:year,uterms:manifestUri,uterms:searchApiUri,uterms:annotedManifest,uterms:linkToTapas,uterms:rtf,21297
三帖源氏 [1],A00:4009,サンジョウ ゲンジ,,3,[正親町公通] [写],[江戸前期],和古書,日本語,"書名及び巻冊次は題簽による|上の冒頭付箋に「三帖源氏上中下 正親町大納言公通卿正筆」とあり|毎半葉10行注文双行|金地布目見返し, 金砂子散しに遠山雲霞秋草文様表紙, 鳥の子紙を使用|綴葉装|印記: 「青洲文庫」|湿損あり",http://tify.sub.uni-goettingen.de/demo.html?manifest=https://archdataset.dl.itc.u-tokyo.ac.jp/manifest/58b17904-5e1d-797f-6cc2-92595d4d2c2c.json,58b17904-5e1d-797f-6cc2-92595d4d2c2c,https://iiif.dl.itc.u-tokyo.ac.jp/repo/s/seishu/,https://iiif.dl.itc.u-tokyo.ac.jp/repo/s/seishu/document/58b17904-5e1d-797f-6cc2-92595d4d2c2c,https://www.lib.u-tokyo.ac.jp/ja/library/contents/archives-top/reuse,https://iiif.dl.itc.u-tokyo.ac.jp/repo/files/medium/b7d92b3b3e9249d5834de8c80f86bc079ab71467.jpg,https://iiif.dl.itc.u-tokyo.ac.jp/repo/api/items/1381414,"東京大学総合図書館 General Library, The University of Tokyo, JAPAN",http://iiif.io/api/presentation/2#rightToLeftDirection,,総合図書館所蔵青洲文庫,0024,,https://iiif.dl.itc.u-tokyo.ac.jp/repo/iiif/58b17904-5e1d-797f-6cc2-92595d4d2c2c/manifest,,,,,116
三帖源氏 [2],A00:4009,サンジョウ ゲンジ,,3,[正親町公通] [写],[江戸前期],和古書,日本語,"書名及び巻冊次は題簽による|上の冒頭付箋に「三帖源氏上中下 正親町大納言公通卿正筆」とあり|毎半葉10行注文双行|金地布目見返し, 金砂子散しに遠山雲霞秋草文様表紙, 鳥の子紙を使用|綴葉装|印記: 「青洲文庫」|湿損あり",http://tify.sub.uni-goettingen.de/demo.html?manifest=https://archdataset.dl.itc.u-tokyo.ac.jp/manifest/91c2eb0a-13bf-888a-a2be-912f8f806811.json,91c2eb0a-13bf-888a-a2be-912f8f806811,https://iiif.dl.itc.u-tokyo.ac.jp/repo/s/seishu/,https://iiif.dl.itc.u-tokyo.ac.jp/repo/s/seishu/document/91c2eb0a-13bf-888a-a2be-912f8f806811,https://www.lib.u-tokyo.ac.jp/ja/library/contents/archives-top/reuse,https://iiif.dl.itc.u-tokyo.ac.jp/repo/files/medium/cc6e98a55c9f31ba62b8e9f51f6b597cbd529a20.jpg,https://iiif.dl.itc.u-tokyo.ac.jp/repo/api/items/1381413,"東京大学総合図書館 General Library, The University of Tokyo, JAPAN",http://iiif.io/api/presentation/2#rightToLeftDirection,,総合図書館所蔵青洲文庫,0025,,https://iiif.dl.itc.u-tokyo.ac.jp/repo/iiif/91c2eb0a-13bf-888a-a2be-912f8f806811/manifest,,,,,139
三帖源氏 [3],A00:4009,サンジョウ ゲンジ,,3,[正親町公通] [写],[江戸前期],和古書,日本語,"書名及び巻冊次は題簽による|上の冒頭付箋に「三帖源氏上中下 正親町大納言公通卿正筆」とあり|毎半葉10行注文双行|金地布目見返し, 金砂子散しに遠山雲霞秋草文様表紙, 鳥の子紙を使用|綴葉装|印記: 「青洲文庫」|湿損あり",http://tify.sub.uni-goettingen.de/demo.html?manifest=https://archdataset.dl.itc.u-tokyo.ac.jp/manifest/57b67e77-0214-54fe-0120-8a4badcf9909.json,57b67e77-0214-54fe-0120-8a4badcf9909,https://iiif.dl.itc.u-tokyo.ac.jp/repo/s/seishu/,https://iiif.dl.itc.u-tokyo.ac.jp/repo/s/seishu/document/57b67e77-0214-54fe-0120-8a4badcf9909,https://www.lib.u-tokyo.ac.jp/ja/library/contents/archives-top/reuse,https://iiif.dl.itc.u-tokyo.ac.jp/repo/files/medium/fe6249fa37785f72c24832f55133494a69de355d.jpg,https://iiif.dl.itc.u-tokyo.ac.jp/repo/api/items/1381412,"東京大学総合図書館 General Library, The University of Tokyo, JAPAN",http://iiif.io/api/presentation/2#rightToLeftDirection,,総合図書館所蔵青洲文庫,0026,,https://iiif.dl.itc.u-tokyo.ac.jp/repo/iiif/57b67e77-0214-54fe-0120-8a4badcf9909/manifest,,,,,128
春色惠の花 2編6巻 [1],A00:4317,シュンショク メグミ ノ ハナ,為永 春水,2,[出版者不明],[天保7 (1836)] 序,和古書,日本語,"題簽の書名: 梅暦發端 : 恵の花|のどの書名: 梅發(前編), 惠(後編)|自序中の書名: 惠の花|巻冊次表示は題簽による|自序末に「申の孟陽 金龍山下狂訓亭 為永春水誌」とあり|後編の序末に「南仙笑楚満人六年以来改名してますます発行の詮穿家為永春水の需に応じ此巻中では初編よりおなじみ深き辰巳の小庵稲荷横町の南窓に 櫻川由次郎謹誌」とあり|前編: 卷之1-3. 後編: 2編上中下之卷|四周単辺無界8行, 内匡廓: 15.5×9.7cm, 白口無魚尾|付訓あり|序, 口絵は色刷|合冊後印本|印記: 「青洲文庫」(渡辺信), 「澤次郎」(渡辺沢次郎)",http://tify.sub.uni-goettingen.de/demo.html?manifest=https://archdataset.dl.itc.u-tokyo.ac.jp/manifest/332c75bf-7c7e-30e0-3d76-efa4917c7c59.json,332c75bf-7c7e-30e0-3d76-efa4917c7c59,https://iiif.dl.itc.u-tokyo.ac.jp/repo/s/seishu/,https://iiif.dl.itc.u-tokyo.ac.jp/repo/s/seishu/document/332c75bf-7c7e-30e0-3d76-efa4917c7c59,https://www.lib.u-tokyo.ac.jp/ja/library/contents/archives-top/reuse,https://iiif.dl.itc.u-tokyo.ac.jp/repo/files/medium/f3e2d1a960ddf3fb457e11bc1835885fa8ad7ca9.jpg,https://iiif.dl.itc.u-tokyo.ac.jp/repo/api/items/1381411,"東京大学総合図書館 General Library, The University of Tokyo, JAPAN",http://iiif.io/api/presentation/2#rightToLeftDirection,,総合図書館所蔵青洲文庫,0027,,https://iiif.dl.itc.u-tokyo.ac.jp/repo/iiif/332c75bf-7c7e-30e0-3d76-efa4917c7c59/manifest,,,,,65
春色惠の花 2編6巻 [2],A00:4317,シュンショク メグミ ノ ハナ,為永 春水,2,[出版者不明],[天保7 (1836)] 序,和古書,日本語,"題簽の書名: 梅暦發端 : 恵の花|のどの書名: 梅發(前編), 惠(後編)|自序中の書名: 惠の花|巻冊次表示は題簽による|自序末に「申の孟陽 金龍山下狂訓亭 為永春水誌」とあり|後編の序末に「南仙笑楚満人六年以来改名してますます発行の詮穿家為永春水の需に応じ此巻中では初編よりおなじみ深き辰巳の小庵稲荷横町の南窓に 櫻川由次郎謹誌」とあり|前編: 卷之1-3. 後編: 2編上中下之卷|四周単辺無界8行, 内匡廓: 15.5×9.7cm, 白口無魚尾|付訓あり|序, 口絵は色刷|合冊後印本|印記: 「青洲文庫」(渡辺信), 「澤次郎」(渡辺沢次郎)",http://tify.sub.uni-goettingen.de/demo.html?manifest=https://archdataset.dl.itc.u-tokyo.ac.jp/manifest/d12f353a-5023-09d5-3b34-5ab569638c06.json,d12f353a-5023-09d5-3b34-5ab569638c06,https://iiif.dl.itc.u-tokyo.ac.jp/repo/s/seishu/,https://iiif.dl.itc.u-tokyo.ac.jp/repo/s/seishu/document/d12f353a-5023-09d5-3b34-5ab569638c06,https://www.lib.u-tokyo.ac.jp/ja/library/contents/archives-top/reuse,https://iiif.dl.itc.u-tokyo.ac.jp/repo/files/medium/6b851b0f2232b970b7a047b6ecc6251f46be0b13.jpg,https://iiif.dl.itc.u-tokyo.ac.jp/repo/api/items/1381410,"東京大学総合図書館 General Library, The University of Tokyo, JAPAN",http://iiif.io/api/presentation/2#rightToLeftDirection,,総合図書館所蔵青洲文庫,0028,,https://iiif.dl.itc.u-tokyo.ac.jp/repo/iiif/d12f353a-5023-09d5-3b34-5ab569638c06/manifest,,,,,64
春抄媚景英對暖語 5編15巻 [1],A00:4318,シュンショウ ビケイ エイタイ ダンゴ,為永 春水,5,[文永堂],天保9 [1838],和古書,日本語,"卷之2-15の巻頭書名: 春色英對暖語|序首の書名: 梅暦拾遺別傳(3編), 英對暖語(5編)|のどの書名: ゑいたい, ヱイタイ|内題下に「梅ごよみ拾遺別傳」とあり|序末に「天保九戊戌年正月發行」([初編])「天保九戊戌年春正月發行」(2編)とあり|5編序末の広告に「米八婀娜吉丹次郎の物語類本目録」(文永堂販)あり|[初編]: 卷之1-3. 2編: 卷之4-6. 3編: 卷之7-9. [4編]: 卷之10-12. 5編: 卷之13-15|四周単辺無界8行, 内匡廓: 14.4×9.8cm, 白口無魚尾|付訓あり|序, 口絵は色刷|合冊後印本|印記: 「青洲文庫」(渡辺信), 「澤次郎」(渡辺沢次郎)",http://tify.sub.uni-goettingen.de/demo.html?manifest=https://archdataset.dl.itc.u-tokyo.ac.jp/manifest/7d55bbd9-982a-6b51-46a3-b0eadb865f93.json,7d55bbd9-982a-6b51-46a3-b0eadb865f93,https://iiif.dl.itc.u-tokyo.ac.jp/repo/s/seishu/,https://iiif.dl.itc.u-tokyo.ac.jp/repo/s/seishu/document/7d55bbd9-982a-6b51-46a3-b0eadb865f93,https://www.lib.u-tokyo.ac.jp/ja/library/contents/archives-top/reuse,https://iiif.dl.itc.u-tokyo.ac.jp/repo/files/medium/a8f67e5e7018701cf4339a9f30005464f36551eb.jpg,https://iiif.dl.itc.u-tokyo.ac.jp/repo/api/items/1381409,"東京大学総合図書館 General Library, The University of Tokyo, JAPAN",http://iiif.io/api/presentation/2#rightToLeftDirection,,総合図書館所蔵青洲文庫,0029,,https://iiif.dl.itc.u-tokyo.ac.jp/repo/iiif/7d55bbd9-982a-6b51-46a3-b0eadb865f93/manifest,,,,,68
春抄媚景英對暖語 5編15巻 [2],A00:4318,シュンショウ ビケイ エイタイ ダンゴ,為永 春水,5,[文永堂],天保9 [1838],和古書,日本語,"卷之2-15の巻頭書名: 春色英對暖語|序首の書名: 梅暦拾遺別傳(3編), 英對暖語(5編)|のどの書名: ゑいたい, ヱイタイ|内題下に「梅ごよみ拾遺別傳」とあり|序末に「天保九戊戌年正月發行」([初編])「天保九戊戌年春正月發行」(2編)とあり|5編序末の広告に「米八婀娜吉丹次郎の物語類本目録」(文永堂販)あり|[初編]: 卷之1-3. 2編: 卷之4-6. 3編: 卷之7-9. [4編]: 卷之10-12. 5編: 卷之13-15|四周単辺無界8行, 内匡廓: 14.4×9.8cm, 白口無魚尾|付訓あり|序, 口絵は色刷|合冊後印本|印記: 「青洲文庫」(渡辺信), 「澤次郎」(渡辺沢次郎)",http://tify.sub.uni-goettingen.de/demo.html?manifest=https://archdataset.dl.itc.u-tokyo.ac.jp/manifest/6d528a4a-3c79-764d-49b4-b479854779bc.json,6d528a4a-3c79-764d-49b4-b479854779bc,https://iiif.dl.itc.u-tokyo.ac.jp/repo/s/seishu/,https://iiif.dl.itc.u-tokyo.ac.jp/repo/s/seishu/document/6d528a4a-3c79-764d-49b4-b479854779bc,https://www.lib.u-tokyo.ac.jp/ja/library/contents/archives-top/reuse,https://iiif.dl.itc.u-tokyo.ac.jp/repo/files/medium/8ae7182c901070bbd6f1fe8c4e9fcb29055bbbe5.jpg,https://iiif.dl.itc.u-tokyo.ac.jp/repo/api/items/1381408,"東京大学総合図書館 General Library, The University of Tokyo, JAPAN",http://iiif.io/api/presentation/2#rightToLeftDirection,,総合図書館所蔵青洲文庫,0030,,https://iiif.dl.itc.u-tokyo.ac.jp/repo/iiif/6d528a4a-3c79-764d-49b4-b479854779bc/manifest,,,,,70
春抄媚景英對暖語 5編15巻 [3],A00:4318,シュンショウ ビケイ エイタイ ダンゴ,為永 春水,5,[文永堂],天保9 [1838],和古書,日本語,"卷之2-15の巻頭書名: 春色英對暖語|序首の書名: 梅暦拾遺別傳(3編), 英對暖語(5編)|のどの書名: ゑいたい, ヱイタイ|内題下に「梅ごよみ拾遺別傳」とあり|序末に「天保九戊戌年正月發行」([初編])「天保九戊戌年春正月發行」(2編)とあり|5編序末の広告に「米八婀娜吉丹次郎の物語類本目録」(文永堂販)あり|[初編]: 卷之1-3. 2編: 卷之4-6. 3編: 卷之7-9. [4編]: 卷之10-12. 5編: 卷之13-15|四周単辺無界8行, 内匡廓: 14.4×9.8cm, 白口無魚尾|付訓あり|序, 口絵は色刷|合冊後印本|印記: 「青洲文庫」(渡辺信), 「澤次郎」(渡辺沢次郎)",http://tify.sub.uni-goettingen.de/demo.html?manifest=https://archdataset.dl.itc.u-tokyo.ac.jp/manifest/72dd4d27-3c5b-1392-8b95-1c2a812b8463.json,72dd4d27-3c5b-1392-8b95-1c2a812b8463,https://iiif.dl.itc.u-tokyo.ac.jp/repo/s/seishu/,https://iiif.dl.itc.u-tokyo.ac.jp/repo/s/seishu/document/72dd4d27-3c5b-1392-8b95-1c2a812b8463,https://www.lib.u-tokyo.ac.jp/ja/library/contents/archives-top/reuse,https://iiif.dl.itc.u-tokyo.ac.jp/repo/files/medium/9ce6eb230a9d75e8e638f7984433b54e51f3b249.jpg,https://iiif.dl.itc.u-tokyo.ac.jp/repo/api/items/1381407,"東京大学総合図書館 General Library, The University of Tokyo, JAPAN",http://iiif.io/api/presentation/2#rightToLeftDirection,,総合図書館所蔵青洲文庫,0031,,https://iiif.dl.itc.u-tokyo.ac.jp/repo/iiif/72dd4d27-3c5b-1392-8b95-1c2a812b8463/manifest,,,,,66
春抄媚景英對暖語 5編15巻 [4],A00:4318,シュンショウ ビケイ エイタイ ダンゴ,為永 春水,5,[文永堂],天保9 [1838],和古書,日本語,"卷之2-15の巻頭書名: 春色英對暖語|序首の書名: 梅暦拾遺別傳(3編), 英對暖語(5編)|のどの書名: ゑいたい, ヱイタイ|内題下に「梅ごよみ拾遺別傳」とあり|序末に「天保九戊戌年正月發行」([初編])「天保九戊戌年春正月發行」(2編)とあり|5編序末の広告に「米八婀娜吉丹次郎の物語類本目録」(文永堂販)あり|[初編]: 卷之1-3. 2編: 卷之4-6. 3編: 卷之7-9. [4編]: 卷之10-12. 5編: 卷之13-15|四周単辺無界8行, 内匡廓: 14.4×9.8cm, 白口無魚尾|付訓あり|序, 口絵は色刷|合冊後印本|印記: 「青洲文庫」(渡辺信), 「澤次郎」(渡辺沢次郎)",http://tify.sub.uni-goettingen.de/demo.html?manifest=https://archdataset.dl.itc.u-tokyo.ac.jp/manifest/151d94f8-4a3d-7eac-6a42-832f6b99344e.json,151d94f8-4a3d-7eac-6a42-832f6b99344e,https://iiif.dl.itc.u-tokyo.ac.jp/repo/s/seishu/,https://iiif.dl.itc.u-tokyo.ac.jp/repo/s/seishu/document/151d94f8-4a3d-7eac-6a42-832f6b99344e,https://www.lib.u-tokyo.ac.jp/ja/library/contents/archives-top/reuse,https://iiif.dl.itc.u-tokyo.ac.jp/repo/files/medium/0b3154708875bf8050b4275bcec59dfb3dfe42dd.jpg,https://iiif.dl.itc.u-tokyo.ac.jp/repo/api/items/1381406,"東京大学総合図書館 General Library, The University of Tokyo, JAPAN",http://iiif.io/api/presentation/2#rightToLeftDirection,,総合図書館所蔵青洲文庫,0032,,https://iiif.dl.itc.u-tokyo.ac.jp/repo/iiif/151d94f8-4a3d-7eac-6a42-832f6b99344e/manifest,,,,,65
春抄媚景英對暖語 5編15巻 [5],A00:4318,シュンショウ ビケイ エイタイ ダンゴ,為永 春水,5,[文永堂],天保9 [1838],和古書,日本語,"卷之2-15の巻頭書名: 春色英對暖語|序首の書名: 梅暦拾遺別傳(3編), 英對暖語(5編)|のどの書名: ゑいたい, ヱイタイ|内題下に「梅ごよみ拾遺別傳」とあり|序末に「天保九戊戌年正月發行」([初編])「天保九戊戌年春正月發行」(2編)とあり|5編序末の広告に「米八婀娜吉丹次郎の物語類本目録」(文永堂販)あり|[初編]: 卷之1-3. 2編: 卷之4-6. 3編: 卷之7-9. [4編]: 卷之10-12. 5編: 卷之13-15|四周単辺無界8行, 内匡廓: 14.4×9.8cm, 白口無魚尾|付訓あり|序, 口絵は色刷|合冊後印本|印記: 「青洲文庫」(渡辺信), 「澤次郎」(渡辺沢次郎)",http://tify.sub.uni-goettingen.de/demo.html?manifest=https://archdataset.dl.itc.u-tokyo.ac.jp/manifest/d00ccdcd-48c9-0d81-6a3a-999a8c1901cd.json,d00ccdcd-48c9-0d81-6a3a-999a8c1901cd,https://iiif.dl.itc.u-tokyo.ac.jp/repo/s/seishu/,https://iiif.dl.itc.u-tokyo.ac.jp/repo/s/seishu/document/d00ccdcd-48c9-0d81-6a3a-999a8c1901cd,https://www.lib.u-tokyo.ac.jp/ja/library/contents/archives-top/reuse,https://iiif.dl.itc.u-tokyo.ac.jp/repo/files/medium/387dcac85dc14f97f7ff8bdac440a862b2c78054.jpg,https://iiif.dl.itc.u-tokyo.ac.jp/repo/api/items/1381405,"東京大学総合図書館 General Library, The University of Tokyo, JAPAN",http://iiif.io/api/presentation/2#rightToLeftDirection,,総合図書館所蔵青洲文庫,0033,,https://iiif.dl.itc.u-tokyo.ac.jp/repo/iiif/d00ccdcd-48c9-0d81-6a3a-999a8c1901cd/manifest,,,,,63
梅暦餘興春色辰巳園 4編12巻 [1],A00:4319,ウメゴヨミ ヨキョウ シュンショク タツミ ノ ソノ,為永 春水,4,[出版者不明],天保4 [1833] 序-6 [1835] 序,和古書,日本語,"大尾の書名: 梅暦餘興春色辰巳の園|2編序首の書名: 辰巳の園|題簽の書名: 春色辰巳園|跋中の書名: 梅暦辰巳の園|のどの書名: タツミ|序末に「于時天保四巳春狂訓亭にかはつて述之」([初編]), 「未乃陽春 金龍山人為永春水誌」(4編)とあり|[初編]: 巻之1-3. 2編: 巻の4-6. 3編: 巻の7-9. 4編: 巻の10-12|四周単辺無界8行, 内匡廓: 14.5×9.9cm, 白口無魚尾|付訓あり|序, 口絵は藍摺|筆彩あり|合冊後印本|印記: 「青洲文庫」(渡辺信), 「澤次郎」(渡辺沢次郎)",http://tify.sub.uni-goettingen.de/demo.html?manifest=https://archdataset.dl.itc.u-tokyo.ac.jp/manifest/8d06d1b8-7767-6c97-40ab-59c128e8a43e.json,8d06d1b8-7767-6c97-40ab-59c128e8a43e,https://iiif.dl.itc.u-tokyo.ac.jp/repo/s/seishu/,https://iiif.dl.itc.u-tokyo.ac.jp/repo/s/seishu/document/8d06d1b8-7767-6c97-40ab-59c128e8a43e,https://www.lib.u-tokyo.ac.jp/ja/library/contents/archives-top/reuse,https://iiif.dl.itc.u-tokyo.ac.jp/repo/files/medium/aa4f86f9a34f7f8ed0cd4397de3c8773755e3a44.jpg,https://iiif.dl.itc.u-tokyo.ac.jp/repo/api/items/1381404,"東京大学総合図書館 General Library, The University of Tokyo, JAPAN",http://iiif.io/api/presentation/2#rightToLeftDirection,,総合図書館所蔵青洲文庫,0034,,https://iiif.dl.itc.u-tokyo.ac.jp/repo/iiif/8d06d1b8-7767-6c97-40ab-59c128e8a43e/manifest,,,,,61
梅暦餘興春色辰巳園 4編12巻 [2],A00:4319,ウメゴヨミ ヨキョウ シュンショク タツミ ノ ソノ,為永 春水,4,[出版者不明],天保4 [1833] 序-6 [1835] 序,和古書,日本語,"大尾の書名: 梅暦餘興春色辰巳の園|2編序首の書名: 辰巳の園|題簽の書名: 春色辰巳園|跋中の書名: 梅暦辰巳の園|のどの書名: タツミ|序末に「于時天保四巳春狂訓亭にかはつて述之」([初編]), 「未乃陽春 金龍山人為永春水誌」(4編)とあり|[初編]: 巻之1-3. 2編: 巻の4-6. 3編: 巻の7-9. 4編: 巻の10-12|四周単辺無界8行, 内匡廓: 14.5×9.9cm, 白口無魚尾|付訓あり|序, 口絵は藍摺|筆彩あり|合冊後印本|印記: 「青洲文庫」(渡辺信), 「澤次郎」(渡辺沢次郎)",http://tify.sub.uni-goettingen.de/demo.html?manifest=https://archdataset.dl.itc.u-tokyo.ac.jp/manifest/eb557914-73a3-34d2-6088-e1cc803d8d27.json,eb557914-73a3-34d2-6088-e1cc803d8d27,https://iiif.dl.itc.u-tokyo.ac.jp/repo/s/seishu/,https://iiif.dl.itc.u-tokyo.ac.jp/repo/s/seishu/document/eb557914-73a3-34d2-6088-e1cc803d8d27,https://www.lib.u-tokyo.ac.jp/ja/library/contents/archives-top/reuse,https://iiif.dl.itc.u-tokyo.ac.jp/repo/files/medium/d6eeed4301e5e02d7c77ee5aea5d235180e7b2fc.jpg,https://iiif.dl.itc.u-tokyo.ac.jp/repo/api/items/1381403,"東京大学総合図書館 General Library, The University of Tokyo, JAPAN",http://iiif.io/api/presentation/2#rightToLeftDirection,,総合図書館所蔵青洲文庫,0035,,https://iiif.dl.itc.u-tokyo.ac.jp/repo/iiif/eb557914-73a3-34d2-6088-e1cc803d8d27/manifest,,,,,60
梅暦餘興春色辰巳園 4編12巻 [3],A00:4319,ウメゴヨミ ヨキョウ シュンショク タツミ ノ ソノ,為永 春水,4,[出版者不明],天保4 [1833] 序-6 [1835] 序,和古書,日本語,"大尾の書名: 梅暦餘興春色辰巳の園|2編序首の書名: 辰巳の園|題簽の書名: 春色辰巳園|跋中の書名: 梅暦辰巳の園|のどの書名: タツミ|序末に「于時天保四巳春狂訓亭にかはつて述之」([初編]), 「未乃陽春 金龍山人為永春水誌」(4編)とあり|[初編]: 巻之1-3. 2編: 巻の4-6. 3編: 巻の7-9. 4編: 巻の10-12|四周単辺無界8行, 内匡廓: 14.5×9.9cm, 白口無魚尾|付訓あり|序, 口絵は藍摺|筆彩あり|合冊後印本|印記: 「青洲文庫」(渡辺信), 「澤次郎」(渡辺沢次郎)",http://tify.sub.uni-goettingen.de/demo.html?manifest=https://archdataset.dl.itc.u-tokyo.ac.jp/manifest/2204ad11-a2f7-56a7-9357-b135a5a07e07.json,2204ad11-a2f7-56a7-9357-b135a5a07e07,https://iiif.dl.itc.u-tokyo.ac.jp/repo/s/seishu/,https://iiif.dl.itc.u-tokyo.ac.jp/repo/s/seishu/document/2204ad11-a2f7-56a7-9357-b135a5a07e07,https://www.lib.u-tokyo.ac.jp/ja/library/contents/archives-top/reuse,https://iiif.dl.itc.u-tokyo.ac.jp/repo/files/medium/78cc5a311d00c9063e0d69df8e61ad702c994a90.jpg,https://iiif.dl.itc.u-tokyo.ac.jp/repo/api/items/1381402,"東京大学総合図書館 General Library, The University of Tokyo, JAPAN",http://iiif.io/api/presentation/2#rightToLeftDirection,,総合図書館所蔵青洲文庫,0036,,https://iiif.dl.itc.u-tokyo.ac.jp/repo/iiif/2204ad11-a2f7-56a7-9357-b135a5a07e07/manifest,,,,,60
梅暦餘興春色辰巳園 4編12巻 [4],A00:4319,ウメゴヨミ ヨキョウ シュンショク タツミ ノ ソノ,為永 春水,4,[出版者不明],天保4 [1833] 序-6 [1835] 序,和古書,日本語,"大尾の書名: 梅暦餘興春色辰巳の園|2編序首の書名: 辰巳の園|題簽の書名: 春色辰巳園|跋中の書名: 梅暦辰巳の園|のどの書名: タツミ|序末に「于時天保四巳春狂訓亭にかはつて述之」([初編]), 「未乃陽春 金龍山人為永春水誌」(4編)とあり|[初編]: 巻之1-3. 2編: 巻の4-6. 3編: 巻の7-9. 4編: 巻の10-12|四周単辺無界8行, 内匡廓: 14.5×9.9cm, 白口無魚尾|付訓あり|序, 口絵は藍摺|筆彩あり|合冊後印本|印記: 「青洲文庫」(渡辺信), 「澤次郎」(渡辺沢次郎)",http://tify.sub.uni-goettingen.de/demo.html?manifest=https://archdataset.dl.itc.u-tokyo.ac.jp/manifest/4e303e82-8029-56a6-9ee3-522d34a7773b.json,4e303e82-8029-56a6-9ee3-522d34a7773b,https://iiif.dl.itc.u-tokyo.ac.jp/repo/s/seishu/,https://iiif.dl.itc.u-tokyo.ac.jp/repo/s/seishu/document/4e303e82-8029-56a6-9ee3-522d34a7773b,https://www.lib.u-tokyo.ac.jp/ja/library/contents/archives-top/reuse,https://iiif.dl.itc.u-tokyo.ac.jp/repo/files/medium/6b00b2a14198c7f6579ae5a2f6c4cd74ed3862a5.jpg,https://iiif.dl.itc.u-tokyo.ac.jp/repo/api/items/1381401,"東京大学総合図書館 General Library, The University of Tokyo, JAPAN",http://iiif.io/api/presentation/2#rightToLeftDirection,,総合図書館所蔵青洲文庫,0037,,https://iiif.dl.itc.u-tokyo.ac.jp/repo/iiif/4e303e82-8029-56a6-9ee3-522d34a7773b/manifest,,,,,70
春色梅兒與美 4編12巻 [1],A00:4320,シュンショク ウメゴヨミ,為永 春水,4,大島屋傳右エ門 : 西村屋与八,天保3 [1832] -4 [1833],和古書,日本語,"その他の巻頭書名: 春色梅こよ美(巻之2), 春色梅兒譽美(巻之4)|巻尾の書名: 春色梅ごよ美(巻之1), 春色梅ごよみ(巻之3), 春色梅児誉美(巻の5), 春色梅児与美(巻の11), 春色梅児譽美(巻の12)|序の書名: 梅こよ美([初編]), 春色梅暦([2編]), 梅古与美(3編)|題簽の書名: 梅兒譽美([初編]), 梅児譽美(3編), 梅こよ美(第4輯)|のどの書名: ウメ, うめ, こよみ|[2編]序末に「天保三壬辰年春正月吉旦 江戸書林 永壽堂 西村與八/文永堂 大嶌屋傳右エ門」とあり|第4輯の口絵に「書房文永堂上梓」, 「天保四癸巳陽春發行之記」とあり|[初編]: 巻之1-3: [2編]: 巻の4-6 . 3編: 7-9之巻. 第4輯: 巻の10-12|四周単辺無界8行, 内匡廓: 14.5×9.9cm, 白口無魚尾|付訓あり|序, 口絵は色刷|筆彩あり|合冊後印本|印記: 「青洲文庫」(渡辺信), 「狂」, 「澤次郎」(渡辺沢次郎)|虫損あり",http://tify.sub.uni-goettingen.de/demo.html?manifest=https://archdataset.dl.itc.u-tokyo.ac.jp/manifest/834a0c69-52b7-8d2a-4f32-2ea3a10a6fe9.json,834a0c69-52b7-8d2a-4f32-2ea3a10a6fe9,https://iiif.dl.itc.u-tokyo.ac.jp/repo/s/seishu/,https://iiif.dl.itc.u-tokyo.ac.jp/repo/s/seishu/document/834a0c69-52b7-8d2a-4f32-2ea3a10a6fe9,https://www.lib.u-tokyo.ac.jp/ja/library/contents/archives-top/reuse,https://iiif.dl.itc.u-tokyo.ac.jp/repo/files/medium/6a8f1a61588ca1a0c861c816925d686edafc36e0.jpg,https://iiif.dl.itc.u-tokyo.ac.jp/repo/api/items/1381400,"東京大学総合図書館 General Library, The University of Tokyo, JAPAN",http://iiif.io/api/presentation/2#rightToLeftDirection,,総合図書館所蔵青洲文庫,0038,,https://iiif.dl.itc.u-tokyo.ac.jp/repo/iiif/834a0c69-52b7-8d2a-4f32-2ea3a10a6fe9/manifest,,,,,68
春色梅兒與美 4編12巻 [2],A00:4320,シュンショク ウメゴヨミ,為永 春水,4,大島屋傳右エ門 : 西村屋与八,天保3 [1832] -4 [1833],和古書,日本語,"その他の巻頭書名: 春色梅こよ美(巻之2), 春色梅兒譽美(巻之4)|巻尾の書名: 春色梅ごよ美(巻之1), 春色梅ごよみ(巻之3), 春色梅児誉美(巻の5), 春色梅児与美(巻の11), 春色梅児譽美(巻の12)|序の書名: 梅こよ美([初編]), 春色梅暦([2編]), 梅古与美(3編)|題簽の書名: 梅兒譽美([初編]), 梅児譽美(3編), 梅こよ美(第4輯)|のどの書名: ウメ, うめ, こよみ|[2編]序末に「天保三壬辰年春正月吉旦 江戸書林 永壽堂 西村與八/文永堂 大嶌屋傳右エ門」とあり|第4輯の口絵に「書房文永堂上梓」, 「天保四癸巳陽春發行之記」とあり|[初編]: 巻之1-3: [2編]: 巻の4-6 . 3編: 7-9之巻. 第4輯: 巻の10-12|四周単辺無界8行, 内匡廓: 14.5×9.9cm, 白口無魚尾|付訓あり|序, 口絵は色刷|筆彩あり|合冊後印本|印記: 「青洲文庫」(渡辺信), 「狂」, 「澤次郎」(渡辺沢次郎)|虫損あり",http://tify.sub.uni-goettingen.de/demo.html?manifest=https://archdataset.dl.itc.u-tokyo.ac.jp/manifest/bac2fab9-7840-131c-1650-a22342d72777.json,bac2fab9-7840-131c-1650-a22342d72777,https://iiif.dl.itc.u-tokyo.ac.jp/repo/s/seishu/,https://iiif.dl.itc.u-tokyo.ac.jp/repo/s/seishu/document/bac2fab9-7840-131c-1650-a22342d72777,https://www.lib.u-tokyo.ac.jp/ja/library/contents/archives-top/reuse,https://iiif.dl.itc.u-tokyo.ac.jp/repo/files/medium/f1dc6e8a2df28def07fdbbfda8a074a72efc9840.jpg,https://iiif.dl.itc.u-tokyo.ac.jp/repo/api/items/1381399,"東京大学総合図書館 General Library, The University of Tokyo, JAPAN",http://iiif.io/api/presentation/2#rightToLeftDirection,,総合図書館所蔵青洲文庫,0039,,https://iiif.dl.itc.u-tokyo.ac.jp/repo/iiif/bac2fab9-7840-131c-1650-a22342d72777/manifest,,,,,59
春色梅兒與美 4編12巻 [3],A00:4320,シュンショク ウメゴヨミ,為永 春水,4,大島屋傳右エ門 : 西村屋与八,天保3 [1832] -4 [1833],和古書,日本語,"その他の巻頭書名: 春色梅こよ美(巻之2), 春色梅兒譽美(巻之4)|巻尾の書名: 春色梅ごよ美(巻之1), 春色梅ごよみ(巻之3), 春色梅児誉美(巻の5), 春色梅児与美(巻の11), 春色梅児譽美(巻の12)|序の書名: 梅こよ美([初編]), 春色梅暦([2編]), 梅古与美(3編)|題簽の書名: 梅兒譽美([初編]), 梅児譽美(3編), 梅こよ美(第4輯)|のどの書名: ウメ, うめ, こよみ|[2編]序末に「天保三壬辰年春正月吉旦 江戸書林 永壽堂 西村與八/文永堂 大嶌屋傳右エ門」とあり|第4輯の口絵に「書房文永堂上梓」, 「天保四癸巳陽春發行之記」とあり|[初編]: 巻之1-3: [2編]: 巻の4-6 . 3編: 7-9之巻. 第4輯: 巻の10-12|四周単辺無界8行, 内匡廓: 14.5×9.9cm, 白口無魚尾|付訓あり|序, 口絵は色刷|筆彩あり|合冊後印本|印記: 「青洲文庫」(渡辺信), 「狂」, 「澤次郎」(渡辺沢次郎)|虫損あり",http://tify.sub.uni-goettingen.de/demo.html?manifest=https://archdataset.dl.itc.u-tokyo.ac.jp/manifest/08681bb7-502e-0d95-38ec-a17b58e3a10f.json,08681bb7-502e-0d95-38ec-a17b58e3a10f,https://iiif.dl.itc.u-tokyo.ac.jp/repo/s/seishu/,https://iiif.dl.itc.u-tokyo.ac.jp/repo/s/seishu/document/08681bb7-502e-0d95-38ec-a17b58e3a10f,https://www.lib.u-tokyo.ac.jp/ja/library/contents/archives-top/reuse,https://iiif.dl.itc.u-tokyo.ac.jp/repo/files/medium/363c753e828e22ff808d14ff96a6ea18dd8908ba.jpg,https://iiif.dl.itc.u-tokyo.ac.jp/repo/api/items/1381398,"東京大学総合図書館 General Library, The University of Tokyo, JAPAN",http://iiif.io/api/presentation/2#rightToLeftDirection,,総合図書館所蔵青洲文庫,0040,,https://iiif.dl.itc.u-tokyo.ac.jp/repo/iiif/08681bb7-502e-0d95-38ec-a17b58e3a10f/manifest,,,,,65
春色梅兒與美 4編12巻 [4],A00:4320,シュンショク ウメゴヨミ,為永 春水,4,大島屋傳右エ門 : 西村屋与八,天保3 [1832] -4 [1833],和古書,日本語,"その他の巻頭書名: 春色梅こよ美(巻之2), 春色梅兒譽美(巻之4)|巻尾の書名: 春色梅ごよ美(巻之1), 春色梅ごよみ(巻之3), 春色梅児誉美(巻の5), 春色梅児与美(巻の11), 春色梅児譽美(巻の12)|序の書名: 梅こよ美([初編]), 春色梅暦([2編]), 梅古与美(3編)|題簽の書名: 梅兒譽美([初編]), 梅児譽美(3編), 梅こよ美(第4輯)|のどの書名: ウメ, うめ, こよみ|[2編]序末に「天保三壬辰年春正月吉旦 江戸書林 永壽堂 西村與八/文永堂 大嶌屋傳右エ門」とあり|第4輯の口絵に「書房文永堂上梓」, 「天保四癸巳陽春發行之記」とあり|[初編]: 巻之1-3: [2編]: 巻の4-6 . 3編: 7-9之巻. 第4輯: 巻の10-12|四周単辺無界8行, 内匡廓: 14.5×9.9cm, 白口無魚尾|付訓あり|序, 口絵は色刷|筆彩あり|合冊後印本|印記: 「青洲文庫」(渡辺信), 「狂」, 「澤次郎」(渡辺沢次郎)|虫損あり",http://tify.sub.uni-goettingen.de/demo.html?manifest=https://archdataset.dl.itc.u-tokyo.ac.jp/manifest/fb5be4ae-1e5f-41b3-6de7-a1e158179fb8.json,fb5be4ae-1e5f-41b3-6de7-a1e158179fb8,https://iiif.dl.itc.u-tokyo.ac.jp/repo/s/seishu/,https://iiif.dl.itc.u-tokyo.ac.jp/repo/s/seishu/document/fb5be4ae-1e5f-41b3-6de7-a1e158179fb8,https://www.lib.u-tokyo.ac.jp/ja/library/contents/archives-top/reuse,https://iiif.dl.itc.u-tokyo.ac.jp/repo/files/medium/bdde4b5c4788d9390cd08bb07888cc4e08956b16.jpg,https://iiif.dl.itc.u-tokyo.ac.jp/repo/api/items/1381397,"東京大学総合図書館 General Library, The University of Tokyo, JAPAN",http://iiif.io/api/presentation/2#rightToLeftDirection,,総合図書館所蔵青洲文庫,0041,,https://iiif.dl.itc.u-tokyo.ac.jp/repo/iiif/fb5be4ae-1e5f-41b3-6de7-a1e158179fb8/manifest,,,,,65
春色梅美婦祢 5編15巻 [1],A00:4321,シュンショク ウメミブネ,為永 春水,5,[大嶋屋傳右衛門],天保12 [1841] 序,和古書,日本語,"巻之8の巻頭書名: 春色梅美の婦祢|[初編]の序首書名: 春色梅美婦禰|題簽の書名: 梅見乃婦祢, 梅見の婦祢|のどの書名: ふね, 梅見, うめ, うめみ|巻之1-7の内題下に「梅園英對の拾遺」とあり|[4編]の序末に「辛丑之秌日 静春主人」とあり|[4編]の巻末に「文永堂 大嶋屋傳右衛門」の「處女香」広告あり|大尾に「販元 文永堂主人」の識語あり|[初編]: 巻之1-3. 2編: 巻之4-6. 3編: 巻之7-9. [4編]: 巻之10-12. 5編: 巻之13-15|四周単辺無界8行, 内匡廓: 14.8×10.0cm, 白口無魚尾|付訓あり|序, 口絵は藍摺|筆彩あり|合冊後印本|印記: 「青洲文庫」(渡辺信), 「澤次郎」(渡辺沢次郎)",http://tify.sub.uni-goettingen.de/demo.html?manifest=https://archdataset.dl.itc.u-tokyo.ac.jp/manifest/db252343-89f0-3a75-53cc-9463bda918d4.json,db252343-89f0-3a75-53cc-9463bda918d4,https://iiif.dl.itc.u-tokyo.ac.jp/repo/s/seishu/,https://iiif.dl.itc.u-tokyo.ac.jp/repo/s/seishu/document/db252343-89f0-3a75-53cc-9463bda918d4,https://www.lib.u-tokyo.ac.jp/ja/library/contents/archives-top/reuse,https://iiif.dl.itc.u-tokyo.ac.jp/repo/files/medium/3c48857029708865d0171d64bee4034d10e5b729.jpg,https://iiif.dl.itc.u-tokyo.ac.jp/repo/api/items/1381396,"東京大学総合図書館 General Library, The University of Tokyo, JAPAN",http://iiif.io/api/presentation/2#rightToLeftDirection,,総合図書館所蔵青洲文庫,0042,,https://iiif.dl.itc.u-tokyo.ac.jp/repo/iiif/db252343-89f0-3a75-53cc-9463bda918d4/manifest,,,,,65
春色梅美婦祢 5編15巻 [2],A00:4321,シュンショク ウメミブネ,為永 春水,5,[大嶋屋傳右衛門],天保12 [1841] 序,和古書,日本語,"巻之8の巻頭書名: 春色梅美の婦祢|[初編]の序首書名: 春色梅美婦禰|題簽の書名: 梅見乃婦祢, 梅見の婦祢|のどの書名: ふね, 梅見, うめ, うめみ|巻之1-7の内題下に「梅園英對の拾遺」とあり|[4編]の序末に「辛丑之秌日 静春主人」とあり|[4編]の巻末に「文永堂 大嶋屋傳右衛門」の「處女香」広告あり|大尾に「販元 文永堂主人」の識語あり|[初編]: 巻之1-3. 2編: 巻之4-6. 3編: 巻之7-9. [4編]: 巻之10-12. 5編: 巻之13-15|四周単辺無界8行, 内匡廓: 14.8×10.0cm, 白口無魚尾|付訓あり|序, 口絵は藍摺|筆彩あり|合冊後印本|印記: 「青洲文庫」(渡辺信), 「澤次郎」(渡辺沢次郎)",http://tify.sub.uni-goettingen.de/demo.html?manifest=https://archdataset.dl.itc.u-tokyo.ac.jp/manifest/055ac738-6f8e-3d77-5070-e7fd962263c2.json,055ac738-6f8e-3d77-5070-e7fd962263c2,https://iiif.dl.itc.u-tokyo.ac.jp/repo/s/seishu/,https://iiif.dl.itc.u-tokyo.ac.jp/repo/s/seishu/document/055ac738-6f8e-3d77-5070-e7fd962263c2,https://www.lib.u-tokyo.ac.jp/ja/library/contents/archives-top/reuse,https://iiif.dl.itc.u-tokyo.ac.jp/repo/files/medium/bb79392f82081fe6340513f797b4be8db1f184b5.jpg,https://iiif.dl.itc.u-tokyo.ac.jp/repo/api/items/1381395,"東京大学総合図書館 General Library, The University of Tokyo, JAPAN",http://iiif.io/api/presentation/2#rightToLeftDirection,,総合図書館所蔵青洲文庫,0043,,https://iiif.dl.itc.u-tokyo.ac.jp/repo/iiif/055ac738-6f8e-3d77-5070-e7fd962263c2/manifest,,,,,62
春色梅美婦祢 5編15巻 [3],A00:4321,シュンショク ウメミブネ,為永 春水,5,[大嶋屋傳右衛門],天保12 [1841] 序,和古書,日本語,"巻之8の巻頭書名: 春色梅美の婦祢|[初編]の序首書名: 春色梅美婦禰|題簽の書名: 梅見乃婦祢, 梅見の婦祢|のどの書名: ふね, 梅見, うめ, うめみ|巻之1-7の内題下に「梅園英對の拾遺」とあり|[4編]の序末に「辛丑之秌日 静春主人」とあり|[4編]の巻末に「文永堂 大嶋屋傳右衛門」の「處女香」広告あり|大尾に「販元 文永堂主人」の識語あり|[初編]: 巻之1-3. 2編: 巻之4-6. 3編: 巻之7-9. [4編]: 巻之10-12. 5編: 巻之13-15|四周単辺無界8行, 内匡廓: 14.8×10.0cm, 白口無魚尾|付訓あり|序, 口絵は藍摺|筆彩あり|合冊後印本|印記: 「青洲文庫」(渡辺信), 「澤次郎」(渡辺沢次郎)",http://tify.sub.uni-goettingen.de/demo.html?manifest=https://archdataset.dl.itc.u-tokyo.ac.jp/manifest/bd5967c9-3d26-89be-33e2-079bdf877674.json,bd5967c9-3d26-89be-33e2-079bdf877674,https://iiif.dl.itc.u-tokyo.ac.jp/repo/s/seishu/,https://iiif.dl.itc.u-tokyo.ac.jp/repo/s/seishu/document/bd5967c9-3d26-89be-33e2-079bdf877674,https://www.lib.u-tokyo.ac.jp/ja/library/contents/archives-top/reuse,https://iiif.dl.itc.u-tokyo.ac.jp/repo/files/medium/63e54572f2f57ac7d422ee08512e8d172eb803b4.jpg,https://iiif.dl.itc.u-tokyo.ac.jp/repo/api/items/1381394,"東京大学総合図書館 General Library, The University of Tokyo, JAPAN",http://iiif.io/api/presentation/2#rightToLeftDirection,,総合図書館所蔵青洲文庫,0044,,https://iiif.dl.itc.u-tokyo.ac.jp/repo/iiif/bd5967c9-3d26-89be-33e2-079bdf877674/manifest,,,,,61
春色梅美婦祢 5編15巻 [4],A00:4321,シュンショク ウメミブネ,為永 春水,5,[大嶋屋傳右衛門],天保12 [1841] 序,和古書,日本語,"巻之8の巻頭書名: 春色梅美の婦祢|[初編]の序首書名: 春色梅美婦禰|題簽の書名: 梅見乃婦祢, 梅見の婦祢|のどの書名: ふね, 梅見, うめ, うめみ|巻之1-7の内題下に「梅園英對の拾遺」とあり|[4編]の序末に「辛丑之秌日 静春主人」とあり|[4編]の巻末に「文永堂 大嶋屋傳右衛門」の「處女香」広告あり|大尾に「販元 文永堂主人」の識語あり|[初編]: 巻之1-3. 2編: 巻之4-6. 3編: 巻之7-9. [4編]: 巻之10-12. 5編: 巻之13-15|四周単辺無界8行, 内匡廓: 14.8×10.0cm, 白口無魚尾|付訓あり|序, 口絵は藍摺|筆彩あり|合冊後印本|印記: 「青洲文庫」(渡辺信), 「澤次郎」(渡辺沢次郎)",http://tify.sub.uni-goettingen.de/demo.html?manifest=https://archdataset.dl.itc.u-tokyo.ac.jp/manifest/9fa3a58f-93c6-1705-a021-f0d7b46d9575.json,9fa3a58f-93c6-1705-a021-f0d7b46d9575,https://iiif.dl.itc.u-tokyo.ac.jp/repo/s/seishu/,https://iiif.dl.itc.u-tokyo.ac.jp/repo/s/seishu/document/9fa3a58f-93c6-1705-a021-f0d7b46d9575,https://www.lib.u-tokyo.ac.jp/ja/library/contents/archives-top/reuse,https://iiif.dl.itc.u-tokyo.ac.jp/repo/files/medium/7a80b7d58c0c3a831415984cf0078a6259fa5cfd.jpg,https://iiif.dl.itc.u-tokyo.ac.jp/repo/api/items/1381393,"東京大学総合図書館 General Library, The University of Tokyo, JAPAN",http://iiif.io/api/presentation/2#rightToLeftDirection,,総合図書館所蔵青洲文庫,0045,,https://iiif.dl.itc.u-tokyo.ac.jp/repo/iiif/9fa3a58f-93c6-1705-a021-f0d7b46d9575/manifest,,,,,63
春色梅美婦祢 5編15巻 [5],A00:4321,シュンショク ウメミブネ,為永 春水,5,[大嶋屋傳右衛門],天保12 [1841] 序,和古書,日本語,"巻之8の巻頭書名: 春色梅美の婦祢|[初編]の序首書名: 春色梅美婦禰|題簽の書名: 梅見乃婦祢, 梅見の婦祢|のどの書名: ふね, 梅見, うめ, うめみ|巻之1-7の内題下に「梅園英對の拾遺」とあり|[4編]の序末に「辛丑之秌日 静春主人」とあり|[4編]の巻末に「文永堂 大嶋屋傳右衛門」の「處女香」広告あり|大尾に「販元 文永堂主人」の識語あり|[初編]: 巻之1-3. 2編: 巻之4-6. 3編: 巻之7-9. [4編]: 巻之10-12. 5編: 巻之13-15|四周単辺無界8行, 内匡廓: 14.8×10.0cm, 白口無魚尾|付訓あり|序, 口絵は藍摺|筆彩あり|合冊後印本|印記: 「青洲文庫」(渡辺信), 「澤次郎」(渡辺沢次郎)",http://tify.sub.uni-goettingen.de/demo.html?manifest=https://archdataset.dl.itc.u-tokyo.ac.jp/manifest/38f11664-0e53-a50a-04e8-63f3c50a49df.json,38f11664-0e53-a50a-04e8-63f3c50a49df,https://iiif.dl.itc.u-tokyo.ac.jp/repo/s/seishu/,https://iiif.dl.itc.u-tokyo.ac.jp/repo/s/seishu/document/38f11664-0e53-a50a-04e8-63f3c50a49df,https://www.lib.u-tokyo.ac.jp/ja/library/contents/archives-top/reuse,https://iiif.dl.itc.u-tokyo.ac.jp/repo/files/medium/2cd5869764845235477c67da45529c201130fcd5.jpg,https://iiif.dl.itc.u-tokyo.ac.jp/repo/api/items/1381392,"東京大学総合図書館 General Library, The University of Tokyo, JAPAN",http://iiif.io/api/presentation/2#rightToLeftDirection,,総合図書館所蔵青洲文庫,0046,,https://iiif.dl.itc.u-tokyo.ac.jp/repo/iiif/38f11664-0e53-a50a-04e8-63f3c50a49df/manifest,,,,,61
竒品家雅見 3巻附録1巻 [1],A00:4507,キヒン カガミ,種樹家 金太,3,[種樹家繁亭],文政10 [1827],和古書,日本語,"見返しの書名: 草木竒品家雅見|見返しに「文政丁亥新鎸」, 「書畫諸名家揮毫冩生」, 「東都 補助染井花屋源二 /撰輯青山種樹家金太」とあり|刊記に「従文政七申秋刱稿同十亥冬開板 青山種樹家繁亭藏」(「金亭」との版元朱印あり)|題簽による巻冊次表示: 天, 地, 人|四周単辺無界7行注文双行, 内匡廓: 21.8×14.5cm, 白口単黒魚尾|頭注あり|付訓あり|印記: 「莊」, 「青洲文庫」(渡辺信)",http://tify.sub.uni-goettingen.de/demo.html?manifest=https://archdataset.dl.itc.u-tokyo.ac.jp/manifest/8ebbb3f6-1e34-22ce-74d2-2d29d73f8d0d.json,8ebbb3f6-1e34-22ce-74d2-2d29d73f8d0d,https://iiif.dl.itc.u-tokyo.ac.jp/repo/s/seishu/,https://iiif.dl.itc.u-tokyo.ac.jp/repo/s/seishu/document/8ebbb3f6-1e34-22ce-74d2-2d29d73f8d0d,https://www.lib.u-tokyo.ac.jp/ja/library/contents/archives-top/reuse,https://iiif.dl.itc.u-tokyo.ac.jp/repo/files/medium/c70abb29cdb5fb951215ad65165214f9361d55b8.jpg,https://iiif.dl.itc.u-tokyo.ac.jp/repo/api/items/1381391,"東京大学総合図書館 General Library, The University of Tokyo, JAPAN",http://iiif.io/api/presentation/2#rightToLeftDirection,,総合図書館所蔵青洲文庫,0047,,https://iiif.dl.itc.u-tokyo.ac.jp/repo/iiif/8ebbb3f6-1e34-22ce-74d2-2d29d73f8d0d/manifest,,,,,46
竒品家雅見 3巻附録1巻 [2],A00:4507,キヒン カガミ,種樹家 金太,3,[種樹家繁亭],文政10 [1827],和古書,日本語,"見返しの書名: 草木竒品家雅見|見返しに「文政丁亥新鎸」, 「書畫諸名家揮毫冩生」, 「東都 補助染井花屋源二 /撰輯青山種樹家金太」とあり|刊記に「従文政七申秋刱稿同十亥冬開板 青山種樹家繁亭藏」(「金亭」との版元朱印あり)|題簽による巻冊次表示: 天, 地, 人|四周単辺無界7行注文双行, 内匡廓: 21.8×14.5cm, 白口単黒魚尾|頭注あり|付訓あり|印記: 「莊」, 「青洲文庫」(渡辺信)",http://tify.sub.uni-goettingen.de/demo.html?manifest=https://archdataset.dl.itc.u-tokyo.ac.jp/manifest/8dd4a438-9e1d-6803-2306-3beba97aa4ec.json,8dd4a438-9e1d-6803-2306-3beba97aa4ec,https://iiif.dl.itc.u-tokyo.ac.jp/repo/s/seishu/,https://iiif.dl.itc.u-tokyo.ac.jp/repo/s/seishu/document/8dd4a438-9e1d-6803-2306-3beba97aa4ec,https://www.lib.u-tokyo.ac.jp/ja/library/contents/archives-top/reuse,https://iiif.dl.itc.u-tokyo.ac.jp/repo/files/medium/bc0a5c075c0a9e2c62aadb1f816857c8a8f24488.jpg,https://iiif.dl.itc.u-tokyo.ac.jp/repo/api/items/1381390,"東京大学総合図書館 General Library, The University of Tokyo, JAPAN",http://iiif.io/api/presentation/2#rightToLeftDirection,,総合図書館所蔵青洲文庫,0048,,https://iiif.dl.itc.u-tokyo.ac.jp/repo/iiif/8dd4a438-9e1d-6803-2306-3beba97aa4ec/manifest,,,,,46
竒品家雅見 3巻附録1巻 [3],A00:4507,キヒン カガミ,種樹家 金太,3,[種樹家繁亭],文政10 [1827],和古書,日本語,"見返しの書名: 草木竒品家雅見|見返しに「文政丁亥新鎸」, 「書畫諸名家揮毫冩生」, 「東都 補助染井花屋源二 /撰輯青山種樹家金太」とあり|刊記に「従文政七申秋刱稿同十亥冬開板 青山種樹家繁亭藏」(「金亭」との版元朱印あり)|題簽による巻冊次表示: 天, 地, 人|四周単辺無界7行注文双行, 内匡廓: 21.8×14.5cm, 白口単黒魚尾|頭注あり|付訓あり|印記: 「莊」, 「青洲文庫」(渡辺信)",http://tify.sub.uni-goettingen.de/demo.html?manifest=https://archdataset.dl.itc.u-tokyo.ac.jp/manifest/9779b0c1-a39c-1b5f-10ea-d96a29560a95.json,9779b0c1-a39c-1b5f-10ea-d96a29560a95,https://iiif.dl.itc.u-tokyo.ac.jp/repo/s/seishu/,https://iiif.dl.itc.u-tokyo.ac.jp/repo/s/seishu/document/9779b0c1-a39c-1b5f-10ea-d96a29560a95,https://www.lib.u-tokyo.ac.jp/ja/library/contents/archives-top/reuse,https://iiif.dl.itc.u-tokyo.ac.jp/repo/files/medium/540f9fb37fec17fa2f2cd4d43e01390880580a01.jpg,https://iiif.dl.itc.u-tokyo.ac.jp/repo/api/items/1381389,"東京大学総合図書館 General Library, The University of Tokyo, JAPAN",http://iiif.io/api/presentation/2#rightToLeftDirection,,総合図書館所蔵青洲文庫,0049,,https://iiif.dl.itc.u-tokyo.ac.jp/repo/iiif/9779b0c1-a39c-1b5f-10ea-d96a29560a95/manifest,,,,,45
好色一代女 6巻 [1],A00:4515,コウショク イチダイ オンナ,井原 西鶴,3,[書写者不明],[江戸中期以降],和古書,日本語,"写本|書名は目首による|責任表示は『日本古典籍総合目録データベース』による|大尾に「貞享三丙寅嵗 大坂真齋橋筋呉服町角 林鐘中浣日 書林岡田三郎右衞門版」とあり|題簽による巻冊次表示: 雪, 月, 花|毎半葉12行|付訓あり|拠貞享3(1686)大坂岡田三郎右衞門刊写し|印記: 「關谷所藏」, 「青洲文庫」(渡辺信)",http://tify.sub.uni-goettingen.de/demo.html?manifest=https://archdataset.dl.itc.u-tokyo.ac.jp/manifest/ef479933-2b6e-a3ac-1f99-6b5265ae0b7f.json,ef479933-2b6e-a3ac-1f99-6b5265ae0b7f,https://iiif.dl.itc.u-tokyo.ac.jp/repo/s/seishu/,https://iiif.dl.itc.u-tokyo.ac.jp/repo/s/seishu/document/ef479933-2b6e-a3ac-1f99-6b5265ae0b7f,https://www.lib.u-tokyo.ac.jp/ja/library/contents/archives-top/reuse,https://iiif.dl.itc.u-tokyo.ac.jp/repo/files/medium/9e3f43b63ce88d92e4fefc73b9f58ee94026a75f.jpg,https://iiif.dl.itc.u-tokyo.ac.jp/repo/api/items/1381388,"東京大学総合図書館 General Library, The University of Tokyo, JAPAN",http://iiif.io/api/presentation/2#rightToLeftDirection,,総合図書館所蔵青洲文庫,0050,,https://iiif.dl.itc.u-tokyo.ac.jp/repo/iiif/ef479933-2b6e-a3ac-1f99-6b5265ae0b7f/manifest,,,,,28
好色一代女 6巻 [2],A00:4515,コウショク イチダイ オンナ,井原 西鶴,3,[書写者不明],[江戸中期以降],和古書,日本語,"写本|書名は目首による|責任表示は『日本古典籍総合目録データベース』による|大尾に「貞享三丙寅嵗 大坂真齋橋筋呉服町角 林鐘中浣日 書林岡田三郎右衞門版」とあり|題簽による巻冊次表示: 雪, 月, 花|毎半葉12行|付訓あり|拠貞享3(1686)大坂岡田三郎右衞門刊写し|印記: 「關谷所藏」, 「青洲文庫」(渡辺信)",http://tify.sub.uni-goettingen.de/demo.html?manifest=https://archdataset.dl.itc.u-tokyo.ac.jp/manifest/c929679f-2db1-a027-6900-22cf122a0556.json,c929679f-2db1-a027-6900-22cf122a0556,https://iiif.dl.itc.u-tokyo.ac.jp/repo/s/seishu/,https://iiif.dl.itc.u-tokyo.ac.jp/repo/s/seishu/document/c929679f-2db1-a027-6900-22cf122a0556,https://www.lib.u-tokyo.ac.jp/ja/library/contents/archives-top/reuse,https://iiif.dl.itc.u-tokyo.ac.jp/repo/files/medium/1356c3163d961ae8dd30f8ff6d678897280943da.jpg,https://iiif.dl.itc.u-tokyo.ac.jp/repo/api/items/1381387,"東京大学総合図書館 General Library, The University of Tokyo, JAPAN",http://iiif.io/api/presentation/2#rightToLeftDirection,,総合図書館所蔵青洲文庫,0051,,https://iiif.dl.itc.u-tokyo.ac.jp/repo/iiif/c929679f-2db1-a027-6900-22cf122a0556/manifest,,,,,23
好色一代女 6巻 [3],A00:4515,コウショク イチダイ オンナ,井原 西鶴,3,[書写者不明],[江戸中期以降],和古書,日本語,"写本|書名は目首による|責任表示は『日本古典籍総合目録データベース』による|大尾に「貞享三丙寅嵗 大坂真齋橋筋呉服町角 林鐘中浣日 書林岡田三郎右衞門版」とあり|題簽による巻冊次表示: 雪, 月, 花|毎半葉12行|付訓あり|拠貞享3(1686)大坂岡田三郎右衞門刊写し|印記: 「關谷所藏」, 「青洲文庫」(渡辺信)",http://tify.sub.uni-goettingen.de/demo.html?manifest=https://archdataset.dl.itc.u-tokyo.ac.jp/manifest/ce4dd981-a133-72fd-1863-70f0162f075e.json,ce4dd981-a133-72fd-1863-70f0162f075e,https://iiif.dl.itc.u-tokyo.ac.jp/repo/s/seishu/,https://iiif.dl.itc.u-tokyo.ac.jp/repo/s/seishu/document/ce4dd981-a133-72fd-1863-70f0162f075e,https://www.lib.u-tokyo.ac.jp/ja/library/contents/archives-top/reuse,https://iiif.dl.itc.u-tokyo.ac.jp/repo/files/medium/b5705978739edaac778aa892bc8c7bc517366ac6.jpg,https://iiif.dl.itc.u-tokyo.ac.jp/repo/api/items/1381386,"東京大学総合図書館 General Library, The University of Tokyo, JAPAN",http://iiif.io/api/presentation/2#rightToLeftDirection,,総合図書館所蔵青洲文庫,0052,,https://iiif.dl.itc.u-tokyo.ac.jp/repo/iiif/ce4dd981-a133-72fd-1863-70f0162f075e/manifest,,,,,22
好色一代女 6巻 [4],A00:4515,コウショク イチダイ オンナ,井原 西鶴,3,[書写者不明],[江戸中期以降],和古書,日本語,"写本|書名は目首による|責任表示は『日本古典籍総合目録データベース』による|大尾に「貞享三丙寅嵗 大坂真齋橋筋呉服町角 林鐘中浣日 書林岡田三郎右衞門版」とあり|題簽による巻冊次表示: 雪, 月, 花|毎半葉12行|付訓あり|拠貞享3(1686)大坂岡田三郎右衞門刊写し|印記: 「關谷所藏」, 「青洲文庫」(渡辺信)",http://tify.sub.uni-goettingen.de/demo.html?manifest=https://archdataset.dl.itc.u-tokyo.ac.jp/manifest/e7403844-a5ba-8093-11af-a560c1797528.json,e7403844-a5ba-8093-11af-a560c1797528,https://iiif.dl.itc.u-tokyo.ac.jp/repo/s/seishu/,https://iiif.dl.itc.u-tokyo.ac.jp/repo/s/seishu/document/e7403844-a5ba-8093-11af-a560c1797528,https://www.lib.u-tokyo.ac.jp/ja/library/contents/archives-top/reuse,https://iiif.dl.itc.u-tokyo.ac.jp/repo/files/medium/71507ec69e421621fecab5415f5d0e0274140504.jpg,https://iiif.dl.itc.u-tokyo.ac.jp/repo/api/items/1381385,"東京大学総合図書館 General Library, The University of Tokyo, JAPAN",http://iiif.io/api/presentation/2#rightToLeftDirection,,総合図書館所蔵青洲文庫,0053,,https://iiif.dl.itc.u-tokyo.ac.jp/repo/iiif/e7403844-a5ba-8093-11af-a560c1797528/manifest,,,,,20
好色一代女 6巻 [5],A00:4515,コウショク イチダイ オンナ,井原 西鶴,3,[書写者不明],[江戸中期以降],和古書,日本語,"写本|書名は目首による|責任表示は『日本古典籍総合目録データベース』による|大尾に「貞享三丙寅嵗 大坂真齋橋筋呉服町角 林鐘中浣日 書林岡田三郎右衞門版」とあり|題簽による巻冊次表示: 雪, 月, 花|毎半葉12行|付訓あり|拠貞享3(1686)大坂岡田三郎右衞門刊写し|印記: 「關谷所藏」, 「青洲文庫」(渡辺信)",http://tify.sub.uni-goettingen.de/demo.html?manifest=https://archdataset.dl.itc.u-tokyo.ac.jp/manifest/5687ec16-2e03-05ec-8b12-49dd92a94d39.json,5687ec16-2e03-05ec-8b12-49dd92a94d39,https://iiif.dl.itc.u-tokyo.ac.jp/repo/s/seishu/,https://iiif.dl.itc.u-tokyo.ac.jp/repo/s/seishu/document/5687ec16-2e03-05ec-8b12-49dd92a94d39,https://www.lib.u-tokyo.ac.jp/ja/library/contents/archives-top/reuse,https://iiif.dl.itc.u-tokyo.ac.jp/repo/files/medium/ec6b2aadbd24c3a11ce3ae25515245e5c8e47595.jpg,https://iiif.dl.itc.u-tokyo.ac.jp/repo/api/items/1381384,"東京大学総合図書館 General Library, The University of Tokyo, JAPAN",http://iiif.io/api/presentation/2#rightToLeftDirection,,総合図書館所蔵青洲文庫,0054,,https://iiif.dl.itc.u-tokyo.ac.jp/repo/iiif/5687ec16-2e03-05ec-8b12-49dd92a94d39/manifest,,,,,18
好色一代女 6巻 [6],A00:4515,コウショク イチダイ オンナ,井原 西鶴,3,[書写者不明],[江戸中期以降],和古書,日本語,"写本|書名は目首による|責任表示は『日本古典籍総合目録データベース』による|大尾に「貞享三丙寅嵗 大坂真齋橋筋呉服町角 林鐘中浣日 書林岡田三郎右衞門版」とあり|題簽による巻冊次表示: 雪, 月, 花|毎半葉12行|付訓あり|拠貞享3(1686)大坂岡田三郎右衞門刊写し|印記: 「關谷所藏」, 「青洲文庫」(渡辺信)",http://tify.sub.uni-goettingen.de/demo.html?manifest=https://archdataset.dl.itc.u-tokyo.ac.jp/manifest/d32a0d18-454b-5233-9f8f-2d50cea67d0c.json,d32a0d18-454b-5233-9f8f-2d50cea67d0c,https://iiif.dl.itc.u-tokyo.ac.jp/repo/s/seishu/,https://iiif.dl.itc.u-tokyo.ac.jp/repo/s/seishu/document/d32a0d18-454b-5233-9f8f-2d50cea67d0c,https://www.lib.u-tokyo.ac.jp/ja/library/contents/archives-top/reuse,https://iiif.dl.itc.u-tokyo.ac.jp/repo/files/medium/f7f72a770cc9cc156e4acf0198e2c388f737482b.jpg,https://iiif.dl.itc.u-tokyo.ac.jp/repo/api/items/1381383,"東京大学総合図書館 General Library, The University of Tokyo, JAPAN",http://iiif.io/api/presentation/2#rightToLeftDirection,,総合図書館所蔵青洲文庫,0055,,https://iiif.dl.itc.u-tokyo.ac.jp/repo/iiif/d32a0d18-454b-5233-9f8f-2d50cea67d0c/manifest,,,,,22
新うす雪物語 5巻 [1],A00:4523,シン ウスユキ モノガタリ,柳心,5,向井八三郎,正徳6 [1716],和古書,日本語,"大尾の書名: 新薄雪物語|題簽の書名: 繪入新うす雪物語(巻1), ゑ入新薄雪物語(巻4), ゑ入新うす雪物語(巻5)|内題下に「みやこ賢女鑑」(巻1), 「見屋古賢女鑑」(巻2), 「都賢女鑑」(巻5)|版心の書名: 新うすゆき|刊記に「女筆工 蘭溪筆/繪師 大森善清」, 「正徳六丙申歳正月吉辰/書林 大坂新町西口小濱町河内屋 向井八三郎板行」とあり|四周単辺無界12行, 内匡廓: 21.5×15.4cm, 白口無魚尾|付訓あり|巻5の後見返しに「宇津木政 寛政六秊」(墨筆), 「主月沼倉鹿野氏」(朱筆)とあり|印記: 「青洲文庫」(渡辺信), ほか貸本屋印2顆あり|汚損あり",http://tify.sub.uni-goettingen.de/demo.html?manifest=https://archdataset.dl.itc.u-tokyo.ac.jp/manifest/d14f67d6-3d5c-99c2-0f02-9396c0b28ab8.json,d14f67d6-3d5c-99c2-0f02-9396c0b28ab8,https://iiif.dl.itc.u-tokyo.ac.jp/repo/s/seishu/,https://iiif.dl.itc.u-tokyo.ac.jp/repo/s/seishu/document/d14f67d6-3d5c-99c2-0f02-9396c0b28ab8,https://www.lib.u-tokyo.ac.jp/ja/library/contents/archives-top/reuse,https://iiif.dl.itc.u-tokyo.ac.jp/repo/files/medium/9c9c7d8724f541840931405886edb0f995e83179.jpg,https://iiif.dl.itc.u-tokyo.ac.jp/repo/api/items/1381382,"東京大学総合図書館 General Library, The University of Tokyo, JAPAN",http://iiif.io/api/presentation/2#rightToLeftDirection,,総合図書館所蔵青洲文庫,0056,,https://iiif.dl.itc.u-tokyo.ac.jp/repo/iiif/d14f67d6-3d5c-99c2-0f02-9396c0b28ab8/manifest,,,,,23
新うす雪物語 5巻 [2],A00:4523,シン ウスユキ モノガタリ,柳心,5,向井八三郎,正徳6 [1716],和古書,日本語,"大尾の書名: 新薄雪物語|題簽の書名: 繪入新うす雪物語(巻1), ゑ入新薄雪物語(巻4), ゑ入新うす雪物語(巻5)|内題下に「みやこ賢女鑑」(巻1), 「見屋古賢女鑑」(巻2), 「都賢女鑑」(巻5)|版心の書名: 新うすゆき|刊記に「女筆工 蘭溪筆/繪師 大森善清」, 「正徳六丙申歳正月吉辰/書林 大坂新町西口小濱町河内屋 向井八三郎板行」とあり|四周単辺無界12行, 内匡廓: 21.5×15.4cm, 白口無魚尾|付訓あり|巻5の後見返しに「宇津木政 寛政六秊」(墨筆), 「主月沼倉鹿野氏」(朱筆)とあり|印記: 「青洲文庫」(渡辺信), ほか貸本屋印2顆あり|汚損あり",http://tify.sub.uni-goettingen.de/demo.html?manifest=https://archdataset.dl.itc.u-tokyo.ac.jp/manifest/ccfad888-3022-a16d-9c05-b03d4906439a.json,ccfad888-3022-a16d-9c05-b03d4906439a,https://iiif.dl.itc.u-tokyo.ac.jp/repo/s/seishu/,https://iiif.dl.itc.u-tokyo.ac.jp/repo/s/seishu/document/ccfad888-3022-a16d-9c05-b03d4906439a,https://www.lib.u-tokyo.ac.jp/ja/library/contents/archives-top/reuse,https://iiif.dl.itc.u-tokyo.ac.jp/repo/files/medium/ab6833680c52ba98d45aea75b186fd13a5c20c88.jpg,https://iiif.dl.itc.u-tokyo.ac.jp/repo/api/items/1381381,"東京大学総合図書館 General Library, The University of Tokyo, JAPAN",http://iiif.io/api/presentation/2#rightToLeftDirection,,総合図書館所蔵青洲文庫,0057,,https://iiif.dl.itc.u-tokyo.ac.jp/repo/iiif/ccfad888-3022-a16d-9c05-b03d4906439a/manifest,,,,,20
新うす雪物語 5巻 [3],A00:4523,シン ウスユキ モノガタリ,柳心,5,向井八三郎,正徳6 [1716],和古書,日本語,"大尾の書名: 新薄雪物語|題簽の書名: 繪入新うす雪物語(巻1), ゑ入新薄雪物語(巻4), ゑ入新うす雪物語(巻5)|内題下に「みやこ賢女鑑」(巻1), 「見屋古賢女鑑」(巻2), 「都賢女鑑」(巻5)|版心の書名: 新うすゆき|刊記に「女筆工 蘭溪筆/繪師 大森善清」, 「正徳六丙申歳正月吉辰/書林 大坂新町西口小濱町河内屋 向井八三郎板行」とあり|四周単辺無界12行, 内匡廓: 21.5×15.4cm, 白口無魚尾|付訓あり|巻5の後見返しに「宇津木政 寛政六秊」(墨筆), 「主月沼倉鹿野氏」(朱筆)とあり|印記: 「青洲文庫」(渡辺信), ほか貸本屋印2顆あり|汚損あり",http://tify.sub.uni-goettingen.de/demo.html?manifest=https://archdataset.dl.itc.u-tokyo.ac.jp/manifest/a61cae0b-220f-0f1c-83f5-6027b2342c8a.json,a61cae0b-220f-0f1c-83f5-6027b2342c8a,https://iiif.dl.itc.u-tokyo.ac.jp/repo/s/seishu/,https://iiif.dl.itc.u-tokyo.ac.jp/repo/s/seishu/document/a61cae0b-220f-0f1c-83f5-6027b2342c8a,https://www.lib.u-tokyo.ac.jp/ja/library/contents/archives-top/reuse,https://iiif.dl.itc.u-tokyo.ac.jp/repo/files/medium/99e572f0329956f152cf06af3714dbf78b580af1.jpg,https://iiif.dl.itc.u-tokyo.ac.jp/repo/api/items/1381380,"東京大学総合図書館 General Library, The University of Tokyo, JAPAN",http://iiif.io/api/presentation/2#rightToLeftDirection,,総合図書館所蔵青洲文庫,0058,,https://iiif.dl.itc.u-tokyo.ac.jp/repo/iiif/a61cae0b-220f-0f1c-83f5-6027b2342c8a/manifest,,,,,19
新うす雪物語 5巻 [4],A00:4523,シン ウスユキ モノガタリ,柳心,5,向井八三郎,正徳6 [1716],和古書,日本語,"大尾の書名: 新薄雪物語|題簽の書名: 繪入新うす雪物語(巻1), ゑ入新薄雪物語(巻4), ゑ入新うす雪物語(巻5)|内題下に「みやこ賢女鑑」(巻1), 「見屋古賢女鑑」(巻2), 「都賢女鑑」(巻5)|版心の書名: 新うすゆき|刊記に「女筆工 蘭溪筆/繪師 大森善清」, 「正徳六丙申歳正月吉辰/書林 大坂新町西口小濱町河内屋 向井八三郎板行」とあり|四周単辺無界12行, 内匡廓: 21.5×15.4cm, 白口無魚尾|付訓あり|巻5の後見返しに「宇津木政 寛政六秊」(墨筆), 「主月沼倉鹿野氏」(朱筆)とあり|印記: 「青洲文庫」(渡辺信), ほか貸本屋印2顆あり|汚損あり",http://tify.sub.uni-goettingen.de/demo.html?manifest=https://archdataset.dl.itc.u-tokyo.ac.jp/manifest/0d92753e-54c5-a011-36ef-83af3e3862e7.json,0d92753e-54c5-a011-36ef-83af3e3862e7,https://iiif.dl.itc.u-tokyo.ac.jp/repo/s/seishu/,https://iiif.dl.itc.u-tokyo.ac.jp/repo/s/seishu/document/0d92753e-54c5-a011-36ef-83af3e3862e7,https://www.lib.u-tokyo.ac.jp/ja/library/contents/archives-top/reuse,https://iiif.dl.itc.u-tokyo.ac.jp/repo/files/medium/3071e77894edeb8e63337f8cfd966e08cf011388.jpg,https://iiif.dl.itc.u-tokyo.ac.jp/repo/api/items/1381379,"東京大学総合図書館 General Library, The University of Tokyo, JAPAN",http://iiif.io/api/presentation/2#rightToLeftDirection,,総合図書館所蔵青洲文庫,0059,,https://iiif.dl.itc.u-tokyo.ac.jp/repo/iiif/0d92753e-54c5-a011-36ef-83af3e3862e7/manifest,,,,,20
新うす雪物語 5巻 [5],A00:4523,シン ウスユキ モノガタリ,柳心,5,向井八三郎,正徳6 [1716],和古書,日本語,"大尾の書名: 新薄雪物語|題簽の書名: 繪入新うす雪物語(巻1), ゑ入新薄雪物語(巻4), ゑ入新うす雪物語(巻5)|内題下に「みやこ賢女鑑」(巻1), 「見屋古賢女鑑」(巻2), 「都賢女鑑」(巻5)|版心の書名: 新うすゆき|刊記に「女筆工 蘭溪筆/繪師 大森善清」, 「正徳六丙申歳正月吉辰/書林 大坂新町西口小濱町河内屋 向井八三郎板行」とあり|四周単辺無界12行, 内匡廓: 21.5×15.4cm, 白口無魚尾|付訓あり|巻5の後見返しに「宇津木政 寛政六秊」(墨筆), 「主月沼倉鹿野氏」(朱筆)とあり|印記: 「青洲文庫」(渡辺信), ほか貸本屋印2顆あり|汚損あり",http://tify.sub.uni-goettingen.de/demo.html?manifest=https://archdataset.dl.itc.u-tokyo.ac.jp/manifest/5cd577b5-5913-31c4-784c-db84c4eb770f.json,5cd577b5-5913-31c4-784c-db84c4eb770f,https://iiif.dl.itc.u-tokyo.ac.jp/repo/s/seishu/,https://iiif.dl.itc.u-tokyo.ac.jp/repo/s/seishu/document/5cd577b5-5913-31c4-784c-db84c4eb770f,https://www.lib.u-tokyo.ac.jp/ja/library/contents/archives-top/reuse,https://iiif.dl.itc.u-tokyo.ac.jp/repo/files/medium/a14d6dbfa1fc3b436badfa2d7c513d2ea921eb18.jpg,https://iiif.dl.itc.u-tokyo.ac.jp/repo/api/items/1381378,"東京大学総合図書館 General Library, The University of Tokyo, JAPAN",http://iiif.io/api/presentation/2#rightToLeftDirection,,総合図書館所蔵青洲文庫,0060,,https://iiif.dl.itc.u-tokyo.ac.jp/repo/iiif/5cd577b5-5913-31c4-784c-db84c4eb770f/manifest,,,,,23
新撰卅六貝倭謌,A00:4525,シンセン サンジュウロクカイ ワカ,漁翁,1,[出版者不明],元禄3 [1690] 序,和古書,日本語,序首の書名: 新撰三十六貝倭謌|序中の書名: 新撰三十六貝和歌|表紙の書名(墨書): 三拾六貝和歌|小口貼紙の書名(墨書): 卅六貝倭謌|序末に「于時元禄三庚午歳初春 漁翁等拾之」とあり|四周無辺無界9行|付訓あり|筆彩あり|印記: 「青洲文庫」(渡辺信)|虫損あり (裏打ち補修あり),http://tify.sub.uni-goettingen.de/demo.html?manifest=https://archdataset.dl.itc.u-tokyo.ac.jp/manifest/bd1fec42-8f1a-1722-215a-8eed43e65c12.json,bd1fec42-8f1a-1722-215a-8eed43e65c12,https://iiif.dl.itc.u-tokyo.ac.jp/repo/s/seishu/,https://iiif.dl.itc.u-tokyo.ac.jp/repo/s/seishu/document/bd1fec42-8f1a-1722-215a-8eed43e65c12,https://www.lib.u-tokyo.ac.jp/ja/library/contents/archives-top/reuse,https://iiif.dl.itc.u-tokyo.ac.jp/repo/files/medium/c9c73b51c6ba3dece502b76b9f5449a781076669.jpg,https://iiif.dl.itc.u-tokyo.ac.jp/repo/api/items/1381377,"東京大学総合図書館 General Library, The University of Tokyo, JAPAN",http://iiif.io/api/presentation/2#rightToLeftDirection,,総合図書館所蔵青洲文庫,0061,,https://iiif.dl.itc.u-tokyo.ac.jp/repo/iiif/bd1fec42-8f1a-1722-215a-8eed43e65c12/manifest,,,,,16
好色春画本目録,A00:4624,コウショク シュンガホン モクロク,柳亭 種彦,1,[書写者不明],[幕末明治期],和古書,日本語,写本|内題下に「印本のみ抄り画巻冩夲の類ハ不載」とあり|本文前半を存す (「秋夜長物語」-「好色伊勢物語」)|本文後半を欠く (「好色年男」-「好色優天狗」)|毎半葉10-12行|誤字あり|「南葵文庫」との押型表紙を使用|印記: 「青洲文庫」(渡辺信),http://tify.sub.uni-goettingen.de/demo.html?manifest=https://archdataset.dl.itc.u-tokyo.ac.jp/manifest/d9bde7f5-157a-7c2b-10a0-780002b56aca.json,d9bde7f5-157a-7c2b-10a0-780002b56aca,https://iiif.dl.itc.u-tokyo.ac.jp/repo/s/seishu/,https://iiif.dl.itc.u-tokyo.ac.jp/repo/s/seishu/document/d9bde7f5-157a-7c2b-10a0-780002b56aca,https://www.lib.u-tokyo.ac.jp/ja/library/contents/archives-top/reuse,https://iiif.dl.itc.u-tokyo.ac.jp/repo/files/medium/b87ebad8cac7a59e7b892c87aa18e7fd18049c34.jpg,https://iiif.dl.itc.u-tokyo.ac.jp/repo/api/items/1381376,"東京大学総合図書館 General Library, The University of Tokyo, JAPAN",http://iiif.io/api/presentation/2#rightToLeftDirection,,総合図書館所蔵青洲文庫,0062,,https://iiif.dl.itc.u-tokyo.ac.jp/repo/iiif/d9bde7f5-157a-7c2b-10a0-780002b56aca/manifest,,,,,31
春画好色本目録,A00:4625,シュンガ コウショクボン モクロク,柳亭 種彦,1,[書写者不明],[幕末明治期],和古書,日本語,写本|内題下に「印本のみなり画巻冩夲類ハ不載」とあり|毎半葉12行|挟み付箋2枚あり|「南葵文庫」との押型表紙を使用|印記: 「青洲文庫」(渡辺信),http://tify.sub.uni-goettingen.de/demo.html?manifest=https://archdataset.dl.itc.u-tokyo.ac.jp/manifest/9597d283-93e4-50eb-5df6-47320cd18ba0.json,9597d283-93e4-50eb-5df6-47320cd18ba0,https://iiif.dl.itc.u-tokyo.ac.jp/repo/s/seishu/,https://iiif.dl.itc.u-tokyo.ac.jp/repo/s/seishu/document/9597d283-93e4-50eb-5df6-47320cd18ba0,https://www.lib.u-tokyo.ac.jp/ja/library/contents/archives-top/reuse,https://iiif.dl.itc.u-tokyo.ac.jp/repo/files/medium/8003da27826cd0203e416b9d67b6867d20117130.jpg,https://iiif.dl.itc.u-tokyo.ac.jp/repo/api/items/1381375,"東京大学総合図書館 General Library, The University of Tokyo, JAPAN",http://iiif.io/api/presentation/2#rightToLeftDirection,,総合図書館所蔵青洲文庫,0063,,https://iiif.dl.itc.u-tokyo.ac.jp/repo/iiif/9597d283-93e4-50eb-5df6-47320cd18ba0/manifest,,,,,44
禮書 150巻 (存9巻) [1],A00:4643,レイショ,陳 祥道,2,[出版者不明],[明中葉],和古書,日本語,"版心の書名: 礼書|責任表示は『全國漢籍データベース』による|版心上部に刻字大小及び字数を表示|版心下部に「山」, 「伯」, 「祐」との刻工名あり|左右双辺有界13行21字注文双行, 内匡廓: 21.2×15.7cm, 白口双黒魚尾 (元版は版心下中黒口)|牡丹菊花竹葉唐草文様の椴子帙表紙及び玉小鉤を使用|拠元至正7(1347)刊本重修後印|破損あり",http://tify.sub.uni-goettingen.de/demo.html?manifest=https://archdataset.dl.itc.u-tokyo.ac.jp/manifest/fc8b6565-421c-1b50-30f0-156bd13f6e9f.json,fc8b6565-421c-1b50-30f0-156bd13f6e9f,https://iiif.dl.itc.u-tokyo.ac.jp/repo/s/seishu/,https://iiif.dl.itc.u-tokyo.ac.jp/repo/s/seishu/document/fc8b6565-421c-1b50-30f0-156bd13f6e9f,https://www.lib.u-tokyo.ac.jp/ja/library/contents/archives-top/reuse,https://iiif.dl.itc.u-tokyo.ac.jp/repo/files/medium/73546a347f30bd8f390eecd95e507d6330af9574.jpg,https://iiif.dl.itc.u-tokyo.ac.jp/repo/api/items/1381374,"東京大学総合図書館 General Library, The University of Tokyo, JAPAN",http://iiif.io/api/presentation/2#rightToLeftDirection,,総合図書館所蔵青洲文庫,0064,,https://iiif.dl.itc.u-tokyo.ac.jp/repo/iiif/fc8b6565-421c-1b50-30f0-156bd13f6e9f/manifest,,,,,41
禮書 150巻 (存9巻) [2],A00:4643,レイショ,陳 祥道,2,[出版者不明],[明中葉],和古書,日本語,"版心の書名: 礼書|責任表示は『全國漢籍データベース』による|版心上部に刻字大小及び字数を表示|版心下部に「山」, 「伯」, 「祐」との刻工名あり|左右双辺有界13行21字注文双行, 内匡廓: 21.2×15.7cm, 白口双黒魚尾 (元版は版心下中黒口)|牡丹菊花竹葉唐草文様の椴子帙表紙及び玉小鉤を使用|拠元至正7(1347)刊本重修後印|破損あり",http://tify.sub.uni-goettingen.de/demo.html?manifest=https://archdataset.dl.itc.u-tokyo.ac.jp/manifest/fb5374bf-0165-0b80-7a53-6ca4eb5166ed.json,fb5374bf-0165-0b80-7a53-6ca4eb5166ed,https://iiif.dl.itc.u-tokyo.ac.jp/repo/s/seishu/,https://iiif.dl.itc.u-tokyo.ac.jp/repo/s/seishu/document/fb5374bf-0165-0b80-7a53-6ca4eb5166ed,https://www.lib.u-tokyo.ac.jp/ja/library/contents/archives-top/reuse,https://iiif.dl.itc.u-tokyo.ac.jp/repo/files/medium/07679b9d079309fba559936f004bbf91d0d62af7.jpg,https://iiif.dl.itc.u-tokyo.ac.jp/repo/api/items/1381373,"東京大学総合図書館 General Library, The University of Tokyo, JAPAN",http://iiif.io/api/presentation/2#rightToLeftDirection,,総合図書館所蔵青洲文庫,0065,,https://iiif.dl.itc.u-tokyo.ac.jp/repo/iiif/fb5374bf-0165-0b80-7a53-6ca4eb5166ed/manifest,,,,,41
塵劫記 3巻 (存1巻),A00:4652,ジンコウキ,吉田 光由,1,[吉田光由],[寛永8 (1631)],和古書,日本語,"書名は序首による|序の内題下に「吉田光由」との刻印あり|序に「山城州葛野郡嵯峨村人叓吉田光由頃者介或人扣予柴扉眉毛厮結於是乎自袖裏携十八卷書来被需書名與序跋 予披之観之實筭法霊樞也予問云是誰所作也光由答云我自少時癖筭法而諸家筭法繁者芟之略者詳之集而大成是我所述也 ... 維時寛永四年丁夘秋八月日亀毛舜岳贋納玄光為之序」とあり|序末の書林板元ところに黒塗りあり|版心に「上卷」とあり|上卷目次: 第1-19|四周無辺無界10行序8行15字, 白口無魚尾|序文のルビ及び巻頭図は朱刷|木版|拠寛永4(1627)序刊本補刻|中-下卷を欠く|巻末に「山梨郡下塩後村 廣瀬久左衛門」との墨書あり|印記: 「青洲文庫」(渡辺信)|破損, 汚損あり",http://tify.sub.uni-goettingen.de/demo.html?manifest=https://archdataset.dl.itc.u-tokyo.ac.jp/manifest/2cd7ce0d-0925-448e-a154-12507fd57931.json,2cd7ce0d-0925-448e-a154-12507fd57931,https://iiif.dl.itc.u-tokyo.ac.jp/repo/s/seishu/,https://iiif.dl.itc.u-tokyo.ac.jp/repo/s/seishu/document/2cd7ce0d-0925-448e-a154-12507fd57931,https://www.lib.u-tokyo.ac.jp/ja/library/contents/archives-top/reuse,https://iiif.dl.itc.u-tokyo.ac.jp/repo/files/medium/55156f3338c7fb75cbcbb0aa79d0bae62720deee.jpg,https://iiif.dl.itc.u-tokyo.ac.jp/repo/api/items/1381372,"東京大学総合図書館 General Library, The University of Tokyo, JAPAN",http://iiif.io/api/presentation/2#rightToLeftDirection,,総合図書館所蔵青洲文庫,0066,,https://iiif.dl.itc.u-tokyo.ac.jp/repo/iiif/2cd7ce0d-0925-448e-a154-12507fd57931/manifest,,,,,54
東海道綱目分間之圖 5巻 [1],A00:4683,トウカイドウ コウモク ブンケン ノ ズ,遠近 道印,2,板木屋七郎兵衛,元禄3 [1690] 序,和古書,日本語,折本|書名は冒頭[凡例]による|題簽の書名: [東海道分]間繪圖|冒頭の内題下に「但シ三分壹町之積リ」とあり|序末に「元禄叁歳庚午孟春吉旦 作者 遠近道印/繪師 菱河吉兵衛」とあり|刊記に「大門通新大坂町 板木屋七郎兵衛板」とあり|[卷之1]: 江戸-小田原. 卷之2: 小田原より府中迄. 卷之3: 府中卷吉田迄. 卷之4: 吉田卷龜山迄. 卷之5: 龜山より京迄|おもに図版|色刷|筆彩あり|印記: 「青洲文庫」(渡辺信)|虫損あり (裏打ち補修あり),http://tify.sub.uni-goettingen.de/demo.html?manifest=https://archdataset.dl.itc.u-tokyo.ac.jp/manifest/94f92ae0-82b3-1e1e-7bf5-7a1276b192c8.json,94f92ae0-82b3-1e1e-7bf5-7a1276b192c8,https://iiif.dl.itc.u-tokyo.ac.jp/repo/s/seishu/,https://iiif.dl.itc.u-tokyo.ac.jp/repo/s/seishu/document/94f92ae0-82b3-1e1e-7bf5-7a1276b192c8,https://www.lib.u-tokyo.ac.jp/ja/library/contents/archives-top/reuse,https://iiif.dl.itc.u-tokyo.ac.jp/repo/files/medium/89b03e93a979b97c65909ec90e07d1188ba2f9f0.jpg,https://iiif.dl.itc.u-tokyo.ac.jp/repo/api/items/1381371,"東京大学総合図書館 General Library, The University of Tokyo, JAPAN",http://iiif.io/api/presentation/2#rightToLeftDirection,,総合図書館所蔵青洲文庫,0067,,https://iiif.dl.itc.u-tokyo.ac.jp/repo/iiif/94f92ae0-82b3-1e1e-7bf5-7a1276b192c8/manifest,,,,,51
東海道綱目分間之圖 5巻 [2],A00:4683,トウカイドウ コウモク ブンケン ノ ズ,遠近 道印,2,板木屋七郎兵衛,元禄3 [1690] 序,和古書,日本語,折本|書名は冒頭[凡例]による|題簽の書名: [東海道分]間繪圖|冒頭の内題下に「但シ三分壹町之積リ」とあり|序末に「元禄叁歳庚午孟春吉旦 作者 遠近道印/繪師 菱河吉兵衛」とあり|刊記に「大門通新大坂町 板木屋七郎兵衛板」とあり|[卷之1]: 江戸-小田原. 卷之2: 小田原より府中迄. 卷之3: 府中卷吉田迄. 卷之4: 吉田卷龜山迄. 卷之5: 龜山より京迄|おもに図版|色刷|筆彩あり|印記: 「青洲文庫」(渡辺信)|虫損あり (裏打ち補修あり),http://tify.sub.uni-goettingen.de/demo.html?manifest=https://archdataset.dl.itc.u-tokyo.ac.jp/manifest/acb802c3-0398-8788-75ba-21bee16c6136.json,acb802c3-0398-8788-75ba-21bee16c6136,https://iiif.dl.itc.u-tokyo.ac.jp/repo/s/seishu/,https://iiif.dl.itc.u-tokyo.ac.jp/repo/s/seishu/document/acb802c3-0398-8788-75ba-21bee16c6136,https://www.lib.u-tokyo.ac.jp/ja/library/contents/archives-top/reuse,https://iiif.dl.itc.u-tokyo.ac.jp/repo/files/medium/613db292b38a371b82b379902d8c802207624ab2.jpg,https://iiif.dl.itc.u-tokyo.ac.jp/repo/api/items/1381370,"東京大学総合図書館 General Library, The University of Tokyo, JAPAN",http://iiif.io/api/presentation/2#rightToLeftDirection,,総合図書館所蔵青洲文庫,0068,,https://iiif.dl.itc.u-tokyo.ac.jp/repo/iiif/acb802c3-0398-8788-75ba-21bee16c6136/manifest,,,,,31
屋外乃萩 ; 稲種考,A00:5742,オクガイ ノ ハギ ; イネノタネコウ,堀 秀成,1,[書写者不明],[江戸末期],和古書,日本語,写本|後付題簽の書名: 稻種考|小口貼紙の書名: 屋外之萩|裏表紙に「文久紀元辛酉年孟秋中浣 桃之舎 壽蔵」とあり|毎半葉11行注文双行|頭注あり|付訓あり|漢字平仮名交じり文|朱筆書き入れあり|印記: 「青洲文庫」(渡辺信)|虫損あり,http://tify.sub.uni-goettingen.de/demo.html?manifest=https://archdataset.dl.itc.u-tokyo.ac.jp/manifest/4f97b71b-779b-5ddd-7c38-efe7572d6c82.json,4f97b71b-779b-5ddd-7c38-efe7572d6c82,https://iiif.dl.itc.u-tokyo.ac.jp/repo/s/seishu/,https://iiif.dl.itc.u-tokyo.ac.jp/repo/s/seishu/document/4f97b71b-779b-5ddd-7c38-efe7572d6c82,https://www.lib.u-tokyo.ac.jp/ja/library/contents/archives-top/reuse,https://iiif.dl.itc.u-tokyo.ac.jp/repo/files/medium/b9d01ca4cd5aa7e17b223530d19ae775dcd3aaae.jpg,https://iiif.dl.itc.u-tokyo.ac.jp/repo/api/items/1381369,"東京大学総合図書館 General Library, The University of Tokyo, JAPAN",http://iiif.io/api/presentation/2#rightToLeftDirection,,総合図書館所蔵青洲文庫,0069,,https://iiif.dl.itc.u-tokyo.ac.jp/repo/iiif/4f97b71b-779b-5ddd-7c38-efe7572d6c82/manifest,,,,,24
言靈初傳目録,A00:5743,コトダマ ショデン モクロク,堀 秀成,1,[書写者不明],[江戸末期],和古書,日本語,写本|責任表示は帙題簽による|毎半葉9行注文双行|漢字片仮名交じり文|付訓あり|朱筆書き入れあり|印記: 「青洲文庫」(渡辺寿),http://tify.sub.uni-goettingen.de/demo.html?manifest=https://archdataset.dl.itc.u-tokyo.ac.jp/manifest/c85f56ea-21c6-1a9a-127d-0109b3a051f8.json,c85f56ea-21c6-1a9a-127d-0109b3a051f8,https://iiif.dl.itc.u-tokyo.ac.jp/repo/s/seishu/,https://iiif.dl.itc.u-tokyo.ac.jp/repo/s/seishu/document/c85f56ea-21c6-1a9a-127d-0109b3a051f8,https://www.lib.u-tokyo.ac.jp/ja/library/contents/archives-top/reuse,https://iiif.dl.itc.u-tokyo.ac.jp/repo/files/medium/1cd9f91d63ee68bf75a250cfc81ce4eebe6fa291.jpg,https://iiif.dl.itc.u-tokyo.ac.jp/repo/api/items/1381368,"東京大学総合図書館 General Library, The University of Tokyo, JAPAN",http://iiif.io/api/presentation/2#rightToLeftDirection,,総合図書館所蔵青洲文庫,0070,,https://iiif.dl.itc.u-tokyo.ac.jp/repo/iiif/c85f56ea-21c6-1a9a-127d-0109b3a051f8/manifest,,,,,10
蘿鬘 3巻,A00:5744,ヒカゲノカズラ,堀 秀成,1,[書写者不明],[江戸末期],和古書,日本語,"写本|小口書: ヒカケカツラ|毎半葉13行注文双行|頭注あり|付訓あり|漢字片仮名交じり文|裏表紙に「渡邉壽」とあり|朱引, 朱筆書き入れあり|印記: 「青洲文庫」(渡辺寿)|虫損あり",http://tify.sub.uni-goettingen.de/demo.html?manifest=https://archdataset.dl.itc.u-tokyo.ac.jp/manifest/2797353b-03c9-a754-0165-e9382be2333b.json,2797353b-03c9-a754-0165-e9382be2333b,https://iiif.dl.itc.u-tokyo.ac.jp/repo/s/seishu/,https://iiif.dl.itc.u-tokyo.ac.jp/repo/s/seishu/document/2797353b-03c9-a754-0165-e9382be2333b,https://www.lib.u-tokyo.ac.jp/ja/library/contents/archives-top/reuse,https://iiif.dl.itc.u-tokyo.ac.jp/repo/files/medium/5e0adfb9ca86a1dd6cceb9dcc8d22434db632281.jpg,https://iiif.dl.itc.u-tokyo.ac.jp/repo/api/items/1381367,"東京大学総合図書館 General Library, The University of Tokyo, JAPAN",http://iiif.io/api/presentation/2#rightToLeftDirection,,総合図書館所蔵青洲文庫,0071,,https://iiif.dl.itc.u-tokyo.ac.jp/repo/iiif/2797353b-03c9-a754-0165-e9382be2333b/manifest,,,,,53
玉襷添紐下解,A00:5745,タマダスキ ソエヒモ ゲカイ,堀 秀成,1,[書写者不明],[江戸末期],和古書,日本語,"写本|書名は扉による|責任表示は帙題簽による|扉の裏に「玉襷そへひも下觧を見て紊緇玖吾結而有添紐者不有君而誰可觧」とあり|後付題簽の書名(誤植): 玉襷紐添下解|漢字片仮名交じり文|原表紙に「渡邉壽所藏」とあり|朱引, 朱筆書き入れあり|付箋, 貼紙あり|印記: 「青洲文庫」(渡辺寿)|虫損あり",http://tify.sub.uni-goettingen.de/demo.html?manifest=https://archdataset.dl.itc.u-tokyo.ac.jp/manifest/d971da33-38c3-6d5c-3137-88d5dd0255d7.json,d971da33-38c3-6d5c-3137-88d5dd0255d7,https://iiif.dl.itc.u-tokyo.ac.jp/repo/s/seishu/,https://iiif.dl.itc.u-tokyo.ac.jp/repo/s/seishu/document/d971da33-38c3-6d5c-3137-88d5dd0255d7,https://www.lib.u-tokyo.ac.jp/ja/library/contents/archives-top/reuse,https://iiif.dl.itc.u-tokyo.ac.jp/repo/files/medium/ef538509beeaa608f987ca168f0d08eb789292ba.jpg,https://iiif.dl.itc.u-tokyo.ac.jp/repo/api/items/1381366,"東京大学総合図書館 General Library, The University of Tokyo, JAPAN",http://iiif.io/api/presentation/2#rightToLeftDirection,,総合図書館所蔵青洲文庫,0072,,https://iiif.dl.itc.u-tokyo.ac.jp/repo/iiif/d971da33-38c3-6d5c-3137-88d5dd0255d7/manifest,,,,,27
玉襷添紐,A00:5746,タマダスキ ソエヒモ,堀 秀成,1,[書写者不明],[江戸末期],和古書,日本語,"写本|書名は表紙による|頭注あり|裏表紙に「嘉永五年三月 渡邉壽所藏」とあり|朱引, 朱筆書き入れあり|印記: 「青洲文庫」(渡辺寿)|虫損あり",http://tify.sub.uni-goettingen.de/demo.html?manifest=https://archdataset.dl.itc.u-tokyo.ac.jp/manifest/ade8fd63-1a80-77ea-31b5-0de2e4135fe6.json,ade8fd63-1a80-77ea-31b5-0de2e4135fe6,https://iiif.dl.itc.u-tokyo.ac.jp/repo/s/seishu/,https://iiif.dl.itc.u-tokyo.ac.jp/repo/s/seishu/document/ade8fd63-1a80-77ea-31b5-0de2e4135fe6,https://www.lib.u-tokyo.ac.jp/ja/library/contents/archives-top/reuse,https://iiif.dl.itc.u-tokyo.ac.jp/repo/files/medium/5a1be2c40690f36b1c6f45c94b2d6e346a415851.jpg,https://iiif.dl.itc.u-tokyo.ac.jp/repo/api/items/1381365,"東京大学総合図書館 General Library, The University of Tokyo, JAPAN",http://iiif.io/api/presentation/2#rightToLeftDirection,,総合図書館所蔵青洲文庫,0073,,https://iiif.dl.itc.u-tokyo.ac.jp/repo/iiif/ade8fd63-1a80-77ea-31b5-0de2e4135fe6/manifest,,,,,11
音義本末圖,A00:5747,オンギ ホンマツズ,堀 秀成,1,[書写者不明],[江戸末期],和古書,日本語,"写本|漢字片仮名交じり文|裏表紙に「嘉永五年三月 渡邉壽所藏」とあり|朱引, 朱点, 朱筆書き入れあり|印記: 「青洲文庫」(渡辺寿)",http://tify.sub.uni-goettingen.de/demo.html?manifest=https://archdataset.dl.itc.u-tokyo.ac.jp/manifest/edd82980-4961-74ac-a508-222fd2c4256a.json,edd82980-4961-74ac-a508-222fd2c4256a,https://iiif.dl.itc.u-tokyo.ac.jp/repo/s/seishu/,https://iiif.dl.itc.u-tokyo.ac.jp/repo/s/seishu/document/edd82980-4961-74ac-a508-222fd2c4256a,https://www.lib.u-tokyo.ac.jp/ja/library/contents/archives-top/reuse,https://iiif.dl.itc.u-tokyo.ac.jp/repo/files/medium/2518bf99ad1fa2861bcd42c5e011004d752f8404.jpg,https://iiif.dl.itc.u-tokyo.ac.jp/repo/api/items/1381364,"東京大学総合図書館 General Library, The University of Tokyo, JAPAN",http://iiif.io/api/presentation/2#rightToLeftDirection,,総合図書館所蔵青洲文庫,0074,,https://iiif.dl.itc.u-tokyo.ac.jp/repo/iiif/edd82980-4961-74ac-a508-222fd2c4256a/manifest,,,,,13
玉鉾百首,A00:5748,タマボコ ヒャクシュ,堀 秀成,1,[書写者不明],[江戸末期],和古書,日本語,写本|書名は表紙による|責任表示は帙題簽による|漢字平仮名交じり文|毎半葉5行注文2-3行|頭注あり|裏表紙に「渡邉清蔵」とあり|印記: 「青洲文庫」(渡辺寿)|虫損あり,http://tify.sub.uni-goettingen.de/demo.html?manifest=https://archdataset.dl.itc.u-tokyo.ac.jp/manifest/cfae00e8-76ce-6888-5288-0deefd3363b4.json,cfae00e8-76ce-6888-5288-0deefd3363b4,https://iiif.dl.itc.u-tokyo.ac.jp/repo/s/seishu/,https://iiif.dl.itc.u-tokyo.ac.jp/repo/s/seishu/document/cfae00e8-76ce-6888-5288-0deefd3363b4,https://www.lib.u-tokyo.ac.jp/ja/library/contents/archives-top/reuse,https://iiif.dl.itc.u-tokyo.ac.jp/repo/files/medium/c0ffdd50d5f637276cb8c96a7c117401ff27fc63.jpg,https://iiif.dl.itc.u-tokyo.ac.jp/repo/api/items/1381363,"東京大学総合図書館 General Library, The University of Tokyo, JAPAN",http://iiif.io/api/presentation/2#rightToLeftDirection,,総合図書館所蔵青洲文庫,0075,,https://iiif.dl.itc.u-tokyo.ac.jp/repo/iiif/cfae00e8-76ce-6888-5288-0deefd3363b4/manifest,,,,,20
音義本末考,A00:5749,オンギ ホンマツコウ,富樫 広蔭,1,[書写者不明],[江戸末期],和古書,日本語,"写本|書名は扉による|巻末に「嘉永元申年七月十六日駿河國寮原郡江尻驛海野氏三保松原ノコナタ草稿 同二酉年三月五日陸奥國岩井郡山梅里巨磐氏岩井川ノホトリ再草稿 同年閏四月十五日改中書但同所ニオイテ」とあり|朱引, 朱筆圏点あり|印記: 「西堀氏書」, 「青洲文庫」(渡辺寿)",http://tify.sub.uni-goettingen.de/demo.html?manifest=https://archdataset.dl.itc.u-tokyo.ac.jp/manifest/63d57f84-6580-21ab-8f37-480f817e9db8.json,63d57f84-6580-21ab-8f37-480f817e9db8,https://iiif.dl.itc.u-tokyo.ac.jp/repo/s/seishu/,https://iiif.dl.itc.u-tokyo.ac.jp/repo/s/seishu/document/63d57f84-6580-21ab-8f37-480f817e9db8,https://www.lib.u-tokyo.ac.jp/ja/library/contents/archives-top/reuse,https://iiif.dl.itc.u-tokyo.ac.jp/repo/files/medium/f9dccd17103b383696e6fcacacf41de6030deb25.jpg,https://iiif.dl.itc.u-tokyo.ac.jp/repo/api/items/1381362,"東京大学総合図書館 General Library, The University of Tokyo, JAPAN",http://iiif.io/api/presentation/2#rightToLeftDirection,,総合図書館所蔵青洲文庫,0076,,https://iiif.dl.itc.u-tokyo.ac.jp/repo/iiif/63d57f84-6580-21ab-8f37-480f817e9db8/manifest,,,,,14
玉鉾の本末,A00:5750,タマボコ ノ モトスエ,堀 秀成,1,[書写者不明],[江戸末期],和古書,日本語,写本|表紙の書名: 玉鉾本末|巻末に「本末歌」を付す|毎半葉8行注文双行|表紙に「渡邉壽蔵」とあり|印記: 「青洲文庫」(渡辺寿)|虫損あり,http://tify.sub.uni-goettingen.de/demo.html?manifest=https://archdataset.dl.itc.u-tokyo.ac.jp/manifest/019c44e6-4a0d-19dc-3f10-97791e160ccd.json,019c44e6-4a0d-19dc-3f10-97791e160ccd,https://iiif.dl.itc.u-tokyo.ac.jp/repo/s/seishu/,https://iiif.dl.itc.u-tokyo.ac.jp/repo/s/seishu/document/019c44e6-4a0d-19dc-3f10-97791e160ccd,https://www.lib.u-tokyo.ac.jp/ja/library/contents/archives-top/reuse,https://iiif.dl.itc.u-tokyo.ac.jp/repo/files/medium/af976481bd0e653c72ede568d89859ab292d489d.jpg,https://iiif.dl.itc.u-tokyo.ac.jp/repo/api/items/1381361,"東京大学総合図書館 General Library, The University of Tokyo, JAPAN",http://iiif.io/api/presentation/2#rightToLeftDirection,,総合図書館所蔵青洲文庫,0077,,https://iiif.dl.itc.u-tokyo.ac.jp/repo/iiif/019c44e6-4a0d-19dc-3f10-97791e160ccd/manifest,,,,,19
槙のいた屋,A00:5751,マキ ノ イタヤ,堀 秀成,1,[書写者不明],[幕末明治期],和古書,日本語,"写本|帙題簽の書名: 槇のいた屋|漢字平仮名交じり文|毎半葉9行注文双行|頭注あり|裏表紙に「渡邉壽藏」とあり|胡粉, 朱筆による修正あり|印記: 「青洲文庫」(渡辺寿)",http://tify.sub.uni-goettingen.de/demo.html?manifest=https://archdataset.dl.itc.u-tokyo.ac.jp/manifest/88ac28fe-0a2e-579e-41b4-96d579d39793.json,88ac28fe-0a2e-579e-41b4-96d579d39793,https://iiif.dl.itc.u-tokyo.ac.jp/repo/s/seishu/,https://iiif.dl.itc.u-tokyo.ac.jp/repo/s/seishu/document/88ac28fe-0a2e-579e-41b4-96d579d39793,https://www.lib.u-tokyo.ac.jp/ja/library/contents/archives-top/reuse,https://iiif.dl.itc.u-tokyo.ac.jp/repo/files/medium/4b609ba3cebb16c8dc6526f242703b0994e6b8f9.jpg,https://iiif.dl.itc.u-tokyo.ac.jp/repo/api/items/1381360,"東京大学総合図書館 General Library, The University of Tokyo, JAPAN",http://iiif.io/api/presentation/2#rightToLeftDirection,,総合図書館所蔵青洲文庫,0078,,https://iiif.dl.itc.u-tokyo.ac.jp/repo/iiif/88ac28fe-0a2e-579e-41b4-96d579d39793/manifest,,,,,29
詞八衢捷徑詞玉緒統括辭玉襷,A00:5752,コトバ ノ ヤチマタ ショウケイ コトバ ノ タマノオ ソウカツ テニオハ タマダスキ,富樫 広蔭,1,[堀茂足] [写],[江戸末期],和古書,日本語,"写本|書名は表紙による|巻末に「玉襷爛而辭學半 三更緘而辭漸得 ... 茂足」とあり|裏表紙に「嘉永五年三月 渡邉壽所藏」とあり|朱引, 朱筆書き入れあり|印記: 「青洲文庫」(渡辺寿)",http://tify.sub.uni-goettingen.de/demo.html?manifest=https://archdataset.dl.itc.u-tokyo.ac.jp/manifest/4f41c76c-1125-2cb3-5670-64e5ca5b15f9.json,4f41c76c-1125-2cb3-5670-64e5ca5b15f9,https://iiif.dl.itc.u-tokyo.ac.jp/repo/s/seishu/,https://iiif.dl.itc.u-tokyo.ac.jp/repo/s/seishu/document/4f41c76c-1125-2cb3-5670-64e5ca5b15f9,https://www.lib.u-tokyo.ac.jp/ja/library/contents/archives-top/reuse,https://iiif.dl.itc.u-tokyo.ac.jp/repo/files/medium/4b18fab535ed64ea06706b82b844e86d0a5e5c70.jpg,https://iiif.dl.itc.u-tokyo.ac.jp/repo/api/items/1381359,"東京大学総合図書館 General Library, The University of Tokyo, JAPAN",http://iiif.io/api/presentation/2#rightToLeftDirection,,総合図書館所蔵青洲文庫,0079,,https://iiif.dl.itc.u-tokyo.ac.jp/repo/iiif/4f41c76c-1125-2cb3-5670-64e5ca5b15f9/manifest,,,,,9
改正玉襷添紐,A00:5753,カイセイ ハタマダスキ ソエヒモ,堀 秀成,1,[書写者不明],[江戸末期],和古書,日本語,"写本|書名は表紙による|帙題簽の書名: 玉襷添紐|朱引, 朱筆書き入れあり|印記: 「青洲文庫」(渡辺寿)",http://tify.sub.uni-goettingen.de/demo.html?manifest=https://archdataset.dl.itc.u-tokyo.ac.jp/manifest/4108be92-77da-4e75-6f1f-3c703eab2990.json,4108be92-77da-4e75-6f1f-3c703eab2990,https://iiif.dl.itc.u-tokyo.ac.jp/repo/s/seishu/,https://iiif.dl.itc.u-tokyo.ac.jp/repo/s/seishu/document/4108be92-77da-4e75-6f1f-3c703eab2990,https://www.lib.u-tokyo.ac.jp/ja/library/contents/archives-top/reuse,https://iiif.dl.itc.u-tokyo.ac.jp/repo/files/medium/cc897f849d72b99a5a88518346cfed545f28a38a.jpg,https://iiif.dl.itc.u-tokyo.ac.jp/repo/api/items/1381358,"東京大学総合図書館 General Library, The University of Tokyo, JAPAN",http://iiif.io/api/presentation/2#rightToLeftDirection,,総合図書館所蔵青洲文庫,0080,,https://iiif.dl.itc.u-tokyo.ac.jp/repo/iiif/4108be92-77da-4e75-6f1f-3c703eab2990/manifest,,,,,11
玉襷添紐下解,A00:5754,タマダスキ ソエヒモ ゲカイ,堀 秀成,1,[書写者不明],[江戸末期],和古書,日本語,"写本|書名は表紙による|責任表示は帙題簽による|漢字片仮名交じり文|表紙に「渡邉登所藏」とあり|朱引, 朱筆書き入れあり|印記: 「青洲文庫」(渡辺寿)|虫損あり",http://tify.sub.uni-goettingen.de/demo.html?manifest=https://archdataset.dl.itc.u-tokyo.ac.jp/manifest/218ae7a0-32aa-a61d-841e-16341d976cdc.json,218ae7a0-32aa-a61d-841e-16341d976cdc,https://iiif.dl.itc.u-tokyo.ac.jp/repo/s/seishu/,https://iiif.dl.itc.u-tokyo.ac.jp/repo/s/seishu/document/218ae7a0-32aa-a61d-841e-16341d976cdc,https://www.lib.u-tokyo.ac.jp/ja/library/contents/archives-top/reuse,https://iiif.dl.itc.u-tokyo.ac.jp/repo/files/medium/07020400b0e8e5d4a26e37d3cf1e76e5c9a42e62.jpg,https://iiif.dl.itc.u-tokyo.ac.jp/repo/api/items/1381357,"東京大学総合図書館 General Library, The University of Tokyo, JAPAN",http://iiif.io/api/presentation/2#rightToLeftDirection,,総合図書館所蔵青洲文庫,0081,,https://iiif.dl.itc.u-tokyo.ac.jp/repo/iiif/218ae7a0-32aa-a61d-841e-16341d976cdc/manifest,,,,,23
助辭音義考,A00:5755,ジョジ オンギコウ,堀 秀成,1,[書写者不明],[幕末期],和古書,日本語,"写本|毎半葉8行|頭注あり|漢字平仮名交じり文|裏表紙に「渡邉壽」とあり|朱引, 朱筆書き入れあり|印記: 「青洲文庫」(渡辺寿)|虫損あり",http://tify.sub.uni-goettingen.de/demo.html?manifest=https://archdataset.dl.itc.u-tokyo.ac.jp/manifest/0926a7f1-2bf7-76ba-1985-fb5c87875e81.json,0926a7f1-2bf7-76ba-1985-fb5c87875e81,https://iiif.dl.itc.u-tokyo.ac.jp/repo/s/seishu/,https://iiif.dl.itc.u-tokyo.ac.jp/repo/s/seishu/document/0926a7f1-2bf7-76ba-1985-fb5c87875e81,https://www.lib.u-tokyo.ac.jp/ja/library/contents/archives-top/reuse,https://iiif.dl.itc.u-tokyo.ac.jp/repo/files/medium/3d21b0ab67fcc7d9465f7bd430a678e64fe8a918.jpg,https://iiif.dl.itc.u-tokyo.ac.jp/repo/api/items/1381356,"東京大学総合図書館 General Library, The University of Tokyo, JAPAN",http://iiif.io/api/presentation/2#rightToLeftDirection,,総合図書館所蔵青洲文庫,0082,,https://iiif.dl.itc.u-tokyo.ac.jp/repo/iiif/0926a7f1-2bf7-76ba-1985-fb5c87875e81/manifest,,,,,51
言靈顕證圖,A00:5756,コトダマ ケンショウズ,堀 秀成,1,[書写者不明],[幕末期],和古書,日本語,写本|書名は[序]首による|[序]末に「嘉永六年十月」とあり|朱筆書き入れあり|付箋あり|印記: 「青洲文庫」(渡辺寿),http://tify.sub.uni-goettingen.de/demo.html?manifest=https://archdataset.dl.itc.u-tokyo.ac.jp/manifest/b81b4423-65f4-44ce-8957-48c3bd812583.json,b81b4423-65f4-44ce-8957-48c3bd812583,https://iiif.dl.itc.u-tokyo.ac.jp/repo/s/seishu/,https://iiif.dl.itc.u-tokyo.ac.jp/repo/s/seishu/document/b81b4423-65f4-44ce-8957-48c3bd812583,https://www.lib.u-tokyo.ac.jp/ja/library/contents/archives-top/reuse,https://iiif.dl.itc.u-tokyo.ac.jp/repo/files/medium/3212c690d8511794f295dd76cac100f2370d76f3.jpg,https://iiif.dl.itc.u-tokyo.ac.jp/repo/api/items/1381355,"東京大学総合図書館 General Library, The University of Tokyo, JAPAN",http://iiif.io/api/presentation/2#rightToLeftDirection,,総合図書館所蔵青洲文庫,0083,,https://iiif.dl.itc.u-tokyo.ac.jp/repo/iiif/b81b4423-65f4-44ce-8957-48c3bd812583/manifest,,,,,125
助辭音義考,A00:5757,ジョジ オンギコウ,堀 秀成,1,[書写者不明],[幕末明治期],和古書,日本語,写本|題簽の書名: 助辞音義考|毎半葉10行注文双行|付訓あり|頭注あり|印記: 「青洲文庫」(渡辺信),http://tify.sub.uni-goettingen.de/demo.html?manifest=https://archdataset.dl.itc.u-tokyo.ac.jp/manifest/5b7c22ce-1f5c-70e5-7d5e-9ce61a953acb.json,5b7c22ce-1f5c-70e5-7d5e-9ce61a953acb,https://iiif.dl.itc.u-tokyo.ac.jp/repo/s/seishu/,https://iiif.dl.itc.u-tokyo.ac.jp/repo/s/seishu/document/5b7c22ce-1f5c-70e5-7d5e-9ce61a953acb,https://www.lib.u-tokyo.ac.jp/ja/library/contents/archives-top/reuse,https://iiif.dl.itc.u-tokyo.ac.jp/repo/files/medium/070d58d7a26628cb683faa4d79597c933775921c.jpg,https://iiif.dl.itc.u-tokyo.ac.jp/repo/api/items/1381354,"東京大学総合図書館 General Library, The University of Tokyo, JAPAN",http://iiif.io/api/presentation/2#rightToLeftDirection,,総合図書館所蔵青洲文庫,0084,,https://iiif.dl.itc.u-tokyo.ac.jp/repo/iiif/5b7c22ce-1f5c-70e5-7d5e-9ce61a953acb/manifest,,,,,62
古今集類辭 2巻,A00:5758,コキンシュウ ルイジ,堀 秀成,1,[堀茂足] [自筆],嘉永3 [1850] 識語,和古書,日本語,"写本|巻末識語に「嘉永元申年五月二日美濃國郡上郡八幡ニ初稿同五日眼病閣之同二酉年三月九日陸奥國岩井郡山ノ目再開稿同十五日成同三戌年正月九日ヨリ改補同廾二日全部功成」とあり|毎半葉9行|漢字平仮名交じり文|頭注あり|朱筆書き入れあり|印記: 「青洲文庫」(渡辺寿)|汚損, 糸切れあり",http://tify.sub.uni-goettingen.de/demo.html?manifest=https://archdataset.dl.itc.u-tokyo.ac.jp/manifest/0e9ad29d-7c2f-7a91-8938-094817248327.json,0e9ad29d-7c2f-7a91-8938-094817248327,https://iiif.dl.itc.u-tokyo.ac.jp/repo/s/seishu/,https://iiif.dl.itc.u-tokyo.ac.jp/repo/s/seishu/document/0e9ad29d-7c2f-7a91-8938-094817248327,https://www.lib.u-tokyo.ac.jp/ja/library/contents/archives-top/reuse,https://iiif.dl.itc.u-tokyo.ac.jp/repo/files/medium/d96fc4fc7a4e06325d208e7c4ac5363a3fcbe8b9.jpg,https://iiif.dl.itc.u-tokyo.ac.jp/repo/api/items/1381353,"東京大学総合図書館 General Library, The University of Tokyo, JAPAN",http://iiif.io/api/presentation/2#rightToLeftDirection,,総合図書館所蔵青洲文庫,0085,,https://iiif.dl.itc.u-tokyo.ac.jp/repo/iiif/0e9ad29d-7c2f-7a91-8938-094817248327/manifest,,,,,124
甲府新聞 [1],A00:5784,コウフ シンブン,知新社,2,[内藤傳右衛門],-1873,和古書,日本語,タイトルは題字欄による|出版者変更: 内藤傳右衛門 (9號 (明6.4)-)→知新社 (<24號 (2533 [1873].8)>-37號 (2533 [1873].9.18))→又新社 (38號 (2533 [1873].9.20)-)|刊行頻度変更: 旬刊 (9號 (明6.4)-)→週2回刊 (<26號 (2533 [1873].8.15)>-)|JP/MARCによる注記: 継続後誌: 甲府日日新聞,http://tify.sub.uni-goettingen.de/demo.html?manifest=https://archdataset.dl.itc.u-tokyo.ac.jp/manifest/17e03982-6991-988d-0472-79cd4b979367.json,17e03982-6991-988d-0472-79cd4b979367,https://iiif.dl.itc.u-tokyo.ac.jp/repo/s/seishu/,https://iiif.dl.itc.u-tokyo.ac.jp/repo/s/seishu/document/17e03982-6991-988d-0472-79cd4b979367,https://www.lib.u-tokyo.ac.jp/ja/library/contents/archives-top/reuse,https://iiif.dl.itc.u-tokyo.ac.jp/repo/files/medium/968908f00b0c7ba180e662ecb44aae04ab416f49.jpg,https://iiif.dl.itc.u-tokyo.ac.jp/repo/api/items/1381352,"東京大学総合図書館 General Library, The University of Tokyo, JAPAN",http://iiif.io/api/presentation/2#rightToLeftDirection,,総合図書館所蔵青洲文庫,0086,,https://iiif.dl.itc.u-tokyo.ac.jp/repo/iiif/17e03982-6991-988d-0472-79cd4b979367/manifest,,,,,32
甲府新聞 [2],A00:5784,コウフ シンブン,知新社,2,[内藤傳右衛門],-1873,和古書,日本語,タイトルは題字欄による|出版者変更: 内藤傳右衛門 (9號 (明6.4)-)→知新社 (<24號 (2533 [1873].8)>-37號 (2533 [1873].9.18))→又新社 (38號 (2533 [1873].9.20)-)|刊行頻度変更: 旬刊 (9號 (明6.4)-)→週2回刊 (<26號 (2533 [1873].8.15)>-)|JP/MARCによる注記: 継続後誌: 甲府日日新聞,http://tify.sub.uni-goettingen.de/demo.html?manifest=https://archdataset.dl.itc.u-tokyo.ac.jp/manifest/9cc39643-0f8d-5fb5-0077-55dc6ebc63ff.json,9cc39643-0f8d-5fb5-0077-55dc6ebc63ff,https://iiif.dl.itc.u-tokyo.ac.jp/repo/s/seishu/,https://iiif.dl.itc.u-tokyo.ac.jp/repo/s/seishu/document/9cc39643-0f8d-5fb5-0077-55dc6ebc63ff,https://www.lib.u-tokyo.ac.jp/ja/library/contents/archives-top/reuse,https://iiif.dl.itc.u-tokyo.ac.jp/repo/files/medium/f2e75636ca1ea578d7c6b6ba1d835012741cb10e.jpg,https://iiif.dl.itc.u-tokyo.ac.jp/repo/api/items/1381351,"東京大学総合図書館 General Library, The University of Tokyo, JAPAN",http://iiif.io/api/presentation/2#rightToLeftDirection,,総合図書館所蔵青洲文庫,0087,,https://iiif.dl.itc.u-tokyo.ac.jp/repo/iiif/9cc39643-0f8d-5fb5-0077-55dc6ebc63ff/manifest,,,,,153
論語 10巻,A00:5794,ロンゴ,何 晏,1,[阿佐井野],天文2 [1533] [跋],和古書,日本語,"序中の書名: 論語集解|後付題簽の書名(墨書): 天文版論語|帙題簽の書名(墨書): 天文本論語|[跋]に「泉南有佳士厥名曰阿佐井野一日謂予云東京魯論之板者天下寳也雖然離丙丁厄而灰燼矣是可忍乎今要得家本以重鏤梓若何予云善 ... 天文癸巳八月乙亥 金紫光禄大夫拾遺清原朝臣宣賢法名宗尤」とあり|序末に「今集諸家之善説記其姓名有不安者頗爲改易名曰論語集解 ... 臣何晏等上」とあり|四周単辺有界7行14字, 内匡廓: 20.6×18.0cm, 中黒口単黒魚尾|本文のみ, 集解無し|後印本|原2冊を1冊に合綴|帙題簽に「于水艸堂主人珎藏」, 「經籍訪古志所載舊本」との墨書あり|印記: 「原兼愛印」, 「于水艸坣之印」, 「謁者手薄紀氏藏」, 「青洲文庫」(渡辺信)",http://tify.sub.uni-goettingen.de/demo.html?manifest=https://archdataset.dl.itc.u-tokyo.ac.jp/manifest/de550993-63ba-0d02-5a21-9f086f956876.json,de550993-63ba-0d02-5a21-9f086f956876,https://iiif.dl.itc.u-tokyo.ac.jp/repo/s/seishu/,https://iiif.dl.itc.u-tokyo.ac.jp/repo/s/seishu/document/de550993-63ba-0d02-5a21-9f086f956876,https://www.lib.u-tokyo.ac.jp/ja/library/contents/archives-top/reuse,https://iiif.dl.itc.u-tokyo.ac.jp/repo/files/medium/cc3bf2d3b87bca10988d51f94d6e84f747d5bbc3.jpg,https://iiif.dl.itc.u-tokyo.ac.jp/repo/api/items/1381350,"東京大学総合図書館 General Library, The University of Tokyo, JAPAN",http://iiif.io/api/presentation/2#rightToLeftDirection,,総合図書館所蔵青洲文庫,0088,,https://iiif.dl.itc.u-tokyo.ac.jp/repo/iiif/de550993-63ba-0d02-5a21-9f086f956876/manifest,,,,,94
つれつれ 2巻 [1],A00:5795,ツレズレ,吉田 兼好,2,[出版者不明],慶長18 [1613] 跋,和古書,日本語,"書名は表紙(墨書)による|帙題簽の書名: つれづれ草|書名の繰返し部分は踊り字|[跋]に「這両帖吉田兼好法師燕居之日徒然向暮染筆冩情者也頃泉南亡羊処士箕踞洛之草廬而談李老之虚無説莊生之自然且以晦日對二三子戯講焉加之後将書以命於工鏤於梓而付夫二三子矣越句讀清濁以下俾予糾之予坐好其志忘其醜卒加校訂而己復恐有其遺逸也 慶長癸丑仲秋日 黄門光廣」とあり|古活字版|毎半葉10行|金砂子に花草遠山雲霞見返し, 薄黄紙板表紙を使用|大和綴|印記: 「青洲文庫」(渡辺信)|虫損あり",http://tify.sub.uni-goettingen.de/demo.html?manifest=https://archdataset.dl.itc.u-tokyo.ac.jp/manifest/bb1bc6ed-2cf8-9938-2fff-790b9ca9a3f9.json,bb1bc6ed-2cf8-9938-2fff-790b9ca9a3f9,https://iiif.dl.itc.u-tokyo.ac.jp/repo/s/seishu/,https://iiif.dl.itc.u-tokyo.ac.jp/repo/s/seishu/document/bb1bc6ed-2cf8-9938-2fff-790b9ca9a3f9,https://www.lib.u-tokyo.ac.jp/ja/library/contents/archives-top/reuse,https://iiif.dl.itc.u-tokyo.ac.jp/repo/files/medium/de445a0355eddc3c6a9f8315c82ccb939c2b71f2.jpg,https://iiif.dl.itc.u-tokyo.ac.jp/repo/api/items/1381349,"東京大学総合図書館 General Library, The University of Tokyo, JAPAN",http://iiif.io/api/presentation/2#rightToLeftDirection,,総合図書館所蔵青洲文庫,0089,,https://iiif.dl.itc.u-tokyo.ac.jp/repo/iiif/bb1bc6ed-2cf8-9938-2fff-790b9ca9a3f9/manifest,,,,,104
つれつれ 2巻 [2],A00:5795,ツレズレ,吉田 兼好,2,[出版者不明],慶長18 [1613] 跋,和古書,日本語,"書名は表紙(墨書)による|帙題簽の書名: つれづれ草|書名の繰返し部分は踊り字|[跋]に「這両帖吉田兼好法師燕居之日徒然向暮染筆冩情者也頃泉南亡羊処士箕踞洛之草廬而談李老之虚無説莊生之自然且以晦日對二三子戯講焉加之後将書以命於工鏤於梓而付夫二三子矣越句讀清濁以下俾予糾之予坐好其志忘其醜卒加校訂而己復恐有其遺逸也 慶長癸丑仲秋日 黄門光廣」とあり|古活字版|毎半葉10行|金砂子に花草遠山雲霞見返し, 薄黄紙板表紙を使用|大和綴|印記: 「青洲文庫」(渡辺信)|虫損あり",http://tify.sub.uni-goettingen.de/demo.html?manifest=https://archdataset.dl.itc.u-tokyo.ac.jp/manifest/b481b9e8-825f-97d5-6eea-f74012c51d19.json,b481b9e8-825f-97d5-6eea-f74012c51d19,https://iiif.dl.itc.u-tokyo.ac.jp/repo/s/seishu/,https://iiif.dl.itc.u-tokyo.ac.jp/repo/s/seishu/document/b481b9e8-825f-97d5-6eea-f74012c51d19,https://www.lib.u-tokyo.ac.jp/ja/library/contents/archives-top/reuse,https://iiif.dl.itc.u-tokyo.ac.jp/repo/files/medium/7ef67693788ed73d3342577675af76220785f002.jpg,https://iiif.dl.itc.u-tokyo.ac.jp/repo/api/items/1381348,"東京大学総合図書館 General Library, The University of Tokyo, JAPAN",http://iiif.io/api/presentation/2#rightToLeftDirection,,総合図書館所蔵青洲文庫,0090,,https://iiif.dl.itc.u-tokyo.ac.jp/repo/iiif/b481b9e8-825f-97d5-6eea-f74012c51d19/manifest,,,,,82
曽我物語 12巻 [1],A00:5796,ソガ モノガタリ,,12,[出版者不明],[江戸初期],和古書,日本語,"巻第2-3の巻頭書名: 曽我之物語|版心の書名: 曽我|仮名本|四周双辺無界10行, 内匡廓: 21.5×15.4cm, 黒口双花魚尾|古活字版|巻第1: 1, 18丁. 巻第2: 50丁. 巻3: 45丁. 巻第4: 57丁. 第5巻: 70丁. 巻第6: 49丁. 巻第7: 50丁. 巻第8: 48丁. 巻第9: 49丁. 巻第10: 35丁. 巻第11: 30丁. 巻第12: 31丁|印記: 「青洲文庫」(渡辺信)|虫損あり (裏打ち補修あり)",http://tify.sub.uni-goettingen.de/demo.html?manifest=https://archdataset.dl.itc.u-tokyo.ac.jp/manifest/35671fda-05b7-383a-9c71-26046a8a93fa.json,35671fda-05b7-383a-9c71-26046a8a93fa,https://iiif.dl.itc.u-tokyo.ac.jp/repo/s/seishu/,https://iiif.dl.itc.u-tokyo.ac.jp/repo/s/seishu/document/35671fda-05b7-383a-9c71-26046a8a93fa,https://www.lib.u-tokyo.ac.jp/ja/library/contents/archives-top/reuse,https://iiif.dl.itc.u-tokyo.ac.jp/repo/files/medium/ad43c323dfb060bce9fb94a7f459cfe0cd27d207.jpg,https://iiif.dl.itc.u-tokyo.ac.jp/repo/api/items/1381347,"東京大学総合図書館 General Library, The University of Tokyo, JAPAN",http://iiif.io/api/presentation/2#rightToLeftDirection,,総合図書館所蔵青洲文庫,0091,,https://iiif.dl.itc.u-tokyo.ac.jp/repo/iiif/35671fda-05b7-383a-9c71-26046a8a93fa/manifest,,,,,87
曽我物語 12巻 [2],A00:5796,ソガ モノガタリ,,12,[出版者不明],[江戸初期],和古書,日本語,"巻第2-3の巻頭書名: 曽我之物語|版心の書名: 曽我|仮名本|四周双辺無界10行, 内匡廓: 21.5×15.4cm, 黒口双花魚尾|古活字版|巻第1: 1, 18丁. 巻第2: 50丁. 巻3: 45丁. 巻第4: 57丁. 第5巻: 70丁. 巻第6: 49丁. 巻第7: 50丁. 巻第8: 48丁. 巻第9: 49丁. 巻第10: 35丁. 巻第11: 30丁. 巻第12: 31丁|印記: 「青洲文庫」(渡辺信)|虫損あり (裏打ち補修あり)",http://tify.sub.uni-goettingen.de/demo.html?manifest=https://archdataset.dl.itc.u-tokyo.ac.jp/manifest/c31a39dc-a3ac-4d88-6b7b-8ae5116c7a66.json,c31a39dc-a3ac-4d88-6b7b-8ae5116c7a66,https://iiif.dl.itc.u-tokyo.ac.jp/repo/s/seishu/,https://iiif.dl.itc.u-tokyo.ac.jp/repo/s/seishu/document/c31a39dc-a3ac-4d88-6b7b-8ae5116c7a66,https://www.lib.u-tokyo.ac.jp/ja/library/contents/archives-top/reuse,https://iiif.dl.itc.u-tokyo.ac.jp/repo/files/medium/0b8afb0478f368b0ba293df63245dc9f4be8e2aa.jpg,https://iiif.dl.itc.u-tokyo.ac.jp/repo/api/items/1381346,"東京大学総合図書館 General Library, The University of Tokyo, JAPAN",http://iiif.io/api/presentation/2#rightToLeftDirection,,総合図書館所蔵青洲文庫,0092,,https://iiif.dl.itc.u-tokyo.ac.jp/repo/iiif/c31a39dc-a3ac-4d88-6b7b-8ae5116c7a66/manifest,,,,,53
曽我物語 12巻 [3],A00:5796,ソガ モノガタリ,,12,[出版者不明],[江戸初期],和古書,日本語,"巻第2-3の巻頭書名: 曽我之物語|版心の書名: 曽我|仮名本|四周双辺無界10行, 内匡廓: 21.5×15.4cm, 黒口双花魚尾|古活字版|巻第1: 1, 18丁. 巻第2: 50丁. 巻3: 45丁. 巻第4: 57丁. 第5巻: 70丁. 巻第6: 49丁. 巻第7: 50丁. 巻第8: 48丁. 巻第9: 49丁. 巻第10: 35丁. 巻第11: 30丁. 巻第12: 31丁|印記: 「青洲文庫」(渡辺信)|虫損あり (裏打ち補修あり)",http://tify.sub.uni-goettingen.de/demo.html?manifest=https://archdataset.dl.itc.u-tokyo.ac.jp/manifest/1ffe5fce-1f7a-2977-77b9-d80907518c08.json,1ffe5fce-1f7a-2977-77b9-d80907518c08,https://iiif.dl.itc.u-tokyo.ac.jp/repo/s/seishu/,https://iiif.dl.itc.u-tokyo.ac.jp/repo/s/seishu/document/1ffe5fce-1f7a-2977-77b9-d80907518c08,https://www.lib.u-tokyo.ac.jp/ja/library/contents/archives-top/reuse,https://iiif.dl.itc.u-tokyo.ac.jp/repo/files/medium/c8eca92b68f69139c2c4b7bc58436e8b2465d59c.jpg,https://iiif.dl.itc.u-tokyo.ac.jp/repo/api/items/1381345,"東京大学総合図書館 General Library, The University of Tokyo, JAPAN",http://iiif.io/api/presentation/2#rightToLeftDirection,,総合図書館所蔵青洲文庫,0093,,https://iiif.dl.itc.u-tokyo.ac.jp/repo/iiif/1ffe5fce-1f7a-2977-77b9-d80907518c08/manifest,,,,,48
曽我物語 12巻 [4],A00:5796,ソガ モノガタリ,,12,[出版者不明],[江戸初期],和古書,日本語,"巻第2-3の巻頭書名: 曽我之物語|版心の書名: 曽我|仮名本|四周双辺無界10行, 内匡廓: 21.5×15.4cm, 黒口双花魚尾|古活字版|巻第1: 1, 18丁. 巻第2: 50丁. 巻3: 45丁. 巻第4: 57丁. 第5巻: 70丁. 巻第6: 49丁. 巻第7: 50丁. 巻第8: 48丁. 巻第9: 49丁. 巻第10: 35丁. 巻第11: 30丁. 巻第12: 31丁|印記: 「青洲文庫」(渡辺信)|虫損あり (裏打ち補修あり)",http://tify.sub.uni-goettingen.de/demo.html?manifest=https://archdataset.dl.itc.u-tokyo.ac.jp/manifest/a5d3f876-715c-787c-5d36-2c316aa6496a.json,a5d3f876-715c-787c-5d36-2c316aa6496a,https://iiif.dl.itc.u-tokyo.ac.jp/repo/s/seishu/,https://iiif.dl.itc.u-tokyo.ac.jp/repo/s/seishu/document/a5d3f876-715c-787c-5d36-2c316aa6496a,https://www.lib.u-tokyo.ac.jp/ja/library/contents/archives-top/reuse,https://iiif.dl.itc.u-tokyo.ac.jp/repo/files/medium/f2c9afcfd4553fb7db3cfc577ae37d89f4d66179.jpg,https://iiif.dl.itc.u-tokyo.ac.jp/repo/api/items/1381344,"東京大学総合図書館 General Library, The University of Tokyo, JAPAN",http://iiif.io/api/presentation/2#rightToLeftDirection,,総合図書館所蔵青洲文庫,0094,,https://iiif.dl.itc.u-tokyo.ac.jp/repo/iiif/a5d3f876-715c-787c-5d36-2c316aa6496a/manifest,,,,,59
曽我物語 12巻 [5],A00:5796,ソガ モノガタリ,,12,[出版者不明],[江戸初期],和古書,日本語,"巻第2-3の巻頭書名: 曽我之物語|版心の書名: 曽我|仮名本|四周双辺無界10行, 内匡廓: 21.5×15.4cm, 黒口双花魚尾|古活字版|巻第1: 1, 18丁. 巻第2: 50丁. 巻3: 45丁. 巻第4: 57丁. 第5巻: 70丁. 巻第6: 49丁. 巻第7: 50丁. 巻第8: 48丁. 巻第9: 49丁. 巻第10: 35丁. 巻第11: 30丁. 巻第12: 31丁|印記: 「青洲文庫」(渡辺信)|虫損あり (裏打ち補修あり)",http://tify.sub.uni-goettingen.de/demo.html?manifest=https://archdataset.dl.itc.u-tokyo.ac.jp/manifest/a73c843c-9756-8753-a663-f1af04626fcf.json,a73c843c-9756-8753-a663-f1af04626fcf,https://iiif.dl.itc.u-tokyo.ac.jp/repo/s/seishu/,https://iiif.dl.itc.u-tokyo.ac.jp/repo/s/seishu/document/a73c843c-9756-8753-a663-f1af04626fcf,https://www.lib.u-tokyo.ac.jp/ja/library/contents/archives-top/reuse,https://iiif.dl.itc.u-tokyo.ac.jp/repo/files/medium/058e92ed409a1501440023ef9e8cca8aa60f1196.jpg,https://iiif.dl.itc.u-tokyo.ac.jp/repo/api/items/1381343,"東京大学総合図書館 General Library, The University of Tokyo, JAPAN",http://iiif.io/api/presentation/2#rightToLeftDirection,,総合図書館所蔵青洲文庫,0095,,https://iiif.dl.itc.u-tokyo.ac.jp/repo/iiif/a73c843c-9756-8753-a663-f1af04626fcf/manifest,,,,,73
曽我物語 12巻 [6],A00:5796,ソガ モノガタリ,,12,[出版者不明],[江戸初期],和古書,日本語,"巻第2-3の巻頭書名: 曽我之物語|版心の書名: 曽我|仮名本|四周双辺無界10行, 内匡廓: 21.5×15.4cm, 黒口双花魚尾|古活字版|巻第1: 1, 18丁. 巻第2: 50丁. 巻3: 45丁. 巻第4: 57丁. 第5巻: 70丁. 巻第6: 49丁. 巻第7: 50丁. 巻第8: 48丁. 巻第9: 49丁. 巻第10: 35丁. 巻第11: 30丁. 巻第12: 31丁|印記: 「青洲文庫」(渡辺信)|虫損あり (裏打ち補修あり)",http://tify.sub.uni-goettingen.de/demo.html?manifest=https://archdataset.dl.itc.u-tokyo.ac.jp/manifest/35fb7dad-8473-2b98-54b1-78c50144a6dd.json,35fb7dad-8473-2b98-54b1-78c50144a6dd,https://iiif.dl.itc.u-tokyo.ac.jp/repo/s/seishu/,https://iiif.dl.itc.u-tokyo.ac.jp/repo/s/seishu/document/35fb7dad-8473-2b98-54b1-78c50144a6dd,https://www.lib.u-tokyo.ac.jp/ja/library/contents/archives-top/reuse,https://iiif.dl.itc.u-tokyo.ac.jp/repo/files/medium/943ef25de6511af2887b418a016b9d6a78f3ef5c.jpg,https://iiif.dl.itc.u-tokyo.ac.jp/repo/api/items/1381342,"東京大学総合図書館 General Library, The University of Tokyo, JAPAN",http://iiif.io/api/presentation/2#rightToLeftDirection,,総合図書館所蔵青洲文庫,0096,,https://iiif.dl.itc.u-tokyo.ac.jp/repo/iiif/35fb7dad-8473-2b98-54b1-78c50144a6dd/manifest,,,,,52
曽我物語 12巻 [7],A00:5796,ソガ モノガタリ,,12,[出版者不明],[江戸初期],和古書,日本語,"巻第2-3の巻頭書名: 曽我之物語|版心の書名: 曽我|仮名本|四周双辺無界10行, 内匡廓: 21.5×15.4cm, 黒口双花魚尾|古活字版|巻第1: 1, 18丁. 巻第2: 50丁. 巻3: 45丁. 巻第4: 57丁. 第5巻: 70丁. 巻第6: 49丁. 巻第7: 50丁. 巻第8: 48丁. 巻第9: 49丁. 巻第10: 35丁. 巻第11: 30丁. 巻第12: 31丁|印記: 「青洲文庫」(渡辺信)|虫損あり (裏打ち補修あり)",http://tify.sub.uni-goettingen.de/demo.html?manifest=https://archdataset.dl.itc.u-tokyo.ac.jp/manifest/9afc80fd-2870-7fa2-58c7-0abd19177fa0.json,9afc80fd-2870-7fa2-58c7-0abd19177fa0,https://iiif.dl.itc.u-tokyo.ac.jp/repo/s/seishu/,https://iiif.dl.itc.u-tokyo.ac.jp/repo/s/seishu/document/9afc80fd-2870-7fa2-58c7-0abd19177fa0,https://www.lib.u-tokyo.ac.jp/ja/library/contents/archives-top/reuse,https://iiif.dl.itc.u-tokyo.ac.jp/repo/files/medium/80b5c3038adec249460d6d531a7aace89e76d9c7.jpg,https://iiif.dl.itc.u-tokyo.ac.jp/repo/api/items/1381341,"東京大学総合図書館 General Library, The University of Tokyo, JAPAN",http://iiif.io/api/presentation/2#rightToLeftDirection,,総合図書館所蔵青洲文庫,0097,,https://iiif.dl.itc.u-tokyo.ac.jp/repo/iiif/9afc80fd-2870-7fa2-58c7-0abd19177fa0/manifest,,,,,52
曽我物語 12巻 [8],A00:5796,ソガ モノガタリ,,12,[出版者不明],[江戸初期],和古書,日本語,"巻第2-3の巻頭書名: 曽我之物語|版心の書名: 曽我|仮名本|四周双辺無界10行, 内匡廓: 21.5×15.4cm, 黒口双花魚尾|古活字版|巻第1: 1, 18丁. 巻第2: 50丁. 巻3: 45丁. 巻第4: 57丁. 第5巻: 70丁. 巻第6: 49丁. 巻第7: 50丁. 巻第8: 48丁. 巻第9: 49丁. 巻第10: 35丁. 巻第11: 30丁. 巻第12: 31丁|印記: 「青洲文庫」(渡辺信)|虫損あり (裏打ち補修あり)",http://tify.sub.uni-goettingen.de/demo.html?manifest=https://archdataset.dl.itc.u-tokyo.ac.jp/manifest/d83e82f4-08cf-6f19-9901-01c9d67b035c.json,d83e82f4-08cf-6f19-9901-01c9d67b035c,https://iiif.dl.itc.u-tokyo.ac.jp/repo/s/seishu/,https://iiif.dl.itc.u-tokyo.ac.jp/repo/s/seishu/document/d83e82f4-08cf-6f19-9901-01c9d67b035c,https://www.lib.u-tokyo.ac.jp/ja/library/contents/archives-top/reuse,https://iiif.dl.itc.u-tokyo.ac.jp/repo/files/medium/733d17544a3583b2448d7472f5e728f953c2572a.jpg,https://iiif.dl.itc.u-tokyo.ac.jp/repo/api/items/1381340,"東京大学総合図書館 General Library, The University of Tokyo, JAPAN",http://iiif.io/api/presentation/2#rightToLeftDirection,,総合図書館所蔵青洲文庫,0098,,https://iiif.dl.itc.u-tokyo.ac.jp/repo/iiif/d83e82f4-08cf-6f19-9901-01c9d67b035c/manifest,,,,,51
曽我物語 12巻 [9],A00:5796,ソガ モノガタリ,,12,[出版者不明],[江戸初期],和古書,日本語,"巻第2-3の巻頭書名: 曽我之物語|版心の書名: 曽我|仮名本|四周双辺無界10行, 内匡廓: 21.5×15.4cm, 黒口双花魚尾|古活字版|巻第1: 1, 18丁. 巻第2: 50丁. 巻3: 45丁. 巻第4: 57丁. 第5巻: 70丁. 巻第6: 49丁. 巻第7: 50丁. 巻第8: 48丁. 巻第9: 49丁. 巻第10: 35丁. 巻第11: 30丁. 巻第12: 31丁|印記: 「青洲文庫」(渡辺信)|虫損あり (裏打ち補修あり)",http://tify.sub.uni-goettingen.de/demo.html?manifest=https://archdataset.dl.itc.u-tokyo.ac.jp/manifest/2f649cce-9cf5-5d8d-8ebe-4b41ebc66796.json,2f649cce-9cf5-5d8d-8ebe-4b41ebc66796,https://iiif.dl.itc.u-tokyo.ac.jp/repo/s/seishu/,https://iiif.dl.itc.u-tokyo.ac.jp/repo/s/seishu/document/2f649cce-9cf5-5d8d-8ebe-4b41ebc66796,https://www.lib.u-tokyo.ac.jp/ja/library/contents/archives-top/reuse,https://iiif.dl.itc.u-tokyo.ac.jp/repo/files/medium/105a993f0ece7c668f1a07b57ecb0443edcd010c.jpg,https://iiif.dl.itc.u-tokyo.ac.jp/repo/api/items/1381339,"東京大学総合図書館 General Library, The University of Tokyo, JAPAN",http://iiif.io/api/presentation/2#rightToLeftDirection,,総合図書館所蔵青洲文庫,0099,,https://iiif.dl.itc.u-tokyo.ac.jp/repo/iiif/2f649cce-9cf5-5d8d-8ebe-4b41ebc66796/manifest,,,,,52
曽我物語 12巻 [10],A00:5796,ソガ モノガタリ,,12,[出版者不明],[江戸初期],和古書,日本語,"巻第2-3の巻頭書名: 曽我之物語|版心の書名: 曽我|仮名本|四周双辺無界10行, 内匡廓: 21.5×15.4cm, 黒口双花魚尾|古活字版|巻第1: 1, 18丁. 巻第2: 50丁. 巻3: 45丁. 巻第4: 57丁. 第5巻: 70丁. 巻第6: 49丁. 巻第7: 50丁. 巻第8: 48丁. 巻第9: 49丁. 巻第10: 35丁. 巻第11: 30丁. 巻第12: 31丁|印記: 「青洲文庫」(渡辺信)|虫損あり (裏打ち補修あり)",http://tify.sub.uni-goettingen.de/demo.html?manifest=https://archdataset.dl.itc.u-tokyo.ac.jp/manifest/01fe71b8-6688-80e6-a64c-df4ac6190ace.json,01fe71b8-6688-80e6-a64c-df4ac6190ace,https://iiif.dl.itc.u-tokyo.ac.jp/repo/s/seishu/,https://iiif.dl.itc.u-tokyo.ac.jp/repo/s/seishu/document/01fe71b8-6688-80e6-a64c-df4ac6190ace,https://www.lib.u-tokyo.ac.jp/ja/library/contents/archives-top/reuse,https://iiif.dl.itc.u-tokyo.ac.jp/repo/files/medium/215067c57bc201517448554c30625cea97703af3.jpg,https://iiif.dl.itc.u-tokyo.ac.jp/repo/api/items/1381338,"東京大学総合図書館 General Library, The University of Tokyo, JAPAN",http://iiif.io/api/presentation/2#rightToLeftDirection,,総合図書館所蔵青洲文庫,0100,,https://iiif.dl.itc.u-tokyo.ac.jp/repo/iiif/01fe71b8-6688-80e6-a64c-df4ac6190ace/manifest,,,,,38
曽我物語 12巻 [11],A00:5796,ソガ モノガタリ,,12,[出版者不明],[江戸初期],和古書,日本語,"巻第2-3の巻頭書名: 曽我之物語|版心の書名: 曽我|仮名本|四周双辺無界10行, 内匡廓: 21.5×15.4cm, 黒口双花魚尾|古活字版|巻第1: 1, 18丁. 巻第2: 50丁. 巻3: 45丁. 巻第4: 57丁. 第5巻: 70丁. 巻第6: 49丁. 巻第7: 50丁. 巻第8: 48丁. 巻第9: 49丁. 巻第10: 35丁. 巻第11: 30丁. 巻第12: 31丁|印記: 「青洲文庫」(渡辺信)|虫損あり (裏打ち補修あり)",http://tify.sub.uni-goettingen.de/demo.html?manifest=https://archdataset.dl.itc.u-tokyo.ac.jp/manifest/ad4a5018-47b0-29b5-878d-88064784a4d6.json,ad4a5018-47b0-29b5-878d-88064784a4d6,https://iiif.dl.itc.u-tokyo.ac.jp/repo/s/seishu/,https://iiif.dl.itc.u-tokyo.ac.jp/repo/s/seishu/document/ad4a5018-47b0-29b5-878d-88064784a4d6,https://www.lib.u-tokyo.ac.jp/ja/library/contents/archives-top/reuse,https://iiif.dl.itc.u-tokyo.ac.jp/repo/files/medium/1222255f32f44c31fe8fe3030d58167693d4c710.jpg,https://iiif.dl.itc.u-tokyo.ac.jp/repo/api/items/1381337,"東京大学総合図書館 General Library, The University of Tokyo, JAPAN",http://iiif.io/api/presentation/2#rightToLeftDirection,,総合図書館所蔵青洲文庫,0101,,https://iiif.dl.itc.u-tokyo.ac.jp/repo/iiif/ad4a5018-47b0-29b5-878d-88064784a4d6/manifest,,,,,33
曽我物語 12巻 [12],A00:5796,ソガ モノガタリ,,12,[出版者不明],[江戸初期],和古書,日本語,"巻第2-3の巻頭書名: 曽我之物語|版心の書名: 曽我|仮名本|四周双辺無界10行, 内匡廓: 21.5×15.4cm, 黒口双花魚尾|古活字版|巻第1: 1, 18丁. 巻第2: 50丁. 巻3: 45丁. 巻第4: 57丁. 第5巻: 70丁. 巻第6: 49丁. 巻第7: 50丁. 巻第8: 48丁. 巻第9: 49丁. 巻第10: 35丁. 巻第11: 30丁. 巻第12: 31丁|印記: 「青洲文庫」(渡辺信)|虫損あり (裏打ち補修あり)",http://tify.sub.uni-goettingen.de/demo.html?manifest=https://archdataset.dl.itc.u-tokyo.ac.jp/manifest/0424656a-a320-54f1-574d-8b1398d0232f.json,0424656a-a320-54f1-574d-8b1398d0232f,https://iiif.dl.itc.u-tokyo.ac.jp/repo/s/seishu/,https://iiif.dl.itc.u-tokyo.ac.jp/repo/s/seishu/document/0424656a-a320-54f1-574d-8b1398d0232f,https://www.lib.u-tokyo.ac.jp/ja/library/contents/archives-top/reuse,https://iiif.dl.itc.u-tokyo.ac.jp/repo/files/medium/19994441385471cf80e1cea44447bf3478c093a7.jpg,https://iiif.dl.itc.u-tokyo.ac.jp/repo/api/items/1381336,"東京大学総合図書館 General Library, The University of Tokyo, JAPAN",http://iiif.io/api/presentation/2#rightToLeftDirection,,総合図書館所蔵青洲文庫,0102,,https://iiif.dl.itc.u-tokyo.ac.jp/repo/iiif/0424656a-a320-54f1-574d-8b1398d0232f/manifest,,,,,34
中華若木詩抄 4巻 [1],A00:5797,チュウカ ジャクボク シショウ,如月,4,[出版者不明],[江戸前期],和古書,日本語,"題簽の書名(墨書): 若木詩集抄|小口書: 中華|内題下に「東山如月和尚註」とあり|卷之1: 荀鶴(聞子規)-梁鍠(傀儡). 卷之2: 天隱(扇面)-村菴(題畫). 卷之3: 徐淵于子(自笑)-李太白(洞庭). 卷之4: 村菴(花下)-天隱(奉和相公看楓和歌)|四周双辺無界9行18字注文双行, 内匡廓: 22.3×16.4cm, 黒口双花魚尾|古活字版|墨筆付訓あり|印記: 「青洲文庫」(渡辺信)|虫損あり (裏打ち補修あり)",http://tify.sub.uni-goettingen.de/demo.html?manifest=https://archdataset.dl.itc.u-tokyo.ac.jp/manifest/438e681b-6c2e-5b3d-0769-92d2f0f566a4.json,438e681b-6c2e-5b3d-0769-92d2f0f566a4,https://iiif.dl.itc.u-tokyo.ac.jp/repo/s/seishu/,https://iiif.dl.itc.u-tokyo.ac.jp/repo/s/seishu/document/438e681b-6c2e-5b3d-0769-92d2f0f566a4,https://www.lib.u-tokyo.ac.jp/ja/library/contents/archives-top/reuse,https://iiif.dl.itc.u-tokyo.ac.jp/repo/files/medium/9c5fea53166dbbf34f5813ad67a9bb2facccb296.jpg,https://iiif.dl.itc.u-tokyo.ac.jp/repo/api/items/1381335,"東京大学総合図書館 General Library, The University of Tokyo, JAPAN",http://iiif.io/api/presentation/2#rightToLeftDirection,,総合図書館所蔵青洲文庫,0103,,https://iiif.dl.itc.u-tokyo.ac.jp/repo/iiif/438e681b-6c2e-5b3d-0769-92d2f0f566a4/manifest,,,,,49
中華若木詩抄 4巻 [2],A00:5797,チュウカ ジャクボク シショウ,如月,4,[出版者不明],[江戸前期],和古書,日本語,"題簽の書名(墨書): 若木詩集抄|小口書: 中華|内題下に「東山如月和尚註」とあり|卷之1: 荀鶴(聞子規)-梁鍠(傀儡). 卷之2: 天隱(扇面)-村菴(題畫). 卷之3: 徐淵于子(自笑)-李太白(洞庭). 卷之4: 村菴(花下)-天隱(奉和相公看楓和歌)|四周双辺無界9行18字注文双行, 内匡廓: 22.3×16.4cm, 黒口双花魚尾|古活字版|墨筆付訓あり|印記: 「青洲文庫」(渡辺信)|虫損あり (裏打ち補修あり)",http://tify.sub.uni-goettingen.de/demo.html?manifest=https://archdataset.dl.itc.u-tokyo.ac.jp/manifest/7e4b8587-184b-6d63-4b61-45bde7b84897.json,7e4b8587-184b-6d63-4b61-45bde7b84897,https://iiif.dl.itc.u-tokyo.ac.jp/repo/s/seishu/,https://iiif.dl.itc.u-tokyo.ac.jp/repo/s/seishu/document/7e4b8587-184b-6d63-4b61-45bde7b84897,https://www.lib.u-tokyo.ac.jp/ja/library/contents/archives-top/reuse,https://iiif.dl.itc.u-tokyo.ac.jp/repo/files/medium/0180860fd2da9281737b81a1935264386161fdf4.jpg,https://iiif.dl.itc.u-tokyo.ac.jp/repo/api/items/1381334,"東京大学総合図書館 General Library, The University of Tokyo, JAPAN",http://iiif.io/api/presentation/2#rightToLeftDirection,,総合図書館所蔵青洲文庫,0104,,https://iiif.dl.itc.u-tokyo.ac.jp/repo/iiif/7e4b8587-184b-6d63-4b61-45bde7b84897/manifest,,,,,48
中華若木詩抄 4巻 [3],A00:5797,チュウカ ジャクボク シショウ,如月,4,[出版者不明],[江戸前期],和古書,日本語,"題簽の書名(墨書): 若木詩集抄|小口書: 中華|内題下に「東山如月和尚註」とあり|卷之1: 荀鶴(聞子規)-梁鍠(傀儡). 卷之2: 天隱(扇面)-村菴(題畫). 卷之3: 徐淵于子(自笑)-李太白(洞庭). 卷之4: 村菴(花下)-天隱(奉和相公看楓和歌)|四周双辺無界9行18字注文双行, 内匡廓: 22.3×16.4cm, 黒口双花魚尾|古活字版|墨筆付訓あり|印記: 「青洲文庫」(渡辺信)|虫損あり (裏打ち補修あり)",http://tify.sub.uni-goettingen.de/demo.html?manifest=https://archdataset.dl.itc.u-tokyo.ac.jp/manifest/99b9bee9-9070-060f-78b4-1b532c2783c6.json,99b9bee9-9070-060f-78b4-1b532c2783c6,https://iiif.dl.itc.u-tokyo.ac.jp/repo/s/seishu/,https://iiif.dl.itc.u-tokyo.ac.jp/repo/s/seishu/document/99b9bee9-9070-060f-78b4-1b532c2783c6,https://www.lib.u-tokyo.ac.jp/ja/library/contents/archives-top/reuse,https://iiif.dl.itc.u-tokyo.ac.jp/repo/files/medium/2eab7bf0d3fb7480f2b13f63f4ae8e3b41f08f39.jpg,https://iiif.dl.itc.u-tokyo.ac.jp/repo/api/items/1381333,"東京大学総合図書館 General Library, The University of Tokyo, JAPAN",http://iiif.io/api/presentation/2#rightToLeftDirection,,総合図書館所蔵青洲文庫,0105,,https://iiif.dl.itc.u-tokyo.ac.jp/repo/iiif/99b9bee9-9070-060f-78b4-1b532c2783c6/manifest,,,,,48
中華若木詩抄 4巻 [4],A00:5797,チュウカ ジャクボク シショウ,如月,4,[出版者不明],[江戸前期],和古書,日本語,"題簽の書名(墨書): 若木詩集抄|小口書: 中華|内題下に「東山如月和尚註」とあり|卷之1: 荀鶴(聞子規)-梁鍠(傀儡). 卷之2: 天隱(扇面)-村菴(題畫). 卷之3: 徐淵于子(自笑)-李太白(洞庭). 卷之4: 村菴(花下)-天隱(奉和相公看楓和歌)|四周双辺無界9行18字注文双行, 内匡廓: 22.3×16.4cm, 黒口双花魚尾|古活字版|墨筆付訓あり|印記: 「青洲文庫」(渡辺信)|虫損あり (裏打ち補修あり)",http://tify.sub.uni-goettingen.de/demo.html?manifest=https://archdataset.dl.itc.u-tokyo.ac.jp/manifest/3fd60dc4-9165-4347-4bfc-67819bd860f1.json,3fd60dc4-9165-4347-4bfc-67819bd860f1,https://iiif.dl.itc.u-tokyo.ac.jp/repo/s/seishu/,https://iiif.dl.itc.u-tokyo.ac.jp/repo/s/seishu/document/3fd60dc4-9165-4347-4bfc-67819bd860f1,https://www.lib.u-tokyo.ac.jp/ja/library/contents/archives-top/reuse,https://iiif.dl.itc.u-tokyo.ac.jp/repo/files/medium/660fff5ad04cce67a4290b5983d059f0f1596819.jpg,https://iiif.dl.itc.u-tokyo.ac.jp/repo/api/items/1381332,"東京大学総合図書館 General Library, The University of Tokyo, JAPAN",http://iiif.io/api/presentation/2#rightToLeftDirection,,総合図書館所蔵青洲文庫,0106,,https://iiif.dl.itc.u-tokyo.ac.jp/repo/iiif/3fd60dc4-9165-4347-4bfc-67819bd860f1/manifest,,,,,47
倭名類聚鈔 20巻 [1],A00:5798,ワミョウ ルイジュウショウ,源 順,10,[出版者不明],元和3 [1617] 題末,和古書,日本語,"題の書名: 倭名鈔|凡例の書名: 新刻倭名類聚鈔|版心の書名: 和名|題簽の書名(墨書): 和名類聚|小口貼紙の書名: 和名類聚抄|題末に「今所新刋者是爲詳本那波道圓來告刻梓事且問順世系余於是記其事跡之 ... 元和三年丁巳冬十一月 日 羅浮散人洗筆於雲母谿清處」とあり|四周双辺無界9行16字注文双行, 内匡廓: 23.0×16.3cm, 中黒口双花魚尾|古活字版|墨筆付訓あり|印記: 「山科蔵書」(山科家), 「曹洞宗小教院知蔵寮」, 「緒」, 「青洲文庫」(渡辺信)|虫損あり",http://tify.sub.uni-goettingen.de/demo.html?manifest=https://archdataset.dl.itc.u-tokyo.ac.jp/manifest/994fcdae-6d15-50d8-9fb5-c2c0f653824c.json,994fcdae-6d15-50d8-9fb5-c2c0f653824c,https://iiif.dl.itc.u-tokyo.ac.jp/repo/s/seishu/,https://iiif.dl.itc.u-tokyo.ac.jp/repo/s/seishu/document/994fcdae-6d15-50d8-9fb5-c2c0f653824c,https://www.lib.u-tokyo.ac.jp/ja/library/contents/archives-top/reuse,https://iiif.dl.itc.u-tokyo.ac.jp/repo/files/medium/97a30cdc6bf42985b45ddeb1cd0fdffe73257ff0.jpg,https://iiif.dl.itc.u-tokyo.ac.jp/repo/api/items/1381331,"東京大学総合図書館 General Library, The University of Tokyo, JAPAN",http://iiif.io/api/presentation/2#rightToLeftDirection,,総合図書館所蔵青洲文庫,0107,,https://iiif.dl.itc.u-tokyo.ac.jp/repo/iiif/994fcdae-6d15-50d8-9fb5-c2c0f653824c/manifest,,,,,53
倭名類聚鈔 20巻 [2],A00:5798,ワミョウ ルイジュウショウ,源 順,10,[出版者不明],元和3 [1617] 題末,和古書,日本語,"題の書名: 倭名鈔|凡例の書名: 新刻倭名類聚鈔|版心の書名: 和名|題簽の書名(墨書): 和名類聚|小口貼紙の書名: 和名類聚抄|題末に「今所新刋者是爲詳本那波道圓來告刻梓事且問順世系余於是記其事跡之 ... 元和三年丁巳冬十一月 日 羅浮散人洗筆於雲母谿清處」とあり|四周双辺無界9行16字注文双行, 内匡廓: 23.0×16.3cm, 中黒口双花魚尾|古活字版|墨筆付訓あり|印記: 「山科蔵書」(山科家), 「曹洞宗小教院知蔵寮」, 「緒」, 「青洲文庫」(渡辺信)|虫損あり",http://tify.sub.uni-goettingen.de/demo.html?manifest=https://archdataset.dl.itc.u-tokyo.ac.jp/manifest/4f10afe9-a33c-8f3e-1d46-1476d531494d.json,4f10afe9-a33c-8f3e-1d46-1476d531494d,https://iiif.dl.itc.u-tokyo.ac.jp/repo/s/seishu/,https://iiif.dl.itc.u-tokyo.ac.jp/repo/s/seishu/document/4f10afe9-a33c-8f3e-1d46-1476d531494d,https://www.lib.u-tokyo.ac.jp/ja/library/contents/archives-top/reuse,https://iiif.dl.itc.u-tokyo.ac.jp/repo/files/medium/9b767564689cc398e02dfe79bf4bb86b6b84ad4c.jpg,https://iiif.dl.itc.u-tokyo.ac.jp/repo/api/items/1381330,"東京大学総合図書館 General Library, The University of Tokyo, JAPAN",http://iiif.io/api/presentation/2#rightToLeftDirection,,総合図書館所蔵青洲文庫,0108,,https://iiif.dl.itc.u-tokyo.ac.jp/repo/iiif/4f10afe9-a33c-8f3e-1d46-1476d531494d/manifest,,,,,50
倭名類聚鈔 20巻 [3],A00:5798,ワミョウ ルイジュウショウ,源 順,10,[出版者不明],元和3 [1617] 題末,和古書,日本語,"題の書名: 倭名鈔|凡例の書名: 新刻倭名類聚鈔|版心の書名: 和名|題簽の書名(墨書): 和名類聚|小口貼紙の書名: 和名類聚抄|題末に「今所新刋者是爲詳本那波道圓來告刻梓事且問順世系余於是記其事跡之 ... 元和三年丁巳冬十一月 日 羅浮散人洗筆於雲母谿清處」とあり|四周双辺無界9行16字注文双行, 内匡廓: 23.0×16.3cm, 中黒口双花魚尾|古活字版|墨筆付訓あり|印記: 「山科蔵書」(山科家), 「曹洞宗小教院知蔵寮」, 「緒」, 「青洲文庫」(渡辺信)|虫損あり",http://tify.sub.uni-goettingen.de/demo.html?manifest=https://archdataset.dl.itc.u-tokyo.ac.jp/manifest/49834cd3-41df-1548-19e6-36aa1cd78b23.json,49834cd3-41df-1548-19e6-36aa1cd78b23,https://iiif.dl.itc.u-tokyo.ac.jp/repo/s/seishu/,https://iiif.dl.itc.u-tokyo.ac.jp/repo/s/seishu/document/49834cd3-41df-1548-19e6-36aa1cd78b23,https://www.lib.u-tokyo.ac.jp/ja/library/contents/archives-top/reuse,https://iiif.dl.itc.u-tokyo.ac.jp/repo/files/medium/4662328123de6b364568456150684421e0a46dcd.jpg,https://iiif.dl.itc.u-tokyo.ac.jp/repo/api/items/1381329,"東京大学総合図書館 General Library, The University of Tokyo, JAPAN",http://iiif.io/api/presentation/2#rightToLeftDirection,,総合図書館所蔵青洲文庫,0109,,https://iiif.dl.itc.u-tokyo.ac.jp/repo/iiif/49834cd3-41df-1548-19e6-36aa1cd78b23/manifest,,,,,64
倭名類聚鈔 20巻 [4],A00:5798,ワミョウ ルイジュウショウ,源 順,10,[出版者不明],元和3 [1617] 題末,和古書,日本語,"題の書名: 倭名鈔|凡例の書名: 新刻倭名類聚鈔|版心の書名: 和名|題簽の書名(墨書): 和名類聚|小口貼紙の書名: 和名類聚抄|題末に「今所新刋者是爲詳本那波道圓來告刻梓事且問順世系余於是記其事跡之 ... 元和三年丁巳冬十一月 日 羅浮散人洗筆於雲母谿清處」とあり|四周双辺無界9行16字注文双行, 内匡廓: 23.0×16.3cm, 中黒口双花魚尾|古活字版|墨筆付訓あり|印記: 「山科蔵書」(山科家), 「曹洞宗小教院知蔵寮」, 「緒」, 「青洲文庫」(渡辺信)|虫損あり",http://tify.sub.uni-goettingen.de/demo.html?manifest=https://archdataset.dl.itc.u-tokyo.ac.jp/manifest/c08f7c53-a73f-1805-1c5f-303d00df087f.json,c08f7c53-a73f-1805-1c5f-303d00df087f,https://iiif.dl.itc.u-tokyo.ac.jp/repo/s/seishu/,https://iiif.dl.itc.u-tokyo.ac.jp/repo/s/seishu/document/c08f7c53-a73f-1805-1c5f-303d00df087f,https://www.lib.u-tokyo.ac.jp/ja/library/contents/archives-top/reuse,https://iiif.dl.itc.u-tokyo.ac.jp/repo/files/medium/5ca49520066e64bb29e74080475d3d61444a46a5.jpg,https://iiif.dl.itc.u-tokyo.ac.jp/repo/api/items/1381328,"東京大学総合図書館 General Library, The University of Tokyo, JAPAN",http://iiif.io/api/presentation/2#rightToLeftDirection,,総合図書館所蔵青洲文庫,0110,,https://iiif.dl.itc.u-tokyo.ac.jp/repo/iiif/c08f7c53-a73f-1805-1c5f-303d00df087f/manifest,,,,,50
倭名類聚鈔 20巻 [5],A00:5798,ワミョウ ルイジュウショウ,源 順,10,[出版者不明],元和3 [1617] 題末,和古書,日本語,"題の書名: 倭名鈔|凡例の書名: 新刻倭名類聚鈔|版心の書名: 和名|題簽の書名(墨書): 和名類聚|小口貼紙の書名: 和名類聚抄|題末に「今所新刋者是爲詳本那波道圓來告刻梓事且問順世系余於是記其事跡之 ... 元和三年丁巳冬十一月 日 羅浮散人洗筆於雲母谿清處」とあり|四周双辺無界9行16字注文双行, 内匡廓: 23.0×16.3cm, 中黒口双花魚尾|古活字版|墨筆付訓あり|印記: 「山科蔵書」(山科家), 「曹洞宗小教院知蔵寮」, 「緒」, 「青洲文庫」(渡辺信)|虫損あり",http://tify.sub.uni-goettingen.de/demo.html?manifest=https://archdataset.dl.itc.u-tokyo.ac.jp/manifest/37a9f354-a52e-7ea3-5f1d-f5b3a307042b.json,37a9f354-a52e-7ea3-5f1d-f5b3a307042b,https://iiif.dl.itc.u-tokyo.ac.jp/repo/s/seishu/,https://iiif.dl.itc.u-tokyo.ac.jp/repo/s/seishu/document/37a9f354-a52e-7ea3-5f1d-f5b3a307042b,https://www.lib.u-tokyo.ac.jp/ja/library/contents/archives-top/reuse,https://iiif.dl.itc.u-tokyo.ac.jp/repo/files/medium/ff0812871ca359c50675ae4bddc6eabc9b98ceab.jpg,https://iiif.dl.itc.u-tokyo.ac.jp/repo/api/items/1381327,"東京大学総合図書館 General Library, The University of Tokyo, JAPAN",http://iiif.io/api/presentation/2#rightToLeftDirection,,総合図書館所蔵青洲文庫,0111,,https://iiif.dl.itc.u-tokyo.ac.jp/repo/iiif/37a9f354-a52e-7ea3-5f1d-f5b3a307042b/manifest,,,,,46
倭名類聚鈔 20巻 [6],A00:5798,ワミョウ ルイジュウショウ,源 順,10,[出版者不明],元和3 [1617] 題末,和古書,日本語,"題の書名: 倭名鈔|凡例の書名: 新刻倭名類聚鈔|版心の書名: 和名|題簽の書名(墨書): 和名類聚|小口貼紙の書名: 和名類聚抄|題末に「今所新刋者是爲詳本那波道圓來告刻梓事且問順世系余於是記其事跡之 ... 元和三年丁巳冬十一月 日 羅浮散人洗筆於雲母谿清處」とあり|四周双辺無界9行16字注文双行, 内匡廓: 23.0×16.3cm, 中黒口双花魚尾|古活字版|墨筆付訓あり|印記: 「山科蔵書」(山科家), 「曹洞宗小教院知蔵寮」, 「緒」, 「青洲文庫」(渡辺信)|虫損あり",http://tify.sub.uni-goettingen.de/demo.html?manifest=https://archdataset.dl.itc.u-tokyo.ac.jp/manifest/40568c6a-5ddf-315a-15fc-9d93bebd7bb7.json,40568c6a-5ddf-315a-15fc-9d93bebd7bb7,https://iiif.dl.itc.u-tokyo.ac.jp/repo/s/seishu/,https://iiif.dl.itc.u-tokyo.ac.jp/repo/s/seishu/document/40568c6a-5ddf-315a-15fc-9d93bebd7bb7,https://www.lib.u-tokyo.ac.jp/ja/library/contents/archives-top/reuse,https://iiif.dl.itc.u-tokyo.ac.jp/repo/files/medium/290403ba4f5487438fba0e4183bb175a78016c81.jpg,https://iiif.dl.itc.u-tokyo.ac.jp/repo/api/items/1381326,"東京大学総合図書館 General Library, The University of Tokyo, JAPAN",http://iiif.io/api/presentation/2#rightToLeftDirection,,総合図書館所蔵青洲文庫,0112,,https://iiif.dl.itc.u-tokyo.ac.jp/repo/iiif/40568c6a-5ddf-315a-15fc-9d93bebd7bb7/manifest,,,,,50
倭名類聚鈔 20巻 [7],A00:5798,ワミョウ ルイジュウショウ,源 順,10,[出版者不明],元和3 [1617] 題末,和古書,日本語,"題の書名: 倭名鈔|凡例の書名: 新刻倭名類聚鈔|版心の書名: 和名|題簽の書名(墨書): 和名類聚|小口貼紙の書名: 和名類聚抄|題末に「今所新刋者是爲詳本那波道圓來告刻梓事且問順世系余於是記其事跡之 ... 元和三年丁巳冬十一月 日 羅浮散人洗筆於雲母谿清處」とあり|四周双辺無界9行16字注文双行, 内匡廓: 23.0×16.3cm, 中黒口双花魚尾|古活字版|墨筆付訓あり|印記: 「山科蔵書」(山科家), 「曹洞宗小教院知蔵寮」, 「緒」, 「青洲文庫」(渡辺信)|虫損あり",http://tify.sub.uni-goettingen.de/demo.html?manifest=https://archdataset.dl.itc.u-tokyo.ac.jp/manifest/1739fe76-0b51-67dd-44e4-23a2a4b19495.json,1739fe76-0b51-67dd-44e4-23a2a4b19495,https://iiif.dl.itc.u-tokyo.ac.jp/repo/s/seishu/,https://iiif.dl.itc.u-tokyo.ac.jp/repo/s/seishu/document/1739fe76-0b51-67dd-44e4-23a2a4b19495,https://www.lib.u-tokyo.ac.jp/ja/library/contents/archives-top/reuse,https://iiif.dl.itc.u-tokyo.ac.jp/repo/files/medium/de8b950c7eb6e9c1aa833f0ef3c03d6d91c1af6a.jpg,https://iiif.dl.itc.u-tokyo.ac.jp/repo/api/items/1381325,"東京大学総合図書館 General Library, The University of Tokyo, JAPAN",http://iiif.io/api/presentation/2#rightToLeftDirection,,総合図書館所蔵青洲文庫,0113,,https://iiif.dl.itc.u-tokyo.ac.jp/repo/iiif/1739fe76-0b51-67dd-44e4-23a2a4b19495/manifest,,,,,42
倭名類聚鈔 20巻 [8],A00:5798,ワミョウ ルイジュウショウ,源 順,10,[出版者不明],元和3 [1617] 題末,和古書,日本語,"題の書名: 倭名鈔|凡例の書名: 新刻倭名類聚鈔|版心の書名: 和名|題簽の書名(墨書): 和名類聚|小口貼紙の書名: 和名類聚抄|題末に「今所新刋者是爲詳本那波道圓來告刻梓事且問順世系余於是記其事跡之 ... 元和三年丁巳冬十一月 日 羅浮散人洗筆於雲母谿清處」とあり|四周双辺無界9行16字注文双行, 内匡廓: 23.0×16.3cm, 中黒口双花魚尾|古活字版|墨筆付訓あり|印記: 「山科蔵書」(山科家), 「曹洞宗小教院知蔵寮」, 「緒」, 「青洲文庫」(渡辺信)|虫損あり",http://tify.sub.uni-goettingen.de/demo.html?manifest=https://archdataset.dl.itc.u-tokyo.ac.jp/manifest/60633ba0-398e-a664-5177-aa8d87861492.json,60633ba0-398e-a664-5177-aa8d87861492,https://iiif.dl.itc.u-tokyo.ac.jp/repo/s/seishu/,https://iiif.dl.itc.u-tokyo.ac.jp/repo/s/seishu/document/60633ba0-398e-a664-5177-aa8d87861492,https://www.lib.u-tokyo.ac.jp/ja/library/contents/archives-top/reuse,https://iiif.dl.itc.u-tokyo.ac.jp/repo/files/medium/1313101b3d4850bcff051afd16682d442ed319a6.jpg,https://iiif.dl.itc.u-tokyo.ac.jp/repo/api/items/1381324,"東京大学総合図書館 General Library, The University of Tokyo, JAPAN",http://iiif.io/api/presentation/2#rightToLeftDirection,,総合図書館所蔵青洲文庫,0114,,https://iiif.dl.itc.u-tokyo.ac.jp/repo/iiif/60633ba0-398e-a664-5177-aa8d87861492/manifest,,,,,43
倭名類聚鈔 20巻 [9],A00:5798,ワミョウ ルイジュウショウ,源 順,10,[出版者不明],元和3 [1617] 題末,和古書,日本語,"題の書名: 倭名鈔|凡例の書名: 新刻倭名類聚鈔|版心の書名: 和名|題簽の書名(墨書): 和名類聚|小口貼紙の書名: 和名類聚抄|題末に「今所新刋者是爲詳本那波道圓來告刻梓事且問順世系余於是記其事跡之 ... 元和三年丁巳冬十一月 日 羅浮散人洗筆於雲母谿清處」とあり|四周双辺無界9行16字注文双行, 内匡廓: 23.0×16.3cm, 中黒口双花魚尾|古活字版|墨筆付訓あり|印記: 「山科蔵書」(山科家), 「曹洞宗小教院知蔵寮」, 「緒」, 「青洲文庫」(渡辺信)|虫損あり",http://tify.sub.uni-goettingen.de/demo.html?manifest=https://archdataset.dl.itc.u-tokyo.ac.jp/manifest/3638c06b-9996-6cfe-4efb-46c009072e95.json,3638c06b-9996-6cfe-4efb-46c009072e95,https://iiif.dl.itc.u-tokyo.ac.jp/repo/s/seishu/,https://iiif.dl.itc.u-tokyo.ac.jp/repo/s/seishu/document/3638c06b-9996-6cfe-4efb-46c009072e95,https://www.lib.u-tokyo.ac.jp/ja/library/contents/archives-top/reuse,https://iiif.dl.itc.u-tokyo.ac.jp/repo/files/medium/91df1660904372ac15d9110d8b290a8fbf187aa9.jpg,https://iiif.dl.itc.u-tokyo.ac.jp/repo/api/items/1381323,"東京大学総合図書館 General Library, The University of Tokyo, JAPAN",http://iiif.io/api/presentation/2#rightToLeftDirection,,総合図書館所蔵青洲文庫,0115,,https://iiif.dl.itc.u-tokyo.ac.jp/repo/iiif/3638c06b-9996-6cfe-4efb-46c009072e95/manifest,,,,,51
倭名類聚鈔 20巻 [10],A00:5798,ワミョウ ルイジュウショウ,源 順,10,[出版者不明],元和3 [1617] 題末,和古書,日本語,"題の書名: 倭名鈔|凡例の書名: 新刻倭名類聚鈔|版心の書名: 和名|題簽の書名(墨書): 和名類聚|小口貼紙の書名: 和名類聚抄|題末に「今所新刋者是爲詳本那波道圓來告刻梓事且問順世系余於是記其事跡之 ... 元和三年丁巳冬十一月 日 羅浮散人洗筆於雲母谿清處」とあり|四周双辺無界9行16字注文双行, 内匡廓: 23.0×16.3cm, 中黒口双花魚尾|古活字版|墨筆付訓あり|印記: 「山科蔵書」(山科家), 「曹洞宗小教院知蔵寮」, 「緒」, 「青洲文庫」(渡辺信)|虫損あり",http://tify.sub.uni-goettingen.de/demo.html?manifest=https://archdataset.dl.itc.u-tokyo.ac.jp/manifest/f6141ae0-3890-0453-4dd2-b6d4dde68ce7.json,f6141ae0-3890-0453-4dd2-b6d4dde68ce7,https://iiif.dl.itc.u-tokyo.ac.jp/repo/s/seishu/,https://iiif.dl.itc.u-tokyo.ac.jp/repo/s/seishu/document/f6141ae0-3890-0453-4dd2-b6d4dde68ce7,https://www.lib.u-tokyo.ac.jp/ja/library/contents/archives-top/reuse,https://iiif.dl.itc.u-tokyo.ac.jp/repo/files/medium/d48f5929515804dd93bbc16dab1d62daef48ce7b.jpg,https://iiif.dl.itc.u-tokyo.ac.jp/repo/api/items/1381322,"東京大学総合図書館 General Library, The University of Tokyo, JAPAN",http://iiif.io/api/presentation/2#rightToLeftDirection,,総合図書館所蔵青洲文庫,0116,,https://iiif.dl.itc.u-tokyo.ac.jp/repo/iiif/f6141ae0-3890-0453-4dd2-b6d4dde68ce7/manifest,,,,,65
令義解 10巻 [1],A00:5799,リョウ ノ ギゲ,清原 夏野,11,[出版者不明],[江戸前期],和古書,日本語,"「上令義解表」末に「天長十年十二月十五日右大臣從二位兼行左近衛大將臣清原真人夏野上表」とあり|題簽による巻冊次表示: 卷第1本: 官位. [卷第1末]: 職員, [後宮], 東宮, [家令]. 卷第2: 神衹, 僧尼, 戸. 卷第3: 田, 賦役, 學. 卷第4: 選叙, 継嗣, 考課, 禄. 卷第5: 宮衞, 軍防. 卷第6: 儀制, 衣服, 営繕. 卷第7: 公式. 卷第8: 厩牧. 卷第9: 假寧, 喪葬, 捕亡. 卷第10: 獄, 雜|四周双辺無界8行18字注文双行, 内匡廓: 21.0×14.5cm, 中黒口双花魚尾|頭注あり|訓点付|五つ目綴じ|朱墨筆書き入れあり|卷第10の後見返しに「本云 延寳六戊午十月十二日朱そう 際貞」との朱墨筆奥書あり|印記: 「豊春」, 「人美」, 「青洲文庫」(渡辺信)|虫損あり",http://tify.sub.uni-goettingen.de/demo.html?manifest=https://archdataset.dl.itc.u-tokyo.ac.jp/manifest/de84f3c1-7d27-004c-173e-d4f922342f9b.json,de84f3c1-7d27-004c-173e-d4f922342f9b,https://iiif.dl.itc.u-tokyo.ac.jp/repo/s/seishu/,https://iiif.dl.itc.u-tokyo.ac.jp/repo/s/seishu/document/de84f3c1-7d27-004c-173e-d4f922342f9b,https://www.lib.u-tokyo.ac.jp/ja/library/contents/archives-top/reuse,https://iiif.dl.itc.u-tokyo.ac.jp/repo/files/medium/de83c2c029e5d8f24bafa4d66673bf41c415516d.jpg,https://iiif.dl.itc.u-tokyo.ac.jp/repo/api/items/1381321,"東京大学総合図書館 General Library, The University of Tokyo, JAPAN",http://iiif.io/api/presentation/2#rightToLeftDirection,,総合図書館所蔵青洲文庫,0117,,https://iiif.dl.itc.u-tokyo.ac.jp/repo/iiif/de84f3c1-7d27-004c-173e-d4f922342f9b/manifest,,,,,42
令義解 10巻 [2],A00:5799,リョウ ノ ギゲ,清原 夏野,11,[出版者不明],[江戸前期],和古書,日本語,"「上令義解表」末に「天長十年十二月十五日右大臣從二位兼行左近衛大將臣清原真人夏野上表」とあり|題簽による巻冊次表示: 卷第1本: 官位. [卷第1末]: 職員, [後宮], 東宮, [家令]. 卷第2: 神衹, 僧尼, 戸. 卷第3: 田, 賦役, 學. 卷第4: 選叙, 継嗣, 考課, 禄. 卷第5: 宮衞, 軍防. 卷第6: 儀制, 衣服, 営繕. 卷第7: 公式. 卷第8: 厩牧. 卷第9: 假寧, 喪葬, 捕亡. 卷第10: 獄, 雜|四周双辺無界8行18字注文双行, 内匡廓: 21.0×14.5cm, 中黒口双花魚尾|頭注あり|訓点付|五つ目綴じ|朱墨筆書き入れあり|卷第10の後見返しに「本云 延寳六戊午十月十二日朱そう 際貞」との朱墨筆奥書あり|印記: 「豊春」, 「人美」, 「青洲文庫」(渡辺信)|虫損あり",http://tify.sub.uni-goettingen.de/demo.html?manifest=https://archdataset.dl.itc.u-tokyo.ac.jp/manifest/ced0bcf0-74bf-026b-3414-fe17402b7559.json,ced0bcf0-74bf-026b-3414-fe17402b7559,https://iiif.dl.itc.u-tokyo.ac.jp/repo/s/seishu/,https://iiif.dl.itc.u-tokyo.ac.jp/repo/s/seishu/document/ced0bcf0-74bf-026b-3414-fe17402b7559,https://www.lib.u-tokyo.ac.jp/ja/library/contents/archives-top/reuse,https://iiif.dl.itc.u-tokyo.ac.jp/repo/files/medium/888e7211c36a87a001e8a92a3270327688795ce6.jpg,https://iiif.dl.itc.u-tokyo.ac.jp/repo/api/items/1381320,"東京大学総合図書館 General Library, The University of Tokyo, JAPAN",http://iiif.io/api/presentation/2#rightToLeftDirection,,総合図書館所蔵青洲文庫,0118,,https://iiif.dl.itc.u-tokyo.ac.jp/repo/iiif/ced0bcf0-74bf-026b-3414-fe17402b7559/manifest,,,,,59
令義解 10巻 [3],A00:5799,リョウ ノ ギゲ,清原 夏野,11,[出版者不明],[江戸前期],和古書,日本語,"「上令義解表」末に「天長十年十二月十五日右大臣從二位兼行左近衛大將臣清原真人夏野上表」とあり|題簽による巻冊次表示: 卷第1本: 官位. [卷第1末]: 職員, [後宮], 東宮, [家令]. 卷第2: 神衹, 僧尼, 戸. 卷第3: 田, 賦役, 學. 卷第4: 選叙, 継嗣, 考課, 禄. 卷第5: 宮衞, 軍防. 卷第6: 儀制, 衣服, 営繕. 卷第7: 公式. 卷第8: 厩牧. 卷第9: 假寧, 喪葬, 捕亡. 卷第10: 獄, 雜|四周双辺無界8行18字注文双行, 内匡廓: 21.0×14.5cm, 中黒口双花魚尾|頭注あり|訓点付|五つ目綴じ|朱墨筆書き入れあり|卷第10の後見返しに「本云 延寳六戊午十月十二日朱そう 際貞」との朱墨筆奥書あり|印記: 「豊春」, 「人美」, 「青洲文庫」(渡辺信)|虫損あり",http://tify.sub.uni-goettingen.de/demo.html?manifest=https://archdataset.dl.itc.u-tokyo.ac.jp/manifest/212d31f3-5e93-6a35-227f-803e6e5a4c91.json,212d31f3-5e93-6a35-227f-803e6e5a4c91,https://iiif.dl.itc.u-tokyo.ac.jp/repo/s/seishu/,https://iiif.dl.itc.u-tokyo.ac.jp/repo/s/seishu/document/212d31f3-5e93-6a35-227f-803e6e5a4c91,https://www.lib.u-tokyo.ac.jp/ja/library/contents/archives-top/reuse,https://iiif.dl.itc.u-tokyo.ac.jp/repo/files/medium/cc03a4e0634f5ebdad80ad4182f80bf14c1419c0.jpg,https://iiif.dl.itc.u-tokyo.ac.jp/repo/api/items/1381319,"東京大学総合図書館 General Library, The University of Tokyo, JAPAN",http://iiif.io/api/presentation/2#rightToLeftDirection,,総合図書館所蔵青洲文庫,0119,,https://iiif.dl.itc.u-tokyo.ac.jp/repo/iiif/212d31f3-5e93-6a35-227f-803e6e5a4c91/manifest,,,,,39
令義解 10巻 [4],A00:5799,リョウ ノ ギゲ,清原 夏野,11,[出版者不明],[江戸前期],和古書,日本語,"「上令義解表」末に「天長十年十二月十五日右大臣從二位兼行左近衛大將臣清原真人夏野上表」とあり|題簽による巻冊次表示: 卷第1本: 官位. [卷第1末]: 職員, [後宮], 東宮, [家令]. 卷第2: 神衹, 僧尼, 戸. 卷第3: 田, 賦役, 學. 卷第4: 選叙, 継嗣, 考課, 禄. 卷第5: 宮衞, 軍防. 卷第6: 儀制, 衣服, 営繕. 卷第7: 公式. 卷第8: 厩牧. 卷第9: 假寧, 喪葬, 捕亡. 卷第10: 獄, 雜|四周双辺無界8行18字注文双行, 内匡廓: 21.0×14.5cm, 中黒口双花魚尾|頭注あり|訓点付|五つ目綴じ|朱墨筆書き入れあり|卷第10の後見返しに「本云 延寳六戊午十月十二日朱そう 際貞」との朱墨筆奥書あり|印記: 「豊春」, 「人美」, 「青洲文庫」(渡辺信)|虫損あり",http://tify.sub.uni-goettingen.de/demo.html?manifest=https://archdataset.dl.itc.u-tokyo.ac.jp/manifest/ac071c33-31c9-96f6-5a66-7d66a66e7f34.json,ac071c33-31c9-96f6-5a66-7d66a66e7f34,https://iiif.dl.itc.u-tokyo.ac.jp/repo/s/seishu/,https://iiif.dl.itc.u-tokyo.ac.jp/repo/s/seishu/document/ac071c33-31c9-96f6-5a66-7d66a66e7f34,https://www.lib.u-tokyo.ac.jp/ja/library/contents/archives-top/reuse,https://iiif.dl.itc.u-tokyo.ac.jp/repo/files/medium/19c6e29ccd3449839167288b7137a46b46602b56.jpg,https://iiif.dl.itc.u-tokyo.ac.jp/repo/api/items/1381318,"東京大学総合図書館 General Library, The University of Tokyo, JAPAN",http://iiif.io/api/presentation/2#rightToLeftDirection,,総合図書館所蔵青洲文庫,0120,,https://iiif.dl.itc.u-tokyo.ac.jp/repo/iiif/ac071c33-31c9-96f6-5a66-7d66a66e7f34/manifest,,,,,33
令義解 10巻 [5],A00:5799,リョウ ノ ギゲ,清原 夏野,11,[出版者不明],[江戸前期],和古書,日本語,"「上令義解表」末に「天長十年十二月十五日右大臣從二位兼行左近衛大將臣清原真人夏野上表」とあり|題簽による巻冊次表示: 卷第1本: 官位. [卷第1末]: 職員, [後宮], 東宮, [家令]. 卷第2: 神衹, 僧尼, 戸. 卷第3: 田, 賦役, 學. 卷第4: 選叙, 継嗣, 考課, 禄. 卷第5: 宮衞, 軍防. 卷第6: 儀制, 衣服, 営繕. 卷第7: 公式. 卷第8: 厩牧. 卷第9: 假寧, 喪葬, 捕亡. 卷第10: 獄, 雜|四周双辺無界8行18字注文双行, 内匡廓: 21.0×14.5cm, 中黒口双花魚尾|頭注あり|訓点付|五つ目綴じ|朱墨筆書き入れあり|卷第10の後見返しに「本云 延寳六戊午十月十二日朱そう 際貞」との朱墨筆奥書あり|印記: 「豊春」, 「人美」, 「青洲文庫」(渡辺信)|虫損あり",http://tify.sub.uni-goettingen.de/demo.html?manifest=https://archdataset.dl.itc.u-tokyo.ac.jp/manifest/f3e337da-13db-a16d-83b4-9c30fe426dfb.json,f3e337da-13db-a16d-83b4-9c30fe426dfb,https://iiif.dl.itc.u-tokyo.ac.jp/repo/s/seishu/,https://iiif.dl.itc.u-tokyo.ac.jp/repo/s/seishu/document/f3e337da-13db-a16d-83b4-9c30fe426dfb,https://www.lib.u-tokyo.ac.jp/ja/library/contents/archives-top/reuse,https://iiif.dl.itc.u-tokyo.ac.jp/repo/files/medium/6a196251088eaf38a554b305486a95ca780e3af6.jpg,https://iiif.dl.itc.u-tokyo.ac.jp/repo/api/items/1381317,"東京大学総合図書館 General Library, The University of Tokyo, JAPAN",http://iiif.io/api/presentation/2#rightToLeftDirection,,総合図書館所蔵青洲文庫,0121,,https://iiif.dl.itc.u-tokyo.ac.jp/repo/iiif/f3e337da-13db-a16d-83b4-9c30fe426dfb/manifest,,,,,47
令義解 10巻 [6],A00:5799,リョウ ノ ギゲ,清原 夏野,11,[出版者不明],[江戸前期],和古書,日本語,"「上令義解表」末に「天長十年十二月十五日右大臣從二位兼行左近衛大將臣清原真人夏野上表」とあり|題簽による巻冊次表示: 卷第1本: 官位. [卷第1末]: 職員, [後宮], 東宮, [家令]. 卷第2: 神衹, 僧尼, 戸. 卷第3: 田, 賦役, 學. 卷第4: 選叙, 継嗣, 考課, 禄. 卷第5: 宮衞, 軍防. 卷第6: 儀制, 衣服, 営繕. 卷第7: 公式. 卷第8: 厩牧. 卷第9: 假寧, 喪葬, 捕亡. 卷第10: 獄, 雜|四周双辺無界8行18字注文双行, 内匡廓: 21.0×14.5cm, 中黒口双花魚尾|頭注あり|訓点付|五つ目綴じ|朱墨筆書き入れあり|卷第10の後見返しに「本云 延寳六戊午十月十二日朱そう 際貞」との朱墨筆奥書あり|印記: 「豊春」, 「人美」, 「青洲文庫」(渡辺信)|虫損あり",http://tify.sub.uni-goettingen.de/demo.html?manifest=https://archdataset.dl.itc.u-tokyo.ac.jp/manifest/593d711b-3db8-91c7-a544-8d2631a43474.json,593d711b-3db8-91c7-a544-8d2631a43474,https://iiif.dl.itc.u-tokyo.ac.jp/repo/s/seishu/,https://iiif.dl.itc.u-tokyo.ac.jp/repo/s/seishu/document/593d711b-3db8-91c7-a544-8d2631a43474,https://www.lib.u-tokyo.ac.jp/ja/library/contents/archives-top/reuse,https://iiif.dl.itc.u-tokyo.ac.jp/repo/files/medium/95c0b9a7e32e509bf7d2fc6ac712f9af67fe9eb0.jpg,https://iiif.dl.itc.u-tokyo.ac.jp/repo/api/items/1381316,"東京大学総合図書館 General Library, The University of Tokyo, JAPAN",http://iiif.io/api/presentation/2#rightToLeftDirection,,総合図書館所蔵青洲文庫,0122,,https://iiif.dl.itc.u-tokyo.ac.jp/repo/iiif/593d711b-3db8-91c7-a544-8d2631a43474/manifest,,,,,34
令義解 10巻 [7],A00:5799,リョウ ノ ギゲ,清原 夏野,11,[出版者不明],[江戸前期],和古書,日本語,"「上令義解表」末に「天長十年十二月十五日右大臣從二位兼行左近衛大將臣清原真人夏野上表」とあり|題簽による巻冊次表示: 卷第1本: 官位. [卷第1末]: 職員, [後宮], 東宮, [家令]. 卷第2: 神衹, 僧尼, 戸. 卷第3: 田, 賦役, 學. 卷第4: 選叙, 継嗣, 考課, 禄. 卷第5: 宮衞, 軍防. 卷第6: 儀制, 衣服, 営繕. 卷第7: 公式. 卷第8: 厩牧. 卷第9: 假寧, 喪葬, 捕亡. 卷第10: 獄, 雜|四周双辺無界8行18字注文双行, 内匡廓: 21.0×14.5cm, 中黒口双花魚尾|頭注あり|訓点付|五つ目綴じ|朱墨筆書き入れあり|卷第10の後見返しに「本云 延寳六戊午十月十二日朱そう 際貞」との朱墨筆奥書あり|印記: 「豊春」, 「人美」, 「青洲文庫」(渡辺信)|虫損あり",http://tify.sub.uni-goettingen.de/demo.html?manifest=https://archdataset.dl.itc.u-tokyo.ac.jp/manifest/29a8e8b9-a3e5-222d-1d6f-ac181a7d078c.json,29a8e8b9-a3e5-222d-1d6f-ac181a7d078c,https://iiif.dl.itc.u-tokyo.ac.jp/repo/s/seishu/,https://iiif.dl.itc.u-tokyo.ac.jp/repo/s/seishu/document/29a8e8b9-a3e5-222d-1d6f-ac181a7d078c,https://www.lib.u-tokyo.ac.jp/ja/library/contents/archives-top/reuse,https://iiif.dl.itc.u-tokyo.ac.jp/repo/files/medium/00bd8e0361a0ab70c9f0fbf73a2d21f03af21cc7.jpg,https://iiif.dl.itc.u-tokyo.ac.jp/repo/api/items/1381315,"東京大学総合図書館 General Library, The University of Tokyo, JAPAN",http://iiif.io/api/presentation/2#rightToLeftDirection,,総合図書館所蔵青洲文庫,0123,,https://iiif.dl.itc.u-tokyo.ac.jp/repo/iiif/29a8e8b9-a3e5-222d-1d6f-ac181a7d078c/manifest,,,,,25
令義解 10巻 [8],A00:5799,リョウ ノ ギゲ,清原 夏野,11,[出版者不明],[江戸前期],和古書,日本語,"「上令義解表」末に「天長十年十二月十五日右大臣從二位兼行左近衛大將臣清原真人夏野上表」とあり|題簽による巻冊次表示: 卷第1本: 官位. [卷第1末]: 職員, [後宮], 東宮, [家令]. 卷第2: 神衹, 僧尼, 戸. 卷第3: 田, 賦役, 學. 卷第4: 選叙, 継嗣, 考課, 禄. 卷第5: 宮衞, 軍防. 卷第6: 儀制, 衣服, 営繕. 卷第7: 公式. 卷第8: 厩牧. 卷第9: 假寧, 喪葬, 捕亡. 卷第10: 獄, 雜|四周双辺無界8行18字注文双行, 内匡廓: 21.0×14.5cm, 中黒口双花魚尾|頭注あり|訓点付|五つ目綴じ|朱墨筆書き入れあり|卷第10の後見返しに「本云 延寳六戊午十月十二日朱そう 際貞」との朱墨筆奥書あり|印記: 「豊春」, 「人美」, 「青洲文庫」(渡辺信)|虫損あり",http://tify.sub.uni-goettingen.de/demo.html?manifest=https://archdataset.dl.itc.u-tokyo.ac.jp/manifest/8fe6fe14-a167-038e-16bf-458f8abe33d1.json,8fe6fe14-a167-038e-16bf-458f8abe33d1,https://iiif.dl.itc.u-tokyo.ac.jp/repo/s/seishu/,https://iiif.dl.itc.u-tokyo.ac.jp/repo/s/seishu/document/8fe6fe14-a167-038e-16bf-458f8abe33d1,https://www.lib.u-tokyo.ac.jp/ja/library/contents/archives-top/reuse,https://iiif.dl.itc.u-tokyo.ac.jp/repo/files/medium/ba95064f982f47f7a811e821d78b456c1224ba4f.jpg,https://iiif.dl.itc.u-tokyo.ac.jp/repo/api/items/1381314,"東京大学総合図書館 General Library, The University of Tokyo, JAPAN",http://iiif.io/api/presentation/2#rightToLeftDirection,,総合図書館所蔵青洲文庫,0124,,https://iiif.dl.itc.u-tokyo.ac.jp/repo/iiif/8fe6fe14-a167-038e-16bf-458f8abe33d1/manifest,,,,,42
令義解 10巻 [9],A00:5799,リョウ ノ ギゲ,清原 夏野,11,[出版者不明],[江戸前期],和古書,日本語,"「上令義解表」末に「天長十年十二月十五日右大臣從二位兼行左近衛大將臣清原真人夏野上表」とあり|題簽による巻冊次表示: 卷第1本: 官位. [卷第1末]: 職員, [後宮], 東宮, [家令]. 卷第2: 神衹, 僧尼, 戸. 卷第3: 田, 賦役, 學. 卷第4: 選叙, 継嗣, 考課, 禄. 卷第5: 宮衞, 軍防. 卷第6: 儀制, 衣服, 営繕. 卷第7: 公式. 卷第8: 厩牧. 卷第9: 假寧, 喪葬, 捕亡. 卷第10: 獄, 雜|四周双辺無界8行18字注文双行, 内匡廓: 21.0×14.5cm, 中黒口双花魚尾|頭注あり|訓点付|五つ目綴じ|朱墨筆書き入れあり|卷第10の後見返しに「本云 延寳六戊午十月十二日朱そう 際貞」との朱墨筆奥書あり|印記: 「豊春」, 「人美」, 「青洲文庫」(渡辺信)|虫損あり",http://tify.sub.uni-goettingen.de/demo.html?manifest=https://archdataset.dl.itc.u-tokyo.ac.jp/manifest/ee260509-26df-a683-6f15-dc642afc2d9b.json,ee260509-26df-a683-6f15-dc642afc2d9b,https://iiif.dl.itc.u-tokyo.ac.jp/repo/s/seishu/,https://iiif.dl.itc.u-tokyo.ac.jp/repo/s/seishu/document/ee260509-26df-a683-6f15-dc642afc2d9b,https://www.lib.u-tokyo.ac.jp/ja/library/contents/archives-top/reuse,https://iiif.dl.itc.u-tokyo.ac.jp/repo/files/medium/0d490e752f2bfed5002182287eb7dcd90d839eed.jpg,https://iiif.dl.itc.u-tokyo.ac.jp/repo/api/items/1381313,"東京大学総合図書館 General Library, The University of Tokyo, JAPAN",http://iiif.io/api/presentation/2#rightToLeftDirection,,総合図書館所蔵青洲文庫,0125,,https://iiif.dl.itc.u-tokyo.ac.jp/repo/iiif/ee260509-26df-a683-6f15-dc642afc2d9b/manifest,,,,,12
令義解 10巻 [10],A00:5799,リョウ ノ ギゲ,清原 夏野,11,[出版者不明],[江戸前期],和古書,日本語,"「上令義解表」末に「天長十年十二月十五日右大臣從二位兼行左近衛大將臣清原真人夏野上表」とあり|題簽による巻冊次表示: 卷第1本: 官位. [卷第1末]: 職員, [後宮], 東宮, [家令]. 卷第2: 神衹, 僧尼, 戸. 卷第3: 田, 賦役, 學. 卷第4: 選叙, 継嗣, 考課, 禄. 卷第5: 宮衞, 軍防. 卷第6: 儀制, 衣服, 営繕. 卷第7: 公式. 卷第8: 厩牧. 卷第9: 假寧, 喪葬, 捕亡. 卷第10: 獄, 雜|四周双辺無界8行18字注文双行, 内匡廓: 21.0×14.5cm, 中黒口双花魚尾|頭注あり|訓点付|五つ目綴じ|朱墨筆書き入れあり|卷第10の後見返しに「本云 延寳六戊午十月十二日朱そう 際貞」との朱墨筆奥書あり|印記: 「豊春」, 「人美」, 「青洲文庫」(渡辺信)|虫損あり",http://tify.sub.uni-goettingen.de/demo.html?manifest=https://archdataset.dl.itc.u-tokyo.ac.jp/manifest/fe6afe48-8102-7579-99e8-37192dc61497.json,fe6afe48-8102-7579-99e8-37192dc61497,https://iiif.dl.itc.u-tokyo.ac.jp/repo/s/seishu/,https://iiif.dl.itc.u-tokyo.ac.jp/repo/s/seishu/document/fe6afe48-8102-7579-99e8-37192dc61497,https://www.lib.u-tokyo.ac.jp/ja/library/contents/archives-top/reuse,https://iiif.dl.itc.u-tokyo.ac.jp/repo/files/medium/96c2ddbdb0cb24ff069466b5f294c1e76994a682.jpg,https://iiif.dl.itc.u-tokyo.ac.jp/repo/api/items/1381312,"東京大学総合図書館 General Library, The University of Tokyo, JAPAN",http://iiif.io/api/presentation/2#rightToLeftDirection,,総合図書館所蔵青洲文庫,0126,,https://iiif.dl.itc.u-tokyo.ac.jp/repo/iiif/fe6afe48-8102-7579-99e8-37192dc61497/manifest,,,,,21
令義解 10巻 [11],A00:5799,リョウ ノ ギゲ,清原 夏野,11,[出版者不明],[江戸前期],和古書,日本語,"「上令義解表」末に「天長十年十二月十五日右大臣從二位兼行左近衛大將臣清原真人夏野上表」とあり|題簽による巻冊次表示: 卷第1本: 官位. [卷第1末]: 職員, [後宮], 東宮, [家令]. 卷第2: 神衹, 僧尼, 戸. 卷第3: 田, 賦役, 學. 卷第4: 選叙, 継嗣, 考課, 禄. 卷第5: 宮衞, 軍防. 卷第6: 儀制, 衣服, 営繕. 卷第7: 公式. 卷第8: 厩牧. 卷第9: 假寧, 喪葬, 捕亡. 卷第10: 獄, 雜|四周双辺無界8行18字注文双行, 内匡廓: 21.0×14.5cm, 中黒口双花魚尾|頭注あり|訓点付|五つ目綴じ|朱墨筆書き入れあり|卷第10の後見返しに「本云 延寳六戊午十月十二日朱そう 際貞」との朱墨筆奥書あり|印記: 「豊春」, 「人美」, 「青洲文庫」(渡辺信)|虫損あり",http://tify.sub.uni-goettingen.de/demo.html?manifest=https://archdataset.dl.itc.u-tokyo.ac.jp/manifest/8b2de858-197f-72ff-2984-f4a5660287f8.json,8b2de858-197f-72ff-2984-f4a5660287f8,https://iiif.dl.itc.u-tokyo.ac.jp/repo/s/seishu/,https://iiif.dl.itc.u-tokyo.ac.jp/repo/s/seishu/document/8b2de858-197f-72ff-2984-f4a5660287f8,https://www.lib.u-tokyo.ac.jp/ja/library/contents/archives-top/reuse,https://iiif.dl.itc.u-tokyo.ac.jp/repo/files/medium/ea1d57bdb8c5231849b630ea00e5aa29d547242b.jpg,https://iiif.dl.itc.u-tokyo.ac.jp/repo/api/items/1381311,"東京大学総合図書館 General Library, The University of Tokyo, JAPAN",http://iiif.io/api/presentation/2#rightToLeftDirection,,総合図書館所蔵青洲文庫,0127,,https://iiif.dl.itc.u-tokyo.ac.jp/repo/iiif/8b2de858-197f-72ff-2984-f4a5660287f8/manifest,,,,,39
論語 10巻 [1],A00:5801,ロンゴ,何 晏,1,[今關正運],[慶長年間],和古書,日本語,"大尾の書名: 論語 : 經註|四周双辺有界7行17字注文双行, 内匡廓: 21.2×15.2cm, 中黒口双黒魚尾|古活字本|關東上総住今關正運刋『四書』之1|墨筆訓点付|後見返しに「明治十一年正月三十一日 源護身」との墨書あり|印記: 「青洲文庫」(渡辺信)|虫損あり(裏打ち補修あり)",http://tify.sub.uni-goettingen.de/demo.html?manifest=https://archdataset.dl.itc.u-tokyo.ac.jp/manifest/e2f4af1b-441f-1d15-63af-059c476e773f.json,e2f4af1b-441f-1d15-63af-059c476e773f,https://iiif.dl.itc.u-tokyo.ac.jp/repo/s/seishu/,https://iiif.dl.itc.u-tokyo.ac.jp/repo/s/seishu/document/e2f4af1b-441f-1d15-63af-059c476e773f,https://www.lib.u-tokyo.ac.jp/ja/library/contents/archives-top/reuse,https://iiif.dl.itc.u-tokyo.ac.jp/repo/files/medium/c8b0b5743eef844b755aab8621ff7687b27d7113.jpg,https://iiif.dl.itc.u-tokyo.ac.jp/repo/api/items/1381310,"東京大学総合図書館 General Library, The University of Tokyo, JAPAN",http://iiif.io/api/presentation/2#rightToLeftDirection,,総合図書館所蔵青洲文庫,0128,,https://iiif.dl.itc.u-tokyo.ac.jp/repo/iiif/e2f4af1b-441f-1d15-63af-059c476e773f/manifest,,,,,125
論語 10巻 [2],A00:5802,ロンゴ,何 晏,2,[今關正運],[慶長元和年間],和古書,日本語,"大尾の書名: 論語 : 經註|題簽による巻冊次表示(墨書): 乾, 坤|四周双辺有界7行17字注文双行, 内匡廓: 21.2×15.2cm, 中黒口双黒魚尾|古活字本|關東上総住今關正運刋『四書』之1|印記: 「碩水藏書」(楠本碩水), 「青洲文庫」(渡辺信)|虫損あり(裏打ち補修あり)",http://tify.sub.uni-goettingen.de/demo.html?manifest=https://archdataset.dl.itc.u-tokyo.ac.jp/manifest/b2546a3e-a3b7-188a-383c-fd4413a52257.json,b2546a3e-a3b7-188a-383c-fd4413a52257,https://iiif.dl.itc.u-tokyo.ac.jp/repo/s/seishu/,https://iiif.dl.itc.u-tokyo.ac.jp/repo/s/seishu/document/b2546a3e-a3b7-188a-383c-fd4413a52257,https://www.lib.u-tokyo.ac.jp/ja/library/contents/archives-top/reuse,https://iiif.dl.itc.u-tokyo.ac.jp/repo/files/medium/82f67e174d444e52854602bcff94701d1574ef58.jpg,https://iiif.dl.itc.u-tokyo.ac.jp/repo/api/items/1381309,"東京大学総合図書館 General Library, The University of Tokyo, JAPAN",http://iiif.io/api/presentation/2#rightToLeftDirection,,総合図書館所蔵青洲文庫,0129,,https://iiif.dl.itc.u-tokyo.ac.jp/repo/iiif/b2546a3e-a3b7-188a-383c-fd4413a52257/manifest,,,,,62
論語 10巻 [3],A00:5802,ロンゴ,何 晏,2,[今關正運],[慶長元和年間],和古書,日本語,"大尾の書名: 論語 : 經註|題簽による巻冊次表示(墨書): 乾, 坤|四周双辺有界7行17字注文双行, 内匡廓: 21.2×15.2cm, 中黒口双黒魚尾|古活字本|關東上総住今關正運刋『四書』之1|印記: 「碩水藏書」(楠本碩水), 「青洲文庫」(渡辺信)|虫損あり(裏打ち補修あり)",http://tify.sub.uni-goettingen.de/demo.html?manifest=https://archdataset.dl.itc.u-tokyo.ac.jp/manifest/4ddebde1-38ee-28d3-19e2-4edec41d39f6.json,4ddebde1-38ee-28d3-19e2-4edec41d39f6,https://iiif.dl.itc.u-tokyo.ac.jp/repo/s/seishu/,https://iiif.dl.itc.u-tokyo.ac.jp/repo/s/seishu/document/4ddebde1-38ee-28d3-19e2-4edec41d39f6,https://www.lib.u-tokyo.ac.jp/ja/library/contents/archives-top/reuse,https://iiif.dl.itc.u-tokyo.ac.jp/repo/files/medium/dcd461b50192a71860ac3f8fc721ed7e2a820de6.jpg,https://iiif.dl.itc.u-tokyo.ac.jp/repo/api/items/1381308,"東京大学総合図書館 General Library, The University of Tokyo, JAPAN",http://iiif.io/api/presentation/2#rightToLeftDirection,,総合図書館所蔵青洲文庫,0130,,https://iiif.dl.itc.u-tokyo.ac.jp/repo/iiif/4ddebde1-38ee-28d3-19e2-4edec41d39f6/manifest,,,,,66
立齋先生標題觧註音釋十八史畧 7巻 [1],A00:5803,リッサイ センセイ ヒョウダイ カイチュウ オンシャク ジュウハッシリャク,曾 先之,7,[出版者不明],[室町時代],和古書,日本語,"その他の巻頭書名: 立齋先生標題觧註釋文十八史畧(卷之2-4), 立齋先生標題解註釋文十八史畧(卷之7)|巻末の書名: 新刋校正立齋先生標題觧註釋文十八史畧(卷之5), 新刋校正立齋先生標題註觧十八史畧(卷之7)|叙末の書名: 史畧|目首の書名: 立齋先生十八史畧|凡例の書名: 史畧音釋|題簽の書名(墨書): 十八史畧|叙末の原刊記に「正統辛酉孟夏書林余氏新刋」とあり|卷之1の内題下に「建陽縣丞南康何景春捐俸刋」とあり|四周単辺有界2段12行24字注文双行, 内匡廓: 22.4×17.5cm, 中黒口双黒魚尾|頭注あり|五山版(拠明正統6(1441)余氏刊本覆刻)|卷之1末に補鈔あり|朱点, 朱引, 墨筆訓点, 書き入れあり|印記: 「仁和寺真乗院」, 「藏」, 「青洲文庫」(渡辺信)|虫損あり (裏打ち補修あり)",http://tify.sub.uni-goettingen.de/demo.html?manifest=https://archdataset.dl.itc.u-tokyo.ac.jp/manifest/ebd0190b-5d8c-988e-0b2c-bf909aa69bb1.json,ebd0190b-5d8c-988e-0b2c-bf909aa69bb1,https://iiif.dl.itc.u-tokyo.ac.jp/repo/s/seishu/,https://iiif.dl.itc.u-tokyo.ac.jp/repo/s/seishu/document/ebd0190b-5d8c-988e-0b2c-bf909aa69bb1,https://www.lib.u-tokyo.ac.jp/ja/library/contents/archives-top/reuse,https://iiif.dl.itc.u-tokyo.ac.jp/repo/files/medium/50d2e8fc8c936418946ea11c9a421cee5fa0dedb.jpg,https://iiif.dl.itc.u-tokyo.ac.jp/repo/api/items/1381307,"東京大学総合図書館 General Library, The University of Tokyo, JAPAN",http://iiif.io/api/presentation/2#rightToLeftDirection,,総合図書館所蔵青洲文庫,0131,,https://iiif.dl.itc.u-tokyo.ac.jp/repo/iiif/ebd0190b-5d8c-988e-0b2c-bf909aa69bb1/manifest,,,,,55
立齋先生標題觧註音釋十八史畧 7巻 [2],A00:5803,リッサイ センセイ ヒョウダイ カイチュウ オンシャク ジュウハッシリャク,曾 先之,7,[出版者不明],[室町時代],和古書,日本語,"その他の巻頭書名: 立齋先生標題觧註釋文十八史畧(卷之2-4), 立齋先生標題解註釋文十八史畧(卷之7)|巻末の書名: 新刋校正立齋先生標題觧註釋文十八史畧(卷之5), 新刋校正立齋先生標題註觧十八史畧(卷之7)|叙末の書名: 史畧|目首の書名: 立齋先生十八史畧|凡例の書名: 史畧音釋|題簽の書名(墨書): 十八史畧|叙末の原刊記に「正統辛酉孟夏書林余氏新刋」とあり|卷之1の内題下に「建陽縣丞南康何景春捐俸刋」とあり|四周単辺有界2段12行24字注文双行, 内匡廓: 22.4×17.5cm, 中黒口双黒魚尾|頭注あり|五山版(拠明正統6(1441)余氏刊本覆刻)|卷之1末に補鈔あり|朱点, 朱引, 墨筆訓点, 書き入れあり|印記: 「仁和寺真乗院」, 「藏」, 「青洲文庫」(渡辺信)|虫損あり (裏打ち補修あり)",http://tify.sub.uni-goettingen.de/demo.html?manifest=https://archdataset.dl.itc.u-tokyo.ac.jp/manifest/c40a01ed-5a21-8946-9a4f-611ff34598be.json,c40a01ed-5a21-8946-9a4f-611ff34598be,https://iiif.dl.itc.u-tokyo.ac.jp/repo/s/seishu/,https://iiif.dl.itc.u-tokyo.ac.jp/repo/s/seishu/document/c40a01ed-5a21-8946-9a4f-611ff34598be,https://www.lib.u-tokyo.ac.jp/ja/library/contents/archives-top/reuse,https://iiif.dl.itc.u-tokyo.ac.jp/repo/files/medium/f4dd38eb9e1d1f032d625402bc6debfbd8086433.jpg,https://iiif.dl.itc.u-tokyo.ac.jp/repo/api/items/1381306,"東京大学総合図書館 General Library, The University of Tokyo, JAPAN",http://iiif.io/api/presentation/2#rightToLeftDirection,,総合図書館所蔵青洲文庫,0132,,https://iiif.dl.itc.u-tokyo.ac.jp/repo/iiif/c40a01ed-5a21-8946-9a4f-611ff34598be/manifest,,,,,53
立齋先生標題觧註音釋十八史畧 7巻 [3],A00:5803,リッサイ センセイ ヒョウダイ カイチュウ オンシャク ジュウハッシリャク,曾 先之,7,[出版者不明],[室町時代],和古書,日本語,"その他の巻頭書名: 立齋先生標題觧註釋文十八史畧(卷之2-4), 立齋先生標題解註釋文十八史畧(卷之7)|巻末の書名: 新刋校正立齋先生標題觧註釋文十八史畧(卷之5), 新刋校正立齋先生標題註觧十八史畧(卷之7)|叙末の書名: 史畧|目首の書名: 立齋先生十八史畧|凡例の書名: 史畧音釋|題簽の書名(墨書): 十八史畧|叙末の原刊記に「正統辛酉孟夏書林余氏新刋」とあり|卷之1の内題下に「建陽縣丞南康何景春捐俸刋」とあり|四周単辺有界2段12行24字注文双行, 内匡廓: 22.4×17.5cm, 中黒口双黒魚尾|頭注あり|五山版(拠明正統6(1441)余氏刊本覆刻)|卷之1末に補鈔あり|朱点, 朱引, 墨筆訓点, 書き入れあり|印記: 「仁和寺真乗院」, 「藏」, 「青洲文庫」(渡辺信)|虫損あり (裏打ち補修あり)",http://tify.sub.uni-goettingen.de/demo.html?manifest=https://archdataset.dl.itc.u-tokyo.ac.jp/manifest/7d21c147-2692-5788-07fe-f7a7631b3158.json,7d21c147-2692-5788-07fe-f7a7631b3158,https://iiif.dl.itc.u-tokyo.ac.jp/repo/s/seishu/,https://iiif.dl.itc.u-tokyo.ac.jp/repo/s/seishu/document/7d21c147-2692-5788-07fe-f7a7631b3158,https://www.lib.u-tokyo.ac.jp/ja/library/contents/archives-top/reuse,https://iiif.dl.itc.u-tokyo.ac.jp/repo/files/medium/0a11ce7902d494c47d5912619c9cec2dc3237e4a.jpg,https://iiif.dl.itc.u-tokyo.ac.jp/repo/api/items/1381305,"東京大学総合図書館 General Library, The University of Tokyo, JAPAN",http://iiif.io/api/presentation/2#rightToLeftDirection,,総合図書館所蔵青洲文庫,0133,,https://iiif.dl.itc.u-tokyo.ac.jp/repo/iiif/7d21c147-2692-5788-07fe-f7a7631b3158/manifest,,,,,45
立齋先生標題觧註音釋十八史畧 7巻 [4],A00:5803,リッサイ センセイ ヒョウダイ カイチュウ オンシャク ジュウハッシリャク,曾 先之,7,[出版者不明],[室町時代],和古書,日本語,"その他の巻頭書名: 立齋先生標題觧註釋文十八史畧(卷之2-4), 立齋先生標題解註釋文十八史畧(卷之7)|巻末の書名: 新刋校正立齋先生標題觧註釋文十八史畧(卷之5), 新刋校正立齋先生標題註觧十八史畧(卷之7)|叙末の書名: 史畧|目首の書名: 立齋先生十八史畧|凡例の書名: 史畧音釋|題簽の書名(墨書): 十八史畧|叙末の原刊記に「正統辛酉孟夏書林余氏新刋」とあり|卷之1の内題下に「建陽縣丞南康何景春捐俸刋」とあり|四周単辺有界2段12行24字注文双行, 内匡廓: 22.4×17.5cm, 中黒口双黒魚尾|頭注あり|五山版(拠明正統6(1441)余氏刊本覆刻)|卷之1末に補鈔あり|朱点, 朱引, 墨筆訓点, 書き入れあり|印記: 「仁和寺真乗院」, 「藏」, 「青洲文庫」(渡辺信)|虫損あり (裏打ち補修あり)",http://tify.sub.uni-goettingen.de/demo.html?manifest=https://archdataset.dl.itc.u-tokyo.ac.jp/manifest/4e94218b-0a8e-2804-8007-fe31e75371e7.json,4e94218b-0a8e-2804-8007-fe31e75371e7,https://iiif.dl.itc.u-tokyo.ac.jp/repo/s/seishu/,https://iiif.dl.itc.u-tokyo.ac.jp/repo/s/seishu/document/4e94218b-0a8e-2804-8007-fe31e75371e7,https://www.lib.u-tokyo.ac.jp/ja/library/contents/archives-top/reuse,https://iiif.dl.itc.u-tokyo.ac.jp/repo/files/medium/cb39db48d4aaa1b73d65c5861bd137ad901e11a8.jpg,https://iiif.dl.itc.u-tokyo.ac.jp/repo/api/items/1381304,"東京大学総合図書館 General Library, The University of Tokyo, JAPAN",http://iiif.io/api/presentation/2#rightToLeftDirection,,総合図書館所蔵青洲文庫,0134,,https://iiif.dl.itc.u-tokyo.ac.jp/repo/iiif/4e94218b-0a8e-2804-8007-fe31e75371e7/manifest,,,,,38
立齋先生標題觧註音釋十八史畧 7巻 [5],A00:5803,リッサイ センセイ ヒョウダイ カイチュウ オンシャク ジュウハッシリャク,曾 先之,7,[出版者不明],[室町時代],和古書,日本語,"その他の巻頭書名: 立齋先生標題觧註釋文十八史畧(卷之2-4), 立齋先生標題解註釋文十八史畧(卷之7)|巻末の書名: 新刋校正立齋先生標題觧註釋文十八史畧(卷之5), 新刋校正立齋先生標題註觧十八史畧(卷之7)|叙末の書名: 史畧|目首の書名: 立齋先生十八史畧|凡例の書名: 史畧音釋|題簽の書名(墨書): 十八史畧|叙末の原刊記に「正統辛酉孟夏書林余氏新刋」とあり|卷之1の内題下に「建陽縣丞南康何景春捐俸刋」とあり|四周単辺有界2段12行24字注文双行, 内匡廓: 22.4×17.5cm, 中黒口双黒魚尾|頭注あり|五山版(拠明正統6(1441)余氏刊本覆刻)|卷之1末に補鈔あり|朱点, 朱引, 墨筆訓点, 書き入れあり|印記: 「仁和寺真乗院」, 「藏」, 「青洲文庫」(渡辺信)|虫損あり (裏打ち補修あり)",http://tify.sub.uni-goettingen.de/demo.html?manifest=https://archdataset.dl.itc.u-tokyo.ac.jp/manifest/54c634cd-2cd1-190a-2ab6-fadd16fa8141.json,54c634cd-2cd1-190a-2ab6-fadd16fa8141,https://iiif.dl.itc.u-tokyo.ac.jp/repo/s/seishu/,https://iiif.dl.itc.u-tokyo.ac.jp/repo/s/seishu/document/54c634cd-2cd1-190a-2ab6-fadd16fa8141,https://www.lib.u-tokyo.ac.jp/ja/library/contents/archives-top/reuse,https://iiif.dl.itc.u-tokyo.ac.jp/repo/files/medium/9ba58961b0c08e87a18b4427ad5ea0844ce9098c.jpg,https://iiif.dl.itc.u-tokyo.ac.jp/repo/api/items/1381303,"東京大学総合図書館 General Library, The University of Tokyo, JAPAN",http://iiif.io/api/presentation/2#rightToLeftDirection,,総合図書館所蔵青洲文庫,0135,,https://iiif.dl.itc.u-tokyo.ac.jp/repo/iiif/54c634cd-2cd1-190a-2ab6-fadd16fa8141/manifest,,,,,45
立齋先生標題觧註音釋十八史畧 7巻 [6],A00:5803,リッサイ センセイ ヒョウダイ カイチュウ オンシャク ジュウハッシリャク,曾 先之,7,[出版者不明],[室町時代],和古書,日本語,"その他の巻頭書名: 立齋先生標題觧註釋文十八史畧(卷之2-4), 立齋先生標題解註釋文十八史畧(卷之7)|巻末の書名: 新刋校正立齋先生標題觧註釋文十八史畧(卷之5), 新刋校正立齋先生標題註觧十八史畧(卷之7)|叙末の書名: 史畧|目首の書名: 立齋先生十八史畧|凡例の書名: 史畧音釋|題簽の書名(墨書): 十八史畧|叙末の原刊記に「正統辛酉孟夏書林余氏新刋」とあり|卷之1の内題下に「建陽縣丞南康何景春捐俸刋」とあり|四周単辺有界2段12行24字注文双行, 内匡廓: 22.4×17.5cm, 中黒口双黒魚尾|頭注あり|五山版(拠明正統6(1441)余氏刊本覆刻)|卷之1末に補鈔あり|朱点, 朱引, 墨筆訓点, 書き入れあり|印記: 「仁和寺真乗院」, 「藏」, 「青洲文庫」(渡辺信)|虫損あり (裏打ち補修あり)",http://tify.sub.uni-goettingen.de/demo.html?manifest=https://archdataset.dl.itc.u-tokyo.ac.jp/manifest/74f311ae-2c6c-7a2d-829a-b4ed9e683654.json,74f311ae-2c6c-7a2d-829a-b4ed9e683654,https://iiif.dl.itc.u-tokyo.ac.jp/repo/s/seishu/,https://iiif.dl.itc.u-tokyo.ac.jp/repo/s/seishu/document/74f311ae-2c6c-7a2d-829a-b4ed9e683654,https://www.lib.u-tokyo.ac.jp/ja/library/contents/archives-top/reuse,https://iiif.dl.itc.u-tokyo.ac.jp/repo/files/medium/8fbf6173d772d2737a4fc3ecd7572b6eb8fae0ff.jpg,https://iiif.dl.itc.u-tokyo.ac.jp/repo/api/items/1381302,"東京大学総合図書館 General Library, The University of Tokyo, JAPAN",http://iiif.io/api/presentation/2#rightToLeftDirection,,総合図書館所蔵青洲文庫,0136,,https://iiif.dl.itc.u-tokyo.ac.jp/repo/iiif/74f311ae-2c6c-7a2d-829a-b4ed9e683654/manifest,,,,,43
立齋先生標題觧註音釋十八史畧 7巻 [7],A00:5803,リッサイ センセイ ヒョウダイ カイチュウ オンシャク ジュウハッシリャク,曾 先之,7,[出版者不明],[室町時代],和古書,日本語,"その他の巻頭書名: 立齋先生標題觧註釋文十八史畧(卷之2-4), 立齋先生標題解註釋文十八史畧(卷之7)|巻末の書名: 新刋校正立齋先生標題觧註釋文十八史畧(卷之5), 新刋校正立齋先生標題註觧十八史畧(卷之7)|叙末の書名: 史畧|目首の書名: 立齋先生十八史畧|凡例の書名: 史畧音釋|題簽の書名(墨書): 十八史畧|叙末の原刊記に「正統辛酉孟夏書林余氏新刋」とあり|卷之1の内題下に「建陽縣丞南康何景春捐俸刋」とあり|四周単辺有界2段12行24字注文双行, 内匡廓: 22.4×17.5cm, 中黒口双黒魚尾|頭注あり|五山版(拠明正統6(1441)余氏刊本覆刻)|卷之1末に補鈔あり|朱点, 朱引, 墨筆訓点, 書き入れあり|印記: 「仁和寺真乗院」, 「藏」, 「青洲文庫」(渡辺信)|虫損あり (裏打ち補修あり)",http://tify.sub.uni-goettingen.de/demo.html?manifest=https://archdataset.dl.itc.u-tokyo.ac.jp/manifest/ebedd7e0-9a9c-9d3b-911f-e1923e872451.json,ebedd7e0-9a9c-9d3b-911f-e1923e872451,https://iiif.dl.itc.u-tokyo.ac.jp/repo/s/seishu/,https://iiif.dl.itc.u-tokyo.ac.jp/repo/s/seishu/document/ebedd7e0-9a9c-9d3b-911f-e1923e872451,https://www.lib.u-tokyo.ac.jp/ja/library/contents/archives-top/reuse,https://iiif.dl.itc.u-tokyo.ac.jp/repo/files/medium/c2f59bb819985edf195e0d3d3b17890454854d41.jpg,https://iiif.dl.itc.u-tokyo.ac.jp/repo/api/items/1381301,"東京大学総合図書館 General Library, The University of Tokyo, JAPAN",http://iiif.io/api/presentation/2#rightToLeftDirection,,総合図書館所蔵青洲文庫,0137,,https://iiif.dl.itc.u-tokyo.ac.jp/repo/iiif/ebedd7e0-9a9c-9d3b-911f-e1923e872451/manifest,,,,,58
元亨釋書 30巻 [1],A00:5804,ゲンコウ シャクショ,師錬,10,下村生藏,慶長10 [1605] [刊],和古書,日本語,"疏の書名: 東福海蔵禪院重刋元亨釋書|版心の書名: 尺|目録の冒頭に「大日本國延文庚子六月有旨入毘廬大蔵海蔵禪院寓居比丘單況等謹募衆縁恭爲今上皇帝祝延聖壽文武官僚資崇禄位國泰民安命工鏤梓與大蔵經印板共行一部計三十卷旹貞治三年甲辰正月日謹題」, 卷第28末に「斯卷者平安城人上池軒主惠勇捐財繡梓于時永和三祀丁巳九月也」との原刊語あり|表末に「元亨二年八月十六日臣師錬上表」とあり|疏末に「至徳元年甲子六月日疏」とあり|刊記に「慶長乙巳歳仲夏日 下村生藏刋之」とあり|四周双辺有界9行17字, 内匡廓: 21.6×17.5cm, 中黒口双黒魚尾|古活字版|卷第3-5は拠寛永元年跋刊本補配 (四周単辺無界9行17字, 内匡廓: 22.5×17.1cm, 中黒口双花魚尾)|卷第3-5は付訓あり|朱点, 朱引, 朱墨筆書き入れあり|印記:  「十輪院」, 「恭温」, 「寂然」, 「明運」, 「萬徳」, 「青洲文庫」(渡辺信)|虫損あり (裏打ち補修あり)",http://tify.sub.uni-goettingen.de/demo.html?manifest=https://archdataset.dl.itc.u-tokyo.ac.jp/manifest/fb412f00-077f-6e8e-7e89-405031ef20e5.json,fb412f00-077f-6e8e-7e89-405031ef20e5,https://iiif.dl.itc.u-tokyo.ac.jp/repo/s/seishu/,https://iiif.dl.itc.u-tokyo.ac.jp/repo/s/seishu/document/fb412f00-077f-6e8e-7e89-405031ef20e5,https://www.lib.u-tokyo.ac.jp/ja/library/contents/archives-top/reuse,https://iiif.dl.itc.u-tokyo.ac.jp/repo/files/medium/205032cd7a15de880897d005a9d3f8733c1c1f8c.jpg,https://iiif.dl.itc.u-tokyo.ac.jp/repo/api/items/1381300,"東京大学総合図書館 General Library, The University of Tokyo, JAPAN",http://iiif.io/api/presentation/2#rightToLeftDirection,,総合図書館所蔵青洲文庫,0138,,https://iiif.dl.itc.u-tokyo.ac.jp/repo/iiif/fb412f00-077f-6e8e-7e89-405031ef20e5/manifest,,,,,88
元亨釋書 30巻 [2],A00:5804,ゲンコウ シャクショ,師錬,10,下村生藏,慶長10 [1605] [刊],和古書,日本語,"疏の書名: 東福海蔵禪院重刋元亨釋書|版心の書名: 尺|目録の冒頭に「大日本國延文庚子六月有旨入毘廬大蔵海蔵禪院寓居比丘單況等謹募衆縁恭爲今上皇帝祝延聖壽文武官僚資崇禄位國泰民安命工鏤梓與大蔵經印板共行一部計三十卷旹貞治三年甲辰正月日謹題」, 卷第28末に「斯卷者平安城人上池軒主惠勇捐財繡梓于時永和三祀丁巳九月也」との原刊語あり|表末に「元亨二年八月十六日臣師錬上表」とあり|疏末に「至徳元年甲子六月日疏」とあり|刊記に「慶長乙巳歳仲夏日 下村生藏刋之」とあり|四周双辺有界9行17字, 内匡廓: 21.6×17.5cm, 中黒口双黒魚尾|古活字版|卷第3-5は拠寛永元年跋刊本補配 (四周単辺無界9行17字, 内匡廓: 22.5×17.1cm, 中黒口双花魚尾)|卷第3-5は付訓あり|朱点, 朱引, 朱墨筆書き入れあり|印記:  「十輪院」, 「恭温」, 「寂然」, 「明運」, 「萬徳」, 「青洲文庫」(渡辺信)|虫損あり (裏打ち補修あり)",http://tify.sub.uni-goettingen.de/demo.html?manifest=https://archdataset.dl.itc.u-tokyo.ac.jp/manifest/27861f7a-6e66-3aa5-01f5-0429a1b707a5.json,27861f7a-6e66-3aa5-01f5-0429a1b707a5,https://iiif.dl.itc.u-tokyo.ac.jp/repo/s/seishu/,https://iiif.dl.itc.u-tokyo.ac.jp/repo/s/seishu/document/27861f7a-6e66-3aa5-01f5-0429a1b707a5,https://www.lib.u-tokyo.ac.jp/ja/library/contents/archives-top/reuse,https://iiif.dl.itc.u-tokyo.ac.jp/repo/files/medium/3a0f253230e7434347cc535c619a52b805342c85.jpg,https://iiif.dl.itc.u-tokyo.ac.jp/repo/api/items/1381299,"東京大学総合図書館 General Library, The University of Tokyo, JAPAN",http://iiif.io/api/presentation/2#rightToLeftDirection,,総合図書館所蔵青洲文庫,0139,,https://iiif.dl.itc.u-tokyo.ac.jp/repo/iiif/27861f7a-6e66-3aa5-01f5-0429a1b707a5/manifest,,,,,80
元亨釋書 30巻 [3],A00:5804,ゲンコウ シャクショ,師錬,10,下村生藏,慶長10 [1605] [刊],和古書,日本語,"疏の書名: 東福海蔵禪院重刋元亨釋書|版心の書名: 尺|目録の冒頭に「大日本國延文庚子六月有旨入毘廬大蔵海蔵禪院寓居比丘單況等謹募衆縁恭爲今上皇帝祝延聖壽文武官僚資崇禄位國泰民安命工鏤梓與大蔵經印板共行一部計三十卷旹貞治三年甲辰正月日謹題」, 卷第28末に「斯卷者平安城人上池軒主惠勇捐財繡梓于時永和三祀丁巳九月也」との原刊語あり|表末に「元亨二年八月十六日臣師錬上表」とあり|疏末に「至徳元年甲子六月日疏」とあり|刊記に「慶長乙巳歳仲夏日 下村生藏刋之」とあり|四周双辺有界9行17字, 内匡廓: 21.6×17.5cm, 中黒口双黒魚尾|古活字版|卷第3-5は拠寛永元年跋刊本補配 (四周単辺無界9行17字, 内匡廓: 22.5×17.1cm, 中黒口双花魚尾)|卷第3-5は付訓あり|朱点, 朱引, 朱墨筆書き入れあり|印記:  「十輪院」, 「恭温」, 「寂然」, 「明運」, 「萬徳」, 「青洲文庫」(渡辺信)|虫損あり (裏打ち補修あり)",http://tify.sub.uni-goettingen.de/demo.html?manifest=https://archdataset.dl.itc.u-tokyo.ac.jp/manifest/0187dc25-8902-3b89-4279-1783c4e50fd1.json,0187dc25-8902-3b89-4279-1783c4e50fd1,https://iiif.dl.itc.u-tokyo.ac.jp/repo/s/seishu/,https://iiif.dl.itc.u-tokyo.ac.jp/repo/s/seishu/document/0187dc25-8902-3b89-4279-1783c4e50fd1,https://www.lib.u-tokyo.ac.jp/ja/library/contents/archives-top/reuse,https://iiif.dl.itc.u-tokyo.ac.jp/repo/files/medium/fbf0d4cf86d3d11c743a7c9a3d88917425204157.jpg,https://iiif.dl.itc.u-tokyo.ac.jp/repo/api/items/1381298,"東京大学総合図書館 General Library, The University of Tokyo, JAPAN",http://iiif.io/api/presentation/2#rightToLeftDirection,,総合図書館所蔵青洲文庫,0140,,https://iiif.dl.itc.u-tokyo.ac.jp/repo/iiif/0187dc25-8902-3b89-4279-1783c4e50fd1/manifest,,,,,75
元亨釋書 30巻 [4],A00:5804,ゲンコウ シャクショ,師錬,10,下村生藏,慶長10 [1605] [刊],和古書,日本語,"疏の書名: 東福海蔵禪院重刋元亨釋書|版心の書名: 尺|目録の冒頭に「大日本國延文庚子六月有旨入毘廬大蔵海蔵禪院寓居比丘單況等謹募衆縁恭爲今上皇帝祝延聖壽文武官僚資崇禄位國泰民安命工鏤梓與大蔵經印板共行一部計三十卷旹貞治三年甲辰正月日謹題」, 卷第28末に「斯卷者平安城人上池軒主惠勇捐財繡梓于時永和三祀丁巳九月也」との原刊語あり|表末に「元亨二年八月十六日臣師錬上表」とあり|疏末に「至徳元年甲子六月日疏」とあり|刊記に「慶長乙巳歳仲夏日 下村生藏刋之」とあり|四周双辺有界9行17字, 内匡廓: 21.6×17.5cm, 中黒口双黒魚尾|古活字版|卷第3-5は拠寛永元年跋刊本補配 (四周単辺無界9行17字, 内匡廓: 22.5×17.1cm, 中黒口双花魚尾)|卷第3-5は付訓あり|朱点, 朱引, 朱墨筆書き入れあり|印記:  「十輪院」, 「恭温」, 「寂然」, 「明運」, 「萬徳」, 「青洲文庫」(渡辺信)|虫損あり (裏打ち補修あり)",http://tify.sub.uni-goettingen.de/demo.html?manifest=https://archdataset.dl.itc.u-tokyo.ac.jp/manifest/68a9d292-3d73-7b75-0167-a45d24720c50.json,68a9d292-3d73-7b75-0167-a45d24720c50,https://iiif.dl.itc.u-tokyo.ac.jp/repo/s/seishu/,https://iiif.dl.itc.u-tokyo.ac.jp/repo/s/seishu/document/68a9d292-3d73-7b75-0167-a45d24720c50,https://www.lib.u-tokyo.ac.jp/ja/library/contents/archives-top/reuse,https://iiif.dl.itc.u-tokyo.ac.jp/repo/files/medium/b1aa70236558d68ab65909123639050140342738.jpg,https://iiif.dl.itc.u-tokyo.ac.jp/repo/api/items/1381297,"東京大学総合図書館 General Library, The University of Tokyo, JAPAN",http://iiif.io/api/presentation/2#rightToLeftDirection,,総合図書館所蔵青洲文庫,0141,,https://iiif.dl.itc.u-tokyo.ac.jp/repo/iiif/68a9d292-3d73-7b75-0167-a45d24720c50/manifest,,,,,97
元亨釋書 30巻 [5],A00:5804,ゲンコウ シャクショ,師錬,10,下村生藏,慶長10 [1605] [刊],和古書,日本語,"疏の書名: 東福海蔵禪院重刋元亨釋書|版心の書名: 尺|目録の冒頭に「大日本國延文庚子六月有旨入毘廬大蔵海蔵禪院寓居比丘單況等謹募衆縁恭爲今上皇帝祝延聖壽文武官僚資崇禄位國泰民安命工鏤梓與大蔵經印板共行一部計三十卷旹貞治三年甲辰正月日謹題」, 卷第28末に「斯卷者平安城人上池軒主惠勇捐財繡梓于時永和三祀丁巳九月也」との原刊語あり|表末に「元亨二年八月十六日臣師錬上表」とあり|疏末に「至徳元年甲子六月日疏」とあり|刊記に「慶長乙巳歳仲夏日 下村生藏刋之」とあり|四周双辺有界9行17字, 内匡廓: 21.6×17.5cm, 中黒口双黒魚尾|古活字版|卷第3-5は拠寛永元年跋刊本補配 (四周単辺無界9行17字, 内匡廓: 22.5×17.1cm, 中黒口双花魚尾)|卷第3-5は付訓あり|朱点, 朱引, 朱墨筆書き入れあり|印記:  「十輪院」, 「恭温」, 「寂然」, 「明運」, 「萬徳」, 「青洲文庫」(渡辺信)|虫損あり (裏打ち補修あり)",http://tify.sub.uni-goettingen.de/demo.html?manifest=https://archdataset.dl.itc.u-tokyo.ac.jp/manifest/ce198a62-35dd-71d6-6a49-546bc687295d.json,ce198a62-35dd-71d6-6a49-546bc687295d,https://iiif.dl.itc.u-tokyo.ac.jp/repo/s/seishu/,https://iiif.dl.itc.u-tokyo.ac.jp/repo/s/seishu/document/ce198a62-35dd-71d6-6a49-546bc687295d,https://www.lib.u-tokyo.ac.jp/ja/library/contents/archives-top/reuse,https://iiif.dl.itc.u-tokyo.ac.jp/repo/files/medium/33002420635345f152237128895aa0cc21407088.jpg,https://iiif.dl.itc.u-tokyo.ac.jp/repo/api/items/1381296,"東京大学総合図書館 General Library, The University of Tokyo, JAPAN",http://iiif.io/api/presentation/2#rightToLeftDirection,,総合図書館所蔵青洲文庫,0142,,https://iiif.dl.itc.u-tokyo.ac.jp/repo/iiif/ce198a62-35dd-71d6-6a49-546bc687295d/manifest,,,,,99
元亨釋書 30巻 [6],A00:5804,ゲンコウ シャクショ,師錬,10,下村生藏,慶長10 [1605] [刊],和古書,日本語,"疏の書名: 東福海蔵禪院重刋元亨釋書|版心の書名: 尺|目録の冒頭に「大日本國延文庚子六月有旨入毘廬大蔵海蔵禪院寓居比丘單況等謹募衆縁恭爲今上皇帝祝延聖壽文武官僚資崇禄位國泰民安命工鏤梓與大蔵經印板共行一部計三十卷旹貞治三年甲辰正月日謹題」, 卷第28末に「斯卷者平安城人上池軒主惠勇捐財繡梓于時永和三祀丁巳九月也」との原刊語あり|表末に「元亨二年八月十六日臣師錬上表」とあり|疏末に「至徳元年甲子六月日疏」とあり|刊記に「慶長乙巳歳仲夏日 下村生藏刋之」とあり|四周双辺有界9行17字, 内匡廓: 21.6×17.5cm, 中黒口双黒魚尾|古活字版|卷第3-5は拠寛永元年跋刊本補配 (四周単辺無界9行17字, 内匡廓: 22.5×17.1cm, 中黒口双花魚尾)|卷第3-5は付訓あり|朱点, 朱引, 朱墨筆書き入れあり|印記:  「十輪院」, 「恭温」, 「寂然」, 「明運」, 「萬徳」, 「青洲文庫」(渡辺信)|虫損あり (裏打ち補修あり)",http://tify.sub.uni-goettingen.de/demo.html?manifest=https://archdataset.dl.itc.u-tokyo.ac.jp/manifest/57038215-0d08-5822-0dcc-40f71b0f9d21.json,57038215-0d08-5822-0dcc-40f71b0f9d21,https://iiif.dl.itc.u-tokyo.ac.jp/repo/s/seishu/,https://iiif.dl.itc.u-tokyo.ac.jp/repo/s/seishu/document/57038215-0d08-5822-0dcc-40f71b0f9d21,https://www.lib.u-tokyo.ac.jp/ja/library/contents/archives-top/reuse,https://iiif.dl.itc.u-tokyo.ac.jp/repo/files/medium/d3577cc313e5b5db6910f304315410618e3c2fd0.jpg,https://iiif.dl.itc.u-tokyo.ac.jp/repo/api/items/1381295,"東京大学総合図書館 General Library, The University of Tokyo, JAPAN",http://iiif.io/api/presentation/2#rightToLeftDirection,,総合図書館所蔵青洲文庫,0143,,https://iiif.dl.itc.u-tokyo.ac.jp/repo/iiif/57038215-0d08-5822-0dcc-40f71b0f9d21/manifest,,,,,96
元亨釋書 30巻 [7],A00:5804,ゲンコウ シャクショ,師錬,10,下村生藏,慶長10 [1605] [刊],和古書,日本語,"疏の書名: 東福海蔵禪院重刋元亨釋書|版心の書名: 尺|目録の冒頭に「大日本國延文庚子六月有旨入毘廬大蔵海蔵禪院寓居比丘單況等謹募衆縁恭爲今上皇帝祝延聖壽文武官僚資崇禄位國泰民安命工鏤梓與大蔵經印板共行一部計三十卷旹貞治三年甲辰正月日謹題」, 卷第28末に「斯卷者平安城人上池軒主惠勇捐財繡梓于時永和三祀丁巳九月也」との原刊語あり|表末に「元亨二年八月十六日臣師錬上表」とあり|疏末に「至徳元年甲子六月日疏」とあり|刊記に「慶長乙巳歳仲夏日 下村生藏刋之」とあり|四周双辺有界9行17字, 内匡廓: 21.6×17.5cm, 中黒口双黒魚尾|古活字版|卷第3-5は拠寛永元年跋刊本補配 (四周単辺無界9行17字, 内匡廓: 22.5×17.1cm, 中黒口双花魚尾)|卷第3-5は付訓あり|朱点, 朱引, 朱墨筆書き入れあり|印記:  「十輪院」, 「恭温」, 「寂然」, 「明運」, 「萬徳」, 「青洲文庫」(渡辺信)|虫損あり (裏打ち補修あり)",http://tify.sub.uni-goettingen.de/demo.html?manifest=https://archdataset.dl.itc.u-tokyo.ac.jp/manifest/5dbc48d1-9169-0323-8a2c-d498402f0d97.json,5dbc48d1-9169-0323-8a2c-d498402f0d97,https://iiif.dl.itc.u-tokyo.ac.jp/repo/s/seishu/,https://iiif.dl.itc.u-tokyo.ac.jp/repo/s/seishu/document/5dbc48d1-9169-0323-8a2c-d498402f0d97,https://www.lib.u-tokyo.ac.jp/ja/library/contents/archives-top/reuse,https://iiif.dl.itc.u-tokyo.ac.jp/repo/files/medium/76a7dfca6d03df9952fa73630e629bdf4d277589.jpg,https://iiif.dl.itc.u-tokyo.ac.jp/repo/api/items/1381294,"東京大学総合図書館 General Library, The University of Tokyo, JAPAN",http://iiif.io/api/presentation/2#rightToLeftDirection,,総合図書館所蔵青洲文庫,0144,,https://iiif.dl.itc.u-tokyo.ac.jp/repo/iiif/5dbc48d1-9169-0323-8a2c-d498402f0d97/manifest,,,,,85
元亨釋書 30巻 [8],A00:5804,ゲンコウ シャクショ,師錬,10,下村生藏,慶長10 [1605] [刊],和古書,日本語,"疏の書名: 東福海蔵禪院重刋元亨釋書|版心の書名: 尺|目録の冒頭に「大日本國延文庚子六月有旨入毘廬大蔵海蔵禪院寓居比丘單況等謹募衆縁恭爲今上皇帝祝延聖壽文武官僚資崇禄位國泰民安命工鏤梓與大蔵經印板共行一部計三十卷旹貞治三年甲辰正月日謹題」, 卷第28末に「斯卷者平安城人上池軒主惠勇捐財繡梓于時永和三祀丁巳九月也」との原刊語あり|表末に「元亨二年八月十六日臣師錬上表」とあり|疏末に「至徳元年甲子六月日疏」とあり|刊記に「慶長乙巳歳仲夏日 下村生藏刋之」とあり|四周双辺有界9行17字, 内匡廓: 21.6×17.5cm, 中黒口双黒魚尾|古活字版|卷第3-5は拠寛永元年跋刊本補配 (四周単辺無界9行17字, 内匡廓: 22.5×17.1cm, 中黒口双花魚尾)|卷第3-5は付訓あり|朱点, 朱引, 朱墨筆書き入れあり|印記:  「十輪院」, 「恭温」, 「寂然」, 「明運」, 「萬徳」, 「青洲文庫」(渡辺信)|虫損あり (裏打ち補修あり)",http://tify.sub.uni-goettingen.de/demo.html?manifest=https://archdataset.dl.itc.u-tokyo.ac.jp/manifest/d8c83062-0d79-8cc1-9637-35fda97e51cc.json,d8c83062-0d79-8cc1-9637-35fda97e51cc,https://iiif.dl.itc.u-tokyo.ac.jp/repo/s/seishu/,https://iiif.dl.itc.u-tokyo.ac.jp/repo/s/seishu/document/d8c83062-0d79-8cc1-9637-35fda97e51cc,https://www.lib.u-tokyo.ac.jp/ja/library/contents/archives-top/reuse,https://iiif.dl.itc.u-tokyo.ac.jp/repo/files/medium/2604fa25125a687436055bc56ed23c3bb7ee99c4.jpg,https://iiif.dl.itc.u-tokyo.ac.jp/repo/api/items/1381293,"東京大学総合図書館 General Library, The University of Tokyo, JAPAN",http://iiif.io/api/presentation/2#rightToLeftDirection,,総合図書館所蔵青洲文庫,0145,,https://iiif.dl.itc.u-tokyo.ac.jp/repo/iiif/d8c83062-0d79-8cc1-9637-35fda97e51cc/manifest,,,,,91
元亨釋書 30巻 [9],A00:5804,ゲンコウ シャクショ,師錬,10,下村生藏,慶長10 [1605] [刊],和古書,日本語,"疏の書名: 東福海蔵禪院重刋元亨釋書|版心の書名: 尺|目録の冒頭に「大日本國延文庚子六月有旨入毘廬大蔵海蔵禪院寓居比丘單況等謹募衆縁恭爲今上皇帝祝延聖壽文武官僚資崇禄位國泰民安命工鏤梓與大蔵經印板共行一部計三十卷旹貞治三年甲辰正月日謹題」, 卷第28末に「斯卷者平安城人上池軒主惠勇捐財繡梓于時永和三祀丁巳九月也」との原刊語あり|表末に「元亨二年八月十六日臣師錬上表」とあり|疏末に「至徳元年甲子六月日疏」とあり|刊記に「慶長乙巳歳仲夏日 下村生藏刋之」とあり|四周双辺有界9行17字, 内匡廓: 21.6×17.5cm, 中黒口双黒魚尾|古活字版|卷第3-5は拠寛永元年跋刊本補配 (四周単辺無界9行17字, 内匡廓: 22.5×17.1cm, 中黒口双花魚尾)|卷第3-5は付訓あり|朱点, 朱引, 朱墨筆書き入れあり|印記:  「十輪院」, 「恭温」, 「寂然」, 「明運」, 「萬徳」, 「青洲文庫」(渡辺信)|虫損あり (裏打ち補修あり)",http://tify.sub.uni-goettingen.de/demo.html?manifest=https://archdataset.dl.itc.u-tokyo.ac.jp/manifest/23d0d686-512e-0e1c-6cda-61e8b6019e04.json,23d0d686-512e-0e1c-6cda-61e8b6019e04,https://iiif.dl.itc.u-tokyo.ac.jp/repo/s/seishu/,https://iiif.dl.itc.u-tokyo.ac.jp/repo/s/seishu/document/23d0d686-512e-0e1c-6cda-61e8b6019e04,https://www.lib.u-tokyo.ac.jp/ja/library/contents/archives-top/reuse,https://iiif.dl.itc.u-tokyo.ac.jp/repo/files/medium/2e13210ae2b6ded7a0fd4688bcbab19d6ee3f600.jpg,https://iiif.dl.itc.u-tokyo.ac.jp/repo/api/items/1381292,"東京大学総合図書館 General Library, The University of Tokyo, JAPAN",http://iiif.io/api/presentation/2#rightToLeftDirection,,総合図書館所蔵青洲文庫,0146,,https://iiif.dl.itc.u-tokyo.ac.jp/repo/iiif/23d0d686-512e-0e1c-6cda-61e8b6019e04/manifest,,,,,91
元亨釋書 30巻 [10],A00:5804,ゲンコウ シャクショ,師錬,10,下村生藏,慶長10 [1605] [刊],和古書,日本語,"疏の書名: 東福海蔵禪院重刋元亨釋書|版心の書名: 尺|目録の冒頭に「大日本國延文庚子六月有旨入毘廬大蔵海蔵禪院寓居比丘單況等謹募衆縁恭爲今上皇帝祝延聖壽文武官僚資崇禄位國泰民安命工鏤梓與大蔵經印板共行一部計三十卷旹貞治三年甲辰正月日謹題」, 卷第28末に「斯卷者平安城人上池軒主惠勇捐財繡梓于時永和三祀丁巳九月也」との原刊語あり|表末に「元亨二年八月十六日臣師錬上表」とあり|疏末に「至徳元年甲子六月日疏」とあり|刊記に「慶長乙巳歳仲夏日 下村生藏刋之」とあり|四周双辺有界9行17字, 内匡廓: 21.6×17.5cm, 中黒口双黒魚尾|古活字版|卷第3-5は拠寛永元年跋刊本補配 (四周単辺無界9行17字, 内匡廓: 22.5×17.1cm, 中黒口双花魚尾)|卷第3-5は付訓あり|朱点, 朱引, 朱墨筆書き入れあり|印記:  「十輪院」, 「恭温」, 「寂然」, 「明運」, 「萬徳」, 「青洲文庫」(渡辺信)|虫損あり (裏打ち補修あり)",http://tify.sub.uni-goettingen.de/demo.html?manifest=https://archdataset.dl.itc.u-tokyo.ac.jp/manifest/d13cb142-5291-3527-8136-172bd0df586d.json,d13cb142-5291-3527-8136-172bd0df586d,https://iiif.dl.itc.u-tokyo.ac.jp/repo/s/seishu/,https://iiif.dl.itc.u-tokyo.ac.jp/repo/s/seishu/document/d13cb142-5291-3527-8136-172bd0df586d,https://www.lib.u-tokyo.ac.jp/ja/library/contents/archives-top/reuse,https://iiif.dl.itc.u-tokyo.ac.jp/repo/files/medium/32a675c21470c749edef6e9fc0a04b2f2a3cb4dc.jpg,https://iiif.dl.itc.u-tokyo.ac.jp/repo/api/items/1381291,"東京大学総合図書館 General Library, The University of Tokyo, JAPAN",http://iiif.io/api/presentation/2#rightToLeftDirection,,総合図書館所蔵青洲文庫,0147,,https://iiif.dl.itc.u-tokyo.ac.jp/repo/iiif/d13cb142-5291-3527-8136-172bd0df586d/manifest,,,,,79
倭玉篇 3巻 [1],A00:5805,ワゴクヘン,,3,[出版者不明],慶長15 [1610],和古書,日本語,"版心の書名: 和玉篇|刊記に「慶長庚戌仲春月」, 「於洛陽二條通二王門町開版焉」とあり|四周双辺有界7行注文双行, 内匡廓: 21.5×17.0cm, 黒口双花魚尾|付訓あり|卷中の見返しに「三嶋氏」との墨書あり|印記: 「青洲文庫」(渡辺信)|汚損, 虫損あり",http://tify.sub.uni-goettingen.de/demo.html?manifest=https://archdataset.dl.itc.u-tokyo.ac.jp/manifest/303bed1d-050d-537e-9717-e9ab2d148032.json,303bed1d-050d-537e-9717-e9ab2d148032,https://iiif.dl.itc.u-tokyo.ac.jp/repo/s/seishu/,https://iiif.dl.itc.u-tokyo.ac.jp/repo/s/seishu/document/303bed1d-050d-537e-9717-e9ab2d148032,https://www.lib.u-tokyo.ac.jp/ja/library/contents/archives-top/reuse,https://iiif.dl.itc.u-tokyo.ac.jp/repo/files/medium/3f9b7fe2c11893d975888f78886a4050d9b22cfb.jpg,https://iiif.dl.itc.u-tokyo.ac.jp/repo/api/items/1381290,"東京大学総合図書館 General Library, The University of Tokyo, JAPAN",http://iiif.io/api/presentation/2#rightToLeftDirection,,総合図書館所蔵青洲文庫,0148,,https://iiif.dl.itc.u-tokyo.ac.jp/repo/iiif/303bed1d-050d-537e-9717-e9ab2d148032/manifest,,,,,91
倭玉篇 3巻 [2],A00:5805,ワゴクヘン,,3,[出版者不明],慶長15 [1610],和古書,日本語,"版心の書名: 和玉篇|刊記に「慶長庚戌仲春月」, 「於洛陽二條通二王門町開版焉」とあり|四周双辺有界7行注文双行, 内匡廓: 21.5×17.0cm, 黒口双花魚尾|付訓あり|卷中の見返しに「三嶋氏」との墨書あり|印記: 「青洲文庫」(渡辺信)|汚損, 虫損あり",http://tify.sub.uni-goettingen.de/demo.html?manifest=https://archdataset.dl.itc.u-tokyo.ac.jp/manifest/2f65ad0a-5608-1b6b-798a-27c94fbe3c89.json,2f65ad0a-5608-1b6b-798a-27c94fbe3c89,https://iiif.dl.itc.u-tokyo.ac.jp/repo/s/seishu/,https://iiif.dl.itc.u-tokyo.ac.jp/repo/s/seishu/document/2f65ad0a-5608-1b6b-798a-27c94fbe3c89,https://www.lib.u-tokyo.ac.jp/ja/library/contents/archives-top/reuse,https://iiif.dl.itc.u-tokyo.ac.jp/repo/files/medium/a4619cb3ff67bf23c6ec96b9554879227b4c2013.jpg,https://iiif.dl.itc.u-tokyo.ac.jp/repo/api/items/1381289,"東京大学総合図書館 General Library, The University of Tokyo, JAPAN",http://iiif.io/api/presentation/2#rightToLeftDirection,,総合図書館所蔵青洲文庫,0149,,https://iiif.dl.itc.u-tokyo.ac.jp/repo/iiif/2f65ad0a-5608-1b6b-798a-27c94fbe3c89/manifest,,,,,86
倭玉篇 3巻 [3],A00:5805,ワゴクヘン,,3,[出版者不明],慶長15 [1610],和古書,日本語,"版心の書名: 和玉篇|刊記に「慶長庚戌仲春月」, 「於洛陽二條通二王門町開版焉」とあり|四周双辺有界7行注文双行, 内匡廓: 21.5×17.0cm, 黒口双花魚尾|付訓あり|卷中の見返しに「三嶋氏」との墨書あり|印記: 「青洲文庫」(渡辺信)|汚損, 虫損あり",http://tify.sub.uni-goettingen.de/demo.html?manifest=https://archdataset.dl.itc.u-tokyo.ac.jp/manifest/a2b371d4-7088-0ee8-1069-49db83415cce.json,a2b371d4-7088-0ee8-1069-49db83415cce,https://iiif.dl.itc.u-tokyo.ac.jp/repo/s/seishu/,https://iiif.dl.itc.u-tokyo.ac.jp/repo/s/seishu/document/a2b371d4-7088-0ee8-1069-49db83415cce,https://www.lib.u-tokyo.ac.jp/ja/library/contents/archives-top/reuse,https://iiif.dl.itc.u-tokyo.ac.jp/repo/files/medium/1351071549dd96378a1ae8c11657ef22803a2fff.jpg,https://iiif.dl.itc.u-tokyo.ac.jp/repo/api/items/1381288,"東京大学総合図書館 General Library, The University of Tokyo, JAPAN",http://iiif.io/api/presentation/2#rightToLeftDirection,,総合図書館所蔵青洲文庫,0150,,https://iiif.dl.itc.u-tokyo.ac.jp/repo/iiif/a2b371d4-7088-0ee8-1069-49db83415cce/manifest,,,,,77
論語 10巻 [1],A00:5806,ロンゴ,何 晏,2,今關正運,[慶長年間],和古書,日本語,"大尾の書名: 論語 : 經註|出版事項は同版『中庸』の刊記による|四周双辺有界7行17字注文双行, 内匡廓: 21.2×15.2cm, 中黒口双黒魚尾|古活字本|朱点, 朱引あり|墨筆訓点, 書き入れあり|印記: 「鷦鷯亭」(瓢箪形), 「天海藏」(天海), 「青洲文庫」(渡辺信)|虫損あり(裏打ち補修あり)",http://tify.sub.uni-goettingen.de/demo.html?manifest=https://archdataset.dl.itc.u-tokyo.ac.jp/manifest/2f8f4358-65ca-426f-4fdf-729ecc909dca.json,2f8f4358-65ca-426f-4fdf-729ecc909dca,https://iiif.dl.itc.u-tokyo.ac.jp/repo/s/seishu/,https://iiif.dl.itc.u-tokyo.ac.jp/repo/s/seishu/document/2f8f4358-65ca-426f-4fdf-729ecc909dca,https://www.lib.u-tokyo.ac.jp/ja/library/contents/archives-top/reuse,https://iiif.dl.itc.u-tokyo.ac.jp/repo/files/medium/9462a7292365b2919cd656d3f34fa6d715f7f4b3.jpg,https://iiif.dl.itc.u-tokyo.ac.jp/repo/api/items/1381287,"東京大学総合図書館 General Library, The University of Tokyo, JAPAN",http://iiif.io/api/presentation/2#rightToLeftDirection,,総合図書館所蔵青洲文庫,0151,,https://iiif.dl.itc.u-tokyo.ac.jp/repo/iiif/2f8f4358-65ca-426f-4fdf-729ecc909dca/manifest,,,,,62
論語 10巻 [2],A00:5806,ロンゴ,何 晏,2,今關正運,[慶長年間],和古書,日本語,"大尾の書名: 論語 : 經註|出版事項は同版『中庸』の刊記による|四周双辺有界7行17字注文双行, 内匡廓: 21.2×15.2cm, 中黒口双黒魚尾|古活字本|朱点, 朱引あり|墨筆訓点, 書き入れあり|印記: 「鷦鷯亭」(瓢箪形), 「天海藏」(天海), 「青洲文庫」(渡辺信)|虫損あり(裏打ち補修あり)",http://tify.sub.uni-goettingen.de/demo.html?manifest=https://archdataset.dl.itc.u-tokyo.ac.jp/manifest/7ac624cd-3249-82c9-4faf-467fed7713dd.json,7ac624cd-3249-82c9-4faf-467fed7713dd,https://iiif.dl.itc.u-tokyo.ac.jp/repo/s/seishu/,https://iiif.dl.itc.u-tokyo.ac.jp/repo/s/seishu/document/7ac624cd-3249-82c9-4faf-467fed7713dd,https://www.lib.u-tokyo.ac.jp/ja/library/contents/archives-top/reuse,https://iiif.dl.itc.u-tokyo.ac.jp/repo/files/medium/62080b6544b7767e92871e8febb639f36fd2ebd6.jpg,https://iiif.dl.itc.u-tokyo.ac.jp/repo/api/items/1381286,"東京大学総合図書館 General Library, The University of Tokyo, JAPAN",http://iiif.io/api/presentation/2#rightToLeftDirection,,総合図書館所蔵青洲文庫,0152,,https://iiif.dl.itc.u-tokyo.ac.jp/repo/iiif/7ac624cd-3249-82c9-4faf-467fed7713dd/manifest,,,,,66
孟子 14巻 [1],A00:5806,モウシ,趙 岐,5,今關正運,[慶長年間],和古書,日本語,"題辭の書名: 趙氏孟子|責任表示は『全國漢籍データベース』による|出版事項は同版『中庸』の刊記による|四周双辺有界7行17字注文双行, 内匡廓: 21.1×15.1cm, 中黒口双黒魚尾 (中黒口双花魚尾あり)|古活字本|朱点あり|墨筆訓点, 書き入れあり|印記: 「鷦鷯亭」(瓢箪形), 「天海藏」(天海), 「竹隠處士」, 「春印」, 「青洲文庫」(渡辺信)|虫損あり",http://tify.sub.uni-goettingen.de/demo.html?manifest=https://archdataset.dl.itc.u-tokyo.ac.jp/manifest/2b1335c0-3ac4-7011-9c47-431ea6603a23.json,2b1335c0-3ac4-7011-9c47-431ea6603a23,https://iiif.dl.itc.u-tokyo.ac.jp/repo/s/seishu/,https://iiif.dl.itc.u-tokyo.ac.jp/repo/s/seishu/document/2b1335c0-3ac4-7011-9c47-431ea6603a23,https://www.lib.u-tokyo.ac.jp/ja/library/contents/archives-top/reuse,https://iiif.dl.itc.u-tokyo.ac.jp/repo/files/medium/d4156098ae1c06c4a5683e4bf416f48cd3bdac6a.jpg,https://iiif.dl.itc.u-tokyo.ac.jp/repo/api/items/1381285,"東京大学総合図書館 General Library, The University of Tokyo, JAPAN",http://iiif.io/api/presentation/2#rightToLeftDirection,,総合図書館所蔵青洲文庫,0153,,https://iiif.dl.itc.u-tokyo.ac.jp/repo/iiif/2b1335c0-3ac4-7011-9c47-431ea6603a23/manifest,,,,,49
孟子 14巻 [2],A00:5806,モウシ,趙 岐,5,今關正運,[慶長年間],和古書,日本語,"題辭の書名: 趙氏孟子|責任表示は『全國漢籍データベース』による|出版事項は同版『中庸』の刊記による|四周双辺有界7行17字注文双行, 内匡廓: 21.1×15.1cm, 中黒口双黒魚尾 (中黒口双花魚尾あり)|古活字本|朱点あり|墨筆訓点, 書き入れあり|印記: 「鷦鷯亭」(瓢箪形), 「天海藏」(天海), 「竹隠處士」, 「春印」, 「青洲文庫」(渡辺信)|虫損あり",http://tify.sub.uni-goettingen.de/demo.html?manifest=https://archdataset.dl.itc.u-tokyo.ac.jp/manifest/6c99a1d3-63d1-9d0a-8808-38e6f45000f9.json,6c99a1d3-63d1-9d0a-8808-38e6f45000f9,https://iiif.dl.itc.u-tokyo.ac.jp/repo/s/seishu/,https://iiif.dl.itc.u-tokyo.ac.jp/repo/s/seishu/document/6c99a1d3-63d1-9d0a-8808-38e6f45000f9,https://www.lib.u-tokyo.ac.jp/ja/library/contents/archives-top/reuse,https://iiif.dl.itc.u-tokyo.ac.jp/repo/files/medium/dd62b7e97095b7b86be42e2640be4d206c5a725f.jpg,https://iiif.dl.itc.u-tokyo.ac.jp/repo/api/items/1381284,"東京大学総合図書館 General Library, The University of Tokyo, JAPAN",http://iiif.io/api/presentation/2#rightToLeftDirection,,総合図書館所蔵青洲文庫,0154,,https://iiif.dl.itc.u-tokyo.ac.jp/repo/iiif/6c99a1d3-63d1-9d0a-8808-38e6f45000f9/manifest,,,,,65
孟子 14巻 [3],A00:5806,モウシ,趙 岐,5,今關正運,[慶長年間],和古書,日本語,"題辭の書名: 趙氏孟子|責任表示は『全國漢籍データベース』による|出版事項は同版『中庸』の刊記による|四周双辺有界7行17字注文双行, 内匡廓: 21.1×15.1cm, 中黒口双黒魚尾 (中黒口双花魚尾あり)|古活字本|朱点あり|墨筆訓点, 書き入れあり|印記: 「鷦鷯亭」(瓢箪形), 「天海藏」(天海), 「竹隠處士」, 「春印」, 「青洲文庫」(渡辺信)|虫損あり",http://tify.sub.uni-goettingen.de/demo.html?manifest=https://archdataset.dl.itc.u-tokyo.ac.jp/manifest/8dd40eb9-9fbc-6f41-80d3-f67b4d63791e.json,8dd40eb9-9fbc-6f41-80d3-f67b4d63791e,https://iiif.dl.itc.u-tokyo.ac.jp/repo/s/seishu/,https://iiif.dl.itc.u-tokyo.ac.jp/repo/s/seishu/document/8dd40eb9-9fbc-6f41-80d3-f67b4d63791e,https://www.lib.u-tokyo.ac.jp/ja/library/contents/archives-top/reuse,https://iiif.dl.itc.u-tokyo.ac.jp/repo/files/medium/e0af173e5a9962871fcf3f2b3f07f55a8a4b6c80.jpg,https://iiif.dl.itc.u-tokyo.ac.jp/repo/api/items/1381283,"東京大学総合図書館 General Library, The University of Tokyo, JAPAN",http://iiif.io/api/presentation/2#rightToLeftDirection,,総合図書館所蔵青洲文庫,0155,,https://iiif.dl.itc.u-tokyo.ac.jp/repo/iiif/8dd40eb9-9fbc-6f41-80d3-f67b4d63791e/manifest,,,,,64
孟子 14巻 [4],A00:5806,モウシ,趙 岐,5,今關正運,[慶長年間],和古書,日本語,"題辭の書名: 趙氏孟子|責任表示は『全國漢籍データベース』による|出版事項は同版『中庸』の刊記による|四周双辺有界7行17字注文双行, 内匡廓: 21.1×15.1cm, 中黒口双黒魚尾 (中黒口双花魚尾あり)|古活字本|朱点あり|墨筆訓点, 書き入れあり|印記: 「鷦鷯亭」(瓢箪形), 「天海藏」(天海), 「竹隠處士」, 「春印」, 「青洲文庫」(渡辺信)|虫損あり",http://tify.sub.uni-goettingen.de/demo.html?manifest=https://archdataset.dl.itc.u-tokyo.ac.jp/manifest/8cab00f1-616a-647d-3298-0b9621673b93.json,8cab00f1-616a-647d-3298-0b9621673b93,https://iiif.dl.itc.u-tokyo.ac.jp/repo/s/seishu/,https://iiif.dl.itc.u-tokyo.ac.jp/repo/s/seishu/document/8cab00f1-616a-647d-3298-0b9621673b93,https://www.lib.u-tokyo.ac.jp/ja/library/contents/archives-top/reuse,https://iiif.dl.itc.u-tokyo.ac.jp/repo/files/medium/2123b908db4ef9058139d70a5034a326482e2ce5.jpg,https://iiif.dl.itc.u-tokyo.ac.jp/repo/api/items/1381282,"東京大学総合図書館 General Library, The University of Tokyo, JAPAN",http://iiif.io/api/presentation/2#rightToLeftDirection,,総合図書館所蔵青洲文庫,0156,,https://iiif.dl.itc.u-tokyo.ac.jp/repo/iiif/8cab00f1-616a-647d-3298-0b9621673b93/manifest,,,,,61
孟子 14巻 [5],A00:5806,モウシ,趙 岐,5,今關正運,[慶長年間],和古書,日本語,"題辭の書名: 趙氏孟子|責任表示は『全國漢籍データベース』による|出版事項は同版『中庸』の刊記による|四周双辺有界7行17字注文双行, 内匡廓: 21.1×15.1cm, 中黒口双黒魚尾 (中黒口双花魚尾あり)|古活字本|朱点あり|墨筆訓点, 書き入れあり|印記: 「鷦鷯亭」(瓢箪形), 「天海藏」(天海), 「竹隠處士」, 「春印」, 「青洲文庫」(渡辺信)|虫損あり",http://tify.sub.uni-goettingen.de/demo.html?manifest=https://archdataset.dl.itc.u-tokyo.ac.jp/manifest/07127d67-59f5-1566-4289-eee7099e654f.json,07127d67-59f5-1566-4289-eee7099e654f,https://iiif.dl.itc.u-tokyo.ac.jp/repo/s/seishu/,https://iiif.dl.itc.u-tokyo.ac.jp/repo/s/seishu/document/07127d67-59f5-1566-4289-eee7099e654f,https://www.lib.u-tokyo.ac.jp/ja/library/contents/archives-top/reuse,https://iiif.dl.itc.u-tokyo.ac.jp/repo/files/medium/b38305bebf562582fee0248f82a0a81c57f33cc4.jpg,https://iiif.dl.itc.u-tokyo.ac.jp/repo/api/items/1381281,"東京大学総合図書館 General Library, The University of Tokyo, JAPAN",http://iiif.io/api/presentation/2#rightToLeftDirection,,総合図書館所蔵青洲文庫,0157,,https://iiif.dl.itc.u-tokyo.ac.jp/repo/iiif/07127d67-59f5-1566-4289-eee7099e654f/manifest,,,,,68
大學,A00:5806,ダイガク,朱 熹,1,今關正運,[慶長年間],和古書,日本語,"大尾の書名: 大學章句|出版事項は同版『中庸』の刊記による|内題下に「大舊音泰今讀如字」とあり|四周双辺有界7行17字注文双行, 内匡廓: 21.3×15.1cm, 中黒口双黒魚尾 (中黒口双花魚尾あり)|古活字本|朱点, 朱引あり|墨筆訓点, 書き入れあり|印記: 「鷦鷯亭」(瓢箪形), 「天海藏」(天海), 「青洲文庫」(渡辺信)|虫損あり",http://tify.sub.uni-goettingen.de/demo.html?manifest=https://archdataset.dl.itc.u-tokyo.ac.jp/manifest/063544bc-8397-2fa7-3e77-9c5f92f202a9.json,063544bc-8397-2fa7-3e77-9c5f92f202a9,https://iiif.dl.itc.u-tokyo.ac.jp/repo/s/seishu/,https://iiif.dl.itc.u-tokyo.ac.jp/repo/s/seishu/document/063544bc-8397-2fa7-3e77-9c5f92f202a9,https://www.lib.u-tokyo.ac.jp/ja/library/contents/archives-top/reuse,https://iiif.dl.itc.u-tokyo.ac.jp/repo/files/medium/1e0a322f400e8c6735da05ddbebb0e9e77b72a98.jpg,https://iiif.dl.itc.u-tokyo.ac.jp/repo/api/items/1381280,"東京大学総合図書館 General Library, The University of Tokyo, JAPAN",http://iiif.io/api/presentation/2#rightToLeftDirection,,総合図書館所蔵青洲文庫,0158,,https://iiif.dl.itc.u-tokyo.ac.jp/repo/iiif/063544bc-8397-2fa7-3e77-9c5f92f202a9/manifest,,,,,27
中庸 1巻坿補音釋1巻,A00:5806,チュウヨウ,朱 熹,1,今關正運,[慶長年間],和古書,日本語,"大尾の書名: 中庸章句|刊記に「關東上総住今關正運刋」とあり|内題下に「中者不偏不倚無過不及之名庸平常也」とあり|四周双辺有界7行17字注文双行, 内匡廓: 21.3×15.1cm, 中黒口双花魚尾 (中黒口双黒魚尾あり)|古活字本|朱点あり|墨筆訓点, 書き入れあり|印記: 「鷦鷯亭」(瓢箪形), 「天海藏」(天海), 「青洲文庫」(渡辺信)|虫損あり",http://tify.sub.uni-goettingen.de/demo.html?manifest=https://archdataset.dl.itc.u-tokyo.ac.jp/manifest/8a4420a0-9f2d-0fe5-630f-34da94a27d2e.json,8a4420a0-9f2d-0fe5-630f-34da94a27d2e,https://iiif.dl.itc.u-tokyo.ac.jp/repo/s/seishu/,https://iiif.dl.itc.u-tokyo.ac.jp/repo/s/seishu/document/8a4420a0-9f2d-0fe5-630f-34da94a27d2e,https://www.lib.u-tokyo.ac.jp/ja/library/contents/archives-top/reuse,https://iiif.dl.itc.u-tokyo.ac.jp/repo/files/medium/c2bc3799880150ddb03ba04793889160137c5200.jpg,https://iiif.dl.itc.u-tokyo.ac.jp/repo/api/items/1381279,"東京大学総合図書館 General Library, The University of Tokyo, JAPAN",http://iiif.io/api/presentation/2#rightToLeftDirection,,総合図書館所蔵青洲文庫,0159,,https://iiif.dl.itc.u-tokyo.ac.jp/repo/iiif/8a4420a0-9f2d-0fe5-630f-34da94a27d2e/manifest,,,,,49
周易 9巻坿略例 2巻 [1],A00:5807,シュウエキ,王 弼,5,[出版者不明],[寛永年間],和古書,日本語,"小口書: 周易注|卷第1: 上經乾傳. 卷第2: 上經泰傳. 卷第3: 上經噬嗑傳. 卷第4: 下經咸傳. 卷第5: 下經夬傳. 卷第6: 下經豐傳, 卷第7-8: 繋辭. 卷第9: 説卦, 卷第10: 略例(上下)|四周双辺無界8行17字注文双行, 内匡廓: 20.1×16.2cm, 中黒口双黒魚尾|訓点付|朱点あり|印記: 「江雲渭樹」, 「林氏藏書」(林羅山), 「拂下印」, 「昌平坂學問所」, 「青洲文庫」(渡辺信)|虫損あり",http://tify.sub.uni-goettingen.de/demo.html?manifest=https://archdataset.dl.itc.u-tokyo.ac.jp/manifest/73d4a1f9-7510-0713-0c08-3b525f0149c1.json,73d4a1f9-7510-0713-0c08-3b525f0149c1,https://iiif.dl.itc.u-tokyo.ac.jp/repo/s/seishu/,https://iiif.dl.itc.u-tokyo.ac.jp/repo/s/seishu/document/73d4a1f9-7510-0713-0c08-3b525f0149c1,https://www.lib.u-tokyo.ac.jp/ja/library/contents/archives-top/reuse,https://iiif.dl.itc.u-tokyo.ac.jp/repo/files/medium/80f3d57d30fb704271b70148217dff8f8a8d9cda.jpg,https://iiif.dl.itc.u-tokyo.ac.jp/repo/api/items/1381278,"東京大学総合図書館 General Library, The University of Tokyo, JAPAN",http://iiif.io/api/presentation/2#rightToLeftDirection,,総合図書館所蔵青洲文庫,0160,,https://iiif.dl.itc.u-tokyo.ac.jp/repo/iiif/73d4a1f9-7510-0713-0c08-3b525f0149c1/manifest,,,,,44
周易 9巻坿略例 2巻 [2],A00:5807,シュウエキ,王 弼,5,[出版者不明],[寛永年間],和古書,日本語,"小口書: 周易注|卷第1: 上經乾傳. 卷第2: 上經泰傳. 卷第3: 上經噬嗑傳. 卷第4: 下經咸傳. 卷第5: 下經夬傳. 卷第6: 下經豐傳, 卷第7-8: 繋辭. 卷第9: 説卦, 卷第10: 略例(上下)|四周双辺無界8行17字注文双行, 内匡廓: 20.1×16.2cm, 中黒口双黒魚尾|訓点付|朱点あり|印記: 「江雲渭樹」, 「林氏藏書」(林羅山), 「拂下印」, 「昌平坂學問所」, 「青洲文庫」(渡辺信)|虫損あり",http://tify.sub.uni-goettingen.de/demo.html?manifest=https://archdataset.dl.itc.u-tokyo.ac.jp/manifest/b81e3788-1969-77d2-694f-935f44113e00.json,b81e3788-1969-77d2-694f-935f44113e00,https://iiif.dl.itc.u-tokyo.ac.jp/repo/s/seishu/,https://iiif.dl.itc.u-tokyo.ac.jp/repo/s/seishu/document/b81e3788-1969-77d2-694f-935f44113e00,https://www.lib.u-tokyo.ac.jp/ja/library/contents/archives-top/reuse,https://iiif.dl.itc.u-tokyo.ac.jp/repo/files/medium/ff14d033643adaade0d1045631ffb3f070f1635a.jpg,https://iiif.dl.itc.u-tokyo.ac.jp/repo/api/items/1381277,"東京大学総合図書館 General Library, The University of Tokyo, JAPAN",http://iiif.io/api/presentation/2#rightToLeftDirection,,総合図書館所蔵青洲文庫,0161,,https://iiif.dl.itc.u-tokyo.ac.jp/repo/iiif/b81e3788-1969-77d2-694f-935f44113e00/manifest,,,,,41
周易 9巻坿略例 2巻 [3],A00:5807,シュウエキ,王 弼,5,[出版者不明],[寛永年間],和古書,日本語,"小口書: 周易注|卷第1: 上經乾傳. 卷第2: 上經泰傳. 卷第3: 上經噬嗑傳. 卷第4: 下經咸傳. 卷第5: 下經夬傳. 卷第6: 下經豐傳, 卷第7-8: 繋辭. 卷第9: 説卦, 卷第10: 略例(上下)|四周双辺無界8行17字注文双行, 内匡廓: 20.1×16.2cm, 中黒口双黒魚尾|訓点付|朱点あり|印記: 「江雲渭樹」, 「林氏藏書」(林羅山), 「拂下印」, 「昌平坂學問所」, 「青洲文庫」(渡辺信)|虫損あり",http://tify.sub.uni-goettingen.de/demo.html?manifest=https://archdataset.dl.itc.u-tokyo.ac.jp/manifest/da5f5649-9280-1a44-0c61-f793e5a7883c.json,da5f5649-9280-1a44-0c61-f793e5a7883c,https://iiif.dl.itc.u-tokyo.ac.jp/repo/s/seishu/,https://iiif.dl.itc.u-tokyo.ac.jp/repo/s/seishu/document/da5f5649-9280-1a44-0c61-f793e5a7883c,https://www.lib.u-tokyo.ac.jp/ja/library/contents/archives-top/reuse,https://iiif.dl.itc.u-tokyo.ac.jp/repo/files/medium/16ad5222cdcd9e9845e8749812209dbfc91e8793.jpg,https://iiif.dl.itc.u-tokyo.ac.jp/repo/api/items/1381276,"東京大学総合図書館 General Library, The University of Tokyo, JAPAN",http://iiif.io/api/presentation/2#rightToLeftDirection,,総合図書館所蔵青洲文庫,0162,,https://iiif.dl.itc.u-tokyo.ac.jp/repo/iiif/da5f5649-9280-1a44-0c61-f793e5a7883c/manifest,,,,,43
周易 9巻坿略例 2巻 [4],A00:5807,シュウエキ,王 弼,5,[出版者不明],[寛永年間],和古書,日本語,"小口書: 周易注|卷第1: 上經乾傳. 卷第2: 上經泰傳. 卷第3: 上經噬嗑傳. 卷第4: 下經咸傳. 卷第5: 下經夬傳. 卷第6: 下經豐傳, 卷第7-8: 繋辭. 卷第9: 説卦, 卷第10: 略例(上下)|四周双辺無界8行17字注文双行, 内匡廓: 20.1×16.2cm, 中黒口双黒魚尾|訓点付|朱点あり|印記: 「江雲渭樹」, 「林氏藏書」(林羅山), 「拂下印」, 「昌平坂學問所」, 「青洲文庫」(渡辺信)|虫損あり",http://tify.sub.uni-goettingen.de/demo.html?manifest=https://archdataset.dl.itc.u-tokyo.ac.jp/manifest/13c623ba-1641-8fa0-7cdb-e7cc876e4197.json,13c623ba-1641-8fa0-7cdb-e7cc876e4197,https://iiif.dl.itc.u-tokyo.ac.jp/repo/s/seishu/,https://iiif.dl.itc.u-tokyo.ac.jp/repo/s/seishu/document/13c623ba-1641-8fa0-7cdb-e7cc876e4197,https://www.lib.u-tokyo.ac.jp/ja/library/contents/archives-top/reuse,https://iiif.dl.itc.u-tokyo.ac.jp/repo/files/medium/a6e12087556bd0691433085a556d9bd26cb9e1c6.jpg,https://iiif.dl.itc.u-tokyo.ac.jp/repo/api/items/1381275,"東京大学総合図書館 General Library, The University of Tokyo, JAPAN",http://iiif.io/api/presentation/2#rightToLeftDirection,,総合図書館所蔵青洲文庫,0163,,https://iiif.dl.itc.u-tokyo.ac.jp/repo/iiif/13c623ba-1641-8fa0-7cdb-e7cc876e4197/manifest,,,,,31
周易 9巻坿略例 2巻 [5],A00:5807,シュウエキ,王 弼,5,[出版者不明],[寛永年間],和古書,日本語,"小口書: 周易注|卷第1: 上經乾傳. 卷第2: 上經泰傳. 卷第3: 上經噬嗑傳. 卷第4: 下經咸傳. 卷第5: 下經夬傳. 卷第6: 下經豐傳, 卷第7-8: 繋辭. 卷第9: 説卦, 卷第10: 略例(上下)|四周双辺無界8行17字注文双行, 内匡廓: 20.1×16.2cm, 中黒口双黒魚尾|訓点付|朱点あり|印記: 「江雲渭樹」, 「林氏藏書」(林羅山), 「拂下印」, 「昌平坂學問所」, 「青洲文庫」(渡辺信)|虫損あり",http://tify.sub.uni-goettingen.de/demo.html?manifest=https://archdataset.dl.itc.u-tokyo.ac.jp/manifest/8d79338d-536f-3d6b-4649-6e44ea4b6bdd.json,8d79338d-536f-3d6b-4649-6e44ea4b6bdd,https://iiif.dl.itc.u-tokyo.ac.jp/repo/s/seishu/,https://iiif.dl.itc.u-tokyo.ac.jp/repo/s/seishu/document/8d79338d-536f-3d6b-4649-6e44ea4b6bdd,https://www.lib.u-tokyo.ac.jp/ja/library/contents/archives-top/reuse,https://iiif.dl.itc.u-tokyo.ac.jp/repo/files/medium/439eeb44e2f50203d74e88d3dba98c826ce67585.jpg,https://iiif.dl.itc.u-tokyo.ac.jp/repo/api/items/1381274,"東京大学総合図書館 General Library, The University of Tokyo, JAPAN",http://iiif.io/api/presentation/2#rightToLeftDirection,,総合図書館所蔵青洲文庫,0164,,https://iiif.dl.itc.u-tokyo.ac.jp/repo/iiif/8d79338d-536f-3d6b-4649-6e44ea4b6bdd/manifest,,,,,36
塵添壒囊鈔 20巻 [1],A00:5808,ジンテン アイノウショウ,行誉,20,[出版者不明],[江戸初期],和古書,日本語,"序首の書名: 塵添壒囊抄|題簽の書名: 新板塵添壒囊鈔|版心の書名: 壒囊鈔|序に「于世有壒囊抄七巻觀勝寺行譽渉之所撰也又有塵袋十巻不知作者 ... 于時天文元壬辰年二月上旬三日 釋氏某比丘」とあり|巻末に「于時文安二乙丑年十二月十日上下本末四帖書功終之者也比興比興 桒門行譽」(卷第11), 「于時文安三年丙寅五月廾五日 終書功畢/觀勝寺 金剛佛子行譽」(卷第20)とあり|四周双辺有界11行21字, 内匡廓: 21.3×15.6cm, 中黒口双花魚尾|訓点付|卷第20の後見返しに「社 載蓮松碧運譽圎智」, 「知諦之」との墨書あり|印記: 「来迎寺輪譽」, 「青洲文庫」(渡辺信)|虫損あり",http://tify.sub.uni-goettingen.de/demo.html?manifest=https://archdataset.dl.itc.u-tokyo.ac.jp/manifest/5595dbf7-0db4-796c-3dd7-f002cf8a4a0c.json,5595dbf7-0db4-796c-3dd7-f002cf8a4a0c,https://iiif.dl.itc.u-tokyo.ac.jp/repo/s/seishu/,https://iiif.dl.itc.u-tokyo.ac.jp/repo/s/seishu/document/5595dbf7-0db4-796c-3dd7-f002cf8a4a0c,https://www.lib.u-tokyo.ac.jp/ja/library/contents/archives-top/reuse,https://iiif.dl.itc.u-tokyo.ac.jp/repo/files/medium/fb4abbc2a3da6ab05eb3d5683679aa076bab8bc7.jpg,https://iiif.dl.itc.u-tokyo.ac.jp/repo/api/items/1381273,"東京大学総合図書館 General Library, The University of Tokyo, JAPAN",http://iiif.io/api/presentation/2#rightToLeftDirection,,総合図書館所蔵青洲文庫,0165,,https://iiif.dl.itc.u-tokyo.ac.jp/repo/iiif/5595dbf7-0db4-796c-3dd7-f002cf8a4a0c/manifest,,,,,48
塵添壒囊鈔 20巻 [2],A00:5808,ジンテン アイノウショウ,行誉,20,[出版者不明],[江戸初期],和古書,日本語,"序首の書名: 塵添壒囊抄|題簽の書名: 新板塵添壒囊鈔|版心の書名: 壒囊鈔|序に「于世有壒囊抄七巻觀勝寺行譽渉之所撰也又有塵袋十巻不知作者 ... 于時天文元壬辰年二月上旬三日 釋氏某比丘」とあり|巻末に「于時文安二乙丑年十二月十日上下本末四帖書功終之者也比興比興 桒門行譽」(卷第11), 「于時文安三年丙寅五月廾五日 終書功畢/觀勝寺 金剛佛子行譽」(卷第20)とあり|四周双辺有界11行21字, 内匡廓: 21.3×15.6cm, 中黒口双花魚尾|訓点付|卷第20の後見返しに「社 載蓮松碧運譽圎智」, 「知諦之」との墨書あり|印記: 「来迎寺輪譽」, 「青洲文庫」(渡辺信)|虫損あり",http://tify.sub.uni-goettingen.de/demo.html?manifest=https://archdataset.dl.itc.u-tokyo.ac.jp/manifest/bfcd6538-40ad-44c4-9d5e-6b49329456d7.json,bfcd6538-40ad-44c4-9d5e-6b49329456d7,https://iiif.dl.itc.u-tokyo.ac.jp/repo/s/seishu/,https://iiif.dl.itc.u-tokyo.ac.jp/repo/s/seishu/document/bfcd6538-40ad-44c4-9d5e-6b49329456d7,https://www.lib.u-tokyo.ac.jp/ja/library/contents/archives-top/reuse,https://iiif.dl.itc.u-tokyo.ac.jp/repo/files/medium/5782ae01860990e19ccd98279af34821abf47427.jpg,https://iiif.dl.itc.u-tokyo.ac.jp/repo/api/items/1381272,"東京大学総合図書館 General Library, The University of Tokyo, JAPAN",http://iiif.io/api/presentation/2#rightToLeftDirection,,総合図書館所蔵青洲文庫,0166,,https://iiif.dl.itc.u-tokyo.ac.jp/repo/iiif/bfcd6538-40ad-44c4-9d5e-6b49329456d7/manifest,,,,,50
塵添壒囊鈔 20巻 [3],A00:5808,ジンテン アイノウショウ,行誉,20,[出版者不明],[江戸初期],和古書,日本語,"序首の書名: 塵添壒囊抄|題簽の書名: 新板塵添壒囊鈔|版心の書名: 壒囊鈔|序に「于世有壒囊抄七巻觀勝寺行譽渉之所撰也又有塵袋十巻不知作者 ... 于時天文元壬辰年二月上旬三日 釋氏某比丘」とあり|巻末に「于時文安二乙丑年十二月十日上下本末四帖書功終之者也比興比興 桒門行譽」(卷第11), 「于時文安三年丙寅五月廾五日 終書功畢/觀勝寺 金剛佛子行譽」(卷第20)とあり|四周双辺有界11行21字, 内匡廓: 21.3×15.6cm, 中黒口双花魚尾|訓点付|卷第20の後見返しに「社 載蓮松碧運譽圎智」, 「知諦之」との墨書あり|印記: 「来迎寺輪譽」, 「青洲文庫」(渡辺信)|虫損あり",http://tify.sub.uni-goettingen.de/demo.html?manifest=https://archdataset.dl.itc.u-tokyo.ac.jp/manifest/d1ddda10-9b7d-991e-6139-bae8093c525a.json,d1ddda10-9b7d-991e-6139-bae8093c525a,https://iiif.dl.itc.u-tokyo.ac.jp/repo/s/seishu/,https://iiif.dl.itc.u-tokyo.ac.jp/repo/s/seishu/document/d1ddda10-9b7d-991e-6139-bae8093c525a,https://www.lib.u-tokyo.ac.jp/ja/library/contents/archives-top/reuse,https://iiif.dl.itc.u-tokyo.ac.jp/repo/files/medium/d8f029d4c15c5159d2c68ed60df2ca44c558ead1.jpg,https://iiif.dl.itc.u-tokyo.ac.jp/repo/api/items/1381271,"東京大学総合図書館 General Library, The University of Tokyo, JAPAN",http://iiif.io/api/presentation/2#rightToLeftDirection,,総合図書館所蔵青洲文庫,0167,,https://iiif.dl.itc.u-tokyo.ac.jp/repo/iiif/d1ddda10-9b7d-991e-6139-bae8093c525a/manifest,,,,,52
塵添壒囊鈔 20巻 [4],A00:5808,ジンテン アイノウショウ,行誉,20,[出版者不明],[江戸初期],和古書,日本語,"序首の書名: 塵添壒囊抄|題簽の書名: 新板塵添壒囊鈔|版心の書名: 壒囊鈔|序に「于世有壒囊抄七巻觀勝寺行譽渉之所撰也又有塵袋十巻不知作者 ... 于時天文元壬辰年二月上旬三日 釋氏某比丘」とあり|巻末に「于時文安二乙丑年十二月十日上下本末四帖書功終之者也比興比興 桒門行譽」(卷第11), 「于時文安三年丙寅五月廾五日 終書功畢/觀勝寺 金剛佛子行譽」(卷第20)とあり|四周双辺有界11行21字, 内匡廓: 21.3×15.6cm, 中黒口双花魚尾|訓点付|卷第20の後見返しに「社 載蓮松碧運譽圎智」, 「知諦之」との墨書あり|印記: 「来迎寺輪譽」, 「青洲文庫」(渡辺信)|虫損あり",http://tify.sub.uni-goettingen.de/demo.html?manifest=https://archdataset.dl.itc.u-tokyo.ac.jp/manifest/e39c7a62-12db-023b-995d-1ba63e2162b3.json,e39c7a62-12db-023b-995d-1ba63e2162b3,https://iiif.dl.itc.u-tokyo.ac.jp/repo/s/seishu/,https://iiif.dl.itc.u-tokyo.ac.jp/repo/s/seishu/document/e39c7a62-12db-023b-995d-1ba63e2162b3,https://www.lib.u-tokyo.ac.jp/ja/library/contents/archives-top/reuse,https://iiif.dl.itc.u-tokyo.ac.jp/repo/files/medium/5ec90e24b5ac5de636745d75a0b3d870ac370b49.jpg,https://iiif.dl.itc.u-tokyo.ac.jp/repo/api/items/1381270,"東京大学総合図書館 General Library, The University of Tokyo, JAPAN",http://iiif.io/api/presentation/2#rightToLeftDirection,,総合図書館所蔵青洲文庫,0168,,https://iiif.dl.itc.u-tokyo.ac.jp/repo/iiif/e39c7a62-12db-023b-995d-1ba63e2162b3/manifest,,,,,56
塵添壒囊鈔 20巻 [5],A00:5808,ジンテン アイノウショウ,行誉,20,[出版者不明],[江戸初期],和古書,日本語,"序首の書名: 塵添壒囊抄|題簽の書名: 新板塵添壒囊鈔|版心の書名: 壒囊鈔|序に「于世有壒囊抄七巻觀勝寺行譽渉之所撰也又有塵袋十巻不知作者 ... 于時天文元壬辰年二月上旬三日 釋氏某比丘」とあり|巻末に「于時文安二乙丑年十二月十日上下本末四帖書功終之者也比興比興 桒門行譽」(卷第11), 「于時文安三年丙寅五月廾五日 終書功畢/觀勝寺 金剛佛子行譽」(卷第20)とあり|四周双辺有界11行21字, 内匡廓: 21.3×15.6cm, 中黒口双花魚尾|訓点付|卷第20の後見返しに「社 載蓮松碧運譽圎智」, 「知諦之」との墨書あり|印記: 「来迎寺輪譽」, 「青洲文庫」(渡辺信)|虫損あり",http://tify.sub.uni-goettingen.de/demo.html?manifest=https://archdataset.dl.itc.u-tokyo.ac.jp/manifest/492bfd57-3b4b-3a8a-637e-10758ccf567e.json,492bfd57-3b4b-3a8a-637e-10758ccf567e,https://iiif.dl.itc.u-tokyo.ac.jp/repo/s/seishu/,https://iiif.dl.itc.u-tokyo.ac.jp/repo/s/seishu/document/492bfd57-3b4b-3a8a-637e-10758ccf567e,https://www.lib.u-tokyo.ac.jp/ja/library/contents/archives-top/reuse,https://iiif.dl.itc.u-tokyo.ac.jp/repo/files/medium/a262d6d95ca0dba18d0e1e21f18a1543a7fa8099.jpg,https://iiif.dl.itc.u-tokyo.ac.jp/repo/api/items/1381269,"東京大学総合図書館 General Library, The University of Tokyo, JAPAN",http://iiif.io/api/presentation/2#rightToLeftDirection,,総合図書館所蔵青洲文庫,0169,,https://iiif.dl.itc.u-tokyo.ac.jp/repo/iiif/492bfd57-3b4b-3a8a-637e-10758ccf567e/manifest,,,,,50
塵添壒囊鈔 20巻 [6],A00:5808,ジンテン アイノウショウ,行誉,20,[出版者不明],[江戸初期],和古書,日本語,"序首の書名: 塵添壒囊抄|題簽の書名: 新板塵添壒囊鈔|版心の書名: 壒囊鈔|序に「于世有壒囊抄七巻觀勝寺行譽渉之所撰也又有塵袋十巻不知作者 ... 于時天文元壬辰年二月上旬三日 釋氏某比丘」とあり|巻末に「于時文安二乙丑年十二月十日上下本末四帖書功終之者也比興比興 桒門行譽」(卷第11), 「于時文安三年丙寅五月廾五日 終書功畢/觀勝寺 金剛佛子行譽」(卷第20)とあり|四周双辺有界11行21字, 内匡廓: 21.3×15.6cm, 中黒口双花魚尾|訓点付|卷第20の後見返しに「社 載蓮松碧運譽圎智」, 「知諦之」との墨書あり|印記: 「来迎寺輪譽」, 「青洲文庫」(渡辺信)|虫損あり",http://tify.sub.uni-goettingen.de/demo.html?manifest=https://archdataset.dl.itc.u-tokyo.ac.jp/manifest/5b6aa426-7c0e-87bb-4cf5-fd0db7fd0772.json,5b6aa426-7c0e-87bb-4cf5-fd0db7fd0772,https://iiif.dl.itc.u-tokyo.ac.jp/repo/s/seishu/,https://iiif.dl.itc.u-tokyo.ac.jp/repo/s/seishu/document/5b6aa426-7c0e-87bb-4cf5-fd0db7fd0772,https://www.lib.u-tokyo.ac.jp/ja/library/contents/archives-top/reuse,https://iiif.dl.itc.u-tokyo.ac.jp/repo/files/medium/d9d3bd084a2279420658cde22c3c05763d3804c1.jpg,https://iiif.dl.itc.u-tokyo.ac.jp/repo/api/items/1381268,"東京大学総合図書館 General Library, The University of Tokyo, JAPAN",http://iiif.io/api/presentation/2#rightToLeftDirection,,総合図書館所蔵青洲文庫,0170,,https://iiif.dl.itc.u-tokyo.ac.jp/repo/iiif/5b6aa426-7c0e-87bb-4cf5-fd0db7fd0772/manifest,,,,,39
塵添壒囊鈔 20巻 [7],A00:5808,ジンテン アイノウショウ,行誉,20,[出版者不明],[江戸初期],和古書,日本語,"序首の書名: 塵添壒囊抄|題簽の書名: 新板塵添壒囊鈔|版心の書名: 壒囊鈔|序に「于世有壒囊抄七巻觀勝寺行譽渉之所撰也又有塵袋十巻不知作者 ... 于時天文元壬辰年二月上旬三日 釋氏某比丘」とあり|巻末に「于時文安二乙丑年十二月十日上下本末四帖書功終之者也比興比興 桒門行譽」(卷第11), 「于時文安三年丙寅五月廾五日 終書功畢/觀勝寺 金剛佛子行譽」(卷第20)とあり|四周双辺有界11行21字, 内匡廓: 21.3×15.6cm, 中黒口双花魚尾|訓点付|卷第20の後見返しに「社 載蓮松碧運譽圎智」, 「知諦之」との墨書あり|印記: 「来迎寺輪譽」, 「青洲文庫」(渡辺信)|虫損あり",http://tify.sub.uni-goettingen.de/demo.html?manifest=https://archdataset.dl.itc.u-tokyo.ac.jp/manifest/e1b6926a-a3cb-340a-3f7f-02d303be339f.json,e1b6926a-a3cb-340a-3f7f-02d303be339f,https://iiif.dl.itc.u-tokyo.ac.jp/repo/s/seishu/,https://iiif.dl.itc.u-tokyo.ac.jp/repo/s/seishu/document/e1b6926a-a3cb-340a-3f7f-02d303be339f,https://www.lib.u-tokyo.ac.jp/ja/library/contents/archives-top/reuse,https://iiif.dl.itc.u-tokyo.ac.jp/repo/files/medium/3bb72c3d86960e56ecd3085b1a484cb783e22832.jpg,https://iiif.dl.itc.u-tokyo.ac.jp/repo/api/items/1381267,"東京大学総合図書館 General Library, The University of Tokyo, JAPAN",http://iiif.io/api/presentation/2#rightToLeftDirection,,総合図書館所蔵青洲文庫,0171,,https://iiif.dl.itc.u-tokyo.ac.jp/repo/iiif/e1b6926a-a3cb-340a-3f7f-02d303be339f/manifest,,,,,38
塵添壒囊鈔 20巻 [8],A00:5808,ジンテン アイノウショウ,行誉,20,[出版者不明],[江戸初期],和古書,日本語,"序首の書名: 塵添壒囊抄|題簽の書名: 新板塵添壒囊鈔|版心の書名: 壒囊鈔|序に「于世有壒囊抄七巻觀勝寺行譽渉之所撰也又有塵袋十巻不知作者 ... 于時天文元壬辰年二月上旬三日 釋氏某比丘」とあり|巻末に「于時文安二乙丑年十二月十日上下本末四帖書功終之者也比興比興 桒門行譽」(卷第11), 「于時文安三年丙寅五月廾五日 終書功畢/觀勝寺 金剛佛子行譽」(卷第20)とあり|四周双辺有界11行21字, 内匡廓: 21.3×15.6cm, 中黒口双花魚尾|訓点付|卷第20の後見返しに「社 載蓮松碧運譽圎智」, 「知諦之」との墨書あり|印記: 「来迎寺輪譽」, 「青洲文庫」(渡辺信)|虫損あり",http://tify.sub.uni-goettingen.de/demo.html?manifest=https://archdataset.dl.itc.u-tokyo.ac.jp/manifest/4b055b30-778c-3e52-9482-51bc08f934c2.json,4b055b30-778c-3e52-9482-51bc08f934c2,https://iiif.dl.itc.u-tokyo.ac.jp/repo/s/seishu/,https://iiif.dl.itc.u-tokyo.ac.jp/repo/s/seishu/document/4b055b30-778c-3e52-9482-51bc08f934c2,https://www.lib.u-tokyo.ac.jp/ja/library/contents/archives-top/reuse,https://iiif.dl.itc.u-tokyo.ac.jp/repo/files/medium/6105d57ae7d13115165f150eefafa945adc356a8.jpg,https://iiif.dl.itc.u-tokyo.ac.jp/repo/api/items/1381266,"東京大学総合図書館 General Library, The University of Tokyo, JAPAN",http://iiif.io/api/presentation/2#rightToLeftDirection,,総合図書館所蔵青洲文庫,0172,,https://iiif.dl.itc.u-tokyo.ac.jp/repo/iiif/4b055b30-778c-3e52-9482-51bc08f934c2/manifest,,,,,47
塵添壒囊鈔 20巻 [9],A00:5808,ジンテン アイノウショウ,行誉,20,[出版者不明],[江戸初期],和古書,日本語,"序首の書名: 塵添壒囊抄|題簽の書名: 新板塵添壒囊鈔|版心の書名: 壒囊鈔|序に「于世有壒囊抄七巻觀勝寺行譽渉之所撰也又有塵袋十巻不知作者 ... 于時天文元壬辰年二月上旬三日 釋氏某比丘」とあり|巻末に「于時文安二乙丑年十二月十日上下本末四帖書功終之者也比興比興 桒門行譽」(卷第11), 「于時文安三年丙寅五月廾五日 終書功畢/觀勝寺 金剛佛子行譽」(卷第20)とあり|四周双辺有界11行21字, 内匡廓: 21.3×15.6cm, 中黒口双花魚尾|訓点付|卷第20の後見返しに「社 載蓮松碧運譽圎智」, 「知諦之」との墨書あり|印記: 「来迎寺輪譽」, 「青洲文庫」(渡辺信)|虫損あり",http://tify.sub.uni-goettingen.de/demo.html?manifest=https://archdataset.dl.itc.u-tokyo.ac.jp/manifest/cdf59b22-022e-8c7d-4b8d-89bcad5a98bc.json,cdf59b22-022e-8c7d-4b8d-89bcad5a98bc,https://iiif.dl.itc.u-tokyo.ac.jp/repo/s/seishu/,https://iiif.dl.itc.u-tokyo.ac.jp/repo/s/seishu/document/cdf59b22-022e-8c7d-4b8d-89bcad5a98bc,https://www.lib.u-tokyo.ac.jp/ja/library/contents/archives-top/reuse,https://iiif.dl.itc.u-tokyo.ac.jp/repo/files/medium/221a89ae7e5e375ab2c9a03f6f76d1179a5334a1.jpg,https://iiif.dl.itc.u-tokyo.ac.jp/repo/api/items/1381265,"東京大学総合図書館 General Library, The University of Tokyo, JAPAN",http://iiif.io/api/presentation/2#rightToLeftDirection,,総合図書館所蔵青洲文庫,0173,,https://iiif.dl.itc.u-tokyo.ac.jp/repo/iiif/cdf59b22-022e-8c7d-4b8d-89bcad5a98bc/manifest,,,,,44
塵添壒囊鈔 20巻 [10],A00:5808,ジンテン アイノウショウ,行誉,20,[出版者不明],[江戸初期],和古書,日本語,"序首の書名: 塵添壒囊抄|題簽の書名: 新板塵添壒囊鈔|版心の書名: 壒囊鈔|序に「于世有壒囊抄七巻觀勝寺行譽渉之所撰也又有塵袋十巻不知作者 ... 于時天文元壬辰年二月上旬三日 釋氏某比丘」とあり|巻末に「于時文安二乙丑年十二月十日上下本末四帖書功終之者也比興比興 桒門行譽」(卷第11), 「于時文安三年丙寅五月廾五日 終書功畢/觀勝寺 金剛佛子行譽」(卷第20)とあり|四周双辺有界11行21字, 内匡廓: 21.3×15.6cm, 中黒口双花魚尾|訓点付|卷第20の後見返しに「社 載蓮松碧運譽圎智」, 「知諦之」との墨書あり|印記: 「来迎寺輪譽」, 「青洲文庫」(渡辺信)|虫損あり",http://tify.sub.uni-goettingen.de/demo.html?manifest=https://archdataset.dl.itc.u-tokyo.ac.jp/manifest/9887e2aa-2756-06cb-84ea-8bd9084f0f3a.json,9887e2aa-2756-06cb-84ea-8bd9084f0f3a,https://iiif.dl.itc.u-tokyo.ac.jp/repo/s/seishu/,https://iiif.dl.itc.u-tokyo.ac.jp/repo/s/seishu/document/9887e2aa-2756-06cb-84ea-8bd9084f0f3a,https://www.lib.u-tokyo.ac.jp/ja/library/contents/archives-top/reuse,https://iiif.dl.itc.u-tokyo.ac.jp/repo/files/medium/4439fde9e5918381891dbdbc8e9f766627382603.jpg,https://iiif.dl.itc.u-tokyo.ac.jp/repo/api/items/1381264,"東京大学総合図書館 General Library, The University of Tokyo, JAPAN",http://iiif.io/api/presentation/2#rightToLeftDirection,,総合図書館所蔵青洲文庫,0174,,https://iiif.dl.itc.u-tokyo.ac.jp/repo/iiif/9887e2aa-2756-06cb-84ea-8bd9084f0f3a/manifest,,,,,48
塵添壒囊鈔 20巻 [11],A00:5808,ジンテン アイノウショウ,行誉,20,[出版者不明],[江戸初期],和古書,日本語,"序首の書名: 塵添壒囊抄|題簽の書名: 新板塵添壒囊鈔|版心の書名: 壒囊鈔|序に「于世有壒囊抄七巻觀勝寺行譽渉之所撰也又有塵袋十巻不知作者 ... 于時天文元壬辰年二月上旬三日 釋氏某比丘」とあり|巻末に「于時文安二乙丑年十二月十日上下本末四帖書功終之者也比興比興 桒門行譽」(卷第11), 「于時文安三年丙寅五月廾五日 終書功畢/觀勝寺 金剛佛子行譽」(卷第20)とあり|四周双辺有界11行21字, 内匡廓: 21.3×15.6cm, 中黒口双花魚尾|訓点付|卷第20の後見返しに「社 載蓮松碧運譽圎智」, 「知諦之」との墨書あり|印記: 「来迎寺輪譽」, 「青洲文庫」(渡辺信)|虫損あり",http://tify.sub.uni-goettingen.de/demo.html?manifest=https://archdataset.dl.itc.u-tokyo.ac.jp/manifest/641a2dce-4265-65f6-3130-b55bcd32023a.json,641a2dce-4265-65f6-3130-b55bcd32023a,https://iiif.dl.itc.u-tokyo.ac.jp/repo/s/seishu/,https://iiif.dl.itc.u-tokyo.ac.jp/repo/s/seishu/document/641a2dce-4265-65f6-3130-b55bcd32023a,https://www.lib.u-tokyo.ac.jp/ja/library/contents/archives-top/reuse,https://iiif.dl.itc.u-tokyo.ac.jp/repo/files/medium/96df0ae357099a2d7ef78608ab69289b31b70862.jpg,https://iiif.dl.itc.u-tokyo.ac.jp/repo/api/items/1381263,"東京大学総合図書館 General Library, The University of Tokyo, JAPAN",http://iiif.io/api/presentation/2#rightToLeftDirection,,総合図書館所蔵青洲文庫,0175,,https://iiif.dl.itc.u-tokyo.ac.jp/repo/iiif/641a2dce-4265-65f6-3130-b55bcd32023a/manifest,,,,,54
塵添壒囊鈔 20巻 [12],A00:5808,ジンテン アイノウショウ,行誉,20,[出版者不明],[江戸初期],和古書,日本語,"序首の書名: 塵添壒囊抄|題簽の書名: 新板塵添壒囊鈔|版心の書名: 壒囊鈔|序に「于世有壒囊抄七巻觀勝寺行譽渉之所撰也又有塵袋十巻不知作者 ... 于時天文元壬辰年二月上旬三日 釋氏某比丘」とあり|巻末に「于時文安二乙丑年十二月十日上下本末四帖書功終之者也比興比興 桒門行譽」(卷第11), 「于時文安三年丙寅五月廾五日 終書功畢/觀勝寺 金剛佛子行譽」(卷第20)とあり|四周双辺有界11行21字, 内匡廓: 21.3×15.6cm, 中黒口双花魚尾|訓点付|卷第20の後見返しに「社 載蓮松碧運譽圎智」, 「知諦之」との墨書あり|印記: 「来迎寺輪譽」, 「青洲文庫」(渡辺信)|虫損あり",http://tify.sub.uni-goettingen.de/demo.html?manifest=https://archdataset.dl.itc.u-tokyo.ac.jp/manifest/05db81fd-2694-4d91-9c40-7475f7e82cd9.json,05db81fd-2694-4d91-9c40-7475f7e82cd9,https://iiif.dl.itc.u-tokyo.ac.jp/repo/s/seishu/,https://iiif.dl.itc.u-tokyo.ac.jp/repo/s/seishu/document/05db81fd-2694-4d91-9c40-7475f7e82cd9,https://www.lib.u-tokyo.ac.jp/ja/library/contents/archives-top/reuse,https://iiif.dl.itc.u-tokyo.ac.jp/repo/files/medium/09ed4cc28518470bc6348c5f1d8b8530aa7a78fa.jpg,https://iiif.dl.itc.u-tokyo.ac.jp/repo/api/items/1381262,"東京大学総合図書館 General Library, The University of Tokyo, JAPAN",http://iiif.io/api/presentation/2#rightToLeftDirection,,総合図書館所蔵青洲文庫,0176,,https://iiif.dl.itc.u-tokyo.ac.jp/repo/iiif/05db81fd-2694-4d91-9c40-7475f7e82cd9/manifest,,,,,37
塵添壒囊鈔 20巻 [13],A00:5808,ジンテン アイノウショウ,行誉,20,[出版者不明],[江戸初期],和古書,日本語,"序首の書名: 塵添壒囊抄|題簽の書名: 新板塵添壒囊鈔|版心の書名: 壒囊鈔|序に「于世有壒囊抄七巻觀勝寺行譽渉之所撰也又有塵袋十巻不知作者 ... 于時天文元壬辰年二月上旬三日 釋氏某比丘」とあり|巻末に「于時文安二乙丑年十二月十日上下本末四帖書功終之者也比興比興 桒門行譽」(卷第11), 「于時文安三年丙寅五月廾五日 終書功畢/觀勝寺 金剛佛子行譽」(卷第20)とあり|四周双辺有界11行21字, 内匡廓: 21.3×15.6cm, 中黒口双花魚尾|訓点付|卷第20の後見返しに「社 載蓮松碧運譽圎智」, 「知諦之」との墨書あり|印記: 「来迎寺輪譽」, 「青洲文庫」(渡辺信)|虫損あり",http://tify.sub.uni-goettingen.de/demo.html?manifest=https://archdataset.dl.itc.u-tokyo.ac.jp/manifest/bd562f1e-a3a6-1814-6c6b-42e4a39c7731.json,bd562f1e-a3a6-1814-6c6b-42e4a39c7731,https://iiif.dl.itc.u-tokyo.ac.jp/repo/s/seishu/,https://iiif.dl.itc.u-tokyo.ac.jp/repo/s/seishu/document/bd562f1e-a3a6-1814-6c6b-42e4a39c7731,https://www.lib.u-tokyo.ac.jp/ja/library/contents/archives-top/reuse,https://iiif.dl.itc.u-tokyo.ac.jp/repo/files/medium/9bd8509d3237e7fa350d67e4752d84ad088d0a1a.jpg,https://iiif.dl.itc.u-tokyo.ac.jp/repo/api/items/1381261,"東京大学総合図書館 General Library, The University of Tokyo, JAPAN",http://iiif.io/api/presentation/2#rightToLeftDirection,,総合図書館所蔵青洲文庫,0177,,https://iiif.dl.itc.u-tokyo.ac.jp/repo/iiif/bd562f1e-a3a6-1814-6c6b-42e4a39c7731/manifest,,,,,41
塵添壒囊鈔 20巻 [14],A00:5808,ジンテン アイノウショウ,行誉,20,[出版者不明],[江戸初期],和古書,日本語,"序首の書名: 塵添壒囊抄|題簽の書名: 新板塵添壒囊鈔|版心の書名: 壒囊鈔|序に「于世有壒囊抄七巻觀勝寺行譽渉之所撰也又有塵袋十巻不知作者 ... 于時天文元壬辰年二月上旬三日 釋氏某比丘」とあり|巻末に「于時文安二乙丑年十二月十日上下本末四帖書功終之者也比興比興 桒門行譽」(卷第11), 「于時文安三年丙寅五月廾五日 終書功畢/觀勝寺 金剛佛子行譽」(卷第20)とあり|四周双辺有界11行21字, 内匡廓: 21.3×15.6cm, 中黒口双花魚尾|訓点付|卷第20の後見返しに「社 載蓮松碧運譽圎智」, 「知諦之」との墨書あり|印記: 「来迎寺輪譽」, 「青洲文庫」(渡辺信)|虫損あり",http://tify.sub.uni-goettingen.de/demo.html?manifest=https://archdataset.dl.itc.u-tokyo.ac.jp/manifest/0209df67-1f62-8c21-51d3-fae720e48590.json,0209df67-1f62-8c21-51d3-fae720e48590,https://iiif.dl.itc.u-tokyo.ac.jp/repo/s/seishu/,https://iiif.dl.itc.u-tokyo.ac.jp/repo/s/seishu/document/0209df67-1f62-8c21-51d3-fae720e48590,https://www.lib.u-tokyo.ac.jp/ja/library/contents/archives-top/reuse,https://iiif.dl.itc.u-tokyo.ac.jp/repo/files/medium/3cf1001e5363650184f1b89d5e3771ffa63736c7.jpg,https://iiif.dl.itc.u-tokyo.ac.jp/repo/api/items/1381260,"東京大学総合図書館 General Library, The University of Tokyo, JAPAN",http://iiif.io/api/presentation/2#rightToLeftDirection,,総合図書館所蔵青洲文庫,0178,,https://iiif.dl.itc.u-tokyo.ac.jp/repo/iiif/0209df67-1f62-8c21-51d3-fae720e48590/manifest,,,,,39
塵添壒囊鈔 20巻 [15],A00:5808,ジンテン アイノウショウ,行誉,20,[出版者不明],[江戸初期],和古書,日本語,"序首の書名: 塵添壒囊抄|題簽の書名: 新板塵添壒囊鈔|版心の書名: 壒囊鈔|序に「于世有壒囊抄七巻觀勝寺行譽渉之所撰也又有塵袋十巻不知作者 ... 于時天文元壬辰年二月上旬三日 釋氏某比丘」とあり|巻末に「于時文安二乙丑年十二月十日上下本末四帖書功終之者也比興比興 桒門行譽」(卷第11), 「于時文安三年丙寅五月廾五日 終書功畢/觀勝寺 金剛佛子行譽」(卷第20)とあり|四周双辺有界11行21字, 内匡廓: 21.3×15.6cm, 中黒口双花魚尾|訓点付|卷第20の後見返しに「社 載蓮松碧運譽圎智」, 「知諦之」との墨書あり|印記: 「来迎寺輪譽」, 「青洲文庫」(渡辺信)|虫損あり",http://tify.sub.uni-goettingen.de/demo.html?manifest=https://archdataset.dl.itc.u-tokyo.ac.jp/manifest/aa1040cf-2838-737a-0ee7-42f398995970.json,aa1040cf-2838-737a-0ee7-42f398995970,https://iiif.dl.itc.u-tokyo.ac.jp/repo/s/seishu/,https://iiif.dl.itc.u-tokyo.ac.jp/repo/s/seishu/document/aa1040cf-2838-737a-0ee7-42f398995970,https://www.lib.u-tokyo.ac.jp/ja/library/contents/archives-top/reuse,https://iiif.dl.itc.u-tokyo.ac.jp/repo/files/medium/8ec5d3339184b78720fc65e362a449ac9e71dc20.jpg,https://iiif.dl.itc.u-tokyo.ac.jp/repo/api/items/1381259,"東京大学総合図書館 General Library, The University of Tokyo, JAPAN",http://iiif.io/api/presentation/2#rightToLeftDirection,,総合図書館所蔵青洲文庫,0179,,https://iiif.dl.itc.u-tokyo.ac.jp/repo/iiif/aa1040cf-2838-737a-0ee7-42f398995970/manifest,,,,,47
塵添壒囊鈔 20巻 [16],A00:5808,ジンテン アイノウショウ,行誉,20,[出版者不明],[江戸初期],和古書,日本語,"序首の書名: 塵添壒囊抄|題簽の書名: 新板塵添壒囊鈔|版心の書名: 壒囊鈔|序に「于世有壒囊抄七巻觀勝寺行譽渉之所撰也又有塵袋十巻不知作者 ... 于時天文元壬辰年二月上旬三日 釋氏某比丘」とあり|巻末に「于時文安二乙丑年十二月十日上下本末四帖書功終之者也比興比興 桒門行譽」(卷第11), 「于時文安三年丙寅五月廾五日 終書功畢/觀勝寺 金剛佛子行譽」(卷第20)とあり|四周双辺有界11行21字, 内匡廓: 21.3×15.6cm, 中黒口双花魚尾|訓点付|卷第20の後見返しに「社 載蓮松碧運譽圎智」, 「知諦之」との墨書あり|印記: 「来迎寺輪譽」, 「青洲文庫」(渡辺信)|虫損あり",http://tify.sub.uni-goettingen.de/demo.html?manifest=https://archdataset.dl.itc.u-tokyo.ac.jp/manifest/f3bb7e29-012c-4cf0-86f4-7284970d5e19.json,f3bb7e29-012c-4cf0-86f4-7284970d5e19,https://iiif.dl.itc.u-tokyo.ac.jp/repo/s/seishu/,https://iiif.dl.itc.u-tokyo.ac.jp/repo/s/seishu/document/f3bb7e29-012c-4cf0-86f4-7284970d5e19,https://www.lib.u-tokyo.ac.jp/ja/library/contents/archives-top/reuse,https://iiif.dl.itc.u-tokyo.ac.jp/repo/files/medium/311c25077e509b2ab7a660e9100e517c97efdf35.jpg,https://iiif.dl.itc.u-tokyo.ac.jp/repo/api/items/1381258,"東京大学総合図書館 General Library, The University of Tokyo, JAPAN",http://iiif.io/api/presentation/2#rightToLeftDirection,,総合図書館所蔵青洲文庫,0180,,https://iiif.dl.itc.u-tokyo.ac.jp/repo/iiif/f3bb7e29-012c-4cf0-86f4-7284970d5e19/manifest,,,,,45
塵添壒囊鈔 20巻 [17],A00:5808,ジンテン アイノウショウ,行誉,20,[出版者不明],[江戸初期],和古書,日本語,"序首の書名: 塵添壒囊抄|題簽の書名: 新板塵添壒囊鈔|版心の書名: 壒囊鈔|序に「于世有壒囊抄七巻觀勝寺行譽渉之所撰也又有塵袋十巻不知作者 ... 于時天文元壬辰年二月上旬三日 釋氏某比丘」とあり|巻末に「于時文安二乙丑年十二月十日上下本末四帖書功終之者也比興比興 桒門行譽」(卷第11), 「于時文安三年丙寅五月廾五日 終書功畢/觀勝寺 金剛佛子行譽」(卷第20)とあり|四周双辺有界11行21字, 内匡廓: 21.3×15.6cm, 中黒口双花魚尾|訓点付|卷第20の後見返しに「社 載蓮松碧運譽圎智」, 「知諦之」との墨書あり|印記: 「来迎寺輪譽」, 「青洲文庫」(渡辺信)|虫損あり",http://tify.sub.uni-goettingen.de/demo.html?manifest=https://archdataset.dl.itc.u-tokyo.ac.jp/manifest/9bfca6f7-0ac4-002d-7d3f-656221982f46.json,9bfca6f7-0ac4-002d-7d3f-656221982f46,https://iiif.dl.itc.u-tokyo.ac.jp/repo/s/seishu/,https://iiif.dl.itc.u-tokyo.ac.jp/repo/s/seishu/document/9bfca6f7-0ac4-002d-7d3f-656221982f46,https://www.lib.u-tokyo.ac.jp/ja/library/contents/archives-top/reuse,https://iiif.dl.itc.u-tokyo.ac.jp/repo/files/medium/0153833653d285c8e46d027947e6031363334420.jpg,https://iiif.dl.itc.u-tokyo.ac.jp/repo/api/items/1381257,"東京大学総合図書館 General Library, The University of Tokyo, JAPAN",http://iiif.io/api/presentation/2#rightToLeftDirection,,総合図書館所蔵青洲文庫,0181,,https://iiif.dl.itc.u-tokyo.ac.jp/repo/iiif/9bfca6f7-0ac4-002d-7d3f-656221982f46/manifest,,,,,49
塵添壒囊鈔 20巻 [18],A00:5808,ジンテン アイノウショウ,行誉,20,[出版者不明],[江戸初期],和古書,日本語,"序首の書名: 塵添壒囊抄|題簽の書名: 新板塵添壒囊鈔|版心の書名: 壒囊鈔|序に「于世有壒囊抄七巻觀勝寺行譽渉之所撰也又有塵袋十巻不知作者 ... 于時天文元壬辰年二月上旬三日 釋氏某比丘」とあり|巻末に「于時文安二乙丑年十二月十日上下本末四帖書功終之者也比興比興 桒門行譽」(卷第11), 「于時文安三年丙寅五月廾五日 終書功畢/觀勝寺 金剛佛子行譽」(卷第20)とあり|四周双辺有界11行21字, 内匡廓: 21.3×15.6cm, 中黒口双花魚尾|訓点付|卷第20の後見返しに「社 載蓮松碧運譽圎智」, 「知諦之」との墨書あり|印記: 「来迎寺輪譽」, 「青洲文庫」(渡辺信)|虫損あり",http://tify.sub.uni-goettingen.de/demo.html?manifest=https://archdataset.dl.itc.u-tokyo.ac.jp/manifest/f391aca2-265d-23e1-637e-f8d5f23d0361.json,f391aca2-265d-23e1-637e-f8d5f23d0361,https://iiif.dl.itc.u-tokyo.ac.jp/repo/s/seishu/,https://iiif.dl.itc.u-tokyo.ac.jp/repo/s/seishu/document/f391aca2-265d-23e1-637e-f8d5f23d0361,https://www.lib.u-tokyo.ac.jp/ja/library/contents/archives-top/reuse,https://iiif.dl.itc.u-tokyo.ac.jp/repo/files/medium/dd1cdaaf3bb44255baf05f115f6a0294d55b6717.jpg,https://iiif.dl.itc.u-tokyo.ac.jp/repo/api/items/1381256,"東京大学総合図書館 General Library, The University of Tokyo, JAPAN",http://iiif.io/api/presentation/2#rightToLeftDirection,,総合図書館所蔵青洲文庫,0182,,https://iiif.dl.itc.u-tokyo.ac.jp/repo/iiif/f391aca2-265d-23e1-637e-f8d5f23d0361/manifest,,,,,39
塵添壒囊鈔 20巻 [19],A00:5808,ジンテン アイノウショウ,行誉,20,[出版者不明],[江戸初期],和古書,日本語,"序首の書名: 塵添壒囊抄|題簽の書名: 新板塵添壒囊鈔|版心の書名: 壒囊鈔|序に「于世有壒囊抄七巻觀勝寺行譽渉之所撰也又有塵袋十巻不知作者 ... 于時天文元壬辰年二月上旬三日 釋氏某比丘」とあり|巻末に「于時文安二乙丑年十二月十日上下本末四帖書功終之者也比興比興 桒門行譽」(卷第11), 「于時文安三年丙寅五月廾五日 終書功畢/觀勝寺 金剛佛子行譽」(卷第20)とあり|四周双辺有界11行21字, 内匡廓: 21.3×15.6cm, 中黒口双花魚尾|訓点付|卷第20の後見返しに「社 載蓮松碧運譽圎智」, 「知諦之」との墨書あり|印記: 「来迎寺輪譽」, 「青洲文庫」(渡辺信)|虫損あり",http://tify.sub.uni-goettingen.de/demo.html?manifest=https://archdataset.dl.itc.u-tokyo.ac.jp/manifest/0ea7e532-360f-6f0d-9ff6-ab4189217d30.json,0ea7e532-360f-6f0d-9ff6-ab4189217d30,https://iiif.dl.itc.u-tokyo.ac.jp/repo/s/seishu/,https://iiif.dl.itc.u-tokyo.ac.jp/repo/s/seishu/document/0ea7e532-360f-6f0d-9ff6-ab4189217d30,https://www.lib.u-tokyo.ac.jp/ja/library/contents/archives-top/reuse,https://iiif.dl.itc.u-tokyo.ac.jp/repo/files/medium/05e1c69165f94ad5fe767f9b48f2999568f1bc28.jpg,https://iiif.dl.itc.u-tokyo.ac.jp/repo/api/items/1381255,"東京大学総合図書館 General Library, The University of Tokyo, JAPAN",http://iiif.io/api/presentation/2#rightToLeftDirection,,総合図書館所蔵青洲文庫,0183,,https://iiif.dl.itc.u-tokyo.ac.jp/repo/iiif/0ea7e532-360f-6f0d-9ff6-ab4189217d30/manifest,,,,,46
塵添壒囊鈔 20巻 [20],A00:5808,ジンテン アイノウショウ,行誉,20,[出版者不明],[江戸初期],和古書,日本語,"序首の書名: 塵添壒囊抄|題簽の書名: 新板塵添壒囊鈔|版心の書名: 壒囊鈔|序に「于世有壒囊抄七巻觀勝寺行譽渉之所撰也又有塵袋十巻不知作者 ... 于時天文元壬辰年二月上旬三日 釋氏某比丘」とあり|巻末に「于時文安二乙丑年十二月十日上下本末四帖書功終之者也比興比興 桒門行譽」(卷第11), 「于時文安三年丙寅五月廾五日 終書功畢/觀勝寺 金剛佛子行譽」(卷第20)とあり|四周双辺有界11行21字, 内匡廓: 21.3×15.6cm, 中黒口双花魚尾|訓点付|卷第20の後見返しに「社 載蓮松碧運譽圎智」, 「知諦之」との墨書あり|印記: 「来迎寺輪譽」, 「青洲文庫」(渡辺信)|虫損あり",http://tify.sub.uni-goettingen.de/demo.html?manifest=https://archdataset.dl.itc.u-tokyo.ac.jp/manifest/7a146848-8dd3-4403-9cd1-d33790e21fb1.json,7a146848-8dd3-4403-9cd1-d33790e21fb1,https://iiif.dl.itc.u-tokyo.ac.jp/repo/s/seishu/,https://iiif.dl.itc.u-tokyo.ac.jp/repo/s/seishu/document/7a146848-8dd3-4403-9cd1-d33790e21fb1,https://www.lib.u-tokyo.ac.jp/ja/library/contents/archives-top/reuse,https://iiif.dl.itc.u-tokyo.ac.jp/repo/files/medium/c3743fa92b5f94e5b2e8e1d933dd63a93f50dfdc.jpg,https://iiif.dl.itc.u-tokyo.ac.jp/repo/api/items/1381254,"東京大学総合図書館 General Library, The University of Tokyo, JAPAN",http://iiif.io/api/presentation/2#rightToLeftDirection,,総合図書館所蔵青洲文庫,0184,,https://iiif.dl.itc.u-tokyo.ac.jp/repo/iiif/7a146848-8dd3-4403-9cd1-d33790e21fb1/manifest,,,,,38
伊㔟 2巻 [1],A00:5809,イセ,,2,山本長兵衛,[江戸前期],和古書,日本語,"書名は版心による|題簽の書名(墨書): 伊㔟物語, いせ物かたり|刊記に「山本長兵衛板」とあり|四周単辺無界12行, 白口無魚尾|漢字平仮名交じり文|五つ目綴じ|朱筆書き入れあり|印記: 「椿園藏書」, 「雅言」, 「藤原」, 「守典」, 「加藤弌弎」, 「青洲文庫」(渡辺信)|虫損あり",http://tify.sub.uni-goettingen.de/demo.html?manifest=https://archdataset.dl.itc.u-tokyo.ac.jp/manifest/d642c3c9-4b42-6afc-7112-5554c276116e.json,d642c3c9-4b42-6afc-7112-5554c276116e,https://iiif.dl.itc.u-tokyo.ac.jp/repo/s/seishu/,https://iiif.dl.itc.u-tokyo.ac.jp/repo/s/seishu/document/d642c3c9-4b42-6afc-7112-5554c276116e,https://www.lib.u-tokyo.ac.jp/ja/library/contents/archives-top/reuse,https://iiif.dl.itc.u-tokyo.ac.jp/repo/files/medium/40334a9aa2bc115dc9a9935c116d60914c6f68bc.jpg,https://iiif.dl.itc.u-tokyo.ac.jp/repo/api/items/1381253,"東京大学総合図書館 General Library, The University of Tokyo, JAPAN",http://iiif.io/api/presentation/2#rightToLeftDirection,,総合図書館所蔵青洲文庫,0185,,https://iiif.dl.itc.u-tokyo.ac.jp/repo/iiif/d642c3c9-4b42-6afc-7112-5554c276116e/manifest,,,,,33
伊㔟 2巻 [2],A00:5809,イセ,,2,山本長兵衛,[江戸前期],和古書,日本語,"書名は版心による|題簽の書名(墨書): 伊㔟物語, いせ物かたり|刊記に「山本長兵衛板」とあり|四周単辺無界12行, 白口無魚尾|漢字平仮名交じり文|五つ目綴じ|朱筆書き入れあり|印記: 「椿園藏書」, 「雅言」, 「藤原」, 「守典」, 「加藤弌弎」, 「青洲文庫」(渡辺信)|虫損あり",http://tify.sub.uni-goettingen.de/demo.html?manifest=https://archdataset.dl.itc.u-tokyo.ac.jp/manifest/6b7766e3-2219-65cc-4502-30c6fe9c7b96.json,6b7766e3-2219-65cc-4502-30c6fe9c7b96,https://iiif.dl.itc.u-tokyo.ac.jp/repo/s/seishu/,https://iiif.dl.itc.u-tokyo.ac.jp/repo/s/seishu/document/6b7766e3-2219-65cc-4502-30c6fe9c7b96,https://www.lib.u-tokyo.ac.jp/ja/library/contents/archives-top/reuse,https://iiif.dl.itc.u-tokyo.ac.jp/repo/files/medium/819ff77cda7729b7e30650172f7060236ae7300c.jpg,https://iiif.dl.itc.u-tokyo.ac.jp/repo/api/items/1381252,"東京大学総合図書館 General Library, The University of Tokyo, JAPAN",http://iiif.io/api/presentation/2#rightToLeftDirection,,総合図書館所蔵青洲文庫,0186,,https://iiif.dl.itc.u-tokyo.ac.jp/repo/iiif/6b7766e3-2219-65cc-4502-30c6fe9c7b96/manifest,,,,,41
日本書紀抄 3巻 [1],A00:5810,ニホン ショキショウ,,3,[出版者不明],[江戸初期],和古書,日本語,"巻末の書名: 日本書紀之抄|版心の書名: 日本紀抄|表紙の書名: 日本書紀(朱書), 假名日本書紀(墨書)|版心による巻冊次表示: 上, 中, 下|四周単辺無界14行20字, 内匡廓: 23.7×16.1cm, 白口双花魚尾|古活字本|各巻頭に「松室本家」との墨書あり|印記: 「青洲文庫」(渡辺信)|虫損あり",http://tify.sub.uni-goettingen.de/demo.html?manifest=https://archdataset.dl.itc.u-tokyo.ac.jp/manifest/0bab95d6-5a6c-64a2-9e5a-0836fd0e1826.json,0bab95d6-5a6c-64a2-9e5a-0836fd0e1826,https://iiif.dl.itc.u-tokyo.ac.jp/repo/s/seishu/,https://iiif.dl.itc.u-tokyo.ac.jp/repo/s/seishu/document/0bab95d6-5a6c-64a2-9e5a-0836fd0e1826,https://www.lib.u-tokyo.ac.jp/ja/library/contents/archives-top/reuse,https://iiif.dl.itc.u-tokyo.ac.jp/repo/files/medium/68f8c1b5db168f168e37f2b2c1e0ffbbb75852b1.jpg,https://iiif.dl.itc.u-tokyo.ac.jp/repo/api/items/1381251,"東京大学総合図書館 General Library, The University of Tokyo, JAPAN",http://iiif.io/api/presentation/2#rightToLeftDirection,,総合図書館所蔵青洲文庫,0187,,https://iiif.dl.itc.u-tokyo.ac.jp/repo/iiif/0bab95d6-5a6c-64a2-9e5a-0836fd0e1826/manifest,,,,,49
日本書紀抄 3巻 [2],A00:5810,ニホン ショキショウ,,3,[出版者不明],[江戸初期],和古書,日本語,"巻末の書名: 日本書紀之抄|版心の書名: 日本紀抄|表紙の書名: 日本書紀(朱書), 假名日本書紀(墨書)|版心による巻冊次表示: 上, 中, 下|四周単辺無界14行20字, 内匡廓: 23.7×16.1cm, 白口双花魚尾|古活字本|各巻頭に「松室本家」との墨書あり|印記: 「青洲文庫」(渡辺信)|虫損あり",http://tify.sub.uni-goettingen.de/demo.html?manifest=https://archdataset.dl.itc.u-tokyo.ac.jp/manifest/4a05e53e-18f4-46f4-8996-1c9be0fb516f.json,4a05e53e-18f4-46f4-8996-1c9be0fb516f,https://iiif.dl.itc.u-tokyo.ac.jp/repo/s/seishu/,https://iiif.dl.itc.u-tokyo.ac.jp/repo/s/seishu/document/4a05e53e-18f4-46f4-8996-1c9be0fb516f,https://www.lib.u-tokyo.ac.jp/ja/library/contents/archives-top/reuse,https://iiif.dl.itc.u-tokyo.ac.jp/repo/files/medium/02837f44d2b397fe7e0ecad2d96b320644ce6b77.jpg,https://iiif.dl.itc.u-tokyo.ac.jp/repo/api/items/1381250,"東京大学総合図書館 General Library, The University of Tokyo, JAPAN",http://iiif.io/api/presentation/2#rightToLeftDirection,,総合図書館所蔵青洲文庫,0188,,https://iiif.dl.itc.u-tokyo.ac.jp/repo/iiif/4a05e53e-18f4-46f4-8996-1c9be0fb516f/manifest,,,,,49
日本書紀抄 3巻 [3],A00:5810,ニホン ショキショウ,,3,[出版者不明],[江戸初期],和古書,日本語,"巻末の書名: 日本書紀之抄|版心の書名: 日本紀抄|表紙の書名: 日本書紀(朱書), 假名日本書紀(墨書)|版心による巻冊次表示: 上, 中, 下|四周単辺無界14行20字, 内匡廓: 23.7×16.1cm, 白口双花魚尾|古活字本|各巻頭に「松室本家」との墨書あり|印記: 「青洲文庫」(渡辺信)|虫損あり",http://tify.sub.uni-goettingen.de/demo.html?manifest=https://archdataset.dl.itc.u-tokyo.ac.jp/manifest/107775f2-88a6-032a-164a-b330e5cf4418.json,107775f2-88a6-032a-164a-b330e5cf4418,https://iiif.dl.itc.u-tokyo.ac.jp/repo/s/seishu/,https://iiif.dl.itc.u-tokyo.ac.jp/repo/s/seishu/document/107775f2-88a6-032a-164a-b330e5cf4418,https://www.lib.u-tokyo.ac.jp/ja/library/contents/archives-top/reuse,https://iiif.dl.itc.u-tokyo.ac.jp/repo/files/medium/e33ac15a1275038322451dfbc5f75c6de7e7d14c.jpg,https://iiif.dl.itc.u-tokyo.ac.jp/repo/api/items/1381249,"東京大学総合図書館 General Library, The University of Tokyo, JAPAN",http://iiif.io/api/presentation/2#rightToLeftDirection,,総合図書館所蔵青洲文庫,0189,,https://iiif.dl.itc.u-tokyo.ac.jp/repo/iiif/107775f2-88a6-032a-164a-b330e5cf4418/manifest,,,,,56
二十四孝,A00:5811,ニジュウシコウ,,1,[出版者不明],[慶長年間],和古書,日本語,"書名は版心による|題簽の書名: 廿四孝之傳|小口貼紙の書名: 二十四孝の傳|帙題簽の書名: 二十四孝之傳|四周単辺無界10行, 内匡廓: 21.5×15.7cm, 中黒口双花魚尾|訓点付|巻末に「慶長十五年菊月三日 觀助之」との墨書あり|印記: 「寶」, 「早川藏書」, 「青洲文庫」(渡辺信)|虫損あり (裏打ち補修あり)",http://tify.sub.uni-goettingen.de/demo.html?manifest=https://archdataset.dl.itc.u-tokyo.ac.jp/manifest/bb2da470-3fe3-5d8b-959e-7c831deb92a8.json,bb2da470-3fe3-5d8b-959e-7c831deb92a8,https://iiif.dl.itc.u-tokyo.ac.jp/repo/s/seishu/,https://iiif.dl.itc.u-tokyo.ac.jp/repo/s/seishu/document/bb2da470-3fe3-5d8b-959e-7c831deb92a8,https://www.lib.u-tokyo.ac.jp/ja/library/contents/archives-top/reuse,https://iiif.dl.itc.u-tokyo.ac.jp/repo/files/medium/b0f2a40a5244d4cde74a1bfa4bf3651d6b367583.jpg,https://iiif.dl.itc.u-tokyo.ac.jp/repo/api/items/1381248,"東京大学総合図書館 General Library, The University of Tokyo, JAPAN",http://iiif.io/api/presentation/2#rightToLeftDirection,,総合図書館所蔵青洲文庫,0190,,https://iiif.dl.itc.u-tokyo.ac.jp/repo/iiif/bb2da470-3fe3-5d8b-959e-7c831deb92a8/manifest,,,,,28
略要抄 3巻 [1],A00:5812,シュウガイショウ,洞院 公賢,6,[出版者不明],[江戸初期],和古書,日本語,"巻末の書名: 拾芥(上本), 拾芥抄(上末)|責任表示は『日本古典籍総合目録データベース』による|四周単辺無界11行19字注文双行, 内匡廓: 21.0×16.2cm, 中黒口双花魚尾|訓点付|後見返しに「以白雲書庫印記之本挍訂了 美泉」(上末), 「右奥書者狩谷氏藏夲也但於彼夲異同者未遂比較矣」(下末)との朱書あり|付箋, 折り込み図あり|朱墨筆書き入れあり|印記: 「得田」, 「渡邉氏圖書記」(渡辺春英), 「青洲文庫」(渡辺信)|虫損あり",http://tify.sub.uni-goettingen.de/demo.html?manifest=https://archdataset.dl.itc.u-tokyo.ac.jp/manifest/9dfd6d50-22bc-9e66-2e51-3bb5013b9a93.json,9dfd6d50-22bc-9e66-2e51-3bb5013b9a93,https://iiif.dl.itc.u-tokyo.ac.jp/repo/s/seishu/,https://iiif.dl.itc.u-tokyo.ac.jp/repo/s/seishu/document/9dfd6d50-22bc-9e66-2e51-3bb5013b9a93,https://www.lib.u-tokyo.ac.jp/ja/library/contents/archives-top/reuse,https://iiif.dl.itc.u-tokyo.ac.jp/repo/files/medium/eef327b50559e7f1dd54fda8f02ae86aabe07585.jpg,https://iiif.dl.itc.u-tokyo.ac.jp/repo/api/items/1381247,"東京大学総合図書館 General Library, The University of Tokyo, JAPAN",http://iiif.io/api/presentation/2#rightToLeftDirection,,総合図書館所蔵青洲文庫,0191,,https://iiif.dl.itc.u-tokyo.ac.jp/repo/iiif/9dfd6d50-22bc-9e66-2e51-3bb5013b9a93/manifest,,,,,45
略要抄 3巻 [2],A00:5812,シュウガイショウ,洞院 公賢,6,[出版者不明],[江戸初期],和古書,日本語,"巻末の書名: 拾芥(上本), 拾芥抄(上末)|責任表示は『日本古典籍総合目録データベース』による|四周単辺無界11行19字注文双行, 内匡廓: 21.0×16.2cm, 中黒口双花魚尾|訓点付|後見返しに「以白雲書庫印記之本挍訂了 美泉」(上末), 「右奥書者狩谷氏藏夲也但於彼夲異同者未遂比較矣」(下末)との朱書あり|付箋, 折り込み図あり|朱墨筆書き入れあり|印記: 「得田」, 「渡邉氏圖書記」(渡辺春英), 「青洲文庫」(渡辺信)|虫損あり",http://tify.sub.uni-goettingen.de/demo.html?manifest=https://archdataset.dl.itc.u-tokyo.ac.jp/manifest/106c47c2-a659-0d15-595d-36f3354d320f.json,106c47c2-a659-0d15-595d-36f3354d320f,https://iiif.dl.itc.u-tokyo.ac.jp/repo/s/seishu/,https://iiif.dl.itc.u-tokyo.ac.jp/repo/s/seishu/document/106c47c2-a659-0d15-595d-36f3354d320f,https://www.lib.u-tokyo.ac.jp/ja/library/contents/archives-top/reuse,https://iiif.dl.itc.u-tokyo.ac.jp/repo/files/medium/fa316f5eafc42c695c5af20fca5a34ecb05a48d2.jpg,https://iiif.dl.itc.u-tokyo.ac.jp/repo/api/items/1381246,"東京大学総合図書館 General Library, The University of Tokyo, JAPAN",http://iiif.io/api/presentation/2#rightToLeftDirection,,総合図書館所蔵青洲文庫,0192,,https://iiif.dl.itc.u-tokyo.ac.jp/repo/iiif/106c47c2-a659-0d15-595d-36f3354d320f/manifest,,,,,41
略要抄 3巻 [3],A00:5812,シュウガイショウ,洞院 公賢,6,[出版者不明],[江戸初期],和古書,日本語,"巻末の書名: 拾芥(上本), 拾芥抄(上末)|責任表示は『日本古典籍総合目録データベース』による|四周単辺無界11行19字注文双行, 内匡廓: 21.0×16.2cm, 中黒口双花魚尾|訓点付|後見返しに「以白雲書庫印記之本挍訂了 美泉」(上末), 「右奥書者狩谷氏藏夲也但於彼夲異同者未遂比較矣」(下末)との朱書あり|付箋, 折り込み図あり|朱墨筆書き入れあり|印記: 「得田」, 「渡邉氏圖書記」(渡辺春英), 「青洲文庫」(渡辺信)|虫損あり",http://tify.sub.uni-goettingen.de/demo.html?manifest=https://archdataset.dl.itc.u-tokyo.ac.jp/manifest/d1efd197-0747-163e-0544-380262e64394.json,d1efd197-0747-163e-0544-380262e64394,https://iiif.dl.itc.u-tokyo.ac.jp/repo/s/seishu/,https://iiif.dl.itc.u-tokyo.ac.jp/repo/s/seishu/document/d1efd197-0747-163e-0544-380262e64394,https://www.lib.u-tokyo.ac.jp/ja/library/contents/archives-top/reuse,https://iiif.dl.itc.u-tokyo.ac.jp/repo/files/medium/ca2ea770845c0400268fc11f3324fbb935e567fd.jpg,https://iiif.dl.itc.u-tokyo.ac.jp/repo/api/items/1381245,"東京大学総合図書館 General Library, The University of Tokyo, JAPAN",http://iiif.io/api/presentation/2#rightToLeftDirection,,総合図書館所蔵青洲文庫,0193,,https://iiif.dl.itc.u-tokyo.ac.jp/repo/iiif/d1efd197-0747-163e-0544-380262e64394/manifest,,,,,49
略要抄 3巻 [4],A00:5812,シュウガイショウ,洞院 公賢,6,[出版者不明],[江戸初期],和古書,日本語,"巻末の書名: 拾芥(上本), 拾芥抄(上末)|責任表示は『日本古典籍総合目録データベース』による|四周単辺無界11行19字注文双行, 内匡廓: 21.0×16.2cm, 中黒口双花魚尾|訓点付|後見返しに「以白雲書庫印記之本挍訂了 美泉」(上末), 「右奥書者狩谷氏藏夲也但於彼夲異同者未遂比較矣」(下末)との朱書あり|付箋, 折り込み図あり|朱墨筆書き入れあり|印記: 「得田」, 「渡邉氏圖書記」(渡辺春英), 「青洲文庫」(渡辺信)|虫損あり",http://tify.sub.uni-goettingen.de/demo.html?manifest=https://archdataset.dl.itc.u-tokyo.ac.jp/manifest/4a1e078a-3e74-58f8-4400-3f27e2045cbc.json,4a1e078a-3e74-58f8-4400-3f27e2045cbc,https://iiif.dl.itc.u-tokyo.ac.jp/repo/s/seishu/,https://iiif.dl.itc.u-tokyo.ac.jp/repo/s/seishu/document/4a1e078a-3e74-58f8-4400-3f27e2045cbc,https://www.lib.u-tokyo.ac.jp/ja/library/contents/archives-top/reuse,https://iiif.dl.itc.u-tokyo.ac.jp/repo/files/medium/93e703be7af6fe96fcc46c3c76fcaba391b2b716.jpg,https://iiif.dl.itc.u-tokyo.ac.jp/repo/api/items/1381244,"東京大学総合図書館 General Library, The University of Tokyo, JAPAN",http://iiif.io/api/presentation/2#rightToLeftDirection,,総合図書館所蔵青洲文庫,0194,,https://iiif.dl.itc.u-tokyo.ac.jp/repo/iiif/4a1e078a-3e74-58f8-4400-3f27e2045cbc/manifest,,,,,79
略要抄 3巻 [5],A00:5812,シュウガイショウ,洞院 公賢,6,[出版者不明],[江戸初期],和古書,日本語,"巻末の書名: 拾芥(上本), 拾芥抄(上末)|責任表示は『日本古典籍総合目録データベース』による|四周単辺無界11行19字注文双行, 内匡廓: 21.0×16.2cm, 中黒口双花魚尾|訓点付|後見返しに「以白雲書庫印記之本挍訂了 美泉」(上末), 「右奥書者狩谷氏藏夲也但於彼夲異同者未遂比較矣」(下末)との朱書あり|付箋, 折り込み図あり|朱墨筆書き入れあり|印記: 「得田」, 「渡邉氏圖書記」(渡辺春英), 「青洲文庫」(渡辺信)|虫損あり",http://tify.sub.uni-goettingen.de/demo.html?manifest=https://archdataset.dl.itc.u-tokyo.ac.jp/manifest/c95bc767-9e94-465e-1e45-a80db19808ea.json,c95bc767-9e94-465e-1e45-a80db19808ea,https://iiif.dl.itc.u-tokyo.ac.jp/repo/s/seishu/,https://iiif.dl.itc.u-tokyo.ac.jp/repo/s/seishu/document/c95bc767-9e94-465e-1e45-a80db19808ea,https://www.lib.u-tokyo.ac.jp/ja/library/contents/archives-top/reuse,https://iiif.dl.itc.u-tokyo.ac.jp/repo/files/medium/288839d95d5479dc6a7553464039f8cdf05829aa.jpg,https://iiif.dl.itc.u-tokyo.ac.jp/repo/api/items/1381243,"東京大学総合図書館 General Library, The University of Tokyo, JAPAN",http://iiif.io/api/presentation/2#rightToLeftDirection,,総合図書館所蔵青洲文庫,0195,,https://iiif.dl.itc.u-tokyo.ac.jp/repo/iiif/c95bc767-9e94-465e-1e45-a80db19808ea/manifest,,,,,63
略要抄 3巻 [6],A00:5812,シュウガイショウ,洞院 公賢,6,[出版者不明],[江戸初期],和古書,日本語,"巻末の書名: 拾芥(上本), 拾芥抄(上末)|責任表示は『日本古典籍総合目録データベース』による|四周単辺無界11行19字注文双行, 内匡廓: 21.0×16.2cm, 中黒口双花魚尾|訓点付|後見返しに「以白雲書庫印記之本挍訂了 美泉」(上末), 「右奥書者狩谷氏藏夲也但於彼夲異同者未遂比較矣」(下末)との朱書あり|付箋, 折り込み図あり|朱墨筆書き入れあり|印記: 「得田」, 「渡邉氏圖書記」(渡辺春英), 「青洲文庫」(渡辺信)|虫損あり",http://tify.sub.uni-goettingen.de/demo.html?manifest=https://archdataset.dl.itc.u-tokyo.ac.jp/manifest/69b4d298-6da2-3801-17f4-2fc67b542f71.json,69b4d298-6da2-3801-17f4-2fc67b542f71,https://iiif.dl.itc.u-tokyo.ac.jp/repo/s/seishu/,https://iiif.dl.itc.u-tokyo.ac.jp/repo/s/seishu/document/69b4d298-6da2-3801-17f4-2fc67b542f71,https://www.lib.u-tokyo.ac.jp/ja/library/contents/archives-top/reuse,https://iiif.dl.itc.u-tokyo.ac.jp/repo/files/medium/c55cd863358f938dfc99acf666d5cb25e4fb0bab.jpg,https://iiif.dl.itc.u-tokyo.ac.jp/repo/api/items/1381242,"東京大学総合図書館 General Library, The University of Tokyo, JAPAN",http://iiif.io/api/presentation/2#rightToLeftDirection,,総合図書館所蔵青洲文庫,0196,,https://iiif.dl.itc.u-tokyo.ac.jp/repo/iiif/69b4d298-6da2-3801-17f4-2fc67b542f71/manifest,,,,,59
倭玉篇 3巻 (存1巻),A00:5813,ワゴクヘン,,1,[出版者不明],慶長15 [1610],和古書,日本語,"版心の書名: 和玉篇|刊記に「慶長庚戌仲春月」とあり|四周双辺有界7行注文双行, 内匡廓: 20.5×17.0cm, 黒口双花魚尾|付訓あり|後印本|卷上-中を欠く|仮綴|目首下に「本主順治□」との墨書あり|印記: 「青洲文庫」(渡辺信)|汚損, 表紙欠損あり",http://tify.sub.uni-goettingen.de/demo.html?manifest=https://archdataset.dl.itc.u-tokyo.ac.jp/manifest/ce8946e7-8a27-47ac-5d36-7f73f4741f7c.json,ce8946e7-8a27-47ac-5d36-7f73f4741f7c,https://iiif.dl.itc.u-tokyo.ac.jp/repo/s/seishu/,https://iiif.dl.itc.u-tokyo.ac.jp/repo/s/seishu/document/ce8946e7-8a27-47ac-5d36-7f73f4741f7c,https://www.lib.u-tokyo.ac.jp/ja/library/contents/archives-top/reuse,https://iiif.dl.itc.u-tokyo.ac.jp/repo/files/medium/21356506a2732257cd570531cbb4781d0a389811.jpg,https://iiif.dl.itc.u-tokyo.ac.jp/repo/api/items/1381241,"東京大学総合図書館 General Library, The University of Tokyo, JAPAN",http://iiif.io/api/presentation/2#rightToLeftDirection,,総合図書館所蔵青洲文庫,0197,,https://iiif.dl.itc.u-tokyo.ac.jp/repo/iiif/ce8946e7-8a27-47ac-5d36-7f73f4741f7c/manifest,,,,,76
大藏一覽集 10巻 [1],A00:5814,ダイゾウ イチランシュウ,陳 實,11,[出版者不明],[元和寛永年間],和古書,日本語,"版心の書名: 覧|識語の書名: 大蔵一覽|四周双辺有界10行19字注文双行, 内匡廓: 21.4×16.2cm, 黒口双黒魚尾|木活字印本|墨筆訓点付|見返しに「清澤 本泉寺」との墨書あり|卷第10の後見返しに「右壹部拾冊摂州大坂天滿本誓寺證受院二男玄帖大徳所持授与於父宗惠法師予且傳持之 ... 江州彦根禹浄運寺苔巖釋宗玄謹識」との識語あり|印記: 「有造館記」, 「津縣文庫」, 「青洲文庫」(渡辺信)|虫損あり",http://tify.sub.uni-goettingen.de/demo.html?manifest=https://archdataset.dl.itc.u-tokyo.ac.jp/manifest/ea7e1eb2-07da-6741-19f8-c8946646552a.json,ea7e1eb2-07da-6741-19f8-c8946646552a,https://iiif.dl.itc.u-tokyo.ac.jp/repo/s/seishu/,https://iiif.dl.itc.u-tokyo.ac.jp/repo/s/seishu/document/ea7e1eb2-07da-6741-19f8-c8946646552a,https://www.lib.u-tokyo.ac.jp/ja/library/contents/archives-top/reuse,https://iiif.dl.itc.u-tokyo.ac.jp/repo/files/medium/15ac37b73823546d2fdd53fa92e2de853b70ecd4.jpg,https://iiif.dl.itc.u-tokyo.ac.jp/repo/api/items/1381240,"東京大学総合図書館 General Library, The University of Tokyo, JAPAN",http://iiif.io/api/presentation/2#rightToLeftDirection,,総合図書館所蔵青洲文庫,0198,,https://iiif.dl.itc.u-tokyo.ac.jp/repo/iiif/ea7e1eb2-07da-6741-19f8-c8946646552a/manifest,,,,,40
大藏一覽集 10巻 [2],A00:5814,ダイゾウ イチランシュウ,陳 實,11,[出版者不明],[元和寛永年間],和古書,日本語,"版心の書名: 覧|識語の書名: 大蔵一覽|四周双辺有界10行19字注文双行, 内匡廓: 21.4×16.2cm, 黒口双黒魚尾|木活字印本|墨筆訓点付|見返しに「清澤 本泉寺」との墨書あり|卷第10の後見返しに「右壹部拾冊摂州大坂天滿本誓寺證受院二男玄帖大徳所持授与於父宗惠法師予且傳持之 ... 江州彦根禹浄運寺苔巖釋宗玄謹識」との識語あり|印記: 「有造館記」, 「津縣文庫」, 「青洲文庫」(渡辺信)|虫損あり",http://tify.sub.uni-goettingen.de/demo.html?manifest=https://archdataset.dl.itc.u-tokyo.ac.jp/manifest/e6f9333f-4a15-0bbe-806e-d95177da78c9.json,e6f9333f-4a15-0bbe-806e-d95177da78c9,https://iiif.dl.itc.u-tokyo.ac.jp/repo/s/seishu/,https://iiif.dl.itc.u-tokyo.ac.jp/repo/s/seishu/document/e6f9333f-4a15-0bbe-806e-d95177da78c9,https://www.lib.u-tokyo.ac.jp/ja/library/contents/archives-top/reuse,https://iiif.dl.itc.u-tokyo.ac.jp/repo/files/medium/7c0476a12e889eb7ecefdcaf7f8dcf19eb311ae5.jpg,https://iiif.dl.itc.u-tokyo.ac.jp/repo/api/items/1381239,"東京大学総合図書館 General Library, The University of Tokyo, JAPAN",http://iiif.io/api/presentation/2#rightToLeftDirection,,総合図書館所蔵青洲文庫,0199,,https://iiif.dl.itc.u-tokyo.ac.jp/repo/iiif/e6f9333f-4a15-0bbe-806e-d95177da78c9/manifest,,,,,65
大藏一覽集 10巻 [3],A00:5814,ダイゾウ イチランシュウ,陳 實,11,[出版者不明],[元和寛永年間],和古書,日本語,"版心の書名: 覧|識語の書名: 大蔵一覽|四周双辺有界10行19字注文双行, 内匡廓: 21.4×16.2cm, 黒口双黒魚尾|木活字印本|墨筆訓点付|見返しに「清澤 本泉寺」との墨書あり|卷第10の後見返しに「右壹部拾冊摂州大坂天滿本誓寺證受院二男玄帖大徳所持授与於父宗惠法師予且傳持之 ... 江州彦根禹浄運寺苔巖釋宗玄謹識」との識語あり|印記: 「有造館記」, 「津縣文庫」, 「青洲文庫」(渡辺信)|虫損あり",http://tify.sub.uni-goettingen.de/demo.html?manifest=https://archdataset.dl.itc.u-tokyo.ac.jp/manifest/3c331ef6-61a6-9e32-53cc-b2e8fc2560fc.json,3c331ef6-61a6-9e32-53cc-b2e8fc2560fc,https://iiif.dl.itc.u-tokyo.ac.jp/repo/s/seishu/,https://iiif.dl.itc.u-tokyo.ac.jp/repo/s/seishu/document/3c331ef6-61a6-9e32-53cc-b2e8fc2560fc,https://www.lib.u-tokyo.ac.jp/ja/library/contents/archives-top/reuse,https://iiif.dl.itc.u-tokyo.ac.jp/repo/files/medium/7a7efebc5daf0ee29482c595c55c2693a26b38f0.jpg,https://iiif.dl.itc.u-tokyo.ac.jp/repo/api/items/1381238,"東京大学総合図書館 General Library, The University of Tokyo, JAPAN",http://iiif.io/api/presentation/2#rightToLeftDirection,,総合図書館所蔵青洲文庫,0200,,https://iiif.dl.itc.u-tokyo.ac.jp/repo/iiif/3c331ef6-61a6-9e32-53cc-b2e8fc2560fc/manifest,,,,,59
大藏一覽集 10巻 [4],A00:5814,ダイゾウ イチランシュウ,陳 實,11,[出版者不明],[元和寛永年間],和古書,日本語,"版心の書名: 覧|識語の書名: 大蔵一覽|四周双辺有界10行19字注文双行, 内匡廓: 21.4×16.2cm, 黒口双黒魚尾|木活字印本|墨筆訓点付|見返しに「清澤 本泉寺」との墨書あり|卷第10の後見返しに「右壹部拾冊摂州大坂天滿本誓寺證受院二男玄帖大徳所持授与於父宗惠法師予且傳持之 ... 江州彦根禹浄運寺苔巖釋宗玄謹識」との識語あり|印記: 「有造館記」, 「津縣文庫」, 「青洲文庫」(渡辺信)|虫損あり",http://tify.sub.uni-goettingen.de/demo.html?manifest=https://archdataset.dl.itc.u-tokyo.ac.jp/manifest/706205f6-3807-1934-9c4d-918abfc830b9.json,706205f6-3807-1934-9c4d-918abfc830b9,https://iiif.dl.itc.u-tokyo.ac.jp/repo/s/seishu/,https://iiif.dl.itc.u-tokyo.ac.jp/repo/s/seishu/document/706205f6-3807-1934-9c4d-918abfc830b9,https://www.lib.u-tokyo.ac.jp/ja/library/contents/archives-top/reuse,https://iiif.dl.itc.u-tokyo.ac.jp/repo/files/medium/2fb379e7b4fb6c45629eac36f1661a9567813b20.jpg,https://iiif.dl.itc.u-tokyo.ac.jp/repo/api/items/1381237,"東京大学総合図書館 General Library, The University of Tokyo, JAPAN",http://iiif.io/api/presentation/2#rightToLeftDirection,,総合図書館所蔵青洲文庫,0201,,https://iiif.dl.itc.u-tokyo.ac.jp/repo/iiif/706205f6-3807-1934-9c4d-918abfc830b9/manifest,,,,,64
大藏一覽集 10巻 [5],A00:5814,ダイゾウ イチランシュウ,陳 實,11,[出版者不明],[元和寛永年間],和古書,日本語,"版心の書名: 覧|識語の書名: 大蔵一覽|四周双辺有界10行19字注文双行, 内匡廓: 21.4×16.2cm, 黒口双黒魚尾|木活字印本|墨筆訓点付|見返しに「清澤 本泉寺」との墨書あり|卷第10の後見返しに「右壹部拾冊摂州大坂天滿本誓寺證受院二男玄帖大徳所持授与於父宗惠法師予且傳持之 ... 江州彦根禹浄運寺苔巖釋宗玄謹識」との識語あり|印記: 「有造館記」, 「津縣文庫」, 「青洲文庫」(渡辺信)|虫損あり",http://tify.sub.uni-goettingen.de/demo.html?manifest=https://archdataset.dl.itc.u-tokyo.ac.jp/manifest/9419874f-5916-405e-948e-a96d73915d19.json,9419874f-5916-405e-948e-a96d73915d19,https://iiif.dl.itc.u-tokyo.ac.jp/repo/s/seishu/,https://iiif.dl.itc.u-tokyo.ac.jp/repo/s/seishu/document/9419874f-5916-405e-948e-a96d73915d19,https://www.lib.u-tokyo.ac.jp/ja/library/contents/archives-top/reuse,https://iiif.dl.itc.u-tokyo.ac.jp/repo/files/medium/bc13f238505b15902cb7d5d611935a96ba78e16f.jpg,https://iiif.dl.itc.u-tokyo.ac.jp/repo/api/items/1381236,"東京大学総合図書館 General Library, The University of Tokyo, JAPAN",http://iiif.io/api/presentation/2#rightToLeftDirection,,総合図書館所蔵青洲文庫,0202,,https://iiif.dl.itc.u-tokyo.ac.jp/repo/iiif/9419874f-5916-405e-948e-a96d73915d19/manifest,,,,,64
大藏一覽集 10巻 [6],A00:5814,ダイゾウ イチランシュウ,陳 實,11,[出版者不明],[元和寛永年間],和古書,日本語,"版心の書名: 覧|識語の書名: 大蔵一覽|四周双辺有界10行19字注文双行, 内匡廓: 21.4×16.2cm, 黒口双黒魚尾|木活字印本|墨筆訓点付|見返しに「清澤 本泉寺」との墨書あり|卷第10の後見返しに「右壹部拾冊摂州大坂天滿本誓寺證受院二男玄帖大徳所持授与於父宗惠法師予且傳持之 ... 江州彦根禹浄運寺苔巖釋宗玄謹識」との識語あり|印記: 「有造館記」, 「津縣文庫」, 「青洲文庫」(渡辺信)|虫損あり",http://tify.sub.uni-goettingen.de/demo.html?manifest=https://archdataset.dl.itc.u-tokyo.ac.jp/manifest/f3c9d050-6b5a-5b7d-41b7-e46e46644484.json,f3c9d050-6b5a-5b7d-41b7-e46e46644484,https://iiif.dl.itc.u-tokyo.ac.jp/repo/s/seishu/,https://iiif.dl.itc.u-tokyo.ac.jp/repo/s/seishu/document/f3c9d050-6b5a-5b7d-41b7-e46e46644484,https://www.lib.u-tokyo.ac.jp/ja/library/contents/archives-top/reuse,https://iiif.dl.itc.u-tokyo.ac.jp/repo/files/medium/d8d8247b7aea755604f81df476b8caf92bf80e5c.jpg,https://iiif.dl.itc.u-tokyo.ac.jp/repo/api/items/1381235,"東京大学総合図書館 General Library, The University of Tokyo, JAPAN",http://iiif.io/api/presentation/2#rightToLeftDirection,,総合図書館所蔵青洲文庫,0203,,https://iiif.dl.itc.u-tokyo.ac.jp/repo/iiif/f3c9d050-6b5a-5b7d-41b7-e46e46644484/manifest,,,,,57
大藏一覽集 10巻 [7],A00:5814,ダイゾウ イチランシュウ,陳 實,11,[出版者不明],[元和寛永年間],和古書,日本語,"版心の書名: 覧|識語の書名: 大蔵一覽|四周双辺有界10行19字注文双行, 内匡廓: 21.4×16.2cm, 黒口双黒魚尾|木活字印本|墨筆訓点付|見返しに「清澤 本泉寺」との墨書あり|卷第10の後見返しに「右壹部拾冊摂州大坂天滿本誓寺證受院二男玄帖大徳所持授与於父宗惠法師予且傳持之 ... 江州彦根禹浄運寺苔巖釋宗玄謹識」との識語あり|印記: 「有造館記」, 「津縣文庫」, 「青洲文庫」(渡辺信)|虫損あり",http://tify.sub.uni-goettingen.de/demo.html?manifest=https://archdataset.dl.itc.u-tokyo.ac.jp/manifest/c2e9e083-7b39-4c26-909a-55880f8d0447.json,c2e9e083-7b39-4c26-909a-55880f8d0447,https://iiif.dl.itc.u-tokyo.ac.jp/repo/s/seishu/,https://iiif.dl.itc.u-tokyo.ac.jp/repo/s/seishu/document/c2e9e083-7b39-4c26-909a-55880f8d0447,https://www.lib.u-tokyo.ac.jp/ja/library/contents/archives-top/reuse,https://iiif.dl.itc.u-tokyo.ac.jp/repo/files/medium/aea30c28e2e832c74b42bf3c14e7201291f5e2f3.jpg,https://iiif.dl.itc.u-tokyo.ac.jp/repo/api/items/1381234,"東京大学総合図書館 General Library, The University of Tokyo, JAPAN",http://iiif.io/api/presentation/2#rightToLeftDirection,,総合図書館所蔵青洲文庫,0204,,https://iiif.dl.itc.u-tokyo.ac.jp/repo/iiif/c2e9e083-7b39-4c26-909a-55880f8d0447/manifest,,,,,63
大藏一覽集 10巻 [8],A00:5814,ダイゾウ イチランシュウ,陳 實,11,[出版者不明],[元和寛永年間],和古書,日本語,"版心の書名: 覧|識語の書名: 大蔵一覽|四周双辺有界10行19字注文双行, 内匡廓: 21.4×16.2cm, 黒口双黒魚尾|木活字印本|墨筆訓点付|見返しに「清澤 本泉寺」との墨書あり|卷第10の後見返しに「右壹部拾冊摂州大坂天滿本誓寺證受院二男玄帖大徳所持授与於父宗惠法師予且傳持之 ... 江州彦根禹浄運寺苔巖釋宗玄謹識」との識語あり|印記: 「有造館記」, 「津縣文庫」, 「青洲文庫」(渡辺信)|虫損あり",http://tify.sub.uni-goettingen.de/demo.html?manifest=https://archdataset.dl.itc.u-tokyo.ac.jp/manifest/eb8c675f-a1c4-86a6-7b90-78b93ac34e99.json,eb8c675f-a1c4-86a6-7b90-78b93ac34e99,https://iiif.dl.itc.u-tokyo.ac.jp/repo/s/seishu/,https://iiif.dl.itc.u-tokyo.ac.jp/repo/s/seishu/document/eb8c675f-a1c4-86a6-7b90-78b93ac34e99,https://www.lib.u-tokyo.ac.jp/ja/library/contents/archives-top/reuse,https://iiif.dl.itc.u-tokyo.ac.jp/repo/files/medium/958853559631a99dbae838c3eb82a8096cb22a9b.jpg,https://iiif.dl.itc.u-tokyo.ac.jp/repo/api/items/1381233,"東京大学総合図書館 General Library, The University of Tokyo, JAPAN",http://iiif.io/api/presentation/2#rightToLeftDirection,,総合図書館所蔵青洲文庫,0205,,https://iiif.dl.itc.u-tokyo.ac.jp/repo/iiif/eb8c675f-a1c4-86a6-7b90-78b93ac34e99/manifest,,,,,69
大藏一覽集 10巻 [9],A00:5814,ダイゾウ イチランシュウ,陳 實,11,[出版者不明],[元和寛永年間],和古書,日本語,"版心の書名: 覧|識語の書名: 大蔵一覽|四周双辺有界10行19字注文双行, 内匡廓: 21.4×16.2cm, 黒口双黒魚尾|木活字印本|墨筆訓点付|見返しに「清澤 本泉寺」との墨書あり|卷第10の後見返しに「右壹部拾冊摂州大坂天滿本誓寺證受院二男玄帖大徳所持授与於父宗惠法師予且傳持之 ... 江州彦根禹浄運寺苔巖釋宗玄謹識」との識語あり|印記: 「有造館記」, 「津縣文庫」, 「青洲文庫」(渡辺信)|虫損あり",http://tify.sub.uni-goettingen.de/demo.html?manifest=https://archdataset.dl.itc.u-tokyo.ac.jp/manifest/4372e853-101b-8984-1177-969abedf6daa.json,4372e853-101b-8984-1177-969abedf6daa,https://iiif.dl.itc.u-tokyo.ac.jp/repo/s/seishu/,https://iiif.dl.itc.u-tokyo.ac.jp/repo/s/seishu/document/4372e853-101b-8984-1177-969abedf6daa,https://www.lib.u-tokyo.ac.jp/ja/library/contents/archives-top/reuse,https://iiif.dl.itc.u-tokyo.ac.jp/repo/files/medium/5c0859044e9a482eeebc19faf886e452fb5c3f6a.jpg,https://iiif.dl.itc.u-tokyo.ac.jp/repo/api/items/1381232,"東京大学総合図書館 General Library, The University of Tokyo, JAPAN",http://iiif.io/api/presentation/2#rightToLeftDirection,,総合図書館所蔵青洲文庫,0206,,https://iiif.dl.itc.u-tokyo.ac.jp/repo/iiif/4372e853-101b-8984-1177-969abedf6daa/manifest,,,,,36
大藏一覽集 10巻 [10],A00:5814,ダイゾウ イチランシュウ,陳 實,11,[出版者不明],[元和寛永年間],和古書,日本語,"版心の書名: 覧|識語の書名: 大蔵一覽|四周双辺有界10行19字注文双行, 内匡廓: 21.4×16.2cm, 黒口双黒魚尾|木活字印本|墨筆訓点付|見返しに「清澤 本泉寺」との墨書あり|卷第10の後見返しに「右壹部拾冊摂州大坂天滿本誓寺證受院二男玄帖大徳所持授与於父宗惠法師予且傳持之 ... 江州彦根禹浄運寺苔巖釋宗玄謹識」との識語あり|印記: 「有造館記」, 「津縣文庫」, 「青洲文庫」(渡辺信)|虫損あり",http://tify.sub.uni-goettingen.de/demo.html?manifest=https://archdataset.dl.itc.u-tokyo.ac.jp/manifest/bc98f91c-7a4c-186b-4cac-c53952ae6997.json,bc98f91c-7a4c-186b-4cac-c53952ae6997,https://iiif.dl.itc.u-tokyo.ac.jp/repo/s/seishu/,https://iiif.dl.itc.u-tokyo.ac.jp/repo/s/seishu/document/bc98f91c-7a4c-186b-4cac-c53952ae6997,https://www.lib.u-tokyo.ac.jp/ja/library/contents/archives-top/reuse,https://iiif.dl.itc.u-tokyo.ac.jp/repo/files/medium/9b24dab69d5da2d8ca5369f7004260b22574c45c.jpg,https://iiif.dl.itc.u-tokyo.ac.jp/repo/api/items/1381231,"東京大学総合図書館 General Library, The University of Tokyo, JAPAN",http://iiif.io/api/presentation/2#rightToLeftDirection,,総合図書館所蔵青洲文庫,0207,,https://iiif.dl.itc.u-tokyo.ac.jp/repo/iiif/bc98f91c-7a4c-186b-4cac-c53952ae6997/manifest,,,,,54
大藏一覽集 10巻 [11],A00:5814,ダイゾウ イチランシュウ,陳 實,11,[出版者不明],[元和寛永年間],和古書,日本語,"版心の書名: 覧|識語の書名: 大蔵一覽|四周双辺有界10行19字注文双行, 内匡廓: 21.4×16.2cm, 黒口双黒魚尾|木活字印本|墨筆訓点付|見返しに「清澤 本泉寺」との墨書あり|卷第10の後見返しに「右壹部拾冊摂州大坂天滿本誓寺證受院二男玄帖大徳所持授与於父宗惠法師予且傳持之 ... 江州彦根禹浄運寺苔巖釋宗玄謹識」との識語あり|印記: 「有造館記」, 「津縣文庫」, 「青洲文庫」(渡辺信)|虫損あり",http://tify.sub.uni-goettingen.de/demo.html?manifest=https://archdataset.dl.itc.u-tokyo.ac.jp/manifest/ed95e476-1f6e-168b-374e-790941874612.json,ed95e476-1f6e-168b-374e-790941874612,https://iiif.dl.itc.u-tokyo.ac.jp/repo/s/seishu/,https://iiif.dl.itc.u-tokyo.ac.jp/repo/s/seishu/document/ed95e476-1f6e-168b-374e-790941874612,https://www.lib.u-tokyo.ac.jp/ja/library/contents/archives-top/reuse,https://iiif.dl.itc.u-tokyo.ac.jp/repo/files/medium/1dde32fa91cd1b58c023b46ad6d411eb5bf1e69c.jpg,https://iiif.dl.itc.u-tokyo.ac.jp/repo/api/items/1381230,"東京大学総合図書館 General Library, The University of Tokyo, JAPAN",http://iiif.io/api/presentation/2#rightToLeftDirection,,総合図書館所蔵青洲文庫,0208,,https://iiif.dl.itc.u-tokyo.ac.jp/repo/iiif/ed95e476-1f6e-168b-374e-790941874612/manifest,,,,,77
唐三體詩註 3巻首1巻 [1],A00:5816,トウ サンタイシ チュウ,周 弼,11,[出版者不明],[室町時代],和古書,日本語,"書名は綱目による|巻末の書名: 増註唐賢七言絶句三體詩法(卷之1), 増註唐賢七言律詩三體家法(卷之2),|諸例の書名: 諸家集註唐詩三禮家法|帙題簽の書名: 唐賢絶句三體詩法|序末に「旹至大二年重陽日裴庾季昌書」とあり|[首]に「唐世系機紀年」, 「三體集一百六十七人」あり|左右双辺有界10行22字注文双行, 内匡廓: 21.0×14.8cm, 中黒口双黒魚尾|五山版|朱点, 朱引あり|墨筆訓点, 書き入れあり|原3冊を1冊に合綴|印記: 「青洲文庫」(渡辺信)|虫損あり",http://tify.sub.uni-goettingen.de/demo.html?manifest=https://archdataset.dl.itc.u-tokyo.ac.jp/manifest/533e0d04-5904-8072-6169-521034f0797b.json,533e0d04-5904-8072-6169-521034f0797b,https://iiif.dl.itc.u-tokyo.ac.jp/repo/s/seishu/,https://iiif.dl.itc.u-tokyo.ac.jp/repo/s/seishu/document/533e0d04-5904-8072-6169-521034f0797b,https://www.lib.u-tokyo.ac.jp/ja/library/contents/archives-top/reuse,https://iiif.dl.itc.u-tokyo.ac.jp/repo/files/medium/7e703a19bea300e00c25f8730a4f440f6161cac2.jpg,https://iiif.dl.itc.u-tokyo.ac.jp/repo/api/items/1381229,"東京大学総合図書館 General Library, The University of Tokyo, JAPAN",http://iiif.io/api/presentation/2#rightToLeftDirection,,総合図書館所蔵青洲文庫,0209,,https://iiif.dl.itc.u-tokyo.ac.jp/repo/iiif/533e0d04-5904-8072-6169-521034f0797b/manifest,,,,,74
唐三體詩註 3巻首1巻 [2],A00:5816,トウ サンタイシ チュウ,周 弼,11,[出版者不明],[室町時代],和古書,日本語,"書名は綱目による|巻末の書名: 増註唐賢七言絶句三體詩法(卷之1), 増註唐賢七言律詩三體家法(卷之2),|諸例の書名: 諸家集註唐詩三禮家法|帙題簽の書名: 唐賢絶句三體詩法|序末に「旹至大二年重陽日裴庾季昌書」とあり|[首]に「唐世系機紀年」, 「三體集一百六十七人」あり|左右双辺有界10行22字注文双行, 内匡廓: 21.0×14.8cm, 中黒口双黒魚尾|五山版|朱点, 朱引あり|墨筆訓点, 書き入れあり|原3冊を1冊に合綴|印記: 「青洲文庫」(渡辺信)|虫損あり",http://tify.sub.uni-goettingen.de/demo.html?manifest=https://archdataset.dl.itc.u-tokyo.ac.jp/manifest/83587a7c-3a43-2595-681c-2b7901913079.json,83587a7c-3a43-2595-681c-2b7901913079,https://iiif.dl.itc.u-tokyo.ac.jp/repo/s/seishu/,https://iiif.dl.itc.u-tokyo.ac.jp/repo/s/seishu/document/83587a7c-3a43-2595-681c-2b7901913079,https://www.lib.u-tokyo.ac.jp/ja/library/contents/archives-top/reuse,https://iiif.dl.itc.u-tokyo.ac.jp/repo/files/medium/8f7dcbd2f5ea085faddb69a5e04a088befd85b36.jpg,https://iiif.dl.itc.u-tokyo.ac.jp/repo/api/items/1381228,"東京大学総合図書館 General Library, The University of Tokyo, JAPAN",http://iiif.io/api/presentation/2#rightToLeftDirection,,総合図書館所蔵青洲文庫,0210,,https://iiif.dl.itc.u-tokyo.ac.jp/repo/iiif/83587a7c-3a43-2595-681c-2b7901913079/manifest,,,,,49
唐三體詩註 3巻首1巻 [3],A00:5816,トウ サンタイシ チュウ,周 弼,11,[出版者不明],[室町時代],和古書,日本語,"書名は綱目による|巻末の書名: 増註唐賢七言絶句三體詩法(卷之1), 増註唐賢七言律詩三體家法(卷之2),|諸例の書名: 諸家集註唐詩三禮家法|帙題簽の書名: 唐賢絶句三體詩法|序末に「旹至大二年重陽日裴庾季昌書」とあり|[首]に「唐世系機紀年」, 「三體集一百六十七人」あり|左右双辺有界10行22字注文双行, 内匡廓: 21.0×14.8cm, 中黒口双黒魚尾|五山版|朱点, 朱引あり|墨筆訓点, 書き入れあり|原3冊を1冊に合綴|印記: 「青洲文庫」(渡辺信)|虫損あり",http://tify.sub.uni-goettingen.de/demo.html?manifest=https://archdataset.dl.itc.u-tokyo.ac.jp/manifest/015c9ced-2c0b-52f5-2d67-e3c12827669c.json,015c9ced-2c0b-52f5-2d67-e3c12827669c,https://iiif.dl.itc.u-tokyo.ac.jp/repo/s/seishu/,https://iiif.dl.itc.u-tokyo.ac.jp/repo/s/seishu/document/015c9ced-2c0b-52f5-2d67-e3c12827669c,https://www.lib.u-tokyo.ac.jp/ja/library/contents/archives-top/reuse,https://iiif.dl.itc.u-tokyo.ac.jp/repo/files/medium/248dccfe8cef66cead8304457085288fb3e0b17e.jpg,https://iiif.dl.itc.u-tokyo.ac.jp/repo/api/items/1381227,"東京大学総合図書館 General Library, The University of Tokyo, JAPAN",http://iiif.io/api/presentation/2#rightToLeftDirection,,総合図書館所蔵青洲文庫,0211,,https://iiif.dl.itc.u-tokyo.ac.jp/repo/iiif/015c9ced-2c0b-52f5-2d67-e3c12827669c/manifest,,,,,56
萬葉集 20巻 [1],A00:5817,マンヨウシュウ,,10,[出版者不明],[慶長年間],和古書,日本語,"書名及び巻冊次は各巻目首による|版心の書名: 萬葉|四周双辺無界8行18字, 内匡廓: 22.5×16.1cm, 中黒口双花魚尾|無訓本|古活字版|印記: 「田安府芸台印」, 「田藩文庫」(田安家), 「青洲文庫」(渡辺信)|虫損, 破損あり",http://tify.sub.uni-goettingen.de/demo.html?manifest=https://archdataset.dl.itc.u-tokyo.ac.jp/manifest/3c93e9da-5f3d-3a89-1978-2a4f8587a71c.json,3c93e9da-5f3d-3a89-1978-2a4f8587a71c,https://iiif.dl.itc.u-tokyo.ac.jp/repo/s/seishu/,https://iiif.dl.itc.u-tokyo.ac.jp/repo/s/seishu/document/3c93e9da-5f3d-3a89-1978-2a4f8587a71c,https://www.lib.u-tokyo.ac.jp/ja/library/contents/archives-top/reuse,https://iiif.dl.itc.u-tokyo.ac.jp/repo/files/medium/812f0a1c7af890053c32592a4fe41637fbc94644.jpg,https://iiif.dl.itc.u-tokyo.ac.jp/repo/api/items/1381226,"東京大学総合図書館 General Library, The University of Tokyo, JAPAN",http://iiif.io/api/presentation/2#rightToLeftDirection,,総合図書館所蔵青洲文庫,0212,,https://iiif.dl.itc.u-tokyo.ac.jp/repo/iiif/3c93e9da-5f3d-3a89-1978-2a4f8587a71c/manifest,,,,,83
萬葉集 20巻 [2],A00:5817,マンヨウシュウ,,10,[出版者不明],[慶長年間],和古書,日本語,"書名及び巻冊次は各巻目首による|版心の書名: 萬葉|四周双辺無界8行18字, 内匡廓: 22.5×16.1cm, 中黒口双花魚尾|無訓本|古活字版|印記: 「田安府芸台印」, 「田藩文庫」(田安家), 「青洲文庫」(渡辺信)|虫損, 破損あり",http://tify.sub.uni-goettingen.de/demo.html?manifest=https://archdataset.dl.itc.u-tokyo.ac.jp/manifest/7beb1f43-2a8e-5f76-186f-d6e0f00175c2.json,7beb1f43-2a8e-5f76-186f-d6e0f00175c2,https://iiif.dl.itc.u-tokyo.ac.jp/repo/s/seishu/,https://iiif.dl.itc.u-tokyo.ac.jp/repo/s/seishu/document/7beb1f43-2a8e-5f76-186f-d6e0f00175c2,https://www.lib.u-tokyo.ac.jp/ja/library/contents/archives-top/reuse,https://iiif.dl.itc.u-tokyo.ac.jp/repo/files/medium/3ca8584dbfad896d452059e843a88e853dfd6f2f.jpg,https://iiif.dl.itc.u-tokyo.ac.jp/repo/api/items/1381225,"東京大学総合図書館 General Library, The University of Tokyo, JAPAN",http://iiif.io/api/presentation/2#rightToLeftDirection,,総合図書館所蔵青洲文庫,0213,,https://iiif.dl.itc.u-tokyo.ac.jp/repo/iiif/7beb1f43-2a8e-5f76-186f-d6e0f00175c2/manifest,,,,,109
萬葉集 20巻 [3],A00:5817,マンヨウシュウ,,10,[出版者不明],[慶長年間],和古書,日本語,"書名及び巻冊次は各巻目首による|版心の書名: 萬葉|四周双辺無界8行18字, 内匡廓: 22.5×16.1cm, 中黒口双花魚尾|無訓本|古活字版|印記: 「田安府芸台印」, 「田藩文庫」(田安家), 「青洲文庫」(渡辺信)|虫損, 破損あり",http://tify.sub.uni-goettingen.de/demo.html?manifest=https://archdataset.dl.itc.u-tokyo.ac.jp/manifest/c3025cee-242c-0ed1-106b-7f5e5ad740b0.json,c3025cee-242c-0ed1-106b-7f5e5ad740b0,https://iiif.dl.itc.u-tokyo.ac.jp/repo/s/seishu/,https://iiif.dl.itc.u-tokyo.ac.jp/repo/s/seishu/document/c3025cee-242c-0ed1-106b-7f5e5ad740b0,https://www.lib.u-tokyo.ac.jp/ja/library/contents/archives-top/reuse,https://iiif.dl.itc.u-tokyo.ac.jp/repo/files/medium/c41d08e1cde96791fb186ba30d0a151b506a0ffa.jpg,https://iiif.dl.itc.u-tokyo.ac.jp/repo/api/items/1381224,"東京大学総合図書館 General Library, The University of Tokyo, JAPAN",http://iiif.io/api/presentation/2#rightToLeftDirection,,総合図書館所蔵青洲文庫,0214,,https://iiif.dl.itc.u-tokyo.ac.jp/repo/iiif/c3025cee-242c-0ed1-106b-7f5e5ad740b0/manifest,,,,,91
萬葉集 20巻 [4],A00:5817,マンヨウシュウ,,10,[出版者不明],[慶長年間],和古書,日本語,"書名及び巻冊次は各巻目首による|版心の書名: 萬葉|四周双辺無界8行18字, 内匡廓: 22.5×16.1cm, 中黒口双花魚尾|無訓本|古活字版|印記: 「田安府芸台印」, 「田藩文庫」(田安家), 「青洲文庫」(渡辺信)|虫損, 破損あり",http://tify.sub.uni-goettingen.de/demo.html?manifest=https://archdataset.dl.itc.u-tokyo.ac.jp/manifest/dfdb042f-668c-2a34-9b9f-7a01f8702d80.json,dfdb042f-668c-2a34-9b9f-7a01f8702d80,https://iiif.dl.itc.u-tokyo.ac.jp/repo/s/seishu/,https://iiif.dl.itc.u-tokyo.ac.jp/repo/s/seishu/document/dfdb042f-668c-2a34-9b9f-7a01f8702d80,https://www.lib.u-tokyo.ac.jp/ja/library/contents/archives-top/reuse,https://iiif.dl.itc.u-tokyo.ac.jp/repo/files/medium/08b9b66c5a4db7f6f840a388cccea99176b7bc15.jpg,https://iiif.dl.itc.u-tokyo.ac.jp/repo/api/items/1381223,"東京大学総合図書館 General Library, The University of Tokyo, JAPAN",http://iiif.io/api/presentation/2#rightToLeftDirection,,総合図書館所蔵青洲文庫,0215,,https://iiif.dl.itc.u-tokyo.ac.jp/repo/iiif/dfdb042f-668c-2a34-9b9f-7a01f8702d80/manifest,,,,,106
萬葉集 20巻 [5],A00:5817,マンヨウシュウ,,10,[出版者不明],[慶長年間],和古書,日本語,"書名及び巻冊次は各巻目首による|版心の書名: 萬葉|四周双辺無界8行18字, 内匡廓: 22.5×16.1cm, 中黒口双花魚尾|無訓本|古活字版|印記: 「田安府芸台印」, 「田藩文庫」(田安家), 「青洲文庫」(渡辺信)|虫損, 破損あり",http://tify.sub.uni-goettingen.de/demo.html?manifest=https://archdataset.dl.itc.u-tokyo.ac.jp/manifest/b651cfb8-9e9c-6b19-1343-538b63ab4f9d.json,b651cfb8-9e9c-6b19-1343-538b63ab4f9d,https://iiif.dl.itc.u-tokyo.ac.jp/repo/s/seishu/,https://iiif.dl.itc.u-tokyo.ac.jp/repo/s/seishu/document/b651cfb8-9e9c-6b19-1343-538b63ab4f9d,https://www.lib.u-tokyo.ac.jp/ja/library/contents/archives-top/reuse,https://iiif.dl.itc.u-tokyo.ac.jp/repo/files/medium/44c69c46b49d28e97730ad365fdceedf627fe093.jpg,https://iiif.dl.itc.u-tokyo.ac.jp/repo/api/items/1381222,"東京大学総合図書館 General Library, The University of Tokyo, JAPAN",http://iiif.io/api/presentation/2#rightToLeftDirection,,総合図書館所蔵青洲文庫,0216,,https://iiif.dl.itc.u-tokyo.ac.jp/repo/iiif/b651cfb8-9e9c-6b19-1343-538b63ab4f9d/manifest,,,,,104
萬葉集 20巻 [6],A00:5817,マンヨウシュウ,,10,[出版者不明],[慶長年間],和古書,日本語,"書名及び巻冊次は各巻目首による|版心の書名: 萬葉|四周双辺無界8行18字, 内匡廓: 22.5×16.1cm, 中黒口双花魚尾|無訓本|古活字版|印記: 「田安府芸台印」, 「田藩文庫」(田安家), 「青洲文庫」(渡辺信)|虫損, 破損あり",http://tify.sub.uni-goettingen.de/demo.html?manifest=https://archdataset.dl.itc.u-tokyo.ac.jp/manifest/95e0315e-17dc-1986-8c98-876cb8509289.json,95e0315e-17dc-1986-8c98-876cb8509289,https://iiif.dl.itc.u-tokyo.ac.jp/repo/s/seishu/,https://iiif.dl.itc.u-tokyo.ac.jp/repo/s/seishu/document/95e0315e-17dc-1986-8c98-876cb8509289,https://www.lib.u-tokyo.ac.jp/ja/library/contents/archives-top/reuse,https://iiif.dl.itc.u-tokyo.ac.jp/repo/files/medium/6e2611b1a77ba16143add85039b813a3eebf8181.jpg,https://iiif.dl.itc.u-tokyo.ac.jp/repo/api/items/1381221,"東京大学総合図書館 General Library, The University of Tokyo, JAPAN",http://iiif.io/api/presentation/2#rightToLeftDirection,,総合図書館所蔵青洲文庫,0217,,https://iiif.dl.itc.u-tokyo.ac.jp/repo/iiif/95e0315e-17dc-1986-8c98-876cb8509289/manifest,,,,,96
萬葉集 20巻 [7],A00:5817,マンヨウシュウ,,10,[出版者不明],[慶長年間],和古書,日本語,"書名及び巻冊次は各巻目首による|版心の書名: 萬葉|四周双辺無界8行18字, 内匡廓: 22.5×16.1cm, 中黒口双花魚尾|無訓本|古活字版|印記: 「田安府芸台印」, 「田藩文庫」(田安家), 「青洲文庫」(渡辺信)|虫損, 破損あり",http://tify.sub.uni-goettingen.de/demo.html?manifest=https://archdataset.dl.itc.u-tokyo.ac.jp/manifest/d885f2f6-9a67-2960-a66a-cf42ef7f138e.json,d885f2f6-9a67-2960-a66a-cf42ef7f138e,https://iiif.dl.itc.u-tokyo.ac.jp/repo/s/seishu/,https://iiif.dl.itc.u-tokyo.ac.jp/repo/s/seishu/document/d885f2f6-9a67-2960-a66a-cf42ef7f138e,https://www.lib.u-tokyo.ac.jp/ja/library/contents/archives-top/reuse,https://iiif.dl.itc.u-tokyo.ac.jp/repo/files/medium/a7913caf2b61e699ea30082af6a796edb0e5f9d5.jpg,https://iiif.dl.itc.u-tokyo.ac.jp/repo/api/items/1381220,"東京大学総合図書館 General Library, The University of Tokyo, JAPAN",http://iiif.io/api/presentation/2#rightToLeftDirection,,総合図書館所蔵青洲文庫,0218,,https://iiif.dl.itc.u-tokyo.ac.jp/repo/iiif/d885f2f6-9a67-2960-a66a-cf42ef7f138e/manifest,,,,,76
萬葉集 20巻 [8],A00:5817,マンヨウシュウ,,10,[出版者不明],[慶長年間],和古書,日本語,"書名及び巻冊次は各巻目首による|版心の書名: 萬葉|四周双辺無界8行18字, 内匡廓: 22.5×16.1cm, 中黒口双花魚尾|無訓本|古活字版|印記: 「田安府芸台印」, 「田藩文庫」(田安家), 「青洲文庫」(渡辺信)|虫損, 破損あり",http://tify.sub.uni-goettingen.de/demo.html?manifest=https://archdataset.dl.itc.u-tokyo.ac.jp/manifest/2fccbb2e-03be-6dfb-96b9-a5f8a4b80cdf.json,2fccbb2e-03be-6dfb-96b9-a5f8a4b80cdf,https://iiif.dl.itc.u-tokyo.ac.jp/repo/s/seishu/,https://iiif.dl.itc.u-tokyo.ac.jp/repo/s/seishu/document/2fccbb2e-03be-6dfb-96b9-a5f8a4b80cdf,https://www.lib.u-tokyo.ac.jp/ja/library/contents/archives-top/reuse,https://iiif.dl.itc.u-tokyo.ac.jp/repo/files/medium/0751ddace8422a4d949f3a3484455d1a1943eb6c.jpg,https://iiif.dl.itc.u-tokyo.ac.jp/repo/api/items/1381219,"東京大学総合図書館 General Library, The University of Tokyo, JAPAN",http://iiif.io/api/presentation/2#rightToLeftDirection,,総合図書館所蔵青洲文庫,0219,,https://iiif.dl.itc.u-tokyo.ac.jp/repo/iiif/2fccbb2e-03be-6dfb-96b9-a5f8a4b80cdf/manifest,,,,,76
萬葉集 20巻 [9],A00:5817,マンヨウシュウ,,10,[出版者不明],[慶長年間],和古書,日本語,"書名及び巻冊次は各巻目首による|版心の書名: 萬葉|四周双辺無界8行18字, 内匡廓: 22.5×16.1cm, 中黒口双花魚尾|無訓本|古活字版|印記: 「田安府芸台印」, 「田藩文庫」(田安家), 「青洲文庫」(渡辺信)|虫損, 破損あり",http://tify.sub.uni-goettingen.de/demo.html?manifest=https://archdataset.dl.itc.u-tokyo.ac.jp/manifest/923b0ef2-8607-3ff9-1580-12f3e52e3c16.json,923b0ef2-8607-3ff9-1580-12f3e52e3c16,https://iiif.dl.itc.u-tokyo.ac.jp/repo/s/seishu/,https://iiif.dl.itc.u-tokyo.ac.jp/repo/s/seishu/document/923b0ef2-8607-3ff9-1580-12f3e52e3c16,https://www.lib.u-tokyo.ac.jp/ja/library/contents/archives-top/reuse,https://iiif.dl.itc.u-tokyo.ac.jp/repo/files/medium/fe2d9369caa6474260d77b5af83c0ddbd9a97f66.jpg,https://iiif.dl.itc.u-tokyo.ac.jp/repo/api/items/1381218,"東京大学総合図書館 General Library, The University of Tokyo, JAPAN",http://iiif.io/api/presentation/2#rightToLeftDirection,,総合図書館所蔵青洲文庫,0220,,https://iiif.dl.itc.u-tokyo.ac.jp/repo/iiif/923b0ef2-8607-3ff9-1580-12f3e52e3c16/manifest,,,,,94
萬葉集 20巻 [10],A00:5817,マンヨウシュウ,,10,[出版者不明],[慶長年間],和古書,日本語,"書名及び巻冊次は各巻目首による|版心の書名: 萬葉|四周双辺無界8行18字, 内匡廓: 22.5×16.1cm, 中黒口双花魚尾|無訓本|古活字版|印記: 「田安府芸台印」, 「田藩文庫」(田安家), 「青洲文庫」(渡辺信)|虫損, 破損あり",http://tify.sub.uni-goettingen.de/demo.html?manifest=https://archdataset.dl.itc.u-tokyo.ac.jp/manifest/093c4c5a-54af-7b72-4e20-7c272bb724d0.json,093c4c5a-54af-7b72-4e20-7c272bb724d0,https://iiif.dl.itc.u-tokyo.ac.jp/repo/s/seishu/,https://iiif.dl.itc.u-tokyo.ac.jp/repo/s/seishu/document/093c4c5a-54af-7b72-4e20-7c272bb724d0,https://www.lib.u-tokyo.ac.jp/ja/library/contents/archives-top/reuse,https://iiif.dl.itc.u-tokyo.ac.jp/repo/files/medium/16a149b46cede40f9133eb50f9b5b54e4c87c9a8.jpg,https://iiif.dl.itc.u-tokyo.ac.jp/repo/api/items/1381217,"東京大学総合図書館 General Library, The University of Tokyo, JAPAN",http://iiif.io/api/presentation/2#rightToLeftDirection,,総合図書館所蔵青洲文庫,0221,,https://iiif.dl.itc.u-tokyo.ac.jp/repo/iiif/093c4c5a-54af-7b72-4e20-7c272bb724d0/manifest,,,,,117
新編排韻増廣事類氏族大全 10巻 (存1巻),A00:5818,シンペン ハイイン ゾウコウ ジルイ シゾク タイゼン,,1,[出版者不明],[明徳年間],和古書,日本語,"帙題簽の書名(墨書): 氏族大全|四周単辺有界16行28字, 内匡廓: 19.2×12.0cm, 中黒口双黒魚尾|五山版(覆元刊本)|朱点, 朱引あり|仮綴|印記: 「近衞藏」, 「青洲文庫」(渡辺信)|虫損, 破損あり",http://tify.sub.uni-goettingen.de/demo.html?manifest=https://archdataset.dl.itc.u-tokyo.ac.jp/manifest/135be234-50ed-7ea2-431b-570cef059003.json,135be234-50ed-7ea2-431b-570cef059003,https://iiif.dl.itc.u-tokyo.ac.jp/repo/s/seishu/,https://iiif.dl.itc.u-tokyo.ac.jp/repo/s/seishu/document/135be234-50ed-7ea2-431b-570cef059003,https://www.lib.u-tokyo.ac.jp/ja/library/contents/archives-top/reuse,https://iiif.dl.itc.u-tokyo.ac.jp/repo/files/medium/1918e2acd3311d4cb72822a35ad791378dfa1c27.jpg,https://iiif.dl.itc.u-tokyo.ac.jp/repo/api/items/1381216,"東京大学総合図書館 General Library, The University of Tokyo, JAPAN",http://iiif.io/api/presentation/2#rightToLeftDirection,,総合図書館所蔵青洲文庫,0222,,https://iiif.dl.itc.u-tokyo.ac.jp/repo/iiif/135be234-50ed-7ea2-431b-570cef059003/manifest,,,,,51
文選 60巻目録1巻 [1],A00:5819,モンゼン,蕭 統,31,[出版者不明],慶長12 [1607],和古書,日本語,"目録の書名: 増補六臣註文選(首), 六臣註文選(尾)|表の書名: 李善上文選註|卷第11の題簽書名: 文選 : 六臣註|その他の註者: (唐) 呂延濟, 劉良, 張銑, 李周翰, 呂向|内題下に「梁昭明太子撰 五臣并李善注」とあり|[跋]末に「明州司法叅軍兼監盧欽謹書」とあり|刊記に「慶長丁未沽洗上旬八蓂 板行畢」とあり|四周単辺無界10行22字注文双行, 内匡廓: 23.3×16.6cm, 中黒口双花魚尾|五つ目綴じ|銅活字版後印本|大尾に「壬戌(元和八年板成而後十六年也)仲秋十又九日 羅山山長道春(明暦三年丁酉羅山沒)誌」, 「寛文十年庚戌孟秋二十八蓂」との補鈔あり|卷第4末に「文化十閼逢淹茂玄月哉生明」との朱筆書き入れあり|朱点, 墨筆付訓あり(胡粉による修正あり)|印記: 「幸彦之印」, 「江戸學山書屋」, 「松本氏圖書印」, 「勝鹿文庫」(松本月痴), 「青洲文庫」(渡辺信)|虫損あり (裏打ち補修あり)",http://tify.sub.uni-goettingen.de/demo.html?manifest=https://archdataset.dl.itc.u-tokyo.ac.jp/manifest/d373ee21-96dd-2ca6-74aa-2a4f5cf43c9c.json,d373ee21-96dd-2ca6-74aa-2a4f5cf43c9c,https://iiif.dl.itc.u-tokyo.ac.jp/repo/s/seishu/,https://iiif.dl.itc.u-tokyo.ac.jp/repo/s/seishu/document/d373ee21-96dd-2ca6-74aa-2a4f5cf43c9c,https://www.lib.u-tokyo.ac.jp/ja/library/contents/archives-top/reuse,https://iiif.dl.itc.u-tokyo.ac.jp/repo/files/medium/7d9c0511f79aacb3265376356c5345fbd02885cf.jpg,https://iiif.dl.itc.u-tokyo.ac.jp/repo/api/items/1381215,"東京大学総合図書館 General Library, The University of Tokyo, JAPAN",http://iiif.io/api/presentation/2#rightToLeftDirection,,総合図書館所蔵青洲文庫,0223,,https://iiif.dl.itc.u-tokyo.ac.jp/repo/iiif/d373ee21-96dd-2ca6-74aa-2a4f5cf43c9c/manifest,,,,,37
文選 60巻目録1巻 [2],A00:5819,モンゼン,蕭 統,31,[出版者不明],慶長12 [1607],和古書,日本語,"目録の書名: 増補六臣註文選(首), 六臣註文選(尾)|表の書名: 李善上文選註|卷第11の題簽書名: 文選 : 六臣註|その他の註者: (唐) 呂延濟, 劉良, 張銑, 李周翰, 呂向|内題下に「梁昭明太子撰 五臣并李善注」とあり|[跋]末に「明州司法叅軍兼監盧欽謹書」とあり|刊記に「慶長丁未沽洗上旬八蓂 板行畢」とあり|四周単辺無界10行22字注文双行, 内匡廓: 23.3×16.6cm, 中黒口双花魚尾|五つ目綴じ|銅活字版後印本|大尾に「壬戌(元和八年板成而後十六年也)仲秋十又九日 羅山山長道春(明暦三年丁酉羅山沒)誌」, 「寛文十年庚戌孟秋二十八蓂」との補鈔あり|卷第4末に「文化十閼逢淹茂玄月哉生明」との朱筆書き入れあり|朱点, 墨筆付訓あり(胡粉による修正あり)|印記: 「幸彦之印」, 「江戸學山書屋」, 「松本氏圖書印」, 「勝鹿文庫」(松本月痴), 「青洲文庫」(渡辺信)|虫損あり (裏打ち補修あり)",http://tify.sub.uni-goettingen.de/demo.html?manifest=https://archdataset.dl.itc.u-tokyo.ac.jp/manifest/bf56e2b0-0560-74fb-1239-e94799ee6626.json,bf56e2b0-0560-74fb-1239-e94799ee6626,https://iiif.dl.itc.u-tokyo.ac.jp/repo/s/seishu/,https://iiif.dl.itc.u-tokyo.ac.jp/repo/s/seishu/document/bf56e2b0-0560-74fb-1239-e94799ee6626,https://www.lib.u-tokyo.ac.jp/ja/library/contents/archives-top/reuse,https://iiif.dl.itc.u-tokyo.ac.jp/repo/files/medium/5c757453fefa93e612f55ee69668c63e502256ec.jpg,https://iiif.dl.itc.u-tokyo.ac.jp/repo/api/items/1381214,"東京大学総合図書館 General Library, The University of Tokyo, JAPAN",http://iiif.io/api/presentation/2#rightToLeftDirection,,総合図書館所蔵青洲文庫,0224,,https://iiif.dl.itc.u-tokyo.ac.jp/repo/iiif/bf56e2b0-0560-74fb-1239-e94799ee6626/manifest,,,,,92
文選 60巻目録1巻 [3],A00:5819,モンゼン,蕭 統,31,[出版者不明],慶長12 [1607],和古書,日本語,"目録の書名: 増補六臣註文選(首), 六臣註文選(尾)|表の書名: 李善上文選註|卷第11の題簽書名: 文選 : 六臣註|その他の註者: (唐) 呂延濟, 劉良, 張銑, 李周翰, 呂向|内題下に「梁昭明太子撰 五臣并李善注」とあり|[跋]末に「明州司法叅軍兼監盧欽謹書」とあり|刊記に「慶長丁未沽洗上旬八蓂 板行畢」とあり|四周単辺無界10行22字注文双行, 内匡廓: 23.3×16.6cm, 中黒口双花魚尾|五つ目綴じ|銅活字版後印本|大尾に「壬戌(元和八年板成而後十六年也)仲秋十又九日 羅山山長道春(明暦三年丁酉羅山沒)誌」, 「寛文十年庚戌孟秋二十八蓂」との補鈔あり|卷第4末に「文化十閼逢淹茂玄月哉生明」との朱筆書き入れあり|朱点, 墨筆付訓あり(胡粉による修正あり)|印記: 「幸彦之印」, 「江戸學山書屋」, 「松本氏圖書印」, 「勝鹿文庫」(松本月痴), 「青洲文庫」(渡辺信)|虫損あり (裏打ち補修あり)",http://tify.sub.uni-goettingen.de/demo.html?manifest=https://archdataset.dl.itc.u-tokyo.ac.jp/manifest/775d24f0-3611-9314-6004-01087fea83ef.json,775d24f0-3611-9314-6004-01087fea83ef,https://iiif.dl.itc.u-tokyo.ac.jp/repo/s/seishu/,https://iiif.dl.itc.u-tokyo.ac.jp/repo/s/seishu/document/775d24f0-3611-9314-6004-01087fea83ef,https://www.lib.u-tokyo.ac.jp/ja/library/contents/archives-top/reuse,https://iiif.dl.itc.u-tokyo.ac.jp/repo/files/medium/b10e0a165ae599d41a2842bebd35bdd63edef2b9.jpg,https://iiif.dl.itc.u-tokyo.ac.jp/repo/api/items/1381213,"東京大学総合図書館 General Library, The University of Tokyo, JAPAN",http://iiif.io/api/presentation/2#rightToLeftDirection,,総合図書館所蔵青洲文庫,0225,,https://iiif.dl.itc.u-tokyo.ac.jp/repo/iiif/775d24f0-3611-9314-6004-01087fea83ef/manifest,,,,,81
文選 60巻目録1巻 [4],A00:5819,モンゼン,蕭 統,31,[出版者不明],慶長12 [1607],和古書,日本語,"目録の書名: 増補六臣註文選(首), 六臣註文選(尾)|表の書名: 李善上文選註|卷第11の題簽書名: 文選 : 六臣註|その他の註者: (唐) 呂延濟, 劉良, 張銑, 李周翰, 呂向|内題下に「梁昭明太子撰 五臣并李善注」とあり|[跋]末に「明州司法叅軍兼監盧欽謹書」とあり|刊記に「慶長丁未沽洗上旬八蓂 板行畢」とあり|四周単辺無界10行22字注文双行, 内匡廓: 23.3×16.6cm, 中黒口双花魚尾|五つ目綴じ|銅活字版後印本|大尾に「壬戌(元和八年板成而後十六年也)仲秋十又九日 羅山山長道春(明暦三年丁酉羅山沒)誌」, 「寛文十年庚戌孟秋二十八蓂」との補鈔あり|卷第4末に「文化十閼逢淹茂玄月哉生明」との朱筆書き入れあり|朱点, 墨筆付訓あり(胡粉による修正あり)|印記: 「幸彦之印」, 「江戸學山書屋」, 「松本氏圖書印」, 「勝鹿文庫」(松本月痴), 「青洲文庫」(渡辺信)|虫損あり (裏打ち補修あり)",http://tify.sub.uni-goettingen.de/demo.html?manifest=https://archdataset.dl.itc.u-tokyo.ac.jp/manifest/2b8ff523-8859-232a-a024-b6eae0c603ce.json,2b8ff523-8859-232a-a024-b6eae0c603ce,https://iiif.dl.itc.u-tokyo.ac.jp/repo/s/seishu/,https://iiif.dl.itc.u-tokyo.ac.jp/repo/s/seishu/document/2b8ff523-8859-232a-a024-b6eae0c603ce,https://www.lib.u-tokyo.ac.jp/ja/library/contents/archives-top/reuse,https://iiif.dl.itc.u-tokyo.ac.jp/repo/files/medium/53178c6d2a68cf8d2f777460fb86d42b5fbc4e82.jpg,https://iiif.dl.itc.u-tokyo.ac.jp/repo/api/items/1381212,"東京大学総合図書館 General Library, The University of Tokyo, JAPAN",http://iiif.io/api/presentation/2#rightToLeftDirection,,総合図書館所蔵青洲文庫,0226,,https://iiif.dl.itc.u-tokyo.ac.jp/repo/iiif/2b8ff523-8859-232a-a024-b6eae0c603ce/manifest,,,,,83
文選 60巻目録1巻 [5],A00:5819,モンゼン,蕭 統,31,[出版者不明],慶長12 [1607],和古書,日本語,"目録の書名: 増補六臣註文選(首), 六臣註文選(尾)|表の書名: 李善上文選註|卷第11の題簽書名: 文選 : 六臣註|その他の註者: (唐) 呂延濟, 劉良, 張銑, 李周翰, 呂向|内題下に「梁昭明太子撰 五臣并李善注」とあり|[跋]末に「明州司法叅軍兼監盧欽謹書」とあり|刊記に「慶長丁未沽洗上旬八蓂 板行畢」とあり|四周単辺無界10行22字注文双行, 内匡廓: 23.3×16.6cm, 中黒口双花魚尾|五つ目綴じ|銅活字版後印本|大尾に「壬戌(元和八年板成而後十六年也)仲秋十又九日 羅山山長道春(明暦三年丁酉羅山沒)誌」, 「寛文十年庚戌孟秋二十八蓂」との補鈔あり|卷第4末に「文化十閼逢淹茂玄月哉生明」との朱筆書き入れあり|朱点, 墨筆付訓あり(胡粉による修正あり)|印記: 「幸彦之印」, 「江戸學山書屋」, 「松本氏圖書印」, 「勝鹿文庫」(松本月痴), 「青洲文庫」(渡辺信)|虫損あり (裏打ち補修あり)",http://tify.sub.uni-goettingen.de/demo.html?manifest=https://archdataset.dl.itc.u-tokyo.ac.jp/manifest/64a80858-0e34-571c-21c9-53eef0d198b7.json,64a80858-0e34-571c-21c9-53eef0d198b7,https://iiif.dl.itc.u-tokyo.ac.jp/repo/s/seishu/,https://iiif.dl.itc.u-tokyo.ac.jp/repo/s/seishu/document/64a80858-0e34-571c-21c9-53eef0d198b7,https://www.lib.u-tokyo.ac.jp/ja/library/contents/archives-top/reuse,https://iiif.dl.itc.u-tokyo.ac.jp/repo/files/medium/0cecac0676f4fd1d125a193790040134de54a59a.jpg,https://iiif.dl.itc.u-tokyo.ac.jp/repo/api/items/1381211,"東京大学総合図書館 General Library, The University of Tokyo, JAPAN",http://iiif.io/api/presentation/2#rightToLeftDirection,,総合図書館所蔵青洲文庫,0227,,https://iiif.dl.itc.u-tokyo.ac.jp/repo/iiif/64a80858-0e34-571c-21c9-53eef0d198b7/manifest,,,,,68
文選 60巻目録1巻 [6],A00:5819,モンゼン,蕭 統,31,[出版者不明],慶長12 [1607],和古書,日本語,"目録の書名: 増補六臣註文選(首), 六臣註文選(尾)|表の書名: 李善上文選註|卷第11の題簽書名: 文選 : 六臣註|その他の註者: (唐) 呂延濟, 劉良, 張銑, 李周翰, 呂向|内題下に「梁昭明太子撰 五臣并李善注」とあり|[跋]末に「明州司法叅軍兼監盧欽謹書」とあり|刊記に「慶長丁未沽洗上旬八蓂 板行畢」とあり|四周単辺無界10行22字注文双行, 内匡廓: 23.3×16.6cm, 中黒口双花魚尾|五つ目綴じ|銅活字版後印本|大尾に「壬戌(元和八年板成而後十六年也)仲秋十又九日 羅山山長道春(明暦三年丁酉羅山沒)誌」, 「寛文十年庚戌孟秋二十八蓂」との補鈔あり|卷第4末に「文化十閼逢淹茂玄月哉生明」との朱筆書き入れあり|朱点, 墨筆付訓あり(胡粉による修正あり)|印記: 「幸彦之印」, 「江戸學山書屋」, 「松本氏圖書印」, 「勝鹿文庫」(松本月痴), 「青洲文庫」(渡辺信)|虫損あり (裏打ち補修あり)",http://tify.sub.uni-goettingen.de/demo.html?manifest=https://archdataset.dl.itc.u-tokyo.ac.jp/manifest/905cce9e-68f4-50ee-627e-265384e9187d.json,905cce9e-68f4-50ee-627e-265384e9187d,https://iiif.dl.itc.u-tokyo.ac.jp/repo/s/seishu/,https://iiif.dl.itc.u-tokyo.ac.jp/repo/s/seishu/document/905cce9e-68f4-50ee-627e-265384e9187d,https://www.lib.u-tokyo.ac.jp/ja/library/contents/archives-top/reuse,https://iiif.dl.itc.u-tokyo.ac.jp/repo/files/medium/e60dd3664fd882af569332e26ed1e13fa2d77e7b.jpg,https://iiif.dl.itc.u-tokyo.ac.jp/repo/api/items/1381210,"東京大学総合図書館 General Library, The University of Tokyo, JAPAN",http://iiif.io/api/presentation/2#rightToLeftDirection,,総合図書館所蔵青洲文庫,0228,,https://iiif.dl.itc.u-tokyo.ac.jp/repo/iiif/905cce9e-68f4-50ee-627e-265384e9187d/manifest,,,,,70
文選 60巻目録1巻 [7],A00:5819,モンゼン,蕭 統,31,[出版者不明],慶長12 [1607],和古書,日本語,"目録の書名: 増補六臣註文選(首), 六臣註文選(尾)|表の書名: 李善上文選註|卷第11の題簽書名: 文選 : 六臣註|その他の註者: (唐) 呂延濟, 劉良, 張銑, 李周翰, 呂向|内題下に「梁昭明太子撰 五臣并李善注」とあり|[跋]末に「明州司法叅軍兼監盧欽謹書」とあり|刊記に「慶長丁未沽洗上旬八蓂 板行畢」とあり|四周単辺無界10行22字注文双行, 内匡廓: 23.3×16.6cm, 中黒口双花魚尾|五つ目綴じ|銅活字版後印本|大尾に「壬戌(元和八年板成而後十六年也)仲秋十又九日 羅山山長道春(明暦三年丁酉羅山沒)誌」, 「寛文十年庚戌孟秋二十八蓂」との補鈔あり|卷第4末に「文化十閼逢淹茂玄月哉生明」との朱筆書き入れあり|朱点, 墨筆付訓あり(胡粉による修正あり)|印記: 「幸彦之印」, 「江戸學山書屋」, 「松本氏圖書印」, 「勝鹿文庫」(松本月痴), 「青洲文庫」(渡辺信)|虫損あり (裏打ち補修あり)",http://tify.sub.uni-goettingen.de/demo.html?manifest=https://archdataset.dl.itc.u-tokyo.ac.jp/manifest/fe729de2-09e5-069a-9a25-939fe1430b26.json,fe729de2-09e5-069a-9a25-939fe1430b26,https://iiif.dl.itc.u-tokyo.ac.jp/repo/s/seishu/,https://iiif.dl.itc.u-tokyo.ac.jp/repo/s/seishu/document/fe729de2-09e5-069a-9a25-939fe1430b26,https://www.lib.u-tokyo.ac.jp/ja/library/contents/archives-top/reuse,https://iiif.dl.itc.u-tokyo.ac.jp/repo/files/medium/dec0127b28586b4789aed9c86d71cbc6e6251812.jpg,https://iiif.dl.itc.u-tokyo.ac.jp/repo/api/items/1381209,"東京大学総合図書館 General Library, The University of Tokyo, JAPAN",http://iiif.io/api/presentation/2#rightToLeftDirection,,総合図書館所蔵青洲文庫,0229,,https://iiif.dl.itc.u-tokyo.ac.jp/repo/iiif/fe729de2-09e5-069a-9a25-939fe1430b26/manifest,,,,,80
文選 60巻目録1巻 [8],A00:5819,モンゼン,蕭 統,31,[出版者不明],慶長12 [1607],和古書,日本語,"目録の書名: 増補六臣註文選(首), 六臣註文選(尾)|表の書名: 李善上文選註|卷第11の題簽書名: 文選 : 六臣註|その他の註者: (唐) 呂延濟, 劉良, 張銑, 李周翰, 呂向|内題下に「梁昭明太子撰 五臣并李善注」とあり|[跋]末に「明州司法叅軍兼監盧欽謹書」とあり|刊記に「慶長丁未沽洗上旬八蓂 板行畢」とあり|四周単辺無界10行22字注文双行, 内匡廓: 23.3×16.6cm, 中黒口双花魚尾|五つ目綴じ|銅活字版後印本|大尾に「壬戌(元和八年板成而後十六年也)仲秋十又九日 羅山山長道春(明暦三年丁酉羅山沒)誌」, 「寛文十年庚戌孟秋二十八蓂」との補鈔あり|卷第4末に「文化十閼逢淹茂玄月哉生明」との朱筆書き入れあり|朱点, 墨筆付訓あり(胡粉による修正あり)|印記: 「幸彦之印」, 「江戸學山書屋」, 「松本氏圖書印」, 「勝鹿文庫」(松本月痴), 「青洲文庫」(渡辺信)|虫損あり (裏打ち補修あり)",http://tify.sub.uni-goettingen.de/demo.html?manifest=https://archdataset.dl.itc.u-tokyo.ac.jp/manifest/29b4b867-0488-541f-134f-f9ecd1a32ca3.json,29b4b867-0488-541f-134f-f9ecd1a32ca3,https://iiif.dl.itc.u-tokyo.ac.jp/repo/s/seishu/,https://iiif.dl.itc.u-tokyo.ac.jp/repo/s/seishu/document/29b4b867-0488-541f-134f-f9ecd1a32ca3,https://www.lib.u-tokyo.ac.jp/ja/library/contents/archives-top/reuse,https://iiif.dl.itc.u-tokyo.ac.jp/repo/files/medium/1ab8549ede8f2003a033e6d35a9a00cc075a0443.jpg,https://iiif.dl.itc.u-tokyo.ac.jp/repo/api/items/1381208,"東京大学総合図書館 General Library, The University of Tokyo, JAPAN",http://iiif.io/api/presentation/2#rightToLeftDirection,,総合図書館所蔵青洲文庫,0230,,https://iiif.dl.itc.u-tokyo.ac.jp/repo/iiif/29b4b867-0488-541f-134f-f9ecd1a32ca3/manifest,,,,,66
文選 60巻目録1巻 [9],A00:5819,モンゼン,蕭 統,31,[出版者不明],慶長12 [1607],和古書,日本語,"目録の書名: 増補六臣註文選(首), 六臣註文選(尾)|表の書名: 李善上文選註|卷第11の題簽書名: 文選 : 六臣註|その他の註者: (唐) 呂延濟, 劉良, 張銑, 李周翰, 呂向|内題下に「梁昭明太子撰 五臣并李善注」とあり|[跋]末に「明州司法叅軍兼監盧欽謹書」とあり|刊記に「慶長丁未沽洗上旬八蓂 板行畢」とあり|四周単辺無界10行22字注文双行, 内匡廓: 23.3×16.6cm, 中黒口双花魚尾|五つ目綴じ|銅活字版後印本|大尾に「壬戌(元和八年板成而後十六年也)仲秋十又九日 羅山山長道春(明暦三年丁酉羅山沒)誌」, 「寛文十年庚戌孟秋二十八蓂」との補鈔あり|卷第4末に「文化十閼逢淹茂玄月哉生明」との朱筆書き入れあり|朱点, 墨筆付訓あり(胡粉による修正あり)|印記: 「幸彦之印」, 「江戸學山書屋」, 「松本氏圖書印」, 「勝鹿文庫」(松本月痴), 「青洲文庫」(渡辺信)|虫損あり (裏打ち補修あり)",http://tify.sub.uni-goettingen.de/demo.html?manifest=https://archdataset.dl.itc.u-tokyo.ac.jp/manifest/63b35084-17e7-7158-56ad-e6ae97451818.json,63b35084-17e7-7158-56ad-e6ae97451818,https://iiif.dl.itc.u-tokyo.ac.jp/repo/s/seishu/,https://iiif.dl.itc.u-tokyo.ac.jp/repo/s/seishu/document/63b35084-17e7-7158-56ad-e6ae97451818,https://www.lib.u-tokyo.ac.jp/ja/library/contents/archives-top/reuse,https://iiif.dl.itc.u-tokyo.ac.jp/repo/files/medium/a6b4d24ba8eb87d4341c00799954187fe2b70104.jpg,https://iiif.dl.itc.u-tokyo.ac.jp/repo/api/items/1381207,"東京大学総合図書館 General Library, The University of Tokyo, JAPAN",http://iiif.io/api/presentation/2#rightToLeftDirection,,総合図書館所蔵青洲文庫,0231,,https://iiif.dl.itc.u-tokyo.ac.jp/repo/iiif/63b35084-17e7-7158-56ad-e6ae97451818/manifest,,,,,71
文選 60巻目録1巻 [10],A00:5819,モンゼン,蕭 統,31,[出版者不明],慶長12 [1607],和古書,日本語,"目録の書名: 増補六臣註文選(首), 六臣註文選(尾)|表の書名: 李善上文選註|卷第11の題簽書名: 文選 : 六臣註|その他の註者: (唐) 呂延濟, 劉良, 張銑, 李周翰, 呂向|内題下に「梁昭明太子撰 五臣并李善注」とあり|[跋]末に「明州司法叅軍兼監盧欽謹書」とあり|刊記に「慶長丁未沽洗上旬八蓂 板行畢」とあり|四周単辺無界10行22字注文双行, 内匡廓: 23.3×16.6cm, 中黒口双花魚尾|五つ目綴じ|銅活字版後印本|大尾に「壬戌(元和八年板成而後十六年也)仲秋十又九日 羅山山長道春(明暦三年丁酉羅山沒)誌」, 「寛文十年庚戌孟秋二十八蓂」との補鈔あり|卷第4末に「文化十閼逢淹茂玄月哉生明」との朱筆書き入れあり|朱点, 墨筆付訓あり(胡粉による修正あり)|印記: 「幸彦之印」, 「江戸學山書屋」, 「松本氏圖書印」, 「勝鹿文庫」(松本月痴), 「青洲文庫」(渡辺信)|虫損あり (裏打ち補修あり)",http://tify.sub.uni-goettingen.de/demo.html?manifest=https://archdataset.dl.itc.u-tokyo.ac.jp/manifest/4f6fdab6-65e9-2e55-a107-b189d02f6dc4.json,4f6fdab6-65e9-2e55-a107-b189d02f6dc4,https://iiif.dl.itc.u-tokyo.ac.jp/repo/s/seishu/,https://iiif.dl.itc.u-tokyo.ac.jp/repo/s/seishu/document/4f6fdab6-65e9-2e55-a107-b189d02f6dc4,https://www.lib.u-tokyo.ac.jp/ja/library/contents/archives-top/reuse,https://iiif.dl.itc.u-tokyo.ac.jp/repo/files/medium/36463d51589d0d75669e8e2c98bdf6189f4602d7.jpg,https://iiif.dl.itc.u-tokyo.ac.jp/repo/api/items/1381206,"東京大学総合図書館 General Library, The University of Tokyo, JAPAN",http://iiif.io/api/presentation/2#rightToLeftDirection,,総合図書館所蔵青洲文庫,0232,,https://iiif.dl.itc.u-tokyo.ac.jp/repo/iiif/4f6fdab6-65e9-2e55-a107-b189d02f6dc4/manifest,,,,,75
文選 60巻目録1巻 [11],A00:5819,モンゼン,蕭 統,31,[出版者不明],慶長12 [1607],和古書,日本語,"目録の書名: 増補六臣註文選(首), 六臣註文選(尾)|表の書名: 李善上文選註|卷第11の題簽書名: 文選 : 六臣註|その他の註者: (唐) 呂延濟, 劉良, 張銑, 李周翰, 呂向|内題下に「梁昭明太子撰 五臣并李善注」とあり|[跋]末に「明州司法叅軍兼監盧欽謹書」とあり|刊記に「慶長丁未沽洗上旬八蓂 板行畢」とあり|四周単辺無界10行22字注文双行, 内匡廓: 23.3×16.6cm, 中黒口双花魚尾|五つ目綴じ|銅活字版後印本|大尾に「壬戌(元和八年板成而後十六年也)仲秋十又九日 羅山山長道春(明暦三年丁酉羅山沒)誌」, 「寛文十年庚戌孟秋二十八蓂」との補鈔あり|卷第4末に「文化十閼逢淹茂玄月哉生明」との朱筆書き入れあり|朱点, 墨筆付訓あり(胡粉による修正あり)|印記: 「幸彦之印」, 「江戸學山書屋」, 「松本氏圖書印」, 「勝鹿文庫」(松本月痴), 「青洲文庫」(渡辺信)|虫損あり (裏打ち補修あり)",http://tify.sub.uni-goettingen.de/demo.html?manifest=https://archdataset.dl.itc.u-tokyo.ac.jp/manifest/8670af3c-2aab-861a-24d5-5aff96d29327.json,8670af3c-2aab-861a-24d5-5aff96d29327,https://iiif.dl.itc.u-tokyo.ac.jp/repo/s/seishu/,https://iiif.dl.itc.u-tokyo.ac.jp/repo/s/seishu/document/8670af3c-2aab-861a-24d5-5aff96d29327,https://www.lib.u-tokyo.ac.jp/ja/library/contents/archives-top/reuse,https://iiif.dl.itc.u-tokyo.ac.jp/repo/files/medium/b12443bb0fa619cf511a3020a72c4483f8ff708c.jpg,https://iiif.dl.itc.u-tokyo.ac.jp/repo/api/items/1381205,"東京大学総合図書館 General Library, The University of Tokyo, JAPAN",http://iiif.io/api/presentation/2#rightToLeftDirection,,総合図書館所蔵青洲文庫,0233,,https://iiif.dl.itc.u-tokyo.ac.jp/repo/iiif/8670af3c-2aab-861a-24d5-5aff96d29327/manifest,,,,,83
文選 60巻目録1巻 [12],A00:5819,モンゼン,蕭 統,31,[出版者不明],慶長12 [1607],和古書,日本語,"目録の書名: 増補六臣註文選(首), 六臣註文選(尾)|表の書名: 李善上文選註|卷第11の題簽書名: 文選 : 六臣註|その他の註者: (唐) 呂延濟, 劉良, 張銑, 李周翰, 呂向|内題下に「梁昭明太子撰 五臣并李善注」とあり|[跋]末に「明州司法叅軍兼監盧欽謹書」とあり|刊記に「慶長丁未沽洗上旬八蓂 板行畢」とあり|四周単辺無界10行22字注文双行, 内匡廓: 23.3×16.6cm, 中黒口双花魚尾|五つ目綴じ|銅活字版後印本|大尾に「壬戌(元和八年板成而後十六年也)仲秋十又九日 羅山山長道春(明暦三年丁酉羅山沒)誌」, 「寛文十年庚戌孟秋二十八蓂」との補鈔あり|卷第4末に「文化十閼逢淹茂玄月哉生明」との朱筆書き入れあり|朱点, 墨筆付訓あり(胡粉による修正あり)|印記: 「幸彦之印」, 「江戸學山書屋」, 「松本氏圖書印」, 「勝鹿文庫」(松本月痴), 「青洲文庫」(渡辺信)|虫損あり (裏打ち補修あり)",http://tify.sub.uni-goettingen.de/demo.html?manifest=https://archdataset.dl.itc.u-tokyo.ac.jp/manifest/1f58135b-6e3d-35c1-1461-f2f7d34871a2.json,1f58135b-6e3d-35c1-1461-f2f7d34871a2,https://iiif.dl.itc.u-tokyo.ac.jp/repo/s/seishu/,https://iiif.dl.itc.u-tokyo.ac.jp/repo/s/seishu/document/1f58135b-6e3d-35c1-1461-f2f7d34871a2,https://www.lib.u-tokyo.ac.jp/ja/library/contents/archives-top/reuse,https://iiif.dl.itc.u-tokyo.ac.jp/repo/files/medium/b22dec49af3f93b91da2472a2e8d56e4465e0d61.jpg,https://iiif.dl.itc.u-tokyo.ac.jp/repo/api/items/1381204,"東京大学総合図書館 General Library, The University of Tokyo, JAPAN",http://iiif.io/api/presentation/2#rightToLeftDirection,,総合図書館所蔵青洲文庫,0234,,https://iiif.dl.itc.u-tokyo.ac.jp/repo/iiif/1f58135b-6e3d-35c1-1461-f2f7d34871a2/manifest,,,,,71
文選 60巻目録1巻 [13],A00:5819,モンゼン,蕭 統,31,[出版者不明],慶長12 [1607],和古書,日本語,"目録の書名: 増補六臣註文選(首), 六臣註文選(尾)|表の書名: 李善上文選註|卷第11の題簽書名: 文選 : 六臣註|その他の註者: (唐) 呂延濟, 劉良, 張銑, 李周翰, 呂向|内題下に「梁昭明太子撰 五臣并李善注」とあり|[跋]末に「明州司法叅軍兼監盧欽謹書」とあり|刊記に「慶長丁未沽洗上旬八蓂 板行畢」とあり|四周単辺無界10行22字注文双行, 内匡廓: 23.3×16.6cm, 中黒口双花魚尾|五つ目綴じ|銅活字版後印本|大尾に「壬戌(元和八年板成而後十六年也)仲秋十又九日 羅山山長道春(明暦三年丁酉羅山沒)誌」, 「寛文十年庚戌孟秋二十八蓂」との補鈔あり|卷第4末に「文化十閼逢淹茂玄月哉生明」との朱筆書き入れあり|朱点, 墨筆付訓あり(胡粉による修正あり)|印記: 「幸彦之印」, 「江戸學山書屋」, 「松本氏圖書印」, 「勝鹿文庫」(松本月痴), 「青洲文庫」(渡辺信)|虫損あり (裏打ち補修あり)",http://tify.sub.uni-goettingen.de/demo.html?manifest=https://archdataset.dl.itc.u-tokyo.ac.jp/manifest/44c4b51f-542b-0bc2-036a-0ea6892c8018.json,44c4b51f-542b-0bc2-036a-0ea6892c8018,https://iiif.dl.itc.u-tokyo.ac.jp/repo/s/seishu/,https://iiif.dl.itc.u-tokyo.ac.jp/repo/s/seishu/document/44c4b51f-542b-0bc2-036a-0ea6892c8018,https://www.lib.u-tokyo.ac.jp/ja/library/contents/archives-top/reuse,https://iiif.dl.itc.u-tokyo.ac.jp/repo/files/medium/06700fd7f7f6e11f67b6427add51dfdba4a219eb.jpg,https://iiif.dl.itc.u-tokyo.ac.jp/repo/api/items/1381203,"東京大学総合図書館 General Library, The University of Tokyo, JAPAN",http://iiif.io/api/presentation/2#rightToLeftDirection,,総合図書館所蔵青洲文庫,0235,,https://iiif.dl.itc.u-tokyo.ac.jp/repo/iiif/44c4b51f-542b-0bc2-036a-0ea6892c8018/manifest,,,,,86
文選 60巻目録1巻 [14],A00:5819,モンゼン,蕭 統,31,[出版者不明],慶長12 [1607],和古書,日本語,"目録の書名: 増補六臣註文選(首), 六臣註文選(尾)|表の書名: 李善上文選註|卷第11の題簽書名: 文選 : 六臣註|その他の註者: (唐) 呂延濟, 劉良, 張銑, 李周翰, 呂向|内題下に「梁昭明太子撰 五臣并李善注」とあり|[跋]末に「明州司法叅軍兼監盧欽謹書」とあり|刊記に「慶長丁未沽洗上旬八蓂 板行畢」とあり|四周単辺無界10行22字注文双行, 内匡廓: 23.3×16.6cm, 中黒口双花魚尾|五つ目綴じ|銅活字版後印本|大尾に「壬戌(元和八年板成而後十六年也)仲秋十又九日 羅山山長道春(明暦三年丁酉羅山沒)誌」, 「寛文十年庚戌孟秋二十八蓂」との補鈔あり|卷第4末に「文化十閼逢淹茂玄月哉生明」との朱筆書き入れあり|朱点, 墨筆付訓あり(胡粉による修正あり)|印記: 「幸彦之印」, 「江戸學山書屋」, 「松本氏圖書印」, 「勝鹿文庫」(松本月痴), 「青洲文庫」(渡辺信)|虫損あり (裏打ち補修あり)",http://tify.sub.uni-goettingen.de/demo.html?manifest=https://archdataset.dl.itc.u-tokyo.ac.jp/manifest/769fd552-68dc-5367-3358-52647605a347.json,769fd552-68dc-5367-3358-52647605a347,https://iiif.dl.itc.u-tokyo.ac.jp/repo/s/seishu/,https://iiif.dl.itc.u-tokyo.ac.jp/repo/s/seishu/document/769fd552-68dc-5367-3358-52647605a347,https://www.lib.u-tokyo.ac.jp/ja/library/contents/archives-top/reuse,https://iiif.dl.itc.u-tokyo.ac.jp/repo/files/medium/fab15f5729db0745723980896048bbcce6bb7e50.jpg,https://iiif.dl.itc.u-tokyo.ac.jp/repo/api/items/1381202,"東京大学総合図書館 General Library, The University of Tokyo, JAPAN",http://iiif.io/api/presentation/2#rightToLeftDirection,,総合図書館所蔵青洲文庫,0236,,https://iiif.dl.itc.u-tokyo.ac.jp/repo/iiif/769fd552-68dc-5367-3358-52647605a347/manifest,,,,,83
文選 60巻目録1巻 [15],A00:5819,モンゼン,蕭 統,31,[出版者不明],慶長12 [1607],和古書,日本語,"目録の書名: 増補六臣註文選(首), 六臣註文選(尾)|表の書名: 李善上文選註|卷第11の題簽書名: 文選 : 六臣註|その他の註者: (唐) 呂延濟, 劉良, 張銑, 李周翰, 呂向|内題下に「梁昭明太子撰 五臣并李善注」とあり|[跋]末に「明州司法叅軍兼監盧欽謹書」とあり|刊記に「慶長丁未沽洗上旬八蓂 板行畢」とあり|四周単辺無界10行22字注文双行, 内匡廓: 23.3×16.6cm, 中黒口双花魚尾|五つ目綴じ|銅活字版後印本|大尾に「壬戌(元和八年板成而後十六年也)仲秋十又九日 羅山山長道春(明暦三年丁酉羅山沒)誌」, 「寛文十年庚戌孟秋二十八蓂」との補鈔あり|卷第4末に「文化十閼逢淹茂玄月哉生明」との朱筆書き入れあり|朱点, 墨筆付訓あり(胡粉による修正あり)|印記: 「幸彦之印」, 「江戸學山書屋」, 「松本氏圖書印」, 「勝鹿文庫」(松本月痴), 「青洲文庫」(渡辺信)|虫損あり (裏打ち補修あり)",http://tify.sub.uni-goettingen.de/demo.html?manifest=https://archdataset.dl.itc.u-tokyo.ac.jp/manifest/eb458a7d-7a01-57fb-7583-9037c22b29b2.json,eb458a7d-7a01-57fb-7583-9037c22b29b2,https://iiif.dl.itc.u-tokyo.ac.jp/repo/s/seishu/,https://iiif.dl.itc.u-tokyo.ac.jp/repo/s/seishu/document/eb458a7d-7a01-57fb-7583-9037c22b29b2,https://www.lib.u-tokyo.ac.jp/ja/library/contents/archives-top/reuse,https://iiif.dl.itc.u-tokyo.ac.jp/repo/files/medium/66dbabb83e13f8f59663a201ff8c5ca299f0ea3e.jpg,https://iiif.dl.itc.u-tokyo.ac.jp/repo/api/items/1381201,"東京大学総合図書館 General Library, The University of Tokyo, JAPAN",http://iiif.io/api/presentation/2#rightToLeftDirection,,総合図書館所蔵青洲文庫,0237,,https://iiif.dl.itc.u-tokyo.ac.jp/repo/iiif/eb458a7d-7a01-57fb-7583-9037c22b29b2/manifest,,,,,76
文選 60巻目録1巻 [16],A00:5819,モンゼン,蕭 統,31,[出版者不明],慶長12 [1607],和古書,日本語,"目録の書名: 増補六臣註文選(首), 六臣註文選(尾)|表の書名: 李善上文選註|卷第11の題簽書名: 文選 : 六臣註|その他の註者: (唐) 呂延濟, 劉良, 張銑, 李周翰, 呂向|内題下に「梁昭明太子撰 五臣并李善注」とあり|[跋]末に「明州司法叅軍兼監盧欽謹書」とあり|刊記に「慶長丁未沽洗上旬八蓂 板行畢」とあり|四周単辺無界10行22字注文双行, 内匡廓: 23.3×16.6cm, 中黒口双花魚尾|五つ目綴じ|銅活字版後印本|大尾に「壬戌(元和八年板成而後十六年也)仲秋十又九日 羅山山長道春(明暦三年丁酉羅山沒)誌」, 「寛文十年庚戌孟秋二十八蓂」との補鈔あり|卷第4末に「文化十閼逢淹茂玄月哉生明」との朱筆書き入れあり|朱点, 墨筆付訓あり(胡粉による修正あり)|印記: 「幸彦之印」, 「江戸學山書屋」, 「松本氏圖書印」, 「勝鹿文庫」(松本月痴), 「青洲文庫」(渡辺信)|虫損あり (裏打ち補修あり)",http://tify.sub.uni-goettingen.de/demo.html?manifest=https://archdataset.dl.itc.u-tokyo.ac.jp/manifest/a4146204-2615-8052-65c5-f35025f2946d.json,a4146204-2615-8052-65c5-f35025f2946d,https://iiif.dl.itc.u-tokyo.ac.jp/repo/s/seishu/,https://iiif.dl.itc.u-tokyo.ac.jp/repo/s/seishu/document/a4146204-2615-8052-65c5-f35025f2946d,https://www.lib.u-tokyo.ac.jp/ja/library/contents/archives-top/reuse,https://iiif.dl.itc.u-tokyo.ac.jp/repo/files/medium/aefe33fbc4bc7dbe0e1d0cb793460b598b95305e.jpg,https://iiif.dl.itc.u-tokyo.ac.jp/repo/api/items/1381200,"東京大学総合図書館 General Library, The University of Tokyo, JAPAN",http://iiif.io/api/presentation/2#rightToLeftDirection,,総合図書館所蔵青洲文庫,0238,,https://iiif.dl.itc.u-tokyo.ac.jp/repo/iiif/a4146204-2615-8052-65c5-f35025f2946d/manifest,,,,,95
文選 60巻目録1巻 [17],A00:5819,モンゼン,蕭 統,31,[出版者不明],慶長12 [1607],和古書,日本語,"目録の書名: 増補六臣註文選(首), 六臣註文選(尾)|表の書名: 李善上文選註|卷第11の題簽書名: 文選 : 六臣註|その他の註者: (唐) 呂延濟, 劉良, 張銑, 李周翰, 呂向|内題下に「梁昭明太子撰 五臣并李善注」とあり|[跋]末に「明州司法叅軍兼監盧欽謹書」とあり|刊記に「慶長丁未沽洗上旬八蓂 板行畢」とあり|四周単辺無界10行22字注文双行, 内匡廓: 23.3×16.6cm, 中黒口双花魚尾|五つ目綴じ|銅活字版後印本|大尾に「壬戌(元和八年板成而後十六年也)仲秋十又九日 羅山山長道春(明暦三年丁酉羅山沒)誌」, 「寛文十年庚戌孟秋二十八蓂」との補鈔あり|卷第4末に「文化十閼逢淹茂玄月哉生明」との朱筆書き入れあり|朱点, 墨筆付訓あり(胡粉による修正あり)|印記: 「幸彦之印」, 「江戸學山書屋」, 「松本氏圖書印」, 「勝鹿文庫」(松本月痴), 「青洲文庫」(渡辺信)|虫損あり (裏打ち補修あり)",http://tify.sub.uni-goettingen.de/demo.html?manifest=https://archdataset.dl.itc.u-tokyo.ac.jp/manifest/4ee44b97-84be-91df-2eba-ddc3b6e41592.json,4ee44b97-84be-91df-2eba-ddc3b6e41592,https://iiif.dl.itc.u-tokyo.ac.jp/repo/s/seishu/,https://iiif.dl.itc.u-tokyo.ac.jp/repo/s/seishu/document/4ee44b97-84be-91df-2eba-ddc3b6e41592,https://www.lib.u-tokyo.ac.jp/ja/library/contents/archives-top/reuse,https://iiif.dl.itc.u-tokyo.ac.jp/repo/files/medium/52b7eb4de5609ef45d6ec71ad72d238eb2947b94.jpg,https://iiif.dl.itc.u-tokyo.ac.jp/repo/api/items/1381199,"東京大学総合図書館 General Library, The University of Tokyo, JAPAN",http://iiif.io/api/presentation/2#rightToLeftDirection,,総合図書館所蔵青洲文庫,0239,,https://iiif.dl.itc.u-tokyo.ac.jp/repo/iiif/4ee44b97-84be-91df-2eba-ddc3b6e41592/manifest,,,,,76
文選 60巻目録1巻 [18],A00:5819,モンゼン,蕭 統,31,[出版者不明],慶長12 [1607],和古書,日本語,"目録の書名: 増補六臣註文選(首), 六臣註文選(尾)|表の書名: 李善上文選註|卷第11の題簽書名: 文選 : 六臣註|その他の註者: (唐) 呂延濟, 劉良, 張銑, 李周翰, 呂向|内題下に「梁昭明太子撰 五臣并李善注」とあり|[跋]末に「明州司法叅軍兼監盧欽謹書」とあり|刊記に「慶長丁未沽洗上旬八蓂 板行畢」とあり|四周単辺無界10行22字注文双行, 内匡廓: 23.3×16.6cm, 中黒口双花魚尾|五つ目綴じ|銅活字版後印本|大尾に「壬戌(元和八年板成而後十六年也)仲秋十又九日 羅山山長道春(明暦三年丁酉羅山沒)誌」, 「寛文十年庚戌孟秋二十八蓂」との補鈔あり|卷第4末に「文化十閼逢淹茂玄月哉生明」との朱筆書き入れあり|朱点, 墨筆付訓あり(胡粉による修正あり)|印記: 「幸彦之印」, 「江戸學山書屋」, 「松本氏圖書印」, 「勝鹿文庫」(松本月痴), 「青洲文庫」(渡辺信)|虫損あり (裏打ち補修あり)",http://tify.sub.uni-goettingen.de/demo.html?manifest=https://archdataset.dl.itc.u-tokyo.ac.jp/manifest/eb416a5e-2c0e-6929-20c8-938f28c423c6.json,eb416a5e-2c0e-6929-20c8-938f28c423c6,https://iiif.dl.itc.u-tokyo.ac.jp/repo/s/seishu/,https://iiif.dl.itc.u-tokyo.ac.jp/repo/s/seishu/document/eb416a5e-2c0e-6929-20c8-938f28c423c6,https://www.lib.u-tokyo.ac.jp/ja/library/contents/archives-top/reuse,https://iiif.dl.itc.u-tokyo.ac.jp/repo/files/medium/080d7ff316b375e8842d4923e3bbb28be795d7be.jpg,https://iiif.dl.itc.u-tokyo.ac.jp/repo/api/items/1381198,"東京大学総合図書館 General Library, The University of Tokyo, JAPAN",http://iiif.io/api/presentation/2#rightToLeftDirection,,総合図書館所蔵青洲文庫,0240,,https://iiif.dl.itc.u-tokyo.ac.jp/repo/iiif/eb416a5e-2c0e-6929-20c8-938f28c423c6/manifest,,,,,66
文選 60巻目録1巻 [19],A00:5819,モンゼン,蕭 統,31,[出版者不明],慶長12 [1607],和古書,日本語,"目録の書名: 増補六臣註文選(首), 六臣註文選(尾)|表の書名: 李善上文選註|卷第11の題簽書名: 文選 : 六臣註|その他の註者: (唐) 呂延濟, 劉良, 張銑, 李周翰, 呂向|内題下に「梁昭明太子撰 五臣并李善注」とあり|[跋]末に「明州司法叅軍兼監盧欽謹書」とあり|刊記に「慶長丁未沽洗上旬八蓂 板行畢」とあり|四周単辺無界10行22字注文双行, 内匡廓: 23.3×16.6cm, 中黒口双花魚尾|五つ目綴じ|銅活字版後印本|大尾に「壬戌(元和八年板成而後十六年也)仲秋十又九日 羅山山長道春(明暦三年丁酉羅山沒)誌」, 「寛文十年庚戌孟秋二十八蓂」との補鈔あり|卷第4末に「文化十閼逢淹茂玄月哉生明」との朱筆書き入れあり|朱点, 墨筆付訓あり(胡粉による修正あり)|印記: 「幸彦之印」, 「江戸學山書屋」, 「松本氏圖書印」, 「勝鹿文庫」(松本月痴), 「青洲文庫」(渡辺信)|虫損あり (裏打ち補修あり)",http://tify.sub.uni-goettingen.de/demo.html?manifest=https://archdataset.dl.itc.u-tokyo.ac.jp/manifest/a747cd91-634a-83ed-41c5-b99886bb4210.json,a747cd91-634a-83ed-41c5-b99886bb4210,https://iiif.dl.itc.u-tokyo.ac.jp/repo/s/seishu/,https://iiif.dl.itc.u-tokyo.ac.jp/repo/s/seishu/document/a747cd91-634a-83ed-41c5-b99886bb4210,https://www.lib.u-tokyo.ac.jp/ja/library/contents/archives-top/reuse,https://iiif.dl.itc.u-tokyo.ac.jp/repo/files/medium/fef21185fb5da196c217d19dd1b62b2dbb864184.jpg,https://iiif.dl.itc.u-tokyo.ac.jp/repo/api/items/1381197,"東京大学総合図書館 General Library, The University of Tokyo, JAPAN",http://iiif.io/api/presentation/2#rightToLeftDirection,,総合図書館所蔵青洲文庫,0241,,https://iiif.dl.itc.u-tokyo.ac.jp/repo/iiif/a747cd91-634a-83ed-41c5-b99886bb4210/manifest,,,,,69
文選 60巻目録1巻 [20],A00:5819,モンゼン,蕭 統,31,[出版者不明],慶長12 [1607],和古書,日本語,"目録の書名: 増補六臣註文選(首), 六臣註文選(尾)|表の書名: 李善上文選註|卷第11の題簽書名: 文選 : 六臣註|その他の註者: (唐) 呂延濟, 劉良, 張銑, 李周翰, 呂向|内題下に「梁昭明太子撰 五臣并李善注」とあり|[跋]末に「明州司法叅軍兼監盧欽謹書」とあり|刊記に「慶長丁未沽洗上旬八蓂 板行畢」とあり|四周単辺無界10行22字注文双行, 内匡廓: 23.3×16.6cm, 中黒口双花魚尾|五つ目綴じ|銅活字版後印本|大尾に「壬戌(元和八年板成而後十六年也)仲秋十又九日 羅山山長道春(明暦三年丁酉羅山沒)誌」, 「寛文十年庚戌孟秋二十八蓂」との補鈔あり|卷第4末に「文化十閼逢淹茂玄月哉生明」との朱筆書き入れあり|朱点, 墨筆付訓あり(胡粉による修正あり)|印記: 「幸彦之印」, 「江戸學山書屋」, 「松本氏圖書印」, 「勝鹿文庫」(松本月痴), 「青洲文庫」(渡辺信)|虫損あり (裏打ち補修あり)",http://tify.sub.uni-goettingen.de/demo.html?manifest=https://archdataset.dl.itc.u-tokyo.ac.jp/manifest/2537d55e-6bbf-530a-7821-342b0af853de.json,2537d55e-6bbf-530a-7821-342b0af853de,https://iiif.dl.itc.u-tokyo.ac.jp/repo/s/seishu/,https://iiif.dl.itc.u-tokyo.ac.jp/repo/s/seishu/document/2537d55e-6bbf-530a-7821-342b0af853de,https://www.lib.u-tokyo.ac.jp/ja/library/contents/archives-top/reuse,https://iiif.dl.itc.u-tokyo.ac.jp/repo/files/medium/b1549f754968166bc501c9f8a8a9eb9e43092090.jpg,https://iiif.dl.itc.u-tokyo.ac.jp/repo/api/items/1381196,"東京大学総合図書館 General Library, The University of Tokyo, JAPAN",http://iiif.io/api/presentation/2#rightToLeftDirection,,総合図書館所蔵青洲文庫,0242,,https://iiif.dl.itc.u-tokyo.ac.jp/repo/iiif/2537d55e-6bbf-530a-7821-342b0af853de/manifest,,,,,77
文選 60巻目録1巻 [21],A00:5819,モンゼン,蕭 統,31,[出版者不明],慶長12 [1607],和古書,日本語,"目録の書名: 増補六臣註文選(首), 六臣註文選(尾)|表の書名: 李善上文選註|卷第11の題簽書名: 文選 : 六臣註|その他の註者: (唐) 呂延濟, 劉良, 張銑, 李周翰, 呂向|内題下に「梁昭明太子撰 五臣并李善注」とあり|[跋]末に「明州司法叅軍兼監盧欽謹書」とあり|刊記に「慶長丁未沽洗上旬八蓂 板行畢」とあり|四周単辺無界10行22字注文双行, 内匡廓: 23.3×16.6cm, 中黒口双花魚尾|五つ目綴じ|銅活字版後印本|大尾に「壬戌(元和八年板成而後十六年也)仲秋十又九日 羅山山長道春(明暦三年丁酉羅山沒)誌」, 「寛文十年庚戌孟秋二十八蓂」との補鈔あり|卷第4末に「文化十閼逢淹茂玄月哉生明」との朱筆書き入れあり|朱点, 墨筆付訓あり(胡粉による修正あり)|印記: 「幸彦之印」, 「江戸學山書屋」, 「松本氏圖書印」, 「勝鹿文庫」(松本月痴), 「青洲文庫」(渡辺信)|虫損あり (裏打ち補修あり)",http://tify.sub.uni-goettingen.de/demo.html?manifest=https://archdataset.dl.itc.u-tokyo.ac.jp/manifest/2cf37fef-430e-4829-344c-557807e68f1c.json,2cf37fef-430e-4829-344c-557807e68f1c,https://iiif.dl.itc.u-tokyo.ac.jp/repo/s/seishu/,https://iiif.dl.itc.u-tokyo.ac.jp/repo/s/seishu/document/2cf37fef-430e-4829-344c-557807e68f1c,https://www.lib.u-tokyo.ac.jp/ja/library/contents/archives-top/reuse,https://iiif.dl.itc.u-tokyo.ac.jp/repo/files/medium/a2f6b1823b202a9b1db678510790b962bc35a803.jpg,https://iiif.dl.itc.u-tokyo.ac.jp/repo/api/items/1381195,"東京大学総合図書館 General Library, The University of Tokyo, JAPAN",http://iiif.io/api/presentation/2#rightToLeftDirection,,総合図書館所蔵青洲文庫,0243,,https://iiif.dl.itc.u-tokyo.ac.jp/repo/iiif/2cf37fef-430e-4829-344c-557807e68f1c/manifest,,,,,73
文選 60巻目録1巻 [22],A00:5819,モンゼン,蕭 統,31,[出版者不明],慶長12 [1607],和古書,日本語,"目録の書名: 増補六臣註文選(首), 六臣註文選(尾)|表の書名: 李善上文選註|卷第11の題簽書名: 文選 : 六臣註|その他の註者: (唐) 呂延濟, 劉良, 張銑, 李周翰, 呂向|内題下に「梁昭明太子撰 五臣并李善注」とあり|[跋]末に「明州司法叅軍兼監盧欽謹書」とあり|刊記に「慶長丁未沽洗上旬八蓂 板行畢」とあり|四周単辺無界10行22字注文双行, 内匡廓: 23.3×16.6cm, 中黒口双花魚尾|五つ目綴じ|銅活字版後印本|大尾に「壬戌(元和八年板成而後十六年也)仲秋十又九日 羅山山長道春(明暦三年丁酉羅山沒)誌」, 「寛文十年庚戌孟秋二十八蓂」との補鈔あり|卷第4末に「文化十閼逢淹茂玄月哉生明」との朱筆書き入れあり|朱点, 墨筆付訓あり(胡粉による修正あり)|印記: 「幸彦之印」, 「江戸學山書屋」, 「松本氏圖書印」, 「勝鹿文庫」(松本月痴), 「青洲文庫」(渡辺信)|虫損あり (裏打ち補修あり)",http://tify.sub.uni-goettingen.de/demo.html?manifest=https://archdataset.dl.itc.u-tokyo.ac.jp/manifest/7bf1ce96-2610-5f35-4654-70a93296900c.json,7bf1ce96-2610-5f35-4654-70a93296900c,https://iiif.dl.itc.u-tokyo.ac.jp/repo/s/seishu/,https://iiif.dl.itc.u-tokyo.ac.jp/repo/s/seishu/document/7bf1ce96-2610-5f35-4654-70a93296900c,https://www.lib.u-tokyo.ac.jp/ja/library/contents/archives-top/reuse,https://iiif.dl.itc.u-tokyo.ac.jp/repo/files/medium/9a901a9dd8c26a4b09674de197b4262fb8b6fed0.jpg,https://iiif.dl.itc.u-tokyo.ac.jp/repo/api/items/1381194,"東京大学総合図書館 General Library, The University of Tokyo, JAPAN",http://iiif.io/api/presentation/2#rightToLeftDirection,,総合図書館所蔵青洲文庫,0244,,https://iiif.dl.itc.u-tokyo.ac.jp/repo/iiif/7bf1ce96-2610-5f35-4654-70a93296900c/manifest,,,,,82
文選 60巻目録1巻 [23],A00:5819,モンゼン,蕭 統,31,[出版者不明],慶長12 [1607],和古書,日本語,"目録の書名: 増補六臣註文選(首), 六臣註文選(尾)|表の書名: 李善上文選註|卷第11の題簽書名: 文選 : 六臣註|その他の註者: (唐) 呂延濟, 劉良, 張銑, 李周翰, 呂向|内題下に「梁昭明太子撰 五臣并李善注」とあり|[跋]末に「明州司法叅軍兼監盧欽謹書」とあり|刊記に「慶長丁未沽洗上旬八蓂 板行畢」とあり|四周単辺無界10行22字注文双行, 内匡廓: 23.3×16.6cm, 中黒口双花魚尾|五つ目綴じ|銅活字版後印本|大尾に「壬戌(元和八年板成而後十六年也)仲秋十又九日 羅山山長道春(明暦三年丁酉羅山沒)誌」, 「寛文十年庚戌孟秋二十八蓂」との補鈔あり|卷第4末に「文化十閼逢淹茂玄月哉生明」との朱筆書き入れあり|朱点, 墨筆付訓あり(胡粉による修正あり)|印記: 「幸彦之印」, 「江戸學山書屋」, 「松本氏圖書印」, 「勝鹿文庫」(松本月痴), 「青洲文庫」(渡辺信)|虫損あり (裏打ち補修あり)",http://tify.sub.uni-goettingen.de/demo.html?manifest=https://archdataset.dl.itc.u-tokyo.ac.jp/manifest/5c6754d3-106b-1633-4203-37bf38534b5c.json,5c6754d3-106b-1633-4203-37bf38534b5c,https://iiif.dl.itc.u-tokyo.ac.jp/repo/s/seishu/,https://iiif.dl.itc.u-tokyo.ac.jp/repo/s/seishu/document/5c6754d3-106b-1633-4203-37bf38534b5c,https://www.lib.u-tokyo.ac.jp/ja/library/contents/archives-top/reuse,https://iiif.dl.itc.u-tokyo.ac.jp/repo/files/medium/88f9d03d857eba06f7ff511eae50f9d76626b14b.jpg,https://iiif.dl.itc.u-tokyo.ac.jp/repo/api/items/1381193,"東京大学総合図書館 General Library, The University of Tokyo, JAPAN",http://iiif.io/api/presentation/2#rightToLeftDirection,,総合図書館所蔵青洲文庫,0245,,https://iiif.dl.itc.u-tokyo.ac.jp/repo/iiif/5c6754d3-106b-1633-4203-37bf38534b5c/manifest,,,,,79
文選 60巻目録1巻 [24],A00:5819,モンゼン,蕭 統,31,[出版者不明],慶長12 [1607],和古書,日本語,"目録の書名: 増補六臣註文選(首), 六臣註文選(尾)|表の書名: 李善上文選註|卷第11の題簽書名: 文選 : 六臣註|その他の註者: (唐) 呂延濟, 劉良, 張銑, 李周翰, 呂向|内題下に「梁昭明太子撰 五臣并李善注」とあり|[跋]末に「明州司法叅軍兼監盧欽謹書」とあり|刊記に「慶長丁未沽洗上旬八蓂 板行畢」とあり|四周単辺無界10行22字注文双行, 内匡廓: 23.3×16.6cm, 中黒口双花魚尾|五つ目綴じ|銅活字版後印本|大尾に「壬戌(元和八年板成而後十六年也)仲秋十又九日 羅山山長道春(明暦三年丁酉羅山沒)誌」, 「寛文十年庚戌孟秋二十八蓂」との補鈔あり|卷第4末に「文化十閼逢淹茂玄月哉生明」との朱筆書き入れあり|朱点, 墨筆付訓あり(胡粉による修正あり)|印記: 「幸彦之印」, 「江戸學山書屋」, 「松本氏圖書印」, 「勝鹿文庫」(松本月痴), 「青洲文庫」(渡辺信)|虫損あり (裏打ち補修あり)",http://tify.sub.uni-goettingen.de/demo.html?manifest=https://archdataset.dl.itc.u-tokyo.ac.jp/manifest/cf9170a9-40df-63b7-74e9-5d1a850f36a7.json,cf9170a9-40df-63b7-74e9-5d1a850f36a7,https://iiif.dl.itc.u-tokyo.ac.jp/repo/s/seishu/,https://iiif.dl.itc.u-tokyo.ac.jp/repo/s/seishu/document/cf9170a9-40df-63b7-74e9-5d1a850f36a7,https://www.lib.u-tokyo.ac.jp/ja/library/contents/archives-top/reuse,https://iiif.dl.itc.u-tokyo.ac.jp/repo/files/medium/628a1cbfeded769e485711948582408d69b6ef49.jpg,https://iiif.dl.itc.u-tokyo.ac.jp/repo/api/items/1381192,"東京大学総合図書館 General Library, The University of Tokyo, JAPAN",http://iiif.io/api/presentation/2#rightToLeftDirection,,総合図書館所蔵青洲文庫,0246,,https://iiif.dl.itc.u-tokyo.ac.jp/repo/iiif/cf9170a9-40df-63b7-74e9-5d1a850f36a7/manifest,,,,,86
文選 60巻目録1巻 [25],A00:5819,モンゼン,蕭 統,31,[出版者不明],慶長12 [1607],和古書,日本語,"目録の書名: 増補六臣註文選(首), 六臣註文選(尾)|表の書名: 李善上文選註|卷第11の題簽書名: 文選 : 六臣註|その他の註者: (唐) 呂延濟, 劉良, 張銑, 李周翰, 呂向|内題下に「梁昭明太子撰 五臣并李善注」とあり|[跋]末に「明州司法叅軍兼監盧欽謹書」とあり|刊記に「慶長丁未沽洗上旬八蓂 板行畢」とあり|四周単辺無界10行22字注文双行, 内匡廓: 23.3×16.6cm, 中黒口双花魚尾|五つ目綴じ|銅活字版後印本|大尾に「壬戌(元和八年板成而後十六年也)仲秋十又九日 羅山山長道春(明暦三年丁酉羅山沒)誌」, 「寛文十年庚戌孟秋二十八蓂」との補鈔あり|卷第4末に「文化十閼逢淹茂玄月哉生明」との朱筆書き入れあり|朱点, 墨筆付訓あり(胡粉による修正あり)|印記: 「幸彦之印」, 「江戸學山書屋」, 「松本氏圖書印」, 「勝鹿文庫」(松本月痴), 「青洲文庫」(渡辺信)|虫損あり (裏打ち補修あり)",http://tify.sub.uni-goettingen.de/demo.html?manifest=https://archdataset.dl.itc.u-tokyo.ac.jp/manifest/226d28b0-72a7-8b62-2125-3fe8ad211a55.json,226d28b0-72a7-8b62-2125-3fe8ad211a55,https://iiif.dl.itc.u-tokyo.ac.jp/repo/s/seishu/,https://iiif.dl.itc.u-tokyo.ac.jp/repo/s/seishu/document/226d28b0-72a7-8b62-2125-3fe8ad211a55,https://www.lib.u-tokyo.ac.jp/ja/library/contents/archives-top/reuse,https://iiif.dl.itc.u-tokyo.ac.jp/repo/files/medium/dd02e4d55e141ef4fa889e97af44b0d55e3255b7.jpg,https://iiif.dl.itc.u-tokyo.ac.jp/repo/api/items/1381191,"東京大学総合図書館 General Library, The University of Tokyo, JAPAN",http://iiif.io/api/presentation/2#rightToLeftDirection,,総合図書館所蔵青洲文庫,0247,,https://iiif.dl.itc.u-tokyo.ac.jp/repo/iiif/226d28b0-72a7-8b62-2125-3fe8ad211a55/manifest,,,,,84
文選 60巻目録1巻 [26],A00:5819,モンゼン,蕭 統,31,[出版者不明],慶長12 [1607],和古書,日本語,"目録の書名: 増補六臣註文選(首), 六臣註文選(尾)|表の書名: 李善上文選註|卷第11の題簽書名: 文選 : 六臣註|その他の註者: (唐) 呂延濟, 劉良, 張銑, 李周翰, 呂向|内題下に「梁昭明太子撰 五臣并李善注」とあり|[跋]末に「明州司法叅軍兼監盧欽謹書」とあり|刊記に「慶長丁未沽洗上旬八蓂 板行畢」とあり|四周単辺無界10行22字注文双行, 内匡廓: 23.3×16.6cm, 中黒口双花魚尾|五つ目綴じ|銅活字版後印本|大尾に「壬戌(元和八年板成而後十六年也)仲秋十又九日 羅山山長道春(明暦三年丁酉羅山沒)誌」, 「寛文十年庚戌孟秋二十八蓂」との補鈔あり|卷第4末に「文化十閼逢淹茂玄月哉生明」との朱筆書き入れあり|朱点, 墨筆付訓あり(胡粉による修正あり)|印記: 「幸彦之印」, 「江戸學山書屋」, 「松本氏圖書印」, 「勝鹿文庫」(松本月痴), 「青洲文庫」(渡辺信)|虫損あり (裏打ち補修あり)",http://tify.sub.uni-goettingen.de/demo.html?manifest=https://archdataset.dl.itc.u-tokyo.ac.jp/manifest/afccc725-9202-211f-047a-d1490c228c26.json,afccc725-9202-211f-047a-d1490c228c26,https://iiif.dl.itc.u-tokyo.ac.jp/repo/s/seishu/,https://iiif.dl.itc.u-tokyo.ac.jp/repo/s/seishu/document/afccc725-9202-211f-047a-d1490c228c26,https://www.lib.u-tokyo.ac.jp/ja/library/contents/archives-top/reuse,https://iiif.dl.itc.u-tokyo.ac.jp/repo/files/medium/30c8d5b9415498d195f30e8f6f35e9bd158247e9.jpg,https://iiif.dl.itc.u-tokyo.ac.jp/repo/api/items/1381190,"東京大学総合図書館 General Library, The University of Tokyo, JAPAN",http://iiif.io/api/presentation/2#rightToLeftDirection,,総合図書館所蔵青洲文庫,0248,,https://iiif.dl.itc.u-tokyo.ac.jp/repo/iiif/afccc725-9202-211f-047a-d1490c228c26/manifest,,,,,61
文選 60巻目録1巻 [27],A00:5819,モンゼン,蕭 統,31,[出版者不明],慶長12 [1607],和古書,日本語,"目録の書名: 増補六臣註文選(首), 六臣註文選(尾)|表の書名: 李善上文選註|卷第11の題簽書名: 文選 : 六臣註|その他の註者: (唐) 呂延濟, 劉良, 張銑, 李周翰, 呂向|内題下に「梁昭明太子撰 五臣并李善注」とあり|[跋]末に「明州司法叅軍兼監盧欽謹書」とあり|刊記に「慶長丁未沽洗上旬八蓂 板行畢」とあり|四周単辺無界10行22字注文双行, 内匡廓: 23.3×16.6cm, 中黒口双花魚尾|五つ目綴じ|銅活字版後印本|大尾に「壬戌(元和八年板成而後十六年也)仲秋十又九日 羅山山長道春(明暦三年丁酉羅山沒)誌」, 「寛文十年庚戌孟秋二十八蓂」との補鈔あり|卷第4末に「文化十閼逢淹茂玄月哉生明」との朱筆書き入れあり|朱点, 墨筆付訓あり(胡粉による修正あり)|印記: 「幸彦之印」, 「江戸學山書屋」, 「松本氏圖書印」, 「勝鹿文庫」(松本月痴), 「青洲文庫」(渡辺信)|虫損あり (裏打ち補修あり)",http://tify.sub.uni-goettingen.de/demo.html?manifest=https://archdataset.dl.itc.u-tokyo.ac.jp/manifest/a240703b-0a4c-57ae-47bf-e875bfb12e75.json,a240703b-0a4c-57ae-47bf-e875bfb12e75,https://iiif.dl.itc.u-tokyo.ac.jp/repo/s/seishu/,https://iiif.dl.itc.u-tokyo.ac.jp/repo/s/seishu/document/a240703b-0a4c-57ae-47bf-e875bfb12e75,https://www.lib.u-tokyo.ac.jp/ja/library/contents/archives-top/reuse,https://iiif.dl.itc.u-tokyo.ac.jp/repo/files/medium/fd646cdb938a01f53f6ad5b9d2df393106c64a04.jpg,https://iiif.dl.itc.u-tokyo.ac.jp/repo/api/items/1381189,"東京大学総合図書館 General Library, The University of Tokyo, JAPAN",http://iiif.io/api/presentation/2#rightToLeftDirection,,総合図書館所蔵青洲文庫,0249,,https://iiif.dl.itc.u-tokyo.ac.jp/repo/iiif/a240703b-0a4c-57ae-47bf-e875bfb12e75/manifest,,,,,51
文選 60巻目録1巻 [28],A00:5819,モンゼン,蕭 統,31,[出版者不明],慶長12 [1607],和古書,日本語,"目録の書名: 増補六臣註文選(首), 六臣註文選(尾)|表の書名: 李善上文選註|卷第11の題簽書名: 文選 : 六臣註|その他の註者: (唐) 呂延濟, 劉良, 張銑, 李周翰, 呂向|内題下に「梁昭明太子撰 五臣并李善注」とあり|[跋]末に「明州司法叅軍兼監盧欽謹書」とあり|刊記に「慶長丁未沽洗上旬八蓂 板行畢」とあり|四周単辺無界10行22字注文双行, 内匡廓: 23.3×16.6cm, 中黒口双花魚尾|五つ目綴じ|銅活字版後印本|大尾に「壬戌(元和八年板成而後十六年也)仲秋十又九日 羅山山長道春(明暦三年丁酉羅山沒)誌」, 「寛文十年庚戌孟秋二十八蓂」との補鈔あり|卷第4末に「文化十閼逢淹茂玄月哉生明」との朱筆書き入れあり|朱点, 墨筆付訓あり(胡粉による修正あり)|印記: 「幸彦之印」, 「江戸學山書屋」, 「松本氏圖書印」, 「勝鹿文庫」(松本月痴), 「青洲文庫」(渡辺信)|虫損あり (裏打ち補修あり)",http://tify.sub.uni-goettingen.de/demo.html?manifest=https://archdataset.dl.itc.u-tokyo.ac.jp/manifest/959756ca-33ba-19c8-4c34-9de848bf91f9.json,959756ca-33ba-19c8-4c34-9de848bf91f9,https://iiif.dl.itc.u-tokyo.ac.jp/repo/s/seishu/,https://iiif.dl.itc.u-tokyo.ac.jp/repo/s/seishu/document/959756ca-33ba-19c8-4c34-9de848bf91f9,https://www.lib.u-tokyo.ac.jp/ja/library/contents/archives-top/reuse,https://iiif.dl.itc.u-tokyo.ac.jp/repo/files/medium/fa10d93d7de4f09b96560d63200084c5fcab0d56.jpg,https://iiif.dl.itc.u-tokyo.ac.jp/repo/api/items/1381188,"東京大学総合図書館 General Library, The University of Tokyo, JAPAN",http://iiif.io/api/presentation/2#rightToLeftDirection,,総合図書館所蔵青洲文庫,0250,,https://iiif.dl.itc.u-tokyo.ac.jp/repo/iiif/959756ca-33ba-19c8-4c34-9de848bf91f9/manifest,,,,,74
文選 60巻目録1巻 [29],A00:5819,モンゼン,蕭 統,31,[出版者不明],慶長12 [1607],和古書,日本語,"目録の書名: 増補六臣註文選(首), 六臣註文選(尾)|表の書名: 李善上文選註|卷第11の題簽書名: 文選 : 六臣註|その他の註者: (唐) 呂延濟, 劉良, 張銑, 李周翰, 呂向|内題下に「梁昭明太子撰 五臣并李善注」とあり|[跋]末に「明州司法叅軍兼監盧欽謹書」とあり|刊記に「慶長丁未沽洗上旬八蓂 板行畢」とあり|四周単辺無界10行22字注文双行, 内匡廓: 23.3×16.6cm, 中黒口双花魚尾|五つ目綴じ|銅活字版後印本|大尾に「壬戌(元和八年板成而後十六年也)仲秋十又九日 羅山山長道春(明暦三年丁酉羅山沒)誌」, 「寛文十年庚戌孟秋二十八蓂」との補鈔あり|卷第4末に「文化十閼逢淹茂玄月哉生明」との朱筆書き入れあり|朱点, 墨筆付訓あり(胡粉による修正あり)|印記: 「幸彦之印」, 「江戸學山書屋」, 「松本氏圖書印」, 「勝鹿文庫」(松本月痴), 「青洲文庫」(渡辺信)|虫損あり (裏打ち補修あり)",http://tify.sub.uni-goettingen.de/demo.html?manifest=https://archdataset.dl.itc.u-tokyo.ac.jp/manifest/a9f5fbed-06ca-2c4e-a665-9e16766f74f0.json,a9f5fbed-06ca-2c4e-a665-9e16766f74f0,https://iiif.dl.itc.u-tokyo.ac.jp/repo/s/seishu/,https://iiif.dl.itc.u-tokyo.ac.jp/repo/s/seishu/document/a9f5fbed-06ca-2c4e-a665-9e16766f74f0,https://www.lib.u-tokyo.ac.jp/ja/library/contents/archives-top/reuse,https://iiif.dl.itc.u-tokyo.ac.jp/repo/files/medium/cd55312d828e09bdce2efe9518c2024207429610.jpg,https://iiif.dl.itc.u-tokyo.ac.jp/repo/api/items/1381187,"東京大学総合図書館 General Library, The University of Tokyo, JAPAN",http://iiif.io/api/presentation/2#rightToLeftDirection,,総合図書館所蔵青洲文庫,0251,,https://iiif.dl.itc.u-tokyo.ac.jp/repo/iiif/a9f5fbed-06ca-2c4e-a665-9e16766f74f0/manifest,,,,,81
文選 60巻目録1巻 [30],A00:5819,モンゼン,蕭 統,31,[出版者不明],慶長12 [1607],和古書,日本語,"目録の書名: 増補六臣註文選(首), 六臣註文選(尾)|表の書名: 李善上文選註|卷第11の題簽書名: 文選 : 六臣註|その他の註者: (唐) 呂延濟, 劉良, 張銑, 李周翰, 呂向|内題下に「梁昭明太子撰 五臣并李善注」とあり|[跋]末に「明州司法叅軍兼監盧欽謹書」とあり|刊記に「慶長丁未沽洗上旬八蓂 板行畢」とあり|四周単辺無界10行22字注文双行, 内匡廓: 23.3×16.6cm, 中黒口双花魚尾|五つ目綴じ|銅活字版後印本|大尾に「壬戌(元和八年板成而後十六年也)仲秋十又九日 羅山山長道春(明暦三年丁酉羅山沒)誌」, 「寛文十年庚戌孟秋二十八蓂」との補鈔あり|卷第4末に「文化十閼逢淹茂玄月哉生明」との朱筆書き入れあり|朱点, 墨筆付訓あり(胡粉による修正あり)|印記: 「幸彦之印」, 「江戸學山書屋」, 「松本氏圖書印」, 「勝鹿文庫」(松本月痴), 「青洲文庫」(渡辺信)|虫損あり (裏打ち補修あり)",http://tify.sub.uni-goettingen.de/demo.html?manifest=https://archdataset.dl.itc.u-tokyo.ac.jp/manifest/ef144089-8b58-4fd3-43d0-a68ace6c0cc5.json,ef144089-8b58-4fd3-43d0-a68ace6c0cc5,https://iiif.dl.itc.u-tokyo.ac.jp/repo/s/seishu/,https://iiif.dl.itc.u-tokyo.ac.jp/repo/s/seishu/document/ef144089-8b58-4fd3-43d0-a68ace6c0cc5,https://www.lib.u-tokyo.ac.jp/ja/library/contents/archives-top/reuse,https://iiif.dl.itc.u-tokyo.ac.jp/repo/files/medium/f2f1ad74363dfee3eb3e904262c3fbcb5da153b0.jpg,https://iiif.dl.itc.u-tokyo.ac.jp/repo/api/items/1381186,"東京大学総合図書館 General Library, The University of Tokyo, JAPAN",http://iiif.io/api/presentation/2#rightToLeftDirection,,総合図書館所蔵青洲文庫,0252,,https://iiif.dl.itc.u-tokyo.ac.jp/repo/iiif/ef144089-8b58-4fd3-43d0-a68ace6c0cc5/manifest,,,,,75
文選 60巻目録1巻 [31],A00:5819,モンゼン,蕭 統,31,[出版者不明],慶長12 [1607],和古書,日本語,"目録の書名: 増補六臣註文選(首), 六臣註文選(尾)|表の書名: 李善上文選註|卷第11の題簽書名: 文選 : 六臣註|その他の註者: (唐) 呂延濟, 劉良, 張銑, 李周翰, 呂向|内題下に「梁昭明太子撰 五臣并李善注」とあり|[跋]末に「明州司法叅軍兼監盧欽謹書」とあり|刊記に「慶長丁未沽洗上旬八蓂 板行畢」とあり|四周単辺無界10行22字注文双行, 内匡廓: 23.3×16.6cm, 中黒口双花魚尾|五つ目綴じ|銅活字版後印本|大尾に「壬戌(元和八年板成而後十六年也)仲秋十又九日 羅山山長道春(明暦三年丁酉羅山沒)誌」, 「寛文十年庚戌孟秋二十八蓂」との補鈔あり|卷第4末に「文化十閼逢淹茂玄月哉生明」との朱筆書き入れあり|朱点, 墨筆付訓あり(胡粉による修正あり)|印記: 「幸彦之印」, 「江戸學山書屋」, 「松本氏圖書印」, 「勝鹿文庫」(松本月痴), 「青洲文庫」(渡辺信)|虫損あり (裏打ち補修あり)",http://tify.sub.uni-goettingen.de/demo.html?manifest=https://archdataset.dl.itc.u-tokyo.ac.jp/manifest/85301225-21b5-7d73-67df-9dc07b61a267.json,85301225-21b5-7d73-67df-9dc07b61a267,https://iiif.dl.itc.u-tokyo.ac.jp/repo/s/seishu/,https://iiif.dl.itc.u-tokyo.ac.jp/repo/s/seishu/document/85301225-21b5-7d73-67df-9dc07b61a267,https://www.lib.u-tokyo.ac.jp/ja/library/contents/archives-top/reuse,https://iiif.dl.itc.u-tokyo.ac.jp/repo/files/medium/9f7c05b264efedf178986b6d55440e8915d403a5.jpg,https://iiif.dl.itc.u-tokyo.ac.jp/repo/api/items/1381185,"東京大学総合図書館 General Library, The University of Tokyo, JAPAN",http://iiif.io/api/presentation/2#rightToLeftDirection,,総合図書館所蔵青洲文庫,0253,,https://iiif.dl.itc.u-tokyo.ac.jp/repo/iiif/85301225-21b5-7d73-67df-9dc07b61a267/manifest,,,,,82
重刋貞和類聚祖苑聯芳集 10巻 [1],A00:5821,ジュウカン ジョウワ ルイジュ ソオン レンポウシュウ,義堂周信,5,[出版者不明],[室町時代],和古書,日本語,"版心の書名: 貞|表紙の書名(墨書): 貞和集|自跋中の書名(墨書): 重編貞和類聚祖苑聯芳集|跋末に「嘉慶二年戊辰三月十四日綽周信自題」とあり|四周単辺有界12行23字, 内匡廓: 20.×14.5cm, 中黒口双黒魚尾|無訓本|五山版|巻末に欠損あり(補鈔あり)|朱点, 朱引あり|印記: 「東六圎徳寺」, 「青洲文庫」(渡辺信)|虫損あり (裏打ち補修あり)",http://tify.sub.uni-goettingen.de/demo.html?manifest=https://archdataset.dl.itc.u-tokyo.ac.jp/manifest/e92f9bbb-0e35-69b5-6a06-81808b500cfd.json,e92f9bbb-0e35-69b5-6a06-81808b500cfd,https://iiif.dl.itc.u-tokyo.ac.jp/repo/s/seishu/,https://iiif.dl.itc.u-tokyo.ac.jp/repo/s/seishu/document/e92f9bbb-0e35-69b5-6a06-81808b500cfd,https://www.lib.u-tokyo.ac.jp/ja/library/contents/archives-top/reuse,https://iiif.dl.itc.u-tokyo.ac.jp/repo/files/medium/f8a3cb3c5537d4a100d376ee954345335e0d5632.jpg,https://iiif.dl.itc.u-tokyo.ac.jp/repo/api/items/1381184,"東京大学総合図書館 General Library, The University of Tokyo, JAPAN",http://iiif.io/api/presentation/2#rightToLeftDirection,,総合図書館所蔵青洲文庫,0254,,https://iiif.dl.itc.u-tokyo.ac.jp/repo/iiif/e92f9bbb-0e35-69b5-6a06-81808b500cfd/manifest,,,,,56
重刋貞和類聚祖苑聯芳集 10巻 [2],A00:5821,ジュウカン ジョウワ ルイジュ ソオン レンポウシュウ,義堂周信,5,[出版者不明],[室町時代],和古書,日本語,"版心の書名: 貞|表紙の書名(墨書): 貞和集|自跋中の書名(墨書): 重編貞和類聚祖苑聯芳集|跋末に「嘉慶二年戊辰三月十四日綽周信自題」とあり|四周単辺有界12行23字, 内匡廓: 20.×14.5cm, 中黒口双黒魚尾|無訓本|五山版|巻末に欠損あり(補鈔あり)|朱点, 朱引あり|印記: 「東六圎徳寺」, 「青洲文庫」(渡辺信)|虫損あり (裏打ち補修あり)",http://tify.sub.uni-goettingen.de/demo.html?manifest=https://archdataset.dl.itc.u-tokyo.ac.jp/manifest/fb6ca587-3249-0d39-592f-81c1b86d0f38.json,fb6ca587-3249-0d39-592f-81c1b86d0f38,https://iiif.dl.itc.u-tokyo.ac.jp/repo/s/seishu/,https://iiif.dl.itc.u-tokyo.ac.jp/repo/s/seishu/document/fb6ca587-3249-0d39-592f-81c1b86d0f38,https://www.lib.u-tokyo.ac.jp/ja/library/contents/archives-top/reuse,https://iiif.dl.itc.u-tokyo.ac.jp/repo/files/medium/333e424716627fb6917f51a84d3aeb1ed74ebd69.jpg,https://iiif.dl.itc.u-tokyo.ac.jp/repo/api/items/1381183,"東京大学総合図書館 General Library, The University of Tokyo, JAPAN",http://iiif.io/api/presentation/2#rightToLeftDirection,,総合図書館所蔵青洲文庫,0255,,https://iiif.dl.itc.u-tokyo.ac.jp/repo/iiif/fb6ca587-3249-0d39-592f-81c1b86d0f38/manifest,,,,,66
重刋貞和類聚祖苑聯芳集 10巻 [3],A00:5821,ジュウカン ジョウワ ルイジュ ソオン レンポウシュウ,義堂周信,5,[出版者不明],[室町時代],和古書,日本語,"版心の書名: 貞|表紙の書名(墨書): 貞和集|自跋中の書名(墨書): 重編貞和類聚祖苑聯芳集|跋末に「嘉慶二年戊辰三月十四日綽周信自題」とあり|四周単辺有界12行23字, 内匡廓: 20.×14.5cm, 中黒口双黒魚尾|無訓本|五山版|巻末に欠損あり(補鈔あり)|朱点, 朱引あり|印記: 「東六圎徳寺」, 「青洲文庫」(渡辺信)|虫損あり (裏打ち補修あり)",http://tify.sub.uni-goettingen.de/demo.html?manifest=https://archdataset.dl.itc.u-tokyo.ac.jp/manifest/de6a169f-2e45-657d-1cca-87b983a56398.json,de6a169f-2e45-657d-1cca-87b983a56398,https://iiif.dl.itc.u-tokyo.ac.jp/repo/s/seishu/,https://iiif.dl.itc.u-tokyo.ac.jp/repo/s/seishu/document/de6a169f-2e45-657d-1cca-87b983a56398,https://www.lib.u-tokyo.ac.jp/ja/library/contents/archives-top/reuse,https://iiif.dl.itc.u-tokyo.ac.jp/repo/files/medium/7f6e1fe57a6550a31b2372bffe382a020cdc93b1.jpg,https://iiif.dl.itc.u-tokyo.ac.jp/repo/api/items/1381182,"東京大学総合図書館 General Library, The University of Tokyo, JAPAN",http://iiif.io/api/presentation/2#rightToLeftDirection,,総合図書館所蔵青洲文庫,0256,,https://iiif.dl.itc.u-tokyo.ac.jp/repo/iiif/de6a169f-2e45-657d-1cca-87b983a56398/manifest,,,,,56
重刋貞和類聚祖苑聯芳集 10巻 [4],A00:5821,ジュウカン ジョウワ ルイジュ ソオン レンポウシュウ,義堂周信,5,[出版者不明],[室町時代],和古書,日本語,"版心の書名: 貞|表紙の書名(墨書): 貞和集|自跋中の書名(墨書): 重編貞和類聚祖苑聯芳集|跋末に「嘉慶二年戊辰三月十四日綽周信自題」とあり|四周単辺有界12行23字, 内匡廓: 20.×14.5cm, 中黒口双黒魚尾|無訓本|五山版|巻末に欠損あり(補鈔あり)|朱点, 朱引あり|印記: 「東六圎徳寺」, 「青洲文庫」(渡辺信)|虫損あり (裏打ち補修あり)",http://tify.sub.uni-goettingen.de/demo.html?manifest=https://archdataset.dl.itc.u-tokyo.ac.jp/manifest/139b8c21-3af5-5ecd-25db-143656c879d1.json,139b8c21-3af5-5ecd-25db-143656c879d1,https://iiif.dl.itc.u-tokyo.ac.jp/repo/s/seishu/,https://iiif.dl.itc.u-tokyo.ac.jp/repo/s/seishu/document/139b8c21-3af5-5ecd-25db-143656c879d1,https://www.lib.u-tokyo.ac.jp/ja/library/contents/archives-top/reuse,https://iiif.dl.itc.u-tokyo.ac.jp/repo/files/medium/79e8110b97ceec42a82ad247fc9c6ebad9be7775.jpg,https://iiif.dl.itc.u-tokyo.ac.jp/repo/api/items/1381181,"東京大学総合図書館 General Library, The University of Tokyo, JAPAN",http://iiif.io/api/presentation/2#rightToLeftDirection,,総合図書館所蔵青洲文庫,0257,,https://iiif.dl.itc.u-tokyo.ac.jp/repo/iiif/139b8c21-3af5-5ecd-25db-143656c879d1/manifest,,,,,65
重刋貞和類聚祖苑聯芳集 10巻 [5],A00:5821,ジュウカン ジョウワ ルイジュ ソオン レンポウシュウ,義堂周信,5,[出版者不明],[室町時代],和古書,日本語,"版心の書名: 貞|表紙の書名(墨書): 貞和集|自跋中の書名(墨書): 重編貞和類聚祖苑聯芳集|跋末に「嘉慶二年戊辰三月十四日綽周信自題」とあり|四周単辺有界12行23字, 内匡廓: 20.×14.5cm, 中黒口双黒魚尾|無訓本|五山版|巻末に欠損あり(補鈔あり)|朱点, 朱引あり|印記: 「東六圎徳寺」, 「青洲文庫」(渡辺信)|虫損あり (裏打ち補修あり)",http://tify.sub.uni-goettingen.de/demo.html?manifest=https://archdataset.dl.itc.u-tokyo.ac.jp/manifest/1e69fb39-67a8-99db-17e4-8bb416726730.json,1e69fb39-67a8-99db-17e4-8bb416726730,https://iiif.dl.itc.u-tokyo.ac.jp/repo/s/seishu/,https://iiif.dl.itc.u-tokyo.ac.jp/repo/s/seishu/document/1e69fb39-67a8-99db-17e4-8bb416726730,https://www.lib.u-tokyo.ac.jp/ja/library/contents/archives-top/reuse,https://iiif.dl.itc.u-tokyo.ac.jp/repo/files/medium/80d6f5c10f12784b427da5918e75f49550ffd6b2.jpg,https://iiif.dl.itc.u-tokyo.ac.jp/repo/api/items/1381180,"東京大学総合図書館 General Library, The University of Tokyo, JAPAN",http://iiif.io/api/presentation/2#rightToLeftDirection,,総合図書館所蔵青洲文庫,0258,,https://iiif.dl.itc.u-tokyo.ac.jp/repo/iiif/1e69fb39-67a8-99db-17e4-8bb416726730/manifest,,,,,61
大諸禮集 17巻 [1],A00:5822,ダイショレイシュウ,小笠原 長時,10,[出版者不明],[江戸前期],和古書,日本語,"書名及び巻冊次は題簽(欠損)及び表紙(墨書)による|版心の書名: 書札, 請渡, 酌, 通, 元, 躾, 公武, 嫁, 聞書, 秘, 三, 法|「當家弓法躾」のほか書名: 三議一統(巻末), 當家弓兵躾之抄(目首下), 當家弓法躾之抄(序首), 三議一統當家弓法集(序中)|原奥書に「此一冊先年關東在国之砌老父貞慶相傳之通以正夲書写畢 ... 慶申八月二日 小笠原兵部太輔秀政」(「書札之次第」上), 「小笠原大膳大夫長時/同右近大夫貞慶/右此一冊雖為秘事任御執心懇記置之候努々諫早不可有他見者也 元和九年三月吉日 小池甚之丞貞成」(「書札之次第」中)とあり|四周単辺無界11行, 内匡廓: 20.4×15.4cm, 白口無魚尾|「書札之次第」上の巻末に「右之条々雖爲秘事以家本改之令朱筆加傳畢他見他言有間敷者也 水嶋卜也之成/寳永三丙戌祀林鐘上浣改之 水嶋傳左衛門之董」との朱筆識語あり|「當家弓法躾」上巻末に「水嶌卜也」との墨書あり|朱点, 朱引, 朱筆書き入れあり|印記: 「清」, 「青洲文庫」(渡辺信)|虫損あり",http://tify.sub.uni-goettingen.de/demo.html?manifest=https://archdataset.dl.itc.u-tokyo.ac.jp/manifest/fc2d1bb0-8c23-7df8-7475-2ecd9f40318e.json,fc2d1bb0-8c23-7df8-7475-2ecd9f40318e,https://iiif.dl.itc.u-tokyo.ac.jp/repo/s/seishu/,https://iiif.dl.itc.u-tokyo.ac.jp/repo/s/seishu/document/fc2d1bb0-8c23-7df8-7475-2ecd9f40318e,https://www.lib.u-tokyo.ac.jp/ja/library/contents/archives-top/reuse,https://iiif.dl.itc.u-tokyo.ac.jp/repo/files/medium/ce43e066323e130ef33b10c5aa4bb5af52995a6c.jpg,https://iiif.dl.itc.u-tokyo.ac.jp/repo/api/items/1381179,"東京大学総合図書館 General Library, The University of Tokyo, JAPAN",http://iiif.io/api/presentation/2#rightToLeftDirection,,総合図書館所蔵青洲文庫,0259,,https://iiif.dl.itc.u-tokyo.ac.jp/repo/iiif/fc2d1bb0-8c23-7df8-7475-2ecd9f40318e/manifest,,,,,88
大諸禮集 17巻 [2],A00:5822,ダイショレイシュウ,小笠原 長時,10,[出版者不明],[江戸前期],和古書,日本語,"書名及び巻冊次は題簽(欠損)及び表紙(墨書)による|版心の書名: 書札, 請渡, 酌, 通, 元, 躾, 公武, 嫁, 聞書, 秘, 三, 法|「當家弓法躾」のほか書名: 三議一統(巻末), 當家弓兵躾之抄(目首下), 當家弓法躾之抄(序首), 三議一統當家弓法集(序中)|原奥書に「此一冊先年關東在国之砌老父貞慶相傳之通以正夲書写畢 ... 慶申八月二日 小笠原兵部太輔秀政」(「書札之次第」上), 「小笠原大膳大夫長時/同右近大夫貞慶/右此一冊雖為秘事任御執心懇記置之候努々諫早不可有他見者也 元和九年三月吉日 小池甚之丞貞成」(「書札之次第」中)とあり|四周単辺無界11行, 内匡廓: 20.4×15.4cm, 白口無魚尾|「書札之次第」上の巻末に「右之条々雖爲秘事以家本改之令朱筆加傳畢他見他言有間敷者也 水嶋卜也之成/寳永三丙戌祀林鐘上浣改之 水嶋傳左衛門之董」との朱筆識語あり|「當家弓法躾」上巻末に「水嶌卜也」との墨書あり|朱点, 朱引, 朱筆書き入れあり|印記: 「清」, 「青洲文庫」(渡辺信)|虫損あり",http://tify.sub.uni-goettingen.de/demo.html?manifest=https://archdataset.dl.itc.u-tokyo.ac.jp/manifest/2cb646b4-3542-3360-55d0-68a57c6ba0dc.json,2cb646b4-3542-3360-55d0-68a57c6ba0dc,https://iiif.dl.itc.u-tokyo.ac.jp/repo/s/seishu/,https://iiif.dl.itc.u-tokyo.ac.jp/repo/s/seishu/document/2cb646b4-3542-3360-55d0-68a57c6ba0dc,https://www.lib.u-tokyo.ac.jp/ja/library/contents/archives-top/reuse,https://iiif.dl.itc.u-tokyo.ac.jp/repo/files/medium/81bb6dfbb886264e04962c14576534f78ac19012.jpg,https://iiif.dl.itc.u-tokyo.ac.jp/repo/api/items/1381178,"東京大学総合図書館 General Library, The University of Tokyo, JAPAN",http://iiif.io/api/presentation/2#rightToLeftDirection,,総合図書館所蔵青洲文庫,0260,,https://iiif.dl.itc.u-tokyo.ac.jp/repo/iiif/2cb646b4-3542-3360-55d0-68a57c6ba0dc/manifest,,,,,58
大諸禮集 17巻 [3],A00:5822,ダイショレイシュウ,小笠原 長時,10,[出版者不明],[江戸前期],和古書,日本語,"書名及び巻冊次は題簽(欠損)及び表紙(墨書)による|版心の書名: 書札, 請渡, 酌, 通, 元, 躾, 公武, 嫁, 聞書, 秘, 三, 法|「當家弓法躾」のほか書名: 三議一統(巻末), 當家弓兵躾之抄(目首下), 當家弓法躾之抄(序首), 三議一統當家弓法集(序中)|原奥書に「此一冊先年關東在国之砌老父貞慶相傳之通以正夲書写畢 ... 慶申八月二日 小笠原兵部太輔秀政」(「書札之次第」上), 「小笠原大膳大夫長時/同右近大夫貞慶/右此一冊雖為秘事任御執心懇記置之候努々諫早不可有他見者也 元和九年三月吉日 小池甚之丞貞成」(「書札之次第」中)とあり|四周単辺無界11行, 内匡廓: 20.4×15.4cm, 白口無魚尾|「書札之次第」上の巻末に「右之条々雖爲秘事以家本改之令朱筆加傳畢他見他言有間敷者也 水嶋卜也之成/寳永三丙戌祀林鐘上浣改之 水嶋傳左衛門之董」との朱筆識語あり|「當家弓法躾」上巻末に「水嶌卜也」との墨書あり|朱点, 朱引, 朱筆書き入れあり|印記: 「清」, 「青洲文庫」(渡辺信)|虫損あり",http://tify.sub.uni-goettingen.de/demo.html?manifest=https://archdataset.dl.itc.u-tokyo.ac.jp/manifest/392c9d4a-6a67-8ea8-5f1a-7205926f075c.json,392c9d4a-6a67-8ea8-5f1a-7205926f075c,https://iiif.dl.itc.u-tokyo.ac.jp/repo/s/seishu/,https://iiif.dl.itc.u-tokyo.ac.jp/repo/s/seishu/document/392c9d4a-6a67-8ea8-5f1a-7205926f075c,https://www.lib.u-tokyo.ac.jp/ja/library/contents/archives-top/reuse,https://iiif.dl.itc.u-tokyo.ac.jp/repo/files/medium/02c7dbc4c3cbfbe994d2b01eba6600684dcd4f34.jpg,https://iiif.dl.itc.u-tokyo.ac.jp/repo/api/items/1381177,"東京大学総合図書館 General Library, The University of Tokyo, JAPAN",http://iiif.io/api/presentation/2#rightToLeftDirection,,総合図書館所蔵青洲文庫,0261,,https://iiif.dl.itc.u-tokyo.ac.jp/repo/iiif/392c9d4a-6a67-8ea8-5f1a-7205926f075c/manifest,,,,,37
大諸禮集 17巻 [4],A00:5822,ダイショレイシュウ,小笠原 長時,10,[出版者不明],[江戸前期],和古書,日本語,"書名及び巻冊次は題簽(欠損)及び表紙(墨書)による|版心の書名: 書札, 請渡, 酌, 通, 元, 躾, 公武, 嫁, 聞書, 秘, 三, 法|「當家弓法躾」のほか書名: 三議一統(巻末), 當家弓兵躾之抄(目首下), 當家弓法躾之抄(序首), 三議一統當家弓法集(序中)|原奥書に「此一冊先年關東在国之砌老父貞慶相傳之通以正夲書写畢 ... 慶申八月二日 小笠原兵部太輔秀政」(「書札之次第」上), 「小笠原大膳大夫長時/同右近大夫貞慶/右此一冊雖為秘事任御執心懇記置之候努々諫早不可有他見者也 元和九年三月吉日 小池甚之丞貞成」(「書札之次第」中)とあり|四周単辺無界11行, 内匡廓: 20.4×15.4cm, 白口無魚尾|「書札之次第」上の巻末に「右之条々雖爲秘事以家本改之令朱筆加傳畢他見他言有間敷者也 水嶋卜也之成/寳永三丙戌祀林鐘上浣改之 水嶋傳左衛門之董」との朱筆識語あり|「當家弓法躾」上巻末に「水嶌卜也」との墨書あり|朱点, 朱引, 朱筆書き入れあり|印記: 「清」, 「青洲文庫」(渡辺信)|虫損あり",http://tify.sub.uni-goettingen.de/demo.html?manifest=https://archdataset.dl.itc.u-tokyo.ac.jp/manifest/e338658d-999d-495f-8328-081631d0333b.json,e338658d-999d-495f-8328-081631d0333b,https://iiif.dl.itc.u-tokyo.ac.jp/repo/s/seishu/,https://iiif.dl.itc.u-tokyo.ac.jp/repo/s/seishu/document/e338658d-999d-495f-8328-081631d0333b,https://www.lib.u-tokyo.ac.jp/ja/library/contents/archives-top/reuse,https://iiif.dl.itc.u-tokyo.ac.jp/repo/files/medium/9c87df6c1f15f221b46fdb0d2090b53a7c89f52e.jpg,https://iiif.dl.itc.u-tokyo.ac.jp/repo/api/items/1381176,"東京大学総合図書館 General Library, The University of Tokyo, JAPAN",http://iiif.io/api/presentation/2#rightToLeftDirection,,総合図書館所蔵青洲文庫,0262,,https://iiif.dl.itc.u-tokyo.ac.jp/repo/iiif/e338658d-999d-495f-8328-081631d0333b/manifest,,,,,44
大諸禮集 17巻 [5],A00:5822,ダイショレイシュウ,小笠原 長時,10,[出版者不明],[江戸前期],和古書,日本語,"書名及び巻冊次は題簽(欠損)及び表紙(墨書)による|版心の書名: 書札, 請渡, 酌, 通, 元, 躾, 公武, 嫁, 聞書, 秘, 三, 法|「當家弓法躾」のほか書名: 三議一統(巻末), 當家弓兵躾之抄(目首下), 當家弓法躾之抄(序首), 三議一統當家弓法集(序中)|原奥書に「此一冊先年關東在国之砌老父貞慶相傳之通以正夲書写畢 ... 慶申八月二日 小笠原兵部太輔秀政」(「書札之次第」上), 「小笠原大膳大夫長時/同右近大夫貞慶/右此一冊雖為秘事任御執心懇記置之候努々諫早不可有他見者也 元和九年三月吉日 小池甚之丞貞成」(「書札之次第」中)とあり|四周単辺無界11行, 内匡廓: 20.4×15.4cm, 白口無魚尾|「書札之次第」上の巻末に「右之条々雖爲秘事以家本改之令朱筆加傳畢他見他言有間敷者也 水嶋卜也之成/寳永三丙戌祀林鐘上浣改之 水嶋傳左衛門之董」との朱筆識語あり|「當家弓法躾」上巻末に「水嶌卜也」との墨書あり|朱点, 朱引, 朱筆書き入れあり|印記: 「清」, 「青洲文庫」(渡辺信)|虫損あり",http://tify.sub.uni-goettingen.de/demo.html?manifest=https://archdataset.dl.itc.u-tokyo.ac.jp/manifest/4f67d869-4367-7a11-7a18-ca5c4e82985e.json,4f67d869-4367-7a11-7a18-ca5c4e82985e,https://iiif.dl.itc.u-tokyo.ac.jp/repo/s/seishu/,https://iiif.dl.itc.u-tokyo.ac.jp/repo/s/seishu/document/4f67d869-4367-7a11-7a18-ca5c4e82985e,https://www.lib.u-tokyo.ac.jp/ja/library/contents/archives-top/reuse,https://iiif.dl.itc.u-tokyo.ac.jp/repo/files/medium/0bc61b2a13ea2b7b7cac33663cb0487311aa80ba.jpg,https://iiif.dl.itc.u-tokyo.ac.jp/repo/api/items/1381175,"東京大学総合図書館 General Library, The University of Tokyo, JAPAN",http://iiif.io/api/presentation/2#rightToLeftDirection,,総合図書館所蔵青洲文庫,0263,,https://iiif.dl.itc.u-tokyo.ac.jp/repo/iiif/4f67d869-4367-7a11-7a18-ca5c4e82985e/manifest,,,,,48
大諸禮集 17巻 [6],A00:5822,ダイショレイシュウ,小笠原 長時,10,[出版者不明],[江戸前期],和古書,日本語,"書名及び巻冊次は題簽(欠損)及び表紙(墨書)による|版心の書名: 書札, 請渡, 酌, 通, 元, 躾, 公武, 嫁, 聞書, 秘, 三, 法|「當家弓法躾」のほか書名: 三議一統(巻末), 當家弓兵躾之抄(目首下), 當家弓法躾之抄(序首), 三議一統當家弓法集(序中)|原奥書に「此一冊先年關東在国之砌老父貞慶相傳之通以正夲書写畢 ... 慶申八月二日 小笠原兵部太輔秀政」(「書札之次第」上), 「小笠原大膳大夫長時/同右近大夫貞慶/右此一冊雖為秘事任御執心懇記置之候努々諫早不可有他見者也 元和九年三月吉日 小池甚之丞貞成」(「書札之次第」中)とあり|四周単辺無界11行, 内匡廓: 20.4×15.4cm, 白口無魚尾|「書札之次第」上の巻末に「右之条々雖爲秘事以家本改之令朱筆加傳畢他見他言有間敷者也 水嶋卜也之成/寳永三丙戌祀林鐘上浣改之 水嶋傳左衛門之董」との朱筆識語あり|「當家弓法躾」上巻末に「水嶌卜也」との墨書あり|朱点, 朱引, 朱筆書き入れあり|印記: 「清」, 「青洲文庫」(渡辺信)|虫損あり",http://tify.sub.uni-goettingen.de/demo.html?manifest=https://archdataset.dl.itc.u-tokyo.ac.jp/manifest/5781cd20-3c01-915c-72cd-72b7345726ec.json,5781cd20-3c01-915c-72cd-72b7345726ec,https://iiif.dl.itc.u-tokyo.ac.jp/repo/s/seishu/,https://iiif.dl.itc.u-tokyo.ac.jp/repo/s/seishu/document/5781cd20-3c01-915c-72cd-72b7345726ec,https://www.lib.u-tokyo.ac.jp/ja/library/contents/archives-top/reuse,https://iiif.dl.itc.u-tokyo.ac.jp/repo/files/medium/0051bffd5055d835308f346af86ef0d4c2102e2e.jpg,https://iiif.dl.itc.u-tokyo.ac.jp/repo/api/items/1381174,"東京大学総合図書館 General Library, The University of Tokyo, JAPAN",http://iiif.io/api/presentation/2#rightToLeftDirection,,総合図書館所蔵青洲文庫,0264,,https://iiif.dl.itc.u-tokyo.ac.jp/repo/iiif/5781cd20-3c01-915c-72cd-72b7345726ec/manifest,,,,,81
大諸禮集 17巻 [7],A00:5822,ダイショレイシュウ,小笠原 長時,10,[出版者不明],[江戸前期],和古書,日本語,"書名及び巻冊次は題簽(欠損)及び表紙(墨書)による|版心の書名: 書札, 請渡, 酌, 通, 元, 躾, 公武, 嫁, 聞書, 秘, 三, 法|「當家弓法躾」のほか書名: 三議一統(巻末), 當家弓兵躾之抄(目首下), 當家弓法躾之抄(序首), 三議一統當家弓法集(序中)|原奥書に「此一冊先年關東在国之砌老父貞慶相傳之通以正夲書写畢 ... 慶申八月二日 小笠原兵部太輔秀政」(「書札之次第」上), 「小笠原大膳大夫長時/同右近大夫貞慶/右此一冊雖為秘事任御執心懇記置之候努々諫早不可有他見者也 元和九年三月吉日 小池甚之丞貞成」(「書札之次第」中)とあり|四周単辺無界11行, 内匡廓: 20.4×15.4cm, 白口無魚尾|「書札之次第」上の巻末に「右之条々雖爲秘事以家本改之令朱筆加傳畢他見他言有間敷者也 水嶋卜也之成/寳永三丙戌祀林鐘上浣改之 水嶋傳左衛門之董」との朱筆識語あり|「當家弓法躾」上巻末に「水嶌卜也」との墨書あり|朱点, 朱引, 朱筆書き入れあり|印記: 「清」, 「青洲文庫」(渡辺信)|虫損あり",http://tify.sub.uni-goettingen.de/demo.html?manifest=https://archdataset.dl.itc.u-tokyo.ac.jp/manifest/d5c615dd-0247-a621-9b12-ae798c125ac2.json,d5c615dd-0247-a621-9b12-ae798c125ac2,https://iiif.dl.itc.u-tokyo.ac.jp/repo/s/seishu/,https://iiif.dl.itc.u-tokyo.ac.jp/repo/s/seishu/document/d5c615dd-0247-a621-9b12-ae798c125ac2,https://www.lib.u-tokyo.ac.jp/ja/library/contents/archives-top/reuse,https://iiif.dl.itc.u-tokyo.ac.jp/repo/files/medium/ad4bd6fa55960e40593c547bf620e18f80e1a4a5.jpg,https://iiif.dl.itc.u-tokyo.ac.jp/repo/api/items/1381173,"東京大学総合図書館 General Library, The University of Tokyo, JAPAN",http://iiif.io/api/presentation/2#rightToLeftDirection,,総合図書館所蔵青洲文庫,0265,,https://iiif.dl.itc.u-tokyo.ac.jp/repo/iiif/d5c615dd-0247-a621-9b12-ae798c125ac2/manifest,,,,,84
大諸禮集 17巻 [8],A00:5822,ダイショレイシュウ,小笠原 長時,10,[出版者不明],[江戸前期],和古書,日本語,"書名及び巻冊次は題簽(欠損)及び表紙(墨書)による|版心の書名: 書札, 請渡, 酌, 通, 元, 躾, 公武, 嫁, 聞書, 秘, 三, 法|「當家弓法躾」のほか書名: 三議一統(巻末), 當家弓兵躾之抄(目首下), 當家弓法躾之抄(序首), 三議一統當家弓法集(序中)|原奥書に「此一冊先年關東在国之砌老父貞慶相傳之通以正夲書写畢 ... 慶申八月二日 小笠原兵部太輔秀政」(「書札之次第」上), 「小笠原大膳大夫長時/同右近大夫貞慶/右此一冊雖為秘事任御執心懇記置之候努々諫早不可有他見者也 元和九年三月吉日 小池甚之丞貞成」(「書札之次第」中)とあり|四周単辺無界11行, 内匡廓: 20.4×15.4cm, 白口無魚尾|「書札之次第」上の巻末に「右之条々雖爲秘事以家本改之令朱筆加傳畢他見他言有間敷者也 水嶋卜也之成/寳永三丙戌祀林鐘上浣改之 水嶋傳左衛門之董」との朱筆識語あり|「當家弓法躾」上巻末に「水嶌卜也」との墨書あり|朱点, 朱引, 朱筆書き入れあり|印記: 「清」, 「青洲文庫」(渡辺信)|虫損あり",http://tify.sub.uni-goettingen.de/demo.html?manifest=https://archdataset.dl.itc.u-tokyo.ac.jp/manifest/59b536ff-9259-3bbe-6426-81c88c2a1898.json,59b536ff-9259-3bbe-6426-81c88c2a1898,https://iiif.dl.itc.u-tokyo.ac.jp/repo/s/seishu/,https://iiif.dl.itc.u-tokyo.ac.jp/repo/s/seishu/document/59b536ff-9259-3bbe-6426-81c88c2a1898,https://www.lib.u-tokyo.ac.jp/ja/library/contents/archives-top/reuse,https://iiif.dl.itc.u-tokyo.ac.jp/repo/files/medium/836036178a20a7d15f35ced63b4b9eea84a3eccd.jpg,https://iiif.dl.itc.u-tokyo.ac.jp/repo/api/items/1381172,"東京大学総合図書館 General Library, The University of Tokyo, JAPAN",http://iiif.io/api/presentation/2#rightToLeftDirection,,総合図書館所蔵青洲文庫,0266,,https://iiif.dl.itc.u-tokyo.ac.jp/repo/iiif/59b536ff-9259-3bbe-6426-81c88c2a1898/manifest,,,,,56
大諸禮集 17巻 [9],A00:5822,ダイショレイシュウ,小笠原 長時,10,[出版者不明],[江戸前期],和古書,日本語,"書名及び巻冊次は題簽(欠損)及び表紙(墨書)による|版心の書名: 書札, 請渡, 酌, 通, 元, 躾, 公武, 嫁, 聞書, 秘, 三, 法|「當家弓法躾」のほか書名: 三議一統(巻末), 當家弓兵躾之抄(目首下), 當家弓法躾之抄(序首), 三議一統當家弓法集(序中)|原奥書に「此一冊先年關東在国之砌老父貞慶相傳之通以正夲書写畢 ... 慶申八月二日 小笠原兵部太輔秀政」(「書札之次第」上), 「小笠原大膳大夫長時/同右近大夫貞慶/右此一冊雖為秘事任御執心懇記置之候努々諫早不可有他見者也 元和九年三月吉日 小池甚之丞貞成」(「書札之次第」中)とあり|四周単辺無界11行, 内匡廓: 20.4×15.4cm, 白口無魚尾|「書札之次第」上の巻末に「右之条々雖爲秘事以家本改之令朱筆加傳畢他見他言有間敷者也 水嶋卜也之成/寳永三丙戌祀林鐘上浣改之 水嶋傳左衛門之董」との朱筆識語あり|「當家弓法躾」上巻末に「水嶌卜也」との墨書あり|朱点, 朱引, 朱筆書き入れあり|印記: 「清」, 「青洲文庫」(渡辺信)|虫損あり",http://tify.sub.uni-goettingen.de/demo.html?manifest=https://archdataset.dl.itc.u-tokyo.ac.jp/manifest/a91a36df-9def-53cd-8b2e-6901905235f4.json,a91a36df-9def-53cd-8b2e-6901905235f4,https://iiif.dl.itc.u-tokyo.ac.jp/repo/s/seishu/,https://iiif.dl.itc.u-tokyo.ac.jp/repo/s/seishu/document/a91a36df-9def-53cd-8b2e-6901905235f4,https://www.lib.u-tokyo.ac.jp/ja/library/contents/archives-top/reuse,https://iiif.dl.itc.u-tokyo.ac.jp/repo/files/medium/9e73df46de39c24ca9b9d529197009a2cabd3282.jpg,https://iiif.dl.itc.u-tokyo.ac.jp/repo/api/items/1381171,"東京大学総合図書館 General Library, The University of Tokyo, JAPAN",http://iiif.io/api/presentation/2#rightToLeftDirection,,総合図書館所蔵青洲文庫,0267,,https://iiif.dl.itc.u-tokyo.ac.jp/repo/iiif/a91a36df-9def-53cd-8b2e-6901905235f4/manifest,,,,,47
大諸禮集 17巻 [10],A00:5822,ダイショレイシュウ,小笠原 長時,10,[出版者不明],[江戸前期],和古書,日本語,"書名及び巻冊次は題簽(欠損)及び表紙(墨書)による|版心の書名: 書札, 請渡, 酌, 通, 元, 躾, 公武, 嫁, 聞書, 秘, 三, 法|「當家弓法躾」のほか書名: 三議一統(巻末), 當家弓兵躾之抄(目首下), 當家弓法躾之抄(序首), 三議一統當家弓法集(序中)|原奥書に「此一冊先年關東在国之砌老父貞慶相傳之通以正夲書写畢 ... 慶申八月二日 小笠原兵部太輔秀政」(「書札之次第」上), 「小笠原大膳大夫長時/同右近大夫貞慶/右此一冊雖為秘事任御執心懇記置之候努々諫早不可有他見者也 元和九年三月吉日 小池甚之丞貞成」(「書札之次第」中)とあり|四周単辺無界11行, 内匡廓: 20.4×15.4cm, 白口無魚尾|「書札之次第」上の巻末に「右之条々雖爲秘事以家本改之令朱筆加傳畢他見他言有間敷者也 水嶋卜也之成/寳永三丙戌祀林鐘上浣改之 水嶋傳左衛門之董」との朱筆識語あり|「當家弓法躾」上巻末に「水嶌卜也」との墨書あり|朱点, 朱引, 朱筆書き入れあり|印記: 「清」, 「青洲文庫」(渡辺信)|虫損あり",http://tify.sub.uni-goettingen.de/demo.html?manifest=https://archdataset.dl.itc.u-tokyo.ac.jp/manifest/eae2b5c9-18b5-436c-78d2-996df2d8080f.json,eae2b5c9-18b5-436c-78d2-996df2d8080f,https://iiif.dl.itc.u-tokyo.ac.jp/repo/s/seishu/,https://iiif.dl.itc.u-tokyo.ac.jp/repo/s/seishu/document/eae2b5c9-18b5-436c-78d2-996df2d8080f,https://www.lib.u-tokyo.ac.jp/ja/library/contents/archives-top/reuse,https://iiif.dl.itc.u-tokyo.ac.jp/repo/files/medium/66c9435c27d03920899d25f2f716f9cd0cef8c9d.jpg,https://iiif.dl.itc.u-tokyo.ac.jp/repo/api/items/1381170,"東京大学総合図書館 General Library, The University of Tokyo, JAPAN",http://iiif.io/api/presentation/2#rightToLeftDirection,,総合図書館所蔵青洲文庫,0268,,https://iiif.dl.itc.u-tokyo.ac.jp/repo/iiif/eae2b5c9-18b5-436c-78d2-996df2d8080f/manifest,,,,,46
源氏物語 54巻 [1],A00:5823,ゲンジ モノガタリ,紫式部,54,[出版者不明],[寛永正保年間],和古書,日本語,書名は小口貼紙(墨書)による|内容著作名は題簽による|責任表示は『日本古典籍総合目録データベース』による|四周無辺無界11行|漢字平仮名交じり文|帙題簽に「古活字版」との墨書あり|印記: 「青洲文庫」|虫損あり,http://tify.sub.uni-goettingen.de/demo.html?manifest=https://archdataset.dl.itc.u-tokyo.ac.jp/manifest/5052f311-424c-3b98-6a04-6ba5e4966495.json,5052f311-424c-3b98-6a04-6ba5e4966495,https://iiif.dl.itc.u-tokyo.ac.jp/repo/s/seishu/,https://iiif.dl.itc.u-tokyo.ac.jp/repo/s/seishu/document/5052f311-424c-3b98-6a04-6ba5e4966495,https://www.lib.u-tokyo.ac.jp/ja/library/contents/archives-top/reuse,https://iiif.dl.itc.u-tokyo.ac.jp/repo/files/medium/a29cc9b0134b3258d2a64647f4b2127da2ec94ea.jpg,https://iiif.dl.itc.u-tokyo.ac.jp/repo/api/items/1381169,"東京大学総合図書館 General Library, The University of Tokyo, JAPAN",http://iiif.io/api/presentation/2#rightToLeftDirection,,総合図書館所蔵青洲文庫,0269,,https://iiif.dl.itc.u-tokyo.ac.jp/repo/iiif/5052f311-424c-3b98-6a04-6ba5e4966495/manifest,,,,,29
源氏物語 54巻 [2],A00:5823,ゲンジ モノガタリ,紫式部,54,[出版者不明],[寛永正保年間],和古書,日本語,書名は小口貼紙(墨書)による|内容著作名は題簽による|責任表示は『日本古典籍総合目録データベース』による|四周無辺無界11行|漢字平仮名交じり文|帙題簽に「古活字版」との墨書あり|印記: 「青洲文庫」|虫損あり,http://tify.sub.uni-goettingen.de/demo.html?manifest=https://archdataset.dl.itc.u-tokyo.ac.jp/manifest/5bbe8e18-4725-91d0-8f43-4c039b4692a6.json,5bbe8e18-4725-91d0-8f43-4c039b4692a6,https://iiif.dl.itc.u-tokyo.ac.jp/repo/s/seishu/,https://iiif.dl.itc.u-tokyo.ac.jp/repo/s/seishu/document/5bbe8e18-4725-91d0-8f43-4c039b4692a6,https://www.lib.u-tokyo.ac.jp/ja/library/contents/archives-top/reuse,https://iiif.dl.itc.u-tokyo.ac.jp/repo/files/medium/171722814ac0cdb91207d3d134649c6dcb240026.jpg,https://iiif.dl.itc.u-tokyo.ac.jp/repo/api/items/1381168,"東京大学総合図書館 General Library, The University of Tokyo, JAPAN",http://iiif.io/api/presentation/2#rightToLeftDirection,,総合図書館所蔵青洲文庫,0270,,https://iiif.dl.itc.u-tokyo.ac.jp/repo/iiif/5bbe8e18-4725-91d0-8f43-4c039b4692a6/manifest,,,,,49
源氏物語 54巻 [3],A00:5823,ゲンジ モノガタリ,紫式部,54,[出版者不明],[寛永正保年間],和古書,日本語,書名は小口貼紙(墨書)による|内容著作名は題簽による|責任表示は『日本古典籍総合目録データベース』による|四周無辺無界11行|漢字平仮名交じり文|帙題簽に「古活字版」との墨書あり|印記: 「青洲文庫」|虫損あり,http://tify.sub.uni-goettingen.de/demo.html?manifest=https://archdataset.dl.itc.u-tokyo.ac.jp/manifest/71c753f2-6956-30ed-4cef-eff113f61f2e.json,71c753f2-6956-30ed-4cef-eff113f61f2e,https://iiif.dl.itc.u-tokyo.ac.jp/repo/s/seishu/,https://iiif.dl.itc.u-tokyo.ac.jp/repo/s/seishu/document/71c753f2-6956-30ed-4cef-eff113f61f2e,https://www.lib.u-tokyo.ac.jp/ja/library/contents/archives-top/reuse,https://iiif.dl.itc.u-tokyo.ac.jp/repo/files/medium/014c2e2712cec7828407d1cca9f409085ec0e005.jpg,https://iiif.dl.itc.u-tokyo.ac.jp/repo/api/items/1381167,"東京大学総合図書館 General Library, The University of Tokyo, JAPAN",http://iiif.io/api/presentation/2#rightToLeftDirection,,総合図書館所蔵青洲文庫,0271,,https://iiif.dl.itc.u-tokyo.ac.jp/repo/iiif/71c753f2-6956-30ed-4cef-eff113f61f2e/manifest,,,,,14
源氏物語 54巻 [4],A00:5823,ゲンジ モノガタリ,紫式部,54,[出版者不明],[寛永正保年間],和古書,日本語,書名は小口貼紙(墨書)による|内容著作名は題簽による|責任表示は『日本古典籍総合目録データベース』による|四周無辺無界11行|漢字平仮名交じり文|帙題簽に「古活字版」との墨書あり|印記: 「青洲文庫」|虫損あり,http://tify.sub.uni-goettingen.de/demo.html?manifest=https://archdataset.dl.itc.u-tokyo.ac.jp/manifest/b79e9cfd-2edc-58c4-795d-a87b9b7261ae.json,b79e9cfd-2edc-58c4-795d-a87b9b7261ae,https://iiif.dl.itc.u-tokyo.ac.jp/repo/s/seishu/,https://iiif.dl.itc.u-tokyo.ac.jp/repo/s/seishu/document/b79e9cfd-2edc-58c4-795d-a87b9b7261ae,https://www.lib.u-tokyo.ac.jp/ja/library/contents/archives-top/reuse,https://iiif.dl.itc.u-tokyo.ac.jp/repo/files/medium/2ca781966d788b4577c5d45eacfdd35dcc468093.jpg,https://iiif.dl.itc.u-tokyo.ac.jp/repo/api/items/1381166,"東京大学総合図書館 General Library, The University of Tokyo, JAPAN",http://iiif.io/api/presentation/2#rightToLeftDirection,,総合図書館所蔵青洲文庫,0272,,https://iiif.dl.itc.u-tokyo.ac.jp/repo/iiif/b79e9cfd-2edc-58c4-795d-a87b9b7261ae/manifest,,,,,49
源氏物語 54巻 [5],A00:5823,ゲンジ モノガタリ,紫式部,54,[出版者不明],[寛永正保年間],和古書,日本語,書名は小口貼紙(墨書)による|内容著作名は題簽による|責任表示は『日本古典籍総合目録データベース』による|四周無辺無界11行|漢字平仮名交じり文|帙題簽に「古活字版」との墨書あり|印記: 「青洲文庫」|虫損あり,http://tify.sub.uni-goettingen.de/demo.html?manifest=https://archdataset.dl.itc.u-tokyo.ac.jp/manifest/b4dd0bbd-a25b-5bc0-63c3-eb102f308951.json,b4dd0bbd-a25b-5bc0-63c3-eb102f308951,https://iiif.dl.itc.u-tokyo.ac.jp/repo/s/seishu/,https://iiif.dl.itc.u-tokyo.ac.jp/repo/s/seishu/document/b4dd0bbd-a25b-5bc0-63c3-eb102f308951,https://www.lib.u-tokyo.ac.jp/ja/library/contents/archives-top/reuse,https://iiif.dl.itc.u-tokyo.ac.jp/repo/files/medium/55feb7c6fb938e069caf98bd73f21910b1297589.jpg,https://iiif.dl.itc.u-tokyo.ac.jp/repo/api/items/1381165,"東京大学総合図書館 General Library, The University of Tokyo, JAPAN",http://iiif.io/api/presentation/2#rightToLeftDirection,,総合図書館所蔵青洲文庫,0273,,https://iiif.dl.itc.u-tokyo.ac.jp/repo/iiif/b4dd0bbd-a25b-5bc0-63c3-eb102f308951/manifest,,,,,49
源氏物語 54巻 [6],A00:5823,ゲンジ モノガタリ,紫式部,54,[出版者不明],[寛永正保年間],和古書,日本語,書名は小口貼紙(墨書)による|内容著作名は題簽による|責任表示は『日本古典籍総合目録データベース』による|四周無辺無界11行|漢字平仮名交じり文|帙題簽に「古活字版」との墨書あり|印記: 「青洲文庫」|虫損あり,http://tify.sub.uni-goettingen.de/demo.html?manifest=https://archdataset.dl.itc.u-tokyo.ac.jp/manifest/75e60d55-8b84-90f1-2b91-682f094e62b8.json,75e60d55-8b84-90f1-2b91-682f094e62b8,https://iiif.dl.itc.u-tokyo.ac.jp/repo/s/seishu/,https://iiif.dl.itc.u-tokyo.ac.jp/repo/s/seishu/document/75e60d55-8b84-90f1-2b91-682f094e62b8,https://www.lib.u-tokyo.ac.jp/ja/library/contents/archives-top/reuse,https://iiif.dl.itc.u-tokyo.ac.jp/repo/files/medium/a7c250c0c175fa849c335a69991d3e08aac7894d.jpg,https://iiif.dl.itc.u-tokyo.ac.jp/repo/api/items/1381164,"東京大学総合図書館 General Library, The University of Tokyo, JAPAN",http://iiif.io/api/presentation/2#rightToLeftDirection,,総合図書館所蔵青洲文庫,0274,,https://iiif.dl.itc.u-tokyo.ac.jp/repo/iiif/75e60d55-8b84-90f1-2b91-682f094e62b8/manifest,,,,,34
源氏物語 54巻 [7],A00:5823,ゲンジ モノガタリ,紫式部,54,[出版者不明],[寛永正保年間],和古書,日本語,書名は小口貼紙(墨書)による|内容著作名は題簽による|責任表示は『日本古典籍総合目録データベース』による|四周無辺無界11行|漢字平仮名交じり文|帙題簽に「古活字版」との墨書あり|印記: 「青洲文庫」|虫損あり,http://tify.sub.uni-goettingen.de/demo.html?manifest=https://archdataset.dl.itc.u-tokyo.ac.jp/manifest/195ed908-6b3f-1945-2fa4-9d66fbcc0c55.json,195ed908-6b3f-1945-2fa4-9d66fbcc0c55,https://iiif.dl.itc.u-tokyo.ac.jp/repo/s/seishu/,https://iiif.dl.itc.u-tokyo.ac.jp/repo/s/seishu/document/195ed908-6b3f-1945-2fa4-9d66fbcc0c55,https://www.lib.u-tokyo.ac.jp/ja/library/contents/archives-top/reuse,https://iiif.dl.itc.u-tokyo.ac.jp/repo/files/medium/e7bc55f2c4cea86d541faede494591fb14470b25.jpg,https://iiif.dl.itc.u-tokyo.ac.jp/repo/api/items/1381163,"東京大学総合図書館 General Library, The University of Tokyo, JAPAN",http://iiif.io/api/presentation/2#rightToLeftDirection,,総合図書館所蔵青洲文庫,0275,,https://iiif.dl.itc.u-tokyo.ac.jp/repo/iiif/195ed908-6b3f-1945-2fa4-9d66fbcc0c55/manifest,,,,,30
源氏物語 54巻 [8],A00:5823,ゲンジ モノガタリ,紫式部,54,[出版者不明],[寛永正保年間],和古書,日本語,書名は小口貼紙(墨書)による|内容著作名は題簽による|責任表示は『日本古典籍総合目録データベース』による|四周無辺無界11行|漢字平仮名交じり文|帙題簽に「古活字版」との墨書あり|印記: 「青洲文庫」|虫損あり,http://tify.sub.uni-goettingen.de/demo.html?manifest=https://archdataset.dl.itc.u-tokyo.ac.jp/manifest/91f80cb3-22df-98d7-99db-a2d97c3d8557.json,91f80cb3-22df-98d7-99db-a2d97c3d8557,https://iiif.dl.itc.u-tokyo.ac.jp/repo/s/seishu/,https://iiif.dl.itc.u-tokyo.ac.jp/repo/s/seishu/document/91f80cb3-22df-98d7-99db-a2d97c3d8557,https://www.lib.u-tokyo.ac.jp/ja/library/contents/archives-top/reuse,https://iiif.dl.itc.u-tokyo.ac.jp/repo/files/medium/a8cf0f797baea0309ae11ee4a1bf1cd73de1707a.jpg,https://iiif.dl.itc.u-tokyo.ac.jp/repo/api/items/1381162,"東京大学総合図書館 General Library, The University of Tokyo, JAPAN",http://iiif.io/api/presentation/2#rightToLeftDirection,,総合図書館所蔵青洲文庫,0276,,https://iiif.dl.itc.u-tokyo.ac.jp/repo/iiif/91f80cb3-22df-98d7-99db-a2d97c3d8557/manifest,,,,,13
源氏物語 54巻 [9],A00:5823,ゲンジ モノガタリ,紫式部,54,[出版者不明],[寛永正保年間],和古書,日本語,書名は小口貼紙(墨書)による|内容著作名は題簽による|責任表示は『日本古典籍総合目録データベース』による|四周無辺無界11行|漢字平仮名交じり文|帙題簽に「古活字版」との墨書あり|印記: 「青洲文庫」|虫損あり,http://tify.sub.uni-goettingen.de/demo.html?manifest=https://archdataset.dl.itc.u-tokyo.ac.jp/manifest/65081e86-2da4-2eeb-19d6-d93ecc089cae.json,65081e86-2da4-2eeb-19d6-d93ecc089cae,https://iiif.dl.itc.u-tokyo.ac.jp/repo/s/seishu/,https://iiif.dl.itc.u-tokyo.ac.jp/repo/s/seishu/document/65081e86-2da4-2eeb-19d6-d93ecc089cae,https://www.lib.u-tokyo.ac.jp/ja/library/contents/archives-top/reuse,https://iiif.dl.itc.u-tokyo.ac.jp/repo/files/medium/e7a09c15b61e794b7936a57eb78592243245f3ce.jpg,https://iiif.dl.itc.u-tokyo.ac.jp/repo/api/items/1381161,"東京大学総合図書館 General Library, The University of Tokyo, JAPAN",http://iiif.io/api/presentation/2#rightToLeftDirection,,総合図書館所蔵青洲文庫,0277,,https://iiif.dl.itc.u-tokyo.ac.jp/repo/iiif/65081e86-2da4-2eeb-19d6-d93ecc089cae/manifest,,,,,48
源氏物語 54巻 [10],A00:5823,ゲンジ モノガタリ,紫式部,54,[出版者不明],[寛永正保年間],和古書,日本語,書名は小口貼紙(墨書)による|内容著作名は題簽による|責任表示は『日本古典籍総合目録データベース』による|四周無辺無界11行|漢字平仮名交じり文|帙題簽に「古活字版」との墨書あり|印記: 「青洲文庫」|虫損あり,http://tify.sub.uni-goettingen.de/demo.html?manifest=https://archdataset.dl.itc.u-tokyo.ac.jp/manifest/f768ae21-0fa8-5ba6-792b-3fbeffa1a687.json,f768ae21-0fa8-5ba6-792b-3fbeffa1a687,https://iiif.dl.itc.u-tokyo.ac.jp/repo/s/seishu/,https://iiif.dl.itc.u-tokyo.ac.jp/repo/s/seishu/document/f768ae21-0fa8-5ba6-792b-3fbeffa1a687,https://www.lib.u-tokyo.ac.jp/ja/library/contents/archives-top/reuse,https://iiif.dl.itc.u-tokyo.ac.jp/repo/files/medium/9551b9e820e674c29ff5e7abd0881fbfad877efd.jpg,https://iiif.dl.itc.u-tokyo.ac.jp/repo/api/items/1381160,"東京大学総合図書館 General Library, The University of Tokyo, JAPAN",http://iiif.io/api/presentation/2#rightToLeftDirection,,総合図書館所蔵青洲文庫,0278,,https://iiif.dl.itc.u-tokyo.ac.jp/repo/iiif/f768ae21-0fa8-5ba6-792b-3fbeffa1a687/manifest,,,,,51
源氏物語 54巻 [11],A00:5823,ゲンジ モノガタリ,紫式部,54,[出版者不明],[寛永正保年間],和古書,日本語,書名は小口貼紙(墨書)による|内容著作名は題簽による|責任表示は『日本古典籍総合目録データベース』による|四周無辺無界11行|漢字平仮名交じり文|帙題簽に「古活字版」との墨書あり|印記: 「青洲文庫」|虫損あり,http://tify.sub.uni-goettingen.de/demo.html?manifest=https://archdataset.dl.itc.u-tokyo.ac.jp/manifest/6317dbd5-2d09-4c04-6fd8-a0dbaa8400a8.json,6317dbd5-2d09-4c04-6fd8-a0dbaa8400a8,https://iiif.dl.itc.u-tokyo.ac.jp/repo/s/seishu/,https://iiif.dl.itc.u-tokyo.ac.jp/repo/s/seishu/document/6317dbd5-2d09-4c04-6fd8-a0dbaa8400a8,https://www.lib.u-tokyo.ac.jp/ja/library/contents/archives-top/reuse,https://iiif.dl.itc.u-tokyo.ac.jp/repo/files/medium/6be399a205edbe9bd6e91ee93377e708466576f1.jpg,https://iiif.dl.itc.u-tokyo.ac.jp/repo/api/items/1381159,"東京大学総合図書館 General Library, The University of Tokyo, JAPAN",http://iiif.io/api/presentation/2#rightToLeftDirection,,総合図書館所蔵青洲文庫,0279,,https://iiif.dl.itc.u-tokyo.ac.jp/repo/iiif/6317dbd5-2d09-4c04-6fd8-a0dbaa8400a8/manifest,,,,,7
源氏物語 54巻 [12],A00:5823,ゲンジ モノガタリ,紫式部,54,[出版者不明],[寛永正保年間],和古書,日本語,書名は小口貼紙(墨書)による|内容著作名は題簽による|責任表示は『日本古典籍総合目録データベース』による|四周無辺無界11行|漢字平仮名交じり文|帙題簽に「古活字版」との墨書あり|印記: 「青洲文庫」|虫損あり,http://tify.sub.uni-goettingen.de/demo.html?manifest=https://archdataset.dl.itc.u-tokyo.ac.jp/manifest/d9485049-097c-3a14-83a5-bbdb09e72f2a.json,d9485049-097c-3a14-83a5-bbdb09e72f2a,https://iiif.dl.itc.u-tokyo.ac.jp/repo/s/seishu/,https://iiif.dl.itc.u-tokyo.ac.jp/repo/s/seishu/document/d9485049-097c-3a14-83a5-bbdb09e72f2a,https://www.lib.u-tokyo.ac.jp/ja/library/contents/archives-top/reuse,https://iiif.dl.itc.u-tokyo.ac.jp/repo/files/medium/f06a5af52d0db3b755354035fb1ee94c760fe1df.jpg,https://iiif.dl.itc.u-tokyo.ac.jp/repo/api/items/1381158,"東京大学総合図書館 General Library, The University of Tokyo, JAPAN",http://iiif.io/api/presentation/2#rightToLeftDirection,,総合図書館所蔵青洲文庫,0280,,https://iiif.dl.itc.u-tokyo.ac.jp/repo/iiif/d9485049-097c-3a14-83a5-bbdb09e72f2a/manifest,,,,,45
源氏物語 54巻 [13],A00:5823,ゲンジ モノガタリ,紫式部,54,[出版者不明],[寛永正保年間],和古書,日本語,書名は小口貼紙(墨書)による|内容著作名は題簽による|責任表示は『日本古典籍総合目録データベース』による|四周無辺無界11行|漢字平仮名交じり文|帙題簽に「古活字版」との墨書あり|印記: 「青洲文庫」|虫損あり,http://tify.sub.uni-goettingen.de/demo.html?manifest=https://archdataset.dl.itc.u-tokyo.ac.jp/manifest/50a6db94-5961-364b-87e4-f38467424d2c.json,50a6db94-5961-364b-87e4-f38467424d2c,https://iiif.dl.itc.u-tokyo.ac.jp/repo/s/seishu/,https://iiif.dl.itc.u-tokyo.ac.jp/repo/s/seishu/document/50a6db94-5961-364b-87e4-f38467424d2c,https://www.lib.u-tokyo.ac.jp/ja/library/contents/archives-top/reuse,https://iiif.dl.itc.u-tokyo.ac.jp/repo/files/medium/a2bb2149396b793022fa014446a09f7833851f49.jpg,https://iiif.dl.itc.u-tokyo.ac.jp/repo/api/items/1381157,"東京大学総合図書館 General Library, The University of Tokyo, JAPAN",http://iiif.io/api/presentation/2#rightToLeftDirection,,総合図書館所蔵青洲文庫,0281,,https://iiif.dl.itc.u-tokyo.ac.jp/repo/iiif/50a6db94-5961-364b-87e4-f38467424d2c/manifest,,,,,42
源氏物語 54巻 [14],A00:5823,ゲンジ モノガタリ,紫式部,54,[出版者不明],[寛永正保年間],和古書,日本語,書名は小口貼紙(墨書)による|内容著作名は題簽による|責任表示は『日本古典籍総合目録データベース』による|四周無辺無界11行|漢字平仮名交じり文|帙題簽に「古活字版」との墨書あり|印記: 「青洲文庫」|虫損あり,http://tify.sub.uni-goettingen.de/demo.html?manifest=https://archdataset.dl.itc.u-tokyo.ac.jp/manifest/691dd113-6aa4-2570-1b92-905e1db25e78.json,691dd113-6aa4-2570-1b92-905e1db25e78,https://iiif.dl.itc.u-tokyo.ac.jp/repo/s/seishu/,https://iiif.dl.itc.u-tokyo.ac.jp/repo/s/seishu/document/691dd113-6aa4-2570-1b92-905e1db25e78,https://www.lib.u-tokyo.ac.jp/ja/library/contents/archives-top/reuse,https://iiif.dl.itc.u-tokyo.ac.jp/repo/files/medium/275436e9a9ba2edd517274a322358bec0351c900.jpg,https://iiif.dl.itc.u-tokyo.ac.jp/repo/api/items/1381156,"東京大学総合図書館 General Library, The University of Tokyo, JAPAN",http://iiif.io/api/presentation/2#rightToLeftDirection,,総合図書館所蔵青洲文庫,0282,,https://iiif.dl.itc.u-tokyo.ac.jp/repo/iiif/691dd113-6aa4-2570-1b92-905e1db25e78/manifest,,,,,35
源氏物語 54巻 [15],A00:5823,ゲンジ モノガタリ,紫式部,54,[出版者不明],[寛永正保年間],和古書,日本語,書名は小口貼紙(墨書)による|内容著作名は題簽による|責任表示は『日本古典籍総合目録データベース』による|四周無辺無界11行|漢字平仮名交じり文|帙題簽に「古活字版」との墨書あり|印記: 「青洲文庫」|虫損あり,http://tify.sub.uni-goettingen.de/demo.html?manifest=https://archdataset.dl.itc.u-tokyo.ac.jp/manifest/e6371165-187e-01e8-13bc-649603b443b6.json,e6371165-187e-01e8-13bc-649603b443b6,https://iiif.dl.itc.u-tokyo.ac.jp/repo/s/seishu/,https://iiif.dl.itc.u-tokyo.ac.jp/repo/s/seishu/document/e6371165-187e-01e8-13bc-649603b443b6,https://www.lib.u-tokyo.ac.jp/ja/library/contents/archives-top/reuse,https://iiif.dl.itc.u-tokyo.ac.jp/repo/files/medium/ad8f01fe23411eb2b3923e7c4b52b2ea8f666c0f.jpg,https://iiif.dl.itc.u-tokyo.ac.jp/repo/api/items/1381155,"東京大学総合図書館 General Library, The University of Tokyo, JAPAN",http://iiif.io/api/presentation/2#rightToLeftDirection,,総合図書館所蔵青洲文庫,0283,,https://iiif.dl.itc.u-tokyo.ac.jp/repo/iiif/e6371165-187e-01e8-13bc-649603b443b6/manifest,,,,,25
源氏物語 54巻 [16],A00:5823,ゲンジ モノガタリ,紫式部,54,[出版者不明],[寛永正保年間],和古書,日本語,書名は小口貼紙(墨書)による|内容著作名は題簽による|責任表示は『日本古典籍総合目録データベース』による|四周無辺無界11行|漢字平仮名交じり文|帙題簽に「古活字版」との墨書あり|印記: 「青洲文庫」|虫損あり,http://tify.sub.uni-goettingen.de/demo.html?manifest=https://archdataset.dl.itc.u-tokyo.ac.jp/manifest/55c0555e-30c4-4984-913d-15c933c26d3c.json,55c0555e-30c4-4984-913d-15c933c26d3c,https://iiif.dl.itc.u-tokyo.ac.jp/repo/s/seishu/,https://iiif.dl.itc.u-tokyo.ac.jp/repo/s/seishu/document/55c0555e-30c4-4984-913d-15c933c26d3c,https://www.lib.u-tokyo.ac.jp/ja/library/contents/archives-top/reuse,https://iiif.dl.itc.u-tokyo.ac.jp/repo/files/medium/e23601fc45d565682e51e11877c9cb85507ed92d.jpg,https://iiif.dl.itc.u-tokyo.ac.jp/repo/api/items/1381154,"東京大学総合図書館 General Library, The University of Tokyo, JAPAN",http://iiif.io/api/presentation/2#rightToLeftDirection,,総合図書館所蔵青洲文庫,0284,,https://iiif.dl.itc.u-tokyo.ac.jp/repo/iiif/55c0555e-30c4-4984-913d-15c933c26d3c/manifest,,,,,8
源氏物語 54巻 [17],A00:5823,ゲンジ モノガタリ,紫式部,54,[出版者不明],[寛永正保年間],和古書,日本語,書名は小口貼紙(墨書)による|内容著作名は題簽による|責任表示は『日本古典籍総合目録データベース』による|四周無辺無界11行|漢字平仮名交じり文|帙題簽に「古活字版」との墨書あり|印記: 「青洲文庫」|虫損あり,http://tify.sub.uni-goettingen.de/demo.html?manifest=https://archdataset.dl.itc.u-tokyo.ac.jp/manifest/6b158f04-6862-79a7-80db-cfb52bc914de.json,6b158f04-6862-79a7-80db-cfb52bc914de,https://iiif.dl.itc.u-tokyo.ac.jp/repo/s/seishu/,https://iiif.dl.itc.u-tokyo.ac.jp/repo/s/seishu/document/6b158f04-6862-79a7-80db-cfb52bc914de,https://www.lib.u-tokyo.ac.jp/ja/library/contents/archives-top/reuse,https://iiif.dl.itc.u-tokyo.ac.jp/repo/files/medium/8286bb06342416c026ace60904191c8051a423e1.jpg,https://iiif.dl.itc.u-tokyo.ac.jp/repo/api/items/1381153,"東京大学総合図書館 General Library, The University of Tokyo, JAPAN",http://iiif.io/api/presentation/2#rightToLeftDirection,,総合図書館所蔵青洲文庫,0285,,https://iiif.dl.itc.u-tokyo.ac.jp/repo/iiif/6b158f04-6862-79a7-80db-cfb52bc914de/manifest,,,,,21
源氏物語 54巻 [18],A00:5823,ゲンジ モノガタリ,紫式部,54,[出版者不明],[寛永正保年間],和古書,日本語,書名は小口貼紙(墨書)による|内容著作名は題簽による|責任表示は『日本古典籍総合目録データベース』による|四周無辺無界11行|漢字平仮名交じり文|帙題簽に「古活字版」との墨書あり|印記: 「青洲文庫」|虫損あり,http://tify.sub.uni-goettingen.de/demo.html?manifest=https://archdataset.dl.itc.u-tokyo.ac.jp/manifest/668bc876-1fd3-35c1-2f22-ab97700b9109.json,668bc876-1fd3-35c1-2f22-ab97700b9109,https://iiif.dl.itc.u-tokyo.ac.jp/repo/s/seishu/,https://iiif.dl.itc.u-tokyo.ac.jp/repo/s/seishu/document/668bc876-1fd3-35c1-2f22-ab97700b9109,https://www.lib.u-tokyo.ac.jp/ja/library/contents/archives-top/reuse,https://iiif.dl.itc.u-tokyo.ac.jp/repo/files/medium/857f1d01967d28e49a5c6ba7aaa9f472f0a93e40.jpg,https://iiif.dl.itc.u-tokyo.ac.jp/repo/api/items/1381152,"東京大学総合図書館 General Library, The University of Tokyo, JAPAN",http://iiif.io/api/presentation/2#rightToLeftDirection,,総合図書館所蔵青洲文庫,0286,,https://iiif.dl.itc.u-tokyo.ac.jp/repo/iiif/668bc876-1fd3-35c1-2f22-ab97700b9109/manifest,,,,,23
源氏物語 54巻 [19],A00:5823,ゲンジ モノガタリ,紫式部,54,[出版者不明],[寛永正保年間],和古書,日本語,書名は小口貼紙(墨書)による|内容著作名は題簽による|責任表示は『日本古典籍総合目録データベース』による|四周無辺無界11行|漢字平仮名交じり文|帙題簽に「古活字版」との墨書あり|印記: 「青洲文庫」|虫損あり,http://tify.sub.uni-goettingen.de/demo.html?manifest=https://archdataset.dl.itc.u-tokyo.ac.jp/manifest/d49ff284-76a4-36f4-49b7-ade799a27c98.json,d49ff284-76a4-36f4-49b7-ade799a27c98,https://iiif.dl.itc.u-tokyo.ac.jp/repo/s/seishu/,https://iiif.dl.itc.u-tokyo.ac.jp/repo/s/seishu/document/d49ff284-76a4-36f4-49b7-ade799a27c98,https://www.lib.u-tokyo.ac.jp/ja/library/contents/archives-top/reuse,https://iiif.dl.itc.u-tokyo.ac.jp/repo/files/medium/1a26ed22ee20d5ce5dc13bc0b149f845002b4c9f.jpg,https://iiif.dl.itc.u-tokyo.ac.jp/repo/api/items/1381151,"東京大学総合図書館 General Library, The University of Tokyo, JAPAN",http://iiif.io/api/presentation/2#rightToLeftDirection,,総合図書館所蔵青洲文庫,0287,,https://iiif.dl.itc.u-tokyo.ac.jp/repo/iiif/d49ff284-76a4-36f4-49b7-ade799a27c98/manifest,,,,,33
源氏物語 54巻 [20],A00:5823,ゲンジ モノガタリ,紫式部,54,[出版者不明],[寛永正保年間],和古書,日本語,書名は小口貼紙(墨書)による|内容著作名は題簽による|責任表示は『日本古典籍総合目録データベース』による|四周無辺無界11行|漢字平仮名交じり文|帙題簽に「古活字版」との墨書あり|印記: 「青洲文庫」|虫損あり,http://tify.sub.uni-goettingen.de/demo.html?manifest=https://archdataset.dl.itc.u-tokyo.ac.jp/manifest/ffa385fa-2818-31be-4d06-9c0a21cd020c.json,ffa385fa-2818-31be-4d06-9c0a21cd020c,https://iiif.dl.itc.u-tokyo.ac.jp/repo/s/seishu/,https://iiif.dl.itc.u-tokyo.ac.jp/repo/s/seishu/document/ffa385fa-2818-31be-4d06-9c0a21cd020c,https://www.lib.u-tokyo.ac.jp/ja/library/contents/archives-top/reuse,https://iiif.dl.itc.u-tokyo.ac.jp/repo/files/medium/2d54c0c5a1ebce954f2e8ea29d7d0eba8ffeaba1.jpg,https://iiif.dl.itc.u-tokyo.ac.jp/repo/api/items/1381150,"東京大学総合図書館 General Library, The University of Tokyo, JAPAN",http://iiif.io/api/presentation/2#rightToLeftDirection,,総合図書館所蔵青洲文庫,0288,,https://iiif.dl.itc.u-tokyo.ac.jp/repo/iiif/ffa385fa-2818-31be-4d06-9c0a21cd020c/manifest,,,,,23
源氏物語 54巻 [21],A00:5823,ゲンジ モノガタリ,紫式部,54,[出版者不明],[寛永正保年間],和古書,日本語,書名は小口貼紙(墨書)による|内容著作名は題簽による|責任表示は『日本古典籍総合目録データベース』による|四周無辺無界11行|漢字平仮名交じり文|帙題簽に「古活字版」との墨書あり|印記: 「青洲文庫」|虫損あり,http://tify.sub.uni-goettingen.de/demo.html?manifest=https://archdataset.dl.itc.u-tokyo.ac.jp/manifest/4cc599c2-2e71-47df-17a4-65e1de822db1.json,4cc599c2-2e71-47df-17a4-65e1de822db1,https://iiif.dl.itc.u-tokyo.ac.jp/repo/s/seishu/,https://iiif.dl.itc.u-tokyo.ac.jp/repo/s/seishu/document/4cc599c2-2e71-47df-17a4-65e1de822db1,https://www.lib.u-tokyo.ac.jp/ja/library/contents/archives-top/reuse,https://iiif.dl.itc.u-tokyo.ac.jp/repo/files/medium/21e602849b91003a8e32efba6deb538fe121a914.jpg,https://iiif.dl.itc.u-tokyo.ac.jp/repo/api/items/1381149,"東京大学総合図書館 General Library, The University of Tokyo, JAPAN",http://iiif.io/api/presentation/2#rightToLeftDirection,,総合図書館所蔵青洲文庫,0289,,https://iiif.dl.itc.u-tokyo.ac.jp/repo/iiif/4cc599c2-2e71-47df-17a4-65e1de822db1/manifest,,,,,50
源氏物語 54巻 [22],A00:5823,ゲンジ モノガタリ,紫式部,54,[出版者不明],[寛永正保年間],和古書,日本語,書名は小口貼紙(墨書)による|内容著作名は題簽による|責任表示は『日本古典籍総合目録データベース』による|四周無辺無界11行|漢字平仮名交じり文|帙題簽に「古活字版」との墨書あり|印記: 「青洲文庫」|虫損あり,http://tify.sub.uni-goettingen.de/demo.html?manifest=https://archdataset.dl.itc.u-tokyo.ac.jp/manifest/ddae1305-1405-71ee-9df7-30927c973038.json,ddae1305-1405-71ee-9df7-30927c973038,https://iiif.dl.itc.u-tokyo.ac.jp/repo/s/seishu/,https://iiif.dl.itc.u-tokyo.ac.jp/repo/s/seishu/document/ddae1305-1405-71ee-9df7-30927c973038,https://www.lib.u-tokyo.ac.jp/ja/library/contents/archives-top/reuse,https://iiif.dl.itc.u-tokyo.ac.jp/repo/files/medium/69a15cf0d61a7bd58a02208bf0cd710119b04555.jpg,https://iiif.dl.itc.u-tokyo.ac.jp/repo/api/items/1381148,"東京大学総合図書館 General Library, The University of Tokyo, JAPAN",http://iiif.io/api/presentation/2#rightToLeftDirection,,総合図書館所蔵青洲文庫,0290,,https://iiif.dl.itc.u-tokyo.ac.jp/repo/iiif/ddae1305-1405-71ee-9df7-30927c973038/manifest,,,,,43
源氏物語 54巻 [23],A00:5823,ゲンジ モノガタリ,紫式部,54,[出版者不明],[寛永正保年間],和古書,日本語,書名は小口貼紙(墨書)による|内容著作名は題簽による|責任表示は『日本古典籍総合目録データベース』による|四周無辺無界11行|漢字平仮名交じり文|帙題簽に「古活字版」との墨書あり|印記: 「青洲文庫」|虫損あり,http://tify.sub.uni-goettingen.de/demo.html?manifest=https://archdataset.dl.itc.u-tokyo.ac.jp/manifest/b46913a5-9c03-8ddb-3a7a-820ef4e6625a.json,b46913a5-9c03-8ddb-3a7a-820ef4e6625a,https://iiif.dl.itc.u-tokyo.ac.jp/repo/s/seishu/,https://iiif.dl.itc.u-tokyo.ac.jp/repo/s/seishu/document/b46913a5-9c03-8ddb-3a7a-820ef4e6625a,https://www.lib.u-tokyo.ac.jp/ja/library/contents/archives-top/reuse,https://iiif.dl.itc.u-tokyo.ac.jp/repo/files/medium/5fa4c167c122c008a872fa98ec72b0e918abd832.jpg,https://iiif.dl.itc.u-tokyo.ac.jp/repo/api/items/1381147,"東京大学総合図書館 General Library, The University of Tokyo, JAPAN",http://iiif.io/api/presentation/2#rightToLeftDirection,,総合図書館所蔵青洲文庫,0291,,https://iiif.dl.itc.u-tokyo.ac.jp/repo/iiif/b46913a5-9c03-8ddb-3a7a-820ef4e6625a/manifest,,,,,17
源氏物語 54巻 [24],A00:5823,ゲンジ モノガタリ,紫式部,54,[出版者不明],[寛永正保年間],和古書,日本語,書名は小口貼紙(墨書)による|内容著作名は題簽による|責任表示は『日本古典籍総合目録データベース』による|四周無辺無界11行|漢字平仮名交じり文|帙題簽に「古活字版」との墨書あり|印記: 「青洲文庫」|虫損あり,http://tify.sub.uni-goettingen.de/demo.html?manifest=https://archdataset.dl.itc.u-tokyo.ac.jp/manifest/8558e8ef-28b1-6903-69bd-1a644f1d1746.json,8558e8ef-28b1-6903-69bd-1a644f1d1746,https://iiif.dl.itc.u-tokyo.ac.jp/repo/s/seishu/,https://iiif.dl.itc.u-tokyo.ac.jp/repo/s/seishu/document/8558e8ef-28b1-6903-69bd-1a644f1d1746,https://www.lib.u-tokyo.ac.jp/ja/library/contents/archives-top/reuse,https://iiif.dl.itc.u-tokyo.ac.jp/repo/files/medium/af077961cbd0bf54ca8acc8c78105b620180c00b.jpg,https://iiif.dl.itc.u-tokyo.ac.jp/repo/api/items/1381146,"東京大学総合図書館 General Library, The University of Tokyo, JAPAN",http://iiif.io/api/presentation/2#rightToLeftDirection,,総合図書館所蔵青洲文庫,0292,,https://iiif.dl.itc.u-tokyo.ac.jp/repo/iiif/8558e8ef-28b1-6903-69bd-1a644f1d1746/manifest,,,,,23
源氏物語 54巻 [25],A00:5823,ゲンジ モノガタリ,紫式部,54,[出版者不明],[寛永正保年間],和古書,日本語,書名は小口貼紙(墨書)による|内容著作名は題簽による|責任表示は『日本古典籍総合目録データベース』による|四周無辺無界11行|漢字平仮名交じり文|帙題簽に「古活字版」との墨書あり|印記: 「青洲文庫」|虫損あり,http://tify.sub.uni-goettingen.de/demo.html?manifest=https://archdataset.dl.itc.u-tokyo.ac.jp/manifest/0d7639dd-6d31-3f00-3843-24e7ac47a4ec.json,0d7639dd-6d31-3f00-3843-24e7ac47a4ec,https://iiif.dl.itc.u-tokyo.ac.jp/repo/s/seishu/,https://iiif.dl.itc.u-tokyo.ac.jp/repo/s/seishu/document/0d7639dd-6d31-3f00-3843-24e7ac47a4ec,https://www.lib.u-tokyo.ac.jp/ja/library/contents/archives-top/reuse,https://iiif.dl.itc.u-tokyo.ac.jp/repo/files/medium/cf0eccd01c8f01d81367278d966b209129549535.jpg,https://iiif.dl.itc.u-tokyo.ac.jp/repo/api/items/1381145,"東京大学総合図書館 General Library, The University of Tokyo, JAPAN",http://iiif.io/api/presentation/2#rightToLeftDirection,,総合図書館所蔵青洲文庫,0293,,https://iiif.dl.itc.u-tokyo.ac.jp/repo/iiif/0d7639dd-6d31-3f00-3843-24e7ac47a4ec/manifest,,,,,21
源氏物語 54巻 [26],A00:5823,ゲンジ モノガタリ,紫式部,54,[出版者不明],[寛永正保年間],和古書,日本語,書名は小口貼紙(墨書)による|内容著作名は題簽による|責任表示は『日本古典籍総合目録データベース』による|四周無辺無界11行|漢字平仮名交じり文|帙題簽に「古活字版」との墨書あり|印記: 「青洲文庫」|虫損あり,http://tify.sub.uni-goettingen.de/demo.html?manifest=https://archdataset.dl.itc.u-tokyo.ac.jp/manifest/e9c25de2-4230-26a5-380d-4110197d8263.json,e9c25de2-4230-26a5-380d-4110197d8263,https://iiif.dl.itc.u-tokyo.ac.jp/repo/s/seishu/,https://iiif.dl.itc.u-tokyo.ac.jp/repo/s/seishu/document/e9c25de2-4230-26a5-380d-4110197d8263,https://www.lib.u-tokyo.ac.jp/ja/library/contents/archives-top/reuse,https://iiif.dl.itc.u-tokyo.ac.jp/repo/files/medium/34d57ba8de9c05a54e2d5939bebd854f258e37bf.jpg,https://iiif.dl.itc.u-tokyo.ac.jp/repo/api/items/1381144,"東京大学総合図書館 General Library, The University of Tokyo, JAPAN",http://iiif.io/api/presentation/2#rightToLeftDirection,,総合図書館所蔵青洲文庫,0294,,https://iiif.dl.itc.u-tokyo.ac.jp/repo/iiif/e9c25de2-4230-26a5-380d-4110197d8263/manifest,,,,,24
源氏物語 54巻 [27],A00:5823,ゲンジ モノガタリ,紫式部,54,[出版者不明],[寛永正保年間],和古書,日本語,書名は小口貼紙(墨書)による|内容著作名は題簽による|責任表示は『日本古典籍総合目録データベース』による|四周無辺無界11行|漢字平仮名交じり文|帙題簽に「古活字版」との墨書あり|印記: 「青洲文庫」|虫損あり,http://tify.sub.uni-goettingen.de/demo.html?manifest=https://archdataset.dl.itc.u-tokyo.ac.jp/manifest/14824e9c-9a62-4ea8-00cc-4932a9f38e5b.json,14824e9c-9a62-4ea8-00cc-4932a9f38e5b,https://iiif.dl.itc.u-tokyo.ac.jp/repo/s/seishu/,https://iiif.dl.itc.u-tokyo.ac.jp/repo/s/seishu/document/14824e9c-9a62-4ea8-00cc-4932a9f38e5b,https://www.lib.u-tokyo.ac.jp/ja/library/contents/archives-top/reuse,https://iiif.dl.itc.u-tokyo.ac.jp/repo/files/medium/4712eeadc0e4e38bc3c956ba4952f0687815a8c3.jpg,https://iiif.dl.itc.u-tokyo.ac.jp/repo/api/items/1381143,"東京大学総合図書館 General Library, The University of Tokyo, JAPAN",http://iiif.io/api/presentation/2#rightToLeftDirection,,総合図書館所蔵青洲文庫,0295,,https://iiif.dl.itc.u-tokyo.ac.jp/repo/iiif/14824e9c-9a62-4ea8-00cc-4932a9f38e5b/manifest,,,,,7
源氏物語 54巻 [28],A00:5823,ゲンジ モノガタリ,紫式部,54,[出版者不明],[寛永正保年間],和古書,日本語,書名は小口貼紙(墨書)による|内容著作名は題簽による|責任表示は『日本古典籍総合目録データベース』による|四周無辺無界11行|漢字平仮名交じり文|帙題簽に「古活字版」との墨書あり|印記: 「青洲文庫」|虫損あり,http://tify.sub.uni-goettingen.de/demo.html?manifest=https://archdataset.dl.itc.u-tokyo.ac.jp/manifest/6b1b171f-597a-9a49-6d80-140e894c7f92.json,6b1b171f-597a-9a49-6d80-140e894c7f92,https://iiif.dl.itc.u-tokyo.ac.jp/repo/s/seishu/,https://iiif.dl.itc.u-tokyo.ac.jp/repo/s/seishu/document/6b1b171f-597a-9a49-6d80-140e894c7f92,https://www.lib.u-tokyo.ac.jp/ja/library/contents/archives-top/reuse,https://iiif.dl.itc.u-tokyo.ac.jp/repo/files/medium/80d114afb92a030e6a4e50aa16605082dd4b2efc.jpg,https://iiif.dl.itc.u-tokyo.ac.jp/repo/api/items/1381142,"東京大学総合図書館 General Library, The University of Tokyo, JAPAN",http://iiif.io/api/presentation/2#rightToLeftDirection,,総合図書館所蔵青洲文庫,0296,,https://iiif.dl.itc.u-tokyo.ac.jp/repo/iiif/6b1b171f-597a-9a49-6d80-140e894c7f92/manifest,,,,,20
源氏物語 54巻 [29],A00:5823,ゲンジ モノガタリ,紫式部,54,[出版者不明],[寛永正保年間],和古書,日本語,書名は小口貼紙(墨書)による|内容著作名は題簽による|責任表示は『日本古典籍総合目録データベース』による|四周無辺無界11行|漢字平仮名交じり文|帙題簽に「古活字版」との墨書あり|印記: 「青洲文庫」|虫損あり,http://tify.sub.uni-goettingen.de/demo.html?manifest=https://archdataset.dl.itc.u-tokyo.ac.jp/manifest/31b5aee2-86e2-59fe-09c9-c52e00279f13.json,31b5aee2-86e2-59fe-09c9-c52e00279f13,https://iiif.dl.itc.u-tokyo.ac.jp/repo/s/seishu/,https://iiif.dl.itc.u-tokyo.ac.jp/repo/s/seishu/document/31b5aee2-86e2-59fe-09c9-c52e00279f13,https://www.lib.u-tokyo.ac.jp/ja/library/contents/archives-top/reuse,https://iiif.dl.itc.u-tokyo.ac.jp/repo/files/medium/ba689e6c5b0b035b39159e26efd66f630acdf2e5.jpg,https://iiif.dl.itc.u-tokyo.ac.jp/repo/api/items/1381141,"東京大学総合図書館 General Library, The University of Tokyo, JAPAN",http://iiif.io/api/presentation/2#rightToLeftDirection,,総合図書館所蔵青洲文庫,0297,,https://iiif.dl.itc.u-tokyo.ac.jp/repo/iiif/31b5aee2-86e2-59fe-09c9-c52e00279f13/manifest,,,,,30
源氏物語 54巻 [30],A00:5823,ゲンジ モノガタリ,紫式部,54,[出版者不明],[寛永正保年間],和古書,日本語,書名は小口貼紙(墨書)による|内容著作名は題簽による|責任表示は『日本古典籍総合目録データベース』による|四周無辺無界11行|漢字平仮名交じり文|帙題簽に「古活字版」との墨書あり|印記: 「青洲文庫」|虫損あり,http://tify.sub.uni-goettingen.de/demo.html?manifest=https://archdataset.dl.itc.u-tokyo.ac.jp/manifest/76facc12-438a-51cd-73d3-43c9df8a26b7.json,76facc12-438a-51cd-73d3-43c9df8a26b7,https://iiif.dl.itc.u-tokyo.ac.jp/repo/s/seishu/,https://iiif.dl.itc.u-tokyo.ac.jp/repo/s/seishu/document/76facc12-438a-51cd-73d3-43c9df8a26b7,https://www.lib.u-tokyo.ac.jp/ja/library/contents/archives-top/reuse,https://iiif.dl.itc.u-tokyo.ac.jp/repo/files/medium/a9cfd3052caae8c22d8caa6a4828f6197b6a575a.jpg,https://iiif.dl.itc.u-tokyo.ac.jp/repo/api/items/1381140,"東京大学総合図書館 General Library, The University of Tokyo, JAPAN",http://iiif.io/api/presentation/2#rightToLeftDirection,,総合図書館所蔵青洲文庫,0298,,https://iiif.dl.itc.u-tokyo.ac.jp/repo/iiif/76facc12-438a-51cd-73d3-43c9df8a26b7/manifest,,,,,17
源氏物語 54巻 [31],A00:5823,ゲンジ モノガタリ,紫式部,54,[出版者不明],[寛永正保年間],和古書,日本語,書名は小口貼紙(墨書)による|内容著作名は題簽による|責任表示は『日本古典籍総合目録データベース』による|四周無辺無界11行|漢字平仮名交じり文|帙題簽に「古活字版」との墨書あり|印記: 「青洲文庫」|虫損あり,http://tify.sub.uni-goettingen.de/demo.html?manifest=https://archdataset.dl.itc.u-tokyo.ac.jp/manifest/6c443d18-9610-7fb1-9825-92bf79850653.json,6c443d18-9610-7fb1-9825-92bf79850653,https://iiif.dl.itc.u-tokyo.ac.jp/repo/s/seishu/,https://iiif.dl.itc.u-tokyo.ac.jp/repo/s/seishu/document/6c443d18-9610-7fb1-9825-92bf79850653,https://www.lib.u-tokyo.ac.jp/ja/library/contents/archives-top/reuse,https://iiif.dl.itc.u-tokyo.ac.jp/repo/files/medium/7575d84c400ebf513da8af4e08ac2675a79d260d.jpg,https://iiif.dl.itc.u-tokyo.ac.jp/repo/api/items/1381139,"東京大学総合図書館 General Library, The University of Tokyo, JAPAN",http://iiif.io/api/presentation/2#rightToLeftDirection,,総合図書館所蔵青洲文庫,0299,,https://iiif.dl.itc.u-tokyo.ac.jp/repo/iiif/6c443d18-9610-7fb1-9825-92bf79850653/manifest,,,,,41
源氏物語 54巻 [32],A00:5823,ゲンジ モノガタリ,紫式部,54,[出版者不明],[寛永正保年間],和古書,日本語,書名は小口貼紙(墨書)による|内容著作名は題簽による|責任表示は『日本古典籍総合目録データベース』による|四周無辺無界11行|漢字平仮名交じり文|帙題簽に「古活字版」との墨書あり|印記: 「青洲文庫」|虫損あり,http://tify.sub.uni-goettingen.de/demo.html?manifest=https://archdataset.dl.itc.u-tokyo.ac.jp/manifest/5666772a-8400-195e-23e8-a0f445bb94a2.json,5666772a-8400-195e-23e8-a0f445bb94a2,https://iiif.dl.itc.u-tokyo.ac.jp/repo/s/seishu/,https://iiif.dl.itc.u-tokyo.ac.jp/repo/s/seishu/document/5666772a-8400-195e-23e8-a0f445bb94a2,https://www.lib.u-tokyo.ac.jp/ja/library/contents/archives-top/reuse,https://iiif.dl.itc.u-tokyo.ac.jp/repo/files/medium/6b2e71514bae2f9452238621addcb983efd52f1e.jpg,https://iiif.dl.itc.u-tokyo.ac.jp/repo/api/items/1381138,"東京大学総合図書館 General Library, The University of Tokyo, JAPAN",http://iiif.io/api/presentation/2#rightToLeftDirection,,総合図書館所蔵青洲文庫,0300,,https://iiif.dl.itc.u-tokyo.ac.jp/repo/iiif/5666772a-8400-195e-23e8-a0f445bb94a2/manifest,,,,,21
源氏物語 54巻 [33],A00:5823,ゲンジ モノガタリ,紫式部,54,[出版者不明],[寛永正保年間],和古書,日本語,書名は小口貼紙(墨書)による|内容著作名は題簽による|責任表示は『日本古典籍総合目録データベース』による|四周無辺無界11行|漢字平仮名交じり文|帙題簽に「古活字版」との墨書あり|印記: 「青洲文庫」|虫損あり,http://tify.sub.uni-goettingen.de/demo.html?manifest=https://archdataset.dl.itc.u-tokyo.ac.jp/manifest/89b3c1e3-a3b2-23e6-0e81-10e389dc5d48.json,89b3c1e3-a3b2-23e6-0e81-10e389dc5d48,https://iiif.dl.itc.u-tokyo.ac.jp/repo/s/seishu/,https://iiif.dl.itc.u-tokyo.ac.jp/repo/s/seishu/document/89b3c1e3-a3b2-23e6-0e81-10e389dc5d48,https://www.lib.u-tokyo.ac.jp/ja/library/contents/archives-top/reuse,https://iiif.dl.itc.u-tokyo.ac.jp/repo/files/medium/7cc0a812526b757750116e6ceeb3750e22c64725.jpg,https://iiif.dl.itc.u-tokyo.ac.jp/repo/api/items/1381137,"東京大学総合図書館 General Library, The University of Tokyo, JAPAN",http://iiif.io/api/presentation/2#rightToLeftDirection,,総合図書館所蔵青洲文庫,0301,,https://iiif.dl.itc.u-tokyo.ac.jp/repo/iiif/89b3c1e3-a3b2-23e6-0e81-10e389dc5d48/manifest,,,,,26
源氏物語 54巻 [34],A00:5823,ゲンジ モノガタリ,紫式部,54,[出版者不明],[寛永正保年間],和古書,日本語,書名は小口貼紙(墨書)による|内容著作名は題簽による|責任表示は『日本古典籍総合目録データベース』による|四周無辺無界11行|漢字平仮名交じり文|帙題簽に「古活字版」との墨書あり|印記: 「青洲文庫」|虫損あり,http://tify.sub.uni-goettingen.de/demo.html?manifest=https://archdataset.dl.itc.u-tokyo.ac.jp/manifest/dfab3404-4411-99b0-4116-dc71343b5192.json,dfab3404-4411-99b0-4116-dc71343b5192,https://iiif.dl.itc.u-tokyo.ac.jp/repo/s/seishu/,https://iiif.dl.itc.u-tokyo.ac.jp/repo/s/seishu/document/dfab3404-4411-99b0-4116-dc71343b5192,https://www.lib.u-tokyo.ac.jp/ja/library/contents/archives-top/reuse,https://iiif.dl.itc.u-tokyo.ac.jp/repo/files/medium/46e7a298a2ec19d3b38791779aa93d964dd1f9d8.jpg,https://iiif.dl.itc.u-tokyo.ac.jp/repo/api/items/1381136,"東京大学総合図書館 General Library, The University of Tokyo, JAPAN",http://iiif.io/api/presentation/2#rightToLeftDirection,,総合図書館所蔵青洲文庫,0302,,https://iiif.dl.itc.u-tokyo.ac.jp/repo/iiif/dfab3404-4411-99b0-4116-dc71343b5192/manifest,,,,,100
源氏物語 54巻 [35],A00:5823,ゲンジ モノガタリ,紫式部,54,[出版者不明],[寛永正保年間],和古書,日本語,書名は小口貼紙(墨書)による|内容著作名は題簽による|責任表示は『日本古典籍総合目録データベース』による|四周無辺無界11行|漢字平仮名交じり文|帙題簽に「古活字版」との墨書あり|印記: 「青洲文庫」|虫損あり,http://tify.sub.uni-goettingen.de/demo.html?manifest=https://archdataset.dl.itc.u-tokyo.ac.jp/manifest/5f6cb5f0-789e-3cc9-8a87-631db7cf6ed1.json,5f6cb5f0-789e-3cc9-8a87-631db7cf6ed1,https://iiif.dl.itc.u-tokyo.ac.jp/repo/s/seishu/,https://iiif.dl.itc.u-tokyo.ac.jp/repo/s/seishu/document/5f6cb5f0-789e-3cc9-8a87-631db7cf6ed1,https://www.lib.u-tokyo.ac.jp/ja/library/contents/archives-top/reuse,https://iiif.dl.itc.u-tokyo.ac.jp/repo/files/medium/99910744cd0d1b0596945352c77b48f5aab62f6d.jpg,https://iiif.dl.itc.u-tokyo.ac.jp/repo/api/items/1381135,"東京大学総合図書館 General Library, The University of Tokyo, JAPAN",http://iiif.io/api/presentation/2#rightToLeftDirection,,総合図書館所蔵青洲文庫,0303,,https://iiif.dl.itc.u-tokyo.ac.jp/repo/iiif/5f6cb5f0-789e-3cc9-8a87-631db7cf6ed1/manifest,,,,,101
源氏物語 54巻 [36],A00:5823,ゲンジ モノガタリ,紫式部,54,[出版者不明],[寛永正保年間],和古書,日本語,書名は小口貼紙(墨書)による|内容著作名は題簽による|責任表示は『日本古典籍総合目録データベース』による|四周無辺無界11行|漢字平仮名交じり文|帙題簽に「古活字版」との墨書あり|印記: 「青洲文庫」|虫損あり,http://tify.sub.uni-goettingen.de/demo.html?manifest=https://archdataset.dl.itc.u-tokyo.ac.jp/manifest/65b64d95-59c2-2f64-502d-630e71b68cb8.json,65b64d95-59c2-2f64-502d-630e71b68cb8,https://iiif.dl.itc.u-tokyo.ac.jp/repo/s/seishu/,https://iiif.dl.itc.u-tokyo.ac.jp/repo/s/seishu/document/65b64d95-59c2-2f64-502d-630e71b68cb8,https://www.lib.u-tokyo.ac.jp/ja/library/contents/archives-top/reuse,https://iiif.dl.itc.u-tokyo.ac.jp/repo/files/medium/d73ce9d488f4b4d8319d950fcb6389d856230e66.jpg,https://iiif.dl.itc.u-tokyo.ac.jp/repo/api/items/1381134,"東京大学総合図書館 General Library, The University of Tokyo, JAPAN",http://iiif.io/api/presentation/2#rightToLeftDirection,,総合図書館所蔵青洲文庫,0304,,https://iiif.dl.itc.u-tokyo.ac.jp/repo/iiif/65b64d95-59c2-2f64-502d-630e71b68cb8/manifest,,,,,41
源氏物語 54巻 [37],A00:5823,ゲンジ モノガタリ,紫式部,54,[出版者不明],[寛永正保年間],和古書,日本語,書名は小口貼紙(墨書)による|内容著作名は題簽による|責任表示は『日本古典籍総合目録データベース』による|四周無辺無界11行|漢字平仮名交じり文|帙題簽に「古活字版」との墨書あり|印記: 「青洲文庫」|虫損あり,http://tify.sub.uni-goettingen.de/demo.html?manifest=https://archdataset.dl.itc.u-tokyo.ac.jp/manifest/5153e2de-5b7f-a14c-1206-c99b7a3e45a2.json,5153e2de-5b7f-a14c-1206-c99b7a3e45a2,https://iiif.dl.itc.u-tokyo.ac.jp/repo/s/seishu/,https://iiif.dl.itc.u-tokyo.ac.jp/repo/s/seishu/document/5153e2de-5b7f-a14c-1206-c99b7a3e45a2,https://www.lib.u-tokyo.ac.jp/ja/library/contents/archives-top/reuse,https://iiif.dl.itc.u-tokyo.ac.jp/repo/files/medium/42a06a59407fb9bd57f6e95c39aa9dd02415287d.jpg,https://iiif.dl.itc.u-tokyo.ac.jp/repo/api/items/1381133,"東京大学総合図書館 General Library, The University of Tokyo, JAPAN",http://iiif.io/api/presentation/2#rightToLeftDirection,,総合図書館所蔵青洲文庫,0305,,https://iiif.dl.itc.u-tokyo.ac.jp/repo/iiif/5153e2de-5b7f-a14c-1206-c99b7a3e45a2/manifest,,,,,21
源氏物語 54巻 [38],A00:5823,ゲンジ モノガタリ,紫式部,54,[出版者不明],[寛永正保年間],和古書,日本語,書名は小口貼紙(墨書)による|内容著作名は題簽による|責任表示は『日本古典籍総合目録データベース』による|四周無辺無界11行|漢字平仮名交じり文|帙題簽に「古活字版」との墨書あり|印記: 「青洲文庫」|虫損あり,http://tify.sub.uni-goettingen.de/demo.html?manifest=https://archdataset.dl.itc.u-tokyo.ac.jp/manifest/4c6672db-72b9-7add-133c-ee2c241d20db.json,4c6672db-72b9-7add-133c-ee2c241d20db,https://iiif.dl.itc.u-tokyo.ac.jp/repo/s/seishu/,https://iiif.dl.itc.u-tokyo.ac.jp/repo/s/seishu/document/4c6672db-72b9-7add-133c-ee2c241d20db,https://www.lib.u-tokyo.ac.jp/ja/library/contents/archives-top/reuse,https://iiif.dl.itc.u-tokyo.ac.jp/repo/files/medium/43bc30d0309008e49aea599bf1241df6e6338bc0.jpg,https://iiif.dl.itc.u-tokyo.ac.jp/repo/api/items/1381132,"東京大学総合図書館 General Library, The University of Tokyo, JAPAN",http://iiif.io/api/presentation/2#rightToLeftDirection,,総合図書館所蔵青洲文庫,0306,,https://iiif.dl.itc.u-tokyo.ac.jp/repo/iiif/4c6672db-72b9-7add-133c-ee2c241d20db/manifest,,,,,17
源氏物語 54巻 [39],A00:5823,ゲンジ モノガタリ,紫式部,54,[出版者不明],[寛永正保年間],和古書,日本語,書名は小口貼紙(墨書)による|内容著作名は題簽による|責任表示は『日本古典籍総合目録データベース』による|四周無辺無界11行|漢字平仮名交じり文|帙題簽に「古活字版」との墨書あり|印記: 「青洲文庫」|虫損あり,http://tify.sub.uni-goettingen.de/demo.html?manifest=https://archdataset.dl.itc.u-tokyo.ac.jp/manifest/f62baf46-5736-6dbd-7bf3-4fc2d4ba8b69.json,f62baf46-5736-6dbd-7bf3-4fc2d4ba8b69,https://iiif.dl.itc.u-tokyo.ac.jp/repo/s/seishu/,https://iiif.dl.itc.u-tokyo.ac.jp/repo/s/seishu/document/f62baf46-5736-6dbd-7bf3-4fc2d4ba8b69,https://www.lib.u-tokyo.ac.jp/ja/library/contents/archives-top/reuse,https://iiif.dl.itc.u-tokyo.ac.jp/repo/files/medium/f2245be713391430e31d3f115c1ee7adfa0b35b9.jpg,https://iiif.dl.itc.u-tokyo.ac.jp/repo/api/items/1381131,"東京大学総合図書館 General Library, The University of Tokyo, JAPAN",http://iiif.io/api/presentation/2#rightToLeftDirection,,総合図書館所蔵青洲文庫,0307,,https://iiif.dl.itc.u-tokyo.ac.jp/repo/iiif/f62baf46-5736-6dbd-7bf3-4fc2d4ba8b69/manifest,,,,,71
源氏物語 54巻 [40],A00:5823,ゲンジ モノガタリ,紫式部,54,[出版者不明],[寛永正保年間],和古書,日本語,書名は小口貼紙(墨書)による|内容著作名は題簽による|責任表示は『日本古典籍総合目録データベース』による|四周無辺無界11行|漢字平仮名交じり文|帙題簽に「古活字版」との墨書あり|印記: 「青洲文庫」|虫損あり,http://tify.sub.uni-goettingen.de/demo.html?manifest=https://archdataset.dl.itc.u-tokyo.ac.jp/manifest/5e3fb9a5-9164-93b9-55ae-c52478c25875.json,5e3fb9a5-9164-93b9-55ae-c52478c25875,https://iiif.dl.itc.u-tokyo.ac.jp/repo/s/seishu/,https://iiif.dl.itc.u-tokyo.ac.jp/repo/s/seishu/document/5e3fb9a5-9164-93b9-55ae-c52478c25875,https://www.lib.u-tokyo.ac.jp/ja/library/contents/archives-top/reuse,https://iiif.dl.itc.u-tokyo.ac.jp/repo/files/medium/b9e2c6b1f41ca54224b52080d562f5a9edf09801.jpg,https://iiif.dl.itc.u-tokyo.ac.jp/repo/api/items/1381130,"東京大学総合図書館 General Library, The University of Tokyo, JAPAN",http://iiif.io/api/presentation/2#rightToLeftDirection,,総合図書館所蔵青洲文庫,0308,,https://iiif.dl.itc.u-tokyo.ac.jp/repo/iiif/5e3fb9a5-9164-93b9-55ae-c52478c25875/manifest,,,,,23
源氏物語 54巻 [41],A00:5823,ゲンジ モノガタリ,紫式部,54,[出版者不明],[寛永正保年間],和古書,日本語,書名は小口貼紙(墨書)による|内容著作名は題簽による|責任表示は『日本古典籍総合目録データベース』による|四周無辺無界11行|漢字平仮名交じり文|帙題簽に「古活字版」との墨書あり|印記: 「青洲文庫」|虫損あり,http://tify.sub.uni-goettingen.de/demo.html?manifest=https://archdataset.dl.itc.u-tokyo.ac.jp/manifest/d012f36b-92f6-331f-365c-cb7a87e85105.json,d012f36b-92f6-331f-365c-cb7a87e85105,https://iiif.dl.itc.u-tokyo.ac.jp/repo/s/seishu/,https://iiif.dl.itc.u-tokyo.ac.jp/repo/s/seishu/document/d012f36b-92f6-331f-365c-cb7a87e85105,https://www.lib.u-tokyo.ac.jp/ja/library/contents/archives-top/reuse,https://iiif.dl.itc.u-tokyo.ac.jp/repo/files/medium/11831dab60864e3d0f2f8962723ceed0e558c7f1.jpg,https://iiif.dl.itc.u-tokyo.ac.jp/repo/api/items/1381129,"東京大学総合図書館 General Library, The University of Tokyo, JAPAN",http://iiif.io/api/presentation/2#rightToLeftDirection,,総合図書館所蔵青洲文庫,0309,,https://iiif.dl.itc.u-tokyo.ac.jp/repo/iiif/d012f36b-92f6-331f-365c-cb7a87e85105/manifest,,,,,23
源氏物語 54巻 [42],A00:5823,ゲンジ モノガタリ,紫式部,54,[出版者不明],[寛永正保年間],和古書,日本語,書名は小口貼紙(墨書)による|内容著作名は題簽による|責任表示は『日本古典籍総合目録データベース』による|四周無辺無界11行|漢字平仮名交じり文|帙題簽に「古活字版」との墨書あり|印記: 「青洲文庫」|虫損あり,http://tify.sub.uni-goettingen.de/demo.html?manifest=https://archdataset.dl.itc.u-tokyo.ac.jp/manifest/63837cc4-0fc2-1067-a224-ce6ed79a9d1e.json,63837cc4-0fc2-1067-a224-ce6ed79a9d1e,https://iiif.dl.itc.u-tokyo.ac.jp/repo/s/seishu/,https://iiif.dl.itc.u-tokyo.ac.jp/repo/s/seishu/document/63837cc4-0fc2-1067-a224-ce6ed79a9d1e,https://www.lib.u-tokyo.ac.jp/ja/library/contents/archives-top/reuse,https://iiif.dl.itc.u-tokyo.ac.jp/repo/files/medium/7f3c0d3e7ff592c157d49e09ed4c947c7f6bb06c.jpg,https://iiif.dl.itc.u-tokyo.ac.jp/repo/api/items/1381128,"東京大学総合図書館 General Library, The University of Tokyo, JAPAN",http://iiif.io/api/presentation/2#rightToLeftDirection,,総合図書館所蔵青洲文庫,0310,,https://iiif.dl.itc.u-tokyo.ac.jp/repo/iiif/63837cc4-0fc2-1067-a224-ce6ed79a9d1e/manifest,,,,,16
源氏物語 54巻 [43],A00:5823,ゲンジ モノガタリ,紫式部,54,[出版者不明],[寛永正保年間],和古書,日本語,書名は小口貼紙(墨書)による|内容著作名は題簽による|責任表示は『日本古典籍総合目録データベース』による|四周無辺無界11行|漢字平仮名交じり文|帙題簽に「古活字版」との墨書あり|印記: 「青洲文庫」|虫損あり,http://tify.sub.uni-goettingen.de/demo.html?manifest=https://archdataset.dl.itc.u-tokyo.ac.jp/manifest/dba38de5-0756-99d8-2382-e7c8b41c3851.json,dba38de5-0756-99d8-2382-e7c8b41c3851,https://iiif.dl.itc.u-tokyo.ac.jp/repo/s/seishu/,https://iiif.dl.itc.u-tokyo.ac.jp/repo/s/seishu/document/dba38de5-0756-99d8-2382-e7c8b41c3851,https://www.lib.u-tokyo.ac.jp/ja/library/contents/archives-top/reuse,https://iiif.dl.itc.u-tokyo.ac.jp/repo/files/medium/a04ba2abd88fee16bde6fe402de1298be27f773c.jpg,https://iiif.dl.itc.u-tokyo.ac.jp/repo/api/items/1381127,"東京大学総合図書館 General Library, The University of Tokyo, JAPAN",http://iiif.io/api/presentation/2#rightToLeftDirection,,総合図書館所蔵青洲文庫,0311,,https://iiif.dl.itc.u-tokyo.ac.jp/repo/iiif/dba38de5-0756-99d8-2382-e7c8b41c3851/manifest,,,,,15
源氏物語 54巻 [44],A00:5823,ゲンジ モノガタリ,紫式部,54,[出版者不明],[寛永正保年間],和古書,日本語,書名は小口貼紙(墨書)による|内容著作名は題簽による|責任表示は『日本古典籍総合目録データベース』による|四周無辺無界11行|漢字平仮名交じり文|帙題簽に「古活字版」との墨書あり|印記: 「青洲文庫」|虫損あり,http://tify.sub.uni-goettingen.de/demo.html?manifest=https://archdataset.dl.itc.u-tokyo.ac.jp/manifest/418728b7-3c31-74dd-5a1c-4e822a9f6840.json,418728b7-3c31-74dd-5a1c-4e822a9f6840,https://iiif.dl.itc.u-tokyo.ac.jp/repo/s/seishu/,https://iiif.dl.itc.u-tokyo.ac.jp/repo/s/seishu/document/418728b7-3c31-74dd-5a1c-4e822a9f6840,https://www.lib.u-tokyo.ac.jp/ja/library/contents/archives-top/reuse,https://iiif.dl.itc.u-tokyo.ac.jp/repo/files/medium/a72fe288a711a8f742ed982cee81a4aeb8c19420.jpg,https://iiif.dl.itc.u-tokyo.ac.jp/repo/api/items/1381126,"東京大学総合図書館 General Library, The University of Tokyo, JAPAN",http://iiif.io/api/presentation/2#rightToLeftDirection,,総合図書館所蔵青洲文庫,0312,,https://iiif.dl.itc.u-tokyo.ac.jp/repo/iiif/418728b7-3c31-74dd-5a1c-4e822a9f6840/manifest,,,,,42
源氏物語 54巻 [45],A00:5823,ゲンジ モノガタリ,紫式部,54,[出版者不明],[寛永正保年間],和古書,日本語,書名は小口貼紙(墨書)による|内容著作名は題簽による|責任表示は『日本古典籍総合目録データベース』による|四周無辺無界11行|漢字平仮名交じり文|帙題簽に「古活字版」との墨書あり|印記: 「青洲文庫」|虫損あり,http://tify.sub.uni-goettingen.de/demo.html?manifest=https://archdataset.dl.itc.u-tokyo.ac.jp/manifest/8f4952a4-4fe6-1d6a-2736-46e989616ede.json,8f4952a4-4fe6-1d6a-2736-46e989616ede,https://iiif.dl.itc.u-tokyo.ac.jp/repo/s/seishu/,https://iiif.dl.itc.u-tokyo.ac.jp/repo/s/seishu/document/8f4952a4-4fe6-1d6a-2736-46e989616ede,https://www.lib.u-tokyo.ac.jp/ja/library/contents/archives-top/reuse,https://iiif.dl.itc.u-tokyo.ac.jp/repo/files/medium/3929e68e8782947f372dfc888a79475e040bd7e4.jpg,https://iiif.dl.itc.u-tokyo.ac.jp/repo/api/items/1381125,"東京大学総合図書館 General Library, The University of Tokyo, JAPAN",http://iiif.io/api/presentation/2#rightToLeftDirection,,総合図書館所蔵青洲文庫,0313,,https://iiif.dl.itc.u-tokyo.ac.jp/repo/iiif/8f4952a4-4fe6-1d6a-2736-46e989616ede/manifest,,,,,39
源氏物語 54巻 [46],A00:5823,ゲンジ モノガタリ,紫式部,54,[出版者不明],[寛永正保年間],和古書,日本語,書名は小口貼紙(墨書)による|内容著作名は題簽による|責任表示は『日本古典籍総合目録データベース』による|四周無辺無界11行|漢字平仮名交じり文|帙題簽に「古活字版」との墨書あり|印記: 「青洲文庫」|虫損あり,http://tify.sub.uni-goettingen.de/demo.html?manifest=https://archdataset.dl.itc.u-tokyo.ac.jp/manifest/bc6a54e3-7588-2c05-57b7-331fba0f6874.json,bc6a54e3-7588-2c05-57b7-331fba0f6874,https://iiif.dl.itc.u-tokyo.ac.jp/repo/s/seishu/,https://iiif.dl.itc.u-tokyo.ac.jp/repo/s/seishu/document/bc6a54e3-7588-2c05-57b7-331fba0f6874,https://www.lib.u-tokyo.ac.jp/ja/library/contents/archives-top/reuse,https://iiif.dl.itc.u-tokyo.ac.jp/repo/files/medium/8326720f3304c2be94b9bfb44722abfd7123c97a.jpg,https://iiif.dl.itc.u-tokyo.ac.jp/repo/api/items/1381124,"東京大学総合図書館 General Library, The University of Tokyo, JAPAN",http://iiif.io/api/presentation/2#rightToLeftDirection,,総合図書館所蔵青洲文庫,0314,,https://iiif.dl.itc.u-tokyo.ac.jp/repo/iiif/bc6a54e3-7588-2c05-57b7-331fba0f6874/manifest,,,,,38
源氏物語 54巻 [47],A00:5823,ゲンジ モノガタリ,紫式部,54,[出版者不明],[寛永正保年間],和古書,日本語,書名は小口貼紙(墨書)による|内容著作名は題簽による|責任表示は『日本古典籍総合目録データベース』による|四周無辺無界11行|漢字平仮名交じり文|帙題簽に「古活字版」との墨書あり|印記: 「青洲文庫」|虫損あり,http://tify.sub.uni-goettingen.de/demo.html?manifest=https://archdataset.dl.itc.u-tokyo.ac.jp/manifest/afbbb86e-a084-8e9d-a5ba-1661c8b90ca2.json,afbbb86e-a084-8e9d-a5ba-1661c8b90ca2,https://iiif.dl.itc.u-tokyo.ac.jp/repo/s/seishu/,https://iiif.dl.itc.u-tokyo.ac.jp/repo/s/seishu/document/afbbb86e-a084-8e9d-a5ba-1661c8b90ca2,https://www.lib.u-tokyo.ac.jp/ja/library/contents/archives-top/reuse,https://iiif.dl.itc.u-tokyo.ac.jp/repo/files/medium/d942449906209f233c5ade21a1e4667370bd3cd5.jpg,https://iiif.dl.itc.u-tokyo.ac.jp/repo/api/items/1381123,"東京大学総合図書館 General Library, The University of Tokyo, JAPAN",http://iiif.io/api/presentation/2#rightToLeftDirection,,総合図書館所蔵青洲文庫,0315,,https://iiif.dl.itc.u-tokyo.ac.jp/repo/iiif/afbbb86e-a084-8e9d-a5ba-1661c8b90ca2/manifest,,,,,87
源氏物語 54巻 [48],A00:5823,ゲンジ モノガタリ,紫式部,54,[出版者不明],[寛永正保年間],和古書,日本語,書名は小口貼紙(墨書)による|内容著作名は題簽による|責任表示は『日本古典籍総合目録データベース』による|四周無辺無界11行|漢字平仮名交じり文|帙題簽に「古活字版」との墨書あり|印記: 「青洲文庫」|虫損あり,http://tify.sub.uni-goettingen.de/demo.html?manifest=https://archdataset.dl.itc.u-tokyo.ac.jp/manifest/9d5e8ca6-1747-17fe-0a97-9735d6242359.json,9d5e8ca6-1747-17fe-0a97-9735d6242359,https://iiif.dl.itc.u-tokyo.ac.jp/repo/s/seishu/,https://iiif.dl.itc.u-tokyo.ac.jp/repo/s/seishu/document/9d5e8ca6-1747-17fe-0a97-9735d6242359,https://www.lib.u-tokyo.ac.jp/ja/library/contents/archives-top/reuse,https://iiif.dl.itc.u-tokyo.ac.jp/repo/files/medium/f74c99424c8134c9c8fcda541e85d600b23b7032.jpg,https://iiif.dl.itc.u-tokyo.ac.jp/repo/api/items/1381122,"東京大学総合図書館 General Library, The University of Tokyo, JAPAN",http://iiif.io/api/presentation/2#rightToLeftDirection,,総合図書館所蔵青洲文庫,0316,,https://iiif.dl.itc.u-tokyo.ac.jp/repo/iiif/9d5e8ca6-1747-17fe-0a97-9735d6242359/manifest,,,,,21
源氏物語 54巻 [49],A00:5823,ゲンジ モノガタリ,紫式部,54,[出版者不明],[寛永正保年間],和古書,日本語,書名は小口貼紙(墨書)による|内容著作名は題簽による|責任表示は『日本古典籍総合目録データベース』による|四周無辺無界11行|漢字平仮名交じり文|帙題簽に「古活字版」との墨書あり|印記: 「青洲文庫」|虫損あり,http://tify.sub.uni-goettingen.de/demo.html?manifest=https://archdataset.dl.itc.u-tokyo.ac.jp/manifest/07b847a9-6d51-601d-93b3-d97a8c5c6411.json,07b847a9-6d51-601d-93b3-d97a8c5c6411,https://iiif.dl.itc.u-tokyo.ac.jp/repo/s/seishu/,https://iiif.dl.itc.u-tokyo.ac.jp/repo/s/seishu/document/07b847a9-6d51-601d-93b3-d97a8c5c6411,https://www.lib.u-tokyo.ac.jp/ja/library/contents/archives-top/reuse,https://iiif.dl.itc.u-tokyo.ac.jp/repo/files/medium/47ea88013143552f418eea0486e7967f0c254541.jpg,https://iiif.dl.itc.u-tokyo.ac.jp/repo/api/items/1381121,"東京大学総合図書館 General Library, The University of Tokyo, JAPAN",http://iiif.io/api/presentation/2#rightToLeftDirection,,総合図書館所蔵青洲文庫,0317,,https://iiif.dl.itc.u-tokyo.ac.jp/repo/iiif/07b847a9-6d51-601d-93b3-d97a8c5c6411/manifest,,,,,94
源氏物語 54巻 [50],A00:5823,ゲンジ モノガタリ,紫式部,54,[出版者不明],[寛永正保年間],和古書,日本語,書名は小口貼紙(墨書)による|内容著作名は題簽による|責任表示は『日本古典籍総合目録データベース』による|四周無辺無界11行|漢字平仮名交じり文|帙題簽に「古活字版」との墨書あり|印記: 「青洲文庫」|虫損あり,http://tify.sub.uni-goettingen.de/demo.html?manifest=https://archdataset.dl.itc.u-tokyo.ac.jp/manifest/36e0dfb0-2c5e-5d18-80be-13d4bb039655.json,36e0dfb0-2c5e-5d18-80be-13d4bb039655,https://iiif.dl.itc.u-tokyo.ac.jp/repo/s/seishu/,https://iiif.dl.itc.u-tokyo.ac.jp/repo/s/seishu/document/36e0dfb0-2c5e-5d18-80be-13d4bb039655,https://www.lib.u-tokyo.ac.jp/ja/library/contents/archives-top/reuse,https://iiif.dl.itc.u-tokyo.ac.jp/repo/files/medium/08a10e3d2ed3305c2ce3e9d90dd7ef3369297583.jpg,https://iiif.dl.itc.u-tokyo.ac.jp/repo/api/items/1381120,"東京大学総合図書館 General Library, The University of Tokyo, JAPAN",http://iiif.io/api/presentation/2#rightToLeftDirection,,総合図書館所蔵青洲文庫,0318,,https://iiif.dl.itc.u-tokyo.ac.jp/repo/iiif/36e0dfb0-2c5e-5d18-80be-13d4bb039655/manifest,,,,,65
源氏物語 54巻 [51],A00:5823,ゲンジ モノガタリ,紫式部,54,[出版者不明],[寛永正保年間],和古書,日本語,書名は小口貼紙(墨書)による|内容著作名は題簽による|責任表示は『日本古典籍総合目録データベース』による|四周無辺無界11行|漢字平仮名交じり文|帙題簽に「古活字版」との墨書あり|印記: 「青洲文庫」|虫損あり,http://tify.sub.uni-goettingen.de/demo.html?manifest=https://archdataset.dl.itc.u-tokyo.ac.jp/manifest/e1cff6f6-1c93-51c8-479e-b1395b5c0a54.json,e1cff6f6-1c93-51c8-479e-b1395b5c0a54,https://iiif.dl.itc.u-tokyo.ac.jp/repo/s/seishu/,https://iiif.dl.itc.u-tokyo.ac.jp/repo/s/seishu/document/e1cff6f6-1c93-51c8-479e-b1395b5c0a54,https://www.lib.u-tokyo.ac.jp/ja/library/contents/archives-top/reuse,https://iiif.dl.itc.u-tokyo.ac.jp/repo/files/medium/5ef701db6634547ce005dbf4a1c8a9ee11c832a1.jpg,https://iiif.dl.itc.u-tokyo.ac.jp/repo/api/items/1381119,"東京大学総合図書館 General Library, The University of Tokyo, JAPAN",http://iiif.io/api/presentation/2#rightToLeftDirection,,総合図書館所蔵青洲文庫,0319,,https://iiif.dl.itc.u-tokyo.ac.jp/repo/iiif/e1cff6f6-1c93-51c8-479e-b1395b5c0a54/manifest,,,,,70
源氏物語 54巻 [52],A00:5823,ゲンジ モノガタリ,紫式部,54,[出版者不明],[寛永正保年間],和古書,日本語,書名は小口貼紙(墨書)による|内容著作名は題簽による|責任表示は『日本古典籍総合目録データベース』による|四周無辺無界11行|漢字平仮名交じり文|帙題簽に「古活字版」との墨書あり|印記: 「青洲文庫」|虫損あり,http://tify.sub.uni-goettingen.de/demo.html?manifest=https://archdataset.dl.itc.u-tokyo.ac.jp/manifest/29c28fd6-8499-9731-56ff-57e358a466e8.json,29c28fd6-8499-9731-56ff-57e358a466e8,https://iiif.dl.itc.u-tokyo.ac.jp/repo/s/seishu/,https://iiif.dl.itc.u-tokyo.ac.jp/repo/s/seishu/document/29c28fd6-8499-9731-56ff-57e358a466e8,https://www.lib.u-tokyo.ac.jp/ja/library/contents/archives-top/reuse,https://iiif.dl.itc.u-tokyo.ac.jp/repo/files/medium/efd054581456c631d9b0648e9d8967a25bc40a83.jpg,https://iiif.dl.itc.u-tokyo.ac.jp/repo/api/items/1381118,"東京大学総合図書館 General Library, The University of Tokyo, JAPAN",http://iiif.io/api/presentation/2#rightToLeftDirection,,総合図書館所蔵青洲文庫,0320,,https://iiif.dl.itc.u-tokyo.ac.jp/repo/iiif/29c28fd6-8499-9731-56ff-57e358a466e8/manifest,,,,,57
源氏物語 54巻 [53],A00:5823,ゲンジ モノガタリ,紫式部,54,[出版者不明],[寛永正保年間],和古書,日本語,書名は小口貼紙(墨書)による|内容著作名は題簽による|責任表示は『日本古典籍総合目録データベース』による|四周無辺無界11行|漢字平仮名交じり文|帙題簽に「古活字版」との墨書あり|印記: 「青洲文庫」|虫損あり,http://tify.sub.uni-goettingen.de/demo.html?manifest=https://archdataset.dl.itc.u-tokyo.ac.jp/manifest/675e795c-16a3-621a-4a29-73f75e31903c.json,675e795c-16a3-621a-4a29-73f75e31903c,https://iiif.dl.itc.u-tokyo.ac.jp/repo/s/seishu/,https://iiif.dl.itc.u-tokyo.ac.jp/repo/s/seishu/document/675e795c-16a3-621a-4a29-73f75e31903c,https://www.lib.u-tokyo.ac.jp/ja/library/contents/archives-top/reuse,https://iiif.dl.itc.u-tokyo.ac.jp/repo/files/medium/83298af85e58aa8bb3287872ca5064f1d0df1cb1.jpg,https://iiif.dl.itc.u-tokyo.ac.jp/repo/api/items/1381117,"東京大学総合図書館 General Library, The University of Tokyo, JAPAN",http://iiif.io/api/presentation/2#rightToLeftDirection,,総合図書館所蔵青洲文庫,0321,,https://iiif.dl.itc.u-tokyo.ac.jp/repo/iiif/675e795c-16a3-621a-4a29-73f75e31903c/manifest,,,,,66
源氏物語 54巻 [54],A00:5823,ゲンジ モノガタリ,紫式部,54,[出版者不明],[寛永正保年間],和古書,日本語,書名は小口貼紙(墨書)による|内容著作名は題簽による|責任表示は『日本古典籍総合目録データベース』による|四周無辺無界11行|漢字平仮名交じり文|帙題簽に「古活字版」との墨書あり|印記: 「青洲文庫」|虫損あり,http://tify.sub.uni-goettingen.de/demo.html?manifest=https://archdataset.dl.itc.u-tokyo.ac.jp/manifest/049bea03-9116-3e31-0ac6-84be3c3b6392.json,049bea03-9116-3e31-0ac6-84be3c3b6392,https://iiif.dl.itc.u-tokyo.ac.jp/repo/s/seishu/,https://iiif.dl.itc.u-tokyo.ac.jp/repo/s/seishu/document/049bea03-9116-3e31-0ac6-84be3c3b6392,https://www.lib.u-tokyo.ac.jp/ja/library/contents/archives-top/reuse,https://iiif.dl.itc.u-tokyo.ac.jp/repo/files/medium/9e84c5baa5971cfc9bc68222247ed5ee7063eba1.jpg,https://iiif.dl.itc.u-tokyo.ac.jp/repo/api/items/1381116,"東京大学総合図書館 General Library, The University of Tokyo, JAPAN",http://iiif.io/api/presentation/2#rightToLeftDirection,,総合図書館所蔵青洲文庫,0322,,https://iiif.dl.itc.u-tokyo.ac.jp/repo/iiif/049bea03-9116-3e31-0ac6-84be3c3b6392/manifest,,,,,20
兀菴和尚語録,A00:5825,ゴッタン オショウ ゴロク,兀庵普寧,1,[景用],[南宋末年],和古書,日本語,"書名は題簽(墨書)による|小口書: 兀菴録|帙題簽の書名(墨書): 宋槧兀菴語録|箱の書名(墨書): 宋版兀菴禪師語録|巻末に「你等曽見巨福山長老麼屋裏人荅曰未曽見兵衛云我自去巨福山參見長老即自來建長寺侍者寮説如上夢事了便得見 兀庵和尚在佛殿領衆行道諷經果如夢見一同始信夢事真實見者聞者手舞足蹈 時景用在侍傍同衆親見是事即略記之」とあり|跋末に「寶祐六年季夏望日晉陵尤煜」とあり|刊記に「小師景用命工鋟板」とあり|左右双辺有界11行20字注文双行, 内匡廓: 19.4×11.8cm, 白口上黒魚尾|見返しに「清蔭識」との墨筆識語あり|帙題簽に「華園隣花傳来」との墨書あり|箱に「太田道灌所藏本」, 「師者寂於至元十三年中冬龍翔寺因敇謚宗覺禪師」との墨書あり|印記: 「徳」, 「令啚慧果」, 「亮印」, 「四釋玄窩」, 「悟庵」|虫損あり (裏打ち補修あり)",http://tify.sub.uni-goettingen.de/demo.html?manifest=https://archdataset.dl.itc.u-tokyo.ac.jp/manifest/51433829-3793-6519-6a1e-cb5a899c746b.json,51433829-3793-6519-6a1e-cb5a899c746b,https://iiif.dl.itc.u-tokyo.ac.jp/repo/s/seishu/,https://iiif.dl.itc.u-tokyo.ac.jp/repo/s/seishu/document/51433829-3793-6519-6a1e-cb5a899c746b,https://www.lib.u-tokyo.ac.jp/ja/library/contents/archives-top/reuse,https://iiif.dl.itc.u-tokyo.ac.jp/repo/files/medium/0a484122500b0eb23dd4fd908ce737d5c6a467bb.jpg,https://iiif.dl.itc.u-tokyo.ac.jp/repo/api/items/1381115,"東京大学総合図書館 General Library, The University of Tokyo, JAPAN",http://iiif.io/api/presentation/2#rightToLeftDirection,,総合図書館所蔵青洲文庫,0323,,https://iiif.dl.itc.u-tokyo.ac.jp/repo/iiif/51433829-3793-6519-6a1e-cb5a899c746b/manifest,,,,,92
中庸章句詳説 [1],A00:5826,チュウヨウ ショウク ショウセツ,朱 熹,2,[出版者不明],[元末明初],和古書,日本語,"巻冊次は表紙(墨書)による|書名は序首による|版心の書名: 中庸, 中庸句, 中句, 中句詳説, 中句詳, 中句説|表紙の書名(墨書): 中庸詳説|四周双辺有界12行23字, 内匡廓: 19.6×13.0cm, 中黒口双黒魚尾|句点あり|序首の内題下に「妙覺寺常住日奥」との朱書あり|箱に「宋槧本」との墨書あり|朱点, 朱引,  朱筆書き入れあり|渦雲に竜の丸文様の緞子帙表紙を使用|印記: 「永昌學園」, 「如射書堂圖書記」, 「青洲文庫」(渡辺信)|虫損あり (裏打ち補修あり)",http://tify.sub.uni-goettingen.de/demo.html?manifest=https://archdataset.dl.itc.u-tokyo.ac.jp/manifest/1b065a11-5072-7671-531f-e00cb2445092.json,1b065a11-5072-7671-531f-e00cb2445092,https://iiif.dl.itc.u-tokyo.ac.jp/repo/s/seishu/,https://iiif.dl.itc.u-tokyo.ac.jp/repo/s/seishu/document/1b065a11-5072-7671-531f-e00cb2445092,https://www.lib.u-tokyo.ac.jp/ja/library/contents/archives-top/reuse,https://iiif.dl.itc.u-tokyo.ac.jp/repo/files/medium/4cc7b2bb05b262665cbfc96769c70797cc0f7798.jpg,https://iiif.dl.itc.u-tokyo.ac.jp/repo/api/items/1381114,"東京大学総合図書館 General Library, The University of Tokyo, JAPAN",http://iiif.io/api/presentation/2#rightToLeftDirection,,総合図書館所蔵青洲文庫,0324,,https://iiif.dl.itc.u-tokyo.ac.jp/repo/iiif/1b065a11-5072-7671-531f-e00cb2445092/manifest,,,,,64
中庸章句詳説 [2],A00:5826,チュウヨウ ショウク ショウセツ,朱 熹,2,[出版者不明],[元末明初],和古書,日本語,"巻冊次は表紙(墨書)による|書名は序首による|版心の書名: 中庸, 中庸句, 中句, 中句詳説, 中句詳, 中句説|表紙の書名(墨書): 中庸詳説|四周双辺有界12行23字, 内匡廓: 19.6×13.0cm, 中黒口双黒魚尾|句点あり|序首の内題下に「妙覺寺常住日奥」との朱書あり|箱に「宋槧本」との墨書あり|朱点, 朱引,  朱筆書き入れあり|渦雲に竜の丸文様の緞子帙表紙を使用|印記: 「永昌學園」, 「如射書堂圖書記」, 「青洲文庫」(渡辺信)|虫損あり (裏打ち補修あり)",http://tify.sub.uni-goettingen.de/demo.html?manifest=https://archdataset.dl.itc.u-tokyo.ac.jp/manifest/6a5010b7-27b7-69fe-663d-5fcd6f5e81b1.json,6a5010b7-27b7-69fe-663d-5fcd6f5e81b1,https://iiif.dl.itc.u-tokyo.ac.jp/repo/s/seishu/,https://iiif.dl.itc.u-tokyo.ac.jp/repo/s/seishu/document/6a5010b7-27b7-69fe-663d-5fcd6f5e81b1,https://www.lib.u-tokyo.ac.jp/ja/library/contents/archives-top/reuse,https://iiif.dl.itc.u-tokyo.ac.jp/repo/files/medium/7299d1e23f65f36a225eed9ff554a49ff99bcd75.jpg,https://iiif.dl.itc.u-tokyo.ac.jp/repo/api/items/1381113,"東京大学総合図書館 General Library, The University of Tokyo, JAPAN",http://iiif.io/api/presentation/2#rightToLeftDirection,,総合図書館所蔵青洲文庫,0325,,https://iiif.dl.itc.u-tokyo.ac.jp/repo/iiif/6a5010b7-27b7-69fe-663d-5fcd6f5e81b1/manifest,,,,,53
帝鑑圖説 2巻 [1],A00:5827,テイカン ズセツ,張 居正,6,[出版者不明],[慶長年間],和古書,日本語,"書名は叙首及び題簽による|巻冊次は題簽による|序末に「萬暦癸酉仲春吉日禮部尚書兼翰林院學士華亭陸樹聲譔」とあり|後序末に「萬暦元年孟夏之吉吏部左侍郎兼翰林院侍讀學士掌詹事府事豫章王希烈譔」とあり|版心による巻冊次表示: 前(仁, 義, 禮, 智). 後(中, 和)|四周双辺有界9行19字, 内匡廓: 22.0×14.5cm, 中黒口双花魚尾|古活字版|拠萬暦元(1573)後序刊本覆刻|大尾に「慶長版帝鑑圖説五本 表題光悦筆 稀世之珎也」との墨書あり|印記: 「廣昌堂記」, 「青洲文庫」(渡辺信)|虫損あり",http://tify.sub.uni-goettingen.de/demo.html?manifest=https://archdataset.dl.itc.u-tokyo.ac.jp/manifest/39544928-842f-1a4e-570d-5d67a98a5d65.json,39544928-842f-1a4e-570d-5d67a98a5d65,https://iiif.dl.itc.u-tokyo.ac.jp/repo/s/seishu/,https://iiif.dl.itc.u-tokyo.ac.jp/repo/s/seishu/document/39544928-842f-1a4e-570d-5d67a98a5d65,https://www.lib.u-tokyo.ac.jp/ja/library/contents/archives-top/reuse,https://iiif.dl.itc.u-tokyo.ac.jp/repo/files/medium/d8eceb1819546b2d8cad1d424e1a449b3809b574.jpg,https://iiif.dl.itc.u-tokyo.ac.jp/repo/api/items/1381112,"東京大学総合図書館 General Library, The University of Tokyo, JAPAN",http://iiif.io/api/presentation/2#rightToLeftDirection,,総合図書館所蔵青洲文庫,0326,,https://iiif.dl.itc.u-tokyo.ac.jp/repo/iiif/39544928-842f-1a4e-570d-5d67a98a5d65/manifest,,,,,63
帝鑑圖説 2巻 [2],A00:5827,テイカン ズセツ,張 居正,6,[出版者不明],[慶長年間],和古書,日本語,"書名は叙首及び題簽による|巻冊次は題簽による|序末に「萬暦癸酉仲春吉日禮部尚書兼翰林院學士華亭陸樹聲譔」とあり|後序末に「萬暦元年孟夏之吉吏部左侍郎兼翰林院侍讀學士掌詹事府事豫章王希烈譔」とあり|版心による巻冊次表示: 前(仁, 義, 禮, 智). 後(中, 和)|四周双辺有界9行19字, 内匡廓: 22.0×14.5cm, 中黒口双花魚尾|古活字版|拠萬暦元(1573)後序刊本覆刻|大尾に「慶長版帝鑑圖説五本 表題光悦筆 稀世之珎也」との墨書あり|印記: 「廣昌堂記」, 「青洲文庫」(渡辺信)|虫損あり",http://tify.sub.uni-goettingen.de/demo.html?manifest=https://archdataset.dl.itc.u-tokyo.ac.jp/manifest/014c7caf-232f-9435-2fa4-ec9bb1b2162a.json,014c7caf-232f-9435-2fa4-ec9bb1b2162a,https://iiif.dl.itc.u-tokyo.ac.jp/repo/s/seishu/,https://iiif.dl.itc.u-tokyo.ac.jp/repo/s/seishu/document/014c7caf-232f-9435-2fa4-ec9bb1b2162a,https://www.lib.u-tokyo.ac.jp/ja/library/contents/archives-top/reuse,https://iiif.dl.itc.u-tokyo.ac.jp/repo/files/medium/7d0092a42d88a82fff67fa4ff2728823e159830a.jpg,https://iiif.dl.itc.u-tokyo.ac.jp/repo/api/items/1381111,"東京大学総合図書館 General Library, The University of Tokyo, JAPAN",http://iiif.io/api/presentation/2#rightToLeftDirection,,総合図書館所蔵青洲文庫,0327,,https://iiif.dl.itc.u-tokyo.ac.jp/repo/iiif/014c7caf-232f-9435-2fa4-ec9bb1b2162a/manifest,,,,,56
帝鑑圖説 2巻 [3],A00:5827,テイカン ズセツ,張 居正,6,[出版者不明],[慶長年間],和古書,日本語,"書名は叙首及び題簽による|巻冊次は題簽による|序末に「萬暦癸酉仲春吉日禮部尚書兼翰林院學士華亭陸樹聲譔」とあり|後序末に「萬暦元年孟夏之吉吏部左侍郎兼翰林院侍讀學士掌詹事府事豫章王希烈譔」とあり|版心による巻冊次表示: 前(仁, 義, 禮, 智). 後(中, 和)|四周双辺有界9行19字, 内匡廓: 22.0×14.5cm, 中黒口双花魚尾|古活字版|拠萬暦元(1573)後序刊本覆刻|大尾に「慶長版帝鑑圖説五本 表題光悦筆 稀世之珎也」との墨書あり|印記: 「廣昌堂記」, 「青洲文庫」(渡辺信)|虫損あり",http://tify.sub.uni-goettingen.de/demo.html?manifest=https://archdataset.dl.itc.u-tokyo.ac.jp/manifest/58fc899f-8a1a-2b71-8d96-98efb559969b.json,58fc899f-8a1a-2b71-8d96-98efb559969b,https://iiif.dl.itc.u-tokyo.ac.jp/repo/s/seishu/,https://iiif.dl.itc.u-tokyo.ac.jp/repo/s/seishu/document/58fc899f-8a1a-2b71-8d96-98efb559969b,https://www.lib.u-tokyo.ac.jp/ja/library/contents/archives-top/reuse,https://iiif.dl.itc.u-tokyo.ac.jp/repo/files/medium/4b1faf7cc7f2f7561071fa4ab254058643f99116.jpg,https://iiif.dl.itc.u-tokyo.ac.jp/repo/api/items/1381110,"東京大学総合図書館 General Library, The University of Tokyo, JAPAN",http://iiif.io/api/presentation/2#rightToLeftDirection,,総合図書館所蔵青洲文庫,0328,,https://iiif.dl.itc.u-tokyo.ac.jp/repo/iiif/58fc899f-8a1a-2b71-8d96-98efb559969b/manifest,,,,,63
帝鑑圖説 2巻 [4],A00:5827,テイカン ズセツ,張 居正,6,[出版者不明],[慶長年間],和古書,日本語,"書名は叙首及び題簽による|巻冊次は題簽による|序末に「萬暦癸酉仲春吉日禮部尚書兼翰林院學士華亭陸樹聲譔」とあり|後序末に「萬暦元年孟夏之吉吏部左侍郎兼翰林院侍讀學士掌詹事府事豫章王希烈譔」とあり|版心による巻冊次表示: 前(仁, 義, 禮, 智). 後(中, 和)|四周双辺有界9行19字, 内匡廓: 22.0×14.5cm, 中黒口双花魚尾|古活字版|拠萬暦元(1573)後序刊本覆刻|大尾に「慶長版帝鑑圖説五本 表題光悦筆 稀世之珎也」との墨書あり|印記: 「廣昌堂記」, 「青洲文庫」(渡辺信)|虫損あり",http://tify.sub.uni-goettingen.de/demo.html?manifest=https://archdataset.dl.itc.u-tokyo.ac.jp/manifest/ecdafc1c-a687-9c29-6eb3-a5b1f35930b3.json,ecdafc1c-a687-9c29-6eb3-a5b1f35930b3,https://iiif.dl.itc.u-tokyo.ac.jp/repo/s/seishu/,https://iiif.dl.itc.u-tokyo.ac.jp/repo/s/seishu/document/ecdafc1c-a687-9c29-6eb3-a5b1f35930b3,https://www.lib.u-tokyo.ac.jp/ja/library/contents/archives-top/reuse,https://iiif.dl.itc.u-tokyo.ac.jp/repo/files/medium/4553bda3006c32e24cdf7463f1abe87874a3e8da.jpg,https://iiif.dl.itc.u-tokyo.ac.jp/repo/api/items/1381109,"東京大学総合図書館 General Library, The University of Tokyo, JAPAN",http://iiif.io/api/presentation/2#rightToLeftDirection,,総合図書館所蔵青洲文庫,0329,,https://iiif.dl.itc.u-tokyo.ac.jp/repo/iiif/ecdafc1c-a687-9c29-6eb3-a5b1f35930b3/manifest,,,,,60
帝鑑圖説 2巻 [5],A00:5827,テイカン ズセツ,張 居正,6,[出版者不明],[慶長年間],和古書,日本語,"書名は叙首及び題簽による|巻冊次は題簽による|序末に「萬暦癸酉仲春吉日禮部尚書兼翰林院學士華亭陸樹聲譔」とあり|後序末に「萬暦元年孟夏之吉吏部左侍郎兼翰林院侍讀學士掌詹事府事豫章王希烈譔」とあり|版心による巻冊次表示: 前(仁, 義, 禮, 智). 後(中, 和)|四周双辺有界9行19字, 内匡廓: 22.0×14.5cm, 中黒口双花魚尾|古活字版|拠萬暦元(1573)後序刊本覆刻|大尾に「慶長版帝鑑圖説五本 表題光悦筆 稀世之珎也」との墨書あり|印記: 「廣昌堂記」, 「青洲文庫」(渡辺信)|虫損あり",http://tify.sub.uni-goettingen.de/demo.html?manifest=https://archdataset.dl.itc.u-tokyo.ac.jp/manifest/4c122f94-527d-66ca-8f46-ce7829927dc4.json,4c122f94-527d-66ca-8f46-ce7829927dc4,https://iiif.dl.itc.u-tokyo.ac.jp/repo/s/seishu/,https://iiif.dl.itc.u-tokyo.ac.jp/repo/s/seishu/document/4c122f94-527d-66ca-8f46-ce7829927dc4,https://www.lib.u-tokyo.ac.jp/ja/library/contents/archives-top/reuse,https://iiif.dl.itc.u-tokyo.ac.jp/repo/files/medium/739a4afc10540fe93c34d2fd6e58576bf5618966.jpg,https://iiif.dl.itc.u-tokyo.ac.jp/repo/api/items/1381108,"東京大学総合図書館 General Library, The University of Tokyo, JAPAN",http://iiif.io/api/presentation/2#rightToLeftDirection,,総合図書館所蔵青洲文庫,0330,,https://iiif.dl.itc.u-tokyo.ac.jp/repo/iiif/4c122f94-527d-66ca-8f46-ce7829927dc4/manifest,,,,,60
帝鑑圖説 2巻 [6],A00:5827,テイカン ズセツ,張 居正,6,[出版者不明],[慶長年間],和古書,日本語,"書名は叙首及び題簽による|巻冊次は題簽による|序末に「萬暦癸酉仲春吉日禮部尚書兼翰林院學士華亭陸樹聲譔」とあり|後序末に「萬暦元年孟夏之吉吏部左侍郎兼翰林院侍讀學士掌詹事府事豫章王希烈譔」とあり|版心による巻冊次表示: 前(仁, 義, 禮, 智). 後(中, 和)|四周双辺有界9行19字, 内匡廓: 22.0×14.5cm, 中黒口双花魚尾|古活字版|拠萬暦元(1573)後序刊本覆刻|大尾に「慶長版帝鑑圖説五本 表題光悦筆 稀世之珎也」との墨書あり|印記: 「廣昌堂記」, 「青洲文庫」(渡辺信)|虫損あり",http://tify.sub.uni-goettingen.de/demo.html?manifest=https://archdataset.dl.itc.u-tokyo.ac.jp/manifest/d0756ac5-05fd-73cf-5e85-aec8f8545608.json,d0756ac5-05fd-73cf-5e85-aec8f8545608,https://iiif.dl.itc.u-tokyo.ac.jp/repo/s/seishu/,https://iiif.dl.itc.u-tokyo.ac.jp/repo/s/seishu/document/d0756ac5-05fd-73cf-5e85-aec8f8545608,https://www.lib.u-tokyo.ac.jp/ja/library/contents/archives-top/reuse,https://iiif.dl.itc.u-tokyo.ac.jp/repo/files/medium/41f68bef439b03ffcb01b16ee1a70fb82b11f439.jpg,https://iiif.dl.itc.u-tokyo.ac.jp/repo/api/items/1381107,"東京大学総合図書館 General Library, The University of Tokyo, JAPAN",http://iiif.io/api/presentation/2#rightToLeftDirection,,総合図書館所蔵青洲文庫,0331,,https://iiif.dl.itc.u-tokyo.ac.jp/repo/iiif/d0756ac5-05fd-73cf-5e85-aec8f8545608/manifest,,,,,54
見聞軍抄 8巻 (存7巻) [1],A00:5828,ケンモン グンショウ,三浦 浄心,7,[出版者不明],[江戸前期],和古書,日本語,"[序]中の書名: 見聞抄|版心の書名: 見聞|責任表示は『日本古典籍総合目録データベース』による|[序]に「今慶長十九嵗迠のいくさを記す予是を拾ひおし八冊にあつめ一部とし見聞軍抄と名付たり」とあり|四周無辺無界10行, 白口無魚尾|付訓あり|巻之8を欠く|落丁あり (巻之7丁17)|印記: 「青洲文庫」(渡辺信)|汚損あり",http://tify.sub.uni-goettingen.de/demo.html?manifest=https://archdataset.dl.itc.u-tokyo.ac.jp/manifest/88f8c368-03a4-67a9-900e-642fdfa55b84.json,88f8c368-03a4-67a9-900e-642fdfa55b84,https://iiif.dl.itc.u-tokyo.ac.jp/repo/s/seishu/,https://iiif.dl.itc.u-tokyo.ac.jp/repo/s/seishu/document/88f8c368-03a4-67a9-900e-642fdfa55b84,https://www.lib.u-tokyo.ac.jp/ja/library/contents/archives-top/reuse,https://iiif.dl.itc.u-tokyo.ac.jp/repo/files/medium/3bffde2cb33823c4d310792627d3ab8d44d12a9d.jpg,https://iiif.dl.itc.u-tokyo.ac.jp/repo/api/items/1381106,"東京大学総合図書館 General Library, The University of Tokyo, JAPAN",http://iiif.io/api/presentation/2#rightToLeftDirection,,総合図書館所蔵青洲文庫,0332,,https://iiif.dl.itc.u-tokyo.ac.jp/repo/iiif/88f8c368-03a4-67a9-900e-642fdfa55b84/manifest,,,,,58
見聞軍抄 8巻 (存7巻) [2],A00:5828,ケンモン グンショウ,三浦 浄心,7,[出版者不明],[江戸前期],和古書,日本語,"[序]中の書名: 見聞抄|版心の書名: 見聞|責任表示は『日本古典籍総合目録データベース』による|[序]に「今慶長十九嵗迠のいくさを記す予是を拾ひおし八冊にあつめ一部とし見聞軍抄と名付たり」とあり|四周無辺無界10行, 白口無魚尾|付訓あり|巻之8を欠く|落丁あり (巻之7丁17)|印記: 「青洲文庫」(渡辺信)|汚損あり",http://tify.sub.uni-goettingen.de/demo.html?manifest=https://archdataset.dl.itc.u-tokyo.ac.jp/manifest/f158fd89-67a0-5e08-3a55-76b1efa33c47.json,f158fd89-67a0-5e08-3a55-76b1efa33c47,https://iiif.dl.itc.u-tokyo.ac.jp/repo/s/seishu/,https://iiif.dl.itc.u-tokyo.ac.jp/repo/s/seishu/document/f158fd89-67a0-5e08-3a55-76b1efa33c47,https://www.lib.u-tokyo.ac.jp/ja/library/contents/archives-top/reuse,https://iiif.dl.itc.u-tokyo.ac.jp/repo/files/medium/b41d6608da293f4f6a11f5198498bec28c5dc1bc.jpg,https://iiif.dl.itc.u-tokyo.ac.jp/repo/api/items/1381105,"東京大学総合図書館 General Library, The University of Tokyo, JAPAN",http://iiif.io/api/presentation/2#rightToLeftDirection,,総合図書館所蔵青洲文庫,0333,,https://iiif.dl.itc.u-tokyo.ac.jp/repo/iiif/f158fd89-67a0-5e08-3a55-76b1efa33c47/manifest,,,,,50
見聞軍抄 8巻 (存7巻) [3],A00:5828,ケンモン グンショウ,三浦 浄心,7,[出版者不明],[江戸前期],和古書,日本語,"[序]中の書名: 見聞抄|版心の書名: 見聞|責任表示は『日本古典籍総合目録データベース』による|[序]に「今慶長十九嵗迠のいくさを記す予是を拾ひおし八冊にあつめ一部とし見聞軍抄と名付たり」とあり|四周無辺無界10行, 白口無魚尾|付訓あり|巻之8を欠く|落丁あり (巻之7丁17)|印記: 「青洲文庫」(渡辺信)|汚損あり",http://tify.sub.uni-goettingen.de/demo.html?manifest=https://archdataset.dl.itc.u-tokyo.ac.jp/manifest/6575bb93-0326-55c0-0811-bc8bf021a1f5.json,6575bb93-0326-55c0-0811-bc8bf021a1f5,https://iiif.dl.itc.u-tokyo.ac.jp/repo/s/seishu/,https://iiif.dl.itc.u-tokyo.ac.jp/repo/s/seishu/document/6575bb93-0326-55c0-0811-bc8bf021a1f5,https://www.lib.u-tokyo.ac.jp/ja/library/contents/archives-top/reuse,https://iiif.dl.itc.u-tokyo.ac.jp/repo/files/medium/f617d20bdba104fc642c56547261a71cc88dea14.jpg,https://iiif.dl.itc.u-tokyo.ac.jp/repo/api/items/1381104,"東京大学総合図書館 General Library, The University of Tokyo, JAPAN",http://iiif.io/api/presentation/2#rightToLeftDirection,,総合図書館所蔵青洲文庫,0334,,https://iiif.dl.itc.u-tokyo.ac.jp/repo/iiif/6575bb93-0326-55c0-0811-bc8bf021a1f5/manifest,,,,,51
見聞軍抄 8巻 (存7巻) [4],A00:5828,ケンモン グンショウ,三浦 浄心,7,[出版者不明],[江戸前期],和古書,日本語,"[序]中の書名: 見聞抄|版心の書名: 見聞|責任表示は『日本古典籍総合目録データベース』による|[序]に「今慶長十九嵗迠のいくさを記す予是を拾ひおし八冊にあつめ一部とし見聞軍抄と名付たり」とあり|四周無辺無界10行, 白口無魚尾|付訓あり|巻之8を欠く|落丁あり (巻之7丁17)|印記: 「青洲文庫」(渡辺信)|汚損あり",http://tify.sub.uni-goettingen.de/demo.html?manifest=https://archdataset.dl.itc.u-tokyo.ac.jp/manifest/232a16c4-5ecb-0c3c-93d8-7482ac52109d.json,232a16c4-5ecb-0c3c-93d8-7482ac52109d,https://iiif.dl.itc.u-tokyo.ac.jp/repo/s/seishu/,https://iiif.dl.itc.u-tokyo.ac.jp/repo/s/seishu/document/232a16c4-5ecb-0c3c-93d8-7482ac52109d,https://www.lib.u-tokyo.ac.jp/ja/library/contents/archives-top/reuse,https://iiif.dl.itc.u-tokyo.ac.jp/repo/files/medium/633a2d5f4fc39419824640108e68fcad071b8f02.jpg,https://iiif.dl.itc.u-tokyo.ac.jp/repo/api/items/1381103,"東京大学総合図書館 General Library, The University of Tokyo, JAPAN",http://iiif.io/api/presentation/2#rightToLeftDirection,,総合図書館所蔵青洲文庫,0335,,https://iiif.dl.itc.u-tokyo.ac.jp/repo/iiif/232a16c4-5ecb-0c3c-93d8-7482ac52109d/manifest,,,,,60
見聞軍抄 8巻 (存7巻) [5],A00:5828,ケンモン グンショウ,三浦 浄心,7,[出版者不明],[江戸前期],和古書,日本語,"[序]中の書名: 見聞抄|版心の書名: 見聞|責任表示は『日本古典籍総合目録データベース』による|[序]に「今慶長十九嵗迠のいくさを記す予是を拾ひおし八冊にあつめ一部とし見聞軍抄と名付たり」とあり|四周無辺無界10行, 白口無魚尾|付訓あり|巻之8を欠く|落丁あり (巻之7丁17)|印記: 「青洲文庫」(渡辺信)|汚損あり",http://tify.sub.uni-goettingen.de/demo.html?manifest=https://archdataset.dl.itc.u-tokyo.ac.jp/manifest/b37a1598-6bcd-0c18-6464-abe2988f0594.json,b37a1598-6bcd-0c18-6464-abe2988f0594,https://iiif.dl.itc.u-tokyo.ac.jp/repo/s/seishu/,https://iiif.dl.itc.u-tokyo.ac.jp/repo/s/seishu/document/b37a1598-6bcd-0c18-6464-abe2988f0594,https://www.lib.u-tokyo.ac.jp/ja/library/contents/archives-top/reuse,https://iiif.dl.itc.u-tokyo.ac.jp/repo/files/medium/8532423015e4f65840da194d5463576d15d0c631.jpg,https://iiif.dl.itc.u-tokyo.ac.jp/repo/api/items/1381102,"東京大学総合図書館 General Library, The University of Tokyo, JAPAN",http://iiif.io/api/presentation/2#rightToLeftDirection,,総合図書館所蔵青洲文庫,0336,,https://iiif.dl.itc.u-tokyo.ac.jp/repo/iiif/b37a1598-6bcd-0c18-6464-abe2988f0594/manifest,,,,,56
見聞軍抄 8巻 (存7巻) [6],A00:5828,ケンモン グンショウ,三浦 浄心,7,[出版者不明],[江戸前期],和古書,日本語,"[序]中の書名: 見聞抄|版心の書名: 見聞|責任表示は『日本古典籍総合目録データベース』による|[序]に「今慶長十九嵗迠のいくさを記す予是を拾ひおし八冊にあつめ一部とし見聞軍抄と名付たり」とあり|四周無辺無界10行, 白口無魚尾|付訓あり|巻之8を欠く|落丁あり (巻之7丁17)|印記: 「青洲文庫」(渡辺信)|汚損あり",http://tify.sub.uni-goettingen.de/demo.html?manifest=https://archdataset.dl.itc.u-tokyo.ac.jp/manifest/72b95706-2aed-84ae-7b61-7cc1c4d56034.json,72b95706-2aed-84ae-7b61-7cc1c4d56034,https://iiif.dl.itc.u-tokyo.ac.jp/repo/s/seishu/,https://iiif.dl.itc.u-tokyo.ac.jp/repo/s/seishu/document/72b95706-2aed-84ae-7b61-7cc1c4d56034,https://www.lib.u-tokyo.ac.jp/ja/library/contents/archives-top/reuse,https://iiif.dl.itc.u-tokyo.ac.jp/repo/files/medium/c68802e12ce765455ea1f17c17ac21a4c2c1a858.jpg,https://iiif.dl.itc.u-tokyo.ac.jp/repo/api/items/1381101,"東京大学総合図書館 General Library, The University of Tokyo, JAPAN",http://iiif.io/api/presentation/2#rightToLeftDirection,,総合図書館所蔵青洲文庫,0337,,https://iiif.dl.itc.u-tokyo.ac.jp/repo/iiif/72b95706-2aed-84ae-7b61-7cc1c4d56034/manifest,,,,,71
見聞軍抄 8巻 (存7巻) [7],A00:5828,ケンモン グンショウ,三浦 浄心,7,[出版者不明],[江戸前期],和古書,日本語,"[序]中の書名: 見聞抄|版心の書名: 見聞|責任表示は『日本古典籍総合目録データベース』による|[序]に「今慶長十九嵗迠のいくさを記す予是を拾ひおし八冊にあつめ一部とし見聞軍抄と名付たり」とあり|四周無辺無界10行, 白口無魚尾|付訓あり|巻之8を欠く|落丁あり (巻之7丁17)|印記: 「青洲文庫」(渡辺信)|汚損あり",http://tify.sub.uni-goettingen.de/demo.html?manifest=https://archdataset.dl.itc.u-tokyo.ac.jp/manifest/28a2822e-1346-47f7-74ec-d0138c058219.json,28a2822e-1346-47f7-74ec-d0138c058219,https://iiif.dl.itc.u-tokyo.ac.jp/repo/s/seishu/,https://iiif.dl.itc.u-tokyo.ac.jp/repo/s/seishu/document/28a2822e-1346-47f7-74ec-d0138c058219,https://www.lib.u-tokyo.ac.jp/ja/library/contents/archives-top/reuse,https://iiif.dl.itc.u-tokyo.ac.jp/repo/files/medium/f692c4cac8339fe5c5ea961d3e1cb310b42aa5fd.jpg,https://iiif.dl.itc.u-tokyo.ac.jp/repo/api/items/1381100,"東京大学総合図書館 General Library, The University of Tokyo, JAPAN",http://iiif.io/api/presentation/2#rightToLeftDirection,,総合図書館所蔵青洲文庫,0338,,https://iiif.dl.itc.u-tokyo.ac.jp/repo/iiif/28a2822e-1346-47f7-74ec-d0138c058219/manifest,,,,,61
論語 10巻 [1],A00:5829,ロンゴ,何 晏,2,[出版者不明],[江戸初期],和古書,日本語,"巻末の書名: 論語 : 經註(卷第1), 論語 : 經注(卷第10)|序中の書名:論語集解|表紙の書名(墨書): 圓珠經|小口貼紙の書名: 珠經|四周双辺有界7行17字注文双行, 内匡廓: 21.7×15.4cm, 白口双花魚尾|古活字本|朱点, 朱引あり|墨筆訓点, 書き入れあり|付箋1枚あり|帙に「青洲識」との識語あり|印記: 「稻氏懋修家蔵經史」, 「稻懋修藏書記」, 「養月齋藏」(伊勢貞丈), 「稱意館圖書章」, 「嵯峨仙井文庫」, 「青洲」, 「峨嵋」, 「青洲文庫」(渡辺信)|虫損, 破損あり",http://tify.sub.uni-goettingen.de/demo.html?manifest=https://archdataset.dl.itc.u-tokyo.ac.jp/manifest/d6bd3832-0348-01f5-41d4-8fc5c97211ae.json,d6bd3832-0348-01f5-41d4-8fc5c97211ae,https://iiif.dl.itc.u-tokyo.ac.jp/repo/s/seishu/,https://iiif.dl.itc.u-tokyo.ac.jp/repo/s/seishu/document/d6bd3832-0348-01f5-41d4-8fc5c97211ae,https://www.lib.u-tokyo.ac.jp/ja/library/contents/archives-top/reuse,https://iiif.dl.itc.u-tokyo.ac.jp/repo/files/medium/dde719c22df9d88594db5b40161d48583c04db8e.jpg,https://iiif.dl.itc.u-tokyo.ac.jp/repo/api/items/1381099,"東京大学総合図書館 General Library, The University of Tokyo, JAPAN",http://iiif.io/api/presentation/2#rightToLeftDirection,,総合図書館所蔵青洲文庫,0339,,https://iiif.dl.itc.u-tokyo.ac.jp/repo/iiif/d6bd3832-0348-01f5-41d4-8fc5c97211ae/manifest,,,,,66
論語 10巻 [2],A00:5829,ロンゴ,何 晏,2,[出版者不明],[江戸初期],和古書,日本語,"巻末の書名: 論語 : 經註(卷第1), 論語 : 經注(卷第10)|序中の書名:論語集解|表紙の書名(墨書): 圓珠經|小口貼紙の書名: 珠經|四周双辺有界7行17字注文双行, 内匡廓: 21.7×15.4cm, 白口双花魚尾|古活字本|朱点, 朱引あり|墨筆訓点, 書き入れあり|付箋1枚あり|帙に「青洲識」との識語あり|印記: 「稻氏懋修家蔵經史」, 「稻懋修藏書記」, 「養月齋藏」(伊勢貞丈), 「稱意館圖書章」, 「嵯峨仙井文庫」, 「青洲」, 「峨嵋」, 「青洲文庫」(渡辺信)|虫損, 破損あり",http://tify.sub.uni-goettingen.de/demo.html?manifest=https://archdataset.dl.itc.u-tokyo.ac.jp/manifest/dea96988-6e57-1b77-4739-b8acb1951e2e.json,dea96988-6e57-1b77-4739-b8acb1951e2e,https://iiif.dl.itc.u-tokyo.ac.jp/repo/s/seishu/,https://iiif.dl.itc.u-tokyo.ac.jp/repo/s/seishu/document/dea96988-6e57-1b77-4739-b8acb1951e2e,https://www.lib.u-tokyo.ac.jp/ja/library/contents/archives-top/reuse,https://iiif.dl.itc.u-tokyo.ac.jp/repo/files/medium/39514773f9f70b3e68d3c061b70b5884d41c9233.jpg,https://iiif.dl.itc.u-tokyo.ac.jp/repo/api/items/1381098,"東京大学総合図書館 General Library, The University of Tokyo, JAPAN",http://iiif.io/api/presentation/2#rightToLeftDirection,,総合図書館所蔵青洲文庫,0340,,https://iiif.dl.itc.u-tokyo.ac.jp/repo/iiif/dea96988-6e57-1b77-4739-b8acb1951e2e/manifest,,,,,70
節用集 2巻 (存1巻),A00:5830,セツヨウシュウ,林 宗二,1,[出版者不明],[慶長年間],和古書,日本語,"表紙の書名( 朱書): 慶長板節用集|識語中の書名: 饅頭屋節用集|巻冊次は版心による|四周単辺無界7行14字, 内匡廓: 22.0×17.0cm, 白口無魚尾|付訓あり|拠古活字版覆刻|下を欠く|巻末に「此書世称饅頭屋節用集南都林逸著逸字宗二 ... 篁坡陳人識」, 「此書作者或ハ東福寺ノ虎関ト云或ハ舟橋環翠軒ト云説アレ𪜈皆然ラス南都ノ饅頭屋林宗二ノ作ナリ ... 青洲信識」との墨筆識語あり|印記: 「青洲信印」, 「青洲文庫」(渡辺信)|虫損, 汚損あり (裏打ち補修あり)",http://tify.sub.uni-goettingen.de/demo.html?manifest=https://archdataset.dl.itc.u-tokyo.ac.jp/manifest/a4e78d01-1b30-7efc-a574-2d589397177b.json,a4e78d01-1b30-7efc-a574-2d589397177b,https://iiif.dl.itc.u-tokyo.ac.jp/repo/s/seishu/,https://iiif.dl.itc.u-tokyo.ac.jp/repo/s/seishu/document/a4e78d01-1b30-7efc-a574-2d589397177b,https://www.lib.u-tokyo.ac.jp/ja/library/contents/archives-top/reuse,https://iiif.dl.itc.u-tokyo.ac.jp/repo/files/medium/eedf5942ddbc0a846078eb2db7ddfbb4fd15257b.jpg,https://iiif.dl.itc.u-tokyo.ac.jp/repo/api/items/1381097,"東京大学総合図書館 General Library, The University of Tokyo, JAPAN",http://iiif.io/api/presentation/2#rightToLeftDirection,,総合図書館所蔵青洲文庫,0341,,https://iiif.dl.itc.u-tokyo.ac.jp/repo/iiif/a4e78d01-1b30-7efc-a574-2d589397177b/manifest,,,,,73
周易兼義 9巻坿略例1巻經典釋文1巻 [1],A00:5831,シュウエキ ケンギ,王 弼,8,[出版者不明],[嘉靖年間],和古書,日本語,"序の書名: 周易正義|版心の書名: 易疏, 易畧例, 易什文|小口貼紙の書名: 周易註疏|版心下部に「王冨刋」, 「余清刋」, 「熊文林刋」, 「陸文刋」, 「謝元林刋」, 「葉文輝」などの刻工名あり|四周単辺有界9行21字注文双行, 内匡廓: 19.6×12.6cm, 白口無魚尾|補鈔あり|墨筆書き入れあり|印記: 「仙石文庫」, 「李奚」, 「渡邉氏圖書記」(渡辺春英), 「青洲文庫」(渡辺信)|虫損, 破損あり",http://tify.sub.uni-goettingen.de/demo.html?manifest=https://archdataset.dl.itc.u-tokyo.ac.jp/manifest/dc808448-66f1-3b6a-03ea-767df17c9710.json,dc808448-66f1-3b6a-03ea-767df17c9710,https://iiif.dl.itc.u-tokyo.ac.jp/repo/s/seishu/,https://iiif.dl.itc.u-tokyo.ac.jp/repo/s/seishu/document/dc808448-66f1-3b6a-03ea-767df17c9710,https://www.lib.u-tokyo.ac.jp/ja/library/contents/archives-top/reuse,https://iiif.dl.itc.u-tokyo.ac.jp/repo/files/medium/bed86ef8c8dc43da3cd5b8410b2d1ae300168728.jpg,https://iiif.dl.itc.u-tokyo.ac.jp/repo/api/items/1381096,"東京大学総合図書館 General Library, The University of Tokyo, JAPAN",http://iiif.io/api/presentation/2#rightToLeftDirection,,総合図書館所蔵青洲文庫,0342,,https://iiif.dl.itc.u-tokyo.ac.jp/repo/iiif/dc808448-66f1-3b6a-03ea-767df17c9710/manifest,,,,,71
周易兼義 9巻坿略例1巻經典釋文1巻 [2],A00:5831,シュウエキ ケンギ,王 弼,8,[出版者不明],[嘉靖年間],和古書,日本語,"序の書名: 周易正義|版心の書名: 易疏, 易畧例, 易什文|小口貼紙の書名: 周易註疏|版心下部に「王冨刋」, 「余清刋」, 「熊文林刋」, 「陸文刋」, 「謝元林刋」, 「葉文輝」などの刻工名あり|四周単辺有界9行21字注文双行, 内匡廓: 19.6×12.6cm, 白口無魚尾|補鈔あり|墨筆書き入れあり|印記: 「仙石文庫」, 「李奚」, 「渡邉氏圖書記」(渡辺春英), 「青洲文庫」(渡辺信)|虫損, 破損あり",http://tify.sub.uni-goettingen.de/demo.html?manifest=https://archdataset.dl.itc.u-tokyo.ac.jp/manifest/d1ca9c75-1489-2828-6d81-4df4836f513e.json,d1ca9c75-1489-2828-6d81-4df4836f513e,https://iiif.dl.itc.u-tokyo.ac.jp/repo/s/seishu/,https://iiif.dl.itc.u-tokyo.ac.jp/repo/s/seishu/document/d1ca9c75-1489-2828-6d81-4df4836f513e,https://www.lib.u-tokyo.ac.jp/ja/library/contents/archives-top/reuse,https://iiif.dl.itc.u-tokyo.ac.jp/repo/files/medium/2f2d9306e5cba89ef4855d168b855d1b3dfa38de.jpg,https://iiif.dl.itc.u-tokyo.ac.jp/repo/api/items/1381095,"東京大学総合図書館 General Library, The University of Tokyo, JAPAN",http://iiif.io/api/presentation/2#rightToLeftDirection,,総合図書館所蔵青洲文庫,0343,,https://iiif.dl.itc.u-tokyo.ac.jp/repo/iiif/d1ca9c75-1489-2828-6d81-4df4836f513e/manifest,,,,,62
周易兼義 9巻坿略例1巻經典釋文1巻 [3],A00:5831,シュウエキ ケンギ,王 弼,8,[出版者不明],[嘉靖年間],和古書,日本語,"序の書名: 周易正義|版心の書名: 易疏, 易畧例, 易什文|小口貼紙の書名: 周易註疏|版心下部に「王冨刋」, 「余清刋」, 「熊文林刋」, 「陸文刋」, 「謝元林刋」, 「葉文輝」などの刻工名あり|四周単辺有界9行21字注文双行, 内匡廓: 19.6×12.6cm, 白口無魚尾|補鈔あり|墨筆書き入れあり|印記: 「仙石文庫」, 「李奚」, 「渡邉氏圖書記」(渡辺春英), 「青洲文庫」(渡辺信)|虫損, 破損あり",http://tify.sub.uni-goettingen.de/demo.html?manifest=https://archdataset.dl.itc.u-tokyo.ac.jp/manifest/bf132204-5d53-26c4-8a39-32913b1d847f.json,bf132204-5d53-26c4-8a39-32913b1d847f,https://iiif.dl.itc.u-tokyo.ac.jp/repo/s/seishu/,https://iiif.dl.itc.u-tokyo.ac.jp/repo/s/seishu/document/bf132204-5d53-26c4-8a39-32913b1d847f,https://www.lib.u-tokyo.ac.jp/ja/library/contents/archives-top/reuse,https://iiif.dl.itc.u-tokyo.ac.jp/repo/files/medium/794f5f5fa2db99eb9e5299fc49e9c4116a4959fd.jpg,https://iiif.dl.itc.u-tokyo.ac.jp/repo/api/items/1381094,"東京大学総合図書館 General Library, The University of Tokyo, JAPAN",http://iiif.io/api/presentation/2#rightToLeftDirection,,総合図書館所蔵青洲文庫,0344,,https://iiif.dl.itc.u-tokyo.ac.jp/repo/iiif/bf132204-5d53-26c4-8a39-32913b1d847f/manifest,,,,,66
周易兼義 9巻坿略例1巻經典釋文1巻 [4],A00:5831,シュウエキ ケンギ,王 弼,8,[出版者不明],[嘉靖年間],和古書,日本語,"序の書名: 周易正義|版心の書名: 易疏, 易畧例, 易什文|小口貼紙の書名: 周易註疏|版心下部に「王冨刋」, 「余清刋」, 「熊文林刋」, 「陸文刋」, 「謝元林刋」, 「葉文輝」などの刻工名あり|四周単辺有界9行21字注文双行, 内匡廓: 19.6×12.6cm, 白口無魚尾|補鈔あり|墨筆書き入れあり|印記: 「仙石文庫」, 「李奚」, 「渡邉氏圖書記」(渡辺春英), 「青洲文庫」(渡辺信)|虫損, 破損あり",http://tify.sub.uni-goettingen.de/demo.html?manifest=https://archdataset.dl.itc.u-tokyo.ac.jp/manifest/bb5a5403-241a-8dd8-8943-d1be7c952e6c.json,bb5a5403-241a-8dd8-8943-d1be7c952e6c,https://iiif.dl.itc.u-tokyo.ac.jp/repo/s/seishu/,https://iiif.dl.itc.u-tokyo.ac.jp/repo/s/seishu/document/bb5a5403-241a-8dd8-8943-d1be7c952e6c,https://www.lib.u-tokyo.ac.jp/ja/library/contents/archives-top/reuse,https://iiif.dl.itc.u-tokyo.ac.jp/repo/files/medium/07a6e3fc8b96284a0bc67b72dc61c3a4f665fcae.jpg,https://iiif.dl.itc.u-tokyo.ac.jp/repo/api/items/1381093,"東京大学総合図書館 General Library, The University of Tokyo, JAPAN",http://iiif.io/api/presentation/2#rightToLeftDirection,,総合図書館所蔵青洲文庫,0345,,https://iiif.dl.itc.u-tokyo.ac.jp/repo/iiif/bb5a5403-241a-8dd8-8943-d1be7c952e6c/manifest,,,,,55
周易兼義 9巻坿略例1巻經典釋文1巻 [5],A00:5831,シュウエキ ケンギ,王 弼,8,[出版者不明],[嘉靖年間],和古書,日本語,"序の書名: 周易正義|版心の書名: 易疏, 易畧例, 易什文|小口貼紙の書名: 周易註疏|版心下部に「王冨刋」, 「余清刋」, 「熊文林刋」, 「陸文刋」, 「謝元林刋」, 「葉文輝」などの刻工名あり|四周単辺有界9行21字注文双行, 内匡廓: 19.6×12.6cm, 白口無魚尾|補鈔あり|墨筆書き入れあり|印記: 「仙石文庫」, 「李奚」, 「渡邉氏圖書記」(渡辺春英), 「青洲文庫」(渡辺信)|虫損, 破損あり",http://tify.sub.uni-goettingen.de/demo.html?manifest=https://archdataset.dl.itc.u-tokyo.ac.jp/manifest/bfea2987-3b09-9425-835f-041c38b12e12.json,bfea2987-3b09-9425-835f-041c38b12e12,https://iiif.dl.itc.u-tokyo.ac.jp/repo/s/seishu/,https://iiif.dl.itc.u-tokyo.ac.jp/repo/s/seishu/document/bfea2987-3b09-9425-835f-041c38b12e12,https://www.lib.u-tokyo.ac.jp/ja/library/contents/archives-top/reuse,https://iiif.dl.itc.u-tokyo.ac.jp/repo/files/medium/2960946a538bdeb30669b69b58a18986c1d204f9.jpg,https://iiif.dl.itc.u-tokyo.ac.jp/repo/api/items/1381092,"東京大学総合図書館 General Library, The University of Tokyo, JAPAN",http://iiif.io/api/presentation/2#rightToLeftDirection,,総合図書館所蔵青洲文庫,0346,,https://iiif.dl.itc.u-tokyo.ac.jp/repo/iiif/bfea2987-3b09-9425-835f-041c38b12e12/manifest,,,,,61
周易兼義 9巻坿略例1巻經典釋文1巻 [6],A00:5831,シュウエキ ケンギ,王 弼,8,[出版者不明],[嘉靖年間],和古書,日本語,"序の書名: 周易正義|版心の書名: 易疏, 易畧例, 易什文|小口貼紙の書名: 周易註疏|版心下部に「王冨刋」, 「余清刋」, 「熊文林刋」, 「陸文刋」, 「謝元林刋」, 「葉文輝」などの刻工名あり|四周単辺有界9行21字注文双行, 内匡廓: 19.6×12.6cm, 白口無魚尾|補鈔あり|墨筆書き入れあり|印記: 「仙石文庫」, 「李奚」, 「渡邉氏圖書記」(渡辺春英), 「青洲文庫」(渡辺信)|虫損, 破損あり",http://tify.sub.uni-goettingen.de/demo.html?manifest=https://archdataset.dl.itc.u-tokyo.ac.jp/manifest/c8a9950a-422d-5d5b-a1b4-5b0895269d84.json,c8a9950a-422d-5d5b-a1b4-5b0895269d84,https://iiif.dl.itc.u-tokyo.ac.jp/repo/s/seishu/,https://iiif.dl.itc.u-tokyo.ac.jp/repo/s/seishu/document/c8a9950a-422d-5d5b-a1b4-5b0895269d84,https://www.lib.u-tokyo.ac.jp/ja/library/contents/archives-top/reuse,https://iiif.dl.itc.u-tokyo.ac.jp/repo/files/medium/3b7423630d146704a5123d8f2cf975b4e6869c8d.jpg,https://iiif.dl.itc.u-tokyo.ac.jp/repo/api/items/1381091,"東京大学総合図書館 General Library, The University of Tokyo, JAPAN",http://iiif.io/api/presentation/2#rightToLeftDirection,,総合図書館所蔵青洲文庫,0347,,https://iiif.dl.itc.u-tokyo.ac.jp/repo/iiif/c8a9950a-422d-5d5b-a1b4-5b0895269d84/manifest,,,,,89
周易兼義 9巻坿略例1巻經典釋文1巻 [7],A00:5831,シュウエキ ケンギ,王 弼,8,[出版者不明],[嘉靖年間],和古書,日本語,"序の書名: 周易正義|版心の書名: 易疏, 易畧例, 易什文|小口貼紙の書名: 周易註疏|版心下部に「王冨刋」, 「余清刋」, 「熊文林刋」, 「陸文刋」, 「謝元林刋」, 「葉文輝」などの刻工名あり|四周単辺有界9行21字注文双行, 内匡廓: 19.6×12.6cm, 白口無魚尾|補鈔あり|墨筆書き入れあり|印記: 「仙石文庫」, 「李奚」, 「渡邉氏圖書記」(渡辺春英), 「青洲文庫」(渡辺信)|虫損, 破損あり",http://tify.sub.uni-goettingen.de/demo.html?manifest=https://archdataset.dl.itc.u-tokyo.ac.jp/manifest/8f956fa7-190e-5c30-0466-29d9bf6a7de9.json,8f956fa7-190e-5c30-0466-29d9bf6a7de9,https://iiif.dl.itc.u-tokyo.ac.jp/repo/s/seishu/,https://iiif.dl.itc.u-tokyo.ac.jp/repo/s/seishu/document/8f956fa7-190e-5c30-0466-29d9bf6a7de9,https://www.lib.u-tokyo.ac.jp/ja/library/contents/archives-top/reuse,https://iiif.dl.itc.u-tokyo.ac.jp/repo/files/medium/e932fa84e6d79f043139591de1950d68c6fec8b4.jpg,https://iiif.dl.itc.u-tokyo.ac.jp/repo/api/items/1381090,"東京大学総合図書館 General Library, The University of Tokyo, JAPAN",http://iiif.io/api/presentation/2#rightToLeftDirection,,総合図書館所蔵青洲文庫,0348,,https://iiif.dl.itc.u-tokyo.ac.jp/repo/iiif/8f956fa7-190e-5c30-0466-29d9bf6a7de9/manifest,,,,,57
周易兼義 9巻坿略例1巻經典釋文1巻 [8],A00:5831,シュウエキ ケンギ,王 弼,8,[出版者不明],[嘉靖年間],和古書,日本語,"序の書名: 周易正義|版心の書名: 易疏, 易畧例, 易什文|小口貼紙の書名: 周易註疏|版心下部に「王冨刋」, 「余清刋」, 「熊文林刋」, 「陸文刋」, 「謝元林刋」, 「葉文輝」などの刻工名あり|四周単辺有界9行21字注文双行, 内匡廓: 19.6×12.6cm, 白口無魚尾|補鈔あり|墨筆書き入れあり|印記: 「仙石文庫」, 「李奚」, 「渡邉氏圖書記」(渡辺春英), 「青洲文庫」(渡辺信)|虫損, 破損あり",http://tify.sub.uni-goettingen.de/demo.html?manifest=https://archdataset.dl.itc.u-tokyo.ac.jp/manifest/51353f9a-0b0c-1dbf-8c88-465cd7399abe.json,51353f9a-0b0c-1dbf-8c88-465cd7399abe,https://iiif.dl.itc.u-tokyo.ac.jp/repo/s/seishu/,https://iiif.dl.itc.u-tokyo.ac.jp/repo/s/seishu/document/51353f9a-0b0c-1dbf-8c88-465cd7399abe,https://www.lib.u-tokyo.ac.jp/ja/library/contents/archives-top/reuse,https://iiif.dl.itc.u-tokyo.ac.jp/repo/files/medium/db8947c4e9eab01b9043adffd1ad4f8aa45043a2.jpg,https://iiif.dl.itc.u-tokyo.ac.jp/repo/api/items/1381089,"東京大学総合図書館 General Library, The University of Tokyo, JAPAN",http://iiif.io/api/presentation/2#rightToLeftDirection,,総合図書館所蔵青洲文庫,0349,,https://iiif.dl.itc.u-tokyo.ac.jp/repo/iiif/51353f9a-0b0c-1dbf-8c88-465cd7399abe/manifest,,,,,66
古今韻會舉要小補 30巻 [1],A00:5833,ココン インカイ キョヨウ ショウホ,方 日升,15,[周士顯],[萬暦年間],和古書,日本語,"封面の書名: 李本寧先生輯韻會小補|大尾の書名: 韻會小補|敘の版心書名: 韻會|小口貼紙の書名(墨書): 古今韻會|封面に「本衙蔵板」とあり (魁星印あり)|大尾に「書林余彰徳 余象斗同刻」との刻工名あり|小引末に「手子謙之韻補師學具在為梓於建陽行之以俟博學好古者攷焉 周士顯書」とあり|四周単辺有界8行12字注文双行, 内匡廓: 21.0×13.8cm, 白口無魚尾|卷之11, 12末に補鈔あり|朱点, 朱引, 朱筆書き入れあり|印記: 「定近主人」, 「麹部之印」, 「青洲文庫」(渡辺信)|虫損, 破損あり",http://tify.sub.uni-goettingen.de/demo.html?manifest=https://archdataset.dl.itc.u-tokyo.ac.jp/manifest/14f444a6-8f2e-03bc-99d4-d6f77d7553b0.json,14f444a6-8f2e-03bc-99d4-d6f77d7553b0,https://iiif.dl.itc.u-tokyo.ac.jp/repo/s/seishu/,https://iiif.dl.itc.u-tokyo.ac.jp/repo/s/seishu/document/14f444a6-8f2e-03bc-99d4-d6f77d7553b0,https://www.lib.u-tokyo.ac.jp/ja/library/contents/archives-top/reuse,https://iiif.dl.itc.u-tokyo.ac.jp/repo/files/medium/5ca03fcdda063ab05d86dcfcd62f0f3e7896cb87.jpg,https://iiif.dl.itc.u-tokyo.ac.jp/repo/api/items/1381088,"東京大学総合図書館 General Library, The University of Tokyo, JAPAN",http://iiif.io/api/presentation/2#rightToLeftDirection,,総合図書館所蔵青洲文庫,0350,,https://iiif.dl.itc.u-tokyo.ac.jp/repo/iiif/14f444a6-8f2e-03bc-99d4-d6f77d7553b0/manifest,,,,,202
古今韻會舉要小補 30巻 [2],A00:5833,ココン インカイ キョヨウ ショウホ,方 日升,15,[周士顯],[萬暦年間],和古書,日本語,"封面の書名: 李本寧先生輯韻會小補|大尾の書名: 韻會小補|敘の版心書名: 韻會|小口貼紙の書名(墨書): 古今韻會|封面に「本衙蔵板」とあり (魁星印あり)|大尾に「書林余彰徳 余象斗同刻」との刻工名あり|小引末に「手子謙之韻補師學具在為梓於建陽行之以俟博學好古者攷焉 周士顯書」とあり|四周単辺有界8行12字注文双行, 内匡廓: 21.0×13.8cm, 白口無魚尾|卷之11, 12末に補鈔あり|朱点, 朱引, 朱筆書き入れあり|印記: 「定近主人」, 「麹部之印」, 「青洲文庫」(渡辺信)|虫損, 破損あり",http://tify.sub.uni-goettingen.de/demo.html?manifest=https://archdataset.dl.itc.u-tokyo.ac.jp/manifest/a61a7b15-1314-6062-0807-62ab191818b4.json,a61a7b15-1314-6062-0807-62ab191818b4,https://iiif.dl.itc.u-tokyo.ac.jp/repo/s/seishu/,https://iiif.dl.itc.u-tokyo.ac.jp/repo/s/seishu/document/a61a7b15-1314-6062-0807-62ab191818b4,https://www.lib.u-tokyo.ac.jp/ja/library/contents/archives-top/reuse,https://iiif.dl.itc.u-tokyo.ac.jp/repo/files/medium/05e23ff8475090cc6fdd5232498f91d32db89ebc.jpg,https://iiif.dl.itc.u-tokyo.ac.jp/repo/api/items/1381087,"東京大学総合図書館 General Library, The University of Tokyo, JAPAN",http://iiif.io/api/presentation/2#rightToLeftDirection,,総合図書館所蔵青洲文庫,0351,,https://iiif.dl.itc.u-tokyo.ac.jp/repo/iiif/a61a7b15-1314-6062-0807-62ab191818b4/manifest,,,,,164
古今韻會舉要小補 30巻 [3],A00:5833,ココン インカイ キョヨウ ショウホ,方 日升,15,[周士顯],[萬暦年間],和古書,日本語,"封面の書名: 李本寧先生輯韻會小補|大尾の書名: 韻會小補|敘の版心書名: 韻會|小口貼紙の書名(墨書): 古今韻會|封面に「本衙蔵板」とあり (魁星印あり)|大尾に「書林余彰徳 余象斗同刻」との刻工名あり|小引末に「手子謙之韻補師學具在為梓於建陽行之以俟博學好古者攷焉 周士顯書」とあり|四周単辺有界8行12字注文双行, 内匡廓: 21.0×13.8cm, 白口無魚尾|卷之11, 12末に補鈔あり|朱点, 朱引, 朱筆書き入れあり|印記: 「定近主人」, 「麹部之印」, 「青洲文庫」(渡辺信)|虫損, 破損あり",http://tify.sub.uni-goettingen.de/demo.html?manifest=https://archdataset.dl.itc.u-tokyo.ac.jp/manifest/2a536218-33c5-5016-7751-e267ff676212.json,2a536218-33c5-5016-7751-e267ff676212,https://iiif.dl.itc.u-tokyo.ac.jp/repo/s/seishu/,https://iiif.dl.itc.u-tokyo.ac.jp/repo/s/seishu/document/2a536218-33c5-5016-7751-e267ff676212,https://www.lib.u-tokyo.ac.jp/ja/library/contents/archives-top/reuse,https://iiif.dl.itc.u-tokyo.ac.jp/repo/files/medium/3fec30d1919f3dcff8f7ba9f09d575c6137868cc.jpg,https://iiif.dl.itc.u-tokyo.ac.jp/repo/api/items/1381086,"東京大学総合図書館 General Library, The University of Tokyo, JAPAN",http://iiif.io/api/presentation/2#rightToLeftDirection,,総合図書館所蔵青洲文庫,0352,,https://iiif.dl.itc.u-tokyo.ac.jp/repo/iiif/2a536218-33c5-5016-7751-e267ff676212/manifest,,,,,155
古今韻會舉要小補 30巻 [4],A00:5833,ココン インカイ キョヨウ ショウホ,方 日升,15,[周士顯],[萬暦年間],和古書,日本語,"封面の書名: 李本寧先生輯韻會小補|大尾の書名: 韻會小補|敘の版心書名: 韻會|小口貼紙の書名(墨書): 古今韻會|封面に「本衙蔵板」とあり (魁星印あり)|大尾に「書林余彰徳 余象斗同刻」との刻工名あり|小引末に「手子謙之韻補師學具在為梓於建陽行之以俟博學好古者攷焉 周士顯書」とあり|四周単辺有界8行12字注文双行, 内匡廓: 21.0×13.8cm, 白口無魚尾|卷之11, 12末に補鈔あり|朱点, 朱引, 朱筆書き入れあり|印記: 「定近主人」, 「麹部之印」, 「青洲文庫」(渡辺信)|虫損, 破損あり",http://tify.sub.uni-goettingen.de/demo.html?manifest=https://archdataset.dl.itc.u-tokyo.ac.jp/manifest/8d9d6ec2-9315-28fc-9fd8-eefdbc8446e3.json,8d9d6ec2-9315-28fc-9fd8-eefdbc8446e3,https://iiif.dl.itc.u-tokyo.ac.jp/repo/s/seishu/,https://iiif.dl.itc.u-tokyo.ac.jp/repo/s/seishu/document/8d9d6ec2-9315-28fc-9fd8-eefdbc8446e3,https://www.lib.u-tokyo.ac.jp/ja/library/contents/archives-top/reuse,https://iiif.dl.itc.u-tokyo.ac.jp/repo/files/medium/041d24b5a7ce34d2e9ca9f19e419abe3047f49fc.jpg,https://iiif.dl.itc.u-tokyo.ac.jp/repo/api/items/1381085,"東京大学総合図書館 General Library, The University of Tokyo, JAPAN",http://iiif.io/api/presentation/2#rightToLeftDirection,,総合図書館所蔵青洲文庫,0353,,https://iiif.dl.itc.u-tokyo.ac.jp/repo/iiif/8d9d6ec2-9315-28fc-9fd8-eefdbc8446e3/manifest,,,,,166
古今韻會舉要小補 30巻 [5],A00:5833,ココン インカイ キョヨウ ショウホ,方 日升,15,[周士顯],[萬暦年間],和古書,日本語,"封面の書名: 李本寧先生輯韻會小補|大尾の書名: 韻會小補|敘の版心書名: 韻會|小口貼紙の書名(墨書): 古今韻會|封面に「本衙蔵板」とあり (魁星印あり)|大尾に「書林余彰徳 余象斗同刻」との刻工名あり|小引末に「手子謙之韻補師學具在為梓於建陽行之以俟博學好古者攷焉 周士顯書」とあり|四周単辺有界8行12字注文双行, 内匡廓: 21.0×13.8cm, 白口無魚尾|卷之11, 12末に補鈔あり|朱点, 朱引, 朱筆書き入れあり|印記: 「定近主人」, 「麹部之印」, 「青洲文庫」(渡辺信)|虫損, 破損あり",http://tify.sub.uni-goettingen.de/demo.html?manifest=https://archdataset.dl.itc.u-tokyo.ac.jp/manifest/537a047c-6d17-299f-319d-24155cc01ce5.json,537a047c-6d17-299f-319d-24155cc01ce5,https://iiif.dl.itc.u-tokyo.ac.jp/repo/s/seishu/,https://iiif.dl.itc.u-tokyo.ac.jp/repo/s/seishu/document/537a047c-6d17-299f-319d-24155cc01ce5,https://www.lib.u-tokyo.ac.jp/ja/library/contents/archives-top/reuse,https://iiif.dl.itc.u-tokyo.ac.jp/repo/files/medium/aec03118f7b16b4c87b0e51c05b492c2e799b32a.jpg,https://iiif.dl.itc.u-tokyo.ac.jp/repo/api/items/1381084,"東京大学総合図書館 General Library, The University of Tokyo, JAPAN",http://iiif.io/api/presentation/2#rightToLeftDirection,,総合図書館所蔵青洲文庫,0354,,https://iiif.dl.itc.u-tokyo.ac.jp/repo/iiif/537a047c-6d17-299f-319d-24155cc01ce5/manifest,,,,,141
古今韻會舉要小補 30巻 [6],A00:5833,ココン インカイ キョヨウ ショウホ,方 日升,15,[周士顯],[萬暦年間],和古書,日本語,"封面の書名: 李本寧先生輯韻會小補|大尾の書名: 韻會小補|敘の版心書名: 韻會|小口貼紙の書名(墨書): 古今韻會|封面に「本衙蔵板」とあり (魁星印あり)|大尾に「書林余彰徳 余象斗同刻」との刻工名あり|小引末に「手子謙之韻補師學具在為梓於建陽行之以俟博學好古者攷焉 周士顯書」とあり|四周単辺有界8行12字注文双行, 内匡廓: 21.0×13.8cm, 白口無魚尾|卷之11, 12末に補鈔あり|朱点, 朱引, 朱筆書き入れあり|印記: 「定近主人」, 「麹部之印」, 「青洲文庫」(渡辺信)|虫損, 破損あり",http://tify.sub.uni-goettingen.de/demo.html?manifest=https://archdataset.dl.itc.u-tokyo.ac.jp/manifest/e8b80d49-8b91-3a36-5ec7-2f66a56373f5.json,e8b80d49-8b91-3a36-5ec7-2f66a56373f5,https://iiif.dl.itc.u-tokyo.ac.jp/repo/s/seishu/,https://iiif.dl.itc.u-tokyo.ac.jp/repo/s/seishu/document/e8b80d49-8b91-3a36-5ec7-2f66a56373f5,https://www.lib.u-tokyo.ac.jp/ja/library/contents/archives-top/reuse,https://iiif.dl.itc.u-tokyo.ac.jp/repo/files/medium/d77595a6042d27cc4fe0800ee8e34dcf37034113.jpg,https://iiif.dl.itc.u-tokyo.ac.jp/repo/api/items/1381083,"東京大学総合図書館 General Library, The University of Tokyo, JAPAN",http://iiif.io/api/presentation/2#rightToLeftDirection,,総合図書館所蔵青洲文庫,0355,,https://iiif.dl.itc.u-tokyo.ac.jp/repo/iiif/e8b80d49-8b91-3a36-5ec7-2f66a56373f5/manifest,,,,,135
古今韻會舉要小補 30巻 [7],A00:5833,ココン インカイ キョヨウ ショウホ,方 日升,15,[周士顯],[萬暦年間],和古書,日本語,"封面の書名: 李本寧先生輯韻會小補|大尾の書名: 韻會小補|敘の版心書名: 韻會|小口貼紙の書名(墨書): 古今韻會|封面に「本衙蔵板」とあり (魁星印あり)|大尾に「書林余彰徳 余象斗同刻」との刻工名あり|小引末に「手子謙之韻補師學具在為梓於建陽行之以俟博學好古者攷焉 周士顯書」とあり|四周単辺有界8行12字注文双行, 内匡廓: 21.0×13.8cm, 白口無魚尾|卷之11, 12末に補鈔あり|朱点, 朱引, 朱筆書き入れあり|印記: 「定近主人」, 「麹部之印」, 「青洲文庫」(渡辺信)|虫損, 破損あり",http://tify.sub.uni-goettingen.de/demo.html?manifest=https://archdataset.dl.itc.u-tokyo.ac.jp/manifest/abe4d41a-6778-3481-9763-0559bf2163cc.json,abe4d41a-6778-3481-9763-0559bf2163cc,https://iiif.dl.itc.u-tokyo.ac.jp/repo/s/seishu/,https://iiif.dl.itc.u-tokyo.ac.jp/repo/s/seishu/document/abe4d41a-6778-3481-9763-0559bf2163cc,https://www.lib.u-tokyo.ac.jp/ja/library/contents/archives-top/reuse,https://iiif.dl.itc.u-tokyo.ac.jp/repo/files/medium/61c5d053ce46b226b7521b54a3abf2b2cd165fa5.jpg,https://iiif.dl.itc.u-tokyo.ac.jp/repo/api/items/1381082,"東京大学総合図書館 General Library, The University of Tokyo, JAPAN",http://iiif.io/api/presentation/2#rightToLeftDirection,,総合図書館所蔵青洲文庫,0356,,https://iiif.dl.itc.u-tokyo.ac.jp/repo/iiif/abe4d41a-6778-3481-9763-0559bf2163cc/manifest,,,,,117
古今韻會舉要小補 30巻 [8],A00:5833,ココン インカイ キョヨウ ショウホ,方 日升,15,[周士顯],[萬暦年間],和古書,日本語,"封面の書名: 李本寧先生輯韻會小補|大尾の書名: 韻會小補|敘の版心書名: 韻會|小口貼紙の書名(墨書): 古今韻會|封面に「本衙蔵板」とあり (魁星印あり)|大尾に「書林余彰徳 余象斗同刻」との刻工名あり|小引末に「手子謙之韻補師學具在為梓於建陽行之以俟博學好古者攷焉 周士顯書」とあり|四周単辺有界8行12字注文双行, 内匡廓: 21.0×13.8cm, 白口無魚尾|卷之11, 12末に補鈔あり|朱点, 朱引, 朱筆書き入れあり|印記: 「定近主人」, 「麹部之印」, 「青洲文庫」(渡辺信)|虫損, 破損あり",http://tify.sub.uni-goettingen.de/demo.html?manifest=https://archdataset.dl.itc.u-tokyo.ac.jp/manifest/495a50e3-316d-5d3d-751f-46de90dba357.json,495a50e3-316d-5d3d-751f-46de90dba357,https://iiif.dl.itc.u-tokyo.ac.jp/repo/s/seishu/,https://iiif.dl.itc.u-tokyo.ac.jp/repo/s/seishu/document/495a50e3-316d-5d3d-751f-46de90dba357,https://www.lib.u-tokyo.ac.jp/ja/library/contents/archives-top/reuse,https://iiif.dl.itc.u-tokyo.ac.jp/repo/files/medium/5071f8a5eabffc19e030c42a118e46c7af5df044.jpg,https://iiif.dl.itc.u-tokyo.ac.jp/repo/api/items/1381081,"東京大学総合図書館 General Library, The University of Tokyo, JAPAN",http://iiif.io/api/presentation/2#rightToLeftDirection,,総合図書館所蔵青洲文庫,0357,,https://iiif.dl.itc.u-tokyo.ac.jp/repo/iiif/495a50e3-316d-5d3d-751f-46de90dba357/manifest,,,,,119
古今韻會舉要小補 30巻 [9],A00:5833,ココン インカイ キョヨウ ショウホ,方 日升,15,[周士顯],[萬暦年間],和古書,日本語,"封面の書名: 李本寧先生輯韻會小補|大尾の書名: 韻會小補|敘の版心書名: 韻會|小口貼紙の書名(墨書): 古今韻會|封面に「本衙蔵板」とあり (魁星印あり)|大尾に「書林余彰徳 余象斗同刻」との刻工名あり|小引末に「手子謙之韻補師學具在為梓於建陽行之以俟博學好古者攷焉 周士顯書」とあり|四周単辺有界8行12字注文双行, 内匡廓: 21.0×13.8cm, 白口無魚尾|卷之11, 12末に補鈔あり|朱点, 朱引, 朱筆書き入れあり|印記: 「定近主人」, 「麹部之印」, 「青洲文庫」(渡辺信)|虫損, 破損あり",http://tify.sub.uni-goettingen.de/demo.html?manifest=https://archdataset.dl.itc.u-tokyo.ac.jp/manifest/4324c537-8447-a20f-2374-7b23e88f24d8.json,4324c537-8447-a20f-2374-7b23e88f24d8,https://iiif.dl.itc.u-tokyo.ac.jp/repo/s/seishu/,https://iiif.dl.itc.u-tokyo.ac.jp/repo/s/seishu/document/4324c537-8447-a20f-2374-7b23e88f24d8,https://www.lib.u-tokyo.ac.jp/ja/library/contents/archives-top/reuse,https://iiif.dl.itc.u-tokyo.ac.jp/repo/files/medium/338a78c49144ef0beceaa067b385895a0cc709dd.jpg,https://iiif.dl.itc.u-tokyo.ac.jp/repo/api/items/1381080,"東京大学総合図書館 General Library, The University of Tokyo, JAPAN",http://iiif.io/api/presentation/2#rightToLeftDirection,,総合図書館所蔵青洲文庫,0358,,https://iiif.dl.itc.u-tokyo.ac.jp/repo/iiif/4324c537-8447-a20f-2374-7b23e88f24d8/manifest,,,,,98
古今韻會舉要小補 30巻 [10],A00:5833,ココン インカイ キョヨウ ショウホ,方 日升,15,[周士顯],[萬暦年間],和古書,日本語,"封面の書名: 李本寧先生輯韻會小補|大尾の書名: 韻會小補|敘の版心書名: 韻會|小口貼紙の書名(墨書): 古今韻會|封面に「本衙蔵板」とあり (魁星印あり)|大尾に「書林余彰徳 余象斗同刻」との刻工名あり|小引末に「手子謙之韻補師學具在為梓於建陽行之以俟博學好古者攷焉 周士顯書」とあり|四周単辺有界8行12字注文双行, 内匡廓: 21.0×13.8cm, 白口無魚尾|卷之11, 12末に補鈔あり|朱点, 朱引, 朱筆書き入れあり|印記: 「定近主人」, 「麹部之印」, 「青洲文庫」(渡辺信)|虫損, 破損あり",http://tify.sub.uni-goettingen.de/demo.html?manifest=https://archdataset.dl.itc.u-tokyo.ac.jp/manifest/844258e4-3bae-6a16-2d0d-c4bb36f30edf.json,844258e4-3bae-6a16-2d0d-c4bb36f30edf,https://iiif.dl.itc.u-tokyo.ac.jp/repo/s/seishu/,https://iiif.dl.itc.u-tokyo.ac.jp/repo/s/seishu/document/844258e4-3bae-6a16-2d0d-c4bb36f30edf,https://www.lib.u-tokyo.ac.jp/ja/library/contents/archives-top/reuse,https://iiif.dl.itc.u-tokyo.ac.jp/repo/files/medium/23375ede9f21869df5552d1401929499ec58be44.jpg,https://iiif.dl.itc.u-tokyo.ac.jp/repo/api/items/1381079,"東京大学総合図書館 General Library, The University of Tokyo, JAPAN",http://iiif.io/api/presentation/2#rightToLeftDirection,,総合図書館所蔵青洲文庫,0359,,https://iiif.dl.itc.u-tokyo.ac.jp/repo/iiif/844258e4-3bae-6a16-2d0d-c4bb36f30edf/manifest,,,,,103
古今韻會舉要小補 30巻 [11],A00:5833,ココン インカイ キョヨウ ショウホ,方 日升,15,[周士顯],[萬暦年間],和古書,日本語,"封面の書名: 李本寧先生輯韻會小補|大尾の書名: 韻會小補|敘の版心書名: 韻會|小口貼紙の書名(墨書): 古今韻會|封面に「本衙蔵板」とあり (魁星印あり)|大尾に「書林余彰徳 余象斗同刻」との刻工名あり|小引末に「手子謙之韻補師學具在為梓於建陽行之以俟博學好古者攷焉 周士顯書」とあり|四周単辺有界8行12字注文双行, 内匡廓: 21.0×13.8cm, 白口無魚尾|卷之11, 12末に補鈔あり|朱点, 朱引, 朱筆書き入れあり|印記: 「定近主人」, 「麹部之印」, 「青洲文庫」(渡辺信)|虫損, 破損あり",http://tify.sub.uni-goettingen.de/demo.html?manifest=https://archdataset.dl.itc.u-tokyo.ac.jp/manifest/fd34e681-69be-5987-a1bc-a9c543a135c6.json,fd34e681-69be-5987-a1bc-a9c543a135c6,https://iiif.dl.itc.u-tokyo.ac.jp/repo/s/seishu/,https://iiif.dl.itc.u-tokyo.ac.jp/repo/s/seishu/document/fd34e681-69be-5987-a1bc-a9c543a135c6,https://www.lib.u-tokyo.ac.jp/ja/library/contents/archives-top/reuse,https://iiif.dl.itc.u-tokyo.ac.jp/repo/files/medium/52fad9126eb7cd150cecf027cb754f0447fa6aa8.jpg,https://iiif.dl.itc.u-tokyo.ac.jp/repo/api/items/1381078,"東京大学総合図書館 General Library, The University of Tokyo, JAPAN",http://iiif.io/api/presentation/2#rightToLeftDirection,,総合図書館所蔵青洲文庫,0360,,https://iiif.dl.itc.u-tokyo.ac.jp/repo/iiif/fd34e681-69be-5987-a1bc-a9c543a135c6/manifest,,,,,99
古今韻會舉要小補 30巻 [12],A00:5833,ココン インカイ キョヨウ ショウホ,方 日升,15,[周士顯],[萬暦年間],和古書,日本語,"封面の書名: 李本寧先生輯韻會小補|大尾の書名: 韻會小補|敘の版心書名: 韻會|小口貼紙の書名(墨書): 古今韻會|封面に「本衙蔵板」とあり (魁星印あり)|大尾に「書林余彰徳 余象斗同刻」との刻工名あり|小引末に「手子謙之韻補師學具在為梓於建陽行之以俟博學好古者攷焉 周士顯書」とあり|四周単辺有界8行12字注文双行, 内匡廓: 21.0×13.8cm, 白口無魚尾|卷之11, 12末に補鈔あり|朱点, 朱引, 朱筆書き入れあり|印記: 「定近主人」, 「麹部之印」, 「青洲文庫」(渡辺信)|虫損, 破損あり",http://tify.sub.uni-goettingen.de/demo.html?manifest=https://archdataset.dl.itc.u-tokyo.ac.jp/manifest/4c2c6323-5b96-11a2-705f-68fa92c01994.json,4c2c6323-5b96-11a2-705f-68fa92c01994,https://iiif.dl.itc.u-tokyo.ac.jp/repo/s/seishu/,https://iiif.dl.itc.u-tokyo.ac.jp/repo/s/seishu/document/4c2c6323-5b96-11a2-705f-68fa92c01994,https://www.lib.u-tokyo.ac.jp/ja/library/contents/archives-top/reuse,https://iiif.dl.itc.u-tokyo.ac.jp/repo/files/medium/e0100d75949f53ef30898862842da21a405ee563.jpg,https://iiif.dl.itc.u-tokyo.ac.jp/repo/api/items/1381077,"東京大学総合図書館 General Library, The University of Tokyo, JAPAN",http://iiif.io/api/presentation/2#rightToLeftDirection,,総合図書館所蔵青洲文庫,0361,,https://iiif.dl.itc.u-tokyo.ac.jp/repo/iiif/4c2c6323-5b96-11a2-705f-68fa92c01994/manifest,,,,,94
古今韻會舉要小補 30巻 [13],A00:5833,ココン インカイ キョヨウ ショウホ,方 日升,15,[周士顯],[萬暦年間],和古書,日本語,"封面の書名: 李本寧先生輯韻會小補|大尾の書名: 韻會小補|敘の版心書名: 韻會|小口貼紙の書名(墨書): 古今韻會|封面に「本衙蔵板」とあり (魁星印あり)|大尾に「書林余彰徳 余象斗同刻」との刻工名あり|小引末に「手子謙之韻補師學具在為梓於建陽行之以俟博學好古者攷焉 周士顯書」とあり|四周単辺有界8行12字注文双行, 内匡廓: 21.0×13.8cm, 白口無魚尾|卷之11, 12末に補鈔あり|朱点, 朱引, 朱筆書き入れあり|印記: 「定近主人」, 「麹部之印」, 「青洲文庫」(渡辺信)|虫損, 破損あり",http://tify.sub.uni-goettingen.de/demo.html?manifest=https://archdataset.dl.itc.u-tokyo.ac.jp/manifest/1c4475b3-8dfb-0e76-8cc2-697407f62e15.json,1c4475b3-8dfb-0e76-8cc2-697407f62e15,https://iiif.dl.itc.u-tokyo.ac.jp/repo/s/seishu/,https://iiif.dl.itc.u-tokyo.ac.jp/repo/s/seishu/document/1c4475b3-8dfb-0e76-8cc2-697407f62e15,https://www.lib.u-tokyo.ac.jp/ja/library/contents/archives-top/reuse,https://iiif.dl.itc.u-tokyo.ac.jp/repo/files/medium/b80a2f8a0869e6f731ce631ca8ad71f9f0238ef3.jpg,https://iiif.dl.itc.u-tokyo.ac.jp/repo/api/items/1381076,"東京大学総合図書館 General Library, The University of Tokyo, JAPAN",http://iiif.io/api/presentation/2#rightToLeftDirection,,総合図書館所蔵青洲文庫,0362,,https://iiif.dl.itc.u-tokyo.ac.jp/repo/iiif/1c4475b3-8dfb-0e76-8cc2-697407f62e15/manifest,,,,,125
古今韻會舉要小補 30巻 [14],A00:5833,ココン インカイ キョヨウ ショウホ,方 日升,15,[周士顯],[萬暦年間],和古書,日本語,"封面の書名: 李本寧先生輯韻會小補|大尾の書名: 韻會小補|敘の版心書名: 韻會|小口貼紙の書名(墨書): 古今韻會|封面に「本衙蔵板」とあり (魁星印あり)|大尾に「書林余彰徳 余象斗同刻」との刻工名あり|小引末に「手子謙之韻補師學具在為梓於建陽行之以俟博學好古者攷焉 周士顯書」とあり|四周単辺有界8行12字注文双行, 内匡廓: 21.0×13.8cm, 白口無魚尾|卷之11, 12末に補鈔あり|朱点, 朱引, 朱筆書き入れあり|印記: 「定近主人」, 「麹部之印」, 「青洲文庫」(渡辺信)|虫損, 破損あり",http://tify.sub.uni-goettingen.de/demo.html?manifest=https://archdataset.dl.itc.u-tokyo.ac.jp/manifest/fe1330c9-7d69-732a-2069-d37b63b4765b.json,fe1330c9-7d69-732a-2069-d37b63b4765b,https://iiif.dl.itc.u-tokyo.ac.jp/repo/s/seishu/,https://iiif.dl.itc.u-tokyo.ac.jp/repo/s/seishu/document/fe1330c9-7d69-732a-2069-d37b63b4765b,https://www.lib.u-tokyo.ac.jp/ja/library/contents/archives-top/reuse,https://iiif.dl.itc.u-tokyo.ac.jp/repo/files/medium/4076832cd5edffe266833e8efc0347b1159bad0e.jpg,https://iiif.dl.itc.u-tokyo.ac.jp/repo/api/items/1381075,"東京大学総合図書館 General Library, The University of Tokyo, JAPAN",http://iiif.io/api/presentation/2#rightToLeftDirection,,総合図書館所蔵青洲文庫,0363,,https://iiif.dl.itc.u-tokyo.ac.jp/repo/iiif/fe1330c9-7d69-732a-2069-d37b63b4765b/manifest,,,,,133
古今韻會舉要小補 30巻 [15],A00:5833,ココン インカイ キョヨウ ショウホ,方 日升,15,[周士顯],[萬暦年間],和古書,日本語,"封面の書名: 李本寧先生輯韻會小補|大尾の書名: 韻會小補|敘の版心書名: 韻會|小口貼紙の書名(墨書): 古今韻會|封面に「本衙蔵板」とあり (魁星印あり)|大尾に「書林余彰徳 余象斗同刻」との刻工名あり|小引末に「手子謙之韻補師學具在為梓於建陽行之以俟博學好古者攷焉 周士顯書」とあり|四周単辺有界8行12字注文双行, 内匡廓: 21.0×13.8cm, 白口無魚尾|卷之11, 12末に補鈔あり|朱点, 朱引, 朱筆書き入れあり|印記: 「定近主人」, 「麹部之印」, 「青洲文庫」(渡辺信)|虫損, 破損あり",http://tify.sub.uni-goettingen.de/demo.html?manifest=https://archdataset.dl.itc.u-tokyo.ac.jp/manifest/b0c5983f-42f5-5146-2076-874862fe0d5a.json,b0c5983f-42f5-5146-2076-874862fe0d5a,https://iiif.dl.itc.u-tokyo.ac.jp/repo/s/seishu/,https://iiif.dl.itc.u-tokyo.ac.jp/repo/s/seishu/document/b0c5983f-42f5-5146-2076-874862fe0d5a,https://www.lib.u-tokyo.ac.jp/ja/library/contents/archives-top/reuse,https://iiif.dl.itc.u-tokyo.ac.jp/repo/files/medium/e57d2384528614f9cf2a496043f707f0242fde45.jpg,https://iiif.dl.itc.u-tokyo.ac.jp/repo/api/items/1381074,"東京大学総合図書館 General Library, The University of Tokyo, JAPAN",http://iiif.io/api/presentation/2#rightToLeftDirection,,総合図書館所蔵青洲文庫,0364,,https://iiif.dl.itc.u-tokyo.ac.jp/repo/iiif/b0c5983f-42f5-5146-2076-874862fe0d5a/manifest,,,,,91
書傳大全 10巻坿綱領1巻圖1巻 [1],A00:5834,ショデン タイゼン,胡 廣,6,善敬堂,天順8 [1464],和古書,日本語,"序首の書名: 書集傳, 書|卷之4末の書名: 書經大全|表紙の書名(墨書): 書傳|責任表示は『全國漢籍データベース』による|巻頭の内題下に「書林善敬書堂謹依官本謄刋」とあり|序末に「天順八年孟春良旦書林王氏善敬堂刋」との刊記あり|後序末に「書林王氏善敬堂謹於邑庠謄録繡梓以廣其傳」との刊語あり|四周双辺有界11行18字注文双行, 内匡廓: 19.8×12.0cm, 中黒口双黒魚尾|句点あり|朱点, 朱引あり|墨筆書き入れあり|印記: 「伯舉」, 「洪氏守綱」, 「唐城」, 「南陽」, 「石橋脩圖書記」, 「青洲文庫」(渡辺信)|虫損, 破損あり",http://tify.sub.uni-goettingen.de/demo.html?manifest=https://archdataset.dl.itc.u-tokyo.ac.jp/manifest/599028ab-9619-6cf1-5014-4fbcf50b0342.json,599028ab-9619-6cf1-5014-4fbcf50b0342,https://iiif.dl.itc.u-tokyo.ac.jp/repo/s/seishu/,https://iiif.dl.itc.u-tokyo.ac.jp/repo/s/seishu/document/599028ab-9619-6cf1-5014-4fbcf50b0342,https://www.lib.u-tokyo.ac.jp/ja/library/contents/archives-top/reuse,https://iiif.dl.itc.u-tokyo.ac.jp/repo/files/medium/80841053d48ec9553275df998a6e98d5ad7f126c.jpg,https://iiif.dl.itc.u-tokyo.ac.jp/repo/api/items/1381073,"東京大学総合図書館 General Library, The University of Tokyo, JAPAN",http://iiif.io/api/presentation/2#rightToLeftDirection,,総合図書館所蔵青洲文庫,0365,,https://iiif.dl.itc.u-tokyo.ac.jp/repo/iiif/599028ab-9619-6cf1-5014-4fbcf50b0342/manifest,,,,,56
書傳大全 10巻坿綱領1巻圖1巻 [2],A00:5834,ショデン タイゼン,胡 廣,6,善敬堂,天順8 [1464],和古書,日本語,"序首の書名: 書集傳, 書|卷之4末の書名: 書經大全|表紙の書名(墨書): 書傳|責任表示は『全國漢籍データベース』による|巻頭の内題下に「書林善敬書堂謹依官本謄刋」とあり|序末に「天順八年孟春良旦書林王氏善敬堂刋」との刊記あり|後序末に「書林王氏善敬堂謹於邑庠謄録繡梓以廣其傳」との刊語あり|四周双辺有界11行18字注文双行, 内匡廓: 19.8×12.0cm, 中黒口双黒魚尾|句点あり|朱点, 朱引あり|墨筆書き入れあり|印記: 「伯舉」, 「洪氏守綱」, 「唐城」, 「南陽」, 「石橋脩圖書記」, 「青洲文庫」(渡辺信)|虫損, 破損あり",http://tify.sub.uni-goettingen.de/demo.html?manifest=https://archdataset.dl.itc.u-tokyo.ac.jp/manifest/0b3b27a5-9da3-824a-437d-0405c6686e92.json,0b3b27a5-9da3-824a-437d-0405c6686e92,https://iiif.dl.itc.u-tokyo.ac.jp/repo/s/seishu/,https://iiif.dl.itc.u-tokyo.ac.jp/repo/s/seishu/document/0b3b27a5-9da3-824a-437d-0405c6686e92,https://www.lib.u-tokyo.ac.jp/ja/library/contents/archives-top/reuse,https://iiif.dl.itc.u-tokyo.ac.jp/repo/files/medium/a44531277e867eea567b03a2f2b6c24813ccf275.jpg,https://iiif.dl.itc.u-tokyo.ac.jp/repo/api/items/1381072,"東京大学総合図書館 General Library, The University of Tokyo, JAPAN",http://iiif.io/api/presentation/2#rightToLeftDirection,,総合図書館所蔵青洲文庫,0366,,https://iiif.dl.itc.u-tokyo.ac.jp/repo/iiif/0b3b27a5-9da3-824a-437d-0405c6686e92/manifest,,,,,118
書傳大全 10巻坿綱領1巻圖1巻 [3],A00:5834,ショデン タイゼン,胡 廣,6,善敬堂,天順8 [1464],和古書,日本語,"序首の書名: 書集傳, 書|卷之4末の書名: 書經大全|表紙の書名(墨書): 書傳|責任表示は『全國漢籍データベース』による|巻頭の内題下に「書林善敬書堂謹依官本謄刋」とあり|序末に「天順八年孟春良旦書林王氏善敬堂刋」との刊記あり|後序末に「書林王氏善敬堂謹於邑庠謄録繡梓以廣其傳」との刊語あり|四周双辺有界11行18字注文双行, 内匡廓: 19.8×12.0cm, 中黒口双黒魚尾|句点あり|朱点, 朱引あり|墨筆書き入れあり|印記: 「伯舉」, 「洪氏守綱」, 「唐城」, 「南陽」, 「石橋脩圖書記」, 「青洲文庫」(渡辺信)|虫損, 破損あり",http://tify.sub.uni-goettingen.de/demo.html?manifest=https://archdataset.dl.itc.u-tokyo.ac.jp/manifest/01799db8-5910-7d18-5f31-068c460273c8.json,01799db8-5910-7d18-5f31-068c460273c8,https://iiif.dl.itc.u-tokyo.ac.jp/repo/s/seishu/,https://iiif.dl.itc.u-tokyo.ac.jp/repo/s/seishu/document/01799db8-5910-7d18-5f31-068c460273c8,https://www.lib.u-tokyo.ac.jp/ja/library/contents/archives-top/reuse,https://iiif.dl.itc.u-tokyo.ac.jp/repo/files/medium/484f346addd013f9b3c7ad58392b611d2b6cb28e.jpg,https://iiif.dl.itc.u-tokyo.ac.jp/repo/api/items/1381071,"東京大学総合図書館 General Library, The University of Tokyo, JAPAN",http://iiif.io/api/presentation/2#rightToLeftDirection,,総合図書館所蔵青洲文庫,0367,,https://iiif.dl.itc.u-tokyo.ac.jp/repo/iiif/01799db8-5910-7d18-5f31-068c460273c8/manifest,,,,,132
書傳大全 10巻坿綱領1巻圖1巻 [4],A00:5834,ショデン タイゼン,胡 廣,6,善敬堂,天順8 [1464],和古書,日本語,"序首の書名: 書集傳, 書|卷之4末の書名: 書經大全|表紙の書名(墨書): 書傳|責任表示は『全國漢籍データベース』による|巻頭の内題下に「書林善敬書堂謹依官本謄刋」とあり|序末に「天順八年孟春良旦書林王氏善敬堂刋」との刊記あり|後序末に「書林王氏善敬堂謹於邑庠謄録繡梓以廣其傳」との刊語あり|四周双辺有界11行18字注文双行, 内匡廓: 19.8×12.0cm, 中黒口双黒魚尾|句点あり|朱点, 朱引あり|墨筆書き入れあり|印記: 「伯舉」, 「洪氏守綱」, 「唐城」, 「南陽」, 「石橋脩圖書記」, 「青洲文庫」(渡辺信)|虫損, 破損あり",http://tify.sub.uni-goettingen.de/demo.html?manifest=https://archdataset.dl.itc.u-tokyo.ac.jp/manifest/e291479e-a582-8150-77db-f56520815879.json,e291479e-a582-8150-77db-f56520815879,https://iiif.dl.itc.u-tokyo.ac.jp/repo/s/seishu/,https://iiif.dl.itc.u-tokyo.ac.jp/repo/s/seishu/document/e291479e-a582-8150-77db-f56520815879,https://www.lib.u-tokyo.ac.jp/ja/library/contents/archives-top/reuse,https://iiif.dl.itc.u-tokyo.ac.jp/repo/files/medium/b2de37b8be5fca26f0861f12717ee3a44f211088.jpg,https://iiif.dl.itc.u-tokyo.ac.jp/repo/api/items/1381070,"東京大学総合図書館 General Library, The University of Tokyo, JAPAN",http://iiif.io/api/presentation/2#rightToLeftDirection,,総合図書館所蔵青洲文庫,0368,,https://iiif.dl.itc.u-tokyo.ac.jp/repo/iiif/e291479e-a582-8150-77db-f56520815879/manifest,,,,,122
書傳大全 10巻坿綱領1巻圖1巻 [5],A00:5834,ショデン タイゼン,胡 廣,6,善敬堂,天順8 [1464],和古書,日本語,"序首の書名: 書集傳, 書|卷之4末の書名: 書經大全|表紙の書名(墨書): 書傳|責任表示は『全國漢籍データベース』による|巻頭の内題下に「書林善敬書堂謹依官本謄刋」とあり|序末に「天順八年孟春良旦書林王氏善敬堂刋」との刊記あり|後序末に「書林王氏善敬堂謹於邑庠謄録繡梓以廣其傳」との刊語あり|四周双辺有界11行18字注文双行, 内匡廓: 19.8×12.0cm, 中黒口双黒魚尾|句点あり|朱点, 朱引あり|墨筆書き入れあり|印記: 「伯舉」, 「洪氏守綱」, 「唐城」, 「南陽」, 「石橋脩圖書記」, 「青洲文庫」(渡辺信)|虫損, 破損あり",http://tify.sub.uni-goettingen.de/demo.html?manifest=https://archdataset.dl.itc.u-tokyo.ac.jp/manifest/edc11f34-09e3-74af-82d8-8376f57b9e1a.json,edc11f34-09e3-74af-82d8-8376f57b9e1a,https://iiif.dl.itc.u-tokyo.ac.jp/repo/s/seishu/,https://iiif.dl.itc.u-tokyo.ac.jp/repo/s/seishu/document/edc11f34-09e3-74af-82d8-8376f57b9e1a,https://www.lib.u-tokyo.ac.jp/ja/library/contents/archives-top/reuse,https://iiif.dl.itc.u-tokyo.ac.jp/repo/files/medium/59990193967b068ba950fb53ba27f3874a132a8e.jpg,https://iiif.dl.itc.u-tokyo.ac.jp/repo/api/items/1381069,"東京大学総合図書館 General Library, The University of Tokyo, JAPAN",http://iiif.io/api/presentation/2#rightToLeftDirection,,総合図書館所蔵青洲文庫,0369,,https://iiif.dl.itc.u-tokyo.ac.jp/repo/iiif/edc11f34-09e3-74af-82d8-8376f57b9e1a/manifest,,,,,143
書傳大全 10巻坿綱領1巻圖1巻 [6],A00:5834,ショデン タイゼン,胡 廣,6,善敬堂,天順8 [1464],和古書,日本語,"序首の書名: 書集傳, 書|卷之4末の書名: 書經大全|表紙の書名(墨書): 書傳|責任表示は『全國漢籍データベース』による|巻頭の内題下に「書林善敬書堂謹依官本謄刋」とあり|序末に「天順八年孟春良旦書林王氏善敬堂刋」との刊記あり|後序末に「書林王氏善敬堂謹於邑庠謄録繡梓以廣其傳」との刊語あり|四周双辺有界11行18字注文双行, 内匡廓: 19.8×12.0cm, 中黒口双黒魚尾|句点あり|朱点, 朱引あり|墨筆書き入れあり|印記: 「伯舉」, 「洪氏守綱」, 「唐城」, 「南陽」, 「石橋脩圖書記」, 「青洲文庫」(渡辺信)|虫損, 破損あり",http://tify.sub.uni-goettingen.de/demo.html?manifest=https://archdataset.dl.itc.u-tokyo.ac.jp/manifest/41a8ae69-8fc4-9354-624c-30bcebef3a2f.json,41a8ae69-8fc4-9354-624c-30bcebef3a2f,https://iiif.dl.itc.u-tokyo.ac.jp/repo/s/seishu/,https://iiif.dl.itc.u-tokyo.ac.jp/repo/s/seishu/document/41a8ae69-8fc4-9354-624c-30bcebef3a2f,https://www.lib.u-tokyo.ac.jp/ja/library/contents/archives-top/reuse,https://iiif.dl.itc.u-tokyo.ac.jp/repo/files/medium/2c704c76571fd2ddc6dbfce9722602f0afa128ce.jpg,https://iiif.dl.itc.u-tokyo.ac.jp/repo/api/items/1381068,"東京大学総合図書館 General Library, The University of Tokyo, JAPAN",http://iiif.io/api/presentation/2#rightToLeftDirection,,総合図書館所蔵青洲文庫,0370,,https://iiif.dl.itc.u-tokyo.ac.jp/repo/iiif/41a8ae69-8fc4-9354-624c-30bcebef3a2f/manifest,,,,,147
文獻通考 348巻首1巻 (存6巻),A00:5835,ブンケン ツウコウ,馬 端臨,1,[出版者不明],[正徳年間],和古書,日本語,"版心の書名: 文献|題簽の書名(墨書): 元板文獻通考|卷之222-223: 子 醫家. 卷之224: 子 房中 神僊. 卷之225: 子 神仙家. 卷之226-227: 子 釋氏|四周双辺有界12行25字注文双行, 内匡廓: 18.4×12.2cm, 白口黒双魚尾|印記: 「高平隆長」, 「喜山」, 「談峯壽命院印」, 「正徳四甲午」, 「青洲文庫」(渡辺信)|虫損あり",http://tify.sub.uni-goettingen.de/demo.html?manifest=https://archdataset.dl.itc.u-tokyo.ac.jp/manifest/a2a32d1f-1c6f-4f64-76e6-d15e0f055d77.json,a2a32d1f-1c6f-4f64-76e6-d15e0f055d77,https://iiif.dl.itc.u-tokyo.ac.jp/repo/s/seishu/,https://iiif.dl.itc.u-tokyo.ac.jp/repo/s/seishu/document/a2a32d1f-1c6f-4f64-76e6-d15e0f055d77,https://www.lib.u-tokyo.ac.jp/ja/library/contents/archives-top/reuse,https://iiif.dl.itc.u-tokyo.ac.jp/repo/files/medium/9c84692938bea8d7def7d0af35943cd8a2dadc0b.jpg,https://iiif.dl.itc.u-tokyo.ac.jp/repo/api/items/1381067,"東京大学総合図書館 General Library, The University of Tokyo, JAPAN",http://iiif.io/api/presentation/2#rightToLeftDirection,,総合図書館所蔵青洲文庫,0371,,https://iiif.dl.itc.u-tokyo.ac.jp/repo/iiif/a2a32d1f-1c6f-4f64-76e6-d15e0f055d77/manifest,,,,,91
翰林釐正備攷字義韻律鰲頭海篇金鏡 15巻首1巻 (存12巻首1巻) [1],A00:5837,カンリン リセイ ビコウ ジギ インリツ ゴウトウ カイヘン キンキョウ,,7,[出版者不明],[明],和古書,日本語,"卷首の巻頭書名: 新鐫翰林釐正平仄四書六經小學鑑史難字金鏡|卷首の巻末書名: 經史難字金鏡|卷首の序首書名: 鍥四書六經小學鑑史難字金鏡|序首の書名: 鍥鰲頭海篇金鏡|序中の書名: 鰲頭海篇金鏡|目尾の書名: 海篇金鏡|題簽の書名(墨書): 經史難字彙|序に「我高祖皇帝御極蒙古二三譯悉就更新首簡諸拾遺掌書記釐正古文金字學大學士吴伯宗膺其緫裁書成命曰洪武正韻天下始知書同文 ... 但世運江河毎三十年一變鏤在昔疇禁不腐朽於今翰林諸公慮新世面墻政餘搜羅六經諸史難字併六合凡有白氣點畫編門類定五音訂反切繕謄二十帙用詔来學名曰鰲頭海篇金鏡 ... 諸公嘉興寓内功不大哉功不大哉序畢」とあり|四周双辺有界2段10行注文双行, 内匡廓: 19.9×11.9cm, 白口単黒魚尾|首書本|卷之13-15を欠く, 目録丁1を欠損|欠損(目録丁1-2)あり, 落丁(卷之3丁37)あり|印記: 「埼玉縣緘印」, 「青洲文庫」(渡辺信)|虫損, 破損あり (裏打ち補修あり)",http://tify.sub.uni-goettingen.de/demo.html?manifest=https://archdataset.dl.itc.u-tokyo.ac.jp/manifest/b61b9640-5bec-6663-048f-6e3923ff7b77.json,b61b9640-5bec-6663-048f-6e3923ff7b77,https://iiif.dl.itc.u-tokyo.ac.jp/repo/s/seishu/,https://iiif.dl.itc.u-tokyo.ac.jp/repo/s/seishu/document/b61b9640-5bec-6663-048f-6e3923ff7b77,https://www.lib.u-tokyo.ac.jp/ja/library/contents/archives-top/reuse,https://iiif.dl.itc.u-tokyo.ac.jp/repo/files/medium/f0abbe250cf15849bc1f0e49a78338d40cb35789.jpg,https://iiif.dl.itc.u-tokyo.ac.jp/repo/api/items/1381066,"東京大学総合図書館 General Library, The University of Tokyo, JAPAN",http://iiif.io/api/presentation/2#rightToLeftDirection,,総合図書館所蔵青洲文庫,0372,,https://iiif.dl.itc.u-tokyo.ac.jp/repo/iiif/b61b9640-5bec-6663-048f-6e3923ff7b77/manifest,,,,,80
翰林釐正備攷字義韻律鰲頭海篇金鏡 15巻首1巻 (存12巻首1巻) [2],A00:5837,カンリン リセイ ビコウ ジギ インリツ ゴウトウ カイヘン キンキョウ,,7,[出版者不明],[明],和古書,日本語,"卷首の巻頭書名: 新鐫翰林釐正平仄四書六經小學鑑史難字金鏡|卷首の巻末書名: 經史難字金鏡|卷首の序首書名: 鍥四書六經小學鑑史難字金鏡|序首の書名: 鍥鰲頭海篇金鏡|序中の書名: 鰲頭海篇金鏡|目尾の書名: 海篇金鏡|題簽の書名(墨書): 經史難字彙|序に「我高祖皇帝御極蒙古二三譯悉就更新首簡諸拾遺掌書記釐正古文金字學大學士吴伯宗膺其緫裁書成命曰洪武正韻天下始知書同文 ... 但世運江河毎三十年一變鏤在昔疇禁不腐朽於今翰林諸公慮新世面墻政餘搜羅六經諸史難字併六合凡有白氣點畫編門類定五音訂反切繕謄二十帙用詔来學名曰鰲頭海篇金鏡 ... 諸公嘉興寓内功不大哉功不大哉序畢」とあり|四周双辺有界2段10行注文双行, 内匡廓: 19.9×11.9cm, 白口単黒魚尾|首書本|卷之13-15を欠く, 目録丁1を欠損|欠損(目録丁1-2)あり, 落丁(卷之3丁37)あり|印記: 「埼玉縣緘印」, 「青洲文庫」(渡辺信)|虫損, 破損あり (裏打ち補修あり)",http://tify.sub.uni-goettingen.de/demo.html?manifest=https://archdataset.dl.itc.u-tokyo.ac.jp/manifest/6041da76-7559-2d49-6d8a-519f9fbc8a11.json,6041da76-7559-2d49-6d8a-519f9fbc8a11,https://iiif.dl.itc.u-tokyo.ac.jp/repo/s/seishu/,https://iiif.dl.itc.u-tokyo.ac.jp/repo/s/seishu/document/6041da76-7559-2d49-6d8a-519f9fbc8a11,https://www.lib.u-tokyo.ac.jp/ja/library/contents/archives-top/reuse,https://iiif.dl.itc.u-tokyo.ac.jp/repo/files/medium/d247978ea640854965a4f9fc5c8c5d851dc11247.jpg,https://iiif.dl.itc.u-tokyo.ac.jp/repo/api/items/1381065,"東京大学総合図書館 General Library, The University of Tokyo, JAPAN",http://iiif.io/api/presentation/2#rightToLeftDirection,,総合図書館所蔵青洲文庫,0373,,https://iiif.dl.itc.u-tokyo.ac.jp/repo/iiif/6041da76-7559-2d49-6d8a-519f9fbc8a11/manifest,,,,,103
翰林釐正備攷字義韻律鰲頭海篇金鏡 15巻首1巻 (存12巻首1巻) [3],A00:5837,カンリン リセイ ビコウ ジギ インリツ ゴウトウ カイヘン キンキョウ,,7,[出版者不明],[明],和古書,日本語,"卷首の巻頭書名: 新鐫翰林釐正平仄四書六經小學鑑史難字金鏡|卷首の巻末書名: 經史難字金鏡|卷首の序首書名: 鍥四書六經小學鑑史難字金鏡|序首の書名: 鍥鰲頭海篇金鏡|序中の書名: 鰲頭海篇金鏡|目尾の書名: 海篇金鏡|題簽の書名(墨書): 經史難字彙|序に「我高祖皇帝御極蒙古二三譯悉就更新首簡諸拾遺掌書記釐正古文金字學大學士吴伯宗膺其緫裁書成命曰洪武正韻天下始知書同文 ... 但世運江河毎三十年一變鏤在昔疇禁不腐朽於今翰林諸公慮新世面墻政餘搜羅六經諸史難字併六合凡有白氣點畫編門類定五音訂反切繕謄二十帙用詔来學名曰鰲頭海篇金鏡 ... 諸公嘉興寓内功不大哉功不大哉序畢」とあり|四周双辺有界2段10行注文双行, 内匡廓: 19.9×11.9cm, 白口単黒魚尾|首書本|卷之13-15を欠く, 目録丁1を欠損|欠損(目録丁1-2)あり, 落丁(卷之3丁37)あり|印記: 「埼玉縣緘印」, 「青洲文庫」(渡辺信)|虫損, 破損あり (裏打ち補修あり)",http://tify.sub.uni-goettingen.de/demo.html?manifest=https://archdataset.dl.itc.u-tokyo.ac.jp/manifest/ff0252c8-1676-a082-018e-365526ad1ac6.json,ff0252c8-1676-a082-018e-365526ad1ac6,https://iiif.dl.itc.u-tokyo.ac.jp/repo/s/seishu/,https://iiif.dl.itc.u-tokyo.ac.jp/repo/s/seishu/document/ff0252c8-1676-a082-018e-365526ad1ac6,https://www.lib.u-tokyo.ac.jp/ja/library/contents/archives-top/reuse,https://iiif.dl.itc.u-tokyo.ac.jp/repo/files/medium/8bf152fe522e38c81ec56b38fc94926fe7dfc2da.jpg,https://iiif.dl.itc.u-tokyo.ac.jp/repo/api/items/1381064,"東京大学総合図書館 General Library, The University of Tokyo, JAPAN",http://iiif.io/api/presentation/2#rightToLeftDirection,,総合図書館所蔵青洲文庫,0374,,https://iiif.dl.itc.u-tokyo.ac.jp/repo/iiif/ff0252c8-1676-a082-018e-365526ad1ac6/manifest,,,,,81
翰林釐正備攷字義韻律鰲頭海篇金鏡 15巻首1巻 (存12巻首1巻) [4],A00:5837,カンリン リセイ ビコウ ジギ インリツ ゴウトウ カイヘン キンキョウ,,7,[出版者不明],[明],和古書,日本語,"卷首の巻頭書名: 新鐫翰林釐正平仄四書六經小學鑑史難字金鏡|卷首の巻末書名: 經史難字金鏡|卷首の序首書名: 鍥四書六經小學鑑史難字金鏡|序首の書名: 鍥鰲頭海篇金鏡|序中の書名: 鰲頭海篇金鏡|目尾の書名: 海篇金鏡|題簽の書名(墨書): 經史難字彙|序に「我高祖皇帝御極蒙古二三譯悉就更新首簡諸拾遺掌書記釐正古文金字學大學士吴伯宗膺其緫裁書成命曰洪武正韻天下始知書同文 ... 但世運江河毎三十年一變鏤在昔疇禁不腐朽於今翰林諸公慮新世面墻政餘搜羅六經諸史難字併六合凡有白氣點畫編門類定五音訂反切繕謄二十帙用詔来學名曰鰲頭海篇金鏡 ... 諸公嘉興寓内功不大哉功不大哉序畢」とあり|四周双辺有界2段10行注文双行, 内匡廓: 19.9×11.9cm, 白口単黒魚尾|首書本|卷之13-15を欠く, 目録丁1を欠損|欠損(目録丁1-2)あり, 落丁(卷之3丁37)あり|印記: 「埼玉縣緘印」, 「青洲文庫」(渡辺信)|虫損, 破損あり (裏打ち補修あり)",http://tify.sub.uni-goettingen.de/demo.html?manifest=https://archdataset.dl.itc.u-tokyo.ac.jp/manifest/875918ef-2c07-3d6c-772f-e04156e912d9.json,875918ef-2c07-3d6c-772f-e04156e912d9,https://iiif.dl.itc.u-tokyo.ac.jp/repo/s/seishu/,https://iiif.dl.itc.u-tokyo.ac.jp/repo/s/seishu/document/875918ef-2c07-3d6c-772f-e04156e912d9,https://www.lib.u-tokyo.ac.jp/ja/library/contents/archives-top/reuse,https://iiif.dl.itc.u-tokyo.ac.jp/repo/files/medium/eb6e9d719ab9bba9fbe7db888e8bb2bb3a79df16.jpg,https://iiif.dl.itc.u-tokyo.ac.jp/repo/api/items/1381063,"東京大学総合図書館 General Library, The University of Tokyo, JAPAN",http://iiif.io/api/presentation/2#rightToLeftDirection,,総合図書館所蔵青洲文庫,0375,,https://iiif.dl.itc.u-tokyo.ac.jp/repo/iiif/875918ef-2c07-3d6c-772f-e04156e912d9/manifest,,,,,87
翰林釐正備攷字義韻律鰲頭海篇金鏡 15巻首1巻 (存12巻首1巻) [5],A00:5837,カンリン リセイ ビコウ ジギ インリツ ゴウトウ カイヘン キンキョウ,,7,[出版者不明],[明],和古書,日本語,"卷首の巻頭書名: 新鐫翰林釐正平仄四書六經小學鑑史難字金鏡|卷首の巻末書名: 經史難字金鏡|卷首の序首書名: 鍥四書六經小學鑑史難字金鏡|序首の書名: 鍥鰲頭海篇金鏡|序中の書名: 鰲頭海篇金鏡|目尾の書名: 海篇金鏡|題簽の書名(墨書): 經史難字彙|序に「我高祖皇帝御極蒙古二三譯悉就更新首簡諸拾遺掌書記釐正古文金字學大學士吴伯宗膺其緫裁書成命曰洪武正韻天下始知書同文 ... 但世運江河毎三十年一變鏤在昔疇禁不腐朽於今翰林諸公慮新世面墻政餘搜羅六經諸史難字併六合凡有白氣點畫編門類定五音訂反切繕謄二十帙用詔来學名曰鰲頭海篇金鏡 ... 諸公嘉興寓内功不大哉功不大哉序畢」とあり|四周双辺有界2段10行注文双行, 内匡廓: 19.9×11.9cm, 白口単黒魚尾|首書本|卷之13-15を欠く, 目録丁1を欠損|欠損(目録丁1-2)あり, 落丁(卷之3丁37)あり|印記: 「埼玉縣緘印」, 「青洲文庫」(渡辺信)|虫損, 破損あり (裏打ち補修あり)",http://tify.sub.uni-goettingen.de/demo.html?manifest=https://archdataset.dl.itc.u-tokyo.ac.jp/manifest/c0ae2451-4607-2afd-287d-53dcf3709d03.json,c0ae2451-4607-2afd-287d-53dcf3709d03,https://iiif.dl.itc.u-tokyo.ac.jp/repo/s/seishu/,https://iiif.dl.itc.u-tokyo.ac.jp/repo/s/seishu/document/c0ae2451-4607-2afd-287d-53dcf3709d03,https://www.lib.u-tokyo.ac.jp/ja/library/contents/archives-top/reuse,https://iiif.dl.itc.u-tokyo.ac.jp/repo/files/medium/c830f81300393c2b0ea1e97c1d79b52c6ab7ad0c.jpg,https://iiif.dl.itc.u-tokyo.ac.jp/repo/api/items/1381062,"東京大学総合図書館 General Library, The University of Tokyo, JAPAN",http://iiif.io/api/presentation/2#rightToLeftDirection,,総合図書館所蔵青洲文庫,0376,,https://iiif.dl.itc.u-tokyo.ac.jp/repo/iiif/c0ae2451-4607-2afd-287d-53dcf3709d03/manifest,,,,,67
翰林釐正備攷字義韻律鰲頭海篇金鏡 15巻首1巻 (存12巻首1巻) [6],A00:5837,カンリン リセイ ビコウ ジギ インリツ ゴウトウ カイヘン キンキョウ,,7,[出版者不明],[明],和古書,日本語,"卷首の巻頭書名: 新鐫翰林釐正平仄四書六經小學鑑史難字金鏡|卷首の巻末書名: 經史難字金鏡|卷首の序首書名: 鍥四書六經小學鑑史難字金鏡|序首の書名: 鍥鰲頭海篇金鏡|序中の書名: 鰲頭海篇金鏡|目尾の書名: 海篇金鏡|題簽の書名(墨書): 經史難字彙|序に「我高祖皇帝御極蒙古二三譯悉就更新首簡諸拾遺掌書記釐正古文金字學大學士吴伯宗膺其緫裁書成命曰洪武正韻天下始知書同文 ... 但世運江河毎三十年一變鏤在昔疇禁不腐朽於今翰林諸公慮新世面墻政餘搜羅六經諸史難字併六合凡有白氣點畫編門類定五音訂反切繕謄二十帙用詔来學名曰鰲頭海篇金鏡 ... 諸公嘉興寓内功不大哉功不大哉序畢」とあり|四周双辺有界2段10行注文双行, 内匡廓: 19.9×11.9cm, 白口単黒魚尾|首書本|卷之13-15を欠く, 目録丁1を欠損|欠損(目録丁1-2)あり, 落丁(卷之3丁37)あり|印記: 「埼玉縣緘印」, 「青洲文庫」(渡辺信)|虫損, 破損あり (裏打ち補修あり)",http://tify.sub.uni-goettingen.de/demo.html?manifest=https://archdataset.dl.itc.u-tokyo.ac.jp/manifest/beb11705-9c2c-81d8-8132-2314450a9650.json,beb11705-9c2c-81d8-8132-2314450a9650,https://iiif.dl.itc.u-tokyo.ac.jp/repo/s/seishu/,https://iiif.dl.itc.u-tokyo.ac.jp/repo/s/seishu/document/beb11705-9c2c-81d8-8132-2314450a9650,https://www.lib.u-tokyo.ac.jp/ja/library/contents/archives-top/reuse,https://iiif.dl.itc.u-tokyo.ac.jp/repo/files/medium/18f3323e398d0d71c824c5ef33d29993522a953f.jpg,https://iiif.dl.itc.u-tokyo.ac.jp/repo/api/items/1381061,"東京大学総合図書館 General Library, The University of Tokyo, JAPAN",http://iiif.io/api/presentation/2#rightToLeftDirection,,総合図書館所蔵青洲文庫,0377,,https://iiif.dl.itc.u-tokyo.ac.jp/repo/iiif/beb11705-9c2c-81d8-8132-2314450a9650/manifest,,,,,99
翰林釐正備攷字義韻律鰲頭海篇金鏡 15巻首1巻 (存12巻首1巻) [7],A00:5837,カンリン リセイ ビコウ ジギ インリツ ゴウトウ カイヘン キンキョウ,,7,[出版者不明],[明],和古書,日本語,"卷首の巻頭書名: 新鐫翰林釐正平仄四書六經小學鑑史難字金鏡|卷首の巻末書名: 經史難字金鏡|卷首の序首書名: 鍥四書六經小學鑑史難字金鏡|序首の書名: 鍥鰲頭海篇金鏡|序中の書名: 鰲頭海篇金鏡|目尾の書名: 海篇金鏡|題簽の書名(墨書): 經史難字彙|序に「我高祖皇帝御極蒙古二三譯悉就更新首簡諸拾遺掌書記釐正古文金字學大學士吴伯宗膺其緫裁書成命曰洪武正韻天下始知書同文 ... 但世運江河毎三十年一變鏤在昔疇禁不腐朽於今翰林諸公慮新世面墻政餘搜羅六經諸史難字併六合凡有白氣點畫編門類定五音訂反切繕謄二十帙用詔来學名曰鰲頭海篇金鏡 ... 諸公嘉興寓内功不大哉功不大哉序畢」とあり|四周双辺有界2段10行注文双行, 内匡廓: 19.9×11.9cm, 白口単黒魚尾|首書本|卷之13-15を欠く, 目録丁1を欠損|欠損(目録丁1-2)あり, 落丁(卷之3丁37)あり|印記: 「埼玉縣緘印」, 「青洲文庫」(渡辺信)|虫損, 破損あり (裏打ち補修あり)",http://tify.sub.uni-goettingen.de/demo.html?manifest=https://archdataset.dl.itc.u-tokyo.ac.jp/manifest/3aab5027-9798-7c2a-0541-16088fa12f84.json,3aab5027-9798-7c2a-0541-16088fa12f84,https://iiif.dl.itc.u-tokyo.ac.jp/repo/s/seishu/,https://iiif.dl.itc.u-tokyo.ac.jp/repo/s/seishu/document/3aab5027-9798-7c2a-0541-16088fa12f84,https://www.lib.u-tokyo.ac.jp/ja/library/contents/archives-top/reuse,https://iiif.dl.itc.u-tokyo.ac.jp/repo/files/medium/592ea6dc52052d310dec16a13e57753223cd8ee8.jpg,https://iiif.dl.itc.u-tokyo.ac.jp/repo/api/items/1381060,"東京大学総合図書館 General Library, The University of Tokyo, JAPAN",http://iiif.io/api/presentation/2#rightToLeftDirection,,総合図書館所蔵青洲文庫,0378,,https://iiif.dl.itc.u-tokyo.ac.jp/repo/iiif/3aab5027-9798-7c2a-0541-16088fa12f84/manifest,,,,,95
