書名,注記,請求記号,タイトル（ヨミ）,資料番号/Barcode No.,所蔵図書館室 / Holding Library,書誌ID,巻,メモ,文庫区分,著者・編者・監修者,購入年,出版年,幅・高さ,種別,言語,書名2,出版社,分類1,分類2,解説1,第一中学本,図版番号,開成学校本,キーワード,サイズ,帝国大学本,タイトル2,東京大学本,解説2,解説3,解説4,解説5,解説6,iiif viewer,ID,ウェブサイトURL,アイテムURL,利用条件,サムネイル,機械可読ドキュメント,帰属,viewingDirection,viewingHint,コレクション,ソート用項目,西暦,IIIFマニフェストURI,IIIF Search API URI,アノテーション付きIIIFマニフェストURI,Link to TAPAS Project,Text with Rich Text Format,# of media
dcterms:title,dcterms:description,dcndl:callNumber,dcndl:titleTranscription,dcterms:identifier,dcndl:holdingAgent,dcndl:sourceIdentifier,dcndl:volume,archiveshub:note,uterms:bunko,dcterms:creator,dcterms:date,dcterms:issued,dcterms:extent,dcndl:materialType,dcterms:language,dcterms:alternative,dcterms:publisher,petit:class1,petit:class2,petit:comment1,petit:daiichi,petit:figno,petit:kaisei,petit:keyword,petit:size,petit:teikoku,petit:title2,petit:todai,petit:comment2,petit:comment3,petit:comment4,petit:comment5,petit:comment6,iiif viewer,bibo:identifier,dcterms:isPartOf,dcterms:relation,dcterms:rights,foaf:thumbnail,rdfs:seeAlso,sc:attributionLabel,sc:viewingDirection,sc:viewingHint,uterms:databaseLabel,uterms:sort,uterms:year,uterms:manifestUri,uterms:searchApiUri,uterms:annotedManifest,uterms:linkToTapas,uterms:rtf,1867
朝庭御鷹野之影 二巻,"朝庭御鷹野之影 二巻 / 飯嶋助九郎筆 ; 栄川院, 養川院筆写 ; [春-夏], [秋-冬]. -- [製作者不明], [江戸後期]. -- 絵画2巻 (絵巻) : 彩色 ; 39.4cm.",十:い:44(4),チョウテイ オタカノ ノ カゲ,"3011379892, 3011379900",駒場図書館,2003450235,"[春-夏] ,[秋-冬]",,一高文庫,,,,,,,,,,,,,,,,,,,,,,,,,http://tify.sub.uni-goettingen.de/demo.html?manifest=https://archdataset.dl.itc.u-tokyo.ac.jp/manifest/b3bd130b-295d-8c41-0d00-c1206feb0076.json,b3bd130b-295d-8c41-0d00-c1206feb0076,https://iiif.dl.itc.u-tokyo.ac.jp/repo/s/ichiko,https://iiif.dl.itc.u-tokyo.ac.jp/repo/s/ichiko/document/b3bd130b-295d-8c41-0d00-c1206feb0076,https://www.lib.u-tokyo.ac.jp/ja/library/contents/archives-top/reuse,https://iiif.dl.itc.u-tokyo.ac.jp/repo/files/medium/c9e2709f9d0e06fce067f5cb708422145d9fa723.jpg,https://iiif.dl.itc.u-tokyo.ac.jp/repo/api/items/776535,"東京大学駒場図書館 Komaba Library, The University of Tokyo, JAPAN",http://iiif.io/api/presentation/2#rightToLeftDirection,,第一高等学校旧蔵資料,chotei-001,,https://iiif.dl.itc.u-tokyo.ac.jp/repo/iiif/b3bd130b-295d-8c41-0d00-c1206feb0076/manifest,,,,,51
本朝世紀 目録,6丁。,三:い:30,ホンチョウセイキ モクロク,,,,,,,藤原通憲,[江戸時代],[18世紀],29.0×20.6cm,和古書,日本語,,,,,,,,,,,,,,,,,,,http://tify.sub.uni-goettingen.de/demo.html?manifest=https://archdataset.dl.itc.u-tokyo.ac.jp/manifest/0e0b56f7-9f6d-4baa-49b4-175559f54594.json,0e0b56f7-9f6d-4baa-49b4-175559f54594,https://iiif.dl.itc.u-tokyo.ac.jp/repo/s/ichiko,https://iiif.dl.itc.u-tokyo.ac.jp/repo/s/ichiko/document/0e0b56f7-9f6d-4baa-49b4-175559f54594,https://www.lib.u-tokyo.ac.jp/ja/library/contents/archives-top/reuse,https://iiif.dl.itc.u-tokyo.ac.jp/repo/files/medium/a36addddbc6e667b0c7819eaee922d42fa7bd7d8.jpg,https://iiif.dl.itc.u-tokyo.ac.jp/repo/api/items/951196,"東京大学駒場図書館 Komaba Library, The University of Tokyo, JAPAN",http://iiif.io/api/presentation/2#rightToLeftDirection,,第一高等学校旧蔵資料,honchoseiki-001,,https://iiif.dl.itc.u-tokyo.ac.jp/repo/iiif/0e0b56f7-9f6d-4baa-49b4-175559f54594/manifest,,,,,12
本朝世紀 1 承平五年〈自五月 至六月〉,5丁。宮内庁書陵部伏見宮本(巻1)https://shoryobu.kunaicho.go.jp/Toshoryo/Detail/1000646460001,三:い:30,ホンチョウセイキ 1,,,,,,,藤原通憲,[江戸時代],[18世紀],29.6×20.6cm,和古書,日本語,,,,,,,,,,,,,,,,,,,http://tify.sub.uni-goettingen.de/demo.html?manifest=https://archdataset.dl.itc.u-tokyo.ac.jp/manifest/ecec314e-0929-2b32-17ca-f71252994dc5.json,ecec314e-0929-2b32-17ca-f71252994dc5,https://iiif.dl.itc.u-tokyo.ac.jp/repo/s/ichiko,https://iiif.dl.itc.u-tokyo.ac.jp/repo/s/ichiko/document/ecec314e-0929-2b32-17ca-f71252994dc5,https://www.lib.u-tokyo.ac.jp/ja/library/contents/archives-top/reuse,https://iiif.dl.itc.u-tokyo.ac.jp/repo/files/medium/82066dab0eea7b3ec821754c1676c0d38a244387.jpg,https://iiif.dl.itc.u-tokyo.ac.jp/repo/api/items/951195,"東京大学駒場図書館 Komaba Library, The University of Tokyo, JAPAN",http://iiif.io/api/presentation/2#rightToLeftDirection,,第一高等学校旧蔵資料,honchoseiki-002,,https://iiif.dl.itc.u-tokyo.ac.jp/repo/iiif/ecec314e-0929-2b32-17ca-f71252994dc5/manifest,,,,,11
本朝世紀 2 天慶元年〈自七月 至十二月〉,42丁。校訂傍注を多数写し、欠落の空行を設ける(刊本では字数に換算)。,三:い:30,ホンチョウセイキ 2,,,,,,,藤原通憲,[江戸時代],[18世紀],29.6×20.6cm,和古書,日本語,,,,,,,,,,,,,,,,,,,http://tify.sub.uni-goettingen.de/demo.html?manifest=https://archdataset.dl.itc.u-tokyo.ac.jp/manifest/21b64497-333e-8f50-9095-19fea4e461d7.json,21b64497-333e-8f50-9095-19fea4e461d7,https://iiif.dl.itc.u-tokyo.ac.jp/repo/s/ichiko,https://iiif.dl.itc.u-tokyo.ac.jp/repo/s/ichiko/document/21b64497-333e-8f50-9095-19fea4e461d7,https://www.lib.u-tokyo.ac.jp/ja/library/contents/archives-top/reuse,https://iiif.dl.itc.u-tokyo.ac.jp/repo/files/medium/0a22b5f2941ee8d262a54d3bac0a03e54ac05da8.jpg,https://iiif.dl.itc.u-tokyo.ac.jp/repo/api/items/951194,"東京大学駒場図書館 Komaba Library, The University of Tokyo, JAPAN",http://iiif.io/api/presentation/2#rightToLeftDirection,,第一高等学校旧蔵資料,honchoseiki-003,,https://iiif.dl.itc.u-tokyo.ac.jp/repo/iiif/21b64497-333e-8f50-9095-19fea4e461d7/manifest,,,,,48
本朝世紀 3 天慶二年〈自四月 至閏七月〉,11丁。宮内庁書陵部伏見宮本(巻2)https://shoryobu.kunaicho.go.jp/Toshoryo/Detail/1000646460002,三:い:30,ホンチョウセイキ 3,,,,,,,藤原通憲,[江戸時代],[18世紀],29.6×20.6cm,和古書,日本語,,,,,,,,,,,,,,,,,,,http://tify.sub.uni-goettingen.de/demo.html?manifest=https://archdataset.dl.itc.u-tokyo.ac.jp/manifest/ddae469f-1e27-466b-3d4a-9aa2e07d2081.json,ddae469f-1e27-466b-3d4a-9aa2e07d2081,https://iiif.dl.itc.u-tokyo.ac.jp/repo/s/ichiko,https://iiif.dl.itc.u-tokyo.ac.jp/repo/s/ichiko/document/ddae469f-1e27-466b-3d4a-9aa2e07d2081,https://www.lib.u-tokyo.ac.jp/ja/library/contents/archives-top/reuse,https://iiif.dl.itc.u-tokyo.ac.jp/repo/files/medium/029e428a92d8f770036efcb3b52459683f592152.jpg,https://iiif.dl.itc.u-tokyo.ac.jp/repo/api/items/951193,"東京大学駒場図書館 Komaba Library, The University of Tokyo, JAPAN",http://iiif.io/api/presentation/2#rightToLeftDirection,,第一高等学校旧蔵資料,honchoseiki-004,,https://iiif.dl.itc.u-tokyo.ac.jp/repo/iiif/ddae469f-1e27-466b-3d4a-9aa2e07d2081/manifest,,,,,17
本朝世紀 4 天慶二年〈自八月 至十二月〉,9丁。,三:い:30,ホンチョウセイキ 4,,,,,,,藤原通憲,[江戸時代],[18世紀],29.5×20.6cm,和古書,日本語,,,,,,,,,,,,,,,,,,,http://tify.sub.uni-goettingen.de/demo.html?manifest=https://archdataset.dl.itc.u-tokyo.ac.jp/manifest/2060d850-5519-2a21-10a8-726779cd0cff.json,2060d850-5519-2a21-10a8-726779cd0cff,https://iiif.dl.itc.u-tokyo.ac.jp/repo/s/ichiko,https://iiif.dl.itc.u-tokyo.ac.jp/repo/s/ichiko/document/2060d850-5519-2a21-10a8-726779cd0cff,https://www.lib.u-tokyo.ac.jp/ja/library/contents/archives-top/reuse,https://iiif.dl.itc.u-tokyo.ac.jp/repo/files/medium/bc2fd3062422dc6f2fa040012254cd1d81fd2ca5.jpg,https://iiif.dl.itc.u-tokyo.ac.jp/repo/api/items/951192,"東京大学駒場図書館 Komaba Library, The University of Tokyo, JAPAN",http://iiif.io/api/presentation/2#rightToLeftDirection,,第一高等学校旧蔵資料,honchoseiki-005,,https://iiif.dl.itc.u-tokyo.ac.jp/repo/iiif/2060d850-5519-2a21-10a8-726779cd0cff/manifest,,,,,14
本朝世紀 5 天慶四年〈自七月 至十二月〉,47丁。,三:い:30,ホンチョウセイキ 5,,,,,,,藤原通憲,[江戸時代],[18世紀],29.5×20.7cm,和古書,日本語,,,,,,,,,,,,,,,,,,,http://tify.sub.uni-goettingen.de/demo.html?manifest=https://archdataset.dl.itc.u-tokyo.ac.jp/manifest/0a9d8505-38bd-2d1c-346d-48d36c966286.json,0a9d8505-38bd-2d1c-346d-48d36c966286,https://iiif.dl.itc.u-tokyo.ac.jp/repo/s/ichiko,https://iiif.dl.itc.u-tokyo.ac.jp/repo/s/ichiko/document/0a9d8505-38bd-2d1c-346d-48d36c966286,https://www.lib.u-tokyo.ac.jp/ja/library/contents/archives-top/reuse,https://iiif.dl.itc.u-tokyo.ac.jp/repo/files/medium/7af6d4b369a78d5d49b3345b2bfb36dd10e2eb78.jpg,https://iiif.dl.itc.u-tokyo.ac.jp/repo/api/items/951191,"東京大学駒場図書館 Komaba Library, The University of Tokyo, JAPAN",http://iiif.io/api/presentation/2#rightToLeftDirection,,第一高等学校旧蔵資料,honchoseiki-006,,https://iiif.dl.itc.u-tokyo.ac.jp/repo/iiif/0a9d8505-38bd-2d1c-346d-48d36c966286/manifest,,,,,53
本朝世紀 6 天慶五年〈三月 四月〉,24丁。,三:い:30,ホンチョウセイキ 6,,,,,,,藤原通憲,[江戸時代],[18世紀],29.6×21.0cm,和古書,日本語,,,,,,,,,,,,,,,,,,,http://tify.sub.uni-goettingen.de/demo.html?manifest=https://archdataset.dl.itc.u-tokyo.ac.jp/manifest/da0ed0ed-8fca-37f8-92c7-699756f81907.json,da0ed0ed-8fca-37f8-92c7-699756f81907,https://iiif.dl.itc.u-tokyo.ac.jp/repo/s/ichiko,https://iiif.dl.itc.u-tokyo.ac.jp/repo/s/ichiko/document/da0ed0ed-8fca-37f8-92c7-699756f81907,https://www.lib.u-tokyo.ac.jp/ja/library/contents/archives-top/reuse,https://iiif.dl.itc.u-tokyo.ac.jp/repo/files/medium/093c978113d039d443da09e050bdaa671a467c4b.jpg,https://iiif.dl.itc.u-tokyo.ac.jp/repo/api/items/951190,"東京大学駒場図書館 Komaba Library, The University of Tokyo, JAPAN",http://iiif.io/api/presentation/2#rightToLeftDirection,,第一高等学校旧蔵資料,honchoseiki-007,,https://iiif.dl.itc.u-tokyo.ac.jp/repo/iiif/da0ed0ed-8fca-37f8-92c7-699756f81907/manifest,,,,,30
本朝世紀 7 天慶五年〈自二月 至五月〉,6丁。,三:い:30,ホンチョウセイキ 7,,,,,,,藤原通憲,[江戸時代],[18世紀],29.6×20.9cm,和古書,日本語,,,,,,,,,,,,,,,,,,,http://tify.sub.uni-goettingen.de/demo.html?manifest=https://archdataset.dl.itc.u-tokyo.ac.jp/manifest/bd799d9b-5e87-071e-2fd0-187469780a44.json,bd799d9b-5e87-071e-2fd0-187469780a44,https://iiif.dl.itc.u-tokyo.ac.jp/repo/s/ichiko,https://iiif.dl.itc.u-tokyo.ac.jp/repo/s/ichiko/document/bd799d9b-5e87-071e-2fd0-187469780a44,https://www.lib.u-tokyo.ac.jp/ja/library/contents/archives-top/reuse,https://iiif.dl.itc.u-tokyo.ac.jp/repo/files/medium/bb10aaa44162e2862e40c97d527e912078e28dd4.jpg,https://iiif.dl.itc.u-tokyo.ac.jp/repo/api/items/951189,"東京大学駒場図書館 Komaba Library, The University of Tokyo, JAPAN",http://iiif.io/api/presentation/2#rightToLeftDirection,,第一高等学校旧蔵資料,honchoseiki-008,,https://iiif.dl.itc.u-tokyo.ac.jp/repo/iiif/bd799d9b-5e87-071e-2fd0-187469780a44/manifest,,,,,12
本朝世紀 8 天慶五年〈自五月 至六月〉,8丁。,三:い:30,ホンチョウセイキ 8,,,,,,,藤原通憲,[江戸時代],[18世紀],29.6×20.7cm,和古書,日本語,,,,,,,,,,,,,,,,,,,http://tify.sub.uni-goettingen.de/demo.html?manifest=https://archdataset.dl.itc.u-tokyo.ac.jp/manifest/30d3683e-1d05-2c16-317d-d45c2733602c.json,30d3683e-1d05-2c16-317d-d45c2733602c,https://iiif.dl.itc.u-tokyo.ac.jp/repo/s/ichiko,https://iiif.dl.itc.u-tokyo.ac.jp/repo/s/ichiko/document/30d3683e-1d05-2c16-317d-d45c2733602c,https://www.lib.u-tokyo.ac.jp/ja/library/contents/archives-top/reuse,https://iiif.dl.itc.u-tokyo.ac.jp/repo/files/medium/08f71576fa0a4e6c312fdca709ad6bbf5bb91b10.jpg,https://iiif.dl.itc.u-tokyo.ac.jp/repo/api/items/951188,"東京大学駒場図書館 Komaba Library, The University of Tokyo, JAPAN",http://iiif.io/api/presentation/2#rightToLeftDirection,,第一高等学校旧蔵資料,honchoseiki-009,,https://iiif.dl.itc.u-tokyo.ac.jp/repo/iiif/30d3683e-1d05-2c16-317d-d45c2733602c/manifest,,,,,14
本朝世紀 9 天慶八年〈自七月 至十二月〉,19丁。12月11日条に脱行注記あり(刊本にもあり)。,三:い:30,ホンチョウセイキ 9,,,,,,,藤原通憲,[江戸時代],[18世紀],29.7×20.8cm,和古書,日本語,,,,,,,,,,,,,,,,,,,http://tify.sub.uni-goettingen.de/demo.html?manifest=https://archdataset.dl.itc.u-tokyo.ac.jp/manifest/2637115b-621a-99e5-5c9f-255189e842a1.json,2637115b-621a-99e5-5c9f-255189e842a1,https://iiif.dl.itc.u-tokyo.ac.jp/repo/s/ichiko,https://iiif.dl.itc.u-tokyo.ac.jp/repo/s/ichiko/document/2637115b-621a-99e5-5c9f-255189e842a1,https://www.lib.u-tokyo.ac.jp/ja/library/contents/archives-top/reuse,https://iiif.dl.itc.u-tokyo.ac.jp/repo/files/medium/827a0a9a1685054f94075a10cbcfd53d3a97e5a2.jpg,https://iiif.dl.itc.u-tokyo.ac.jp/repo/api/items/951187,"東京大学駒場図書館 Komaba Library, The University of Tokyo, JAPAN",http://iiif.io/api/presentation/2#rightToLeftDirection,,第一高等学校旧蔵資料,honchoseiki-010,,https://iiif.dl.itc.u-tokyo.ac.jp/repo/iiif/2637115b-621a-99e5-5c9f-255189e842a1/manifest,,,,,26
本朝世紀 10 寛和二年〈自正月 至六月〉,24丁。4月28日条朱頭書「盛明親王」を刊本略す。,三:い:30,ホンチョウセイキ 10,,,,,,,藤原通憲,[江戸時代],[18世紀],29.7×20.8cm,和古書,日本語,,,,,,,,,,,,,,,,,,,http://tify.sub.uni-goettingen.de/demo.html?manifest=https://archdataset.dl.itc.u-tokyo.ac.jp/manifest/4e92a8ea-8baa-1ce8-5b31-d5af3518477b.json,4e92a8ea-8baa-1ce8-5b31-d5af3518477b,https://iiif.dl.itc.u-tokyo.ac.jp/repo/s/ichiko,https://iiif.dl.itc.u-tokyo.ac.jp/repo/s/ichiko/document/4e92a8ea-8baa-1ce8-5b31-d5af3518477b,https://www.lib.u-tokyo.ac.jp/ja/library/contents/archives-top/reuse,https://iiif.dl.itc.u-tokyo.ac.jp/repo/files/medium/c7fda5f2720f8d6dcfd860f2c335455240f594e9.jpg,https://iiif.dl.itc.u-tokyo.ac.jp/repo/api/items/951186,"東京大学駒場図書館 Komaba Library, The University of Tokyo, JAPAN",http://iiif.io/api/presentation/2#rightToLeftDirection,,第一高等学校旧蔵資料,honchoseiki-011,,https://iiif.dl.itc.u-tokyo.ac.jp/repo/iiif/4e92a8ea-8baa-1ce8-5b31-d5af3518477b/manifest,,,,,30
本朝世紀 11 正暦元年〈自七月 至十二月〉,28丁。欠損部・行に注記あり。宮内庁書陵部伏見宮本(巻3)https://shoryobu.kunaicho.go.jp/Toshoryo/Detail/1000646460003,三:い:30,ホンチョウセイキ 11,,,,,,,藤原通憲,[江戸時代],[18世紀],29.8×20.7cm,和古書,日本語,,,,,,,,,,,,,,,,,,,http://tify.sub.uni-goettingen.de/demo.html?manifest=https://archdataset.dl.itc.u-tokyo.ac.jp/manifest/b43ef50e-19c3-53b3-53be-893ee0de2e6e.json,b43ef50e-19c3-53b3-53be-893ee0de2e6e,https://iiif.dl.itc.u-tokyo.ac.jp/repo/s/ichiko,https://iiif.dl.itc.u-tokyo.ac.jp/repo/s/ichiko/document/b43ef50e-19c3-53b3-53be-893ee0de2e6e,https://www.lib.u-tokyo.ac.jp/ja/library/contents/archives-top/reuse,https://iiif.dl.itc.u-tokyo.ac.jp/repo/files/medium/9fe16abb438a82548afa7a093ee610a1f5bea5df.jpg,https://iiif.dl.itc.u-tokyo.ac.jp/repo/api/items/951185,"東京大学駒場図書館 Komaba Library, The University of Tokyo, JAPAN",http://iiif.io/api/presentation/2#rightToLeftDirection,,第一高等学校旧蔵資料,honchoseiki-012,,https://iiif.dl.itc.u-tokyo.ac.jp/repo/iiif/b43ef50e-19c3-53b3-53be-893ee0de2e6e/manifest,,,,,34
本朝世紀 12 正暦四年〈自七月 至十二月〉,27丁。,三:い:30,ホンチョウセイキ 12,,,,,,,藤原通憲,[江戸時代],[18世紀],29.6×20.7cm,和古書,日本語,,,,,,,,,,,,,,,,,,,http://tify.sub.uni-goettingen.de/demo.html?manifest=https://archdataset.dl.itc.u-tokyo.ac.jp/manifest/1c675f96-5680-5ebf-330c-d4dcce5445f7.json,1c675f96-5680-5ebf-330c-d4dcce5445f7,https://iiif.dl.itc.u-tokyo.ac.jp/repo/s/ichiko,https://iiif.dl.itc.u-tokyo.ac.jp/repo/s/ichiko/document/1c675f96-5680-5ebf-330c-d4dcce5445f7,https://www.lib.u-tokyo.ac.jp/ja/library/contents/archives-top/reuse,https://iiif.dl.itc.u-tokyo.ac.jp/repo/files/medium/0a6a27dd91d8aedc239ffa4f2d5a83d4af68373e.jpg,https://iiif.dl.itc.u-tokyo.ac.jp/repo/api/items/951184,"東京大学駒場図書館 Komaba Library, The University of Tokyo, JAPAN",http://iiif.io/api/presentation/2#rightToLeftDirection,,第一高等学校旧蔵資料,honchoseiki-013,,https://iiif.dl.itc.u-tokyo.ac.jp/repo/iiif/1c675f96-5680-5ebf-330c-d4dcce5445f7/manifest,,,,,33
本朝世紀 13 正暦五年〈自正月 至六月〉,27丁。,三:い:30,ホンチョウセイキ 13,,,,,,,藤原通憲,[江戸時代],[18世紀],29.7×20.8cm,和古書,日本語,,,,,,,,,,,,,,,,,,,http://tify.sub.uni-goettingen.de/demo.html?manifest=https://archdataset.dl.itc.u-tokyo.ac.jp/manifest/a5ff2488-8d0e-26c1-2e61-4115f11660dc.json,a5ff2488-8d0e-26c1-2e61-4115f11660dc,https://iiif.dl.itc.u-tokyo.ac.jp/repo/s/ichiko,https://iiif.dl.itc.u-tokyo.ac.jp/repo/s/ichiko/document/a5ff2488-8d0e-26c1-2e61-4115f11660dc,https://www.lib.u-tokyo.ac.jp/ja/library/contents/archives-top/reuse,https://iiif.dl.itc.u-tokyo.ac.jp/repo/files/medium/616571ac4225bd3d14a457f91fe39232fe962de6.jpg,https://iiif.dl.itc.u-tokyo.ac.jp/repo/api/items/951183,"東京大学駒場図書館 Komaba Library, The University of Tokyo, JAPAN",http://iiif.io/api/presentation/2#rightToLeftDirection,,第一高等学校旧蔵資料,honchoseiki-014,,https://iiif.dl.itc.u-tokyo.ac.jp/repo/iiif/a5ff2488-8d0e-26c1-2e61-4115f11660dc/manifest,,,,,33
本朝世紀 14 長徳元年〈自七月 至十二月〉,9丁。祖本での『権記』混入なり、伏見宮本『行成卿記』[伏-3]https://shoryobu.kunaicho.go.jp/Toshoryo/Detail/1000628740003参照。,三:い:30,ホンチョウセイキ 14,,,,,,,藤原通憲,[江戸時代],[18世紀],29.7×20.8cm,和古書,日本語,,,,,,,,,,,,,,,,,,,http://tify.sub.uni-goettingen.de/demo.html?manifest=https://archdataset.dl.itc.u-tokyo.ac.jp/manifest/493567c0-69d4-8e73-7463-5fded5a57167.json,493567c0-69d4-8e73-7463-5fded5a57167,https://iiif.dl.itc.u-tokyo.ac.jp/repo/s/ichiko,https://iiif.dl.itc.u-tokyo.ac.jp/repo/s/ichiko/document/493567c0-69d4-8e73-7463-5fded5a57167,https://www.lib.u-tokyo.ac.jp/ja/library/contents/archives-top/reuse,https://iiif.dl.itc.u-tokyo.ac.jp/repo/files/medium/e9d67d3b8b344ea23a69e5358a9ebf21ca051bdc.jpg,https://iiif.dl.itc.u-tokyo.ac.jp/repo/api/items/951182,"東京大学駒場図書館 Komaba Library, The University of Tokyo, JAPAN",http://iiif.io/api/presentation/2#rightToLeftDirection,,第一高等学校旧蔵資料,honchoseiki-015,,https://iiif.dl.itc.u-tokyo.ac.jp/repo/iiif/493567c0-69d4-8e73-7463-5fded5a57167/manifest,,,,,15
本朝世紀 15 長保元年〈自二月六日 至三月七日〉,4丁。宮内庁書陵部伏見宮本(巻4)https://shoryobu.kunaicho.go.jp/Toshoryo/Detail/1000646460004,三:い:30,ホンチョウセイキ 15,,,,,,,藤原通憲,[江戸時代],[18世紀],29.6×20.5cm,和古書,日本語,,,,,,,,,,,,,,,,,,,http://tify.sub.uni-goettingen.de/demo.html?manifest=https://archdataset.dl.itc.u-tokyo.ac.jp/manifest/f927bf8d-1b31-4def-3e7f-1a23609f3d66.json,f927bf8d-1b31-4def-3e7f-1a23609f3d66,https://iiif.dl.itc.u-tokyo.ac.jp/repo/s/ichiko,https://iiif.dl.itc.u-tokyo.ac.jp/repo/s/ichiko/document/f927bf8d-1b31-4def-3e7f-1a23609f3d66,https://www.lib.u-tokyo.ac.jp/ja/library/contents/archives-top/reuse,https://iiif.dl.itc.u-tokyo.ac.jp/repo/files/medium/6b3d675395126a4cc8ae1794ba17105e64f28eb5.jpg,https://iiif.dl.itc.u-tokyo.ac.jp/repo/api/items/951181,"東京大学駒場図書館 Komaba Library, The University of Tokyo, JAPAN",http://iiif.io/api/presentation/2#rightToLeftDirection,,第一高等学校旧蔵資料,honchoseiki-016,,https://iiif.dl.itc.u-tokyo.ac.jp/repo/iiif/f927bf8d-1b31-4def-3e7f-1a23609f3d66/manifest,,,,,10
本朝世紀 16 長保元年〈自三月八日 至六月廿九日〉,28丁。宮内庁書陵部伏見宮本(巻4)https://shoryobu.kunaicho.go.jp/Toshoryo/Detail/1000646460004,三:い:30,ホンチョウセイキ 16,,,,,,,藤原通憲,[江戸時代],[18世紀],29.6×20.7cm,和古書,日本語,,,,,,,,,,,,,,,,,,,http://tify.sub.uni-goettingen.de/demo.html?manifest=https://archdataset.dl.itc.u-tokyo.ac.jp/manifest/8aa1db80-4c7d-4ec5-6d2c-da361d271dbd.json,8aa1db80-4c7d-4ec5-6d2c-da361d271dbd,https://iiif.dl.itc.u-tokyo.ac.jp/repo/s/ichiko,https://iiif.dl.itc.u-tokyo.ac.jp/repo/s/ichiko/document/8aa1db80-4c7d-4ec5-6d2c-da361d271dbd,https://www.lib.u-tokyo.ac.jp/ja/library/contents/archives-top/reuse,https://iiif.dl.itc.u-tokyo.ac.jp/repo/files/medium/a6274e7e9f151f5058791561ae307eb3554b9a30.jpg,https://iiif.dl.itc.u-tokyo.ac.jp/repo/api/items/951180,"東京大学駒場図書館 Komaba Library, The University of Tokyo, JAPAN",http://iiif.io/api/presentation/2#rightToLeftDirection,,第一高等学校旧蔵資料,honchoseiki-017,,https://iiif.dl.itc.u-tokyo.ac.jp/repo/iiif/8aa1db80-4c7d-4ec5-6d2c-da361d271dbd/manifest,,,,,34
本朝世紀 17 長保四年〈自八月 至十二月〉,17丁。宮内庁書陵部伏見宮本(巻5)https://shoryobu.kunaicho.go.jp/Toshoryo/Detail/1000646460005,三:い:30,ホンチョウセイキ 17,,,,,,,藤原通憲,[江戸時代],[18世紀],29.7×20.5cm,和古書,日本語,,,,,,,,,,,,,,,,,,,http://tify.sub.uni-goettingen.de/demo.html?manifest=https://archdataset.dl.itc.u-tokyo.ac.jp/manifest/06412c0b-6a6c-49ea-4f48-3978e8282b41.json,06412c0b-6a6c-49ea-4f48-3978e8282b41,https://iiif.dl.itc.u-tokyo.ac.jp/repo/s/ichiko,https://iiif.dl.itc.u-tokyo.ac.jp/repo/s/ichiko/document/06412c0b-6a6c-49ea-4f48-3978e8282b41,https://www.lib.u-tokyo.ac.jp/ja/library/contents/archives-top/reuse,https://iiif.dl.itc.u-tokyo.ac.jp/repo/files/medium/1435de74c9cfafd7d081e44a86558167430e7b05.jpg,https://iiif.dl.itc.u-tokyo.ac.jp/repo/api/items/951179,"東京大学駒場図書館 Komaba Library, The University of Tokyo, JAPAN",http://iiif.io/api/presentation/2#rightToLeftDirection,,第一高等学校旧蔵資料,honchoseiki-018,,https://iiif.dl.itc.u-tokyo.ac.jp/repo/iiif/06412c0b-6a6c-49ea-4f48-3978e8282b41/manifest,,,,,23
本朝世紀 18 長保五年〈自正月 至六月〉,23丁。宮内庁書陵部伏見宮本(巻6)https://shoryobu.kunaicho.go.jp/Toshoryo/Detail/1000646460006。伏見宮本(巻7)長元九年https://shoryobu.kunaicho.go.jp/Toshoryo/Detail/1000646460007は一高本になし。,三:い:30,ホンチョウセイキ 18,,,,,,,藤原通憲,[江戸時代],[18世紀],29.5×20.6cm,和古書,日本語,,,,,,,,,,,,,,,,,,,http://tify.sub.uni-goettingen.de/demo.html?manifest=https://archdataset.dl.itc.u-tokyo.ac.jp/manifest/fafe71e2-5935-613e-7035-d4a8775b070e.json,fafe71e2-5935-613e-7035-d4a8775b070e,https://iiif.dl.itc.u-tokyo.ac.jp/repo/s/ichiko,https://iiif.dl.itc.u-tokyo.ac.jp/repo/s/ichiko/document/fafe71e2-5935-613e-7035-d4a8775b070e,https://www.lib.u-tokyo.ac.jp/ja/library/contents/archives-top/reuse,https://iiif.dl.itc.u-tokyo.ac.jp/repo/files/medium/be744c8a7a9e3687cc44e5396ccc9a98131c3676.jpg,https://iiif.dl.itc.u-tokyo.ac.jp/repo/api/items/951178,"東京大学駒場図書館 Komaba Library, The University of Tokyo, JAPAN",http://iiif.io/api/presentation/2#rightToLeftDirection,,第一高等学校旧蔵資料,honchoseiki-019,,https://iiif.dl.itc.u-tokyo.ac.jp/repo/iiif/fafe71e2-5935-613e-7035-d4a8775b070e/manifest,,,,,29
本朝世紀 19 治暦四年〈自正月 至十二月〉,18丁。宮内庁書陵部伏見宮本(巻8)https://shoryobu.kunaicho.go.jp/Toshoryo/Detail/1000646460008。宮内庁書陵部伏見宮本(巻7)長元九年https://shoryobu.kunaicho.go.jp/Toshoryo/Detail/1000646460007は一高本になし,三:い:30,ホンチョウセイキ 19,,,,,,,藤原通憲,[江戸時代],[18世紀],29.6×20.7cm,和古書,日本語,,,,,,,,,,,,,,,,,,,http://tify.sub.uni-goettingen.de/demo.html?manifest=https://archdataset.dl.itc.u-tokyo.ac.jp/manifest/3a8b6aaf-560e-6305-7719-66acb0086a9d.json,3a8b6aaf-560e-6305-7719-66acb0086a9d,https://iiif.dl.itc.u-tokyo.ac.jp/repo/s/ichiko,https://iiif.dl.itc.u-tokyo.ac.jp/repo/s/ichiko/document/3a8b6aaf-560e-6305-7719-66acb0086a9d,https://www.lib.u-tokyo.ac.jp/ja/library/contents/archives-top/reuse,https://iiif.dl.itc.u-tokyo.ac.jp/repo/files/medium/0a87ed80f1bd6d40a931d2e88ceadf106a7e1d1f.jpg,https://iiif.dl.itc.u-tokyo.ac.jp/repo/api/items/951177,"東京大学駒場図書館 Komaba Library, The University of Tokyo, JAPAN",http://iiif.io/api/presentation/2#rightToLeftDirection,,第一高等学校旧蔵資料,honchoseiki-020,,https://iiif.dl.itc.u-tokyo.ac.jp/repo/iiif/3a8b6aaf-560e-6305-7719-66acb0086a9d/manifest,,,,,24
本朝世紀 20 寛治元年〈自七月 至十二月〉,25丁。7月中間欠の箇所に貼紙あり。宮内庁書陵部伏見宮本(巻9)https://shoryobu.kunaicho.go.jp/Toshoryo/Detail/1000646460009,三:い:30,ホンチョウセイキ 20,,,,,,,藤原通憲,[江戸時代],[18世紀],29.5×20.7cm,和古書,日本語,,,,,,,,,,,,,,,,,,,http://tify.sub.uni-goettingen.de/demo.html?manifest=https://archdataset.dl.itc.u-tokyo.ac.jp/manifest/da87a1fc-9bfc-82f7-63cd-795be6a046c5.json,da87a1fc-9bfc-82f7-63cd-795be6a046c5,https://iiif.dl.itc.u-tokyo.ac.jp/repo/s/ichiko,https://iiif.dl.itc.u-tokyo.ac.jp/repo/s/ichiko/document/da87a1fc-9bfc-82f7-63cd-795be6a046c5,https://www.lib.u-tokyo.ac.jp/ja/library/contents/archives-top/reuse,https://iiif.dl.itc.u-tokyo.ac.jp/repo/files/medium/080860c9216be35171d1c91d3d2d50c18f021c08.jpg,https://iiif.dl.itc.u-tokyo.ac.jp/repo/api/items/951176,"東京大学駒場図書館 Komaba Library, The University of Tokyo, JAPAN",http://iiif.io/api/presentation/2#rightToLeftDirection,,第一高等学校旧蔵資料,honchoseiki-021,,https://iiif.dl.itc.u-tokyo.ac.jp/repo/iiif/da87a1fc-9bfc-82f7-63cd-795be6a046c5/manifest,,,,,31
本朝世紀 21 康和元年〈自正月 至十二月〉,29丁。宮内庁書陵部伏見宮本(巻10)https://shoryobu.kunaicho.go.jp/Toshoryo/Detail/1000646460010,三:い:30,ホンチョウセイキ 21,,,,,,,藤原通憲,[江戸時代],[18世紀],29.6×20.9cm,和古書,日本語,,,,,,,,,,,,,,,,,,,http://tify.sub.uni-goettingen.de/demo.html?manifest=https://archdataset.dl.itc.u-tokyo.ac.jp/manifest/414532e5-0910-9a3c-1eef-f15b4bbb9a40.json,414532e5-0910-9a3c-1eef-f15b4bbb9a40,https://iiif.dl.itc.u-tokyo.ac.jp/repo/s/ichiko,https://iiif.dl.itc.u-tokyo.ac.jp/repo/s/ichiko/document/414532e5-0910-9a3c-1eef-f15b4bbb9a40,https://www.lib.u-tokyo.ac.jp/ja/library/contents/archives-top/reuse,https://iiif.dl.itc.u-tokyo.ac.jp/repo/files/medium/91cf4ece7111f25f210e97da2df65ff9cc7884d1.jpg,https://iiif.dl.itc.u-tokyo.ac.jp/repo/api/items/951175,"東京大学駒場図書館 Komaba Library, The University of Tokyo, JAPAN",http://iiif.io/api/presentation/2#rightToLeftDirection,,第一高等学校旧蔵資料,honchoseiki-022,,https://iiif.dl.itc.u-tokyo.ac.jp/repo/iiif/414532e5-0910-9a3c-1eef-f15b4bbb9a40/manifest,,,,,35
本朝世紀 22 康和五年〈自正月 至十二月〉,44丁。11月1日条に2行脱行あり、新補貼紙あり。宮内庁書陵部伏見宮本(巻11)https://shoryobu.kunaicho.go.jp/Toshoryo/Detail/1000646460011,三:い:30,ホンチョウセイキ 22,,,,,,,藤原通憲,[江戸時代],[18世紀],29.5×20.9cm,和古書,日本語,,,,,,,,,,,,,,,,,,,http://tify.sub.uni-goettingen.de/demo.html?manifest=https://archdataset.dl.itc.u-tokyo.ac.jp/manifest/78fd91c1-55ab-0a41-3ef5-7c2e02731b64.json,78fd91c1-55ab-0a41-3ef5-7c2e02731b64,https://iiif.dl.itc.u-tokyo.ac.jp/repo/s/ichiko,https://iiif.dl.itc.u-tokyo.ac.jp/repo/s/ichiko/document/78fd91c1-55ab-0a41-3ef5-7c2e02731b64,https://www.lib.u-tokyo.ac.jp/ja/library/contents/archives-top/reuse,https://iiif.dl.itc.u-tokyo.ac.jp/repo/files/medium/320936f54c3141d59bc5cc7449b53465aa2a209e.jpg,https://iiif.dl.itc.u-tokyo.ac.jp/repo/api/items/951174,"東京大学駒場図書館 Komaba Library, The University of Tokyo, JAPAN",http://iiif.io/api/presentation/2#rightToLeftDirection,,第一高等学校旧蔵資料,honchoseiki-023,,https://iiif.dl.itc.u-tokyo.ac.jp/repo/iiif/78fd91c1-55ab-0a41-3ef5-7c2e02731b64/manifest,,,,,51
本朝世紀 23 康治元年〈自正月 至六月〉,32丁。3月1日条に文字大小に関する朱書あり、刊本はそれに従う。,三:い:30,ホンチョウセイキ 23,,,,,,,藤原通憲,[江戸時代],[18世紀],29.6×20.7cm,和古書,日本語,,,,,,,,,,,,,,,,,,,http://tify.sub.uni-goettingen.de/demo.html?manifest=https://archdataset.dl.itc.u-tokyo.ac.jp/manifest/172b4b54-8c52-365a-9cc3-c83d0b390f62.json,172b4b54-8c52-365a-9cc3-c83d0b390f62,https://iiif.dl.itc.u-tokyo.ac.jp/repo/s/ichiko,https://iiif.dl.itc.u-tokyo.ac.jp/repo/s/ichiko/document/172b4b54-8c52-365a-9cc3-c83d0b390f62,https://www.lib.u-tokyo.ac.jp/ja/library/contents/archives-top/reuse,https://iiif.dl.itc.u-tokyo.ac.jp/repo/files/medium/469c874bf898051de5359240f0c3873656f32575.jpg,https://iiif.dl.itc.u-tokyo.ac.jp/repo/api/items/951173,"東京大学駒場図書館 Komaba Library, The University of Tokyo, JAPAN",http://iiif.io/api/presentation/2#rightToLeftDirection,,第一高等学校旧蔵資料,honchoseiki-024,,https://iiif.dl.itc.u-tokyo.ac.jp/repo/iiif/172b4b54-8c52-365a-9cc3-c83d0b390f62/manifest,,,,,38
本朝世紀 24 康治元年〈自七月 至十二月〉,39丁。,三:い:30,ホンチョウセイキ 24,,,,,,,藤原通憲,[江戸時代],[18世紀],29.5×20.6cm,和古書,日本語,,,,,,,,,,,,,,,,,,,http://tify.sub.uni-goettingen.de/demo.html?manifest=https://archdataset.dl.itc.u-tokyo.ac.jp/manifest/7813a3f0-9692-4318-422f-5123b6e4274a.json,7813a3f0-9692-4318-422f-5123b6e4274a,https://iiif.dl.itc.u-tokyo.ac.jp/repo/s/ichiko,https://iiif.dl.itc.u-tokyo.ac.jp/repo/s/ichiko/document/7813a3f0-9692-4318-422f-5123b6e4274a,https://www.lib.u-tokyo.ac.jp/ja/library/contents/archives-top/reuse,https://iiif.dl.itc.u-tokyo.ac.jp/repo/files/medium/67a028eb50fc72a888ba175355cab55dc532b677.jpg,https://iiif.dl.itc.u-tokyo.ac.jp/repo/api/items/951172,"東京大学駒場図書館 Komaba Library, The University of Tokyo, JAPAN",http://iiif.io/api/presentation/2#rightToLeftDirection,,第一高等学校旧蔵資料,honchoseiki-025,,https://iiif.dl.itc.u-tokyo.ac.jp/repo/iiif/7813a3f0-9692-4318-422f-5123b6e4274a/manifest,,,,,45
本朝世紀 25 康治二年〈自正月 至六月〉,27丁。,三:い:30,ホンチョウセイキ 25,,,,,,,藤原通憲,[江戸時代],[18世紀],29.7×20.5cm,和古書,日本語,,,,,,,,,,,,,,,,,,,http://tify.sub.uni-goettingen.de/demo.html?manifest=https://archdataset.dl.itc.u-tokyo.ac.jp/manifest/8f40781d-3a24-a28f-54a9-b676bcb46da8.json,8f40781d-3a24-a28f-54a9-b676bcb46da8,https://iiif.dl.itc.u-tokyo.ac.jp/repo/s/ichiko,https://iiif.dl.itc.u-tokyo.ac.jp/repo/s/ichiko/document/8f40781d-3a24-a28f-54a9-b676bcb46da8,https://www.lib.u-tokyo.ac.jp/ja/library/contents/archives-top/reuse,https://iiif.dl.itc.u-tokyo.ac.jp/repo/files/medium/5d2bfbbabf10bfb1834fe9a0c8f51d2142953ba2.jpg,https://iiif.dl.itc.u-tokyo.ac.jp/repo/api/items/951171,"東京大学駒場図書館 Komaba Library, The University of Tokyo, JAPAN",http://iiif.io/api/presentation/2#rightToLeftDirection,,第一高等学校旧蔵資料,honchoseiki-026,,https://iiif.dl.itc.u-tokyo.ac.jp/repo/iiif/8f40781d-3a24-a28f-54a9-b676bcb46da8/manifest,,,,,33
本朝世紀 26 康治二年〈自七月 至十二月〉,20丁。,三:い:30,ホンチョウセイキ 26,,,,,,,藤原通憲,[江戸時代],[18世紀],29.7×20.7cm,和古書,日本語,,,,,,,,,,,,,,,,,,,http://tify.sub.uni-goettingen.de/demo.html?manifest=https://archdataset.dl.itc.u-tokyo.ac.jp/manifest/90e0ff6d-5699-3915-2fe8-fbd8df2c1d41.json,90e0ff6d-5699-3915-2fe8-fbd8df2c1d41,https://iiif.dl.itc.u-tokyo.ac.jp/repo/s/ichiko,https://iiif.dl.itc.u-tokyo.ac.jp/repo/s/ichiko/document/90e0ff6d-5699-3915-2fe8-fbd8df2c1d41,https://www.lib.u-tokyo.ac.jp/ja/library/contents/archives-top/reuse,https://iiif.dl.itc.u-tokyo.ac.jp/repo/files/medium/867ca1a231ca9f7dc6ada7951b085e93c7ca310e.jpg,https://iiif.dl.itc.u-tokyo.ac.jp/repo/api/items/951170,"東京大学駒場図書館 Komaba Library, The University of Tokyo, JAPAN",http://iiif.io/api/presentation/2#rightToLeftDirection,,第一高等学校旧蔵資料,honchoseiki-027,,https://iiif.dl.itc.u-tokyo.ac.jp/repo/iiif/90e0ff6d-5699-3915-2fe8-fbd8df2c1d41/manifest,,,,,26
本朝世紀 27 天養元年〈四季〉,15丁。,三:い:30,ホンチョウセイキ 27,,,,,,,藤原通憲,[江戸時代],[18世紀],29.6×20.7cm,和古書,日本語,,,,,,,,,,,,,,,,,,,http://tify.sub.uni-goettingen.de/demo.html?manifest=https://archdataset.dl.itc.u-tokyo.ac.jp/manifest/fcdbc8dc-75a4-99db-9066-6ae3266618ac.json,fcdbc8dc-75a4-99db-9066-6ae3266618ac,https://iiif.dl.itc.u-tokyo.ac.jp/repo/s/ichiko,https://iiif.dl.itc.u-tokyo.ac.jp/repo/s/ichiko/document/fcdbc8dc-75a4-99db-9066-6ae3266618ac,https://www.lib.u-tokyo.ac.jp/ja/library/contents/archives-top/reuse,https://iiif.dl.itc.u-tokyo.ac.jp/repo/files/medium/f3872bd4cf3911d9ab848e28f344d12e264df3ef.jpg,https://iiif.dl.itc.u-tokyo.ac.jp/repo/api/items/951169,"東京大学駒場図書館 Komaba Library, The University of Tokyo, JAPAN",http://iiif.io/api/presentation/2#rightToLeftDirection,,第一高等学校旧蔵資料,honchoseiki-028,,https://iiif.dl.itc.u-tokyo.ac.jp/repo/iiif/fcdbc8dc-75a4-99db-9066-6ae3266618ac/manifest,,,,,21
本朝世紀 28 久安元年〈四季〉,18丁。宮内庁書陵部伏見宮本(巻12)https://shoryobu.kunaicho.go.jp/Toshoryo/Detail/1000646460012,三:い:30,ホンチョウセイキ 28,,,,,,,藤原通憲,[江戸時代],[18世紀],29.7×20.7cm,和古書,日本語,,,,,,,,,,,,,,,,,,,http://tify.sub.uni-goettingen.de/demo.html?manifest=https://archdataset.dl.itc.u-tokyo.ac.jp/manifest/a0f3a9da-4d46-01f7-11e1-869820584759.json,a0f3a9da-4d46-01f7-11e1-869820584759,https://iiif.dl.itc.u-tokyo.ac.jp/repo/s/ichiko,https://iiif.dl.itc.u-tokyo.ac.jp/repo/s/ichiko/document/a0f3a9da-4d46-01f7-11e1-869820584759,https://www.lib.u-tokyo.ac.jp/ja/library/contents/archives-top/reuse,https://iiif.dl.itc.u-tokyo.ac.jp/repo/files/medium/335751d4f5437b642d98836ec012454523ff6230.jpg,https://iiif.dl.itc.u-tokyo.ac.jp/repo/api/items/951168,"東京大学駒場図書館 Komaba Library, The University of Tokyo, JAPAN",http://iiif.io/api/presentation/2#rightToLeftDirection,,第一高等学校旧蔵資料,honchoseiki-029,,https://iiif.dl.itc.u-tokyo.ac.jp/repo/iiif/a0f3a9da-4d46-01f7-11e1-869820584759/manifest,,,,,24
本朝世紀 29 久安二年〈正月・二月 三月〉,19丁。宮内庁書陵部伏見宮本(巻13)https://shoryobu.kunaicho.go.jp/Toshoryo/Detail/1000646460013,三:い:30,ホンチョウセイキ 29,,,,,,,藤原通憲,[江戸時代],[18世紀],29.8×20.8cm,和古書,日本語,,,,,,,,,,,,,,,,,,,http://tify.sub.uni-goettingen.de/demo.html?manifest=https://archdataset.dl.itc.u-tokyo.ac.jp/manifest/bd61a1f5-0aa8-22a2-7870-7650bf732123.json,bd61a1f5-0aa8-22a2-7870-7650bf732123,https://iiif.dl.itc.u-tokyo.ac.jp/repo/s/ichiko,https://iiif.dl.itc.u-tokyo.ac.jp/repo/s/ichiko/document/bd61a1f5-0aa8-22a2-7870-7650bf732123,https://www.lib.u-tokyo.ac.jp/ja/library/contents/archives-top/reuse,https://iiif.dl.itc.u-tokyo.ac.jp/repo/files/medium/f9146f32f4aeedd285f3a56d26142fc9494b487c.jpg,https://iiif.dl.itc.u-tokyo.ac.jp/repo/api/items/951167,"東京大学駒場図書館 Komaba Library, The University of Tokyo, JAPAN",http://iiif.io/api/presentation/2#rightToLeftDirection,,第一高等学校旧蔵資料,honchoseiki-030,,https://iiif.dl.itc.u-tokyo.ac.jp/repo/iiif/bd61a1f5-0aa8-22a2-7870-7650bf732123/manifest,,,,,25
本朝世紀 30 久安二年〈四月 五月〉,16丁。4月16日条裏書は最終丁にあり。宮内庁書陵部伏見宮本(巻14)https://shoryobu.kunaicho.go.jp/Toshoryo/Detail/1000646460014,三:い:30,ホンチョウセイキ 30,,,,,,,藤原通憲,[江戸時代],[18世紀],29.7×20.8cm,和古書,日本語,,,,,,,,,,,,,,,,,,,http://tify.sub.uni-goettingen.de/demo.html?manifest=https://archdataset.dl.itc.u-tokyo.ac.jp/manifest/b2ef6413-2912-2c4a-2529-7341d5d01844.json,b2ef6413-2912-2c4a-2529-7341d5d01844,https://iiif.dl.itc.u-tokyo.ac.jp/repo/s/ichiko,https://iiif.dl.itc.u-tokyo.ac.jp/repo/s/ichiko/document/b2ef6413-2912-2c4a-2529-7341d5d01844,https://www.lib.u-tokyo.ac.jp/ja/library/contents/archives-top/reuse,https://iiif.dl.itc.u-tokyo.ac.jp/repo/files/medium/ca1323151c7c493127dced81fd5b362676512be4.jpg,https://iiif.dl.itc.u-tokyo.ac.jp/repo/api/items/951166,"東京大学駒場図書館 Komaba Library, The University of Tokyo, JAPAN",http://iiif.io/api/presentation/2#rightToLeftDirection,,第一高等学校旧蔵資料,honchoseiki-031,,https://iiif.dl.itc.u-tokyo.ac.jp/repo/iiif/b2ef6413-2912-2c4a-2529-7341d5d01844/manifest,,,,,22
本朝世紀 31 久安二年〈自七月 至十二月〉,24丁。宮内庁書陵部伏見宮本(巻15)https://shoryobu.kunaicho.go.jp/Toshoryo/Detail/1000646460015,三:い:30,ホンチョウセイキ 31,,,,,,,藤原通憲,[江戸時代],[18世紀],29.7×20.9cm,和古書,日本語,,,,,,,,,,,,,,,,,,,http://tify.sub.uni-goettingen.de/demo.html?manifest=https://archdataset.dl.itc.u-tokyo.ac.jp/manifest/5a9db89a-7ba9-3bd0-7e0c-18849feb81e7.json,5a9db89a-7ba9-3bd0-7e0c-18849feb81e7,https://iiif.dl.itc.u-tokyo.ac.jp/repo/s/ichiko,https://iiif.dl.itc.u-tokyo.ac.jp/repo/s/ichiko/document/5a9db89a-7ba9-3bd0-7e0c-18849feb81e7,https://www.lib.u-tokyo.ac.jp/ja/library/contents/archives-top/reuse,https://iiif.dl.itc.u-tokyo.ac.jp/repo/files/medium/a7d581a3a089d0a2f0c52b0af1385316dba2c9d3.jpg,https://iiif.dl.itc.u-tokyo.ac.jp/repo/api/items/951165,"東京大学駒場図書館 Komaba Library, The University of Tokyo, JAPAN",http://iiif.io/api/presentation/2#rightToLeftDirection,,第一高等学校旧蔵資料,honchoseiki-032,,https://iiif.dl.itc.u-tokyo.ac.jp/repo/iiif/5a9db89a-7ba9-3bd0-7e0c-18849feb81e7/manifest,,,,,30
本朝世紀 32 久安三年〈自正月 至六月〉,51丁。宮内庁書陵部伏見宮本(巻16)https://shoryobu.kunaicho.go.jp/Toshoryo/Detail/1000646460016,三:い:30,ホンチョウセイキ 32,,,,,,,藤原通憲,[江戸時代],[18世紀],29.5×20.8cm,和古書,日本語,,,,,,,,,,,,,,,,,,,http://tify.sub.uni-goettingen.de/demo.html?manifest=https://archdataset.dl.itc.u-tokyo.ac.jp/manifest/e074d2f9-28bd-8802-912b-5162c725707a.json,e074d2f9-28bd-8802-912b-5162c725707a,https://iiif.dl.itc.u-tokyo.ac.jp/repo/s/ichiko,https://iiif.dl.itc.u-tokyo.ac.jp/repo/s/ichiko/document/e074d2f9-28bd-8802-912b-5162c725707a,https://www.lib.u-tokyo.ac.jp/ja/library/contents/archives-top/reuse,https://iiif.dl.itc.u-tokyo.ac.jp/repo/files/medium/13036951a6fe1121ce8136d23006a323c27430a4.jpg,https://iiif.dl.itc.u-tokyo.ac.jp/repo/api/items/951164,"東京大学駒場図書館 Komaba Library, The University of Tokyo, JAPAN",http://iiif.io/api/presentation/2#rightToLeftDirection,,第一高等学校旧蔵資料,honchoseiki-033,,https://iiif.dl.itc.u-tokyo.ac.jp/repo/iiif/e074d2f9-28bd-8802-912b-5162c725707a/manifest,,,,,57
本朝世紀 33 久安三年〈自七月 至十二月〉,44丁。宮内庁書陵部伏見宮本(巻17)https://shoryobu.kunaicho.go.jp/Toshoryo/Detail/1000646460017,三:い:30,ホンチョウセイキ 33,,,,,,,藤原通憲,[江戸時代],[18世紀],29.7×20.9cm,和古書,日本語,,,,,,,,,,,,,,,,,,,http://tify.sub.uni-goettingen.de/demo.html?manifest=https://archdataset.dl.itc.u-tokyo.ac.jp/manifest/1b7313ca-87e6-6de6-43a5-5b488c40a11b.json,1b7313ca-87e6-6de6-43a5-5b488c40a11b,https://iiif.dl.itc.u-tokyo.ac.jp/repo/s/ichiko,https://iiif.dl.itc.u-tokyo.ac.jp/repo/s/ichiko/document/1b7313ca-87e6-6de6-43a5-5b488c40a11b,https://www.lib.u-tokyo.ac.jp/ja/library/contents/archives-top/reuse,https://iiif.dl.itc.u-tokyo.ac.jp/repo/files/medium/65049208d910575754dfbb0298e9d2e2c6c37438.jpg,https://iiif.dl.itc.u-tokyo.ac.jp/repo/api/items/951163,"東京大学駒場図書館 Komaba Library, The University of Tokyo, JAPAN",http://iiif.io/api/presentation/2#rightToLeftDirection,,第一高等学校旧蔵資料,honchoseiki-034,,https://iiif.dl.itc.u-tokyo.ac.jp/repo/iiif/1b7313ca-87e6-6de6-43a5-5b488c40a11b/manifest,,,,,50
本朝世紀 34 久安四年〈自正月 至閏六月〉,46丁。宮内庁書陵部伏見宮本(巻18)https://shoryobu.kunaicho.go.jp/Toshoryo/Detail/1000646460018,三:い:30,ホンチョウセイキ 34,,,,,,,藤原通憲,[江戸時代],[18世紀],29.7×20.8cm,和古書,日本語,,,,,,,,,,,,,,,,,,,http://tify.sub.uni-goettingen.de/demo.html?manifest=https://archdataset.dl.itc.u-tokyo.ac.jp/manifest/39872603-9d18-9176-14f3-7fa7803ba20f.json,39872603-9d18-9176-14f3-7fa7803ba20f,https://iiif.dl.itc.u-tokyo.ac.jp/repo/s/ichiko,https://iiif.dl.itc.u-tokyo.ac.jp/repo/s/ichiko/document/39872603-9d18-9176-14f3-7fa7803ba20f,https://www.lib.u-tokyo.ac.jp/ja/library/contents/archives-top/reuse,https://iiif.dl.itc.u-tokyo.ac.jp/repo/files/medium/c91789c2998adfaa9cadcf4015e58dc50167379e.jpg,https://iiif.dl.itc.u-tokyo.ac.jp/repo/api/items/951162,"東京大学駒場図書館 Komaba Library, The University of Tokyo, JAPAN",http://iiif.io/api/presentation/2#rightToLeftDirection,,第一高等学校旧蔵資料,honchoseiki-035,,https://iiif.dl.itc.u-tokyo.ac.jp/repo/iiif/39872603-9d18-9176-14f3-7fa7803ba20f/manifest,,,,,52
本朝世紀 35 久安五年〈自正月 至六月〉,54丁。宮内庁書陵部伏見宮本(巻19)https://shoryobu.kunaicho.go.jp/Toshoryo/Detail/1000646460019,三:い:30,ホンチョウセイキ 35,,,,,,,藤原通憲,[江戸時代],[18世紀],29.7×20.8cm,和古書,日本語,,,,,,,,,,,,,,,,,,,http://tify.sub.uni-goettingen.de/demo.html?manifest=https://archdataset.dl.itc.u-tokyo.ac.jp/manifest/5fd04083-3a62-65bd-804c-8df83e4aa477.json,5fd04083-3a62-65bd-804c-8df83e4aa477,https://iiif.dl.itc.u-tokyo.ac.jp/repo/s/ichiko,https://iiif.dl.itc.u-tokyo.ac.jp/repo/s/ichiko/document/5fd04083-3a62-65bd-804c-8df83e4aa477,https://www.lib.u-tokyo.ac.jp/ja/library/contents/archives-top/reuse,https://iiif.dl.itc.u-tokyo.ac.jp/repo/files/medium/d3b803bae9b37f9c6b64eaea7c50dcd5c33901b4.jpg,https://iiif.dl.itc.u-tokyo.ac.jp/repo/api/items/951161,"東京大学駒場図書館 Komaba Library, The University of Tokyo, JAPAN",http://iiif.io/api/presentation/2#rightToLeftDirection,,第一高等学校旧蔵資料,honchoseiki-036,,https://iiif.dl.itc.u-tokyo.ac.jp/repo/iiif/5fd04083-3a62-65bd-804c-8df83e4aa477/manifest,,,,,60
本朝世紀 36 久安五年〈自七月 至九月〉,30丁。宮内庁書陵部伏見宮本(巻20)https://shoryobu.kunaicho.go.jp/Toshoryo/Detail/1000646460020,三:い:30,ホンチョウセイキ 36,,,,,,,藤原通憲,[江戸時代],[18世紀],29.7×20.5cm,和古書,日本語,,,,,,,,,,,,,,,,,,,http://tify.sub.uni-goettingen.de/demo.html?manifest=https://archdataset.dl.itc.u-tokyo.ac.jp/manifest/08c33085-267d-549a-86e8-ac3aae2b2eae.json,08c33085-267d-549a-86e8-ac3aae2b2eae,https://iiif.dl.itc.u-tokyo.ac.jp/repo/s/ichiko,https://iiif.dl.itc.u-tokyo.ac.jp/repo/s/ichiko/document/08c33085-267d-549a-86e8-ac3aae2b2eae,https://www.lib.u-tokyo.ac.jp/ja/library/contents/archives-top/reuse,https://iiif.dl.itc.u-tokyo.ac.jp/repo/files/medium/009fc374d0557a427166066e1bcbd53c88bc9921.jpg,https://iiif.dl.itc.u-tokyo.ac.jp/repo/api/items/951160,"東京大学駒場図書館 Komaba Library, The University of Tokyo, JAPAN",http://iiif.io/api/presentation/2#rightToLeftDirection,,第一高等学校旧蔵資料,honchoseiki-037,,https://iiif.dl.itc.u-tokyo.ac.jp/repo/iiif/08c33085-267d-549a-86e8-ac3aae2b2eae/manifest,,,,,37
本朝世紀 37 久安五年〈自十月 至十二月〉,38丁。脱行を貼紙補写。12月27日条裏書の一丁を当該条の途中に綴じ込む。宮内庁書陵部伏見宮本(巻21)https://shoryobu.kunaicho.go.jp/Toshoryo/Detail/1000646460021,三:い:30,ホンチョウセイキ 37,,,,,,,藤原通憲,[江戸時代],[18世紀],29.6×20.7cm,和古書,日本語,,,,,,,,,,,,,,,,,,,http://tify.sub.uni-goettingen.de/demo.html?manifest=https://archdataset.dl.itc.u-tokyo.ac.jp/manifest/d7aed2c6-1efa-2987-0a60-559ccc6f6174.json,d7aed2c6-1efa-2987-0a60-559ccc6f6174,https://iiif.dl.itc.u-tokyo.ac.jp/repo/s/ichiko,https://iiif.dl.itc.u-tokyo.ac.jp/repo/s/ichiko/document/d7aed2c6-1efa-2987-0a60-559ccc6f6174,https://www.lib.u-tokyo.ac.jp/ja/library/contents/archives-top/reuse,https://iiif.dl.itc.u-tokyo.ac.jp/repo/files/medium/da7e98aea8958084992c0854fde0a4aa4e5713a9.jpg,https://iiif.dl.itc.u-tokyo.ac.jp/repo/api/items/951159,"東京大学駒場図書館 Komaba Library, The University of Tokyo, JAPAN",http://iiif.io/api/presentation/2#rightToLeftDirection,,第一高等学校旧蔵資料,honchoseiki-038,,https://iiif.dl.itc.u-tokyo.ac.jp/repo/iiif/d7aed2c6-1efa-2987-0a60-559ccc6f6174/manifest,,,,,45
本朝世紀 38 久安六年〈自六月 至十二月〉,38丁。10月2日条貼紙剥がれ。宮内庁書陵部伏見宮本(巻21)https://shoryobu.kunaicho.go.jp/Toshoryo/Detail/1000646460022,三:い:30,ホンチョウセイキ 38,,,,,,,藤原通憲,[江戸時代],[18世紀],29.7×20.7cm,和古書,日本語,,,,,,,,,,,,,,,,,,,http://tify.sub.uni-goettingen.de/demo.html?manifest=https://archdataset.dl.itc.u-tokyo.ac.jp/manifest/7e45c1b5-2a69-3bc5-1488-8b5224866aa7.json,7e45c1b5-2a69-3bc5-1488-8b5224866aa7,https://iiif.dl.itc.u-tokyo.ac.jp/repo/s/ichiko,https://iiif.dl.itc.u-tokyo.ac.jp/repo/s/ichiko/document/7e45c1b5-2a69-3bc5-1488-8b5224866aa7,https://www.lib.u-tokyo.ac.jp/ja/library/contents/archives-top/reuse,https://iiif.dl.itc.u-tokyo.ac.jp/repo/files/medium/3a815bd4e8406fe8d2122bf44aa08e2933899813.jpg,https://iiif.dl.itc.u-tokyo.ac.jp/repo/api/items/951158,"東京大学駒場図書館 Komaba Library, The University of Tokyo, JAPAN",http://iiif.io/api/presentation/2#rightToLeftDirection,,第一高等学校旧蔵資料,honchoseiki-039,,https://iiif.dl.itc.u-tokyo.ac.jp/repo/iiif/7e45c1b5-2a69-3bc5-1488-8b5224866aa7/manifest,,,,,45
本朝世紀 39 仁平元年〈自正月 至六月〉,34丁。,三:い:30,ホンチョウセイキ 39,,,,,,,藤原通憲,[江戸時代],[18世紀],29.7×20.7cm,和古書,日本語,,,,,,,,,,,,,,,,,,,http://tify.sub.uni-goettingen.de/demo.html?manifest=https://archdataset.dl.itc.u-tokyo.ac.jp/manifest/60fa9eb4-4fc8-11ed-870c-1d6347435816.json,60fa9eb4-4fc8-11ed-870c-1d6347435816,https://iiif.dl.itc.u-tokyo.ac.jp/repo/s/ichiko,https://iiif.dl.itc.u-tokyo.ac.jp/repo/s/ichiko/document/60fa9eb4-4fc8-11ed-870c-1d6347435816,https://www.lib.u-tokyo.ac.jp/ja/library/contents/archives-top/reuse,https://iiif.dl.itc.u-tokyo.ac.jp/repo/files/medium/80d423346b4298d074b7c80a045a9b4254f6adc8.jpg,https://iiif.dl.itc.u-tokyo.ac.jp/repo/api/items/951157,"東京大学駒場図書館 Komaba Library, The University of Tokyo, JAPAN",http://iiif.io/api/presentation/2#rightToLeftDirection,,第一高等学校旧蔵資料,honchoseiki-040,,https://iiif.dl.itc.u-tokyo.ac.jp/repo/iiif/60fa9eb4-4fc8-11ed-870c-1d6347435816/manifest,,,,,40
本朝世紀 40 仁平元年〈自七月 至十二月〉,40丁。,三:い:30,ホンチョウセイキ 40,,,,,,,藤原通憲,[江戸時代],[18世紀],29.5×20.7cm,和古書,日本語,,,,,,,,,,,,,,,,,,,http://tify.sub.uni-goettingen.de/demo.html?manifest=https://archdataset.dl.itc.u-tokyo.ac.jp/manifest/71190627-a7a0-4ab9-46cc-76eac6b96167.json,71190627-a7a0-4ab9-46cc-76eac6b96167,https://iiif.dl.itc.u-tokyo.ac.jp/repo/s/ichiko,https://iiif.dl.itc.u-tokyo.ac.jp/repo/s/ichiko/document/71190627-a7a0-4ab9-46cc-76eac6b96167,https://www.lib.u-tokyo.ac.jp/ja/library/contents/archives-top/reuse,https://iiif.dl.itc.u-tokyo.ac.jp/repo/files/medium/8a1e3927cc5aed05bd376a72aeb70fc380ccca92.jpg,https://iiif.dl.itc.u-tokyo.ac.jp/repo/api/items/951156,"東京大学駒場図書館 Komaba Library, The University of Tokyo, JAPAN",http://iiif.io/api/presentation/2#rightToLeftDirection,,第一高等学校旧蔵資料,honchoseiki-041,,https://iiif.dl.itc.u-tokyo.ac.jp/repo/iiif/71190627-a7a0-4ab9-46cc-76eac6b96167/manifest,,,,,46
本朝世紀 41 仁平二年〈正月 二月〉,21丁。,三:い:30,ホンチョウセイキ 41,,,,,,,藤原通憲,[江戸時代],[18世紀],29.7×20.5cm,和古書,日本語,,,,,,,,,,,,,,,,,,,http://tify.sub.uni-goettingen.de/demo.html?manifest=https://archdataset.dl.itc.u-tokyo.ac.jp/manifest/95174811-9dd8-9948-2f99-36eeb3075ff8.json,95174811-9dd8-9948-2f99-36eeb3075ff8,https://iiif.dl.itc.u-tokyo.ac.jp/repo/s/ichiko,https://iiif.dl.itc.u-tokyo.ac.jp/repo/s/ichiko/document/95174811-9dd8-9948-2f99-36eeb3075ff8,https://www.lib.u-tokyo.ac.jp/ja/library/contents/archives-top/reuse,https://iiif.dl.itc.u-tokyo.ac.jp/repo/files/medium/8fc3458cc7cf743a762448181bc7bb8f64bc9a00.jpg,https://iiif.dl.itc.u-tokyo.ac.jp/repo/api/items/951155,"東京大学駒場図書館 Komaba Library, The University of Tokyo, JAPAN",http://iiif.io/api/presentation/2#rightToLeftDirection,,第一高等学校旧蔵資料,honchoseiki-042,,https://iiif.dl.itc.u-tokyo.ac.jp/repo/iiif/95174811-9dd8-9948-2f99-36eeb3075ff8/manifest,,,,,27
本朝世紀 42 仁平二年〈三月 四月〉,16丁。,三:い:30,ホンチョウセイキ 42,,,,,,,藤原通憲,[江戸時代],[18世紀],29.7×20.5cm,和古書,日本語,,,,,,,,,,,,,,,,,,,http://tify.sub.uni-goettingen.de/demo.html?manifest=https://archdataset.dl.itc.u-tokyo.ac.jp/manifest/f4d1f486-2c38-634f-0158-64d2bc4aa3bc.json,f4d1f486-2c38-634f-0158-64d2bc4aa3bc,https://iiif.dl.itc.u-tokyo.ac.jp/repo/s/ichiko,https://iiif.dl.itc.u-tokyo.ac.jp/repo/s/ichiko/document/f4d1f486-2c38-634f-0158-64d2bc4aa3bc,https://www.lib.u-tokyo.ac.jp/ja/library/contents/archives-top/reuse,https://iiif.dl.itc.u-tokyo.ac.jp/repo/files/medium/773a0a1b15c0943c69667e4a7cefc9b81c1b51fd.jpg,https://iiif.dl.itc.u-tokyo.ac.jp/repo/api/items/951154,"東京大学駒場図書館 Komaba Library, The University of Tokyo, JAPAN",http://iiif.io/api/presentation/2#rightToLeftDirection,,第一高等学校旧蔵資料,honchoseiki-043,,https://iiif.dl.itc.u-tokyo.ac.jp/repo/iiif/f4d1f486-2c38-634f-0158-64d2bc4aa3bc/manifest,,,,,22
本朝世紀 43 仁平二年〈五月・六月 七月・八月〉,16丁。8月16日条に文字大小に関する訂正貼紙あり、刊本はそれに従う。,三:い:30,ホンチョウセイキ 43,,,,,,,藤原通憲,[江戸時代],[18世紀],29.6×20.7cm,和古書,日本語,,,,,,,,,,,,,,,,,,,http://tify.sub.uni-goettingen.de/demo.html?manifest=https://archdataset.dl.itc.u-tokyo.ac.jp/manifest/8359846f-3be4-3fff-3856-f6c391be6c6b.json,8359846f-3be4-3fff-3856-f6c391be6c6b,https://iiif.dl.itc.u-tokyo.ac.jp/repo/s/ichiko,https://iiif.dl.itc.u-tokyo.ac.jp/repo/s/ichiko/document/8359846f-3be4-3fff-3856-f6c391be6c6b,https://www.lib.u-tokyo.ac.jp/ja/library/contents/archives-top/reuse,https://iiif.dl.itc.u-tokyo.ac.jp/repo/files/medium/68522a61826df748bf39215ddbda89baf79ca358.jpg,https://iiif.dl.itc.u-tokyo.ac.jp/repo/api/items/951153,"東京大学駒場図書館 Komaba Library, The University of Tokyo, JAPAN",http://iiif.io/api/presentation/2#rightToLeftDirection,,第一高等学校旧蔵資料,honchoseiki-044,,https://iiif.dl.itc.u-tokyo.ac.jp/repo/iiif/8359846f-3be4-3fff-3856-f6c391be6c6b/manifest,,,,,23
本朝世紀 44 仁平二年〈九月・十月 十一月・十二月〉,16丁。9月9日条に文字大小に関する訂正貼紙あり、刊本はそれに従う。,三:い:30,ホンチョウセイキ 44,,,,,,,藤原通憲,[江戸時代],[18世紀],29.6×20.8cm,和古書,日本語,,,,,,,,,,,,,,,,,,,http://tify.sub.uni-goettingen.de/demo.html?manifest=https://archdataset.dl.itc.u-tokyo.ac.jp/manifest/c35d8902-4446-a60e-4513-1f178ebb783e.json,c35d8902-4446-a60e-4513-1f178ebb783e,https://iiif.dl.itc.u-tokyo.ac.jp/repo/s/ichiko,https://iiif.dl.itc.u-tokyo.ac.jp/repo/s/ichiko/document/c35d8902-4446-a60e-4513-1f178ebb783e,https://www.lib.u-tokyo.ac.jp/ja/library/contents/archives-top/reuse,https://iiif.dl.itc.u-tokyo.ac.jp/repo/files/medium/7832545b7face5ac3f0210d0d3a513f7bcd163a8.jpg,https://iiif.dl.itc.u-tokyo.ac.jp/repo/api/items/951152,"東京大学駒場図書館 Komaba Library, The University of Tokyo, JAPAN",http://iiif.io/api/presentation/2#rightToLeftDirection,,第一高等学校旧蔵資料,honchoseiki-045,,https://iiif.dl.itc.u-tokyo.ac.jp/repo/iiif/c35d8902-4446-a60e-4513-1f178ebb783e/manifest,,,,,23
本朝世紀 45 仁平三年〈自正月 至三月〉,15丁。,三:い:30,ホンチョウセイキ 45,,,,,,,藤原通憲,[江戸時代],[18世紀],29.6×20.6cm,和古書,日本語,,,,,,,,,,,,,,,,,,,http://tify.sub.uni-goettingen.de/demo.html?manifest=https://archdataset.dl.itc.u-tokyo.ac.jp/manifest/37098e1a-a272-0abb-02c5-614a821552ef.json,37098e1a-a272-0abb-02c5-614a821552ef,https://iiif.dl.itc.u-tokyo.ac.jp/repo/s/ichiko,https://iiif.dl.itc.u-tokyo.ac.jp/repo/s/ichiko/document/37098e1a-a272-0abb-02c5-614a821552ef,https://www.lib.u-tokyo.ac.jp/ja/library/contents/archives-top/reuse,https://iiif.dl.itc.u-tokyo.ac.jp/repo/files/medium/ff98176d2b0843026f15a43a34afc5dff5f01c83.jpg,https://iiif.dl.itc.u-tokyo.ac.jp/repo/api/items/951151,"東京大学駒場図書館 Komaba Library, The University of Tokyo, JAPAN",http://iiif.io/api/presentation/2#rightToLeftDirection,,第一高等学校旧蔵資料,honchoseiki-046,,https://iiif.dl.itc.u-tokyo.ac.jp/repo/iiif/37098e1a-a272-0abb-02c5-614a821552ef/manifest,,,,,21
本朝世紀 46 仁平三年〈四月・五月 六月〉,18丁。,三:い:30,ホンチョウセイキ 46,,,,,,,藤原通憲,[江戸時代],[18世紀],29.6×20.7cm,和古書,日本語,,,,,,,,,,,,,,,,,,,http://tify.sub.uni-goettingen.de/demo.html?manifest=https://archdataset.dl.itc.u-tokyo.ac.jp/manifest/5b203cc1-0d0b-271b-59a1-2d716b028387.json,5b203cc1-0d0b-271b-59a1-2d716b028387,https://iiif.dl.itc.u-tokyo.ac.jp/repo/s/ichiko,https://iiif.dl.itc.u-tokyo.ac.jp/repo/s/ichiko/document/5b203cc1-0d0b-271b-59a1-2d716b028387,https://www.lib.u-tokyo.ac.jp/ja/library/contents/archives-top/reuse,https://iiif.dl.itc.u-tokyo.ac.jp/repo/files/medium/252ccc98a7947c149988269dab07b8a9dc11a111.jpg,https://iiif.dl.itc.u-tokyo.ac.jp/repo/api/items/951150,"東京大学駒場図書館 Komaba Library, The University of Tokyo, JAPAN",http://iiif.io/api/presentation/2#rightToLeftDirection,,第一高等学校旧蔵資料,honchoseiki-047,,https://iiif.dl.itc.u-tokyo.ac.jp/repo/iiif/5b203cc1-0d0b-271b-59a1-2d716b028387/manifest,,,,,24
本朝世紀 47 仁平三年〈自七月 至十二月〉,41丁。,三:い:30,ホンチョウセイキ 47,,,,,,,藤原通憲,[江戸時代],[18世紀],29.5×20.8cm,和古書,日本語,,,,,,,,,,,,,,,,,,,http://tify.sub.uni-goettingen.de/demo.html?manifest=https://archdataset.dl.itc.u-tokyo.ac.jp/manifest/138edada-a2bc-82bc-80b2-cedc049d23b0.json,138edada-a2bc-82bc-80b2-cedc049d23b0,https://iiif.dl.itc.u-tokyo.ac.jp/repo/s/ichiko,https://iiif.dl.itc.u-tokyo.ac.jp/repo/s/ichiko/document/138edada-a2bc-82bc-80b2-cedc049d23b0,https://www.lib.u-tokyo.ac.jp/ja/library/contents/archives-top/reuse,https://iiif.dl.itc.u-tokyo.ac.jp/repo/files/medium/50689e80b2a3cb51ac29b5f358eae7c8f9da8225.jpg,https://iiif.dl.itc.u-tokyo.ac.jp/repo/api/items/951149,"東京大学駒場図書館 Komaba Library, The University of Tokyo, JAPAN",http://iiif.io/api/presentation/2#rightToLeftDirection,,第一高等学校旧蔵資料,honchoseiki-048,,https://iiif.dl.itc.u-tokyo.ac.jp/repo/iiif/138edada-a2bc-82bc-80b2-cedc049d23b0/manifest,,,,,47
Von West nach Ost,Von West nach Ost,IV:C:397,,3011126616,駒場図書館,3001054707,,,,,,,,,,,,,,,,,,,,,,,,,,,,http://tify.sub.uni-goettingen.de/demo.html?manifest=https://archdataset.dl.itc.u-tokyo.ac.jp/manifest/d99de8a4-5abf-92ef-8efb-6770cce89e22.json,d99de8a4-5abf-92ef-8efb-6770cce89e22,https://iiif.dl.itc.u-tokyo.ac.jp/repo/s/ichiko,https://iiif.dl.itc.u-tokyo.ac.jp/repo/s/ichiko/document/d99de8a4-5abf-92ef-8efb-6770cce89e22,https://www.lib.u-tokyo.ac.jp/ja/library/contents/archives-top/reuse,https://iiif.dl.itc.u-tokyo.ac.jp/repo/files/medium/7ebb8ceff774aea3e6d6fb514cf26b270078058b.jpg,https://iiif.dl.itc.u-tokyo.ac.jp/repo/api/items/1228030,"東京大学駒場図書館 Komaba Library, The University of Tokyo, JAPAN",,,第一高等学校旧蔵資料,ichiko-001,,https://iiif.dl.itc.u-tokyo.ac.jp/repo/iiif/d99de8a4-5abf-92ef-8efb-6770cce89e22/manifest,,,,,88
東京市火災動態地図,,十い:1:23,,,,,,,,文部省震災予防調査会編輯,大正13年11月4日,大正13年9月,1480 × 1224 mm,,,,,,,,,,,,,,,,,,,,,http://tify.sub.uni-goettingen.de/demo.html?manifest=https://archdataset.dl.itc.u-tokyo.ac.jp/manifest/8834c983-2249-1468-10bf-4a7e373d9e46.json,8834c983-2249-1468-10bf-4a7e373d9e46,https://iiif.dl.itc.u-tokyo.ac.jp/repo/s/ichiko,https://iiif.dl.itc.u-tokyo.ac.jp/repo/s/ichiko/document/8834c983-2249-1468-10bf-4a7e373d9e46,https://www.lib.u-tokyo.ac.jp/ja/library/contents/archives-top/reuse,https://iiif.dl.itc.u-tokyo.ac.jp/repo/files/medium/ccde5199c93c5653bab31b4507e2318d3d2684b6.jpg,https://iiif.dl.itc.u-tokyo.ac.jp/repo/api/items/1038829,"東京大学駒場図書館 Komaba Library, The University of Tokyo, JAPAN",,,第一高等学校旧蔵資料,kakezu-001,,https://iiif.dl.itc.u-tokyo.ac.jp/repo/iiif/8834c983-2249-1468-10bf-4a7e373d9e46/manifest,,,,,1
間歇温泉之図,,十い:2:15,,,,,,,,,明治24年11月11日,,907 × 1188 mm,,,,,,,,,,,,,,,,,,,,,http://tify.sub.uni-goettingen.de/demo.html?manifest=https://archdataset.dl.itc.u-tokyo.ac.jp/manifest/fdfec447-1605-7375-0635-4d1ff4878d08.json,fdfec447-1605-7375-0635-4d1ff4878d08,https://iiif.dl.itc.u-tokyo.ac.jp/repo/s/ichiko,https://iiif.dl.itc.u-tokyo.ac.jp/repo/s/ichiko/document/fdfec447-1605-7375-0635-4d1ff4878d08,https://www.lib.u-tokyo.ac.jp/ja/library/contents/archives-top/reuse,https://iiif.dl.itc.u-tokyo.ac.jp/repo/files/medium/155c6a98916204d4890d77e23c8b2e5a172afd0f.jpg,https://iiif.dl.itc.u-tokyo.ac.jp/repo/api/items/1038828,"東京大学駒場図書館 Komaba Library, The University of Tokyo, JAPAN",,,第一高等学校旧蔵資料,kakezu-002,,https://iiif.dl.itc.u-tokyo.ac.jp/repo/iiif/fdfec447-1605-7375-0635-4d1ff4878d08/manifest,,,,,1
化石図,,十い:2:31,,,,,,,,,明治29年2月15日,,1483 × 1042 mm,,,,,,,,,,,,,,,,,,,,,http://tify.sub.uni-goettingen.de/demo.html?manifest=https://archdataset.dl.itc.u-tokyo.ac.jp/manifest/745d9528-0967-2bb4-09ed-4e120fa51cb8.json,745d9528-0967-2bb4-09ed-4e120fa51cb8,https://iiif.dl.itc.u-tokyo.ac.jp/repo/s/ichiko,https://iiif.dl.itc.u-tokyo.ac.jp/repo/s/ichiko/document/745d9528-0967-2bb4-09ed-4e120fa51cb8,https://www.lib.u-tokyo.ac.jp/ja/library/contents/archives-top/reuse,https://iiif.dl.itc.u-tokyo.ac.jp/repo/files/medium/e495c5d8dfebfbc8f1edb8a76f6c63b3681e1f77.jpg,https://iiif.dl.itc.u-tokyo.ac.jp/repo/api/items/1038827,"東京大学駒場図書館 Komaba Library, The University of Tokyo, JAPAN",,,第一高等学校旧蔵資料,kakezu-003,,https://iiif.dl.itc.u-tokyo.ac.jp/repo/iiif/745d9528-0967-2bb4-09ed-4e120fa51cb8/manifest,,,,,1
鉱山借区図,,十い:2:32,,,,,,,,工部省鉱山課編,,,1030 × 1973 mm,,,陸前、陸中、陸奥、羽前、羽後,,,,,,,,,,,,,,,,,,http://tify.sub.uni-goettingen.de/demo.html?manifest=https://archdataset.dl.itc.u-tokyo.ac.jp/manifest/1c274a8d-94b2-4837-03a2-d529c8ea974f.json,1c274a8d-94b2-4837-03a2-d529c8ea974f,https://iiif.dl.itc.u-tokyo.ac.jp/repo/s/ichiko,https://iiif.dl.itc.u-tokyo.ac.jp/repo/s/ichiko/document/1c274a8d-94b2-4837-03a2-d529c8ea974f,https://www.lib.u-tokyo.ac.jp/ja/library/contents/archives-top/reuse,https://iiif.dl.itc.u-tokyo.ac.jp/repo/files/medium/fd03de284be44740b6475e3a3baa69c178ec3994.jpg,https://iiif.dl.itc.u-tokyo.ac.jp/repo/api/items/1038819,"東京大学駒場図書館 Komaba Library, The University of Tokyo, JAPAN",,,第一高等学校旧蔵資料,kakezu-004,,https://iiif.dl.itc.u-tokyo.ac.jp/repo/iiif/1c274a8d-94b2-4837-03a2-d529c8ea974f/manifest,,,,,1
鉱山借区図,,十い:2:32,,,,,,,,工部省鉱山課編,,,1433 × 1000 mm,,,磐城、岩代、越後、佐渡,,,,,,,,,,,,,,,,,,http://tify.sub.uni-goettingen.de/demo.html?manifest=https://archdataset.dl.itc.u-tokyo.ac.jp/manifest/3a70af3b-2151-95a6-2cce-f2dbc39f8e05.json,3a70af3b-2151-95a6-2cce-f2dbc39f8e05,https://iiif.dl.itc.u-tokyo.ac.jp/repo/s/ichiko,https://iiif.dl.itc.u-tokyo.ac.jp/repo/s/ichiko/document/3a70af3b-2151-95a6-2cce-f2dbc39f8e05,https://www.lib.u-tokyo.ac.jp/ja/library/contents/archives-top/reuse,https://iiif.dl.itc.u-tokyo.ac.jp/repo/files/medium/31d217c1604eb53d2c292ce10a5747e1096fddd5.jpg,https://iiif.dl.itc.u-tokyo.ac.jp/repo/api/items/1038823,"東京大学駒場図書館 Komaba Library, The University of Tokyo, JAPAN",,,第一高等学校旧蔵資料,kakezu-005,,https://iiif.dl.itc.u-tokyo.ac.jp/repo/iiif/3a70af3b-2151-95a6-2cce-f2dbc39f8e05/manifest,,,,,1
鉱山借区図,,十い:2:32,,,,,,,,工部省鉱山課編,,,1200 × 1315 mm,,,駿河、甲斐、伊豆、相模、武蔵、安房、上総、下総、常陸、上野、下野,,,,,,,,,,,,,,,,,,http://tify.sub.uni-goettingen.de/demo.html?manifest=https://archdataset.dl.itc.u-tokyo.ac.jp/manifest/2f2164d1-0f3c-01c8-42b5-33df058328a2.json,2f2164d1-0f3c-01c8-42b5-33df058328a2,https://iiif.dl.itc.u-tokyo.ac.jp/repo/s/ichiko,https://iiif.dl.itc.u-tokyo.ac.jp/repo/s/ichiko/document/2f2164d1-0f3c-01c8-42b5-33df058328a2,https://www.lib.u-tokyo.ac.jp/ja/library/contents/archives-top/reuse,https://iiif.dl.itc.u-tokyo.ac.jp/repo/files/medium/5953ac09f57859bc5f81dfbc3b991c2ab247197e.jpg,https://iiif.dl.itc.u-tokyo.ac.jp/repo/api/items/1038820,"東京大学駒場図書館 Komaba Library, The University of Tokyo, JAPAN",,,第一高等学校旧蔵資料,kakezu-006,,https://iiif.dl.itc.u-tokyo.ac.jp/repo/iiif/2f2164d1-0f3c-01c8-42b5-33df058328a2/manifest,,,,,1
鉱山借区図,,十い:2:32,,,,,,,,工部省鉱山課編,,,1086 × 1530 mm,,,尾張、三河、遠江、美濃、飛騨、信濃、加賀、能登、陸中,,,,,,,,,,,,,,,,,,http://tify.sub.uni-goettingen.de/demo.html?manifest=https://archdataset.dl.itc.u-tokyo.ac.jp/manifest/243489f5-942a-365b-75c7-198563412a3b.json,243489f5-942a-365b-75c7-198563412a3b,https://iiif.dl.itc.u-tokyo.ac.jp/repo/s/ichiko,https://iiif.dl.itc.u-tokyo.ac.jp/repo/s/ichiko/document/243489f5-942a-365b-75c7-198563412a3b,https://www.lib.u-tokyo.ac.jp/ja/library/contents/archives-top/reuse,https://iiif.dl.itc.u-tokyo.ac.jp/repo/files/medium/083eea6f77e7271382047e808b6b3bd248eb44fa.jpg,https://iiif.dl.itc.u-tokyo.ac.jp/repo/api/items/1038821,"東京大学駒場図書館 Komaba Library, The University of Tokyo, JAPAN",,,第一高等学校旧蔵資料,kakezu-007,,https://iiif.dl.itc.u-tokyo.ac.jp/repo/iiif/243489f5-942a-365b-75c7-198563412a3b/manifest,,,,,1
鉱山借区図,,十い:2:32,,,,,,,,工部省鉱山課編,,,899 × 1492 mm,,,山城、大和、河内、和泉、摂津、伊賀、伊勢、志摩、近江、若狭、陸前、丹波、丹後、紀伊,,,,,,,,,,,,,,,,,,http://tify.sub.uni-goettingen.de/demo.html?manifest=https://archdataset.dl.itc.u-tokyo.ac.jp/manifest/16bdc207-06fa-a183-6437-fb5b2eb7810e.json,16bdc207-06fa-a183-6437-fb5b2eb7810e,https://iiif.dl.itc.u-tokyo.ac.jp/repo/s/ichiko,https://iiif.dl.itc.u-tokyo.ac.jp/repo/s/ichiko/document/16bdc207-06fa-a183-6437-fb5b2eb7810e,https://www.lib.u-tokyo.ac.jp/ja/library/contents/archives-top/reuse,https://iiif.dl.itc.u-tokyo.ac.jp/repo/files/medium/ecb36ba47d88b7c3990739e262baacd3193bab65.jpg,https://iiif.dl.itc.u-tokyo.ac.jp/repo/api/items/1038818,"東京大学駒場図書館 Komaba Library, The University of Tokyo, JAPAN",,,第一高等学校旧蔵資料,kakezu-008,,https://iiif.dl.itc.u-tokyo.ac.jp/repo/iiif/16bdc207-06fa-a183-6437-fb5b2eb7810e/manifest,,,,,1
鉱山借区図,,十い:2:32,,,,,,,,工部省鉱山課編,,,1267 × 978 mm,,,播磨、美作、備前、備中、備後、但馬、因幡、伯耆、出雲,,,,,,,,,,,,,,,,,,http://tify.sub.uni-goettingen.de/demo.html?manifest=https://archdataset.dl.itc.u-tokyo.ac.jp/manifest/4120a330-2f1c-4e2c-5d48-21aed4d42704.json,4120a330-2f1c-4e2c-5d48-21aed4d42704,https://iiif.dl.itc.u-tokyo.ac.jp/repo/s/ichiko,https://iiif.dl.itc.u-tokyo.ac.jp/repo/s/ichiko/document/4120a330-2f1c-4e2c-5d48-21aed4d42704,https://www.lib.u-tokyo.ac.jp/ja/library/contents/archives-top/reuse,https://iiif.dl.itc.u-tokyo.ac.jp/repo/files/medium/c884706cd13b309079c21d0f01b61ed11a2dd908.jpg,https://iiif.dl.itc.u-tokyo.ac.jp/repo/api/items/1038824,"東京大学駒場図書館 Komaba Library, The University of Tokyo, JAPAN",,,第一高等学校旧蔵資料,kakezu-009,,https://iiif.dl.itc.u-tokyo.ac.jp/repo/iiif/4120a330-2f1c-4e2c-5d48-21aed4d42704/manifest,,,,,1
鉱山借区図,,十い:2:32,,,,,,,,工部省鉱山課編,,,1085 × 878 mm,,,安芸、周防、長門、石見、隠岐,,,,,,,,,,,,,,,,,,http://tify.sub.uni-goettingen.de/demo.html?manifest=https://archdataset.dl.itc.u-tokyo.ac.jp/manifest/7c9516f4-a13f-4382-073a-12f2202401c3.json,7c9516f4-a13f-4382-073a-12f2202401c3,https://iiif.dl.itc.u-tokyo.ac.jp/repo/s/ichiko,https://iiif.dl.itc.u-tokyo.ac.jp/repo/s/ichiko/document/7c9516f4-a13f-4382-073a-12f2202401c3,https://www.lib.u-tokyo.ac.jp/ja/library/contents/archives-top/reuse,https://iiif.dl.itc.u-tokyo.ac.jp/repo/files/medium/8e411060aeab80b6e8dbf56a48f6747e51c5ab46.jpg,https://iiif.dl.itc.u-tokyo.ac.jp/repo/api/items/1038822,"東京大学駒場図書館 Komaba Library, The University of Tokyo, JAPAN",,,第一高等学校旧蔵資料,kakezu-010,,https://iiif.dl.itc.u-tokyo.ac.jp/repo/iiif/7c9516f4-a13f-4382-073a-12f2202401c3/manifest,,,,,1
鉱山借区図,,十い:2:32,,,,,,,,工部省鉱山課編,,,1330 × 987 mm,,,淡路及四国,,,,,,,,,,,,,,,,,,http://tify.sub.uni-goettingen.de/demo.html?manifest=https://archdataset.dl.itc.u-tokyo.ac.jp/manifest/0fb5520f-0157-65ba-3345-dcb3afe73b98.json,0fb5520f-0157-65ba-3345-dcb3afe73b98,https://iiif.dl.itc.u-tokyo.ac.jp/repo/s/ichiko,https://iiif.dl.itc.u-tokyo.ac.jp/repo/s/ichiko/document/0fb5520f-0157-65ba-3345-dcb3afe73b98,https://www.lib.u-tokyo.ac.jp/ja/library/contents/archives-top/reuse,https://iiif.dl.itc.u-tokyo.ac.jp/repo/files/medium/75ba65d308fec03180c5dc30a4d44f3b3d53cefe.jpg,https://iiif.dl.itc.u-tokyo.ac.jp/repo/api/items/1038826,"東京大学駒場図書館 Komaba Library, The University of Tokyo, JAPAN",,,第一高等学校旧蔵資料,kakezu-011,,https://iiif.dl.itc.u-tokyo.ac.jp/repo/iiif/0fb5520f-0157-65ba-3345-dcb3afe73b98/manifest,,,,,1
鉱山借区図,,十い:2:32,,,,,,,,工部省鉱山課編,,,1272 × 1965 mm,,,筑前、筑後、豊前、豊後、肥前、肥後、日向、大隅、薩摩、壱岐、対馬、琉球,,,,,,,,,,,,,,,,,,http://tify.sub.uni-goettingen.de/demo.html?manifest=https://archdataset.dl.itc.u-tokyo.ac.jp/manifest/6642d733-46e9-9d5e-a3d3-a6cfd7c806e9.json,6642d733-46e9-9d5e-a3d3-a6cfd7c806e9,https://iiif.dl.itc.u-tokyo.ac.jp/repo/s/ichiko,https://iiif.dl.itc.u-tokyo.ac.jp/repo/s/ichiko/document/6642d733-46e9-9d5e-a3d3-a6cfd7c806e9,https://www.lib.u-tokyo.ac.jp/ja/library/contents/archives-top/reuse,https://iiif.dl.itc.u-tokyo.ac.jp/repo/files/medium/bb136637b2eca3dde616bc2f6d7f098a8613c228.jpg,https://iiif.dl.itc.u-tokyo.ac.jp/repo/api/items/1038825,"東京大学駒場図書館 Komaba Library, The University of Tokyo, JAPAN",,,第一高等学校旧蔵資料,kakezu-012,,https://iiif.dl.itc.u-tokyo.ac.jp/repo/iiif/6642d733-46e9-9d5e-a3d3-a6cfd7c806e9/manifest,,,,,1
頭及胸腹縦断,,十い:3:1,,,,,,,,,明治23年8月26日,,557 × 557 mm,,,,,,,,,,,,,,,,,,,,,http://tify.sub.uni-goettingen.de/demo.html?manifest=https://archdataset.dl.itc.u-tokyo.ac.jp/manifest/8feafb50-a67c-4f67-4b5d-66df74808fac.json,8feafb50-a67c-4f67-4b5d-66df74808fac,https://iiif.dl.itc.u-tokyo.ac.jp/repo/s/ichiko,https://iiif.dl.itc.u-tokyo.ac.jp/repo/s/ichiko/document/8feafb50-a67c-4f67-4b5d-66df74808fac,https://www.lib.u-tokyo.ac.jp/ja/library/contents/archives-top/reuse,https://iiif.dl.itc.u-tokyo.ac.jp/repo/files/medium/5a4afe1455e28120e9f410c2b11cd595dd8405ae.jpg,https://iiif.dl.itc.u-tokyo.ac.jp/repo/api/items/1038817,"東京大学駒場図書館 Komaba Library, The University of Tokyo, JAPAN",,,第一高等学校旧蔵資料,kakezu-013,,https://iiif.dl.itc.u-tokyo.ac.jp/repo/iiif/8feafb50-a67c-4f67-4b5d-66df74808fac/manifest,,,,,1
胃管横断 胃 肝 腸瀘胞,,十い:3:3,,,,,,,,,明治24年3月11日,,683 × 919 mm,,,,,,,,,,,,,,,,,,,,,http://tify.sub.uni-goettingen.de/demo.html?manifest=https://archdataset.dl.itc.u-tokyo.ac.jp/manifest/ece9e4f8-8216-5fd8-a69f-b5d8a8487ef8.json,ece9e4f8-8216-5fd8-a69f-b5d8a8487ef8,https://iiif.dl.itc.u-tokyo.ac.jp/repo/s/ichiko,https://iiif.dl.itc.u-tokyo.ac.jp/repo/s/ichiko/document/ece9e4f8-8216-5fd8-a69f-b5d8a8487ef8,https://www.lib.u-tokyo.ac.jp/ja/library/contents/archives-top/reuse,https://iiif.dl.itc.u-tokyo.ac.jp/repo/files/medium/d9025d46f61f53ef88c398e44e594e14aba8ebaf.jpg,https://iiif.dl.itc.u-tokyo.ac.jp/repo/api/items/1038816,"東京大学駒場図書館 Komaba Library, The University of Tokyo, JAPAN",,,第一高等学校旧蔵資料,kakezu-014,,https://iiif.dl.itc.u-tokyo.ac.jp/repo/iiif/ece9e4f8-8216-5fd8-a69f-b5d8a8487ef8/manifest,,,,,1
胸腔開放心肺ヲ見ル図 血球,,十い:3:4,,,,,,,,,明治24年3月11日,,708 × 1580 mm,,,,,,,,,,,,,,,,,,,,,http://tify.sub.uni-goettingen.de/demo.html?manifest=https://archdataset.dl.itc.u-tokyo.ac.jp/manifest/bd2b34e2-39d6-4f43-75f3-f53a811ea3f4.json,bd2b34e2-39d6-4f43-75f3-f53a811ea3f4,https://iiif.dl.itc.u-tokyo.ac.jp/repo/s/ichiko,https://iiif.dl.itc.u-tokyo.ac.jp/repo/s/ichiko/document/bd2b34e2-39d6-4f43-75f3-f53a811ea3f4,https://www.lib.u-tokyo.ac.jp/ja/library/contents/archives-top/reuse,https://iiif.dl.itc.u-tokyo.ac.jp/repo/files/medium/31316184dffca2bdc52a90834e90c0ac337f61e3.jpg,https://iiif.dl.itc.u-tokyo.ac.jp/repo/api/items/1038815,"東京大学駒場図書館 Komaba Library, The University of Tokyo, JAPAN",,,第一高等学校旧蔵資料,kakezu-015,,https://iiif.dl.itc.u-tokyo.ac.jp/repo/iiif/bd2b34e2-39d6-4f43-75f3-f53a811ea3f4/manifest,,,,,1
横紋筋 滑平筋 横隔膜,,十い:3:5,,,,,,,,,明治24年3月11日,,604 × 1175 mm,,,,,,,,,,,,,,,,,,,,,http://tify.sub.uni-goettingen.de/demo.html?manifest=https://archdataset.dl.itc.u-tokyo.ac.jp/manifest/301a9ff1-6baf-0d0d-4b00-765cb8894fd7.json,301a9ff1-6baf-0d0d-4b00-765cb8894fd7,https://iiif.dl.itc.u-tokyo.ac.jp/repo/s/ichiko,https://iiif.dl.itc.u-tokyo.ac.jp/repo/s/ichiko/document/301a9ff1-6baf-0d0d-4b00-765cb8894fd7,https://www.lib.u-tokyo.ac.jp/ja/library/contents/archives-top/reuse,https://iiif.dl.itc.u-tokyo.ac.jp/repo/files/medium/d9fd2ad3f9def553890625e227010bbb663ae6c3.jpg,https://iiif.dl.itc.u-tokyo.ac.jp/repo/api/items/1038814,"東京大学駒場図書館 Komaba Library, The University of Tokyo, JAPAN",,,第一高等学校旧蔵資料,kakezu-016,,https://iiif.dl.itc.u-tokyo.ac.jp/repo/iiif/301a9ff1-6baf-0d0d-4b00-765cb8894fd7/manifest,,,,,1
脊髄神経分布 脊髄横断 神経節,,十い:3:6,,,,,,,,,明治24年3月11日,,641 × 1110 mm,,,,,,,,,,,,,,,,,,,,,http://tify.sub.uni-goettingen.de/demo.html?manifest=https://archdataset.dl.itc.u-tokyo.ac.jp/manifest/844360e7-8872-24aa-47c2-7cdc84333834.json,844360e7-8872-24aa-47c2-7cdc84333834,https://iiif.dl.itc.u-tokyo.ac.jp/repo/s/ichiko,https://iiif.dl.itc.u-tokyo.ac.jp/repo/s/ichiko/document/844360e7-8872-24aa-47c2-7cdc84333834,https://www.lib.u-tokyo.ac.jp/ja/library/contents/archives-top/reuse,https://iiif.dl.itc.u-tokyo.ac.jp/repo/files/medium/2350b2607cf482843cd933a008d73466b59f2c3d.jpg,https://iiif.dl.itc.u-tokyo.ac.jp/repo/api/items/1038813,"東京大学駒場図書館 Komaba Library, The University of Tokyo, JAPAN",,,第一高等学校旧蔵資料,kakezu-017,,https://iiif.dl.itc.u-tokyo.ac.jp/repo/iiif/844360e7-8872-24aa-47c2-7cdc84333834/manifest,,,,,1
呼吸及下脚運動,,十い:3:7,,,,,,,,,明治24年3月11日,,740 × 1190 mm,,,,,,,,,,,,,,,,,,,,,http://tify.sub.uni-goettingen.de/demo.html?manifest=https://archdataset.dl.itc.u-tokyo.ac.jp/manifest/efe2f1a9-57ff-8ff7-2aab-bcf26df3449a.json,efe2f1a9-57ff-8ff7-2aab-bcf26df3449a,https://iiif.dl.itc.u-tokyo.ac.jp/repo/s/ichiko,https://iiif.dl.itc.u-tokyo.ac.jp/repo/s/ichiko/document/efe2f1a9-57ff-8ff7-2aab-bcf26df3449a,https://www.lib.u-tokyo.ac.jp/ja/library/contents/archives-top/reuse,https://iiif.dl.itc.u-tokyo.ac.jp/repo/files/medium/9c5e456211c511ecc6ff745c2499bd1414f11977.jpg,https://iiif.dl.itc.u-tokyo.ac.jp/repo/api/items/1038812,"東京大学駒場図書館 Komaba Library, The University of Tokyo, JAPAN",,,第一高等学校旧蔵資料,kakezu-018,,https://iiif.dl.itc.u-tokyo.ac.jp/repo/iiif/efe2f1a9-57ff-8ff7-2aab-bcf26df3449a/manifest,,,,,1
口腔 歯牙 舌乳嘴,,十い:3:8,,,,,,,,,明治24年3月11日,,783 × 1212 mm,,,,,,,,,,,,,,,,,,,,,http://tify.sub.uni-goettingen.de/demo.html?manifest=https://archdataset.dl.itc.u-tokyo.ac.jp/manifest/f2c60d2a-72e9-7e92-46a9-716e6bbe76d7.json,f2c60d2a-72e9-7e92-46a9-716e6bbe76d7,https://iiif.dl.itc.u-tokyo.ac.jp/repo/s/ichiko,https://iiif.dl.itc.u-tokyo.ac.jp/repo/s/ichiko/document/f2c60d2a-72e9-7e92-46a9-716e6bbe76d7,https://www.lib.u-tokyo.ac.jp/ja/library/contents/archives-top/reuse,https://iiif.dl.itc.u-tokyo.ac.jp/repo/files/medium/163e15e458825b9b5adb3a470f33a371eea03e0c.jpg,https://iiif.dl.itc.u-tokyo.ac.jp/repo/api/items/1038811,"東京大学駒場図書館 Komaba Library, The University of Tokyo, JAPAN",,,第一高等学校旧蔵資料,kakezu-019,,https://iiif.dl.itc.u-tokyo.ac.jp/repo/iiif/f2c60d2a-72e9-7e92-46a9-716e6bbe76d7/manifest,,,,,1
胸腹諸臓想像図,,十い:3:9,,,,,,,,,明治24年3月11日,,548 × 1002 mm,,,,,,,,,,,,,,,,,,,,,http://tify.sub.uni-goettingen.de/demo.html?manifest=https://archdataset.dl.itc.u-tokyo.ac.jp/manifest/d6a5c47c-a281-9b13-19c4-af0ef880219b.json,d6a5c47c-a281-9b13-19c4-af0ef880219b,https://iiif.dl.itc.u-tokyo.ac.jp/repo/s/ichiko,https://iiif.dl.itc.u-tokyo.ac.jp/repo/s/ichiko/document/d6a5c47c-a281-9b13-19c4-af0ef880219b,https://www.lib.u-tokyo.ac.jp/ja/library/contents/archives-top/reuse,https://iiif.dl.itc.u-tokyo.ac.jp/repo/files/medium/f6e4ac6c82aab0be25a0050e51b860f6fa0c9c97.jpg,https://iiif.dl.itc.u-tokyo.ac.jp/repo/api/items/1038810,"東京大学駒場図書館 Komaba Library, The University of Tokyo, JAPAN",,,第一高等学校旧蔵資料,kakezu-020,,https://iiif.dl.itc.u-tokyo.ac.jp/repo/iiif/d6a5c47c-a281-9b13-19c4-af0ef880219b/manifest,,,,,1
肺及腎縦断,,十い:3:10,,,,,,,,,明治24年3月11日,,,,,,,,,,,,,,,,,,,,,,,http://tify.sub.uni-goettingen.de/demo.html?manifest=https://archdataset.dl.itc.u-tokyo.ac.jp/manifest/88ef43ee-8b5f-13dd-142d-f351b9a040e0.json,88ef43ee-8b5f-13dd-142d-f351b9a040e0,https://iiif.dl.itc.u-tokyo.ac.jp/repo/s/ichiko,https://iiif.dl.itc.u-tokyo.ac.jp/repo/s/ichiko/document/88ef43ee-8b5f-13dd-142d-f351b9a040e0,https://www.lib.u-tokyo.ac.jp/ja/library/contents/archives-top/reuse,https://iiif.dl.itc.u-tokyo.ac.jp/repo/files/medium/bf38e53bd34897bcf4ea6c3cb7b71c3230451cc4.jpg,https://iiif.dl.itc.u-tokyo.ac.jp/repo/api/items/1038809,"東京大学駒場図書館 Komaba Library, The University of Tokyo, JAPAN",,,第一高等学校旧蔵資料,kakezu-021,,https://iiif.dl.itc.u-tokyo.ac.jp/repo/iiif/88ef43ee-8b5f-13dd-142d-f351b9a040e0/manifest,,,,,1
脳之図,,十い:3:12,,,,,,,,,明治24年3月11日,,587 × 1207 mm,,,,,,,,,,,,,,,,,,,,,http://tify.sub.uni-goettingen.de/demo.html?manifest=https://archdataset.dl.itc.u-tokyo.ac.jp/manifest/3db7fd31-4695-5aa9-21c9-e967a11b9da2.json,3db7fd31-4695-5aa9-21c9-e967a11b9da2,https://iiif.dl.itc.u-tokyo.ac.jp/repo/s/ichiko,https://iiif.dl.itc.u-tokyo.ac.jp/repo/s/ichiko/document/3db7fd31-4695-5aa9-21c9-e967a11b9da2,https://www.lib.u-tokyo.ac.jp/ja/library/contents/archives-top/reuse,https://iiif.dl.itc.u-tokyo.ac.jp/repo/files/medium/a504b417c47468b11f9187abd96d06f022a8da00.jpg,https://iiif.dl.itc.u-tokyo.ac.jp/repo/api/items/1038808,"東京大学駒場図書館 Komaba Library, The University of Tokyo, JAPAN",,,第一高等学校旧蔵資料,kakezu-022,,https://iiif.dl.itc.u-tokyo.ac.jp/repo/iiif/3db7fd31-4695-5aa9-21c9-e967a11b9da2/manifest,,,,,1
測量教科用絵図,,十い:5:1,,,,,,,,工科第二年生:杉浦宗三郎;明治廿三年十一月  R. AOKI. Nov. 1890(青木良三郎)  march 10th 2551; K. YAHASHI(矢橋賢吉)  J. HAYASHI; IIYR. ENG.,明治25年7月28日,,1300 × 1058 mm,,,根津神社奥殿実測図,,,,,,,,,,,,,,,,,,http://tify.sub.uni-goettingen.de/demo.html?manifest=https://archdataset.dl.itc.u-tokyo.ac.jp/manifest/9e7f9a90-1f3f-963d-6d75-bfd4113577e4.json,9e7f9a90-1f3f-963d-6d75-bfd4113577e4,https://iiif.dl.itc.u-tokyo.ac.jp/repo/s/ichiko,https://iiif.dl.itc.u-tokyo.ac.jp/repo/s/ichiko/document/9e7f9a90-1f3f-963d-6d75-bfd4113577e4,https://www.lib.u-tokyo.ac.jp/ja/library/contents/archives-top/reuse,https://iiif.dl.itc.u-tokyo.ac.jp/repo/files/medium/ee571be1eb212729083f5907401ea1b6b8f3cc5d.jpg,https://iiif.dl.itc.u-tokyo.ac.jp/repo/api/items/1038807,"東京大学駒場図書館 Komaba Library, The University of Tokyo, JAPAN",,,第一高等学校旧蔵資料,kakezu-023,,https://iiif.dl.itc.u-tokyo.ac.jp/repo/iiif/9e7f9a90-1f3f-963d-6d75-bfd4113577e4/manifest,,,,,1
測量教科用絵図,,十い:5:2,,,,,,,,K. Okamoto(岡本桂次郎)  ENG.II.-K.YAHASHI(矢橋賢吉).; 25th Apr. 1891.  明治廿四年五月;二部二年一之組 古川武太郎,明治25年7月28日,,1030 × 949 mm,,,向ケ岡高低実測図,,,,,,,,,,,,,,,,,,http://tify.sub.uni-goettingen.de/demo.html?manifest=https://archdataset.dl.itc.u-tokyo.ac.jp/manifest/21f00b99-9741-4057-3443-ebc4383e4998.json,21f00b99-9741-4057-3443-ebc4383e4998,https://iiif.dl.itc.u-tokyo.ac.jp/repo/s/ichiko,https://iiif.dl.itc.u-tokyo.ac.jp/repo/s/ichiko/document/21f00b99-9741-4057-3443-ebc4383e4998,https://www.lib.u-tokyo.ac.jp/ja/library/contents/archives-top/reuse,https://iiif.dl.itc.u-tokyo.ac.jp/repo/files/medium/ae311b95f4e056173055928cceff40d67341e09c.jpg,https://iiif.dl.itc.u-tokyo.ac.jp/repo/api/items/1038806,"東京大学駒場図書館 Komaba Library, The University of Tokyo, JAPAN",,,第一高等学校旧蔵資料,kakezu-024,,https://iiif.dl.itc.u-tokyo.ac.jp/repo/iiif/21f00b99-9741-4057-3443-ebc4383e4998/manifest,,,,,1
測量教科用絵図,,十い:5:3,,,,,,,,明治二十四年六月;二部二年生;池田賢太郎;南齋孝吉,明治25年7月28日,,1020 × 706 mm,,,第一高等中学校東西寮平面図,,,,,,,,,,,,,,,,,,http://tify.sub.uni-goettingen.de/demo.html?manifest=https://archdataset.dl.itc.u-tokyo.ac.jp/manifest/0dfdf02e-5662-44af-637a-b126743a17a4.json,0dfdf02e-5662-44af-637a-b126743a17a4,https://iiif.dl.itc.u-tokyo.ac.jp/repo/s/ichiko,https://iiif.dl.itc.u-tokyo.ac.jp/repo/s/ichiko/document/0dfdf02e-5662-44af-637a-b126743a17a4,https://www.lib.u-tokyo.ac.jp/ja/library/contents/archives-top/reuse,https://iiif.dl.itc.u-tokyo.ac.jp/repo/files/medium/e4422583b26bb28e3dc32093b801b82d2353fb1e.jpg,https://iiif.dl.itc.u-tokyo.ac.jp/repo/api/items/1038805,"東京大学駒場図書館 Komaba Library, The University of Tokyo, JAPAN",,,第一高等学校旧蔵資料,kakezu-025,,https://iiif.dl.itc.u-tokyo.ac.jp/repo/iiif/0dfdf02e-5662-44af-637a-b126743a17a4/manifest,,,,,1
測量教科用絵図,,十い:5:4,,,,,,,,ENG.-K. KISHI(岸敬二郎)  二部一年一之組;染谷安之助(今泉安之助)  1YR.A.; R. ASAHINA(朝比奈林之助).  3RD MARCH 1890; 1ST YR. B. J. HAYASHI  May 1891.; M. TANAKA(田中正夫); 1st Year Engineer. A.  IYR-A K. TAKAGI(高城規一郎).,明治25年7月28日,,1000 × 1000 mm,,,本郷区森川町実測図,,,,,,,,,,,,,,,,,,http://tify.sub.uni-goettingen.de/demo.html?manifest=https://archdataset.dl.itc.u-tokyo.ac.jp/manifest/30cf290b-8143-1067-40d0-46a9f934a4ec.json,30cf290b-8143-1067-40d0-46a9f934a4ec,https://iiif.dl.itc.u-tokyo.ac.jp/repo/s/ichiko,https://iiif.dl.itc.u-tokyo.ac.jp/repo/s/ichiko/document/30cf290b-8143-1067-40d0-46a9f934a4ec,https://www.lib.u-tokyo.ac.jp/ja/library/contents/archives-top/reuse,https://iiif.dl.itc.u-tokyo.ac.jp/repo/files/medium/373737b75636ff0d5556ec747d1731d41c5c367a.jpg,https://iiif.dl.itc.u-tokyo.ac.jp/repo/api/items/1038804,"東京大学駒場図書館 Komaba Library, The University of Tokyo, JAPAN",,,第一高等学校旧蔵資料,kakezu-026,,https://iiif.dl.itc.u-tokyo.ac.jp/repo/iiif/30cf290b-8143-1067-40d0-46a9f934a4ec/manifest,,,,,1
測量教科用絵図,,十い:5:5,,,,,,,,二部壱年;玉川安之助(玉川一房)  IYR; B. E. SAKAI(坂井英太郎)  16th NOV. 2549; ENG. II. R. TSUGAWA(津川立之助)  3rd May. 24. Y. Someya((染谷)今泉安之助)  ENG.I.YR.A-K. KIMURA(木村駒吉)  11TH APRIL.2551. IA-FUJI.A.(藤農之),明治25年7月28日,,1000 × 1000 mm,,,理化学教室実測図,,,,,,,,,,,,,,,,,,http://tify.sub.uni-goettingen.de/demo.html?manifest=https://archdataset.dl.itc.u-tokyo.ac.jp/manifest/a418772c-9c3d-702e-00f1-4ea64b601d2c.json,a418772c-9c3d-702e-00f1-4ea64b601d2c,https://iiif.dl.itc.u-tokyo.ac.jp/repo/s/ichiko,https://iiif.dl.itc.u-tokyo.ac.jp/repo/s/ichiko/document/a418772c-9c3d-702e-00f1-4ea64b601d2c,https://www.lib.u-tokyo.ac.jp/ja/library/contents/archives-top/reuse,https://iiif.dl.itc.u-tokyo.ac.jp/repo/files/medium/ace1d2d0782780d5796e88444146b40d8b2bb6f2.jpg,https://iiif.dl.itc.u-tokyo.ac.jp/repo/api/items/1038803,"東京大学駒場図書館 Komaba Library, The University of Tokyo, JAPAN",,,第一高等学校旧蔵資料,kakezu-027,,https://iiif.dl.itc.u-tokyo.ac.jp/repo/iiif/a418772c-9c3d-702e-00f1-4ea64b601d2c/manifest,,,,,1
測量教科用絵図,,十い:5:6,,,,,,,,OCT. 11th; J. HAYASHI  Sept. 27 '90. Eng. II. S. Sugiura.(杉浦宗三郎)  Y. TOMITA.; II ENG.; Oct. 8. 2550.(富田保一郎)  K. NANZAI(南齋孝吉).; II. YR. ENG.; Nov. 2. 2549.  Sept. 27; 2550.; II ENG. T.FURUKAWA(古川武太郎).  Nov. 6 2549.; II ENG. K.OKURA.(大倉喜三郎),明治25年7月28日,,1000 × 1060 mm,,,工科大学ト高等中学校トノ距離則図,,,,,,,,,,,,,,,,,,http://tify.sub.uni-goettingen.de/demo.html?manifest=https://archdataset.dl.itc.u-tokyo.ac.jp/manifest/4594be07-04ec-9186-681e-eebbb6752115.json,4594be07-04ec-9186-681e-eebbb6752115,https://iiif.dl.itc.u-tokyo.ac.jp/repo/s/ichiko,https://iiif.dl.itc.u-tokyo.ac.jp/repo/s/ichiko/document/4594be07-04ec-9186-681e-eebbb6752115,https://www.lib.u-tokyo.ac.jp/ja/library/contents/archives-top/reuse,https://iiif.dl.itc.u-tokyo.ac.jp/repo/files/medium/0842a2d8ccc4132352ab54b56fcae7718baa47c9.jpg,https://iiif.dl.itc.u-tokyo.ac.jp/repo/api/items/1038802,"東京大学駒場図書館 Komaba Library, The University of Tokyo, JAPAN",,,第一高等学校旧蔵資料,kakezu-028,,https://iiif.dl.itc.u-tokyo.ac.jp/repo/iiif/4594be07-04ec-9186-681e-eebbb6752115/manifest,,,,,1
測量教科用絵図,,十い:5:7,,,,,,,,"Eng 1st A.  C. Homma(本間義次郎), 第一部一年大森千蔵; I.YR.A. R.ITO.((峰屋録太郎)伊東貞興); 1st Yr. A. J. Hiki(比企忠); 1. ENG. A. S.OSAWA(大澤三之助).; I.YR.B. K.YABASHI.(矢橋賢吉); 2nd Eng. K. Kuroiwa(黒岩休太郎); 工科二年生 伊東忠太",,,660 × 1019 mm,,,測量図譜,,,,,,,,,,,,,,,,,,http://tify.sub.uni-goettingen.de/demo.html?manifest=https://archdataset.dl.itc.u-tokyo.ac.jp/manifest/065873bd-9b01-08b5-a37e-b894c6cd6a93.json,065873bd-9b01-08b5-a37e-b894c6cd6a93,https://iiif.dl.itc.u-tokyo.ac.jp/repo/s/ichiko,https://iiif.dl.itc.u-tokyo.ac.jp/repo/s/ichiko/document/065873bd-9b01-08b5-a37e-b894c6cd6a93,https://www.lib.u-tokyo.ac.jp/ja/library/contents/archives-top/reuse,https://iiif.dl.itc.u-tokyo.ac.jp/repo/files/medium/6495d0454e630752bef50346ad74dc1796f97c40.jpg,https://iiif.dl.itc.u-tokyo.ac.jp/repo/api/items/1038801,"東京大学駒場図書館 Komaba Library, The University of Tokyo, JAPAN",,,第一高等学校旧蔵資料,kakezu-029,,https://iiif.dl.itc.u-tokyo.ac.jp/repo/iiif/065873bd-9b01-08b5-a37e-b894c6cd6a93/manifest,,,,,1
第一高等中学校実測図,,十い:5:15,,,,,,,,明治廿三年二月;二部二年生;中村恭作(武田恭作);岡本桂次郎;菅村弓三;迫田専之介;坂田九郎;池田賢太郎,明治27年6月29日,,1800 × 1520 mm,,,,,,,,,,,,,,,,,,,,,http://tify.sub.uni-goettingen.de/demo.html?manifest=https://archdataset.dl.itc.u-tokyo.ac.jp/manifest/319ab97e-581d-5cd0-7a04-04fcd05583cd.json,319ab97e-581d-5cd0-7a04-04fcd05583cd,https://iiif.dl.itc.u-tokyo.ac.jp/repo/s/ichiko,https://iiif.dl.itc.u-tokyo.ac.jp/repo/s/ichiko/document/319ab97e-581d-5cd0-7a04-04fcd05583cd,https://www.lib.u-tokyo.ac.jp/ja/library/contents/archives-top/reuse,https://iiif.dl.itc.u-tokyo.ac.jp/repo/files/medium/f79714ee1f42c1ac28cf88d20be92165a2b676c3.jpg,https://iiif.dl.itc.u-tokyo.ac.jp/repo/api/items/1038800,"東京大学駒場図書館 Komaba Library, The University of Tokyo, JAPAN",,,第一高等学校旧蔵資料,kakezu-030,,https://iiif.dl.itc.u-tokyo.ac.jp/repo/iiif/319ab97e-581d-5cd0-7a04-04fcd05583cd/manifest,,,,,1
帝国博物館実測図,,十い:5:19,,,,,,,,明治二十七年四月測量 二部二年生 原静雄;川井平太郎;河合得二(川合得二);吉町太郎一;田崎仁三次(田崎二三次);高壮吉;高田源五郎(田口源五郎);山口金太郎;降矢芳郎;日比喜三太(日比忠彦),明治27年9月6日,,,,,,,,,,,,,,,,,,,,,,,http://tify.sub.uni-goettingen.de/demo.html?manifest=https://archdataset.dl.itc.u-tokyo.ac.jp/manifest/d9244191-2d5c-861a-01a2-c87dd99f456c.json,d9244191-2d5c-861a-01a2-c87dd99f456c,https://iiif.dl.itc.u-tokyo.ac.jp/repo/s/ichiko,https://iiif.dl.itc.u-tokyo.ac.jp/repo/s/ichiko/document/d9244191-2d5c-861a-01a2-c87dd99f456c,https://www.lib.u-tokyo.ac.jp/ja/library/contents/archives-top/reuse,https://iiif.dl.itc.u-tokyo.ac.jp/repo/files/medium/5e62cb27f7dc2aeaecb8041b8eb309acc19b103d.jpg,https://iiif.dl.itc.u-tokyo.ac.jp/repo/api/items/1038799,"東京大学駒場図書館 Komaba Library, The University of Tokyo, JAPAN",,,第一高等学校旧蔵資料,kakezu-031,,https://iiif.dl.itc.u-tokyo.ac.jp/repo/iiif/d9244191-2d5c-861a-01a2-c87dd99f456c/manifest,,,,,1
音楽学校実測図,,十い:5:20,,,,,,,,明治廿七年四月;貮部二年生;星野一太郎;中條精一郎;法元盛良;宮廻惣太郎;樋口眷一;三浦鍋太郎;鶴巻鶴一;綿貫利彦;熊倉達,明治27年9月6日,,1160 × 1800 mm,,,,,,,,,,,,,,,,,,,,,http://tify.sub.uni-goettingen.de/demo.html?manifest=https://archdataset.dl.itc.u-tokyo.ac.jp/manifest/fbc6311c-62c3-a00f-4b91-31efd2ada411.json,fbc6311c-62c3-a00f-4b91-31efd2ada411,https://iiif.dl.itc.u-tokyo.ac.jp/repo/s/ichiko,https://iiif.dl.itc.u-tokyo.ac.jp/repo/s/ichiko/document/fbc6311c-62c3-a00f-4b91-31efd2ada411,https://www.lib.u-tokyo.ac.jp/ja/library/contents/archives-top/reuse,https://iiif.dl.itc.u-tokyo.ac.jp/repo/files/medium/41a80d11b28f9aaaeebe65825e56fa21a565516e.jpg,https://iiif.dl.itc.u-tokyo.ac.jp/repo/api/items/1038798,"東京大学駒場図書館 Komaba Library, The University of Tokyo, JAPAN",,,第一高等学校旧蔵資料,kakezu-032,,https://iiif.dl.itc.u-tokyo.ac.jp/repo/iiif/fbc6311c-62c3-a00f-4b91-31efd2ada411/manifest,,,,,1
高等師範学校実測図,,十い:5:21,,,,,,,,明治二十七年四月;市川紀元二;萩原時次;細正之助;大築千里;俵國一;藤農之;小西正二,明治27年9月6日,,1020 × 1348 mm,,,,,,,,,,,,,,,,,,,,,http://tify.sub.uni-goettingen.de/demo.html?manifest=https://archdataset.dl.itc.u-tokyo.ac.jp/manifest/3a6ae0ee-1876-3fa1-5e3a-23d304ae4267.json,3a6ae0ee-1876-3fa1-5e3a-23d304ae4267,https://iiif.dl.itc.u-tokyo.ac.jp/repo/s/ichiko,https://iiif.dl.itc.u-tokyo.ac.jp/repo/s/ichiko/document/3a6ae0ee-1876-3fa1-5e3a-23d304ae4267,https://www.lib.u-tokyo.ac.jp/ja/library/contents/archives-top/reuse,https://iiif.dl.itc.u-tokyo.ac.jp/repo/files/medium/575daca65e13fb03df29af897de622daf0785ef9.jpg,https://iiif.dl.itc.u-tokyo.ac.jp/repo/api/items/1038797,"東京大学駒場図書館 Komaba Library, The University of Tokyo, JAPAN",,,第一高等学校旧蔵資料,kakezu-033,,https://iiif.dl.itc.u-tokyo.ac.jp/repo/iiif/3a6ae0ee-1876-3fa1-5e3a-23d304ae4267/manifest,,,,,1
測量教科用絵図,,十い:5:23,,,,,,,,明治二十八年四月;二部三年生;伴宣;渡邊嘉夫;渡邊悦三;川口宇太郎;内藤游;桝本宇平;江連俊彦;真田秀吉;瀬川徳太郎,明治28年9月19日,,1150 × 1457 mm,,,高等商業学校実測図,,,,,,,,,,,,,,,,,,http://tify.sub.uni-goettingen.de/demo.html?manifest=https://archdataset.dl.itc.u-tokyo.ac.jp/manifest/da788c5c-969f-912d-5fc0-a3a49183294a.json,da788c5c-969f-912d-5fc0-a3a49183294a,https://iiif.dl.itc.u-tokyo.ac.jp/repo/s/ichiko,https://iiif.dl.itc.u-tokyo.ac.jp/repo/s/ichiko/document/da788c5c-969f-912d-5fc0-a3a49183294a,https://www.lib.u-tokyo.ac.jp/ja/library/contents/archives-top/reuse,https://iiif.dl.itc.u-tokyo.ac.jp/repo/files/medium/3944bb1a264ea8c455f4419d6f057319bbcc8560.jpg,https://iiif.dl.itc.u-tokyo.ac.jp/repo/api/items/1038796,"東京大学駒場図書館 Komaba Library, The University of Tokyo, JAPAN",,,第一高等学校旧蔵資料,kakezu-034,,https://iiif.dl.itc.u-tokyo.ac.jp/repo/iiif/da788c5c-969f-912d-5fc0-a3a49183294a/manifest,,,,,1
測量教科用絵図,,十い:5:24,,,,,,,,明治二十八年三月;縮尺三百分之一;二部三年生;森早苗;長谷川鑑示;西脇吉久;星野男三郎;川上浩二郎;加瀬禹三(安藤廣之);中村立三;中條精一郎;有田彦信;青柳榮司),明治28年9月19日,,1120 × 1419 mm,,,東京工業学校実測図,,,,,,,,,,,,,,,,,,http://tify.sub.uni-goettingen.de/demo.html?manifest=https://archdataset.dl.itc.u-tokyo.ac.jp/manifest/1c084758-7e7f-4b25-13a7-2e9f018b7725.json,1c084758-7e7f-4b25-13a7-2e9f018b7725,https://iiif.dl.itc.u-tokyo.ac.jp/repo/s/ichiko,https://iiif.dl.itc.u-tokyo.ac.jp/repo/s/ichiko/document/1c084758-7e7f-4b25-13a7-2e9f018b7725,https://www.lib.u-tokyo.ac.jp/ja/library/contents/archives-top/reuse,https://iiif.dl.itc.u-tokyo.ac.jp/repo/files/medium/a4b557240e02966ce91e52d9e630444e7bb4566f.jpg,https://iiif.dl.itc.u-tokyo.ac.jp/repo/api/items/1038795,"東京大学駒場図書館 Komaba Library, The University of Tokyo, JAPAN",,,第一高等学校旧蔵資料,kakezu-035,,https://iiif.dl.itc.u-tokyo.ac.jp/repo/iiif/1c084758-7e7f-4b25-13a7-2e9f018b7725/manifest,,,,,1
測量教科用絵図,,十い:5:25,,,,,,,,明治二十八年四月;二部三年生;池田嘉吉(助教授);和波鉱四郎(和波鉱次郎);田上義三郎(江村義三郎);田口行蔵;内田儀平治(内田儀平次);岡村利重;三好啓吉;三谷敬次;平山良二(平山良治),明治28年9月19日,,1180 × 1794 mm,,,東京盲唖学校実測図,,,,,,,,,,,,,,,,,,http://tify.sub.uni-goettingen.de/demo.html?manifest=https://archdataset.dl.itc.u-tokyo.ac.jp/manifest/efbb620a-9e0c-002a-31dc-e009a566388a.json,efbb620a-9e0c-002a-31dc-e009a566388a,https://iiif.dl.itc.u-tokyo.ac.jp/repo/s/ichiko,https://iiif.dl.itc.u-tokyo.ac.jp/repo/s/ichiko/document/efbb620a-9e0c-002a-31dc-e009a566388a,https://www.lib.u-tokyo.ac.jp/ja/library/contents/archives-top/reuse,https://iiif.dl.itc.u-tokyo.ac.jp/repo/files/medium/3c453287172373dcf78ab632a2941df9916fa10f.jpg,https://iiif.dl.itc.u-tokyo.ac.jp/repo/api/items/1038794,"東京大学駒場図書館 Komaba Library, The University of Tokyo, JAPAN",,,第一高等学校旧蔵資料,kakezu-036,,https://iiif.dl.itc.u-tokyo.ac.jp/repo/iiif/efbb620a-9e0c-002a-31dc-e009a566388a/manifest,,,,,1
測量教科用絵図,,十い:5:30,,,,,,,,明治二十九年六月測量;工科第三年学生;伊藤安吉;多田重豫(多田文秋);塚本小四郎;中川祐治;井原外助;福島縫次郎;江口秀真(江口秀直);浅田計次郎(佐々木計次郎);斯波孝四郎,明治29年9月16日,明治29年6月製図,1700 × 1476 mm,,,文部省実測図,,,,,,,,,,,,,,,,,,http://tify.sub.uni-goettingen.de/demo.html?manifest=https://archdataset.dl.itc.u-tokyo.ac.jp/manifest/134d2a34-6189-298f-8418-a6c60abf91f4.json,134d2a34-6189-298f-8418-a6c60abf91f4,https://iiif.dl.itc.u-tokyo.ac.jp/repo/s/ichiko,https://iiif.dl.itc.u-tokyo.ac.jp/repo/s/ichiko/document/134d2a34-6189-298f-8418-a6c60abf91f4,https://www.lib.u-tokyo.ac.jp/ja/library/contents/archives-top/reuse,https://iiif.dl.itc.u-tokyo.ac.jp/repo/files/medium/55884ec09f9502c828e29d1fe0c53e3659394b38.jpg,https://iiif.dl.itc.u-tokyo.ac.jp/repo/api/items/1038793,"東京大学駒場図書館 Komaba Library, The University of Tokyo, JAPAN",,,第一高等学校旧蔵資料,kakezu-037,,https://iiif.dl.itc.u-tokyo.ac.jp/repo/iiif/134d2a34-6189-298f-8418-a6c60abf91f4/manifest,,,,,1
測量図,,十い:5:37,,,,,,,,,明治30年5月25日,,1260 × 1773 mm,,,ゼ サーヴェーアス トランシット The Surveyyor's Transit,,,,,,,,,,,,,,,,,,http://tify.sub.uni-goettingen.de/demo.html?manifest=https://archdataset.dl.itc.u-tokyo.ac.jp/manifest/3e984d1d-5a64-2f3a-1468-c589105c28e1.json,3e984d1d-5a64-2f3a-1468-c589105c28e1,https://iiif.dl.itc.u-tokyo.ac.jp/repo/s/ichiko,https://iiif.dl.itc.u-tokyo.ac.jp/repo/s/ichiko/document/3e984d1d-5a64-2f3a-1468-c589105c28e1,https://www.lib.u-tokyo.ac.jp/ja/library/contents/archives-top/reuse,https://iiif.dl.itc.u-tokyo.ac.jp/repo/files/medium/9dabffe9b5b5e58cccffbe2571e92f8e957bdeaf.jpg,https://iiif.dl.itc.u-tokyo.ac.jp/repo/api/items/1038792,"東京大学駒場図書館 Komaba Library, The University of Tokyo, JAPAN",,,第一高等学校旧蔵資料,kakezu-038,,https://iiif.dl.itc.u-tokyo.ac.jp/repo/iiif/3e984d1d-5a64-2f3a-1468-c589105c28e1/manifest,,,,,1
測量図,,十い:5:38,,,,,,,,,明治30年5月25日,,1220 × 963 mm,,,ゼ ワイ レヴェル The Y Level,,,,,,,,,,,,,,,,,,http://tify.sub.uni-goettingen.de/demo.html?manifest=https://archdataset.dl.itc.u-tokyo.ac.jp/manifest/f0de5b31-0811-6420-6ca7-6d13057529f1.json,f0de5b31-0811-6420-6ca7-6d13057529f1,https://iiif.dl.itc.u-tokyo.ac.jp/repo/s/ichiko,https://iiif.dl.itc.u-tokyo.ac.jp/repo/s/ichiko/document/f0de5b31-0811-6420-6ca7-6d13057529f1,https://www.lib.u-tokyo.ac.jp/ja/library/contents/archives-top/reuse,https://iiif.dl.itc.u-tokyo.ac.jp/repo/files/medium/d7a038d28971d1d033f05ff07b017fb37acfb9f0.jpg,https://iiif.dl.itc.u-tokyo.ac.jp/repo/api/items/1038791,"東京大学駒場図書館 Komaba Library, The University of Tokyo, JAPAN",,,第一高等学校旧蔵資料,kakezu-039,,https://iiif.dl.itc.u-tokyo.ac.jp/repo/iiif/f0de5b31-0811-6420-6ca7-6d13057529f1/manifest,,,,,1
星岡公園実測図,,十い:5:39,,,,,,,,明治三十年六月;工科三年学生;伊東敬三郎;今泉五郎;波多野友江;服部直樹;保科貞;東條偀一;柿内貞雄;津田素彦;津澤清;倉持一三;山川真吉;山根三樹;山口鑄次郎;松田清一;阪田貞明,明治30年9月28日,,1460 × 2373 mm,,,,,,,,,,,,,,,,,,,,,http://tify.sub.uni-goettingen.de/demo.html?manifest=https://archdataset.dl.itc.u-tokyo.ac.jp/manifest/667b2bd1-55fa-8973-844a-e41a69a813e2.json,667b2bd1-55fa-8973-844a-e41a69a813e2,https://iiif.dl.itc.u-tokyo.ac.jp/repo/s/ichiko,https://iiif.dl.itc.u-tokyo.ac.jp/repo/s/ichiko/document/667b2bd1-55fa-8973-844a-e41a69a813e2,https://www.lib.u-tokyo.ac.jp/ja/library/contents/archives-top/reuse,https://iiif.dl.itc.u-tokyo.ac.jp/repo/files/medium/c4b654650757ae03d4a1e43af77f905b0433da94.jpg,https://iiif.dl.itc.u-tokyo.ac.jp/repo/api/items/1038790,"東京大学駒場図書館 Komaba Library, The University of Tokyo, JAPAN",,,第一高等学校旧蔵資料,kakezu-040,,https://iiif.dl.itc.u-tokyo.ac.jp/repo/iiif/667b2bd1-55fa-8973-844a-e41a69a813e2/manifest,,,,,1
本妙寺実測図,,十い:5:40,,,,,,,,明治三十年六月実測;工科第三年学生;豊島駒吉;乙葉練吉;吉田太郎;高橋雄二郎;黒澤明九郎;江口秀真;清水連郎;角喜久治;末廣恭二,明治30年9月28日,,1150 × 1447 mm,,,,,,,,,,,,,,,,,,,,,http://tify.sub.uni-goettingen.de/demo.html?manifest=https://archdataset.dl.itc.u-tokyo.ac.jp/manifest/45a1176a-5747-9998-13c3-be0f9c2086a3.json,45a1176a-5747-9998-13c3-be0f9c2086a3,https://iiif.dl.itc.u-tokyo.ac.jp/repo/s/ichiko,https://iiif.dl.itc.u-tokyo.ac.jp/repo/s/ichiko/document/45a1176a-5747-9998-13c3-be0f9c2086a3,https://www.lib.u-tokyo.ac.jp/ja/library/contents/archives-top/reuse,https://iiif.dl.itc.u-tokyo.ac.jp/repo/files/medium/a12a048dcbb24d1f900cb89723ed64cd87e37860.jpg,https://iiif.dl.itc.u-tokyo.ac.jp/repo/api/items/1038789,"東京大学駒場図書館 Komaba Library, The University of Tokyo, JAPAN",,,第一高等学校旧蔵資料,kakezu-041,,https://iiif.dl.itc.u-tokyo.ac.jp/repo/iiif/45a1176a-5747-9998-13c3-be0f9c2086a3/manifest,,,,,1
芝公園実測図,,十い:5:46,,,,,,,,明治三十一年六月実測;工科三年学生;伊東榮三郎;石川亮夫;石川潔;細野辰二;川名孝次郎;高橋本枝;高木慎吉;田中不二;中島道四郎;大井上前雄;大島弘義;桑田豊吉;山岡鉄作;八巻弥一;丸山莠三;古藤猛哉;近江益雄;三輪経治;廣中義輔;鈴木四郎,明治31年12月17日,明治31年製図,1300 × 1503 mm,,,,,,,,,,,,,,,,,,,,,http://tify.sub.uni-goettingen.de/demo.html?manifest=https://archdataset.dl.itc.u-tokyo.ac.jp/manifest/ecb6f6da-24ff-140a-a60a-815fddf48af0.json,ecb6f6da-24ff-140a-a60a-815fddf48af0,https://iiif.dl.itc.u-tokyo.ac.jp/repo/s/ichiko,https://iiif.dl.itc.u-tokyo.ac.jp/repo/s/ichiko/document/ecb6f6da-24ff-140a-a60a-815fddf48af0,https://www.lib.u-tokyo.ac.jp/ja/library/contents/archives-top/reuse,https://iiif.dl.itc.u-tokyo.ac.jp/repo/files/medium/302bb8de2e7b29e78fff6d6d288aef3687f436f2.jpg,https://iiif.dl.itc.u-tokyo.ac.jp/repo/api/items/1038788,"東京大学駒場図書館 Komaba Library, The University of Tokyo, JAPAN",,,第一高等学校旧蔵資料,kakezu-042,,https://iiif.dl.itc.u-tokyo.ac.jp/repo/iiif/ecb6f6da-24ff-140a-a60a-815fddf48af0/manifest,,,,,1
工科大学及附近実測図,,十い:5:47,,,,,,,,明治三十一年六月;二部三年学生 花井七三郎(天野七三郎);太田庫太;岡村象雄;河原一郎;高田善彦;福井順平;雨宮春雄;齋藤運次郎;杉山清次郎,明治31年12月17日,明治31年製図,1400 × 1671 mm,,,,,,,,,,,,,,,,,,,,,http://tify.sub.uni-goettingen.de/demo.html?manifest=https://archdataset.dl.itc.u-tokyo.ac.jp/manifest/7568fb08-4ac0-1df7-19e4-3cabb8b7a0a0.json,7568fb08-4ac0-1df7-19e4-3cabb8b7a0a0,https://iiif.dl.itc.u-tokyo.ac.jp/repo/s/ichiko,https://iiif.dl.itc.u-tokyo.ac.jp/repo/s/ichiko/document/7568fb08-4ac0-1df7-19e4-3cabb8b7a0a0,https://www.lib.u-tokyo.ac.jp/ja/library/contents/archives-top/reuse,https://iiif.dl.itc.u-tokyo.ac.jp/repo/files/medium/e49108148965cbc69d591f25267bbb9b6a859a39.jpg,https://iiif.dl.itc.u-tokyo.ac.jp/repo/api/items/1038787,"東京大学駒場図書館 Komaba Library, The University of Tokyo, JAPAN",,,第一高等学校旧蔵資料,kakezu-043,,https://iiif.dl.itc.u-tokyo.ac.jp/repo/iiif/7568fb08-4ac0-1df7-19e4-3cabb8b7a0a0/manifest,,,,,1
岩崎氏染井別邸実測図,,十い:5:49,,,,,,,,明治三十二年七月;二部三年生;伊藤長市;井上範;井上明;堀内貞造;鳥居榮;大西清;音羽守;竹前本次郎;中根経三;内藤正泰(内藤正恭);野田孝一;山田亀治;藤井國弘;古宇田實;寺野寛治;淺川六三;水山祐徳;廣瀬瀧次;末田範造,明治32年11月7日,,1150 × 1585 mm,,,,,,,,,,,,,,,,,,,,,http://tify.sub.uni-goettingen.de/demo.html?manifest=https://archdataset.dl.itc.u-tokyo.ac.jp/manifest/8c7611e5-29ce-5a48-9669-b7c226992af7.json,8c7611e5-29ce-5a48-9669-b7c226992af7,https://iiif.dl.itc.u-tokyo.ac.jp/repo/s/ichiko,https://iiif.dl.itc.u-tokyo.ac.jp/repo/s/ichiko/document/8c7611e5-29ce-5a48-9669-b7c226992af7,https://www.lib.u-tokyo.ac.jp/ja/library/contents/archives-top/reuse,https://iiif.dl.itc.u-tokyo.ac.jp/repo/files/medium/3b5bac8bb9f42efd6e50fd83530e16175b688f1e.jpg,https://iiif.dl.itc.u-tokyo.ac.jp/repo/api/items/1038786,"東京大学駒場図書館 Komaba Library, The University of Tokyo, JAPAN",,,第一高等学校旧蔵資料,kakezu-044,,https://iiif.dl.itc.u-tokyo.ac.jp/repo/iiif/8c7611e5-29ce-5a48-9669-b7c226992af7/manifest,,,,,1
世界之磁気図,,十い:7:1,,,,,,,,,明治27年6月8日,,,,,等方位線,,,,,,,,,,,,,,,,,,http://tify.sub.uni-goettingen.de/demo.html?manifest=https://archdataset.dl.itc.u-tokyo.ac.jp/manifest/7182b88e-7f53-128e-48ed-e91c26a94aae.json,7182b88e-7f53-128e-48ed-e91c26a94aae,https://iiif.dl.itc.u-tokyo.ac.jp/repo/s/ichiko,https://iiif.dl.itc.u-tokyo.ac.jp/repo/s/ichiko/document/7182b88e-7f53-128e-48ed-e91c26a94aae,https://www.lib.u-tokyo.ac.jp/ja/library/contents/archives-top/reuse,https://iiif.dl.itc.u-tokyo.ac.jp/repo/files/medium/1f68cebb08ae9f8e4f160f99d7b7030f866f31bd.jpg,https://iiif.dl.itc.u-tokyo.ac.jp/repo/api/items/1038785,"東京大学駒場図書館 Komaba Library, The University of Tokyo, JAPAN",,,第一高等学校旧蔵資料,kakezu-045,,https://iiif.dl.itc.u-tokyo.ac.jp/repo/iiif/7182b88e-7f53-128e-48ed-e91c26a94aae/manifest,,,,,1
レニョー氏瓦斯体膨張測定ノ装置ノ図,,十い:7:8,,,,,,,,,明治24年6月6日,,,,,共六軸,,,,,,,,,,,,,,,,,,http://tify.sub.uni-goettingen.de/demo.html?manifest=https://archdataset.dl.itc.u-tokyo.ac.jp/manifest/975b4e8c-1d2e-98a9-674d-ecb7207d4611.json,975b4e8c-1d2e-98a9-674d-ecb7207d4611,https://iiif.dl.itc.u-tokyo.ac.jp/repo/s/ichiko,https://iiif.dl.itc.u-tokyo.ac.jp/repo/s/ichiko/document/975b4e8c-1d2e-98a9-674d-ecb7207d4611,https://www.lib.u-tokyo.ac.jp/ja/library/contents/archives-top/reuse,https://iiif.dl.itc.u-tokyo.ac.jp/repo/files/medium/623c011f2784ef76a2d87cf9e2da1db97eb58eb0.jpg,https://iiif.dl.itc.u-tokyo.ac.jp/repo/api/items/1038784,"東京大学駒場図書館 Komaba Library, The University of Tokyo, JAPAN",,,第一高等学校旧蔵資料,kakezu-046,,https://iiif.dl.itc.u-tokyo.ac.jp/repo/iiif/975b4e8c-1d2e-98a9-674d-ecb7207d4611/manifest,,,,,1
眼之内部之図,,十い:7:10,,,,,,,,,明治24年6月6日,,673 × 685 mm,,,,,,,,,,,,,,,,,,,,,http://tify.sub.uni-goettingen.de/demo.html?manifest=https://archdataset.dl.itc.u-tokyo.ac.jp/manifest/46a29188-369c-0ec0-2bb5-7bd5439807e2.json,46a29188-369c-0ec0-2bb5-7bd5439807e2,https://iiif.dl.itc.u-tokyo.ac.jp/repo/s/ichiko,https://iiif.dl.itc.u-tokyo.ac.jp/repo/s/ichiko/document/46a29188-369c-0ec0-2bb5-7bd5439807e2,https://www.lib.u-tokyo.ac.jp/ja/library/contents/archives-top/reuse,https://iiif.dl.itc.u-tokyo.ac.jp/repo/files/medium/605b300e457c2a1cf5c0a53f795b3c3482f8213b.jpg,https://iiif.dl.itc.u-tokyo.ac.jp/repo/api/items/1038783,"東京大学駒場図書館 Komaba Library, The University of Tokyo, JAPAN",,,第一高等学校旧蔵資料,kakezu-047,,https://iiif.dl.itc.u-tokyo.ac.jp/repo/iiif/46a29188-369c-0ec0-2bb5-7bd5439807e2/manifest,,,,,1
ビアンキ空気ポンプ内部之図,,十い:7:11,,,,,,,,,明治24年6月6日,,579 × 650 mm,,,,,,,,,,,,,,,,,,,,,http://tify.sub.uni-goettingen.de/demo.html?manifest=https://archdataset.dl.itc.u-tokyo.ac.jp/manifest/d1f075e0-39e2-4860-46e6-2d5f4b270776.json,d1f075e0-39e2-4860-46e6-2d5f4b270776,https://iiif.dl.itc.u-tokyo.ac.jp/repo/s/ichiko,https://iiif.dl.itc.u-tokyo.ac.jp/repo/s/ichiko/document/d1f075e0-39e2-4860-46e6-2d5f4b270776,https://www.lib.u-tokyo.ac.jp/ja/library/contents/archives-top/reuse,https://iiif.dl.itc.u-tokyo.ac.jp/repo/files/medium/6e8b92ed450f5035078a5f38d7ea59b668f7e7d4.jpg,https://iiif.dl.itc.u-tokyo.ac.jp/repo/api/items/1038782,"東京大学駒場図書館 Komaba Library, The University of Tokyo, JAPAN",,,第一高等学校旧蔵資料,kakezu-048,,https://iiif.dl.itc.u-tokyo.ac.jp/repo/iiif/d1f075e0-39e2-4860-46e6-2d5f4b270776/manifest,,,,,1
ザハリメートル之図,,十い:7:128,,,,,,,,,明治23年7月30日,,642 × 718 mm,,,,,,,,,,,,,,,,,,,,,http://tify.sub.uni-goettingen.de/demo.html?manifest=https://archdataset.dl.itc.u-tokyo.ac.jp/manifest/62ae1b7a-3bf1-4aba-66ba-7f88cf1e7c31.json,62ae1b7a-3bf1-4aba-66ba-7f88cf1e7c31,https://iiif.dl.itc.u-tokyo.ac.jp/repo/s/ichiko,https://iiif.dl.itc.u-tokyo.ac.jp/repo/s/ichiko/document/62ae1b7a-3bf1-4aba-66ba-7f88cf1e7c31,https://www.lib.u-tokyo.ac.jp/ja/library/contents/archives-top/reuse,https://iiif.dl.itc.u-tokyo.ac.jp/repo/files/medium/993d501a7277a6587c72888bc3214b37fc2f2a17.jpg,https://iiif.dl.itc.u-tokyo.ac.jp/repo/api/items/1038781,"東京大学駒場図書館 Komaba Library, The University of Tokyo, JAPAN",,,第一高等学校旧蔵資料,kakezu-049,,https://iiif.dl.itc.u-tokyo.ac.jp/repo/iiif/62ae1b7a-3bf1-4aba-66ba-7f88cf1e7c31/manifest,,,,,1
カロリーメートル之図,,十い:7:129,,,,,,,,,明治23年7月30日,,,,,,,,,,,,,,,,,,,,,,,http://tify.sub.uni-goettingen.de/demo.html?manifest=https://archdataset.dl.itc.u-tokyo.ac.jp/manifest/f0d06149-1dd1-06f8-4e63-eba54fd59c64.json,f0d06149-1dd1-06f8-4e63-eba54fd59c64,https://iiif.dl.itc.u-tokyo.ac.jp/repo/s/ichiko,https://iiif.dl.itc.u-tokyo.ac.jp/repo/s/ichiko/document/f0d06149-1dd1-06f8-4e63-eba54fd59c64,https://www.lib.u-tokyo.ac.jp/ja/library/contents/archives-top/reuse,https://iiif.dl.itc.u-tokyo.ac.jp/repo/files/medium/694cae1eaa581db6dff54131cece11e08f2c56f4.jpg,https://iiif.dl.itc.u-tokyo.ac.jp/repo/api/items/1038780,"東京大学駒場図書館 Komaba Library, The University of Tokyo, JAPAN",,,第一高等学校旧蔵資料,kakezu-050,,https://iiif.dl.itc.u-tokyo.ac.jp/repo/iiif/f0d06149-1dd1-06f8-4e63-eba54fd59c64/manifest,,,,,1
足之骨図,,十い:9:32,,,,,,,,,明治24年8月15日,,963 × 659 mm,,,,,,,,,,,,,,,,,,,,,http://tify.sub.uni-goettingen.de/demo.html?manifest=https://archdataset.dl.itc.u-tokyo.ac.jp/manifest/096d4b28-8be1-377e-7fc8-ae512a579aa4.json,096d4b28-8be1-377e-7fc8-ae512a579aa4,https://iiif.dl.itc.u-tokyo.ac.jp/repo/s/ichiko,https://iiif.dl.itc.u-tokyo.ac.jp/repo/s/ichiko/document/096d4b28-8be1-377e-7fc8-ae512a579aa4,https://www.lib.u-tokyo.ac.jp/ja/library/contents/archives-top/reuse,https://iiif.dl.itc.u-tokyo.ac.jp/repo/files/medium/3937cf199c5bbbec320d9d8d2a6c25671f75e694.jpg,https://iiif.dl.itc.u-tokyo.ac.jp/repo/api/items/1038779,"東京大学駒場図書館 Komaba Library, The University of Tokyo, JAPAN",,,第一高等学校旧蔵資料,kakezu-051,,https://iiif.dl.itc.u-tokyo.ac.jp/repo/iiif/096d4b28-8be1-377e-7fc8-ae512a579aa4/manifest,,,,,1
手之骨図,,十い:9:33,,,,,,,,,明治24年8月15日,,965 × 635 mm,,,,,,,,,,,,,,,,,,,,,http://tify.sub.uni-goettingen.de/demo.html?manifest=https://archdataset.dl.itc.u-tokyo.ac.jp/manifest/bf767813-2206-94a2-2b52-30b37e1297a2.json,bf767813-2206-94a2-2b52-30b37e1297a2,https://iiif.dl.itc.u-tokyo.ac.jp/repo/s/ichiko,https://iiif.dl.itc.u-tokyo.ac.jp/repo/s/ichiko/document/bf767813-2206-94a2-2b52-30b37e1297a2,https://www.lib.u-tokyo.ac.jp/ja/library/contents/archives-top/reuse,https://iiif.dl.itc.u-tokyo.ac.jp/repo/files/medium/f0bba0072c2287e5efc7e94f98ab521e92c1c82e.jpg,https://iiif.dl.itc.u-tokyo.ac.jp/repo/api/items/1038778,"東京大学駒場図書館 Komaba Library, The University of Tokyo, JAPAN",,,第一高等学校旧蔵資料,kakezu-052,,https://iiif.dl.itc.u-tokyo.ac.jp/repo/iiif/bf767813-2206-94a2-2b52-30b37e1297a2/manifest,,,,,1
ホヤ之図,,十い:9:36,,,,,,,,,明治24年8月15日,,647 × 932 mm,,,,,,,,,,,,,,,,,,,,,http://tify.sub.uni-goettingen.de/demo.html?manifest=https://archdataset.dl.itc.u-tokyo.ac.jp/manifest/28958382-43a2-9b72-5d30-729db80c9ffa.json,28958382-43a2-9b72-5d30-729db80c9ffa,https://iiif.dl.itc.u-tokyo.ac.jp/repo/s/ichiko,https://iiif.dl.itc.u-tokyo.ac.jp/repo/s/ichiko/document/28958382-43a2-9b72-5d30-729db80c9ffa,https://www.lib.u-tokyo.ac.jp/ja/library/contents/archives-top/reuse,https://iiif.dl.itc.u-tokyo.ac.jp/repo/files/medium/9d9cde2e777296f506cba91792b069acab608cb1.jpg,https://iiif.dl.itc.u-tokyo.ac.jp/repo/api/items/1038777,"東京大学駒場図書館 Komaba Library, The University of Tokyo, JAPAN",,,第一高等学校旧蔵資料,kakezu-053,,https://iiif.dl.itc.u-tokyo.ac.jp/repo/iiif/28958382-43a2-9b72-5d30-729db80c9ffa/manifest,,,,,1
猿之骨格図,,十い:9:37,,,,,,,,,明治24年8月15日,,660 × 929 mm,,,,,,,,,,,,,,,,,,,,,http://tify.sub.uni-goettingen.de/demo.html?manifest=https://archdataset.dl.itc.u-tokyo.ac.jp/manifest/a8daf13d-576d-41b6-850f-0c82c08d532f.json,a8daf13d-576d-41b6-850f-0c82c08d532f,https://iiif.dl.itc.u-tokyo.ac.jp/repo/s/ichiko,https://iiif.dl.itc.u-tokyo.ac.jp/repo/s/ichiko/document/a8daf13d-576d-41b6-850f-0c82c08d532f,https://www.lib.u-tokyo.ac.jp/ja/library/contents/archives-top/reuse,https://iiif.dl.itc.u-tokyo.ac.jp/repo/files/medium/cc0ed60ac6b0b6db623f9ef49a2b342dd8fe170e.jpg,https://iiif.dl.itc.u-tokyo.ac.jp/repo/api/items/1038776,"東京大学駒場図書館 Komaba Library, The University of Tokyo, JAPAN",,,第一高等学校旧蔵資料,kakezu-054,,https://iiif.dl.itc.u-tokyo.ac.jp/repo/iiif/a8daf13d-576d-41b6-850f-0c82c08d532f/manifest,,,,,1
魚之血液循環之図,,十い:9:39,,,,,,,,,明治24年8月15日,,661 × 926 mm,,,,,,,,,,,,,,,,,,,,,http://tify.sub.uni-goettingen.de/demo.html?manifest=https://archdataset.dl.itc.u-tokyo.ac.jp/manifest/a54f348a-9ade-7f3e-0454-0b4abc597b7e.json,a54f348a-9ade-7f3e-0454-0b4abc597b7e,https://iiif.dl.itc.u-tokyo.ac.jp/repo/s/ichiko,https://iiif.dl.itc.u-tokyo.ac.jp/repo/s/ichiko/document/a54f348a-9ade-7f3e-0454-0b4abc597b7e,https://www.lib.u-tokyo.ac.jp/ja/library/contents/archives-top/reuse,https://iiif.dl.itc.u-tokyo.ac.jp/repo/files/medium/8c72f15b1ff798d3655b92af608332be747c89b0.jpg,https://iiif.dl.itc.u-tokyo.ac.jp/repo/api/items/1038775,"東京大学駒場図書館 Komaba Library, The University of Tokyo, JAPAN",,,第一高等学校旧蔵資料,kakezu-055,,https://iiif.dl.itc.u-tokyo.ac.jp/repo/iiif/a54f348a-9ade-7f3e-0454-0b4abc597b7e/manifest,,,,,1
ナメクヂウオ之図,,十い:9:40,,,,,,,,,明治27年1月13日,,,,,,,,,,,,,,,,,,,,,,,http://tify.sub.uni-goettingen.de/demo.html?manifest=https://archdataset.dl.itc.u-tokyo.ac.jp/manifest/0912b8da-4b37-4788-7eba-c0c4f9553c7a.json,0912b8da-4b37-4788-7eba-c0c4f9553c7a,https://iiif.dl.itc.u-tokyo.ac.jp/repo/s/ichiko,https://iiif.dl.itc.u-tokyo.ac.jp/repo/s/ichiko/document/0912b8da-4b37-4788-7eba-c0c4f9553c7a,https://www.lib.u-tokyo.ac.jp/ja/library/contents/archives-top/reuse,https://iiif.dl.itc.u-tokyo.ac.jp/repo/files/medium/a22f40d75a6a86f64c46c8e80e5c402afcbb9e22.jpg,https://iiif.dl.itc.u-tokyo.ac.jp/repo/api/items/1038774,"東京大学駒場図書館 Komaba Library, The University of Tokyo, JAPAN",,,第一高等学校旧蔵資料,kakezu-056,,https://iiif.dl.itc.u-tokyo.ac.jp/repo/iiif/0912b8da-4b37-4788-7eba-c0c4f9553c7a/manifest,,,,,1
脊椎,,十い:9:42,,,,,,,,,明治27年1月13日,,974 × 667 mm,,,,,,,,,,,,,,,,,,,,,http://tify.sub.uni-goettingen.de/demo.html?manifest=https://archdataset.dl.itc.u-tokyo.ac.jp/manifest/38509740-8444-05cd-159a-5c06ffe87ce6.json,38509740-8444-05cd-159a-5c06ffe87ce6,https://iiif.dl.itc.u-tokyo.ac.jp/repo/s/ichiko,https://iiif.dl.itc.u-tokyo.ac.jp/repo/s/ichiko/document/38509740-8444-05cd-159a-5c06ffe87ce6,https://www.lib.u-tokyo.ac.jp/ja/library/contents/archives-top/reuse,https://iiif.dl.itc.u-tokyo.ac.jp/repo/files/medium/9cf1ecbabdef1bd73873b6f6d9d767b51bb1ecfa.jpg,https://iiif.dl.itc.u-tokyo.ac.jp/repo/api/items/1038773,"東京大学駒場図書館 Komaba Library, The University of Tokyo, JAPAN",,,第一高等学校旧蔵資料,kakezu-057,,https://iiif.dl.itc.u-tokyo.ac.jp/repo/iiif/38509740-8444-05cd-159a-5c06ffe87ce6/manifest,,,,,1
鰊之解剖之図,,十い:9:43,,,,,,,,,明治27年1月13日,,972 × 665 mm,,,,,,,,,,,,,,,,,,,,,http://tify.sub.uni-goettingen.de/demo.html?manifest=https://archdataset.dl.itc.u-tokyo.ac.jp/manifest/14c59cf2-3427-1351-1e76-c9dd7b9f5f5f.json,14c59cf2-3427-1351-1e76-c9dd7b9f5f5f,https://iiif.dl.itc.u-tokyo.ac.jp/repo/s/ichiko,https://iiif.dl.itc.u-tokyo.ac.jp/repo/s/ichiko/document/14c59cf2-3427-1351-1e76-c9dd7b9f5f5f,https://www.lib.u-tokyo.ac.jp/ja/library/contents/archives-top/reuse,https://iiif.dl.itc.u-tokyo.ac.jp/repo/files/medium/134452fdf792ed69d6ca3eeaeb7aece5f11ce7fc.jpg,https://iiif.dl.itc.u-tokyo.ac.jp/repo/api/items/1038772,"東京大学駒場図書館 Komaba Library, The University of Tokyo, JAPAN",,,第一高等学校旧蔵資料,kakezu-058,,https://iiif.dl.itc.u-tokyo.ac.jp/repo/iiif/14c59cf2-3427-1351-1e76-c9dd7b9f5f5f/manifest,,,,,1
骨之断面之図,,十い:9:44,,,,,,,,,明治27年1月13日,,976 × 616 mm,,,,,,,,,,,,,,,,,,,,,http://tify.sub.uni-goettingen.de/demo.html?manifest=https://archdataset.dl.itc.u-tokyo.ac.jp/manifest/6d00dc6b-4c2d-5e1e-0b67-8a76bdb89893.json,6d00dc6b-4c2d-5e1e-0b67-8a76bdb89893,https://iiif.dl.itc.u-tokyo.ac.jp/repo/s/ichiko,https://iiif.dl.itc.u-tokyo.ac.jp/repo/s/ichiko/document/6d00dc6b-4c2d-5e1e-0b67-8a76bdb89893,https://www.lib.u-tokyo.ac.jp/ja/library/contents/archives-top/reuse,https://iiif.dl.itc.u-tokyo.ac.jp/repo/files/medium/0a40b59f138dd050101028c08a24cf6313a21d07.jpg,https://iiif.dl.itc.u-tokyo.ac.jp/repo/api/items/1038771,"東京大学駒場図書館 Komaba Library, The University of Tokyo, JAPAN",,,第一高等学校旧蔵資料,kakezu-059,,https://iiif.dl.itc.u-tokyo.ac.jp/repo/iiif/6d00dc6b-4c2d-5e1e-0b67-8a76bdb89893/manifest,,,,,1
花序之類別之図,,十い:9:58,,,,,,,,,明治27年1月13日,,650 × 962 mm,,,,,,,,,,,,,,,,,,,,,http://tify.sub.uni-goettingen.de/demo.html?manifest=https://archdataset.dl.itc.u-tokyo.ac.jp/manifest/28e3f21c-0eab-06b7-0493-4d3a967177f7.json,28e3f21c-0eab-06b7-0493-4d3a967177f7,https://iiif.dl.itc.u-tokyo.ac.jp/repo/s/ichiko,https://iiif.dl.itc.u-tokyo.ac.jp/repo/s/ichiko/document/28e3f21c-0eab-06b7-0493-4d3a967177f7,https://www.lib.u-tokyo.ac.jp/ja/library/contents/archives-top/reuse,https://iiif.dl.itc.u-tokyo.ac.jp/repo/files/medium/b25233637a8e8551baa72702d7a07eacd149e5a5.jpg,https://iiif.dl.itc.u-tokyo.ac.jp/repo/api/items/1038770,"東京大学駒場図書館 Komaba Library, The University of Tokyo, JAPAN",,,第一高等学校旧蔵資料,kakezu-060,,https://iiif.dl.itc.u-tokyo.ac.jp/repo/iiif/28e3f21c-0eab-06b7-0493-4d3a967177f7/manifest,,,,,1
種子之萌発之図,,十い:9:59,,,,,,,,,明治27年1月13日,,,,,,,,,,,,,,,,,,,,,,,http://tify.sub.uni-goettingen.de/demo.html?manifest=https://archdataset.dl.itc.u-tokyo.ac.jp/manifest/568f6ff0-26fe-602f-6d09-6c4e54cb76c3.json,568f6ff0-26fe-602f-6d09-6c4e54cb76c3,https://iiif.dl.itc.u-tokyo.ac.jp/repo/s/ichiko,https://iiif.dl.itc.u-tokyo.ac.jp/repo/s/ichiko/document/568f6ff0-26fe-602f-6d09-6c4e54cb76c3,https://www.lib.u-tokyo.ac.jp/ja/library/contents/archives-top/reuse,https://iiif.dl.itc.u-tokyo.ac.jp/repo/files/medium/78cb689838bc3497c07a2317b364300cfdc1d917.jpg,https://iiif.dl.itc.u-tokyo.ac.jp/repo/api/items/1038769,"東京大学駒場図書館 Komaba Library, The University of Tokyo, JAPAN",,,第一高等学校旧蔵資料,kakezu-061,,https://iiif.dl.itc.u-tokyo.ac.jp/repo/iiif/568f6ff0-26fe-602f-6d09-6c4e54cb76c3/manifest,,,,,1
ハイトリ草之図,,十い:9:63,,,,,,,,,明治24年8月15日,,658 × 962 mm,,,,,,,,,,,,,,,,,,,,,http://tify.sub.uni-goettingen.de/demo.html?manifest=https://archdataset.dl.itc.u-tokyo.ac.jp/manifest/bd9c2b48-9c1e-104b-5b41-410bec468689.json,bd9c2b48-9c1e-104b-5b41-410bec468689,https://iiif.dl.itc.u-tokyo.ac.jp/repo/s/ichiko,https://iiif.dl.itc.u-tokyo.ac.jp/repo/s/ichiko/document/bd9c2b48-9c1e-104b-5b41-410bec468689,https://www.lib.u-tokyo.ac.jp/ja/library/contents/archives-top/reuse,https://iiif.dl.itc.u-tokyo.ac.jp/repo/files/medium/f91164633e888b528aefd3fda7cdb486872d667c.jpg,https://iiif.dl.itc.u-tokyo.ac.jp/repo/api/items/1038768,"東京大学駒場図書館 Komaba Library, The University of Tokyo, JAPAN",,,第一高等学校旧蔵資料,kakezu-062,,https://iiif.dl.itc.u-tokyo.ac.jp/repo/iiif/bd9c2b48-9c1e-104b-5b41-410bec468689/manifest,,,,,1
鯨図,,十い:9:【不明】,,,,,,,,,明治24年9月19日,,1492 × 1131 mm,,,,,,,,,,,,,,,,,,,,,http://tify.sub.uni-goettingen.de/demo.html?manifest=https://archdataset.dl.itc.u-tokyo.ac.jp/manifest/86403125-730d-210f-a774-e7ae93d52eb0.json,86403125-730d-210f-a774-e7ae93d52eb0,https://iiif.dl.itc.u-tokyo.ac.jp/repo/s/ichiko,https://iiif.dl.itc.u-tokyo.ac.jp/repo/s/ichiko/document/86403125-730d-210f-a774-e7ae93d52eb0,https://www.lib.u-tokyo.ac.jp/ja/library/contents/archives-top/reuse,https://iiif.dl.itc.u-tokyo.ac.jp/repo/files/medium/bf91321a3a7963b4affae3457dd3ed55f392f290.jpg,https://iiif.dl.itc.u-tokyo.ac.jp/repo/api/items/1038767,"東京大学駒場図書館 Komaba Library, The University of Tokyo, JAPAN",,,第一高等学校旧蔵資料,kakezu-063,,https://iiif.dl.itc.u-tokyo.ac.jp/repo/iiif/86403125-730d-210f-a774-e7ae93d52eb0/manifest,,,,,1
人之足之骨并ニ猿之手之骨之図,,十い:9:【不明】,,,,,,,,,明治24年9月19日,,1489 × 1107 mm,,,,,,,,,,,,,,,,,,,,,http://tify.sub.uni-goettingen.de/demo.html?manifest=https://archdataset.dl.itc.u-tokyo.ac.jp/manifest/01fe48fd-9731-1a74-5b5c-1129583a742a.json,01fe48fd-9731-1a74-5b5c-1129583a742a,https://iiif.dl.itc.u-tokyo.ac.jp/repo/s/ichiko,https://iiif.dl.itc.u-tokyo.ac.jp/repo/s/ichiko/document/01fe48fd-9731-1a74-5b5c-1129583a742a,https://www.lib.u-tokyo.ac.jp/ja/library/contents/archives-top/reuse,https://iiif.dl.itc.u-tokyo.ac.jp/repo/files/medium/4012502fcf71448b34806461e7ec8cb50c64a95f.jpg,https://iiif.dl.itc.u-tokyo.ac.jp/repo/api/items/1038766,"東京大学駒場図書館 Komaba Library, The University of Tokyo, JAPAN",,,第一高等学校旧蔵資料,kakezu-064,,https://iiif.dl.itc.u-tokyo.ac.jp/repo/iiif/01fe48fd-9731-1a74-5b5c-1129583a742a/manifest,,,,,1
蜊蛄及金亀子図,,十い:9:【不明】,,,,,,,,,明治24年9月19日,,1510 × 1113 mm,,,,,,,,,,,,,,,,,,,,,http://tify.sub.uni-goettingen.de/demo.html?manifest=https://archdataset.dl.itc.u-tokyo.ac.jp/manifest/b91bcd2f-8f98-80f2-7021-60a4b803255e.json,b91bcd2f-8f98-80f2-7021-60a4b803255e,https://iiif.dl.itc.u-tokyo.ac.jp/repo/s/ichiko,https://iiif.dl.itc.u-tokyo.ac.jp/repo/s/ichiko/document/b91bcd2f-8f98-80f2-7021-60a4b803255e,https://www.lib.u-tokyo.ac.jp/ja/library/contents/archives-top/reuse,https://iiif.dl.itc.u-tokyo.ac.jp/repo/files/medium/767e65d0c2f3f4c7b9febbd0c4531b7b941c8a36.jpg,https://iiif.dl.itc.u-tokyo.ac.jp/repo/api/items/1038765,"東京大学駒場図書館 Komaba Library, The University of Tokyo, JAPAN",,,第一高等学校旧蔵資料,kakezu-065,,https://iiif.dl.itc.u-tokyo.ac.jp/repo/iiif/b91bcd2f-8f98-80f2-7021-60a4b803255e/manifest,,,,,1
珊瑚ニ水母図,,十い:9:【不明】,,,,,,,,,明治24年9月19日,,1424 × 1109 mm,,,,,,,,,,,,,,,,,,,,,http://tify.sub.uni-goettingen.de/demo.html?manifest=https://archdataset.dl.itc.u-tokyo.ac.jp/manifest/5dec2a7a-731f-67ea-7b63-84e6d17379d8.json,5dec2a7a-731f-67ea-7b63-84e6d17379d8,https://iiif.dl.itc.u-tokyo.ac.jp/repo/s/ichiko,https://iiif.dl.itc.u-tokyo.ac.jp/repo/s/ichiko/document/5dec2a7a-731f-67ea-7b63-84e6d17379d8,https://www.lib.u-tokyo.ac.jp/ja/library/contents/archives-top/reuse,https://iiif.dl.itc.u-tokyo.ac.jp/repo/files/medium/9bba47f986983a0040e2f81fddbbd17b557a30ad.jpg,https://iiif.dl.itc.u-tokyo.ac.jp/repo/api/items/1038764,"東京大学駒場図書館 Komaba Library, The University of Tokyo, JAPAN",,,第一高等学校旧蔵資料,kakezu-066,,https://iiif.dl.itc.u-tokyo.ac.jp/repo/iiif/5dec2a7a-731f-67ea-7b63-84e6d17379d8/manifest,,,,,1
蠕虫之図,,十い:9:【不明】,,,,,,,,,明治24年9月19日,,1506 × 1149 mm,,,,,,,,,,,,,,,,,,,,,http://tify.sub.uni-goettingen.de/demo.html?manifest=https://archdataset.dl.itc.u-tokyo.ac.jp/manifest/764fff7b-3c90-2380-8b47-37fd042a1dd4.json,764fff7b-3c90-2380-8b47-37fd042a1dd4,https://iiif.dl.itc.u-tokyo.ac.jp/repo/s/ichiko,https://iiif.dl.itc.u-tokyo.ac.jp/repo/s/ichiko/document/764fff7b-3c90-2380-8b47-37fd042a1dd4,https://www.lib.u-tokyo.ac.jp/ja/library/contents/archives-top/reuse,https://iiif.dl.itc.u-tokyo.ac.jp/repo/files/medium/23c5f551594549989637ec50d837bf2931bbdf8c.jpg,https://iiif.dl.itc.u-tokyo.ac.jp/repo/api/items/1038763,"東京大学駒場図書館 Komaba Library, The University of Tokyo, JAPAN",,,第一高等学校旧蔵資料,kakezu-067,,https://iiif.dl.itc.u-tokyo.ac.jp/repo/iiif/764fff7b-3c90-2380-8b47-37fd042a1dd4/manifest,,,,,1
甲殻類之脚之図,,十い:9:【不明】,,,,,,,,,明治24年9月19日,,1492 × 1139 mm,,,,,,,,,,,,,,,,,,,,,http://tify.sub.uni-goettingen.de/demo.html?manifest=https://archdataset.dl.itc.u-tokyo.ac.jp/manifest/d52e8fc9-25ca-2063-2bda-dc686027030a.json,d52e8fc9-25ca-2063-2bda-dc686027030a,https://iiif.dl.itc.u-tokyo.ac.jp/repo/s/ichiko,https://iiif.dl.itc.u-tokyo.ac.jp/repo/s/ichiko/document/d52e8fc9-25ca-2063-2bda-dc686027030a,https://www.lib.u-tokyo.ac.jp/ja/library/contents/archives-top/reuse,https://iiif.dl.itc.u-tokyo.ac.jp/repo/files/medium/ea089253f60385ed89e371074177fb611a06c414.jpg,https://iiif.dl.itc.u-tokyo.ac.jp/repo/api/items/1038762,"東京大学駒場図書館 Komaba Library, The University of Tokyo, JAPAN",,,第一高等学校旧蔵資料,kakezu-068,,https://iiif.dl.itc.u-tokyo.ac.jp/repo/iiif/d52e8fc9-25ca-2063-2bda-dc686027030a/manifest,,,,,1
爬虫類、両生類之図,,十い:9:【不明】,,,,,,,,,明治24年9月19日,,1491 × 1138 mm,,,,,,,,,,,,,,,,,,,,,http://tify.sub.uni-goettingen.de/demo.html?manifest=https://archdataset.dl.itc.u-tokyo.ac.jp/manifest/62ee24f3-760f-4a29-8e81-2a59103c2f1a.json,62ee24f3-760f-4a29-8e81-2a59103c2f1a,https://iiif.dl.itc.u-tokyo.ac.jp/repo/s/ichiko,https://iiif.dl.itc.u-tokyo.ac.jp/repo/s/ichiko/document/62ee24f3-760f-4a29-8e81-2a59103c2f1a,https://www.lib.u-tokyo.ac.jp/ja/library/contents/archives-top/reuse,https://iiif.dl.itc.u-tokyo.ac.jp/repo/files/medium/4dd14628d72b2471847d9217c5374f1823580d71.jpg,https://iiif.dl.itc.u-tokyo.ac.jp/repo/api/items/1038761,"東京大学駒場図書館 Komaba Library, The University of Tokyo, JAPAN",,,第一高等学校旧蔵資料,kakezu-069,,https://iiif.dl.itc.u-tokyo.ac.jp/repo/iiif/62ee24f3-760f-4a29-8e81-2a59103c2f1a/manifest,,,,,1
蝙蝠之骨格之図,,十い:9:【不明】,,,,,,,,,明治23年7月3日,,983 × 655 mm,,,,,,,,,,,,,,,,,,,,,http://tify.sub.uni-goettingen.de/demo.html?manifest=https://archdataset.dl.itc.u-tokyo.ac.jp/manifest/eaaf8cc6-122d-5a5b-a3e0-199d389829a9.json,eaaf8cc6-122d-5a5b-a3e0-199d389829a9,https://iiif.dl.itc.u-tokyo.ac.jp/repo/s/ichiko,https://iiif.dl.itc.u-tokyo.ac.jp/repo/s/ichiko/document/eaaf8cc6-122d-5a5b-a3e0-199d389829a9,https://www.lib.u-tokyo.ac.jp/ja/library/contents/archives-top/reuse,https://iiif.dl.itc.u-tokyo.ac.jp/repo/files/medium/b0d2bac2a8ce6e867c7032a96b32185a52781f5c.jpg,https://iiif.dl.itc.u-tokyo.ac.jp/repo/api/items/1038760,"東京大学駒場図書館 Komaba Library, The University of Tokyo, JAPAN",,,第一高等学校旧蔵資料,kakezu-070,,https://iiif.dl.itc.u-tokyo.ac.jp/repo/iiif/eaaf8cc6-122d-5a5b-a3e0-199d389829a9/manifest,,,,,1
亀之骨格之図,,十い:9:【不明】,,,,,,,,,明治23年7月3日,,667 × 938 mm,,,,,,,,,,,,,,,,,,,,,http://tify.sub.uni-goettingen.de/demo.html?manifest=https://archdataset.dl.itc.u-tokyo.ac.jp/manifest/b290534b-6f8e-83a8-6723-e0124f775072.json,b290534b-6f8e-83a8-6723-e0124f775072,https://iiif.dl.itc.u-tokyo.ac.jp/repo/s/ichiko,https://iiif.dl.itc.u-tokyo.ac.jp/repo/s/ichiko/document/b290534b-6f8e-83a8-6723-e0124f775072,https://www.lib.u-tokyo.ac.jp/ja/library/contents/archives-top/reuse,https://iiif.dl.itc.u-tokyo.ac.jp/repo/files/medium/c42b48b6b5818f66eb541ee5505018efd5e3b8ef.jpg,https://iiif.dl.itc.u-tokyo.ac.jp/repo/api/items/1038759,"東京大学駒場図書館 Komaba Library, The University of Tokyo, JAPAN",,,第一高等学校旧蔵資料,kakezu-071,,https://iiif.dl.itc.u-tokyo.ac.jp/repo/iiif/b290534b-6f8e-83a8-6723-e0124f775072/manifest,,,,,1
鳥之骨格之図,,十い:9:【不明】,,,,,,,,,明治23年7月3日,,653 × 814 mm,,,,,,,,,,,,,,,,,,,,,http://tify.sub.uni-goettingen.de/demo.html?manifest=https://archdataset.dl.itc.u-tokyo.ac.jp/manifest/ddd63d05-7ac4-50da-94c1-40101585a654.json,ddd63d05-7ac4-50da-94c1-40101585a654,https://iiif.dl.itc.u-tokyo.ac.jp/repo/s/ichiko,https://iiif.dl.itc.u-tokyo.ac.jp/repo/s/ichiko/document/ddd63d05-7ac4-50da-94c1-40101585a654,https://www.lib.u-tokyo.ac.jp/ja/library/contents/archives-top/reuse,https://iiif.dl.itc.u-tokyo.ac.jp/repo/files/medium/8f225fd25695614a7c45465a17e06cf80ae1685b.jpg,https://iiif.dl.itc.u-tokyo.ac.jp/repo/api/items/1038758,"東京大学駒場図書館 Komaba Library, The University of Tokyo, JAPAN",,,第一高等学校旧蔵資料,kakezu-072,,https://iiif.dl.itc.u-tokyo.ac.jp/repo/iiif/ddd63d05-7ac4-50da-94c1-40101585a654/manifest,,,,,1
魚之血液循環之図,,十い:9:【不明】,,,,,,,,,明治23年7月3日,,,,,,,,,,,,,,,,,,,,,,,http://tify.sub.uni-goettingen.de/demo.html?manifest=https://archdataset.dl.itc.u-tokyo.ac.jp/manifest/7d8aa122-358d-7385-8df8-30d3b8f286fa.json,7d8aa122-358d-7385-8df8-30d3b8f286fa,https://iiif.dl.itc.u-tokyo.ac.jp/repo/s/ichiko,https://iiif.dl.itc.u-tokyo.ac.jp/repo/s/ichiko/document/7d8aa122-358d-7385-8df8-30d3b8f286fa,https://www.lib.u-tokyo.ac.jp/ja/library/contents/archives-top/reuse,https://iiif.dl.itc.u-tokyo.ac.jp/repo/files/medium/11aaa50c537e06d32e792ab1ed64522172d7895f.jpg,https://iiif.dl.itc.u-tokyo.ac.jp/repo/api/items/1038757,"東京大学駒場図書館 Komaba Library, The University of Tokyo, JAPAN",,,第一高等学校旧蔵資料,kakezu-073,,https://iiif.dl.itc.u-tokyo.ac.jp/repo/iiif/7d8aa122-358d-7385-8df8-30d3b8f286fa/manifest,,,,,1
花之縦断面 第二,,十い:9:【不明】,,,,,,,,,明治23年7月3日,,655 × 969 mm,,,,,,,,,,,,,,,,,,,,,http://tify.sub.uni-goettingen.de/demo.html?manifest=https://archdataset.dl.itc.u-tokyo.ac.jp/manifest/ac16c65c-853c-14e2-9d57-425f924e7a5b.json,ac16c65c-853c-14e2-9d57-425f924e7a5b,https://iiif.dl.itc.u-tokyo.ac.jp/repo/s/ichiko,https://iiif.dl.itc.u-tokyo.ac.jp/repo/s/ichiko/document/ac16c65c-853c-14e2-9d57-425f924e7a5b,https://www.lib.u-tokyo.ac.jp/ja/library/contents/archives-top/reuse,https://iiif.dl.itc.u-tokyo.ac.jp/repo/files/medium/57a8cfbf60892a19a22bad19a9dc5a1f2ee63b0a.jpg,https://iiif.dl.itc.u-tokyo.ac.jp/repo/api/items/1038756,"東京大学駒場図書館 Komaba Library, The University of Tokyo, JAPAN",,,第一高等学校旧蔵資料,kakezu-074,,https://iiif.dl.itc.u-tokyo.ac.jp/repo/iiif/ac16c65c-853c-14e2-9d57-425f924e7a5b/manifest,,,,,1
Illustrations of Astronomy by J. Gall  (National School Board series),,XA:73,,,,,,,,Johnston,,,,,,No. I,,,,,,,,,,,,,,,,,,http://tify.sub.uni-goettingen.de/demo.html?manifest=https://archdataset.dl.itc.u-tokyo.ac.jp/manifest/d1c916b1-0d01-8f1f-147c-b76d8bbf3355.json,d1c916b1-0d01-8f1f-147c-b76d8bbf3355,https://iiif.dl.itc.u-tokyo.ac.jp/repo/s/ichiko,https://iiif.dl.itc.u-tokyo.ac.jp/repo/s/ichiko/document/d1c916b1-0d01-8f1f-147c-b76d8bbf3355,https://www.lib.u-tokyo.ac.jp/ja/library/contents/archives-top/reuse,https://iiif.dl.itc.u-tokyo.ac.jp/repo/files/medium/0accae4ca49b3db29d6fea7f0e1647ca697db0d3.jpg,https://iiif.dl.itc.u-tokyo.ac.jp/repo/api/items/1038755,"東京大学駒場図書館 Komaba Library, The University of Tokyo, JAPAN",,,第一高等学校旧蔵資料,kakezu-075,,https://iiif.dl.itc.u-tokyo.ac.jp/repo/iiif/d1c916b1-0d01-8f1f-147c-b76d8bbf3355/manifest,,,,,1
Illustrations of Astronomy by J. Gall  (National School Board series),,XA:73,,,,,,,,Johnston,,,,,,No. II,,,,,,,,,,,,,,,,,,http://tify.sub.uni-goettingen.de/demo.html?manifest=https://archdataset.dl.itc.u-tokyo.ac.jp/manifest/10b604b6-068c-1e69-7cef-794eea1e9358.json,10b604b6-068c-1e69-7cef-794eea1e9358,https://iiif.dl.itc.u-tokyo.ac.jp/repo/s/ichiko,https://iiif.dl.itc.u-tokyo.ac.jp/repo/s/ichiko/document/10b604b6-068c-1e69-7cef-794eea1e9358,https://www.lib.u-tokyo.ac.jp/ja/library/contents/archives-top/reuse,https://iiif.dl.itc.u-tokyo.ac.jp/repo/files/medium/59b045d197a3c84dbe6c77e28c8d733776e16192.jpg,https://iiif.dl.itc.u-tokyo.ac.jp/repo/api/items/1038754,"東京大学駒場図書館 Komaba Library, The University of Tokyo, JAPAN",,,第一高等学校旧蔵資料,kakezu-076,,https://iiif.dl.itc.u-tokyo.ac.jp/repo/iiif/10b604b6-068c-1e69-7cef-794eea1e9358/manifest,,,,,1
Illustrations of Astronomy by J. Gall  (National School Board series),,XA:73,,,,,,,,Johnston,,,,,,No. III,,,,,,,,,,,,,,,,,,http://tify.sub.uni-goettingen.de/demo.html?manifest=https://archdataset.dl.itc.u-tokyo.ac.jp/manifest/c4493ec8-78d6-155c-8f3d-a1f46cbb37e2.json,c4493ec8-78d6-155c-8f3d-a1f46cbb37e2,https://iiif.dl.itc.u-tokyo.ac.jp/repo/s/ichiko,https://iiif.dl.itc.u-tokyo.ac.jp/repo/s/ichiko/document/c4493ec8-78d6-155c-8f3d-a1f46cbb37e2,https://www.lib.u-tokyo.ac.jp/ja/library/contents/archives-top/reuse,https://iiif.dl.itc.u-tokyo.ac.jp/repo/files/medium/c0f3d578a54975a0c129d7adc1a6e2d4f328a2f2.jpg,https://iiif.dl.itc.u-tokyo.ac.jp/repo/api/items/1038753,"東京大学駒場図書館 Komaba Library, The University of Tokyo, JAPAN",,,第一高等学校旧蔵資料,kakezu-077,,https://iiif.dl.itc.u-tokyo.ac.jp/repo/iiif/c4493ec8-78d6-155c-8f3d-a1f46cbb37e2/manifest,,,,,1
Hölzel's Pictures for the use of Elementary classes and those studying modern Languages,,XA:155,,,,,,,,,明治35年10月1日,,1401 × 927 mm,,,spring,,,,,,,,,,,,,,,,,,http://tify.sub.uni-goettingen.de/demo.html?manifest=https://archdataset.dl.itc.u-tokyo.ac.jp/manifest/c51a38af-925c-2634-4b20-badf86de55ac.json,c51a38af-925c-2634-4b20-badf86de55ac,https://iiif.dl.itc.u-tokyo.ac.jp/repo/s/ichiko,https://iiif.dl.itc.u-tokyo.ac.jp/repo/s/ichiko/document/c51a38af-925c-2634-4b20-badf86de55ac,https://www.lib.u-tokyo.ac.jp/ja/library/contents/archives-top/reuse,https://iiif.dl.itc.u-tokyo.ac.jp/repo/files/medium/8d67bea299ef0eea93e9f1ac12520d89d8be1f21.jpg,https://iiif.dl.itc.u-tokyo.ac.jp/repo/api/items/1038752,"東京大学駒場図書館 Komaba Library, The University of Tokyo, JAPAN",,,第一高等学校旧蔵資料,kakezu-078,,https://iiif.dl.itc.u-tokyo.ac.jp/repo/iiif/c51a38af-925c-2634-4b20-badf86de55ac/manifest,,,,,1
Hölzel's Pictures for the use of Elementary classes and those studying modern Languages,,XA:155,,,,,,,,,明治35年10月1日,,1392 × 905 mm,,,Herbst,,,,,,,,,,,,,,,,,,http://tify.sub.uni-goettingen.de/demo.html?manifest=https://archdataset.dl.itc.u-tokyo.ac.jp/manifest/c3b2e9e1-6aeb-2802-358f-55e4482f2ff6.json,c3b2e9e1-6aeb-2802-358f-55e4482f2ff6,https://iiif.dl.itc.u-tokyo.ac.jp/repo/s/ichiko,https://iiif.dl.itc.u-tokyo.ac.jp/repo/s/ichiko/document/c3b2e9e1-6aeb-2802-358f-55e4482f2ff6,https://www.lib.u-tokyo.ac.jp/ja/library/contents/archives-top/reuse,https://iiif.dl.itc.u-tokyo.ac.jp/repo/files/medium/fe9e7a7fb5292785da10bf396b1387fd9a67bebd.jpg,https://iiif.dl.itc.u-tokyo.ac.jp/repo/api/items/1038751,"東京大学駒場図書館 Komaba Library, The University of Tokyo, JAPAN",,,第一高等学校旧蔵資料,kakezu-079,,https://iiif.dl.itc.u-tokyo.ac.jp/repo/iiif/c3b2e9e1-6aeb-2802-358f-55e4482f2ff6/manifest,,,,,1
解剖図二副之内二 Johnstons Illustrations of Natural Philosophy,,"XA:備1,2",,,,,,,,John Goodsir & William Turner,,,,,,,,,,,,,,,,,,,,,,,,http://tify.sub.uni-goettingen.de/demo.html?manifest=https://archdataset.dl.itc.u-tokyo.ac.jp/manifest/59d9a16d-35fa-4594-2442-a3a4a1c22397.json,59d9a16d-35fa-4594-2442-a3a4a1c22397,https://iiif.dl.itc.u-tokyo.ac.jp/repo/s/ichiko,https://iiif.dl.itc.u-tokyo.ac.jp/repo/s/ichiko/document/59d9a16d-35fa-4594-2442-a3a4a1c22397,https://www.lib.u-tokyo.ac.jp/ja/library/contents/archives-top/reuse,https://iiif.dl.itc.u-tokyo.ac.jp/repo/files/medium/eaaa6534bf2ed847bd15dfe690064bf7d3c8bba0.jpg,https://iiif.dl.itc.u-tokyo.ac.jp/repo/api/items/1038750,"東京大学駒場図書館 Komaba Library, The University of Tokyo, JAPAN",,,第一高等学校旧蔵資料,kakezu-080,,https://iiif.dl.itc.u-tokyo.ac.jp/repo/iiif/59d9a16d-35fa-4594-2442-a3a4a1c22397/manifest,,,,,1
Johnstons Illustrations of Natural Philosophy/Sheet No 1 Properties of Bodies,,(不明),,,,,,,,,,,,,,,,,,,,,,,,,,,,,,,,http://tify.sub.uni-goettingen.de/demo.html?manifest=https://archdataset.dl.itc.u-tokyo.ac.jp/manifest/44bfe772-58db-8cf9-49a7-74227d6c2eb6.json,44bfe772-58db-8cf9-49a7-74227d6c2eb6,https://iiif.dl.itc.u-tokyo.ac.jp/repo/s/ichiko,https://iiif.dl.itc.u-tokyo.ac.jp/repo/s/ichiko/document/44bfe772-58db-8cf9-49a7-74227d6c2eb6,https://www.lib.u-tokyo.ac.jp/ja/library/contents/archives-top/reuse,https://iiif.dl.itc.u-tokyo.ac.jp/repo/files/medium/935aea7ef5a9e525f5dc5b7f6cce3d54cda6f17e.jpg,https://iiif.dl.itc.u-tokyo.ac.jp/repo/api/items/1038749,"東京大学駒場図書館 Komaba Library, The University of Tokyo, JAPAN",,,第一高等学校旧蔵資料,kakezu-081,,https://iiif.dl.itc.u-tokyo.ac.jp/repo/iiif/44bfe772-58db-8cf9-49a7-74227d6c2eb6/manifest,,,,,1
Johnstons Illustrations of Natural Philosophy/Sheet No 7 Steam Engines/Steam Eingine & Boilers Illustration No. VII,,(不明),,,,,,,,,,,,,,,,,,,,,,,,,,,,,,,,http://tify.sub.uni-goettingen.de/demo.html?manifest=https://archdataset.dl.itc.u-tokyo.ac.jp/manifest/c7cc4675-0d8f-46d2-2b32-c889c7be6260.json,c7cc4675-0d8f-46d2-2b32-c889c7be6260,https://iiif.dl.itc.u-tokyo.ac.jp/repo/s/ichiko,https://iiif.dl.itc.u-tokyo.ac.jp/repo/s/ichiko/document/c7cc4675-0d8f-46d2-2b32-c889c7be6260,https://www.lib.u-tokyo.ac.jp/ja/library/contents/archives-top/reuse,https://iiif.dl.itc.u-tokyo.ac.jp/repo/files/medium/fe5f437963f3d0aa28f3a3a8536b7a4393d7362d.jpg,https://iiif.dl.itc.u-tokyo.ac.jp/repo/api/items/1038748,"東京大学駒場図書館 Komaba Library, The University of Tokyo, JAPAN",,,第一高等学校旧蔵資料,kakezu-082,,https://iiif.dl.itc.u-tokyo.ac.jp/repo/iiif/c7cc4675-0d8f-46d2-2b32-c889c7be6260/manifest,,,,,1
Johnstons Illustrations of Botany/Sheet 3 Inflorescence/Whorls of the Flower [sic],,(不明),,,,,,,,,,,,,,,,,,,,,,,,,,,,,,,,http://tify.sub.uni-goettingen.de/demo.html?manifest=https://archdataset.dl.itc.u-tokyo.ac.jp/manifest/3f7d3429-9a22-2458-0641-1491e146502f.json,3f7d3429-9a22-2458-0641-1491e146502f,https://iiif.dl.itc.u-tokyo.ac.jp/repo/s/ichiko,https://iiif.dl.itc.u-tokyo.ac.jp/repo/s/ichiko/document/3f7d3429-9a22-2458-0641-1491e146502f,https://www.lib.u-tokyo.ac.jp/ja/library/contents/archives-top/reuse,https://iiif.dl.itc.u-tokyo.ac.jp/repo/files/medium/3f72dc584ba66ffda3508f64a48b2ed6598884a2.jpg,https://iiif.dl.itc.u-tokyo.ac.jp/repo/api/items/1038747,"東京大学駒場図書館 Komaba Library, The University of Tokyo, JAPAN",,,第一高等学校旧蔵資料,kakezu-083,,https://iiif.dl.itc.u-tokyo.ac.jp/repo/iiif/3f7d3429-9a22-2458-0641-1491e146502f/manifest,,,,,1
流質動学機之図/Principles of Hydraulics,,(不明),,,,,,,,,,,,,,,,,,,,,,,,,,,,,,,,http://tify.sub.uni-goettingen.de/demo.html?manifest=https://archdataset.dl.itc.u-tokyo.ac.jp/manifest/ab5faea6-3abd-0b96-164f-cec0c1292d03.json,ab5faea6-3abd-0b96-164f-cec0c1292d03,https://iiif.dl.itc.u-tokyo.ac.jp/repo/s/ichiko,https://iiif.dl.itc.u-tokyo.ac.jp/repo/s/ichiko/document/ab5faea6-3abd-0b96-164f-cec0c1292d03,https://www.lib.u-tokyo.ac.jp/ja/library/contents/archives-top/reuse,https://iiif.dl.itc.u-tokyo.ac.jp/repo/files/medium/415ee4c27b1cd30a62fb58f9195c8a397b4c1c4e.jpg,https://iiif.dl.itc.u-tokyo.ac.jp/repo/api/items/1038746,"東京大学駒場図書館 Komaba Library, The University of Tokyo, JAPAN",,,第一高等学校旧蔵資料,kakezu-084,,https://iiif.dl.itc.u-tokyo.ac.jp/repo/iiif/ab5faea6-3abd-0b96-164f-cec0c1292d03/manifest,,,,,1
Hilfsbilder mit Ackergeräten und Anschanungsuhr (Tableaux auxiliaires Delmas),,XA:156,,,,,,,,G. Delmas,明治43年5月2日,明治33年頃,,,,,,,,,,,,,,,,,,,,,,http://tify.sub.uni-goettingen.de/demo.html?manifest=https://archdataset.dl.itc.u-tokyo.ac.jp/manifest/5fcda9a9-07ab-1f5a-1156-9fd8115656d0.json,5fcda9a9-07ab-1f5a-1156-9fd8115656d0,https://iiif.dl.itc.u-tokyo.ac.jp/repo/s/ichiko,https://iiif.dl.itc.u-tokyo.ac.jp/repo/s/ichiko/document/5fcda9a9-07ab-1f5a-1156-9fd8115656d0,https://www.lib.u-tokyo.ac.jp/ja/library/contents/archives-top/reuse,https://iiif.dl.itc.u-tokyo.ac.jp/repo/files/medium/9faff6124d76dbe09e395eeed5b969361def8d21.jpg,https://iiif.dl.itc.u-tokyo.ac.jp/repo/api/items/1038745,"東京大学駒場図書館 Komaba Library, The University of Tokyo, JAPAN",,,第一高等学校旧蔵資料,kakezu-085,,https://iiif.dl.itc.u-tokyo.ac.jp/repo/iiif/5fcda9a9-07ab-1f5a-1156-9fd8115656d0/manifest,,,,,1
Hilfsbilder mit Ackergeräten und Anschanungsuhr (Tableaux auxiliaires Delmas),,XA:156,,,,,,,,G. Delmas,明治43年5月2日,明治33年頃,,,,,,,,,,,,,,,,,,,,,,http://tify.sub.uni-goettingen.de/demo.html?manifest=https://archdataset.dl.itc.u-tokyo.ac.jp/manifest/7867aba8-8798-19ef-87dc-9bcfc4300a98.json,7867aba8-8798-19ef-87dc-9bcfc4300a98,https://iiif.dl.itc.u-tokyo.ac.jp/repo/s/ichiko,https://iiif.dl.itc.u-tokyo.ac.jp/repo/s/ichiko/document/7867aba8-8798-19ef-87dc-9bcfc4300a98,https://www.lib.u-tokyo.ac.jp/ja/library/contents/archives-top/reuse,https://iiif.dl.itc.u-tokyo.ac.jp/repo/files/medium/bc0dc043fd8929c810e7057261b8419f6bf2f7de.jpg,https://iiif.dl.itc.u-tokyo.ac.jp/repo/api/items/1038744,"東京大学駒場図書館 Komaba Library, The University of Tokyo, JAPAN",,,第一高等学校旧蔵資料,kakezu-086,,https://iiif.dl.itc.u-tokyo.ac.jp/repo/iiif/7867aba8-8798-19ef-87dc-9bcfc4300a98/manifest,,,,,1
大日本帝国豫察東部地形図,,不明(一高),,,,,,,,,,明治43年,,,,,地質調査所,,,,,,,,,,,,,,,,,http://tify.sub.uni-goettingen.de/demo.html?manifest=https://archdataset.dl.itc.u-tokyo.ac.jp/manifest/617d877c-991d-3a54-31d3-e6aebf863fe4.json,617d877c-991d-3a54-31d3-e6aebf863fe4,https://iiif.dl.itc.u-tokyo.ac.jp/repo/s/ichiko,https://iiif.dl.itc.u-tokyo.ac.jp/repo/s/ichiko/document/617d877c-991d-3a54-31d3-e6aebf863fe4,https://www.lib.u-tokyo.ac.jp/ja/library/contents/archives-top/reuse,https://iiif.dl.itc.u-tokyo.ac.jp/repo/files/medium/c85ab0e1ec19b52eaa276ef8afe65fb320b3ed4f.jpg,https://iiif.dl.itc.u-tokyo.ac.jp/repo/api/items/1038743,"東京大学駒場図書館 Komaba Library, The University of Tokyo, JAPAN",,,第一高等学校旧蔵資料,kakezu-087,,https://iiif.dl.itc.u-tokyo.ac.jp/repo/iiif/617d877c-991d-3a54-31d3-e6aebf863fe4/manifest,,,,,1
日蓮上人一生関係地図,,不明(一高),,,,,,,,,,,,,,,,,,,,,,,,,,,,,,,,http://tify.sub.uni-goettingen.de/demo.html?manifest=https://archdataset.dl.itc.u-tokyo.ac.jp/manifest/0552fa35-92c9-4ba5-5b70-a06595763dc2.json,0552fa35-92c9-4ba5-5b70-a06595763dc2,https://iiif.dl.itc.u-tokyo.ac.jp/repo/s/ichiko,https://iiif.dl.itc.u-tokyo.ac.jp/repo/s/ichiko/document/0552fa35-92c9-4ba5-5b70-a06595763dc2,https://www.lib.u-tokyo.ac.jp/ja/library/contents/archives-top/reuse,https://iiif.dl.itc.u-tokyo.ac.jp/repo/files/medium/e6ccf2e5267f81d55d097697a74a90ca0dc5ad74.jpg,https://iiif.dl.itc.u-tokyo.ac.jp/repo/api/items/1038742,"東京大学駒場図書館 Komaba Library, The University of Tokyo, JAPAN",,,第一高等学校旧蔵資料,kakezu-088,,https://iiif.dl.itc.u-tokyo.ac.jp/repo/iiif/0552fa35-92c9-4ba5-5b70-a06595763dc2/manifest,,,,,6
植物図,,不明(東京大学),,,,,,,,,,,,,,,,,,,,,,,,,,,,,,,,http://tify.sub.uni-goettingen.de/demo.html?manifest=https://archdataset.dl.itc.u-tokyo.ac.jp/manifest/261fd17b-2361-9486-a22b-7093bda77ee0.json,261fd17b-2361-9486-a22b-7093bda77ee0,https://iiif.dl.itc.u-tokyo.ac.jp/repo/s/ichiko,https://iiif.dl.itc.u-tokyo.ac.jp/repo/s/ichiko/document/261fd17b-2361-9486-a22b-7093bda77ee0,https://www.lib.u-tokyo.ac.jp/ja/library/contents/archives-top/reuse,https://iiif.dl.itc.u-tokyo.ac.jp/repo/files/medium/747d08668fee1fc5be49bf82cc38db948ce92c56.jpg,https://iiif.dl.itc.u-tokyo.ac.jp/repo/api/items/1038741,"東京大学駒場図書館 Komaba Library, The University of Tokyo, JAPAN",,,第一高等学校旧蔵資料,kakezu-089,,https://iiif.dl.itc.u-tokyo.ac.jp/repo/iiif/261fd17b-2361-9486-a22b-7093bda77ee0/manifest,,,,,1
公孫樹花,,不明(東京大学),,,,,,,,,,,,,,,,,,,,,,,,,,,,,,,,http://tify.sub.uni-goettingen.de/demo.html?manifest=https://archdataset.dl.itc.u-tokyo.ac.jp/manifest/abf9541e-5fb9-1794-7e0b-11728b667fbd.json,abf9541e-5fb9-1794-7e0b-11728b667fbd,https://iiif.dl.itc.u-tokyo.ac.jp/repo/s/ichiko,https://iiif.dl.itc.u-tokyo.ac.jp/repo/s/ichiko/document/abf9541e-5fb9-1794-7e0b-11728b667fbd,https://www.lib.u-tokyo.ac.jp/ja/library/contents/archives-top/reuse,https://iiif.dl.itc.u-tokyo.ac.jp/repo/files/medium/8b2855e0eb717feebc0b0424cbd62314d0a9a3e1.jpg,https://iiif.dl.itc.u-tokyo.ac.jp/repo/api/items/1038740,"東京大学駒場図書館 Komaba Library, The University of Tokyo, JAPAN",,,第一高等学校旧蔵資料,kakezu-090,,https://iiif.dl.itc.u-tokyo.ac.jp/repo/iiif/abf9541e-5fb9-1794-7e0b-11728b667fbd/manifest,,,,,1
紫宸殿朝拝之図,紫宸殿朝拝之図,十い:4:41,シシンデン チョウハイ ノ ズ,,駒場図書館,2003629203,,,,,,,,,,,,,,,,,,,,,,,,,,,,http://tify.sub.uni-goettingen.de/demo.html?manifest=https://archdataset.dl.itc.u-tokyo.ac.jp/manifest/1e0d869d-5a9d-139d-3f43-7c37e4372fc8.json,1e0d869d-5a9d-139d-3f43-7c37e4372fc8,https://iiif.dl.itc.u-tokyo.ac.jp/repo/s/ichiko,https://iiif.dl.itc.u-tokyo.ac.jp/repo/s/ichiko/document/1e0d869d-5a9d-139d-3f43-7c37e4372fc8,https://www.lib.u-tokyo.ac.jp/ja/library/contents/archives-top/reuse,https://iiif.dl.itc.u-tokyo.ac.jp/repo/files/medium/f2a245845cfbee67a1654130facfb4fbe22cca7b.jpg,https://iiif.dl.itc.u-tokyo.ac.jp/repo/api/items/1228029,"東京大学駒場図書館 Komaba Library, The University of Tokyo, JAPAN",http://iiif.io/api/presentation/2#rightToLeftDirection,,第一高等学校旧蔵資料,kakezu-091,,https://iiif.dl.itc.u-tokyo.ac.jp/repo/iiif/1e0d869d-5a9d-139d-3f43-7c37e4372fc8/manifest,,,,,6
PL.1 MÉCANIQUE (No.1),,,,,,,,,,,,,,,,,,MÉCANIQUE,(No.1),DÉTAILS DE BOULONS. (En grandeur d'exé cution),○,PL.1,―,機械部品,A3,○,ÉTUDES DE DESSIN AU LAVIS.,―,,,,,,http://tify.sub.uni-goettingen.de/demo.html?manifest=https://archdataset.dl.itc.u-tokyo.ac.jp/manifest/8484a860-9e28-19f4-a165-5dcef19665d2.json,8484a860-9e28-19f4-a165-5dcef19665d2,https://iiif.dl.itc.u-tokyo.ac.jp/repo/s/ichiko,https://iiif.dl.itc.u-tokyo.ac.jp/repo/s/ichiko/document/8484a860-9e28-19f4-a165-5dcef19665d2,https://www.lib.u-tokyo.ac.jp/ja/library/contents/archives-top/reuse,https://iiif.dl.itc.u-tokyo.ac.jp/repo/files/medium/b2a2e523926c8448a698257135aee5bf7a5fe493.jpg,https://iiif.dl.itc.u-tokyo.ac.jp/repo/api/items/541680,"東京大学大学院総合文化研究科・教養学部 駒場博物館 KOMABA MUSEUM, Graduate School of Arts and Sciences and College of Arts and Sciences, The University of Tokyo, JAPAN",,,第一高等学校旧蔵資料,petit-001,,https://iiif.dl.itc.u-tokyo.ac.jp/repo/iiif/8484a860-9e28-19f4-a165-5dcef19665d2/manifest,,,,,1
PL.2 MÉCANIQUE No.2,,,,,,,,,,,,,,,,,,MÉCANIQUE,No.2,DÉTAILS D'UN GALET DE ROTATION de PONTS TOURNANTS ÉTABLIS sur desCANAUX (En grandeur d'exécution),○,PL.2,―,機械部品,A3,―,ÉTUDES DE DESSIN AU LAVIS.,○,,,,,,http://tify.sub.uni-goettingen.de/demo.html?manifest=https://archdataset.dl.itc.u-tokyo.ac.jp/manifest/bab49d84-78e7-4f74-0dc1-e0a2407e9986.json,bab49d84-78e7-4f74-0dc1-e0a2407e9986,https://iiif.dl.itc.u-tokyo.ac.jp/repo/s/ichiko,https://iiif.dl.itc.u-tokyo.ac.jp/repo/s/ichiko/document/bab49d84-78e7-4f74-0dc1-e0a2407e9986,https://www.lib.u-tokyo.ac.jp/ja/library/contents/archives-top/reuse,https://iiif.dl.itc.u-tokyo.ac.jp/repo/files/medium/83b1b822ea5e8a9f633720be7b6ce1f72ab21e3c.jpg,https://iiif.dl.itc.u-tokyo.ac.jp/repo/api/items/541679,"東京大学大学院総合文化研究科・教養学部 駒場博物館 KOMABA MUSEUM, Graduate School of Arts and Sciences and College of Arts and Sciences, The University of Tokyo, JAPAN",,,第一高等学校旧蔵資料,petit-002,,https://iiif.dl.itc.u-tokyo.ac.jp/repo/iiif/bab49d84-78e7-4f74-0dc1-e0a2407e9986/manifest,,,,,1
PL.3 MÉCANIQUE No.3,,,,,,,,,,,,,,,,,,MÉCANIQUE,No.3,EXCENTRIQUE DE MANŒUVRE D'UNECISAILLE À GROS FERS. (Forges d'Abainville).,○,PL.3,―,機械部品,A3,―,ÉTUDES DE DESSIN AU LAVIS.,○,,,,,,http://tify.sub.uni-goettingen.de/demo.html?manifest=https://archdataset.dl.itc.u-tokyo.ac.jp/manifest/b2fc5d05-0d02-a381-86ae-2e0235ed70fa.json,b2fc5d05-0d02-a381-86ae-2e0235ed70fa,https://iiif.dl.itc.u-tokyo.ac.jp/repo/s/ichiko,https://iiif.dl.itc.u-tokyo.ac.jp/repo/s/ichiko/document/b2fc5d05-0d02-a381-86ae-2e0235ed70fa,https://www.lib.u-tokyo.ac.jp/ja/library/contents/archives-top/reuse,https://iiif.dl.itc.u-tokyo.ac.jp/repo/files/medium/e20e848f9e38d2827f9330469fbc3e421d174e76.jpg,https://iiif.dl.itc.u-tokyo.ac.jp/repo/api/items/541678,"東京大学大学院総合文化研究科・教養学部 駒場博物館 KOMABA MUSEUM, Graduate School of Arts and Sciences and College of Arts and Sciences, The University of Tokyo, JAPAN",,,第一高等学校旧蔵資料,petit-003,,https://iiif.dl.itc.u-tokyo.ac.jp/repo/iiif/b2fc5d05-0d02-a381-86ae-2e0235ed70fa/manifest,,,,,1
PL.4 MÉCANIQUE No.4,,,,,,,,,,,,,,,,,,MÉCANIQUE,No.4,ENGRENAGES,○,PL.4,―,機械部品,A3,―,ÉTUDES DE DESSIN AU LAVIS.,○,PIGNONS COMMANDANT UNE CRÉMAILLÈRE. (Organes executés par l'Auteur dans le mécanisme du Barrage de Conflans-sur-Seine.),,,,,http://tify.sub.uni-goettingen.de/demo.html?manifest=https://archdataset.dl.itc.u-tokyo.ac.jp/manifest/a69f3018-8363-4d5e-6886-d2a7408708c2.json,a69f3018-8363-4d5e-6886-d2a7408708c2,https://iiif.dl.itc.u-tokyo.ac.jp/repo/s/ichiko,https://iiif.dl.itc.u-tokyo.ac.jp/repo/s/ichiko/document/a69f3018-8363-4d5e-6886-d2a7408708c2,https://www.lib.u-tokyo.ac.jp/ja/library/contents/archives-top/reuse,https://iiif.dl.itc.u-tokyo.ac.jp/repo/files/medium/5b73fada997d3d4b950710505c2970e8463299fe.jpg,https://iiif.dl.itc.u-tokyo.ac.jp/repo/api/items/541677,"東京大学大学院総合文化研究科・教養学部 駒場博物館 KOMABA MUSEUM, Graduate School of Arts and Sciences and College of Arts and Sciences, The University of Tokyo, JAPAN",,,第一高等学校旧蔵資料,petit-004,,https://iiif.dl.itc.u-tokyo.ac.jp/repo/iiif/a69f3018-8363-4d5e-6886-d2a7408708c2/manifest,,,,,1
PL.5 MÉCANIQUE No.5,,,,,,,,,,,,,,,,,,MÉCANIQUE,No.5,DESSIN D'UN PALIER DE TREUIL DESONNETTE À DÉCLIC. (Machine à battre les pieux.),○,PL.5,―,機械部品,A3,―,ÉTUDES DE DESSIN AU LAVIS.,○,,,,,,http://tify.sub.uni-goettingen.de/demo.html?manifest=https://archdataset.dl.itc.u-tokyo.ac.jp/manifest/4058b2d5-6177-4a66-055b-f8405f4a9d3c.json,4058b2d5-6177-4a66-055b-f8405f4a9d3c,https://iiif.dl.itc.u-tokyo.ac.jp/repo/s/ichiko,https://iiif.dl.itc.u-tokyo.ac.jp/repo/s/ichiko/document/4058b2d5-6177-4a66-055b-f8405f4a9d3c,https://www.lib.u-tokyo.ac.jp/ja/library/contents/archives-top/reuse,https://iiif.dl.itc.u-tokyo.ac.jp/repo/files/medium/0191c7658d093d59a10e4ea16de7ee3d3fe8461d.jpg,https://iiif.dl.itc.u-tokyo.ac.jp/repo/api/items/541676,"東京大学大学院総合文化研究科・教養学部 駒場博物館 KOMABA MUSEUM, Graduate School of Arts and Sciences and College of Arts and Sciences, The University of Tokyo, JAPAN",,,第一高等学校旧蔵資料,petit-005,,https://iiif.dl.itc.u-tokyo.ac.jp/repo/iiif/4058b2d5-6177-4a66-055b-f8405f4a9d3c/manifest,,,,,1
PL.6 MÉCANIQUE No.6,,,,,,,,,,,,,,,,,,MÉCANIQUE,No.6,"DESSIN D'UNE CAME COMMANDANT UN PILON À HACHER LES ÉCORCES DE CHÉNE.(Echelle de 1/3 ou de 0m, 33 pour mètre)",○,PL.6,―,機械部品,A3,―,ÉTUDES DE DESSIN AU LAVIS.,○,Etude de la transformation du mouvement circulaire continu en rectiligne alternatif intermittent,,,,,http://tify.sub.uni-goettingen.de/demo.html?manifest=https://archdataset.dl.itc.u-tokyo.ac.jp/manifest/57d329fb-60fd-0a2a-2264-ed6031b9702a.json,57d329fb-60fd-0a2a-2264-ed6031b9702a,https://iiif.dl.itc.u-tokyo.ac.jp/repo/s/ichiko,https://iiif.dl.itc.u-tokyo.ac.jp/repo/s/ichiko/document/57d329fb-60fd-0a2a-2264-ed6031b9702a,https://www.lib.u-tokyo.ac.jp/ja/library/contents/archives-top/reuse,https://iiif.dl.itc.u-tokyo.ac.jp/repo/files/medium/1461e9eaa8e5f71ee066a7ad616fcd286740a209.jpg,https://iiif.dl.itc.u-tokyo.ac.jp/repo/api/items/541675,"東京大学大学院総合文化研究科・教養学部 駒場博物館 KOMABA MUSEUM, Graduate School of Arts and Sciences and College of Arts and Sciences, The University of Tokyo, JAPAN",,,第一高等学校旧蔵資料,petit-006,,https://iiif.dl.itc.u-tokyo.ac.jp/repo/iiif/57d329fb-60fd-0a2a-2264-ed6031b9702a/manifest,,,,,1
PL.7 MÉCANIQUE No.7,,,,,,,,,,,,,,,,,,MÉCANIQUE,No.7,"DÉTAILS D'UN EXCENTRIQUE TRIANGULAIR FAISANT MOUVOIR UN TIROIR DE DISTRIBUTION DE VAPEUR. (Machines àvapeur établies à l'Hôtel des Monnaies de Paris
par Mr. Moulfarine)",○,PL.7,―,機械部品,A3,―,ÉTUDES DE DESSIN AU LAVIS.,○,Transformation du mouvement circulaire continu en rectiligne alternatif intermittent.,,,,,http://tify.sub.uni-goettingen.de/demo.html?manifest=https://archdataset.dl.itc.u-tokyo.ac.jp/manifest/c06c28cf-5740-9a71-355b-ba5b9243a781.json,c06c28cf-5740-9a71-355b-ba5b9243a781,https://iiif.dl.itc.u-tokyo.ac.jp/repo/s/ichiko,https://iiif.dl.itc.u-tokyo.ac.jp/repo/s/ichiko/document/c06c28cf-5740-9a71-355b-ba5b9243a781,https://www.lib.u-tokyo.ac.jp/ja/library/contents/archives-top/reuse,https://iiif.dl.itc.u-tokyo.ac.jp/repo/files/medium/12ea827272184572e627cc48192f570cf777b58a.jpg,https://iiif.dl.itc.u-tokyo.ac.jp/repo/api/items/541674,"東京大学大学院総合文化研究科・教養学部 駒場博物館 KOMABA MUSEUM, Graduate School of Arts and Sciences and College of Arts and Sciences, The University of Tokyo, JAPAN",,,第一高等学校旧蔵資料,petit-007,,https://iiif.dl.itc.u-tokyo.ac.jp/repo/iiif/c06c28cf-5740-9a71-355b-ba5b9243a781/manifest,,,,,1
PL.8 MÉCANIQUE No.8,,,,,,,,,,,,,,,,,,MÉCANIQUE,No.8,ENGRENAGES DROITS OU CYLINDRIQUES,○,PL.8,―,機械部品,A3,―,ÉTUDES DE DESSIN AU LAVIS.,○,ENGRENAGE D'UNE ROUE ET D'UNPIGNON. (Organes exécutés par l'Auteur dans la construction de Crics de manœ uvre de portes d'Ecluse.),(Grandeur d'exé cution.),,,,http://tify.sub.uni-goettingen.de/demo.html?manifest=https://archdataset.dl.itc.u-tokyo.ac.jp/manifest/b69ac2da-7895-0ed3-36dd-99597d5a2f9a.json,b69ac2da-7895-0ed3-36dd-99597d5a2f9a,https://iiif.dl.itc.u-tokyo.ac.jp/repo/s/ichiko,https://iiif.dl.itc.u-tokyo.ac.jp/repo/s/ichiko/document/b69ac2da-7895-0ed3-36dd-99597d5a2f9a,https://www.lib.u-tokyo.ac.jp/ja/library/contents/archives-top/reuse,https://iiif.dl.itc.u-tokyo.ac.jp/repo/files/medium/532062bbe9bd0f7eee270f1d6c599e4df3d5d32f.jpg,https://iiif.dl.itc.u-tokyo.ac.jp/repo/api/items/541673,"東京大学大学院総合文化研究科・教養学部 駒場博物館 KOMABA MUSEUM, Graduate School of Arts and Sciences and College of Arts and Sciences, The University of Tokyo, JAPAN",,,第一高等学校旧蔵資料,petit-008,,https://iiif.dl.itc.u-tokyo.ac.jp/repo/iiif/b69ac2da-7895-0ed3-36dd-99597d5a2f9a/manifest,,,,,1
PL.9 MÉCANIQUE No.9,,,,,,,,,,,,,,,,,,MÉCANIQUE,No.9,GUIDES DU MOUVEMENT CIRCULAIRE,○,PL.9,―,機械部品,A3,―,ÉTUDES DE DESSIN AU LAVIS.,○,MODÈLE D'UN PALIER EXHAUSSE,"Echelle de 1/2 ou de 0 m, 50 pour mètre",,,,http://tify.sub.uni-goettingen.de/demo.html?manifest=https://archdataset.dl.itc.u-tokyo.ac.jp/manifest/29bbb834-7662-2e12-5fd5-c570417c69f5.json,29bbb834-7662-2e12-5fd5-c570417c69f5,https://iiif.dl.itc.u-tokyo.ac.jp/repo/s/ichiko,https://iiif.dl.itc.u-tokyo.ac.jp/repo/s/ichiko/document/29bbb834-7662-2e12-5fd5-c570417c69f5,https://www.lib.u-tokyo.ac.jp/ja/library/contents/archives-top/reuse,https://iiif.dl.itc.u-tokyo.ac.jp/repo/files/medium/91ebf1b408c8b661ec0fb9b6dada65c9fd1bff24.jpg,https://iiif.dl.itc.u-tokyo.ac.jp/repo/api/items/541672,"東京大学大学院総合文化研究科・教養学部 駒場博物館 KOMABA MUSEUM, Graduate School of Arts and Sciences and College of Arts and Sciences, The University of Tokyo, JAPAN",,,第一高等学校旧蔵資料,petit-009,,https://iiif.dl.itc.u-tokyo.ac.jp/repo/iiif/29bbb834-7662-2e12-5fd5-c570417c69f5/manifest,,,,,1
PL.10 MÉCANIQUE No.10,,,,,,,,,,,,,,,,,,MÉCANIQUE,No.10,ENGRENAGES,○,PL.10,―,機械部品,A3,―,ÉTUDES DE DESSIN AU LAVIS.,○,CRIC DE MANŒUVRE DE VANNE. (Exécuté par l'Auteur dans les Ecluses de la Haute-Seine.) Grandeur d'exécution.,(Etude de la transformation du mouvement circulaire en un mouvement rectiligne.),,,,http://tify.sub.uni-goettingen.de/demo.html?manifest=https://archdataset.dl.itc.u-tokyo.ac.jp/manifest/1920049d-73ae-9707-76c4-2927c51aa66b.json,1920049d-73ae-9707-76c4-2927c51aa66b,https://iiif.dl.itc.u-tokyo.ac.jp/repo/s/ichiko,https://iiif.dl.itc.u-tokyo.ac.jp/repo/s/ichiko/document/1920049d-73ae-9707-76c4-2927c51aa66b,https://www.lib.u-tokyo.ac.jp/ja/library/contents/archives-top/reuse,https://iiif.dl.itc.u-tokyo.ac.jp/repo/files/medium/be1ab548f64048bf14d54a92f90923120fa1fedb.jpg,https://iiif.dl.itc.u-tokyo.ac.jp/repo/api/items/541671,"東京大学大学院総合文化研究科・教養学部 駒場博物館 KOMABA MUSEUM, Graduate School of Arts and Sciences and College of Arts and Sciences, The University of Tokyo, JAPAN",,,第一高等学校旧蔵資料,petit-010,,https://iiif.dl.itc.u-tokyo.ac.jp/repo/iiif/1920049d-73ae-9707-76c4-2927c51aa66b/manifest,,,,,1
PL.11 MÉCANIQUE No.11,,,,,,,,,,,,,,,,,,MÉCANIQUE,No.11,ARTICULATIONS.,○,PL.11,―,機械部品,A3,―,ÉTUDES DE DESSIN AU LAVIS.,○,ARTICULATION D'UNE BARRED'EXCENTRIQUE et d'une TIGE de TIROIR à VAPEUR. (Grandeur d'exé cution.),(Transformation du mouvement circulaire continu en rectiligne alternatif.),,,,http://tify.sub.uni-goettingen.de/demo.html?manifest=https://archdataset.dl.itc.u-tokyo.ac.jp/manifest/8ac3a0bf-59bc-55e2-96be-8533ee7d42b2.json,8ac3a0bf-59bc-55e2-96be-8533ee7d42b2,https://iiif.dl.itc.u-tokyo.ac.jp/repo/s/ichiko,https://iiif.dl.itc.u-tokyo.ac.jp/repo/s/ichiko/document/8ac3a0bf-59bc-55e2-96be-8533ee7d42b2,https://www.lib.u-tokyo.ac.jp/ja/library/contents/archives-top/reuse,https://iiif.dl.itc.u-tokyo.ac.jp/repo/files/medium/0a0a54594968e4558e632d61107c889354f795ba.jpg,https://iiif.dl.itc.u-tokyo.ac.jp/repo/api/items/541670,"東京大学大学院総合文化研究科・教養学部 駒場博物館 KOMABA MUSEUM, Graduate School of Arts and Sciences and College of Arts and Sciences, The University of Tokyo, JAPAN",,,第一高等学校旧蔵資料,petit-011,,https://iiif.dl.itc.u-tokyo.ac.jp/repo/iiif/8ac3a0bf-59bc-55e2-96be-8533ee7d42b2/manifest,,,,,1
PL.12 MÉCANIQUE No.12,,,,,,,,,,,,,,,,,,MÉCANIQUE,No.12,EXCENTRIQUES,○,PL.12,―,機械部品,A3,―,ÉTUDES DE DESSIN AU LAVIS.,○,"MODÈLE D'UN EXCENTRIQUE DELOCOMOTIVES. (Partie du mécanisme de distribution de la vapeur.) Echelle de 1/2 ou de 0m, 50 pour mètre.",(Organe pour la transformation du mouvement circulaire continu en rectiligne alternatif.),,,,http://tify.sub.uni-goettingen.de/demo.html?manifest=https://archdataset.dl.itc.u-tokyo.ac.jp/manifest/ddd9ec1e-46cf-068d-770f-59bab63b92b8.json,ddd9ec1e-46cf-068d-770f-59bab63b92b8,https://iiif.dl.itc.u-tokyo.ac.jp/repo/s/ichiko,https://iiif.dl.itc.u-tokyo.ac.jp/repo/s/ichiko/document/ddd9ec1e-46cf-068d-770f-59bab63b92b8,https://www.lib.u-tokyo.ac.jp/ja/library/contents/archives-top/reuse,https://iiif.dl.itc.u-tokyo.ac.jp/repo/files/medium/28c886c45d83277183129908b34def6403800529.jpg,https://iiif.dl.itc.u-tokyo.ac.jp/repo/api/items/541669,"東京大学大学院総合文化研究科・教養学部 駒場博物館 KOMABA MUSEUM, Graduate School of Arts and Sciences and College of Arts and Sciences, The University of Tokyo, JAPAN",,,第一高等学校旧蔵資料,petit-012,,https://iiif.dl.itc.u-tokyo.ac.jp/repo/iiif/ddd9ec1e-46cf-068d-770f-59bab63b92b8/manifest,,,,,1
PL.13 MÉCANIQUE No.13,,,,,,,,,,,,,,,,,,MÉCANIQUE,No.13,ENGRENAGES DROITS OU CYLINDRIQUES,○,PL.13,―,機械部品,A3,―,ÉTUDES DE DESSIN AU LAVIS.,○,DESSIN D'UN PIGNON MONTÉ SUR SON ARBRE DE ROTATION,(Grandeur d'exé cution.),,,,http://tify.sub.uni-goettingen.de/demo.html?manifest=https://archdataset.dl.itc.u-tokyo.ac.jp/manifest/0b84719a-141a-a44b-8f88-f6169768a37e.json,0b84719a-141a-a44b-8f88-f6169768a37e,https://iiif.dl.itc.u-tokyo.ac.jp/repo/s/ichiko,https://iiif.dl.itc.u-tokyo.ac.jp/repo/s/ichiko/document/0b84719a-141a-a44b-8f88-f6169768a37e,https://www.lib.u-tokyo.ac.jp/ja/library/contents/archives-top/reuse,https://iiif.dl.itc.u-tokyo.ac.jp/repo/files/medium/f0a6714970a1df0b9c36df3b29473244f776c26d.jpg,https://iiif.dl.itc.u-tokyo.ac.jp/repo/api/items/541668,"東京大学大学院総合文化研究科・教養学部 駒場博物館 KOMABA MUSEUM, Graduate School of Arts and Sciences and College of Arts and Sciences, The University of Tokyo, JAPAN",,,第一高等学校旧蔵資料,petit-013,,https://iiif.dl.itc.u-tokyo.ac.jp/repo/iiif/0b84719a-141a-a44b-8f88-f6169768a37e/manifest,,,,,1
PL.14 MÉCANIQUE No.14,,,,,,,,,,,,,,,,,,MÉCANIQUE,No.14,GUIDES DU MOUVEMENT CIRCULAIRE,○,PL.14,―,機械部品,A3,―,ÉTUDES DE DESSIN AU LAVIS.,○,"MODÈLE D'UN PALIER. (Pour tourillons de 0m, 05 de diamètre.)","(Echelle de 0 m, 80 pour mètre ou de 4/5 d'exécution.)",,,,http://tify.sub.uni-goettingen.de/demo.html?manifest=https://archdataset.dl.itc.u-tokyo.ac.jp/manifest/bc5669cb-49e4-3cdf-554b-7aa2716c1020.json,bc5669cb-49e4-3cdf-554b-7aa2716c1020,https://iiif.dl.itc.u-tokyo.ac.jp/repo/s/ichiko,https://iiif.dl.itc.u-tokyo.ac.jp/repo/s/ichiko/document/bc5669cb-49e4-3cdf-554b-7aa2716c1020,https://www.lib.u-tokyo.ac.jp/ja/library/contents/archives-top/reuse,https://iiif.dl.itc.u-tokyo.ac.jp/repo/files/medium/549a43d2d1cd96fc9868a4d03704ea4ca0d2b9c4.jpg,https://iiif.dl.itc.u-tokyo.ac.jp/repo/api/items/541667,"東京大学大学院総合文化研究科・教養学部 駒場博物館 KOMABA MUSEUM, Graduate School of Arts and Sciences and College of Arts and Sciences, The University of Tokyo, JAPAN",,,第一高等学校旧蔵資料,petit-014,,https://iiif.dl.itc.u-tokyo.ac.jp/repo/iiif/bc5669cb-49e4-3cdf-554b-7aa2716c1020/manifest,,,,,1
PL.15 MÉCANIQUE No.15,,,,,,,,,,,,,,,,,,MÉCANIQUE,No.15,GUIDES DU MOUVEMENT CIRCULAIRE,○,PL.15,―,機械部品,A3,―,ÉTUDES DE DESSIN AU LAVIS.,○,DESSIN DE CONSOLES - SUPPORTS D'ARBRES DE TRANSMISSION DU MOUVEMENT.,"Petites Consoles avec Paliers, étavlies dans la salle des Machines en mouvement du Conservatoire Impé rial des Arts et Mé tiers de Paris. (Echelle de 0m. 45 pour mètre ou de",,,,http://tify.sub.uni-goettingen.de/demo.html?manifest=https://archdataset.dl.itc.u-tokyo.ac.jp/manifest/c6bb8ad1-0520-1144-1c81-bf7488758ab5.json,c6bb8ad1-0520-1144-1c81-bf7488758ab5,https://iiif.dl.itc.u-tokyo.ac.jp/repo/s/ichiko,https://iiif.dl.itc.u-tokyo.ac.jp/repo/s/ichiko/document/c6bb8ad1-0520-1144-1c81-bf7488758ab5,https://www.lib.u-tokyo.ac.jp/ja/library/contents/archives-top/reuse,https://iiif.dl.itc.u-tokyo.ac.jp/repo/files/medium/dab20347ab22523ac1b24f36ae74dbd6d9a5d8fb.jpg,https://iiif.dl.itc.u-tokyo.ac.jp/repo/api/items/541666,"東京大学大学院総合文化研究科・教養学部 駒場博物館 KOMABA MUSEUM, Graduate School of Arts and Sciences and College of Arts and Sciences, The University of Tokyo, JAPAN",,,第一高等学校旧蔵資料,petit-015,,https://iiif.dl.itc.u-tokyo.ac.jp/repo/iiif/c6bb8ad1-0520-1144-1c81-bf7488758ab5/manifest,,,,,1
PL.16 MÉCANIQUE No.16,,,,,,,,,,,,,,,,,,MÉCANIQUE,No.16,MACHINE LOCOMOTIVE,○,PL.16,―,蒸気機関車,A3,―,-,○,"DESSIN SIMPLIFIÉ DES MACHINES À SIX ROUES ACCOUPLÉES ET ÀCYLINDRES INTÉRIEURS, construites sur les plans de M. l'Ingénieur C.
Polonceau. (Chemin de fer de Paris à Orl",,,,,http://tify.sub.uni-goettingen.de/demo.html?manifest=https://archdataset.dl.itc.u-tokyo.ac.jp/manifest/2d09bf95-9005-0868-28b6-21731fc80411.json,2d09bf95-9005-0868-28b6-21731fc80411,https://iiif.dl.itc.u-tokyo.ac.jp/repo/s/ichiko,https://iiif.dl.itc.u-tokyo.ac.jp/repo/s/ichiko/document/2d09bf95-9005-0868-28b6-21731fc80411,https://www.lib.u-tokyo.ac.jp/ja/library/contents/archives-top/reuse,https://iiif.dl.itc.u-tokyo.ac.jp/repo/files/medium/9301a9aef03b04b54e3a2aa491d43a3f3acc1afe.jpg,https://iiif.dl.itc.u-tokyo.ac.jp/repo/api/items/541665,"東京大学大学院総合文化研究科・教養学部 駒場博物館 KOMABA MUSEUM, Graduate School of Arts and Sciences and College of Arts and Sciences, The University of Tokyo, JAPAN",,,第一高等学校旧蔵資料,petit-016,,https://iiif.dl.itc.u-tokyo.ac.jp/repo/iiif/2d09bf95-9005-0868-28b6-21731fc80411/manifest,,,,,1
PL.17 MAÇONNERIE No.1,,,,,,,,,,,,,,,,,,MAÇONNERIE,No.1,ÉPURE DE LA TÉTE D'AVAL D'UN PONCEAU AVEC MURS EN AILE.,○,PL.17,―,石橋,A3,○,-,―,Ponceau exécuté par l'Auteur dans les travaux de navigation de la Seine.,,,,,http://tify.sub.uni-goettingen.de/demo.html?manifest=https://archdataset.dl.itc.u-tokyo.ac.jp/manifest/7fd6aee5-6731-6e96-102b-eb6f8028764b.json,7fd6aee5-6731-6e96-102b-eb6f8028764b,https://iiif.dl.itc.u-tokyo.ac.jp/repo/s/ichiko,https://iiif.dl.itc.u-tokyo.ac.jp/repo/s/ichiko/document/7fd6aee5-6731-6e96-102b-eb6f8028764b,https://www.lib.u-tokyo.ac.jp/ja/library/contents/archives-top/reuse,https://iiif.dl.itc.u-tokyo.ac.jp/repo/files/medium/a8c6c8cf156f575839a7e3847e34f17df8efa843.jpg,https://iiif.dl.itc.u-tokyo.ac.jp/repo/api/items/541664,"東京大学大学院総合文化研究科・教養学部 駒場博物館 KOMABA MUSEUM, Graduate School of Arts and Sciences and College of Arts and Sciences, The University of Tokyo, JAPAN",,,第一高等学校旧蔵資料,petit-017,,https://iiif.dl.itc.u-tokyo.ac.jp/repo/iiif/7fd6aee5-6731-6e96-102b-eb6f8028764b/manifest,,,,,1
PL.18 CHARPENTE No.1,,,,,,,,,,,,,,,,,,CHARPENTE,No.1,COMBLES,○,PL.18,―,屋根組み,A3,○,-,―,ÉTUDE D'UN COMBLE SIMPLE EN BOIS(de chène),"de 6 à 8 mètres de portée couvert en
tuiles ordinaires.",,,,http://tify.sub.uni-goettingen.de/demo.html?manifest=https://archdataset.dl.itc.u-tokyo.ac.jp/manifest/4e4c7591-7a68-1b1f-300a-5dd6c9bc51fb.json,4e4c7591-7a68-1b1f-300a-5dd6c9bc51fb,https://iiif.dl.itc.u-tokyo.ac.jp/repo/s/ichiko,https://iiif.dl.itc.u-tokyo.ac.jp/repo/s/ichiko/document/4e4c7591-7a68-1b1f-300a-5dd6c9bc51fb,https://www.lib.u-tokyo.ac.jp/ja/library/contents/archives-top/reuse,https://iiif.dl.itc.u-tokyo.ac.jp/repo/files/medium/bd3f8f5488c9f1989d440e92d675e5cf27c3fc17.jpg,https://iiif.dl.itc.u-tokyo.ac.jp/repo/api/items/541663,"東京大学大学院総合文化研究科・教養学部 駒場博物館 KOMABA MUSEUM, Graduate School of Arts and Sciences and College of Arts and Sciences, The University of Tokyo, JAPAN",,,第一高等学校旧蔵資料,petit-018,,https://iiif.dl.itc.u-tokyo.ac.jp/repo/iiif/4e4c7591-7a68-1b1f-300a-5dd6c9bc51fb/manifest,,,,,1
PL.19 MÉCANIQUE No.17,,,,,,,,,,,,,,,,,,MÉCANIQUE,No.17,MARTEAUX DE FORGES,○,PL.19,―,機械/蒸気ハンマー,A3,―,ÉTUDES DE DESSIN AU LAVIS.,○,MARTEAU FRONTAL POUR LE CINGLAGE DES LOUPES DE FER PUDDLÉ.,(Appareils employés dans la métallurgie du fer.),,,,http://tify.sub.uni-goettingen.de/demo.html?manifest=https://archdataset.dl.itc.u-tokyo.ac.jp/manifest/2a75a3d6-1855-663b-72dd-f8310b394a31.json,2a75a3d6-1855-663b-72dd-f8310b394a31,https://iiif.dl.itc.u-tokyo.ac.jp/repo/s/ichiko,https://iiif.dl.itc.u-tokyo.ac.jp/repo/s/ichiko/document/2a75a3d6-1855-663b-72dd-f8310b394a31,https://www.lib.u-tokyo.ac.jp/ja/library/contents/archives-top/reuse,https://iiif.dl.itc.u-tokyo.ac.jp/repo/files/medium/c0ec4d6b22841376823c4978d3056b650c83f8e9.jpg,https://iiif.dl.itc.u-tokyo.ac.jp/repo/api/items/541662,"東京大学大学院総合文化研究科・教養学部 駒場博物館 KOMABA MUSEUM, Graduate School of Arts and Sciences and College of Arts and Sciences, The University of Tokyo, JAPAN",,,第一高等学校旧蔵資料,petit-019,,https://iiif.dl.itc.u-tokyo.ac.jp/repo/iiif/2a75a3d6-1855-663b-72dd-f8310b394a31/manifest,,,,,1
PL.20 MÉCANIQUE No.18,,,,,,,,,,,,,,,,,,MÉCANIQUE,No.18,POMPES,○,PL.20,―,機械/ポンプ,A3,―,ÉTUDES DE DESSIN AU LAVIS.,○,DESSIN DES POMPES ALIMENTAIRES DES NOUVELLES LOCOMOTIVES À MARCHANDISES,"de Mr. C. Polonceau, Ingénieur en chef, Ré gisseur des ateliers et de la traction du chemin de fer de Paris à Orléans.",,,,http://tify.sub.uni-goettingen.de/demo.html?manifest=https://archdataset.dl.itc.u-tokyo.ac.jp/manifest/686abbdb-0eea-2c6e-76c7-4e21bbfb5075.json,686abbdb-0eea-2c6e-76c7-4e21bbfb5075,https://iiif.dl.itc.u-tokyo.ac.jp/repo/s/ichiko,https://iiif.dl.itc.u-tokyo.ac.jp/repo/s/ichiko/document/686abbdb-0eea-2c6e-76c7-4e21bbfb5075,https://www.lib.u-tokyo.ac.jp/ja/library/contents/archives-top/reuse,https://iiif.dl.itc.u-tokyo.ac.jp/repo/files/medium/ab49d274aee6934c8ae4a7f7b6ac3be34df6761b.jpg,https://iiif.dl.itc.u-tokyo.ac.jp/repo/api/items/541661,"東京大学大学院総合文化研究科・教養学部 駒場博物館 KOMABA MUSEUM, Graduate School of Arts and Sciences and College of Arts and Sciences, The University of Tokyo, JAPAN",,,第一高等学校旧蔵資料,petit-020,,https://iiif.dl.itc.u-tokyo.ac.jp/repo/iiif/686abbdb-0eea-2c6e-76c7-4e21bbfb5075/manifest,,,,,1
PL.21 MÉCANIQUE No.19,,,,,,,,,,,,,,,,,,MÉCANIQUE,No.19,MACHINE LOCOMOBILE,○,PL.21,―,ロコモービル/移動式蒸気機関,A3,―,-,○,"DESSIN SIMPLIFIÉ DES NOUVELLES LOCOMOBILES de Mr. CALLA,Constructeur à Paris. Modèle de la force de 6 à 8 chevaux-vapeur et du poids
total de 3500 Kg",,,,,http://tify.sub.uni-goettingen.de/demo.html?manifest=https://archdataset.dl.itc.u-tokyo.ac.jp/manifest/bb65fb26-8c27-9713-0404-23bed04c9739.json,bb65fb26-8c27-9713-0404-23bed04c9739,https://iiif.dl.itc.u-tokyo.ac.jp/repo/s/ichiko,https://iiif.dl.itc.u-tokyo.ac.jp/repo/s/ichiko/document/bb65fb26-8c27-9713-0404-23bed04c9739,https://www.lib.u-tokyo.ac.jp/ja/library/contents/archives-top/reuse,https://iiif.dl.itc.u-tokyo.ac.jp/repo/files/medium/7e1c8bda4ac6017ec500d2d6e09fa6f9d49ce20b.jpg,https://iiif.dl.itc.u-tokyo.ac.jp/repo/api/items/541660,"東京大学大学院総合文化研究科・教養学部 駒場博物館 KOMABA MUSEUM, Graduate School of Arts and Sciences and College of Arts and Sciences, The University of Tokyo, JAPAN",,,第一高等学校旧蔵資料,petit-021,,https://iiif.dl.itc.u-tokyo.ac.jp/repo/iiif/bb65fb26-8c27-9713-0404-23bed04c9739/manifest,,,,,1
PL.22 MÉCANIQUE No.20,,,,,,,,,,,,,,,,,,MÉCANIQUE,No.20,POULIES,○,PL.22,―,機械部品,A3,○,ÉTUDES DE DESSIN AU LAVIS.,―,DESSIN D'UNE POULIE À CHAÎNE,appartenant à une nouvelle grue de dé chargement établie sur le pont St.Nicolas à Paris.,,,,http://tify.sub.uni-goettingen.de/demo.html?manifest=https://archdataset.dl.itc.u-tokyo.ac.jp/manifest/2a040dc9-03ce-51b3-2b28-69f48d371e25.json,2a040dc9-03ce-51b3-2b28-69f48d371e25,https://iiif.dl.itc.u-tokyo.ac.jp/repo/s/ichiko,https://iiif.dl.itc.u-tokyo.ac.jp/repo/s/ichiko/document/2a040dc9-03ce-51b3-2b28-69f48d371e25,https://www.lib.u-tokyo.ac.jp/ja/library/contents/archives-top/reuse,https://iiif.dl.itc.u-tokyo.ac.jp/repo/files/medium/cfec1ce91aeb1dd71511c21816fe10c201e181ab.jpg,https://iiif.dl.itc.u-tokyo.ac.jp/repo/api/items/541659,"東京大学大学院総合文化研究科・教養学部 駒場博物館 KOMABA MUSEUM, Graduate School of Arts and Sciences and College of Arts and Sciences, The University of Tokyo, JAPAN",,,第一高等学校旧蔵資料,petit-022,,https://iiif.dl.itc.u-tokyo.ac.jp/repo/iiif/2a040dc9-03ce-51b3-2b28-69f48d371e25/manifest,,,,,1
PL.23 MAÇONNERIE No.2,,,,,,,,,,,,,,,,,,MAÇONNERIE,No.2,DESSIN D'EX&Eacute;CUTION D'UN PONCEAU AVEC MURS EN RETOUR D'&Eacute;QUERRE,○,PL.23,―,石橋,A3,○,DESSIN À L'USAGE DES CHANTIERS,―,DESSIN D'EXÉCUTION D'UN PONCEAU AVEC MURS EN RETOUR D'ÉQUERRE,construit sur un ruisseau pour le passage d'une route en remblai.,(Type de Ponceaux exécutés par l'Auteur.),,,http://tify.sub.uni-goettingen.de/demo.html?manifest=https://archdataset.dl.itc.u-tokyo.ac.jp/manifest/8d7eb91b-888c-5fcd-5de5-55a44045058f.json,8d7eb91b-888c-5fcd-5de5-55a44045058f,https://iiif.dl.itc.u-tokyo.ac.jp/repo/s/ichiko,https://iiif.dl.itc.u-tokyo.ac.jp/repo/s/ichiko/document/8d7eb91b-888c-5fcd-5de5-55a44045058f,https://www.lib.u-tokyo.ac.jp/ja/library/contents/archives-top/reuse,https://iiif.dl.itc.u-tokyo.ac.jp/repo/files/medium/27ac320ab1731d481177973fd999190f9e6fe4f0.jpg,https://iiif.dl.itc.u-tokyo.ac.jp/repo/api/items/541658,"東京大学大学院総合文化研究科・教養学部 駒場博物館 KOMABA MUSEUM, Graduate School of Arts and Sciences and College of Arts and Sciences, The University of Tokyo, JAPAN",,,第一高等学校旧蔵資料,petit-023,,https://iiif.dl.itc.u-tokyo.ac.jp/repo/iiif/8d7eb91b-888c-5fcd-5de5-55a44045058f/manifest,,,,,1
PL.24 MÉCANIQUE No.21,,,,,,,,,,,,,,,,,,MÉCANIQUE,No.21,TREUILS,○,PL.24,―,巻き上げ機,A3,―,ÉTUDES DE DESSIN AU LAVIS.,○,DESSIN D'UN TREUIL À ENGRENAGES.,"Appareil servant au d éplacement et au chargement des fardeaux, au montage et démontage des machines, etc.",,,,http://tify.sub.uni-goettingen.de/demo.html?manifest=https://archdataset.dl.itc.u-tokyo.ac.jp/manifest/608b8c13-272d-4590-829f-8321d50457e0.json,608b8c13-272d-4590-829f-8321d50457e0,https://iiif.dl.itc.u-tokyo.ac.jp/repo/s/ichiko,https://iiif.dl.itc.u-tokyo.ac.jp/repo/s/ichiko/document/608b8c13-272d-4590-829f-8321d50457e0,https://www.lib.u-tokyo.ac.jp/ja/library/contents/archives-top/reuse,https://iiif.dl.itc.u-tokyo.ac.jp/repo/files/medium/777e2fc36960868cd710bfbf5b7b07bdc5973146.jpg,https://iiif.dl.itc.u-tokyo.ac.jp/repo/api/items/541657,"東京大学大学院総合文化研究科・教養学部 駒場博物館 KOMABA MUSEUM, Graduate School of Arts and Sciences and College of Arts and Sciences, The University of Tokyo, JAPAN",,,第一高等学校旧蔵資料,petit-024,,https://iiif.dl.itc.u-tokyo.ac.jp/repo/iiif/608b8c13-272d-4590-829f-8321d50457e0/manifest,,,,,1
PL.25 MÉCANIQUE No.22,,,,,,,,,,,,,,,,,,MÉCANIQUE,No.22,MACHINES  À  VAPEUR,○,PL.25,―,蒸気機関,A3,―,ÉTUDES DE DESSIN AU LAVIS.,―,DESSIN TYPE D'UNE MACHINE À VAPEUR À ACTION DIRECTE,Réduite à ses élé ments essentiels.,,,,http://tify.sub.uni-goettingen.de/demo.html?manifest=https://archdataset.dl.itc.u-tokyo.ac.jp/manifest/930401cb-6330-4cc7-0560-c7fba8342838.json,930401cb-6330-4cc7-0560-c7fba8342838,https://iiif.dl.itc.u-tokyo.ac.jp/repo/s/ichiko,https://iiif.dl.itc.u-tokyo.ac.jp/repo/s/ichiko/document/930401cb-6330-4cc7-0560-c7fba8342838,https://www.lib.u-tokyo.ac.jp/ja/library/contents/archives-top/reuse,https://iiif.dl.itc.u-tokyo.ac.jp/repo/files/medium/046aed736bcf8b7e10f8595df278b35998525684.jpg,https://iiif.dl.itc.u-tokyo.ac.jp/repo/api/items/541656,"東京大学大学院総合文化研究科・教養学部 駒場博物館 KOMABA MUSEUM, Graduate School of Arts and Sciences and College of Arts and Sciences, The University of Tokyo, JAPAN",,,第一高等学校旧蔵資料,petit-025,,https://iiif.dl.itc.u-tokyo.ac.jp/repo/iiif/930401cb-6330-4cc7-0560-c7fba8342838/manifest,,,,,1
PL.26 MÉCANIQUE No.23,,,,,,,,,,,,,,,,,,MÉCANIQUE,No.23,MACHINES LOCOMOTIVES,○,PL.26,―,蒸気機関車,A3,―,ÉTUDES DE DESSIN AU LAVIS.,○,"DESSIN SIMPLIFIÉ DES MACHINES A VOYAGEURS DU CHEMIN DE FER DUNORD, construites d'après les plans modifiés de R. Stephenson._Machines à
cylindres extérieurs.",,,,,http://tify.sub.uni-goettingen.de/demo.html?manifest=https://archdataset.dl.itc.u-tokyo.ac.jp/manifest/dda1587b-07d7-575b-41ce-8f87718765d9.json,dda1587b-07d7-575b-41ce-8f87718765d9,https://iiif.dl.itc.u-tokyo.ac.jp/repo/s/ichiko,https://iiif.dl.itc.u-tokyo.ac.jp/repo/s/ichiko/document/dda1587b-07d7-575b-41ce-8f87718765d9,https://www.lib.u-tokyo.ac.jp/ja/library/contents/archives-top/reuse,https://iiif.dl.itc.u-tokyo.ac.jp/repo/files/medium/4f7bc984c50f92993d01739ac54cdf1961ad55b0.jpg,https://iiif.dl.itc.u-tokyo.ac.jp/repo/api/items/541655,"東京大学大学院総合文化研究科・教養学部 駒場博物館 KOMABA MUSEUM, Graduate School of Arts and Sciences and College of Arts and Sciences, The University of Tokyo, JAPAN",,,第一高等学校旧蔵資料,petit-026,,https://iiif.dl.itc.u-tokyo.ac.jp/repo/iiif/dda1587b-07d7-575b-41ce-8f87718765d9/manifest,,,,,1
PL.27 MAÇONNERIE No.3,,,,,,,,,,,,,,,,,,MAÇONNERIE,No.3,PONTS,○,PL.27,―,石橋,A3,○,DESSIN À L'USAGE DES CHANTIERS,―,DESSIN DU PONT BIAIS CONSTRUIT SUR LA RUE DE CAMBRAI À LA VILLETTE,pour le passage du Chemin de fer de Ceinture de Paris.,,,,http://tify.sub.uni-goettingen.de/demo.html?manifest=https://archdataset.dl.itc.u-tokyo.ac.jp/manifest/ffd34517-546b-9071-136a-7539b9724421.json,ffd34517-546b-9071-136a-7539b9724421,https://iiif.dl.itc.u-tokyo.ac.jp/repo/s/ichiko,https://iiif.dl.itc.u-tokyo.ac.jp/repo/s/ichiko/document/ffd34517-546b-9071-136a-7539b9724421,https://www.lib.u-tokyo.ac.jp/ja/library/contents/archives-top/reuse,https://iiif.dl.itc.u-tokyo.ac.jp/repo/files/medium/7f80bd04f8abc9afe2876c22142b3427fbc13b88.jpg,https://iiif.dl.itc.u-tokyo.ac.jp/repo/api/items/541654,"東京大学大学院総合文化研究科・教養学部 駒場博物館 KOMABA MUSEUM, Graduate School of Arts and Sciences and College of Arts and Sciences, The University of Tokyo, JAPAN",,,第一高等学校旧蔵資料,petit-027,,https://iiif.dl.itc.u-tokyo.ac.jp/repo/iiif/ffd34517-546b-9071-136a-7539b9724421/manifest,,,,,1
PL.28 CHARPENTE No.2,,,,,,,,,,,,,,,,,,CHARPENTE,No.2,COMBLES,○,PL.28,―,屋根組み,A3,○,DESSIN À L'USAGE DES CHANTIERS,―,"DESSIN DU COMBLE QUI COUVRE LE NOUVEAU MARCHÉ DE PASSY(Seine)_Comble surbaissé construit en bois de sapin et en fer, et couvert en
ardoises.",,,,,http://tify.sub.uni-goettingen.de/demo.html?manifest=https://archdataset.dl.itc.u-tokyo.ac.jp/manifest/7a83fb87-9f6e-7715-3e68-49ee22a0a0b9.json,7a83fb87-9f6e-7715-3e68-49ee22a0a0b9,https://iiif.dl.itc.u-tokyo.ac.jp/repo/s/ichiko,https://iiif.dl.itc.u-tokyo.ac.jp/repo/s/ichiko/document/7a83fb87-9f6e-7715-3e68-49ee22a0a0b9,https://www.lib.u-tokyo.ac.jp/ja/library/contents/archives-top/reuse,https://iiif.dl.itc.u-tokyo.ac.jp/repo/files/medium/771cde63408f45b4b0699903c2bafae5ab8c4236.jpg,https://iiif.dl.itc.u-tokyo.ac.jp/repo/api/items/541653,"東京大学大学院総合文化研究科・教養学部 駒場博物館 KOMABA MUSEUM, Graduate School of Arts and Sciences and College of Arts and Sciences, The University of Tokyo, JAPAN",,,第一高等学校旧蔵資料,petit-028,,https://iiif.dl.itc.u-tokyo.ac.jp/repo/iiif/7a83fb87-9f6e-7715-3e68-49ee22a0a0b9/manifest,,,,,1
PL.29 MÉCANIQUE No.24,,,,,,,,,,,,,,,,,,MÉCANIQUE,No.24,MACHINES LOCOMOTIVES,―,PL.29,―,蒸気機関車,A3,○,ÉTUDES DE DESSIN AU LAVIS.,―,"DESSIN DE LA COULISSE DE R.STEPHENSON, ou mécanisme de distribution de vapeur et de changement de marche",appliqué aux Locomotives du systeme Crampton.,,,,http://tify.sub.uni-goettingen.de/demo.html?manifest=https://archdataset.dl.itc.u-tokyo.ac.jp/manifest/af31e297-1e3e-286d-5ac5-4e4b632f2796.json,af31e297-1e3e-286d-5ac5-4e4b632f2796,https://iiif.dl.itc.u-tokyo.ac.jp/repo/s/ichiko,https://iiif.dl.itc.u-tokyo.ac.jp/repo/s/ichiko/document/af31e297-1e3e-286d-5ac5-4e4b632f2796,https://www.lib.u-tokyo.ac.jp/ja/library/contents/archives-top/reuse,https://iiif.dl.itc.u-tokyo.ac.jp/repo/files/medium/0ec5a4c698c4a0b242b4bd0c8875a007caf1b7a6.jpg,https://iiif.dl.itc.u-tokyo.ac.jp/repo/api/items/541652,"東京大学大学院総合文化研究科・教養学部 駒場博物館 KOMABA MUSEUM, Graduate School of Arts and Sciences and College of Arts and Sciences, The University of Tokyo, JAPAN",,,第一高等学校旧蔵資料,petit-029,,https://iiif.dl.itc.u-tokyo.ac.jp/repo/iiif/af31e297-1e3e-286d-5ac5-4e4b632f2796/manifest,,,,,1
PL.30 MÉCANIQUE No.25,,,,,,,,,,,,,,,,,,MÉCANIQUE,No.25,ENGRENAGES DROITS OU CYLINDRIQUES,○,PL.30,―,機械部品,A3,―,ÉTUDES DE DESSIN AU LAVIS.,○,DESSIN D'UN ENGRENAGE À CHAINE(avec chaine dite à l'anglaise),"Systême [sic]
d'engrenage employé dans les machines- outils et dans les machines industrielles peu puissantes",,,,http://tify.sub.uni-goettingen.de/demo.html?manifest=https://archdataset.dl.itc.u-tokyo.ac.jp/manifest/e6cb3cb5-06f2-7504-3cf3-be9c9e90550d.json,e6cb3cb5-06f2-7504-3cf3-be9c9e90550d,https://iiif.dl.itc.u-tokyo.ac.jp/repo/s/ichiko,https://iiif.dl.itc.u-tokyo.ac.jp/repo/s/ichiko/document/e6cb3cb5-06f2-7504-3cf3-be9c9e90550d,https://www.lib.u-tokyo.ac.jp/ja/library/contents/archives-top/reuse,https://iiif.dl.itc.u-tokyo.ac.jp/repo/files/medium/209101edf82e768ca7a89c2fdc2cb09d56681300.jpg,https://iiif.dl.itc.u-tokyo.ac.jp/repo/api/items/541651,"東京大学大学院総合文化研究科・教養学部 駒場博物館 KOMABA MUSEUM, Graduate School of Arts and Sciences and College of Arts and Sciences, The University of Tokyo, JAPAN",,,第一高等学校旧蔵資料,petit-030,,https://iiif.dl.itc.u-tokyo.ac.jp/repo/iiif/e6cb3cb5-06f2-7504-3cf3-be9c9e90550d/manifest,,,,,1
PL.31 MÉCANIQUE No.26,,,,,,,,,,,,,,,,,,MÉCANIQUE,No.26,MACHINES À VAPEUR,○,PL.31,―,蒸気機関,A3,○,ÉTUDES DE DESSIN AU LAVIS.,―,DESSIN D'UNE MACHINE À VAPEUR VERTICALE À COLONNES,"construite d'après les dessins de Mr. E. Bourdon, Ingénieur-m écanicien.","Machine à action directe, à haute pression et à dé tente, de la force de 5 chevaux.",,,http://tify.sub.uni-goettingen.de/demo.html?manifest=https://archdataset.dl.itc.u-tokyo.ac.jp/manifest/595c2ee9-92b9-4cc3-67c9-854d08d54a89.json,595c2ee9-92b9-4cc3-67c9-854d08d54a89,https://iiif.dl.itc.u-tokyo.ac.jp/repo/s/ichiko,https://iiif.dl.itc.u-tokyo.ac.jp/repo/s/ichiko/document/595c2ee9-92b9-4cc3-67c9-854d08d54a89,https://www.lib.u-tokyo.ac.jp/ja/library/contents/archives-top/reuse,https://iiif.dl.itc.u-tokyo.ac.jp/repo/files/medium/b9b2d14255ad50d5249723796129fc7c9c1d0fff.jpg,https://iiif.dl.itc.u-tokyo.ac.jp/repo/api/items/541650,"東京大学大学院総合文化研究科・教養学部 駒場博物館 KOMABA MUSEUM, Graduate School of Arts and Sciences and College of Arts and Sciences, The University of Tokyo, JAPAN",,,第一高等学校旧蔵資料,petit-031,,https://iiif.dl.itc.u-tokyo.ac.jp/repo/iiif/595c2ee9-92b9-4cc3-67c9-854d08d54a89/manifest,,,,,1
PL.32 MAÇONNERIE No.4,,,,,,,,,,,,,,,,,,MAÇONNERIE,No.4,PONTS,○,PL.32,―,石橋,A3,○,DESSIN À L'USAGE DES CHANTIERS,―,DESSIN D'EXÉCUTION D'UN PONCEAU AVEC MURS EN AILE,construit sur un ruisseau pour le passage d'un chemin en remblai de 8 mè tres de largeur en crê te.,(Types de Ponceaux exécutés par l'Auteur.),,,http://tify.sub.uni-goettingen.de/demo.html?manifest=https://archdataset.dl.itc.u-tokyo.ac.jp/manifest/08bb24d7-7581-7f42-0750-ee77a41e727b.json,08bb24d7-7581-7f42-0750-ee77a41e727b,https://iiif.dl.itc.u-tokyo.ac.jp/repo/s/ichiko,https://iiif.dl.itc.u-tokyo.ac.jp/repo/s/ichiko/document/08bb24d7-7581-7f42-0750-ee77a41e727b,https://www.lib.u-tokyo.ac.jp/ja/library/contents/archives-top/reuse,https://iiif.dl.itc.u-tokyo.ac.jp/repo/files/medium/63aaf85c8188d1a19dc7e99d47df3cfa21132983.jpg,https://iiif.dl.itc.u-tokyo.ac.jp/repo/api/items/541649,"東京大学大学院総合文化研究科・教養学部 駒場博物館 KOMABA MUSEUM, Graduate School of Arts and Sciences and College of Arts and Sciences, The University of Tokyo, JAPAN",,,第一高等学校旧蔵資料,petit-032,,https://iiif.dl.itc.u-tokyo.ac.jp/repo/iiif/08bb24d7-7581-7f42-0750-ee77a41e727b/manifest,,,,,1
PL.33 MÉCANIQUE No.27,,,,,,,,,,,,,,,,,,MÉCANIQUE,No.27,MARTEAUX DE FORGES,○,PL.33,―,機械/蒸気ハンマー,A3,―,ÉTUDES DE DESSIN AU LAVIS.,○,DESSIN D'UN MARTEAU A BASCULE AVEC MACHINE À VAPEUR MOTRICE,Marteau exécuté par Mr. CAVÉ pour les Ateliers de la Marine Impériale.,,,,http://tify.sub.uni-goettingen.de/demo.html?manifest=https://archdataset.dl.itc.u-tokyo.ac.jp/manifest/c9c95776-2db7-581d-5d13-4cba896a208c.json,c9c95776-2db7-581d-5d13-4cba896a208c,https://iiif.dl.itc.u-tokyo.ac.jp/repo/s/ichiko,https://iiif.dl.itc.u-tokyo.ac.jp/repo/s/ichiko/document/c9c95776-2db7-581d-5d13-4cba896a208c,https://www.lib.u-tokyo.ac.jp/ja/library/contents/archives-top/reuse,https://iiif.dl.itc.u-tokyo.ac.jp/repo/files/medium/09f77633c8b7f45b4579edb5e2652c31abf0a23a.jpg,https://iiif.dl.itc.u-tokyo.ac.jp/repo/api/items/541648,"東京大学大学院総合文化研究科・教養学部 駒場博物館 KOMABA MUSEUM, Graduate School of Arts and Sciences and College of Arts and Sciences, The University of Tokyo, JAPAN",,,第一高等学校旧蔵資料,petit-033,,https://iiif.dl.itc.u-tokyo.ac.jp/repo/iiif/c9c95776-2db7-581d-5d13-4cba896a208c/manifest,,,,,1
PL.34 MÉCANIQUE No.28,,,,,,,,,,,,,,,,,,MÉCANIQUE,No.28,GRUES,○,PL.34,―,起重機,A3,―,ÉTUDES DE DESSIN AU LAVIS.,○,DESSIN DES PETITES GRUES FIXES É TABLIES SUR LES BATEAUX À VAPEUR LES PORTEURS,"Les Grues sont des Appareils qui servent au chargement et dé chargement des fardeaux au montage et demontage desmachines, etc.",,,,http://tify.sub.uni-goettingen.de/demo.html?manifest=https://archdataset.dl.itc.u-tokyo.ac.jp/manifest/71774b7b-a468-9d6f-803e-d3900da96fd1.json,71774b7b-a468-9d6f-803e-d3900da96fd1,https://iiif.dl.itc.u-tokyo.ac.jp/repo/s/ichiko,https://iiif.dl.itc.u-tokyo.ac.jp/repo/s/ichiko/document/71774b7b-a468-9d6f-803e-d3900da96fd1,https://www.lib.u-tokyo.ac.jp/ja/library/contents/archives-top/reuse,https://iiif.dl.itc.u-tokyo.ac.jp/repo/files/medium/18b4f49dd2482a8ba025e4ae49fcdd4f340d5ff0.jpg,https://iiif.dl.itc.u-tokyo.ac.jp/repo/api/items/541647,"東京大学大学院総合文化研究科・教養学部 駒場博物館 KOMABA MUSEUM, Graduate School of Arts and Sciences and College of Arts and Sciences, The University of Tokyo, JAPAN",,,第一高等学校旧蔵資料,petit-034,,https://iiif.dl.itc.u-tokyo.ac.jp/repo/iiif/71774b7b-a468-9d6f-803e-d3900da96fd1/manifest,,,,,1
PL.35 MÉCANIQUE No.29,,,,,,,,,,,,,,,,,,MÉCANIQUE,No.29,ORGANES REGULATEURS,○,PL.35,―,調速機,A3,―,ÉTUDES DE DESSIN AU LAVIS.,○,DESSIN D'UN MODÉRATEUR A FORCE CENTRIFUGE,Appareils appliqués aux Machines à vapeur pour actionner la soupape d'admission de la vapeur dans les,,,,http://tify.sub.uni-goettingen.de/demo.html?manifest=https://archdataset.dl.itc.u-tokyo.ac.jp/manifest/1105b4f1-69c0-1911-25dd-6e8747b83c07.json,1105b4f1-69c0-1911-25dd-6e8747b83c07,https://iiif.dl.itc.u-tokyo.ac.jp/repo/s/ichiko,https://iiif.dl.itc.u-tokyo.ac.jp/repo/s/ichiko/document/1105b4f1-69c0-1911-25dd-6e8747b83c07,https://www.lib.u-tokyo.ac.jp/ja/library/contents/archives-top/reuse,https://iiif.dl.itc.u-tokyo.ac.jp/repo/files/medium/f752e38be63afb7a5f7b5cd2946584765d3dbb56.jpg,https://iiif.dl.itc.u-tokyo.ac.jp/repo/api/items/541646,"東京大学大学院総合文化研究科・教養学部 駒場博物館 KOMABA MUSEUM, Graduate School of Arts and Sciences and College of Arts and Sciences, The University of Tokyo, JAPAN",,,第一高等学校旧蔵資料,petit-035,,https://iiif.dl.itc.u-tokyo.ac.jp/repo/iiif/1105b4f1-69c0-1911-25dd-6e8747b83c07/manifest,,,,,1
PL.36 MÉCANIQUE No.30,,,,,,,,,,,,,,,,,,MÉCANIQUE,No.30,ENGRENAGES,○,PL.36,―,機械部品,A3,―,ÉTUDES DE DESSIN AU LAVIS.,○,"DESSIN D'UN ENGRENAGE CONIQUE OU D'UN ENGRENAGE FORME PAR DEUX ROUES D'ANGLE. (Echelle de 0 m, 50 pr. mètre ou de 1/2 d'exécution.)",Un engrenage conique sert à transmettre un mouvement de rotation entre deux axes qui se coupent sous un angle quelconque.,,,,http://tify.sub.uni-goettingen.de/demo.html?manifest=https://archdataset.dl.itc.u-tokyo.ac.jp/manifest/32ceb1fe-904e-74a7-9dec-a2f0898aa082.json,32ceb1fe-904e-74a7-9dec-a2f0898aa082,https://iiif.dl.itc.u-tokyo.ac.jp/repo/s/ichiko,https://iiif.dl.itc.u-tokyo.ac.jp/repo/s/ichiko/document/32ceb1fe-904e-74a7-9dec-a2f0898aa082,https://www.lib.u-tokyo.ac.jp/ja/library/contents/archives-top/reuse,https://iiif.dl.itc.u-tokyo.ac.jp/repo/files/medium/ca0ebd5c2921799f00c86567c037d7554c2606fe.jpg,https://iiif.dl.itc.u-tokyo.ac.jp/repo/api/items/541645,"東京大学大学院総合文化研究科・教養学部 駒場博物館 KOMABA MUSEUM, Graduate School of Arts and Sciences and College of Arts and Sciences, The University of Tokyo, JAPAN",,,第一高等学校旧蔵資料,petit-036,,https://iiif.dl.itc.u-tokyo.ac.jp/repo/iiif/32ceb1fe-904e-74a7-9dec-a2f0898aa082/manifest,,,,,1
PL.37 MÉCANIQUE No.31,,,,,,,,,,,,,,,,,,MÉCANIQUE,No.31,ORGANES D'ARRÈT._FREINS,○,PL.37,―,機械部品,A3,―,ÉTUDES DE DESSIN AU LAVIS.,○,DESSIN D'UN FREIN APPLIQUÉ AU TREUIL À ENGRENAGES D'UNE GRUE,Organe copié sur les grues qui ont été employées dans la construction des combles du Palais de Cristal à Londres.,,,,http://tify.sub.uni-goettingen.de/demo.html?manifest=https://archdataset.dl.itc.u-tokyo.ac.jp/manifest/499f8821-2715-3d65-7021-089f2dc31e3c.json,499f8821-2715-3d65-7021-089f2dc31e3c,https://iiif.dl.itc.u-tokyo.ac.jp/repo/s/ichiko,https://iiif.dl.itc.u-tokyo.ac.jp/repo/s/ichiko/document/499f8821-2715-3d65-7021-089f2dc31e3c,https://www.lib.u-tokyo.ac.jp/ja/library/contents/archives-top/reuse,https://iiif.dl.itc.u-tokyo.ac.jp/repo/files/medium/50c4912bec543b2e3c4c6bcb7eda9adb835342f5.jpg,https://iiif.dl.itc.u-tokyo.ac.jp/repo/api/items/541644,"東京大学大学院総合文化研究科・教養学部 駒場博物館 KOMABA MUSEUM, Graduate School of Arts and Sciences and College of Arts and Sciences, The University of Tokyo, JAPAN",,,第一高等学校旧蔵資料,petit-037,,https://iiif.dl.itc.u-tokyo.ac.jp/repo/iiif/499f8821-2715-3d65-7021-089f2dc31e3c/manifest,,,,,1
PL.38 MÉCANIQUE No.32,,,,,,,,,,,,,,,,,,MÉCANIQUE,No.32,ENGRENAGES,○,PL.38,―,機械部品,A3,―,ÉTUDES DE DESSIN AU LAVIS.,○,DESSIN D'UN ENGRENAGE À VIS (SANS FIN) OU D'UN ENGRENAGE FORMÉ PAR UNE VIS ET UNE ROUE DENTÉE,"Un engrenage à vis sert à transmettre un mouvement de rotation entre deux axes qui ne se rencontrent pas et qui, le plus souvent forment un angle droit dans l'espace.",,,,http://tify.sub.uni-goettingen.de/demo.html?manifest=https://archdataset.dl.itc.u-tokyo.ac.jp/manifest/a41804c4-090c-6f8a-1f0a-fa8c5d4d603b.json,a41804c4-090c-6f8a-1f0a-fa8c5d4d603b,https://iiif.dl.itc.u-tokyo.ac.jp/repo/s/ichiko,https://iiif.dl.itc.u-tokyo.ac.jp/repo/s/ichiko/document/a41804c4-090c-6f8a-1f0a-fa8c5d4d603b,https://www.lib.u-tokyo.ac.jp/ja/library/contents/archives-top/reuse,https://iiif.dl.itc.u-tokyo.ac.jp/repo/files/medium/fc670aa16ef14ad0b0c99f82e74114bbf00eeba0.jpg,https://iiif.dl.itc.u-tokyo.ac.jp/repo/api/items/541643,"東京大学大学院総合文化研究科・教養学部 駒場博物館 KOMABA MUSEUM, Graduate School of Arts and Sciences and College of Arts and Sciences, The University of Tokyo, JAPAN",,,第一高等学校旧蔵資料,petit-038,,https://iiif.dl.itc.u-tokyo.ac.jp/repo/iiif/a41804c4-090c-6f8a-1f0a-fa8c5d4d603b/manifest,,,,,1
PL.39 CHARPENTE No.3,,,,,,,,,,,,,,,,,,CHARPENTE,No.3,COMBLES,○,PL.39,―,屋根組み,A3,○,DESSIN À L'USAGE DES CHANTIERS,―,DESSIN DU COMBLE DU MAGASIN MILITAIRE À FOURRAGES CONSTRUIT SUR LE QUAI DE LA RAPÉE À PARIS,"Comble à grande port ée et de légère construction, exécut é en bois de chêne et couvert en ardoises.",,,,http://tify.sub.uni-goettingen.de/demo.html?manifest=https://archdataset.dl.itc.u-tokyo.ac.jp/manifest/bc7a3593-9483-85cb-90d6-f0a9e11439d4.json,bc7a3593-9483-85cb-90d6-f0a9e11439d4,https://iiif.dl.itc.u-tokyo.ac.jp/repo/s/ichiko,https://iiif.dl.itc.u-tokyo.ac.jp/repo/s/ichiko/document/bc7a3593-9483-85cb-90d6-f0a9e11439d4,https://www.lib.u-tokyo.ac.jp/ja/library/contents/archives-top/reuse,https://iiif.dl.itc.u-tokyo.ac.jp/repo/files/medium/95a76bbc057040f50de66333295dec7bc14e3ad5.jpg,https://iiif.dl.itc.u-tokyo.ac.jp/repo/api/items/541642,"東京大学大学院総合文化研究科・教養学部 駒場博物館 KOMABA MUSEUM, Graduate School of Arts and Sciences and College of Arts and Sciences, The University of Tokyo, JAPAN",,,第一高等学校旧蔵資料,petit-039,,https://iiif.dl.itc.u-tokyo.ac.jp/repo/iiif/bc7a3593-9483-85cb-90d6-f0a9e11439d4/manifest,,,,,1
PL.40 MÉCANIQUE No.33,,,,,,,,,,,,,,,,,,MÉCANIQUE,No.33,APPAREILS A NETTOYER LES GRAINS,○,PL.40,―,農具/脱穀機,A3,○,ÉTUDES DE DESSIN AU LAVIS.,―,DESSIN DES TRIEURS CONSTRUITS PAR MM. VACHON DE LYON,Ces appareils ont valu à leurs inventeurs la grande Médaille d'honneur à l'Exposition Universelle de 1855.,,,,http://tify.sub.uni-goettingen.de/demo.html?manifest=https://archdataset.dl.itc.u-tokyo.ac.jp/manifest/a5fd3f85-a667-788e-36fa-3c4613bb680d.json,a5fd3f85-a667-788e-36fa-3c4613bb680d,https://iiif.dl.itc.u-tokyo.ac.jp/repo/s/ichiko,https://iiif.dl.itc.u-tokyo.ac.jp/repo/s/ichiko/document/a5fd3f85-a667-788e-36fa-3c4613bb680d,https://www.lib.u-tokyo.ac.jp/ja/library/contents/archives-top/reuse,https://iiif.dl.itc.u-tokyo.ac.jp/repo/files/medium/1de3e431a2330fae5e813717ed5fea8b174befde.jpg,https://iiif.dl.itc.u-tokyo.ac.jp/repo/api/items/541641,"東京大学大学院総合文化研究科・教養学部 駒場博物館 KOMABA MUSEUM, Graduate School of Arts and Sciences and College of Arts and Sciences, The University of Tokyo, JAPAN",,,第一高等学校旧蔵資料,petit-040,,https://iiif.dl.itc.u-tokyo.ac.jp/repo/iiif/a5fd3f85-a667-788e-36fa-3c4613bb680d/manifest,,,,,1
PL.41 MÉCANIQUE No.34,,,,,,,,,,,,,,,,,,MÉCANIQUE,No.34,MACHINES LOCOMOTIVES,○,PL.41,―,蒸気機関車,A3,―,-,○,"DESSIN SIMPLIFIÉ DE LA MACHINE LOCOMOTIVE ANTÉE A CYLINDRES EXTÉRIEURS ET A SIX ROUES COUPLÉES, construites sur les plans de Mr. l'Ingé nieur E.Flachat. (Chemin de fer de Paris à
St. Germain.)",,,,,http://tify.sub.uni-goettingen.de/demo.html?manifest=https://archdataset.dl.itc.u-tokyo.ac.jp/manifest/fabfe753-6d33-6ab4-0b2e-43d871c9087f.json,fabfe753-6d33-6ab4-0b2e-43d871c9087f,https://iiif.dl.itc.u-tokyo.ac.jp/repo/s/ichiko,https://iiif.dl.itc.u-tokyo.ac.jp/repo/s/ichiko/document/fabfe753-6d33-6ab4-0b2e-43d871c9087f,https://www.lib.u-tokyo.ac.jp/ja/library/contents/archives-top/reuse,https://iiif.dl.itc.u-tokyo.ac.jp/repo/files/medium/e1bb035db225c872733197c00549322375cc6999.jpg,https://iiif.dl.itc.u-tokyo.ac.jp/repo/api/items/541640,"東京大学大学院総合文化研究科・教養学部 駒場博物館 KOMABA MUSEUM, Graduate School of Arts and Sciences and College of Arts and Sciences, The University of Tokyo, JAPAN",,,第一高等学校旧蔵資料,petit-041,,https://iiif.dl.itc.u-tokyo.ac.jp/repo/iiif/fabfe753-6d33-6ab4-0b2e-43d871c9087f/manifest,,,,,1
PL.42 MENUISERIE No.1,,,,,,,,,,,,,,,,,,MENUISERIE,No.1,PORTES,○,PL.42,―,扉,A3,○,ÉTUDES DE DESSIN AU LAVIS.,―,"DESSIN D'UNE DES DEUX PORTES D'ENTRÉE DE LA MAISON CONSTRUITE BOULEVARD SÉBASTOPOL, No. 74, A PARIS.","Drawing of one of the two entrance gates of the house constructed boulevard of Sebastopol No. 74, at Paris. Diseño de una de las dos puertas de entrada de la casa construida boulevard de Sebastopol No. 74, en Paris.",,,,http://tify.sub.uni-goettingen.de/demo.html?manifest=https://archdataset.dl.itc.u-tokyo.ac.jp/manifest/440833ad-0b7a-0c4e-90ed-056435685f5c.json,440833ad-0b7a-0c4e-90ed-056435685f5c,https://iiif.dl.itc.u-tokyo.ac.jp/repo/s/ichiko,https://iiif.dl.itc.u-tokyo.ac.jp/repo/s/ichiko/document/440833ad-0b7a-0c4e-90ed-056435685f5c,https://www.lib.u-tokyo.ac.jp/ja/library/contents/archives-top/reuse,https://iiif.dl.itc.u-tokyo.ac.jp/repo/files/medium/d02bf03ba9c7d59e8b17d30d6b9ac2fe8379fa63.jpg,https://iiif.dl.itc.u-tokyo.ac.jp/repo/api/items/541639,"東京大学大学院総合文化研究科・教養学部 駒場博物館 KOMABA MUSEUM, Graduate School of Arts and Sciences and College of Arts and Sciences, The University of Tokyo, JAPAN",,,第一高等学校旧蔵資料,petit-042,,https://iiif.dl.itc.u-tokyo.ac.jp/repo/iiif/440833ad-0b7a-0c4e-90ed-056435685f5c/manifest,,,,,1
PL.43 MÉCANIQUE No.35,,,,,,,,,,,,,,,,,,MÉCANIQUE,No.35,MACHINES À VAPEUR  -LOCOMOBILES,○,PL.43,○,ロコモービル/移動式蒸気機関,A3,―,ÉTUDES DE DESSIN AU LAVIS.,―,"DESSIN SIMPLIFIÉ DES NOUVELLESLOCOMOBILES DE M. BREVAL, Ingé
nieur - Mécanicien à Paris. - Modèle d'une locomobile de la force de quartre chevaux-vapeur effectifs, et du poids
total de 1550 kilogrammes.",,,,,http://tify.sub.uni-goettingen.de/demo.html?manifest=https://archdataset.dl.itc.u-tokyo.ac.jp/manifest/2f7ffe48-6de6-a27d-4360-2d35cab980ce.json,2f7ffe48-6de6-a27d-4360-2d35cab980ce,https://iiif.dl.itc.u-tokyo.ac.jp/repo/s/ichiko,https://iiif.dl.itc.u-tokyo.ac.jp/repo/s/ichiko/document/2f7ffe48-6de6-a27d-4360-2d35cab980ce,https://www.lib.u-tokyo.ac.jp/ja/library/contents/archives-top/reuse,https://iiif.dl.itc.u-tokyo.ac.jp/repo/files/medium/8bcb445edc7fd16fe7db7605a7cb3a3a54999e1f.jpg,https://iiif.dl.itc.u-tokyo.ac.jp/repo/api/items/541638,"東京大学大学院総合文化研究科・教養学部 駒場博物館 KOMABA MUSEUM, Graduate School of Arts and Sciences and College of Arts and Sciences, The University of Tokyo, JAPAN",,,第一高等学校旧蔵資料,petit-043,,https://iiif.dl.itc.u-tokyo.ac.jp/repo/iiif/2f7ffe48-6de6-a27d-4360-2d35cab980ce/manifest,,,,,1
PL.44 MAÇONNERIE No.5,,,,,,,,,,,,,,,,,,MAÇONNERIE,No.5,VOUTES CYLINDRIQUES.      BERCEAUX.,○,PL.44,―,天井,A3,○,DESSIN À L'USAGE DES CHANTIERS,―,EPURE D'UNE PORTE PRATIQUEEDANS UN MUR BIAIS. (Echelle de 8 centimètres pour mètre),Cette épuré a pour objet de déterminer les formes exactes des faces planes et courbes qui limitent les voussoirs de la partie cintrée de la porte.,,,,http://tify.sub.uni-goettingen.de/demo.html?manifest=https://archdataset.dl.itc.u-tokyo.ac.jp/manifest/3877c25c-5a26-15c2-9ab5-1be1e6b62e49.json,3877c25c-5a26-15c2-9ab5-1be1e6b62e49,https://iiif.dl.itc.u-tokyo.ac.jp/repo/s/ichiko,https://iiif.dl.itc.u-tokyo.ac.jp/repo/s/ichiko/document/3877c25c-5a26-15c2-9ab5-1be1e6b62e49,https://www.lib.u-tokyo.ac.jp/ja/library/contents/archives-top/reuse,https://iiif.dl.itc.u-tokyo.ac.jp/repo/files/medium/989c13b3c16830eb1c80c934c6a124d04e6d86de.jpg,https://iiif.dl.itc.u-tokyo.ac.jp/repo/api/items/541637,"東京大学大学院総合文化研究科・教養学部 駒場博物館 KOMABA MUSEUM, Graduate School of Arts and Sciences and College of Arts and Sciences, The University of Tokyo, JAPAN",,,第一高等学校旧蔵資料,petit-044,,https://iiif.dl.itc.u-tokyo.ac.jp/repo/iiif/3877c25c-5a26-15c2-9ab5-1be1e6b62e49/manifest,,,,,1
PL.45 MÉCANIQUE No.36,,,,,,,,,,,,,,,,,,MÉCANIQUE,No.36,MACHINES À VAPEUR,○,PL.45,―,蒸気機関,A3,―,-,―,"DESSIN D'UNE MACHINE A CYLINDRE OSCILLANT CONSTRUITE PAR M.KIENTZY, Constructeur - Mécanicien  à
Paris.","Une machine à cylindre oscillant est celle ou le mouvement alternatif du piston est transmis directement à la manivelle de l'arbre tournant._ A cet effet la tige du piston est articulée au bouton de la manivelle et le cylendre oscille sur deux tourillons creux, dont l'un admet la vapeur dans le cylindre et l'autre la laisse échapper. Le cylindre porte l'appareil de distribution de vapeur et le met en mouvement. Des guides fixés au cylindre assurent le
mouvement rectiligne",,,,http://tify.sub.uni-goettingen.de/demo.html?manifest=https://archdataset.dl.itc.u-tokyo.ac.jp/manifest/8df0832f-6047-39d9-631a-8fa54bf31950.json,8df0832f-6047-39d9-631a-8fa54bf31950,https://iiif.dl.itc.u-tokyo.ac.jp/repo/s/ichiko,https://iiif.dl.itc.u-tokyo.ac.jp/repo/s/ichiko/document/8df0832f-6047-39d9-631a-8fa54bf31950,https://www.lib.u-tokyo.ac.jp/ja/library/contents/archives-top/reuse,https://iiif.dl.itc.u-tokyo.ac.jp/repo/files/medium/a2d097a0f115245c63172e174a8196c3febc214b.jpg,https://iiif.dl.itc.u-tokyo.ac.jp/repo/api/items/541636,"東京大学大学院総合文化研究科・教養学部 駒場博物館 KOMABA MUSEUM, Graduate School of Arts and Sciences and College of Arts and Sciences, The University of Tokyo, JAPAN",,,第一高等学校旧蔵資料,petit-045,,https://iiif.dl.itc.u-tokyo.ac.jp/repo/iiif/8df0832f-6047-39d9-631a-8fa54bf31950/manifest,,,,,1
PL.46 SERRURERIE No.1,,,,,,,,,,,,,,,,,,SERRURERIE,No.1,COMBLES.,○,PL.46,―,屋根組み,A3,○,DESSIN À L'USAGE DES CHANTIERS,―,DESSIN DÉTAILLÉ DE LA HALLE A VOYAGEURS DE LA STATION DEMULHOUSE (Chemin de fer de Strasbourg à Bâle),Cette halle présente deux travées ayant chacune 11 mètres de largeur et 70 mè tres de longueur totale. _Elle couvre quatre voies et deux quais,,,,http://tify.sub.uni-goettingen.de/demo.html?manifest=https://archdataset.dl.itc.u-tokyo.ac.jp/manifest/d6c17be6-632d-2ae7-696f-1c75f9611a4b.json,d6c17be6-632d-2ae7-696f-1c75f9611a4b,https://iiif.dl.itc.u-tokyo.ac.jp/repo/s/ichiko,https://iiif.dl.itc.u-tokyo.ac.jp/repo/s/ichiko/document/d6c17be6-632d-2ae7-696f-1c75f9611a4b,https://www.lib.u-tokyo.ac.jp/ja/library/contents/archives-top/reuse,https://iiif.dl.itc.u-tokyo.ac.jp/repo/files/medium/db7a9733b69582dea5d0327d10a6de1e9dbd9de6.jpg,https://iiif.dl.itc.u-tokyo.ac.jp/repo/api/items/541635,"東京大学大学院総合文化研究科・教養学部 駒場博物館 KOMABA MUSEUM, Graduate School of Arts and Sciences and College of Arts and Sciences, The University of Tokyo, JAPAN",,,第一高等学校旧蔵資料,petit-046,,https://iiif.dl.itc.u-tokyo.ac.jp/repo/iiif/d6c17be6-632d-2ae7-696f-1c75f9611a4b/manifest,,,,,1
PL.47 MÉCANIQUE No.37,,,,,,,,,,,,,,,,,,MÉCANIQUE,No.37,GRUES HYDRAULIQUES.,○,PL.47,―,給水機,A3,―,ÉTUDES DE DESSIN AU LAVIS.,○,DESSIN DES GRUES D'ALIMENTATION ÉTABLIES SUR LE CHEMIN DE FER DE PARIS A LYON.,"Ces appareils ont été exécutés par MM. Varrall-Middleton-et Elwell, Constructeurs à Paris",,,,http://tify.sub.uni-goettingen.de/demo.html?manifest=https://archdataset.dl.itc.u-tokyo.ac.jp/manifest/2648fabb-41f2-256a-54dc-de4e4bab1a38.json,2648fabb-41f2-256a-54dc-de4e4bab1a38,https://iiif.dl.itc.u-tokyo.ac.jp/repo/s/ichiko,https://iiif.dl.itc.u-tokyo.ac.jp/repo/s/ichiko/document/2648fabb-41f2-256a-54dc-de4e4bab1a38,https://www.lib.u-tokyo.ac.jp/ja/library/contents/archives-top/reuse,https://iiif.dl.itc.u-tokyo.ac.jp/repo/files/medium/b27fbedc9e6cac74daa46583d0aaf64a4608c082.jpg,https://iiif.dl.itc.u-tokyo.ac.jp/repo/api/items/541634,"東京大学大学院総合文化研究科・教養学部 駒場博物館 KOMABA MUSEUM, Graduate School of Arts and Sciences and College of Arts and Sciences, The University of Tokyo, JAPAN",,,第一高等学校旧蔵資料,petit-047,,https://iiif.dl.itc.u-tokyo.ac.jp/repo/iiif/2648fabb-41f2-256a-54dc-de4e4bab1a38/manifest,,,,,1
PL.48 MÉCANIQUE No.[38],,,,,,,,,,,,,,,,,,MÉCANIQUE,No.[38],ORGANES DE TRANSFORMATION DE MOUVEMENT.,○,PL.48,―,機械部品,A3,―,ÉTUDES DE DESSIN AU LAVIS.,○,DESSIN TYPE D'UNE MANIVELLEMOTRICE EN FER (FORGÉ) applicable à une Machine à vapeur de la force de 70 chevaux environ.,,,,,http://tify.sub.uni-goettingen.de/demo.html?manifest=https://archdataset.dl.itc.u-tokyo.ac.jp/manifest/6d4232d4-9675-97dd-832f-d73ee2518157.json,6d4232d4-9675-97dd-832f-d73ee2518157,https://iiif.dl.itc.u-tokyo.ac.jp/repo/s/ichiko,https://iiif.dl.itc.u-tokyo.ac.jp/repo/s/ichiko/document/6d4232d4-9675-97dd-832f-d73ee2518157,https://www.lib.u-tokyo.ac.jp/ja/library/contents/archives-top/reuse,https://iiif.dl.itc.u-tokyo.ac.jp/repo/files/medium/7e0fbf5afccc501c565c8ff73c1888dff6651f50.jpg,https://iiif.dl.itc.u-tokyo.ac.jp/repo/api/items/541633,"東京大学大学院総合文化研究科・教養学部 駒場博物館 KOMABA MUSEUM, Graduate School of Arts and Sciences and College of Arts and Sciences, The University of Tokyo, JAPAN",,,第一高等学校旧蔵資料,petit-048,,https://iiif.dl.itc.u-tokyo.ac.jp/repo/iiif/6d4232d4-9675-97dd-832f-d73ee2518157/manifest,,,,,1
PL.49 MÉCANIQUE No.39,,,,,,,,,,,,,,,,,,MÉCANIQUE,No.39,MATERIEL DE CHEMINS DE FER. -WAGONS.,○,PL.49,―,車両/貨車,A3,―,ÉTUDES DE DESSIN AU LAVIS.,○,DESSIN D'UN WAGON DE TERRASSEMENT A BASCULE VERSANT DE CÔTÉ. (SYSTÈME BELGE.),Modèle de wagons employés aux terrassements du Chemin de fer de Paris à Mulhouse.,,,,http://tify.sub.uni-goettingen.de/demo.html?manifest=https://archdataset.dl.itc.u-tokyo.ac.jp/manifest/269222ca-8a2f-2bd9-26b7-5e60fe4e5193.json,269222ca-8a2f-2bd9-26b7-5e60fe4e5193,https://iiif.dl.itc.u-tokyo.ac.jp/repo/s/ichiko,https://iiif.dl.itc.u-tokyo.ac.jp/repo/s/ichiko/document/269222ca-8a2f-2bd9-26b7-5e60fe4e5193,https://www.lib.u-tokyo.ac.jp/ja/library/contents/archives-top/reuse,https://iiif.dl.itc.u-tokyo.ac.jp/repo/files/medium/1d159710a973bd7fea519851faf02a380dd1e1cc.jpg,https://iiif.dl.itc.u-tokyo.ac.jp/repo/api/items/541632,"東京大学大学院総合文化研究科・教養学部 駒場博物館 KOMABA MUSEUM, Graduate School of Arts and Sciences and College of Arts and Sciences, The University of Tokyo, JAPAN",,,第一高等学校旧蔵資料,petit-049,,https://iiif.dl.itc.u-tokyo.ac.jp/repo/iiif/269222ca-8a2f-2bd9-26b7-5e60fe4e5193/manifest,,,,,1
PL.50 ARCHITECTURE No.1,,,,,,,,,,,,,,,,,,ARCHITECTURE,No.1,GUERITES.,○,PL.50,―,建物,A3,○,ÉTUDES DE DESSIN AU LAVIS.,―,"DESSIN DES GUERITES CONSTRUITES SUR LA FAÇADE DE LA CASERNE MUNICIPALE, SITUÉE RUE DE LA BANQUE A PARIS.","Drawing of the sentry-boxes constructed in the front of the municepal casern, situated bank street",,,,http://tify.sub.uni-goettingen.de/demo.html?manifest=https://archdataset.dl.itc.u-tokyo.ac.jp/manifest/4412d14c-77d5-a4c1-7f7e-ef4f47c06b7c.json,4412d14c-77d5-a4c1-7f7e-ef4f47c06b7c,https://iiif.dl.itc.u-tokyo.ac.jp/repo/s/ichiko,https://iiif.dl.itc.u-tokyo.ac.jp/repo/s/ichiko/document/4412d14c-77d5-a4c1-7f7e-ef4f47c06b7c,https://www.lib.u-tokyo.ac.jp/ja/library/contents/archives-top/reuse,https://iiif.dl.itc.u-tokyo.ac.jp/repo/files/medium/ad37df58c64b9618ff906c8ee1cfbcc95bd6ea10.jpg,https://iiif.dl.itc.u-tokyo.ac.jp/repo/api/items/541631,"東京大学大学院総合文化研究科・教養学部 駒場博物館 KOMABA MUSEUM, Graduate School of Arts and Sciences and College of Arts and Sciences, The University of Tokyo, JAPAN",,,第一高等学校旧蔵資料,petit-050,,https://iiif.dl.itc.u-tokyo.ac.jp/repo/iiif/4412d14c-77d5-a4c1-7f7e-ef4f47c06b7c/manifest,,,,,1
PL.51-52 MÉCANIQUE M&Eacute;CANIQUE -No.40-41,,,,,,,,,,,,,,,,,,MÉCANIQUE,M&Eacute;CANIQUE -No.40-41,MACHINES A VAPEUR.,―,PL.51-52,―,蒸気機関,A2,―,ÉTUDES DE DESSIN AU LAVIS.,○,"DESSIN DE LA MACHINE À VAPEUR À DEUX CYLINDRES, À HAUTE PRESSION ET À DÉTENTE VARIABLE DE LA FORCE DE 60 CHEVAUX, ÉTABLIE À PARIS DANS LES ATELIERS DU CHEMIN DE FER DE LYON.",Cette machine motrice à [sic] été construite dans ces ateliers et d'après les dessins de MM. les Ingénieurs en chef Leconte et Delpech.,,,,http://tify.sub.uni-goettingen.de/demo.html?manifest=https://archdataset.dl.itc.u-tokyo.ac.jp/manifest/de6e40d4-06f7-3f8b-6bab-9de8b7f29b2f.json,de6e40d4-06f7-3f8b-6bab-9de8b7f29b2f,https://iiif.dl.itc.u-tokyo.ac.jp/repo/s/ichiko,https://iiif.dl.itc.u-tokyo.ac.jp/repo/s/ichiko/document/de6e40d4-06f7-3f8b-6bab-9de8b7f29b2f,https://www.lib.u-tokyo.ac.jp/ja/library/contents/archives-top/reuse,https://iiif.dl.itc.u-tokyo.ac.jp/repo/files/medium/8b494e328b4ebe7f00edf0985e4274a0c68ae489.jpg,https://iiif.dl.itc.u-tokyo.ac.jp/repo/api/items/541630,"東京大学大学院総合文化研究科・教養学部 駒場博物館 KOMABA MUSEUM, Graduate School of Arts and Sciences and College of Arts and Sciences, The University of Tokyo, JAPAN",,,第一高等学校旧蔵資料,petit-051,,https://iiif.dl.itc.u-tokyo.ac.jp/repo/iiif/de6e40d4-06f7-3f8b-6bab-9de8b7f29b2f/manifest,,,,,1
PL.53 MÉCANIQUE No.42,,,,,,,,,,,,,,,,,,MÉCANIQUE,No.42,DESSIN D'UNE MACHINE A VAPEUR VERTICALE,○,PL.53,―,蒸気機関| 工作機械,A3,―,PETITES ÉTUDES DE LAVIS.,○,"Construite par M. Lecouteux, et etablie dans la fabrique de chocolat sise rue du Faubourg St. Denis, 49, à Paris.",DESSIN D'UNE PETITE MACHINE A PERCER MUE PAR COURROIE.,Modèle de machines à percer en usage dans les Ateliers de Montataire.,,,http://tify.sub.uni-goettingen.de/demo.html?manifest=https://archdataset.dl.itc.u-tokyo.ac.jp/manifest/db207010-3666-9f87-8d1d-2d7152498736.json,db207010-3666-9f87-8d1d-2d7152498736,https://iiif.dl.itc.u-tokyo.ac.jp/repo/s/ichiko,https://iiif.dl.itc.u-tokyo.ac.jp/repo/s/ichiko/document/db207010-3666-9f87-8d1d-2d7152498736,https://www.lib.u-tokyo.ac.jp/ja/library/contents/archives-top/reuse,https://iiif.dl.itc.u-tokyo.ac.jp/repo/files/medium/bb988b531266d8f2b8c39f44d9485bd9b7682c6a.jpg,https://iiif.dl.itc.u-tokyo.ac.jp/repo/api/items/541629,"東京大学大学院総合文化研究科・教養学部 駒場博物館 KOMABA MUSEUM, Graduate School of Arts and Sciences and College of Arts and Sciences, The University of Tokyo, JAPAN",,,第一高等学校旧蔵資料,petit-052,,https://iiif.dl.itc.u-tokyo.ac.jp/repo/iiif/db207010-3666-9f87-8d1d-2d7152498736/manifest,,,,,1
PL.54 MÉCANIQUE-CINÉMATIQUE No.43,,,,,,,,,,,,,,,,,,MÉCANIQUE-CINÉMATIQUE,No.43,ORGANES DE TRANSFORMATION DE MOUVEMENT.,○,PL.54,―,機械部品,A3,―,ÉTUDES DE DESSIN AU LAVIS.,○,DESSIN TYPE DE LA GROSSE TÊTE D'UNE BIELLE MOTRICE EN FERapplicable à une Machine à vapeur de la force de 6 chevaux.,"Cette tête de bielle et la manivelle qui s'y rattache sont copié es sur les machines d'alimentation d'eau, de la force de 6 chevaux, construites par M. Ch. Nepveu, pour le service du Chemin de fer de Sé ville à Cordoue.",,,,http://tify.sub.uni-goettingen.de/demo.html?manifest=https://archdataset.dl.itc.u-tokyo.ac.jp/manifest/720812dd-9db6-47c2-4048-e937dd8f35ef.json,720812dd-9db6-47c2-4048-e937dd8f35ef,https://iiif.dl.itc.u-tokyo.ac.jp/repo/s/ichiko,https://iiif.dl.itc.u-tokyo.ac.jp/repo/s/ichiko/document/720812dd-9db6-47c2-4048-e937dd8f35ef,https://www.lib.u-tokyo.ac.jp/ja/library/contents/archives-top/reuse,https://iiif.dl.itc.u-tokyo.ac.jp/repo/files/medium/1b0dc6f6effd0254940d8c77a674327435cc63ac.jpg,https://iiif.dl.itc.u-tokyo.ac.jp/repo/api/items/541628,"東京大学大学院総合文化研究科・教養学部 駒場博物館 KOMABA MUSEUM, Graduate School of Arts and Sciences and College of Arts and Sciences, The University of Tokyo, JAPAN",,,第一高等学校旧蔵資料,petit-053,,https://iiif.dl.itc.u-tokyo.ac.jp/repo/iiif/720812dd-9db6-47c2-4048-e937dd8f35ef/manifest,,,,,1
PL.55 MÉCANIQUE No.44,,,,,,,,,,,,,,,,,,MÉCANIQUE,No.44,PRESSES.,○,PL.55,―,機械/プレス,A3,○,ÉTUDES DE DESSIN AU LAVIS.,―,DESSIN D'UNE PRESSE À SATINER À PERCUSSION.,"Modèle des presses construites par Mr. Ferry, Mécanicien àParis.",,,,http://tify.sub.uni-goettingen.de/demo.html?manifest=https://archdataset.dl.itc.u-tokyo.ac.jp/manifest/a1ecbdec-449c-5d1c-a43b-cb9e9bb673d7.json,a1ecbdec-449c-5d1c-a43b-cb9e9bb673d7,https://iiif.dl.itc.u-tokyo.ac.jp/repo/s/ichiko,https://iiif.dl.itc.u-tokyo.ac.jp/repo/s/ichiko/document/a1ecbdec-449c-5d1c-a43b-cb9e9bb673d7,https://www.lib.u-tokyo.ac.jp/ja/library/contents/archives-top/reuse,https://iiif.dl.itc.u-tokyo.ac.jp/repo/files/medium/652b40bd3d6425a52163743393953275807a98ef.jpg,https://iiif.dl.itc.u-tokyo.ac.jp/repo/api/items/541627,"東京大学大学院総合文化研究科・教養学部 駒場博物館 KOMABA MUSEUM, Graduate School of Arts and Sciences and College of Arts and Sciences, The University of Tokyo, JAPAN",,,第一高等学校旧蔵資料,petit-054,,https://iiif.dl.itc.u-tokyo.ac.jp/repo/iiif/a1ecbdec-449c-5d1c-a43b-cb9e9bb673d7/manifest,,,,,1
PL.56 MENUISERIE No.2,,,,,,,,,,,,,,,,,,MENUISERIE,No.2,DEVANTURES DE MAGASINS.,○,PL.56,―,建物/商店,A3,○,ÉTUDES DE DESSIN AU LAVIS.,―,"DESSIN D'UNE NOUVELLE DEVANTURE DE MAGASIN CONSTRUITE RUE DE FLEURUS, 23, A PARIS.",Modèle de devanture de peu d'étendue et de décoration simple.,,,,http://tify.sub.uni-goettingen.de/demo.html?manifest=https://archdataset.dl.itc.u-tokyo.ac.jp/manifest/65af3839-a085-22ec-3549-b7dc784a03cd.json,65af3839-a085-22ec-3549-b7dc784a03cd,https://iiif.dl.itc.u-tokyo.ac.jp/repo/s/ichiko,https://iiif.dl.itc.u-tokyo.ac.jp/repo/s/ichiko/document/65af3839-a085-22ec-3549-b7dc784a03cd,https://www.lib.u-tokyo.ac.jp/ja/library/contents/archives-top/reuse,https://iiif.dl.itc.u-tokyo.ac.jp/repo/files/medium/116420ec65e16bee2146de9820148bb005b82fea.jpg,https://iiif.dl.itc.u-tokyo.ac.jp/repo/api/items/541626,"東京大学大学院総合文化研究科・教養学部 駒場博物館 KOMABA MUSEUM, Graduate School of Arts and Sciences and College of Arts and Sciences, The University of Tokyo, JAPAN",,,第一高等学校旧蔵資料,petit-055,,https://iiif.dl.itc.u-tokyo.ac.jp/repo/iiif/65af3839-a085-22ec-3549-b7dc784a03cd/manifest,,,,,1
PL.57 MÉCANIQUE No.45,,,,,,,,,,,,,,,,,,MÉCANIQUE,No.45,MACHINES SOUFFLANTES.,○,PL.57,―,蒸気機関/送風機|蒸気機関車,A3,○,PETITES ÉTUDES DE LAVIS.,―,DESSIN D'UNE MACHINE SOUFFLANTE A VAPEUR DE LA FORCE DE 70 CHEVAUX.,Machine soufflante construite par M. Cav é pour le service des forges de la Providence.,MACHINES LOCOMOTIVES.,DESSIN DES NOUVELLES LOCOMOTIVES A GRANDE VITESSE. (DU SYSTÈME CRAMPTON),"Construites par M. Cail pour le service du chemin de fer du Nord, et d'après les dessins de M. l'ingénieur en chef J. Petiet.",http://tify.sub.uni-goettingen.de/demo.html?manifest=https://archdataset.dl.itc.u-tokyo.ac.jp/manifest/4748a7ef-42db-7f7e-7c56-8318b6a2398d.json,4748a7ef-42db-7f7e-7c56-8318b6a2398d,https://iiif.dl.itc.u-tokyo.ac.jp/repo/s/ichiko,https://iiif.dl.itc.u-tokyo.ac.jp/repo/s/ichiko/document/4748a7ef-42db-7f7e-7c56-8318b6a2398d,https://www.lib.u-tokyo.ac.jp/ja/library/contents/archives-top/reuse,https://iiif.dl.itc.u-tokyo.ac.jp/repo/files/medium/cc430efc5fd381e97c39da54761d366d3d9196a8.jpg,https://iiif.dl.itc.u-tokyo.ac.jp/repo/api/items/541625,"東京大学大学院総合文化研究科・教養学部 駒場博物館 KOMABA MUSEUM, Graduate School of Arts and Sciences and College of Arts and Sciences, The University of Tokyo, JAPAN",,,第一高等学校旧蔵資料,petit-056,,https://iiif.dl.itc.u-tokyo.ac.jp/repo/iiif/4748a7ef-42db-7f7e-7c56-8318b6a2398d/manifest,,,,,1
PL.58 MÉCANIQUE No.46,,,,,,,,,,,,,,,,,,MÉCANIQUE,No.46,CISAILLES.,○,PL.58,―,機械/裁断機,A3,○,ÉTUDES DE DESSIN AU LAVIS.,―,DESSIN D'UNE CISAILLE A GROSSES T ÔLES ÉTABLIE AUX FORGES IMPÉ RIALE DE GUÉRIGNY. (NIÈVRE.),"Cette forte cisaille, dite à queue, a été construite d'après les dessins de MM. Thomas et Laurens Ingénieurs civils.",,,,http://tify.sub.uni-goettingen.de/demo.html?manifest=https://archdataset.dl.itc.u-tokyo.ac.jp/manifest/dd4bfc05-3ff9-8bc4-8032-da2e61d545e4.json,dd4bfc05-3ff9-8bc4-8032-da2e61d545e4,https://iiif.dl.itc.u-tokyo.ac.jp/repo/s/ichiko,https://iiif.dl.itc.u-tokyo.ac.jp/repo/s/ichiko/document/dd4bfc05-3ff9-8bc4-8032-da2e61d545e4,https://www.lib.u-tokyo.ac.jp/ja/library/contents/archives-top/reuse,https://iiif.dl.itc.u-tokyo.ac.jp/repo/files/medium/7afc70f291291f9d7dccbb24d86cf020d325c251.jpg,https://iiif.dl.itc.u-tokyo.ac.jp/repo/api/items/541624,"東京大学大学院総合文化研究科・教養学部 駒場博物館 KOMABA MUSEUM, Graduate School of Arts and Sciences and College of Arts and Sciences, The University of Tokyo, JAPAN",,,第一高等学校旧蔵資料,petit-057,,https://iiif.dl.itc.u-tokyo.ac.jp/repo/iiif/dd4bfc05-3ff9-8bc4-8032-da2e61d545e4/manifest,,,,,1
PL.59 ARCHITECTURE No.2,,,,,,,,,,,,,,,,,,ARCHITECTURE,No.2,ORDRES.,○,PL.59,―,柱,A3,○,ÉTUDES DE DESSIN AU LAVIS.,―,DESSIN DÉTAILLÉ DES DIFFÉRENTES PARTIES DE L'ORDRE TOSCAN.,"d'après Vignole (Jacques Barozzio, dit) célèbre architecte italien",,,,http://tify.sub.uni-goettingen.de/demo.html?manifest=https://archdataset.dl.itc.u-tokyo.ac.jp/manifest/5be97ead-4a69-4754-6ea0-c74596f70dd2.json,5be97ead-4a69-4754-6ea0-c74596f70dd2,https://iiif.dl.itc.u-tokyo.ac.jp/repo/s/ichiko,https://iiif.dl.itc.u-tokyo.ac.jp/repo/s/ichiko/document/5be97ead-4a69-4754-6ea0-c74596f70dd2,https://www.lib.u-tokyo.ac.jp/ja/library/contents/archives-top/reuse,https://iiif.dl.itc.u-tokyo.ac.jp/repo/files/medium/598c8fef633a58a19ab2afb36f13ccfeac32aecd.jpg,https://iiif.dl.itc.u-tokyo.ac.jp/repo/api/items/541623,"東京大学大学院総合文化研究科・教養学部 駒場博物館 KOMABA MUSEUM, Graduate School of Arts and Sciences and College of Arts and Sciences, The University of Tokyo, JAPAN",,,第一高等学校旧蔵資料,petit-058,,https://iiif.dl.itc.u-tokyo.ac.jp/repo/iiif/5be97ead-4a69-4754-6ea0-c74596f70dd2/manifest,,,,,1
PL.60 MENUISERIE No.3,,,,,,,,,,,,,,,,,,MENUISERIE,No.3,PAVILLONS.,○,PL.60,―,建物,A3,○,ÉTUDES DE DESSIN AU LAVIS.,―,DESSIN DES PAVILLONS DE GARDES- CONCIERGES ÉTABLIS DANS LES SQUARES DU TEMPLE ET DE LA TOUR St. JACQUES À PARIS.,"Pavillons construits d'après les dessins de M. Davioud, Architecte en chef des travaux du Bois de Boulogne et des promenades de Paris.",,,,http://tify.sub.uni-goettingen.de/demo.html?manifest=https://archdataset.dl.itc.u-tokyo.ac.jp/manifest/4044b99e-67b8-6a3d-21ae-e68dc2ca5ad6.json,4044b99e-67b8-6a3d-21ae-e68dc2ca5ad6,https://iiif.dl.itc.u-tokyo.ac.jp/repo/s/ichiko,https://iiif.dl.itc.u-tokyo.ac.jp/repo/s/ichiko/document/4044b99e-67b8-6a3d-21ae-e68dc2ca5ad6,https://www.lib.u-tokyo.ac.jp/ja/library/contents/archives-top/reuse,https://iiif.dl.itc.u-tokyo.ac.jp/repo/files/medium/d673fc956823d400a880bd1b00a94060c54c3482.jpg,https://iiif.dl.itc.u-tokyo.ac.jp/repo/api/items/541622,"東京大学大学院総合文化研究科・教養学部 駒場博物館 KOMABA MUSEUM, Graduate School of Arts and Sciences and College of Arts and Sciences, The University of Tokyo, JAPAN",,,第一高等学校旧蔵資料,petit-059,,https://iiif.dl.itc.u-tokyo.ac.jp/repo/iiif/4044b99e-67b8-6a3d-21ae-e68dc2ca5ad6/manifest,,,,,1
PL.61-66 MÉCANIQUE No.47-52,,,,,,,,,,,,,,,,,,MÉCANIQUE,No.47-52,MACHINES  A  VAPEUR.-LOCOMOTIVES.-,○,PL.61-66,―,蒸気機関車,A1,―,-,○,DESSIN DETAILLE DE NOUVELLES LOCOMOTIVES A GRANDE VITESSE (DU SYSTEME CRAMPTON),"Construites par M. J.F. Cail, en 1861, pour le service du chemin de fer du Nord, et d'après les dessins de M. l'ingénieur en chef J. Petiet.",,,,http://tify.sub.uni-goettingen.de/demo.html?manifest=https://archdataset.dl.itc.u-tokyo.ac.jp/manifest/46160e88-2699-7e9c-a22a-7b461b870b77.json,46160e88-2699-7e9c-a22a-7b461b870b77,https://iiif.dl.itc.u-tokyo.ac.jp/repo/s/ichiko,https://iiif.dl.itc.u-tokyo.ac.jp/repo/s/ichiko/document/46160e88-2699-7e9c-a22a-7b461b870b77,https://www.lib.u-tokyo.ac.jp/ja/library/contents/archives-top/reuse,https://iiif.dl.itc.u-tokyo.ac.jp/repo/files/medium/c36affaab44a77d8e9b17fac76c8696293491bb4.jpg,https://iiif.dl.itc.u-tokyo.ac.jp/repo/api/items/541621,"東京大学大学院総合文化研究科・教養学部 駒場博物館 KOMABA MUSEUM, Graduate School of Arts and Sciences and College of Arts and Sciences, The University of Tokyo, JAPAN",,,第一高等学校旧蔵資料,petit-060,,https://iiif.dl.itc.u-tokyo.ac.jp/repo/iiif/46160e88-2699-7e9c-a22a-7b461b870b77/manifest,,,,,1
PL.67 MÉCANIQUE No.53,,,,,,,,,,,,,,,,,,MÉCANIQUE,No.53,MARTEAUX DE FORGES.,○,PL.67,―,機械/蒸気ハンマー,A3,―,ÉTUDES DE DESSIN AU LAVIS.,○,DESSIN D'UN NOUVEAU MARTEAU- PILON À VAPEUR.,Construit aux usines de Fourchambault (Ni èvre ) d'après les dessins de M. l'Ingénieur Emile Martin.,,,,http://tify.sub.uni-goettingen.de/demo.html?manifest=https://archdataset.dl.itc.u-tokyo.ac.jp/manifest/f1571e2c-2f9c-1b7d-17f6-5d6a3c05a646.json,f1571e2c-2f9c-1b7d-17f6-5d6a3c05a646,https://iiif.dl.itc.u-tokyo.ac.jp/repo/s/ichiko,https://iiif.dl.itc.u-tokyo.ac.jp/repo/s/ichiko/document/f1571e2c-2f9c-1b7d-17f6-5d6a3c05a646,https://www.lib.u-tokyo.ac.jp/ja/library/contents/archives-top/reuse,https://iiif.dl.itc.u-tokyo.ac.jp/repo/files/medium/ba7ed58cc1fa38d38d504d4bce46366070176f64.jpg,https://iiif.dl.itc.u-tokyo.ac.jp/repo/api/items/541620,"東京大学大学院総合文化研究科・教養学部 駒場博物館 KOMABA MUSEUM, Graduate School of Arts and Sciences and College of Arts and Sciences, The University of Tokyo, JAPAN",,,第一高等学校旧蔵資料,petit-061,,https://iiif.dl.itc.u-tokyo.ac.jp/repo/iiif/f1571e2c-2f9c-1b7d-17f6-5d6a3c05a646/manifest,,,,,1
PL.68 MENUISERIE No.4,,,,,,,,,,,,,,,,,,MENUISERIE,No.4,PORTES,○,PL.68,―,扉,A3,○,ÉTUDES DE DESSIN AU LAVIS.,―,DESSIN DE LA PORTE DE LA NOUVELLE ÉGLISE DE GRISY-SUR- SEINE.. (SEINE-ET-MARNE),"Porte avec imposte à rosace, construite en bois de chêne de choix, et composée dans le style gothique du XVe. siècle.",,,,http://tify.sub.uni-goettingen.de/demo.html?manifest=https://archdataset.dl.itc.u-tokyo.ac.jp/manifest/b2cfdc9c-448f-412a-367b-55fdee216f39.json,b2cfdc9c-448f-412a-367b-55fdee216f39,https://iiif.dl.itc.u-tokyo.ac.jp/repo/s/ichiko,https://iiif.dl.itc.u-tokyo.ac.jp/repo/s/ichiko/document/b2cfdc9c-448f-412a-367b-55fdee216f39,https://www.lib.u-tokyo.ac.jp/ja/library/contents/archives-top/reuse,https://iiif.dl.itc.u-tokyo.ac.jp/repo/files/medium/0432fbe89dcb45c0bafb4c80a332829b1a29242a.jpg,https://iiif.dl.itc.u-tokyo.ac.jp/repo/api/items/541619,"東京大学大学院総合文化研究科・教養学部 駒場博物館 KOMABA MUSEUM, Graduate School of Arts and Sciences and College of Arts and Sciences, The University of Tokyo, JAPAN",,,第一高等学校旧蔵資料,petit-062,,https://iiif.dl.itc.u-tokyo.ac.jp/repo/iiif/b2cfdc9c-448f-412a-367b-55fdee216f39/manifest,,,,,1
PL.69 MÉCANIQUE No.54,,,,,,,,,,,,,,,,,,MÉCANIQUE,No.54,GRUES.,○,PL.69,―,機械/起重機,A3,○,ÉTUDES DE DESSIN AU LAVIS.,―,DESSIN DÉTAILLÉ D'UNE GRUE FIXE DITE A POTENCE.,"Grue à simple engrenage construite par M. Cavé pour le service des magasins situés rue Ste. Croix de la Bretonnerie, 21 à Paris.",,,,http://tify.sub.uni-goettingen.de/demo.html?manifest=https://archdataset.dl.itc.u-tokyo.ac.jp/manifest/4c114e24-8399-6fb1-6e3c-1c62219d6d81.json,4c114e24-8399-6fb1-6e3c-1c62219d6d81,https://iiif.dl.itc.u-tokyo.ac.jp/repo/s/ichiko,https://iiif.dl.itc.u-tokyo.ac.jp/repo/s/ichiko/document/4c114e24-8399-6fb1-6e3c-1c62219d6d81,https://www.lib.u-tokyo.ac.jp/ja/library/contents/archives-top/reuse,https://iiif.dl.itc.u-tokyo.ac.jp/repo/files/medium/ffeb34086737b32a99f5551f12c798914cbd97d5.jpg,https://iiif.dl.itc.u-tokyo.ac.jp/repo/api/items/541618,"東京大学大学院総合文化研究科・教養学部 駒場博物館 KOMABA MUSEUM, Graduate School of Arts and Sciences and College of Arts and Sciences, The University of Tokyo, JAPAN",,,第一高等学校旧蔵資料,petit-063,,https://iiif.dl.itc.u-tokyo.ac.jp/repo/iiif/4c114e24-8399-6fb1-6e3c-1c62219d6d81/manifest,,,,,1
PL.70 MÉCANIQUE No.55,,,,,,,,,,,,,,,,,,MÉCANIQUE,No.55,MOULINS.,○,PL.70,―,機械/破砕機,A3,―,ÉTUDES DE DESSIN AU LAVIS.,○,ENSEMBLE D'UN MOULIN PORTATIF ACTIONNÉ PAR UNE MACHINE LOCOMOBILE.,"Petit moulin muni d'une paire de meules de 75 centimètres de diamètre, mu par une locomobile de la force de trois chevaux.",,,,http://tify.sub.uni-goettingen.de/demo.html?manifest=https://archdataset.dl.itc.u-tokyo.ac.jp/manifest/c0381259-054f-83ca-6322-85efaf6892f9.json,c0381259-054f-83ca-6322-85efaf6892f9,https://iiif.dl.itc.u-tokyo.ac.jp/repo/s/ichiko,https://iiif.dl.itc.u-tokyo.ac.jp/repo/s/ichiko/document/c0381259-054f-83ca-6322-85efaf6892f9,https://www.lib.u-tokyo.ac.jp/ja/library/contents/archives-top/reuse,https://iiif.dl.itc.u-tokyo.ac.jp/repo/files/medium/978334f6bb6f9f4b8c4f7ec3e139fd364fd9b9ca.jpg,https://iiif.dl.itc.u-tokyo.ac.jp/repo/api/items/541617,"東京大学大学院総合文化研究科・教養学部 駒場博物館 KOMABA MUSEUM, Graduate School of Arts and Sciences and College of Arts and Sciences, The University of Tokyo, JAPAN",,,第一高等学校旧蔵資料,petit-064,,https://iiif.dl.itc.u-tokyo.ac.jp/repo/iiif/c0381259-054f-83ca-6322-85efaf6892f9/manifest,,,,,1
PL.71 ARCHITECTURE No.3,,,,,,,,,,,,,,,,,,ARCHITECTURE,No.3,ORDRE TOSCAN. - FENÊTRES.,○,PL.71,―,窓,A3,○,ÉTUDES DE DESSIN AU LAVIS.,―,DESSIN DES FAÇADES LATÉRALES DU REZ-DE-CHAUSSÉES DES PAVILLONS D'ANGLES DU PALAIS DU LUXEMBOURG. (PARIS.),"Étude d'une fenêtre d écorée de l'ordre toscan (d'après Vignole ), prise sur les pavillons donnant sur la rue de Vaugirard.- Cette fenêtre est surmontée d'une autre fenêtre ornée de balustres et décor ée de l'ordre dorique mutulaire.",,,,http://tify.sub.uni-goettingen.de/demo.html?manifest=https://archdataset.dl.itc.u-tokyo.ac.jp/manifest/6da5e0e9-4750-4e51-0446-fcf570c979e9.json,6da5e0e9-4750-4e51-0446-fcf570c979e9,https://iiif.dl.itc.u-tokyo.ac.jp/repo/s/ichiko,https://iiif.dl.itc.u-tokyo.ac.jp/repo/s/ichiko/document/6da5e0e9-4750-4e51-0446-fcf570c979e9,https://www.lib.u-tokyo.ac.jp/ja/library/contents/archives-top/reuse,https://iiif.dl.itc.u-tokyo.ac.jp/repo/files/medium/fbd29be9d9ef8aaff16c732834648edc198e33d8.jpg,https://iiif.dl.itc.u-tokyo.ac.jp/repo/api/items/541616,"東京大学大学院総合文化研究科・教養学部 駒場博物館 KOMABA MUSEUM, Graduate School of Arts and Sciences and College of Arts and Sciences, The University of Tokyo, JAPAN",,,第一高等学校旧蔵資料,petit-065,,https://iiif.dl.itc.u-tokyo.ac.jp/repo/iiif/6da5e0e9-4750-4e51-0446-fcf570c979e9/manifest,,,,,1
PL.72 MENUISERIE No.5,,,,,,,,,,,,,,,,,,MENUISERIE,No.5,GRANDES PORTES.,○,PL.72,―,扉,A3,○,ÉTUDES DE DESSIN AU LAVIS.,―,DESSIN DE LA PORTE D'ENTRÉE DES B ÂTIMENTS DE LA SOCIÉTÉ D'ENCOURAGEMENT.,Modèle de porte à grands cadres avec faux imposte à jour.- Porte cintrée à deux battants avec guichet dans le battant degauche.,,,,http://tify.sub.uni-goettingen.de/demo.html?manifest=https://archdataset.dl.itc.u-tokyo.ac.jp/manifest/4e05a25c-0ad9-1cc3-367a-527ea5a863f0.json,4e05a25c-0ad9-1cc3-367a-527ea5a863f0,https://iiif.dl.itc.u-tokyo.ac.jp/repo/s/ichiko,https://iiif.dl.itc.u-tokyo.ac.jp/repo/s/ichiko/document/4e05a25c-0ad9-1cc3-367a-527ea5a863f0,https://www.lib.u-tokyo.ac.jp/ja/library/contents/archives-top/reuse,https://iiif.dl.itc.u-tokyo.ac.jp/repo/files/medium/dd4d2c00386aeae6d1f3614249206b766ad4ce55.jpg,https://iiif.dl.itc.u-tokyo.ac.jp/repo/api/items/541615,"東京大学大学院総合文化研究科・教養学部 駒場博物館 KOMABA MUSEUM, Graduate School of Arts and Sciences and College of Arts and Sciences, The University of Tokyo, JAPAN",,,第一高等学校旧蔵資料,petit-066,,https://iiif.dl.itc.u-tokyo.ac.jp/repo/iiif/4e05a25c-0ad9-1cc3-367a-527ea5a863f0/manifest,,,,,1
PL.73 MÉCANIQUE No.56,,,,,,,,,,,,,,,,,,MÉCANIQUE,No.56,MACHINES À VAPEUR  -LOCOMOTIVES,○,PL.73,―,蒸気機関車,A3,―,ÉTUDES DE DESSIN AU LAVIS.,○,DESSIN SIPLIFIÉ DES NOUVELLES LOCOMOTIVES À GRANDE VITESSE. (DU SYSTÈME CRAMPTON.),"Construites par Mr. Cail pour le service du chemin de fer du Nord, et d'après les dessins de M. l'ingé nieur en chef J. Petiet.",,,,http://tify.sub.uni-goettingen.de/demo.html?manifest=https://archdataset.dl.itc.u-tokyo.ac.jp/manifest/fbf4e0d2-26a0-5dc6-60aa-bf3853876471.json,fbf4e0d2-26a0-5dc6-60aa-bf3853876471,https://iiif.dl.itc.u-tokyo.ac.jp/repo/s/ichiko,https://iiif.dl.itc.u-tokyo.ac.jp/repo/s/ichiko/document/fbf4e0d2-26a0-5dc6-60aa-bf3853876471,https://www.lib.u-tokyo.ac.jp/ja/library/contents/archives-top/reuse,https://iiif.dl.itc.u-tokyo.ac.jp/repo/files/medium/e914de14011f066f8146625fc475e52b45585f41.jpg,https://iiif.dl.itc.u-tokyo.ac.jp/repo/api/items/541614,"東京大学大学院総合文化研究科・教養学部 駒場博物館 KOMABA MUSEUM, Graduate School of Arts and Sciences and College of Arts and Sciences, The University of Tokyo, JAPAN",,,第一高等学校旧蔵資料,petit-067,,https://iiif.dl.itc.u-tokyo.ac.jp/repo/iiif/fbf4e0d2-26a0-5dc6-60aa-bf3853876471/manifest,,,,,1
PL.74 MENUISERIE No.6,,,,,,,,,,,,,,,,,,MENUISERIE,No.6,DEVANTURES DE MAGASINS.,○,PL.74,―,建物/商店,A3,○,ÉTUDES DE DESSIN AU LAVIS.,―,"NOUVELLE DEVANTURE DE MAGASIN CONSTRUITE RUE DU TEMPLE, No. 121, A PARIS.",Motif élégant de devanture applicable au revêtement d'une façade plus ou moins étandue.,,,,http://tify.sub.uni-goettingen.de/demo.html?manifest=https://archdataset.dl.itc.u-tokyo.ac.jp/manifest/67993779-3f92-7803-39c1-ff8adb5425b1.json,67993779-3f92-7803-39c1-ff8adb5425b1,https://iiif.dl.itc.u-tokyo.ac.jp/repo/s/ichiko,https://iiif.dl.itc.u-tokyo.ac.jp/repo/s/ichiko/document/67993779-3f92-7803-39c1-ff8adb5425b1,https://www.lib.u-tokyo.ac.jp/ja/library/contents/archives-top/reuse,https://iiif.dl.itc.u-tokyo.ac.jp/repo/files/medium/6c6ee74c2f18ce844329022d7f98fce36c1b9c46.jpg,https://iiif.dl.itc.u-tokyo.ac.jp/repo/api/items/541613,"東京大学大学院総合文化研究科・教養学部 駒場博物館 KOMABA MUSEUM, Graduate School of Arts and Sciences and College of Arts and Sciences, The University of Tokyo, JAPAN",,,第一高等学校旧蔵資料,petit-068,,https://iiif.dl.itc.u-tokyo.ac.jp/repo/iiif/67993779-3f92-7803-39c1-ff8adb5425b1/manifest,,,,,1
PL.75 MÉCANIQUE No.57,,,,,,,,,,,,,,,,,,MÉCANIQUE,No.57,OUTILS. -ÉTAUX.,○,PL.75,―,工具/万力,A3,―,ÉTUDES DE DESSIN AU LAVIS.,―,DESSIN DÉTAILLÉ D'UN ÉTAU A CHAUD OU ÉTAU DE FORGE.,"Modèle d'étaux du poids de 120 kilogrammes, exécuté s par MM. Thomas frè res, constructeurs à Nevers.",,,,http://tify.sub.uni-goettingen.de/demo.html?manifest=https://archdataset.dl.itc.u-tokyo.ac.jp/manifest/2ec683c3-2edb-3ab6-24f7-0863135f7958.json,2ec683c3-2edb-3ab6-24f7-0863135f7958,https://iiif.dl.itc.u-tokyo.ac.jp/repo/s/ichiko,https://iiif.dl.itc.u-tokyo.ac.jp/repo/s/ichiko/document/2ec683c3-2edb-3ab6-24f7-0863135f7958,https://www.lib.u-tokyo.ac.jp/ja/library/contents/archives-top/reuse,https://iiif.dl.itc.u-tokyo.ac.jp/repo/files/medium/f49b059edc78b038a420f5c2a480aa922cdddd97.jpg,https://iiif.dl.itc.u-tokyo.ac.jp/repo/api/items/541612,"東京大学大学院総合文化研究科・教養学部 駒場博物館 KOMABA MUSEUM, Graduate School of Arts and Sciences and College of Arts and Sciences, The University of Tokyo, JAPAN",,,第一高等学校旧蔵資料,petit-069,,https://iiif.dl.itc.u-tokyo.ac.jp/repo/iiif/2ec683c3-2edb-3ab6-24f7-0863135f7958/manifest,,,,,1
PL.76 ARCHITECTURE No.4,,,,,,,,,,,,,,,,,,ARCHITECTURE,No.4,ORDRE TOSCAN. -PORTES.,○,PL.76,―,扉,A3,○,ÉTUDES DE DESSIN AU LAVIS.,―,DESSIN DE LA PORTE PRINCIPALE DU CHATEAU DE PONT-SUR-SEINE (AUBE).,"Étude d'un portique toscan [ ... ] pié destal, d'après Vignole , prise sur une construction du XVIIe. siècle.",,,,http://tify.sub.uni-goettingen.de/demo.html?manifest=https://archdataset.dl.itc.u-tokyo.ac.jp/manifest/1d1afbd7-37a7-915f-722b-856056ef7cb6.json,1d1afbd7-37a7-915f-722b-856056ef7cb6,https://iiif.dl.itc.u-tokyo.ac.jp/repo/s/ichiko,https://iiif.dl.itc.u-tokyo.ac.jp/repo/s/ichiko/document/1d1afbd7-37a7-915f-722b-856056ef7cb6,https://www.lib.u-tokyo.ac.jp/ja/library/contents/archives-top/reuse,https://iiif.dl.itc.u-tokyo.ac.jp/repo/files/medium/a67042347d02fd6cfa1912c33adc0201e42b6fb4.jpg,https://iiif.dl.itc.u-tokyo.ac.jp/repo/api/items/541611,"東京大学大学院総合文化研究科・教養学部 駒場博物館 KOMABA MUSEUM, Graduate School of Arts and Sciences and College of Arts and Sciences, The University of Tokyo, JAPAN",,,第一高等学校旧蔵資料,petit-070,,https://iiif.dl.itc.u-tokyo.ac.jp/repo/iiif/1d1afbd7-37a7-915f-722b-856056ef7cb6/manifest,,,,,1
PL.77 MÉCANIQUE No.58,,,,,,,,,,,,,,,,,,MÉCANIQUE,No.58,CISAILLES.,○,PL.77,―,機械/裁断機,A3,―,ÉTUDES DE DESSIN AU LAVIS.,○,DESSIN D'UNE NOUVELLE CISAILLE À GROSSES TÔLES.,"Modèle des cisailles, dites à guillotine, construites par M. Cavé, pour le service des forges Impériales de Guérigny (Nièvre) et de celles de commentry (Allier).",,,,http://tify.sub.uni-goettingen.de/demo.html?manifest=https://archdataset.dl.itc.u-tokyo.ac.jp/manifest/206ecbb5-03df-2203-67e5-67a335035b9e.json,206ecbb5-03df-2203-67e5-67a335035b9e,https://iiif.dl.itc.u-tokyo.ac.jp/repo/s/ichiko,https://iiif.dl.itc.u-tokyo.ac.jp/repo/s/ichiko/document/206ecbb5-03df-2203-67e5-67a335035b9e,https://www.lib.u-tokyo.ac.jp/ja/library/contents/archives-top/reuse,https://iiif.dl.itc.u-tokyo.ac.jp/repo/files/medium/b4201bd46d84ab72b7a86295be3593a7225cc627.jpg,https://iiif.dl.itc.u-tokyo.ac.jp/repo/api/items/541610,"東京大学大学院総合文化研究科・教養学部 駒場博物館 KOMABA MUSEUM, Graduate School of Arts and Sciences and College of Arts and Sciences, The University of Tokyo, JAPAN",,,第一高等学校旧蔵資料,petit-071,,https://iiif.dl.itc.u-tokyo.ac.jp/repo/iiif/206ecbb5-03df-2203-67e5-67a335035b9e/manifest,,,,,1
PL.78 MENUISERIE No.7,,,,,,,,,,,,,,,,,,MENUISERIE,No.7,CONFESSIONNAL.,○,PL.78,―,建物/告解壇,A3,○,ÉTUDES DE DESSIN AU LAVIS.,―,"DESSIN D'UN CONFESSIONNAL, STYLE GOTHIQUE ÉTABLI DANS L'ÉGLISE St. PIERRE DE DIJON.",,,,,http://tify.sub.uni-goettingen.de/demo.html?manifest=https://archdataset.dl.itc.u-tokyo.ac.jp/manifest/87d66836-340d-122b-8ef8-4d5fbe1f764e.json,87d66836-340d-122b-8ef8-4d5fbe1f764e,https://iiif.dl.itc.u-tokyo.ac.jp/repo/s/ichiko,https://iiif.dl.itc.u-tokyo.ac.jp/repo/s/ichiko/document/87d66836-340d-122b-8ef8-4d5fbe1f764e,https://www.lib.u-tokyo.ac.jp/ja/library/contents/archives-top/reuse,https://iiif.dl.itc.u-tokyo.ac.jp/repo/files/medium/7297cff4590221d8af4e67d8fcf1a85ef97536ca.jpg,https://iiif.dl.itc.u-tokyo.ac.jp/repo/api/items/541609,"東京大学大学院総合文化研究科・教養学部 駒場博物館 KOMABA MUSEUM, Graduate School of Arts and Sciences and College of Arts and Sciences, The University of Tokyo, JAPAN",,,第一高等学校旧蔵資料,petit-072,,https://iiif.dl.itc.u-tokyo.ac.jp/repo/iiif/87d66836-340d-122b-8ef8-4d5fbe1f764e/manifest,,,,,1
PL.79 MÉCANIQUE No.59,,,,,,,,,,,,,,,,,,MÉCANIQUE,No.59,POMPES. MACHINES D'ÉPUISEMENT.,○,PL.79,―,機械/ポンプ,A3,―,ÉTUDES DE DESSIN AU LAVIS.,○,"DESSIN D'UNE POMPE À DEUX PISTONS CONSTRUITE PAR M. HUBERT, INGÉNIEUR MÉCANICIEN À PARIS.",,,,,http://tify.sub.uni-goettingen.de/demo.html?manifest=https://archdataset.dl.itc.u-tokyo.ac.jp/manifest/2fc68c35-9539-3f1d-0aa5-11eff35f1703.json,2fc68c35-9539-3f1d-0aa5-11eff35f1703,https://iiif.dl.itc.u-tokyo.ac.jp/repo/s/ichiko,https://iiif.dl.itc.u-tokyo.ac.jp/repo/s/ichiko/document/2fc68c35-9539-3f1d-0aa5-11eff35f1703,https://www.lib.u-tokyo.ac.jp/ja/library/contents/archives-top/reuse,https://iiif.dl.itc.u-tokyo.ac.jp/repo/files/medium/524b20a7f5283e92e1a393ef6327e9df709fc1fc.jpg,https://iiif.dl.itc.u-tokyo.ac.jp/repo/api/items/541608,"東京大学大学院総合文化研究科・教養学部 駒場博物館 KOMABA MUSEUM, Graduate School of Arts and Sciences and College of Arts and Sciences, The University of Tokyo, JAPAN",,,第一高等学校旧蔵資料,petit-073,,https://iiif.dl.itc.u-tokyo.ac.jp/repo/iiif/2fc68c35-9539-3f1d-0aa5-11eff35f1703/manifest,,,,,1
PL.80 MENUISERIE No.8,,,,,,,,,,,,,,,,,,MENUISERIE,No.8,GRANDES PORTES.,○,PL.80,―,門,A3,○,ÉTUDES DE DESSIN AU LAVIS.,―,"DESSIN DE LA PORTE D'ENTRÉE DU SQUARE CLARY, RUE NEUVE DES MATHURINS, No. 46, A PARIS.","Modèle de porte à deux battants, à claire-voie, avec panneaux à jour, orné e de balustres et surmontée d'une galerie en bois dé coupé.",,,,http://tify.sub.uni-goettingen.de/demo.html?manifest=https://archdataset.dl.itc.u-tokyo.ac.jp/manifest/784c2426-4677-92a4-6312-4c275213230c.json,784c2426-4677-92a4-6312-4c275213230c,https://iiif.dl.itc.u-tokyo.ac.jp/repo/s/ichiko,https://iiif.dl.itc.u-tokyo.ac.jp/repo/s/ichiko/document/784c2426-4677-92a4-6312-4c275213230c,https://www.lib.u-tokyo.ac.jp/ja/library/contents/archives-top/reuse,https://iiif.dl.itc.u-tokyo.ac.jp/repo/files/medium/d4ea874779514b018c8ae706d4a86422098b2b59.jpg,https://iiif.dl.itc.u-tokyo.ac.jp/repo/api/items/541607,"東京大学大学院総合文化研究科・教養学部 駒場博物館 KOMABA MUSEUM, Graduate School of Arts and Sciences and College of Arts and Sciences, The University of Tokyo, JAPAN",,,第一高等学校旧蔵資料,petit-074,,https://iiif.dl.itc.u-tokyo.ac.jp/repo/iiif/784c2426-4677-92a4-6312-4c275213230c/manifest,,,,,1
PL.81 SERRURERIE No.2,,,,,,,,,,,,,,,,,,SERRURERIE,No.2,GRILLES.,○,PL.81,―,門/格子,A3,○,ÉTUDES DE DESSIN AU LAVIS.,―,DESSIN D'UNE DES PORTES D'ENTRÉE DU DÉPÔT No. 6 DES VOITURES DE PARIS.,"Dépôt situé Boulevard d'Enfer, No. 15.",,,,http://tify.sub.uni-goettingen.de/demo.html?manifest=https://archdataset.dl.itc.u-tokyo.ac.jp/manifest/cae9cfa0-8990-9858-22ea-027aeea77dd0.json,cae9cfa0-8990-9858-22ea-027aeea77dd0,https://iiif.dl.itc.u-tokyo.ac.jp/repo/s/ichiko,https://iiif.dl.itc.u-tokyo.ac.jp/repo/s/ichiko/document/cae9cfa0-8990-9858-22ea-027aeea77dd0,https://www.lib.u-tokyo.ac.jp/ja/library/contents/archives-top/reuse,https://iiif.dl.itc.u-tokyo.ac.jp/repo/files/medium/638311b927cb73316e2c37e3f34f413233054a67.jpg,https://iiif.dl.itc.u-tokyo.ac.jp/repo/api/items/541606,"東京大学大学院総合文化研究科・教養学部 駒場博物館 KOMABA MUSEUM, Graduate School of Arts and Sciences and College of Arts and Sciences, The University of Tokyo, JAPAN",,,第一高等学校旧蔵資料,petit-075,,https://iiif.dl.itc.u-tokyo.ac.jp/repo/iiif/cae9cfa0-8990-9858-22ea-027aeea77dd0/manifest,,,,,1
PL.82 MÉCANIQUE No.60,,,,,,,,,,,,,,,,,,MÉCANIQUE,No.60,POMPE A INCENDIE.,○,PL.82,―,機械/ポンプ,A3,―,ÉTUDES DE DESSIN AU LAVIS.,○,"DESSIN D'UNE POMPE A INCENDIE A BALANCIER ET A CYLINDRES VERTICAUX, MONTÉE SUR SON CHARIOT.","Ces pompes sont construites par Mr. Flaud, pour le service de la ville de Paris.",,,,http://tify.sub.uni-goettingen.de/demo.html?manifest=https://archdataset.dl.itc.u-tokyo.ac.jp/manifest/01bbf5c2-4b23-6f55-8a1d-40ba4dce402d.json,01bbf5c2-4b23-6f55-8a1d-40ba4dce402d,https://iiif.dl.itc.u-tokyo.ac.jp/repo/s/ichiko,https://iiif.dl.itc.u-tokyo.ac.jp/repo/s/ichiko/document/01bbf5c2-4b23-6f55-8a1d-40ba4dce402d,https://www.lib.u-tokyo.ac.jp/ja/library/contents/archives-top/reuse,https://iiif.dl.itc.u-tokyo.ac.jp/repo/files/medium/ec92900e10e25e4b9e9274621d4ed3047373d9ea.jpg,https://iiif.dl.itc.u-tokyo.ac.jp/repo/api/items/541605,"東京大学大学院総合文化研究科・教養学部 駒場博物館 KOMABA MUSEUM, Graduate School of Arts and Sciences and College of Arts and Sciences, The University of Tokyo, JAPAN",,,第一高等学校旧蔵資料,petit-076,,https://iiif.dl.itc.u-tokyo.ac.jp/repo/iiif/01bbf5c2-4b23-6f55-8a1d-40ba4dce402d/manifest,,,,,1
PL.83 ARCHITECTURE No.5,,,,,,,,,,,,,,,,,,ARCHITECTURE,No.5,FENÊTRES.,○,PL.83,―,窓,A3,○,ÉTUDES DE DESSIN AU LAVIS.,―,DESSIN DE LA FAÇADE D'UNE DES FEN ÊTRES DU REZ-DE-CHAUSSÉE DES ANNEXES DE L'HÔTEL DE VILLE. (PARIS.),,,,,http://tify.sub.uni-goettingen.de/demo.html?manifest=https://archdataset.dl.itc.u-tokyo.ac.jp/manifest/838652c5-50f9-722c-549f-6a57bc432a0d.json,838652c5-50f9-722c-549f-6a57bc432a0d,https://iiif.dl.itc.u-tokyo.ac.jp/repo/s/ichiko,https://iiif.dl.itc.u-tokyo.ac.jp/repo/s/ichiko/document/838652c5-50f9-722c-549f-6a57bc432a0d,https://www.lib.u-tokyo.ac.jp/ja/library/contents/archives-top/reuse,https://iiif.dl.itc.u-tokyo.ac.jp/repo/files/medium/877218be9a662800884bdd8524f448f431f19024.jpg,https://iiif.dl.itc.u-tokyo.ac.jp/repo/api/items/541604,"東京大学大学院総合文化研究科・教養学部 駒場博物館 KOMABA MUSEUM, Graduate School of Arts and Sciences and College of Arts and Sciences, The University of Tokyo, JAPAN",,,第一高等学校旧蔵資料,petit-077,,https://iiif.dl.itc.u-tokyo.ac.jp/repo/iiif/838652c5-50f9-722c-549f-6a57bc432a0d/manifest,,,,,1
PL.84 MÉCANIQUE No.61,,,,,,,,,,,,,,,,,,MÉCANIQUE,No.61,MACHINES A VAPEUR.,○,PL.84,―,蒸気機関,A3,―,ÉTUDES DE DESSIN AU LAVIS.,○,"DESSIN D'UNE MACHINE A VAPEUR HORIZONTALE CONSTRUITE DANS LES ATELIERS DE Mr. ROUFFET, CONSTRUCTEUR-MÉCANICIEN A PARIS.","Machine à haute pression, à action directe à détente variable de la force de 5 chevaux.",,,,http://tify.sub.uni-goettingen.de/demo.html?manifest=https://archdataset.dl.itc.u-tokyo.ac.jp/manifest/485075a2-9ce8-368a-0b29-7718958c3f03.json,485075a2-9ce8-368a-0b29-7718958c3f03,https://iiif.dl.itc.u-tokyo.ac.jp/repo/s/ichiko,https://iiif.dl.itc.u-tokyo.ac.jp/repo/s/ichiko/document/485075a2-9ce8-368a-0b29-7718958c3f03,https://www.lib.u-tokyo.ac.jp/ja/library/contents/archives-top/reuse,https://iiif.dl.itc.u-tokyo.ac.jp/repo/files/medium/46ec695b9391c82e197e520442f3ce8bb780bb66.jpg,https://iiif.dl.itc.u-tokyo.ac.jp/repo/api/items/541603,"東京大学大学院総合文化研究科・教養学部 駒場博物館 KOMABA MUSEUM, Graduate School of Arts and Sciences and College of Arts and Sciences, The University of Tokyo, JAPAN",,,第一高等学校旧蔵資料,petit-078,,https://iiif.dl.itc.u-tokyo.ac.jp/repo/iiif/485075a2-9ce8-368a-0b29-7718958c3f03/manifest,,,,,1
PL.85 ARCHITECTURE No.6,,,,,,,,,,,,,,,,,,ARCHITECTURE,No.6,ORDRES.,○,PL.85,―,柱,A3,○,ÉTUDES DE DESSIN AU LAVIS.,―,DESSIN DÉTAILLÉ DES DIFFÉRENTES PARTIES DE L'ORDRE DORIQUE MUTULAIRE.,"d'après Vignole (Jacques Barozzio, dit) célèbre architecte italien",,,,http://tify.sub.uni-goettingen.de/demo.html?manifest=https://archdataset.dl.itc.u-tokyo.ac.jp/manifest/22ca9c69-5e6f-4f00-a440-f33b83e868e0.json,22ca9c69-5e6f-4f00-a440-f33b83e868e0,https://iiif.dl.itc.u-tokyo.ac.jp/repo/s/ichiko,https://iiif.dl.itc.u-tokyo.ac.jp/repo/s/ichiko/document/22ca9c69-5e6f-4f00-a440-f33b83e868e0,https://www.lib.u-tokyo.ac.jp/ja/library/contents/archives-top/reuse,https://iiif.dl.itc.u-tokyo.ac.jp/repo/files/medium/cd08ac059c0dd7cd7b66a0e1505ffa5442caaf5e.jpg,https://iiif.dl.itc.u-tokyo.ac.jp/repo/api/items/541602,"東京大学大学院総合文化研究科・教養学部 駒場博物館 KOMABA MUSEUM, Graduate School of Arts and Sciences and College of Arts and Sciences, The University of Tokyo, JAPAN",,,第一高等学校旧蔵資料,petit-079,,https://iiif.dl.itc.u-tokyo.ac.jp/repo/iiif/22ca9c69-5e6f-4f00-a440-f33b83e868e0/manifest,,,,,1
PL.86 MÉCANIQUE No.62,,,,,,,,,,,,,,,,,,MÉCANIQUE,No.62,POMPES A INCENDIE.,―,PL.86,―,ポンプ,A3,○,ÉTUDES DE DESSIN AU LAVIS.,―,DESSIN D'UNE POMPE A INCENDIE A BALANCIER ET A CYLINDRES VERTICAUX.,"Ces pompes sont construites par Mr. Flaud, pour le service de la ville de Paris.",,,,http://tify.sub.uni-goettingen.de/demo.html?manifest=https://archdataset.dl.itc.u-tokyo.ac.jp/manifest/39c0c4da-0581-58a5-46fa-7c18f3352ddd.json,39c0c4da-0581-58a5-46fa-7c18f3352ddd,https://iiif.dl.itc.u-tokyo.ac.jp/repo/s/ichiko,https://iiif.dl.itc.u-tokyo.ac.jp/repo/s/ichiko/document/39c0c4da-0581-58a5-46fa-7c18f3352ddd,https://www.lib.u-tokyo.ac.jp/ja/library/contents/archives-top/reuse,https://iiif.dl.itc.u-tokyo.ac.jp/repo/files/medium/5ccdb99148b8addacb89c126ccbaf73a5d784945.jpg,https://iiif.dl.itc.u-tokyo.ac.jp/repo/api/items/541601,"東京大学大学院総合文化研究科・教養学部 駒場博物館 KOMABA MUSEUM, Graduate School of Arts and Sciences and College of Arts and Sciences, The University of Tokyo, JAPAN",,,第一高等学校旧蔵資料,petit-080,,https://iiif.dl.itc.u-tokyo.ac.jp/repo/iiif/39c0c4da-0581-58a5-46fa-7c18f3352ddd/manifest,,,,,1
PL.87 MÉCANIQUE No.63,,,,,,,,,,,,,,,,,,MÉCANIQUE,No.63,PRESSES.,○,PL.87,―,機械/プレス,A3,―,ÉTUDES DE DESSIN AU LAVIS.,○,DESSIN D'UNE PRESSE À BALANCIER POUR LE GAUFFRAGE ET L'IMPRESSION.,"Modèle des presses construites par Mr. Bernard Steinmetz, Mécanicien à Paris.",,,,http://tify.sub.uni-goettingen.de/demo.html?manifest=https://archdataset.dl.itc.u-tokyo.ac.jp/manifest/a34b9060-8edb-2896-5983-9a4c8be91601.json,a34b9060-8edb-2896-5983-9a4c8be91601,https://iiif.dl.itc.u-tokyo.ac.jp/repo/s/ichiko,https://iiif.dl.itc.u-tokyo.ac.jp/repo/s/ichiko/document/a34b9060-8edb-2896-5983-9a4c8be91601,https://www.lib.u-tokyo.ac.jp/ja/library/contents/archives-top/reuse,https://iiif.dl.itc.u-tokyo.ac.jp/repo/files/medium/e69620bcdb42c58bf205383a3ec24b20ba51748d.jpg,https://iiif.dl.itc.u-tokyo.ac.jp/repo/api/items/541600,"東京大学大学院総合文化研究科・教養学部 駒場博物館 KOMABA MUSEUM, Graduate School of Arts and Sciences and College of Arts and Sciences, The University of Tokyo, JAPAN",,,第一高等学校旧蔵資料,petit-081,,https://iiif.dl.itc.u-tokyo.ac.jp/repo/iiif/a34b9060-8edb-2896-5983-9a4c8be91601/manifest,,,,,1
PL.88 MENUISERIE No.9,,,,,,,,,,,,,,,,,,MENUISERIE,No.9,PARQUETS.,○,PL.88,―,祭壇/床,A3,○,ÉTUDES DE DESSIN AU LAVIS.,―,DESSIN DE LA MOITIÉ DU PARQUET DU SANCTUAIRE.,De l'Eglise St. Vincent de Paul à Paris.,,,,http://tify.sub.uni-goettingen.de/demo.html?manifest=https://archdataset.dl.itc.u-tokyo.ac.jp/manifest/dc095abd-1c94-6051-0328-0ecd22fc79bd.json,dc095abd-1c94-6051-0328-0ecd22fc79bd,https://iiif.dl.itc.u-tokyo.ac.jp/repo/s/ichiko,https://iiif.dl.itc.u-tokyo.ac.jp/repo/s/ichiko/document/dc095abd-1c94-6051-0328-0ecd22fc79bd,https://www.lib.u-tokyo.ac.jp/ja/library/contents/archives-top/reuse,https://iiif.dl.itc.u-tokyo.ac.jp/repo/files/medium/9bf297ec0af3f281cbdb352ac7921d46a5dbb7f3.jpg,https://iiif.dl.itc.u-tokyo.ac.jp/repo/api/items/541599,"東京大学大学院総合文化研究科・教養学部 駒場博物館 KOMABA MUSEUM, Graduate School of Arts and Sciences and College of Arts and Sciences, The University of Tokyo, JAPAN",,,第一高等学校旧蔵資料,petit-082,,https://iiif.dl.itc.u-tokyo.ac.jp/repo/iiif/dc095abd-1c94-6051-0328-0ecd22fc79bd/manifest,,,,,1
PL.89 MÉCANIQUE No.64,,,,,,,,,,,,,,,,,,MÉCANIQUE,No.64,WAGONS,○,PL.89,―,車両/客車,A3,○,ÉTUDES DE DESSIN AU LAVIS.,―,DESSIN D'UN WAGON A VOYAGEURS. (PREMIÈRE CLASSE),Chemin de fer du Nord.,,,,http://tify.sub.uni-goettingen.de/demo.html?manifest=https://archdataset.dl.itc.u-tokyo.ac.jp/manifest/eb275c04-3734-3a3a-0ce6-9d33863c5a41.json,eb275c04-3734-3a3a-0ce6-9d33863c5a41,https://iiif.dl.itc.u-tokyo.ac.jp/repo/s/ichiko,https://iiif.dl.itc.u-tokyo.ac.jp/repo/s/ichiko/document/eb275c04-3734-3a3a-0ce6-9d33863c5a41,https://www.lib.u-tokyo.ac.jp/ja/library/contents/archives-top/reuse,https://iiif.dl.itc.u-tokyo.ac.jp/repo/files/medium/d0eaa3644272f0b07910d31a53fd134e41d99cfb.jpg,https://iiif.dl.itc.u-tokyo.ac.jp/repo/api/items/541598,"東京大学大学院総合文化研究科・教養学部 駒場博物館 KOMABA MUSEUM, Graduate School of Arts and Sciences and College of Arts and Sciences, The University of Tokyo, JAPAN",,,第一高等学校旧蔵資料,petit-083,,https://iiif.dl.itc.u-tokyo.ac.jp/repo/iiif/eb275c04-3734-3a3a-0ce6-9d33863c5a41/manifest,,,,,1
PL.90 ARCHITECTURE No.7,,,,,,,,,,,,,,,,,,ARCHITECTURE,No.7,ORDRE DORIQUE._ FAÇADES.,○,PL.90,―,建物正面,A3,○,ÉTUDES DE DESSIN AU LAVIS.,―,DESSIN DE LA FAÇADE D'UN BUREAU D'OCTROI DES ANÇIENNES BARRIÈRES DE PARIS.,"Étude d'un portique d'ordre dorique denticulaire, avec colonnes sans pié destal et ornées de canelures.",,,,http://tify.sub.uni-goettingen.de/demo.html?manifest=https://archdataset.dl.itc.u-tokyo.ac.jp/manifest/f3cd97e0-2082-8173-4194-343e70f103e3.json,f3cd97e0-2082-8173-4194-343e70f103e3,https://iiif.dl.itc.u-tokyo.ac.jp/repo/s/ichiko,https://iiif.dl.itc.u-tokyo.ac.jp/repo/s/ichiko/document/f3cd97e0-2082-8173-4194-343e70f103e3,https://www.lib.u-tokyo.ac.jp/ja/library/contents/archives-top/reuse,https://iiif.dl.itc.u-tokyo.ac.jp/repo/files/medium/5d9d9e95cc31c5cfb338236077294860e3380bfb.jpg,https://iiif.dl.itc.u-tokyo.ac.jp/repo/api/items/541597,"東京大学大学院総合文化研究科・教養学部 駒場博物館 KOMABA MUSEUM, Graduate School of Arts and Sciences and College of Arts and Sciences, The University of Tokyo, JAPAN",,,第一高等学校旧蔵資料,petit-084,,https://iiif.dl.itc.u-tokyo.ac.jp/repo/iiif/f3cd97e0-2082-8173-4194-343e70f103e3/manifest,,,,,1
PL.91 MÉCANIQUE No.65,,,,,,,,,,,,,,,,,,MÉCANIQUE,No.65,CHARRUE.,○,PL.91,―,鋤/農具| 機械/水車,A3,○,ÉTUDES DE DESSIN AU LAVIS.,―,DESSIN D'UNE CHARRUE A POINTE DE S0C MOBILE.,ROUE HYDRAULIQUE.,DESSIN D'UNE ROUE HYDRAULIQUE AVEC VANNE EN DÉVERSOIR.,,,http://tify.sub.uni-goettingen.de/demo.html?manifest=https://archdataset.dl.itc.u-tokyo.ac.jp/manifest/5a66a67d-1275-a516-9171-60276c949529.json,5a66a67d-1275-a516-9171-60276c949529,https://iiif.dl.itc.u-tokyo.ac.jp/repo/s/ichiko,https://iiif.dl.itc.u-tokyo.ac.jp/repo/s/ichiko/document/5a66a67d-1275-a516-9171-60276c949529,https://www.lib.u-tokyo.ac.jp/ja/library/contents/archives-top/reuse,https://iiif.dl.itc.u-tokyo.ac.jp/repo/files/medium/1347b92f52a0e2833809e9ce0b8bb0f34a41c6c9.jpg,https://iiif.dl.itc.u-tokyo.ac.jp/repo/api/items/541596,"東京大学大学院総合文化研究科・教養学部 駒場博物館 KOMABA MUSEUM, Graduate School of Arts and Sciences and College of Arts and Sciences, The University of Tokyo, JAPAN",,,第一高等学校旧蔵資料,petit-085,,https://iiif.dl.itc.u-tokyo.ac.jp/repo/iiif/5a66a67d-1275-a516-9171-60276c949529/manifest,,,,,1
PL.92 ARCHITECTURE No.8,,,,,,,,,,,,,,,,,,ARCHITECTURE,No.8,FAÇADES.,○,PL.92,―,建物正面,A3,○,ÉTUDES DE DESSIN AU LAVIS.,―,DESSIN SIMPLIFIÉ DE LA FAÇADE DU CONSERVATOIRE DES ARTS ET MÉ TIERS.,Situé Rue Saint Martin à Paris.,,,,http://tify.sub.uni-goettingen.de/demo.html?manifest=https://archdataset.dl.itc.u-tokyo.ac.jp/manifest/6ab5814c-1e8b-9c25-9525-a205ec6e7771.json,6ab5814c-1e8b-9c25-9525-a205ec6e7771,https://iiif.dl.itc.u-tokyo.ac.jp/repo/s/ichiko,https://iiif.dl.itc.u-tokyo.ac.jp/repo/s/ichiko/document/6ab5814c-1e8b-9c25-9525-a205ec6e7771,https://www.lib.u-tokyo.ac.jp/ja/library/contents/archives-top/reuse,https://iiif.dl.itc.u-tokyo.ac.jp/repo/files/medium/775b4ee0a26e6c8b489ce9e067dead7a684f3ade.jpg,https://iiif.dl.itc.u-tokyo.ac.jp/repo/api/items/541595,"東京大学大学院総合文化研究科・教養学部 駒場博物館 KOMABA MUSEUM, Graduate School of Arts and Sciences and College of Arts and Sciences, The University of Tokyo, JAPAN",,,第一高等学校旧蔵資料,petit-086,,https://iiif.dl.itc.u-tokyo.ac.jp/repo/iiif/6ab5814c-1e8b-9c25-9525-a205ec6e7771/manifest,,,,,1
PL.93 MENUISERIE No.10,,,,,,,,,,,,,,,,,,MENUISERIE,No.10,GRANDES PORTES.,○,PL.93,―,建物/入り口,A3,○,ÉTUDES DE DESSIN AU LAVIS.,―,DESSIN DE LA PORTE COCHÈRE D'UNE MAISON SITUÉE BOULEVART DE LA MADELEINE No. 9 (PARIS),Cette porte est à deux battants. Le battant de droite est muni d'un guichet ou petite porte à un seul battant.,,,,http://tify.sub.uni-goettingen.de/demo.html?manifest=https://archdataset.dl.itc.u-tokyo.ac.jp/manifest/ec197383-507e-54f0-0c58-f8c2d05c8318.json,ec197383-507e-54f0-0c58-f8c2d05c8318,https://iiif.dl.itc.u-tokyo.ac.jp/repo/s/ichiko,https://iiif.dl.itc.u-tokyo.ac.jp/repo/s/ichiko/document/ec197383-507e-54f0-0c58-f8c2d05c8318,https://www.lib.u-tokyo.ac.jp/ja/library/contents/archives-top/reuse,https://iiif.dl.itc.u-tokyo.ac.jp/repo/files/medium/5fe6829a723646022c505ccd6e2f66ad41d98c31.jpg,https://iiif.dl.itc.u-tokyo.ac.jp/repo/api/items/541594,"東京大学大学院総合文化研究科・教養学部 駒場博物館 KOMABA MUSEUM, Graduate School of Arts and Sciences and College of Arts and Sciences, The University of Tokyo, JAPAN",,,第一高等学校旧蔵資料,petit-087,,https://iiif.dl.itc.u-tokyo.ac.jp/repo/iiif/ec197383-507e-54f0-0c58-f8c2d05c8318/manifest,,,,,1
PL.94 ARCHITECTURE No.9,,,,,,,,,,,,,,,,,,ARCHITECTURE,No.9,ORDRES.,○,PL.94,―,柱,A3,○,ÉTUDES DE DESSIN AU LAVIS.,―,DESSIN DÉTAILLÉ DES DIFFÉRENTES PARTIES DE L'ORDRE IONIQUE.,"D'après Vignole (Jacques Barozzio, dit) célèbre architecte italien",,,,http://tify.sub.uni-goettingen.de/demo.html?manifest=https://archdataset.dl.itc.u-tokyo.ac.jp/manifest/04f28660-6149-3ffc-6697-d3e0ea0d8cee.json,04f28660-6149-3ffc-6697-d3e0ea0d8cee,https://iiif.dl.itc.u-tokyo.ac.jp/repo/s/ichiko,https://iiif.dl.itc.u-tokyo.ac.jp/repo/s/ichiko/document/04f28660-6149-3ffc-6697-d3e0ea0d8cee,https://www.lib.u-tokyo.ac.jp/ja/library/contents/archives-top/reuse,https://iiif.dl.itc.u-tokyo.ac.jp/repo/files/medium/b735fdab24f4bf73d70263b9c19331911e1fb12c.jpg,https://iiif.dl.itc.u-tokyo.ac.jp/repo/api/items/541593,"東京大学大学院総合文化研究科・教養学部 駒場博物館 KOMABA MUSEUM, Graduate School of Arts and Sciences and College of Arts and Sciences, The University of Tokyo, JAPAN",,,第一高等学校旧蔵資料,petit-088,,https://iiif.dl.itc.u-tokyo.ac.jp/repo/iiif/04f28660-6149-3ffc-6697-d3e0ea0d8cee/manifest,,,,,1
PL.95 MÉCANIQUE No.66,,,,,,,,,,,,,,,,,,MÉCANIQUE,No.66,MOULINS.,○,PL.95,―,製粉機/水力,A3,○,ÉTUDES DE DESSIN AU LAVIS.,―,"ENSEMBLE D'UN MOULIN A BLÉ, SYST ÈME AMÉRICAIN ACTIONNÉ PAR UN MOTEUR HYDRAURIQUE.","Ce moulin est muni de quatre paires de meules de 1 mètre 30 centimètres de diamè tre, et mu par une roue à palettes.",,,,http://tify.sub.uni-goettingen.de/demo.html?manifest=https://archdataset.dl.itc.u-tokyo.ac.jp/manifest/ae000f3b-811c-29f7-1ece-abdedffe17c2.json,ae000f3b-811c-29f7-1ece-abdedffe17c2,https://iiif.dl.itc.u-tokyo.ac.jp/repo/s/ichiko,https://iiif.dl.itc.u-tokyo.ac.jp/repo/s/ichiko/document/ae000f3b-811c-29f7-1ece-abdedffe17c2,https://www.lib.u-tokyo.ac.jp/ja/library/contents/archives-top/reuse,https://iiif.dl.itc.u-tokyo.ac.jp/repo/files/medium/2fdd0efac845ee34af398e3645da0953c91c4bdc.jpg,https://iiif.dl.itc.u-tokyo.ac.jp/repo/api/items/541592,"東京大学大学院総合文化研究科・教養学部 駒場博物館 KOMABA MUSEUM, Graduate School of Arts and Sciences and College of Arts and Sciences, The University of Tokyo, JAPAN",,,第一高等学校旧蔵資料,petit-089,,https://iiif.dl.itc.u-tokyo.ac.jp/repo/iiif/ae000f3b-811c-29f7-1ece-abdedffe17c2/manifest,,,,,1
PL.96 ARCHITECTURE No.10,,,,,,,,,,,,,,,,,,ARCHITECTURE,No.10,ORDRE TOSCAN. _ PORTES.,―,PL.96,―,建物/入り口,A3,○,ÉTUDES DE DESSIN AU LAVIS.,―,DESSIN D'UN PORTIQUE TOSCAN D'APRÈS VIGNOLE.,"avec colonnes sans piédestal, et surmont é d'un Fronton.",,,,http://tify.sub.uni-goettingen.de/demo.html?manifest=https://archdataset.dl.itc.u-tokyo.ac.jp/manifest/152a38ac-96dc-5f17-01e7-f78aaa0a62b2.json,152a38ac-96dc-5f17-01e7-f78aaa0a62b2,https://iiif.dl.itc.u-tokyo.ac.jp/repo/s/ichiko,https://iiif.dl.itc.u-tokyo.ac.jp/repo/s/ichiko/document/152a38ac-96dc-5f17-01e7-f78aaa0a62b2,https://www.lib.u-tokyo.ac.jp/ja/library/contents/archives-top/reuse,https://iiif.dl.itc.u-tokyo.ac.jp/repo/files/medium/60c802d4a3176ecd6cdd087dd1bf6dddd95fddc5.jpg,https://iiif.dl.itc.u-tokyo.ac.jp/repo/api/items/541591,"東京大学大学院総合文化研究科・教養学部 駒場博物館 KOMABA MUSEUM, Graduate School of Arts and Sciences and College of Arts and Sciences, The University of Tokyo, JAPAN",,,第一高等学校旧蔵資料,petit-090,,https://iiif.dl.itc.u-tokyo.ac.jp/repo/iiif/152a38ac-96dc-5f17-01e7-f78aaa0a62b2/manifest,,,,,1
PL.97 MÉCANIQUE No.67,,,,,,,,,,,,,,,,,,MÉCANIQUE,No.67,MACHINES A VAPEUR.,○,PL.97,―,蒸気機関,A3,○,ÉTUDES DE DESSIN AU LAVIS.,―,DESSIN D'UNE MACHINE A VAPEUR HORIZONTALE CONSTRUITE DANS LES ATELIERS DE Mr. FLAUD INGÉNIEUR M ÉCANICIEN A PARIS.,"Machine à haute pression, à action directe, à détente, de la force de 10 Chevaux.",,,,http://tify.sub.uni-goettingen.de/demo.html?manifest=https://archdataset.dl.itc.u-tokyo.ac.jp/manifest/52245a09-114e-19bf-46ad-9f1d72f879b7.json,52245a09-114e-19bf-46ad-9f1d72f879b7,https://iiif.dl.itc.u-tokyo.ac.jp/repo/s/ichiko,https://iiif.dl.itc.u-tokyo.ac.jp/repo/s/ichiko/document/52245a09-114e-19bf-46ad-9f1d72f879b7,https://www.lib.u-tokyo.ac.jp/ja/library/contents/archives-top/reuse,https://iiif.dl.itc.u-tokyo.ac.jp/repo/files/medium/a9fd939538c0b55f1bbf660e9e47adf3af4c9c96.jpg,https://iiif.dl.itc.u-tokyo.ac.jp/repo/api/items/541590,"東京大学大学院総合文化研究科・教養学部 駒場博物館 KOMABA MUSEUM, Graduate School of Arts and Sciences and College of Arts and Sciences, The University of Tokyo, JAPAN",,,第一高等学校旧蔵資料,petit-091,,https://iiif.dl.itc.u-tokyo.ac.jp/repo/iiif/52245a09-114e-19bf-46ad-9f1d72f879b7/manifest,,,,,1
PL.98 ARCHITECTURE No.11,,,,,,,,,,,,,,,,,,ARCHITECTURE,No.11,ORDRES.,○,PL.98,―,柱,A3,○,ÉTUDES DE DESSIN AU LAVIS.,―,DESSIN DÉTAILLÉ DES DIFFÉRENTES PARTIES DE L'ORDRE CORINTHIEN.,"d'après Vignole (Jacques Barozzio, dit) célèbre architecte italien",,,,http://tify.sub.uni-goettingen.de/demo.html?manifest=https://archdataset.dl.itc.u-tokyo.ac.jp/manifest/6e186fd5-4d15-681f-3f0a-0e8c46d02280.json,6e186fd5-4d15-681f-3f0a-0e8c46d02280,https://iiif.dl.itc.u-tokyo.ac.jp/repo/s/ichiko,https://iiif.dl.itc.u-tokyo.ac.jp/repo/s/ichiko/document/6e186fd5-4d15-681f-3f0a-0e8c46d02280,https://www.lib.u-tokyo.ac.jp/ja/library/contents/archives-top/reuse,https://iiif.dl.itc.u-tokyo.ac.jp/repo/files/medium/0f7ad7db7f63383700edc26bc0030e5c648470d1.jpg,https://iiif.dl.itc.u-tokyo.ac.jp/repo/api/items/541589,"東京大学大学院総合文化研究科・教養学部 駒場博物館 KOMABA MUSEUM, Graduate School of Arts and Sciences and College of Arts and Sciences, The University of Tokyo, JAPAN",,,第一高等学校旧蔵資料,petit-092,,https://iiif.dl.itc.u-tokyo.ac.jp/repo/iiif/6e186fd5-4d15-681f-3f0a-0e8c46d02280/manifest,,,,,1
PL.99 ARCHITECTURE No.12,,,,,,,,,,,,,,,,,,ARCHITECTURE,No.12,FAÇADES.,○,PL.99,―,建物正面,A3,○,ÉTUDES DE DESSIN AU LAVIS.,―,DESSIN SIMPLIFIÉ DE LA FAÇADE LAT ÉRALE DE LA FONTAINE MOLIÈRE A PARIS.,construite d'après les dessins de Mr.Visconti.,,,,http://tify.sub.uni-goettingen.de/demo.html?manifest=https://archdataset.dl.itc.u-tokyo.ac.jp/manifest/8542a34b-5d7b-0aa2-484f-64061cb53eb9.json,8542a34b-5d7b-0aa2-484f-64061cb53eb9,https://iiif.dl.itc.u-tokyo.ac.jp/repo/s/ichiko,https://iiif.dl.itc.u-tokyo.ac.jp/repo/s/ichiko/document/8542a34b-5d7b-0aa2-484f-64061cb53eb9,https://www.lib.u-tokyo.ac.jp/ja/library/contents/archives-top/reuse,https://iiif.dl.itc.u-tokyo.ac.jp/repo/files/medium/d81d404770beab40eb8f5b13a61369726af4623b.jpg,https://iiif.dl.itc.u-tokyo.ac.jp/repo/api/items/541588,"東京大学大学院総合文化研究科・教養学部 駒場博物館 KOMABA MUSEUM, Graduate School of Arts and Sciences and College of Arts and Sciences, The University of Tokyo, JAPAN",,,第一高等学校旧蔵資料,petit-093,,https://iiif.dl.itc.u-tokyo.ac.jp/repo/iiif/8542a34b-5d7b-0aa2-484f-64061cb53eb9/manifest,,,,,1
PL.100 MÉCANIQUE No.68,,,,,,,,,,,,,,,,,,MÉCANIQUE,No.68,MACHINES A AIR DILATÉ.,○,PL.100,―,機械/内燃機関,A3,―,ÉTUDES DE DESSIN AU LAVIS.,○,DESSIN D'UNE MACHINES A AIR DILAT É PAR LA COMBUSTION DES GAZ AU MOYEN DE L'ÉLECTRICITÉ.,Inventée par Mr. LENOIR Ingénieur et construite par Mr. MARINONI mécanicien à Paris.,,,,http://tify.sub.uni-goettingen.de/demo.html?manifest=https://archdataset.dl.itc.u-tokyo.ac.jp/manifest/460d1e45-6420-5e4e-6185-241c73f75b9f.json,460d1e45-6420-5e4e-6185-241c73f75b9f,https://iiif.dl.itc.u-tokyo.ac.jp/repo/s/ichiko,https://iiif.dl.itc.u-tokyo.ac.jp/repo/s/ichiko/document/460d1e45-6420-5e4e-6185-241c73f75b9f,https://www.lib.u-tokyo.ac.jp/ja/library/contents/archives-top/reuse,https://iiif.dl.itc.u-tokyo.ac.jp/repo/files/medium/c577d8b48f3a29e4f2335286db4479ad7ccc4e74.jpg,https://iiif.dl.itc.u-tokyo.ac.jp/repo/api/items/541587,"東京大学大学院総合文化研究科・教養学部 駒場博物館 KOMABA MUSEUM, Graduate School of Arts and Sciences and College of Arts and Sciences, The University of Tokyo, JAPAN",,,第一高等学校旧蔵資料,petit-094,,https://iiif.dl.itc.u-tokyo.ac.jp/repo/iiif/460d1e45-6420-5e4e-6185-241c73f75b9f/manifest,,,,,1
PL.101 ARCHITECTURE No.13,,,,,,,,,,,,,,,,,,ARCHITECTURE,No.13,ORDRES DORIQUE. _ PORTES.,○,PL.101,―,建物/入り口,A3,○,ÉTUDES DE DESSIN AU LAVIS.,―,DESSIN DE LA PORTE D'ENTRÉE D'UNE MAISON SITUÉE RUE LAFFITE (PARIS).,Étude d'un portique dorique avec pié destal d'après Vignole.,,,,http://tify.sub.uni-goettingen.de/demo.html?manifest=https://archdataset.dl.itc.u-tokyo.ac.jp/manifest/a204937e-0299-4064-7f3f-cc09e78d43d5.json,a204937e-0299-4064-7f3f-cc09e78d43d5,https://iiif.dl.itc.u-tokyo.ac.jp/repo/s/ichiko,https://iiif.dl.itc.u-tokyo.ac.jp/repo/s/ichiko/document/a204937e-0299-4064-7f3f-cc09e78d43d5,https://www.lib.u-tokyo.ac.jp/ja/library/contents/archives-top/reuse,https://iiif.dl.itc.u-tokyo.ac.jp/repo/files/medium/42a7b99089c5a7ce3369183aa451ecf60ff79415.jpg,https://iiif.dl.itc.u-tokyo.ac.jp/repo/api/items/541586,"東京大学大学院総合文化研究科・教養学部 駒場博物館 KOMABA MUSEUM, Graduate School of Arts and Sciences and College of Arts and Sciences, The University of Tokyo, JAPAN",,,第一高等学校旧蔵資料,petit-095,,https://iiif.dl.itc.u-tokyo.ac.jp/repo/iiif/a204937e-0299-4064-7f3f-cc09e78d43d5/manifest,,,,,1
PL.102 MÉCANIQUE No.69,,,,,,,,,,,,,,,,,,MÉCANIQUE,No.69,POMPE A INCENDIE.,○,PL.102,―,機械/ポンプ,A3,―,ÉTUDES DE DESSIN AU LAVIS.,○,Dessin d'une Pompe à incendie à balancier et à cylindres verticaux.,,,,,http://tify.sub.uni-goettingen.de/demo.html?manifest=https://archdataset.dl.itc.u-tokyo.ac.jp/manifest/9b375fe0-06ce-7876-1a8b-882661656bcd.json,9b375fe0-06ce-7876-1a8b-882661656bcd,https://iiif.dl.itc.u-tokyo.ac.jp/repo/s/ichiko,https://iiif.dl.itc.u-tokyo.ac.jp/repo/s/ichiko/document/9b375fe0-06ce-7876-1a8b-882661656bcd,https://www.lib.u-tokyo.ac.jp/ja/library/contents/archives-top/reuse,https://iiif.dl.itc.u-tokyo.ac.jp/repo/files/medium/6734ef19ca295e194cb61aeff79daeafec80344d.jpg,https://iiif.dl.itc.u-tokyo.ac.jp/repo/api/items/541585,"東京大学大学院総合文化研究科・教養学部 駒場博物館 KOMABA MUSEUM, Graduate School of Arts and Sciences and College of Arts and Sciences, The University of Tokyo, JAPAN",,,第一高等学校旧蔵資料,petit-096,,https://iiif.dl.itc.u-tokyo.ac.jp/repo/iiif/9b375fe0-06ce-7876-1a8b-882661656bcd/manifest,,,,,1
PL.103 MÉCANIQUE No.70,,,,,,,,,,,,,,,,,,MÉCANIQUE,No.70,WAGONS,○,PL.103,―,車両/貨車,A3,―,ÉTUDES DE DESSIN AU LAVIS.,○,DESSIN D'UN WAGON COUVERT A VOLETS POUR BAGAGES DU CHEMIN DE FER DE L'OUEST.,,,,,http://tify.sub.uni-goettingen.de/demo.html?manifest=https://archdataset.dl.itc.u-tokyo.ac.jp/manifest/6296d7e9-25d7-0ec8-6b2d-10a74c671474.json,6296d7e9-25d7-0ec8-6b2d-10a74c671474,https://iiif.dl.itc.u-tokyo.ac.jp/repo/s/ichiko,https://iiif.dl.itc.u-tokyo.ac.jp/repo/s/ichiko/document/6296d7e9-25d7-0ec8-6b2d-10a74c671474,https://www.lib.u-tokyo.ac.jp/ja/library/contents/archives-top/reuse,https://iiif.dl.itc.u-tokyo.ac.jp/repo/files/medium/5d6831af31144bb0e51235151f0b1d15197eb5da.jpg,https://iiif.dl.itc.u-tokyo.ac.jp/repo/api/items/541584,"東京大学大学院総合文化研究科・教養学部 駒場博物館 KOMABA MUSEUM, Graduate School of Arts and Sciences and College of Arts and Sciences, The University of Tokyo, JAPAN",,,第一高等学校旧蔵資料,petit-097,,https://iiif.dl.itc.u-tokyo.ac.jp/repo/iiif/6296d7e9-25d7-0ec8-6b2d-10a74c671474/manifest,,,,,1
PL.104 MÉCANIQUE No.71,,,,,,,,,,,,,,,,,,MÉCANIQUE,No.71,TENDERS.,○,PL.104,―,車両/炭水車,A3,―,ÉTUDES DE DESSIN AU LAVIS.,○,DISSIN D'UN TENDER DU CHEMIN DE FER DE L'EST.,,,,,http://tify.sub.uni-goettingen.de/demo.html?manifest=https://archdataset.dl.itc.u-tokyo.ac.jp/manifest/621e752c-604b-17d1-9311-7f9e1aae9ba1.json,621e752c-604b-17d1-9311-7f9e1aae9ba1,https://iiif.dl.itc.u-tokyo.ac.jp/repo/s/ichiko,https://iiif.dl.itc.u-tokyo.ac.jp/repo/s/ichiko/document/621e752c-604b-17d1-9311-7f9e1aae9ba1,https://www.lib.u-tokyo.ac.jp/ja/library/contents/archives-top/reuse,https://iiif.dl.itc.u-tokyo.ac.jp/repo/files/medium/a83a74c76ad77b6754c4667176f1e665dc2d1832.jpg,https://iiif.dl.itc.u-tokyo.ac.jp/repo/api/items/541583,"東京大学大学院総合文化研究科・教養学部 駒場博物館 KOMABA MUSEUM, Graduate School of Arts and Sciences and College of Arts and Sciences, The University of Tokyo, JAPAN",,,第一高等学校旧蔵資料,petit-098,,https://iiif.dl.itc.u-tokyo.ac.jp/repo/iiif/621e752c-604b-17d1-9311-7f9e1aae9ba1/manifest,,,,,1
PL.105 (ARCHITECTURE) (No.14),,,,,,,,,,,,,,,,,,(ARCHITECTURE),(No.14),DÉTAILS DES ORDRES D'ARCHITECTURE.,○,PL.105,―,柱,A3,○,-,―,,,,,,http://tify.sub.uni-goettingen.de/demo.html?manifest=https://archdataset.dl.itc.u-tokyo.ac.jp/manifest/c3352517-89e1-0dd6-a6d9-8bfb3e744644.json,c3352517-89e1-0dd6-a6d9-8bfb3e744644,https://iiif.dl.itc.u-tokyo.ac.jp/repo/s/ichiko,https://iiif.dl.itc.u-tokyo.ac.jp/repo/s/ichiko/document/c3352517-89e1-0dd6-a6d9-8bfb3e744644,https://www.lib.u-tokyo.ac.jp/ja/library/contents/archives-top/reuse,https://iiif.dl.itc.u-tokyo.ac.jp/repo/files/medium/50b4b168a2530ddc5a4884fdce0ebc50a24913e1.jpg,https://iiif.dl.itc.u-tokyo.ac.jp/repo/api/items/541582,"東京大学大学院総合文化研究科・教養学部 駒場博物館 KOMABA MUSEUM, Graduate School of Arts and Sciences and College of Arts and Sciences, The University of Tokyo, JAPAN",,,第一高等学校旧蔵資料,petit-099,,https://iiif.dl.itc.u-tokyo.ac.jp/repo/iiif/c3352517-89e1-0dd6-a6d9-8bfb3e744644/manifest,,,,,1
PL.106 (ARCHITECTURE) (No.15),,,,,,,,,,,,,,,,,,(ARCHITECTURE),(No.15),DÉTAILS DES ORDRES D'ARCHITECTURE.,○,PL.106,―,柱,A3,○,-,―,,,,,,http://tify.sub.uni-goettingen.de/demo.html?manifest=https://archdataset.dl.itc.u-tokyo.ac.jp/manifest/04a6e1fa-9631-824f-3300-dc844f8c9a51.json,04a6e1fa-9631-824f-3300-dc844f8c9a51,https://iiif.dl.itc.u-tokyo.ac.jp/repo/s/ichiko,https://iiif.dl.itc.u-tokyo.ac.jp/repo/s/ichiko/document/04a6e1fa-9631-824f-3300-dc844f8c9a51,https://www.lib.u-tokyo.ac.jp/ja/library/contents/archives-top/reuse,https://iiif.dl.itc.u-tokyo.ac.jp/repo/files/medium/2b97b5a6f87a7756071ec47ab4506e14fb4276f1.jpg,https://iiif.dl.itc.u-tokyo.ac.jp/repo/api/items/541581,"東京大学大学院総合文化研究科・教養学部 駒場博物館 KOMABA MUSEUM, Graduate School of Arts and Sciences and College of Arts and Sciences, The University of Tokyo, JAPAN",,,第一高等学校旧蔵資料,petit-100,,https://iiif.dl.itc.u-tokyo.ac.jp/repo/iiif/04a6e1fa-9631-824f-3300-dc844f8c9a51/manifest,,,,,1
PL.107 (ARCHITECTURE) (No.16),,,,,,,,,,,,,,,,,,(ARCHITECTURE),(No.16),DÉTAILS DES ORDRES D'ARCHITECTURE.,○,PL.107,―,柱,A3,○,-,―,,,,,,http://tify.sub.uni-goettingen.de/demo.html?manifest=https://archdataset.dl.itc.u-tokyo.ac.jp/manifest/e70ae4d7-1313-50d4-6d54-1ce205cc4780.json,e70ae4d7-1313-50d4-6d54-1ce205cc4780,https://iiif.dl.itc.u-tokyo.ac.jp/repo/s/ichiko,https://iiif.dl.itc.u-tokyo.ac.jp/repo/s/ichiko/document/e70ae4d7-1313-50d4-6d54-1ce205cc4780,https://www.lib.u-tokyo.ac.jp/ja/library/contents/archives-top/reuse,https://iiif.dl.itc.u-tokyo.ac.jp/repo/files/medium/ad20555fb53b0d42bd6871bbb187eb3d324749b9.jpg,https://iiif.dl.itc.u-tokyo.ac.jp/repo/api/items/541580,"東京大学大学院総合文化研究科・教養学部 駒場博物館 KOMABA MUSEUM, Graduate School of Arts and Sciences and College of Arts and Sciences, The University of Tokyo, JAPAN",,,第一高等学校旧蔵資料,petit-101,,https://iiif.dl.itc.u-tokyo.ac.jp/repo/iiif/e70ae4d7-1313-50d4-6d54-1ce205cc4780/manifest,,,,,1
PL.108 (ARCHITECTURE) (No.17),,,,,,,,,,,,,,,,,,(ARCHITECTURE),(No.17),DÉTAILS DES ORDRES D'ARCHITECTURE.,○,PL.108,―,柱,A3,○,-,―,,,,,,http://tify.sub.uni-goettingen.de/demo.html?manifest=https://archdataset.dl.itc.u-tokyo.ac.jp/manifest/6b356c13-2a7d-43d3-3439-66ec29069e6a.json,6b356c13-2a7d-43d3-3439-66ec29069e6a,https://iiif.dl.itc.u-tokyo.ac.jp/repo/s/ichiko,https://iiif.dl.itc.u-tokyo.ac.jp/repo/s/ichiko/document/6b356c13-2a7d-43d3-3439-66ec29069e6a,https://www.lib.u-tokyo.ac.jp/ja/library/contents/archives-top/reuse,https://iiif.dl.itc.u-tokyo.ac.jp/repo/files/medium/864ebcb3c68044707968d4b5c5df8112a22e410a.jpg,https://iiif.dl.itc.u-tokyo.ac.jp/repo/api/items/541579,"東京大学大学院総合文化研究科・教養学部 駒場博物館 KOMABA MUSEUM, Graduate School of Arts and Sciences and College of Arts and Sciences, The University of Tokyo, JAPAN",,,第一高等学校旧蔵資料,petit-102,,https://iiif.dl.itc.u-tokyo.ac.jp/repo/iiif/6b356c13-2a7d-43d3-3439-66ec29069e6a/manifest,,,,,1
PL.109 (ARCHITECTURE) (No.18),,,,,,,,,,,,,,,,,,(ARCHITECTURE),(No.18),DÉTAILS DES ORDRES D'ARCHITECTURE.,○,PL.109,―,柱,A3,○,-,―,,,,,,http://tify.sub.uni-goettingen.de/demo.html?manifest=https://archdataset.dl.itc.u-tokyo.ac.jp/manifest/007568ff-033c-81f8-2c71-7955195b1da4.json,007568ff-033c-81f8-2c71-7955195b1da4,https://iiif.dl.itc.u-tokyo.ac.jp/repo/s/ichiko,https://iiif.dl.itc.u-tokyo.ac.jp/repo/s/ichiko/document/007568ff-033c-81f8-2c71-7955195b1da4,https://www.lib.u-tokyo.ac.jp/ja/library/contents/archives-top/reuse,https://iiif.dl.itc.u-tokyo.ac.jp/repo/files/medium/2b3942810a92ec5b77a731b87cef685e38578a02.jpg,https://iiif.dl.itc.u-tokyo.ac.jp/repo/api/items/541578,"東京大学大学院総合文化研究科・教養学部 駒場博物館 KOMABA MUSEUM, Graduate School of Arts and Sciences and College of Arts and Sciences, The University of Tokyo, JAPAN",,,第一高等学校旧蔵資料,petit-103,,https://iiif.dl.itc.u-tokyo.ac.jp/repo/iiif/007568ff-033c-81f8-2c71-7955195b1da4/manifest,,,,,1
PL.110 (ARCHITECTURE) (No.19),,,,,,,,,,,,,,,,,,(ARCHITECTURE),(No.19),DÉTAILS DES ORDRES D'ARCHITECTURE.,○,PL.110,―,柱,A3,○,-,―,,,,,,http://tify.sub.uni-goettingen.de/demo.html?manifest=https://archdataset.dl.itc.u-tokyo.ac.jp/manifest/1ba90b8e-12e2-3e5a-4126-d395e3c0584a.json,1ba90b8e-12e2-3e5a-4126-d395e3c0584a,https://iiif.dl.itc.u-tokyo.ac.jp/repo/s/ichiko,https://iiif.dl.itc.u-tokyo.ac.jp/repo/s/ichiko/document/1ba90b8e-12e2-3e5a-4126-d395e3c0584a,https://www.lib.u-tokyo.ac.jp/ja/library/contents/archives-top/reuse,https://iiif.dl.itc.u-tokyo.ac.jp/repo/files/medium/c565f94edd2b76fa8bf09f897538cff61cea4240.jpg,https://iiif.dl.itc.u-tokyo.ac.jp/repo/api/items/541577,"東京大学大学院総合文化研究科・教養学部 駒場博物館 KOMABA MUSEUM, Graduate School of Arts and Sciences and College of Arts and Sciences, The University of Tokyo, JAPAN",,,第一高等学校旧蔵資料,petit-104,,https://iiif.dl.itc.u-tokyo.ac.jp/repo/iiif/1ba90b8e-12e2-3e5a-4126-d395e3c0584a/manifest,,,,,1
PL.111 PROJECTIONS (No.1),,,,,,,,,,,,,,,,,,PROJECTIONS,(No.1),PROJECTIONS.,○,PL.111,―,投影,A3,○,-,―,des Teintes dites refondues sur des figures planes (applications aux Prismes ou Solides.),,,,,http://tify.sub.uni-goettingen.de/demo.html?manifest=https://archdataset.dl.itc.u-tokyo.ac.jp/manifest/ce81059c-506e-9eed-8ec8-ee0f9ca464e1.json,ce81059c-506e-9eed-8ec8-ee0f9ca464e1,https://iiif.dl.itc.u-tokyo.ac.jp/repo/s/ichiko,https://iiif.dl.itc.u-tokyo.ac.jp/repo/s/ichiko/document/ce81059c-506e-9eed-8ec8-ee0f9ca464e1,https://www.lib.u-tokyo.ac.jp/ja/library/contents/archives-top/reuse,https://iiif.dl.itc.u-tokyo.ac.jp/repo/files/medium/34c70cdf37acae713e058908952409c09a7007ea.jpg,https://iiif.dl.itc.u-tokyo.ac.jp/repo/api/items/541576,"東京大学大学院総合文化研究科・教養学部 駒場博物館 KOMABA MUSEUM, Graduate School of Arts and Sciences and College of Arts and Sciences, The University of Tokyo, JAPAN",,,第一高等学校旧蔵資料,petit-105,,https://iiif.dl.itc.u-tokyo.ac.jp/repo/iiif/ce81059c-506e-9eed-8ec8-ee0f9ca464e1/manifest,,,,,1
PL.112 (ARCHITECTURE) (No.20),,,,,,,,,,,,,,,,,,(ARCHITECTURE),(No.20),"Moulures Composées, manière de les Ombrer et de les laver.",○,PL.112,―,建物/くり型,A3,○,-,―,,,,,,http://tify.sub.uni-goettingen.de/demo.html?manifest=https://archdataset.dl.itc.u-tokyo.ac.jp/manifest/8a0eced1-4db4-6d27-3116-e2dd0ea19dc9.json,8a0eced1-4db4-6d27-3116-e2dd0ea19dc9,https://iiif.dl.itc.u-tokyo.ac.jp/repo/s/ichiko,https://iiif.dl.itc.u-tokyo.ac.jp/repo/s/ichiko/document/8a0eced1-4db4-6d27-3116-e2dd0ea19dc9,https://www.lib.u-tokyo.ac.jp/ja/library/contents/archives-top/reuse,https://iiif.dl.itc.u-tokyo.ac.jp/repo/files/medium/ca386a3a7a7a7505f4a6cef2ce19da5dd582d85a.jpg,https://iiif.dl.itc.u-tokyo.ac.jp/repo/api/items/541575,"東京大学大学院総合文化研究科・教養学部 駒場博物館 KOMABA MUSEUM, Graduate School of Arts and Sciences and College of Arts and Sciences, The University of Tokyo, JAPAN",,,第一高等学校旧蔵資料,petit-106,,https://iiif.dl.itc.u-tokyo.ac.jp/repo/iiif/8a0eced1-4db4-6d27-3116-e2dd0ea19dc9/manifest,,,,,1
PL.113 (PROJECTIONS) (No.2),,,,,,,,,,,,,,,,,,(PROJECTIONS),(No.2),(PROJECTIONS.),―,PL.113,―,投影,A3,○,-,―,Lavis appliqué aux corps ronds ou solides des Teintes adoucies dites refondues,,,,,http://tify.sub.uni-goettingen.de/demo.html?manifest=https://archdataset.dl.itc.u-tokyo.ac.jp/manifest/09ef328d-2ba3-a0cd-9a9c-05b6f32a69f1.json,09ef328d-2ba3-a0cd-9a9c-05b6f32a69f1,https://iiif.dl.itc.u-tokyo.ac.jp/repo/s/ichiko,https://iiif.dl.itc.u-tokyo.ac.jp/repo/s/ichiko/document/09ef328d-2ba3-a0cd-9a9c-05b6f32a69f1,https://www.lib.u-tokyo.ac.jp/ja/library/contents/archives-top/reuse,https://iiif.dl.itc.u-tokyo.ac.jp/repo/files/medium/84c040cfbf1adb30a730a53a1a16e5eb15b01fca.jpg,https://iiif.dl.itc.u-tokyo.ac.jp/repo/api/items/541574,"東京大学大学院総合文化研究科・教養学部 駒場博物館 KOMABA MUSEUM, Graduate School of Arts and Sciences and College of Arts and Sciences, The University of Tokyo, JAPAN",,,第一高等学校旧蔵資料,petit-107,,https://iiif.dl.itc.u-tokyo.ac.jp/repo/iiif/09ef328d-2ba3-a0cd-9a9c-05b6f32a69f1/manifest,,,,,1
PL.114 (MÉCANIQUE) (No.72),,,,,,,,,,,,,,,,,,(MÉCANIQUE),(No.72),MACHINE A VAPEUR VERTICALE,○,PL.114,―,蒸気機関,A3,―,-,○,DE LA FORCE DE HUIT CHEVAUX A DÉ TENTE VARIABLE,"Fonctionnant dans l'Imprimerie de Mr. J. MONROCO, à Paris",,,,http://tify.sub.uni-goettingen.de/demo.html?manifest=https://archdataset.dl.itc.u-tokyo.ac.jp/manifest/1f656844-023d-3f2f-2698-16fe5eec6fac.json,1f656844-023d-3f2f-2698-16fe5eec6fac,https://iiif.dl.itc.u-tokyo.ac.jp/repo/s/ichiko,https://iiif.dl.itc.u-tokyo.ac.jp/repo/s/ichiko/document/1f656844-023d-3f2f-2698-16fe5eec6fac,https://www.lib.u-tokyo.ac.jp/ja/library/contents/archives-top/reuse,https://iiif.dl.itc.u-tokyo.ac.jp/repo/files/medium/41af363a839932a37dca2df0aae773c9458ed464.jpg,https://iiif.dl.itc.u-tokyo.ac.jp/repo/api/items/541573,"東京大学大学院総合文化研究科・教養学部 駒場博物館 KOMABA MUSEUM, Graduate School of Arts and Sciences and College of Arts and Sciences, The University of Tokyo, JAPAN",,,第一高等学校旧蔵資料,petit-108,,https://iiif.dl.itc.u-tokyo.ac.jp/repo/iiif/1f656844-023d-3f2f-2698-16fe5eec6fac/manifest,,,,,1
PL.115 (MÉCANIQUE) (No.73),,,,,,,,,,,,,,,,,,(MÉCANIQUE),(No.73),CHARIOT. - LOCOMOTEURS.,○,PL.115,―,蒸気自動車,A3,○,-,―,SE TRACTIONNANT AU MOYEN D'UNE CHAÎNE OU D'UN CABLE CONTINU QUI PASSE SUR UN CYLINDRE A EMPREINTES OU SUR DEUX TREUILS.,,,,,http://tify.sub.uni-goettingen.de/demo.html?manifest=https://archdataset.dl.itc.u-tokyo.ac.jp/manifest/8cce169c-5dda-76de-8c19-7a063c0b5acd.json,8cce169c-5dda-76de-8c19-7a063c0b5acd,https://iiif.dl.itc.u-tokyo.ac.jp/repo/s/ichiko,https://iiif.dl.itc.u-tokyo.ac.jp/repo/s/ichiko/document/8cce169c-5dda-76de-8c19-7a063c0b5acd,https://www.lib.u-tokyo.ac.jp/ja/library/contents/archives-top/reuse,https://iiif.dl.itc.u-tokyo.ac.jp/repo/files/medium/b0d6af86ab46b686935d96a5b7aed1a0c4bde25f.jpg,https://iiif.dl.itc.u-tokyo.ac.jp/repo/api/items/541572,"東京大学大学院総合文化研究科・教養学部 駒場博物館 KOMABA MUSEUM, Graduate School of Arts and Sciences and College of Arts and Sciences, The University of Tokyo, JAPAN",,,第一高等学校旧蔵資料,petit-109,,https://iiif.dl.itc.u-tokyo.ac.jp/repo/iiif/8cce169c-5dda-76de-8c19-7a063c0b5acd/manifest,,,,,1
PL.116 MÉCANIQUE No.74,,,,,,,,,,,,,,,,,,MÉCANIQUE,No.74,POMPE A INCENDIE A VAPEUR.,○,PL.116,―,機械/蒸気ポンプ,A3,―,ÉTUDES DE DESSIN AU LAVIS.,○,"DESSIN D'UNE POMPE A INCENDIE A VAPEUR CONSTRUITE PAR Mr. ATHIRION, Ingénieur civil. BREVETÉ.","Ce modèle de pompe à [sic] été fourni aux Sapeurs-pompiers de Paris, pour le Service de la Ville.",,,,http://tify.sub.uni-goettingen.de/demo.html?manifest=https://archdataset.dl.itc.u-tokyo.ac.jp/manifest/2dbe9b78-87db-96d0-9d08-1d7362f1a30e.json,2dbe9b78-87db-96d0-9d08-1d7362f1a30e,https://iiif.dl.itc.u-tokyo.ac.jp/repo/s/ichiko,https://iiif.dl.itc.u-tokyo.ac.jp/repo/s/ichiko/document/2dbe9b78-87db-96d0-9d08-1d7362f1a30e,https://www.lib.u-tokyo.ac.jp/ja/library/contents/archives-top/reuse,https://iiif.dl.itc.u-tokyo.ac.jp/repo/files/medium/2e6c50cd02d1a5168e16aecf0728d6a8aadfa76e.jpg,https://iiif.dl.itc.u-tokyo.ac.jp/repo/api/items/541571,"東京大学大学院総合文化研究科・教養学部 駒場博物館 KOMABA MUSEUM, Graduate School of Arts and Sciences and College of Arts and Sciences, The University of Tokyo, JAPAN",,,第一高等学校旧蔵資料,petit-110,,https://iiif.dl.itc.u-tokyo.ac.jp/repo/iiif/2dbe9b78-87db-96d0-9d08-1d7362f1a30e/manifest,,,,,1
PL.117 MÉCANIQUE No. (75),,,,,,,,,,,,,,,,,,MÉCANIQUE,No. (75),MACHINES LOCOMOTIVES,○,PL.117,―,蒸気機関車,A3,―,-,―,"DESSIN SIMPLIFIÉ DES MACHINES A MARCHANDISES DU CHEMIN DE FERDE L'EST à six roues couplées et cylindres intérieurs d'après les dessins de
Mr. l'Ingénieur en chef Vuillemin.",,,,,http://tify.sub.uni-goettingen.de/demo.html?manifest=https://archdataset.dl.itc.u-tokyo.ac.jp/manifest/5dd59d03-6b11-9382-96b4-524b60458c22.json,5dd59d03-6b11-9382-96b4-524b60458c22,https://iiif.dl.itc.u-tokyo.ac.jp/repo/s/ichiko,https://iiif.dl.itc.u-tokyo.ac.jp/repo/s/ichiko/document/5dd59d03-6b11-9382-96b4-524b60458c22,https://www.lib.u-tokyo.ac.jp/ja/library/contents/archives-top/reuse,https://iiif.dl.itc.u-tokyo.ac.jp/repo/files/medium/6e6468e9784aeddb516446a0ccac20ca6ae5b3cf.jpg,https://iiif.dl.itc.u-tokyo.ac.jp/repo/api/items/541570,"東京大学大学院総合文化研究科・教養学部 駒場博物館 KOMABA MUSEUM, Graduate School of Arts and Sciences and College of Arts and Sciences, The University of Tokyo, JAPAN",,,第一高等学校旧蔵資料,petit-111,,https://iiif.dl.itc.u-tokyo.ac.jp/repo/iiif/5dd59d03-6b11-9382-96b4-524b60458c22/manifest,,,,,1
PL.118 MÉCANIQUE No.76,,,,,,,,,,,,,,,,,,MÉCANIQUE,No.76,MACHINES LOCOMOTIVES,○,PL.118,―,蒸気機関車,A3,―,ÉTUDES DE DESSIN AU LAVIS.,―,"DESSIN SIMPLIFIÉ DES MACHINES A MARCHANDISES DU CHEMIN DE FERDE L'EST à six roues couplées d'après les dessins de Mr. l'Ingénieur en chef
Vuillemin.",,,,,http://tify.sub.uni-goettingen.de/demo.html?manifest=https://archdataset.dl.itc.u-tokyo.ac.jp/manifest/98f7a98a-3dbb-87e4-8a96-8baf68e767cd.json,98f7a98a-3dbb-87e4-8a96-8baf68e767cd,https://iiif.dl.itc.u-tokyo.ac.jp/repo/s/ichiko,https://iiif.dl.itc.u-tokyo.ac.jp/repo/s/ichiko/document/98f7a98a-3dbb-87e4-8a96-8baf68e767cd,https://www.lib.u-tokyo.ac.jp/ja/library/contents/archives-top/reuse,https://iiif.dl.itc.u-tokyo.ac.jp/repo/files/medium/c8caf82930395d6b239da3e904cfabc5de5fc9b5.jpg,https://iiif.dl.itc.u-tokyo.ac.jp/repo/api/items/541569,"東京大学大学院総合文化研究科・教養学部 駒場博物館 KOMABA MUSEUM, Graduate School of Arts and Sciences and College of Arts and Sciences, The University of Tokyo, JAPAN",,,第一高等学校旧蔵資料,petit-112,,https://iiif.dl.itc.u-tokyo.ac.jp/repo/iiif/98f7a98a-3dbb-87e4-8a96-8baf68e767cd/manifest,,,,,1
PL.119 (MÉCANIQUE) (No.77),,,,,,,,,,,,,,,,,,(MÉCANIQUE),(No.77),DESSIN D'UN TRAMWAY,○,PL.119,―,市街鉄道,A3,―,-,―,,,,,,http://tify.sub.uni-goettingen.de/demo.html?manifest=https://archdataset.dl.itc.u-tokyo.ac.jp/manifest/8359c2b9-86a2-4aaf-7966-96ed36ee6b31.json,8359c2b9-86a2-4aaf-7966-96ed36ee6b31,https://iiif.dl.itc.u-tokyo.ac.jp/repo/s/ichiko,https://iiif.dl.itc.u-tokyo.ac.jp/repo/s/ichiko/document/8359c2b9-86a2-4aaf-7966-96ed36ee6b31,https://www.lib.u-tokyo.ac.jp/ja/library/contents/archives-top/reuse,https://iiif.dl.itc.u-tokyo.ac.jp/repo/files/medium/5ca4075abd30b591731f55c0d2939d0f665e5ffa.jpg,https://iiif.dl.itc.u-tokyo.ac.jp/repo/api/items/541568,"東京大学大学院総合文化研究科・教養学部 駒場博物館 KOMABA MUSEUM, Graduate School of Arts and Sciences and College of Arts and Sciences, The University of Tokyo, JAPAN",,,第一高等学校旧蔵資料,petit-113,,https://iiif.dl.itc.u-tokyo.ac.jp/repo/iiif/8359c2b9-86a2-4aaf-7966-96ed36ee6b31/manifest,,,,,1
PL.120 MÉCANIQUE No.78,,,,,,,,,,,,,,,,,,MÉCANIQUE,No.78,WAGONS,○,PL.120,―,車両/客車,A3,―,ÉTUDES DE DESSIN AU LAVIS.,―,DESSIN D'UN WAGON A VOYAGEURS(Chemin de fer de l'Ouest 2e. Classe.),,,,,http://tify.sub.uni-goettingen.de/demo.html?manifest=https://archdataset.dl.itc.u-tokyo.ac.jp/manifest/e0802468-3d70-46b8-4541-91358dbd3866.json,e0802468-3d70-46b8-4541-91358dbd3866,https://iiif.dl.itc.u-tokyo.ac.jp/repo/s/ichiko,https://iiif.dl.itc.u-tokyo.ac.jp/repo/s/ichiko/document/e0802468-3d70-46b8-4541-91358dbd3866,https://www.lib.u-tokyo.ac.jp/ja/library/contents/archives-top/reuse,https://iiif.dl.itc.u-tokyo.ac.jp/repo/files/medium/2e4e22cd1ef5a8ba6ae6dcb53eeb30706a80495b.jpg,https://iiif.dl.itc.u-tokyo.ac.jp/repo/api/items/541567,"東京大学大学院総合文化研究科・教養学部 駒場博物館 KOMABA MUSEUM, Graduate School of Arts and Sciences and College of Arts and Sciences, The University of Tokyo, JAPAN",,,第一高等学校旧蔵資料,petit-114,,https://iiif.dl.itc.u-tokyo.ac.jp/repo/iiif/e0802468-3d70-46b8-4541-91358dbd3866/manifest,,,,,1
PL.121 MÉCANIQUE No.79,,,,,,,,,,,,,,,,,,MÉCANIQUE,No.79,WAGONS,○,PL.121,―,車両/客車,A3,―,ÉTUDES DE DESSIN AU LAVIS.,―,DESSIN D'UN WAGON A VOYAGEURS(Chemin de fer de l'Ouest 3me. Classe.),,,,,http://tify.sub.uni-goettingen.de/demo.html?manifest=https://archdataset.dl.itc.u-tokyo.ac.jp/manifest/37520c0b-81d4-4498-10ae-d843987a7043.json,37520c0b-81d4-4498-10ae-d843987a7043,https://iiif.dl.itc.u-tokyo.ac.jp/repo/s/ichiko,https://iiif.dl.itc.u-tokyo.ac.jp/repo/s/ichiko/document/37520c0b-81d4-4498-10ae-d843987a7043,https://www.lib.u-tokyo.ac.jp/ja/library/contents/archives-top/reuse,https://iiif.dl.itc.u-tokyo.ac.jp/repo/files/medium/ba1e06acbe254a6bdc8f61e763c89b2e04811b07.jpg,https://iiif.dl.itc.u-tokyo.ac.jp/repo/api/items/541566,"東京大学大学院総合文化研究科・教養学部 駒場博物館 KOMABA MUSEUM, Graduate School of Arts and Sciences and College of Arts and Sciences, The University of Tokyo, JAPAN",,,第一高等学校旧蔵資料,petit-115,,https://iiif.dl.itc.u-tokyo.ac.jp/repo/iiif/37520c0b-81d4-4498-10ae-d843987a7043/manifest,,,,,1
PL.122 (MÉCANIQUE) (No.80),,,,,,,,,,,,,,,,,,(MÉCANIQUE),(No.80),TRAMWAYS.,○,PL.122,―,鉄道馬車,A3,―,ÉTUDES DE DESSIN AU LAVIS.,―,DESSIN D'UNE VOITURE DE LA LIGNE DU LOUVRE A VINCENNES.,,,,,http://tify.sub.uni-goettingen.de/demo.html?manifest=https://archdataset.dl.itc.u-tokyo.ac.jp/manifest/aefcc1ac-050e-87f2-8e28-743864491779.json,aefcc1ac-050e-87f2-8e28-743864491779,https://iiif.dl.itc.u-tokyo.ac.jp/repo/s/ichiko,https://iiif.dl.itc.u-tokyo.ac.jp/repo/s/ichiko/document/aefcc1ac-050e-87f2-8e28-743864491779,https://www.lib.u-tokyo.ac.jp/ja/library/contents/archives-top/reuse,https://iiif.dl.itc.u-tokyo.ac.jp/repo/files/medium/d4f3a78d70448493b17bd1d243020a01946ee4fc.jpg,https://iiif.dl.itc.u-tokyo.ac.jp/repo/api/items/541565,"東京大学大学院総合文化研究科・教養学部 駒場博物館 KOMABA MUSEUM, Graduate School of Arts and Sciences and College of Arts and Sciences, The University of Tokyo, JAPAN",,,第一高等学校旧蔵資料,petit-116,,https://iiif.dl.itc.u-tokyo.ac.jp/repo/iiif/aefcc1ac-050e-87f2-8e28-743864491779/manifest,,,,,1
PL.123 MÉCANIQUE No.80[81],,,,,,,,,,,,,,,,,,MÉCANIQUE,No.80[81],INJECTEUR POITRASSON,○,PL.123,―,機械部品,A3,―,-,―,"pour l'alimentation des Machines à vapeur, l'élévation des eaux etc.",,,,,http://tify.sub.uni-goettingen.de/demo.html?manifest=https://archdataset.dl.itc.u-tokyo.ac.jp/manifest/c7e242d7-9c57-9740-457a-d75bd5dd72c7.json,c7e242d7-9c57-9740-457a-d75bd5dd72c7,https://iiif.dl.itc.u-tokyo.ac.jp/repo/s/ichiko,https://iiif.dl.itc.u-tokyo.ac.jp/repo/s/ichiko/document/c7e242d7-9c57-9740-457a-d75bd5dd72c7,https://www.lib.u-tokyo.ac.jp/ja/library/contents/archives-top/reuse,https://iiif.dl.itc.u-tokyo.ac.jp/repo/files/medium/b12477102228e8ed6ba97972885af20a4b76f17f.jpg,https://iiif.dl.itc.u-tokyo.ac.jp/repo/api/items/541564,"東京大学大学院総合文化研究科・教養学部 駒場博物館 KOMABA MUSEUM, Graduate School of Arts and Sciences and College of Arts and Sciences, The University of Tokyo, JAPAN",,,第一高等学校旧蔵資料,petit-117,,https://iiif.dl.itc.u-tokyo.ac.jp/repo/iiif/c7e242d7-9c57-9740-457a-d75bd5dd72c7/manifest,,,,,1
PL.124 (MÉCANIQUE) (No.82),,,,,,,,,,,,,,,,,,(MÉCANIQUE),(No.82),TYPES D'EMBRAYAGES,○,PL.124,―,機械部品,A3,―,-,―,(Système Goubet) Brèveté S.G.D.G. en France et à l'Etranger.,,,,,http://tify.sub.uni-goettingen.de/demo.html?manifest=https://archdataset.dl.itc.u-tokyo.ac.jp/manifest/e19ad282-8ba1-0d46-2a80-c0e7423582ff.json,e19ad282-8ba1-0d46-2a80-c0e7423582ff,https://iiif.dl.itc.u-tokyo.ac.jp/repo/s/ichiko,https://iiif.dl.itc.u-tokyo.ac.jp/repo/s/ichiko/document/e19ad282-8ba1-0d46-2a80-c0e7423582ff,https://www.lib.u-tokyo.ac.jp/ja/library/contents/archives-top/reuse,https://iiif.dl.itc.u-tokyo.ac.jp/repo/files/medium/090a257707e56914f195abe57da08d1d65ea6f9e.jpg,https://iiif.dl.itc.u-tokyo.ac.jp/repo/api/items/541563,"東京大学大学院総合文化研究科・教養学部 駒場博物館 KOMABA MUSEUM, Graduate School of Arts and Sciences and College of Arts and Sciences, The University of Tokyo, JAPAN",,,第一高等学校旧蔵資料,petit-118,,https://iiif.dl.itc.u-tokyo.ac.jp/repo/iiif/e19ad282-8ba1-0d46-2a80-c0e7423582ff/manifest,,,,,1
PL.125,,,,,,,,,,,,,,,,,,,,現存せず,―,PL.125,―,,,―,(absent),―,情報をお寄せください,情報をお寄せください,,,,http://tify.sub.uni-goettingen.de/demo.html?manifest=https://archdataset.dl.itc.u-tokyo.ac.jp/manifest/0a28d0ba-31be-1817-7896-2130f1f68dda.json,0a28d0ba-31be-1817-7896-2130f1f68dda,https://iiif.dl.itc.u-tokyo.ac.jp/repo/s/ichiko,https://iiif.dl.itc.u-tokyo.ac.jp/repo/s/ichiko/document/0a28d0ba-31be-1817-7896-2130f1f68dda,https://www.lib.u-tokyo.ac.jp/ja/library/contents/archives-top/reuse,,https://iiif.dl.itc.u-tokyo.ac.jp/repo/api/items/541562,"東京大学大学院総合文化研究科・教養学部 駒場博物館 KOMABA MUSEUM, Graduate School of Arts and Sciences and College of Arts and Sciences, The University of Tokyo, JAPAN",,,第一高等学校旧蔵資料,petit-119,,,,,,,0
PL.126 (MÉCANIQUE) (No.83),,,,,,,,,,,,,,,,,,(MÉCANIQUE),(No.83),TRAMWAYS à VAPEUR.,○,PL.126,―,市街鉄道,A3,―,ÉTUDES DE DESSIN AU LAVIS.,―,,,,,,http://tify.sub.uni-goettingen.de/demo.html?manifest=https://archdataset.dl.itc.u-tokyo.ac.jp/manifest/fc205657-4553-951f-8271-ab5e65610738.json,fc205657-4553-951f-8271-ab5e65610738,https://iiif.dl.itc.u-tokyo.ac.jp/repo/s/ichiko,https://iiif.dl.itc.u-tokyo.ac.jp/repo/s/ichiko/document/fc205657-4553-951f-8271-ab5e65610738,https://www.lib.u-tokyo.ac.jp/ja/library/contents/archives-top/reuse,https://iiif.dl.itc.u-tokyo.ac.jp/repo/files/medium/ea7ab28ac26d2c03b4cfcc48b37572334ab51d5b.jpg,https://iiif.dl.itc.u-tokyo.ac.jp/repo/api/items/541561,"東京大学大学院総合文化研究科・教養学部 駒場博物館 KOMABA MUSEUM, Graduate School of Arts and Sciences and College of Arts and Sciences, The University of Tokyo, JAPAN",,,第一高等学校旧蔵資料,petit-120,,https://iiif.dl.itc.u-tokyo.ac.jp/repo/iiif/fc205657-4553-951f-8271-ab5e65610738/manifest,,,,,1
表紙,,,,,,,,,,,,,,,,,,表紙,,LE PRATICIEN INDUSTRIEL/RECUEIL DE NOUVEAUX MODÈLES ÉLÉMENTAIRE DE DESSIN AU LAVIS À PLUSIEURS COULEURS,○,-,―,表紙,A3,―,-,―,"APPLIQUÉS À LA MÉCANIQUE ET A LA CONSTRUCTION PAR STANISLAS PETIT/CONDUCTEUR AU CORPS DES PONTS ET CHAUSSÉES/MÉCANIQUE/SERRURERIE/CHARPENTE/MENUISERIE/ÉBÉNISTERIE/ARCHTECTURE/MAÇONNERIE/COUPE DE PIERRES/CARRELAGE/VITRERIEPARIS
MONROCQ frère, Editeurs Imprimeurs, 3, rue Suger",,,,,http://tify.sub.uni-goettingen.de/demo.html?manifest=https://archdataset.dl.itc.u-tokyo.ac.jp/manifest/68230fdf-85f1-22a1-8e97-0fdba5df85eb.json,68230fdf-85f1-22a1-8e97-0fdba5df85eb,https://iiif.dl.itc.u-tokyo.ac.jp/repo/s/ichiko,https://iiif.dl.itc.u-tokyo.ac.jp/repo/s/ichiko/document/68230fdf-85f1-22a1-8e97-0fdba5df85eb,https://www.lib.u-tokyo.ac.jp/ja/library/contents/archives-top/reuse,https://iiif.dl.itc.u-tokyo.ac.jp/repo/files/medium/9654a34801930ff819bddfe9ba953f53a5b7610e.jpg,https://iiif.dl.itc.u-tokyo.ac.jp/repo/api/items/541560,"東京大学大学院総合文化研究科・教養学部 駒場博物館 KOMABA MUSEUM, Graduate School of Arts and Sciences and College of Arts and Sciences, The University of Tokyo, JAPAN",,,第一高等学校旧蔵資料,petit-121,,https://iiif.dl.itc.u-tokyo.ac.jp/repo/iiif/68230fdf-85f1-22a1-8e97-0fdba5df85eb/manifest,,,,,1
蔵書印1 第一高等中学校本,,,,,,,,,,,,,,,,,,蔵書印1,第一高等中学校本,第一高等中学校図書,○,-,―,蔵書印/第一高等中学校本,A3,―,-,―,第一高等中学校図書閲覧室用,,,,,http://tify.sub.uni-goettingen.de/demo.html?manifest=https://archdataset.dl.itc.u-tokyo.ac.jp/manifest/a0becd3d-1c49-9042-68ed-5bb1f4d1471b.json,a0becd3d-1c49-9042-68ed-5bb1f4d1471b,https://iiif.dl.itc.u-tokyo.ac.jp/repo/s/ichiko,https://iiif.dl.itc.u-tokyo.ac.jp/repo/s/ichiko/document/a0becd3d-1c49-9042-68ed-5bb1f4d1471b,https://www.lib.u-tokyo.ac.jp/ja/library/contents/archives-top/reuse,https://iiif.dl.itc.u-tokyo.ac.jp/repo/files/medium/2b372c247334034d9aad4440bd21ac92ed7af8c1.jpg,https://iiif.dl.itc.u-tokyo.ac.jp/repo/api/items/541559,"東京大学大学院総合文化研究科・教養学部 駒場博物館 KOMABA MUSEUM, Graduate School of Arts and Sciences and College of Arts and Sciences, The University of Tokyo, JAPAN",,,第一高等学校旧蔵資料,petit-122,,https://iiif.dl.itc.u-tokyo.ac.jp/repo/iiif/a0becd3d-1c49-9042-68ed-5bb1f4d1471b/manifest,,,,,1
蔵書印2 開成学校本,,,,,,,,,,,,,,,,,,蔵書印2,開成学校本,第一大学区開成学校図書,―,-,○,蔵書印/開成学校本,A3,―,-,―,東京大学図書之印,東京大学法理文学部書庫所蔵,蔵書票「帝国大学図書館No4466」,,,http://tify.sub.uni-goettingen.de/demo.html?manifest=https://archdataset.dl.itc.u-tokyo.ac.jp/manifest/bf3c90a8-63ea-9d04-721e-cd3a2f054cb3.json,bf3c90a8-63ea-9d04-721e-cd3a2f054cb3,https://iiif.dl.itc.u-tokyo.ac.jp/repo/s/ichiko,https://iiif.dl.itc.u-tokyo.ac.jp/repo/s/ichiko/document/bf3c90a8-63ea-9d04-721e-cd3a2f054cb3,https://www.lib.u-tokyo.ac.jp/ja/library/contents/archives-top/reuse,https://iiif.dl.itc.u-tokyo.ac.jp/repo/files/medium/ad2f94b08353a77270eb14bff233bd1a789b706a.jpg,https://iiif.dl.itc.u-tokyo.ac.jp/repo/api/items/541558,"東京大学大学院総合文化研究科・教養学部 駒場博物館 KOMABA MUSEUM, Graduate School of Arts and Sciences and College of Arts and Sciences, The University of Tokyo, JAPAN",,,第一高等学校旧蔵資料,petit-123,,https://iiif.dl.itc.u-tokyo.ac.jp/repo/iiif/bf3c90a8-63ea-9d04-721e-cd3a2f054cb3/manifest,,,,,1
蔵書印3 東京大学本,,,,,,,,,,,,,,,,,,蔵書印3,東京大学本,東京大学図書之印,―,-,―,蔵書印/東京大学本,A3,―,-,○,東京大学法理文学部書庫所蔵,蔵書票「帝国大学図書館No4467」,,,,http://tify.sub.uni-goettingen.de/demo.html?manifest=https://archdataset.dl.itc.u-tokyo.ac.jp/manifest/5c3a7eb1-5798-5e81-a278-d57aa76c1af7.json,5c3a7eb1-5798-5e81-a278-d57aa76c1af7,https://iiif.dl.itc.u-tokyo.ac.jp/repo/s/ichiko,https://iiif.dl.itc.u-tokyo.ac.jp/repo/s/ichiko/document/5c3a7eb1-5798-5e81-a278-d57aa76c1af7,https://www.lib.u-tokyo.ac.jp/ja/library/contents/archives-top/reuse,https://iiif.dl.itc.u-tokyo.ac.jp/repo/files/medium/a5404fb96fbdb79f4d0ee7fd7297d78d69ab6301.jpg,https://iiif.dl.itc.u-tokyo.ac.jp/repo/api/items/541557,"東京大学大学院総合文化研究科・教養学部 駒場博物館 KOMABA MUSEUM, Graduate School of Arts and Sciences and College of Arts and Sciences, The University of Tokyo, JAPAN",,,第一高等学校旧蔵資料,petit-124,,https://iiif.dl.itc.u-tokyo.ac.jp/repo/iiif/5c3a7eb1-5798-5e81-a278-d57aa76c1af7/manifest,,,,,1
蔵書印4 帝国大学本,,,,,,,,,,,,,,,,,,蔵書印4,帝国大学本,帝国大学図書之印,―,-,―,蔵書印/帝国大学本,A3,○,-,―,蔵書票「帝国大学図書館No4466」,,,,,http://tify.sub.uni-goettingen.de/demo.html?manifest=https://archdataset.dl.itc.u-tokyo.ac.jp/manifest/e2063b68-6261-5d1d-6f03-00041d4a761e.json,e2063b68-6261-5d1d-6f03-00041d4a761e,https://iiif.dl.itc.u-tokyo.ac.jp/repo/s/ichiko,https://iiif.dl.itc.u-tokyo.ac.jp/repo/s/ichiko/document/e2063b68-6261-5d1d-6f03-00041d4a761e,https://www.lib.u-tokyo.ac.jp/ja/library/contents/archives-top/reuse,https://iiif.dl.itc.u-tokyo.ac.jp/repo/files/medium/906e16ae5afbc5a1cdd522be0938b7a58f2985de.jpg,https://iiif.dl.itc.u-tokyo.ac.jp/repo/api/items/541556,"東京大学大学院総合文化研究科・教養学部 駒場博物館 KOMABA MUSEUM, Graduate School of Arts and Sciences and College of Arts and Sciences, The University of Tokyo, JAPAN",,,第一高等学校旧蔵資料,petit-125,,https://iiif.dl.itc.u-tokyo.ac.jp/repo/iiif/e2063b68-6261-5d1d-6f03-00041d4a761e/manifest,,,,,1
蔵書印5 帝国大学本,,,,,,,,,,,,,,,,,,蔵書印5,帝国大学本,蔵書票「帝国大学図書館No4466」,―,-,―,蔵書印/帝国大学本,A3,○,-,―,,,,,,http://tify.sub.uni-goettingen.de/demo.html?manifest=https://archdataset.dl.itc.u-tokyo.ac.jp/manifest/fa42b0f6-777d-8a78-1d8b-a8125afd1fb4.json,fa42b0f6-777d-8a78-1d8b-a8125afd1fb4,https://iiif.dl.itc.u-tokyo.ac.jp/repo/s/ichiko,https://iiif.dl.itc.u-tokyo.ac.jp/repo/s/ichiko/document/fa42b0f6-777d-8a78-1d8b-a8125afd1fb4,https://www.lib.u-tokyo.ac.jp/ja/library/contents/archives-top/reuse,https://iiif.dl.itc.u-tokyo.ac.jp/repo/files/medium/3883a116248b7f2333f1bb22fafd9b46091e02c8.jpg,https://iiif.dl.itc.u-tokyo.ac.jp/repo/api/items/541555,"東京大学大学院総合文化研究科・教養学部 駒場博物館 KOMABA MUSEUM, Graduate School of Arts and Sciences and College of Arts and Sciences, The University of Tokyo, JAPAN",,,第一高等学校旧蔵資料,petit-126,,https://iiif.dl.itc.u-tokyo.ac.jp/repo/iiif/fa42b0f6-777d-8a78-1d8b-a8125afd1fb4/manifest,,,,,1
