タイトル,請求記号,タイトルヨミ,別タイトル,著者,出版者,出版年（西暦）,出版年（和暦）,著作の構成,刊写の別,大きさ（縦×横）,注記,言語,種別,公開コレクション名,iiif viewer,ID,ウェブサイトURL,アイテムURL,利用条件,サムネイル,機械可読ドキュメント,帰属,viewingDirection,viewingHint,コレクション,ソート用項目,西暦,IIIFマニフェストURI,IIIF Search API URI,アノテーション付きIIIFマニフェストURI,Link to TAPAS Project,Text with Rich Text Format,# of media
dcterms:title,dcndl:callNumber,dcndl:titleTranscription,dcterms:alternative,dcterms:creator,dcterms:publisher,dcterms:issued,dcterms:date,bibo:numVolumes,dcterms:type,dcterms:extent,dcterms:description,dcterms:language,dcndl:materialType,uterms:bunko,iiif viewer,bibo:identifier,dcterms:isPartOf,dcterms:relation,dcterms:rights,foaf:thumbnail,rdfs:seeAlso,sc:attributionLabel,sc:viewingDirection,sc:viewingHint,uterms:databaseLabel,uterms:sort,uterms:year,uterms:manifestUri,uterms:searchApiUri,uterms:annotedManifest,uterms:linkToTapas,uterms:rtf,27595
甲午日記 : 天保五年正月吉日,A00:4613,コウゴ ニッキ : テンポウ ゴネン ショウガツ キチジツ,天保五年馬琴日記,滝沢 馬琴,瀧澤馬琴 [自筆],1834,天保5,1,写本,,"書名は扉による|巻末に「已上午年日記畢」とあり|裏表紙に「神田 瀧澤」とあり|内容: 天保五甲午年春正月-12月|墨抹, 胡粉による修正あり|巻末の識語末に「昭和五年十二月に至って脩覆を了せり」とあり|虫損あり (裏打ち補修あり)",日本語,和古書,,http://tify.sub.uni-goettingen.de/demo.html?manifest=https://archdataset.dl.itc.u-tokyo.ac.jp/manifest/c91cb308-03bd-94f5-3c56-9d0fac9424d3.json,c91cb308-03bd-94f5-3c56-9d0fac9424d3,https://iiif.dl.itc.u-tokyo.ac.jp/repo/s/koten,https://iiif.dl.itc.u-tokyo.ac.jp/repo/s/koten/document/c91cb308-03bd-94f5-3c56-9d0fac9424d3,https://www.lib.u-tokyo.ac.jp/ja/library/contents/archives-top/reuse,https://iiif.dl.itc.u-tokyo.ac.jp/repo/files/medium/92f1a1f83433e8cf04243d82fb0811e6cf653db2.jpg,https://iiif.dl.itc.u-tokyo.ac.jp/repo/api/items/1182820,"東京大学総合図書館 General Library, The University of Tokyo, JAPAN",http://iiif.io/api/presentation/2#rightToLeftDirection,,総合図書館所蔵古典籍,,,https://iiif.dl.itc.u-tokyo.ac.jp/repo/iiif/c91cb308-03bd-94f5-3c56-9d0fac9424d3/manifest,,,,,172
おちくほのさうし,A00:4083,オチクボ ノ ソウシ,おちくほ物語|御本,,[書写者不明],,[江戸前期],1,写本,,"書名は題簽による|毎半帖10行|漢字平仮名交じり文|奈良絵本|桜唐草文様緞子表紙, 松葉散しに山雲の金箔見返し, 金泥下絵鳥の子紙を使用|列帖装|二重箱入り",日本語,和古書,,http://tify.sub.uni-goettingen.de/demo.html?manifest=https://archdataset.dl.itc.u-tokyo.ac.jp/manifest/8aa19100-0937-5fd9-29f1-ba41ad8d1830.json,8aa19100-0937-5fd9-29f1-ba41ad8d1830,https://iiif.dl.itc.u-tokyo.ac.jp/repo/s/koten,https://iiif.dl.itc.u-tokyo.ac.jp/repo/s/koten/document/8aa19100-0937-5fd9-29f1-ba41ad8d1830,https://www.lib.u-tokyo.ac.jp/ja/library/contents/archives-top/reuse,https://iiif.dl.itc.u-tokyo.ac.jp/repo/files/medium/124815802d3a78d8f78dd4fbb98d24d55e5c3b34.jpg,https://iiif.dl.itc.u-tokyo.ac.jp/repo/api/items/1182819,"東京大学総合図書館 General Library, The University of Tokyo, JAPAN",http://iiif.io/api/presentation/2#rightToLeftDirection,,総合図書館所蔵古典籍,,,https://iiif.dl.itc.u-tokyo.ac.jp/repo/iiif/8aa19100-0937-5fd9-29f1-ba41ad8d1830/manifest,,,,,33
天神記,A00:5770,テンジンキ,,,[書写者不明],,[室町末期-江戸前期],1,写本,,"書名は表紙( 朱書)による|毎半葉13行|奈良絵本|秋草に籬の紺紙金泥表紙, 麻の葉繋ぎに丸龍文様の銀箔見返しを使用|印記: 「渡郶文庫珍藏書印」(渡部信)",日本語,和古書,,http://tify.sub.uni-goettingen.de/demo.html?manifest=https://archdataset.dl.itc.u-tokyo.ac.jp/manifest/f7abc34f-6ff4-1309-4e13-cd69cce698b7.json,f7abc34f-6ff4-1309-4e13-cd69cce698b7,https://iiif.dl.itc.u-tokyo.ac.jp/repo/s/koten,https://iiif.dl.itc.u-tokyo.ac.jp/repo/s/koten/document/f7abc34f-6ff4-1309-4e13-cd69cce698b7,https://www.lib.u-tokyo.ac.jp/ja/library/contents/archives-top/reuse,https://iiif.dl.itc.u-tokyo.ac.jp/repo/files/medium/b6b3dd9c0e350f9b1b14c1a2ba0d012e6762e42c.jpg,https://iiif.dl.itc.u-tokyo.ac.jp/repo/api/items/1182821,"東京大学総合図書館 General Library, The University of Tokyo, JAPAN",http://iiif.io/api/presentation/2#rightToLeftDirection,,総合図書館所蔵古典籍,,,https://iiif.dl.itc.u-tokyo.ac.jp/repo/iiif/f7abc34f-6ff4-1309-4e13-cd69cce698b7/manifest,,,,,14
東大寺要録 巻第3,C40:2050,トウダイジ ヨウロク,,観厳,[書写者不明],1836,天保7,10巻,写本,32×24cm,"各扉に「八幡宮新造屋」とあり|奥書に「右東大寺要録十巻以伴信友蔵本令謄写畢 天保丙申年九月晦 長澤伴雄」とあり|印記: 「紀伊國徳川氏圖書記」,「南葵文庫」",日本語,和古書,南葵文庫,http://tify.sub.uni-goettingen.de/demo.html?manifest=https://archdataset.dl.itc.u-tokyo.ac.jp/manifest/a531a7cd-4c71-20cf-1315-a3e23e269533.json,a531a7cd-4c71-20cf-1315-a3e23e269533,https://iiif.dl.itc.u-tokyo.ac.jp/repo/s/koten,https://iiif.dl.itc.u-tokyo.ac.jp/repo/s/koten/document/a531a7cd-4c71-20cf-1315-a3e23e269533,https://www.lib.u-tokyo.ac.jp/ja/library/contents/archives-top/reuse,https://iiif.dl.itc.u-tokyo.ac.jp/repo/files/medium/5ff95e34c08e8f5e935be366410d785ed370e6a7.jpg,https://iiif.dl.itc.u-tokyo.ac.jp/repo/api/items/1168755,"東京大学総合図書館 General Library, The University of Tokyo, JAPAN",http://iiif.io/api/presentation/2#rightToLeftDirection,,総合図書館所蔵古典籍,,,https://iiif.dl.itc.u-tokyo.ac.jp/repo/iiif/a531a7cd-4c71-20cf-1315-a3e23e269533/manifest,,,,,60
東大寺要録 巻第4,C40:2050,トウダイジ ヨウロク,,観厳,[書写者不明],1836,天保7,10巻,写本,32×24cm,"各扉に「八幡宮新造屋」とあり|奥書に「右東大寺要録十巻以伴信友蔵本令謄写畢 天保丙申年九月晦 長澤伴雄」とあり|印記: 「紀伊國徳川氏圖書記」,「南葵文庫」",日本語,和古書,南葵文庫,http://tify.sub.uni-goettingen.de/demo.html?manifest=https://archdataset.dl.itc.u-tokyo.ac.jp/manifest/318c8c65-02a5-5e51-428a-7fe096d66d83.json,318c8c65-02a5-5e51-428a-7fe096d66d83,https://iiif.dl.itc.u-tokyo.ac.jp/repo/s/koten,https://iiif.dl.itc.u-tokyo.ac.jp/repo/s/koten/document/318c8c65-02a5-5e51-428a-7fe096d66d83,https://www.lib.u-tokyo.ac.jp/ja/library/contents/archives-top/reuse,https://iiif.dl.itc.u-tokyo.ac.jp/repo/files/medium/8f2df999dc62dcb11d41e54ea47bf974897accdd.jpg,https://iiif.dl.itc.u-tokyo.ac.jp/repo/api/items/1168756,"東京大学総合図書館 General Library, The University of Tokyo, JAPAN",http://iiif.io/api/presentation/2#rightToLeftDirection,,総合図書館所蔵古典籍,,,https://iiif.dl.itc.u-tokyo.ac.jp/repo/iiif/318c8c65-02a5-5e51-428a-7fe096d66d83/manifest,,,,,102
東大寺要録 巻第5,C40:2050,トウダイジ ヨウロク,,観厳,[書写者不明],1836,天保7,10巻,写本,32×24cm,"各扉に「八幡宮新造屋」とあり|奥書に「右東大寺要録十巻以伴信友蔵本令謄写畢 天保丙申年九月晦 長澤伴雄」とあり|印記: 「紀伊國徳川氏圖書記」,「南葵文庫」",日本語,和古書,南葵文庫,http://tify.sub.uni-goettingen.de/demo.html?manifest=https://archdataset.dl.itc.u-tokyo.ac.jp/manifest/34bb72e5-451e-43bb-2aac-a2151e641be2.json,34bb72e5-451e-43bb-2aac-a2151e641be2,https://iiif.dl.itc.u-tokyo.ac.jp/repo/s/koten,https://iiif.dl.itc.u-tokyo.ac.jp/repo/s/koten/document/34bb72e5-451e-43bb-2aac-a2151e641be2,https://www.lib.u-tokyo.ac.jp/ja/library/contents/archives-top/reuse,https://iiif.dl.itc.u-tokyo.ac.jp/repo/files/medium/9acc03b06db7a6b0434c10d2bf87e696ce8adfeb.jpg,https://iiif.dl.itc.u-tokyo.ac.jp/repo/api/items/1168757,"東京大学総合図書館 General Library, The University of Tokyo, JAPAN",http://iiif.io/api/presentation/2#rightToLeftDirection,,総合図書館所蔵古典籍,,,https://iiif.dl.itc.u-tokyo.ac.jp/repo/iiif/34bb72e5-451e-43bb-2aac-a2151e641be2/manifest,,,,,104
東大寺要録 巻第6,C40:2050,トウダイジ ヨウロク,,観厳,[書写者不明],1836,天保7,10巻,写本,32×24cm,"各扉に「八幡宮新造屋」とあり|奥書に「右東大寺要録十巻以伴信友蔵本令謄写畢 天保丙申年九月晦 長澤伴雄」とあり|印記: 「紀伊國徳川氏圖書記」,「南葵文庫」",日本語,和古書,南葵文庫,http://tify.sub.uni-goettingen.de/demo.html?manifest=https://archdataset.dl.itc.u-tokyo.ac.jp/manifest/5595d6eb-350a-07e5-3426-ff8683ec1cfa.json,5595d6eb-350a-07e5-3426-ff8683ec1cfa,https://iiif.dl.itc.u-tokyo.ac.jp/repo/s/koten,https://iiif.dl.itc.u-tokyo.ac.jp/repo/s/koten/document/5595d6eb-350a-07e5-3426-ff8683ec1cfa,https://www.lib.u-tokyo.ac.jp/ja/library/contents/archives-top/reuse,https://iiif.dl.itc.u-tokyo.ac.jp/repo/files/medium/7648ff974d7af8b9e07b21943d2bd39dbaa31776.jpg,https://iiif.dl.itc.u-tokyo.ac.jp/repo/api/items/1168758,"東京大学総合図書館 General Library, The University of Tokyo, JAPAN",http://iiif.io/api/presentation/2#rightToLeftDirection,,総合図書館所蔵古典籍,,,https://iiif.dl.itc.u-tokyo.ac.jp/repo/iiif/5595d6eb-350a-07e5-3426-ff8683ec1cfa/manifest,,,,,88
東大寺要録 巻第7,C40:2050,トウダイジ ヨウロク,,観厳,[書写者不明],1836,天保7,10巻,写本,32×24cm,"各扉に「八幡宮新造屋」とあり|奥書に「右東大寺要録十巻以伴信友蔵本令謄写畢 天保丙申年九月晦 長澤伴雄」とあり|印記: 「紀伊國徳川氏圖書記」,「南葵文庫」",日本語,和古書,南葵文庫,http://tify.sub.uni-goettingen.de/demo.html?manifest=https://archdataset.dl.itc.u-tokyo.ac.jp/manifest/fea22b3d-0efb-4d46-0642-af2379b96db5.json,fea22b3d-0efb-4d46-0642-af2379b96db5,https://iiif.dl.itc.u-tokyo.ac.jp/repo/s/koten,https://iiif.dl.itc.u-tokyo.ac.jp/repo/s/koten/document/fea22b3d-0efb-4d46-0642-af2379b96db5,https://www.lib.u-tokyo.ac.jp/ja/library/contents/archives-top/reuse,https://iiif.dl.itc.u-tokyo.ac.jp/repo/files/medium/8fbfa9fe1cf2dd3d89a05eb31b86a3419813c875.jpg,https://iiif.dl.itc.u-tokyo.ac.jp/repo/api/items/1168759,"東京大学総合図書館 General Library, The University of Tokyo, JAPAN",http://iiif.io/api/presentation/2#rightToLeftDirection,,総合図書館所蔵古典籍,,,https://iiif.dl.itc.u-tokyo.ac.jp/repo/iiif/fea22b3d-0efb-4d46-0642-af2379b96db5/manifest,,,,,70
東大寺要録 巻第8,C40:2050,トウダイジ ヨウロク,,観厳,[書写者不明],1836,天保7,10巻,写本,32×24cm,"各扉に「八幡宮新造屋」とあり|奥書に「右東大寺要録十巻以伴信友蔵本令謄写畢 天保丙申年九月晦 長澤伴雄」とあり|印記: 「紀伊國徳川氏圖書記」,「南葵文庫」",日本語,和古書,南葵文庫,http://tify.sub.uni-goettingen.de/demo.html?manifest=https://archdataset.dl.itc.u-tokyo.ac.jp/manifest/0edad002-76d4-58de-4518-9d189a395789.json,0edad002-76d4-58de-4518-9d189a395789,https://iiif.dl.itc.u-tokyo.ac.jp/repo/s/koten,https://iiif.dl.itc.u-tokyo.ac.jp/repo/s/koten/document/0edad002-76d4-58de-4518-9d189a395789,https://www.lib.u-tokyo.ac.jp/ja/library/contents/archives-top/reuse,https://iiif.dl.itc.u-tokyo.ac.jp/repo/files/medium/68b4ca2ba43b90202e1911cb1d6fa530e383b0e9.jpg,https://iiif.dl.itc.u-tokyo.ac.jp/repo/api/items/1168760,"東京大学総合図書館 General Library, The University of Tokyo, JAPAN",http://iiif.io/api/presentation/2#rightToLeftDirection,,総合図書館所蔵古典籍,,,https://iiif.dl.itc.u-tokyo.ac.jp/repo/iiif/0edad002-76d4-58de-4518-9d189a395789/manifest,,,,,80
東大寺要録 巻第9,C40:2050,トウダイジ ヨウロク,,観厳,[書写者不明],1836,天保7,10巻,写本,32×24cm,"各扉に「八幡宮新造屋」とあり|奥書に「右東大寺要録十巻以伴信友蔵本令謄写畢 天保丙申年九月晦 長澤伴雄」とあり|印記: 「紀伊國徳川氏圖書記」,「南葵文庫」",日本語,和古書,南葵文庫,http://tify.sub.uni-goettingen.de/demo.html?manifest=https://archdataset.dl.itc.u-tokyo.ac.jp/manifest/ab5de13f-387e-0b97-3622-88388138362e.json,ab5de13f-387e-0b97-3622-88388138362e,https://iiif.dl.itc.u-tokyo.ac.jp/repo/s/koten,https://iiif.dl.itc.u-tokyo.ac.jp/repo/s/koten/document/ab5de13f-387e-0b97-3622-88388138362e,https://www.lib.u-tokyo.ac.jp/ja/library/contents/archives-top/reuse,https://iiif.dl.itc.u-tokyo.ac.jp/repo/files/medium/213284e26f0ca428a87d9c93cc93054173559bf2.jpg,https://iiif.dl.itc.u-tokyo.ac.jp/repo/api/items/1168761,"東京大学総合図書館 General Library, The University of Tokyo, JAPAN",http://iiif.io/api/presentation/2#rightToLeftDirection,,総合図書館所蔵古典籍,,,https://iiif.dl.itc.u-tokyo.ac.jp/repo/iiif/ab5de13f-387e-0b97-3622-88388138362e/manifest,,,,,72
東大寺要録 巻第10,C40:2050,トウダイジ ヨウロク,,観厳,[書写者不明],1836,天保7,10巻,写本,32×24cm,"各扉に「八幡宮新造屋」とあり|奥書に「右東大寺要録十巻以伴信友蔵本令謄写畢 天保丙申年九月晦 長澤伴雄」とあり|印記: 「紀伊國徳川氏圖書記」,「南葵文庫」",日本語,和古書,南葵文庫,http://tify.sub.uni-goettingen.de/demo.html?manifest=https://archdataset.dl.itc.u-tokyo.ac.jp/manifest/949f9841-8007-1333-6bb0-27cfc0fd25d7.json,949f9841-8007-1333-6bb0-27cfc0fd25d7,https://iiif.dl.itc.u-tokyo.ac.jp/repo/s/koten,https://iiif.dl.itc.u-tokyo.ac.jp/repo/s/koten/document/949f9841-8007-1333-6bb0-27cfc0fd25d7,https://www.lib.u-tokyo.ac.jp/ja/library/contents/archives-top/reuse,https://iiif.dl.itc.u-tokyo.ac.jp/repo/files/medium/88d93a4f4b4b6cd52fa7f24888dd05794f3a34e8.jpg,https://iiif.dl.itc.u-tokyo.ac.jp/repo/api/items/1168762,"東京大学総合図書館 General Library, The University of Tokyo, JAPAN",http://iiif.io/api/presentation/2#rightToLeftDirection,,総合図書館所蔵古典籍,,,https://iiif.dl.itc.u-tokyo.ac.jp/repo/iiif/949f9841-8007-1333-6bb0-27cfc0fd25d7/manifest,,,,,60
夢窻録考證 1,C40:2115,ムソウロク コウショウ,"國師語類考證, 夢窓録考証",湛堂令椿,[書写者不明],不明,[書写年不明],13巻(7、10巻欠),写本,23×16cm,書名及び巻次は表紙による|序の書名: 國師語類考證|奥書に「此考證者天龍玅智秘書而湛堂和尚所製也假招慶愚堂壽寧剛中兩和尚之手借得令玅心大應下信禪摸寫之以充考證者也宜傳悠遠秘藏也 盈冲整龍共記之」とあり,日本語,和古書,,http://tify.sub.uni-goettingen.de/demo.html?manifest=https://archdataset.dl.itc.u-tokyo.ac.jp/manifest/5e39c9e3-493e-0421-4b13-23e4e8199707.json,5e39c9e3-493e-0421-4b13-23e4e8199707,https://iiif.dl.itc.u-tokyo.ac.jp/repo/s/koten,https://iiif.dl.itc.u-tokyo.ac.jp/repo/s/koten/document/5e39c9e3-493e-0421-4b13-23e4e8199707,https://www.lib.u-tokyo.ac.jp/ja/library/contents/archives-top/reuse,https://iiif.dl.itc.u-tokyo.ac.jp/repo/files/medium/d2cceb7383a247c9089be7b559782d10b5477875.jpg,https://iiif.dl.itc.u-tokyo.ac.jp/repo/api/items/1168763,"東京大学総合図書館 General Library, The University of Tokyo, JAPAN",http://iiif.io/api/presentation/2#rightToLeftDirection,,総合図書館所蔵古典籍,,,https://iiif.dl.itc.u-tokyo.ac.jp/repo/iiif/5e39c9e3-493e-0421-4b13-23e4e8199707/manifest,,,,,44
夢窻録考證 2,C40:2115,ムソウロク コウショウ,"國師語類考證, 夢窓録考証",湛堂令椿,[書写者不明],不明,[書写年不明],13巻(7、10巻欠),写本,23×16cm,書名及び巻次は表紙による|序の書名: 國師語類考證|奥書に「此考證者天龍玅智秘書而湛堂和尚所製也假招慶愚堂壽寧剛中兩和尚之手借得令玅心大應下信禪摸寫之以充考證者也宜傳悠遠秘藏也 盈冲整龍共記之」とあり,日本語,和古書,,http://tify.sub.uni-goettingen.de/demo.html?manifest=https://archdataset.dl.itc.u-tokyo.ac.jp/manifest/93db04a6-8831-9b84-4d92-5cc398123717.json,93db04a6-8831-9b84-4d92-5cc398123717,https://iiif.dl.itc.u-tokyo.ac.jp/repo/s/koten,https://iiif.dl.itc.u-tokyo.ac.jp/repo/s/koten/document/93db04a6-8831-9b84-4d92-5cc398123717,https://www.lib.u-tokyo.ac.jp/ja/library/contents/archives-top/reuse,https://iiif.dl.itc.u-tokyo.ac.jp/repo/files/medium/2f87cad6ff61f37acd2ba84af7032022744879ee.jpg,https://iiif.dl.itc.u-tokyo.ac.jp/repo/api/items/1168764,"東京大学総合図書館 General Library, The University of Tokyo, JAPAN",http://iiif.io/api/presentation/2#rightToLeftDirection,,総合図書館所蔵古典籍,,,https://iiif.dl.itc.u-tokyo.ac.jp/repo/iiif/93db04a6-8831-9b84-4d92-5cc398123717/manifest,,,,,49
夢窻録考證 3,C40:2115,ムソウロク コウショウ,"國師語類考證, 夢窓録考証",湛堂令椿,[書写者不明],不明,[書写年不明],13巻(7、10巻欠),写本,23×16cm,書名及び巻次は表紙による|序の書名: 國師語類考證|奥書に「此考證者天龍玅智秘書而湛堂和尚所製也假招慶愚堂壽寧剛中兩和尚之手借得令玅心大應下信禪摸寫之以充考證者也宜傳悠遠秘藏也 盈冲整龍共記之」とあり,日本語,和古書,,http://tify.sub.uni-goettingen.de/demo.html?manifest=https://archdataset.dl.itc.u-tokyo.ac.jp/manifest/247a185c-081a-2364-467e-2188e77d98e7.json,247a185c-081a-2364-467e-2188e77d98e7,https://iiif.dl.itc.u-tokyo.ac.jp/repo/s/koten,https://iiif.dl.itc.u-tokyo.ac.jp/repo/s/koten/document/247a185c-081a-2364-467e-2188e77d98e7,https://www.lib.u-tokyo.ac.jp/ja/library/contents/archives-top/reuse,https://iiif.dl.itc.u-tokyo.ac.jp/repo/files/medium/8e0c6099338381a1665e2fee39794a1bd9c33973.jpg,https://iiif.dl.itc.u-tokyo.ac.jp/repo/api/items/1168765,"東京大学総合図書館 General Library, The University of Tokyo, JAPAN",http://iiif.io/api/presentation/2#rightToLeftDirection,,総合図書館所蔵古典籍,,,https://iiif.dl.itc.u-tokyo.ac.jp/repo/iiif/247a185c-081a-2364-467e-2188e77d98e7/manifest,,,,,49
夢窻録考證 4,C40:2115,ムソウロク コウショウ,"國師語類考證, 夢窓録考証",湛堂令椿,[書写者不明],不明,[書写年不明],13巻(7、10巻欠),写本,23×16cm,書名及び巻次は表紙による|序の書名: 國師語類考證|奥書に「此考證者天龍玅智秘書而湛堂和尚所製也假招慶愚堂壽寧剛中兩和尚之手借得令玅心大應下信禪摸寫之以充考證者也宜傳悠遠秘藏也 盈冲整龍共記之」とあり,日本語,和古書,,http://tify.sub.uni-goettingen.de/demo.html?manifest=https://archdataset.dl.itc.u-tokyo.ac.jp/manifest/319889e9-3742-81f0-342f-4dda63de6901.json,319889e9-3742-81f0-342f-4dda63de6901,https://iiif.dl.itc.u-tokyo.ac.jp/repo/s/koten,https://iiif.dl.itc.u-tokyo.ac.jp/repo/s/koten/document/319889e9-3742-81f0-342f-4dda63de6901,https://www.lib.u-tokyo.ac.jp/ja/library/contents/archives-top/reuse,https://iiif.dl.itc.u-tokyo.ac.jp/repo/files/medium/50deb9af1c8c0a6b542be652fc47569ef8c4e940.jpg,https://iiif.dl.itc.u-tokyo.ac.jp/repo/api/items/1168766,"東京大学総合図書館 General Library, The University of Tokyo, JAPAN",http://iiif.io/api/presentation/2#rightToLeftDirection,,総合図書館所蔵古典籍,,,https://iiif.dl.itc.u-tokyo.ac.jp/repo/iiif/319889e9-3742-81f0-342f-4dda63de6901/manifest,,,,,52
夢窻録考證 5,C40:2115,ムソウロク コウショウ,"國師語類考證, 夢窓録考証",湛堂令椿,[書写者不明],不明,[書写年不明],13巻(7、10巻欠),写本,23×16cm,書名及び巻次は表紙による|序の書名: 國師語類考證|奥書に「此考證者天龍玅智秘書而湛堂和尚所製也假招慶愚堂壽寧剛中兩和尚之手借得令玅心大應下信禪摸寫之以充考證者也宜傳悠遠秘藏也 盈冲整龍共記之」とあり,日本語,和古書,,http://tify.sub.uni-goettingen.de/demo.html?manifest=https://archdataset.dl.itc.u-tokyo.ac.jp/manifest/56a9c915-018f-8cca-4c3f-c43e13c98487.json,56a9c915-018f-8cca-4c3f-c43e13c98487,https://iiif.dl.itc.u-tokyo.ac.jp/repo/s/koten,https://iiif.dl.itc.u-tokyo.ac.jp/repo/s/koten/document/56a9c915-018f-8cca-4c3f-c43e13c98487,https://www.lib.u-tokyo.ac.jp/ja/library/contents/archives-top/reuse,https://iiif.dl.itc.u-tokyo.ac.jp/repo/files/medium/208bc9fe71c4226840156bba23a0e6766ef048a1.jpg,https://iiif.dl.itc.u-tokyo.ac.jp/repo/api/items/1168767,"東京大学総合図書館 General Library, The University of Tokyo, JAPAN",http://iiif.io/api/presentation/2#rightToLeftDirection,,総合図書館所蔵古典籍,,,https://iiif.dl.itc.u-tokyo.ac.jp/repo/iiif/56a9c915-018f-8cca-4c3f-c43e13c98487/manifest,,,,,76
夢窻録考證 6,C40:2115,ムソウロク コウショウ,"國師語類考證, 夢窓録考証",湛堂令椿,[書写者不明],不明,[書写年不明],13巻(7、10巻欠),写本,23×16cm,書名及び巻次は表紙による|序の書名: 國師語類考證|奥書に「此考證者天龍玅智秘書而湛堂和尚所製也假招慶愚堂壽寧剛中兩和尚之手借得令玅心大應下信禪摸寫之以充考證者也宜傳悠遠秘藏也 盈冲整龍共記之」とあり,日本語,和古書,,http://tify.sub.uni-goettingen.de/demo.html?manifest=https://archdataset.dl.itc.u-tokyo.ac.jp/manifest/61072805-5b69-1dbc-0f32-7a20882d8b28.json,61072805-5b69-1dbc-0f32-7a20882d8b28,https://iiif.dl.itc.u-tokyo.ac.jp/repo/s/koten,https://iiif.dl.itc.u-tokyo.ac.jp/repo/s/koten/document/61072805-5b69-1dbc-0f32-7a20882d8b28,https://www.lib.u-tokyo.ac.jp/ja/library/contents/archives-top/reuse,https://iiif.dl.itc.u-tokyo.ac.jp/repo/files/medium/5e22558fa901e0f66ccc1924ba3e7e4f23472eca.jpg,https://iiif.dl.itc.u-tokyo.ac.jp/repo/api/items/1168768,"東京大学総合図書館 General Library, The University of Tokyo, JAPAN",http://iiif.io/api/presentation/2#rightToLeftDirection,,総合図書館所蔵古典籍,,,https://iiif.dl.itc.u-tokyo.ac.jp/repo/iiif/61072805-5b69-1dbc-0f32-7a20882d8b28/manifest,,,,,84
夢窻録考證 8,C40:2115,ムソウロク コウショウ,"國師語類考證, 夢窓録考証",湛堂令椿,[書写者不明],不明,[書写年不明],13巻(7、10巻欠),写本,23×16cm,書名及び巻次は表紙による|序の書名: 國師語類考證|奥書に「此考證者天龍玅智秘書而湛堂和尚所製也假招慶愚堂壽寧剛中兩和尚之手借得令玅心大應下信禪摸寫之以充考證者也宜傳悠遠秘藏也 盈冲整龍共記之」とあり,日本語,和古書,,http://tify.sub.uni-goettingen.de/demo.html?manifest=https://archdataset.dl.itc.u-tokyo.ac.jp/manifest/1354d96f-453a-6d9d-55e7-6dc239fa34e9.json,1354d96f-453a-6d9d-55e7-6dc239fa34e9,https://iiif.dl.itc.u-tokyo.ac.jp/repo/s/koten,https://iiif.dl.itc.u-tokyo.ac.jp/repo/s/koten/document/1354d96f-453a-6d9d-55e7-6dc239fa34e9,https://www.lib.u-tokyo.ac.jp/ja/library/contents/archives-top/reuse,https://iiif.dl.itc.u-tokyo.ac.jp/repo/files/medium/cda02f05698b58785c0145c9cdcb4bc323bae7e9.jpg,https://iiif.dl.itc.u-tokyo.ac.jp/repo/api/items/1168769,"東京大学総合図書館 General Library, The University of Tokyo, JAPAN",http://iiif.io/api/presentation/2#rightToLeftDirection,,総合図書館所蔵古典籍,,,https://iiif.dl.itc.u-tokyo.ac.jp/repo/iiif/1354d96f-453a-6d9d-55e7-6dc239fa34e9/manifest,,,,,68
夢窻録考證 9,C40:2115,ムソウロク コウショウ,"國師語類考證, 夢窓録考証",湛堂令椿,[書写者不明],不明,[書写年不明],13巻(7、10巻欠),写本,23×16cm,書名及び巻次は表紙による|序の書名: 國師語類考證|奥書に「此考證者天龍玅智秘書而湛堂和尚所製也假招慶愚堂壽寧剛中兩和尚之手借得令玅心大應下信禪摸寫之以充考證者也宜傳悠遠秘藏也 盈冲整龍共記之」とあり,日本語,和古書,,http://tify.sub.uni-goettingen.de/demo.html?manifest=https://archdataset.dl.itc.u-tokyo.ac.jp/manifest/df300c87-4162-722f-61b2-d545599ca7a1.json,df300c87-4162-722f-61b2-d545599ca7a1,https://iiif.dl.itc.u-tokyo.ac.jp/repo/s/koten,https://iiif.dl.itc.u-tokyo.ac.jp/repo/s/koten/document/df300c87-4162-722f-61b2-d545599ca7a1,https://www.lib.u-tokyo.ac.jp/ja/library/contents/archives-top/reuse,https://iiif.dl.itc.u-tokyo.ac.jp/repo/files/medium/00edc7e6d80948b2a924ba74a228a221975f9291.jpg,https://iiif.dl.itc.u-tokyo.ac.jp/repo/api/items/1168770,"東京大学総合図書館 General Library, The University of Tokyo, JAPAN",http://iiif.io/api/presentation/2#rightToLeftDirection,,総合図書館所蔵古典籍,,,https://iiif.dl.itc.u-tokyo.ac.jp/repo/iiif/df300c87-4162-722f-61b2-d545599ca7a1/manifest,,,,,44
夢窻録考證 11,C40:2115,ムソウロク コウショウ,"國師語類考證, 夢窓録考証",湛堂令椿,[書写者不明],不明,[書写年不明],13巻(7、10巻欠),写本,23×16cm,書名及び巻次は表紙による|序の書名: 國師語類考證|奥書に「此考證者天龍玅智秘書而湛堂和尚所製也假招慶愚堂壽寧剛中兩和尚之手借得令玅心大應下信禪摸寫之以充考證者也宜傳悠遠秘藏也 盈冲整龍共記之」とあり,日本語,和古書,,http://tify.sub.uni-goettingen.de/demo.html?manifest=https://archdataset.dl.itc.u-tokyo.ac.jp/manifest/79769d44-a17c-79d5-1135-87fc0b2510b6.json,79769d44-a17c-79d5-1135-87fc0b2510b6,https://iiif.dl.itc.u-tokyo.ac.jp/repo/s/koten,https://iiif.dl.itc.u-tokyo.ac.jp/repo/s/koten/document/79769d44-a17c-79d5-1135-87fc0b2510b6,https://www.lib.u-tokyo.ac.jp/ja/library/contents/archives-top/reuse,https://iiif.dl.itc.u-tokyo.ac.jp/repo/files/medium/6189b67598d9d7ac86a473652aabe35e2562a548.jpg,https://iiif.dl.itc.u-tokyo.ac.jp/repo/api/items/1168771,"東京大学総合図書館 General Library, The University of Tokyo, JAPAN",http://iiif.io/api/presentation/2#rightToLeftDirection,,総合図書館所蔵古典籍,,,https://iiif.dl.itc.u-tokyo.ac.jp/repo/iiif/79769d44-a17c-79d5-1135-87fc0b2510b6/manifest,,,,,48
夢窻録考證 12,C40:2115,ムソウロク コウショウ,"國師語類考證, 夢窓録考証",湛堂令椿,[書写者不明],不明,[書写年不明],13巻(7、10巻欠),写本,23×16cm,書名及び巻次は表紙による|序の書名: 國師語類考證|奥書に「此考證者天龍玅智秘書而湛堂和尚所製也假招慶愚堂壽寧剛中兩和尚之手借得令玅心大應下信禪摸寫之以充考證者也宜傳悠遠秘藏也 盈冲整龍共記之」とあり,日本語,和古書,,http://tify.sub.uni-goettingen.de/demo.html?manifest=https://archdataset.dl.itc.u-tokyo.ac.jp/manifest/7121e878-7d33-2c9c-00d0-57c24e45920d.json,7121e878-7d33-2c9c-00d0-57c24e45920d,https://iiif.dl.itc.u-tokyo.ac.jp/repo/s/koten,https://iiif.dl.itc.u-tokyo.ac.jp/repo/s/koten/document/7121e878-7d33-2c9c-00d0-57c24e45920d,https://www.lib.u-tokyo.ac.jp/ja/library/contents/archives-top/reuse,https://iiif.dl.itc.u-tokyo.ac.jp/repo/files/medium/8c272e8ae67da97a40395102591c2ca96dc55fba.jpg,https://iiif.dl.itc.u-tokyo.ac.jp/repo/api/items/1168772,"東京大学総合図書館 General Library, The University of Tokyo, JAPAN",http://iiif.io/api/presentation/2#rightToLeftDirection,,総合図書館所蔵古典籍,,,https://iiif.dl.itc.u-tokyo.ac.jp/repo/iiif/7121e878-7d33-2c9c-00d0-57c24e45920d/manifest,,,,,85
夢窻録考證 13,C40:2115,ムソウロク コウショウ,"國師語類考證, 夢窓録考証",湛堂令椿,[書写者不明],不明,[書写年不明],13巻(7、10巻欠),写本,23×16cm,書名及び巻次は表紙による|序の書名: 國師語類考證|奥書に「此考證者天龍玅智秘書而湛堂和尚所製也假招慶愚堂壽寧剛中兩和尚之手借得令玅心大應下信禪摸寫之以充考證者也宜傳悠遠秘藏也 盈冲整龍共記之」とあり,日本語,和古書,,http://tify.sub.uni-goettingen.de/demo.html?manifest=https://archdataset.dl.itc.u-tokyo.ac.jp/manifest/0726ffd0-14bd-94ef-082f-7c6afcb07f06.json,0726ffd0-14bd-94ef-082f-7c6afcb07f06,https://iiif.dl.itc.u-tokyo.ac.jp/repo/s/koten,https://iiif.dl.itc.u-tokyo.ac.jp/repo/s/koten/document/0726ffd0-14bd-94ef-082f-7c6afcb07f06,https://www.lib.u-tokyo.ac.jp/ja/library/contents/archives-top/reuse,https://iiif.dl.itc.u-tokyo.ac.jp/repo/files/medium/75baacf21f5d8119d1ec91932391c08c515135b4.jpg,https://iiif.dl.itc.u-tokyo.ac.jp/repo/api/items/1168773,"東京大学総合図書館 General Library, The University of Tokyo, JAPAN",http://iiif.io/api/presentation/2#rightToLeftDirection,,総合図書館所蔵古典籍,,,https://iiif.dl.itc.u-tokyo.ac.jp/repo/iiif/0726ffd0-14bd-94ef-082f-7c6afcb07f06/manifest,,,,,72
木曽採藥記 上,V30:89,キソ サイヤクキ,,水谷 豊文,三園 [写],1850,安政3,2巻2冊,写本,24cm,"表紙による巻次: 乾, 坤|上の奥書に「安政三丙辰年五月朔日午後初テ筆ヲ執リ同三日午中刻冩終ル(中略) 三園(花押)」とあり|筆彩あり|上の巻末に「木曽採薬(水谷義三郎)」「乗鞍ヶ岳遠見略圖」「木曽採薬(大窪舒三郎)」を附す|朱墨書き入れあり",日本語,和古書,田中芳男文庫,http://tify.sub.uni-goettingen.de/demo.html?manifest=https://archdataset.dl.itc.u-tokyo.ac.jp/manifest/32aa6b70-1b40-1c96-1db4-c9f50b5d1436.json,32aa6b70-1b40-1c96-1db4-c9f50b5d1436,https://iiif.dl.itc.u-tokyo.ac.jp/repo/s/koten,https://iiif.dl.itc.u-tokyo.ac.jp/repo/s/koten/document/32aa6b70-1b40-1c96-1db4-c9f50b5d1436,https://www.lib.u-tokyo.ac.jp/ja/library/contents/archives-top/reuse,https://iiif.dl.itc.u-tokyo.ac.jp/repo/files/medium/aed409944812008d7e3ee264f0059b3ceb48f117.jpg,https://iiif.dl.itc.u-tokyo.ac.jp/repo/api/items/1168774,"東京大学総合図書館 General Library, The University of Tokyo, JAPAN",http://iiif.io/api/presentation/2#rightToLeftDirection,,総合図書館所蔵古典籍,,,https://iiif.dl.itc.u-tokyo.ac.jp/repo/iiif/32aa6b70-1b40-1c96-1db4-c9f50b5d1436/manifest,,,,,82
木曽採藥記 下,V30:89,キソ サイヤクキ,,水谷 豊文,三園 [写],1850,安政3,2巻2冊,写本,24cm,"表紙による巻次: 乾, 坤|上の奥書に「安政三丙辰年五月朔日午後初テ筆ヲ執リ同三日午中刻冩終ル(中略) 三園(花押)」とあり|筆彩あり|上の巻末に「木曽採薬(水谷義三郎)」「乗鞍ヶ岳遠見略圖」「木曽採薬(大窪舒三郎)」を附す|朱墨書き入れあり",日本語,和古書,田中芳男文庫,http://tify.sub.uni-goettingen.de/demo.html?manifest=https://archdataset.dl.itc.u-tokyo.ac.jp/manifest/df907aea-32c6-68f1-624a-5bc75fb75296.json,df907aea-32c6-68f1-624a-5bc75fb75296,https://iiif.dl.itc.u-tokyo.ac.jp/repo/s/koten,https://iiif.dl.itc.u-tokyo.ac.jp/repo/s/koten/document/df907aea-32c6-68f1-624a-5bc75fb75296,https://www.lib.u-tokyo.ac.jp/ja/library/contents/archives-top/reuse,https://iiif.dl.itc.u-tokyo.ac.jp/repo/files/medium/225ad64c2bd291d290e4b94bfdad322e12abe22c.jpg,https://iiif.dl.itc.u-tokyo.ac.jp/repo/api/items/1168775,"東京大学総合図書館 General Library, The University of Tokyo, JAPAN",http://iiif.io/api/presentation/2#rightToLeftDirection,,総合図書館所蔵古典籍,,,https://iiif.dl.itc.u-tokyo.ac.jp/repo/iiif/df907aea-32c6-68f1-624a-5bc75fb75296/manifest,,,,,92
しん累千種のはな嫁 初篇の上-下,E24:153,シンカサネ チグサ ノ ハナヨメ,"新累女千種花嫁,新累女千くさのはなよめ",河竹 黙阿弥,蔦屋吉藏,1868,[慶應4],3編12巻,,18×11.5cm,"書名及び巻次は見返しによる|初編の摺付表紙及び題簽(墨書)の書名: 新累女千種花嫁|2編の摺付表紙の書名: しん累女千種の花よめ|3篇の摺付表紙の書名: 新累女千くさのはなよめ|各編上の巻の原見返しの書名: 新累女千種の花嫁|各編下巻の原見返しの書名: 新累女千くさのはなよめ|版心の書名: 新累|各編の原見返しに「蔦吉梓」(上の巻)「つた吉文庫」(下巻)とあり|各見返しに「紅英文庫」(初-2編)「紅」(3篇)とあり|各編末に「慶應四年戊辰陽春開板標目」(蔦屋吉藏板)を附す|印記: 「明治五改」,「酉」",日本語,和古書,,http://tify.sub.uni-goettingen.de/demo.html?manifest=https://archdataset.dl.itc.u-tokyo.ac.jp/manifest/aaa4add1-157c-3824-2c12-bb1a71b15837.json,aaa4add1-157c-3824-2c12-bb1a71b15837,https://iiif.dl.itc.u-tokyo.ac.jp/repo/s/koten,https://iiif.dl.itc.u-tokyo.ac.jp/repo/s/koten/document/aaa4add1-157c-3824-2c12-bb1a71b15837,https://www.lib.u-tokyo.ac.jp/ja/library/contents/archives-top/reuse,https://iiif.dl.itc.u-tokyo.ac.jp/repo/files/medium/66239a3ecebd151a149f1521560020785c247fff.jpg,https://iiif.dl.itc.u-tokyo.ac.jp/repo/api/items/1168776,"東京大学総合図書館 General Library, The University of Tokyo, JAPAN",http://iiif.io/api/presentation/2#rightToLeftDirection,,総合図書館所蔵古典籍,,,https://iiif.dl.itc.u-tokyo.ac.jp/repo/iiif/aaa4add1-157c-3824-2c12-bb1a71b15837/manifest,,,,,26
しん累千種のはな嫁 2篇の上-下,E24:153,シンカサネ チグサ ノ ハナヨメ,"新累女千種花嫁,新累女千くさのはなよめ",河竹 黙阿弥,蔦屋吉藏,1868,[慶應4],3編12巻,,18×11.5cm,"書名及び巻次は見返しによる|初編の摺付表紙及び題簽(墨書)の書名: 新累女千種花嫁|2編の摺付表紙の書名: しん累女千種の花よめ|3篇の摺付表紙の書名: 新累女千くさのはなよめ|各編上の巻の原見返しの書名: 新累女千種の花嫁|各編下巻の原見返しの書名: 新累女千くさのはなよめ|版心の書名: 新累|各編の原見返しに「蔦吉梓」(上の巻)「つた吉文庫」(下巻)とあり|各見返しに「紅英文庫」(初-2編)「紅」(3篇)とあり|各編末に「慶應四年戊辰陽春開板標目」(蔦屋吉藏板)を附す|印記: 「明治五改」,「酉」",日本語,和古書,,http://tify.sub.uni-goettingen.de/demo.html?manifest=https://archdataset.dl.itc.u-tokyo.ac.jp/manifest/7ba05bcd-1364-8d64-5d6c-15affc0194c2.json,7ba05bcd-1364-8d64-5d6c-15affc0194c2,https://iiif.dl.itc.u-tokyo.ac.jp/repo/s/koten,https://iiif.dl.itc.u-tokyo.ac.jp/repo/s/koten/document/7ba05bcd-1364-8d64-5d6c-15affc0194c2,https://www.lib.u-tokyo.ac.jp/ja/library/contents/archives-top/reuse,https://iiif.dl.itc.u-tokyo.ac.jp/repo/files/medium/e28c07152601aa48934a0004280665f6de9d25b7.jpg,https://iiif.dl.itc.u-tokyo.ac.jp/repo/api/items/1168777,"東京大学総合図書館 General Library, The University of Tokyo, JAPAN",http://iiif.io/api/presentation/2#rightToLeftDirection,,総合図書館所蔵古典籍,,,https://iiif.dl.itc.u-tokyo.ac.jp/repo/iiif/7ba05bcd-1364-8d64-5d6c-15affc0194c2/manifest,,,,,25
しん累千種のはな嫁 3篇の上-下,E24:153,シンカサネ チグサ ノ ハナヨメ,"新累女千種花嫁,新累女千くさのはなよめ",河竹 黙阿弥,蔦屋吉藏,1868,[慶應4],3編12巻,,18×11.5cm,"書名及び巻次は見返しによる|初編の摺付表紙及び題簽(墨書)の書名: 新累女千種花嫁|2編の摺付表紙の書名: しん累女千種の花よめ|3篇の摺付表紙の書名: 新累女千くさのはなよめ|各編上の巻の原見返しの書名: 新累女千種の花嫁|各編下巻の原見返しの書名: 新累女千くさのはなよめ|版心の書名: 新累|各編の原見返しに「蔦吉梓」(上の巻)「つた吉文庫」(下巻)とあり|各見返しに「紅英文庫」(初-2編)「紅」(3篇)とあり|各編末に「慶應四年戊辰陽春開板標目」(蔦屋吉藏板)を附す|印記: 「明治五改」,「酉」",日本語,和古書,,http://tify.sub.uni-goettingen.de/demo.html?manifest=https://archdataset.dl.itc.u-tokyo.ac.jp/manifest/4d33255e-3dfe-9517-45b6-a42ab3ec669a.json,4d33255e-3dfe-9517-45b6-a42ab3ec669a,https://iiif.dl.itc.u-tokyo.ac.jp/repo/s/koten,https://iiif.dl.itc.u-tokyo.ac.jp/repo/s/koten/document/4d33255e-3dfe-9517-45b6-a42ab3ec669a,https://www.lib.u-tokyo.ac.jp/ja/library/contents/archives-top/reuse,https://iiif.dl.itc.u-tokyo.ac.jp/repo/files/medium/6e7c64f03b3d09502e49fcca9f8b77898df283c3.jpg,https://iiif.dl.itc.u-tokyo.ac.jp/repo/api/items/1168778,"東京大学総合図書館 General Library, The University of Tokyo, JAPAN",http://iiif.io/api/presentation/2#rightToLeftDirection,,総合図書館所蔵古典籍,,,https://iiif.dl.itc.u-tokyo.ac.jp/repo/iiif/4d33255e-3dfe-9517-45b6-a42ab3ec669a/manifest,,,,,25
英ゆうこゝによりまさ 初篇の上-下,E24:191,エイユウ ココ ニ ヨリマサ,"英雄玆頼政, 頼政",柳水亭 種清,蔦屋吉藏,1859,[安政6)],3編12巻,,18×11.5cm,"書名及び巻次は摺付表紙による|2篇の摺付表紙の書名: 英勇こゝに頼政|3編の摺付表紙の書名: 英雄玆頼政|原見返しの書名: 英雄玆頼政, えいゆうこゝに頼政, えいゆうこゝに頼まさ, えいゆうこゝにより政|見返しの書名: 英勇玆頼政, 英勇こゝによりまさ|版心の書名: 頼政|各原見返しに「紅英堂梓」(第初編の上)「紅英堂壽梓」(初篇の下,第2編の上-下,第3編の上-下)とあり|各見返しに「吉はん」(初篇,2編)「紅英文庫」(3編)とあり|多色刷り|飛び丁あり|2-3編の巻末に「安政六年己未歳陽春開板標目」(蔦屋吉藏梓)を附す|印記: 「明治五改」,「酉」",日本語,和古書,,http://tify.sub.uni-goettingen.de/demo.html?manifest=https://archdataset.dl.itc.u-tokyo.ac.jp/manifest/bea3a5dd-8647-4a68-2f25-b3fbc1cf38c2.json,bea3a5dd-8647-4a68-2f25-b3fbc1cf38c2,https://iiif.dl.itc.u-tokyo.ac.jp/repo/s/koten,https://iiif.dl.itc.u-tokyo.ac.jp/repo/s/koten/document/bea3a5dd-8647-4a68-2f25-b3fbc1cf38c2,https://www.lib.u-tokyo.ac.jp/ja/library/contents/archives-top/reuse,https://iiif.dl.itc.u-tokyo.ac.jp/repo/files/medium/f49a9cf26e1b66c8e2a6221a61328d3fae210acb.jpg,https://iiif.dl.itc.u-tokyo.ac.jp/repo/api/items/1168779,"東京大学総合図書館 General Library, The University of Tokyo, JAPAN",http://iiif.io/api/presentation/2#rightToLeftDirection,,総合図書館所蔵古典籍,,,https://iiif.dl.itc.u-tokyo.ac.jp/repo/iiif/bea3a5dd-8647-4a68-2f25-b3fbc1cf38c2/manifest,,,,,24
英ゆうこゝによりまさ 2篇の上-下,E24:191,エイユウ ココ ニ ヨリマサ,"英雄玆頼政, 頼政",柳水亭 種清,蔦屋吉藏,1859,[安政6)],3編12巻,,18×11.5cm,"書名及び巻次は摺付表紙による|2篇の摺付表紙の書名: 英勇こゝに頼政|3編の摺付表紙の書名: 英雄玆頼政|原見返しの書名: 英雄玆頼政, えいゆうこゝに頼政, えいゆうこゝに頼まさ, えいゆうこゝにより政|見返しの書名: 英勇玆頼政, 英勇こゝによりまさ|版心の書名: 頼政|各原見返しに「紅英堂梓」(第初編の上)「紅英堂壽梓」(初篇の下,第2編の上-下,第3編の上-下)とあり|各見返しに「吉はん」(初篇,2編)「紅英文庫」(3編)とあり|多色刷り|飛び丁あり|2-3編の巻末に「安政六年己未歳陽春開板標目」(蔦屋吉藏梓)を附す|印記: 「明治五改」,「酉」",日本語,和古書,,http://tify.sub.uni-goettingen.de/demo.html?manifest=https://archdataset.dl.itc.u-tokyo.ac.jp/manifest/a728323e-3f99-0899-6a7b-256191a7328e.json,a728323e-3f99-0899-6a7b-256191a7328e,https://iiif.dl.itc.u-tokyo.ac.jp/repo/s/koten,https://iiif.dl.itc.u-tokyo.ac.jp/repo/s/koten/document/a728323e-3f99-0899-6a7b-256191a7328e,https://www.lib.u-tokyo.ac.jp/ja/library/contents/archives-top/reuse,https://iiif.dl.itc.u-tokyo.ac.jp/repo/files/medium/3084047932badaf0e6730e79411071c4dc573db1.jpg,https://iiif.dl.itc.u-tokyo.ac.jp/repo/api/items/1168780,"東京大学総合図書館 General Library, The University of Tokyo, JAPAN",http://iiif.io/api/presentation/2#rightToLeftDirection,,総合図書館所蔵古典籍,,,https://iiif.dl.itc.u-tokyo.ac.jp/repo/iiif/a728323e-3f99-0899-6a7b-256191a7328e/manifest,,,,,24
英ゆうこゝによりまさ 3篇の上-下,E24:191,エイユウ ココ ニ ヨリマサ,"英雄玆頼政, 頼政",柳水亭 種清,蔦屋吉藏,1859,[安政6)],3編12巻,,18×11.5cm,"書名及び巻次は摺付表紙による|2篇の摺付表紙の書名: 英勇こゝに頼政|3編の摺付表紙の書名: 英雄玆頼政|原見返しの書名: 英雄玆頼政, えいゆうこゝに頼政, えいゆうこゝに頼まさ, えいゆうこゝにより政|見返しの書名: 英勇玆頼政, 英勇こゝによりまさ|版心の書名: 頼政|各原見返しに「紅英堂梓」(第初編の上)「紅英堂壽梓」(初篇の下,第2編の上-下,第3編の上-下)とあり|各見返しに「吉はん」(初篇,2編)「紅英文庫」(3編)とあり|多色刷り|飛び丁あり|2-3編の巻末に「安政六年己未歳陽春開板標目」(蔦屋吉藏梓)を附す|印記: 「明治五改」,「酉」",日本語,和古書,,http://tify.sub.uni-goettingen.de/demo.html?manifest=https://archdataset.dl.itc.u-tokyo.ac.jp/manifest/9a6d7d82-05ff-82ab-3950-32b5b5a2492d.json,9a6d7d82-05ff-82ab-3950-32b5b5a2492d,https://iiif.dl.itc.u-tokyo.ac.jp/repo/s/koten,https://iiif.dl.itc.u-tokyo.ac.jp/repo/s/koten/document/9a6d7d82-05ff-82ab-3950-32b5b5a2492d,https://www.lib.u-tokyo.ac.jp/ja/library/contents/archives-top/reuse,https://iiif.dl.itc.u-tokyo.ac.jp/repo/files/medium/5ad3e366d0f3bef05a724c75f146f156e1473da3.jpg,https://iiif.dl.itc.u-tokyo.ac.jp/repo/api/items/1168781,"東京大学総合図書館 General Library, The University of Tokyo, JAPAN",http://iiif.io/api/presentation/2#rightToLeftDirection,,総合図書館所蔵古典籍,,,https://iiif.dl.itc.u-tokyo.ac.jp/repo/iiif/9a6d7d82-05ff-82ab-3950-32b5b5a2492d/manifest,,,,,23
中ころの事,E24:266,ナカゴロ ノ コト,,[書写者不明],[書写者不明],不明,[書写年不明],1冊,写本,25cm,書名は原表紙による|印記: 「□□文庫」|虫損あり(裏打ち補修あり),日本語,和古書,,http://tify.sub.uni-goettingen.de/demo.html?manifest=https://archdataset.dl.itc.u-tokyo.ac.jp/manifest/37d7516e-3723-5155-01a8-f0c21d9289bf.json,37d7516e-3723-5155-01a8-f0c21d9289bf,https://iiif.dl.itc.u-tokyo.ac.jp/repo/s/koten,https://iiif.dl.itc.u-tokyo.ac.jp/repo/s/koten/document/37d7516e-3723-5155-01a8-f0c21d9289bf,https://www.lib.u-tokyo.ac.jp/ja/library/contents/archives-top/reuse,https://iiif.dl.itc.u-tokyo.ac.jp/repo/files/medium/30fe5d9c73ebea036afd26264fad04dbf778b960.jpg,https://iiif.dl.itc.u-tokyo.ac.jp/repo/api/items/1168782,"東京大学総合図書館 General Library, The University of Tokyo, JAPAN",http://iiif.io/api/presentation/2#rightToLeftDirection,,総合図書館所蔵古典籍,,,https://iiif.dl.itc.u-tokyo.ac.jp/repo/iiif/37d7516e-3723-5155-01a8-f0c21d9289bf/manifest,,,,,31
鍋島屋舗猫堂因縁竒怪物語,E24:416,ナベシマ ヤシキ ネコドウ インネン キカイ モノガタリ,"竒怪物語, 猫堂建立始原",[書写者不明],[書写者不明],不明,[書写年不明],1冊,写本,25cm,"序の書名: 竒怪物語|題簽の書名: 猫堂建立始原|印記: 「居敬堂藏」,「南葵文庫」",日本語,和古書,南葵文庫,http://tify.sub.uni-goettingen.de/demo.html?manifest=https://archdataset.dl.itc.u-tokyo.ac.jp/manifest/740d6865-406f-9087-2ffe-ad29cd43866c.json,740d6865-406f-9087-2ffe-ad29cd43866c,https://iiif.dl.itc.u-tokyo.ac.jp/repo/s/koten,https://iiif.dl.itc.u-tokyo.ac.jp/repo/s/koten/document/740d6865-406f-9087-2ffe-ad29cd43866c,https://www.lib.u-tokyo.ac.jp/ja/library/contents/archives-top/reuse,https://iiif.dl.itc.u-tokyo.ac.jp/repo/files/medium/f8e83ae68baa756c36f48c047f97933e776da1e8.jpg,https://iiif.dl.itc.u-tokyo.ac.jp/repo/api/items/1168783,"東京大学総合図書館 General Library, The University of Tokyo, JAPAN",http://iiif.io/api/presentation/2#rightToLeftDirection,,総合図書館所蔵古典籍,,,https://iiif.dl.itc.u-tokyo.ac.jp/repo/iiif/740d6865-406f-9087-2ffe-ad29cd43866c/manifest,,,,,31
澳國博覧會出品盆栽冩真帖,YB20:534,オウコク ハクランカイ シュッピン ボンサイ シャシンチョウ,澳国博覧会出品盆栽写真帖,不明,田中芳男,1889,明治22,1冊,,28cm,"書名は題簽による|折本|写真17枚を貼付|奥書に「此盆栽十七種ノ写真ハ明治六年澳國博覧會出品ノ際製造所ニシテ今ヲ去之十七年前 ... 貼付シテ参看ニ供スト云尓|明治二十二年五月十二日 田中芳男」とあり|破損, 変色あり",日本語,和古書,田中芳男文庫,http://tify.sub.uni-goettingen.de/demo.html?manifest=https://archdataset.dl.itc.u-tokyo.ac.jp/manifest/81cc3eff-419e-0df4-8b71-12ae7fb16da0.json,81cc3eff-419e-0df4-8b71-12ae7fb16da0,https://iiif.dl.itc.u-tokyo.ac.jp/repo/s/koten,https://iiif.dl.itc.u-tokyo.ac.jp/repo/s/koten/document/81cc3eff-419e-0df4-8b71-12ae7fb16da0,https://www.lib.u-tokyo.ac.jp/ja/library/contents/archives-top/reuse,https://iiif.dl.itc.u-tokyo.ac.jp/repo/files/medium/9611488fea62d1c8b4284c2ba1f6b33c732a28bf.jpg,https://iiif.dl.itc.u-tokyo.ac.jp/repo/api/items/1168784,"東京大学総合図書館 General Library, The University of Tokyo, JAPAN",http://iiif.io/api/presentation/2#rightToLeftDirection,,総合図書館所蔵古典籍,,,https://iiif.dl.itc.u-tokyo.ac.jp/repo/iiif/81cc3eff-419e-0df4-8b71-12ae7fb16da0/manifest,,,,,19
蒙求和歌 第1-3,E31:680,モウギュウ ワカ,,源 光行,[書写者不明],不明,[江戸期],14巻 (存7巻),写本,29cm,"序末に「于時元久甲子之?初秋壬申之日朝議大夫源光行閑居暇慨然記之云尓」とあり|奥書に「此両策以素菴艸本令冩之惜矣不全逐旋可書加耳 .. 壬申季春十五日 古勝子誌」とあり|題簽による巻冊次表示: 上, 下|第1: 春部. 第2: 夏部. 第3: 秋部. 第4: 冬部. 第5: 戀部.第6: 祝部. 第7:羇旅部|朱筆書き入れあり|印記: 「福地文庫」, 「陽春廬記」, 「南葵文庫」|虫損あり",日本語,和古書,南葵文庫,http://tify.sub.uni-goettingen.de/demo.html?manifest=https://archdataset.dl.itc.u-tokyo.ac.jp/manifest/786d741e-4f16-561c-514a-921735c789bd.json,786d741e-4f16-561c-514a-921735c789bd,https://iiif.dl.itc.u-tokyo.ac.jp/repo/s/koten,https://iiif.dl.itc.u-tokyo.ac.jp/repo/s/koten/document/786d741e-4f16-561c-514a-921735c789bd,https://www.lib.u-tokyo.ac.jp/ja/library/contents/archives-top/reuse,https://iiif.dl.itc.u-tokyo.ac.jp/repo/files/medium/23aaf84b3949d4d93390ce209e34453211a4dae8.jpg,https://iiif.dl.itc.u-tokyo.ac.jp/repo/api/items/1168785,"東京大学総合図書館 General Library, The University of Tokyo, JAPAN",http://iiif.io/api/presentation/2#rightToLeftDirection,,総合図書館所蔵古典籍,,,https://iiif.dl.itc.u-tokyo.ac.jp/repo/iiif/786d741e-4f16-561c-514a-921735c789bd/manifest,,,,,36
蒙求和歌 第4-7,E31:680,モウギュウ ワカ,,源 光行,[書写者不明],不明,[江戸期],14巻 (存7巻),写本,29cm,"序末に「于時元久甲子之?初秋壬申之日朝議大夫源光行閑居暇慨然記之云尓」とあり|奥書に「此両策以素菴艸本令冩之惜矣不全逐旋可書加耳 .. 壬申季春十五日 古勝子誌」とあり|題簽による巻冊次表示: 上, 下|第1: 春部. 第2: 夏部. 第3: 秋部. 第4: 冬部. 第5: 戀部.第6: 祝部. 第8:羇旅部|朱筆書き入れあり|印記: 「福地文庫」, 「陽春廬記」, 「南葵文庫」|虫損あり",日本語,和古書,南葵文庫,http://tify.sub.uni-goettingen.de/demo.html?manifest=https://archdataset.dl.itc.u-tokyo.ac.jp/manifest/465f7fa5-8b20-59b1-3b9f-71669b7c5533.json,465f7fa5-8b20-59b1-3b9f-71669b7c5533,https://iiif.dl.itc.u-tokyo.ac.jp/repo/s/koten,https://iiif.dl.itc.u-tokyo.ac.jp/repo/s/koten/document/465f7fa5-8b20-59b1-3b9f-71669b7c5533,https://www.lib.u-tokyo.ac.jp/ja/library/contents/archives-top/reuse,https://iiif.dl.itc.u-tokyo.ac.jp/repo/files/medium/3c9aa16122c1a9df5e92bd4796460849bfdfbd6d.jpg,https://iiif.dl.itc.u-tokyo.ac.jp/repo/api/items/1168786,"東京大学総合図書館 General Library, The University of Tokyo, JAPAN",http://iiif.io/api/presentation/2#rightToLeftDirection,,総合図書館所蔵古典籍,,,https://iiif.dl.itc.u-tokyo.ac.jp/repo/iiif/465f7fa5-8b20-59b1-3b9f-71669b7c5533/manifest,,,,,36
吉原大絵図,G26:457,ヨシワラ オオエズ,新板細見増補吉原大絵図,山田 清作,米山堂,1931,昭和6,1枚,,79×105cm (折りたたみ20cm),,日本語,和古書,,http://tify.sub.uni-goettingen.de/demo.html?manifest=https://archdataset.dl.itc.u-tokyo.ac.jp/manifest/76cb3898-9c38-024b-963d-1ac1017171c1.json,76cb3898-9c38-024b-963d-1ac1017171c1,https://iiif.dl.itc.u-tokyo.ac.jp/repo/s/koten,https://iiif.dl.itc.u-tokyo.ac.jp/repo/s/koten/document/76cb3898-9c38-024b-963d-1ac1017171c1,https://www.lib.u-tokyo.ac.jp/ja/library/contents/archives-top/reuse,https://iiif.dl.itc.u-tokyo.ac.jp/repo/files/medium/2bc2b7dc73d7b67e3de07e450341cae7c898d1d9.jpg,https://iiif.dl.itc.u-tokyo.ac.jp/repo/api/items/1168787,"東京大学総合図書館 General Library, The University of Tokyo, JAPAN",http://iiif.io/api/presentation/2#rightToLeftDirection,,総合図書館所蔵古典籍,,,https://iiif.dl.itc.u-tokyo.ac.jp/repo/iiif/76cb3898-9c38-024b-963d-1ac1017171c1/manifest,,,,,16
新吉原細見,G26:764,シンヨシワラ サイケン,"さいけん, 吉原細見記",不明,玉屋山三郎,1855,安政2,1冊,,18cm,"書名は表紙(墨書)による 版心の書名: さいけん
製本の背の書名: 吉原細見記 
書き入れあり",日本語,和古書,,http://tify.sub.uni-goettingen.de/demo.html?manifest=https://archdataset.dl.itc.u-tokyo.ac.jp/manifest/c9a6c372-6b8a-2a2b-8ebd-a83005df5dfc.json,c9a6c372-6b8a-2a2b-8ebd-a83005df5dfc,https://iiif.dl.itc.u-tokyo.ac.jp/repo/s/koten,https://iiif.dl.itc.u-tokyo.ac.jp/repo/s/koten/document/c9a6c372-6b8a-2a2b-8ebd-a83005df5dfc,https://www.lib.u-tokyo.ac.jp/ja/library/contents/archives-top/reuse,https://iiif.dl.itc.u-tokyo.ac.jp/repo/files/medium/9a372df890b9df3386e3437b4563751d6e81aa08.jpg,https://iiif.dl.itc.u-tokyo.ac.jp/repo/api/items/1168788,"東京大学総合図書館 General Library, The University of Tokyo, JAPAN",http://iiif.io/api/presentation/2#rightToLeftDirection,,総合図書館所蔵古典籍,,,https://iiif.dl.itc.u-tokyo.ac.jp/repo/iiif/c9a6c372-6b8a-2a2b-8ebd-a83005df5dfc/manifest,,,,,44
吉原細見記,G26:765,ヨシワラ サイケンキ,さいけん,不明,蔦屋重三郎,1820,文政3,1冊,,18cm,"書名は製本の背による 版心の書名: さいけん 
改所: 小泉忠五郎 
飛び丁あり",日本語,和古書,,http://tify.sub.uni-goettingen.de/demo.html?manifest=https://archdataset.dl.itc.u-tokyo.ac.jp/manifest/062ad88a-60ed-56f5-1792-a154bdc742c6.json,062ad88a-60ed-56f5-1792-a154bdc742c6,https://iiif.dl.itc.u-tokyo.ac.jp/repo/s/koten,https://iiif.dl.itc.u-tokyo.ac.jp/repo/s/koten/document/062ad88a-60ed-56f5-1792-a154bdc742c6,https://www.lib.u-tokyo.ac.jp/ja/library/contents/archives-top/reuse,https://iiif.dl.itc.u-tokyo.ac.jp/repo/files/medium/3e469438d4b71d300b6d1524bad7bd0fe3d9ca64.jpg,https://iiif.dl.itc.u-tokyo.ac.jp/repo/api/items/1168789,"東京大学総合図書館 General Library, The University of Tokyo, JAPAN",http://iiif.io/api/presentation/2#rightToLeftDirection,,総合図書館所蔵古典籍,,,https://iiif.dl.itc.u-tokyo.ac.jp/repo/iiif/062ad88a-60ed-56f5-1792-a154bdc742c6/manifest,,,,,41
吉原細見記,G26:766,ヨシワラ サイケンキ,"さいけん, 吉原細見",柳下亭 種員,玉屋山三郎,1854,嘉永7,1冊,,18cm,書名は製本の背による 版心の書名: さいけん,日本語,和古書,,http://tify.sub.uni-goettingen.de/demo.html?manifest=https://archdataset.dl.itc.u-tokyo.ac.jp/manifest/bb7e27d6-48cf-1a63-84e9-b639b04f8454.json,bb7e27d6-48cf-1a63-84e9-b639b04f8454,https://iiif.dl.itc.u-tokyo.ac.jp/repo/s/koten,https://iiif.dl.itc.u-tokyo.ac.jp/repo/s/koten/document/bb7e27d6-48cf-1a63-84e9-b639b04f8454,https://www.lib.u-tokyo.ac.jp/ja/library/contents/archives-top/reuse,https://iiif.dl.itc.u-tokyo.ac.jp/repo/files/medium/6410d7effdf046f66f20730e7336f157983f1a95.jpg,https://iiif.dl.itc.u-tokyo.ac.jp/repo/api/items/1168790,"東京大学総合図書館 General Library, The University of Tokyo, JAPAN",http://iiif.io/api/presentation/2#rightToLeftDirection,,総合図書館所蔵古典籍,,,https://iiif.dl.itc.u-tokyo.ac.jp/repo/iiif/bb7e27d6-48cf-1a63-84e9-b639b04f8454/manifest,,,,,45
新吉原細見記,G26:767,シンヨシワラ サイケンキ,"さいけん, 吉原細見",梅素亭 玄魚,玉屋山三郎,1860,安政7,1冊,,18cm,"書名は序による 版心の書名: さいけん 
製本の背の書名: 吉原細見記",日本語,和古書,,http://tify.sub.uni-goettingen.de/demo.html?manifest=https://archdataset.dl.itc.u-tokyo.ac.jp/manifest/a0aedf8b-3911-28f9-a7b1-f32955b51ace.json,a0aedf8b-3911-28f9-a7b1-f32955b51ace,https://iiif.dl.itc.u-tokyo.ac.jp/repo/s/koten,https://iiif.dl.itc.u-tokyo.ac.jp/repo/s/koten/document/a0aedf8b-3911-28f9-a7b1-f32955b51ace,https://www.lib.u-tokyo.ac.jp/ja/library/contents/archives-top/reuse,https://iiif.dl.itc.u-tokyo.ac.jp/repo/files/medium/f7e4eaa517b623d313e5a97f916aa5d3ace6f49a.jpg,https://iiif.dl.itc.u-tokyo.ac.jp/repo/api/items/1168791,"東京大学総合図書館 General Library, The University of Tokyo, JAPAN",http://iiif.io/api/presentation/2#rightToLeftDirection,,総合図書館所蔵古典籍,,,https://iiif.dl.itc.u-tokyo.ac.jp/repo/iiif/a0aedf8b-3911-28f9-a7b1-f32955b51ace/manifest,,,,,46
吉原細見記,G26:768,ヨシワラ サイケンキ,さいけん,不明,玉屋山三郎,1868,慶應4,1冊,,18cm,書名は序による 版心の書名: さいけん,日本語,和古書,,http://tify.sub.uni-goettingen.de/demo.html?manifest=https://archdataset.dl.itc.u-tokyo.ac.jp/manifest/cb5e5a7a-7468-0831-1980-7caeebef74fa.json,cb5e5a7a-7468-0831-1980-7caeebef74fa,https://iiif.dl.itc.u-tokyo.ac.jp/repo/s/koten,https://iiif.dl.itc.u-tokyo.ac.jp/repo/s/koten/document/cb5e5a7a-7468-0831-1980-7caeebef74fa,https://www.lib.u-tokyo.ac.jp/ja/library/contents/archives-top/reuse,https://iiif.dl.itc.u-tokyo.ac.jp/repo/files/medium/eeb7a8f8b8e4aca92b5cdae843319a03c3fb6db9.jpg,https://iiif.dl.itc.u-tokyo.ac.jp/repo/api/items/1168792,"東京大学総合図書館 General Library, The University of Tokyo, JAPAN",http://iiif.io/api/presentation/2#rightToLeftDirection,,総合図書館所蔵古典籍,,,https://iiif.dl.itc.u-tokyo.ac.jp/repo/iiif/cb5e5a7a-7468-0831-1980-7caeebef74fa/manifest,,,,,44
新吉原細見,G26:770,シンヨシワラ サイケン,"さいけん, 吉原細見",不明,玉屋山三郎,1862,文久2,1冊,,18cm,"書名は序による 版心の書名: さいけん 
製本の背の書名: 吉原細見記",日本語,和古書,,http://tify.sub.uni-goettingen.de/demo.html?manifest=https://archdataset.dl.itc.u-tokyo.ac.jp/manifest/22592874-8c4e-2ca4-7e6e-b45ecb8f7224.json,22592874-8c4e-2ca4-7e6e-b45ecb8f7224,https://iiif.dl.itc.u-tokyo.ac.jp/repo/s/koten,https://iiif.dl.itc.u-tokyo.ac.jp/repo/s/koten/document/22592874-8c4e-2ca4-7e6e-b45ecb8f7224,https://www.lib.u-tokyo.ac.jp/ja/library/contents/archives-top/reuse,https://iiif.dl.itc.u-tokyo.ac.jp/repo/files/medium/23a16d8b8f7c12f7cec9591ff341ee45fc7b6431.jpg,https://iiif.dl.itc.u-tokyo.ac.jp/repo/api/items/1168793,"東京大学総合図書館 General Library, The University of Tokyo, JAPAN",http://iiif.io/api/presentation/2#rightToLeftDirection,,総合図書館所蔵古典籍,,,https://iiif.dl.itc.u-tokyo.ac.jp/repo/iiif/22592874-8c4e-2ca4-7e6e-b45ecb8f7224/manifest,,,,,45
吉原細見記,G26:771,ヨシワラ サイケンキ,,不明,蔦屋重三郎,1801,享和元,1冊,,18cm,"書名は製本の背による 改所: 小泉忠五郎 
取次所: 小田原屋又兵衞",日本語,和古書,,http://tify.sub.uni-goettingen.de/demo.html?manifest=https://archdataset.dl.itc.u-tokyo.ac.jp/manifest/0ed9155a-48f4-3ff9-42f1-441fd4915cf7.json,0ed9155a-48f4-3ff9-42f1-441fd4915cf7,https://iiif.dl.itc.u-tokyo.ac.jp/repo/s/koten,https://iiif.dl.itc.u-tokyo.ac.jp/repo/s/koten/document/0ed9155a-48f4-3ff9-42f1-441fd4915cf7,https://www.lib.u-tokyo.ac.jp/ja/library/contents/archives-top/reuse,https://iiif.dl.itc.u-tokyo.ac.jp/repo/files/medium/8a5c21cba22aeb80b45d3f64165c5c7a4cd559a2.jpg,https://iiif.dl.itc.u-tokyo.ac.jp/repo/api/items/1168794,"東京大学総合図書館 General Library, The University of Tokyo, JAPAN",http://iiif.io/api/presentation/2#rightToLeftDirection,,総合図書館所蔵古典籍,,,https://iiif.dl.itc.u-tokyo.ac.jp/repo/iiif/0ed9155a-48f4-3ff9-42f1-441fd4915cf7/manifest,,,,,38
吉原仮宅細見,G26:773,ヨシワラ カリタク サイケン,"さいけん, 吉原細見",不明,玉屋山三郎,1861,萬延2 序,1冊,,18cm,"書名は表紙(墨書)による 版心の書名: さいけん 
製本の背の書名: 吉原細見記 
印記: 「さゝ舟文庫」",日本語,和古書,,http://tify.sub.uni-goettingen.de/demo.html?manifest=https://archdataset.dl.itc.u-tokyo.ac.jp/manifest/491e4de7-91d6-8b40-1b52-79b9c81d479e.json,491e4de7-91d6-8b40-1b52-79b9c81d479e,https://iiif.dl.itc.u-tokyo.ac.jp/repo/s/koten,https://iiif.dl.itc.u-tokyo.ac.jp/repo/s/koten/document/491e4de7-91d6-8b40-1b52-79b9c81d479e,https://www.lib.u-tokyo.ac.jp/ja/library/contents/archives-top/reuse,https://iiif.dl.itc.u-tokyo.ac.jp/repo/files/medium/1d241a76901a40170d0a1b68aedf08bba20f7fad.jpg,https://iiif.dl.itc.u-tokyo.ac.jp/repo/api/items/1168795,"東京大学総合図書館 General Library, The University of Tokyo, JAPAN",http://iiif.io/api/presentation/2#rightToLeftDirection,,総合図書館所蔵古典籍,,,https://iiif.dl.itc.u-tokyo.ac.jp/repo/iiif/491e4de7-91d6-8b40-1b52-79b9c81d479e/manifest,,,,,44
新吉原細見記,G26:774,シンヨシワラ サイケンキ,"さいけん, 吉原細見",不明,玉屋山三郎,1849,嘉永2,1冊,,18cm,"書名は題簽による 版心の書名: さいけん 
製本の背の書名: 吉原細見記 
飛び丁あり",日本語,和古書,,http://tify.sub.uni-goettingen.de/demo.html?manifest=https://archdataset.dl.itc.u-tokyo.ac.jp/manifest/96241f73-a216-a7bf-51b4-5bead45836c1.json,96241f73-a216-a7bf-51b4-5bead45836c1,https://iiif.dl.itc.u-tokyo.ac.jp/repo/s/koten,https://iiif.dl.itc.u-tokyo.ac.jp/repo/s/koten/document/96241f73-a216-a7bf-51b4-5bead45836c1,https://www.lib.u-tokyo.ac.jp/ja/library/contents/archives-top/reuse,https://iiif.dl.itc.u-tokyo.ac.jp/repo/files/medium/206e8d2818b0c7cee68e97d2d88ee69fd06d4f31.jpg,https://iiif.dl.itc.u-tokyo.ac.jp/repo/api/items/1168796,"東京大学総合図書館 General Library, The University of Tokyo, JAPAN",http://iiif.io/api/presentation/2#rightToLeftDirection,,総合図書館所蔵古典籍,,,https://iiif.dl.itc.u-tokyo.ac.jp/repo/iiif/96241f73-a216-a7bf-51b4-5bead45836c1/manifest,,,,,49
吉原細見記,G26:775,ヨシワラ サイケンキ,,不明,蔦屋重三郎,1806,文化3,1冊,,18cm,"書名は製本の背による 改所: 小泉忠五郎 
書き入れあり",日本語,和古書,,http://tify.sub.uni-goettingen.de/demo.html?manifest=https://archdataset.dl.itc.u-tokyo.ac.jp/manifest/3ffd30a2-25be-11c6-909b-bb6bb2ef9211.json,3ffd30a2-25be-11c6-909b-bb6bb2ef9211,https://iiif.dl.itc.u-tokyo.ac.jp/repo/s/koten,https://iiif.dl.itc.u-tokyo.ac.jp/repo/s/koten/document/3ffd30a2-25be-11c6-909b-bb6bb2ef9211,https://www.lib.u-tokyo.ac.jp/ja/library/contents/archives-top/reuse,https://iiif.dl.itc.u-tokyo.ac.jp/repo/files/medium/d1fb0ce2df3143bb58910de3f47f283f13306e08.jpg,https://iiif.dl.itc.u-tokyo.ac.jp/repo/api/items/1168797,"東京大学総合図書館 General Library, The University of Tokyo, JAPAN",http://iiif.io/api/presentation/2#rightToLeftDirection,,総合図書館所蔵古典籍,,,https://iiif.dl.itc.u-tokyo.ac.jp/repo/iiif/3ffd30a2-25be-11c6-909b-bb6bb2ef9211/manifest,,,,,47
新吉原細見記,G26:776,シンヨシワラ サイケンキ,"さいけん, 吉原細見",不明,玉屋山三郎,1870,明治3,1冊,,18cm,"書名は序による 版心の書名: さいけん 
製本の背の書名: 吉原細見記",日本語,和古書,,http://tify.sub.uni-goettingen.de/demo.html?manifest=https://archdataset.dl.itc.u-tokyo.ac.jp/manifest/e96b9330-9496-1b8c-30aa-57b696d936cf.json,e96b9330-9496-1b8c-30aa-57b696d936cf,https://iiif.dl.itc.u-tokyo.ac.jp/repo/s/koten,https://iiif.dl.itc.u-tokyo.ac.jp/repo/s/koten/document/e96b9330-9496-1b8c-30aa-57b696d936cf,https://www.lib.u-tokyo.ac.jp/ja/library/contents/archives-top/reuse,https://iiif.dl.itc.u-tokyo.ac.jp/repo/files/medium/4dfefb797f8a7edc0cdaa4ad94a7a90a6980185a.jpg,https://iiif.dl.itc.u-tokyo.ac.jp/repo/api/items/1168798,"東京大学総合図書館 General Library, The University of Tokyo, JAPAN",http://iiif.io/api/presentation/2#rightToLeftDirection,,総合図書館所蔵古典籍,,,https://iiif.dl.itc.u-tokyo.ac.jp/repo/iiif/e96b9330-9496-1b8c-30aa-57b696d936cf/manifest,,,,,29
吉原細見記,G26:777,ヨシワラ サイケンキ,さいけん,不明,[出版者不明],1843,[天保14] 序,1冊,,18cm,書名は製本の背による 版心の書名: さいけん / 卯の初春序 / 飛び丁あり,日本語,和古書,,http://tify.sub.uni-goettingen.de/demo.html?manifest=https://archdataset.dl.itc.u-tokyo.ac.jp/manifest/842589f7-a292-9a29-0eea-553acce578c1.json,842589f7-a292-9a29-0eea-553acce578c1,https://iiif.dl.itc.u-tokyo.ac.jp/repo/s/koten,https://iiif.dl.itc.u-tokyo.ac.jp/repo/s/koten/document/842589f7-a292-9a29-0eea-553acce578c1,https://www.lib.u-tokyo.ac.jp/ja/library/contents/archives-top/reuse,https://iiif.dl.itc.u-tokyo.ac.jp/repo/files/medium/a81fc3d91b8ed9482b673d00b4d41ca5fc06a10b.jpg,https://iiif.dl.itc.u-tokyo.ac.jp/repo/api/items/1168799,"東京大学総合図書館 General Library, The University of Tokyo, JAPAN",http://iiif.io/api/presentation/2#rightToLeftDirection,,総合図書館所蔵古典籍,,,https://iiif.dl.itc.u-tokyo.ac.jp/repo/iiif/842589f7-a292-9a29-0eea-553acce578c1/manifest,,,,,46
吉原細見記,G26:778,ヨシワラ サイケンキ,,不明,[出版者不明],不明,[享保頃],1冊,,18cm,"書名は製本の背による 落丁あり 
識語: 「享保吉原細見 玉菊の名前有」",日本語,和古書,,http://tify.sub.uni-goettingen.de/demo.html?manifest=https://archdataset.dl.itc.u-tokyo.ac.jp/manifest/001ad7bc-3218-23ba-6e24-dfab843788fc.json,001ad7bc-3218-23ba-6e24-dfab843788fc,https://iiif.dl.itc.u-tokyo.ac.jp/repo/s/koten,https://iiif.dl.itc.u-tokyo.ac.jp/repo/s/koten/document/001ad7bc-3218-23ba-6e24-dfab843788fc,https://www.lib.u-tokyo.ac.jp/ja/library/contents/archives-top/reuse,https://iiif.dl.itc.u-tokyo.ac.jp/repo/files/medium/0e7353a8659d8a4f1957db51b2a6a599a67f879e.jpg,https://iiif.dl.itc.u-tokyo.ac.jp/repo/api/items/1168800,"東京大学総合図書館 General Library, The University of Tokyo, JAPAN",http://iiif.io/api/presentation/2#rightToLeftDirection,,総合図書館所蔵古典籍,,,https://iiif.dl.itc.u-tokyo.ac.jp/repo/iiif/001ad7bc-3218-23ba-6e24-dfab843788fc/manifest,,,,,26
吉原細見記,G26:779,ヨシワラ サイケンキ,さいけん,不明,蔦屋重三郎,1816,文化13,1冊,,18cm,"書名は表紙(墨書)による 版心の書名: さいけん 
改所: 小泉忠五郎 
飛び丁あり",日本語,和古書,,http://tify.sub.uni-goettingen.de/demo.html?manifest=https://archdataset.dl.itc.u-tokyo.ac.jp/manifest/97edf703-879f-9175-35da-c99fa5a18cda.json,97edf703-879f-9175-35da-c99fa5a18cda,https://iiif.dl.itc.u-tokyo.ac.jp/repo/s/koten,https://iiif.dl.itc.u-tokyo.ac.jp/repo/s/koten/document/97edf703-879f-9175-35da-c99fa5a18cda,https://www.lib.u-tokyo.ac.jp/ja/library/contents/archives-top/reuse,https://iiif.dl.itc.u-tokyo.ac.jp/repo/files/medium/7334b7f49d8079c4464ef9452c388cee4dedc7dd.jpg,https://iiif.dl.itc.u-tokyo.ac.jp/repo/api/items/1168801,"東京大学総合図書館 General Library, The University of Tokyo, JAPAN",http://iiif.io/api/presentation/2#rightToLeftDirection,,総合図書館所蔵古典籍,,,https://iiif.dl.itc.u-tokyo.ac.jp/repo/iiif/97edf703-879f-9175-35da-c99fa5a18cda/manifest,,,,,44
さいけん,G26:882,サイケン,"細見, 吉原細見",不明,伊勢屋三次郎,1839,天保10,1冊,,18cm,"書名は版心による 製本の背の書名: 細見 
改所: 小泉忠五郎",日本語,和古書,,http://tify.sub.uni-goettingen.de/demo.html?manifest=https://archdataset.dl.itc.u-tokyo.ac.jp/manifest/33920f13-053e-2cc5-94e1-d899d77e78f4.json,33920f13-053e-2cc5-94e1-d899d77e78f4,https://iiif.dl.itc.u-tokyo.ac.jp/repo/s/koten,https://iiif.dl.itc.u-tokyo.ac.jp/repo/s/koten/document/33920f13-053e-2cc5-94e1-d899d77e78f4,https://www.lib.u-tokyo.ac.jp/ja/library/contents/archives-top/reuse,https://iiif.dl.itc.u-tokyo.ac.jp/repo/files/medium/12cd746232d4f4ce8bc7f529409de894776bd55a.jpg,https://iiif.dl.itc.u-tokyo.ac.jp/repo/api/items/1168802,"東京大学総合図書館 General Library, The University of Tokyo, JAPAN",http://iiif.io/api/presentation/2#rightToLeftDirection,,総合図書館所蔵古典籍,,,https://iiif.dl.itc.u-tokyo.ac.jp/repo/iiif/33920f13-053e-2cc5-94e1-d899d77e78f4/manifest,,,,,34
吉原細見五葉枩,G26:970,ヨシワラ サイケン ゴヨウ ノ マツ,"吉原細見, さいけん, 五葉の松",不明,蔦屋重三郎,1817,文化14,1冊,,18cm,"書名は序による 表紙(墨書)の書名:吉原細見 
版心の書名: さいけん 
改所: 小泉忠五郎 
飛び丁あり 
印記: 「田 甲州 市川宿三丁目 松田屋」,「青洲文庫」",日本語,和古書,青洲文庫,http://tify.sub.uni-goettingen.de/demo.html?manifest=https://archdataset.dl.itc.u-tokyo.ac.jp/manifest/79c93584-54fb-17c2-8900-82270c495e44.json,79c93584-54fb-17c2-8900-82270c495e44,https://iiif.dl.itc.u-tokyo.ac.jp/repo/s/koten,https://iiif.dl.itc.u-tokyo.ac.jp/repo/s/koten/document/79c93584-54fb-17c2-8900-82270c495e44,https://www.lib.u-tokyo.ac.jp/ja/library/contents/archives-top/reuse,https://iiif.dl.itc.u-tokyo.ac.jp/repo/files/medium/9caac41feaf7e10a71877787181e1e7473cd3abb.jpg,https://iiif.dl.itc.u-tokyo.ac.jp/repo/api/items/1168803,"東京大学総合図書館 General Library, The University of Tokyo, JAPAN",http://iiif.io/api/presentation/2#rightToLeftDirection,,総合図書館所蔵古典籍,,,https://iiif.dl.itc.u-tokyo.ac.jp/repo/iiif/79c93584-54fb-17c2-8900-82270c495e44/manifest,,,,,39
新吉原細見記,G26:1317,シンヨシワラ サイケンキ,"さいけん, 吉原細見",東紫山人,玉屋山三郎,1872,明治5,1冊,,17cm,"書名は序による 表紙(朱書)の書名: 吉原細見 
版心の書名: さいけん 
印記: 「南葵文庫」 
識語(朱書): 「明治五年於梓」",日本語,和古書,南葵文庫,http://tify.sub.uni-goettingen.de/demo.html?manifest=https://archdataset.dl.itc.u-tokyo.ac.jp/manifest/c4318b34-32c2-92aa-3a71-c18ffb2e9bff.json,c4318b34-32c2-92aa-3a71-c18ffb2e9bff,https://iiif.dl.itc.u-tokyo.ac.jp/repo/s/koten,https://iiif.dl.itc.u-tokyo.ac.jp/repo/s/koten/document/c4318b34-32c2-92aa-3a71-c18ffb2e9bff,https://www.lib.u-tokyo.ac.jp/ja/library/contents/archives-top/reuse,https://iiif.dl.itc.u-tokyo.ac.jp/repo/files/medium/3381b75cc98ffab65601af19944442af658f2ed0.jpg,https://iiif.dl.itc.u-tokyo.ac.jp/repo/api/items/1168804,"東京大学総合図書館 General Library, The University of Tokyo, JAPAN",http://iiif.io/api/presentation/2#rightToLeftDirection,,総合図書館所蔵古典籍,,,https://iiif.dl.itc.u-tokyo.ac.jp/repo/iiif/c4318b34-32c2-92aa-3a71-c18ffb2e9bff/manifest,,,,,37
漂民筆録,G27:0637,ヒョウミン ヒツロク,,"鳴沢 益, 王壽珍",[書写者不明],不明,[書写年不明],1冊,写本,25cm,巻頭に「文政四年辛巳春二月臣益奉命會江南崇明縣漂民于塩津筆語」とあり印記: 「南葵文庫」,日本語,和古書,南葵文庫,http://tify.sub.uni-goettingen.de/demo.html?manifest=https://archdataset.dl.itc.u-tokyo.ac.jp/manifest/d860ab8b-08b7-0bc9-74f5-a7a6df2e8de2.json,d860ab8b-08b7-0bc9-74f5-a7a6df2e8de2,https://iiif.dl.itc.u-tokyo.ac.jp/repo/s/koten,https://iiif.dl.itc.u-tokyo.ac.jp/repo/s/koten/document/d860ab8b-08b7-0bc9-74f5-a7a6df2e8de2,https://www.lib.u-tokyo.ac.jp/ja/library/contents/archives-top/reuse,https://iiif.dl.itc.u-tokyo.ac.jp/repo/files/medium/ca6781d72b658697adfc93f0bbc2f9d4ea033e4d.jpg,https://iiif.dl.itc.u-tokyo.ac.jp/repo/api/items/1168805,"東京大学総合図書館 General Library, The University of Tokyo, JAPAN",http://iiif.io/api/presentation/2#rightToLeftDirection,,総合図書館所蔵古典籍,,,https://iiif.dl.itc.u-tokyo.ac.jp/repo/iiif/d860ab8b-08b7-0bc9-74f5-a7a6df2e8de2/manifest,,,,,20
式子内親王集,E31:2419,シキシ ナイシンノウ シュウ,,式子内親王,[書写者不明],不明,[江戸中後期],1冊,写本,24cm,"表紙に「外 四季戀雜題」とあり 巻末に「入撰集哥數」(半丁)を付す 
仮綴 
虫損あり",日本語,和古書,,http://tify.sub.uni-goettingen.de/demo.html?manifest=https://archdataset.dl.itc.u-tokyo.ac.jp/manifest/2f33a4b4-53cf-7501-38ba-ea71b01c1775.json,2f33a4b4-53cf-7501-38ba-ea71b01c1775,https://iiif.dl.itc.u-tokyo.ac.jp/repo/s/koten,https://iiif.dl.itc.u-tokyo.ac.jp/repo/s/koten/document/2f33a4b4-53cf-7501-38ba-ea71b01c1775,https://www.lib.u-tokyo.ac.jp/ja/library/contents/archives-top/reuse,https://iiif.dl.itc.u-tokyo.ac.jp/repo/files/medium/4677499a122debf218eafb4c13a0a87f47507db9.jpg,https://iiif.dl.itc.u-tokyo.ac.jp/repo/api/items/1168806,"東京大学総合図書館 General Library, The University of Tokyo, JAPAN",http://iiif.io/api/presentation/2#rightToLeftDirection,,総合図書館所蔵古典籍,,,https://iiif.dl.itc.u-tokyo.ac.jp/repo/iiif/2f33a4b4-53cf-7501-38ba-ea71b01c1775/manifest,,,,,28
絵糕紋 : 打物菓子雛形,F80:1,エコウモン : ウチモノ カシ ヒナガタ,,不明,[出版者不明],不明,[出版年不明],1冊,,27.3×18.8cm,"書名は題箋による 主に色彩圖 
印記: 奥村文庫",日本語,和古書,,http://tify.sub.uni-goettingen.de/demo.html?manifest=https://archdataset.dl.itc.u-tokyo.ac.jp/manifest/59f6ef20-91c3-82a7-519c-e6e6eb066965.json,59f6ef20-91c3-82a7-519c-e6e6eb066965,https://iiif.dl.itc.u-tokyo.ac.jp/repo/s/koten,https://iiif.dl.itc.u-tokyo.ac.jp/repo/s/koten/document/59f6ef20-91c3-82a7-519c-e6e6eb066965,https://www.lib.u-tokyo.ac.jp/ja/library/contents/archives-top/reuse,https://iiif.dl.itc.u-tokyo.ac.jp/repo/files/medium/4001f352506c6b89ba4b628cd107676bd830be9a.jpg,https://iiif.dl.itc.u-tokyo.ac.jp/repo/api/items/1168807,"東京大学総合図書館 General Library, The University of Tokyo, JAPAN",http://iiif.io/api/presentation/2#rightToLeftDirection,,総合図書館所蔵古典籍,,,https://iiif.dl.itc.u-tokyo.ac.jp/repo/iiif/59f6ef20-91c3-82a7-519c-e6e6eb066965/manifest,,,,,11
町見術,U20:65,チョウケンジュツ,,[書写者不明],[書写者不明],不明,[書写年不明],1冊,写本,14.0×19.0cm,"本タイトルは扉による 扉に「吉良氏ヨリ来」とあり
印記: 南葵文庫",日本語,和古書,南葵文庫,http://tify.sub.uni-goettingen.de/demo.html?manifest=https://archdataset.dl.itc.u-tokyo.ac.jp/manifest/dbe3227d-5412-1229-a287-eff5b5109109.json,dbe3227d-5412-1229-a287-eff5b5109109,https://iiif.dl.itc.u-tokyo.ac.jp/repo/s/koten,https://iiif.dl.itc.u-tokyo.ac.jp/repo/s/koten/document/dbe3227d-5412-1229-a287-eff5b5109109,https://www.lib.u-tokyo.ac.jp/ja/library/contents/archives-top/reuse,https://iiif.dl.itc.u-tokyo.ac.jp/repo/files/medium/5a3d6d3257774ae49afa894fbe7eb234b28200d1.jpg,https://iiif.dl.itc.u-tokyo.ac.jp/repo/api/items/1168808,"東京大学総合図書館 General Library, The University of Tokyo, JAPAN",http://iiif.io/api/presentation/2#rightToLeftDirection,,総合図書館所蔵古典籍,,,https://iiif.dl.itc.u-tokyo.ac.jp/repo/iiif/dbe3227d-5412-1229-a287-eff5b5109109/manifest,,,,,26
柔皮染法,XB30:53,ジュウヒ センポウ,,春田 故明,田口朋良 [写],1807,文化4,1冊,写本,27.3×19.9cm,"春田故明(享保8年), 春田永年(寛政2年)の奥書あり巻尾に「文化四丁卯五月 田口朋良」とあり 
朱筆の書き入れあり 
印記: 「坂田文庫」「紀伊徳川/南葵文庫」 
書名は目首による",日本語,和古書,南葵文庫,http://tify.sub.uni-goettingen.de/demo.html?manifest=https://archdataset.dl.itc.u-tokyo.ac.jp/manifest/a944501c-1465-0e04-a655-87db28de8045.json,a944501c-1465-0e04-a655-87db28de8045,https://iiif.dl.itc.u-tokyo.ac.jp/repo/s/koten,https://iiif.dl.itc.u-tokyo.ac.jp/repo/s/koten/document/a944501c-1465-0e04-a655-87db28de8045,https://www.lib.u-tokyo.ac.jp/ja/library/contents/archives-top/reuse,https://iiif.dl.itc.u-tokyo.ac.jp/repo/files/medium/6445180048cfec71b9546b280e159d2af7326da1.jpg,https://iiif.dl.itc.u-tokyo.ac.jp/repo/api/items/1168809,"東京大学総合図書館 General Library, The University of Tokyo, JAPAN",http://iiif.io/api/presentation/2#rightToLeftDirection,,総合図書館所蔵古典籍,,,https://iiif.dl.itc.u-tokyo.ac.jp/repo/iiif/a944501c-1465-0e04-a655-87db28de8045/manifest,,,,,17
染色法,XB30:54,センショクホウ,,浦上 直方,[書写者不明],1777,安永6,1冊,写本,27.4×19.1cm,書名は題簽による 印記: 「紀伊徳川/南葵文庫」,日本語,和古書,南葵文庫,http://tify.sub.uni-goettingen.de/demo.html?manifest=https://archdataset.dl.itc.u-tokyo.ac.jp/manifest/03a2114e-926f-43a0-4225-bd9addb20348.json,03a2114e-926f-43a0-4225-bd9addb20348,https://iiif.dl.itc.u-tokyo.ac.jp/repo/s/koten,https://iiif.dl.itc.u-tokyo.ac.jp/repo/s/koten/document/03a2114e-926f-43a0-4225-bd9addb20348,https://www.lib.u-tokyo.ac.jp/ja/library/contents/archives-top/reuse,https://iiif.dl.itc.u-tokyo.ac.jp/repo/files/medium/1ff005ae5fea3d54dd242316b84875b248fc50c4.jpg,https://iiif.dl.itc.u-tokyo.ac.jp/repo/api/items/1168810,"東京大学総合図書館 General Library, The University of Tokyo, JAPAN",http://iiif.io/api/presentation/2#rightToLeftDirection,,総合図書館所蔵古典籍,,,https://iiif.dl.itc.u-tokyo.ac.jp/repo/iiif/03a2114e-926f-43a0-4225-bd9addb20348/manifest,,,,,31
啓蒙虫譜図,T86:61,ケイモウ チュウフ ズ,啓蒙蟲譜圖,[書写者不明],[書写者不明],不明,[書写年不明],1冊,,26.8×18.5cm,"書名は原表紙による 主に図(彩色) 
虫損あり 
印記: 「献英樓圖書記」「田安府芸臺印」「舊和歌山徳川氏蔵」「紀伊徳川/南葵文庫」",日本語,和古書,南葵文庫,http://tify.sub.uni-goettingen.de/demo.html?manifest=https://archdataset.dl.itc.u-tokyo.ac.jp/manifest/643e0482-78d6-6455-3806-77cc1c931b4b.json,643e0482-78d6-6455-3806-77cc1c931b4b,https://iiif.dl.itc.u-tokyo.ac.jp/repo/s/koten,https://iiif.dl.itc.u-tokyo.ac.jp/repo/s/koten/document/643e0482-78d6-6455-3806-77cc1c931b4b,https://www.lib.u-tokyo.ac.jp/ja/library/contents/archives-top/reuse,https://iiif.dl.itc.u-tokyo.ac.jp/repo/files/medium/b801f671b1628a50a0a2b9c8513f56a82f1bec62.jpg,https://iiif.dl.itc.u-tokyo.ac.jp/repo/api/items/1168811,"東京大学総合図書館 General Library, The University of Tokyo, JAPAN",http://iiif.io/api/presentation/2#rightToLeftDirection,,総合図書館所蔵古典籍,,,https://iiif.dl.itc.u-tokyo.ac.jp/repo/iiif/643e0482-78d6-6455-3806-77cc1c931b4b/manifest,,,,,39
出雲國風土記 1巻,J30:296,イズモノクニ フドキ,"萬葉緯, 出雲風土記",神宅臣 全太理,藤田政昭 [写],1756,宝暦6,5巻合冊,写本,26×20cm,"題簽の書名: 出雲風土記巻次は題簽による
原奥書に「于時享保十四己酉歳十一月吉日 先任元翁横山當永第一門人齋藤安房守藤原盛郷ヨリ 大藤感林写之書」とあり
奥書に「宝暦六年子六月廿日藤田政昭写之書」とあり
洛東隠士編輯『萬葉緯』第15
印記: 「政昭」,「飯沼」,「渡部文庫珍藏書印」",日本語,和古書,南葵文庫,http://tify.sub.uni-goettingen.de/demo.html?manifest=https://archdataset.dl.itc.u-tokyo.ac.jp/manifest/05679076-2f2a-1358-2123-51c8713aa2aa.json,05679076-2f2a-1358-2123-51c8713aa2aa,https://iiif.dl.itc.u-tokyo.ac.jp/repo/s/koten,https://iiif.dl.itc.u-tokyo.ac.jp/repo/s/koten/document/05679076-2f2a-1358-2123-51c8713aa2aa,https://www.lib.u-tokyo.ac.jp/ja/library/contents/archives-top/reuse,https://iiif.dl.itc.u-tokyo.ac.jp/repo/files/medium/862d8737fc8f937d91754758ea3d7576145ace2b.jpg,https://iiif.dl.itc.u-tokyo.ac.jp/repo/api/items/1168812,"東京大学総合図書館 General Library, The University of Tokyo, JAPAN",http://iiif.io/api/presentation/2#rightToLeftDirection,,総合図書館所蔵古典籍,,,https://iiif.dl.itc.u-tokyo.ac.jp/repo/iiif/05679076-2f2a-1358-2123-51c8713aa2aa/manifest,,,,,21
出雲國風土記 2巻,J30:296,イズモノクニ フドキ,"萬葉緯, 出雲風土記",神宅臣 全太理,藤田政昭 [写],1756,宝暦6,5巻合冊,写本,26×20cm,"題簽の書名: 出雲風土記巻次は題簽による
原奥書に「于時享保十四己酉歳十一月吉日 先任元翁横山當永第一門人齋藤安房守藤原盛郷ヨリ 大藤感林写之書」とあり
奥書に「宝暦六年子六月廿日藤田政昭写之書」とあり
洛東隠士編輯『萬葉緯』第15
印記: 「政昭」,「飯沼」,「渡部文庫珍藏書印」",日本語,和古書,南葵文庫,http://tify.sub.uni-goettingen.de/demo.html?manifest=https://archdataset.dl.itc.u-tokyo.ac.jp/manifest/132a8b0a-3798-9078-6b41-d462be43930e.json,132a8b0a-3798-9078-6b41-d462be43930e,https://iiif.dl.itc.u-tokyo.ac.jp/repo/s/koten,https://iiif.dl.itc.u-tokyo.ac.jp/repo/s/koten/document/132a8b0a-3798-9078-6b41-d462be43930e,https://www.lib.u-tokyo.ac.jp/ja/library/contents/archives-top/reuse,https://iiif.dl.itc.u-tokyo.ac.jp/repo/files/medium/2cd0cfa1beafa9b063b7c7bb06483e0306ffba06.jpg,https://iiif.dl.itc.u-tokyo.ac.jp/repo/api/items/1168813,"東京大学総合図書館 General Library, The University of Tokyo, JAPAN",http://iiif.io/api/presentation/2#rightToLeftDirection,,総合図書館所蔵古典籍,,,https://iiif.dl.itc.u-tokyo.ac.jp/repo/iiif/132a8b0a-3798-9078-6b41-d462be43930e/manifest,,,,,17
出雲國風土記 3巻,J30:296,イズモノクニ フドキ,"萬葉緯, 出雲風土記",神宅臣 全太理,藤田政昭 [写],1756,宝暦6,5巻合冊,写本,26×20cm,"題簽の書名: 出雲風土記巻次は題簽による
原奥書に「于時享保十四己酉歳十一月吉日 先任元翁横山當永第一門人齋藤安房守藤原盛郷ヨリ 大藤感林写之書」とあり
奥書に「宝暦六年子六月廿日藤田政昭写之書」とあり
洛東隠士編輯『萬葉緯』第15
印記: 「政昭」,「飯沼」,「渡部文庫珍藏書印」",日本語,和古書,南葵文庫,http://tify.sub.uni-goettingen.de/demo.html?manifest=https://archdataset.dl.itc.u-tokyo.ac.jp/manifest/7d88c4b6-112a-02df-2305-f7bc512708d6.json,7d88c4b6-112a-02df-2305-f7bc512708d6,https://iiif.dl.itc.u-tokyo.ac.jp/repo/s/koten,https://iiif.dl.itc.u-tokyo.ac.jp/repo/s/koten/document/7d88c4b6-112a-02df-2305-f7bc512708d6,https://www.lib.u-tokyo.ac.jp/ja/library/contents/archives-top/reuse,https://iiif.dl.itc.u-tokyo.ac.jp/repo/files/medium/e346d15eb3aaacb79ac0bd509d761703b9d690d2.jpg,https://iiif.dl.itc.u-tokyo.ac.jp/repo/api/items/1168814,"東京大学総合図書館 General Library, The University of Tokyo, JAPAN",http://iiif.io/api/presentation/2#rightToLeftDirection,,総合図書館所蔵古典籍,,,https://iiif.dl.itc.u-tokyo.ac.jp/repo/iiif/7d88c4b6-112a-02df-2305-f7bc512708d6/manifest,,,,,26
出雲國風土記 4巻,J30:296,イズモノクニ フドキ,"萬葉緯, 出雲風土記",神宅臣 全太理,藤田政昭 [写],1756,宝暦6,5巻合冊,写本,26×20cm,"題簽の書名: 出雲風土記巻次は題簽による
原奥書に「于時享保十四己酉歳十一月吉日 先任元翁横山當永第一門人齋藤安房守藤原盛郷ヨリ 大藤感林写之書」とあり
奥書に「宝暦六年子六月廿日藤田政昭写之書」とあり
洛東隠士編輯『萬葉緯』第15
印記: 「政昭」,「飯沼」,「渡部文庫珍藏書印」",日本語,和古書,南葵文庫,http://tify.sub.uni-goettingen.de/demo.html?manifest=https://archdataset.dl.itc.u-tokyo.ac.jp/manifest/b06c9c57-1ad6-5db7-8c1d-32a0fc4313c4.json,b06c9c57-1ad6-5db7-8c1d-32a0fc4313c4,https://iiif.dl.itc.u-tokyo.ac.jp/repo/s/koten,https://iiif.dl.itc.u-tokyo.ac.jp/repo/s/koten/document/b06c9c57-1ad6-5db7-8c1d-32a0fc4313c4,https://www.lib.u-tokyo.ac.jp/ja/library/contents/archives-top/reuse,https://iiif.dl.itc.u-tokyo.ac.jp/repo/files/medium/075291b80d2e94d9f31515f99f09106116b77993.jpg,https://iiif.dl.itc.u-tokyo.ac.jp/repo/api/items/1168815,"東京大学総合図書館 General Library, The University of Tokyo, JAPAN",http://iiif.io/api/presentation/2#rightToLeftDirection,,総合図書館所蔵古典籍,,,https://iiif.dl.itc.u-tokyo.ac.jp/repo/iiif/b06c9c57-1ad6-5db7-8c1d-32a0fc4313c4/manifest,,,,,17
出雲國風土記 5巻,J30:296,イズモノクニ フドキ,"萬葉緯, 出雲風土記",神宅臣 全太理,藤田政昭 [写],1756,宝暦6,5巻合冊,写本,26×20cm,"題簽の書名: 出雲風土記巻次は題簽による
原奥書に「于時享保十四己酉歳十一月吉日 先任元翁横山當永第一門人齋藤安房守藤原盛郷ヨリ 大藤感林写之書」とあり
奥書に「宝暦六年子六月廿日藤田政昭写之書」とあり
洛東隠士編輯『萬葉緯』第15
印記: 「政昭」,「飯沼」,「渡部文庫珍藏書印」",日本語,和古書,南葵文庫,http://tify.sub.uni-goettingen.de/demo.html?manifest=https://archdataset.dl.itc.u-tokyo.ac.jp/manifest/84ec72a2-394a-2b1d-3000-3d402b7e08ec.json,84ec72a2-394a-2b1d-3000-3d402b7e08ec,https://iiif.dl.itc.u-tokyo.ac.jp/repo/s/koten,https://iiif.dl.itc.u-tokyo.ac.jp/repo/s/koten/document/84ec72a2-394a-2b1d-3000-3d402b7e08ec,https://www.lib.u-tokyo.ac.jp/ja/library/contents/archives-top/reuse,https://iiif.dl.itc.u-tokyo.ac.jp/repo/files/medium/f6fc7ea90f8d3b8f5e014881a5b0ab9ea98cdcc0.jpg,https://iiif.dl.itc.u-tokyo.ac.jp/repo/api/items/1168816,"東京大学総合図書館 General Library, The University of Tokyo, JAPAN",http://iiif.io/api/presentation/2#rightToLeftDirection,,総合図書館所蔵古典籍,,,https://iiif.dl.itc.u-tokyo.ac.jp/repo/iiif/84ec72a2-394a-2b1d-3000-3d402b7e08ec/manifest,,,,,22
駿河御城之図,W20:807,スルガオシロノズ,,篠原 [写],[書写地不明],不明,[書写年不明],1舗,写本,82×70cm (折りたたみ19×13cm),"書名は端裏書による題簽の書名: 駿河御城之図
端裏に「篠原(印)」とあり
彩色図版
畳物
印記: 「南葵文庫」
虫損あり",日本語,地図,南葵文庫,http://tify.sub.uni-goettingen.de/demo.html?manifest=https://archdataset.dl.itc.u-tokyo.ac.jp/manifest/53b43f7f-4cc2-4148-10d3-6b159ccd3454.json,53b43f7f-4cc2-4148-10d3-6b159ccd3454,https://iiif.dl.itc.u-tokyo.ac.jp/repo/s/koten,https://iiif.dl.itc.u-tokyo.ac.jp/repo/s/koten/document/53b43f7f-4cc2-4148-10d3-6b159ccd3454,https://www.lib.u-tokyo.ac.jp/ja/library/contents/archives-top/reuse,https://iiif.dl.itc.u-tokyo.ac.jp/repo/files/medium/3a6dbe9bb229ad06f6e59f8e716170b4b0b9ba58.jpg,https://iiif.dl.itc.u-tokyo.ac.jp/repo/api/items/1168817,"東京大学総合図書館 General Library, The University of Tokyo, JAPAN",http://iiif.io/api/presentation/2#rightToLeftDirection,,総合図書館所蔵古典籍,,,https://iiif.dl.itc.u-tokyo.ac.jp/repo/iiif/53b43f7f-4cc2-4148-10d3-6b159ccd3454/manifest,,,,,3
加州金沢之城図,W20:967,カシュウカナザワノズ,"加賀金澤城圖,金澤之城圖 : 加州",篠原 [写],[書写地不明],不明,[書写年不明],1舗,写本,101×72cm (折りたたみ24×19cm),"書名は端裏書による題簽の書名: 加賀金澤城圖
端裏に「篠原(印)」とあり
彩色図版
畳物
印記: 「南葵文庫」
虫損あり",日本語,地図,南葵文庫,http://tify.sub.uni-goettingen.de/demo.html?manifest=https://archdataset.dl.itc.u-tokyo.ac.jp/manifest/66a787db-7218-1bdd-a3a0-d0c5e06107ef.json,66a787db-7218-1bdd-a3a0-d0c5e06107ef,https://iiif.dl.itc.u-tokyo.ac.jp/repo/s/koten,https://iiif.dl.itc.u-tokyo.ac.jp/repo/s/koten/document/66a787db-7218-1bdd-a3a0-d0c5e06107ef,https://www.lib.u-tokyo.ac.jp/ja/library/contents/archives-top/reuse,https://iiif.dl.itc.u-tokyo.ac.jp/repo/files/medium/274cd9cce715bf6bd0c513fc09db2d1504b5cd55.jpg,https://iiif.dl.itc.u-tokyo.ac.jp/repo/api/items/1168818,"東京大学総合図書館 General Library, The University of Tokyo, JAPAN",http://iiif.io/api/presentation/2#rightToLeftDirection,,総合図書館所蔵古典籍,,,https://iiif.dl.itc.u-tokyo.ac.jp/repo/iiif/66a787db-7218-1bdd-a3a0-d0c5e06107ef/manifest,,,,,1
科埜行雑記,ST:16,シナノコウ ザッキ,,田中芳男 [自筆],[書写地不明],1875,明治8,1冊,写本,13×17cm,表紙に「明治八年七月十八日 田中芳男」とあり貼紙あり,日本語,和古書,田中芳男文庫,http://tify.sub.uni-goettingen.de/demo.html?manifest=https://archdataset.dl.itc.u-tokyo.ac.jp/manifest/2e9d0e33-4987-1644-5565-5304718572df.json,2e9d0e33-4987-1644-5565-5304718572df,https://iiif.dl.itc.u-tokyo.ac.jp/repo/s/koten,https://iiif.dl.itc.u-tokyo.ac.jp/repo/s/koten/document/2e9d0e33-4987-1644-5565-5304718572df,https://www.lib.u-tokyo.ac.jp/ja/library/contents/archives-top/reuse,https://iiif.dl.itc.u-tokyo.ac.jp/repo/files/medium/2b1df7947b2b431e37cf794730c5129532fc2fa2.jpg,https://iiif.dl.itc.u-tokyo.ac.jp/repo/api/items/1168819,"東京大学総合図書館 General Library, The University of Tokyo, JAPAN",http://iiif.io/api/presentation/2#rightToLeftDirection,,総合図書館所蔵古典籍,,,https://iiif.dl.itc.u-tokyo.ac.jp/repo/iiif/2e9d0e33-4987-1644-5565-5304718572df/manifest,,,,,75
駿河御城指図,BW:14,スンプ オシロ サシズ,,[書写者不明],[書写者不明],不明,[書写年不明],1舗,写本,137×168cm (折りたたみ40×31cm),"書名は題簽による青紙貼付
畳物
印記: 「南葵文庫」,「南葵文庫」",日本語,和古書,南葵文庫,http://tify.sub.uni-goettingen.de/demo.html?manifest=https://archdataset.dl.itc.u-tokyo.ac.jp/manifest/1202810d-3c7b-543f-6f74-29a96148a7a0.json,1202810d-3c7b-543f-6f74-29a96148a7a0,https://iiif.dl.itc.u-tokyo.ac.jp/repo/s/koten,https://iiif.dl.itc.u-tokyo.ac.jp/repo/s/koten/document/1202810d-3c7b-543f-6f74-29a96148a7a0,https://www.lib.u-tokyo.ac.jp/ja/library/contents/archives-top/reuse,https://iiif.dl.itc.u-tokyo.ac.jp/repo/files/medium/5590e9847c63a702712edc9ad397a1ae47a68347.jpg,https://iiif.dl.itc.u-tokyo.ac.jp/repo/api/items/1168820,"東京大学総合図書館 General Library, The University of Tokyo, JAPAN",http://iiif.io/api/presentation/2#rightToLeftDirection,,総合図書館所蔵古典籍,,,https://iiif.dl.itc.u-tokyo.ac.jp/repo/iiif/1202810d-3c7b-543f-6f74-29a96148a7a0/manifest,,,,,3
建櫜設畧 1,W20:305,ケンコウ セツリャク,,[書写者不明],[書写者不明],不明,[書写年不明],12巻12冊,写本,29×19cm,"跋末に「旹延寳七年己未冬月 藤一水子跋」とあり彩色あり
印記: 「紀伊國徳川氏圖書記」,「舊和歌山徳川氏藏」,「南葵文庫」
表紙の貼紙に「名取本」と墨書あり
虫損あり",日本語,和古書,南葵文庫,http://tify.sub.uni-goettingen.de/demo.html?manifest=https://archdataset.dl.itc.u-tokyo.ac.jp/manifest/279a6524-07ee-4eb1-2b60-748e132e665c.json,279a6524-07ee-4eb1-2b60-748e132e665c,https://iiif.dl.itc.u-tokyo.ac.jp/repo/s/koten,https://iiif.dl.itc.u-tokyo.ac.jp/repo/s/koten/document/279a6524-07ee-4eb1-2b60-748e132e665c,https://www.lib.u-tokyo.ac.jp/ja/library/contents/archives-top/reuse,https://iiif.dl.itc.u-tokyo.ac.jp/repo/files/medium/dcc769638aec01b50461f05c6cc6b8a983b29d73.jpg,https://iiif.dl.itc.u-tokyo.ac.jp/repo/api/items/1168821,"東京大学総合図書館 General Library, The University of Tokyo, JAPAN",http://iiif.io/api/presentation/2#rightToLeftDirection,,総合図書館所蔵古典籍,,,https://iiif.dl.itc.u-tokyo.ac.jp/repo/iiif/279a6524-07ee-4eb1-2b60-748e132e665c/manifest,,,,,90
建櫜設畧 2,W20:305,ケンコウ セツリャク,,[書写者不明],[書写者不明],不明,[書写年不明],12巻12冊,写本,29×19cm,"跋末に「旹延寳七年己未冬月 藤一水子跋」とあり彩色あり
印記: 「紀伊國徳川氏圖書記」,「舊和歌山徳川氏藏」,「南葵文庫」
表紙の貼紙に「名取本」と墨書あり
虫損あり",日本語,和古書,南葵文庫,http://tify.sub.uni-goettingen.de/demo.html?manifest=https://archdataset.dl.itc.u-tokyo.ac.jp/manifest/363ed637-0134-07db-76ea-1e53a52e5612.json,363ed637-0134-07db-76ea-1e53a52e5612,https://iiif.dl.itc.u-tokyo.ac.jp/repo/s/koten,https://iiif.dl.itc.u-tokyo.ac.jp/repo/s/koten/document/363ed637-0134-07db-76ea-1e53a52e5612,https://www.lib.u-tokyo.ac.jp/ja/library/contents/archives-top/reuse,https://iiif.dl.itc.u-tokyo.ac.jp/repo/files/medium/0ccd23cc255a90ae6aeb7d08a74f34c286aec177.jpg,https://iiif.dl.itc.u-tokyo.ac.jp/repo/api/items/1168822,"東京大学総合図書館 General Library, The University of Tokyo, JAPAN",http://iiif.io/api/presentation/2#rightToLeftDirection,,総合図書館所蔵古典籍,,,https://iiif.dl.itc.u-tokyo.ac.jp/repo/iiif/363ed637-0134-07db-76ea-1e53a52e5612/manifest,,,,,72
建櫜設畧 3,W20:305,ケンコウ セツリャク,,[書写者不明],[書写者不明],不明,[書写年不明],12巻12冊,写本,29×19cm,"跋末に「旹延寳七年己未冬月 藤一水子跋」とあり彩色あり
印記: 「紀伊國徳川氏圖書記」,「舊和歌山徳川氏藏」,「南葵文庫」
表紙の貼紙に「名取本」と墨書あり
虫損あり",日本語,和古書,南葵文庫,http://tify.sub.uni-goettingen.de/demo.html?manifest=https://archdataset.dl.itc.u-tokyo.ac.jp/manifest/4a591c5f-5c5e-2d58-3724-97af70668b8e.json,4a591c5f-5c5e-2d58-3724-97af70668b8e,https://iiif.dl.itc.u-tokyo.ac.jp/repo/s/koten,https://iiif.dl.itc.u-tokyo.ac.jp/repo/s/koten/document/4a591c5f-5c5e-2d58-3724-97af70668b8e,https://www.lib.u-tokyo.ac.jp/ja/library/contents/archives-top/reuse,https://iiif.dl.itc.u-tokyo.ac.jp/repo/files/medium/296569b8d18bd120ccd35158258f89405a96e450.jpg,https://iiif.dl.itc.u-tokyo.ac.jp/repo/api/items/1168823,"東京大学総合図書館 General Library, The University of Tokyo, JAPAN",http://iiif.io/api/presentation/2#rightToLeftDirection,,総合図書館所蔵古典籍,,,https://iiif.dl.itc.u-tokyo.ac.jp/repo/iiif/4a591c5f-5c5e-2d58-3724-97af70668b8e/manifest,,,,,74
建櫜設畧 4,W20:305,ケンコウ セツリャク,,[書写者不明],[書写者不明],不明,[書写年不明],12巻12冊,写本,29×19cm,"跋末に「旹延寳七年己未冬月 藤一水子跋」とあり彩色あり
印記: 「紀伊國徳川氏圖書記」,「舊和歌山徳川氏藏」,「南葵文庫」
表紙の貼紙に「名取本」と墨書あり
虫損あり",日本語,和古書,南葵文庫,http://tify.sub.uni-goettingen.de/demo.html?manifest=https://archdataset.dl.itc.u-tokyo.ac.jp/manifest/1d0b8d80-877c-a5a4-7f43-007619bb4e64.json,1d0b8d80-877c-a5a4-7f43-007619bb4e64,https://iiif.dl.itc.u-tokyo.ac.jp/repo/s/koten,https://iiif.dl.itc.u-tokyo.ac.jp/repo/s/koten/document/1d0b8d80-877c-a5a4-7f43-007619bb4e64,https://www.lib.u-tokyo.ac.jp/ja/library/contents/archives-top/reuse,https://iiif.dl.itc.u-tokyo.ac.jp/repo/files/medium/58000a5c1eba992d53e7ee07d1b60d145af7a988.jpg,https://iiif.dl.itc.u-tokyo.ac.jp/repo/api/items/1168824,"東京大学総合図書館 General Library, The University of Tokyo, JAPAN",http://iiif.io/api/presentation/2#rightToLeftDirection,,総合図書館所蔵古典籍,,,https://iiif.dl.itc.u-tokyo.ac.jp/repo/iiif/1d0b8d80-877c-a5a4-7f43-007619bb4e64/manifest,,,,,69
建櫜設畧 5,W20:305,ケンコウ セツリャク,,[書写者不明],[書写者不明],不明,[書写年不明],12巻12冊,写本,29×19cm,"跋末に「旹延寳七年己未冬月 藤一水子跋」とあり彩色あり
印記: 「紀伊國徳川氏圖書記」,「舊和歌山徳川氏藏」,「南葵文庫」
表紙の貼紙に「名取本」と墨書あり
虫損あり",日本語,和古書,南葵文庫,http://tify.sub.uni-goettingen.de/demo.html?manifest=https://archdataset.dl.itc.u-tokyo.ac.jp/manifest/3263a084-193a-096d-3386-d69e71446be9.json,3263a084-193a-096d-3386-d69e71446be9,https://iiif.dl.itc.u-tokyo.ac.jp/repo/s/koten,https://iiif.dl.itc.u-tokyo.ac.jp/repo/s/koten/document/3263a084-193a-096d-3386-d69e71446be9,https://www.lib.u-tokyo.ac.jp/ja/library/contents/archives-top/reuse,https://iiif.dl.itc.u-tokyo.ac.jp/repo/files/medium/444a659bd018788b84433aacbee4b1875026acee.jpg,https://iiif.dl.itc.u-tokyo.ac.jp/repo/api/items/1168825,"東京大学総合図書館 General Library, The University of Tokyo, JAPAN",http://iiif.io/api/presentation/2#rightToLeftDirection,,総合図書館所蔵古典籍,,,https://iiif.dl.itc.u-tokyo.ac.jp/repo/iiif/3263a084-193a-096d-3386-d69e71446be9/manifest,,,,,67
建櫜設畧 6,W20:305,ケンコウ セツリャク,,[書写者不明],[書写者不明],不明,[書写年不明],12巻12冊,写本,29×19cm,"跋末に「旹延寳七年己未冬月 藤一水子跋」とあり彩色あり
印記: 「紀伊國徳川氏圖書記」,「舊和歌山徳川氏藏」,「南葵文庫」
表紙の貼紙に「名取本」と墨書あり
虫損あり",日本語,和古書,南葵文庫,http://tify.sub.uni-goettingen.de/demo.html?manifest=https://archdataset.dl.itc.u-tokyo.ac.jp/manifest/af2946ea-6afc-4a9a-8e3c-4493eced163d.json,af2946ea-6afc-4a9a-8e3c-4493eced163d,https://iiif.dl.itc.u-tokyo.ac.jp/repo/s/koten,https://iiif.dl.itc.u-tokyo.ac.jp/repo/s/koten/document/af2946ea-6afc-4a9a-8e3c-4493eced163d,https://www.lib.u-tokyo.ac.jp/ja/library/contents/archives-top/reuse,https://iiif.dl.itc.u-tokyo.ac.jp/repo/files/medium/b2d01fce1846636496b0ce7933826d5c13e48bea.jpg,https://iiif.dl.itc.u-tokyo.ac.jp/repo/api/items/1168826,"東京大学総合図書館 General Library, The University of Tokyo, JAPAN",http://iiif.io/api/presentation/2#rightToLeftDirection,,総合図書館所蔵古典籍,,,https://iiif.dl.itc.u-tokyo.ac.jp/repo/iiif/af2946ea-6afc-4a9a-8e3c-4493eced163d/manifest,,,,,64
建櫜設畧 7,W20:305,ケンコウ セツリャク,,[書写者不明],[書写者不明],不明,[書写年不明],12巻12冊,写本,29×19cm,"跋末に「旹延寳七年己未冬月 藤一水子跋」とあり彩色あり
印記: 「紀伊國徳川氏圖書記」,「舊和歌山徳川氏藏」,「南葵文庫」
表紙の貼紙に「名取本」と墨書あり
虫損あり",日本語,和古書,南葵文庫,http://tify.sub.uni-goettingen.de/demo.html?manifest=https://archdataset.dl.itc.u-tokyo.ac.jp/manifest/a69e9908-3459-8cdb-2f32-affdd1499eeb.json,a69e9908-3459-8cdb-2f32-affdd1499eeb,https://iiif.dl.itc.u-tokyo.ac.jp/repo/s/koten,https://iiif.dl.itc.u-tokyo.ac.jp/repo/s/koten/document/a69e9908-3459-8cdb-2f32-affdd1499eeb,https://www.lib.u-tokyo.ac.jp/ja/library/contents/archives-top/reuse,https://iiif.dl.itc.u-tokyo.ac.jp/repo/files/medium/e6ae4e4401fb557fea98d8f3bc3726bf52d584aa.jpg,https://iiif.dl.itc.u-tokyo.ac.jp/repo/api/items/1168827,"東京大学総合図書館 General Library, The University of Tokyo, JAPAN",http://iiif.io/api/presentation/2#rightToLeftDirection,,総合図書館所蔵古典籍,,,https://iiif.dl.itc.u-tokyo.ac.jp/repo/iiif/a69e9908-3459-8cdb-2f32-affdd1499eeb/manifest,,,,,59
建櫜設畧 8,W20:305,ケンコウ セツリャク,,[書写者不明],[書写者不明],不明,[書写年不明],12巻12冊,写本,29×19cm,"跋末に「旹延寳七年己未冬月 藤一水子跋」とあり彩色あり
印記: 「紀伊國徳川氏圖書記」,「舊和歌山徳川氏藏」,「南葵文庫」
表紙の貼紙に「名取本」と墨書あり
虫損あり",日本語,和古書,南葵文庫,http://tify.sub.uni-goettingen.de/demo.html?manifest=https://archdataset.dl.itc.u-tokyo.ac.jp/manifest/0137cbd1-5910-470f-2ada-db5aaeb55fb0.json,0137cbd1-5910-470f-2ada-db5aaeb55fb0,https://iiif.dl.itc.u-tokyo.ac.jp/repo/s/koten,https://iiif.dl.itc.u-tokyo.ac.jp/repo/s/koten/document/0137cbd1-5910-470f-2ada-db5aaeb55fb0,https://www.lib.u-tokyo.ac.jp/ja/library/contents/archives-top/reuse,https://iiif.dl.itc.u-tokyo.ac.jp/repo/files/medium/b512ceba183e8d95f0d759922cba988a6b3a5fbf.jpg,https://iiif.dl.itc.u-tokyo.ac.jp/repo/api/items/1168828,"東京大学総合図書館 General Library, The University of Tokyo, JAPAN",http://iiif.io/api/presentation/2#rightToLeftDirection,,総合図書館所蔵古典籍,,,https://iiif.dl.itc.u-tokyo.ac.jp/repo/iiif/0137cbd1-5910-470f-2ada-db5aaeb55fb0/manifest,,,,,103
建櫜設畧 9,W20:305,ケンコウ セツリャク,,[書写者不明],[書写者不明],不明,[書写年不明],12巻12冊,写本,29×19cm,"跋末に「旹延寳七年己未冬月 藤一水子跋」とあり彩色あり
印記: 「紀伊國徳川氏圖書記」,「舊和歌山徳川氏藏」,「南葵文庫」
表紙の貼紙に「名取本」と墨書あり
虫損あり",日本語,和古書,南葵文庫,http://tify.sub.uni-goettingen.de/demo.html?manifest=https://archdataset.dl.itc.u-tokyo.ac.jp/manifest/08fa4de9-4c4e-2084-a4fb-833d80092d6b.json,08fa4de9-4c4e-2084-a4fb-833d80092d6b,https://iiif.dl.itc.u-tokyo.ac.jp/repo/s/koten,https://iiif.dl.itc.u-tokyo.ac.jp/repo/s/koten/document/08fa4de9-4c4e-2084-a4fb-833d80092d6b,https://www.lib.u-tokyo.ac.jp/ja/library/contents/archives-top/reuse,https://iiif.dl.itc.u-tokyo.ac.jp/repo/files/medium/b751b82799aa489718973fcb0910884054f5da2f.jpg,https://iiif.dl.itc.u-tokyo.ac.jp/repo/api/items/1168829,"東京大学総合図書館 General Library, The University of Tokyo, JAPAN",http://iiif.io/api/presentation/2#rightToLeftDirection,,総合図書館所蔵古典籍,,,https://iiif.dl.itc.u-tokyo.ac.jp/repo/iiif/08fa4de9-4c4e-2084-a4fb-833d80092d6b/manifest,,,,,98
建櫜設畧 10,W20:305,ケンコウ セツリャク,,[書写者不明],[書写者不明],不明,[書写年不明],12巻12冊,写本,29×19cm,"跋末に「旹延寳七年己未冬月 藤一水子跋」とあり彩色あり
印記: 「紀伊國徳川氏圖書記」,「舊和歌山徳川氏藏」,「南葵文庫」
表紙の貼紙に「名取本」と墨書あり
虫損あり",日本語,和古書,南葵文庫,http://tify.sub.uni-goettingen.de/demo.html?manifest=https://archdataset.dl.itc.u-tokyo.ac.jp/manifest/85b20674-57b2-93a2-3720-8bd562a300ed.json,85b20674-57b2-93a2-3720-8bd562a300ed,https://iiif.dl.itc.u-tokyo.ac.jp/repo/s/koten,https://iiif.dl.itc.u-tokyo.ac.jp/repo/s/koten/document/85b20674-57b2-93a2-3720-8bd562a300ed,https://www.lib.u-tokyo.ac.jp/ja/library/contents/archives-top/reuse,https://iiif.dl.itc.u-tokyo.ac.jp/repo/files/medium/fcb42f8296eb79a0b24fd033f287e86d24c39a6e.jpg,https://iiif.dl.itc.u-tokyo.ac.jp/repo/api/items/1168830,"東京大学総合図書館 General Library, The University of Tokyo, JAPAN",http://iiif.io/api/presentation/2#rightToLeftDirection,,総合図書館所蔵古典籍,,,https://iiif.dl.itc.u-tokyo.ac.jp/repo/iiif/85b20674-57b2-93a2-3720-8bd562a300ed/manifest,,,,,71
建櫜設畧 11,W20:305,ケンコウ セツリャク,,[書写者不明],[書写地不明],不明,[書写年不明],12巻12冊,写本,29×19cm,"跋末に「旹延寳七年己未冬月 藤一水子跋」とあり彩色あり
印記: 「紀伊國徳川氏圖書記」,「舊和歌山徳川氏藏」,「南葵文庫」
表紙の貼紙に「名取本」と墨書あり
虫損あり",日本語,和古書,南葵文庫,http://tify.sub.uni-goettingen.de/demo.html?manifest=https://archdataset.dl.itc.u-tokyo.ac.jp/manifest/499169fd-3718-903d-7470-5ddbc469993b.json,499169fd-3718-903d-7470-5ddbc469993b,https://iiif.dl.itc.u-tokyo.ac.jp/repo/s/koten,https://iiif.dl.itc.u-tokyo.ac.jp/repo/s/koten/document/499169fd-3718-903d-7470-5ddbc469993b,https://www.lib.u-tokyo.ac.jp/ja/library/contents/archives-top/reuse,https://iiif.dl.itc.u-tokyo.ac.jp/repo/files/medium/1ee20219d77d8102ecf0f4da5bb3742b25449fdf.jpg,https://iiif.dl.itc.u-tokyo.ac.jp/repo/api/items/1168831,"東京大学総合図書館 General Library, The University of Tokyo, JAPAN",http://iiif.io/api/presentation/2#rightToLeftDirection,,総合図書館所蔵古典籍,,,https://iiif.dl.itc.u-tokyo.ac.jp/repo/iiif/499169fd-3718-903d-7470-5ddbc469993b/manifest,,,,,81
建櫜設畧 12,W20:305,ケンコウ セツリャク,,[書写者不明],[書写地不明],不明,[書写年不明],12巻12冊,写本,29×19cm,"跋末に「旹延寳七年己未冬月 藤一水子跋」とあり彩色あり
印記: 「紀伊國徳川氏圖書記」,「舊和歌山徳川氏藏」,「南葵文庫」
表紙の貼紙に「名取本」と墨書あり
虫損あり",日本語,和古書,南葵文庫,http://tify.sub.uni-goettingen.de/demo.html?manifest=https://archdataset.dl.itc.u-tokyo.ac.jp/manifest/4948cc20-6eb4-8a05-67a6-02caaf1d92fc.json,4948cc20-6eb4-8a05-67a6-02caaf1d92fc,https://iiif.dl.itc.u-tokyo.ac.jp/repo/s/koten,https://iiif.dl.itc.u-tokyo.ac.jp/repo/s/koten/document/4948cc20-6eb4-8a05-67a6-02caaf1d92fc,https://www.lib.u-tokyo.ac.jp/ja/library/contents/archives-top/reuse,https://iiif.dl.itc.u-tokyo.ac.jp/repo/files/medium/5329a06b92faedb61f53a1c904ccb68f83baac16.jpg,https://iiif.dl.itc.u-tokyo.ac.jp/repo/api/items/1168832,"東京大学総合図書館 General Library, The University of Tokyo, JAPAN",http://iiif.io/api/presentation/2#rightToLeftDirection,,総合図書館所蔵古典籍,,,https://iiif.dl.itc.u-tokyo.ac.jp/repo/iiif/4948cc20-6eb4-8a05-67a6-02caaf1d92fc/manifest,,,,,86
江戸 白石先生自抄,JJ:27,エド : ハクセキ センセイ ジショウ,,[書写者不明],[書写者不明],不明,[書写年不明],1軸,,24cm,"巻子本冊子を解体し、台紙に貼って巻物にしたもの
巻末に大槻如電による解題あり
印記: 「南葵文庫」
紙箱入り",日本語,和古書,南葵文庫,http://tify.sub.uni-goettingen.de/demo.html?manifest=https://archdataset.dl.itc.u-tokyo.ac.jp/manifest/126578d9-9804-3794-6139-529518f81f32.json,126578d9-9804-3794-6139-529518f81f32,https://iiif.dl.itc.u-tokyo.ac.jp/repo/s/koten,https://iiif.dl.itc.u-tokyo.ac.jp/repo/s/koten/document/126578d9-9804-3794-6139-529518f81f32,https://www.lib.u-tokyo.ac.jp/ja/library/contents/archives-top/reuse,https://iiif.dl.itc.u-tokyo.ac.jp/repo/files/medium/ae1fb83682c5991a45c991ba58edfcdceec5e4e5.jpg,https://iiif.dl.itc.u-tokyo.ac.jp/repo/api/items/1168833,"東京大学総合図書館 General Library, The University of Tokyo, JAPAN",http://iiif.io/api/presentation/2#rightToLeftDirection,,総合図書館所蔵古典籍,,,https://iiif.dl.itc.u-tokyo.ac.jp/repo/iiif/126578d9-9804-3794-6139-529518f81f32/manifest,,,,,14
凱旋観艦式紀念写真帖,BW:23,ガイセン カンカンシキ キネン シャシンチョウ,凱旋観艦式 : 明治丗八年 : 紀念写真帖,大本営海軍部,大本営海軍部,1906,明治39,1冊,,26X38cm,書名は表紙による,日本語,和古書,,http://tify.sub.uni-goettingen.de/demo.html?manifest=https://archdataset.dl.itc.u-tokyo.ac.jp/manifest/cf226493-0d04-2693-94c7-db99bb068777.json,cf226493-0d04-2693-94c7-db99bb068777,https://iiif.dl.itc.u-tokyo.ac.jp/repo/s/koten,https://iiif.dl.itc.u-tokyo.ac.jp/repo/s/koten/document/cf226493-0d04-2693-94c7-db99bb068777,https://www.lib.u-tokyo.ac.jp/ja/library/contents/archives-top/reuse,https://iiif.dl.itc.u-tokyo.ac.jp/repo/files/medium/0b0632d275e2d4bc40eded3cadea70aa0277b180.jpg,https://iiif.dl.itc.u-tokyo.ac.jp/repo/api/items/1168834,"東京大学総合図書館 General Library, The University of Tokyo, JAPAN",http://iiif.io/api/presentation/2#rightToLeftDirection,,総合図書館所蔵古典籍,,,https://iiif.dl.itc.u-tokyo.ac.jp/repo/iiif/cf226493-0d04-2693-94c7-db99bb068777/manifest,,,,,28
開目抄 下,鴎C40:774,カイモクショウ,開目鈔,日蓮,平樂寺村上勘兵衞,1756,[寶暦6刊],2巻2冊,,25cm,題簽の書名: 開目鈔|印記: 「釋印義董」|裏表紙に「蓮祖祕要其義在両卷乎矣 玄々子 日蓮宗第九区檀林誥 明治廿七年十二月九日夜 大塚存妙藏」と朱書あり,日本語,和古書,鴎外文庫,http://tify.sub.uni-goettingen.de/demo.html?manifest=https://archdataset.dl.itc.u-tokyo.ac.jp/manifest/70b04b36-00be-0cee-4d97-68aba315448b.json,70b04b36-00be-0cee-4d97-68aba315448b,https://iiif.dl.itc.u-tokyo.ac.jp/repo/s/koten,https://iiif.dl.itc.u-tokyo.ac.jp/repo/s/koten/document/70b04b36-00be-0cee-4d97-68aba315448b,https://www.lib.u-tokyo.ac.jp/ja/library/contents/archives-top/reuse,https://iiif.dl.itc.u-tokyo.ac.jp/repo/files/medium/d0d2e88a245cbd63636c915231b2758dce0f4d76.jpg,https://iiif.dl.itc.u-tokyo.ac.jp/repo/api/items/1168695,"東京大学総合図書館 General Library, The University of Tokyo, JAPAN",http://iiif.io/api/presentation/2#rightToLeftDirection,,総合図書館所蔵古典籍,,,https://iiif.dl.itc.u-tokyo.ac.jp/repo/iiif/70b04b36-00be-0cee-4d97-68aba315448b/manifest,,,,,55
早勝問荅鎌隼問荅并抄,鴎C40:831,ハヤガチ モンドウ ケンシュ モンドウ ナラビニ ショウ,"早勝問答, 諸宗問荅口作相傳",日蓮,平樂寺村上勘兵衞,不明,[出版年不明],1冊,,26cm,巻尾の書名: 諸宗問荅口作相傳|皇都書肆刊の後印|四周単辺無界,日本語,和古書,鴎外文庫,http://tify.sub.uni-goettingen.de/demo.html?manifest=https://archdataset.dl.itc.u-tokyo.ac.jp/manifest/3198c7b9-44da-4233-5618-e58c2768302d.json,3198c7b9-44da-4233-5618-e58c2768302d,https://iiif.dl.itc.u-tokyo.ac.jp/repo/s/koten,https://iiif.dl.itc.u-tokyo.ac.jp/repo/s/koten/document/3198c7b9-44da-4233-5618-e58c2768302d,https://www.lib.u-tokyo.ac.jp/ja/library/contents/archives-top/reuse,https://iiif.dl.itc.u-tokyo.ac.jp/repo/files/medium/7005136cb2734af0583209cd39b5a280fe0c6822.jpg,https://iiif.dl.itc.u-tokyo.ac.jp/repo/api/items/1168696,"東京大学総合図書館 General Library, The University of Tokyo, JAPAN",http://iiif.io/api/presentation/2#rightToLeftDirection,,総合図書館所蔵古典籍,,,https://iiif.dl.itc.u-tokyo.ac.jp/repo/iiif/3198c7b9-44da-4233-5618-e58c2768302d/manifest,,,,,37
吉原細見記,鴎G26:246,ヨシワラ サイケンキ,"さいけん,細見記 : 明治元年",不明,玉屋山三郎,1868,慶応4,1冊,,17.1×11.4cm,"書名は序による|版心の書名: さいけん|題簽の書名: 細見記 明治元年|印記: 「鷗外藏書」「荒木文庫」|後補の表紙, 書入れの題簽あり|シミあり|虫損(裏打ち補修)あり",日本語,和古書,鴎外文庫,http://tify.sub.uni-goettingen.de/demo.html?manifest=https://archdataset.dl.itc.u-tokyo.ac.jp/manifest/bc50ef23-1e02-54b9-7966-eacd33da585c.json,bc50ef23-1e02-54b9-7966-eacd33da585c,https://iiif.dl.itc.u-tokyo.ac.jp/repo/s/koten,https://iiif.dl.itc.u-tokyo.ac.jp/repo/s/koten/document/bc50ef23-1e02-54b9-7966-eacd33da585c,https://www.lib.u-tokyo.ac.jp/ja/library/contents/archives-top/reuse,https://iiif.dl.itc.u-tokyo.ac.jp/repo/files/medium/d45d29d0be78bbc778447558d7b4a23cc8e568e4.jpg,https://iiif.dl.itc.u-tokyo.ac.jp/repo/api/items/1168697,"東京大学総合図書館 General Library, The University of Tokyo, JAPAN",http://iiif.io/api/presentation/2#rightToLeftDirection,,総合図書館所蔵古典籍,,,https://iiif.dl.itc.u-tokyo.ac.jp/repo/iiif/bc50ef23-1e02-54b9-7966-eacd33da585c/manifest,,,,,46
物産會品目,A40:45,ブッサンカイ ヒンモク,,[書写者不明],[書写者不明],不明,[書写年不明],1冊,写本,17×23cm,書名は題簽による|『寳暦明和年間物産會目録類』之一|印記: 「男爵田中美津男氏寄贈先代田中芳男男旧藏書」,日本語,和古書,田中芳男文庫,http://tify.sub.uni-goettingen.de/demo.html?manifest=https://archdataset.dl.itc.u-tokyo.ac.jp/manifest/eccd9915-68ba-9ff1-5ea7-e09091ea8864.json,eccd9915-68ba-9ff1-5ea7-e09091ea8864,https://iiif.dl.itc.u-tokyo.ac.jp/repo/s/koten,https://iiif.dl.itc.u-tokyo.ac.jp/repo/s/koten/document/eccd9915-68ba-9ff1-5ea7-e09091ea8864,https://www.lib.u-tokyo.ac.jp/ja/library/contents/archives-top/reuse,https://iiif.dl.itc.u-tokyo.ac.jp/repo/files/medium/202076306be178c3cbb734198ae7c2ed89e09471.jpg,https://iiif.dl.itc.u-tokyo.ac.jp/repo/api/items/1168698,"東京大学総合図書館 General Library, The University of Tokyo, JAPAN",http://iiif.io/api/presentation/2#rightToLeftDirection,,総合図書館所蔵古典籍,,,https://iiif.dl.itc.u-tokyo.ac.jp/repo/iiif/eccd9915-68ba-9ff1-5ea7-e09091ea8864/manifest,,,,,46
三都物産會,A40:45,サント ブッサンカイ,寳暦明和年間物産會目録類,[書写者不明],[書写者不明],不明,[書写年不明],1冊,写本,22×16cm,書名は題簽による|『寳暦明和年間物産會目録類』之一|印記: 「男爵田中美津男氏寄贈先代田中芳男男旧藏書」,日本語,和古書,田中芳男文庫,http://tify.sub.uni-goettingen.de/demo.html?manifest=https://archdataset.dl.itc.u-tokyo.ac.jp/manifest/dbfb9dad-0969-5742-4095-0704e4f30b93.json,dbfb9dad-0969-5742-4095-0704e4f30b93,https://iiif.dl.itc.u-tokyo.ac.jp/repo/s/koten,https://iiif.dl.itc.u-tokyo.ac.jp/repo/s/koten/document/dbfb9dad-0969-5742-4095-0704e4f30b93,https://www.lib.u-tokyo.ac.jp/ja/library/contents/archives-top/reuse,https://iiif.dl.itc.u-tokyo.ac.jp/repo/files/medium/5eac4ea7af939335ddcf02715e1955bb6ae73d9c.jpg,https://iiif.dl.itc.u-tokyo.ac.jp/repo/api/items/1168699,"東京大学総合図書館 General Library, The University of Tokyo, JAPAN",http://iiif.io/api/presentation/2#rightToLeftDirection,,総合図書館所蔵古典籍,,,https://iiif.dl.itc.u-tokyo.ac.jp/repo/iiif/dbfb9dad-0969-5742-4095-0704e4f30b93/manifest,,,,,59
遠碧軒記分類抄 [巻之3],A90:1190,エンペキケンキ ブンルイショウ,"遠碧軒隨筆 : 初集, 遠碧軒記",黒川 道祐,[書写者不明],1852,嘉永5,6巻(存4巻),写本,28cm,"題簽の書名: 遠碧軒隨筆 : 初集|巻之1-2を欠く|原奥書に「此遠碧軒二冊黒川静菴道祐隨筆也一日某授之於余而其書多巻繁難以不能皆悉書冩故取要抄書且分類備捷覧者也 于時寳暦第六丙子暦?賓 藤印」「右黒川道祐隨筆(黒川者雍州府志之撰者也)以難波宗建郷自筆本写之(朱書亦同郷考)今無類書可珍藏焉 朱印」とあり|奥書に「遠碧軒隨筆 前後七巻 東都大窪氏培遠堂藏書 嘉永五壬子閏二月後日冩」とあり|印記: 「(鼎)」,「管譜藏之」,「培遠堂」,「大窪氏」,「培考」,「南葵文庫」|朱筆書き入れあり",日本語,和古書,南葵文庫,http://tify.sub.uni-goettingen.de/demo.html?manifest=https://archdataset.dl.itc.u-tokyo.ac.jp/manifest/67bb0e6d-61b3-4341-263f-cf870f5f196a.json,67bb0e6d-61b3-4341-263f-cf870f5f196a,https://iiif.dl.itc.u-tokyo.ac.jp/repo/s/koten,https://iiif.dl.itc.u-tokyo.ac.jp/repo/s/koten/document/67bb0e6d-61b3-4341-263f-cf870f5f196a,https://www.lib.u-tokyo.ac.jp/ja/library/contents/archives-top/reuse,https://iiif.dl.itc.u-tokyo.ac.jp/repo/files/medium/10f6010a8373ee1d193bf92c7828390649bc61f7.jpg,https://iiif.dl.itc.u-tokyo.ac.jp/repo/api/items/1168700,"東京大学総合図書館 General Library, The University of Tokyo, JAPAN",http://iiif.io/api/presentation/2#rightToLeftDirection,,総合図書館所蔵古典籍,,,https://iiif.dl.itc.u-tokyo.ac.jp/repo/iiif/67bb0e6d-61b3-4341-263f-cf870f5f196a/manifest,,,,,53
遠碧軒記分類抄 巻之4,A90:1190,エンペキケンキ ブンルイショウ,"遠碧軒隨筆 : 初集, 遠碧軒記",黒川 道祐,[書写者不明],1852,嘉永5,6巻(存4巻),写本,28cm,"題簽の書名: 遠碧軒隨筆 : 初集|巻之1-2を欠く|原奥書に「此遠碧軒二冊黒川静菴道祐隨筆也一日某授之於余而其書多巻繁難以不能皆悉書冩故取要抄書且分類備捷覧者也 于時寳暦第六丙子暦?賓 藤印」「右黒川道祐隨筆(黒川者雍州府志之撰者也)以難波宗建郷自筆本写之(朱書亦同郷考)今無類書可珍藏焉 朱印」とあり|奥書に「遠碧軒隨筆 前後七巻 東都大窪氏培遠堂藏書 嘉永五壬子閏二月後日冩」とあり|印記: 「(鼎)」,「管譜藏之」,「培遠堂」,「大窪氏」,「培考」,「南葵文庫」|朱筆書き入れあり",日本語,和古書,南葵文庫,http://tify.sub.uni-goettingen.de/demo.html?manifest=https://archdataset.dl.itc.u-tokyo.ac.jp/manifest/ed195a50-9f88-8738-0c45-c2f2b43699cc.json,ed195a50-9f88-8738-0c45-c2f2b43699cc,https://iiif.dl.itc.u-tokyo.ac.jp/repo/s/koten,https://iiif.dl.itc.u-tokyo.ac.jp/repo/s/koten/document/ed195a50-9f88-8738-0c45-c2f2b43699cc,https://www.lib.u-tokyo.ac.jp/ja/library/contents/archives-top/reuse,https://iiif.dl.itc.u-tokyo.ac.jp/repo/files/medium/6694af4b3407b1b21f7a54687c70545158102c0e.jpg,https://iiif.dl.itc.u-tokyo.ac.jp/repo/api/items/1168701,"東京大学総合図書館 General Library, The University of Tokyo, JAPAN",http://iiif.io/api/presentation/2#rightToLeftDirection,,総合図書館所蔵古典籍,,,https://iiif.dl.itc.u-tokyo.ac.jp/repo/iiif/ed195a50-9f88-8738-0c45-c2f2b43699cc/manifest,,,,,43
遠碧軒記分類抄 巻之5,A90:1190,エンペキケンキ ブンルイショウ,"遠碧軒隨筆 : 初集, 遠碧軒記",黒川 道祐,[書写者不明],1852,嘉永5,6巻(存4巻),写本,28cm,"題簽の書名: 遠碧軒隨筆 : 初集|巻之1-2を欠く|原奥書に「此遠碧軒二冊黒川静菴道祐隨筆也一日某授之於余而其書多巻繁難以不能皆悉書冩故取要抄書且分類備捷覧者也 于時寳暦第六丙子暦?賓 藤印」「右黒川道祐隨筆(黒川者雍州府志之撰者也)以難波宗建郷自筆本写之(朱書亦同郷考)今無類書可珍藏焉 朱印」とあり|奥書に「遠碧軒隨筆 前後七巻 東都大窪氏培遠堂藏書 嘉永五壬子閏二月後日冩」とあり|印記: 「(鼎)」,「管譜藏之」,「培遠堂」,「大窪氏」,「培考」,「南葵文庫」|朱筆書き入れあり",日本語,和古書,南葵文庫,http://tify.sub.uni-goettingen.de/demo.html?manifest=https://archdataset.dl.itc.u-tokyo.ac.jp/manifest/dd9de48c-416e-89b8-a6f9-e3438c8da018.json,dd9de48c-416e-89b8-a6f9-e3438c8da018,https://iiif.dl.itc.u-tokyo.ac.jp/repo/s/koten,https://iiif.dl.itc.u-tokyo.ac.jp/repo/s/koten/document/dd9de48c-416e-89b8-a6f9-e3438c8da018,https://www.lib.u-tokyo.ac.jp/ja/library/contents/archives-top/reuse,https://iiif.dl.itc.u-tokyo.ac.jp/repo/files/medium/22f9495fa1d7101b400df85890305458caceded9.jpg,https://iiif.dl.itc.u-tokyo.ac.jp/repo/api/items/1168702,"東京大学総合図書館 General Library, The University of Tokyo, JAPAN",http://iiif.io/api/presentation/2#rightToLeftDirection,,総合図書館所蔵古典籍,,,https://iiif.dl.itc.u-tokyo.ac.jp/repo/iiif/dd9de48c-416e-89b8-a6f9-e3438c8da018/manifest,,,,,55
遠碧軒記分類抄 巻之6,A90:1190,エンペキケンキ ブンルイショウ,"遠碧軒隨筆 : 初集, 遠碧軒記",黒川 道祐,[書写者不明],1852,嘉永5,6巻(存4巻),写本,28cm,"題簽の書名: 遠碧軒隨筆 : 初集|巻之1-2を欠く|原奥書に「此遠碧軒二冊黒川静菴道祐隨筆也一日某授之於余而其書多巻繁難以不能皆悉書冩故取要抄書且分類備捷覧者也 于時寳暦第六丙子暦?賓 藤印」「右黒川道祐隨筆(黒川者雍州府志之撰者也)以難波宗建郷自筆本写之(朱書亦同郷考)今無類書可珍藏焉 朱印」とあり|奥書に「遠碧軒隨筆 前後七巻 東都大窪氏培遠堂藏書 嘉永五壬子閏二月後日冩」とあり|印記: 「(鼎)」,「管譜藏之」,「培遠堂」,「大窪氏」,「培考」,「南葵文庫」|朱筆書き入れあり",日本語,和古書,南葵文庫,http://tify.sub.uni-goettingen.de/demo.html?manifest=https://archdataset.dl.itc.u-tokyo.ac.jp/manifest/99b9db1a-5f30-a48c-54e6-0a19fb475e16.json,99b9db1a-5f30-a48c-54e6-0a19fb475e16,https://iiif.dl.itc.u-tokyo.ac.jp/repo/s/koten,https://iiif.dl.itc.u-tokyo.ac.jp/repo/s/koten/document/99b9db1a-5f30-a48c-54e6-0a19fb475e16,https://www.lib.u-tokyo.ac.jp/ja/library/contents/archives-top/reuse,https://iiif.dl.itc.u-tokyo.ac.jp/repo/files/medium/61bc656fc06401e152c3eff2fd56750dcc527c32.jpg,https://iiif.dl.itc.u-tokyo.ac.jp/repo/api/items/1168703,"東京大学総合図書館 General Library, The University of Tokyo, JAPAN",http://iiif.io/api/presentation/2#rightToLeftDirection,,総合図書館所蔵古典籍,,,https://iiif.dl.itc.u-tokyo.ac.jp/repo/iiif/99b9db1a-5f30-a48c-54e6-0a19fb475e16/manifest,,,,,34
耳嚢 卷之上[本],A90:1485,ミミブクロ,續耳嚢,根岸 鎮衛,[書写者不明],不明,[書写年不明],2巻4冊,写本,26cm,表紙の書名: 續耳嚢,日本語,和古書,,http://tify.sub.uni-goettingen.de/demo.html?manifest=https://archdataset.dl.itc.u-tokyo.ac.jp/manifest/b1b3d1f0-5490-830a-884b-5c6596a4a653.json,b1b3d1f0-5490-830a-884b-5c6596a4a653,https://iiif.dl.itc.u-tokyo.ac.jp/repo/s/koten,https://iiif.dl.itc.u-tokyo.ac.jp/repo/s/koten/document/b1b3d1f0-5490-830a-884b-5c6596a4a653,https://www.lib.u-tokyo.ac.jp/ja/library/contents/archives-top/reuse,https://iiif.dl.itc.u-tokyo.ac.jp/repo/files/medium/737dee9ac1d1fdaa4aa776908d2e2c0d2afc6065.jpg,https://iiif.dl.itc.u-tokyo.ac.jp/repo/api/items/1168704,"東京大学総合図書館 General Library, The University of Tokyo, JAPAN",http://iiif.io/api/presentation/2#rightToLeftDirection,,総合図書館所蔵古典籍,,,https://iiif.dl.itc.u-tokyo.ac.jp/repo/iiif/b1b3d1f0-5490-830a-884b-5c6596a4a653/manifest,,,,,52
耳嚢 卷之上[末],A90:1485,ミミブクロ,續耳嚢,根岸 鎮衛,[書写者不明],不明,[書写年不明],2巻4冊,写本,26cm,表紙の書名: 續耳嚢,日本語,和古書,,http://tify.sub.uni-goettingen.de/demo.html?manifest=https://archdataset.dl.itc.u-tokyo.ac.jp/manifest/64804f86-7613-3fc8-6923-edc4bc902283.json,64804f86-7613-3fc8-6923-edc4bc902283,https://iiif.dl.itc.u-tokyo.ac.jp/repo/s/koten,https://iiif.dl.itc.u-tokyo.ac.jp/repo/s/koten/document/64804f86-7613-3fc8-6923-edc4bc902283,https://www.lib.u-tokyo.ac.jp/ja/library/contents/archives-top/reuse,https://iiif.dl.itc.u-tokyo.ac.jp/repo/files/medium/ea5fc89e7f6712899d3187a9e83fb585032589da.jpg,https://iiif.dl.itc.u-tokyo.ac.jp/repo/api/items/1168705,"東京大学総合図書館 General Library, The University of Tokyo, JAPAN",http://iiif.io/api/presentation/2#rightToLeftDirection,,総合図書館所蔵古典籍,,,https://iiif.dl.itc.u-tokyo.ac.jp/repo/iiif/64804f86-7613-3fc8-6923-edc4bc902283/manifest,,,,,41
耳嚢 卷之下[本],A90:1485,ミミブクロ,續耳嚢,根岸 鎮衛,[書写者不明],不明,[書写年不明],2巻4冊,写本,26cm,表紙の書名: 續耳嚢,日本語,和古書,,http://tify.sub.uni-goettingen.de/demo.html?manifest=https://archdataset.dl.itc.u-tokyo.ac.jp/manifest/c5a63dc0-6e5d-21cb-173b-03cbea1f6c95.json,c5a63dc0-6e5d-21cb-173b-03cbea1f6c95,https://iiif.dl.itc.u-tokyo.ac.jp/repo/s/koten,https://iiif.dl.itc.u-tokyo.ac.jp/repo/s/koten/document/c5a63dc0-6e5d-21cb-173b-03cbea1f6c95,https://www.lib.u-tokyo.ac.jp/ja/library/contents/archives-top/reuse,https://iiif.dl.itc.u-tokyo.ac.jp/repo/files/medium/0859cc9403dac67ff3f30ff8a4bff997b964ade0.jpg,https://iiif.dl.itc.u-tokyo.ac.jp/repo/api/items/1168706,"東京大学総合図書館 General Library, The University of Tokyo, JAPAN",http://iiif.io/api/presentation/2#rightToLeftDirection,,総合図書館所蔵古典籍,,,https://iiif.dl.itc.u-tokyo.ac.jp/repo/iiif/c5a63dc0-6e5d-21cb-173b-03cbea1f6c95/manifest,,,,,60
耳嚢 卷之下[末],A90:1485,ミミブクロ,續耳嚢,根岸 鎮衛,[書写者不明],不明,[書写年不明],2巻4冊,写本,26cm,表紙の書名: 續耳嚢,日本語,和古書,,http://tify.sub.uni-goettingen.de/demo.html?manifest=https://archdataset.dl.itc.u-tokyo.ac.jp/manifest/b2b1ab19-8f69-05c1-6011-abce2462688d.json,b2b1ab19-8f69-05c1-6011-abce2462688d,https://iiif.dl.itc.u-tokyo.ac.jp/repo/s/koten,https://iiif.dl.itc.u-tokyo.ac.jp/repo/s/koten/document/b2b1ab19-8f69-05c1-6011-abce2462688d,https://www.lib.u-tokyo.ac.jp/ja/library/contents/archives-top/reuse,https://iiif.dl.itc.u-tokyo.ac.jp/repo/files/medium/1a89f4a356f55ee91f1ed178b8108d310b50062e.jpg,https://iiif.dl.itc.u-tokyo.ac.jp/repo/api/items/1168707,"東京大学総合図書館 General Library, The University of Tokyo, JAPAN",http://iiif.io/api/presentation/2#rightToLeftDirection,,総合図書館所蔵古典籍,,,https://iiif.dl.itc.u-tokyo.ac.jp/repo/iiif/b2b1ab19-8f69-05c1-6011-abce2462688d/manifest,,,,,39
新刻増補出像夢解全書 3巻,B30:34,シンコク ゾウホ シュツゾウ ムカイ ゼンショ,"夢觧全書, 新刻増補出像夢機真鏡, 新刻増像夢觧全書",雲間子,五雲舘,不明,[萬暦崇禎間],3巻1冊,,23cm,"巻之2の巻頭の書名: 新刻増補出像夢機真鏡|巻之3の巻頭の書名: 新刻増像夢觧全書|封面の書名: 夢觧 / 版心の書名: 夢觧全書|題簽(墨書)の書名: 梦觧全書|封面に「四知舘較刊」とあり|頭書あり|印記: 「文經武緯」,「渡部文庫珍藏書印」|虫損あり",中国語,漢籍,渡部文庫,http://tify.sub.uni-goettingen.de/demo.html?manifest=https://archdataset.dl.itc.u-tokyo.ac.jp/manifest/f86c36f4-9d32-9183-6178-bfcc35f1589d.json,f86c36f4-9d32-9183-6178-bfcc35f1589d,https://iiif.dl.itc.u-tokyo.ac.jp/repo/s/koten,https://iiif.dl.itc.u-tokyo.ac.jp/repo/s/koten/document/f86c36f4-9d32-9183-6178-bfcc35f1589d,https://www.lib.u-tokyo.ac.jp/ja/library/contents/archives-top/reuse,https://iiif.dl.itc.u-tokyo.ac.jp/repo/files/medium/7af240cad4eb6ecc239dfca579eb43c6485cdef2.jpg,https://iiif.dl.itc.u-tokyo.ac.jp/repo/api/items/1168708,"東京大学総合図書館 General Library, The University of Tokyo, JAPAN",http://iiif.io/api/presentation/2#rightToLeftDirection,,総合図書館所蔵古典籍,,,https://iiif.dl.itc.u-tokyo.ac.jp/repo/iiif/f86c36f4-9d32-9183-6178-bfcc35f1589d/manifest,,,,,67
春秋左傳 卷之1-2,B60:1996,シュンジュウ サデン,"春秋左傳杜林善本, 左傳",杜 預,書業堂,不明,[出版年不明],50巻,,25cm,"封面の書名: 春秋左傳杜林善本|版心の書名: 左傳|封面に「書業堂藏板」とあり|頭注あり|印記: 「紀伊國徳川氏圖書記」,「舊和歌山徳川氏藏」,「南葵文庫」",中国語,漢籍,南葵文庫,http://tify.sub.uni-goettingen.de/demo.html?manifest=https://archdataset.dl.itc.u-tokyo.ac.jp/manifest/3633af29-058d-5649-40b0-9fcad491a5c9.json,3633af29-058d-5649-40b0-9fcad491a5c9,https://iiif.dl.itc.u-tokyo.ac.jp/repo/s/koten,https://iiif.dl.itc.u-tokyo.ac.jp/repo/s/koten/document/3633af29-058d-5649-40b0-9fcad491a5c9,https://www.lib.u-tokyo.ac.jp/ja/library/contents/archives-top/reuse,https://iiif.dl.itc.u-tokyo.ac.jp/repo/files/medium/ebb124d5cca7e90032f748a44e4d170139f991e6.jpg,https://iiif.dl.itc.u-tokyo.ac.jp/repo/api/items/1168709,"東京大学総合図書館 General Library, The University of Tokyo, JAPAN",http://iiif.io/api/presentation/2#rightToLeftDirection,,総合図書館所蔵古典籍,,,https://iiif.dl.itc.u-tokyo.ac.jp/repo/iiif/3633af29-058d-5649-40b0-9fcad491a5c9/manifest,,,,,65
春秋左傳 卷之3-6,B60:1996,シュンジュウ サデン,"春秋左傳杜林善本, 左傳",杜 預,書業堂,不明,[出版年不明],50巻,,25cm,"封面の書名: 春秋左傳杜林善本|版心の書名: 左傳|封面に「書業堂藏板」とあり|頭注あり|印記: 「紀伊國徳川氏圖書記」,「舊和歌山徳川氏藏」,「南葵文庫」",中国語,漢籍,南葵文庫,http://tify.sub.uni-goettingen.de/demo.html?manifest=https://archdataset.dl.itc.u-tokyo.ac.jp/manifest/058e10f1-a598-89f5-0273-7ead8abd4e1c.json,058e10f1-a598-89f5-0273-7ead8abd4e1c,https://iiif.dl.itc.u-tokyo.ac.jp/repo/s/koten,https://iiif.dl.itc.u-tokyo.ac.jp/repo/s/koten/document/058e10f1-a598-89f5-0273-7ead8abd4e1c,https://www.lib.u-tokyo.ac.jp/ja/library/contents/archives-top/reuse,https://iiif.dl.itc.u-tokyo.ac.jp/repo/files/medium/be018250924eb0820f3b88d807c4ed0f102b6599.jpg,https://iiif.dl.itc.u-tokyo.ac.jp/repo/api/items/1168710,"東京大学総合図書館 General Library, The University of Tokyo, JAPAN",http://iiif.io/api/presentation/2#rightToLeftDirection,,総合図書館所蔵古典籍,,,https://iiif.dl.itc.u-tokyo.ac.jp/repo/iiif/058e10f1-a598-89f5-0273-7ead8abd4e1c/manifest,,,,,65
春秋左傳 卷之7-9,B60:1996,シュンジュウ サデン,"春秋左傳杜林善本, 左傳",杜 預,書業堂,不明,[出版年不明],50巻,,25cm,"封面の書名: 春秋左傳杜林善本|版心の書名: 左傳|封面に「書業堂藏板」とあり|頭注あり|印記: 「紀伊國徳川氏圖書記」,「舊和歌山徳川氏藏」,「南葵文庫」",中国語,漢籍,南葵文庫,http://tify.sub.uni-goettingen.de/demo.html?manifest=https://archdataset.dl.itc.u-tokyo.ac.jp/manifest/1165555a-4298-1f0c-0630-9a78cf496fe9.json,1165555a-4298-1f0c-0630-9a78cf496fe9,https://iiif.dl.itc.u-tokyo.ac.jp/repo/s/koten,https://iiif.dl.itc.u-tokyo.ac.jp/repo/s/koten/document/1165555a-4298-1f0c-0630-9a78cf496fe9,https://www.lib.u-tokyo.ac.jp/ja/library/contents/archives-top/reuse,https://iiif.dl.itc.u-tokyo.ac.jp/repo/files/medium/72bc300ffc9c5ba2934f7ae1330ffab9054a5ca8.jpg,https://iiif.dl.itc.u-tokyo.ac.jp/repo/api/items/1168711,"東京大学総合図書館 General Library, The University of Tokyo, JAPAN",http://iiif.io/api/presentation/2#rightToLeftDirection,,総合図書館所蔵古典籍,,,https://iiif.dl.itc.u-tokyo.ac.jp/repo/iiif/1165555a-4298-1f0c-0630-9a78cf496fe9/manifest,,,,,46
春秋左傳 卷之10-12,B60:1996,シュンジュウ サデン,"春秋左傳杜林善本, 左傳",杜 預,書業堂,不明,[出版年不明],50巻,,25cm,"封面の書名: 春秋左傳杜林善本|版心の書名: 左傳|封面に「書業堂藏板」とあり|頭注あり|印記: 「紀伊國徳川氏圖書記」,「舊和歌山徳川氏藏」,「南葵文庫」",中国語,漢籍,南葵文庫,http://tify.sub.uni-goettingen.de/demo.html?manifest=https://archdataset.dl.itc.u-tokyo.ac.jp/manifest/ff3c421d-7ba7-52e5-7dd8-8526764624e2.json,ff3c421d-7ba7-52e5-7dd8-8526764624e2,https://iiif.dl.itc.u-tokyo.ac.jp/repo/s/koten,https://iiif.dl.itc.u-tokyo.ac.jp/repo/s/koten/document/ff3c421d-7ba7-52e5-7dd8-8526764624e2,https://www.lib.u-tokyo.ac.jp/ja/library/contents/archives-top/reuse,https://iiif.dl.itc.u-tokyo.ac.jp/repo/files/medium/2c63a0d28f00c03f5c31e2c7c921b1a11000a78e.jpg,https://iiif.dl.itc.u-tokyo.ac.jp/repo/api/items/1168712,"東京大学総合図書館 General Library, The University of Tokyo, JAPAN",http://iiif.io/api/presentation/2#rightToLeftDirection,,総合図書館所蔵古典籍,,,https://iiif.dl.itc.u-tokyo.ac.jp/repo/iiif/ff3c421d-7ba7-52e5-7dd8-8526764624e2/manifest,,,,,56
春秋左傳 卷之13-16,B60:1996,シュンジュウ サデン,"春秋左傳杜林善本, 左傳",杜 預,書業堂,不明,[出版年不明],50巻,,25cm,"封面の書名: 春秋左傳杜林善本|版心の書名: 左傳|封面に「書業堂藏板」とあり|頭注あり|印記: 「紀伊國徳川氏圖書記」,「舊和歌山徳川氏藏」,「南葵文庫」",中国語,漢籍,南葵文庫,http://tify.sub.uni-goettingen.de/demo.html?manifest=https://archdataset.dl.itc.u-tokyo.ac.jp/manifest/07511b79-34b3-a795-58c2-e87a773d81bf.json,07511b79-34b3-a795-58c2-e87a773d81bf,https://iiif.dl.itc.u-tokyo.ac.jp/repo/s/koten,https://iiif.dl.itc.u-tokyo.ac.jp/repo/s/koten/document/07511b79-34b3-a795-58c2-e87a773d81bf,https://www.lib.u-tokyo.ac.jp/ja/library/contents/archives-top/reuse,https://iiif.dl.itc.u-tokyo.ac.jp/repo/files/medium/7c6b8817f7f75f846ce82f0d2b64b9cba585b293.jpg,https://iiif.dl.itc.u-tokyo.ac.jp/repo/api/items/1168713,"東京大学総合図書館 General Library, The University of Tokyo, JAPAN",http://iiif.io/api/presentation/2#rightToLeftDirection,,総合図書館所蔵古典籍,,,https://iiif.dl.itc.u-tokyo.ac.jp/repo/iiif/07511b79-34b3-a795-58c2-e87a773d81bf/manifest,,,,,67
春秋左傳 卷之17-19,B60:1996,シュンジュウ サデン,"春秋左傳杜林善本, 左傳",杜 預,書業堂,不明,[出版年不明],50巻,,25cm,"封面の書名: 春秋左傳杜林善本|版心の書名: 左傳|封面に「書業堂藏板」とあり|頭注あり|印記: 「紀伊國徳川氏圖書記」,「舊和歌山徳川氏藏」,「南葵文庫」",中国語,漢籍,南葵文庫,http://tify.sub.uni-goettingen.de/demo.html?manifest=https://archdataset.dl.itc.u-tokyo.ac.jp/manifest/dc823ab8-0d95-8412-83ba-680dfd9409bb.json,dc823ab8-0d95-8412-83ba-680dfd9409bb,https://iiif.dl.itc.u-tokyo.ac.jp/repo/s/koten,https://iiif.dl.itc.u-tokyo.ac.jp/repo/s/koten/document/dc823ab8-0d95-8412-83ba-680dfd9409bb,https://www.lib.u-tokyo.ac.jp/ja/library/contents/archives-top/reuse,https://iiif.dl.itc.u-tokyo.ac.jp/repo/files/medium/e87fbe673a1a15cd23fd0d95230ca839bda41221.jpg,https://iiif.dl.itc.u-tokyo.ac.jp/repo/api/items/1168714,"東京大学総合図書館 General Library, The University of Tokyo, JAPAN",http://iiif.io/api/presentation/2#rightToLeftDirection,,総合図書館所蔵古典籍,,,https://iiif.dl.itc.u-tokyo.ac.jp/repo/iiif/dc823ab8-0d95-8412-83ba-680dfd9409bb/manifest,,,,,62
春秋左傳 卷之20-23,B60:1996,シュンジュウ サデン,"春秋左傳杜林善本, 左傳",杜 預,書業堂,不明,[出版年不明],50巻,,25cm,"封面の書名: 春秋左傳杜林善本|版心の書名: 左傳|封面に「書業堂藏板」とあり|頭注あり|印記: 「紀伊國徳川氏圖書記」,「舊和歌山徳川氏藏」,「南葵文庫」",中国語,漢籍,南葵文庫,http://tify.sub.uni-goettingen.de/demo.html?manifest=https://archdataset.dl.itc.u-tokyo.ac.jp/manifest/15b3347b-5be6-73c0-a38b-6f0e90037922.json,15b3347b-5be6-73c0-a38b-6f0e90037922,https://iiif.dl.itc.u-tokyo.ac.jp/repo/s/koten,https://iiif.dl.itc.u-tokyo.ac.jp/repo/s/koten/document/15b3347b-5be6-73c0-a38b-6f0e90037922,https://www.lib.u-tokyo.ac.jp/ja/library/contents/archives-top/reuse,https://iiif.dl.itc.u-tokyo.ac.jp/repo/files/medium/ea677d7073c1fe32371241f12c4c9646237ebbc8.jpg,https://iiif.dl.itc.u-tokyo.ac.jp/repo/api/items/1168715,"東京大学総合図書館 General Library, The University of Tokyo, JAPAN",http://iiif.io/api/presentation/2#rightToLeftDirection,,総合図書館所蔵古典籍,,,https://iiif.dl.itc.u-tokyo.ac.jp/repo/iiif/15b3347b-5be6-73c0-a38b-6f0e90037922/manifest,,,,,72
春秋左傳 卷之24-26,B60:1996,シュンジュウ サデン,"春秋左傳杜林善本, 左傳",杜 預,書業堂,不明,[出版年不明],50巻,,25cm,"封面の書名: 春秋左傳杜林善本|版心の書名: 左傳|封面に「書業堂藏板」とあり|頭注あり|印記: 「紀伊國徳川氏圖書記」,「舊和歌山徳川氏藏」,「南葵文庫」",中国語,漢籍,南葵文庫,http://tify.sub.uni-goettingen.de/demo.html?manifest=https://archdataset.dl.itc.u-tokyo.ac.jp/manifest/f4322cd9-1da1-3be8-0e54-94400870232d.json,f4322cd9-1da1-3be8-0e54-94400870232d,https://iiif.dl.itc.u-tokyo.ac.jp/repo/s/koten,https://iiif.dl.itc.u-tokyo.ac.jp/repo/s/koten/document/f4322cd9-1da1-3be8-0e54-94400870232d,https://www.lib.u-tokyo.ac.jp/ja/library/contents/archives-top/reuse,https://iiif.dl.itc.u-tokyo.ac.jp/repo/files/medium/5af17ca0cce79253b10f1e116c1ef6cf83fa5435.jpg,https://iiif.dl.itc.u-tokyo.ac.jp/repo/api/items/1168716,"東京大学総合図書館 General Library, The University of Tokyo, JAPAN",http://iiif.io/api/presentation/2#rightToLeftDirection,,総合図書館所蔵古典籍,,,https://iiif.dl.itc.u-tokyo.ac.jp/repo/iiif/f4322cd9-1da1-3be8-0e54-94400870232d/manifest,,,,,68
春秋左傳 卷之27-29,B60:1996,シュンジュウ サデン,"春秋左傳杜林善本, 左傳",杜 預,書業堂,不明,[出版年不明],50巻,,25cm,"封面の書名: 春秋左傳杜林善本|版心の書名: 左傳|封面に「書業堂藏板」とあり|頭注あり|印記: 「紀伊國徳川氏圖書記」,「舊和歌山徳川氏藏」,「南葵文庫」",中国語,漢籍,南葵文庫,http://tify.sub.uni-goettingen.de/demo.html?manifest=https://archdataset.dl.itc.u-tokyo.ac.jp/manifest/770c4ffe-4da0-44fc-72ea-95baa0ca8698.json,770c4ffe-4da0-44fc-72ea-95baa0ca8698,https://iiif.dl.itc.u-tokyo.ac.jp/repo/s/koten,https://iiif.dl.itc.u-tokyo.ac.jp/repo/s/koten/document/770c4ffe-4da0-44fc-72ea-95baa0ca8698,https://www.lib.u-tokyo.ac.jp/ja/library/contents/archives-top/reuse,https://iiif.dl.itc.u-tokyo.ac.jp/repo/files/medium/71579836f8cae8cc2288ef624a8c331bffbdbf60.jpg,https://iiif.dl.itc.u-tokyo.ac.jp/repo/api/items/1168717,"東京大学総合図書館 General Library, The University of Tokyo, JAPAN",http://iiif.io/api/presentation/2#rightToLeftDirection,,総合図書館所蔵古典籍,,,https://iiif.dl.itc.u-tokyo.ac.jp/repo/iiif/770c4ffe-4da0-44fc-72ea-95baa0ca8698/manifest,,,,,64
春秋左傳 卷之30-32,B60:1996,シュンジュウ サデン,"春秋左傳杜林善本, 左傳",杜 預,書業堂,不明,[出版年不明],50巻,,25cm,"封面の書名: 春秋左傳杜林善本|版心の書名: 左傳|封面に「書業堂藏板」とあり|頭注あり|印記: 「紀伊國徳川氏圖書記」,「舊和歌山徳川氏藏」,「南葵文庫」",中国語,漢籍,南葵文庫,http://tify.sub.uni-goettingen.de/demo.html?manifest=https://archdataset.dl.itc.u-tokyo.ac.jp/manifest/9a305a72-68dd-43e9-00f6-aaceac336d6a.json,9a305a72-68dd-43e9-00f6-aaceac336d6a,https://iiif.dl.itc.u-tokyo.ac.jp/repo/s/koten,https://iiif.dl.itc.u-tokyo.ac.jp/repo/s/koten/document/9a305a72-68dd-43e9-00f6-aaceac336d6a,https://www.lib.u-tokyo.ac.jp/ja/library/contents/archives-top/reuse,https://iiif.dl.itc.u-tokyo.ac.jp/repo/files/medium/9b5e099b088123a971c040451cff8e18265417a2.jpg,https://iiif.dl.itc.u-tokyo.ac.jp/repo/api/items/1168718,"東京大学総合図書館 General Library, The University of Tokyo, JAPAN",http://iiif.io/api/presentation/2#rightToLeftDirection,,総合図書館所蔵古典籍,,,https://iiif.dl.itc.u-tokyo.ac.jp/repo/iiif/9a305a72-68dd-43e9-00f6-aaceac336d6a/manifest,,,,,62
春秋左傳 卷之33-35,B60:1996,シュンジュウ サデン,"春秋左傳杜林善本, 左傳",杜 預,書業堂,不明,[出版年不明],50巻,,25cm,"封面の書名: 春秋左傳杜林善本|版心の書名: 左傳|封面に「書業堂藏板」とあり|頭注あり|印記: 「紀伊國徳川氏圖書記」,「舊和歌山徳川氏藏」,「南葵文庫」",中国語,漢籍,南葵文庫,http://tify.sub.uni-goettingen.de/demo.html?manifest=https://archdataset.dl.itc.u-tokyo.ac.jp/manifest/b40e8227-243f-3813-8473-f52ed65132c6.json,b40e8227-243f-3813-8473-f52ed65132c6,https://iiif.dl.itc.u-tokyo.ac.jp/repo/s/koten,https://iiif.dl.itc.u-tokyo.ac.jp/repo/s/koten/document/b40e8227-243f-3813-8473-f52ed65132c6,https://www.lib.u-tokyo.ac.jp/ja/library/contents/archives-top/reuse,https://iiif.dl.itc.u-tokyo.ac.jp/repo/files/medium/ec8c8cad86d05e86a78f9475c0721f2f955dbda9.jpg,https://iiif.dl.itc.u-tokyo.ac.jp/repo/api/items/1168719,"東京大学総合図書館 General Library, The University of Tokyo, JAPAN",http://iiif.io/api/presentation/2#rightToLeftDirection,,総合図書館所蔵古典籍,,,https://iiif.dl.itc.u-tokyo.ac.jp/repo/iiif/b40e8227-243f-3813-8473-f52ed65132c6/manifest,,,,,64
春秋左傳 卷之36-38,B60:1996,シュンジュウ サデン,"春秋左傳杜林善本, 左傳",杜 預,書業堂,不明,[出版年不明],50巻,,25cm,"封面の書名: 春秋左傳杜林善本|版心の書名: 左傳|封面に「書業堂藏板」とあり|頭注あり|印記: 「紀伊國徳川氏圖書記」,「舊和歌山徳川氏藏」,「南葵文庫」",中国語,漢籍,南葵文庫,http://tify.sub.uni-goettingen.de/demo.html?manifest=https://archdataset.dl.itc.u-tokyo.ac.jp/manifest/aa2dee9f-5a9b-0777-3b09-3560da97168b.json,aa2dee9f-5a9b-0777-3b09-3560da97168b,https://iiif.dl.itc.u-tokyo.ac.jp/repo/s/koten,https://iiif.dl.itc.u-tokyo.ac.jp/repo/s/koten/document/aa2dee9f-5a9b-0777-3b09-3560da97168b,https://www.lib.u-tokyo.ac.jp/ja/library/contents/archives-top/reuse,https://iiif.dl.itc.u-tokyo.ac.jp/repo/files/medium/ba40cb7c522780120a68e91910a2b4cc92a69bd5.jpg,https://iiif.dl.itc.u-tokyo.ac.jp/repo/api/items/1168720,"東京大学総合図書館 General Library, The University of Tokyo, JAPAN",http://iiif.io/api/presentation/2#rightToLeftDirection,,総合図書館所蔵古典籍,,,https://iiif.dl.itc.u-tokyo.ac.jp/repo/iiif/aa2dee9f-5a9b-0777-3b09-3560da97168b/manifest,,,,,67
春秋左傳 卷之39-41,B60:1996,シュンジュウ サデン,"春秋左傳杜林善本, 左傳",杜 預,書業堂,不明,[出版年不明],50巻,,25cm,"封面の書名: 春秋左傳杜林善本|版心の書名: 左傳|封面に「書業堂藏板」とあり|頭注あり|印記: 「紀伊國徳川氏圖書記」,「舊和歌山徳川氏藏」,「南葵文庫」",中国語,漢籍,南葵文庫,http://tify.sub.uni-goettingen.de/demo.html?manifest=https://archdataset.dl.itc.u-tokyo.ac.jp/manifest/a31eb22a-0c59-271a-9938-ff0351baa3df.json,a31eb22a-0c59-271a-9938-ff0351baa3df,https://iiif.dl.itc.u-tokyo.ac.jp/repo/s/koten,https://iiif.dl.itc.u-tokyo.ac.jp/repo/s/koten/document/a31eb22a-0c59-271a-9938-ff0351baa3df,https://www.lib.u-tokyo.ac.jp/ja/library/contents/archives-top/reuse,https://iiif.dl.itc.u-tokyo.ac.jp/repo/files/medium/7074d3c022727064cef6d063dc01d8f42c313459.jpg,https://iiif.dl.itc.u-tokyo.ac.jp/repo/api/items/1168721,"東京大学総合図書館 General Library, The University of Tokyo, JAPAN",http://iiif.io/api/presentation/2#rightToLeftDirection,,総合図書館所蔵古典籍,,,https://iiif.dl.itc.u-tokyo.ac.jp/repo/iiif/a31eb22a-0c59-271a-9938-ff0351baa3df/manifest,,,,,69
春秋左傳 卷之42-44,B60:1996,シュンジュウ サデン,"春秋左傳杜林善本, 左傳",杜 預,書業堂,不明,[出版年不明],50巻,,25cm,"封面の書名: 春秋左傳杜林善本|版心の書名: 左傳|封面に「書業堂藏板」とあり|頭注あり|印記: 「紀伊國徳川氏圖書記」,「舊和歌山徳川氏藏」,「南葵文庫」",中国語,漢籍,南葵文庫,http://tify.sub.uni-goettingen.de/demo.html?manifest=https://archdataset.dl.itc.u-tokyo.ac.jp/manifest/1f13d941-0de7-8143-31c9-a9887b516a92.json,1f13d941-0de7-8143-31c9-a9887b516a92,https://iiif.dl.itc.u-tokyo.ac.jp/repo/s/koten,https://iiif.dl.itc.u-tokyo.ac.jp/repo/s/koten/document/1f13d941-0de7-8143-31c9-a9887b516a92,https://www.lib.u-tokyo.ac.jp/ja/library/contents/archives-top/reuse,https://iiif.dl.itc.u-tokyo.ac.jp/repo/files/medium/98ffef529d1e29a6b808c8ccbc1025d1b3f859c2.jpg,https://iiif.dl.itc.u-tokyo.ac.jp/repo/api/items/1168722,"東京大学総合図書館 General Library, The University of Tokyo, JAPAN",http://iiif.io/api/presentation/2#rightToLeftDirection,,総合図書館所蔵古典籍,,,https://iiif.dl.itc.u-tokyo.ac.jp/repo/iiif/1f13d941-0de7-8143-31c9-a9887b516a92/manifest,,,,,55
春秋左傳 卷之45-47,B60:1996,シュンジュウ サデン,"春秋左傳杜林善本, 左傳",杜 預,書業堂,不明,[出版年不明],50巻,,25cm,"封面の書名: 春秋左傳杜林善本|版心の書名: 左傳|封面に「書業堂藏板」とあり|頭注あり|印記: 「紀伊國徳川氏圖書記」,「舊和歌山徳川氏藏」,「南葵文庫」",中国語,漢籍,南葵文庫,http://tify.sub.uni-goettingen.de/demo.html?manifest=https://archdataset.dl.itc.u-tokyo.ac.jp/manifest/169f93b7-2e8b-a6fc-3f32-324b53e4048e.json,169f93b7-2e8b-a6fc-3f32-324b53e4048e,https://iiif.dl.itc.u-tokyo.ac.jp/repo/s/koten,https://iiif.dl.itc.u-tokyo.ac.jp/repo/s/koten/document/169f93b7-2e8b-a6fc-3f32-324b53e4048e,https://www.lib.u-tokyo.ac.jp/ja/library/contents/archives-top/reuse,https://iiif.dl.itc.u-tokyo.ac.jp/repo/files/medium/5afc7dccec2c7cf7c088a0f595ebea5ff42c7eae.jpg,https://iiif.dl.itc.u-tokyo.ac.jp/repo/api/items/1168723,"東京大学総合図書館 General Library, The University of Tokyo, JAPAN",http://iiif.io/api/presentation/2#rightToLeftDirection,,総合図書館所蔵古典籍,,,https://iiif.dl.itc.u-tokyo.ac.jp/repo/iiif/169f93b7-2e8b-a6fc-3f32-324b53e4048e/manifest,,,,,53
春秋左傳 卷之48-50,B60:1996,シュンジュウ サデン,"春秋左傳杜林善本, 左傳",杜 預,書業堂,不明,[出版年不明],50巻,,25cm,"封面の書名: 春秋左傳杜林善本|版心の書名: 左傳|封面に「書業堂藏板」とあり|頭注あり|印記: 「紀伊國徳川氏圖書記」,「舊和歌山徳川氏藏」,「南葵文庫」",中国語,漢籍,南葵文庫,http://tify.sub.uni-goettingen.de/demo.html?manifest=https://archdataset.dl.itc.u-tokyo.ac.jp/manifest/2725e398-14bb-01e1-296f-5b9191080a57.json,2725e398-14bb-01e1-296f-5b9191080a57,https://iiif.dl.itc.u-tokyo.ac.jp/repo/s/koten,https://iiif.dl.itc.u-tokyo.ac.jp/repo/s/koten/document/2725e398-14bb-01e1-296f-5b9191080a57,https://www.lib.u-tokyo.ac.jp/ja/library/contents/archives-top/reuse,https://iiif.dl.itc.u-tokyo.ac.jp/repo/files/medium/89b1281b24167654e2eca4c48084fb8d0b180f55.jpg,https://iiif.dl.itc.u-tokyo.ac.jp/repo/api/items/1168724,"東京大学総合図書館 General Library, The University of Tokyo, JAPAN",http://iiif.io/api/presentation/2#rightToLeftDirection,,総合図書館所蔵古典籍,,,https://iiif.dl.itc.u-tokyo.ac.jp/repo/iiif/2725e398-14bb-01e1-296f-5b9191080a57/manifest,,,,,57
鐫温陵鄭孩如観静窩四書知新日録 巻之1,B60:2051,セン オンリョウ テイ ガイジョ カンセイカ シショ チシン ニチロク,四書知新日録,鄭 維岳,余彰徳,1594,[萬暦22] 序,6巻10冊,,28×17cm,"卷之2,5の巻頭の書名: 新鐫孩如鄭先生觀静窩四書知新日録|卷之3-4の巻頭の書名: 新鐫温陵鄭孩如觀静窩四書知新日録|卷之6の巻頭の書名: 新鐫觀靜窩四書知新日録|卷之1の巻尾の書名: 觀静窩知新日録|卷之3の巻尾の書名: 新鍥温陵鄭孩如觀静窩四書知新日録|卷之6の巻尾の書名: 新鍥温陵鄭孩如静觀窩四書知新日録|序及び題簽(墨書)の書名: 四書知新日録|甲午序|巻頭に「潭城泗泉以誠甫余彰徳梓」とあり|頭注あり|卷之1: 大學. 卷之2: 中庸. 卷之3: 上論. 卷之4: 下論. 卷之2: 上孟. 卷之2: 下孟|落丁あり|印記: 「舊和歌山徳川氏藏」,「南葵文庫」",中国語,漢籍,南葵文庫,http://tify.sub.uni-goettingen.de/demo.html?manifest=https://archdataset.dl.itc.u-tokyo.ac.jp/manifest/fa8767de-8237-5d15-1d29-688dbb024a01.json,fa8767de-8237-5d15-1d29-688dbb024a01,https://iiif.dl.itc.u-tokyo.ac.jp/repo/s/koten,https://iiif.dl.itc.u-tokyo.ac.jp/repo/s/koten/document/fa8767de-8237-5d15-1d29-688dbb024a01,https://www.lib.u-tokyo.ac.jp/ja/library/contents/archives-top/reuse,https://iiif.dl.itc.u-tokyo.ac.jp/repo/files/medium/52f91d5509225be7d6a185e12c5268e7324d29bb.jpg,https://iiif.dl.itc.u-tokyo.ac.jp/repo/api/items/1168725,"東京大学総合図書館 General Library, The University of Tokyo, JAPAN",http://iiif.io/api/presentation/2#rightToLeftDirection,,総合図書館所蔵古典籍,,,https://iiif.dl.itc.u-tokyo.ac.jp/repo/iiif/fa8767de-8237-5d15-1d29-688dbb024a01/manifest,,,,,71
鐫温陵鄭孩如観静窩四書知新日録 巻之2 上,B60:2051,セン オンリョウ テイ ガイジョ カンセイカ シショ チシン ニチロク,四書知新日録,鄭 維岳,余彰徳,1594,[萬暦22] 序,6巻10冊,,28×17cm,"卷之2,5の巻頭の書名: 新鐫孩如鄭先生觀静窩四書知新日録|卷之3-4の巻頭の書名: 新鐫温陵鄭孩如觀静窩四書知新日録|卷之6の巻頭の書名: 新鐫觀靜窩四書知新日録|卷之1の巻尾の書名: 觀静窩知新日録|卷之3の巻尾の書名: 新鍥温陵鄭孩如觀静窩四書知新日録|卷之6の巻尾の書名: 新鍥温陵鄭孩如静觀窩四書知新日録|序及び題簽(墨書)の書名: 四書知新日録|甲午序|巻頭に「潭城泗泉以誠甫余彰徳梓」とあり|頭注あり|卷之1: 大學. 卷之2: 中庸. 卷之3: 上論. 卷之4: 下論. 卷之2: 上孟. 卷之2: 下孟|落丁あり|印記: 「舊和歌山徳川氏藏」,「南葵文庫」",中国語,漢籍,南葵文庫,http://tify.sub.uni-goettingen.de/demo.html?manifest=https://archdataset.dl.itc.u-tokyo.ac.jp/manifest/91e21f4c-5729-3d2a-3080-b1dbdfbe211e.json,91e21f4c-5729-3d2a-3080-b1dbdfbe211e,https://iiif.dl.itc.u-tokyo.ac.jp/repo/s/koten,https://iiif.dl.itc.u-tokyo.ac.jp/repo/s/koten/document/91e21f4c-5729-3d2a-3080-b1dbdfbe211e,https://www.lib.u-tokyo.ac.jp/ja/library/contents/archives-top/reuse,https://iiif.dl.itc.u-tokyo.ac.jp/repo/files/medium/751bdef9c62e5b16422e2be5aad49e8c107f7402.jpg,https://iiif.dl.itc.u-tokyo.ac.jp/repo/api/items/1168726,"東京大学総合図書館 General Library, The University of Tokyo, JAPAN",http://iiif.io/api/presentation/2#rightToLeftDirection,,総合図書館所蔵古典籍,,,https://iiif.dl.itc.u-tokyo.ac.jp/repo/iiif/91e21f4c-5729-3d2a-3080-b1dbdfbe211e/manifest,,,,,61
鐫温陵鄭孩如観静窩四書知新日録 巻之2 下,B60:2051,セン オンリョウ テイ ガイジョ カンセイカ シショ チシン ニチロク,四書知新日録,鄭 維岳,余彰徳,1594,[萬暦22] 序,6巻10冊,,28×17cm,"卷之2,5の巻頭の書名: 新鐫孩如鄭先生觀静窩四書知新日録|卷之3-4の巻頭の書名: 新鐫温陵鄭孩如觀静窩四書知新日録|卷之6の巻頭の書名: 新鐫觀靜窩四書知新日録|卷之1の巻尾の書名: 觀静窩知新日録|卷之3の巻尾の書名: 新鍥温陵鄭孩如觀静窩四書知新日録|卷之6の巻尾の書名: 新鍥温陵鄭孩如静觀窩四書知新日録|序及び題簽(墨書)の書名: 四書知新日録|甲午序|巻頭に「潭城泗泉以誠甫余彰徳梓」とあり|頭注あり|卷之1: 大學. 卷之2: 中庸. 卷之3: 上論. 卷之4: 下論. 卷之2: 上孟. 卷之2: 下孟|落丁あり|印記: 「舊和歌山徳川氏藏」,「南葵文庫」",中国語,漢籍,南葵文庫,http://tify.sub.uni-goettingen.de/demo.html?manifest=https://archdataset.dl.itc.u-tokyo.ac.jp/manifest/e734016a-8718-9334-54fb-131d8c3c202c.json,e734016a-8718-9334-54fb-131d8c3c202c,https://iiif.dl.itc.u-tokyo.ac.jp/repo/s/koten,https://iiif.dl.itc.u-tokyo.ac.jp/repo/s/koten/document/e734016a-8718-9334-54fb-131d8c3c202c,https://www.lib.u-tokyo.ac.jp/ja/library/contents/archives-top/reuse,https://iiif.dl.itc.u-tokyo.ac.jp/repo/files/medium/c13634413904ba47b5efa2e98336b8a139288160.jpg,https://iiif.dl.itc.u-tokyo.ac.jp/repo/api/items/1168727,"東京大学総合図書館 General Library, The University of Tokyo, JAPAN",http://iiif.io/api/presentation/2#rightToLeftDirection,,総合図書館所蔵古典籍,,,https://iiif.dl.itc.u-tokyo.ac.jp/repo/iiif/e734016a-8718-9334-54fb-131d8c3c202c/manifest,,,,,66
鐫温陵鄭孩如観静窩四書知新日録 巻之3 上,B60:2051,セン オンリョウ テイ ガイジョ カンセイカ シショ チシン ニチロク,四書知新日録,鄭 維岳,余彰徳,1594,[萬暦22] 序,6巻10冊,,28×17cm,"卷之2,5の巻頭の書名: 新鐫孩如鄭先生觀静窩四書知新日録|卷之3-4の巻頭の書名: 新鐫温陵鄭孩如觀静窩四書知新日録|卷之6の巻頭の書名: 新鐫觀靜窩四書知新日録|卷之1の巻尾の書名: 觀静窩知新日録|卷之3の巻尾の書名: 新鍥温陵鄭孩如觀静窩四書知新日録|卷之6の巻尾の書名: 新鍥温陵鄭孩如静觀窩四書知新日録|序及び題簽(墨書)の書名: 四書知新日録|甲午序|巻頭に「潭城泗泉以誠甫余彰徳梓」とあり|頭注あり|卷之1: 大學. 卷之2: 中庸. 卷之3: 上論. 卷之4: 下論. 卷之2: 上孟. 卷之2: 下孟|落丁あり|印記: 「舊和歌山徳川氏藏」,「南葵文庫」",中国語,漢籍,南葵文庫,http://tify.sub.uni-goettingen.de/demo.html?manifest=https://archdataset.dl.itc.u-tokyo.ac.jp/manifest/2a895b68-3c07-a3b2-117a-a330d5582c8a.json,2a895b68-3c07-a3b2-117a-a330d5582c8a,https://iiif.dl.itc.u-tokyo.ac.jp/repo/s/koten,https://iiif.dl.itc.u-tokyo.ac.jp/repo/s/koten/document/2a895b68-3c07-a3b2-117a-a330d5582c8a,https://www.lib.u-tokyo.ac.jp/ja/library/contents/archives-top/reuse,https://iiif.dl.itc.u-tokyo.ac.jp/repo/files/medium/d62c991e7c7b4b9aba961445191346f3d6d418f2.jpg,https://iiif.dl.itc.u-tokyo.ac.jp/repo/api/items/1168728,"東京大学総合図書館 General Library, The University of Tokyo, JAPAN",http://iiif.io/api/presentation/2#rightToLeftDirection,,総合図書館所蔵古典籍,,,https://iiif.dl.itc.u-tokyo.ac.jp/repo/iiif/2a895b68-3c07-a3b2-117a-a330d5582c8a/manifest,,,,,83
鐫温陵鄭孩如観静窩四書知新日録 巻之3 下,B60:2051,セン オンリョウ テイ ガイジョ カンセイカ シショ チシン ニチロク,四書知新日録,鄭 維岳,余彰徳,1594,[萬暦22] 序,6巻10冊,,28×17cm,"卷之2,5の巻頭の書名: 新鐫孩如鄭先生觀静窩四書知新日録|卷之3-4の巻頭の書名: 新鐫温陵鄭孩如觀静窩四書知新日録|卷之6の巻頭の書名: 新鐫觀靜窩四書知新日録|卷之1の巻尾の書名: 觀静窩知新日録|卷之3の巻尾の書名: 新鍥温陵鄭孩如觀静窩四書知新日録|卷之6の巻尾の書名: 新鍥温陵鄭孩如静觀窩四書知新日録|序及び題簽(墨書)の書名: 四書知新日録|甲午序|巻頭に「潭城泗泉以誠甫余彰徳梓」とあり|頭注あり|卷之1: 大學. 卷之2: 中庸. 卷之3: 上論. 卷之4: 下論. 卷之2: 上孟. 卷之2: 下孟|落丁あり|印記: 「舊和歌山徳川氏藏」,「南葵文庫」",中国語,漢籍,南葵文庫,http://tify.sub.uni-goettingen.de/demo.html?manifest=https://archdataset.dl.itc.u-tokyo.ac.jp/manifest/906a8414-6c47-4ee2-8142-33eac0b69066.json,906a8414-6c47-4ee2-8142-33eac0b69066,https://iiif.dl.itc.u-tokyo.ac.jp/repo/s/koten,https://iiif.dl.itc.u-tokyo.ac.jp/repo/s/koten/document/906a8414-6c47-4ee2-8142-33eac0b69066,https://www.lib.u-tokyo.ac.jp/ja/library/contents/archives-top/reuse,https://iiif.dl.itc.u-tokyo.ac.jp/repo/files/medium/a4a614910a06b5b3814e6f6d344c3d8a24734c9d.jpg,https://iiif.dl.itc.u-tokyo.ac.jp/repo/api/items/1168729,"東京大学総合図書館 General Library, The University of Tokyo, JAPAN",http://iiif.io/api/presentation/2#rightToLeftDirection,,総合図書館所蔵古典籍,,,https://iiif.dl.itc.u-tokyo.ac.jp/repo/iiif/906a8414-6c47-4ee2-8142-33eac0b69066/manifest,,,,,87
鐫温陵鄭孩如観静窩四書知新日録 巻之4 上,B60:2051,セン オンリョウ テイ ガイジョ カンセイカ シショ チシン ニチロク,四書知新日録,鄭 維岳,余彰徳,1594,[萬暦22] 序,6巻10冊,,28×17cm,"卷之2,5の巻頭の書名: 新鐫孩如鄭先生觀静窩四書知新日録|卷之3-4の巻頭の書名: 新鐫温陵鄭孩如觀静窩四書知新日録|卷之6の巻頭の書名: 新鐫觀靜窩四書知新日録|卷之1の巻尾の書名: 觀静窩知新日録|卷之3の巻尾の書名: 新鍥温陵鄭孩如觀静窩四書知新日録|卷之6の巻尾の書名: 新鍥温陵鄭孩如静觀窩四書知新日録|序及び題簽(墨書)の書名: 四書知新日録|甲午序|巻頭に「潭城泗泉以誠甫余彰徳梓」とあり|頭注あり|卷之1: 大學. 卷之2: 中庸. 卷之3: 上論. 卷之4: 下論. 卷之2: 上孟. 卷之2: 下孟|落丁あり|印記: 「舊和歌山徳川氏藏」,「南葵文庫」",中国語,漢籍,南葵文庫,http://tify.sub.uni-goettingen.de/demo.html?manifest=https://archdataset.dl.itc.u-tokyo.ac.jp/manifest/16e6ca6d-3724-89db-1fad-0b9b9ad232ec.json,16e6ca6d-3724-89db-1fad-0b9b9ad232ec,https://iiif.dl.itc.u-tokyo.ac.jp/repo/s/koten,https://iiif.dl.itc.u-tokyo.ac.jp/repo/s/koten/document/16e6ca6d-3724-89db-1fad-0b9b9ad232ec,https://www.lib.u-tokyo.ac.jp/ja/library/contents/archives-top/reuse,https://iiif.dl.itc.u-tokyo.ac.jp/repo/files/medium/17f8191757533811208e1622d49bb7d24036fd55.jpg,https://iiif.dl.itc.u-tokyo.ac.jp/repo/api/items/1168730,"東京大学総合図書館 General Library, The University of Tokyo, JAPAN",http://iiif.io/api/presentation/2#rightToLeftDirection,,総合図書館所蔵古典籍,,,https://iiif.dl.itc.u-tokyo.ac.jp/repo/iiif/16e6ca6d-3724-89db-1fad-0b9b9ad232ec/manifest,,,,,82
鐫温陵鄭孩如観静窩四書知新日録 巻之4 下,B60:2051,セン オンリョウ テイ ガイジョ カンセイカ シショ チシン ニチロク,四書知新日録,鄭 維岳,余彰徳,1594,[萬暦22] 序,6巻10冊,,28×17cm,"卷之2,5の巻頭の書名: 新鐫孩如鄭先生觀静窩四書知新日録|卷之3-4の巻頭の書名: 新鐫温陵鄭孩如觀静窩四書知新日録|卷之6の巻頭の書名: 新鐫觀靜窩四書知新日録|卷之1の巻尾の書名: 觀静窩知新日録|卷之3の巻尾の書名: 新鍥温陵鄭孩如觀静窩四書知新日録|卷之6の巻尾の書名: 新鍥温陵鄭孩如静觀窩四書知新日録|序及び題簽(墨書)の書名: 四書知新日録|甲午序|巻頭に「潭城泗泉以誠甫余彰徳梓」とあり|頭注あり|卷之1: 大學. 卷之2: 中庸. 卷之3: 上論. 卷之4: 下論. 卷之2: 上孟. 卷之2: 下孟|落丁あり|印記: 「舊和歌山徳川氏藏」,「南葵文庫」",中国語,漢籍,南葵文庫,http://tify.sub.uni-goettingen.de/demo.html?manifest=https://archdataset.dl.itc.u-tokyo.ac.jp/manifest/926c637f-4cbc-01a7-10da-06add6fd16c6.json,926c637f-4cbc-01a7-10da-06add6fd16c6,https://iiif.dl.itc.u-tokyo.ac.jp/repo/s/koten,https://iiif.dl.itc.u-tokyo.ac.jp/repo/s/koten/document/926c637f-4cbc-01a7-10da-06add6fd16c6,https://www.lib.u-tokyo.ac.jp/ja/library/contents/archives-top/reuse,https://iiif.dl.itc.u-tokyo.ac.jp/repo/files/medium/6f94378b54d30196a16db8441b05d25213418769.jpg,https://iiif.dl.itc.u-tokyo.ac.jp/repo/api/items/1168731,"東京大学総合図書館 General Library, The University of Tokyo, JAPAN",http://iiif.io/api/presentation/2#rightToLeftDirection,,総合図書館所蔵古典籍,,,https://iiif.dl.itc.u-tokyo.ac.jp/repo/iiif/926c637f-4cbc-01a7-10da-06add6fd16c6/manifest,,,,,58
鐫温陵鄭孩如観静窩四書知新日録 巻之5,B60:2051,セン オンリョウ テイ ガイジョ カンセイカ シショ チシン ニチロク,四書知新日録,鄭 維岳,余彰徳,1594,[萬暦22] 序,6巻10冊,,28×17cm,"卷之2,5の巻頭の書名: 新鐫孩如鄭先生觀静窩四書知新日録|卷之3-4の巻頭の書名: 新鐫温陵鄭孩如觀静窩四書知新日録|卷之6の巻頭の書名: 新鐫觀靜窩四書知新日録|卷之1の巻尾の書名: 觀静窩知新日録|卷之3の巻尾の書名: 新鍥温陵鄭孩如觀静窩四書知新日録|卷之6の巻尾の書名: 新鍥温陵鄭孩如静觀窩四書知新日録|序及び題簽(墨書)の書名: 四書知新日録|甲午序|巻頭に「潭城泗泉以誠甫余彰徳梓」とあり|頭注あり|卷之1: 大學. 卷之2: 中庸. 卷之3: 上論. 卷之4: 下論. 卷之2: 上孟. 卷之2: 下孟|落丁あり|印記: 「舊和歌山徳川氏藏」,「南葵文庫」",中国語,漢籍,南葵文庫,http://tify.sub.uni-goettingen.de/demo.html?manifest=https://archdataset.dl.itc.u-tokyo.ac.jp/manifest/05d0a049-82c5-5f33-1c3b-08880feb683d.json,05d0a049-82c5-5f33-1c3b-08880feb683d,https://iiif.dl.itc.u-tokyo.ac.jp/repo/s/koten,https://iiif.dl.itc.u-tokyo.ac.jp/repo/s/koten/document/05d0a049-82c5-5f33-1c3b-08880feb683d,https://www.lib.u-tokyo.ac.jp/ja/library/contents/archives-top/reuse,https://iiif.dl.itc.u-tokyo.ac.jp/repo/files/medium/2ee72717175af8145d7b45cc59bb1bd66733d55a.jpg,https://iiif.dl.itc.u-tokyo.ac.jp/repo/api/items/1168732,"東京大学総合図書館 General Library, The University of Tokyo, JAPAN",http://iiif.io/api/presentation/2#rightToLeftDirection,,総合図書館所蔵古典籍,,,https://iiif.dl.itc.u-tokyo.ac.jp/repo/iiif/05d0a049-82c5-5f33-1c3b-08880feb683d/manifest,,,,,80
鐫温陵鄭孩如観静窩四書知新日録 巻之6 上,B60:2051,セン オンリョウ テイ ガイジョ カンセイカ シショ チシン ニチロク,四書知新日録,鄭 維岳,余彰徳,1594,[萬暦22] 序,6巻10冊,,28×17cm,"卷之2,5の巻頭の書名: 新鐫孩如鄭先生觀静窩四書知新日録|卷之3-4の巻頭の書名: 新鐫温陵鄭孩如觀静窩四書知新日録|卷之6の巻頭の書名: 新鐫觀靜窩四書知新日録|卷之1の巻尾の書名: 觀静窩知新日録|卷之3の巻尾の書名: 新鍥温陵鄭孩如觀静窩四書知新日録|卷之6の巻尾の書名: 新鍥温陵鄭孩如静觀窩四書知新日録|序及び題簽(墨書)の書名: 四書知新日録|甲午序|巻頭に「潭城泗泉以誠甫余彰徳梓」とあり|頭注あり|卷之1: 大學. 卷之2: 中庸. 卷之3: 上論. 卷之4: 下論. 卷之2: 上孟. 卷之2: 下孟|落丁あり|印記: 「舊和歌山徳川氏藏」,「南葵文庫」",中国語,漢籍,南葵文庫,http://tify.sub.uni-goettingen.de/demo.html?manifest=https://archdataset.dl.itc.u-tokyo.ac.jp/manifest/6e69a6db-5b2c-87c1-8fb3-5584e25fa608.json,6e69a6db-5b2c-87c1-8fb3-5584e25fa608,https://iiif.dl.itc.u-tokyo.ac.jp/repo/s/koten,https://iiif.dl.itc.u-tokyo.ac.jp/repo/s/koten/document/6e69a6db-5b2c-87c1-8fb3-5584e25fa608,https://www.lib.u-tokyo.ac.jp/ja/library/contents/archives-top/reuse,https://iiif.dl.itc.u-tokyo.ac.jp/repo/files/medium/08ded15c292cad32240392f4b42ab8f790e09ebf.jpg,https://iiif.dl.itc.u-tokyo.ac.jp/repo/api/items/1168733,"東京大学総合図書館 General Library, The University of Tokyo, JAPAN",http://iiif.io/api/presentation/2#rightToLeftDirection,,総合図書館所蔵古典籍,,,https://iiif.dl.itc.u-tokyo.ac.jp/repo/iiif/6e69a6db-5b2c-87c1-8fb3-5584e25fa608/manifest,,,,,88
鐫温陵鄭孩如観静窩四書知新日録 巻之6 下,B60:2051,セン オンリョウ テイ ガイジョ カンセイカ シショ チシン ニチロク,四書知新日録,鄭 維岳,余彰徳,1594,[萬暦22] 序,6巻10冊,,28×17cm,"卷之2,5の巻頭の書名: 新鐫孩如鄭先生觀静窩四書知新日録|卷之3-4の巻頭の書名: 新鐫温陵鄭孩如觀静窩四書知新日録|卷之6の巻頭の書名: 新鐫觀靜窩四書知新日録|卷之1の巻尾の書名: 觀静窩知新日録|卷之3の巻尾の書名: 新鍥温陵鄭孩如觀静窩四書知新日録|卷之6の巻尾の書名: 新鍥温陵鄭孩如静觀窩四書知新日録|序及び題簽(墨書)の書名: 四書知新日録|甲午序|巻頭に「潭城泗泉以誠甫余彰徳梓」とあり|頭注あり|卷之1: 大學. 卷之2: 中庸. 卷之3: 上論. 卷之4: 下論. 卷之2: 上孟. 卷之2: 下孟|落丁あり|印記: 「舊和歌山徳川氏藏」,「南葵文庫」",中国語,漢籍,南葵文庫,http://tify.sub.uni-goettingen.de/demo.html?manifest=https://archdataset.dl.itc.u-tokyo.ac.jp/manifest/d6698058-52a0-97ca-4b36-f2d76d6f9d57.json,d6698058-52a0-97ca-4b36-f2d76d6f9d57,https://iiif.dl.itc.u-tokyo.ac.jp/repo/s/koten,https://iiif.dl.itc.u-tokyo.ac.jp/repo/s/koten/document/d6698058-52a0-97ca-4b36-f2d76d6f9d57,https://www.lib.u-tokyo.ac.jp/ja/library/contents/archives-top/reuse,https://iiif.dl.itc.u-tokyo.ac.jp/repo/files/medium/057f8912b07ac769edcd345936e3e4942c21aaed.jpg,https://iiif.dl.itc.u-tokyo.ac.jp/repo/api/items/1168734,"東京大学総合図書館 General Library, The University of Tokyo, JAPAN",http://iiif.io/api/presentation/2#rightToLeftDirection,,総合図書館所蔵古典籍,,,https://iiif.dl.itc.u-tokyo.ac.jp/repo/iiif/d6698058-52a0-97ca-4b36-f2d76d6f9d57/manifest,,,,,65
小学筆記 1,B60:3208,ショウガク ヒッキ,,稲葉 黙斎,[書写者不明],不明,[書写年不明],7冊,写本,24cm,"書名は目首による|1-6の題簽の書名: 小學筆記|惟秀, 豊昌, 慶年録|巻次は題簽による|寄合書|1-6: 内篇 7: 外篇|書き入れあり|虫損あり",日本語,和古書,,http://tify.sub.uni-goettingen.de/demo.html?manifest=https://archdataset.dl.itc.u-tokyo.ac.jp/manifest/08cf5a7a-7789-0d82-7e25-3c0b3c146fed.json,08cf5a7a-7789-0d82-7e25-3c0b3c146fed,https://iiif.dl.itc.u-tokyo.ac.jp/repo/s/koten,https://iiif.dl.itc.u-tokyo.ac.jp/repo/s/koten/document/08cf5a7a-7789-0d82-7e25-3c0b3c146fed,https://www.lib.u-tokyo.ac.jp/ja/library/contents/archives-top/reuse,https://iiif.dl.itc.u-tokyo.ac.jp/repo/files/medium/1247ec27295beffd722fabfd20f5e6d1bcdfda18.jpg,https://iiif.dl.itc.u-tokyo.ac.jp/repo/api/items/1168735,"東京大学総合図書館 General Library, The University of Tokyo, JAPAN",http://iiif.io/api/presentation/2#rightToLeftDirection,,総合図書館所蔵古典籍,,,https://iiif.dl.itc.u-tokyo.ac.jp/repo/iiif/08cf5a7a-7789-0d82-7e25-3c0b3c146fed/manifest,,,,,45
小学筆記 2,B60:3208,ショウガク ヒッキ,,稲葉 黙斎,[書写者不明],不明,[書写年不明],7冊,写本,24cm,"書名は目首による|1-6の題簽の書名: 小學筆記|惟秀, 豊昌, 慶年録|巻次は題簽による|寄合書|1-6: 内篇 8: 外篇|書き入れあり|虫損あり",日本語,和古書,,http://tify.sub.uni-goettingen.de/demo.html?manifest=https://archdataset.dl.itc.u-tokyo.ac.jp/manifest/504f47b5-367f-4db3-1743-3d763181528f.json,504f47b5-367f-4db3-1743-3d763181528f,https://iiif.dl.itc.u-tokyo.ac.jp/repo/s/koten,https://iiif.dl.itc.u-tokyo.ac.jp/repo/s/koten/document/504f47b5-367f-4db3-1743-3d763181528f,https://www.lib.u-tokyo.ac.jp/ja/library/contents/archives-top/reuse,https://iiif.dl.itc.u-tokyo.ac.jp/repo/files/medium/011cc837a20cb7823b24ada77694c48484fdb0d2.jpg,https://iiif.dl.itc.u-tokyo.ac.jp/repo/api/items/1168736,"東京大学総合図書館 General Library, The University of Tokyo, JAPAN",http://iiif.io/api/presentation/2#rightToLeftDirection,,総合図書館所蔵古典籍,,,https://iiif.dl.itc.u-tokyo.ac.jp/repo/iiif/504f47b5-367f-4db3-1743-3d763181528f/manifest,,,,,88
小学筆記 3,B60:3208,ショウガク ヒッキ,,稲葉 黙斎,[書写者不明],不明,[書写年不明],7冊,写本,24cm,"書名は目首による|1-6の題簽の書名: 小學筆記|惟秀, 豊昌, 慶年録|巻次は題簽による|寄合書|1-6: 内篇 9: 外篇|書き入れあり|虫損あり",日本語,和古書,,http://tify.sub.uni-goettingen.de/demo.html?manifest=https://archdataset.dl.itc.u-tokyo.ac.jp/manifest/d10f8f36-9c79-7fbb-9fd7-471870eb2579.json,d10f8f36-9c79-7fbb-9fd7-471870eb2579,https://iiif.dl.itc.u-tokyo.ac.jp/repo/s/koten,https://iiif.dl.itc.u-tokyo.ac.jp/repo/s/koten/document/d10f8f36-9c79-7fbb-9fd7-471870eb2579,https://www.lib.u-tokyo.ac.jp/ja/library/contents/archives-top/reuse,https://iiif.dl.itc.u-tokyo.ac.jp/repo/files/medium/e74a66619e2d88cbd1e3a907808dca0f33cd5094.jpg,https://iiif.dl.itc.u-tokyo.ac.jp/repo/api/items/1168737,"東京大学総合図書館 General Library, The University of Tokyo, JAPAN",http://iiif.io/api/presentation/2#rightToLeftDirection,,総合図書館所蔵古典籍,,,https://iiif.dl.itc.u-tokyo.ac.jp/repo/iiif/d10f8f36-9c79-7fbb-9fd7-471870eb2579/manifest,,,,,103
小学筆記 4,B60:3208,ショウガク ヒッキ,,稲葉 黙斎,[書写者不明],不明,[書写年不明],7冊,写本,24cm,"書名は目首による|1-6の題簽の書名: 小學筆記|惟秀, 豊昌, 慶年録|巻次は題簽による|寄合書|1-6: 内篇 10: 外篇|書き入れあり|虫損あり",日本語,和古書,,http://tify.sub.uni-goettingen.de/demo.html?manifest=https://archdataset.dl.itc.u-tokyo.ac.jp/manifest/e000e997-373b-a5e3-6b13-006021a21d38.json,e000e997-373b-a5e3-6b13-006021a21d38,https://iiif.dl.itc.u-tokyo.ac.jp/repo/s/koten,https://iiif.dl.itc.u-tokyo.ac.jp/repo/s/koten/document/e000e997-373b-a5e3-6b13-006021a21d38,https://www.lib.u-tokyo.ac.jp/ja/library/contents/archives-top/reuse,https://iiif.dl.itc.u-tokyo.ac.jp/repo/files/medium/b34df76f2b4827061d02704b7027fe92b7ee0211.jpg,https://iiif.dl.itc.u-tokyo.ac.jp/repo/api/items/1168738,"東京大学総合図書館 General Library, The University of Tokyo, JAPAN",http://iiif.io/api/presentation/2#rightToLeftDirection,,総合図書館所蔵古典籍,,,https://iiif.dl.itc.u-tokyo.ac.jp/repo/iiif/e000e997-373b-a5e3-6b13-006021a21d38/manifest,,,,,84
小学筆記 5,B60:3208,ショウガク ヒッキ,,稲葉 黙斎,[書写者不明],不明,[書写年不明],7冊,写本,24cm,"書名は目首による|1-6の題簽の書名: 小學筆記|惟秀, 豊昌, 慶年録|巻次は題簽による|寄合書|1-6: 内篇 11: 外篇|書き入れあり|虫損あり",日本語,和古書,,http://tify.sub.uni-goettingen.de/demo.html?manifest=https://archdataset.dl.itc.u-tokyo.ac.jp/manifest/eb1b2fca-59a5-94ae-25c9-0b1a5c6b6572.json,eb1b2fca-59a5-94ae-25c9-0b1a5c6b6572,https://iiif.dl.itc.u-tokyo.ac.jp/repo/s/koten,https://iiif.dl.itc.u-tokyo.ac.jp/repo/s/koten/document/eb1b2fca-59a5-94ae-25c9-0b1a5c6b6572,https://www.lib.u-tokyo.ac.jp/ja/library/contents/archives-top/reuse,https://iiif.dl.itc.u-tokyo.ac.jp/repo/files/medium/0372b62fceb9948e9eab0ba1dfc612c81df2ae71.jpg,https://iiif.dl.itc.u-tokyo.ac.jp/repo/api/items/1168739,"東京大学総合図書館 General Library, The University of Tokyo, JAPAN",http://iiif.io/api/presentation/2#rightToLeftDirection,,総合図書館所蔵古典籍,,,https://iiif.dl.itc.u-tokyo.ac.jp/repo/iiif/eb1b2fca-59a5-94ae-25c9-0b1a5c6b6572/manifest,,,,,32
小学筆記 6,B60:3208,ショウガク ヒッキ,,稲葉 黙斎,[書写者不明],不明,[書写年不明],7冊,写本,24cm,"書名は目首による|1-6の題簽の書名: 小學筆記|惟秀, 豊昌, 慶年録|巻次は題簽による|寄合書|1-6: 内篇 12: 外篇|書き入れあり|虫損あり",日本語,和古書,,http://tify.sub.uni-goettingen.de/demo.html?manifest=https://archdataset.dl.itc.u-tokyo.ac.jp/manifest/1f6bd97d-1afa-8a7b-5f2f-a6c7aca78aa1.json,1f6bd97d-1afa-8a7b-5f2f-a6c7aca78aa1,https://iiif.dl.itc.u-tokyo.ac.jp/repo/s/koten,https://iiif.dl.itc.u-tokyo.ac.jp/repo/s/koten/document/1f6bd97d-1afa-8a7b-5f2f-a6c7aca78aa1,https://www.lib.u-tokyo.ac.jp/ja/library/contents/archives-top/reuse,https://iiif.dl.itc.u-tokyo.ac.jp/repo/files/medium/bfdd4c2a241147519d56d6d5aa44b9237cad8e31.jpg,https://iiif.dl.itc.u-tokyo.ac.jp/repo/api/items/1168740,"東京大学総合図書館 General Library, The University of Tokyo, JAPAN",http://iiif.io/api/presentation/2#rightToLeftDirection,,総合図書館所蔵古典籍,,,https://iiif.dl.itc.u-tokyo.ac.jp/repo/iiif/1f6bd97d-1afa-8a7b-5f2f-a6c7aca78aa1/manifest,,,,,99
小学筆記 7,B60:3208,ショウガク ヒッキ,,稲葉 黙斎,[書写者不明],不明,[書写年不明],7冊,写本,24cm,"書名は目首による|1-6の題簽の書名: 小學筆記|惟秀, 豊昌, 慶年録|巻次は題簽による|寄合書|1-6: 内篇 13: 外篇|書き入れあり|虫損あり",日本語,和古書,,http://tify.sub.uni-goettingen.de/demo.html?manifest=https://archdataset.dl.itc.u-tokyo.ac.jp/manifest/c43cdcbc-6197-74b3-216a-51f1f0c00c5c.json,c43cdcbc-6197-74b3-216a-51f1f0c00c5c,https://iiif.dl.itc.u-tokyo.ac.jp/repo/s/koten,https://iiif.dl.itc.u-tokyo.ac.jp/repo/s/koten/document/c43cdcbc-6197-74b3-216a-51f1f0c00c5c,https://www.lib.u-tokyo.ac.jp/ja/library/contents/archives-top/reuse,https://iiif.dl.itc.u-tokyo.ac.jp/repo/files/medium/1cc78f1871ecbc49442b8e1fecdec11e7798eb73.jpg,https://iiif.dl.itc.u-tokyo.ac.jp/repo/api/items/1168741,"東京大学総合図書館 General Library, The University of Tokyo, JAPAN",http://iiif.io/api/presentation/2#rightToLeftDirection,,総合図書館所蔵古典籍,,,https://iiif.dl.itc.u-tokyo.ac.jp/repo/iiif/c43cdcbc-6197-74b3-216a-51f1f0c00c5c/manifest,,,,,92
滝尾職本宮職勤方覚書 : 附彌生祭祀次第,C20:68,タキノオショク ホングウショク ツトメカタ オボエガキ : ツケタリ ヤヨイ サイシ シダイ,勤方覚書 : 滝尾職 本宮職,[書写者不明],[書写者不明],1896,明治29,1冊,写本,24cm,書名は題簽による|扉に「明治廿九年九月借得古橋氏蔵本而写焉」「渡部邁」とあり|奥書に「明治二十九年丙申十月命筆生謄写一本蔵家筐 日光山寓渡部邁識」とあり|印記: 「渡部文庫珍藏書印」,日本語,和古書,渡部文庫,http://tify.sub.uni-goettingen.de/demo.html?manifest=https://archdataset.dl.itc.u-tokyo.ac.jp/manifest/ffbd99e0-8260-300e-358b-088715d1a4de.json,ffbd99e0-8260-300e-358b-088715d1a4de,https://iiif.dl.itc.u-tokyo.ac.jp/repo/s/koten,https://iiif.dl.itc.u-tokyo.ac.jp/repo/s/koten/document/ffbd99e0-8260-300e-358b-088715d1a4de,https://www.lib.u-tokyo.ac.jp/ja/library/contents/archives-top/reuse,https://iiif.dl.itc.u-tokyo.ac.jp/repo/files/medium/cb5702c427e79b1b6b03bfa5b557b6605c18c5de.jpg,https://iiif.dl.itc.u-tokyo.ac.jp/repo/api/items/1168742,"東京大学総合図書館 General Library, The University of Tokyo, JAPAN",http://iiif.io/api/presentation/2#rightToLeftDirection,,総合図書館所蔵古典籍,,,https://iiif.dl.itc.u-tokyo.ac.jp/repo/iiif/ffbd99e0-8260-300e-358b-088715d1a4de/manifest,,,,,19
龜卜之次第,C20:38,キボク ノ シダイ,"龜卜次第, 亀卜抄, 新撰亀相記, 亀卜之次第",卜部 雅延,[書写者不明],不明,[書写年不明],1冊,写本,30cm,"書名は題簽による|原奥書に「右亀卜之次第亀卜抄新撰亀相記者卜部家極秘之書也有縁写認之本書間多錯誤不有無疑後日以正本校合之可也 正徳三年癸巳六月朔日於下舘城中太夫丹治直重書」とあり|『龜卜次第』: 巻末に「右以家本遂書功畢 慶長十三年九月吉曜日 神龍院梵舜」とあり|『新撰亀相記』: 巻末に「右亀卜抄端六枚半環翠軒宣賢正筆奥者息男業賢自筆也以正本書之予於燈下書写文字已下誤眼中無正体耻他見了 元和六庚申年二月十五日 神龍院龍玄六十八歳 次正廿三筆之二十二書終追而遂校合了」とあり|頭注あり|印記: 「陽春廬記」,「南葵文庫」|朱筆書き入れあり(巻末に「神龍院 豊國大明神社務司萩原従二位弟(私考)」と朱書あり)|虫損あり|挟みもの: 「此ヨリ新撰亀相記(「英□之印」朱印)」とある紙片1枚",日本語,和古書,南葵文庫,http://tify.sub.uni-goettingen.de/demo.html?manifest=https://archdataset.dl.itc.u-tokyo.ac.jp/manifest/3ec34b76-49e8-49f9-2895-e19e7c7b5216.json,3ec34b76-49e8-49f9-2895-e19e7c7b5216,https://iiif.dl.itc.u-tokyo.ac.jp/repo/s/koten,https://iiif.dl.itc.u-tokyo.ac.jp/repo/s/koten/document/3ec34b76-49e8-49f9-2895-e19e7c7b5216,https://www.lib.u-tokyo.ac.jp/ja/library/contents/archives-top/reuse,https://iiif.dl.itc.u-tokyo.ac.jp/repo/files/medium/b430c892bbdf52c38925ff72dc33053feb98a960.jpg,https://iiif.dl.itc.u-tokyo.ac.jp/repo/api/items/1168743,"東京大学総合図書館 General Library, The University of Tokyo, JAPAN",http://iiif.io/api/presentation/2#rightToLeftDirection,,総合図書館所蔵古典籍,,,https://iiif.dl.itc.u-tokyo.ac.jp/repo/iiif/3ec34b76-49e8-49f9-2895-e19e7c7b5216/manifest,,,,,74
日光山滿願寺勝成就院堂社建立舊記,C40:859,ニッコウサン マンガンジ ショウジョウジュイン ドウシャ コンリュウ キュウキ,日光山満願寺勝成就院堂社建立奮記,天祐,五岳山金朝 [写],1819,文政2,2巻合冊,写本,28cm,"大尾及び表紙の書名: 日光山堂社建立舊記|上の巻尾の書名: 日光堂社建立舊記|奥書に「右日光山堂社建立舊記者於在山文政二卯年仲秋冩之手 五岳山金朝(「名金朝字仲竜號五岳」朱印)」とあり|印記: 「茂呂書藏」,「渡部文庫珍藏書印」|識語: 「右當山堂社建立記二巻者元禄八乙亥年九月十九日座主宮御前以佛頂院大僧都義天(中略)被仰渡候因茲同年九月相始翌歳四月右之草書出來指上候處東叡山江為御持被遊明歳之極月御登山之砌右舊記清書可仕旨依尊命今般遂校合記之以信解院大僧都慧嚴奉入上覧之者也 書中僧侶ノ編集ナレハ法便附會ノ説多シ或ハ事実ニ誤アリ写字ニ誤字アリ覧者注意セヨ 御堂別當四世大僧都天祐 寳永五戊午稔五月日 筆者無量院三世守中 右中麿氏藏本ヲ以テ之ヲ追補セルモノナリ 明治廿七年二月十六日書 渡部邁識」 / 虫損あり",日本語,和古書,渡部文庫,http://tify.sub.uni-goettingen.de/demo.html?manifest=https://archdataset.dl.itc.u-tokyo.ac.jp/manifest/2410425d-2922-6e4a-41ca-79402bd82773.json,2410425d-2922-6e4a-41ca-79402bd82773,https://iiif.dl.itc.u-tokyo.ac.jp/repo/s/koten,https://iiif.dl.itc.u-tokyo.ac.jp/repo/s/koten/document/2410425d-2922-6e4a-41ca-79402bd82773,https://www.lib.u-tokyo.ac.jp/ja/library/contents/archives-top/reuse,https://iiif.dl.itc.u-tokyo.ac.jp/repo/files/medium/4d1c97033bb6c0e6af8f7b8f3fdc0fd2bbcd3656.jpg,https://iiif.dl.itc.u-tokyo.ac.jp/repo/api/items/1168744,"東京大学総合図書館 General Library, The University of Tokyo, JAPAN",http://iiif.io/api/presentation/2#rightToLeftDirection,,総合図書館所蔵古典籍,,,https://iiif.dl.itc.u-tokyo.ac.jp/repo/iiif/2410425d-2922-6e4a-41ca-79402bd82773/manifest,,,,,70
觀音籤三十二卦,C40:1137,カンノンセン サンジュウニケイ,"靈感觀世音籤卜占, 靈感觀世音籤卜考, 観音籤三十二卦",隠元,河内屋茂兵衞,不明,[江戸後期],1冊,,23cm,書名は目首による|巻尾の書名: 靈感觀世音籤卜孝|序の書名: 靈感觀世音籤卜占|見返しの書名: 靈感觀世音籤卜考|題の書名: 觀音籤|版心の書名: 観音籤|元禄7年題刊嘉永元年大坂河内屋茂兵衞再版の後印|見返しに「嘉永戊申再版」「浪?書房 群玉堂梓」とあり|印記: 「成田圖書」,日本語,和古書,中野本,http://tify.sub.uni-goettingen.de/demo.html?manifest=https://archdataset.dl.itc.u-tokyo.ac.jp/manifest/4c8812b2-957d-6ce1-8d76-e4d797a11808.json,4c8812b2-957d-6ce1-8d76-e4d797a11808,https://iiif.dl.itc.u-tokyo.ac.jp/repo/s/koten,https://iiif.dl.itc.u-tokyo.ac.jp/repo/s/koten/document/4c8812b2-957d-6ce1-8d76-e4d797a11808,https://www.lib.u-tokyo.ac.jp/ja/library/contents/archives-top/reuse,https://iiif.dl.itc.u-tokyo.ac.jp/repo/files/medium/5020ac99ccc454fd441bbcbb805f5a4fada9181c.jpg,https://iiif.dl.itc.u-tokyo.ac.jp/repo/api/items/1168745,"東京大学総合図書館 General Library, The University of Tokyo, JAPAN",http://iiif.io/api/presentation/2#rightToLeftDirection,,総合図書館所蔵古典籍,,,https://iiif.dl.itc.u-tokyo.ac.jp/repo/iiif/4c8812b2-957d-6ce1-8d76-e4d797a11808/manifest,,,,,41
信心相續真宗歡喜章,C40:1248,シンジン ソウゾク シンシュウ カンギショウ,"悦ひ草, 安心よろこび草, 安, 真宗歡喜章 : 信心相續",粟津 義圭,丁子屋定七 : 丁子屋庄兵衛,不明,[江戸後期],1冊,,23cm,書名は題簽による|『安心悦ひ草』の巻尾の書名: 悦ひ草|『安心悦ひ草』の序文中の書名: 安心よろこび草|『安心悦ひ草』の版心の書名: 安|嘉永2年序刊の後印|『当流茶呑噺』: 巻末に「弘化四年丁未冬 正定閣校述 文榮舘蔵板」とあり|印記: 「成田圖書」|【内容注記】歓喜法の道|【内容注記】親鸞聖人御詠伊呂波歌|【内容注記】殺生すまじき咄|【内容注記】当流茶呑噺|【内容注記】安心悦ひ草,日本語,和古書,中野本,http://tify.sub.uni-goettingen.de/demo.html?manifest=https://archdataset.dl.itc.u-tokyo.ac.jp/manifest/442165fc-3710-366b-756f-9eebc7a63088.json,442165fc-3710-366b-756f-9eebc7a63088,https://iiif.dl.itc.u-tokyo.ac.jp/repo/s/koten,https://iiif.dl.itc.u-tokyo.ac.jp/repo/s/koten/document/442165fc-3710-366b-756f-9eebc7a63088,https://www.lib.u-tokyo.ac.jp/ja/library/contents/archives-top/reuse,https://iiif.dl.itc.u-tokyo.ac.jp/repo/files/medium/ecbdf007b0ae9046eb7bae377bd3463de7f8fd07.jpg,https://iiif.dl.itc.u-tokyo.ac.jp/repo/api/items/1168746,"東京大学総合図書館 General Library, The University of Tokyo, JAPAN",http://iiif.io/api/presentation/2#rightToLeftDirection,,総合図書館所蔵古典籍,,,https://iiif.dl.itc.u-tokyo.ac.jp/repo/iiif/442165fc-3710-366b-756f-9eebc7a63088/manifest,,,,,42
信心相續眞宗安心集艸,C40:1250,シンジン ソウゾク シンシュウ アンジン アツメグサ,眞宗安心集艸 : 信心相続,無染,[出版者不明],不明,[江戸後期],1冊,,23cm,"書名は題簽による|『平太郎事跡談』: 巻之4-5を存す|『当流茶呑噺』: 巻末に「弘化四年丁未冬 正定閣校述」とあり|印記: 「本 文」,「成田圖書」|【内容注記】平太郎事跡談 (存2巻) / 無染 [著]|【内容注記】釋門儆戒|【内容注記】歓喜法の道|【内容注記】親鸞聖人御詠伊呂波歌|【内容注記】殺生すまじき咄|【内容注記】当流茶呑噺",日本語,和古書,中野本,http://tify.sub.uni-goettingen.de/demo.html?manifest=https://archdataset.dl.itc.u-tokyo.ac.jp/manifest/8c55407c-0a57-9cc9-2b57-49e84bce2c9e.json,8c55407c-0a57-9cc9-2b57-49e84bce2c9e,https://iiif.dl.itc.u-tokyo.ac.jp/repo/s/koten,https://iiif.dl.itc.u-tokyo.ac.jp/repo/s/koten/document/8c55407c-0a57-9cc9-2b57-49e84bce2c9e,https://www.lib.u-tokyo.ac.jp/ja/library/contents/archives-top/reuse,https://iiif.dl.itc.u-tokyo.ac.jp/repo/files/medium/831937804ef3fd8e22e97f8b3ec5ac22b5b306ef.jpg,https://iiif.dl.itc.u-tokyo.ac.jp/repo/api/items/1168747,"東京大学総合図書館 General Library, The University of Tokyo, JAPAN",http://iiif.io/api/presentation/2#rightToLeftDirection,,総合図書館所蔵古典籍,,,https://iiif.dl.itc.u-tokyo.ac.jp/repo/iiif/8c55407c-0a57-9cc9-2b57-49e84bce2c9e/manifest,,,,,55
南都七大寺巡礼記 (存1巻),C40:1780,ナント シチダイジ ジュンレイキ,,[書写者不明],[書写者不明],不明,[書写年不明],1冊,写本,27cm,"目録及び題簽の書名: 南都七大寺巡禮記|上を存す|底本: 享保14年写|印記: 「原宿文庫」,「南葵文庫」|挿紙あり",日本語,和古書,南葵文庫,http://tify.sub.uni-goettingen.de/demo.html?manifest=https://archdataset.dl.itc.u-tokyo.ac.jp/manifest/07384784-10d2-75e6-31b0-4d7cae8e178d.json,07384784-10d2-75e6-31b0-4d7cae8e178d,https://iiif.dl.itc.u-tokyo.ac.jp/repo/s/koten,https://iiif.dl.itc.u-tokyo.ac.jp/repo/s/koten/document/07384784-10d2-75e6-31b0-4d7cae8e178d,https://www.lib.u-tokyo.ac.jp/ja/library/contents/archives-top/reuse,https://iiif.dl.itc.u-tokyo.ac.jp/repo/files/medium/4dc6e6d5cc9bfb5a409313948dba727fa157be1c.jpg,https://iiif.dl.itc.u-tokyo.ac.jp/repo/api/items/1168748,"東京大学総合図書館 General Library, The University of Tokyo, JAPAN",http://iiif.io/api/presentation/2#rightToLeftDirection,,総合図書館所蔵古典籍,,,https://iiif.dl.itc.u-tokyo.ac.jp/repo/iiif/07384784-10d2-75e6-31b0-4d7cae8e178d/manifest,,,,,42
浅草観音伝記,C40:1817,アサクサ カンオン ゴデンキ,"淺草觀音御傳記, 金龍山淺草寺觀世音御傳記, 金龍山, 淺草寺",南仙樵夫,西村屋與八,1827,文政10,1冊,,18cm,題簽の書名: 金龍山淺草寺觀世音御傳記|版心の書名: 觀音御傳記|製本の背の書名: 淺草寺觀世音御傳記|享保4年原版寛政3年再版の改版 印記: 「南葵文庫」|虫損あり,日本語,和古書,南葵文庫,http://tify.sub.uni-goettingen.de/demo.html?manifest=https://archdataset.dl.itc.u-tokyo.ac.jp/manifest/750e991d-0958-6b40-1b73-dde56b4f9755.json,750e991d-0958-6b40-1b73-dde56b4f9755,https://iiif.dl.itc.u-tokyo.ac.jp/repo/s/koten,https://iiif.dl.itc.u-tokyo.ac.jp/repo/s/koten/document/750e991d-0958-6b40-1b73-dde56b4f9755,https://www.lib.u-tokyo.ac.jp/ja/library/contents/archives-top/reuse,https://iiif.dl.itc.u-tokyo.ac.jp/repo/files/medium/725c2559731237bed9700c6f622cdc6a40bb07e7.jpg,https://iiif.dl.itc.u-tokyo.ac.jp/repo/api/items/1168749,"東京大学総合図書館 General Library, The University of Tokyo, JAPAN",http://iiif.io/api/presentation/2#rightToLeftDirection,,総合図書館所蔵古典籍,,,https://iiif.dl.itc.u-tokyo.ac.jp/repo/iiif/750e991d-0958-6b40-1b73-dde56b4f9755/manifest,,,,,15
山門故實,C40:1868,サンモン コジツ,"故實秘書, 山門故実",義空,豪一 [写],不明,[延享頃],1冊,写本,15×21cm,"書名は題簽による|原表紙の書名: 故實秘書|原表紙に「高照山豪一冩之」とあり|『無動寺諸講説用意』: 原奥書に「此書者無動寺常樂院等海法印自記自筆矣原是権僧正章海所持焉一日入於覺林坊之學?見之慇懃求而次遂書功可謂昏衢之炬燈濁世之明鑑 萬治二己亥暦自東叡皈吾山渉于数月隅居於滋賀院御房節馳禿毫拭老眼写孟冬初九合瓜和南 元文四年己未三月九日光海謹写之双附三光院常住焉」とあり|『無動寺諸講説用意』: 奥書に「延享三丙虎十一月高照山豪一写之」とあり|『?討阿闍梨宣旨之事』: 奥書に「右延享二年御上洛ニ付豪一致上京記之」とあり|『山門格式考』: 奥書に「右條々者天和年中南紀中納言光貞卿之願にヨツテ油小路大納言隆貞卿記之云々惠心院大僧正之本を以写之」とあり|印記: 「□□」,「豪弌」,「南葵文庫」|虫損あり(裏打ち補修あり)|【内容注記】講演故實覚書 / 義空記|【内容注記】大疏百條第三重目録|【内容注記】釈論百條第三重目録|【内容注記】抄物字形|【内容注記】装束|【内容注記】無動寺諸講説用意|【内容注記】撿討阿闍梨宣旨之事|【内容注記】山門格式考 / 義空 [著]",日本語,和古書,南葵文庫,http://tify.sub.uni-goettingen.de/demo.html?manifest=https://archdataset.dl.itc.u-tokyo.ac.jp/manifest/c947307b-7e45-5d59-5b6b-0f8fbb768eb4.json,c947307b-7e45-5d59-5b6b-0f8fbb768eb4,https://iiif.dl.itc.u-tokyo.ac.jp/repo/s/koten,https://iiif.dl.itc.u-tokyo.ac.jp/repo/s/koten/document/c947307b-7e45-5d59-5b6b-0f8fbb768eb4,https://www.lib.u-tokyo.ac.jp/ja/library/contents/archives-top/reuse,https://iiif.dl.itc.u-tokyo.ac.jp/repo/files/medium/460be776bd5d390009bac95e527d9f9214361d63.jpg,https://iiif.dl.itc.u-tokyo.ac.jp/repo/api/items/1168750,"東京大学総合図書館 General Library, The University of Tokyo, JAPAN",http://iiif.io/api/presentation/2#rightToLeftDirection,,総合図書館所蔵古典籍,,,https://iiif.dl.itc.u-tokyo.ac.jp/repo/iiif/c947307b-7e45-5d59-5b6b-0f8fbb768eb4/manifest,,,,,79
南行雑禄 4巻上,C40:1964,ナンコウ ザツロク,南行雑録,吉弘 菊潭,[書写者不明],不明,[書写年不明],5巻,写本,27cm,"書名は題簽による|印記: 「紀伊國徳川氏圖書記」,「南葵文庫」|4巻のみデジタル化",日本語,和古書,南葵文庫,http://tify.sub.uni-goettingen.de/demo.html?manifest=https://archdataset.dl.itc.u-tokyo.ac.jp/manifest/d9c38b9e-7ae4-8d01-47f1-fe8f4b208038.json,d9c38b9e-7ae4-8d01-47f1-fe8f4b208038,https://iiif.dl.itc.u-tokyo.ac.jp/repo/s/koten,https://iiif.dl.itc.u-tokyo.ac.jp/repo/s/koten/document/d9c38b9e-7ae4-8d01-47f1-fe8f4b208038,https://www.lib.u-tokyo.ac.jp/ja/library/contents/archives-top/reuse,https://iiif.dl.itc.u-tokyo.ac.jp/repo/files/medium/2e7e5439aaa5711c2e41595126b75d01d7eb3946.jpg,https://iiif.dl.itc.u-tokyo.ac.jp/repo/api/items/1168751,"東京大学総合図書館 General Library, The University of Tokyo, JAPAN",http://iiif.io/api/presentation/2#rightToLeftDirection,,総合図書館所蔵古典籍,,,https://iiif.dl.itc.u-tokyo.ac.jp/repo/iiif/d9c38b9e-7ae4-8d01-47f1-fe8f4b208038/manifest,,,,,54
南行雑禄 4巻下,C40:1964,ナンコウ ザツロク,南行雑録,吉弘 菊潭,[書写者不明],不明,[書写年不明],5巻,写本,27cm,"書名は題簽による|印記: 「紀伊國徳川氏圖書記」,「南葵文庫」|4巻のみデジタル化",日本語,和古書,南葵文庫,http://tify.sub.uni-goettingen.de/demo.html?manifest=https://archdataset.dl.itc.u-tokyo.ac.jp/manifest/bfa7718c-0a88-4ad3-3e0d-295e04677aaf.json,bfa7718c-0a88-4ad3-3e0d-295e04677aaf,https://iiif.dl.itc.u-tokyo.ac.jp/repo/s/koten,https://iiif.dl.itc.u-tokyo.ac.jp/repo/s/koten/document/bfa7718c-0a88-4ad3-3e0d-295e04677aaf,https://www.lib.u-tokyo.ac.jp/ja/library/contents/archives-top/reuse,https://iiif.dl.itc.u-tokyo.ac.jp/repo/files/medium/bcf6669cdba61ad041dffb9734db59b4c27a1407.jpg,https://iiif.dl.itc.u-tokyo.ac.jp/repo/api/items/1168752,"東京大学総合図書館 General Library, The University of Tokyo, JAPAN",http://iiif.io/api/presentation/2#rightToLeftDirection,,総合図書館所蔵古典籍,,,https://iiif.dl.itc.u-tokyo.ac.jp/repo/iiif/bfa7718c-0a88-4ad3-3e0d-295e04677aaf/manifest,,,,,28
東大寺要録 巻第1,C40:2050,トウダイジ ヨウロク,,観厳,[書写者不明],1836,天保7,10巻,写本,32×24cm,"各扉に「八幡宮新造屋」とあり|奥書に「右東大寺要録十巻以伴信友蔵本令謄写畢 天保丙申年九月晦 長澤伴雄」とあり|印記: 「紀伊國徳川氏圖書記」,「南葵文庫」",日本語,和古書,南葵文庫,http://tify.sub.uni-goettingen.de/demo.html?manifest=https://archdataset.dl.itc.u-tokyo.ac.jp/manifest/5709f0a6-212b-9b57-5b01-e824c811a6ed.json,5709f0a6-212b-9b57-5b01-e824c811a6ed,https://iiif.dl.itc.u-tokyo.ac.jp/repo/s/koten,https://iiif.dl.itc.u-tokyo.ac.jp/repo/s/koten/document/5709f0a6-212b-9b57-5b01-e824c811a6ed,https://www.lib.u-tokyo.ac.jp/ja/library/contents/archives-top/reuse,https://iiif.dl.itc.u-tokyo.ac.jp/repo/files/medium/08413a7004e4093623c5f066516ff7740656cd04.jpg,https://iiif.dl.itc.u-tokyo.ac.jp/repo/api/items/1168753,"東京大学総合図書館 General Library, The University of Tokyo, JAPAN",http://iiif.io/api/presentation/2#rightToLeftDirection,,総合図書館所蔵古典籍,,,https://iiif.dl.itc.u-tokyo.ac.jp/repo/iiif/5709f0a6-212b-9b57-5b01-e824c811a6ed/manifest,,,,,69
東大寺要録 巻第2,C40:2050,トウダイジ ヨウロク,,観厳,[書写者不明],1836,天保7,10巻,写本,32×24cm,"各扉に「八幡宮新造屋」とあり|奥書に「右東大寺要録十巻以伴信友蔵本令謄写畢 天保丙申年九月晦 長澤伴雄」とあり|印記: 「紀伊國徳川氏圖書記」,「南葵文庫」",日本語,和古書,南葵文庫,http://tify.sub.uni-goettingen.de/demo.html?manifest=https://archdataset.dl.itc.u-tokyo.ac.jp/manifest/29678fd9-0197-7cf2-a4d4-480cb03e774c.json,29678fd9-0197-7cf2-a4d4-480cb03e774c,https://iiif.dl.itc.u-tokyo.ac.jp/repo/s/koten,https://iiif.dl.itc.u-tokyo.ac.jp/repo/s/koten/document/29678fd9-0197-7cf2-a4d4-480cb03e774c,https://www.lib.u-tokyo.ac.jp/ja/library/contents/archives-top/reuse,https://iiif.dl.itc.u-tokyo.ac.jp/repo/files/medium/a864626aaee1ba31ae82fe33b63c67d7a33cb746.jpg,https://iiif.dl.itc.u-tokyo.ac.jp/repo/api/items/1168754,"東京大学総合図書館 General Library, The University of Tokyo, JAPAN",http://iiif.io/api/presentation/2#rightToLeftDirection,,総合図書館所蔵古典籍,,,https://iiif.dl.itc.u-tokyo.ac.jp/repo/iiif/29678fd9-0197-7cf2-a4d4-480cb03e774c/manifest,,,,,73
"歴代殘闕日記 46: 經任卿記, 前豊前守藤憲説記, 實兼公記.",A00:6257,レキダイ ザンケツ ニッキ,,[黒川春村編],[書写地不明] : [書写者不明],[1858],[安政5],127巻目録1巻 (存29巻),写本,28×20cm,"責任表示及び書写年は『日本古典籍総合目録データベース』による28末の原奥書に「右山丞記依 仰挍合書冩/享和二年四月 日撿挍保己一」とあり
50「正安二年八月十一日於仙洞被始行熾盛光法」末の原奥書に「文化十五年春二月以南山法曼院藏夲書冩之 撿挍保己一」とあり
横刷毛目表紙を使用
朱点, 朱引, 朱墨筆書き入れあり
付箋あり
蔵書印主信濃須坂藩主堀直格の命によって編集された古記録
他の原本は関東大震災により焼失
極札に「桂壽」(6), 「尚信」(53)との極書, 「武清」(44, 53), 「永海」(51), 「了伴」(52), 「了甫」(74), 「定時」(84, 88)との極印あり
印記: 「花廼家文庫」, 「墨阪十一代主寫藏記」(堀直格(1806-1880)), 「東京大學法理文學部書庫所藏」, 「閲覧室用 FOR USE IN THE READING ROOM」
虫損あり",日本語,和古書,,http://tify.sub.uni-goettingen.de/demo.html?manifest=https://archdataset.dl.itc.u-tokyo.ac.jp/manifest/2d9ddcb6-578c-42fa-6d2e-5059132c3810.json,2d9ddcb6-578c-42fa-6d2e-5059132c3810,https://iiif.dl.itc.u-tokyo.ac.jp/repo/s/koten,https://iiif.dl.itc.u-tokyo.ac.jp/repo/s/koten/document/2d9ddcb6-578c-42fa-6d2e-5059132c3810,https://www.lib.u-tokyo.ac.jp/ja/library/contents/archives-top/reuse,https://iiif.dl.itc.u-tokyo.ac.jp/repo/files/medium/2527692267c506d148f53a7663fa0b350e04de76.jpg,https://iiif.dl.itc.u-tokyo.ac.jp/repo/api/items/1155967,"東京大学総合図書館 General Library, The University of Tokyo, JAPAN",http://iiif.io/api/presentation/2#rightToLeftDirection,,総合図書館所蔵古典籍,,,https://iiif.dl.itc.u-tokyo.ac.jp/repo/iiif/2d9ddcb6-578c-42fa-6d2e-5059132c3810/manifest,,,,,74
歴代殘闕日記 47: 継塵記抄出.,A00:6257,レキダイ ザンケツ ニッキ,,[黒川春村編],[書写地不明] : [書写者不明],[1858],[安政5],127巻目録1巻 (存29巻),写本,28×20cm,"責任表示及び書写年は『日本古典籍総合目録データベース』による28末の原奥書に「右山丞記依 仰挍合書冩/享和二年四月 日撿挍保己一」とあり
50「正安二年八月十一日於仙洞被始行熾盛光法」末の原奥書に「文化十五年春二月以南山法曼院藏夲書冩之 撿挍保己一」とあり
横刷毛目表紙を使用
朱点, 朱引, 朱墨筆書き入れあり
付箋あり
蔵書印主信濃須坂藩主堀直格の命によって編集された古記録
他の原本は関東大震災により焼失
極札に「桂壽」(6), 「尚信」(53)との極書, 「武清」(44, 53), 「永海」(51), 「了伴」(52), 「了甫」(74), 「定時」(84, 88)との極印あり
印記: 「花廼家文庫」, 「墨阪十一代主寫藏記」(堀直格(1806-1880)), 「東京大學法理文學部書庫所藏」, 「閲覧室用 FOR USE IN THE READING ROOM」
虫損あり",日本語,和古書,,http://tify.sub.uni-goettingen.de/demo.html?manifest=https://archdataset.dl.itc.u-tokyo.ac.jp/manifest/aeda1f12-8a60-5551-870f-be02acc802b5.json,aeda1f12-8a60-5551-870f-be02acc802b5,https://iiif.dl.itc.u-tokyo.ac.jp/repo/s/koten,https://iiif.dl.itc.u-tokyo.ac.jp/repo/s/koten/document/aeda1f12-8a60-5551-870f-be02acc802b5,https://www.lib.u-tokyo.ac.jp/ja/library/contents/archives-top/reuse,https://iiif.dl.itc.u-tokyo.ac.jp/repo/files/medium/d973f69026529033d99142bfefefb941d0c658d2.jpg,https://iiif.dl.itc.u-tokyo.ac.jp/repo/api/items/1155968,"東京大学総合図書館 General Library, The University of Tokyo, JAPAN",http://iiif.io/api/presentation/2#rightToLeftDirection,,総合図書館所蔵古典籍,,,https://iiif.dl.itc.u-tokyo.ac.jp/repo/iiif/aeda1f12-8a60-5551-870f-be02acc802b5/manifest,,,,,73
"歴代殘闕日記 48: 管見記, 公衡公記, 大外記師顕記, 大外記中原師淳記.",A00:6257,レキダイ ザンケツ ニッキ,,[黒川春村編],[書写地不明] : [書写者不明],[1858],[安政5],127巻目録1巻 (存29巻),写本,28×20cm,"責任表示及び書写年は『日本古典籍総合目録データベース』による28末の原奥書に「右山丞記依 仰挍合書冩/享和二年四月 日撿挍保己一」とあり
50「正安二年八月十一日於仙洞被始行熾盛光法」末の原奥書に「文化十五年春二月以南山法曼院藏夲書冩之 撿挍保己一」とあり
横刷毛目表紙を使用
朱点, 朱引, 朱墨筆書き入れあり
付箋あり
蔵書印主信濃須坂藩主堀直格の命によって編集された古記録
他の原本は関東大震災により焼失
極札に「桂壽」(6), 「尚信」(53)との極書, 「武清」(44, 53), 「永海」(51), 「了伴」(52), 「了甫」(74), 「定時」(84, 88)との極印あり
印記: 「花廼家文庫」, 「墨阪十一代主寫藏記」(堀直格(1806-1880)), 「東京大學法理文學部書庫所藏」, 「閲覧室用 FOR USE IN THE READING ROOM」
虫損あり",日本語,和古書,,http://tify.sub.uni-goettingen.de/demo.html?manifest=https://archdataset.dl.itc.u-tokyo.ac.jp/manifest/00c02ab2-643a-9b93-98e1-f87022af3160.json,00c02ab2-643a-9b93-98e1-f87022af3160,https://iiif.dl.itc.u-tokyo.ac.jp/repo/s/koten,https://iiif.dl.itc.u-tokyo.ac.jp/repo/s/koten/document/00c02ab2-643a-9b93-98e1-f87022af3160,https://www.lib.u-tokyo.ac.jp/ja/library/contents/archives-top/reuse,https://iiif.dl.itc.u-tokyo.ac.jp/repo/files/medium/f25126733fd600d8ec35ee001e8458eb3096fed0.jpg,https://iiif.dl.itc.u-tokyo.ac.jp/repo/api/items/1155969,"東京大学総合図書館 General Library, The University of Tokyo, JAPAN",http://iiif.io/api/presentation/2#rightToLeftDirection,,総合図書館所蔵古典籍,,,https://iiif.dl.itc.u-tokyo.ac.jp/repo/iiif/00c02ab2-643a-9b93-98e1-f87022af3160/manifest,,,,,55
"歴代殘闕日記 49: 真光院禪助僧正記, 吉田内府卿記.",A00:6257,レキダイ ザンケツ ニッキ,,[黒川春村編],[書写地不明] : [書写者不明],[1858],[安政5],127巻目録1巻 (存29巻),写本,28×20cm,"責任表示及び書写年は『日本古典籍総合目録データベース』による28末の原奥書に「右山丞記依 仰挍合書冩/享和二年四月 日撿挍保己一」とあり
50「正安二年八月十一日於仙洞被始行熾盛光法」末の原奥書に「文化十五年春二月以南山法曼院藏夲書冩之 撿挍保己一」とあり
横刷毛目表紙を使用
朱点, 朱引, 朱墨筆書き入れあり
付箋あり
蔵書印主信濃須坂藩主堀直格の命によって編集された古記録
他の原本は関東大震災により焼失
極札に「桂壽」(6), 「尚信」(53)との極書, 「武清」(44, 53), 「永海」(51), 「了伴」(52), 「了甫」(74), 「定時」(84, 88)との極印あり
印記: 「花廼家文庫」, 「墨阪十一代主寫藏記」(堀直格(1806-1880)), 「東京大學法理文學部書庫所藏」, 「閲覧室用 FOR USE IN THE READING ROOM」
虫損あり",日本語,和古書,,http://tify.sub.uni-goettingen.de/demo.html?manifest=https://archdataset.dl.itc.u-tokyo.ac.jp/manifest/397d60bf-5930-2ed6-021a-d7cc4a5d5568.json,397d60bf-5930-2ed6-021a-d7cc4a5d5568,https://iiif.dl.itc.u-tokyo.ac.jp/repo/s/koten,https://iiif.dl.itc.u-tokyo.ac.jp/repo/s/koten/document/397d60bf-5930-2ed6-021a-d7cc4a5d5568,https://www.lib.u-tokyo.ac.jp/ja/library/contents/archives-top/reuse,https://iiif.dl.itc.u-tokyo.ac.jp/repo/files/medium/7bbdcd42031b5058a4592f6514ecd333d9dd8804.jpg,https://iiif.dl.itc.u-tokyo.ac.jp/repo/api/items/1155970,"東京大学総合図書館 General Library, The University of Tokyo, JAPAN",http://iiif.io/api/presentation/2#rightToLeftDirection,,総合図書館所蔵古典籍,,,https://iiif.dl.itc.u-tokyo.ac.jp/repo/iiif/397d60bf-5930-2ed6-021a-d7cc4a5d5568/manifest,,,,,60
"歴代殘闕日記 50: 定清記, 叅議雅俊卿記, 太政大臣(公守公)御上表雜事, 仙洞御灌頂日記, 正安二年八月十一日於仙洞被始行熾盛光法, 正安三年御譲位記.",A00:6257,レキダイ ザンケツ ニッキ,,[黒川春村編],[書写地不明] : [書写者不明],[1858],[安政5],127巻目録1巻 (存29巻),写本,28×20cm,"責任表示及び書写年は『日本古典籍総合目録データベース』による28末の原奥書に「右山丞記依 仰挍合書冩/享和二年四月 日撿挍保己一」とあり
50「正安二年八月十一日於仙洞被始行熾盛光法」末の原奥書に「文化十五年春二月以南山法曼院藏夲書冩之 撿挍保己一」とあり
横刷毛目表紙を使用
朱点, 朱引, 朱墨筆書き入れあり
付箋あり
蔵書印主信濃須坂藩主堀直格の命によって編集された古記録
他の原本は関東大震災により焼失
極札に「桂壽」(6), 「尚信」(53)との極書, 「武清」(44, 53), 「永海」(51), 「了伴」(52), 「了甫」(74), 「定時」(84, 88)との極印あり
印記: 「花廼家文庫」, 「墨阪十一代主寫藏記」(堀直格(1806-1880)), 「東京大學法理文學部書庫所藏」, 「閲覧室用 FOR USE IN THE READING ROOM」
虫損あり",日本語,和古書,,http://tify.sub.uni-goettingen.de/demo.html?manifest=https://archdataset.dl.itc.u-tokyo.ac.jp/manifest/7cf8efd5-3933-a057-9e25-60f47d7907cd.json,7cf8efd5-3933-a057-9e25-60f47d7907cd,https://iiif.dl.itc.u-tokyo.ac.jp/repo/s/koten,https://iiif.dl.itc.u-tokyo.ac.jp/repo/s/koten/document/7cf8efd5-3933-a057-9e25-60f47d7907cd,https://www.lib.u-tokyo.ac.jp/ja/library/contents/archives-top/reuse,https://iiif.dl.itc.u-tokyo.ac.jp/repo/files/medium/e04f112ee46d4eded138465f1a5be2d2458b84c7.jpg,https://iiif.dl.itc.u-tokyo.ac.jp/repo/api/items/1155971,"東京大学総合図書館 General Library, The University of Tokyo, JAPAN",http://iiif.io/api/presentation/2#rightToLeftDirection,,総合図書館所蔵古典籍,,,https://iiif.dl.itc.u-tokyo.ac.jp/repo/iiif/7cf8efd5-3933-a057-9e25-60f47d7907cd/manifest,,,,,58
歴代殘闕日記 51: 實躬卿記.,A00:6257,レキダイ ザンケツ ニッキ,,[黒川春村編],[書写地不明] : [書写者不明],[1858],[安政5],127巻目録1巻 (存29巻),写本,28×20cm,"責任表示及び書写年は『日本古典籍総合目録データベース』による28末の原奥書に「右山丞記依 仰挍合書冩/享和二年四月 日撿挍保己一」とあり
50「正安二年八月十一日於仙洞被始行熾盛光法」末の原奥書に「文化十五年春二月以南山法曼院藏夲書冩之 撿挍保己一」とあり
横刷毛目表紙を使用
朱点, 朱引, 朱墨筆書き入れあり
付箋あり
蔵書印主信濃須坂藩主堀直格の命によって編集された古記録
他の原本は関東大震災により焼失
極札に「桂壽」(6), 「尚信」(53)との極書, 「武清」(44, 53), 「永海」(51), 「了伴」(52), 「了甫」(74), 「定時」(84, 88)との極印あり
印記: 「花廼家文庫」, 「墨阪十一代主寫藏記」(堀直格(1806-1880)), 「東京大學法理文學部書庫所藏」, 「閲覧室用 FOR USE IN THE READING ROOM」
虫損あり",日本語,和古書,,http://tify.sub.uni-goettingen.de/demo.html?manifest=https://archdataset.dl.itc.u-tokyo.ac.jp/manifest/3e0f47e3-84c3-945a-909a-e05421fe2751.json,3e0f47e3-84c3-945a-909a-e05421fe2751,https://iiif.dl.itc.u-tokyo.ac.jp/repo/s/koten,https://iiif.dl.itc.u-tokyo.ac.jp/repo/s/koten/document/3e0f47e3-84c3-945a-909a-e05421fe2751,https://www.lib.u-tokyo.ac.jp/ja/library/contents/archives-top/reuse,https://iiif.dl.itc.u-tokyo.ac.jp/repo/files/medium/0ba195eda68d5f8bcd897343e1694787ee884b9c.jpg,https://iiif.dl.itc.u-tokyo.ac.jp/repo/api/items/1155972,"東京大学総合図書館 General Library, The University of Tokyo, JAPAN",http://iiif.io/api/presentation/2#rightToLeftDirection,,総合図書館所蔵古典籍,,,https://iiif.dl.itc.u-tokyo.ac.jp/repo/iiif/3e0f47e3-84c3-945a-909a-e05421fe2751/manifest,,,,,50
"歴代殘闕日記 52: 公茂公記, 冬平公記, 隆長卿記.",A00:6257,レキダイ ザンケツ ニッキ,,[黒川春村編],[書写地不明] : [書写者不明],[1858],[安政5],127巻目録1巻 (存29巻),写本,28×20cm,"責任表示及び書写年は『日本古典籍総合目録データベース』による28末の原奥書に「右山丞記依 仰挍合書冩/享和二年四月 日撿挍保己一」とあり
50「正安二年八月十一日於仙洞被始行熾盛光法」末の原奥書に「文化十五年春二月以南山法曼院藏夲書冩之 撿挍保己一」とあり
横刷毛目表紙を使用
朱点, 朱引, 朱墨筆書き入れあり
付箋あり
蔵書印主信濃須坂藩主堀直格の命によって編集された古記録
他の原本は関東大震災により焼失
極札に「桂壽」(6), 「尚信」(53)との極書, 「武清」(44, 53), 「永海」(51), 「了伴」(52), 「了甫」(74), 「定時」(84, 88)との極印あり
印記: 「花廼家文庫」, 「墨阪十一代主寫藏記」(堀直格(1806-1880)), 「東京大學法理文學部書庫所藏」, 「閲覧室用 FOR USE IN THE READING ROOM」
虫損あり",日本語,和古書,,http://tify.sub.uni-goettingen.de/demo.html?manifest=https://archdataset.dl.itc.u-tokyo.ac.jp/manifest/c9af0ae4-8fac-7a24-134d-3e9de7d6663f.json,c9af0ae4-8fac-7a24-134d-3e9de7d6663f,https://iiif.dl.itc.u-tokyo.ac.jp/repo/s/koten,https://iiif.dl.itc.u-tokyo.ac.jp/repo/s/koten/document/c9af0ae4-8fac-7a24-134d-3e9de7d6663f,https://www.lib.u-tokyo.ac.jp/ja/library/contents/archives-top/reuse,https://iiif.dl.itc.u-tokyo.ac.jp/repo/files/medium/f2a65971173831cfa5d7875567fe907c91326d04.jpg,https://iiif.dl.itc.u-tokyo.ac.jp/repo/api/items/1155973,"東京大学総合図書館 General Library, The University of Tokyo, JAPAN",http://iiif.io/api/presentation/2#rightToLeftDirection,,総合図書館所蔵古典籍,,,https://iiif.dl.itc.u-tokyo.ac.jp/repo/iiif/c9af0ae4-8fac-7a24-134d-3e9de7d6663f/manifest,,,,,73
"歴代殘闕日記 53: 忠教公記, 官記, 正三位長基卿記, 北面秀長記, 大外記中原師右記.",A00:6257,レキダイ ザンケツ ニッキ,,[黒川春村編],[書写地不明] : [書写者不明],[1858],[安政5],127巻目録1巻 (存29巻),写本,28×20cm,"責任表示及び書写年は『日本古典籍総合目録データベース』による28末の原奥書に「右山丞記依 仰挍合書冩/享和二年四月 日撿挍保己一」とあり
50「正安二年八月十一日於仙洞被始行熾盛光法」末の原奥書に「文化十五年春二月以南山法曼院藏夲書冩之 撿挍保己一」とあり
横刷毛目表紙を使用
朱点, 朱引, 朱墨筆書き入れあり
付箋あり
蔵書印主信濃須坂藩主堀直格の命によって編集された古記録
他の原本は関東大震災により焼失
極札に「桂壽」(6), 「尚信」(53)との極書, 「武清」(44, 53), 「永海」(51), 「了伴」(52), 「了甫」(74), 「定時」(84, 88)との極印あり
印記: 「花廼家文庫」, 「墨阪十一代主寫藏記」(堀直格(1806-1880)), 「東京大學法理文學部書庫所藏」, 「閲覧室用 FOR USE IN THE READING ROOM」
虫損あり",日本語,和古書,,http://tify.sub.uni-goettingen.de/demo.html?manifest=https://archdataset.dl.itc.u-tokyo.ac.jp/manifest/d58ccc21-3fb2-12f7-562d-dc8858252ba5.json,d58ccc21-3fb2-12f7-562d-dc8858252ba5,https://iiif.dl.itc.u-tokyo.ac.jp/repo/s/koten,https://iiif.dl.itc.u-tokyo.ac.jp/repo/s/koten/document/d58ccc21-3fb2-12f7-562d-dc8858252ba5,https://www.lib.u-tokyo.ac.jp/ja/library/contents/archives-top/reuse,https://iiif.dl.itc.u-tokyo.ac.jp/repo/files/medium/e65666326e16826657efc43ee425c6893cf732cc.jpg,https://iiif.dl.itc.u-tokyo.ac.jp/repo/api/items/1155974,"東京大学総合図書館 General Library, The University of Tokyo, JAPAN",http://iiif.io/api/presentation/2#rightToLeftDirection,,総合図書館所蔵古典籍,,,https://iiif.dl.itc.u-tokyo.ac.jp/repo/iiif/d58ccc21-3fb2-12f7-562d-dc8858252ba5/manifest,,,,,65
"歴代殘闕日記 54: 文保元年, 日野中納言資朝卿記, 洞院大納言公敏卿記.",A00:6257,レキダイ ザンケツ ニッキ,,[黒川春村編],[書写地不明] : [書写者不明],[1858],[安政5],127巻目録1巻 (存29巻),写本,28×20cm,"責任表示及び書写年は『日本古典籍総合目録データベース』による28末の原奥書に「右山丞記依 仰挍合書冩/享和二年四月 日撿挍保己一」とあり
50「正安二年八月十一日於仙洞被始行熾盛光法」末の原奥書に「文化十五年春二月以南山法曼院藏夲書冩之 撿挍保己一」とあり
横刷毛目表紙を使用
朱点, 朱引, 朱墨筆書き入れあり
付箋あり
蔵書印主信濃須坂藩主堀直格の命によって編集された古記録
他の原本は関東大震災により焼失
極札に「桂壽」(6), 「尚信」(53)との極書, 「武清」(44, 53), 「永海」(51), 「了伴」(52), 「了甫」(74), 「定時」(84, 88)との極印あり
印記: 「花廼家文庫」, 「墨阪十一代主寫藏記」(堀直格(1806-1880)), 「東京大學法理文學部書庫所藏」, 「閲覧室用 FOR USE IN THE READING ROOM」
虫損あり",日本語,和古書,,http://tify.sub.uni-goettingen.de/demo.html?manifest=https://archdataset.dl.itc.u-tokyo.ac.jp/manifest/a03b069f-858f-7ba1-91cb-eb77b2274fe3.json,a03b069f-858f-7ba1-91cb-eb77b2274fe3,https://iiif.dl.itc.u-tokyo.ac.jp/repo/s/koten,https://iiif.dl.itc.u-tokyo.ac.jp/repo/s/koten/document/a03b069f-858f-7ba1-91cb-eb77b2274fe3,https://www.lib.u-tokyo.ac.jp/ja/library/contents/archives-top/reuse,https://iiif.dl.itc.u-tokyo.ac.jp/repo/files/medium/e4976a91183335caae1f5ae782ae44da3fbc91de.jpg,https://iiif.dl.itc.u-tokyo.ac.jp/repo/api/items/1155975,"東京大学総合図書館 General Library, The University of Tokyo, JAPAN",http://iiif.io/api/presentation/2#rightToLeftDirection,,総合図書館所蔵古典籍,,,https://iiif.dl.itc.u-tokyo.ac.jp/repo/iiif/a03b069f-858f-7ba1-91cb-eb77b2274fe3/manifest,,,,,74
"歴代殘闕日記 55: 隆蔭卿記, 文保三年記, 尹大納言師賢卿記, 革命記, 立倚子記, 萬里小路中納言藤藤房卿記",A00:6257,レキダイ ザンケツ ニッキ,,[黒川春村編],[書写地不明] : [書写者不明],[1858],[安政5],127巻目録1巻 (存29巻),写本,28×20cm,"責任表示及び書写年は『日本古典籍総合目録データベース』による28末の原奥書に「右山丞記依 仰挍合書冩/享和二年四月 日撿挍保己一」とあり
50「正安二年八月十一日於仙洞被始行熾盛光法」末の原奥書に「文化十五年春二月以南山法曼院藏夲書冩之 撿挍保己一」とあり
横刷毛目表紙を使用
朱点, 朱引, 朱墨筆書き入れあり
付箋あり
蔵書印主信濃須坂藩主堀直格の命によって編集された古記録
他の原本は関東大震災により焼失
極札に「桂壽」(6), 「尚信」(53)との極書, 「武清」(44, 53), 「永海」(51), 「了伴」(52), 「了甫」(74), 「定時」(84, 88)との極印あり
印記: 「花廼家文庫」, 「墨阪十一代主寫藏記」(堀直格(1806-1880)), 「東京大學法理文學部書庫所藏」, 「閲覧室用 FOR USE IN THE READING ROOM」
虫損あり",日本語,和古書,,http://tify.sub.uni-goettingen.de/demo.html?manifest=https://archdataset.dl.itc.u-tokyo.ac.jp/manifest/8a808527-8cce-5dbd-3381-369f9d6c4c07.json,8a808527-8cce-5dbd-3381-369f9d6c4c07,https://iiif.dl.itc.u-tokyo.ac.jp/repo/s/koten,https://iiif.dl.itc.u-tokyo.ac.jp/repo/s/koten/document/8a808527-8cce-5dbd-3381-369f9d6c4c07,https://www.lib.u-tokyo.ac.jp/ja/library/contents/archives-top/reuse,https://iiif.dl.itc.u-tokyo.ac.jp/repo/files/medium/0c99f12b2a8dde67727d469108c6debc86d8394d.jpg,https://iiif.dl.itc.u-tokyo.ac.jp/repo/api/items/1155976,"東京大学総合図書館 General Library, The University of Tokyo, JAPAN",http://iiif.io/api/presentation/2#rightToLeftDirection,,総合図書館所蔵古典籍,,,https://iiif.dl.itc.u-tokyo.ac.jp/repo/iiif/8a808527-8cce-5dbd-3381-369f9d6c4c07/manifest,,,,,50
"歴代殘闕日記 56: 資名卿記, 公秀公記, 一條家記装束抄出, 頼定卿記.",A00:6257,レキダイ ザンケツ ニッキ,,[黒川春村編],[書写地不明] : [書写者不明],[1858],[安政5],127巻目録1巻 (存29巻),写本,28×20cm,"責任表示及び書写年は『日本古典籍総合目録データベース』による28末の原奥書に「右山丞記依 仰挍合書冩/享和二年四月 日撿挍保己一」とあり
50「正安二年八月十一日於仙洞被始行熾盛光法」末の原奥書に「文化十五年春二月以南山法曼院藏夲書冩之 撿挍保己一」とあり
横刷毛目表紙を使用
朱点, 朱引, 朱墨筆書き入れあり
付箋あり
蔵書印主信濃須坂藩主堀直格の命によって編集された古記録
他の原本は関東大震災により焼失
極札に「桂壽」(6), 「尚信」(53)との極書, 「武清」(44, 53), 「永海」(51), 「了伴」(52), 「了甫」(74), 「定時」(84, 88)との極印あり
印記: 「花廼家文庫」, 「墨阪十一代主寫藏記」(堀直格(1806-1880)), 「東京大學法理文學部書庫所藏」, 「閲覧室用 FOR USE IN THE READING ROOM」
虫損あり",日本語,和古書,,http://tify.sub.uni-goettingen.de/demo.html?manifest=https://archdataset.dl.itc.u-tokyo.ac.jp/manifest/608950fe-2fcf-0ce4-a6cf-dc42a9b27a72.json,608950fe-2fcf-0ce4-a6cf-dc42a9b27a72,https://iiif.dl.itc.u-tokyo.ac.jp/repo/s/koten,https://iiif.dl.itc.u-tokyo.ac.jp/repo/s/koten/document/608950fe-2fcf-0ce4-a6cf-dc42a9b27a72,https://www.lib.u-tokyo.ac.jp/ja/library/contents/archives-top/reuse,https://iiif.dl.itc.u-tokyo.ac.jp/repo/files/medium/7e391f214e69fe3ff2203c688437ae5e20f0516d.jpg,https://iiif.dl.itc.u-tokyo.ac.jp/repo/api/items/1155977,"東京大学総合図書館 General Library, The University of Tokyo, JAPAN",http://iiif.io/api/presentation/2#rightToLeftDirection,,総合図書館所蔵古典籍,,,https://iiif.dl.itc.u-tokyo.ac.jp/repo/iiif/608950fe-2fcf-0ce4-a6cf-dc42a9b27a72/manifest,,,,,61
"歴代殘闕日記 63: 松亞記, 日野大納言時光卿記, 後八條内府實継公記.",A00:6257,レキダイ ザンケツ ニッキ,,[黒川春村編],[書写地不明] : [書写者不明],[1858],[安政5],127巻目録1巻 (存29巻),写本,28×20cm,"責任表示及び書写年は『日本古典籍総合目録データベース』による28末の原奥書に「右山丞記依 仰挍合書冩/享和二年四月 日撿挍保己一」とあり
50「正安二年八月十一日於仙洞被始行熾盛光法」末の原奥書に「文化十五年春二月以南山法曼院藏夲書冩之 撿挍保己一」とあり
横刷毛目表紙を使用
朱点, 朱引, 朱墨筆書き入れあり
付箋あり
蔵書印主信濃須坂藩主堀直格の命によって編集された古記録
他の原本は関東大震災により焼失
極札に「桂壽」(6), 「尚信」(53)との極書, 「武清」(44, 53), 「永海」(51), 「了伴」(52), 「了甫」(74), 「定時」(84, 88)との極印あり
印記: 「花廼家文庫」, 「墨阪十一代主寫藏記」(堀直格(1806-1880)), 「東京大學法理文學部書庫所藏」, 「閲覧室用 FOR USE IN THE READING ROOM」
虫損あり",日本語,和古書,,http://tify.sub.uni-goettingen.de/demo.html?manifest=https://archdataset.dl.itc.u-tokyo.ac.jp/manifest/1009d5b1-5ac4-a439-72b3-29fc64395d62.json,1009d5b1-5ac4-a439-72b3-29fc64395d62,https://iiif.dl.itc.u-tokyo.ac.jp/repo/s/koten,https://iiif.dl.itc.u-tokyo.ac.jp/repo/s/koten/document/1009d5b1-5ac4-a439-72b3-29fc64395d62,https://www.lib.u-tokyo.ac.jp/ja/library/contents/archives-top/reuse,https://iiif.dl.itc.u-tokyo.ac.jp/repo/files/medium/f99670d77064c653994b6e5d6c8b02975be36fd5.jpg,https://iiif.dl.itc.u-tokyo.ac.jp/repo/api/items/1155978,"東京大学総合図書館 General Library, The University of Tokyo, JAPAN",http://iiif.io/api/presentation/2#rightToLeftDirection,,総合図書館所蔵古典籍,,,https://iiif.dl.itc.u-tokyo.ac.jp/repo/iiif/1009d5b1-5ac4-a439-72b3-29fc64395d62/manifest,,,,,72
歴代殘闕日記 74: 成恩寺関白記.,A00:6257,レキダイ ザンケツ ニッキ,,[黒川春村編],[書写地不明] : [書写者不明],[1858],[安政5],127巻目録1巻 (存29巻),写本,28×20cm,"責任表示及び書写年は『日本古典籍総合目録データベース』による28末の原奥書に「右山丞記依 仰挍合書冩/享和二年四月 日撿挍保己一」とあり
50「正安二年八月十一日於仙洞被始行熾盛光法」末の原奥書に「文化十五年春二月以南山法曼院藏夲書冩之 撿挍保己一」とあり
横刷毛目表紙を使用
朱点, 朱引, 朱墨筆書き入れあり
付箋あり
蔵書印主信濃須坂藩主堀直格の命によって編集された古記録
他の原本は関東大震災により焼失
極札に「桂壽」(6), 「尚信」(53)との極書, 「武清」(44, 53), 「永海」(51), 「了伴」(52), 「了甫」(74), 「定時」(84, 88)との極印あり
印記: 「花廼家文庫」, 「墨阪十一代主寫藏記」(堀直格(1806-1880)), 「東京大學法理文學部書庫所藏」, 「閲覧室用 FOR USE IN THE READING ROOM」
虫損あり",日本語,和古書,,http://tify.sub.uni-goettingen.de/demo.html?manifest=https://archdataset.dl.itc.u-tokyo.ac.jp/manifest/a58c2637-075d-795b-a704-ac332b8c7792.json,a58c2637-075d-795b-a704-ac332b8c7792,https://iiif.dl.itc.u-tokyo.ac.jp/repo/s/koten,https://iiif.dl.itc.u-tokyo.ac.jp/repo/s/koten/document/a58c2637-075d-795b-a704-ac332b8c7792,https://www.lib.u-tokyo.ac.jp/ja/library/contents/archives-top/reuse,https://iiif.dl.itc.u-tokyo.ac.jp/repo/files/medium/22df23737ca23bc1a86f8d061334fa9b2b2f21e4.jpg,https://iiif.dl.itc.u-tokyo.ac.jp/repo/api/items/1155979,"東京大学総合図書館 General Library, The University of Tokyo, JAPAN",http://iiif.io/api/presentation/2#rightToLeftDirection,,総合図書館所蔵古典籍,,,https://iiif.dl.itc.u-tokyo.ac.jp/repo/iiif/a58c2637-075d-795b-a704-ac332b8c7792/manifest,,,,,58
歴代殘闕日記 78: 山科家礼記.,A00:6257,レキダイ ザンケツ ニッキ,,[黒川春村編],[書写地不明] : [書写者不明],[1858],[安政5],127巻目録1巻 (存29巻),写本,28×20cm,"責任表示及び書写年は『日本古典籍総合目録データベース』による28末の原奥書に「右山丞記依 仰挍合書冩/享和二年四月 日撿挍保己一」とあり
50「正安二年八月十一日於仙洞被始行熾盛光法」末の原奥書に「文化十五年春二月以南山法曼院藏夲書冩之 撿挍保己一」とあり
横刷毛目表紙を使用
朱点, 朱引, 朱墨筆書き入れあり
付箋あり
蔵書印主信濃須坂藩主堀直格の命によって編集された古記録
他の原本は関東大震災により焼失
極札に「桂壽」(6), 「尚信」(53)との極書, 「武清」(44, 53), 「永海」(51), 「了伴」(52), 「了甫」(74), 「定時」(84, 88)との極印あり
印記: 「花廼家文庫」, 「墨阪十一代主寫藏記」(堀直格(1806-1880)), 「東京大學法理文學部書庫所藏」, 「閲覧室用 FOR USE IN THE READING ROOM」
虫損あり",日本語,和古書,,http://tify.sub.uni-goettingen.de/demo.html?manifest=https://archdataset.dl.itc.u-tokyo.ac.jp/manifest/724b8991-7bc6-7a09-5321-502e0dd511d9.json,724b8991-7bc6-7a09-5321-502e0dd511d9,https://iiif.dl.itc.u-tokyo.ac.jp/repo/s/koten,https://iiif.dl.itc.u-tokyo.ac.jp/repo/s/koten/document/724b8991-7bc6-7a09-5321-502e0dd511d9,https://www.lib.u-tokyo.ac.jp/ja/library/contents/archives-top/reuse,https://iiif.dl.itc.u-tokyo.ac.jp/repo/files/medium/3c248d35eedaacd6edf38261d73a73fb0a08f608.jpg,https://iiif.dl.itc.u-tokyo.ac.jp/repo/api/items/1155980,"東京大学総合図書館 General Library, The University of Tokyo, JAPAN",http://iiif.io/api/presentation/2#rightToLeftDirection,,総合図書館所蔵古典籍,,,https://iiif.dl.itc.u-tokyo.ac.jp/repo/iiif/724b8991-7bc6-7a09-5321-502e0dd511d9/manifest,,,,,76
"歴代殘闕日記 82: 諒闇記 : 後成恩寺殿, 宗典僧正記, 綱光公記, 贈従二位宗賢卿記, 義政公記. 84: 長禄二年戊寅正月, 見聞雜記.",A00:6257,レキダイ ザンケツ ニッキ,,[黒川春村編],[書写地不明] : [書写者不明],[1858],[安政5],127巻目録1巻 (存29巻),写本,28×20cm,"責任表示及び書写年は『日本古典籍総合目録データベース』による28末の原奥書に「右山丞記依 仰挍合書冩/享和二年四月 日撿挍保己一」とあり
50「正安二年八月十一日於仙洞被始行熾盛光法」末の原奥書に「文化十五年春二月以南山法曼院藏夲書冩之 撿挍保己一」とあり
横刷毛目表紙を使用
朱点, 朱引, 朱墨筆書き入れあり
付箋あり
蔵書印主信濃須坂藩主堀直格の命によって編集された古記録
他の原本は関東大震災により焼失
極札に「桂壽」(6), 「尚信」(53)との極書, 「武清」(44, 53), 「永海」(51), 「了伴」(52), 「了甫」(74), 「定時」(84, 88)との極印あり
印記: 「花廼家文庫」, 「墨阪十一代主寫藏記」(堀直格(1806-1880)), 「東京大學法理文學部書庫所藏」, 「閲覧室用 FOR USE IN THE READING ROOM」
虫損あり",日本語,和古書,,http://tify.sub.uni-goettingen.de/demo.html?manifest=https://archdataset.dl.itc.u-tokyo.ac.jp/manifest/a0c483e3-284e-07f0-8584-89f422683f33.json,a0c483e3-284e-07f0-8584-89f422683f33,https://iiif.dl.itc.u-tokyo.ac.jp/repo/s/koten,https://iiif.dl.itc.u-tokyo.ac.jp/repo/s/koten/document/a0c483e3-284e-07f0-8584-89f422683f33,https://www.lib.u-tokyo.ac.jp/ja/library/contents/archives-top/reuse,https://iiif.dl.itc.u-tokyo.ac.jp/repo/files/medium/090ee539a57039cd95b2dd29fc74b508fa0ed740.jpg,https://iiif.dl.itc.u-tokyo.ac.jp/repo/api/items/1155981,"東京大学総合図書館 General Library, The University of Tokyo, JAPAN",http://iiif.io/api/presentation/2#rightToLeftDirection,,総合図書館所蔵古典籍,,,https://iiif.dl.itc.u-tokyo.ac.jp/repo/iiif/a0c483e3-284e-07f0-8584-89f422683f33/manifest,,,,,64
"歴代殘闕日記 84: 長禄二年戊寅正月, 見聞雜記.",A00:6257,レキダイ ザンケツ ニッキ,,[黒川春村編],[書写地不明] : [書写者不明],[1858],[安政5],127巻目録1巻 (存29巻),写本,28×20cm,"責任表示及び書写年は『日本古典籍総合目録データベース』による28末の原奥書に「右山丞記依 仰挍合書冩/享和二年四月 日撿挍保己一」とあり
50「正安二年八月十一日於仙洞被始行熾盛光法」末の原奥書に「文化十五年春二月以南山法曼院藏夲書冩之 撿挍保己一」とあり
横刷毛目表紙を使用
朱点, 朱引, 朱墨筆書き入れあり
付箋あり
蔵書印主信濃須坂藩主堀直格の命によって編集された古記録
他の原本は関東大震災により焼失
極札に「桂壽」(6), 「尚信」(53)との極書, 「武清」(44, 53), 「永海」(51), 「了伴」(52), 「了甫」(74), 「定時」(84, 88)との極印あり
印記: 「花廼家文庫」, 「墨阪十一代主寫藏記」(堀直格(1806-1880)), 「東京大學法理文學部書庫所藏」, 「閲覧室用 FOR USE IN THE READING ROOM」
虫損あり",日本語,和古書,,http://tify.sub.uni-goettingen.de/demo.html?manifest=https://archdataset.dl.itc.u-tokyo.ac.jp/manifest/d5e22e70-895a-280e-14ec-ef4b2dd95e0a.json,d5e22e70-895a-280e-14ec-ef4b2dd95e0a,https://iiif.dl.itc.u-tokyo.ac.jp/repo/s/koten,https://iiif.dl.itc.u-tokyo.ac.jp/repo/s/koten/document/d5e22e70-895a-280e-14ec-ef4b2dd95e0a,https://www.lib.u-tokyo.ac.jp/ja/library/contents/archives-top/reuse,https://iiif.dl.itc.u-tokyo.ac.jp/repo/files/medium/7df793e0b5f94f307394116f54f735f0148532d2.jpg,https://iiif.dl.itc.u-tokyo.ac.jp/repo/api/items/1155982,"東京大学総合図書館 General Library, The University of Tokyo, JAPAN",http://iiif.io/api/presentation/2#rightToLeftDirection,,総合図書館所蔵古典籍,,,https://iiif.dl.itc.u-tokyo.ac.jp/repo/iiif/d5e22e70-895a-280e-14ec-ef4b2dd95e0a/manifest,,,,,65
歴代殘闕日記 87: 言國卿記.,A00:6257,レキダイ ザンケツ ニッキ,,[黒川春村編],[書写地不明] : [書写者不明],[1858],[安政5],127巻目録1巻 (存29巻),写本,28×20cm,"責任表示及び書写年は『日本古典籍総合目録データベース』による28末の原奥書に「右山丞記依 仰挍合書冩/享和二年四月 日撿挍保己一」とあり
50「正安二年八月十一日於仙洞被始行熾盛光法」末の原奥書に「文化十五年春二月以南山法曼院藏夲書冩之 撿挍保己一」とあり
横刷毛目表紙を使用
朱点, 朱引, 朱墨筆書き入れあり
付箋あり
蔵書印主信濃須坂藩主堀直格の命によって編集された古記録
他の原本は関東大震災により焼失
極札に「桂壽」(6), 「尚信」(53)との極書, 「武清」(44, 53), 「永海」(51), 「了伴」(52), 「了甫」(74), 「定時」(84, 88)との極印あり
印記: 「花廼家文庫」, 「墨阪十一代主寫藏記」(堀直格(1806-1880)), 「東京大學法理文學部書庫所藏」, 「閲覧室用 FOR USE IN THE READING ROOM」
虫損あり",日本語,和古書,,http://tify.sub.uni-goettingen.de/demo.html?manifest=https://archdataset.dl.itc.u-tokyo.ac.jp/manifest/89ec866b-6fd2-5821-7a2f-847bd7351cb3.json,89ec866b-6fd2-5821-7a2f-847bd7351cb3,https://iiif.dl.itc.u-tokyo.ac.jp/repo/s/koten,https://iiif.dl.itc.u-tokyo.ac.jp/repo/s/koten/document/89ec866b-6fd2-5821-7a2f-847bd7351cb3,https://www.lib.u-tokyo.ac.jp/ja/library/contents/archives-top/reuse,https://iiif.dl.itc.u-tokyo.ac.jp/repo/files/medium/0229544697cfd714f50ff0e5a8adce35aed74122.jpg,https://iiif.dl.itc.u-tokyo.ac.jp/repo/api/items/1155983,"東京大学総合図書館 General Library, The University of Tokyo, JAPAN",http://iiif.io/api/presentation/2#rightToLeftDirection,,総合図書館所蔵古典籍,,,https://iiif.dl.itc.u-tokyo.ac.jp/repo/iiif/89ec866b-6fd2-5821-7a2f-847bd7351cb3/manifest,,,,,69
"歴代殘闕日記 88: 長興宿祢記, 元長卿記, 兼顕卿記, 小槻晴冨記",A00:6257,レキダイ ザンケツ ニッキ,,[黒川春村編],[書写地不明] : [書写者不明],[1858],[安政5],127巻目録1巻 (存29巻),写本,28×20cm,"責任表示及び書写年は『日本古典籍総合目録データベース』による28末の原奥書に「右山丞記依 仰挍合書冩/享和二年四月 日撿挍保己一」とあり
50「正安二年八月十一日於仙洞被始行熾盛光法」末の原奥書に「文化十五年春二月以南山法曼院藏夲書冩之 撿挍保己一」とあり
横刷毛目表紙を使用
朱点, 朱引, 朱墨筆書き入れあり
付箋あり
蔵書印主信濃須坂藩主堀直格の命によって編集された古記録
他の原本は関東大震災により焼失
極札に「桂壽」(6), 「尚信」(53)との極書, 「武清」(44, 53), 「永海」(51), 「了伴」(52), 「了甫」(74), 「定時」(84, 88)との極印あり
印記: 「花廼家文庫」, 「墨阪十一代主寫藏記」(堀直格(1806-1880)), 「東京大學法理文學部書庫所藏」, 「閲覧室用 FOR USE IN THE READING ROOM」
虫損あり",日本語,和古書,,http://tify.sub.uni-goettingen.de/demo.html?manifest=https://archdataset.dl.itc.u-tokyo.ac.jp/manifest/b42dd777-a653-0086-615f-97f2ca582785.json,b42dd777-a653-0086-615f-97f2ca582785,https://iiif.dl.itc.u-tokyo.ac.jp/repo/s/koten,https://iiif.dl.itc.u-tokyo.ac.jp/repo/s/koten/document/b42dd777-a653-0086-615f-97f2ca582785,https://www.lib.u-tokyo.ac.jp/ja/library/contents/archives-top/reuse,https://iiif.dl.itc.u-tokyo.ac.jp/repo/files/medium/bb328cc6edbbf23da3d5c7bdee79df04a50c8586.jpg,https://iiif.dl.itc.u-tokyo.ac.jp/repo/api/items/1155984,"東京大学総合図書館 General Library, The University of Tokyo, JAPAN",http://iiif.io/api/presentation/2#rightToLeftDirection,,総合図書館所蔵古典籍,,,https://iiif.dl.itc.u-tokyo.ac.jp/repo/iiif/b42dd777-a653-0086-615f-97f2ca582785/manifest,,,,,68
開目抄 上,鴎C40:774,カイモクショウ,開目鈔,日蓮,平樂寺村上勘兵衞,1756,[寶暦6刊],2巻2冊,,25cm,題簽の書名: 開目鈔|印記: 「釋印義董」|裏表紙に「蓮祖祕要其義在両卷乎矣 玄々子 日蓮宗第九区檀林誥 明治廿七年十二月九日夜 大塚存妙藏」と朱書あり,日本語,和古書,鴎外文庫,http://tify.sub.uni-goettingen.de/demo.html?manifest=https://archdataset.dl.itc.u-tokyo.ac.jp/manifest/e5f79d11-0926-701b-5f6c-1c81d5393639.json,e5f79d11-0926-701b-5f6c-1c81d5393639,https://iiif.dl.itc.u-tokyo.ac.jp/repo/s/koten,https://iiif.dl.itc.u-tokyo.ac.jp/repo/s/koten/document/e5f79d11-0926-701b-5f6c-1c81d5393639,https://www.lib.u-tokyo.ac.jp/ja/library/contents/archives-top/reuse,https://iiif.dl.itc.u-tokyo.ac.jp/repo/files/medium/c638b53eb6c910ca967f6ba1e6b065c18fae1a21.jpg,https://iiif.dl.itc.u-tokyo.ac.jp/repo/api/items/1168694,"東京大学総合図書館 General Library, The University of Tokyo, JAPAN",http://iiif.io/api/presentation/2#rightToLeftDirection,,総合図書館所蔵古典籍,,,https://iiif.dl.itc.u-tokyo.ac.jp/repo/iiif/e5f79d11-0926-701b-5f6c-1c81d5393639/manifest,,,,,51
"歴代殘闕日記 42: 大宮司長則記, 口筆 : 實經, 顕朝卿記, 鴨御幸記.",A00:6257,レキダイ ザンケツ ニッキ,,[黒川春村編],[書写地不明] : [書写者不明],[1858],[安政5],127巻目録1巻 (存29巻),写本,28×20cm,"責任表示及び書写年は『日本古典籍総合目録データベース』による28末の原奥書に「右山丞記依 仰挍合書冩/享和二年四月 日撿挍保己一」とあり
50「正安二年八月十一日於仙洞被始行熾盛光法」末の原奥書に「文化十五年春二月以南山法曼院藏夲書冩之 撿挍保己一」とあり
横刷毛目表紙を使用
朱点, 朱引, 朱墨筆書き入れあり
付箋あり
蔵書印主信濃須坂藩主堀直格の命によって編集された古記録
他の原本は関東大震災により焼失
極札に「桂壽」(6), 「尚信」(53)との極書, 「武清」(44, 53), 「永海」(51), 「了伴」(52), 「了甫」(74), 「定時」(84, 88)との極印あり
印記: 「花廼家文庫」, 「墨阪十一代主寫藏記」(堀直格(1806-1880)), 「東京大學法理文學部書庫所藏」, 「閲覧室用 FOR USE IN THE READING ROOM」
虫損あり",日本語,和古書,,http://tify.sub.uni-goettingen.de/demo.html?manifest=https://archdataset.dl.itc.u-tokyo.ac.jp/manifest/2ac61f4e-7cce-2648-12fb-4ded16e4a721.json,2ac61f4e-7cce-2648-12fb-4ded16e4a721,https://iiif.dl.itc.u-tokyo.ac.jp/repo/s/koten,https://iiif.dl.itc.u-tokyo.ac.jp/repo/s/koten/document/2ac61f4e-7cce-2648-12fb-4ded16e4a721,https://www.lib.u-tokyo.ac.jp/ja/library/contents/archives-top/reuse,https://iiif.dl.itc.u-tokyo.ac.jp/repo/files/medium/426e8d441a69e8350b07121f1bd30d04a58bf7e1.jpg,https://iiif.dl.itc.u-tokyo.ac.jp/repo/api/items/1155963,"東京大学総合図書館 General Library, The University of Tokyo, JAPAN",http://iiif.io/api/presentation/2#rightToLeftDirection,,総合図書館所蔵古典籍,,,https://iiif.dl.itc.u-tokyo.ac.jp/repo/iiif/2ac61f4e-7cce-2648-12fb-4ded16e4a721/manifest,,,,,67
"歴代殘闕日記 44: 頼親記, 亀山殿行幸記 : 雅言卿記, 兼基公記.",A00:6257,レキダイ ザンケツ ニッキ,,[黒川春村編],[書写地不明] : [書写者不明],[1858],[安政5],127巻目録1巻 (存29巻),写本,28×20cm,"責任表示及び書写年は『日本古典籍総合目録データベース』による28末の原奥書に「右山丞記依 仰挍合書冩/享和二年四月 日撿挍保己一」とあり
50「正安二年八月十一日於仙洞被始行熾盛光法」末の原奥書に「文化十五年春二月以南山法曼院藏夲書冩之 撿挍保己一」とあり
横刷毛目表紙を使用
朱点, 朱引, 朱墨筆書き入れあり
付箋あり
蔵書印主信濃須坂藩主堀直格の命によって編集された古記録
他の原本は関東大震災により焼失
極札に「桂壽」(6), 「尚信」(53)との極書, 「武清」(44, 53), 「永海」(51), 「了伴」(52), 「了甫」(74), 「定時」(84, 88)との極印あり
印記: 「花廼家文庫」, 「墨阪十一代主寫藏記」(堀直格(1806-1880)), 「東京大學法理文學部書庫所藏」, 「閲覧室用 FOR USE IN THE READING ROOM」
虫損あり",日本語,和古書,,http://tify.sub.uni-goettingen.de/demo.html?manifest=https://archdataset.dl.itc.u-tokyo.ac.jp/manifest/6cc063b5-6144-7a5d-7468-a0946d471d8a.json,6cc063b5-6144-7a5d-7468-a0946d471d8a,https://iiif.dl.itc.u-tokyo.ac.jp/repo/s/koten,https://iiif.dl.itc.u-tokyo.ac.jp/repo/s/koten/document/6cc063b5-6144-7a5d-7468-a0946d471d8a,https://www.lib.u-tokyo.ac.jp/ja/library/contents/archives-top/reuse,https://iiif.dl.itc.u-tokyo.ac.jp/repo/files/medium/b9473f087d2dfdb3422e92d23afa3dbdfa543b54.jpg,https://iiif.dl.itc.u-tokyo.ac.jp/repo/api/items/1155965,"東京大学総合図書館 General Library, The University of Tokyo, JAPAN",http://iiif.io/api/presentation/2#rightToLeftDirection,,総合図書館所蔵古典籍,,,https://iiif.dl.itc.u-tokyo.ac.jp/repo/iiif/6cc063b5-6144-7a5d-7468-a0946d471d8a/manifest,,,,,66
改元部類記 2,G26:899,カイゲン ブルイキ,"改元部類, 改元部類及附録",不明,[書写地不明] : [書写者不明],不明,[書写年不明],7巻,写本,29-30cm,書名及び巻次は扉(原表紙)による|題簽の書名: 改元部類|頭注あり|印記: 「野宮書印」|朱墨書き入れあり|付箋あり,日本語,和古書,,http://tify.sub.uni-goettingen.de/demo.html?manifest=https://archdataset.dl.itc.u-tokyo.ac.jp/manifest/116e573b-7ecd-5efa-5de3-fa47790490ac.json,116e573b-7ecd-5efa-5de3-fa47790490ac,https://iiif.dl.itc.u-tokyo.ac.jp/repo/s/koten,https://iiif.dl.itc.u-tokyo.ac.jp/repo/s/koten/document/116e573b-7ecd-5efa-5de3-fa47790490ac,https://www.lib.u-tokyo.ac.jp/ja/library/contents/archives-top/reuse,https://iiif.dl.itc.u-tokyo.ac.jp/repo/files/medium/2e4608eab728f44088622722f74496bfb3051993.jpg,https://iiif.dl.itc.u-tokyo.ac.jp/repo/api/items/1155845,"東京大学総合図書館 General Library, The University of Tokyo, JAPAN",http://iiif.io/api/presentation/2#rightToLeftDirection,,総合図書館所蔵古典籍,,,https://iiif.dl.itc.u-tokyo.ac.jp/repo/iiif/116e573b-7ecd-5efa-5de3-fa47790490ac/manifest,,,,,67
改元部類記 3,G26:899,カイゲン ブルイキ,"改元部類, 改元部類及附録",不明,[書写地不明] : [書写者不明],不明,[書写年不明],7巻,写本,29-30cm,書名及び巻次は扉(原表紙)による|題簽の書名: 改元部類|頭注あり|印記: 「野宮書印」|朱墨書き入れあり|付箋あり,日本語,和古書,,http://tify.sub.uni-goettingen.de/demo.html?manifest=https://archdataset.dl.itc.u-tokyo.ac.jp/manifest/2990ab30-72af-72c8-6c45-f5e1edcf4493.json,2990ab30-72af-72c8-6c45-f5e1edcf4493,https://iiif.dl.itc.u-tokyo.ac.jp/repo/s/koten,https://iiif.dl.itc.u-tokyo.ac.jp/repo/s/koten/document/2990ab30-72af-72c8-6c45-f5e1edcf4493,https://www.lib.u-tokyo.ac.jp/ja/library/contents/archives-top/reuse,https://iiif.dl.itc.u-tokyo.ac.jp/repo/files/medium/67f9b91dc5dfa8e46317b4ca1ebe05245f792f9d.jpg,https://iiif.dl.itc.u-tokyo.ac.jp/repo/api/items/1155846,"東京大学総合図書館 General Library, The University of Tokyo, JAPAN",http://iiif.io/api/presentation/2#rightToLeftDirection,,総合図書館所蔵古典籍,,,https://iiif.dl.itc.u-tokyo.ac.jp/repo/iiif/2990ab30-72af-72c8-6c45-f5e1edcf4493/manifest,,,,,115
改元部類記 4,G26:899,カイゲン ブルイキ,"改元部類, 改元部類及附録",不明,[書写地不明] : [書写者不明],不明,[書写年不明],7巻,写本,29-30cm,書名及び巻次は扉(原表紙)による|題簽の書名: 改元部類|頭注あり|印記: 「野宮書印」|朱墨書き入れあり|付箋あり,日本語,和古書,,http://tify.sub.uni-goettingen.de/demo.html?manifest=https://archdataset.dl.itc.u-tokyo.ac.jp/manifest/e82bc888-60c2-4d43-561f-8092b0c33e89.json,e82bc888-60c2-4d43-561f-8092b0c33e89,https://iiif.dl.itc.u-tokyo.ac.jp/repo/s/koten,https://iiif.dl.itc.u-tokyo.ac.jp/repo/s/koten/document/e82bc888-60c2-4d43-561f-8092b0c33e89,https://www.lib.u-tokyo.ac.jp/ja/library/contents/archives-top/reuse,https://iiif.dl.itc.u-tokyo.ac.jp/repo/files/medium/3adc539620d3ed27ebf0d1643c3d0a612b14e366.jpg,https://iiif.dl.itc.u-tokyo.ac.jp/repo/api/items/1155847,"東京大学総合図書館 General Library, The University of Tokyo, JAPAN",http://iiif.io/api/presentation/2#rightToLeftDirection,,総合図書館所蔵古典籍,,,https://iiif.dl.itc.u-tokyo.ac.jp/repo/iiif/e82bc888-60c2-4d43-561f-8092b0c33e89/manifest,,,,,93
改元部類記 5,G26:899,カイゲン ブルイキ,"改元部類, 改元部類及附録",不明,[書写地不明] : [書写者不明],不明,[書写年不明],7巻,写本,29-30cm,書名及び巻次は扉(原表紙)による|題簽の書名: 改元部類|頭注あり|印記: 「野宮書印」|朱墨書き入れあり|付箋あり,日本語,和古書,,http://tify.sub.uni-goettingen.de/demo.html?manifest=https://archdataset.dl.itc.u-tokyo.ac.jp/manifest/ff8a080b-315c-1ccc-9e24-f306c835981b.json,ff8a080b-315c-1ccc-9e24-f306c835981b,https://iiif.dl.itc.u-tokyo.ac.jp/repo/s/koten,https://iiif.dl.itc.u-tokyo.ac.jp/repo/s/koten/document/ff8a080b-315c-1ccc-9e24-f306c835981b,https://www.lib.u-tokyo.ac.jp/ja/library/contents/archives-top/reuse,https://iiif.dl.itc.u-tokyo.ac.jp/repo/files/medium/bd97abc56512814d3b3900e58890292e4886762b.jpg,https://iiif.dl.itc.u-tokyo.ac.jp/repo/api/items/1155848,"東京大学総合図書館 General Library, The University of Tokyo, JAPAN",http://iiif.io/api/presentation/2#rightToLeftDirection,,総合図書館所蔵古典籍,,,https://iiif.dl.itc.u-tokyo.ac.jp/repo/iiif/ff8a080b-315c-1ccc-9e24-f306c835981b/manifest,,,,,132
改元部類記 6,G26:899,カイゲン ブルイキ,"改元部類, 改元部類及附録",不明,[書写地不明] : [書写者不明],不明,[書写年不明],7巻,写本,29-30cm,書名及び巻次は扉(原表紙)による|題簽の書名: 改元部類|頭注あり|印記: 「野宮書印」|朱墨書き入れあり|付箋あり,日本語,和古書,,http://tify.sub.uni-goettingen.de/demo.html?manifest=https://archdataset.dl.itc.u-tokyo.ac.jp/manifest/530999e2-8950-3626-144c-590d5afb8ca6.json,530999e2-8950-3626-144c-590d5afb8ca6,https://iiif.dl.itc.u-tokyo.ac.jp/repo/s/koten,https://iiif.dl.itc.u-tokyo.ac.jp/repo/s/koten/document/530999e2-8950-3626-144c-590d5afb8ca6,https://www.lib.u-tokyo.ac.jp/ja/library/contents/archives-top/reuse,https://iiif.dl.itc.u-tokyo.ac.jp/repo/files/medium/4dabc2f5aef32c08766f551a6419f1459621417e.jpg,https://iiif.dl.itc.u-tokyo.ac.jp/repo/api/items/1155849,"東京大学総合図書館 General Library, The University of Tokyo, JAPAN",http://iiif.io/api/presentation/2#rightToLeftDirection,,総合図書館所蔵古典籍,,,https://iiif.dl.itc.u-tokyo.ac.jp/repo/iiif/530999e2-8950-3626-144c-590d5afb8ca6/manifest,,,,,114
改元部類記 7,G26:899,カイゲン ブルイキ,"改元部類, 改元部類及附録",不明,[書写地不明] : [書写者不明],不明,[書写年不明],7巻,写本,29-30cm,書名及び巻次は扉(原表紙)による|題簽の書名: 改元部類|頭注あり|印記: 「野宮書印」|朱墨書き入れあり|付箋あり,日本語,和古書,,http://tify.sub.uni-goettingen.de/demo.html?manifest=https://archdataset.dl.itc.u-tokyo.ac.jp/manifest/d5ab5653-1382-4795-7ade-91f3d45104a4.json,d5ab5653-1382-4795-7ade-91f3d45104a4,https://iiif.dl.itc.u-tokyo.ac.jp/repo/s/koten,https://iiif.dl.itc.u-tokyo.ac.jp/repo/s/koten/document/d5ab5653-1382-4795-7ade-91f3d45104a4,https://www.lib.u-tokyo.ac.jp/ja/library/contents/archives-top/reuse,https://iiif.dl.itc.u-tokyo.ac.jp/repo/files/medium/3233818cc63040098758d09724e6a172d3d6350d.jpg,https://iiif.dl.itc.u-tokyo.ac.jp/repo/api/items/1155850,"東京大学総合図書館 General Library, The University of Tokyo, JAPAN",http://iiif.io/api/presentation/2#rightToLeftDirection,,総合図書館所蔵古典籍,,,https://iiif.dl.itc.u-tokyo.ac.jp/repo/iiif/d5ab5653-1382-4795-7ade-91f3d45104a4/manifest,,,,,150
改元部類 別録,G26:899,カイゲン ブルイキ ベツロク,改元部類及附録,不明,[書写地不明] : [書写者不明],不明,[書写年不明],1冊,写本,28cm,書名は原表紙による|頭注あり|印記: 「野宮書印」|朱墨書き入れあり|付箋あり,日本語,和古書,,http://tify.sub.uni-goettingen.de/demo.html?manifest=https://archdataset.dl.itc.u-tokyo.ac.jp/manifest/d6b9e32c-418f-a29d-9f6a-9077626a32d8.json,d6b9e32c-418f-a29d-9f6a-9077626a32d8,https://iiif.dl.itc.u-tokyo.ac.jp/repo/s/koten,https://iiif.dl.itc.u-tokyo.ac.jp/repo/s/koten/document/d6b9e32c-418f-a29d-9f6a-9077626a32d8,https://www.lib.u-tokyo.ac.jp/ja/library/contents/archives-top/reuse,https://iiif.dl.itc.u-tokyo.ac.jp/repo/files/medium/4182a7a455a0f3c3dcd2fd6c8e29e992b825b8a7.jpg,https://iiif.dl.itc.u-tokyo.ac.jp/repo/api/items/1155851,"東京大学総合図書館 General Library, The University of Tokyo, JAPAN",http://iiif.io/api/presentation/2#rightToLeftDirection,,総合図書館所蔵古典籍,,,https://iiif.dl.itc.u-tokyo.ac.jp/repo/iiif/d6b9e32c-418f-a29d-9f6a-9077626a32d8/manifest,,,,,95
天皇元服部類記,G26:965,テンノウ ゲンプク ブルイキ,,不明,[書写地不明] : [書写者不明],不明,[書写年不明],1冊,写本,28cm,仮綴|印記: 「野宮書印」|朱筆書き入れあり,日本語,和古書,,http://tify.sub.uni-goettingen.de/demo.html?manifest=https://archdataset.dl.itc.u-tokyo.ac.jp/manifest/a6725ed1-3c5f-3363-6ea5-2db3e6eb86ee.json,a6725ed1-3c5f-3363-6ea5-2db3e6eb86ee,https://iiif.dl.itc.u-tokyo.ac.jp/repo/s/koten,https://iiif.dl.itc.u-tokyo.ac.jp/repo/s/koten/document/a6725ed1-3c5f-3363-6ea5-2db3e6eb86ee,https://www.lib.u-tokyo.ac.jp/ja/library/contents/archives-top/reuse,https://iiif.dl.itc.u-tokyo.ac.jp/repo/files/medium/587bc97483f980c666ea31a9fd4da0d64bffc5f0.jpg,https://iiif.dl.itc.u-tokyo.ac.jp/repo/api/items/1155852,"東京大学総合図書館 General Library, The University of Tokyo, JAPAN",http://iiif.io/api/presentation/2#rightToLeftDirection,,総合図書館所蔵古典籍,,,https://iiif.dl.itc.u-tokyo.ac.jp/repo/iiif/a6725ed1-3c5f-3363-6ea5-2db3e6eb86ee/manifest,,,,,87
當用書禮 上,G26:1015,トウヨウ ショレイ,当用書礼,不明,[書写地不明] : [書写者不明],不明,[書写年不明],2巻2冊,写本,23cm,跋末に「寛文四年辰二月 久保吉右衛門」とあり|印記: 「中井氏」|各見返しに「百五十六号」(上)「百五十七号」(下)と墨書あり,日本語,和古書,,http://tify.sub.uni-goettingen.de/demo.html?manifest=https://archdataset.dl.itc.u-tokyo.ac.jp/manifest/e127fb62-21af-753d-1459-216aee0990b5.json,e127fb62-21af-753d-1459-216aee0990b5,https://iiif.dl.itc.u-tokyo.ac.jp/repo/s/koten,https://iiif.dl.itc.u-tokyo.ac.jp/repo/s/koten/document/e127fb62-21af-753d-1459-216aee0990b5,https://www.lib.u-tokyo.ac.jp/ja/library/contents/archives-top/reuse,https://iiif.dl.itc.u-tokyo.ac.jp/repo/files/medium/3cbd0a4354f407906f47d0efa8301a73ae09fd8c.jpg,https://iiif.dl.itc.u-tokyo.ac.jp/repo/api/items/1155853,"東京大学総合図書館 General Library, The University of Tokyo, JAPAN",http://iiif.io/api/presentation/2#rightToLeftDirection,,総合図書館所蔵古典籍,,,https://iiif.dl.itc.u-tokyo.ac.jp/repo/iiif/e127fb62-21af-753d-1459-216aee0990b5/manifest,,,,,54
當用書禮 下,G26:1015,トウヨウ ショレイ,当用書礼,不明,[書写地不明] : [書写者不明],不明,[書写年不明],2巻2冊,写本,23cm,跋末に「寛文四年辰二月 久保吉右衛門」とあり|印記: 「中井氏」|各見返しに「百五十六号」(上)「百五十七号」(下)と墨書あり,日本語,和古書,,http://tify.sub.uni-goettingen.de/demo.html?manifest=https://archdataset.dl.itc.u-tokyo.ac.jp/manifest/1ec6b6d3-6af9-7192-82a9-331b27db56a5.json,1ec6b6d3-6af9-7192-82a9-331b27db56a5,https://iiif.dl.itc.u-tokyo.ac.jp/repo/s/koten,https://iiif.dl.itc.u-tokyo.ac.jp/repo/s/koten/document/1ec6b6d3-6af9-7192-82a9-331b27db56a5,https://www.lib.u-tokyo.ac.jp/ja/library/contents/archives-top/reuse,https://iiif.dl.itc.u-tokyo.ac.jp/repo/files/medium/65a74d079b0ed86af5163cdcf9c56ff2860718a5.jpg,https://iiif.dl.itc.u-tokyo.ac.jp/repo/api/items/1155854,"東京大学総合図書館 General Library, The University of Tokyo, JAPAN",http://iiif.io/api/presentation/2#rightToLeftDirection,,総合図書館所蔵古典籍,,,https://iiif.dl.itc.u-tokyo.ac.jp/repo/iiif/1ec6b6d3-6af9-7192-82a9-331b27db56a5/manifest,,,,,68
山槐記 4,G27:230,サンカイキ,,[中山忠親著],[書写地不明] : [書写者不明],不明,[書写年不明],"30冊(1-3,18欠)",写本,27-29cm,"巻次は巻末の貼紙による|責任表示は『日本古典籍総合目録データベース』による|12の奥書に「文化二年冬与正親町入道前大納言校合了 中宮大夫公修」とあり|4: 永暦元年秋. 5: 永暦元年十一月. 6: 永暦元年十二月. 7: 永暦二年四月. 8: 應保元年秋. [補1]: 應保元年十二月. [補2]: 長寛二年三月六月. 9: 仁安二年二月. 10: 仁安二年三月. 11: 仁安二年四月五月六月. 12: 安元々年秋. 13: 治承二年正月. 14: 治承二年五月六月閏六月. 15: 治承二年十月. 16: 治承二年十一月. 17: 治承三年正月. 19: 治承三年夏奥七月歟. 20: 治承三年冬. 21: 治承四年二月. 22: 治承四年三月. 23: 治承四年四月. 24: 治承四年五月. 25: 治承四年秋. 26: 治承四年冬. 27: 元暦元年七月即位事. 28: 元暦元年八月大嘗會検校事. 29: 元暦元年九月大嘗會検校. 30: 元暦二年元日節會. 31: (元暦二)文治元年七月八月九月. 32: 執筆要|[補1-2]: 補配([補1]の奥書に「以山田大学本写之 文化十一年十月中宮大夫藤」とあり)|印記: 「三條文庫」,「弎條文庫」,「三條之印」|朱墨書き入れあり|付箋あり|虫損あり",日本語,和古書,三條文庫,http://tify.sub.uni-goettingen.de/demo.html?manifest=https://archdataset.dl.itc.u-tokyo.ac.jp/manifest/3708ced6-4690-8601-a39c-77db010e2d70.json,3708ced6-4690-8601-a39c-77db010e2d70,https://iiif.dl.itc.u-tokyo.ac.jp/repo/s/koten,https://iiif.dl.itc.u-tokyo.ac.jp/repo/s/koten/document/3708ced6-4690-8601-a39c-77db010e2d70,https://www.lib.u-tokyo.ac.jp/ja/library/contents/archives-top/reuse,https://iiif.dl.itc.u-tokyo.ac.jp/repo/files/medium/769096e1fb5fcff39ee9493624dc824d6abd4340.jpg,https://iiif.dl.itc.u-tokyo.ac.jp/repo/api/items/1155855,"東京大学総合図書館 General Library, The University of Tokyo, JAPAN",http://iiif.io/api/presentation/2#rightToLeftDirection,,総合図書館所蔵古典籍,,,https://iiif.dl.itc.u-tokyo.ac.jp/repo/iiif/3708ced6-4690-8601-a39c-77db010e2d70/manifest,,,,,38
山槐記 5,G27:230,サンカイキ,,[中山忠親著],[書写地不明] : [書写者不明],不明,[書写年不明],"30冊(1-3,18欠)",写本,27-29cm,"巻次は巻末の貼紙による|責任表示は『日本古典籍総合目録データベース』による|12の奥書に「文化二年冬与正親町入道前大納言校合了 中宮大夫公修」とあり|4: 永暦元年秋. 5: 永暦元年十一月. 6: 永暦元年十二月. 7: 永暦二年四月. 8: 應保元年秋. [補1]: 應保元年十二月. [補2]: 長寛二年三月六月. 9: 仁安二年二月. 10: 仁安二年三月. 11: 仁安二年四月五月六月. 12: 安元々年秋. 13: 治承二年正月. 14: 治承二年五月六月閏六月. 15: 治承二年十月. 16: 治承二年十一月. 17: 治承三年正月. 19: 治承三年夏奥七月歟. 20: 治承三年冬. 21: 治承四年二月. 22: 治承四年三月. 23: 治承四年四月. 24: 治承四年五月. 25: 治承四年秋. 26: 治承四年冬. 27: 元暦元年七月即位事. 28: 元暦元年八月大嘗會検校事. 29: 元暦元年九月大嘗會検校. 30: 元暦二年元日節會. 31: (元暦二)文治元年七月八月九月. 32: 執筆要|[補1-2]: 補配([補1]の奥書に「以山田大学本写之 文化十一年十月中宮大夫藤」とあり)|印記: 「三條文庫」,「弎條文庫」,「三條之印」|朱墨書き入れあり|付箋あり|虫損あり",日本語,和古書,三條文庫,http://tify.sub.uni-goettingen.de/demo.html?manifest=https://archdataset.dl.itc.u-tokyo.ac.jp/manifest/6cec0037-985e-5a91-43b0-70f6abb02e9a.json,6cec0037-985e-5a91-43b0-70f6abb02e9a,https://iiif.dl.itc.u-tokyo.ac.jp/repo/s/koten,https://iiif.dl.itc.u-tokyo.ac.jp/repo/s/koten/document/6cec0037-985e-5a91-43b0-70f6abb02e9a,https://www.lib.u-tokyo.ac.jp/ja/library/contents/archives-top/reuse,https://iiif.dl.itc.u-tokyo.ac.jp/repo/files/medium/b12bcb866f3209d6a9974d3cb489c61dca8402a0.jpg,https://iiif.dl.itc.u-tokyo.ac.jp/repo/api/items/1155856,"東京大学総合図書館 General Library, The University of Tokyo, JAPAN",http://iiif.io/api/presentation/2#rightToLeftDirection,,総合図書館所蔵古典籍,,,https://iiif.dl.itc.u-tokyo.ac.jp/repo/iiif/6cec0037-985e-5a91-43b0-70f6abb02e9a/manifest,,,,,41
山槐記 6,G27:230,サンカイキ,,[中山忠親著],[書写地不明] : [書写者不明],不明,[書写年不明],"30冊(1-3,18欠)",写本,27-29cm,"巻次は巻末の貼紙による|責任表示は『日本古典籍総合目録データベース』による|12の奥書に「文化二年冬与正親町入道前大納言校合了 中宮大夫公修」とあり|4: 永暦元年秋. 5: 永暦元年十一月. 6: 永暦元年十二月. 7: 永暦二年四月. 8: 應保元年秋. [補1]: 應保元年十二月. [補2]: 長寛二年三月六月. 9: 仁安二年二月. 10: 仁安二年三月. 11: 仁安二年四月五月六月. 12: 安元々年秋. 13: 治承二年正月. 14: 治承二年五月六月閏六月. 15: 治承二年十月. 16: 治承二年十一月. 17: 治承三年正月. 19: 治承三年夏奥七月歟. 20: 治承三年冬. 21: 治承四年二月. 22: 治承四年三月. 23: 治承四年四月. 24: 治承四年五月. 25: 治承四年秋. 26: 治承四年冬. 27: 元暦元年七月即位事. 28: 元暦元年八月大嘗會検校事. 29: 元暦元年九月大嘗會検校. 30: 元暦二年元日節會. 31: (元暦二)文治元年七月八月九月. 32: 執筆要|[補1-2]: 補配([補1]の奥書に「以山田大学本写之 文化十一年十月中宮大夫藤」とあり)|印記: 「三條文庫」,「弎條文庫」,「三條之印」|朱墨書き入れあり|付箋あり|虫損あり",日本語,和古書,三條文庫,http://tify.sub.uni-goettingen.de/demo.html?manifest=https://archdataset.dl.itc.u-tokyo.ac.jp/manifest/727b71ac-21ee-9771-5e9c-7e18c5628b31.json,727b71ac-21ee-9771-5e9c-7e18c5628b31,https://iiif.dl.itc.u-tokyo.ac.jp/repo/s/koten,https://iiif.dl.itc.u-tokyo.ac.jp/repo/s/koten/document/727b71ac-21ee-9771-5e9c-7e18c5628b31,https://www.lib.u-tokyo.ac.jp/ja/library/contents/archives-top/reuse,https://iiif.dl.itc.u-tokyo.ac.jp/repo/files/medium/3c8a84d627d0ad1aafd66a586332e0c299b1d3ae.jpg,https://iiif.dl.itc.u-tokyo.ac.jp/repo/api/items/1155857,"東京大学総合図書館 General Library, The University of Tokyo, JAPAN",http://iiif.io/api/presentation/2#rightToLeftDirection,,総合図書館所蔵古典籍,,,https://iiif.dl.itc.u-tokyo.ac.jp/repo/iiif/727b71ac-21ee-9771-5e9c-7e18c5628b31/manifest,,,,,32
山槐記 7,G27:230,サンカイキ,,[中山忠親著],[書写地不明] : [書写者不明],不明,[書写年不明],"30冊(1-3,18欠)",写本,27-29cm,"巻次は巻末の貼紙による|責任表示は『日本古典籍総合目録データベース』による|12の奥書に「文化二年冬与正親町入道前大納言校合了 中宮大夫公修」とあり|4: 永暦元年秋. 5: 永暦元年十一月. 6: 永暦元年十二月. 7: 永暦二年四月. 8: 應保元年秋. [補1]: 應保元年十二月. [補2]: 長寛二年三月六月. 9: 仁安二年二月. 10: 仁安二年三月. 11: 仁安二年四月五月六月. 12: 安元々年秋. 13: 治承二年正月. 14: 治承二年五月六月閏六月. 15: 治承二年十月. 16: 治承二年十一月. 17: 治承三年正月. 19: 治承三年夏奥七月歟. 20: 治承三年冬. 21: 治承四年二月. 22: 治承四年三月. 23: 治承四年四月. 24: 治承四年五月. 25: 治承四年秋. 26: 治承四年冬. 27: 元暦元年七月即位事. 28: 元暦元年八月大嘗會検校事. 29: 元暦元年九月大嘗會検校. 30: 元暦二年元日節會. 31: (元暦二)文治元年七月八月九月. 32: 執筆要|[補1-2]: 補配([補1]の奥書に「以山田大学本写之 文化十一年十月中宮大夫藤」とあり)|印記: 「三條文庫」,「弎條文庫」,「三條之印」|朱墨書き入れあり|付箋あり|虫損あり",日本語,和古書,三條文庫,http://tify.sub.uni-goettingen.de/demo.html?manifest=https://archdataset.dl.itc.u-tokyo.ac.jp/manifest/8976e447-21b7-568d-96b6-610bdb6372f8.json,8976e447-21b7-568d-96b6-610bdb6372f8,https://iiif.dl.itc.u-tokyo.ac.jp/repo/s/koten,https://iiif.dl.itc.u-tokyo.ac.jp/repo/s/koten/document/8976e447-21b7-568d-96b6-610bdb6372f8,https://www.lib.u-tokyo.ac.jp/ja/library/contents/archives-top/reuse,https://iiif.dl.itc.u-tokyo.ac.jp/repo/files/medium/c4dff58524aa6de14656198fe44d2d18e130aff5.jpg,https://iiif.dl.itc.u-tokyo.ac.jp/repo/api/items/1155858,"東京大学総合図書館 General Library, The University of Tokyo, JAPAN",http://iiif.io/api/presentation/2#rightToLeftDirection,,総合図書館所蔵古典籍,,,https://iiif.dl.itc.u-tokyo.ac.jp/repo/iiif/8976e447-21b7-568d-96b6-610bdb6372f8/manifest,,,,,41
山槐記 8,G27:230,サンカイキ,,[中山忠親著],[書写地不明] : [書写者不明],不明,[書写年不明],"30冊(1-3,18欠)",写本,27-29cm,"巻次は巻末の貼紙による|責任表示は『日本古典籍総合目録データベース』による|12の奥書に「文化二年冬与正親町入道前大納言校合了 中宮大夫公修」とあり|4: 永暦元年秋. 5: 永暦元年十一月. 6: 永暦元年十二月. 7: 永暦二年四月. 8: 應保元年秋. [補1]: 應保元年十二月. [補2]: 長寛二年三月六月. 9: 仁安二年二月. 10: 仁安二年三月. 11: 仁安二年四月五月六月. 12: 安元々年秋. 13: 治承二年正月. 14: 治承二年五月六月閏六月. 15: 治承二年十月. 16: 治承二年十一月. 17: 治承三年正月. 19: 治承三年夏奥七月歟. 20: 治承三年冬. 21: 治承四年二月. 22: 治承四年三月. 23: 治承四年四月. 24: 治承四年五月. 25: 治承四年秋. 26: 治承四年冬. 27: 元暦元年七月即位事. 28: 元暦元年八月大嘗會検校事. 29: 元暦元年九月大嘗會検校. 30: 元暦二年元日節會. 31: (元暦二)文治元年七月八月九月. 32: 執筆要|[補1-2]: 補配([補1]の奥書に「以山田大学本写之 文化十一年十月中宮大夫藤」とあり)|印記: 「三條文庫」,「弎條文庫」,「三條之印」|朱墨書き入れあり|付箋あり|虫損あり",日本語,和古書,三條文庫,http://tify.sub.uni-goettingen.de/demo.html?manifest=https://archdataset.dl.itc.u-tokyo.ac.jp/manifest/15cd927b-3cab-960d-5919-6b231f1e7413.json,15cd927b-3cab-960d-5919-6b231f1e7413,https://iiif.dl.itc.u-tokyo.ac.jp/repo/s/koten,https://iiif.dl.itc.u-tokyo.ac.jp/repo/s/koten/document/15cd927b-3cab-960d-5919-6b231f1e7413,https://www.lib.u-tokyo.ac.jp/ja/library/contents/archives-top/reuse,https://iiif.dl.itc.u-tokyo.ac.jp/repo/files/medium/7178aaca01b2c4cb006beb508ff6138dc33cb8be.jpg,https://iiif.dl.itc.u-tokyo.ac.jp/repo/api/items/1155859,"東京大学総合図書館 General Library, The University of Tokyo, JAPAN",http://iiif.io/api/presentation/2#rightToLeftDirection,,総合図書館所蔵古典籍,,,https://iiif.dl.itc.u-tokyo.ac.jp/repo/iiif/15cd927b-3cab-960d-5919-6b231f1e7413/manifest,,,,,41
山槐記 補1,G27:230,サンカイキ,,[中山忠親著],[書写地不明] : [書写者不明],不明,[書写年不明],"30冊(1-3,18欠)",写本,27-29cm,"巻次は巻末の貼紙による|責任表示は『日本古典籍総合目録データベース』による|12の奥書に「文化二年冬与正親町入道前大納言校合了 中宮大夫公修」とあり|4: 永暦元年秋. 5: 永暦元年十一月. 6: 永暦元年十二月. 7: 永暦二年四月. 8: 應保元年秋. [補1]: 應保元年十二月. [補2]: 長寛二年三月六月. 9: 仁安二年二月. 10: 仁安二年三月. 11: 仁安二年四月五月六月. 12: 安元々年秋. 13: 治承二年正月. 14: 治承二年五月六月閏六月. 15: 治承二年十月. 16: 治承二年十一月. 17: 治承三年正月. 19: 治承三年夏奥七月歟. 20: 治承三年冬. 21: 治承四年二月. 22: 治承四年三月. 23: 治承四年四月. 24: 治承四年五月. 25: 治承四年秋. 26: 治承四年冬. 27: 元暦元年七月即位事. 28: 元暦元年八月大嘗會検校事. 29: 元暦元年九月大嘗會検校. 30: 元暦二年元日節會. 31: (元暦二)文治元年七月八月九月. 32: 執筆要|[補1-2]: 補配([補1]の奥書に「以山田大学本写之 文化十一年十月中宮大夫藤」とあり)|印記: 「三條文庫」,「弎條文庫」,「三條之印」|朱墨書き入れあり|付箋あり|虫損あり",日本語,和古書,三條文庫,http://tify.sub.uni-goettingen.de/demo.html?manifest=https://archdataset.dl.itc.u-tokyo.ac.jp/manifest/3d59d12f-648a-2a6b-44b8-4c46d2c09062.json,3d59d12f-648a-2a6b-44b8-4c46d2c09062,https://iiif.dl.itc.u-tokyo.ac.jp/repo/s/koten,https://iiif.dl.itc.u-tokyo.ac.jp/repo/s/koten/document/3d59d12f-648a-2a6b-44b8-4c46d2c09062,https://www.lib.u-tokyo.ac.jp/ja/library/contents/archives-top/reuse,https://iiif.dl.itc.u-tokyo.ac.jp/repo/files/medium/4a78a733fe1f6a75286bc9a9efa0a1337dac6d97.jpg,https://iiif.dl.itc.u-tokyo.ac.jp/repo/api/items/1155860,"東京大学総合図書館 General Library, The University of Tokyo, JAPAN",http://iiif.io/api/presentation/2#rightToLeftDirection,,総合図書館所蔵古典籍,,,https://iiif.dl.itc.u-tokyo.ac.jp/repo/iiif/3d59d12f-648a-2a6b-44b8-4c46d2c09062/manifest,,,,,65
山槐記 補2,G27:230,サンカイキ,,[中山忠親著],[書写地不明] : [書写者不明],不明,[書写年不明],"30冊(1-3,18欠)",写本,27-29cm,"巻次は巻末の貼紙による|責任表示は『日本古典籍総合目録データベース』による|12の奥書に「文化二年冬与正親町入道前大納言校合了 中宮大夫公修」とあり|4: 永暦元年秋. 5: 永暦元年十一月. 6: 永暦元年十二月. 7: 永暦二年四月. 8: 應保元年秋. [補1]: 應保元年十二月. [補2]: 長寛二年三月六月. 9: 仁安二年二月. 10: 仁安二年三月. 11: 仁安二年四月五月六月. 12: 安元々年秋. 13: 治承二年正月. 14: 治承二年五月六月閏六月. 15: 治承二年十月. 16: 治承二年十一月. 17: 治承三年正月. 19: 治承三年夏奥七月歟. 20: 治承三年冬. 21: 治承四年二月. 22: 治承四年三月. 23: 治承四年四月. 24: 治承四年五月. 25: 治承四年秋. 26: 治承四年冬. 27: 元暦元年七月即位事. 28: 元暦元年八月大嘗會検校事. 29: 元暦元年九月大嘗會検校. 30: 元暦二年元日節會. 31: (元暦二)文治元年七月八月九月. 32: 執筆要|[補1-2]: 補配([補1]の奥書に「以山田大学本写之 文化十一年十月中宮大夫藤」とあり)|印記: 「三條文庫」,「弎條文庫」,「三條之印」|朱墨書き入れあり|付箋あり|虫損あり",日本語,和古書,三條文庫,http://tify.sub.uni-goettingen.de/demo.html?manifest=https://archdataset.dl.itc.u-tokyo.ac.jp/manifest/1fb34856-7465-9cbe-7bcf-621f77a44ea9.json,1fb34856-7465-9cbe-7bcf-621f77a44ea9,https://iiif.dl.itc.u-tokyo.ac.jp/repo/s/koten,https://iiif.dl.itc.u-tokyo.ac.jp/repo/s/koten/document/1fb34856-7465-9cbe-7bcf-621f77a44ea9,https://www.lib.u-tokyo.ac.jp/ja/library/contents/archives-top/reuse,https://iiif.dl.itc.u-tokyo.ac.jp/repo/files/medium/6235d43de2405b1a63c1f1139342b390cee94bcc.jpg,https://iiif.dl.itc.u-tokyo.ac.jp/repo/api/items/1155861,"東京大学総合図書館 General Library, The University of Tokyo, JAPAN",http://iiif.io/api/presentation/2#rightToLeftDirection,,総合図書館所蔵古典籍,,,https://iiif.dl.itc.u-tokyo.ac.jp/repo/iiif/1fb34856-7465-9cbe-7bcf-621f77a44ea9/manifest,,,,,22
山槐記 9,G27:230,サンカイキ,,[中山忠親著],[書写地不明] : [書写者不明],不明,[書写年不明],"30冊(1-3,18欠)",写本,27-29cm,"巻次は巻末の貼紙による|責任表示は『日本古典籍総合目録データベース』による|12の奥書に「文化二年冬与正親町入道前大納言校合了 中宮大夫公修」とあり|4: 永暦元年秋. 5: 永暦元年十一月. 6: 永暦元年十二月. 7: 永暦二年四月. 8: 應保元年秋. [補1]: 應保元年十二月. [補2]: 長寛二年三月六月. 9: 仁安二年二月. 10: 仁安二年三月. 11: 仁安二年四月五月六月. 12: 安元々年秋. 13: 治承二年正月. 14: 治承二年五月六月閏六月. 15: 治承二年十月. 16: 治承二年十一月. 17: 治承三年正月. 19: 治承三年夏奥七月歟. 20: 治承三年冬. 21: 治承四年二月. 22: 治承四年三月. 23: 治承四年四月. 24: 治承四年五月. 25: 治承四年秋. 26: 治承四年冬. 27: 元暦元年七月即位事. 28: 元暦元年八月大嘗會検校事. 29: 元暦元年九月大嘗會検校. 30: 元暦二年元日節會. 31: (元暦二)文治元年七月八月九月. 32: 執筆要|[補1-2]: 補配([補1]の奥書に「以山田大学本写之 文化十一年十月中宮大夫藤」とあり)|印記: 「三條文庫」,「弎條文庫」,「三條之印」|朱墨書き入れあり|付箋あり|虫損あり",日本語,和古書,三條文庫,http://tify.sub.uni-goettingen.de/demo.html?manifest=https://archdataset.dl.itc.u-tokyo.ac.jp/manifest/ede949d9-48be-312f-7e46-028bda957263.json,ede949d9-48be-312f-7e46-028bda957263,https://iiif.dl.itc.u-tokyo.ac.jp/repo/s/koten,https://iiif.dl.itc.u-tokyo.ac.jp/repo/s/koten/document/ede949d9-48be-312f-7e46-028bda957263,https://www.lib.u-tokyo.ac.jp/ja/library/contents/archives-top/reuse,https://iiif.dl.itc.u-tokyo.ac.jp/repo/files/medium/b3fb084a6e6fa2ef482eb0a3b7f2f8c1d8becb63.jpg,https://iiif.dl.itc.u-tokyo.ac.jp/repo/api/items/1155862,"東京大学総合図書館 General Library, The University of Tokyo, JAPAN",http://iiif.io/api/presentation/2#rightToLeftDirection,,総合図書館所蔵古典籍,,,https://iiif.dl.itc.u-tokyo.ac.jp/repo/iiif/ede949d9-48be-312f-7e46-028bda957263/manifest,,,,,22
山槐記 10,G27:230,サンカイキ,,[中山忠親著],[書写地不明] : [書写者不明],不明,[書写年不明],"30冊(1-3,18欠)",写本,27-29cm,"巻次は巻末の貼紙による|責任表示は『日本古典籍総合目録データベース』による|12の奥書に「文化二年冬与正親町入道前大納言校合了 中宮大夫公修」とあり|4: 永暦元年秋. 5: 永暦元年十一月. 6: 永暦元年十二月. 7: 永暦二年四月. 8: 應保元年秋. [補1]: 應保元年十二月. [補2]: 長寛二年三月六月. 9: 仁安二年二月. 10: 仁安二年三月. 11: 仁安二年四月五月六月. 12: 安元々年秋. 13: 治承二年正月. 14: 治承二年五月六月閏六月. 15: 治承二年十月. 16: 治承二年十一月. 17: 治承三年正月. 19: 治承三年夏奥七月歟. 20: 治承三年冬. 21: 治承四年二月. 22: 治承四年三月. 23: 治承四年四月. 24: 治承四年五月. 25: 治承四年秋. 26: 治承四年冬. 27: 元暦元年七月即位事. 28: 元暦元年八月大嘗會検校事. 29: 元暦元年九月大嘗會検校. 30: 元暦二年元日節會. 31: (元暦二)文治元年七月八月九月. 32: 執筆要|[補1-2]: 補配([補1]の奥書に「以山田大学本写之 文化十一年十月中宮大夫藤」とあり)|印記: 「三條文庫」,「弎條文庫」,「三條之印」|朱墨書き入れあり|付箋あり|虫損あり",日本語,和古書,三條文庫,http://tify.sub.uni-goettingen.de/demo.html?manifest=https://archdataset.dl.itc.u-tokyo.ac.jp/manifest/ed26441a-0869-84df-8498-7f67e1387022.json,ed26441a-0869-84df-8498-7f67e1387022,https://iiif.dl.itc.u-tokyo.ac.jp/repo/s/koten,https://iiif.dl.itc.u-tokyo.ac.jp/repo/s/koten/document/ed26441a-0869-84df-8498-7f67e1387022,https://www.lib.u-tokyo.ac.jp/ja/library/contents/archives-top/reuse,https://iiif.dl.itc.u-tokyo.ac.jp/repo/files/medium/62af45617fbb396a7c7bcd9f4fcb9557e1f4bca7.jpg,https://iiif.dl.itc.u-tokyo.ac.jp/repo/api/items/1155863,"東京大学総合図書館 General Library, The University of Tokyo, JAPAN",http://iiif.io/api/presentation/2#rightToLeftDirection,,総合図書館所蔵古典籍,,,https://iiif.dl.itc.u-tokyo.ac.jp/repo/iiif/ed26441a-0869-84df-8498-7f67e1387022/manifest,,,,,29
山槐記 11,G27:230,サンカイキ,,[中山忠親著],[書写地不明] : [書写者不明],不明,[書写年不明],"30冊(1-3,18欠)",写本,27-29cm,"巻次は巻末の貼紙による|責任表示は『日本古典籍総合目録データベース』による|12の奥書に「文化二年冬与正親町入道前大納言校合了 中宮大夫公修」とあり|4: 永暦元年秋. 5: 永暦元年十一月. 6: 永暦元年十二月. 7: 永暦二年四月. 8: 應保元年秋. [補1]: 應保元年十二月. [補2]: 長寛二年三月六月. 9: 仁安二年二月. 10: 仁安二年三月. 11: 仁安二年四月五月六月. 12: 安元々年秋. 13: 治承二年正月. 14: 治承二年五月六月閏六月. 15: 治承二年十月. 16: 治承二年十一月. 17: 治承三年正月. 19: 治承三年夏奥七月歟. 20: 治承三年冬. 21: 治承四年二月. 22: 治承四年三月. 23: 治承四年四月. 24: 治承四年五月. 25: 治承四年秋. 26: 治承四年冬. 27: 元暦元年七月即位事. 28: 元暦元年八月大嘗會検校事. 29: 元暦元年九月大嘗會検校. 30: 元暦二年元日節會. 31: (元暦二)文治元年七月八月九月. 32: 執筆要|[補1-2]: 補配([補1]の奥書に「以山田大学本写之 文化十一年十月中宮大夫藤」とあり)|印記: 「三條文庫」,「弎條文庫」,「三條之印」|朱墨書き入れあり|付箋あり|虫損あり",日本語,和古書,三條文庫,http://tify.sub.uni-goettingen.de/demo.html?manifest=https://archdataset.dl.itc.u-tokyo.ac.jp/manifest/efd93d78-6a87-3cf4-4cf9-556aef846093.json,efd93d78-6a87-3cf4-4cf9-556aef846093,https://iiif.dl.itc.u-tokyo.ac.jp/repo/s/koten,https://iiif.dl.itc.u-tokyo.ac.jp/repo/s/koten/document/efd93d78-6a87-3cf4-4cf9-556aef846093,https://www.lib.u-tokyo.ac.jp/ja/library/contents/archives-top/reuse,https://iiif.dl.itc.u-tokyo.ac.jp/repo/files/medium/c92d5116d8d40f191a29f31dd11ac7005bbb591a.jpg,https://iiif.dl.itc.u-tokyo.ac.jp/repo/api/items/1155864,"東京大学総合図書館 General Library, The University of Tokyo, JAPAN",http://iiif.io/api/presentation/2#rightToLeftDirection,,総合図書館所蔵古典籍,,,https://iiif.dl.itc.u-tokyo.ac.jp/repo/iiif/efd93d78-6a87-3cf4-4cf9-556aef846093/manifest,,,,,47
山槐記 12,G27:230,サンカイキ,,[中山忠親著],[書写地不明] : [書写者不明],不明,[書写年不明],"30冊(1-3,18欠)",写本,27-29cm,"巻次は巻末の貼紙による|責任表示は『日本古典籍総合目録データベース』による|12の奥書に「文化二年冬与正親町入道前大納言校合了 中宮大夫公修」とあり|4: 永暦元年秋. 5: 永暦元年十一月. 6: 永暦元年十二月. 7: 永暦二年四月. 8: 應保元年秋. [補1]: 應保元年十二月. [補2]: 長寛二年三月六月. 9: 仁安二年二月. 10: 仁安二年三月. 11: 仁安二年四月五月六月. 12: 安元々年秋. 13: 治承二年正月. 14: 治承二年五月六月閏六月. 15: 治承二年十月. 16: 治承二年十一月. 17: 治承三年正月. 19: 治承三年夏奥七月歟. 20: 治承三年冬. 21: 治承四年二月. 22: 治承四年三月. 23: 治承四年四月. 24: 治承四年五月. 25: 治承四年秋. 26: 治承四年冬. 27: 元暦元年七月即位事. 28: 元暦元年八月大嘗會検校事. 29: 元暦元年九月大嘗會検校. 30: 元暦二年元日節會. 31: (元暦二)文治元年七月八月九月. 32: 執筆要|[補1-2]: 補配([補1]の奥書に「以山田大学本写之 文化十一年十月中宮大夫藤」とあり)|印記: 「三條文庫」,「弎條文庫」,「三條之印」|朱墨書き入れあり|付箋あり|虫損あり",日本語,和古書,三條文庫,http://tify.sub.uni-goettingen.de/demo.html?manifest=https://archdataset.dl.itc.u-tokyo.ac.jp/manifest/a9482f73-1929-40be-6278-034b9eaa92f7.json,a9482f73-1929-40be-6278-034b9eaa92f7,https://iiif.dl.itc.u-tokyo.ac.jp/repo/s/koten,https://iiif.dl.itc.u-tokyo.ac.jp/repo/s/koten/document/a9482f73-1929-40be-6278-034b9eaa92f7,https://www.lib.u-tokyo.ac.jp/ja/library/contents/archives-top/reuse,https://iiif.dl.itc.u-tokyo.ac.jp/repo/files/medium/cc5fbc60c8ceb1855fa2c1b977fd679c395d96cc.jpg,https://iiif.dl.itc.u-tokyo.ac.jp/repo/api/items/1155865,"東京大学総合図書館 General Library, The University of Tokyo, JAPAN",http://iiif.io/api/presentation/2#rightToLeftDirection,,総合図書館所蔵古典籍,,,https://iiif.dl.itc.u-tokyo.ac.jp/repo/iiif/a9482f73-1929-40be-6278-034b9eaa92f7/manifest,,,,,26
山槐記 13,G27:230,サンカイキ,,[中山忠親著],[書写地不明] : [書写者不明],不明,[書写年不明],"30冊(1-3,18欠)",写本,27-29cm,"巻次は巻末の貼紙による|責任表示は『日本古典籍総合目録データベース』による|12の奥書に「文化二年冬与正親町入道前大納言校合了 中宮大夫公修」とあり|4: 永暦元年秋. 5: 永暦元年十一月. 6: 永暦元年十二月. 7: 永暦二年四月. 8: 應保元年秋. [補1]: 應保元年十二月. [補2]: 長寛二年三月六月. 9: 仁安二年二月. 10: 仁安二年三月. 11: 仁安二年四月五月六月. 12: 安元々年秋. 13: 治承二年正月. 14: 治承二年五月六月閏六月. 15: 治承二年十月. 16: 治承二年十一月. 17: 治承三年正月. 19: 治承三年夏奥七月歟. 20: 治承三年冬. 21: 治承四年二月. 22: 治承四年三月. 23: 治承四年四月. 24: 治承四年五月. 25: 治承四年秋. 26: 治承四年冬. 27: 元暦元年七月即位事. 28: 元暦元年八月大嘗會検校事. 29: 元暦元年九月大嘗會検校. 30: 元暦二年元日節會. 31: (元暦二)文治元年七月八月九月. 32: 執筆要|[補1-2]: 補配([補1]の奥書に「以山田大学本写之 文化十一年十月中宮大夫藤」とあり)|印記: 「三條文庫」,「弎條文庫」,「三條之印」|朱墨書き入れあり|付箋あり|虫損あり",日本語,和古書,三條文庫,http://tify.sub.uni-goettingen.de/demo.html?manifest=https://archdataset.dl.itc.u-tokyo.ac.jp/manifest/0cb1d55d-49dc-4fee-9453-f7e7361a725d.json,0cb1d55d-49dc-4fee-9453-f7e7361a725d,https://iiif.dl.itc.u-tokyo.ac.jp/repo/s/koten,https://iiif.dl.itc.u-tokyo.ac.jp/repo/s/koten/document/0cb1d55d-49dc-4fee-9453-f7e7361a725d,https://www.lib.u-tokyo.ac.jp/ja/library/contents/archives-top/reuse,https://iiif.dl.itc.u-tokyo.ac.jp/repo/files/medium/0b3d32c7723e1f9dc87d161748b3aa21c5097e3d.jpg,https://iiif.dl.itc.u-tokyo.ac.jp/repo/api/items/1155866,"東京大学総合図書館 General Library, The University of Tokyo, JAPAN",http://iiif.io/api/presentation/2#rightToLeftDirection,,総合図書館所蔵古典籍,,,https://iiif.dl.itc.u-tokyo.ac.jp/repo/iiif/0cb1d55d-49dc-4fee-9453-f7e7361a725d/manifest,,,,,46
山槐記 14,G27:230,サンカイキ,,[中山忠親著],[書写地不明] : [書写者不明],不明,[書写年不明],"30冊(1-3,18欠)",写本,27-29cm,"巻次は巻末の貼紙による|責任表示は『日本古典籍総合目録データベース』による|12の奥書に「文化二年冬与正親町入道前大納言校合了 中宮大夫公修」とあり|4: 永暦元年秋. 5: 永暦元年十一月. 6: 永暦元年十二月. 7: 永暦二年四月. 8: 應保元年秋. [補1]: 應保元年十二月. [補2]: 長寛二年三月六月. 9: 仁安二年二月. 10: 仁安二年三月. 11: 仁安二年四月五月六月. 12: 安元々年秋. 13: 治承二年正月. 14: 治承二年五月六月閏六月. 15: 治承二年十月. 16: 治承二年十一月. 17: 治承三年正月. 19: 治承三年夏奥七月歟. 20: 治承三年冬. 21: 治承四年二月. 22: 治承四年三月. 23: 治承四年四月. 24: 治承四年五月. 25: 治承四年秋. 26: 治承四年冬. 27: 元暦元年七月即位事. 28: 元暦元年八月大嘗會検校事. 29: 元暦元年九月大嘗會検校. 30: 元暦二年元日節會. 31: (元暦二)文治元年七月八月九月. 32: 執筆要|[補1-2]: 補配([補1]の奥書に「以山田大学本写之 文化十一年十月中宮大夫藤」とあり)|印記: 「三條文庫」,「弎條文庫」,「三條之印」|朱墨書き入れあり|付箋あり|虫損あり",日本語,和古書,三條文庫,http://tify.sub.uni-goettingen.de/demo.html?manifest=https://archdataset.dl.itc.u-tokyo.ac.jp/manifest/f9a31690-1c34-90da-7b25-56f0bc19484b.json,f9a31690-1c34-90da-7b25-56f0bc19484b,https://iiif.dl.itc.u-tokyo.ac.jp/repo/s/koten,https://iiif.dl.itc.u-tokyo.ac.jp/repo/s/koten/document/f9a31690-1c34-90da-7b25-56f0bc19484b,https://www.lib.u-tokyo.ac.jp/ja/library/contents/archives-top/reuse,https://iiif.dl.itc.u-tokyo.ac.jp/repo/files/medium/da46e605840826a8e2ce63f348eed8613706b856.jpg,https://iiif.dl.itc.u-tokyo.ac.jp/repo/api/items/1155867,"東京大学総合図書館 General Library, The University of Tokyo, JAPAN",http://iiif.io/api/presentation/2#rightToLeftDirection,,総合図書館所蔵古典籍,,,https://iiif.dl.itc.u-tokyo.ac.jp/repo/iiif/f9a31690-1c34-90da-7b25-56f0bc19484b/manifest,,,,,41
山槐記 15,G27:230,サンカイキ,,[中山忠親著],[書写地不明] : [書写者不明],不明,[書写年不明],"30冊(1-3,18欠)",写本,27-29cm,"巻次は巻末の貼紙による|責任表示は『日本古典籍総合目録データベース』による|12の奥書に「文化二年冬与正親町入道前大納言校合了 中宮大夫公修」とあり|4: 永暦元年秋. 5: 永暦元年十一月. 6: 永暦元年十二月. 7: 永暦二年四月. 8: 應保元年秋. [補1]: 應保元年十二月. [補2]: 長寛二年三月六月. 9: 仁安二年二月. 10: 仁安二年三月. 11: 仁安二年四月五月六月. 12: 安元々年秋. 13: 治承二年正月. 14: 治承二年五月六月閏六月. 15: 治承二年十月. 16: 治承二年十一月. 17: 治承三年正月. 19: 治承三年夏奥七月歟. 20: 治承三年冬. 21: 治承四年二月. 22: 治承四年三月. 23: 治承四年四月. 24: 治承四年五月. 25: 治承四年秋. 26: 治承四年冬. 27: 元暦元年七月即位事. 28: 元暦元年八月大嘗會検校事. 29: 元暦元年九月大嘗會検校. 30: 元暦二年元日節會. 31: (元暦二)文治元年七月八月九月. 32: 執筆要|[補1-2]: 補配([補1]の奥書に「以山田大学本写之 文化十一年十月中宮大夫藤」とあり)|印記: 「三條文庫」,「弎條文庫」,「三條之印」|朱墨書き入れあり|付箋あり|虫損あり",日本語,和古書,三條文庫,http://tify.sub.uni-goettingen.de/demo.html?manifest=https://archdataset.dl.itc.u-tokyo.ac.jp/manifest/91ad4083-0c43-7078-7981-6039ede12f21.json,91ad4083-0c43-7078-7981-6039ede12f21,https://iiif.dl.itc.u-tokyo.ac.jp/repo/s/koten,https://iiif.dl.itc.u-tokyo.ac.jp/repo/s/koten/document/91ad4083-0c43-7078-7981-6039ede12f21,https://www.lib.u-tokyo.ac.jp/ja/library/contents/archives-top/reuse,https://iiif.dl.itc.u-tokyo.ac.jp/repo/files/medium/06ea831baee7bc9f7c047a2ef0460ed2699a5600.jpg,https://iiif.dl.itc.u-tokyo.ac.jp/repo/api/items/1155868,"東京大学総合図書館 General Library, The University of Tokyo, JAPAN",http://iiif.io/api/presentation/2#rightToLeftDirection,,総合図書館所蔵古典籍,,,https://iiif.dl.itc.u-tokyo.ac.jp/repo/iiif/91ad4083-0c43-7078-7981-6039ede12f21/manifest,,,,,34
山槐記 16,G27:230,サンカイキ,,[中山忠親著],[書写地不明] : [書写者不明],不明,[書写年不明],"30冊(1-3,18欠)",写本,27-29cm,"巻次は巻末の貼紙による|責任表示は『日本古典籍総合目録データベース』による|12の奥書に「文化二年冬与正親町入道前大納言校合了 中宮大夫公修」とあり|4: 永暦元年秋. 5: 永暦元年十一月. 6: 永暦元年十二月. 7: 永暦二年四月. 8: 應保元年秋. [補1]: 應保元年十二月. [補2]: 長寛二年三月六月. 9: 仁安二年二月. 10: 仁安二年三月. 11: 仁安二年四月五月六月. 12: 安元々年秋. 13: 治承二年正月. 14: 治承二年五月六月閏六月. 15: 治承二年十月. 16: 治承二年十一月. 17: 治承三年正月. 19: 治承三年夏奥七月歟. 20: 治承三年冬. 21: 治承四年二月. 22: 治承四年三月. 23: 治承四年四月. 24: 治承四年五月. 25: 治承四年秋. 26: 治承四年冬. 27: 元暦元年七月即位事. 28: 元暦元年八月大嘗會検校事. 29: 元暦元年九月大嘗會検校. 30: 元暦二年元日節會. 31: (元暦二)文治元年七月八月九月. 32: 執筆要|[補1-2]: 補配([補1]の奥書に「以山田大学本写之 文化十一年十月中宮大夫藤」とあり)|印記: 「三條文庫」,「弎條文庫」,「三條之印」|朱墨書き入れあり|付箋あり|虫損あり",日本語,和古書,三條文庫,http://tify.sub.uni-goettingen.de/demo.html?manifest=https://archdataset.dl.itc.u-tokyo.ac.jp/manifest/964c18a1-9b90-3b90-3558-b6b819c36d1a.json,964c18a1-9b90-3b90-3558-b6b819c36d1a,https://iiif.dl.itc.u-tokyo.ac.jp/repo/s/koten,https://iiif.dl.itc.u-tokyo.ac.jp/repo/s/koten/document/964c18a1-9b90-3b90-3558-b6b819c36d1a,https://www.lib.u-tokyo.ac.jp/ja/library/contents/archives-top/reuse,https://iiif.dl.itc.u-tokyo.ac.jp/repo/files/medium/a308ea9092564c6d687935d3ff676d25af68a24a.jpg,https://iiif.dl.itc.u-tokyo.ac.jp/repo/api/items/1155869,"東京大学総合図書館 General Library, The University of Tokyo, JAPAN",http://iiif.io/api/presentation/2#rightToLeftDirection,,総合図書館所蔵古典籍,,,https://iiif.dl.itc.u-tokyo.ac.jp/repo/iiif/964c18a1-9b90-3b90-3558-b6b819c36d1a/manifest,,,,,36
山槐記 17,G27:230,サンカイキ,,[中山忠親著],[書写地不明] : [書写者不明],不明,[書写年不明],"30冊(1-3,18欠)",写本,27-29cm,"巻次は巻末の貼紙による|責任表示は『日本古典籍総合目録データベース』による|12の奥書に「文化二年冬与正親町入道前大納言校合了 中宮大夫公修」とあり|4: 永暦元年秋. 5: 永暦元年十一月. 6: 永暦元年十二月. 7: 永暦二年四月. 8: 應保元年秋. [補1]: 應保元年十二月. [補2]: 長寛二年三月六月. 9: 仁安二年二月. 10: 仁安二年三月. 11: 仁安二年四月五月六月. 12: 安元々年秋. 13: 治承二年正月. 14: 治承二年五月六月閏六月. 15: 治承二年十月. 16: 治承二年十一月. 17: 治承三年正月. 19: 治承三年夏奥七月歟. 20: 治承三年冬. 21: 治承四年二月. 22: 治承四年三月. 23: 治承四年四月. 24: 治承四年五月. 25: 治承四年秋. 26: 治承四年冬. 27: 元暦元年七月即位事. 28: 元暦元年八月大嘗會検校事. 29: 元暦元年九月大嘗會検校. 30: 元暦二年元日節會. 31: (元暦二)文治元年七月八月九月. 32: 執筆要|[補1-2]: 補配([補1]の奥書に「以山田大学本写之 文化十一年十月中宮大夫藤」とあり)|印記: 「三條文庫」,「弎條文庫」,「三條之印」|朱墨書き入れあり|付箋あり|虫損あり",日本語,和古書,三條文庫,http://tify.sub.uni-goettingen.de/demo.html?manifest=https://archdataset.dl.itc.u-tokyo.ac.jp/manifest/432dd709-14a7-7781-4891-9c9390992e2c.json,432dd709-14a7-7781-4891-9c9390992e2c,https://iiif.dl.itc.u-tokyo.ac.jp/repo/s/koten,https://iiif.dl.itc.u-tokyo.ac.jp/repo/s/koten/document/432dd709-14a7-7781-4891-9c9390992e2c,https://www.lib.u-tokyo.ac.jp/ja/library/contents/archives-top/reuse,https://iiif.dl.itc.u-tokyo.ac.jp/repo/files/medium/31b14ecb77b0aa00ee5e9ec4b2268748b6a26019.jpg,https://iiif.dl.itc.u-tokyo.ac.jp/repo/api/items/1155870,"東京大学総合図書館 General Library, The University of Tokyo, JAPAN",http://iiif.io/api/presentation/2#rightToLeftDirection,,総合図書館所蔵古典籍,,,https://iiif.dl.itc.u-tokyo.ac.jp/repo/iiif/432dd709-14a7-7781-4891-9c9390992e2c/manifest,,,,,77
山槐記 19,G27:230,サンカイキ,,[中山忠親著],[書写地不明] : [書写者不明],不明,[書写年不明],"30冊(1-3,18欠)",写本,27-29cm,"巻次は巻末の貼紙による|責任表示は『日本古典籍総合目録データベース』による|12の奥書に「文化二年冬与正親町入道前大納言校合了 中宮大夫公修」とあり|4: 永暦元年秋. 5: 永暦元年十一月. 6: 永暦元年十二月. 7: 永暦二年四月. 8: 應保元年秋. [補1]: 應保元年十二月. [補2]: 長寛二年三月六月. 9: 仁安二年二月. 10: 仁安二年三月. 11: 仁安二年四月五月六月. 12: 安元々年秋. 13: 治承二年正月. 14: 治承二年五月六月閏六月. 15: 治承二年十月. 16: 治承二年十一月. 17: 治承三年正月. 19: 治承三年夏奥七月歟. 20: 治承三年冬. 21: 治承四年二月. 22: 治承四年三月. 23: 治承四年四月. 24: 治承四年五月. 25: 治承四年秋. 26: 治承四年冬. 27: 元暦元年七月即位事. 28: 元暦元年八月大嘗會検校事. 29: 元暦元年九月大嘗會検校. 30: 元暦二年元日節會. 31: (元暦二)文治元年七月八月九月. 32: 執筆要|[補1-2]: 補配([補1]の奥書に「以山田大学本写之 文化十一年十月中宮大夫藤」とあり)|印記: 「三條文庫」,「弎條文庫」,「三條之印」|朱墨書き入れあり|付箋あり|虫損あり",日本語,和古書,三條文庫,http://tify.sub.uni-goettingen.de/demo.html?manifest=https://archdataset.dl.itc.u-tokyo.ac.jp/manifest/995e2f2d-2dc2-278b-50ea-31e7895e15c3.json,995e2f2d-2dc2-278b-50ea-31e7895e15c3,https://iiif.dl.itc.u-tokyo.ac.jp/repo/s/koten,https://iiif.dl.itc.u-tokyo.ac.jp/repo/s/koten/document/995e2f2d-2dc2-278b-50ea-31e7895e15c3,https://www.lib.u-tokyo.ac.jp/ja/library/contents/archives-top/reuse,https://iiif.dl.itc.u-tokyo.ac.jp/repo/files/medium/b0ddba73f8eea563fcf75bdedd66d98fbd6be1b8.jpg,https://iiif.dl.itc.u-tokyo.ac.jp/repo/api/items/1155871,"東京大学総合図書館 General Library, The University of Tokyo, JAPAN",http://iiif.io/api/presentation/2#rightToLeftDirection,,総合図書館所蔵古典籍,,,https://iiif.dl.itc.u-tokyo.ac.jp/repo/iiif/995e2f2d-2dc2-278b-50ea-31e7895e15c3/manifest,,,,,88
山槐記 20,G27:230,サンカイキ,,[中山忠親著],[書写地不明] : [書写者不明],不明,[書写年不明],"30冊(1-3,18欠)",写本,27-29cm,"巻次は巻末の貼紙による|責任表示は『日本古典籍総合目録データベース』による|12の奥書に「文化二年冬与正親町入道前大納言校合了 中宮大夫公修」とあり|4: 永暦元年秋. 5: 永暦元年十一月. 6: 永暦元年十二月. 7: 永暦二年四月. 8: 應保元年秋. [補1]: 應保元年十二月. [補2]: 長寛二年三月六月. 9: 仁安二年二月. 10: 仁安二年三月. 11: 仁安二年四月五月六月. 12: 安元々年秋. 13: 治承二年正月. 14: 治承二年五月六月閏六月. 15: 治承二年十月. 16: 治承二年十一月. 17: 治承三年正月. 19: 治承三年夏奥七月歟. 20: 治承三年冬. 21: 治承四年二月. 22: 治承四年三月. 23: 治承四年四月. 24: 治承四年五月. 25: 治承四年秋. 26: 治承四年冬. 27: 元暦元年七月即位事. 28: 元暦元年八月大嘗會検校事. 29: 元暦元年九月大嘗會検校. 30: 元暦二年元日節會. 31: (元暦二)文治元年七月八月九月. 32: 執筆要|[補1-2]: 補配([補1]の奥書に「以山田大学本写之 文化十一年十月中宮大夫藤」とあり)|印記: 「三條文庫」,「弎條文庫」,「三條之印」|朱墨書き入れあり|付箋あり|虫損あり",日本語,和古書,三條文庫,http://tify.sub.uni-goettingen.de/demo.html?manifest=https://archdataset.dl.itc.u-tokyo.ac.jp/manifest/fa11433c-1036-960a-5c1b-40f0883444ef.json,fa11433c-1036-960a-5c1b-40f0883444ef,https://iiif.dl.itc.u-tokyo.ac.jp/repo/s/koten,https://iiif.dl.itc.u-tokyo.ac.jp/repo/s/koten/document/fa11433c-1036-960a-5c1b-40f0883444ef,https://www.lib.u-tokyo.ac.jp/ja/library/contents/archives-top/reuse,https://iiif.dl.itc.u-tokyo.ac.jp/repo/files/medium/ae1cbfa5914c82658fd8bad9ef997ce28d8d5518.jpg,https://iiif.dl.itc.u-tokyo.ac.jp/repo/api/items/1155872,"東京大学総合図書館 General Library, The University of Tokyo, JAPAN",http://iiif.io/api/presentation/2#rightToLeftDirection,,総合図書館所蔵古典籍,,,https://iiif.dl.itc.u-tokyo.ac.jp/repo/iiif/fa11433c-1036-960a-5c1b-40f0883444ef/manifest,,,,,70
山槐記 21,G27:230,サンカイキ,,[中山忠親著],[書写地不明] : [書写者不明],不明,[書写年不明],"30冊(1-3,18欠)",写本,27-29cm,"巻次は巻末の貼紙による|責任表示は『日本古典籍総合目録データベース』による|12の奥書に「文化二年冬与正親町入道前大納言校合了 中宮大夫公修」とあり|4: 永暦元年秋. 5: 永暦元年十一月. 6: 永暦元年十二月. 7: 永暦二年四月. 8: 應保元年秋. [補1]: 應保元年十二月. [補2]: 長寛二年三月六月. 9: 仁安二年二月. 10: 仁安二年三月. 11: 仁安二年四月五月六月. 12: 安元々年秋. 13: 治承二年正月. 14: 治承二年五月六月閏六月. 15: 治承二年十月. 16: 治承二年十一月. 17: 治承三年正月. 19: 治承三年夏奥七月歟. 20: 治承三年冬. 21: 治承四年二月. 22: 治承四年三月. 23: 治承四年四月. 24: 治承四年五月. 25: 治承四年秋. 26: 治承四年冬. 27: 元暦元年七月即位事. 28: 元暦元年八月大嘗會検校事. 29: 元暦元年九月大嘗會検校. 30: 元暦二年元日節會. 31: (元暦二)文治元年七月八月九月. 32: 執筆要|[補1-2]: 補配([補1]の奥書に「以山田大学本写之 文化十一年十月中宮大夫藤」とあり)|印記: 「三條文庫」,「弎條文庫」,「三條之印」|朱墨書き入れあり|付箋あり|虫損あり",日本語,和古書,三條文庫,http://tify.sub.uni-goettingen.de/demo.html?manifest=https://archdataset.dl.itc.u-tokyo.ac.jp/manifest/a22581ff-a2fb-4c95-07a4-81774ffb49ad.json,a22581ff-a2fb-4c95-07a4-81774ffb49ad,https://iiif.dl.itc.u-tokyo.ac.jp/repo/s/koten,https://iiif.dl.itc.u-tokyo.ac.jp/repo/s/koten/document/a22581ff-a2fb-4c95-07a4-81774ffb49ad,https://www.lib.u-tokyo.ac.jp/ja/library/contents/archives-top/reuse,https://iiif.dl.itc.u-tokyo.ac.jp/repo/files/medium/c16eb753d1c76409ffbb689967b4942ddf08e4aa.jpg,https://iiif.dl.itc.u-tokyo.ac.jp/repo/api/items/1155873,"東京大学総合図書館 General Library, The University of Tokyo, JAPAN",http://iiif.io/api/presentation/2#rightToLeftDirection,,総合図書館所蔵古典籍,,,https://iiif.dl.itc.u-tokyo.ac.jp/repo/iiif/a22581ff-a2fb-4c95-07a4-81774ffb49ad/manifest,,,,,64
山槐記 22,G27:230,サンカイキ,,[中山忠親著],[書写地不明] : [書写者不明],不明,[書写年不明],"30冊(1-3,18欠)",写本,27-29cm,"巻次は巻末の貼紙による|責任表示は『日本古典籍総合目録データベース』による|12の奥書に「文化二年冬与正親町入道前大納言校合了 中宮大夫公修」とあり|4: 永暦元年秋. 5: 永暦元年十一月. 6: 永暦元年十二月. 7: 永暦二年四月. 8: 應保元年秋. [補1]: 應保元年十二月. [補2]: 長寛二年三月六月. 9: 仁安二年二月. 10: 仁安二年三月. 11: 仁安二年四月五月六月. 12: 安元々年秋. 13: 治承二年正月. 14: 治承二年五月六月閏六月. 15: 治承二年十月. 16: 治承二年十一月. 17: 治承三年正月. 19: 治承三年夏奥七月歟. 20: 治承三年冬. 21: 治承四年二月. 22: 治承四年三月. 23: 治承四年四月. 24: 治承四年五月. 25: 治承四年秋. 26: 治承四年冬. 27: 元暦元年七月即位事. 28: 元暦元年八月大嘗會検校事. 29: 元暦元年九月大嘗會検校. 30: 元暦二年元日節會. 31: (元暦二)文治元年七月八月九月. 32: 執筆要|[補1-2]: 補配([補1]の奥書に「以山田大学本写之 文化十一年十月中宮大夫藤」とあり)|印記: 「三條文庫」,「弎條文庫」,「三條之印」|朱墨書き入れあり|付箋あり|虫損あり",日本語,和古書,三條文庫,http://tify.sub.uni-goettingen.de/demo.html?manifest=https://archdataset.dl.itc.u-tokyo.ac.jp/manifest/3d1eb1d3-8a14-5991-a6fb-64e8c3421504.json,3d1eb1d3-8a14-5991-a6fb-64e8c3421504,https://iiif.dl.itc.u-tokyo.ac.jp/repo/s/koten,https://iiif.dl.itc.u-tokyo.ac.jp/repo/s/koten/document/3d1eb1d3-8a14-5991-a6fb-64e8c3421504,https://www.lib.u-tokyo.ac.jp/ja/library/contents/archives-top/reuse,https://iiif.dl.itc.u-tokyo.ac.jp/repo/files/medium/676fd3a564ea302278357c9bfc7fe6a930107385.jpg,https://iiif.dl.itc.u-tokyo.ac.jp/repo/api/items/1155874,"東京大学総合図書館 General Library, The University of Tokyo, JAPAN",http://iiif.io/api/presentation/2#rightToLeftDirection,,総合図書館所蔵古典籍,,,https://iiif.dl.itc.u-tokyo.ac.jp/repo/iiif/3d1eb1d3-8a14-5991-a6fb-64e8c3421504/manifest,,,,,38
山槐記 23,G27:230,サンカイキ,,[中山忠親著],[書写地不明] : [書写者不明],不明,[書写年不明],"30冊(1-3,18欠)",写本,27-29cm,"巻次は巻末の貼紙による|責任表示は『日本古典籍総合目録データベース』による|12の奥書に「文化二年冬与正親町入道前大納言校合了 中宮大夫公修」とあり|4: 永暦元年秋. 5: 永暦元年十一月. 6: 永暦元年十二月. 7: 永暦二年四月. 8: 應保元年秋. [補1]: 應保元年十二月. [補2]: 長寛二年三月六月. 9: 仁安二年二月. 10: 仁安二年三月. 11: 仁安二年四月五月六月. 12: 安元々年秋. 13: 治承二年正月. 14: 治承二年五月六月閏六月. 15: 治承二年十月. 16: 治承二年十一月. 17: 治承三年正月. 19: 治承三年夏奥七月歟. 20: 治承三年冬. 21: 治承四年二月. 22: 治承四年三月. 23: 治承四年四月. 24: 治承四年五月. 25: 治承四年秋. 26: 治承四年冬. 27: 元暦元年七月即位事. 28: 元暦元年八月大嘗會検校事. 29: 元暦元年九月大嘗會検校. 30: 元暦二年元日節會. 31: (元暦二)文治元年七月八月九月. 32: 執筆要|[補1-2]: 補配([補1]の奥書に「以山田大学本写之 文化十一年十月中宮大夫藤」とあり)|印記: 「三條文庫」,「弎條文庫」,「三條之印」|朱墨書き入れあり|付箋あり|虫損あり",日本語,和古書,三條文庫,http://tify.sub.uni-goettingen.de/demo.html?manifest=https://archdataset.dl.itc.u-tokyo.ac.jp/manifest/00f7e848-5bce-27a5-2ffe-d39f8a0e0899.json,00f7e848-5bce-27a5-2ffe-d39f8a0e0899,https://iiif.dl.itc.u-tokyo.ac.jp/repo/s/koten,https://iiif.dl.itc.u-tokyo.ac.jp/repo/s/koten/document/00f7e848-5bce-27a5-2ffe-d39f8a0e0899,https://www.lib.u-tokyo.ac.jp/ja/library/contents/archives-top/reuse,https://iiif.dl.itc.u-tokyo.ac.jp/repo/files/medium/86f05c934f56144ec91c0abb37bc5baf7c46b880.jpg,https://iiif.dl.itc.u-tokyo.ac.jp/repo/api/items/1155875,"東京大学総合図書館 General Library, The University of Tokyo, JAPAN",http://iiif.io/api/presentation/2#rightToLeftDirection,,総合図書館所蔵古典籍,,,https://iiif.dl.itc.u-tokyo.ac.jp/repo/iiif/00f7e848-5bce-27a5-2ffe-d39f8a0e0899/manifest,,,,,87
山槐記 24,G27:230,サンカイキ,,[中山忠親著],[書写地不明] : [書写者不明],不明,[書写年不明],"30冊(1-3,18欠)",写本,27-29cm,"巻次は巻末の貼紙による|責任表示は『日本古典籍総合目録データベース』による|12の奥書に「文化二年冬与正親町入道前大納言校合了 中宮大夫公修」とあり|4: 永暦元年秋. 5: 永暦元年十一月. 6: 永暦元年十二月. 7: 永暦二年四月. 8: 應保元年秋. [補1]: 應保元年十二月. [補2]: 長寛二年三月六月. 9: 仁安二年二月. 10: 仁安二年三月. 11: 仁安二年四月五月六月. 12: 安元々年秋. 13: 治承二年正月. 14: 治承二年五月六月閏六月. 15: 治承二年十月. 16: 治承二年十一月. 17: 治承三年正月. 19: 治承三年夏奥七月歟. 20: 治承三年冬. 21: 治承四年二月. 22: 治承四年三月. 23: 治承四年四月. 24: 治承四年五月. 25: 治承四年秋. 26: 治承四年冬. 27: 元暦元年七月即位事. 28: 元暦元年八月大嘗會検校事. 29: 元暦元年九月大嘗會検校. 30: 元暦二年元日節會. 31: (元暦二)文治元年七月八月九月. 32: 執筆要|[補1-2]: 補配([補1]の奥書に「以山田大学本写之 文化十一年十月中宮大夫藤」とあり)|印記: 「三條文庫」,「弎條文庫」,「三條之印」|朱墨書き入れあり|付箋あり|虫損あり",日本語,和古書,三條文庫,http://tify.sub.uni-goettingen.de/demo.html?manifest=https://archdataset.dl.itc.u-tokyo.ac.jp/manifest/4969d50b-6444-38e9-3fac-75830eb94c14.json,4969d50b-6444-38e9-3fac-75830eb94c14,https://iiif.dl.itc.u-tokyo.ac.jp/repo/s/koten,https://iiif.dl.itc.u-tokyo.ac.jp/repo/s/koten/document/4969d50b-6444-38e9-3fac-75830eb94c14,https://www.lib.u-tokyo.ac.jp/ja/library/contents/archives-top/reuse,https://iiif.dl.itc.u-tokyo.ac.jp/repo/files/medium/01c13d87010fc87296476ece684edb9ef12ff9dc.jpg,https://iiif.dl.itc.u-tokyo.ac.jp/repo/api/items/1155876,"東京大学総合図書館 General Library, The University of Tokyo, JAPAN",http://iiif.io/api/presentation/2#rightToLeftDirection,,総合図書館所蔵古典籍,,,https://iiif.dl.itc.u-tokyo.ac.jp/repo/iiif/4969d50b-6444-38e9-3fac-75830eb94c14/manifest,,,,,26
山槐記 25,G27:230,サンカイキ,,[中山忠親著],[書写地不明] : [書写者不明],不明,[書写年不明],"30冊(1-3,18欠)",写本,27-29cm,"巻次は巻末の貼紙による|責任表示は『日本古典籍総合目録データベース』による|12の奥書に「文化二年冬与正親町入道前大納言校合了 中宮大夫公修」とあり|4: 永暦元年秋. 5: 永暦元年十一月. 6: 永暦元年十二月. 7: 永暦二年四月. 8: 應保元年秋. [補1]: 應保元年十二月. [補2]: 長寛二年三月六月. 9: 仁安二年二月. 10: 仁安二年三月. 11: 仁安二年四月五月六月. 12: 安元々年秋. 13: 治承二年正月. 14: 治承二年五月六月閏六月. 15: 治承二年十月. 16: 治承二年十一月. 17: 治承三年正月. 19: 治承三年夏奥七月歟. 20: 治承三年冬. 21: 治承四年二月. 22: 治承四年三月. 23: 治承四年四月. 24: 治承四年五月. 25: 治承四年秋. 26: 治承四年冬. 27: 元暦元年七月即位事. 28: 元暦元年八月大嘗會検校事. 29: 元暦元年九月大嘗會検校. 30: 元暦二年元日節會. 31: (元暦二)文治元年七月八月九月. 32: 執筆要|[補1-2]: 補配([補1]の奥書に「以山田大学本写之 文化十一年十月中宮大夫藤」とあり)|印記: 「三條文庫」,「弎條文庫」,「三條之印」|朱墨書き入れあり|付箋あり|虫損あり",日本語,和古書,三條文庫,http://tify.sub.uni-goettingen.de/demo.html?manifest=https://archdataset.dl.itc.u-tokyo.ac.jp/manifest/22140082-2d89-8ad1-4254-5d638e375ccb.json,22140082-2d89-8ad1-4254-5d638e375ccb,https://iiif.dl.itc.u-tokyo.ac.jp/repo/s/koten,https://iiif.dl.itc.u-tokyo.ac.jp/repo/s/koten/document/22140082-2d89-8ad1-4254-5d638e375ccb,https://www.lib.u-tokyo.ac.jp/ja/library/contents/archives-top/reuse,https://iiif.dl.itc.u-tokyo.ac.jp/repo/files/medium/f51946cfd4a81bfb1cb763d32b173525182d3a10.jpg,https://iiif.dl.itc.u-tokyo.ac.jp/repo/api/items/1155877,"東京大学総合図書館 General Library, The University of Tokyo, JAPAN",http://iiif.io/api/presentation/2#rightToLeftDirection,,総合図書館所蔵古典籍,,,https://iiif.dl.itc.u-tokyo.ac.jp/repo/iiif/22140082-2d89-8ad1-4254-5d638e375ccb/manifest,,,,,48
山槐記 26,G27:230,サンカイキ,,[中山忠親著],[書写地不明] : [書写者不明],不明,[書写年不明],"30冊(1-3,18欠)",写本,27-29cm,"巻次は巻末の貼紙による|責任表示は『日本古典籍総合目録データベース』による|12の奥書に「文化二年冬与正親町入道前大納言校合了 中宮大夫公修」とあり|4: 永暦元年秋. 5: 永暦元年十一月. 6: 永暦元年十二月. 7: 永暦二年四月. 8: 應保元年秋. [補1]: 應保元年十二月. [補2]: 長寛二年三月六月. 9: 仁安二年二月. 10: 仁安二年三月. 11: 仁安二年四月五月六月. 12: 安元々年秋. 13: 治承二年正月. 14: 治承二年五月六月閏六月. 15: 治承二年十月. 16: 治承二年十一月. 17: 治承三年正月. 19: 治承三年夏奥七月歟. 20: 治承三年冬. 21: 治承四年二月. 22: 治承四年三月. 23: 治承四年四月. 24: 治承四年五月. 25: 治承四年秋. 26: 治承四年冬. 27: 元暦元年七月即位事. 28: 元暦元年八月大嘗會検校事. 29: 元暦元年九月大嘗會検校. 30: 元暦二年元日節會. 31: (元暦二)文治元年七月八月九月. 32: 執筆要|[補1-2]: 補配([補1]の奥書に「以山田大学本写之 文化十一年十月中宮大夫藤」とあり)|印記: 「三條文庫」,「弎條文庫」,「三條之印」|朱墨書き入れあり|付箋あり|虫損あり",日本語,和古書,三條文庫,http://tify.sub.uni-goettingen.de/demo.html?manifest=https://archdataset.dl.itc.u-tokyo.ac.jp/manifest/a5b88d25-97fe-55da-5d72-b6e5642d1bf6.json,a5b88d25-97fe-55da-5d72-b6e5642d1bf6,https://iiif.dl.itc.u-tokyo.ac.jp/repo/s/koten,https://iiif.dl.itc.u-tokyo.ac.jp/repo/s/koten/document/a5b88d25-97fe-55da-5d72-b6e5642d1bf6,https://www.lib.u-tokyo.ac.jp/ja/library/contents/archives-top/reuse,https://iiif.dl.itc.u-tokyo.ac.jp/repo/files/medium/af1245e7c1f4321456bff9d4a2cf6c25bd371d72.jpg,https://iiif.dl.itc.u-tokyo.ac.jp/repo/api/items/1155878,"東京大学総合図書館 General Library, The University of Tokyo, JAPAN",http://iiif.io/api/presentation/2#rightToLeftDirection,,総合図書館所蔵古典籍,,,https://iiif.dl.itc.u-tokyo.ac.jp/repo/iiif/a5b88d25-97fe-55da-5d72-b6e5642d1bf6/manifest,,,,,71
山槐記 27,G27:230,サンカイキ,,[中山忠親著],[書写地不明] : [書写者不明],不明,[書写年不明],"30冊(1-3,18欠)",写本,27-29cm,"巻次は巻末の貼紙による|責任表示は『日本古典籍総合目録データベース』による|12の奥書に「文化二年冬与正親町入道前大納言校合了 中宮大夫公修」とあり|4: 永暦元年秋. 5: 永暦元年十一月. 6: 永暦元年十二月. 7: 永暦二年四月. 8: 應保元年秋. [補1]: 應保元年十二月. [補2]: 長寛二年三月六月. 9: 仁安二年二月. 10: 仁安二年三月. 11: 仁安二年四月五月六月. 12: 安元々年秋. 13: 治承二年正月. 14: 治承二年五月六月閏六月. 15: 治承二年十月. 16: 治承二年十一月. 17: 治承三年正月. 19: 治承三年夏奥七月歟. 20: 治承三年冬. 21: 治承四年二月. 22: 治承四年三月. 23: 治承四年四月. 24: 治承四年五月. 25: 治承四年秋. 26: 治承四年冬. 27: 元暦元年七月即位事. 28: 元暦元年八月大嘗會検校事. 29: 元暦元年九月大嘗會検校. 30: 元暦二年元日節會. 31: (元暦二)文治元年七月八月九月. 32: 執筆要|[補1-2]: 補配([補1]の奥書に「以山田大学本写之 文化十一年十月中宮大夫藤」とあり)|印記: 「三條文庫」,「弎條文庫」,「三條之印」|朱墨書き入れあり|付箋あり|虫損あり",日本語,和古書,三條文庫,http://tify.sub.uni-goettingen.de/demo.html?manifest=https://archdataset.dl.itc.u-tokyo.ac.jp/manifest/ddfab3ba-9ff6-10a3-0a33-de39d0fd4d97.json,ddfab3ba-9ff6-10a3-0a33-de39d0fd4d97,https://iiif.dl.itc.u-tokyo.ac.jp/repo/s/koten,https://iiif.dl.itc.u-tokyo.ac.jp/repo/s/koten/document/ddfab3ba-9ff6-10a3-0a33-de39d0fd4d97,https://www.lib.u-tokyo.ac.jp/ja/library/contents/archives-top/reuse,https://iiif.dl.itc.u-tokyo.ac.jp/repo/files/medium/d2cb30fd0ff756c8b4c9d3cc2e62753efd189566.jpg,https://iiif.dl.itc.u-tokyo.ac.jp/repo/api/items/1155879,"東京大学総合図書館 General Library, The University of Tokyo, JAPAN",http://iiif.io/api/presentation/2#rightToLeftDirection,,総合図書館所蔵古典籍,,,https://iiif.dl.itc.u-tokyo.ac.jp/repo/iiif/ddfab3ba-9ff6-10a3-0a33-de39d0fd4d97/manifest,,,,,21
山槐記 28,G27:230,サンカイキ,,[中山忠親著],[書写地不明] : [書写者不明],不明,[書写年不明],"30冊(1-3,18欠)",写本,27-29cm,"巻次は巻末の貼紙による|責任表示は『日本古典籍総合目録データベース』による|12の奥書に「文化二年冬与正親町入道前大納言校合了 中宮大夫公修」とあり|4: 永暦元年秋. 5: 永暦元年十一月. 6: 永暦元年十二月. 7: 永暦二年四月. 8: 應保元年秋. [補1]: 應保元年十二月. [補2]: 長寛二年三月六月. 9: 仁安二年二月. 10: 仁安二年三月. 11: 仁安二年四月五月六月. 12: 安元々年秋. 13: 治承二年正月. 14: 治承二年五月六月閏六月. 15: 治承二年十月. 16: 治承二年十一月. 17: 治承三年正月. 19: 治承三年夏奥七月歟. 20: 治承三年冬. 21: 治承四年二月. 22: 治承四年三月. 23: 治承四年四月. 24: 治承四年五月. 25: 治承四年秋. 26: 治承四年冬. 27: 元暦元年七月即位事. 28: 元暦元年八月大嘗會検校事. 29: 元暦元年九月大嘗會検校. 30: 元暦二年元日節會. 31: (元暦二)文治元年七月八月九月. 32: 執筆要|[補1-2]: 補配([補1]の奥書に「以山田大学本写之 文化十一年十月中宮大夫藤」とあり)|印記: 「三條文庫」,「弎條文庫」,「三條之印」|朱墨書き入れあり|付箋あり|虫損あり",日本語,和古書,三條文庫,http://tify.sub.uni-goettingen.de/demo.html?manifest=https://archdataset.dl.itc.u-tokyo.ac.jp/manifest/8d7d6949-a52f-1978-866e-267ff7fe45f5.json,8d7d6949-a52f-1978-866e-267ff7fe45f5,https://iiif.dl.itc.u-tokyo.ac.jp/repo/s/koten,https://iiif.dl.itc.u-tokyo.ac.jp/repo/s/koten/document/8d7d6949-a52f-1978-866e-267ff7fe45f5,https://www.lib.u-tokyo.ac.jp/ja/library/contents/archives-top/reuse,https://iiif.dl.itc.u-tokyo.ac.jp/repo/files/medium/67263c190b09dd57f16d262ff23b53327954a364.jpg,https://iiif.dl.itc.u-tokyo.ac.jp/repo/api/items/1155880,"東京大学総合図書館 General Library, The University of Tokyo, JAPAN",http://iiif.io/api/presentation/2#rightToLeftDirection,,総合図書館所蔵古典籍,,,https://iiif.dl.itc.u-tokyo.ac.jp/repo/iiif/8d7d6949-a52f-1978-866e-267ff7fe45f5/manifest,,,,,51
山槐記 29,G27:230,サンカイキ,,[中山忠親著],[書写地不明] : [書写者不明],不明,[書写年不明],"30冊(1-3,18欠)",写本,27-29cm,"巻次は巻末の貼紙による|責任表示は『日本古典籍総合目録データベース』による|12の奥書に「文化二年冬与正親町入道前大納言校合了 中宮大夫公修」とあり|4: 永暦元年秋. 5: 永暦元年十一月. 6: 永暦元年十二月. 7: 永暦二年四月. 8: 應保元年秋. [補1]: 應保元年十二月. [補2]: 長寛二年三月六月. 9: 仁安二年二月. 10: 仁安二年三月. 11: 仁安二年四月五月六月. 12: 安元々年秋. 13: 治承二年正月. 14: 治承二年五月六月閏六月. 15: 治承二年十月. 16: 治承二年十一月. 17: 治承三年正月. 19: 治承三年夏奥七月歟. 20: 治承三年冬. 21: 治承四年二月. 22: 治承四年三月. 23: 治承四年四月. 24: 治承四年五月. 25: 治承四年秋. 26: 治承四年冬. 27: 元暦元年七月即位事. 28: 元暦元年八月大嘗會検校事. 29: 元暦元年九月大嘗會検校. 30: 元暦二年元日節會. 31: (元暦二)文治元年七月八月九月. 32: 執筆要|[補1-2]: 補配([補1]の奥書に「以山田大学本写之 文化十一年十月中宮大夫藤」とあり)|印記: 「三條文庫」,「弎條文庫」,「三條之印」|朱墨書き入れあり|付箋あり|虫損あり",日本語,和古書,三條文庫,http://tify.sub.uni-goettingen.de/demo.html?manifest=https://archdataset.dl.itc.u-tokyo.ac.jp/manifest/0b067266-3dbc-2ee2-20cd-7dad95f37e5d.json,0b067266-3dbc-2ee2-20cd-7dad95f37e5d,https://iiif.dl.itc.u-tokyo.ac.jp/repo/s/koten,https://iiif.dl.itc.u-tokyo.ac.jp/repo/s/koten/document/0b067266-3dbc-2ee2-20cd-7dad95f37e5d,https://www.lib.u-tokyo.ac.jp/ja/library/contents/archives-top/reuse,https://iiif.dl.itc.u-tokyo.ac.jp/repo/files/medium/88769654c2614fd3b32b6874836170bdeac169f3.jpg,https://iiif.dl.itc.u-tokyo.ac.jp/repo/api/items/1155881,"東京大学総合図書館 General Library, The University of Tokyo, JAPAN",http://iiif.io/api/presentation/2#rightToLeftDirection,,総合図書館所蔵古典籍,,,https://iiif.dl.itc.u-tokyo.ac.jp/repo/iiif/0b067266-3dbc-2ee2-20cd-7dad95f37e5d/manifest,,,,,24
山槐記 30,G27:230,サンカイキ,,[中山忠親著],[書写地不明] : [書写者不明],不明,[書写年不明],"30冊(1-3,18欠)",写本,27-29cm,"巻次は巻末の貼紙による|責任表示は『日本古典籍総合目録データベース』による|12の奥書に「文化二年冬与正親町入道前大納言校合了 中宮大夫公修」とあり|4: 永暦元年秋. 5: 永暦元年十一月. 6: 永暦元年十二月. 7: 永暦二年四月. 8: 應保元年秋. [補1]: 應保元年十二月. [補2]: 長寛二年三月六月. 9: 仁安二年二月. 10: 仁安二年三月. 11: 仁安二年四月五月六月. 12: 安元々年秋. 13: 治承二年正月. 14: 治承二年五月六月閏六月. 15: 治承二年十月. 16: 治承二年十一月. 17: 治承三年正月. 19: 治承三年夏奥七月歟. 20: 治承三年冬. 21: 治承四年二月. 22: 治承四年三月. 23: 治承四年四月. 24: 治承四年五月. 25: 治承四年秋. 26: 治承四年冬. 27: 元暦元年七月即位事. 28: 元暦元年八月大嘗會検校事. 29: 元暦元年九月大嘗會検校. 30: 元暦二年元日節會. 31: (元暦二)文治元年七月八月九月. 32: 執筆要|[補1-2]: 補配([補1]の奥書に「以山田大学本写之 文化十一年十月中宮大夫藤」とあり)|印記: 「三條文庫」,「弎條文庫」,「三條之印」|朱墨書き入れあり|付箋あり|虫損あり",日本語,和古書,三條文庫,http://tify.sub.uni-goettingen.de/demo.html?manifest=https://archdataset.dl.itc.u-tokyo.ac.jp/manifest/b562a07c-7a7e-1b90-6367-30fc45bf4479.json,b562a07c-7a7e-1b90-6367-30fc45bf4479,https://iiif.dl.itc.u-tokyo.ac.jp/repo/s/koten,https://iiif.dl.itc.u-tokyo.ac.jp/repo/s/koten/document/b562a07c-7a7e-1b90-6367-30fc45bf4479,https://www.lib.u-tokyo.ac.jp/ja/library/contents/archives-top/reuse,https://iiif.dl.itc.u-tokyo.ac.jp/repo/files/medium/ca6edb3c9e205bc8270a5bfad78a9df0afecbf0a.jpg,https://iiif.dl.itc.u-tokyo.ac.jp/repo/api/items/1155882,"東京大学総合図書館 General Library, The University of Tokyo, JAPAN",http://iiif.io/api/presentation/2#rightToLeftDirection,,総合図書館所蔵古典籍,,,https://iiif.dl.itc.u-tokyo.ac.jp/repo/iiif/b562a07c-7a7e-1b90-6367-30fc45bf4479/manifest,,,,,10
山槐記 31,G27:230,サンカイキ,,[中山忠親著],[書写地不明] : [書写者不明],不明,[書写年不明],"30冊(1-3,18欠)",写本,27-29cm,"巻次は巻末の貼紙による|責任表示は『日本古典籍総合目録データベース』による|12の奥書に「文化二年冬与正親町入道前大納言校合了 中宮大夫公修」とあり|4: 永暦元年秋. 5: 永暦元年十一月. 6: 永暦元年十二月. 7: 永暦二年四月. 8: 應保元年秋. [補1]: 應保元年十二月. [補2]: 長寛二年三月六月. 9: 仁安二年二月. 10: 仁安二年三月. 11: 仁安二年四月五月六月. 12: 安元々年秋. 13: 治承二年正月. 14: 治承二年五月六月閏六月. 15: 治承二年十月. 16: 治承二年十一月. 17: 治承三年正月. 19: 治承三年夏奥七月歟. 20: 治承三年冬. 21: 治承四年二月. 22: 治承四年三月. 23: 治承四年四月. 24: 治承四年五月. 25: 治承四年秋. 26: 治承四年冬. 27: 元暦元年七月即位事. 28: 元暦元年八月大嘗會検校事. 29: 元暦元年九月大嘗會検校. 30: 元暦二年元日節會. 31: (元暦二)文治元年七月八月九月. 32: 執筆要|[補1-2]: 補配([補1]の奥書に「以山田大学本写之 文化十一年十月中宮大夫藤」とあり)|印記: 「三條文庫」,「弎條文庫」,「三條之印」|朱墨書き入れあり|付箋あり|虫損あり",日本語,和古書,三條文庫,http://tify.sub.uni-goettingen.de/demo.html?manifest=https://archdataset.dl.itc.u-tokyo.ac.jp/manifest/546744c4-1e5b-30b1-3a90-d25125a22c13.json,546744c4-1e5b-30b1-3a90-d25125a22c13,https://iiif.dl.itc.u-tokyo.ac.jp/repo/s/koten,https://iiif.dl.itc.u-tokyo.ac.jp/repo/s/koten/document/546744c4-1e5b-30b1-3a90-d25125a22c13,https://www.lib.u-tokyo.ac.jp/ja/library/contents/archives-top/reuse,https://iiif.dl.itc.u-tokyo.ac.jp/repo/files/medium/75298f8330e1888f30f661849aa1e2583cfce521.jpg,https://iiif.dl.itc.u-tokyo.ac.jp/repo/api/items/1155883,"東京大学総合図書館 General Library, The University of Tokyo, JAPAN",http://iiif.io/api/presentation/2#rightToLeftDirection,,総合図書館所蔵古典籍,,,https://iiif.dl.itc.u-tokyo.ac.jp/repo/iiif/546744c4-1e5b-30b1-3a90-d25125a22c13/manifest,,,,,34
山槐記 32,G27:230,サンカイキ,,[中山忠親著],[書写地不明] : [書写者不明],不明,[書写年不明],"30冊(1-3,18欠)",写本,27-29cm,"巻次は巻末の貼紙による|責任表示は『日本古典籍総合目録データベース』による|12の奥書に「文化二年冬与正親町入道前大納言校合了 中宮大夫公修」とあり|4: 永暦元年秋. 5: 永暦元年十一月. 6: 永暦元年十二月. 7: 永暦二年四月. 8: 應保元年秋. [補1]: 應保元年十二月. [補2]: 長寛二年三月六月. 9: 仁安二年二月. 10: 仁安二年三月. 11: 仁安二年四月五月六月. 12: 安元々年秋. 13: 治承二年正月. 14: 治承二年五月六月閏六月. 15: 治承二年十月. 16: 治承二年十一月. 17: 治承三年正月. 19: 治承三年夏奥七月歟. 20: 治承三年冬. 21: 治承四年二月. 22: 治承四年三月. 23: 治承四年四月. 24: 治承四年五月. 25: 治承四年秋. 26: 治承四年冬. 27: 元暦元年七月即位事. 28: 元暦元年八月大嘗會検校事. 29: 元暦元年九月大嘗會検校. 30: 元暦二年元日節會. 31: (元暦二)文治元年七月八月九月. 32: 執筆要|[補1-2]: 補配([補1]の奥書に「以山田大学本写之 文化十一年十月中宮大夫藤」とあり)|印記: 「三條文庫」,「弎條文庫」,「三條之印」|朱墨書き入れあり|付箋あり|虫損あり",日本語,和古書,三條文庫,http://tify.sub.uni-goettingen.de/demo.html?manifest=https://archdataset.dl.itc.u-tokyo.ac.jp/manifest/07866f1a-95b5-4d93-1677-af8a7a900cf7.json,07866f1a-95b5-4d93-1677-af8a7a900cf7,https://iiif.dl.itc.u-tokyo.ac.jp/repo/s/koten,https://iiif.dl.itc.u-tokyo.ac.jp/repo/s/koten/document/07866f1a-95b5-4d93-1677-af8a7a900cf7,https://www.lib.u-tokyo.ac.jp/ja/library/contents/archives-top/reuse,https://iiif.dl.itc.u-tokyo.ac.jp/repo/files/medium/28e0cfb980112ad0fcdfb2b3895addc7bb451195.jpg,https://iiif.dl.itc.u-tokyo.ac.jp/repo/api/items/1155884,"東京大学総合図書館 General Library, The University of Tokyo, JAPAN",http://iiif.io/api/presentation/2#rightToLeftDirection,,総合図書館所蔵古典籍,,,https://iiif.dl.itc.u-tokyo.ac.jp/repo/iiif/07866f1a-95b5-4d93-1677-af8a7a900cf7/manifest,,,,,21
正倉院文書1,G27:799,ショウソウイン モンジョ,正倉院古文書,不明,[書写地不明] : [書写者不明],不明,[書写年不明],17冊,写本,35cm,書名及び巻次は扉及び題簽による|朱筆書き入れあり,日本語,和古書,,http://tify.sub.uni-goettingen.de/demo.html?manifest=https://archdataset.dl.itc.u-tokyo.ac.jp/manifest/30e1e2f6-8d58-33f5-4fe3-f054e4c32838.json,30e1e2f6-8d58-33f5-4fe3-f054e4c32838,https://iiif.dl.itc.u-tokyo.ac.jp/repo/s/koten,https://iiif.dl.itc.u-tokyo.ac.jp/repo/s/koten/document/30e1e2f6-8d58-33f5-4fe3-f054e4c32838,https://www.lib.u-tokyo.ac.jp/ja/library/contents/archives-top/reuse,https://iiif.dl.itc.u-tokyo.ac.jp/repo/files/medium/1428921a25389f6caaf7a7d9e20ba5f4cc1b8c5a.jpg,https://iiif.dl.itc.u-tokyo.ac.jp/repo/api/items/1155885,"東京大学総合図書館 General Library, The University of Tokyo, JAPAN",http://iiif.io/api/presentation/2#rightToLeftDirection,,総合図書館所蔵古典籍,,,https://iiif.dl.itc.u-tokyo.ac.jp/repo/iiif/30e1e2f6-8d58-33f5-4fe3-f054e4c32838/manifest,,,,,83
正倉院文書2,G27:799,ショウソウイン モンジョ,正倉院古文書,不明,[書写地不明] : [書写者不明],不明,[書写年不明],17冊,写本,35cm,書名及び巻次は扉及び題簽による|朱筆書き入れあり,日本語,和古書,,http://tify.sub.uni-goettingen.de/demo.html?manifest=https://archdataset.dl.itc.u-tokyo.ac.jp/manifest/ebc66c08-420e-7af5-5add-c64b140e702e.json,ebc66c08-420e-7af5-5add-c64b140e702e,https://iiif.dl.itc.u-tokyo.ac.jp/repo/s/koten,https://iiif.dl.itc.u-tokyo.ac.jp/repo/s/koten/document/ebc66c08-420e-7af5-5add-c64b140e702e,https://www.lib.u-tokyo.ac.jp/ja/library/contents/archives-top/reuse,https://iiif.dl.itc.u-tokyo.ac.jp/repo/files/medium/2a2f6c962bb7c6c13dccec523425d4c2a3a86ced.jpg,https://iiif.dl.itc.u-tokyo.ac.jp/repo/api/items/1155886,"東京大学総合図書館 General Library, The University of Tokyo, JAPAN",http://iiif.io/api/presentation/2#rightToLeftDirection,,総合図書館所蔵古典籍,,,https://iiif.dl.itc.u-tokyo.ac.jp/repo/iiif/ebc66c08-420e-7af5-5add-c64b140e702e/manifest,,,,,86
正倉院文書3,G27:799,ショウソウイン モンジョ,正倉院古文書,不明,[書写地不明] : [書写者不明],不明,[書写年不明],17冊,写本,35cm,書名及び巻次は扉及び題簽による|朱筆書き入れあり,日本語,和古書,,http://tify.sub.uni-goettingen.de/demo.html?manifest=https://archdataset.dl.itc.u-tokyo.ac.jp/manifest/1069c57e-19c9-481d-0ba9-16258b4e866d.json,1069c57e-19c9-481d-0ba9-16258b4e866d,https://iiif.dl.itc.u-tokyo.ac.jp/repo/s/koten,https://iiif.dl.itc.u-tokyo.ac.jp/repo/s/koten/document/1069c57e-19c9-481d-0ba9-16258b4e866d,https://www.lib.u-tokyo.ac.jp/ja/library/contents/archives-top/reuse,https://iiif.dl.itc.u-tokyo.ac.jp/repo/files/medium/111adca71d0980570a89d74e714b4002fd499e20.jpg,https://iiif.dl.itc.u-tokyo.ac.jp/repo/api/items/1155887,"東京大学総合図書館 General Library, The University of Tokyo, JAPAN",http://iiif.io/api/presentation/2#rightToLeftDirection,,総合図書館所蔵古典籍,,,https://iiif.dl.itc.u-tokyo.ac.jp/repo/iiif/1069c57e-19c9-481d-0ba9-16258b4e866d/manifest,,,,,96
正倉院文書4,G27:799,ショウソウイン モンジョ,正倉院古文書,不明,[書写地不明] : [書写者不明],不明,[書写年不明],17冊,写本,35cm,書名及び巻次は扉及び題簽による|朱筆書き入れあり,日本語,和古書,,http://tify.sub.uni-goettingen.de/demo.html?manifest=https://archdataset.dl.itc.u-tokyo.ac.jp/manifest/162f2fa8-36b4-a4d6-01ab-c80d53af15bf.json,162f2fa8-36b4-a4d6-01ab-c80d53af15bf,https://iiif.dl.itc.u-tokyo.ac.jp/repo/s/koten,https://iiif.dl.itc.u-tokyo.ac.jp/repo/s/koten/document/162f2fa8-36b4-a4d6-01ab-c80d53af15bf,https://www.lib.u-tokyo.ac.jp/ja/library/contents/archives-top/reuse,https://iiif.dl.itc.u-tokyo.ac.jp/repo/files/medium/c3360a0430739c92ee8f93418f8f5567c18fa047.jpg,https://iiif.dl.itc.u-tokyo.ac.jp/repo/api/items/1155888,"東京大学総合図書館 General Library, The University of Tokyo, JAPAN",http://iiif.io/api/presentation/2#rightToLeftDirection,,総合図書館所蔵古典籍,,,https://iiif.dl.itc.u-tokyo.ac.jp/repo/iiif/162f2fa8-36b4-a4d6-01ab-c80d53af15bf/manifest,,,,,95
正倉院文書5,G27:799,ショウソウイン モンジョ,正倉院古文書,不明,[書写地不明] : [書写者不明],不明,[書写年不明],17冊,写本,35cm,書名及び巻次は扉及び題簽による|朱筆書き入れあり,日本語,和古書,,http://tify.sub.uni-goettingen.de/demo.html?manifest=https://archdataset.dl.itc.u-tokyo.ac.jp/manifest/2b6a9928-7bc1-8fd7-0cfc-d42261b0573a.json,2b6a9928-7bc1-8fd7-0cfc-d42261b0573a,https://iiif.dl.itc.u-tokyo.ac.jp/repo/s/koten,https://iiif.dl.itc.u-tokyo.ac.jp/repo/s/koten/document/2b6a9928-7bc1-8fd7-0cfc-d42261b0573a,https://www.lib.u-tokyo.ac.jp/ja/library/contents/archives-top/reuse,https://iiif.dl.itc.u-tokyo.ac.jp/repo/files/medium/e53455cbc9faba842632bbe661005fa38c11257f.jpg,https://iiif.dl.itc.u-tokyo.ac.jp/repo/api/items/1155889,"東京大学総合図書館 General Library, The University of Tokyo, JAPAN",http://iiif.io/api/presentation/2#rightToLeftDirection,,総合図書館所蔵古典籍,,,https://iiif.dl.itc.u-tokyo.ac.jp/repo/iiif/2b6a9928-7bc1-8fd7-0cfc-d42261b0573a/manifest,,,,,64
正倉院文書6,G27:799,ショウソウイン モンジョ,正倉院古文書,不明,[書写地不明] : [書写者不明],不明,[書写年不明],17冊,写本,35cm,書名及び巻次は扉及び題簽による|朱筆書き入れあり,日本語,和古書,,http://tify.sub.uni-goettingen.de/demo.html?manifest=https://archdataset.dl.itc.u-tokyo.ac.jp/manifest/1b5be447-427e-367a-5956-f67276a174b2.json,1b5be447-427e-367a-5956-f67276a174b2,https://iiif.dl.itc.u-tokyo.ac.jp/repo/s/koten,https://iiif.dl.itc.u-tokyo.ac.jp/repo/s/koten/document/1b5be447-427e-367a-5956-f67276a174b2,https://www.lib.u-tokyo.ac.jp/ja/library/contents/archives-top/reuse,https://iiif.dl.itc.u-tokyo.ac.jp/repo/files/medium/c8182f67d10c7c119129509af9475561fde8eeb6.jpg,https://iiif.dl.itc.u-tokyo.ac.jp/repo/api/items/1155890,"東京大学総合図書館 General Library, The University of Tokyo, JAPAN",http://iiif.io/api/presentation/2#rightToLeftDirection,,総合図書館所蔵古典籍,,,https://iiif.dl.itc.u-tokyo.ac.jp/repo/iiif/1b5be447-427e-367a-5956-f67276a174b2/manifest,,,,,81
正倉院文書7,G27:799,ショウソウイン モンジョ,正倉院古文書,不明,[書写地不明] : [書写者不明],不明,[書写年不明],17冊,写本,35cm,書名及び巻次は扉及び題簽による|朱筆書き入れあり,日本語,和古書,,http://tify.sub.uni-goettingen.de/demo.html?manifest=https://archdataset.dl.itc.u-tokyo.ac.jp/manifest/c9e5ada6-874d-2a0e-1897-5642af4814d7.json,c9e5ada6-874d-2a0e-1897-5642af4814d7,https://iiif.dl.itc.u-tokyo.ac.jp/repo/s/koten,https://iiif.dl.itc.u-tokyo.ac.jp/repo/s/koten/document/c9e5ada6-874d-2a0e-1897-5642af4814d7,https://www.lib.u-tokyo.ac.jp/ja/library/contents/archives-top/reuse,https://iiif.dl.itc.u-tokyo.ac.jp/repo/files/medium/80a7f05545ea4f8b47fcaad28e847309846886af.jpg,https://iiif.dl.itc.u-tokyo.ac.jp/repo/api/items/1155891,"東京大学総合図書館 General Library, The University of Tokyo, JAPAN",http://iiif.io/api/presentation/2#rightToLeftDirection,,総合図書館所蔵古典籍,,,https://iiif.dl.itc.u-tokyo.ac.jp/repo/iiif/c9e5ada6-874d-2a0e-1897-5642af4814d7/manifest,,,,,97
正倉院文書8,G27:799,ショウソウイン モンジョ,正倉院古文書,不明,[書写地不明] : [書写者不明],不明,[書写年不明],17冊,写本,35cm,書名及び巻次は扉及び題簽による|朱筆書き入れあり,日本語,和古書,,http://tify.sub.uni-goettingen.de/demo.html?manifest=https://archdataset.dl.itc.u-tokyo.ac.jp/manifest/bd7b6f1a-8b05-3d55-01cf-5602c77094b2.json,bd7b6f1a-8b05-3d55-01cf-5602c77094b2,https://iiif.dl.itc.u-tokyo.ac.jp/repo/s/koten,https://iiif.dl.itc.u-tokyo.ac.jp/repo/s/koten/document/bd7b6f1a-8b05-3d55-01cf-5602c77094b2,https://www.lib.u-tokyo.ac.jp/ja/library/contents/archives-top/reuse,https://iiif.dl.itc.u-tokyo.ac.jp/repo/files/medium/1438ab1af0f971a8167cd294dfa55e98ef873013.jpg,https://iiif.dl.itc.u-tokyo.ac.jp/repo/api/items/1155892,"東京大学総合図書館 General Library, The University of Tokyo, JAPAN",http://iiif.io/api/presentation/2#rightToLeftDirection,,総合図書館所蔵古典籍,,,https://iiif.dl.itc.u-tokyo.ac.jp/repo/iiif/bd7b6f1a-8b05-3d55-01cf-5602c77094b2/manifest,,,,,91
正倉院文書9,G27:799,ショウソウイン モンジョ,正倉院古文書,不明,[書写地不明] : [書写者不明],不明,[書写年不明],17冊,写本,35cm,書名及び巻次は扉及び題簽による|朱筆書き入れあり,日本語,和古書,,http://tify.sub.uni-goettingen.de/demo.html?manifest=https://archdataset.dl.itc.u-tokyo.ac.jp/manifest/d82f67c2-516b-82ca-5616-7e85f23724f0.json,d82f67c2-516b-82ca-5616-7e85f23724f0,https://iiif.dl.itc.u-tokyo.ac.jp/repo/s/koten,https://iiif.dl.itc.u-tokyo.ac.jp/repo/s/koten/document/d82f67c2-516b-82ca-5616-7e85f23724f0,https://www.lib.u-tokyo.ac.jp/ja/library/contents/archives-top/reuse,https://iiif.dl.itc.u-tokyo.ac.jp/repo/files/medium/7eb618e36161231972585065092062f755d30245.jpg,https://iiif.dl.itc.u-tokyo.ac.jp/repo/api/items/1155893,"東京大学総合図書館 General Library, The University of Tokyo, JAPAN",http://iiif.io/api/presentation/2#rightToLeftDirection,,総合図書館所蔵古典籍,,,https://iiif.dl.itc.u-tokyo.ac.jp/repo/iiif/d82f67c2-516b-82ca-5616-7e85f23724f0/manifest,,,,,68
正倉院文書10,G27:799,ショウソウイン モンジョ,正倉院古文書,不明,[書写地不明] : [書写者不明],不明,[書写年不明],17冊,写本,35cm,書名及び巻次は扉及び題簽による|朱筆書き入れあり,日本語,和古書,,http://tify.sub.uni-goettingen.de/demo.html?manifest=https://archdataset.dl.itc.u-tokyo.ac.jp/manifest/cfad4bc9-505b-6574-6cb7-1f36db51170d.json,cfad4bc9-505b-6574-6cb7-1f36db51170d,https://iiif.dl.itc.u-tokyo.ac.jp/repo/s/koten,https://iiif.dl.itc.u-tokyo.ac.jp/repo/s/koten/document/cfad4bc9-505b-6574-6cb7-1f36db51170d,https://www.lib.u-tokyo.ac.jp/ja/library/contents/archives-top/reuse,https://iiif.dl.itc.u-tokyo.ac.jp/repo/files/medium/8f10a9d49900077e6b743df215d858f0b7fd6c09.jpg,https://iiif.dl.itc.u-tokyo.ac.jp/repo/api/items/1155894,"東京大学総合図書館 General Library, The University of Tokyo, JAPAN",http://iiif.io/api/presentation/2#rightToLeftDirection,,総合図書館所蔵古典籍,,,https://iiif.dl.itc.u-tokyo.ac.jp/repo/iiif/cfad4bc9-505b-6574-6cb7-1f36db51170d/manifest,,,,,92
正倉院文書11,G27:799,ショウソウイン モンジョ,正倉院古文書,不明,[書写地不明] : [書写者不明],不明,[書写年不明],17冊,写本,35cm,書名及び巻次は扉及び題簽による|朱筆書き入れあり,日本語,和古書,,http://tify.sub.uni-goettingen.de/demo.html?manifest=https://archdataset.dl.itc.u-tokyo.ac.jp/manifest/69c8efa7-393e-4d8d-88ea-f92e41886b42.json,69c8efa7-393e-4d8d-88ea-f92e41886b42,https://iiif.dl.itc.u-tokyo.ac.jp/repo/s/koten,https://iiif.dl.itc.u-tokyo.ac.jp/repo/s/koten/document/69c8efa7-393e-4d8d-88ea-f92e41886b42,https://www.lib.u-tokyo.ac.jp/ja/library/contents/archives-top/reuse,https://iiif.dl.itc.u-tokyo.ac.jp/repo/files/medium/013c8e1f38ce4621fece5f490e320c6b5f48de60.jpg,https://iiif.dl.itc.u-tokyo.ac.jp/repo/api/items/1155895,"東京大学総合図書館 General Library, The University of Tokyo, JAPAN",http://iiif.io/api/presentation/2#rightToLeftDirection,,総合図書館所蔵古典籍,,,https://iiif.dl.itc.u-tokyo.ac.jp/repo/iiif/69c8efa7-393e-4d8d-88ea-f92e41886b42/manifest,,,,,52
正倉院文書12,G27:799,ショウソウイン モンジョ,正倉院古文書,不明,[書写地不明] : [書写者不明],不明,[書写年不明],17冊,写本,35cm,書名及び巻次は扉及び題簽による|朱筆書き入れあり,日本語,和古書,,http://tify.sub.uni-goettingen.de/demo.html?manifest=https://archdataset.dl.itc.u-tokyo.ac.jp/manifest/bf9b2264-550c-1e90-477b-a7326d4b32fc.json,bf9b2264-550c-1e90-477b-a7326d4b32fc,https://iiif.dl.itc.u-tokyo.ac.jp/repo/s/koten,https://iiif.dl.itc.u-tokyo.ac.jp/repo/s/koten/document/bf9b2264-550c-1e90-477b-a7326d4b32fc,https://www.lib.u-tokyo.ac.jp/ja/library/contents/archives-top/reuse,https://iiif.dl.itc.u-tokyo.ac.jp/repo/files/medium/636e237d7ca863435704833dfa95635f554cbecf.jpg,https://iiif.dl.itc.u-tokyo.ac.jp/repo/api/items/1155896,"東京大学総合図書館 General Library, The University of Tokyo, JAPAN",http://iiif.io/api/presentation/2#rightToLeftDirection,,総合図書館所蔵古典籍,,,https://iiif.dl.itc.u-tokyo.ac.jp/repo/iiif/bf9b2264-550c-1e90-477b-a7326d4b32fc/manifest,,,,,82
正倉院文書13,G27:799,ショウソウイン モンジョ,正倉院古文書,不明,[書写地不明] : [書写者不明],不明,[書写年不明],17冊,写本,35cm,書名及び巻次は扉及び題簽による|朱筆書き入れあり,日本語,和古書,,http://tify.sub.uni-goettingen.de/demo.html?manifest=https://archdataset.dl.itc.u-tokyo.ac.jp/manifest/1b619672-2536-91c2-1d0c-a7ac2ed46f8e.json,1b619672-2536-91c2-1d0c-a7ac2ed46f8e,https://iiif.dl.itc.u-tokyo.ac.jp/repo/s/koten,https://iiif.dl.itc.u-tokyo.ac.jp/repo/s/koten/document/1b619672-2536-91c2-1d0c-a7ac2ed46f8e,https://www.lib.u-tokyo.ac.jp/ja/library/contents/archives-top/reuse,https://iiif.dl.itc.u-tokyo.ac.jp/repo/files/medium/eaa3526702182f37bd8397bf1ca3581adac6e193.jpg,https://iiif.dl.itc.u-tokyo.ac.jp/repo/api/items/1155897,"東京大学総合図書館 General Library, The University of Tokyo, JAPAN",http://iiif.io/api/presentation/2#rightToLeftDirection,,総合図書館所蔵古典籍,,,https://iiif.dl.itc.u-tokyo.ac.jp/repo/iiif/1b619672-2536-91c2-1d0c-a7ac2ed46f8e/manifest,,,,,108
正倉院文書14,G27:799,ショウソウイン モンジョ,正倉院古文書,不明,[書写地不明] : [書写者不明],不明,[書写年不明],17冊,写本,35cm,書名及び巻次は扉及び題簽による|朱筆書き入れあり,日本語,和古書,,http://tify.sub.uni-goettingen.de/demo.html?manifest=https://archdataset.dl.itc.u-tokyo.ac.jp/manifest/94f708d1-0e39-56f7-1fe3-972ecf750399.json,94f708d1-0e39-56f7-1fe3-972ecf750399,https://iiif.dl.itc.u-tokyo.ac.jp/repo/s/koten,https://iiif.dl.itc.u-tokyo.ac.jp/repo/s/koten/document/94f708d1-0e39-56f7-1fe3-972ecf750399,https://www.lib.u-tokyo.ac.jp/ja/library/contents/archives-top/reuse,https://iiif.dl.itc.u-tokyo.ac.jp/repo/files/medium/0e8940fd1d7cb79f32b6c79ae07b1f35a8ed84ca.jpg,https://iiif.dl.itc.u-tokyo.ac.jp/repo/api/items/1155898,"東京大学総合図書館 General Library, The University of Tokyo, JAPAN",http://iiif.io/api/presentation/2#rightToLeftDirection,,総合図書館所蔵古典籍,,,https://iiif.dl.itc.u-tokyo.ac.jp/repo/iiif/94f708d1-0e39-56f7-1fe3-972ecf750399/manifest,,,,,69
正倉院文書15,G27:799,ショウソウイン モンジョ,正倉院古文書,不明,[書写地不明] : [書写者不明],不明,[書写年不明],17冊,写本,35cm,書名及び巻次は扉及び題簽による|朱筆書き入れあり,日本語,和古書,,http://tify.sub.uni-goettingen.de/demo.html?manifest=https://archdataset.dl.itc.u-tokyo.ac.jp/manifest/5f222ff9-6bfc-1d68-9e20-9dd4d6d29463.json,5f222ff9-6bfc-1d68-9e20-9dd4d6d29463,https://iiif.dl.itc.u-tokyo.ac.jp/repo/s/koten,https://iiif.dl.itc.u-tokyo.ac.jp/repo/s/koten/document/5f222ff9-6bfc-1d68-9e20-9dd4d6d29463,https://www.lib.u-tokyo.ac.jp/ja/library/contents/archives-top/reuse,https://iiif.dl.itc.u-tokyo.ac.jp/repo/files/medium/a58e01c34ded942b27ef3d44ca37eddc6ea1c1c6.jpg,https://iiif.dl.itc.u-tokyo.ac.jp/repo/api/items/1155899,"東京大学総合図書館 General Library, The University of Tokyo, JAPAN",http://iiif.io/api/presentation/2#rightToLeftDirection,,総合図書館所蔵古典籍,,,https://iiif.dl.itc.u-tokyo.ac.jp/repo/iiif/5f222ff9-6bfc-1d68-9e20-9dd4d6d29463/manifest,,,,,66
正倉院文書16,G27:799,ショウソウイン モンジョ,正倉院古文書,不明,[書写地不明] : [書写者不明],不明,[書写年不明],17冊,写本,35cm,書名及び巻次は扉及び題簽による|朱筆書き入れあり,日本語,和古書,,http://tify.sub.uni-goettingen.de/demo.html?manifest=https://archdataset.dl.itc.u-tokyo.ac.jp/manifest/87800fa9-2e4c-9a20-9c2b-6ca924d791de.json,87800fa9-2e4c-9a20-9c2b-6ca924d791de,https://iiif.dl.itc.u-tokyo.ac.jp/repo/s/koten,https://iiif.dl.itc.u-tokyo.ac.jp/repo/s/koten/document/87800fa9-2e4c-9a20-9c2b-6ca924d791de,https://www.lib.u-tokyo.ac.jp/ja/library/contents/archives-top/reuse,https://iiif.dl.itc.u-tokyo.ac.jp/repo/files/medium/d11a7375c51bff7b971732780ad6c57d0e2aab1c.jpg,https://iiif.dl.itc.u-tokyo.ac.jp/repo/api/items/1155900,"東京大学総合図書館 General Library, The University of Tokyo, JAPAN",http://iiif.io/api/presentation/2#rightToLeftDirection,,総合図書館所蔵古典籍,,,https://iiif.dl.itc.u-tokyo.ac.jp/repo/iiif/87800fa9-2e4c-9a20-9c2b-6ca924d791de/manifest,,,,,123
正倉院文書17,G27:799,ショウソウイン モンジョ,正倉院古文書,不明,[書写地不明] : [書写者不明],不明,[書写年不明],17冊,写本,35cm,書名及び巻次は扉及び題簽による|朱筆書き入れあり,日本語,和古書,,http://tify.sub.uni-goettingen.de/demo.html?manifest=https://archdataset.dl.itc.u-tokyo.ac.jp/manifest/9d8b9b88-a502-3627-0e22-a4d3eb7e1fc9.json,9d8b9b88-a502-3627-0e22-a4d3eb7e1fc9,https://iiif.dl.itc.u-tokyo.ac.jp/repo/s/koten,https://iiif.dl.itc.u-tokyo.ac.jp/repo/s/koten/document/9d8b9b88-a502-3627-0e22-a4d3eb7e1fc9,https://www.lib.u-tokyo.ac.jp/ja/library/contents/archives-top/reuse,https://iiif.dl.itc.u-tokyo.ac.jp/repo/files/medium/0d9931a3e124ef5476e33185fbf3e7ac5716cfc9.jpg,https://iiif.dl.itc.u-tokyo.ac.jp/repo/api/items/1155901,"東京大学総合図書館 General Library, The University of Tokyo, JAPAN",http://iiif.io/api/presentation/2#rightToLeftDirection,,総合図書館所蔵古典籍,,,https://iiif.dl.itc.u-tokyo.ac.jp/repo/iiif/9d8b9b88-a502-3627-0e22-a4d3eb7e1fc9/manifest,,,,,115
百人一首抄,E31:1256,ヒャクニン イッシュショウ,,(釋) 尭恵 [注],[書写地不明] : [尭恵] [自筆],[1495],[明應4],1冊,写本,29cm,書名は原表紙による|巻末に「明广乙夘十月十日 法印尭恵上」とあり|巻末の貼紙に「明應四乙夘年より嘉永五年迄凢三百五十八年成す」との墨書あり|後付表紙の題簽に「古冩夲 尭惠書」とあり|朱点あり,日本語,和古書,,http://tify.sub.uni-goettingen.de/demo.html?manifest=https://archdataset.dl.itc.u-tokyo.ac.jp/manifest/f0ef8d60-6b00-678b-2bff-60332fd82f78.json,f0ef8d60-6b00-678b-2bff-60332fd82f78,https://iiif.dl.itc.u-tokyo.ac.jp/repo/s/koten,https://iiif.dl.itc.u-tokyo.ac.jp/repo/s/koten/document/f0ef8d60-6b00-678b-2bff-60332fd82f78,https://www.lib.u-tokyo.ac.jp/ja/library/contents/archives-top/reuse,https://iiif.dl.itc.u-tokyo.ac.jp/repo/files/medium/2cbf56e53eca395b82e9af439dabdcfb09dfbb44.jpg,https://iiif.dl.itc.u-tokyo.ac.jp/repo/api/items/1155902,"東京大学総合図書館 General Library, The University of Tokyo, JAPAN",http://iiif.io/api/presentation/2#rightToLeftDirection,,総合図書館所蔵古典籍,,,https://iiif.dl.itc.u-tokyo.ac.jp/repo/iiif/f0ef8d60-6b00-678b-2bff-60332fd82f78/manifest,,,,,52
江戸町鑒,SG:1,エド チョウカン,"江戸町鑑,泰平御江戸町鑑",松栢堂主人 [校訂],江戸 : 出雲寺金吾,1854,嘉永7,1冊,,8×19cm,書名は見返しによる|題簽の書名: 泰平御江戸町鑑|天保13年發行の改正|奥付に「江戸横山町壹丁目 御書物師 出雲寺藏板(松柏堂)」とあり|又丁あり|書き入れあり,日本語,和古書,,http://tify.sub.uni-goettingen.de/demo.html?manifest=https://archdataset.dl.itc.u-tokyo.ac.jp/manifest/8fee330d-2c4c-703f-43eb-1eea6d399053.json,8fee330d-2c4c-703f-43eb-1eea6d399053,https://iiif.dl.itc.u-tokyo.ac.jp/repo/s/koten,https://iiif.dl.itc.u-tokyo.ac.jp/repo/s/koten/document/8fee330d-2c4c-703f-43eb-1eea6d399053,https://www.lib.u-tokyo.ac.jp/ja/library/contents/archives-top/reuse,https://iiif.dl.itc.u-tokyo.ac.jp/repo/files/medium/18c68ed9fde225413cd0dea97baa9c3fc369f223.jpg,https://iiif.dl.itc.u-tokyo.ac.jp/repo/api/items/1155903,"東京大学総合図書館 General Library, The University of Tokyo, JAPAN",http://iiif.io/api/presentation/2#rightToLeftDirection,,総合図書館所蔵古典籍,,,https://iiif.dl.itc.u-tokyo.ac.jp/repo/iiif/8fee330d-2c4c-703f-43eb-1eea6d399053/manifest,,,,,178
右文故事 [1] 御本日記附注 上,A00:6268,ユウブン コジ,"御本日記附注, 御夲日記續録, 御寫夲譜, 御本日記附註, 御冩本譜",近藤守重撰,[書写地不明] : [近藤重蔵] [ほか写],不明,[文化年間],15冊,写本,27×19cm,"書名は料紙の版心による|『御夲日記附注』卷下の巻頭書名: 御本日記附注|表紙の書名: 御夲日記續録, 御寫夲譜|小口書: 御本日記附註, 御冩本譜|『御夲日記附注』の巻末に「文化十二年乙亥四月十七日 近藤守重識」とあり|『御本日記續録』卷中の末に「文化十三年丙子四月二十日 近藤重藏藤原守謹識」とあり|『御代々御詩歌』の[序]末に「名つけは御代々御詩歌といふ ... 文化十四年丁丑四月十七日 微臣守重敬記」とあり|版心下部に「正斎 」とある罫紙を使用|頭注あり|朱点, 朱引, 朱筆による訓点, 修正あり|『慶長勅版考』を欠く|虫損甚し|【内容注記】: [1]-[3]: 御夲日記附注 3巻 / 近藤守重撰|【内容注記】:[4]-[6]: 御本日記續録 3巻 / 近藤守重撰|【内容注記】:[7]-[8]: 御寫本譜 2巻 / 近藤守重撰|【内容注記】:[9]-[13]: 御代々文事表 5巻 / 近藤守重撰|【内容注記】:[14]-[15]: 御代々御詩歌 2巻坿別録",日本語,和古書,,http://tify.sub.uni-goettingen.de/demo.html?manifest=https://archdataset.dl.itc.u-tokyo.ac.jp/manifest/00f088b6-04d3-32e5-0d32-17243d582a23.json,00f088b6-04d3-32e5-0d32-17243d582a23,https://iiif.dl.itc.u-tokyo.ac.jp/repo/s/koten,https://iiif.dl.itc.u-tokyo.ac.jp/repo/s/koten/document/00f088b6-04d3-32e5-0d32-17243d582a23,https://www.lib.u-tokyo.ac.jp/ja/library/contents/archives-top/reuse,https://iiif.dl.itc.u-tokyo.ac.jp/repo/files/medium/99d7bff76c766eb0572220a12a608770588f19b9.jpg,https://iiif.dl.itc.u-tokyo.ac.jp/repo/api/items/1155904,"東京大学総合図書館 General Library, The University of Tokyo, JAPAN",http://iiif.io/api/presentation/2#rightToLeftDirection,,総合図書館所蔵古典籍,,,https://iiif.dl.itc.u-tokyo.ac.jp/repo/iiif/00f088b6-04d3-32e5-0d32-17243d582a23/manifest,,,,,40
右文故事 [2] 御本日記附注 中,A00:6268,ユウブン コジ,"御本日記附注, 御夲日記續録, 御寫夲譜, 御本日記附註, 御冩本譜",近藤守重撰,[書写地不明] : [近藤重蔵] [ほか写],不明,[文化年間],15冊,写本,27×19cm,"書名は料紙の版心による|『御夲日記附注』卷下の巻頭書名: 御本日記附注|表紙の書名: 御夲日記續録, 御寫夲譜|小口書: 御本日記附註, 御冩本譜|『御夲日記附注』の巻末に「文化十二年乙亥四月十七日 近藤守重識」とあり|『御本日記續録』卷中の末に「文化十三年丙子四月二十日 近藤重藏藤原守謹識」とあり|『御代々御詩歌』の[序]末に「名つけは御代々御詩歌といふ ... 文化十四年丁丑四月十七日 微臣守重敬記」とあり|版心下部に「正斎 」とある罫紙を使用|頭注あり|朱点, 朱引, 朱筆による訓点, 修正あり|『慶長勅版考』を欠く|虫損甚し|【内容注記】|[1]-[3]: 御夲日記附注 3巻 / 近藤守重撰|[4]-[6]: 御本日記續録 3巻 / 近藤守重撰|[7]-[8]: 御寫本譜 2巻 / 近藤守重撰|[9]-[13]: 御代々文事表 5巻 / 近藤守重撰|[14]-[15]: 御代々御詩歌 2巻坿別録",日本語,和古書,,http://tify.sub.uni-goettingen.de/demo.html?manifest=https://archdataset.dl.itc.u-tokyo.ac.jp/manifest/14dde360-459f-74fd-29ea-831bab4a4dda.json,14dde360-459f-74fd-29ea-831bab4a4dda,https://iiif.dl.itc.u-tokyo.ac.jp/repo/s/koten,https://iiif.dl.itc.u-tokyo.ac.jp/repo/s/koten/document/14dde360-459f-74fd-29ea-831bab4a4dda,https://www.lib.u-tokyo.ac.jp/ja/library/contents/archives-top/reuse,https://iiif.dl.itc.u-tokyo.ac.jp/repo/files/medium/8cb8a0ee7bc08ba0feebec7a7a33bb816e00dd9e.jpg,https://iiif.dl.itc.u-tokyo.ac.jp/repo/api/items/1155905,"東京大学総合図書館 General Library, The University of Tokyo, JAPAN",http://iiif.io/api/presentation/2#rightToLeftDirection,,総合図書館所蔵古典籍,,,https://iiif.dl.itc.u-tokyo.ac.jp/repo/iiif/14dde360-459f-74fd-29ea-831bab4a4dda/manifest,,,,,54
右文故事 [3] 御本日記附注 下,A00:6268,ユウブン コジ,"御本日記附注, 御夲日記續録, 御寫夲譜, 御本日記附註, 御冩本譜",近藤守重撰,[書写地不明] : [近藤重蔵] [ほか写],不明,[文化年間],15冊,写本,27×19cm,"書名は料紙の版心による|『御夲日記附注』卷下の巻頭書名: 御本日記附注|表紙の書名: 御夲日記續録, 御寫夲譜|小口書: 御本日記附註, 御冩本譜|『御夲日記附注』の巻末に「文化十二年乙亥四月十七日 近藤守重識」とあり|『御本日記續録』卷中の末に「文化十三年丙子四月二十日 近藤重藏藤原守謹識」とあり|『御代々御詩歌』の[序]末に「名つけは御代々御詩歌といふ ... 文化十四年丁丑四月十七日 微臣守重敬記」とあり|版心下部に「正斎 」とある罫紙を使用|頭注あり|朱点, 朱引, 朱筆による訓点, 修正あり|『慶長勅版考』を欠く|虫損甚し|【内容注記】: [1]-[3]: 御夲日記附注 3巻 / 近藤守重撰|【内容注記】:[4]-[6]: 御本日記續録 3巻 / 近藤守重撰|【内容注記】:[7]-[8]: 御寫本譜 2巻 / 近藤守重撰|【内容注記】:[9]-[13]: 御代々文事表 5巻 / 近藤守重撰|【内容注記】:[14]-[15]: 御代々御詩歌 2巻坿別録",日本語,和古書,,http://tify.sub.uni-goettingen.de/demo.html?manifest=https://archdataset.dl.itc.u-tokyo.ac.jp/manifest/be996de2-3b83-8b2d-3753-b8d6229418d7.json,be996de2-3b83-8b2d-3753-b8d6229418d7,https://iiif.dl.itc.u-tokyo.ac.jp/repo/s/koten,https://iiif.dl.itc.u-tokyo.ac.jp/repo/s/koten/document/be996de2-3b83-8b2d-3753-b8d6229418d7,https://www.lib.u-tokyo.ac.jp/ja/library/contents/archives-top/reuse,https://iiif.dl.itc.u-tokyo.ac.jp/repo/files/medium/eb1a3604e69c7bd6df89105b77e8f2cdc4ddf415.jpg,https://iiif.dl.itc.u-tokyo.ac.jp/repo/api/items/1155906,"東京大学総合図書館 General Library, The University of Tokyo, JAPAN",http://iiif.io/api/presentation/2#rightToLeftDirection,,総合図書館所蔵古典籍,,,https://iiif.dl.itc.u-tokyo.ac.jp/repo/iiif/be996de2-3b83-8b2d-3753-b8d6229418d7/manifest,,,,,27
右文故事 [4] 御本日記続録 上,A00:6268,ユウブン コジ,"御本日記附注, 御夲日記續録, 御寫夲譜, 御本日記附註, 御冩本譜",近藤守重撰,[書写地不明] : [近藤重蔵] [ほか写],不明,[文化年間],15冊,写本,27×19cm,"書名は料紙の版心による|『御夲日記附注』卷下の巻頭書名: 御本日記附注|表紙の書名: 御夲日記續録, 御寫夲譜|小口書: 御本日記附註, 御冩本譜|『御夲日記附注』の巻末に「文化十二年乙亥四月十七日 近藤守重識」とあり|『御本日記續録』卷中の末に「文化十三年丙子四月二十日 近藤重藏藤原守謹識」とあり|『御代々御詩歌』の[序]末に「名つけは御代々御詩歌といふ ... 文化十四年丁丑四月十七日 微臣守重敬記」とあり|版心下部に「正斎 」とある罫紙を使用|頭注あり|朱点, 朱引, 朱筆による訓点, 修正あり|『慶長勅版考』を欠く|虫損甚し|【内容注記】|[1]-[3]: 御夲日記附注 3巻 / 近藤守重撰|[4]-[6]: 御本日記續録 3巻 / 近藤守重撰|[7]-[8]: 御寫本譜 2巻 / 近藤守重撰|[9]-[13]: 御代々文事表 5巻 / 近藤守重撰|[14]-[15]: 御代々御詩歌 2巻坿別録",日本語,和古書,,http://tify.sub.uni-goettingen.de/demo.html?manifest=https://archdataset.dl.itc.u-tokyo.ac.jp/manifest/1757f055-0363-0ed4-782b-a75af4991be6.json,1757f055-0363-0ed4-782b-a75af4991be6,https://iiif.dl.itc.u-tokyo.ac.jp/repo/s/koten,https://iiif.dl.itc.u-tokyo.ac.jp/repo/s/koten/document/1757f055-0363-0ed4-782b-a75af4991be6,https://www.lib.u-tokyo.ac.jp/ja/library/contents/archives-top/reuse,https://iiif.dl.itc.u-tokyo.ac.jp/repo/files/medium/df878849e4c0da0c58d9fbb3b22019cce5febcae.jpg,https://iiif.dl.itc.u-tokyo.ac.jp/repo/api/items/1155907,"東京大学総合図書館 General Library, The University of Tokyo, JAPAN",http://iiif.io/api/presentation/2#rightToLeftDirection,,総合図書館所蔵古典籍,,,https://iiif.dl.itc.u-tokyo.ac.jp/repo/iiif/1757f055-0363-0ed4-782b-a75af4991be6/manifest,,,,,32
右文故事 [5] 御本日記続録 中,A00:6268,ユウブン コジ,"御本日記附注, 御夲日記續録, 御寫夲譜, 御本日記附註, 御冩本譜",近藤守重撰,[書写地不明] : [近藤重蔵] [ほか写],不明,[文化年間],15冊,写本,27×19cm,"書名は料紙の版心による|『御夲日記附注』卷下の巻頭書名: 御本日記附注|表紙の書名: 御夲日記續録, 御寫夲譜|小口書: 御本日記附註, 御冩本譜|『御夲日記附注』の巻末に「文化十二年乙亥四月十七日 近藤守重識」とあり|『御本日記續録』卷中の末に「文化十三年丙子四月二十日 近藤重藏藤原守謹識」とあり|『御代々御詩歌』の[序]末に「名つけは御代々御詩歌といふ ... 文化十四年丁丑四月十七日 微臣守重敬記」とあり|版心下部に「正斎 」とある罫紙を使用|頭注あり|朱点, 朱引, 朱筆による訓点, 修正あり|『慶長勅版考』を欠く|虫損甚し|【内容注記】|[1]-[3]: 御夲日記附注 3巻 / 近藤守重撰|[4]-[6]: 御本日記續録 3巻 / 近藤守重撰|[7]-[8]: 御寫本譜 2巻 / 近藤守重撰|[9]-[13]: 御代々文事表 5巻 / 近藤守重撰|[14]-[15]: 御代々御詩歌 2巻坿別録",日本語,和古書,,http://tify.sub.uni-goettingen.de/demo.html?manifest=https://archdataset.dl.itc.u-tokyo.ac.jp/manifest/bf97ebb7-6e76-6fab-52b2-a60e6fdc063c.json,bf97ebb7-6e76-6fab-52b2-a60e6fdc063c,https://iiif.dl.itc.u-tokyo.ac.jp/repo/s/koten,https://iiif.dl.itc.u-tokyo.ac.jp/repo/s/koten/document/bf97ebb7-6e76-6fab-52b2-a60e6fdc063c,https://www.lib.u-tokyo.ac.jp/ja/library/contents/archives-top/reuse,https://iiif.dl.itc.u-tokyo.ac.jp/repo/files/medium/81061b2f3953a72c9ef2d792103e6bdaae4d239c.jpg,https://iiif.dl.itc.u-tokyo.ac.jp/repo/api/items/1155908,"東京大学総合図書館 General Library, The University of Tokyo, JAPAN",http://iiif.io/api/presentation/2#rightToLeftDirection,,総合図書館所蔵古典籍,,,https://iiif.dl.itc.u-tokyo.ac.jp/repo/iiif/bf97ebb7-6e76-6fab-52b2-a60e6fdc063c/manifest,,,,,48
右文故事 [6] 御本日記続録 下,A00:6268,ユウブン コジ,"御本日記附注, 御夲日記續録, 御寫夲譜, 御本日記附註, 御冩本譜",近藤守重撰,[書写地不明] : [近藤重蔵] [ほか写],不明,[文化年間],15冊,写本,27×19cm,"書名は料紙の版心による|『御夲日記附注』卷下の巻頭書名: 御本日記附注|表紙の書名: 御夲日記續録, 御寫夲譜|小口書: 御本日記附註, 御冩本譜|『御夲日記附注』の巻末に「文化十二年乙亥四月十七日 近藤守重識」とあり|『御本日記續録』卷中の末に「文化十三年丙子四月二十日 近藤重藏藤原守謹識」とあり|『御代々御詩歌』の[序]末に「名つけは御代々御詩歌といふ ... 文化十四年丁丑四月十七日 微臣守重敬記」とあり|版心下部に「正斎 」とある罫紙を使用|頭注あり|朱点, 朱引, 朱筆による訓点, 修正あり|『慶長勅版考』を欠く|虫損甚し|【内容注記】: [1]-[3]: 御夲日記附注 3巻 / 近藤守重撰|【内容注記】:[4]-[6]: 御本日記續録 3巻 / 近藤守重撰|【内容注記】:[7]-[8]: 御寫本譜 2巻 / 近藤守重撰|【内容注記】:[9]-[13]: 御代々文事表 5巻 / 近藤守重撰|【内容注記】:[14]-[15]: 御代々御詩歌 2巻坿別録",日本語,和古書,,http://tify.sub.uni-goettingen.de/demo.html?manifest=https://archdataset.dl.itc.u-tokyo.ac.jp/manifest/94abd3c1-0d62-767b-9737-93d685a12766.json,94abd3c1-0d62-767b-9737-93d685a12766,https://iiif.dl.itc.u-tokyo.ac.jp/repo/s/koten,https://iiif.dl.itc.u-tokyo.ac.jp/repo/s/koten/document/94abd3c1-0d62-767b-9737-93d685a12766,https://www.lib.u-tokyo.ac.jp/ja/library/contents/archives-top/reuse,https://iiif.dl.itc.u-tokyo.ac.jp/repo/files/medium/25b94804178b7dcec6b5e960ebc2a19e3f4f5a2c.jpg,https://iiif.dl.itc.u-tokyo.ac.jp/repo/api/items/1155909,"東京大学総合図書館 General Library, The University of Tokyo, JAPAN",http://iiif.io/api/presentation/2#rightToLeftDirection,,総合図書館所蔵古典籍,,,https://iiif.dl.itc.u-tokyo.ac.jp/repo/iiif/94abd3c1-0d62-767b-9737-93d685a12766/manifest,,,,,14
右文故事 [7] 御写本譜 上,A00:6268,ユウブン コジ,"御本日記附注, 御夲日記續録, 御寫夲譜, 御本日記附註, 御冩本譜",近藤守重撰,[書写地不明] : [近藤重蔵] [ほか写],不明,[文化年間],15冊,写本,27×19cm,"書名は料紙の版心による|『御夲日記附注』卷下の巻頭書名: 御本日記附注|表紙の書名: 御夲日記續録, 御寫夲譜|小口書: 御本日記附註, 御冩本譜|『御夲日記附注』の巻末に「文化十二年乙亥四月十七日 近藤守重識」とあり|『御本日記續録』卷中の末に「文化十三年丙子四月二十日 近藤重藏藤原守謹識」とあり|『御代々御詩歌』の[序]末に「名つけは御代々御詩歌といふ ... 文化十四年丁丑四月十七日 微臣守重敬記」とあり|版心下部に「正斎 」とある罫紙を使用|頭注あり|朱点, 朱引, 朱筆による訓点, 修正あり|『慶長勅版考』を欠く|虫損甚し|【内容注記】: [1]-[3]: 御夲日記附注 3巻 / 近藤守重撰|【内容注記】:[4]-[6]: 御本日記續録 3巻 / 近藤守重撰|【内容注記】:[7]-[8]: 御寫本譜 2巻 / 近藤守重撰|【内容注記】:[9]-[13]: 御代々文事表 5巻 / 近藤守重撰|【内容注記】:[14]-[15]: 御代々御詩歌 2巻坿別録",日本語,和古書,,http://tify.sub.uni-goettingen.de/demo.html?manifest=https://archdataset.dl.itc.u-tokyo.ac.jp/manifest/4d214d17-0bda-9723-8abe-9debeeae01a5.json,4d214d17-0bda-9723-8abe-9debeeae01a5,https://iiif.dl.itc.u-tokyo.ac.jp/repo/s/koten,https://iiif.dl.itc.u-tokyo.ac.jp/repo/s/koten/document/4d214d17-0bda-9723-8abe-9debeeae01a5,https://www.lib.u-tokyo.ac.jp/ja/library/contents/archives-top/reuse,https://iiif.dl.itc.u-tokyo.ac.jp/repo/files/medium/85df2dce078eeaec8b4bed9d7e01e1ff2113413c.jpg,https://iiif.dl.itc.u-tokyo.ac.jp/repo/api/items/1155910,"東京大学総合図書館 General Library, The University of Tokyo, JAPAN",http://iiif.io/api/presentation/2#rightToLeftDirection,,総合図書館所蔵古典籍,,,https://iiif.dl.itc.u-tokyo.ac.jp/repo/iiif/4d214d17-0bda-9723-8abe-9debeeae01a5/manifest,,,,,30
右文故事 [8] 御写本譜 下,A00:6268,ユウブン コジ,"御本日記附注, 御夲日記續録, 御寫夲譜, 御本日記附註, 御冩本譜",近藤守重撰,[書写地不明] : [近藤重蔵] [ほか写],不明,[文化年間],15冊,写本,27×19cm,"書名は料紙の版心による|『御夲日記附注』卷下の巻頭書名: 御本日記附注|表紙の書名: 御夲日記續録, 御寫夲譜|小口書: 御本日記附註, 御冩本譜|『御夲日記附注』の巻末に「文化十二年乙亥四月十七日 近藤守重識」とあり|『御本日記續録』卷中の末に「文化十三年丙子四月二十日 近藤重藏藤原守謹識」とあり|『御代々御詩歌』の[序]末に「名つけは御代々御詩歌といふ ... 文化十四年丁丑四月十七日 微臣守重敬記」とあり|版心下部に「正斎 」とある罫紙を使用|頭注あり|朱点, 朱引, 朱筆による訓点, 修正あり|『慶長勅版考』を欠く|虫損甚し|【内容注記】: [1]-[3]: 御夲日記附注 3巻 / 近藤守重撰|【内容注記】:[4]-[6]: 御本日記續録 3巻 / 近藤守重撰|【内容注記】:[7]-[8]: 御寫本譜 2巻 / 近藤守重撰|【内容注記】:[9]-[13]: 御代々文事表 5巻 / 近藤守重撰|【内容注記】:[14]-[15]: 御代々御詩歌 2巻坿別録",日本語,和古書,,http://tify.sub.uni-goettingen.de/demo.html?manifest=https://archdataset.dl.itc.u-tokyo.ac.jp/manifest/959f876f-11b1-6af3-8a61-f77348716a56.json,959f876f-11b1-6af3-8a61-f77348716a56,https://iiif.dl.itc.u-tokyo.ac.jp/repo/s/koten,https://iiif.dl.itc.u-tokyo.ac.jp/repo/s/koten/document/959f876f-11b1-6af3-8a61-f77348716a56,https://www.lib.u-tokyo.ac.jp/ja/library/contents/archives-top/reuse,https://iiif.dl.itc.u-tokyo.ac.jp/repo/files/medium/35be55d423d46ca01a9c4d589d9cfcbac94de413.jpg,https://iiif.dl.itc.u-tokyo.ac.jp/repo/api/items/1155911,"東京大学総合図書館 General Library, The University of Tokyo, JAPAN",http://iiif.io/api/presentation/2#rightToLeftDirection,,総合図書館所蔵古典籍,,,https://iiif.dl.itc.u-tokyo.ac.jp/repo/iiif/959f876f-11b1-6af3-8a61-f77348716a56/manifest,,,,,22
右文故事 [9] 御代々文事表 一,A00:6268,ユウブン コジ,"御本日記附注, 御夲日記續録, 御寫夲譜, 御本日記附註, 御冩本譜",近藤守重撰,[書写地不明] : [近藤重蔵] [ほか写],不明,[文化年間],15冊,写本,27×19cm,"書名は料紙の版心による|『御夲日記附注』卷下の巻頭書名: 御本日記附注|表紙の書名: 御夲日記續録, 御寫夲譜|小口書: 御本日記附註, 御冩本譜|『御夲日記附注』の巻末に「文化十二年乙亥四月十七日 近藤守重識」とあり|『御本日記續録』卷中の末に「文化十三年丙子四月二十日 近藤重藏藤原守謹識」とあり|『御代々御詩歌』の[序]末に「名つけは御代々御詩歌といふ ... 文化十四年丁丑四月十七日 微臣守重敬記」とあり|版心下部に「正斎 」とある罫紙を使用|頭注あり|朱点, 朱引, 朱筆による訓点, 修正あり|『慶長勅版考』を欠く|虫損甚し|【内容注記】: [1]-[3]: 御夲日記附注 3巻 / 近藤守重撰|【内容注記】:[4]-[6]: 御本日記續録 3巻 / 近藤守重撰|【内容注記】:[7]-[8]: 御寫本譜 2巻 / 近藤守重撰|【内容注記】:[9]-[13]: 御代々文事表 5巻 / 近藤守重撰|【内容注記】:[14]-[15]: 御代々御詩歌 2巻坿別録",日本語,和古書,,http://tify.sub.uni-goettingen.de/demo.html?manifest=https://archdataset.dl.itc.u-tokyo.ac.jp/manifest/d29db52b-1a21-958e-9b34-d7f69a8ca06b.json,d29db52b-1a21-958e-9b34-d7f69a8ca06b,https://iiif.dl.itc.u-tokyo.ac.jp/repo/s/koten,https://iiif.dl.itc.u-tokyo.ac.jp/repo/s/koten/document/d29db52b-1a21-958e-9b34-d7f69a8ca06b,https://www.lib.u-tokyo.ac.jp/ja/library/contents/archives-top/reuse,https://iiif.dl.itc.u-tokyo.ac.jp/repo/files/medium/4722fb4d1a2373a23f1a1e28aeaa2f2befe6e65d.jpg,https://iiif.dl.itc.u-tokyo.ac.jp/repo/api/items/1155912,"東京大学総合図書館 General Library, The University of Tokyo, JAPAN",http://iiif.io/api/presentation/2#rightToLeftDirection,,総合図書館所蔵古典籍,,,https://iiif.dl.itc.u-tokyo.ac.jp/repo/iiif/d29db52b-1a21-958e-9b34-d7f69a8ca06b/manifest,,,,,34
右文故事 [10] 御代々文事表 二,A00:6268,ユウブン コジ,"御本日記附注, 御夲日記續録, 御寫夲譜, 御本日記附註, 御冩本譜",近藤守重撰,[書写地不明] : [近藤重蔵] [ほか写],不明,[文化年間],15冊,写本,27×19cm,"書名は料紙の版心による|『御夲日記附注』卷下の巻頭書名: 御本日記附注|表紙の書名: 御夲日記續録, 御寫夲譜|小口書: 御本日記附註, 御冩本譜|『御夲日記附注』の巻末に「文化十二年乙亥四月十七日 近藤守重識」とあり|『御本日記續録』卷中の末に「文化十三年丙子四月二十日 近藤重藏藤原守謹識」とあり|『御代々御詩歌』の[序]末に「名つけは御代々御詩歌といふ ... 文化十四年丁丑四月十七日 微臣守重敬記」とあり|版心下部に「正斎 」とある罫紙を使用|頭注あり|朱点, 朱引, 朱筆による訓点, 修正あり|『慶長勅版考』を欠く|虫損甚し|【内容注記】: [1]-[3]: 御夲日記附注 3巻 / 近藤守重撰|【内容注記】:[4]-[6]: 御本日記續録 3巻 / 近藤守重撰|【内容注記】:[7]-[8]: 御寫本譜 2巻 / 近藤守重撰|【内容注記】:[9]-[13]: 御代々文事表 5巻 / 近藤守重撰|【内容注記】:[14]-[15]: 御代々御詩歌 2巻坿別録",日本語,和古書,,http://tify.sub.uni-goettingen.de/demo.html?manifest=https://archdataset.dl.itc.u-tokyo.ac.jp/manifest/a2288259-9e1e-a35b-3738-af7534be0ba7.json,a2288259-9e1e-a35b-3738-af7534be0ba7,https://iiif.dl.itc.u-tokyo.ac.jp/repo/s/koten,https://iiif.dl.itc.u-tokyo.ac.jp/repo/s/koten/document/a2288259-9e1e-a35b-3738-af7534be0ba7,https://www.lib.u-tokyo.ac.jp/ja/library/contents/archives-top/reuse,https://iiif.dl.itc.u-tokyo.ac.jp/repo/files/medium/3052c2cc5ae3417ac9292d716a630e23152dbcb4.jpg,https://iiif.dl.itc.u-tokyo.ac.jp/repo/api/items/1155913,"東京大学総合図書館 General Library, The University of Tokyo, JAPAN",http://iiif.io/api/presentation/2#rightToLeftDirection,,総合図書館所蔵古典籍,,,https://iiif.dl.itc.u-tokyo.ac.jp/repo/iiif/a2288259-9e1e-a35b-3738-af7534be0ba7/manifest,,,,,27
右文故事 [11] 御代々文事表 三,A00:6268,ユウブン コジ,"御本日記附注, 御夲日記續録, 御寫夲譜, 御本日記附註, 御冩本譜",近藤守重撰,[書写地不明] : [近藤重蔵] [ほか写],不明,[文化年間],15冊,写本,27×19cm,"書名は料紙の版心による|『御夲日記附注』卷下の巻頭書名: 御本日記附注|表紙の書名: 御夲日記續録, 御寫夲譜|小口書: 御本日記附註, 御冩本譜|『御夲日記附注』の巻末に「文化十二年乙亥四月十七日 近藤守重識」とあり|『御本日記續録』卷中の末に「文化十三年丙子四月二十日 近藤重藏藤原守謹識」とあり|『御代々御詩歌』の[序]末に「名つけは御代々御詩歌といふ ... 文化十四年丁丑四月十七日 微臣守重敬記」とあり|版心下部に「正斎 」とある罫紙を使用|頭注あり|朱点, 朱引, 朱筆による訓点, 修正あり|『慶長勅版考』を欠く|虫損甚し|【内容注記】|[1]-[3]: 御夲日記附注 3巻 / 近藤守重撰|[4]-[6]: 御本日記續録 3巻 / 近藤守重撰|[7]-[8]: 御寫本譜 2巻 / 近藤守重撰|[9]-[13]: 御代々文事表 5巻 / 近藤守重撰|[14]-[15]: 御代々御詩歌 2巻坿別録",日本語,和古書,,http://tify.sub.uni-goettingen.de/demo.html?manifest=https://archdataset.dl.itc.u-tokyo.ac.jp/manifest/b87920f6-3550-958b-39cf-1c2633dc4c75.json,b87920f6-3550-958b-39cf-1c2633dc4c75,https://iiif.dl.itc.u-tokyo.ac.jp/repo/s/koten,https://iiif.dl.itc.u-tokyo.ac.jp/repo/s/koten/document/b87920f6-3550-958b-39cf-1c2633dc4c75,https://www.lib.u-tokyo.ac.jp/ja/library/contents/archives-top/reuse,https://iiif.dl.itc.u-tokyo.ac.jp/repo/files/medium/49d470ce857c54a26882311a3b90afe203d83c13.jpg,https://iiif.dl.itc.u-tokyo.ac.jp/repo/api/items/1155914,"東京大学総合図書館 General Library, The University of Tokyo, JAPAN",http://iiif.io/api/presentation/2#rightToLeftDirection,,総合図書館所蔵古典籍,,,https://iiif.dl.itc.u-tokyo.ac.jp/repo/iiif/b87920f6-3550-958b-39cf-1c2633dc4c75/manifest,,,,,34
右文故事 [12] 御代々文事表 四,A00:6268,ユウブン コジ,"御本日記附注, 御夲日記續録, 御寫夲譜, 御本日記附註, 御冩本譜",近藤守重撰,[書写地不明] : [近藤重蔵] [ほか写],不明,[文化年間],15冊,写本,27×19cm,"書名は料紙の版心による|『御夲日記附注』卷下の巻頭書名: 御本日記附注|表紙の書名: 御夲日記續録, 御寫夲譜|小口書: 御本日記附註, 御冩本譜|『御夲日記附注』の巻末に「文化十二年乙亥四月十七日 近藤守重識」とあり|『御本日記續録』卷中の末に「文化十三年丙子四月二十日 近藤重藏藤原守謹識」とあり|『御代々御詩歌』の[序]末に「名つけは御代々御詩歌といふ ... 文化十四年丁丑四月十七日 微臣守重敬記」とあり|版心下部に「正斎 」とある罫紙を使用|頭注あり|朱点, 朱引, 朱筆による訓点, 修正あり|『慶長勅版考』を欠く|虫損甚し|【内容注記】: [1]-[3]: 御夲日記附注 3巻 / 近藤守重撰|【内容注記】:[4]-[6]: 御本日記續録 3巻 / 近藤守重撰|【内容注記】:[7]-[8]: 御寫本譜 2巻 / 近藤守重撰|【内容注記】:[9]-[13]: 御代々文事表 5巻 / 近藤守重撰|【内容注記】:[14]-[15]: 御代々御詩歌 2巻坿別録",日本語,和古書,,http://tify.sub.uni-goettingen.de/demo.html?manifest=https://archdataset.dl.itc.u-tokyo.ac.jp/manifest/9cae09c5-00c1-209f-852c-ff69de686cc6.json,9cae09c5-00c1-209f-852c-ff69de686cc6,https://iiif.dl.itc.u-tokyo.ac.jp/repo/s/koten,https://iiif.dl.itc.u-tokyo.ac.jp/repo/s/koten/document/9cae09c5-00c1-209f-852c-ff69de686cc6,https://www.lib.u-tokyo.ac.jp/ja/library/contents/archives-top/reuse,https://iiif.dl.itc.u-tokyo.ac.jp/repo/files/medium/2cd6a7a6485368e693693e27e7049e1f9ee07172.jpg,https://iiif.dl.itc.u-tokyo.ac.jp/repo/api/items/1155915,"東京大学総合図書館 General Library, The University of Tokyo, JAPAN",http://iiif.io/api/presentation/2#rightToLeftDirection,,総合図書館所蔵古典籍,,,https://iiif.dl.itc.u-tokyo.ac.jp/repo/iiif/9cae09c5-00c1-209f-852c-ff69de686cc6/manifest,,,,,19
右文故事 [13] 御代々文事表 五,A00:6268,ユウブン コジ,"御本日記附注, 御夲日記續録, 御寫夲譜, 御本日記附註, 御冩本譜",近藤守重撰,[書写地不明] : [近藤重蔵] [ほか写],不明,[文化年間],15冊,写本,27×19cm,"書名は料紙の版心による|『御夲日記附注』卷下の巻頭書名: 御本日記附注|表紙の書名: 御夲日記續録, 御寫夲譜|小口書: 御本日記附註, 御冩本譜|『御夲日記附注』の巻末に「文化十二年乙亥四月十七日 近藤守重識」とあり|『御本日記續録』卷中の末に「文化十三年丙子四月二十日 近藤重藏藤原守謹識」とあり|『御代々御詩歌』の[序]末に「名つけは御代々御詩歌といふ ... 文化十四年丁丑四月十七日 微臣守重敬記」とあり|版心下部に「正斎 」とある罫紙を使用|頭注あり|朱点, 朱引, 朱筆による訓点, 修正あり|『慶長勅版考』を欠く|虫損甚し|【内容注記】: [1]-[3]: 御夲日記附注 3巻 / 近藤守重撰|【内容注記】:[4]-[6]: 御本日記續録 3巻 / 近藤守重撰|【内容注記】:[7]-[8]: 御寫本譜 2巻 / 近藤守重撰|【内容注記】:[9]-[13]: 御代々文事表 5巻 / 近藤守重撰|【内容注記】:[14]-[15]: 御代々御詩歌 2巻坿別録",日本語,和古書,,http://tify.sub.uni-goettingen.de/demo.html?manifest=https://archdataset.dl.itc.u-tokyo.ac.jp/manifest/7faad35e-4a60-6041-384f-9662b829996e.json,7faad35e-4a60-6041-384f-9662b829996e,https://iiif.dl.itc.u-tokyo.ac.jp/repo/s/koten,https://iiif.dl.itc.u-tokyo.ac.jp/repo/s/koten/document/7faad35e-4a60-6041-384f-9662b829996e,https://www.lib.u-tokyo.ac.jp/ja/library/contents/archives-top/reuse,https://iiif.dl.itc.u-tokyo.ac.jp/repo/files/medium/41d076946bc9f110019d791950368f06ffca21f4.jpg,https://iiif.dl.itc.u-tokyo.ac.jp/repo/api/items/1155916,"東京大学総合図書館 General Library, The University of Tokyo, JAPAN",http://iiif.io/api/presentation/2#rightToLeftDirection,,総合図書館所蔵古典籍,,,https://iiif.dl.itc.u-tokyo.ac.jp/repo/iiif/7faad35e-4a60-6041-384f-9662b829996e/manifest,,,,,31
右文故事 [14] 御代々詩歌 上,A00:6268,ユウブン コジ,"御本日記附注, 御夲日記續録, 御寫夲譜, 御本日記附註, 御冩本譜",近藤守重撰,[書写地不明] : [近藤重蔵] [ほか写],不明,[文化年間],15冊,写本,27×19cm,"書名は料紙の版心による|『御夲日記附注』卷下の巻頭書名: 御本日記附注|表紙の書名: 御夲日記續録, 御寫夲譜|小口書: 御本日記附註, 御冩本譜|『御夲日記附注』の巻末に「文化十二年乙亥四月十七日 近藤守重識」とあり|『御本日記續録』卷中の末に「文化十三年丙子四月二十日 近藤重藏藤原守謹識」とあり|『御代々御詩歌』の[序]末に「名つけは御代々御詩歌といふ ... 文化十四年丁丑四月十七日 微臣守重敬記」とあり|版心下部に「正斎 」とある罫紙を使用|頭注あり|朱点, 朱引, 朱筆による訓点, 修正あり|『慶長勅版考』を欠く|虫損甚し|【内容注記】|[1]-[3]: 御夲日記附注 3巻 / 近藤守重撰|[4]-[6]: 御本日記續録 3巻 / 近藤守重撰|[7]-[8]: 御寫本譜 2巻 / 近藤守重撰|[9]-[13]: 御代々文事表 5巻 / 近藤守重撰|[14]-[15]: 御代々御詩歌 2巻坿別録",日本語,和古書,,http://tify.sub.uni-goettingen.de/demo.html?manifest=https://archdataset.dl.itc.u-tokyo.ac.jp/manifest/a8a2c4ba-497b-5e82-93e5-09bbfa16211b.json,a8a2c4ba-497b-5e82-93e5-09bbfa16211b,https://iiif.dl.itc.u-tokyo.ac.jp/repo/s/koten,https://iiif.dl.itc.u-tokyo.ac.jp/repo/s/koten/document/a8a2c4ba-497b-5e82-93e5-09bbfa16211b,https://www.lib.u-tokyo.ac.jp/ja/library/contents/archives-top/reuse,https://iiif.dl.itc.u-tokyo.ac.jp/repo/files/medium/552f0be5a5070372217cda91e05a9d8dd16ae7f3.jpg,https://iiif.dl.itc.u-tokyo.ac.jp/repo/api/items/1155917,"東京大学総合図書館 General Library, The University of Tokyo, JAPAN",http://iiif.io/api/presentation/2#rightToLeftDirection,,総合図書館所蔵古典籍,,,https://iiif.dl.itc.u-tokyo.ac.jp/repo/iiif/a8a2c4ba-497b-5e82-93e5-09bbfa16211b/manifest,,,,,31
右文故事 [15] 御代々詩歌 下,A00:6268,ユウブン コジ,"御本日記附注, 御夲日記續録, 御寫夲譜, 御本日記附註, 御冩本譜",近藤守重撰,[書写地不明] : [近藤重蔵] [ほか写],不明,[文化年間],15冊,写本,27×19cm,"書名は料紙の版心による|『御夲日記附注』卷下の巻頭書名: 御本日記附注|表紙の書名: 御夲日記續録, 御寫夲譜|小口書: 御本日記附註, 御冩本譜|『御夲日記附注』の巻末に「文化十二年乙亥四月十七日 近藤守重識」とあり|『御本日記續録』卷中の末に「文化十三年丙子四月二十日 近藤重藏藤原守謹識」とあり|『御代々御詩歌』の[序]末に「名つけは御代々御詩歌といふ ... 文化十四年丁丑四月十七日 微臣守重敬記」とあり|版心下部に「正斎 」とある罫紙を使用|頭注あり|朱点, 朱引, 朱筆による訓点, 修正あり|『慶長勅版考』を欠く|虫損甚し|【内容注記】: [1]-[3]: 御夲日記附注 3巻 / 近藤守重撰|【内容注記】:[4]-[6]: 御本日記續録 3巻 / 近藤守重撰|【内容注記】:[7]-[8]: 御寫本譜 2巻 / 近藤守重撰|【内容注記】:[9]-[13]: 御代々文事表 5巻 / 近藤守重撰|【内容注記】:[14]-[15]: 御代々御詩歌 2巻坿別録",日本語,和古書,,http://tify.sub.uni-goettingen.de/demo.html?manifest=https://archdataset.dl.itc.u-tokyo.ac.jp/manifest/37fb4887-617c-9481-333b-57c039185564.json,37fb4887-617c-9481-333b-57c039185564,https://iiif.dl.itc.u-tokyo.ac.jp/repo/s/koten,https://iiif.dl.itc.u-tokyo.ac.jp/repo/s/koten/document/37fb4887-617c-9481-333b-57c039185564,https://www.lib.u-tokyo.ac.jp/ja/library/contents/archives-top/reuse,https://iiif.dl.itc.u-tokyo.ac.jp/repo/files/medium/18ea3e19afa1e71c7a6ec964d18afdee0f24c604.jpg,https://iiif.dl.itc.u-tokyo.ac.jp/repo/api/items/1155918,"東京大学総合図書館 General Library, The University of Tokyo, JAPAN",http://iiif.io/api/presentation/2#rightToLeftDirection,,総合図書館所蔵古典籍,,,https://iiif.dl.itc.u-tokyo.ac.jp/repo/iiif/37fb4887-617c-9481-333b-57c039185564/manifest,,,,,33
舟槗様御文庫書籍目録,A00:6386,フナバシサマ ゴブンコ ショジャク モクロク,船橋様御文庫書籍目録,不明,[書写地不明] : [書写者不明],1726,享保11,1冊,写本,12.5×35.0cm,書名は表紙による|裏表紙に「享保十一年午七月十六日」とあり|毎半葉13-15行|横本|付箋あり|朱筆書き入れあり|虫損あり,日本語,和古書,,http://tify.sub.uni-goettingen.de/demo.html?manifest=https://archdataset.dl.itc.u-tokyo.ac.jp/manifest/61512208-42d0-7559-81c1-0075ac0225f4.json,61512208-42d0-7559-81c1-0075ac0225f4,https://iiif.dl.itc.u-tokyo.ac.jp/repo/s/koten,https://iiif.dl.itc.u-tokyo.ac.jp/repo/s/koten/document/61512208-42d0-7559-81c1-0075ac0225f4,https://www.lib.u-tokyo.ac.jp/ja/library/contents/archives-top/reuse,https://iiif.dl.itc.u-tokyo.ac.jp/repo/files/medium/e4886937addf84ce5ddfb0b1667090bb5866e90a.jpg,https://iiif.dl.itc.u-tokyo.ac.jp/repo/api/items/1155919,"東京大学総合図書館 General Library, The University of Tokyo, JAPAN",http://iiif.io/api/presentation/2#rightToLeftDirection,,総合図書館所蔵古典籍,,,https://iiif.dl.itc.u-tokyo.ac.jp/repo/iiif/61512208-42d0-7559-81c1-0075ac0225f4/manifest,,,,,94
古瓦譜,A00:6416,コガフ,藤貞幹自筆古瓦譜,藤貞幹輯,[京] : 藤貞幹 [自筆],1776 序,安永5 序,1帖,写本,28.8×16.6cm,"後付題簽の書名: 藤貞幹自筆古瓦譜|序末に「安永丙申立秋日左京藤貞幹識」とあり|巻末に榲村所蔵「古瓦譜序」を付す|識語に「右序文天地二冊ニ収ムル所ノ尾品目次ナリ安永五年ノ序ハ全ク同時ノ作文ト見エ ... 尾品ノ所藏冊ニタタキハ漸次蒐集セシモノナルヘシ」とあり|拓本(彩色あり)|折本(図29幅)|印記: 「盡秩」, 「無佛齋」, 「無佛齋記」, 「藤貞幹印」(藤貞幹), 「萩野氏藏」(萩野由之)|虫損あり",日本語,和古書,,http://tify.sub.uni-goettingen.de/demo.html?manifest=https://archdataset.dl.itc.u-tokyo.ac.jp/manifest/1a361cee-1dd6-3930-960b-290e24ab4c69.json,1a361cee-1dd6-3930-960b-290e24ab4c69,https://iiif.dl.itc.u-tokyo.ac.jp/repo/s/koten,https://iiif.dl.itc.u-tokyo.ac.jp/repo/s/koten/document/1a361cee-1dd6-3930-960b-290e24ab4c69,https://www.lib.u-tokyo.ac.jp/ja/library/contents/archives-top/reuse,https://iiif.dl.itc.u-tokyo.ac.jp/repo/files/medium/782811fe923b91527416b89d44fe654ef3e81aeb.jpg,https://iiif.dl.itc.u-tokyo.ac.jp/repo/api/items/1155920,"東京大学総合図書館 General Library, The University of Tokyo, JAPAN",http://iiif.io/api/presentation/2#rightToLeftDirection,,総合図書館所蔵古典籍,,,https://iiif.dl.itc.u-tokyo.ac.jp/repo/iiif/1a361cee-1dd6-3930-960b-290e24ab4c69/manifest,,,,,26
山槐記,G27:731,サンカイキ,"大嘗会御記, 正應皇帝大嘗会御記,伏見院宸記",[中山忠親著],[書写地不明] : [書写者不明],不明,[書写年不明],1冊,写本,28.0×20.3cm,書名、巻冊次は扉および表紙による|責任表示は「日本古典籍総合目録データベース」による|治承4年12月|写本|和装本|朱筆の書き入れあり|虫損あり|印記: 野宮書印,日本語,和古書,,http://tify.sub.uni-goettingen.de/demo.html?manifest=https://archdataset.dl.itc.u-tokyo.ac.jp/manifest/302b2680-11d8-7fa5-48eb-fe46c21e88dd.json,302b2680-11d8-7fa5-48eb-fe46c21e88dd,https://iiif.dl.itc.u-tokyo.ac.jp/repo/s/koten,https://iiif.dl.itc.u-tokyo.ac.jp/repo/s/koten/document/302b2680-11d8-7fa5-48eb-fe46c21e88dd,https://www.lib.u-tokyo.ac.jp/ja/library/contents/archives-top/reuse,https://iiif.dl.itc.u-tokyo.ac.jp/repo/files/medium/de2f323cd5421bdadabe0c2f1d54155d1762f9f0.jpg,https://iiif.dl.itc.u-tokyo.ac.jp/repo/api/items/1155921,"東京大学総合図書館 General Library, The University of Tokyo, JAPAN",http://iiif.io/api/presentation/2#rightToLeftDirection,,総合図書館所蔵古典籍,,,https://iiif.dl.itc.u-tokyo.ac.jp/repo/iiif/302b2680-11d8-7fa5-48eb-fe46c21e88dd/manifest,,,,,50
伏見院御記 : 大嘗会,G27:732,フシミイン ギョキ : ダイジョウエ,"大嘗会御記,正應皇帝大嘗会御記,伏見院宸記",不明,[書写地不明] : [書写者不明],不明,[書写年不明],1冊,写本,28.0×19.7cm,書名は題簽による|巻首書き入れ(朱筆)の書名: 大嘗会御記|巻末記載の書名: 應応皇帝大嘗会御記|朱筆の書き入れあり|虫損あり|印記: 野宮書印,日本語,和古書,,http://tify.sub.uni-goettingen.de/demo.html?manifest=https://archdataset.dl.itc.u-tokyo.ac.jp/manifest/0f964c79-546a-13cb-91c5-ccd1de81754f.json,0f964c79-546a-13cb-91c5-ccd1de81754f,https://iiif.dl.itc.u-tokyo.ac.jp/repo/s/koten,https://iiif.dl.itc.u-tokyo.ac.jp/repo/s/koten/document/0f964c79-546a-13cb-91c5-ccd1de81754f,https://www.lib.u-tokyo.ac.jp/ja/library/contents/archives-top/reuse,https://iiif.dl.itc.u-tokyo.ac.jp/repo/files/medium/40fcb82717aea06f8f552d941eef8f19d1708938.jpg,https://iiif.dl.itc.u-tokyo.ac.jp/repo/api/items/1155922,"東京大学総合図書館 General Library, The University of Tokyo, JAPAN",http://iiif.io/api/presentation/2#rightToLeftDirection,,総合図書館所蔵古典籍,,,https://iiif.dl.itc.u-tokyo.ac.jp/repo/iiif/0f964c79-546a-13cb-91c5-ccd1de81754f/manifest,,,,,22
翰林葫蘆集 文(上),E43:1085,カンリン コロシュウ,翰林胡蘆集,景徐周麟 [著],[書写地不明] : [書写者不明],不明,[明治期以降],存6巻,写本,24cm,"書名は扉による|題簽の書名: 翰林胡蘆集|付箋に「内閣本翰林葫蘆文集卷五ニ相当ス」(文[1]), 「内閣本翰林葫蘆文集卷九ニ相当ス」(文[2]), 「内閣本翰林葫蘆詩集卷一ニ相当ス」(詩), 「内閣本翰林葫蘆文集卷八ニ相当ス」(上堂)とあり|朱点, 朱引あり|影写印: 「囍照禪師」|焼損あり",日本語,和古書,,http://tify.sub.uni-goettingen.de/demo.html?manifest=https://archdataset.dl.itc.u-tokyo.ac.jp/manifest/982ccf03-8d08-81c9-513f-66056850a1a1.json,982ccf03-8d08-81c9-513f-66056850a1a1,https://iiif.dl.itc.u-tokyo.ac.jp/repo/s/koten,https://iiif.dl.itc.u-tokyo.ac.jp/repo/s/koten/document/982ccf03-8d08-81c9-513f-66056850a1a1,https://www.lib.u-tokyo.ac.jp/ja/library/contents/archives-top/reuse,https://iiif.dl.itc.u-tokyo.ac.jp/repo/files/medium/02b08420fc34e7a7269a6141daf936b04c6ce185.jpg,https://iiif.dl.itc.u-tokyo.ac.jp/repo/api/items/1155923,"東京大学総合図書館 General Library, The University of Tokyo, JAPAN",http://iiif.io/api/presentation/2#rightToLeftDirection,,総合図書館所蔵古典籍,,,https://iiif.dl.itc.u-tokyo.ac.jp/repo/iiif/982ccf03-8d08-81c9-513f-66056850a1a1/manifest,,,,,191
翰林葫蘆集 文(下),E43:1085,カンリン コロシュウ,翰林胡蘆集,景徐周麟 [著],[書写地不明] : [書写者不明],不明,[明治期以降],存6巻,写本,24cm,"書名は扉による|題簽の書名: 翰林胡蘆集|付箋に「内閣本翰林葫蘆文集卷五ニ相当ス」(文[1]), 「内閣本翰林葫蘆文集卷九ニ相当ス」(文[2]), 「内閣本翰林葫蘆詩集卷一ニ相当ス」(詩), 「内閣本翰林葫蘆文集卷八ニ相当ス」(上堂)とあり|朱点, 朱引あり|影写印: 「囍照禪師」|焼損あり",日本語,和古書,,http://tify.sub.uni-goettingen.de/demo.html?manifest=https://archdataset.dl.itc.u-tokyo.ac.jp/manifest/84931681-18ae-36d4-7884-6a63d20709f2.json,84931681-18ae-36d4-7884-6a63d20709f2,https://iiif.dl.itc.u-tokyo.ac.jp/repo/s/koten,https://iiif.dl.itc.u-tokyo.ac.jp/repo/s/koten/document/84931681-18ae-36d4-7884-6a63d20709f2,https://www.lib.u-tokyo.ac.jp/ja/library/contents/archives-top/reuse,https://iiif.dl.itc.u-tokyo.ac.jp/repo/files/medium/6061b9fb0e75623510ae260f7e53a668b9e00565.jpg,https://iiif.dl.itc.u-tokyo.ac.jp/repo/api/items/1155924,"東京大学総合図書館 General Library, The University of Tokyo, JAPAN",http://iiif.io/api/presentation/2#rightToLeftDirection,,総合図書館所蔵古典籍,,,https://iiif.dl.itc.u-tokyo.ac.jp/repo/iiif/84931681-18ae-36d4-7884-6a63d20709f2/manifest,,,,,135
鹿苑日録 [1] 裏紙あり,A00:6133,ロクオン ニチロク,"日用三昧, 日録, 居諸集, 居諸記",[有節瑞保ほか録],[京] : [鹿苑院僧録司],1549-1617,天文18 -元和3,35巻 (存5巻),写本,33×24cm,"書名は[2]の扉による|責任表示は『日本古典籍総合目録データベース』による|その他の扉書名: 日用三昧[1], 日録[2], 居諸集[3], 居諸記[5]|[1]: 天文18年正月-19年10月4日. [2]:文禄3年正月-12月. [3]: 自慶長20年正月-7月13日. [4]: 自元和元年7月14日至元和2年4月晦日. [5]: 自元和2年5月朔至元和3年11月朔|付紙に「相國寺鹿苑院の僧禄司の記録にして、足利時代より徳川初期に至る。災前三十五冊を有せが今五冊のみを止む」との識語あり|朱点, 朱引あり|付箋あり|極札1枚を付す|印記: 「慈照院」, 「茂内道順」",日本語,和古書,,http://tify.sub.uni-goettingen.de/demo.html?manifest=https://archdataset.dl.itc.u-tokyo.ac.jp/manifest/56902a82-77e5-8739-2135-68692bd0521b.json,56902a82-77e5-8739-2135-68692bd0521b,https://iiif.dl.itc.u-tokyo.ac.jp/repo/s/koten,https://iiif.dl.itc.u-tokyo.ac.jp/repo/s/koten/document/56902a82-77e5-8739-2135-68692bd0521b,https://www.lib.u-tokyo.ac.jp/ja/library/contents/archives-top/reuse,https://iiif.dl.itc.u-tokyo.ac.jp/repo/files/medium/c515a42bf948912a73927525d8a9a0c186ea51b8.jpg,https://iiif.dl.itc.u-tokyo.ac.jp/repo/api/items/1155925,"東京大学総合図書館 General Library, The University of Tokyo, JAPAN",http://iiif.io/api/presentation/2#rightToLeftDirection,,総合図書館所蔵古典籍,,,https://iiif.dl.itc.u-tokyo.ac.jp/repo/iiif/56902a82-77e5-8739-2135-68692bd0521b/manifest,,,,,84
鹿苑日録 [1],A00:6133,ロクオン ニチロク,"日用三昧, 日録, 居諸集, 居諸記",[有節瑞保ほか録],[京] : [鹿苑院僧録司],1549-1617,天文18 -元和3,35巻 (存5巻),写本,33×24cm,"書名は[2]の扉による|責任表示は『日本古典籍総合目録データベース』による|その他の扉書名: 日用三昧[1], 日録[2], 居諸集[3], 居諸記[5]|[1]: 天文18年正月-19年10月4日. [2]:文禄3年正月-12月. [3]: 自慶長20年正月-7月13日. [4]: 自元和元年7月14日至元和2年4月晦日. [5]: 自元和2年5月朔至元和3年11月朔|付紙に「相國寺鹿苑院の僧禄司の記録にして、足利時代より徳川初期に至る。災前三十五冊を有せが今五冊のみを止む」との識語あり|朱点, 朱引あり|付箋あり|極札1枚を付す|印記: 「慈照院」, 「茂内道順」",日本語,和古書,,http://tify.sub.uni-goettingen.de/demo.html?manifest=https://archdataset.dl.itc.u-tokyo.ac.jp/manifest/c216ee39-0162-47cb-9aa3-a17bf6e52bf7.json,c216ee39-0162-47cb-9aa3-a17bf6e52bf7,https://iiif.dl.itc.u-tokyo.ac.jp/repo/s/koten,https://iiif.dl.itc.u-tokyo.ac.jp/repo/s/koten/document/c216ee39-0162-47cb-9aa3-a17bf6e52bf7,https://www.lib.u-tokyo.ac.jp/ja/library/contents/archives-top/reuse,https://iiif.dl.itc.u-tokyo.ac.jp/repo/files/medium/f3507ea1c67d7d2af15b487984dadca57fe87198.jpg,https://iiif.dl.itc.u-tokyo.ac.jp/repo/api/items/1155926,"東京大学総合図書館 General Library, The University of Tokyo, JAPAN",http://iiif.io/api/presentation/2#rightToLeftDirection,,総合図書館所蔵古典籍,,,https://iiif.dl.itc.u-tokyo.ac.jp/repo/iiif/c216ee39-0162-47cb-9aa3-a17bf6e52bf7/manifest,,,,,46
鹿苑日録 [2] 裏紙あり,A00:6133,ロクオン ニチロク,"日用三昧, 日録, 居諸集, 居諸記",[有節瑞保ほか録],[京] : [鹿苑院僧録司],1549-1617,天文18 -元和3,35巻 (存5巻),写本,33×24cm,"書名は[2]の扉による|責任表示は『日本古典籍総合目録データベース』による|その他の扉書名: 日用三昧[1], 日録[2], 居諸集[3], 居諸記[5]|[1]: 天文18年正月-19年10月4日. [2]:文禄3年正月-12月. [3]: 自慶長20年正月-7月13日. [4]: 自元和元年7月14日至元和2年4月晦日. [5]: 自元和2年5月朔至元和3年11月朔|付紙に「相國寺鹿苑院の僧禄司の記録にして、足利時代より徳川初期に至る。災前三十五冊を有せが今五冊のみを止む」との識語あり|朱点, 朱引あり|付箋あり|極札1枚を付す|印記: 「慈照院」, 「茂内道順」",日本語,和古書,,http://tify.sub.uni-goettingen.de/demo.html?manifest=https://archdataset.dl.itc.u-tokyo.ac.jp/manifest/c4104eef-5daa-7130-3835-ce6ede007411.json,c4104eef-5daa-7130-3835-ce6ede007411,https://iiif.dl.itc.u-tokyo.ac.jp/repo/s/koten,https://iiif.dl.itc.u-tokyo.ac.jp/repo/s/koten/document/c4104eef-5daa-7130-3835-ce6ede007411,https://www.lib.u-tokyo.ac.jp/ja/library/contents/archives-top/reuse,https://iiif.dl.itc.u-tokyo.ac.jp/repo/files/medium/1f7a8de6e9c8ee70d32cc90c4765024ee1e74f2f.jpg,https://iiif.dl.itc.u-tokyo.ac.jp/repo/api/items/1155927,"東京大学総合図書館 General Library, The University of Tokyo, JAPAN",http://iiif.io/api/presentation/2#rightToLeftDirection,,総合図書館所蔵古典籍,,,https://iiif.dl.itc.u-tokyo.ac.jp/repo/iiif/c4104eef-5daa-7130-3835-ce6ede007411/manifest,,,,,44
鹿苑日録 [2],A00:6133,ロクオン ニチロク,"日用三昧, 日録, 居諸集, 居諸記",[有節瑞保ほか録],[京] : [鹿苑院僧録司],1549-1617,天文18 -元和3,35巻 (存5巻),写本,33×24cm,"書名は[2]の扉による|責任表示は『日本古典籍総合目録データベース』による|その他の扉書名: 日用三昧[1], 日録[2], 居諸集[3], 居諸記[5]|[1]: 天文18年正月-19年10月4日. [2]:文禄3年正月-12月. [3]: 自慶長20年正月-7月13日. [4]: 自元和元年7月14日至元和2年4月晦日. [5]: 自元和2年5月朔至元和3年11月朔|付紙に「相國寺鹿苑院の僧禄司の記録にして、足利時代より徳川初期に至る。災前三十五冊を有せが今五冊のみを止む」との識語あり|朱点, 朱引あり|付箋あり|極札1枚を付す|印記: 「慈照院」, 「茂内道順」",日本語,和古書,,http://tify.sub.uni-goettingen.de/demo.html?manifest=https://archdataset.dl.itc.u-tokyo.ac.jp/manifest/89fd92da-9968-78e9-1278-78f9f2eb6a8d.json,89fd92da-9968-78e9-1278-78f9f2eb6a8d,https://iiif.dl.itc.u-tokyo.ac.jp/repo/s/koten,https://iiif.dl.itc.u-tokyo.ac.jp/repo/s/koten/document/89fd92da-9968-78e9-1278-78f9f2eb6a8d,https://www.lib.u-tokyo.ac.jp/ja/library/contents/archives-top/reuse,https://iiif.dl.itc.u-tokyo.ac.jp/repo/files/medium/1a519b3a847d3f995810593a0a59aba89494c445.jpg,https://iiif.dl.itc.u-tokyo.ac.jp/repo/api/items/1155928,"東京大学総合図書館 General Library, The University of Tokyo, JAPAN",http://iiif.io/api/presentation/2#rightToLeftDirection,,総合図書館所蔵古典籍,,,https://iiif.dl.itc.u-tokyo.ac.jp/repo/iiif/89fd92da-9968-78e9-1278-78f9f2eb6a8d/manifest,,,,,25
鹿苑日録 [3] 裏紙あり,A00:6133,ロクオン ニチロク,"日用三昧, 日録, 居諸集, 居諸記",[有節瑞保ほか録],[京] : [鹿苑院僧録司],1549-1617,天文18 -元和3,35巻 (存5巻),写本,33×24cm,"書名は[2]の扉による|責任表示は『日本古典籍総合目録データベース』による|その他の扉書名: 日用三昧[1], 日録[2], 居諸集[3], 居諸記[5]|[1]: 天文18年正月-19年10月4日. [2]:文禄3年正月-12月. [3]: 自慶長20年正月-7月13日. [4]: 自元和元年7月14日至元和2年4月晦日. [5]: 自元和2年5月朔至元和3年11月朔|付紙に「相國寺鹿苑院の僧禄司の記録にして、足利時代より徳川初期に至る。災前三十五冊を有せが今五冊のみを止む」との識語あり|朱点, 朱引あり|付箋あり|極札1枚を付す|印記: 「慈照院」, 「茂内道順」",日本語,和古書,,http://tify.sub.uni-goettingen.de/demo.html?manifest=https://archdataset.dl.itc.u-tokyo.ac.jp/manifest/2b161e99-48f4-281a-4e32-bd2922774286.json,2b161e99-48f4-281a-4e32-bd2922774286,https://iiif.dl.itc.u-tokyo.ac.jp/repo/s/koten,https://iiif.dl.itc.u-tokyo.ac.jp/repo/s/koten/document/2b161e99-48f4-281a-4e32-bd2922774286,https://www.lib.u-tokyo.ac.jp/ja/library/contents/archives-top/reuse,https://iiif.dl.itc.u-tokyo.ac.jp/repo/files/medium/56beae52e673ee83ce733341a863b1e8e64fead9.jpg,https://iiif.dl.itc.u-tokyo.ac.jp/repo/api/items/1155929,"東京大学総合図書館 General Library, The University of Tokyo, JAPAN",http://iiif.io/api/presentation/2#rightToLeftDirection,,総合図書館所蔵古典籍,,,https://iiif.dl.itc.u-tokyo.ac.jp/repo/iiif/2b161e99-48f4-281a-4e32-bd2922774286/manifest,,,,,39
鹿苑日録 [3],A00:6133,ロクオン ニチロク,"日用三昧, 日録, 居諸集, 居諸記",[有節瑞保ほか録],[京] : [鹿苑院僧録司],1549-1617,天文18 -元和3,35巻 (存5巻),写本,33×24cm,"書名は[2]の扉による|責任表示は『日本古典籍総合目録データベース』による|その他の扉書名: 日用三昧[1], 日録[2], 居諸集[3], 居諸記[5]|[1]: 天文18年正月-19年10月4日. [2]:文禄3年正月-12月. [3]: 自慶長20年正月-7月13日. [4]: 自元和元年7月14日至元和2年4月晦日. [5]: 自元和2年5月朔至元和3年11月朔|付紙に「相國寺鹿苑院の僧禄司の記録にして、足利時代より徳川初期に至る。災前三十五冊を有せが今五冊のみを止む」との識語あり|朱点, 朱引あり|付箋あり|極札1枚を付す|印記: 「慈照院」, 「茂内道順」",日本語,和古書,,http://tify.sub.uni-goettingen.de/demo.html?manifest=https://archdataset.dl.itc.u-tokyo.ac.jp/manifest/115ef8c9-595a-9b76-3a22-0213bcbd0cf9.json,115ef8c9-595a-9b76-3a22-0213bcbd0cf9,https://iiif.dl.itc.u-tokyo.ac.jp/repo/s/koten,https://iiif.dl.itc.u-tokyo.ac.jp/repo/s/koten/document/115ef8c9-595a-9b76-3a22-0213bcbd0cf9,https://www.lib.u-tokyo.ac.jp/ja/library/contents/archives-top/reuse,https://iiif.dl.itc.u-tokyo.ac.jp/repo/files/medium/81b2c4a64e75fb9b0a27156dcbe3970bfe29a412.jpg,https://iiif.dl.itc.u-tokyo.ac.jp/repo/api/items/1155930,"東京大学総合図書館 General Library, The University of Tokyo, JAPAN",http://iiif.io/api/presentation/2#rightToLeftDirection,,総合図書館所蔵古典籍,,,https://iiif.dl.itc.u-tokyo.ac.jp/repo/iiif/115ef8c9-595a-9b76-3a22-0213bcbd0cf9/manifest,,,,,22
鹿苑日録 [4] 裏紙あり,A00:6133,ロクオン ニチロク,"日用三昧, 日録, 居諸集, 居諸記",[有節瑞保ほか録],[京] : [鹿苑院僧録司],1549-1617,天文18 -元和3,35巻 (存5巻),写本,33×24cm,"書名は[2]の扉による|責任表示は『日本古典籍総合目録データベース』による|その他の扉書名: 日用三昧[1], 日録[2], 居諸集[3], 居諸記[5]|[1]: 天文18年正月-19年10月4日. [2]:文禄3年正月-12月. [3]: 自慶長20年正月-7月13日. [4]: 自元和元年7月14日至元和2年4月晦日. [5]: 自元和2年5月朔至元和3年11月朔|付紙に「相國寺鹿苑院の僧禄司の記録にして、足利時代より徳川初期に至る。災前三十五冊を有せが今五冊のみを止む」との識語あり|朱点, 朱引あり|付箋あり|極札1枚を付す|印記: 「慈照院」, 「茂内道順」",日本語,和古書,,http://tify.sub.uni-goettingen.de/demo.html?manifest=https://archdataset.dl.itc.u-tokyo.ac.jp/manifest/2f6e65c0-7a41-5f18-5538-e9d4ac3463c0.json,2f6e65c0-7a41-5f18-5538-e9d4ac3463c0,https://iiif.dl.itc.u-tokyo.ac.jp/repo/s/koten,https://iiif.dl.itc.u-tokyo.ac.jp/repo/s/koten/document/2f6e65c0-7a41-5f18-5538-e9d4ac3463c0,https://www.lib.u-tokyo.ac.jp/ja/library/contents/archives-top/reuse,https://iiif.dl.itc.u-tokyo.ac.jp/repo/files/medium/e54c110cc29f53753bf89053ba8b3e335e929b79.jpg,https://iiif.dl.itc.u-tokyo.ac.jp/repo/api/items/1155931,"東京大学総合図書館 General Library, The University of Tokyo, JAPAN",http://iiif.io/api/presentation/2#rightToLeftDirection,,総合図書館所蔵古典籍,,,https://iiif.dl.itc.u-tokyo.ac.jp/repo/iiif/2f6e65c0-7a41-5f18-5538-e9d4ac3463c0/manifest,,,,,37
鹿苑日録 [4],A00:6133,ロクオン ニチロク,"日用三昧, 日録, 居諸集, 居諸記",[有節瑞保ほか録],[京] : [鹿苑院僧録司],1549-1617,天文18 -元和3,35巻 (存5巻),写本,33×24cm,"書名は[2]の扉による|責任表示は『日本古典籍総合目録データベース』による|その他の扉書名: 日用三昧[1], 日録[2], 居諸集[3], 居諸記[5]|[1]: 天文18年正月-19年10月4日. [2]:文禄3年正月-12月. [3]: 自慶長20年正月-7月13日. [4]: 自元和元年7月14日至元和2年4月晦日. [5]: 自元和2年5月朔至元和3年11月朔|付紙に「相國寺鹿苑院の僧禄司の記録にして、足利時代より徳川初期に至る。災前三十五冊を有せが今五冊のみを止む」との識語あり|朱点, 朱引あり|付箋あり|極札1枚を付す|印記: 「慈照院」, 「茂内道順」",日本語,和古書,,http://tify.sub.uni-goettingen.de/demo.html?manifest=https://archdataset.dl.itc.u-tokyo.ac.jp/manifest/f9a4e37e-646c-482f-863c-66d4f5759df8.json,f9a4e37e-646c-482f-863c-66d4f5759df8,https://iiif.dl.itc.u-tokyo.ac.jp/repo/s/koten,https://iiif.dl.itc.u-tokyo.ac.jp/repo/s/koten/document/f9a4e37e-646c-482f-863c-66d4f5759df8,https://www.lib.u-tokyo.ac.jp/ja/library/contents/archives-top/reuse,https://iiif.dl.itc.u-tokyo.ac.jp/repo/files/medium/7a1f6f8c1eb933d04edc9d8b87646d8d6391ee66.jpg,https://iiif.dl.itc.u-tokyo.ac.jp/repo/api/items/1155932,"東京大学総合図書館 General Library, The University of Tokyo, JAPAN",http://iiif.io/api/presentation/2#rightToLeftDirection,,総合図書館所蔵古典籍,,,https://iiif.dl.itc.u-tokyo.ac.jp/repo/iiif/f9a4e37e-646c-482f-863c-66d4f5759df8/manifest,,,,,22
鹿苑日録 [5] 裏紙あり,A00:6133,ロクオン ニチロク,"日用三昧, 日録, 居諸集, 居諸記",[有節瑞保ほか録],[京] : [鹿苑院僧録司],1549-1617,天文18 -元和3,35巻 (存5巻),写本,33×24cm,"書名は[2]の扉による|責任表示は『日本古典籍総合目録データベース』による|その他の扉書名: 日用三昧[1], 日録[2], 居諸集[3], 居諸記[5]|[1]: 天文18年正月-19年10月4日. [2]:文禄3年正月-12月. [3]: 自慶長20年正月-7月13日. [4]: 自元和元年7月14日至元和2年4月晦日. [5]: 自元和2年5月朔至元和3年11月朔|付紙に「相國寺鹿苑院の僧禄司の記録にして、足利時代より徳川初期に至る。災前三十五冊を有せが今五冊のみを止む」との識語あり|朱点, 朱引あり|付箋あり|極札1枚を付す|印記: 「慈照院」, 「茂内道順」",日本語,和古書,,http://tify.sub.uni-goettingen.de/demo.html?manifest=https://archdataset.dl.itc.u-tokyo.ac.jp/manifest/931efee8-77a4-3b4a-93b2-403d56720ebb.json,931efee8-77a4-3b4a-93b2-403d56720ebb,https://iiif.dl.itc.u-tokyo.ac.jp/repo/s/koten,https://iiif.dl.itc.u-tokyo.ac.jp/repo/s/koten/document/931efee8-77a4-3b4a-93b2-403d56720ebb,https://www.lib.u-tokyo.ac.jp/ja/library/contents/archives-top/reuse,https://iiif.dl.itc.u-tokyo.ac.jp/repo/files/medium/5bbfa9ccd53d62ec9d603dc4987b0593ecf95390.jpg,https://iiif.dl.itc.u-tokyo.ac.jp/repo/api/items/1155933,"東京大学総合図書館 General Library, The University of Tokyo, JAPAN",http://iiif.io/api/presentation/2#rightToLeftDirection,,総合図書館所蔵古典籍,,,https://iiif.dl.itc.u-tokyo.ac.jp/repo/iiif/931efee8-77a4-3b4a-93b2-403d56720ebb/manifest,,,,,41
鹿苑日録 [5],A00:6133,ロクオン ニチロク,"日用三昧, 日録, 居諸集, 居諸記",[有節瑞保ほか録],[京] : [鹿苑院僧録司],1549-1617,天文18 -元和3,35巻 (存5巻),写本,33×24cm,"書名は[2]の扉による|責任表示は『日本古典籍総合目録データベース』による|その他の扉書名: 日用三昧[1], 日録[2], 居諸集[3], 居諸記[5]|[1]: 天文18年正月-19年10月4日. [2]:文禄3年正月-12月. [3]: 自慶長20年正月-7月13日. [4]: 自元和元年7月14日至元和2年4月晦日. [5]: 自元和2年5月朔至元和3年11月朔|付紙に「相國寺鹿苑院の僧禄司の記録にして、足利時代より徳川初期に至る。災前三十五冊を有せが今五冊のみを止む」との識語あり|朱点, 朱引あり|付箋あり|極札1枚を付す|印記: 「慈照院」, 「茂内道順」",日本語,和古書,,http://tify.sub.uni-goettingen.de/demo.html?manifest=https://archdataset.dl.itc.u-tokyo.ac.jp/manifest/a4ff63d6-4831-33df-59b9-63d184352856.json,a4ff63d6-4831-33df-59b9-63d184352856,https://iiif.dl.itc.u-tokyo.ac.jp/repo/s/koten,https://iiif.dl.itc.u-tokyo.ac.jp/repo/s/koten/document/a4ff63d6-4831-33df-59b9-63d184352856,https://www.lib.u-tokyo.ac.jp/ja/library/contents/archives-top/reuse,https://iiif.dl.itc.u-tokyo.ac.jp/repo/files/medium/52ceccfd50ab169c56579be37b3ae60e10906ccf.jpg,https://iiif.dl.itc.u-tokyo.ac.jp/repo/api/items/1155934,"東京大学総合図書館 General Library, The University of Tokyo, JAPAN",http://iiif.io/api/presentation/2#rightToLeftDirection,,総合図書館所蔵古典籍,,,https://iiif.dl.itc.u-tokyo.ac.jp/repo/iiif/a4ff63d6-4831-33df-59b9-63d184352856/manifest,,,,,44
道成寺,A00:4276,ドウジョウジ,"道成寺縁起,日高川雙紙",不明,[製作地不明] : [製作者不明],1782,天明2,一軸,,28cm,,日本語,和古書,,http://tify.sub.uni-goettingen.de/demo.html?manifest=https://archdataset.dl.itc.u-tokyo.ac.jp/manifest/2885ee6a-27de-584f-21d4-4b1da217307b.json,2885ee6a-27de-584f-21d4-4b1da217307b,https://iiif.dl.itc.u-tokyo.ac.jp/repo/s/koten,https://iiif.dl.itc.u-tokyo.ac.jp/repo/s/koten/document/2885ee6a-27de-584f-21d4-4b1da217307b,https://www.lib.u-tokyo.ac.jp/ja/library/contents/archives-top/reuse,https://iiif.dl.itc.u-tokyo.ac.jp/repo/files/medium/4b0506800985d86a739e728cd5f8b74c75ba8532.jpg,https://iiif.dl.itc.u-tokyo.ac.jp/repo/api/items/1155935,"東京大学総合図書館 General Library, The University of Tokyo, JAPAN",http://iiif.io/api/presentation/2#rightToLeftDirection,,総合図書館所蔵古典籍,,,https://iiif.dl.itc.u-tokyo.ac.jp/repo/iiif/2885ee6a-27de-584f-21d4-4b1da217307b/manifest,,,,,25
政事要略  22,A00:6073,セイジ ヨウリャク,政事要畧,[惟宗允亮輯],[書写地不明] : [書写者不明],不明,[江戸後期],130巻 (存16巻),写本,29×22cm,"書名は弟22の巻頭による苐23の表紙書名: 政事要畧
責任表示は「日本古典籍総合目録データベース」による
毎半葉8行注文双行
弟22-24, 26, 28-30: 秊中行事. 苐51, 54, 56, 59: 交替雜事. 苐67: 男女于衣服并資用雜物等事(糺弾雜事). 第69-70, 82: 糺弾雜事. 苐95下: 至要雜事
彩色あり
貼紙あり
印記: 「東京大學法理文學部書庫所藏」, 「閲覧室用 FOR USE IN THE READING ROOM」
虫損あり (裏打ち補修あり)",日本語,和古書,,http://tify.sub.uni-goettingen.de/demo.html?manifest=https://archdataset.dl.itc.u-tokyo.ac.jp/manifest/6a995e9b-3826-849c-7e88-7bd6d5d91e60.json,6a995e9b-3826-849c-7e88-7bd6d5d91e60,https://iiif.dl.itc.u-tokyo.ac.jp/repo/s/koten,https://iiif.dl.itc.u-tokyo.ac.jp/repo/s/koten/document/6a995e9b-3826-849c-7e88-7bd6d5d91e60,https://www.lib.u-tokyo.ac.jp/ja/library/contents/archives-top/reuse,https://iiif.dl.itc.u-tokyo.ac.jp/repo/files/medium/3a8b5846fa22a874380ffde1c497ed859c581bba.jpg,https://iiif.dl.itc.u-tokyo.ac.jp/repo/api/items/1155936,"東京大学総合図書館 General Library, The University of Tokyo, JAPAN",http://iiif.io/api/presentation/2#rightToLeftDirection,,総合図書館所蔵古典籍,,,https://iiif.dl.itc.u-tokyo.ac.jp/repo/iiif/6a995e9b-3826-849c-7e88-7bd6d5d91e60/manifest,,,,,65
政事要略  23,A00:6073,セイジ ヨウリャク,政事要畧,[惟宗允亮輯],[書写地不明] : [書写者不明],不明,[江戸後期],130巻 (存16巻),写本,29×22cm,"書名は弟22の巻頭による苐23の表紙書名: 政事要畧
責任表示は「日本古典籍総合目録データベース」による
毎半葉8行注文双行
弟22-24, 26, 28-30: 秊中行事. 苐51, 54, 56, 59: 交替雜事. 苐67: 男女于衣服并資用雜物等事(糺弾雜事). 第69-70, 82: 糺弾雜事. 苐95下: 至要雜事
彩色あり
貼紙あり
印記: 「東京大學法理文學部書庫所藏」, 「閲覧室用 FOR USE IN THE READING ROOM」
虫損あり (裏打ち補修あり)",日本語,和古書,,http://tify.sub.uni-goettingen.de/demo.html?manifest=https://archdataset.dl.itc.u-tokyo.ac.jp/manifest/ea3a728a-6eaa-3667-a20e-667c4d0b28c8.json,ea3a728a-6eaa-3667-a20e-667c4d0b28c8,https://iiif.dl.itc.u-tokyo.ac.jp/repo/s/koten,https://iiif.dl.itc.u-tokyo.ac.jp/repo/s/koten/document/ea3a728a-6eaa-3667-a20e-667c4d0b28c8,https://www.lib.u-tokyo.ac.jp/ja/library/contents/archives-top/reuse,https://iiif.dl.itc.u-tokyo.ac.jp/repo/files/medium/50debac0cb5e2bd5813b9482177da6e43fc36824.jpg,https://iiif.dl.itc.u-tokyo.ac.jp/repo/api/items/1155937,"東京大学総合図書館 General Library, The University of Tokyo, JAPAN",http://iiif.io/api/presentation/2#rightToLeftDirection,,総合図書館所蔵古典籍,,,https://iiif.dl.itc.u-tokyo.ac.jp/repo/iiif/ea3a728a-6eaa-3667-a20e-667c4d0b28c8/manifest,,,,,41
政事要略  24,A00:6073,セイジ ヨウリャク,政事要畧,[惟宗允亮輯],[書写地不明] : [書写者不明],不明,[江戸後期],130巻 (存16巻),写本,29×22cm,"書名は弟22の巻頭による苐23の表紙書名: 政事要畧
責任表示は「日本古典籍総合目録データベース」による
毎半葉8行注文双行
弟22-24, 26, 28-30: 秊中行事. 苐51, 54, 56, 59: 交替雜事. 苐67: 男女于衣服并資用雜物等事(糺弾雜事). 第69-70, 82: 糺弾雜事. 苐95下: 至要雜事
彩色あり
貼紙あり
印記: 「東京大學法理文學部書庫所藏」, 「閲覧室用 FOR USE IN THE READING ROOM」
虫損あり (裏打ち補修あり)",日本語,和古書,,http://tify.sub.uni-goettingen.de/demo.html?manifest=https://archdataset.dl.itc.u-tokyo.ac.jp/manifest/d53096c9-3cc7-1152-5f9d-5808913e5ca4.json,d53096c9-3cc7-1152-5f9d-5808913e5ca4,https://iiif.dl.itc.u-tokyo.ac.jp/repo/s/koten,https://iiif.dl.itc.u-tokyo.ac.jp/repo/s/koten/document/d53096c9-3cc7-1152-5f9d-5808913e5ca4,https://www.lib.u-tokyo.ac.jp/ja/library/contents/archives-top/reuse,https://iiif.dl.itc.u-tokyo.ac.jp/repo/files/medium/c64ecd888acdb836c38885b02df4184cf4df0a4a.jpg,https://iiif.dl.itc.u-tokyo.ac.jp/repo/api/items/1155938,"東京大学総合図書館 General Library, The University of Tokyo, JAPAN",http://iiif.io/api/presentation/2#rightToLeftDirection,,総合図書館所蔵古典籍,,,https://iiif.dl.itc.u-tokyo.ac.jp/repo/iiif/d53096c9-3cc7-1152-5f9d-5808913e5ca4/manifest,,,,,40
政事要略  26,A00:6073,セイジ ヨウリャク,政事要畧,[惟宗允亮輯],[書写地不明] : [書写者不明],不明,[江戸後期],130巻 (存16巻),写本,29×22cm,"書名は弟22の巻頭による苐23の表紙書名: 政事要畧
責任表示は「日本古典籍総合目録データベース」による
毎半葉8行注文双行
弟22-24, 26, 28-30: 秊中行事. 苐51, 54, 56, 59: 交替雜事. 苐67: 男女于衣服并資用雜物等事(糺弾雜事). 第69-70, 82: 糺弾雜事. 苐95下: 至要雜事
彩色あり
貼紙あり
印記: 「東京大學法理文學部書庫所藏」, 「閲覧室用 FOR USE IN THE READING ROOM」
虫損あり (裏打ち補修あり)",日本語,和古書,,http://tify.sub.uni-goettingen.de/demo.html?manifest=https://archdataset.dl.itc.u-tokyo.ac.jp/manifest/f0526e2d-4513-6da5-2927-90671546598c.json,f0526e2d-4513-6da5-2927-90671546598c,https://iiif.dl.itc.u-tokyo.ac.jp/repo/s/koten,https://iiif.dl.itc.u-tokyo.ac.jp/repo/s/koten/document/f0526e2d-4513-6da5-2927-90671546598c,https://www.lib.u-tokyo.ac.jp/ja/library/contents/archives-top/reuse,https://iiif.dl.itc.u-tokyo.ac.jp/repo/files/medium/5a8dd98832f7ed9f7338abc63ef55b07ee3b3b2c.jpg,https://iiif.dl.itc.u-tokyo.ac.jp/repo/api/items/1155939,"東京大学総合図書館 General Library, The University of Tokyo, JAPAN",http://iiif.io/api/presentation/2#rightToLeftDirection,,総合図書館所蔵古典籍,,,https://iiif.dl.itc.u-tokyo.ac.jp/repo/iiif/f0526e2d-4513-6da5-2927-90671546598c/manifest,,,,,54
政事要略  28,A00:6073,セイジ ヨウリャク,政事要畧,[惟宗允亮輯],[書写地不明] : [書写者不明],不明,[江戸後期],130巻 (存16巻),写本,29×22cm,"書名は弟22の巻頭による苐23の表紙書名: 政事要畧
責任表示は「日本古典籍総合目録データベース」による
毎半葉8行注文双行
弟22-24, 26, 28-30: 秊中行事. 苐51, 54, 56, 59: 交替雜事. 苐67: 男女于衣服并資用雜物等事(糺弾雜事). 第69-70, 82: 糺弾雜事. 苐95下: 至要雜事
彩色あり
貼紙あり
印記: 「東京大學法理文學部書庫所藏」, 「閲覧室用 FOR USE IN THE READING ROOM」
虫損あり (裏打ち補修あり)",日本語,和古書,,http://tify.sub.uni-goettingen.de/demo.html?manifest=https://archdataset.dl.itc.u-tokyo.ac.jp/manifest/55379587-1226-79dd-a1ad-9aa5c78e0d95.json,55379587-1226-79dd-a1ad-9aa5c78e0d95,https://iiif.dl.itc.u-tokyo.ac.jp/repo/s/koten,https://iiif.dl.itc.u-tokyo.ac.jp/repo/s/koten/document/55379587-1226-79dd-a1ad-9aa5c78e0d95,https://www.lib.u-tokyo.ac.jp/ja/library/contents/archives-top/reuse,https://iiif.dl.itc.u-tokyo.ac.jp/repo/files/medium/2cc0ac5879e1ff7c88a66d2fc7ab661e4b9dadbd.jpg,https://iiif.dl.itc.u-tokyo.ac.jp/repo/api/items/1155940,"東京大学総合図書館 General Library, The University of Tokyo, JAPAN",http://iiif.io/api/presentation/2#rightToLeftDirection,,総合図書館所蔵古典籍,,,https://iiif.dl.itc.u-tokyo.ac.jp/repo/iiif/55379587-1226-79dd-a1ad-9aa5c78e0d95/manifest,,,,,45
政事要略  29,A00:6073,セイジ ヨウリャク,政事要畧,[惟宗允亮輯],[書写地不明] : [書写者不明],不明,[江戸後期],130巻 (存16巻),写本,29×22cm,"書名は弟22の巻頭による苐23の表紙書名: 政事要畧
責任表示は「日本古典籍総合目録データベース」による
毎半葉8行注文双行
弟22-24, 26, 28-30: 秊中行事. 苐51, 54, 56, 59: 交替雜事. 苐67: 男女于衣服并資用雜物等事(糺弾雜事). 第69-70, 82: 糺弾雜事. 苐95下: 至要雜事
彩色あり
貼紙あり
印記: 「東京大學法理文學部書庫所藏」, 「閲覧室用 FOR USE IN THE READING ROOM」
虫損あり (裏打ち補修あり)",日本語,和古書,,http://tify.sub.uni-goettingen.de/demo.html?manifest=https://archdataset.dl.itc.u-tokyo.ac.jp/manifest/40f9e64a-2a84-4980-849f-cec3f6e657db.json,40f9e64a-2a84-4980-849f-cec3f6e657db,https://iiif.dl.itc.u-tokyo.ac.jp/repo/s/koten,https://iiif.dl.itc.u-tokyo.ac.jp/repo/s/koten/document/40f9e64a-2a84-4980-849f-cec3f6e657db,https://www.lib.u-tokyo.ac.jp/ja/library/contents/archives-top/reuse,https://iiif.dl.itc.u-tokyo.ac.jp/repo/files/medium/83ecc1cf6f7d07c75d7747fab947b746582eba31.jpg,https://iiif.dl.itc.u-tokyo.ac.jp/repo/api/items/1155941,"東京大学総合図書館 General Library, The University of Tokyo, JAPAN",http://iiif.io/api/presentation/2#rightToLeftDirection,,総合図書館所蔵古典籍,,,https://iiif.dl.itc.u-tokyo.ac.jp/repo/iiif/40f9e64a-2a84-4980-849f-cec3f6e657db/manifest,,,,,63
政事要略  30,A00:6073,セイジ ヨウリャク,政事要畧,[惟宗允亮輯],[書写地不明] : [書写者不明],不明,[江戸後期],130巻 (存16巻),写本,29×22cm,"書名は弟22の巻頭による苐23の表紙書名: 政事要畧
責任表示は「日本古典籍総合目録データベース」による
毎半葉8行注文双行
弟22-24, 26, 28-30: 秊中行事. 苐51, 54, 56, 59: 交替雜事. 苐67: 男女于衣服并資用雜物等事(糺弾雜事). 第69-70, 82: 糺弾雜事. 苐95下: 至要雜事
彩色あり
貼紙あり
印記: 「東京大學法理文學部書庫所藏」, 「閲覧室用 FOR USE IN THE READING ROOM」
虫損あり (裏打ち補修あり)",日本語,和古書,,http://tify.sub.uni-goettingen.de/demo.html?manifest=https://archdataset.dl.itc.u-tokyo.ac.jp/manifest/7c785816-3921-6284-0115-49f32df60182.json,7c785816-3921-6284-0115-49f32df60182,https://iiif.dl.itc.u-tokyo.ac.jp/repo/s/koten,https://iiif.dl.itc.u-tokyo.ac.jp/repo/s/koten/document/7c785816-3921-6284-0115-49f32df60182,https://www.lib.u-tokyo.ac.jp/ja/library/contents/archives-top/reuse,https://iiif.dl.itc.u-tokyo.ac.jp/repo/files/medium/2f4ea207ef81cafe7e1bdb2f8ff50b1c7a864579.jpg,https://iiif.dl.itc.u-tokyo.ac.jp/repo/api/items/1155942,"東京大学総合図書館 General Library, The University of Tokyo, JAPAN",http://iiif.io/api/presentation/2#rightToLeftDirection,,総合図書館所蔵古典籍,,,https://iiif.dl.itc.u-tokyo.ac.jp/repo/iiif/7c785816-3921-6284-0115-49f32df60182/manifest,,,,,52
政事要略  51,A00:6073,セイジ ヨウリャク,政事要畧,[惟宗允亮輯],[書写地不明] : [書写者不明],不明,[江戸後期],130巻 (存16巻),写本,29×22cm,"書名は弟22の巻頭による苐23の表紙書名: 政事要畧
責任表示は「日本古典籍総合目録データベース」による
毎半葉8行注文双行
弟22-24, 26, 28-30: 秊中行事. 苐51, 54, 56, 59: 交替雜事. 苐67: 男女于衣服并資用雜物等事(糺弾雜事). 第69-70, 82: 糺弾雜事. 苐95下: 至要雜事
彩色あり
貼紙あり
印記: 「東京大學法理文學部書庫所藏」, 「閲覧室用 FOR USE IN THE READING ROOM」
虫損あり (裏打ち補修あり)",日本語,和古書,,http://tify.sub.uni-goettingen.de/demo.html?manifest=https://archdataset.dl.itc.u-tokyo.ac.jp/manifest/5a348258-91a5-846f-123e-d864f23436a0.json,5a348258-91a5-846f-123e-d864f23436a0,https://iiif.dl.itc.u-tokyo.ac.jp/repo/s/koten,https://iiif.dl.itc.u-tokyo.ac.jp/repo/s/koten/document/5a348258-91a5-846f-123e-d864f23436a0,https://www.lib.u-tokyo.ac.jp/ja/library/contents/archives-top/reuse,https://iiif.dl.itc.u-tokyo.ac.jp/repo/files/medium/6498b19925b5beb371fff02ed9215085398e0633.jpg,https://iiif.dl.itc.u-tokyo.ac.jp/repo/api/items/1155943,"東京大学総合図書館 General Library, The University of Tokyo, JAPAN",http://iiif.io/api/presentation/2#rightToLeftDirection,,総合図書館所蔵古典籍,,,https://iiif.dl.itc.u-tokyo.ac.jp/repo/iiif/5a348258-91a5-846f-123e-d864f23436a0/manifest,,,,,55
政事要略  54,A00:6073,セイジ ヨウリャク,政事要畧,[惟宗允亮輯],[書写地不明] : [書写者不明],不明,[江戸後期],130巻 (存16巻),写本,29×22cm,"書名は弟22の巻頭による苐23の表紙書名: 政事要畧
責任表示は「日本古典籍総合目録データベース」による
毎半葉8行注文双行
弟22-24, 26, 28-30: 秊中行事. 苐51, 54, 56, 59: 交替雜事. 苐67: 男女于衣服并資用雜物等事(糺弾雜事). 第69-70, 82: 糺弾雜事. 苐95下: 至要雜事
彩色あり
貼紙あり
印記: 「東京大學法理文學部書庫所藏」, 「閲覧室用 FOR USE IN THE READING ROOM」
虫損あり (裏打ち補修あり)",日本語,和古書,,http://tify.sub.uni-goettingen.de/demo.html?manifest=https://archdataset.dl.itc.u-tokyo.ac.jp/manifest/e31915bc-5e6b-8bb9-108c-36259e9a10ab.json,e31915bc-5e6b-8bb9-108c-36259e9a10ab,https://iiif.dl.itc.u-tokyo.ac.jp/repo/s/koten,https://iiif.dl.itc.u-tokyo.ac.jp/repo/s/koten/document/e31915bc-5e6b-8bb9-108c-36259e9a10ab,https://www.lib.u-tokyo.ac.jp/ja/library/contents/archives-top/reuse,https://iiif.dl.itc.u-tokyo.ac.jp/repo/files/medium/b155291ae60fef8d4236e3a584a5cca03c74ac9f.jpg,https://iiif.dl.itc.u-tokyo.ac.jp/repo/api/items/1155944,"東京大学総合図書館 General Library, The University of Tokyo, JAPAN",http://iiif.io/api/presentation/2#rightToLeftDirection,,総合図書館所蔵古典籍,,,https://iiif.dl.itc.u-tokyo.ac.jp/repo/iiif/e31915bc-5e6b-8bb9-108c-36259e9a10ab/manifest,,,,,52
政事要略  56,A00:6073,セイジ ヨウリャク,政事要畧,[惟宗允亮輯],[書写地不明] : [書写者不明],不明,[江戸後期],130巻 (存16巻),写本,29×22cm,"書名は弟22の巻頭による苐23の表紙書名: 政事要畧
責任表示は「日本古典籍総合目録データベース」による
毎半葉8行注文双行
弟22-24, 26, 28-30: 秊中行事. 苐51, 54, 56, 59: 交替雜事. 苐67: 男女于衣服并資用雜物等事(糺弾雜事). 第69-70, 82: 糺弾雜事. 苐95下: 至要雜事
彩色あり
貼紙あり
印記: 「東京大學法理文學部書庫所藏」, 「閲覧室用 FOR USE IN THE READING ROOM」
虫損あり (裏打ち補修あり)",日本語,和古書,,http://tify.sub.uni-goettingen.de/demo.html?manifest=https://archdataset.dl.itc.u-tokyo.ac.jp/manifest/ecec86f4-0e04-0274-a5b9-f792bd165035.json,ecec86f4-0e04-0274-a5b9-f792bd165035,https://iiif.dl.itc.u-tokyo.ac.jp/repo/s/koten,https://iiif.dl.itc.u-tokyo.ac.jp/repo/s/koten/document/ecec86f4-0e04-0274-a5b9-f792bd165035,https://www.lib.u-tokyo.ac.jp/ja/library/contents/archives-top/reuse,https://iiif.dl.itc.u-tokyo.ac.jp/repo/files/medium/e04a554c50db4735ae84be4e4df44376f9c71059.jpg,https://iiif.dl.itc.u-tokyo.ac.jp/repo/api/items/1155945,"東京大学総合図書館 General Library, The University of Tokyo, JAPAN",http://iiif.io/api/presentation/2#rightToLeftDirection,,総合図書館所蔵古典籍,,,https://iiif.dl.itc.u-tokyo.ac.jp/repo/iiif/ecec86f4-0e04-0274-a5b9-f792bd165035/manifest,,,,,42
政事要略  59,A00:6073,セイジ ヨウリャク,政事要畧,[惟宗允亮輯],[書写地不明] : [書写者不明],不明,[江戸後期],130巻 (存16巻),写本,29×22cm,"書名は弟22の巻頭による苐23の表紙書名: 政事要畧
責任表示は「日本古典籍総合目録データベース」による
毎半葉8行注文双行
弟22-24, 26, 28-30: 秊中行事. 苐51, 54, 56, 59: 交替雜事. 苐67: 男女于衣服并資用雜物等事(糺弾雜事). 第69-70, 82: 糺弾雜事. 苐95下: 至要雜事
彩色あり
貼紙あり
印記: 「東京大學法理文學部書庫所藏」, 「閲覧室用 FOR USE IN THE READING ROOM」
虫損あり (裏打ち補修あり)",日本語,和古書,,http://tify.sub.uni-goettingen.de/demo.html?manifest=https://archdataset.dl.itc.u-tokyo.ac.jp/manifest/dd5811b2-90e7-005b-5249-80da63777853.json,dd5811b2-90e7-005b-5249-80da63777853,https://iiif.dl.itc.u-tokyo.ac.jp/repo/s/koten,https://iiif.dl.itc.u-tokyo.ac.jp/repo/s/koten/document/dd5811b2-90e7-005b-5249-80da63777853,https://www.lib.u-tokyo.ac.jp/ja/library/contents/archives-top/reuse,https://iiif.dl.itc.u-tokyo.ac.jp/repo/files/medium/53b1bed1d46a74b2ad1040fc8ad996aa92e9a210.jpg,https://iiif.dl.itc.u-tokyo.ac.jp/repo/api/items/1155946,"東京大学総合図書館 General Library, The University of Tokyo, JAPAN",http://iiif.io/api/presentation/2#rightToLeftDirection,,総合図書館所蔵古典籍,,,https://iiif.dl.itc.u-tokyo.ac.jp/repo/iiif/dd5811b2-90e7-005b-5249-80da63777853/manifest,,,,,76
政事要略  67,A00:6073,セイジ ヨウリャク,政事要畧,[惟宗允亮輯],[書写地不明] : [書写者不明],不明,[江戸後期],130巻 (存16巻),写本,29×22cm,"書名は弟22の巻頭による苐23の表紙書名: 政事要畧
責任表示は「日本古典籍総合目録データベース」による
毎半葉8行注文双行
弟22-24, 26, 28-30: 秊中行事. 苐51, 54, 56, 59: 交替雜事. 苐67: 男女于衣服并資用雜物等事(糺弾雜事). 第69-70, 82: 糺弾雜事. 苐95下: 至要雜事
彩色あり
貼紙あり
印記: 「東京大學法理文學部書庫所藏」, 「閲覧室用 FOR USE IN THE READING ROOM」
虫損あり (裏打ち補修あり)",日本語,和古書,,http://tify.sub.uni-goettingen.de/demo.html?manifest=https://archdataset.dl.itc.u-tokyo.ac.jp/manifest/b7c21605-9624-39ec-2cde-e9f7c53f117d.json,b7c21605-9624-39ec-2cde-e9f7c53f117d,https://iiif.dl.itc.u-tokyo.ac.jp/repo/s/koten,https://iiif.dl.itc.u-tokyo.ac.jp/repo/s/koten/document/b7c21605-9624-39ec-2cde-e9f7c53f117d,https://www.lib.u-tokyo.ac.jp/ja/library/contents/archives-top/reuse,https://iiif.dl.itc.u-tokyo.ac.jp/repo/files/medium/2ed74ddb87cde56f88b95b3bc0c0eb05bb32f97b.jpg,https://iiif.dl.itc.u-tokyo.ac.jp/repo/api/items/1155947,"東京大学総合図書館 General Library, The University of Tokyo, JAPAN",http://iiif.io/api/presentation/2#rightToLeftDirection,,総合図書館所蔵古典籍,,,https://iiif.dl.itc.u-tokyo.ac.jp/repo/iiif/b7c21605-9624-39ec-2cde-e9f7c53f117d/manifest,,,,,58
政事要略  69,A00:6073,セイジ ヨウリャク,政事要畧+I274,[惟宗允亮輯],[書写地不明] : [書写者不明],不明,[江戸後期],130巻 (存16巻),写本,29×22cm,"書名は弟22の巻頭による苐23の表紙書名: 政事要畧
責任表示は「日本古典籍総合目録データベース」による
毎半葉8行注文双行
弟22-24, 26, 28-30: 秊中行事. 苐51, 54, 56, 59: 交替雜事. 苐67: 男女于衣服并資用雜物等事(糺弾雜事). 第69-70, 82: 糺弾雜事. 苐95下: 至要雜事
彩色あり
貼紙あり
印記: 「東京大學法理文學部書庫所藏」, 「閲覧室用 FOR USE IN THE READING ROOM」
虫損あり (裏打ち補修あり)",日本語,和古書,,http://tify.sub.uni-goettingen.de/demo.html?manifest=https://archdataset.dl.itc.u-tokyo.ac.jp/manifest/c467dccb-804e-2965-3efa-4ce411022e76.json,c467dccb-804e-2965-3efa-4ce411022e76,https://iiif.dl.itc.u-tokyo.ac.jp/repo/s/koten,https://iiif.dl.itc.u-tokyo.ac.jp/repo/s/koten/document/c467dccb-804e-2965-3efa-4ce411022e76,https://www.lib.u-tokyo.ac.jp/ja/library/contents/archives-top/reuse,https://iiif.dl.itc.u-tokyo.ac.jp/repo/files/medium/a44ed04dac94b259d5d4459d3bbdfe44cfc63e47.jpg,https://iiif.dl.itc.u-tokyo.ac.jp/repo/api/items/1155948,"東京大学総合図書館 General Library, The University of Tokyo, JAPAN",http://iiif.io/api/presentation/2#rightToLeftDirection,,総合図書館所蔵古典籍,,,https://iiif.dl.itc.u-tokyo.ac.jp/repo/iiif/c467dccb-804e-2965-3efa-4ce411022e76/manifest,,,,,32
政事要略  70,A00:6073,セイジ ヨウリャク,政事要畧,[惟宗允亮輯],[書写地不明] : [書写者不明],不明,[江戸後期],130巻 (存16巻),写本,29×22cm,"書名は弟22の巻頭による苐23の表紙書名: 政事要畧
責任表示は「日本古典籍総合目録データベース」による
毎半葉8行注文双行
弟22-24, 26, 28-30: 秊中行事. 苐51, 54, 56, 59: 交替雜事. 苐67: 男女于衣服并資用雜物等事(糺弾雜事). 第69-70, 82: 糺弾雜事. 苐95下: 至要雜事
彩色あり
貼紙あり
印記: 「東京大學法理文學部書庫所藏」, 「閲覧室用 FOR USE IN THE READING ROOM」
虫損あり (裏打ち補修あり)",日本語,和古書,,http://tify.sub.uni-goettingen.de/demo.html?manifest=https://archdataset.dl.itc.u-tokyo.ac.jp/manifest/a60ed292-74f1-7aad-7a95-ea0e63780f06.json,a60ed292-74f1-7aad-7a95-ea0e63780f06,https://iiif.dl.itc.u-tokyo.ac.jp/repo/s/koten,https://iiif.dl.itc.u-tokyo.ac.jp/repo/s/koten/document/a60ed292-74f1-7aad-7a95-ea0e63780f06,https://www.lib.u-tokyo.ac.jp/ja/library/contents/archives-top/reuse,https://iiif.dl.itc.u-tokyo.ac.jp/repo/files/medium/18682a7854318a2644a4e6de66c1da64fdfcecb3.jpg,https://iiif.dl.itc.u-tokyo.ac.jp/repo/api/items/1155949,"東京大学総合図書館 General Library, The University of Tokyo, JAPAN",http://iiif.io/api/presentation/2#rightToLeftDirection,,総合図書館所蔵古典籍,,,https://iiif.dl.itc.u-tokyo.ac.jp/repo/iiif/a60ed292-74f1-7aad-7a95-ea0e63780f06/manifest,,,,,53
政事要略  82,A00:6073,セイジ ヨウリャク,政事要畧,[惟宗允亮輯],[書写地不明] : [書写者不明],不明,[江戸後期],130巻 (存16巻),写本,29×22cm,"書名は弟22の巻頭による苐23の表紙書名: 政事要畧
責任表示は「日本古典籍総合目録データベース」による
毎半葉8行注文双行
弟22-24, 26, 28-30: 秊中行事. 苐51, 54, 56, 59: 交替雜事. 苐67: 男女于衣服并資用雜物等事(糺弾雜事). 第69-70, 82: 糺弾雜事. 苐95下: 至要雜事
彩色あり
貼紙あり
印記: 「東京大學法理文學部書庫所藏」, 「閲覧室用 FOR USE IN THE READING ROOM」
虫損あり (裏打ち補修あり)",日本語,和古書,,http://tify.sub.uni-goettingen.de/demo.html?manifest=https://archdataset.dl.itc.u-tokyo.ac.jp/manifest/7a14b488-04cb-35dd-7d50-1fc3f3d12d81.json,7a14b488-04cb-35dd-7d50-1fc3f3d12d81,https://iiif.dl.itc.u-tokyo.ac.jp/repo/s/koten,https://iiif.dl.itc.u-tokyo.ac.jp/repo/s/koten/document/7a14b488-04cb-35dd-7d50-1fc3f3d12d81,https://www.lib.u-tokyo.ac.jp/ja/library/contents/archives-top/reuse,https://iiif.dl.itc.u-tokyo.ac.jp/repo/files/medium/24e4f3cd0a50313114801df4df2ed3eff4eb1f3b.jpg,https://iiif.dl.itc.u-tokyo.ac.jp/repo/api/items/1155950,"東京大学総合図書館 General Library, The University of Tokyo, JAPAN",http://iiif.io/api/presentation/2#rightToLeftDirection,,総合図書館所蔵古典籍,,,https://iiif.dl.itc.u-tokyo.ac.jp/repo/iiif/7a14b488-04cb-35dd-7d50-1fc3f3d12d81/manifest,,,,,62
政事要略  95下,A00:6073,セイジ ヨウリャク,政事要畧,[惟宗允亮輯],[書写地不明] : [書写者不明],不明,[江戸後期],130巻 (存16巻),写本,29×22cm,"書名は弟22の巻頭による苐23の表紙書名: 政事要畧
責任表示は「日本古典籍総合目録データベース」による
毎半葉8行注文双行
弟22-24, 26, 28-30: 秊中行事. 苐51, 54, 56, 59: 交替雜事. 苐67: 男女于衣服并資用雜物等事(糺弾雜事). 第69-70, 82: 糺弾雜事. 苐95下: 至要雜事
彩色あり
貼紙あり
印記: 「東京大學法理文學部書庫所藏」, 「閲覧室用 FOR USE IN THE READING ROOM」
虫損あり (裏打ち補修あり)",日本語,和古書,,http://tify.sub.uni-goettingen.de/demo.html?manifest=https://archdataset.dl.itc.u-tokyo.ac.jp/manifest/a61326b7-3fd5-4ee2-0a55-94ac92545878.json,a61326b7-3fd5-4ee2-0a55-94ac92545878,https://iiif.dl.itc.u-tokyo.ac.jp/repo/s/koten,https://iiif.dl.itc.u-tokyo.ac.jp/repo/s/koten/document/a61326b7-3fd5-4ee2-0a55-94ac92545878,https://www.lib.u-tokyo.ac.jp/ja/library/contents/archives-top/reuse,https://iiif.dl.itc.u-tokyo.ac.jp/repo/files/medium/3cd77f1699215120332045cdc78cfd3b283e9a53.jpg,https://iiif.dl.itc.u-tokyo.ac.jp/repo/api/items/1155951,"東京大学総合図書館 General Library, The University of Tokyo, JAPAN",http://iiif.io/api/presentation/2#rightToLeftDirection,,総合図書館所蔵古典籍,,,https://iiif.dl.itc.u-tokyo.ac.jp/repo/iiif/a61326b7-3fd5-4ee2-0a55-94ac92545878/manifest,,,,,46
龍湫和尚語録 東,A00:6134,リュウシュウ オショウ ゴロク,"龍湫録,七會録",(釋) 龍湫 [述] ; (釋) 玄中 [ほか] 校,[京] : 関仲智悦 : 別宗祖縁,1707,寳永4 跋,2巻(4冊)附隨得集1巻,,28×20cm,"書名は題簽による版心の書名: 龍湫録
跋中の書名: 七會録
序末に「正統元年春正月初吉阿育王山利禪寺住持頥菴釋宗體原序」とあり
跋末に「寳永丁亥九月九日 不肖遠孫祖縁謹跋」とあり
巻末刊語に「前天龍遠孫小比丘智悦 前相國遠孫小比丘 祖縁捐貲刋行」とあり
東(卷1): 龍湫和尚住甲州乾徳山惠林禪語録, 龍湫和尚住靈龜山臨川禪寺語録, 龍湫和尚再住臨川禪寺語録, 龍湫和尚住濃州雲龍山大興禪寺語録, 龍湫和尚住東山建仁禪寺語録(一鶚編), 龍湫和尚住山城州瑞龍山太平興國南禪禪寺語録, 龍湫和尚住山城州靈龜山天龍資聖禪寺語録(中序編), 龍湫和尚再住南禪寺語録. 西(卷2): 拈香, 陞座, 小佛事, 真讃, 拾遺, 後序, 慈聖院并壽寧院遺誡, 龍湫和尚行状
四周単辺無界9行18字注文双行, 内匡廓: 12.7×15.9cm, 白口無魚尾
朱点, 朱引あり 
南北: 隨得集 / (釋) 龍湫周澤著",日本語,和古書,,http://tify.sub.uni-goettingen.de/demo.html?manifest=https://archdataset.dl.itc.u-tokyo.ac.jp/manifest/4fce6d7c-717b-43ff-27cd-4b20181743d0.json,4fce6d7c-717b-43ff-27cd-4b20181743d0,https://iiif.dl.itc.u-tokyo.ac.jp/repo/s/koten,https://iiif.dl.itc.u-tokyo.ac.jp/repo/s/koten/document/4fce6d7c-717b-43ff-27cd-4b20181743d0,https://www.lib.u-tokyo.ac.jp/ja/library/contents/archives-top/reuse,https://iiif.dl.itc.u-tokyo.ac.jp/repo/files/medium/26bab8b962abc582943f5bee906ce3be6ad69350.jpg,https://iiif.dl.itc.u-tokyo.ac.jp/repo/api/items/1155952,"東京大学総合図書館 General Library, The University of Tokyo, JAPAN",http://iiif.io/api/presentation/2#rightToLeftDirection,,総合図書館所蔵古典籍,,,https://iiif.dl.itc.u-tokyo.ac.jp/repo/iiif/4fce6d7c-717b-43ff-27cd-4b20181743d0/manifest,,,,,69
龍湫和尚語録 西,A00:6134,リュウシュウ オショウ ゴロク,"龍湫録,七會録",(釋) 龍湫 [述] ; (釋) 玄中 [ほか] 校,[京] : 関仲智悦 : 別宗祖縁,1707,寳永4 跋,2巻(4冊)附隨得集1巻,,28×20cm,"書名は題簽による版心の書名: 龍湫録
跋中の書名: 七會録
序末に「正統元年春正月初吉阿育王山利禪寺住持頥菴釋宗體原序」とあり
跋末に「寳永丁亥九月九日 不肖遠孫祖縁謹跋」とあり
巻末刊語に「前天龍遠孫小比丘智悦 前相國遠孫小比丘 祖縁捐貲刋行」とあり
東(卷1): 龍湫和尚住甲州乾徳山惠林禪語録, 龍湫和尚住靈龜山臨川禪寺語録, 龍湫和尚再住臨川禪寺語録, 龍湫和尚住濃州雲龍山大興禪寺語録, 龍湫和尚住東山建仁禪寺語録(一鶚編), 龍湫和尚住山城州瑞龍山太平興國南禪禪寺語録, 龍湫和尚住山城州靈龜山天龍資聖禪寺語録(中序編), 龍湫和尚再住南禪寺語録. 西(卷2): 拈香, 陞座, 小佛事, 真讃, 拾遺, 後序, 慈聖院并壽寧院遺誡, 龍湫和尚行状
四周単辺無界9行18字注文双行, 内匡廓: 12.7×15.9cm, 白口無魚尾
朱点, 朱引あり 
南北: 隨得集 / (釋) 龍湫周澤著",日本語,和古書,,http://tify.sub.uni-goettingen.de/demo.html?manifest=https://archdataset.dl.itc.u-tokyo.ac.jp/manifest/a27fbb19-01c2-0c08-59de-5c30120f786a.json,a27fbb19-01c2-0c08-59de-5c30120f786a,https://iiif.dl.itc.u-tokyo.ac.jp/repo/s/koten,https://iiif.dl.itc.u-tokyo.ac.jp/repo/s/koten/document/a27fbb19-01c2-0c08-59de-5c30120f786a,https://www.lib.u-tokyo.ac.jp/ja/library/contents/archives-top/reuse,https://iiif.dl.itc.u-tokyo.ac.jp/repo/files/medium/e92ffa0181956cb7639f9bb6236b60620ac7f0b4.jpg,https://iiif.dl.itc.u-tokyo.ac.jp/repo/api/items/1155953,"東京大学総合図書館 General Library, The University of Tokyo, JAPAN",http://iiif.io/api/presentation/2#rightToLeftDirection,,総合図書館所蔵古典籍,,,https://iiif.dl.itc.u-tokyo.ac.jp/repo/iiif/a27fbb19-01c2-0c08-59de-5c30120f786a/manifest,,,,,68
龍湫和尚語録 南,A00:6134,リュウシュウ オショウ ゴロク,"龍湫録,七會録",(釋) 龍湫 [述] ; (釋) 玄中 [ほか] 校,[京] : 関仲智悦 : 別宗祖縁,1707,寳永4 跋,2巻(4冊)附隨得集1巻,,28×20cm,"書名は題簽による版心の書名: 龍湫録
跋中の書名: 七會録
序末に「正統元年春正月初吉阿育王山利禪寺住持頥菴釋宗體原序」とあり
跋末に「寳永丁亥九月九日 不肖遠孫祖縁謹跋」とあり
巻末刊語に「前天龍遠孫小比丘智悦 前相國遠孫小比丘 祖縁捐貲刋行」とあり
東(卷1): 龍湫和尚住甲州乾徳山惠林禪語録, 龍湫和尚住靈龜山臨川禪寺語録, 龍湫和尚再住臨川禪寺語録, 龍湫和尚住濃州雲龍山大興禪寺語録, 龍湫和尚住東山建仁禪寺語録(一鶚編), 龍湫和尚住山城州瑞龍山太平興國南禪禪寺語録, 龍湫和尚住山城州靈龜山天龍資聖禪寺語録(中序編), 龍湫和尚再住南禪寺語録. 西(卷2): 拈香, 陞座, 小佛事, 真讃, 拾遺, 後序, 慈聖院并壽寧院遺誡, 龍湫和尚行状
四周単辺無界9行18字注文双行, 内匡廓: 12.7×15.9cm, 白口無魚尾
朱点, 朱引あり 
南北: 隨得集 / (釋) 龍湫周澤著",日本語,和古書,,http://tify.sub.uni-goettingen.de/demo.html?manifest=https://archdataset.dl.itc.u-tokyo.ac.jp/manifest/3350ff6f-9bb7-6703-0739-7f82c15d999f.json,3350ff6f-9bb7-6703-0739-7f82c15d999f,https://iiif.dl.itc.u-tokyo.ac.jp/repo/s/koten,https://iiif.dl.itc.u-tokyo.ac.jp/repo/s/koten/document/3350ff6f-9bb7-6703-0739-7f82c15d999f,https://www.lib.u-tokyo.ac.jp/ja/library/contents/archives-top/reuse,https://iiif.dl.itc.u-tokyo.ac.jp/repo/files/medium/2c972687ac4c27ff4aa68ae9ef3b07d02c6c7987.jpg,https://iiif.dl.itc.u-tokyo.ac.jp/repo/api/items/1155954,"東京大学総合図書館 General Library, The University of Tokyo, JAPAN",http://iiif.io/api/presentation/2#rightToLeftDirection,,総合図書館所蔵古典籍,,,https://iiif.dl.itc.u-tokyo.ac.jp/repo/iiif/3350ff6f-9bb7-6703-0739-7f82c15d999f/manifest,,,,,52
龍湫和尚語録 北,A00:6134,リュウシュウ オショウ ゴロク,"龍湫録,七會録",(釋) 龍湫 [述] ; (釋) 玄中 [ほか] 校,[京] : 関仲智悦 : 別宗祖縁,1707,寳永4 跋,2巻(4冊)附隨得集1巻,,28×20cm,"書名は題簽による版心の書名: 龍湫録
跋中の書名: 七會録
序末に「正統元年春正月初吉阿育王山利禪寺住持頥菴釋宗體原序」とあり
跋末に「寳永丁亥九月九日 不肖遠孫祖縁謹跋」とあり
巻末刊語に「前天龍遠孫小比丘智悦 前相國遠孫小比丘 祖縁捐貲刋行」とあり
東(卷1): 龍湫和尚住甲州乾徳山惠林禪語録, 龍湫和尚住靈龜山臨川禪寺語録, 龍湫和尚再住臨川禪寺語録, 龍湫和尚住濃州雲龍山大興禪寺語録, 龍湫和尚住東山建仁禪寺語録(一鶚編), 龍湫和尚住山城州瑞龍山太平興國南禪禪寺語録, 龍湫和尚住山城州靈龜山天龍資聖禪寺語録(中序編), 龍湫和尚再住南禪寺語録. 西(卷2): 拈香, 陞座, 小佛事, 真讃, 拾遺, 後序, 慈聖院并壽寧院遺誡, 龍湫和尚行状
四周単辺無界9行18字注文双行, 内匡廓: 12.7×15.9cm, 白口無魚尾
朱点, 朱引あり 
南北: 隨得集 / (釋) 龍湫周澤著",日本語,和古書,,http://tify.sub.uni-goettingen.de/demo.html?manifest=https://archdataset.dl.itc.u-tokyo.ac.jp/manifest/33acc076-4d56-1a29-7258-4c3c787e19c5.json,33acc076-4d56-1a29-7258-4c3c787e19c5,https://iiif.dl.itc.u-tokyo.ac.jp/repo/s/koten,https://iiif.dl.itc.u-tokyo.ac.jp/repo/s/koten/document/33acc076-4d56-1a29-7258-4c3c787e19c5,https://www.lib.u-tokyo.ac.jp/ja/library/contents/archives-top/reuse,https://iiif.dl.itc.u-tokyo.ac.jp/repo/files/medium/1fb9828c72a383857930f0e907d5effdd00e23b9.jpg,https://iiif.dl.itc.u-tokyo.ac.jp/repo/api/items/1155955,"東京大学総合図書館 General Library, The University of Tokyo, JAPAN",http://iiif.io/api/presentation/2#rightToLeftDirection,,総合図書館所蔵古典籍,,,https://iiif.dl.itc.u-tokyo.ac.jp/repo/iiif/33acc076-4d56-1a29-7258-4c3c787e19c5/manifest,,,,,50
"歴代殘闕日記 6: 光明院御記, 後光嚴院御記, 後小松院宸記, 天聴集.",A00:6257,レキダイ ザンケツ ニッキ,,[黒川春村編],[書写地不明] : [書写者不明],[1858],[安政5],127巻目録1巻 (存29巻),写本,28×20cm,"責任表示及び書写年は『日本古典籍総合目録データベース』による28末の原奥書に「右山丞記依 仰挍合書冩/享和二年四月 日撿挍保己一」とあり
50「正安二年八月十一日於仙洞被始行熾盛光法」末の原奥書に「文化十五年春二月以南山法曼院藏夲書冩之 撿挍保己一」とあり
横刷毛目表紙を使用
朱点, 朱引, 朱墨筆書き入れあり
付箋あり
蔵書印主信濃須坂藩主堀直格の命によって編集された古記録
他の原本は関東大震災により焼失
極札に「桂壽」(6), 「尚信」(53)との極書, 「武清」(44, 53), 「永海」(51), 「了伴」(52), 「了甫」(74), 「定時」(84, 88)との極印あり
印記: 「花廼家文庫」, 「墨阪十一代主寫藏記」(堀直格(1806-1880)), 「東京大學法理文學部書庫所藏」, 「閲覧室用 FOR USE IN THE READING ROOM」
虫損あり",日本語,和古書,,http://tify.sub.uni-goettingen.de/demo.html?manifest=https://archdataset.dl.itc.u-tokyo.ac.jp/manifest/fae0133c-6cb5-7b10-6668-84fe65f79271.json,fae0133c-6cb5-7b10-6668-84fe65f79271,https://iiif.dl.itc.u-tokyo.ac.jp/repo/s/koten,https://iiif.dl.itc.u-tokyo.ac.jp/repo/s/koten/document/fae0133c-6cb5-7b10-6668-84fe65f79271,https://www.lib.u-tokyo.ac.jp/ja/library/contents/archives-top/reuse,https://iiif.dl.itc.u-tokyo.ac.jp/repo/files/medium/7c494ef5e1a42dfb7050defd9693534a5e52b922.jpg,https://iiif.dl.itc.u-tokyo.ac.jp/repo/api/items/1155956,"東京大学総合図書館 General Library, The University of Tokyo, JAPAN",http://iiif.io/api/presentation/2#rightToLeftDirection,,総合図書館所蔵古典籍,,,https://iiif.dl.itc.u-tokyo.ac.jp/repo/iiif/fae0133c-6cb5-7b10-6668-84fe65f79271/manifest,,,,,69
歴代殘闕日記 28: 参議藤定長卿記 : 稱山丞記.,A00:6257,レキダイ ザンケツ ニッキ,,[黒川春村編],[書写地不明] : [書写者不明],[1858],[安政5],127巻目録1巻 (存29巻),写本,28×20cm,"責任表示及び書写年は『日本古典籍総合目録データベース』による28末の原奥書に「右山丞記依 仰挍合書冩/享和二年四月 日撿挍保己一」とあり
50「正安二年八月十一日於仙洞被始行熾盛光法」末の原奥書に「文化十五年春二月以南山法曼院藏夲書冩之 撿挍保己一」とあり
横刷毛目表紙を使用
朱点, 朱引, 朱墨筆書き入れあり
付箋あり
蔵書印主信濃須坂藩主堀直格の命によって編集された古記録
他の原本は関東大震災により焼失
極札に「桂壽」(6), 「尚信」(53)との極書, 「武清」(44, 53), 「永海」(51), 「了伴」(52), 「了甫」(74), 「定時」(84, 88)との極印あり
印記: 「花廼家文庫」, 「墨阪十一代主寫藏記」(堀直格(1806-1880)), 「東京大學法理文學部書庫所藏」, 「閲覧室用 FOR USE IN THE READING ROOM」
虫損あり",日本語,和古書,,http://tify.sub.uni-goettingen.de/demo.html?manifest=https://archdataset.dl.itc.u-tokyo.ac.jp/manifest/458394f9-7ead-0ba0-6930-12ac6f37008f.json,458394f9-7ead-0ba0-6930-12ac6f37008f,https://iiif.dl.itc.u-tokyo.ac.jp/repo/s/koten,https://iiif.dl.itc.u-tokyo.ac.jp/repo/s/koten/document/458394f9-7ead-0ba0-6930-12ac6f37008f,https://www.lib.u-tokyo.ac.jp/ja/library/contents/archives-top/reuse,https://iiif.dl.itc.u-tokyo.ac.jp/repo/files/medium/bb36f76bab4b56cc4c22efda6a9882e6ce5f2db2.jpg,https://iiif.dl.itc.u-tokyo.ac.jp/repo/api/items/1155957,"東京大学総合図書館 General Library, The University of Tokyo, JAPAN",http://iiif.io/api/presentation/2#rightToLeftDirection,,総合図書館所蔵古典籍,,,https://iiif.dl.itc.u-tokyo.ac.jp/repo/iiif/458394f9-7ead-0ba0-6930-12ac6f37008f/manifest,,,,,73
"歴代殘闕日記 37: 定高卿記, 晴御会部類記, 家光卿御記, 權中納言平範輔卿記.",A00:6257,レキダイ ザンケツ ニッキ,,[黒川春村編],[書写地不明] : [書写者不明],[1858],[安政5],127巻目録1巻 (存29巻),写本,28×20cm,"責任表示及び書写年は『日本古典籍総合目録データベース』による28末の原奥書に「右山丞記依 仰挍合書冩/享和二年四月 日撿挍保己一」とあり
50「正安二年八月十一日於仙洞被始行熾盛光法」末の原奥書に「文化十五年春二月以南山法曼院藏夲書冩之 撿挍保己一」とあり
横刷毛目表紙を使用
朱点, 朱引, 朱墨筆書き入れあり
付箋あり
蔵書印主信濃須坂藩主堀直格の命によって編集された古記録
他の原本は関東大震災により焼失
極札に「桂壽」(6), 「尚信」(53)との極書, 「武清」(44, 53), 「永海」(51), 「了伴」(52), 「了甫」(74), 「定時」(84, 88)との極印あり
印記: 「花廼家文庫」, 「墨阪十一代主寫藏記」(堀直格(1806-1880)), 「東京大學法理文學部書庫所藏」, 「閲覧室用 FOR USE IN THE READING ROOM」
虫損あり",日本語,和古書,,http://tify.sub.uni-goettingen.de/demo.html?manifest=https://archdataset.dl.itc.u-tokyo.ac.jp/manifest/7f9c8de9-0021-53a0-5c64-d8650c308ad4.json,7f9c8de9-0021-53a0-5c64-d8650c308ad4,https://iiif.dl.itc.u-tokyo.ac.jp/repo/s/koten,https://iiif.dl.itc.u-tokyo.ac.jp/repo/s/koten/document/7f9c8de9-0021-53a0-5c64-d8650c308ad4,https://www.lib.u-tokyo.ac.jp/ja/library/contents/archives-top/reuse,https://iiif.dl.itc.u-tokyo.ac.jp/repo/files/medium/c0bfc0bd383053afe25c5b57b70f3ae14cbd779e.jpg,https://iiif.dl.itc.u-tokyo.ac.jp/repo/api/items/1155958,"東京大学総合図書館 General Library, The University of Tokyo, JAPAN",http://iiif.io/api/presentation/2#rightToLeftDirection,,総合図書館所蔵古典籍,,,https://iiif.dl.itc.u-tokyo.ac.jp/repo/iiif/7f9c8de9-0021-53a0-5c64-d8650c308ad4/manifest,,,,,49
"歴代殘闕日記 38: 左大史小槻季継記, 後堀川安貞二年放生會(実基公記), 石清水八幡宮, 弁官拝賀次第.",A00:6257,レキダイ ザンケツ ニッキ,,[黒川春村編],[書写地不明] : [書写者不明],[1858],[安政5],127巻目録1巻 (存29巻),写本,28×20cm,"責任表示及び書写年は『日本古典籍総合目録データベース』による28末の原奥書に「右山丞記依 仰挍合書冩/享和二年四月 日撿挍保己一」とあり
50「正安二年八月十一日於仙洞被始行熾盛光法」末の原奥書に「文化十五年春二月以南山法曼院藏夲書冩之 撿挍保己一」とあり
横刷毛目表紙を使用
朱点, 朱引, 朱墨筆書き入れあり
付箋あり
蔵書印主信濃須坂藩主堀直格の命によって編集された古記録
他の原本は関東大震災により焼失
極札に「桂壽」(6), 「尚信」(53)との極書, 「武清」(44, 53), 「永海」(51), 「了伴」(52), 「了甫」(74), 「定時」(84, 88)との極印あり
印記: 「花廼家文庫」, 「墨阪十一代主寫藏記」(堀直格(1806-1880)), 「東京大學法理文學部書庫所藏」, 「閲覧室用 FOR USE IN THE READING ROOM」
虫損あり",日本語,和古書,,http://tify.sub.uni-goettingen.de/demo.html?manifest=https://archdataset.dl.itc.u-tokyo.ac.jp/manifest/89a41b8e-12a8-4b2a-a7a8-c1c685928496.json,89a41b8e-12a8-4b2a-a7a8-c1c685928496,https://iiif.dl.itc.u-tokyo.ac.jp/repo/s/koten,https://iiif.dl.itc.u-tokyo.ac.jp/repo/s/koten/document/89a41b8e-12a8-4b2a-a7a8-c1c685928496,https://www.lib.u-tokyo.ac.jp/ja/library/contents/archives-top/reuse,https://iiif.dl.itc.u-tokyo.ac.jp/repo/files/medium/659c1025b0389cc8af416b029ea5538f32a1120d.jpg,https://iiif.dl.itc.u-tokyo.ac.jp/repo/api/items/1155959,"東京大学総合図書館 General Library, The University of Tokyo, JAPAN",http://iiif.io/api/presentation/2#rightToLeftDirection,,総合図書館所蔵古典籍,,,https://iiif.dl.itc.u-tokyo.ac.jp/repo/iiif/89a41b8e-12a8-4b2a-a7a8-c1c685928496/manifest,,,,,51
"歴代殘闕日記 39: 大外記師光記, 資季卿記, 荒凉記, 忠高卿記.",A00:6257,レキダイ ザンケツ ニッキ,,[黒川春村編],[書写地不明] : [書写者不明],[1858],[安政5],127巻目録1巻 (存29巻),写本,28×20cm,"責任表示及び書写年は『日本古典籍総合目録データベース』による28末の原奥書に「右山丞記依 仰挍合書冩/享和二年四月 日撿挍保己一」とあり
50「正安二年八月十一日於仙洞被始行熾盛光法」末の原奥書に「文化十五年春二月以南山法曼院藏夲書冩之 撿挍保己一」とあり
横刷毛目表紙を使用
朱点, 朱引, 朱墨筆書き入れあり
付箋あり
蔵書印主信濃須坂藩主堀直格の命によって編集された古記録
他の原本は関東大震災により焼失
極札に「桂壽」(6), 「尚信」(53)との極書, 「武清」(44, 53), 「永海」(51), 「了伴」(52), 「了甫」(74), 「定時」(84, 88)との極印あり
印記: 「花廼家文庫」, 「墨阪十一代主寫藏記」(堀直格(1806-1880)), 「東京大學法理文學部書庫所藏」, 「閲覧室用 FOR USE IN THE READING ROOM」
虫損あり",日本語,和古書,,http://tify.sub.uni-goettingen.de/demo.html?manifest=https://archdataset.dl.itc.u-tokyo.ac.jp/manifest/d0005c00-7c2a-48e4-3ea4-adf840776ad2.json,d0005c00-7c2a-48e4-3ea4-adf840776ad2,https://iiif.dl.itc.u-tokyo.ac.jp/repo/s/koten,https://iiif.dl.itc.u-tokyo.ac.jp/repo/s/koten/document/d0005c00-7c2a-48e4-3ea4-adf840776ad2,https://www.lib.u-tokyo.ac.jp/ja/library/contents/archives-top/reuse,https://iiif.dl.itc.u-tokyo.ac.jp/repo/files/medium/a103f7e404132600667f297e737110dcd7d6eea1.jpg,https://iiif.dl.itc.u-tokyo.ac.jp/repo/api/items/1155960,"東京大学総合図書館 General Library, The University of Tokyo, JAPAN",http://iiif.io/api/presentation/2#rightToLeftDirection,,総合図書館所蔵古典籍,,,https://iiif.dl.itc.u-tokyo.ac.jp/repo/iiif/d0005c00-7c2a-48e4-3ea4-adf840776ad2/manifest,,,,,66
"歴代殘闕日記 40: 冷泉公相公記, 勝延法眼記 : 東寺大行事, 後中記 : 小路中納言資頼卿記葉室.",A00:6257,レキダイ ザンケツ ニッキ,,[黒川春村編],[書写地不明] : [書写者不明],[1858],[安政5],127巻目録1巻 (存29巻),写本,28×20cm,"責任表示及び書写年は『日本古典籍総合目録データベース』による28末の原奥書に「右山丞記依 仰挍合書冩/享和二年四月 日撿挍保己一」とあり
50「正安二年八月十一日於仙洞被始行熾盛光法」末の原奥書に「文化十五年春二月以南山法曼院藏夲書冩之 撿挍保己一」とあり
横刷毛目表紙を使用
朱点, 朱引, 朱墨筆書き入れあり
付箋あり
蔵書印主信濃須坂藩主堀直格の命によって編集された古記録
他の原本は関東大震災により焼失
極札に「桂壽」(6), 「尚信」(53)との極書, 「武清」(44, 53), 「永海」(51), 「了伴」(52), 「了甫」(74), 「定時」(84, 88)との極印あり
印記: 「花廼家文庫」, 「墨阪十一代主寫藏記」(堀直格(1806-1880)), 「東京大學法理文學部書庫所藏」, 「閲覧室用 FOR USE IN THE READING ROOM」
虫損あり",日本語,和古書,,http://tify.sub.uni-goettingen.de/demo.html?manifest=https://archdataset.dl.itc.u-tokyo.ac.jp/manifest/2d95ff3f-9cab-634c-7cb6-bfca71747be9.json,2d95ff3f-9cab-634c-7cb6-bfca71747be9,https://iiif.dl.itc.u-tokyo.ac.jp/repo/s/koten,https://iiif.dl.itc.u-tokyo.ac.jp/repo/s/koten/document/2d95ff3f-9cab-634c-7cb6-bfca71747be9,https://www.lib.u-tokyo.ac.jp/ja/library/contents/archives-top/reuse,https://iiif.dl.itc.u-tokyo.ac.jp/repo/files/medium/1c874e610da44569fbaa14ad039e9a1264641af4.jpg,https://iiif.dl.itc.u-tokyo.ac.jp/repo/api/items/1155961,"東京大学総合図書館 General Library, The University of Tokyo, JAPAN",http://iiif.io/api/presentation/2#rightToLeftDirection,,総合図書館所蔵古典籍,,,https://iiif.dl.itc.u-tokyo.ac.jp/repo/iiif/2d95ff3f-9cab-634c-7cb6-bfca71747be9/manifest,,,,,71
"歴代殘闕日記 41: 中光記, 師兼記, 陽龍記.",A00:6257,レキダイ ザンケツ ニッキ,,[黒川春村編],[書写地不明] : [書写者不明],[1858],[安政5],127巻目録1巻 (存29巻),写本,28×20cm,"責任表示及び書写年は『日本古典籍総合目録データベース』による28末の原奥書に「右山丞記依 仰挍合書冩/享和二年四月 日撿挍保己一」とあり
50「正安二年八月十一日於仙洞被始行熾盛光法」末の原奥書に「文化十五年春二月以南山法曼院藏夲書冩之 撿挍保己一」とあり
横刷毛目表紙を使用
朱点, 朱引, 朱墨筆書き入れあり
付箋あり
蔵書印主信濃須坂藩主堀直格の命によって編集された古記録
他の原本は関東大震災により焼失
極札に「桂壽」(6), 「尚信」(53)との極書, 「武清」(44, 53), 「永海」(51), 「了伴」(52), 「了甫」(74), 「定時」(84, 88)との極印あり
印記: 「花廼家文庫」, 「墨阪十一代主寫藏記」(堀直格(1806-1880)), 「東京大學法理文學部書庫所藏」, 「閲覧室用 FOR USE IN THE READING ROOM」
虫損あり",日本語,和古書,,http://tify.sub.uni-goettingen.de/demo.html?manifest=https://archdataset.dl.itc.u-tokyo.ac.jp/manifest/9f9759ea-8270-0640-6168-09a338ef5c41.json,9f9759ea-8270-0640-6168-09a338ef5c41,https://iiif.dl.itc.u-tokyo.ac.jp/repo/s/koten,https://iiif.dl.itc.u-tokyo.ac.jp/repo/s/koten/document/9f9759ea-8270-0640-6168-09a338ef5c41,https://www.lib.u-tokyo.ac.jp/ja/library/contents/archives-top/reuse,https://iiif.dl.itc.u-tokyo.ac.jp/repo/files/medium/bed3ab20563422901eae435aa7a8b7131293112a.jpg,https://iiif.dl.itc.u-tokyo.ac.jp/repo/api/items/1155962,"東京大学総合図書館 General Library, The University of Tokyo, JAPAN",http://iiif.io/api/presentation/2#rightToLeftDirection,,総合図書館所蔵古典籍,,,https://iiif.dl.itc.u-tokyo.ac.jp/repo/iiif/9f9759ea-8270-0640-6168-09a338ef5c41/manifest,,,,,67
"歴代殘闕日記 43: 寳治二年記, 深心院關白記, 藤公親記, 照念院関白兼平公記.",A00:6257,レキダイ ザンケツ ニッキ,,[黒川春村編],[書写地不明] : [書写者不明],[1858],[安政5],127巻目録1巻 (存29巻),写本,28×20cm,"責任表示及び書写年は『日本古典籍総合目録データベース』による28末の原奥書に「右山丞記依 仰挍合書冩/享和二年四月 日撿挍保己一」とあり
50「正安二年八月十一日於仙洞被始行熾盛光法」末の原奥書に「文化十五年春二月以南山法曼院藏夲書冩之 撿挍保己一」とあり
横刷毛目表紙を使用
朱点, 朱引, 朱墨筆書き入れあり
付箋あり
蔵書印主信濃須坂藩主堀直格の命によって編集された古記録
他の原本は関東大震災により焼失
極札に「桂壽」(6), 「尚信」(53)との極書, 「武清」(44, 53), 「永海」(51), 「了伴」(52), 「了甫」(74), 「定時」(84, 88)との極印あり
印記: 「花廼家文庫」, 「墨阪十一代主寫藏記」(堀直格(1806-1880)), 「東京大學法理文學部書庫所藏」, 「閲覧室用 FOR USE IN THE READING ROOM」
虫損あり",日本語,和古書,,http://tify.sub.uni-goettingen.de/demo.html?manifest=https://archdataset.dl.itc.u-tokyo.ac.jp/manifest/376ccd5c-5f80-2d13-6584-806b9f105ff1.json,376ccd5c-5f80-2d13-6584-806b9f105ff1,https://iiif.dl.itc.u-tokyo.ac.jp/repo/s/koten,https://iiif.dl.itc.u-tokyo.ac.jp/repo/s/koten/document/376ccd5c-5f80-2d13-6584-806b9f105ff1,https://www.lib.u-tokyo.ac.jp/ja/library/contents/archives-top/reuse,https://iiif.dl.itc.u-tokyo.ac.jp/repo/files/medium/468fa863071bd43f473db82db5a0a7abc8f034bf.jpg,https://iiif.dl.itc.u-tokyo.ac.jp/repo/api/items/1155964,"東京大学総合図書館 General Library, The University of Tokyo, JAPAN",http://iiif.io/api/presentation/2#rightToLeftDirection,,総合図書館所蔵古典籍,,,https://iiif.dl.itc.u-tokyo.ac.jp/repo/iiif/376ccd5c-5f80-2d13-6584-806b9f105ff1/manifest,,,,,62
"歴代殘闕日記 45: 大嘗會御禊節下次第, 建治三年丁丑日記 : 三善康有, 建治四年正月廿一日 : 徳大寺大相國公孝記, 冬定卿記, 左大史小槻兼文記",A00:6257,レキダイ ザンケツ ニッキ,,[黒川春村編],[書写地不明] : [書写者不明],[1858],[安政5],127巻目録1巻 (存29巻),写本,28×20cm,"責任表示及び書写年は『日本古典籍総合目録データベース』による28末の原奥書に「右山丞記依 仰挍合書冩/享和二年四月 日撿挍保己一」とあり
50「正安二年八月十一日於仙洞被始行熾盛光法」末の原奥書に「文化十五年春二月以南山法曼院藏夲書冩之 撿挍保己一」とあり
横刷毛目表紙を使用
朱点, 朱引, 朱墨筆書き入れあり
付箋あり
蔵書印主信濃須坂藩主堀直格の命によって編集された古記録
他の原本は関東大震災により焼失
極札に「桂壽」(6), 「尚信」(53)との極書, 「武清」(44, 53), 「永海」(51), 「了伴」(52), 「了甫」(74), 「定時」(84, 88)との極印あり
印記: 「花廼家文庫」, 「墨阪十一代主寫藏記」(堀直格(1806-1880)), 「東京大學法理文學部書庫所藏」, 「閲覧室用 FOR USE IN THE READING ROOM」
虫損あり",日本語,和古書,,http://tify.sub.uni-goettingen.de/demo.html?manifest=https://archdataset.dl.itc.u-tokyo.ac.jp/manifest/9690d007-2196-1efc-6be3-17c0d4af2eb4.json,9690d007-2196-1efc-6be3-17c0d4af2eb4,https://iiif.dl.itc.u-tokyo.ac.jp/repo/s/koten,https://iiif.dl.itc.u-tokyo.ac.jp/repo/s/koten/document/9690d007-2196-1efc-6be3-17c0d4af2eb4,https://www.lib.u-tokyo.ac.jp/ja/library/contents/archives-top/reuse,https://iiif.dl.itc.u-tokyo.ac.jp/repo/files/medium/bc2c2a7ec87ef94ff6e303e8e196997693ec375a.jpg,https://iiif.dl.itc.u-tokyo.ac.jp/repo/api/items/1155966,"東京大学総合図書館 General Library, The University of Tokyo, JAPAN",http://iiif.io/api/presentation/2#rightToLeftDirection,,総合図書館所蔵古典籍,,,https://iiif.dl.itc.u-tokyo.ac.jp/repo/iiif/9690d007-2196-1efc-6be3-17c0d4af2eb4/manifest,,,,,60
江戸町鑒 上,鴎SJ:6,エド マチカガミ,町鑑,松栢堂主人[校訂],江戸 : [出雲寺和泉掾],[1854][刊],[嘉永7][刊],2冊,,8×19cm,書名は見返しによる|題簽(墨書)の書名: 町鑑|四周単辺無界,日本語,和古書,鴎外文庫,http://tify.sub.uni-goettingen.de/demo.html?manifest=https://archdataset.dl.itc.u-tokyo.ac.jp/manifest/336fdad6-0a73-4798-2b74-cd7bf7c4a693.json,336fdad6-0a73-4798-2b74-cd7bf7c4a693,https://iiif.dl.itc.u-tokyo.ac.jp/repo/s/koten,https://iiif.dl.itc.u-tokyo.ac.jp/repo/s/koten/document/336fdad6-0a73-4798-2b74-cd7bf7c4a693,https://www.lib.u-tokyo.ac.jp/ja/library/contents/archives-top/reuse,https://iiif.dl.itc.u-tokyo.ac.jp/repo/files/medium/1934a03c975989d55e0561e66be5b81241165ebc.jpg,https://iiif.dl.itc.u-tokyo.ac.jp/repo/api/items/1155831,"東京大学総合図書館 General Library, The University of Tokyo, JAPAN",http://iiif.io/api/presentation/2#rightToLeftDirection,,総合図書館所蔵古典籍,,,https://iiif.dl.itc.u-tokyo.ac.jp/repo/iiif/336fdad6-0a73-4798-2b74-cd7bf7c4a693/manifest,,,,,90
江戸町鑒 下,鴎SJ:6,エド マチカガミ,町鑑,松栢堂主人[校訂],江戸 : [出雲寺和泉掾],[1854][刊],[嘉永7][刊],2冊,,8×19cm,書名は見返しによる|題簽(墨書)の書名: 町鑑|四周単辺無界,日本語,和古書,鴎外文庫,http://tify.sub.uni-goettingen.de/demo.html?manifest=https://archdataset.dl.itc.u-tokyo.ac.jp/manifest/4ddcb4c4-8912-6e6c-445f-3abd206125a4.json,4ddcb4c4-8912-6e6c-445f-3abd206125a4,https://iiif.dl.itc.u-tokyo.ac.jp/repo/s/koten,https://iiif.dl.itc.u-tokyo.ac.jp/repo/s/koten/document/4ddcb4c4-8912-6e6c-445f-3abd206125a4,https://www.lib.u-tokyo.ac.jp/ja/library/contents/archives-top/reuse,https://iiif.dl.itc.u-tokyo.ac.jp/repo/files/medium/a8bfffdd66df4311dde1250d497619a0686dd795.jpg,https://iiif.dl.itc.u-tokyo.ac.jp/repo/api/items/1155832,"東京大学総合図書館 General Library, The University of Tokyo, JAPAN",http://iiif.io/api/presentation/2#rightToLeftDirection,,総合図書館所蔵古典籍,,,https://iiif.dl.itc.u-tokyo.ac.jp/repo/iiif/4ddcb4c4-8912-6e6c-445f-3abd206125a4/manifest,,,,,92
町鑑,鴎SJ:8,マチカガミ,御江戸昌平町鑒,,[江戸] : 三河屋甚助 : 太田屋佐吉,[1844][刊],天保15.8[刊],1冊,,7×16cm,見返しの書名: 御江戸昌平町鑒|二色刷り|四周単辺有界,日本語,和古書,鴎外文庫,http://tify.sub.uni-goettingen.de/demo.html?manifest=https://archdataset.dl.itc.u-tokyo.ac.jp/manifest/3c7a95b1-0726-3bdd-86b8-4e843cf03f68.json,3c7a95b1-0726-3bdd-86b8-4e843cf03f68,https://iiif.dl.itc.u-tokyo.ac.jp/repo/s/koten,https://iiif.dl.itc.u-tokyo.ac.jp/repo/s/koten/document/3c7a95b1-0726-3bdd-86b8-4e843cf03f68,https://www.lib.u-tokyo.ac.jp/ja/library/contents/archives-top/reuse,https://iiif.dl.itc.u-tokyo.ac.jp/repo/files/medium/574b7567770a0971edfd6095f37956c8b3277e0c.jpg,https://iiif.dl.itc.u-tokyo.ac.jp/repo/api/items/1155833,"東京大学総合図書館 General Library, The University of Tokyo, JAPAN",http://iiif.io/api/presentation/2#rightToLeftDirection,,総合図書館所蔵古典籍,,,https://iiif.dl.itc.u-tokyo.ac.jp/repo/iiif/3c7a95b1-0726-3bdd-86b8-4e843cf03f68/manifest,,,,,143
光明真言假名抄,鴎C40:832,コウミョウ シンゴン カナショウ,,宥哲書,[書写地不明] : [書写者不明],不明,[書写年不明],1冊,写本,23cm,巻末に「延寳己未夏首」とあるものの写|無辺無界,日本語,和古書,鴎外文庫,http://tify.sub.uni-goettingen.de/demo.html?manifest=https://archdataset.dl.itc.u-tokyo.ac.jp/manifest/4d0b94c9-65a4-4108-6d90-e80184a01b0a.json,4d0b94c9-65a4-4108-6d90-e80184a01b0a,https://iiif.dl.itc.u-tokyo.ac.jp/repo/s/koten,https://iiif.dl.itc.u-tokyo.ac.jp/repo/s/koten/document/4d0b94c9-65a4-4108-6d90-e80184a01b0a,https://www.lib.u-tokyo.ac.jp/ja/library/contents/archives-top/reuse,https://iiif.dl.itc.u-tokyo.ac.jp/repo/files/medium/3f5cfbd0d8280d5370d82d5410c56e0b86a9876f.jpg,https://iiif.dl.itc.u-tokyo.ac.jp/repo/api/items/1155834,"東京大学総合図書館 General Library, The University of Tokyo, JAPAN",http://iiif.io/api/presentation/2#rightToLeftDirection,,総合図書館所蔵古典籍,,,https://iiif.dl.itc.u-tokyo.ac.jp/repo/iiif/4d0b94c9-65a4-4108-6d90-e80184a01b0a/manifest,,,,,15
長谷寺縁起文,C40:724,ハセデラ エンギモン,,菅原道真 [撰并書],[書写地不明] : [書写者不明],不明,[書写年不明],1帙1冊,写本,30cm,"印記: 「和學講談所」,「温故堂文庫」,「渡部文庫珍藏書印」|書き入れあり",日本語,和古書,渡部文庫,http://tify.sub.uni-goettingen.de/demo.html?manifest=https://archdataset.dl.itc.u-tokyo.ac.jp/manifest/408ec544-1e39-4758-4fbf-2c872de71b2d.json,408ec544-1e39-4758-4fbf-2c872de71b2d,https://iiif.dl.itc.u-tokyo.ac.jp/repo/s/koten,https://iiif.dl.itc.u-tokyo.ac.jp/repo/s/koten/document/408ec544-1e39-4758-4fbf-2c872de71b2d,https://www.lib.u-tokyo.ac.jp/ja/library/contents/archives-top/reuse,https://iiif.dl.itc.u-tokyo.ac.jp/repo/files/medium/39f9c773211b3fd757f202681c30f8bcc0d4e18e.jpg,https://iiif.dl.itc.u-tokyo.ac.jp/repo/api/items/1155835,"東京大学総合図書館 General Library, The University of Tokyo, JAPAN",http://iiif.io/api/presentation/2#rightToLeftDirection,,総合図書館所蔵古典籍,,,https://iiif.dl.itc.u-tokyo.ac.jp/repo/iiif/408ec544-1e39-4758-4fbf-2c872de71b2d/manifest,,,,,23
長谷寺縁起,C40:1258,ハセデラ エンギ,,不明,京都 : 藤壽軒,1721,享保6,2巻1冊,,23cm,刊記に「享保六辛丑五月吉日 京都書林 藤壽軒板行」とあり|印記: 「成田圖書」,日本語,和古書,中野本,http://tify.sub.uni-goettingen.de/demo.html?manifest=https://archdataset.dl.itc.u-tokyo.ac.jp/manifest/eed70a53-2d14-471a-9749-a805ed8d266b.json,eed70a53-2d14-471a-9749-a805ed8d266b,https://iiif.dl.itc.u-tokyo.ac.jp/repo/s/koten,https://iiif.dl.itc.u-tokyo.ac.jp/repo/s/koten/document/eed70a53-2d14-471a-9749-a805ed8d266b,https://www.lib.u-tokyo.ac.jp/ja/library/contents/archives-top/reuse,https://iiif.dl.itc.u-tokyo.ac.jp/repo/files/medium/09506670aad7bcebd122a1041c60caa50cafd3cd.jpg,https://iiif.dl.itc.u-tokyo.ac.jp/repo/api/items/1155836,"東京大学総合図書館 General Library, The University of Tokyo, JAPAN",http://iiif.io/api/presentation/2#rightToLeftDirection,,総合図書館所蔵古典籍,,,https://iiif.dl.itc.u-tokyo.ac.jp/repo/iiif/eed70a53-2d14-471a-9749-a805ed8d266b/manifest,,,,,29
光明真言字義功徳和解,C40:2459,コウミョウ シンゴン ジギ クドク ワゲ,光明真言和解,不明,武州 : 寳珠院,不明,不明,1冊,,20cm,付箋の書名(墨書): 光明真言和解|裏表紙に「武州六明八幡□村寳珠院印施」とあり|付箋あり|仮綴|印記: 「青洲文庫」,日本語,和古書,青洲文庫,http://tify.sub.uni-goettingen.de/demo.html?manifest=https://archdataset.dl.itc.u-tokyo.ac.jp/manifest/ba5f0f77-5a40-1459-12b1-928fcd2da0cf.json,ba5f0f77-5a40-1459-12b1-928fcd2da0cf,https://iiif.dl.itc.u-tokyo.ac.jp/repo/s/koten,https://iiif.dl.itc.u-tokyo.ac.jp/repo/s/koten/document/ba5f0f77-5a40-1459-12b1-928fcd2da0cf,https://www.lib.u-tokyo.ac.jp/ja/library/contents/archives-top/reuse,https://iiif.dl.itc.u-tokyo.ac.jp/repo/files/medium/fd06a9381c37ccb4d78ce22f1dc60f5b8ed1f994.jpg,https://iiif.dl.itc.u-tokyo.ac.jp/repo/api/items/1155837,"東京大学総合図書館 General Library, The University of Tokyo, JAPAN",http://iiif.io/api/presentation/2#rightToLeftDirection,,総合図書館所蔵古典籍,,,https://iiif.dl.itc.u-tokyo.ac.jp/repo/iiif/ba5f0f77-5a40-1459-12b1-928fcd2da0cf/manifest,,,,,12
古冩本茶乃湯珎書,YB20:49,コシャホン チャノユ チンショ,茶の湯珍書 : 古写本,瓢庵宗二 [傳],[書写地不明] : [書写者不明],不明,[江戸前期],1冊,写本,25cm,"書名は題簽による|帙背の書名: 茶の湯珍書 : 古寫本|奥書に「此所一巻之一大事也口傳密傳在之 ... 天正十八庚寅年三月吉日 瓢庵宗二/皆川山城守殿氣」とあり|印記: 「ニ酉閣」, 「枀□之印」, 「渡部文庫珍藏書印」|虫損あり (裏打ち補修あり)|著者別名:山上 宗二",日本語,和古書,渡部文庫,http://tify.sub.uni-goettingen.de/demo.html?manifest=https://archdataset.dl.itc.u-tokyo.ac.jp/manifest/24520a6b-7ba5-56dd-25c9-72b58538805a.json,24520a6b-7ba5-56dd-25c9-72b58538805a,https://iiif.dl.itc.u-tokyo.ac.jp/repo/s/koten,https://iiif.dl.itc.u-tokyo.ac.jp/repo/s/koten/document/24520a6b-7ba5-56dd-25c9-72b58538805a,https://www.lib.u-tokyo.ac.jp/ja/library/contents/archives-top/reuse,https://iiif.dl.itc.u-tokyo.ac.jp/repo/files/medium/b6c49ec82e4dea99ebda61d1bcc6c009ecf4b94c.jpg,https://iiif.dl.itc.u-tokyo.ac.jp/repo/api/items/1155838,"東京大学総合図書館 General Library, The University of Tokyo, JAPAN",http://iiif.io/api/presentation/2#rightToLeftDirection,,総合図書館所蔵古典籍,,,https://iiif.dl.itc.u-tokyo.ac.jp/repo/iiif/24520a6b-7ba5-56dd-25c9-72b58538805a/manifest,,,,,50
翰林葫蘆集 1,E45:943,カンリン コロシュウ,翰林胡蘆集,景徐周麟 [著],[書写地不明] : [書写者不明],不明,[書写年不明],5冊,写本,24cm,"書名は扉及び題簽による|[2],[4]の題簽の書名: 翰林胡蘆集|[4]の扉に「此一冊後年補寫」とあり|[1]-[4]: 詩. [5]: 賛|付箋あり|水損あり|挟みもの: [3]: 「内閣本 翰林胡芦詩集 巻二 ニ相当ス」とあるメモ1枚. [5]: 「内閣本 翰林胡芦詩集 巻四 ニ相当ス」とあるメモ1枚([5])",日本語,和古書,,http://tify.sub.uni-goettingen.de/demo.html?manifest=https://archdataset.dl.itc.u-tokyo.ac.jp/manifest/bdc5f1f8-560f-4ebe-0b81-8c8abdda9fe3.json,bdc5f1f8-560f-4ebe-0b81-8c8abdda9fe3,https://iiif.dl.itc.u-tokyo.ac.jp/repo/s/koten,https://iiif.dl.itc.u-tokyo.ac.jp/repo/s/koten/document/bdc5f1f8-560f-4ebe-0b81-8c8abdda9fe3,https://www.lib.u-tokyo.ac.jp/ja/library/contents/archives-top/reuse,https://iiif.dl.itc.u-tokyo.ac.jp/repo/files/medium/dedd3de3cbcf29dbd4fbe473e5eaada6d7ee184f.jpg,https://iiif.dl.itc.u-tokyo.ac.jp/repo/api/items/1155839,"東京大学総合図書館 General Library, The University of Tokyo, JAPAN",http://iiif.io/api/presentation/2#rightToLeftDirection,,総合図書館所蔵古典籍,,,https://iiif.dl.itc.u-tokyo.ac.jp/repo/iiif/bdc5f1f8-560f-4ebe-0b81-8c8abdda9fe3/manifest,,,,,67
翰林葫蘆集 2,E45:943,カンリン コロシュウ,翰林胡蘆集,景徐周麟 [著],[書写地不明] : [書写者不明],不明,[書写年不明],5冊,写本,24cm,"書名は扉及び題簽による|[2],[4]の題簽の書名: 翰林胡蘆集|[4]の扉に「此一冊後年補寫」とあり|[1]-[4]: 詩. [5]: 賛|付箋あり|水損あり|挟みもの: [3]: 「内閣本 翰林胡芦詩集 巻二 ニ相当ス」とあるメモ1枚. [5]: 「内閣本 翰林胡芦詩集 巻四 ニ相当ス」とあるメモ1枚([5])",日本語,和古書,,http://tify.sub.uni-goettingen.de/demo.html?manifest=https://archdataset.dl.itc.u-tokyo.ac.jp/manifest/30964cff-0b65-5192-9726-d6a903f43f8a.json,30964cff-0b65-5192-9726-d6a903f43f8a,https://iiif.dl.itc.u-tokyo.ac.jp/repo/s/koten,https://iiif.dl.itc.u-tokyo.ac.jp/repo/s/koten/document/30964cff-0b65-5192-9726-d6a903f43f8a,https://www.lib.u-tokyo.ac.jp/ja/library/contents/archives-top/reuse,https://iiif.dl.itc.u-tokyo.ac.jp/repo/files/medium/2d70453300fa94fc69352d0b82455187562cd568.jpg,https://iiif.dl.itc.u-tokyo.ac.jp/repo/api/items/1155840,"東京大学総合図書館 General Library, The University of Tokyo, JAPAN",http://iiif.io/api/presentation/2#rightToLeftDirection,,総合図書館所蔵古典籍,,,https://iiif.dl.itc.u-tokyo.ac.jp/repo/iiif/30964cff-0b65-5192-9726-d6a903f43f8a/manifest,,,,,31
翰林葫蘆集 3,E45:943,カンリン コロシュウ,翰林胡蘆集,景徐周麟 [著],[書写地不明] : [書写者不明],不明,[書写年不明],5冊,写本,24cm,"書名は扉及び題簽による|[2],[4]の題簽の書名: 翰林胡蘆集|[4]の扉に「此一冊後年補寫」とあり|[1]-[4]: 詩. [5]: 賛|付箋あり|水損あり|挟みもの: [3]: 「内閣本 翰林胡芦詩集 巻二 ニ相当ス」とあるメモ1枚. [5]: 「内閣本 翰林胡芦詩集 巻四 ニ相当ス」とあるメモ1枚([5])",日本語,和古書,,http://tify.sub.uni-goettingen.de/demo.html?manifest=https://archdataset.dl.itc.u-tokyo.ac.jp/manifest/63a8a58c-5704-759b-34ff-91da1d43102a.json,63a8a58c-5704-759b-34ff-91da1d43102a,https://iiif.dl.itc.u-tokyo.ac.jp/repo/s/koten,https://iiif.dl.itc.u-tokyo.ac.jp/repo/s/koten/document/63a8a58c-5704-759b-34ff-91da1d43102a,https://www.lib.u-tokyo.ac.jp/ja/library/contents/archives-top/reuse,https://iiif.dl.itc.u-tokyo.ac.jp/repo/files/medium/53807d69c52f5e0cf83f80e6f038805d283a6541.jpg,https://iiif.dl.itc.u-tokyo.ac.jp/repo/api/items/1155841,"東京大学総合図書館 General Library, The University of Tokyo, JAPAN",http://iiif.io/api/presentation/2#rightToLeftDirection,,総合図書館所蔵古典籍,,,https://iiif.dl.itc.u-tokyo.ac.jp/repo/iiif/63a8a58c-5704-759b-34ff-91da1d43102a/manifest,,,,,58
翰林葫蘆集 4,E45:943,カンリン コロシュウ,翰林胡蘆集,景徐周麟 [著],[書写地不明] : [書写者不明],不明,[書写年不明],5冊,写本,24cm,"書名は扉及び題簽による|[2],[4]の題簽の書名: 翰林胡蘆集|[4]の扉に「此一冊後年補寫」とあり|[1]-[4]: 詩. [5]: 賛|付箋あり|水損あり|挟みもの: [3]: 「内閣本 翰林胡芦詩集 巻二 ニ相当ス」とあるメモ1枚. [5]: 「内閣本 翰林胡芦詩集 巻四 ニ相当ス」とあるメモ1枚([5])",日本語,和古書,,http://tify.sub.uni-goettingen.de/demo.html?manifest=https://archdataset.dl.itc.u-tokyo.ac.jp/manifest/34e15f3a-8076-176f-5d7c-263f4d021b06.json,34e15f3a-8076-176f-5d7c-263f4d021b06,https://iiif.dl.itc.u-tokyo.ac.jp/repo/s/koten,https://iiif.dl.itc.u-tokyo.ac.jp/repo/s/koten/document/34e15f3a-8076-176f-5d7c-263f4d021b06,https://www.lib.u-tokyo.ac.jp/ja/library/contents/archives-top/reuse,https://iiif.dl.itc.u-tokyo.ac.jp/repo/files/medium/05747f319548f4503b09c5ef34998e310894e1ff.jpg,https://iiif.dl.itc.u-tokyo.ac.jp/repo/api/items/1155842,"東京大学総合図書館 General Library, The University of Tokyo, JAPAN",http://iiif.io/api/presentation/2#rightToLeftDirection,,総合図書館所蔵古典籍,,,https://iiif.dl.itc.u-tokyo.ac.jp/repo/iiif/34e15f3a-8076-176f-5d7c-263f4d021b06/manifest,,,,,53
翰林葫蘆集 5,E45:943,カンリン コロシュウ,翰林胡蘆集,景徐周麟 [著],[書写地不明] : [書写者不明],不明,[書写年不明],5冊,写本,24cm,"書名は扉及び題簽による|[2],[4]の題簽の書名: 翰林胡蘆集|[4]の扉に「此一冊後年補寫」とあり|[1]-[4]: 詩. [5]: 賛|付箋あり|水損あり|挟みもの: [3]: 「内閣本 翰林胡芦詩集 巻二 ニ相当ス」とあるメモ1枚. [5]: 「内閣本 翰林胡芦詩集 巻四 ニ相当ス」とあるメモ1枚([5])",日本語,和古書,,http://tify.sub.uni-goettingen.de/demo.html?manifest=https://archdataset.dl.itc.u-tokyo.ac.jp/manifest/1d30c166-45ed-81e2-1b8a-89da78a06234.json,1d30c166-45ed-81e2-1b8a-89da78a06234,https://iiif.dl.itc.u-tokyo.ac.jp/repo/s/koten,https://iiif.dl.itc.u-tokyo.ac.jp/repo/s/koten/document/1d30c166-45ed-81e2-1b8a-89da78a06234,https://www.lib.u-tokyo.ac.jp/ja/library/contents/archives-top/reuse,https://iiif.dl.itc.u-tokyo.ac.jp/repo/files/medium/eef02c0aae9ed6db922eb5ad21f79cbe2cd883fb.jpg,https://iiif.dl.itc.u-tokyo.ac.jp/repo/api/items/1155843,"東京大学総合図書館 General Library, The University of Tokyo, JAPAN",http://iiif.io/api/presentation/2#rightToLeftDirection,,総合図書館所蔵古典籍,,,https://iiif.dl.itc.u-tokyo.ac.jp/repo/iiif/1d30c166-45ed-81e2-1b8a-89da78a06234/manifest,,,,,46
改元部類記 1,G26:899,カイゲン ブルイキ,"改元部類, 改元部類及附録",不明,[書写地不明] : [書写者不明],不明,[書写年不明],7巻,写本,29-30cm,書名及び巻次は扉(原表紙)による|題簽の書名: 改元部類|頭注あり|印記: 「野宮書印」|朱墨書き入れあり|付箋あり,日本語,和古書,,http://tify.sub.uni-goettingen.de/demo.html?manifest=https://archdataset.dl.itc.u-tokyo.ac.jp/manifest/bcd2e371-3b1a-54c0-095a-e88b0cf5a470.json,bcd2e371-3b1a-54c0-095a-e88b0cf5a470,https://iiif.dl.itc.u-tokyo.ac.jp/repo/s/koten,https://iiif.dl.itc.u-tokyo.ac.jp/repo/s/koten/document/bcd2e371-3b1a-54c0-095a-e88b0cf5a470,https://www.lib.u-tokyo.ac.jp/ja/library/contents/archives-top/reuse,https://iiif.dl.itc.u-tokyo.ac.jp/repo/files/medium/181947632d8853b7396156758c777b1295b1a9cb.jpg,https://iiif.dl.itc.u-tokyo.ac.jp/repo/api/items/1155844,"東京大学総合図書館 General Library, The University of Tokyo, JAPAN",http://iiif.io/api/presentation/2#rightToLeftDirection,,総合図書館所蔵古典籍,,,https://iiif.dl.itc.u-tokyo.ac.jp/repo/iiif/bcd2e371-3b1a-54c0-095a-e88b0cf5a470/manifest,,,,,86
真言陀羅尼,A00:4011,シンゴン ダラニ,,宗存[著],不明,不明,不明,1軸,刊,小,"分類:仏教
マイクロフィルム番号:9-11-1",中国語,漢籍,,http://tify.sub.uni-goettingen.de/demo.html?manifest=https://archdataset.dl.itc.u-tokyo.ac.jp/manifest/1f35990b-a490-1a63-2ab0-32cd98112cf7.json,1f35990b-a490-1a63-2ab0-32cd98112cf7,https://iiif.dl.itc.u-tokyo.ac.jp/repo/s/koten/,https://iiif.dl.itc.u-tokyo.ac.jp/repo/s/koten/document/1f35990b-a490-1a63-2ab0-32cd98112cf7,https://www.lib.u-tokyo.ac.jp/ja/library/contents/archives-top/reuse,https://iiif.dl.itc.u-tokyo.ac.jp/repo/files/medium/93b6ba1757df60b8d1d7165c0d8bf731126f3d31.jpg,https://iiif.dl.itc.u-tokyo.ac.jp/repo/api/items/172011,"東京大学総合図書館 General Library, The University of Tokyo, JAPAN",http://iiif.io/api/presentation/2#rightToLeftDirection,,総合図書館所蔵古典籍,0001,,https://iiif.dl.itc.u-tokyo.ac.jp/repo/iiif/172011/manifest,,,,,49
験号,A00:6552,ケンゴウ,験號,"Remmelin, Johann著",大坂 : 渋川清右衛門,1794,寛政6,1冊,刊,15 cm,"印記 : 江坂家ノ未印験號は和蘭全躯内外分合図の一部。
分類:医学
マイクロフィルム番号:6-7-12",日本語,和古書,鶚軒文庫,http://tify.sub.uni-goettingen.de/demo.html?manifest=https://archdataset.dl.itc.u-tokyo.ac.jp/manifest/20e39fc5-a301-2156-20ea-8082dd32289f.json,20e39fc5-a301-2156-20ea-8082dd32289f,https://iiif.dl.itc.u-tokyo.ac.jp/repo/s/koten/,https://iiif.dl.itc.u-tokyo.ac.jp/repo/s/koten/document/20e39fc5-a301-2156-20ea-8082dd32289f,https://www.lib.u-tokyo.ac.jp/ja/library/contents/archives-top/reuse,https://iiif.dl.itc.u-tokyo.ac.jp/repo/files/medium/80940f167adbea1eee646cfe843fb5766f2c1275.jpg,https://iiif.dl.itc.u-tokyo.ac.jp/repo/api/items/171985,"東京大学総合図書館 General Library, The University of Tokyo, JAPAN",http://iiif.io/api/presentation/2#rightToLeftDirection,,総合図書館所蔵古典籍,0002,,https://iiif.dl.itc.u-tokyo.ac.jp/repo/iiif/171985/manifest,,,,,46
鳥名子記,A00:4160,トナゴキ,,山崎美成著,不明,1819,文政2,1冊,写,大,"自筆本巻末ニ「『文政二年歳次巳卯冬十月借鈔温古堂之本旦逐一校正ス』 山崎美成 」ト書ケリ
分類:祭祀
マイクロフィルム番号:6-8-7",日本語,和古書,,http://tify.sub.uni-goettingen.de/demo.html?manifest=https://archdataset.dl.itc.u-tokyo.ac.jp/manifest/3c220085-7d42-833a-084a-64a5f9072686.json,3c220085-7d42-833a-084a-64a5f9072686,https://iiif.dl.itc.u-tokyo.ac.jp/repo/s/koten/,https://iiif.dl.itc.u-tokyo.ac.jp/repo/s/koten/document/3c220085-7d42-833a-084a-64a5f9072686,https://www.lib.u-tokyo.ac.jp/ja/library/contents/archives-top/reuse,https://iiif.dl.itc.u-tokyo.ac.jp/repo/files/medium/63c695296cd0eac97ba7fd0d187ff16c2a08536e.jpg,https://iiif.dl.itc.u-tokyo.ac.jp/repo/api/items/172025,"東京大学総合図書館 General Library, The University of Tokyo, JAPAN",http://iiif.io/api/presentation/2#rightToLeftDirection,,総合図書館所蔵古典籍,0003,,https://iiif.dl.itc.u-tokyo.ac.jp/repo/iiif/172025/manifest,,,,,12
近世奇跡考,A00:5957,キンセイ  キセキコウ,続骨董集,山東京伝著 ; 喜多武清画,大坂 ; 江戸,1804,文化1,5冊,刊,中,"馬琴書入併識語
分類:随筆
マイクロフィルム番号:6-8-17",日本語,和古書,,http://tify.sub.uni-goettingen.de/demo.html?manifest=https://archdataset.dl.itc.u-tokyo.ac.jp/manifest/feb9c85d-3819-213f-21ae-a97abd5e6472.json,feb9c85d-3819-213f-21ae-a97abd5e6472,https://iiif.dl.itc.u-tokyo.ac.jp/repo/s/koten/,https://iiif.dl.itc.u-tokyo.ac.jp/repo/s/koten/document/feb9c85d-3819-213f-21ae-a97abd5e6472,https://www.lib.u-tokyo.ac.jp/ja/library/contents/archives-top/reuse,https://iiif.dl.itc.u-tokyo.ac.jp/repo/files/medium/db6f075fb973f6c314b3c38aaa2f736d6aeb26d9.jpg,https://iiif.dl.itc.u-tokyo.ac.jp/repo/api/items/171986,"東京大学総合図書館 General Library, The University of Tokyo, JAPAN",http://iiif.io/api/presentation/2#rightToLeftDirection,,総合図書館所蔵古典籍,0004,,https://iiif.dl.itc.u-tokyo.ac.jp/repo/iiif/171986/manifest,,,,,107
曽我物語,A00:5796,ソガ  モノガタリ,,,不明,不明,不明,12冊,刊,大,"古活字版
分類:軍記物語
マイクロフィルム番号:6-9-2",日本語,和古書,,http://tify.sub.uni-goettingen.de/demo.html?manifest=https://archdataset.dl.itc.u-tokyo.ac.jp/manifest/78ae6f7f-5f09-8d58-9f56-366dfa599642.json,78ae6f7f-5f09-8d58-9f56-366dfa599642,https://iiif.dl.itc.u-tokyo.ac.jp/repo/s/koten/,https://iiif.dl.itc.u-tokyo.ac.jp/repo/s/koten/document/78ae6f7f-5f09-8d58-9f56-366dfa599642,https://www.lib.u-tokyo.ac.jp/ja/library/contents/archives-top/reuse,https://iiif.dl.itc.u-tokyo.ac.jp/repo/files/medium/8b7027d541111447fd97b1074b1db765aff1c1e7.jpg,https://iiif.dl.itc.u-tokyo.ac.jp/repo/api/items/172019,"東京大学総合図書館 General Library, The University of Tokyo, JAPAN",http://iiif.io/api/presentation/2#rightToLeftDirection,,総合図書館所蔵古典籍,0005,,https://iiif.dl.itc.u-tokyo.ac.jp/repo/iiif/172019/manifest,,,,,630
新古今和歌集,A00:6231,シンコキン  ワカシュウ,,藤原定家奉勅撰,不明,室町時代,室町時代,2冊,写,大,"分類:歌集
マイクロフィルム番号:6-9-1",日本語,和古書,,http://tify.sub.uni-goettingen.de/demo.html?manifest=https://archdataset.dl.itc.u-tokyo.ac.jp/manifest/950a3252-4bc7-7baa-40e0-5a15cb5610a8.json,950a3252-4bc7-7baa-40e0-5a15cb5610a8,https://iiif.dl.itc.u-tokyo.ac.jp/repo/s/koten/,https://iiif.dl.itc.u-tokyo.ac.jp/repo/s/koten/document/950a3252-4bc7-7baa-40e0-5a15cb5610a8,https://www.lib.u-tokyo.ac.jp/ja/library/contents/archives-top/reuse,https://iiif.dl.itc.u-tokyo.ac.jp/repo/files/medium/f43a4e01777fbece7d1f0c6a876cbf9bd86e0718.jpg,https://iiif.dl.itc.u-tokyo.ac.jp/repo/api/items/172012,"東京大学総合図書館 General Library, The University of Tokyo, JAPAN",http://iiif.io/api/presentation/2#rightToLeftDirection,,総合図書館所蔵古典籍,0006,,https://iiif.dl.itc.u-tokyo.ac.jp/repo/iiif/950a3252-4bc7-7baa-40e0-5a15cb5610a8/manifest,,,,,313
承久記,A00:6135,ショウキュウキ,,,不明,不明,不明,2巻1冊,写,大,"飛鳥井家本安藤素軒筆
分類:軍記物語
マイクロフィルム番号:6-11-5",日本語,和古書,,http://tify.sub.uni-goettingen.de/demo.html?manifest=https://archdataset.dl.itc.u-tokyo.ac.jp/manifest/06582fd8-23f9-121f-7314-1fbb0dc1438b.json,06582fd8-23f9-121f-7314-1fbb0dc1438b,https://iiif.dl.itc.u-tokyo.ac.jp/repo/s/koten/,https://iiif.dl.itc.u-tokyo.ac.jp/repo/s/koten/document/06582fd8-23f9-121f-7314-1fbb0dc1438b,https://www.lib.u-tokyo.ac.jp/ja/library/contents/archives-top/reuse,https://iiif.dl.itc.u-tokyo.ac.jp/repo/files/medium/a87f6add2ef235bf25f9d5a0b9478ed20057aba1.jpg,https://iiif.dl.itc.u-tokyo.ac.jp/repo/api/items/172014,"東京大学総合図書館 General Library, The University of Tokyo, JAPAN",http://iiif.io/api/presentation/2#rightToLeftDirection,,総合図書館所蔵古典籍,0007,,https://iiif.dl.itc.u-tokyo.ac.jp/repo/iiif/172014/manifest,,,,,73
延喜式,A00:6122,エンギシキ,,"藤原時平 , 藤原忠平[著]",不明,不明,不明,1冊,写,大,"刻板補闕原本河村秀●書入アリ
分類:法制
マイクロフィルム番号:6-15-13",日本語,和古書,,http://tify.sub.uni-goettingen.de/demo.html?manifest=https://archdataset.dl.itc.u-tokyo.ac.jp/manifest/262f6110-5c5b-09d4-7a28-0c0019fa5a79.json,262f6110-5c5b-09d4-7a28-0c0019fa5a79,https://iiif.dl.itc.u-tokyo.ac.jp/repo/s/koten/,https://iiif.dl.itc.u-tokyo.ac.jp/repo/s/koten/document/262f6110-5c5b-09d4-7a28-0c0019fa5a79,https://www.lib.u-tokyo.ac.jp/ja/library/contents/archives-top/reuse,https://iiif.dl.itc.u-tokyo.ac.jp/repo/files/medium/16570fe6eb042804db95da674a63f4ef7bd38c93.jpg,https://iiif.dl.itc.u-tokyo.ac.jp/repo/api/items/171968,"東京大学総合図書館 General Library, The University of Tokyo, JAPAN",http://iiif.io/api/presentation/2#rightToLeftDirection,,総合図書館所蔵古典籍,0008,,https://iiif.dl.itc.u-tokyo.ac.jp/repo/iiif/171968/manifest,,,,,34
子子子子子子,E24:1310,ネコ  ノ  コ  ノ  コネコ,,,不明,1758,宝暦8,2巻,刊,小,"分類:黒本
マイクロフィルム番号:6-15-22",日本語,和古書,,http://tify.sub.uni-goettingen.de/demo.html?manifest=https://archdataset.dl.itc.u-tokyo.ac.jp/manifest/00e1f95d-5bd4-0b85-403e-b0eb6cd422d4.json,00e1f95d-5bd4-0b85-403e-b0eb6cd422d4,https://iiif.dl.itc.u-tokyo.ac.jp/repo/s/koten/,https://iiif.dl.itc.u-tokyo.ac.jp/repo/s/koten/document/00e1f95d-5bd4-0b85-403e-b0eb6cd422d4,https://www.lib.u-tokyo.ac.jp/ja/library/contents/archives-top/reuse,https://iiif.dl.itc.u-tokyo.ac.jp/repo/files/medium/34ade0bb37ba6da7423325744e67b3255f8ba497.jpg,https://iiif.dl.itc.u-tokyo.ac.jp/repo/api/items/172001,"東京大学総合図書館 General Library, The University of Tokyo, JAPAN",http://iiif.io/api/presentation/2#rightToLeftDirection,,総合図書館所蔵古典籍,0009,,https://iiif.dl.itc.u-tokyo.ac.jp/repo/iiif/172001/manifest,,,,,15
家傳通外方,A00:6470,カデン  ツウガイホウ,,度會常辰[著],不明,不明,不明,2冊,写,28 cm,"題簽   :  家伝通外印記  :  岡崎桂一郎  光義之印、 朱印光高ノ黒印アリ巻末ニ「家傳通外上下二巻謹記之  于時永祿二年巳未冬十月十一日、正五位下度會常辰抜萃」トアリ
分類:医学
マイクロフィルム番号:6-31-3",日本語,和古書,鶚軒文庫,http://tify.sub.uni-goettingen.de/demo.html?manifest=https://archdataset.dl.itc.u-tokyo.ac.jp/manifest/70b9201c-60a5-1234-1ffd-83e62cc2416e.json,70b9201c-60a5-1234-1ffd-83e62cc2416e,https://iiif.dl.itc.u-tokyo.ac.jp/repo/s/koten/,https://iiif.dl.itc.u-tokyo.ac.jp/repo/s/koten/document/70b9201c-60a5-1234-1ffd-83e62cc2416e,https://www.lib.u-tokyo.ac.jp/ja/library/contents/archives-top/reuse,https://iiif.dl.itc.u-tokyo.ac.jp/repo/files/medium/3d90955e10b222feeaabcd72726b44ca46fb5a7c.jpg,https://iiif.dl.itc.u-tokyo.ac.jp/repo/api/items/171979,"東京大学総合図書館 General Library, The University of Tokyo, JAPAN",http://iiif.io/api/presentation/2#rightToLeftDirection,,総合図書館所蔵古典籍,0010,,https://iiif.dl.itc.u-tokyo.ac.jp/repo/iiif/171979/manifest,,,,,99
管蠡草灸診抄,A00:6477,カンレイ  ソウキュウ  シンショウ,,度會常光[著],不明,1546,天文15,74丁(帙入),写,28 cm,"印記 : 岡崎桂一郎度會常辰筆
分類:医学
マイクロフィルム番号:6-31-4",日本語,和古書,鶚軒文庫,http://tify.sub.uni-goettingen.de/demo.html?manifest=https://archdataset.dl.itc.u-tokyo.ac.jp/manifest/255d0375-6a99-273b-0f01-2534091452a4.json,255d0375-6a99-273b-0f01-2534091452a4,https://iiif.dl.itc.u-tokyo.ac.jp/repo/s/koten/,https://iiif.dl.itc.u-tokyo.ac.jp/repo/s/koten/document/255d0375-6a99-273b-0f01-2534091452a4,https://www.lib.u-tokyo.ac.jp/ja/library/contents/archives-top/reuse,https://iiif.dl.itc.u-tokyo.ac.jp/repo/files/medium/374dfb21ffd60bc238d3e625f0e60601fd05d77d.jpg,https://iiif.dl.itc.u-tokyo.ac.jp/repo/api/items/171982,"東京大学総合図書館 General Library, The University of Tokyo, JAPAN",http://iiif.io/api/presentation/2#rightToLeftDirection,,総合図書館所蔵古典籍,0011,,https://iiif.dl.itc.u-tokyo.ac.jp/repo/iiif/171982/manifest,,,,,77
恒民粋,A00:6483,コウミンスイ,,曲直瀬道三[著],不明,不明,不明,5冊(1帙入),写,26  cm,"自筆本印記  :   鶚軒文庫、鶚軒所穫
分類:医学
マイクロフィルム番号:6-31-7",日本語,和古書,鶚軒文庫,http://tify.sub.uni-goettingen.de/demo.html?manifest=https://archdataset.dl.itc.u-tokyo.ac.jp/manifest/d7186cac-857f-23f6-3e96-b84378a410c7.json,d7186cac-857f-23f6-3e96-b84378a410c7,https://iiif.dl.itc.u-tokyo.ac.jp/repo/s/koten/,https://iiif.dl.itc.u-tokyo.ac.jp/repo/s/koten/document/d7186cac-857f-23f6-3e96-b84378a410c7,https://www.lib.u-tokyo.ac.jp/ja/library/contents/archives-top/reuse,https://iiif.dl.itc.u-tokyo.ac.jp/repo/files/medium/3051d4ce9b67e9d94cdd122495305ba6280ab439.jpg,https://iiif.dl.itc.u-tokyo.ac.jp/repo/api/items/171992,"東京大学総合図書館 General Library, The University of Tokyo, JAPAN",http://iiif.io/api/presentation/2#rightToLeftDirection,,総合図書館所蔵古典籍,0012,,https://iiif.dl.itc.u-tokyo.ac.jp/repo/iiif/171992/manifest,,,,,208
診切枢要,A00:6488,シンセツ  スウヨウ,,曲直瀬道三[著],不明,不明,不明,29丁(帙入),写,26 cm,"曲直瀬正琳写印記 : 望氷壬戌巳後所集舊斬古●三井家雙●閣、雙蔑●臧
分類:医学
マイクロフィルム番号:6-31-8",日本語,和古書,鶚軒文庫,http://tify.sub.uni-goettingen.de/demo.html?manifest=https://archdataset.dl.itc.u-tokyo.ac.jp/manifest/0ace76fd-80f5-5406-5607-0879c0737535.json,0ace76fd-80f5-5406-5607-0879c0737535,https://iiif.dl.itc.u-tokyo.ac.jp/repo/s/koten/,https://iiif.dl.itc.u-tokyo.ac.jp/repo/s/koten/document/0ace76fd-80f5-5406-5607-0879c0737535,https://www.lib.u-tokyo.ac.jp/ja/library/contents/archives-top/reuse,https://iiif.dl.itc.u-tokyo.ac.jp/repo/files/medium/f0beb571fef1e177a2abb7798fcae7b7a8f2bdd4.jpg,https://iiif.dl.itc.u-tokyo.ac.jp/repo/api/items/172018,"東京大学総合図書館 General Library, The University of Tokyo, JAPAN",http://iiif.io/api/presentation/2#rightToLeftDirection,,総合図書館所蔵古典籍,0013,,https://iiif.dl.itc.u-tokyo.ac.jp/repo/iiif/172018/manifest,,,,,33
新刊勿聴子俗解八十一難経,A00:6513,しんかんぶっちょうしぞっかいはちじゅういちなんけい,,熊宗立[著],不明,1608,慶長13,198丁,写,26 cm,"土肥文庫旧蔵、帙入印記 : 茂木文庫鶚軒文庫題簽 : 難経抄
分類:医学
マイクロフィルム番号:6-31-5",日本語,和古書,鶚軒文庫,http://tify.sub.uni-goettingen.de/demo.html?manifest=https://archdataset.dl.itc.u-tokyo.ac.jp/manifest/c391c0b7-642b-7f20-902d-6bfc6b3c8d0a.json,c391c0b7-642b-7f20-902d-6bfc6b3c8d0a,https://iiif.dl.itc.u-tokyo.ac.jp/repo/s/koten/,https://iiif.dl.itc.u-tokyo.ac.jp/repo/s/koten/document/c391c0b7-642b-7f20-902d-6bfc6b3c8d0a,https://www.lib.u-tokyo.ac.jp/ja/library/contents/archives-top/reuse,https://iiif.dl.itc.u-tokyo.ac.jp/repo/files/medium/885eca8d8fbe6d587d01eecbb324b8d5bb1ca3c5.jpg,https://iiif.dl.itc.u-tokyo.ac.jp/repo/api/items/172031,"東京大学総合図書館 General Library, The University of Tokyo, JAPAN",http://iiif.io/api/presentation/2#rightToLeftDirection,,総合図書館所蔵古典籍,0014,,https://iiif.dl.itc.u-tokyo.ac.jp/repo/iiif/172031/manifest,,,,,202
脉訣,A00:6516,ミャクケツ,,崔嘉彦[著] ; 紫虚崔真人撰,不明,不明,不明,20丁,写,28 cm,"帙入題簽 : 鼻祖一渓叟道三墨蹟  奥山春斉蔵
分類:医学
マイクロフィルム番号:6-31-6",中国語,漢籍,鶚軒文庫,http://tify.sub.uni-goettingen.de/demo.html?manifest=https://archdataset.dl.itc.u-tokyo.ac.jp/manifest/4d9020c1-0096-86d9-130f-c67d20ee2a85.json,4d9020c1-0096-86d9-130f-c67d20ee2a85,https://iiif.dl.itc.u-tokyo.ac.jp/repo/s/koten/,https://iiif.dl.itc.u-tokyo.ac.jp/repo/s/koten/document/4d9020c1-0096-86d9-130f-c67d20ee2a85,https://www.lib.u-tokyo.ac.jp/ja/library/contents/archives-top/reuse,https://iiif.dl.itc.u-tokyo.ac.jp/repo/files/medium/b5f64aaf2f0be538bc422782b226488664bbb3c0.jpg,https://iiif.dl.itc.u-tokyo.ac.jp/repo/api/items/172000,"東京大学総合図書館 General Library, The University of Tokyo, JAPAN",http://iiif.io/api/presentation/2#rightToLeftDirection,,総合図書館所蔵古典籍,0015,,https://iiif.dl.itc.u-tokyo.ac.jp/repo/iiif/172000/manifest,,,,,24
避子説,A00:6406,ヒシセツ,,天野信景[著],不明,1701,元禄14,1冊,写,大,"自筆稿本
分類:漢学
マイクロフィルム番号:6-32-20",日本語,和古書,,http://tify.sub.uni-goettingen.de/demo.html?manifest=https://archdataset.dl.itc.u-tokyo.ac.jp/manifest/dd296df6-38fa-a025-7371-5e7d2ceb2046.json,dd296df6-38fa-a025-7371-5e7d2ceb2046,https://iiif.dl.itc.u-tokyo.ac.jp/repo/s/koten/,https://iiif.dl.itc.u-tokyo.ac.jp/repo/s/koten/document/dd296df6-38fa-a025-7371-5e7d2ceb2046,https://www.lib.u-tokyo.ac.jp/ja/library/contents/archives-top/reuse,https://iiif.dl.itc.u-tokyo.ac.jp/repo/files/medium/cf68a50838e4e72cf58899d01b53c33c097d0c04.jpg,https://iiif.dl.itc.u-tokyo.ac.jp/repo/api/items/171973,"東京大学総合図書館 General Library, The University of Tokyo, JAPAN",http://iiif.io/api/presentation/2#rightToLeftDirection,,総合図書館所蔵古典籍,0016,,https://iiif.dl.itc.u-tokyo.ac.jp/repo/iiif/171973/manifest,,,,,8
長恨歌圖抄,A00:4192,チョウゴンカ  ズショウ,,,不明,1677,延宝5,5巻5冊,刊,大,"分類:漢詩・注釈
マイクロフィルム番号:7-8-1",日本語,和古書,,http://tify.sub.uni-goettingen.de/demo.html?manifest=https://archdataset.dl.itc.u-tokyo.ac.jp/manifest/cd187574-954d-6fb0-0874-a3e39ad16ac2.json,cd187574-954d-6fb0-0874-a3e39ad16ac2,https://iiif.dl.itc.u-tokyo.ac.jp/repo/s/koten/,https://iiif.dl.itc.u-tokyo.ac.jp/repo/s/koten/document/cd187574-954d-6fb0-0874-a3e39ad16ac2,https://www.lib.u-tokyo.ac.jp/ja/library/contents/archives-top/reuse,https://iiif.dl.itc.u-tokyo.ac.jp/repo/files/medium/8e6a3d98535d5896a992aa9a119c8bece89ea9ba.jpg,https://iiif.dl.itc.u-tokyo.ac.jp/repo/api/items/171966,"東京大学総合図書館 General Library, The University of Tokyo, JAPAN",http://iiif.io/api/presentation/2#rightToLeftDirection,,総合図書館所蔵古典籍,0017,,https://iiif.dl.itc.u-tokyo.ac.jp/repo/iiif/171966/manifest,,,,,152
一葉抄,A00:4202,イチヨウショウ,,,不明,不明,不明,1冊,写,大,"分類:歌学
マイクロフィルム番号:7-9-5",日本語,和古書,,http://tify.sub.uni-goettingen.de/demo.html?manifest=https://archdataset.dl.itc.u-tokyo.ac.jp/manifest/2c2614d0-8c8e-8088-284a-92c977dc6774.json,2c2614d0-8c8e-8088-284a-92c977dc6774,https://iiif.dl.itc.u-tokyo.ac.jp/repo/s/koten/,https://iiif.dl.itc.u-tokyo.ac.jp/repo/s/koten/document/2c2614d0-8c8e-8088-284a-92c977dc6774,https://www.lib.u-tokyo.ac.jp/ja/library/contents/archives-top/reuse,https://iiif.dl.itc.u-tokyo.ac.jp/repo/files/medium/74d065ff9bad2c3fec2dace6198d6e1196cb1266.jpg,https://iiif.dl.itc.u-tokyo.ac.jp/repo/api/items/171975,"東京大学総合図書館 General Library, The University of Tokyo, JAPAN",http://iiif.io/api/presentation/2#rightToLeftDirection,,総合図書館所蔵古典籍,0018,,https://iiif.dl.itc.u-tokyo.ac.jp/repo/iiif/171975/manifest,,,,,105
義経一代記第二綴くらま山,A00:4131,ヨシツネ イチダイキ ダイニテツ クラマヤマ,,柳亭種彦作 ; 柳川重信畫,不明,不明,不明,1冊,写,小,"自筆本
分類:合巻
マイクロフィルム番号:7-11-21",日本語,和古書,,http://tify.sub.uni-goettingen.de/demo.html?manifest=https://archdataset.dl.itc.u-tokyo.ac.jp/manifest/b6aef1c0-7a83-1379-0094-7009198b4291.json,b6aef1c0-7a83-1379-0094-7009198b4291,https://iiif.dl.itc.u-tokyo.ac.jp/repo/s/koten/,https://iiif.dl.itc.u-tokyo.ac.jp/repo/s/koten/document/b6aef1c0-7a83-1379-0094-7009198b4291,https://www.lib.u-tokyo.ac.jp/ja/library/contents/archives-top/reuse,https://iiif.dl.itc.u-tokyo.ac.jp/repo/files/medium/5b3f01f959f47bd23ab3dbeceeff7778bd219109.jpg,https://iiif.dl.itc.u-tokyo.ac.jp/repo/api/items/172029,"東京大学総合図書館 General Library, The University of Tokyo, JAPAN",http://iiif.io/api/presentation/2#rightToLeftDirection,,総合図書館所蔵古典籍,0019,,https://iiif.dl.itc.u-tokyo.ac.jp/repo/iiif/172029/manifest,,,,,10
(新鍥)雲林神彀,A00:6469,シンケイ ウンリン シンコウ,,"龔廷賢[著] ; 龔●陞, 呉濟民校",不明,1597,萬暦25,2冊(1帙入),刊,25 cm,"印記 : 吉家氏蔵、森氏、杉本氏蔵
分類:医学
マイクロフィルム番号:7-11-11",中国語,漢籍,鶚軒文庫,http://tify.sub.uni-goettingen.de/demo.html?manifest=https://archdataset.dl.itc.u-tokyo.ac.jp/manifest/f67b71a9-8295-7ee7-6b3c-43798c0182d6.json,f67b71a9-8295-7ee7-6b3c-43798c0182d6,https://iiif.dl.itc.u-tokyo.ac.jp/repo/s/koten/,https://iiif.dl.itc.u-tokyo.ac.jp/repo/s/koten/document/f67b71a9-8295-7ee7-6b3c-43798c0182d6,https://www.lib.u-tokyo.ac.jp/ja/library/contents/archives-top/reuse,https://iiif.dl.itc.u-tokyo.ac.jp/repo/files/medium/8bbc3edc8fad2ef22277878824f2eaff16fa9cbc.jpg,https://iiif.dl.itc.u-tokyo.ac.jp/repo/api/items/172027,"東京大学総合図書館 General Library, The University of Tokyo, JAPAN",http://iiif.io/api/presentation/2#rightToLeftDirection,,総合図書館所蔵古典籍,0020,,https://iiif.dl.itc.u-tokyo.ac.jp/repo/iiif/172027/manifest,,,,,145
書史会要及補遺,A00:5877,ショシ カイヨウ オヨビ ホイ,,陶宗儀[著],不明,不明,不明,10巻3冊,写,大,"分類:目録
マイクロフィルム番号:7-13-2",中国語,漢籍,青洲文庫,http://tify.sub.uni-goettingen.de/demo.html?manifest=https://archdataset.dl.itc.u-tokyo.ac.jp/manifest/04d80d2f-7432-00cd-a1d1-2f1333d84743.json,04d80d2f-7432-00cd-a1d1-2f1333d84743,https://iiif.dl.itc.u-tokyo.ac.jp/repo/s/koten/,https://iiif.dl.itc.u-tokyo.ac.jp/repo/s/koten/document/04d80d2f-7432-00cd-a1d1-2f1333d84743,https://www.lib.u-tokyo.ac.jp/ja/library/contents/archives-top/reuse,https://iiif.dl.itc.u-tokyo.ac.jp/repo/files/medium/33b9985855ef89996c0ac962294dcee7d1cdbb84.jpg,https://iiif.dl.itc.u-tokyo.ac.jp/repo/api/items/172016,"東京大学総合図書館 General Library, The University of Tokyo, JAPAN",http://iiif.io/api/presentation/2#rightToLeftDirection,,総合図書館所蔵古典籍,0021,,https://iiif.dl.itc.u-tokyo.ac.jp/repo/iiif/172016/manifest,,,,,257
天神記,A00:5770,テンジンキ,,,不明,不明,不明,1冊,写,中,"分類:室町物語
マイクロフィルム番号:7-15-16",日本語,和古書,,http://tify.sub.uni-goettingen.de/demo.html?manifest=https://archdataset.dl.itc.u-tokyo.ac.jp/manifest/43ca8e1d-087d-5bdc-3bc3-372800f60cb6.json,43ca8e1d-087d-5bdc-3bc3-372800f60cb6,https://iiif.dl.itc.u-tokyo.ac.jp/repo/s/koten/,https://iiif.dl.itc.u-tokyo.ac.jp/repo/s/koten/document/43ca8e1d-087d-5bdc-3bc3-372800f60cb6,https://www.lib.u-tokyo.ac.jp/ja/library/contents/archives-top/reuse,https://iiif.dl.itc.u-tokyo.ac.jp/repo/files/medium/15158cd4065954556ac6f12f59e7cf7df45729e6.jpg,https://iiif.dl.itc.u-tokyo.ac.jp/repo/api/items/172022,"東京大学総合図書館 General Library, The University of Tokyo, JAPAN",http://iiif.io/api/presentation/2#rightToLeftDirection,,総合図書館所蔵古典籍,0022,,https://iiif.dl.itc.u-tokyo.ac.jp/repo/iiif/172022/manifest,,,,,13
文正草子,A00:6056,ブンショウ  ソウシ,,,不明,不明,不明,1冊,写,中,"奈良絵本内題 : 塩賣物語
分類:室町物語
マイクロフィルム番号:7-15-15",日本語,和古書,,http://tify.sub.uni-goettingen.de/demo.html?manifest=https://archdataset.dl.itc.u-tokyo.ac.jp/manifest/7feffc5a-659e-02e0-40df-df42e9059307.json,7feffc5a-659e-02e0-40df-df42e9059307,https://iiif.dl.itc.u-tokyo.ac.jp/repo/s/koten/,https://iiif.dl.itc.u-tokyo.ac.jp/repo/s/koten/document/7feffc5a-659e-02e0-40df-df42e9059307,https://www.lib.u-tokyo.ac.jp/ja/library/contents/archives-top/reuse,https://iiif.dl.itc.u-tokyo.ac.jp/repo/files/medium/ae4261ac9b3cdea8d59391d6876676d6d29dbdfe.jpg,https://iiif.dl.itc.u-tokyo.ac.jp/repo/api/items/171965,"東京大学総合図書館 General Library, The University of Tokyo, JAPAN",http://iiif.io/api/presentation/2#rightToLeftDirection,,総合図書館所蔵古典籍,0023,,https://iiif.dl.itc.u-tokyo.ac.jp/repo/iiif/171965/manifest,,,,,68
老子,A00:6295,ロウシ,,河上公註,不明,不明,不明,1冊,写,大,"分類:漢学
マイクロフィルム番号:7-15-20",中国語,漢籍,南葵文庫,http://tify.sub.uni-goettingen.de/demo.html?manifest=https://archdataset.dl.itc.u-tokyo.ac.jp/manifest/586ea69e-70f6-36b0-9e8c-64ff5f4c3f09.json,586ea69e-70f6-36b0-9e8c-64ff5f4c3f09,https://iiif.dl.itc.u-tokyo.ac.jp/repo/s/koten/,https://iiif.dl.itc.u-tokyo.ac.jp/repo/s/koten/document/586ea69e-70f6-36b0-9e8c-64ff5f4c3f09,https://www.lib.u-tokyo.ac.jp/ja/library/contents/archives-top/reuse,https://iiif.dl.itc.u-tokyo.ac.jp/repo/files/medium/137f695d2b42d95d1b2704fa294c20c79ee24eb5.jpg,https://iiif.dl.itc.u-tokyo.ac.jp/repo/api/items/172007,"東京大学総合図書館 General Library, The University of Tokyo, JAPAN",http://iiif.io/api/presentation/2#rightToLeftDirection,,総合図書館所蔵古典籍,0024,,https://iiif.dl.itc.u-tokyo.ac.jp/repo/iiif/172007/manifest,,,,,69
月日の本地,A00:6334,ツキヒ ノ ホンジ,月日の物語,,不明,不明,不明,1軸,写,大,"分類:室町物語
マイクロフィルム番号:7-16-5",日本語,和古書,,http://tify.sub.uni-goettingen.de/demo.html?manifest=https://archdataset.dl.itc.u-tokyo.ac.jp/manifest/b64a927b-3706-22ba-0aeb-550af6195588.json,b64a927b-3706-22ba-0aeb-550af6195588,https://iiif.dl.itc.u-tokyo.ac.jp/repo/s/koten/,https://iiif.dl.itc.u-tokyo.ac.jp/repo/s/koten/document/b64a927b-3706-22ba-0aeb-550af6195588,https://www.lib.u-tokyo.ac.jp/ja/library/contents/archives-top/reuse,https://iiif.dl.itc.u-tokyo.ac.jp/repo/files/medium/51004ac9dc71f52db7cc505c3b6f263aa4976374.jpg,https://iiif.dl.itc.u-tokyo.ac.jp/repo/api/items/172026,"東京大学総合図書館 General Library, The University of Tokyo, JAPAN",http://iiif.io/api/presentation/2#rightToLeftDirection,,総合図書館所蔵古典籍,0025,,https://iiif.dl.itc.u-tokyo.ac.jp/repo/iiif/172026/manifest,,,,,38
東叡山開山慈眼大師縁起,A00:4064,トウエイザン カイサン ジゲン ダイシ エンギ,,胤海[著],不明,1680,延宝8,2巻1冊,刊,大,"分類:伝記
マイクロフィルム番号:7-18-7",日本語,和古書,南葵文庫,http://tify.sub.uni-goettingen.de/demo.html?manifest=https://archdataset.dl.itc.u-tokyo.ac.jp/manifest/de2a9abc-62d1-1943-32b4-156471ef8c5c.json,de2a9abc-62d1-1943-32b4-156471ef8c5c,https://iiif.dl.itc.u-tokyo.ac.jp/repo/s/koten/,https://iiif.dl.itc.u-tokyo.ac.jp/repo/s/koten/document/de2a9abc-62d1-1943-32b4-156471ef8c5c,https://www.lib.u-tokyo.ac.jp/ja/library/contents/archives-top/reuse,https://iiif.dl.itc.u-tokyo.ac.jp/repo/files/medium/0dd51a519ed3a06df7c34ce6cd31e11c71330d22.jpg,https://iiif.dl.itc.u-tokyo.ac.jp/repo/api/items/172024,"東京大学総合図書館 General Library, The University of Tokyo, JAPAN",http://iiif.io/api/presentation/2#rightToLeftDirection,,総合図書館所蔵古典籍,0026,,https://iiif.dl.itc.u-tokyo.ac.jp/repo/iiif/172024/manifest,,,,,44
天目中峯和尚廣録,A00:6112,テンモク チュウホウ オショウ コウロク,,,不明,不明,不明,15冊,刊,大,"古活字版
マイクロフィルム番号:7-20-1",中国語,漢籍,,http://tify.sub.uni-goettingen.de/demo.html?manifest=https://archdataset.dl.itc.u-tokyo.ac.jp/manifest/652f540f-9d21-0493-7728-52e359fe4292.json,652f540f-9d21-0493-7728-52e359fe4292,https://iiif.dl.itc.u-tokyo.ac.jp/repo/s/koten/,https://iiif.dl.itc.u-tokyo.ac.jp/repo/s/koten/document/652f540f-9d21-0493-7728-52e359fe4292,https://www.lib.u-tokyo.ac.jp/ja/library/contents/archives-top/reuse,https://iiif.dl.itc.u-tokyo.ac.jp/repo/files/medium/a3326d7ec620471349ba29dd9dfca64a1756c2df.jpg,https://iiif.dl.itc.u-tokyo.ac.jp/repo/api/items/172023,"東京大学総合図書館 General Library, The University of Tokyo, JAPAN",http://iiif.io/api/presentation/2#rightToLeftDirection,,総合図書館所蔵古典籍,0027,,https://iiif.dl.itc.u-tokyo.ac.jp/repo/iiif/172023/manifest,,,,,810
砂按子蠨蛸図説,A00:5846,サズイシ ショウショウ ズセツ,,前田利保[著],不明,1838,天保9,1冊,写,大,"分類:動物
マイクロフィルム番号:7-22-17",日本語,和古書,,http://tify.sub.uni-goettingen.de/demo.html?manifest=https://archdataset.dl.itc.u-tokyo.ac.jp/manifest/0178c1cb-097d-7ac2-2563-307ae3b80eef.json,0178c1cb-097d-7ac2-2563-307ae3b80eef,https://iiif.dl.itc.u-tokyo.ac.jp/repo/s/koten/,https://iiif.dl.itc.u-tokyo.ac.jp/repo/s/koten/document/0178c1cb-097d-7ac2-2563-307ae3b80eef,https://www.lib.u-tokyo.ac.jp/ja/library/contents/archives-top/reuse,https://iiif.dl.itc.u-tokyo.ac.jp/repo/files/medium/230e3056b8de62819732472addd1456a1b1ceb83.jpg,https://iiif.dl.itc.u-tokyo.ac.jp/repo/api/items/172010,"東京大学総合図書館 General Library, The University of Tokyo, JAPAN",http://iiif.io/api/presentation/2#rightToLeftDirection,,総合図書館所蔵古典籍,0028,,https://iiif.dl.itc.u-tokyo.ac.jp/repo/iiif/172010/manifest,,,,,20
百鬼夜行図,A00:6275,ヒャッキ ヤコウズ,百鬼夜行絵巻,土佐行秀画,不明,不明,不明,1軸,写,大,"蔭山広迢模写
分類:絵巻
マイクロフィルム番号:8-8-2",日本語,和古書,,http://tify.sub.uni-goettingen.de/demo.html?manifest=https://archdataset.dl.itc.u-tokyo.ac.jp/manifest/c572fe8a-6eb0-5b58-5b97-5f68e8786681.json,c572fe8a-6eb0-5b58-5b97-5f68e8786681,https://iiif.dl.itc.u-tokyo.ac.jp/repo/s/koten/,https://iiif.dl.itc.u-tokyo.ac.jp/repo/s/koten/document/c572fe8a-6eb0-5b58-5b97-5f68e8786681,https://www.lib.u-tokyo.ac.jp/ja/library/contents/archives-top/reuse,https://iiif.dl.itc.u-tokyo.ac.jp/repo/files/medium/70ee406f0a722e96295858d115af56f2b70b6713.jpg,https://iiif.dl.itc.u-tokyo.ac.jp/repo/api/items/171974,"東京大学総合図書館 General Library, The University of Tokyo, JAPAN",http://iiif.io/api/presentation/2#rightToLeftDirection,,総合図書館所蔵古典籍,0029,,https://iiif.dl.itc.u-tokyo.ac.jp/repo/iiif/171974/manifest,,,,,18
解体約図,A00:6553,カイタイ ヤクズ,,杉田玄白[著] ; 中川淳庵校 ; 熊谷元章圖,江戸 : 須原屋市兵衛,1773,安永2,5鋪(1袋入),刊,42×27 cm (42×14  cm),"分類:医学
マイクロフィルム番号:9-27-7",日本語,和古書,鶚軒文庫,http://tify.sub.uni-goettingen.de/demo.html?manifest=https://archdataset.dl.itc.u-tokyo.ac.jp/manifest/a28d0e4c-8db1-8bb0-32f8-f8967759382a.json,a28d0e4c-8db1-8bb0-32f8-f8967759382a,https://iiif.dl.itc.u-tokyo.ac.jp/repo/s/koten/,https://iiif.dl.itc.u-tokyo.ac.jp/repo/s/koten/document/a28d0e4c-8db1-8bb0-32f8-f8967759382a,https://www.lib.u-tokyo.ac.jp/ja/library/contents/archives-top/reuse,https://iiif.dl.itc.u-tokyo.ac.jp/repo/files/medium/729afcfd968827f9e7f7b2727f6ad297e8540077.jpg,https://iiif.dl.itc.u-tokyo.ac.jp/repo/api/items/171980,"東京大学総合図書館 General Library, The University of Tokyo, JAPAN",http://iiif.io/api/presentation/2#rightToLeftDirection,,総合図書館所蔵古典籍,0030,,https://iiif.dl.itc.u-tokyo.ac.jp/repo/iiif/171980/manifest,,,,,6
年中行事之図,A00:6567,ネンジュウ ギョウジ ノ ズ,,菱川師宣画,不明,1680,延宝8,1冊(帙入),刊,26 cm,"元禄四年(鱒形屋)版模刻本  月次のあそびの原版
分類:絵画
マイクロフィルム番号:9-27-5",日本語,和古書,,http://tify.sub.uni-goettingen.de/demo.html?manifest=https://archdataset.dl.itc.u-tokyo.ac.jp/manifest/931470e4-2b79-31e5-8f8f-88fda806638d.json,931470e4-2b79-31e5-8f8f-88fda806638d,https://iiif.dl.itc.u-tokyo.ac.jp/repo/s/koten/,https://iiif.dl.itc.u-tokyo.ac.jp/repo/s/koten/document/931470e4-2b79-31e5-8f8f-88fda806638d,https://www.lib.u-tokyo.ac.jp/ja/library/contents/archives-top/reuse,https://iiif.dl.itc.u-tokyo.ac.jp/repo/files/medium/1b1e4567f2b805fa34978819e1d7a8e5c87cc542.jpg,https://iiif.dl.itc.u-tokyo.ac.jp/repo/api/items/172002,"東京大学総合図書館 General Library, The University of Tokyo, JAPAN",http://iiif.io/api/presentation/2#rightToLeftDirection,,総合図書館所蔵古典籍,0031,,https://iiif.dl.itc.u-tokyo.ac.jp/repo/iiif/172002/manifest,,,,,27
論語集解,A00:4595,ロンゴ シッカイ,,何晏[著],不明,不明,不明,10巻2冊,写,中,"古写本
分類:漢学
マイクロフィルム番号:9-28-4",中国語,漢籍,南葵文庫,http://tify.sub.uni-goettingen.de/demo.html?manifest=https://archdataset.dl.itc.u-tokyo.ac.jp/manifest/61efab97-3bcc-05f9-17a0-508a6296978f.json,61efab97-3bcc-05f9-17a0-508a6296978f,https://iiif.dl.itc.u-tokyo.ac.jp/repo/s/koten/,https://iiif.dl.itc.u-tokyo.ac.jp/repo/s/koten/document/61efab97-3bcc-05f9-17a0-508a6296978f,https://www.lib.u-tokyo.ac.jp/ja/library/contents/archives-top/reuse,https://iiif.dl.itc.u-tokyo.ac.jp/repo/files/medium/41eb76861f1fa798a1d5171dc92692b9b43d1544.jpg,https://iiif.dl.itc.u-tokyo.ac.jp/repo/api/items/172006,"東京大学総合図書館 General Library, The University of Tokyo, JAPAN",http://iiif.io/api/presentation/2#rightToLeftDirection,,総合図書館所蔵古典籍,0032,,https://iiif.dl.itc.u-tokyo.ac.jp/repo/iiif/172006/manifest,,,,,125
論語集解,A00:6396,ロンゴ シッカイ,,何晏[著],不明,室町時代,室町時代,1冊,写,大,"表紙ニ「春浦宗熈禅師眞跡一休同時之人  明應五年正月十四日八十八」ト書入アリ
分類:漢学
マイクロフィルム番号:9-28-3",中国語,漢籍,,http://tify.sub.uni-goettingen.de/demo.html?manifest=https://archdataset.dl.itc.u-tokyo.ac.jp/manifest/9ee510e1-7088-63e6-0403-65be28f00bfe.json,9ee510e1-7088-63e6-0403-65be28f00bfe,https://iiif.dl.itc.u-tokyo.ac.jp/repo/s/koten/,https://iiif.dl.itc.u-tokyo.ac.jp/repo/s/koten/document/9ee510e1-7088-63e6-0403-65be28f00bfe,https://www.lib.u-tokyo.ac.jp/ja/library/contents/archives-top/reuse,https://iiif.dl.itc.u-tokyo.ac.jp/repo/files/medium/e7a5956b7392ee31a7235ee1f9b42534ad5766c0.jpg,https://iiif.dl.itc.u-tokyo.ac.jp/repo/api/items/172006,"東京大学総合図書館 General Library, The University of Tokyo, JAPAN",http://iiif.io/api/presentation/2#rightToLeftDirection,,総合図書館所蔵古典籍,0033,,https://iiif.dl.itc.u-tokyo.ac.jp/repo/iiif/172006/manifest,,,,,22
修要抄,A00:5907,シュウヨウショウ,,心養[著],不明,1779,安永8,3冊,写,大,"分類:修験道
マイクロフィルム番号:9-29-14",日本語,和古書,,http://tify.sub.uni-goettingen.de/demo.html?manifest=https://archdataset.dl.itc.u-tokyo.ac.jp/manifest/5dfe4131-2a2a-4b42-92b9-561053727994.json,5dfe4131-2a2a-4b42-92b9-561053727994,https://iiif.dl.itc.u-tokyo.ac.jp/repo/s/koten/,https://iiif.dl.itc.u-tokyo.ac.jp/repo/s/koten/document/5dfe4131-2a2a-4b42-92b9-561053727994,https://www.lib.u-tokyo.ac.jp/ja/library/contents/archives-top/reuse,https://iiif.dl.itc.u-tokyo.ac.jp/repo/files/medium/7671d4492a4077dab2b6c5dbb697814275cfa0d5.jpg,https://iiif.dl.itc.u-tokyo.ac.jp/repo/api/items/172017,"東京大学総合図書館 General Library, The University of Tokyo, JAPAN",http://iiif.io/api/presentation/2#rightToLeftDirection,,総合図書館所蔵古典籍,0034,,https://iiif.dl.itc.u-tokyo.ac.jp/repo/iiif/172017/manifest,,,,,200
有の儘,A00:4163,アリノママ,ありのまま,陸可彦撰 ; 飯田備[抄],京都,1807,文化4,5冊,刊,中,"分類:随筆
マイクロフィルム番号:9-31-16",日本語,和古書,,http://tify.sub.uni-goettingen.de/demo.html?manifest=https://archdataset.dl.itc.u-tokyo.ac.jp/manifest/b2669333-a52b-5b93-3075-be6faf961e9e.json,b2669333-a52b-5b93-3075-be6faf961e9e,https://iiif.dl.itc.u-tokyo.ac.jp/repo/s/koten/,https://iiif.dl.itc.u-tokyo.ac.jp/repo/s/koten/document/b2669333-a52b-5b93-3075-be6faf961e9e,https://www.lib.u-tokyo.ac.jp/ja/library/contents/archives-top/reuse,https://iiif.dl.itc.u-tokyo.ac.jp/repo/files/medium/6c258b9872fa28d7331f320028232cf50068403d.jpg,https://iiif.dl.itc.u-tokyo.ac.jp/repo/api/items/171963,"東京大学総合図書館 General Library, The University of Tokyo, JAPAN",http://iiif.io/api/presentation/2#rightToLeftDirection,,総合図書館所蔵古典籍,0035,,https://iiif.dl.itc.u-tokyo.ac.jp/repo/iiif/171963/manifest,,,,,108
文林妙錦萬寶全書,A00:6062,ブンリン ミョウキン バンポウ ゼンショ,,劉子明編,不明,1612,萬暦40,38巻10冊,刊,中,マイクロフィルム番号:9-31-14,中国語,漢籍,,http://tify.sub.uni-goettingen.de/demo.html?manifest=https://archdataset.dl.itc.u-tokyo.ac.jp/manifest/2ed9a6cb-8162-5a55-06d0-5156269260cc.json,2ed9a6cb-8162-5a55-06d0-5156269260cc,https://iiif.dl.itc.u-tokyo.ac.jp/repo/s/koten/,https://iiif.dl.itc.u-tokyo.ac.jp/repo/s/koten/document/2ed9a6cb-8162-5a55-06d0-5156269260cc,https://www.lib.u-tokyo.ac.jp/ja/library/contents/archives-top/reuse,https://iiif.dl.itc.u-tokyo.ac.jp/repo/files/medium/42e43eaedcea0c58d99356bbe7e5e774ffa36316.jpg,https://iiif.dl.itc.u-tokyo.ac.jp/repo/api/items/171964,"東京大学総合図書館 General Library, The University of Tokyo, JAPAN",http://iiif.io/api/presentation/2#rightToLeftDirection,,総合図書館所蔵古典籍,0036,,https://iiif.dl.itc.u-tokyo.ac.jp/repo/iiif/171964/manifest,,,,,759
琉球贈答,A00:4291,リュウキュウ ゾウトウ,,林読耕斎[著],不明,不明,不明,1冊,写,大,"「読耕齋家藏」印アリ
分類:漢詩文
マイクロフィルム番号:10-4-4",日本語,和古書,,http://tify.sub.uni-goettingen.de/demo.html?manifest=https://archdataset.dl.itc.u-tokyo.ac.jp/manifest/a6c6e6f3-84a9-339a-1eb9-52287aca5326.json,a6c6e6f3-84a9-339a-1eb9-52287aca5326,https://iiif.dl.itc.u-tokyo.ac.jp/repo/s/koten/,https://iiif.dl.itc.u-tokyo.ac.jp/repo/s/koten/document/a6c6e6f3-84a9-339a-1eb9-52287aca5326,https://www.lib.u-tokyo.ac.jp/ja/library/contents/archives-top/reuse,https://iiif.dl.itc.u-tokyo.ac.jp/repo/files/medium/2eac86e4d92be9060957c38446d2a27954692da2.jpg,https://iiif.dl.itc.u-tokyo.ac.jp/repo/api/items/172008,"東京大学総合図書館 General Library, The University of Tokyo, JAPAN",http://iiif.io/api/presentation/2#rightToLeftDirection,,総合図書館所蔵古典籍,0037,,https://iiif.dl.itc.u-tokyo.ac.jp/repo/iiif/172008/manifest,,,,,48
今鏡,A00:6138,イマカガミ,続世継物語,,不明,不明,不明,1冊,写,小,"二条為定筆題簽 : 続世継物語
分類:歴史物語
マイクロフィルム番号:10-16-23",日本語,和古書,南葵文庫,http://tify.sub.uni-goettingen.de/demo.html?manifest=https://archdataset.dl.itc.u-tokyo.ac.jp/manifest/d30e06d5-8001-357f-3b60-469a2d9b1da8.json,d30e06d5-8001-357f-3b60-469a2d9b1da8,https://iiif.dl.itc.u-tokyo.ac.jp/repo/s/koten/,https://iiif.dl.itc.u-tokyo.ac.jp/repo/s/koten/document/d30e06d5-8001-357f-3b60-469a2d9b1da8,https://www.lib.u-tokyo.ac.jp/ja/library/contents/archives-top/reuse,https://iiif.dl.itc.u-tokyo.ac.jp/repo/files/medium/5de73de2c05e454f1e155c6fc3c06b918aabf80b.jpg,https://iiif.dl.itc.u-tokyo.ac.jp/repo/api/items/172030,"東京大学総合図書館 General Library, The University of Tokyo, JAPAN",http://iiif.io/api/presentation/2#rightToLeftDirection,,総合図書館所蔵古典籍,0038,,https://iiif.dl.itc.u-tokyo.ac.jp/repo/iiif/172030/manifest,,,,,58
こあつもり,A00:6051,コアツモリ,,,不明,不明,不明,1冊,刊,小,"分類:浄瑠璃
マイクロフィルム番号:8-9-6",日本語,和古書,,http://tify.sub.uni-goettingen.de/demo.html?manifest=https://archdataset.dl.itc.u-tokyo.ac.jp/manifest/7234f107-20b2-3791-0f00-2ae032039cd0.json,7234f107-20b2-3791-0f00-2ae032039cd0,https://iiif.dl.itc.u-tokyo.ac.jp/repo/s/koten/,https://iiif.dl.itc.u-tokyo.ac.jp/repo/s/koten/document/7234f107-20b2-3791-0f00-2ae032039cd0,https://www.lib.u-tokyo.ac.jp/ja/library/contents/archives-top/reuse,https://iiif.dl.itc.u-tokyo.ac.jp/repo/files/medium/f1e234fe33953835d87be2a8f0e58913c1c352ba.jpg,https://iiif.dl.itc.u-tokyo.ac.jp/repo/api/items/171988,"東京大学総合図書館 General Library, The University of Tokyo, JAPAN",http://iiif.io/api/presentation/2#rightToLeftDirection,,総合図書館所蔵古典籍,0039,,https://iiif.dl.itc.u-tokyo.ac.jp/repo/iiif/171988/manifest,,,,,26
新古今和歌集,A00:6326,シンコキン  ワカシュウ,,,不明,室町末期,室町末期,2冊,写,大,"分類:歌集
マイクロフィルム番号:6-13-6",日本語,和古書,,http://tify.sub.uni-goettingen.de/demo.html?manifest=https://archdataset.dl.itc.u-tokyo.ac.jp/manifest/7dbdd04c-5fd9-902e-631a-7d3d199d1ed8.json,7dbdd04c-5fd9-902e-631a-7d3d199d1ed8,https://iiif.dl.itc.u-tokyo.ac.jp/repo/s/koten/,https://iiif.dl.itc.u-tokyo.ac.jp/repo/s/koten/document/7dbdd04c-5fd9-902e-631a-7d3d199d1ed8,https://www.lib.u-tokyo.ac.jp/ja/library/contents/archives-top/reuse,https://iiif.dl.itc.u-tokyo.ac.jp/repo/files/medium/fd1707b8afc740a3f2d51e380cfa4985b7221efd.jpg,https://iiif.dl.itc.u-tokyo.ac.jp/repo/api/items/172012,"東京大学総合図書館 General Library, The University of Tokyo, JAPAN",http://iiif.io/api/presentation/2#rightToLeftDirection,,総合図書館所蔵古典籍,0040,,https://iiif.dl.itc.u-tokyo.ac.jp/repo/iiif/172012/manifest,,,,,227
刺腫攷,A00:6110,シシュ コウ,,小川忠善,不明,不明,不明,1冊,写,中,"書写者 喜多村栲窓「右侍医典薬小川忠善所著也辛亥初夏従僚友井上玄亮借録是蔵五月竹醉日識手還読齋中直寛」の奥書あり
分類:医学
マイクロフィルム番号:2-7-3",日本語,和古書,,http://tify.sub.uni-goettingen.de/demo.html?manifest=https://archdataset.dl.itc.u-tokyo.ac.jp/manifest/d5007242-2ecb-8bfd-0604-2083fc477fff.json,d5007242-2ecb-8bfd-0604-2083fc477fff,https://iiif.dl.itc.u-tokyo.ac.jp/repo/s/koten/,https://iiif.dl.itc.u-tokyo.ac.jp/repo/s/koten/document/d5007242-2ecb-8bfd-0604-2083fc477fff,https://www.lib.u-tokyo.ac.jp/ja/library/contents/archives-top/reuse,https://iiif.dl.itc.u-tokyo.ac.jp/repo/files/medium/6912452c5c0b8e147259f89dce2c6032ea6063c8.jpg,https://iiif.dl.itc.u-tokyo.ac.jp/repo/api/items/172013,"東京大学総合図書館 General Library, The University of Tokyo, JAPAN",http://iiif.io/api/presentation/2#rightToLeftDirection,,総合図書館所蔵古典籍,0041,,https://iiif.dl.itc.u-tokyo.ac.jp/repo/iiif/172013/manifest,,,,,6
源氏物語.  箒木,A00:6029,ゲンジ モノガタリ ハハキギ,,紫式部著 ; 足代弘訓校書入,不明,不明,不明,1冊,写,大,"印記 :青洲文庫表示に「足代弘訓蔵」とあり巻首に「寛居」の朱印あり巻末に「文政二年九月二十四日春木晶光神もりとよみをへぬ。(朱書)文化十三年六月七日湖月抄にて丁付を弘訓しるしぬ。六月八日玉のをくしをもて異同を校合しぬ、同年霜月二十七日湖月抄をもて一河繁樹とよみくらへぬ。」とあり
分類:物語
マイクロフィルム番号:3-2-2",日本語,和古書,青洲文庫,http://tify.sub.uni-goettingen.de/demo.html?manifest=https://archdataset.dl.itc.u-tokyo.ac.jp/manifest/6dadf5fc-63b2-43b2-8459-fd004ff15ab3.json,6dadf5fc-63b2-43b2-8459-fd004ff15ab3,https://iiif.dl.itc.u-tokyo.ac.jp/repo/s/koten/,https://iiif.dl.itc.u-tokyo.ac.jp/repo/s/koten/document/6dadf5fc-63b2-43b2-8459-fd004ff15ab3,https://www.lib.u-tokyo.ac.jp/ja/library/contents/archives-top/reuse,https://iiif.dl.itc.u-tokyo.ac.jp/repo/files/medium/de0142ff0b3bb49bff2a40d1c6279314d6c55d4a.jpg,https://iiif.dl.itc.u-tokyo.ac.jp/repo/api/items/171971,"東京大学総合図書館 General Library, The University of Tokyo, JAPAN",http://iiif.io/api/presentation/2#rightToLeftDirection,,総合図書館所蔵古典籍,0042,,https://iiif.dl.itc.u-tokyo.ac.jp/repo/iiif/171971/manifest,,,,,83
本朝国史目録 ; 本朝法家文書目録,A00:4013,ホンチョウ コクシ モクロク ; ホンチョウ ホウカ モンジョ モクロク,国史法家書目録,,不明,不明,不明,1冊,写,大,"本朝国史目録と本朝法家文書目録との合綴印記 : 陽春盧記印記 : 南葵文庫
分類:書目
マイクロフィルム番号:3-4-11",日本語,和古書,南葵文庫,http://tify.sub.uni-goettingen.de/demo.html?manifest=https://archdataset.dl.itc.u-tokyo.ac.jp/manifest/e080e17f-84a0-18b9-686e-d4e496200318.json,e080e17f-84a0-18b9-686e-d4e496200318,https://iiif.dl.itc.u-tokyo.ac.jp/repo/s/koten/,https://iiif.dl.itc.u-tokyo.ac.jp/repo/s/koten/document/e080e17f-84a0-18b9-686e-d4e496200318,https://www.lib.u-tokyo.ac.jp/ja/library/contents/archives-top/reuse,https://iiif.dl.itc.u-tokyo.ac.jp/repo/files/medium/83378e737107fcdd10be25c1a235458d001e4a14.jpg,https://iiif.dl.itc.u-tokyo.ac.jp/repo/api/items/171991,"東京大学総合図書館 General Library, The University of Tokyo, JAPAN",http://iiif.io/api/presentation/2#rightToLeftDirection,,総合図書館所蔵古典籍,0043,,https://iiif.dl.itc.u-tokyo.ac.jp/repo/iiif/171991/manifest,,,,,28
救荒本草紀聞,A00:5915,キュウコウ ホンゾウ キブン,救荒本草紀聞及救荒野譜紀聞並附,田村藍水著 ; 森約之編,江戸,1854,嘉永7,17巻1冊,写,中,"書写者 森約之父印記 : 田中本森氏の朱印あり救荒野譜紀聞と合綴奥書ニ「此書家大人幼弱時待聴於田邸先生所聞紀予戊申秋取而糊製頗有逸脱因補抄以道純本末附本綱記聞數●道純亦当時共待同紀然互有出入異同詳●於是今亦補標于彼之●長所詳以備後日之看予先不誌支于此來有故往々改觀救荒於是乎今追書于先年往事如此云嘉永七甲寅九月二十有四日題誌写米華佗剛読書屋 沈催 漁澂為所 揺荻●約之」
分類:本草
マイクロフィルム番号:3-4-24",日本語,和古書,,http://tify.sub.uni-goettingen.de/demo.html?manifest=https://archdataset.dl.itc.u-tokyo.ac.jp/manifest/dfd2b41e-674b-3add-832f-44cf689100f0.json,dfd2b41e-674b-3add-832f-44cf689100f0,https://iiif.dl.itc.u-tokyo.ac.jp/repo/s/koten/,https://iiif.dl.itc.u-tokyo.ac.jp/repo/s/koten/document/dfd2b41e-674b-3add-832f-44cf689100f0,https://www.lib.u-tokyo.ac.jp/ja/library/contents/archives-top/reuse,https://iiif.dl.itc.u-tokyo.ac.jp/repo/files/medium/3bcd01f3ce128c85c76d3f3bfaa96e14ba7ca043.jpg,https://iiif.dl.itc.u-tokyo.ac.jp/repo/api/items/171996,"東京大学総合図書館 General Library, The University of Tokyo, JAPAN",http://iiif.io/api/presentation/2#rightToLeftDirection,,総合図書館所蔵古典籍,0044,,https://iiif.dl.itc.u-tokyo.ac.jp/repo/iiif/171996/manifest,,,,,63
救荒野譜紀聞,A00:5916,キュウコウ ヤフ キブン,,太田玄澄,不明,1849,嘉永2,1巻1冊,写,中,"書写者 : 森約之印記 : 田中本太田玄澄撰救荒本草紀聞に合綴
分類:本草
マイクロフィルム番号:3-4-25",日本語,和古書,,http://tify.sub.uni-goettingen.de/demo.html?manifest=https://archdataset.dl.itc.u-tokyo.ac.jp/manifest/87131215-927e-72ea-2c14-5a7995585566.json,87131215-927e-72ea-2c14-5a7995585566,https://iiif.dl.itc.u-tokyo.ac.jp/repo/s/koten/,https://iiif.dl.itc.u-tokyo.ac.jp/repo/s/koten/document/87131215-927e-72ea-2c14-5a7995585566,https://www.lib.u-tokyo.ac.jp/ja/library/contents/archives-top/reuse,https://iiif.dl.itc.u-tokyo.ac.jp/repo/files/medium/d605c54975529ffbc09d2e88c73aaeac2375c75c.jpg,https://iiif.dl.itc.u-tokyo.ac.jp/repo/api/items/171998,"東京大学総合図書館 General Library, The University of Tokyo, JAPAN",http://iiif.io/api/presentation/2#rightToLeftDirection,,総合図書館所蔵古典籍,0045,,https://iiif.dl.itc.u-tokyo.ac.jp/repo/iiif/171998/manifest,,,,,81
周定王救荒本草和名選,A00:5921,シュウテイオウ キュウコウ ホンゾウ ワメイセン,,曽占春著,不明,1851,嘉永4,14巻1冊,写,中,"書写者 : 森約之養真印記 : 田中本森氏の朱印あり巻頭ニ「書中和名等之假名往々有脱落者悉如原而不敢改補云嘉永辛亥七月森約之養真職 明周定王●有救荒本草李時珍本草綱目●戴至多然時珍稱為周憲王則以為●子有檄●作未免舛謬乃知救荒本草原定王●撰也」 巻末ニ「辛亥七月十三日書干柳原僑居之南廰下了 森約之」トアリ
分類:本草
マイクロフィルム番号:3-4-26",日本語,和古書,,http://tify.sub.uni-goettingen.de/demo.html?manifest=https://archdataset.dl.itc.u-tokyo.ac.jp/manifest/4bfbdac2-9c96-3d5b-4582-e0b237826c0d.json,4bfbdac2-9c96-3d5b-4582-e0b237826c0d,https://iiif.dl.itc.u-tokyo.ac.jp/repo/s/koten/,https://iiif.dl.itc.u-tokyo.ac.jp/repo/s/koten/document/4bfbdac2-9c96-3d5b-4582-e0b237826c0d,https://www.lib.u-tokyo.ac.jp/ja/library/contents/archives-top/reuse,https://iiif.dl.itc.u-tokyo.ac.jp/repo/files/medium/0d207a6239561800fdfa7944ead9e63c207349f3.jpg,https://iiif.dl.itc.u-tokyo.ac.jp/repo/api/items/171997,"東京大学総合図書館 General Library, The University of Tokyo, JAPAN",http://iiif.io/api/presentation/2#rightToLeftDirection,,総合図書館所蔵古典籍,0046,,https://iiif.dl.itc.u-tokyo.ac.jp/repo/iiif/171997/manifest,,,,,34
楽制篇,A00:5930,ガクセイヘン,,荻生徂徠,江戸,1789,寛政1,1冊,写,中,"書写者 : 近藤守重 印記 : 陽春盧記印記 : 正斎蔵印記 : 南葵文庫
分類:音楽
マイクロフィルム番号:3-4-19",日本語,和古書,南葵文庫,http://tify.sub.uni-goettingen.de/demo.html?manifest=https://archdataset.dl.itc.u-tokyo.ac.jp/manifest/51763842-91db-9f72-a2d2-87cf990007e1.json,51763842-91db-9f72-a2d2-87cf990007e1,https://iiif.dl.itc.u-tokyo.ac.jp/repo/s/koten/,https://iiif.dl.itc.u-tokyo.ac.jp/repo/s/koten/document/51763842-91db-9f72-a2d2-87cf990007e1,https://www.lib.u-tokyo.ac.jp/ja/library/contents/archives-top/reuse,https://iiif.dl.itc.u-tokyo.ac.jp/repo/files/medium/0c62bac5bc6479d439d9f96a8e28fcc253ce7974.jpg,https://iiif.dl.itc.u-tokyo.ac.jp/repo/api/items/171969,"東京大学総合図書館 General Library, The University of Tokyo, JAPAN",http://iiif.io/api/presentation/2#rightToLeftDirection,,総合図書館所蔵古典籍,0047,,https://iiif.dl.itc.u-tokyo.ac.jp/repo/iiif/171969/manifest,,,,,52
柳南鯨記,A00:5849,リュウナン ゲイキ,鯨族譜,谷村柳南編,不明,不明,不明,1冊,写,大,"分類:動物
マイクロフィルム番号:3-5-4",日本語,和古書,,http://tify.sub.uni-goettingen.de/demo.html?manifest=https://archdataset.dl.itc.u-tokyo.ac.jp/manifest/1f2ed9da-a2cf-4033-2086-2d3e3fb09386.json,1f2ed9da-a2cf-4033-2086-2d3e3fb09386,https://iiif.dl.itc.u-tokyo.ac.jp/repo/s/koten/,https://iiif.dl.itc.u-tokyo.ac.jp/repo/s/koten/document/1f2ed9da-a2cf-4033-2086-2d3e3fb09386,https://www.lib.u-tokyo.ac.jp/ja/library/contents/archives-top/reuse,https://iiif.dl.itc.u-tokyo.ac.jp/repo/files/medium/fc6ea3a39309083a5a5dc560ec23b335773f77bc.jpg,https://iiif.dl.itc.u-tokyo.ac.jp/repo/api/items/171970,"東京大学総合図書館 General Library, The University of Tokyo, JAPAN",http://iiif.io/api/presentation/2#rightToLeftDirection,,総合図書館所蔵古典籍,0048,,https://iiif.dl.itc.u-tokyo.ac.jp/repo/iiif/171970/manifest,,,,,49
孝行録,A00:5871,コウコウロク,,,不明,不明,不明,1帙,写,大,"印記 : 南葵文庫
分類:教訓
マイクロフィルム番号:3-5-13",日本語,和古書,南葵文庫,http://tify.sub.uni-goettingen.de/demo.html?manifest=https://archdataset.dl.itc.u-tokyo.ac.jp/manifest/5778a1c4-1b8f-1dfc-24b5-38be7fcc1dab.json,5778a1c4-1b8f-1dfc-24b5-38be7fcc1dab,https://iiif.dl.itc.u-tokyo.ac.jp/repo/s/koten/,https://iiif.dl.itc.u-tokyo.ac.jp/repo/s/koten/document/5778a1c4-1b8f-1dfc-24b5-38be7fcc1dab,https://www.lib.u-tokyo.ac.jp/ja/library/contents/archives-top/reuse,https://iiif.dl.itc.u-tokyo.ac.jp/repo/files/medium/a6dd15f17241b3ef620f27aeb5b3b5f1b20263dd.jpg,https://iiif.dl.itc.u-tokyo.ac.jp/repo/api/items/171990,"東京大学総合図書館 General Library, The University of Tokyo, JAPAN",http://iiif.io/api/presentation/2#rightToLeftDirection,,総合図書館所蔵古典籍,0049,,https://iiif.dl.itc.u-tokyo.ac.jp/repo/iiif/171990/manifest,,,,,41
藻芥,A00:6390,モクズ,,中院通茂著,[京都],不明,不明,2冊,写,大,"自筆稿本印記 : 萩野本内藤耻叟の蔵書印あり奥書ニ「右中院通茂公自筆歌集二冊自貞享四年●至宝永二年●全備後宝永七年三月二十一日薨年八十云 此出明治二十八年頃得之於東京下谷文明堂可珍 内藤耻叟書之」トアリ
分類:歌集
マイクロフィルム番号:3-13-10",日本語,和古書,,http://tify.sub.uni-goettingen.de/demo.html?manifest=https://archdataset.dl.itc.u-tokyo.ac.jp/manifest/ecdb69c8-a18d-42d5-3df7-f2f4bccf096a.json,ecdb69c8-a18d-42d5-3df7-f2f4bccf096a,https://iiif.dl.itc.u-tokyo.ac.jp/repo/s/koten/,https://iiif.dl.itc.u-tokyo.ac.jp/repo/s/koten/document/ecdb69c8-a18d-42d5-3df7-f2f4bccf096a,https://www.lib.u-tokyo.ac.jp/ja/library/contents/archives-top/reuse,https://iiif.dl.itc.u-tokyo.ac.jp/repo/files/medium/930f1a8036aea151b20a78e6b1c644f61277f02b.jpg,https://iiif.dl.itc.u-tokyo.ac.jp/repo/api/items/171999,"東京大学総合図書館 General Library, The University of Tokyo, JAPAN",http://iiif.io/api/presentation/2#rightToLeftDirection,,総合図書館所蔵古典籍,0050,,https://iiif.dl.itc.u-tokyo.ac.jp/repo/iiif/171999/manifest,,,,,171
今は昔,A00:4089,イマ ワ ムカシ,今物語,,不明,不明,不明,1冊,写,大,"書写者 : 黒澤翁満印記 : ●居蔵書書後ニ「これの物語ふみもしの誤いと多くて中にはことの心わきかたきさへ●あなる然はあれとも今写すにいささかもさかしらをましへすあやまりけに見ゆるふしくはもしの形をさへに●がままに物し待るなりつきくかうかんたしなむ物● もんせうのむとせといふとしの平翁満きさらきのつこもりかた」トアリ黒澤翁満自筆本。表紙ニ「今物語」トモ並記アルモ信実ノソレトハ違ル、「今は昔」トハ巻頭ノ文句ニアリテ表紙ニモ(翁満筆ナラム)アリ。コノ書ト同内容ノモノノ版本(「世継物語」ト題セル由)アル由。
分類:物語
マイクロフィルム番号:3-14-21",日本語,和古書,,http://tify.sub.uni-goettingen.de/demo.html?manifest=https://archdataset.dl.itc.u-tokyo.ac.jp/manifest/ca9dfffb-8019-569c-7af5-b0e1e79422c1.json,ca9dfffb-8019-569c-7af5-b0e1e79422c1,https://iiif.dl.itc.u-tokyo.ac.jp/repo/s/koten/,https://iiif.dl.itc.u-tokyo.ac.jp/repo/s/koten/document/ca9dfffb-8019-569c-7af5-b0e1e79422c1,https://www.lib.u-tokyo.ac.jp/ja/library/contents/archives-top/reuse,https://iiif.dl.itc.u-tokyo.ac.jp/repo/files/medium/6ef82bc6e7c96d3eb0d4c497276d794d54cabf51.jpg,https://iiif.dl.itc.u-tokyo.ac.jp/repo/api/items/171976,"東京大学総合図書館 General Library, The University of Tokyo, JAPAN",http://iiif.io/api/presentation/2#rightToLeftDirection,,総合図書館所蔵古典籍,0051,,https://iiif.dl.itc.u-tokyo.ac.jp/repo/iiif/171976/manifest,,,,,30
和清人魏惟度八居韻,A00:6412,シンジン ギユイド ハッキョ ノ イン ニ ワス,和清人八居韻,新井白石著,江戸,不明,不明,1冊,写,中,"印記 : 萩野本奥書ニ「白石先生手書由之印」トアリ
分類:漢詩
マイクロフィルム番号:3-31-13",日本語,和古書,,http://tify.sub.uni-goettingen.de/demo.html?manifest=https://archdataset.dl.itc.u-tokyo.ac.jp/manifest/ed146214-5a40-5419-7770-bdb8f8ef4ae2.json,ed146214-5a40-5419-7770-bdb8f8ef4ae2,https://iiif.dl.itc.u-tokyo.ac.jp/repo/s/koten/,https://iiif.dl.itc.u-tokyo.ac.jp/repo/s/koten/document/ed146214-5a40-5419-7770-bdb8f8ef4ae2,https://www.lib.u-tokyo.ac.jp/ja/library/contents/archives-top/reuse,https://iiif.dl.itc.u-tokyo.ac.jp/repo/files/medium/b985b95f5fbe4de37b93709d7af99ff43d1f07ee.jpg,https://iiif.dl.itc.u-tokyo.ac.jp/repo/api/items/172028,"東京大学総合図書館 General Library, The University of Tokyo, JAPAN",http://iiif.io/api/presentation/2#rightToLeftDirection,,総合図書館所蔵古典籍,0052,,https://iiif.dl.itc.u-tokyo.ac.jp/repo/iiif/172028/manifest,,,,,15
島原御影供紋日,A00:4253,シマバラ ミエク ノ モンビ,かはりとよかつしまばらみゑくのもん日,,不明,不明,不明,1冊,刊,中,"題簽は島原御影供紋日
分類:浄瑠璃
マイクロフィルム番号:3-33-7",日本語,和古書,,http://tify.sub.uni-goettingen.de/demo.html?manifest=https://archdataset.dl.itc.u-tokyo.ac.jp/manifest/cc0ebcb2-3979-67e7-712b-9e1f2a688361.json,cc0ebcb2-3979-67e7-712b-9e1f2a688361,https://iiif.dl.itc.u-tokyo.ac.jp/repo/s/koten/,https://iiif.dl.itc.u-tokyo.ac.jp/repo/s/koten/document/cc0ebcb2-3979-67e7-712b-9e1f2a688361,https://www.lib.u-tokyo.ac.jp/ja/library/contents/archives-top/reuse,https://iiif.dl.itc.u-tokyo.ac.jp/repo/files/medium/deba1d4284cccb95802cfa268ae5476bf09cc2b3.jpg,https://iiif.dl.itc.u-tokyo.ac.jp/repo/api/items/171983,"東京大学総合図書館 General Library, The University of Tokyo, JAPAN",http://iiif.io/api/presentation/2#rightToLeftDirection,,総合図書館所蔵古典籍,0053,,https://iiif.dl.itc.u-tokyo.ac.jp/repo/iiif/171983/manifest,,,,,12
犬筑波集,A00:4294,イヌツクバシュウ,新撰犬筑波集,山崎宗鑑著,不明,不明,不明,1冊,刊,小,"印記 : ダルマヤ五一印記 : 坂田文庫印記 : 南葵文庫
分類:俳諧
マイクロフィルム番号:4-9-24",日本語,和古書,南葵文庫,http://tify.sub.uni-goettingen.de/demo.html?manifest=https://archdataset.dl.itc.u-tokyo.ac.jp/manifest/276ad5b5-9b59-9035-1912-c22ddbf56cd5.json,276ad5b5-9b59-9035-1912-c22ddbf56cd5,https://iiif.dl.itc.u-tokyo.ac.jp/repo/s/koten/,https://iiif.dl.itc.u-tokyo.ac.jp/repo/s/koten/document/276ad5b5-9b59-9035-1912-c22ddbf56cd5,https://www.lib.u-tokyo.ac.jp/ja/library/contents/archives-top/reuse,https://iiif.dl.itc.u-tokyo.ac.jp/repo/files/medium/5b0f5c443e81eb74a59493c0673b0f5c33e586c3.jpg,https://iiif.dl.itc.u-tokyo.ac.jp/repo/api/items/171977,"東京大学総合図書館 General Library, The University of Tokyo, JAPAN",http://iiif.io/api/presentation/2#rightToLeftDirection,,総合図書館所蔵古典籍,0054,,https://iiif.dl.itc.u-tokyo.ac.jp/repo/iiif/171977/manifest,,,,,44
麞説,A00:5841,ショウセツ,,栗本瑞仙院(丹洲)著,不明,1819,文政3,1冊,写,大,"丹波元●題字、森枳園自筆奥書印記 : 田中本森氏の朱印あり奥書ニ「此一冊三葉丹洲君手書明治丙子三月二十五棟庵大淵君●贈写 古稀翁枳園 立之」トアリ
分類:動物
マイクロフィルム番号:4-11-12",日本語,和古書,,http://tify.sub.uni-goettingen.de/demo.html?manifest=https://archdataset.dl.itc.u-tokyo.ac.jp/manifest/101a903c-9a91-226d-2b7a-f1b5853d1d6d.json,101a903c-9a91-226d-2b7a-f1b5853d1d6d,https://iiif.dl.itc.u-tokyo.ac.jp/repo/s/koten/,https://iiif.dl.itc.u-tokyo.ac.jp/repo/s/koten/document/101a903c-9a91-226d-2b7a-f1b5853d1d6d,https://www.lib.u-tokyo.ac.jp/ja/library/contents/archives-top/reuse,https://iiif.dl.itc.u-tokyo.ac.jp/repo/files/medium/de530a20ea2c07f1b518c88537f40ff729aa95e6.jpg,https://iiif.dl.itc.u-tokyo.ac.jp/repo/api/items/172015,"東京大学総合図書館 General Library, The University of Tokyo, JAPAN",http://iiif.io/api/presentation/2#rightToLeftDirection,,総合図書館所蔵古典籍,0055,,https://iiif.dl.itc.u-tokyo.ac.jp/repo/iiif/172015/manifest,,,,,6
其砧,A00:6433,ソノ キヌタ,,富岡有佐著 ; 平砂編,江戸 ; 京都 : 西村源六 : 西村市郎右衛門,1741,寛保1,2巻2冊(1帙入),刊,23 cm,"分類:俳諧
マイクロフィルム番号:4-11-8",日本語,和古書,,http://tify.sub.uni-goettingen.de/demo.html?manifest=https://archdataset.dl.itc.u-tokyo.ac.jp/manifest/e260ea9c-6ee4-18ef-6895-c2540d0b84d6.json,e260ea9c-6ee4-18ef-6895-c2540d0b84d6,https://iiif.dl.itc.u-tokyo.ac.jp/repo/s/koten/,https://iiif.dl.itc.u-tokyo.ac.jp/repo/s/koten/document/e260ea9c-6ee4-18ef-6895-c2540d0b84d6,https://www.lib.u-tokyo.ac.jp/ja/library/contents/archives-top/reuse,https://iiif.dl.itc.u-tokyo.ac.jp/repo/files/medium/14fce2cb5b22d61c895129f84aefe5d8a48e9e2c.jpg,https://iiif.dl.itc.u-tokyo.ac.jp/repo/api/items/172020,"東京大学総合図書館 General Library, The University of Tokyo, JAPAN",http://iiif.io/api/presentation/2#rightToLeftDirection,,総合図書館所蔵古典籍,0056,,https://iiif.dl.itc.u-tokyo.ac.jp/repo/iiif/172020/manifest,,,,,72
くずは道心,A00:4247,クズハ ドウシン,,,京都,1674,延宝2,1冊,刊,中,"分類:浄瑠璃
マイクロフィルム番号:4-13-10",日本語,和古書,,http://tify.sub.uni-goettingen.de/demo.html?manifest=https://archdataset.dl.itc.u-tokyo.ac.jp/manifest/720ab3e9-54b3-12b4-50d2-59de91f43e87.json,720ab3e9-54b3-12b4-50d2-59de91f43e87,https://iiif.dl.itc.u-tokyo.ac.jp/repo/s/koten/,https://iiif.dl.itc.u-tokyo.ac.jp/repo/s/koten/document/720ab3e9-54b3-12b4-50d2-59de91f43e87,https://www.lib.u-tokyo.ac.jp/ja/library/contents/archives-top/reuse,https://iiif.dl.itc.u-tokyo.ac.jp/repo/files/medium/2babbf17f822cdaa2752873e2456ed87a9d0b229.jpg,https://iiif.dl.itc.u-tokyo.ac.jp/repo/api/items/171995,"東京大学総合図書館 General Library, The University of Tokyo, JAPAN",http://iiif.io/api/presentation/2#rightToLeftDirection,,総合図書館所蔵古典籍,0057,,https://iiif.dl.itc.u-tokyo.ac.jp/repo/iiif/171995/manifest,,,,,19
薩摩太夫芝居図考,A00:4100,サツマ ダユウ シバイズコウ,,山東京伝著,江戸,不明,不明,1冊,写,大,"分類:演劇
マイクロフィルム番号:5-3-21",日本語,和古書,,http://tify.sub.uni-goettingen.de/demo.html?manifest=https://archdataset.dl.itc.u-tokyo.ac.jp/manifest/7a2f0687-8592-8cb4-948c-644fae3d0b60.json,7a2f0687-8592-8cb4-948c-644fae3d0b60,https://iiif.dl.itc.u-tokyo.ac.jp/repo/s/koten/,https://iiif.dl.itc.u-tokyo.ac.jp/repo/s/koten/document/7a2f0687-8592-8cb4-948c-644fae3d0b60,https://www.lib.u-tokyo.ac.jp/ja/library/contents/archives-top/reuse,https://iiif.dl.itc.u-tokyo.ac.jp/repo/files/medium/bd21077928acc6a41da573d0c5319395cb9b2e4d.jpg,https://iiif.dl.itc.u-tokyo.ac.jp/repo/api/items/172009,"東京大学総合図書館 General Library, The University of Tokyo, JAPAN",http://iiif.io/api/presentation/2#rightToLeftDirection,,総合図書館所蔵古典籍,0058,,https://iiif.dl.itc.u-tokyo.ac.jp/repo/iiif/172009/manifest,,,,,7
庭訓往来古註,A00:4015,テイキン オウライ コチュウ,,,不明,不明,不明,1冊,写,大,"印記 : 陽春盧記印記 : ●齋印記 : 南葵文庫巻頭小中村氏ノ貼紙ニヨレバ黒川●●義本ト相似タルモノニシテ、判信友ノ鑑定ニ依レバ文明頃ノモノナラントイフ。
分類:往来物
マイクロフィルム番号:5-9-4",日本語,和古書,南葵文庫,http://tify.sub.uni-goettingen.de/demo.html?manifest=https://archdataset.dl.itc.u-tokyo.ac.jp/manifest/70e9efdf-16bf-4960-3e2d-9ef9a13a4405.json,70e9efdf-16bf-4960-3e2d-9ef9a13a4405,https://iiif.dl.itc.u-tokyo.ac.jp/repo/s/koten/,https://iiif.dl.itc.u-tokyo.ac.jp/repo/s/koten/document/70e9efdf-16bf-4960-3e2d-9ef9a13a4405,https://www.lib.u-tokyo.ac.jp/ja/library/contents/archives-top/reuse,https://iiif.dl.itc.u-tokyo.ac.jp/repo/files/medium/96aff69b579563b80c26a2799023296cdc27fa69.jpg,https://iiif.dl.itc.u-tokyo.ac.jp/repo/api/items/172021,"東京大学総合図書館 General Library, The University of Tokyo, JAPAN",http://iiif.io/api/presentation/2#rightToLeftDirection,,総合図書館所蔵古典籍,0059,,https://iiif.dl.itc.u-tokyo.ac.jp/repo/iiif/172021/manifest,,,,,56
源氏(古浄瑠璃),A00:4214,ゲンジ,,萩原宗固著,不明,不明,不明,1冊,刊,中,"分類:浄瑠璃
マイクロフィルム番号:5-10-2",日本語,和古書,,http://tify.sub.uni-goettingen.de/demo.html?manifest=https://archdataset.dl.itc.u-tokyo.ac.jp/manifest/b570aa8c-6e56-92b9-7bc2-67a459cd66df.json,b570aa8c-6e56-92b9-7bc2-67a459cd66df,https://iiif.dl.itc.u-tokyo.ac.jp/repo/s/koten/,https://iiif.dl.itc.u-tokyo.ac.jp/repo/s/koten/document/b570aa8c-6e56-92b9-7bc2-67a459cd66df,https://www.lib.u-tokyo.ac.jp/ja/library/contents/archives-top/reuse,https://iiif.dl.itc.u-tokyo.ac.jp/repo/files/medium/c3a6cae1609455955071036ac178ad1b7ada964f.jpg,https://iiif.dl.itc.u-tokyo.ac.jp/repo/api/items/171972,"東京大学総合図書館 General Library, The University of Tokyo, JAPAN",http://iiif.io/api/presentation/2#rightToLeftDirection,,総合図書館所蔵古典籍,0060,,https://iiif.dl.itc.u-tokyo.ac.jp/repo/iiif/171972/manifest,,,,,15
浄土さんたん記并おはら問答,A00:4245,ジョウド サンタンキ ナラビ ニ オハラ モンドウ,,,京都 : 鶴屋喜右衛門,不明,不明,1冊,刊,中,"松更朱印・武宗黒印あり
分類:浄瑠璃
マイクロフィルム番号:5-10-11",日本語,和古書,,http://tify.sub.uni-goettingen.de/demo.html?manifest=https://archdataset.dl.itc.u-tokyo.ac.jp/manifest/16ea5dcc-3bea-13be-5929-c58d75822997.json,16ea5dcc-3bea-13be-5929-c58d75822997,https://iiif.dl.itc.u-tokyo.ac.jp/repo/s/koten/,https://iiif.dl.itc.u-tokyo.ac.jp/repo/s/koten/document/16ea5dcc-3bea-13be-5929-c58d75822997,https://www.lib.u-tokyo.ac.jp/ja/library/contents/archives-top/reuse,https://iiif.dl.itc.u-tokyo.ac.jp/repo/files/medium/c064b5b44c6d43b46671c1f11787fbb2651384df.jpg,https://iiif.dl.itc.u-tokyo.ac.jp/repo/api/items/171978,"東京大学総合図書館 General Library, The University of Tokyo, JAPAN",http://iiif.io/api/presentation/2#rightToLeftDirection,,総合図書館所蔵古典籍,0061,,https://iiif.dl.itc.u-tokyo.ac.jp/repo/iiif/171978/manifest,,,,,21
瘈狗説,A00:6468,ケイクセツ,,"Greve,Wilhelm著 ; 宇田川",江戸,1821,文政4,119丁(帙入),写,25cm,"書写者 : 宇田川榕庵 印記 : 土肥文庫
分類:医学
マイクロフィルム番号:5-10-7",日本語,和古書,鶚軒文庫,http://tify.sub.uni-goettingen.de/demo.html?manifest=https://archdataset.dl.itc.u-tokyo.ac.jp/manifest/b13ff573-4c25-98fc-43ab-9c85ab1f3a5c.json,b13ff573-4c25-98fc-43ab-9c85ab1f3a5c,https://iiif.dl.itc.u-tokyo.ac.jp/repo/s/koten/,https://iiif.dl.itc.u-tokyo.ac.jp/repo/s/koten/document/b13ff573-4c25-98fc-43ab-9c85ab1f3a5c,https://www.lib.u-tokyo.ac.jp/ja/library/contents/archives-top/reuse,https://iiif.dl.itc.u-tokyo.ac.jp/repo/files/medium/c87b05ec9374ab59c470665141bca140d959fe56.jpg,https://iiif.dl.itc.u-tokyo.ac.jp/repo/api/items/171984,"東京大学総合図書館 General Library, The University of Tokyo, JAPAN",http://iiif.io/api/presentation/2#rightToLeftDirection,,総合図書館所蔵古典籍,0062,,https://iiif.dl.itc.u-tokyo.ac.jp/repo/iiif/171984/manifest,,,,,126
落窪物語,A00:4083,オチクボ モノガタリ,おちくぼのさうし,,不明,室町時代,室町時代,1冊,写,大,"分類:室町物語
マイクロフィルム番号:5-12-8",日本語,和古書,,http://tify.sub.uni-goettingen.de/demo.html?manifest=https://archdataset.dl.itc.u-tokyo.ac.jp/manifest/9301d388-95ee-8b41-1c3c-c2951dae8693.json,9301d388-95ee-8b41-1c3c-c2951dae8693,https://iiif.dl.itc.u-tokyo.ac.jp/repo/s/koten/,https://iiif.dl.itc.u-tokyo.ac.jp/repo/s/koten/document/9301d388-95ee-8b41-1c3c-c2951dae8693,https://www.lib.u-tokyo.ac.jp/ja/library/contents/archives-top/reuse,https://iiif.dl.itc.u-tokyo.ac.jp/repo/files/medium/babe9299e6f217b3c1a43b73650b447fa537ea1c.jpg,https://iiif.dl.itc.u-tokyo.ac.jp/repo/api/items/172003,"東京大学総合図書館 General Library, The University of Tokyo, JAPAN",http://iiif.io/api/presentation/2#rightToLeftDirection,,総合図書館所蔵古典籍,0063,,https://iiif.dl.itc.u-tokyo.ac.jp/repo/iiif/172003/manifest,,,,,31
栗崎文書,A00:6509,クリサキ モンジョ,栗崎通有日記,栗崎道有正羽著,不明,不明,不明,"29丁,4枚(帙入)",写,23 cm,"栗崎通有日記はその一部
マイクロフィルム番号:5-13-1",日本語,和古書,,http://tify.sub.uni-goettingen.de/demo.html?manifest=https://archdataset.dl.itc.u-tokyo.ac.jp/manifest/88930f9c-4b42-93fb-73fe-dfd44f8f2460.json,88930f9c-4b42-93fb-73fe-dfd44f8f2460,https://iiif.dl.itc.u-tokyo.ac.jp/repo/s/koten/,https://iiif.dl.itc.u-tokyo.ac.jp/repo/s/koten/document/88930f9c-4b42-93fb-73fe-dfd44f8f2460,https://www.lib.u-tokyo.ac.jp/ja/library/contents/archives-top/reuse,https://iiif.dl.itc.u-tokyo.ac.jp/repo/files/medium/61147ff400d760c58a6e43df8940f277a3b1ce6c.jpg,https://iiif.dl.itc.u-tokyo.ac.jp/repo/api/items/171994,"東京大学総合図書館 General Library, The University of Tokyo, JAPAN",http://iiif.io/api/presentation/2#rightToLeftDirection,,総合図書館所蔵古典籍,0064,,https://iiif.dl.itc.u-tokyo.ac.jp/repo/iiif/171994/manifest,,,,,7
蒲御曹子東童歌,A00:4252,カバ ノ オンゾウシ アズマ ノ ドウカ,,,京都 : 山本九兵衛,不明,不明,1冊,刊,小,"このぬしせんくわ黒印あり本書題名ニ就キ「古今外題年代記」、「浄瑠璃大系図」宇治加賀予作●中ニ「蒲御曹子東踏歌」トアルモ本書内題ニ依リ「蒲御曹子東童歌」トナシオクモノ也。
分類:浄瑠璃
マイクロフィルム番号:6-4-8",日本語,和古書,,http://tify.sub.uni-goettingen.de/demo.html?manifest=https://archdataset.dl.itc.u-tokyo.ac.jp/manifest/2cb8bbad-724a-20ce-1f72-fd8cc7c436a4.json,2cb8bbad-724a-20ce-1f72-fd8cc7c436a4,https://iiif.dl.itc.u-tokyo.ac.jp/repo/s/koten/,https://iiif.dl.itc.u-tokyo.ac.jp/repo/s/koten/document/2cb8bbad-724a-20ce-1f72-fd8cc7c436a4,https://www.lib.u-tokyo.ac.jp/ja/library/contents/archives-top/reuse,https://iiif.dl.itc.u-tokyo.ac.jp/repo/files/medium/8668f5cbe12b8fd161e0f5d4473b16b10efe23c0.jpg,https://iiif.dl.itc.u-tokyo.ac.jp/repo/api/items/171981,"東京大学総合図書館 General Library, The University of Tokyo, JAPAN",http://iiif.io/api/presentation/2#rightToLeftDirection,,総合図書館所蔵古典籍,0065,,https://iiif.dl.itc.u-tokyo.ac.jp/repo/iiif/171981/manifest,,,,,17
大じゃ,A00:4210,ダイジャ,,,江戸 : うろこがたや,不明,不明,1冊,刊,小,"破本
分類:浄瑠璃
マイクロフィルム番号:6-5-23",日本語,和古書,,http://tify.sub.uni-goettingen.de/demo.html?manifest=https://archdataset.dl.itc.u-tokyo.ac.jp/manifest/1354de31-0d49-75ba-a01d-5310be0a0a8d.json,1354de31-0d49-75ba-a01d-5310be0a0a8d,https://iiif.dl.itc.u-tokyo.ac.jp/repo/s/koten/,https://iiif.dl.itc.u-tokyo.ac.jp/repo/s/koten/document/1354de31-0d49-75ba-a01d-5310be0a0a8d,https://www.lib.u-tokyo.ac.jp/ja/library/contents/archives-top/reuse,https://iiif.dl.itc.u-tokyo.ac.jp/repo/files/medium/a74b31e61f959783d0cc9e2cd68046074549f7f9.jpg,https://iiif.dl.itc.u-tokyo.ac.jp/repo/api/items/171967,"東京大学総合図書館 General Library, The University of Tokyo, JAPAN",http://iiif.io/api/presentation/2#rightToLeftDirection,,総合図書館所蔵古典籍,0066,,https://iiif.dl.itc.u-tokyo.ac.jp/repo/iiif/171967/manifest,,,,,13
こあつもり,A00:6284,コアツモリ,,,江戸 : 西村伝兵衛,1715,正徳5,1冊,刊,小,"「右此本者太夫直之以正本為寫令板行者也正徳五年松正月吉日 籠込嘉町 西村傳兵衛新板」の刊記あり
分類:浄瑠璃
マイクロフィルム番号:6-5-22",日本語,和古書,,http://tify.sub.uni-goettingen.de/demo.html?manifest=https://archdataset.dl.itc.u-tokyo.ac.jp/manifest/01466091-970c-4f8a-2e36-bfb0e88733c8.json,01466091-970c-4f8a-2e36-bfb0e88733c8,https://iiif.dl.itc.u-tokyo.ac.jp/repo/s/koten/,https://iiif.dl.itc.u-tokyo.ac.jp/repo/s/koten/document/01466091-970c-4f8a-2e36-bfb0e88733c8,https://www.lib.u-tokyo.ac.jp/ja/library/contents/archives-top/reuse,https://iiif.dl.itc.u-tokyo.ac.jp/repo/files/medium/6f7176ba99cbc69ba7a2e7f261a906e0ddefa3b1.jpg,https://iiif.dl.itc.u-tokyo.ac.jp/repo/api/items/171987,"東京大学総合図書館 General Library, The University of Tokyo, JAPAN",http://iiif.io/api/presentation/2#rightToLeftDirection,,総合図書館所蔵古典籍,0067,,https://iiif.dl.itc.u-tokyo.ac.jp/repo/iiif/171987/manifest,,,,,13
好問堂儲蔵書目,A00:6300,コウモンドウ チョゾウ ショモク,,山崎美成,不明,不明,不明,6巻6冊,写,中,"自筆本印記 : 詩賈堂印記 : 南葵文庫
分類:書目
マイクロフィルム番号:6-8-8",日本語,和古書,南葵文庫,http://tify.sub.uni-goettingen.de/demo.html?manifest=https://archdataset.dl.itc.u-tokyo.ac.jp/manifest/95db0d93-3107-4491-2084-9b7783f35e28.json,95db0d93-3107-4491-2084-9b7783f35e28,https://iiif.dl.itc.u-tokyo.ac.jp/repo/s/koten/,https://iiif.dl.itc.u-tokyo.ac.jp/repo/s/koten/document/95db0d93-3107-4491-2084-9b7783f35e28,https://www.lib.u-tokyo.ac.jp/ja/library/contents/archives-top/reuse,https://iiif.dl.itc.u-tokyo.ac.jp/repo/files/medium/154b3e0636e6e70da1a77a2eb8a61aaf6458468f.jpg,https://iiif.dl.itc.u-tokyo.ac.jp/repo/api/items/171993,"東京大学総合図書館 General Library, The University of Tokyo, JAPAN",http://iiif.io/api/presentation/2#rightToLeftDirection,,総合図書館所蔵古典籍,0068,,https://iiif.dl.itc.u-tokyo.ac.jp/repo/iiif/171993/manifest,,,,,297
陸詩考實,A00:6555,リクシ コウジツ,,陸游(務観)著 ; 河世寧(子静)考実,不明,不明,不明,3冊,写,24 cm,"自筆稿本附  本傳年譜印記 : 河子静印記 : 志在幽古印記 : 河正寧印
分類:漢詩
マイクロフィルム番号:2-35-1",日本語,和古書,,http://tify.sub.uni-goettingen.de/demo.html?manifest=https://archdataset.dl.itc.u-tokyo.ac.jp/manifest/d8480473-998e-5d50-41a5-f1464dd215df.json,d8480473-998e-5d50-41a5-f1464dd215df,https://iiif.dl.itc.u-tokyo.ac.jp/repo/s/koten/,https://iiif.dl.itc.u-tokyo.ac.jp/repo/s/koten/document/d8480473-998e-5d50-41a5-f1464dd215df,https://www.lib.u-tokyo.ac.jp/ja/library/contents/archives-top/reuse,https://iiif.dl.itc.u-tokyo.ac.jp/repo/files/medium/c1efe63deb31f772c2d3ec10979294212b5ee777.jpg,https://iiif.dl.itc.u-tokyo.ac.jp/repo/api/items/172004,"東京大学総合図書館 General Library, The University of Tokyo, JAPAN",http://iiif.io/api/presentation/2#rightToLeftDirection,,総合図書館所蔵古典籍,0069,,https://iiif.dl.itc.u-tokyo.ac.jp/repo/iiif/172004/manifest,,,,,73
孝經諺解,B60:294,コウキョウ ゲンカイ,"孝経諺解,孝經鈔,古文孝經抄",羅山子口授 ; 春齋林氏 [記],不明,不明,不明,1冊,刊,26.5×15cm,"[上]の巻頭の書名: 古文孝經下の巻頭の書名: 孝經鈔
大尾の書名: 古文孝經抄
題簽(墨書)の書名: 古文孝經諺解
版心の書名: 孝經
印記: 「豊誥 里見氏藏書」
虫損あり",日本語,和古書,,http://tify.sub.uni-goettingen.de/demo.html?manifest=https://archdataset.dl.itc.u-tokyo.ac.jp/manifest/12e976d6-a2b5-6998-806f-9278981e526a.json,12e976d6-a2b5-6998-806f-9278981e526a,https://iiif.dl.itc.u-tokyo.ac.jp/repo/s/koten/,https://iiif.dl.itc.u-tokyo.ac.jp/repo/s/koten/document/12e976d6-a2b5-6998-806f-9278981e526a,https://www.lib.u-tokyo.ac.jp/ja/library/contents/archives-top/reuse,https://iiif.dl.itc.u-tokyo.ac.jp/repo/files/medium/30e433153e35f7d2400ffe437868fd04d20761cd.jpg,https://iiif.dl.itc.u-tokyo.ac.jp/repo/api/items/533648,"東京大学総合図書館 General Library in the University of Tokyo, JAPAN",http://iiif.io/api/presentation/2#rightToLeftDirection,,総合図書館所蔵古典籍,0070,,https://iiif.dl.itc.u-tokyo.ac.jp/repo/iiif/12e976d6-a2b5-6998-806f-9278981e526a/manifest,,,,,107
孔子編年,B60:1277,"コウシ ヘンネン,kong zi bian nian",,狄子奇 [撰],[杭州] : 浙江書局,1887,光緒13,4巻合冊,刊,24×15cm,"封面裏に「光緒丁亥年浙江書局刻」とあり左右双辺有界10行22字、単魚尾
巻1:6-23p. 巻2:23-44p. 巻3:44-63p. 巻4:63-83p.",中国語,漢籍,,http://tify.sub.uni-goettingen.de/demo.html?manifest=https://archdataset.dl.itc.u-tokyo.ac.jp/manifest/e261ae1e-2da4-18bc-906b-01e0e98f6b60.json,e261ae1e-2da4-18bc-906b-01e0e98f6b60,https://iiif.dl.itc.u-tokyo.ac.jp/repo/s/koten/,https://iiif.dl.itc.u-tokyo.ac.jp/repo/s/koten/document/e261ae1e-2da4-18bc-906b-01e0e98f6b60,https://www.lib.u-tokyo.ac.jp/ja/library/contents/archives-top/reuse,https://iiif.dl.itc.u-tokyo.ac.jp/repo/files/medium/a91d096d00f84ef44bbbba1ee747c3c1e7294d9e.jpg,https://iiif.dl.itc.u-tokyo.ac.jp/repo/api/items/533649,"東京大学総合図書館 General Library in the University of Tokyo, JAPAN",http://iiif.io/api/presentation/2#rightToLeftDirection,,総合図書館所蔵古典籍,0071,,https://iiif.dl.itc.u-tokyo.ac.jp/repo/iiif/e261ae1e-2da4-18bc-906b-01e0e98f6b60/manifest,,,,,83
浅草寺雜簿鈔 利,C40:1701,センソウジ ザツボショウ,浅草寺雑簿鈔,不明,[書写地不明] : 高橋勘六 : 伊藤銕之助 [写],1825,文政8,4巻,写,25×17cm,"書名は扉による題簽の書名: 淺草寺雜簿鈔
巻次は題簽による
各扉に「本間 役所」とあり
各奥書に「文政八年乙酉冬十一月 中番組頭兼帯 高橋勘六 貞祥書之」(元,貞)「文政八年乙酉冬十一月 本國参河生國武藏寛政九年丁巳五月廿三日生 伊藤銕之助 在原直利書之(「直 利」朱印)」(亨)「文政八年乙酉冬十一月 中番組頭両役兼帯 高橋勘六 貞祥書之」(利)とあり
元: 元文5年庚申自10月及12月. 亨: 元文6年辛酉3月3日易寛保元. 利: 自寛保2載壬戌至同3秊癸亥. 貞: 自寛延2年己巳至寶暦4年甲戌
印記: 「南葵文庫」
虫損あり
挟みもの: 書状1通(貼付)",日本語,和古書,南葵文庫,http://tify.sub.uni-goettingen.de/demo.html?manifest=https://archdataset.dl.itc.u-tokyo.ac.jp/manifest/708f0fac-3117-7f3e-82fb-f70ec95f95bb.json,708f0fac-3117-7f3e-82fb-f70ec95f95bb,https://iiif.dl.itc.u-tokyo.ac.jp/repo/s/koten/,https://iiif.dl.itc.u-tokyo.ac.jp/repo/s/koten/document/708f0fac-3117-7f3e-82fb-f70ec95f95bb,https://www.lib.u-tokyo.ac.jp/ja/library/contents/archives-top/reuse,https://iiif.dl.itc.u-tokyo.ac.jp/repo/files/medium/37911bd40c1210536eeb72438e8949a248f14fd4.jpg,https://iiif.dl.itc.u-tokyo.ac.jp/repo/api/items/533652,"東京大学総合図書館 General Library in the University of Tokyo, JAPAN",http://iiif.io/api/presentation/2#rightToLeftDirection,,総合図書館所蔵古典籍,0072,,https://iiif.dl.itc.u-tokyo.ac.jp/repo/iiif/708f0fac-3117-7f3e-82fb-f70ec95f95bb/manifest,,,,,60
浅草寺雜簿鈔 貞,C40:1701,センソウジ ザツボショウ,浅草寺雑簿鈔,不明,[書写地不明] : 高橋勘六 : 伊藤銕之助 [写],1825,文政8,4巻,写,25×17cm,"書名は扉による題簽の書名: 淺草寺雜簿鈔
巻次は題簽による
各扉に「本間 役所」とあり
各奥書に「文政八年乙酉冬十一月 中番組頭兼帯 高橋勘六 貞祥書之」(元,貞)「文政八年乙酉冬十一月 本國参河生國武藏寛政九年丁巳五月廿三日生 伊藤銕之助 在原直利書之(「直 利」朱印)」(亨)「文政八年乙酉冬十一月 中番組頭両役兼帯 高橋勘六 貞祥書之」(利)とあり
元: 元文5年庚申自10月及12月. 亨: 元文6年辛酉3月3日易寛保元. 利: 自寛保2載壬戌至同3秊癸亥. 貞: 自寛延2年己巳至寶暦4年甲戌
印記: 「南葵文庫」
虫損あり
挟みもの: 書状1通(貼付)",日本語,和古書,南葵文庫,http://tify.sub.uni-goettingen.de/demo.html?manifest=https://archdataset.dl.itc.u-tokyo.ac.jp/manifest/59cc481a-6559-0b9b-a238-7b31e3c91cbd.json,59cc481a-6559-0b9b-a238-7b31e3c91cbd,https://iiif.dl.itc.u-tokyo.ac.jp/repo/s/koten/,https://iiif.dl.itc.u-tokyo.ac.jp/repo/s/koten/document/59cc481a-6559-0b9b-a238-7b31e3c91cbd,https://www.lib.u-tokyo.ac.jp/ja/library/contents/archives-top/reuse,https://iiif.dl.itc.u-tokyo.ac.jp/repo/files/medium/35b23d938cc171f636f0d681a2766f172d5cf5b2.jpg,https://iiif.dl.itc.u-tokyo.ac.jp/repo/api/items/533653,"東京大学総合図書館 General Library in the University of Tokyo, JAPAN",http://iiif.io/api/presentation/2#rightToLeftDirection,,総合図書館所蔵古典籍,0073,,https://iiif.dl.itc.u-tokyo.ac.jp/repo/iiif/59cc481a-6559-0b9b-a238-7b31e3c91cbd/manifest,,,,,51
浅草寺雜簿鈔 元,C40:1701,センソウジ ザツボショウ,浅草寺雑簿鈔,不明,[書写地不明] : 高橋勘六 : 伊藤銕之助 [写],1825,文政8,4巻,写,25×17cm,"書名は扉による題簽の書名: 淺草寺雜簿鈔
巻次は題簽による
各扉に「本間 役所」とあり
各奥書に「文政八年乙酉冬十一月 中番組頭兼帯 高橋勘六 貞祥書之」(元,貞)「文政八年乙酉冬十一月 本國参河生國武藏寛政九年丁巳五月廿三日生 伊藤銕之助 在原直利書之(「直 利」朱印)」(亨)「文政八年乙酉冬十一月 中番組頭両役兼帯 高橋勘六 貞祥書之」(利)とあり
元: 元文5年庚申自10月及12月. 亨: 元文6年辛酉3月3日易寛保元. 利: 自寛保2載壬戌至同3秊癸亥. 貞: 自寛延2年己巳至寶暦4年甲戌
印記: 「南葵文庫」
虫損あり
挟みもの: 書状1通(貼付)",日本語,和古書,南葵文庫,http://tify.sub.uni-goettingen.de/demo.html?manifest=https://archdataset.dl.itc.u-tokyo.ac.jp/manifest/6e2221e7-2122-8a79-7d39-0755934a784e.json,6e2221e7-2122-8a79-7d39-0755934a784e,https://iiif.dl.itc.u-tokyo.ac.jp/repo/s/koten/,https://iiif.dl.itc.u-tokyo.ac.jp/repo/s/koten/document/6e2221e7-2122-8a79-7d39-0755934a784e,https://www.lib.u-tokyo.ac.jp/ja/library/contents/archives-top/reuse,https://iiif.dl.itc.u-tokyo.ac.jp/repo/files/medium/ee1f053202e957e861349fc27842cecba2a27a0f.jpg,https://iiif.dl.itc.u-tokyo.ac.jp/repo/api/items/533650,"東京大学総合図書館 General Library in the University of Tokyo, JAPAN",http://iiif.io/api/presentation/2#rightToLeftDirection,,総合図書館所蔵古典籍,0074,,https://iiif.dl.itc.u-tokyo.ac.jp/repo/iiif/6e2221e7-2122-8a79-7d39-0755934a784e/manifest,,,,,50
浅草寺雜簿鈔 亨,C40:1701,センソウジ ザツボショウ,浅草寺雑簿鈔,不明,[書写地不明] : 高橋勘六 : 伊藤銕之助 [写],1825,文政8,4巻,写,25×17cm,"書名は扉による題簽の書名: 淺草寺雜簿鈔
巻次は題簽による
各扉に「本間 役所」とあり
各奥書に「文政八年乙酉冬十一月 中番組頭兼帯 高橋勘六 貞祥書之」(元,貞)「文政八年乙酉冬十一月 本國参河生國武藏寛政九年丁巳五月廿三日生 伊藤銕之助 在原直利書之(「直 利」朱印)」(亨)「文政八年乙酉冬十一月 中番組頭両役兼帯 高橋勘六 貞祥書之」(利)とあり
元: 元文5年庚申自10月及12月. 亨: 元文6年辛酉3月3日易寛保元. 利: 自寛保2載壬戌至同3秊癸亥. 貞: 自寛延2年己巳至寶暦4年甲戌
印記: 「南葵文庫」
虫損あり
挟みもの: 書状1通(貼付)",日本語,和古書,南葵文庫,http://tify.sub.uni-goettingen.de/demo.html?manifest=https://archdataset.dl.itc.u-tokyo.ac.jp/manifest/804b7f4b-63b3-130e-4c95-214b4f909ff9.json,804b7f4b-63b3-130e-4c95-214b4f909ff9,https://iiif.dl.itc.u-tokyo.ac.jp/repo/s/koten/,https://iiif.dl.itc.u-tokyo.ac.jp/repo/s/koten/document/804b7f4b-63b3-130e-4c95-214b4f909ff9,https://www.lib.u-tokyo.ac.jp/ja/library/contents/archives-top/reuse,https://iiif.dl.itc.u-tokyo.ac.jp/repo/files/medium/a727161db1a24267b2e3524a0ccba569b4085f08.jpg,https://iiif.dl.itc.u-tokyo.ac.jp/repo/api/items/533651,"東京大学総合図書館 General Library in the University of Tokyo, JAPAN",http://iiif.io/api/presentation/2#rightToLeftDirection,,総合図書館所蔵古典籍,0075,,https://iiif.dl.itc.u-tokyo.ac.jp/repo/iiif/804b7f4b-63b3-130e-4c95-214b4f909ff9/manifest,,,,,50
大梵天王問佛决疑經,C40:2399,"ダイボンテンオウ モンブツ ケツギキョウ,da fan tian wang wen fo jue yi jing",大梵天王問佛疑経,,[書写地不明] : 福堂 [写],1753,寶暦3,1冊,写,27×19cm,"題簽の書名: 大梵天王問佛疑經原奥書に「享保二十乙卯閏三月吉日 尾州鷲頭山長壽禪寺東澧道澥謹拜冩」とあり
奥書に「寶暦三癸酉年四月吉日焚香拜冩(「福堂」朱印)」とあり
印記: 「江風山月莊」,「善葊圖書」
朱墨書き入れあり
虫損あり(裏打ち補修あり)",中国語,漢籍,,http://tify.sub.uni-goettingen.de/demo.html?manifest=https://archdataset.dl.itc.u-tokyo.ac.jp/manifest/634092c4-8376-3837-01d1-600e5ec50a2e.json,634092c4-8376-3837-01d1-600e5ec50a2e,https://iiif.dl.itc.u-tokyo.ac.jp/repo/s/koten/,https://iiif.dl.itc.u-tokyo.ac.jp/repo/s/koten/document/634092c4-8376-3837-01d1-600e5ec50a2e,https://www.lib.u-tokyo.ac.jp/ja/library/contents/archives-top/reuse,https://iiif.dl.itc.u-tokyo.ac.jp/repo/files/medium/ed9daf5f512c26650f05d876db90de38bdb8454b.jpg,https://iiif.dl.itc.u-tokyo.ac.jp/repo/api/items/533654,"東京大学総合図書館 General Library in the University of Tokyo, JAPAN",http://iiif.io/api/presentation/2#rightToLeftDirection,,総合図書館所蔵古典籍,0076,,https://iiif.dl.itc.u-tokyo.ac.jp/repo/iiif/634092c4-8376-3837-01d1-600e5ec50a2e/manifest,,,,,92
契利斯督記,C60:31,キリスト キ,,"[井上筑後守, 北条安房守著] ; 太田方編",[書写地不明] : [書写者不明],不明[江戸後期],不明[江戸後期],3巻合冊,写,23.5×16.5cm,"書名は上卷及び下之卷の巻末による著者表示は『日本古典籍総合目録データベース』による
序末に「寛政九年丁巳嵗夏五月辛丑」とあり
原表紙に「曲轅散人秘笈 三卷合冊」とあり
表紙後付
朱墨筆書き入れあり
印記: 「菊池文庫」
虫損あり
上巻:2-52p. 中巻:52-89p. 下巻90-102p.",日本語,和古書,,http://tify.sub.uni-goettingen.de/demo.html?manifest=https://archdataset.dl.itc.u-tokyo.ac.jp/manifest/cf19276e-75e0-97f6-1a0a-5aa7760565e1.json,cf19276e-75e0-97f6-1a0a-5aa7760565e1,https://iiif.dl.itc.u-tokyo.ac.jp/repo/s/koten/,https://iiif.dl.itc.u-tokyo.ac.jp/repo/s/koten/document/cf19276e-75e0-97f6-1a0a-5aa7760565e1,https://www.lib.u-tokyo.ac.jp/ja/library/contents/archives-top/reuse,https://iiif.dl.itc.u-tokyo.ac.jp/repo/files/medium/6853158fe4039f0a2c214e318cb85996eabebede.jpg,https://iiif.dl.itc.u-tokyo.ac.jp/repo/api/items/533655,"東京大学総合図書館 General Library in the University of Tokyo, JAPAN",http://iiif.io/api/presentation/2#rightToLeftDirection,,総合図書館所蔵古典籍,0077,,https://iiif.dl.itc.u-tokyo.ac.jp/repo/iiif/cf19276e-75e0-97f6-1a0a-5aa7760565e1/manifest,,,,,104
契利斯督記,C60:68,キリスト キ,天文末録,"[井上筑後守, 北条安房守著] ; 太田方編",[書写地不明] : [書写者不明],不明[[明治大正期],不明[[明治大正期],1冊,写,27.5×19.5cm,"書名は序及び扉による責任表示は『日本古典籍総合目録データベース』による
序末に「寛政九年丁巳歳夏五月辛丑」とあり
題簽に「天文末録同本」とあり
朱墨筆影写
おてる屋の12行青色罫紙を使用
印記: 「藤田」",日本語,和古書,,http://tify.sub.uni-goettingen.de/demo.html?manifest=https://archdataset.dl.itc.u-tokyo.ac.jp/manifest/b43da4f6-2067-3133-6a6c-313cf5987d71.json,b43da4f6-2067-3133-6a6c-313cf5987d71,https://iiif.dl.itc.u-tokyo.ac.jp/repo/s/koten/,https://iiif.dl.itc.u-tokyo.ac.jp/repo/s/koten/document/b43da4f6-2067-3133-6a6c-313cf5987d71,https://www.lib.u-tokyo.ac.jp/ja/library/contents/archives-top/reuse,https://iiif.dl.itc.u-tokyo.ac.jp/repo/files/medium/4d84f9a49fd677079ba54ee95849a56e0f557456.jpg,https://iiif.dl.itc.u-tokyo.ac.jp/repo/api/items/533656,"東京大学総合図書館 General Library in the University of Tokyo, JAPAN",http://iiif.io/api/presentation/2#rightToLeftDirection,,総合図書館所蔵古典籍,0078,,https://iiif.dl.itc.u-tokyo.ac.jp/repo/iiif/b43da4f6-2067-3133-6a6c-313cf5987d71/manifest,,,,,84
江戸櫻清水清玄 初編上、下,E24:179,エドザクラ キヨミズ セイゲン,江戸桜清水清玄,柳水亭種清綴 ; 梅蝶樓國貞画,[江戸] : 蔦屋吉藏,1858,安政5,3編,,17.3×11.5cm,"書名及び巻次は摺付表紙による初編の摺付表紙の書名: 江戸桜清みづせい玄
原見返しの書名: 江戸櫻清水清玄, 江戸さくら清水せいげん, えどざくら喜世水せい玄, えどざくらきよみづせいげん
見返しの書名: 江戸ざくら清水せい玄, [江戸桜]きよみづ清玄, 江戸櫻清水清玄
版心の書名: 江戸櫻
各摺付表紙に「蔦吉梓」(初編)「紅英堂はん」(2編)「紅英堂寿梓」(3篇)とあり
各原見返しに「紅英堂寿梓」(初編上,3編上)「紅英堂はん」(初編下)「紅英文庫」(2篇上)「紅英堂梓」(2篇下)「紅えい堂寿梓」(3篇下)とあり
各見返しに「紅英堂梓」(初編)「紅英文庫」(第2-3篇)とあり
飛び丁あり
初編の巻末に「安政五年戊午歳陽春開板標目」(蔦屋吉藏梓)を附す
印記: 「明治五改」,「酉」
虫損あり",日本語,和古書,,http://tify.sub.uni-goettingen.de/demo.html?manifest=https://archdataset.dl.itc.u-tokyo.ac.jp/manifest/3cfd7a4c-6dab-425f-2e9b-63214b278bd9.json,3cfd7a4c-6dab-425f-2e9b-63214b278bd9,https://iiif.dl.itc.u-tokyo.ac.jp/repo/s/koten/,https://iiif.dl.itc.u-tokyo.ac.jp/repo/s/koten/document/3cfd7a4c-6dab-425f-2e9b-63214b278bd9,https://www.lib.u-tokyo.ac.jp/ja/library/contents/archives-top/reuse,https://iiif.dl.itc.u-tokyo.ac.jp/repo/files/medium/c02b7e3462ce8949206f5a2e71f3bc33c8517b97.jpg,https://iiif.dl.itc.u-tokyo.ac.jp/repo/api/items/533657,"東京大学総合図書館 General Library in the University of Tokyo, JAPAN",http://iiif.io/api/presentation/2#rightToLeftDirection,,総合図書館所蔵古典籍,0079,,https://iiif.dl.itc.u-tokyo.ac.jp/repo/iiif/3cfd7a4c-6dab-425f-2e9b-63214b278bd9/manifest,,,,,25
江戸櫻清水清玄 2編上、下,E24:179,エドザクラ キヨミズ セイゲン,江戸桜清水清玄,柳水亭種清綴 ; 梅蝶樓國貞画,[江戸] : 蔦屋吉藏,1858,安政5,3編,,17.3×11.5cm,"書名及び巻次は摺付表紙による初編の摺付表紙の書名: 江戸桜清みづせい玄
原見返しの書名: 江戸櫻清水清玄, 江戸さくら清水せいげん, えどざくら喜世水せい玄, えどざくらきよみづせいげん
見返しの書名: 江戸ざくら清水せい玄, [江戸桜]きよみづ清玄, 江戸櫻清水清玄
版心の書名: 江戸櫻
各摺付表紙に「蔦吉梓」(初編)「紅英堂はん」(2編)「紅英堂寿梓」(3篇)とあり
各原見返しに「紅英堂寿梓」(初編上,3編上)「紅英堂はん」(初編下)「紅英文庫」(2篇上)「紅英堂梓」(2篇下)「紅えい堂寿梓」(3篇下)とあり
各見返しに「紅英堂梓」(初編)「紅英文庫」(第2-3篇)とあり
飛び丁あり
初編の巻末に「安政五年戊午歳陽春開板標目」(蔦屋吉藏梓)を附す
印記: 「明治五改」,「酉」
虫損あり",日本語,和古書,,http://tify.sub.uni-goettingen.de/demo.html?manifest=https://archdataset.dl.itc.u-tokyo.ac.jp/manifest/e6a18fc9-027d-3a68-6a92-a9e51efe6c50.json,e6a18fc9-027d-3a68-6a92-a9e51efe6c50,https://iiif.dl.itc.u-tokyo.ac.jp/repo/s/koten/,https://iiif.dl.itc.u-tokyo.ac.jp/repo/s/koten/document/e6a18fc9-027d-3a68-6a92-a9e51efe6c50,https://www.lib.u-tokyo.ac.jp/ja/library/contents/archives-top/reuse,https://iiif.dl.itc.u-tokyo.ac.jp/repo/files/medium/9c4eff1a68c0727957f6bec59716f4c1d0414bb1.jpg,https://iiif.dl.itc.u-tokyo.ac.jp/repo/api/items/533658,"東京大学総合図書館 General Library in the University of Tokyo, JAPAN",http://iiif.io/api/presentation/2#rightToLeftDirection,,総合図書館所蔵古典籍,0080,,https://iiif.dl.itc.u-tokyo.ac.jp/repo/iiif/e6a18fc9-027d-3a68-6a92-a9e51efe6c50/manifest,,,,,25
江戸櫻清水清玄 3編上、下,E24:179,エドザクラ キヨミズ セイゲン,江戸桜清水清玄,柳水亭種清綴 ; 梅蝶樓國貞画,[江戸] : 蔦屋吉藏,1858,安政5,3編,,17.3×11.5cm,"書名及び巻次は摺付表紙による初編の摺付表紙の書名: 江戸桜清みづせい玄
原見返しの書名: 江戸櫻清水清玄, 江戸さくら清水せいげん, えどざくら喜世水せい玄, えどざくらきよみづせいげん
見返しの書名: 江戸ざくら清水せい玄, [江戸桜]きよみづ清玄, 江戸櫻清水清玄
版心の書名: 江戸櫻
各摺付表紙に「蔦吉梓」(初編)「紅英堂はん」(2編)「紅英堂寿梓」(3篇)とあり
各原見返しに「紅英堂寿梓」(初編上,3編上)「紅英堂はん」(初編下)「紅英文庫」(2篇上)「紅英堂梓」(2篇下)「紅えい堂寿梓」(3篇下)とあり
各見返しに「紅英堂梓」(初編)「紅英文庫」(第2-3篇)とあり
飛び丁あり
初編の巻末に「安政五年戊午歳陽春開板標目」(蔦屋吉藏梓)を附す
印記: 「明治五改」,「酉」
虫損あり",日本語,和古書,,http://tify.sub.uni-goettingen.de/demo.html?manifest=https://archdataset.dl.itc.u-tokyo.ac.jp/manifest/07c09eff-4f41-6937-1f41-efa6e2b1067c.json,07c09eff-4f41-6937-1f41-efa6e2b1067c,https://iiif.dl.itc.u-tokyo.ac.jp/repo/s/koten/,https://iiif.dl.itc.u-tokyo.ac.jp/repo/s/koten/document/07c09eff-4f41-6937-1f41-efa6e2b1067c,https://www.lib.u-tokyo.ac.jp/ja/library/contents/archives-top/reuse,https://iiif.dl.itc.u-tokyo.ac.jp/repo/files/medium/c86eae6828033f19aa62e54a4a851f3d4881fab4.jpg,https://iiif.dl.itc.u-tokyo.ac.jp/repo/api/items/533659,"東京大学総合図書館 General Library in the University of Tokyo, JAPAN",http://iiif.io/api/presentation/2#rightToLeftDirection,,総合図書館所蔵古典籍,0081,,https://iiif.dl.itc.u-tokyo.ac.jp/repo/iiif/07c09eff-4f41-6937-1f41-efa6e2b1067c/manifest,,,,,23
網模様燈籠菊桐 初編上、下,E24:187,アミモヨウ トウロ ノ キクキリ,,柳水亭種清綴合 ; 梅蝶樓國貞圖画,[江戸] : [蔦屋吉藏],1857,安政4,3編,,17.5×11.5cm,"書名は2篇の摺付表紙による第3編の摺付表紙の書名: 網もやう燈籠の菊きり
原見返しの書名: 綱模様燈籠の菊桐, あみもやう燈籠のきく桐, 網模様燈籠菊桐
見返しの書名: あみもやうとうろのきく桐, あみもやう, 網もやうとうろの菊桐
題簽(墨書)の書名: 燈籠の菊桐
版心の書名: 網模様
巻次は摺付表紙による
各摺付表紙に「紅英堂壽梓」(2篇)「はんもとつたきち」(第3編)とあり
各原見返しに「梓元紅英堂」(初篇の上)「紅えい堂壽梓」(初へん下の巻)「あづさもと紅えいだう」(2篇上)「蔦屋吉」(3編上の巻)「紅英堂梓もと」(第3篇下の巻)とあり
各見返しに「紅英堂梓」(初篇)「板もと江戸京橋南傳馬町壹丁目東」(第3編)とあり
出版年は極印(「改」「巳七/八」)による
多色刷り
印記: 「明治五改」,「酉」
虫損あり",日本語,和古書,,http://tify.sub.uni-goettingen.de/demo.html?manifest=https://archdataset.dl.itc.u-tokyo.ac.jp/manifest/4a9dad64-18a1-8460-a2f7-859d5289650b.json,4a9dad64-18a1-8460-a2f7-859d5289650b,https://iiif.dl.itc.u-tokyo.ac.jp/repo/s/koten/,https://iiif.dl.itc.u-tokyo.ac.jp/repo/s/koten/document/4a9dad64-18a1-8460-a2f7-859d5289650b,https://www.lib.u-tokyo.ac.jp/ja/library/contents/archives-top/reuse,https://iiif.dl.itc.u-tokyo.ac.jp/repo/files/medium/77aaf18e6e3b30dd5776a930e260e85ad81aed34.jpg,https://iiif.dl.itc.u-tokyo.ac.jp/repo/api/items/533660,"東京大学総合図書館 General Library in the University of Tokyo, JAPAN",http://iiif.io/api/presentation/2#rightToLeftDirection,,総合図書館所蔵古典籍,0082,,https://iiif.dl.itc.u-tokyo.ac.jp/repo/iiif/4a9dad64-18a1-8460-a2f7-859d5289650b/manifest,,,,,24
網模様燈籠菊桐 2編上、下,E24:187,アミモヨウ トウロ ノ キクキリ,,柳水亭種清綴合 ; 梅蝶樓國貞圖画,[江戸] : [蔦屋吉藏],1857,安政4,3編,,17.5×11.5cm,"書名は2篇の摺付表紙による第3編の摺付表紙の書名: 網もやう燈籠の菊きり
原見返しの書名: 綱模様燈籠の菊桐, あみもやう燈籠のきく桐, 網模様燈籠菊桐
見返しの書名: あみもやうとうろのきく桐, あみもやう, 網もやうとうろの菊桐
題簽(墨書)の書名: 燈籠の菊桐
版心の書名: 網模様
巻次は摺付表紙による
各摺付表紙に「紅英堂壽梓」(2篇)「はんもとつたきち」(第3編)とあり
各原見返しに「梓元紅英堂」(初篇の上)「紅えい堂壽梓」(初へん下の巻)「あづさもと紅えいだう」(2篇上)「蔦屋吉」(3編上の巻)「紅英堂梓もと」(第3篇下の巻)とあり
各見返しに「紅英堂梓」(初篇)「板もと江戸京橋南傳馬町壹丁目東」(第3編)とあり
出版年は極印(「改」「巳七/八」)による
多色刷り
印記: 「明治五改」,「酉」
虫損あり",日本語,和古書,,http://tify.sub.uni-goettingen.de/demo.html?manifest=https://archdataset.dl.itc.u-tokyo.ac.jp/manifest/4ccd1bd6-0b9b-97a9-85f5-a67415cf9fdb.json,4ccd1bd6-0b9b-97a9-85f5-a67415cf9fdb,https://iiif.dl.itc.u-tokyo.ac.jp/repo/s/koten/,https://iiif.dl.itc.u-tokyo.ac.jp/repo/s/koten/document/4ccd1bd6-0b9b-97a9-85f5-a67415cf9fdb,https://www.lib.u-tokyo.ac.jp/ja/library/contents/archives-top/reuse,https://iiif.dl.itc.u-tokyo.ac.jp/repo/files/medium/7ee791ceb9cd86f87cc061ef96ef8a2402e90c45.jpg,https://iiif.dl.itc.u-tokyo.ac.jp/repo/api/items/533661,"東京大学総合図書館 General Library in the University of Tokyo, JAPAN",http://iiif.io/api/presentation/2#rightToLeftDirection,,総合図書館所蔵古典籍,0083,,https://iiif.dl.itc.u-tokyo.ac.jp/repo/iiif/4ccd1bd6-0b9b-97a9-85f5-a67415cf9fdb/manifest,,,,,24
網模様燈籠菊桐 3編上、下,E24:187,アミモヨウ トウロ ノ キクキリ,"網模様,燈籠の菊桐",柳水亭種清綴合 ; 梅蝶樓國貞圖画,[江戸] : [蔦屋吉藏],1857,安政4,3編,,17.5×11.5cm,"書名は2篇の摺付表紙による第3編の摺付表紙の書名: 網もやう燈籠の菊きり
原見返しの書名: 綱模様燈籠の菊桐, あみもやう燈籠のきく桐, 網模様燈籠菊桐
見返しの書名: あみもやうとうろのきく桐, あみもやう, 網もやうとうろの菊桐
題簽(墨書)の書名: 燈籠の菊桐
版心の書名: 網模様
巻次は摺付表紙による
各摺付表紙に「紅英堂壽梓」(2篇)「はんもとつたきち」(第3編)とあり
各原見返しに「梓元紅英堂」(初篇の上)「紅えい堂壽梓」(初へん下の巻)「あづさもと紅えいだう」(2篇上)「蔦屋吉」(3編上の巻)「紅英堂梓もと」(第3篇下の巻)とあり
各見返しに「紅英堂梓」(初篇)「板もと江戸京橋南傳馬町壹丁目東」(第3編)とあり
出版年は極印(「改」「巳七/八」)による
多色刷り
印記: 「明治五改」,「酉」
虫損あり",日本語,和古書,,http://tify.sub.uni-goettingen.de/demo.html?manifest=https://archdataset.dl.itc.u-tokyo.ac.jp/manifest/f8e945b4-a75c-0f8c-8d84-c9e81bd69556.json,f8e945b4-a75c-0f8c-8d84-c9e81bd69556,https://iiif.dl.itc.u-tokyo.ac.jp/repo/s/koten/,https://iiif.dl.itc.u-tokyo.ac.jp/repo/s/koten/document/f8e945b4-a75c-0f8c-8d84-c9e81bd69556,https://www.lib.u-tokyo.ac.jp/ja/library/contents/archives-top/reuse,https://iiif.dl.itc.u-tokyo.ac.jp/repo/files/medium/d77f6230e501f157064fd5117af778c16b2da8e3.jpg,https://iiif.dl.itc.u-tokyo.ac.jp/repo/api/items/533662,"東京大学総合図書館 General Library in the University of Tokyo, JAPAN",http://iiif.io/api/presentation/2#rightToLeftDirection,,総合図書館所蔵古典籍,0084,,https://iiif.dl.itc.u-tokyo.ac.jp/repo/iiif/f8e945b4-a75c-0f8c-8d84-c9e81bd69556/manifest,,,,,24
蔦紅葉宇津谷峠 初編上、下,E24:189,ツタモミジ ウツノヤ トウゲ,,柳水亭種清綴合 ; 梅蝶樓國貞圖画,[江戸] : [恵比寿屋庄七],1856,安政3,3編,,17.5×11.5cm,"書名及び巻次は摺付表紙による2編の摺付表紙の書名: つた紅葉宇津の谷峠
原見返しの書名: 蔦紅葉宇津谷峠, 蔦紅葉宇津の谷峠, [蔦]紅葉宇津谷峠, つたもみぢ宇津の[や]とほげ
見返しの書名: 蔦紅葉宇津谷峠, 蔦もみち宇津の谷峠, つたもみち宇津のや峠
版心の書名: 蔦紅葉
外題: 豊國画
各摺付表紙に「錦昇堂發行記」(初編)「錦昇堂板」(2編)「庄 錦昇堂」(3編)とあり
各原見返しに「錦昇堂梓」(初編上の巻)「錦昇堂版」(初編の下)「錦昇堂壽梓」(2編上の巻)「錦昇堂板」(2編下冊)「恵比寿やはん」(3篇上)「庄」(3べん下)とあり
各見返しに「錦昇堂梓」(初編)「笑壽屋梓」(2編)「梓元 錦昇堂」(3編)とあり
印記: 「明治五改」,「酉」",日本語,和古書,,http://tify.sub.uni-goettingen.de/demo.html?manifest=https://archdataset.dl.itc.u-tokyo.ac.jp/manifest/75c917a4-15f6-6bc0-3fd5-4911ec98469c.json,75c917a4-15f6-6bc0-3fd5-4911ec98469c,https://iiif.dl.itc.u-tokyo.ac.jp/repo/s/koten/,https://iiif.dl.itc.u-tokyo.ac.jp/repo/s/koten/document/75c917a4-15f6-6bc0-3fd5-4911ec98469c,https://www.lib.u-tokyo.ac.jp/ja/library/contents/archives-top/reuse,https://iiif.dl.itc.u-tokyo.ac.jp/repo/files/medium/b650bbbd69c39d44a14e267d309e624220e40f9a.jpg,https://iiif.dl.itc.u-tokyo.ac.jp/repo/api/items/533663,"東京大学総合図書館 General Library in the University of Tokyo, JAPAN",http://iiif.io/api/presentation/2#rightToLeftDirection,,総合図書館所蔵古典籍,0085,,https://iiif.dl.itc.u-tokyo.ac.jp/repo/iiif/75c917a4-15f6-6bc0-3fd5-4911ec98469c/manifest,,,,,26
蔦紅葉宇津谷峠 2編上、下,E24:189,ツタモミジ ウツノヤ トウゲ,,柳水亭種清綴合 ; 梅蝶樓國貞圖画,[江戸] : [恵比寿屋庄七],1856,安政3,3編,,17.5×11.5cm,"書名及び巻次は摺付表紙による2編の摺付表紙の書名: つた紅葉宇津の谷峠
原見返しの書名: 蔦紅葉宇津谷峠, 蔦紅葉宇津の谷峠, [蔦]紅葉宇津谷峠, つたもみぢ宇津の[や]とほげ
見返しの書名: 蔦紅葉宇津谷峠, 蔦もみち宇津の谷峠, つたもみち宇津のや峠
版心の書名: 蔦紅葉
外題: 豊國画
各摺付表紙に「錦昇堂發行記」(初編)「錦昇堂板」(2編)「庄 錦昇堂」(3編)とあり
各原見返しに「錦昇堂梓」(初編上の巻)「錦昇堂版」(初編の下)「錦昇堂壽梓」(2編上の巻)「錦昇堂板」(2編下冊)「恵比寿やはん」(3篇上)「庄」(3べん下)とあり
各見返しに「錦昇堂梓」(初編)「笑壽屋梓」(2編)「梓元 錦昇堂」(3編)とあり
印記: 「明治五改」,「酉」",日本語,和古書,,http://tify.sub.uni-goettingen.de/demo.html?manifest=https://archdataset.dl.itc.u-tokyo.ac.jp/manifest/0784f1c7-60d2-12de-050a-eb53eabc5def.json,0784f1c7-60d2-12de-050a-eb53eabc5def,https://iiif.dl.itc.u-tokyo.ac.jp/repo/s/koten/,https://iiif.dl.itc.u-tokyo.ac.jp/repo/s/koten/document/0784f1c7-60d2-12de-050a-eb53eabc5def,https://www.lib.u-tokyo.ac.jp/ja/library/contents/archives-top/reuse,https://iiif.dl.itc.u-tokyo.ac.jp/repo/files/medium/44020f9400ec8ce6117dd97e48451e2100c5db75.jpg,https://iiif.dl.itc.u-tokyo.ac.jp/repo/api/items/533664,"東京大学総合図書館 General Library in the University of Tokyo, JAPAN",http://iiif.io/api/presentation/2#rightToLeftDirection,,総合図書館所蔵古典籍,0086,,https://iiif.dl.itc.u-tokyo.ac.jp/repo/iiif/0784f1c7-60d2-12de-050a-eb53eabc5def/manifest,,,,,24
蔦紅葉宇津谷峠 3編上、下,E24:189,ツタモミジ ウツノヤ トウゲ,,柳水亭種清綴合 ; 梅蝶樓國貞圖画,[江戸] : [恵比寿屋庄七],1856,安政3,3編,,17.5×11.5cm,"書名及び巻次は摺付表紙による2編の摺付表紙の書名: つた紅葉宇津の谷峠
原見返しの書名: 蔦紅葉宇津谷峠, 蔦紅葉宇津の谷峠, [蔦]紅葉宇津谷峠, つたもみぢ宇津の[や]とほげ
見返しの書名: 蔦紅葉宇津谷峠, 蔦もみち宇津の谷峠, つたもみち宇津のや峠
版心の書名: 蔦紅葉
外題: 豊國画
各摺付表紙に「錦昇堂發行記」(初編)「錦昇堂板」(2編)「庄 錦昇堂」(3編)とあり
各原見返しに「錦昇堂梓」(初編上の巻)「錦昇堂版」(初編の下)「錦昇堂壽梓」(2編上の巻)「錦昇堂板」(2編下冊)「恵比寿やはん」(3篇上)「庄」(3べん下)とあり
各見返しに「錦昇堂梓」(初編)「笑壽屋梓」(2編)「梓元 錦昇堂」(3編)とあり
印記: 「明治五改」,「酉」",日本語,和古書,,http://tify.sub.uni-goettingen.de/demo.html?manifest=https://archdataset.dl.itc.u-tokyo.ac.jp/manifest/f6711385-25fb-6761-4ce5-a21b6e5902fb.json,f6711385-25fb-6761-4ce5-a21b6e5902fb,https://iiif.dl.itc.u-tokyo.ac.jp/repo/s/koten/,https://iiif.dl.itc.u-tokyo.ac.jp/repo/s/koten/document/f6711385-25fb-6761-4ce5-a21b6e5902fb,https://www.lib.u-tokyo.ac.jp/ja/library/contents/archives-top/reuse,https://iiif.dl.itc.u-tokyo.ac.jp/repo/files/medium/7fda59f6bde60e9c21359666e81d5569167df82d.jpg,https://iiif.dl.itc.u-tokyo.ac.jp/repo/api/items/533665,"東京大学総合図書館 General Library in the University of Tokyo, JAPAN",http://iiif.io/api/presentation/2#rightToLeftDirection,,総合図書館所蔵古典籍,0087,,https://iiif.dl.itc.u-tokyo.ac.jp/repo/iiif/f6711385-25fb-6761-4ce5-a21b6e5902fb/manifest,,,,,24
梅雨濡仲町 初編上、下,E24:202,サツキアメ ヌレタ ナカチョウ,,柳水亭種清綴合 ; 梅蝶樓國貞圖画,東都 : 蔦屋吉藏,1857,安政4,3編,,17×11.5cm,"書名及び巻次は摺付表紙による原見返しの書名: 小さん金五郎梅雨濡仲町, 小さん金五郎梅雨ぬれた仲町, 小さん金五郎梅雨ぬれたなか町, さつきあめ濡仲町, 梅雨ぬれたなか町, さつき雨濡仲町
見返しの書名: 小さん金五郎梅雨濡仲町, 梅雨ぬれた仲町
版心の書名: 梅雨
題簽による巻次: 上, 中, 下
初-2編の摺付表紙に「はん元 紅英堂梓」とあり
各原見返しに「はん元 紅英堂梓」(初編上の巻)「はん元 紅英堂寿梓」(初編下巻)「紅英寿梓」(2編上のまき)「紅英堂寿梓」(2編下のまき,3編の上)「紅えいだう文庫」(3編下の巻)とあり
各見返しに「はん元 紅英堂寿梓」(初編)「紅英堂板」(2編)「紅英堂寿梓」(3編)とあり
多色刷り
各編末に「安政四丁巳春新鐫目録」(蔦屋吉藏板)を附す
虫損あり",日本語,和古書,,http://tify.sub.uni-goettingen.de/demo.html?manifest=https://archdataset.dl.itc.u-tokyo.ac.jp/manifest/5e8ba4cf-6c5f-9aa9-89d6-b0a1186a15c3.json,5e8ba4cf-6c5f-9aa9-89d6-b0a1186a15c3,https://iiif.dl.itc.u-tokyo.ac.jp/repo/s/koten/,https://iiif.dl.itc.u-tokyo.ac.jp/repo/s/koten/document/5e8ba4cf-6c5f-9aa9-89d6-b0a1186a15c3,https://www.lib.u-tokyo.ac.jp/ja/library/contents/archives-top/reuse,https://iiif.dl.itc.u-tokyo.ac.jp/repo/files/medium/97569544dd3302bd167b35d816fae4f0e8e332e5.jpg,https://iiif.dl.itc.u-tokyo.ac.jp/repo/api/items/533666,"東京大学総合図書館 General Library in the University of Tokyo, JAPAN",http://iiif.io/api/presentation/2#rightToLeftDirection,,総合図書館所蔵古典籍,0088,,https://iiif.dl.itc.u-tokyo.ac.jp/repo/iiif/5e8ba4cf-6c5f-9aa9-89d6-b0a1186a15c3/manifest,,,,,25
梅雨濡仲町 2編上、下,E24:202,サツキアメ ヌレタ ナカチョウ,,柳水亭種清綴合 ; 梅蝶樓國貞圖画,東都 : 蔦屋吉藏,1857,安政4,3編,,17×11.5cm,"書名及び巻次は摺付表紙による原見返しの書名: 小さん金五郎梅雨濡仲町, 小さん金五郎梅雨ぬれた仲町, 小さん金五郎梅雨ぬれたなか町, さつきあめ濡仲町, 梅雨ぬれたなか町, さつき雨濡仲町
見返しの書名: 小さん金五郎梅雨濡仲町, 梅雨ぬれた仲町
版心の書名: 梅雨
題簽による巻次: 上, 中, 下
初-2編の摺付表紙に「はん元 紅英堂梓」とあり
各原見返しに「はん元 紅英堂梓」(初編上の巻)「はん元 紅英堂寿梓」(初編下巻)「紅英寿梓」(2編上のまき)「紅英堂寿梓」(2編下のまき,3編の上)「紅えいだう文庫」(3編下の巻)とあり
各見返しに「はん元 紅英堂寿梓」(初編)「紅英堂板」(2編)「紅英堂寿梓」(3編)とあり
多色刷り
各編末に「安政四丁巳春新鐫目録」(蔦屋吉藏板)を附す
虫損あり",日本語,和古書,,http://tify.sub.uni-goettingen.de/demo.html?manifest=https://archdataset.dl.itc.u-tokyo.ac.jp/manifest/8eb2dad0-213a-1017-3a7c-e2bd3f3556b6.json,8eb2dad0-213a-1017-3a7c-e2bd3f3556b6,https://iiif.dl.itc.u-tokyo.ac.jp/repo/s/koten/,https://iiif.dl.itc.u-tokyo.ac.jp/repo/s/koten/document/8eb2dad0-213a-1017-3a7c-e2bd3f3556b6,https://www.lib.u-tokyo.ac.jp/ja/library/contents/archives-top/reuse,https://iiif.dl.itc.u-tokyo.ac.jp/repo/files/medium/41720c7ee3e3ef5d0e30b8d63f489768767e187a.jpg,https://iiif.dl.itc.u-tokyo.ac.jp/repo/api/items/533667,"東京大学総合図書館 General Library in the University of Tokyo, JAPAN",http://iiif.io/api/presentation/2#rightToLeftDirection,,総合図書館所蔵古典籍,0089,,https://iiif.dl.itc.u-tokyo.ac.jp/repo/iiif/8eb2dad0-213a-1017-3a7c-e2bd3f3556b6/manifest,,,,,25
梅雨濡仲町 3編上、下,E24:202,サツキアメ ヌレタ ナカチョウ,,柳水亭種清綴合 ; 梅蝶樓國貞圖画,東都 : 蔦屋吉藏,1857,安政4,3編,,17×11.5cm,"書名及び巻次は摺付表紙による原見返しの書名: 小さん金五郎梅雨濡仲町, 小さん金五郎梅雨ぬれた仲町, 小さん金五郎梅雨ぬれたなか町, さつきあめ濡仲町, 梅雨ぬれたなか町, さつき雨濡仲町
見返しの書名: 小さん金五郎梅雨濡仲町, 梅雨ぬれた仲町
版心の書名: 梅雨
題簽による巻次: 上, 中, 下
初-2編の摺付表紙に「はん元 紅英堂梓」とあり
各原見返しに「はん元 紅英堂梓」(初編上の巻)「はん元 紅英堂寿梓」(初編下巻)「紅英寿梓」(2編上のまき)「紅英堂寿梓」(2編下のまき,3編の上)「紅えいだう文庫」(3編下の巻)とあり
各見返しに「はん元 紅英堂寿梓」(初編)「紅英堂板」(2編)「紅英堂寿梓」(3編)とあり
多色刷り
各編末に「安政四丁巳春新鐫目録」(蔦屋吉藏板)を附す
虫損あり",日本語,和古書,,http://tify.sub.uni-goettingen.de/demo.html?manifest=https://archdataset.dl.itc.u-tokyo.ac.jp/manifest/a19171cc-4cab-63f5-4b59-bd83f3a9a418.json,a19171cc-4cab-63f5-4b59-bd83f3a9a418,https://iiif.dl.itc.u-tokyo.ac.jp/repo/s/koten/,https://iiif.dl.itc.u-tokyo.ac.jp/repo/s/koten/document/a19171cc-4cab-63f5-4b59-bd83f3a9a418,https://www.lib.u-tokyo.ac.jp/ja/library/contents/archives-top/reuse,https://iiif.dl.itc.u-tokyo.ac.jp/repo/files/medium/01cf233f715517458854be0c4cdc2fcc2a48656d.jpg,https://iiif.dl.itc.u-tokyo.ac.jp/repo/api/items/533668,"東京大学総合図書館 General Library in the University of Tokyo, JAPAN",http://iiif.io/api/presentation/2#rightToLeftDirection,,総合図書館所蔵古典籍,0090,,https://iiif.dl.itc.u-tokyo.ac.jp/repo/iiif/a19171cc-4cab-63f5-4b59-bd83f3a9a418/manifest,,,,,25
小袖曽我薊色縫 初編上、下,E24:205,コソデ ソガ アザミ ノ イロヌイ,,柳水亭種清綴合 ; 梅蝶樓國貞圖画,[江戸] : 蔦屋吉藏,1859,安政6,5編(画像公開は初編と2編のみ),,17×11.5cm,"書名及び巻次は摺付表紙による2篇の摺付表紙の書名: 小そで曽我薊色縫
原見返しの書名: 小袖曽我薊色縫, こそで曽我あさみのいろぬひ, こそでそがあさみの色縫, こそでそがあざみの色ぬひ, 小袖曽我薊の色縫, こそでそが薊のいろぬひ
見返しの書名: こそで曽我薊の色ぬひ, こそでそが薊の色ぬひ, こそで曽我薊色ぬひ, 小袖曽我薊色縫, こそでそがあざみの色縫
版心の書名: 薊色縫
各原見返しに「紅英堂梓」(2篇上,5篇上)「紅英堂はん」(2へんの下)とあり
各見返しに「紅英文庫」(初,3編)「紅英堂梓」(4篇)とあり
初編の巻末に「安政六年己未歳陽春開板標目」(蔦屋吉藏梓)を附す
2編の巻末に「新板稗史標目」(蔦屋吉藏梓)を附す
印記: 「明治五改」,「酉」",日本語,和古書,,http://tify.sub.uni-goettingen.de/demo.html?manifest=https://archdataset.dl.itc.u-tokyo.ac.jp/manifest/0d9a7dcf-79f1-125f-5d8c-5cfc40384656.json,0d9a7dcf-79f1-125f-5d8c-5cfc40384656,https://iiif.dl.itc.u-tokyo.ac.jp/repo/s/koten/,https://iiif.dl.itc.u-tokyo.ac.jp/repo/s/koten/document/0d9a7dcf-79f1-125f-5d8c-5cfc40384656,https://www.lib.u-tokyo.ac.jp/ja/library/contents/archives-top/reuse,https://iiif.dl.itc.u-tokyo.ac.jp/repo/files/medium/52f14a49bd054c2ccf2911df7307d7b7dc8904e8.jpg,https://iiif.dl.itc.u-tokyo.ac.jp/repo/api/items/533669,"東京大学総合図書館 General Library in the University of Tokyo, JAPAN",http://iiif.io/api/presentation/2#rightToLeftDirection,,総合図書館所蔵古典籍,0091,,https://iiif.dl.itc.u-tokyo.ac.jp/repo/iiif/0d9a7dcf-79f1-125f-5d8c-5cfc40384656/manifest,,,,,25
小袖曽我薊色縫 2編上、下,E24:205,コソデ ソガ アザミ ノ イロヌイ,,柳水亭種清綴合 ; 梅蝶樓國貞圖画,[江戸] : 蔦屋吉藏,1859,安政6,5編(画像公開は初編と2編のみ),,17×11.5cm,"書名及び巻次は摺付表紙による2篇の摺付表紙の書名: 小そで曽我薊色縫
原見返しの書名: 小袖曽我薊色縫, こそで曽我あさみのいろぬひ, こそでそがあさみの色縫, こそでそがあざみの色ぬひ, 小袖曽我薊の色縫, こそでそが薊のいろぬひ
見返しの書名: こそで曽我薊の色ぬひ, こそでそが薊の色ぬひ, こそで曽我薊色ぬひ, 小袖曽我薊色縫, こそでそがあざみの色縫
版心の書名: 薊色縫
各原見返しに「紅英堂梓」(2篇上,5篇上)「紅英堂はん」(2へんの下)とあり
各見返しに「紅英文庫」(初,3編)「紅英堂梓」(4篇)とあり
初編の巻末に「安政六年己未歳陽春開板標目」(蔦屋吉藏梓)を附す
2編の巻末に「新板稗史標目」(蔦屋吉藏梓)を附す
印記: 「明治五改」,「酉」",日本語,和古書,,http://tify.sub.uni-goettingen.de/demo.html?manifest=https://archdataset.dl.itc.u-tokyo.ac.jp/manifest/78ded2bf-07a3-4700-4add-809e93f11ab5.json,78ded2bf-07a3-4700-4add-809e93f11ab5,https://iiif.dl.itc.u-tokyo.ac.jp/repo/s/koten/,https://iiif.dl.itc.u-tokyo.ac.jp/repo/s/koten/document/78ded2bf-07a3-4700-4add-809e93f11ab5,https://www.lib.u-tokyo.ac.jp/ja/library/contents/archives-top/reuse,https://iiif.dl.itc.u-tokyo.ac.jp/repo/files/medium/2730c1c6e47ff6f82987ceb7aa59ae3151aa286e.jpg,https://iiif.dl.itc.u-tokyo.ac.jp/repo/api/items/533670,"東京大学総合図書館 General Library in the University of Tokyo, JAPAN",http://iiif.io/api/presentation/2#rightToLeftDirection,,総合図書館所蔵古典籍,0092,,https://iiif.dl.itc.u-tokyo.ac.jp/repo/iiif/78ded2bf-07a3-4700-4add-809e93f11ab5/manifest,,,,,27
六阿彌陀詣 : 如來御傳記,E26:345,ロクアミダ モウデ : ニョライ ゴデンキ,,不明,[江戸] : [西村屋与八],不明,不明[江戸後期],1冊,,18×13cm,"書名は題簽による扉の書名: 六阿彌陀詣 : 同御縁起略記 : 阿弥陀如来御傳記
版心の書名: 巡拝記
扉に「永壽堂新刊」とあり
頭書あり
巻末に「前川氏」と墨書あ",日本語,和古書,岡村文庫,http://tify.sub.uni-goettingen.de/demo.html?manifest=https://archdataset.dl.itc.u-tokyo.ac.jp/manifest/9f5f0a66-5bc3-250c-5a83-02c92468468b.json,9f5f0a66-5bc3-250c-5a83-02c92468468b,https://iiif.dl.itc.u-tokyo.ac.jp/repo/s/koten/,https://iiif.dl.itc.u-tokyo.ac.jp/repo/s/koten/document/9f5f0a66-5bc3-250c-5a83-02c92468468b,https://www.lib.u-tokyo.ac.jp/ja/library/contents/archives-top/reuse,https://iiif.dl.itc.u-tokyo.ac.jp/repo/files/medium/bc448110e3e24dd3c5dcb4c27ff429d916b5f1f0.jpg,https://iiif.dl.itc.u-tokyo.ac.jp/repo/api/items/533671,"東京大学総合図書館 General Library in the University of Tokyo, JAPAN",http://iiif.io/api/presentation/2#rightToLeftDirection,,総合図書館所蔵古典籍,0093,,https://iiif.dl.itc.u-tokyo.ac.jp/repo/iiif/9f5f0a66-5bc3-250c-5a83-02c92468468b/manifest,,,,,22
麓のしをり,E31:600,フモト ノ シオリ,"麓能志を利,麓の枝折",不明,[書写地不明] : [書写者不明],不明,不明[江戸中後期],1冊,写,26.5×18.5cm,"書名は題簽による印記: 「南葵文庫」
虫損あり",日本語,和古書,南葵文庫,http://tify.sub.uni-goettingen.de/demo.html?manifest=https://archdataset.dl.itc.u-tokyo.ac.jp/manifest/4113a916-0a85-4912-6fff-2c2850da6ecb.json,4113a916-0a85-4912-6fff-2c2850da6ecb,https://iiif.dl.itc.u-tokyo.ac.jp/repo/s/koten/,https://iiif.dl.itc.u-tokyo.ac.jp/repo/s/koten/document/4113a916-0a85-4912-6fff-2c2850da6ecb,https://www.lib.u-tokyo.ac.jp/ja/library/contents/archives-top/reuse,https://iiif.dl.itc.u-tokyo.ac.jp/repo/files/medium/9c4ac2c9ea684c7ccb0dc31c744a2fe5aa29b826.jpg,https://iiif.dl.itc.u-tokyo.ac.jp/repo/api/items/533672,"東京大学総合図書館 General Library in the University of Tokyo, JAPAN",http://iiif.io/api/presentation/2#rightToLeftDirection,,総合図書館所蔵古典籍,0094,,https://iiif.dl.itc.u-tokyo.ac.jp/repo/iiif/4113a916-0a85-4912-6fff-2c2850da6ecb/manifest,,,,,72
築山庭造傳 前編上・中・下,F60:4,ツキヤマ ニワツクリ デン,築山庭造伝,北村援琴述 ; 藤井重好画,大阪 : 柳原喜兵衛,不明,不明,6冊,,25.4×18.4cm,"責任表示は見返しによる後編: 籬島軒秋里述
前編の叙の書名: 築山山水庭造傳
後編の叙、目首、版心の書名: 庭造傳
刊記に「積玉圃蔵板」とあり
享保20 [1735]の序あり
挿絵 (墨印) あり
前編上1-38p. 中39-75p.  下76-111p.",日本語,和古書,青洲文庫,http://tify.sub.uni-goettingen.de/demo.html?manifest=https://archdataset.dl.itc.u-tokyo.ac.jp/manifest/3f8ea4be-3507-6998-6b71-fd53fdc77091.json,3f8ea4be-3507-6998-6b71-fd53fdc77091,https://iiif.dl.itc.u-tokyo.ac.jp/repo/s/koten/,https://iiif.dl.itc.u-tokyo.ac.jp/repo/s/koten/document/3f8ea4be-3507-6998-6b71-fd53fdc77091,https://www.lib.u-tokyo.ac.jp/ja/library/contents/archives-top/reuse,https://iiif.dl.itc.u-tokyo.ac.jp/repo/files/medium/b4179e1f7a37ac65d98e7517a6c47d68e0bd246d.jpg,https://iiif.dl.itc.u-tokyo.ac.jp/repo/api/items/533673,"東京大学総合図書館 General Library in the University of Tokyo, JAPAN",http://iiif.io/api/presentation/2#rightToLeftDirection,,総合図書館所蔵古典籍,0095,,https://iiif.dl.itc.u-tokyo.ac.jp/repo/iiif/3f8ea4be-3507-6998-6b71-fd53fdc77091/manifest,,,,,111
築山庭造傳 後編上・中・下,F60:4,ツキヤマ ニワツクリ デン,築山庭造伝,北村援琴述 ; 藤井重好画,大阪 : 柳原喜兵衛,不明,不明,6冊,,25.4×18.4cm,"責任表示は見返しによる後編: 籬島軒秋里述
前編の叙の書名: 築山山水庭造傳
後編の叙、目首、版心の書名: 庭造傳
刊記に「積玉圃蔵板」とあり
享保20 [1735]の序あり
挿絵 (墨印) あり
後編上1-37p. 中38-73p.  下74-113p.",日本語,和古書,青洲文庫,http://tify.sub.uni-goettingen.de/demo.html?manifest=https://archdataset.dl.itc.u-tokyo.ac.jp/manifest/8bc3f8b7-706c-6bfa-931d-fbee07126b7b.json,8bc3f8b7-706c-6bfa-931d-fbee07126b7b,https://iiif.dl.itc.u-tokyo.ac.jp/repo/s/koten/,https://iiif.dl.itc.u-tokyo.ac.jp/repo/s/koten/document/8bc3f8b7-706c-6bfa-931d-fbee07126b7b,https://www.lib.u-tokyo.ac.jp/ja/library/contents/archives-top/reuse,https://iiif.dl.itc.u-tokyo.ac.jp/repo/files/medium/540de3c0228223db6ed5c77c051b7657ced4ae44.jpg,https://iiif.dl.itc.u-tokyo.ac.jp/repo/api/items/533674,"東京大学総合図書館 General Library in the University of Tokyo, JAPAN",http://iiif.io/api/presentation/2#rightToLeftDirection,,総合図書館所蔵古典籍,0096,,https://iiif.dl.itc.u-tokyo.ac.jp/repo/iiif/8bc3f8b7-706c-6bfa-931d-fbee07126b7b/manifest,,,,,113
築山庭造傳 上,F60:6,ツキヤマ ニワツクリ デン,築山庭造伝,北村援琴述 ; 藤井重好画,浪華 : 河内屋太助,不明,不明,3冊,,25.9×18.9cm,"責任表示は見返しによる巻冊次は版心による
出版事項は巻末の刊行目録による
叙の書名: 築山山水庭造傳
見返しの書名: 庭造傳
享保20 [1735]の序あり
挿絵 (墨印) あり",日本語,和古書,青洲文庫,http://tify.sub.uni-goettingen.de/demo.html?manifest=https://archdataset.dl.itc.u-tokyo.ac.jp/manifest/8ec3ed6d-11e2-82d1-a5d6-3bb2abfa4023.json,8ec3ed6d-11e2-82d1-a5d6-3bb2abfa4023,https://iiif.dl.itc.u-tokyo.ac.jp/repo/s/koten/,https://iiif.dl.itc.u-tokyo.ac.jp/repo/s/koten/document/8ec3ed6d-11e2-82d1-a5d6-3bb2abfa4023,https://www.lib.u-tokyo.ac.jp/ja/library/contents/archives-top/reuse,https://iiif.dl.itc.u-tokyo.ac.jp/repo/files/medium/9e06eb55b46961ff80bb3de62bf28ab19b05ac6e.jpg,https://iiif.dl.itc.u-tokyo.ac.jp/repo/api/items/533675,"東京大学総合図書館 General Library in the University of Tokyo, JAPAN",http://iiif.io/api/presentation/2#rightToLeftDirection,,総合図書館所蔵古典籍,0097,,https://iiif.dl.itc.u-tokyo.ac.jp/repo/iiif/8ec3ed6d-11e2-82d1-a5d6-3bb2abfa4023/manifest,,,,,37
築山庭造傳 中,F60:6,ツキヤマ ニワツクリ デン,築山庭造伝,北村援琴述 ; 藤井重好画,浪華 : 河内屋太助,不明,不明,3冊,,25.9×18.9cm,"責任表示は見返しによる巻冊次は版心による
出版事項は巻末の刊行目録による
叙の書名: 築山山水庭造傳
見返しの書名: 庭造傳
享保20 [1735]の序あり
挿絵 (墨印) あり",日本語,和古書,青洲文庫,http://tify.sub.uni-goettingen.de/demo.html?manifest=https://archdataset.dl.itc.u-tokyo.ac.jp/manifest/cd55e57b-8dc1-7fa3-030c-18f06dcf898c.json,cd55e57b-8dc1-7fa3-030c-18f06dcf898c,https://iiif.dl.itc.u-tokyo.ac.jp/repo/s/koten/,https://iiif.dl.itc.u-tokyo.ac.jp/repo/s/koten/document/cd55e57b-8dc1-7fa3-030c-18f06dcf898c,https://www.lib.u-tokyo.ac.jp/ja/library/contents/archives-top/reuse,https://iiif.dl.itc.u-tokyo.ac.jp/repo/files/medium/ca247f8986b3b06e79f4a7f326a043493c9ef224.jpg,https://iiif.dl.itc.u-tokyo.ac.jp/repo/api/items/533676,"東京大学総合図書館 General Library in the University of Tokyo, JAPAN",http://iiif.io/api/presentation/2#rightToLeftDirection,,総合図書館所蔵古典籍,0098,,https://iiif.dl.itc.u-tokyo.ac.jp/repo/iiif/cd55e57b-8dc1-7fa3-030c-18f06dcf898c/manifest,,,,,20
築山庭造傳 下,F60:6,ツキヤマ ニワツクリ デン,築山庭造伝,北村援琴述 ; 藤井重好画,浪華 : 河内屋太助,不明,不明,3冊,,25.9×18.9cm,"責任表示は見返しによる巻冊次は版心による
出版事項は巻末の刊行目録による
叙の書名: 築山山水庭造傳
見返しの書名: 庭造傳
享保20 [1735]の序あり
挿絵 (墨印) あり",日本語,和古書,青洲文庫,http://tify.sub.uni-goettingen.de/demo.html?manifest=https://archdataset.dl.itc.u-tokyo.ac.jp/manifest/40faa87f-6bb9-3950-45b3-50b17b2f0bd2.json,40faa87f-6bb9-3950-45b3-50b17b2f0bd2,https://iiif.dl.itc.u-tokyo.ac.jp/repo/s/koten/,https://iiif.dl.itc.u-tokyo.ac.jp/repo/s/koten/document/40faa87f-6bb9-3950-45b3-50b17b2f0bd2,https://www.lib.u-tokyo.ac.jp/ja/library/contents/archives-top/reuse,https://iiif.dl.itc.u-tokyo.ac.jp/repo/files/medium/838e6a5b0c72425c8531b0f182975c7e6bf31cad.jpg,https://iiif.dl.itc.u-tokyo.ac.jp/repo/api/items/533677,"東京大学総合図書館 General Library in the University of Tokyo, JAPAN",http://iiif.io/api/presentation/2#rightToLeftDirection,,総合図書館所蔵古典籍,0099,,https://iiif.dl.itc.u-tokyo.ac.jp/repo/iiif/40faa87f-6bb9-3950-45b3-50b17b2f0bd2/manifest,,,,,32
檀森齋石譜,F60:26,ダンシンサイ セキフ,檀森斎石譜,,不明,不明,不明,1帖,,26.2×15.3cm,"序の書名: 森齋石譜文化11年の序あり
折本
田中芳男旧蔵書の印あり",日本語,和古書,田中芳男文庫,http://tify.sub.uni-goettingen.de/demo.html?manifest=https://archdataset.dl.itc.u-tokyo.ac.jp/manifest/cf262921-9411-4fb3-667b-47e4b39d2bde.json,cf262921-9411-4fb3-667b-47e4b39d2bde,https://iiif.dl.itc.u-tokyo.ac.jp/repo/s/koten/,https://iiif.dl.itc.u-tokyo.ac.jp/repo/s/koten/document/cf262921-9411-4fb3-667b-47e4b39d2bde,https://www.lib.u-tokyo.ac.jp/ja/library/contents/archives-top/reuse,https://iiif.dl.itc.u-tokyo.ac.jp/repo/files/medium/faad8d7a98345f3a640eddd023fa0fe021ff3248.jpg,https://iiif.dl.itc.u-tokyo.ac.jp/repo/api/items/533678,"東京大学総合図書館 General Library in the University of Tokyo, JAPAN",http://iiif.io/api/presentation/2#rightToLeftDirection,,総合図書館所蔵古典籍,0100,,https://iiif.dl.itc.u-tokyo.ac.jp/repo/iiif/cf262921-9411-4fb3-667b-47e4b39d2bde/manifest,,,,,57
大久保駿河土産 1(第1-5),G29:790,オオクボ スルガ ミヤゲ,駿河土産 : 大久保,[大道寺友山著],不明,不明,不明,全5巻,写,23×16cm,"責任表示は『日本古典籍総合目録データベース』による印記: 「南葵文庫」
虫損あり
第16-25の画像はありません",日本語,和古書,南葵文庫,http://tify.sub.uni-goettingen.de/demo.html?manifest=https://archdataset.dl.itc.u-tokyo.ac.jp/manifest/679eb284-0c4d-67f8-3066-01113cd5597d.json,679eb284-0c4d-67f8-3066-01113cd5597d,https://iiif.dl.itc.u-tokyo.ac.jp/repo/s/koten/,https://iiif.dl.itc.u-tokyo.ac.jp/repo/s/koten/document/679eb284-0c4d-67f8-3066-01113cd5597d,https://www.lib.u-tokyo.ac.jp/ja/library/contents/archives-top/reuse,https://iiif.dl.itc.u-tokyo.ac.jp/repo/files/medium/121d004a8380e0611846f5fc8dfb29e4b0f40eb9.jpg,https://iiif.dl.itc.u-tokyo.ac.jp/repo/api/items/533679,"東京大学総合図書館 General Library in the University of Tokyo, JAPAN",http://iiif.io/api/presentation/2#rightToLeftDirection,,総合図書館所蔵古典籍,0101,,https://iiif.dl.itc.u-tokyo.ac.jp/repo/iiif/679eb284-0c4d-67f8-3066-01113cd5597d/manifest,,,,,38
大久保駿河土産 2(第6-10),G29:790,オオクボ スルガ ミヤゲ,駿河土産 : 大久保,[大道寺友山著],不明,不明,不明,全5巻,写,23×16cm,"責任表示は『日本古典籍総合目録データベース』による印記: 「南葵文庫」
虫損あり
第16-25の画像はありません",日本語,和古書,南葵文庫,http://tify.sub.uni-goettingen.de/demo.html?manifest=https://archdataset.dl.itc.u-tokyo.ac.jp/manifest/2519a3aa-9700-6075-627c-66b9918079d4.json,2519a3aa-9700-6075-627c-66b9918079d4,https://iiif.dl.itc.u-tokyo.ac.jp/repo/s/koten/,https://iiif.dl.itc.u-tokyo.ac.jp/repo/s/koten/document/2519a3aa-9700-6075-627c-66b9918079d4,https://www.lib.u-tokyo.ac.jp/ja/library/contents/archives-top/reuse,https://iiif.dl.itc.u-tokyo.ac.jp/repo/files/medium/3d2063c8a4044b27b675f481772d5a1bc8a467c0.jpg,https://iiif.dl.itc.u-tokyo.ac.jp/repo/api/items/533680,"東京大学総合図書館 General Library in the University of Tokyo, JAPAN",http://iiif.io/api/presentation/2#rightToLeftDirection,,総合図書館所蔵古典籍,0102,,https://iiif.dl.itc.u-tokyo.ac.jp/repo/iiif/2519a3aa-9700-6075-627c-66b9918079d4/manifest,,,,,45
大久保駿河土産 3(第11-15),G29:790,オオクボ スルガ ミヤゲ,駿河土産 : 大久保,[大道寺友山著],不明,不明,不明,全5巻,写,23×16cm,"責任表示は『日本古典籍総合目録データベース』による印記: 「南葵文庫」
虫損あり
第16-25の画像はありません",日本語,和古書,南葵文庫,http://tify.sub.uni-goettingen.de/demo.html?manifest=https://archdataset.dl.itc.u-tokyo.ac.jp/manifest/6a3582fe-7985-5b0d-5046-e7c3b7be5379.json,6a3582fe-7985-5b0d-5046-e7c3b7be5379,https://iiif.dl.itc.u-tokyo.ac.jp/repo/s/koten/,https://iiif.dl.itc.u-tokyo.ac.jp/repo/s/koten/document/6a3582fe-7985-5b0d-5046-e7c3b7be5379,https://www.lib.u-tokyo.ac.jp/ja/library/contents/archives-top/reuse,https://iiif.dl.itc.u-tokyo.ac.jp/repo/files/medium/30a80f66e437fd30786f3621baab3deb59dda523.jpg,https://iiif.dl.itc.u-tokyo.ac.jp/repo/api/items/533681,"東京大学総合図書館 General Library in the University of Tokyo, JAPAN",http://iiif.io/api/presentation/2#rightToLeftDirection,,総合図書館所蔵古典籍,0103,,https://iiif.dl.itc.u-tokyo.ac.jp/repo/iiif/6a3582fe-7985-5b0d-5046-e7c3b7be5379/manifest,,,,,41
麑海魚譜,T86:94,ゲイカイ ギョフ,,白野夏雲著 ; 木脇啓四郎等画,[鹿児島] : 鹿児島県勧業課,1883.3,,1冊,,22.5×15.5cm,,日本語,和古書,田中芳男文庫,http://tify.sub.uni-goettingen.de/demo.html?manifest=https://archdataset.dl.itc.u-tokyo.ac.jp/manifest/f67275d0-01cb-0304-5570-30d5b95957b7.json,f67275d0-01cb-0304-5570-30d5b95957b7,https://iiif.dl.itc.u-tokyo.ac.jp/repo/s/koten/,https://iiif.dl.itc.u-tokyo.ac.jp/repo/s/koten/document/f67275d0-01cb-0304-5570-30d5b95957b7,https://www.lib.u-tokyo.ac.jp/ja/library/contents/archives-top/reuse,https://iiif.dl.itc.u-tokyo.ac.jp/repo/files/medium/ec4890453228f8dfb8f07d1987978484cb1f8e52.jpg,https://iiif.dl.itc.u-tokyo.ac.jp/repo/api/items/533682,"東京大学総合図書館 General Library in the University of Tokyo, JAPAN",http://iiif.io/api/presentation/2#rightToLeftDirection,,総合図書館所蔵古典籍,0104,,https://iiif.dl.itc.u-tokyo.ac.jp/repo/iiif/f67275d0-01cb-0304-5570-30d5b95957b7/manifest,,,,,30
秘傳花 : 池之坊傳,YB20:404,ヒデンカ : イケノボウ デン,秘伝花 : 池之坊伝,池坊専好 [傳],[浪芲] : [民部] [写],1802,享和2,1冊,写,24×16.5cm,"書名は表紙による本奥書末に「慶長十一年小暑 洛中池坊専好在判/花坊玉藏院」とあり
書写奥書末に「右同州佐々原蓮光寺貞賢享保十一年丙午歳三月上旬所写之者也又予寛延四年辛未五月中旬写之者也/持主 善七」, 「享和二壬戌年六月上旬/攝州吹田前蓮光寺同嶺 在浪芲字民部」とあり
印記: 「藤井里凌齋藏書」, 「南葵文庫」
虫損あり",日本語,和古書,南葵文庫,http://tify.sub.uni-goettingen.de/demo.html?manifest=https://archdataset.dl.itc.u-tokyo.ac.jp/manifest/7deb8533-1d13-0f7d-27f8-0cf50da015d1.json,7deb8533-1d13-0f7d-27f8-0cf50da015d1,https://iiif.dl.itc.u-tokyo.ac.jp/repo/s/koten/,https://iiif.dl.itc.u-tokyo.ac.jp/repo/s/koten/document/7deb8533-1d13-0f7d-27f8-0cf50da015d1,https://www.lib.u-tokyo.ac.jp/ja/library/contents/archives-top/reuse,https://iiif.dl.itc.u-tokyo.ac.jp/repo/files/medium/de5adb319affcb905f1b48a9a544c4b6e8db08ae.jpg,https://iiif.dl.itc.u-tokyo.ac.jp/repo/api/items/533683,"東京大学総合図書館 General Library in the University of Tokyo, JAPAN",http://iiif.io/api/presentation/2#rightToLeftDirection,,総合図書館所蔵古典籍,0105,,https://iiif.dl.itc.u-tokyo.ac.jp/repo/iiif/7deb8533-1d13-0f7d-27f8-0cf50da015d1/manifest,,,,,28
立花傳書,YB20:408,リッカ デンショ,立花伝書,竹田可竹 [傳],[書写地不明] : 張井惠元 [写],1786,天明6,1冊,写,12×18cm,"書名は蔵書票による本奥書末に「寳暦二壬申八月 竹田可竹」とあり
書写奥書に「右之書者吟夕師相傳也 ... 天明六午四月廿三日写之者也/張井惠元(花押)」とあり
印記: 「藤井」, 「藤井里凌齋藏書」, 「南葵文庫」
虫損, 汚損あり",日本語,和古書,南葵文庫,http://tify.sub.uni-goettingen.de/demo.html?manifest=https://archdataset.dl.itc.u-tokyo.ac.jp/manifest/6b9a5758-3db1-a3ae-381e-c2ee88e843c5.json,6b9a5758-3db1-a3ae-381e-c2ee88e843c5,https://iiif.dl.itc.u-tokyo.ac.jp/repo/s/koten/,https://iiif.dl.itc.u-tokyo.ac.jp/repo/s/koten/document/6b9a5758-3db1-a3ae-381e-c2ee88e843c5,https://www.lib.u-tokyo.ac.jp/ja/library/contents/archives-top/reuse,https://iiif.dl.itc.u-tokyo.ac.jp/repo/files/medium/38874058b2d12bb7b619c6022c4e2de7c9c5e65f.jpg,https://iiif.dl.itc.u-tokyo.ac.jp/repo/api/items/533684,"東京大学総合図書館 General Library in the University of Tokyo, JAPAN",http://iiif.io/api/presentation/2#rightToLeftDirection,,総合図書館所蔵古典籍,0106,,https://iiif.dl.itc.u-tokyo.ac.jp/repo/iiif/6b9a5758-3db1-a3ae-381e-c2ee88e843c5/manifest,,,,,44
茶湯故事談 上(第1-3巻),YB20:580,チャノユ コジダン,茶湯古事談,近松茂矩筆記,濃陽 : 凰鳴庵 [写],1858,安政5,全3冊7巻,写,23.8×16.5cm,"大尾の書名: 茶湯古事談題言末に「元文四年次己五月望採毫於尾州名古屋城押泥江邑錬兵堂南窻 近松彦之進藤原茂矩」とあり
奥書に「安政五午夘月 濃陽鳳凰川北長良住 凰鳴庵主人冩之」とあり (「道勝」との落款朱印あり)
印記: 「藤井里凌齋藏書」, 「南葵文庫」",日本語,和古書,南葵文庫,http://tify.sub.uni-goettingen.de/demo.html?manifest=https://archdataset.dl.itc.u-tokyo.ac.jp/manifest/d2dc7fb5-42af-91d5-23b7-4ffd17d1607e.json,d2dc7fb5-42af-91d5-23b7-4ffd17d1607e,https://iiif.dl.itc.u-tokyo.ac.jp/repo/s/koten/,https://iiif.dl.itc.u-tokyo.ac.jp/repo/s/koten/document/d2dc7fb5-42af-91d5-23b7-4ffd17d1607e,https://www.lib.u-tokyo.ac.jp/ja/library/contents/archives-top/reuse,https://iiif.dl.itc.u-tokyo.ac.jp/repo/files/medium/4215011af29ddd025613ebb87752343ea46d9be7.jpg,https://iiif.dl.itc.u-tokyo.ac.jp/repo/api/items/533685,"東京大学総合図書館 General Library in the University of Tokyo, JAPAN",http://iiif.io/api/presentation/2#rightToLeftDirection,,総合図書館所蔵古典籍,0107,,https://iiif.dl.itc.u-tokyo.ac.jp/repo/iiif/d2dc7fb5-42af-91d5-23b7-4ffd17d1607e/manifest,,,,,34
茶湯故事談 中(第4-6巻),YB20:580,チャノユ コジダン,茶湯古事談,近松茂矩筆記,濃陽 : 凰鳴庵 [写],1858,安政5,全3冊7巻,写,23.8×16.5cm,"大尾の書名: 茶湯古事談題言末に「元文四年次己五月望採毫於尾州名古屋城押泥江邑錬兵堂南窻 近松彦之進藤原茂矩」とあり
奥書に「安政五午夘月 濃陽鳳凰川北長良住 凰鳴庵主人冩之」とあり (「道勝」との落款朱印あり)
印記: 「藤井里凌齋藏書」, 「南葵文庫」",日本語,和古書,南葵文庫,http://tify.sub.uni-goettingen.de/demo.html?manifest=https://archdataset.dl.itc.u-tokyo.ac.jp/manifest/7e77c550-6c63-8eec-6922-a3fb55dd1395.json,7e77c550-6c63-8eec-6922-a3fb55dd1395,https://iiif.dl.itc.u-tokyo.ac.jp/repo/s/koten/,https://iiif.dl.itc.u-tokyo.ac.jp/repo/s/koten/document/7e77c550-6c63-8eec-6922-a3fb55dd1395,https://www.lib.u-tokyo.ac.jp/ja/library/contents/archives-top/reuse,https://iiif.dl.itc.u-tokyo.ac.jp/repo/files/medium/6f7e5bce9440e1bf0d33810520c23f4c089b8b76.jpg,https://iiif.dl.itc.u-tokyo.ac.jp/repo/api/items/533686,"東京大学総合図書館 General Library in the University of Tokyo, JAPAN",http://iiif.io/api/presentation/2#rightToLeftDirection,,総合図書館所蔵古典籍,0108,,https://iiif.dl.itc.u-tokyo.ac.jp/repo/iiif/7e77c550-6c63-8eec-6922-a3fb55dd1395/manifest,,,,,27
茶湯故事談 下(7巻),YB20:580,チャノユ コジダン,茶湯古事談,近松茂矩筆記,濃陽 : 凰鳴庵 [写],1858,安政5,全3冊7巻,写,23.8×16.5cm,"大尾の書名: 茶湯古事談題言末に「元文四年次己五月望採毫於尾州名古屋城押泥江邑錬兵堂南窻 近松彦之進藤原茂矩」とあり
奥書に「安政五午夘月 濃陽鳳凰川北長良住 凰鳴庵主人冩之」とあり (「道勝」との落款朱印あり)
印記: 「藤井里凌齋藏書」, 「南葵文庫」",日本語,和古書,南葵文庫,http://tify.sub.uni-goettingen.de/demo.html?manifest=https://archdataset.dl.itc.u-tokyo.ac.jp/manifest/ccfeb5c8-96f3-67dc-54da-3a5dbf3aa22b.json,ccfeb5c8-96f3-67dc-54da-3a5dbf3aa22b,https://iiif.dl.itc.u-tokyo.ac.jp/repo/s/koten/,https://iiif.dl.itc.u-tokyo.ac.jp/repo/s/koten/document/ccfeb5c8-96f3-67dc-54da-3a5dbf3aa22b,https://www.lib.u-tokyo.ac.jp/ja/library/contents/archives-top/reuse,https://iiif.dl.itc.u-tokyo.ac.jp/repo/files/medium/dbfe404918f530f350194157f13ac8b92a025750.jpg,https://iiif.dl.itc.u-tokyo.ac.jp/repo/api/items/533687,"東京大学総合図書館 General Library in the University of Tokyo, JAPAN",http://iiif.io/api/presentation/2#rightToLeftDirection,,総合図書館所蔵古典籍,0109,,https://iiif.dl.itc.u-tokyo.ac.jp/repo/iiif/ccfeb5c8-96f3-67dc-54da-3a5dbf3aa22b/manifest,,,,,35
西遊折瓊,鴎E43:279,サイユウ セッケイ,,市河三陽讀,[出版地不明] : [出版者不明],不明,不明,1冊,,22.6×15.8cm,,日本語,和古書,鴎外文庫,http://tify.sub.uni-goettingen.de/demo.html?manifest=https://archdataset.dl.itc.u-tokyo.ac.jp/manifest/424d8f0b-4456-0156-62d1-5b8f39327efa.json,424d8f0b-4456-0156-62d1-5b8f39327efa,https://iiif.dl.itc.u-tokyo.ac.jp/repo/s/koten/,https://iiif.dl.itc.u-tokyo.ac.jp/repo/s/koten/document/424d8f0b-4456-0156-62d1-5b8f39327efa,https://www.lib.u-tokyo.ac.jp/ja/library/contents/archives-top/reuse,https://iiif.dl.itc.u-tokyo.ac.jp/repo/files/medium/a1c81cfacaa725a7493619b9dcbdd9f3aa2f60a9.jpg,https://iiif.dl.itc.u-tokyo.ac.jp/repo/api/items/533688,"東京大学総合図書館 General Library in the University of Tokyo, JAPAN",http://iiif.io/api/presentation/2#rightToLeftDirection,,総合図書館所蔵古典籍,0110,,https://iiif.dl.itc.u-tokyo.ac.jp/repo/iiif/424d8f0b-4456-0156-62d1-5b8f39327efa/manifest,,,,,19
上等葬祭圖式,C20:585,ジョウトウ ソウサイ ズシキ,上等葬祭図式,常世長胤撰,不明,[1874],,1冊,刊,26.5×18.5cm,Other titleは版心による|彫工: 木邨房義|出版年は序による,日本語,和古書,南葵文庫,http://tify.sub.uni-goettingen.de/demo.html?manifest=https://archdataset.dl.itc.u-tokyo.ac.jp/manifest/00069a63-44d4-05b7-7478-08341e187b60.json,00069a63-44d4-05b7-7478-08341e187b60,https://iiif.dl.itc.u-tokyo.ac.jp/repo/s/koten/,https://iiif.dl.itc.u-tokyo.ac.jp/repo/s/koten/document/00069a63-44d4-05b7-7478-08341e187b60,https://www.lib.u-tokyo.ac.jp/ja/library/contents/archives-top/reuse,https://iiif.dl.itc.u-tokyo.ac.jp/repo/files/medium/31178a0cc43cfb480e808e65778e27d82f5d5cea.jpg,https://iiif.dl.itc.u-tokyo.ac.jp/repo/api/items/608961,"東京大学総合図書館 General Library in the University of Tokyo, JAPAN",http://iiif.io/api/presentation/2#rightToLeftDirection,,総合図書館所蔵古典籍,0111,,https://iiif.dl.itc.u-tokyo.ac.jp/repo/iiif/00069a63-44d4-05b7-7478-08341e187b60/manifest,,,,,43
於大方廣佛蕐嚴經中搜玄分齊通智方軌 5巻 第1本,C40:617,オ ダイホウコウブツ ケゴンキョウ チュウソウゲン ブンザイ ツウチ ホウキ|yu da fang guang fo hua yan jing zhong sou xuan fen qi tong zhi fang gui,華嚴經畧疏|蕐嚴経搜玄記|蕐嚴經搜玄記,(唐釋)智儼 [撰] ; (日本釋)聖詮 [校],京 : 文臺屋多兵衛,1745,延享2,5巻9冊,刊,28×18cm,題簽の書名: 蕐嚴経搜玄記|版心の書名: 蕐嚴經搜玄記|巻次は巻尾による|第4本を欠く|刊記に「延享第二歳次乙丑臘月佛成道日 京三條通室町西江入町 文臺屋多兵衛梓行」とあり|訓点付|印記: 「西山藏書」|朱筆書き入れあり|付箋あり,中国語,漢籍,西山五郎本,http://tify.sub.uni-goettingen.de/demo.html?manifest=https://archdataset.dl.itc.u-tokyo.ac.jp/manifest/4df49785-459e-85c6-8e4a-1e8acbc79aec.json,4df49785-459e-85c6-8e4a-1e8acbc79aec,https://iiif.dl.itc.u-tokyo.ac.jp/repo/s/koten/,https://iiif.dl.itc.u-tokyo.ac.jp/repo/s/koten/document/4df49785-459e-85c6-8e4a-1e8acbc79aec,https://www.lib.u-tokyo.ac.jp/ja/library/contents/archives-top/reuse,https://iiif.dl.itc.u-tokyo.ac.jp/repo/files/medium/c798b38eff37d0bf92d5f1f17cb8139164473c16.jpg,https://iiif.dl.itc.u-tokyo.ac.jp/repo/api/items/608962,"東京大学総合図書館 General Library in the University of Tokyo, JAPAN",http://iiif.io/api/presentation/2#rightToLeftDirection,,総合図書館所蔵古典籍,0112,,https://iiif.dl.itc.u-tokyo.ac.jp/repo/iiif/4df49785-459e-85c6-8e4a-1e8acbc79aec/manifest,,,,,44
於大方廣佛蕐嚴經中搜玄分齊通智方軌 5巻 第1末,C40:617,オ ダイホウコウブツ ケゴンキョウ チュウソウゲン ブンザイ ツウチ ホウキ|yu da fang guang fo hua yan jing zhong sou xuan fen qi tong zhi fang gui,華嚴經略疏|蕐嚴経搜玄記|蕐嚴經搜玄記,(唐釋)智儼 [撰] ; (日本釋)聖詮 [校],京 : 文臺屋多兵衛,1745,延享2,5巻9冊,刊,28×18cm,題簽の書名: 蕐嚴経搜玄記|版心の書名: 蕐嚴經搜玄記|巻次は巻尾による|第4本を欠く|刊記に「延享第二歳次乙丑臘月佛成道日 京三條通室町西江入町 文臺屋多兵衛梓行」とあり|訓点付|印記: 「西山藏書」|朱筆書き入れあり|付箋あり,中国語,漢籍,西山五郎本,http://tify.sub.uni-goettingen.de/demo.html?manifest=https://archdataset.dl.itc.u-tokyo.ac.jp/manifest/bc973af9-068b-5b8e-9e1e-5ac102eb8d55.json,bc973af9-068b-5b8e-9e1e-5ac102eb8d55,https://iiif.dl.itc.u-tokyo.ac.jp/repo/s/koten/,https://iiif.dl.itc.u-tokyo.ac.jp/repo/s/koten/document/bc973af9-068b-5b8e-9e1e-5ac102eb8d55,https://www.lib.u-tokyo.ac.jp/ja/library/contents/archives-top/reuse,https://iiif.dl.itc.u-tokyo.ac.jp/repo/files/medium/88a131365947b108de94cdad590ec21f26b609eb.jpg,https://iiif.dl.itc.u-tokyo.ac.jp/repo/api/items/608963,"東京大学総合図書館 General Library in the University of Tokyo, JAPAN",http://iiif.io/api/presentation/2#rightToLeftDirection,,総合図書館所蔵古典籍,0113,,https://iiif.dl.itc.u-tokyo.ac.jp/repo/iiif/bc973af9-068b-5b8e-9e1e-5ac102eb8d55/manifest,,,,,43
於大方廣佛蕐嚴經中搜玄分齊通智方軌 5巻 第2本,C40:617,オ ダイホウコウブツ ケゴンキョウ チュウソウゲン ブンザイ ツウチ ホウキ|yu da fang guang fo hua yan jing zhong sou xuan fen qi tong zhi fang gui,華嚴經畧疏|蕐嚴経搜玄記|蕐嚴經搜玄記,(唐釋)智儼 [撰] ; (日本釋)聖詮 [校],京 : 文臺屋多兵衛,1745,延享2,5巻9冊,刊,28×18cm,題簽の書名: 蕐嚴経搜玄記|版心の書名: 蕐嚴經搜玄記|巻次は巻尾による|第4本を欠く|刊記に「延享第二歳次乙丑臘月佛成道日 京三條通室町西江入町 文臺屋多兵衛梓行」とあり|訓点付|印記: 「西山藏書」|朱筆書き入れあり|付箋あり,中国語,漢籍,西山五郎本,http://tify.sub.uni-goettingen.de/demo.html?manifest=https://archdataset.dl.itc.u-tokyo.ac.jp/manifest/a01f951f-27ef-0c69-8414-2dc0a7b73e8b.json,a01f951f-27ef-0c69-8414-2dc0a7b73e8b,https://iiif.dl.itc.u-tokyo.ac.jp/repo/s/koten/,https://iiif.dl.itc.u-tokyo.ac.jp/repo/s/koten/document/a01f951f-27ef-0c69-8414-2dc0a7b73e8b,https://www.lib.u-tokyo.ac.jp/ja/library/contents/archives-top/reuse,https://iiif.dl.itc.u-tokyo.ac.jp/repo/files/medium/938d66a3966d263047525e515a4fb0e999bbd8ca.jpg,https://iiif.dl.itc.u-tokyo.ac.jp/repo/api/items/608964,"東京大学総合図書館 General Library in the University of Tokyo, JAPAN",http://iiif.io/api/presentation/2#rightToLeftDirection,,総合図書館所蔵古典籍,0114,,https://iiif.dl.itc.u-tokyo.ac.jp/repo/iiif/a01f951f-27ef-0c69-8414-2dc0a7b73e8b/manifest,,,,,35
於大方廣佛蕐嚴經中搜玄分齊通智方軌 5巻 第2末,C40:617,オ ダイホウコウブツ ケゴンキョウ チュウソウゲン ブンザイ ツウチ ホウキ|yu da fang guang fo hua yan jing zhong sou xuan fen qi tong zhi fang gui,華嚴經略疏|蕐嚴経搜玄記|蕐嚴經搜玄記,(唐釋)智儼 [撰] ; (日本釋)聖詮 [校],京 : 文臺屋多兵衛,1745,延享2,5巻9冊,刊,28×18cm,題簽の書名: 蕐嚴経搜玄記|版心の書名: 蕐嚴經搜玄記|巻次は巻尾による|第4本を欠く|刊記に「延享第二歳次乙丑臘月佛成道日 京三條通室町西江入町 文臺屋多兵衛梓行」とあり|訓点付|印記: 「西山藏書」|朱筆書き入れあり|付箋あり,中国語,漢籍,西山五郎本,http://tify.sub.uni-goettingen.de/demo.html?manifest=https://archdataset.dl.itc.u-tokyo.ac.jp/manifest/415d3040-7138-38c1-6786-4e45db076e77.json,415d3040-7138-38c1-6786-4e45db076e77,https://iiif.dl.itc.u-tokyo.ac.jp/repo/s/koten/,https://iiif.dl.itc.u-tokyo.ac.jp/repo/s/koten/document/415d3040-7138-38c1-6786-4e45db076e77,https://www.lib.u-tokyo.ac.jp/ja/library/contents/archives-top/reuse,https://iiif.dl.itc.u-tokyo.ac.jp/repo/files/medium/4da81977edb22dabb485de0310c3744dc028281c.jpg,https://iiif.dl.itc.u-tokyo.ac.jp/repo/api/items/608965,"東京大学総合図書館 General Library in the University of Tokyo, JAPAN",http://iiif.io/api/presentation/2#rightToLeftDirection,,総合図書館所蔵古典籍,0115,,https://iiif.dl.itc.u-tokyo.ac.jp/repo/iiif/415d3040-7138-38c1-6786-4e45db076e77/manifest,,,,,37
於大方廣佛蕐嚴經中搜玄分齊通智方軌 5巻 卷第3本&末,C40:617,オ ダイホウコウブツ ケゴンキョウ チュウソウゲン ブンザイ ツウチ ホウキ|yu da fang guang fo hua yan jing zhong sou xuan fen qi tong zhi fang gui,華嚴經略疏|華嚴經畧疏|蕐嚴経搜玄記|蕐嚴經搜玄記,(唐釋)智儼 [撰] ; (日本釋)聖詮 [校],京 : 文臺屋多兵衛,1745,延享2,5巻9冊,刊,28×18cm,題簽の書名: 蕐嚴経搜玄記|版心の書名: 蕐嚴經搜玄記|巻次は巻尾による|第4本を欠く|刊記に「延享第二歳次乙丑臘月佛成道日 京三條通室町西江入町 文臺屋多兵衛梓行」とあり|訓点付|印記: 「西山藏書」|朱筆書き入れあり|付箋あり,中国語,漢籍,西山五郎本,http://tify.sub.uni-goettingen.de/demo.html?manifest=https://archdataset.dl.itc.u-tokyo.ac.jp/manifest/b48fa4b7-6424-11e9-25ce-c858b1711320.json,b48fa4b7-6424-11e9-25ce-c858b1711320,https://iiif.dl.itc.u-tokyo.ac.jp/repo/s/koten/,https://iiif.dl.itc.u-tokyo.ac.jp/repo/s/koten/document/b48fa4b7-6424-11e9-25ce-c858b1711320,https://www.lib.u-tokyo.ac.jp/ja/library/contents/archives-top/reuse,https://iiif.dl.itc.u-tokyo.ac.jp/repo/files/medium/ba9c2343cfbe0a4a88c644ad2b5771d50dee5c0a.jpg,https://iiif.dl.itc.u-tokyo.ac.jp/repo/api/items/608966,"東京大学総合図書館 General Library in the University of Tokyo, JAPAN",http://iiif.io/api/presentation/2#rightToLeftDirection,,総合図書館所蔵古典籍,0116,,https://iiif.dl.itc.u-tokyo.ac.jp/repo/iiif/b48fa4b7-6424-11e9-25ce-c858b1711320/manifest,,,,,85
於大方廣佛蕐嚴經中搜玄分齊通智方軌 5巻 卷第4末,C40:617,オ ダイホウコウブツ ケゴンキョウ チュウソウゲン ブンザイ ツウチ ホウキ|yu da fang guang fo hua yan jing zhong sou xuan fen qi tong zhi fang gui,華嚴經略疏|蕐嚴経搜玄記|蕐嚴經搜玄記,(唐釋)智儼 [撰] ; (日本釋)聖詮 [校],京 : 文臺屋多兵衛,1745,延享2,5巻9冊,刊,28×18cm,題簽の書名: 蕐嚴経搜玄記|版心の書名: 蕐嚴經搜玄記|巻次は巻尾による|第4本を欠く|刊記に「延享第二歳次乙丑臘月佛成道日 京三條通室町西江入町 文臺屋多兵衛梓行」とあり|訓点付|印記: 「西山藏書」|朱筆書き入れあり|付箋あり,中国語,漢籍,西山五郎本,http://tify.sub.uni-goettingen.de/demo.html?manifest=https://archdataset.dl.itc.u-tokyo.ac.jp/manifest/2d700dc7-0bec-79ca-4dee-edb85afc5d3c.json,2d700dc7-0bec-79ca-4dee-edb85afc5d3c,https://iiif.dl.itc.u-tokyo.ac.jp/repo/s/koten/,https://iiif.dl.itc.u-tokyo.ac.jp/repo/s/koten/document/2d700dc7-0bec-79ca-4dee-edb85afc5d3c,https://www.lib.u-tokyo.ac.jp/ja/library/contents/archives-top/reuse,https://iiif.dl.itc.u-tokyo.ac.jp/repo/files/medium/a960983cb09d73de053c7fda43c4efc7c60e3f60.jpg,https://iiif.dl.itc.u-tokyo.ac.jp/repo/api/items/608967,"東京大学総合図書館 General Library in the University of Tokyo, JAPAN",http://iiif.io/api/presentation/2#rightToLeftDirection,,総合図書館所蔵古典籍,0117,,https://iiif.dl.itc.u-tokyo.ac.jp/repo/iiif/2d700dc7-0bec-79ca-4dee-edb85afc5d3c/manifest,,,,,48
於大方廣佛蕐嚴經中搜玄分齊通智方軌 5巻 卷第5本,C40:617,オ ダイホウコウブツ ケゴンキョウ チュウソウゲン ブンザイ ツウチ ホウキ|yu da fang guang fo hua yan jing zhong sou xuan fen qi tong zhi fang gui,華嚴經畧疏|蕐嚴経搜玄記|蕐嚴經搜玄記,(唐釋)智儼 [撰] ; (日本釋)聖詮 [校],京 : 文臺屋多兵衛,1745,延享2,5巻9冊,刊,28×18cm,題簽の書名: 蕐嚴経搜玄記|版心の書名: 蕐嚴經搜玄記|巻次は巻尾による|第4本を欠く|刊記に「延享第二歳次乙丑臘月佛成道日 京三條通室町西江入町 文臺屋多兵衛梓行」とあり|訓点付|印記: 「西山藏書」|朱筆書き入れあり|付箋あり,中国語,漢籍,西山五郎本,http://tify.sub.uni-goettingen.de/demo.html?manifest=https://archdataset.dl.itc.u-tokyo.ac.jp/manifest/c10a151e-8db5-0a31-1823-1493a7ac35b8.json,c10a151e-8db5-0a31-1823-1493a7ac35b8,https://iiif.dl.itc.u-tokyo.ac.jp/repo/s/koten/,https://iiif.dl.itc.u-tokyo.ac.jp/repo/s/koten/document/c10a151e-8db5-0a31-1823-1493a7ac35b8,https://www.lib.u-tokyo.ac.jp/ja/library/contents/archives-top/reuse,https://iiif.dl.itc.u-tokyo.ac.jp/repo/files/medium/29900b022cbf3376cd35c87da1cd6c1b8891cd43.jpg,https://iiif.dl.itc.u-tokyo.ac.jp/repo/api/items/608968,"東京大学総合図書館 General Library in the University of Tokyo, JAPAN",http://iiif.io/api/presentation/2#rightToLeftDirection,,総合図書館所蔵古典籍,0118,,https://iiif.dl.itc.u-tokyo.ac.jp/repo/iiif/c10a151e-8db5-0a31-1823-1493a7ac35b8/manifest,,,,,43
於大方廣佛蕐嚴經中搜玄分齊通智方軌 5巻 卷第5末,C40:617,オ ダイホウコウブツ ケゴンキョウ チュウソウゲン ブンザイ ツウチ ホウキ|yu da fang guang fo hua yan jing zhong sou xuan fen qi tong zhi fang gui,華嚴經略疏|蕐嚴経搜玄記|蕐嚴經搜玄記,(唐釋)智儼 [撰] ; (日本釋)聖詮 [校],京 : 文臺屋多兵衛,1745,延享2,5巻9冊,刊,28×18cm,題簽の書名: 蕐嚴経搜玄記|版心の書名: 蕐嚴經搜玄記|巻次は巻尾による|第4本を欠く|刊記に「延享第二歳次乙丑臘月佛成道日 京三條通室町西江入町 文臺屋多兵衛梓行」とあり|訓点付|印記: 「西山藏書」|朱筆書き入れあり|付箋あり,中国語,漢籍,西山五郎本,http://tify.sub.uni-goettingen.de/demo.html?manifest=https://archdataset.dl.itc.u-tokyo.ac.jp/manifest/e503a73d-5a5d-04c9-974f-6fb0e3a232a2.json,e503a73d-5a5d-04c9-974f-6fb0e3a232a2,https://iiif.dl.itc.u-tokyo.ac.jp/repo/s/koten/,https://iiif.dl.itc.u-tokyo.ac.jp/repo/s/koten/document/e503a73d-5a5d-04c9-974f-6fb0e3a232a2,https://www.lib.u-tokyo.ac.jp/ja/library/contents/archives-top/reuse,https://iiif.dl.itc.u-tokyo.ac.jp/repo/files/medium/70051ce999814000714e49c709da195f0348e65a.jpg,https://iiif.dl.itc.u-tokyo.ac.jp/repo/api/items/608969,"東京大学総合図書館 General Library in the University of Tokyo, JAPAN",http://iiif.io/api/presentation/2#rightToLeftDirection,,総合図書館所蔵古典籍,0119,,https://iiif.dl.itc.u-tokyo.ac.jp/repo/iiif/e503a73d-5a5d-04c9-974f-6fb0e3a232a2/manifest,,,,,47
無門關,鴎C40:1096,ムモンカン,首書無門関,(宋釋)慧開[撰] : (宋釋)宗紹編,[京] : [柳枝軒],1752,寶暦2.1,1冊,刊,27.5×19 cm,"版心の書名: 首書無門関|寛文6年村上勘兵衛刊行の重彫|原刊記に「舊板磨滅故重命工鋟梓畢這板置于武藏州兜率山廣園禪寺也 應永乙酉十月十三日 幹縁比丘常牧」とあり|四周双辺無界|印記: 「口財」,「諸橋藏書」,「宇佐美賀山典籍章」,「諸橋秀策」",中国語,漢籍,鴎外文庫,http://tify.sub.uni-goettingen.de/demo.html?manifest=https://archdataset.dl.itc.u-tokyo.ac.jp/manifest/c12260cd-6c71-8163-9c96-71ec7b375d49.json,c12260cd-6c71-8163-9c96-71ec7b375d49,https://iiif.dl.itc.u-tokyo.ac.jp/repo/s/koten/,https://iiif.dl.itc.u-tokyo.ac.jp/repo/s/koten/document/c12260cd-6c71-8163-9c96-71ec7b375d49,https://www.lib.u-tokyo.ac.jp/ja/library/contents/archives-top/reuse,https://iiif.dl.itc.u-tokyo.ac.jp/repo/files/medium/9dccd258c6bb6a65f7184a6824fc73e74573cc9b.jpg,https://iiif.dl.itc.u-tokyo.ac.jp/repo/api/items/608970,"東京大学総合図書館 General Library in the University of Tokyo, JAPAN",http://iiif.io/api/presentation/2#rightToLeftDirection,,総合図書館所蔵古典籍,0120,,https://iiif.dl.itc.u-tokyo.ac.jp/repo/iiif/c12260cd-6c71-8163-9c96-71ec7b375d49/manifest,,,,,55
發願文和談抄 3巻 / 空無弟子集,C40:1336,ホツガンモン ワダンショウ,発願文和談抄,空無弟子集,[江戸] : 山形屋吉兵衛,1694,元禄7,3巻1冊,刊,27×19cm,"版心の書名: 発願文和談抄|刊記に「元禄七甲戌年孟春吉日 通本石町三丁目 山形屋吉兵衛板」とあり|巻頭に「六時禮讃發願文」を附す|印記: 「圓山」,「成田圖書」",日本語,和古書,中野本,http://tify.sub.uni-goettingen.de/demo.html?manifest=https://archdataset.dl.itc.u-tokyo.ac.jp/manifest/e3aff3f5-2303-1fe6-2154-7660e38d3540.json,e3aff3f5-2303-1fe6-2154-7660e38d3540,https://iiif.dl.itc.u-tokyo.ac.jp/repo/s/koten/,https://iiif.dl.itc.u-tokyo.ac.jp/repo/s/koten/document/e3aff3f5-2303-1fe6-2154-7660e38d3540,https://www.lib.u-tokyo.ac.jp/ja/library/contents/archives-top/reuse,https://iiif.dl.itc.u-tokyo.ac.jp/repo/files/medium/bd59b2fd7b3da20243adec24c515ace32a0ad538.jpg,https://iiif.dl.itc.u-tokyo.ac.jp/repo/api/items/608971,"東京大学総合図書館 General Library in the University of Tokyo, JAPAN",http://iiif.io/api/presentation/2#rightToLeftDirection,,総合図書館所蔵古典籍,0121,,https://iiif.dl.itc.u-tokyo.ac.jp/repo/iiif/e3aff3f5-2303-1fe6-2154-7660e38d3540/manifest,,,,,52
準提觀音念誦靈驗記圖會  2巻上巻,C40:1425,ジュンデイ カンオン ネンジュ レイゲンキ ズエ,準提菩薩念誦靈驗記|準提觀音霊驗記圖會|準提觀音霊驗記,南山龍頷著 ; 辻本基定撰次 ; 喜多川祭魚画,皇都 : [堺屋仁兵衞],[1842],[天保13],2巻,刊,25×18cm,"序の書名: 準提菩薩念誦靈驗記|見返し及び題簽の書名: 準提觀音霊驗記圖會|版心の書名: 準提観音霊驗記|題簽による巻次: 乾, 坤|見返しに「天保寅御免」「勧善懲悪帖二冊」「皇都三條書林 尚書堂藏」とあり|印記: 「成田圖書」",日本語,和古書,中野本,http://tify.sub.uni-goettingen.de/demo.html?manifest=https://archdataset.dl.itc.u-tokyo.ac.jp/manifest/11f490c8-1ef6-07ed-65a4-3d9f1fc706fc.json,11f490c8-1ef6-07ed-65a4-3d9f1fc706fc,https://iiif.dl.itc.u-tokyo.ac.jp/repo/s/koten/,https://iiif.dl.itc.u-tokyo.ac.jp/repo/s/koten/document/11f490c8-1ef6-07ed-65a4-3d9f1fc706fc,https://www.lib.u-tokyo.ac.jp/ja/library/contents/archives-top/reuse,https://iiif.dl.itc.u-tokyo.ac.jp/repo/files/medium/ba259eb52e7fb1e7181c917f522e154140e28579.jpg,https://iiif.dl.itc.u-tokyo.ac.jp/repo/api/items/608972,"東京大学総合図書館 General Library in the University of Tokyo, JAPAN",http://iiif.io/api/presentation/2#rightToLeftDirection,,総合図書館所蔵古典籍,0122,,https://iiif.dl.itc.u-tokyo.ac.jp/repo/iiif/11f490c8-1ef6-07ed-65a4-3d9f1fc706fc/manifest,,,,,29
準提觀音念誦靈驗記圖會  2巻下巻,C40:1425,ジュンデイ カンオン ネンジュ レイゲンキ ズエ,準提菩薩念誦靈驗記|準提觀音霊驗記圖會|準提觀音霊驗記,南山龍頷著 ; 辻本基定撰次 ; 喜多川祭魚画,皇都 : [堺屋仁兵衞],[1842],[天保13],2巻,刊,25×18cm,"序の書名: 準提菩薩念誦靈驗記|見返し及び題簽の書名: 準提觀音霊驗記圖會|版心の書名: 準提観音霊驗記|題簽による巻次: 乾, 坤|見返しに「天保寅御免」「勧善懲悪帖二冊」「皇都三條書林 尚書堂藏」とあり|印記: 「成田圖書」",日本語,和古書,中野本,http://tify.sub.uni-goettingen.de/demo.html?manifest=https://archdataset.dl.itc.u-tokyo.ac.jp/manifest/655ef7fd-82ee-44a1-3f53-782259783d66.json,655ef7fd-82ee-44a1-3f53-782259783d66,https://iiif.dl.itc.u-tokyo.ac.jp/repo/s/koten/,https://iiif.dl.itc.u-tokyo.ac.jp/repo/s/koten/document/655ef7fd-82ee-44a1-3f53-782259783d66,https://www.lib.u-tokyo.ac.jp/ja/library/contents/archives-top/reuse,https://iiif.dl.itc.u-tokyo.ac.jp/repo/files/medium/ae88fd8636b024d2e7e6fdb1d206c71376db96f1.jpg,https://iiif.dl.itc.u-tokyo.ac.jp/repo/api/items/608973,"東京大学総合図書館 General Library in the University of Tokyo, JAPAN",http://iiif.io/api/presentation/2#rightToLeftDirection,,総合図書館所蔵古典籍,0123,,https://iiif.dl.itc.u-tokyo.ac.jp/repo/iiif/655ef7fd-82ee-44a1-3f53-782259783d66/manifest,,,,,24
江戸六地藏造立勧化書,C40:2736,エド ロクジゾウ ゾウリュウ カンゲショ,江都六地藏尊勧進帳,地藏坊正元 [著],不明,[1708],[寳永3],1冊,刊,27×19cm,"書名は目首による|題簽の書名: 江都六地藏尊勧進帳|正文末に「勧化之沙門 深川地藏坊正元謹言/于時寳永三丙戌暦仲春吉祥日」とあり|「帝都東都當六地藏出現之別記」の末に「勧化沙門/地藏坊正元謹記/寳永五年戊子孟春大吉祥日」とあり|四周単辺無界, 無魚尾白口|挿紙1枚あり|朱墨筆書き入れあり|虫損あり",日本語,和古書,,http://tify.sub.uni-goettingen.de/demo.html?manifest=https://archdataset.dl.itc.u-tokyo.ac.jp/manifest/415c0887-9b7c-9298-7090-398d709169a7.json,415c0887-9b7c-9298-7090-398d709169a7,https://iiif.dl.itc.u-tokyo.ac.jp/repo/s/koten/,https://iiif.dl.itc.u-tokyo.ac.jp/repo/s/koten/document/415c0887-9b7c-9298-7090-398d709169a7,https://www.lib.u-tokyo.ac.jp/ja/library/contents/archives-top/reuse,https://iiif.dl.itc.u-tokyo.ac.jp/repo/files/medium/e2f974b977c045cec1e6f395f9f2083db2582535.jpg,https://iiif.dl.itc.u-tokyo.ac.jp/repo/api/items/608974,"東京大学総合図書館 General Library in the University of Tokyo, JAPAN",http://iiif.io/api/presentation/2#rightToLeftDirection,,総合図書館所蔵古典籍,0124,,https://iiif.dl.itc.u-tokyo.ac.jp/repo/iiif/415c0887-9b7c-9298-7090-398d709169a7/manifest,,,,,25
参州本間氏覺書冩,G27:625,サンシュウ ホンマシ オボエガキ ウツシ,參州本間氏覺書冩.参州本間氏覺書,不明,[書写地不明] : [書写者不明],[書写年不明],[書写年不明],1冊,写,27.5×19  cm,"書名は扉による|原表紙の書名: 參州本間氏覺書冩|題簽の書名: 参州本間氏覺書|頭注あり|印記: 「山名氏藏書」,「其次齋大木藏書之印」,「南葵文庫」|朱筆書き入れあり|付箋あり|虫損あり",日本語,和古書,南葵文庫,http://tify.sub.uni-goettingen.de/demo.html?manifest=https://archdataset.dl.itc.u-tokyo.ac.jp/manifest/d7d3a4c0-a0e8-2666-3049-d3dcf36438ec.json,d7d3a4c0-a0e8-2666-3049-d3dcf36438ec,https://iiif.dl.itc.u-tokyo.ac.jp/repo/s/koten/,https://iiif.dl.itc.u-tokyo.ac.jp/repo/s/koten/document/d7d3a4c0-a0e8-2666-3049-d3dcf36438ec,https://www.lib.u-tokyo.ac.jp/ja/library/contents/archives-top/reuse,https://iiif.dl.itc.u-tokyo.ac.jp/repo/files/medium/d05ad7e69c6529aa1d27ab66b3d25a4dd1b0f4c7.jpg,https://iiif.dl.itc.u-tokyo.ac.jp/repo/api/items/608975,"東京大学総合図書館 General Library in the University of Tokyo, JAPAN",http://iiif.io/api/presentation/2#rightToLeftDirection,,総合図書館所蔵古典籍,0125,,https://iiif.dl.itc.u-tokyo.ac.jp/repo/iiif/d7d3a4c0-a0e8-2666-3049-d3dcf36438ec/manifest,,,,,65
琉球藩一件,G27:669,リュウキュウハン イッケン,,増子永圖 [著],[書写地不明] : 増子永圖 [自筆],[明治期],[明治期],1冊,写,20×  cm,"書名は表紙による|奥書に「右一本増子永圖手記 男懷永識(「懷永」朱印)」とあり|柱に「碧雲書屋」とある罫紙を使用|印記: 「存於塾」,「南葵文庫」|識語: 「本書は先考増子永圖の遺筆なり 先考の小傳は松の落葉及ひ不息齋漫録の巻頭に敘す 大正六年十二月増子懷永しるす」",日本語,和古書,南葵文庫,http://tify.sub.uni-goettingen.de/demo.html?manifest=https://archdataset.dl.itc.u-tokyo.ac.jp/manifest/35d8d3c6-a0de-2b2b-62e9-8f87efd98f7b.json,35d8d3c6-a0de-2b2b-62e9-8f87efd98f7b,https://iiif.dl.itc.u-tokyo.ac.jp/repo/s/koten/,https://iiif.dl.itc.u-tokyo.ac.jp/repo/s/koten/document/35d8d3c6-a0de-2b2b-62e9-8f87efd98f7b,https://www.lib.u-tokyo.ac.jp/ja/library/contents/archives-top/reuse,https://iiif.dl.itc.u-tokyo.ac.jp/repo/files/medium/47346ed46f1430c85f5b08c7213d9edeabcece22.jpg,https://iiif.dl.itc.u-tokyo.ac.jp/repo/api/items/608976,"東京大学総合図書館 General Library in the University of Tokyo, JAPAN",http://iiif.io/api/presentation/2#rightToLeftDirection,,総合図書館所蔵古典籍,0126,,https://iiif.dl.itc.u-tokyo.ac.jp/repo/iiif/35d8d3c6-a0de-2b2b-62e9-8f87efd98f7b/manifest,,,,,34
御貸附掛御用留 [乙],G27:862,オカシツケガカリ ゴヨウトメ,御用留 : 御貸附掛,不明,[書写地不明] : [書写者不明],[書写年不明],[書写年不明],10冊,写,14×20cm,書名及び巻次は表紙による|仮綴|印記: 「進思盡志」|朱筆書き入れあり|虫損あり,日本語,和古書,,http://tify.sub.uni-goettingen.de/demo.html?manifest=https://archdataset.dl.itc.u-tokyo.ac.jp/manifest/5866a0e4-0be9-67f5-2c21-087535a35722.json,5866a0e4-0be9-67f5-2c21-087535a35722,https://iiif.dl.itc.u-tokyo.ac.jp/repo/s/koten/,https://iiif.dl.itc.u-tokyo.ac.jp/repo/s/koten/document/5866a0e4-0be9-67f5-2c21-087535a35722,https://www.lib.u-tokyo.ac.jp/ja/library/contents/archives-top/reuse,https://iiif.dl.itc.u-tokyo.ac.jp/repo/files/medium/51598b5eb264ae04700ea39f0de07749902b89e5.jpg,https://iiif.dl.itc.u-tokyo.ac.jp/repo/api/items/608977,"東京大学総合図書館 General Library in the University of Tokyo, JAPAN",http://iiif.io/api/presentation/2#rightToLeftDirection,,総合図書館所蔵古典籍,0127,,https://iiif.dl.itc.u-tokyo.ac.jp/repo/iiif/5866a0e4-0be9-67f5-2c21-087535a35722/manifest,,,,,46
北條五代記 10巻 巻之一,G29:777,ホウジョウ ゴダイ キ,北条記,[三浦茂信著],[出版地不明] : [出版者不明],1641,寛永18,10巻,,28×20cm,"版心の書名: 北条記|責任表示は『日本古典籍総合目録データベース』による|刊記に「寛永拾八辛巳暦 二月上旬 開板」とあり|印記: 「紀伊國徳川氏圖書記」,「南葵文庫」|虫損あり 3巻の画像欠",日本語,和古書,南葵文庫,http://tify.sub.uni-goettingen.de/demo.html?manifest=https://archdataset.dl.itc.u-tokyo.ac.jp/manifest/6b72253e-8de2-2d20-9d5a-906044d71805.json,6b72253e-8de2-2d20-9d5a-906044d71805,https://iiif.dl.itc.u-tokyo.ac.jp/repo/s/koten/,https://iiif.dl.itc.u-tokyo.ac.jp/repo/s/koten/document/6b72253e-8de2-2d20-9d5a-906044d71805,https://www.lib.u-tokyo.ac.jp/ja/library/contents/archives-top/reuse,https://iiif.dl.itc.u-tokyo.ac.jp/repo/files/medium/eed06a32a14d96eab50c610e4ef2ac43baa696e1.jpg,https://iiif.dl.itc.u-tokyo.ac.jp/repo/api/items/608978,"東京大学総合図書館 General Library in the University of Tokyo, JAPAN",http://iiif.io/api/presentation/2#rightToLeftDirection,,総合図書館所蔵古典籍,0128,,https://iiif.dl.itc.u-tokyo.ac.jp/repo/iiif/6b72253e-8de2-2d20-9d5a-906044d71805/manifest,,,,,49
北條五代記 10巻 巻之二,G29:777,ホウジョウ ゴダイ キ,北条記,[三浦茂信著],[出版地不明] : [出版者不明],1641,寛永18,10巻,,28×20cm,"版心の書名: 北条記|責任表示は『日本古典籍総合目録データベース』による|刊記に「寛永拾八辛巳暦 二月上旬 開板」とあり|印記: 「紀伊國徳川氏圖書記」,「南葵文庫」|虫損あり 3巻の画像欠",日本語,和古書,南葵文庫,http://tify.sub.uni-goettingen.de/demo.html?manifest=https://archdataset.dl.itc.u-tokyo.ac.jp/manifest/e9cb60a4-0472-7d0f-8664-0d8dd9aa1e3a.json,e9cb60a4-0472-7d0f-8664-0d8dd9aa1e3a,https://iiif.dl.itc.u-tokyo.ac.jp/repo/s/koten/,https://iiif.dl.itc.u-tokyo.ac.jp/repo/s/koten/document/e9cb60a4-0472-7d0f-8664-0d8dd9aa1e3a,https://www.lib.u-tokyo.ac.jp/ja/library/contents/archives-top/reuse,https://iiif.dl.itc.u-tokyo.ac.jp/repo/files/medium/bed386c05ecdf08479cbdfacdefbce696165263f.jpg,https://iiif.dl.itc.u-tokyo.ac.jp/repo/api/items/608979,"東京大学総合図書館 General Library in the University of Tokyo, JAPAN",http://iiif.io/api/presentation/2#rightToLeftDirection,,総合図書館所蔵古典籍,0129,,https://iiif.dl.itc.u-tokyo.ac.jp/repo/iiif/e9cb60a4-0472-7d0f-8664-0d8dd9aa1e3a/manifest,,,,,53
北條五代記 10巻 巻之四,G29:777,ホウジョウ ゴダイ キ,北条記,[三浦茂信著],[出版地不明] : [出版者不明],1641,寛永18,10巻,,28×20cm,"版心の書名: 北条記|責任表示は『日本古典籍総合目録データベース』による|刊記に「寛永拾八辛巳暦 二月上旬 開板」とあり|印記: 「紀伊國徳川氏圖書記」,「南葵文庫」|虫損あり 3巻の画像欠",日本語,和古書,南葵文庫,http://tify.sub.uni-goettingen.de/demo.html?manifest=https://archdataset.dl.itc.u-tokyo.ac.jp/manifest/fcb068a3-9f7b-24be-002a-7422d4f01dea.json,fcb068a3-9f7b-24be-002a-7422d4f01dea,https://iiif.dl.itc.u-tokyo.ac.jp/repo/s/koten/,https://iiif.dl.itc.u-tokyo.ac.jp/repo/s/koten/document/fcb068a3-9f7b-24be-002a-7422d4f01dea,https://www.lib.u-tokyo.ac.jp/ja/library/contents/archives-top/reuse,https://iiif.dl.itc.u-tokyo.ac.jp/repo/files/medium/55264801300ccfb42babb2b2854f1487137275ad.jpg,https://iiif.dl.itc.u-tokyo.ac.jp/repo/api/items/608980,"東京大学総合図書館 General Library in the University of Tokyo, JAPAN",http://iiif.io/api/presentation/2#rightToLeftDirection,,総合図書館所蔵古典籍,0130,,https://iiif.dl.itc.u-tokyo.ac.jp/repo/iiif/fcb068a3-9f7b-24be-002a-7422d4f01dea/manifest,,,,,51
北條五代記 10巻 巻之五,G29:777,ホウジョウ ゴダイ キ,北条記,[三浦茂信著],[出版地不明] : [出版者不明],1641,寛永18,10巻,,28×20cm,"版心の書名: 北条記|責任表示は『日本古典籍総合目録データベース』による|刊記に「寛永拾八辛巳暦 二月上旬 開板」とあり|印記: 「紀伊國徳川氏圖書記」,「南葵文庫」|虫損あり 3巻の画像欠",日本語,和古書,南葵文庫,http://tify.sub.uni-goettingen.de/demo.html?manifest=https://archdataset.dl.itc.u-tokyo.ac.jp/manifest/27a32c69-45a9-94c2-a732-b5a48a7d6527.json,27a32c69-45a9-94c2-a732-b5a48a7d6527,https://iiif.dl.itc.u-tokyo.ac.jp/repo/s/koten/,https://iiif.dl.itc.u-tokyo.ac.jp/repo/s/koten/document/27a32c69-45a9-94c2-a732-b5a48a7d6527,https://www.lib.u-tokyo.ac.jp/ja/library/contents/archives-top/reuse,https://iiif.dl.itc.u-tokyo.ac.jp/repo/files/medium/2600b733d354ef73b294613c786fb8093d0ef6af.jpg,https://iiif.dl.itc.u-tokyo.ac.jp/repo/api/items/608981,"東京大学総合図書館 General Library in the University of Tokyo, JAPAN",http://iiif.io/api/presentation/2#rightToLeftDirection,,総合図書館所蔵古典籍,0131,,https://iiif.dl.itc.u-tokyo.ac.jp/repo/iiif/27a32c69-45a9-94c2-a732-b5a48a7d6527/manifest,,,,,50
北條五代記 10巻 巻之六,G29:777,ホウジョウ ゴダイ キ,北条記,[三浦茂信著],[出版地不明] : [出版者不明],1641,寛永18,10巻,,28×20cm,"版心の書名: 北条記|責任表示は『日本古典籍総合目録データベース』による|刊記に「寛永拾八辛巳暦 二月上旬 開板」とあり|印記: 「紀伊國徳川氏圖書記」,「南葵文庫」|虫損あり 3巻の画像欠",日本語,和古書,南葵文庫,http://tify.sub.uni-goettingen.de/demo.html?manifest=https://archdataset.dl.itc.u-tokyo.ac.jp/manifest/5e88128b-203c-5787-4adb-2f1e02ce8432.json,5e88128b-203c-5787-4adb-2f1e02ce8432,https://iiif.dl.itc.u-tokyo.ac.jp/repo/s/koten/,https://iiif.dl.itc.u-tokyo.ac.jp/repo/s/koten/document/5e88128b-203c-5787-4adb-2f1e02ce8432,https://www.lib.u-tokyo.ac.jp/ja/library/contents/archives-top/reuse,https://iiif.dl.itc.u-tokyo.ac.jp/repo/files/medium/ac29691e4f891745c49c924375aa7af6d5474cf8.jpg,https://iiif.dl.itc.u-tokyo.ac.jp/repo/api/items/608982,"東京大学総合図書館 General Library in the University of Tokyo, JAPAN",http://iiif.io/api/presentation/2#rightToLeftDirection,,総合図書館所蔵古典籍,0132,,https://iiif.dl.itc.u-tokyo.ac.jp/repo/iiif/5e88128b-203c-5787-4adb-2f1e02ce8432/manifest,,,,,49
北條五代記 10巻 巻之七,G29:777,ホウジョウ ゴダイ キ,北条記,[三浦茂信著],[出版地不明] : [出版者不明],1641,寛永18,10巻,,28×20cm,"版心の書名: 北条記|責任表示は『日本古典籍総合目録データベース』による|刊記に「寛永拾八辛巳暦 二月上旬 開板」とあり|印記: 「紀伊國徳川氏圖書記」,「南葵文庫」|虫損あり 3巻の画像欠",日本語,和古書,南葵文庫,http://tify.sub.uni-goettingen.de/demo.html?manifest=https://archdataset.dl.itc.u-tokyo.ac.jp/manifest/9dc37bea-8a7a-5ccc-3893-b2c5368e3d47.json,9dc37bea-8a7a-5ccc-3893-b2c5368e3d47,https://iiif.dl.itc.u-tokyo.ac.jp/repo/s/koten/,https://iiif.dl.itc.u-tokyo.ac.jp/repo/s/koten/document/9dc37bea-8a7a-5ccc-3893-b2c5368e3d47,https://www.lib.u-tokyo.ac.jp/ja/library/contents/archives-top/reuse,https://iiif.dl.itc.u-tokyo.ac.jp/repo/files/medium/47610d1f9dda7ad2fa0ae360595fd9ada84fdebc.jpg,https://iiif.dl.itc.u-tokyo.ac.jp/repo/api/items/608983,"東京大学総合図書館 General Library in the University of Tokyo, JAPAN",http://iiif.io/api/presentation/2#rightToLeftDirection,,総合図書館所蔵古典籍,0133,,https://iiif.dl.itc.u-tokyo.ac.jp/repo/iiif/9dc37bea-8a7a-5ccc-3893-b2c5368e3d47/manifest,,,,,45
北條五代記 10巻 巻之八,G29:777,ホウジョウ ゴダイ キ,北条記,[三浦茂信著],[出版地不明] : [出版者不明],1641,寛永18,10巻,,28×20cm,"版心の書名: 北条記|責任表示は『日本古典籍総合目録データベース』による|刊記に「寛永拾八辛巳暦 二月上旬 開板」とあり|印記: 「紀伊國徳川氏圖書記」,「南葵文庫」|虫損あり 3巻の画像欠",日本語,和古書,南葵文庫,http://tify.sub.uni-goettingen.de/demo.html?manifest=https://archdataset.dl.itc.u-tokyo.ac.jp/manifest/4a9c9f91-9218-34ca-2eea-e78512ec930e.json,4a9c9f91-9218-34ca-2eea-e78512ec930e,https://iiif.dl.itc.u-tokyo.ac.jp/repo/s/koten/,https://iiif.dl.itc.u-tokyo.ac.jp/repo/s/koten/document/4a9c9f91-9218-34ca-2eea-e78512ec930e,https://www.lib.u-tokyo.ac.jp/ja/library/contents/archives-top/reuse,https://iiif.dl.itc.u-tokyo.ac.jp/repo/files/medium/3195271e63bea58b5bde9ca3c48b479d4d331dc7.jpg,https://iiif.dl.itc.u-tokyo.ac.jp/repo/api/items/608984,"東京大学総合図書館 General Library in the University of Tokyo, JAPAN",http://iiif.io/api/presentation/2#rightToLeftDirection,,総合図書館所蔵古典籍,0134,,https://iiif.dl.itc.u-tokyo.ac.jp/repo/iiif/4a9c9f91-9218-34ca-2eea-e78512ec930e/manifest,,,,,55
北條五代記 10巻 巻之九,G29:777,ホウジョウ ゴダイ キ,北条記,[三浦茂信著],[出版地不明] : [出版者不明],1641,寛永18,10巻,,28×20cm,"版心の書名: 北条記|責任表示は『日本古典籍総合目録データベース』による|刊記に「寛永拾八辛巳暦 二月上旬 開板」とあり|印記: 「紀伊國徳川氏圖書記」,「南葵文庫」|虫損あり 3巻の画像欠",日本語,和古書,南葵文庫,http://tify.sub.uni-goettingen.de/demo.html?manifest=https://archdataset.dl.itc.u-tokyo.ac.jp/manifest/43d3997f-8d25-223c-51d2-efff79c37e01.json,43d3997f-8d25-223c-51d2-efff79c37e01,https://iiif.dl.itc.u-tokyo.ac.jp/repo/s/koten/,https://iiif.dl.itc.u-tokyo.ac.jp/repo/s/koten/document/43d3997f-8d25-223c-51d2-efff79c37e01,https://www.lib.u-tokyo.ac.jp/ja/library/contents/archives-top/reuse,https://iiif.dl.itc.u-tokyo.ac.jp/repo/files/medium/e9cb9f7ca23beaeb674e94e988edf16c0ef5982f.jpg,https://iiif.dl.itc.u-tokyo.ac.jp/repo/api/items/608985,"東京大学総合図書館 General Library in the University of Tokyo, JAPAN",http://iiif.io/api/presentation/2#rightToLeftDirection,,総合図書館所蔵古典籍,0135,,https://iiif.dl.itc.u-tokyo.ac.jp/repo/iiif/43d3997f-8d25-223c-51d2-efff79c37e01/manifest,,,,,47
北條五代記 10巻 巻之十,G29:777,ホウジョウ ゴダイ キ,北条記,[三浦茂信著],[出版地不明] : [出版者不明],1641,寛永18,10巻,,28×20cm,"版心の書名: 北条記|責任表示は『日本古典籍総合目録データベース』による|刊記に「寛永拾八辛巳暦 二月上旬 開板」とあり|印記: 「紀伊國徳川氏圖書記」,「南葵文庫」|虫損あり 3巻の画像欠",日本語,和古書,南葵文庫,http://tify.sub.uni-goettingen.de/demo.html?manifest=https://archdataset.dl.itc.u-tokyo.ac.jp/manifest/a03bb712-92c3-9ed4-9d1e-feff075d015f.json,a03bb712-92c3-9ed4-9d1e-feff075d015f,https://iiif.dl.itc.u-tokyo.ac.jp/repo/s/koten/,https://iiif.dl.itc.u-tokyo.ac.jp/repo/s/koten/document/a03bb712-92c3-9ed4-9d1e-feff075d015f,https://www.lib.u-tokyo.ac.jp/ja/library/contents/archives-top/reuse,https://iiif.dl.itc.u-tokyo.ac.jp/repo/files/medium/ac2444dab8cf81686222001a8e522a1823534103.jpg,https://iiif.dl.itc.u-tokyo.ac.jp/repo/api/items/608986,"東京大学総合図書館 General Library in the University of Tokyo, JAPAN",http://iiif.io/api/presentation/2#rightToLeftDirection,,総合図書館所蔵古典籍,0136,,https://iiif.dl.itc.u-tokyo.ac.jp/repo/iiif/a03bb712-92c3-9ed4-9d1e-feff075d015f/manifest,,,,,47
撫淮小草 序・巻之一,G30:546,,,明 李三才 撰,[出版地不明] : [出版者不明],1602,萬曆三十年序,全15巻,刊,29.5×18.5,12-15巻は画像なし,中国語,漢籍,,http://tify.sub.uni-goettingen.de/demo.html?manifest=https://archdataset.dl.itc.u-tokyo.ac.jp/manifest/86aa4f1a-8e8b-4f9f-0a2e-becf935800a5.json,86aa4f1a-8e8b-4f9f-0a2e-becf935800a5,https://iiif.dl.itc.u-tokyo.ac.jp/repo/s/koten/,https://iiif.dl.itc.u-tokyo.ac.jp/repo/s/koten/document/86aa4f1a-8e8b-4f9f-0a2e-becf935800a5,https://www.lib.u-tokyo.ac.jp/ja/library/contents/archives-top/reuse,https://iiif.dl.itc.u-tokyo.ac.jp/repo/files/medium/74cc33afca3005b6f08a8a3206b7265ed4240af3.jpg,https://iiif.dl.itc.u-tokyo.ac.jp/repo/api/items/608987,"東京大学総合図書館 General Library in the University of Tokyo, JAPAN",http://iiif.io/api/presentation/2#rightToLeftDirection,,総合図書館所蔵古典籍,0137,,https://iiif.dl.itc.u-tokyo.ac.jp/repo/iiif/86aa4f1a-8e8b-4f9f-0a2e-becf935800a5/manifest,,,,,109
撫淮小草 巻之二,G30:546,,,明 李三才 撰,[出版地不明] : [出版者不明],1602,萬曆三十年序,全15巻,刊,29.5×18.5,12-15巻は画像なし,中国語,漢籍,,http://tify.sub.uni-goettingen.de/demo.html?manifest=https://archdataset.dl.itc.u-tokyo.ac.jp/manifest/91d778ea-7a08-0183-4ad8-4e35a5aa2794.json,91d778ea-7a08-0183-4ad8-4e35a5aa2794,https://iiif.dl.itc.u-tokyo.ac.jp/repo/s/koten/,https://iiif.dl.itc.u-tokyo.ac.jp/repo/s/koten/document/91d778ea-7a08-0183-4ad8-4e35a5aa2794,https://www.lib.u-tokyo.ac.jp/ja/library/contents/archives-top/reuse,https://iiif.dl.itc.u-tokyo.ac.jp/repo/files/medium/c950bb88b800aedb7575d944ed94a6b5d641ec25.jpg,https://iiif.dl.itc.u-tokyo.ac.jp/repo/api/items/608988,"東京大学総合図書館 General Library in the University of Tokyo, JAPAN",http://iiif.io/api/presentation/2#rightToLeftDirection,,総合図書館所蔵古典籍,0138,,https://iiif.dl.itc.u-tokyo.ac.jp/repo/iiif/91d778ea-7a08-0183-4ad8-4e35a5aa2794/manifest,,,,,73
撫淮小草 巻之三,G30:546,,,明 李三才 撰,[出版地不明] : [出版者不明],1602,萬曆三十年序,全15巻,刊,29.5×18.5,12-15巻は画像なし,中国語,漢籍,,http://tify.sub.uni-goettingen.de/demo.html?manifest=https://archdataset.dl.itc.u-tokyo.ac.jp/manifest/2ebe2228-2ddb-0fb2-8ab1-5481dab154ab.json,2ebe2228-2ddb-0fb2-8ab1-5481dab154ab,https://iiif.dl.itc.u-tokyo.ac.jp/repo/s/koten/,https://iiif.dl.itc.u-tokyo.ac.jp/repo/s/koten/document/2ebe2228-2ddb-0fb2-8ab1-5481dab154ab,https://www.lib.u-tokyo.ac.jp/ja/library/contents/archives-top/reuse,https://iiif.dl.itc.u-tokyo.ac.jp/repo/files/medium/7cbcd8ee888fc3dcd734bd938cc4f08bb24d2616.jpg,https://iiif.dl.itc.u-tokyo.ac.jp/repo/api/items/608989,"東京大学総合図書館 General Library in the University of Tokyo, JAPAN",http://iiif.io/api/presentation/2#rightToLeftDirection,,総合図書館所蔵古典籍,0139,,https://iiif.dl.itc.u-tokyo.ac.jp/repo/iiif/2ebe2228-2ddb-0fb2-8ab1-5481dab154ab/manifest,,,,,73
撫淮小草 巻之四,G30:546,,,明 李三才 撰,[出版地不明] : [出版者不明],1602,萬曆三十年序,全15巻,刊,29.5×18.5,12-15巻は画像なし,中国語,漢籍,,http://tify.sub.uni-goettingen.de/demo.html?manifest=https://archdataset.dl.itc.u-tokyo.ac.jp/manifest/283d66b5-2f83-0e8f-7575-dcad9ad56f6e.json,283d66b5-2f83-0e8f-7575-dcad9ad56f6e,https://iiif.dl.itc.u-tokyo.ac.jp/repo/s/koten/,https://iiif.dl.itc.u-tokyo.ac.jp/repo/s/koten/document/283d66b5-2f83-0e8f-7575-dcad9ad56f6e,https://www.lib.u-tokyo.ac.jp/ja/library/contents/archives-top/reuse,https://iiif.dl.itc.u-tokyo.ac.jp/repo/files/medium/ceab4069ee36a61c24abfd2acee167f67b548dbe.jpg,https://iiif.dl.itc.u-tokyo.ac.jp/repo/api/items/608990,"東京大学総合図書館 General Library in the University of Tokyo, JAPAN",http://iiif.io/api/presentation/2#rightToLeftDirection,,総合図書館所蔵古典籍,0140,,https://iiif.dl.itc.u-tokyo.ac.jp/repo/iiif/283d66b5-2f83-0e8f-7575-dcad9ad56f6e/manifest,,,,,71
撫淮小草 巻之五,G30:546,,,明 李三才 撰,[出版地不明] : [出版者不明],1602,萬曆三十年序,全15巻,刊,29.5×18.5,12-15巻は画像なし,中国語,漢籍,,http://tify.sub.uni-goettingen.de/demo.html?manifest=https://archdataset.dl.itc.u-tokyo.ac.jp/manifest/03c3f743-1f7d-063f-3750-415e02390840.json,03c3f743-1f7d-063f-3750-415e02390840,https://iiif.dl.itc.u-tokyo.ac.jp/repo/s/koten/,https://iiif.dl.itc.u-tokyo.ac.jp/repo/s/koten/document/03c3f743-1f7d-063f-3750-415e02390840,https://www.lib.u-tokyo.ac.jp/ja/library/contents/archives-top/reuse,https://iiif.dl.itc.u-tokyo.ac.jp/repo/files/medium/4febf31d1ef003163e6c68998bbf82b9f7a93a2c.jpg,https://iiif.dl.itc.u-tokyo.ac.jp/repo/api/items/608991,"東京大学総合図書館 General Library in the University of Tokyo, JAPAN",http://iiif.io/api/presentation/2#rightToLeftDirection,,総合図書館所蔵古典籍,0141,,https://iiif.dl.itc.u-tokyo.ac.jp/repo/iiif/03c3f743-1f7d-063f-3750-415e02390840/manifest,,,,,73
撫淮小草 巻之六,G30:546,,,明 李三才 撰,[出版地不明] : [出版者不明],1602,萬曆三十年序,全15巻,刊,29.5×18.5,12-15巻は画像なし,中国語,漢籍,,http://tify.sub.uni-goettingen.de/demo.html?manifest=https://archdataset.dl.itc.u-tokyo.ac.jp/manifest/c082b6b2-9053-a33d-1ed2-484b169286b8.json,c082b6b2-9053-a33d-1ed2-484b169286b8,https://iiif.dl.itc.u-tokyo.ac.jp/repo/s/koten/,https://iiif.dl.itc.u-tokyo.ac.jp/repo/s/koten/document/c082b6b2-9053-a33d-1ed2-484b169286b8,https://www.lib.u-tokyo.ac.jp/ja/library/contents/archives-top/reuse,https://iiif.dl.itc.u-tokyo.ac.jp/repo/files/medium/309d5689021fb267aea93f67738e9b69b5fdbc17.jpg,https://iiif.dl.itc.u-tokyo.ac.jp/repo/api/items/608992,"東京大学総合図書館 General Library in the University of Tokyo, JAPAN",http://iiif.io/api/presentation/2#rightToLeftDirection,,総合図書館所蔵古典籍,0142,,https://iiif.dl.itc.u-tokyo.ac.jp/repo/iiif/c082b6b2-9053-a33d-1ed2-484b169286b8/manifest,,,,,81
撫淮小草 巻之七,G30:546,,,明 李三才 撰,[出版地不明] : [出版者不明],1602,萬曆三十年序,全15巻,刊,29.5×18.5,12-15巻は画像なし,中国語,漢籍,,http://tify.sub.uni-goettingen.de/demo.html?manifest=https://archdataset.dl.itc.u-tokyo.ac.jp/manifest/83173b24-2988-38d7-73e1-5c12d099647e.json,83173b24-2988-38d7-73e1-5c12d099647e,https://iiif.dl.itc.u-tokyo.ac.jp/repo/s/koten/,https://iiif.dl.itc.u-tokyo.ac.jp/repo/s/koten/document/83173b24-2988-38d7-73e1-5c12d099647e,https://www.lib.u-tokyo.ac.jp/ja/library/contents/archives-top/reuse,https://iiif.dl.itc.u-tokyo.ac.jp/repo/files/medium/4d768d5908ecefc2bc0392e47fd476c0385b43b1.jpg,https://iiif.dl.itc.u-tokyo.ac.jp/repo/api/items/608993,"東京大学総合図書館 General Library in the University of Tokyo, JAPAN",http://iiif.io/api/presentation/2#rightToLeftDirection,,総合図書館所蔵古典籍,0143,,https://iiif.dl.itc.u-tokyo.ac.jp/repo/iiif/83173b24-2988-38d7-73e1-5c12d099647e/manifest,,,,,78
撫淮小草 巻之八,G30:546,,,明 李三才 撰,[出版地不明] : [出版者不明],1602,萬曆三十年序,全15巻,刊,29.5×18.5,12-15巻は画像なし,中国語,漢籍,,http://tify.sub.uni-goettingen.de/demo.html?manifest=https://archdataset.dl.itc.u-tokyo.ac.jp/manifest/ccc59b94-7249-2f1a-2642-a3b7de1a49cf.json,ccc59b94-7249-2f1a-2642-a3b7de1a49cf,https://iiif.dl.itc.u-tokyo.ac.jp/repo/s/koten/,https://iiif.dl.itc.u-tokyo.ac.jp/repo/s/koten/document/ccc59b94-7249-2f1a-2642-a3b7de1a49cf,https://www.lib.u-tokyo.ac.jp/ja/library/contents/archives-top/reuse,https://iiif.dl.itc.u-tokyo.ac.jp/repo/files/medium/f42fb4646bedc20c9d9190aa5bd5c9545e3cd1df.jpg,https://iiif.dl.itc.u-tokyo.ac.jp/repo/api/items/608994,"東京大学総合図書館 General Library in the University of Tokyo, JAPAN",http://iiif.io/api/presentation/2#rightToLeftDirection,,総合図書館所蔵古典籍,0144,,https://iiif.dl.itc.u-tokyo.ac.jp/repo/iiif/ccc59b94-7249-2f1a-2642-a3b7de1a49cf/manifest,,,,,79
撫淮小草 巻之九,G30:546,,,明 李三才 撰,[出版地不明] : [出版者不明],1602,萬曆三十年序,全15巻,刊,29.5×18.5,12-15巻は画像なし,中国語,漢籍,,http://tify.sub.uni-goettingen.de/demo.html?manifest=https://archdataset.dl.itc.u-tokyo.ac.jp/manifest/ef8a878a-98a5-445b-455e-ff13c64636a0.json,ef8a878a-98a5-445b-455e-ff13c64636a0,https://iiif.dl.itc.u-tokyo.ac.jp/repo/s/koten/,https://iiif.dl.itc.u-tokyo.ac.jp/repo/s/koten/document/ef8a878a-98a5-445b-455e-ff13c64636a0,https://www.lib.u-tokyo.ac.jp/ja/library/contents/archives-top/reuse,https://iiif.dl.itc.u-tokyo.ac.jp/repo/files/medium/63899fc5a7758c05d5fdd2f9342660a3de41436d.jpg,https://iiif.dl.itc.u-tokyo.ac.jp/repo/api/items/608995,"東京大学総合図書館 General Library in the University of Tokyo, JAPAN",http://iiif.io/api/presentation/2#rightToLeftDirection,,総合図書館所蔵古典籍,0145,,https://iiif.dl.itc.u-tokyo.ac.jp/repo/iiif/ef8a878a-98a5-445b-455e-ff13c64636a0/manifest,,,,,80
撫淮小草 巻之十,G30:546,,,明 李三才 撰,[出版地不明] : [出版者不明],1602,萬曆三十年序,全15巻,刊,29.5×18.5,12-15巻は画像なし,中国語,漢籍,,http://tify.sub.uni-goettingen.de/demo.html?manifest=https://archdataset.dl.itc.u-tokyo.ac.jp/manifest/4d6e71ef-257c-6d44-1752-1540fa0d313d.json,4d6e71ef-257c-6d44-1752-1540fa0d313d,https://iiif.dl.itc.u-tokyo.ac.jp/repo/s/koten/,https://iiif.dl.itc.u-tokyo.ac.jp/repo/s/koten/document/4d6e71ef-257c-6d44-1752-1540fa0d313d,https://www.lib.u-tokyo.ac.jp/ja/library/contents/archives-top/reuse,https://iiif.dl.itc.u-tokyo.ac.jp/repo/files/medium/7e2b5368114a339a4e81ac9da1e7189b0e404861.jpg,https://iiif.dl.itc.u-tokyo.ac.jp/repo/api/items/608996,"東京大学総合図書館 General Library in the University of Tokyo, JAPAN",http://iiif.io/api/presentation/2#rightToLeftDirection,,総合図書館所蔵古典籍,0146,,https://iiif.dl.itc.u-tokyo.ac.jp/repo/iiif/4d6e71ef-257c-6d44-1752-1540fa0d313d/manifest,,,,,81
撫淮小草 巻之十一,G30:546,,,明 李三才 撰,[出版地不明] : [出版者不明],1602,萬曆三十年序,全15巻,刊,29.5×18.5,12-15巻は画像なし,中国語,漢籍,,http://tify.sub.uni-goettingen.de/demo.html?manifest=https://archdataset.dl.itc.u-tokyo.ac.jp/manifest/a6d7e2c6-425a-59f4-0010-0555e8ae4007.json,a6d7e2c6-425a-59f4-0010-0555e8ae4007,https://iiif.dl.itc.u-tokyo.ac.jp/repo/s/koten/,https://iiif.dl.itc.u-tokyo.ac.jp/repo/s/koten/document/a6d7e2c6-425a-59f4-0010-0555e8ae4007,https://www.lib.u-tokyo.ac.jp/ja/library/contents/archives-top/reuse,https://iiif.dl.itc.u-tokyo.ac.jp/repo/files/medium/61e05701ddaadc42fe5034fafd99239ca3a4dd27.jpg,https://iiif.dl.itc.u-tokyo.ac.jp/repo/api/items/608997,"東京大学総合図書館 General Library in the University of Tokyo, JAPAN",http://iiif.io/api/presentation/2#rightToLeftDirection,,総合図書館所蔵古典籍,0147,,https://iiif.dl.itc.u-tokyo.ac.jp/repo/iiif/a6d7e2c6-425a-59f4-0010-0555e8ae4007/manifest,,,,,74
養生嚢 2巻 上,V11:1930,ヨウジョウ ブクロ,,小川顕道,"江戸 : 須原屋茂兵衛 , 大坂 : 秋田屋太右衛門 , 京都 : 勝村治右衛門",[出版年不明],[出版年不明],2巻,,22.5×16cm,巻次は題簽による|安永2年序刊の後印|見返しに「東都發行 千鍾房梓」とあり|下: 小児養生傳|印記: 「岡崎桂一郎」,日本語,和古書,鶚軒文庫,http://tify.sub.uni-goettingen.de/demo.html?manifest=https://archdataset.dl.itc.u-tokyo.ac.jp/manifest/dd11f53f-2431-a238-a7bf-1826c3059799.json,dd11f53f-2431-a238-a7bf-1826c3059799,https://iiif.dl.itc.u-tokyo.ac.jp/repo/s/koten/,https://iiif.dl.itc.u-tokyo.ac.jp/repo/s/koten/document/dd11f53f-2431-a238-a7bf-1826c3059799,https://www.lib.u-tokyo.ac.jp/ja/library/contents/archives-top/reuse,https://iiif.dl.itc.u-tokyo.ac.jp/repo/files/medium/747e712f4b13d60c0be2fd0919815a025154c007.jpg,https://iiif.dl.itc.u-tokyo.ac.jp/repo/api/items/608998,"東京大学総合図書館 General Library in the University of Tokyo, JAPAN",http://iiif.io/api/presentation/2#rightToLeftDirection,,総合図書館所蔵古典籍,0148,,https://iiif.dl.itc.u-tokyo.ac.jp/repo/iiif/dd11f53f-2431-a238-a7bf-1826c3059799/manifest,,,,,32
養生嚢 2巻 下,V11:1930,ヨウジョウ ブクロ,,小川顕道,"江戸 : 須原屋茂兵衛 , 大坂 : 秋田屋太右衛門 , 京都 : 勝村治右衛門",[出版年不明],[出版年不明],2巻,,22.5×16cm,巻次は題簽による|安永2年序刊の後印|見返しに「東都發行 千鍾房梓」とあり|下: 小児養生傳|印記: 「岡崎桂一郎」,日本語,和古書,鶚軒文庫,http://tify.sub.uni-goettingen.de/demo.html?manifest=https://archdataset.dl.itc.u-tokyo.ac.jp/manifest/163d8d51-6e3b-88ac-95c8-876b79e395f3.json,163d8d51-6e3b-88ac-95c8-876b79e395f3,https://iiif.dl.itc.u-tokyo.ac.jp/repo/s/koten/,https://iiif.dl.itc.u-tokyo.ac.jp/repo/s/koten/document/163d8d51-6e3b-88ac-95c8-876b79e395f3,https://www.lib.u-tokyo.ac.jp/ja/library/contents/archives-top/reuse,https://iiif.dl.itc.u-tokyo.ac.jp/repo/files/medium/9e253347bac98cc91a37ff1d85602fae5f415001.jpg,https://iiif.dl.itc.u-tokyo.ac.jp/repo/api/items/608999,"東京大学総合図書館 General Library in the University of Tokyo, JAPAN",http://iiif.io/api/presentation/2#rightToLeftDirection,,総合図書館所蔵古典籍,0149,,https://iiif.dl.itc.u-tokyo.ac.jp/repo/iiif/163d8d51-6e3b-88ac-95c8-876b79e395f3/manifest,,,,,46
