タイトル,フォルダ番号-フォルダ枝番,フォルダ名,形態,言語,内容記述,備考,年月日(和暦),年月日(西暦),マイクロリール番号,マイクロ画像番号,種別,iiif viewer,ID,ウェブサイトURL,アイテムURL,利用条件,サムネイル,機械可読ドキュメント,帰属,viewingDirection,viewingHint,コレクション,ソート用項目,西暦,IIIFマニフェストURI,IIIF Search API URI,アノテーション付きIIIFマニフェストURI,Link to TAPAS Project,Text with Rich Text Format,# of media
dcterms:title,archiveshub:folder,archiveshub:forename,dcterms:format,dcterms:language,dcterms:description,archiveshub:note,dcterms:date,dcterms:created,dcndl:sourceIdentifier,dcterms:identifier,dcndl:materialType,iiif viewer,bibo:identifier,dcterms:isPartOf,dcterms:relation,dcterms:rights,foaf:thumbnail,rdfs:seeAlso,sc:attributionLabel,sc:viewingDirection,sc:viewingHint,uterms:databaseLabel,uterms:sort,uterms:year,uterms:manifestUri,uterms:searchApiUri,uterms:annotedManifest,uterms:linkToTapas,uterms:rtf,13634
「米国東洋政策」,1,「米国東洋政策」原稿(東亜研究所),原稿|手書き,日本語,,,,,1,0005-0389,図書,http://tify.sub.uni-goettingen.de/demo.html?manifest=https://archdataset.dl.itc.u-tokyo.ac.jp/manifest/5a1fe7f0-7d37-84b1-4e1f-22d3e7c8a274.json,5a1fe7f0-7d37-84b1-4e1f-22d3e7c8a274,https://iiif.dl.itc.u-tokyo.ac.jp/repo/s/cpas-takagi/,https://iiif.dl.itc.u-tokyo.ac.jp/repo/s/cpas-takagi/document/5a1fe7f0-7d37-84b1-4e1f-22d3e7c8a274,http://www.cpas.c.u-tokyo.ac.jp/lib/archive_riyo2.html,https://iiif.dl.itc.u-tokyo.ac.jp/repo/files/medium/c2cda858103c8a8ea4885c03b54d5e9ee21eb848.jpg,https://iiif.dl.itc.u-tokyo.ac.jp/repo/api/items/710857,"東京大学大学院総合文化研究科グローバル地域研究機構アメリカ太平洋地域研究センター Center for Pacific and American Studies, The University of Tokyo, JAPAN",http://iiif.io/api/presentation/2#rightToLeftDirection,,CPAS高木八尺デジタルアーカイブ,0001,,https://iiif.dl.itc.u-tokyo.ac.jp/repo/iiif/5a1fe7f0-7d37-84b1-4e1f-22d3e7c8a274/manifest,,,,,383
「対米問題に就て」,14-[1],1924 Immigration,原稿|手書き,日本語,「米国新移民法ニ就テ」,「於電気倶楽部7月23日」,,[1924],3,0151-0176,図書,http://tify.sub.uni-goettingen.de/demo.html?manifest=https://archdataset.dl.itc.u-tokyo.ac.jp/manifest/d183351f-9bea-84b3-19d4-0fa73e708e01.json,d183351f-9bea-84b3-19d4-0fa73e708e01,https://iiif.dl.itc.u-tokyo.ac.jp/repo/s/cpas-takagi/,https://iiif.dl.itc.u-tokyo.ac.jp/repo/s/cpas-takagi/document/d183351f-9bea-84b3-19d4-0fa73e708e01,http://www.cpas.c.u-tokyo.ac.jp/lib/archive_riyo2.html,https://iiif.dl.itc.u-tokyo.ac.jp/repo/files/medium/403e18d99aa8e83e15b7dd0cd5a0b035d6996c53.jpg,https://iiif.dl.itc.u-tokyo.ac.jp/repo/api/items/710856,"東京大学大学院総合文化研究科グローバル地域研究機構アメリカ太平洋地域研究センター Center for Pacific and American Studies, The University of Tokyo, JAPAN",http://iiif.io/api/presentation/2#rightToLeftDirection,,CPAS高木八尺デジタルアーカイブ,0002,,https://iiif.dl.itc.u-tokyo.ac.jp/repo/iiif/d183351f-9bea-84b3-19d4-0fa73e708e01/manifest,,,,,26
「米国新移民法ニ就テ」,14-[2],1924 Immigration,原稿|手書き,日本語,,講演草稿,,,3,0182-0246,図書,http://tify.sub.uni-goettingen.de/demo.html?manifest=https://archdataset.dl.itc.u-tokyo.ac.jp/manifest/b1c2d791-95b3-339f-8c4f-061ce7d1062a.json,b1c2d791-95b3-339f-8c4f-061ce7d1062a,https://iiif.dl.itc.u-tokyo.ac.jp/repo/s/cpas-takagi/,https://iiif.dl.itc.u-tokyo.ac.jp/repo/s/cpas-takagi/document/b1c2d791-95b3-339f-8c4f-061ce7d1062a,http://www.cpas.c.u-tokyo.ac.jp/lib/archive_riyo2.html,https://iiif.dl.itc.u-tokyo.ac.jp/repo/files/medium/8c05c4e71d6bcae5acbd0b8cf1ec8b63f8ee9411.jpg,https://iiif.dl.itc.u-tokyo.ac.jp/repo/api/items/710855,"東京大学大学院総合文化研究科グローバル地域研究機構アメリカ太平洋地域研究センター Center for Pacific and American Studies, The University of Tokyo, JAPAN",http://iiif.io/api/presentation/2#rightToLeftDirection,,CPAS高木八尺デジタルアーカイブ,0003,,https://iiif.dl.itc.u-tokyo.ac.jp/repo/iiif/b1c2d791-95b3-339f-8c4f-061ce7d1062a/manifest,,,,,65
「日本最近の対支政策」,90-[1],China relations & [the] Soviet [Union],原稿|手書き,日本語,,,,,6,0389-0401,図書,http://tify.sub.uni-goettingen.de/demo.html?manifest=https://archdataset.dl.itc.u-tokyo.ac.jp/manifest/c888c894-0ce9-11d9-709c-077b554e79cc.json,c888c894-0ce9-11d9-709c-077b554e79cc,https://iiif.dl.itc.u-tokyo.ac.jp/repo/s/cpas-takagi/,https://iiif.dl.itc.u-tokyo.ac.jp/repo/s/cpas-takagi/document/c888c894-0ce9-11d9-709c-077b554e79cc,http://www.cpas.c.u-tokyo.ac.jp/lib/archive_riyo2.html,https://iiif.dl.itc.u-tokyo.ac.jp/repo/files/medium/e48ddb0ca231b1087678f1a71f2ac5e0e61d35df.jpg,https://iiif.dl.itc.u-tokyo.ac.jp/repo/api/items/710854,"東京大学大学院総合文化研究科グローバル地域研究機構アメリカ太平洋地域研究センター Center for Pacific and American Studies, The University of Tokyo, JAPAN",http://iiif.io/api/presentation/2#rightToLeftDirection,,CPAS高木八尺デジタルアーカイブ,0004,,https://iiif.dl.itc.u-tokyo.ac.jp/repo/iiif/c888c894-0ce9-11d9-709c-077b554e79cc/manifest,,,,,13
“Japan’s Recent China Policy.”,90-[2],China relations & [the] Soviet [Union],原稿|タイプ,英語,,手書き書き込みあり,,,6,0402-0411,図書,http://tify.sub.uni-goettingen.de/demo.html?manifest=https://archdataset.dl.itc.u-tokyo.ac.jp/manifest/df70a0a9-59c4-5442-3c6e-8b88ad1879f4.json,df70a0a9-59c4-5442-3c6e-8b88ad1879f4,https://iiif.dl.itc.u-tokyo.ac.jp/repo/s/cpas-takagi/,https://iiif.dl.itc.u-tokyo.ac.jp/repo/s/cpas-takagi/document/df70a0a9-59c4-5442-3c6e-8b88ad1879f4,http://www.cpas.c.u-tokyo.ac.jp/lib/archive_riyo2.html,https://iiif.dl.itc.u-tokyo.ac.jp/repo/files/medium/dc6c06fd453e5009b3265845e7821ee7ceda7e91.jpg,https://iiif.dl.itc.u-tokyo.ac.jp/repo/api/items/710853,"東京大学大学院総合文化研究科グローバル地域研究機構アメリカ太平洋地域研究センター Center for Pacific and American Studies, The University of Tokyo, JAPAN",,,CPAS高木八尺デジタルアーカイブ,0005,,https://iiif.dl.itc.u-tokyo.ac.jp/repo/iiif/df70a0a9-59c4-5442-3c6e-8b88ad1879f4/manifest,,,,,10
「満洲問題と米国膨張史の回顧 - 自治外交に対する自由主義的一所望」,106,"Manchoukuo , + Asia 改造",原稿|手書き,日本語,,[『改造』1932年9月号発表原稿?],,[1932],8,0113-0152,図書,http://tify.sub.uni-goettingen.de/demo.html?manifest=https://archdataset.dl.itc.u-tokyo.ac.jp/manifest/b0cb4891-6dd8-45be-1cfd-9f571a732023.json,b0cb4891-6dd8-45be-1cfd-9f571a732023,https://iiif.dl.itc.u-tokyo.ac.jp/repo/s/cpas-takagi/,https://iiif.dl.itc.u-tokyo.ac.jp/repo/s/cpas-takagi/document/b0cb4891-6dd8-45be-1cfd-9f571a732023,http://www.cpas.c.u-tokyo.ac.jp/lib/archive_riyo2.html,https://iiif.dl.itc.u-tokyo.ac.jp/repo/files/medium/6f7885e5dd442f221b7ddec4e733403fb9600023.jpg,https://iiif.dl.itc.u-tokyo.ac.jp/repo/api/items/710852,"東京大学大学院総合文化研究科グローバル地域研究機構アメリカ太平洋地域研究センター Center for Pacific and American Studies, The University of Tokyo, JAPAN",http://iiif.io/api/presentation/2#rightToLeftDirection,,CPAS高木八尺デジタルアーカイブ,0006,,https://iiif.dl.itc.u-tokyo.ac.jp/repo/iiif/b0cb4891-6dd8-45be-1cfd-9f571a732023/manifest,,,,,41
[中南米人口、面積等の表],110-[1],[移民問題研究会、中南米],メモ|手書き,英語,,,,,9,0107,図書,http://tify.sub.uni-goettingen.de/demo.html?manifest=https://archdataset.dl.itc.u-tokyo.ac.jp/manifest/1502d3e8-7210-839b-080c-2245a3fba1d7.json,1502d3e8-7210-839b-080c-2245a3fba1d7,https://iiif.dl.itc.u-tokyo.ac.jp/repo/s/cpas-takagi/,https://iiif.dl.itc.u-tokyo.ac.jp/repo/s/cpas-takagi/document/1502d3e8-7210-839b-080c-2245a3fba1d7,http://www.cpas.c.u-tokyo.ac.jp/lib/archive_riyo2.html,https://iiif.dl.itc.u-tokyo.ac.jp/repo/files/medium/7194a591d6b704cc8a0ad630e48eb15a5f1530b4.jpg,https://iiif.dl.itc.u-tokyo.ac.jp/repo/api/items/710851,"東京大学大学院総合文化研究科グローバル地域研究機構アメリカ太平洋地域研究センター Center for Pacific and American Studies, The University of Tokyo, JAPAN",,,CPAS高木八尺デジタルアーカイブ,0007,,https://iiif.dl.itc.u-tokyo.ac.jp/repo/iiif/1502d3e8-7210-839b-080c-2245a3fba1d7/manifest,,,,,1
“AGE OF DISCOVERY (1340-1600)”,110-[2],[移民問題研究会、中南米],メモ|手書き,英語,,,,[193-],9,0114-0147,図書,http://tify.sub.uni-goettingen.de/demo.html?manifest=https://archdataset.dl.itc.u-tokyo.ac.jp/manifest/2d6d8520-964d-26b0-4650-0350a0081e16.json,2d6d8520-964d-26b0-4650-0350a0081e16,https://iiif.dl.itc.u-tokyo.ac.jp/repo/s/cpas-takagi/,https://iiif.dl.itc.u-tokyo.ac.jp/repo/s/cpas-takagi/document/2d6d8520-964d-26b0-4650-0350a0081e16,http://www.cpas.c.u-tokyo.ac.jp/lib/archive_riyo2.html,https://iiif.dl.itc.u-tokyo.ac.jp/repo/files/medium/9f726b7923ca7178ef206ea09512757c1a7c311d.jpg,https://iiif.dl.itc.u-tokyo.ac.jp/repo/api/items/710850,"東京大学大学院総合文化研究科グローバル地域研究機構アメリカ太平洋地域研究センター Center for Pacific and American Studies, The University of Tokyo, JAPAN",,,CPAS高木八尺デジタルアーカイブ,0008,,https://iiif.dl.itc.u-tokyo.ac.jp/repo/iiif/2d6d8520-964d-26b0-4650-0350a0081e16/manifest,,,,,34
「日米関係」,120,日米関係,原稿|手書き,日本語,,欄外に 「日米問題」現代の政治 pp296-347 と記載あり,,,10,0263-0276,図書,http://tify.sub.uni-goettingen.de/demo.html?manifest=https://archdataset.dl.itc.u-tokyo.ac.jp/manifest/8d928df9-186a-2612-627e-266d66547347.json,8d928df9-186a-2612-627e-266d66547347,https://iiif.dl.itc.u-tokyo.ac.jp/repo/s/cpas-takagi/,https://iiif.dl.itc.u-tokyo.ac.jp/repo/s/cpas-takagi/document/8d928df9-186a-2612-627e-266d66547347,http://www.cpas.c.u-tokyo.ac.jp/lib/archive_riyo2.html,https://iiif.dl.itc.u-tokyo.ac.jp/repo/files/medium/515dbaa60bf27ca26e549eb1aa31dc3ce6cbc20e.jpg,https://iiif.dl.itc.u-tokyo.ac.jp/repo/api/items/710849,"東京大学大学院総合文化研究科グローバル地域研究機構アメリカ太平洋地域研究センター Center for Pacific and American Studies, The University of Tokyo, JAPAN",http://iiif.io/api/presentation/2#rightToLeftDirection,,CPAS高木八尺デジタルアーカイブ,0009,,https://iiif.dl.itc.u-tokyo.ac.jp/repo/iiif/8d928df9-186a-2612-627e-266d66547347/manifest,,,,,14
「米国政治史 大正十五年度」,123,アメリカ史,メモ|手書き,日本語,,大正15年度ヘボン講座「米国政治史」の講義草案、メモ,,[1926],11,0173-0208,図書,http://tify.sub.uni-goettingen.de/demo.html?manifest=https://archdataset.dl.itc.u-tokyo.ac.jp/manifest/f7549f61-0def-2bc5-9cc0-2e57b1b070c3.json,f7549f61-0def-2bc5-9cc0-2e57b1b070c3,https://iiif.dl.itc.u-tokyo.ac.jp/repo/s/cpas-takagi/,https://iiif.dl.itc.u-tokyo.ac.jp/repo/s/cpas-takagi/document/f7549f61-0def-2bc5-9cc0-2e57b1b070c3,http://www.cpas.c.u-tokyo.ac.jp/lib/archive_riyo2.html,https://iiif.dl.itc.u-tokyo.ac.jp/repo/files/medium/5274d6888d8182be81536d30bf1c83cbc9be14e7.jpg,https://iiif.dl.itc.u-tokyo.ac.jp/repo/api/items/710848,"東京大学大学院総合文化研究科グローバル地域研究機構アメリカ太平洋地域研究センター Center for Pacific and American Studies, The University of Tokyo, JAPAN",http://iiif.io/api/presentation/2#rightToLeftDirection,,CPAS高木八尺デジタルアーカイブ,0010,,https://iiif.dl.itc.u-tokyo.ac.jp/repo/iiif/f7549f61-0def-2bc5-9cc0-2e57b1b070c3/manifest,,,,,36
「事態収拾ニ関スル私見」,190-[1],日中戦争,メモ|手書き,英語,,,,[1937],14,0337-0345,図書,http://tify.sub.uni-goettingen.de/demo.html?manifest=https://archdataset.dl.itc.u-tokyo.ac.jp/manifest/8a3c6b2f-6827-9acd-4a06-1227e02061f8.json,8a3c6b2f-6827-9acd-4a06-1227e02061f8,https://iiif.dl.itc.u-tokyo.ac.jp/repo/s/cpas-takagi/,https://iiif.dl.itc.u-tokyo.ac.jp/repo/s/cpas-takagi/document/8a3c6b2f-6827-9acd-4a06-1227e02061f8,http://www.cpas.c.u-tokyo.ac.jp/lib/archive_riyo2.html,https://iiif.dl.itc.u-tokyo.ac.jp/repo/files/medium/8a7d814813a7bac976c7a7271496b221e6e62430.jpg,https://iiif.dl.itc.u-tokyo.ac.jp/repo/api/items/710847,"東京大学大学院総合文化研究科グローバル地域研究機構アメリカ太平洋地域研究センター Center for Pacific and American Studies, The University of Tokyo, JAPAN",,,CPAS高木八尺デジタルアーカイブ,0011,,https://iiif.dl.itc.u-tokyo.ac.jp/repo/iiif/8a3c6b2f-6827-9acd-4a06-1227e02061f8/manifest,,,,,9
「日支事変の事態収拾に関する私見」,190-[2],日中戦争,メモ|手書き,日本語,,,,[1937],14,0347-0348,図書,http://tify.sub.uni-goettingen.de/demo.html?manifest=https://archdataset.dl.itc.u-tokyo.ac.jp/manifest/aa81c087-2839-5e54-0d04-f608d1498421.json,aa81c087-2839-5e54-0d04-f608d1498421,https://iiif.dl.itc.u-tokyo.ac.jp/repo/s/cpas-takagi/,https://iiif.dl.itc.u-tokyo.ac.jp/repo/s/cpas-takagi/document/aa81c087-2839-5e54-0d04-f608d1498421,http://www.cpas.c.u-tokyo.ac.jp/lib/archive_riyo2.html,https://iiif.dl.itc.u-tokyo.ac.jp/repo/files/medium/15e96f6045bc0c35e1af6264d71b9273739d2243.jpg,https://iiif.dl.itc.u-tokyo.ac.jp/repo/api/items/710846,"東京大学大学院総合文化研究科グローバル地域研究機構アメリカ太平洋地域研究センター Center for Pacific and American Studies, The University of Tokyo, JAPAN",http://iiif.io/api/presentation/2#rightToLeftDirection,,CPAS高木八尺デジタルアーカイブ,0012,,https://iiif.dl.itc.u-tokyo.ac.jp/repo/iiif/aa81c087-2839-5e54-0d04-f608d1498421/manifest,,,,,2
"“It is a source of the deepest concern and regret to me that ...,”",191-[1],日中戦争に対する高木意見等,メモ|手書き,英語,"""Peace in the Far East - How Can It Be achieved""",,,[1937],14,0355-0356,図書,http://tify.sub.uni-goettingen.de/demo.html?manifest=https://archdataset.dl.itc.u-tokyo.ac.jp/manifest/491b5c36-8d99-46b7-0352-126e0778a2ec.json,491b5c36-8d99-46b7-0352-126e0778a2ec,https://iiif.dl.itc.u-tokyo.ac.jp/repo/s/cpas-takagi/,https://iiif.dl.itc.u-tokyo.ac.jp/repo/s/cpas-takagi/document/491b5c36-8d99-46b7-0352-126e0778a2ec,http://www.cpas.c.u-tokyo.ac.jp/lib/archive_riyo2.html,https://iiif.dl.itc.u-tokyo.ac.jp/repo/files/medium/1e2041b0d8e295d0439426ab16b2e3bf1a51cd3f.jpg,https://iiif.dl.itc.u-tokyo.ac.jp/repo/api/items/710845,"東京大学大学院総合文化研究科グローバル地域研究機構アメリカ太平洋地域研究センター Center for Pacific and American Studies, The University of Tokyo, JAPAN",,,CPAS高木八尺デジタルアーカイブ,0013,,https://iiif.dl.itc.u-tokyo.ac.jp/repo/iiif/491b5c36-8d99-46b7-0352-126e0778a2ec/manifest,,,,,2
“The Desirable Outcome of the Present Conflict - of Suggestion.”,191-[2],日中戦争に対する高木意見等,原稿|タイプ,英語,,,,[1937],14,0357-0360,図書,http://tify.sub.uni-goettingen.de/demo.html?manifest=https://archdataset.dl.itc.u-tokyo.ac.jp/manifest/e2d9a504-18f8-7e8b-7f00-87e88a504368.json,e2d9a504-18f8-7e8b-7f00-87e88a504368,https://iiif.dl.itc.u-tokyo.ac.jp/repo/s/cpas-takagi/,https://iiif.dl.itc.u-tokyo.ac.jp/repo/s/cpas-takagi/document/e2d9a504-18f8-7e8b-7f00-87e88a504368,http://www.cpas.c.u-tokyo.ac.jp/lib/archive_riyo2.html,https://iiif.dl.itc.u-tokyo.ac.jp/repo/files/medium/fc90b26fd32796787faf6ad4bccc3ed928d800b3.jpg,https://iiif.dl.itc.u-tokyo.ac.jp/repo/api/items/710844,"東京大学大学院総合文化研究科グローバル地域研究機構アメリカ太平洋地域研究センター Center for Pacific and American Studies, The University of Tokyo, JAPAN",,,CPAS高木八尺デジタルアーカイブ,0014,,https://iiif.dl.itc.u-tokyo.ac.jp/repo/iiif/e2d9a504-18f8-7e8b-7f00-87e88a504368/manifest,,,,,4
“The Desirable Outcome of the Present Conflict - of Suggestion.”,191-[3],日中戦争に対する高木意見等,原稿|手書き,英語,,,,[1937],14,0361-0367,図書,http://tify.sub.uni-goettingen.de/demo.html?manifest=https://archdataset.dl.itc.u-tokyo.ac.jp/manifest/89b5443d-a291-7ad8-5ec6-ba5c198b639e.json,89b5443d-a291-7ad8-5ec6-ba5c198b639e,https://iiif.dl.itc.u-tokyo.ac.jp/repo/s/cpas-takagi/,https://iiif.dl.itc.u-tokyo.ac.jp/repo/s/cpas-takagi/document/89b5443d-a291-7ad8-5ec6-ba5c198b639e,http://www.cpas.c.u-tokyo.ac.jp/lib/archive_riyo2.html,https://iiif.dl.itc.u-tokyo.ac.jp/repo/files/medium/e9abc1d2052da43b5ce9aa9b14a2099f732096f0.jpg,https://iiif.dl.itc.u-tokyo.ac.jp/repo/api/items/710843,"東京大学大学院総合文化研究科グローバル地域研究機構アメリカ太平洋地域研究センター Center for Pacific and American Studies, The University of Tokyo, JAPAN",,,CPAS高木八尺デジタルアーカイブ,0015,,https://iiif.dl.itc.u-tokyo.ac.jp/repo/iiif/89b5443d-a291-7ad8-5ec6-ba5c198b639e/manifest,,,,,7
「NRA違憲問題ノ史的連想」,192-[1],NRA等判決,メモ|手書き,日本語,,英文メモ含む,,[1938],14,0376-0385,図書,http://tify.sub.uni-goettingen.de/demo.html?manifest=https://archdataset.dl.itc.u-tokyo.ac.jp/manifest/31d3dc3a-2704-04e5-740b-0a7c8b0f3703.json,31d3dc3a-2704-04e5-740b-0a7c8b0f3703,https://iiif.dl.itc.u-tokyo.ac.jp/repo/s/cpas-takagi/,https://iiif.dl.itc.u-tokyo.ac.jp/repo/s/cpas-takagi/document/31d3dc3a-2704-04e5-740b-0a7c8b0f3703,http://www.cpas.c.u-tokyo.ac.jp/lib/archive_riyo2.html,https://iiif.dl.itc.u-tokyo.ac.jp/repo/files/medium/476551f2e66d2ee7a562df4144456c94f4538049.jpg,https://iiif.dl.itc.u-tokyo.ac.jp/repo/api/items/710842,"東京大学大学院総合文化研究科グローバル地域研究機構アメリカ太平洋地域研究センター Center for Pacific and American Studies, The University of Tokyo, JAPAN",http://iiif.io/api/presentation/2#leftToRightDirection,,CPAS高木八尺デジタルアーカイブ,0016,,https://iiif.dl.itc.u-tokyo.ac.jp/repo/iiif/31d3dc3a-2704-04e5-740b-0a7c8b0f3703/manifest,,,,,10
「NRA違憲問題の史的連想」,192-[2],NRA等判決,草稿|手書き,日本語,,「N・R・A・違憲問題の史的考察」(『野村教授還暦祝賀公法政治論集』『米国政治史の研究』)の草稿?,,[1938],14,0387-0508,図書,http://tify.sub.uni-goettingen.de/demo.html?manifest=https://archdataset.dl.itc.u-tokyo.ac.jp/manifest/46299f56-14d3-7b16-1f84-d3de254f46fc.json,46299f56-14d3-7b16-1f84-d3de254f46fc,https://iiif.dl.itc.u-tokyo.ac.jp/repo/s/cpas-takagi/,https://iiif.dl.itc.u-tokyo.ac.jp/repo/s/cpas-takagi/document/46299f56-14d3-7b16-1f84-d3de254f46fc,http://www.cpas.c.u-tokyo.ac.jp/lib/archive_riyo2.html,https://iiif.dl.itc.u-tokyo.ac.jp/repo/files/medium/ae553468818d23ce2176d4d1c50648a394d2f15e.jpg,https://iiif.dl.itc.u-tokyo.ac.jp/repo/api/items/710841,"東京大学大学院総合文化研究科グローバル地域研究機構アメリカ太平洋地域研究センター Center for Pacific and American Studies, The University of Tokyo, JAPAN",http://iiif.io/api/presentation/2#rightToLeftDirection,,CPAS高木八尺デジタルアーカイブ,0017,,https://iiif.dl.itc.u-tokyo.ac.jp/repo/iiif/46299f56-14d3-7b16-1f84-d3de254f46fc/manifest,,,,,121
"""Feb 22. Fed. District Ct of Alabama""",192-[3],NRA等判決,メモ|手書き,英語,,,,,14,0509-0511,図書,http://tify.sub.uni-goettingen.de/demo.html?manifest=https://archdataset.dl.itc.u-tokyo.ac.jp/manifest/ec8f565c-2cf0-4a82-0fbe-5ef6e0211a70.json,ec8f565c-2cf0-4a82-0fbe-5ef6e0211a70,https://iiif.dl.itc.u-tokyo.ac.jp/repo/s/cpas-takagi/,https://iiif.dl.itc.u-tokyo.ac.jp/repo/s/cpas-takagi/document/ec8f565c-2cf0-4a82-0fbe-5ef6e0211a70,http://www.cpas.c.u-tokyo.ac.jp/lib/archive_riyo2.html,https://iiif.dl.itc.u-tokyo.ac.jp/repo/files/medium/d90d23d794c857f8f0a8d056cb0acd0247d98e80.jpg,https://iiif.dl.itc.u-tokyo.ac.jp/repo/api/items/710840,"東京大学大学院総合文化研究科グローバル地域研究機構アメリカ太平洋地域研究センター Center for Pacific and American Studies, The University of Tokyo, JAPAN",,,CPAS高木八尺デジタルアーカイブ,0018,,https://iiif.dl.itc.u-tokyo.ac.jp/repo/iiif/ec8f565c-2cf0-4a82-0fbe-5ef6e0211a70/manifest,,,,,3
「第一章 米国の建国」他,261-[1],Prologue,草稿|手書き,日本語,「第二章 米国革命」,,,,18,0098-0133,図書,http://tify.sub.uni-goettingen.de/demo.html?manifest=https://archdataset.dl.itc.u-tokyo.ac.jp/manifest/14277bf7-7a65-61fd-0b60-5bed6c106e9c.json,14277bf7-7a65-61fd-0b60-5bed6c106e9c,https://iiif.dl.itc.u-tokyo.ac.jp/repo/s/cpas-takagi/,https://iiif.dl.itc.u-tokyo.ac.jp/repo/s/cpas-takagi/document/14277bf7-7a65-61fd-0b60-5bed6c106e9c,http://www.cpas.c.u-tokyo.ac.jp/lib/archive_riyo2.html,https://iiif.dl.itc.u-tokyo.ac.jp/repo/files/medium/1787e2e0eccddc881467b4519085961a1831aded.jpg,https://iiif.dl.itc.u-tokyo.ac.jp/repo/api/items/710839,"東京大学大学院総合文化研究科グローバル地域研究機構アメリカ太平洋地域研究センター Center for Pacific and American Studies, The University of Tokyo, JAPAN",http://iiif.io/api/presentation/2#rightToLeftDirection,,CPAS高木八尺デジタルアーカイブ,0019,,https://iiif.dl.itc.u-tokyo.ac.jp/repo/iiif/14277bf7-7a65-61fd-0b60-5bed6c106e9c/manifest,,,,,34
「アメリカ政治史」,261-[2],Prologue,草稿|手書き,日本語,,,,,18,0134-0146,図書,http://tify.sub.uni-goettingen.de/demo.html?manifest=https://archdataset.dl.itc.u-tokyo.ac.jp/manifest/048bbebd-07a2-0ee5-855b-43fb25970d2a.json,048bbebd-07a2-0ee5-855b-43fb25970d2a,https://iiif.dl.itc.u-tokyo.ac.jp/repo/s/cpas-takagi/,https://iiif.dl.itc.u-tokyo.ac.jp/repo/s/cpas-takagi/document/048bbebd-07a2-0ee5-855b-43fb25970d2a,http://www.cpas.c.u-tokyo.ac.jp/lib/archive_riyo2.html,https://iiif.dl.itc.u-tokyo.ac.jp/repo/files/medium/323a02f3ff79406adc0a539527a437d66d833c62.jpg,https://iiif.dl.itc.u-tokyo.ac.jp/repo/api/items/710838,"東京大学大学院総合文化研究科グローバル地域研究機構アメリカ太平洋地域研究センター Center for Pacific and American Studies, The University of Tokyo, JAPAN",http://iiif.io/api/presentation/2#rightToLeftDirection,,CPAS高木八尺デジタルアーカイブ,0020,,https://iiif.dl.itc.u-tokyo.ac.jp/repo/iiif/048bbebd-07a2-0ee5-855b-43fb25970d2a/manifest,,,,,13
「米国ノ現状」ノ一部,261-[3],Prologue,草稿|手書き,日本語,,,,,18,0150-0198,図書,http://tify.sub.uni-goettingen.de/demo.html?manifest=https://archdataset.dl.itc.u-tokyo.ac.jp/manifest/922488ef-4a97-050c-2ca6-ef2add304cea.json,922488ef-4a97-050c-2ca6-ef2add304cea,https://iiif.dl.itc.u-tokyo.ac.jp/repo/s/cpas-takagi/,https://iiif.dl.itc.u-tokyo.ac.jp/repo/s/cpas-takagi/document/922488ef-4a97-050c-2ca6-ef2add304cea,http://www.cpas.c.u-tokyo.ac.jp/lib/archive_riyo2.html,https://iiif.dl.itc.u-tokyo.ac.jp/repo/files/medium/4312ab16ace4c3f4283a4368d90807a6d3026ae7.jpg,https://iiif.dl.itc.u-tokyo.ac.jp/repo/api/items/710837,"東京大学大学院総合文化研究科グローバル地域研究機構アメリカ太平洋地域研究センター Center for Pacific and American Studies, The University of Tokyo, JAPAN",http://iiif.io/api/presentation/2#rightToLeftDirection,,CPAS高木八尺デジタルアーカイブ,0021,,https://iiif.dl.itc.u-tokyo.ac.jp/repo/iiif/922488ef-4a97-050c-2ca6-ef2add304cea/manifest,,,,,48
「米国の伝統と環境」,262-[1],米国ノ伝統ト環境,メモ|手書き,日本語,,,,,18,0211-0216,図書,http://tify.sub.uni-goettingen.de/demo.html?manifest=https://archdataset.dl.itc.u-tokyo.ac.jp/manifest/6a9f495b-3805-7efc-10e3-d9ee093a7ee3.json,6a9f495b-3805-7efc-10e3-d9ee093a7ee3,https://iiif.dl.itc.u-tokyo.ac.jp/repo/s/cpas-takagi/,https://iiif.dl.itc.u-tokyo.ac.jp/repo/s/cpas-takagi/document/6a9f495b-3805-7efc-10e3-d9ee093a7ee3,http://www.cpas.c.u-tokyo.ac.jp/lib/archive_riyo2.html,https://iiif.dl.itc.u-tokyo.ac.jp/repo/files/medium/e47c134076030feb54d9d4da202ced0183f01cdf.jpg,https://iiif.dl.itc.u-tokyo.ac.jp/repo/api/items/710836,"東京大学大学院総合文化研究科グローバル地域研究機構アメリカ太平洋地域研究センター Center for Pacific and American Studies, The University of Tokyo, JAPAN",http://iiif.io/api/presentation/2#leftToRightDirection,,CPAS高木八尺デジタルアーカイブ,0022,,https://iiif.dl.itc.u-tokyo.ac.jp/repo/iiif/6a9f495b-3805-7efc-10e3-d9ee093a7ee3/manifest,,,,,4
「米国の伝統と環境」,262-[2],米国ノ伝統ト環境,草稿|手書き,日本語,「第三 ピューリタンの政治思想の一班」他,,,,18,0220-0316,図書,http://tify.sub.uni-goettingen.de/demo.html?manifest=https://archdataset.dl.itc.u-tokyo.ac.jp/manifest/d761bd52-95e2-4fcc-a0cf-ddc254e87822.json,d761bd52-95e2-4fcc-a0cf-ddc254e87822,https://iiif.dl.itc.u-tokyo.ac.jp/repo/s/cpas-takagi/,https://iiif.dl.itc.u-tokyo.ac.jp/repo/s/cpas-takagi/document/d761bd52-95e2-4fcc-a0cf-ddc254e87822,http://www.cpas.c.u-tokyo.ac.jp/lib/archive_riyo2.html,https://iiif.dl.itc.u-tokyo.ac.jp/repo/files/medium/b538f6fc6876f4f1acbd7b72ab6d3896bebea84f.jpg,https://iiif.dl.itc.u-tokyo.ac.jp/repo/api/items/710835,"東京大学大学院総合文化研究科グローバル地域研究機構アメリカ太平洋地域研究センター Center for Pacific and American Studies, The University of Tokyo, JAPAN",http://iiif.io/api/presentation/2#rightToLeftDirection,,CPAS高木八尺デジタルアーカイブ,0023,,https://iiif.dl.itc.u-tokyo.ac.jp/repo/iiif/d761bd52-95e2-4fcc-a0cf-ddc254e87822/manifest,,,,,97
"""Condition of the Colonies in 1760""",263,[Conditions of the Colonies in 1760],メモ|手書き,日本語,,,,,18,0318-0334,図書,http://tify.sub.uni-goettingen.de/demo.html?manifest=https://archdataset.dl.itc.u-tokyo.ac.jp/manifest/b69216f5-590e-0c54-79fb-ee7c89d88acf.json,b69216f5-590e-0c54-79fb-ee7c89d88acf,https://iiif.dl.itc.u-tokyo.ac.jp/repo/s/cpas-takagi/,https://iiif.dl.itc.u-tokyo.ac.jp/repo/s/cpas-takagi/document/b69216f5-590e-0c54-79fb-ee7c89d88acf,http://www.cpas.c.u-tokyo.ac.jp/lib/archive_riyo2.html,https://iiif.dl.itc.u-tokyo.ac.jp/repo/files/medium/944c6d7b1016ff314640a4e80a3e5df9ebc9ff64.jpg,https://iiif.dl.itc.u-tokyo.ac.jp/repo/api/items/710834,"東京大学大学院総合文化研究科グローバル地域研究機構アメリカ太平洋地域研究センター Center for Pacific and American Studies, The University of Tokyo, JAPAN",http://iiif.io/api/presentation/2#leftToRightDirection,,CPAS高木八尺デジタルアーカイブ,0024,,https://iiif.dl.itc.u-tokyo.ac.jp/repo/iiif/b69216f5-590e-0c54-79fb-ee7c89d88acf/manifest,,,,,15
「独立戦争ノ経過」,264-[1],Mitsubishi,原稿|手書き,日本語,,,,,18,0339-0414,図書,http://tify.sub.uni-goettingen.de/demo.html?manifest=https://archdataset.dl.itc.u-tokyo.ac.jp/manifest/a88cb643-6a55-7698-159c-ebc1dd97655a.json,a88cb643-6a55-7698-159c-ebc1dd97655a,https://iiif.dl.itc.u-tokyo.ac.jp/repo/s/cpas-takagi/,https://iiif.dl.itc.u-tokyo.ac.jp/repo/s/cpas-takagi/document/a88cb643-6a55-7698-159c-ebc1dd97655a,http://www.cpas.c.u-tokyo.ac.jp/lib/archive_riyo2.html,https://iiif.dl.itc.u-tokyo.ac.jp/repo/files/medium/f8558290980f0fecaf267432e4ca5a1e9ddce746.jpg,https://iiif.dl.itc.u-tokyo.ac.jp/repo/api/items/710833,"東京大学大学院総合文化研究科グローバル地域研究機構アメリカ太平洋地域研究センター Center for Pacific and American Studies, The University of Tokyo, JAPAN",http://iiif.io/api/presentation/2#rightToLeftDirection,,CPAS高木八尺デジタルアーカイブ,0025,,https://iiif.dl.itc.u-tokyo.ac.jp/repo/iiif/a88cb643-6a55-7698-159c-ebc1dd97655a/manifest,,,,,76
"""Proclamation of 1763...,""",264-[2],Mitsubishi,メモ|手書き,日本語,「第三回講演  (Jan. 31)」,,,[1938?],18,0415-0443,図書,http://tify.sub.uni-goettingen.de/demo.html?manifest=https://archdataset.dl.itc.u-tokyo.ac.jp/manifest/b1989ad4-8af2-165e-9537-71bd15e8247a.json,b1989ad4-8af2-165e-9537-71bd15e8247a,https://iiif.dl.itc.u-tokyo.ac.jp/repo/s/cpas-takagi/,https://iiif.dl.itc.u-tokyo.ac.jp/repo/s/cpas-takagi/document/b1989ad4-8af2-165e-9537-71bd15e8247a,http://www.cpas.c.u-tokyo.ac.jp/lib/archive_riyo2.html,https://iiif.dl.itc.u-tokyo.ac.jp/repo/files/medium/8ce6a3cca293fbec53614e9883f2fd735647fd2f.jpg,https://iiif.dl.itc.u-tokyo.ac.jp/repo/api/items/710832,"東京大学大学院総合文化研究科グローバル地域研究機構アメリカ太平洋地域研究センター Center for Pacific and American Studies, The University of Tokyo, JAPAN",http://iiif.io/api/presentation/2#leftToRightDirection,,CPAS高木八尺デジタルアーカイブ,0026,,https://iiif.dl.itc.u-tokyo.ac.jp/repo/iiif/b1989ad4-8af2-165e-9537-71bd15e8247a/manifest,,,,,28
「英米ノ両地に於て...」,264-[3],Mitsubishi,原稿|手書き,日本語,,,,,18,0444-0445,図書,http://tify.sub.uni-goettingen.de/demo.html?manifest=https://archdataset.dl.itc.u-tokyo.ac.jp/manifest/119dcc9a-a044-18d3-3409-0f02eaf66188.json,119dcc9a-a044-18d3-3409-0f02eaf66188,https://iiif.dl.itc.u-tokyo.ac.jp/repo/s/cpas-takagi/,https://iiif.dl.itc.u-tokyo.ac.jp/repo/s/cpas-takagi/document/119dcc9a-a044-18d3-3409-0f02eaf66188,http://www.cpas.c.u-tokyo.ac.jp/lib/archive_riyo2.html,https://iiif.dl.itc.u-tokyo.ac.jp/repo/files/medium/ede0f0bbb40c25303879c49599fe84eea46ab518.jpg,https://iiif.dl.itc.u-tokyo.ac.jp/repo/api/items/710831,"東京大学大学院総合文化研究科グローバル地域研究機構アメリカ太平洋地域研究センター Center for Pacific and American Studies, The University of Tokyo, JAPAN",http://iiif.io/api/presentation/2#rightToLeftDirection,,CPAS高木八尺デジタルアーカイブ,0027,,https://iiif.dl.itc.u-tokyo.ac.jp/repo/iiif/119dcc9a-a044-18d3-3409-0f02eaf66188/manifest,,,,,2
“2 lectures + 1 quiz...”,275,Phillips Civil War & Reconstruction,ノート|手書き,英語,"Hist. 17. The U. S. in Recent Decades, Prof. Phillips",,,[1922],19,0215-0348,図書,http://tify.sub.uni-goettingen.de/demo.html?manifest=https://archdataset.dl.itc.u-tokyo.ac.jp/manifest/6b6a114b-8592-5ac6-8753-1f4752f49b11.json,6b6a114b-8592-5ac6-8753-1f4752f49b11,https://iiif.dl.itc.u-tokyo.ac.jp/repo/s/cpas-takagi/,https://iiif.dl.itc.u-tokyo.ac.jp/repo/s/cpas-takagi/document/6b6a114b-8592-5ac6-8753-1f4752f49b11,http://www.cpas.c.u-tokyo.ac.jp/lib/archive_riyo2.html,https://iiif.dl.itc.u-tokyo.ac.jp/repo/files/medium/a5a5315d31f3990cabed0b6f91f47dc52493a8f9.jpg,https://iiif.dl.itc.u-tokyo.ac.jp/repo/api/items/710830,"東京大学大学院総合文化研究科グローバル地域研究機構アメリカ太平洋地域研究センター Center for Pacific and American Studies, The University of Tokyo, JAPAN",,,CPAS高木八尺デジタルアーカイブ,0028,,https://iiif.dl.itc.u-tokyo.ac.jp/repo/iiif/6b6a114b-8592-5ac6-8753-1f4752f49b11/manifest,,,,,129
“Turner. Stall 428 INTERVIEWS”,278,"Turner, FR. J",メモ|手書き,英語,,,,,19,0361-0375,図書,http://tify.sub.uni-goettingen.de/demo.html?manifest=https://archdataset.dl.itc.u-tokyo.ac.jp/manifest/c2d0dc91-926e-2298-4691-78b0c05512af.json,c2d0dc91-926e-2298-4691-78b0c05512af,https://iiif.dl.itc.u-tokyo.ac.jp/repo/s/cpas-takagi/,https://iiif.dl.itc.u-tokyo.ac.jp/repo/s/cpas-takagi/document/c2d0dc91-926e-2298-4691-78b0c05512af,http://www.cpas.c.u-tokyo.ac.jp/lib/archive_riyo2.html,https://iiif.dl.itc.u-tokyo.ac.jp/repo/files/medium/38ff00c47a36f1681932e3238c6dab1f73aa50f1.jpg,https://iiif.dl.itc.u-tokyo.ac.jp/repo/api/items/710829,"東京大学大学院総合文化研究科グローバル地域研究機構アメリカ太平洋地域研究センター Center for Pacific and American Studies, The University of Tokyo, JAPAN",,,CPAS高木八尺デジタルアーカイブ,0029,,https://iiif.dl.itc.u-tokyo.ac.jp/repo/iiif/c2d0dc91-926e-2298-4691-78b0c05512af/manifest,,,,,15
“Prof. Van Tyne”,280,Van Tyne C.H Method of Hist. Research,ノート|手書き,英語,,,,[1922],19,0426-0436,図書,http://tify.sub.uni-goettingen.de/demo.html?manifest=https://archdataset.dl.itc.u-tokyo.ac.jp/manifest/31464d33-9c09-a3ec-4a8a-e94f8bf571ac.json,31464d33-9c09-a3ec-4a8a-e94f8bf571ac,https://iiif.dl.itc.u-tokyo.ac.jp/repo/s/cpas-takagi/,https://iiif.dl.itc.u-tokyo.ac.jp/repo/s/cpas-takagi/document/31464d33-9c09-a3ec-4a8a-e94f8bf571ac,http://www.cpas.c.u-tokyo.ac.jp/lib/archive_riyo2.html,https://iiif.dl.itc.u-tokyo.ac.jp/repo/files/medium/2b6b848256c9a68c47da14d78296ca2cffb19a4e.jpg,https://iiif.dl.itc.u-tokyo.ac.jp/repo/api/items/710828,"東京大学大学院総合文化研究科グローバル地域研究機構アメリカ太平洋地域研究センター Center for Pacific and American Studies, The University of Tokyo, JAPAN",,,CPAS高木八尺デジタルアーカイブ,0030,,https://iiif.dl.itc.u-tokyo.ac.jp/repo/iiif/31464d33-9c09-a3ec-4a8a-e94f8bf571ac/manifest,,,,,11
"“CAUSES of WAR of INDEPENDENCE, Summer 1922, Readg Notes of VAN TYNE’s MSS & Lecture Notes”",281,Van Tyne Constitutional Hist.,ノート|手書き,英語,,,,[1922],19,0438-0548,図書,http://tify.sub.uni-goettingen.de/demo.html?manifest=https://archdataset.dl.itc.u-tokyo.ac.jp/manifest/97192f36-02c7-58ae-46d0-09c291635568.json,97192f36-02c7-58ae-46d0-09c291635568,https://iiif.dl.itc.u-tokyo.ac.jp/repo/s/cpas-takagi/,https://iiif.dl.itc.u-tokyo.ac.jp/repo/s/cpas-takagi/document/97192f36-02c7-58ae-46d0-09c291635568,http://www.cpas.c.u-tokyo.ac.jp/lib/archive_riyo2.html,https://iiif.dl.itc.u-tokyo.ac.jp/repo/files/medium/a790686e20483b15a3e1e7d6d30dc1bafbe911e2.jpg,https://iiif.dl.itc.u-tokyo.ac.jp/repo/api/items/710827,"東京大学大学院総合文化研究科グローバル地域研究機構アメリカ太平洋地域研究センター Center for Pacific and American Studies, The University of Tokyo, JAPAN",,,CPAS高木八尺デジタルアーカイブ,0031,,https://iiif.dl.itc.u-tokyo.ac.jp/repo/iiif/97192f36-02c7-58ae-46d0-09c291635568/manifest,,,,,112
"“GILBERT, Sir Humphrey ”",287,"McLaughlin, Reading Notes CONST. H. I.",ノート|手書き,英語,,日本語メモ、Reading report card含む,,,20,0176-0316,図書,http://tify.sub.uni-goettingen.de/demo.html?manifest=https://archdataset.dl.itc.u-tokyo.ac.jp/manifest/5b0a3457-51b1-23f6-714e-ca69c6327f4c.json,5b0a3457-51b1-23f6-714e-ca69c6327f4c,https://iiif.dl.itc.u-tokyo.ac.jp/repo/s/cpas-takagi/,https://iiif.dl.itc.u-tokyo.ac.jp/repo/s/cpas-takagi/document/5b0a3457-51b1-23f6-714e-ca69c6327f4c,http://www.cpas.c.u-tokyo.ac.jp/lib/archive_riyo2.html,https://iiif.dl.itc.u-tokyo.ac.jp/repo/files/medium/223b3cbb4800130ba0164091fe1a561b883e917a.jpg,https://iiif.dl.itc.u-tokyo.ac.jp/repo/api/items/710826,"東京大学大学院総合文化研究科グローバル地域研究機構アメリカ太平洋地域研究センター Center for Pacific and American Studies, The University of Tokyo, JAPAN",,,CPAS高木八尺デジタルアーカイブ,0032,,https://iiif.dl.itc.u-tokyo.ac.jp/repo/iiif/5b0a3457-51b1-23f6-714e-ca69c6327f4c/manifest,,,,,141
“Reading Report”,289,Reading Notes,ノート|手書き,英語,,,,,20,0320-0396,図書,http://tify.sub.uni-goettingen.de/demo.html?manifest=https://archdataset.dl.itc.u-tokyo.ac.jp/manifest/598e07b1-1d34-7013-44f3-03c3f0ee4a08.json,598e07b1-1d34-7013-44f3-03c3f0ee4a08,https://iiif.dl.itc.u-tokyo.ac.jp/repo/s/cpas-takagi/,https://iiif.dl.itc.u-tokyo.ac.jp/repo/s/cpas-takagi/document/598e07b1-1d34-7013-44f3-03c3f0ee4a08,http://www.cpas.c.u-tokyo.ac.jp/lib/archive_riyo2.html,https://iiif.dl.itc.u-tokyo.ac.jp/repo/files/medium/debc105baff7774962a0a829f9d6ac4c4e7d2172.jpg,https://iiif.dl.itc.u-tokyo.ac.jp/repo/api/items/710825,"東京大学大学院総合文化研究科グローバル地域研究機構アメリカ太平洋地域研究センター Center for Pacific and American Studies, The University of Tokyo, JAPAN",,,CPAS高木八尺デジタルアーカイブ,0033,,https://iiif.dl.itc.u-tokyo.ac.jp/repo/iiif/598e07b1-1d34-7013-44f3-03c3f0ee4a08/manifest,,,,,77
"“The Relations of the U.S. in the Pacific + Far East, Fall, 1922, Rept. to Prof. Mach.”",293,Pacific,草稿|手書き,英語,,,,1922,21,0004-0114,図書,http://tify.sub.uni-goettingen.de/demo.html?manifest=https://archdataset.dl.itc.u-tokyo.ac.jp/manifest/c8c2eb37-9574-8a73-4f1a-5ca37c937087.json,c8c2eb37-9574-8a73-4f1a-5ca37c937087,https://iiif.dl.itc.u-tokyo.ac.jp/repo/s/cpas-takagi/,https://iiif.dl.itc.u-tokyo.ac.jp/repo/s/cpas-takagi/document/c8c2eb37-9574-8a73-4f1a-5ca37c937087,http://www.cpas.c.u-tokyo.ac.jp/lib/archive_riyo2.html,https://iiif.dl.itc.u-tokyo.ac.jp/repo/files/medium/3c2ff082a53450240e8eb26161a6e2230ff71d6a.jpg,https://iiif.dl.itc.u-tokyo.ac.jp/repo/api/items/710824,"東京大学大学院総合文化研究科グローバル地域研究機構アメリカ太平洋地域研究センター Center for Pacific and American Studies, The University of Tokyo, JAPAN",,,CPAS高木八尺デジタルアーカイブ,0034,,https://iiif.dl.itc.u-tokyo.ac.jp/repo/iiif/c8c2eb37-9574-8a73-4f1a-5ca37c937087/manifest,,,,,113
「代表的米国人リンコーン」,304,Lincoln,草稿|手書き,日本語,,,,,21,0426-0444,図書,http://tify.sub.uni-goettingen.de/demo.html?manifest=https://archdataset.dl.itc.u-tokyo.ac.jp/manifest/feafea30-1ce6-86d2-a7a6-3b587c224bec.json,feafea30-1ce6-86d2-a7a6-3b587c224bec,https://iiif.dl.itc.u-tokyo.ac.jp/repo/s/cpas-takagi/,https://iiif.dl.itc.u-tokyo.ac.jp/repo/s/cpas-takagi/document/feafea30-1ce6-86d2-a7a6-3b587c224bec,http://www.cpas.c.u-tokyo.ac.jp/lib/archive_riyo2.html,https://iiif.dl.itc.u-tokyo.ac.jp/repo/files/medium/60bd50bb16c483fe435b8a078f81b8cf0b691555.jpg,https://iiif.dl.itc.u-tokyo.ac.jp/repo/api/items/710823,"東京大学大学院総合文化研究科グローバル地域研究機構アメリカ太平洋地域研究センター Center for Pacific and American Studies, The University of Tokyo, JAPAN",http://iiif.io/api/presentation/2#rightToLeftDirection,,CPAS高木八尺デジタルアーカイブ,0035,,https://iiif.dl.itc.u-tokyo.ac.jp/repo/iiif/feafea30-1ce6-86d2-a7a6-3b587c224bec/manifest,,,,,19
"“Pol. Sc. 11. Am. Const. Law,”",368,Const.’l law,ノート|手書き,英語,,,,[1921?],25,0004-0169,図書,http://tify.sub.uni-goettingen.de/demo.html?manifest=https://archdataset.dl.itc.u-tokyo.ac.jp/manifest/e6d0658a-6aed-3c45-3c3b-3ffc437687b5.json,e6d0658a-6aed-3c45-3c3b-3ffc437687b5,https://iiif.dl.itc.u-tokyo.ac.jp/repo/s/cpas-takagi/,https://iiif.dl.itc.u-tokyo.ac.jp/repo/s/cpas-takagi/document/e6d0658a-6aed-3c45-3c3b-3ffc437687b5,http://www.cpas.c.u-tokyo.ac.jp/lib/archive_riyo2.html,https://iiif.dl.itc.u-tokyo.ac.jp/repo/files/medium/6da81e6b584910a75fb8af915f18afb186817d9d.jpg,https://iiif.dl.itc.u-tokyo.ac.jp/repo/api/items/710822,"東京大学大学院総合文化研究科グローバル地域研究機構アメリカ太平洋地域研究センター Center for Pacific and American Studies, The University of Tokyo, JAPAN",,,CPAS高木八尺デジタルアーカイブ,0036,,https://iiif.dl.itc.u-tokyo.ac.jp/repo/iiif/e6d0658a-6aed-3c45-3c3b-3ffc437687b5/manifest,,,,,144
"“How to manipulate Gov. Publications ...,”",371-[1],"Brown bibliography, Journal Club, U of M, 1921-22",メモ|手書き,英語,,,,1921.10,25,0211-0226,図書,http://tify.sub.uni-goettingen.de/demo.html?manifest=https://archdataset.dl.itc.u-tokyo.ac.jp/manifest/0132c781-4bca-a4e1-67d3-62e1d5f88d8a.json,0132c781-4bca-a4e1-67d3-62e1d5f88d8a,https://iiif.dl.itc.u-tokyo.ac.jp/repo/s/cpas-takagi/,https://iiif.dl.itc.u-tokyo.ac.jp/repo/s/cpas-takagi/document/0132c781-4bca-a4e1-67d3-62e1d5f88d8a,http://www.cpas.c.u-tokyo.ac.jp/lib/archive_riyo2.html,https://iiif.dl.itc.u-tokyo.ac.jp/repo/files/medium/45a3995fd90d83e55819e1c877b9bd77e2ede4a2.jpg,https://iiif.dl.itc.u-tokyo.ac.jp/repo/api/items/710821,"東京大学大学院総合文化研究科グローバル地域研究機構アメリカ太平洋地域研究センター Center for Pacific and American Studies, The University of Tokyo, JAPAN",,,CPAS高木八尺デジタルアーカイブ,0037,,https://iiif.dl.itc.u-tokyo.ac.jp/repo/iiif/0132c781-4bca-a4e1-67d3-62e1d5f88d8a/manifest,,,,,14
"“The object of this survey is to prepare a bibliography on American history, constitution and diplomacy, ...”",371-[2],"Brown bibliography, Journal Club, U of M, 1921-22",ノート|手書き,英語,,,,,25,0227-0239,図書,http://tify.sub.uni-goettingen.de/demo.html?manifest=https://archdataset.dl.itc.u-tokyo.ac.jp/manifest/fa73fb60-4b23-1fa6-a68a-e6c59c5b5a75.json,fa73fb60-4b23-1fa6-a68a-e6c59c5b5a75,https://iiif.dl.itc.u-tokyo.ac.jp/repo/s/cpas-takagi/,https://iiif.dl.itc.u-tokyo.ac.jp/repo/s/cpas-takagi/document/fa73fb60-4b23-1fa6-a68a-e6c59c5b5a75,http://www.cpas.c.u-tokyo.ac.jp/lib/archive_riyo2.html,https://iiif.dl.itc.u-tokyo.ac.jp/repo/files/medium/60991c73c8a37637d9e7c50ca2724e79ff674046.jpg,https://iiif.dl.itc.u-tokyo.ac.jp/repo/api/items/710820,"東京大学大学院総合文化研究科グローバル地域研究機構アメリカ太平洋地域研究センター Center for Pacific and American Studies, The University of Tokyo, JAPAN",,,CPAS高木八尺デジタルアーカイブ,0038,,https://iiif.dl.itc.u-tokyo.ac.jp/repo/iiif/fa73fb60-4b23-1fa6-a68a-e6c59c5b5a75/manifest,,,,,13
“Colonial History”,371-[3],"Brown bibliography, Journal Club, U of M, 1921-22",ノート|手書き,英語,"""Colonial H. of the U. S. (40 lectures) Dr. Brown at Stanford 1921""",,,[1921],25,0240-0247,図書,http://tify.sub.uni-goettingen.de/demo.html?manifest=https://archdataset.dl.itc.u-tokyo.ac.jp/manifest/44e19c7f-8f6b-791c-61d8-dd102b80a54b.json,44e19c7f-8f6b-791c-61d8-dd102b80a54b,https://iiif.dl.itc.u-tokyo.ac.jp/repo/s/cpas-takagi/,https://iiif.dl.itc.u-tokyo.ac.jp/repo/s/cpas-takagi/document/44e19c7f-8f6b-791c-61d8-dd102b80a54b,http://www.cpas.c.u-tokyo.ac.jp/lib/archive_riyo2.html,https://iiif.dl.itc.u-tokyo.ac.jp/repo/files/medium/6b64f64ac36e22e5f5917e172658f99e86f15f79.jpg,https://iiif.dl.itc.u-tokyo.ac.jp/repo/api/items/710819,"東京大学大学院総合文化研究科グローバル地域研究機構アメリカ太平洋地域研究センター Center for Pacific and American Studies, The University of Tokyo, JAPAN",,,CPAS高木八尺デジタルアーカイブ,0039,,https://iiif.dl.itc.u-tokyo.ac.jp/repo/iiif/44e19c7f-8f6b-791c-61d8-dd102b80a54b/manifest,,,,,8
[Bibliography on League of Nations],372,Bibliography on League of Nations,メモ|手書き,英語,"“Davis Will. Stearns, The Roots of the War”",,,,25,0249-0259,図書,http://tify.sub.uni-goettingen.de/demo.html?manifest=https://archdataset.dl.itc.u-tokyo.ac.jp/manifest/c7b9123b-5ed5-13c5-9cc6-a49f54d572a2.json,c7b9123b-5ed5-13c5-9cc6-a49f54d572a2,https://iiif.dl.itc.u-tokyo.ac.jp/repo/s/cpas-takagi/,https://iiif.dl.itc.u-tokyo.ac.jp/repo/s/cpas-takagi/document/c7b9123b-5ed5-13c5-9cc6-a49f54d572a2,http://www.cpas.c.u-tokyo.ac.jp/lib/archive_riyo2.html,https://iiif.dl.itc.u-tokyo.ac.jp/repo/files/medium/b4cfde6e4ef6e26694a6a10888fc463b5a57683f.jpg,https://iiif.dl.itc.u-tokyo.ac.jp/repo/api/items/710818,"東京大学大学院総合文化研究科グローバル地域研究機構アメリカ太平洋地域研究センター Center for Pacific and American Studies, The University of Tokyo, JAPAN",,,CPAS高木八尺デジタルアーカイブ,0040,,https://iiif.dl.itc.u-tokyo.ac.jp/repo/iiif/c7b9123b-5ed5-13c5-9cc6-a49f54d572a2/manifest,,,,,15
"Collection of Books on American History and Institutions presented by the Carnegie Endowment for International Peace to the Hibiya Library, Tokio, Japan",373-[1],"Bibliography, Hibiya Lib’y, Carnegie Endowment Donation",メモ|手書き,英語,"""Copied from the original list sent by Dr. Jameson, Sept. 8, 1920""",,,[1920],25,0323-0339,図書,http://tify.sub.uni-goettingen.de/demo.html?manifest=https://archdataset.dl.itc.u-tokyo.ac.jp/manifest/3785333a-1773-7369-515b-40702ee38cb0.json,3785333a-1773-7369-515b-40702ee38cb0,https://iiif.dl.itc.u-tokyo.ac.jp/repo/s/cpas-takagi/,https://iiif.dl.itc.u-tokyo.ac.jp/repo/s/cpas-takagi/document/3785333a-1773-7369-515b-40702ee38cb0,http://www.cpas.c.u-tokyo.ac.jp/lib/archive_riyo2.html,https://iiif.dl.itc.u-tokyo.ac.jp/repo/files/medium/f2855f6cd9cedc5dfc271bb4101c3937e8e349ae.jpg,https://iiif.dl.itc.u-tokyo.ac.jp/repo/api/items/710817,"東京大学大学院総合文化研究科グローバル地域研究機構アメリカ太平洋地域研究センター Center for Pacific and American Studies, The University of Tokyo, JAPAN",,,CPAS高木八尺デジタルアーカイブ,0041,,https://iiif.dl.itc.u-tokyo.ac.jp/repo/iiif/3785333a-1773-7369-515b-40702ee38cb0/manifest,,,,,17
“List of the Books on Am. Hist.+ Institutions presented by the Carn. Endow't for Int. Peace to Hibiya Library Tokio (Continued)”,373-[2],"Bibliography, Hibiya Lib’y, Carnegie Endowment Donation",メモ|手書き,英語,,,,,25,0340-0402,図書,http://tify.sub.uni-goettingen.de/demo.html?manifest=https://archdataset.dl.itc.u-tokyo.ac.jp/manifest/f325136e-40cb-32c9-60a9-d864dc63508b.json,f325136e-40cb-32c9-60a9-d864dc63508b,https://iiif.dl.itc.u-tokyo.ac.jp/repo/s/cpas-takagi/,https://iiif.dl.itc.u-tokyo.ac.jp/repo/s/cpas-takagi/document/f325136e-40cb-32c9-60a9-d864dc63508b,http://www.cpas.c.u-tokyo.ac.jp/lib/archive_riyo2.html,https://iiif.dl.itc.u-tokyo.ac.jp/repo/files/medium/b845c398100d1ce31be3074c7307d469da234a17.jpg,https://iiif.dl.itc.u-tokyo.ac.jp/repo/api/items/710816,"東京大学大学院総合文化研究科グローバル地域研究機構アメリカ太平洋地域研究センター Center for Pacific and American Studies, The University of Tokyo, JAPAN",,,CPAS高木八尺デジタルアーカイブ,0042,,https://iiif.dl.itc.u-tokyo.ac.jp/repo/iiif/f325136e-40cb-32c9-60a9-d864dc63508b/manifest,,,,,62
“The Bibliographical Tools in the Preparation of a Bibliography of The Relation between the United States and the Far East. Y. Takagi”,375,"Bibliographical Tools, Bibliography on the Relations bet. US + Far East",ノート|手書き,英語,,,,,25,0431-0450,図書,http://tify.sub.uni-goettingen.de/demo.html?manifest=https://archdataset.dl.itc.u-tokyo.ac.jp/manifest/c3ead51c-0ae1-482d-3d4c-09b12b1e9a15.json,c3ead51c-0ae1-482d-3d4c-09b12b1e9a15,https://iiif.dl.itc.u-tokyo.ac.jp/repo/s/cpas-takagi/,https://iiif.dl.itc.u-tokyo.ac.jp/repo/s/cpas-takagi/document/c3ead51c-0ae1-482d-3d4c-09b12b1e9a15,http://www.cpas.c.u-tokyo.ac.jp/lib/archive_riyo2.html,https://iiif.dl.itc.u-tokyo.ac.jp/repo/files/medium/cb5e92acc1f28bbde9c3f3950ce090081b2c9a73.jpg,https://iiif.dl.itc.u-tokyo.ac.jp/repo/api/items/710815,"東京大学大学院総合文化研究科グローバル地域研究機構アメリカ太平洋地域研究センター Center for Pacific and American Studies, The University of Tokyo, JAPAN",,,CPAS高木八尺デジタルアーカイブ,0043,,https://iiif.dl.itc.u-tokyo.ac.jp/repo/iiif/c3ead51c-0ae1-482d-3d4c-09b12b1e9a15/manifest,,,,,19
“Langlois Ch. Victor + Ch. Seignobos”,380,"DOW, EARLE W. (UM) Note Taking",ノート|手書き,英語,,ミシガン大学留学中のノート?,,,26,0036-0051,図書,http://tify.sub.uni-goettingen.de/demo.html?manifest=https://archdataset.dl.itc.u-tokyo.ac.jp/manifest/acba70d6-9a53-9505-0189-8faba7266c82.json,acba70d6-9a53-9505-0189-8faba7266c82,https://iiif.dl.itc.u-tokyo.ac.jp/repo/s/cpas-takagi/,https://iiif.dl.itc.u-tokyo.ac.jp/repo/s/cpas-takagi/document/acba70d6-9a53-9505-0189-8faba7266c82,http://www.cpas.c.u-tokyo.ac.jp/lib/archive_riyo2.html,https://iiif.dl.itc.u-tokyo.ac.jp/repo/files/medium/abddc58f5e20784ecce541f9b2794fa609e12275.jpg,https://iiif.dl.itc.u-tokyo.ac.jp/repo/api/items/710814,"東京大学大学院総合文化研究科グローバル地域研究機構アメリカ太平洋地域研究センター Center for Pacific and American Studies, The University of Tokyo, JAPAN",,,CPAS高木八尺デジタルアーカイブ,0044,,https://iiif.dl.itc.u-tokyo.ac.jp/repo/iiif/acba70d6-9a53-9505-0189-8faba7266c82/manifest,,,,,15
"""Albion - 5 councilmen[?]""",382,Pacific [ ] officer,メモ|手書き,英語,,,,,26,0084-0126,図書,http://tify.sub.uni-goettingen.de/demo.html?manifest=https://archdataset.dl.itc.u-tokyo.ac.jp/manifest/d7f9cee0-3d71-6f84-7d64-7c97d5f04995.json,d7f9cee0-3d71-6f84-7d64-7c97d5f04995,https://iiif.dl.itc.u-tokyo.ac.jp/repo/s/cpas-takagi/,https://iiif.dl.itc.u-tokyo.ac.jp/repo/s/cpas-takagi/document/d7f9cee0-3d71-6f84-7d64-7c97d5f04995,http://www.cpas.c.u-tokyo.ac.jp/lib/archive_riyo2.html,https://iiif.dl.itc.u-tokyo.ac.jp/repo/files/medium/91026e79c95dd7ba6d350c7b0c850213d9f93456.jpg,https://iiif.dl.itc.u-tokyo.ac.jp/repo/api/items/710813,"東京大学大学院総合文化研究科グローバル地域研究機構アメリカ太平洋地域研究センター Center for Pacific and American Studies, The University of Tokyo, JAPAN",,,CPAS高木八尺デジタルアーカイブ,0045,,https://iiif.dl.itc.u-tokyo.ac.jp/repo/iiif/d7f9cee0-3d71-6f84-7d64-7c97d5f04995/manifest,,,,,36
「米国中間選挙の含意 民主党の優勝と革新党の再興」 『帝国大学新聞』 昭9.11.19,388-[1],"Elections, 1934-1936",新聞記事|印刷,日本語,,,昭和9年11月19日,1934.11.19,26,0303,図書,http://tify.sub.uni-goettingen.de/demo.html?manifest=https://archdataset.dl.itc.u-tokyo.ac.jp/manifest/9e14e54e-386b-3cf3-17f5-09acc78a47bf.json,9e14e54e-386b-3cf3-17f5-09acc78a47bf,https://iiif.dl.itc.u-tokyo.ac.jp/repo/s/cpas-takagi/,https://iiif.dl.itc.u-tokyo.ac.jp/repo/s/cpas-takagi/document/9e14e54e-386b-3cf3-17f5-09acc78a47bf,http://www.cpas.c.u-tokyo.ac.jp/lib/archive_riyo2.html,https://iiif.dl.itc.u-tokyo.ac.jp/repo/files/medium/65be0aee3680bf5aa96879c404a8935d9d350300.jpg,https://iiif.dl.itc.u-tokyo.ac.jp/repo/api/items/710812,"東京大学大学院総合文化研究科グローバル地域研究機構アメリカ太平洋地域研究センター Center for Pacific and American Studies, The University of Tokyo, JAPAN",http://iiif.io/api/presentation/2#rightToLeftDirection,,CPAS高木八尺デジタルアーカイブ,0046,,https://iiif.dl.itc.u-tokyo.ac.jp/repo/iiif/9e14e54e-386b-3cf3-17f5-09acc78a47bf/manifest,,,,,1
「大学新聞 米国の中間選挙の含意」,388-[2],"Elections, 1934-1936",草稿|手書き,日本語,,,,[1934],26,0304-0315,図書,http://tify.sub.uni-goettingen.de/demo.html?manifest=https://archdataset.dl.itc.u-tokyo.ac.jp/manifest/63a18a09-8854-600d-61ea-3665bb7f7694.json,63a18a09-8854-600d-61ea-3665bb7f7694,https://iiif.dl.itc.u-tokyo.ac.jp/repo/s/cpas-takagi/,https://iiif.dl.itc.u-tokyo.ac.jp/repo/s/cpas-takagi/document/63a18a09-8854-600d-61ea-3665bb7f7694,http://www.cpas.c.u-tokyo.ac.jp/lib/archive_riyo2.html,https://iiif.dl.itc.u-tokyo.ac.jp/repo/files/medium/94f636b3849cb132fe1d8570c5a18a879d76b55b.jpg,https://iiif.dl.itc.u-tokyo.ac.jp/repo/api/items/710811,"東京大学大学院総合文化研究科グローバル地域研究機構アメリカ太平洋地域研究センター Center for Pacific and American Studies, The University of Tokyo, JAPAN",http://iiif.io/api/presentation/2#rightToLeftDirection,,CPAS高木八尺デジタルアーカイブ,0047,,https://iiif.dl.itc.u-tokyo.ac.jp/repo/iiif/63a18a09-8854-600d-61ea-3665bb7f7694/manifest,,,,,10
「ローズヴェルトの再選を聞きて」,389,Election of 1936,原稿|手書き,日本語,,,,1936.11.7,26,0335-0350,図書,http://tify.sub.uni-goettingen.de/demo.html?manifest=https://archdataset.dl.itc.u-tokyo.ac.jp/manifest/cbd013ec-1b39-52ee-9229-f0040d81a5d2.json,cbd013ec-1b39-52ee-9229-f0040d81a5d2,https://iiif.dl.itc.u-tokyo.ac.jp/repo/s/cpas-takagi/,https://iiif.dl.itc.u-tokyo.ac.jp/repo/s/cpas-takagi/document/cbd013ec-1b39-52ee-9229-f0040d81a5d2,http://www.cpas.c.u-tokyo.ac.jp/lib/archive_riyo2.html,https://iiif.dl.itc.u-tokyo.ac.jp/repo/files/medium/00074cf2f9841e73772c9f0e8f3bfb2992063229.jpg,https://iiif.dl.itc.u-tokyo.ac.jp/repo/api/items/710810,"東京大学大学院総合文化研究科グローバル地域研究機構アメリカ太平洋地域研究センター Center for Pacific and American Studies, The University of Tokyo, JAPAN",http://iiif.io/api/presentation/2#rightToLeftDirection,,CPAS高木八尺デジタルアーカイブ,0048,,https://iiif.dl.itc.u-tokyo.ac.jp/repo/iiif/cbd013ec-1b39-52ee-9229-f0040d81a5d2/manifest,,,,,16
“History 32a 1915-16”,391-[1],Examination,メモ|手書き,英語,"“Compare the work of two explores by...,”",,,,26,0426-0431,図書,http://tify.sub.uni-goettingen.de/demo.html?manifest=https://archdataset.dl.itc.u-tokyo.ac.jp/manifest/ebb15c30-9402-86d5-4ef2-572595447354.json,ebb15c30-9402-86d5-4ef2-572595447354,https://iiif.dl.itc.u-tokyo.ac.jp/repo/s/cpas-takagi/,https://iiif.dl.itc.u-tokyo.ac.jp/repo/s/cpas-takagi/document/ebb15c30-9402-86d5-4ef2-572595447354,http://www.cpas.c.u-tokyo.ac.jp/lib/archive_riyo2.html,https://iiif.dl.itc.u-tokyo.ac.jp/repo/files/medium/16f5c9f1c78e8afadb0e338385be21af382cb466.jpg,https://iiif.dl.itc.u-tokyo.ac.jp/repo/api/items/710809,"東京大学大学院総合文化研究科グローバル地域研究機構アメリカ太平洋地域研究センター Center for Pacific and American Studies, The University of Tokyo, JAPAN",,,CPAS高木八尺デジタルアーカイブ,0049,,https://iiif.dl.itc.u-tokyo.ac.jp/repo/iiif/ebb15c30-9402-86d5-4ef2-572595447354/manifest,,,,,5
"“1. Compare the work of two explorers by the ...,”",391-[2],Examination,メモ|手書き,英語,"""Hist. 17""",,,,26,0434-0445,図書,http://tify.sub.uni-goettingen.de/demo.html?manifest=https://archdataset.dl.itc.u-tokyo.ac.jp/manifest/977d6b44-888f-7d7d-a697-36481ae1323d.json,977d6b44-888f-7d7d-a697-36481ae1323d,https://iiif.dl.itc.u-tokyo.ac.jp/repo/s/cpas-takagi/,https://iiif.dl.itc.u-tokyo.ac.jp/repo/s/cpas-takagi/document/977d6b44-888f-7d7d-a697-36481ae1323d,http://www.cpas.c.u-tokyo.ac.jp/lib/archive_riyo2.html,https://iiif.dl.itc.u-tokyo.ac.jp/repo/files/medium/9bcb6794128d0734863c70b1e8f3d039c4384aec.jpg,https://iiif.dl.itc.u-tokyo.ac.jp/repo/api/items/710808,"東京大学大学院総合文化研究科グローバル地域研究機構アメリカ太平洋地域研究センター Center for Pacific and American Studies, The University of Tokyo, JAPAN",,,CPAS高木八尺デジタルアーカイブ,0050,,https://iiif.dl.itc.u-tokyo.ac.jp/repo/iiif/977d6b44-888f-7d7d-a697-36481ae1323d/manifest,,,,,10
“Gov 23. 1915-1916 Mid year”,391-[3],Examination,メモ|手書き,英語,,,,,26,0450-0453,図書,http://tify.sub.uni-goettingen.de/demo.html?manifest=https://archdataset.dl.itc.u-tokyo.ac.jp/manifest/078cf0b3-593f-9e10-4500-389c95425f82.json,078cf0b3-593f-9e10-4500-389c95425f82,https://iiif.dl.itc.u-tokyo.ac.jp/repo/s/cpas-takagi/,https://iiif.dl.itc.u-tokyo.ac.jp/repo/s/cpas-takagi/document/078cf0b3-593f-9e10-4500-389c95425f82,http://www.cpas.c.u-tokyo.ac.jp/lib/archive_riyo2.html,https://iiif.dl.itc.u-tokyo.ac.jp/repo/files/medium/8b56bb0ec5987617cdb113fb7d8787b2ca726c6f.jpg,https://iiif.dl.itc.u-tokyo.ac.jp/repo/api/items/710807,"東京大学大学院総合文化研究科グローバル地域研究機構アメリカ太平洋地域研究センター Center for Pacific and American Studies, The University of Tokyo, JAPAN",,,CPAS高木八尺デジタルアーカイブ,0051,,https://iiif.dl.itc.u-tokyo.ac.jp/repo/iiif/078cf0b3-593f-9e10-4500-389c95425f82/manifest,,,,,4
Y. T. to Wilson,391-[4],Examination,手紙草稿|手書き,英語,,,,,26,0459,図書,http://tify.sub.uni-goettingen.de/demo.html?manifest=https://archdataset.dl.itc.u-tokyo.ac.jp/manifest/aaa5575a-0cea-a49e-7a81-9ec67ef93c46.json,aaa5575a-0cea-a49e-7a81-9ec67ef93c46,https://iiif.dl.itc.u-tokyo.ac.jp/repo/s/cpas-takagi/,https://iiif.dl.itc.u-tokyo.ac.jp/repo/s/cpas-takagi/document/aaa5575a-0cea-a49e-7a81-9ec67ef93c46,http://www.cpas.c.u-tokyo.ac.jp/lib/archive_riyo2.html,https://iiif.dl.itc.u-tokyo.ac.jp/repo/files/medium/f26c615bb0f601975b1fb11726930ee841a39804.jpg,https://iiif.dl.itc.u-tokyo.ac.jp/repo/api/items/710806,"東京大学大学院総合文化研究科グローバル地域研究機構アメリカ太平洋地域研究センター Center for Pacific and American Studies, The University of Tokyo, JAPAN",,,CPAS高木八尺デジタルアーカイブ,0052,,https://iiif.dl.itc.u-tokyo.ac.jp/repo/iiif/aaa5575a-0cea-a49e-7a81-9ec67ef93c46/manifest,,,,,1
「軍備制限 1 根本観念...」,393-[1],軍備制限,メモ|手書き,日本語,,,,,26,0544-0553,図書,http://tify.sub.uni-goettingen.de/demo.html?manifest=https://archdataset.dl.itc.u-tokyo.ac.jp/manifest/070b8470-84f3-5537-8f45-e1191f520aca.json,070b8470-84f3-5537-8f45-e1191f520aca,https://iiif.dl.itc.u-tokyo.ac.jp/repo/s/cpas-takagi/,https://iiif.dl.itc.u-tokyo.ac.jp/repo/s/cpas-takagi/document/070b8470-84f3-5537-8f45-e1191f520aca,http://www.cpas.c.u-tokyo.ac.jp/lib/archive_riyo2.html,https://iiif.dl.itc.u-tokyo.ac.jp/repo/files/medium/6ab175f521967cc00cf09de7d9c4a1b902563167.jpg,https://iiif.dl.itc.u-tokyo.ac.jp/repo/api/items/710805,"東京大学大学院総合文化研究科グローバル地域研究機構アメリカ太平洋地域研究センター Center for Pacific and American Studies, The University of Tokyo, JAPAN",http://iiif.io/api/presentation/2#leftToRightDirection,,CPAS高木八尺デジタルアーカイブ,0053,,https://iiif.dl.itc.u-tokyo.ac.jp/repo/iiif/070b8470-84f3-5537-8f45-e1191f520aca/manifest,,,,,8
「雑誌に現はれた三国会議の論調 外交時報、国際知識、日本及日本人、改造、国本」,393-[2],軍備制限,メモ|手書き,日本語,,,,,26,0554-0569,図書,http://tify.sub.uni-goettingen.de/demo.html?manifest=https://archdataset.dl.itc.u-tokyo.ac.jp/manifest/197a0311-4d75-643c-3bfb-9e8f71d63a81.json,197a0311-4d75-643c-3bfb-9e8f71d63a81,https://iiif.dl.itc.u-tokyo.ac.jp/repo/s/cpas-takagi/,https://iiif.dl.itc.u-tokyo.ac.jp/repo/s/cpas-takagi/document/197a0311-4d75-643c-3bfb-9e8f71d63a81,http://www.cpas.c.u-tokyo.ac.jp/lib/archive_riyo2.html,https://iiif.dl.itc.u-tokyo.ac.jp/repo/files/medium/e1f0ccc5e03109b13981154ed01f5bc4baada159.jpg,https://iiif.dl.itc.u-tokyo.ac.jp/repo/api/items/710804,"東京大学大学院総合文化研究科グローバル地域研究機構アメリカ太平洋地域研究センター Center for Pacific and American Studies, The University of Tokyo, JAPAN",http://iiif.io/api/presentation/2#rightToLeftDirection,,CPAS高木八尺デジタルアーカイブ,0054,,https://iiif.dl.itc.u-tokyo.ac.jp/repo/iiif/197a0311-4d75-643c-3bfb-9e8f71d63a81/manifest,,,,,16
「日本の新聞の論調」,393-[3],軍備制限,メモ|手書き,日本語,,,,,26,0570-0581,図書,http://tify.sub.uni-goettingen.de/demo.html?manifest=https://archdataset.dl.itc.u-tokyo.ac.jp/manifest/9c95e30f-2e73-8481-3464-17eb22e88f4b.json,9c95e30f-2e73-8481-3464-17eb22e88f4b,https://iiif.dl.itc.u-tokyo.ac.jp/repo/s/cpas-takagi/,https://iiif.dl.itc.u-tokyo.ac.jp/repo/s/cpas-takagi/document/9c95e30f-2e73-8481-3464-17eb22e88f4b,http://www.cpas.c.u-tokyo.ac.jp/lib/archive_riyo2.html,https://iiif.dl.itc.u-tokyo.ac.jp/repo/files/medium/6b2cf8db6e3d7bc5d17753f42559a7ea714ae31b.jpg,https://iiif.dl.itc.u-tokyo.ac.jp/repo/api/items/710803,"東京大学大学院総合文化研究科グローバル地域研究機構アメリカ太平洋地域研究センター Center for Pacific and American Studies, The University of Tokyo, JAPAN",http://iiif.io/api/presentation/2#rightToLeftDirection,,CPAS高木八尺デジタルアーカイブ,0055,,https://iiif.dl.itc.u-tokyo.ac.jp/repo/iiif/9c95e30f-2e73-8481-3464-17eb22e88f4b/manifest,,,,,12
"“Pol. Sci. 10, Relations between the U.S. and the Hawaiian Islands""",397,Hawai Jap Popula,ノート|手書き,英語,,,,,27,0277-0288,図書,http://tify.sub.uni-goettingen.de/demo.html?manifest=https://archdataset.dl.itc.u-tokyo.ac.jp/manifest/fcaa476c-23f4-74fe-3dbb-e47adebc85a9.json,fcaa476c-23f4-74fe-3dbb-e47adebc85a9,https://iiif.dl.itc.u-tokyo.ac.jp/repo/s/cpas-takagi/,https://iiif.dl.itc.u-tokyo.ac.jp/repo/s/cpas-takagi/document/fcaa476c-23f4-74fe-3dbb-e47adebc85a9,http://www.cpas.c.u-tokyo.ac.jp/lib/archive_riyo2.html,https://iiif.dl.itc.u-tokyo.ac.jp/repo/files/medium/dd278bb3009a070e7b76a312cb0ce57a622ace4b.jpg,https://iiif.dl.itc.u-tokyo.ac.jp/repo/api/items/710802,"東京大学大学院総合文化研究科グローバル地域研究機構アメリカ太平洋地域研究センター Center for Pacific and American Studies, The University of Tokyo, JAPAN",,,CPAS高木八尺デジタルアーカイブ,0056,,https://iiif.dl.itc.u-tokyo.ac.jp/repo/iiif/fcaa476c-23f4-74fe-3dbb-e47adebc85a9/manifest,,,,,12
「総人口ト耕地面積(大正11年)」,405-[1],"Arable Land, Farms",メモ|手書き,日本語,,,,,27,0460-0464,図書,http://tify.sub.uni-goettingen.de/demo.html?manifest=https://archdataset.dl.itc.u-tokyo.ac.jp/manifest/c65d8be4-a61c-6bf8-45f2-639005f885ed.json,c65d8be4-a61c-6bf8-45f2-639005f885ed,https://iiif.dl.itc.u-tokyo.ac.jp/repo/s/cpas-takagi/,https://iiif.dl.itc.u-tokyo.ac.jp/repo/s/cpas-takagi/document/c65d8be4-a61c-6bf8-45f2-639005f885ed,http://www.cpas.c.u-tokyo.ac.jp/lib/archive_riyo2.html,https://iiif.dl.itc.u-tokyo.ac.jp/repo/files/medium/e21abf610ca7491bc4304c0d38ab87c748882ab5.jpg,https://iiif.dl.itc.u-tokyo.ac.jp/repo/api/items/710801,"東京大学大学院総合文化研究科グローバル地域研究機構アメリカ太平洋地域研究センター Center for Pacific and American Studies, The University of Tokyo, JAPAN",http://iiif.io/api/presentation/2#leftToRightDirection,,CPAS高木八尺デジタルアーカイブ,0057,,https://iiif.dl.itc.u-tokyo.ac.jp/repo/iiif/c65d8be4-a61c-6bf8-45f2-639005f885ed/manifest,,,,,4
“Question 7”,405-[2],"Arable Land, Farms",メモ|手書き,英語,,,,,27,0471,図書,http://tify.sub.uni-goettingen.de/demo.html?manifest=https://archdataset.dl.itc.u-tokyo.ac.jp/manifest/8c8f526c-8643-7b9c-6c52-dc115eb51256.json,8c8f526c-8643-7b9c-6c52-dc115eb51256,https://iiif.dl.itc.u-tokyo.ac.jp/repo/s/cpas-takagi/,https://iiif.dl.itc.u-tokyo.ac.jp/repo/s/cpas-takagi/document/8c8f526c-8643-7b9c-6c52-dc115eb51256,http://www.cpas.c.u-tokyo.ac.jp/lib/archive_riyo2.html,https://iiif.dl.itc.u-tokyo.ac.jp/repo/files/medium/b7b3a02a895f8c9f552496a73f635ecf79a78984.jpg,https://iiif.dl.itc.u-tokyo.ac.jp/repo/api/items/710800,"東京大学大学院総合文化研究科グローバル地域研究機構アメリカ太平洋地域研究センター Center for Pacific and American Studies, The University of Tokyo, JAPAN",,,CPAS高木八尺デジタルアーカイブ,0058,,https://iiif.dl.itc.u-tokyo.ac.jp/repo/iiif/8c8f526c-8643-7b9c-6c52-dc115eb51256/manifest,,,,,1
"“Tables concerning number and size of holdings in various countries,”",405-[3],"Arable Land, Farms",文書|手書き,英語,,,,,27,0472-0482,図書,http://tify.sub.uni-goettingen.de/demo.html?manifest=https://archdataset.dl.itc.u-tokyo.ac.jp/manifest/b2b639fb-3c32-9a94-1506-db9e5ed99c00.json,b2b639fb-3c32-9a94-1506-db9e5ed99c00,https://iiif.dl.itc.u-tokyo.ac.jp/repo/s/cpas-takagi/,https://iiif.dl.itc.u-tokyo.ac.jp/repo/s/cpas-takagi/document/b2b639fb-3c32-9a94-1506-db9e5ed99c00,http://www.cpas.c.u-tokyo.ac.jp/lib/archive_riyo2.html,https://iiif.dl.itc.u-tokyo.ac.jp/repo/files/medium/8d6d4f0c4d1c93f84247add9d70c9fa2dec26fe4.jpg,https://iiif.dl.itc.u-tokyo.ac.jp/repo/api/items/710799,"東京大学大学院総合文化研究科グローバル地域研究機構アメリカ太平洋地域研究センター Center for Pacific and American Studies, The University of Tokyo, JAPAN",,,CPAS高木八尺デジタルアーカイブ,0059,,https://iiif.dl.itc.u-tokyo.ac.jp/repo/iiif/b2b639fb-3c32-9a94-1506-db9e5ed99c00/manifest,,,,,10
“Question. 8. (a) Main points of Japanese law in regard to immigration.”,406,Law regard[in]g Immigration,メモ|タイプ・手書き,英語,,,,,27,0487-0489,図書,http://tify.sub.uni-goettingen.de/demo.html?manifest=https://archdataset.dl.itc.u-tokyo.ac.jp/manifest/ee06b116-6e96-3bc4-2b1e-26b04960a1f6.json,ee06b116-6e96-3bc4-2b1e-26b04960a1f6,https://iiif.dl.itc.u-tokyo.ac.jp/repo/s/cpas-takagi/,https://iiif.dl.itc.u-tokyo.ac.jp/repo/s/cpas-takagi/document/ee06b116-6e96-3bc4-2b1e-26b04960a1f6,http://www.cpas.c.u-tokyo.ac.jp/lib/archive_riyo2.html,https://iiif.dl.itc.u-tokyo.ac.jp/repo/files/medium/ce61611dfc56d813780370c97c51b153e9052716.jpg,https://iiif.dl.itc.u-tokyo.ac.jp/repo/api/items/710798,"東京大学大学院総合文化研究科グローバル地域研究機構アメリカ太平洋地域研究センター Center for Pacific and American Studies, The University of Tokyo, JAPAN",,,CPAS高木八尺デジタルアーカイブ,0060,,https://iiif.dl.itc.u-tokyo.ac.jp/repo/iiif/ee06b116-6e96-3bc4-2b1e-26b04960a1f6/manifest,,,,,3
"“Question 8. (b) With reference to the Japanese Regulation in regart to emigration,”",407-[1],Emigrant Protection Law Lemieux Agree’t & Gentlemen’s Ag.,メモ|手書き,英語,,,,,27,0517-0518,図書,http://tify.sub.uni-goettingen.de/demo.html?manifest=https://archdataset.dl.itc.u-tokyo.ac.jp/manifest/11f1333e-487c-6641-4d96-2ab724b542bc.json,11f1333e-487c-6641-4d96-2ab724b542bc,https://iiif.dl.itc.u-tokyo.ac.jp/repo/s/cpas-takagi/,https://iiif.dl.itc.u-tokyo.ac.jp/repo/s/cpas-takagi/document/11f1333e-487c-6641-4d96-2ab724b542bc,http://www.cpas.c.u-tokyo.ac.jp/lib/archive_riyo2.html,https://iiif.dl.itc.u-tokyo.ac.jp/repo/files/medium/4f4ca2f38d19173dc625d09b9b97fac25e023026.jpg,https://iiif.dl.itc.u-tokyo.ac.jp/repo/api/items/710797,"東京大学大学院総合文化研究科グローバル地域研究機構アメリカ太平洋地域研究センター Center for Pacific and American Studies, The University of Tokyo, JAPAN",,,CPAS高木八尺デジタルアーカイブ,0061,,https://iiif.dl.itc.u-tokyo.ac.jp/repo/iiif/11f1333e-487c-6641-4d96-2ab724b542bc/manifest,,,,,2
“Question 8. (b) Japanese Regulation in regard to emigration.”,407-[2],Emigrant Protection Law Lemieux Agree’t & Gentlemen’s Ag.,メモ|手書き,英語,,,,,27,0548-0550,図書,http://tify.sub.uni-goettingen.de/demo.html?manifest=https://archdataset.dl.itc.u-tokyo.ac.jp/manifest/b1570a7d-6b87-197b-1843-903caaad1671.json,b1570a7d-6b87-197b-1843-903caaad1671,https://iiif.dl.itc.u-tokyo.ac.jp/repo/s/cpas-takagi/,https://iiif.dl.itc.u-tokyo.ac.jp/repo/s/cpas-takagi/document/b1570a7d-6b87-197b-1843-903caaad1671,http://www.cpas.c.u-tokyo.ac.jp/lib/archive_riyo2.html,https://iiif.dl.itc.u-tokyo.ac.jp/repo/files/medium/d9b8e67ad460746c8eae477ea492d5f238a90914.jpg,https://iiif.dl.itc.u-tokyo.ac.jp/repo/api/items/710796,"東京大学大学院総合文化研究科グローバル地域研究機構アメリカ太平洋地域研究センター Center for Pacific and American Studies, The University of Tokyo, JAPAN",,,CPAS高木八尺デジタルアーカイブ,0062,,https://iiif.dl.itc.u-tokyo.ac.jp/repo/iiif/b1570a7d-6b87-197b-1843-903caaad1671/manifest,,,,,3
“Lect. 1 Land Question”,410,[land question in the west],メモ|手書き,英語,,,,,28,0091-0218,図書,http://tify.sub.uni-goettingen.de/demo.html?manifest=https://archdataset.dl.itc.u-tokyo.ac.jp/manifest/e0ab113a-677c-091e-213c-7e382ae8852c.json,e0ab113a-677c-091e-213c-7e382ae8852c,https://iiif.dl.itc.u-tokyo.ac.jp/repo/s/cpas-takagi/,https://iiif.dl.itc.u-tokyo.ac.jp/repo/s/cpas-takagi/document/e0ab113a-677c-091e-213c-7e382ae8852c,http://www.cpas.c.u-tokyo.ac.jp/lib/archive_riyo2.html,https://iiif.dl.itc.u-tokyo.ac.jp/repo/files/medium/35db96a77bf6eca8a5821d1067785f8faaa407ed.jpg,https://iiif.dl.itc.u-tokyo.ac.jp/repo/api/items/710795,"東京大学大学院総合文化研究科グローバル地域研究機構アメリカ太平洋地域研究センター Center for Pacific and American Studies, The University of Tokyo, JAPAN",,,CPAS高木八尺デジタルアーカイブ,0063,,https://iiif.dl.itc.u-tokyo.ac.jp/repo/iiif/e0ab113a-677c-091e-213c-7e382ae8852c/manifest,,,,,111
"""In 1820 the system of cash sale of the public land was introduced  ...""",411-[1],Jernegan Y.N.’s attitude tow. Land policy,原稿|タイプ,英語,,手書き書き込みあり,,,28,0220-0256,図書,http://tify.sub.uni-goettingen.de/demo.html?manifest=https://archdataset.dl.itc.u-tokyo.ac.jp/manifest/006c79d7-3c0a-82df-2443-67cbeb090ed4.json,006c79d7-3c0a-82df-2443-67cbeb090ed4,https://iiif.dl.itc.u-tokyo.ac.jp/repo/s/cpas-takagi/,https://iiif.dl.itc.u-tokyo.ac.jp/repo/s/cpas-takagi/document/006c79d7-3c0a-82df-2443-67cbeb090ed4,http://www.cpas.c.u-tokyo.ac.jp/lib/archive_riyo2.html,https://iiif.dl.itc.u-tokyo.ac.jp/repo/files/medium/906cf6a6bc2a6ca41a52c5274222c881df24fac2.jpg,https://iiif.dl.itc.u-tokyo.ac.jp/repo/api/items/710794,"東京大学大学院総合文化研究科グローバル地域研究機構アメリカ太平洋地域研究センター Center for Pacific and American Studies, The University of Tokyo, JAPAN",,,CPAS高木八尺デジタルアーカイブ,0064,,https://iiif.dl.itc.u-tokyo.ac.jp/repo/iiif/006c79d7-3c0a-82df-2443-67cbeb090ed4/manifest,,,,,35
"""Explanation ...""",411-[2],Jernegan Y.N.’s attitude tow. Land policy,メモ|手書き,英語,,,,,28,0257-0390,図書,http://tify.sub.uni-goettingen.de/demo.html?manifest=https://archdataset.dl.itc.u-tokyo.ac.jp/manifest/002ce031-1e94-627f-1917-7996f6974694.json,002ce031-1e94-627f-1917-7996f6974694,https://iiif.dl.itc.u-tokyo.ac.jp/repo/s/cpas-takagi/,https://iiif.dl.itc.u-tokyo.ac.jp/repo/s/cpas-takagi/document/002ce031-1e94-627f-1917-7996f6974694,http://www.cpas.c.u-tokyo.ac.jp/lib/archive_riyo2.html,https://iiif.dl.itc.u-tokyo.ac.jp/repo/files/medium/e7ee14592e0e2c043e7a7d5073193d4424b9d339.jpg,https://iiif.dl.itc.u-tokyo.ac.jp/repo/api/items/710793,"東京大学大学院総合文化研究科グローバル地域研究機構アメリカ太平洋地域研究センター Center for Pacific and American Studies, The University of Tokyo, JAPAN",,,CPAS高木八尺デジタルアーカイブ,0065,,https://iiif.dl.itc.u-tokyo.ac.jp/repo/iiif/002ce031-1e94-627f-1917-7996f6974694/manifest,,,,,117
[「米国三偉人の生涯と其の史的背景」序],419-[1],Johnson Lectures,原稿|手書き,日本語,,,昭和3年6月18日,1928.6.18,29,0033-0039,図書,http://tify.sub.uni-goettingen.de/demo.html?manifest=https://archdataset.dl.itc.u-tokyo.ac.jp/manifest/8654ea3a-9e23-416c-79d7-9d2637673f30.json,8654ea3a-9e23-416c-79d7-9d2637673f30,https://iiif.dl.itc.u-tokyo.ac.jp/repo/s/cpas-takagi/,https://iiif.dl.itc.u-tokyo.ac.jp/repo/s/cpas-takagi/document/8654ea3a-9e23-416c-79d7-9d2637673f30,http://www.cpas.c.u-tokyo.ac.jp/lib/archive_riyo2.html,https://iiif.dl.itc.u-tokyo.ac.jp/repo/files/medium/76c048f467fba5eeda7096c333518098bdcf3542.jpg,https://iiif.dl.itc.u-tokyo.ac.jp/repo/api/items/710792,"東京大学大学院総合文化研究科グローバル地域研究機構アメリカ太平洋地域研究センター Center for Pacific and American Studies, The University of Tokyo, JAPAN",http://iiif.io/api/presentation/2#rightToLeftDirection,,CPAS高木八尺デジタルアーカイブ,0066,,https://iiif.dl.itc.u-tokyo.ac.jp/repo/iiif/8654ea3a-9e23-416c-79d7-9d2637673f30/manifest,,,,,7
[「米国三偉人の生涯と其の史的背景」第三講],419-[2],Johnson Lectures,校正刷|印刷,日本語,「国際協調者ウッドロー・ウィルソン」,大正13年東京帝国大学米国講座のジョンソン博士による講演の翻訳,,,29,0041-0055,図書,http://tify.sub.uni-goettingen.de/demo.html?manifest=https://archdataset.dl.itc.u-tokyo.ac.jp/manifest/277a914d-0079-4529-3bb0-a71ecec989a8.json,277a914d-0079-4529-3bb0-a71ecec989a8,https://iiif.dl.itc.u-tokyo.ac.jp/repo/s/cpas-takagi/,https://iiif.dl.itc.u-tokyo.ac.jp/repo/s/cpas-takagi/document/277a914d-0079-4529-3bb0-a71ecec989a8,http://www.cpas.c.u-tokyo.ac.jp/lib/archive_riyo2.html,https://iiif.dl.itc.u-tokyo.ac.jp/repo/files/medium/0a33325ce498c3be7893d6f4424aaa1168bae8f9.jpg,https://iiif.dl.itc.u-tokyo.ac.jp/repo/api/items/710791,"東京大学大学院総合文化研究科グローバル地域研究機構アメリカ太平洋地域研究センター Center for Pacific and American Studies, The University of Tokyo, JAPAN",http://iiif.io/api/presentation/2#rightToLeftDirection,,CPAS高木八尺デジタルアーカイブ,0067,,https://iiif.dl.itc.u-tokyo.ac.jp/repo/iiif/277a914d-0079-4529-3bb0-a71ecec989a8/manifest,,,,,15
[「米国三偉人の生涯と其の史的背景」目次],419-[3],Johnson Lectures,原稿|手書き,日本語,,,,,29,0079-0090,図書,http://tify.sub.uni-goettingen.de/demo.html?manifest=https://archdataset.dl.itc.u-tokyo.ac.jp/manifest/a3f94d7e-624a-17f9-0e13-6ee735273568.json,a3f94d7e-624a-17f9-0e13-6ee735273568,https://iiif.dl.itc.u-tokyo.ac.jp/repo/s/cpas-takagi/,https://iiif.dl.itc.u-tokyo.ac.jp/repo/s/cpas-takagi/document/a3f94d7e-624a-17f9-0e13-6ee735273568,http://www.cpas.c.u-tokyo.ac.jp/lib/archive_riyo2.html,https://iiif.dl.itc.u-tokyo.ac.jp/repo/files/medium/b51b2731db7498b74b8762de9066d1d18445872b.jpg,https://iiif.dl.itc.u-tokyo.ac.jp/repo/api/items/710790,"東京大学大学院総合文化研究科グローバル地域研究機構アメリカ太平洋地域研究センター Center for Pacific and American Studies, The University of Tokyo, JAPAN",http://iiif.io/api/presentation/2#rightToLeftDirection,,CPAS高木八尺デジタルアーカイブ,0068,,https://iiif.dl.itc.u-tokyo.ac.jp/repo/iiif/a3f94d7e-624a-17f9-0e13-6ee735273568/manifest,,,,,12
「ウッドローウィルソンの外交」エール大学教授ジョンソン,419-[4],Johnson Lectures,原稿|手書き,日本語,,大正13年東京帝国大学米国講座のジョンソン博士による講演の翻訳,,,29,0138-0213,図書,http://tify.sub.uni-goettingen.de/demo.html?manifest=https://archdataset.dl.itc.u-tokyo.ac.jp/manifest/52ac931f-3a12-9218-3629-7b2cb17b62c0.json,52ac931f-3a12-9218-3629-7b2cb17b62c0,https://iiif.dl.itc.u-tokyo.ac.jp/repo/s/cpas-takagi/,https://iiif.dl.itc.u-tokyo.ac.jp/repo/s/cpas-takagi/document/52ac931f-3a12-9218-3629-7b2cb17b62c0,http://www.cpas.c.u-tokyo.ac.jp/lib/archive_riyo2.html,https://iiif.dl.itc.u-tokyo.ac.jp/repo/files/medium/5134b933b4af14ad6f1cee1fb22fac547acadbc3.jpg,https://iiif.dl.itc.u-tokyo.ac.jp/repo/api/items/710789,"東京大学大学院総合文化研究科グローバル地域研究機構アメリカ太平洋地域研究センター Center for Pacific and American Studies, The University of Tokyo, JAPAN",http://iiif.io/api/presentation/2#rightToLeftDirection,,CPAS高木八尺デジタルアーカイブ,0069,,https://iiif.dl.itc.u-tokyo.ac.jp/repo/iiif/52ac931f-3a12-9218-3629-7b2cb17b62c0/manifest,,,,,76
"“Hist. 32b, Feb. 21,”",425-[1],高木抜刷及び英文メモ,ノート|手書き,英語,,Examination,,,29,0318-0328,図書,http://tify.sub.uni-goettingen.de/demo.html?manifest=https://archdataset.dl.itc.u-tokyo.ac.jp/manifest/70f6179e-3971-516e-0afc-514275f10b06.json,70f6179e-3971-516e-0afc-514275f10b06,https://iiif.dl.itc.u-tokyo.ac.jp/repo/s/cpas-takagi/,https://iiif.dl.itc.u-tokyo.ac.jp/repo/s/cpas-takagi/document/70f6179e-3971-516e-0afc-514275f10b06,http://www.cpas.c.u-tokyo.ac.jp/lib/archive_riyo2.html,https://iiif.dl.itc.u-tokyo.ac.jp/repo/files/medium/ff993363d772ec5082b8edf118c8879c07f39264.jpg,https://iiif.dl.itc.u-tokyo.ac.jp/repo/api/items/710788,"東京大学大学院総合文化研究科グローバル地域研究機構アメリカ太平洋地域研究センター Center for Pacific and American Studies, The University of Tokyo, JAPAN",,,CPAS高木八尺デジタルアーカイブ,0070,,https://iiif.dl.itc.u-tokyo.ac.jp/repo/iiif/70f6179e-3971-516e-0afc-514275f10b06/manifest,,,,,10
「米国史に於る革新主義の意義と其の現代に於る重要性」,425-[2],高木抜刷及び英文メモ,抜刷|印刷,日本語,,,,[1935],29,0329-0346,図書,http://tify.sub.uni-goettingen.de/demo.html?manifest=https://archdataset.dl.itc.u-tokyo.ac.jp/manifest/2317a1d2-743a-71a4-146f-c402c2082de9.json,2317a1d2-743a-71a4-146f-c402c2082de9,https://iiif.dl.itc.u-tokyo.ac.jp/repo/s/cpas-takagi/,https://iiif.dl.itc.u-tokyo.ac.jp/repo/s/cpas-takagi/document/2317a1d2-743a-71a4-146f-c402c2082de9,http://www.cpas.c.u-tokyo.ac.jp/lib/archive_riyo2.html,https://iiif.dl.itc.u-tokyo.ac.jp/repo/files/medium/63ad0509b222553466c428bbd5ceaaabc046c0d0.jpg,https://iiif.dl.itc.u-tokyo.ac.jp/repo/api/items/710787,"東京大学大学院総合文化研究科グローバル地域研究機構アメリカ太平洋地域研究センター Center for Pacific and American Studies, The University of Tokyo, JAPAN",http://iiif.io/api/presentation/2#rightToLeftDirection,,CPAS高木八尺デジタルアーカイブ,0071,,https://iiif.dl.itc.u-tokyo.ac.jp/repo/iiif/2317a1d2-743a-71a4-146f-c402c2082de9/manifest,,,,,18
"""Armitage Smith ...""",426,英文ノート,メモ|手書き,英語,"“Second week (July 11-17), Morley, Life of Cobden""",,,,29,0348-0557,図書,http://tify.sub.uni-goettingen.de/demo.html?manifest=https://archdataset.dl.itc.u-tokyo.ac.jp/manifest/3b3e057c-926c-531d-17a1-5e6a4184849b.json,3b3e057c-926c-531d-17a1-5e6a4184849b,https://iiif.dl.itc.u-tokyo.ac.jp/repo/s/cpas-takagi/,https://iiif.dl.itc.u-tokyo.ac.jp/repo/s/cpas-takagi/document/3b3e057c-926c-531d-17a1-5e6a4184849b,http://www.cpas.c.u-tokyo.ac.jp/lib/archive_riyo2.html,https://iiif.dl.itc.u-tokyo.ac.jp/repo/files/medium/8c1e18aa49ae540237b8f97da1d11f1de31da244.jpg,https://iiif.dl.itc.u-tokyo.ac.jp/repo/api/items/710786,"東京大学大学院総合文化研究科グローバル地域研究機構アメリカ太平洋地域研究センター Center for Pacific and American Studies, The University of Tokyo, JAPAN",,,CPAS高木八尺デジタルアーカイブ,0072,,https://iiif.dl.itc.u-tokyo.ac.jp/repo/iiif/3b3e057c-926c-531d-17a1-5e6a4184849b/manifest,,,,,314
"""A Survey of Japanese Studies in the Universities and Colleges of the United States"" by Yasaka Takaki",434,14. Survey Jap. Stud. 35,原稿|タイプ,英語,"Institute of Pacific Relations, Honolulu, Hawaii",手書き書き込みあり,,1935,31,0004-0067,図書,http://tify.sub.uni-goettingen.de/demo.html?manifest=https://archdataset.dl.itc.u-tokyo.ac.jp/manifest/bf34b612-2ae9-392a-5b88-f7c695f57108.json,bf34b612-2ae9-392a-5b88-f7c695f57108,https://iiif.dl.itc.u-tokyo.ac.jp/repo/s/cpas-takagi/,https://iiif.dl.itc.u-tokyo.ac.jp/repo/s/cpas-takagi/document/bf34b612-2ae9-392a-5b88-f7c695f57108,http://www.cpas.c.u-tokyo.ac.jp/lib/archive_riyo2.html,https://iiif.dl.itc.u-tokyo.ac.jp/repo/files/medium/e3763c1e44d1c519e116d9f22da5c0ce08a7e9bf.jpg,https://iiif.dl.itc.u-tokyo.ac.jp/repo/api/items/710785,"東京大学大学院総合文化研究科グローバル地域研究機構アメリカ太平洋地域研究センター Center for Pacific and American Studies, The University of Tokyo, JAPAN",,,CPAS高木八尺デジタルアーカイブ,0073,,https://iiif.dl.itc.u-tokyo.ac.jp/repo/iiif/bf34b612-2ae9-392a-5b88-f7c695f57108/manifest,,,,,64
“Hist. Method Jernegan 6/26/22”,437,5. 英文メモ,メモ|手書き,英語,,シカゴ大学留学中のノート?,,[1922],32,0228-0234,図書,http://tify.sub.uni-goettingen.de/demo.html?manifest=https://archdataset.dl.itc.u-tokyo.ac.jp/manifest/995e5d1a-8bce-78c3-9c5a-ca2420f204f1.json,995e5d1a-8bce-78c3-9c5a-ca2420f204f1,https://iiif.dl.itc.u-tokyo.ac.jp/repo/s/cpas-takagi/,https://iiif.dl.itc.u-tokyo.ac.jp/repo/s/cpas-takagi/document/995e5d1a-8bce-78c3-9c5a-ca2420f204f1,http://www.cpas.c.u-tokyo.ac.jp/lib/archive_riyo2.html,https://iiif.dl.itc.u-tokyo.ac.jp/repo/files/medium/5fb8314fabbc7899e952ba3708041c8636653a75.jpg,https://iiif.dl.itc.u-tokyo.ac.jp/repo/api/items/710784,"東京大学大学院総合文化研究科グローバル地域研究機構アメリカ太平洋地域研究センター Center for Pacific and American Studies, The University of Tokyo, JAPAN",,,CPAS高木八尺デジタルアーカイブ,0074,,https://iiif.dl.itc.u-tokyo.ac.jp/repo/iiif/995e5d1a-8bce-78c3-9c5a-ca2420f204f1/manifest,,,,,7
“Tu. 10.30-12.30 E51. Term paper Reading”,438,4. 英文メモ,メモ|手書き,英語,,,,,32,0236-0243,図書,http://tify.sub.uni-goettingen.de/demo.html?manifest=https://archdataset.dl.itc.u-tokyo.ac.jp/manifest/a244a17a-3f2a-91bc-8752-80ce173b3e23.json,a244a17a-3f2a-91bc-8752-80ce173b3e23,https://iiif.dl.itc.u-tokyo.ac.jp/repo/s/cpas-takagi/,https://iiif.dl.itc.u-tokyo.ac.jp/repo/s/cpas-takagi/document/a244a17a-3f2a-91bc-8752-80ce173b3e23,http://www.cpas.c.u-tokyo.ac.jp/lib/archive_riyo2.html,https://iiif.dl.itc.u-tokyo.ac.jp/repo/files/medium/763a6dd27b0bb338bd2b0d1862ac0b1d78e4fd85.jpg,https://iiif.dl.itc.u-tokyo.ac.jp/repo/api/items/710783,"東京大学大学院総合文化研究科グローバル地域研究機構アメリカ太平洋地域研究センター Center for Pacific and American Studies, The University of Tokyo, JAPAN",,,CPAS高木八尺デジタルアーカイブ,0075,,https://iiif.dl.itc.u-tokyo.ac.jp/repo/iiif/a244a17a-3f2a-91bc-8752-80ce173b3e23/manifest,,,,,8
"""PROBLEMS IN RECENT AM. HIST.""",439-[1],3. McLaughlin 1922,ノート|手書き,英語,"""Autumn 1922. Prof McLaughlin""",,,[1922],32,0246-0284,図書,http://tify.sub.uni-goettingen.de/demo.html?manifest=https://archdataset.dl.itc.u-tokyo.ac.jp/manifest/477b7311-5c0d-6efe-3ade-2ea68a7f63c2.json,477b7311-5c0d-6efe-3ade-2ea68a7f63c2,https://iiif.dl.itc.u-tokyo.ac.jp/repo/s/cpas-takagi/,https://iiif.dl.itc.u-tokyo.ac.jp/repo/s/cpas-takagi/document/477b7311-5c0d-6efe-3ade-2ea68a7f63c2,http://www.cpas.c.u-tokyo.ac.jp/lib/archive_riyo2.html,https://iiif.dl.itc.u-tokyo.ac.jp/repo/files/medium/412c3af5e25f29472cd874ce5c7c9b509919e0b6.jpg,https://iiif.dl.itc.u-tokyo.ac.jp/repo/api/items/710782,"東京大学大学院総合文化研究科グローバル地域研究機構アメリカ太平洋地域研究センター Center for Pacific and American Studies, The University of Tokyo, JAPAN",,,CPAS高木八尺デジタルアーカイブ,0076,,https://iiif.dl.itc.u-tokyo.ac.jp/repo/iiif/477b7311-5c0d-6efe-3ade-2ea68a7f63c2/manifest,,,,,39
"“2-7-23, 305, 'Exercise of legisl. power by boards' p.118”",439-[2],3. McLaughlin 1922,ノート|手書き,英語,,,,[1923],32,0289-0371,図書,http://tify.sub.uni-goettingen.de/demo.html?manifest=https://archdataset.dl.itc.u-tokyo.ac.jp/manifest/0e8bc529-6d96-2e19-6c1b-ce83f8102916.json,0e8bc529-6d96-2e19-6c1b-ce83f8102916,https://iiif.dl.itc.u-tokyo.ac.jp/repo/s/cpas-takagi/,https://iiif.dl.itc.u-tokyo.ac.jp/repo/s/cpas-takagi/document/0e8bc529-6d96-2e19-6c1b-ce83f8102916,http://www.cpas.c.u-tokyo.ac.jp/lib/archive_riyo2.html,https://iiif.dl.itc.u-tokyo.ac.jp/repo/files/medium/3723671a242ced34278f756ef0de9684e2d9a5b5.jpg,https://iiif.dl.itc.u-tokyo.ac.jp/repo/api/items/710781,"東京大学大学院総合文化研究科グローバル地域研究機構アメリカ太平洋地域研究センター Center for Pacific and American Studies, The University of Tokyo, JAPAN",,,CPAS高木八尺デジタルアーカイブ,0077,,https://iiif.dl.itc.u-tokyo.ac.jp/repo/iiif/0e8bc529-6d96-2e19-6c1b-ce83f8102916/manifest,,,,,83
[Lecture Notes + Reading Notes],440,2. Lecture Notes + Reading Notes,ノート|手書き,英語,,シカゴ大学留学中のノート?,,[1922?],33,0004-0243,図書,http://tify.sub.uni-goettingen.de/demo.html?manifest=https://archdataset.dl.itc.u-tokyo.ac.jp/manifest/110e2f46-1785-66b8-3f18-40a6caf04fe5.json,110e2f46-1785-66b8-3f18-40a6caf04fe5,https://iiif.dl.itc.u-tokyo.ac.jp/repo/s/cpas-takagi/,https://iiif.dl.itc.u-tokyo.ac.jp/repo/s/cpas-takagi/document/110e2f46-1785-66b8-3f18-40a6caf04fe5,http://www.cpas.c.u-tokyo.ac.jp/lib/archive_riyo2.html,https://iiif.dl.itc.u-tokyo.ac.jp/repo/files/medium/cb222ae795a2394de49cf60eeb81f4ba63a8b61a.jpg,https://iiif.dl.itc.u-tokyo.ac.jp/repo/api/items/710780,"東京大学大学院総合文化研究科グローバル地域研究機構アメリカ太平洋地域研究センター Center for Pacific and American Studies, The University of Tokyo, JAPAN",,,CPAS高木八尺デジタルアーカイブ,0078,,https://iiif.dl.itc.u-tokyo.ac.jp/repo/iiif/110e2f46-1785-66b8-3f18-40a6caf04fe5/manifest,,,,,239
“SOCIAL HIST. of the AM. COLONIES”,441,1. U. Chicago,ノート|手書き,英語,,シカゴ大学留学中のノート?,,,33,0246-0262,図書,http://tify.sub.uni-goettingen.de/demo.html?manifest=https://archdataset.dl.itc.u-tokyo.ac.jp/manifest/3b172279-1972-5de2-5e06-82d83b8850ba.json,3b172279-1972-5de2-5e06-82d83b8850ba,https://iiif.dl.itc.u-tokyo.ac.jp/repo/s/cpas-takagi/,https://iiif.dl.itc.u-tokyo.ac.jp/repo/s/cpas-takagi/document/3b172279-1972-5de2-5e06-82d83b8850ba,http://www.cpas.c.u-tokyo.ac.jp/lib/archive_riyo2.html,https://iiif.dl.itc.u-tokyo.ac.jp/repo/files/medium/88d5f7e7f116eda997354018b5d99c61c431ac3a.jpg,https://iiif.dl.itc.u-tokyo.ac.jp/repo/api/items/710779,"東京大学大学院総合文化研究科グローバル地域研究機構アメリカ太平洋地域研究センター Center for Pacific and American Studies, The University of Tokyo, JAPAN",,,CPAS高木八尺デジタルアーカイブ,0079,,https://iiif.dl.itc.u-tokyo.ac.jp/repo/iiif/3b172279-1972-5de2-5e06-82d83b8850ba/manifest,,,,,17
"“American Constitutional History, Prof. McIlwain,”",445,"6. American Constitutional History, Prof. McIlwain",ノート|手書き,英語,1920-21 Harvard University history 13a,,,[1920],34,0223-0448,図書,http://tify.sub.uni-goettingen.de/demo.html?manifest=https://archdataset.dl.itc.u-tokyo.ac.jp/manifest/0fba83c2-7664-9033-206f-9b0fb72c86c2.json,0fba83c2-7664-9033-206f-9b0fb72c86c2,https://iiif.dl.itc.u-tokyo.ac.jp/repo/s/cpas-takagi/,https://iiif.dl.itc.u-tokyo.ac.jp/repo/s/cpas-takagi/document/0fba83c2-7664-9033-206f-9b0fb72c86c2,http://www.cpas.c.u-tokyo.ac.jp/lib/archive_riyo2.html,https://iiif.dl.itc.u-tokyo.ac.jp/repo/files/medium/88584ad1ea53652e35a0570c4572f9b796f89b8a.jpg,https://iiif.dl.itc.u-tokyo.ac.jp/repo/api/items/710778,"東京大学大学院総合文化研究科グローバル地域研究機構アメリカ太平洋地域研究センター Center for Pacific and American Studies, The University of Tokyo, JAPAN",,,CPAS高木八尺デジタルアーカイブ,0080,,https://iiif.dl.itc.u-tokyo.ac.jp/repo/iiif/0fba83c2-7664-9033-206f-9b0fb72c86c2/manifest,,,,,223
"""(1) Statement of the Qualifications of A Candidate for International Understanding Award""",575-[1],Magsaysay Award,草稿|手書き,英語,,,,[1959],60,0372-0380,図書,http://tify.sub.uni-goettingen.de/demo.html?manifest=https://archdataset.dl.itc.u-tokyo.ac.jp/manifest/908611c4-2d9e-9462-3e0c-b8ce9bb35db8.json,908611c4-2d9e-9462-3e0c-b8ce9bb35db8,https://iiif.dl.itc.u-tokyo.ac.jp/repo/s/cpas-takagi/,https://iiif.dl.itc.u-tokyo.ac.jp/repo/s/cpas-takagi/document/908611c4-2d9e-9462-3e0c-b8ce9bb35db8,http://www.cpas.c.u-tokyo.ac.jp/lib/archive_riyo2.html,https://iiif.dl.itc.u-tokyo.ac.jp/repo/files/medium/cb449fd1ae5750c4b06ce5bf8c165dd31fface6d.jpg,https://iiif.dl.itc.u-tokyo.ac.jp/repo/api/items/710777,"東京大学大学院総合文化研究科グローバル地域研究機構アメリカ太平洋地域研究センター Center for Pacific and American Studies, The University of Tokyo, JAPAN",,,CPAS高木八尺デジタルアーカイブ,0081,,https://iiif.dl.itc.u-tokyo.ac.jp/repo/iiif/908611c4-2d9e-9462-3e0c-b8ce9bb35db8/manifest,,,,,9
"""2. Discussion Group Meetings""",575-[2],Magsaysay Award,草稿|手書き,英語,,,,[1959],60,0387-0388,図書,http://tify.sub.uni-goettingen.de/demo.html?manifest=https://archdataset.dl.itc.u-tokyo.ac.jp/manifest/04054532-0187-719a-6254-956eecb23735.json,04054532-0187-719a-6254-956eecb23735,https://iiif.dl.itc.u-tokyo.ac.jp/repo/s/cpas-takagi/,https://iiif.dl.itc.u-tokyo.ac.jp/repo/s/cpas-takagi/document/04054532-0187-719a-6254-956eecb23735,http://www.cpas.c.u-tokyo.ac.jp/lib/archive_riyo2.html,https://iiif.dl.itc.u-tokyo.ac.jp/repo/files/medium/9ff39f281f142396596bf19b501e5ceb4c53f19e.jpg,https://iiif.dl.itc.u-tokyo.ac.jp/repo/api/items/710776,"東京大学大学院総合文化研究科グローバル地域研究機構アメリカ太平洋地域研究センター Center for Pacific and American Studies, The University of Tokyo, JAPAN",,,CPAS高木八尺デジタルアーカイブ,0082,,https://iiif.dl.itc.u-tokyo.ac.jp/repo/iiif/04054532-0187-719a-6254-956eecb23735/manifest,,,,,2
「アメリカ精神とデモクラシーの展望」,583,"Neesima, Joe",原稿|手書き,日本語,,昭和30年[11]月4日同志社講堂に於て,昭和30年2月4日,1955.2,61,0045-0052,図書,http://tify.sub.uni-goettingen.de/demo.html?manifest=https://archdataset.dl.itc.u-tokyo.ac.jp/manifest/1ea962e1-21d2-6e32-5992-7c8b81463b22.json,1ea962e1-21d2-6e32-5992-7c8b81463b22,https://iiif.dl.itc.u-tokyo.ac.jp/repo/s/cpas-takagi/,https://iiif.dl.itc.u-tokyo.ac.jp/repo/s/cpas-takagi/document/1ea962e1-21d2-6e32-5992-7c8b81463b22,http://www.cpas.c.u-tokyo.ac.jp/lib/archive_riyo2.html,https://iiif.dl.itc.u-tokyo.ac.jp/repo/files/medium/13e9bff511cb3b5e8ef170bc28d1a98a6781c938.jpg,https://iiif.dl.itc.u-tokyo.ac.jp/repo/api/items/710775,"東京大学大学院総合文化研究科グローバル地域研究機構アメリカ太平洋地域研究センター Center for Pacific and American Studies, The University of Tokyo, JAPAN",http://iiif.io/api/presentation/2#rightToLeftDirection,,CPAS高木八尺デジタルアーカイブ,0083,,https://iiif.dl.itc.u-tokyo.ac.jp/repo/iiif/1ea962e1-21d2-6e32-5992-7c8b81463b22/manifest,,,,,8
「前田多聞氏特別講義...」,585,Nitobe Journals、新渡戸奨学資金,メモ|手書き,日本語,,,,,61,0308-0316,図書,http://tify.sub.uni-goettingen.de/demo.html?manifest=https://archdataset.dl.itc.u-tokyo.ac.jp/manifest/7da9f5c5-520d-07a0-2c28-862fd1c48896.json,7da9f5c5-520d-07a0-2c28-862fd1c48896,https://iiif.dl.itc.u-tokyo.ac.jp/repo/s/cpas-takagi/,https://iiif.dl.itc.u-tokyo.ac.jp/repo/s/cpas-takagi/document/7da9f5c5-520d-07a0-2c28-862fd1c48896,http://www.cpas.c.u-tokyo.ac.jp/lib/archive_riyo2.html,https://iiif.dl.itc.u-tokyo.ac.jp/repo/files/medium/b40339deb230ed13ca89ab34d41c0ede4fcbd4d3.jpg,https://iiif.dl.itc.u-tokyo.ac.jp/repo/api/items/710774,"東京大学大学院総合文化研究科グローバル地域研究機構アメリカ太平洋地域研究センター Center for Pacific and American Studies, The University of Tokyo, JAPAN",http://iiif.io/api/presentation/2#leftToRightDirection,,CPAS高木八尺デジタルアーカイブ,0084,,https://iiif.dl.itc.u-tokyo.ac.jp/repo/iiif/7da9f5c5-520d-07a0-2c28-862fd1c48896/manifest,,,,,9
「太平洋に於る平和機関の再建」,594,Peace Machinery,原稿|手書き,日本語,,,,,62,0120-0163,図書,http://tify.sub.uni-goettingen.de/demo.html?manifest=https://archdataset.dl.itc.u-tokyo.ac.jp/manifest/727a2e45-06d1-2af4-5c83-65fa7c601db8.json,727a2e45-06d1-2af4-5c83-65fa7c601db8,https://iiif.dl.itc.u-tokyo.ac.jp/repo/s/cpas-takagi/,https://iiif.dl.itc.u-tokyo.ac.jp/repo/s/cpas-takagi/document/727a2e45-06d1-2af4-5c83-65fa7c601db8,http://www.cpas.c.u-tokyo.ac.jp/lib/archive_riyo2.html,https://iiif.dl.itc.u-tokyo.ac.jp/repo/files/medium/919c21e85a751dcc8f3809abe62af86053ae7463.jpg,https://iiif.dl.itc.u-tokyo.ac.jp/repo/api/items/710773,"東京大学大学院総合文化研究科グローバル地域研究機構アメリカ太平洋地域研究センター Center for Pacific and American Studies, The University of Tokyo, JAPAN",http://iiif.io/api/presentation/2#rightToLeftDirection,,CPAS高木八尺デジタルアーカイブ,0085,,https://iiif.dl.itc.u-tokyo.ac.jp/repo/iiif/727a2e45-06d1-2af4-5c83-65fa7c601db8/manifest,,,,,44
[米国に於ける労働運動],628,高木原稿・メモ,草稿|手書き,日本語,「グレンジャー運動」|「Populist運動」,,,,65,0137-0174,図書,http://tify.sub.uni-goettingen.de/demo.html?manifest=https://archdataset.dl.itc.u-tokyo.ac.jp/manifest/940038ae-0711-1403-5515-f1167d6f12ff.json,940038ae-0711-1403-5515-f1167d6f12ff,https://iiif.dl.itc.u-tokyo.ac.jp/repo/s/cpas-takagi/,https://iiif.dl.itc.u-tokyo.ac.jp/repo/s/cpas-takagi/document/940038ae-0711-1403-5515-f1167d6f12ff,http://www.cpas.c.u-tokyo.ac.jp/lib/archive_riyo2.html,https://iiif.dl.itc.u-tokyo.ac.jp/repo/files/medium/60b4777a9e86dd75de892b1054793eec59e0af68.jpg,https://iiif.dl.itc.u-tokyo.ac.jp/repo/api/items/710772,"東京大学大学院総合文化研究科グローバル地域研究機構アメリカ太平洋地域研究センター Center for Pacific and American Studies, The University of Tokyo, JAPAN",http://iiif.io/api/presentation/2#rightToLeftDirection,,CPAS高木八尺デジタルアーカイブ,0086,,https://iiif.dl.itc.u-tokyo.ac.jp/repo/iiif/940038ae-0711-1403-5515-f1167d6f12ff/manifest,,,,,36
“Chronological Table”,629-[1],新渡戸英文著作集関係書類,メモ|手書き,英語,,,,,65,0248-0250,図書,http://tify.sub.uni-goettingen.de/demo.html?manifest=https://archdataset.dl.itc.u-tokyo.ac.jp/manifest/e261de68-999e-046b-2ce9-290d22575722.json,e261de68-999e-046b-2ce9-290d22575722,https://iiif.dl.itc.u-tokyo.ac.jp/repo/s/cpas-takagi/,https://iiif.dl.itc.u-tokyo.ac.jp/repo/s/cpas-takagi/document/e261de68-999e-046b-2ce9-290d22575722,http://www.cpas.c.u-tokyo.ac.jp/lib/archive_riyo2.html,https://iiif.dl.itc.u-tokyo.ac.jp/repo/files/medium/0f2e3644ebb52dad7e031497d3998fe28ee2639c.jpg,https://iiif.dl.itc.u-tokyo.ac.jp/repo/api/items/710771,"東京大学大学院総合文化研究科グローバル地域研究機構アメリカ太平洋地域研究センター Center for Pacific and American Studies, The University of Tokyo, JAPAN",,,CPAS高木八尺デジタルアーカイブ,0087,,https://iiif.dl.itc.u-tokyo.ac.jp/repo/iiif/e261de68-999e-046b-2ce9-290d22575722/manifest,,,,,3
"“Introduction (for English Edition of Dr. Nitobe’s Writings in English),” Yasaka Takagi",629-[2],新渡戸英文著作集関係書類,原稿|タイプ,英語,,,,,65,0251-0266,図書,http://tify.sub.uni-goettingen.de/demo.html?manifest=https://archdataset.dl.itc.u-tokyo.ac.jp/manifest/d930d508-831e-9743-8966-85db93766dad.json,d930d508-831e-9743-8966-85db93766dad,https://iiif.dl.itc.u-tokyo.ac.jp/repo/s/cpas-takagi/,https://iiif.dl.itc.u-tokyo.ac.jp/repo/s/cpas-takagi/document/d930d508-831e-9743-8966-85db93766dad,http://www.cpas.c.u-tokyo.ac.jp/lib/archive_riyo2.html,https://iiif.dl.itc.u-tokyo.ac.jp/repo/files/medium/0103d7552862d6d656c9c580e34c979e666b38a3.jpg,https://iiif.dl.itc.u-tokyo.ac.jp/repo/api/items/710770,"東京大学大学院総合文化研究科グローバル地域研究機構アメリカ太平洋地域研究センター Center for Pacific and American Studies, The University of Tokyo, JAPAN",,,CPAS高木八尺デジタルアーカイブ,0088,,https://iiif.dl.itc.u-tokyo.ac.jp/repo/iiif/d930d508-831e-9743-8966-85db93766dad/manifest,,,,,16
「新渡戸稲造英文著述五巻ノ構成ノ説明」,629-[3],新渡戸英文著作集関係書類,メモ|手書き,日本語,,,,,65,0269-0281,図書,http://tify.sub.uni-goettingen.de/demo.html?manifest=https://archdataset.dl.itc.u-tokyo.ac.jp/manifest/c457f365-889e-6e37-9ad7-205b3e660d51.json,c457f365-889e-6e37-9ad7-205b3e660d51,https://iiif.dl.itc.u-tokyo.ac.jp/repo/s/cpas-takagi/,https://iiif.dl.itc.u-tokyo.ac.jp/repo/s/cpas-takagi/document/c457f365-889e-6e37-9ad7-205b3e660d51,http://www.cpas.c.u-tokyo.ac.jp/lib/archive_riyo2.html,https://iiif.dl.itc.u-tokyo.ac.jp/repo/files/medium/5b0f11dc79e7a4c826cee1e7fe1ba7c710ac0e28.jpg,https://iiif.dl.itc.u-tokyo.ac.jp/repo/api/items/710769,"東京大学大学院総合文化研究科グローバル地域研究機構アメリカ太平洋地域研究センター Center for Pacific and American Studies, The University of Tokyo, JAPAN",http://iiif.io/api/presentation/2#leftToRightDirection,,CPAS高木八尺デジタルアーカイブ,0089,,https://iiif.dl.itc.u-tokyo.ac.jp/repo/iiif/c457f365-889e-6e37-9ad7-205b3e660d51/manifest,,,,,13
"""Inazo Nitobe's Works in English""",629-[4],新渡戸英文著作集関係書類,メモ|手書き,英語,,手紙草稿他,,[1971],65,0282-0284,図書,http://tify.sub.uni-goettingen.de/demo.html?manifest=https://archdataset.dl.itc.u-tokyo.ac.jp/manifest/70f7de0a-85b7-5cdc-5251-9b14926100e1.json,70f7de0a-85b7-5cdc-5251-9b14926100e1,https://iiif.dl.itc.u-tokyo.ac.jp/repo/s/cpas-takagi/,https://iiif.dl.itc.u-tokyo.ac.jp/repo/s/cpas-takagi/document/70f7de0a-85b7-5cdc-5251-9b14926100e1,http://www.cpas.c.u-tokyo.ac.jp/lib/archive_riyo2.html,https://iiif.dl.itc.u-tokyo.ac.jp/repo/files/medium/ab375d472cfe9c50e3c1135fcaa6a7e9e3b64411.jpg,https://iiif.dl.itc.u-tokyo.ac.jp/repo/api/items/710768,"東京大学大学院総合文化研究科グローバル地域研究機構アメリカ太平洋地域研究センター Center for Pacific and American Studies, The University of Tokyo, JAPAN",,,CPAS高木八尺デジタルアーカイブ,0090,,https://iiif.dl.itc.u-tokyo.ac.jp/repo/iiif/70f7de0a-85b7-5cdc-5251-9b14926100e1/manifest,,,,,3
“Introduction (for English Edition of Dr. Nitobe’s Writings in English)”  [1],629-[5],新渡戸英文著作集関係書類,原稿|手書き,英語,,タイプ原稿、手書き草稿、メモ混在,,,65,0285-0366,図書,http://tify.sub.uni-goettingen.de/demo.html?manifest=https://archdataset.dl.itc.u-tokyo.ac.jp/manifest/57452a2a-8a5e-623f-04a8-d79b80581bcd.json,57452a2a-8a5e-623f-04a8-d79b80581bcd,https://iiif.dl.itc.u-tokyo.ac.jp/repo/s/cpas-takagi/,https://iiif.dl.itc.u-tokyo.ac.jp/repo/s/cpas-takagi/document/57452a2a-8a5e-623f-04a8-d79b80581bcd,http://www.cpas.c.u-tokyo.ac.jp/lib/archive_riyo2.html,https://iiif.dl.itc.u-tokyo.ac.jp/repo/files/medium/f4312e4b4d6172e5d41be0a6e1a312560b18f2de.jpg,https://iiif.dl.itc.u-tokyo.ac.jp/repo/api/items/710767,"東京大学大学院総合文化研究科グローバル地域研究機構アメリカ太平洋地域研究センター Center for Pacific and American Studies, The University of Tokyo, JAPAN",,,CPAS高木八尺デジタルアーカイブ,0091,,https://iiif.dl.itc.u-tokyo.ac.jp/repo/iiif/57452a2a-8a5e-623f-04a8-d79b80581bcd/manifest,,,,,81
“Introduction (for English Edition of Dr. Nitobe’s writings in English)” [2],629-[6],新渡戸英文著作集関係書類,原稿|タイプ,英語,,,,,65,0415-0427,図書,http://tify.sub.uni-goettingen.de/demo.html?manifest=https://archdataset.dl.itc.u-tokyo.ac.jp/manifest/311a0a1c-6191-6f53-92e0-10dc14c255a1.json,311a0a1c-6191-6f53-92e0-10dc14c255a1,https://iiif.dl.itc.u-tokyo.ac.jp/repo/s/cpas-takagi/,https://iiif.dl.itc.u-tokyo.ac.jp/repo/s/cpas-takagi/document/311a0a1c-6191-6f53-92e0-10dc14c255a1,http://www.cpas.c.u-tokyo.ac.jp/lib/archive_riyo2.html,https://iiif.dl.itc.u-tokyo.ac.jp/repo/files/medium/a5487aea77291999c28bea08c16e50747e51200f.jpg,https://iiif.dl.itc.u-tokyo.ac.jp/repo/api/items/710766,"東京大学大学院総合文化研究科グローバル地域研究機構アメリカ太平洋地域研究センター Center for Pacific and American Studies, The University of Tokyo, JAPAN",,,CPAS高木八尺デジタルアーカイブ,0092,,https://iiif.dl.itc.u-tokyo.ac.jp/repo/iiif/311a0a1c-6191-6f53-92e0-10dc14c255a1/manifest,,,,,13
“Introduction (for English Edition of Dr. Nitobe’s Writings in English)”  [3],629-[7],新渡戸英文著作集関係書類,原稿|タイプ,英語,,,,,65,0432-0448,図書,http://tify.sub.uni-goettingen.de/demo.html?manifest=https://archdataset.dl.itc.u-tokyo.ac.jp/manifest/e31e1854-6e72-495f-52d5-fa07278b8413.json,e31e1854-6e72-495f-52d5-fa07278b8413,https://iiif.dl.itc.u-tokyo.ac.jp/repo/s/cpas-takagi/,https://iiif.dl.itc.u-tokyo.ac.jp/repo/s/cpas-takagi/document/e31e1854-6e72-495f-52d5-fa07278b8413,http://www.cpas.c.u-tokyo.ac.jp/lib/archive_riyo2.html,https://iiif.dl.itc.u-tokyo.ac.jp/repo/files/medium/638317208b62963fd3d7e308f58a712620bb666e.jpg,https://iiif.dl.itc.u-tokyo.ac.jp/repo/api/items/710765,"東京大学大学院総合文化研究科グローバル地域研究機構アメリカ太平洋地域研究センター Center for Pacific and American Studies, The University of Tokyo, JAPAN",,,CPAS高木八尺デジタルアーカイブ,0093,,https://iiif.dl.itc.u-tokyo.ac.jp/repo/iiif/e31e1854-6e72-495f-52d5-fa07278b8413/manifest,,,,,17
「米国革命と政治思想」,636-[1],高木原稿 米国革命の政治思想、基本的人権,原稿|手書き,日本語,,英文メモ1枚含む,,,67,0004-0047,図書,http://tify.sub.uni-goettingen.de/demo.html?manifest=https://archdataset.dl.itc.u-tokyo.ac.jp/manifest/346af531-248a-0720-5c36-573e77b94a0a.json,346af531-248a-0720-5c36-573e77b94a0a,https://iiif.dl.itc.u-tokyo.ac.jp/repo/s/cpas-takagi/,https://iiif.dl.itc.u-tokyo.ac.jp/repo/s/cpas-takagi/document/346af531-248a-0720-5c36-573e77b94a0a,http://www.cpas.c.u-tokyo.ac.jp/lib/archive_riyo2.html,https://iiif.dl.itc.u-tokyo.ac.jp/repo/files/medium/9517168ae8b398fcedde27fb2491c9f6e97ca444.jpg,https://iiif.dl.itc.u-tokyo.ac.jp/repo/api/items/710764,"東京大学大学院総合文化研究科グローバル地域研究機構アメリカ太平洋地域研究センター Center for Pacific and American Studies, The University of Tokyo, JAPAN",http://iiif.io/api/presentation/2#rightToLeftDirection,,CPAS高木八尺デジタルアーカイブ,0094,,https://iiif.dl.itc.u-tokyo.ac.jp/repo/iiif/346af531-248a-0720-5c36-573e77b94a0a/manifest,,,,,44
「独立宣言の回顧」,636-[2],高木原稿 米国革命の政治思想、基本的人権,原稿|手書き,日本語,,学研事務室からの送付状含む,,[1947],67,0048-0055,図書,http://tify.sub.uni-goettingen.de/demo.html?manifest=https://archdataset.dl.itc.u-tokyo.ac.jp/manifest/285ff34a-19d2-1e77-9d16-ceb0039a9e5b.json,285ff34a-19d2-1e77-9d16-ceb0039a9e5b,https://iiif.dl.itc.u-tokyo.ac.jp/repo/s/cpas-takagi/,https://iiif.dl.itc.u-tokyo.ac.jp/repo/s/cpas-takagi/document/285ff34a-19d2-1e77-9d16-ceb0039a9e5b,http://www.cpas.c.u-tokyo.ac.jp/lib/archive_riyo2.html,https://iiif.dl.itc.u-tokyo.ac.jp/repo/files/medium/6612ff8c4ba9e07a2778c726340039456ab20b63.jpg,https://iiif.dl.itc.u-tokyo.ac.jp/repo/api/items/710763,"東京大学大学院総合文化研究科グローバル地域研究機構アメリカ太平洋地域研究センター Center for Pacific and American Studies, The University of Tokyo, JAPAN",http://iiif.io/api/presentation/2#rightToLeftDirection,,CPAS高木八尺デジタルアーカイブ,0095,,https://iiif.dl.itc.u-tokyo.ac.jp/repo/iiif/285ff34a-19d2-1e77-9d16-ceb0039a9e5b/manifest,,,,,8
「米国革命と政治思想」,636-[3],高木原稿 米国革命の政治思想、基本的人権,メモ|手書き,日本語,,,,,67,0056-0061,図書,http://tify.sub.uni-goettingen.de/demo.html?manifest=https://archdataset.dl.itc.u-tokyo.ac.jp/manifest/333fec49-6af6-4980-7a78-521f54ba9915.json,333fec49-6af6-4980-7a78-521f54ba9915,https://iiif.dl.itc.u-tokyo.ac.jp/repo/s/cpas-takagi/,https://iiif.dl.itc.u-tokyo.ac.jp/repo/s/cpas-takagi/document/333fec49-6af6-4980-7a78-521f54ba9915,http://www.cpas.c.u-tokyo.ac.jp/lib/archive_riyo2.html,https://iiif.dl.itc.u-tokyo.ac.jp/repo/files/medium/ecca135e41ccd16496961082f48f0e316ee9ea5d.jpg,https://iiif.dl.itc.u-tokyo.ac.jp/repo/api/items/710762,"東京大学大学院総合文化研究科グローバル地域研究機構アメリカ太平洋地域研究センター Center for Pacific and American Studies, The University of Tokyo, JAPAN",http://iiif.io/api/presentation/2#leftToRightDirection,,CPAS高木八尺デジタルアーカイブ,0096,,https://iiif.dl.itc.u-tokyo.ac.jp/repo/iiif/333fec49-6af6-4980-7a78-521f54ba9915/manifest,,,,,5
「基本的人権及権利章典ニ就テ」,636-[4],高木原稿 米国革命の政治思想、基本的人権,原稿|印刷,日本語,,手書き校正あり,,,67,0066-0082,図書,http://tify.sub.uni-goettingen.de/demo.html?manifest=https://archdataset.dl.itc.u-tokyo.ac.jp/manifest/d89b18a4-a645-021a-848f-2a6866b52c85.json,d89b18a4-a645-021a-848f-2a6866b52c85,https://iiif.dl.itc.u-tokyo.ac.jp/repo/s/cpas-takagi/,https://iiif.dl.itc.u-tokyo.ac.jp/repo/s/cpas-takagi/document/d89b18a4-a645-021a-848f-2a6866b52c85,http://www.cpas.c.u-tokyo.ac.jp/lib/archive_riyo2.html,https://iiif.dl.itc.u-tokyo.ac.jp/repo/files/medium/5b8fd6da1e80b38e3ff4d8672c43fcc5b326a503.jpg,https://iiif.dl.itc.u-tokyo.ac.jp/repo/api/items/710761,"東京大学大学院総合文化研究科グローバル地域研究機構アメリカ太平洋地域研究センター Center for Pacific and American Studies, The University of Tokyo, JAPAN",http://iiif.io/api/presentation/2#rightToLeftDirection,,CPAS高木八尺デジタルアーカイブ,0097,,https://iiif.dl.itc.u-tokyo.ac.jp/repo/iiif/d89b18a4-a645-021a-848f-2a6866b52c85/manifest,,,,,17
「1946東大普及講座?」,636-[5],高木原稿 米国革命の政治思想、基本的人権,原稿|手書き,日本語,,,,,67,0083-0108,図書,http://tify.sub.uni-goettingen.de/demo.html?manifest=https://archdataset.dl.itc.u-tokyo.ac.jp/manifest/47ec114e-6906-6d9e-a25e-cfe09fac9d1f.json,47ec114e-6906-6d9e-a25e-cfe09fac9d1f,https://iiif.dl.itc.u-tokyo.ac.jp/repo/s/cpas-takagi/,https://iiif.dl.itc.u-tokyo.ac.jp/repo/s/cpas-takagi/document/47ec114e-6906-6d9e-a25e-cfe09fac9d1f,http://www.cpas.c.u-tokyo.ac.jp/lib/archive_riyo2.html,https://iiif.dl.itc.u-tokyo.ac.jp/repo/files/medium/e37c16dd4c43f1d1d07a1c3aecd629b7e11d17e2.jpg,https://iiif.dl.itc.u-tokyo.ac.jp/repo/api/items/710760,"東京大学大学院総合文化研究科グローバル地域研究機構アメリカ太平洋地域研究センター Center for Pacific and American Studies, The University of Tokyo, JAPAN",http://iiif.io/api/presentation/2#rightToLeftDirection,,CPAS高木八尺デジタルアーカイブ,0098,,https://iiif.dl.itc.u-tokyo.ac.jp/repo/iiif/47ec114e-6906-6d9e-a25e-cfe09fac9d1f/manifest,,,,,26
「法理研究会(1934春ノ頃)」他,637-[1],高木原稿(東大以外での講演),原稿|手書き,日本語,昭10、京大「第三講 最近の外交の傾向、殊に国際関係に於るニューディールの実現」|昭10年10月末京都大の法講を使用?「第三 平和と國際協調の政策及現時の新國民主義」,,,[1934],67,0111-0142,図書,http://tify.sub.uni-goettingen.de/demo.html?manifest=https://archdataset.dl.itc.u-tokyo.ac.jp/manifest/6d91c506-0afd-2e31-548c-fa75e0c633b0.json,6d91c506-0afd-2e31-548c-fa75e0c633b0,https://iiif.dl.itc.u-tokyo.ac.jp/repo/s/cpas-takagi/,https://iiif.dl.itc.u-tokyo.ac.jp/repo/s/cpas-takagi/document/6d91c506-0afd-2e31-548c-fa75e0c633b0,http://www.cpas.c.u-tokyo.ac.jp/lib/archive_riyo2.html,https://iiif.dl.itc.u-tokyo.ac.jp/repo/files/medium/d9a7add04e23ea774847f2286a64df82d69c89c4.jpg,https://iiif.dl.itc.u-tokyo.ac.jp/repo/api/items/710759,"東京大学大学院総合文化研究科グローバル地域研究機構アメリカ太平洋地域研究センター Center for Pacific and American Studies, The University of Tokyo, JAPAN",http://iiif.io/api/presentation/2#rightToLeftDirection,,CPAS高木八尺デジタルアーカイブ,0099,,https://iiif.dl.itc.u-tokyo.ac.jp/repo/iiif/6d91c506-0afd-2e31-548c-fa75e0c633b0/manifest,,,,,32
「米国外交ノ伝統的三大政策」(法政講演ト思ハレルモノ),637-[2],高木原稿(東大以外での講演),メモ|手書き,日本語,,,,[1935],67,0143-0145,図書,http://tify.sub.uni-goettingen.de/demo.html?manifest=https://archdataset.dl.itc.u-tokyo.ac.jp/manifest/9691da87-86a2-30fd-157c-ee491ddf0660.json,9691da87-86a2-30fd-157c-ee491ddf0660,https://iiif.dl.itc.u-tokyo.ac.jp/repo/s/cpas-takagi/,https://iiif.dl.itc.u-tokyo.ac.jp/repo/s/cpas-takagi/document/9691da87-86a2-30fd-157c-ee491ddf0660,http://www.cpas.c.u-tokyo.ac.jp/lib/archive_riyo2.html,https://iiif.dl.itc.u-tokyo.ac.jp/repo/files/medium/2cf8bcd9fde713233464932ff9702384b41fe753.jpg,https://iiif.dl.itc.u-tokyo.ac.jp/repo/api/items/710758,"東京大学大学院総合文化研究科グローバル地域研究機構アメリカ太平洋地域研究センター Center for Pacific and American Studies, The University of Tokyo, JAPAN",http://iiif.io/api/presentation/2#leftToRightDirection,,CPAS高木八尺デジタルアーカイブ,0100,,https://iiif.dl.itc.u-tokyo.ac.jp/repo/iiif/9691da87-86a2-30fd-157c-ee491ddf0660/manifest,,,,,3
「米国外交政策の概観」,637-[3],高木原稿(東大以外での講演),原稿|手書き,日本語,,,,,67,0146-0156,図書,http://tify.sub.uni-goettingen.de/demo.html?manifest=https://archdataset.dl.itc.u-tokyo.ac.jp/manifest/fd800252-1565-4101-9b9e-e8f91533487a.json,fd800252-1565-4101-9b9e-e8f91533487a,https://iiif.dl.itc.u-tokyo.ac.jp/repo/s/cpas-takagi/,https://iiif.dl.itc.u-tokyo.ac.jp/repo/s/cpas-takagi/document/fd800252-1565-4101-9b9e-e8f91533487a,http://www.cpas.c.u-tokyo.ac.jp/lib/archive_riyo2.html,https://iiif.dl.itc.u-tokyo.ac.jp/repo/files/medium/1323315f74b3c323696676b658adbb122d15ece2.jpg,https://iiif.dl.itc.u-tokyo.ac.jp/repo/api/items/710757,"東京大学大学院総合文化研究科グローバル地域研究機構アメリカ太平洋地域研究センター Center for Pacific and American Studies, The University of Tokyo, JAPAN",http://iiif.io/api/presentation/2#rightToLeftDirection,,CPAS高木八尺デジタルアーカイブ,0101,,https://iiif.dl.itc.u-tokyo.ac.jp/repo/iiif/fd800252-1565-4101-9b9e-e8f91533487a/manifest,,,,,11
「米国政治の史的背景」,637-[4],高木原稿(東大以外での講演),原稿|手書き,日本語,,昭和15年12月6日早稲田大学「文化講座」講演,昭和15年12月6日,1940.12.6,67,0157-0183,図書,http://tify.sub.uni-goettingen.de/demo.html?manifest=https://archdataset.dl.itc.u-tokyo.ac.jp/manifest/ff323753-9495-91d0-66f6-2d1e99d477de.json,ff323753-9495-91d0-66f6-2d1e99d477de,https://iiif.dl.itc.u-tokyo.ac.jp/repo/s/cpas-takagi/,https://iiif.dl.itc.u-tokyo.ac.jp/repo/s/cpas-takagi/document/ff323753-9495-91d0-66f6-2d1e99d477de,http://www.cpas.c.u-tokyo.ac.jp/lib/archive_riyo2.html,https://iiif.dl.itc.u-tokyo.ac.jp/repo/files/medium/fd1603695206957fa49c9ffac5677a591714e26f.jpg,https://iiif.dl.itc.u-tokyo.ac.jp/repo/api/items/710756,"東京大学大学院総合文化研究科グローバル地域研究機構アメリカ太平洋地域研究センター Center for Pacific and American Studies, The University of Tokyo, JAPAN",http://iiif.io/api/presentation/2#rightToLeftDirection,,CPAS高木八尺デジタルアーカイブ,0102,,https://iiif.dl.itc.u-tokyo.ac.jp/repo/iiif/ff323753-9495-91d0-66f6-2d1e99d477de/manifest,,,,,27
「アメリカ東洋政策の性格」,637-[5],高木原稿(東大以外での講演),原稿|手書き,日本語,,,,,67,0184-0188,図書,http://tify.sub.uni-goettingen.de/demo.html?manifest=https://archdataset.dl.itc.u-tokyo.ac.jp/manifest/4f5ed0b5-78ed-a1d1-a0d6-2e43bc1403cf.json,4f5ed0b5-78ed-a1d1-a0d6-2e43bc1403cf,https://iiif.dl.itc.u-tokyo.ac.jp/repo/s/cpas-takagi/,https://iiif.dl.itc.u-tokyo.ac.jp/repo/s/cpas-takagi/document/4f5ed0b5-78ed-a1d1-a0d6-2e43bc1403cf,http://www.cpas.c.u-tokyo.ac.jp/lib/archive_riyo2.html,https://iiif.dl.itc.u-tokyo.ac.jp/repo/files/medium/8fd1d7d6e8400deb71496fb2d4957d75b61d7441.jpg,https://iiif.dl.itc.u-tokyo.ac.jp/repo/api/items/710755,"東京大学大学院総合文化研究科グローバル地域研究機構アメリカ太平洋地域研究センター Center for Pacific and American Studies, The University of Tokyo, JAPAN",http://iiif.io/api/presentation/2#rightToLeftDirection,,CPAS高木八尺デジタルアーカイブ,0103,,https://iiif.dl.itc.u-tokyo.ac.jp/repo/iiif/4f5ed0b5-78ed-a1d1-a0d6-2e43bc1403cf/manifest,,,,,5
「九州大学『国際政治学』講義」,637-[6],高木原稿(東大以外での講演),原稿|手書き,日本語,,,昭和18年,1943,67,0189-0191,図書,http://tify.sub.uni-goettingen.de/demo.html?manifest=https://archdataset.dl.itc.u-tokyo.ac.jp/manifest/77ead96e-3cee-a19c-63b0-a9addb2685a0.json,77ead96e-3cee-a19c-63b0-a9addb2685a0,https://iiif.dl.itc.u-tokyo.ac.jp/repo/s/cpas-takagi/,https://iiif.dl.itc.u-tokyo.ac.jp/repo/s/cpas-takagi/document/77ead96e-3cee-a19c-63b0-a9addb2685a0,http://www.cpas.c.u-tokyo.ac.jp/lib/archive_riyo2.html,https://iiif.dl.itc.u-tokyo.ac.jp/repo/files/medium/91f3631ef40480842687e5798ae29252c8b91237.jpg,https://iiif.dl.itc.u-tokyo.ac.jp/repo/api/items/710754,"東京大学大学院総合文化研究科グローバル地域研究機構アメリカ太平洋地域研究センター Center for Pacific and American Studies, The University of Tokyo, JAPAN",http://iiif.io/api/presentation/2#rightToLeftDirection,,CPAS高木八尺デジタルアーカイブ,0104,,https://iiif.dl.itc.u-tokyo.ac.jp/repo/iiif/77ead96e-3cee-a19c-63b0-a9addb2685a0/manifest,,,,,3
「第五章 不況と復興及び改革」,637-[7],高木原稿(東大以外での講演),原稿|手書き,日本語,,北大昭18(1943),昭和18年,1943,67,0192-0197,図書,http://tify.sub.uni-goettingen.de/demo.html?manifest=https://archdataset.dl.itc.u-tokyo.ac.jp/manifest/eddbc9bc-314a-8e14-14f9-4fef0bf45d08.json,eddbc9bc-314a-8e14-14f9-4fef0bf45d08,https://iiif.dl.itc.u-tokyo.ac.jp/repo/s/cpas-takagi/,https://iiif.dl.itc.u-tokyo.ac.jp/repo/s/cpas-takagi/document/eddbc9bc-314a-8e14-14f9-4fef0bf45d08,http://www.cpas.c.u-tokyo.ac.jp/lib/archive_riyo2.html,https://iiif.dl.itc.u-tokyo.ac.jp/repo/files/medium/c0e87f4f35bb53fa373ffc8f88a39a6fae4d1995.jpg,https://iiif.dl.itc.u-tokyo.ac.jp/repo/api/items/710753,"東京大学大学院総合文化研究科グローバル地域研究機構アメリカ太平洋地域研究センター Center for Pacific and American Studies, The University of Tokyo, JAPAN",http://iiif.io/api/presentation/2#rightToLeftDirection,,CPAS高木八尺デジタルアーカイブ,0105,,https://iiif.dl.itc.u-tokyo.ac.jp/repo/iiif/eddbc9bc-314a-8e14-14f9-4fef0bf45d08/manifest,,,,,6
「米国の対支政策の一考察」,637-[8],高木原稿(東大以外での講演),原稿|手書き,日本語,,昭18.7.14 政治学研究会報告,昭和18年,1943,67,0198-0225,図書,http://tify.sub.uni-goettingen.de/demo.html?manifest=https://archdataset.dl.itc.u-tokyo.ac.jp/manifest/7bf9daa4-1a49-a18c-2085-99e081718a5b.json,7bf9daa4-1a49-a18c-2085-99e081718a5b,https://iiif.dl.itc.u-tokyo.ac.jp/repo/s/cpas-takagi/,https://iiif.dl.itc.u-tokyo.ac.jp/repo/s/cpas-takagi/document/7bf9daa4-1a49-a18c-2085-99e081718a5b,http://www.cpas.c.u-tokyo.ac.jp/lib/archive_riyo2.html,https://iiif.dl.itc.u-tokyo.ac.jp/repo/files/medium/0ffd590ec5f0ba38d604a9afa59447a10fb4ecb6.jpg,https://iiif.dl.itc.u-tokyo.ac.jp/repo/api/items/710752,"東京大学大学院総合文化研究科グローバル地域研究機構アメリカ太平洋地域研究センター Center for Pacific and American Studies, The University of Tokyo, JAPAN",http://iiif.io/api/presentation/2#rightToLeftDirection,,CPAS高木八尺デジタルアーカイブ,0106,,https://iiif.dl.itc.u-tokyo.ac.jp/repo/iiif/7bf9daa4-1a49-a18c-2085-99e081718a5b/manifest,,,,,26
「米国復興計画の概観」,644,NRA関係資料,原稿|手書き,日本語,,,,,68,0111-0138,図書,http://tify.sub.uni-goettingen.de/demo.html?manifest=https://archdataset.dl.itc.u-tokyo.ac.jp/manifest/546af289-34bb-6cd7-4ae8-509e96453e58.json,546af289-34bb-6cd7-4ae8-509e96453e58,https://iiif.dl.itc.u-tokyo.ac.jp/repo/s/cpas-takagi/,https://iiif.dl.itc.u-tokyo.ac.jp/repo/s/cpas-takagi/document/546af289-34bb-6cd7-4ae8-509e96453e58,http://www.cpas.c.u-tokyo.ac.jp/lib/archive_riyo2.html,https://iiif.dl.itc.u-tokyo.ac.jp/repo/files/medium/c4986ccc6a9d8b0d10bfb706881200118f25527c.jpg,https://iiif.dl.itc.u-tokyo.ac.jp/repo/api/items/710751,"東京大学大学院総合文化研究科グローバル地域研究機構アメリカ太平洋地域研究センター Center for Pacific and American Studies, The University of Tokyo, JAPAN",http://iiif.io/api/presentation/2#rightToLeftDirection,,CPAS高木八尺デジタルアーカイブ,0107,,https://iiif.dl.itc.u-tokyo.ac.jp/repo/iiif/546af289-34bb-6cd7-4ae8-509e96453e58/manifest,,,,,28
"""Election of 1912""",645-[1],高木原稿とメモ(革新主義),メモ|手書き,英語,,,,,68,0197-0205,図書,http://tify.sub.uni-goettingen.de/demo.html?manifest=https://archdataset.dl.itc.u-tokyo.ac.jp/manifest/75f6ccbb-81ea-0503-6ece-6d58e0622cec.json,75f6ccbb-81ea-0503-6ece-6d58e0622cec,https://iiif.dl.itc.u-tokyo.ac.jp/repo/s/cpas-takagi/,https://iiif.dl.itc.u-tokyo.ac.jp/repo/s/cpas-takagi/document/75f6ccbb-81ea-0503-6ece-6d58e0622cec,http://www.cpas.c.u-tokyo.ac.jp/lib/archive_riyo2.html,https://iiif.dl.itc.u-tokyo.ac.jp/repo/files/medium/225be5f821c00809b53608bc4e9826b9be8ce197.jpg,https://iiif.dl.itc.u-tokyo.ac.jp/repo/api/items/710750,"東京大学大学院総合文化研究科グローバル地域研究機構アメリカ太平洋地域研究センター Center for Pacific and American Studies, The University of Tokyo, JAPAN",,,CPAS高木八尺デジタルアーカイブ,0108,,https://iiif.dl.itc.u-tokyo.ac.jp/repo/iiif/75f6ccbb-81ea-0503-6ece-6d58e0622cec/manifest,,,,,9
「第二節 革新運動 (New Reform Movement)」,645-[2],高木原稿とメモ(革新主義),メモ|手書き,日本語,,,,,68,0206-0216,図書,http://tify.sub.uni-goettingen.de/demo.html?manifest=https://archdataset.dl.itc.u-tokyo.ac.jp/manifest/0bd8c59f-525e-3433-59a3-aea208fb85b9.json,0bd8c59f-525e-3433-59a3-aea208fb85b9,https://iiif.dl.itc.u-tokyo.ac.jp/repo/s/cpas-takagi/,https://iiif.dl.itc.u-tokyo.ac.jp/repo/s/cpas-takagi/document/0bd8c59f-525e-3433-59a3-aea208fb85b9,http://www.cpas.c.u-tokyo.ac.jp/lib/archive_riyo2.html,https://iiif.dl.itc.u-tokyo.ac.jp/repo/files/medium/1be59eab62e680309c0f8a1c99f6d6bf6023e0a1.jpg,https://iiif.dl.itc.u-tokyo.ac.jp/repo/api/items/710749,"東京大学大学院総合文化研究科グローバル地域研究機構アメリカ太平洋地域研究センター Center for Pacific and American Studies, The University of Tokyo, JAPAN",http://iiif.io/api/presentation/2#leftToRightDirection,,CPAS高木八尺デジタルアーカイブ,0109,,https://iiif.dl.itc.u-tokyo.ac.jp/repo/iiif/0bd8c59f-525e-3433-59a3-aea208fb85b9/manifest,,,,,11
「第九章 第二節 革新主義の時代 Progressive Era 1900-17},645-[3],高木原稿とメモ(革新主義),原稿|手書き,日本語,,,,,68,0217-0233,図書,http://tify.sub.uni-goettingen.de/demo.html?manifest=https://archdataset.dl.itc.u-tokyo.ac.jp/manifest/4a97f474-3798-2d07-4b45-10d9b50707c8.json,4a97f474-3798-2d07-4b45-10d9b50707c8,https://iiif.dl.itc.u-tokyo.ac.jp/repo/s/cpas-takagi/,https://iiif.dl.itc.u-tokyo.ac.jp/repo/s/cpas-takagi/document/4a97f474-3798-2d07-4b45-10d9b50707c8,http://www.cpas.c.u-tokyo.ac.jp/lib/archive_riyo2.html,https://iiif.dl.itc.u-tokyo.ac.jp/repo/files/medium/c1b7d71230c5dab35c0ec4eaf1944692e5a595de.jpg,https://iiif.dl.itc.u-tokyo.ac.jp/repo/api/items/710748,"東京大学大学院総合文化研究科グローバル地域研究機構アメリカ太平洋地域研究センター Center for Pacific and American Studies, The University of Tokyo, JAPAN",http://iiif.io/api/presentation/2#rightToLeftDirection,,CPAS高木八尺デジタルアーカイブ,0110,,https://iiif.dl.itc.u-tokyo.ac.jp/repo/iiif/4a97f474-3798-2d07-4b45-10d9b50707c8/manifest,,,,,17
「第十二章 政治思想の変遷。新時代の曙光」,645-[4],高木原稿とメモ(革新主義),原稿|手書き,日本語,,,,,68,0234-0240,図書,http://tify.sub.uni-goettingen.de/demo.html?manifest=https://archdataset.dl.itc.u-tokyo.ac.jp/manifest/b1b44ba1-0500-a1d8-9052-7054243d9ecc.json,b1b44ba1-0500-a1d8-9052-7054243d9ecc,https://iiif.dl.itc.u-tokyo.ac.jp/repo/s/cpas-takagi/,https://iiif.dl.itc.u-tokyo.ac.jp/repo/s/cpas-takagi/document/b1b44ba1-0500-a1d8-9052-7054243d9ecc,http://www.cpas.c.u-tokyo.ac.jp/lib/archive_riyo2.html,https://iiif.dl.itc.u-tokyo.ac.jp/repo/files/medium/06af05e39625d8e9f2f83c16e7d8cf2787e7b212.jpg,https://iiif.dl.itc.u-tokyo.ac.jp/repo/api/items/710747,"東京大学大学院総合文化研究科グローバル地域研究機構アメリカ太平洋地域研究センター Center for Pacific and American Studies, The University of Tokyo, JAPAN",http://iiif.io/api/presentation/2#rightToLeftDirection,,CPAS高木八尺デジタルアーカイブ,0111,,https://iiif.dl.itc.u-tokyo.ac.jp/repo/iiif/b1b44ba1-0500-a1d8-9052-7054243d9ecc/manifest,,,,,7
「第三章 革新主義の時代」,645-[5],高木原稿とメモ(革新主義),原稿|手書き,日本語,,メモ類含む,,[1935],68,0241-0336,図書,http://tify.sub.uni-goettingen.de/demo.html?manifest=https://archdataset.dl.itc.u-tokyo.ac.jp/manifest/37ad934b-762c-54fd-7049-896f5f945561.json,37ad934b-762c-54fd-7049-896f5f945561,https://iiif.dl.itc.u-tokyo.ac.jp/repo/s/cpas-takagi/,https://iiif.dl.itc.u-tokyo.ac.jp/repo/s/cpas-takagi/document/37ad934b-762c-54fd-7049-896f5f945561,http://www.cpas.c.u-tokyo.ac.jp/lib/archive_riyo2.html,https://iiif.dl.itc.u-tokyo.ac.jp/repo/files/medium/c96d78287c60ef38a3f56f853bb186ea8d81df88.jpg,https://iiif.dl.itc.u-tokyo.ac.jp/repo/api/items/710746,"東京大学大学院総合文化研究科グローバル地域研究機構アメリカ太平洋地域研究センター Center for Pacific and American Studies, The University of Tokyo, JAPAN",http://iiif.io/api/presentation/2#rightToLeftDirection,,CPAS高木八尺デジタルアーカイブ,0112,,https://iiif.dl.itc.u-tokyo.ac.jp/repo/iiif/37ad934b-762c-54fd-7049-896f5f945561/manifest,,,,,92
"""II Exponents ...""",645-[6],高木原稿とメモ(革新主義),メモ|手書き,日本語,,,,,68,0337-0387,図書,http://tify.sub.uni-goettingen.de/demo.html?manifest=https://archdataset.dl.itc.u-tokyo.ac.jp/manifest/810c8211-52eb-457c-81e3-9ca470c272d5.json,810c8211-52eb-457c-81e3-9ca470c272d5,https://iiif.dl.itc.u-tokyo.ac.jp/repo/s/cpas-takagi/,https://iiif.dl.itc.u-tokyo.ac.jp/repo/s/cpas-takagi/document/810c8211-52eb-457c-81e3-9ca470c272d5,http://www.cpas.c.u-tokyo.ac.jp/lib/archive_riyo2.html,https://iiif.dl.itc.u-tokyo.ac.jp/repo/files/medium/13f3539e2240c4c7ff490d54ee87b704243fcc8b.jpg,https://iiif.dl.itc.u-tokyo.ac.jp/repo/api/items/710745,"東京大学大学院総合文化研究科グローバル地域研究機構アメリカ太平洋地域研究センター Center for Pacific and American Studies, The University of Tokyo, JAPAN",http://iiif.io/api/presentation/2#leftToRightDirection,,CPAS高木八尺デジタルアーカイブ,0113,,https://iiif.dl.itc.u-tokyo.ac.jp/repo/iiif/810c8211-52eb-457c-81e3-9ca470c272d5/manifest,,,,,51
「第十三章 Theodore Rooseveltト新国家主義 (New Nationalism),645-[7],高木原稿とメモ(革新主義),メモ|手書き,日本語,,,,,68,0388-0417,図書,http://tify.sub.uni-goettingen.de/demo.html?manifest=https://archdataset.dl.itc.u-tokyo.ac.jp/manifest/f5bd50ae-4877-3a9a-27d2-048cf6fb3946.json,f5bd50ae-4877-3a9a-27d2-048cf6fb3946,https://iiif.dl.itc.u-tokyo.ac.jp/repo/s/cpas-takagi/,https://iiif.dl.itc.u-tokyo.ac.jp/repo/s/cpas-takagi/document/f5bd50ae-4877-3a9a-27d2-048cf6fb3946,http://www.cpas.c.u-tokyo.ac.jp/lib/archive_riyo2.html,https://iiif.dl.itc.u-tokyo.ac.jp/repo/files/medium/1cec33d7ed5e1f58c4875614ce92551dd9cc42b6.jpg,https://iiif.dl.itc.u-tokyo.ac.jp/repo/api/items/710744,"東京大学大学院総合文化研究科グローバル地域研究機構アメリカ太平洋地域研究センター Center for Pacific and American Studies, The University of Tokyo, JAPAN",http://iiif.io/api/presentation/2#leftToRightDirection,,CPAS高木八尺デジタルアーカイブ,0114,,https://iiif.dl.itc.u-tokyo.ac.jp/repo/iiif/f5bd50ae-4877-3a9a-27d2-048cf6fb3946/manifest,,,,,30
「第二節 第一 農業 鉱業ノ発達 辺境ノ消滅」他,646,高木原稿とメモ (economic revolution),メモ|手書き,日本語,,,,,68,0420-0441,図書,http://tify.sub.uni-goettingen.de/demo.html?manifest=https://archdataset.dl.itc.u-tokyo.ac.jp/manifest/f745f5dc-0cdc-870c-866c-026686621dde.json,f745f5dc-0cdc-870c-866c-026686621dde,https://iiif.dl.itc.u-tokyo.ac.jp/repo/s/cpas-takagi/,https://iiif.dl.itc.u-tokyo.ac.jp/repo/s/cpas-takagi/document/f745f5dc-0cdc-870c-866c-026686621dde,http://www.cpas.c.u-tokyo.ac.jp/lib/archive_riyo2.html,https://iiif.dl.itc.u-tokyo.ac.jp/repo/files/medium/732f3660eb248a2a210d6b5a2a69b0c2fc95bbbf.jpg,https://iiif.dl.itc.u-tokyo.ac.jp/repo/api/items/710743,"東京大学大学院総合文化研究科グローバル地域研究機構アメリカ太平洋地域研究センター Center for Pacific and American Studies, The University of Tokyo, JAPAN",http://iiif.io/api/presentation/2#leftToRightDirection,,CPAS高木八尺デジタルアーカイブ,0115,,https://iiif.dl.itc.u-tokyo.ac.jp/repo/iiif/f745f5dc-0cdc-870c-866c-026686621dde/manifest,,,,,22
「第二項 ウィルソンの出現とその革進主義の実り」他,647,"高木原稿 (Wilson, W)",原稿|手書き,日本語,,,,,68,0443-0459,図書,http://tify.sub.uni-goettingen.de/demo.html?manifest=https://archdataset.dl.itc.u-tokyo.ac.jp/manifest/80ab6391-a1be-02f0-1624-4d86f23441d5.json,80ab6391-a1be-02f0-1624-4d86f23441d5,https://iiif.dl.itc.u-tokyo.ac.jp/repo/s/cpas-takagi/,https://iiif.dl.itc.u-tokyo.ac.jp/repo/s/cpas-takagi/document/80ab6391-a1be-02f0-1624-4d86f23441d5,http://www.cpas.c.u-tokyo.ac.jp/lib/archive_riyo2.html,https://iiif.dl.itc.u-tokyo.ac.jp/repo/files/medium/373420485505916791db06a3db5b533298620ad3.jpg,https://iiif.dl.itc.u-tokyo.ac.jp/repo/api/items/710742,"東京大学大学院総合文化研究科グローバル地域研究機構アメリカ太平洋地域研究センター Center for Pacific and American Studies, The University of Tokyo, JAPAN",http://iiif.io/api/presentation/2#rightToLeftDirection,,CPAS高木八尺デジタルアーカイブ,0116,,https://iiif.dl.itc.u-tokyo.ac.jp/repo/iiif/80ab6391-a1be-02f0-1624-4d86f23441d5/manifest,,,,,16
「第五章 奴隷問題と内乱」他,648-[1],高木原稿 (奴隷問題),原稿|手書き,日本語,「第九章 奴隷問題ト南北戦争」|「第五章 第四節 十九世紀中葉の米国外交」,メモ類含む,,,69,0004-0119,図書,http://tify.sub.uni-goettingen.de/demo.html?manifest=https://archdataset.dl.itc.u-tokyo.ac.jp/manifest/358a2d39-1cb2-7368-14b8-8a07bdcf51ea.json,358a2d39-1cb2-7368-14b8-8a07bdcf51ea,https://iiif.dl.itc.u-tokyo.ac.jp/repo/s/cpas-takagi/,https://iiif.dl.itc.u-tokyo.ac.jp/repo/s/cpas-takagi/document/358a2d39-1cb2-7368-14b8-8a07bdcf51ea,http://www.cpas.c.u-tokyo.ac.jp/lib/archive_riyo2.html,https://iiif.dl.itc.u-tokyo.ac.jp/repo/files/medium/17a82b69c5e7130522393053dd3c947d270ba78d.jpg,https://iiif.dl.itc.u-tokyo.ac.jp/repo/api/items/710741,"東京大学大学院総合文化研究科グローバル地域研究機構アメリカ太平洋地域研究センター Center for Pacific and American Studies, The University of Tokyo, JAPAN",http://iiif.io/api/presentation/2#rightToLeftDirection,,CPAS高木八尺デジタルアーカイブ,0117,,https://iiif.dl.itc.u-tokyo.ac.jp/repo/iiif/358a2d39-1cb2-7368-14b8-8a07bdcf51ea/manifest,,,,,116
[メモ・草稿(奴隷問題)],648-[2],高木原稿 (奴隷問題),メモ|手書き,日本語,「第一節 Reconstructionノ時代、改造ノ時代」|「第十(八)章 奴隷問題と南北戦争」,,,,69,0120-0142,図書,http://tify.sub.uni-goettingen.de/demo.html?manifest=https://archdataset.dl.itc.u-tokyo.ac.jp/manifest/237f8b0e-758d-306f-7682-649d546b3fe1.json,237f8b0e-758d-306f-7682-649d546b3fe1,https://iiif.dl.itc.u-tokyo.ac.jp/repo/s/cpas-takagi/,https://iiif.dl.itc.u-tokyo.ac.jp/repo/s/cpas-takagi/document/237f8b0e-758d-306f-7682-649d546b3fe1,http://www.cpas.c.u-tokyo.ac.jp/lib/archive_riyo2.html,https://iiif.dl.itc.u-tokyo.ac.jp/repo/files/medium/9bad52048af04b252f28ef03711e920ead8dee70.jpg,https://iiif.dl.itc.u-tokyo.ac.jp/repo/api/items/710740,"東京大学大学院総合文化研究科グローバル地域研究機構アメリカ太平洋地域研究センター Center for Pacific and American Studies, The University of Tokyo, JAPAN",http://iiif.io/api/presentation/2#leftToRightDirection,,CPAS高木八尺デジタルアーカイブ,0118,,https://iiif.dl.itc.u-tokyo.ac.jp/repo/iiif/237f8b0e-758d-306f-7682-649d546b3fe1/manifest,,,,,20
「第三、参政権ノ権限」他,649,高木原稿、メモ (参政権),メモ|手書き,日本語,「下編 米國近代政治史ニ現レタル制度及思想ノ研究」|「第四 立法ニ関スル思想及制度ノ変遷」,,,[1925],69,0148-0182,図書,http://tify.sub.uni-goettingen.de/demo.html?manifest=https://archdataset.dl.itc.u-tokyo.ac.jp/manifest/ee51f1aa-2fb9-0bc9-15c7-00f6fc4c3e10.json,ee51f1aa-2fb9-0bc9-15c7-00f6fc4c3e10,https://iiif.dl.itc.u-tokyo.ac.jp/repo/s/cpas-takagi/,https://iiif.dl.itc.u-tokyo.ac.jp/repo/s/cpas-takagi/document/ee51f1aa-2fb9-0bc9-15c7-00f6fc4c3e10,http://www.cpas.c.u-tokyo.ac.jp/lib/archive_riyo2.html,https://iiif.dl.itc.u-tokyo.ac.jp/repo/files/medium/66f66a0f4dd950f5c94533caa3c2e03d19c61c9e.jpg,https://iiif.dl.itc.u-tokyo.ac.jp/repo/api/items/710739,"東京大学大学院総合文化研究科グローバル地域研究機構アメリカ太平洋地域研究センター Center for Pacific and American Studies, The University of Tokyo, JAPAN",http://iiif.io/api/presentation/2#leftToRightDirection,,CPAS高木八尺デジタルアーカイブ,0119,,https://iiif.dl.itc.u-tokyo.ac.jp/repo/iiif/ee51f1aa-2fb9-0bc9-15c7-00f6fc4c3e10/manifest,,,,,33
「第八章 ジャクソンノ民衆政治」他,650,高木原稿、メモ,原稿|手書き,日本語,「第八(七)章 太平洋迄の膨張の天命」|「第八章 Jackson時代の国民の一般生活」,国家学会雑誌掲載原稿の一部?,,,69,0188-0269,図書,http://tify.sub.uni-goettingen.de/demo.html?manifest=https://archdataset.dl.itc.u-tokyo.ac.jp/manifest/a3c4d30c-87a5-a16f-8d68-0ce5bb2ca3b4.json,a3c4d30c-87a5-a16f-8d68-0ce5bb2ca3b4,https://iiif.dl.itc.u-tokyo.ac.jp/repo/s/cpas-takagi/,https://iiif.dl.itc.u-tokyo.ac.jp/repo/s/cpas-takagi/document/a3c4d30c-87a5-a16f-8d68-0ce5bb2ca3b4,http://www.cpas.c.u-tokyo.ac.jp/lib/archive_riyo2.html,https://iiif.dl.itc.u-tokyo.ac.jp/repo/files/medium/cb7fbf1b977e432062a78a3749e3b21a1bd53756.jpg,https://iiif.dl.itc.u-tokyo.ac.jp/repo/api/items/710738,"東京大学大学院総合文化研究科グローバル地域研究機構アメリカ太平洋地域研究センター Center for Pacific and American Studies, The University of Tokyo, JAPAN",http://iiif.io/api/presentation/2#rightToLeftDirection,,CPAS高木八尺デジタルアーカイブ,0120,,https://iiif.dl.itc.u-tokyo.ac.jp/repo/iiif/a3c4d30c-87a5-a16f-8d68-0ce5bb2ca3b4/manifest,,,,,79
「法学部公開講義」,652-[1],高木原稿,メモ|手書き,日本語,,,,,70,0004-0005,図書,http://tify.sub.uni-goettingen.de/demo.html?manifest=https://archdataset.dl.itc.u-tokyo.ac.jp/manifest/f1e6c926-9a04-96ee-2d60-79f858436b6d.json,f1e6c926-9a04-96ee-2d60-79f858436b6d,https://iiif.dl.itc.u-tokyo.ac.jp/repo/s/cpas-takagi/,https://iiif.dl.itc.u-tokyo.ac.jp/repo/s/cpas-takagi/document/f1e6c926-9a04-96ee-2d60-79f858436b6d,http://www.cpas.c.u-tokyo.ac.jp/lib/archive_riyo2.html,https://iiif.dl.itc.u-tokyo.ac.jp/repo/files/medium/79f65321b8bfba7d380ccac3ec348383245603ff.jpg,https://iiif.dl.itc.u-tokyo.ac.jp/repo/api/items/710737,"東京大学大学院総合文化研究科グローバル地域研究機構アメリカ太平洋地域研究センター Center for Pacific and American Studies, The University of Tokyo, JAPAN",http://iiif.io/api/presentation/2#rightToLeftDirection,,CPAS高木八尺デジタルアーカイブ,0121,,https://iiif.dl.itc.u-tokyo.ac.jp/repo/iiif/f1e6c926-9a04-96ee-2d60-79f858436b6d/manifest,,,,,2
「第一章 米国の土地及人」他,652-[2],高木原稿,原稿|手書き,日本語,「第一章 アメリカの国土と初代の移住民」,,,,70,0006-0093,図書,http://tify.sub.uni-goettingen.de/demo.html?manifest=https://archdataset.dl.itc.u-tokyo.ac.jp/manifest/a7c1f24f-9158-7f8a-1d47-3a8ecd0d22fb.json,a7c1f24f-9158-7f8a-1d47-3a8ecd0d22fb,https://iiif.dl.itc.u-tokyo.ac.jp/repo/s/cpas-takagi/,https://iiif.dl.itc.u-tokyo.ac.jp/repo/s/cpas-takagi/document/a7c1f24f-9158-7f8a-1d47-3a8ecd0d22fb,http://www.cpas.c.u-tokyo.ac.jp/lib/archive_riyo2.html,https://iiif.dl.itc.u-tokyo.ac.jp/repo/files/medium/24ed350a6c0c3ef038349e286b28fada841ae61b.jpg,https://iiif.dl.itc.u-tokyo.ac.jp/repo/api/items/710736,"東京大学大学院総合文化研究科グローバル地域研究機構アメリカ太平洋地域研究センター Center for Pacific and American Studies, The University of Tokyo, JAPAN",http://iiif.io/api/presentation/2#rightToLeftDirection,,CPAS高木八尺デジタルアーカイブ,0122,,https://iiif.dl.itc.u-tokyo.ac.jp/repo/iiif/a7c1f24f-9158-7f8a-1d47-3a8ecd0d22fb/manifest,,,,,85
"""Readjustment + Reconstruc[tio]n""",652-[3],高木原稿,メモ|手書き,日本語,,,,,70,0094-0101,図書,http://tify.sub.uni-goettingen.de/demo.html?manifest=https://archdataset.dl.itc.u-tokyo.ac.jp/manifest/6b41b401-5e6a-11c0-8c46-590d54696ebf.json,6b41b401-5e6a-11c0-8c46-590d54696ebf,https://iiif.dl.itc.u-tokyo.ac.jp/repo/s/cpas-takagi/,https://iiif.dl.itc.u-tokyo.ac.jp/repo/s/cpas-takagi/document/6b41b401-5e6a-11c0-8c46-590d54696ebf,http://www.cpas.c.u-tokyo.ac.jp/lib/archive_riyo2.html,https://iiif.dl.itc.u-tokyo.ac.jp/repo/files/medium/248d307eb272d8fcb5f9bf0b96114a3d1b21a5fb.jpg,https://iiif.dl.itc.u-tokyo.ac.jp/repo/api/items/710735,"東京大学大学院総合文化研究科グローバル地域研究機構アメリカ太平洋地域研究センター Center for Pacific and American Studies, The University of Tokyo, JAPAN",http://iiif.io/api/presentation/2#leftToRightDirection,,CPAS高木八尺デジタルアーカイブ,0123,,https://iiif.dl.itc.u-tokyo.ac.jp/repo/iiif/6b41b401-5e6a-11c0-8c46-590d54696ebf/manifest,,,,,8
「宗教上ノ状態」,652-[4],高木原稿,原稿|手書き,日本語,,,,,70,0102-0117,図書,http://tify.sub.uni-goettingen.de/demo.html?manifest=https://archdataset.dl.itc.u-tokyo.ac.jp/manifest/c52b7043-1b49-54f8-4db0-d768e5098fc7.json,c52b7043-1b49-54f8-4db0-d768e5098fc7,https://iiif.dl.itc.u-tokyo.ac.jp/repo/s/cpas-takagi/,https://iiif.dl.itc.u-tokyo.ac.jp/repo/s/cpas-takagi/document/c52b7043-1b49-54f8-4db0-d768e5098fc7,http://www.cpas.c.u-tokyo.ac.jp/lib/archive_riyo2.html,https://iiif.dl.itc.u-tokyo.ac.jp/repo/files/medium/c20efb3ad767122f147ae59b2152026c669eda39.jpg,https://iiif.dl.itc.u-tokyo.ac.jp/repo/api/items/710734,"東京大学大学院総合文化研究科グローバル地域研究機構アメリカ太平洋地域研究センター Center for Pacific and American Studies, The University of Tokyo, JAPAN",http://iiif.io/api/presentation/2#rightToLeftDirection,,CPAS高木八尺デジタルアーカイブ,0124,,https://iiif.dl.itc.u-tokyo.ac.jp/repo/iiif/c52b7043-1b49-54f8-4db0-d768e5098fc7/manifest,,,,,13
「第三章 各州ノ憲法」,652-[5],高木原稿,原稿|手書き,日本語,,,,,70,0118-0172,図書,http://tify.sub.uni-goettingen.de/demo.html?manifest=https://archdataset.dl.itc.u-tokyo.ac.jp/manifest/88f995a3-6130-6c4f-559a-d08524e60529.json,88f995a3-6130-6c4f-559a-d08524e60529,https://iiif.dl.itc.u-tokyo.ac.jp/repo/s/cpas-takagi/,https://iiif.dl.itc.u-tokyo.ac.jp/repo/s/cpas-takagi/document/88f995a3-6130-6c4f-559a-d08524e60529,http://www.cpas.c.u-tokyo.ac.jp/lib/archive_riyo2.html,https://iiif.dl.itc.u-tokyo.ac.jp/repo/files/medium/96bd878a917633767756601a830fb1835eafd8cf.jpg,https://iiif.dl.itc.u-tokyo.ac.jp/repo/api/items/710733,"東京大学大学院総合文化研究科グローバル地域研究機構アメリカ太平洋地域研究センター Center for Pacific and American Studies, The University of Tokyo, JAPAN",http://iiif.io/api/presentation/2#rightToLeftDirection,,CPAS高木八尺デジタルアーカイブ,0125,,https://iiif.dl.itc.u-tokyo.ac.jp/repo/iiif/88f995a3-6130-6c4f-559a-d08524e60529/manifest,,,,,55
"""III. Confederation""",652-[6],高木原稿,メモ|手書き,英語,,,,,70,0173-0178,図書,http://tify.sub.uni-goettingen.de/demo.html?manifest=https://archdataset.dl.itc.u-tokyo.ac.jp/manifest/e1019e55-507c-5638-24f3-cab440470520.json,e1019e55-507c-5638-24f3-cab440470520,https://iiif.dl.itc.u-tokyo.ac.jp/repo/s/cpas-takagi/,https://iiif.dl.itc.u-tokyo.ac.jp/repo/s/cpas-takagi/document/e1019e55-507c-5638-24f3-cab440470520,http://www.cpas.c.u-tokyo.ac.jp/lib/archive_riyo2.html,https://iiif.dl.itc.u-tokyo.ac.jp/repo/files/medium/9cec126761e146bec1dd76abb0a43c8550212c04.jpg,https://iiif.dl.itc.u-tokyo.ac.jp/repo/api/items/710732,"東京大学大学院総合文化研究科グローバル地域研究機構アメリカ太平洋地域研究センター Center for Pacific and American Studies, The University of Tokyo, JAPAN",,,CPAS高木八尺デジタルアーカイブ,0126,,https://iiif.dl.itc.u-tokyo.ac.jp/repo/iiif/e1019e55-507c-5638-24f3-cab440470520/manifest,,,,,6
「第五章 連邦 Confederation」他,652-[7],髙木原稿,原稿|手書き,日本語,「第二節 合衆国憲法の特色」,,,,70,0179-0222,図書,http://tify.sub.uni-goettingen.de/demo.html?manifest=https://archdataset.dl.itc.u-tokyo.ac.jp/manifest/8d82407f-9584-3561-2bed-a989031e229b.json,8d82407f-9584-3561-2bed-a989031e229b,https://iiif.dl.itc.u-tokyo.ac.jp/repo/s/cpas-takagi/,https://iiif.dl.itc.u-tokyo.ac.jp/repo/s/cpas-takagi/document/8d82407f-9584-3561-2bed-a989031e229b,http://www.cpas.c.u-tokyo.ac.jp/lib/archive_riyo2.html,https://iiif.dl.itc.u-tokyo.ac.jp/repo/files/medium/2a57cd5191a703c182a843dd8cd7fd080ecb667e.jpg,https://iiif.dl.itc.u-tokyo.ac.jp/repo/api/items/710731,"東京大学大学院総合文化研究科グローバル地域研究機構アメリカ太平洋地域研究センター Center for Pacific and American Studies, The University of Tokyo, JAPAN",http://iiif.io/api/presentation/2#rightToLeftDirection,,CPAS高木八尺デジタルアーカイブ,0127,,https://iiif.dl.itc.u-tokyo.ac.jp/repo/iiif/8d82407f-9584-3561-2bed-a989031e229b/manifest,,,,,42
「第六章 『フェデラリスト』時代」,652-[8],髙木原稿,原稿|手書き,日本語,,,,,70,0223-0260,図書,http://tify.sub.uni-goettingen.de/demo.html?manifest=https://archdataset.dl.itc.u-tokyo.ac.jp/manifest/51a4c462-6d8d-839e-2f3f-346af4223484.json,51a4c462-6d8d-839e-2f3f-346af4223484,https://iiif.dl.itc.u-tokyo.ac.jp/repo/s/cpas-takagi/,https://iiif.dl.itc.u-tokyo.ac.jp/repo/s/cpas-takagi/document/51a4c462-6d8d-839e-2f3f-346af4223484,http://www.cpas.c.u-tokyo.ac.jp/lib/archive_riyo2.html,https://iiif.dl.itc.u-tokyo.ac.jp/repo/files/medium/9fb6e979119974a9dc898c2c47f88c13bcbebf36.jpg,https://iiif.dl.itc.u-tokyo.ac.jp/repo/api/items/710730,"東京大学大学院総合文化研究科グローバル地域研究機構アメリカ太平洋地域研究センター Center for Pacific and American Studies, The University of Tokyo, JAPAN",http://iiif.io/api/presentation/2#rightToLeftDirection,,CPAS高木八尺デジタルアーカイブ,0128,,https://iiif.dl.itc.u-tokyo.ac.jp/repo/iiif/51a4c462-6d8d-839e-2f3f-346af4223484/manifest,,,,,38
「第四章 第一節 連合の時代」,652-[9],髙木原稿,原稿|手書き,日本語,,,,,70,0261-0272,図書,http://tify.sub.uni-goettingen.de/demo.html?manifest=https://archdataset.dl.itc.u-tokyo.ac.jp/manifest/504e9d66-8a3c-77b5-8164-62987f1842ba.json,504e9d66-8a3c-77b5-8164-62987f1842ba,https://iiif.dl.itc.u-tokyo.ac.jp/repo/s/cpas-takagi/,https://iiif.dl.itc.u-tokyo.ac.jp/repo/s/cpas-takagi/document/504e9d66-8a3c-77b5-8164-62987f1842ba,http://www.cpas.c.u-tokyo.ac.jp/lib/archive_riyo2.html,https://iiif.dl.itc.u-tokyo.ac.jp/repo/files/medium/7fde285b3a669ae1b6e5bc744b47dd63db940e51.jpg,https://iiif.dl.itc.u-tokyo.ac.jp/repo/api/items/710729,"東京大学大学院総合文化研究科グローバル地域研究機構アメリカ太平洋地域研究センター Center for Pacific and American Studies, The University of Tokyo, JAPAN",http://iiif.io/api/presentation/2#rightToLeftDirection,,CPAS高木八尺デジタルアーカイブ,0129,,https://iiif.dl.itc.u-tokyo.ac.jp/repo/iiif/504e9d66-8a3c-77b5-8164-62987f1842ba/manifest,,,,,11
「第三節 『フェデラリスト』ノ外交政策」,652-[10],髙木原稿,原稿|手書き,日本語,,,,,70,0273-0314,図書,http://tify.sub.uni-goettingen.de/demo.html?manifest=https://archdataset.dl.itc.u-tokyo.ac.jp/manifest/b1791498-108e-842f-6cca-8272bb8e7eed.json,b1791498-108e-842f-6cca-8272bb8e7eed,https://iiif.dl.itc.u-tokyo.ac.jp/repo/s/cpas-takagi/,https://iiif.dl.itc.u-tokyo.ac.jp/repo/s/cpas-takagi/document/b1791498-108e-842f-6cca-8272bb8e7eed,http://www.cpas.c.u-tokyo.ac.jp/lib/archive_riyo2.html,https://iiif.dl.itc.u-tokyo.ac.jp/repo/files/medium/79c2fd744c6cb4d7bdbe237044ee9200d6877960.jpg,https://iiif.dl.itc.u-tokyo.ac.jp/repo/api/items/710728,"東京大学大学院総合文化研究科グローバル地域研究機構アメリカ太平洋地域研究センター Center for Pacific and American Studies, The University of Tokyo, JAPAN",http://iiif.io/api/presentation/2#rightToLeftDirection,,CPAS高木八尺デジタルアーカイブ,0130,,https://iiif.dl.itc.u-tokyo.ac.jp/repo/iiif/b1791498-108e-842f-6cca-8272bb8e7eed/manifest,,,,,42
「第一節 序論」,652-[11],髙木原稿,原稿|手書き,日本語,,,,,70,0315-0326,図書,http://tify.sub.uni-goettingen.de/demo.html?manifest=https://archdataset.dl.itc.u-tokyo.ac.jp/manifest/d2c19ef3-52e7-5e3d-8f65-2af765384bc2.json,d2c19ef3-52e7-5e3d-8f65-2af765384bc2,https://iiif.dl.itc.u-tokyo.ac.jp/repo/s/cpas-takagi/,https://iiif.dl.itc.u-tokyo.ac.jp/repo/s/cpas-takagi/document/d2c19ef3-52e7-5e3d-8f65-2af765384bc2,http://www.cpas.c.u-tokyo.ac.jp/lib/archive_riyo2.html,https://iiif.dl.itc.u-tokyo.ac.jp/repo/files/medium/f6ecf9589948673c3a6b728be7de8ece93f671ac.jpg,https://iiif.dl.itc.u-tokyo.ac.jp/repo/api/items/710727,"東京大学大学院総合文化研究科グローバル地域研究機構アメリカ太平洋地域研究センター Center for Pacific and American Studies, The University of Tokyo, JAPAN",http://iiif.io/api/presentation/2#rightToLeftDirection,,CPAS高木八尺デジタルアーカイブ,0131,,https://iiif.dl.itc.u-tokyo.ac.jp/repo/iiif/d2c19ef3-52e7-5e3d-8f65-2af765384bc2/manifest,,,,,12
「第一講 序説、第一章 米国の建国」,652-[12],髙木原稿,原稿|手書き,日本語,,,,[1931],70,0327-0370,図書,http://tify.sub.uni-goettingen.de/demo.html?manifest=https://archdataset.dl.itc.u-tokyo.ac.jp/manifest/bbbf5b6e-6140-6788-8306-a661e90e1b0a.json,bbbf5b6e-6140-6788-8306-a661e90e1b0a,https://iiif.dl.itc.u-tokyo.ac.jp/repo/s/cpas-takagi/,https://iiif.dl.itc.u-tokyo.ac.jp/repo/s/cpas-takagi/document/bbbf5b6e-6140-6788-8306-a661e90e1b0a,http://www.cpas.c.u-tokyo.ac.jp/lib/archive_riyo2.html,https://iiif.dl.itc.u-tokyo.ac.jp/repo/files/medium/0f68d3db2699c248cf62714dec781c39c7854003.jpg,https://iiif.dl.itc.u-tokyo.ac.jp/repo/api/items/710726,"東京大学大学院総合文化研究科グローバル地域研究機構アメリカ太平洋地域研究センター Center for Pacific and American Studies, The University of Tokyo, JAPAN",http://iiif.io/api/presentation/2#rightToLeftDirection,,CPAS高木八尺デジタルアーカイブ,0132,,https://iiif.dl.itc.u-tokyo.ac.jp/repo/iiif/bbbf5b6e-6140-6788-8306-a661e90e1b0a/manifest,,,,,44
"""Proposals for amendment ... Federal Convention""",652-[13],髙木原稿,メモ|手書き,英語,,,,,70,0371-0378,図書,http://tify.sub.uni-goettingen.de/demo.html?manifest=https://archdataset.dl.itc.u-tokyo.ac.jp/manifest/1d2da061-3d4b-8229-1a4e-097aaf9f23a1.json,1d2da061-3d4b-8229-1a4e-097aaf9f23a1,https://iiif.dl.itc.u-tokyo.ac.jp/repo/s/cpas-takagi/,https://iiif.dl.itc.u-tokyo.ac.jp/repo/s/cpas-takagi/document/1d2da061-3d4b-8229-1a4e-097aaf9f23a1,http://www.cpas.c.u-tokyo.ac.jp/lib/archive_riyo2.html,https://iiif.dl.itc.u-tokyo.ac.jp/repo/files/medium/fcdb52123d95b271dfcb8c38be13213a8b70a692.jpg,https://iiif.dl.itc.u-tokyo.ac.jp/repo/api/items/710725,"東京大学大学院総合文化研究科グローバル地域研究機構アメリカ太平洋地域研究センター Center for Pacific and American Studies, The University of Tokyo, JAPAN",,,CPAS高木八尺デジタルアーカイブ,0133,,https://iiif.dl.itc.u-tokyo.ac.jp/repo/iiif/1d2da061-3d4b-8229-1a4e-097aaf9f23a1/manifest,,,,,8
「以上の如き特権を有する憲法は1787年9月に制定せられ...」,652-[14],髙木原稿,原稿|手書き,日本語,,,,,70,0379-0385,図書,http://tify.sub.uni-goettingen.de/demo.html?manifest=https://archdataset.dl.itc.u-tokyo.ac.jp/manifest/e2b39ab3-6000-2cb7-84a5-c6115e0d91f7.json,e2b39ab3-6000-2cb7-84a5-c6115e0d91f7,https://iiif.dl.itc.u-tokyo.ac.jp/repo/s/cpas-takagi/,https://iiif.dl.itc.u-tokyo.ac.jp/repo/s/cpas-takagi/document/e2b39ab3-6000-2cb7-84a5-c6115e0d91f7,http://www.cpas.c.u-tokyo.ac.jp/lib/archive_riyo2.html,https://iiif.dl.itc.u-tokyo.ac.jp/repo/files/medium/58ea32bd814475743715268f04dbebdfb0930a32.jpg,https://iiif.dl.itc.u-tokyo.ac.jp/repo/api/items/710724,"東京大学大学院総合文化研究科グローバル地域研究機構アメリカ太平洋地域研究センター Center for Pacific and American Studies, The University of Tokyo, JAPAN",http://iiif.io/api/presentation/2#rightToLeftDirection,,CPAS高木八尺デジタルアーカイブ,0134,,https://iiif.dl.itc.u-tokyo.ac.jp/repo/iiif/e2b39ab3-6000-2cb7-84a5-c6115e0d91f7/manifest,,,,,7
「第四節 各州に於ける憲法の承認及び憲法の教育的性質」,652-[15],髙木原稿,原稿|手書き,日本語,,,,,70,0386-0391,図書,http://tify.sub.uni-goettingen.de/demo.html?manifest=https://archdataset.dl.itc.u-tokyo.ac.jp/manifest/94b6008e-3cf8-0e60-9822-f4ed7a964a42.json,94b6008e-3cf8-0e60-9822-f4ed7a964a42,https://iiif.dl.itc.u-tokyo.ac.jp/repo/s/cpas-takagi/,https://iiif.dl.itc.u-tokyo.ac.jp/repo/s/cpas-takagi/document/94b6008e-3cf8-0e60-9822-f4ed7a964a42,http://www.cpas.c.u-tokyo.ac.jp/lib/archive_riyo2.html,https://iiif.dl.itc.u-tokyo.ac.jp/repo/files/medium/211758e18510b82fbc43b3bb8d1732b5f2e1b077.jpg,https://iiif.dl.itc.u-tokyo.ac.jp/repo/api/items/710723,"東京大学大学院総合文化研究科グローバル地域研究機構アメリカ太平洋地域研究センター Center for Pacific and American Studies, The University of Tokyo, JAPAN",http://iiif.io/api/presentation/2#rightToLeftDirection,,CPAS高木八尺デジタルアーカイブ,0135,,https://iiif.dl.itc.u-tokyo.ac.jp/repo/iiif/94b6008e-3cf8-0e60-9822-f4ed7a964a42/manifest,,,,,6
「第三節 フェデラリストの政治」,652-[16],髙木原稿,原稿|手書き,日本語,,,,,70,0392-0402,図書,http://tify.sub.uni-goettingen.de/demo.html?manifest=https://archdataset.dl.itc.u-tokyo.ac.jp/manifest/7c5d296c-491c-16ae-43c6-81f1f9b093ca.json,7c5d296c-491c-16ae-43c6-81f1f9b093ca,https://iiif.dl.itc.u-tokyo.ac.jp/repo/s/cpas-takagi/,https://iiif.dl.itc.u-tokyo.ac.jp/repo/s/cpas-takagi/document/7c5d296c-491c-16ae-43c6-81f1f9b093ca,http://www.cpas.c.u-tokyo.ac.jp/lib/archive_riyo2.html,https://iiif.dl.itc.u-tokyo.ac.jp/repo/files/medium/d5148b0dbef3794b4faebb35d987f946b2e4501a.jpg,https://iiif.dl.itc.u-tokyo.ac.jp/repo/api/items/710722,"東京大学大学院総合文化研究科グローバル地域研究機構アメリカ太平洋地域研究センター Center for Pacific and American Studies, The University of Tokyo, JAPAN",http://iiif.io/api/presentation/2#rightToLeftDirection,,CPAS高木八尺デジタルアーカイブ,0136,,https://iiif.dl.itc.u-tokyo.ac.jp/repo/iiif/7c5d296c-491c-16ae-43c6-81f1f9b093ca/manifest,,,,,11
「モンロー主義」,652-[17],髙木原稿,原稿|手書き,日本語,,,,,70,0403-0424,図書,http://tify.sub.uni-goettingen.de/demo.html?manifest=https://archdataset.dl.itc.u-tokyo.ac.jp/manifest/41a67328-8f84-9aad-529f-9eafef2b9d5f.json,41a67328-8f84-9aad-529f-9eafef2b9d5f,https://iiif.dl.itc.u-tokyo.ac.jp/repo/s/cpas-takagi/,https://iiif.dl.itc.u-tokyo.ac.jp/repo/s/cpas-takagi/document/41a67328-8f84-9aad-529f-9eafef2b9d5f,http://www.cpas.c.u-tokyo.ac.jp/lib/archive_riyo2.html,https://iiif.dl.itc.u-tokyo.ac.jp/repo/files/medium/5878e0758adc172222ab5cac780a44f27867742c.jpg,https://iiif.dl.itc.u-tokyo.ac.jp/repo/api/items/710721,"東京大学大学院総合文化研究科グローバル地域研究機構アメリカ太平洋地域研究センター Center for Pacific and American Studies, The University of Tokyo, JAPAN",http://iiif.io/api/presentation/2#rightToLeftDirection,,CPAS高木八尺デジタルアーカイブ,0137,,https://iiif.dl.itc.u-tokyo.ac.jp/repo/iiif/41a67328-8f84-9aad-529f-9eafef2b9d5f/manifest,,,,,21
"""Chpat. 1 Physical + Economical Condition""",652-[18],髙木原稿,メモ|手書き,英語,,,,,70,0427-0438,図書,http://tify.sub.uni-goettingen.de/demo.html?manifest=https://archdataset.dl.itc.u-tokyo.ac.jp/manifest/7c338a93-6046-3322-11c3-b612f80c801b.json,7c338a93-6046-3322-11c3-b612f80c801b,https://iiif.dl.itc.u-tokyo.ac.jp/repo/s/cpas-takagi/,https://iiif.dl.itc.u-tokyo.ac.jp/repo/s/cpas-takagi/document/7c338a93-6046-3322-11c3-b612f80c801b,http://www.cpas.c.u-tokyo.ac.jp/lib/archive_riyo2.html,https://iiif.dl.itc.u-tokyo.ac.jp/repo/files/medium/b1084856ad0b4d91f7c6c004f7adc6827952a961.jpg,https://iiif.dl.itc.u-tokyo.ac.jp/repo/api/items/710720,"東京大学大学院総合文化研究科グローバル地域研究機構アメリカ太平洋地域研究センター Center for Pacific and American Studies, The University of Tokyo, JAPAN",,,CPAS高木八尺デジタルアーカイブ,0138,,https://iiif.dl.itc.u-tokyo.ac.jp/repo/iiif/7c338a93-6046-3322-11c3-b612f80c801b/manifest,,,,,12
「第七章 ジェファソンの時代に於る民主主義の台頭」他,652-[19],髙木原稿,原稿|手書き,日本語,,,,,70,0439-0496,図書,http://tify.sub.uni-goettingen.de/demo.html?manifest=https://archdataset.dl.itc.u-tokyo.ac.jp/manifest/e4948884-01f0-4d5c-0d6c-406bcff03dd3.json,e4948884-01f0-4d5c-0d6c-406bcff03dd3,https://iiif.dl.itc.u-tokyo.ac.jp/repo/s/cpas-takagi/,https://iiif.dl.itc.u-tokyo.ac.jp/repo/s/cpas-takagi/document/e4948884-01f0-4d5c-0d6c-406bcff03dd3,http://www.cpas.c.u-tokyo.ac.jp/lib/archive_riyo2.html,https://iiif.dl.itc.u-tokyo.ac.jp/repo/files/medium/21f5431d6f9f833d95dee1358e85b4a3a97a965e.jpg,https://iiif.dl.itc.u-tokyo.ac.jp/repo/api/items/710719,"東京大学大学院総合文化研究科グローバル地域研究機構アメリカ太平洋地域研究センター Center for Pacific and American Studies, The University of Tokyo, JAPAN",http://iiif.io/api/presentation/2#rightToLeftDirection,,CPAS高木八尺デジタルアーカイブ,0139,,https://iiif.dl.itc.u-tokyo.ac.jp/repo/iiif/e4948884-01f0-4d5c-0d6c-406bcff03dd3/manifest,,,,,56
「第一講 十年度講義の範囲と目的」,653,高木 講義原稿,原稿|手書き,日本語,,,,[1935],70,0499-0514,図書,http://tify.sub.uni-goettingen.de/demo.html?manifest=https://archdataset.dl.itc.u-tokyo.ac.jp/manifest/14e446de-4f23-60e9-4c97-00805b06625c.json,14e446de-4f23-60e9-4c97-00805b06625c,https://iiif.dl.itc.u-tokyo.ac.jp/repo/s/cpas-takagi/,https://iiif.dl.itc.u-tokyo.ac.jp/repo/s/cpas-takagi/document/14e446de-4f23-60e9-4c97-00805b06625c,http://www.cpas.c.u-tokyo.ac.jp/lib/archive_riyo2.html,https://iiif.dl.itc.u-tokyo.ac.jp/repo/files/medium/102810ed84c33fb54ef553ed884a6e9d38e206d8.jpg,https://iiif.dl.itc.u-tokyo.ac.jp/repo/api/items/710718,"東京大学大学院総合文化研究科グローバル地域研究機構アメリカ太平洋地域研究センター Center for Pacific and American Studies, The University of Tokyo, JAPAN",http://iiif.io/api/presentation/2#rightToLeftDirection,,CPAS高木八尺デジタルアーカイブ,0140,,https://iiif.dl.itc.u-tokyo.ac.jp/repo/iiif/14e446de-4f23-60e9-4c97-00805b06625c/manifest,,,,,16
「第四章 領土の膨張と国民的統一の達成」他,657-[1],高木論文原稿など,原稿|手書き,日本語,「デモクラシーの諸要件」|「ビアードの『国家的利益の観念』に関する研究と、太平洋問題調査会によるその紹介」,メモ類含む,,,71,0074-0151,図書,http://tify.sub.uni-goettingen.de/demo.html?manifest=https://archdataset.dl.itc.u-tokyo.ac.jp/manifest/d310367a-085e-6766-a610-8c6912782fbb.json,d310367a-085e-6766-a610-8c6912782fbb,https://iiif.dl.itc.u-tokyo.ac.jp/repo/s/cpas-takagi/,https://iiif.dl.itc.u-tokyo.ac.jp/repo/s/cpas-takagi/document/d310367a-085e-6766-a610-8c6912782fbb,http://www.cpas.c.u-tokyo.ac.jp/lib/archive_riyo2.html,https://iiif.dl.itc.u-tokyo.ac.jp/repo/files/medium/5d8867a49c4be45e6fae0955adefadcf7395f68b.jpg,https://iiif.dl.itc.u-tokyo.ac.jp/repo/api/items/710717,"東京大学大学院総合文化研究科グローバル地域研究機構アメリカ太平洋地域研究センター Center for Pacific and American Studies, The University of Tokyo, JAPAN",http://iiif.io/api/presentation/2#rightToLeftDirection,,CPAS高木八尺デジタルアーカイブ,0141,,https://iiif.dl.itc.u-tokyo.ac.jp/repo/iiif/d310367a-085e-6766-a610-8c6912782fbb/manifest,,,,,75
「米国国民性ノ特徴ノ後半」,657-[2],高木論文原稿など,原稿|手書き,日本語,「米国東洋政策の歴史に就て」 (九州帝大「国際文化」講演),,,[1943],71,0192-0221,図書,http://tify.sub.uni-goettingen.de/demo.html?manifest=https://archdataset.dl.itc.u-tokyo.ac.jp/manifest/7750f01b-a28c-98ab-8c31-281402a3001c.json,7750f01b-a28c-98ab-8c31-281402a3001c,https://iiif.dl.itc.u-tokyo.ac.jp/repo/s/cpas-takagi/,https://iiif.dl.itc.u-tokyo.ac.jp/repo/s/cpas-takagi/document/7750f01b-a28c-98ab-8c31-281402a3001c,http://www.cpas.c.u-tokyo.ac.jp/lib/archive_riyo2.html,https://iiif.dl.itc.u-tokyo.ac.jp/repo/files/medium/f73c8530f0a9ddf6b3ac7a74c6d1913f60600b59.jpg,https://iiif.dl.itc.u-tokyo.ac.jp/repo/api/items/710716,"東京大学大学院総合文化研究科グローバル地域研究機構アメリカ太平洋地域研究センター Center for Pacific and American Studies, The University of Tokyo, JAPAN",http://iiif.io/api/presentation/2#rightToLeftDirection,,CPAS高木八尺デジタルアーカイブ,0142,,https://iiif.dl.itc.u-tokyo.ac.jp/repo/iiif/7750f01b-a28c-98ab-8c31-281402a3001c/manifest,,,,,30
「米国に於けるデモクラシー その起源と発達」,657-[3],高木論文原稿など,雑誌切抜|印刷,日本語,,"『世界週報』26巻27・8号, 昭20.10.27日号, p.627(11)-630(14)",昭和20年10月27日,1945.10.27,71,0222-0224,図書,http://tify.sub.uni-goettingen.de/demo.html?manifest=https://archdataset.dl.itc.u-tokyo.ac.jp/manifest/b0979a74-15c3-99d8-4801-292f33055365.json,b0979a74-15c3-99d8-4801-292f33055365,https://iiif.dl.itc.u-tokyo.ac.jp/repo/s/cpas-takagi/,https://iiif.dl.itc.u-tokyo.ac.jp/repo/s/cpas-takagi/document/b0979a74-15c3-99d8-4801-292f33055365,http://www.cpas.c.u-tokyo.ac.jp/lib/archive_riyo2.html,https://iiif.dl.itc.u-tokyo.ac.jp/repo/files/medium/3e91a56c195f9722989066d738e5a8bff6c5dc08.jpg,https://iiif.dl.itc.u-tokyo.ac.jp/repo/api/items/710715,"東京大学大学院総合文化研究科グローバル地域研究機構アメリカ太平洋地域研究センター Center for Pacific and American Studies, The University of Tokyo, JAPAN",http://iiif.io/api/presentation/2#rightToLeftDirection,,CPAS高木八尺デジタルアーカイブ,0143,,https://iiif.dl.itc.u-tokyo.ac.jp/repo/iiif/b0979a74-15c3-99d8-4801-292f33055365/manifest,,,,,4
「政治学研究会報告 米国政治史におけるProgressivismの意義」,658-[1],政治学研究会,メモ|手書き,日本語,,,,,71,0247-0270,図書,http://tify.sub.uni-goettingen.de/demo.html?manifest=https://archdataset.dl.itc.u-tokyo.ac.jp/manifest/131b06a3-4310-0451-4228-bf832be682d9.json,131b06a3-4310-0451-4228-bf832be682d9,https://iiif.dl.itc.u-tokyo.ac.jp/repo/s/cpas-takagi/,https://iiif.dl.itc.u-tokyo.ac.jp/repo/s/cpas-takagi/document/131b06a3-4310-0451-4228-bf832be682d9,http://www.cpas.c.u-tokyo.ac.jp/lib/archive_riyo2.html,https://iiif.dl.itc.u-tokyo.ac.jp/repo/files/medium/e22e7ad0de1b605b9d4c961584ff478cf3c153a4.jpg,https://iiif.dl.itc.u-tokyo.ac.jp/repo/api/items/710714,"東京大学大学院総合文化研究科グローバル地域研究機構アメリカ太平洋地域研究センター Center for Pacific and American Studies, The University of Tokyo, JAPAN",http://iiif.io/api/presentation/2#leftToRightDirection,,CPAS高木八尺デジタルアーカイブ,0144,,https://iiif.dl.itc.u-tokyo.ac.jp/repo/iiif/131b06a3-4310-0451-4228-bf832be682d9/manifest,,,,,24
「その第一回に、東大助教授福田先生の...」,658-[2],政治学研究会,メモ|手書き,日本語,,,,,71,0298-0306,図書,http://tify.sub.uni-goettingen.de/demo.html?manifest=https://archdataset.dl.itc.u-tokyo.ac.jp/manifest/6e370f37-61ec-8166-1ffa-a2e82b035f37.json,6e370f37-61ec-8166-1ffa-a2e82b035f37,https://iiif.dl.itc.u-tokyo.ac.jp/repo/s/cpas-takagi/,https://iiif.dl.itc.u-tokyo.ac.jp/repo/s/cpas-takagi/document/6e370f37-61ec-8166-1ffa-a2e82b035f37,http://www.cpas.c.u-tokyo.ac.jp/lib/archive_riyo2.html,https://iiif.dl.itc.u-tokyo.ac.jp/repo/files/medium/4edbb9ae4b5d6e2ee3213f8ab5cac3e6ce381aa6.jpg,https://iiif.dl.itc.u-tokyo.ac.jp/repo/api/items/710713,"東京大学大学院総合文化研究科グローバル地域研究機構アメリカ太平洋地域研究センター Center for Pacific and American Studies, The University of Tokyo, JAPAN",http://iiif.io/api/presentation/2#rightToLeftDirection,,CPAS高木八尺デジタルアーカイブ,0145,,https://iiif.dl.itc.u-tokyo.ac.jp/repo/iiif/6e370f37-61ec-8166-1ffa-a2e82b035f37/manifest,,,,,9
「Beard 日本に対する二つの関係」,659-[1],"Beard, Charles A.関係",メモ|手書き,日本語,,,,,71,0336-0337,図書,http://tify.sub.uni-goettingen.de/demo.html?manifest=https://archdataset.dl.itc.u-tokyo.ac.jp/manifest/2cb96616-3e3e-9693-4270-95b795df56ce.json,2cb96616-3e3e-9693-4270-95b795df56ce,https://iiif.dl.itc.u-tokyo.ac.jp/repo/s/cpas-takagi/,https://iiif.dl.itc.u-tokyo.ac.jp/repo/s/cpas-takagi/document/2cb96616-3e3e-9693-4270-95b795df56ce,http://www.cpas.c.u-tokyo.ac.jp/lib/archive_riyo2.html,https://iiif.dl.itc.u-tokyo.ac.jp/repo/files/medium/169ccee319fe1b3f0d46b7cbfa830d378dd0a64e.jpg,https://iiif.dl.itc.u-tokyo.ac.jp/repo/api/items/710712,"東京大学大学院総合文化研究科グローバル地域研究機構アメリカ太平洋地域研究センター Center for Pacific and American Studies, The University of Tokyo, JAPAN",http://iiif.io/api/presentation/2#leftToRightDirection,,CPAS高木八尺デジタルアーカイブ,0146,,https://iiif.dl.itc.u-tokyo.ac.jp/repo/iiif/2cb96616-3e3e-9693-4270-95b795df56ce/manifest,,,,,2
「之を他の角度から云へば...」,659-[2],"Beard, Charles A.関係",原稿|手書き,日本語,,,,,71,0339-0340,図書,http://tify.sub.uni-goettingen.de/demo.html?manifest=https://archdataset.dl.itc.u-tokyo.ac.jp/manifest/7c515122-1c9b-a487-0dfe-65de8d820b29.json,7c515122-1c9b-a487-0dfe-65de8d820b29,https://iiif.dl.itc.u-tokyo.ac.jp/repo/s/cpas-takagi/,https://iiif.dl.itc.u-tokyo.ac.jp/repo/s/cpas-takagi/document/7c515122-1c9b-a487-0dfe-65de8d820b29,http://www.cpas.c.u-tokyo.ac.jp/lib/archive_riyo2.html,https://iiif.dl.itc.u-tokyo.ac.jp/repo/files/medium/7cdab9e37cbb921113fe75f4394e0c6817e9c7cd.jpg,https://iiif.dl.itc.u-tokyo.ac.jp/repo/api/items/710711,"東京大学大学院総合文化研究科グローバル地域研究機構アメリカ太平洋地域研究センター Center for Pacific and American Studies, The University of Tokyo, JAPAN",http://iiif.io/api/presentation/2#rightToLeftDirection,,CPAS高木八尺デジタルアーカイブ,0147,,https://iiif.dl.itc.u-tokyo.ac.jp/repo/iiif/7c515122-1c9b-a487-0dfe-65de8d820b29/manifest,,,,,2
Yasaka Takagi to Charles. A. Beard,659-[3],"Beard, Charles A.関係",手紙|タイプ,英語,,,,1948.6.29,71,0341-0342,図書,http://tify.sub.uni-goettingen.de/demo.html?manifest=https://archdataset.dl.itc.u-tokyo.ac.jp/manifest/1d44c237-16f3-879f-0764-7f303f198777.json,1d44c237-16f3-879f-0764-7f303f198777,https://iiif.dl.itc.u-tokyo.ac.jp/repo/s/cpas-takagi/,https://iiif.dl.itc.u-tokyo.ac.jp/repo/s/cpas-takagi/document/1d44c237-16f3-879f-0764-7f303f198777,http://www.cpas.c.u-tokyo.ac.jp/lib/archive_riyo2.html,https://iiif.dl.itc.u-tokyo.ac.jp/repo/files/medium/b6cf4be19911e1dcd8be5cf5d1649d851c882d76.jpg,https://iiif.dl.itc.u-tokyo.ac.jp/repo/api/items/710710,"東京大学大学院総合文化研究科グローバル地域研究機構アメリカ太平洋地域研究センター Center for Pacific and American Studies, The University of Tokyo, JAPAN",,,CPAS高木八尺デジタルアーカイブ,0148,,https://iiif.dl.itc.u-tokyo.ac.jp/repo/iiif/1d44c237-16f3-879f-0764-7f303f198777/manifest,,,,,2
「ビアードの『基礎的米国史』」,659-[4],"Beard, Charles A.関係",原稿|手書き,日本語,,,,,71,0346-0356,図書,http://tify.sub.uni-goettingen.de/demo.html?manifest=https://archdataset.dl.itc.u-tokyo.ac.jp/manifest/eaf251d4-6e45-28a7-5c3b-6f24fb4c23b4.json,eaf251d4-6e45-28a7-5c3b-6f24fb4c23b4,https://iiif.dl.itc.u-tokyo.ac.jp/repo/s/cpas-takagi/,https://iiif.dl.itc.u-tokyo.ac.jp/repo/s/cpas-takagi/document/eaf251d4-6e45-28a7-5c3b-6f24fb4c23b4,http://www.cpas.c.u-tokyo.ac.jp/lib/archive_riyo2.html,https://iiif.dl.itc.u-tokyo.ac.jp/repo/files/medium/7aab6e26dbeb3ef5ae5f1d33e142088c489bfc08.jpg,https://iiif.dl.itc.u-tokyo.ac.jp/repo/api/items/710709,"東京大学大学院総合文化研究科グローバル地域研究機構アメリカ太平洋地域研究センター Center for Pacific and American Studies, The University of Tokyo, JAPAN",http://iiif.io/api/presentation/2#rightToLeftDirection,,CPAS高木八尺デジタルアーカイブ,0149,,https://iiif.dl.itc.u-tokyo.ac.jp/repo/iiif/eaf251d4-6e45-28a7-5c3b-6f24fb4c23b4/manifest,,,,,11
[Takagi] to Mary R. Beard,659-[5],"Beard, Charles A.関係",手紙|タイプ,英語,,,,1949.5.16,71,0464,図書,http://tify.sub.uni-goettingen.de/demo.html?manifest=https://archdataset.dl.itc.u-tokyo.ac.jp/manifest/3c586b00-313b-6936-8e11-701238a5555d.json,3c586b00-313b-6936-8e11-701238a5555d,https://iiif.dl.itc.u-tokyo.ac.jp/repo/s/cpas-takagi/,https://iiif.dl.itc.u-tokyo.ac.jp/repo/s/cpas-takagi/document/3c586b00-313b-6936-8e11-701238a5555d,http://www.cpas.c.u-tokyo.ac.jp/lib/archive_riyo2.html,https://iiif.dl.itc.u-tokyo.ac.jp/repo/files/medium/2254be4af9a7b6094786d2553ef478d75809b31b.jpg,https://iiif.dl.itc.u-tokyo.ac.jp/repo/api/items/710708,"東京大学大学院総合文化研究科グローバル地域研究機構アメリカ太平洋地域研究センター Center for Pacific and American Studies, The University of Tokyo, JAPAN",,,CPAS高木八尺デジタルアーカイブ,0150,,https://iiif.dl.itc.u-tokyo.ac.jp/repo/iiif/3c586b00-313b-6936-8e11-701238a5555d/manifest,,,,,1
[Takagi] to Mary R. Beard,659-[6],"Beard, Charles A.関係",手紙|タイプ,英語,,,,1950.10.28,71,0473,図書,http://tify.sub.uni-goettingen.de/demo.html?manifest=https://archdataset.dl.itc.u-tokyo.ac.jp/manifest/18e02022-2ece-5b6b-250a-13dd002f5e11.json,18e02022-2ece-5b6b-250a-13dd002f5e11,https://iiif.dl.itc.u-tokyo.ac.jp/repo/s/cpas-takagi/,https://iiif.dl.itc.u-tokyo.ac.jp/repo/s/cpas-takagi/document/18e02022-2ece-5b6b-250a-13dd002f5e11,http://www.cpas.c.u-tokyo.ac.jp/lib/archive_riyo2.html,https://iiif.dl.itc.u-tokyo.ac.jp/repo/files/medium/e3f0c8ec86d62691d6e81c08a1ca02eb32d7d223.jpg,https://iiif.dl.itc.u-tokyo.ac.jp/repo/api/items/710707,"東京大学大学院総合文化研究科グローバル地域研究機構アメリカ太平洋地域研究センター Center for Pacific and American Studies, The University of Tokyo, JAPAN",,,CPAS高木八尺デジタルアーカイブ,0151,,https://iiif.dl.itc.u-tokyo.ac.jp/repo/iiif/18e02022-2ece-5b6b-250a-13dd002f5e11/manifest,,,,,1
Yasaka Takagi to Mary R. Beard,659-[7],"Beard, Charles A.関係",手紙|タイプ,英語,,,,1950.4.17,71,0477,図書,http://tify.sub.uni-goettingen.de/demo.html?manifest=https://archdataset.dl.itc.u-tokyo.ac.jp/manifest/f989d7bc-9cf7-50c4-72e8-52a2be7b74ad.json,f989d7bc-9cf7-50c4-72e8-52a2be7b74ad,https://iiif.dl.itc.u-tokyo.ac.jp/repo/s/cpas-takagi/,https://iiif.dl.itc.u-tokyo.ac.jp/repo/s/cpas-takagi/document/f989d7bc-9cf7-50c4-72e8-52a2be7b74ad,http://www.cpas.c.u-tokyo.ac.jp/lib/archive_riyo2.html,https://iiif.dl.itc.u-tokyo.ac.jp/repo/files/medium/e4ba72f4a090611049c44263f9c11b52fc1361c2.jpg,https://iiif.dl.itc.u-tokyo.ac.jp/repo/api/items/710706,"東京大学大学院総合文化研究科グローバル地域研究機構アメリカ太平洋地域研究センター Center for Pacific and American Studies, The University of Tokyo, JAPAN",,,CPAS高木八尺デジタルアーカイブ,0152,,https://iiif.dl.itc.u-tokyo.ac.jp/repo/iiif/f989d7bc-9cf7-50c4-72e8-52a2be7b74ad/manifest,,,,,1
Petition for Clemency on behalf of Kido,660-[1],東京裁判 木戸弁護など,文書|タイプ,英語,"Professor of American Government and History, University of Tokyo to General MacArthur",,,1948.11.18,72,0004-0006,図書,http://tify.sub.uni-goettingen.de/demo.html?manifest=https://archdataset.dl.itc.u-tokyo.ac.jp/manifest/15a64752-9875-a284-35cd-b7cca3fb3844.json,15a64752-9875-a284-35cd-b7cca3fb3844,https://iiif.dl.itc.u-tokyo.ac.jp/repo/s/cpas-takagi/,https://iiif.dl.itc.u-tokyo.ac.jp/repo/s/cpas-takagi/document/15a64752-9875-a284-35cd-b7cca3fb3844,http://www.cpas.c.u-tokyo.ac.jp/lib/archive_riyo2.html,https://iiif.dl.itc.u-tokyo.ac.jp/repo/files/medium/bdf264bb50a5b10b848c0f30c9a757dcfa7c163f.jpg,https://iiif.dl.itc.u-tokyo.ac.jp/repo/api/items/710705,"東京大学大学院総合文化研究科グローバル地域研究機構アメリカ太平洋地域研究センター Center for Pacific and American Studies, The University of Tokyo, JAPAN",,,CPAS高木八尺デジタルアーカイブ,0153,,https://iiif.dl.itc.u-tokyo.ac.jp/repo/iiif/15a64752-9875-a284-35cd-b7cca3fb3844/manifest,,,,,3
「現下の対米政策の重要性」,660-[2],東京裁判 木戸弁護など,文書|印刷,日本語,,,昭和16年4月30日,1941.4.30,72,0019-0032,図書,http://tify.sub.uni-goettingen.de/demo.html?manifest=https://archdataset.dl.itc.u-tokyo.ac.jp/manifest/f680f999-2c29-3e36-35f5-332114c09a41.json,f680f999-2c29-3e36-35f5-332114c09a41,https://iiif.dl.itc.u-tokyo.ac.jp/repo/s/cpas-takagi/,https://iiif.dl.itc.u-tokyo.ac.jp/repo/s/cpas-takagi/document/f680f999-2c29-3e36-35f5-332114c09a41,http://www.cpas.c.u-tokyo.ac.jp/lib/archive_riyo2.html,https://iiif.dl.itc.u-tokyo.ac.jp/repo/files/medium/725275f951a6002be6469d31d618a4eef14341e8.jpg,https://iiif.dl.itc.u-tokyo.ac.jp/repo/api/items/710704,"東京大学大学院総合文化研究科グローバル地域研究機構アメリカ太平洋地域研究センター Center for Pacific and American Studies, The University of Tokyo, JAPAN",http://iiif.io/api/presentation/2#rightToLeftDirection,,CPAS高木八尺デジタルアーカイブ,0154,,https://iiif.dl.itc.u-tokyo.ac.jp/repo/iiif/f680f999-2c29-3e36-35f5-332114c09a41/manifest,,,,,14
「日米国交打開の方途」,660-[3],東京裁判 木戸弁護など,文書|印刷,日本語,海軍省調査課 海調研究資料(特)A 第2号,,昭和16年1月22日,1941.1.22,72,0037-0050,図書,http://tify.sub.uni-goettingen.de/demo.html?manifest=https://archdataset.dl.itc.u-tokyo.ac.jp/manifest/56f8b932-5d3b-0846-8ac0-704977db0208.json,56f8b932-5d3b-0846-8ac0-704977db0208,https://iiif.dl.itc.u-tokyo.ac.jp/repo/s/cpas-takagi/,https://iiif.dl.itc.u-tokyo.ac.jp/repo/s/cpas-takagi/document/56f8b932-5d3b-0846-8ac0-704977db0208,http://www.cpas.c.u-tokyo.ac.jp/lib/archive_riyo2.html,https://iiif.dl.itc.u-tokyo.ac.jp/repo/files/medium/73f0b039e22cba353c146a42752d25de6228e594.jpg,https://iiif.dl.itc.u-tokyo.ac.jp/repo/api/items/710703,"東京大学大学院総合文化研究科グローバル地域研究機構アメリカ太平洋地域研究センター Center for Pacific and American Studies, The University of Tokyo, JAPAN",http://iiif.io/api/presentation/2#rightToLeftDirection,,CPAS高木八尺デジタルアーカイブ,0155,,https://iiif.dl.itc.u-tokyo.ac.jp/repo/iiif/56f8b932-5d3b-0846-8ac0-704977db0208/manifest,,,,,14
「戦争責任と天皇の地位」,660-[4],東京裁判 木戸弁護など,原稿|手書き,日本語,"""Memo of Oct. 17 '41""",,,[1941],72,0113-0127,図書,http://tify.sub.uni-goettingen.de/demo.html?manifest=https://archdataset.dl.itc.u-tokyo.ac.jp/manifest/241f2b11-6d1a-7423-3dab-b93056643514.json,241f2b11-6d1a-7423-3dab-b93056643514,https://iiif.dl.itc.u-tokyo.ac.jp/repo/s/cpas-takagi/,https://iiif.dl.itc.u-tokyo.ac.jp/repo/s/cpas-takagi/document/241f2b11-6d1a-7423-3dab-b93056643514,http://www.cpas.c.u-tokyo.ac.jp/lib/archive_riyo2.html,https://iiif.dl.itc.u-tokyo.ac.jp/repo/files/medium/82580c9da763794241afcd0e918bda9a8a5043d4.jpg,https://iiif.dl.itc.u-tokyo.ac.jp/repo/api/items/710702,"東京大学大学院総合文化研究科グローバル地域研究機構アメリカ太平洋地域研究センター Center for Pacific and American Studies, The University of Tokyo, JAPAN",http://iiif.io/api/presentation/2#rightToLeftDirection,,CPAS高木八尺デジタルアーカイブ,0156,,https://iiif.dl.itc.u-tokyo.ac.jp/repo/iiif/241f2b11-6d1a-7423-3dab-b93056643514/manifest,,,,,15
[陳述書草稿],660-[5],東京裁判 木戸弁護など,メモ|手書き,日本語,,,,,72,0139-0147,図書,http://tify.sub.uni-goettingen.de/demo.html?manifest=https://archdataset.dl.itc.u-tokyo.ac.jp/manifest/c232594e-89e0-97fb-a25e-4bdd33083d10.json,c232594e-89e0-97fb-a25e-4bdd33083d10,https://iiif.dl.itc.u-tokyo.ac.jp/repo/s/cpas-takagi/,https://iiif.dl.itc.u-tokyo.ac.jp/repo/s/cpas-takagi/document/c232594e-89e0-97fb-a25e-4bdd33083d10,http://www.cpas.c.u-tokyo.ac.jp/lib/archive_riyo2.html,https://iiif.dl.itc.u-tokyo.ac.jp/repo/files/medium/15c1a95c4383b09d0240f9f38cf8a049890629b8.jpg,https://iiif.dl.itc.u-tokyo.ac.jp/repo/api/items/710701,"東京大学大学院総合文化研究科グローバル地域研究機構アメリカ太平洋地域研究センター Center for Pacific and American Studies, The University of Tokyo, JAPAN",http://iiif.io/api/presentation/2#leftToRightDirection,,CPAS高木八尺デジタルアーカイブ,0157,,https://iiif.dl.itc.u-tokyo.ac.jp/repo/iiif/c232594e-89e0-97fb-a25e-4bdd33083d10/manifest,,,,,8
“AFFIDAVIT of YASAKA TAKAGI”,660-[6],東京裁判 木戸弁護など,原稿|タイプ,英語,,,,,72,0236-0242,図書,http://tify.sub.uni-goettingen.de/demo.html?manifest=https://archdataset.dl.itc.u-tokyo.ac.jp/manifest/13f7613f-60b8-6ee2-47ef-555b9fb375e4.json,13f7613f-60b8-6ee2-47ef-555b9fb375e4,https://iiif.dl.itc.u-tokyo.ac.jp/repo/s/cpas-takagi/,https://iiif.dl.itc.u-tokyo.ac.jp/repo/s/cpas-takagi/document/13f7613f-60b8-6ee2-47ef-555b9fb375e4,http://www.cpas.c.u-tokyo.ac.jp/lib/archive_riyo2.html,https://iiif.dl.itc.u-tokyo.ac.jp/repo/files/medium/951ea866e99a4998f35ddcdfe3246b3e87643658.jpg,https://iiif.dl.itc.u-tokyo.ac.jp/repo/api/items/710700,"東京大学大学院総合文化研究科グローバル地域研究機構アメリカ太平洋地域研究センター Center for Pacific and American Studies, The University of Tokyo, JAPAN",,,CPAS高木八尺デジタルアーカイブ,0158,,https://iiif.dl.itc.u-tokyo.ac.jp/repo/iiif/13f7613f-60b8-6ee2-47ef-555b9fb375e4/manifest,,,,,7
"Opening Remarks at the Conference of the Stanford Visiting Professors with Members of Society of Science of Thought and America Institute, July 24, 1950, ""On the development of American studies in Japan""",663,アメリカ研究セミナー,原稿|タイプ,英語,"Address at a reception for opening the 'American Studies Seminar' by president Shigeru Nambara of the University of Tokyo (July 15, 1950)",,,1950.7,72,0559-0577,図書,http://tify.sub.uni-goettingen.de/demo.html?manifest=https://archdataset.dl.itc.u-tokyo.ac.jp/manifest/a8bd0f5c-2a19-7381-3001-c30de203a376.json,a8bd0f5c-2a19-7381-3001-c30de203a376,https://iiif.dl.itc.u-tokyo.ac.jp/repo/s/cpas-takagi/,https://iiif.dl.itc.u-tokyo.ac.jp/repo/s/cpas-takagi/document/a8bd0f5c-2a19-7381-3001-c30de203a376,http://www.cpas.c.u-tokyo.ac.jp/lib/archive_riyo2.html,https://iiif.dl.itc.u-tokyo.ac.jp/repo/files/medium/1577696a4e0784e607bcd5cefe8c06e7e6d01919.jpg,https://iiif.dl.itc.u-tokyo.ac.jp/repo/api/items/710699,"東京大学大学院総合文化研究科グローバル地域研究機構アメリカ太平洋地域研究センター Center for Pacific and American Studies, The University of Tokyo, JAPAN",,,CPAS高木八尺デジタルアーカイブ,0159,,https://iiif.dl.itc.u-tokyo.ac.jp/repo/iiif/a8bd0f5c-2a19-7381-3001-c30de203a376/manifest,,,,,19
[原典アメリカ史関係メモ (1)],665-[1],原典アメリカ史関係,メモ|手書き,日本語,,,,,74,0006-0036,図書,http://tify.sub.uni-goettingen.de/demo.html?manifest=https://archdataset.dl.itc.u-tokyo.ac.jp/manifest/8d54ae48-788f-05b4-941a-9d3c8aa831ee.json,8d54ae48-788f-05b4-941a-9d3c8aa831ee,https://iiif.dl.itc.u-tokyo.ac.jp/repo/s/cpas-takagi/,https://iiif.dl.itc.u-tokyo.ac.jp/repo/s/cpas-takagi/document/8d54ae48-788f-05b4-941a-9d3c8aa831ee,http://www.cpas.c.u-tokyo.ac.jp/lib/archive_riyo2.html,https://iiif.dl.itc.u-tokyo.ac.jp/repo/files/medium/d574da62ac286dbae76a1d41e495e2012adb51e3.jpg,https://iiif.dl.itc.u-tokyo.ac.jp/repo/api/items/710698,"東京大学大学院総合文化研究科グローバル地域研究機構アメリカ太平洋地域研究センター Center for Pacific and American Studies, The University of Tokyo, JAPAN",http://iiif.io/api/presentation/2#leftToRightDirection,,CPAS高木八尺デジタルアーカイブ,0160,,https://iiif.dl.itc.u-tokyo.ac.jp/repo/iiif/8d54ae48-788f-05b4-941a-9d3c8aa831ee/manifest,,,,,29
[原典アメリカ史関係メモ (2)],665-[2],原典アメリカ史関係,メモ|手書き,日本語,,,,,74,0041-0044,図書,http://tify.sub.uni-goettingen.de/demo.html?manifest=https://archdataset.dl.itc.u-tokyo.ac.jp/manifest/181d4dca-1a68-6e6d-47a8-676c19244d66.json,181d4dca-1a68-6e6d-47a8-676c19244d66,https://iiif.dl.itc.u-tokyo.ac.jp/repo/s/cpas-takagi/,https://iiif.dl.itc.u-tokyo.ac.jp/repo/s/cpas-takagi/document/181d4dca-1a68-6e6d-47a8-676c19244d66,http://www.cpas.c.u-tokyo.ac.jp/lib/archive_riyo2.html,https://iiif.dl.itc.u-tokyo.ac.jp/repo/files/medium/bf1bf145f3dab7732ab3f2b90a76ac9cae73e851.jpg,https://iiif.dl.itc.u-tokyo.ac.jp/repo/api/items/710697,"東京大学大学院総合文化研究科グローバル地域研究機構アメリカ太平洋地域研究センター Center for Pacific and American Studies, The University of Tokyo, JAPAN",http://iiif.io/api/presentation/2#rightToLeftDirection,,CPAS高木八尺デジタルアーカイブ,0161,,https://iiif.dl.itc.u-tokyo.ac.jp/repo/iiif/181d4dca-1a68-6e6d-47a8-676c19244d66/manifest,,,,,4
[原典アメリカ史関係メモ (3)],665-[3],原典アメリカ史関係,メモ|手書き,日本語,,,,,74,0096-0099,図書,http://tify.sub.uni-goettingen.de/demo.html?manifest=https://archdataset.dl.itc.u-tokyo.ac.jp/manifest/c82ffcf1-2f7d-7fa8-8181-d04a2ab32e0b.json,c82ffcf1-2f7d-7fa8-8181-d04a2ab32e0b,https://iiif.dl.itc.u-tokyo.ac.jp/repo/s/cpas-takagi/,https://iiif.dl.itc.u-tokyo.ac.jp/repo/s/cpas-takagi/document/c82ffcf1-2f7d-7fa8-8181-d04a2ab32e0b,http://www.cpas.c.u-tokyo.ac.jp/lib/archive_riyo2.html,https://iiif.dl.itc.u-tokyo.ac.jp/repo/files/medium/3cc481fd6ac15e10f12485ee0a4a7fb0fe91a461.jpg,https://iiif.dl.itc.u-tokyo.ac.jp/repo/api/items/710696,"東京大学大学院総合文化研究科グローバル地域研究機構アメリカ太平洋地域研究センター Center for Pacific and American Studies, The University of Tokyo, JAPAN",http://iiif.io/api/presentation/2#rightToLeftDirection,,CPAS高木八尺デジタルアーカイブ,0162,,https://iiif.dl.itc.u-tokyo.ac.jp/repo/iiif/c82ffcf1-2f7d-7fa8-8181-d04a2ab32e0b/manifest,,,,,4
[原典アメリカ史関係メモ (4)],665-[4],原典アメリカ史関係,メモ|手書き,日本語,,,,,74,0152-0159,図書,http://tify.sub.uni-goettingen.de/demo.html?manifest=https://archdataset.dl.itc.u-tokyo.ac.jp/manifest/22ed426c-027e-662e-9ba1-6e23a6cd27a6.json,22ed426c-027e-662e-9ba1-6e23a6cd27a6,https://iiif.dl.itc.u-tokyo.ac.jp/repo/s/cpas-takagi/,https://iiif.dl.itc.u-tokyo.ac.jp/repo/s/cpas-takagi/document/22ed426c-027e-662e-9ba1-6e23a6cd27a6,http://www.cpas.c.u-tokyo.ac.jp/lib/archive_riyo2.html,https://iiif.dl.itc.u-tokyo.ac.jp/repo/files/medium/9b218530ab6fdd9d13edb899506cb4a60c7c2a31.jpg,https://iiif.dl.itc.u-tokyo.ac.jp/repo/api/items/710695,"東京大学大学院総合文化研究科グローバル地域研究機構アメリカ太平洋地域研究センター Center for Pacific and American Studies, The University of Tokyo, JAPAN",http://iiif.io/api/presentation/2#rightToLeftDirection,,CPAS高木八尺デジタルアーカイブ,0163,,https://iiif.dl.itc.u-tokyo.ac.jp/repo/iiif/22ed426c-027e-662e-9ba1-6e23a6cd27a6/manifest,,,,,8
[原典アメリカ史関係メモ (5)],665-[5],原典アメリカ史関係,メモ|手書き,日本語,,,,,74,0178,図書,http://tify.sub.uni-goettingen.de/demo.html?manifest=https://archdataset.dl.itc.u-tokyo.ac.jp/manifest/987562f5-234a-63ad-5ae0-0089703a999f.json,987562f5-234a-63ad-5ae0-0089703a999f,https://iiif.dl.itc.u-tokyo.ac.jp/repo/s/cpas-takagi/,https://iiif.dl.itc.u-tokyo.ac.jp/repo/s/cpas-takagi/document/987562f5-234a-63ad-5ae0-0089703a999f,http://www.cpas.c.u-tokyo.ac.jp/lib/archive_riyo2.html,https://iiif.dl.itc.u-tokyo.ac.jp/repo/files/medium/c6ad0ead236eec9383f3da8c31494c5b5e58e170.jpg,https://iiif.dl.itc.u-tokyo.ac.jp/repo/api/items/710694,"東京大学大学院総合文化研究科グローバル地域研究機構アメリカ太平洋地域研究センター Center for Pacific and American Studies, The University of Tokyo, JAPAN",http://iiif.io/api/presentation/2#rightToLeftDirection,,CPAS高木八尺デジタルアーカイブ,0164,,https://iiif.dl.itc.u-tokyo.ac.jp/repo/iiif/987562f5-234a-63ad-5ae0-0089703a999f/manifest,,,,,1
"""The Japanese Painting""",669-[1],日本文化関係,メモ|手書き,英語,,,,,75,0160-0170,図書,http://tify.sub.uni-goettingen.de/demo.html?manifest=https://archdataset.dl.itc.u-tokyo.ac.jp/manifest/7026aaa9-31d4-4638-3089-55d49031927d.json,7026aaa9-31d4-4638-3089-55d49031927d,https://iiif.dl.itc.u-tokyo.ac.jp/repo/s/cpas-takagi/,https://iiif.dl.itc.u-tokyo.ac.jp/repo/s/cpas-takagi/document/7026aaa9-31d4-4638-3089-55d49031927d,http://www.cpas.c.u-tokyo.ac.jp/lib/archive_riyo2.html,https://iiif.dl.itc.u-tokyo.ac.jp/repo/files/medium/3a647949c4a0e35715991024225fc14d64fd25bc.jpg,https://iiif.dl.itc.u-tokyo.ac.jp/repo/api/items/710693,"東京大学大学院総合文化研究科グローバル地域研究機構アメリカ太平洋地域研究センター Center for Pacific and American Studies, The University of Tokyo, JAPAN",,,CPAS高木八尺デジタルアーカイブ,0165,,https://iiif.dl.itc.u-tokyo.ac.jp/repo/iiif/7026aaa9-31d4-4638-3089-55d49031927d/manifest,,,,,9
“The ‘No’”,669-[2],日本文化関係,メモ|手書き,英語,,,,,75,0182-0190,図書,http://tify.sub.uni-goettingen.de/demo.html?manifest=https://archdataset.dl.itc.u-tokyo.ac.jp/manifest/d2a4b926-905f-1de5-4951-c4d46f8a8d13.json,d2a4b926-905f-1de5-4951-c4d46f8a8d13,https://iiif.dl.itc.u-tokyo.ac.jp/repo/s/cpas-takagi/,https://iiif.dl.itc.u-tokyo.ac.jp/repo/s/cpas-takagi/document/d2a4b926-905f-1de5-4951-c4d46f8a8d13,http://www.cpas.c.u-tokyo.ac.jp/lib/archive_riyo2.html,https://iiif.dl.itc.u-tokyo.ac.jp/repo/files/medium/b53145a6002d494c3ee4aed04b712c2a9b1f94e4.jpg,https://iiif.dl.itc.u-tokyo.ac.jp/repo/api/items/710692,"東京大学大学院総合文化研究科グローバル地域研究機構アメリカ太平洋地域研究センター Center for Pacific and American Studies, The University of Tokyo, JAPAN",,,CPAS高木八尺デジタルアーカイブ,0166,,https://iiif.dl.itc.u-tokyo.ac.jp/repo/iiif/d2a4b926-905f-1de5-4951-c4d46f8a8d13/manifest,,,,,8
[Incense] 他,669-[3],日本文化関係,メモ|手書き,英語,"""Tea and tea ceremony""|""The Flower Arrangement""",,,,75,0203-0253,図書,http://tify.sub.uni-goettingen.de/demo.html?manifest=https://archdataset.dl.itc.u-tokyo.ac.jp/manifest/038215ce-1ba0-4df2-13eb-c93fda8824db.json,038215ce-1ba0-4df2-13eb-c93fda8824db,https://iiif.dl.itc.u-tokyo.ac.jp/repo/s/cpas-takagi/,https://iiif.dl.itc.u-tokyo.ac.jp/repo/s/cpas-takagi/document/038215ce-1ba0-4df2-13eb-c93fda8824db,http://www.cpas.c.u-tokyo.ac.jp/lib/archive_riyo2.html,https://iiif.dl.itc.u-tokyo.ac.jp/repo/files/medium/a89b8c8fd50b0c9f6799f8da6f6dafc8316a7992.jpg,https://iiif.dl.itc.u-tokyo.ac.jp/repo/api/items/710691,"東京大学大学院総合文化研究科グローバル地域研究機構アメリカ太平洋地域研究センター Center for Pacific and American Studies, The University of Tokyo, JAPAN",,,CPAS高木八尺デジタルアーカイブ,0167,,https://iiif.dl.itc.u-tokyo.ac.jp/repo/iiif/038215ce-1ba0-4df2-13eb-c93fda8824db/manifest,,,,,47
"“Extradi..., In spite of Baron von Lersner’s forebodings at the ...,”",674,戦争犯罪関係,メモ|手書き,英語,,,,,75,0341-0346,図書,http://tify.sub.uni-goettingen.de/demo.html?manifest=https://archdataset.dl.itc.u-tokyo.ac.jp/manifest/4793a027-9b49-28fe-39fd-8b7203246749.json,4793a027-9b49-28fe-39fd-8b7203246749,https://iiif.dl.itc.u-tokyo.ac.jp/repo/s/cpas-takagi/,https://iiif.dl.itc.u-tokyo.ac.jp/repo/s/cpas-takagi/document/4793a027-9b49-28fe-39fd-8b7203246749,http://www.cpas.c.u-tokyo.ac.jp/lib/archive_riyo2.html,https://iiif.dl.itc.u-tokyo.ac.jp/repo/files/medium/0f1dd774fba7597fd8ce7492cc610010c3704415.jpg,https://iiif.dl.itc.u-tokyo.ac.jp/repo/api/items/710690,"東京大学大学院総合文化研究科グローバル地域研究機構アメリカ太平洋地域研究センター Center for Pacific and American Studies, The University of Tokyo, JAPAN",,,CPAS高木八尺デジタルアーカイブ,0168,,https://iiif.dl.itc.u-tokyo.ac.jp/repo/iiif/4793a027-9b49-28fe-39fd-8b7203246749/manifest,,,,,6
"""PROBLEMS IN JAPAN""",677-[1],Foreign Affairs 寄稿論文原稿,原稿|タイプ,英語,,,,,76,0018-0048,図書,http://tify.sub.uni-goettingen.de/demo.html?manifest=https://archdataset.dl.itc.u-tokyo.ac.jp/manifest/694f1c74-6900-0be0-1956-95d8aa3d3ae3.json,694f1c74-6900-0be0-1956-95d8aa3d3ae3,https://iiif.dl.itc.u-tokyo.ac.jp/repo/s/cpas-takagi/,https://iiif.dl.itc.u-tokyo.ac.jp/repo/s/cpas-takagi/document/694f1c74-6900-0be0-1956-95d8aa3d3ae3,http://www.cpas.c.u-tokyo.ac.jp/lib/archive_riyo2.html,https://iiif.dl.itc.u-tokyo.ac.jp/repo/files/medium/12d3093db8ba103f7eeb7234754cea861f78d4fe.jpg,https://iiif.dl.itc.u-tokyo.ac.jp/repo/api/items/710689,"東京大学大学院総合文化研究科グローバル地域研究機構アメリカ太平洋地域研究センター Center for Pacific and American Studies, The University of Tokyo, JAPAN",,,CPAS高木八尺デジタルアーカイブ,0169,,https://iiif.dl.itc.u-tokyo.ac.jp/repo/iiif/694f1c74-6900-0be0-1956-95d8aa3d3ae3/manifest,,,,,31
"""Problems in Japan""",677-[2],Foreign Affairs 寄稿論文原稿,メモ|手書き,日本語,,英文原稿含む,,,76,0049-0070,図書,http://tify.sub.uni-goettingen.de/demo.html?manifest=https://archdataset.dl.itc.u-tokyo.ac.jp/manifest/bf4055d0-8737-9490-9624-4e9c16695344.json,bf4055d0-8737-9490-9624-4e9c16695344,https://iiif.dl.itc.u-tokyo.ac.jp/repo/s/cpas-takagi/,https://iiif.dl.itc.u-tokyo.ac.jp/repo/s/cpas-takagi/document/bf4055d0-8737-9490-9624-4e9c16695344,http://www.cpas.c.u-tokyo.ac.jp/lib/archive_riyo2.html,https://iiif.dl.itc.u-tokyo.ac.jp/repo/files/medium/e3dde7b88dd5006d93e2f80220f1a8b6e05b25b6.jpg,https://iiif.dl.itc.u-tokyo.ac.jp/repo/api/items/710688,"東京大学大学院総合文化研究科グローバル地域研究機構アメリカ太平洋地域研究センター Center for Pacific and American Studies, The University of Tokyo, JAPAN",http://iiif.io/api/presentation/2#leftToRightDirection,,CPAS高木八尺デジタルアーカイブ,0170,,https://iiif.dl.itc.u-tokyo.ac.jp/repo/iiif/bf4055d0-8737-9490-9624-4e9c16695344/manifest,,,,,22
「再版訳者序」,678-[1],Farrand著「米国発達史概説」翻訳の件,原稿|手書き,日本語,,,昭和23年10月29日,1948.10.29,76,0081-0083,図書,http://tify.sub.uni-goettingen.de/demo.html?manifest=https://archdataset.dl.itc.u-tokyo.ac.jp/manifest/a0007378-74b6-4fd4-0e7b-f386aad1311b.json,a0007378-74b6-4fd4-0e7b-f386aad1311b,https://iiif.dl.itc.u-tokyo.ac.jp/repo/s/cpas-takagi/,https://iiif.dl.itc.u-tokyo.ac.jp/repo/s/cpas-takagi/document/a0007378-74b6-4fd4-0e7b-f386aad1311b,http://www.cpas.c.u-tokyo.ac.jp/lib/archive_riyo2.html,https://iiif.dl.itc.u-tokyo.ac.jp/repo/files/medium/94ddc78185431672ccd131f67aeeff4ba1677c23.jpg,https://iiif.dl.itc.u-tokyo.ac.jp/repo/api/items/710687,"東京大学大学院総合文化研究科グローバル地域研究機構アメリカ太平洋地域研究センター Center for Pacific and American Studies, The University of Tokyo, JAPAN",http://iiif.io/api/presentation/2#rightToLeftDirection,,CPAS高木八尺デジタルアーカイブ,0171,,https://iiif.dl.itc.u-tokyo.ac.jp/repo/iiif/a0007378-74b6-4fd4-0e7b-f386aad1311b/manifest,,,,,3
「訳者序」,678-[2],Farrand著「米国発達史概説」翻訳の件,原稿|手書き,日本語,,"Max Farrand著 ""The Development of the United States,"" 1918 の翻訳の序",,,76,0127-0131,図書,http://tify.sub.uni-goettingen.de/demo.html?manifest=https://archdataset.dl.itc.u-tokyo.ac.jp/manifest/4201057d-7e1f-8af0-2ce1-3642cba03d9b.json,4201057d-7e1f-8af0-2ce1-3642cba03d9b,https://iiif.dl.itc.u-tokyo.ac.jp/repo/s/cpas-takagi/,https://iiif.dl.itc.u-tokyo.ac.jp/repo/s/cpas-takagi/document/4201057d-7e1f-8af0-2ce1-3642cba03d9b,http://www.cpas.c.u-tokyo.ac.jp/lib/archive_riyo2.html,https://iiif.dl.itc.u-tokyo.ac.jp/repo/files/medium/db68670a84dd59bf7e9f229c0148a078b1f74298.jpg,https://iiif.dl.itc.u-tokyo.ac.jp/repo/api/items/710686,"東京大学大学院総合文化研究科グローバル地域研究機構アメリカ太平洋地域研究センター Center for Pacific and American Studies, The University of Tokyo, JAPAN",http://iiif.io/api/presentation/2#rightToLeftDirection,,CPAS高木八尺デジタルアーカイブ,0172,,https://iiif.dl.itc.u-tokyo.ac.jp/repo/iiif/4201057d-7e1f-8af0-2ce1-3642cba03d9b/manifest,,,,,5
"""It seems to be a remarkable instance showing the capacity of mankind to rise above the antagonisms and animosities of war.""",682-[1],Rockefeller Found.関係,メモ|手書き,英語,,,,,76,0204-0205,図書,http://tify.sub.uni-goettingen.de/demo.html?manifest=https://archdataset.dl.itc.u-tokyo.ac.jp/manifest/b2cff957-5ae2-70ee-685a-26995d415fec.json,b2cff957-5ae2-70ee-685a-26995d415fec,https://iiif.dl.itc.u-tokyo.ac.jp/repo/s/cpas-takagi/,https://iiif.dl.itc.u-tokyo.ac.jp/repo/s/cpas-takagi/document/b2cff957-5ae2-70ee-685a-26995d415fec,http://www.cpas.c.u-tokyo.ac.jp/lib/archive_riyo2.html,https://iiif.dl.itc.u-tokyo.ac.jp/repo/files/medium/f9f4d6a323b19b4c021f0a4ae96ec0a778399cc4.jpg,https://iiif.dl.itc.u-tokyo.ac.jp/repo/api/items/710685,"東京大学大学院総合文化研究科グローバル地域研究機構アメリカ太平洋地域研究センター Center for Pacific and American Studies, The University of Tokyo, JAPAN",,,CPAS高木八尺デジタルアーカイブ,0173,,https://iiif.dl.itc.u-tokyo.ac.jp/repo/iiif/b2cff957-5ae2-70ee-685a-26995d415fec/manifest,,,,,2
Yasaka Takagi to Charles B. Fahs,682-[2],Rockefeller Found.関係,手紙控え|タイプ,英語,,[ロックフェラー財団へ寄贈依頼],,1949.1.25,76,0273-0274,図書,http://tify.sub.uni-goettingen.de/demo.html?manifest=https://archdataset.dl.itc.u-tokyo.ac.jp/manifest/0d0e3f39-a1c2-89bf-0637-34ba7ee101e8.json,0d0e3f39-a1c2-89bf-0637-34ba7ee101e8,https://iiif.dl.itc.u-tokyo.ac.jp/repo/s/cpas-takagi/,https://iiif.dl.itc.u-tokyo.ac.jp/repo/s/cpas-takagi/document/0d0e3f39-a1c2-89bf-0637-34ba7ee101e8,http://www.cpas.c.u-tokyo.ac.jp/lib/archive_riyo2.html,https://iiif.dl.itc.u-tokyo.ac.jp/repo/files/medium/a17fc67e344e4a5ab036111a52b6b5ca2d04ce4e.jpg,https://iiif.dl.itc.u-tokyo.ac.jp/repo/api/items/710684,"東京大学大学院総合文化研究科グローバル地域研究機構アメリカ太平洋地域研究センター Center for Pacific and American Studies, The University of Tokyo, JAPAN",,,CPAS高木八尺デジタルアーカイブ,0174,,https://iiif.dl.itc.u-tokyo.ac.jp/repo/iiif/0d0e3f39-a1c2-89bf-0637-34ba7ee101e8/manifest,,,,,2
[Takagi] to Fahs,682-[3],Rockefeller Found.関係,草稿|手書き,英語,,,,,76,0276,図書,http://tify.sub.uni-goettingen.de/demo.html?manifest=https://archdataset.dl.itc.u-tokyo.ac.jp/manifest/ad12fca4-06c2-1dac-5a6a-97f5d436907e.json,ad12fca4-06c2-1dac-5a6a-97f5d436907e,https://iiif.dl.itc.u-tokyo.ac.jp/repo/s/cpas-takagi/,https://iiif.dl.itc.u-tokyo.ac.jp/repo/s/cpas-takagi/document/ad12fca4-06c2-1dac-5a6a-97f5d436907e,http://www.cpas.c.u-tokyo.ac.jp/lib/archive_riyo2.html,https://iiif.dl.itc.u-tokyo.ac.jp/repo/files/medium/dfea9ae55baabb7455d212ca116b91f772bbf87c.jpg,https://iiif.dl.itc.u-tokyo.ac.jp/repo/api/items/710683,"東京大学大学院総合文化研究科グローバル地域研究機構アメリカ太平洋地域研究センター Center for Pacific and American Studies, The University of Tokyo, JAPAN",,,CPAS高木八尺デジタルアーカイブ,0175,,https://iiif.dl.itc.u-tokyo.ac.jp/repo/iiif/ad12fca4-06c2-1dac-5a6a-97f5d436907e/manifest,,,,,1
[Takagi] to Robert G. Cleland,682-[4],Rockefeller Found.関係,草稿|手書き,英語,,,,,76,0280-0283,図書,http://tify.sub.uni-goettingen.de/demo.html?manifest=https://archdataset.dl.itc.u-tokyo.ac.jp/manifest/5b52b2f5-59ba-9e8b-32fd-a089f69c5449.json,5b52b2f5-59ba-9e8b-32fd-a089f69c5449,https://iiif.dl.itc.u-tokyo.ac.jp/repo/s/cpas-takagi/,https://iiif.dl.itc.u-tokyo.ac.jp/repo/s/cpas-takagi/document/5b52b2f5-59ba-9e8b-32fd-a089f69c5449,http://www.cpas.c.u-tokyo.ac.jp/lib/archive_riyo2.html,https://iiif.dl.itc.u-tokyo.ac.jp/repo/files/medium/fc0509929ced5a1cd1a09f9e6bb87a135f51da7d.jpg,https://iiif.dl.itc.u-tokyo.ac.jp/repo/api/items/710682,"東京大学大学院総合文化研究科グローバル地域研究機構アメリカ太平洋地域研究センター Center for Pacific and American Studies, The University of Tokyo, JAPAN",,,CPAS高木八尺デジタルアーカイブ,0176,,https://iiif.dl.itc.u-tokyo.ac.jp/repo/iiif/5b52b2f5-59ba-9e8b-32fd-a089f69c5449/manifest,,,,,4
[Takagi] to Robert G. Cleland,682-[5],Rockefeller Found.関係,手紙控え|タイプ,英語,,追加希望文献リスト(1949.1-2)含む,,1948.11.22,76,0285-0289,図書,http://tify.sub.uni-goettingen.de/demo.html?manifest=https://archdataset.dl.itc.u-tokyo.ac.jp/manifest/cdef5eb6-29a0-768f-4216-d37cd9dea56d.json,cdef5eb6-29a0-768f-4216-d37cd9dea56d,https://iiif.dl.itc.u-tokyo.ac.jp/repo/s/cpas-takagi/,https://iiif.dl.itc.u-tokyo.ac.jp/repo/s/cpas-takagi/document/cdef5eb6-29a0-768f-4216-d37cd9dea56d,http://www.cpas.c.u-tokyo.ac.jp/lib/archive_riyo2.html,https://iiif.dl.itc.u-tokyo.ac.jp/repo/files/medium/54bb4381af81b85594bcfdbacd80ca0cb72716a6.jpg,https://iiif.dl.itc.u-tokyo.ac.jp/repo/api/items/710681,"東京大学大学院総合文化研究科グローバル地域研究機構アメリカ太平洋地域研究センター Center for Pacific and American Studies, The University of Tokyo, JAPAN",,,CPAS高木八尺デジタルアーカイブ,0177,,https://iiif.dl.itc.u-tokyo.ac.jp/repo/iiif/cdef5eb6-29a0-768f-4216-d37cd9dea56d/manifest,,,,,5
[文献リストメモ],682-[6],Rockefeller Found.関係,メモ|手書き,英語,,,,,76,0290-0296,図書,http://tify.sub.uni-goettingen.de/demo.html?manifest=https://archdataset.dl.itc.u-tokyo.ac.jp/manifest/f17cfe2e-83f8-63aa-5f88-fc05a4339033.json,f17cfe2e-83f8-63aa-5f88-fc05a4339033,https://iiif.dl.itc.u-tokyo.ac.jp/repo/s/cpas-takagi/,https://iiif.dl.itc.u-tokyo.ac.jp/repo/s/cpas-takagi/document/f17cfe2e-83f8-63aa-5f88-fc05a4339033,http://www.cpas.c.u-tokyo.ac.jp/lib/archive_riyo2.html,https://iiif.dl.itc.u-tokyo.ac.jp/repo/files/medium/eda6a5f622a9aef53785dbcf3bdfa773b7360844.jpg,https://iiif.dl.itc.u-tokyo.ac.jp/repo/api/items/710680,"東京大学大学院総合文化研究科グローバル地域研究機構アメリカ太平洋地域研究センター Center for Pacific and American Studies, The University of Tokyo, JAPAN",,,CPAS高木八尺デジタルアーカイブ,0178,,https://iiif.dl.itc.u-tokyo.ac.jp/repo/iiif/f17cfe2e-83f8-63aa-5f88-fc05a4339033/manifest,,,,,7
Yasaka Takagi to Robert G. Cleland,682-[7],Rockefeller Found.関係,手紙控え|タイプ,英語,,1950.3付文献リスト含む,,1949.9.14,76,0297-0304,図書,http://tify.sub.uni-goettingen.de/demo.html?manifest=https://archdataset.dl.itc.u-tokyo.ac.jp/manifest/97bb44ee-84ca-9c90-174b-5f3fa96a2a16.json,97bb44ee-84ca-9c90-174b-5f3fa96a2a16,https://iiif.dl.itc.u-tokyo.ac.jp/repo/s/cpas-takagi/,https://iiif.dl.itc.u-tokyo.ac.jp/repo/s/cpas-takagi/document/97bb44ee-84ca-9c90-174b-5f3fa96a2a16,http://www.cpas.c.u-tokyo.ac.jp/lib/archive_riyo2.html,https://iiif.dl.itc.u-tokyo.ac.jp/repo/files/medium/8e86184b8b66ebf0fdeee0b818d6ef0c7106550b.jpg,https://iiif.dl.itc.u-tokyo.ac.jp/repo/api/items/710679,"東京大学大学院総合文化研究科グローバル地域研究機構アメリカ太平洋地域研究センター Center for Pacific and American Studies, The University of Tokyo, JAPAN",,,CPAS高木八尺デジタルアーカイブ,0179,,https://iiif.dl.itc.u-tokyo.ac.jp/repo/iiif/97bb44ee-84ca-9c90-174b-5f3fa96a2a16/manifest,,,,,8
[文献リストメモ],682-[8],Rockefeller Found.関係,メモ|手書き,英語,,付: 文献リスト,,,76,0298-0304,図書,http://tify.sub.uni-goettingen.de/demo.html?manifest=https://archdataset.dl.itc.u-tokyo.ac.jp/manifest/fa1059b3-1090-a6e6-52d8-9109850960ed.json,fa1059b3-1090-a6e6-52d8-9109850960ed,https://iiif.dl.itc.u-tokyo.ac.jp/repo/s/cpas-takagi/,https://iiif.dl.itc.u-tokyo.ac.jp/repo/s/cpas-takagi/document/fa1059b3-1090-a6e6-52d8-9109850960ed,http://www.cpas.c.u-tokyo.ac.jp/lib/archive_riyo2.html,https://iiif.dl.itc.u-tokyo.ac.jp/repo/files/medium/1e500e87adaede02aa8e49c713e74cb2058ec72a.jpg,https://iiif.dl.itc.u-tokyo.ac.jp/repo/api/items/710678,"東京大学大学院総合文化研究科グローバル地域研究機構アメリカ太平洋地域研究センター Center for Pacific and American Studies, The University of Tokyo, JAPAN",,,CPAS高木八尺デジタルアーカイブ,0180,,https://iiif.dl.itc.u-tokyo.ac.jp/repo/iiif/fa1059b3-1090-a6e6-52d8-9109850960ed/manifest,,,,,11
"""America and Goodwill viewed by a Japanese""",685-[1],World Alliance for Int’l Friendship through the Churches(0418-,草稿|手書き,英語,,,,,76,0420-0440,図書,http://tify.sub.uni-goettingen.de/demo.html?manifest=https://archdataset.dl.itc.u-tokyo.ac.jp/manifest/6f9ad2f8-4b30-8faa-33e8-0efedf4c5c84.json,6f9ad2f8-4b30-8faa-33e8-0efedf4c5c84,https://iiif.dl.itc.u-tokyo.ac.jp/repo/s/cpas-takagi/,https://iiif.dl.itc.u-tokyo.ac.jp/repo/s/cpas-takagi/document/6f9ad2f8-4b30-8faa-33e8-0efedf4c5c84,http://www.cpas.c.u-tokyo.ac.jp/lib/archive_riyo2.html,https://iiif.dl.itc.u-tokyo.ac.jp/repo/files/medium/0b3c587af11152736e29298ee043ff821112c9ae.jpg,https://iiif.dl.itc.u-tokyo.ac.jp/repo/api/items/710677,"東京大学大学院総合文化研究科グローバル地域研究機構アメリカ太平洋地域研究センター Center for Pacific and American Studies, The University of Tokyo, JAPAN",,,CPAS高木八尺デジタルアーカイブ,0181,,https://iiif.dl.itc.u-tokyo.ac.jp/repo/iiif/6f9ad2f8-4b30-8faa-33e8-0efedf4c5c84/manifest,,,,,21
"""The task assigned for me this afternoon is indeed a difficult one.""",685-[2],World Alliance for Int’l Friendship through the Churches,原稿|タイプ,英語,,新渡戸氏追悼スピーチ原稿?,,1933.10.18,76,0484-0487,図書,http://tify.sub.uni-goettingen.de/demo.html?manifest=https://archdataset.dl.itc.u-tokyo.ac.jp/manifest/3c6a0a37-5e97-6901-4c31-919674d17404.json,3c6a0a37-5e97-6901-4c31-919674d17404,https://iiif.dl.itc.u-tokyo.ac.jp/repo/s/cpas-takagi/,https://iiif.dl.itc.u-tokyo.ac.jp/repo/s/cpas-takagi/document/3c6a0a37-5e97-6901-4c31-919674d17404,http://www.cpas.c.u-tokyo.ac.jp/lib/archive_riyo2.html,https://iiif.dl.itc.u-tokyo.ac.jp/repo/files/medium/a36de4467f8d336a754a684ed4ee150be2a14a5c.jpg,https://iiif.dl.itc.u-tokyo.ac.jp/repo/api/items/710676,"東京大学大学院総合文化研究科グローバル地域研究機構アメリカ太平洋地域研究センター Center for Pacific and American Studies, The University of Tokyo, JAPAN",,,CPAS高木八尺デジタルアーカイブ,0182,,https://iiif.dl.itc.u-tokyo.ac.jp/repo/iiif/3c6a0a37-5e97-6901-4c31-919674d17404/manifest,,,,,4
"""American and goodwill viewed by a Japanese""",685-[3],World Alliance for Int’l Friendship through the Churches,原稿|タイプ,英語,"""World Alliance Goodwill Congress Nov. 10, 1933.""",,,[1933.11.10],76,0497-0502,図書,http://tify.sub.uni-goettingen.de/demo.html?manifest=https://archdataset.dl.itc.u-tokyo.ac.jp/manifest/c1295e32-56bd-3a2f-2123-a4148cd0010a.json,c1295e32-56bd-3a2f-2123-a4148cd0010a,https://iiif.dl.itc.u-tokyo.ac.jp/repo/s/cpas-takagi/,https://iiif.dl.itc.u-tokyo.ac.jp/repo/s/cpas-takagi/document/c1295e32-56bd-3a2f-2123-a4148cd0010a,http://www.cpas.c.u-tokyo.ac.jp/lib/archive_riyo2.html,https://iiif.dl.itc.u-tokyo.ac.jp/repo/files/medium/cb775388e1e9e32464b537ce748eb61cb57d6888.jpg,https://iiif.dl.itc.u-tokyo.ac.jp/repo/api/items/710675,"東京大学大学院総合文化研究科グローバル地域研究機構アメリカ太平洋地域研究センター Center for Pacific and American Studies, The University of Tokyo, JAPAN",,,CPAS高木八尺デジタルアーカイブ,0183,,https://iiif.dl.itc.u-tokyo.ac.jp/repo/iiif/c1295e32-56bd-3a2f-2123-a4148cd0010a/manifest,,,,,6
「1670年ニ於ケル植民地ノ政治的状態(B)」他,686,アメリカ史?原稿等,原稿|手書き,日本語,,,,,77,0008-0086,図書,http://tify.sub.uni-goettingen.de/demo.html?manifest=https://archdataset.dl.itc.u-tokyo.ac.jp/manifest/57e80515-2228-7710-77f8-f08983af5f34.json,57e80515-2228-7710-77f8-f08983af5f34,https://iiif.dl.itc.u-tokyo.ac.jp/repo/s/cpas-takagi/,https://iiif.dl.itc.u-tokyo.ac.jp/repo/s/cpas-takagi/document/57e80515-2228-7710-77f8-f08983af5f34,http://www.cpas.c.u-tokyo.ac.jp/lib/archive_riyo2.html,https://iiif.dl.itc.u-tokyo.ac.jp/repo/files/medium/5a88d7d2990ecec9ed8142f6f72708b42eabef13.jpg,https://iiif.dl.itc.u-tokyo.ac.jp/repo/api/items/710674,"東京大学大学院総合文化研究科グローバル地域研究機構アメリカ太平洋地域研究センター Center for Pacific and American Studies, The University of Tokyo, JAPAN",http://iiif.io/api/presentation/2#rightToLeftDirection,,CPAS高木八尺デジタルアーカイブ,0184,,https://iiif.dl.itc.u-tokyo.ac.jp/repo/iiif/57e80515-2228-7710-77f8-f08983af5f34/manifest,,,,,79
「アメリカ政治組織」,690,アメリカ政治関係原稿等,原稿|手書き,日本語,,,,,77,0126-0140,図書,http://tify.sub.uni-goettingen.de/demo.html?manifest=https://archdataset.dl.itc.u-tokyo.ac.jp/manifest/4227c608-1003-a2ab-08ea-2744e064a7a6.json,4227c608-1003-a2ab-08ea-2744e064a7a6,https://iiif.dl.itc.u-tokyo.ac.jp/repo/s/cpas-takagi/,https://iiif.dl.itc.u-tokyo.ac.jp/repo/s/cpas-takagi/document/4227c608-1003-a2ab-08ea-2744e064a7a6,http://www.cpas.c.u-tokyo.ac.jp/lib/archive_riyo2.html,https://iiif.dl.itc.u-tokyo.ac.jp/repo/files/medium/c6e67acaa2dc39f34f2f2c1c671c6816470b1955.jpg,https://iiif.dl.itc.u-tokyo.ac.jp/repo/api/items/710673,"東京大学大学院総合文化研究科グローバル地域研究機構アメリカ太平洋地域研究センター Center for Pacific and American Studies, The University of Tokyo, JAPAN",http://iiif.io/api/presentation/2#rightToLeftDirection,,CPAS高木八尺デジタルアーカイブ,0185,,https://iiif.dl.itc.u-tokyo.ac.jp/repo/iiif/4227c608-1003-a2ab-08ea-2744e064a7a6/manifest,,,,,15
"""Jameson, Typical Steps of Am. Expans.""",691-[1],"Jameson, J. F.",メモ|手書き,英語,,,,,77,0149-0159,図書,http://tify.sub.uni-goettingen.de/demo.html?manifest=https://archdataset.dl.itc.u-tokyo.ac.jp/manifest/ce349219-48ef-36aa-5289-a38525a4676e.json,ce349219-48ef-36aa-5289-a38525a4676e,https://iiif.dl.itc.u-tokyo.ac.jp/repo/s/cpas-takagi/,https://iiif.dl.itc.u-tokyo.ac.jp/repo/s/cpas-takagi/document/ce349219-48ef-36aa-5289-a38525a4676e,http://www.cpas.c.u-tokyo.ac.jp/lib/archive_riyo2.html,https://iiif.dl.itc.u-tokyo.ac.jp/repo/files/medium/1efd80616df5400d5f9da2925c0460e5daa278c0.jpg,https://iiif.dl.itc.u-tokyo.ac.jp/repo/api/items/710672,"東京大学大学院総合文化研究科グローバル地域研究機構アメリカ太平洋地域研究センター Center for Pacific and American Studies, The University of Tokyo, JAPAN",,,CPAS高木八尺デジタルアーカイブ,0186,,https://iiif.dl.itc.u-tokyo.ac.jp/repo/iiif/ce349219-48ef-36aa-5289-a38525a4676e/manifest,,,,,11
Takagi to Jameson,691-[2],"Jameson, J. F.",手紙下書き|手書き,英語,,,,1924.5.4,77,0184,図書,http://tify.sub.uni-goettingen.de/demo.html?manifest=https://archdataset.dl.itc.u-tokyo.ac.jp/manifest/cfe93364-58b0-68af-52d6-beb429f02e42.json,cfe93364-58b0-68af-52d6-beb429f02e42,https://iiif.dl.itc.u-tokyo.ac.jp/repo/s/cpas-takagi/,https://iiif.dl.itc.u-tokyo.ac.jp/repo/s/cpas-takagi/document/cfe93364-58b0-68af-52d6-beb429f02e42,http://www.cpas.c.u-tokyo.ac.jp/lib/archive_riyo2.html,https://iiif.dl.itc.u-tokyo.ac.jp/repo/files/medium/d0e250ff76980b6741014fc26fcf5fe41e236957.jpg,https://iiif.dl.itc.u-tokyo.ac.jp/repo/api/items/710671,"東京大学大学院総合文化研究科グローバル地域研究機構アメリカ太平洋地域研究センター Center for Pacific and American Studies, The University of Tokyo, JAPAN",,,CPAS高木八尺デジタルアーカイブ,0187,,https://iiif.dl.itc.u-tokyo.ac.jp/repo/iiif/cfe93364-58b0-68af-52d6-beb429f02e42/manifest,,,,,2
「麻布第三連隊の...」,698,満州事変、上海事変,メモ|手書き,日本語,,,[昭和6年],[1931],78,0302-0311,図書,http://tify.sub.uni-goettingen.de/demo.html?manifest=https://archdataset.dl.itc.u-tokyo.ac.jp/manifest/176ca785-8c4b-3a0f-48c6-e13005fe65dd.json,176ca785-8c4b-3a0f-48c6-e13005fe65dd,https://iiif.dl.itc.u-tokyo.ac.jp/repo/s/cpas-takagi/,https://iiif.dl.itc.u-tokyo.ac.jp/repo/s/cpas-takagi/document/176ca785-8c4b-3a0f-48c6-e13005fe65dd,http://www.cpas.c.u-tokyo.ac.jp/lib/archive_riyo2.html,https://iiif.dl.itc.u-tokyo.ac.jp/repo/files/medium/a1e33efe57b948a0515cae65e7eaf09b3cbe7157.jpg,https://iiif.dl.itc.u-tokyo.ac.jp/repo/api/items/710670,"東京大学大学院総合文化研究科グローバル地域研究機構アメリカ太平洋地域研究センター Center for Pacific and American Studies, The University of Tokyo, JAPAN",http://iiif.io/api/presentation/2#rightToLeftDirection,,CPAS高木八尺デジタルアーカイブ,0188,,https://iiif.dl.itc.u-tokyo.ac.jp/repo/iiif/176ca785-8c4b-3a0f-48c6-e13005fe65dd/manifest,,,,,10
[Speech draft],707,Jap.-Amer. Cooperation 米国学生招待,メモ|手書き,英語,,,,,79,0208-0217,図書,http://tify.sub.uni-goettingen.de/demo.html?manifest=https://archdataset.dl.itc.u-tokyo.ac.jp/manifest/4324f9f2-a5a6-7623-0e4a-7da7894f21f5.json,4324f9f2-a5a6-7623-0e4a-7da7894f21f5,https://iiif.dl.itc.u-tokyo.ac.jp/repo/s/cpas-takagi/,https://iiif.dl.itc.u-tokyo.ac.jp/repo/s/cpas-takagi/document/4324f9f2-a5a6-7623-0e4a-7da7894f21f5,http://www.cpas.c.u-tokyo.ac.jp/lib/archive_riyo2.html,https://iiif.dl.itc.u-tokyo.ac.jp/repo/files/medium/a0deb5290b7e650a52202f74734b2a47b0a98b84.jpg,https://iiif.dl.itc.u-tokyo.ac.jp/repo/api/items/710669,"東京大学大学院総合文化研究科グローバル地域研究機構アメリカ太平洋地域研究センター Center for Pacific and American Studies, The University of Tokyo, JAPAN",,,CPAS高木八尺デジタルアーカイブ,0189,,https://iiif.dl.itc.u-tokyo.ac.jp/repo/iiif/4324f9f2-a5a6-7623-0e4a-7da7894f21f5/manifest,,,,,8
"""Notes taken during Banff Conference, 1933""",710-[1],"IPR, Banff",メモ|手書き,英語,,,,[1933],79,0246-0297,図書,http://tify.sub.uni-goettingen.de/demo.html?manifest=https://archdataset.dl.itc.u-tokyo.ac.jp/manifest/6503980e-11a0-1aef-22b2-14c5a1175c5f.json,6503980e-11a0-1aef-22b2-14c5a1175c5f,https://iiif.dl.itc.u-tokyo.ac.jp/repo/s/cpas-takagi/,https://iiif.dl.itc.u-tokyo.ac.jp/repo/s/cpas-takagi/document/6503980e-11a0-1aef-22b2-14c5a1175c5f,http://www.cpas.c.u-tokyo.ac.jp/lib/archive_riyo2.html,https://iiif.dl.itc.u-tokyo.ac.jp/repo/files/medium/4fce5eae34390253f4bfd14890b3eef2e6145b19.jpg,https://iiif.dl.itc.u-tokyo.ac.jp/repo/api/items/710668,"東京大学大学院総合文化研究科グローバル地域研究機構アメリカ太平洋地域研究センター Center for Pacific and American Studies, The University of Tokyo, JAPAN",,,CPAS高木八尺デジタルアーカイブ,0190,,https://iiif.dl.itc.u-tokyo.ac.jp/repo/iiif/6503980e-11a0-1aef-22b2-14c5a1175c5f/manifest,,,,,52
"""Banff Conf Notes""",710-[2],"IPR, Banff",メモ|手書き,英語,,,,[1933],79,0303-0309,図書,http://tify.sub.uni-goettingen.de/demo.html?manifest=https://archdataset.dl.itc.u-tokyo.ac.jp/manifest/0161d31c-4268-a405-3ba8-0dfd22931933.json,0161d31c-4268-a405-3ba8-0dfd22931933,https://iiif.dl.itc.u-tokyo.ac.jp/repo/s/cpas-takagi/,https://iiif.dl.itc.u-tokyo.ac.jp/repo/s/cpas-takagi/document/0161d31c-4268-a405-3ba8-0dfd22931933,http://www.cpas.c.u-tokyo.ac.jp/lib/archive_riyo2.html,https://iiif.dl.itc.u-tokyo.ac.jp/repo/files/medium/1d13e190fc9bd65790e0987dd7f33a107b44843e.jpg,https://iiif.dl.itc.u-tokyo.ac.jp/repo/api/items/710667,"東京大学大学院総合文化研究科グローバル地域研究機構アメリカ太平洋地域研究センター Center for Pacific and American Studies, The University of Tokyo, JAPAN",,,CPAS高木八尺デジタルアーカイブ,0191,,https://iiif.dl.itc.u-tokyo.ac.jp/repo/iiif/0161d31c-4268-a405-3ba8-0dfd22931933/manifest,,,,,7
「太平洋の諸問題」,711-[1],IPR関係,原稿|手書き,日本語,,,,,79,0440-0448,図書,http://tify.sub.uni-goettingen.de/demo.html?manifest=https://archdataset.dl.itc.u-tokyo.ac.jp/manifest/d74b273a-1792-193a-9184-6a0fe4964cc6.json,d74b273a-1792-193a-9184-6a0fe4964cc6,https://iiif.dl.itc.u-tokyo.ac.jp/repo/s/cpas-takagi/,https://iiif.dl.itc.u-tokyo.ac.jp/repo/s/cpas-takagi/document/d74b273a-1792-193a-9184-6a0fe4964cc6,http://www.cpas.c.u-tokyo.ac.jp/lib/archive_riyo2.html,https://iiif.dl.itc.u-tokyo.ac.jp/repo/files/medium/ddde2767daffd845d318fc62fa08cd071cd7ef98.jpg,https://iiif.dl.itc.u-tokyo.ac.jp/repo/api/items/710666,"東京大学大学院総合文化研究科グローバル地域研究機構アメリカ太平洋地域研究センター Center for Pacific and American Studies, The University of Tokyo, JAPAN",http://iiif.io/api/presentation/2#rightToLeftDirection,,CPAS高木八尺デジタルアーカイブ,0192,,https://iiif.dl.itc.u-tokyo.ac.jp/repo/iiif/d74b273a-1792-193a-9184-6a0fe4964cc6/manifest,,,,,9
[Speech draft],711-[2],IPR関係,原稿|タイプ,英語,,手書き書き込みあり,,,79,0449-0461,図書,http://tify.sub.uni-goettingen.de/demo.html?manifest=https://archdataset.dl.itc.u-tokyo.ac.jp/manifest/635f927a-6e68-30ac-3ae1-54c8a6e190ad.json,635f927a-6e68-30ac-3ae1-54c8a6e190ad,https://iiif.dl.itc.u-tokyo.ac.jp/repo/s/cpas-takagi/,https://iiif.dl.itc.u-tokyo.ac.jp/repo/s/cpas-takagi/document/635f927a-6e68-30ac-3ae1-54c8a6e190ad,http://www.cpas.c.u-tokyo.ac.jp/lib/archive_riyo2.html,https://iiif.dl.itc.u-tokyo.ac.jp/repo/files/medium/c25bbf508514384e97038880e0269ae817bf55ac.jpg,https://iiif.dl.itc.u-tokyo.ac.jp/repo/api/items/710665,"東京大学大学院総合文化研究科グローバル地域研究機構アメリカ太平洋地域研究センター Center for Pacific and American Studies, The University of Tokyo, JAPAN",,,CPAS高木八尺デジタルアーカイブ,0193,,https://iiif.dl.itc.u-tokyo.ac.jp/repo/iiif/635f927a-6e68-30ac-3ae1-54c8a6e190ad/manifest,,,,,13
"「""Institute of Pacific Relations""に就て - 設立の由来及び布哇会議の議事録 -」",711-[3],IPR関係,原稿|手書き,日本語,「資料及雑録」,「国家学会資料1」,,,79,0462-0482,図書,http://tify.sub.uni-goettingen.de/demo.html?manifest=https://archdataset.dl.itc.u-tokyo.ac.jp/manifest/32c7316a-2cb0-6eea-76bf-3fd7b04b6064.json,32c7316a-2cb0-6eea-76bf-3fd7b04b6064,https://iiif.dl.itc.u-tokyo.ac.jp/repo/s/cpas-takagi/,https://iiif.dl.itc.u-tokyo.ac.jp/repo/s/cpas-takagi/document/32c7316a-2cb0-6eea-76bf-3fd7b04b6064,http://www.cpas.c.u-tokyo.ac.jp/lib/archive_riyo2.html,https://iiif.dl.itc.u-tokyo.ac.jp/repo/files/medium/6d58d30db8714c8a9f8857341ea2f1144ac68e5f.jpg,https://iiif.dl.itc.u-tokyo.ac.jp/repo/api/items/710664,"東京大学大学院総合文化研究科グローバル地域研究機構アメリカ太平洋地域研究センター Center for Pacific and American Studies, The University of Tokyo, JAPAN",http://iiif.io/api/presentation/2#rightToLeftDirection,,CPAS高木八尺デジタルアーカイブ,0194,,https://iiif.dl.itc.u-tokyo.ac.jp/repo/iiif/32c7316a-2cb0-6eea-76bf-3fd7b04b6064/manifest,,,,,21
“The Honolulu Conference of the Institute of Pacific Relations”,711-[4],IPR関係,原稿|手書き,英語,,タイプ原稿含む,,,79,0483-0531,図書,http://tify.sub.uni-goettingen.de/demo.html?manifest=https://archdataset.dl.itc.u-tokyo.ac.jp/manifest/1e0a39e0-8c18-1ba5-24e4-adf03e2c2253.json,1e0a39e0-8c18-1ba5-24e4-adf03e2c2253,https://iiif.dl.itc.u-tokyo.ac.jp/repo/s/cpas-takagi/,https://iiif.dl.itc.u-tokyo.ac.jp/repo/s/cpas-takagi/document/1e0a39e0-8c18-1ba5-24e4-adf03e2c2253,http://www.cpas.c.u-tokyo.ac.jp/lib/archive_riyo2.html,https://iiif.dl.itc.u-tokyo.ac.jp/repo/files/medium/e0a93c5713acdc4ef79f13f6c14d11d2f272a939.jpg,https://iiif.dl.itc.u-tokyo.ac.jp/repo/api/items/710663,"東京大学大学院総合文化研究科グローバル地域研究機構アメリカ太平洋地域研究センター Center for Pacific and American Studies, The University of Tokyo, JAPAN",,,CPAS高木八尺デジタルアーカイブ,0195,,https://iiif.dl.itc.u-tokyo.ac.jp/repo/iiif/1e0a39e0-8c18-1ba5-24e4-adf03e2c2253/manifest,,,,,48
「米国史概観 (上)」,716-[1],高木論文原稿等,原稿|手書き,日本語,,[『国家学会雑誌』第38巻6号],,[1924],82,0200-0238,図書,http://tify.sub.uni-goettingen.de/demo.html?manifest=https://archdataset.dl.itc.u-tokyo.ac.jp/manifest/a8f42bee-484a-640e-a0d8-0337498c1176.json,a8f42bee-484a-640e-a0d8-0337498c1176,https://iiif.dl.itc.u-tokyo.ac.jp/repo/s/cpas-takagi/,https://iiif.dl.itc.u-tokyo.ac.jp/repo/s/cpas-takagi/document/a8f42bee-484a-640e-a0d8-0337498c1176,http://www.cpas.c.u-tokyo.ac.jp/lib/archive_riyo2.html,https://iiif.dl.itc.u-tokyo.ac.jp/repo/files/medium/d8d5631d34baef0a08674a00038232b2e3e0458c.jpg,https://iiif.dl.itc.u-tokyo.ac.jp/repo/api/items/710662,"東京大学大学院総合文化研究科グローバル地域研究機構アメリカ太平洋地域研究センター Center for Pacific and American Studies, The University of Tokyo, JAPAN",http://iiif.io/api/presentation/2#rightToLeftDirection,,CPAS高木八尺デジタルアーカイブ,0196,,https://iiif.dl.itc.u-tokyo.ac.jp/repo/iiif/a8f42bee-484a-640e-a0d8-0337498c1176/manifest,,,,,39
「米国史概観」[初校],716-[2],高木論文原稿等,校正刷|印刷,日本語,,国家学会雑誌 第6号,,,82,0239-0258,図書,http://tify.sub.uni-goettingen.de/demo.html?manifest=https://archdataset.dl.itc.u-tokyo.ac.jp/manifest/3e89974a-489b-92e6-75c6-9ffa525528ad.json,3e89974a-489b-92e6-75c6-9ffa525528ad,https://iiif.dl.itc.u-tokyo.ac.jp/repo/s/cpas-takagi/,https://iiif.dl.itc.u-tokyo.ac.jp/repo/s/cpas-takagi/document/3e89974a-489b-92e6-75c6-9ffa525528ad,http://www.cpas.c.u-tokyo.ac.jp/lib/archive_riyo2.html,https://iiif.dl.itc.u-tokyo.ac.jp/repo/files/medium/b221b40e930464124ecb6298a0e7778873f41923.jpg,https://iiif.dl.itc.u-tokyo.ac.jp/repo/api/items/710661,"東京大学大学院総合文化研究科グローバル地域研究機構アメリカ太平洋地域研究センター Center for Pacific and American Studies, The University of Tokyo, JAPAN",http://iiif.io/api/presentation/2#rightToLeftDirection,,CPAS高木八尺デジタルアーカイブ,0197,,https://iiif.dl.itc.u-tokyo.ac.jp/repo/iiif/3e89974a-489b-92e6-75c6-9ffa525528ad/manifest,,,,,18
"""Side Light on its Temper of the U.S. Senate""",716-[3],高木論文原稿等,原稿|手書き,英語,,,,,82,0259-0265,図書,http://tify.sub.uni-goettingen.de/demo.html?manifest=https://archdataset.dl.itc.u-tokyo.ac.jp/manifest/208bec3c-4ef7-5313-7ef8-e446a5a8a674.json,208bec3c-4ef7-5313-7ef8-e446a5a8a674,https://iiif.dl.itc.u-tokyo.ac.jp/repo/s/cpas-takagi/,https://iiif.dl.itc.u-tokyo.ac.jp/repo/s/cpas-takagi/document/208bec3c-4ef7-5313-7ef8-e446a5a8a674,http://www.cpas.c.u-tokyo.ac.jp/lib/archive_riyo2.html,https://iiif.dl.itc.u-tokyo.ac.jp/repo/files/medium/41ba5690f48ac849951e6dd9f94097be11ef38f8.jpg,https://iiif.dl.itc.u-tokyo.ac.jp/repo/api/items/710660,"東京大学大学院総合文化研究科グローバル地域研究機構アメリカ太平洋地域研究センター Center for Pacific and American Studies, The University of Tokyo, JAPAN",,,CPAS高木八尺デジタルアーカイブ,0198,,https://iiif.dl.itc.u-tokyo.ac.jp/repo/iiif/208bec3c-4ef7-5313-7ef8-e446a5a8a674/manifest,,,,,9
"""1920-21, Harvard University, History 56, Latin America""",717,Latin America (Harvard Univ. History56のメモ),ノート|手書き,英語,,,,,82,0269-0483,図書,http://tify.sub.uni-goettingen.de/demo.html?manifest=https://archdataset.dl.itc.u-tokyo.ac.jp/manifest/214b8523-073f-2c44-75f2-9923e29c2d5b.json,214b8523-073f-2c44-75f2-9923e29c2d5b,https://iiif.dl.itc.u-tokyo.ac.jp/repo/s/cpas-takagi/,https://iiif.dl.itc.u-tokyo.ac.jp/repo/s/cpas-takagi/document/214b8523-073f-2c44-75f2-9923e29c2d5b,http://www.cpas.c.u-tokyo.ac.jp/lib/archive_riyo2.html,https://iiif.dl.itc.u-tokyo.ac.jp/repo/files/medium/b9aaa7c071372b3d155e45b1874129966c85fbe5.jpg,https://iiif.dl.itc.u-tokyo.ac.jp/repo/api/items/710659,"東京大学大学院総合文化研究科グローバル地域研究機構アメリカ太平洋地域研究センター Center for Pacific and American Studies, The University of Tokyo, JAPAN",,,CPAS高木八尺デジタルアーカイブ,0199,,https://iiif.dl.itc.u-tokyo.ac.jp/repo/iiif/214b8523-073f-2c44-75f2-9923e29c2d5b/manifest,,,,,212
「三谷隆正君の信仰と生涯」,719-[1],三谷隆正関係,原稿|手書き,日本語,,,,,83,0041-0047,図書,http://tify.sub.uni-goettingen.de/demo.html?manifest=https://archdataset.dl.itc.u-tokyo.ac.jp/manifest/84257cab-71d1-0293-70e5-6dbdce5a7aff.json,84257cab-71d1-0293-70e5-6dbdce5a7aff,https://iiif.dl.itc.u-tokyo.ac.jp/repo/s/cpas-takagi/,https://iiif.dl.itc.u-tokyo.ac.jp/repo/s/cpas-takagi/document/84257cab-71d1-0293-70e5-6dbdce5a7aff,http://www.cpas.c.u-tokyo.ac.jp/lib/archive_riyo2.html,https://iiif.dl.itc.u-tokyo.ac.jp/repo/files/medium/48f673f79fdde42d1e30d182248396ff8f2f80f7.jpg,https://iiif.dl.itc.u-tokyo.ac.jp/repo/api/items/710658,"東京大学大学院総合文化研究科グローバル地域研究機構アメリカ太平洋地域研究センター Center for Pacific and American Studies, The University of Tokyo, JAPAN",http://iiif.io/api/presentation/2#rightToLeftDirection,,CPAS高木八尺デジタルアーカイブ,0200,,https://iiif.dl.itc.u-tokyo.ac.jp/repo/iiif/84257cab-71d1-0293-70e5-6dbdce5a7aff/manifest,,,,,7
「キリスト教信仰の実生論」他,719-[2],三谷隆正関係,原稿|手書き,日本語,「常識論」(校正刷)|「英文Two Kinds of Truthの一編の精神は...」,,,,83,0092-0253,図書,http://tify.sub.uni-goettingen.de/demo.html?manifest=https://archdataset.dl.itc.u-tokyo.ac.jp/manifest/9115833f-8e50-7093-9611-905d0daa1799.json,9115833f-8e50-7093-9611-905d0daa1799,https://iiif.dl.itc.u-tokyo.ac.jp/repo/s/cpas-takagi/,https://iiif.dl.itc.u-tokyo.ac.jp/repo/s/cpas-takagi/document/9115833f-8e50-7093-9611-905d0daa1799,http://www.cpas.c.u-tokyo.ac.jp/lib/archive_riyo2.html,https://iiif.dl.itc.u-tokyo.ac.jp/repo/files/medium/b5f6f54ef8842fd690ed258a5f4da895e61fbb65.jpg,https://iiif.dl.itc.u-tokyo.ac.jp/repo/api/items/710657,"東京大学大学院総合文化研究科グローバル地域研究機構アメリカ太平洋地域研究センター Center for Pacific and American Studies, The University of Tokyo, JAPAN",http://iiif.io/api/presentation/2#rightToLeftDirection,,CPAS高木八尺デジタルアーカイブ,0201,,https://iiif.dl.itc.u-tokyo.ac.jp/repo/iiif/9115833f-8e50-7093-9611-905d0daa1799/manifest,,,,,160
「人、思想、信仰」改丁 はしがき,720-[1],三谷全集編集関係,原稿|手書きコピー,日本語,,,昭和41年7月,1966.7,83,0278-0293,図書,http://tify.sub.uni-goettingen.de/demo.html?manifest=https://archdataset.dl.itc.u-tokyo.ac.jp/manifest/3026ebca-0718-2ee8-3db0-30c66b1b69a5.json,3026ebca-0718-2ee8-3db0-30c66b1b69a5,https://iiif.dl.itc.u-tokyo.ac.jp/repo/s/cpas-takagi/,https://iiif.dl.itc.u-tokyo.ac.jp/repo/s/cpas-takagi/document/3026ebca-0718-2ee8-3db0-30c66b1b69a5,http://www.cpas.c.u-tokyo.ac.jp/lib/archive_riyo2.html,https://iiif.dl.itc.u-tokyo.ac.jp/repo/files/medium/b4630115ab0bd12cd7bbd11314bf7852f4d29c93.jpg,https://iiif.dl.itc.u-tokyo.ac.jp/repo/api/items/710656,"東京大学大学院総合文化研究科グローバル地域研究機構アメリカ太平洋地域研究センター Center for Pacific and American Studies, The University of Tokyo, JAPAN",http://iiif.io/api/presentation/2#rightToLeftDirection,,CPAS高木八尺デジタルアーカイブ,0202,,https://iiif.dl.itc.u-tokyo.ac.jp/repo/iiif/3026ebca-0718-2ee8-3db0-30c66b1b69a5/manifest,,,,,16
「三谷君と内村・新渡戸両先生」,720-[2],三谷全集編集関係,原稿|手書き,日本語,,,,,83,0337-0342,図書,http://tify.sub.uni-goettingen.de/demo.html?manifest=https://archdataset.dl.itc.u-tokyo.ac.jp/manifest/819e77a5-844d-2a3e-001a-4f156a783fe2.json,819e77a5-844d-2a3e-001a-4f156a783fe2,https://iiif.dl.itc.u-tokyo.ac.jp/repo/s/cpas-takagi/,https://iiif.dl.itc.u-tokyo.ac.jp/repo/s/cpas-takagi/document/819e77a5-844d-2a3e-001a-4f156a783fe2,http://www.cpas.c.u-tokyo.ac.jp/lib/archive_riyo2.html,https://iiif.dl.itc.u-tokyo.ac.jp/repo/files/medium/96bb8ab46bf6741491e06335b614e9657b44057e.jpg,https://iiif.dl.itc.u-tokyo.ac.jp/repo/api/items/710655,"東京大学大学院総合文化研究科グローバル地域研究機構アメリカ太平洋地域研究センター Center for Pacific and American Studies, The University of Tokyo, JAPAN",http://iiif.io/api/presentation/2#rightToLeftDirection,,CPAS高木八尺デジタルアーカイブ,0203,,https://iiif.dl.itc.u-tokyo.ac.jp/repo/iiif/819e77a5-844d-2a3e-001a-4f156a783fe2/manifest,,,,,6
「三谷君と内村新渡戸両先生」,720-[3],三谷全集編集関係,草稿|手書き,日本語,,,,,83,0347-0355,図書,http://tify.sub.uni-goettingen.de/demo.html?manifest=https://archdataset.dl.itc.u-tokyo.ac.jp/manifest/5b5110df-9a90-59b9-32fb-df28e0094db7.json,5b5110df-9a90-59b9-32fb-df28e0094db7,https://iiif.dl.itc.u-tokyo.ac.jp/repo/s/cpas-takagi/,https://iiif.dl.itc.u-tokyo.ac.jp/repo/s/cpas-takagi/document/5b5110df-9a90-59b9-32fb-df28e0094db7,http://www.cpas.c.u-tokyo.ac.jp/lib/archive_riyo2.html,https://iiif.dl.itc.u-tokyo.ac.jp/repo/files/medium/98b7780e94862c83a9dbae0b20984b12efe35308.jpg,https://iiif.dl.itc.u-tokyo.ac.jp/repo/api/items/710654,"東京大学大学院総合文化研究科グローバル地域研究機構アメリカ太平洋地域研究センター Center for Pacific and American Studies, The University of Tokyo, JAPAN",http://iiif.io/api/presentation/2#rightToLeftDirection,,CPAS高木八尺デジタルアーカイブ,0204,,https://iiif.dl.itc.u-tokyo.ac.jp/repo/iiif/5b5110df-9a90-59b9-32fb-df28e0094db7/manifest,,,,,9
(手紙下書き) [高木]八尺より[斎藤]真あて,723-[1],新渡戸英文著作集、序文,メモ|手書き,日本語,"(メモ) ""Suggestions for the Title Page and the Back""",,,,84,0009-0010,図書,http://tify.sub.uni-goettingen.de/demo.html?manifest=https://archdataset.dl.itc.u-tokyo.ac.jp/manifest/87594126-53db-9199-7adf-13ffc5636a8e.json,87594126-53db-9199-7adf-13ffc5636a8e,https://iiif.dl.itc.u-tokyo.ac.jp/repo/s/cpas-takagi/,https://iiif.dl.itc.u-tokyo.ac.jp/repo/s/cpas-takagi/document/87594126-53db-9199-7adf-13ffc5636a8e,http://www.cpas.c.u-tokyo.ac.jp/lib/archive_riyo2.html,https://iiif.dl.itc.u-tokyo.ac.jp/repo/files/medium/65275650b6813b970970695b726284a005954d08.jpg,https://iiif.dl.itc.u-tokyo.ac.jp/repo/api/items/710653,"東京大学大学院総合文化研究科グローバル地域研究機構アメリカ太平洋地域研究センター Center for Pacific and American Studies, The University of Tokyo, JAPAN",http://iiif.io/api/presentation/2#rightToLeftDirection,,CPAS高木八尺デジタルアーカイブ,0205,,https://iiif.dl.itc.u-tokyo.ac.jp/repo/iiif/87594126-53db-9199-7adf-13ffc5636a8e/manifest,,,,,2
"""Introduction (for Inazo Nitobe's writings in English)"" Yasaka Takagi",723-[2],新渡戸英文著作集、序文,原稿|タイプ,英語,,手紙下書き・メモ(手書き)含む,,,84,0016-0047,図書,http://tify.sub.uni-goettingen.de/demo.html?manifest=https://archdataset.dl.itc.u-tokyo.ac.jp/manifest/c178dc8b-23c8-67ba-659f-bcdded0f8d30.json,c178dc8b-23c8-67ba-659f-bcdded0f8d30,https://iiif.dl.itc.u-tokyo.ac.jp/repo/s/cpas-takagi/,https://iiif.dl.itc.u-tokyo.ac.jp/repo/s/cpas-takagi/document/c178dc8b-23c8-67ba-659f-bcdded0f8d30,http://www.cpas.c.u-tokyo.ac.jp/lib/archive_riyo2.html,https://iiif.dl.itc.u-tokyo.ac.jp/repo/files/medium/909184a0689b2913648b04249968f3baf71d8ced.jpg,https://iiif.dl.itc.u-tokyo.ac.jp/repo/api/items/710652,"東京大学大学院総合文化研究科グローバル地域研究機構アメリカ太平洋地域研究センター Center for Pacific and American Studies, The University of Tokyo, JAPAN",,,CPAS高木八尺デジタルアーカイブ,0206,,https://iiif.dl.itc.u-tokyo.ac.jp/repo/iiif/c178dc8b-23c8-67ba-659f-bcdded0f8d30/manifest,,,,,30
"""Chronological table, Introduction""",723-[3],新渡戸英文著作集、序文,原稿|タイプ,英語,,手書きメモ含む,,,84,0062-0083,図書,http://tify.sub.uni-goettingen.de/demo.html?manifest=https://archdataset.dl.itc.u-tokyo.ac.jp/manifest/d11f2272-489a-0f3e-a4f4-2ffb0bb61dca.json,d11f2272-489a-0f3e-a4f4-2ffb0bb61dca,https://iiif.dl.itc.u-tokyo.ac.jp/repo/s/cpas-takagi/,https://iiif.dl.itc.u-tokyo.ac.jp/repo/s/cpas-takagi/document/d11f2272-489a-0f3e-a4f4-2ffb0bb61dca,http://www.cpas.c.u-tokyo.ac.jp/lib/archive_riyo2.html,https://iiif.dl.itc.u-tokyo.ac.jp/repo/files/medium/514d7f48efa01a987196b166e3b1c9ffc90ba3ad.jpg,https://iiif.dl.itc.u-tokyo.ac.jp/repo/api/items/710651,"東京大学大学院総合文化研究科グローバル地域研究機構アメリカ太平洋地域研究センター Center for Pacific and American Studies, The University of Tokyo, JAPAN",,,CPAS高木八尺デジタルアーカイブ,0207,,https://iiif.dl.itc.u-tokyo.ac.jp/repo/iiif/d11f2272-489a-0f3e-a4f4-2ffb0bb61dca/manifest,,,,,22
「1929年京都会議に際し、ショットウェル博士の支那に於ける治外法権廃止案」,727,京都会議、松山事件,メモ|手書き,日本語,,吉田茂宛手紙下書き含む,,,84,0217-0224,図書,http://tify.sub.uni-goettingen.de/demo.html?manifest=https://archdataset.dl.itc.u-tokyo.ac.jp/manifest/908e65ea-7330-9eb9-6233-38037d5c3936.json,908e65ea-7330-9eb9-6233-38037d5c3936,https://iiif.dl.itc.u-tokyo.ac.jp/repo/s/cpas-takagi/,https://iiif.dl.itc.u-tokyo.ac.jp/repo/s/cpas-takagi/document/908e65ea-7330-9eb9-6233-38037d5c3936,http://www.cpas.c.u-tokyo.ac.jp/lib/archive_riyo2.html,https://iiif.dl.itc.u-tokyo.ac.jp/repo/files/medium/aa2ea976af769996f10b340a7e4fb1518165e9f4.jpg,https://iiif.dl.itc.u-tokyo.ac.jp/repo/api/items/710650,"東京大学大学院総合文化研究科グローバル地域研究機構アメリカ太平洋地域研究センター Center for Pacific and American Studies, The University of Tokyo, JAPAN",http://iiif.io/api/presentation/2#rightToLeftDirection,,CPAS高木八尺デジタルアーカイブ,0208,,https://iiif.dl.itc.u-tokyo.ac.jp/repo/iiif/908e65ea-7330-9eb9-6233-38037d5c3936/manifest,,,,,8
[新渡戸稲造関係原稿],728-[1],新渡戸稲造関係,原稿|手書き,日本語,,,,,84,0318-0330,図書,http://tify.sub.uni-goettingen.de/demo.html?manifest=https://archdataset.dl.itc.u-tokyo.ac.jp/manifest/14786e92-270b-90cf-1534-43a864ba013a.json,14786e92-270b-90cf-1534-43a864ba013a,https://iiif.dl.itc.u-tokyo.ac.jp/repo/s/cpas-takagi/,https://iiif.dl.itc.u-tokyo.ac.jp/repo/s/cpas-takagi/document/14786e92-270b-90cf-1534-43a864ba013a,http://www.cpas.c.u-tokyo.ac.jp/lib/archive_riyo2.html,https://iiif.dl.itc.u-tokyo.ac.jp/repo/files/medium/c28f1e1e9c53a92554f80ac9c1db8381ab9a46b0.jpg,https://iiif.dl.itc.u-tokyo.ac.jp/repo/api/items/710649,"東京大学大学院総合文化研究科グローバル地域研究機構アメリカ太平洋地域研究センター Center for Pacific and American Studies, The University of Tokyo, JAPAN",http://iiif.io/api/presentation/2#rightToLeftDirection,,CPAS高木八尺デジタルアーカイブ,0209,,https://iiif.dl.itc.u-tokyo.ac.jp/repo/iiif/14786e92-270b-90cf-1534-43a864ba013a/manifest,,,,,13
"""Dr. Nitobe's Translation of Lao-tzu and Kojiki""",728-[2],新渡戸稲造関係,原稿|タイプ,英語,,,,1961.11,84,0392-0396,図書,http://tify.sub.uni-goettingen.de/demo.html?manifest=https://archdataset.dl.itc.u-tokyo.ac.jp/manifest/17ee8e3b-4749-6253-1925-21da993a1884.json,17ee8e3b-4749-6253-1925-21da993a1884,https://iiif.dl.itc.u-tokyo.ac.jp/repo/s/cpas-takagi/,https://iiif.dl.itc.u-tokyo.ac.jp/repo/s/cpas-takagi/document/17ee8e3b-4749-6253-1925-21da993a1884,http://www.cpas.c.u-tokyo.ac.jp/lib/archive_riyo2.html,https://iiif.dl.itc.u-tokyo.ac.jp/repo/files/medium/d6bf74cc7b5b9ae784f64970b21d830ce7509ddb.jpg,https://iiif.dl.itc.u-tokyo.ac.jp/repo/api/items/710648,"東京大学大学院総合文化研究科グローバル地域研究機構アメリカ太平洋地域研究センター Center for Pacific and American Studies, The University of Tokyo, JAPAN",,,CPAS高木八尺デジタルアーカイブ,0210,,https://iiif.dl.itc.u-tokyo.ac.jp/repo/iiif/17ee8e3b-4749-6253-1925-21da993a1884/manifest,,,,,5
“Dr. Nitobe’s translation of Lao-tzu and Kojiki”,728-[3],新渡戸稲造関係,原稿|手書き,英語,,タイプ原稿含む,,,84,0405-0414,図書,http://tify.sub.uni-goettingen.de/demo.html?manifest=https://archdataset.dl.itc.u-tokyo.ac.jp/manifest/bd362d58-4ed4-3f8b-0057-4173c0e545d3.json,bd362d58-4ed4-3f8b-0057-4173c0e545d3,https://iiif.dl.itc.u-tokyo.ac.jp/repo/s/cpas-takagi/,https://iiif.dl.itc.u-tokyo.ac.jp/repo/s/cpas-takagi/document/bd362d58-4ed4-3f8b-0057-4173c0e545d3,http://www.cpas.c.u-tokyo.ac.jp/lib/archive_riyo2.html,https://iiif.dl.itc.u-tokyo.ac.jp/repo/files/medium/e2c29dde99da7d1da946f5be4735982ac84d7aec.jpg,https://iiif.dl.itc.u-tokyo.ac.jp/repo/api/items/710647,"東京大学大学院総合文化研究科グローバル地域研究機構アメリカ太平洋地域研究センター Center for Pacific and American Studies, The University of Tokyo, JAPAN",,,CPAS高木八尺デジタルアーカイブ,0211,,https://iiif.dl.itc.u-tokyo.ac.jp/repo/iiif/bd362d58-4ed4-3f8b-0057-4173c0e545d3/manifest,,,,,10
「新渡戸先生二十周年に際して」,728-[4],新渡戸稲造関係,原稿|手書き,日本語,,,,,84,0553-0567,図書,http://tify.sub.uni-goettingen.de/demo.html?manifest=https://archdataset.dl.itc.u-tokyo.ac.jp/manifest/c624c9ae-7967-7206-8055-d27f3a9c63ff.json,c624c9ae-7967-7206-8055-d27f3a9c63ff,https://iiif.dl.itc.u-tokyo.ac.jp/repo/s/cpas-takagi/,https://iiif.dl.itc.u-tokyo.ac.jp/repo/s/cpas-takagi/document/c624c9ae-7967-7206-8055-d27f3a9c63ff,http://www.cpas.c.u-tokyo.ac.jp/lib/archive_riyo2.html,https://iiif.dl.itc.u-tokyo.ac.jp/repo/files/medium/48c43c937f4955f01ca03adb4f9b070e9fb7e9c2.jpg,https://iiif.dl.itc.u-tokyo.ac.jp/repo/api/items/710646,"東京大学大学院総合文化研究科グローバル地域研究機構アメリカ太平洋地域研究センター Center for Pacific and American Studies, The University of Tokyo, JAPAN",http://iiif.io/api/presentation/2#rightToLeftDirection,,CPAS高木八尺デジタルアーカイブ,0212,,https://iiif.dl.itc.u-tokyo.ac.jp/repo/iiif/c624c9ae-7967-7206-8055-d27f3a9c63ff/manifest,,,,,15
"""Recollections of Dr. Inazo Nitobe: A reminiscence by Y. Takagi, in 'The New Age' Dec. 1949""",729-[1],新渡戸博士に関する論文、講演,原稿|タイプ,英語,"""At the Memorial Service of Dr. Nitobe, October 18, 1933, Vancouver""",手書きメモ含む,,,85,0005-0016,図書,http://tify.sub.uni-goettingen.de/demo.html?manifest=https://archdataset.dl.itc.u-tokyo.ac.jp/manifest/8ea53e3c-93fc-1711-420d-7fa8f1700620.json,8ea53e3c-93fc-1711-420d-7fa8f1700620,https://iiif.dl.itc.u-tokyo.ac.jp/repo/s/cpas-takagi/,https://iiif.dl.itc.u-tokyo.ac.jp/repo/s/cpas-takagi/document/8ea53e3c-93fc-1711-420d-7fa8f1700620,http://www.cpas.c.u-tokyo.ac.jp/lib/archive_riyo2.html,https://iiif.dl.itc.u-tokyo.ac.jp/repo/files/medium/9d140f6304069baa554590a01219a9de9aa0d176.jpg,https://iiif.dl.itc.u-tokyo.ac.jp/repo/api/items/710645,"東京大学大学院総合文化研究科グローバル地域研究機構アメリカ太平洋地域研究センター Center for Pacific and American Studies, The University of Tokyo, JAPAN",,,CPAS高木八尺デジタルアーカイブ,0213,,https://iiif.dl.itc.u-tokyo.ac.jp/repo/iiif/8ea53e3c-93fc-1711-420d-7fa8f1700620/manifest,,,,,12
「1. 新渡戸稲造の宗教生活の段階」他,729-[2],新渡戸博士に関する論文、講演,原稿|手書き,日本語,,,,,85,0018-0163,図書,http://tify.sub.uni-goettingen.de/demo.html?manifest=https://archdataset.dl.itc.u-tokyo.ac.jp/manifest/f7e90a90-7c80-76d6-224d-6a2307295039.json,f7e90a90-7c80-76d6-224d-6a2307295039,https://iiif.dl.itc.u-tokyo.ac.jp/repo/s/cpas-takagi/,https://iiif.dl.itc.u-tokyo.ac.jp/repo/s/cpas-takagi/document/f7e90a90-7c80-76d6-224d-6a2307295039,http://www.cpas.c.u-tokyo.ac.jp/lib/archive_riyo2.html,https://iiif.dl.itc.u-tokyo.ac.jp/repo/files/medium/4aa96295eb10bc2255a36081a7a02fe0ba7c690e.jpg,https://iiif.dl.itc.u-tokyo.ac.jp/repo/api/items/710644,"東京大学大学院総合文化研究科グローバル地域研究機構アメリカ太平洋地域研究センター Center for Pacific and American Studies, The University of Tokyo, JAPAN",http://iiif.io/api/presentation/2#rightToLeftDirection,,CPAS高木八尺デジタルアーカイブ,0214,,https://iiif.dl.itc.u-tokyo.ac.jp/repo/iiif/f7e90a90-7c80-76d6-224d-6a2307295039/manifest,,,,,145
「新渡戸先生の生涯と思想について」,729-[3],新渡戸博士に関する論文、講演,原稿|手書き,日本語,,1960東京女子大における講演,,[1960],85,0168-0203,図書,http://tify.sub.uni-goettingen.de/demo.html?manifest=https://archdataset.dl.itc.u-tokyo.ac.jp/manifest/44166481-2ad9-901a-1138-f1bdd3fe035b.json,44166481-2ad9-901a-1138-f1bdd3fe035b,https://iiif.dl.itc.u-tokyo.ac.jp/repo/s/cpas-takagi/,https://iiif.dl.itc.u-tokyo.ac.jp/repo/s/cpas-takagi/document/44166481-2ad9-901a-1138-f1bdd3fe035b,http://www.cpas.c.u-tokyo.ac.jp/lib/archive_riyo2.html,https://iiif.dl.itc.u-tokyo.ac.jp/repo/files/medium/1905953fd0c6932d2b89f80eca79433b4b4a8f64.jpg,https://iiif.dl.itc.u-tokyo.ac.jp/repo/api/items/710643,"東京大学大学院総合文化研究科グローバル地域研究機構アメリカ太平洋地域研究センター Center for Pacific and American Studies, The University of Tokyo, JAPAN",http://iiif.io/api/presentation/2#rightToLeftDirection,,CPAS高木八尺デジタルアーカイブ,0215,,https://iiif.dl.itc.u-tokyo.ac.jp/repo/iiif/44166481-2ad9-901a-1138-f1bdd3fe035b/manifest,,,,,36
"""A Tribute to the Late Dr. Inazo Nitobe (1862-1933)""",729-[4],新渡戸博士に関する論文、講演,原稿|タイプ,英語,,,,,85,0204-0210,図書,http://tify.sub.uni-goettingen.de/demo.html?manifest=https://archdataset.dl.itc.u-tokyo.ac.jp/manifest/f08b774b-903f-1f58-08a9-e6476ac8a38c.json,f08b774b-903f-1f58-08a9-e6476ac8a38c,https://iiif.dl.itc.u-tokyo.ac.jp/repo/s/cpas-takagi/,https://iiif.dl.itc.u-tokyo.ac.jp/repo/s/cpas-takagi/document/f08b774b-903f-1f58-08a9-e6476ac8a38c,http://www.cpas.c.u-tokyo.ac.jp/lib/archive_riyo2.html,https://iiif.dl.itc.u-tokyo.ac.jp/repo/files/medium/ba31743cc1a5010596485f14c451dedd8b78fd9a.jpg,https://iiif.dl.itc.u-tokyo.ac.jp/repo/api/items/710642,"東京大学大学院総合文化研究科グローバル地域研究機構アメリカ太平洋地域研究センター Center for Pacific and American Studies, The University of Tokyo, JAPAN",,,CPAS高木八尺デジタルアーカイブ,0216,,https://iiif.dl.itc.u-tokyo.ac.jp/repo/iiif/f08b774b-903f-1f58-08a9-e6476ac8a38c/manifest,,,,,5
"""In Memory of Dr. Nitobe on the Occasion of the Postage Stamp with His Portrait""",729-[5],新渡戸博士に関する論文、講演,原稿|タイプ,英語,,手書きメモ含む,,,85,0212-0221,図書,http://tify.sub.uni-goettingen.de/demo.html?manifest=https://archdataset.dl.itc.u-tokyo.ac.jp/manifest/74dac10a-908e-5618-6ce0-c21833426089.json,74dac10a-908e-5618-6ce0-c21833426089,https://iiif.dl.itc.u-tokyo.ac.jp/repo/s/cpas-takagi/,https://iiif.dl.itc.u-tokyo.ac.jp/repo/s/cpas-takagi/document/74dac10a-908e-5618-6ce0-c21833426089,http://www.cpas.c.u-tokyo.ac.jp/lib/archive_riyo2.html,https://iiif.dl.itc.u-tokyo.ac.jp/repo/files/medium/a33a018970703bf8b6b7e25c6827951f3f2c424b.jpg,https://iiif.dl.itc.u-tokyo.ac.jp/repo/api/items/710641,"東京大学大学院総合文化研究科グローバル地域研究機構アメリカ太平洋地域研究センター Center for Pacific and American Studies, The University of Tokyo, JAPAN",,,CPAS高木八尺デジタルアーカイブ,0217,,https://iiif.dl.itc.u-tokyo.ac.jp/repo/iiif/74dac10a-908e-5618-6ce0-c21833426089/manifest,,,,,10
"""The Nitobe memorial lectureship""",729-[6],新渡戸博士に関する論文、講演,原稿|タイプ,英語,,,,,85,0222-0225,図書,http://tify.sub.uni-goettingen.de/demo.html?manifest=https://archdataset.dl.itc.u-tokyo.ac.jp/manifest/7b2c9d6e-756c-92f7-203d-fcc68e756d4c.json,7b2c9d6e-756c-92f7-203d-fcc68e756d4c,https://iiif.dl.itc.u-tokyo.ac.jp/repo/s/cpas-takagi/,https://iiif.dl.itc.u-tokyo.ac.jp/repo/s/cpas-takagi/document/7b2c9d6e-756c-92f7-203d-fcc68e756d4c,http://www.cpas.c.u-tokyo.ac.jp/lib/archive_riyo2.html,https://iiif.dl.itc.u-tokyo.ac.jp/repo/files/medium/da5e9d6c0642a58be1eda2db09b12a547dd2ff8b.jpg,https://iiif.dl.itc.u-tokyo.ac.jp/repo/api/items/710640,"東京大学大学院総合文化研究科グローバル地域研究機構アメリカ太平洋地域研究センター Center for Pacific and American Studies, The University of Tokyo, JAPAN",,,CPAS高木八尺デジタルアーカイブ,0218,,https://iiif.dl.itc.u-tokyo.ac.jp/repo/iiif/7b2c9d6e-756c-92f7-203d-fcc68e756d4c/manifest,,,,,4
[新渡戸博士関連メモ・原稿],729-[7],新渡戸博士に関する論文、講演,メモ|手書き,日本語,,,,,85,0226-0236,図書,http://tify.sub.uni-goettingen.de/demo.html?manifest=https://archdataset.dl.itc.u-tokyo.ac.jp/manifest/bc7c9a7e-7d03-2fd6-20d2-23627ec18ce2.json,bc7c9a7e-7d03-2fd6-20d2-23627ec18ce2,https://iiif.dl.itc.u-tokyo.ac.jp/repo/s/cpas-takagi/,https://iiif.dl.itc.u-tokyo.ac.jp/repo/s/cpas-takagi/document/bc7c9a7e-7d03-2fd6-20d2-23627ec18ce2,http://www.cpas.c.u-tokyo.ac.jp/lib/archive_riyo2.html,https://iiif.dl.itc.u-tokyo.ac.jp/repo/files/medium/bbdffe9a387784ade3b81222cf11afde753949a3.jpg,https://iiif.dl.itc.u-tokyo.ac.jp/repo/api/items/710639,"東京大学大学院総合文化研究科グローバル地域研究機構アメリカ太平洋地域研究センター Center for Pacific and American Studies, The University of Tokyo, JAPAN",http://iiif.io/api/presentation/2#rightToLeftDirection,,CPAS高木八尺デジタルアーカイブ,0219,,https://iiif.dl.itc.u-tokyo.ac.jp/repo/iiif/bc7c9a7e-7d03-2fd6-20d2-23627ec18ce2/manifest,,,,,11
「新渡戸先生の先祖と幼時」他,729-[8],新渡戸博士に関する論文、講演,原稿|手書き,日本語,「新渡戸博士の宗教」,,,,85,0246-0288,図書,http://tify.sub.uni-goettingen.de/demo.html?manifest=https://archdataset.dl.itc.u-tokyo.ac.jp/manifest/be48ce3a-2202-3c50-290f-013ad7e21259.json,be48ce3a-2202-3c50-290f-013ad7e21259,https://iiif.dl.itc.u-tokyo.ac.jp/repo/s/cpas-takagi/,https://iiif.dl.itc.u-tokyo.ac.jp/repo/s/cpas-takagi/document/be48ce3a-2202-3c50-290f-013ad7e21259,http://www.cpas.c.u-tokyo.ac.jp/lib/archive_riyo2.html,https://iiif.dl.itc.u-tokyo.ac.jp/repo/files/medium/a79f08f0da30709e4da26bd8570004b35ebdf1e2.jpg,https://iiif.dl.itc.u-tokyo.ac.jp/repo/api/items/710638,"東京大学大学院総合文化研究科グローバル地域研究機構アメリカ太平洋地域研究センター Center for Pacific and American Studies, The University of Tokyo, JAPAN",http://iiif.io/api/presentation/2#rightToLeftDirection,,CPAS高木八尺デジタルアーカイブ,0220,,https://iiif.dl.itc.u-tokyo.ac.jp/repo/iiif/be48ce3a-2202-3c50-290f-013ad7e21259/manifest,,,,,43
「新渡戸稲造の宗教思想を探求し、日本人によるキリスト教の受入れの問題を考察する」,729-[9],新渡戸博士に関する論文、講演,原稿|手書き,日本語,,,昭和40年11月12日,1965.11.12,85,0289-0395,図書,http://tify.sub.uni-goettingen.de/demo.html?manifest=https://archdataset.dl.itc.u-tokyo.ac.jp/manifest/619e2213-592c-648d-0382-df389cec52b2.json,619e2213-592c-648d-0382-df389cec52b2,https://iiif.dl.itc.u-tokyo.ac.jp/repo/s/cpas-takagi/,https://iiif.dl.itc.u-tokyo.ac.jp/repo/s/cpas-takagi/document/619e2213-592c-648d-0382-df389cec52b2,http://www.cpas.c.u-tokyo.ac.jp/lib/archive_riyo2.html,https://iiif.dl.itc.u-tokyo.ac.jp/repo/files/medium/1b534bb62cd98b504c67458f26329202ae6dea77.jpg,https://iiif.dl.itc.u-tokyo.ac.jp/repo/api/items/710637,"東京大学大学院総合文化研究科グローバル地域研究機構アメリカ太平洋地域研究センター Center for Pacific and American Studies, The University of Tokyo, JAPAN",http://iiif.io/api/presentation/2#rightToLeftDirection,,CPAS高木八尺デジタルアーカイブ,0221,,https://iiif.dl.itc.u-tokyo.ac.jp/repo/iiif/619e2213-592c-648d-0382-df389cec52b2/manifest,,,,,105
「新渡戸先生の宗教と日本人のキリスト教の受け入れ方の問題」,729-[10],新渡戸博士に関する論文、講演,原稿|手書き,日本語,,津田塾大講演?,,,85,0396-0425,図書,http://tify.sub.uni-goettingen.de/demo.html?manifest=https://archdataset.dl.itc.u-tokyo.ac.jp/manifest/4d9c7dd8-9d0b-9800-6f59-d5f710ae7962.json,4d9c7dd8-9d0b-9800-6f59-d5f710ae7962,https://iiif.dl.itc.u-tokyo.ac.jp/repo/s/cpas-takagi/,https://iiif.dl.itc.u-tokyo.ac.jp/repo/s/cpas-takagi/document/4d9c7dd8-9d0b-9800-6f59-d5f710ae7962,http://www.cpas.c.u-tokyo.ac.jp/lib/archive_riyo2.html,https://iiif.dl.itc.u-tokyo.ac.jp/repo/files/medium/3984ad009257e618e58b95aecdf28e47b40e462a.jpg,https://iiif.dl.itc.u-tokyo.ac.jp/repo/api/items/710636,"東京大学大学院総合文化研究科グローバル地域研究機構アメリカ太平洋地域研究センター Center for Pacific and American Studies, The University of Tokyo, JAPAN",http://iiif.io/api/presentation/2#rightToLeftDirection,,CPAS高木八尺デジタルアーカイブ,0222,,https://iiif.dl.itc.u-tokyo.ac.jp/repo/iiif/4d9c7dd8-9d0b-9800-6f59-d5f710ae7962/manifest,,,,,30
「新渡戸先生の宗教を中心として」,729-[11],新渡戸博士に関する論文、講演,原稿|手書き,日本語,昭和四十年度斎藤勇博士学術講演,,,,85,0427-0524,図書,http://tify.sub.uni-goettingen.de/demo.html?manifest=https://archdataset.dl.itc.u-tokyo.ac.jp/manifest/0ce149b1-599e-72af-170a-d108fdd28fa2.json,0ce149b1-599e-72af-170a-d108fdd28fa2,https://iiif.dl.itc.u-tokyo.ac.jp/repo/s/cpas-takagi/,https://iiif.dl.itc.u-tokyo.ac.jp/repo/s/cpas-takagi/document/0ce149b1-599e-72af-170a-d108fdd28fa2,http://www.cpas.c.u-tokyo.ac.jp/lib/archive_riyo2.html,https://iiif.dl.itc.u-tokyo.ac.jp/repo/files/medium/fc34a3d7cf761e22347525fb2d47aa5499e05d0b.jpg,https://iiif.dl.itc.u-tokyo.ac.jp/repo/api/items/710635,"東京大学大学院総合文化研究科グローバル地域研究機構アメリカ太平洋地域研究センター Center for Pacific and American Studies, The University of Tokyo, JAPAN",http://iiif.io/api/presentation/2#rightToLeftDirection,,CPAS高木八尺デジタルアーカイブ,0223,,https://iiif.dl.itc.u-tokyo.ac.jp/repo/iiif/0ce149b1-599e-72af-170a-d108fdd28fa2/manifest,,,,,98
「河井先生の書かれた『私のランターン』の挿絵の...」他,729-[12],新渡戸博士に関する論文、講演,原稿|手書き,日本語,「新渡戸稲造先生の回顧」|「新渡戸先生の遺した教訓」,"""Keisen Talk 1st draft""",,,85,0537-0598,図書,http://tify.sub.uni-goettingen.de/demo.html?manifest=https://archdataset.dl.itc.u-tokyo.ac.jp/manifest/4135068d-6662-a459-7278-64fbf9ae36be.json,4135068d-6662-a459-7278-64fbf9ae36be,https://iiif.dl.itc.u-tokyo.ac.jp/repo/s/cpas-takagi/,https://iiif.dl.itc.u-tokyo.ac.jp/repo/s/cpas-takagi/document/4135068d-6662-a459-7278-64fbf9ae36be,http://www.cpas.c.u-tokyo.ac.jp/lib/archive_riyo2.html,https://iiif.dl.itc.u-tokyo.ac.jp/repo/files/medium/c0f3c22574d9e332ac283478db4b428ab9761cc7.jpg,https://iiif.dl.itc.u-tokyo.ac.jp/repo/api/items/710634,"東京大学大学院総合文化研究科グローバル地域研究機構アメリカ太平洋地域研究センター Center for Pacific and American Studies, The University of Tokyo, JAPAN",http://iiif.io/api/presentation/2#rightToLeftDirection,,CPAS高木八尺デジタルアーカイブ,0224,,https://iiif.dl.itc.u-tokyo.ac.jp/repo/iiif/4135068d-6662-a459-7278-64fbf9ae36be/manifest,,,,,63
「教育...ノ変遷」,734-[1],外務省調査局 1946,メモ|手書き,日本語,,,,,87,0021-0022,図書,http://tify.sub.uni-goettingen.de/demo.html?manifest=https://archdataset.dl.itc.u-tokyo.ac.jp/manifest/bdb96380-8269-5e5f-3a36-f7f046223827.json,bdb96380-8269-5e5f-3a36-f7f046223827,https://iiif.dl.itc.u-tokyo.ac.jp/repo/s/cpas-takagi/,https://iiif.dl.itc.u-tokyo.ac.jp/repo/s/cpas-takagi/document/bdb96380-8269-5e5f-3a36-f7f046223827,http://www.cpas.c.u-tokyo.ac.jp/lib/archive_riyo2.html,https://iiif.dl.itc.u-tokyo.ac.jp/repo/files/medium/00b6dd416e7a0ed57d1bca2c4e982eae653a74c7.jpg,https://iiif.dl.itc.u-tokyo.ac.jp/repo/api/items/710633,"東京大学大学院総合文化研究科グローバル地域研究機構アメリカ太平洋地域研究センター Center for Pacific and American Studies, The University of Tokyo, JAPAN",http://iiif.io/api/presentation/2#leftToRightDirection,,CPAS高木八尺デジタルアーカイブ,0225,,https://iiif.dl.itc.u-tokyo.ac.jp/repo/iiif/bdb96380-8269-5e5f-3a36-f7f046223827/manifest,,,,,2
「米国太平洋及極東及太平洋政策の基本的性格の攻究」,734-[2],外務省調査局 1946,草稿|手書き,日本語,,,,,87,0226-0230,図書,http://tify.sub.uni-goettingen.de/demo.html?manifest=https://archdataset.dl.itc.u-tokyo.ac.jp/manifest/2066d238-2b32-2962-6c8c-978ceafa195b.json,2066d238-2b32-2962-6c8c-978ceafa195b,https://iiif.dl.itc.u-tokyo.ac.jp/repo/s/cpas-takagi/,https://iiif.dl.itc.u-tokyo.ac.jp/repo/s/cpas-takagi/document/2066d238-2b32-2962-6c8c-978ceafa195b,http://www.cpas.c.u-tokyo.ac.jp/lib/archive_riyo2.html,https://iiif.dl.itc.u-tokyo.ac.jp/repo/files/medium/b5dfdc5f89a001a75313acc34d39b5b0a3fb0d8f.jpg,https://iiif.dl.itc.u-tokyo.ac.jp/repo/api/items/710632,"東京大学大学院総合文化研究科グローバル地域研究機構アメリカ太平洋地域研究センター Center for Pacific and American Studies, The University of Tokyo, JAPAN",http://iiif.io/api/presentation/2#rightToLeftDirection,,CPAS高木八尺デジタルアーカイブ,0226,,https://iiif.dl.itc.u-tokyo.ac.jp/repo/iiif/2066d238-2b32-2962-6c8c-978ceafa195b/manifest,,,,,5
「米国極東及太平洋政策ノ基本的性格ノ攻究」,734-[3],外務省調査局 1946,文書|印刷,日本語,,,昭和21年5月10日,1946.5.10,87,0260-0275,図書,http://tify.sub.uni-goettingen.de/demo.html?manifest=https://archdataset.dl.itc.u-tokyo.ac.jp/manifest/7451ede1-707b-a714-3206-26f1fae34edb.json,7451ede1-707b-a714-3206-26f1fae34edb,https://iiif.dl.itc.u-tokyo.ac.jp/repo/s/cpas-takagi/,https://iiif.dl.itc.u-tokyo.ac.jp/repo/s/cpas-takagi/document/7451ede1-707b-a714-3206-26f1fae34edb,http://www.cpas.c.u-tokyo.ac.jp/lib/archive_riyo2.html,https://iiif.dl.itc.u-tokyo.ac.jp/repo/files/medium/00c97bf782b1b0c3c07b8aa1175008848dae502a.jpg,https://iiif.dl.itc.u-tokyo.ac.jp/repo/api/items/710631,"東京大学大学院総合文化研究科グローバル地域研究機構アメリカ太平洋地域研究センター Center for Pacific and American Studies, The University of Tokyo, JAPAN",http://iiif.io/api/presentation/2#rightToLeftDirection,,CPAS高木八尺デジタルアーカイブ,0227,,https://iiif.dl.itc.u-tokyo.ac.jp/repo/iiif/7451ede1-707b-a714-3206-26f1fae34edb/manifest,,,,,16
「政治部調査報告 米国極東政策の基本的性格と対日政策の動向の考察」,734-[4],外務省調査局 1946,原稿|手書き,日本語,,,,,87,0276-0317,図書,http://tify.sub.uni-goettingen.de/demo.html?manifest=https://archdataset.dl.itc.u-tokyo.ac.jp/manifest/2c1aa5e0-620a-7136-7839-d15cd3d16737.json,2c1aa5e0-620a-7136-7839-d15cd3d16737,https://iiif.dl.itc.u-tokyo.ac.jp/repo/s/cpas-takagi/,https://iiif.dl.itc.u-tokyo.ac.jp/repo/s/cpas-takagi/document/2c1aa5e0-620a-7136-7839-d15cd3d16737,http://www.cpas.c.u-tokyo.ac.jp/lib/archive_riyo2.html,https://iiif.dl.itc.u-tokyo.ac.jp/repo/files/medium/c80e0155251f4eee7f6d00fd34fb6055e6083bf7.jpg,https://iiif.dl.itc.u-tokyo.ac.jp/repo/api/items/710630,"東京大学大学院総合文化研究科グローバル地域研究機構アメリカ太平洋地域研究センター Center for Pacific and American Studies, The University of Tokyo, JAPAN",http://iiif.io/api/presentation/2#rightToLeftDirection,,CPAS高木八尺デジタルアーカイブ,0228,,https://iiif.dl.itc.u-tokyo.ac.jp/repo/iiif/2c1aa5e0-620a-7136-7839-d15cd3d16737/manifest,,,,,42
「米国の対日政策に対応する我方対策の指針」,734-[5],外務省調査局 1946,文書|印刷,日本語,外務省調査局第一課,,昭和21年8月,1946.8,87,0318-0337,図書,http://tify.sub.uni-goettingen.de/demo.html?manifest=https://archdataset.dl.itc.u-tokyo.ac.jp/manifest/10942fa2-92a4-51a8-a5c6-23bc489d6759.json,10942fa2-92a4-51a8-a5c6-23bc489d6759,https://iiif.dl.itc.u-tokyo.ac.jp/repo/s/cpas-takagi/,https://iiif.dl.itc.u-tokyo.ac.jp/repo/s/cpas-takagi/document/10942fa2-92a4-51a8-a5c6-23bc489d6759,http://www.cpas.c.u-tokyo.ac.jp/lib/archive_riyo2.html,https://iiif.dl.itc.u-tokyo.ac.jp/repo/files/medium/812a4200de096cc874333a369d6b9beb14459bb6.jpg,https://iiif.dl.itc.u-tokyo.ac.jp/repo/api/items/710629,"東京大学大学院総合文化研究科グローバル地域研究機構アメリカ太平洋地域研究センター Center for Pacific and American Studies, The University of Tokyo, JAPAN",http://iiif.io/api/presentation/2#rightToLeftDirection,,CPAS高木八尺デジタルアーカイブ,0229,,https://iiif.dl.itc.u-tokyo.ac.jp/repo/iiif/10942fa2-92a4-51a8-a5c6-23bc489d6759/manifest,,,,,19
「米国外交政策の基調に関する一二の示唆」,734-[6],外務省調査局 1946,原稿|手書き,日本語,,,,,87,0603-0605,図書,http://tify.sub.uni-goettingen.de/demo.html?manifest=https://archdataset.dl.itc.u-tokyo.ac.jp/manifest/2f229e88-a01d-1e52-8b09-da38b1eb11e5.json,2f229e88-a01d-1e52-8b09-da38b1eb11e5,https://iiif.dl.itc.u-tokyo.ac.jp/repo/s/cpas-takagi/,https://iiif.dl.itc.u-tokyo.ac.jp/repo/s/cpas-takagi/document/2f229e88-a01d-1e52-8b09-da38b1eb11e5,http://www.cpas.c.u-tokyo.ac.jp/lib/archive_riyo2.html,https://iiif.dl.itc.u-tokyo.ac.jp/repo/files/medium/3b2432e10189c8016776a47f753a5bd275350953.jpg,https://iiif.dl.itc.u-tokyo.ac.jp/repo/api/items/710628,"東京大学大学院総合文化研究科グローバル地域研究機構アメリカ太平洋地域研究センター Center for Pacific and American Studies, The University of Tokyo, JAPAN",http://iiif.io/api/presentation/2#rightToLeftDirection,,CPAS高木八尺デジタルアーカイブ,0230,,https://iiif.dl.itc.u-tokyo.ac.jp/repo/iiif/2f229e88-a01d-1e52-8b09-da38b1eb11e5/manifest,,,,,3
「松本重治氏の思想人格についての説明書」,735-[1],Purge関係,メモ|手書き,日本語,,英文タイプメモ含む,,,88,0004-0005,図書,http://tify.sub.uni-goettingen.de/demo.html?manifest=https://archdataset.dl.itc.u-tokyo.ac.jp/manifest/69641e4a-77e7-8051-7858-6c8930f071ed.json,69641e4a-77e7-8051-7858-6c8930f071ed,https://iiif.dl.itc.u-tokyo.ac.jp/repo/s/cpas-takagi/,https://iiif.dl.itc.u-tokyo.ac.jp/repo/s/cpas-takagi/document/69641e4a-77e7-8051-7858-6c8930f071ed,http://www.cpas.c.u-tokyo.ac.jp/lib/archive_riyo2.html,https://iiif.dl.itc.u-tokyo.ac.jp/repo/files/medium/14581d4884324c3cc60c56bf3abfc4e024ab6255.jpg,https://iiif.dl.itc.u-tokyo.ac.jp/repo/api/items/710627,"東京大学大学院総合文化研究科グローバル地域研究機構アメリカ太平洋地域研究センター Center for Pacific and American Studies, The University of Tokyo, JAPAN",http://iiif.io/api/presentation/2#rightToLeftDirection,,CPAS高木八尺デジタルアーカイブ,0231,,https://iiif.dl.itc.u-tokyo.ac.jp/repo/iiif/69641e4a-77e7-8051-7858-6c8930f071ed/manifest,,,,,2
「証言 前田多門氏は...」,735-[2],Purge関係,原稿|手書き,日本語,,,昭和24年5月5日,1949.5.5,88,0006-0009,図書,http://tify.sub.uni-goettingen.de/demo.html?manifest=https://archdataset.dl.itc.u-tokyo.ac.jp/manifest/651cfaca-65e6-313f-24c6-a75dc97923bc.json,651cfaca-65e6-313f-24c6-a75dc97923bc,https://iiif.dl.itc.u-tokyo.ac.jp/repo/s/cpas-takagi/,https://iiif.dl.itc.u-tokyo.ac.jp/repo/s/cpas-takagi/document/651cfaca-65e6-313f-24c6-a75dc97923bc,http://www.cpas.c.u-tokyo.ac.jp/lib/archive_riyo2.html,https://iiif.dl.itc.u-tokyo.ac.jp/repo/files/medium/02e73c4dc6a4173ebc5f185c00ceaba4e9f5558a.jpg,https://iiif.dl.itc.u-tokyo.ac.jp/repo/api/items/710626,"東京大学大学院総合文化研究科グローバル地域研究機構アメリカ太平洋地域研究センター Center for Pacific and American Studies, The University of Tokyo, JAPAN",http://iiif.io/api/presentation/2#rightToLeftDirection,,CPAS高木八尺デジタルアーカイブ,0232,,https://iiif.dl.itc.u-tokyo.ac.jp/repo/iiif/651cfaca-65e6-313f-24c6-a75dc97923bc/manifest,,,,,4
「証言 大沢章君とは...」,735-[3],Purge関係,原稿|手書き,日本語,,,,,88,0021-0024,図書,http://tify.sub.uni-goettingen.de/demo.html?manifest=https://archdataset.dl.itc.u-tokyo.ac.jp/manifest/18f0b2f2-34b6-7b20-0558-0c71dac04794.json,18f0b2f2-34b6-7b20-0558-0c71dac04794,https://iiif.dl.itc.u-tokyo.ac.jp/repo/s/cpas-takagi/,https://iiif.dl.itc.u-tokyo.ac.jp/repo/s/cpas-takagi/document/18f0b2f2-34b6-7b20-0558-0c71dac04794,http://www.cpas.c.u-tokyo.ac.jp/lib/archive_riyo2.html,https://iiif.dl.itc.u-tokyo.ac.jp/repo/files/medium/85f7d6be422ea6905b1d27bd9c5dabc5d14a5010.jpg,https://iiif.dl.itc.u-tokyo.ac.jp/repo/api/items/710625,"東京大学大学院総合文化研究科グローバル地域研究機構アメリカ太平洋地域研究センター Center for Pacific and American Studies, The University of Tokyo, JAPAN",http://iiif.io/api/presentation/2#rightToLeftDirection,,CPAS高木八尺デジタルアーカイブ,0233,,https://iiif.dl.itc.u-tokyo.ac.jp/repo/iiif/18f0b2f2-34b6-7b20-0558-0c71dac04794/manifest,,,,,4
「証言書 私は神川彦松君と...」,735-[4],Purge関係,原稿|手書き,日本語,,,昭和25年,1950,88,0029-0031,図書,http://tify.sub.uni-goettingen.de/demo.html?manifest=https://archdataset.dl.itc.u-tokyo.ac.jp/manifest/0bdf0def-6139-2020-2de9-8fa80a0794ad.json,0bdf0def-6139-2020-2de9-8fa80a0794ad,https://iiif.dl.itc.u-tokyo.ac.jp/repo/s/cpas-takagi/,https://iiif.dl.itc.u-tokyo.ac.jp/repo/s/cpas-takagi/document/0bdf0def-6139-2020-2de9-8fa80a0794ad,http://www.cpas.c.u-tokyo.ac.jp/lib/archive_riyo2.html,https://iiif.dl.itc.u-tokyo.ac.jp/repo/files/medium/399adf91824049d47683b1e3c256fae7f2998c88.jpg,https://iiif.dl.itc.u-tokyo.ac.jp/repo/api/items/710624,"東京大学大学院総合文化研究科グローバル地域研究機構アメリカ太平洋地域研究センター Center for Pacific and American Studies, The University of Tokyo, JAPAN",http://iiif.io/api/presentation/2#rightToLeftDirection,,CPAS高木八尺デジタルアーカイブ,0234,,https://iiif.dl.itc.u-tokyo.ac.jp/repo/iiif/0bdf0def-6139-2020-2de9-8fa80a0794ad/manifest,,,,,3
「証言書 那須皓博士は...」,735-[5],Purge関係,原稿|手書き,日本語,,,昭和24年4月1日,1949.4.1,88,0037-0038,図書,http://tify.sub.uni-goettingen.de/demo.html?manifest=https://archdataset.dl.itc.u-tokyo.ac.jp/manifest/3ec13752-8286-666e-6098-1b63c9906bc0.json,3ec13752-8286-666e-6098-1b63c9906bc0,https://iiif.dl.itc.u-tokyo.ac.jp/repo/s/cpas-takagi/,https://iiif.dl.itc.u-tokyo.ac.jp/repo/s/cpas-takagi/document/3ec13752-8286-666e-6098-1b63c9906bc0,http://www.cpas.c.u-tokyo.ac.jp/lib/archive_riyo2.html,https://iiif.dl.itc.u-tokyo.ac.jp/repo/files/medium/7d554ce8b3b0e17388a73e60c83ff3b129543cc8.jpg,https://iiif.dl.itc.u-tokyo.ac.jp/repo/api/items/710623,"東京大学大学院総合文化研究科グローバル地域研究機構アメリカ太平洋地域研究センター Center for Pacific and American Studies, The University of Tokyo, JAPAN",http://iiif.io/api/presentation/2#rightToLeftDirection,,CPAS高木八尺デジタルアーカイブ,0235,,https://iiif.dl.itc.u-tokyo.ac.jp/repo/iiif/3ec13752-8286-666e-6098-1b63c9906bc0/manifest,,,,,2
"""Dr. Shiroshi Nasu was one of the influential members ...""",735-[6],Purge関係,原稿|タイプ,英語,,手書き草稿含む,,1949.4.1,88,0039-0042,図書,http://tify.sub.uni-goettingen.de/demo.html?manifest=https://archdataset.dl.itc.u-tokyo.ac.jp/manifest/cea4b73a-6cfd-32fd-2c8d-f349f1745519.json,cea4b73a-6cfd-32fd-2c8d-f349f1745519,https://iiif.dl.itc.u-tokyo.ac.jp/repo/s/cpas-takagi/,https://iiif.dl.itc.u-tokyo.ac.jp/repo/s/cpas-takagi/document/cea4b73a-6cfd-32fd-2c8d-f349f1745519,http://www.cpas.c.u-tokyo.ac.jp/lib/archive_riyo2.html,https://iiif.dl.itc.u-tokyo.ac.jp/repo/files/medium/21914f1eb20131307ae256496ec112e661472e2f.jpg,https://iiif.dl.itc.u-tokyo.ac.jp/repo/api/items/710622,"東京大学大学院総合文化研究科グローバル地域研究機構アメリカ太平洋地域研究センター Center for Pacific and American Studies, The University of Tokyo, JAPAN",,,CPAS高木八尺デジタルアーカイブ,0236,,https://iiif.dl.itc.u-tokyo.ac.jp/repo/iiif/cea4b73a-6cfd-32fd-2c8d-f349f1745519/manifest,,,,,4
「リンコーンの生れた...」,736-[1],A. Lincoln,原稿|手書き,日本語,,,,,88,0067-0075,図書,http://tify.sub.uni-goettingen.de/demo.html?manifest=https://archdataset.dl.itc.u-tokyo.ac.jp/manifest/97305d51-a688-189b-129a-2251fc081193.json,97305d51-a688-189b-129a-2251fc081193,https://iiif.dl.itc.u-tokyo.ac.jp/repo/s/cpas-takagi/,https://iiif.dl.itc.u-tokyo.ac.jp/repo/s/cpas-takagi/document/97305d51-a688-189b-129a-2251fc081193,http://www.cpas.c.u-tokyo.ac.jp/lib/archive_riyo2.html,https://iiif.dl.itc.u-tokyo.ac.jp/repo/files/medium/0493589dfcabfa76ba27ea63188fe061537ce48b.jpg,https://iiif.dl.itc.u-tokyo.ac.jp/repo/api/items/710621,"東京大学大学院総合文化研究科グローバル地域研究機構アメリカ太平洋地域研究センター Center for Pacific and American Studies, The University of Tokyo, JAPAN",http://iiif.io/api/presentation/2#rightToLeftDirection,,CPAS高木八尺デジタルアーカイブ,0237,,https://iiif.dl.itc.u-tokyo.ac.jp/repo/iiif/97305d51-a688-189b-129a-2251fc081193/manifest,,,,,9
"""Speeches & letters of Abraham Lincoln""",736-[2],A. Lincoln,メモ|手書き,英語,,,,,88,0081-0082,図書,http://tify.sub.uni-goettingen.de/demo.html?manifest=https://archdataset.dl.itc.u-tokyo.ac.jp/manifest/372512d9-8d18-94c2-3602-a1b05a2d48be.json,372512d9-8d18-94c2-3602-a1b05a2d48be,https://iiif.dl.itc.u-tokyo.ac.jp/repo/s/cpas-takagi/,https://iiif.dl.itc.u-tokyo.ac.jp/repo/s/cpas-takagi/document/372512d9-8d18-94c2-3602-a1b05a2d48be,http://www.cpas.c.u-tokyo.ac.jp/lib/archive_riyo2.html,https://iiif.dl.itc.u-tokyo.ac.jp/repo/files/medium/a78a5b71f08b56b9c2bcd586ab927ff59a195130.jpg,https://iiif.dl.itc.u-tokyo.ac.jp/repo/api/items/710620,"東京大学大学院総合文化研究科グローバル地域研究機構アメリカ太平洋地域研究センター Center for Pacific and American Studies, The University of Tokyo, JAPAN",,,CPAS高木八尺デジタルアーカイブ,0238,,https://iiif.dl.itc.u-tokyo.ac.jp/repo/iiif/372512d9-8d18-94c2-3602-a1b05a2d48be/manifest,,,,,2
「エイブラハム・リンコーンの愛国心」他,736-[3],A. Lincoln,原稿|手書き,日本語,「読史余録」|「読史断想」,,,,88,0087-0171,図書,http://tify.sub.uni-goettingen.de/demo.html?manifest=https://archdataset.dl.itc.u-tokyo.ac.jp/manifest/d66c0bdb-982b-0585-769e-d2138d251b11.json,d66c0bdb-982b-0585-769e-d2138d251b11,https://iiif.dl.itc.u-tokyo.ac.jp/repo/s/cpas-takagi/,https://iiif.dl.itc.u-tokyo.ac.jp/repo/s/cpas-takagi/document/d66c0bdb-982b-0585-769e-d2138d251b11,http://www.cpas.c.u-tokyo.ac.jp/lib/archive_riyo2.html,https://iiif.dl.itc.u-tokyo.ac.jp/repo/files/medium/2b57edc81de9b7cb41da7dd9ad0646cb34ae91e7.jpg,https://iiif.dl.itc.u-tokyo.ac.jp/repo/api/items/710619,"東京大学大学院総合文化研究科グローバル地域研究機構アメリカ太平洋地域研究センター Center for Pacific and American Studies, The University of Tokyo, JAPAN",http://iiif.io/api/presentation/2#rightToLeftDirection,,CPAS高木八尺デジタルアーカイブ,0239,,https://iiif.dl.itc.u-tokyo.ac.jp/repo/iiif/d66c0bdb-982b-0585-769e-d2138d251b11/manifest,,,,,85
「序 リンコーンが大統領として...」,736-[4],A. Lincoln,原稿|手書き,日本語,,,,,88,0178-0182,図書,http://tify.sub.uni-goettingen.de/demo.html?manifest=https://archdataset.dl.itc.u-tokyo.ac.jp/manifest/ba961be7-84ac-8358-2cb2-fc1f24492de0.json,ba961be7-84ac-8358-2cb2-fc1f24492de0,https://iiif.dl.itc.u-tokyo.ac.jp/repo/s/cpas-takagi/,https://iiif.dl.itc.u-tokyo.ac.jp/repo/s/cpas-takagi/document/ba961be7-84ac-8358-2cb2-fc1f24492de0,http://www.cpas.c.u-tokyo.ac.jp/lib/archive_riyo2.html,https://iiif.dl.itc.u-tokyo.ac.jp/repo/files/medium/76e6457bab418a0718ad823e804b5e8cce1047de.jpg,https://iiif.dl.itc.u-tokyo.ac.jp/repo/api/items/710618,"東京大学大学院総合文化研究科グローバル地域研究機構アメリカ太平洋地域研究センター Center for Pacific and American Studies, The University of Tokyo, JAPAN",http://iiif.io/api/presentation/2#rightToLeftDirection,,CPAS高木八尺デジタルアーカイブ,0240,,https://iiif.dl.itc.u-tokyo.ac.jp/repo/iiif/ba961be7-84ac-8358-2cb2-fc1f24492de0/manifest,,,,,5
”Seminar in Am. Studies Round Table Conf. 1951”,738-[1],"American Studies Seminar 1951, 1952",メモ|手書き,英語,,,,[1951],89,0016-0028,図書,http://tify.sub.uni-goettingen.de/demo.html?manifest=https://archdataset.dl.itc.u-tokyo.ac.jp/manifest/bc7deae0-7a8f-790a-8d86-c62835a816d8.json,bc7deae0-7a8f-790a-8d86-c62835a816d8,https://iiif.dl.itc.u-tokyo.ac.jp/repo/s/cpas-takagi/,https://iiif.dl.itc.u-tokyo.ac.jp/repo/s/cpas-takagi/document/bc7deae0-7a8f-790a-8d86-c62835a816d8,http://www.cpas.c.u-tokyo.ac.jp/lib/archive_riyo2.html,https://iiif.dl.itc.u-tokyo.ac.jp/repo/files/medium/c60a854acc1cbf03a6e9bbb44db10051ad5f1af6.jpg,https://iiif.dl.itc.u-tokyo.ac.jp/repo/api/items/710617,"東京大学大学院総合文化研究科グローバル地域研究機構アメリカ太平洋地域研究センター Center for Pacific and American Studies, The University of Tokyo, JAPAN",,,CPAS高木八尺デジタルアーカイブ,0241,,https://iiif.dl.itc.u-tokyo.ac.jp/repo/iiif/bc7deae0-7a8f-790a-8d86-c62835a816d8/manifest,,,,,13
"""Problems in American Democracy and Japanese American Acceptance of ...”",738-[2],"American Studies Seminar 1951, 1952",草稿|手書き,英語,,,,,89,0029-0035,図書,http://tify.sub.uni-goettingen.de/demo.html?manifest=https://archdataset.dl.itc.u-tokyo.ac.jp/manifest/16e2660f-261d-943b-3154-2d945fa1072a.json,16e2660f-261d-943b-3154-2d945fa1072a,https://iiif.dl.itc.u-tokyo.ac.jp/repo/s/cpas-takagi/,https://iiif.dl.itc.u-tokyo.ac.jp/repo/s/cpas-takagi/document/16e2660f-261d-943b-3154-2d945fa1072a,http://www.cpas.c.u-tokyo.ac.jp/lib/archive_riyo2.html,https://iiif.dl.itc.u-tokyo.ac.jp/repo/files/medium/d0896814a0c827be567e05dae23aeeb7195f7f90.jpg,https://iiif.dl.itc.u-tokyo.ac.jp/repo/api/items/710616,"東京大学大学院総合文化研究科グローバル地域研究機構アメリカ太平洋地域研究センター Center for Pacific and American Studies, The University of Tokyo, JAPAN",,,CPAS高木八尺デジタルアーカイブ,0242,,https://iiif.dl.itc.u-tokyo.ac.jp/repo/iiif/16e2660f-261d-943b-3154-2d945fa1072a/manifest,,,,,7
"""The term ""American Studies"", in spite of its increasing familiarity, ...""",738-[3],"American Studies Seminar 1951, 1952",原稿|タイプ,英語,,スピーチ原稿? 書き込みあり,,[1952],89,0134-0137,図書,http://tify.sub.uni-goettingen.de/demo.html?manifest=https://archdataset.dl.itc.u-tokyo.ac.jp/manifest/d5e125d6-7e04-46d6-2b2c-d97fdcd273aa.json,d5e125d6-7e04-46d6-2b2c-d97fdcd273aa,https://iiif.dl.itc.u-tokyo.ac.jp/repo/s/cpas-takagi/,https://iiif.dl.itc.u-tokyo.ac.jp/repo/s/cpas-takagi/document/d5e125d6-7e04-46d6-2b2c-d97fdcd273aa,http://www.cpas.c.u-tokyo.ac.jp/lib/archive_riyo2.html,https://iiif.dl.itc.u-tokyo.ac.jp/repo/files/medium/de920992ee315c2c64f546fc200df2619f370181.jpg,https://iiif.dl.itc.u-tokyo.ac.jp/repo/api/items/710615,"東京大学大学院総合文化研究科グローバル地域研究機構アメリカ太平洋地域研究センター Center for Pacific and American Studies, The University of Tokyo, JAPAN",,,CPAS高木八尺デジタルアーカイブ,0243,,https://iiif.dl.itc.u-tokyo.ac.jp/repo/iiif/d5e125d6-7e04-46d6-2b2c-d97fdcd273aa/manifest,,,,,4
"""Gentlemen: As one of the charter members of the American Institute of Japan, """,738-[4],"American Studies Seminar 1951, 1952",草稿|手書き,英語,,,,,89,0176-0179,図書,http://tify.sub.uni-goettingen.de/demo.html?manifest=https://archdataset.dl.itc.u-tokyo.ac.jp/manifest/7e50f1db-7422-68dc-0d57-26d07f1c75fe.json,7e50f1db-7422-68dc-0d57-26d07f1c75fe,https://iiif.dl.itc.u-tokyo.ac.jp/repo/s/cpas-takagi/,https://iiif.dl.itc.u-tokyo.ac.jp/repo/s/cpas-takagi/document/7e50f1db-7422-68dc-0d57-26d07f1c75fe,http://www.cpas.c.u-tokyo.ac.jp/lib/archive_riyo2.html,https://iiif.dl.itc.u-tokyo.ac.jp/repo/files/medium/e336be5aa3fd1f9f798a3a7ac8f94b43ab345aa8.jpg,https://iiif.dl.itc.u-tokyo.ac.jp/repo/api/items/710614,"東京大学大学院総合文化研究科グローバル地域研究機構アメリカ太平洋地域研究センター Center for Pacific and American Studies, The University of Tokyo, JAPAN",,,CPAS高木八尺デジタルアーカイブ,0244,,https://iiif.dl.itc.u-tokyo.ac.jp/repo/iiif/7e50f1db-7422-68dc-0d57-26d07f1c75fe/manifest,,,,,4
"""Tolerance""",740-[1],Seattle. Jap. Societyでの高木講演,草稿|手書き,英語,,,,,89,0249-0290,図書,http://tify.sub.uni-goettingen.de/demo.html?manifest=https://archdataset.dl.itc.u-tokyo.ac.jp/manifest/e3ab7871-5159-626a-4a61-4e0080f5925c.json,e3ab7871-5159-626a-4a61-4e0080f5925c,https://iiif.dl.itc.u-tokyo.ac.jp/repo/s/cpas-takagi/,https://iiif.dl.itc.u-tokyo.ac.jp/repo/s/cpas-takagi/document/e3ab7871-5159-626a-4a61-4e0080f5925c,http://www.cpas.c.u-tokyo.ac.jp/lib/archive_riyo2.html,https://iiif.dl.itc.u-tokyo.ac.jp/repo/files/medium/bcbcdddeaaf4daefadf51f7b6ce5318aa087a46c.jpg,https://iiif.dl.itc.u-tokyo.ac.jp/repo/api/items/710613,"東京大学大学院総合文化研究科グローバル地域研究機構アメリカ太平洋地域研究センター Center for Pacific and American Studies, The University of Tokyo, JAPAN",,,CPAS高木八尺デジタルアーカイブ,0245,,https://iiif.dl.itc.u-tokyo.ac.jp/repo/iiif/e3ab7871-5159-626a-4a61-4e0080f5925c/manifest,,,,,42
"""TOLERANCE, Japanese Studies and American-Japanese Relations""",740-[2],Seattle. Jap. Societyでの高木講演,原稿|タイプ,英語,"Address by Dr. Yasaka Takagi at the eleventh annual banquet of the Japan Society of Seattle at the Olympic Hotel, Wednesday evening, Jan. 24, 1934",,,1934,89,0318-0329,図書,http://tify.sub.uni-goettingen.de/demo.html?manifest=https://archdataset.dl.itc.u-tokyo.ac.jp/manifest/ce1c99e7-8300-28a5-8c5b-ee98d14f41c3.json,ce1c99e7-8300-28a5-8c5b-ee98d14f41c3,https://iiif.dl.itc.u-tokyo.ac.jp/repo/s/cpas-takagi/,https://iiif.dl.itc.u-tokyo.ac.jp/repo/s/cpas-takagi/document/ce1c99e7-8300-28a5-8c5b-ee98d14f41c3,http://www.cpas.c.u-tokyo.ac.jp/lib/archive_riyo2.html,https://iiif.dl.itc.u-tokyo.ac.jp/repo/files/medium/9e7f51ba4217e7b62cb0d86d9c2e72f41c4c4ad0.jpg,https://iiif.dl.itc.u-tokyo.ac.jp/repo/api/items/710612,"東京大学大学院総合文化研究科グローバル地域研究機構アメリカ太平洋地域研究センター Center for Pacific and American Studies, The University of Tokyo, JAPAN",,,CPAS高木八尺デジタルアーカイブ,0246,,https://iiif.dl.itc.u-tokyo.ac.jp/repo/iiif/ce1c99e7-8300-28a5-8c5b-ee98d14f41c3/manifest,,,,,12
"""Tolerance, Japanese Studies and American-Japanese Relations""",740-[3],Seattle. Jap. Societyでの高木講演,草稿|手書き,英語,,,,,89,0330-0352,図書,http://tify.sub.uni-goettingen.de/demo.html?manifest=https://archdataset.dl.itc.u-tokyo.ac.jp/manifest/97628805-1c00-a24f-4915-2a3edfc87eea.json,97628805-1c00-a24f-4915-2a3edfc87eea,https://iiif.dl.itc.u-tokyo.ac.jp/repo/s/cpas-takagi/,https://iiif.dl.itc.u-tokyo.ac.jp/repo/s/cpas-takagi/document/97628805-1c00-a24f-4915-2a3edfc87eea,http://www.cpas.c.u-tokyo.ac.jp/lib/archive_riyo2.html,https://iiif.dl.itc.u-tokyo.ac.jp/repo/files/medium/f7b3cb4b024c58d4b3620c06bb98eb6ff1794f0c.jpg,https://iiif.dl.itc.u-tokyo.ac.jp/repo/api/items/710611,"東京大学大学院総合文化研究科グローバル地域研究機構アメリカ太平洋地域研究センター Center for Pacific and American Studies, The University of Tokyo, JAPAN",,,CPAS高木八尺デジタルアーカイブ,0247,,https://iiif.dl.itc.u-tokyo.ac.jp/repo/iiif/97628805-1c00-a24f-4915-2a3edfc87eea/manifest,,,,,23
“Report on present condition”,741-[1],Univ. of Washingtonでの高木講演、1934.1.22,メモ|手書き,英語,,,,,89,0410-0411,図書,http://tify.sub.uni-goettingen.de/demo.html?manifest=https://archdataset.dl.itc.u-tokyo.ac.jp/manifest/287dbae3-7358-60e4-167a-0171e24a871a.json,287dbae3-7358-60e4-167a-0171e24a871a,https://iiif.dl.itc.u-tokyo.ac.jp/repo/s/cpas-takagi/,https://iiif.dl.itc.u-tokyo.ac.jp/repo/s/cpas-takagi/document/287dbae3-7358-60e4-167a-0171e24a871a,http://www.cpas.c.u-tokyo.ac.jp/lib/archive_riyo2.html,https://iiif.dl.itc.u-tokyo.ac.jp/repo/files/medium/9c62fd051c984a0c7125534dc42da7e390c94061.jpg,https://iiif.dl.itc.u-tokyo.ac.jp/repo/api/items/710610,"東京大学大学院総合文化研究科グローバル地域研究機構アメリカ太平洋地域研究センター Center for Pacific and American Studies, The University of Tokyo, JAPAN",,,CPAS高木八尺デジタルアーカイブ,0248,,https://iiif.dl.itc.u-tokyo.ac.jp/repo/iiif/287dbae3-7358-60e4-167a-0171e24a871a/manifest,,,,,2
"""Relations between Japan and the United States""",741-[2],Univ. of Washingtonでの高木講演、1934.1.22,原稿|タイプ,英語,"Address delivered by Yasaka Takagi at the University of Washington, Seattle, January 22, 1934",手書き書き込みあり,,1934.1.22,89,0418-0428,図書,http://tify.sub.uni-goettingen.de/demo.html?manifest=https://archdataset.dl.itc.u-tokyo.ac.jp/manifest/8f552c54-3760-8535-1c80-0339dfa038d4.json,8f552c54-3760-8535-1c80-0339dfa038d4,https://iiif.dl.itc.u-tokyo.ac.jp/repo/s/cpas-takagi/,https://iiif.dl.itc.u-tokyo.ac.jp/repo/s/cpas-takagi/document/8f552c54-3760-8535-1c80-0339dfa038d4,http://www.cpas.c.u-tokyo.ac.jp/lib/archive_riyo2.html,https://iiif.dl.itc.u-tokyo.ac.jp/repo/files/medium/922152daf3565cecbcd3cf00d9a2d1032417bf82.jpg,https://iiif.dl.itc.u-tokyo.ac.jp/repo/api/items/710609,"東京大学大学院総合文化研究科グローバル地域研究機構アメリカ太平洋地域研究センター Center for Pacific and American Studies, The University of Tokyo, JAPAN",,,CPAS高木八尺デジタルアーカイブ,0249,,https://iiif.dl.itc.u-tokyo.ac.jp/repo/iiif/8f552c54-3760-8535-1c80-0339dfa038d4/manifest,,,,,11
"“At the U. of W. Faculty Luncheon Presided by Vice President Thompson, Jan. 22, Meany Hotel”",741-[3],Univ. of Washingtonでの高木講演、1934.1.22,草稿|手書き,英語,,,,[1934.1],89,0429-0432,図書,http://tify.sub.uni-goettingen.de/demo.html?manifest=https://archdataset.dl.itc.u-tokyo.ac.jp/manifest/f339ac5e-188e-2e70-196d-c90408213e61.json,f339ac5e-188e-2e70-196d-c90408213e61,https://iiif.dl.itc.u-tokyo.ac.jp/repo/s/cpas-takagi/,https://iiif.dl.itc.u-tokyo.ac.jp/repo/s/cpas-takagi/document/f339ac5e-188e-2e70-196d-c90408213e61,http://www.cpas.c.u-tokyo.ac.jp/lib/archive_riyo2.html,https://iiif.dl.itc.u-tokyo.ac.jp/repo/files/medium/077d31b40ed02151ec93d10a566281c9539cda22.jpg,https://iiif.dl.itc.u-tokyo.ac.jp/repo/api/items/710608,"東京大学大学院総合文化研究科グローバル地域研究機構アメリカ太平洋地域研究センター Center for Pacific and American Studies, The University of Tokyo, JAPAN",,,CPAS高木八尺デジタルアーカイブ,0250,,https://iiif.dl.itc.u-tokyo.ac.jp/repo/iiif/f339ac5e-188e-2e70-196d-c90408213e61/manifest,,,,,4
“Relations between Japan and the United States”,741-[4],Univ. of Washingtonでの高木講演、1934.1.22,草稿|手書き,英語,,,,[1934],89,0438-0465,図書,http://tify.sub.uni-goettingen.de/demo.html?manifest=https://archdataset.dl.itc.u-tokyo.ac.jp/manifest/b81ea65f-6ed4-4a50-5722-dc7273818b83.json,b81ea65f-6ed4-4a50-5722-dc7273818b83,https://iiif.dl.itc.u-tokyo.ac.jp/repo/s/cpas-takagi/,https://iiif.dl.itc.u-tokyo.ac.jp/repo/s/cpas-takagi/document/b81ea65f-6ed4-4a50-5722-dc7273818b83,http://www.cpas.c.u-tokyo.ac.jp/lib/archive_riyo2.html,https://iiif.dl.itc.u-tokyo.ac.jp/repo/files/medium/bb92c9001abfdd48d49b2aa5fa605a29a6c2df10.jpg,https://iiif.dl.itc.u-tokyo.ac.jp/repo/api/items/710607,"東京大学大学院総合文化研究科グローバル地域研究機構アメリカ太平洋地域研究センター Center for Pacific and American Studies, The University of Tokyo, JAPAN",,,CPAS高木八尺デジタルアーカイブ,0251,,https://iiif.dl.itc.u-tokyo.ac.jp/repo/iiif/b81ea65f-6ed4-4a50-5722-dc7273818b83/manifest,,,,,28
"""1. Scope. Lack of infoma [n] + misconc.""",741-[5],Univ. of Washingtonでの高木講演、1934.1.22,メモ|手書き,英語,,,,[1934],89,0467-0468,図書,http://tify.sub.uni-goettingen.de/demo.html?manifest=https://archdataset.dl.itc.u-tokyo.ac.jp/manifest/0f7e9b82-5f97-0f51-01c8-c66694bba44d.json,0f7e9b82-5f97-0f51-01c8-c66694bba44d,https://iiif.dl.itc.u-tokyo.ac.jp/repo/s/cpas-takagi/,https://iiif.dl.itc.u-tokyo.ac.jp/repo/s/cpas-takagi/document/0f7e9b82-5f97-0f51-01c8-c66694bba44d,http://www.cpas.c.u-tokyo.ac.jp/lib/archive_riyo2.html,https://iiif.dl.itc.u-tokyo.ac.jp/repo/files/medium/4cf6c955d60832aedce835536d59c60e48329563.jpg,https://iiif.dl.itc.u-tokyo.ac.jp/repo/api/items/710606,"東京大学大学院総合文化研究科グローバル地域研究機構アメリカ太平洋地域研究センター Center for Pacific and American Studies, The University of Tokyo, JAPAN",,,CPAS高木八尺デジタルアーカイブ,0252,,https://iiif.dl.itc.u-tokyo.ac.jp/repo/iiif/0f7e9b82-5f97-0f51-01c8-c66694bba44d/manifest,,,,,2
"""Martin: I presume that by this time you have already heard from ...""",741-[6],Univ. of Washingtonでの高木講演、1934.1.22,メモ|手書き,英語,,,,[1934],89,0471-0472,図書,http://tify.sub.uni-goettingen.de/demo.html?manifest=https://archdataset.dl.itc.u-tokyo.ac.jp/manifest/26f3cb66-2cfa-30a5-14e3-442afe8153b3.json,26f3cb66-2cfa-30a5-14e3-442afe8153b3,https://iiif.dl.itc.u-tokyo.ac.jp/repo/s/cpas-takagi/,https://iiif.dl.itc.u-tokyo.ac.jp/repo/s/cpas-takagi/document/26f3cb66-2cfa-30a5-14e3-442afe8153b3,http://www.cpas.c.u-tokyo.ac.jp/lib/archive_riyo2.html,https://iiif.dl.itc.u-tokyo.ac.jp/repo/files/medium/5d20d6ad62a52d71b139b5cfb2e9c158b1c4bc4b.jpg,https://iiif.dl.itc.u-tokyo.ac.jp/repo/api/items/710605,"東京大学大学院総合文化研究科グローバル地域研究機構アメリカ太平洋地域研究センター Center for Pacific and American Studies, The University of Tokyo, JAPAN",,,CPAS高木八尺デジタルアーカイブ,0253,,https://iiif.dl.itc.u-tokyo.ac.jp/repo/iiif/26f3cb66-2cfa-30a5-14e3-442afe8153b3/manifest,,,,,2
"""Relations between Japan and the United States""",741-[7],Univ. of Washingtonでの高木講演、1934.1.22,原稿|タイプ,英語,"Address delivered by Yasaka Takagi at the University of Washington, Seattle, January 22, 1934",,,1934.1.22,89,0482-0491,図書,http://tify.sub.uni-goettingen.de/demo.html?manifest=https://archdataset.dl.itc.u-tokyo.ac.jp/manifest/56195e5f-0e5a-5366-458a-85037b497127.json,56195e5f-0e5a-5366-458a-85037b497127,https://iiif.dl.itc.u-tokyo.ac.jp/repo/s/cpas-takagi/,https://iiif.dl.itc.u-tokyo.ac.jp/repo/s/cpas-takagi/document/56195e5f-0e5a-5366-458a-85037b497127,http://www.cpas.c.u-tokyo.ac.jp/lib/archive_riyo2.html,https://iiif.dl.itc.u-tokyo.ac.jp/repo/files/medium/af465880d5de8ab5c8b18fdc1f69c56ca5c9e591.jpg,https://iiif.dl.itc.u-tokyo.ac.jp/repo/api/items/710604,"東京大学大学院総合文化研究科グローバル地域研究機構アメリカ太平洋地域研究センター Center for Pacific and American Studies, The University of Tokyo, JAPAN",,,CPAS高木八尺デジタルアーカイブ,0254,,https://iiif.dl.itc.u-tokyo.ac.jp/repo/iiif/56195e5f-0e5a-5366-458a-85037b497127/manifest,,,,,10
"""About two years [after] dinner given by the visiting professors of the 1st seminar...""",743-[1],American Friends Service Committee,メモ|手書き,英語,,,,,90,0134-0135,図書,http://tify.sub.uni-goettingen.de/demo.html?manifest=https://archdataset.dl.itc.u-tokyo.ac.jp/manifest/7d1f41dd-099c-8a0c-9cb1-8de273657f21.json,7d1f41dd-099c-8a0c-9cb1-8de273657f21,https://iiif.dl.itc.u-tokyo.ac.jp/repo/s/cpas-takagi/,https://iiif.dl.itc.u-tokyo.ac.jp/repo/s/cpas-takagi/document/7d1f41dd-099c-8a0c-9cb1-8de273657f21,http://www.cpas.c.u-tokyo.ac.jp/lib/archive_riyo2.html,https://iiif.dl.itc.u-tokyo.ac.jp/repo/files/medium/5d8877263aa24dc88f2a3f6840e1f24e0f688454.jpg,https://iiif.dl.itc.u-tokyo.ac.jp/repo/api/items/710603,"東京大学大学院総合文化研究科グローバル地域研究機構アメリカ太平洋地域研究センター Center for Pacific and American Studies, The University of Tokyo, JAPAN",,,CPAS高木八尺デジタルアーカイブ,0255,,https://iiif.dl.itc.u-tokyo.ac.jp/repo/iiif/7d1f41dd-099c-8a0c-9cb1-8de273657f21/manifest,,,,,2
“Stanford seminar 1951”,743-[2],American Friends Service Committee,メモ|手書き,英語,,,,1951,90,0168-0170,図書,http://tify.sub.uni-goettingen.de/demo.html?manifest=https://archdataset.dl.itc.u-tokyo.ac.jp/manifest/f2fc84ed-0f0b-0d5a-09e8-da0fc303a57a.json,f2fc84ed-0f0b-0d5a-09e8-da0fc303a57a,https://iiif.dl.itc.u-tokyo.ac.jp/repo/s/cpas-takagi/,https://iiif.dl.itc.u-tokyo.ac.jp/repo/s/cpas-takagi/document/f2fc84ed-0f0b-0d5a-09e8-da0fc303a57a,http://www.cpas.c.u-tokyo.ac.jp/lib/archive_riyo2.html,https://iiif.dl.itc.u-tokyo.ac.jp/repo/files/medium/1fb048da962c52b92722d4d050b72790b578731e.jpg,https://iiif.dl.itc.u-tokyo.ac.jp/repo/api/items/710602,"東京大学大学院総合文化研究科グローバル地域研究機構アメリカ太平洋地域研究センター Center for Pacific and American Studies, The University of Tokyo, JAPAN",,,CPAS高木八尺デジタルアーカイブ,0256,,https://iiif.dl.itc.u-tokyo.ac.jp/repo/iiif/f2fc84ed-0f0b-0d5a-09e8-da0fc303a57a/manifest,,,,,3
"”Closing Remarks at 1952 Ins. Student Seminar Aug. 23, Tsuda College”",743-[3],American Friends Service Committee,草稿|手書き,英語,,,,1952.8.23,90,0173-0180,図書,http://tify.sub.uni-goettingen.de/demo.html?manifest=https://archdataset.dl.itc.u-tokyo.ac.jp/manifest/62c73fc2-16a5-59e8-7ad7-4e4c338893ac.json,62c73fc2-16a5-59e8-7ad7-4e4c338893ac,https://iiif.dl.itc.u-tokyo.ac.jp/repo/s/cpas-takagi/,https://iiif.dl.itc.u-tokyo.ac.jp/repo/s/cpas-takagi/document/62c73fc2-16a5-59e8-7ad7-4e4c338893ac,http://www.cpas.c.u-tokyo.ac.jp/lib/archive_riyo2.html,https://iiif.dl.itc.u-tokyo.ac.jp/repo/files/medium/2a3fcd6a57d13ee7a84c0088d0a7fcf191d3caec.jpg,https://iiif.dl.itc.u-tokyo.ac.jp/repo/api/items/710601,"東京大学大学院総合文化研究科グローバル地域研究機構アメリカ太平洋地域研究センター Center for Pacific and American Studies, The University of Tokyo, JAPAN",,,CPAS高木八尺デジタルアーカイブ,0257,,https://iiif.dl.itc.u-tokyo.ac.jp/repo/iiif/62c73fc2-16a5-59e8-7ad7-4e4c338893ac/manifest,,,,,6
[草稿・メモ (Avery O Craven氏講演関連)],767-[1],アメリカ学会,メモ|手書き,英語,"""Professor Crave, member of the association...”",,,[1967],95,0269-0273,図書,http://tify.sub.uni-goettingen.de/demo.html?manifest=https://archdataset.dl.itc.u-tokyo.ac.jp/manifest/c953d395-1dad-1204-74cd-2f34e17e699b.json,c953d395-1dad-1204-74cd-2f34e17e699b,https://iiif.dl.itc.u-tokyo.ac.jp/repo/s/cpas-takagi/,https://iiif.dl.itc.u-tokyo.ac.jp/repo/s/cpas-takagi/document/c953d395-1dad-1204-74cd-2f34e17e699b,http://www.cpas.c.u-tokyo.ac.jp/lib/archive_riyo2.html,https://iiif.dl.itc.u-tokyo.ac.jp/repo/files/medium/7dda33343a1407bbbf25a5484fc3c1fef3960d48.jpg,https://iiif.dl.itc.u-tokyo.ac.jp/repo/api/items/710600,"東京大学大学院総合文化研究科グローバル地域研究機構アメリカ太平洋地域研究センター Center for Pacific and American Studies, The University of Tokyo, JAPAN",,,CPAS高木八尺デジタルアーカイブ,0258,,https://iiif.dl.itc.u-tokyo.ac.jp/repo/iiif/c953d395-1dad-1204-74cd-2f34e17e699b/manifest,,,,,5
「ジェームソンとターナー(続き)及びW.E.ホッキングへの感謝」,767-[2],アメリカ学会,原稿|手書き,日本語,,,,,95,0438-0488,図書,http://tify.sub.uni-goettingen.de/demo.html?manifest=https://archdataset.dl.itc.u-tokyo.ac.jp/manifest/35be7073-349f-6fda-1306-3373d0a28baf.json,35be7073-349f-6fda-1306-3373d0a28baf,https://iiif.dl.itc.u-tokyo.ac.jp/repo/s/cpas-takagi/,https://iiif.dl.itc.u-tokyo.ac.jp/repo/s/cpas-takagi/document/35be7073-349f-6fda-1306-3373d0a28baf,http://www.cpas.c.u-tokyo.ac.jp/lib/archive_riyo2.html,https://iiif.dl.itc.u-tokyo.ac.jp/repo/files/medium/bff8b620a02772c38c796e568c39be032af3e9bf.jpg,https://iiif.dl.itc.u-tokyo.ac.jp/repo/api/items/710599,"東京大学大学院総合文化研究科グローバル地域研究機構アメリカ太平洋地域研究センター Center for Pacific and American Studies, The University of Tokyo, JAPAN",http://iiif.io/api/presentation/2#rightToLeftDirection,,CPAS高木八尺デジタルアーカイブ,0259,,https://iiif.dl.itc.u-tokyo.ac.jp/repo/iiif/35be7073-349f-6fda-1306-3373d0a28baf/manifest,,,,,51
[メモ (Hugh Borton関連)],780-[1],"Borton, Hugh",メモ|手書き,日本語,"""p.7 (Ex map) Gotham Foundation Rexearch Center""|「文化教育交流合同会議」",日本語メモ含む,,,97,0479-0486,図書,http://tify.sub.uni-goettingen.de/demo.html?manifest=https://archdataset.dl.itc.u-tokyo.ac.jp/manifest/cd52d6e6-374e-0bab-7752-8376d2ed4c16.json,cd52d6e6-374e-0bab-7752-8376d2ed4c16,https://iiif.dl.itc.u-tokyo.ac.jp/repo/s/cpas-takagi/,https://iiif.dl.itc.u-tokyo.ac.jp/repo/s/cpas-takagi/document/cd52d6e6-374e-0bab-7752-8376d2ed4c16,http://www.cpas.c.u-tokyo.ac.jp/lib/archive_riyo2.html,https://iiif.dl.itc.u-tokyo.ac.jp/repo/files/medium/8cbaab4f192f281dfc7ec9087222b2e1edfde0f4.jpg,https://iiif.dl.itc.u-tokyo.ac.jp/repo/api/items/710598,"東京大学大学院総合文化研究科グローバル地域研究機構アメリカ太平洋地域研究センター Center for Pacific and American Studies, The University of Tokyo, JAPAN",http://iiif.io/api/presentation/2#rightToLeftDirection,,CPAS高木八尺デジタルアーカイブ,0260,,https://iiif.dl.itc.u-tokyo.ac.jp/repo/iiif/cd52d6e6-374e-0bab-7752-8376d2ed4c16/manifest,,,,,8
[メモ (Hugh Borton関連)],780-[2],"Borton, Hugh",メモ|手書き,日本語,"「福田歓一 Feb. 13, 1962」",,,[1962.2.13],97,0500,図書,http://tify.sub.uni-goettingen.de/demo.html?manifest=https://archdataset.dl.itc.u-tokyo.ac.jp/manifest/df992952-4e33-7511-0897-2e589fd00af7.json,df992952-4e33-7511-0897-2e589fd00af7,https://iiif.dl.itc.u-tokyo.ac.jp/repo/s/cpas-takagi/,https://iiif.dl.itc.u-tokyo.ac.jp/repo/s/cpas-takagi/document/df992952-4e33-7511-0897-2e589fd00af7,http://www.cpas.c.u-tokyo.ac.jp/lib/archive_riyo2.html,https://iiif.dl.itc.u-tokyo.ac.jp/repo/files/medium/35337781d3fe5a7733891fd67d1032e836cea714.jpg,https://iiif.dl.itc.u-tokyo.ac.jp/repo/api/items/710597,"東京大学大学院総合文化研究科グローバル地域研究機構アメリカ太平洋地域研究センター Center for Pacific and American Studies, The University of Tokyo, JAPAN",http://iiif.io/api/presentation/2#rightToLeftDirection,,CPAS高木八尺デジタルアーカイブ,0261,,https://iiif.dl.itc.u-tokyo.ac.jp/repo/iiif/df992952-4e33-7511-0897-2e589fd00af7/manifest,,,,,1
"""At this specialist conference in American Studies which is the third of the conferences ...,""",785-[1],"アメリカ研究振興会(American Studies Foundation of Japan, Inc.)",原稿|手書き,英語,,スピーチ草稿(アメリカ研究専門家会議),,[1964?],99,0142-0151,図書,http://tify.sub.uni-goettingen.de/demo.html?manifest=https://archdataset.dl.itc.u-tokyo.ac.jp/manifest/13f03c76-0fbd-2737-8490-298fd1e84674.json,13f03c76-0fbd-2737-8490-298fd1e84674,https://iiif.dl.itc.u-tokyo.ac.jp/repo/s/cpas-takagi/,https://iiif.dl.itc.u-tokyo.ac.jp/repo/s/cpas-takagi/document/13f03c76-0fbd-2737-8490-298fd1e84674,http://www.cpas.c.u-tokyo.ac.jp/lib/archive_riyo2.html,https://iiif.dl.itc.u-tokyo.ac.jp/repo/files/medium/700022ee0eeb23a68eb3ab0571f27380c71a8245.jpg,https://iiif.dl.itc.u-tokyo.ac.jp/repo/api/items/710596,"東京大学大学院総合文化研究科グローバル地域研究機構アメリカ太平洋地域研究センター Center for Pacific and American Studies, The University of Tokyo, JAPAN",,,CPAS高木八尺デジタルアーカイブ,0262,,https://iiif.dl.itc.u-tokyo.ac.jp/repo/iiif/13f03c76-0fbd-2737-8490-298fd1e84674/manifest,,,,,10
「アメリカ研究振興会箱根会議」,785-[2],"アメリカ研究振興会(American Studies Foundation of Japan, Inc.)",メモ|手書き,日本語,,会議日程メモ,,,99,0152,図書,http://tify.sub.uni-goettingen.de/demo.html?manifest=https://archdataset.dl.itc.u-tokyo.ac.jp/manifest/dab57202-5c88-4dc9-798a-9e32f7ad195b.json,dab57202-5c88-4dc9-798a-9e32f7ad195b,https://iiif.dl.itc.u-tokyo.ac.jp/repo/s/cpas-takagi/,https://iiif.dl.itc.u-tokyo.ac.jp/repo/s/cpas-takagi/document/dab57202-5c88-4dc9-798a-9e32f7ad195b,http://www.cpas.c.u-tokyo.ac.jp/lib/archive_riyo2.html,https://iiif.dl.itc.u-tokyo.ac.jp/repo/files/medium/b1f9f2e2be16be69f9d93435a7d26c24290534ce.jpg,https://iiif.dl.itc.u-tokyo.ac.jp/repo/api/items/710595,"東京大学大学院総合文化研究科グローバル地域研究機構アメリカ太平洋地域研究センター Center for Pacific and American Studies, The University of Tokyo, JAPAN",http://iiif.io/api/presentation/2#rightToLeftDirection,,CPAS高木八尺デジタルアーカイブ,0263,,https://iiif.dl.itc.u-tokyo.ac.jp/repo/iiif/dab57202-5c88-4dc9-798a-9e32f7ad195b/manifest,,,,,1
"""A retrospect of a retiring scholar""",785-[3],"アメリカ研究振興会(American Studies Foundation of Japan, Inc.)",草稿|手書き,英語,,スピーチ草稿・メモ,,,99,0168-0170,図書,http://tify.sub.uni-goettingen.de/demo.html?manifest=https://archdataset.dl.itc.u-tokyo.ac.jp/manifest/06a85826-99d2-583a-73e3-0a41f602530c.json,06a85826-99d2-583a-73e3-0a41f602530c,https://iiif.dl.itc.u-tokyo.ac.jp/repo/s/cpas-takagi/,https://iiif.dl.itc.u-tokyo.ac.jp/repo/s/cpas-takagi/document/06a85826-99d2-583a-73e3-0a41f602530c,http://www.cpas.c.u-tokyo.ac.jp/lib/archive_riyo2.html,https://iiif.dl.itc.u-tokyo.ac.jp/repo/files/medium/b9e7c83055dda86d0e4fdc6988fa447be72722b5.jpg,https://iiif.dl.itc.u-tokyo.ac.jp/repo/api/items/710594,"東京大学大学院総合文化研究科グローバル地域研究機構アメリカ太平洋地域研究センター Center for Pacific and American Studies, The University of Tokyo, JAPAN",,,CPAS高木八尺デジタルアーカイブ,0264,,https://iiif.dl.itc.u-tokyo.ac.jp/repo/iiif/06a85826-99d2-583a-73e3-0a41f602530c/manifest,,,,,3
"""Sigmund Skard""",785-[4],"アメリカ研究振興会(American Studies Foundation of Japan, Inc.)",メモ|手書き,英語,,箱根会議関連メモ,,,99,0242-0244,図書,http://tify.sub.uni-goettingen.de/demo.html?manifest=https://archdataset.dl.itc.u-tokyo.ac.jp/manifest/1da70bea-49f3-299e-16ad-5c4348c62ed8.json,1da70bea-49f3-299e-16ad-5c4348c62ed8,https://iiif.dl.itc.u-tokyo.ac.jp/repo/s/cpas-takagi/,https://iiif.dl.itc.u-tokyo.ac.jp/repo/s/cpas-takagi/document/1da70bea-49f3-299e-16ad-5c4348c62ed8,http://www.cpas.c.u-tokyo.ac.jp/lib/archive_riyo2.html,https://iiif.dl.itc.u-tokyo.ac.jp/repo/files/medium/a84147daede30f369e7b3354da36fa2cc9775d9d.jpg,https://iiif.dl.itc.u-tokyo.ac.jp/repo/api/items/710593,"東京大学大学院総合文化研究科グローバル地域研究機構アメリカ太平洋地域研究センター Center for Pacific and American Studies, The University of Tokyo, JAPAN",,,CPAS高木八尺デジタルアーカイブ,0265,,https://iiif.dl.itc.u-tokyo.ac.jp/repo/iiif/1da70bea-49f3-299e-16ad-5c4348c62ed8/manifest,,,,,3
メモ[Conference on Democratic Ideas関連],789,Conference on Democratic Ideas 1962(箱根にて),メモ|手書き,英語,,,,,99,0489-0492,図書,http://tify.sub.uni-goettingen.de/demo.html?manifest=https://archdataset.dl.itc.u-tokyo.ac.jp/manifest/72a71378-4f41-86c5-5a7e-880e6e818454.json,72a71378-4f41-86c5-5a7e-880e6e818454,https://iiif.dl.itc.u-tokyo.ac.jp/repo/s/cpas-takagi/,https://iiif.dl.itc.u-tokyo.ac.jp/repo/s/cpas-takagi/document/72a71378-4f41-86c5-5a7e-880e6e818454,http://www.cpas.c.u-tokyo.ac.jp/lib/archive_riyo2.html,https://iiif.dl.itc.u-tokyo.ac.jp/repo/files/medium/ab2d801570dcab3bd69c1a6b3ea249f37edd0f27.jpg,https://iiif.dl.itc.u-tokyo.ac.jp/repo/api/items/710592,"東京大学大学院総合文化研究科グローバル地域研究機構アメリカ太平洋地域研究センター Center for Pacific and American Studies, The University of Tokyo, JAPAN",,,CPAS高木八尺デジタルアーカイブ,0266,,https://iiif.dl.itc.u-tokyo.ac.jp/repo/iiif/72a71378-4f41-86c5-5a7e-880e6e818454/manifest,,,,,4
「アメリカ」,857,[原稿「アメリカ」],原稿|手書き,日本語,,『アメリカ』初校 (1948年明善書房刊?),,,,,図書,http://tify.sub.uni-goettingen.de/demo.html?manifest=https://archdataset.dl.itc.u-tokyo.ac.jp/manifest/9e715e96-89cd-473f-2d3a-e5c93a312e09.json,9e715e96-89cd-473f-2d3a-e5c93a312e09,https://iiif.dl.itc.u-tokyo.ac.jp/repo/s/cpas-takagi/,https://iiif.dl.itc.u-tokyo.ac.jp/repo/s/cpas-takagi/document/9e715e96-89cd-473f-2d3a-e5c93a312e09,http://www.cpas.c.u-tokyo.ac.jp/lib/archive_riyo2.html,https://iiif.dl.itc.u-tokyo.ac.jp/repo/files/medium/e9c58502763e80b10a141491d0daab8cae10b7b5.jpg,https://iiif.dl.itc.u-tokyo.ac.jp/repo/api/items/710591,"東京大学大学院総合文化研究科グローバル地域研究機構アメリカ太平洋地域研究センター Center for Pacific and American Studies, The University of Tokyo, JAPAN",http://iiif.io/api/presentation/2#rightToLeftDirection,,CPAS高木八尺デジタルアーカイブ,0267,,https://iiif.dl.itc.u-tokyo.ac.jp/repo/iiif/9e715e96-89cd-473f-2d3a-e5c93a312e09/manifest,,,,,365
「米国憲法略義」,858,[原稿「米国憲法略義」],原稿|手書き,日本語,,有斐閣1947年刊 (米国講座叢書),昭和21年,1946,,,図書,http://tify.sub.uni-goettingen.de/demo.html?manifest=https://archdataset.dl.itc.u-tokyo.ac.jp/manifest/380be8ad-a40b-6642-82ae-acd8ca760ab7.json,380be8ad-a40b-6642-82ae-acd8ca760ab7,https://iiif.dl.itc.u-tokyo.ac.jp/repo/s/cpas-takagi/,https://iiif.dl.itc.u-tokyo.ac.jp/repo/s/cpas-takagi/document/380be8ad-a40b-6642-82ae-acd8ca760ab7,http://www.cpas.c.u-tokyo.ac.jp/lib/archive_riyo2.html,https://iiif.dl.itc.u-tokyo.ac.jp/repo/files/medium/5576bff1e5c8a3f2a4128a6e83571228ff61a68e.jpg,https://iiif.dl.itc.u-tokyo.ac.jp/repo/api/items/710590,"東京大学大学院総合文化研究科グローバル地域研究機構アメリカ太平洋地域研究センター Center for Pacific and American Studies, The University of Tokyo, JAPAN",http://iiif.io/api/presentation/2#rightToLeftDirection,,CPAS高木八尺デジタルアーカイブ,0268,,https://iiif.dl.itc.u-tokyo.ac.jp/repo/iiif/380be8ad-a40b-6642-82ae-acd8ca760ab7/manifest,,,,,209
History 17b: The Relation of California to the Mexican War,859-1,[ノート (Harvard 1919-1920)],ノート|手書き,英語,,課題レポート?,,[1920],,,図書,http://tify.sub.uni-goettingen.de/demo.html?manifest=https://archdataset.dl.itc.u-tokyo.ac.jp/manifest/e50991bb-9586-4f7e-1d34-cae814a01fa6.json,e50991bb-9586-4f7e-1d34-cae814a01fa6,https://iiif.dl.itc.u-tokyo.ac.jp/repo/s/cpas-takagi/,https://iiif.dl.itc.u-tokyo.ac.jp/repo/s/cpas-takagi/document/e50991bb-9586-4f7e-1d34-cae814a01fa6,http://www.cpas.c.u-tokyo.ac.jp/lib/archive_riyo2.html,https://iiif.dl.itc.u-tokyo.ac.jp/repo/files/medium/32c7bf582bb617b21a9120cfc42516ec53ec7b89.jpg,https://iiif.dl.itc.u-tokyo.ac.jp/repo/api/items/710589,"東京大学大学院総合文化研究科グローバル地域研究機構アメリカ太平洋地域研究センター Center for Pacific and American Studies, The University of Tokyo, JAPAN",,,CPAS高木八尺デジタルアーカイブ,0269,,https://iiif.dl.itc.u-tokyo.ac.jp/repo/iiif/e50991bb-9586-4f7e-1d34-cae814a01fa6/manifest,,,,,65
"Harvard, 1920, History 32b, Prof. Channing, 1820-1920",859-2,[ノート (Harvard 1919-1920)],ノート|手書き,英語,,,,1920,,,図書,http://tify.sub.uni-goettingen.de/demo.html?manifest=https://archdataset.dl.itc.u-tokyo.ac.jp/manifest/6986df26-3876-0942-9ba5-70267793953b.json,6986df26-3876-0942-9ba5-70267793953b,https://iiif.dl.itc.u-tokyo.ac.jp/repo/s/cpas-takagi/,https://iiif.dl.itc.u-tokyo.ac.jp/repo/s/cpas-takagi/document/6986df26-3876-0942-9ba5-70267793953b,http://www.cpas.c.u-tokyo.ac.jp/lib/archive_riyo2.html,https://iiif.dl.itc.u-tokyo.ac.jp/repo/files/medium/41e462d097a90a541afc2a1c3bce1d71c010d177.jpg,https://iiif.dl.itc.u-tokyo.ac.jp/repo/api/items/710588,"東京大学大学院総合文化研究科グローバル地域研究機構アメリカ太平洋地域研究センター Center for Pacific and American Studies, The University of Tokyo, JAPAN",,,CPAS高木八尺デジタルアーカイブ,0270,,https://iiif.dl.itc.u-tokyo.ac.jp/repo/iiif/6986df26-3876-0942-9ba5-70267793953b/manifest,,,,,159
"Historical Bibliography, Prof. Haskins. (Hist 25) 1919-1920",859-3,[ノート (Harvard 1919-1920)],ノート|手書き,英語,,,,[1920],,,図書,http://tify.sub.uni-goettingen.de/demo.html?manifest=https://archdataset.dl.itc.u-tokyo.ac.jp/manifest/5b225fa2-8cc3-0f96-4b90-dc3169ea459b.json,5b225fa2-8cc3-0f96-4b90-dc3169ea459b,https://iiif.dl.itc.u-tokyo.ac.jp/repo/s/cpas-takagi/,https://iiif.dl.itc.u-tokyo.ac.jp/repo/s/cpas-takagi/document/5b225fa2-8cc3-0f96-4b90-dc3169ea459b,http://www.cpas.c.u-tokyo.ac.jp/lib/archive_riyo2.html,https://iiif.dl.itc.u-tokyo.ac.jp/repo/files/medium/9504661e6630f2ad6650ddf115ff3a43a773d998.jpg,https://iiif.dl.itc.u-tokyo.ac.jp/repo/api/items/710587,"東京大学大学院総合文化研究科グローバル地域研究機構アメリカ太平洋地域研究センター Center for Pacific and American Studies, The University of Tokyo, JAPAN",,,CPAS高木八尺デジタルアーカイブ,0271,,https://iiif.dl.itc.u-tokyo.ac.jp/repo/iiif/5b225fa2-8cc3-0f96-4b90-dc3169ea459b/manifest,,,,,112
"Economics 2b, Mar. 25 '20",859-4,[ノート (Harvard 1919-1920)],ノート|手書き,英語,,[Blue book exam],,1920,,,図書,http://tify.sub.uni-goettingen.de/demo.html?manifest=https://archdataset.dl.itc.u-tokyo.ac.jp/manifest/83904d23-32d6-44df-2183-68c189f73026.json,83904d23-32d6-44df-2183-68c189f73026,https://iiif.dl.itc.u-tokyo.ac.jp/repo/s/cpas-takagi/,https://iiif.dl.itc.u-tokyo.ac.jp/repo/s/cpas-takagi/document/83904d23-32d6-44df-2183-68c189f73026,http://www.cpas.c.u-tokyo.ac.jp/lib/archive_riyo2.html,https://iiif.dl.itc.u-tokyo.ac.jp/repo/files/medium/c95bd9d2b17428a842f8b43adc4d06cf7fe670e7.jpg,https://iiif.dl.itc.u-tokyo.ac.jp/repo/api/items/710586,"東京大学大学院総合文化研究科グローバル地域研究機構アメリカ太平洋地域研究センター Center for Pacific and American Studies, The University of Tokyo, JAPAN",,,CPAS高木八尺デジタルアーカイブ,0272,,https://iiif.dl.itc.u-tokyo.ac.jp/repo/iiif/83904d23-32d6-44df-2183-68c189f73026/manifest,,,,,7
"Dr. Lincoln's Lecture on Econ. Hist of US (Feb-June '20), Harvard Econ. 2b",859-5,[ノート (Harvard 1919-1920)],ノート|手書き,英語,,,,1920,,,図書,http://tify.sub.uni-goettingen.de/demo.html?manifest=https://archdataset.dl.itc.u-tokyo.ac.jp/manifest/ea6c47c7-030e-57e7-a5d5-4098a68903d6.json,ea6c47c7-030e-57e7-a5d5-4098a68903d6,https://iiif.dl.itc.u-tokyo.ac.jp/repo/s/cpas-takagi/,https://iiif.dl.itc.u-tokyo.ac.jp/repo/s/cpas-takagi/document/ea6c47c7-030e-57e7-a5d5-4098a68903d6,http://www.cpas.c.u-tokyo.ac.jp/lib/archive_riyo2.html,https://iiif.dl.itc.u-tokyo.ac.jp/repo/files/medium/c30f57114579a96da8412f982e872c969e8dff0a.jpg,https://iiif.dl.itc.u-tokyo.ac.jp/repo/api/items/710585,"東京大学大学院総合文化研究科グローバル地域研究機構アメリカ太平洋地域研究センター Center for Pacific and American Studies, The University of Tokyo, JAPAN",,,CPAS高木八尺デジタルアーカイブ,0273,,https://iiif.dl.itc.u-tokyo.ac.jp/repo/iiif/ea6c47c7-030e-57e7-a5d5-4098a68903d6/manifest,,,,,124
Bibliography: The Relation betwween the United States and the Far East,859-6,[ノート (Harvard 1919-1920)],ノート|手書き,英語,,,,1920,,,図書,http://tify.sub.uni-goettingen.de/demo.html?manifest=https://archdataset.dl.itc.u-tokyo.ac.jp/manifest/32969e3f-6486-4103-0614-b1399e9f01bc.json,32969e3f-6486-4103-0614-b1399e9f01bc,https://iiif.dl.itc.u-tokyo.ac.jp/repo/s/cpas-takagi/,https://iiif.dl.itc.u-tokyo.ac.jp/repo/s/cpas-takagi/document/32969e3f-6486-4103-0614-b1399e9f01bc,http://www.cpas.c.u-tokyo.ac.jp/lib/archive_riyo2.html,https://iiif.dl.itc.u-tokyo.ac.jp/repo/files/medium/cbe5382f7db0f349514caf4bd06e60a1e8d53be9.jpg,https://iiif.dl.itc.u-tokyo.ac.jp/repo/api/items/710584,"東京大学大学院総合文化研究科グローバル地域研究機構アメリカ太平洋地域研究センター Center for Pacific and American Studies, The University of Tokyo, JAPAN",,,CPAS高木八尺デジタルアーカイブ,0274,,https://iiif.dl.itc.u-tokyo.ac.jp/repo/iiif/32969e3f-6486-4103-0614-b1399e9f01bc/manifest,,,,,50
"Historical Criticism, Hist 25, Prof. Haskins, 1919-20",859-7,[ノート (Harvard 1919-1920)],ノート|手書き,英語,,,,1920,,,図書,http://tify.sub.uni-goettingen.de/demo.html?manifest=https://archdataset.dl.itc.u-tokyo.ac.jp/manifest/7981ed6c-619d-9ee6-6e65-32bfeeaf5aad.json,7981ed6c-619d-9ee6-6e65-32bfeeaf5aad,https://iiif.dl.itc.u-tokyo.ac.jp/repo/s/cpas-takagi/,https://iiif.dl.itc.u-tokyo.ac.jp/repo/s/cpas-takagi/document/7981ed6c-619d-9ee6-6e65-32bfeeaf5aad,http://www.cpas.c.u-tokyo.ac.jp/lib/archive_riyo2.html,https://iiif.dl.itc.u-tokyo.ac.jp/repo/files/medium/e9ee0ff6a7e20cc3b0b9b36169f6ff5b662b019d.jpg,https://iiif.dl.itc.u-tokyo.ac.jp/repo/api/items/710583,"東京大学大学院総合文化研究科グローバル地域研究機構アメリカ太平洋地域研究センター Center for Pacific and American Studies, The University of Tokyo, JAPAN",,,CPAS高木八尺デジタルアーカイブ,0275,,https://iiif.dl.itc.u-tokyo.ac.jp/repo/iiif/7981ed6c-619d-9ee6-6e65-32bfeeaf5aad/manifest,,,,,80
Field of Economic Hist.,859-8,[ノート (Harvard 1919-1920)],ノート|手書き,英語,,,,,,,図書,http://tify.sub.uni-goettingen.de/demo.html?manifest=https://archdataset.dl.itc.u-tokyo.ac.jp/manifest/b5ddf238-7491-9afc-75d4-22d86e2c1110.json,b5ddf238-7491-9afc-75d4-22d86e2c1110,https://iiif.dl.itc.u-tokyo.ac.jp/repo/s/cpas-takagi/,https://iiif.dl.itc.u-tokyo.ac.jp/repo/s/cpas-takagi/document/b5ddf238-7491-9afc-75d4-22d86e2c1110,http://www.cpas.c.u-tokyo.ac.jp/lib/archive_riyo2.html,https://iiif.dl.itc.u-tokyo.ac.jp/repo/files/medium/da31f14e91de48a16d77d18234389b23057ebef7.jpg,https://iiif.dl.itc.u-tokyo.ac.jp/repo/api/items/710582,"東京大学大学院総合文化研究科グローバル地域研究機構アメリカ太平洋地域研究センター Center for Pacific and American Studies, The University of Tokyo, JAPAN",,,CPAS高木八尺デジタルアーカイブ,0276,,https://iiif.dl.itc.u-tokyo.ac.jp/repo/iiif/b5ddf238-7491-9afc-75d4-22d86e2c1110/manifest,,,,,96
"Franklin's Work in London 1771-1774, History 32a, November 21, 1919",859-9,[ノート (Harvard 1919-1920)],ノート|手書き,英語,,,,1919,,,図書,http://tify.sub.uni-goettingen.de/demo.html?manifest=https://archdataset.dl.itc.u-tokyo.ac.jp/manifest/7d1eb69b-2dc1-1d29-34c6-1960e94885f9.json,7d1eb69b-2dc1-1d29-34c6-1960e94885f9,https://iiif.dl.itc.u-tokyo.ac.jp/repo/s/cpas-takagi/,https://iiif.dl.itc.u-tokyo.ac.jp/repo/s/cpas-takagi/document/7d1eb69b-2dc1-1d29-34c6-1960e94885f9,http://www.cpas.c.u-tokyo.ac.jp/lib/archive_riyo2.html,https://iiif.dl.itc.u-tokyo.ac.jp/repo/files/medium/1e99c66da0e69ec347f880cc8782ea3427c0426f.jpg,https://iiif.dl.itc.u-tokyo.ac.jp/repo/api/items/710581,"東京大学大学院総合文化研究科グローバル地域研究機構アメリカ太平洋地域研究センター Center for Pacific and American Studies, The University of Tokyo, JAPAN",,,CPAS高木八尺デジタルアーカイブ,0277,,https://iiif.dl.itc.u-tokyo.ac.jp/repo/iiif/7d1eb69b-2dc1-1d29-34c6-1960e94885f9/manifest,,,,,21
"Dr. Lincoln's lecture on Econ. Hist of Eur. + U. S., Harvard Summer School 1920",859-10,[ノート (Harvard 1919-1920)],ノート|手書き,英語,,,,,,,図書,http://tify.sub.uni-goettingen.de/demo.html?manifest=https://archdataset.dl.itc.u-tokyo.ac.jp/manifest/e3ea9d97-2602-100f-2400-29cfb1d1a113.json,e3ea9d97-2602-100f-2400-29cfb1d1a113,https://iiif.dl.itc.u-tokyo.ac.jp/repo/s/cpas-takagi/,https://iiif.dl.itc.u-tokyo.ac.jp/repo/s/cpas-takagi/document/e3ea9d97-2602-100f-2400-29cfb1d1a113,http://www.cpas.c.u-tokyo.ac.jp/lib/archive_riyo2.html,https://iiif.dl.itc.u-tokyo.ac.jp/repo/files/medium/8260506fe52b314790e49f546d44de26b8a04b2b.jpg,https://iiif.dl.itc.u-tokyo.ac.jp/repo/api/items/710580,"東京大学大学院総合文化研究科グローバル地域研究機構アメリカ太平洋地域研究センター Center for Pacific and American Studies, The University of Tokyo, JAPAN",,,CPAS高木八尺デジタルアーカイブ,0278,,https://iiif.dl.itc.u-tokyo.ac.jp/repo/iiif/e3ea9d97-2602-100f-2400-29cfb1d1a113/manifest,,,,,2
"First Week, Hobson, Evolution of Modern Capitalism, 1902, 10-81",859-11,[ノート (Harvard 1919-1920)],ノート|手書き,英語,,,,,,,図書,http://tify.sub.uni-goettingen.de/demo.html?manifest=https://archdataset.dl.itc.u-tokyo.ac.jp/manifest/54d8ce38-8382-537d-4d3f-e68dfc456c3b.json,54d8ce38-8382-537d-4d3f-e68dfc456c3b,https://iiif.dl.itc.u-tokyo.ac.jp/repo/s/cpas-takagi/,https://iiif.dl.itc.u-tokyo.ac.jp/repo/s/cpas-takagi/document/54d8ce38-8382-537d-4d3f-e68dfc456c3b,http://www.cpas.c.u-tokyo.ac.jp/lib/archive_riyo2.html,https://iiif.dl.itc.u-tokyo.ac.jp/repo/files/medium/a5e0ecf023658758c244108f8314b98de586d436.jpg,https://iiif.dl.itc.u-tokyo.ac.jp/repo/api/items/710579,"東京大学大学院総合文化研究科グローバル地域研究機構アメリカ太平洋地域研究センター Center for Pacific and American Studies, The University of Tokyo, JAPAN",,,CPAS高木八尺デジタルアーカイブ,0279,,https://iiif.dl.itc.u-tokyo.ac.jp/repo/iiif/54d8ce38-8382-537d-4d3f-e68dfc456c3b/manifest,,,,,10
"Reading Notes for Ec. 2, Summer School 1920",859-12,[ノート (Harvard 1919-1920)],ノート|手書き,英語,,,,1920,,,図書,http://tify.sub.uni-goettingen.de/demo.html?manifest=https://archdataset.dl.itc.u-tokyo.ac.jp/manifest/1ff5e8f2-8a09-5929-1a17-d0456060a3e2.json,1ff5e8f2-8a09-5929-1a17-d0456060a3e2,https://iiif.dl.itc.u-tokyo.ac.jp/repo/s/cpas-takagi/,https://iiif.dl.itc.u-tokyo.ac.jp/repo/s/cpas-takagi/document/1ff5e8f2-8a09-5929-1a17-d0456060a3e2,http://www.cpas.c.u-tokyo.ac.jp/lib/archive_riyo2.html,https://iiif.dl.itc.u-tokyo.ac.jp/repo/files/medium/0553da8433ecc0c8e3feef403a0c94e4aa1bdec1.jpg,https://iiif.dl.itc.u-tokyo.ac.jp/repo/api/items/710578,"東京大学大学院総合文化研究科グローバル地域研究機構アメリカ太平洋地域研究センター Center for Pacific and American Studies, The University of Tokyo, JAPAN",,,CPAS高木八尺デジタルアーカイブ,0280,,https://iiif.dl.itc.u-tokyo.ac.jp/repo/iiif/1ff5e8f2-8a09-5929-1a17-d0456060a3e2/manifest,,,,,76
"US in Pacific + Far East, Turner",859-13,[ノート (Harvard 1919-1920)],ノート|手書き,英語,The Relations of the U. S. in the Paific and the Far East,,,[1920],,,図書,http://tify.sub.uni-goettingen.de/demo.html?manifest=https://archdataset.dl.itc.u-tokyo.ac.jp/manifest/3c25c586-2bad-4139-881d-6ffe078c83a7.json,3c25c586-2bad-4139-881d-6ffe078c83a7,https://iiif.dl.itc.u-tokyo.ac.jp/repo/s/cpas-takagi/,https://iiif.dl.itc.u-tokyo.ac.jp/repo/s/cpas-takagi/document/3c25c586-2bad-4139-881d-6ffe078c83a7,http://www.cpas.c.u-tokyo.ac.jp/lib/archive_riyo2.html,https://iiif.dl.itc.u-tokyo.ac.jp/repo/files/medium/3d4cca91c0ef2bcb73751652054ba776f10a8b7a.jpg,https://iiif.dl.itc.u-tokyo.ac.jp/repo/api/items/710577,"東京大学大学院総合文化研究科グローバル地域研究機構アメリカ太平洋地域研究センター Center for Pacific and American Studies, The University of Tokyo, JAPAN",,,CPAS高木八尺デジタルアーカイブ,0281,,https://iiif.dl.itc.u-tokyo.ac.jp/repo/iiif/3c25c586-2bad-4139-881d-6ffe078c83a7/manifest,,,,,57
"""The Attitude of the West toward the Pre-emption Act of 1841"" (History 17a)",859-14,[ノート (Harvard 1919-1920)],ノート|手書き,英語,,,,,,,図書,http://tify.sub.uni-goettingen.de/demo.html?manifest=https://archdataset.dl.itc.u-tokyo.ac.jp/manifest/4970d2e2-462d-75db-00cd-ca269643414a.json,4970d2e2-462d-75db-00cd-ca269643414a,https://iiif.dl.itc.u-tokyo.ac.jp/repo/s/cpas-takagi/,https://iiif.dl.itc.u-tokyo.ac.jp/repo/s/cpas-takagi/document/4970d2e2-462d-75db-00cd-ca269643414a,http://www.cpas.c.u-tokyo.ac.jp/lib/archive_riyo2.html,https://iiif.dl.itc.u-tokyo.ac.jp/repo/files/medium/b7aefad628ef1cfeca07872b92ff4b8eb2407760.jpg,https://iiif.dl.itc.u-tokyo.ac.jp/repo/api/items/710576,"東京大学大学院総合文化研究科グローバル地域研究機構アメリカ太平洋地域研究センター Center for Pacific and American Studies, The University of Tokyo, JAPAN",,,CPAS高木八尺デジタルアーカイブ,0282,,https://iiif.dl.itc.u-tokyo.ac.jp/repo/iiif/4970d2e2-462d-75db-00cd-ca269643414a/manifest,,,,,81
"""Marco Polo's Book concerning the Kingdoms and Marvels of the East"" (History 25)",859-15,[ノート (Harvard 1919-1920)],文書|タイプ,英語,,課題レポート?,,,,,図書,http://tify.sub.uni-goettingen.de/demo.html?manifest=https://archdataset.dl.itc.u-tokyo.ac.jp/manifest/e426dbe0-63b0-2795-8e95-3b690da74f6f.json,e426dbe0-63b0-2795-8e95-3b690da74f6f,https://iiif.dl.itc.u-tokyo.ac.jp/repo/s/cpas-takagi/,https://iiif.dl.itc.u-tokyo.ac.jp/repo/s/cpas-takagi/document/e426dbe0-63b0-2795-8e95-3b690da74f6f,http://www.cpas.c.u-tokyo.ac.jp/lib/archive_riyo2.html,https://iiif.dl.itc.u-tokyo.ac.jp/repo/files/medium/26815faebbdbaba124018b0dc55062dfc759272a.jpg,https://iiif.dl.itc.u-tokyo.ac.jp/repo/api/items/710575,"東京大学大学院総合文化研究科グローバル地域研究機構アメリカ太平洋地域研究センター Center for Pacific and American Studies, The University of Tokyo, JAPAN",,,CPAS高木八尺デジタルアーカイブ,0283,,https://iiif.dl.itc.u-tokyo.ac.jp/repo/iiif/e426dbe0-63b0-2795-8e95-3b690da74f6f/manifest,,,,,9
「米国政治史序説」目次、序,860-1,[原稿「米国政治史序説」],原稿|手書き,日本語,,有斐閣1931年刊 (米国講座叢書),[昭和6年],[1931],,,図書,http://tify.sub.uni-goettingen.de/demo.html?manifest=https://archdataset.dl.itc.u-tokyo.ac.jp/manifest/b7201776-7fbe-12d3-5295-ec1206153e6b.json,b7201776-7fbe-12d3-5295-ec1206153e6b,https://iiif.dl.itc.u-tokyo.ac.jp/repo/s/cpas-takagi/,https://iiif.dl.itc.u-tokyo.ac.jp/repo/s/cpas-takagi/document/b7201776-7fbe-12d3-5295-ec1206153e6b,http://www.cpas.c.u-tokyo.ac.jp/lib/archive_riyo2.html,https://iiif.dl.itc.u-tokyo.ac.jp/repo/files/medium/de75b7e346e40e410c69a355cc5e35754b4232d2.jpg,https://iiif.dl.itc.u-tokyo.ac.jp/repo/api/items/710574,"東京大学大学院総合文化研究科グローバル地域研究機構アメリカ太平洋地域研究センター Center for Pacific and American Studies, The University of Tokyo, JAPAN",http://iiif.io/api/presentation/2#rightToLeftDirection,,CPAS高木八尺デジタルアーカイブ,0284,,https://iiif.dl.itc.u-tokyo.ac.jp/repo/iiif/b7201776-7fbe-12d3-5295-ec1206153e6b/manifest,,,,,30
「米国政治史序説」序説、第一章,860-2,[原稿「米国政治史序説」],原稿|手書き,日本語,「第一章 北米に於ける植民の起源」,有斐閣1931年刊 (米国講座叢書),[昭和6年],[1931],,,図書,http://tify.sub.uni-goettingen.de/demo.html?manifest=https://archdataset.dl.itc.u-tokyo.ac.jp/manifest/a7e9e754-0e42-2ab7-396e-fd94b77b14f4.json,a7e9e754-0e42-2ab7-396e-fd94b77b14f4,https://iiif.dl.itc.u-tokyo.ac.jp/repo/s/cpas-takagi/,https://iiif.dl.itc.u-tokyo.ac.jp/repo/s/cpas-takagi/document/a7e9e754-0e42-2ab7-396e-fd94b77b14f4,http://www.cpas.c.u-tokyo.ac.jp/lib/archive_riyo2.html,https://iiif.dl.itc.u-tokyo.ac.jp/repo/files/medium/3813d00f3aa249ae40d5a186732e5f4e98b7a129.jpg,https://iiif.dl.itc.u-tokyo.ac.jp/repo/api/items/710573,"東京大学大学院総合文化研究科グローバル地域研究機構アメリカ太平洋地域研究センター Center for Pacific and American Studies, The University of Tokyo, JAPAN",http://iiif.io/api/presentation/2#rightToLeftDirection,,CPAS高木八尺デジタルアーカイブ,0285,,https://iiif.dl.itc.u-tokyo.ac.jp/repo/iiif/a7e9e754-0e42-2ab7-396e-fd94b77b14f4/manifest,,,,,228
「米国政治史序説」第二章,860-3,[原稿「米国政治史序説」],原稿|手書き,日本語,「第二章 革命前に於ける北米英国植民地の状態」,有斐閣1931年刊 (米国講座叢書),[昭和6年],[1931],,,図書,http://tify.sub.uni-goettingen.de/demo.html?manifest=https://archdataset.dl.itc.u-tokyo.ac.jp/manifest/c603b6aa-478e-4b11-a43c-695bcd3832a7.json,c603b6aa-478e-4b11-a43c-695bcd3832a7,https://iiif.dl.itc.u-tokyo.ac.jp/repo/s/cpas-takagi/,https://iiif.dl.itc.u-tokyo.ac.jp/repo/s/cpas-takagi/document/c603b6aa-478e-4b11-a43c-695bcd3832a7,http://www.cpas.c.u-tokyo.ac.jp/lib/archive_riyo2.html,https://iiif.dl.itc.u-tokyo.ac.jp/repo/files/medium/e53a667826e349a32f50abd350d90f52cf74aa25.jpg,https://iiif.dl.itc.u-tokyo.ac.jp/repo/api/items/710572,"東京大学大学院総合文化研究科グローバル地域研究機構アメリカ太平洋地域研究センター Center for Pacific and American Studies, The University of Tokyo, JAPAN",http://iiif.io/api/presentation/2#rightToLeftDirection,,CPAS高木八尺デジタルアーカイブ,0286,,https://iiif.dl.itc.u-tokyo.ac.jp/repo/iiif/c603b6aa-478e-4b11-a43c-695bcd3832a7/manifest,,,,,148
「米国政治史序説」第三章,860-4,[原稿「米国政治史序説」],原稿|手書き,日本語,「第三章 米国革命」,有斐閣1931年刊 (米国講座叢書),[昭和6年],[1931],,,図書,http://tify.sub.uni-goettingen.de/demo.html?manifest=https://archdataset.dl.itc.u-tokyo.ac.jp/manifest/afa3e70f-0b2f-0ad7-4187-f1e75d7a8c5b.json,afa3e70f-0b2f-0ad7-4187-f1e75d7a8c5b,https://iiif.dl.itc.u-tokyo.ac.jp/repo/s/cpas-takagi/,https://iiif.dl.itc.u-tokyo.ac.jp/repo/s/cpas-takagi/document/afa3e70f-0b2f-0ad7-4187-f1e75d7a8c5b,http://www.cpas.c.u-tokyo.ac.jp/lib/archive_riyo2.html,https://iiif.dl.itc.u-tokyo.ac.jp/repo/files/medium/a105de1d224f5f025902cb65d8c1f276b2a41d9e.jpg,https://iiif.dl.itc.u-tokyo.ac.jp/repo/api/items/710571,"東京大学大学院総合文化研究科グローバル地域研究機構アメリカ太平洋地域研究センター Center for Pacific and American Studies, The University of Tokyo, JAPAN",http://iiif.io/api/presentation/2#rightToLeftDirection,,CPAS高木八尺デジタルアーカイブ,0287,,https://iiif.dl.itc.u-tokyo.ac.jp/repo/iiif/afa3e70f-0b2f-0ad7-4187-f1e75d7a8c5b/manifest,,,,,228
「米国政治史序説」第四章,860-5,[原稿「米国政治史序説」],原稿|手書き,日本語,「第四章 合衆国憲法」,有斐閣1931年刊 (米国講座叢書),[昭和6年],[1931],,,図書,http://tify.sub.uni-goettingen.de/demo.html?manifest=https://archdataset.dl.itc.u-tokyo.ac.jp/manifest/563336e3-0662-2d94-587a-aca5271e282f.json,563336e3-0662-2d94-587a-aca5271e282f,https://iiif.dl.itc.u-tokyo.ac.jp/repo/s/cpas-takagi/,https://iiif.dl.itc.u-tokyo.ac.jp/repo/s/cpas-takagi/document/563336e3-0662-2d94-587a-aca5271e282f,http://www.cpas.c.u-tokyo.ac.jp/lib/archive_riyo2.html,https://iiif.dl.itc.u-tokyo.ac.jp/repo/files/medium/9e45b45c0b476ae48aed60acc50a3717991fc09d.jpg,https://iiif.dl.itc.u-tokyo.ac.jp/repo/api/items/710570,"東京大学大学院総合文化研究科グローバル地域研究機構アメリカ太平洋地域研究センター Center for Pacific and American Studies, The University of Tokyo, JAPAN",http://iiif.io/api/presentation/2#rightToLeftDirection,,CPAS高木八尺デジタルアーカイブ,0288,,https://iiif.dl.itc.u-tokyo.ac.jp/repo/iiif/563336e3-0662-2d94-587a-aca5271e282f/manifest,,,,,214
「エイブラハム・リンコーン」,861-1,[原稿「エイブラハム・リンコーン」他],原稿|手書き,日本語,,,昭和22年8月,1947.8,,,図書,http://tify.sub.uni-goettingen.de/demo.html?manifest=https://archdataset.dl.itc.u-tokyo.ac.jp/manifest/0fb9b511-909f-4b50-26c9-74df75567b7e.json,0fb9b511-909f-4b50-26c9-74df75567b7e,https://iiif.dl.itc.u-tokyo.ac.jp/repo/s/cpas-takagi/,https://iiif.dl.itc.u-tokyo.ac.jp/repo/s/cpas-takagi/document/0fb9b511-909f-4b50-26c9-74df75567b7e,http://www.cpas.c.u-tokyo.ac.jp/lib/archive_riyo2.html,https://iiif.dl.itc.u-tokyo.ac.jp/repo/files/medium/733afe13beb25f437fe5b5c5de6656971d3a2965.jpg,https://iiif.dl.itc.u-tokyo.ac.jp/repo/api/items/710569,"東京大学大学院総合文化研究科グローバル地域研究機構アメリカ太平洋地域研究センター Center for Pacific and American Studies, The University of Tokyo, JAPAN",http://iiif.io/api/presentation/2#rightToLeftDirection,,CPAS高木八尺デジタルアーカイブ,0289,,https://iiif.dl.itc.u-tokyo.ac.jp/repo/iiif/0fb9b511-909f-4b50-26c9-74df75567b7e/manifest,,,,,72
「アメリカ」序,861-2,[原稿「エイブラハム・リンコーン」他],原稿|手書き,日本語,,『アメリカ』序文 (1948年明善書房刊?),昭和23年7月,1948.7,,,図書,http://tify.sub.uni-goettingen.de/demo.html?manifest=https://archdataset.dl.itc.u-tokyo.ac.jp/manifest/a25842d7-952c-614d-a258-be03ee28131e.json,a25842d7-952c-614d-a258-be03ee28131e,https://iiif.dl.itc.u-tokyo.ac.jp/repo/s/cpas-takagi/,https://iiif.dl.itc.u-tokyo.ac.jp/repo/s/cpas-takagi/document/a25842d7-952c-614d-a258-be03ee28131e,http://www.cpas.c.u-tokyo.ac.jp/lib/archive_riyo2.html,https://iiif.dl.itc.u-tokyo.ac.jp/repo/files/medium/4e9b96e980a69376978ba78cf477aae4dfe97913.jpg,https://iiif.dl.itc.u-tokyo.ac.jp/repo/api/items/710568,"東京大学大学院総合文化研究科グローバル地域研究機構アメリカ太平洋地域研究センター Center for Pacific and American Studies, The University of Tokyo, JAPAN",http://iiif.io/api/presentation/2#rightToLeftDirection,,CPAS高木八尺デジタルアーカイブ,0290,,https://iiif.dl.itc.u-tokyo.ac.jp/repo/iiif/a25842d7-952c-614d-a258-be03ee28131e/manifest,,,,,6
「アメリカ」再校,861-3,[原稿「エイブラハム・リンコーン」他],原稿|印刷,日本語,,『アメリカ』校正刷 (1948年明善書房刊?),[昭和23年],[1948],,,図書,http://tify.sub.uni-goettingen.de/demo.html?manifest=https://archdataset.dl.itc.u-tokyo.ac.jp/manifest/9cb3fc96-105e-5997-622f-0fd5983927d7.json,9cb3fc96-105e-5997-622f-0fd5983927d7,https://iiif.dl.itc.u-tokyo.ac.jp/repo/s/cpas-takagi/,https://iiif.dl.itc.u-tokyo.ac.jp/repo/s/cpas-takagi/document/9cb3fc96-105e-5997-622f-0fd5983927d7,http://www.cpas.c.u-tokyo.ac.jp/lib/archive_riyo2.html,https://iiif.dl.itc.u-tokyo.ac.jp/repo/files/medium/e3c640744ed2fb13fabc26cd5de49efbc157190f.jpg,https://iiif.dl.itc.u-tokyo.ac.jp/repo/api/items/710567,"東京大学大学院総合文化研究科グローバル地域研究機構アメリカ太平洋地域研究センター Center for Pacific and American Studies, The University of Tokyo, JAPAN",http://iiif.io/api/presentation/2#rightToLeftDirection,,CPAS高木八尺デジタルアーカイブ,0291,,https://iiif.dl.itc.u-tokyo.ac.jp/repo/iiif/9cb3fc96-105e-5997-622f-0fd5983927d7/manifest,,,,,92
「ダレス『太平洋に於る米国』及びウェーア『極東に於る実業と政治』」,861-4,[原稿「エイブラハム・リンコーン」他],原稿|手書き,日本語,,国家学会雑誌第46巻12号,[昭和7年],[1932],,,図書,http://tify.sub.uni-goettingen.de/demo.html?manifest=https://archdataset.dl.itc.u-tokyo.ac.jp/manifest/a0729ce9-1737-5842-7c91-484b4bffa686.json,a0729ce9-1737-5842-7c91-484b4bffa686,https://iiif.dl.itc.u-tokyo.ac.jp/repo/s/cpas-takagi/,https://iiif.dl.itc.u-tokyo.ac.jp/repo/s/cpas-takagi/document/a0729ce9-1737-5842-7c91-484b4bffa686,http://www.cpas.c.u-tokyo.ac.jp/lib/archive_riyo2.html,https://iiif.dl.itc.u-tokyo.ac.jp/repo/files/medium/d8d86063d0e87436c4b82c6e50d055cd53535013.jpg,https://iiif.dl.itc.u-tokyo.ac.jp/repo/api/items/710566,"東京大学大学院総合文化研究科グローバル地域研究機構アメリカ太平洋地域研究センター Center for Pacific and American Studies, The University of Tokyo, JAPAN",http://iiif.io/api/presentation/2#rightToLeftDirection,,CPAS高木八尺デジタルアーカイブ,0292,,https://iiif.dl.itc.u-tokyo.ac.jp/repo/iiif/a0729ce9-1737-5842-7c91-484b4bffa686/manifest,,,,,50
「立作太郎 『米国外交上の諸主義』(昭和17年)」,861-5,[原稿「エイブラハム・リンコーン」他],原稿|手書き,日本語,,国家学会紹介,[昭和17年],[1942],,,図書,http://tify.sub.uni-goettingen.de/demo.html?manifest=https://archdataset.dl.itc.u-tokyo.ac.jp/manifest/4ce8ac2f-8f85-9494-2b5d-a0a3f6ac21b5.json,4ce8ac2f-8f85-9494-2b5d-a0a3f6ac21b5,https://iiif.dl.itc.u-tokyo.ac.jp/repo/s/cpas-takagi/,https://iiif.dl.itc.u-tokyo.ac.jp/repo/s/cpas-takagi/document/4ce8ac2f-8f85-9494-2b5d-a0a3f6ac21b5,http://www.cpas.c.u-tokyo.ac.jp/lib/archive_riyo2.html,https://iiif.dl.itc.u-tokyo.ac.jp/repo/files/medium/8da6140d3fd7607f4464959f480491d279f8b6fd.jpg,https://iiif.dl.itc.u-tokyo.ac.jp/repo/api/items/710565,"東京大学大学院総合文化研究科グローバル地域研究機構アメリカ太平洋地域研究センター Center for Pacific and American Studies, The University of Tokyo, JAPAN",http://iiif.io/api/presentation/2#rightToLeftDirection,,CPAS高木八尺デジタルアーカイブ,0293,,https://iiif.dl.itc.u-tokyo.ac.jp/repo/iiif/4ce8ac2f-8f85-9494-2b5d-a0a3f6ac21b5/manifest,,,,,21
「ベミス『合衆国外交史』」,861-6,[原稿「エイブラハム・リンコーン」他],原稿|手書き,日本語,,国家学会雑誌第51巻9号(1937年)紹介,[昭和12年],[1937],,,図書,http://tify.sub.uni-goettingen.de/demo.html?manifest=https://archdataset.dl.itc.u-tokyo.ac.jp/manifest/4c2b849d-6c6c-a701-60f0-3524c3758b8b.json,4c2b849d-6c6c-a701-60f0-3524c3758b8b,https://iiif.dl.itc.u-tokyo.ac.jp/repo/s/cpas-takagi/,https://iiif.dl.itc.u-tokyo.ac.jp/repo/s/cpas-takagi/document/4c2b849d-6c6c-a701-60f0-3524c3758b8b,http://www.cpas.c.u-tokyo.ac.jp/lib/archive_riyo2.html,https://iiif.dl.itc.u-tokyo.ac.jp/repo/files/medium/f8a2d9c15ddc9593c1bb8d6896625db0c061fad3.jpg,https://iiif.dl.itc.u-tokyo.ac.jp/repo/api/items/710564,"東京大学大学院総合文化研究科グローバル地域研究機構アメリカ太平洋地域研究センター Center for Pacific and American Studies, The University of Tokyo, JAPAN",http://iiif.io/api/presentation/2#rightToLeftDirection,,CPAS高木八尺デジタルアーカイブ,0294,,https://iiif.dl.itc.u-tokyo.ac.jp/repo/iiif/4c2b849d-6c6c-a701-60f0-3524c3758b8b/manifest,,,,,19
「東京政治経済研究所『世界と日本』(対恐慌工作裡の政治経済『年誌』)」,861-7,[原稿「エイブラハム・リンコーン」他],原稿|手書き,日本語,,国家学会紹介,[昭和9年],[1934],,,図書,http://tify.sub.uni-goettingen.de/demo.html?manifest=https://archdataset.dl.itc.u-tokyo.ac.jp/manifest/5b440965-251f-0891-8f6e-d8fd25e0088c.json,5b440965-251f-0891-8f6e-d8fd25e0088c,https://iiif.dl.itc.u-tokyo.ac.jp/repo/s/cpas-takagi/,https://iiif.dl.itc.u-tokyo.ac.jp/repo/s/cpas-takagi/document/5b440965-251f-0891-8f6e-d8fd25e0088c,http://www.cpas.c.u-tokyo.ac.jp/lib/archive_riyo2.html,https://iiif.dl.itc.u-tokyo.ac.jp/repo/files/medium/4176882f7e66a42d6a35b8916b74a2348e004304.jpg,https://iiif.dl.itc.u-tokyo.ac.jp/repo/api/items/710563,"東京大学大学院総合文化研究科グローバル地域研究機構アメリカ太平洋地域研究センター Center for Pacific and American Studies, The University of Tokyo, JAPAN",http://iiif.io/api/presentation/2#rightToLeftDirection,,CPAS高木八尺デジタルアーカイブ,0295,,https://iiif.dl.itc.u-tokyo.ac.jp/repo/iiif/5b440965-251f-0891-8f6e-d8fd25e0088c/manifest,,,,,13
「東京政治経済研究所『世界政治経済年鑑』(昭和6年)」,861-8,[原稿「エイブラハム・リンコーン」他],原稿|手書き,日本語,,国家学会紹介,昭和6年,1931,,,図書,http://tify.sub.uni-goettingen.de/demo.html?manifest=https://archdataset.dl.itc.u-tokyo.ac.jp/manifest/8782b040-827e-627f-4b8e-0762ca00934d.json,8782b040-827e-627f-4b8e-0762ca00934d,https://iiif.dl.itc.u-tokyo.ac.jp/repo/s/cpas-takagi/,https://iiif.dl.itc.u-tokyo.ac.jp/repo/s/cpas-takagi/document/8782b040-827e-627f-4b8e-0762ca00934d,http://www.cpas.c.u-tokyo.ac.jp/lib/archive_riyo2.html,https://iiif.dl.itc.u-tokyo.ac.jp/repo/files/medium/d907ba685aa6e8e6fe56c90092eb77e6826349dc.jpg,https://iiif.dl.itc.u-tokyo.ac.jp/repo/api/items/710562,"東京大学大学院総合文化研究科グローバル地域研究機構アメリカ太平洋地域研究センター Center for Pacific and American Studies, The University of Tokyo, JAPAN",http://iiif.io/api/presentation/2#rightToLeftDirection,,CPAS高木八尺デジタルアーカイブ,0296,,https://iiif.dl.itc.u-tokyo.ac.jp/repo/iiif/8782b040-827e-627f-4b8e-0762ca00934d/manifest,,,,,14
"「Andre Siegfried, 『現代米国論』 America Comes of Age, 1927」",861-9,[原稿「エイブラハム・リンコーン」他],原稿|手書き,日本語,,国家学会紹介(国家学会雑誌第42巻第4号),[昭和3年],[1928],,,図書,http://tify.sub.uni-goettingen.de/demo.html?manifest=https://archdataset.dl.itc.u-tokyo.ac.jp/manifest/47df5566-240c-292b-0d0c-5e41272b5a7d.json,47df5566-240c-292b-0d0c-5e41272b5a7d,https://iiif.dl.itc.u-tokyo.ac.jp/repo/s/cpas-takagi/,https://iiif.dl.itc.u-tokyo.ac.jp/repo/s/cpas-takagi/document/47df5566-240c-292b-0d0c-5e41272b5a7d,http://www.cpas.c.u-tokyo.ac.jp/lib/archive_riyo2.html,https://iiif.dl.itc.u-tokyo.ac.jp/repo/files/medium/85e745e38ab88868687eee2208c3396400a84ecf.jpg,https://iiif.dl.itc.u-tokyo.ac.jp/repo/api/items/710561,"東京大学大学院総合文化研究科グローバル地域研究機構アメリカ太平洋地域研究センター Center for Pacific and American Studies, The University of Tokyo, JAPAN",http://iiif.io/api/presentation/2#rightToLeftDirection,,CPAS高木八尺デジタルアーカイブ,0297,,https://iiif.dl.itc.u-tokyo.ac.jp/repo/iiif/47df5566-240c-292b-0d0c-5e41272b5a7d/manifest,,,,,53
「北米合衆国」,861-10,[原稿「エイブラハム・リンコーン」他],原稿|手書き,日本語,「1. 国内政治概観」|「2. 大統領選挙」,「国家学会特集第7」,,,,,図書,http://tify.sub.uni-goettingen.de/demo.html?manifest=https://archdataset.dl.itc.u-tokyo.ac.jp/manifest/9c3e4053-12d3-768d-3745-fb6942512fa6.json,9c3e4053-12d3-768d-3745-fb6942512fa6,https://iiif.dl.itc.u-tokyo.ac.jp/repo/s/cpas-takagi/,https://iiif.dl.itc.u-tokyo.ac.jp/repo/s/cpas-takagi/document/9c3e4053-12d3-768d-3745-fb6942512fa6,http://www.cpas.c.u-tokyo.ac.jp/lib/archive_riyo2.html,https://iiif.dl.itc.u-tokyo.ac.jp/repo/files/medium/e031d6e4564e85f0ffd733d2295fd9a33c1c5d85.jpg,https://iiif.dl.itc.u-tokyo.ac.jp/repo/api/items/710560,"東京大学大学院総合文化研究科グローバル地域研究機構アメリカ太平洋地域研究センター Center for Pacific and American Studies, The University of Tokyo, JAPAN",http://iiif.io/api/presentation/2#rightToLeftDirection,,CPAS高木八尺デジタルアーカイブ,0298,,https://iiif.dl.itc.u-tokyo.ac.jp/repo/iiif/9c3e4053-12d3-768d-3745-fb6942512fa6/manifest,,,,,55
「北米合衆国」,861-11,[原稿「エイブラハム・リンコーン」他],原稿|印刷,日本語,,校正刷 (国家学会雑誌第56巻第1号),[昭和17年],[1942],,,図書,http://tify.sub.uni-goettingen.de/demo.html?manifest=https://archdataset.dl.itc.u-tokyo.ac.jp/manifest/39685433-6fb0-8a85-723a-bb2181862e12.json,39685433-6fb0-8a85-723a-bb2181862e12,https://iiif.dl.itc.u-tokyo.ac.jp/repo/s/cpas-takagi/,https://iiif.dl.itc.u-tokyo.ac.jp/repo/s/cpas-takagi/document/39685433-6fb0-8a85-723a-bb2181862e12,http://www.cpas.c.u-tokyo.ac.jp/lib/archive_riyo2.html,https://iiif.dl.itc.u-tokyo.ac.jp/repo/files/medium/5283a56d62af1ed7ced70d7aa230c7a888cca5f0.jpg,https://iiif.dl.itc.u-tokyo.ac.jp/repo/api/items/710559,"東京大学大学院総合文化研究科グローバル地域研究機構アメリカ太平洋地域研究センター Center for Pacific and American Studies, The University of Tokyo, JAPAN",http://iiif.io/api/presentation/2#rightToLeftDirection,,CPAS高木八尺デジタルアーカイブ,0299,,https://iiif.dl.itc.u-tokyo.ac.jp/repo/iiif/39685433-6fb0-8a85-723a-bb2181862e12/manifest,,,,,11
「米国復興計画の概観」,861-12,[原稿「エイブラハム・リンコーン」他],原稿|印刷,日本語,,校正刷 (国家学会雑誌第48巻第6号),[昭和9年],[1934],,,図書,http://tify.sub.uni-goettingen.de/demo.html?manifest=https://archdataset.dl.itc.u-tokyo.ac.jp/manifest/b1521ab2-676c-71ff-4e95-06bd2dbc4cf3.json,b1521ab2-676c-71ff-4e95-06bd2dbc4cf3,https://iiif.dl.itc.u-tokyo.ac.jp/repo/s/cpas-takagi/,https://iiif.dl.itc.u-tokyo.ac.jp/repo/s/cpas-takagi/document/b1521ab2-676c-71ff-4e95-06bd2dbc4cf3,http://www.cpas.c.u-tokyo.ac.jp/lib/archive_riyo2.html,https://iiif.dl.itc.u-tokyo.ac.jp/repo/files/medium/29a8c097f5da93a8e01419b5be506ab0166d5501.jpg,https://iiif.dl.itc.u-tokyo.ac.jp/repo/api/items/710558,"東京大学大学院総合文化研究科グローバル地域研究機構アメリカ太平洋地域研究センター Center for Pacific and American Studies, The University of Tokyo, JAPAN",http://iiif.io/api/presentation/2#rightToLeftDirection,,CPAS高木八尺デジタルアーカイブ,0300,,https://iiif.dl.itc.u-tokyo.ac.jp/repo/iiif/b1521ab2-676c-71ff-4e95-06bd2dbc4cf3/manifest,,,,,10
「N・R・A・違憲問題の史的考察」,861-13,[原稿「エイブラハム・リンコーン」他],原稿|印刷,日本語,,校正刷 (野村教授還暦祝賀『公法政治論集』),[昭和13年],[1938],,,図書,http://tify.sub.uni-goettingen.de/demo.html?manifest=https://archdataset.dl.itc.u-tokyo.ac.jp/manifest/f6fde72b-2774-1917-21b2-1abca9675ddb.json,f6fde72b-2774-1917-21b2-1abca9675ddb,https://iiif.dl.itc.u-tokyo.ac.jp/repo/s/cpas-takagi/,https://iiif.dl.itc.u-tokyo.ac.jp/repo/s/cpas-takagi/document/f6fde72b-2774-1917-21b2-1abca9675ddb,http://www.cpas.c.u-tokyo.ac.jp/lib/archive_riyo2.html,https://iiif.dl.itc.u-tokyo.ac.jp/repo/files/medium/b12cc79661198b90c371c2c552d462cf3d624c28.jpg,https://iiif.dl.itc.u-tokyo.ac.jp/repo/api/items/710557,"東京大学大学院総合文化研究科グローバル地域研究機構アメリカ太平洋地域研究センター Center for Pacific and American Studies, The University of Tokyo, JAPAN",http://iiif.io/api/presentation/2#rightToLeftDirection,,CPAS高木八尺デジタルアーカイブ,0301,,https://iiif.dl.itc.u-tokyo.ac.jp/repo/iiif/f6fde72b-2774-1917-21b2-1abca9675ddb/manifest,,,,,26
「米国復興計画の概観」,861-14,[原稿「エイブラハム・リンコーン」他],原稿|手書き,日本語,,校正刷 (国家学会雑誌第48巻第6号),昭和9年,1934,,,図書,http://tify.sub.uni-goettingen.de/demo.html?manifest=https://archdataset.dl.itc.u-tokyo.ac.jp/manifest/cda5a194-6e63-76be-0d61-74104acd44d4.json,cda5a194-6e63-76be-0d61-74104acd44d4,https://iiif.dl.itc.u-tokyo.ac.jp/repo/s/cpas-takagi/,https://iiif.dl.itc.u-tokyo.ac.jp/repo/s/cpas-takagi/document/cda5a194-6e63-76be-0d61-74104acd44d4,http://www.cpas.c.u-tokyo.ac.jp/lib/archive_riyo2.html,https://iiif.dl.itc.u-tokyo.ac.jp/repo/files/medium/b9988c053472c2c347a688088ed0a670eafead89.jpg,https://iiif.dl.itc.u-tokyo.ac.jp/repo/api/items/710556,"東京大学大学院総合文化研究科グローバル地域研究機構アメリカ太平洋地域研究センター Center for Pacific and American Studies, The University of Tokyo, JAPAN",http://iiif.io/api/presentation/2#rightToLeftDirection,,CPAS高木八尺デジタルアーカイブ,0302,,https://iiif.dl.itc.u-tokyo.ac.jp/repo/iiif/cda5a194-6e63-76be-0d61-74104acd44d4/manifest,,,,,81
[現代米国の研究] 序,861-15,[原稿「エイブラハム・リンコーン」他],原稿|手書き,日本語,,『現代米国の研究』(有斐閣1947年刊) の序文原稿,昭和21年8月,1946.8,,,図書,http://tify.sub.uni-goettingen.de/demo.html?manifest=https://archdataset.dl.itc.u-tokyo.ac.jp/manifest/ecc56e43-2018-8c12-6b93-2a6fffca4fbb.json,ecc56e43-2018-8c12-6b93-2a6fffca4fbb,https://iiif.dl.itc.u-tokyo.ac.jp/repo/s/cpas-takagi/,https://iiif.dl.itc.u-tokyo.ac.jp/repo/s/cpas-takagi/document/ecc56e43-2018-8c12-6b93-2a6fffca4fbb,http://www.cpas.c.u-tokyo.ac.jp/lib/archive_riyo2.html,https://iiif.dl.itc.u-tokyo.ac.jp/repo/files/medium/ac5e162fbc590c7278338db80f2be47cc3f242ff.jpg,https://iiif.dl.itc.u-tokyo.ac.jp/repo/api/items/710555,"東京大学大学院総合文化研究科グローバル地域研究機構アメリカ太平洋地域研究センター Center for Pacific and American Studies, The University of Tokyo, JAPAN",http://iiif.io/api/presentation/2#rightToLeftDirection,,CPAS高木八尺デジタルアーカイブ,0303,,https://iiif.dl.itc.u-tokyo.ac.jp/repo/iiif/ecc56e43-2018-8c12-6b93-2a6fffca4fbb/manifest,,,,,4
「アメリカ 国内政治概観」,861-16,[原稿「エイブラハム・リンコーン」他],原稿|手書き,日本語,,『現代米国の研究』 所収,,,,,図書,http://tify.sub.uni-goettingen.de/demo.html?manifest=https://archdataset.dl.itc.u-tokyo.ac.jp/manifest/58e1ccd6-41de-9c81-1331-0cc8d02d45a0.json,58e1ccd6-41de-9c81-1331-0cc8d02d45a0,https://iiif.dl.itc.u-tokyo.ac.jp/repo/s/cpas-takagi/,https://iiif.dl.itc.u-tokyo.ac.jp/repo/s/cpas-takagi/document/58e1ccd6-41de-9c81-1331-0cc8d02d45a0,http://www.cpas.c.u-tokyo.ac.jp/lib/archive_riyo2.html,https://iiif.dl.itc.u-tokyo.ac.jp/repo/files/medium/4e84dbbff3ab53f37f95535dba6fe865d98cf284.jpg,https://iiif.dl.itc.u-tokyo.ac.jp/repo/api/items/710554,"東京大学大学院総合文化研究科グローバル地域研究機構アメリカ太平洋地域研究センター Center for Pacific and American Studies, The University of Tokyo, JAPAN",http://iiif.io/api/presentation/2#rightToLeftDirection,,CPAS高木八尺デジタルアーカイブ,0304,,https://iiif.dl.itc.u-tokyo.ac.jp/repo/iiif/58e1ccd6-41de-9c81-1331-0cc8d02d45a0/manifest,,,,,71
「米国に於ける執行権ノ強化」,861-17,[原稿「エイブラハム・リンコーン」他],原稿|手書き,日本語,,『現代米国の研究』 所収,,,,,図書,http://tify.sub.uni-goettingen.de/demo.html?manifest=https://archdataset.dl.itc.u-tokyo.ac.jp/manifest/b841aedc-9dea-4cdd-3ee9-c12fdac8793e.json,b841aedc-9dea-4cdd-3ee9-c12fdac8793e,https://iiif.dl.itc.u-tokyo.ac.jp/repo/s/cpas-takagi/,https://iiif.dl.itc.u-tokyo.ac.jp/repo/s/cpas-takagi/document/b841aedc-9dea-4cdd-3ee9-c12fdac8793e,http://www.cpas.c.u-tokyo.ac.jp/lib/archive_riyo2.html,https://iiif.dl.itc.u-tokyo.ac.jp/repo/files/medium/56a5e6c58ea5fb472f4316cb6c7e194f32931f13.jpg,https://iiif.dl.itc.u-tokyo.ac.jp/repo/api/items/710553,"東京大学大学院総合文化研究科グローバル地域研究機構アメリカ太平洋地域研究センター Center for Pacific and American Studies, The University of Tokyo, JAPAN",http://iiif.io/api/presentation/2#rightToLeftDirection,,CPAS高木八尺デジタルアーカイブ,0305,,https://iiif.dl.itc.u-tokyo.ac.jp/repo/iiif/b841aedc-9dea-4cdd-3ee9-c12fdac8793e/manifest,,,,,66
「1939年度『北米合衆国』事情 (国家五四ノ一)」,861-18,[原稿「エイブラハム・リンコーン」他],原稿|手書き,日本語,,『現代米国の研究』 所収,,[1939],,,図書,http://tify.sub.uni-goettingen.de/demo.html?manifest=https://archdataset.dl.itc.u-tokyo.ac.jp/manifest/22b0008e-9565-5531-5413-a33239f87adf.json,22b0008e-9565-5531-5413-a33239f87adf,https://iiif.dl.itc.u-tokyo.ac.jp/repo/s/cpas-takagi/,https://iiif.dl.itc.u-tokyo.ac.jp/repo/s/cpas-takagi/document/22b0008e-9565-5531-5413-a33239f87adf,http://www.cpas.c.u-tokyo.ac.jp/lib/archive_riyo2.html,https://iiif.dl.itc.u-tokyo.ac.jp/repo/files/medium/964453dce550170984895f274b9d0c1f841b686b.jpg,https://iiif.dl.itc.u-tokyo.ac.jp/repo/api/items/710552,"東京大学大学院総合文化研究科グローバル地域研究機構アメリカ太平洋地域研究センター Center for Pacific and American Studies, The University of Tokyo, JAPAN",http://iiif.io/api/presentation/2#rightToLeftDirection,,CPAS高木八尺デジタルアーカイブ,0306,,https://iiif.dl.itc.u-tokyo.ac.jp/repo/iiif/22b0008e-9565-5531-5413-a33239f87adf/manifest,,,,,68
"""Charles A. and Mary R. Beard, the Rise of the American Civilization, 1927""",861-19,[原稿「エイブラハム・リンコーン」他],原稿|手書き,日本語,,国家学会雑誌第43巻2号,[昭和3年],[1928],,,図書,http://tify.sub.uni-goettingen.de/demo.html?manifest=https://archdataset.dl.itc.u-tokyo.ac.jp/manifest/1793cc0e-8fe8-244f-1f5c-656ff7846732.json,1793cc0e-8fe8-244f-1f5c-656ff7846732,https://iiif.dl.itc.u-tokyo.ac.jp/repo/s/cpas-takagi/,https://iiif.dl.itc.u-tokyo.ac.jp/repo/s/cpas-takagi/document/1793cc0e-8fe8-244f-1f5c-656ff7846732,http://www.cpas.c.u-tokyo.ac.jp/lib/archive_riyo2.html,https://iiif.dl.itc.u-tokyo.ac.jp/repo/files/medium/c9c1009d6d1d8dd91d9506c0edcf1eed0931c1a6.jpg,https://iiif.dl.itc.u-tokyo.ac.jp/repo/api/items/710551,"東京大学大学院総合文化研究科グローバル地域研究機構アメリカ太平洋地域研究センター Center for Pacific and American Studies, The University of Tokyo, JAPAN",http://iiif.io/api/presentation/2#rightToLeftDirection,,CPAS高木八尺デジタルアーカイブ,0307,,https://iiif.dl.itc.u-tokyo.ac.jp/repo/iiif/1793cc0e-8fe8-244f-1f5c-656ff7846732/manifest,,,,,18
「北米合衆国憲法」,862-1,[原稿「北米合衆国憲法」他],原稿|印刷,日本語,,冊子(校正刷?),,,,,図書,http://tify.sub.uni-goettingen.de/demo.html?manifest=https://archdataset.dl.itc.u-tokyo.ac.jp/manifest/cc5df7f0-0931-98c9-3301-4aa7e06344d2.json,cc5df7f0-0931-98c9-3301-4aa7e06344d2,https://iiif.dl.itc.u-tokyo.ac.jp/repo/s/cpas-takagi/,https://iiif.dl.itc.u-tokyo.ac.jp/repo/s/cpas-takagi/document/cc5df7f0-0931-98c9-3301-4aa7e06344d2,http://www.cpas.c.u-tokyo.ac.jp/lib/archive_riyo2.html,https://iiif.dl.itc.u-tokyo.ac.jp/repo/files/medium/1501da313fb0c6d1f39bda7fddc0757e2da37ed4.jpg,https://iiif.dl.itc.u-tokyo.ac.jp/repo/api/items/710550,"東京大学大学院総合文化研究科グローバル地域研究機構アメリカ太平洋地域研究センター Center for Pacific and American Studies, The University of Tokyo, JAPAN",http://iiif.io/api/presentation/2#rightToLeftDirection,,CPAS高木八尺デジタルアーカイブ,0308,,https://iiif.dl.itc.u-tokyo.ac.jp/repo/iiif/cc5df7f0-0931-98c9-3301-4aa7e06344d2/manifest,,,,,56
「太平洋及び極東方面に於ける米国発展の段階」,862-2,[原稿「北米合衆国憲法」他],原稿|手書き,日本語,,"雑誌論説 国際法外交雑誌第25巻2号, 3号",,[1926],,,図書,http://tify.sub.uni-goettingen.de/demo.html?manifest=https://archdataset.dl.itc.u-tokyo.ac.jp/manifest/416afa49-52e7-574d-9e80-bc967c988c92.json,416afa49-52e7-574d-9e80-bc967c988c92,https://iiif.dl.itc.u-tokyo.ac.jp/repo/s/cpas-takagi/,https://iiif.dl.itc.u-tokyo.ac.jp/repo/s/cpas-takagi/document/416afa49-52e7-574d-9e80-bc967c988c92,http://www.cpas.c.u-tokyo.ac.jp/lib/archive_riyo2.html,https://iiif.dl.itc.u-tokyo.ac.jp/repo/files/medium/1ee11e5c52ab8f07f45df4ee6efb55ca135a4de4.jpg,https://iiif.dl.itc.u-tokyo.ac.jp/repo/api/items/710549,"東京大学大学院総合文化研究科グローバル地域研究機構アメリカ太平洋地域研究センター Center for Pacific and American Studies, The University of Tokyo, JAPAN",http://iiif.io/api/presentation/2#rightToLeftDirection,,CPAS高木八尺デジタルアーカイブ,0309,,https://iiif.dl.itc.u-tokyo.ac.jp/repo/iiif/416afa49-52e7-574d-9e80-bc967c988c92/manifest,,,,,83
"""C. E. Merriam, American Political Ideas, 1865-1917"" (紹介及批評)",862-3,[原稿「北米合衆国憲法」他],原稿|手書き,日本語,,国家学会雑誌第40巻第6号,[大正15年],[1926],,,図書,http://tify.sub.uni-goettingen.de/demo.html?manifest=https://archdataset.dl.itc.u-tokyo.ac.jp/manifest/8697a0c8-a03b-0d92-0482-f396af2a8696.json,8697a0c8-a03b-0d92-0482-f396af2a8696,https://iiif.dl.itc.u-tokyo.ac.jp/repo/s/cpas-takagi/,https://iiif.dl.itc.u-tokyo.ac.jp/repo/s/cpas-takagi/document/8697a0c8-a03b-0d92-0482-f396af2a8696,http://www.cpas.c.u-tokyo.ac.jp/lib/archive_riyo2.html,https://iiif.dl.itc.u-tokyo.ac.jp/repo/files/medium/1b74e8493ac2979f0fabf5bcb92ca1bc9800afd7.jpg,https://iiif.dl.itc.u-tokyo.ac.jp/repo/api/items/710548,"東京大学大学院総合文化研究科グローバル地域研究機構アメリカ太平洋地域研究センター Center for Pacific and American Studies, The University of Tokyo, JAPAN",http://iiif.io/api/presentation/2#rightToLeftDirection,,CPAS高木八尺デジタルアーカイブ,0310,,https://iiif.dl.itc.u-tokyo.ac.jp/repo/iiif/8697a0c8-a03b-0d92-0482-f396af2a8696/manifest,,,,,19
「国際連盟と米国」,862-4,[原稿「北米合衆国憲法」他],原稿|手書き,日本語,,水戸講演,,,,,図書,http://tify.sub.uni-goettingen.de/demo.html?manifest=https://archdataset.dl.itc.u-tokyo.ac.jp/manifest/7462001f-54c3-a714-5b12-72b85c97867b.json,7462001f-54c3-a714-5b12-72b85c97867b,https://iiif.dl.itc.u-tokyo.ac.jp/repo/s/cpas-takagi/,https://iiif.dl.itc.u-tokyo.ac.jp/repo/s/cpas-takagi/document/7462001f-54c3-a714-5b12-72b85c97867b,http://www.cpas.c.u-tokyo.ac.jp/lib/archive_riyo2.html,https://iiif.dl.itc.u-tokyo.ac.jp/repo/files/medium/ec9bbff6cb979ed206c7290d2f9d1f4f9d69a855.jpg,https://iiif.dl.itc.u-tokyo.ac.jp/repo/api/items/710547,"東京大学大学院総合文化研究科グローバル地域研究機構アメリカ太平洋地域研究センター Center for Pacific and American Studies, The University of Tokyo, JAPAN",http://iiif.io/api/presentation/2#rightToLeftDirection,,CPAS高木八尺デジタルアーカイブ,0311,,https://iiif.dl.itc.u-tokyo.ac.jp/repo/iiif/7462001f-54c3-a714-5b12-72b85c97867b/manifest,,,,,36
「北米合衆国憲法」,862-5,[原稿「北米合衆国憲法」他],原稿|手書き,日本語,,,,,,,図書,http://tify.sub.uni-goettingen.de/demo.html?manifest=https://archdataset.dl.itc.u-tokyo.ac.jp/manifest/a1f48f3c-42b3-4178-069a-2edd11184173.json,a1f48f3c-42b3-4178-069a-2edd11184173,https://iiif.dl.itc.u-tokyo.ac.jp/repo/s/cpas-takagi/,https://iiif.dl.itc.u-tokyo.ac.jp/repo/s/cpas-takagi/document/a1f48f3c-42b3-4178-069a-2edd11184173,http://www.cpas.c.u-tokyo.ac.jp/lib/archive_riyo2.html,https://iiif.dl.itc.u-tokyo.ac.jp/repo/files/medium/c7cea1feed33940f9b902a1725d136d832aa0a88.jpg,https://iiif.dl.itc.u-tokyo.ac.jp/repo/api/items/710546,"東京大学大学院総合文化研究科グローバル地域研究機構アメリカ太平洋地域研究センター Center for Pacific and American Studies, The University of Tokyo, JAPAN",http://iiif.io/api/presentation/2#rightToLeftDirection,,CPAS高木八尺デジタルアーカイブ,0312,,https://iiif.dl.itc.u-tokyo.ac.jp/repo/iiif/a1f48f3c-42b3-4178-069a-2edd11184173/manifest,,,,,84
"""G. H. Blakeslee, The Recent Foreign Policy of the United States"" (紹介及批評)",862-6,[原稿「北米合衆国憲法」他],原稿|手書き,日本語,,国家学会雑誌第40巻12号 (1926年4月号),[大正15年],[1926],,,図書,http://tify.sub.uni-goettingen.de/demo.html?manifest=https://archdataset.dl.itc.u-tokyo.ac.jp/manifest/f2220b95-1b68-5d37-a609-cfd40c93325e.json,f2220b95-1b68-5d37-a609-cfd40c93325e,https://iiif.dl.itc.u-tokyo.ac.jp/repo/s/cpas-takagi/,https://iiif.dl.itc.u-tokyo.ac.jp/repo/s/cpas-takagi/document/f2220b95-1b68-5d37-a609-cfd40c93325e,http://www.cpas.c.u-tokyo.ac.jp/lib/archive_riyo2.html,https://iiif.dl.itc.u-tokyo.ac.jp/repo/files/medium/657267662fe62390ba9af67eb70737b82eff13a5.jpg,https://iiif.dl.itc.u-tokyo.ac.jp/repo/api/items/710545,"東京大学大学院総合文化研究科グローバル地域研究機構アメリカ太平洋地域研究センター Center for Pacific and American Studies, The University of Tokyo, JAPAN",http://iiif.io/api/presentation/2#rightToLeftDirection,,CPAS高木八尺デジタルアーカイブ,0313,,https://iiif.dl.itc.u-tokyo.ac.jp/repo/iiif/f2220b95-1b68-5d37-a609-cfd40c93325e/manifest,,,,,30
「比律賓コンモンウェルスの成立に際して」,862-7,[原稿「北米合衆国憲法」他],原稿|手書き,日本語,,国家学会時論 (国家学会雑誌第50巻第1号),[昭和11年],[1936],,,図書,http://tify.sub.uni-goettingen.de/demo.html?manifest=https://archdataset.dl.itc.u-tokyo.ac.jp/manifest/ec7d641f-5c70-0838-a5c6-4818e0fc42fa.json,ec7d641f-5c70-0838-a5c6-4818e0fc42fa,https://iiif.dl.itc.u-tokyo.ac.jp/repo/s/cpas-takagi/,https://iiif.dl.itc.u-tokyo.ac.jp/repo/s/cpas-takagi/document/ec7d641f-5c70-0838-a5c6-4818e0fc42fa,http://www.cpas.c.u-tokyo.ac.jp/lib/archive_riyo2.html,https://iiif.dl.itc.u-tokyo.ac.jp/repo/files/medium/f78d51df2ef02c510e1d6795d6373ee70b9520f6.jpg,https://iiif.dl.itc.u-tokyo.ac.jp/repo/api/items/710544,"東京大学大学院総合文化研究科グローバル地域研究機構アメリカ太平洋地域研究センター Center for Pacific and American Studies, The University of Tokyo, JAPAN",http://iiif.io/api/presentation/2#rightToLeftDirection,,CPAS高木八尺デジタルアーカイブ,0314,,https://iiif.dl.itc.u-tokyo.ac.jp/repo/iiif/ec7d641f-5c70-0838-a5c6-4818e0fc42fa/manifest,,,,,43
「太平洋に於ける平和機構の問題」,862-8,[原稿「北米合衆国憲法」他],原稿|手書き,日本語,,,,[1935],,,図書,http://tify.sub.uni-goettingen.de/demo.html?manifest=https://archdataset.dl.itc.u-tokyo.ac.jp/manifest/4c616e6b-816a-037e-8c08-e331d4cc6479.json,4c616e6b-816a-037e-8c08-e331d4cc6479,https://iiif.dl.itc.u-tokyo.ac.jp/repo/s/cpas-takagi/,https://iiif.dl.itc.u-tokyo.ac.jp/repo/s/cpas-takagi/document/4c616e6b-816a-037e-8c08-e331d4cc6479,http://www.cpas.c.u-tokyo.ac.jp/lib/archive_riyo2.html,https://iiif.dl.itc.u-tokyo.ac.jp/repo/files/medium/ab10b3279a7dcee44925408f9051b4c923e45591.jpg,https://iiif.dl.itc.u-tokyo.ac.jp/repo/api/items/710543,"東京大学大学院総合文化研究科グローバル地域研究機構アメリカ太平洋地域研究センター Center for Pacific and American Studies, The University of Tokyo, JAPAN",http://iiif.io/api/presentation/2#rightToLeftDirection,,CPAS高木八尺デジタルアーカイブ,0315,,https://iiif.dl.itc.u-tokyo.ac.jp/repo/iiif/4c616e6b-816a-037e-8c08-e331d4cc6479/manifest,,,,,34
「太平洋に於ける平和機構の問題」[2],862-9,[原稿「北米合衆国憲法」他],原稿|手書き,日本語,,,,[1935],,,図書,http://tify.sub.uni-goettingen.de/demo.html?manifest=https://archdataset.dl.itc.u-tokyo.ac.jp/manifest/ea48fe32-8b68-5014-708e-27bac91681f7.json,ea48fe32-8b68-5014-708e-27bac91681f7,https://iiif.dl.itc.u-tokyo.ac.jp/repo/s/cpas-takagi/,https://iiif.dl.itc.u-tokyo.ac.jp/repo/s/cpas-takagi/document/ea48fe32-8b68-5014-708e-27bac91681f7,http://www.cpas.c.u-tokyo.ac.jp/lib/archive_riyo2.html,https://iiif.dl.itc.u-tokyo.ac.jp/repo/files/medium/c2ab3b8138ffbb6fe32ec864e61b65449d64e6cf.jpg,https://iiif.dl.itc.u-tokyo.ac.jp/repo/api/items/710542,"東京大学大学院総合文化研究科グローバル地域研究機構アメリカ太平洋地域研究センター Center for Pacific and American Studies, The University of Tokyo, JAPAN",http://iiif.io/api/presentation/2#rightToLeftDirection,,CPAS高木八尺デジタルアーカイブ,0316,,https://iiif.dl.itc.u-tokyo.ac.jp/repo/iiif/ea48fe32-8b68-5014-708e-27bac91681f7/manifest,,,,,22
「ベミス『合衆国外交史』紹介」,862-10,[原稿「北米合衆国憲法」他],原稿|印刷,日本語,,校正刷 (国家学会雑誌 第51巻第9号),[昭和12年],[1937],,,図書,http://tify.sub.uni-goettingen.de/demo.html?manifest=https://archdataset.dl.itc.u-tokyo.ac.jp/manifest/4a7b1131-0e9b-0f9b-74df-a3eeaecf8841.json,4a7b1131-0e9b-0f9b-74df-a3eeaecf8841,https://iiif.dl.itc.u-tokyo.ac.jp/repo/s/cpas-takagi/,https://iiif.dl.itc.u-tokyo.ac.jp/repo/s/cpas-takagi/document/4a7b1131-0e9b-0f9b-74df-a3eeaecf8841,http://www.cpas.c.u-tokyo.ac.jp/lib/archive_riyo2.html,https://iiif.dl.itc.u-tokyo.ac.jp/repo/files/medium/976076bfd9642fb71423f8e7956a783cf138e10c.jpg,https://iiif.dl.itc.u-tokyo.ac.jp/repo/api/items/710541,"東京大学大学院総合文化研究科グローバル地域研究機構アメリカ太平洋地域研究センター Center for Pacific and American Studies, The University of Tokyo, JAPAN",http://iiif.io/api/presentation/2#rightToLeftDirection,,CPAS高木八尺デジタルアーカイブ,0317,,https://iiif.dl.itc.u-tokyo.ac.jp/repo/iiif/4a7b1131-0e9b-0f9b-74df-a3eeaecf8841/manifest,,,,,3
「比律賓コンモンウェルスの成立に際して」,862-11,[原稿「北米合衆国憲法」他],原稿|印刷,日本語,,校正刷 (国家学会雑誌 第50巻第1号),[昭和11年],[1936],,,図書,http://tify.sub.uni-goettingen.de/demo.html?manifest=https://archdataset.dl.itc.u-tokyo.ac.jp/manifest/058f3428-148a-02cb-224a-1ea322eba17b.json,058f3428-148a-02cb-224a-1ea322eba17b,https://iiif.dl.itc.u-tokyo.ac.jp/repo/s/cpas-takagi/,https://iiif.dl.itc.u-tokyo.ac.jp/repo/s/cpas-takagi/document/058f3428-148a-02cb-224a-1ea322eba17b,http://www.cpas.c.u-tokyo.ac.jp/lib/archive_riyo2.html,https://iiif.dl.itc.u-tokyo.ac.jp/repo/files/medium/3498f66eec043999e4eefb1ec20688264f78c7bf.jpg,https://iiif.dl.itc.u-tokyo.ac.jp/repo/api/items/710540,"東京大学大学院総合文化研究科グローバル地域研究機構アメリカ太平洋地域研究センター Center for Pacific and American Studies, The University of Tokyo, JAPAN",http://iiif.io/api/presentation/2#rightToLeftDirection,,CPAS高木八尺デジタルアーカイブ,0318,,https://iiif.dl.itc.u-tokyo.ac.jp/repo/iiif/058f3428-148a-02cb-224a-1ea322eba17b/manifest,,,,,7
「アメリカン・スカラー」,862-12,[原稿「北米合衆国憲法」他],原稿|手書き,日本語,,緑会雑誌第9号,[昭和12年],[1937],,,図書,http://tify.sub.uni-goettingen.de/demo.html?manifest=https://archdataset.dl.itc.u-tokyo.ac.jp/manifest/18151ece-85da-5d88-6a66-372223500af4.json,18151ece-85da-5d88-6a66-372223500af4,https://iiif.dl.itc.u-tokyo.ac.jp/repo/s/cpas-takagi/,https://iiif.dl.itc.u-tokyo.ac.jp/repo/s/cpas-takagi/document/18151ece-85da-5d88-6a66-372223500af4,http://www.cpas.c.u-tokyo.ac.jp/lib/archive_riyo2.html,https://iiif.dl.itc.u-tokyo.ac.jp/repo/files/medium/01637ffd041bc31696781f731fd7d6e984235ddf.jpg,https://iiif.dl.itc.u-tokyo.ac.jp/repo/api/items/710539,"東京大学大学院総合文化研究科グローバル地域研究機構アメリカ太平洋地域研究センター Center for Pacific and American Studies, The University of Tokyo, JAPAN",http://iiif.io/api/presentation/2#rightToLeftDirection,,CPAS高木八尺デジタルアーカイブ,0319,,https://iiif.dl.itc.u-tokyo.ac.jp/repo/iiif/18151ece-85da-5d88-6a66-372223500af4/manifest,,,,,6
「米国の政治及歴史の研究」,862-13,[原稿「北米合衆国憲法」他],原稿|手書き,日本語,,『東京帝国大学学術大観』 1942年,,[1942],,,図書,http://tify.sub.uni-goettingen.de/demo.html?manifest=https://archdataset.dl.itc.u-tokyo.ac.jp/manifest/52e6f5ce-7293-9a50-1727-a67e1c388445.json,52e6f5ce-7293-9a50-1727-a67e1c388445,https://iiif.dl.itc.u-tokyo.ac.jp/repo/s/cpas-takagi/,https://iiif.dl.itc.u-tokyo.ac.jp/repo/s/cpas-takagi/document/52e6f5ce-7293-9a50-1727-a67e1c388445,http://www.cpas.c.u-tokyo.ac.jp/lib/archive_riyo2.html,https://iiif.dl.itc.u-tokyo.ac.jp/repo/files/medium/dd8ddf47d5a7ebbc7ce4281529f52ef0ad25a6b0.jpg,https://iiif.dl.itc.u-tokyo.ac.jp/repo/api/items/710538,"東京大学大学院総合文化研究科グローバル地域研究機構アメリカ太平洋地域研究センター Center for Pacific and American Studies, The University of Tokyo, JAPAN",http://iiif.io/api/presentation/2#rightToLeftDirection,,CPAS高木八尺デジタルアーカイブ,0320,,https://iiif.dl.itc.u-tokyo.ac.jp/repo/iiif/52e6f5ce-7293-9a50-1727-a67e1c388445/manifest,,,,,36
「ウァーテンベーカー教授の『米国文明の創設』について」(紹介と批評),862-14,[原稿「北米合衆国憲法」他],原稿|手書き,日本語,,『アメリカ研究』第4巻第6号 (昭和24年),[昭和24年],[1949],,,図書,http://tify.sub.uni-goettingen.de/demo.html?manifest=https://archdataset.dl.itc.u-tokyo.ac.jp/manifest/2b5b6ba3-24f6-4a9e-7b08-ad554b8a4eda.json,2b5b6ba3-24f6-4a9e-7b08-ad554b8a4eda,https://iiif.dl.itc.u-tokyo.ac.jp/repo/s/cpas-takagi/,https://iiif.dl.itc.u-tokyo.ac.jp/repo/s/cpas-takagi/document/2b5b6ba3-24f6-4a9e-7b08-ad554b8a4eda,http://www.cpas.c.u-tokyo.ac.jp/lib/archive_riyo2.html,https://iiif.dl.itc.u-tokyo.ac.jp/repo/files/medium/5563c189ea1f9267c5925e2c2b9a9235e9675a45.jpg,https://iiif.dl.itc.u-tokyo.ac.jp/repo/api/items/710537,"東京大学大学院総合文化研究科グローバル地域研究機構アメリカ太平洋地域研究センター Center for Pacific and American Studies, The University of Tokyo, JAPAN",http://iiif.io/api/presentation/2#rightToLeftDirection,,CPAS高木八尺デジタルアーカイブ,0321,,https://iiif.dl.itc.u-tokyo.ac.jp/repo/iiif/2b5b6ba3-24f6-4a9e-7b08-ad554b8a4eda/manifest,,,,,21
[Bibliography],862-15,[原稿「北米合衆国憲法」他],メモ|手書き,英語,,手書き,,,,,図書,http://tify.sub.uni-goettingen.de/demo.html?manifest=https://archdataset.dl.itc.u-tokyo.ac.jp/manifest/3b4c2a29-5489-14cf-8d9f-fd8c66dc3149.json,3b4c2a29-5489-14cf-8d9f-fd8c66dc3149,https://iiif.dl.itc.u-tokyo.ac.jp/repo/s/cpas-takagi/,https://iiif.dl.itc.u-tokyo.ac.jp/repo/s/cpas-takagi/document/3b4c2a29-5489-14cf-8d9f-fd8c66dc3149,http://www.cpas.c.u-tokyo.ac.jp/lib/archive_riyo2.html,https://iiif.dl.itc.u-tokyo.ac.jp/repo/files/medium/9b2c066fc09284c9bdac84df9724aa46dbe13a2b.jpg,https://iiif.dl.itc.u-tokyo.ac.jp/repo/api/items/710536,"東京大学大学院総合文化研究科グローバル地域研究機構アメリカ太平洋地域研究センター Center for Pacific and American Studies, The University of Tokyo, JAPAN",,,CPAS高木八尺デジタルアーカイブ,0322,,https://iiif.dl.itc.u-tokyo.ac.jp/repo/iiif/3b4c2a29-5489-14cf-8d9f-fd8c66dc3149/manifest,,,,,2
「グリズウォルド教授『米国極東政策』紹介」,862-16,[原稿「北米合衆国憲法」他],原稿|手書き,日本語,"”A Whitney Griswold, The Far Eastern Policy of the United States, 1938”",国家学会雑誌第53巻第6号,[昭和14年],[1939],,,図書,http://tify.sub.uni-goettingen.de/demo.html?manifest=https://archdataset.dl.itc.u-tokyo.ac.jp/manifest/de8f6b8c-4ed0-5e74-087f-eae4895b6876.json,de8f6b8c-4ed0-5e74-087f-eae4895b6876,https://iiif.dl.itc.u-tokyo.ac.jp/repo/s/cpas-takagi/,https://iiif.dl.itc.u-tokyo.ac.jp/repo/s/cpas-takagi/document/de8f6b8c-4ed0-5e74-087f-eae4895b6876,http://www.cpas.c.u-tokyo.ac.jp/lib/archive_riyo2.html,https://iiif.dl.itc.u-tokyo.ac.jp/repo/files/medium/e96c4588a302a8389e83f963d4ff23245319eb6f.jpg,https://iiif.dl.itc.u-tokyo.ac.jp/repo/api/items/710535,"東京大学大学院総合文化研究科グローバル地域研究機構アメリカ太平洋地域研究センター Center for Pacific and American Studies, The University of Tokyo, JAPAN",http://iiif.io/api/presentation/2#rightToLeftDirection,,CPAS高木八尺デジタルアーカイブ,0323,,https://iiif.dl.itc.u-tokyo.ac.jp/repo/iiif/de8f6b8c-4ed0-5e74-087f-eae4895b6876/manifest,,,,,13
「門戸開放主義の背景 - 米国東洋政策研究の一節」,862-17,[原稿「北米合衆国憲法」他],原稿|手書き,日本語,,,,,,,図書,http://tify.sub.uni-goettingen.de/demo.html?manifest=https://archdataset.dl.itc.u-tokyo.ac.jp/manifest/c27a7d54-2cb8-5371-2a24-c352daffa363.json,c27a7d54-2cb8-5371-2a24-c352daffa363,https://iiif.dl.itc.u-tokyo.ac.jp/repo/s/cpas-takagi/,https://iiif.dl.itc.u-tokyo.ac.jp/repo/s/cpas-takagi/document/c27a7d54-2cb8-5371-2a24-c352daffa363,http://www.cpas.c.u-tokyo.ac.jp/lib/archive_riyo2.html,https://iiif.dl.itc.u-tokyo.ac.jp/repo/files/medium/c39c89377913cbe342de31013a0d1b5dcb24292c.jpg,https://iiif.dl.itc.u-tokyo.ac.jp/repo/api/items/710534,"東京大学大学院総合文化研究科グローバル地域研究機構アメリカ太平洋地域研究センター Center for Pacific and American Studies, The University of Tokyo, JAPAN",http://iiif.io/api/presentation/2#rightToLeftDirection,,CPAS高木八尺デジタルアーカイブ,0324,,https://iiif.dl.itc.u-tokyo.ac.jp/repo/iiif/c27a7d54-2cb8-5371-2a24-c352daffa363/manifest,,,,,45
「門戸開放主義の背景 - 米国東洋政策研究の一節」[2],862-18,[原稿「北米合衆国憲法」他],原稿|手書き,日本語,,,,,,,図書,http://tify.sub.uni-goettingen.de/demo.html?manifest=https://archdataset.dl.itc.u-tokyo.ac.jp/manifest/58688781-3c4f-9db6-4964-cd868f634d2b.json,58688781-3c4f-9db6-4964-cd868f634d2b,https://iiif.dl.itc.u-tokyo.ac.jp/repo/s/cpas-takagi/,https://iiif.dl.itc.u-tokyo.ac.jp/repo/s/cpas-takagi/document/58688781-3c4f-9db6-4964-cd868f634d2b,http://www.cpas.c.u-tokyo.ac.jp/lib/archive_riyo2.html,https://iiif.dl.itc.u-tokyo.ac.jp/repo/files/medium/d54c39d94519b8e33f9277190e813c1a6afc6a08.jpg,https://iiif.dl.itc.u-tokyo.ac.jp/repo/api/items/710533,"東京大学大学院総合文化研究科グローバル地域研究機構アメリカ太平洋地域研究センター Center for Pacific and American Studies, The University of Tokyo, JAPAN",http://iiif.io/api/presentation/2#rightToLeftDirection,,CPAS高木八尺デジタルアーカイブ,0325,,https://iiif.dl.itc.u-tokyo.ac.jp/repo/iiif/58688781-3c4f-9db6-4964-cd868f634d2b/manifest,,,,,27
「雑報」,862-19,[原稿「北米合衆国憲法」他],原稿|手書き,日本語,,「法協45巻1号所載」,,[1927?],,,図書,http://tify.sub.uni-goettingen.de/demo.html?manifest=https://archdataset.dl.itc.u-tokyo.ac.jp/manifest/70663921-9b52-7b0a-4fb9-dfd75618a210.json,70663921-9b52-7b0a-4fb9-dfd75618a210,https://iiif.dl.itc.u-tokyo.ac.jp/repo/s/cpas-takagi/,https://iiif.dl.itc.u-tokyo.ac.jp/repo/s/cpas-takagi/document/70663921-9b52-7b0a-4fb9-dfd75618a210,http://www.cpas.c.u-tokyo.ac.jp/lib/archive_riyo2.html,https://iiif.dl.itc.u-tokyo.ac.jp/repo/files/medium/20ce07784c2c94a1e79ce18a6cbd24f099d2a369.jpg,https://iiif.dl.itc.u-tokyo.ac.jp/repo/api/items/710532,"東京大学大学院総合文化研究科グローバル地域研究機構アメリカ太平洋地域研究センター Center for Pacific and American Studies, The University of Tokyo, JAPAN",http://iiif.io/api/presentation/2#rightToLeftDirection,,CPAS高木八尺デジタルアーカイブ,0326,,https://iiif.dl.itc.u-tokyo.ac.jp/repo/iiif/70663921-9b52-7b0a-4fb9-dfd75618a210/manifest,,,,,18
「米国裁判所の判決に現はれたる新傾向と与論の趨勢」,863-1,[原稿「米国裁判所の判決に現はれたる新傾向と与論の趨勢」他],原稿|手書き,日本語,,国家学会雑誌第46巻第6号/『米国政治史の研究』,[昭和7年],[1932],,,図書,http://tify.sub.uni-goettingen.de/demo.html?manifest=https://archdataset.dl.itc.u-tokyo.ac.jp/manifest/3b1ad8ff-3fd9-2c23-5ce9-86b654e23f0a.json,3b1ad8ff-3fd9-2c23-5ce9-86b654e23f0a,https://iiif.dl.itc.u-tokyo.ac.jp/repo/s/cpas-takagi/,https://iiif.dl.itc.u-tokyo.ac.jp/repo/s/cpas-takagi/document/3b1ad8ff-3fd9-2c23-5ce9-86b654e23f0a,http://www.cpas.c.u-tokyo.ac.jp/lib/archive_riyo2.html,https://iiif.dl.itc.u-tokyo.ac.jp/repo/files/medium/177f67d47424c5db91b42548885004eea827fe32.jpg,https://iiif.dl.itc.u-tokyo.ac.jp/repo/api/items/710531,"東京大学大学院総合文化研究科グローバル地域研究機構アメリカ太平洋地域研究センター Center for Pacific and American Studies, The University of Tokyo, JAPAN",http://iiif.io/api/presentation/2#rightToLeftDirection,,CPAS高木八尺デジタルアーカイブ,0327,,https://iiif.dl.itc.u-tokyo.ac.jp/repo/iiif/3b1ad8ff-3fd9-2c23-5ce9-86b654e23f0a/manifest,,,,,75
「米国政治史上に於ける革新主義の起源と発達」,863-2,[原稿「米国裁判所の判決に現はれたる新傾向と与論の趨勢」他],原稿|手書き,日本語,,国家学会雑誌第49巻第3号/『米国政治史の研究』,[昭和10年],[1935],,,図書,http://tify.sub.uni-goettingen.de/demo.html?manifest=https://archdataset.dl.itc.u-tokyo.ac.jp/manifest/e98edf86-4e42-5ac1-8f6b-a20f6f69251f.json,e98edf86-4e42-5ac1-8f6b-a20f6f69251f,https://iiif.dl.itc.u-tokyo.ac.jp/repo/s/cpas-takagi/,https://iiif.dl.itc.u-tokyo.ac.jp/repo/s/cpas-takagi/document/e98edf86-4e42-5ac1-8f6b-a20f6f69251f,http://www.cpas.c.u-tokyo.ac.jp/lib/archive_riyo2.html,https://iiif.dl.itc.u-tokyo.ac.jp/repo/files/medium/4f97b7e1c7c3fbf0f3773059190b8347630f52a0.jpg,https://iiif.dl.itc.u-tokyo.ac.jp/repo/api/items/710530,"東京大学大学院総合文化研究科グローバル地域研究機構アメリカ太平洋地域研究センター Center for Pacific and American Studies, The University of Tokyo, JAPAN",http://iiif.io/api/presentation/2#rightToLeftDirection,,CPAS高木八尺デジタルアーカイブ,0328,,https://iiif.dl.itc.u-tokyo.ac.jp/repo/iiif/e98edf86-4e42-5ac1-8f6b-a20f6f69251f/manifest,,,,,46
「米国史上に於けるプログレッシヴィズムの意義」,863-3,[原稿「米国裁判所の判決に現はれたる新傾向と与論の趨勢」他],原稿|手書き,日本語,,,,,,,図書,http://tify.sub.uni-goettingen.de/demo.html?manifest=https://archdataset.dl.itc.u-tokyo.ac.jp/manifest/64002c46-47f1-2990-5e1a-629057016408.json,64002c46-47f1-2990-5e1a-629057016408,https://iiif.dl.itc.u-tokyo.ac.jp/repo/s/cpas-takagi/,https://iiif.dl.itc.u-tokyo.ac.jp/repo/s/cpas-takagi/document/64002c46-47f1-2990-5e1a-629057016408,http://www.cpas.c.u-tokyo.ac.jp/lib/archive_riyo2.html,https://iiif.dl.itc.u-tokyo.ac.jp/repo/files/medium/35ffaeaa64dabfec58d8bc7282ab8e96da19f1cb.jpg,https://iiif.dl.itc.u-tokyo.ac.jp/repo/api/items/710529,"東京大学大学院総合文化研究科グローバル地域研究機構アメリカ太平洋地域研究センター Center for Pacific and American Studies, The University of Tokyo, JAPAN",http://iiif.io/api/presentation/2#rightToLeftDirection,,CPAS高木八尺デジタルアーカイブ,0329,,https://iiif.dl.itc.u-tokyo.ac.jp/repo/iiif/64002c46-47f1-2990-5e1a-629057016408/manifest,,,,,70
「米国政治史に於ける土地の意義」,863-4,[原稿「米国裁判所の判決に現はれたる新傾向と与論の趨勢」他],原稿|手書き,日本語,,小野塚教授在職廿五年記念『政治学研究』第2巻/『米国政治史の研究』,[昭和2年],[1927],,,図書,http://tify.sub.uni-goettingen.de/demo.html?manifest=https://archdataset.dl.itc.u-tokyo.ac.jp/manifest/5f9d9409-9bcb-1c4b-88f4-24d9aadc9e07.json,5f9d9409-9bcb-1c4b-88f4-24d9aadc9e07,https://iiif.dl.itc.u-tokyo.ac.jp/repo/s/cpas-takagi/,https://iiif.dl.itc.u-tokyo.ac.jp/repo/s/cpas-takagi/document/5f9d9409-9bcb-1c4b-88f4-24d9aadc9e07,http://www.cpas.c.u-tokyo.ac.jp/lib/archive_riyo2.html,https://iiif.dl.itc.u-tokyo.ac.jp/repo/files/medium/73b9053a548e10ccc73af95ef7157d3ee88bc096.jpg,https://iiif.dl.itc.u-tokyo.ac.jp/repo/api/items/710528,"東京大学大学院総合文化研究科グローバル地域研究機構アメリカ太平洋地域研究センター Center for Pacific and American Studies, The University of Tokyo, JAPAN",http://iiif.io/api/presentation/2#rightToLeftDirection,,CPAS高木八尺デジタルアーカイブ,0330,,https://iiif.dl.itc.u-tokyo.ac.jp/repo/iiif/5f9d9409-9bcb-1c4b-88f4-24d9aadc9e07/manifest,,,,,153
「米国史に於ける革新主義の意義と其の現代に於る重要性」,863-5,[原稿「米国裁判所の判決に現はれたる新傾向と与論の趨勢」他],原稿|手書き,日本語,,吉野作造先生追悼記念『政治及政治史研究』/『米国政治史の研究』,[昭和10年],[1935],,,図書,http://tify.sub.uni-goettingen.de/demo.html?manifest=https://archdataset.dl.itc.u-tokyo.ac.jp/manifest/996d7ed2-2480-7fc5-2f20-6ec6787e3078.json,996d7ed2-2480-7fc5-2f20-6ec6787e3078,https://iiif.dl.itc.u-tokyo.ac.jp/repo/s/cpas-takagi/,https://iiif.dl.itc.u-tokyo.ac.jp/repo/s/cpas-takagi/document/996d7ed2-2480-7fc5-2f20-6ec6787e3078,http://www.cpas.c.u-tokyo.ac.jp/lib/archive_riyo2.html,https://iiif.dl.itc.u-tokyo.ac.jp/repo/files/medium/a4379e9be61253c106953a17e11d664979c65cfb.jpg,https://iiif.dl.itc.u-tokyo.ac.jp/repo/api/items/710527,"東京大学大学院総合文化研究科グローバル地域研究機構アメリカ太平洋地域研究センター Center for Pacific and American Studies, The University of Tokyo, JAPAN",http://iiif.io/api/presentation/2#rightToLeftDirection,,CPAS高木八尺デジタルアーカイブ,0331,,https://iiif.dl.itc.u-tokyo.ac.jp/repo/iiif/996d7ed2-2480-7fc5-2f20-6ec6787e3078/manifest,,,,,89
「N・R・A・違憲問題の史的考察」,863-6,[原稿「米国裁判所の判決に現はれたる新傾向と与論の趨勢」他],原稿|手書き,日本語,,野村教授還暦祝賀『公法政治論集』/『米国政治史の研究』,[昭和13年],[1938],,,図書,http://tify.sub.uni-goettingen.de/demo.html?manifest=https://archdataset.dl.itc.u-tokyo.ac.jp/manifest/4570cae5-4ce3-68ff-a473-09659f52758b.json,4570cae5-4ce3-68ff-a473-09659f52758b,https://iiif.dl.itc.u-tokyo.ac.jp/repo/s/cpas-takagi/,https://iiif.dl.itc.u-tokyo.ac.jp/repo/s/cpas-takagi/document/4570cae5-4ce3-68ff-a473-09659f52758b,http://www.cpas.c.u-tokyo.ac.jp/lib/archive_riyo2.html,https://iiif.dl.itc.u-tokyo.ac.jp/repo/files/medium/f35fe35f584e3b20bf633d23306ee043365f77c6.jpg,https://iiif.dl.itc.u-tokyo.ac.jp/repo/api/items/710526,"東京大学大学院総合文化研究科グローバル地域研究機構アメリカ太平洋地域研究センター Center for Pacific and American Studies, The University of Tokyo, JAPAN",http://iiif.io/api/presentation/2#rightToLeftDirection,,CPAS高木八尺デジタルアーカイブ,0332,,https://iiif.dl.itc.u-tokyo.ac.jp/repo/iiif/4570cae5-4ce3-68ff-a473-09659f52758b/manifest,,,,,114
メモ「索引(ABC順)」,863-7,[原稿「米国裁判所の判決に現はれたる新傾向と与論の趨勢」他],メモ|手書き,日本語,,,,,,,図書,http://tify.sub.uni-goettingen.de/demo.html?manifest=https://archdataset.dl.itc.u-tokyo.ac.jp/manifest/6d43a064-a779-6090-5273-ae6b706e0e67.json,6d43a064-a779-6090-5273-ae6b706e0e67,https://iiif.dl.itc.u-tokyo.ac.jp/repo/s/cpas-takagi/,https://iiif.dl.itc.u-tokyo.ac.jp/repo/s/cpas-takagi/document/6d43a064-a779-6090-5273-ae6b706e0e67,http://www.cpas.c.u-tokyo.ac.jp/lib/archive_riyo2.html,https://iiif.dl.itc.u-tokyo.ac.jp/repo/files/medium/6e431f8860176ba535d2eea03ad7b23c84fa04c1.jpg,https://iiif.dl.itc.u-tokyo.ac.jp/repo/api/items/710525,"東京大学大学院総合文化研究科グローバル地域研究機構アメリカ太平洋地域研究センター Center for Pacific and American Studies, The University of Tokyo, JAPAN",http://iiif.io/api/presentation/2#rightToLeftDirection,,CPAS高木八尺デジタルアーカイブ,0333,,https://iiif.dl.itc.u-tokyo.ac.jp/repo/iiif/6d43a064-a779-6090-5273-ae6b706e0e67/manifest,,,,,17
「米国東洋政策の史的考察」,865,[原稿「米国東洋政策の史的考察」],原稿|手書き,日本語,,『米国東洋政策の史的考察』 (政治学叢書) 岩波書店1942年刊 の原稿?,,[1942],,,図書,http://tify.sub.uni-goettingen.de/demo.html?manifest=https://archdataset.dl.itc.u-tokyo.ac.jp/manifest/27b456b5-1e11-20e8-2f23-f476bbf573a5.json,27b456b5-1e11-20e8-2f23-f476bbf573a5,https://iiif.dl.itc.u-tokyo.ac.jp/repo/s/cpas-takagi/,https://iiif.dl.itc.u-tokyo.ac.jp/repo/s/cpas-takagi/document/27b456b5-1e11-20e8-2f23-f476bbf573a5,http://www.cpas.c.u-tokyo.ac.jp/lib/archive_riyo2.html,https://iiif.dl.itc.u-tokyo.ac.jp/repo/files/medium/893ea630839dfc1c9f3224eb6d7df2900ec2e0b5.jpg,https://iiif.dl.itc.u-tokyo.ac.jp/repo/api/items/710524,"東京大学大学院総合文化研究科グローバル地域研究機構アメリカ太平洋地域研究センター Center for Pacific and American Studies, The University of Tokyo, JAPAN",http://iiif.io/api/presentation/2#rightToLeftDirection,,CPAS高木八尺デジタルアーカイブ,0334,,https://iiif.dl.itc.u-tokyo.ac.jp/repo/iiif/27b456b5-1e11-20e8-2f23-f476bbf573a5/manifest,,,,,235
"""Preliminary draft of a survey of Japanese studies and colleges of the United States""",866,"""Report on Jap. studies in US"" [タイプ原稿]",原稿|タイプ,英語,,手書きメモ・草稿含む,,,,,図書,http://tify.sub.uni-goettingen.de/demo.html?manifest=https://archdataset.dl.itc.u-tokyo.ac.jp/manifest/645811e6-1092-87e9-4ce5-6b2967042400.json,645811e6-1092-87e9-4ce5-6b2967042400,https://iiif.dl.itc.u-tokyo.ac.jp/repo/s/cpas-takagi/,https://iiif.dl.itc.u-tokyo.ac.jp/repo/s/cpas-takagi/document/645811e6-1092-87e9-4ce5-6b2967042400,http://www.cpas.c.u-tokyo.ac.jp/lib/archive_riyo2.html,https://iiif.dl.itc.u-tokyo.ac.jp/repo/files/medium/ed1f02a7bde8a3b55bcd7c63efe63d70b98b1261.jpg,https://iiif.dl.itc.u-tokyo.ac.jp/repo/api/items/710523,"東京大学大学院総合文化研究科グローバル地域研究機構アメリカ太平洋地域研究センター Center for Pacific and American Studies, The University of Tokyo, JAPAN",,,CPAS高木八尺デジタルアーカイブ,0335,,https://iiif.dl.itc.u-tokyo.ac.jp/repo/iiif/645811e6-1092-87e9-4ce5-6b2967042400/manifest,,,,,327
「現代米国」,867,[現代米国 (校正刷)],原稿|印刷,日本語,「アメリカの国柄と国民性」,校正刷 「昭和15年4月 国家学会雑誌54ノ4」,昭和15年,1940,,,図書,http://tify.sub.uni-goettingen.de/demo.html?manifest=https://archdataset.dl.itc.u-tokyo.ac.jp/manifest/a8abdd12-8ae1-8401-07ba-9cc642656f5e.json,a8abdd12-8ae1-8401-07ba-9cc642656f5e,https://iiif.dl.itc.u-tokyo.ac.jp/repo/s/cpas-takagi/,https://iiif.dl.itc.u-tokyo.ac.jp/repo/s/cpas-takagi/document/a8abdd12-8ae1-8401-07ba-9cc642656f5e,http://www.cpas.c.u-tokyo.ac.jp/lib/archive_riyo2.html,https://iiif.dl.itc.u-tokyo.ac.jp/repo/files/medium/4e8b00722cb3e7ecebda99b678015e238cc3f68b.jpg,https://iiif.dl.itc.u-tokyo.ac.jp/repo/api/items/710522,"東京大学大学院総合文化研究科グローバル地域研究機構アメリカ太平洋地域研究センター Center for Pacific and American Studies, The University of Tokyo, JAPAN",http://iiif.io/api/presentation/2#rightToLeftDirection,,CPAS高木八尺デジタルアーカイブ,0336,,https://iiif.dl.itc.u-tokyo.ac.jp/repo/iiif/a8abdd12-8ae1-8401-07ba-9cc642656f5e/manifest,,,,,68
"A. B. Hart, Government",868,"[ノート (Hart, A. B.)]",ノート|手書き,英語,,,,[1920],,,図書,http://tify.sub.uni-goettingen.de/demo.html?manifest=https://archdataset.dl.itc.u-tokyo.ac.jp/manifest/aa5d1e87-7b0e-7ada-2508-13335eca1c09.json,aa5d1e87-7b0e-7ada-2508-13335eca1c09,https://iiif.dl.itc.u-tokyo.ac.jp/repo/s/cpas-takagi/,https://iiif.dl.itc.u-tokyo.ac.jp/repo/s/cpas-takagi/document/aa5d1e87-7b0e-7ada-2508-13335eca1c09,http://www.cpas.c.u-tokyo.ac.jp/lib/archive_riyo2.html,https://iiif.dl.itc.u-tokyo.ac.jp/repo/files/medium/20c4cf59d6de46e42c9f7a320c3561835d483e3a.jpg,https://iiif.dl.itc.u-tokyo.ac.jp/repo/api/items/710521,"東京大学大学院総合文化研究科グローバル地域研究機構アメリカ太平洋地域研究センター Center for Pacific and American Studies, The University of Tokyo, JAPAN",,,CPAS高木八尺デジタルアーカイブ,0337,,https://iiif.dl.itc.u-tokyo.ac.jp/repo/iiif/aa5d1e87-7b0e-7ada-2508-13335eca1c09/manifest,,,,,232
"Harvard 1919-1920, History 32a, 1760-1829, Dr. Morrison,",869,[ノート(Morrison)],ノート|手書き,英語,,"付: [Blue book] ""History 32b, March '20""",,[1920],,,図書,http://tify.sub.uni-goettingen.de/demo.html?manifest=https://archdataset.dl.itc.u-tokyo.ac.jp/manifest/5c3ba777-7a6f-7e38-9dbd-62265dae2333.json,5c3ba777-7a6f-7e38-9dbd-62265dae2333,https://iiif.dl.itc.u-tokyo.ac.jp/repo/s/cpas-takagi/,https://iiif.dl.itc.u-tokyo.ac.jp/repo/s/cpas-takagi/document/5c3ba777-7a6f-7e38-9dbd-62265dae2333,http://www.cpas.c.u-tokyo.ac.jp/lib/archive_riyo2.html,https://iiif.dl.itc.u-tokyo.ac.jp/repo/files/medium/9ab184dfa77ef9f3de061a5f1ad09be46d454079.jpg,https://iiif.dl.itc.u-tokyo.ac.jp/repo/api/items/710520,"東京大学大学院総合文化研究科グローバル地域研究機構アメリカ太平洋地域研究センター Center for Pacific and American Studies, The University of Tokyo, JAPAN",,,CPAS高木八尺デジタルアーカイブ,0338,,https://iiif.dl.itc.u-tokyo.ac.jp/repo/iiif/5c3ba777-7a6f-7e38-9dbd-62265dae2333/manifest,,,,,191
"Harvard 1919-1920, History 17a. Prof. F. G. Turner",870,[ノート(Turner)],ノート|手書き,英語,,"付: [Blue book] ""Hist 17a, Oct. 15 '19""",,[1919],,,図書,http://tify.sub.uni-goettingen.de/demo.html?manifest=https://archdataset.dl.itc.u-tokyo.ac.jp/manifest/61d0dd68-7e00-944a-65ab-27b8eb219303.json,61d0dd68-7e00-944a-65ab-27b8eb219303,https://iiif.dl.itc.u-tokyo.ac.jp/repo/s/cpas-takagi/,https://iiif.dl.itc.u-tokyo.ac.jp/repo/s/cpas-takagi/document/61d0dd68-7e00-944a-65ab-27b8eb219303,http://www.cpas.c.u-tokyo.ac.jp/lib/archive_riyo2.html,https://iiif.dl.itc.u-tokyo.ac.jp/repo/files/medium/d137762a02c12c1783d36d4de5a6841f0804fe54.jpg,https://iiif.dl.itc.u-tokyo.ac.jp/repo/api/items/710519,"東京大学大学院総合文化研究科グローバル地域研究機構アメリカ太平洋地域研究センター Center for Pacific and American Studies, The University of Tokyo, JAPAN",,,CPAS高木八尺デジタルアーカイブ,0339,,https://iiif.dl.itc.u-tokyo.ac.jp/repo/iiif/61d0dd68-7e00-944a-65ab-27b8eb219303/manifest,,,,,349
"""The Attitude of the State of New York toward the Federal Pubic Land Policy""",871,"""The Attitude of the State of New York toward the Federal Pubic Land Policy"" [タイプ原稿]",原稿|タイプ,英語,,"""Hist. 127, Summer, 1922""",,1922,,,図書,http://tify.sub.uni-goettingen.de/demo.html?manifest=https://archdataset.dl.itc.u-tokyo.ac.jp/manifest/b1c380f8-27e2-32c7-008d-8ffdd180425b.json,b1c380f8-27e2-32c7-008d-8ffdd180425b,https://iiif.dl.itc.u-tokyo.ac.jp/repo/s/cpas-takagi/,https://iiif.dl.itc.u-tokyo.ac.jp/repo/s/cpas-takagi/document/b1c380f8-27e2-32c7-008d-8ffdd180425b,http://www.cpas.c.u-tokyo.ac.jp/lib/archive_riyo2.html,https://iiif.dl.itc.u-tokyo.ac.jp/repo/files/medium/cab4017873520ea326a0bdcdb3756b25859411b0.jpg,https://iiif.dl.itc.u-tokyo.ac.jp/repo/api/items/710518,"東京大学大学院総合文化研究科グローバル地域研究機構アメリカ太平洋地域研究センター Center for Pacific and American Studies, The University of Tokyo, JAPAN",,,CPAS高木八尺デジタルアーカイブ,0340,,https://iiif.dl.itc.u-tokyo.ac.jp/repo/iiif/b1c380f8-27e2-32c7-008d-8ffdd180425b/manifest,,,,,35
Prof. MacLauglin,872,[ノート (MacLaughlin)],ノート|手書き,英語,,ミシガン大学留学中ノート?,,[1923],,,図書,http://tify.sub.uni-goettingen.de/demo.html?manifest=https://archdataset.dl.itc.u-tokyo.ac.jp/manifest/23ca1607-9291-69c0-0056-4fb475f236b5.json,23ca1607-9291-69c0-0056-4fb475f236b5,https://iiif.dl.itc.u-tokyo.ac.jp/repo/s/cpas-takagi/,https://iiif.dl.itc.u-tokyo.ac.jp/repo/s/cpas-takagi/document/23ca1607-9291-69c0-0056-4fb475f236b5,http://www.cpas.c.u-tokyo.ac.jp/lib/archive_riyo2.html,https://iiif.dl.itc.u-tokyo.ac.jp/repo/files/medium/13a003512c0fc0fc12d7651bc314348b3a35bf98.jpg,https://iiif.dl.itc.u-tokyo.ac.jp/repo/api/items/710517,"東京大学大学院総合文化研究科グローバル地域研究機構アメリカ太平洋地域研究センター Center for Pacific and American Studies, The University of Tokyo, JAPAN",,,CPAS高木八尺デジタルアーカイブ,0341,,https://iiif.dl.itc.u-tokyo.ac.jp/repo/iiif/23ca1607-9291-69c0-0056-4fb475f236b5/manifest,,,,,332
"History Notebook, University of Michigan",877,"[ノート]History Notebook, University of Michigan",ノート|手書き,英語,"""Prof. Phillips. US. In Recent Decades""|""Prof. Reeves. Pol. Sci. 10""",,,1922,,,図書,http://tify.sub.uni-goettingen.de/demo.html?manifest=https://archdataset.dl.itc.u-tokyo.ac.jp/manifest/a2329825-9920-1dd4-406d-d6c0dcaf2999.json,a2329825-9920-1dd4-406d-d6c0dcaf2999,https://iiif.dl.itc.u-tokyo.ac.jp/repo/s/cpas-takagi/,https://iiif.dl.itc.u-tokyo.ac.jp/repo/s/cpas-takagi/document/a2329825-9920-1dd4-406d-d6c0dcaf2999,http://www.cpas.c.u-tokyo.ac.jp/lib/archive_riyo2.html,https://iiif.dl.itc.u-tokyo.ac.jp/repo/files/medium/c89fac1ecaa8acad4c28e70e56d452582147a7a8.jpg,https://iiif.dl.itc.u-tokyo.ac.jp/repo/api/items/710516,"東京大学大学院総合文化研究科グローバル地域研究機構アメリカ太平洋地域研究センター Center for Pacific and American Studies, The University of Tokyo, JAPAN",,,CPAS高木八尺デジタルアーカイブ,0342,,https://iiif.dl.itc.u-tokyo.ac.jp/repo/iiif/a2329825-9920-1dd4-406d-d6c0dcaf2999/manifest,,,,,155
