タイトル/Title,ポスター番号/No. of Poster,タイトル（日本語訳）/TItle (Japanese),作成者/Creator,作成主体/Publisher,制作年/Date Issued,縦×横（mm）/Extent,主題/Subject,内容記述・解説/Description,備考（ポスターにある記号等）/Note,提供部局名/Holding Department,種別/Material Type,言語/Language,連番,iiif viewer,ID,ウェブサイトURL,アイテムURL,利用条件,サムネイル,機械可読ドキュメント,帰属,viewingDirection,viewingHint,コレクション,西暦,IIIFマニフェストURI,IIIF Search API URI,アノテーション付きIIIFマニフェストURI,Link to TAPAS Project,Text with Rich Text Format,# of media
dcterms:title,dcterms:identifier,dcterms:alternative,dcterms:creator,dcterms:publisher,dcterms:issued,dcterms:extent,dcterms:subject,dcterms:description,archiveshub:note,dcndl:holdingAgent,dcndl:materialType,dcterms:language,uterms:sort,iiif viewer,bibo:identifier,dcterms:isPartOf,dcterms:relation,dcterms:rights,foaf:thumbnail,rdfs:seeAlso,sc:attributionLabel,sc:viewingDirection,sc:viewingHint,uterms:databaseLabel,uterms:year,uterms:manifestUri,uterms:searchApiUri,uterms:annotedManifest,uterms:linkToTapas,uterms:rtf,90
Keep 'em flying,1,アメリカ軍機を飛ばし続けよう,,"Recruiting Publicity Bureau (RPB, 陸軍徴兵広報局)",1940,963×636,Army,"Keep 'em flying / The U.S. Army offers, without expense to you, the best aviation training in the world. This instruction prepares you for a professional career, either civilian or military. You will earn as you learn. The Flying Cadet receives $75 a month, plus uniforms, equipment, board and lodging. Upon graduation, he is commissioned a Second Lieutenant in the U. S. Army Air Reserve, and placed on active duty with the Regular Army Air Corps with pay ranging from $205.50 to $245.50 per month. / How to qualify? You must be between 20 and 27 years of age, unmarried, sound physically. You must have completed two years of colleges, or pass a written examination covering equivalent work. / U. S. Army Recruiting Service|航空兵募集広告。戦闘機と若い飛行兵の一群がコラージュされている。アメリカ合州国空軍は、1947年9月に独立の存在となるまで、陸・海軍いずれかに属していた。このポスターでは陸軍航空兵となるための条件、待遇が詳しく述べられている。",P.28-RPB-12.11.40-25M,アメリカ太平洋地域研究センター,静止画資料,英語,0001,http://tify.sub.uni-goettingen.de/demo.html?manifest=https://archdataset.dl.itc.u-tokyo.ac.jp/manifest/62f02f10-4d06-2b30-7471-839605a48632.json,62f02f10-4d06-2b30-7471-839605a48632,https://iiif.dl.itc.u-tokyo.ac.jp/repo/s/cpas-poster/,https://iiif.dl.itc.u-tokyo.ac.jp/repo/s/cpas-poster/document/62f02f10-4d06-2b30-7471-839605a48632,http://www.cpas.c.u-tokyo.ac.jp/lib/archive_riyo1.html,https://iiif.dl.itc.u-tokyo.ac.jp/repo/files/medium/c1969d2198b7b4d653251472b3b1fba9f7c2da60.jpg,https://iiif.dl.itc.u-tokyo.ac.jp/repo/api/items/654524,"東京大学大学院総合文化研究科グローバル地域研究機構アメリカ太平洋地域研究センター Center for Pacific and American Studies, The University of Tokyo, JAPAN",,,CPAS第二次世界大戦期プロパガンダポスターコレクション,,https://iiif.dl.itc.u-tokyo.ac.jp/repo/iiif/62f02f10-4d06-2b30-7471-839605a48632/manifest,,,,,1
Your country needs you now!,2,今、祖国はあなたを求めている,,U.S. Army Recruiting Service (陸軍徴兵局),1941,964×636,Army,"Your country needs you now!  / Enlist today / Your Regular Army is calling for volunteers! / Men between 18 and 35 are needed for all of the Arms and Services. / The Air Force wants thousands of young men immediately. Training schools are ready now for large numbers of Air Mechanics, Aerial Photographers and other specialists. / Aviation Cadets / Many thousands of aviation cadets, 20 to 26 years of age, inclusive, are needed to become flying officers as bombardiers, navigators and pilots. You can help in building the world’s most powerful Air Force, and in the necessary expansion of the Regular Army. / Action is needed now! / Your country has decided. The treacherous attack on America has aroused the United States as nothing else could. / Your Army is ready. Call at the nearest Army Recruiting Station for advice. You will be given full information on how you can serve your country best—how you can defend that freedom which is your birthright. / “Let’s go! U.S.A. Keep ’em Flying! / U. S. Army Recruiting Service|陸軍の正規軍と共に、航空部隊(Air Force)航空士官候補生の募集が行われている。アメリカ空軍は、1947年9月に独立の存在となるまで、陸・海軍いずれかに属していた。中央に配されたマークの「はばたけ若者たちよ!(Keep Flying)」(Harold Gilbart作)は航空部隊のスローガンとなった。このポスターでは生得の権利である自由を守るための戦いをうたっている。",,アメリカ太平洋地域研究センター,静止画資料,英語,0002,http://tify.sub.uni-goettingen.de/demo.html?manifest=https://archdataset.dl.itc.u-tokyo.ac.jp/manifest/83b9e2dc-9b3a-2f2d-4806-5eabdb8459a7.json,83b9e2dc-9b3a-2f2d-4806-5eabdb8459a7,https://iiif.dl.itc.u-tokyo.ac.jp/repo/s/cpas-poster/,https://iiif.dl.itc.u-tokyo.ac.jp/repo/s/cpas-poster/document/83b9e2dc-9b3a-2f2d-4806-5eabdb8459a7,http://www.cpas.c.u-tokyo.ac.jp/lib/archive_riyo1.html,https://iiif.dl.itc.u-tokyo.ac.jp/repo/files/medium/311cebbff2f587340f5fb51b76b8e66370714523.jpg,https://iiif.dl.itc.u-tokyo.ac.jp/repo/api/items/654523,"東京大学大学院総合文化研究科グローバル地域研究機構アメリカ太平洋地域研究センター Center for Pacific and American Studies, The University of Tokyo, JAPAN",,,CPAS第二次世界大戦期プロパガンダポスターコレクション,,https://iiif.dl.itc.u-tokyo.ac.jp/repo/iiif/83b9e2dc-9b3a-2f2d-4806-5eabdb8459a7/manifest,,,,,1
Men of 18 and 19. Now you can choose your branch of service,3,18歳、19歳の青年諸君、どの軍に加わるか今こそ選択の時だ,,U.S. Army (陸軍),,972×635,Army,Men of 18 and 19 / Now you can choose your branch of service / Apply at the nearest U.S. Army Recruiting and Induction Station / Corps of Engineers. Medical Department. Quartermaster Corps. Ordnance Department. Infantry. Field Artillery. Armored Force. Cavalry. Signal Corps. Air Forces. Corps of Military Police. Chemical Warfare Service. Coast Artillery Corps (Antiaircraft. Harbor Defense),P-46-RPB-10-17-42-50M,アメリカ太平洋地域研究センター,静止画資料,英語,0003,http://tify.sub.uni-goettingen.de/demo.html?manifest=https://archdataset.dl.itc.u-tokyo.ac.jp/manifest/54e505b2-93a4-3e8a-a43b-3996fce003c9.json,54e505b2-93a4-3e8a-a43b-3996fce003c9,https://iiif.dl.itc.u-tokyo.ac.jp/repo/s/cpas-poster/,https://iiif.dl.itc.u-tokyo.ac.jp/repo/s/cpas-poster/document/54e505b2-93a4-3e8a-a43b-3996fce003c9,http://www.cpas.c.u-tokyo.ac.jp/lib/archive_riyo1.html,https://iiif.dl.itc.u-tokyo.ac.jp/repo/files/medium/66194377f66558e1baa9d6ce79ba17b16950fde9.jpg,https://iiif.dl.itc.u-tokyo.ac.jp/repo/api/items/654522,"東京大学大学院総合文化研究科グローバル地域研究機構アメリカ太平洋地域研究センター Center for Pacific and American Studies, The University of Tokyo, JAPAN",,,CPAS第二次世界大戦期プロパガンダポスターコレクション,,https://iiif.dl.itc.u-tokyo.ac.jp/repo/iiif/54e505b2-93a4-3e8a-a43b-3996fce003c9/manifest,,,,,1
Take your place in the ranks,4,隊列に参加せよ,,"Recruiting Publicity Bureau (RPB, 陸軍徴兵広報局)",1942,972×639,Army,"Take your place in the ranks / Make your work tools fighting tools. The Army needs many skilled craftsmen now for the Signal Corps, the Ordnance Department, and the Air Forces / U.S. Army Recruiting and Induction Service|熟練工の募集広告。",P-42-RPB-9.24.42 10M,アメリカ太平洋地域研究センター,静止画資料,英語,0004,http://tify.sub.uni-goettingen.de/demo.html?manifest=https://archdataset.dl.itc.u-tokyo.ac.jp/manifest/7bfc2e5c-72d8-4ccc-9533-4e3a620639f9.json,7bfc2e5c-72d8-4ccc-9533-4e3a620639f9,https://iiif.dl.itc.u-tokyo.ac.jp/repo/s/cpas-poster/,https://iiif.dl.itc.u-tokyo.ac.jp/repo/s/cpas-poster/document/7bfc2e5c-72d8-4ccc-9533-4e3a620639f9,http://www.cpas.c.u-tokyo.ac.jp/lib/archive_riyo1.html,https://iiif.dl.itc.u-tokyo.ac.jp/repo/files/medium/45d8c413ceb19e7419ca8cca84656ceb65df243d.jpg,https://iiif.dl.itc.u-tokyo.ac.jp/repo/api/items/654521,"東京大学大学院総合文化研究科グローバル地域研究機構アメリカ太平洋地域研究センター Center for Pacific and American Studies, The University of Tokyo, JAPAN",,,CPAS第二次世界大戦期プロパガンダポスターコレクション,,https://iiif.dl.itc.u-tokyo.ac.jp/repo/iiif/7bfc2e5c-72d8-4ccc-9533-4e3a620639f9/manifest,,,,,1
Construction workers! Now you can volunteer for service in the Army or Navy,5,建設労働者求む!陸軍・海軍への従事者募集中,,"Recruiting Publicity Bureau (RPB, 陸軍徴兵広報局)",1943,966×639,"Navy,  Seabees, Army, Engineers","Construction Workers! Now you can volunteer for service in the Army or Navy / By voluntary induction, men 18 to 38 (for Army or Navy) / By voluntary enlistment, men of 17 and 38 to 50 (men of 17 for Navy only) / Use your trade skill to fight with the Navy Seabees Army Engineers / Apply at any Army or Navy Recruiting Station|建設工に対し、陸軍及び海軍の工兵大隊(Construction Battalion)への応募を呼びかけている。なおSeabeeは工兵大隊の略称CBから来た語で、1941年海軍において民間土木義勇隊として組織された。Dan V. Smithのサイン入り。",P.59-RPB-3-30-43-35M,アメリカ太平洋地域研究センター,静止画資料,英語,0005,http://tify.sub.uni-goettingen.de/demo.html?manifest=https://archdataset.dl.itc.u-tokyo.ac.jp/manifest/d52ed117-975a-348a-8fb9-1f45bf462995.json,d52ed117-975a-348a-8fb9-1f45bf462995,https://iiif.dl.itc.u-tokyo.ac.jp/repo/s/cpas-poster/,https://iiif.dl.itc.u-tokyo.ac.jp/repo/s/cpas-poster/document/d52ed117-975a-348a-8fb9-1f45bf462995,http://www.cpas.c.u-tokyo.ac.jp/lib/archive_riyo1.html,https://iiif.dl.itc.u-tokyo.ac.jp/repo/files/medium/ada2139f33edf3f65bfb2b1b080abb7b69981528.jpg,https://iiif.dl.itc.u-tokyo.ac.jp/repo/api/items/654520,"東京大学大学院総合文化研究科グローバル地域研究機構アメリカ太平洋地域研究センター Center for Pacific and American Studies, The University of Tokyo, JAPAN",,,CPAS第二次世界大戦期プロパガンダポスターコレクション,,https://iiif.dl.itc.u-tokyo.ac.jp/repo/iiif/d52ed117-975a-348a-8fb9-1f45bf462995/manifest,,,,,1
Construction workers can volunteer now for service in Army or Navy,6,陸軍及び海軍への従事を希望する建設労働者はいるか,,"Recruiting Publicity Bureau (RPB, 陸軍徴兵広報局)",1943,936×638,"Navy,  Seabees, Army, Engineers","Construction Workers can volunteer now for service in Army or Navy / By voluntary induction, men 18 to 38 (for Army or Navy) / By voluntary enlistment, men of 17 and 38 to 50 (men of 17 for Navy only) / Fight and work with Navy Seabees, Army Engineers / Apply at any Army or Navy Recruiting Station",P-61-RPB-4.5.43-35M,アメリカ太平洋地域研究センター,静止画資料,英語,0006,http://tify.sub.uni-goettingen.de/demo.html?manifest=https://archdataset.dl.itc.u-tokyo.ac.jp/manifest/7f747123-9ea4-727f-3bb4-e079cd8c6fc9.json,7f747123-9ea4-727f-3bb4-e079cd8c6fc9,https://iiif.dl.itc.u-tokyo.ac.jp/repo/s/cpas-poster/,https://iiif.dl.itc.u-tokyo.ac.jp/repo/s/cpas-poster/document/7f747123-9ea4-727f-3bb4-e079cd8c6fc9,http://www.cpas.c.u-tokyo.ac.jp/lib/archive_riyo1.html,https://iiif.dl.itc.u-tokyo.ac.jp/repo/files/medium/b2002b90a680354547749f9256ef723cf890b1e8.jpg,https://iiif.dl.itc.u-tokyo.ac.jp/repo/api/items/654519,"東京大学大学院総合文化研究科グローバル地域研究機構アメリカ太平洋地域研究センター Center for Pacific and American Studies, The University of Tokyo, JAPAN",,,CPAS第二次世界大戦期プロパガンダポスターコレクション,,https://iiif.dl.itc.u-tokyo.ac.jp/repo/iiif/7f747123-9ea4-727f-3bb4-e079cd8c6fc9/manifest,,,,,1
Just a minute—! I may have something for you!,7,ちょっと待って...!君にいいものがあるんだ!,,"Personal Services Division, Information and Education Branch (人的サービス部門情報教育局)",1945,711×510,Education,Just a minute - ! I may have something for you! / Do you know that you have most likely earned credits toward a high school diploma or college degree through your regular military training? / Ask your information and education officer for the new USAFI Form No. 47|第二次世界大戦の終結直前、平時への移行の準備として作成されたポスター。兵隊に対し、復員した際は兵役の代償として高等教育の恩典が受けられた。眼鏡をかけた若い兵士に「ちょっと待って」と肩を叩いているのは、合衆国政府を擬人化した「アンクル・サム」である。Lt. D. B. のサインがみられる。,P-X-83-PRB-7.20.45-1M,アメリカ太平洋地域研究センター,静止画資料,英語,0007,http://tify.sub.uni-goettingen.de/demo.html?manifest=https://archdataset.dl.itc.u-tokyo.ac.jp/manifest/7135d085-9b2e-9fb4-1b52-67c014c35a25.json,7135d085-9b2e-9fb4-1b52-67c014c35a25,https://iiif.dl.itc.u-tokyo.ac.jp/repo/s/cpas-poster/,https://iiif.dl.itc.u-tokyo.ac.jp/repo/s/cpas-poster/document/7135d085-9b2e-9fb4-1b52-67c014c35a25,http://www.cpas.c.u-tokyo.ac.jp/lib/archive_riyo1.html,https://iiif.dl.itc.u-tokyo.ac.jp/repo/files/medium/2f6f3010a650826b4e2712ca2ea43c798db3c720.jpg,https://iiif.dl.itc.u-tokyo.ac.jp/repo/api/items/654518,"東京大学大学院総合文化研究科グローバル地域研究機構アメリカ太平洋地域研究センター Center for Pacific and American Studies, The University of Tokyo, JAPAN",,,CPAS第二次世界大戦期プロパガンダポスターコレクション,,https://iiif.dl.itc.u-tokyo.ac.jp/repo/iiif/7135d085-9b2e-9fb4-1b52-67c014c35a25/manifest,,,,,1
Teamed . . . for defense,8,祖国防衛のために一致団結,,,,963×635,"Army, Navy, Air Force, Marine","Teamed . . . for defense. Armed Forces Day, May 20",PX-169-RPB-5-1-50-150M,アメリカ太平洋地域研究センター,静止画資料,英語,0008,http://tify.sub.uni-goettingen.de/demo.html?manifest=https://archdataset.dl.itc.u-tokyo.ac.jp/manifest/41268ade-8308-0c61-45d8-105c1c5e6ae9.json,41268ade-8308-0c61-45d8-105c1c5e6ae9,https://iiif.dl.itc.u-tokyo.ac.jp/repo/s/cpas-poster/,https://iiif.dl.itc.u-tokyo.ac.jp/repo/s/cpas-poster/document/41268ade-8308-0c61-45d8-105c1c5e6ae9,http://www.cpas.c.u-tokyo.ac.jp/lib/archive_riyo1.html,https://iiif.dl.itc.u-tokyo.ac.jp/repo/files/medium/8f4030c357f82199b2dab08c005375231149f4d6.jpg,https://iiif.dl.itc.u-tokyo.ac.jp/repo/api/items/654517,"東京大学大学院総合文化研究科グローバル地域研究機構アメリカ太平洋地域研究センター Center for Pacific and American Studies, The University of Tokyo, JAPAN",,,CPAS第二次世界大戦期プロパガンダポスターコレクション,,https://iiif.dl.itc.u-tokyo.ac.jp/repo/iiif/41268ade-8308-0c61-45d8-105c1c5e6ae9/manifest,,,,,1
Let's hit 'em with everything we've got!,9,奴らを全身全霊をもって叩き潰そう,"Barclay, McClelland",,1942,1031×710,Navy,Let's hit 'em with everything we've got! / Don't wait—Choose the Navy,Order No. 1 Lutz and Sheinkman-33249-8-25-42-125M,アメリカ太平洋地域研究センター,静止画資料,英語,0009,http://tify.sub.uni-goettingen.de/demo.html?manifest=https://archdataset.dl.itc.u-tokyo.ac.jp/manifest/14c743a0-530f-9521-8c29-3e2c2e4f64bf.json,14c743a0-530f-9521-8c29-3e2c2e4f64bf,https://iiif.dl.itc.u-tokyo.ac.jp/repo/s/cpas-poster/,https://iiif.dl.itc.u-tokyo.ac.jp/repo/s/cpas-poster/document/14c743a0-530f-9521-8c29-3e2c2e4f64bf,http://www.cpas.c.u-tokyo.ac.jp/lib/archive_riyo1.html,https://iiif.dl.itc.u-tokyo.ac.jp/repo/files/medium/db5167443ed3c6d4c70de9470b1041ec77aa83b7.jpg,https://iiif.dl.itc.u-tokyo.ac.jp/repo/api/items/654516,"東京大学大学院総合文化研究科グローバル地域研究機構アメリカ太平洋地域研究センター Center for Pacific and American Studies, The University of Tokyo, JAPAN",,,CPAS第二次世界大戦期プロパガンダポスターコレクション,,https://iiif.dl.itc.u-tokyo.ac.jp/repo/iiif/14c743a0-530f-9521-8c29-3e2c2e4f64bf/manifest,,,,,1
"Take it from me, brother. We've still got a big job to do!",10,片足くらい持っていきな 我々にはまだ大仕事があるんでね!,"Scott, Howard",U.S. Navy (海軍),1943,1018×723,Navy,"Take it from me, brother—We’ve still got a big job to do!","G? Printing Office : 1943-o-564207, Official Navy Poster, Industrial Incentive ?? 絵にHoward Scott のサインあり。",アメリカ太平洋地域研究センター,静止画資料,英語,0010,http://tify.sub.uni-goettingen.de/demo.html?manifest=https://archdataset.dl.itc.u-tokyo.ac.jp/manifest/a3845b81-7b3a-5141-9f77-b122637c37c2.json,a3845b81-7b3a-5141-9f77-b122637c37c2,https://iiif.dl.itc.u-tokyo.ac.jp/repo/s/cpas-poster/,https://iiif.dl.itc.u-tokyo.ac.jp/repo/s/cpas-poster/document/a3845b81-7b3a-5141-9f77-b122637c37c2,http://www.cpas.c.u-tokyo.ac.jp/lib/archive_riyo1.html,https://iiif.dl.itc.u-tokyo.ac.jp/repo/files/medium/bbb38ac6ac9c1b63714332510effc79ea292eb7a.jpg,https://iiif.dl.itc.u-tokyo.ac.jp/repo/api/items/654515,"東京大学大学院総合文化研究科グローバル地域研究機構アメリカ太平洋地域研究センター Center for Pacific and American Studies, The University of Tokyo, JAPAN",,,CPAS第二次世界大戦期プロパガンダポスターコレクション,,https://iiif.dl.itc.u-tokyo.ac.jp/repo/iiif/a3845b81-7b3a-5141-9f77-b122637c37c2/manifest,,,,,1
Enlist your skill for victory. Keep the fleet in fighting trim with the Navy's Ship Repair Units,11,勝利のためにあなたの技能で軍に協力を。海軍船舶修理部隊で軍艦を戦闘態勢に,,"Navy Recruiting Bureau (NRB, 海軍徴兵局)",1943,1031×712,Navy,Enlist your skill for victory / Keep the fleet in fighting trim with the Navy’s Ship Repair Units / Workers 18 to 38! Ask about new plan of Voluntary Induction / See your nearest Navy Recruiting Station|写真の兵士は戦艦の修復作業を行っている。,Navpers-NRB-39041-23 Oct 43-20M,アメリカ太平洋地域研究センター,静止画資料,英語,0011,http://tify.sub.uni-goettingen.de/demo.html?manifest=https://archdataset.dl.itc.u-tokyo.ac.jp/manifest/aeabb8f1-824c-48dd-7eaa-7cfa133f00b3.json,aeabb8f1-824c-48dd-7eaa-7cfa133f00b3,https://iiif.dl.itc.u-tokyo.ac.jp/repo/s/cpas-poster/,https://iiif.dl.itc.u-tokyo.ac.jp/repo/s/cpas-poster/document/aeabb8f1-824c-48dd-7eaa-7cfa133f00b3,http://www.cpas.c.u-tokyo.ac.jp/lib/archive_riyo1.html,https://iiif.dl.itc.u-tokyo.ac.jp/repo/files/medium/49a64c58396908a41f296c058c31291f52bd7781.jpg,https://iiif.dl.itc.u-tokyo.ac.jp/repo/api/items/654514,"東京大学大学院総合文化研究科グローバル地域研究機構アメリカ太平洋地域研究センター Center for Pacific and American Studies, The University of Tokyo, JAPAN",,,CPAS第二次世界大戦期プロパガンダポスターコレクション,,https://iiif.dl.itc.u-tokyo.ac.jp/repo/iiif/aeabb8f1-824c-48dd-7eaa-7cfa133f00b3/manifest,,,,,1
Know your Navy,12,海軍について知ろう,,,,1029×712,Navy,"Know your Navy / These two booklets tell you all the facts. Ask for your copies today at the nearest U.S. Navy Recruiting Station / 1. “What Kind of Job Can I Get in the Navy?” This booklet is a guide to the vocational opportunities of the Navy. It describes the Navy’s 50 ratings, giving pay, duties and insignia of each. It tells about the Navy trade schools and how your civilian occupation may qualify you at once for a petty officer rating. / 2. “Men Make the Navy . . . The Navy Makes Men” This booklet tells you all the things you want to know about life in the Navy—requirements for enlistment, pay rates, allowances for dependents, opportunities for promotion, food, medical and dental care, clothing allotment, training routine, recreation, ratings, etc. / Don’t wait—Choose the Navy","Order No. 7  NRB-34062-10-31-42-10,500.",アメリカ太平洋地域研究センター,静止画資料,英語,0012,http://tify.sub.uni-goettingen.de/demo.html?manifest=https://archdataset.dl.itc.u-tokyo.ac.jp/manifest/95f97c6c-6770-787a-37e7-8292e75802b1.json,95f97c6c-6770-787a-37e7-8292e75802b1,https://iiif.dl.itc.u-tokyo.ac.jp/repo/s/cpas-poster/,https://iiif.dl.itc.u-tokyo.ac.jp/repo/s/cpas-poster/document/95f97c6c-6770-787a-37e7-8292e75802b1,http://www.cpas.c.u-tokyo.ac.jp/lib/archive_riyo1.html,https://iiif.dl.itc.u-tokyo.ac.jp/repo/files/medium/cdcfbef0ee3234ea9784ef1971224efee312fe30.jpg,https://iiif.dl.itc.u-tokyo.ac.jp/repo/api/items/654513,"東京大学大学院総合文化研究科グローバル地域研究機構アメリカ太平洋地域研究センター Center for Pacific and American Studies, The University of Tokyo, JAPAN",,,CPAS第二次世界大戦期プロパガンダポスターコレクション,,https://iiif.dl.itc.u-tokyo.ac.jp/repo/iiif/95f97c6c-6770-787a-37e7-8292e75802b1/manifest,,,,,1
Young Americans of sound physique and good character are needed to fill stations created by the expansion of our first line of defense,14,祖国防衛の前線拡張で、基地の人員を満たすために優れた体格及び人格を持つ若いアメリカ人が必要です,,U.S. Navy (海軍),1940,1029×710,Navy,Young Americans of sound physique and good character are needed to fill stations created by the expansion of our first line of defense / The United States Navy|戦時ポスターに非常に多く登場する星条旗をデザインしたもの。星の数は、第二次大戦当時まだ48個しかなかった。,,アメリカ太平洋地域研究センター,静止画資料,英語,0013,http://tify.sub.uni-goettingen.de/demo.html?manifest=https://archdataset.dl.itc.u-tokyo.ac.jp/manifest/3c6219d7-30a6-98cf-926a-7c0bd6682b47.json,3c6219d7-30a6-98cf-926a-7c0bd6682b47,https://iiif.dl.itc.u-tokyo.ac.jp/repo/s/cpas-poster/,https://iiif.dl.itc.u-tokyo.ac.jp/repo/s/cpas-poster/document/3c6219d7-30a6-98cf-926a-7c0bd6682b47,http://www.cpas.c.u-tokyo.ac.jp/lib/archive_riyo1.html,https://iiif.dl.itc.u-tokyo.ac.jp/repo/files/medium/24d9f581f6704afeae9670ddfcacf3654bc4ddf5.jpg,https://iiif.dl.itc.u-tokyo.ac.jp/repo/api/items/654512,"東京大学大学院総合文化研究科グローバル地域研究機構アメリカ太平洋地域研究センター Center for Pacific and American Studies, The University of Tokyo, JAPAN",,,CPAS第二次世界大戦期プロパガンダポスターコレクション,,https://iiif.dl.itc.u-tokyo.ac.jp/repo/iiif/3c6219d7-30a6-98cf-926a-7c0bd6682b47/manifest,,,,,1
Women 20 to 36. Earn a Navy rating. Join the WAVES,15,20歳から36歳の女性の皆さん、海軍で働きませんか。WAVESに参加しましょう,,"Navy Recruiting Bureau (NRB, 海軍徴兵局)",1943,1031×712,"Navy, WAVES","Women 20 to 36 / Earn a Navy rating based on Navy Training and your own ability and experience. Same grades—same pay—as for men / Steps in advancement (For radioman, illustrated, or other specialties) / Pay-$50 to $126 a month clear—free uniforms. Allowances for food and living quarters—a wonderful opportunity to serve your country / Specialty marks—Worn by the WAVES|女性兵募集。階級と職能別のバッジの模様などが描かれている。WAVE(海軍女性予備部隊)は1942年に創設されたが、1970年代に至るまで、海外勤務は実施されなかったという。",NAVPERS- NRB-38497-13 Sep 43-40M,アメリカ太平洋地域研究センター,静止画資料,英語,0014,http://tify.sub.uni-goettingen.de/demo.html?manifest=https://archdataset.dl.itc.u-tokyo.ac.jp/manifest/533d5f27-6335-3dac-4e06-85da5e1305c7.json,533d5f27-6335-3dac-4e06-85da5e1305c7,https://iiif.dl.itc.u-tokyo.ac.jp/repo/s/cpas-poster/,https://iiif.dl.itc.u-tokyo.ac.jp/repo/s/cpas-poster/document/533d5f27-6335-3dac-4e06-85da5e1305c7,http://www.cpas.c.u-tokyo.ac.jp/lib/archive_riyo1.html,https://iiif.dl.itc.u-tokyo.ac.jp/repo/files/medium/edd922562b77c0ef483453cd18fbc3d933c00df6.jpg,https://iiif.dl.itc.u-tokyo.ac.jp/repo/api/items/654511,"東京大学大学院総合文化研究科グローバル地域研究機構アメリカ太平洋地域研究センター Center for Pacific and American Studies, The University of Tokyo, JAPAN",,,CPAS第二次世界大戦期プロパガンダポスターコレクション,,https://iiif.dl.itc.u-tokyo.ac.jp/repo/iiif/533d5f27-6335-3dac-4e06-85da5e1305c7/manifest,,,,,1
Become a nurse—Your country needs you,16,看護婦になろう。祖国にはあなたが必要だ,,"Public Health Service (PHS, 公衆衛生総局)",1942,710×560,Cadet Nurse Corps,"Become a nurse / Your country needs you / Write Nursing Information Bureau, 1790 Broadway, New York City",U.S. Government Printing Office: 1942-o-498483,アメリカ太平洋地域研究センター,静止画資料,英語,0015,http://tify.sub.uni-goettingen.de/demo.html?manifest=https://archdataset.dl.itc.u-tokyo.ac.jp/manifest/330322fd-475e-5c5b-2f90-e62a7fff3d33.json,330322fd-475e-5c5b-2f90-e62a7fff3d33,https://iiif.dl.itc.u-tokyo.ac.jp/repo/s/cpas-poster/,https://iiif.dl.itc.u-tokyo.ac.jp/repo/s/cpas-poster/document/330322fd-475e-5c5b-2f90-e62a7fff3d33,http://www.cpas.c.u-tokyo.ac.jp/lib/archive_riyo1.html,https://iiif.dl.itc.u-tokyo.ac.jp/repo/files/medium/036d655f01f0eba18fa3479cda8a39f3397c821a.jpg,https://iiif.dl.itc.u-tokyo.ac.jp/repo/api/items/654510,"東京大学大学院総合文化研究科グローバル地域研究機構アメリカ太平洋地域研究センター Center for Pacific and American Studies, The University of Tokyo, JAPAN",,,CPAS第二次世界大戦期プロパガンダポスターコレクション,,https://iiif.dl.itc.u-tokyo.ac.jp/repo/iiif/330322fd-475e-5c5b-2f90-e62a7fff3d33/manifest,,,,,1
Enlist in a proud profession! Join the U.S. Cadet Nurse Corps,17,誇りある職業に就こう。CNCに加わろう,,"Public Health Service (PHS, 公衆衛生総局)",1942,710×508,Cadet Nurse Corps,"Enlist in a proud profession! / Join the U.S. Cadet Nurse Corps / A lifetime education—free! If you can qualify / For information go to your local hospital or write U.S. Cadet Nurse Corps, Box 88, New York, N.Y.|看護婦募集。軍事病院で働く幹部看護婦、あるいは公共病院で働く一般的な看護婦を募集している。Edmundsonのサインあり。",,アメリカ太平洋地域研究センター,静止画資料,英語,0016,http://tify.sub.uni-goettingen.de/demo.html?manifest=https://archdataset.dl.itc.u-tokyo.ac.jp/manifest/c3612580-53eb-400f-3765-3210f56d6568.json,c3612580-53eb-400f-3765-3210f56d6568,https://iiif.dl.itc.u-tokyo.ac.jp/repo/s/cpas-poster/,https://iiif.dl.itc.u-tokyo.ac.jp/repo/s/cpas-poster/document/c3612580-53eb-400f-3765-3210f56d6568,http://www.cpas.c.u-tokyo.ac.jp/lib/archive_riyo1.html,https://iiif.dl.itc.u-tokyo.ac.jp/repo/files/medium/ab8cb8cf18c45c0bea5f5051bb60107d342a3348.jpg,https://iiif.dl.itc.u-tokyo.ac.jp/repo/api/items/654509,"東京大学大学院総合文化研究科グローバル地域研究機構アメリカ太平洋地域研究センター Center for Pacific and American Studies, The University of Tokyo, JAPAN",,,CPAS第二次世界大戦期プロパガンダポスターコレクション,,https://iiif.dl.itc.u-tokyo.ac.jp/repo/iiif/c3612580-53eb-400f-3765-3210f56d6568/manifest,,,,,1
"Attention, women! Join the WAAC",18,女性たちよ! WAACに加わろう,,"Recruiting Publicity Bureau (RPB, 陸軍徴兵広報局)",1943,965×637,"Army, WAAC","Attention, women! / Join the WAAC / Women's Army Auxiliary Corps, U.S. Army / Apply at any U. S. Army Recruiting and Induction Station|制服を着た女性。左すみにあるギリシャ風女性戦士?のような模様のコインが象徴するものは?。",P-57-RPB-3.5.43-25M,アメリカ太平洋地域研究センター,静止画資料,英語,0017,http://tify.sub.uni-goettingen.de/demo.html?manifest=https://archdataset.dl.itc.u-tokyo.ac.jp/manifest/cb149a3f-6cfb-13dc-4caf-1d779ea70ef6.json,cb149a3f-6cfb-13dc-4caf-1d779ea70ef6,https://iiif.dl.itc.u-tokyo.ac.jp/repo/s/cpas-poster/,https://iiif.dl.itc.u-tokyo.ac.jp/repo/s/cpas-poster/document/cb149a3f-6cfb-13dc-4caf-1d779ea70ef6,http://www.cpas.c.u-tokyo.ac.jp/lib/archive_riyo1.html,https://iiif.dl.itc.u-tokyo.ac.jp/repo/files/medium/7d67bd0df0f401624642eb8a7c7c6ce9261afcda.jpg,https://iiif.dl.itc.u-tokyo.ac.jp/repo/api/items/654508,"東京大学大学院総合文化研究科グローバル地域研究機構アメリカ太平洋地域研究センター Center for Pacific and American Studies, The University of Tokyo, JAPAN",,,CPAS第二次世界大戦期プロパガンダポスターコレクション,,https://iiif.dl.itc.u-tokyo.ac.jp/repo/iiif/cb149a3f-6cfb-13dc-4caf-1d779ea70ef6/manifest,,,,,1
WAAC. This is my war too!,19,WAAC、これはわたしの戦いでもある,"Smith, Dan V.","Recruiting Publicity Bureau (RPB, 陸軍徴兵広報局)",1943,924×636,"Army, WAAC",WAAC / This is my war too! / Women's Army Auxiliary Corps / United States Army|女性兵募集広告。WAAC(陸軍女性補助部隊)は1942年5月から1943年6月まで存続した。その後7月の法改訂により「補助」の語が削除されWAC(陸軍女性部隊)となった。背後に星条旗が翻る女性兵の絵にはDan V. Smithのサインがみられる。,P-53-RPB-1.9.43-50M,アメリカ太平洋地域研究センター,静止画資料,英語,0018,http://tify.sub.uni-goettingen.de/demo.html?manifest=https://archdataset.dl.itc.u-tokyo.ac.jp/manifest/4f35667e-a500-23fd-3a72-4aeb2c8e7645.json,4f35667e-a500-23fd-3a72-4aeb2c8e7645,https://iiif.dl.itc.u-tokyo.ac.jp/repo/s/cpas-poster/,https://iiif.dl.itc.u-tokyo.ac.jp/repo/s/cpas-poster/document/4f35667e-a500-23fd-3a72-4aeb2c8e7645,http://www.cpas.c.u-tokyo.ac.jp/lib/archive_riyo1.html,https://iiif.dl.itc.u-tokyo.ac.jp/repo/files/medium/3cbe1011be7cd50a76bcccdb5ac8bd35cff3d173.jpg,https://iiif.dl.itc.u-tokyo.ac.jp/repo/api/items/654507,"東京大学大学院総合文化研究科グローバル地域研究機構アメリカ太平洋地域研究センター Center for Pacific and American Studies, The University of Tokyo, JAPAN",,,CPAS第二次世界大戦期プロパガンダポスターコレクション,,https://iiif.dl.itc.u-tokyo.ac.jp/repo/iiif/4f35667e-a500-23fd-3a72-4aeb2c8e7645/manifest,,,,,1
Do your part. Join the WAAC,20,あなたの務めを果たしましょう、さあWAACへ,,"Recruiting Publicity Bureau (RPB, 陸軍徴兵広報局)",1942,967×638,"Army, WAAC",Do your part. Join the WAAC / Women's Army Auxiliary Corps / United States Army / Apply at any U. S. Army Recruiting and Induction Station|WAAC(陸軍女性補助部隊)は1942年5月から1943年6月まで存在した。7月1日成立の立法により「補助」の語が削除されWAC(陸軍女性部隊)となっている。,P.48-RPB-11.6.42-50M,アメリカ太平洋地域研究センター,静止画資料,英語,0019,http://tify.sub.uni-goettingen.de/demo.html?manifest=https://archdataset.dl.itc.u-tokyo.ac.jp/manifest/7308128d-7937-151e-8197-c97b70510713.json,7308128d-7937-151e-8197-c97b70510713,https://iiif.dl.itc.u-tokyo.ac.jp/repo/s/cpas-poster/,https://iiif.dl.itc.u-tokyo.ac.jp/repo/s/cpas-poster/document/7308128d-7937-151e-8197-c97b70510713,http://www.cpas.c.u-tokyo.ac.jp/lib/archive_riyo1.html,https://iiif.dl.itc.u-tokyo.ac.jp/repo/files/medium/c282a16b03b583f6dc0b3185dfb953e8fd4a1baf.jpg,https://iiif.dl.itc.u-tokyo.ac.jp/repo/api/items/654506,"東京大学大学院総合文化研究科グローバル地域研究機構アメリカ太平洋地域研究センター Center for Pacific and American Studies, The University of Tokyo, JAPAN",,,CPAS第二次世界大戦期プロパガンダポスターコレクション,,https://iiif.dl.itc.u-tokyo.ac.jp/repo/iiif/7308128d-7937-151e-8197-c97b70510713/manifest,,,,,1
Serve with Women's Reserve—U.S. Coast Guard. SPARs,21,SPARSに入りましょう 合衆国婦人海岸防衛予備軍,"Bentley, Lester W.",U.S. Coast Guard (沿岸警備隊),,1030×710,Coast Guard,Serve with Women's Reserve—U.S. Coast Guard / SPARs / Apply nearest office of Naval Officer Procurement|SPARSによる女性兵募集。沿岸警備隊は Semper Paratus(ラテン語で「常に準備は出来ている」の意、always prepared)をモットーとしたところから、こう呼ばれた。米国沿岸警備予備隊女性部隊は1942年11月に創設された。,,アメリカ太平洋地域研究センター,静止画資料,英語,0020,http://tify.sub.uni-goettingen.de/demo.html?manifest=https://archdataset.dl.itc.u-tokyo.ac.jp/manifest/488411c1-969f-2e79-0f4c-9c0f67183cdd.json,488411c1-969f-2e79-0f4c-9c0f67183cdd,https://iiif.dl.itc.u-tokyo.ac.jp/repo/s/cpas-poster/,https://iiif.dl.itc.u-tokyo.ac.jp/repo/s/cpas-poster/document/488411c1-969f-2e79-0f4c-9c0f67183cdd,http://www.cpas.c.u-tokyo.ac.jp/lib/archive_riyo1.html,https://iiif.dl.itc.u-tokyo.ac.jp/repo/files/medium/b130b09df10a39b92bb00418c350caec12b11852.jpg,https://iiif.dl.itc.u-tokyo.ac.jp/repo/api/items/654505,"東京大学大学院総合文化研究科グローバル地域研究機構アメリカ太平洋地域研究センター Center for Pacific and American Studies, The University of Tokyo, JAPAN",,,CPAS第二次世界大戦期プロパガンダポスターコレクション,,https://iiif.dl.itc.u-tokyo.ac.jp/repo/iiif/488411c1-969f-2e79-0f4c-9c0f67183cdd/manifest,,,,,1
Christmas mailing time,22,クリスマス郵便の時期がやってきました!,,"Recruiting Publicity Bureau (RPB, 陸軍徴兵広報局)",,710×515,"Army, Navy, Postal Services",Christmas mailing time / Packages for our armed forces overseas must be mailed between Sept. 15–Oct. 15 / Address correctly / Wrap them securely / Weight limit--5 lbs. / Size limit--15 in. long--36 in. length and girth combined / Prepay full postage / Christmas cards must be in sealed envelopes but can be mailed any time / U.S. Army and Navy Postal Services|海外で戦っている兵士にとって、クリスマス・プレゼントが期日に届くということは士気高揚の上で非常に大切であった。軍は市民に対し、10月15日までにクリスマス・プレゼントを発送するように要請した。Bogoradのサインあり。,P-111-RPB-7.29.44-221M,アメリカ太平洋地域研究センター,静止画資料,英語,0021,http://tify.sub.uni-goettingen.de/demo.html?manifest=https://archdataset.dl.itc.u-tokyo.ac.jp/manifest/f9806b74-159e-45f7-921b-eace815a871b.json,f9806b74-159e-45f7-921b-eace815a871b,https://iiif.dl.itc.u-tokyo.ac.jp/repo/s/cpas-poster/,https://iiif.dl.itc.u-tokyo.ac.jp/repo/s/cpas-poster/document/f9806b74-159e-45f7-921b-eace815a871b,http://www.cpas.c.u-tokyo.ac.jp/lib/archive_riyo1.html,https://iiif.dl.itc.u-tokyo.ac.jp/repo/files/medium/06e811e71820049fe7b0c2e270ab4b6611c21fed.jpg,https://iiif.dl.itc.u-tokyo.ac.jp/repo/api/items/654504,"東京大学大学院総合文化研究科グローバル地域研究機構アメリカ太平洋地域研究センター Center for Pacific and American Studies, The University of Tokyo, JAPAN",,,CPAS第二次世界大戦期プロパガンダポスターコレクション,,https://iiif.dl.itc.u-tokyo.ac.jp/repo/iiif/f9806b74-159e-45f7-921b-eace815a871b/manifest,,,,,1
Next! 6th war loan.,23,次なる標的へ! 第6次戦時国債,"Bingham, James",,1944,337×237,"War bonds, Japan",Next! / 6th war loan.|第6次戦時ローン広告。アメリカ兵が日本をにらんでいる。,,アメリカ太平洋地域研究センター,静止画資料,英語,0022,http://tify.sub.uni-goettingen.de/demo.html?manifest=https://archdataset.dl.itc.u-tokyo.ac.jp/manifest/f4720425-51fc-53ee-14b5-3fadd6e1a405.json,f4720425-51fc-53ee-14b5-3fadd6e1a405,https://iiif.dl.itc.u-tokyo.ac.jp/repo/s/cpas-poster/,https://iiif.dl.itc.u-tokyo.ac.jp/repo/s/cpas-poster/document/f4720425-51fc-53ee-14b5-3fadd6e1a405,http://www.cpas.c.u-tokyo.ac.jp/lib/archive_riyo1.html,https://iiif.dl.itc.u-tokyo.ac.jp/repo/files/medium/f0bd730bd971976cc870a077a7c4ea828c98811a.jpg,https://iiif.dl.itc.u-tokyo.ac.jp/repo/api/items/654503,"東京大学大学院総合文化研究科グローバル地域研究機構アメリカ太平洋地域研究センター Center for Pacific and American Studies, The University of Tokyo, JAPAN",,,CPAS第二次世界大戦期プロパガンダポスターコレクション,,https://iiif.dl.itc.u-tokyo.ac.jp/repo/iiif/f4720425-51fc-53ee-14b5-3fadd6e1a405/manifest,,,,,1
Time for action!,24,今こそ行動せよ!,"Bauer, Robert",,,557×430,War bonds,Time for action! / Invest 10% of your weekly earnings in United States war bonds,,アメリカ太平洋地域研究センター,静止画資料,英語,0023,http://tify.sub.uni-goettingen.de/demo.html?manifest=https://archdataset.dl.itc.u-tokyo.ac.jp/manifest/bbdf7ab8-a0bc-1dcd-06db-153df9e450aa.json,bbdf7ab8-a0bc-1dcd-06db-153df9e450aa,https://iiif.dl.itc.u-tokyo.ac.jp/repo/s/cpas-poster/,https://iiif.dl.itc.u-tokyo.ac.jp/repo/s/cpas-poster/document/bbdf7ab8-a0bc-1dcd-06db-153df9e450aa,http://www.cpas.c.u-tokyo.ac.jp/lib/archive_riyo1.html,https://iiif.dl.itc.u-tokyo.ac.jp/repo/files/medium/55e4e7092b5b5c5029f1bfb28532aa0f77b4fa3c.jpg,https://iiif.dl.itc.u-tokyo.ac.jp/repo/api/items/654502,"東京大学大学院総合文化研究科グローバル地域研究機構アメリカ太平洋地域研究センター Center for Pacific and American Studies, The University of Tokyo, JAPAN",,,CPAS第二次世界大戦期プロパガンダポスターコレクション,,https://iiif.dl.itc.u-tokyo.ac.jp/repo/iiif/bbdf7ab8-a0bc-1dcd-06db-153df9e450aa/manifest,,,,,1
For victory at least 10 percent of your pay every pay day,25,勝利のため、給料日ごとに1割は,,,,561×425,War bonds,Help him / Every $3.00 you put into war bonds buys 144 rifle bullets / Help yourself / Every $3.00 you put into war bonds brings you back $4.00 / For victory at least 10% of your pay every payday,,アメリカ太平洋地域研究センター,静止画資料,英語,0024,http://tify.sub.uni-goettingen.de/demo.html?manifest=https://archdataset.dl.itc.u-tokyo.ac.jp/manifest/a2392feb-227f-5a1d-9f72-f5b68bf75007.json,a2392feb-227f-5a1d-9f72-f5b68bf75007,https://iiif.dl.itc.u-tokyo.ac.jp/repo/s/cpas-poster/,https://iiif.dl.itc.u-tokyo.ac.jp/repo/s/cpas-poster/document/a2392feb-227f-5a1d-9f72-f5b68bf75007,http://www.cpas.c.u-tokyo.ac.jp/lib/archive_riyo1.html,https://iiif.dl.itc.u-tokyo.ac.jp/repo/files/medium/ac849d37fda3202da3d3e4de788df79add1826dc.jpg,https://iiif.dl.itc.u-tokyo.ac.jp/repo/api/items/654501,"東京大学大学院総合文化研究科グローバル地域研究機構アメリカ太平洋地域研究センター Center for Pacific and American Studies, The University of Tokyo, JAPAN",,,CPAS第二次世界大戦期プロパガンダポスターコレクション,,https://iiif.dl.itc.u-tokyo.ac.jp/repo/iiif/a2392feb-227f-5a1d-9f72-f5b68bf75007/manifest,,,,,1
Attack Attack Attack. Buy war bonds,27,攻めろ!攻めろ!攻めろ! 戦時国債を買おう,"Warren, Ferdinand",,1942,555×605,War bonds,Attack Attack Attack / Buy war bonds,,アメリカ太平洋地域研究センター,静止画資料,英語,0025,http://tify.sub.uni-goettingen.de/demo.html?manifest=https://archdataset.dl.itc.u-tokyo.ac.jp/manifest/7514c987-4f3c-8be2-2858-da8faca67b84.json,7514c987-4f3c-8be2-2858-da8faca67b84,https://iiif.dl.itc.u-tokyo.ac.jp/repo/s/cpas-poster/,https://iiif.dl.itc.u-tokyo.ac.jp/repo/s/cpas-poster/document/7514c987-4f3c-8be2-2858-da8faca67b84,http://www.cpas.c.u-tokyo.ac.jp/lib/archive_riyo1.html,https://iiif.dl.itc.u-tokyo.ac.jp/repo/files/medium/91f20eb4814fc63ba25ef5cf3765d0e1f333c4fd.jpg,https://iiif.dl.itc.u-tokyo.ac.jp/repo/api/items/654500,"東京大学大学院総合文化研究科グローバル地域研究機構アメリカ太平洋地域研究センター Center for Pacific and American Studies, The University of Tokyo, JAPAN",,,CPAS第二次世界大戦期プロパガンダポスターコレクション,,https://iiif.dl.itc.u-tokyo.ac.jp/repo/iiif/7514c987-4f3c-8be2-2858-da8faca67b84/manifest,,,,,1
A bond grows with baby,28,赤ん坊のようにすくすくと、債券価格が上がります,,,1942,685×495,War bonds,A bond grows with baby . .,,アメリカ太平洋地域研究センター,静止画資料,英語,0026,http://tify.sub.uni-goettingen.de/demo.html?manifest=https://archdataset.dl.itc.u-tokyo.ac.jp/manifest/05d2c8cb-8069-0790-1ec4-dfe767a179e8.json,05d2c8cb-8069-0790-1ec4-dfe767a179e8,https://iiif.dl.itc.u-tokyo.ac.jp/repo/s/cpas-poster/,https://iiif.dl.itc.u-tokyo.ac.jp/repo/s/cpas-poster/document/05d2c8cb-8069-0790-1ec4-dfe767a179e8,http://www.cpas.c.u-tokyo.ac.jp/lib/archive_riyo1.html,https://iiif.dl.itc.u-tokyo.ac.jp/repo/files/medium/f857438d4dea890e46871947a7bbea10744822da.jpg,https://iiif.dl.itc.u-tokyo.ac.jp/repo/api/items/654499,"東京大学大学院総合文化研究科グローバル地域研究機構アメリカ太平洋地域研究センター Center for Pacific and American Studies, The University of Tokyo, JAPAN",,,CPAS第二次世界大戦期プロパガンダポスターコレクション,,https://iiif.dl.itc.u-tokyo.ac.jp/repo/iiif/05d2c8cb-8069-0790-1ec4-dfe767a179e8/manifest,,,,,1
United States saving bonds,29,合衆国貯蓄債券,,,1941,690×492,War bonds,United States saving bonds / Direct obligations of the United States government / Add one-third to your investment in ten years / On sale at your post office|貯蓄債権の広告。自由の女神風?の女性が左手に貯金箱(金庫)と右手に債券を持っている図。背景には星条旗とワシントンのキャピトルも見える。,,アメリカ太平洋地域研究センター,静止画資料,英語,0027,http://tify.sub.uni-goettingen.de/demo.html?manifest=https://archdataset.dl.itc.u-tokyo.ac.jp/manifest/60b6c5b3-3cac-a07e-90a5-dc03f96f10fb.json,60b6c5b3-3cac-a07e-90a5-dc03f96f10fb,https://iiif.dl.itc.u-tokyo.ac.jp/repo/s/cpas-poster/,https://iiif.dl.itc.u-tokyo.ac.jp/repo/s/cpas-poster/document/60b6c5b3-3cac-a07e-90a5-dc03f96f10fb,http://www.cpas.c.u-tokyo.ac.jp/lib/archive_riyo1.html,https://iiif.dl.itc.u-tokyo.ac.jp/repo/files/medium/7740c202d30995080b8f82da480f681178dcf659.jpg,https://iiif.dl.itc.u-tokyo.ac.jp/repo/api/items/654498,"東京大学大学院総合文化研究科グローバル地域研究機構アメリカ太平洋地域研究センター Center for Pacific and American Studies, The University of Tokyo, JAPAN",,,CPAS第二次世界大戦期プロパガンダポスターコレクション,,https://iiif.dl.itc.u-tokyo.ac.jp/repo/iiif/60b6c5b3-3cac-a07e-90a5-dc03f96f10fb/manifest,,,,,1
Let's fly this flag. Everybody at least 10 percent in war bonds,30,この旗を掲げよう 全員が少なくとも1割を戦時国債の為に負担しよう,,,1942,710×560,War bonds,Let's fly this flag / Everybody at least 10 percent in war bonds|従業員が自分の給料の少なくとも10%を戦時公債に充当させることに同意した会社や工場では、このような旗が掲げられることになった。旗に描かれているのは独立革命時に活躍した市民兵「ミニッツ・メン」である。独立時の13州を象徴する13個の星に囲まれたこの表象は、戦時公債への協力を求める “Buy war bonds”の標語とともにしばしば登場する愛国的イメージである。,U.S. Government Printing Office: 1942-O-476088    WSS 551,アメリカ太平洋地域研究センター,静止画資料,英語,0028,http://tify.sub.uni-goettingen.de/demo.html?manifest=https://archdataset.dl.itc.u-tokyo.ac.jp/manifest/74e0341e-8378-7435-26eb-4f7da3e438a8.json,74e0341e-8378-7435-26eb-4f7da3e438a8,https://iiif.dl.itc.u-tokyo.ac.jp/repo/s/cpas-poster/,https://iiif.dl.itc.u-tokyo.ac.jp/repo/s/cpas-poster/document/74e0341e-8378-7435-26eb-4f7da3e438a8,http://www.cpas.c.u-tokyo.ac.jp/lib/archive_riyo1.html,https://iiif.dl.itc.u-tokyo.ac.jp/repo/files/medium/984cca2d5e71ea924de4b6987d05a02772edb89f.jpg,https://iiif.dl.itc.u-tokyo.ac.jp/repo/api/items/654497,"東京大学大学院総合文化研究科グローバル地域研究機構アメリカ太平洋地域研究センター Center for Pacific and American Studies, The University of Tokyo, JAPAN",,,CPAS第二次世界大戦期プロパガンダポスターコレクション,,https://iiif.dl.itc.u-tokyo.ac.jp/repo/iiif/74e0341e-8378-7435-26eb-4f7da3e438a8/manifest,,,,,1
This world cannot exist half slave and half free. Buy war bonds,31,半分奴隷で半分自由なんて世界、ありえない。戦時国債を買おう,,,1943,710×560,War bonds,This world cannot exist half slave and half free / Buy war bonds|リンカン大統領の1858年の有名な演説を持ち出し、自由世界の勝利のために戦時国債を買うように呼びかけている。演説当時のあごひげのないリンカンの顔のパステル画にはB. Rigのサインがある。,U.S. Government Printing Office: 1943-O-503946  WSS 723.,アメリカ太平洋地域研究センター,静止画資料,英語,0029,http://tify.sub.uni-goettingen.de/demo.html?manifest=https://archdataset.dl.itc.u-tokyo.ac.jp/manifest/729e47c7-3782-23e6-4b19-6860a7a73b65.json,729e47c7-3782-23e6-4b19-6860a7a73b65,https://iiif.dl.itc.u-tokyo.ac.jp/repo/s/cpas-poster/,https://iiif.dl.itc.u-tokyo.ac.jp/repo/s/cpas-poster/document/729e47c7-3782-23e6-4b19-6860a7a73b65,http://www.cpas.c.u-tokyo.ac.jp/lib/archive_riyo1.html,https://iiif.dl.itc.u-tokyo.ac.jp/repo/files/medium/0cfb6e18429e51a85a937a108855bca0668483ad.jpg,https://iiif.dl.itc.u-tokyo.ac.jp/repo/api/items/654496,"東京大学大学院総合文化研究科グローバル地域研究機構アメリカ太平洋地域研究センター Center for Pacific and American Studies, The University of Tokyo, JAPAN",,,CPAS第二次世界大戦期プロパガンダポスターコレクション,,https://iiif.dl.itc.u-tokyo.ac.jp/repo/iiif/729e47c7-3782-23e6-4b19-6860a7a73b65/manifest,,,,,1
To have and to hold—Buy war bonds,32,"愛し慈しみ,所有する。戦時国際を買おう",,Department of Treasury (財務省),1944,710×508,War bonds,To have and to hold / Buy war bonds|「大切なこの子を守ってあげたいなら、戦時公債を買いましょう」という広告。,U.S. Government Printing Office: 1944-O-579818,アメリカ太平洋地域研究センター,静止画資料,英語,0030,http://tify.sub.uni-goettingen.de/demo.html?manifest=https://archdataset.dl.itc.u-tokyo.ac.jp/manifest/e7178c54-25d4-64dd-95a3-1de5efb03fa3.json,e7178c54-25d4-64dd-95a3-1de5efb03fa3,https://iiif.dl.itc.u-tokyo.ac.jp/repo/s/cpas-poster/,https://iiif.dl.itc.u-tokyo.ac.jp/repo/s/cpas-poster/document/e7178c54-25d4-64dd-95a3-1de5efb03fa3,http://www.cpas.c.u-tokyo.ac.jp/lib/archive_riyo1.html,https://iiif.dl.itc.u-tokyo.ac.jp/repo/files/medium/3406b6cfc852018bc70f81f9f49c585388149fdf.jpg,https://iiif.dl.itc.u-tokyo.ac.jp/repo/api/items/654495,"東京大学大学院総合文化研究科グローバル地域研究機構アメリカ太平洋地域研究センター Center for Pacific and American Studies, The University of Tokyo, JAPAN",,,CPAS第二次世界大戦期プロパガンダポスターコレクション,,https://iiif.dl.itc.u-tokyo.ac.jp/repo/iiif/e7178c54-25d4-64dd-95a3-1de5efb03fa3/manifest,,,,,1
Buy a share in America. Defense savings bonds and stamps,33,アメリカ防衛の貯蓄債券と証紙に投資しよう,,,1941,1015×721,War bonds,Buy a share in America / Defense savings bonds and stamps|鋼鉄製?の頑丈そうな合州国型の貯金箱にコインを投入しようとしている手の絵。H. Billingsのサインあり。,U.S. Government Printing Office: 1941: J-414728,アメリカ太平洋地域研究センター,静止画資料,英語,0031,http://tify.sub.uni-goettingen.de/demo.html?manifest=https://archdataset.dl.itc.u-tokyo.ac.jp/manifest/d5fab1a1-6628-6afe-910b-ba0eba1813f3.json,d5fab1a1-6628-6afe-910b-ba0eba1813f3,https://iiif.dl.itc.u-tokyo.ac.jp/repo/s/cpas-poster/,https://iiif.dl.itc.u-tokyo.ac.jp/repo/s/cpas-poster/document/d5fab1a1-6628-6afe-910b-ba0eba1813f3,http://www.cpas.c.u-tokyo.ac.jp/lib/archive_riyo1.html,https://iiif.dl.itc.u-tokyo.ac.jp/repo/files/medium/2ef0fe1637c8ffe91a2f70414d3d9564c452601a.jpg,https://iiif.dl.itc.u-tokyo.ac.jp/repo/api/items/654494,"東京大学大学院総合文化研究科グローバル地域研究機構アメリカ太平洋地域研究センター Center for Pacific and American Studies, The University of Tokyo, JAPAN",,,CPAS第二次世界大戦期プロパガンダポスターコレクション,,https://iiif.dl.itc.u-tokyo.ac.jp/repo/iiif/d5fab1a1-6628-6afe-910b-ba0eba1813f3/manifest,,,,,1
I'm out to lick runaway prices. Let's all follow the 7-key plan to hold prices down,34,高くなっている値段を抑えるのに協力するわ 皆さん、価格を抑えておくための7案を実行しましょう,,"Office for War Information (OWI, 戦時情報局)",1944,717×514,Homefront,I'm out to lick runaway prices / Let's all follow the 7-key plan to hold prices down / 1. Buy and hold war bonds / 2. Pay willingly our share of taxes / 3. Provide adequate life insurance and savings for our future / 4. Reduce our debts as much as possible / 5. Buy only what we need and make what we have last longer / 6. Follow ration rules and price ceilings / 7. Cooperate with our government’s wage stabilization program|価格管理局の後身として設けられた経済安定局は、戦時中のインフレ昂進を抑制することがその重要な役割であった。エプロンを付けたエリザベス・テイラー風の女性が拳をにぎっている絵。,,アメリカ太平洋地域研究センター,静止画資料,英語,0032,http://tify.sub.uni-goettingen.de/demo.html?manifest=https://archdataset.dl.itc.u-tokyo.ac.jp/manifest/d9887641-a180-9095-2e6d-134255df1d19.json,d9887641-a180-9095-2e6d-134255df1d19,https://iiif.dl.itc.u-tokyo.ac.jp/repo/s/cpas-poster/,https://iiif.dl.itc.u-tokyo.ac.jp/repo/s/cpas-poster/document/d9887641-a180-9095-2e6d-134255df1d19,http://www.cpas.c.u-tokyo.ac.jp/lib/archive_riyo1.html,https://iiif.dl.itc.u-tokyo.ac.jp/repo/files/medium/2fe7a86c9d1ebeb52c776004768c27e2e687efca.jpg,https://iiif.dl.itc.u-tokyo.ac.jp/repo/api/items/654493,"東京大学大学院総合文化研究科グローバル地域研究機構アメリカ太平洋地域研究センター Center for Pacific and American Studies, The University of Tokyo, JAPAN",,,CPAS第二次世界大戦期プロパガンダポスターコレクション,,https://iiif.dl.itc.u-tokyo.ac.jp/repo/iiif/d9887641-a180-9095-2e6d-134255df1d19/manifest,,,,,1
Win with tin,35,ブリキで勝とう,,"War Production Board (WPB, 戦時生産局)",1942,723×509,Homefront,Clean can well and soak off label / Cut off both ends and flatten / Tuck cut-off ends in can / Save in separate containers and give to an authorized collector / Win with Tin|1缶をよく洗ってラベルをはがし、2両底を切り取って平たくし、3切り取った底を間に挟み、4コンテナに集めて正規の収集人に渡しましょう。という4コマ漫画風の絵。戦時中の金属不足から、空き缶の回収を呼びかけたもの。,U.S. Government Printing Office: 1942-O-469307.,アメリカ太平洋地域研究センター,静止画資料,英語,0033,http://tify.sub.uni-goettingen.de/demo.html?manifest=https://archdataset.dl.itc.u-tokyo.ac.jp/manifest/fa1ea1f0-046d-64e2-48e0-496c97ac6ead.json,fa1ea1f0-046d-64e2-48e0-496c97ac6ead,https://iiif.dl.itc.u-tokyo.ac.jp/repo/s/cpas-poster/,https://iiif.dl.itc.u-tokyo.ac.jp/repo/s/cpas-poster/document/fa1ea1f0-046d-64e2-48e0-496c97ac6ead,http://www.cpas.c.u-tokyo.ac.jp/lib/archive_riyo1.html,https://iiif.dl.itc.u-tokyo.ac.jp/repo/files/medium/9dba720f44b77bd83c3c829f486df8f8e74c1614.jpg,https://iiif.dl.itc.u-tokyo.ac.jp/repo/api/items/654492,"東京大学大学院総合文化研究科グローバル地域研究機構アメリカ太平洋地域研究センター Center for Pacific and American Studies, The University of Tokyo, JAPAN",,,CPAS第二次世界大戦期プロパガンダポスターコレクション,,https://iiif.dl.itc.u-tokyo.ac.jp/repo/iiif/fa1ea1f0-046d-64e2-48e0-496c97ac6ead/manifest,,,,,1
"""Every man woman and child is a partner"" President Roosevelt",36,「男性も、女性も、子供も一人残らず仲間です」フランクリン・ローズベルト,,"War Production Board (WPB, 戦時生産局)",1942,709×1017,Homefront,"""Every man woman and child is a partner"" President Roosevelt / In 1942 60,000 planes, 45,000 tanks, 20,000 A. A. guns, 8,000,000 tons of ships|1942年1月に創設された戦時生産局のポスター。ローズヴェルト大統領のことばを受けて、初年度の成果を知らせている。",U.S. Government Printing Office: 1942-453836,アメリカ太平洋地域研究センター,静止画資料,英語,0034,http://tify.sub.uni-goettingen.de/demo.html?manifest=https://archdataset.dl.itc.u-tokyo.ac.jp/manifest/8432e09a-7e9e-68d8-a237-fa493e5842c3.json,8432e09a-7e9e-68d8-a237-fa493e5842c3,https://iiif.dl.itc.u-tokyo.ac.jp/repo/s/cpas-poster/,https://iiif.dl.itc.u-tokyo.ac.jp/repo/s/cpas-poster/document/8432e09a-7e9e-68d8-a237-fa493e5842c3,http://www.cpas.c.u-tokyo.ac.jp/lib/archive_riyo1.html,https://iiif.dl.itc.u-tokyo.ac.jp/repo/files/medium/13e9df89f9d85681373ccb1b23595cc4e85674d0.jpg,https://iiif.dl.itc.u-tokyo.ac.jp/repo/api/items/654491,"東京大学大学院総合文化研究科グローバル地域研究機構アメリカ太平洋地域研究センター Center for Pacific and American Studies, The University of Tokyo, JAPAN",,,CPAS第二次世界大戦期プロパガンダポスターコレクション,,https://iiif.dl.itc.u-tokyo.ac.jp/repo/iiif/8432e09a-7e9e-68d8-a237-fa493e5842c3/manifest,,,,,1
You make it right . . . They'll make it fight,37,あなたの立派な働きが、戦争の役に立つ,"Perlin, Bernard","War Production Board (WPB, 戦時生産局)",1942,1013×721,"Homefront, Labor",You make it right . . . They'll make it fight|1942年1月に創設された戦時生産局(War Production Board)によるポスター。 武器生産労働者に対し、精勤と慎重な仕事ぶりを要請している。砲身を中心に左はこれを製造している労働者、右はそれを利用している兵士を描いている。 戦いの場と生産の場との一体感を喚起する構図である。 Bernard Perlinのサインあり。,A-20. U.S.  Government Printing Office: 1942-O-485347,アメリカ太平洋地域研究センター,静止画資料,英語,0035,http://tify.sub.uni-goettingen.de/demo.html?manifest=https://archdataset.dl.itc.u-tokyo.ac.jp/manifest/2a05ec3d-1897-469e-26e0-29f7a9879d24.json,2a05ec3d-1897-469e-26e0-29f7a9879d24,https://iiif.dl.itc.u-tokyo.ac.jp/repo/s/cpas-poster/,https://iiif.dl.itc.u-tokyo.ac.jp/repo/s/cpas-poster/document/2a05ec3d-1897-469e-26e0-29f7a9879d24,http://www.cpas.c.u-tokyo.ac.jp/lib/archive_riyo1.html,https://iiif.dl.itc.u-tokyo.ac.jp/repo/files/medium/064feda4c2ac4d8dd9349bc3809bf504d6e79042.jpg,https://iiif.dl.itc.u-tokyo.ac.jp/repo/api/items/654490,"東京大学大学院総合文化研究科グローバル地域研究機構アメリカ太平洋地域研究センター Center for Pacific and American Studies, The University of Tokyo, JAPAN",,,CPAS第二次世界大戦期プロパガンダポスターコレクション,,https://iiif.dl.itc.u-tokyo.ac.jp/repo/iiif/2a05ec3d-1897-469e-26e0-29f7a9879d24/manifest,,,,,1
American labor . . . Producing for attack,38,戦いの為、生産に従事するアメリカの労働者,,"War Production Board (WPB, 戦時生産局)",1943,1002×709,"Homefront, Labor",American labor . . . Producing for attack,"U.S. Government Printing Office 1943-o-541688  WPB Poster No. A-40. For Extra copies, address: War Production Drive Headquarters, War Production Board, Washington, D.C.",アメリカ太平洋地域研究センター,静止画資料,英語,0036,http://tify.sub.uni-goettingen.de/demo.html?manifest=https://archdataset.dl.itc.u-tokyo.ac.jp/manifest/22ae1f68-8946-4063-4f73-4aa55e12895a.json,22ae1f68-8946-4063-4f73-4aa55e12895a,https://iiif.dl.itc.u-tokyo.ac.jp/repo/s/cpas-poster/,https://iiif.dl.itc.u-tokyo.ac.jp/repo/s/cpas-poster/document/22ae1f68-8946-4063-4f73-4aa55e12895a,http://www.cpas.c.u-tokyo.ac.jp/lib/archive_riyo1.html,https://iiif.dl.itc.u-tokyo.ac.jp/repo/files/medium/b5120915639727f5fe9386b9e59136ebe24e757a.jpg,https://iiif.dl.itc.u-tokyo.ac.jp/repo/api/items/654489,"東京大学大学院総合文化研究科グローバル地域研究機構アメリカ太平洋地域研究センター Center for Pacific and American Studies, The University of Tokyo, JAPAN",,,CPAS第二次世界大戦期プロパガンダポスターコレクション,,https://iiif.dl.itc.u-tokyo.ac.jp/repo/iiif/22ae1f68-8946-4063-4f73-4aa55e12895a/manifest,,,,,1
Keep America rolling!,39,アメリカを前進させ続けよう,,"War Production Board (WPB, 戦時生産局)",1942,1015×722,Homefront,Keep America rolling! / Save your 5 best tires. Sell others to Uncle Sam|第二次大戦中、アメリカが不足に悩んだ軍需物資のひとつはゴムであった。原産地の東南アジアが日本の支配下に入ったためである。これはスペア用を含めて5本のタイヤを残して余分なものは「アンクル・サム」、すなわち合州国に売るよう呼びかけている。,U.S. Government Printing Office: 1942-466627,アメリカ太平洋地域研究センター,静止画資料,英語,0037,http://tify.sub.uni-goettingen.de/demo.html?manifest=https://archdataset.dl.itc.u-tokyo.ac.jp/manifest/c7ede317-97fa-78c1-8e4d-f3e95d1c3c69.json,c7ede317-97fa-78c1-8e4d-f3e95d1c3c69,https://iiif.dl.itc.u-tokyo.ac.jp/repo/s/cpas-poster/,https://iiif.dl.itc.u-tokyo.ac.jp/repo/s/cpas-poster/document/c7ede317-97fa-78c1-8e4d-f3e95d1c3c69,http://www.cpas.c.u-tokyo.ac.jp/lib/archive_riyo1.html,https://iiif.dl.itc.u-tokyo.ac.jp/repo/files/medium/ad21d6b5ee2ff740eb0b81819bfa2a4217ace46c.jpg,https://iiif.dl.itc.u-tokyo.ac.jp/repo/api/items/654488,"東京大学大学院総合文化研究科グローバル地域研究機構アメリカ太平洋地域研究センター Center for Pacific and American Studies, The University of Tokyo, JAPAN",,,CPAS第二次世界大戦期プロパガンダポスターコレクション,,https://iiif.dl.itc.u-tokyo.ac.jp/repo/iiif/c7ede317-97fa-78c1-8e4d-f3e95d1c3c69/manifest,,,,,1
Drive slower in hot weather,40,暑い日はゆっくり運転しましょう,,Office of Defense Transportation (国防輸送局),1942,1016×723,Homefront,Drive slower in hot weather / . . . tires wear out four times as fast at 100° as at 40°|猛暑の中ではタイヤの消耗を防ぐためにゆっくり運転するよう呼びかけたもの。,U.S. Government Printing Office: 1942-O-469857,アメリカ太平洋地域研究センター,静止画資料,英語,0038,http://tify.sub.uni-goettingen.de/demo.html?manifest=https://archdataset.dl.itc.u-tokyo.ac.jp/manifest/b882ac5a-457a-0ce9-5680-ac5484148b53.json,b882ac5a-457a-0ce9-5680-ac5484148b53,https://iiif.dl.itc.u-tokyo.ac.jp/repo/s/cpas-poster/,https://iiif.dl.itc.u-tokyo.ac.jp/repo/s/cpas-poster/document/b882ac5a-457a-0ce9-5680-ac5484148b53,http://www.cpas.c.u-tokyo.ac.jp/lib/archive_riyo1.html,https://iiif.dl.itc.u-tokyo.ac.jp/repo/files/medium/72ec579830c6cb37c03bc13e40cce92331e630ec.jpg,https://iiif.dl.itc.u-tokyo.ac.jp/repo/api/items/654487,"東京大学大学院総合文化研究科グローバル地域研究機構アメリカ太平洋地域研究センター Center for Pacific and American Studies, The University of Tokyo, JAPAN",,,CPAS第二次世界大戦期プロパガンダポスターコレクション,,https://iiif.dl.itc.u-tokyo.ac.jp/repo/iiif/b882ac5a-457a-0ce9-5680-ac5484148b53/manifest,,,,,1
Americans all,41,だれもがアメリカ人,,War Manpower Commission (戦時人的資源委員会),1942,1015×722,Homefront,"Nienciewiscz, Du Bois, Cohen, Lazarri, Hrdlicka, Santini, Schmidt, Williams, Kelly, Americans all / “. . . It is the duty of employers and labor organizers to provide for the full participation of all workers without discrimination because of race, creed, color, or national origin.” Franklin D. Roosevelt|1942年4月に創設された戦時人的資源委員会のポスター。ローズヴェルト大統領のことばを引用して、民族的起源を異にするアメリカ合州国民が一致協力して働く必要を説いた。 タンクを取り囲んで作業する人々についている名前はそのエスニシティを象徴している。 当時敵国であったドイツ系、イタリア系の名前も見られる一方で、日系を含むアジア系の名前が含まれていないところに当時のアメリカの人種観の一端を伺い知ることができる。",U.S. Government Printing Office: 1942-O-476311,アメリカ太平洋地域研究センター,静止画資料,英語,0039,http://tify.sub.uni-goettingen.de/demo.html?manifest=https://archdataset.dl.itc.u-tokyo.ac.jp/manifest/58eb7d97-6296-0514-696b-d9e47aa51265.json,58eb7d97-6296-0514-696b-d9e47aa51265,https://iiif.dl.itc.u-tokyo.ac.jp/repo/s/cpas-poster/,https://iiif.dl.itc.u-tokyo.ac.jp/repo/s/cpas-poster/document/58eb7d97-6296-0514-696b-d9e47aa51265,http://www.cpas.c.u-tokyo.ac.jp/lib/archive_riyo1.html,https://iiif.dl.itc.u-tokyo.ac.jp/repo/files/medium/05f3d954e662c945c01d649083fcea52520f17b9.jpg,https://iiif.dl.itc.u-tokyo.ac.jp/repo/api/items/654486,"東京大学大学院総合文化研究科グローバル地域研究機構アメリカ太平洋地域研究センター Center for Pacific and American Studies, The University of Tokyo, JAPAN",,,CPAS第二次世界大戦期プロパガンダポスターコレクション,,https://iiif.dl.itc.u-tokyo.ac.jp/repo/iiif/58eb7d97-6296-0514-696b-d9e47aa51265/manifest,,,,,1
Oil and steel . . . Partners in defense,42,石油と鉄鋼...防衛のパートナー,,Republic Steel,,710×514,Business,"Oil and steel . . . partners in defense / Swarming up from airfields all over the country, America’s growing air force trains to defend our freedom. Without oil, not a plane could fly / Knifing zig-zag courses through our coastal waters, fast, powerful ships patrol the vital transport lanes at sea. Without oil, they’d be helpless / Without oil, trucks, tanks, scout cars, motorcycles could not move, factories would stand silent, transportation would be paralyzed. Stop the flow of oil, and you cripple defense! / To get oil, you need steel. And America looks to Republic for steel to keep oil flowing. Steel for drilling wells. Steel casing and tubing to bring oil up from the depths of the earth. Steel line pipe to carry oil over mountains and under rivers. Steel for oil drums and tanks, and for equipment to refine oil, transport it and market it. / Part of Republic’s defense job, too, is supplying a wide variety of steels for ships, planes, tanks, trucks, as well as for the growing demands of transportation, agriculture, construction, food and countless other industries vital to this country’s efficiency and well-being. / In a gigantic “all-out” effort, Republic’s 62,000 men are breaking records in the production of good steels—the first line of national defense. / This is a reproduction of an advertisement in the July 19th issue of The Saturday Evening Post|リパブリック・スティール・シリーズ",Gift of Central Outdoor Advertising Co.,アメリカ太平洋地域研究センター,静止画資料,英語,0040,http://tify.sub.uni-goettingen.de/demo.html?manifest=https://archdataset.dl.itc.u-tokyo.ac.jp/manifest/187b1214-7cb5-694d-6d15-10a283db4390.json,187b1214-7cb5-694d-6d15-10a283db4390,https://iiif.dl.itc.u-tokyo.ac.jp/repo/s/cpas-poster/,https://iiif.dl.itc.u-tokyo.ac.jp/repo/s/cpas-poster/document/187b1214-7cb5-694d-6d15-10a283db4390,http://www.cpas.c.u-tokyo.ac.jp/lib/archive_riyo1.html,https://iiif.dl.itc.u-tokyo.ac.jp/repo/files/medium/b462d49cc39c082cf35229b8d3b0972af8759e01.jpg,https://iiif.dl.itc.u-tokyo.ac.jp/repo/api/items/654485,"東京大学大学院総合文化研究科グローバル地域研究機構アメリカ太平洋地域研究センター Center for Pacific and American Studies, The University of Tokyo, JAPAN",,,CPAS第二次世界大戦期プロパガンダポスターコレクション,,https://iiif.dl.itc.u-tokyo.ac.jp/repo/iiif/187b1214-7cb5-694d-6d15-10a283db4390/manifest,,,,,1
Pete's parents were amazed,43,ピートの両親はびっくり,,Republic Steel,,710×495,Business,"Pete’s parents were amazed / Pete came to America when he was eighteen. / He got a job. Went to night school. Became an American citizen. Was married. Now he’s a foreman—with Republic Steel. / Just before the war enveloped Europe, Pete sent back home for his parents. / When they saw this country, they were amazed. They were amazed at our buildings, our churches, our hospitals, our public schools, our parks. They were amazed at the thousands of cars on the streets—and in factory parking lots. / They were amazed to find that Pete owned a modern home, with good plumbing and hot and cold running water—that he had a radio, a telephone, electric lights, an automobile—that he went to the movies, the ball games—that he said what he pleased, read what he pleased and worshipped as he pleased. They still can’t quite understand all that they’ve seen and heard—everything’s so new, so different. Pete explains that these things are just a regular part of life, over here—but that now, they’re in danger—and that Pete and millions of other serious-minded Americans, in industry, on farms and in training camps are working to protect them. / Like Pete, his parents are proud of the fact that Republic is furnishing thousands of tons of steel for tanks, army trucks, scout cars, guns, ships and airplanes. / They have an added sense of security in the knowledge that Republic has built a great new plant exclusively to produce armor plate—that it is adding new blast furnaces, stepping up steel plate production and increasing electric furnace capacity fivefold—doing everything within its power to enable 71,000 Republic men to make steel and still more steel—the first line of defense for the American Way of Life. / This is a reproduction of an advertisement in the November 15th issue of The Saturday Evening Post",Gift of Central Outdoor Advertising Co.,アメリカ太平洋地域研究センター,静止画資料,英語,0041,http://tify.sub.uni-goettingen.de/demo.html?manifest=https://archdataset.dl.itc.u-tokyo.ac.jp/manifest/4d1d9651-0ef5-5c79-51ce-2c021b6b9a14.json,4d1d9651-0ef5-5c79-51ce-2c021b6b9a14,https://iiif.dl.itc.u-tokyo.ac.jp/repo/s/cpas-poster/,https://iiif.dl.itc.u-tokyo.ac.jp/repo/s/cpas-poster/document/4d1d9651-0ef5-5c79-51ce-2c021b6b9a14,http://www.cpas.c.u-tokyo.ac.jp/lib/archive_riyo1.html,https://iiif.dl.itc.u-tokyo.ac.jp/repo/files/medium/8b4c108ac01b8847e9eecdffd55494b08343aa73.jpg,https://iiif.dl.itc.u-tokyo.ac.jp/repo/api/items/654484,"東京大学大学院総合文化研究科グローバル地域研究機構アメリカ太平洋地域研究センター Center for Pacific and American Studies, The University of Tokyo, JAPAN",,,CPAS第二次世界大戦期プロパガンダポスターコレクション,,https://iiif.dl.itc.u-tokyo.ac.jp/repo/iiif/4d1d9651-0ef5-5c79-51ce-2c021b6b9a14/manifest,,,,,1
Old Joe said to young Joe . . .,44,老いたジョーは若きジョーに言った,,Republic Steel,,710×560,Business,"Old Joe said to young Joe . . . / “. . . when you get over there in the thick of it, son, you won’t have time to think about the fancy ideals you’re supposed to be fighting for. You’ll be interested mostly in shooting straight, and shooting first. / “But some night when you’re lying out under the stars, you’ll probably figure the whole thing out—and it will be very simple. / “You’ll realize that you’re fighting to protect the kind of decency and freedom you were raised in—and will want to raise your kinds in, too. / “You’ll be fighting to protect the opportunity that all Americans have of starting at the bottom and getting to the top—and that’s typically American. / “You’re fighting to protect your right to live your own life in your own way without being pushed around by some bright young bureaucrat who wants to do all your planning for you. / “That’s about all there is to it, son. But it’s mighty worth while—this business of keeping our freedom—of sticking to the things that have made America great. / “I’ve often thought that our own family was a pretty good example of what can happen in this country—and nowhere else. I started doing odd jobs in this very hardware store, when I was ten years old. Made up my mind I’d own it some day. Nothing in the world to stop me—if I really wanted it. / “We didn’t have cars and trucks and airplanes in those days. No radios. No telephones, movies, or electric lights. / “I didn’t have much education—didn’t have the time or money to get it. But I made up my mind that my own children would have some of the things I didn’t have. / “You’ve had a good education. You went to college. You’ve traveled around the country in your car. You’ve seen how the other fellow lives. You keep up to date through your radio and your reading. / “And, son, it’s hard to believe that most of the inventions, advantages and improvements that have made you more efficient and more comfortable, have happened in my lifetime. / “But that’s the very thing I’m talking about. That’s the power of America. We’ve got push in this country—and ingenuity—the determination to keep on getting stronger and better all the time. / “And all of us have got to see that nothing stops that kind of progress—neither enemies from the outside, not from the inside. / “You’re a chip off the old block, son. You think about the way I do. You work hard—very hard. But you’ve had more advantages than I had. And you’re a better man in every way. You’ll go farther. / “Just remember this, my boy—you’re a free agent. Your future is under your hat. You have seen what our American way of doing things has meant to you and me and millions of others, in opportunity, progress and happiness. That’s what you’re really fighting for, son. You put the heat on, over there—and I’ll put it on over here.” / We all have “Young Joes”—brothers, sons, buddies—who are over there putting the heat on, for us. Let’s put the heat on over here, for them . . . by turning out the steel they need to win, and by everything humanly possible to speed up our final Victory. Millions who also want to keep America American will see this story in the February 12 Saturday Evening Post and other leading publications.",Gift of Central Outdoor Advertising Co.,アメリカ太平洋地域研究センター,静止画資料,英語,0042,http://tify.sub.uni-goettingen.de/demo.html?manifest=https://archdataset.dl.itc.u-tokyo.ac.jp/manifest/2e20e648-23d7-5c08-6c82-a658bd0548d2.json,2e20e648-23d7-5c08-6c82-a658bd0548d2,https://iiif.dl.itc.u-tokyo.ac.jp/repo/s/cpas-poster/,https://iiif.dl.itc.u-tokyo.ac.jp/repo/s/cpas-poster/document/2e20e648-23d7-5c08-6c82-a658bd0548d2,http://www.cpas.c.u-tokyo.ac.jp/lib/archive_riyo1.html,https://iiif.dl.itc.u-tokyo.ac.jp/repo/files/medium/d0ed0fffe46d4b4c0ce0d28b39da062393d0692d.jpg,https://iiif.dl.itc.u-tokyo.ac.jp/repo/api/items/654483,"東京大学大学院総合文化研究科グローバル地域研究機構アメリカ太平洋地域研究センター Center for Pacific and American Studies, The University of Tokyo, JAPAN",,,CPAS第二次世界大戦期プロパガンダポスターコレクション,,https://iiif.dl.itc.u-tokyo.ac.jp/repo/iiif/2e20e648-23d7-5c08-6c82-a658bd0548d2/manifest,,,,,1
"""Now . . . if I was down there in Washington . . .""",45,「ふむ...もし俺がワシントンにいたらな」,,Republic Steel,,710×560,Business,"“Now . . . if I was down there in Washington . . .” / That’s Joe talking. Every night when he stops in for his coffee and sinkers he has plenty to tell the boys about how this was should be run. Maybe he’s right and maybe he isn’t. / The important thing is that he can say what he thinks—out loud. Right in front of Tom Burke, the cop. He couldn’t do that in Germany or Japan or Italy . . . or in any of the nations that have been “liberated” by the New Order. / But Joe is an American. / And because Joe is an American, he has more privileges—and more opportunities—than can be found anywhere else in the world. If he doesn’t want to work for somebody else, he can operate a business of his own—anywhere. Joe is a free agent. His future is under his hat. / Like millions of other Americans on the way up, Joe can cash in on a way of life that has brought America the highest standards of living in the world—by a big margin. / It is a typically American way of life—based on American ingenuity, ambition, desire to get ahead. It gives every person a chance. / That is why today, after a comparatively short time, team work and cooperation in American industry and American agriculture are performing miracles of production that would be impossible in a country weakened by years of regimentation and dictatorship. / American boys are fighting for the inherited right of all of us, wherever we live, or whatever we do, to live our lives the way we want to live them. And when those boys come home they want to find again, the basic rights and freedoms on which this country was built. / Over 13,000 Republic men are in uniform. Nearly 70,000 other Republic men and women are backing them up with record-breaking steel production. In 1942 they beat the 1941 record by 479,000 tons. / Every American has a job to do in this war. Buy bonds—donate blood—enroll in civilian defense—keep vital scrap metal flowing to war plants—work harder at the job—whatever it may be! / We Americans—all the Joes, the Tom Burkes and everybody else—130 millions of us—have more to fight for than any other people in the world. Our stake in victory is our free way of life. Let’s guard it faithfully! / You’re not breaking steel production records for the fun of it. You’re doing it so that we Americans can keep on running our own lives instead of having a demented dictator order us around. The millions who will read this message in the February 27th Saturday Evening Post are glad you’re doing such a swell job.",Gift of Central Outdoor Advertising Co.,アメリカ太平洋地域研究センター,静止画資料,英語,0043,http://tify.sub.uni-goettingen.de/demo.html?manifest=https://archdataset.dl.itc.u-tokyo.ac.jp/manifest/ec728a89-11c2-999b-204c-511f321b7605.json,ec728a89-11c2-999b-204c-511f321b7605,https://iiif.dl.itc.u-tokyo.ac.jp/repo/s/cpas-poster/,https://iiif.dl.itc.u-tokyo.ac.jp/repo/s/cpas-poster/document/ec728a89-11c2-999b-204c-511f321b7605,http://www.cpas.c.u-tokyo.ac.jp/lib/archive_riyo1.html,https://iiif.dl.itc.u-tokyo.ac.jp/repo/files/medium/ead585a875e0916ac81e5ad31de901a3b55d0883.jpg,https://iiif.dl.itc.u-tokyo.ac.jp/repo/api/items/654482,"東京大学大学院総合文化研究科グローバル地域研究機構アメリカ太平洋地域研究センター Center for Pacific and American Studies, The University of Tokyo, JAPAN",,,CPAS第二次世界大戦期プロパガンダポスターコレクション,,https://iiif.dl.itc.u-tokyo.ac.jp/repo/iiif/ec728a89-11c2-999b-204c-511f321b7605/manifest,,,,,1
Night attack on the home front,46,銃後の夜間攻撃,,Republic Steel,,710×560,Business,"Night attack on the home front. / It’s scheduled for tonight—and every night—on a million American farms. Without bands, glamour, publicity or pennants, Mr. and Mrs. Farmer and their families are valiantly fighting the critical Battle of Food. / American farmers always have been faithful guardians of this country’s way of life—staunch champions of our particular brand of free thought—free speech—free enterprise. / Today, Uncle Sam is asking them for a miracle—and he’s getting it. / He needs food for our rapidly expanding army and navy, for the millions of war workers and for the remainder of our civilian population. He needs lend-lease food—countless cargoes of it—to help keep our Allies in the fight. / Short-handed as they are, this country’s farmers are working longer hours than ever before, with every piece of mechanical equipment at their disposal, to meet ever increasing production quotas. / And steel is helping, all along the lines. Its practical application to the solution of farm problems always has been one of the industry’s major activities. It helps to make possible the dependable service that farmers are getting from their tools, tractors and other implements in these days of almost continuous operation. / Today, Republic’s mines, mills and offices are working full time on war work. Tens of thousands of hard-working Republic men* and women are turning out record-breaking tonnages of steel for ship plates, armor, aircraft, tanks, guns, bombs, shells, and hundreds of other vital products that make up the material of war. / Yet, the study of new and improved steels for farms goes on continuously at “Steel Way” Farm, Republic’s unique 500-acre laboratory. / This activity typifies the extensive scientific research in metals, markets and methods by which Republic is preparing for the future when mills and men will be kept busy with the needs of a peacetime world. / But first, a desperate struggle must be won. And the farmer, the factory worker and the man in uniform are working together in our fight for the rights and freedoms that America holds dear. / * More than 14,000 Republic men are in the armed forces of the United States. / Your buddies in uniform can smash any combination of Japanazis—if you and the farmers of American give them the steel and food they need. Keep up the swell job you’ve been doing. Millions will read about it in the April 17 Saturday Evening Post.",Gift of Central Outdoor Advertising Co.,アメリカ太平洋地域研究センター,静止画資料,英語,0044,http://tify.sub.uni-goettingen.de/demo.html?manifest=https://archdataset.dl.itc.u-tokyo.ac.jp/manifest/1f8adec9-6201-a478-4b1a-b73c3972096b.json,1f8adec9-6201-a478-4b1a-b73c3972096b,https://iiif.dl.itc.u-tokyo.ac.jp/repo/s/cpas-poster/,https://iiif.dl.itc.u-tokyo.ac.jp/repo/s/cpas-poster/document/1f8adec9-6201-a478-4b1a-b73c3972096b,http://www.cpas.c.u-tokyo.ac.jp/lib/archive_riyo1.html,https://iiif.dl.itc.u-tokyo.ac.jp/repo/files/medium/9f35694ab0615700e960422559283bec18477b1b.jpg,https://iiif.dl.itc.u-tokyo.ac.jp/repo/api/items/654481,"東京大学大学院総合文化研究科グローバル地域研究機構アメリカ太平洋地域研究センター Center for Pacific and American Studies, The University of Tokyo, JAPAN",,,CPAS第二次世界大戦期プロパガンダポスターコレクション,,https://iiif.dl.itc.u-tokyo.ac.jp/repo/iiif/1f8adec9-6201-a478-4b1a-b73c3972096b/manifest,,,,,1
"Peter, You can never be president . . .",47,ピーター、君は大統領にはなれないけれど...,,Republic Steel,,710×515,Business,"Peter, You can never be president . . . / But, that’s about the only door that’s barred to you—an immigrant boy—in America. / You can become a great doctor. / Or a painter or musician. / You can be the head of a business. / You can be a farmer, a teacher, a scientist, a mechanic, a clergyman or a statesman. / It requires ability, the desire to get ahead, the will to work, and faith in yourself, in America and in God. / The opportunity is here. / The fact that you are poor—and were born in a foreign country needn’t hold you back. / In this country nearly everyone at the top started at the bottom. / Who you are or where you came from doesn’t matter. / Whether you work for somebody else—or some day employ other people in a business of your own —you’re free in America. / And that is important. / It’s that very freedom for individuals, industry and agriculture that provides incentive, creates competition, permits business to grow, makes jobs, increases production, lowers costs and raises wages. / That’s the American way. / In this country we have always encouraged inventive skill and ingenuity. / Here, most of us take pride in honest work and achievement. / The highest standard of living in the world is the result. / And that’s something to think about. / But in spite of all that, you’ll find people here who talk about “rebuilding America.” They say it’s old fashioned, that it has outgrown its Constitution and its Bill of Rights. / They would like to change all the things that have made America great—and pattern it after some other country. / You’ll hear a lot about voting for so-and-so because he’ll “take care of you and your family from now on.” / But you’ll find that most self-respecting Americans prefer to take care of themselves—and work out their own futures. / Americans don’t like to have someone else do their thinking for them—or tell them how to live their lives. / Americans don’t like to be pushed around. / Our forefathers founded this country to get away from that sort of thing. / That’s why millions of people have settled here—and prospered. / That’s why you and your parents came over here. / That’s why millions of other people, weary of being bossed by dictators, harassed by bureaucrats, told what to do, where to work, what wages they can have—would give anything to be in America. / Study this country carefully, Peter. Find out what really makes it tick. / Study its political, social and industrial history, its achievements in agriculture. / Discover for yourself how the power and the glory of America lie in her birthright of freedom and opportunity. / Remember that we are fighting this war to defend that birthright. / No, you can never be president, Peter—but your children can! And you can win a solid place for yourself and build a shining future here, if you will learn to stand on your own feet and if you will do your share to keep America American. / We’re free today only because the early Americans wanted freedom enough to fight for it. We’ll stay free only if we have the same determination to live our own lives. Millions who also want to keep America American will see this message in the May 20 Saturday Evening Post and other leading publications.",Gift of Central Outdoor Advertising Co.,アメリカ太平洋地域研究センター,静止画資料,英語,0045,http://tify.sub.uni-goettingen.de/demo.html?manifest=https://archdataset.dl.itc.u-tokyo.ac.jp/manifest/be62f09a-0951-66fc-6cf7-cb9558302437.json,be62f09a-0951-66fc-6cf7-cb9558302437,https://iiif.dl.itc.u-tokyo.ac.jp/repo/s/cpas-poster/,https://iiif.dl.itc.u-tokyo.ac.jp/repo/s/cpas-poster/document/be62f09a-0951-66fc-6cf7-cb9558302437,http://www.cpas.c.u-tokyo.ac.jp/lib/archive_riyo1.html,https://iiif.dl.itc.u-tokyo.ac.jp/repo/files/medium/e3f55c7ae5e0ce254bc41b29b85b8d34b8034dfd.jpg,https://iiif.dl.itc.u-tokyo.ac.jp/repo/api/items/654480,"東京大学大学院総合文化研究科グローバル地域研究機構アメリカ太平洋地域研究センター Center for Pacific and American Studies, The University of Tokyo, JAPAN",,,CPAS第二次世界大戦期プロパガンダポスターコレクション,,https://iiif.dl.itc.u-tokyo.ac.jp/repo/iiif/be62f09a-0951-66fc-6cf7-cb9558302437/manifest,,,,,1
"""I wonder what Jim's doing now!""",48,「ジムは今どうしているのかしら!」,,Republic Steel,,711×515,Business,"“I wonder what Jim’s doing now!” / The anthem they’re singing . . . it was always one of Jim’s favorites. / How handsome he looked in his uniform when he was home. He wore a sergeant’s stripes but I shall always think of him as my baby. As we talked together, he seemed much older and more assured—but all the time I was thinking of how he used to say his prayers every evening at my knee. / Yes, Jim has really grown up. He has seen action in foreign lands. He has seen, too, with his own eyes, what has happened to the people of those countries. / “Until I actually saw it,” he wrote, “I never could have believed what complete regimentation can do to a people. It was done so cleverly and so gradually by their leaders. The people traded rights as free citizens for glittering promises of security. Within a few years they had not only lost their freedoms but their security, too.” / I guess Jim never fully realized until now what it means to live as a free American. He says he knows now what he is really fighting for—to keep America free. / At first, I only half understood what he meant. It’s hard to believe, but he is actually worried about what’s going on back here in America. / Jim’s final words in that same letter will always stay with me. / “Mother,” he wrote, “you can depend on me to handle our family’s share of the fighting over here. But I’ve talked it over with lots of the fellows I know. And we’re expecting you folks back home to keep alive the things we’re fighting for . . . / “I want to make my way in the world on my own, Mother, like you and Dad have done—after we’ve cleaned up this mess. All I want is a fair chance to get ahead . . . without needless interference. When I get back, I merely want the opportunities that only our American way of life can give.” / Our American system of enterprise has helped change this country from a colony to the world’s greatest nation within a few generations. It has helped maintain our freedom to work, worship, speak, think, play and vote as we please. In fighting a way to restore freedom to the world, let us be sure that we shall keep our own. / “In fighting a war to restore freedom to the world, let us be sure that we shall keep our own.” These words, from the message above, are words that every American should remember and act on if he wants to stay free. More than 30 million Americans will have the opportunity to read them in the July 15 Saturday Evening Post and other leading publications.",Gift of Central Outdoor Advertising Co.,アメリカ太平洋地域研究センター,静止画資料,英語,0046,http://tify.sub.uni-goettingen.de/demo.html?manifest=https://archdataset.dl.itc.u-tokyo.ac.jp/manifest/3b9b9c2c-1baa-a127-2612-9f688d6d7f07.json,3b9b9c2c-1baa-a127-2612-9f688d6d7f07,https://iiif.dl.itc.u-tokyo.ac.jp/repo/s/cpas-poster/,https://iiif.dl.itc.u-tokyo.ac.jp/repo/s/cpas-poster/document/3b9b9c2c-1baa-a127-2612-9f688d6d7f07,http://www.cpas.c.u-tokyo.ac.jp/lib/archive_riyo1.html,https://iiif.dl.itc.u-tokyo.ac.jp/repo/files/medium/c5ca6bead44b1204c32883a504ac2bc90b97062a.jpg,https://iiif.dl.itc.u-tokyo.ac.jp/repo/api/items/654479,"東京大学大学院総合文化研究科グローバル地域研究機構アメリカ太平洋地域研究センター Center for Pacific and American Studies, The University of Tokyo, JAPAN",,,CPAS第二次世界大戦期プロパガンダポスターコレクション,,https://iiif.dl.itc.u-tokyo.ac.jp/repo/iiif/3b9b9c2c-1baa-a127-2612-9f688d6d7f07/manifest,,,,,1
. . . Before it goes any farther,49,...これ以上事が進む前に,,Republic Steel,,710×560,Business,"“. . . before it goes any farther” / “Tom, it sure worries me when I hear all this talk about keeping wartime restrictions on business after the war. I actually get scared.” / “But Jim, why should fellows like you and me worry about that. We don’t own stock or clip coupons. How business is regulated—and to what extent—those are problems for the big shots. They don’t affect us at all—do they?” / “You’re so close to your job, Tom, I’m afraid you don’t see the whole picture. Why, when I worry about business, I’m worrying about you and me and our families. Any way you look at it, it affects us—and how! / “This old fashioned idea of drawing a line between the men in the office and the men in the plant is a lot of bunk. When you add it all up, workers and management are partners in business, the business of being Americans and keeping this country American. Our problems and the boss’s problems are really very much the same. Whatever hurts business hurts us too. / “When you come right down to it, we all work. We all furnish capital in one way or another to some kind of business enterprise. And we’re all customers of somebody. / “The heads of our business depend on us to produce goods. We depend on them to supply the plant, the equipment, the materials, the engineering, the management—and to develop sales and markets for the goods we produce—so that we can produce more of them. / “As production goes up, costs per product go down. We can make more money and buy more of the things we want. The company can plow more money back into more jobs, better plants, and improved equipment—and the customers get lower prices. / “It’s a cinch that business has got to have freedom from a lot of this unnecessary outside meddling if it’s going to get anywhere—and if you and I are going to get anywhere. / “All of us, from the boss on down, are ready and willing to do most anything to finish this country’s number one job—winning the war—and will put up with almost anything to do it. / “But when our boys come back from the war, they’ve got to have jobs and opportunity. And business can’t give it to them if we don’t give business the green light. / “Take it from me Tom, peacetime regimentation is dangerous—no matter who it applies to. And the trouble is, that once something like that gets started, it grows—and grows. As I see it—it’s up to us, and millions more like us, to stop it before it goes any farther.” / “Peacetime regimentation is dangerous . . . It’s up to us, and millions more like us, to stop it before it goes any farther.” That thought from the above message is important to every worker, businessman and farmer who wants to keep his opportunity to work and get ahead in the free American way. It will appear in the August 12 Saturday Evening Post and other leading publications read by more than 30 million people.",Gift of Central Outdoor Advertising Co.,アメリカ太平洋地域研究センター,静止画資料,英語,0047,http://tify.sub.uni-goettingen.de/demo.html?manifest=https://archdataset.dl.itc.u-tokyo.ac.jp/manifest/c43167cf-38df-6a95-0a11-91491ad26afc.json,c43167cf-38df-6a95-0a11-91491ad26afc,https://iiif.dl.itc.u-tokyo.ac.jp/repo/s/cpas-poster/,https://iiif.dl.itc.u-tokyo.ac.jp/repo/s/cpas-poster/document/c43167cf-38df-6a95-0a11-91491ad26afc,http://www.cpas.c.u-tokyo.ac.jp/lib/archive_riyo1.html,https://iiif.dl.itc.u-tokyo.ac.jp/repo/files/medium/d3ddb6329b797ba2754d24f0f3c7eede2501c353.jpg,https://iiif.dl.itc.u-tokyo.ac.jp/repo/api/items/654478,"東京大学大学院総合文化研究科グローバル地域研究機構アメリカ太平洋地域研究センター Center for Pacific and American Studies, The University of Tokyo, JAPAN",,,CPAS第二次世界大戦期プロパガンダポスターコレクション,,https://iiif.dl.itc.u-tokyo.ac.jp/repo/iiif/c43167cf-38df-6a95-0a11-91491ad26afc/manifest,,,,,1
Capitalist . . . American style,50,資本主義者...これぞアメリカ流,,Republic Steel,,710×559,Business,"Capitalist . . . American style / He’s in business for himself, this kid. / He invests his own money in his newspapers because he has confidence in his own ability to sell them at a profit. / He has learned by experience that business grows through hard work, salesmanship and thrift. / He gets plenty of hard knocks—but profits by them. / He knows what competition means—and has learned to meet it. / He uses his wits. / He gets ahead. / He is capitalist, laborer and consumer combined. / He is typically American. / Multiply this boy by millions—and you’ll see what makes America tick. / We’re all capitalists in America. We don’t wear cut-away coats and plug hats. We wear overalls—work in our shirt sleeves. / We carry life insurance, or have savings accounts, or hold war bonds, or own farms, garages, fruit stands, drug stores, or other businesses—large and small. And as capitalists we are all interested in a fair return on our money. / All of us labor for a living. And as laborers we are all interested in making as much money as possible by producing more goods and services for more people. / At the same time we are all consumers. We buy food, clothing, shelter, luxuries. And as consumers we are interested in fair prices, honest values, good service. / Like the newsboy, each one of us is a combination of capitalist, laborer and consumer. / Each of us is free to take his own future in his own hands—and pull himself up by his bootstraps. That is the grand American privilege. It makes newsboys into business men—shop workers into industrial leaders and successful farmers out of chore boys. / There are no restrictions on ability in America—and there must be none. / For as business, industry and agriculture grow in this country, more jobs are created. More people benefit. More men, starting at the bottom, reach the top. New products are made. Production goes up. Prosperity follows. Higher standards of living are provided for more people. A desire for still better things is created. / That’s progress. That’s free enterprise. That’s AMERICA. / We Americans have always had a better chance to get ahead than any other people in the world. That’s because we’ve always pulled together, making better things, better jobs and greater happiness for more and more people. That’s the American Way—and every American knows that it works. More than 30 million will see this message in the October 7 Saturday Evening Post and other leading publications.|同社は反労働組合、右翼支持で知られていた。",Oct. 7 Saturday Evening Post,アメリカ太平洋地域研究センター,静止画資料,英語,0048,http://tify.sub.uni-goettingen.de/demo.html?manifest=https://archdataset.dl.itc.u-tokyo.ac.jp/manifest/052fd773-0007-0789-3a9a-696011d13dbc.json,052fd773-0007-0789-3a9a-696011d13dbc,https://iiif.dl.itc.u-tokyo.ac.jp/repo/s/cpas-poster/,https://iiif.dl.itc.u-tokyo.ac.jp/repo/s/cpas-poster/document/052fd773-0007-0789-3a9a-696011d13dbc,http://www.cpas.c.u-tokyo.ac.jp/lib/archive_riyo1.html,https://iiif.dl.itc.u-tokyo.ac.jp/repo/files/medium/28c3e014daecc91bf40fef3cba60020bfecddc4c.jpg,https://iiif.dl.itc.u-tokyo.ac.jp/repo/api/items/654477,"東京大学大学院総合文化研究科グローバル地域研究機構アメリカ太平洋地域研究センター Center for Pacific and American Studies, The University of Tokyo, JAPAN",,,CPAS第二次世界大戦期プロパガンダポスターコレクション,,https://iiif.dl.itc.u-tokyo.ac.jp/repo/iiif/052fd773-0007-0789-3a9a-696011d13dbc/manifest,,,,,1
Beat the promised date! Let's keep 'em pulling for victory,51,納品日より更に早く!勝利のために進み続けよう,,General Motors Corporation,,1021×765,Business,Beat the promised date! / Let's keep 'em pulling for victory|GMCシリーズ。ジェネラル・モーターズ社は戦時中、需要に応じて軍用トラックの製造に力を注ぐ一方で、民間用トラック、バスの製造も戦争遂行の一助となることを訴えている。,GMC-A,アメリカ太平洋地域研究センター,静止画資料,英語,0049,http://tify.sub.uni-goettingen.de/demo.html?manifest=https://archdataset.dl.itc.u-tokyo.ac.jp/manifest/e22b1c7a-0edd-6c30-2542-d10ce7319de9.json,e22b1c7a-0edd-6c30-2542-d10ce7319de9,https://iiif.dl.itc.u-tokyo.ac.jp/repo/s/cpas-poster/,https://iiif.dl.itc.u-tokyo.ac.jp/repo/s/cpas-poster/document/e22b1c7a-0edd-6c30-2542-d10ce7319de9,http://www.cpas.c.u-tokyo.ac.jp/lib/archive_riyo1.html,https://iiif.dl.itc.u-tokyo.ac.jp/repo/files/medium/5d8b9006c08a3d520536fa070ceaa9481875d8b3.jpg,https://iiif.dl.itc.u-tokyo.ac.jp/repo/api/items/654476,"東京大学大学院総合文化研究科グローバル地域研究機構アメリカ太平洋地域研究センター Center for Pacific and American Studies, The University of Tokyo, JAPAN",,,CPAS第二次世界大戦期プロパガンダポスターコレクション,,https://iiif.dl.itc.u-tokyo.ac.jp/repo/iiif/e22b1c7a-0edd-6c30-2542-d10ce7319de9/manifest,,,,,1
Transporting troops or war workers. Let's keep 'em pulling for victory,52,部隊、そして戦争労働者を運べ――勝利のために進み続けよう,,General Motors Corporation,,1005×751,Business,Transporting troops or war workers / Let's keep 'em pulling for victory|GMCシリーズ,GMC-G,アメリカ太平洋地域研究センター,静止画資料,英語,0050,http://tify.sub.uni-goettingen.de/demo.html?manifest=https://archdataset.dl.itc.u-tokyo.ac.jp/manifest/c84a66b3-0585-9d8a-9889-ef075e1418ea.json,c84a66b3-0585-9d8a-9889-ef075e1418ea,https://iiif.dl.itc.u-tokyo.ac.jp/repo/s/cpas-poster/,https://iiif.dl.itc.u-tokyo.ac.jp/repo/s/cpas-poster/document/c84a66b3-0585-9d8a-9889-ef075e1418ea,http://www.cpas.c.u-tokyo.ac.jp/lib/archive_riyo1.html,https://iiif.dl.itc.u-tokyo.ac.jp/repo/files/medium/7045c87ffb9cafa671a4ddc7a70ff6613db18817.jpg,https://iiif.dl.itc.u-tokyo.ac.jp/repo/api/items/654475,"東京大学大学院総合文化研究科グローバル地域研究機構アメリカ太平洋地域研究センター Center for Pacific and American Studies, The University of Tokyo, JAPAN",,,CPAS第二次世界大戦期プロパガンダポスターコレクション,,https://iiif.dl.itc.u-tokyo.ac.jp/repo/iiif/c84a66b3-0585-9d8a-9889-ef075e1418ea/manifest,,,,,1
On battle lines or transport lines—Let's keep 'em pulling for victory,53,戦闘最前線、また輸送部隊にて――勝利のために進み続けよう,,General Motors Corporation,,1001×750,Business,On battle lines or transport lines— / Let's keep 'em pulling for victory|GMCシリーズ,GMC-L,アメリカ太平洋地域研究センター,静止画資料,英語,0051,http://tify.sub.uni-goettingen.de/demo.html?manifest=https://archdataset.dl.itc.u-tokyo.ac.jp/manifest/66792945-7c51-8e90-58f5-7259185c01ed.json,66792945-7c51-8e90-58f5-7259185c01ed,https://iiif.dl.itc.u-tokyo.ac.jp/repo/s/cpas-poster/,https://iiif.dl.itc.u-tokyo.ac.jp/repo/s/cpas-poster/document/66792945-7c51-8e90-58f5-7259185c01ed,http://www.cpas.c.u-tokyo.ac.jp/lib/archive_riyo1.html,https://iiif.dl.itc.u-tokyo.ac.jp/repo/files/medium/f760446c62671c50f66c29c56db1b8c6efa37647.jpg,https://iiif.dl.itc.u-tokyo.ac.jp/repo/api/items/654474,"東京大学大学院総合文化研究科グローバル地域研究機構アメリカ太平洋地域研究センター Center for Pacific and American Studies, The University of Tokyo, JAPAN",,,CPAS第二次世界大戦期プロパガンダポスターコレクション,,https://iiif.dl.itc.u-tokyo.ac.jp/repo/iiif/66792945-7c51-8e90-58f5-7259185c01ed/manifest,,,,,1
Hauling guns or goods. Let's keep 'em pulling for victory,54,武器や物資を輸送......勝利のために進み続けよう,,General Motors Corporation,,1005×749,Business,Hauling guns or goods / Let's keep 'em pulling for victory|GMCシリーズ,GMC-T,アメリカ太平洋地域研究センター,静止画資料,英語,0052,http://tify.sub.uni-goettingen.de/demo.html?manifest=https://archdataset.dl.itc.u-tokyo.ac.jp/manifest/bc364ee4-88e5-1eb9-8923-cbad8d9e4d68.json,bc364ee4-88e5-1eb9-8923-cbad8d9e4d68,https://iiif.dl.itc.u-tokyo.ac.jp/repo/s/cpas-poster/,https://iiif.dl.itc.u-tokyo.ac.jp/repo/s/cpas-poster/document/bc364ee4-88e5-1eb9-8923-cbad8d9e4d68,http://www.cpas.c.u-tokyo.ac.jp/lib/archive_riyo1.html,https://iiif.dl.itc.u-tokyo.ac.jp/repo/files/medium/2e42a52f38d0468c683fe650e3f293f010967bf9.jpg,https://iiif.dl.itc.u-tokyo.ac.jp/repo/api/items/654473,"東京大学大学院総合文化研究科グローバル地域研究機構アメリカ太平洋地域研究センター Center for Pacific and American Studies, The University of Tokyo, JAPAN",,,CPAS第二次世界大戦期プロパガンダポスターコレクション,,https://iiif.dl.itc.u-tokyo.ac.jp/repo/iiif/bc364ee4-88e5-1eb9-8923-cbad8d9e4d68/manifest,,,,,1
"""Soldiers three""—all GMC. Let's keep 'em pulling for victory",55,「三人の兵士」全てGMC――勝利のために進み続けよう,,General Motors Corporation,,1005×751,Business,"""Solders three""—all GMC / 1 Army Trucks / 2 Army coaches / 3 Commercial trucks / Let's keep 'em pulling for victory|GMCシリーズ",GMC-U,アメリカ太平洋地域研究センター,静止画資料,英語,0053,http://tify.sub.uni-goettingen.de/demo.html?manifest=https://archdataset.dl.itc.u-tokyo.ac.jp/manifest/55a4b582-66da-60df-0bb1-608d375aa0a6.json,55a4b582-66da-60df-0bb1-608d375aa0a6,https://iiif.dl.itc.u-tokyo.ac.jp/repo/s/cpas-poster/,https://iiif.dl.itc.u-tokyo.ac.jp/repo/s/cpas-poster/document/55a4b582-66da-60df-0bb1-608d375aa0a6,http://www.cpas.c.u-tokyo.ac.jp/lib/archive_riyo1.html,https://iiif.dl.itc.u-tokyo.ac.jp/repo/files/medium/f5961ef8a56cc8a269e29f26cd9fa17ccfacfeab.jpg,https://iiif.dl.itc.u-tokyo.ac.jp/repo/api/items/654472,"東京大学大学院総合文化研究科グローバル地域研究機構アメリカ太平洋地域研究センター Center for Pacific and American Studies, The University of Tokyo, JAPAN",,,CPAS第二次世界大戦期プロパガンダポスターコレクション,,https://iiif.dl.itc.u-tokyo.ac.jp/repo/iiif/55a4b582-66da-60df-0bb1-608d375aa0a6/manifest,,,,,1
Let him always wake unharmed! Keep America free!,56,この子が毎朝無事に目を覚ませるように!――アメリカの自由を守れ,,General Motors Corporation,1942,1038×789,Business,Let him always wake unharmed! / Keep America free!|GMCシリーズ,,アメリカ太平洋地域研究センター,静止画資料,英語,0054,http://tify.sub.uni-goettingen.de/demo.html?manifest=https://archdataset.dl.itc.u-tokyo.ac.jp/manifest/fca86240-7fdd-2a1d-02b7-a7770bc01643.json,fca86240-7fdd-2a1d-02b7-a7770bc01643,https://iiif.dl.itc.u-tokyo.ac.jp/repo/s/cpas-poster/,https://iiif.dl.itc.u-tokyo.ac.jp/repo/s/cpas-poster/document/fca86240-7fdd-2a1d-02b7-a7770bc01643,http://www.cpas.c.u-tokyo.ac.jp/lib/archive_riyo1.html,https://iiif.dl.itc.u-tokyo.ac.jp/repo/files/medium/8a7b92101f9cbc32854e0101d7eb0808c3142bde.jpg,https://iiif.dl.itc.u-tokyo.ac.jp/repo/api/items/654471,"東京大学大学院総合文化研究科グローバル地域研究機構アメリカ太平洋地域研究センター Center for Pacific and American Studies, The University of Tokyo, JAPAN",,,CPAS第二次世界大戦期プロパガンダポスターコレクション,,https://iiif.dl.itc.u-tokyo.ac.jp/repo/iiif/fca86240-7fdd-2a1d-02b7-a7770bc01643/manifest,,,,,1
It's a two fisted fight. Keep 'em fighting!,57,これは2つの分野の戦いだ――戦闘継続を支援しよう!,,General Motors Corporation,1942,1038×786,Business,It's a two fisted fight / Keep 'em fighting!|GMCシリーズ,,アメリカ太平洋地域研究センター,静止画資料,英語,0055,http://tify.sub.uni-goettingen.de/demo.html?manifest=https://archdataset.dl.itc.u-tokyo.ac.jp/manifest/d505ee0c-7acd-5510-6f1d-f897f32200d3.json,d505ee0c-7acd-5510-6f1d-f897f32200d3,https://iiif.dl.itc.u-tokyo.ac.jp/repo/s/cpas-poster/,https://iiif.dl.itc.u-tokyo.ac.jp/repo/s/cpas-poster/document/d505ee0c-7acd-5510-6f1d-f897f32200d3,http://www.cpas.c.u-tokyo.ac.jp/lib/archive_riyo1.html,https://iiif.dl.itc.u-tokyo.ac.jp/repo/files/medium/566bfb22fefbb2e0404472642ed8d95a0ee15ed2.jpg,https://iiif.dl.itc.u-tokyo.ac.jp/repo/api/items/654470,"東京大学大学院総合文化研究科グローバル地域研究機構アメリカ太平洋地域研究センター Center for Pacific and American Studies, The University of Tokyo, JAPAN",,,CPAS第二次世界大戦期プロパガンダポスターコレクション,,https://iiif.dl.itc.u-tokyo.ac.jp/repo/iiif/d505ee0c-7acd-5510-6f1d-f897f32200d3/manifest,,,,,1
"Thanks, buddy! Keep 'em firing!",58,感謝する、相棒よ!――戦闘機を飛ばし続けよ!,,General Motors Corporation,1942,1018×765,Business,"Thanks, buddy! / Keep 'em firing!|GMCシリーズ",,アメリカ太平洋地域研究センター,静止画資料,英語,0056,http://tify.sub.uni-goettingen.de/demo.html?manifest=https://archdataset.dl.itc.u-tokyo.ac.jp/manifest/b330eabf-85ec-4beb-942e-5a98de980079.json,b330eabf-85ec-4beb-942e-5a98de980079,https://iiif.dl.itc.u-tokyo.ac.jp/repo/s/cpas-poster/,https://iiif.dl.itc.u-tokyo.ac.jp/repo/s/cpas-poster/document/b330eabf-85ec-4beb-942e-5a98de980079,http://www.cpas.c.u-tokyo.ac.jp/lib/archive_riyo1.html,https://iiif.dl.itc.u-tokyo.ac.jp/repo/files/medium/dda49833ff1abaa792ce479a1fb4179bf6714508.jpg,https://iiif.dl.itc.u-tokyo.ac.jp/repo/api/items/654469,"東京大学大学院総合文化研究科グローバル地域研究機構アメリカ太平洋地域研究センター Center for Pacific and American Studies, The University of Tokyo, JAPAN",,,CPAS第二次世界大戦期プロパガンダポスターコレクション,,https://iiif.dl.itc.u-tokyo.ac.jp/repo/iiif/b330eabf-85ec-4beb-942e-5a98de980079/manifest,,,,,1
Non-stop work will win!,59,休むことなく働き続ければ勝利がやってくる,,General Motors Corporation,1942,1013×762,"Business, Warner & Swaseys","It's a battle of production / ""Non-stop"" work will win! / Let's keep the factories going full steam ahead 7 days a week! / Give 'em more. Warner & Swaseys!|GMCシリーズ",,アメリカ太平洋地域研究センター,静止画資料,英語,0057,http://tify.sub.uni-goettingen.de/demo.html?manifest=https://archdataset.dl.itc.u-tokyo.ac.jp/manifest/7e1f3d9c-9031-821a-9319-54bccb992704.json,7e1f3d9c-9031-821a-9319-54bccb992704,https://iiif.dl.itc.u-tokyo.ac.jp/repo/s/cpas-poster/,https://iiif.dl.itc.u-tokyo.ac.jp/repo/s/cpas-poster/document/7e1f3d9c-9031-821a-9319-54bccb992704,http://www.cpas.c.u-tokyo.ac.jp/lib/archive_riyo1.html,https://iiif.dl.itc.u-tokyo.ac.jp/repo/files/medium/c009a3c640d9f404023c238a7109b6bb63ae6cd0.jpg,https://iiif.dl.itc.u-tokyo.ac.jp/repo/api/items/654468,"東京大学大学院総合文化研究科グローバル地域研究機構アメリカ太平洋地域研究センター Center for Pacific and American Studies, The University of Tokyo, JAPAN",,,CPAS第二次世界大戦期プロパガンダポスターコレクション,,https://iiif.dl.itc.u-tokyo.ac.jp/repo/iiif/7e1f3d9c-9031-821a-9319-54bccb992704/manifest,,,,,1
"O.K., General . . . We'll keep the fire power coming!",60,わかりました将軍...弾薬補給は任せてください!,,General Motors Corporation,1943,1018×763,"Business, Fire-power is our business","""We are just getting well started. The great battles lie ahead . . . There must be no let-up in our preparations!"" General Marshall / O.K., General . . . we'll keep the fire power coming! / Fire-power is our business|GMCシリーズ。後に国務長官となる参謀総長Genetal Marshallもの。著名な軍人はヒーローとして、その写真と発言がポスターにコラージュされた。",,アメリカ太平洋地域研究センター,静止画資料,英語,0058,http://tify.sub.uni-goettingen.de/demo.html?manifest=https://archdataset.dl.itc.u-tokyo.ac.jp/manifest/753a7a75-3778-8d6c-900b-999ce1539d84.json,753a7a75-3778-8d6c-900b-999ce1539d84,https://iiif.dl.itc.u-tokyo.ac.jp/repo/s/cpas-poster/,https://iiif.dl.itc.u-tokyo.ac.jp/repo/s/cpas-poster/document/753a7a75-3778-8d6c-900b-999ce1539d84,http://www.cpas.c.u-tokyo.ac.jp/lib/archive_riyo1.html,https://iiif.dl.itc.u-tokyo.ac.jp/repo/files/medium/802d7881ee43fb895d198342faf4d80ca07f0614.jpg,https://iiif.dl.itc.u-tokyo.ac.jp/repo/api/items/654467,"東京大学大学院総合文化研究科グローバル地域研究機構アメリカ太平洋地域研究センター Center for Pacific and American Studies, The University of Tokyo, JAPAN",,,CPAS第二次世界大戦期プロパガンダポスターコレクション,,https://iiif.dl.itc.u-tokyo.ac.jp/repo/iiif/753a7a75-3778-8d6c-900b-999ce1539d84/manifest,,,,,1
We can't let up now,61,今くつろぐことなどできない,,General Motors Corporation,1943,1016×763,"Business, Fire-power is our business","We can't let up now / ""All American troops won't be fully equipped until late 1944!"" Lieut. Gen. Brehon B. Somervell / Fire-power is what they need! And fire-power is our business! Keep 'em firing!|GMCシリーズLieut. Gen. Brehon B. Somervellもの",,アメリカ太平洋地域研究センター,静止画資料,英語,0059,http://tify.sub.uni-goettingen.de/demo.html?manifest=https://archdataset.dl.itc.u-tokyo.ac.jp/manifest/051b8de9-6a85-7262-81f3-2722aa2189d3.json,051b8de9-6a85-7262-81f3-2722aa2189d3,https://iiif.dl.itc.u-tokyo.ac.jp/repo/s/cpas-poster/,https://iiif.dl.itc.u-tokyo.ac.jp/repo/s/cpas-poster/document/051b8de9-6a85-7262-81f3-2722aa2189d3,http://www.cpas.c.u-tokyo.ac.jp/lib/archive_riyo1.html,https://iiif.dl.itc.u-tokyo.ac.jp/repo/files/medium/329537b9f09c191cab82b17cc0e99af3097aace8.jpg,https://iiif.dl.itc.u-tokyo.ac.jp/repo/api/items/654466,"東京大学大学院総合文化研究科グローバル地域研究機構アメリカ太平洋地域研究センター Center for Pacific and American Studies, The University of Tokyo, JAPAN",,,CPAS第二次世界大戦期プロパガンダポスターコレクション,,https://iiif.dl.itc.u-tokyo.ac.jp/repo/iiif/051b8de9-6a85-7262-81f3-2722aa2189d3/manifest,,,,,1
"""Fire-power . . . stands for destruction of our enemies and certain victory!"" Maj. Gen. L.H. Campbell, Jr.",62,「火力......それは我々の敵の粉砕と確実な勝利を意味する」L・H・キャンベル少将,,General Motors Corporation,1943,1017×763,"Business, Fire-power is our business","""Fire-power . . . stands for destruction of our enemies and certain victory!"" Maj. Gen. L.H. Campbell, Jr. / Fire-power is our business. Keep 'em firing!|GMCシリーズMaj. Gen, Campbellもの",,アメリカ太平洋地域研究センター,静止画資料,英語,0060,http://tify.sub.uni-goettingen.de/demo.html?manifest=https://archdataset.dl.itc.u-tokyo.ac.jp/manifest/3caf7537-8ae3-4983-a655-d5212112265b.json,3caf7537-8ae3-4983-a655-d5212112265b,https://iiif.dl.itc.u-tokyo.ac.jp/repo/s/cpas-poster/,https://iiif.dl.itc.u-tokyo.ac.jp/repo/s/cpas-poster/document/3caf7537-8ae3-4983-a655-d5212112265b,http://www.cpas.c.u-tokyo.ac.jp/lib/archive_riyo1.html,https://iiif.dl.itc.u-tokyo.ac.jp/repo/files/medium/c8b7f59caa6c60dffc254694dc7a9d673e4c774e.jpg,https://iiif.dl.itc.u-tokyo.ac.jp/repo/api/items/654465,"東京大学大学院総合文化研究科グローバル地域研究機構アメリカ太平洋地域研究センター Center for Pacific and American Studies, The University of Tokyo, JAPAN",,,CPAS第二次世界大戦期プロパガンダポスターコレクション,,https://iiif.dl.itc.u-tokyo.ac.jp/repo/iiif/3caf7537-8ae3-4983-a655-d5212112265b/manifest,,,,,1
Back him up with more GE production,63,更なるGEの生産で彼を応援だ,,General Electric Co.,1943,769×572,"Business, Q+Q=V",He's your boy! / Back him up with more GE production|ジェネラル・エレクトリック社作成。Q (Quality) + Q (Quantity) = V (Victory)を標語にしている。,,アメリカ太平洋地域研究センター,静止画資料,英語,0061,http://tify.sub.uni-goettingen.de/demo.html?manifest=https://archdataset.dl.itc.u-tokyo.ac.jp/manifest/2900b9f6-5fc2-7fd6-9d15-d9e4729d5892.json,2900b9f6-5fc2-7fd6-9d15-d9e4729d5892,https://iiif.dl.itc.u-tokyo.ac.jp/repo/s/cpas-poster/,https://iiif.dl.itc.u-tokyo.ac.jp/repo/s/cpas-poster/document/2900b9f6-5fc2-7fd6-9d15-d9e4729d5892,http://www.cpas.c.u-tokyo.ac.jp/lib/archive_riyo1.html,https://iiif.dl.itc.u-tokyo.ac.jp/repo/files/medium/0d30210ae724a3205ec67460ec40e72f943ea7f2.jpg,https://iiif.dl.itc.u-tokyo.ac.jp/repo/api/items/654464,"東京大学大学院総合文化研究科グローバル地域研究機構アメリカ太平洋地域研究センター Center for Pacific and American Studies, The University of Tokyo, JAPAN",,,CPAS第二次世界大戦期プロパガンダポスターコレクション,,https://iiif.dl.itc.u-tokyo.ac.jp/repo/iiif/2900b9f6-5fc2-7fd6-9d15-d9e4729d5892/manifest,,,,,1
"""Pick out the biggest one and fire!"" Capt. Edward J. ""Mike"" Moran",65,「一番大きいのを狙って砲撃せよ!」エドワード・J・”マイク”・モーラン,,General Electric Co.,1943,769×572,"Business, Q+Q=V, Japan","""Pick out the biggest one and fire!"" / Capt. Edward J. ""Mike"" Moran, commanding the U.S.S. Boise off the Solomons, received the report—""Five Jap ships in sight, sir."" Without hesitation, Moran replied, ""Pick out the biggest one and fire!"" . . . Before dawn the Boise had sunk SIX Jap ships.|写真の横にQ+Q=Vの文字。ポスター下部の説明では、1942年11月のソロモン諸島沖における日本軍の敗北が語られている。",GEL-825-1,アメリカ太平洋地域研究センター,静止画資料,英語,0062,http://tify.sub.uni-goettingen.de/demo.html?manifest=https://archdataset.dl.itc.u-tokyo.ac.jp/manifest/80e50e84-1b86-0047-5a93-f4386980687e.json,80e50e84-1b86-0047-5a93-f4386980687e,https://iiif.dl.itc.u-tokyo.ac.jp/repo/s/cpas-poster/,https://iiif.dl.itc.u-tokyo.ac.jp/repo/s/cpas-poster/document/80e50e84-1b86-0047-5a93-f4386980687e,http://www.cpas.c.u-tokyo.ac.jp/lib/archive_riyo1.html,https://iiif.dl.itc.u-tokyo.ac.jp/repo/files/medium/7cbdfc8675117eefcedf8023b18b69d0d032a510.jpg,https://iiif.dl.itc.u-tokyo.ac.jp/repo/api/items/654463,"東京大学大学院総合文化研究科グローバル地域研究機構アメリカ太平洋地域研究センター Center for Pacific and American Studies, The University of Tokyo, JAPAN",,,CPAS第二次世界大戦期プロパガンダポスターコレクション,,https://iiif.dl.itc.u-tokyo.ac.jp/repo/iiif/80e50e84-1b86-0047-5a93-f4386980687e/manifest,,,,,1
Because these are our sons . . and brothers . . and husbands,66,彼らは我々の息子...兄弟...そして夫なのだから,,Aluminum Company of America.,1943,815×629,Business,Because these are our sons . . and brothers . . and husbands,,アメリカ太平洋地域研究センター,静止画資料,英語,0063,http://tify.sub.uni-goettingen.de/demo.html?manifest=https://archdataset.dl.itc.u-tokyo.ac.jp/manifest/adf82738-7eb2-8338-9848-611d20337868.json,adf82738-7eb2-8338-9848-611d20337868,https://iiif.dl.itc.u-tokyo.ac.jp/repo/s/cpas-poster/,https://iiif.dl.itc.u-tokyo.ac.jp/repo/s/cpas-poster/document/adf82738-7eb2-8338-9848-611d20337868,http://www.cpas.c.u-tokyo.ac.jp/lib/archive_riyo1.html,https://iiif.dl.itc.u-tokyo.ac.jp/repo/files/medium/a1c2da06bf4bd6f5a13ecfd4240de851af040ccd.jpg,https://iiif.dl.itc.u-tokyo.ac.jp/repo/api/items/654462,"東京大学大学院総合文化研究科グローバル地域研究機構アメリカ太平洋地域研究センター Center for Pacific and American Studies, The University of Tokyo, JAPAN",,,CPAS第二次世界大戦期プロパガンダポスターコレクション,,https://iiif.dl.itc.u-tokyo.ac.jp/repo/iiif/adf82738-7eb2-8338-9848-611d20337868/manifest,,,,,1
Don't let this happen! Tool room closed due to tool shortage,67,こんな事態は防がねばならない――工具不足による工具室閉鎖,,Genesee Tool Company,,1028×711,Business,"Don't let this happen! / Tool room closed due to tool shortage / There is only so much tool steel available! Every time a tool is broken, that tool must be replaced if production is to continue. Today, it takes as much as six months to btain tool replacements.|Genesee Tool社が従業員向けに作成した。兵器製造のための鉄鋼の需要が高いので、工具は大切に扱うように呼びかけている。",,アメリカ太平洋地域研究センター,静止画資料,英語,0064,http://tify.sub.uni-goettingen.de/demo.html?manifest=https://archdataset.dl.itc.u-tokyo.ac.jp/manifest/8887f2d3-4459-0061-903e-4ad36a169220.json,8887f2d3-4459-0061-903e-4ad36a169220,https://iiif.dl.itc.u-tokyo.ac.jp/repo/s/cpas-poster/,https://iiif.dl.itc.u-tokyo.ac.jp/repo/s/cpas-poster/document/8887f2d3-4459-0061-903e-4ad36a169220,http://www.cpas.c.u-tokyo.ac.jp/lib/archive_riyo1.html,https://iiif.dl.itc.u-tokyo.ac.jp/repo/files/medium/f1481d0e1634278f8ad101f29e500d9e6f942c64.jpg,https://iiif.dl.itc.u-tokyo.ac.jp/repo/api/items/654461,"東京大学大学院総合文化研究科グローバル地域研究機構アメリカ太平洋地域研究センター Center for Pacific and American Studies, The University of Tokyo, JAPAN",,,CPAS第二次世界大戦期プロパガンダポスターコレクション,,https://iiif.dl.itc.u-tokyo.ac.jp/repo/iiif/8887f2d3-4459-0061-903e-4ad36a169220/manifest,,,,,1
This bullet can stop a Zero!,68,この銃弾でゼロ戦を止められる!,,Genesee Tool Company,,1030×710,"Business, Japan",This bullet can stop a Zero! / This tool could have made enough equipment to stop a hundred zeros! / There is only so much tool steel available!|Genesee Tool社作成の従業員向けポスター。ZEROとは日本の零戦のこと。,,アメリカ太平洋地域研究センター,静止画資料,英語,0065,http://tify.sub.uni-goettingen.de/demo.html?manifest=https://archdataset.dl.itc.u-tokyo.ac.jp/manifest/aa6cc4d0-9977-7e88-281a-493835389830.json,aa6cc4d0-9977-7e88-281a-493835389830,https://iiif.dl.itc.u-tokyo.ac.jp/repo/s/cpas-poster/,https://iiif.dl.itc.u-tokyo.ac.jp/repo/s/cpas-poster/document/aa6cc4d0-9977-7e88-281a-493835389830,http://www.cpas.c.u-tokyo.ac.jp/lib/archive_riyo1.html,https://iiif.dl.itc.u-tokyo.ac.jp/repo/files/medium/501b4b90ae1d9b097617cd810ddb85d1663e79bc.jpg,https://iiif.dl.itc.u-tokyo.ac.jp/repo/api/items/654460,"東京大学大学院総合文化研究科グローバル地域研究機構アメリカ太平洋地域研究センター Center for Pacific and American Studies, The University of Tokyo, JAPAN",,,CPAS第二次世界大戦期プロパガンダポスターコレクション,,https://iiif.dl.itc.u-tokyo.ac.jp/repo/iiif/aa6cc4d0-9977-7e88-281a-493835389830/manifest,,,,,1
A republic picture,69,共和国の姿,,Republic Pictures,,1030×689,,A republic picture|リパブリック映画社。戦場の兵士の絵。下三分の一にメモ用の空白あり。上映広告が入るのだろう。,,アメリカ太平洋地域研究センター,静止画資料,英語,0066,http://tify.sub.uni-goettingen.de/demo.html?manifest=https://archdataset.dl.itc.u-tokyo.ac.jp/manifest/6c797cad-4304-1eea-9ad3-9fe0c49b35c9.json,6c797cad-4304-1eea-9ad3-9fe0c49b35c9,https://iiif.dl.itc.u-tokyo.ac.jp/repo/s/cpas-poster/,https://iiif.dl.itc.u-tokyo.ac.jp/repo/s/cpas-poster/document/6c797cad-4304-1eea-9ad3-9fe0c49b35c9,http://www.cpas.c.u-tokyo.ac.jp/lib/archive_riyo1.html,https://iiif.dl.itc.u-tokyo.ac.jp/repo/files/medium/f95b49f730b73a4c0eaf7da5564424c8a63aa71f.jpg,https://iiif.dl.itc.u-tokyo.ac.jp/repo/api/items/654459,"東京大学大学院総合文化研究科グローバル地域研究機構アメリカ太平洋地域研究センター Center for Pacific and American Studies, The University of Tokyo, JAPAN",,,CPAS第二次世界大戦期プロパガンダポスターコレクション,,https://iiif.dl.itc.u-tokyo.ac.jp/repo/iiif/6c797cad-4304-1eea-9ad3-9fe0c49b35c9/manifest,,,,,1
All harvester products are war products . . . either for offense or defense,70,収穫用農具はすべて軍用品である...攻撃にも守備にも利用可能,,International Harvester Company,1942,961×710,Business,All harvester products are war products . . . either for offense or defense|インターナショナル・ハーヴェスト社作成。戦時には刈取機と共に戦車の製造も行い、防衛・攻撃の両面で寄与していることを訴えている。戦車とトラクターを対照させている絵。右下隅にfrom your labor-management production drive committeeとある。,"copyright 1942 Magill-weinsheimer Co., Chicago",アメリカ太平洋地域研究センター,静止画資料,英語,0067,http://tify.sub.uni-goettingen.de/demo.html?manifest=https://archdataset.dl.itc.u-tokyo.ac.jp/manifest/9b5a6460-827c-55e4-6af4-370b4d10000f.json,9b5a6460-827c-55e4-6af4-370b4d10000f,https://iiif.dl.itc.u-tokyo.ac.jp/repo/s/cpas-poster/,https://iiif.dl.itc.u-tokyo.ac.jp/repo/s/cpas-poster/document/9b5a6460-827c-55e4-6af4-370b4d10000f,http://www.cpas.c.u-tokyo.ac.jp/lib/archive_riyo1.html,https://iiif.dl.itc.u-tokyo.ac.jp/repo/files/medium/9304b241e5c54df8ee1bbc507eda46ff056d5948.jpg,https://iiif.dl.itc.u-tokyo.ac.jp/repo/api/items/654458,"東京大学大学院総合文化研究科グローバル地域研究機構アメリカ太平洋地域研究センター Center for Pacific and American Studies, The University of Tokyo, JAPAN",,,CPAS第二次世界大戦期プロパガンダポスターコレクション,,https://iiif.dl.itc.u-tokyo.ac.jp/repo/iiif/9b5a6460-827c-55e4-6af4-370b4d10000f/manifest,,,,,1
Carelessness is sabotage! It will take 90 days to replace this end mill broken through carelessness!,71,不注意は故意の妨害と同罪だ!不注意によってエンドミルが壊れれば取り換えるのに90日もかかるのだ!,,Pontiac Motor Division,,1016×709,Business,Carelessness is sabotage! / It will take 90 days to replace this end mill broken through carelessness!|Pontiac Motor Division社のもの,,アメリカ太平洋地域研究センター,静止画資料,英語,0068,http://tify.sub.uni-goettingen.de/demo.html?manifest=https://archdataset.dl.itc.u-tokyo.ac.jp/manifest/dd3373ef-5d30-43e2-3623-83155452043f.json,dd3373ef-5d30-43e2-3623-83155452043f,https://iiif.dl.itc.u-tokyo.ac.jp/repo/s/cpas-poster/,https://iiif.dl.itc.u-tokyo.ac.jp/repo/s/cpas-poster/document/dd3373ef-5d30-43e2-3623-83155452043f,http://www.cpas.c.u-tokyo.ac.jp/lib/archive_riyo1.html,https://iiif.dl.itc.u-tokyo.ac.jp/repo/files/medium/5face10048fc4102b456f96e90ea507b6cf2b52f.jpg,https://iiif.dl.itc.u-tokyo.ac.jp/repo/api/items/654457,"東京大学大学院総合文化研究科グローバル地域研究機構アメリカ太平洋地域研究センター Center for Pacific and American Studies, The University of Tokyo, JAPAN",,,CPAS第二次世界大戦期プロパガンダポスターコレクション,,https://iiif.dl.itc.u-tokyo.ac.jp/repo/iiif/dd3373ef-5d30-43e2-3623-83155452043f/manifest,,,,,1
Let's rock 'em and sock 'em,72,揺さぶれ、打ち負かせ,,Inland Steel Company,,1045×790,"Business, The Inland way for U.S.A.",Let's rock 'em and sock 'em / Hit and run / Every day . . . till victory's won / The Inland way for U.S.A.|The Inland way for U.S.A.シリーズ。インランド鉄鋼会社作成のポスター。野球のバッターが打つ瞬間の写真。,,アメリカ太平洋地域研究センター,静止画資料,英語,0069,http://tify.sub.uni-goettingen.de/demo.html?manifest=https://archdataset.dl.itc.u-tokyo.ac.jp/manifest/d31d981e-19d6-4c37-7828-3adf21d4912d.json,d31d981e-19d6-4c37-7828-3adf21d4912d,https://iiif.dl.itc.u-tokyo.ac.jp/repo/s/cpas-poster/,https://iiif.dl.itc.u-tokyo.ac.jp/repo/s/cpas-poster/document/d31d981e-19d6-4c37-7828-3adf21d4912d,http://www.cpas.c.u-tokyo.ac.jp/lib/archive_riyo1.html,https://iiif.dl.itc.u-tokyo.ac.jp/repo/files/medium/f24a93d2cf8cab4e8d8fc271e0aea7591c9a7e5a.jpg,https://iiif.dl.itc.u-tokyo.ac.jp/repo/api/items/654456,"東京大学大学院総合文化研究科グローバル地域研究機構アメリカ太平洋地域研究センター Center for Pacific and American Studies, The University of Tokyo, JAPAN",,,CPAS第二次世界大戦期プロパガンダポスターコレクション,,https://iiif.dl.itc.u-tokyo.ac.jp/repo/iiif/d31d981e-19d6-4c37-7828-3adf21d4912d/manifest,,,,,1
He's in there pitching for us!,73,彼は我々に代わってかの地で戦っているのだ,,,,1041×786,War bonds,He's in there pitching for us! / Let's throw more dollars back of him in war bonds and stamps / The Inland way for U.S.A.|The Inland way for U.S.A.シリーズ,,アメリカ太平洋地域研究センター,静止画資料,英語,0070,http://tify.sub.uni-goettingen.de/demo.html?manifest=https://archdataset.dl.itc.u-tokyo.ac.jp/manifest/f11c8e60-8ab0-1870-6c06-0a6e14b807a7.json,f11c8e60-8ab0-1870-6c06-0a6e14b807a7,https://iiif.dl.itc.u-tokyo.ac.jp/repo/s/cpas-poster/,https://iiif.dl.itc.u-tokyo.ac.jp/repo/s/cpas-poster/document/f11c8e60-8ab0-1870-6c06-0a6e14b807a7,http://www.cpas.c.u-tokyo.ac.jp/lib/archive_riyo1.html,https://iiif.dl.itc.u-tokyo.ac.jp/repo/files/medium/b4af50109b4a2f77ec45d486034f86b9f2bd5e16.jpg,https://iiif.dl.itc.u-tokyo.ac.jp/repo/api/items/654455,"東京大学大学院総合文化研究科グローバル地域研究機構アメリカ太平洋地域研究センター Center for Pacific and American Studies, The University of Tokyo, JAPAN",,,CPAS第二次世界大戦期プロパガンダポスターコレクション,,https://iiif.dl.itc.u-tokyo.ac.jp/repo/iiif/f11c8e60-8ab0-1870-6c06-0a6e14b807a7/manifest,,,,,1
"Thanks, buddy! These little parts for our big trucks are just what the general ordered",74,ありがとよ!でかいトラックのこういう小さい部品こそ、将軍が依頼してきたものなのさ,,Inland Steel Company,,1043×785,"Business, The Inland way for U.S.A.","Thanks, buddy! These little parts for our big trucks are just what the general ordered / Keep 'em rolling / The Inland way for U.S.A.|The Inland way for U.S.A.シリーズ",,アメリカ太平洋地域研究センター,静止画資料,英語,0071,http://tify.sub.uni-goettingen.de/demo.html?manifest=https://archdataset.dl.itc.u-tokyo.ac.jp/manifest/d704ba97-678b-3227-553e-14619346a036.json,d704ba97-678b-3227-553e-14619346a036,https://iiif.dl.itc.u-tokyo.ac.jp/repo/s/cpas-poster/,https://iiif.dl.itc.u-tokyo.ac.jp/repo/s/cpas-poster/document/d704ba97-678b-3227-553e-14619346a036,http://www.cpas.c.u-tokyo.ac.jp/lib/archive_riyo1.html,https://iiif.dl.itc.u-tokyo.ac.jp/repo/files/medium/02e1125022ea3e488f557818ccff426a96142ea5.jpg,https://iiif.dl.itc.u-tokyo.ac.jp/repo/api/items/654454,"東京大学大学院総合文化研究科グローバル地域研究機構アメリカ太平洋地域研究センター Center for Pacific and American Studies, The University of Tokyo, JAPAN",,,CPAS第二次世界大戦期プロパガンダポスターコレクション,,https://iiif.dl.itc.u-tokyo.ac.jp/repo/iiif/d704ba97-678b-3227-553e-14619346a036/manifest,,,,,1
Think as you work for victory,75,考えながら勝利のために働くべし,,Inland Steel Company,,1043×792,"Business, The Inland way for U.S.A.",Think as you work for victory /Be a suggestion-maker / The Inland way for U.S.A.|The Inland way for U.S.A.シリーズ,,アメリカ太平洋地域研究センター,静止画資料,英語,0072,http://tify.sub.uni-goettingen.de/demo.html?manifest=https://archdataset.dl.itc.u-tokyo.ac.jp/manifest/654a6665-458e-7c73-6f5b-db0cea295283.json,654a6665-458e-7c73-6f5b-db0cea295283,https://iiif.dl.itc.u-tokyo.ac.jp/repo/s/cpas-poster/,https://iiif.dl.itc.u-tokyo.ac.jp/repo/s/cpas-poster/document/654a6665-458e-7c73-6f5b-db0cea295283,http://www.cpas.c.u-tokyo.ac.jp/lib/archive_riyo1.html,https://iiif.dl.itc.u-tokyo.ac.jp/repo/files/medium/353ad22bfda26223140806e966c6f1bffe12e86b.jpg,https://iiif.dl.itc.u-tokyo.ac.jp/repo/api/items/654453,"東京大学大学院総合文化研究科グローバル地域研究機構アメリカ太平洋地域研究センター Center for Pacific and American Studies, The University of Tokyo, JAPAN",,,CPAS第二次世界大戦期プロパガンダポスターコレクション,,https://iiif.dl.itc.u-tokyo.ac.jp/repo/iiif/654a6665-458e-7c73-6f5b-db0cea295283/manifest,,,,,1
Vital to high flying—These tiny parts made.,77,高く飛ぶために必要なもの――これらの細かい部品製作が,,Inland Steel Company,,1042×785,"Business, The Inland way for U.S.A.",Vital to high flying—These tiny parts made / The Inland way for U.S.A.|The Inland way for U.S.A.シリーズ,,アメリカ太平洋地域研究センター,静止画資料,英語,0073,http://tify.sub.uni-goettingen.de/demo.html?manifest=https://archdataset.dl.itc.u-tokyo.ac.jp/manifest/63c7cc75-4d24-1307-6ca9-ead5406710ce.json,63c7cc75-4d24-1307-6ca9-ead5406710ce,https://iiif.dl.itc.u-tokyo.ac.jp/repo/s/cpas-poster/,https://iiif.dl.itc.u-tokyo.ac.jp/repo/s/cpas-poster/document/63c7cc75-4d24-1307-6ca9-ead5406710ce,http://www.cpas.c.u-tokyo.ac.jp/lib/archive_riyo1.html,https://iiif.dl.itc.u-tokyo.ac.jp/repo/files/medium/56fe87100bd2200e96e93cfba54d18992794646d.jpg,https://iiif.dl.itc.u-tokyo.ac.jp/repo/api/items/654452,"東京大学大学院総合文化研究科グローバル地域研究機構アメリカ太平洋地域研究センター Center for Pacific and American Studies, The University of Tokyo, JAPAN",,,CPAS第二次世界大戦期プロパガンダポスターコレクション,,https://iiif.dl.itc.u-tokyo.ac.jp/repo/iiif/63c7cc75-4d24-1307-6ca9-ead5406710ce/manifest,,,,,1
They can't miss if we beat our quota. More production with less scrap,78,我々が生産ノルマを達成したら彼らは気がつかざるを得ないだろう。無駄を少なく、生産量を増やそう,,Inland Steel Company,,1042×794,"Business, The Inland way for U.S.A.",They can't miss if we beat our quota / More production with less scrap / More production with less scrap / The Inland way for U.S.A.|The Inland way for U.S.A.シリーズ,,アメリカ太平洋地域研究センター,静止画資料,英語,0074,http://tify.sub.uni-goettingen.de/demo.html?manifest=https://archdataset.dl.itc.u-tokyo.ac.jp/manifest/90d2dacc-43ba-540a-9c35-4e4ce8cd00e0.json,90d2dacc-43ba-540a-9c35-4e4ce8cd00e0,https://iiif.dl.itc.u-tokyo.ac.jp/repo/s/cpas-poster/,https://iiif.dl.itc.u-tokyo.ac.jp/repo/s/cpas-poster/document/90d2dacc-43ba-540a-9c35-4e4ce8cd00e0,http://www.cpas.c.u-tokyo.ac.jp/lib/archive_riyo1.html,https://iiif.dl.itc.u-tokyo.ac.jp/repo/files/medium/cfefd20c8c9b992b17a1c902c99ff3e5e4d7219b.jpg,https://iiif.dl.itc.u-tokyo.ac.jp/repo/api/items/654451,"東京大学大学院総合文化研究科グローバル地域研究機構アメリカ太平洋地域研究センター Center for Pacific and American Studies, The University of Tokyo, JAPAN",,,CPAS第二次世界大戦期プロパガンダポスターコレクション,,https://iiif.dl.itc.u-tokyo.ac.jp/repo/iiif/90d2dacc-43ba-540a-9c35-4e4ce8cd00e0/manifest,,,,,1
For your tomorrow!,79,あなたの明日のために!,,Inland Steel Company,,1042×789,"Business, The Inland way for U.S.A.",For your tomorrow! / Buy a bigger share in America today—with more war bonds out of every pay / Figure it out yourself / The Inland way for U.S.A.|The Inland way for U.S.A.シリーズ,,アメリカ太平洋地域研究センター,静止画資料,英語,0075,http://tify.sub.uni-goettingen.de/demo.html?manifest=https://archdataset.dl.itc.u-tokyo.ac.jp/manifest/451918f3-6673-852b-68b6-f59e5c5aa2e9.json,451918f3-6673-852b-68b6-f59e5c5aa2e9,https://iiif.dl.itc.u-tokyo.ac.jp/repo/s/cpas-poster/,https://iiif.dl.itc.u-tokyo.ac.jp/repo/s/cpas-poster/document/451918f3-6673-852b-68b6-f59e5c5aa2e9,http://www.cpas.c.u-tokyo.ac.jp/lib/archive_riyo1.html,https://iiif.dl.itc.u-tokyo.ac.jp/repo/files/medium/00dc85ff7a332dcfef7ffdce30444fa28c5ef409.jpg,https://iiif.dl.itc.u-tokyo.ac.jp/repo/api/items/654450,"東京大学大学院総合文化研究科グローバル地域研究機構アメリカ太平洋地域研究センター Center for Pacific and American Studies, The University of Tokyo, JAPAN",,,CPAS第二次世界大戦期プロパガンダポスターコレクション,,https://iiif.dl.itc.u-tokyo.ac.jp/repo/iiif/451918f3-6673-852b-68b6-f59e5c5aa2e9/manifest,,,,,1
"""I'm fighting for an America where every man can build his own future, pick his own job, run his own business—free from dictatorship.""",80,私はこんなアメリカのために戦っている,,Think American Institute,,687×506,Business,"""I'm fighting for an America where every man can build his own future, pick his own job, run his own business—free from dictatorship.""|Thinkamericanシリーズ。資本主義擁護のために戦うことを主張。ナチス・ドイツとともにソ連邦も的としているような印象を与える。写真にはキャプションなし、番号603 I.P.E.U.","No. 175-copyright 1943-Kelly- Read Co. Inc., Rochester, N.Y.",アメリカ太平洋地域研究センター,静止画資料,英語,0076,http://tify.sub.uni-goettingen.de/demo.html?manifest=https://archdataset.dl.itc.u-tokyo.ac.jp/manifest/79fb4543-8179-9dc7-2002-008655b89a3d.json,79fb4543-8179-9dc7-2002-008655b89a3d,https://iiif.dl.itc.u-tokyo.ac.jp/repo/s/cpas-poster/,https://iiif.dl.itc.u-tokyo.ac.jp/repo/s/cpas-poster/document/79fb4543-8179-9dc7-2002-008655b89a3d,http://www.cpas.c.u-tokyo.ac.jp/lib/archive_riyo1.html,https://iiif.dl.itc.u-tokyo.ac.jp/repo/files/medium/a2c8dba573d43e4ec0ae2bdce7dcc414866f3709.jpg,https://iiif.dl.itc.u-tokyo.ac.jp/repo/api/items/654449,"東京大学大学院総合文化研究科グローバル地域研究機構アメリカ太平洋地域研究センター Center for Pacific and American Studies, The University of Tokyo, JAPAN",,,CPAS第二次世界大戦期プロパガンダポスターコレクション,,https://iiif.dl.itc.u-tokyo.ac.jp/repo/iiif/79fb4543-8179-9dc7-2002-008655b89a3d/manifest,,,,,1
"""For God's sake—keep on the job so we can get this war won quick!""",81,お願いだから仕事を続けてください。我々が早くこの戦争に勝てるように!,,Think American Institute,,688×507,Business,"""For God's sake—keep on the job so we can get this war won quick!""|Thinkamericanシリーズ。迷彩服・ヘルメットの男の顔が戦線の草むらの中からこちら(銃後)をにらんでいる。","No. 187-copyright 1943-Kelly- Read Co. Inc., Rochester, N.Y.",アメリカ太平洋地域研究センター,静止画資料,英語,0077,http://tify.sub.uni-goettingen.de/demo.html?manifest=https://archdataset.dl.itc.u-tokyo.ac.jp/manifest/e1330816-6c15-0cd8-a734-ee3895190277.json,e1330816-6c15-0cd8-a734-ee3895190277,https://iiif.dl.itc.u-tokyo.ac.jp/repo/s/cpas-poster/,https://iiif.dl.itc.u-tokyo.ac.jp/repo/s/cpas-poster/document/e1330816-6c15-0cd8-a734-ee3895190277,http://www.cpas.c.u-tokyo.ac.jp/lib/archive_riyo1.html,https://iiif.dl.itc.u-tokyo.ac.jp/repo/files/medium/690103284962a3746f64028eb1c9f1ccf4ca84d1.jpg,https://iiif.dl.itc.u-tokyo.ac.jp/repo/api/items/654448,"東京大学大学院総合文化研究科グローバル地域研究機構アメリカ太平洋地域研究センター Center for Pacific and American Studies, The University of Tokyo, JAPAN",,,CPAS第二次世界大戦期プロパガンダポスターコレクション,,https://iiif.dl.itc.u-tokyo.ac.jp/repo/iiif/e1330816-6c15-0cd8-a734-ee3895190277/manifest,,,,,1
Don't hold him up! Keep on the job,82,彼の進軍を遅らせるな! 労働を続けよ!,,Think American Institute,1943,688×507,Business,Don't hold him up! / Keep on the job|Thinkamerican. Trade mark Reg. U.S. Pat Off.,"No. 200-Copyright 1943-Kelly-Read & Co. Inc., Rochester, N.Y.",アメリカ太平洋地域研究センター,静止画資料,英語,0078,http://tify.sub.uni-goettingen.de/demo.html?manifest=https://archdataset.dl.itc.u-tokyo.ac.jp/manifest/7ffb54f1-1ad5-6444-9406-8cf2ef5020a0.json,7ffb54f1-1ad5-6444-9406-8cf2ef5020a0,https://iiif.dl.itc.u-tokyo.ac.jp/repo/s/cpas-poster/,https://iiif.dl.itc.u-tokyo.ac.jp/repo/s/cpas-poster/document/7ffb54f1-1ad5-6444-9406-8cf2ef5020a0,http://www.cpas.c.u-tokyo.ac.jp/lib/archive_riyo1.html,https://iiif.dl.itc.u-tokyo.ac.jp/repo/files/medium/f8fab64735dfd00fa019a890f3c0e419a3d207f7.jpg,https://iiif.dl.itc.u-tokyo.ac.jp/repo/api/items/654447,"東京大学大学院総合文化研究科グローバル地域研究機構アメリカ太平洋地域研究センター Center for Pacific and American Studies, The University of Tokyo, JAPAN",,,CPAS第二次世界大戦期プロパガンダポスターコレクション,,https://iiif.dl.itc.u-tokyo.ac.jp/repo/iiif/7ffb54f1-1ad5-6444-9406-8cf2ef5020a0/manifest,,,,,1
"These Jap women slave 14, 16, 18 hours a day to make the stuff to kill our men",83,これらのジャップの女奴隷たちは14、15、16時間、アメリカ人を殺すためのものを作っている,,Think American Institute,1943,688×507,"Business, Japan","These Jap women slave 14, 16, 18 hours a day to make the stuff to kill our men. Dare we slow up one day, one hour, one minute—needlessly?|Thinkamericanシリーズ。日本女性は日に14、16、18時間も奴隷のように働いているといって、アメリカ人を叱咤激励するもの。Black Star Photoのクレジットあり。","No. 209-copyright 1943-Kelly- Read Co. Inc., Rochester, N.Y.",アメリカ太平洋地域研究センター,静止画資料,英語,0079,http://tify.sub.uni-goettingen.de/demo.html?manifest=https://archdataset.dl.itc.u-tokyo.ac.jp/manifest/91fd2042-740b-4c6d-210c-9187f05f2bfa.json,91fd2042-740b-4c6d-210c-9187f05f2bfa,https://iiif.dl.itc.u-tokyo.ac.jp/repo/s/cpas-poster/,https://iiif.dl.itc.u-tokyo.ac.jp/repo/s/cpas-poster/document/91fd2042-740b-4c6d-210c-9187f05f2bfa,http://www.cpas.c.u-tokyo.ac.jp/lib/archive_riyo1.html,https://iiif.dl.itc.u-tokyo.ac.jp/repo/files/medium/74b0635db817f18d46b83004fcfbb5626b8ee78c.jpg,https://iiif.dl.itc.u-tokyo.ac.jp/repo/api/items/654446,"東京大学大学院総合文化研究科グローバル地域研究機構アメリカ太平洋地域研究センター Center for Pacific and American Studies, The University of Tokyo, JAPAN",,,CPAS第二次世界大戦期プロパガンダポスターコレクション,,https://iiif.dl.itc.u-tokyo.ac.jp/repo/iiif/91fd2042-740b-4c6d-210c-9187f05f2bfa/manifest,,,,,1
Our private enterprise system. Let's preserve the only system that can provide real jobs after victory,84,我らが私営企業システム――勝利のあとに「本来の」職を生み出せるシステムを守ろう,,Think American Institute,1943,688×508,Business,Our private enterprise system / Post war jobs / Let's preserve the only system that can provide real jobs after victory|Thinkamericanシリーズ。Our private enterprise systemと書かれた袋からPost war jobsというお金がどっさりあふれている絵。C R Millerのサインあり。,"No. 210-copyright 1943-Kelly- Read Co. Inc., Rochester, N.Y.",アメリカ太平洋地域研究センター,静止画資料,英語,0080,http://tify.sub.uni-goettingen.de/demo.html?manifest=https://archdataset.dl.itc.u-tokyo.ac.jp/manifest/197dd50f-8bb3-5843-5fd2-e80cd9549e2a.json,197dd50f-8bb3-5843-5fd2-e80cd9549e2a,https://iiif.dl.itc.u-tokyo.ac.jp/repo/s/cpas-poster/,https://iiif.dl.itc.u-tokyo.ac.jp/repo/s/cpas-poster/document/197dd50f-8bb3-5843-5fd2-e80cd9549e2a,http://www.cpas.c.u-tokyo.ac.jp/lib/archive_riyo1.html,https://iiif.dl.itc.u-tokyo.ac.jp/repo/files/medium/2b9c547120313010212a6bef398eddcfaea786ca.jpg,https://iiif.dl.itc.u-tokyo.ac.jp/repo/api/items/654445,"東京大学大学院総合文化研究科グローバル地域研究機構アメリカ太平洋地域研究センター Center for Pacific and American Studies, The University of Tokyo, JAPAN",,,CPAS第二次世界大戦期プロパガンダポスターコレクション,,https://iiif.dl.itc.u-tokyo.ac.jp/repo/iiif/197dd50f-8bb3-5843-5fd2-e80cd9549e2a/manifest,,,,,1
"Your right to vote is your opportunity to protect, over here the freedoms for which Americans fight over there.",85,投票権とは内地において自由を守るための機会であり、外地ではアメリカ人がその自由のために戦っている,"Miller, Chester Raymond",Think American Institute,1943,688×508,Business,"Freedom of enterprise. Freedom of worship. Freedom of speech. Freedom of press / Your right to vote is your opportunity to protect, over here the freedoms for which Americans fight over there.|Thinkamericanシリーズ。1941年のローズヴェルト大統領の年頭教書に盛り込まれた4つの自由、「言論・表現の自由」「信教の自由」「欠乏からの自由」「恐怖からの自由」に「企業の自由」を付け加えている。","No. 211-copyright 1943-Kelly- Read Co. Inc., Rochester, N.Y.",アメリカ太平洋地域研究センター,静止画資料,英語,0081,http://tify.sub.uni-goettingen.de/demo.html?manifest=https://archdataset.dl.itc.u-tokyo.ac.jp/manifest/5e7b7474-12e6-06f9-477b-f45b919a4193.json,5e7b7474-12e6-06f9-477b-f45b919a4193,https://iiif.dl.itc.u-tokyo.ac.jp/repo/s/cpas-poster/,https://iiif.dl.itc.u-tokyo.ac.jp/repo/s/cpas-poster/document/5e7b7474-12e6-06f9-477b-f45b919a4193,http://www.cpas.c.u-tokyo.ac.jp/lib/archive_riyo1.html,https://iiif.dl.itc.u-tokyo.ac.jp/repo/files/medium/4e35152beecc6520f1c9293ce508604a22f15ed7.jpg,https://iiif.dl.itc.u-tokyo.ac.jp/repo/api/items/654444,"東京大学大学院総合文化研究科グローバル地域研究機構アメリカ太平洋地域研究センター Center for Pacific and American Studies, The University of Tokyo, JAPAN",,,CPAS第二次世界大戦期プロパガンダポスターコレクション,,https://iiif.dl.itc.u-tokyo.ac.jp/repo/iiif/5e7b7474-12e6-06f9-477b-f45b919a4193/manifest,,,,,1
U.S.A. For a country where we are still masters of our own destinies,86,アメリカ合衆国――まだ人々が自らの運命を自分で切り開くことのできる国のために,,Think American Institute,1943,688×508,Business,U.S.A. / For a country where we are still masters of our own destinies. Let's be truly thankful.|Thinkamerican Instituteなる愛国団体による意見広告。イラストにはC. R. Millerのサインがみられる。背景には17世紀にメイフラワー号に乗ってアメリカ大陸へわたって来たピルグリムたちが描かれている。この絵や「心から感謝しよう」とのポスターの文字から、おそらく1943年の感謝祭に因んで作成されたものと思われる。,"No. 215-copyright 1943-Kelly- Read Co. Inc., Rochester, N.Y.",アメリカ太平洋地域研究センター,静止画資料,英語,0082,http://tify.sub.uni-goettingen.de/demo.html?manifest=https://archdataset.dl.itc.u-tokyo.ac.jp/manifest/7c953451-1d9e-1cc8-3dd5-2ddc0f3e0d40.json,7c953451-1d9e-1cc8-3dd5-2ddc0f3e0d40,https://iiif.dl.itc.u-tokyo.ac.jp/repo/s/cpas-poster/,https://iiif.dl.itc.u-tokyo.ac.jp/repo/s/cpas-poster/document/7c953451-1d9e-1cc8-3dd5-2ddc0f3e0d40,http://www.cpas.c.u-tokyo.ac.jp/lib/archive_riyo1.html,https://iiif.dl.itc.u-tokyo.ac.jp/repo/files/medium/ac8e0f2bd1715581d97443c368f5904390c3b891.jpg,https://iiif.dl.itc.u-tokyo.ac.jp/repo/api/items/654443,"東京大学大学院総合文化研究科グローバル地域研究機構アメリカ太平洋地域研究センター Center for Pacific and American Studies, The University of Tokyo, JAPAN",,,CPAS第二次世界大戦期プロパガンダポスターコレクション,,https://iiif.dl.itc.u-tokyo.ac.jp/repo/iiif/7c953451-1d9e-1cc8-3dd5-2ddc0f3e0d40/manifest,,,,,1
"Could you look this wounded American straight in the eye and honestly say—""I'm doing all I can for victory.""",87,この傷ついたアメリカ人を正面から見つめて、心から「私は勝利のためにできることを全てやっている」と言えますか?,,Think American Institute,1943,688×505,Business,"Could you look this wounded American straight in the eye and honestly say—""I'm doing all I can for victory.""|Thinkamericanシリーズ。","No. 217-copyright 1943-Kelly- Read Co. Inc., Rochester, N.Y.",アメリカ太平洋地域研究センター,静止画資料,英語,0083,http://tify.sub.uni-goettingen.de/demo.html?manifest=https://archdataset.dl.itc.u-tokyo.ac.jp/manifest/23378570-95c3-659b-5915-43c2a1f80b47.json,23378570-95c3-659b-5915-43c2a1f80b47,https://iiif.dl.itc.u-tokyo.ac.jp/repo/s/cpas-poster/,https://iiif.dl.itc.u-tokyo.ac.jp/repo/s/cpas-poster/document/23378570-95c3-659b-5915-43c2a1f80b47,http://www.cpas.c.u-tokyo.ac.jp/lib/archive_riyo1.html,https://iiif.dl.itc.u-tokyo.ac.jp/repo/files/medium/db9191843cbceb3c7b6b4c84d1cbb80991b8b388.jpg,https://iiif.dl.itc.u-tokyo.ac.jp/repo/api/items/654442,"東京大学大学院総合文化研究科グローバル地域研究機構アメリカ太平洋地域研究センター Center for Pacific and American Studies, The University of Tokyo, JAPAN",,,CPAS第二次世界大戦期プロパガンダポスターコレクション,,https://iiif.dl.itc.u-tokyo.ac.jp/repo/iiif/23378570-95c3-659b-5915-43c2a1f80b47/manifest,,,,,1
Destroy free business and you destroy free labor. Europe proved that,88,商業の自由を破壊すれば、労働の自由も破壊することになる。ヨーロッパを見るがいい,,Think American Institute,1944,688×505,Business,Destroy free business and you destroy free labor / Europe proved that|Thinkamericanシリーズ。Dictatorに捕らわれている労働者の絵。C R Millerのサインあり,"No. 222-copyright 1944-Kelly- Read Co. Inc., Rochester, N.Y.",アメリカ太平洋地域研究センター,静止画資料,英語,0084,http://tify.sub.uni-goettingen.de/demo.html?manifest=https://archdataset.dl.itc.u-tokyo.ac.jp/manifest/b37eee42-328a-37ab-1e93-ee4ecfbf1d6f.json,b37eee42-328a-37ab-1e93-ee4ecfbf1d6f,https://iiif.dl.itc.u-tokyo.ac.jp/repo/s/cpas-poster/,https://iiif.dl.itc.u-tokyo.ac.jp/repo/s/cpas-poster/document/b37eee42-328a-37ab-1e93-ee4ecfbf1d6f,http://www.cpas.c.u-tokyo.ac.jp/lib/archive_riyo1.html,https://iiif.dl.itc.u-tokyo.ac.jp/repo/files/medium/4638c1583a12dc1595d7f474f84831fb7f8a9552.jpg,https://iiif.dl.itc.u-tokyo.ac.jp/repo/api/items/654441,"東京大学大学院総合文化研究科グローバル地域研究機構アメリカ太平洋地域研究センター Center for Pacific and American Studies, The University of Tokyo, JAPAN",,,CPAS第二次世界大戦期プロパガンダポスターコレクション,,https://iiif.dl.itc.u-tokyo.ac.jp/repo/iiif/b37eee42-328a-37ab-1e93-ee4ecfbf1d6f/manifest,,,,,1
Save the life of someone you love,89,愛する人の生命を救うのだ,,Think American Institute,1944,688×508,Business,Save the life of someone you love / Do your war job well!|Thinkamerican. Trade mark Reg. U.S. Pat Off.,"No. 233-Copyright 1944-Kelly-Read & Co. Inc., Rochester, N.Y.",アメリカ太平洋地域研究センター,静止画資料,英語,0085,http://tify.sub.uni-goettingen.de/demo.html?manifest=https://archdataset.dl.itc.u-tokyo.ac.jp/manifest/7adfee1c-3dcf-212b-6670-76d4926557e7.json,7adfee1c-3dcf-212b-6670-76d4926557e7,https://iiif.dl.itc.u-tokyo.ac.jp/repo/s/cpas-poster/,https://iiif.dl.itc.u-tokyo.ac.jp/repo/s/cpas-poster/document/7adfee1c-3dcf-212b-6670-76d4926557e7,http://www.cpas.c.u-tokyo.ac.jp/lib/archive_riyo1.html,https://iiif.dl.itc.u-tokyo.ac.jp/repo/files/medium/89f81b976a24e6bb6591784c011bfe3bbbf28c0f.jpg,https://iiif.dl.itc.u-tokyo.ac.jp/repo/api/items/654440,"東京大学大学院総合文化研究科グローバル地域研究機構アメリカ太平洋地域研究センター Center for Pacific and American Studies, The University of Tokyo, JAPAN",,,CPAS第二次世界大戦期プロパガンダポスターコレクション,,https://iiif.dl.itc.u-tokyo.ac.jp/repo/iiif/7adfee1c-3dcf-212b-6670-76d4926557e7/manifest,,,,,1
Save your bullets for the Axis. Don't take time off!,90,枢軸国を打ちのめすために、銃弾を取っておけ。休むべからず!,,,1942,1116×713,"Business, Back up our battleskies",Save your bullets for the Axis /Don't take time off! / Back up our battleskies!|バトルスキー?シリーズ,PA-12 LITHO. in U.S.A.,アメリカ太平洋地域研究センター,静止画資料,英語,0086,http://tify.sub.uni-goettingen.de/demo.html?manifest=https://archdataset.dl.itc.u-tokyo.ac.jp/manifest/9fa6c318-345f-794e-8aa0-5839d1be14c3.json,9fa6c318-345f-794e-8aa0-5839d1be14c3,https://iiif.dl.itc.u-tokyo.ac.jp/repo/s/cpas-poster/,https://iiif.dl.itc.u-tokyo.ac.jp/repo/s/cpas-poster/document/9fa6c318-345f-794e-8aa0-5839d1be14c3,http://www.cpas.c.u-tokyo.ac.jp/lib/archive_riyo1.html,https://iiif.dl.itc.u-tokyo.ac.jp/repo/files/medium/8949a95335dc984c841673ebf2b426b740d2fe03.jpg,https://iiif.dl.itc.u-tokyo.ac.jp/repo/api/items/654439,"東京大学大学院総合文化研究科グローバル地域研究機構アメリカ太平洋地域研究センター Center for Pacific and American Studies, The University of Tokyo, JAPAN",,,CPAS第二次世界大戦期プロパガンダポスターコレクション,,https://iiif.dl.itc.u-tokyo.ac.jp/repo/iiif/9fa6c318-345f-794e-8aa0-5839d1be14c3/manifest,,,,,1
Save them this fate. Don't stay home from work!,91,彼女らを破滅から救うために。家にいないで働け!,,,,1118×714,"Business, Back up our battleskies",Save them this fate / Don't stay home from work! / Back up our battleskies!|バトルスキー?シリーズ。ナチスの脅威におびえるヨーロッパの母子。仕事への精勤は戦争遂行の協力であると説く。,PA-15,アメリカ太平洋地域研究センター,静止画資料,英語,0087,http://tify.sub.uni-goettingen.de/demo.html?manifest=https://archdataset.dl.itc.u-tokyo.ac.jp/manifest/be4a30fe-6704-6968-44dd-3e3d84047ca2.json,be4a30fe-6704-6968-44dd-3e3d84047ca2,https://iiif.dl.itc.u-tokyo.ac.jp/repo/s/cpas-poster/,https://iiif.dl.itc.u-tokyo.ac.jp/repo/s/cpas-poster/document/be4a30fe-6704-6968-44dd-3e3d84047ca2,http://www.cpas.c.u-tokyo.ac.jp/lib/archive_riyo1.html,https://iiif.dl.itc.u-tokyo.ac.jp/repo/files/medium/bc5fc77ffdf06429e4e4db22cb478999a979f2ea.jpg,https://iiif.dl.itc.u-tokyo.ac.jp/repo/api/items/654438,"東京大学大学院総合文化研究科グローバル地域研究機構アメリカ太平洋地域研究センター Center for Pacific and American Studies, The University of Tokyo, JAPAN",,,CPAS第二次世界大戦期プロパガンダポスターコレクション,,https://iiif.dl.itc.u-tokyo.ac.jp/repo/iiif/be4a30fe-6704-6968-44dd-3e3d84047ca2/manifest,,,,,1
You cut off his right arm . . . When you don't work.,92,あなたが働かないと、彼の右腕を切り落としてしまうことに,,,,1117×712,"Business, Back up our battleskies",You cut off his right arm . . . When you don't work / Back up our battleskies!,PA-17  LITHO. in U.S.A.,アメリカ太平洋地域研究センター,静止画資料,英語,0088,http://tify.sub.uni-goettingen.de/demo.html?manifest=https://archdataset.dl.itc.u-tokyo.ac.jp/manifest/7617121a-5f03-2731-155e-619b0bb714cb.json,7617121a-5f03-2731-155e-619b0bb714cb,https://iiif.dl.itc.u-tokyo.ac.jp/repo/s/cpas-poster/,https://iiif.dl.itc.u-tokyo.ac.jp/repo/s/cpas-poster/document/7617121a-5f03-2731-155e-619b0bb714cb,http://www.cpas.c.u-tokyo.ac.jp/lib/archive_riyo1.html,https://iiif.dl.itc.u-tokyo.ac.jp/repo/files/medium/29dd99a6fab67d2a76444d5fccd3cf6b48d6e583.jpg,https://iiif.dl.itc.u-tokyo.ac.jp/repo/api/items/654437,"東京大学大学院総合文化研究科グローバル地域研究機構アメリカ太平洋地域研究センター Center for Pacific and American Studies, The University of Tokyo, JAPAN",,,CPAS第二次世界大戦期プロパガンダポスターコレクション,,https://iiif.dl.itc.u-tokyo.ac.jp/repo/iiif/7617121a-5f03-2731-155e-619b0bb714cb/manifest,,,,,1
Loose talk costs lives.,93,軽率な雑談は命にかかわる,,,,1117×710,"Business, Back up our battleskies",Loose talk costs lives / Back up our battleskies!,PL-62 LITHO.IN U.S.A.,アメリカ太平洋地域研究センター,静止画資料,英語,0089,http://tify.sub.uni-goettingen.de/demo.html?manifest=https://archdataset.dl.itc.u-tokyo.ac.jp/manifest/b074261b-2b74-9b73-a3ed-930c39d72a30.json,b074261b-2b74-9b73-a3ed-930c39d72a30,https://iiif.dl.itc.u-tokyo.ac.jp/repo/s/cpas-poster/,https://iiif.dl.itc.u-tokyo.ac.jp/repo/s/cpas-poster/document/b074261b-2b74-9b73-a3ed-930c39d72a30,http://www.cpas.c.u-tokyo.ac.jp/lib/archive_riyo1.html,https://iiif.dl.itc.u-tokyo.ac.jp/repo/files/medium/1f4bcb2beb1f718bd3b9c37d76b17aa633ffff50.jpg,https://iiif.dl.itc.u-tokyo.ac.jp/repo/api/items/654436,"東京大学大学院総合文化研究科グローバル地域研究機構アメリカ太平洋地域研究センター Center for Pacific and American Studies, The University of Tokyo, JAPAN",,,CPAS第二次世界大戦期プロパガンダポスターコレクション,,https://iiif.dl.itc.u-tokyo.ac.jp/repo/iiif/b074261b-2b74-9b73-a3ed-930c39d72a30/manifest,,,,,1
Don't be a no-show on your job!,94,欠勤はするな!,,,,913×608,Business,Don't be a no-show on your job!,,アメリカ太平洋地域研究センター,静止画資料,英語,0090,http://tify.sub.uni-goettingen.de/demo.html?manifest=https://archdataset.dl.itc.u-tokyo.ac.jp/manifest/0329aba7-8553-8526-3540-45fe518d98ee.json,0329aba7-8553-8526-3540-45fe518d98ee,https://iiif.dl.itc.u-tokyo.ac.jp/repo/s/cpas-poster/,https://iiif.dl.itc.u-tokyo.ac.jp/repo/s/cpas-poster/document/0329aba7-8553-8526-3540-45fe518d98ee,http://www.cpas.c.u-tokyo.ac.jp/lib/archive_riyo1.html,https://iiif.dl.itc.u-tokyo.ac.jp/repo/files/medium/29ccb7cd26b76f60fc53e21494e1e51cba4b3a99.jpg,https://iiif.dl.itc.u-tokyo.ac.jp/repo/api/items/654435,"東京大学大学院総合文化研究科グローバル地域研究機構アメリカ太平洋地域研究センター Center for Pacific and American Studies, The University of Tokyo, JAPAN",,,CPAS第二次世界大戦期プロパガンダポスターコレクション,,https://iiif.dl.itc.u-tokyo.ac.jp/repo/iiif/0329aba7-8553-8526-3540-45fe518d98ee/manifest,,,,,1
