タイトル/Title,書誌情報/Bibliographic Information,請求記号/Call No.,資料番号/Barcode No.,分類１/Category1,分類2/Category2,分類3/Category3,分類4/Category4,コレクション / Collection,所蔵図書館室 / Holding Library,表示用順番(同一カテゴリ内),備考/Comments,タイトルヨミ/Title Transcription,iiif viewer,ID,ウェブサイトURL,アイテムURL,利用条件,サムネイル,機械可読ドキュメント,帰属,viewingDirection,viewingHint,コレクション,西暦,IIIFマニフェストURI,IIIF Search API URI,アノテーション付きIIIFマニフェストURI,Link to TAPAS Project,Text with Rich Text Format,# of media
dcterms:title,dcterms:description,dcndl:callNumber,dcterms:identifier,kaishi:category1,kaishi:category2,kaishi:category3,kaishi:category4,dcndl:seriesTitle,dcndl:holdingAgent,uterms:sort,archiveshub:note,dcndl:titleTranscription,iiif viewer,bibo:identifier,dcterms:isPartOf,dcterms:relation,dcterms:rights,foaf:thumbnail,rdfs:seeAlso,sc:attributionLabel,sc:viewingDirection,sc:viewingHint,uterms:databaseLabel,uterms:year,uterms:manifestUri,uterms:searchApiUri,uterms:annotedManifest,uterms:linkToTapas,uterms:rtf,26445
神農本經,"神農本經 / (明) 廬復手録 ; (日本) 鈴木良知 [校]. -- 奥千之 [写], 嘉永6 [1853]. -- 1冊 ; 26.6×19.1cm. d.",A1:2,3002920043,,,,,,駒場図書館,002000,,シンノウ ホンキョウ,http://tify.sub.uni-goettingen.de/demo.html?manifest=https://archdataset.dl.itc.u-tokyo.ac.jp/manifest/14107ef6-7ab3-7692-6d0a-a7df87a182de.json,14107ef6-7ab3-7692-6d0a-a7df87a182de,https://iiif.dl.itc.u-tokyo.ac.jp/repo/s/honzosho/,https://iiif.dl.itc.u-tokyo.ac.jp/repo/s/honzosho/document/14107ef6-7ab3-7692-6d0a-a7df87a182de,https://www.lib.u-tokyo.ac.jp/ja/library/contents/archives-top/reuse,https://iiif.dl.itc.u-tokyo.ac.jp/repo/files/medium/46f6b88e423fe3ad5663091462a55ebdd3de2860.jpg,https://iiif.dl.itc.u-tokyo.ac.jp/repo/api/items/684069,"東京大学駒場図書館 Komaba Library, The University of Tokyo, JAPAN",http://iiif.io/api/presentation/2#rightToLeftDirection,,駒場図書館所蔵資源科学研究所本草書コレクション,,https://iiif.dl.itc.u-tokyo.ac.jp/repo/iiif/14107ef6-7ab3-7692-6d0a-a7df87a182de/manifest,,,,,53
重修政和經史證類備用本草 30巻 ; 序目,"重修政和經史證類備用本草 30巻 / (宋) 唐慎微續證類 ; (宋) 曹孝忠奉敕校勘 ; 序目 - 卷第30. -- 胡大慶, 嘉靖31 [1552]. -- 25冊 ; 32.8×19.8cm.",A1:3,3002920050,,,,,,駒場図書館,003000,,ジュウシュウ セイワ ケイシ ショウルイ ビヨウ ホンゾウ,http://tify.sub.uni-goettingen.de/demo.html?manifest=https://archdataset.dl.itc.u-tokyo.ac.jp/manifest/fc79648a-482e-935f-8405-5ec268377ffb.json,fc79648a-482e-935f-8405-5ec268377ffb,https://iiif.dl.itc.u-tokyo.ac.jp/repo/s/honzosho/,https://iiif.dl.itc.u-tokyo.ac.jp/repo/s/honzosho/document/fc79648a-482e-935f-8405-5ec268377ffb,https://www.lib.u-tokyo.ac.jp/ja/library/contents/archives-top/reuse,https://iiif.dl.itc.u-tokyo.ac.jp/repo/files/medium/df53f8aef9933ec899bb436d1db2af1cd77a7a02.jpg,https://iiif.dl.itc.u-tokyo.ac.jp/repo/api/items/684068,"東京大学駒場図書館 Komaba Library, The University of Tokyo, JAPAN",http://iiif.io/api/presentation/2#rightToLeftDirection,,駒場図書館所蔵資源科学研究所本草書コレクション,,https://iiif.dl.itc.u-tokyo.ac.jp/repo/iiif/fc79648a-482e-935f-8405-5ec268377ffb/manifest,,,,,65
重修政和經史證類備用本草 30巻 ; 卷第1,"重修政和經史證類備用本草 30巻 / (宋) 唐慎微續證類 ; (宋) 曹孝忠奉敕校勘 ; 序目 - 卷第30. -- 胡大慶, 嘉靖31 [1552]. -- 25冊 ; 32.8×19.8cm.",A1:3,3002920068,,,,,,駒場図書館,003010,,ジュウシュウ セイワ ケイシ ショウルイ ビヨウ ホンゾウ,http://tify.sub.uni-goettingen.de/demo.html?manifest=https://archdataset.dl.itc.u-tokyo.ac.jp/manifest/a2e1932b-5078-68f0-44f3-31d5a30e33ed.json,a2e1932b-5078-68f0-44f3-31d5a30e33ed,https://iiif.dl.itc.u-tokyo.ac.jp/repo/s/honzosho/,https://iiif.dl.itc.u-tokyo.ac.jp/repo/s/honzosho/document/a2e1932b-5078-68f0-44f3-31d5a30e33ed,https://www.lib.u-tokyo.ac.jp/ja/library/contents/archives-top/reuse,https://iiif.dl.itc.u-tokyo.ac.jp/repo/files/medium/4067d006012560610c738a5be764d98238898314.jpg,https://iiif.dl.itc.u-tokyo.ac.jp/repo/api/items/684067,"東京大学駒場図書館 Komaba Library, The University of Tokyo, JAPAN",http://iiif.io/api/presentation/2#rightToLeftDirection,,駒場図書館所蔵資源科学研究所本草書コレクション,,https://iiif.dl.itc.u-tokyo.ac.jp/repo/iiif/a2e1932b-5078-68f0-44f3-31d5a30e33ed/manifest,,,,,36
重修政和經史證類備用本草 30巻 ; 卷第2,"重修政和經史證類備用本草 30巻 / (宋) 唐慎微續證類 ; (宋) 曹孝忠奉敕校勘 ; 序目 - 卷第30. -- 胡大慶, 嘉靖31 [1552]. -- 25冊 ; 32.8×19.8cm.",A1:3,3002920076,,,,,,駒場図書館,003020,,ジュウシュウ セイワ ケイシ ショウルイ ビヨウ ホンゾウ,http://tify.sub.uni-goettingen.de/demo.html?manifest=https://archdataset.dl.itc.u-tokyo.ac.jp/manifest/6b313cc3-38cc-913e-7fd6-3c60b7a765e4.json,6b313cc3-38cc-913e-7fd6-3c60b7a765e4,https://iiif.dl.itc.u-tokyo.ac.jp/repo/s/honzosho/,https://iiif.dl.itc.u-tokyo.ac.jp/repo/s/honzosho/document/6b313cc3-38cc-913e-7fd6-3c60b7a765e4,https://www.lib.u-tokyo.ac.jp/ja/library/contents/archives-top/reuse,https://iiif.dl.itc.u-tokyo.ac.jp/repo/files/medium/9b7f3b071ee639e3f43165da3bb0dda42a46fea2.jpg,https://iiif.dl.itc.u-tokyo.ac.jp/repo/api/items/684066,"東京大学駒場図書館 Komaba Library, The University of Tokyo, JAPAN",http://iiif.io/api/presentation/2#rightToLeftDirection,,駒場図書館所蔵資源科学研究所本草書コレクション,,https://iiif.dl.itc.u-tokyo.ac.jp/repo/iiif/6b313cc3-38cc-913e-7fd6-3c60b7a765e4/manifest,,,,,59
重修政和經史證類備用本草 30巻 ; 卷第3,"重修政和經史證類備用本草 30巻 / (宋) 唐慎微續證類 ; (宋) 曹孝忠奉敕校勘 ; 序目 - 卷第30. -- 胡大慶, 嘉靖31 [1552]. -- 25冊 ; 32.8×19.8cm.",A1:3,3002920084,,,,,,駒場図書館,003030,,ジュウシュウ セイワ ケイシ ショウルイ ビヨウ ホンゾウ,http://tify.sub.uni-goettingen.de/demo.html?manifest=https://archdataset.dl.itc.u-tokyo.ac.jp/manifest/e0cf604e-93d0-a043-53e2-a3992bde07a9.json,e0cf604e-93d0-a043-53e2-a3992bde07a9,https://iiif.dl.itc.u-tokyo.ac.jp/repo/s/honzosho/,https://iiif.dl.itc.u-tokyo.ac.jp/repo/s/honzosho/document/e0cf604e-93d0-a043-53e2-a3992bde07a9,https://www.lib.u-tokyo.ac.jp/ja/library/contents/archives-top/reuse,https://iiif.dl.itc.u-tokyo.ac.jp/repo/files/medium/5ac7601f1b8272eceeb22b1b077b7db82575baa9.jpg,https://iiif.dl.itc.u-tokyo.ac.jp/repo/api/items/684065,"東京大学駒場図書館 Komaba Library, The University of Tokyo, JAPAN",http://iiif.io/api/presentation/2#rightToLeftDirection,,駒場図書館所蔵資源科学研究所本草書コレクション,,https://iiif.dl.itc.u-tokyo.ac.jp/repo/iiif/e0cf604e-93d0-a043-53e2-a3992bde07a9/manifest,,,,,50
重修政和經史證類備用本草 30巻 ; 卷第4,"重修政和經史證類備用本草 30巻 / (宋) 唐慎微續證類 ; (宋) 曹孝忠奉敕校勘 ; 序目 - 卷第30. -- 胡大慶, 嘉靖31 [1552]. -- 25冊 ; 32.8×19.8cm.",A1:3,3002920092,,,,,,駒場図書館,003040,,ジュウシュウ セイワ ケイシ ショウルイ ビヨウ ホンゾウ,http://tify.sub.uni-goettingen.de/demo.html?manifest=https://archdataset.dl.itc.u-tokyo.ac.jp/manifest/8b18372c-4a65-0b14-07db-2f58d44684e0.json,8b18372c-4a65-0b14-07db-2f58d44684e0,https://iiif.dl.itc.u-tokyo.ac.jp/repo/s/honzosho/,https://iiif.dl.itc.u-tokyo.ac.jp/repo/s/honzosho/document/8b18372c-4a65-0b14-07db-2f58d44684e0,https://www.lib.u-tokyo.ac.jp/ja/library/contents/archives-top/reuse,https://iiif.dl.itc.u-tokyo.ac.jp/repo/files/medium/3cd3d5605982ca0091bd0a9f16579bb49fb945ce.jpg,https://iiif.dl.itc.u-tokyo.ac.jp/repo/api/items/684064,"東京大学駒場図書館 Komaba Library, The University of Tokyo, JAPAN",http://iiif.io/api/presentation/2#rightToLeftDirection,,駒場図書館所蔵資源科学研究所本草書コレクション,,https://iiif.dl.itc.u-tokyo.ac.jp/repo/iiif/8b18372c-4a65-0b14-07db-2f58d44684e0/manifest,,,,,51
重修政和經史證類備用本草 30巻 ; 卷第5,"重修政和經史證類備用本草 30巻 / (宋) 唐慎微續證類 ; (宋) 曹孝忠奉敕校勘 ; 序目 - 卷第30. -- 胡大慶, 嘉靖31 [1552]. -- 25冊 ; 32.8×19.8cm.",A1:3,3002920100,,,,,,駒場図書館,003050,,ジュウシュウ セイワ ケイシ ショウルイ ビヨウ ホンゾウ,http://tify.sub.uni-goettingen.de/demo.html?manifest=https://archdataset.dl.itc.u-tokyo.ac.jp/manifest/940d9f14-2502-0c33-2ef6-0acda111942d.json,940d9f14-2502-0c33-2ef6-0acda111942d,https://iiif.dl.itc.u-tokyo.ac.jp/repo/s/honzosho/,https://iiif.dl.itc.u-tokyo.ac.jp/repo/s/honzosho/document/940d9f14-2502-0c33-2ef6-0acda111942d,https://www.lib.u-tokyo.ac.jp/ja/library/contents/archives-top/reuse,https://iiif.dl.itc.u-tokyo.ac.jp/repo/files/medium/31506361698866208addd03892df5cc4a47fb000.jpg,https://iiif.dl.itc.u-tokyo.ac.jp/repo/api/items/684063,"東京大学駒場図書館 Komaba Library, The University of Tokyo, JAPAN",http://iiif.io/api/presentation/2#rightToLeftDirection,,駒場図書館所蔵資源科学研究所本草書コレクション,,https://iiif.dl.itc.u-tokyo.ac.jp/repo/iiif/940d9f14-2502-0c33-2ef6-0acda111942d/manifest,,,,,47
重修政和經史證類備用本草 30巻 ; 卷第6,"重修政和經史證類備用本草 30巻 / (宋) 唐慎微續證類 ; (宋) 曹孝忠奉敕校勘 ; 序目 - 卷第30. -- 胡大慶, 嘉靖31 [1552]. -- 25冊 ; 32.8×19.8cm.",A1:3,3002920118,,,,,,駒場図書館,003060,,ジュウシュウ セイワ ケイシ ショウルイ ビヨウ ホンゾウ,http://tify.sub.uni-goettingen.de/demo.html?manifest=https://archdataset.dl.itc.u-tokyo.ac.jp/manifest/199f6749-3315-2321-3384-200d2dfe532c.json,199f6749-3315-2321-3384-200d2dfe532c,https://iiif.dl.itc.u-tokyo.ac.jp/repo/s/honzosho/,https://iiif.dl.itc.u-tokyo.ac.jp/repo/s/honzosho/document/199f6749-3315-2321-3384-200d2dfe532c,https://www.lib.u-tokyo.ac.jp/ja/library/contents/archives-top/reuse,https://iiif.dl.itc.u-tokyo.ac.jp/repo/files/medium/6023ac1ca2c5928dc73037c25ac26511590322f3.jpg,https://iiif.dl.itc.u-tokyo.ac.jp/repo/api/items/684062,"東京大学駒場図書館 Komaba Library, The University of Tokyo, JAPAN",http://iiif.io/api/presentation/2#rightToLeftDirection,,駒場図書館所蔵資源科学研究所本草書コレクション,,https://iiif.dl.itc.u-tokyo.ac.jp/repo/iiif/199f6749-3315-2321-3384-200d2dfe532c/manifest,,,,,71
重修政和經史證類備用本草 30巻 ; 卷第7,"重修政和經史證類備用本草 30巻 / (宋) 唐慎微續證類 ; (宋) 曹孝忠奉敕校勘 ; 序目 - 卷第30. -- 胡大慶, 嘉靖31 [1552]. -- 25冊 ; 32.8×19.8cm.",A1:3,3002920126,,,,,,駒場図書館,003070,,ジュウシュウ セイワ ケイシ ショウルイ ビヨウ ホンゾウ,http://tify.sub.uni-goettingen.de/demo.html?manifest=https://archdataset.dl.itc.u-tokyo.ac.jp/manifest/27e81baf-7b55-5f31-7f17-7a8a1c473c36.json,27e81baf-7b55-5f31-7f17-7a8a1c473c36,https://iiif.dl.itc.u-tokyo.ac.jp/repo/s/honzosho/,https://iiif.dl.itc.u-tokyo.ac.jp/repo/s/honzosho/document/27e81baf-7b55-5f31-7f17-7a8a1c473c36,https://www.lib.u-tokyo.ac.jp/ja/library/contents/archives-top/reuse,https://iiif.dl.itc.u-tokyo.ac.jp/repo/files/medium/727be16ce52c16737a30503363633f48d67b45bd.jpg,https://iiif.dl.itc.u-tokyo.ac.jp/repo/api/items/684061,"東京大学駒場図書館 Komaba Library, The University of Tokyo, JAPAN",http://iiif.io/api/presentation/2#rightToLeftDirection,,駒場図書館所蔵資源科学研究所本草書コレクション,,https://iiif.dl.itc.u-tokyo.ac.jp/repo/iiif/27e81baf-7b55-5f31-7f17-7a8a1c473c36/manifest,,,,,52
重修政和經史證類備用本草 30巻 ; 卷第8,"重修政和經史證類備用本草 30巻 / (宋) 唐慎微續證類 ; (宋) 曹孝忠奉敕校勘 ; 序目 - 卷第30. -- 胡大慶, 嘉靖31 [1552]. -- 25冊 ; 32.8×19.8cm.",A1:3,3002920134,,,,,,駒場図書館,003080,,ジュウシュウ セイワ ケイシ ショウルイ ビヨウ ホンゾウ,http://tify.sub.uni-goettingen.de/demo.html?manifest=https://archdataset.dl.itc.u-tokyo.ac.jp/manifest/64af9641-74af-4be6-31c2-8b34458469d4.json,64af9641-74af-4be6-31c2-8b34458469d4,https://iiif.dl.itc.u-tokyo.ac.jp/repo/s/honzosho/,https://iiif.dl.itc.u-tokyo.ac.jp/repo/s/honzosho/document/64af9641-74af-4be6-31c2-8b34458469d4,https://www.lib.u-tokyo.ac.jp/ja/library/contents/archives-top/reuse,https://iiif.dl.itc.u-tokyo.ac.jp/repo/files/medium/2f665aeaf1f8897ce43583d48bea35b039ff8928.jpg,https://iiif.dl.itc.u-tokyo.ac.jp/repo/api/items/684060,"東京大学駒場図書館 Komaba Library, The University of Tokyo, JAPAN",http://iiif.io/api/presentation/2#rightToLeftDirection,,駒場図書館所蔵資源科学研究所本草書コレクション,,https://iiif.dl.itc.u-tokyo.ac.jp/repo/iiif/64af9641-74af-4be6-31c2-8b34458469d4/manifest,,,,,58
重修政和經史證類備用本草 30巻 ; 卷第9,"重修政和經史證類備用本草 30巻 / (宋) 唐慎微續證類 ; (宋) 曹孝忠奉敕校勘 ; 序目 - 卷第30. -- 胡大慶, 嘉靖31 [1552]. -- 25冊 ; 32.8×19.8cm.",A1:3,3002920142,,,,,,駒場図書館,003090,,ジュウシュウ セイワ ケイシ ショウルイ ビヨウ ホンゾウ,http://tify.sub.uni-goettingen.de/demo.html?manifest=https://archdataset.dl.itc.u-tokyo.ac.jp/manifest/f4d45f49-4712-281a-9c56-9e7f1b6c93ce.json,f4d45f49-4712-281a-9c56-9e7f1b6c93ce,https://iiif.dl.itc.u-tokyo.ac.jp/repo/s/honzosho/,https://iiif.dl.itc.u-tokyo.ac.jp/repo/s/honzosho/document/f4d45f49-4712-281a-9c56-9e7f1b6c93ce,https://www.lib.u-tokyo.ac.jp/ja/library/contents/archives-top/reuse,https://iiif.dl.itc.u-tokyo.ac.jp/repo/files/medium/971f31fa6a6b44ac5f7046a3d71dd4dbb9cb30f3.jpg,https://iiif.dl.itc.u-tokyo.ac.jp/repo/api/items/684059,"東京大学駒場図書館 Komaba Library, The University of Tokyo, JAPAN",http://iiif.io/api/presentation/2#rightToLeftDirection,,駒場図書館所蔵資源科学研究所本草書コレクション,,https://iiif.dl.itc.u-tokyo.ac.jp/repo/iiif/f4d45f49-4712-281a-9c56-9e7f1b6c93ce/manifest,,,,,60
重修政和經史證類備用本草 30巻 ; 卷第10,"重修政和經史證類備用本草 30巻 / (宋) 唐慎微續證類 ; (宋) 曹孝忠奉敕校勘 ; 序目 - 卷第30. -- 胡大慶, 嘉靖31 [1552]. -- 25冊 ; 32.8×19.8cm.",A1:3,3002920159,,,,,,駒場図書館,003100,,ジュウシュウ セイワ ケイシ ショウルイ ビヨウ ホンゾウ,http://tify.sub.uni-goettingen.de/demo.html?manifest=https://archdataset.dl.itc.u-tokyo.ac.jp/manifest/e29e1a42-2caa-41e6-555b-67a86e0d6f29.json,e29e1a42-2caa-41e6-555b-67a86e0d6f29,https://iiif.dl.itc.u-tokyo.ac.jp/repo/s/honzosho/,https://iiif.dl.itc.u-tokyo.ac.jp/repo/s/honzosho/document/e29e1a42-2caa-41e6-555b-67a86e0d6f29,https://www.lib.u-tokyo.ac.jp/ja/library/contents/archives-top/reuse,https://iiif.dl.itc.u-tokyo.ac.jp/repo/files/medium/7739254d62c2f84aba96f0962940fe5597fa0f65.jpg,https://iiif.dl.itc.u-tokyo.ac.jp/repo/api/items/684058,"東京大学駒場図書館 Komaba Library, The University of Tokyo, JAPAN",http://iiif.io/api/presentation/2#rightToLeftDirection,,駒場図書館所蔵資源科学研究所本草書コレクション,,https://iiif.dl.itc.u-tokyo.ac.jp/repo/iiif/e29e1a42-2caa-41e6-555b-67a86e0d6f29/manifest,,,,,48
重修政和經史證類備用本草 30巻 ; 卷第11,"重修政和經史證類備用本草 30巻 / (宋) 唐慎微續證類 ; (宋) 曹孝忠奉敕校勘 ; 序目 - 卷第30. -- 胡大慶, 嘉靖31 [1552]. -- 25冊 ; 32.8×19.8cm.",A1:3,3002920167,,,,,,駒場図書館,003110,,ジュウシュウ セイワ ケイシ ショウルイ ビヨウ ホンゾウ,http://tify.sub.uni-goettingen.de/demo.html?manifest=https://archdataset.dl.itc.u-tokyo.ac.jp/manifest/14816c7f-9f2d-8bdd-4b0c-421ea4902496.json,14816c7f-9f2d-8bdd-4b0c-421ea4902496,https://iiif.dl.itc.u-tokyo.ac.jp/repo/s/honzosho/,https://iiif.dl.itc.u-tokyo.ac.jp/repo/s/honzosho/document/14816c7f-9f2d-8bdd-4b0c-421ea4902496,https://www.lib.u-tokyo.ac.jp/ja/library/contents/archives-top/reuse,https://iiif.dl.itc.u-tokyo.ac.jp/repo/files/medium/9500df5112a79c1755673ca04f42ad9567b3cc4e.jpg,https://iiif.dl.itc.u-tokyo.ac.jp/repo/api/items/684057,"東京大学駒場図書館 Komaba Library, The University of Tokyo, JAPAN",http://iiif.io/api/presentation/2#rightToLeftDirection,,駒場図書館所蔵資源科学研究所本草書コレクション,,https://iiif.dl.itc.u-tokyo.ac.jp/repo/iiif/14816c7f-9f2d-8bdd-4b0c-421ea4902496/manifest,,,,,65
重修政和經史證類備用本草 30巻 ; 卷第12,"重修政和經史證類備用本草 30巻 / (宋) 唐慎微續證類 ; (宋) 曹孝忠奉敕校勘 ; 序目 - 卷第30. -- 胡大慶, 嘉靖31 [1552]. -- 25冊 ; 32.8×19.8cm.",A1:3,3002920175,,,,,,駒場図書館,003120,,ジュウシュウ セイワ ケイシ ショウルイ ビヨウ ホンゾウ,http://tify.sub.uni-goettingen.de/demo.html?manifest=https://archdataset.dl.itc.u-tokyo.ac.jp/manifest/0013c57f-a16f-1432-4314-ade9268c5898.json,0013c57f-a16f-1432-4314-ade9268c5898,https://iiif.dl.itc.u-tokyo.ac.jp/repo/s/honzosho/,https://iiif.dl.itc.u-tokyo.ac.jp/repo/s/honzosho/document/0013c57f-a16f-1432-4314-ade9268c5898,https://www.lib.u-tokyo.ac.jp/ja/library/contents/archives-top/reuse,https://iiif.dl.itc.u-tokyo.ac.jp/repo/files/medium/c60968d32609014fb179746e6d1614e09043f81b.jpg,https://iiif.dl.itc.u-tokyo.ac.jp/repo/api/items/684056,"東京大学駒場図書館 Komaba Library, The University of Tokyo, JAPAN",http://iiif.io/api/presentation/2#rightToLeftDirection,,駒場図書館所蔵資源科学研究所本草書コレクション,,https://iiif.dl.itc.u-tokyo.ac.jp/repo/iiif/0013c57f-a16f-1432-4314-ade9268c5898/manifest,,,,,63
重修政和經史證類備用本草 30巻 ; 卷第13,"重修政和經史證類備用本草 30巻 / (宋) 唐慎微續證類 ; (宋) 曹孝忠奉敕校勘 ; 序目 - 卷第30. -- 胡大慶, 嘉靖31 [1552]. -- 25冊 ; 32.8×19.8cm.",A1:3,3002920183,,,,,,駒場図書館,003130,,ジュウシュウ セイワ ケイシ ショウルイ ビヨウ ホンゾウ,http://tify.sub.uni-goettingen.de/demo.html?manifest=https://archdataset.dl.itc.u-tokyo.ac.jp/manifest/696b2445-4e5e-219a-27c6-bd5fb1ff5b28.json,696b2445-4e5e-219a-27c6-bd5fb1ff5b28,https://iiif.dl.itc.u-tokyo.ac.jp/repo/s/honzosho/,https://iiif.dl.itc.u-tokyo.ac.jp/repo/s/honzosho/document/696b2445-4e5e-219a-27c6-bd5fb1ff5b28,https://www.lib.u-tokyo.ac.jp/ja/library/contents/archives-top/reuse,https://iiif.dl.itc.u-tokyo.ac.jp/repo/files/medium/104e514defbeb2595efb8cc684d10e2d05a4d4bd.jpg,https://iiif.dl.itc.u-tokyo.ac.jp/repo/api/items/684055,"東京大学駒場図書館 Komaba Library, The University of Tokyo, JAPAN",http://iiif.io/api/presentation/2#rightToLeftDirection,,駒場図書館所蔵資源科学研究所本草書コレクション,,https://iiif.dl.itc.u-tokyo.ac.jp/repo/iiif/696b2445-4e5e-219a-27c6-bd5fb1ff5b28/manifest,,,,,59
重修政和經史證類備用本草 30巻 ; 卷第14,"重修政和經史證類備用本草 30巻 / (宋) 唐慎微續證類 ; (宋) 曹孝忠奉敕校勘 ; 序目 - 卷第30. -- 胡大慶, 嘉靖31 [1552]. -- 25冊 ; 32.8×19.8cm.",A1:3,3002920191,,,,,,駒場図書館,003140,,ジュウシュウ セイワ ケイシ ショウルイ ビヨウ ホンゾウ,http://tify.sub.uni-goettingen.de/demo.html?manifest=https://archdataset.dl.itc.u-tokyo.ac.jp/manifest/25e39acd-6b9f-a186-19bf-80638127935c.json,25e39acd-6b9f-a186-19bf-80638127935c,https://iiif.dl.itc.u-tokyo.ac.jp/repo/s/honzosho/,https://iiif.dl.itc.u-tokyo.ac.jp/repo/s/honzosho/document/25e39acd-6b9f-a186-19bf-80638127935c,https://www.lib.u-tokyo.ac.jp/ja/library/contents/archives-top/reuse,https://iiif.dl.itc.u-tokyo.ac.jp/repo/files/medium/72f250e6ecab52dad7bc874008c1b378f7101ea5.jpg,https://iiif.dl.itc.u-tokyo.ac.jp/repo/api/items/684054,"東京大学駒場図書館 Komaba Library, The University of Tokyo, JAPAN",http://iiif.io/api/presentation/2#rightToLeftDirection,,駒場図書館所蔵資源科学研究所本草書コレクション,,https://iiif.dl.itc.u-tokyo.ac.jp/repo/iiif/25e39acd-6b9f-a186-19bf-80638127935c/manifest,,,,,59
重修政和經史證類備用本草 30巻 ; 卷第15-16,"重修政和經史證類備用本草 30巻 / (宋) 唐慎微續證類 ; (宋) 曹孝忠奉敕校勘 ; 序目 - 卷第30. -- 胡大慶, 嘉靖31 [1552]. -- 25冊 ; 32.8×19.8cm.",A1:3,3002920209,,,,,,駒場図書館,003150,,ジュウシュウ セイワ ケイシ ショウルイ ビヨウ ホンゾウ,http://tify.sub.uni-goettingen.de/demo.html?manifest=https://archdataset.dl.itc.u-tokyo.ac.jp/manifest/fbf4f269-037a-8da2-7183-8948c0e9a5c6.json,fbf4f269-037a-8da2-7183-8948c0e9a5c6,https://iiif.dl.itc.u-tokyo.ac.jp/repo/s/honzosho/,https://iiif.dl.itc.u-tokyo.ac.jp/repo/s/honzosho/document/fbf4f269-037a-8da2-7183-8948c0e9a5c6,https://www.lib.u-tokyo.ac.jp/ja/library/contents/archives-top/reuse,https://iiif.dl.itc.u-tokyo.ac.jp/repo/files/medium/d81838554355d7d84389282e9329b3cdca83c2ae.jpg,https://iiif.dl.itc.u-tokyo.ac.jp/repo/api/items/684053,"東京大学駒場図書館 Komaba Library, The University of Tokyo, JAPAN",http://iiif.io/api/presentation/2#rightToLeftDirection,,駒場図書館所蔵資源科学研究所本草書コレクション,,https://iiif.dl.itc.u-tokyo.ac.jp/repo/iiif/fbf4f269-037a-8da2-7183-8948c0e9a5c6/manifest,,,,,31
重修政和經史證類備用本草 30巻 ; 卷第17,"重修政和經史證類備用本草 30巻 / (宋) 唐慎微續證類 ; (宋) 曹孝忠奉敕校勘 ; 序目 - 卷第30. -- 胡大慶, 嘉靖31 [1552]. -- 25冊 ; 32.8×19.8cm.",A1:3,3002920217,,,,,,駒場図書館,003160,,ジュウシュウ セイワ ケイシ ショウルイ ビヨウ ホンゾウ,http://tify.sub.uni-goettingen.de/demo.html?manifest=https://archdataset.dl.itc.u-tokyo.ac.jp/manifest/20fcb85e-68b0-42bb-771c-01bcc7dc5d95.json,20fcb85e-68b0-42bb-771c-01bcc7dc5d95,https://iiif.dl.itc.u-tokyo.ac.jp/repo/s/honzosho/,https://iiif.dl.itc.u-tokyo.ac.jp/repo/s/honzosho/document/20fcb85e-68b0-42bb-771c-01bcc7dc5d95,https://www.lib.u-tokyo.ac.jp/ja/library/contents/archives-top/reuse,https://iiif.dl.itc.u-tokyo.ac.jp/repo/files/medium/7a135814e94926312cffe2db1137ce72ee9f62c4.jpg,https://iiif.dl.itc.u-tokyo.ac.jp/repo/api/items/684052,"東京大学駒場図書館 Komaba Library, The University of Tokyo, JAPAN",http://iiif.io/api/presentation/2#rightToLeftDirection,,駒場図書館所蔵資源科学研究所本草書コレクション,,https://iiif.dl.itc.u-tokyo.ac.jp/repo/iiif/20fcb85e-68b0-42bb-771c-01bcc7dc5d95/manifest,,,,,36
重修政和經史證類備用本草 30巻 ; 卷第18-19,"重修政和經史證類備用本草 30巻 / (宋) 唐慎微續證類 ; (宋) 曹孝忠奉敕校勘 ; 序目 - 卷第30. -- 胡大慶, 嘉靖31 [1552]. -- 25冊 ; 32.8×19.8cm.",A1:3,3002920225,,,,,,駒場図書館,003170,,ジュウシュウ セイワ ケイシ ショウルイ ビヨウ ホンゾウ,http://tify.sub.uni-goettingen.de/demo.html?manifest=https://archdataset.dl.itc.u-tokyo.ac.jp/manifest/922101eb-12f0-0067-240f-26002e2a3e05.json,922101eb-12f0-0067-240f-26002e2a3e05,https://iiif.dl.itc.u-tokyo.ac.jp/repo/s/honzosho/,https://iiif.dl.itc.u-tokyo.ac.jp/repo/s/honzosho/document/922101eb-12f0-0067-240f-26002e2a3e05,https://www.lib.u-tokyo.ac.jp/ja/library/contents/archives-top/reuse,https://iiif.dl.itc.u-tokyo.ac.jp/repo/files/medium/c1d41f5b4530bb71acd5db4fd6088e916cfbb9a7.jpg,https://iiif.dl.itc.u-tokyo.ac.jp/repo/api/items/684051,"東京大学駒場図書館 Komaba Library, The University of Tokyo, JAPAN",http://iiif.io/api/presentation/2#rightToLeftDirection,,駒場図書館所蔵資源科学研究所本草書コレクション,,https://iiif.dl.itc.u-tokyo.ac.jp/repo/iiif/922101eb-12f0-0067-240f-26002e2a3e05/manifest,,,,,52
重修政和經史證類備用本草 30巻 ; 卷第20,"重修政和經史證類備用本草 30巻 / (宋) 唐慎微續證類 ; (宋) 曹孝忠奉敕校勘 ; 序目 - 卷第30. -- 胡大慶, 嘉靖31 [1552]. -- 25冊 ; 32.8×19.8cm.",A1:3,3002920233,,,,,,駒場図書館,003180,,ジュウシュウ セイワ ケイシ ショウルイ ビヨウ ホンゾウ,http://tify.sub.uni-goettingen.de/demo.html?manifest=https://archdataset.dl.itc.u-tokyo.ac.jp/manifest/5d9e6d98-4763-012b-7d78-b1f5b00f4262.json,5d9e6d98-4763-012b-7d78-b1f5b00f4262,https://iiif.dl.itc.u-tokyo.ac.jp/repo/s/honzosho/,https://iiif.dl.itc.u-tokyo.ac.jp/repo/s/honzosho/document/5d9e6d98-4763-012b-7d78-b1f5b00f4262,https://www.lib.u-tokyo.ac.jp/ja/library/contents/archives-top/reuse,https://iiif.dl.itc.u-tokyo.ac.jp/repo/files/medium/bf17efce5b10b4144b6f4d900a410d1ac76d7583.jpg,https://iiif.dl.itc.u-tokyo.ac.jp/repo/api/items/684050,"東京大学駒場図書館 Komaba Library, The University of Tokyo, JAPAN",http://iiif.io/api/presentation/2#rightToLeftDirection,,駒場図書館所蔵資源科学研究所本草書コレクション,,https://iiif.dl.itc.u-tokyo.ac.jp/repo/iiif/5d9e6d98-4763-012b-7d78-b1f5b00f4262/manifest,,,,,35
重修政和經史證類備用本草 30巻 ; 卷第21,"重修政和經史證類備用本草 30巻 / (宋) 唐慎微續證類 ; (宋) 曹孝忠奉敕校勘 ; 序目 - 卷第30. -- 胡大慶, 嘉靖31 [1552]. -- 25冊 ; 32.8×19.8cm.",A1:3,3002920241,,,,,,駒場図書館,003190,,ジュウシュウ セイワ ケイシ ショウルイ ビヨウ ホンゾウ,http://tify.sub.uni-goettingen.de/demo.html?manifest=https://archdataset.dl.itc.u-tokyo.ac.jp/manifest/162940b5-9928-9147-1932-e1b14a50196b.json,162940b5-9928-9147-1932-e1b14a50196b,https://iiif.dl.itc.u-tokyo.ac.jp/repo/s/honzosho/,https://iiif.dl.itc.u-tokyo.ac.jp/repo/s/honzosho/document/162940b5-9928-9147-1932-e1b14a50196b,https://www.lib.u-tokyo.ac.jp/ja/library/contents/archives-top/reuse,https://iiif.dl.itc.u-tokyo.ac.jp/repo/files/medium/e3ede9c281f25bfa4001ae6fa0536ab1971e6265.jpg,https://iiif.dl.itc.u-tokyo.ac.jp/repo/api/items/684049,"東京大学駒場図書館 Komaba Library, The University of Tokyo, JAPAN",http://iiif.io/api/presentation/2#rightToLeftDirection,,駒場図書館所蔵資源科学研究所本草書コレクション,,https://iiif.dl.itc.u-tokyo.ac.jp/repo/iiif/162940b5-9928-9147-1932-e1b14a50196b/manifest,,,,,40
重修政和經史證類備用本草 30巻 ; 卷第22,"重修政和經史證類備用本草 30巻 / (宋) 唐慎微續證類 ; (宋) 曹孝忠奉敕校勘 ; 序目 - 卷第30. -- 胡大慶, 嘉靖31 [1552]. -- 25冊 ; 32.8×19.8cm.",A1:3,3002920258,,,,,,駒場図書館,003200,,ジュウシュウ セイワ ケイシ ショウルイ ビヨウ ホンゾウ,http://tify.sub.uni-goettingen.de/demo.html?manifest=https://archdataset.dl.itc.u-tokyo.ac.jp/manifest/1f04e6ad-8a04-292d-4c03-d3e953394697.json,1f04e6ad-8a04-292d-4c03-d3e953394697,https://iiif.dl.itc.u-tokyo.ac.jp/repo/s/honzosho/,https://iiif.dl.itc.u-tokyo.ac.jp/repo/s/honzosho/document/1f04e6ad-8a04-292d-4c03-d3e953394697,https://www.lib.u-tokyo.ac.jp/ja/library/contents/archives-top/reuse,https://iiif.dl.itc.u-tokyo.ac.jp/repo/files/medium/e56b62b9f8a2df35a612d534e76d5115b9b90e43.jpg,https://iiif.dl.itc.u-tokyo.ac.jp/repo/api/items/684048,"東京大学駒場図書館 Komaba Library, The University of Tokyo, JAPAN",http://iiif.io/api/presentation/2#rightToLeftDirection,,駒場図書館所蔵資源科学研究所本草書コレクション,,https://iiif.dl.itc.u-tokyo.ac.jp/repo/iiif/1f04e6ad-8a04-292d-4c03-d3e953394697/manifest,,,,,51
重修政和經史證類備用本草 30巻 ; 卷第23,"重修政和經史證類備用本草 30巻 / (宋) 唐慎微續證類 ; (宋) 曹孝忠奉敕校勘 ; 序目 - 卷第30. -- 胡大慶, 嘉靖31 [1552]. -- 25冊 ; 32.8×19.8cm.",A1:3,3002920266,,,,,,駒場図書館,003210,,ジュウシュウ セイワ ケイシ ショウルイ ビヨウ ホンゾウ,http://tify.sub.uni-goettingen.de/demo.html?manifest=https://archdataset.dl.itc.u-tokyo.ac.jp/manifest/44b038d1-9ceb-4ca0-3db3-f91831883764.json,44b038d1-9ceb-4ca0-3db3-f91831883764,https://iiif.dl.itc.u-tokyo.ac.jp/repo/s/honzosho/,https://iiif.dl.itc.u-tokyo.ac.jp/repo/s/honzosho/document/44b038d1-9ceb-4ca0-3db3-f91831883764,https://www.lib.u-tokyo.ac.jp/ja/library/contents/archives-top/reuse,https://iiif.dl.itc.u-tokyo.ac.jp/repo/files/medium/52705819738d101f3f4577ca7ff565e911bf535b.jpg,https://iiif.dl.itc.u-tokyo.ac.jp/repo/api/items/684047,"東京大学駒場図書館 Komaba Library, The University of Tokyo, JAPAN",http://iiif.io/api/presentation/2#rightToLeftDirection,,駒場図書館所蔵資源科学研究所本草書コレクション,,https://iiif.dl.itc.u-tokyo.ac.jp/repo/iiif/44b038d1-9ceb-4ca0-3db3-f91831883764/manifest,,,,,55
重修政和經史證類備用本草 30巻 ; 卷第24-26,"重修政和經史證類備用本草 30巻 / (宋) 唐慎微續證類 ; (宋) 曹孝忠奉敕校勘 ; 序目 - 卷第30. -- 胡大慶, 嘉靖31 [1552]. -- 25冊 ; 32.8×19.8cm.",A1:3,3002920274,,,,,,駒場図書館,003220,,ジュウシュウ セイワ ケイシ ショウルイ ビヨウ ホンゾウ,http://tify.sub.uni-goettingen.de/demo.html?manifest=https://archdataset.dl.itc.u-tokyo.ac.jp/manifest/6cd15183-488c-5ee5-950c-ae53476164c8.json,6cd15183-488c-5ee5-950c-ae53476164c8,https://iiif.dl.itc.u-tokyo.ac.jp/repo/s/honzosho/,https://iiif.dl.itc.u-tokyo.ac.jp/repo/s/honzosho/document/6cd15183-488c-5ee5-950c-ae53476164c8,https://www.lib.u-tokyo.ac.jp/ja/library/contents/archives-top/reuse,https://iiif.dl.itc.u-tokyo.ac.jp/repo/files/medium/7535debfd5dc218bd1c6f21cbe0a66137f868627.jpg,https://iiif.dl.itc.u-tokyo.ac.jp/repo/api/items/684046,"東京大学駒場図書館 Komaba Library, The University of Tokyo, JAPAN",http://iiif.io/api/presentation/2#rightToLeftDirection,,駒場図書館所蔵資源科学研究所本草書コレクション,,https://iiif.dl.itc.u-tokyo.ac.jp/repo/iiif/6cd15183-488c-5ee5-950c-ae53476164c8/manifest,,,,,48
重修政和經史證類備用本草 30巻 ; 卷第27-29,"重修政和經史證類備用本草 30巻 / (宋) 唐慎微續證類 ; (宋) 曹孝忠奉敕校勘 ; 序目 - 卷第30. -- 胡大慶, 嘉靖31 [1552]. -- 25冊 ; 32.8×19.8cm.",A1:3,3002920282,,,,,,駒場図書館,003230,,ジュウシュウ セイワ ケイシ ショウルイ ビヨウ ホンゾウ,http://tify.sub.uni-goettingen.de/demo.html?manifest=https://archdataset.dl.itc.u-tokyo.ac.jp/manifest/9c4803c2-2e65-96bb-3033-e8a9ee4740b8.json,9c4803c2-2e65-96bb-3033-e8a9ee4740b8,https://iiif.dl.itc.u-tokyo.ac.jp/repo/s/honzosho/,https://iiif.dl.itc.u-tokyo.ac.jp/repo/s/honzosho/document/9c4803c2-2e65-96bb-3033-e8a9ee4740b8,https://www.lib.u-tokyo.ac.jp/ja/library/contents/archives-top/reuse,https://iiif.dl.itc.u-tokyo.ac.jp/repo/files/medium/859f3e291b44b701d0d2fdedfebe546a9301f64a.jpg,https://iiif.dl.itc.u-tokyo.ac.jp/repo/api/items/684045,"東京大学駒場図書館 Komaba Library, The University of Tokyo, JAPAN",http://iiif.io/api/presentation/2#rightToLeftDirection,,駒場図書館所蔵資源科学研究所本草書コレクション,,https://iiif.dl.itc.u-tokyo.ac.jp/repo/iiif/9c4803c2-2e65-96bb-3033-e8a9ee4740b8/manifest,,,,,60
重修政和經史證類備用本草 30巻 ; 卷第30,"重修政和經史證類備用本草 30巻 / (宋) 唐慎微續證類 ; (宋) 曹孝忠奉敕校勘 ; 序目 - 卷第30. -- 胡大慶, 嘉靖31 [1552]. -- 25冊 ; 32.8×19.8cm.",A1:3,3002920290,,,,,,駒場図書館,003240,,ジュウシュウ セイワ ケイシ ショウルイ ビヨウ ホンゾウ,http://tify.sub.uni-goettingen.de/demo.html?manifest=https://archdataset.dl.itc.u-tokyo.ac.jp/manifest/ff1118e2-1ac9-2122-5809-84349d1590b0.json,ff1118e2-1ac9-2122-5809-84349d1590b0,https://iiif.dl.itc.u-tokyo.ac.jp/repo/s/honzosho/,https://iiif.dl.itc.u-tokyo.ac.jp/repo/s/honzosho/document/ff1118e2-1ac9-2122-5809-84349d1590b0,https://www.lib.u-tokyo.ac.jp/ja/library/contents/archives-top/reuse,https://iiif.dl.itc.u-tokyo.ac.jp/repo/files/medium/839789a2aa33e8043275edf06e6c599b175f7327.jpg,https://iiif.dl.itc.u-tokyo.ac.jp/repo/api/items/684044,"東京大学駒場図書館 Komaba Library, The University of Tokyo, JAPAN",http://iiif.io/api/presentation/2#rightToLeftDirection,,駒場図書館所蔵資源科学研究所本草書コレクション,,https://iiif.dl.itc.u-tokyo.ac.jp/repo/iiif/ff1118e2-1ac9-2122-5809-84349d1590b0/manifest,,,,,56
"本草綱目 52巻圖3巻序目1巻 ; 序, 總目, 凡例","本草綱目 52巻圖3巻序目1巻瀕湖脉學1巻脉訣攷證1巻竒經八脉攷1巻 / (明) 李時珍編輯 ; (明) 錢蔚起較訂 ; 序, 總目, 凡例 - 脉學, 脉訣, 竒經攷. -- [出版者不明], [寛文年間]. -- 38冊 ; 27.3×19.9cm.",A1:5,3002920365,,,,,,駒場図書館,005000,,ホンゾウ コウモク,http://tify.sub.uni-goettingen.de/demo.html?manifest=https://archdataset.dl.itc.u-tokyo.ac.jp/manifest/4364ad58-237c-7b56-60db-11b0350c41ca.json,4364ad58-237c-7b56-60db-11b0350c41ca,https://iiif.dl.itc.u-tokyo.ac.jp/repo/s/honzosho/,https://iiif.dl.itc.u-tokyo.ac.jp/repo/s/honzosho/document/4364ad58-237c-7b56-60db-11b0350c41ca,https://www.lib.u-tokyo.ac.jp/ja/library/contents/archives-top/reuse,https://iiif.dl.itc.u-tokyo.ac.jp/repo/files/medium/ee9cdf6492e2bd3eb25b2af7d53a0fe575afb004.jpg,https://iiif.dl.itc.u-tokyo.ac.jp/repo/api/items/684043,"東京大学駒場図書館 Komaba Library, The University of Tokyo, JAPAN",http://iiif.io/api/presentation/2#rightToLeftDirection,,駒場図書館所蔵資源科学研究所本草書コレクション,,https://iiif.dl.itc.u-tokyo.ac.jp/repo/iiif/4364ad58-237c-7b56-60db-11b0350c41ca/manifest,,,,,47
本草綱目 52巻圖3巻序目1巻 ; 第1卷上-2卷,"本草綱目 52巻圖3巻序目1巻瀕湖脉學1巻脉訣攷證1巻竒經八脉攷1巻 / (明) 李時珍編輯 ; (明) 錢蔚起較訂 ; 序, 總目, 凡例 - 脉學, 脉訣, 竒經攷. -- [出版者不明], [寛文年間]. -- 38冊 ; 27.3×19.9cm.",A1:5,3002920373,,,,,,駒場図書館,005010,,ホンゾウ コウモク,http://tify.sub.uni-goettingen.de/demo.html?manifest=https://archdataset.dl.itc.u-tokyo.ac.jp/manifest/afbf1d3a-a624-26a3-1d25-f1c715fc1378.json,afbf1d3a-a624-26a3-1d25-f1c715fc1378,https://iiif.dl.itc.u-tokyo.ac.jp/repo/s/honzosho/,https://iiif.dl.itc.u-tokyo.ac.jp/repo/s/honzosho/document/afbf1d3a-a624-26a3-1d25-f1c715fc1378,https://www.lib.u-tokyo.ac.jp/ja/library/contents/archives-top/reuse,https://iiif.dl.itc.u-tokyo.ac.jp/repo/files/medium/57d22a86315287f958b8cbb8a4db7f250790c6f1.jpg,https://iiif.dl.itc.u-tokyo.ac.jp/repo/api/items/684042,"東京大学駒場図書館 Komaba Library, The University of Tokyo, JAPAN",http://iiif.io/api/presentation/2#rightToLeftDirection,,駒場図書館所蔵資源科学研究所本草書コレクション,,https://iiif.dl.itc.u-tokyo.ac.jp/repo/iiif/afbf1d3a-a624-26a3-1d25-f1c715fc1378/manifest,,,,,142
本草綱目 52巻圖3巻序目1巻 ; 第3卷上-下,"本草綱目 52巻圖3巻序目1巻瀕湖脉學1巻脉訣攷證1巻竒經八脉攷1巻 / (明) 李時珍編輯 ; (明) 錢蔚起較訂 ; 序, 總目, 凡例 - 脉學, 脉訣, 竒經攷. -- [出版者不明], [寛文年間]. -- 38冊 ; 27.3×19.9cm.",A1:5,3002920381,,,,,,駒場図書館,005020,,ホンゾウ コウモク,http://tify.sub.uni-goettingen.de/demo.html?manifest=https://archdataset.dl.itc.u-tokyo.ac.jp/manifest/c1595742-0d7f-0703-3a1b-497372fb05be.json,c1595742-0d7f-0703-3a1b-497372fb05be,https://iiif.dl.itc.u-tokyo.ac.jp/repo/s/honzosho/,https://iiif.dl.itc.u-tokyo.ac.jp/repo/s/honzosho/document/c1595742-0d7f-0703-3a1b-497372fb05be,https://www.lib.u-tokyo.ac.jp/ja/library/contents/archives-top/reuse,https://iiif.dl.itc.u-tokyo.ac.jp/repo/files/medium/c6dc3c0b880c3fe41b22b2d0b20cef5c9e966d6c.jpg,https://iiif.dl.itc.u-tokyo.ac.jp/repo/api/items/684041,"東京大学駒場図書館 Komaba Library, The University of Tokyo, JAPAN",http://iiif.io/api/presentation/2#rightToLeftDirection,,駒場図書館所蔵資源科学研究所本草書コレクション,,https://iiif.dl.itc.u-tokyo.ac.jp/repo/iiif/c1595742-0d7f-0703-3a1b-497372fb05be/manifest,,,,,163
本草綱目 52巻圖3巻序目1巻 ; 第4卷上-下,"本草綱目 52巻圖3巻序目1巻瀕湖脉學1巻脉訣攷證1巻竒經八脉攷1巻 / (明) 李時珍編輯 ; (明) 錢蔚起較訂 ; 序, 總目, 凡例 - 脉學, 脉訣, 竒經攷. -- [出版者不明], [寛文年間]. -- 38冊 ; 27.3×19.9cm.",A1:5,3002920399,,,,,,駒場図書館,005030,,ホンゾウ コウモク,http://tify.sub.uni-goettingen.de/demo.html?manifest=https://archdataset.dl.itc.u-tokyo.ac.jp/manifest/6fb47c69-1af2-0981-61dc-75fcbcb41f53.json,6fb47c69-1af2-0981-61dc-75fcbcb41f53,https://iiif.dl.itc.u-tokyo.ac.jp/repo/s/honzosho/,https://iiif.dl.itc.u-tokyo.ac.jp/repo/s/honzosho/document/6fb47c69-1af2-0981-61dc-75fcbcb41f53,https://www.lib.u-tokyo.ac.jp/ja/library/contents/archives-top/reuse,https://iiif.dl.itc.u-tokyo.ac.jp/repo/files/medium/6b322dbe01668f0d24230f3a7d9ff8c7d18dcde5.jpg,https://iiif.dl.itc.u-tokyo.ac.jp/repo/api/items/684040,"東京大学駒場図書館 Komaba Library, The University of Tokyo, JAPAN",http://iiif.io/api/presentation/2#rightToLeftDirection,,駒場図書館所蔵資源科学研究所本草書コレクション,,https://iiif.dl.itc.u-tokyo.ac.jp/repo/iiif/6fb47c69-1af2-0981-61dc-75fcbcb41f53/manifest,,,,,146
本草綱目 52巻圖3巻序目1巻 ; 第5-7卷,"本草綱目 52巻圖3巻序目1巻瀕湖脉學1巻脉訣攷證1巻竒經八脉攷1巻 / (明) 李時珍編輯 ; (明) 錢蔚起較訂 ; 序, 總目, 凡例 - 脉學, 脉訣, 竒經攷. -- [出版者不明], [寛文年間]. -- 38冊 ; 27.3×19.9cm.",A1:5,3002920407,,,,,,駒場図書館,005040,,ホンゾウ コウモク,http://tify.sub.uni-goettingen.de/demo.html?manifest=https://archdataset.dl.itc.u-tokyo.ac.jp/manifest/74afae87-4812-8b29-7ee7-100bf2fa6d85.json,74afae87-4812-8b29-7ee7-100bf2fa6d85,https://iiif.dl.itc.u-tokyo.ac.jp/repo/s/honzosho/,https://iiif.dl.itc.u-tokyo.ac.jp/repo/s/honzosho/document/74afae87-4812-8b29-7ee7-100bf2fa6d85,https://www.lib.u-tokyo.ac.jp/ja/library/contents/archives-top/reuse,https://iiif.dl.itc.u-tokyo.ac.jp/repo/files/medium/65b813c910a76e32847a74a48c1cc3950ca3f63f.jpg,https://iiif.dl.itc.u-tokyo.ac.jp/repo/api/items/684039,"東京大学駒場図書館 Komaba Library, The University of Tokyo, JAPAN",http://iiif.io/api/presentation/2#rightToLeftDirection,,駒場図書館所蔵資源科学研究所本草書コレクション,,https://iiif.dl.itc.u-tokyo.ac.jp/repo/iiif/74afae87-4812-8b29-7ee7-100bf2fa6d85/manifest,,,,,75
本草綱目 52巻圖3巻序目1巻 ; 第8卷,"本草綱目 52巻圖3巻序目1巻瀕湖脉學1巻脉訣攷證1巻竒經八脉攷1巻 / (明) 李時珍編輯 ; (明) 錢蔚起較訂 ; 序, 總目, 凡例 - 脉學, 脉訣, 竒經攷. -- [出版者不明], [寛文年間]. -- 38冊 ; 27.3×19.9cm.",A1:5,3002920415,,,,,,駒場図書館,005050,,ホンゾウ コウモク,http://tify.sub.uni-goettingen.de/demo.html?manifest=https://archdataset.dl.itc.u-tokyo.ac.jp/manifest/b572bbc4-2df4-70f8-16c3-4487aefa06fc.json,b572bbc4-2df4-70f8-16c3-4487aefa06fc,https://iiif.dl.itc.u-tokyo.ac.jp/repo/s/honzosho/,https://iiif.dl.itc.u-tokyo.ac.jp/repo/s/honzosho/document/b572bbc4-2df4-70f8-16c3-4487aefa06fc,https://www.lib.u-tokyo.ac.jp/ja/library/contents/archives-top/reuse,https://iiif.dl.itc.u-tokyo.ac.jp/repo/files/medium/784948d4ded3d5fd6eeb61dc811638eacca8bde7.jpg,https://iiif.dl.itc.u-tokyo.ac.jp/repo/api/items/684038,"東京大学駒場図書館 Komaba Library, The University of Tokyo, JAPAN",http://iiif.io/api/presentation/2#rightToLeftDirection,,駒場図書館所蔵資源科学研究所本草書コレクション,,https://iiif.dl.itc.u-tokyo.ac.jp/repo/iiif/b572bbc4-2df4-70f8-16c3-4487aefa06fc/manifest,,,,,68
本草綱目 52巻圖3巻序目1巻 ; 第9-10卷,"本草綱目 52巻圖3巻序目1巻瀕湖脉學1巻脉訣攷證1巻竒經八脉攷1巻 / (明) 李時珍編輯 ; (明) 錢蔚起較訂 ; 序, 總目, 凡例 - 脉學, 脉訣, 竒經攷. -- [出版者不明], [寛文年間]. -- 38冊 ; 27.3×19.9cm.",A1:5,3002920423,,,,,,駒場図書館,005060,,ホンゾウ コウモク,http://tify.sub.uni-goettingen.de/demo.html?manifest=https://archdataset.dl.itc.u-tokyo.ac.jp/manifest/9c59a4af-367c-38f9-29a2-3e4c5da2371c.json,9c59a4af-367c-38f9-29a2-3e4c5da2371c,https://iiif.dl.itc.u-tokyo.ac.jp/repo/s/honzosho/,https://iiif.dl.itc.u-tokyo.ac.jp/repo/s/honzosho/document/9c59a4af-367c-38f9-29a2-3e4c5da2371c,https://www.lib.u-tokyo.ac.jp/ja/library/contents/archives-top/reuse,https://iiif.dl.itc.u-tokyo.ac.jp/repo/files/medium/a810366310edbcdeed798d72e0099b491e3af65b.jpg,https://iiif.dl.itc.u-tokyo.ac.jp/repo/api/items/684037,"東京大学駒場図書館 Komaba Library, The University of Tokyo, JAPAN",http://iiif.io/api/presentation/2#rightToLeftDirection,,駒場図書館所蔵資源科学研究所本草書コレクション,,https://iiif.dl.itc.u-tokyo.ac.jp/repo/iiif/9c59a4af-367c-38f9-29a2-3e4c5da2371c/manifest,,,,,120
本草綱目 52巻圖3巻序目1巻 ; 第11卷,"本草綱目 52巻圖3巻序目1巻瀕湖脉學1巻脉訣攷證1巻竒經八脉攷1巻 / (明) 李時珍編輯 ; (明) 錢蔚起較訂 ; 序, 總目, 凡例 - 脉學, 脉訣, 竒經攷. -- [出版者不明], [寛文年間]. -- 38冊 ; 27.3×19.9cm.",A1:5,3002920431,,,,,,駒場図書館,005070,,ホンゾウ コウモク,http://tify.sub.uni-goettingen.de/demo.html?manifest=https://archdataset.dl.itc.u-tokyo.ac.jp/manifest/ac779673-311c-6f73-151b-3600f00a579e.json,ac779673-311c-6f73-151b-3600f00a579e,https://iiif.dl.itc.u-tokyo.ac.jp/repo/s/honzosho/,https://iiif.dl.itc.u-tokyo.ac.jp/repo/s/honzosho/document/ac779673-311c-6f73-151b-3600f00a579e,https://www.lib.u-tokyo.ac.jp/ja/library/contents/archives-top/reuse,https://iiif.dl.itc.u-tokyo.ac.jp/repo/files/medium/209937be217a616448500ff55d5d670517165476.jpg,https://iiif.dl.itc.u-tokyo.ac.jp/repo/api/items/684036,"東京大学駒場図書館 Komaba Library, The University of Tokyo, JAPAN",http://iiif.io/api/presentation/2#rightToLeftDirection,,駒場図書館所蔵資源科学研究所本草書コレクション,,https://iiif.dl.itc.u-tokyo.ac.jp/repo/iiif/ac779673-311c-6f73-151b-3600f00a579e/manifest,,,,,64
本草綱目 52巻圖3巻序目1巻 ; 第12卷上-13卷,"本草綱目 52巻圖3巻序目1巻瀕湖脉學1巻脉訣攷證1巻竒經八脉攷1巻 / (明) 李時珍編輯 ; (明) 錢蔚起較訂 ; 序, 總目, 凡例 - 脉學, 脉訣, 竒經攷. -- [出版者不明], [寛文年間]. -- 38冊 ; 27.3×19.9cm.",A1:5,3002920449,,,,,,駒場図書館,005080,,ホンゾウ コウモク,http://tify.sub.uni-goettingen.de/demo.html?manifest=https://archdataset.dl.itc.u-tokyo.ac.jp/manifest/a7c947fb-0d92-4d7d-9f51-5eb4847d3011.json,a7c947fb-0d92-4d7d-9f51-5eb4847d3011,https://iiif.dl.itc.u-tokyo.ac.jp/repo/s/honzosho/,https://iiif.dl.itc.u-tokyo.ac.jp/repo/s/honzosho/document/a7c947fb-0d92-4d7d-9f51-5eb4847d3011,https://www.lib.u-tokyo.ac.jp/ja/library/contents/archives-top/reuse,https://iiif.dl.itc.u-tokyo.ac.jp/repo/files/medium/752b68db34351e39e69cc1d7e77f920d1d4676c6.jpg,https://iiif.dl.itc.u-tokyo.ac.jp/repo/api/items/684035,"東京大学駒場図書館 Komaba Library, The University of Tokyo, JAPAN",http://iiif.io/api/presentation/2#rightToLeftDirection,,駒場図書館所蔵資源科学研究所本草書コレクション,,https://iiif.dl.itc.u-tokyo.ac.jp/repo/iiif/a7c947fb-0d92-4d7d-9f51-5eb4847d3011/manifest,,,,,172
本草綱目 52巻圖3巻序目1巻 ; 第14卷,"本草綱目 52巻圖3巻序目1巻瀕湖脉學1巻脉訣攷證1巻竒經八脉攷1巻 / (明) 李時珍編輯 ; (明) 錢蔚起較訂 ; 序, 總目, 凡例 - 脉學, 脉訣, 竒經攷. -- [出版者不明], [寛文年間]. -- 38冊 ; 27.3×19.9cm.",A1:5,3002920456,,,,,,駒場図書館,005090,,ホンゾウ コウモク,http://tify.sub.uni-goettingen.de/demo.html?manifest=https://archdataset.dl.itc.u-tokyo.ac.jp/manifest/ddfb16e9-7b82-4a35-2a3f-69d748279e84.json,ddfb16e9-7b82-4a35-2a3f-69d748279e84,https://iiif.dl.itc.u-tokyo.ac.jp/repo/s/honzosho/,https://iiif.dl.itc.u-tokyo.ac.jp/repo/s/honzosho/document/ddfb16e9-7b82-4a35-2a3f-69d748279e84,https://www.lib.u-tokyo.ac.jp/ja/library/contents/archives-top/reuse,https://iiif.dl.itc.u-tokyo.ac.jp/repo/files/medium/b735303466ef9ff842df1ff4fd694265e179f85d.jpg,https://iiif.dl.itc.u-tokyo.ac.jp/repo/api/items/684034,"東京大学駒場図書館 Komaba Library, The University of Tokyo, JAPAN",http://iiif.io/api/presentation/2#rightToLeftDirection,,駒場図書館所蔵資源科学研究所本草書コレクション,,https://iiif.dl.itc.u-tokyo.ac.jp/repo/iiif/ddfb16e9-7b82-4a35-2a3f-69d748279e84/manifest,,,,,105
本草綱目 52巻圖3巻序目1巻 ; 第15卷,"本草綱目 52巻圖3巻序目1巻瀕湖脉學1巻脉訣攷證1巻竒經八脉攷1巻 / (明) 李時珍編輯 ; (明) 錢蔚起較訂 ; 序, 總目, 凡例 - 脉學, 脉訣, 竒經攷. -- [出版者不明], [寛文年間]. -- 38冊 ; 27.3×19.9cm.",A1:5,3002920464,,,,,,駒場図書館,005100,,ホンゾウ コウモク,http://tify.sub.uni-goettingen.de/demo.html?manifest=https://archdataset.dl.itc.u-tokyo.ac.jp/manifest/a7d905dc-899f-a513-55b7-2b7325711b1e.json,a7d905dc-899f-a513-55b7-2b7325711b1e,https://iiif.dl.itc.u-tokyo.ac.jp/repo/s/honzosho/,https://iiif.dl.itc.u-tokyo.ac.jp/repo/s/honzosho/document/a7d905dc-899f-a513-55b7-2b7325711b1e,https://www.lib.u-tokyo.ac.jp/ja/library/contents/archives-top/reuse,https://iiif.dl.itc.u-tokyo.ac.jp/repo/files/medium/1cb9b628e228bf047650e3728d187d0cbe12b373.jpg,https://iiif.dl.itc.u-tokyo.ac.jp/repo/api/items/684033,"東京大学駒場図書館 Komaba Library, The University of Tokyo, JAPAN",http://iiif.io/api/presentation/2#rightToLeftDirection,,駒場図書館所蔵資源科学研究所本草書コレクション,,https://iiif.dl.itc.u-tokyo.ac.jp/repo/iiif/a7d905dc-899f-a513-55b7-2b7325711b1e/manifest,,,,,97
本草綱目 52巻圖3巻序目1巻 ; 第16卷,"本草綱目 52巻圖3巻序目1巻瀕湖脉學1巻脉訣攷證1巻竒經八脉攷1巻 / (明) 李時珍編輯 ; (明) 錢蔚起較訂 ; 序, 總目, 凡例 - 脉學, 脉訣, 竒經攷. -- [出版者不明], [寛文年間]. -- 38冊 ; 27.3×19.9cm.",A1:5,3002920472,,,,,,駒場図書館,005110,,ホンゾウ コウモク,http://tify.sub.uni-goettingen.de/demo.html?manifest=https://archdataset.dl.itc.u-tokyo.ac.jp/manifest/5ee8d476-291e-1dfe-0bb1-271c41d83485.json,5ee8d476-291e-1dfe-0bb1-271c41d83485,https://iiif.dl.itc.u-tokyo.ac.jp/repo/s/honzosho/,https://iiif.dl.itc.u-tokyo.ac.jp/repo/s/honzosho/document/5ee8d476-291e-1dfe-0bb1-271c41d83485,https://www.lib.u-tokyo.ac.jp/ja/library/contents/archives-top/reuse,https://iiif.dl.itc.u-tokyo.ac.jp/repo/files/medium/0bfb5cffdc866bf63bdb2b51a7ebcfc2ad7e8ab5.jpg,https://iiif.dl.itc.u-tokyo.ac.jp/repo/api/items/684032,"東京大学駒場図書館 Komaba Library, The University of Tokyo, JAPAN",http://iiif.io/api/presentation/2#rightToLeftDirection,,駒場図書館所蔵資源科学研究所本草書コレクション,,https://iiif.dl.itc.u-tokyo.ac.jp/repo/iiif/5ee8d476-291e-1dfe-0bb1-271c41d83485/manifest,,,,,101
本草綱目 52巻圖3巻序目1巻 ; 第17卷上-下,"本草綱目 52巻圖3巻序目1巻瀕湖脉學1巻脉訣攷證1巻竒經八脉攷1巻 / (明) 李時珍編輯 ; (明) 錢蔚起較訂 ; 序, 總目, 凡例 - 脉學, 脉訣, 竒經攷. -- [出版者不明], [寛文年間]. -- 38冊 ; 27.3×19.9cm.",A1:5,3002920480,,,,,,駒場図書館,005120,,ホンゾウ コウモク,http://tify.sub.uni-goettingen.de/demo.html?manifest=https://archdataset.dl.itc.u-tokyo.ac.jp/manifest/5a22de5b-67e1-446a-50f2-2faeac711df3.json,5a22de5b-67e1-446a-50f2-2faeac711df3,https://iiif.dl.itc.u-tokyo.ac.jp/repo/s/honzosho/,https://iiif.dl.itc.u-tokyo.ac.jp/repo/s/honzosho/document/5a22de5b-67e1-446a-50f2-2faeac711df3,https://www.lib.u-tokyo.ac.jp/ja/library/contents/archives-top/reuse,https://iiif.dl.itc.u-tokyo.ac.jp/repo/files/medium/14728e458d64a74fc76577ce2ddc35229f2c69f7.jpg,https://iiif.dl.itc.u-tokyo.ac.jp/repo/api/items/684031,"東京大学駒場図書館 Komaba Library, The University of Tokyo, JAPAN",http://iiif.io/api/presentation/2#rightToLeftDirection,,駒場図書館所蔵資源科学研究所本草書コレクション,,https://iiif.dl.itc.u-tokyo.ac.jp/repo/iiif/5a22de5b-67e1-446a-50f2-2faeac711df3/manifest,,,,,122
本草綱目 52巻圖3巻序目1巻 ; 第18卷上-下,"本草綱目 52巻圖3巻序目1巻瀕湖脉學1巻脉訣攷證1巻竒經八脉攷1巻 / (明) 李時珍編輯 ; (明) 錢蔚起較訂 ; 序, 總目, 凡例 - 脉學, 脉訣, 竒經攷. -- [出版者不明], [寛文年間]. -- 38冊 ; 27.3×19.9cm.",A1:5,3002920498,,,,,,駒場図書館,005130,,ホンゾウ コウモク,http://tify.sub.uni-goettingen.de/demo.html?manifest=https://archdataset.dl.itc.u-tokyo.ac.jp/manifest/b6f5c642-06ae-5f7f-060a-c339e11601b8.json,b6f5c642-06ae-5f7f-060a-c339e11601b8,https://iiif.dl.itc.u-tokyo.ac.jp/repo/s/honzosho/,https://iiif.dl.itc.u-tokyo.ac.jp/repo/s/honzosho/document/b6f5c642-06ae-5f7f-060a-c339e11601b8,https://www.lib.u-tokyo.ac.jp/ja/library/contents/archives-top/reuse,https://iiif.dl.itc.u-tokyo.ac.jp/repo/files/medium/29650a3fea917d6c5bcea0729bf7786a4a658089.jpg,https://iiif.dl.itc.u-tokyo.ac.jp/repo/api/items/684030,"東京大学駒場図書館 Komaba Library, The University of Tokyo, JAPAN",http://iiif.io/api/presentation/2#rightToLeftDirection,,駒場図書館所蔵資源科学研究所本草書コレクション,,https://iiif.dl.itc.u-tokyo.ac.jp/repo/iiif/b6f5c642-06ae-5f7f-060a-c339e11601b8/manifest,,,,,118
本草綱目 52巻圖3巻序目1巻 ; 第19-21卷,"本草綱目 52巻圖3巻序目1巻瀕湖脉學1巻脉訣攷證1巻竒經八脉攷1巻 / (明) 李時珍編輯 ; (明) 錢蔚起較訂 ; 序, 總目, 凡例 - 脉學, 脉訣, 竒經攷. -- [出版者不明], [寛文年間]. -- 38冊 ; 27.3×19.9cm.",A1:5,3002920506,,,,,,駒場図書館,005140,,ホンゾウ コウモク,http://tify.sub.uni-goettingen.de/demo.html?manifest=https://archdataset.dl.itc.u-tokyo.ac.jp/manifest/051ba1b8-9e77-a6c9-5920-7de7cef53ddc.json,051ba1b8-9e77-a6c9-5920-7de7cef53ddc,https://iiif.dl.itc.u-tokyo.ac.jp/repo/s/honzosho/,https://iiif.dl.itc.u-tokyo.ac.jp/repo/s/honzosho/document/051ba1b8-9e77-a6c9-5920-7de7cef53ddc,https://www.lib.u-tokyo.ac.jp/ja/library/contents/archives-top/reuse,https://iiif.dl.itc.u-tokyo.ac.jp/repo/files/medium/7aafbe5d29d5d5e34e88f3c77608518becebdea2.jpg,https://iiif.dl.itc.u-tokyo.ac.jp/repo/api/items/684029,"東京大学駒場図書館 Komaba Library, The University of Tokyo, JAPAN",http://iiif.io/api/presentation/2#rightToLeftDirection,,駒場図書館所蔵資源科学研究所本草書コレクション,,https://iiif.dl.itc.u-tokyo.ac.jp/repo/iiif/051ba1b8-9e77-a6c9-5920-7de7cef53ddc/manifest,,,,,82
本草綱目 52巻圖3巻序目1巻 ; 第22-23卷,"本草綱目 52巻圖3巻序目1巻瀕湖脉學1巻脉訣攷證1巻竒經八脉攷1巻 / (明) 李時珍編輯 ; (明) 錢蔚起較訂 ; 序, 總目, 凡例 - 脉學, 脉訣, 竒經攷. -- [出版者不明], [寛文年間]. -- 38冊 ; 27.3×19.9cm.",A1:5,3002920514,,,,,,駒場図書館,005150,,ホンゾウ コウモク,http://tify.sub.uni-goettingen.de/demo.html?manifest=https://archdataset.dl.itc.u-tokyo.ac.jp/manifest/4650107f-0762-0ac3-5c8e-e58b70831b62.json,4650107f-0762-0ac3-5c8e-e58b70831b62,https://iiif.dl.itc.u-tokyo.ac.jp/repo/s/honzosho/,https://iiif.dl.itc.u-tokyo.ac.jp/repo/s/honzosho/document/4650107f-0762-0ac3-5c8e-e58b70831b62,https://www.lib.u-tokyo.ac.jp/ja/library/contents/archives-top/reuse,https://iiif.dl.itc.u-tokyo.ac.jp/repo/files/medium/f1f23994e2183845f11563d304567239ce58eeb6.jpg,https://iiif.dl.itc.u-tokyo.ac.jp/repo/api/items/684028,"東京大学駒場図書館 Komaba Library, The University of Tokyo, JAPAN",http://iiif.io/api/presentation/2#rightToLeftDirection,,駒場図書館所蔵資源科学研究所本草書コレクション,,https://iiif.dl.itc.u-tokyo.ac.jp/repo/iiif/4650107f-0762-0ac3-5c8e-e58b70831b62/manifest,,,,,67
本草綱目 52巻圖3巻序目1巻 ; 第24-25卷,"本草綱目 52巻圖3巻序目1巻瀕湖脉學1巻脉訣攷證1巻竒經八脉攷1巻 / (明) 李時珍編輯 ; (明) 錢蔚起較訂 ; 序, 總目, 凡例 - 脉學, 脉訣, 竒經攷. -- [出版者不明], [寛文年間]. -- 38冊 ; 27.3×19.9cm.",A1:5,3002920522,,,,,,駒場図書館,005160,,ホンゾウ コウモク,http://tify.sub.uni-goettingen.de/demo.html?manifest=https://archdataset.dl.itc.u-tokyo.ac.jp/manifest/78339130-7704-0a72-9abf-5defeeb94a1c.json,78339130-7704-0a72-9abf-5defeeb94a1c,https://iiif.dl.itc.u-tokyo.ac.jp/repo/s/honzosho/,https://iiif.dl.itc.u-tokyo.ac.jp/repo/s/honzosho/document/78339130-7704-0a72-9abf-5defeeb94a1c,https://www.lib.u-tokyo.ac.jp/ja/library/contents/archives-top/reuse,https://iiif.dl.itc.u-tokyo.ac.jp/repo/files/medium/6c45da4012b90dc609460f676bebcb61ec813edc.jpg,https://iiif.dl.itc.u-tokyo.ac.jp/repo/api/items/684027,"東京大学駒場図書館 Komaba Library, The University of Tokyo, JAPAN",http://iiif.io/api/presentation/2#rightToLeftDirection,,駒場図書館所蔵資源科学研究所本草書コレクション,,https://iiif.dl.itc.u-tokyo.ac.jp/repo/iiif/78339130-7704-0a72-9abf-5defeeb94a1c/manifest,,,,,74
本草綱目 52巻圖3巻序目1巻 ; 第26卷,"本草綱目 52巻圖3巻序目1巻瀕湖脉學1巻脉訣攷證1巻竒經八脉攷1巻 / (明) 李時珍編輯 ; (明) 錢蔚起較訂 ; 序, 總目, 凡例 - 脉學, 脉訣, 竒經攷. -- [出版者不明], [寛文年間]. -- 38冊 ; 27.3×19.9cm.",A1:5,3002920530,,,,,,駒場図書館,005170,,ホンゾウ コウモク,http://tify.sub.uni-goettingen.de/demo.html?manifest=https://archdataset.dl.itc.u-tokyo.ac.jp/manifest/135fa883-712b-9c3f-51bf-e147e47d8511.json,135fa883-712b-9c3f-51bf-e147e47d8511,https://iiif.dl.itc.u-tokyo.ac.jp/repo/s/honzosho/,https://iiif.dl.itc.u-tokyo.ac.jp/repo/s/honzosho/document/135fa883-712b-9c3f-51bf-e147e47d8511,https://www.lib.u-tokyo.ac.jp/ja/library/contents/archives-top/reuse,https://iiif.dl.itc.u-tokyo.ac.jp/repo/files/medium/86392275649bc6d0c96b31a69b7abb1b32b0b0f7.jpg,https://iiif.dl.itc.u-tokyo.ac.jp/repo/api/items/684026,"東京大学駒場図書館 Komaba Library, The University of Tokyo, JAPAN",http://iiif.io/api/presentation/2#rightToLeftDirection,,駒場図書館所蔵資源科学研究所本草書コレクション,,https://iiif.dl.itc.u-tokyo.ac.jp/repo/iiif/135fa883-712b-9c3f-51bf-e147e47d8511/manifest,,,,,74
本草綱目 52巻圖3巻序目1巻 ; 第27-28卷,"本草綱目 52巻圖3巻序目1巻瀕湖脉學1巻脉訣攷證1巻竒經八脉攷1巻 / (明) 李時珍編輯 ; (明) 錢蔚起較訂 ; 序, 總目, 凡例 - 脉學, 脉訣, 竒經攷. -- [出版者不明], [寛文年間]. -- 38冊 ; 27.3×19.9cm.",A1:5,3002920548,,,,,,駒場図書館,005180,,ホンゾウ コウモク,http://tify.sub.uni-goettingen.de/demo.html?manifest=https://archdataset.dl.itc.u-tokyo.ac.jp/manifest/0edfc87c-6362-215f-111c-65c5d9cc31e1.json,0edfc87c-6362-215f-111c-65c5d9cc31e1,https://iiif.dl.itc.u-tokyo.ac.jp/repo/s/honzosho/,https://iiif.dl.itc.u-tokyo.ac.jp/repo/s/honzosho/document/0edfc87c-6362-215f-111c-65c5d9cc31e1,https://www.lib.u-tokyo.ac.jp/ja/library/contents/archives-top/reuse,https://iiif.dl.itc.u-tokyo.ac.jp/repo/files/medium/59e9648464e604898239680a4a3718a27ec3a83c.jpg,https://iiif.dl.itc.u-tokyo.ac.jp/repo/api/items/684025,"東京大学駒場図書館 Komaba Library, The University of Tokyo, JAPAN",http://iiif.io/api/presentation/2#rightToLeftDirection,,駒場図書館所蔵資源科学研究所本草書コレクション,,https://iiif.dl.itc.u-tokyo.ac.jp/repo/iiif/0edfc87c-6362-215f-111c-65c5d9cc31e1/manifest,,,,,86
本草綱目 52巻圖3巻序目1巻 ; 第29-30卷,"本草綱目 52巻圖3巻序目1巻瀕湖脉學1巻脉訣攷證1巻竒經八脉攷1巻 / (明) 李時珍編輯 ; (明) 錢蔚起較訂 ; 序, 總目, 凡例 - 脉學, 脉訣, 竒經攷. -- [出版者不明], [寛文年間]. -- 38冊 ; 27.3×19.9cm.",A1:5,3002920555,,,,,,駒場図書館,005190,,ホンゾウ コウモク,http://tify.sub.uni-goettingen.de/demo.html?manifest=https://archdataset.dl.itc.u-tokyo.ac.jp/manifest/9bab038c-3f24-2317-71ee-ae1bb2e973e3.json,9bab038c-3f24-2317-71ee-ae1bb2e973e3,https://iiif.dl.itc.u-tokyo.ac.jp/repo/s/honzosho/,https://iiif.dl.itc.u-tokyo.ac.jp/repo/s/honzosho/document/9bab038c-3f24-2317-71ee-ae1bb2e973e3,https://www.lib.u-tokyo.ac.jp/ja/library/contents/archives-top/reuse,https://iiif.dl.itc.u-tokyo.ac.jp/repo/files/medium/00f650196aab06ca4847b76ef7349cd9414d6ffe.jpg,https://iiif.dl.itc.u-tokyo.ac.jp/repo/api/items/684024,"東京大学駒場図書館 Komaba Library, The University of Tokyo, JAPAN",http://iiif.io/api/presentation/2#rightToLeftDirection,,駒場図書館所蔵資源科学研究所本草書コレクション,,https://iiif.dl.itc.u-tokyo.ac.jp/repo/iiif/9bab038c-3f24-2317-71ee-ae1bb2e973e3/manifest,,,,,102
本草綱目 52巻圖3巻序目1巻 ; 第31-33卷,"本草綱目 52巻圖3巻序目1巻瀕湖脉學1巻脉訣攷證1巻竒經八脉攷1巻 / (明) 李時珍編輯 ; (明) 錢蔚起較訂 ; 序, 總目, 凡例 - 脉學, 脉訣, 竒經攷. -- [出版者不明], [寛文年間]. -- 38冊 ; 27.3×19.9cm.",A1:5,3002920563,,,,,,駒場図書館,005200,,ホンゾウ コウモク,http://tify.sub.uni-goettingen.de/demo.html?manifest=https://archdataset.dl.itc.u-tokyo.ac.jp/manifest/289f8e20-7d82-4bb9-45b7-ba92f9259d54.json,289f8e20-7d82-4bb9-45b7-ba92f9259d54,https://iiif.dl.itc.u-tokyo.ac.jp/repo/s/honzosho/,https://iiif.dl.itc.u-tokyo.ac.jp/repo/s/honzosho/document/289f8e20-7d82-4bb9-45b7-ba92f9259d54,https://www.lib.u-tokyo.ac.jp/ja/library/contents/archives-top/reuse,https://iiif.dl.itc.u-tokyo.ac.jp/repo/files/medium/cd1ea5e1062e0ec61d102e2566510d1f96975bf2.jpg,https://iiif.dl.itc.u-tokyo.ac.jp/repo/api/items/684023,"東京大学駒場図書館 Komaba Library, The University of Tokyo, JAPAN",http://iiif.io/api/presentation/2#rightToLeftDirection,,駒場図書館所蔵資源科学研究所本草書コレクション,,https://iiif.dl.itc.u-tokyo.ac.jp/repo/iiif/289f8e20-7d82-4bb9-45b7-ba92f9259d54/manifest,,,,,101
本草綱目 52巻圖3巻序目1巻 ; 第34卷,"本草綱目 52巻圖3巻序目1巻瀕湖脉學1巻脉訣攷證1巻竒經八脉攷1巻 / (明) 李時珍編輯 ; (明) 錢蔚起較訂 ; 序, 總目, 凡例 - 脉學, 脉訣, 竒經攷. -- [出版者不明], [寛文年間]. -- 38冊 ; 27.3×19.9cm.",A1:5,3002920571,,,,,,駒場図書館,005210,,ホンゾウ コウモク,http://tify.sub.uni-goettingen.de/demo.html?manifest=https://archdataset.dl.itc.u-tokyo.ac.jp/manifest/3bfb6d49-3f26-22b4-4ae0-ac594c1a83d2.json,3bfb6d49-3f26-22b4-4ae0-ac594c1a83d2,https://iiif.dl.itc.u-tokyo.ac.jp/repo/s/honzosho/,https://iiif.dl.itc.u-tokyo.ac.jp/repo/s/honzosho/document/3bfb6d49-3f26-22b4-4ae0-ac594c1a83d2,https://www.lib.u-tokyo.ac.jp/ja/library/contents/archives-top/reuse,https://iiif.dl.itc.u-tokyo.ac.jp/repo/files/medium/724b21429d039898ab1a972ad75137539e7a0950.jpg,https://iiif.dl.itc.u-tokyo.ac.jp/repo/api/items/684022,"東京大学駒場図書館 Komaba Library, The University of Tokyo, JAPAN",http://iiif.io/api/presentation/2#rightToLeftDirection,,駒場図書館所蔵資源科学研究所本草書コレクション,,https://iiif.dl.itc.u-tokyo.ac.jp/repo/iiif/3bfb6d49-3f26-22b4-4ae0-ac594c1a83d2/manifest,,,,,71
本草綱目 52巻圖3巻序目1巻 ; 第35卷上-下,"本草綱目 52巻圖3巻序目1巻瀕湖脉學1巻脉訣攷證1巻竒經八脉攷1巻 / (明) 李時珍編輯 ; (明) 錢蔚起較訂 ; 序, 總目, 凡例 - 脉學, 脉訣, 竒經攷. -- [出版者不明], [寛文年間]. -- 38冊 ; 27.3×19.9cm.",A1:5,3002920589,,,,,,駒場図書館,005220,,ホンゾウ コウモク,http://tify.sub.uni-goettingen.de/demo.html?manifest=https://archdataset.dl.itc.u-tokyo.ac.jp/manifest/4b688c44-50bd-9368-2557-eb7a3bfa1d2a.json,4b688c44-50bd-9368-2557-eb7a3bfa1d2a,https://iiif.dl.itc.u-tokyo.ac.jp/repo/s/honzosho/,https://iiif.dl.itc.u-tokyo.ac.jp/repo/s/honzosho/document/4b688c44-50bd-9368-2557-eb7a3bfa1d2a,https://www.lib.u-tokyo.ac.jp/ja/library/contents/archives-top/reuse,https://iiif.dl.itc.u-tokyo.ac.jp/repo/files/medium/efa6308c5d2e3c1997806e3dced91e1e760eebea.jpg,https://iiif.dl.itc.u-tokyo.ac.jp/repo/api/items/684021,"東京大学駒場図書館 Komaba Library, The University of Tokyo, JAPAN",http://iiif.io/api/presentation/2#rightToLeftDirection,,駒場図書館所蔵資源科学研究所本草書コレクション,,https://iiif.dl.itc.u-tokyo.ac.jp/repo/iiif/4b688c44-50bd-9368-2557-eb7a3bfa1d2a/manifest,,,,,94
本草綱目 52巻圖3巻序目1巻 ; 第36-37卷,"本草綱目 52巻圖3巻序目1巻瀕湖脉學1巻脉訣攷證1巻竒經八脉攷1巻 / (明) 李時珍編輯 ; (明) 錢蔚起較訂 ; 序, 總目, 凡例 - 脉學, 脉訣, 竒經攷. -- [出版者不明], [寛文年間]. -- 38冊 ; 27.3×19.9cm.",A1:5,3002920597,,,,,,駒場図書館,005230,,ホンゾウ コウモク,http://tify.sub.uni-goettingen.de/demo.html?manifest=https://archdataset.dl.itc.u-tokyo.ac.jp/manifest/8113cf1c-9ecd-6901-6f84-765bfa48428b.json,8113cf1c-9ecd-6901-6f84-765bfa48428b,https://iiif.dl.itc.u-tokyo.ac.jp/repo/s/honzosho/,https://iiif.dl.itc.u-tokyo.ac.jp/repo/s/honzosho/document/8113cf1c-9ecd-6901-6f84-765bfa48428b,https://www.lib.u-tokyo.ac.jp/ja/library/contents/archives-top/reuse,https://iiif.dl.itc.u-tokyo.ac.jp/repo/files/medium/12d8e081e4bbc0da32f1846b682a82f30cac350e.jpg,https://iiif.dl.itc.u-tokyo.ac.jp/repo/api/items/684020,"東京大学駒場図書館 Komaba Library, The University of Tokyo, JAPAN",http://iiif.io/api/presentation/2#rightToLeftDirection,,駒場図書館所蔵資源科学研究所本草書コレクション,,https://iiif.dl.itc.u-tokyo.ac.jp/repo/iiif/8113cf1c-9ecd-6901-6f84-765bfa48428b/manifest,,,,,113
本草綱目 52巻圖3巻序目1巻 ; 第38卷,"本草綱目 52巻圖3巻序目1巻瀕湖脉學1巻脉訣攷證1巻竒經八脉攷1巻 / (明) 李時珍編輯 ; (明) 錢蔚起較訂 ; 序, 總目, 凡例 - 脉學, 脉訣, 竒經攷. -- [出版者不明], [寛文年間]. -- 38冊 ; 27.3×19.9cm.",A1:5,3002920605,,,,,,駒場図書館,005240,,ホンゾウ コウモク,http://tify.sub.uni-goettingen.de/demo.html?manifest=https://archdataset.dl.itc.u-tokyo.ac.jp/manifest/dbeec6cc-9bea-1684-5101-6690ae52817b.json,dbeec6cc-9bea-1684-5101-6690ae52817b,https://iiif.dl.itc.u-tokyo.ac.jp/repo/s/honzosho/,https://iiif.dl.itc.u-tokyo.ac.jp/repo/s/honzosho/document/dbeec6cc-9bea-1684-5101-6690ae52817b,https://www.lib.u-tokyo.ac.jp/ja/library/contents/archives-top/reuse,https://iiif.dl.itc.u-tokyo.ac.jp/repo/files/medium/b7bf653d4a06dedfd47ba90bacc565c9a0415b2c.jpg,https://iiif.dl.itc.u-tokyo.ac.jp/repo/api/items/684019,"東京大学駒場図書館 Komaba Library, The University of Tokyo, JAPAN",http://iiif.io/api/presentation/2#rightToLeftDirection,,駒場図書館所蔵資源科学研究所本草書コレクション,,https://iiif.dl.itc.u-tokyo.ac.jp/repo/iiif/dbeec6cc-9bea-1684-5101-6690ae52817b/manifest,,,,,38
本草綱目 52巻圖3巻序目1巻 ; 第39-40卷,"本草綱目 52巻圖3巻序目1巻瀕湖脉學1巻脉訣攷證1巻竒經八脉攷1巻 / (明) 李時珍編輯 ; (明) 錢蔚起較訂 ; 序, 總目, 凡例 - 脉學, 脉訣, 竒經攷. -- [出版者不明], [寛文年間]. -- 38冊 ; 27.3×19.9cm.",A1:5,3002920613,,,,,,駒場図書館,005250,,ホンゾウ コウモク,http://tify.sub.uni-goettingen.de/demo.html?manifest=https://archdataset.dl.itc.u-tokyo.ac.jp/manifest/a41a20b9-9a35-855a-5423-68ef8a91a299.json,a41a20b9-9a35-855a-5423-68ef8a91a299,https://iiif.dl.itc.u-tokyo.ac.jp/repo/s/honzosho/,https://iiif.dl.itc.u-tokyo.ac.jp/repo/s/honzosho/document/a41a20b9-9a35-855a-5423-68ef8a91a299,https://www.lib.u-tokyo.ac.jp/ja/library/contents/archives-top/reuse,https://iiif.dl.itc.u-tokyo.ac.jp/repo/files/medium/372569cb25e307d6fa66362ac89d78bc4c571a5d.jpg,https://iiif.dl.itc.u-tokyo.ac.jp/repo/api/items/684018,"東京大学駒場図書館 Komaba Library, The University of Tokyo, JAPAN",http://iiif.io/api/presentation/2#rightToLeftDirection,,駒場図書館所蔵資源科学研究所本草書コレクション,,https://iiif.dl.itc.u-tokyo.ac.jp/repo/iiif/a41a20b9-9a35-855a-5423-68ef8a91a299/manifest,,,,,78
本草綱目 52巻圖3巻序目1巻 ; 第41-42卷,"本草綱目 52巻圖3巻序目1巻瀕湖脉學1巻脉訣攷證1巻竒經八脉攷1巻 / (明) 李時珍編輯 ; (明) 錢蔚起較訂 ; 序, 總目, 凡例 - 脉學, 脉訣, 竒經攷. -- [出版者不明], [寛文年間]. -- 38冊 ; 27.3×19.9cm.",A1:5,3002920621,,,,,,駒場図書館,005260,,ホンゾウ コウモク,http://tify.sub.uni-goettingen.de/demo.html?manifest=https://archdataset.dl.itc.u-tokyo.ac.jp/manifest/0ca151b3-6f3f-84c6-4674-1031f49275ac.json,0ca151b3-6f3f-84c6-4674-1031f49275ac,https://iiif.dl.itc.u-tokyo.ac.jp/repo/s/honzosho/,https://iiif.dl.itc.u-tokyo.ac.jp/repo/s/honzosho/document/0ca151b3-6f3f-84c6-4674-1031f49275ac,https://www.lib.u-tokyo.ac.jp/ja/library/contents/archives-top/reuse,https://iiif.dl.itc.u-tokyo.ac.jp/repo/files/medium/46bf2ed250788757609406374f5b9fb2ee0245a1.jpg,https://iiif.dl.itc.u-tokyo.ac.jp/repo/api/items/684017,"東京大学駒場図書館 Komaba Library, The University of Tokyo, JAPAN",http://iiif.io/api/presentation/2#rightToLeftDirection,,駒場図書館所蔵資源科学研究所本草書コレクション,,https://iiif.dl.itc.u-tokyo.ac.jp/repo/iiif/0ca151b3-6f3f-84c6-4674-1031f49275ac/manifest,,,,,69
本草綱目 52巻圖3巻序目1巻 ; 第43卷,"本草綱目 52巻圖3巻序目1巻瀕湖脉學1巻脉訣攷證1巻竒經八脉攷1巻 / (明) 李時珍編輯 ; (明) 錢蔚起較訂 ; 序, 總目, 凡例 - 脉學, 脉訣, 竒經攷. -- [出版者不明], [寛文年間]. -- 38冊 ; 27.3×19.9cm.",A1:5,3002920639,,,,,,駒場図書館,005270,,ホンゾウ コウモク,http://tify.sub.uni-goettingen.de/demo.html?manifest=https://archdataset.dl.itc.u-tokyo.ac.jp/manifest/66afa2ea-55c6-9910-57d3-a0aba5ab32a7.json,66afa2ea-55c6-9910-57d3-a0aba5ab32a7,https://iiif.dl.itc.u-tokyo.ac.jp/repo/s/honzosho/,https://iiif.dl.itc.u-tokyo.ac.jp/repo/s/honzosho/document/66afa2ea-55c6-9910-57d3-a0aba5ab32a7,https://www.lib.u-tokyo.ac.jp/ja/library/contents/archives-top/reuse,https://iiif.dl.itc.u-tokyo.ac.jp/repo/files/medium/39c2184a673f5b0118597d1b5ca5fe4380c015e2.jpg,https://iiif.dl.itc.u-tokyo.ac.jp/repo/api/items/684016,"東京大学駒場図書館 Komaba Library, The University of Tokyo, JAPAN",http://iiif.io/api/presentation/2#rightToLeftDirection,,駒場図書館所蔵資源科学研究所本草書コレクション,,https://iiif.dl.itc.u-tokyo.ac.jp/repo/iiif/66afa2ea-55c6-9910-57d3-a0aba5ab32a7/manifest,,,,,46
本草綱目 52巻圖3巻序目1巻 ; 第44卷,"本草綱目 52巻圖3巻序目1巻瀕湖脉學1巻脉訣攷證1巻竒經八脉攷1巻 / (明) 李時珍編輯 ; (明) 錢蔚起較訂 ; 序, 總目, 凡例 - 脉學, 脉訣, 竒經攷. -- [出版者不明], [寛文年間]. -- 38冊 ; 27.3×19.9cm.",A1:5,3002920647,,,,,,駒場図書館,005280,,ホンゾウ コウモク,http://tify.sub.uni-goettingen.de/demo.html?manifest=https://archdataset.dl.itc.u-tokyo.ac.jp/manifest/e6321474-39b7-1ac8-4ed6-3ef950a56970.json,e6321474-39b7-1ac8-4ed6-3ef950a56970,https://iiif.dl.itc.u-tokyo.ac.jp/repo/s/honzosho/,https://iiif.dl.itc.u-tokyo.ac.jp/repo/s/honzosho/document/e6321474-39b7-1ac8-4ed6-3ef950a56970,https://www.lib.u-tokyo.ac.jp/ja/library/contents/archives-top/reuse,https://iiif.dl.itc.u-tokyo.ac.jp/repo/files/medium/ae27980ba829e286f5c20042454e44da3e3c86ac.jpg,https://iiif.dl.itc.u-tokyo.ac.jp/repo/api/items/684015,"東京大学駒場図書館 Komaba Library, The University of Tokyo, JAPAN",http://iiif.io/api/presentation/2#rightToLeftDirection,,駒場図書館所蔵資源科学研究所本草書コレクション,,https://iiif.dl.itc.u-tokyo.ac.jp/repo/iiif/e6321474-39b7-1ac8-4ed6-3ef950a56970/manifest,,,,,60
本草綱目 52巻圖3巻序目1巻 ; 第45-46卷,"本草綱目 52巻圖3巻序目1巻瀕湖脉學1巻脉訣攷證1巻竒經八脉攷1巻 / (明) 李時珍編輯 ; (明) 錢蔚起較訂 ; 序, 總目, 凡例 - 脉學, 脉訣, 竒經攷. -- [出版者不明], [寛文年間]. -- 38冊 ; 27.3×19.9cm.",A1:5,3002920654,,,,,,駒場図書館,005290,,ホンゾウ コウモク,http://tify.sub.uni-goettingen.de/demo.html?manifest=https://archdataset.dl.itc.u-tokyo.ac.jp/manifest/72db3936-4153-9a94-93c3-5aca8e7219ab.json,72db3936-4153-9a94-93c3-5aca8e7219ab,https://iiif.dl.itc.u-tokyo.ac.jp/repo/s/honzosho/,https://iiif.dl.itc.u-tokyo.ac.jp/repo/s/honzosho/document/72db3936-4153-9a94-93c3-5aca8e7219ab,https://www.lib.u-tokyo.ac.jp/ja/library/contents/archives-top/reuse,https://iiif.dl.itc.u-tokyo.ac.jp/repo/files/medium/a9c8922cc3a0886e74510a5cde848d1756f7a426.jpg,https://iiif.dl.itc.u-tokyo.ac.jp/repo/api/items/684014,"東京大学駒場図書館 Komaba Library, The University of Tokyo, JAPAN",http://iiif.io/api/presentation/2#rightToLeftDirection,,駒場図書館所蔵資源科学研究所本草書コレクション,,https://iiif.dl.itc.u-tokyo.ac.jp/repo/iiif/72db3936-4153-9a94-93c3-5aca8e7219ab/manifest,,,,,62
本草綱目 52巻圖3巻序目1巻 ; 第47-49卷,"本草綱目 52巻圖3巻序目1巻瀕湖脉學1巻脉訣攷證1巻竒經八脉攷1巻 / (明) 李時珍編輯 ; (明) 錢蔚起較訂 ; 序, 總目, 凡例 - 脉學, 脉訣, 竒經攷. -- [出版者不明], [寛文年間]. -- 38冊 ; 27.3×19.9cm.",A1:5,3002920662,,,,,,駒場図書館,005300,,ホンゾウ コウモク,http://tify.sub.uni-goettingen.de/demo.html?manifest=https://archdataset.dl.itc.u-tokyo.ac.jp/manifest/aaad5b01-57b4-1fd5-723e-08e17c888416.json,aaad5b01-57b4-1fd5-723e-08e17c888416,https://iiif.dl.itc.u-tokyo.ac.jp/repo/s/honzosho/,https://iiif.dl.itc.u-tokyo.ac.jp/repo/s/honzosho/document/aaad5b01-57b4-1fd5-723e-08e17c888416,https://www.lib.u-tokyo.ac.jp/ja/library/contents/archives-top/reuse,https://iiif.dl.itc.u-tokyo.ac.jp/repo/files/medium/fe01de9584b4e79c1d15ec93d6e811d3bc760b1d.jpg,https://iiif.dl.itc.u-tokyo.ac.jp/repo/api/items/684013,"東京大学駒場図書館 Komaba Library, The University of Tokyo, JAPAN",http://iiif.io/api/presentation/2#rightToLeftDirection,,駒場図書館所蔵資源科学研究所本草書コレクション,,https://iiif.dl.itc.u-tokyo.ac.jp/repo/iiif/aaad5b01-57b4-1fd5-723e-08e17c888416/manifest,,,,,108
本草綱目 52巻圖3巻序目1巻 ; 第50卷上-下,"本草綱目 52巻圖3巻序目1巻瀕湖脉學1巻脉訣攷證1巻竒經八脉攷1巻 / (明) 李時珍編輯 ; (明) 錢蔚起較訂 ; 序, 總目, 凡例 - 脉學, 脉訣, 竒經攷. -- [出版者不明], [寛文年間]. -- 38冊 ; 27.3×19.9cm.",A1:5,3002920670,,,,,,駒場図書館,005310,,ホンゾウ コウモク,http://tify.sub.uni-goettingen.de/demo.html?manifest=https://archdataset.dl.itc.u-tokyo.ac.jp/manifest/e605c894-751d-9d20-9cfe-58a51f415fa8.json,e605c894-751d-9d20-9cfe-58a51f415fa8,https://iiif.dl.itc.u-tokyo.ac.jp/repo/s/honzosho/,https://iiif.dl.itc.u-tokyo.ac.jp/repo/s/honzosho/document/e605c894-751d-9d20-9cfe-58a51f415fa8,https://www.lib.u-tokyo.ac.jp/ja/library/contents/archives-top/reuse,https://iiif.dl.itc.u-tokyo.ac.jp/repo/files/medium/8d44873d85c2c0c26f88b9f9c761de40b2fccc90.jpg,https://iiif.dl.itc.u-tokyo.ac.jp/repo/api/items/684012,"東京大学駒場図書館 Komaba Library, The University of Tokyo, JAPAN",http://iiif.io/api/presentation/2#rightToLeftDirection,,駒場図書館所蔵資源科学研究所本草書コレクション,,https://iiif.dl.itc.u-tokyo.ac.jp/repo/iiif/e605c894-751d-9d20-9cfe-58a51f415fa8/manifest,,,,,106
本草綱目 52巻圖3巻序目1巻 ; 第51卷上-下,"本草綱目 52巻圖3巻序目1巻瀕湖脉學1巻脉訣攷證1巻竒經八脉攷1巻 / (明) 李時珍編輯 ; (明) 錢蔚起較訂 ; 序, 總目, 凡例 - 脉學, 脉訣, 竒經攷. -- [出版者不明], [寛文年間]. -- 38冊 ; 27.3×19.9cm.",A1:5,3002920688,,,,,,駒場図書館,005320,,ホンゾウ コウモク,http://tify.sub.uni-goettingen.de/demo.html?manifest=https://archdataset.dl.itc.u-tokyo.ac.jp/manifest/afe04f6a-4a61-49f1-5048-798a9883810e.json,afe04f6a-4a61-49f1-5048-798a9883810e,https://iiif.dl.itc.u-tokyo.ac.jp/repo/s/honzosho/,https://iiif.dl.itc.u-tokyo.ac.jp/repo/s/honzosho/document/afe04f6a-4a61-49f1-5048-798a9883810e,https://www.lib.u-tokyo.ac.jp/ja/library/contents/archives-top/reuse,https://iiif.dl.itc.u-tokyo.ac.jp/repo/files/medium/bb8495d0984961446783147f2f81557cdb047253.jpg,https://iiif.dl.itc.u-tokyo.ac.jp/repo/api/items/684011,"東京大学駒場図書館 Komaba Library, The University of Tokyo, JAPAN",http://iiif.io/api/presentation/2#rightToLeftDirection,,駒場図書館所蔵資源科学研究所本草書コレクション,,https://iiif.dl.itc.u-tokyo.ac.jp/repo/iiif/afe04f6a-4a61-49f1-5048-798a9883810e/manifest,,,,,104
本草綱目 52巻圖3巻序目1巻 ; 第52卷,"本草綱目 52巻圖3巻序目1巻瀕湖脉學1巻脉訣攷證1巻竒經八脉攷1巻 / (明) 李時珍編輯 ; (明) 錢蔚起較訂 ; 序, 總目, 凡例 - 脉學, 脉訣, 竒經攷. -- [出版者不明], [寛文年間]. -- 38冊 ; 27.3×19.9cm.",A1:5,3002920696,,,,,,駒場図書館,005330,,ホンゾウ コウモク,http://tify.sub.uni-goettingen.de/demo.html?manifest=https://archdataset.dl.itc.u-tokyo.ac.jp/manifest/296e324b-19a4-2e1c-3a8d-e61859ac9fd8.json,296e324b-19a4-2e1c-3a8d-e61859ac9fd8,https://iiif.dl.itc.u-tokyo.ac.jp/repo/s/honzosho/,https://iiif.dl.itc.u-tokyo.ac.jp/repo/s/honzosho/document/296e324b-19a4-2e1c-3a8d-e61859ac9fd8,https://www.lib.u-tokyo.ac.jp/ja/library/contents/archives-top/reuse,https://iiif.dl.itc.u-tokyo.ac.jp/repo/files/medium/9470f1264d3649ea7b263ee205fc11a8edc0d6c2.jpg,https://iiif.dl.itc.u-tokyo.ac.jp/repo/api/items/684010,"東京大学駒場図書館 Komaba Library, The University of Tokyo, JAPAN",http://iiif.io/api/presentation/2#rightToLeftDirection,,駒場図書館所蔵資源科学研究所本草書コレクション,,https://iiif.dl.itc.u-tokyo.ac.jp/repo/iiif/296e324b-19a4-2e1c-3a8d-e61859ac9fd8/manifest,,,,,53
本草綱目 52巻圖3巻序目1巻 ; 圖卷上,"本草綱目 52巻圖3巻序目1巻瀕湖脉學1巻脉訣攷證1巻竒經八脉攷1巻 / (明) 李時珍編輯 ; (明) 錢蔚起較訂 ; 序, 總目, 凡例 - 脉學, 脉訣, 竒經攷. -- [出版者不明], [寛文年間]. -- 38冊 ; 27.3×19.9cm.",A1:5,3002920704,,,,,,駒場図書館,005340,,ホンゾウ コウモク,http://tify.sub.uni-goettingen.de/demo.html?manifest=https://archdataset.dl.itc.u-tokyo.ac.jp/manifest/4f071f29-9fb3-04b3-7e8c-4c5a1728a01b.json,4f071f29-9fb3-04b3-7e8c-4c5a1728a01b,https://iiif.dl.itc.u-tokyo.ac.jp/repo/s/honzosho/,https://iiif.dl.itc.u-tokyo.ac.jp/repo/s/honzosho/document/4f071f29-9fb3-04b3-7e8c-4c5a1728a01b,https://www.lib.u-tokyo.ac.jp/ja/library/contents/archives-top/reuse,https://iiif.dl.itc.u-tokyo.ac.jp/repo/files/medium/89639eea2301b32c5f8050959c0d8799369f6333.jpg,https://iiif.dl.itc.u-tokyo.ac.jp/repo/api/items/684009,"東京大学駒場図書館 Komaba Library, The University of Tokyo, JAPAN",http://iiif.io/api/presentation/2#rightToLeftDirection,,駒場図書館所蔵資源科学研究所本草書コレクション,,https://iiif.dl.itc.u-tokyo.ac.jp/repo/iiif/4f071f29-9fb3-04b3-7e8c-4c5a1728a01b/manifest,,,,,54
本草綱目 52巻圖3巻序目1巻 ; 圖卷中,"本草綱目 52巻圖3巻序目1巻瀕湖脉學1巻脉訣攷證1巻竒經八脉攷1巻 / (明) 李時珍編輯 ; (明) 錢蔚起較訂 ; 序, 總目, 凡例 - 脉學, 脉訣, 竒經攷. -- [出版者不明], [寛文年間]. -- 38冊 ; 27.3×19.9cm.",A1:5,3002920712,,,,,,駒場図書館,005350,,ホンゾウ コウモク,http://tify.sub.uni-goettingen.de/demo.html?manifest=https://archdataset.dl.itc.u-tokyo.ac.jp/manifest/f3c6fb12-a625-2f84-8aae-d1ff8821a13b.json,f3c6fb12-a625-2f84-8aae-d1ff8821a13b,https://iiif.dl.itc.u-tokyo.ac.jp/repo/s/honzosho/,https://iiif.dl.itc.u-tokyo.ac.jp/repo/s/honzosho/document/f3c6fb12-a625-2f84-8aae-d1ff8821a13b,https://www.lib.u-tokyo.ac.jp/ja/library/contents/archives-top/reuse,https://iiif.dl.itc.u-tokyo.ac.jp/repo/files/medium/bb4ecf801a706a041ed7cba4648df328da72f48b.jpg,https://iiif.dl.itc.u-tokyo.ac.jp/repo/api/items/684008,"東京大学駒場図書館 Komaba Library, The University of Tokyo, JAPAN",http://iiif.io/api/presentation/2#rightToLeftDirection,,駒場図書館所蔵資源科学研究所本草書コレクション,,https://iiif.dl.itc.u-tokyo.ac.jp/repo/iiif/f3c6fb12-a625-2f84-8aae-d1ff8821a13b/manifest,,,,,57
本草綱目 52巻圖3巻序目1巻 ; 圖卷下,"本草綱目 52巻圖3巻序目1巻瀕湖脉學1巻脉訣攷證1巻竒經八脉攷1巻 / (明) 李時珍編輯 ; (明) 錢蔚起較訂 ; 序, 總目, 凡例 - 脉學, 脉訣, 竒經攷. -- [出版者不明], [寛文年間]. -- 38冊 ; 27.3×19.9cm.",A1:5,3002920720,,,,,,駒場図書館,005360,,ホンゾウ コウモク,http://tify.sub.uni-goettingen.de/demo.html?manifest=https://archdataset.dl.itc.u-tokyo.ac.jp/manifest/b40a6b20-81b4-3a07-8185-4718e4ab79c0.json,b40a6b20-81b4-3a07-8185-4718e4ab79c0,https://iiif.dl.itc.u-tokyo.ac.jp/repo/s/honzosho/,https://iiif.dl.itc.u-tokyo.ac.jp/repo/s/honzosho/document/b40a6b20-81b4-3a07-8185-4718e4ab79c0,https://www.lib.u-tokyo.ac.jp/ja/library/contents/archives-top/reuse,https://iiif.dl.itc.u-tokyo.ac.jp/repo/files/medium/06b79bb70f204f04d2f2d2c8dac8c06e77090f73.jpg,https://iiif.dl.itc.u-tokyo.ac.jp/repo/api/items/684007,"東京大学駒場図書館 Komaba Library, The University of Tokyo, JAPAN",http://iiif.io/api/presentation/2#rightToLeftDirection,,駒場図書館所蔵資源科学研究所本草書コレクション,,https://iiif.dl.itc.u-tokyo.ac.jp/repo/iiif/b40a6b20-81b4-3a07-8185-4718e4ab79c0/manifest,,,,,59
"本草綱目 52巻圖3巻序目1巻 瀕湖脉學1巻 脉訣攷證1巻 竒經八脉攷1巻 ; 脉學, 脉訣, 竒經攷","本草綱目 52巻圖3巻序目1巻瀕湖脉學1巻脉訣攷證1巻竒經八脉攷1巻 / (明) 李時珍編輯 ; (明) 錢蔚起較訂 ; 序, 總目, 凡例 - 脉學, 脉訣, 竒經攷. -- [出版者不明], [寛文年間]. -- 38冊 ; 27.3×19.9cm.",A1:5,3002920738,,,,,,駒場図書館,005370,,ホンゾウ コウモク,http://tify.sub.uni-goettingen.de/demo.html?manifest=https://archdataset.dl.itc.u-tokyo.ac.jp/manifest/07104354-63da-694a-3d22-7226f3d02e1a.json,07104354-63da-694a-3d22-7226f3d02e1a,https://iiif.dl.itc.u-tokyo.ac.jp/repo/s/honzosho/,https://iiif.dl.itc.u-tokyo.ac.jp/repo/s/honzosho/document/07104354-63da-694a-3d22-7226f3d02e1a,https://www.lib.u-tokyo.ac.jp/ja/library/contents/archives-top/reuse,https://iiif.dl.itc.u-tokyo.ac.jp/repo/files/medium/59a5e9a62203a2bcfce17ed79d655769ee6e8e91.jpg,https://iiif.dl.itc.u-tokyo.ac.jp/repo/api/items/684006,"東京大学駒場図書館 Komaba Library, The University of Tokyo, JAPAN",http://iiif.io/api/presentation/2#rightToLeftDirection,,駒場図書館所蔵資源科学研究所本草書コレクション,,https://iiif.dl.itc.u-tokyo.ac.jp/repo/iiif/07104354-63da-694a-3d22-7226f3d02e1a/manifest,,,,,80
本草綱目 52巻序目1巻圖3巻 (存54巻) ; 序目,"本草綱目 52巻序目1巻圖3巻 (存54巻) / (明) 李時珍編輯 ; (明) 錢蔚起較訂 ; 序目 - 圖卷中. -- [出版者不明], [寛文年間]. -- 40冊 ; 22.9×16.7cm.",A2:6,3002920746,,,,,,駒場図書館,006000,,ホンゾウ コウモク,http://tify.sub.uni-goettingen.de/demo.html?manifest=https://archdataset.dl.itc.u-tokyo.ac.jp/manifest/ddb4a64e-4897-467a-66f9-a1b6874696c7.json,ddb4a64e-4897-467a-66f9-a1b6874696c7,https://iiif.dl.itc.u-tokyo.ac.jp/repo/s/honzosho/,https://iiif.dl.itc.u-tokyo.ac.jp/repo/s/honzosho/document/ddb4a64e-4897-467a-66f9-a1b6874696c7,https://www.lib.u-tokyo.ac.jp/ja/library/contents/archives-top/reuse,https://iiif.dl.itc.u-tokyo.ac.jp/repo/files/medium/e2f301b3264e5fb511bc5998e7c64335fbc40e61.jpg,https://iiif.dl.itc.u-tokyo.ac.jp/repo/api/items/684005,"東京大学駒場図書館 Komaba Library, The University of Tokyo, JAPAN",http://iiif.io/api/presentation/2#rightToLeftDirection,,駒場図書館所蔵資源科学研究所本草書コレクション,,https://iiif.dl.itc.u-tokyo.ac.jp/repo/iiif/ddb4a64e-4897-467a-66f9-a1b6874696c7/manifest,,,,,47
本草綱目 52巻序目1巻圖3巻 (存54巻) ; 第1卷上,"本草綱目 52巻序目1巻圖3巻 (存54巻) / (明) 李時珍編輯 ; (明) 錢蔚起較訂 ; 序目 - 圖卷中. -- [出版者不明], [寛文年間]. -- 40冊 ; 22.9×16.7cm.",A2:6,3002920753,,,,,,駒場図書館,006010,,ホンゾウ コウモク,http://tify.sub.uni-goettingen.de/demo.html?manifest=https://archdataset.dl.itc.u-tokyo.ac.jp/manifest/967a2118-9723-86c7-7114-dc303714a370.json,967a2118-9723-86c7-7114-dc303714a370,https://iiif.dl.itc.u-tokyo.ac.jp/repo/s/honzosho/,https://iiif.dl.itc.u-tokyo.ac.jp/repo/s/honzosho/document/967a2118-9723-86c7-7114-dc303714a370,https://www.lib.u-tokyo.ac.jp/ja/library/contents/archives-top/reuse,https://iiif.dl.itc.u-tokyo.ac.jp/repo/files/medium/58a1f8cf001c56b661080fdc71524811933d55f5.jpg,https://iiif.dl.itc.u-tokyo.ac.jp/repo/api/items/684004,"東京大学駒場図書館 Komaba Library, The University of Tokyo, JAPAN",http://iiif.io/api/presentation/2#rightToLeftDirection,,駒場図書館所蔵資源科学研究所本草書コレクション,,https://iiif.dl.itc.u-tokyo.ac.jp/repo/iiif/967a2118-9723-86c7-7114-dc303714a370/manifest,,,,,68
本草綱目 52巻序目1巻圖3巻 (存54巻) ; 第1卷下,"本草綱目 52巻序目1巻圖3巻 (存54巻) / (明) 李時珍編輯 ; (明) 錢蔚起較訂 ; 序目 - 圖卷中. -- [出版者不明], [寛文年間]. -- 40冊 ; 22.9×16.7cm.",A2:6,3002920761,,,,,,駒場図書館,006020,,ホンゾウ コウモク,http://tify.sub.uni-goettingen.de/demo.html?manifest=https://archdataset.dl.itc.u-tokyo.ac.jp/manifest/e987b2dd-1782-3c84-4a11-240aea8f45a0.json,e987b2dd-1782-3c84-4a11-240aea8f45a0,https://iiif.dl.itc.u-tokyo.ac.jp/repo/s/honzosho/,https://iiif.dl.itc.u-tokyo.ac.jp/repo/s/honzosho/document/e987b2dd-1782-3c84-4a11-240aea8f45a0,https://www.lib.u-tokyo.ac.jp/ja/library/contents/archives-top/reuse,https://iiif.dl.itc.u-tokyo.ac.jp/repo/files/medium/9922deb88e9e4d236e2e627e4981b2275581d56f.jpg,https://iiif.dl.itc.u-tokyo.ac.jp/repo/api/items/684003,"東京大学駒場図書館 Komaba Library, The University of Tokyo, JAPAN",http://iiif.io/api/presentation/2#rightToLeftDirection,,駒場図書館所蔵資源科学研究所本草書コレクション,,https://iiif.dl.itc.u-tokyo.ac.jp/repo/iiif/e987b2dd-1782-3c84-4a11-240aea8f45a0/manifest,,,,,39
本草綱目 52巻序目1巻圖3巻 (存54巻) ; 第2卷,"本草綱目 52巻序目1巻圖3巻 (存54巻) / (明) 李時珍編輯 ; (明) 錢蔚起較訂 ; 序目 - 圖卷中. -- [出版者不明], [寛文年間]. -- 40冊 ; 22.9×16.7cm.",A2:6,3002920779,,,,,,駒場図書館,006030,,ホンゾウ コウモク,http://tify.sub.uni-goettingen.de/demo.html?manifest=https://archdataset.dl.itc.u-tokyo.ac.jp/manifest/900515d0-127a-6710-1d96-88e802d59645.json,900515d0-127a-6710-1d96-88e802d59645,https://iiif.dl.itc.u-tokyo.ac.jp/repo/s/honzosho/,https://iiif.dl.itc.u-tokyo.ac.jp/repo/s/honzosho/document/900515d0-127a-6710-1d96-88e802d59645,https://www.lib.u-tokyo.ac.jp/ja/library/contents/archives-top/reuse,https://iiif.dl.itc.u-tokyo.ac.jp/repo/files/medium/d6cc4ead37db6c9650786573a1fabdd0bde9bbeb.jpg,https://iiif.dl.itc.u-tokyo.ac.jp/repo/api/items/684002,"東京大学駒場図書館 Komaba Library, The University of Tokyo, JAPAN",http://iiif.io/api/presentation/2#rightToLeftDirection,,駒場図書館所蔵資源科学研究所本草書コレクション,,https://iiif.dl.itc.u-tokyo.ac.jp/repo/iiif/900515d0-127a-6710-1d96-88e802d59645/manifest,,,,,41
本草綱目 52巻序目1巻圖3巻 (存54巻) ; 第3卷上 [1],"本草綱目 52巻序目1巻圖3巻 (存54巻) / (明) 李時珍編輯 ; (明) 錢蔚起較訂 ; 序目 - 圖卷中. -- [出版者不明], [寛文年間]. -- 40冊 ; 22.9×16.7cm.",A2:6,3002920787,,,,,,駒場図書館,006040,,ホンゾウ コウモク,http://tify.sub.uni-goettingen.de/demo.html?manifest=https://archdataset.dl.itc.u-tokyo.ac.jp/manifest/ec62b3a6-49b8-7af6-a268-41ba363c52a5.json,ec62b3a6-49b8-7af6-a268-41ba363c52a5,https://iiif.dl.itc.u-tokyo.ac.jp/repo/s/honzosho/,https://iiif.dl.itc.u-tokyo.ac.jp/repo/s/honzosho/document/ec62b3a6-49b8-7af6-a268-41ba363c52a5,https://www.lib.u-tokyo.ac.jp/ja/library/contents/archives-top/reuse,https://iiif.dl.itc.u-tokyo.ac.jp/repo/files/medium/b0ffd5094990cb17ae39765bf5cb6a3826806ae1.jpg,https://iiif.dl.itc.u-tokyo.ac.jp/repo/api/items/684001,"東京大学駒場図書館 Komaba Library, The University of Tokyo, JAPAN",http://iiif.io/api/presentation/2#rightToLeftDirection,,駒場図書館所蔵資源科学研究所本草書コレクション,,https://iiif.dl.itc.u-tokyo.ac.jp/repo/iiif/ec62b3a6-49b8-7af6-a268-41ba363c52a5/manifest,,,,,53
本草綱目 52巻序目1巻圖3巻 (存54巻) ; 第3卷上 [2],"本草綱目 52巻序目1巻圖3巻 (存54巻) / (明) 李時珍編輯 ; (明) 錢蔚起較訂 ; 序目 - 圖卷中. -- [出版者不明], [寛文年間]. -- 40冊 ; 22.9×16.7cm.",A2:6,3002920795,,,,,,駒場図書館,006050,,ホンゾウ コウモク,http://tify.sub.uni-goettingen.de/demo.html?manifest=https://archdataset.dl.itc.u-tokyo.ac.jp/manifest/5ace79c1-9722-6a40-25c6-f2cc84c003db.json,5ace79c1-9722-6a40-25c6-f2cc84c003db,https://iiif.dl.itc.u-tokyo.ac.jp/repo/s/honzosho/,https://iiif.dl.itc.u-tokyo.ac.jp/repo/s/honzosho/document/5ace79c1-9722-6a40-25c6-f2cc84c003db,https://www.lib.u-tokyo.ac.jp/ja/library/contents/archives-top/reuse,https://iiif.dl.itc.u-tokyo.ac.jp/repo/files/medium/c8c534af53c068ee8bca9870ddcb70e4d91a9ccc.jpg,https://iiif.dl.itc.u-tokyo.ac.jp/repo/api/items/684000,"東京大学駒場図書館 Komaba Library, The University of Tokyo, JAPAN",http://iiif.io/api/presentation/2#rightToLeftDirection,,駒場図書館所蔵資源科学研究所本草書コレクション,,https://iiif.dl.itc.u-tokyo.ac.jp/repo/iiif/5ace79c1-9722-6a40-25c6-f2cc84c003db/manifest,,,,,55
本草綱目 52巻序目1巻圖3巻 (存54巻) ; 第3卷下,"本草綱目 52巻序目1巻圖3巻 (存54巻) / (明) 李時珍編輯 ; (明) 錢蔚起較訂 ; 序目 - 圖卷中. -- [出版者不明], [寛文年間]. -- 40冊 ; 22.9×16.7cm.",A2:6,3002920803,,,,,,駒場図書館,006060,,ホンゾウ コウモク,http://tify.sub.uni-goettingen.de/demo.html?manifest=https://archdataset.dl.itc.u-tokyo.ac.jp/manifest/104d8a30-7a67-3fdf-3ac6-62be7d215d6f.json,104d8a30-7a67-3fdf-3ac6-62be7d215d6f,https://iiif.dl.itc.u-tokyo.ac.jp/repo/s/honzosho/,https://iiif.dl.itc.u-tokyo.ac.jp/repo/s/honzosho/document/104d8a30-7a67-3fdf-3ac6-62be7d215d6f,https://www.lib.u-tokyo.ac.jp/ja/library/contents/archives-top/reuse,https://iiif.dl.itc.u-tokyo.ac.jp/repo/files/medium/2dfdd95a9cadf98ac676d141edfa0b64a20f0335.jpg,https://iiif.dl.itc.u-tokyo.ac.jp/repo/api/items/683999,"東京大学駒場図書館 Komaba Library, The University of Tokyo, JAPAN",http://iiif.io/api/presentation/2#rightToLeftDirection,,駒場図書館所蔵資源科学研究所本草書コレクション,,https://iiif.dl.itc.u-tokyo.ac.jp/repo/iiif/104d8a30-7a67-3fdf-3ac6-62be7d215d6f/manifest,,,,,61
本草綱目 52巻序目1巻圖3巻 (存54巻) ; 第4卷上,"本草綱目 52巻序目1巻圖3巻 (存54巻) / (明) 李時珍編輯 ; (明) 錢蔚起較訂 ; 序目 - 圖卷中. -- [出版者不明], [寛文年間]. -- 40冊 ; 22.9×16.7cm.",A2:6,3002920811,,,,,,駒場図書館,006070,,ホンゾウ コウモク,http://tify.sub.uni-goettingen.de/demo.html?manifest=https://archdataset.dl.itc.u-tokyo.ac.jp/manifest/87a549f5-6a84-9ab3-6401-357ac2b592b6.json,87a549f5-6a84-9ab3-6401-357ac2b592b6,https://iiif.dl.itc.u-tokyo.ac.jp/repo/s/honzosho/,https://iiif.dl.itc.u-tokyo.ac.jp/repo/s/honzosho/document/87a549f5-6a84-9ab3-6401-357ac2b592b6,https://www.lib.u-tokyo.ac.jp/ja/library/contents/archives-top/reuse,https://iiif.dl.itc.u-tokyo.ac.jp/repo/files/medium/86fdb96229090acae1a34a5beb1789c8618e47ac.jpg,https://iiif.dl.itc.u-tokyo.ac.jp/repo/api/items/683998,"東京大学駒場図書館 Komaba Library, The University of Tokyo, JAPAN",http://iiif.io/api/presentation/2#rightToLeftDirection,,駒場図書館所蔵資源科学研究所本草書コレクション,,https://iiif.dl.itc.u-tokyo.ac.jp/repo/iiif/87a549f5-6a84-9ab3-6401-357ac2b592b6/manifest,,,,,60
本草綱目 52巻序目1巻圖3巻 (存54巻) ; 第4卷中-下,"本草綱目 52巻序目1巻圖3巻 (存54巻) / (明) 李時珍編輯 ; (明) 錢蔚起較訂 ; 序目 - 圖卷中. -- [出版者不明], [寛文年間]. -- 40冊 ; 22.9×16.7cm.",A2:6,3002920829,,,,,,駒場図書館,006080,,ホンゾウ コウモク,http://tify.sub.uni-goettingen.de/demo.html?manifest=https://archdataset.dl.itc.u-tokyo.ac.jp/manifest/d311d3f5-73c4-7add-6426-f4841e653837.json,d311d3f5-73c4-7add-6426-f4841e653837,https://iiif.dl.itc.u-tokyo.ac.jp/repo/s/honzosho/,https://iiif.dl.itc.u-tokyo.ac.jp/repo/s/honzosho/document/d311d3f5-73c4-7add-6426-f4841e653837,https://www.lib.u-tokyo.ac.jp/ja/library/contents/archives-top/reuse,https://iiif.dl.itc.u-tokyo.ac.jp/repo/files/medium/4bbc38490ba3750d65aa75550ac7e8930eaf097d.jpg,https://iiif.dl.itc.u-tokyo.ac.jp/repo/api/items/683997,"東京大学駒場図書館 Komaba Library, The University of Tokyo, JAPAN",http://iiif.io/api/presentation/2#rightToLeftDirection,,駒場図書館所蔵資源科学研究所本草書コレクション,,https://iiif.dl.itc.u-tokyo.ac.jp/repo/iiif/d311d3f5-73c4-7add-6426-f4841e653837/manifest,,,,,89
本草綱目 52巻序目1巻圖3巻 (存54巻) ; 第5-7卷,"本草綱目 52巻序目1巻圖3巻 (存54巻) / (明) 李時珍編輯 ; (明) 錢蔚起較訂 ; 序目 - 圖卷中. -- [出版者不明], [寛文年間]. -- 40冊 ; 22.9×16.7cm.",A2:6,3002920837,,,,,,駒場図書館,006090,,ホンゾウ コウモク,http://tify.sub.uni-goettingen.de/demo.html?manifest=https://archdataset.dl.itc.u-tokyo.ac.jp/manifest/2a0d765d-0277-3882-5a9d-12b9f6b96fe9.json,2a0d765d-0277-3882-5a9d-12b9f6b96fe9,https://iiif.dl.itc.u-tokyo.ac.jp/repo/s/honzosho/,https://iiif.dl.itc.u-tokyo.ac.jp/repo/s/honzosho/document/2a0d765d-0277-3882-5a9d-12b9f6b96fe9,https://www.lib.u-tokyo.ac.jp/ja/library/contents/archives-top/reuse,https://iiif.dl.itc.u-tokyo.ac.jp/repo/files/medium/6d5bf58cffabcc91fcaa87cd6b5f51dbbe364054.jpg,https://iiif.dl.itc.u-tokyo.ac.jp/repo/api/items/683996,"東京大学駒場図書館 Komaba Library, The University of Tokyo, JAPAN",http://iiif.io/api/presentation/2#rightToLeftDirection,,駒場図書館所蔵資源科学研究所本草書コレクション,,https://iiif.dl.itc.u-tokyo.ac.jp/repo/iiif/2a0d765d-0277-3882-5a9d-12b9f6b96fe9/manifest,,,,,75
本草綱目 52巻序目1巻圖3巻 (存54巻) ; 第8卷,"本草綱目 52巻序目1巻圖3巻 (存54巻) / (明) 李時珍編輯 ; (明) 錢蔚起較訂 ; 序目 - 圖卷中. -- [出版者不明], [寛文年間]. -- 40冊 ; 22.9×16.7cm.",A2:6,3002920845,,,,,,駒場図書館,006100,,ホンゾウ コウモク,http://tify.sub.uni-goettingen.de/demo.html?manifest=https://archdataset.dl.itc.u-tokyo.ac.jp/manifest/e719ee6f-6671-4eb2-74e2-f7da26c83ac4.json,e719ee6f-6671-4eb2-74e2-f7da26c83ac4,https://iiif.dl.itc.u-tokyo.ac.jp/repo/s/honzosho/,https://iiif.dl.itc.u-tokyo.ac.jp/repo/s/honzosho/document/e719ee6f-6671-4eb2-74e2-f7da26c83ac4,https://www.lib.u-tokyo.ac.jp/ja/library/contents/archives-top/reuse,https://iiif.dl.itc.u-tokyo.ac.jp/repo/files/medium/3983271c24946583e01ca71e8c4b936b525db80f.jpg,https://iiif.dl.itc.u-tokyo.ac.jp/repo/api/items/683995,"東京大学駒場図書館 Komaba Library, The University of Tokyo, JAPAN",http://iiif.io/api/presentation/2#rightToLeftDirection,,駒場図書館所蔵資源科学研究所本草書コレクション,,https://iiif.dl.itc.u-tokyo.ac.jp/repo/iiif/e719ee6f-6671-4eb2-74e2-f7da26c83ac4/manifest,,,,,68
本草綱目 52巻序目1巻圖3巻 (存54巻) ; 第9-10卷,"本草綱目 52巻序目1巻圖3巻 (存54巻) / (明) 李時珍編輯 ; (明) 錢蔚起較訂 ; 序目 - 圖卷中. -- [出版者不明], [寛文年間]. -- 40冊 ; 22.9×16.7cm.",A2:6,3002920852,,,,,,駒場図書館,006110,,ホンゾウ コウモク,http://tify.sub.uni-goettingen.de/demo.html?manifest=https://archdataset.dl.itc.u-tokyo.ac.jp/manifest/fa1c8527-98af-652f-813b-43bd4b316a4e.json,fa1c8527-98af-652f-813b-43bd4b316a4e,https://iiif.dl.itc.u-tokyo.ac.jp/repo/s/honzosho/,https://iiif.dl.itc.u-tokyo.ac.jp/repo/s/honzosho/document/fa1c8527-98af-652f-813b-43bd4b316a4e,https://www.lib.u-tokyo.ac.jp/ja/library/contents/archives-top/reuse,https://iiif.dl.itc.u-tokyo.ac.jp/repo/files/medium/8d1b226fc4f1c738371c374468d9c8fbb13d3b70.jpg,https://iiif.dl.itc.u-tokyo.ac.jp/repo/api/items/683994,"東京大学駒場図書館 Komaba Library, The University of Tokyo, JAPAN",http://iiif.io/api/presentation/2#rightToLeftDirection,,駒場図書館所蔵資源科学研究所本草書コレクション,,https://iiif.dl.itc.u-tokyo.ac.jp/repo/iiif/fa1c8527-98af-652f-813b-43bd4b316a4e/manifest,,,,,120
本草綱目 52巻序目1巻圖3巻 (存54巻) ; 第11卷,"本草綱目 52巻序目1巻圖3巻 (存54巻) / (明) 李時珍編輯 ; (明) 錢蔚起較訂 ; 序目 - 圖卷中. -- [出版者不明], [寛文年間]. -- 40冊 ; 22.9×16.7cm.",A2:6,3002920860,,,,,,駒場図書館,006120,,ホンゾウ コウモク,http://tify.sub.uni-goettingen.de/demo.html?manifest=https://archdataset.dl.itc.u-tokyo.ac.jp/manifest/bd7a61f6-7f06-1c87-190d-7d44af119657.json,bd7a61f6-7f06-1c87-190d-7d44af119657,https://iiif.dl.itc.u-tokyo.ac.jp/repo/s/honzosho/,https://iiif.dl.itc.u-tokyo.ac.jp/repo/s/honzosho/document/bd7a61f6-7f06-1c87-190d-7d44af119657,https://www.lib.u-tokyo.ac.jp/ja/library/contents/archives-top/reuse,https://iiif.dl.itc.u-tokyo.ac.jp/repo/files/medium/247e647ad4a1833027928fa6756975d1739b436f.jpg,https://iiif.dl.itc.u-tokyo.ac.jp/repo/api/items/683993,"東京大学駒場図書館 Komaba Library, The University of Tokyo, JAPAN",http://iiif.io/api/presentation/2#rightToLeftDirection,,駒場図書館所蔵資源科学研究所本草書コレクション,,https://iiif.dl.itc.u-tokyo.ac.jp/repo/iiif/bd7a61f6-7f06-1c87-190d-7d44af119657/manifest,,,,,64
本草綱目 52巻序目1巻圖3巻 (存54巻) ; 第12卷上-下,"本草綱目 52巻序目1巻圖3巻 (存54巻) / (明) 李時珍編輯 ; (明) 錢蔚起較訂 ; 序目 - 圖卷中. -- [出版者不明], [寛文年間]. -- 40冊 ; 22.9×16.7cm.",A2:6,3002920878,,,,,,駒場図書館,006130,,ホンゾウ コウモク,http://tify.sub.uni-goettingen.de/demo.html?manifest=https://archdataset.dl.itc.u-tokyo.ac.jp/manifest/f56d48c6-08b9-9566-2105-0ca12407342a.json,f56d48c6-08b9-9566-2105-0ca12407342a,https://iiif.dl.itc.u-tokyo.ac.jp/repo/s/honzosho/,https://iiif.dl.itc.u-tokyo.ac.jp/repo/s/honzosho/document/f56d48c6-08b9-9566-2105-0ca12407342a,https://www.lib.u-tokyo.ac.jp/ja/library/contents/archives-top/reuse,https://iiif.dl.itc.u-tokyo.ac.jp/repo/files/medium/dd19ce64b32131439bc88de617992b09048d616e.jpg,https://iiif.dl.itc.u-tokyo.ac.jp/repo/api/items/683992,"東京大学駒場図書館 Komaba Library, The University of Tokyo, JAPAN",http://iiif.io/api/presentation/2#rightToLeftDirection,,駒場図書館所蔵資源科学研究所本草書コレクション,,https://iiif.dl.itc.u-tokyo.ac.jp/repo/iiif/f56d48c6-08b9-9566-2105-0ca12407342a/manifest,,,,,92
本草綱目 52巻序目1巻圖3巻 (存54巻) ; 第13卷,"本草綱目 52巻序目1巻圖3巻 (存54巻) / (明) 李時珍編輯 ; (明) 錢蔚起較訂 ; 序目 - 圖卷中. -- [出版者不明], [寛文年間]. -- 40冊 ; 22.9×16.7cm.",A2:6,3002920886,,,,,,駒場図書館,006140,,ホンゾウ コウモク,http://tify.sub.uni-goettingen.de/demo.html?manifest=https://archdataset.dl.itc.u-tokyo.ac.jp/manifest/f8140dbd-99b7-1d01-0a0c-ba0df8c43df8.json,f8140dbd-99b7-1d01-0a0c-ba0df8c43df8,https://iiif.dl.itc.u-tokyo.ac.jp/repo/s/honzosho/,https://iiif.dl.itc.u-tokyo.ac.jp/repo/s/honzosho/document/f8140dbd-99b7-1d01-0a0c-ba0df8c43df8,https://www.lib.u-tokyo.ac.jp/ja/library/contents/archives-top/reuse,https://iiif.dl.itc.u-tokyo.ac.jp/repo/files/medium/1423651f64ab2bd2413c3e5050c7e4d33ab55027.jpg,https://iiif.dl.itc.u-tokyo.ac.jp/repo/api/items/683991,"東京大学駒場図書館 Komaba Library, The University of Tokyo, JAPAN",http://iiif.io/api/presentation/2#rightToLeftDirection,,駒場図書館所蔵資源科学研究所本草書コレクション,,https://iiif.dl.itc.u-tokyo.ac.jp/repo/iiif/f8140dbd-99b7-1d01-0a0c-ba0df8c43df8/manifest,,,,,68
本草綱目 52巻序目1巻圖3巻 (存54巻) ; 卷14,"本草綱目 52巻序目1巻圖3巻 (存54巻) / (明) 李時珍編輯 ; (明) 錢蔚起較訂 ; 序目 - 圖卷中. -- [出版者不明], [寛文年間]. -- 40冊 ; 22.9×16.7cm.",A2:6,3002920894,,,,,,駒場図書館,006150,,ホンゾウ コウモク,http://tify.sub.uni-goettingen.de/demo.html?manifest=https://archdataset.dl.itc.u-tokyo.ac.jp/manifest/1ff5b783-9a5d-7abf-6de8-af65b177524c.json,1ff5b783-9a5d-7abf-6de8-af65b177524c,https://iiif.dl.itc.u-tokyo.ac.jp/repo/s/honzosho/,https://iiif.dl.itc.u-tokyo.ac.jp/repo/s/honzosho/document/1ff5b783-9a5d-7abf-6de8-af65b177524c,https://www.lib.u-tokyo.ac.jp/ja/library/contents/archives-top/reuse,https://iiif.dl.itc.u-tokyo.ac.jp/repo/files/medium/06aa5346fb41d2a1015c6053ecade4112cad6271.jpg,https://iiif.dl.itc.u-tokyo.ac.jp/repo/api/items/683990,"東京大学駒場図書館 Komaba Library, The University of Tokyo, JAPAN",http://iiif.io/api/presentation/2#rightToLeftDirection,,駒場図書館所蔵資源科学研究所本草書コレクション,,https://iiif.dl.itc.u-tokyo.ac.jp/repo/iiif/1ff5b783-9a5d-7abf-6de8-af65b177524c/manifest,,,,,104
本草綱目 52巻序目1巻圖3巻 (存54巻) ; 第15卷,"本草綱目 52巻序目1巻圖3巻 (存54巻) / (明) 李時珍編輯 ; (明) 錢蔚起較訂 ; 序目 - 圖卷中. -- [出版者不明], [寛文年間]. -- 40冊 ; 22.9×16.7cm.",A2:6,3002920902,,,,,,駒場図書館,006160,,ホンゾウ コウモク,http://tify.sub.uni-goettingen.de/demo.html?manifest=https://archdataset.dl.itc.u-tokyo.ac.jp/manifest/7f21db2a-a597-7814-7b2f-d9b3ee0a8113.json,7f21db2a-a597-7814-7b2f-d9b3ee0a8113,https://iiif.dl.itc.u-tokyo.ac.jp/repo/s/honzosho/,https://iiif.dl.itc.u-tokyo.ac.jp/repo/s/honzosho/document/7f21db2a-a597-7814-7b2f-d9b3ee0a8113,https://www.lib.u-tokyo.ac.jp/ja/library/contents/archives-top/reuse,https://iiif.dl.itc.u-tokyo.ac.jp/repo/files/medium/5b7303d7caa01e4adf09524d6f3227cb9dcff5a5.jpg,https://iiif.dl.itc.u-tokyo.ac.jp/repo/api/items/683989,"東京大学駒場図書館 Komaba Library, The University of Tokyo, JAPAN",http://iiif.io/api/presentation/2#rightToLeftDirection,,駒場図書館所蔵資源科学研究所本草書コレクション,,https://iiif.dl.itc.u-tokyo.ac.jp/repo/iiif/7f21db2a-a597-7814-7b2f-d9b3ee0a8113/manifest,,,,,97
本草綱目 52巻序目1巻圖3巻 (存54巻) ; 第16卷,"本草綱目 52巻序目1巻圖3巻 (存54巻) / (明) 李時珍編輯 ; (明) 錢蔚起較訂 ; 序目 - 圖卷中. -- [出版者不明], [寛文年間]. -- 40冊 ; 22.9×16.7cm.",A2:6,3002920910,,,,,,駒場図書館,006170,,ホンゾウ コウモク,http://tify.sub.uni-goettingen.de/demo.html?manifest=https://archdataset.dl.itc.u-tokyo.ac.jp/manifest/04d4419f-0187-23e0-4c17-6077f2d935e6.json,04d4419f-0187-23e0-4c17-6077f2d935e6,https://iiif.dl.itc.u-tokyo.ac.jp/repo/s/honzosho/,https://iiif.dl.itc.u-tokyo.ac.jp/repo/s/honzosho/document/04d4419f-0187-23e0-4c17-6077f2d935e6,https://www.lib.u-tokyo.ac.jp/ja/library/contents/archives-top/reuse,https://iiif.dl.itc.u-tokyo.ac.jp/repo/files/medium/023705dc6e62454132ccfe95d6b2e841483e3560.jpg,https://iiif.dl.itc.u-tokyo.ac.jp/repo/api/items/683988,"東京大学駒場図書館 Komaba Library, The University of Tokyo, JAPAN",http://iiif.io/api/presentation/2#rightToLeftDirection,,駒場図書館所蔵資源科学研究所本草書コレクション,,https://iiif.dl.itc.u-tokyo.ac.jp/repo/iiif/04d4419f-0187-23e0-4c17-6077f2d935e6/manifest,,,,,101
本草綱目 52巻序目1巻圖3巻 (存54巻) ; 第17卷上-下,"本草綱目 52巻序目1巻圖3巻 (存54巻) / (明) 李時珍編輯 ; (明) 錢蔚起較訂 ; 序目 - 圖卷中. -- [出版者不明], [寛文年間]. -- 40冊 ; 22.9×16.7cm.",A2:6,3002920928,,,,,,駒場図書館,006180,,ホンゾウ コウモク,http://tify.sub.uni-goettingen.de/demo.html?manifest=https://archdataset.dl.itc.u-tokyo.ac.jp/manifest/f372e5c3-0c55-0213-9397-c8bc1bd1814c.json,f372e5c3-0c55-0213-9397-c8bc1bd1814c,https://iiif.dl.itc.u-tokyo.ac.jp/repo/s/honzosho/,https://iiif.dl.itc.u-tokyo.ac.jp/repo/s/honzosho/document/f372e5c3-0c55-0213-9397-c8bc1bd1814c,https://www.lib.u-tokyo.ac.jp/ja/library/contents/archives-top/reuse,https://iiif.dl.itc.u-tokyo.ac.jp/repo/files/medium/7e92b266cdd72bfe6bb0df166c4136368c93e7bd.jpg,https://iiif.dl.itc.u-tokyo.ac.jp/repo/api/items/683987,"東京大学駒場図書館 Komaba Library, The University of Tokyo, JAPAN",http://iiif.io/api/presentation/2#rightToLeftDirection,,駒場図書館所蔵資源科学研究所本草書コレクション,,https://iiif.dl.itc.u-tokyo.ac.jp/repo/iiif/f372e5c3-0c55-0213-9397-c8bc1bd1814c/manifest,,,,,122
本草綱目 52巻序目1巻圖3巻 (存54巻) ; 第18卷上-下,"本草綱目 52巻序目1巻圖3巻 (存54巻) / (明) 李時珍編輯 ; (明) 錢蔚起較訂 ; 序目 - 圖卷中. -- [出版者不明], [寛文年間]. -- 40冊 ; 22.9×16.7cm.",A2:6,3002920936,,,,,,駒場図書館,006190,,ホンゾウ コウモク,http://tify.sub.uni-goettingen.de/demo.html?manifest=https://archdataset.dl.itc.u-tokyo.ac.jp/manifest/6b0eead6-0be6-6111-73b6-858c939e515f.json,6b0eead6-0be6-6111-73b6-858c939e515f,https://iiif.dl.itc.u-tokyo.ac.jp/repo/s/honzosho/,https://iiif.dl.itc.u-tokyo.ac.jp/repo/s/honzosho/document/6b0eead6-0be6-6111-73b6-858c939e515f,https://www.lib.u-tokyo.ac.jp/ja/library/contents/archives-top/reuse,https://iiif.dl.itc.u-tokyo.ac.jp/repo/files/medium/b5920cffb915b3aa12573ce5278219872142f7b1.jpg,https://iiif.dl.itc.u-tokyo.ac.jp/repo/api/items/683986,"東京大学駒場図書館 Komaba Library, The University of Tokyo, JAPAN",http://iiif.io/api/presentation/2#rightToLeftDirection,,駒場図書館所蔵資源科学研究所本草書コレクション,,https://iiif.dl.itc.u-tokyo.ac.jp/repo/iiif/6b0eead6-0be6-6111-73b6-858c939e515f/manifest,,,,,118
本草綱目 52巻序目1巻圖3巻 (存54巻) ; 第19-21卷,"本草綱目 52巻序目1巻圖3巻 (存54巻) / (明) 李時珍編輯 ; (明) 錢蔚起較訂 ; 序目 - 圖卷中. -- [出版者不明], [寛文年間]. -- 40冊 ; 22.9×16.7cm.",A2:6,3002920944,,,,,,駒場図書館,006200,,ホンゾウ コウモク,http://tify.sub.uni-goettingen.de/demo.html?manifest=https://archdataset.dl.itc.u-tokyo.ac.jp/manifest/c4a774a2-6d2b-52de-2cbf-9d5713d38564.json,c4a774a2-6d2b-52de-2cbf-9d5713d38564,https://iiif.dl.itc.u-tokyo.ac.jp/repo/s/honzosho/,https://iiif.dl.itc.u-tokyo.ac.jp/repo/s/honzosho/document/c4a774a2-6d2b-52de-2cbf-9d5713d38564,https://www.lib.u-tokyo.ac.jp/ja/library/contents/archives-top/reuse,https://iiif.dl.itc.u-tokyo.ac.jp/repo/files/medium/dd571ceac8d74031dfcf6f48a4f79a397c11db94.jpg,https://iiif.dl.itc.u-tokyo.ac.jp/repo/api/items/683985,"東京大学駒場図書館 Komaba Library, The University of Tokyo, JAPAN",http://iiif.io/api/presentation/2#rightToLeftDirection,,駒場図書館所蔵資源科学研究所本草書コレクション,,https://iiif.dl.itc.u-tokyo.ac.jp/repo/iiif/c4a774a2-6d2b-52de-2cbf-9d5713d38564/manifest,,,,,82
本草綱目 52巻序目1巻圖3巻 (存54巻) ; 第22-23卷,"本草綱目 52巻序目1巻圖3巻 (存54巻) / (明) 李時珍編輯 ; (明) 錢蔚起較訂 ; 序目 - 圖卷中. -- [出版者不明], [寛文年間]. -- 40冊 ; 22.9×16.7cm.",A2:6,3002920951,,,,,,駒場図書館,006210,,ホンゾウ コウモク,http://tify.sub.uni-goettingen.de/demo.html?manifest=https://archdataset.dl.itc.u-tokyo.ac.jp/manifest/69284f86-2d98-5cb4-0d61-de31f45d269c.json,69284f86-2d98-5cb4-0d61-de31f45d269c,https://iiif.dl.itc.u-tokyo.ac.jp/repo/s/honzosho/,https://iiif.dl.itc.u-tokyo.ac.jp/repo/s/honzosho/document/69284f86-2d98-5cb4-0d61-de31f45d269c,https://www.lib.u-tokyo.ac.jp/ja/library/contents/archives-top/reuse,https://iiif.dl.itc.u-tokyo.ac.jp/repo/files/medium/9dd3191dedf303493eb0e527315fc432ca10be1d.jpg,https://iiif.dl.itc.u-tokyo.ac.jp/repo/api/items/683984,"東京大学駒場図書館 Komaba Library, The University of Tokyo, JAPAN",http://iiif.io/api/presentation/2#rightToLeftDirection,,駒場図書館所蔵資源科学研究所本草書コレクション,,https://iiif.dl.itc.u-tokyo.ac.jp/repo/iiif/69284f86-2d98-5cb4-0d61-de31f45d269c/manifest,,,,,67
本草綱目 52巻序目1巻圖3巻 (存54巻) ; 第24-25卷,"本草綱目 52巻序目1巻圖3巻 (存54巻) / (明) 李時珍編輯 ; (明) 錢蔚起較訂 ; 序目 - 圖卷中. -- [出版者不明], [寛文年間]. -- 40冊 ; 22.9×16.7cm.",A2:6,3002920969,,,,,,駒場図書館,006220,,ホンゾウ コウモク,http://tify.sub.uni-goettingen.de/demo.html?manifest=https://archdataset.dl.itc.u-tokyo.ac.jp/manifest/7ab3ef1c-797f-7c56-621f-5eff1bf56ad1.json,7ab3ef1c-797f-7c56-621f-5eff1bf56ad1,https://iiif.dl.itc.u-tokyo.ac.jp/repo/s/honzosho/,https://iiif.dl.itc.u-tokyo.ac.jp/repo/s/honzosho/document/7ab3ef1c-797f-7c56-621f-5eff1bf56ad1,https://www.lib.u-tokyo.ac.jp/ja/library/contents/archives-top/reuse,https://iiif.dl.itc.u-tokyo.ac.jp/repo/files/medium/58f4a97364ce478d10824b2303fd53df8e7ed026.jpg,https://iiif.dl.itc.u-tokyo.ac.jp/repo/api/items/683983,"東京大学駒場図書館 Komaba Library, The University of Tokyo, JAPAN",http://iiif.io/api/presentation/2#rightToLeftDirection,,駒場図書館所蔵資源科学研究所本草書コレクション,,https://iiif.dl.itc.u-tokyo.ac.jp/repo/iiif/7ab3ef1c-797f-7c56-621f-5eff1bf56ad1/manifest,,,,,74
本草綱目 52巻序目1巻圖3巻 (存54巻) ; 第26卷,"本草綱目 52巻序目1巻圖3巻 (存54巻) / (明) 李時珍編輯 ; (明) 錢蔚起較訂 ; 序目 - 圖卷中. -- [出版者不明], [寛文年間]. -- 40冊 ; 22.9×16.7cm.",A2:6,3002920977,,,,,,駒場図書館,006230,,ホンゾウ コウモク,http://tify.sub.uni-goettingen.de/demo.html?manifest=https://archdataset.dl.itc.u-tokyo.ac.jp/manifest/abfb312d-939c-583c-0058-ac355a0f36de.json,abfb312d-939c-583c-0058-ac355a0f36de,https://iiif.dl.itc.u-tokyo.ac.jp/repo/s/honzosho/,https://iiif.dl.itc.u-tokyo.ac.jp/repo/s/honzosho/document/abfb312d-939c-583c-0058-ac355a0f36de,https://www.lib.u-tokyo.ac.jp/ja/library/contents/archives-top/reuse,https://iiif.dl.itc.u-tokyo.ac.jp/repo/files/medium/0687ded31f2c88ac9468fecc29d19eb82c12b3c4.jpg,https://iiif.dl.itc.u-tokyo.ac.jp/repo/api/items/683982,"東京大学駒場図書館 Komaba Library, The University of Tokyo, JAPAN",http://iiif.io/api/presentation/2#rightToLeftDirection,,駒場図書館所蔵資源科学研究所本草書コレクション,,https://iiif.dl.itc.u-tokyo.ac.jp/repo/iiif/abfb312d-939c-583c-0058-ac355a0f36de/manifest,,,,,74
本草綱目 52巻序目1巻圖3巻 (存54巻) ; 第27-28卷,"本草綱目 52巻序目1巻圖3巻 (存54巻) / (明) 李時珍編輯 ; (明) 錢蔚起較訂 ; 序目 - 圖卷中. -- [出版者不明], [寛文年間]. -- 40冊 ; 22.9×16.7cm.",A2:6,3002920985,,,,,,駒場図書館,006240,,ホンゾウ コウモク,http://tify.sub.uni-goettingen.de/demo.html?manifest=https://archdataset.dl.itc.u-tokyo.ac.jp/manifest/d25ce664-936c-350d-29fd-74cc1fd54adf.json,d25ce664-936c-350d-29fd-74cc1fd54adf,https://iiif.dl.itc.u-tokyo.ac.jp/repo/s/honzosho/,https://iiif.dl.itc.u-tokyo.ac.jp/repo/s/honzosho/document/d25ce664-936c-350d-29fd-74cc1fd54adf,https://www.lib.u-tokyo.ac.jp/ja/library/contents/archives-top/reuse,https://iiif.dl.itc.u-tokyo.ac.jp/repo/files/medium/30e617a0c21f7354af26f740d92b251d6f22c42c.jpg,https://iiif.dl.itc.u-tokyo.ac.jp/repo/api/items/683981,"東京大学駒場図書館 Komaba Library, The University of Tokyo, JAPAN",http://iiif.io/api/presentation/2#rightToLeftDirection,,駒場図書館所蔵資源科学研究所本草書コレクション,,https://iiif.dl.itc.u-tokyo.ac.jp/repo/iiif/d25ce664-936c-350d-29fd-74cc1fd54adf/manifest,,,,,86
本草綱目 52巻序目1巻圖3巻 (存54巻) ; 第29-30卷,"本草綱目 52巻序目1巻圖3巻 (存54巻) / (明) 李時珍編輯 ; (明) 錢蔚起較訂 ; 序目 - 圖卷中. -- [出版者不明], [寛文年間]. -- 40冊 ; 22.9×16.7cm.",A2:6,3002920993,,,,,,駒場図書館,006250,,ホンゾウ コウモク,http://tify.sub.uni-goettingen.de/demo.html?manifest=https://archdataset.dl.itc.u-tokyo.ac.jp/manifest/644e4a24-6d16-654e-5831-7a5bc149846d.json,644e4a24-6d16-654e-5831-7a5bc149846d,https://iiif.dl.itc.u-tokyo.ac.jp/repo/s/honzosho/,https://iiif.dl.itc.u-tokyo.ac.jp/repo/s/honzosho/document/644e4a24-6d16-654e-5831-7a5bc149846d,https://www.lib.u-tokyo.ac.jp/ja/library/contents/archives-top/reuse,https://iiif.dl.itc.u-tokyo.ac.jp/repo/files/medium/81ef87ec7841db8f1d9496686c5497574b6d4c60.jpg,https://iiif.dl.itc.u-tokyo.ac.jp/repo/api/items/683980,"東京大学駒場図書館 Komaba Library, The University of Tokyo, JAPAN",http://iiif.io/api/presentation/2#rightToLeftDirection,,駒場図書館所蔵資源科学研究所本草書コレクション,,https://iiif.dl.itc.u-tokyo.ac.jp/repo/iiif/644e4a24-6d16-654e-5831-7a5bc149846d/manifest,,,,,100
本草綱目 52巻序目1巻圖3巻 (存54巻) ; 第31-33卷,"本草綱目 52巻序目1巻圖3巻 (存54巻) / (明) 李時珍編輯 ; (明) 錢蔚起較訂 ; 序目 - 圖卷中. -- [出版者不明], [寛文年間]. -- 40冊 ; 22.9×16.7cm.",A2:6,3002921009,,,,,,駒場図書館,006260,,ホンゾウ コウモク,http://tify.sub.uni-goettingen.de/demo.html?manifest=https://archdataset.dl.itc.u-tokyo.ac.jp/manifest/6360f206-94d9-24f2-7825-a90071c30cd5.json,6360f206-94d9-24f2-7825-a90071c30cd5,https://iiif.dl.itc.u-tokyo.ac.jp/repo/s/honzosho/,https://iiif.dl.itc.u-tokyo.ac.jp/repo/s/honzosho/document/6360f206-94d9-24f2-7825-a90071c30cd5,https://www.lib.u-tokyo.ac.jp/ja/library/contents/archives-top/reuse,https://iiif.dl.itc.u-tokyo.ac.jp/repo/files/medium/fde1d36aec8701a41d5e1fa38316856c9f283128.jpg,https://iiif.dl.itc.u-tokyo.ac.jp/repo/api/items/683979,"東京大学駒場図書館 Komaba Library, The University of Tokyo, JAPAN",http://iiif.io/api/presentation/2#rightToLeftDirection,,駒場図書館所蔵資源科学研究所本草書コレクション,,https://iiif.dl.itc.u-tokyo.ac.jp/repo/iiif/6360f206-94d9-24f2-7825-a90071c30cd5/manifest,,,,,101
本草綱目 52巻序目1巻圖3巻 (存54巻) ; 第34卷,"本草綱目 52巻序目1巻圖3巻 (存54巻) / (明) 李時珍編輯 ; (明) 錢蔚起較訂 ; 序目 - 圖卷中. -- [出版者不明], [寛文年間]. -- 40冊 ; 22.9×16.7cm.",A2:6,3002921017,,,,,,駒場図書館,006270,,ホンゾウ コウモク,http://tify.sub.uni-goettingen.de/demo.html?manifest=https://archdataset.dl.itc.u-tokyo.ac.jp/manifest/d28f0d57-7bcc-0905-8304-c0fd65000e58.json,d28f0d57-7bcc-0905-8304-c0fd65000e58,https://iiif.dl.itc.u-tokyo.ac.jp/repo/s/honzosho/,https://iiif.dl.itc.u-tokyo.ac.jp/repo/s/honzosho/document/d28f0d57-7bcc-0905-8304-c0fd65000e58,https://www.lib.u-tokyo.ac.jp/ja/library/contents/archives-top/reuse,https://iiif.dl.itc.u-tokyo.ac.jp/repo/files/medium/e679eccabd5e983985c7c60976dc7174c2eeb5e8.jpg,https://iiif.dl.itc.u-tokyo.ac.jp/repo/api/items/683978,"東京大学駒場図書館 Komaba Library, The University of Tokyo, JAPAN",http://iiif.io/api/presentation/2#rightToLeftDirection,,駒場図書館所蔵資源科学研究所本草書コレクション,,https://iiif.dl.itc.u-tokyo.ac.jp/repo/iiif/d28f0d57-7bcc-0905-8304-c0fd65000e58/manifest,,,,,71
本草綱目 52巻序目1巻圖3巻 (存54巻) ; 第35卷上-下,"本草綱目 52巻序目1巻圖3巻 (存54巻) / (明) 李時珍編輯 ; (明) 錢蔚起較訂 ; 序目 - 圖卷中. -- [出版者不明], [寛文年間]. -- 40冊 ; 22.9×16.7cm.",A2:6,3002921025,,,,,,駒場図書館,006280,,ホンゾウ コウモク,http://tify.sub.uni-goettingen.de/demo.html?manifest=https://archdataset.dl.itc.u-tokyo.ac.jp/manifest/ba3f6587-1557-6698-2bfb-4298fe03794d.json,ba3f6587-1557-6698-2bfb-4298fe03794d,https://iiif.dl.itc.u-tokyo.ac.jp/repo/s/honzosho/,https://iiif.dl.itc.u-tokyo.ac.jp/repo/s/honzosho/document/ba3f6587-1557-6698-2bfb-4298fe03794d,https://www.lib.u-tokyo.ac.jp/ja/library/contents/archives-top/reuse,https://iiif.dl.itc.u-tokyo.ac.jp/repo/files/medium/b78ac61bfe0c42b4a5ff4b8c046766d77eccc07b.jpg,https://iiif.dl.itc.u-tokyo.ac.jp/repo/api/items/683977,"東京大学駒場図書館 Komaba Library, The University of Tokyo, JAPAN",http://iiif.io/api/presentation/2#rightToLeftDirection,,駒場図書館所蔵資源科学研究所本草書コレクション,,https://iiif.dl.itc.u-tokyo.ac.jp/repo/iiif/ba3f6587-1557-6698-2bfb-4298fe03794d/manifest,,,,,94
本草綱目 52巻序目1巻圖3巻 (存54巻) ; 第36-37卷,"本草綱目 52巻序目1巻圖3巻 (存54巻) / (明) 李時珍編輯 ; (明) 錢蔚起較訂 ; 序目 - 圖卷中. -- [出版者不明], [寛文年間]. -- 40冊 ; 22.9×16.7cm.",A2:6,3002921033,,,,,,駒場図書館,006290,,ホンゾウ コウモク,http://tify.sub.uni-goettingen.de/demo.html?manifest=https://archdataset.dl.itc.u-tokyo.ac.jp/manifest/bdd09726-34d4-a440-63ce-a3fe7be56e0e.json,bdd09726-34d4-a440-63ce-a3fe7be56e0e,https://iiif.dl.itc.u-tokyo.ac.jp/repo/s/honzosho/,https://iiif.dl.itc.u-tokyo.ac.jp/repo/s/honzosho/document/bdd09726-34d4-a440-63ce-a3fe7be56e0e,https://www.lib.u-tokyo.ac.jp/ja/library/contents/archives-top/reuse,https://iiif.dl.itc.u-tokyo.ac.jp/repo/files/medium/e1a194bc2f8fa35e559f937b01415d8c904c2f7c.jpg,https://iiif.dl.itc.u-tokyo.ac.jp/repo/api/items/683976,"東京大学駒場図書館 Komaba Library, The University of Tokyo, JAPAN",http://iiif.io/api/presentation/2#rightToLeftDirection,,駒場図書館所蔵資源科学研究所本草書コレクション,,https://iiif.dl.itc.u-tokyo.ac.jp/repo/iiif/bdd09726-34d4-a440-63ce-a3fe7be56e0e/manifest,,,,,113
本草綱目 52巻序目1巻圖3巻 (存54巻) ; 第38-39卷,"本草綱目 52巻序目1巻圖3巻 (存54巻) / (明) 李時珍編輯 ; (明) 錢蔚起較訂 ; 序目 - 圖卷中. -- [出版者不明], [寛文年間]. -- 40冊 ; 22.9×16.7cm.",A2:6,3002921041,,,,,,駒場図書館,006300,,ホンゾウ コウモク,http://tify.sub.uni-goettingen.de/demo.html?manifest=https://archdataset.dl.itc.u-tokyo.ac.jp/manifest/4df942ed-8e42-1867-80c3-f9963687496b.json,4df942ed-8e42-1867-80c3-f9963687496b,https://iiif.dl.itc.u-tokyo.ac.jp/repo/s/honzosho/,https://iiif.dl.itc.u-tokyo.ac.jp/repo/s/honzosho/document/4df942ed-8e42-1867-80c3-f9963687496b,https://www.lib.u-tokyo.ac.jp/ja/library/contents/archives-top/reuse,https://iiif.dl.itc.u-tokyo.ac.jp/repo/files/medium/66c206a9ba94348c833d8f87deb5e8c2b1d3e3ad.jpg,https://iiif.dl.itc.u-tokyo.ac.jp/repo/api/items/683975,"東京大学駒場図書館 Komaba Library, The University of Tokyo, JAPAN",http://iiif.io/api/presentation/2#rightToLeftDirection,,駒場図書館所蔵資源科学研究所本草書コレクション,,https://iiif.dl.itc.u-tokyo.ac.jp/repo/iiif/4df942ed-8e42-1867-80c3-f9963687496b/manifest,,,,,83
本草綱目 52巻序目1巻圖3巻 (存54巻) ; 第40-42卷,"本草綱目 52巻序目1巻圖3巻 (存54巻) / (明) 李時珍編輯 ; (明) 錢蔚起較訂 ; 序目 - 圖卷中. -- [出版者不明], [寛文年間]. -- 40冊 ; 22.9×16.7cm.",A2:6,3002921058,,,,,,駒場図書館,006310,,ホンゾウ コウモク,http://tify.sub.uni-goettingen.de/demo.html?manifest=https://archdataset.dl.itc.u-tokyo.ac.jp/manifest/64be7815-3d02-867c-a264-e9e5a1006011.json,64be7815-3d02-867c-a264-e9e5a1006011,https://iiif.dl.itc.u-tokyo.ac.jp/repo/s/honzosho/,https://iiif.dl.itc.u-tokyo.ac.jp/repo/s/honzosho/document/64be7815-3d02-867c-a264-e9e5a1006011,https://www.lib.u-tokyo.ac.jp/ja/library/contents/archives-top/reuse,https://iiif.dl.itc.u-tokyo.ac.jp/repo/files/medium/7e34ff99d422bf325a2d3b9ed4084eb704baad5b.jpg,https://iiif.dl.itc.u-tokyo.ac.jp/repo/api/items/683974,"東京大学駒場図書館 Komaba Library, The University of Tokyo, JAPAN",http://iiif.io/api/presentation/2#rightToLeftDirection,,駒場図書館所蔵資源科学研究所本草書コレクション,,https://iiif.dl.itc.u-tokyo.ac.jp/repo/iiif/64be7815-3d02-867c-a264-e9e5a1006011/manifest,,,,,98
本草綱目 52巻序目1巻圖3巻 (存54巻) ; 第43-44卷,"本草綱目 52巻序目1巻圖3巻 (存54巻) / (明) 李時珍編輯 ; (明) 錢蔚起較訂 ; 序目 - 圖卷中. -- [出版者不明], [寛文年間]. -- 40冊 ; 22.9×16.7cm.",A2:6,3002921066,,,,,,駒場図書館,006320,,ホンゾウ コウモク,http://tify.sub.uni-goettingen.de/demo.html?manifest=https://archdataset.dl.itc.u-tokyo.ac.jp/manifest/00bd4180-0a03-31b1-63f2-e0677a210862.json,00bd4180-0a03-31b1-63f2-e0677a210862,https://iiif.dl.itc.u-tokyo.ac.jp/repo/s/honzosho/,https://iiif.dl.itc.u-tokyo.ac.jp/repo/s/honzosho/document/00bd4180-0a03-31b1-63f2-e0677a210862,https://www.lib.u-tokyo.ac.jp/ja/library/contents/archives-top/reuse,https://iiif.dl.itc.u-tokyo.ac.jp/repo/files/medium/5a5763abd554f86688edc148ef2ccf925a191424.jpg,https://iiif.dl.itc.u-tokyo.ac.jp/repo/api/items/683973,"東京大学駒場図書館 Komaba Library, The University of Tokyo, JAPAN",http://iiif.io/api/presentation/2#rightToLeftDirection,,駒場図書館所蔵資源科学研究所本草書コレクション,,https://iiif.dl.itc.u-tokyo.ac.jp/repo/iiif/00bd4180-0a03-31b1-63f2-e0677a210862/manifest,,,,,103
本草綱目 52巻序目1巻圖3巻 (存54巻) ; 第45-47卷,"本草綱目 52巻序目1巻圖3巻 (存54巻) / (明) 李時珍編輯 ; (明) 錢蔚起較訂 ; 序目 - 圖卷中. -- [出版者不明], [寛文年間]. -- 40冊 ; 22.9×16.7cm.",A2:6,3002921074,,,,,,駒場図書館,006330,,ホンゾウ コウモク,http://tify.sub.uni-goettingen.de/demo.html?manifest=https://archdataset.dl.itc.u-tokyo.ac.jp/manifest/ba13f0b8-48ab-a1b3-00f7-49c8f47e5b94.json,ba13f0b8-48ab-a1b3-00f7-49c8f47e5b94,https://iiif.dl.itc.u-tokyo.ac.jp/repo/s/honzosho/,https://iiif.dl.itc.u-tokyo.ac.jp/repo/s/honzosho/document/ba13f0b8-48ab-a1b3-00f7-49c8f47e5b94,https://www.lib.u-tokyo.ac.jp/ja/library/contents/archives-top/reuse,https://iiif.dl.itc.u-tokyo.ac.jp/repo/files/medium/0a8d3e13d28a29ed0cd0b97b2ee1fb71937905bb.jpg,https://iiif.dl.itc.u-tokyo.ac.jp/repo/api/items/683972,"東京大学駒場図書館 Komaba Library, The University of Tokyo, JAPAN",http://iiif.io/api/presentation/2#rightToLeftDirection,,駒場図書館所蔵資源科学研究所本草書コレクション,,https://iiif.dl.itc.u-tokyo.ac.jp/repo/iiif/ba13f0b8-48ab-a1b3-00f7-49c8f47e5b94/manifest,,,,,86
本草綱目 52巻序目1巻圖3巻 (存54巻) ; 第48-49卷,"本草綱目 52巻序目1巻圖3巻 (存54巻) / (明) 李時珍編輯 ; (明) 錢蔚起較訂 ; 序目 - 圖卷中. -- [出版者不明], [寛文年間]. -- 40冊 ; 22.9×16.7cm.",A2:6,3002921082,,,,,,駒場図書館,006340,,ホンゾウ コウモク,http://tify.sub.uni-goettingen.de/demo.html?manifest=https://archdataset.dl.itc.u-tokyo.ac.jp/manifest/6192738e-6312-9642-55a0-ccf169bf088c.json,6192738e-6312-9642-55a0-ccf169bf088c,https://iiif.dl.itc.u-tokyo.ac.jp/repo/s/honzosho/,https://iiif.dl.itc.u-tokyo.ac.jp/repo/s/honzosho/document/6192738e-6312-9642-55a0-ccf169bf088c,https://www.lib.u-tokyo.ac.jp/ja/library/contents/archives-top/reuse,https://iiif.dl.itc.u-tokyo.ac.jp/repo/files/medium/a8e8468396b6005596b57ae4e8ad3e31585e419e.jpg,https://iiif.dl.itc.u-tokyo.ac.jp/repo/api/items/683971,"東京大学駒場図書館 Komaba Library, The University of Tokyo, JAPAN",http://iiif.io/api/presentation/2#rightToLeftDirection,,駒場図書館所蔵資源科学研究所本草書コレクション,,https://iiif.dl.itc.u-tokyo.ac.jp/repo/iiif/6192738e-6312-9642-55a0-ccf169bf088c/manifest,,,,,84
本草綱目 52巻序目1巻圖3巻 (存54巻) ; 第50卷上-下,"本草綱目 52巻序目1巻圖3巻 (存54巻) / (明) 李時珍編輯 ; (明) 錢蔚起較訂 ; 序目 - 圖卷中. -- [出版者不明], [寛文年間]. -- 40冊 ; 22.9×16.7cm.",A2:6,3002921090,,,,,,駒場図書館,006350,,ホンゾウ コウモク,http://tify.sub.uni-goettingen.de/demo.html?manifest=https://archdataset.dl.itc.u-tokyo.ac.jp/manifest/a8f6aa90-880d-6cfc-51f9-39d60b6f5dd0.json,a8f6aa90-880d-6cfc-51f9-39d60b6f5dd0,https://iiif.dl.itc.u-tokyo.ac.jp/repo/s/honzosho/,https://iiif.dl.itc.u-tokyo.ac.jp/repo/s/honzosho/document/a8f6aa90-880d-6cfc-51f9-39d60b6f5dd0,https://www.lib.u-tokyo.ac.jp/ja/library/contents/archives-top/reuse,https://iiif.dl.itc.u-tokyo.ac.jp/repo/files/medium/baeac8814f67c4c61fee7f4a5aaa06f36b26a064.jpg,https://iiif.dl.itc.u-tokyo.ac.jp/repo/api/items/683970,"東京大学駒場図書館 Komaba Library, The University of Tokyo, JAPAN",http://iiif.io/api/presentation/2#rightToLeftDirection,,駒場図書館所蔵資源科学研究所本草書コレクション,,https://iiif.dl.itc.u-tokyo.ac.jp/repo/iiif/a8f6aa90-880d-6cfc-51f9-39d60b6f5dd0/manifest,,,,,106
本草綱目 52巻序目1巻圖3巻 (存54巻) ; 第51卷上-下,"本草綱目 52巻序目1巻圖3巻 (存54巻) / (明) 李時珍編輯 ; (明) 錢蔚起較訂 ; 序目 - 圖卷中. -- [出版者不明], [寛文年間]. -- 40冊 ; 22.9×16.7cm.",A2:6,3002921108,,,,,,駒場図書館,006360,,ホンゾウ コウモク,http://tify.sub.uni-goettingen.de/demo.html?manifest=https://archdataset.dl.itc.u-tokyo.ac.jp/manifest/44a4fe5d-1bed-55da-0bae-c4e3c8820659.json,44a4fe5d-1bed-55da-0bae-c4e3c8820659,https://iiif.dl.itc.u-tokyo.ac.jp/repo/s/honzosho/,https://iiif.dl.itc.u-tokyo.ac.jp/repo/s/honzosho/document/44a4fe5d-1bed-55da-0bae-c4e3c8820659,https://www.lib.u-tokyo.ac.jp/ja/library/contents/archives-top/reuse,https://iiif.dl.itc.u-tokyo.ac.jp/repo/files/medium/3378536debeb29cfe8fc59ea683da8aaf765aa62.jpg,https://iiif.dl.itc.u-tokyo.ac.jp/repo/api/items/683969,"東京大学駒場図書館 Komaba Library, The University of Tokyo, JAPAN",http://iiif.io/api/presentation/2#rightToLeftDirection,,駒場図書館所蔵資源科学研究所本草書コレクション,,https://iiif.dl.itc.u-tokyo.ac.jp/repo/iiif/44a4fe5d-1bed-55da-0bae-c4e3c8820659/manifest,,,,,104
本草綱目 52巻序目1巻圖3巻 (存54巻) ; 第52卷,"本草綱目 52巻序目1巻圖3巻 (存54巻) / (明) 李時珍編輯 ; (明) 錢蔚起較訂 ; 序目 - 圖卷中. -- [出版者不明], [寛文年間]. -- 40冊 ; 22.9×16.7cm.",A2:6,3002921116,,,,,,駒場図書館,006370,,ホンゾウ コウモク,http://tify.sub.uni-goettingen.de/demo.html?manifest=https://archdataset.dl.itc.u-tokyo.ac.jp/manifest/51a92c5c-8d11-5440-a6a9-967bfdea0d90.json,51a92c5c-8d11-5440-a6a9-967bfdea0d90,https://iiif.dl.itc.u-tokyo.ac.jp/repo/s/honzosho/,https://iiif.dl.itc.u-tokyo.ac.jp/repo/s/honzosho/document/51a92c5c-8d11-5440-a6a9-967bfdea0d90,https://www.lib.u-tokyo.ac.jp/ja/library/contents/archives-top/reuse,https://iiif.dl.itc.u-tokyo.ac.jp/repo/files/medium/41ef20add5e7701ba372925ff1712489e5589788.jpg,https://iiif.dl.itc.u-tokyo.ac.jp/repo/api/items/683968,"東京大学駒場図書館 Komaba Library, The University of Tokyo, JAPAN",http://iiif.io/api/presentation/2#rightToLeftDirection,,駒場図書館所蔵資源科学研究所本草書コレクション,,https://iiif.dl.itc.u-tokyo.ac.jp/repo/iiif/51a92c5c-8d11-5440-a6a9-967bfdea0d90/manifest,,,,,52
本草綱目 52巻序目1巻圖3巻 (存54巻) ; 圖卷上,"本草綱目 52巻序目1巻圖3巻 (存54巻) / (明) 李時珍編輯 ; (明) 錢蔚起較訂 ; 序目 - 圖卷中. -- [出版者不明], [寛文年間]. -- 40冊 ; 22.9×16.7cm.",A2:6,3002921124,,,,,,駒場図書館,006380,,ホンゾウ コウモク,http://tify.sub.uni-goettingen.de/demo.html?manifest=https://archdataset.dl.itc.u-tokyo.ac.jp/manifest/83db7a15-1cd0-655e-207d-bd6561851663.json,83db7a15-1cd0-655e-207d-bd6561851663,https://iiif.dl.itc.u-tokyo.ac.jp/repo/s/honzosho/,https://iiif.dl.itc.u-tokyo.ac.jp/repo/s/honzosho/document/83db7a15-1cd0-655e-207d-bd6561851663,https://www.lib.u-tokyo.ac.jp/ja/library/contents/archives-top/reuse,https://iiif.dl.itc.u-tokyo.ac.jp/repo/files/medium/822f5bc0085707263abedee89fb78ad3d9886e1a.jpg,https://iiif.dl.itc.u-tokyo.ac.jp/repo/api/items/683967,"東京大学駒場図書館 Komaba Library, The University of Tokyo, JAPAN",http://iiif.io/api/presentation/2#rightToLeftDirection,,駒場図書館所蔵資源科学研究所本草書コレクション,,https://iiif.dl.itc.u-tokyo.ac.jp/repo/iiif/83db7a15-1cd0-655e-207d-bd6561851663/manifest,,,,,55
本草綱目 52巻序目1巻圖3巻 (存54巻) ; 圖卷中,"本草綱目 52巻序目1巻圖3巻 (存54巻) / (明) 李時珍編輯 ; (明) 錢蔚起較訂 ; 序目 - 圖卷中. -- [出版者不明], [寛文年間]. -- 40冊 ; 22.9×16.7cm.",A2:6,3002921132,,,,,,駒場図書館,006390,,ホンゾウ コウモク,http://tify.sub.uni-goettingen.de/demo.html?manifest=https://archdataset.dl.itc.u-tokyo.ac.jp/manifest/49694393-a4ae-446f-1914-eb11d747485b.json,49694393-a4ae-446f-1914-eb11d747485b,https://iiif.dl.itc.u-tokyo.ac.jp/repo/s/honzosho/,https://iiif.dl.itc.u-tokyo.ac.jp/repo/s/honzosho/document/49694393-a4ae-446f-1914-eb11d747485b,https://www.lib.u-tokyo.ac.jp/ja/library/contents/archives-top/reuse,https://iiif.dl.itc.u-tokyo.ac.jp/repo/files/medium/6d830f6ea1fed661646cc0f231614f1168dde494.jpg,https://iiif.dl.itc.u-tokyo.ac.jp/repo/api/items/683966,"東京大学駒場図書館 Komaba Library, The University of Tokyo, JAPAN",http://iiif.io/api/presentation/2#rightToLeftDirection,,駒場図書館所蔵資源科学研究所本草書コレクション,,https://iiif.dl.itc.u-tokyo.ac.jp/repo/iiif/49694393-a4ae-446f-1914-eb11d747485b/manifest,,,,,57
重訂本草綱目啓蒙 48巻 ; 卷1-11,重訂本草綱目啓蒙 48巻 / 小野蘭山口授 ; 小野職孝録 ; 井口望之訂 ; 卷1-11 - 卷40-48. -- 秋田屋善助 : 河内屋新治郎 : 河内屋和助 : 秋田屋太右衞門. -- 5冊 ; 25.5×17.8cm.,A2:9,3002921504,,,,,,駒場図書館,009000,,ジュウテイ ホンゾウ コウモク ケイモウ,http://tify.sub.uni-goettingen.de/demo.html?manifest=https://archdataset.dl.itc.u-tokyo.ac.jp/manifest/126e34d1-2c6f-00cc-53fc-5e11ba95125f.json,126e34d1-2c6f-00cc-53fc-5e11ba95125f,https://iiif.dl.itc.u-tokyo.ac.jp/repo/s/honzosho/,https://iiif.dl.itc.u-tokyo.ac.jp/repo/s/honzosho/document/126e34d1-2c6f-00cc-53fc-5e11ba95125f,https://www.lib.u-tokyo.ac.jp/ja/library/contents/archives-top/reuse,https://iiif.dl.itc.u-tokyo.ac.jp/repo/files/medium/bbb8abc1d4914c00e90a8091f5323236a89154bd.jpg,https://iiif.dl.itc.u-tokyo.ac.jp/repo/api/items/683965,"東京大学駒場図書館 Komaba Library, The University of Tokyo, JAPAN",http://iiif.io/api/presentation/2#rightToLeftDirection,,駒場図書館所蔵資源科学研究所本草書コレクション,,https://iiif.dl.itc.u-tokyo.ac.jp/repo/iiif/126e34d1-2c6f-00cc-53fc-5e11ba95125f/manifest,,,,,268
重訂本草綱目啓蒙 48巻 ; 卷12-17,重訂本草綱目啓蒙 48巻 / 小野蘭山口授 ; 小野職孝録 ; 井口望之訂 ; 卷1-11 - 卷40-48. -- 秋田屋善助 : 河内屋新治郎 : 河内屋和助 : 秋田屋太右衞門. -- 5冊 ; 25.5×17.8cm.,A2:9,3002921512,,,,,,駒場図書館,009010,,ジュウテイ ホンゾウ コウモク ケイモウ,http://tify.sub.uni-goettingen.de/demo.html?manifest=https://archdataset.dl.itc.u-tokyo.ac.jp/manifest/3b594e27-0a5d-4534-62a0-18e735be81ff.json,3b594e27-0a5d-4534-62a0-18e735be81ff,https://iiif.dl.itc.u-tokyo.ac.jp/repo/s/honzosho/,https://iiif.dl.itc.u-tokyo.ac.jp/repo/s/honzosho/document/3b594e27-0a5d-4534-62a0-18e735be81ff,https://www.lib.u-tokyo.ac.jp/ja/library/contents/archives-top/reuse,https://iiif.dl.itc.u-tokyo.ac.jp/repo/files/medium/a5823eee6b74f767c9bb24a7951075fdbad8345e.jpg,https://iiif.dl.itc.u-tokyo.ac.jp/repo/api/items/683964,"東京大学駒場図書館 Komaba Library, The University of Tokyo, JAPAN",http://iiif.io/api/presentation/2#rightToLeftDirection,,駒場図書館所蔵資源科学研究所本草書コレクション,,https://iiif.dl.itc.u-tokyo.ac.jp/repo/iiif/3b594e27-0a5d-4534-62a0-18e735be81ff/manifest,,,,,180
重訂本草綱目啓蒙 48巻 ; 卷18-29,重訂本草綱目啓蒙 48巻 / 小野蘭山口授 ; 小野職孝録 ; 井口望之訂 ; 卷1-11 - 卷40-48. -- 秋田屋善助 : 河内屋新治郎 : 河内屋和助 : 秋田屋太右衞門. -- 5冊 ; 25.5×17.8cm.,A2:9,3002921520,,,,,,駒場図書館,009020,,ジュウテイ ホンゾウ コウモク ケイモウ,http://tify.sub.uni-goettingen.de/demo.html?manifest=https://archdataset.dl.itc.u-tokyo.ac.jp/manifest/a5ee187e-94b5-9c22-9caf-bbb7a3953341.json,a5ee187e-94b5-9c22-9caf-bbb7a3953341,https://iiif.dl.itc.u-tokyo.ac.jp/repo/s/honzosho/,https://iiif.dl.itc.u-tokyo.ac.jp/repo/s/honzosho/document/a5ee187e-94b5-9c22-9caf-bbb7a3953341,https://www.lib.u-tokyo.ac.jp/ja/library/contents/archives-top/reuse,https://iiif.dl.itc.u-tokyo.ac.jp/repo/files/medium/abc03389b33848e6fa23d81a4d1fdfa46d7bc66d.jpg,https://iiif.dl.itc.u-tokyo.ac.jp/repo/api/items/683963,"東京大学駒場図書館 Komaba Library, The University of Tokyo, JAPAN",http://iiif.io/api/presentation/2#rightToLeftDirection,,駒場図書館所蔵資源科学研究所本草書コレクション,,https://iiif.dl.itc.u-tokyo.ac.jp/repo/iiif/a5ee187e-94b5-9c22-9caf-bbb7a3953341/manifest,,,,,180
重訂本草綱目啓蒙 48巻 ; 卷30-39,重訂本草綱目啓蒙 48巻 / 小野蘭山口授 ; 小野職孝録 ; 井口望之訂 ; 卷1-11 - 卷40-48. -- 秋田屋善助 : 河内屋新治郎 : 河内屋和助 : 秋田屋太右衞門. -- 5冊 ; 25.5×17.8cm.,A2:9,3002921538,,,,,,駒場図書館,009030,,ジュウテイ ホンゾウ コウモク ケイモウ,http://tify.sub.uni-goettingen.de/demo.html?manifest=https://archdataset.dl.itc.u-tokyo.ac.jp/manifest/4f0f8276-011d-4b9b-0db9-094e01487cc4.json,4f0f8276-011d-4b9b-0db9-094e01487cc4,https://iiif.dl.itc.u-tokyo.ac.jp/repo/s/honzosho/,https://iiif.dl.itc.u-tokyo.ac.jp/repo/s/honzosho/document/4f0f8276-011d-4b9b-0db9-094e01487cc4,https://www.lib.u-tokyo.ac.jp/ja/library/contents/archives-top/reuse,https://iiif.dl.itc.u-tokyo.ac.jp/repo/files/medium/eeed9f3417dd4c54b88ba4f68eb49ba15484993f.jpg,https://iiif.dl.itc.u-tokyo.ac.jp/repo/api/items/683962,"東京大学駒場図書館 Komaba Library, The University of Tokyo, JAPAN",http://iiif.io/api/presentation/2#rightToLeftDirection,,駒場図書館所蔵資源科学研究所本草書コレクション,,https://iiif.dl.itc.u-tokyo.ac.jp/repo/iiif/4f0f8276-011d-4b9b-0db9-094e01487cc4/manifest,,,,,219
重訂本草綱目啓蒙 48巻 ; 卷40-48,重訂本草綱目啓蒙 48巻 / 小野蘭山口授 ; 小野職孝録 ; 井口望之訂 ; 卷1-11 - 卷40-48. -- 秋田屋善助 : 河内屋新治郎 : 河内屋和助 : 秋田屋太右衞門. -- 5冊 ; 25.5×17.8cm.,A2:9,3002921546,,,,,,駒場図書館,009040,,ジュウテイ ホンゾウ コウモク ケイモウ,http://tify.sub.uni-goettingen.de/demo.html?manifest=https://archdataset.dl.itc.u-tokyo.ac.jp/manifest/f681a247-67a8-5dd3-9da8-c23e4d888244.json,f681a247-67a8-5dd3-9da8-c23e4d888244,https://iiif.dl.itc.u-tokyo.ac.jp/repo/s/honzosho/,https://iiif.dl.itc.u-tokyo.ac.jp/repo/s/honzosho/document/f681a247-67a8-5dd3-9da8-c23e4d888244,https://www.lib.u-tokyo.ac.jp/ja/library/contents/archives-top/reuse,https://iiif.dl.itc.u-tokyo.ac.jp/repo/files/medium/93b6a4331787fab3b0749d7f4bce9e559679d61f.jpg,https://iiif.dl.itc.u-tokyo.ac.jp/repo/api/items/683961,"東京大学駒場図書館 Komaba Library, The University of Tokyo, JAPAN",http://iiif.io/api/presentation/2#rightToLeftDirection,,駒場図書館所蔵資源科学研究所本草書コレクション,,https://iiif.dl.itc.u-tokyo.ac.jp/repo/iiif/f681a247-67a8-5dd3-9da8-c23e4d888244/manifest,,,,,242
新脩本草玉石等部中品卷第四,"新脩本草玉石等部中品卷第四 / (唐) 李勣等奉勅脩. -- [書写者不明], [明治年間]. -- 1軸 ; 26.2cm. d.",A3:23,3002922361,,,,,,駒場図書館,023000,,シンシュウ ホンゾウ ギョクセキ トウ ブ チュウボン カン ダイ4,http://tify.sub.uni-goettingen.de/demo.html?manifest=https://archdataset.dl.itc.u-tokyo.ac.jp/manifest/9c15e661-247d-43d4-41aa-aa2b16e313e2.json,9c15e661-247d-43d4-41aa-aa2b16e313e2,https://iiif.dl.itc.u-tokyo.ac.jp/repo/s/honzosho/,https://iiif.dl.itc.u-tokyo.ac.jp/repo/s/honzosho/document/9c15e661-247d-43d4-41aa-aa2b16e313e2,https://www.lib.u-tokyo.ac.jp/ja/library/contents/archives-top/reuse,https://iiif.dl.itc.u-tokyo.ac.jp/repo/files/medium/ad72a2dd5fd35789ca687fadf6dc842cb30c831a.jpg,https://iiif.dl.itc.u-tokyo.ac.jp/repo/api/items/683960,"東京大学駒場図書館 Komaba Library, The University of Tokyo, JAPAN",http://iiif.io/api/presentation/2#rightToLeftDirection,,駒場図書館所蔵資源科学研究所本草書コレクション,,https://iiif.dl.itc.u-tokyo.ac.jp/repo/iiif/9c15e661-247d-43d4-41aa-aa2b16e313e2/manifest,,,,,15
重修政和經史證類備用本草,"重修政和經史證類備用本草 / (宋) 唐慎微續證類 ; (宋) 曹孝忠奉敕校勘. -- [出版者不明], 元和6 [1620]. -- 1冊 ; 27.4×19.0cm.",B1:24,3002922379,,,,,,駒場図書館,024000,,ジュウシュウ セイワ ケイシ ショウルイ ビヨウ ホンゾウ,http://tify.sub.uni-goettingen.de/demo.html?manifest=https://archdataset.dl.itc.u-tokyo.ac.jp/manifest/7066cbce-44d3-2d40-7926-aea12cdc7102.json,7066cbce-44d3-2d40-7926-aea12cdc7102,https://iiif.dl.itc.u-tokyo.ac.jp/repo/s/honzosho/,https://iiif.dl.itc.u-tokyo.ac.jp/repo/s/honzosho/document/7066cbce-44d3-2d40-7926-aea12cdc7102,https://www.lib.u-tokyo.ac.jp/ja/library/contents/archives-top/reuse,https://iiif.dl.itc.u-tokyo.ac.jp/repo/files/medium/e3198e66f6d526a3a60e0820185a51115445981b.jpg,https://iiif.dl.itc.u-tokyo.ac.jp/repo/api/items/683959,"東京大学駒場図書館 Komaba Library, The University of Tokyo, JAPAN",http://iiif.io/api/presentation/2#rightToLeftDirection,,駒場図書館所蔵資源科学研究所本草書コレクション,,https://iiif.dl.itc.u-tokyo.ac.jp/repo/iiif/7066cbce-44d3-2d40-7926-aea12cdc7102/manifest,,,,,75
本草述 32巻 ; 卷之1-4,"本草述 32巻 / (清) 劉若金著 ; (清) 劉湜校訂 ; 卷之1-4 - 卷之30-32. -- [出版者不明], 康熙39 [1700] 序. -- 16冊 ; 25.9×17.1cm.",B1:29,3002922577,,,,,,駒場図書館,029000,,ホンゾウジュツ,http://tify.sub.uni-goettingen.de/demo.html?manifest=https://archdataset.dl.itc.u-tokyo.ac.jp/manifest/c6e1e094-375a-1ac0-4a5f-b981098803c4.json,c6e1e094-375a-1ac0-4a5f-b981098803c4,https://iiif.dl.itc.u-tokyo.ac.jp/repo/s/honzosho/,https://iiif.dl.itc.u-tokyo.ac.jp/repo/s/honzosho/document/c6e1e094-375a-1ac0-4a5f-b981098803c4,https://www.lib.u-tokyo.ac.jp/ja/library/contents/archives-top/reuse,https://iiif.dl.itc.u-tokyo.ac.jp/repo/files/medium/fbc0718aec2009dfa7c3d765f11bad351e6af25e.jpg,https://iiif.dl.itc.u-tokyo.ac.jp/repo/api/items/683958,"東京大学駒場図書館 Komaba Library, The University of Tokyo, JAPAN",http://iiif.io/api/presentation/2#rightToLeftDirection,,駒場図書館所蔵資源科学研究所本草書コレクション,,https://iiif.dl.itc.u-tokyo.ac.jp/repo/iiif/c6e1e094-375a-1ac0-4a5f-b981098803c4/manifest,,,,,116
本草述 32巻 ; 卷之5-6,"本草述 32巻 / (清) 劉若金著 ; (清) 劉湜校訂 ; 卷之1-4 - 卷之30-32. -- [出版者不明], 康熙39 [1700] 序. -- 16冊 ; 25.9×17.1cm.",B1:29,3002922585,,,,,,駒場図書館,029010,,ホンゾウジュツ,http://tify.sub.uni-goettingen.de/demo.html?manifest=https://archdataset.dl.itc.u-tokyo.ac.jp/manifest/9c437f78-1238-0c03-3382-f20962dc4ae3.json,9c437f78-1238-0c03-3382-f20962dc4ae3,https://iiif.dl.itc.u-tokyo.ac.jp/repo/s/honzosho/,https://iiif.dl.itc.u-tokyo.ac.jp/repo/s/honzosho/document/9c437f78-1238-0c03-3382-f20962dc4ae3,https://www.lib.u-tokyo.ac.jp/ja/library/contents/archives-top/reuse,https://iiif.dl.itc.u-tokyo.ac.jp/repo/files/medium/e7c44c2d7c966290f1fd53410a8ad971a50f5a8f.jpg,https://iiif.dl.itc.u-tokyo.ac.jp/repo/api/items/683957,"東京大学駒場図書館 Komaba Library, The University of Tokyo, JAPAN",http://iiif.io/api/presentation/2#rightToLeftDirection,,駒場図書館所蔵資源科学研究所本草書コレクション,,https://iiif.dl.itc.u-tokyo.ac.jp/repo/iiif/9c437f78-1238-0c03-3382-f20962dc4ae3/manifest,,,,,156
本草述 32巻 ; 卷之7上,"本草述 32巻 / (清) 劉若金著 ; (清) 劉湜校訂 ; 卷之1-4 - 卷之30-32. -- [出版者不明], 康熙39 [1700] 序. -- 16冊 ; 25.9×17.1cm.",B1:29,3002922593,,,,,,駒場図書館,029020,,ホンゾウジュツ,http://tify.sub.uni-goettingen.de/demo.html?manifest=https://archdataset.dl.itc.u-tokyo.ac.jp/manifest/473df9d6-7ae5-388f-6493-39641ca25f76.json,473df9d6-7ae5-388f-6493-39641ca25f76,https://iiif.dl.itc.u-tokyo.ac.jp/repo/s/honzosho/,https://iiif.dl.itc.u-tokyo.ac.jp/repo/s/honzosho/document/473df9d6-7ae5-388f-6493-39641ca25f76,https://www.lib.u-tokyo.ac.jp/ja/library/contents/archives-top/reuse,https://iiif.dl.itc.u-tokyo.ac.jp/repo/files/medium/856f14b0f2d46896badec0571ca6e6c98f057acd.jpg,https://iiif.dl.itc.u-tokyo.ac.jp/repo/api/items/683956,"東京大学駒場図書館 Komaba Library, The University of Tokyo, JAPAN",http://iiif.io/api/presentation/2#rightToLeftDirection,,駒場図書館所蔵資源科学研究所本草書コレクション,,https://iiif.dl.itc.u-tokyo.ac.jp/repo/iiif/473df9d6-7ae5-388f-6493-39641ca25f76/manifest,,,,,120
本草述 32巻 ; 卷之7下,"本草述 32巻 / (清) 劉若金著 ; (清) 劉湜校訂 ; 卷之1-4 - 卷之30-32. -- [出版者不明], 康熙39 [1700] 序. -- 16冊 ; 25.9×17.1cm.",B1:29,3002922601,,,,,,駒場図書館,029030,,ホンゾウジュツ,http://tify.sub.uni-goettingen.de/demo.html?manifest=https://archdataset.dl.itc.u-tokyo.ac.jp/manifest/cdf21275-3ac4-2293-6e10-aee229804fed.json,cdf21275-3ac4-2293-6e10-aee229804fed,https://iiif.dl.itc.u-tokyo.ac.jp/repo/s/honzosho/,https://iiif.dl.itc.u-tokyo.ac.jp/repo/s/honzosho/document/cdf21275-3ac4-2293-6e10-aee229804fed,https://www.lib.u-tokyo.ac.jp/ja/library/contents/archives-top/reuse,https://iiif.dl.itc.u-tokyo.ac.jp/repo/files/medium/3c7ec48d20e07e7f1f77270a269b11f3ce8d340c.jpg,https://iiif.dl.itc.u-tokyo.ac.jp/repo/api/items/683955,"東京大学駒場図書館 Komaba Library, The University of Tokyo, JAPAN",http://iiif.io/api/presentation/2#rightToLeftDirection,,駒場図書館所蔵資源科学研究所本草書コレクション,,https://iiif.dl.itc.u-tokyo.ac.jp/repo/iiif/cdf21275-3ac4-2293-6e10-aee229804fed/manifest,,,,,114
本草述 32巻 ; 卷之8上,"本草述 32巻 / (清) 劉若金著 ; (清) 劉湜校訂 ; 卷之1-4 - 卷之30-32. -- [出版者不明], 康熙39 [1700] 序. -- 16冊 ; 25.9×17.1cm.",B1:29,3002922619,,,,,,駒場図書館,029040,,ホンゾウジュツ,http://tify.sub.uni-goettingen.de/demo.html?manifest=https://archdataset.dl.itc.u-tokyo.ac.jp/manifest/65ad6744-7b7b-2f13-97b0-828b2e389d09.json,65ad6744-7b7b-2f13-97b0-828b2e389d09,https://iiif.dl.itc.u-tokyo.ac.jp/repo/s/honzosho/,https://iiif.dl.itc.u-tokyo.ac.jp/repo/s/honzosho/document/65ad6744-7b7b-2f13-97b0-828b2e389d09,https://www.lib.u-tokyo.ac.jp/ja/library/contents/archives-top/reuse,https://iiif.dl.itc.u-tokyo.ac.jp/repo/files/medium/a9c9b4af920ba18a0adcd6c0caebaeaa39738e24.jpg,https://iiif.dl.itc.u-tokyo.ac.jp/repo/api/items/683954,"東京大学駒場図書館 Komaba Library, The University of Tokyo, JAPAN",http://iiif.io/api/presentation/2#rightToLeftDirection,,駒場図書館所蔵資源科学研究所本草書コレクション,,https://iiif.dl.itc.u-tokyo.ac.jp/repo/iiif/65ad6744-7b7b-2f13-97b0-828b2e389d09/manifest,,,,,77
本草述 32巻 ; 卷之8下,"本草述 32巻 / (清) 劉若金著 ; (清) 劉湜校訂 ; 卷之1-4 - 卷之30-32. -- [出版者不明], 康熙39 [1700] 序. -- 16冊 ; 25.9×17.1cm.",B1:29,3002922627,,,,,,駒場図書館,029050,,ホンゾウジュツ,http://tify.sub.uni-goettingen.de/demo.html?manifest=https://archdataset.dl.itc.u-tokyo.ac.jp/manifest/7694850d-0279-6fc9-3333-286faefb35aa.json,7694850d-0279-6fc9-3333-286faefb35aa,https://iiif.dl.itc.u-tokyo.ac.jp/repo/s/honzosho/,https://iiif.dl.itc.u-tokyo.ac.jp/repo/s/honzosho/document/7694850d-0279-6fc9-3333-286faefb35aa,https://www.lib.u-tokyo.ac.jp/ja/library/contents/archives-top/reuse,https://iiif.dl.itc.u-tokyo.ac.jp/repo/files/medium/094d6cdd101e0b0802678b59a29e60a02fbe5ee0.jpg,https://iiif.dl.itc.u-tokyo.ac.jp/repo/api/items/683953,"東京大学駒場図書館 Komaba Library, The University of Tokyo, JAPAN",http://iiif.io/api/presentation/2#rightToLeftDirection,,駒場図書館所蔵資源科学研究所本草書コレクション,,https://iiif.dl.itc.u-tokyo.ac.jp/repo/iiif/7694850d-0279-6fc9-3333-286faefb35aa/manifest,,,,,78
本草述 32巻 ; 卷之9上,"本草述 32巻 / (清) 劉若金著 ; (清) 劉湜校訂 ; 卷之1-4 - 卷之30-32. -- [出版者不明], 康熙39 [1700] 序. -- 16冊 ; 25.9×17.1cm.",B1:29,3002922635,,,,,,駒場図書館,029060,,ホンゾウジュツ,http://tify.sub.uni-goettingen.de/demo.html?manifest=https://archdataset.dl.itc.u-tokyo.ac.jp/manifest/251eaf0b-5033-24c3-0576-0495a0ac2924.json,251eaf0b-5033-24c3-0576-0495a0ac2924,https://iiif.dl.itc.u-tokyo.ac.jp/repo/s/honzosho/,https://iiif.dl.itc.u-tokyo.ac.jp/repo/s/honzosho/document/251eaf0b-5033-24c3-0576-0495a0ac2924,https://www.lib.u-tokyo.ac.jp/ja/library/contents/archives-top/reuse,https://iiif.dl.itc.u-tokyo.ac.jp/repo/files/medium/cf4d53c01c2200f599833c11b7ea517fcb85c577.jpg,https://iiif.dl.itc.u-tokyo.ac.jp/repo/api/items/683952,"東京大学駒場図書館 Komaba Library, The University of Tokyo, JAPAN",http://iiif.io/api/presentation/2#rightToLeftDirection,,駒場図書館所蔵資源科学研究所本草書コレクション,,https://iiif.dl.itc.u-tokyo.ac.jp/repo/iiif/251eaf0b-5033-24c3-0576-0495a0ac2924/manifest,,,,,88
本草述 32巻 ; 卷之9下,"本草述 32巻 / (清) 劉若金著 ; (清) 劉湜校訂 ; 卷之1-4 - 卷之30-32. -- [出版者不明], 康熙39 [1700] 序. -- 16冊 ; 25.9×17.1cm.",B1:29,3002922643,,,,,,駒場図書館,029070,,ホンゾウジュツ,http://tify.sub.uni-goettingen.de/demo.html?manifest=https://archdataset.dl.itc.u-tokyo.ac.jp/manifest/224570e4-36bb-6016-3920-b1c74b3d94db.json,224570e4-36bb-6016-3920-b1c74b3d94db,https://iiif.dl.itc.u-tokyo.ac.jp/repo/s/honzosho/,https://iiif.dl.itc.u-tokyo.ac.jp/repo/s/honzosho/document/224570e4-36bb-6016-3920-b1c74b3d94db,https://www.lib.u-tokyo.ac.jp/ja/library/contents/archives-top/reuse,https://iiif.dl.itc.u-tokyo.ac.jp/repo/files/medium/9cc290381315a6959a13dd6c4933606799db4a76.jpg,https://iiif.dl.itc.u-tokyo.ac.jp/repo/api/items/683951,"東京大学駒場図書館 Komaba Library, The University of Tokyo, JAPAN",http://iiif.io/api/presentation/2#rightToLeftDirection,,駒場図書館所蔵資源科学研究所本草書コレクション,,https://iiif.dl.itc.u-tokyo.ac.jp/repo/iiif/224570e4-36bb-6016-3920-b1c74b3d94db/manifest,,,,,107
本草述 32巻 ; 卷之10,"本草述 32巻 / (清) 劉若金著 ; (清) 劉湜校訂 ; 卷之1-4 - 卷之30-32. -- [出版者不明], 康熙39 [1700] 序. -- 16冊 ; 25.9×17.1cm.",B1:29,3002922650,,,,,,駒場図書館,029080,,ホンゾウジュツ,http://tify.sub.uni-goettingen.de/demo.html?manifest=https://archdataset.dl.itc.u-tokyo.ac.jp/manifest/ea491f26-6116-68c5-a62d-f43a88d91568.json,ea491f26-6116-68c5-a62d-f43a88d91568,https://iiif.dl.itc.u-tokyo.ac.jp/repo/s/honzosho/,https://iiif.dl.itc.u-tokyo.ac.jp/repo/s/honzosho/document/ea491f26-6116-68c5-a62d-f43a88d91568,https://www.lib.u-tokyo.ac.jp/ja/library/contents/archives-top/reuse,https://iiif.dl.itc.u-tokyo.ac.jp/repo/files/medium/b71293d3d4e4fb5057a672e4d564cdb19bf1a941.jpg,https://iiif.dl.itc.u-tokyo.ac.jp/repo/api/items/683950,"東京大学駒場図書館 Komaba Library, The University of Tokyo, JAPAN",http://iiif.io/api/presentation/2#rightToLeftDirection,,駒場図書館所蔵資源科学研究所本草書コレクション,,https://iiif.dl.itc.u-tokyo.ac.jp/repo/iiif/ea491f26-6116-68c5-a62d-f43a88d91568/manifest,,,,,90
本草述 32巻 ; 卷之11-13,"本草述 32巻 / (清) 劉若金著 ; (清) 劉湜校訂 ; 卷之1-4 - 卷之30-32. -- [出版者不明], 康熙39 [1700] 序. -- 16冊 ; 25.9×17.1cm.",B1:29,3002922668,,,,,,駒場図書館,029090,,ホンゾウジュツ,http://tify.sub.uni-goettingen.de/demo.html?manifest=https://archdataset.dl.itc.u-tokyo.ac.jp/manifest/9f4a7699-a703-2f76-272d-d092bb4266fa.json,9f4a7699-a703-2f76-272d-d092bb4266fa,https://iiif.dl.itc.u-tokyo.ac.jp/repo/s/honzosho/,https://iiif.dl.itc.u-tokyo.ac.jp/repo/s/honzosho/document/9f4a7699-a703-2f76-272d-d092bb4266fa,https://www.lib.u-tokyo.ac.jp/ja/library/contents/archives-top/reuse,https://iiif.dl.itc.u-tokyo.ac.jp/repo/files/medium/5df2e44ffec57b8b3d7c0ba9955509ad8aad665a.jpg,https://iiif.dl.itc.u-tokyo.ac.jp/repo/api/items/683949,"東京大学駒場図書館 Komaba Library, The University of Tokyo, JAPAN",http://iiif.io/api/presentation/2#rightToLeftDirection,,駒場図書館所蔵資源科学研究所本草書コレクション,,https://iiif.dl.itc.u-tokyo.ac.jp/repo/iiif/9f4a7699-a703-2f76-272d-d092bb4266fa/manifest,,,,,150
本草述 32巻 ; 卷之14-15,"本草述 32巻 / (清) 劉若金著 ; (清) 劉湜校訂 ; 卷之1-4 - 卷之30-32. -- [出版者不明], 康熙39 [1700] 序. -- 16冊 ; 25.9×17.1cm.",B1:29,3002922676,,,,,,駒場図書館,029100,,ホンゾウジュツ,http://tify.sub.uni-goettingen.de/demo.html?manifest=https://archdataset.dl.itc.u-tokyo.ac.jp/manifest/d943048e-1edf-a048-9d9b-f99bcf498d35.json,d943048e-1edf-a048-9d9b-f99bcf498d35,https://iiif.dl.itc.u-tokyo.ac.jp/repo/s/honzosho/,https://iiif.dl.itc.u-tokyo.ac.jp/repo/s/honzosho/document/d943048e-1edf-a048-9d9b-f99bcf498d35,https://www.lib.u-tokyo.ac.jp/ja/library/contents/archives-top/reuse,https://iiif.dl.itc.u-tokyo.ac.jp/repo/files/medium/83237c3c8cdf00bbec96d2cbe397216605e17753.jpg,https://iiif.dl.itc.u-tokyo.ac.jp/repo/api/items/683948,"東京大学駒場図書館 Komaba Library, The University of Tokyo, JAPAN",http://iiif.io/api/presentation/2#rightToLeftDirection,,駒場図書館所蔵資源科学研究所本草書コレクション,,https://iiif.dl.itc.u-tokyo.ac.jp/repo/iiif/d943048e-1edf-a048-9d9b-f99bcf498d35/manifest,,,,,134
本草述 32巻 ; 卷之16-21,"本草述 32巻 / (清) 劉若金著 ; (清) 劉湜校訂 ; 卷之1-4 - 卷之30-32. -- [出版者不明], 康熙39 [1700] 序. -- 16冊 ; 25.9×17.1cm.",B1:29,3002922684,,,,,,駒場図書館,029110,,ホンゾウジュツ,http://tify.sub.uni-goettingen.de/demo.html?manifest=https://archdataset.dl.itc.u-tokyo.ac.jp/manifest/d1f82fee-2b92-538a-679e-d3fff49723b5.json,d1f82fee-2b92-538a-679e-d3fff49723b5,https://iiif.dl.itc.u-tokyo.ac.jp/repo/s/honzosho/,https://iiif.dl.itc.u-tokyo.ac.jp/repo/s/honzosho/document/d1f82fee-2b92-538a-679e-d3fff49723b5,https://www.lib.u-tokyo.ac.jp/ja/library/contents/archives-top/reuse,https://iiif.dl.itc.u-tokyo.ac.jp/repo/files/medium/6e81ceb281aedc18fe31404f3e31c1c6c75c9aa1.jpg,https://iiif.dl.itc.u-tokyo.ac.jp/repo/api/items/683947,"東京大学駒場図書館 Komaba Library, The University of Tokyo, JAPAN",http://iiif.io/api/presentation/2#rightToLeftDirection,,駒場図書館所蔵資源科学研究所本草書コレクション,,https://iiif.dl.itc.u-tokyo.ac.jp/repo/iiif/d1f82fee-2b92-538a-679e-d3fff49723b5/manifest,,,,,126
本草述 32巻 ; 卷之22-23,"本草述 32巻 / (清) 劉若金著 ; (清) 劉湜校訂 ; 卷之1-4 - 卷之30-32. -- [出版者不明], 康熙39 [1700] 序. -- 16冊 ; 25.9×17.1cm.",B1:29,3002922692,,,,,,駒場図書館,029120,,ホンゾウジュツ,http://tify.sub.uni-goettingen.de/demo.html?manifest=https://archdataset.dl.itc.u-tokyo.ac.jp/manifest/b1ef0d95-1df1-9167-3eb4-ee625d7d6a01.json,b1ef0d95-1df1-9167-3eb4-ee625d7d6a01,https://iiif.dl.itc.u-tokyo.ac.jp/repo/s/honzosho/,https://iiif.dl.itc.u-tokyo.ac.jp/repo/s/honzosho/document/b1ef0d95-1df1-9167-3eb4-ee625d7d6a01,https://www.lib.u-tokyo.ac.jp/ja/library/contents/archives-top/reuse,https://iiif.dl.itc.u-tokyo.ac.jp/repo/files/medium/9120016272575b52831c8c83bcf13d7b7ae2c27d.jpg,https://iiif.dl.itc.u-tokyo.ac.jp/repo/api/items/683946,"東京大学駒場図書館 Komaba Library, The University of Tokyo, JAPAN",http://iiif.io/api/presentation/2#rightToLeftDirection,,駒場図書館所蔵資源科学研究所本草書コレクション,,https://iiif.dl.itc.u-tokyo.ac.jp/repo/iiif/b1ef0d95-1df1-9167-3eb4-ee625d7d6a01/manifest,,,,,144
本草述 32巻 ; 卷之24-26,"本草述 32巻 / (清) 劉若金著 ; (清) 劉湜校訂 ; 卷之1-4 - 卷之30-32. -- [出版者不明], 康熙39 [1700] 序. -- 16冊 ; 25.9×17.1cm.",B1:29,3002922700,,,,,,駒場図書館,029130,,ホンゾウジュツ,http://tify.sub.uni-goettingen.de/demo.html?manifest=https://archdataset.dl.itc.u-tokyo.ac.jp/manifest/51ea912c-4cf5-1f6c-996b-1773695ca1b9.json,51ea912c-4cf5-1f6c-996b-1773695ca1b9,https://iiif.dl.itc.u-tokyo.ac.jp/repo/s/honzosho/,https://iiif.dl.itc.u-tokyo.ac.jp/repo/s/honzosho/document/51ea912c-4cf5-1f6c-996b-1773695ca1b9,https://www.lib.u-tokyo.ac.jp/ja/library/contents/archives-top/reuse,https://iiif.dl.itc.u-tokyo.ac.jp/repo/files/medium/e1b816cb547524038d25b8d436a8050669205cf1.jpg,https://iiif.dl.itc.u-tokyo.ac.jp/repo/api/items/683945,"東京大学駒場図書館 Komaba Library, The University of Tokyo, JAPAN",http://iiif.io/api/presentation/2#rightToLeftDirection,,駒場図書館所蔵資源科学研究所本草書コレクション,,https://iiif.dl.itc.u-tokyo.ac.jp/repo/iiif/51ea912c-4cf5-1f6c-996b-1773695ca1b9/manifest,,,,,124
本草述 32巻 ; 卷之27-29,"本草述 32巻 / (清) 劉若金著 ; (清) 劉湜校訂 ; 卷之1-4 - 卷之30-32. -- [出版者不明], 康熙39 [1700] 序. -- 16冊 ; 25.9×17.1cm.",B1:29,3002922718,,,,,,駒場図書館,029140,,ホンゾウジュツ,http://tify.sub.uni-goettingen.de/demo.html?manifest=https://archdataset.dl.itc.u-tokyo.ac.jp/manifest/562382c5-6004-974d-547f-d5299e128a06.json,562382c5-6004-974d-547f-d5299e128a06,https://iiif.dl.itc.u-tokyo.ac.jp/repo/s/honzosho/,https://iiif.dl.itc.u-tokyo.ac.jp/repo/s/honzosho/document/562382c5-6004-974d-547f-d5299e128a06,https://www.lib.u-tokyo.ac.jp/ja/library/contents/archives-top/reuse,https://iiif.dl.itc.u-tokyo.ac.jp/repo/files/medium/c2074e3057c486449614344fcd97b0f04d48b4bd.jpg,https://iiif.dl.itc.u-tokyo.ac.jp/repo/api/items/683944,"東京大学駒場図書館 Komaba Library, The University of Tokyo, JAPAN",http://iiif.io/api/presentation/2#rightToLeftDirection,,駒場図書館所蔵資源科学研究所本草書コレクション,,https://iiif.dl.itc.u-tokyo.ac.jp/repo/iiif/562382c5-6004-974d-547f-d5299e128a06/manifest,,,,,155
本草述 32巻 ; 卷之30-32,"本草述 32巻 / (清) 劉若金著 ; (清) 劉湜校訂 ; 卷之1-4 - 卷之30-32. -- [出版者不明], 康熙39 [1700] 序. -- 16冊 ; 25.9×17.1cm.",B1:29,3002922726,,,,,,駒場図書館,029150,,ホンゾウジュツ,http://tify.sub.uni-goettingen.de/demo.html?manifest=https://archdataset.dl.itc.u-tokyo.ac.jp/manifest/783144ba-1d5e-a57f-5436-1197c3f33eb0.json,783144ba-1d5e-a57f-5436-1197c3f33eb0,https://iiif.dl.itc.u-tokyo.ac.jp/repo/s/honzosho/,https://iiif.dl.itc.u-tokyo.ac.jp/repo/s/honzosho/document/783144ba-1d5e-a57f-5436-1197c3f33eb0,https://www.lib.u-tokyo.ac.jp/ja/library/contents/archives-top/reuse,https://iiif.dl.itc.u-tokyo.ac.jp/repo/files/medium/43c9fe3eae5ba6b9449284aa8974bcc663bfae6f.jpg,https://iiif.dl.itc.u-tokyo.ac.jp/repo/api/items/683943,"東京大学駒場図書館 Komaba Library, The University of Tokyo, JAPAN",http://iiif.io/api/presentation/2#rightToLeftDirection,,駒場図書館所蔵資源科学研究所本草書コレクション,,https://iiif.dl.itc.u-tokyo.ac.jp/repo/iiif/783144ba-1d5e-a57f-5436-1197c3f33eb0/manifest,,,,,155
増訂本草備要 4巻 ; 卷之1,"増訂本草備要 4巻 / (清) 汪昂著輯 ; (清) 汪桓參訂 ; (清) 鄭曾慶同訂 ; (清) 汪端, 汪惟寵, 仇澐同較 ; 卷之1 - 卷之4. -- [書業堂], 康熙33 [1694] 序. -- 4冊 ; 23.2×15.2cm.",B1:31,3002922742,,,,,,駒場図書館,031000,,ゾウテイ ホンゾウ ビヨウ,http://tify.sub.uni-goettingen.de/demo.html?manifest=https://archdataset.dl.itc.u-tokyo.ac.jp/manifest/d9ca244f-4d15-2b2f-2e36-b18869961f76.json,d9ca244f-4d15-2b2f-2e36-b18869961f76,https://iiif.dl.itc.u-tokyo.ac.jp/repo/s/honzosho/,https://iiif.dl.itc.u-tokyo.ac.jp/repo/s/honzosho/document/d9ca244f-4d15-2b2f-2e36-b18869961f76,https://www.lib.u-tokyo.ac.jp/ja/library/contents/archives-top/reuse,https://iiif.dl.itc.u-tokyo.ac.jp/repo/files/medium/efd5e177e74ea4c0c6e8918e900de6061ee3ed3a.jpg,https://iiif.dl.itc.u-tokyo.ac.jp/repo/api/items/683942,"東京大学駒場図書館 Komaba Library, The University of Tokyo, JAPAN",http://iiif.io/api/presentation/2#rightToLeftDirection,,駒場図書館所蔵資源科学研究所本草書コレクション,,https://iiif.dl.itc.u-tokyo.ac.jp/repo/iiif/d9ca244f-4d15-2b2f-2e36-b18869961f76/manifest,,,,,49
増訂本草備要 4巻 ; 卷之2,"増訂本草備要 4巻 / (清) 汪昂著輯 ; (清) 汪桓參訂 ; (清) 鄭曾慶同訂 ; (清) 汪端, 汪惟寵, 仇澐同較 ; 卷之1 - 卷之4. -- [書業堂], 康熙33 [1694] 序. -- 4冊 ; 23.2×15.2cm.",B1:31,3002922759,,,,,,駒場図書館,031010,,ゾウテイ ホンゾウ ビヨウ,http://tify.sub.uni-goettingen.de/demo.html?manifest=https://archdataset.dl.itc.u-tokyo.ac.jp/manifest/3e8229a8-a6dc-42da-8b9e-ab71dc1865d2.json,3e8229a8-a6dc-42da-8b9e-ab71dc1865d2,https://iiif.dl.itc.u-tokyo.ac.jp/repo/s/honzosho/,https://iiif.dl.itc.u-tokyo.ac.jp/repo/s/honzosho/document/3e8229a8-a6dc-42da-8b9e-ab71dc1865d2,https://www.lib.u-tokyo.ac.jp/ja/library/contents/archives-top/reuse,https://iiif.dl.itc.u-tokyo.ac.jp/repo/files/medium/e59023a0eb4ee6000b7d9f37056c9e0a90fbe2af.jpg,https://iiif.dl.itc.u-tokyo.ac.jp/repo/api/items/683941,"東京大学駒場図書館 Komaba Library, The University of Tokyo, JAPAN",http://iiif.io/api/presentation/2#rightToLeftDirection,,駒場図書館所蔵資源科学研究所本草書コレクション,,https://iiif.dl.itc.u-tokyo.ac.jp/repo/iiif/3e8229a8-a6dc-42da-8b9e-ab71dc1865d2/manifest,,,,,43
増訂本草備要 4巻 ; 卷之3,"増訂本草備要 4巻 / (清) 汪昂著輯 ; (清) 汪桓參訂 ; (清) 鄭曾慶同訂 ; (清) 汪端, 汪惟寵, 仇澐同較 ; 卷之1 - 卷之4. -- [書業堂], 康熙33 [1694] 序. -- 4冊 ; 23.2×15.2cm.",B1:31,3002922767,,,,,,駒場図書館,031020,,ゾウテイ ホンゾウ ビヨウ,http://tify.sub.uni-goettingen.de/demo.html?manifest=https://archdataset.dl.itc.u-tokyo.ac.jp/manifest/0d957e8f-3bd6-1cbd-5b13-094af9ad91f6.json,0d957e8f-3bd6-1cbd-5b13-094af9ad91f6,https://iiif.dl.itc.u-tokyo.ac.jp/repo/s/honzosho/,https://iiif.dl.itc.u-tokyo.ac.jp/repo/s/honzosho/document/0d957e8f-3bd6-1cbd-5b13-094af9ad91f6,https://www.lib.u-tokyo.ac.jp/ja/library/contents/archives-top/reuse,https://iiif.dl.itc.u-tokyo.ac.jp/repo/files/medium/eab9417b75a6e939905de5aa872e2d47ce29a6d9.jpg,https://iiif.dl.itc.u-tokyo.ac.jp/repo/api/items/683940,"東京大学駒場図書館 Komaba Library, The University of Tokyo, JAPAN",http://iiif.io/api/presentation/2#rightToLeftDirection,,駒場図書館所蔵資源科学研究所本草書コレクション,,https://iiif.dl.itc.u-tokyo.ac.jp/repo/iiif/0d957e8f-3bd6-1cbd-5b13-094af9ad91f6/manifest,,,,,38
増訂本草備要 4巻 ; 卷之4,"増訂本草備要 4巻 / (清) 汪昂著輯 ; (清) 汪桓參訂 ; (清) 鄭曾慶同訂 ; (清) 汪端, 汪惟寵, 仇澐同較 ; 卷之1 - 卷之4. -- [書業堂], 康熙33 [1694] 序. -- 4冊 ; 23.2×15.2cm.",B1:31,3002922775,,,,,,駒場図書館,031030,,ゾウテイ ホンゾウ ビヨウ,http://tify.sub.uni-goettingen.de/demo.html?manifest=https://archdataset.dl.itc.u-tokyo.ac.jp/manifest/fbe696e2-2140-62de-8dcf-ff50644a78bc.json,fbe696e2-2140-62de-8dcf-ff50644a78bc,https://iiif.dl.itc.u-tokyo.ac.jp/repo/s/honzosho/,https://iiif.dl.itc.u-tokyo.ac.jp/repo/s/honzosho/document/fbe696e2-2140-62de-8dcf-ff50644a78bc,https://www.lib.u-tokyo.ac.jp/ja/library/contents/archives-top/reuse,https://iiif.dl.itc.u-tokyo.ac.jp/repo/files/medium/50834fa93115b2a8eaedd3ac9ca9a512253d31b1.jpg,https://iiif.dl.itc.u-tokyo.ac.jp/repo/api/items/683939,"東京大学駒場図書館 Komaba Library, The University of Tokyo, JAPAN",http://iiif.io/api/presentation/2#rightToLeftDirection,,駒場図書館所蔵資源科学研究所本草書コレクション,,https://iiif.dl.itc.u-tokyo.ac.jp/repo/iiif/fbe696e2-2140-62de-8dcf-ff50644a78bc/manifest,,,,,57
増訂本草備要 2巻 ; 上卷,"増訂本草備要 2巻 / (清) 汪昂著輯 ; (清) 汪逢楫訂 ; (清) 汪端較正 ; (清) 仇澐, (清) 汪鼐較 ; 上卷, 下卷. -- 植村藤治郎. -- 2冊 ; 18.6×13.9cm.",B1:32,3002922783,,,,,,駒場図書館,032000,,ゾウテイ ホンゾウ ビヨウ,http://tify.sub.uni-goettingen.de/demo.html?manifest=https://archdataset.dl.itc.u-tokyo.ac.jp/manifest/4b640907-950d-0557-1543-9fcef14e0fde.json,4b640907-950d-0557-1543-9fcef14e0fde,https://iiif.dl.itc.u-tokyo.ac.jp/repo/s/honzosho/,https://iiif.dl.itc.u-tokyo.ac.jp/repo/s/honzosho/document/4b640907-950d-0557-1543-9fcef14e0fde,https://www.lib.u-tokyo.ac.jp/ja/library/contents/archives-top/reuse,https://iiif.dl.itc.u-tokyo.ac.jp/repo/files/medium/b985ef232dbe9883fd67a73dd0fa1b9119da5fdf.jpg,https://iiif.dl.itc.u-tokyo.ac.jp/repo/api/items/683938,"東京大学駒場図書館 Komaba Library, The University of Tokyo, JAPAN",http://iiif.io/api/presentation/2#rightToLeftDirection,,駒場図書館所蔵資源科学研究所本草書コレクション,,https://iiif.dl.itc.u-tokyo.ac.jp/repo/iiif/4b640907-950d-0557-1543-9fcef14e0fde/manifest,,,,,116
増訂本草備要 2巻 ; 下卷,"増訂本草備要 2巻 / (清) 汪昂著輯 ; (清) 汪逢楫訂 ; (清) 汪端較正 ; (清) 仇澐, (清) 汪鼐較 ; 上卷, 下卷. -- 植村藤治郎. -- 2冊 ; 18.6×13.9cm.",B1:32,3002922791,,,,,,駒場図書館,032010,,ゾウテイ ホンゾウ ビヨウ,http://tify.sub.uni-goettingen.de/demo.html?manifest=https://archdataset.dl.itc.u-tokyo.ac.jp/manifest/d211efc6-1b9f-a1cd-338f-fe74a1c42b0d.json,d211efc6-1b9f-a1cd-338f-fe74a1c42b0d,https://iiif.dl.itc.u-tokyo.ac.jp/repo/s/honzosho/,https://iiif.dl.itc.u-tokyo.ac.jp/repo/s/honzosho/document/d211efc6-1b9f-a1cd-338f-fe74a1c42b0d,https://www.lib.u-tokyo.ac.jp/ja/library/contents/archives-top/reuse,https://iiif.dl.itc.u-tokyo.ac.jp/repo/files/medium/eda0d9a53f171f63ae789344837ba96cdc751ff9.jpg,https://iiif.dl.itc.u-tokyo.ac.jp/repo/api/items/683937,"東京大学駒場図書館 Komaba Library, The University of Tokyo, JAPAN",http://iiif.io/api/presentation/2#rightToLeftDirection,,駒場図書館所蔵資源科学研究所本草書コレクション,,https://iiif.dl.itc.u-tokyo.ac.jp/repo/iiif/d211efc6-1b9f-a1cd-338f-fe74a1c42b0d/manifest,,,,,122
本草彙言 20巻 (存15巻) ; 卷之1,"本草彙言 20巻 (存15巻) / (明) 倪朱謨選集 ; (明) 倪洙龍藏稿 ; (明) 沈琯 [ほか] 校正 ; 卷之1 - 卷之18. -- [出版者不明], 順治2 [1645] 序. -- 11冊 ; 24.0×15.8cm.",B1:33,3002922809,,,,,,駒場図書館,033020,,ホンゾウ イゲン,http://tify.sub.uni-goettingen.de/demo.html?manifest=https://archdataset.dl.itc.u-tokyo.ac.jp/manifest/cc4041d7-34f1-5178-729e-9b6b70d09853.json,cc4041d7-34f1-5178-729e-9b6b70d09853,https://iiif.dl.itc.u-tokyo.ac.jp/repo/s/honzosho/,https://iiif.dl.itc.u-tokyo.ac.jp/repo/s/honzosho/document/cc4041d7-34f1-5178-729e-9b6b70d09853,https://www.lib.u-tokyo.ac.jp/ja/library/contents/archives-top/reuse,https://iiif.dl.itc.u-tokyo.ac.jp/repo/files/medium/b2efc57583d6d8c67da3e362a085363153be3ddb.jpg,https://iiif.dl.itc.u-tokyo.ac.jp/repo/api/items/683936,"東京大学駒場図書館 Komaba Library, The University of Tokyo, JAPAN",http://iiif.io/api/presentation/2#rightToLeftDirection,,駒場図書館所蔵資源科学研究所本草書コレクション,,https://iiif.dl.itc.u-tokyo.ac.jp/repo/iiif/cc4041d7-34f1-5178-729e-9b6b70d09853/manifest,,,,,118
本草彙言 20巻 (存15巻) ; 卷之2,"本草彙言 20巻 (存15巻) / (明) 倪朱謨選集 ; (明) 倪洙龍藏稿 ; (明) 沈琯 [ほか] 校正 ; 卷之1 - 卷之18. -- [出版者不明], 順治2 [1645] 序. -- 11冊 ; 24.0×15.8cm.",B1:33,3002922817,,,,,,駒場図書館,033030,,ホンゾウ イゲン,http://tify.sub.uni-goettingen.de/demo.html?manifest=https://archdataset.dl.itc.u-tokyo.ac.jp/manifest/1a7ca63b-1cdb-3ecd-75d2-a68e0cc992d7.json,1a7ca63b-1cdb-3ecd-75d2-a68e0cc992d7,https://iiif.dl.itc.u-tokyo.ac.jp/repo/s/honzosho/,https://iiif.dl.itc.u-tokyo.ac.jp/repo/s/honzosho/document/1a7ca63b-1cdb-3ecd-75d2-a68e0cc992d7,https://www.lib.u-tokyo.ac.jp/ja/library/contents/archives-top/reuse,https://iiif.dl.itc.u-tokyo.ac.jp/repo/files/medium/a620c5c001d086773bd357c905308787e2a4cd9f.jpg,https://iiif.dl.itc.u-tokyo.ac.jp/repo/api/items/683935,"東京大学駒場図書館 Komaba Library, The University of Tokyo, JAPAN",http://iiif.io/api/presentation/2#rightToLeftDirection,,駒場図書館所蔵資源科学研究所本草書コレクション,,https://iiif.dl.itc.u-tokyo.ac.jp/repo/iiif/1a7ca63b-1cdb-3ecd-75d2-a68e0cc992d7/manifest,,,,,79
本草彙言 20巻 (存15巻) ; 卷之3,"本草彙言 20巻 (存15巻) / (明) 倪朱謨選集 ; (明) 倪洙龍藏稿 ; (明) 沈琯 [ほか] 校正 ; 卷之1 - 卷之18. -- [出版者不明], 順治2 [1645] 序. -- 11冊 ; 24.0×15.8cm.",B1:33,3002922825,,,,,,駒場図書館,033040,,ホンゾウ イゲン,http://tify.sub.uni-goettingen.de/demo.html?manifest=https://archdataset.dl.itc.u-tokyo.ac.jp/manifest/ff07b206-4084-30c8-47c6-90c80ce77e29.json,ff07b206-4084-30c8-47c6-90c80ce77e29,https://iiif.dl.itc.u-tokyo.ac.jp/repo/s/honzosho/,https://iiif.dl.itc.u-tokyo.ac.jp/repo/s/honzosho/document/ff07b206-4084-30c8-47c6-90c80ce77e29,https://www.lib.u-tokyo.ac.jp/ja/library/contents/archives-top/reuse,https://iiif.dl.itc.u-tokyo.ac.jp/repo/files/medium/5aa74ce9bef9bb34e5edd670a89ddceec1a27062.jpg,https://iiif.dl.itc.u-tokyo.ac.jp/repo/api/items/683934,"東京大学駒場図書館 Komaba Library, The University of Tokyo, JAPAN",http://iiif.io/api/presentation/2#rightToLeftDirection,,駒場図書館所蔵資源科学研究所本草書コレクション,,https://iiif.dl.itc.u-tokyo.ac.jp/repo/iiif/ff07b206-4084-30c8-47c6-90c80ce77e29/manifest,,,,,62
本草彙言 20巻 (存15巻) ; 卷之4,"本草彙言 20巻 (存15巻) / (明) 倪朱謨選集 ; (明) 倪洙龍藏稿 ; (明) 沈琯 [ほか] 校正 ; 卷之1 - 卷之18. -- [出版者不明], 順治2 [1645] 序. -- 11冊 ; 24.0×15.8cm.",B1:33,3002922833,,,,,,駒場図書館,033050,,ホンゾウ イゲン,http://tify.sub.uni-goettingen.de/demo.html?manifest=https://archdataset.dl.itc.u-tokyo.ac.jp/manifest/82c502e9-5b11-9e37-102f-291d81a44684.json,82c502e9-5b11-9e37-102f-291d81a44684,https://iiif.dl.itc.u-tokyo.ac.jp/repo/s/honzosho/,https://iiif.dl.itc.u-tokyo.ac.jp/repo/s/honzosho/document/82c502e9-5b11-9e37-102f-291d81a44684,https://www.lib.u-tokyo.ac.jp/ja/library/contents/archives-top/reuse,https://iiif.dl.itc.u-tokyo.ac.jp/repo/files/medium/8f3c8d2903ad6c6d40a5582d0c7157cca310fa5e.jpg,https://iiif.dl.itc.u-tokyo.ac.jp/repo/api/items/683933,"東京大学駒場図書館 Komaba Library, The University of Tokyo, JAPAN",http://iiif.io/api/presentation/2#rightToLeftDirection,,駒場図書館所蔵資源科学研究所本草書コレクション,,https://iiif.dl.itc.u-tokyo.ac.jp/repo/iiif/82c502e9-5b11-9e37-102f-291d81a44684/manifest,,,,,56
本草彙言 20巻 (存15巻) ; 卷之7-8,"本草彙言 20巻 (存15巻) / (明) 倪朱謨選集 ; (明) 倪洙龍藏稿 ; (明) 沈琯 [ほか] 校正 ; 卷之1 - 卷之18. -- [出版者不明], 順治2 [1645] 序. -- 11冊 ; 24.0×15.8cm.",B1:33,3002922841,,,,,,駒場図書館,033060,,ホンゾウ イゲン,http://tify.sub.uni-goettingen.de/demo.html?manifest=https://archdataset.dl.itc.u-tokyo.ac.jp/manifest/80760602-72ff-1f7f-222c-acfd934396ae.json,80760602-72ff-1f7f-222c-acfd934396ae,https://iiif.dl.itc.u-tokyo.ac.jp/repo/s/honzosho/,https://iiif.dl.itc.u-tokyo.ac.jp/repo/s/honzosho/document/80760602-72ff-1f7f-222c-acfd934396ae,https://www.lib.u-tokyo.ac.jp/ja/library/contents/archives-top/reuse,https://iiif.dl.itc.u-tokyo.ac.jp/repo/files/medium/969bf80011f40dd35068091bcbe4af04bfdf5272.jpg,https://iiif.dl.itc.u-tokyo.ac.jp/repo/api/items/683932,"東京大学駒場図書館 Komaba Library, The University of Tokyo, JAPAN",http://iiif.io/api/presentation/2#rightToLeftDirection,,駒場図書館所蔵資源科学研究所本草書コレクション,,https://iiif.dl.itc.u-tokyo.ac.jp/repo/iiif/80760602-72ff-1f7f-222c-acfd934396ae/manifest,,,,,101
本草彙言 20巻 (存15巻) ; 卷之10-11,"本草彙言 20巻 (存15巻) / (明) 倪朱謨選集 ; (明) 倪洙龍藏稿 ; (明) 沈琯 [ほか] 校正 ; 卷之1 - 卷之18. -- [出版者不明], 順治2 [1645] 序. -- 11冊 ; 24.0×15.8cm.",B1:33,3002922858,,,,,,駒場図書館,033070,,ホンゾウ イゲン,http://tify.sub.uni-goettingen.de/demo.html?manifest=https://archdataset.dl.itc.u-tokyo.ac.jp/manifest/ab081dd7-a354-0906-6616-f1944531a5d4.json,ab081dd7-a354-0906-6616-f1944531a5d4,https://iiif.dl.itc.u-tokyo.ac.jp/repo/s/honzosho/,https://iiif.dl.itc.u-tokyo.ac.jp/repo/s/honzosho/document/ab081dd7-a354-0906-6616-f1944531a5d4,https://www.lib.u-tokyo.ac.jp/ja/library/contents/archives-top/reuse,https://iiif.dl.itc.u-tokyo.ac.jp/repo/files/medium/9cffe8782a923a80b6aa7033fbc8864460aa2d6e.jpg,https://iiif.dl.itc.u-tokyo.ac.jp/repo/api/items/683931,"東京大学駒場図書館 Komaba Library, The University of Tokyo, JAPAN",http://iiif.io/api/presentation/2#rightToLeftDirection,,駒場図書館所蔵資源科学研究所本草書コレクション,,https://iiif.dl.itc.u-tokyo.ac.jp/repo/iiif/ab081dd7-a354-0906-6616-f1944531a5d4/manifest,,,,,75
本草彙言 20巻 (存15巻) ; 卷之12,"本草彙言 20巻 (存15巻) / (明) 倪朱謨選集 ; (明) 倪洙龍藏稿 ; (明) 沈琯 [ほか] 校正 ; 卷之1 - 卷之18. -- [出版者不明], 順治2 [1645] 序. -- 11冊 ; 24.0×15.8cm.",B1:33,3002922866,,,,,,駒場図書館,033080,,ホンゾウ イゲン,http://tify.sub.uni-goettingen.de/demo.html?manifest=https://archdataset.dl.itc.u-tokyo.ac.jp/manifest/b576aa2f-55b5-7a4a-424c-de49a3c80cb5.json,b576aa2f-55b5-7a4a-424c-de49a3c80cb5,https://iiif.dl.itc.u-tokyo.ac.jp/repo/s/honzosho/,https://iiif.dl.itc.u-tokyo.ac.jp/repo/s/honzosho/document/b576aa2f-55b5-7a4a-424c-de49a3c80cb5,https://www.lib.u-tokyo.ac.jp/ja/library/contents/archives-top/reuse,https://iiif.dl.itc.u-tokyo.ac.jp/repo/files/medium/ec3f39291a16bda82fa5f1c30c81c20d494379da.jpg,https://iiif.dl.itc.u-tokyo.ac.jp/repo/api/items/683930,"東京大学駒場図書館 Komaba Library, The University of Tokyo, JAPAN",http://iiif.io/api/presentation/2#rightToLeftDirection,,駒場図書館所蔵資源科学研究所本草書コレクション,,https://iiif.dl.itc.u-tokyo.ac.jp/repo/iiif/b576aa2f-55b5-7a4a-424c-de49a3c80cb5/manifest,,,,,101
本草彙言 20巻 (存15巻) ; 卷之13-14,"本草彙言 20巻 (存15巻) / (明) 倪朱謨選集 ; (明) 倪洙龍藏稿 ; (明) 沈琯 [ほか] 校正 ; 卷之1 - 卷之18. -- [出版者不明], 順治2 [1645] 序. -- 11冊 ; 24.0×15.8cm.",B1:33,3002922874,,,,,,駒場図書館,033090,,ホンゾウ イゲン,http://tify.sub.uni-goettingen.de/demo.html?manifest=https://archdataset.dl.itc.u-tokyo.ac.jp/manifest/96c7c263-a75d-3e63-59d5-bdb7c7909e04.json,96c7c263-a75d-3e63-59d5-bdb7c7909e04,https://iiif.dl.itc.u-tokyo.ac.jp/repo/s/honzosho/,https://iiif.dl.itc.u-tokyo.ac.jp/repo/s/honzosho/document/96c7c263-a75d-3e63-59d5-bdb7c7909e04,https://www.lib.u-tokyo.ac.jp/ja/library/contents/archives-top/reuse,https://iiif.dl.itc.u-tokyo.ac.jp/repo/files/medium/7f78d5f440c41c3c1e15b0ac8f8cbcd9695cff33.jpg,https://iiif.dl.itc.u-tokyo.ac.jp/repo/api/items/683929,"東京大学駒場図書館 Komaba Library, The University of Tokyo, JAPAN",http://iiif.io/api/presentation/2#rightToLeftDirection,,駒場図書館所蔵資源科学研究所本草書コレクション,,https://iiif.dl.itc.u-tokyo.ac.jp/repo/iiif/96c7c263-a75d-3e63-59d5-bdb7c7909e04/manifest,,,,,73
本草彙言 20巻 (存15巻) ; 卷之15,"本草彙言 20巻 (存15巻) / (明) 倪朱謨選集 ; (明) 倪洙龍藏稿 ; (明) 沈琯 [ほか] 校正 ; 卷之1 - 卷之18. -- [出版者不明], 順治2 [1645] 序. -- 11冊 ; 24.0×15.8cm.",B1:33,3002922882,,,,,,駒場図書館,033100,,ホンゾウ イゲン,http://tify.sub.uni-goettingen.de/demo.html?manifest=https://archdataset.dl.itc.u-tokyo.ac.jp/manifest/86d46e0b-1ee0-0cb8-89e9-db0dc96644a2.json,86d46e0b-1ee0-0cb8-89e9-db0dc96644a2,https://iiif.dl.itc.u-tokyo.ac.jp/repo/s/honzosho/,https://iiif.dl.itc.u-tokyo.ac.jp/repo/s/honzosho/document/86d46e0b-1ee0-0cb8-89e9-db0dc96644a2,https://www.lib.u-tokyo.ac.jp/ja/library/contents/archives-top/reuse,https://iiif.dl.itc.u-tokyo.ac.jp/repo/files/medium/73c5724eef974d7770163a2c01859505a3e88e0b.jpg,https://iiif.dl.itc.u-tokyo.ac.jp/repo/api/items/683928,"東京大学駒場図書館 Komaba Library, The University of Tokyo, JAPAN",http://iiif.io/api/presentation/2#rightToLeftDirection,,駒場図書館所蔵資源科学研究所本草書コレクション,,https://iiif.dl.itc.u-tokyo.ac.jp/repo/iiif/86d46e0b-1ee0-0cb8-89e9-db0dc96644a2/manifest,,,,,66
本草彙言 20巻 (存15巻) ; 卷之16-17,"本草彙言 20巻 (存15巻) / (明) 倪朱謨選集 ; (明) 倪洙龍藏稿 ; (明) 沈琯 [ほか] 校正 ; 卷之1 - 卷之18. -- [出版者不明], 順治2 [1645] 序. -- 11冊 ; 24.0×15.8cm.",B1:33,3002922890,,,,,,駒場図書館,033110,,ホンゾウ イゲン,http://tify.sub.uni-goettingen.de/demo.html?manifest=https://archdataset.dl.itc.u-tokyo.ac.jp/manifest/b4acabae-3f02-364f-3f45-6c141d949d8c.json,b4acabae-3f02-364f-3f45-6c141d949d8c,https://iiif.dl.itc.u-tokyo.ac.jp/repo/s/honzosho/,https://iiif.dl.itc.u-tokyo.ac.jp/repo/s/honzosho/document/b4acabae-3f02-364f-3f45-6c141d949d8c,https://www.lib.u-tokyo.ac.jp/ja/library/contents/archives-top/reuse,https://iiif.dl.itc.u-tokyo.ac.jp/repo/files/medium/41319827dc8063c02b9c519d30c32cc737ff742a.jpg,https://iiif.dl.itc.u-tokyo.ac.jp/repo/api/items/683927,"東京大学駒場図書館 Komaba Library, The University of Tokyo, JAPAN",http://iiif.io/api/presentation/2#rightToLeftDirection,,駒場図書館所蔵資源科学研究所本草書コレクション,,https://iiif.dl.itc.u-tokyo.ac.jp/repo/iiif/b4acabae-3f02-364f-3f45-6c141d949d8c/manifest,,,,,74
本草彙言 20巻 (存15巻) ; 卷之18,"本草彙言 20巻 (存15巻) / (明) 倪朱謨選集 ; (明) 倪洙龍藏稿 ; (明) 沈琯 [ほか] 校正 ; 卷之1 - 卷之18. -- [出版者不明], 順治2 [1645] 序. -- 11冊 ; 24.0×15.8cm.",B1:33,3002922908,,,,,,駒場図書館,033120,,ホンゾウ イゲン,http://tify.sub.uni-goettingen.de/demo.html?manifest=https://archdataset.dl.itc.u-tokyo.ac.jp/manifest/6896f1f5-88ac-2a50-50fa-079bc6ce29f7.json,6896f1f5-88ac-2a50-50fa-079bc6ce29f7,https://iiif.dl.itc.u-tokyo.ac.jp/repo/s/honzosho/,https://iiif.dl.itc.u-tokyo.ac.jp/repo/s/honzosho/document/6896f1f5-88ac-2a50-50fa-079bc6ce29f7,https://www.lib.u-tokyo.ac.jp/ja/library/contents/archives-top/reuse,https://iiif.dl.itc.u-tokyo.ac.jp/repo/files/medium/409d15fbc88b69573c06084c59b0264bf4afdf8a.jpg,https://iiif.dl.itc.u-tokyo.ac.jp/repo/api/items/683926,"東京大学駒場図書館 Komaba Library, The University of Tokyo, JAPAN",http://iiif.io/api/presentation/2#rightToLeftDirection,,駒場図書館所蔵資源科学研究所本草書コレクション,,https://iiif.dl.itc.u-tokyo.ac.jp/repo/iiif/6896f1f5-88ac-2a50-50fa-079bc6ce29f7/manifest,,,,,59
本草滙 18巻圖2巻 (存18巻) ; 圖本,"本草滙 18巻圖2巻 (存18巻) / (清) 郭佩蘭纂輯 ; (清) 畹芳谷 [ほか] 叅閲 ; (清) 陳陸坤校訂 ; 圖本 - 卷18, 補遺. -- [出版者不明], [元禄年間]. -- 18冊 ; 22.1×15.9cm.",B1:34,3002922916,,,,,,駒場図書館,034000,,ホンゾウカイ,http://tify.sub.uni-goettingen.de/demo.html?manifest=https://archdataset.dl.itc.u-tokyo.ac.jp/manifest/e88c1984-2b0f-56d3-3b43-9be6ce866fc5.json,e88c1984-2b0f-56d3-3b43-9be6ce866fc5,https://iiif.dl.itc.u-tokyo.ac.jp/repo/s/honzosho/,https://iiif.dl.itc.u-tokyo.ac.jp/repo/s/honzosho/document/e88c1984-2b0f-56d3-3b43-9be6ce866fc5,https://www.lib.u-tokyo.ac.jp/ja/library/contents/archives-top/reuse,https://iiif.dl.itc.u-tokyo.ac.jp/repo/files/medium/c06a192faa2f82e7f0fda63e91ee532cca111c39.jpg,https://iiif.dl.itc.u-tokyo.ac.jp/repo/api/items/683925,"東京大学駒場図書館 Komaba Library, The University of Tokyo, JAPAN",http://iiif.io/api/presentation/2#rightToLeftDirection,,駒場図書館所蔵資源科学研究所本草書コレクション,,https://iiif.dl.itc.u-tokyo.ac.jp/repo/iiif/e88c1984-2b0f-56d3-3b43-9be6ce866fc5/manifest,,,,,84
本草滙 18巻圖2巻 (存18巻) ; 圖末,"本草滙 18巻圖2巻 (存18巻) / (清) 郭佩蘭纂輯 ; (清) 畹芳谷 [ほか] 叅閲 ; (清) 陳陸坤校訂 ; 圖本 - 卷18, 補遺. -- [出版者不明], [元禄年間]. -- 18冊 ; 22.1×15.9cm.",B1:34,3002922924,,,,,,駒場図書館,034010,,ホンゾウカイ,http://tify.sub.uni-goettingen.de/demo.html?manifest=https://archdataset.dl.itc.u-tokyo.ac.jp/manifest/1879ee65-97e7-7a9e-329d-0da7606f36ba.json,1879ee65-97e7-7a9e-329d-0da7606f36ba,https://iiif.dl.itc.u-tokyo.ac.jp/repo/s/honzosho/,https://iiif.dl.itc.u-tokyo.ac.jp/repo/s/honzosho/document/1879ee65-97e7-7a9e-329d-0da7606f36ba,https://www.lib.u-tokyo.ac.jp/ja/library/contents/archives-top/reuse,https://iiif.dl.itc.u-tokyo.ac.jp/repo/files/medium/165f18751f8dee856b40792900b53e2fc496ae21.jpg,https://iiif.dl.itc.u-tokyo.ac.jp/repo/api/items/683924,"東京大学駒場図書館 Komaba Library, The University of Tokyo, JAPAN",http://iiif.io/api/presentation/2#rightToLeftDirection,,駒場図書館所蔵資源科学研究所本草書コレクション,,https://iiif.dl.itc.u-tokyo.ac.jp/repo/iiif/1879ee65-97e7-7a9e-329d-0da7606f36ba/manifest,,,,,30
本草滙 18巻圖2巻 (存18巻) ; 卷2,"本草滙 18巻圖2巻 (存18巻) / (清) 郭佩蘭纂輯 ; (清) 畹芳谷 [ほか] 叅閲 ; (清) 陳陸坤校訂 ; 圖本 - 卷18, 補遺. -- [出版者不明], [元禄年間]. -- 18冊 ; 22.1×15.9cm.",B1:34,3002922932,,,,,,駒場図書館,034020,,ホンゾウカイ,http://tify.sub.uni-goettingen.de/demo.html?manifest=https://archdataset.dl.itc.u-tokyo.ac.jp/manifest/7f9cd98c-64a8-7706-02e3-c06e72a82610.json,7f9cd98c-64a8-7706-02e3-c06e72a82610,https://iiif.dl.itc.u-tokyo.ac.jp/repo/s/honzosho/,https://iiif.dl.itc.u-tokyo.ac.jp/repo/s/honzosho/document/7f9cd98c-64a8-7706-02e3-c06e72a82610,https://www.lib.u-tokyo.ac.jp/ja/library/contents/archives-top/reuse,https://iiif.dl.itc.u-tokyo.ac.jp/repo/files/medium/f6c321541fafe0d57ba6d93f7152c5169cb28f16.jpg,https://iiif.dl.itc.u-tokyo.ac.jp/repo/api/items/683923,"東京大学駒場図書館 Komaba Library, The University of Tokyo, JAPAN",http://iiif.io/api/presentation/2#rightToLeftDirection,,駒場図書館所蔵資源科学研究所本草書コレクション,,https://iiif.dl.itc.u-tokyo.ac.jp/repo/iiif/7f9cd98c-64a8-7706-02e3-c06e72a82610/manifest,,,,,56
本草滙 18巻圖2巻 (存18巻) ; 卷3,"本草滙 18巻圖2巻 (存18巻) / (清) 郭佩蘭纂輯 ; (清) 畹芳谷 [ほか] 叅閲 ; (清) 陳陸坤校訂 ; 圖本 - 卷18, 補遺. -- [出版者不明], [元禄年間]. -- 18冊 ; 22.1×15.9cm.",B1:34,3002922940,,,,,,駒場図書館,034030,,ホンゾウカイ,http://tify.sub.uni-goettingen.de/demo.html?manifest=https://archdataset.dl.itc.u-tokyo.ac.jp/manifest/6567cc01-4376-3a45-83a8-c87cc92b6f34.json,6567cc01-4376-3a45-83a8-c87cc92b6f34,https://iiif.dl.itc.u-tokyo.ac.jp/repo/s/honzosho/,https://iiif.dl.itc.u-tokyo.ac.jp/repo/s/honzosho/document/6567cc01-4376-3a45-83a8-c87cc92b6f34,https://www.lib.u-tokyo.ac.jp/ja/library/contents/archives-top/reuse,https://iiif.dl.itc.u-tokyo.ac.jp/repo/files/medium/34a9416b13ab0bc5d4c9f97e41ffdcefcb4cf353.jpg,https://iiif.dl.itc.u-tokyo.ac.jp/repo/api/items/683922,"東京大学駒場図書館 Komaba Library, The University of Tokyo, JAPAN",http://iiif.io/api/presentation/2#rightToLeftDirection,,駒場図書館所蔵資源科学研究所本草書コレクション,,https://iiif.dl.itc.u-tokyo.ac.jp/repo/iiif/6567cc01-4376-3a45-83a8-c87cc92b6f34/manifest,,,,,43
本草滙 18巻圖2巻 (存18巻) ; 卷4,"本草滙 18巻圖2巻 (存18巻) / (清) 郭佩蘭纂輯 ; (清) 畹芳谷 [ほか] 叅閲 ; (清) 陳陸坤校訂 ; 圖本 - 卷18, 補遺. -- [出版者不明], [元禄年間]. -- 18冊 ; 22.1×15.9cm.",B1:34,3002922957,,,,,,駒場図書館,034040,,ホンゾウカイ,http://tify.sub.uni-goettingen.de/demo.html?manifest=https://archdataset.dl.itc.u-tokyo.ac.jp/manifest/b2e818f2-9902-62a8-9a96-6aebebee355a.json,b2e818f2-9902-62a8-9a96-6aebebee355a,https://iiif.dl.itc.u-tokyo.ac.jp/repo/s/honzosho/,https://iiif.dl.itc.u-tokyo.ac.jp/repo/s/honzosho/document/b2e818f2-9902-62a8-9a96-6aebebee355a,https://www.lib.u-tokyo.ac.jp/ja/library/contents/archives-top/reuse,https://iiif.dl.itc.u-tokyo.ac.jp/repo/files/medium/273f667367dd353e4f1bf25b6d8dff32212c3b8b.jpg,https://iiif.dl.itc.u-tokyo.ac.jp/repo/api/items/683921,"東京大学駒場図書館 Komaba Library, The University of Tokyo, JAPAN",http://iiif.io/api/presentation/2#rightToLeftDirection,,駒場図書館所蔵資源科学研究所本草書コレクション,,https://iiif.dl.itc.u-tokyo.ac.jp/repo/iiif/b2e818f2-9902-62a8-9a96-6aebebee355a/manifest,,,,,73
本草滙 18巻圖2巻 (存18巻) ; 卷5,"本草滙 18巻圖2巻 (存18巻) / (清) 郭佩蘭纂輯 ; (清) 畹芳谷 [ほか] 叅閲 ; (清) 陳陸坤校訂 ; 圖本 - 卷18, 補遺. -- [出版者不明], [元禄年間]. -- 18冊 ; 22.1×15.9cm.",B1:34,3002922965,,,,,,駒場図書館,034050,,ホンゾウカイ,http://tify.sub.uni-goettingen.de/demo.html?manifest=https://archdataset.dl.itc.u-tokyo.ac.jp/manifest/c142e877-3eae-9930-8138-4dd90aba8718.json,c142e877-3eae-9930-8138-4dd90aba8718,https://iiif.dl.itc.u-tokyo.ac.jp/repo/s/honzosho/,https://iiif.dl.itc.u-tokyo.ac.jp/repo/s/honzosho/document/c142e877-3eae-9930-8138-4dd90aba8718,https://www.lib.u-tokyo.ac.jp/ja/library/contents/archives-top/reuse,https://iiif.dl.itc.u-tokyo.ac.jp/repo/files/medium/be34fb054959efbe37cbc60f5a5df3e4505a87fa.jpg,https://iiif.dl.itc.u-tokyo.ac.jp/repo/api/items/683920,"東京大学駒場図書館 Komaba Library, The University of Tokyo, JAPAN",http://iiif.io/api/presentation/2#rightToLeftDirection,,駒場図書館所蔵資源科学研究所本草書コレクション,,https://iiif.dl.itc.u-tokyo.ac.jp/repo/iiif/c142e877-3eae-9930-8138-4dd90aba8718/manifest,,,,,33
本草滙 18巻圖2巻 (存18巻) ; 卷6,"本草滙 18巻圖2巻 (存18巻) / (清) 郭佩蘭纂輯 ; (清) 畹芳谷 [ほか] 叅閲 ; (清) 陳陸坤校訂 ; 圖本 - 卷18, 補遺. -- [出版者不明], [元禄年間]. -- 18冊 ; 22.1×15.9cm.",B1:34,3002922973,,,,,,駒場図書館,034060,,ホンゾウカイ,http://tify.sub.uni-goettingen.de/demo.html?manifest=https://archdataset.dl.itc.u-tokyo.ac.jp/manifest/95a978fd-72cf-52c3-1905-bc336fac8d0a.json,95a978fd-72cf-52c3-1905-bc336fac8d0a,https://iiif.dl.itc.u-tokyo.ac.jp/repo/s/honzosho/,https://iiif.dl.itc.u-tokyo.ac.jp/repo/s/honzosho/document/95a978fd-72cf-52c3-1905-bc336fac8d0a,https://www.lib.u-tokyo.ac.jp/ja/library/contents/archives-top/reuse,https://iiif.dl.itc.u-tokyo.ac.jp/repo/files/medium/eb609613c347db69f1ecac2f488fd17f1fd629d0.jpg,https://iiif.dl.itc.u-tokyo.ac.jp/repo/api/items/683919,"東京大学駒場図書館 Komaba Library, The University of Tokyo, JAPAN",http://iiif.io/api/presentation/2#rightToLeftDirection,,駒場図書館所蔵資源科学研究所本草書コレクション,,https://iiif.dl.itc.u-tokyo.ac.jp/repo/iiif/95a978fd-72cf-52c3-1905-bc336fac8d0a/manifest,,,,,45
本草滙 18巻圖2巻 (存18巻) ; 卷7,"本草滙 18巻圖2巻 (存18巻) / (清) 郭佩蘭纂輯 ; (清) 畹芳谷 [ほか] 叅閲 ; (清) 陳陸坤校訂 ; 圖本 - 卷18, 補遺. -- [出版者不明], [元禄年間]. -- 18冊 ; 22.1×15.9cm.",B1:34,3002922981,,,,,,駒場図書館,034070,,ホンゾウカイ,http://tify.sub.uni-goettingen.de/demo.html?manifest=https://archdataset.dl.itc.u-tokyo.ac.jp/manifest/61e5a80c-0306-79d3-8548-4f40c26767c7.json,61e5a80c-0306-79d3-8548-4f40c26767c7,https://iiif.dl.itc.u-tokyo.ac.jp/repo/s/honzosho/,https://iiif.dl.itc.u-tokyo.ac.jp/repo/s/honzosho/document/61e5a80c-0306-79d3-8548-4f40c26767c7,https://www.lib.u-tokyo.ac.jp/ja/library/contents/archives-top/reuse,https://iiif.dl.itc.u-tokyo.ac.jp/repo/files/medium/f1ab6ccc8abfa692993a6dff1d128045da420c12.jpg,https://iiif.dl.itc.u-tokyo.ac.jp/repo/api/items/683918,"東京大学駒場図書館 Komaba Library, The University of Tokyo, JAPAN",http://iiif.io/api/presentation/2#rightToLeftDirection,,駒場図書館所蔵資源科学研究所本草書コレクション,,https://iiif.dl.itc.u-tokyo.ac.jp/repo/iiif/61e5a80c-0306-79d3-8548-4f40c26767c7/manifest,,,,,46
本草滙 18巻圖2巻 (存18巻) ; 卷8,"本草滙 18巻圖2巻 (存18巻) / (清) 郭佩蘭纂輯 ; (清) 畹芳谷 [ほか] 叅閲 ; (清) 陳陸坤校訂 ; 圖本 - 卷18, 補遺. -- [出版者不明], [元禄年間]. -- 18冊 ; 22.1×15.9cm.",B1:34,3002922999,,,,,,駒場図書館,034080,,ホンゾウカイ,http://tify.sub.uni-goettingen.de/demo.html?manifest=https://archdataset.dl.itc.u-tokyo.ac.jp/manifest/cca46fe2-35d9-5ebc-021d-0ebd53f9502b.json,cca46fe2-35d9-5ebc-021d-0ebd53f9502b,https://iiif.dl.itc.u-tokyo.ac.jp/repo/s/honzosho/,https://iiif.dl.itc.u-tokyo.ac.jp/repo/s/honzosho/document/cca46fe2-35d9-5ebc-021d-0ebd53f9502b,https://www.lib.u-tokyo.ac.jp/ja/library/contents/archives-top/reuse,https://iiif.dl.itc.u-tokyo.ac.jp/repo/files/medium/95450b0ec78b499319a38ccf2905654bddc9f6b9.jpg,https://iiif.dl.itc.u-tokyo.ac.jp/repo/api/items/683917,"東京大学駒場図書館 Komaba Library, The University of Tokyo, JAPAN",http://iiif.io/api/presentation/2#rightToLeftDirection,,駒場図書館所蔵資源科学研究所本草書コレクション,,https://iiif.dl.itc.u-tokyo.ac.jp/repo/iiif/cca46fe2-35d9-5ebc-021d-0ebd53f9502b/manifest,,,,,68
本草滙 18巻圖2巻 (存18巻) ; 卷9,"本草滙 18巻圖2巻 (存18巻) / (清) 郭佩蘭纂輯 ; (清) 畹芳谷 [ほか] 叅閲 ; (清) 陳陸坤校訂 ; 圖本 - 卷18, 補遺. -- [出版者不明], [元禄年間]. -- 18冊 ; 22.1×15.9cm.",B1:34,3002923005,,,,,,駒場図書館,034090,,ホンゾウカイ,http://tify.sub.uni-goettingen.de/demo.html?manifest=https://archdataset.dl.itc.u-tokyo.ac.jp/manifest/fa38e489-53a9-4896-0d8f-3a844e174ead.json,fa38e489-53a9-4896-0d8f-3a844e174ead,https://iiif.dl.itc.u-tokyo.ac.jp/repo/s/honzosho/,https://iiif.dl.itc.u-tokyo.ac.jp/repo/s/honzosho/document/fa38e489-53a9-4896-0d8f-3a844e174ead,https://www.lib.u-tokyo.ac.jp/ja/library/contents/archives-top/reuse,https://iiif.dl.itc.u-tokyo.ac.jp/repo/files/medium/b2d2cb34f29fc9482ca7886cb2f74f0dc0f5376c.jpg,https://iiif.dl.itc.u-tokyo.ac.jp/repo/api/items/683916,"東京大学駒場図書館 Komaba Library, The University of Tokyo, JAPAN",http://iiif.io/api/presentation/2#rightToLeftDirection,,駒場図書館所蔵資源科学研究所本草書コレクション,,https://iiif.dl.itc.u-tokyo.ac.jp/repo/iiif/fa38e489-53a9-4896-0d8f-3a844e174ead/manifest,,,,,62
本草滙 18巻圖2巻 (存18巻) ; 卷10,"本草滙 18巻圖2巻 (存18巻) / (清) 郭佩蘭纂輯 ; (清) 畹芳谷 [ほか] 叅閲 ; (清) 陳陸坤校訂 ; 圖本 - 卷18, 補遺. -- [出版者不明], [元禄年間]. -- 18冊 ; 22.1×15.9cm.",B1:34,3002923013,,,,,,駒場図書館,034100,,ホンゾウカイ,http://tify.sub.uni-goettingen.de/demo.html?manifest=https://archdataset.dl.itc.u-tokyo.ac.jp/manifest/f191d475-6055-0c5b-9c63-dfe00568350f.json,f191d475-6055-0c5b-9c63-dfe00568350f,https://iiif.dl.itc.u-tokyo.ac.jp/repo/s/honzosho/,https://iiif.dl.itc.u-tokyo.ac.jp/repo/s/honzosho/document/f191d475-6055-0c5b-9c63-dfe00568350f,https://www.lib.u-tokyo.ac.jp/ja/library/contents/archives-top/reuse,https://iiif.dl.itc.u-tokyo.ac.jp/repo/files/medium/680b36df0d26f6d39a8ea96e18d32c27d2656ae9.jpg,https://iiif.dl.itc.u-tokyo.ac.jp/repo/api/items/683915,"東京大学駒場図書館 Komaba Library, The University of Tokyo, JAPAN",http://iiif.io/api/presentation/2#rightToLeftDirection,,駒場図書館所蔵資源科学研究所本草書コレクション,,https://iiif.dl.itc.u-tokyo.ac.jp/repo/iiif/f191d475-6055-0c5b-9c63-dfe00568350f/manifest,,,,,46
本草滙 18巻圖2巻 (存18巻) ; 卷11,"本草滙 18巻圖2巻 (存18巻) / (清) 郭佩蘭纂輯 ; (清) 畹芳谷 [ほか] 叅閲 ; (清) 陳陸坤校訂 ; 圖本 - 卷18, 補遺. -- [出版者不明], [元禄年間]. -- 18冊 ; 22.1×15.9cm.",B1:34,3002923021,,,,,,駒場図書館,034110,,ホンゾウカイ,http://tify.sub.uni-goettingen.de/demo.html?manifest=https://archdataset.dl.itc.u-tokyo.ac.jp/manifest/1f41e0c1-5435-1047-7d89-f8f739f558c7.json,1f41e0c1-5435-1047-7d89-f8f739f558c7,https://iiif.dl.itc.u-tokyo.ac.jp/repo/s/honzosho/,https://iiif.dl.itc.u-tokyo.ac.jp/repo/s/honzosho/document/1f41e0c1-5435-1047-7d89-f8f739f558c7,https://www.lib.u-tokyo.ac.jp/ja/library/contents/archives-top/reuse,https://iiif.dl.itc.u-tokyo.ac.jp/repo/files/medium/aabc1d28bb00e514fbc6ad8ca483a802f141a87b.jpg,https://iiif.dl.itc.u-tokyo.ac.jp/repo/api/items/683914,"東京大学駒場図書館 Komaba Library, The University of Tokyo, JAPAN",http://iiif.io/api/presentation/2#rightToLeftDirection,,駒場図書館所蔵資源科学研究所本草書コレクション,,https://iiif.dl.itc.u-tokyo.ac.jp/repo/iiif/1f41e0c1-5435-1047-7d89-f8f739f558c7/manifest,,,,,43
本草滙 18巻圖2巻 (存18巻) ; 卷12,"本草滙 18巻圖2巻 (存18巻) / (清) 郭佩蘭纂輯 ; (清) 畹芳谷 [ほか] 叅閲 ; (清) 陳陸坤校訂 ; 圖本 - 卷18, 補遺. -- [出版者不明], [元禄年間]. -- 18冊 ; 22.1×15.9cm.",B1:34,3002923039,,,,,,駒場図書館,034120,,ホンゾウカイ,http://tify.sub.uni-goettingen.de/demo.html?manifest=https://archdataset.dl.itc.u-tokyo.ac.jp/manifest/c5fcc79e-1beb-0cbf-6b09-0dffb9065712.json,c5fcc79e-1beb-0cbf-6b09-0dffb9065712,https://iiif.dl.itc.u-tokyo.ac.jp/repo/s/honzosho/,https://iiif.dl.itc.u-tokyo.ac.jp/repo/s/honzosho/document/c5fcc79e-1beb-0cbf-6b09-0dffb9065712,https://www.lib.u-tokyo.ac.jp/ja/library/contents/archives-top/reuse,https://iiif.dl.itc.u-tokyo.ac.jp/repo/files/medium/a28ddd6aebff32a2bbf8942b66dd9698b7072637.jpg,https://iiif.dl.itc.u-tokyo.ac.jp/repo/api/items/683913,"東京大学駒場図書館 Komaba Library, The University of Tokyo, JAPAN",http://iiif.io/api/presentation/2#rightToLeftDirection,,駒場図書館所蔵資源科学研究所本草書コレクション,,https://iiif.dl.itc.u-tokyo.ac.jp/repo/iiif/c5fcc79e-1beb-0cbf-6b09-0dffb9065712/manifest,,,,,59
本草滙 18巻圖2巻 (存18巻) ; 卷14,"本草滙 18巻圖2巻 (存18巻) / (清) 郭佩蘭纂輯 ; (清) 畹芳谷 [ほか] 叅閲 ; (清) 陳陸坤校訂 ; 圖本 - 卷18, 補遺. -- [出版者不明], [元禄年間]. -- 18冊 ; 22.1×15.9cm.",B1:34,3002923047,,,,,,駒場図書館,034130,,ホンゾウカイ,http://tify.sub.uni-goettingen.de/demo.html?manifest=https://archdataset.dl.itc.u-tokyo.ac.jp/manifest/5464afc5-384d-1866-4401-a268b015975e.json,5464afc5-384d-1866-4401-a268b015975e,https://iiif.dl.itc.u-tokyo.ac.jp/repo/s/honzosho/,https://iiif.dl.itc.u-tokyo.ac.jp/repo/s/honzosho/document/5464afc5-384d-1866-4401-a268b015975e,https://www.lib.u-tokyo.ac.jp/ja/library/contents/archives-top/reuse,https://iiif.dl.itc.u-tokyo.ac.jp/repo/files/medium/217c91c503c65712669090405d8ed761ff3271d9.jpg,https://iiif.dl.itc.u-tokyo.ac.jp/repo/api/items/683912,"東京大学駒場図書館 Komaba Library, The University of Tokyo, JAPAN",http://iiif.io/api/presentation/2#rightToLeftDirection,,駒場図書館所蔵資源科学研究所本草書コレクション,,https://iiif.dl.itc.u-tokyo.ac.jp/repo/iiif/5464afc5-384d-1866-4401-a268b015975e/manifest,,,,,34
本草滙 18巻圖2巻 (存18巻) ; 卷15,"本草滙 18巻圖2巻 (存18巻) / (清) 郭佩蘭纂輯 ; (清) 畹芳谷 [ほか] 叅閲 ; (清) 陳陸坤校訂 ; 圖本 - 卷18, 補遺. -- [出版者不明], [元禄年間]. -- 18冊 ; 22.1×15.9cm.",B1:34,3002923054,,,,,,駒場図書館,034140,,ホンゾウカイ,http://tify.sub.uni-goettingen.de/demo.html?manifest=https://archdataset.dl.itc.u-tokyo.ac.jp/manifest/bff7375e-82c6-29a9-a2c8-2df0572883a9.json,bff7375e-82c6-29a9-a2c8-2df0572883a9,https://iiif.dl.itc.u-tokyo.ac.jp/repo/s/honzosho/,https://iiif.dl.itc.u-tokyo.ac.jp/repo/s/honzosho/document/bff7375e-82c6-29a9-a2c8-2df0572883a9,https://www.lib.u-tokyo.ac.jp/ja/library/contents/archives-top/reuse,https://iiif.dl.itc.u-tokyo.ac.jp/repo/files/medium/b9da9b9e2fe8b4634bc7fdcea3caf5404618c90f.jpg,https://iiif.dl.itc.u-tokyo.ac.jp/repo/api/items/683911,"東京大学駒場図書館 Komaba Library, The University of Tokyo, JAPAN",http://iiif.io/api/presentation/2#rightToLeftDirection,,駒場図書館所蔵資源科学研究所本草書コレクション,,https://iiif.dl.itc.u-tokyo.ac.jp/repo/iiif/bff7375e-82c6-29a9-a2c8-2df0572883a9/manifest,,,,,39
本草滙 18巻圖2巻 (存18巻) ; 卷16,"本草滙 18巻圖2巻 (存18巻) / (清) 郭佩蘭纂輯 ; (清) 畹芳谷 [ほか] 叅閲 ; (清) 陳陸坤校訂 ; 圖本 - 卷18, 補遺. -- [出版者不明], [元禄年間]. -- 18冊 ; 22.1×15.9cm.",B1:34,3002923062,,,,,,駒場図書館,034150,,ホンゾウカイ,http://tify.sub.uni-goettingen.de/demo.html?manifest=https://archdataset.dl.itc.u-tokyo.ac.jp/manifest/2d9b5896-2468-1af1-293f-2caf74db026b.json,2d9b5896-2468-1af1-293f-2caf74db026b,https://iiif.dl.itc.u-tokyo.ac.jp/repo/s/honzosho/,https://iiif.dl.itc.u-tokyo.ac.jp/repo/s/honzosho/document/2d9b5896-2468-1af1-293f-2caf74db026b,https://www.lib.u-tokyo.ac.jp/ja/library/contents/archives-top/reuse,https://iiif.dl.itc.u-tokyo.ac.jp/repo/files/medium/b3c5fcd5e69156b5b0a575f8f6ac6c32e970da48.jpg,https://iiif.dl.itc.u-tokyo.ac.jp/repo/api/items/683910,"東京大学駒場図書館 Komaba Library, The University of Tokyo, JAPAN",http://iiif.io/api/presentation/2#rightToLeftDirection,,駒場図書館所蔵資源科学研究所本草書コレクション,,https://iiif.dl.itc.u-tokyo.ac.jp/repo/iiif/2d9b5896-2468-1af1-293f-2caf74db026b/manifest,,,,,40
本草滙 18巻圖2巻 (存18巻) ; 卷17,"本草滙 18巻圖2巻 (存18巻) / (清) 郭佩蘭纂輯 ; (清) 畹芳谷 [ほか] 叅閲 ; (清) 陳陸坤校訂 ; 圖本 - 卷18, 補遺. -- [出版者不明], [元禄年間]. -- 18冊 ; 22.1×15.9cm.",B1:34,3002923070,,,,,,駒場図書館,034160,,ホンゾウカイ,http://tify.sub.uni-goettingen.de/demo.html?manifest=https://archdataset.dl.itc.u-tokyo.ac.jp/manifest/74299145-88c3-70f6-5394-0e0f20499434.json,74299145-88c3-70f6-5394-0e0f20499434,https://iiif.dl.itc.u-tokyo.ac.jp/repo/s/honzosho/,https://iiif.dl.itc.u-tokyo.ac.jp/repo/s/honzosho/document/74299145-88c3-70f6-5394-0e0f20499434,https://www.lib.u-tokyo.ac.jp/ja/library/contents/archives-top/reuse,https://iiif.dl.itc.u-tokyo.ac.jp/repo/files/medium/5c8656ea20f384c22027969b7acbbf1b930bce82.jpg,https://iiif.dl.itc.u-tokyo.ac.jp/repo/api/items/683909,"東京大学駒場図書館 Komaba Library, The University of Tokyo, JAPAN",http://iiif.io/api/presentation/2#rightToLeftDirection,,駒場図書館所蔵資源科学研究所本草書コレクション,,https://iiif.dl.itc.u-tokyo.ac.jp/repo/iiif/74299145-88c3-70f6-5394-0e0f20499434/manifest,,,,,58
"本草滙 18巻圖2巻 (存18巻) ; 卷18, 補遺","本草滙 18巻圖2巻 (存18巻) / (清) 郭佩蘭纂輯 ; (清) 畹芳谷 [ほか] 叅閲 ; (清) 陳陸坤校訂 ; 圖本 - 卷18, 補遺. -- [出版者不明], [元禄年間]. -- 18冊 ; 22.1×15.9cm.",B1:34,3002923088,,,,,,駒場図書館,034170,,ホンゾウカイ,http://tify.sub.uni-goettingen.de/demo.html?manifest=https://archdataset.dl.itc.u-tokyo.ac.jp/manifest/42eb5b81-88a3-1916-4dbb-a6a972ae2f8b.json,42eb5b81-88a3-1916-4dbb-a6a972ae2f8b,https://iiif.dl.itc.u-tokyo.ac.jp/repo/s/honzosho/,https://iiif.dl.itc.u-tokyo.ac.jp/repo/s/honzosho/document/42eb5b81-88a3-1916-4dbb-a6a972ae2f8b,https://www.lib.u-tokyo.ac.jp/ja/library/contents/archives-top/reuse,https://iiif.dl.itc.u-tokyo.ac.jp/repo/files/medium/82974587fbe0f6118f53f1df3754a2ac9d3b99d8.jpg,https://iiif.dl.itc.u-tokyo.ac.jp/repo/api/items/683908,"東京大学駒場図書館 Komaba Library, The University of Tokyo, JAPAN",http://iiif.io/api/presentation/2#rightToLeftDirection,,駒場図書館所蔵資源科学研究所本草書コレクション,,https://iiif.dl.itc.u-tokyo.ac.jp/repo/iiif/42eb5b81-88a3-1916-4dbb-a6a972ae2f8b/manifest,,,,,46
本草詩箋 10巻 ; 卷1-2,"本草詩箋 10巻 / (清) 朱錀著 ; 卷1-2 - 卷8-10. -- [羣玉山房], 乾隆27 [1762]. -- 4冊 ; 23.7×15.1cm.",B1:35,3002923096,,,,,,駒場図書館,035000,,ホンゾウ シセン,http://tify.sub.uni-goettingen.de/demo.html?manifest=https://archdataset.dl.itc.u-tokyo.ac.jp/manifest/7a63ffcf-685a-694e-848f-7ec7bd9254bb.json,7a63ffcf-685a-694e-848f-7ec7bd9254bb,https://iiif.dl.itc.u-tokyo.ac.jp/repo/s/honzosho/,https://iiif.dl.itc.u-tokyo.ac.jp/repo/s/honzosho/document/7a63ffcf-685a-694e-848f-7ec7bd9254bb,https://www.lib.u-tokyo.ac.jp/ja/library/contents/archives-top/reuse,https://iiif.dl.itc.u-tokyo.ac.jp/repo/files/medium/1be7e55eda611da2cb117a2ef7b370e75e144dfc.jpg,https://iiif.dl.itc.u-tokyo.ac.jp/repo/api/items/683907,"東京大学駒場図書館 Komaba Library, The University of Tokyo, JAPAN",http://iiif.io/api/presentation/2#rightToLeftDirection,,駒場図書館所蔵資源科学研究所本草書コレクション,,https://iiif.dl.itc.u-tokyo.ac.jp/repo/iiif/7a63ffcf-685a-694e-848f-7ec7bd9254bb/manifest,,,,,71
本草詩箋 10巻 ; 卷3-5,"本草詩箋 10巻 / (清) 朱錀著 ; 卷1-2 - 卷8-10. -- [羣玉山房], 乾隆27 [1762]. -- 4冊 ; 23.7×15.1cm.",B1:35,3002923104,,,,,,駒場図書館,035010,,ホンゾウ シセン,http://tify.sub.uni-goettingen.de/demo.html?manifest=https://archdataset.dl.itc.u-tokyo.ac.jp/manifest/6e1d2be5-20ae-80cf-3b7a-b91280b5a180.json,6e1d2be5-20ae-80cf-3b7a-b91280b5a180,https://iiif.dl.itc.u-tokyo.ac.jp/repo/s/honzosho/,https://iiif.dl.itc.u-tokyo.ac.jp/repo/s/honzosho/document/6e1d2be5-20ae-80cf-3b7a-b91280b5a180,https://www.lib.u-tokyo.ac.jp/ja/library/contents/archives-top/reuse,https://iiif.dl.itc.u-tokyo.ac.jp/repo/files/medium/f57b7aec014509ddc1ac3664d89a5ce2db43427d.jpg,https://iiif.dl.itc.u-tokyo.ac.jp/repo/api/items/683906,"東京大学駒場図書館 Komaba Library, The University of Tokyo, JAPAN",http://iiif.io/api/presentation/2#rightToLeftDirection,,駒場図書館所蔵資源科学研究所本草書コレクション,,https://iiif.dl.itc.u-tokyo.ac.jp/repo/iiif/6e1d2be5-20ae-80cf-3b7a-b91280b5a180/manifest,,,,,64
本草詩箋 10巻 ; 卷6-7,"本草詩箋 10巻 / (清) 朱錀著 ; 卷1-2 - 卷8-10. -- [羣玉山房], 乾隆27 [1762]. -- 4冊 ; 23.7×15.1cm.",B1:35,3002923112,,,,,,駒場図書館,035020,,ホンゾウ シセン,http://tify.sub.uni-goettingen.de/demo.html?manifest=https://archdataset.dl.itc.u-tokyo.ac.jp/manifest/fba5b1de-2dc2-6f22-10b7-c82bc8a08193.json,fba5b1de-2dc2-6f22-10b7-c82bc8a08193,https://iiif.dl.itc.u-tokyo.ac.jp/repo/s/honzosho/,https://iiif.dl.itc.u-tokyo.ac.jp/repo/s/honzosho/document/fba5b1de-2dc2-6f22-10b7-c82bc8a08193,https://www.lib.u-tokyo.ac.jp/ja/library/contents/archives-top/reuse,https://iiif.dl.itc.u-tokyo.ac.jp/repo/files/medium/5838c3bdae5e21209799ccfc71c3ea829cd270c6.jpg,https://iiif.dl.itc.u-tokyo.ac.jp/repo/api/items/683905,"東京大学駒場図書館 Komaba Library, The University of Tokyo, JAPAN",http://iiif.io/api/presentation/2#rightToLeftDirection,,駒場図書館所蔵資源科学研究所本草書コレクション,,https://iiif.dl.itc.u-tokyo.ac.jp/repo/iiif/fba5b1de-2dc2-6f22-10b7-c82bc8a08193/manifest,,,,,82
本草詩箋 10巻 ; 卷8-10,"本草詩箋 10巻 / (清) 朱錀著 ; 卷1-2 - 卷8-10. -- [羣玉山房], 乾隆27 [1762]. -- 4冊 ; 23.7×15.1cm.",B1:35,3002923120,,,,,,駒場図書館,035030,,ホンゾウ シセン,http://tify.sub.uni-goettingen.de/demo.html?manifest=https://archdataset.dl.itc.u-tokyo.ac.jp/manifest/49dc7378-3063-9323-20b8-99726674a770.json,49dc7378-3063-9323-20b8-99726674a770,https://iiif.dl.itc.u-tokyo.ac.jp/repo/s/honzosho/,https://iiif.dl.itc.u-tokyo.ac.jp/repo/s/honzosho/document/49dc7378-3063-9323-20b8-99726674a770,https://www.lib.u-tokyo.ac.jp/ja/library/contents/archives-top/reuse,https://iiif.dl.itc.u-tokyo.ac.jp/repo/files/medium/166f668f28928638ab42b8b46a0bf290cfc87f3f.jpg,https://iiif.dl.itc.u-tokyo.ac.jp/repo/api/items/683904,"東京大学駒場図書館 Komaba Library, The University of Tokyo, JAPAN",http://iiif.io/api/presentation/2#rightToLeftDirection,,駒場図書館所蔵資源科学研究所本草書コレクション,,https://iiif.dl.itc.u-tokyo.ac.jp/repo/iiif/49dc7378-3063-9323-20b8-99726674a770/manifest,,,,,64
昆蟲草木略 2巻 ; 第1,"昆蟲草木略 2巻 / (宋)鄭夾漈著 ; (日本)蘭山先生校 ; 第1, 第2. -- 北村四郎兵衛 : 林喜兵衛 : 秋田屋藤兵衛, 天明5 [1785]. -- 2冊 ; 26.0×17.2cm.",B2:61,3002923906,,,,,,駒場図書館,061000,,コンチュウ ソウモク リャク,http://tify.sub.uni-goettingen.de/demo.html?manifest=https://archdataset.dl.itc.u-tokyo.ac.jp/manifest/925c6ef3-7705-5038-391b-d17a41406735.json,925c6ef3-7705-5038-391b-d17a41406735,https://iiif.dl.itc.u-tokyo.ac.jp/repo/s/honzosho/,https://iiif.dl.itc.u-tokyo.ac.jp/repo/s/honzosho/document/925c6ef3-7705-5038-391b-d17a41406735,https://www.lib.u-tokyo.ac.jp/ja/library/contents/archives-top/reuse,https://iiif.dl.itc.u-tokyo.ac.jp/repo/files/medium/e4727ecdf174641e2fb18fea74f17df7ec0a1a96.jpg,https://iiif.dl.itc.u-tokyo.ac.jp/repo/api/items/683903,"東京大学駒場図書館 Komaba Library, The University of Tokyo, JAPAN",http://iiif.io/api/presentation/2#rightToLeftDirection,,駒場図書館所蔵資源科学研究所本草書コレクション,,https://iiif.dl.itc.u-tokyo.ac.jp/repo/iiif/925c6ef3-7705-5038-391b-d17a41406735/manifest,,,,,39
昆蟲草木略 2巻 ; 第2,"昆蟲草木略 2巻 / (宋)鄭夾漈著 ; (日本)蘭山先生校 ; 第1, 第2. -- 北村四郎兵衛 : 林喜兵衛 : 秋田屋藤兵衛, 天明5 [1785]. -- 2冊 ; 26.0×17.2cm.",B2:61,3002923914,,,,,,駒場図書館,061010,,コンチュウ ソウモク リャク,http://tify.sub.uni-goettingen.de/demo.html?manifest=https://archdataset.dl.itc.u-tokyo.ac.jp/manifest/5fa66901-06c1-a230-6e60-29ada1740232.json,5fa66901-06c1-a230-6e60-29ada1740232,https://iiif.dl.itc.u-tokyo.ac.jp/repo/s/honzosho/,https://iiif.dl.itc.u-tokyo.ac.jp/repo/s/honzosho/document/5fa66901-06c1-a230-6e60-29ada1740232,https://www.lib.u-tokyo.ac.jp/ja/library/contents/archives-top/reuse,https://iiif.dl.itc.u-tokyo.ac.jp/repo/files/medium/22dd6e7e41107b54da3d36f8a2911b8756bc1a4e.jpg,https://iiif.dl.itc.u-tokyo.ac.jp/repo/api/items/683902,"東京大学駒場図書館 Komaba Library, The University of Tokyo, JAPAN",http://iiif.io/api/presentation/2#rightToLeftDirection,,駒場図書館所蔵資源科学研究所本草書コレクション,,https://iiif.dl.itc.u-tokyo.ac.jp/repo/iiif/5fa66901-06c1-a230-6e60-29ada1740232/manifest,,,,,48
爾雅註疏 11巻 ; 卷第1,"爾雅註疏 11巻 / (晉) 郭璞註 ; (宋) 邢昺疏 ; 卷第1 - 卷第9-11. -- [出版者不明], [享保頃]. -- 5冊 ; 27.8×19.3cm.",B2:62,3002923922,,,,,,駒場図書館,062000,,ジガ チュウソ,http://tify.sub.uni-goettingen.de/demo.html?manifest=https://archdataset.dl.itc.u-tokyo.ac.jp/manifest/a77c012c-0e2c-13f0-5018-3f46479c5fd1.json,a77c012c-0e2c-13f0-5018-3f46479c5fd1,https://iiif.dl.itc.u-tokyo.ac.jp/repo/s/honzosho/,https://iiif.dl.itc.u-tokyo.ac.jp/repo/s/honzosho/document/a77c012c-0e2c-13f0-5018-3f46479c5fd1,https://www.lib.u-tokyo.ac.jp/ja/library/contents/archives-top/reuse,https://iiif.dl.itc.u-tokyo.ac.jp/repo/files/medium/12d18fe53eb0a7697a65e2ecc89ab15db0547cb1.jpg,https://iiif.dl.itc.u-tokyo.ac.jp/repo/api/items/683901,"東京大学駒場図書館 Komaba Library, The University of Tokyo, JAPAN",http://iiif.io/api/presentation/2#rightToLeftDirection,,駒場図書館所蔵資源科学研究所本草書コレクション,,https://iiif.dl.itc.u-tokyo.ac.jp/repo/iiif/a77c012c-0e2c-13f0-5018-3f46479c5fd1/manifest,,,,,54
爾雅註疏 11巻 ; 卷第2-3,"爾雅註疏 11巻 / (晉) 郭璞註 ; (宋) 邢昺疏 ; 卷第1 - 卷第9-11. -- [出版者不明], [享保頃]. -- 5冊 ; 27.8×19.3cm.",B2:62,3002923930,,,,,,駒場図書館,062010,,ジガ チュウソ,http://tify.sub.uni-goettingen.de/demo.html?manifest=https://archdataset.dl.itc.u-tokyo.ac.jp/manifest/8b9525c2-3358-6f71-11c2-9308b7592248.json,8b9525c2-3358-6f71-11c2-9308b7592248,https://iiif.dl.itc.u-tokyo.ac.jp/repo/s/honzosho/,https://iiif.dl.itc.u-tokyo.ac.jp/repo/s/honzosho/document/8b9525c2-3358-6f71-11c2-9308b7592248,https://www.lib.u-tokyo.ac.jp/ja/library/contents/archives-top/reuse,https://iiif.dl.itc.u-tokyo.ac.jp/repo/files/medium/83e3b9717edd3f562d2ab70309f13bf109667dcb.jpg,https://iiif.dl.itc.u-tokyo.ac.jp/repo/api/items/683900,"東京大学駒場図書館 Komaba Library, The University of Tokyo, JAPAN",http://iiif.io/api/presentation/2#rightToLeftDirection,,駒場図書館所蔵資源科学研究所本草書コレクション,,https://iiif.dl.itc.u-tokyo.ac.jp/repo/iiif/8b9525c2-3358-6f71-11c2-9308b7592248/manifest,,,,,60
爾雅註疏 11巻 ; 卷第4-5,"爾雅註疏 11巻 / (晉) 郭璞註 ; (宋) 邢昺疏 ; 卷第1 - 卷第9-11. -- [出版者不明], [享保頃]. -- 5冊 ; 27.8×19.3cm.",B2:62,3002923948,,,,,,駒場図書館,062020,,ジガ チュウソ,http://tify.sub.uni-goettingen.de/demo.html?manifest=https://archdataset.dl.itc.u-tokyo.ac.jp/manifest/cf978bb4-6814-4c30-1eb5-25ee83ca9117.json,cf978bb4-6814-4c30-1eb5-25ee83ca9117,https://iiif.dl.itc.u-tokyo.ac.jp/repo/s/honzosho/,https://iiif.dl.itc.u-tokyo.ac.jp/repo/s/honzosho/document/cf978bb4-6814-4c30-1eb5-25ee83ca9117,https://www.lib.u-tokyo.ac.jp/ja/library/contents/archives-top/reuse,https://iiif.dl.itc.u-tokyo.ac.jp/repo/files/medium/3a5b96ff98bb89fbb866b0fcf3b3c029185f20c1.jpg,https://iiif.dl.itc.u-tokyo.ac.jp/repo/api/items/683899,"東京大学駒場図書館 Komaba Library, The University of Tokyo, JAPAN",http://iiif.io/api/presentation/2#rightToLeftDirection,,駒場図書館所蔵資源科学研究所本草書コレクション,,https://iiif.dl.itc.u-tokyo.ac.jp/repo/iiif/cf978bb4-6814-4c30-1eb5-25ee83ca9117/manifest,,,,,60
爾雅註疏 11巻 ; 卷第6-8,"爾雅註疏 11巻 / (晉) 郭璞註 ; (宋) 邢昺疏 ; 卷第1 - 卷第9-11. -- [出版者不明], [享保頃]. -- 5冊 ; 27.8×19.3cm.",B2:62,3002923955,,,,,,駒場図書館,062030,,ジガ チュウソ,http://tify.sub.uni-goettingen.de/demo.html?manifest=https://archdataset.dl.itc.u-tokyo.ac.jp/manifest/d4f1ecfd-00b3-41af-28c9-8b2b1e58165f.json,d4f1ecfd-00b3-41af-28c9-8b2b1e58165f,https://iiif.dl.itc.u-tokyo.ac.jp/repo/s/honzosho/,https://iiif.dl.itc.u-tokyo.ac.jp/repo/s/honzosho/document/d4f1ecfd-00b3-41af-28c9-8b2b1e58165f,https://www.lib.u-tokyo.ac.jp/ja/library/contents/archives-top/reuse,https://iiif.dl.itc.u-tokyo.ac.jp/repo/files/medium/e2abf892649eb756869f714f1b933d9059d836e4.jpg,https://iiif.dl.itc.u-tokyo.ac.jp/repo/api/items/683898,"東京大学駒場図書館 Komaba Library, The University of Tokyo, JAPAN",http://iiif.io/api/presentation/2#rightToLeftDirection,,駒場図書館所蔵資源科学研究所本草書コレクション,,https://iiif.dl.itc.u-tokyo.ac.jp/repo/iiif/d4f1ecfd-00b3-41af-28c9-8b2b1e58165f/manifest,,,,,69
爾雅註疏 11巻 ; 卷第9-11,"爾雅註疏 11巻 / (晉) 郭璞註 ; (宋) 邢昺疏 ; 卷第1 - 卷第9-11. -- [出版者不明], [享保頃]. -- 5冊 ; 27.8×19.3cm.",B2:62,3002923963,,,,,,駒場図書館,062040,,ジガ チュウソ,http://tify.sub.uni-goettingen.de/demo.html?manifest=https://archdataset.dl.itc.u-tokyo.ac.jp/manifest/7bb5743a-9898-318a-3665-0474ab37a613.json,7bb5743a-9898-318a-3665-0474ab37a613,https://iiif.dl.itc.u-tokyo.ac.jp/repo/s/honzosho/,https://iiif.dl.itc.u-tokyo.ac.jp/repo/s/honzosho/document/7bb5743a-9898-318a-3665-0474ab37a613,https://www.lib.u-tokyo.ac.jp/ja/library/contents/archives-top/reuse,https://iiif.dl.itc.u-tokyo.ac.jp/repo/files/medium/d1c579b6ecf0cd2727f98bf2849233c168c7e8f4.jpg,https://iiif.dl.itc.u-tokyo.ac.jp/repo/api/items/683897,"東京大学駒場図書館 Komaba Library, The University of Tokyo, JAPAN",http://iiif.io/api/presentation/2#rightToLeftDirection,,駒場図書館所蔵資源科学研究所本草書コレクション,,https://iiif.dl.itc.u-tokyo.ac.jp/repo/iiif/7bb5743a-9898-318a-3665-0474ab37a613/manifest,,,,,76
格致鏡原 100巻 ; 卷1-4,"格致鏡原 100巻 / (清) 陳元龍撰 ; 卷1-4 - 卷96-100. -- [出版者不明], 雍正13 [1735] 序. -- 24冊 ; 24.7×15.9cm.",B3:86,3002924482,,,,,,駒場図書館,086000,,カクチ キョウゲン,http://tify.sub.uni-goettingen.de/demo.html?manifest=https://archdataset.dl.itc.u-tokyo.ac.jp/manifest/e07a4c66-2887-6527-6b2b-9458f4a88ec6.json,e07a4c66-2887-6527-6b2b-9458f4a88ec6,https://iiif.dl.itc.u-tokyo.ac.jp/repo/s/honzosho/,https://iiif.dl.itc.u-tokyo.ac.jp/repo/s/honzosho/document/e07a4c66-2887-6527-6b2b-9458f4a88ec6,https://www.lib.u-tokyo.ac.jp/ja/library/contents/archives-top/reuse,https://iiif.dl.itc.u-tokyo.ac.jp/repo/files/medium/c3be357b5ae3b5e1c9c33f5ba9130a266f7515cf.jpg,https://iiif.dl.itc.u-tokyo.ac.jp/repo/api/items/683896,"東京大学駒場図書館 Komaba Library, The University of Tokyo, JAPAN",http://iiif.io/api/presentation/2#rightToLeftDirection,,駒場図書館所蔵資源科学研究所本草書コレクション,,https://iiif.dl.itc.u-tokyo.ac.jp/repo/iiif/e07a4c66-2887-6527-6b2b-9458f4a88ec6/manifest,,,,,88
格致鏡原 100巻 ; 卷5-10,"格致鏡原 100巻 / (清) 陳元龍撰 ; 卷1-4 - 卷96-100. -- [出版者不明], 雍正13 [1735] 序. -- 24冊 ; 24.7×15.9cm.",B3:86,3002924490,,,,,,駒場図書館,086010,,カクチ キョウゲン,http://tify.sub.uni-goettingen.de/demo.html?manifest=https://archdataset.dl.itc.u-tokyo.ac.jp/manifest/7caa7ec8-9362-11bd-0f28-90de076f4d97.json,7caa7ec8-9362-11bd-0f28-90de076f4d97,https://iiif.dl.itc.u-tokyo.ac.jp/repo/s/honzosho/,https://iiif.dl.itc.u-tokyo.ac.jp/repo/s/honzosho/document/7caa7ec8-9362-11bd-0f28-90de076f4d97,https://www.lib.u-tokyo.ac.jp/ja/library/contents/archives-top/reuse,https://iiif.dl.itc.u-tokyo.ac.jp/repo/files/medium/d8f2f3fc2d950d67dfd8580d2f46063450a69dd9.jpg,https://iiif.dl.itc.u-tokyo.ac.jp/repo/api/items/683895,"東京大学駒場図書館 Komaba Library, The University of Tokyo, JAPAN",http://iiif.io/api/presentation/2#rightToLeftDirection,,駒場図書館所蔵資源科学研究所本草書コレクション,,https://iiif.dl.itc.u-tokyo.ac.jp/repo/iiif/7caa7ec8-9362-11bd-0f28-90de076f4d97/manifest,,,,,100
格致鏡原 100巻 ; 卷11-14,"格致鏡原 100巻 / (清) 陳元龍撰 ; 卷1-4 - 卷96-100. -- [出版者不明], 雍正13 [1735] 序. -- 24冊 ; 24.7×15.9cm.",B3:86,3002924508,,,,,,駒場図書館,086020,,カクチ キョウゲン,http://tify.sub.uni-goettingen.de/demo.html?manifest=https://archdataset.dl.itc.u-tokyo.ac.jp/manifest/e479cf98-5d75-3492-6fd4-99131a0232f7.json,e479cf98-5d75-3492-6fd4-99131a0232f7,https://iiif.dl.itc.u-tokyo.ac.jp/repo/s/honzosho/,https://iiif.dl.itc.u-tokyo.ac.jp/repo/s/honzosho/document/e479cf98-5d75-3492-6fd4-99131a0232f7,https://www.lib.u-tokyo.ac.jp/ja/library/contents/archives-top/reuse,https://iiif.dl.itc.u-tokyo.ac.jp/repo/files/medium/02d0ba7c69dd6885f19af8c5dca00766f60ddf8a.jpg,https://iiif.dl.itc.u-tokyo.ac.jp/repo/api/items/683894,"東京大学駒場図書館 Komaba Library, The University of Tokyo, JAPAN",http://iiif.io/api/presentation/2#rightToLeftDirection,,駒場図書館所蔵資源科学研究所本草書コレクション,,https://iiif.dl.itc.u-tokyo.ac.jp/repo/iiif/e479cf98-5d75-3492-6fd4-99131a0232f7/manifest,,,,,101
格致鏡原 100巻 ; 卷15-18,"格致鏡原 100巻 / (清) 陳元龍撰 ; 卷1-4 - 卷96-100. -- [出版者不明], 雍正13 [1735] 序. -- 24冊 ; 24.7×15.9cm.",B3:86,3002924516,,,,,,駒場図書館,086030,,カクチ キョウゲン,http://tify.sub.uni-goettingen.de/demo.html?manifest=https://archdataset.dl.itc.u-tokyo.ac.jp/manifest/4458fb9d-5643-0325-0765-4d3aa8aaa191.json,4458fb9d-5643-0325-0765-4d3aa8aaa191,https://iiif.dl.itc.u-tokyo.ac.jp/repo/s/honzosho/,https://iiif.dl.itc.u-tokyo.ac.jp/repo/s/honzosho/document/4458fb9d-5643-0325-0765-4d3aa8aaa191,https://www.lib.u-tokyo.ac.jp/ja/library/contents/archives-top/reuse,https://iiif.dl.itc.u-tokyo.ac.jp/repo/files/medium/b4cbbcb347d3e377923cf4f2bbeede53ec538f2e.jpg,https://iiif.dl.itc.u-tokyo.ac.jp/repo/api/items/683893,"東京大学駒場図書館 Komaba Library, The University of Tokyo, JAPAN",http://iiif.io/api/presentation/2#rightToLeftDirection,,駒場図書館所蔵資源科学研究所本草書コレクション,,https://iiif.dl.itc.u-tokyo.ac.jp/repo/iiif/4458fb9d-5643-0325-0765-4d3aa8aaa191/manifest,,,,,73
格致鏡原 100巻 ; 卷19-21,"格致鏡原 100巻 / (清) 陳元龍撰 ; 卷1-4 - 卷96-100. -- [出版者不明], 雍正13 [1735] 序. -- 24冊 ; 24.7×15.9cm.",B3:86,3002924524,,,,,,駒場図書館,086040,,カクチ キョウゲン,http://tify.sub.uni-goettingen.de/demo.html?manifest=https://archdataset.dl.itc.u-tokyo.ac.jp/manifest/6d1a9f68-1b59-4d1e-9803-976075ed510f.json,6d1a9f68-1b59-4d1e-9803-976075ed510f,https://iiif.dl.itc.u-tokyo.ac.jp/repo/s/honzosho/,https://iiif.dl.itc.u-tokyo.ac.jp/repo/s/honzosho/document/6d1a9f68-1b59-4d1e-9803-976075ed510f,https://www.lib.u-tokyo.ac.jp/ja/library/contents/archives-top/reuse,https://iiif.dl.itc.u-tokyo.ac.jp/repo/files/medium/4fdc2c480ef22e2895f1984359e3994c4d3dee53.jpg,https://iiif.dl.itc.u-tokyo.ac.jp/repo/api/items/683892,"東京大学駒場図書館 Komaba Library, The University of Tokyo, JAPAN",http://iiif.io/api/presentation/2#rightToLeftDirection,,駒場図書館所蔵資源科学研究所本草書コレクション,,https://iiif.dl.itc.u-tokyo.ac.jp/repo/iiif/6d1a9f68-1b59-4d1e-9803-976075ed510f/manifest,,,,,95
格致鏡原 100巻 ; 卷22-26,"格致鏡原 100巻 / (清) 陳元龍撰 ; 卷1-4 - 卷96-100. -- [出版者不明], 雍正13 [1735] 序. -- 24冊 ; 24.7×15.9cm.",B3:86,3002924532,,,,,,駒場図書館,086050,,カクチ キョウゲン,http://tify.sub.uni-goettingen.de/demo.html?manifest=https://archdataset.dl.itc.u-tokyo.ac.jp/manifest/fcdad374-6e2e-9287-0d59-ca5ca28f89e6.json,fcdad374-6e2e-9287-0d59-ca5ca28f89e6,https://iiif.dl.itc.u-tokyo.ac.jp/repo/s/honzosho/,https://iiif.dl.itc.u-tokyo.ac.jp/repo/s/honzosho/document/fcdad374-6e2e-9287-0d59-ca5ca28f89e6,https://www.lib.u-tokyo.ac.jp/ja/library/contents/archives-top/reuse,https://iiif.dl.itc.u-tokyo.ac.jp/repo/files/medium/c487ddd6efc027b77d39bb45ecb249b43a9ca4b0.jpg,https://iiif.dl.itc.u-tokyo.ac.jp/repo/api/items/683891,"東京大学駒場図書館 Komaba Library, The University of Tokyo, JAPAN",http://iiif.io/api/presentation/2#rightToLeftDirection,,駒場図書館所蔵資源科学研究所本草書コレクション,,https://iiif.dl.itc.u-tokyo.ac.jp/repo/iiif/fcdad374-6e2e-9287-0d59-ca5ca28f89e6/manifest,,,,,97
格致鏡原 100巻 ; 卷27-29,"格致鏡原 100巻 / (清) 陳元龍撰 ; 卷1-4 - 卷96-100. -- [出版者不明], 雍正13 [1735] 序. -- 24冊 ; 24.7×15.9cm.",B3:86,3002924540,,,,,,駒場図書館,086060,,カクチ キョウゲン,http://tify.sub.uni-goettingen.de/demo.html?manifest=https://archdataset.dl.itc.u-tokyo.ac.jp/manifest/4e2cfcaf-554f-178e-5c36-fee9d76379eb.json,4e2cfcaf-554f-178e-5c36-fee9d76379eb,https://iiif.dl.itc.u-tokyo.ac.jp/repo/s/honzosho/,https://iiif.dl.itc.u-tokyo.ac.jp/repo/s/honzosho/document/4e2cfcaf-554f-178e-5c36-fee9d76379eb,https://www.lib.u-tokyo.ac.jp/ja/library/contents/archives-top/reuse,https://iiif.dl.itc.u-tokyo.ac.jp/repo/files/medium/6ee77936157d7729065240166783edbb95528cdb.jpg,https://iiif.dl.itc.u-tokyo.ac.jp/repo/api/items/683890,"東京大学駒場図書館 Komaba Library, The University of Tokyo, JAPAN",http://iiif.io/api/presentation/2#rightToLeftDirection,,駒場図書館所蔵資源科学研究所本草書コレクション,,https://iiif.dl.itc.u-tokyo.ac.jp/repo/iiif/4e2cfcaf-554f-178e-5c36-fee9d76379eb/manifest,,,,,92
格致鏡原 100巻 ; 卷30-32,"格致鏡原 100巻 / (清) 陳元龍撰 ; 卷1-4 - 卷96-100. -- [出版者不明], 雍正13 [1735] 序. -- 24冊 ; 24.7×15.9cm.",B3:86,3002924557,,,,,,駒場図書館,086070,,カクチ キョウゲン,http://tify.sub.uni-goettingen.de/demo.html?manifest=https://archdataset.dl.itc.u-tokyo.ac.jp/manifest/c840c2eb-2dab-99ec-1900-79929bc1847f.json,c840c2eb-2dab-99ec-1900-79929bc1847f,https://iiif.dl.itc.u-tokyo.ac.jp/repo/s/honzosho/,https://iiif.dl.itc.u-tokyo.ac.jp/repo/s/honzosho/document/c840c2eb-2dab-99ec-1900-79929bc1847f,https://www.lib.u-tokyo.ac.jp/ja/library/contents/archives-top/reuse,https://iiif.dl.itc.u-tokyo.ac.jp/repo/files/medium/9f1c91cc64e7c10edfe835d3dd35ba1dedc5e04e.jpg,https://iiif.dl.itc.u-tokyo.ac.jp/repo/api/items/683889,"東京大学駒場図書館 Komaba Library, The University of Tokyo, JAPAN",http://iiif.io/api/presentation/2#rightToLeftDirection,,駒場図書館所蔵資源科学研究所本草書コレクション,,https://iiif.dl.itc.u-tokyo.ac.jp/repo/iiif/c840c2eb-2dab-99ec-1900-79929bc1847f/manifest,,,,,90
格致鏡原 100巻 ; 卷33-36,"格致鏡原 100巻 / (清) 陳元龍撰 ; 卷1-4 - 卷96-100. -- [出版者不明], 雍正13 [1735] 序. -- 24冊 ; 24.7×15.9cm.",B3:86,3002924565,,,,,,駒場図書館,086080,,カクチ キョウゲン,http://tify.sub.uni-goettingen.de/demo.html?manifest=https://archdataset.dl.itc.u-tokyo.ac.jp/manifest/914fdeac-6e36-5a35-3d6a-060a94ac4588.json,914fdeac-6e36-5a35-3d6a-060a94ac4588,https://iiif.dl.itc.u-tokyo.ac.jp/repo/s/honzosho/,https://iiif.dl.itc.u-tokyo.ac.jp/repo/s/honzosho/document/914fdeac-6e36-5a35-3d6a-060a94ac4588,https://www.lib.u-tokyo.ac.jp/ja/library/contents/archives-top/reuse,https://iiif.dl.itc.u-tokyo.ac.jp/repo/files/medium/bbeeaecc738c33d71e75d4b0a19537c05d2ffb07.jpg,https://iiif.dl.itc.u-tokyo.ac.jp/repo/api/items/683888,"東京大学駒場図書館 Komaba Library, The University of Tokyo, JAPAN",http://iiif.io/api/presentation/2#rightToLeftDirection,,駒場図書館所蔵資源科学研究所本草書コレクション,,https://iiif.dl.itc.u-tokyo.ac.jp/repo/iiif/914fdeac-6e36-5a35-3d6a-060a94ac4588/manifest,,,,,113
格致鏡原 100巻 ; 卷37-40,"格致鏡原 100巻 / (清) 陳元龍撰 ; 卷1-4 - 卷96-100. -- [出版者不明], 雍正13 [1735] 序. -- 24冊 ; 24.7×15.9cm.",B3:86,3002924573,,,,,,駒場図書館,086090,,カクチ キョウゲン,http://tify.sub.uni-goettingen.de/demo.html?manifest=https://archdataset.dl.itc.u-tokyo.ac.jp/manifest/3ba93139-8be1-94e1-41f9-109aca9d2b59.json,3ba93139-8be1-94e1-41f9-109aca9d2b59,https://iiif.dl.itc.u-tokyo.ac.jp/repo/s/honzosho/,https://iiif.dl.itc.u-tokyo.ac.jp/repo/s/honzosho/document/3ba93139-8be1-94e1-41f9-109aca9d2b59,https://www.lib.u-tokyo.ac.jp/ja/library/contents/archives-top/reuse,https://iiif.dl.itc.u-tokyo.ac.jp/repo/files/medium/364321018c5dba3bbf88582d128b0c328f008c45.jpg,https://iiif.dl.itc.u-tokyo.ac.jp/repo/api/items/683887,"東京大学駒場図書館 Komaba Library, The University of Tokyo, JAPAN",http://iiif.io/api/presentation/2#rightToLeftDirection,,駒場図書館所蔵資源科学研究所本草書コレクション,,https://iiif.dl.itc.u-tokyo.ac.jp/repo/iiif/3ba93139-8be1-94e1-41f9-109aca9d2b59/manifest,,,,,96
格致鏡原 100巻 ; 卷41-43,"格致鏡原 100巻 / (清) 陳元龍撰 ; 卷1-4 - 卷96-100. -- [出版者不明], 雍正13 [1735] 序. -- 24冊 ; 24.7×15.9cm.",B3:86,3002924581,,,,,,駒場図書館,086100,,カクチ キョウゲン,http://tify.sub.uni-goettingen.de/demo.html?manifest=https://archdataset.dl.itc.u-tokyo.ac.jp/manifest/3d8e86e4-6f39-2d0e-5ad3-38187eb2a430.json,3d8e86e4-6f39-2d0e-5ad3-38187eb2a430,https://iiif.dl.itc.u-tokyo.ac.jp/repo/s/honzosho/,https://iiif.dl.itc.u-tokyo.ac.jp/repo/s/honzosho/document/3d8e86e4-6f39-2d0e-5ad3-38187eb2a430,https://www.lib.u-tokyo.ac.jp/ja/library/contents/archives-top/reuse,https://iiif.dl.itc.u-tokyo.ac.jp/repo/files/medium/d055c8c345735bb9f6f9812baed2a6c1cc1ca71d.jpg,https://iiif.dl.itc.u-tokyo.ac.jp/repo/api/items/683886,"東京大学駒場図書館 Komaba Library, The University of Tokyo, JAPAN",http://iiif.io/api/presentation/2#rightToLeftDirection,,駒場図書館所蔵資源科学研究所本草書コレクション,,https://iiif.dl.itc.u-tokyo.ac.jp/repo/iiif/3d8e86e4-6f39-2d0e-5ad3-38187eb2a430/manifest,,,,,81
格致鏡原 100巻 ; 卷44-47,"格致鏡原 100巻 / (清) 陳元龍撰 ; 卷1-4 - 卷96-100. -- [出版者不明], 雍正13 [1735] 序. -- 24冊 ; 24.7×15.9cm.",B3:86,3002924599,,,,,,駒場図書館,086110,,カクチ キョウゲン,http://tify.sub.uni-goettingen.de/demo.html?manifest=https://archdataset.dl.itc.u-tokyo.ac.jp/manifest/24970aea-8d20-1251-7105-9efd4395455e.json,24970aea-8d20-1251-7105-9efd4395455e,https://iiif.dl.itc.u-tokyo.ac.jp/repo/s/honzosho/,https://iiif.dl.itc.u-tokyo.ac.jp/repo/s/honzosho/document/24970aea-8d20-1251-7105-9efd4395455e,https://www.lib.u-tokyo.ac.jp/ja/library/contents/archives-top/reuse,https://iiif.dl.itc.u-tokyo.ac.jp/repo/files/medium/7a5cabddd4350513c5af473f3a8fe5354c93f14d.jpg,https://iiif.dl.itc.u-tokyo.ac.jp/repo/api/items/683885,"東京大学駒場図書館 Komaba Library, The University of Tokyo, JAPAN",http://iiif.io/api/presentation/2#rightToLeftDirection,,駒場図書館所蔵資源科学研究所本草書コレクション,,https://iiif.dl.itc.u-tokyo.ac.jp/repo/iiif/24970aea-8d20-1251-7105-9efd4395455e/manifest,,,,,90
格致鏡原 100巻 ; 卷48-51,"格致鏡原 100巻 / (清) 陳元龍撰 ; 卷1-4 - 卷96-100. -- [出版者不明], 雍正13 [1735] 序. -- 24冊 ; 24.7×15.9cm.",B3:86,3002924607,,,,,,駒場図書館,086120,,カクチ キョウゲン,http://tify.sub.uni-goettingen.de/demo.html?manifest=https://archdataset.dl.itc.u-tokyo.ac.jp/manifest/d69fddf7-77fa-24af-7e15-1f9e7ddb6142.json,d69fddf7-77fa-24af-7e15-1f9e7ddb6142,https://iiif.dl.itc.u-tokyo.ac.jp/repo/s/honzosho/,https://iiif.dl.itc.u-tokyo.ac.jp/repo/s/honzosho/document/d69fddf7-77fa-24af-7e15-1f9e7ddb6142,https://www.lib.u-tokyo.ac.jp/ja/library/contents/archives-top/reuse,https://iiif.dl.itc.u-tokyo.ac.jp/repo/files/medium/514d22a963931a48c018c804cd061dd43b862fac.jpg,https://iiif.dl.itc.u-tokyo.ac.jp/repo/api/items/683884,"東京大学駒場図書館 Komaba Library, The University of Tokyo, JAPAN",http://iiif.io/api/presentation/2#rightToLeftDirection,,駒場図書館所蔵資源科学研究所本草書コレクション,,https://iiif.dl.itc.u-tokyo.ac.jp/repo/iiif/d69fddf7-77fa-24af-7e15-1f9e7ddb6142/manifest,,,,,99
格致鏡原 100巻 ; 卷52-55,"格致鏡原 100巻 / (清) 陳元龍撰 ; 卷1-4 - 卷96-100. -- [出版者不明], 雍正13 [1735] 序. -- 24冊 ; 24.7×15.9cm.",B3:86,3002924615,,,,,,駒場図書館,086130,,カクチ キョウゲン,http://tify.sub.uni-goettingen.de/demo.html?manifest=https://archdataset.dl.itc.u-tokyo.ac.jp/manifest/79da0982-1c9b-6c9c-a3ba-8184f7d23581.json,79da0982-1c9b-6c9c-a3ba-8184f7d23581,https://iiif.dl.itc.u-tokyo.ac.jp/repo/s/honzosho/,https://iiif.dl.itc.u-tokyo.ac.jp/repo/s/honzosho/document/79da0982-1c9b-6c9c-a3ba-8184f7d23581,https://www.lib.u-tokyo.ac.jp/ja/library/contents/archives-top/reuse,https://iiif.dl.itc.u-tokyo.ac.jp/repo/files/medium/b4e10eb56c9e5ea202728152259a6aa8d276e003.jpg,https://iiif.dl.itc.u-tokyo.ac.jp/repo/api/items/683883,"東京大学駒場図書館 Komaba Library, The University of Tokyo, JAPAN",http://iiif.io/api/presentation/2#rightToLeftDirection,,駒場図書館所蔵資源科学研究所本草書コレクション,,https://iiif.dl.itc.u-tokyo.ac.jp/repo/iiif/79da0982-1c9b-6c9c-a3ba-8184f7d23581/manifest,,,,,93
格致鏡原 100巻 ; 卷56-59,"格致鏡原 100巻 / (清) 陳元龍撰 ; 卷1-4 - 卷96-100. -- [出版者不明], 雍正13 [1735] 序. -- 24冊 ; 24.7×15.9cm.",B3:86,3002924623,,,,,,駒場図書館,086140,,カクチ キョウゲン,http://tify.sub.uni-goettingen.de/demo.html?manifest=https://archdataset.dl.itc.u-tokyo.ac.jp/manifest/b6a6f314-7b3d-825c-1220-42cf919f6330.json,b6a6f314-7b3d-825c-1220-42cf919f6330,https://iiif.dl.itc.u-tokyo.ac.jp/repo/s/honzosho/,https://iiif.dl.itc.u-tokyo.ac.jp/repo/s/honzosho/document/b6a6f314-7b3d-825c-1220-42cf919f6330,https://www.lib.u-tokyo.ac.jp/ja/library/contents/archives-top/reuse,https://iiif.dl.itc.u-tokyo.ac.jp/repo/files/medium/184939999b8209fa025dad806cfa22e079eb1bf2.jpg,https://iiif.dl.itc.u-tokyo.ac.jp/repo/api/items/683882,"東京大学駒場図書館 Komaba Library, The University of Tokyo, JAPAN",http://iiif.io/api/presentation/2#rightToLeftDirection,,駒場図書館所蔵資源科学研究所本草書コレクション,,https://iiif.dl.itc.u-tokyo.ac.jp/repo/iiif/b6a6f314-7b3d-825c-1220-42cf919f6330/manifest,,,,,87
格致鏡原 100巻 ; 卷60-64,"格致鏡原 100巻 / (清) 陳元龍撰 ; 卷1-4 - 卷96-100. -- [出版者不明], 雍正13 [1735] 序. -- 24冊 ; 24.7×15.9cm.",B3:86,3002924631,,,,,,駒場図書館,086150,,カクチ キョウゲン,http://tify.sub.uni-goettingen.de/demo.html?manifest=https://archdataset.dl.itc.u-tokyo.ac.jp/manifest/12982184-6a7b-62de-9e4c-11be2e7b23e3.json,12982184-6a7b-62de-9e4c-11be2e7b23e3,https://iiif.dl.itc.u-tokyo.ac.jp/repo/s/honzosho/,https://iiif.dl.itc.u-tokyo.ac.jp/repo/s/honzosho/document/12982184-6a7b-62de-9e4c-11be2e7b23e3,https://www.lib.u-tokyo.ac.jp/ja/library/contents/archives-top/reuse,https://iiif.dl.itc.u-tokyo.ac.jp/repo/files/medium/16cd049f075b7956bb906a204225798449b6f4e4.jpg,https://iiif.dl.itc.u-tokyo.ac.jp/repo/api/items/683881,"東京大学駒場図書館 Komaba Library, The University of Tokyo, JAPAN",http://iiif.io/api/presentation/2#rightToLeftDirection,,駒場図書館所蔵資源科学研究所本草書コレクション,,https://iiif.dl.itc.u-tokyo.ac.jp/repo/iiif/12982184-6a7b-62de-9e4c-11be2e7b23e3/manifest,,,,,105
格致鏡原 100巻 ; 卷65-68,"格致鏡原 100巻 / (清) 陳元龍撰 ; 卷1-4 - 卷96-100. -- [出版者不明], 雍正13 [1735] 序. -- 24冊 ; 24.7×15.9cm.",B3:86,3002924649,,,,,,駒場図書館,086160,,カクチ キョウゲン,http://tify.sub.uni-goettingen.de/demo.html?manifest=https://archdataset.dl.itc.u-tokyo.ac.jp/manifest/95456878-56d3-6bc9-6dfc-2214b8529748.json,95456878-56d3-6bc9-6dfc-2214b8529748,https://iiif.dl.itc.u-tokyo.ac.jp/repo/s/honzosho/,https://iiif.dl.itc.u-tokyo.ac.jp/repo/s/honzosho/document/95456878-56d3-6bc9-6dfc-2214b8529748,https://www.lib.u-tokyo.ac.jp/ja/library/contents/archives-top/reuse,https://iiif.dl.itc.u-tokyo.ac.jp/repo/files/medium/92b994b2727b47f2f7de865a614578cd7bb21bbc.jpg,https://iiif.dl.itc.u-tokyo.ac.jp/repo/api/items/683880,"東京大学駒場図書館 Komaba Library, The University of Tokyo, JAPAN",http://iiif.io/api/presentation/2#rightToLeftDirection,,駒場図書館所蔵資源科学研究所本草書コレクション,,https://iiif.dl.itc.u-tokyo.ac.jp/repo/iiif/95456878-56d3-6bc9-6dfc-2214b8529748/manifest,,,,,103
格致鏡原 100巻 ; 卷69-73,"格致鏡原 100巻 / (清) 陳元龍撰 ; 卷1-4 - 卷96-100. -- [出版者不明], 雍正13 [1735] 序. -- 24冊 ; 24.7×15.9cm.",B3:86,3002924656,,,,,,駒場図書館,086170,,カクチ キョウゲン,http://tify.sub.uni-goettingen.de/demo.html?manifest=https://archdataset.dl.itc.u-tokyo.ac.jp/manifest/15d6bd85-778a-6bd7-1e2d-e3c5b9800e1b.json,15d6bd85-778a-6bd7-1e2d-e3c5b9800e1b,https://iiif.dl.itc.u-tokyo.ac.jp/repo/s/honzosho/,https://iiif.dl.itc.u-tokyo.ac.jp/repo/s/honzosho/document/15d6bd85-778a-6bd7-1e2d-e3c5b9800e1b,https://www.lib.u-tokyo.ac.jp/ja/library/contents/archives-top/reuse,https://iiif.dl.itc.u-tokyo.ac.jp/repo/files/medium/44c9917b17f3900d673c818d33f7f115be1313cb.jpg,https://iiif.dl.itc.u-tokyo.ac.jp/repo/api/items/683879,"東京大学駒場図書館 Komaba Library, The University of Tokyo, JAPAN",http://iiif.io/api/presentation/2#rightToLeftDirection,,駒場図書館所蔵資源科学研究所本草書コレクション,,https://iiif.dl.itc.u-tokyo.ac.jp/repo/iiif/15d6bd85-778a-6bd7-1e2d-e3c5b9800e1b/manifest,,,,,111
格致鏡原 100巻 ; 卷74-77,"格致鏡原 100巻 / (清) 陳元龍撰 ; 卷1-4 - 卷96-100. -- [出版者不明], 雍正13 [1735] 序. -- 24冊 ; 24.7×15.9cm.",B3:86,3002924664,,,,,,駒場図書館,086180,,カクチ キョウゲン,http://tify.sub.uni-goettingen.de/demo.html?manifest=https://archdataset.dl.itc.u-tokyo.ac.jp/manifest/0af3632c-1833-01fb-8679-53f4685b0e1a.json,0af3632c-1833-01fb-8679-53f4685b0e1a,https://iiif.dl.itc.u-tokyo.ac.jp/repo/s/honzosho/,https://iiif.dl.itc.u-tokyo.ac.jp/repo/s/honzosho/document/0af3632c-1833-01fb-8679-53f4685b0e1a,https://www.lib.u-tokyo.ac.jp/ja/library/contents/archives-top/reuse,https://iiif.dl.itc.u-tokyo.ac.jp/repo/files/medium/35ced572c47fcc12a647a26ab4b2513dc4991fbc.jpg,https://iiif.dl.itc.u-tokyo.ac.jp/repo/api/items/683878,"東京大学駒場図書館 Komaba Library, The University of Tokyo, JAPAN",http://iiif.io/api/presentation/2#rightToLeftDirection,,駒場図書館所蔵資源科学研究所本草書コレクション,,https://iiif.dl.itc.u-tokyo.ac.jp/repo/iiif/0af3632c-1833-01fb-8679-53f4685b0e1a/manifest,,,,,97
格致鏡原 100巻 ; 卷78-81,"格致鏡原 100巻 / (清) 陳元龍撰 ; 卷1-4 - 卷96-100. -- [出版者不明], 雍正13 [1735] 序. -- 24冊 ; 24.7×15.9cm.",B3:86,3002924672,,,,,,駒場図書館,086190,,カクチ キョウゲン,http://tify.sub.uni-goettingen.de/demo.html?manifest=https://archdataset.dl.itc.u-tokyo.ac.jp/manifest/953bbb5b-14dc-99d5-9a74-6943df319d5d.json,953bbb5b-14dc-99d5-9a74-6943df319d5d,https://iiif.dl.itc.u-tokyo.ac.jp/repo/s/honzosho/,https://iiif.dl.itc.u-tokyo.ac.jp/repo/s/honzosho/document/953bbb5b-14dc-99d5-9a74-6943df319d5d,https://www.lib.u-tokyo.ac.jp/ja/library/contents/archives-top/reuse,https://iiif.dl.itc.u-tokyo.ac.jp/repo/files/medium/43df4c8415f628a97db37cc45951f368267746de.jpg,https://iiif.dl.itc.u-tokyo.ac.jp/repo/api/items/683877,"東京大学駒場図書館 Komaba Library, The University of Tokyo, JAPAN",http://iiif.io/api/presentation/2#rightToLeftDirection,,駒場図書館所蔵資源科学研究所本草書コレクション,,https://iiif.dl.itc.u-tokyo.ac.jp/repo/iiif/953bbb5b-14dc-99d5-9a74-6943df319d5d/manifest,,,,,100
格致鏡原 100巻 ; 卷82-86,"格致鏡原 100巻 / (清) 陳元龍撰 ; 卷1-4 - 卷96-100. -- [出版者不明], 雍正13 [1735] 序. -- 24冊 ; 24.7×15.9cm.",B3:86,3002924680,,,,,,駒場図書館,086200,,カクチ キョウゲン,http://tify.sub.uni-goettingen.de/demo.html?manifest=https://archdataset.dl.itc.u-tokyo.ac.jp/manifest/f26efcf9-7c3a-03bb-93a4-cb418c3429ec.json,f26efcf9-7c3a-03bb-93a4-cb418c3429ec,https://iiif.dl.itc.u-tokyo.ac.jp/repo/s/honzosho/,https://iiif.dl.itc.u-tokyo.ac.jp/repo/s/honzosho/document/f26efcf9-7c3a-03bb-93a4-cb418c3429ec,https://www.lib.u-tokyo.ac.jp/ja/library/contents/archives-top/reuse,https://iiif.dl.itc.u-tokyo.ac.jp/repo/files/medium/6fe20b779410990d4e7369390e6e39f20ca5305e.jpg,https://iiif.dl.itc.u-tokyo.ac.jp/repo/api/items/683876,"東京大学駒場図書館 Komaba Library, The University of Tokyo, JAPAN",http://iiif.io/api/presentation/2#rightToLeftDirection,,駒場図書館所蔵資源科学研究所本草書コレクション,,https://iiif.dl.itc.u-tokyo.ac.jp/repo/iiif/f26efcf9-7c3a-03bb-93a4-cb418c3429ec/manifest,,,,,109
格致鏡原 100巻 ; 卷87-90,"格致鏡原 100巻 / (清) 陳元龍撰 ; 卷1-4 - 卷96-100. -- [出版者不明], 雍正13 [1735] 序. -- 24冊 ; 24.7×15.9cm.",B3:86,3002924698,,,,,,駒場図書館,086210,,カクチ キョウゲン,http://tify.sub.uni-goettingen.de/demo.html?manifest=https://archdataset.dl.itc.u-tokyo.ac.jp/manifest/b7c7ff09-5c61-a665-5673-7d5578dd241f.json,b7c7ff09-5c61-a665-5673-7d5578dd241f,https://iiif.dl.itc.u-tokyo.ac.jp/repo/s/honzosho/,https://iiif.dl.itc.u-tokyo.ac.jp/repo/s/honzosho/document/b7c7ff09-5c61-a665-5673-7d5578dd241f,https://www.lib.u-tokyo.ac.jp/ja/library/contents/archives-top/reuse,https://iiif.dl.itc.u-tokyo.ac.jp/repo/files/medium/2869a8ff9870275f84725f26b23094541628b955.jpg,https://iiif.dl.itc.u-tokyo.ac.jp/repo/api/items/683875,"東京大学駒場図書館 Komaba Library, The University of Tokyo, JAPAN",http://iiif.io/api/presentation/2#rightToLeftDirection,,駒場図書館所蔵資源科学研究所本草書コレクション,,https://iiif.dl.itc.u-tokyo.ac.jp/repo/iiif/b7c7ff09-5c61-a665-5673-7d5578dd241f/manifest,,,,,87
格致鏡原 100巻 ; 卷91-95,"格致鏡原 100巻 / (清) 陳元龍撰 ; 卷1-4 - 卷96-100. -- [出版者不明], 雍正13 [1735] 序. -- 24冊 ; 24.7×15.9cm.",B3:86,3002924706,,,,,,駒場図書館,086220,,カクチ キョウゲン,http://tify.sub.uni-goettingen.de/demo.html?manifest=https://archdataset.dl.itc.u-tokyo.ac.jp/manifest/0516ced5-74ba-8105-2633-e8cc5c4da796.json,0516ced5-74ba-8105-2633-e8cc5c4da796,https://iiif.dl.itc.u-tokyo.ac.jp/repo/s/honzosho/,https://iiif.dl.itc.u-tokyo.ac.jp/repo/s/honzosho/document/0516ced5-74ba-8105-2633-e8cc5c4da796,https://www.lib.u-tokyo.ac.jp/ja/library/contents/archives-top/reuse,https://iiif.dl.itc.u-tokyo.ac.jp/repo/files/medium/464729e940bec1f318e8782ebfa5683dcaeb6986.jpg,https://iiif.dl.itc.u-tokyo.ac.jp/repo/api/items/683874,"東京大学駒場図書館 Komaba Library, The University of Tokyo, JAPAN",http://iiif.io/api/presentation/2#rightToLeftDirection,,駒場図書館所蔵資源科学研究所本草書コレクション,,https://iiif.dl.itc.u-tokyo.ac.jp/repo/iiif/0516ced5-74ba-8105-2633-e8cc5c4da796/manifest,,,,,110
格致鏡原 100巻 ; 卷96-100,"格致鏡原 100巻 / (清) 陳元龍撰 ; 卷1-4 - 卷96-100. -- [出版者不明], 雍正13 [1735] 序. -- 24冊 ; 24.7×15.9cm.",B3:86,3002924714,,,,,,駒場図書館,086230,,カクチ キョウゲン,http://tify.sub.uni-goettingen.de/demo.html?manifest=https://archdataset.dl.itc.u-tokyo.ac.jp/manifest/b277f57a-40b2-270c-0bf8-32ec0c0b993b.json,b277f57a-40b2-270c-0bf8-32ec0c0b993b,https://iiif.dl.itc.u-tokyo.ac.jp/repo/s/honzosho/,https://iiif.dl.itc.u-tokyo.ac.jp/repo/s/honzosho/document/b277f57a-40b2-270c-0bf8-32ec0c0b993b,https://www.lib.u-tokyo.ac.jp/ja/library/contents/archives-top/reuse,https://iiif.dl.itc.u-tokyo.ac.jp/repo/files/medium/68c59392cdf8ad17b36bf372bd49b05e5f9ecb46.jpg,https://iiif.dl.itc.u-tokyo.ac.jp/repo/api/items/683873,"東京大学駒場図書館 Komaba Library, The University of Tokyo, JAPAN",http://iiif.io/api/presentation/2#rightToLeftDirection,,駒場図書館所蔵資源科学研究所本草書コレクション,,https://iiif.dl.itc.u-tokyo.ac.jp/repo/iiif/b277f57a-40b2-270c-0bf8-32ec0c0b993b/manifest,,,,,112
類林新咏 36巻 ; 卷之1-2,"類林新咏 36巻 / (清) 姚之駰譔注 ; 卷之1-2 - 卷之35-36. -- 敦化堂, 康熙47 [1708] 序. -- 16冊 ; 25.2×16.4cm.",B3:87,3002924722,,,,,,駒場図書館,087000,,ルイリン シンエイ,http://tify.sub.uni-goettingen.de/demo.html?manifest=https://archdataset.dl.itc.u-tokyo.ac.jp/manifest/ce39667e-83d0-5205-4742-437d66e79e21.json,ce39667e-83d0-5205-4742-437d66e79e21,https://iiif.dl.itc.u-tokyo.ac.jp/repo/s/honzosho/,https://iiif.dl.itc.u-tokyo.ac.jp/repo/s/honzosho/document/ce39667e-83d0-5205-4742-437d66e79e21,https://www.lib.u-tokyo.ac.jp/ja/library/contents/archives-top/reuse,https://iiif.dl.itc.u-tokyo.ac.jp/repo/files/medium/faf10844d51cb365ffdde5ab258da0500d9aec5e.jpg,https://iiif.dl.itc.u-tokyo.ac.jp/repo/api/items/683872,"東京大学駒場図書館 Komaba Library, The University of Tokyo, JAPAN",http://iiif.io/api/presentation/2#rightToLeftDirection,,駒場図書館所蔵資源科学研究所本草書コレクション,,https://iiif.dl.itc.u-tokyo.ac.jp/repo/iiif/ce39667e-83d0-5205-4742-437d66e79e21/manifest,,,,,68
類林新咏 36巻 ; 卷之3-5,"類林新咏 36巻 / (清) 姚之駰譔注 ; 卷之1-2 - 卷之35-36. -- 敦化堂, 康熙47 [1708] 序. -- 16冊 ; 25.2×16.4cm.",B3:87,3002924730,,,,,,駒場図書館,087010,,ルイリン シンエイ,http://tify.sub.uni-goettingen.de/demo.html?manifest=https://archdataset.dl.itc.u-tokyo.ac.jp/manifest/17768dd5-2f19-a4b9-8857-b27948227f72.json,17768dd5-2f19-a4b9-8857-b27948227f72,https://iiif.dl.itc.u-tokyo.ac.jp/repo/s/honzosho/,https://iiif.dl.itc.u-tokyo.ac.jp/repo/s/honzosho/document/17768dd5-2f19-a4b9-8857-b27948227f72,https://www.lib.u-tokyo.ac.jp/ja/library/contents/archives-top/reuse,https://iiif.dl.itc.u-tokyo.ac.jp/repo/files/medium/af3fab73f4ca6ecbce0303c80818cf946856a63a.jpg,https://iiif.dl.itc.u-tokyo.ac.jp/repo/api/items/683871,"東京大学駒場図書館 Komaba Library, The University of Tokyo, JAPAN",http://iiif.io/api/presentation/2#rightToLeftDirection,,駒場図書館所蔵資源科学研究所本草書コレクション,,https://iiif.dl.itc.u-tokyo.ac.jp/repo/iiif/17768dd5-2f19-a4b9-8857-b27948227f72/manifest,,,,,66
類林新咏 36巻 ; 卷之6-8,"類林新咏 36巻 / (清) 姚之駰譔注 ; 卷之1-2 - 卷之35-36. -- 敦化堂, 康熙47 [1708] 序. -- 16冊 ; 25.2×16.4cm.",B3:87,3002924748,,,,,,駒場図書館,087020,,ルイリン シンエイ,http://tify.sub.uni-goettingen.de/demo.html?manifest=https://archdataset.dl.itc.u-tokyo.ac.jp/manifest/f22efc74-19ec-99bb-7c00-349516352f4f.json,f22efc74-19ec-99bb-7c00-349516352f4f,https://iiif.dl.itc.u-tokyo.ac.jp/repo/s/honzosho/,https://iiif.dl.itc.u-tokyo.ac.jp/repo/s/honzosho/document/f22efc74-19ec-99bb-7c00-349516352f4f,https://www.lib.u-tokyo.ac.jp/ja/library/contents/archives-top/reuse,https://iiif.dl.itc.u-tokyo.ac.jp/repo/files/medium/8fc6246f148e7fe1382f8449be11ca2d005303ce.jpg,https://iiif.dl.itc.u-tokyo.ac.jp/repo/api/items/683870,"東京大学駒場図書館 Komaba Library, The University of Tokyo, JAPAN",http://iiif.io/api/presentation/2#rightToLeftDirection,,駒場図書館所蔵資源科学研究所本草書コレクション,,https://iiif.dl.itc.u-tokyo.ac.jp/repo/iiif/f22efc74-19ec-99bb-7c00-349516352f4f/manifest,,,,,74
類林新咏 36巻 ; 卷之9-10,"類林新咏 36巻 / (清) 姚之駰譔注 ; 卷之1-2 - 卷之35-36. -- 敦化堂, 康熙47 [1708] 序. -- 16冊 ; 25.2×16.4cm.",B3:87,3002924755,,,,,,駒場図書館,087030,,ルイリン シンエイ,http://tify.sub.uni-goettingen.de/demo.html?manifest=https://archdataset.dl.itc.u-tokyo.ac.jp/manifest/503ea3cd-7b26-70e6-3151-04d27bf16c25.json,503ea3cd-7b26-70e6-3151-04d27bf16c25,https://iiif.dl.itc.u-tokyo.ac.jp/repo/s/honzosho/,https://iiif.dl.itc.u-tokyo.ac.jp/repo/s/honzosho/document/503ea3cd-7b26-70e6-3151-04d27bf16c25,https://www.lib.u-tokyo.ac.jp/ja/library/contents/archives-top/reuse,https://iiif.dl.itc.u-tokyo.ac.jp/repo/files/medium/d5dd4cc66a80c578604a3c6b811ae9e1b85d8aaf.jpg,https://iiif.dl.itc.u-tokyo.ac.jp/repo/api/items/683869,"東京大学駒場図書館 Komaba Library, The University of Tokyo, JAPAN",http://iiif.io/api/presentation/2#rightToLeftDirection,,駒場図書館所蔵資源科学研究所本草書コレクション,,https://iiif.dl.itc.u-tokyo.ac.jp/repo/iiif/503ea3cd-7b26-70e6-3151-04d27bf16c25/manifest,,,,,60
類林新咏 36巻 ; 卷之11-13,"類林新咏 36巻 / (清) 姚之駰譔注 ; 卷之1-2 - 卷之35-36. -- 敦化堂, 康熙47 [1708] 序. -- 16冊 ; 25.2×16.4cm.",B3:87,3002924763,,,,,,駒場図書館,087040,,ルイリン シンエイ,http://tify.sub.uni-goettingen.de/demo.html?manifest=https://archdataset.dl.itc.u-tokyo.ac.jp/manifest/502f1af9-6d78-062e-a70b-aeb0cc738c3d.json,502f1af9-6d78-062e-a70b-aeb0cc738c3d,https://iiif.dl.itc.u-tokyo.ac.jp/repo/s/honzosho/,https://iiif.dl.itc.u-tokyo.ac.jp/repo/s/honzosho/document/502f1af9-6d78-062e-a70b-aeb0cc738c3d,https://www.lib.u-tokyo.ac.jp/ja/library/contents/archives-top/reuse,https://iiif.dl.itc.u-tokyo.ac.jp/repo/files/medium/2699b131c7df8728ab42321b1904b83f5f233ef5.jpg,https://iiif.dl.itc.u-tokyo.ac.jp/repo/api/items/683868,"東京大学駒場図書館 Komaba Library, The University of Tokyo, JAPAN",http://iiif.io/api/presentation/2#rightToLeftDirection,,駒場図書館所蔵資源科学研究所本草書コレクション,,https://iiif.dl.itc.u-tokyo.ac.jp/repo/iiif/502f1af9-6d78-062e-a70b-aeb0cc738c3d/manifest,,,,,73
類林新咏 36巻 ; 卷之14-15,"類林新咏 36巻 / (清) 姚之駰譔注 ; 卷之1-2 - 卷之35-36. -- 敦化堂, 康熙47 [1708] 序. -- 16冊 ; 25.2×16.4cm.",B3:87,3002924771,,,,,,駒場図書館,087050,,ルイリン シンエイ,http://tify.sub.uni-goettingen.de/demo.html?manifest=https://archdataset.dl.itc.u-tokyo.ac.jp/manifest/9a017070-2f83-6db2-5712-4e94fc6b2b34.json,9a017070-2f83-6db2-5712-4e94fc6b2b34,https://iiif.dl.itc.u-tokyo.ac.jp/repo/s/honzosho/,https://iiif.dl.itc.u-tokyo.ac.jp/repo/s/honzosho/document/9a017070-2f83-6db2-5712-4e94fc6b2b34,https://www.lib.u-tokyo.ac.jp/ja/library/contents/archives-top/reuse,https://iiif.dl.itc.u-tokyo.ac.jp/repo/files/medium/893a1c77c9eccfdbaffdbd2aec1ae5c6047517cb.jpg,https://iiif.dl.itc.u-tokyo.ac.jp/repo/api/items/683867,"東京大学駒場図書館 Komaba Library, The University of Tokyo, JAPAN",http://iiif.io/api/presentation/2#rightToLeftDirection,,駒場図書館所蔵資源科学研究所本草書コレクション,,https://iiif.dl.itc.u-tokyo.ac.jp/repo/iiif/9a017070-2f83-6db2-5712-4e94fc6b2b34/manifest,,,,,63
類林新咏 36巻 ; 卷之16-17,"類林新咏 36巻 / (清) 姚之駰譔注 ; 卷之1-2 - 卷之35-36. -- 敦化堂, 康熙47 [1708] 序. -- 16冊 ; 25.2×16.4cm.",B3:87,3002924789,,,,,,駒場図書館,087060,,ルイリン シンエイ,http://tify.sub.uni-goettingen.de/demo.html?manifest=https://archdataset.dl.itc.u-tokyo.ac.jp/manifest/5b858897-289c-6cd5-5278-e5368a016d33.json,5b858897-289c-6cd5-5278-e5368a016d33,https://iiif.dl.itc.u-tokyo.ac.jp/repo/s/honzosho/,https://iiif.dl.itc.u-tokyo.ac.jp/repo/s/honzosho/document/5b858897-289c-6cd5-5278-e5368a016d33,https://www.lib.u-tokyo.ac.jp/ja/library/contents/archives-top/reuse,https://iiif.dl.itc.u-tokyo.ac.jp/repo/files/medium/a16e2e2786a8f7811fcc1e671eb34b211b91d747.jpg,https://iiif.dl.itc.u-tokyo.ac.jp/repo/api/items/683866,"東京大学駒場図書館 Komaba Library, The University of Tokyo, JAPAN",http://iiif.io/api/presentation/2#rightToLeftDirection,,駒場図書館所蔵資源科学研究所本草書コレクション,,https://iiif.dl.itc.u-tokyo.ac.jp/repo/iiif/5b858897-289c-6cd5-5278-e5368a016d33/manifest,,,,,48
類林新咏 36巻 ; 卷之18-19,"類林新咏 36巻 / (清) 姚之駰譔注 ; 卷之1-2 - 卷之35-36. -- 敦化堂, 康熙47 [1708] 序. -- 16冊 ; 25.2×16.4cm.",B3:87,3002924797,,,,,,駒場図書館,087070,,ルイリン シンエイ,http://tify.sub.uni-goettingen.de/demo.html?manifest=https://archdataset.dl.itc.u-tokyo.ac.jp/manifest/db587def-2a94-6100-12bd-0a31449d97ea.json,db587def-2a94-6100-12bd-0a31449d97ea,https://iiif.dl.itc.u-tokyo.ac.jp/repo/s/honzosho/,https://iiif.dl.itc.u-tokyo.ac.jp/repo/s/honzosho/document/db587def-2a94-6100-12bd-0a31449d97ea,https://www.lib.u-tokyo.ac.jp/ja/library/contents/archives-top/reuse,https://iiif.dl.itc.u-tokyo.ac.jp/repo/files/medium/adadd72f91de7896a661042e8cc7672d2a4fed14.jpg,https://iiif.dl.itc.u-tokyo.ac.jp/repo/api/items/683865,"東京大学駒場図書館 Komaba Library, The University of Tokyo, JAPAN",http://iiif.io/api/presentation/2#rightToLeftDirection,,駒場図書館所蔵資源科学研究所本草書コレクション,,https://iiif.dl.itc.u-tokyo.ac.jp/repo/iiif/db587def-2a94-6100-12bd-0a31449d97ea/manifest,,,,,65
類林新咏 36巻 ; 卷之20-22,"類林新咏 36巻 / (清) 姚之駰譔注 ; 卷之1-2 - 卷之35-36. -- 敦化堂, 康熙47 [1708] 序. -- 16冊 ; 25.2×16.4cm.",B3:87,3002924805,,,,,,駒場図書館,087080,,ルイリン シンエイ,http://tify.sub.uni-goettingen.de/demo.html?manifest=https://archdataset.dl.itc.u-tokyo.ac.jp/manifest/d946a671-549a-5bc0-3022-18f14c220f81.json,d946a671-549a-5bc0-3022-18f14c220f81,https://iiif.dl.itc.u-tokyo.ac.jp/repo/s/honzosho/,https://iiif.dl.itc.u-tokyo.ac.jp/repo/s/honzosho/document/d946a671-549a-5bc0-3022-18f14c220f81,https://www.lib.u-tokyo.ac.jp/ja/library/contents/archives-top/reuse,https://iiif.dl.itc.u-tokyo.ac.jp/repo/files/medium/546a389be9719d0fdea82134cf42d840fd85ba1e.jpg,https://iiif.dl.itc.u-tokyo.ac.jp/repo/api/items/683864,"東京大学駒場図書館 Komaba Library, The University of Tokyo, JAPAN",http://iiif.io/api/presentation/2#rightToLeftDirection,,駒場図書館所蔵資源科学研究所本草書コレクション,,https://iiif.dl.itc.u-tokyo.ac.jp/repo/iiif/d946a671-549a-5bc0-3022-18f14c220f81/manifest,,,,,68
類林新咏 36巻 ; 卷之23-24,"類林新咏 36巻 / (清) 姚之駰譔注 ; 卷之1-2 - 卷之35-36. -- 敦化堂, 康熙47 [1708] 序. -- 16冊 ; 25.2×16.4cm.",B3:87,3002924813,,,,,,駒場図書館,087090,,ルイリン シンエイ,http://tify.sub.uni-goettingen.de/demo.html?manifest=https://archdataset.dl.itc.u-tokyo.ac.jp/manifest/01989886-7d7a-234f-1d8c-240cc5388650.json,01989886-7d7a-234f-1d8c-240cc5388650,https://iiif.dl.itc.u-tokyo.ac.jp/repo/s/honzosho/,https://iiif.dl.itc.u-tokyo.ac.jp/repo/s/honzosho/document/01989886-7d7a-234f-1d8c-240cc5388650,https://www.lib.u-tokyo.ac.jp/ja/library/contents/archives-top/reuse,https://iiif.dl.itc.u-tokyo.ac.jp/repo/files/medium/1f4d6e2274ca2e0e7ab40d5621177edebce8cd23.jpg,https://iiif.dl.itc.u-tokyo.ac.jp/repo/api/items/683863,"東京大学駒場図書館 Komaba Library, The University of Tokyo, JAPAN",http://iiif.io/api/presentation/2#rightToLeftDirection,,駒場図書館所蔵資源科学研究所本草書コレクション,,https://iiif.dl.itc.u-tokyo.ac.jp/repo/iiif/01989886-7d7a-234f-1d8c-240cc5388650/manifest,,,,,58
類林新咏 36巻 ; 卷之25-26,"類林新咏 36巻 / (清) 姚之駰譔注 ; 卷之1-2 - 卷之35-36. -- 敦化堂, 康熙47 [1708] 序. -- 16冊 ; 25.2×16.4cm.",B3:87,3002924821,,,,,,駒場図書館,087100,,ルイリン シンエイ,http://tify.sub.uni-goettingen.de/demo.html?manifest=https://archdataset.dl.itc.u-tokyo.ac.jp/manifest/faa9516a-9cf2-0b41-3ce5-311f210a432e.json,faa9516a-9cf2-0b41-3ce5-311f210a432e,https://iiif.dl.itc.u-tokyo.ac.jp/repo/s/honzosho/,https://iiif.dl.itc.u-tokyo.ac.jp/repo/s/honzosho/document/faa9516a-9cf2-0b41-3ce5-311f210a432e,https://www.lib.u-tokyo.ac.jp/ja/library/contents/archives-top/reuse,https://iiif.dl.itc.u-tokyo.ac.jp/repo/files/medium/c370e8c0d07f71a439a6cae41e95f74a080035e7.jpg,https://iiif.dl.itc.u-tokyo.ac.jp/repo/api/items/683862,"東京大学駒場図書館 Komaba Library, The University of Tokyo, JAPAN",http://iiif.io/api/presentation/2#rightToLeftDirection,,駒場図書館所蔵資源科学研究所本草書コレクション,,https://iiif.dl.itc.u-tokyo.ac.jp/repo/iiif/faa9516a-9cf2-0b41-3ce5-311f210a432e/manifest,,,,,47
類林新咏 36巻 ; 卷之27-28,"類林新咏 36巻 / (清) 姚之駰譔注 ; 卷之1-2 - 卷之35-36. -- 敦化堂, 康熙47 [1708] 序. -- 16冊 ; 25.2×16.4cm.",B3:87,3002924839,,,,,,駒場図書館,087110,,ルイリン シンエイ,http://tify.sub.uni-goettingen.de/demo.html?manifest=https://archdataset.dl.itc.u-tokyo.ac.jp/manifest/5e43dab2-0d5c-2003-a284-53aa66018349.json,5e43dab2-0d5c-2003-a284-53aa66018349,https://iiif.dl.itc.u-tokyo.ac.jp/repo/s/honzosho/,https://iiif.dl.itc.u-tokyo.ac.jp/repo/s/honzosho/document/5e43dab2-0d5c-2003-a284-53aa66018349,https://www.lib.u-tokyo.ac.jp/ja/library/contents/archives-top/reuse,https://iiif.dl.itc.u-tokyo.ac.jp/repo/files/medium/b8ddcd96b8f293919d190fec6adcc86e858c2b54.jpg,https://iiif.dl.itc.u-tokyo.ac.jp/repo/api/items/683861,"東京大学駒場図書館 Komaba Library, The University of Tokyo, JAPAN",http://iiif.io/api/presentation/2#rightToLeftDirection,,駒場図書館所蔵資源科学研究所本草書コレクション,,https://iiif.dl.itc.u-tokyo.ac.jp/repo/iiif/5e43dab2-0d5c-2003-a284-53aa66018349/manifest,,,,,54
類林新咏 36巻 ; 卷之29-30,"類林新咏 36巻 / (清) 姚之駰譔注 ; 卷之1-2 - 卷之35-36. -- 敦化堂, 康熙47 [1708] 序. -- 16冊 ; 25.2×16.4cm.",B3:87,3002924847,,,,,,駒場図書館,087120,,ルイリン シンエイ,http://tify.sub.uni-goettingen.de/demo.html?manifest=https://archdataset.dl.itc.u-tokyo.ac.jp/manifest/72a7973f-60d5-555c-3802-1da09ff38a1f.json,72a7973f-60d5-555c-3802-1da09ff38a1f,https://iiif.dl.itc.u-tokyo.ac.jp/repo/s/honzosho/,https://iiif.dl.itc.u-tokyo.ac.jp/repo/s/honzosho/document/72a7973f-60d5-555c-3802-1da09ff38a1f,https://www.lib.u-tokyo.ac.jp/ja/library/contents/archives-top/reuse,https://iiif.dl.itc.u-tokyo.ac.jp/repo/files/medium/10ad2f5f1d089c13667c814ae6b2e355ddef53e7.jpg,https://iiif.dl.itc.u-tokyo.ac.jp/repo/api/items/683860,"東京大学駒場図書館 Komaba Library, The University of Tokyo, JAPAN",http://iiif.io/api/presentation/2#rightToLeftDirection,,駒場図書館所蔵資源科学研究所本草書コレクション,,https://iiif.dl.itc.u-tokyo.ac.jp/repo/iiif/72a7973f-60d5-555c-3802-1da09ff38a1f/manifest,,,,,56
類林新咏 36巻 ; 卷之31-32,"類林新咏 36巻 / (清) 姚之駰譔注 ; 卷之1-2 - 卷之35-36. -- 敦化堂, 康熙47 [1708] 序. -- 16冊 ; 25.2×16.4cm.",B3:87,3002924854,,,,,,駒場図書館,087130,,ルイリン シンエイ,http://tify.sub.uni-goettingen.de/demo.html?manifest=https://archdataset.dl.itc.u-tokyo.ac.jp/manifest/eb8d2a1d-7e84-a313-2bd4-f8b8ab824499.json,eb8d2a1d-7e84-a313-2bd4-f8b8ab824499,https://iiif.dl.itc.u-tokyo.ac.jp/repo/s/honzosho/,https://iiif.dl.itc.u-tokyo.ac.jp/repo/s/honzosho/document/eb8d2a1d-7e84-a313-2bd4-f8b8ab824499,https://www.lib.u-tokyo.ac.jp/ja/library/contents/archives-top/reuse,https://iiif.dl.itc.u-tokyo.ac.jp/repo/files/medium/86df854066f061f41899599ae5fed9f91af3d61c.jpg,https://iiif.dl.itc.u-tokyo.ac.jp/repo/api/items/683859,"東京大学駒場図書館 Komaba Library, The University of Tokyo, JAPAN",http://iiif.io/api/presentation/2#rightToLeftDirection,,駒場図書館所蔵資源科学研究所本草書コレクション,,https://iiif.dl.itc.u-tokyo.ac.jp/repo/iiif/eb8d2a1d-7e84-a313-2bd4-f8b8ab824499/manifest,,,,,68
類林新咏 36巻 ; 卷之33-34,"類林新咏 36巻 / (清) 姚之駰譔注 ; 卷之1-2 - 卷之35-36. -- 敦化堂, 康熙47 [1708] 序. -- 16冊 ; 25.2×16.4cm.",B3:87,3002924862,,,,,,駒場図書館,087140,,ルイリン シンエイ,http://tify.sub.uni-goettingen.de/demo.html?manifest=https://archdataset.dl.itc.u-tokyo.ac.jp/manifest/93df75d5-9c7a-464e-7e1a-e0c9e7b10da8.json,93df75d5-9c7a-464e-7e1a-e0c9e7b10da8,https://iiif.dl.itc.u-tokyo.ac.jp/repo/s/honzosho/,https://iiif.dl.itc.u-tokyo.ac.jp/repo/s/honzosho/document/93df75d5-9c7a-464e-7e1a-e0c9e7b10da8,https://www.lib.u-tokyo.ac.jp/ja/library/contents/archives-top/reuse,https://iiif.dl.itc.u-tokyo.ac.jp/repo/files/medium/c8a8fc3ecd36e1d570fce0f434941dd77f56805c.jpg,https://iiif.dl.itc.u-tokyo.ac.jp/repo/api/items/683858,"東京大学駒場図書館 Komaba Library, The University of Tokyo, JAPAN",http://iiif.io/api/presentation/2#rightToLeftDirection,,駒場図書館所蔵資源科学研究所本草書コレクション,,https://iiif.dl.itc.u-tokyo.ac.jp/repo/iiif/93df75d5-9c7a-464e-7e1a-e0c9e7b10da8/manifest,,,,,56
類林新咏 36巻 ; 卷之35-36,"類林新咏 36巻 / (清) 姚之駰譔注 ; 卷之1-2 - 卷之35-36. -- 敦化堂, 康熙47 [1708] 序. -- 16冊 ; 25.2×16.4cm.",B3:87,3002924870,,,,,,駒場図書館,087150,,ルイリン シンエイ,http://tify.sub.uni-goettingen.de/demo.html?manifest=https://archdataset.dl.itc.u-tokyo.ac.jp/manifest/4f4bc570-143c-8141-16d2-e479a10f4c6f.json,4f4bc570-143c-8141-16d2-e479a10f4c6f,https://iiif.dl.itc.u-tokyo.ac.jp/repo/s/honzosho/,https://iiif.dl.itc.u-tokyo.ac.jp/repo/s/honzosho/document/4f4bc570-143c-8141-16d2-e479a10f4c6f,https://www.lib.u-tokyo.ac.jp/ja/library/contents/archives-top/reuse,https://iiif.dl.itc.u-tokyo.ac.jp/repo/files/medium/de7445fac9df65d384b657c182bd62d1086404cd.jpg,https://iiif.dl.itc.u-tokyo.ac.jp/repo/api/items/683857,"東京大学駒場図書館 Komaba Library, The University of Tokyo, JAPAN",http://iiif.io/api/presentation/2#rightToLeftDirection,,駒場図書館所蔵資源科学研究所本草書コレクション,,https://iiif.dl.itc.u-tokyo.ac.jp/repo/iiif/4f4bc570-143c-8141-16d2-e479a10f4c6f/manifest,,,,,60
藥性本草約言 4巻 ; 卷之1,"藥性本草約言 4巻 / (明) 薛己編輯 ; (明) 燕志學校正 ; 卷之1 - 卷之4. -- 田原二左衛門, 万治3 [1660]. -- 4冊 ; 26.7×18.8cm.",B3:88,3002924888,,,,,,駒場図書館,088000,,ヤクショウ ホンゾウ ヤクゲン,http://tify.sub.uni-goettingen.de/demo.html?manifest=https://archdataset.dl.itc.u-tokyo.ac.jp/manifest/0aa9bed3-45b9-7a48-7ec9-c397e1972ef7.json,0aa9bed3-45b9-7a48-7ec9-c397e1972ef7,https://iiif.dl.itc.u-tokyo.ac.jp/repo/s/honzosho/,https://iiif.dl.itc.u-tokyo.ac.jp/repo/s/honzosho/document/0aa9bed3-45b9-7a48-7ec9-c397e1972ef7,https://www.lib.u-tokyo.ac.jp/ja/library/contents/archives-top/reuse,https://iiif.dl.itc.u-tokyo.ac.jp/repo/files/medium/3151be8fa8ddaaf3a046dd6008d6821df8dd91a2.jpg,https://iiif.dl.itc.u-tokyo.ac.jp/repo/api/items/683856,"東京大学駒場図書館 Komaba Library, The University of Tokyo, JAPAN",http://iiif.io/api/presentation/2#rightToLeftDirection,,駒場図書館所蔵資源科学研究所本草書コレクション,,https://iiif.dl.itc.u-tokyo.ac.jp/repo/iiif/0aa9bed3-45b9-7a48-7ec9-c397e1972ef7/manifest,,,,,90
藥性本草約言 4巻 ; 卷之2,"藥性本草約言 4巻 / (明) 薛己編輯 ; (明) 燕志學校正 ; 卷之1 - 卷之4. -- 田原二左衛門, 万治3 [1660]. -- 4冊 ; 26.7×18.8cm.",B3:88,3002924896,,,,,,駒場図書館,088010,,ヤクショウ ホンゾウ ヤクゲン,http://tify.sub.uni-goettingen.de/demo.html?manifest=https://archdataset.dl.itc.u-tokyo.ac.jp/manifest/34825525-11f0-193e-15fc-c2f9cd06702a.json,34825525-11f0-193e-15fc-c2f9cd06702a,https://iiif.dl.itc.u-tokyo.ac.jp/repo/s/honzosho/,https://iiif.dl.itc.u-tokyo.ac.jp/repo/s/honzosho/document/34825525-11f0-193e-15fc-c2f9cd06702a,https://www.lib.u-tokyo.ac.jp/ja/library/contents/archives-top/reuse,https://iiif.dl.itc.u-tokyo.ac.jp/repo/files/medium/bb3fb3dd2d1b0b014944478c4c7680c818b916be.jpg,https://iiif.dl.itc.u-tokyo.ac.jp/repo/api/items/683855,"東京大学駒場図書館 Komaba Library, The University of Tokyo, JAPAN",http://iiif.io/api/presentation/2#rightToLeftDirection,,駒場図書館所蔵資源科学研究所本草書コレクション,,https://iiif.dl.itc.u-tokyo.ac.jp/repo/iiif/34825525-11f0-193e-15fc-c2f9cd06702a/manifest,,,,,62
藥性本草約言 4巻 ; 卷之3,"藥性本草約言 4巻 / (明) 薛己編輯 ; (明) 燕志學校正 ; 卷之1 - 卷之4. -- 田原二左衛門, 万治3 [1660]. -- 4冊 ; 26.7×18.8cm.",B3:88,3002924904,,,,,,駒場図書館,088020,,ヤクショウ ホンゾウ ヤクゲン,http://tify.sub.uni-goettingen.de/demo.html?manifest=https://archdataset.dl.itc.u-tokyo.ac.jp/manifest/eafe04f4-8a74-62a3-6cdb-69dd4f6171f9.json,eafe04f4-8a74-62a3-6cdb-69dd4f6171f9,https://iiif.dl.itc.u-tokyo.ac.jp/repo/s/honzosho/,https://iiif.dl.itc.u-tokyo.ac.jp/repo/s/honzosho/document/eafe04f4-8a74-62a3-6cdb-69dd4f6171f9,https://www.lib.u-tokyo.ac.jp/ja/library/contents/archives-top/reuse,https://iiif.dl.itc.u-tokyo.ac.jp/repo/files/medium/654a256131d6337d4186412cc1acef4988ed24c1.jpg,https://iiif.dl.itc.u-tokyo.ac.jp/repo/api/items/683854,"東京大学駒場図書館 Komaba Library, The University of Tokyo, JAPAN",http://iiif.io/api/presentation/2#rightToLeftDirection,,駒場図書館所蔵資源科学研究所本草書コレクション,,https://iiif.dl.itc.u-tokyo.ac.jp/repo/iiif/eafe04f4-8a74-62a3-6cdb-69dd4f6171f9/manifest,,,,,64
藥性本草約言 4巻 ; 卷之4,"藥性本草約言 4巻 / (明) 薛己編輯 ; (明) 燕志學校正 ; 卷之1 - 卷之4. -- 田原二左衛門, 万治3 [1660]. -- 4冊 ; 26.7×18.8cm.",B3:88,3002924912,,,,,,駒場図書館,088030,,ヤクショウ ホンゾウ ヤクゲン,http://tify.sub.uni-goettingen.de/demo.html?manifest=https://archdataset.dl.itc.u-tokyo.ac.jp/manifest/8c8733c9-4c50-7b88-268c-01ee83b04ea8.json,8c8733c9-4c50-7b88-268c-01ee83b04ea8,https://iiif.dl.itc.u-tokyo.ac.jp/repo/s/honzosho/,https://iiif.dl.itc.u-tokyo.ac.jp/repo/s/honzosho/document/8c8733c9-4c50-7b88-268c-01ee83b04ea8,https://www.lib.u-tokyo.ac.jp/ja/library/contents/archives-top/reuse,https://iiif.dl.itc.u-tokyo.ac.jp/repo/files/medium/32b0a525591a3cd3d12aaa4467a5d92d3d4b6553.jpg,https://iiif.dl.itc.u-tokyo.ac.jp/repo/api/items/683853,"東京大学駒場図書館 Komaba Library, The University of Tokyo, JAPAN",http://iiif.io/api/presentation/2#rightToLeftDirection,,駒場図書館所蔵資源科学研究所本草書コレクション,,https://iiif.dl.itc.u-tokyo.ac.jp/repo/iiif/8c8733c9-4c50-7b88-268c-01ee83b04ea8/manifest,,,,,53
開拓使官園動植品類簿,"開拓使官園動植品類簿. -- [出版者不明], [明治初期]. -- 15丁 ; 26cm.",B3:94,3002925174,,,,,,駒場図書館,094000,,カイタクシ カンエン ドウショク ヒンルイボ,http://tify.sub.uni-goettingen.de/demo.html?manifest=https://archdataset.dl.itc.u-tokyo.ac.jp/manifest/8a84d874-20b2-8002-3512-f955bbcf4b21.json,8a84d874-20b2-8002-3512-f955bbcf4b21,https://iiif.dl.itc.u-tokyo.ac.jp/repo/s/honzosho/,https://iiif.dl.itc.u-tokyo.ac.jp/repo/s/honzosho/document/8a84d874-20b2-8002-3512-f955bbcf4b21,https://www.lib.u-tokyo.ac.jp/ja/library/contents/archives-top/reuse,https://iiif.dl.itc.u-tokyo.ac.jp/repo/files/medium/b34d827a8858708c674f7be56c02836699be0647.jpg,https://iiif.dl.itc.u-tokyo.ac.jp/repo/api/items/683852,"東京大学駒場図書館 Komaba Library, The University of Tokyo, JAPAN",http://iiif.io/api/presentation/2#rightToLeftDirection,,駒場図書館所蔵資源科学研究所本草書コレクション,,https://iiif.dl.itc.u-tokyo.ac.jp/repo/iiif/8a84d874-20b2-8002-3512-f955bbcf4b21/manifest,,,,,20
周憲王救荒本草 14巻補遺1巻救荒野譜1巻補遺1巻 ; 卷之1,"周憲王救荒本草 14巻補遺1巻救荒野譜1巻補遺1巻 / (明) 徐光啓纂輯 ; (明) 張國維鑒定 ; (明) 方岳貢同鑒 ; (日本) 蘭山 [校] ; 卷之1 - 卷之9. -- 長松堂大路次郎右衛門, 寛政11[1799]. -- 9冊 ; 25.8×18.5cm.",B3:95,3002925182,,,,,,駒場図書館,095000,,シュウ ケンオウ キュウコウ ホンゾウ,http://tify.sub.uni-goettingen.de/demo.html?manifest=https://archdataset.dl.itc.u-tokyo.ac.jp/manifest/8f5b9387-a35a-1c4a-8585-8a0d4c2d8b7c.json,8f5b9387-a35a-1c4a-8585-8a0d4c2d8b7c,https://iiif.dl.itc.u-tokyo.ac.jp/repo/s/honzosho/,https://iiif.dl.itc.u-tokyo.ac.jp/repo/s/honzosho/document/8f5b9387-a35a-1c4a-8585-8a0d4c2d8b7c,https://www.lib.u-tokyo.ac.jp/ja/library/contents/archives-top/reuse,https://iiif.dl.itc.u-tokyo.ac.jp/repo/files/medium/f999ed82f7e75927000c50ff8d22ac5e0bab7579.jpg,https://iiif.dl.itc.u-tokyo.ac.jp/repo/api/items/683850,"東京大学駒場図書館 Komaba Library, The University of Tokyo, JAPAN",http://iiif.io/api/presentation/2#rightToLeftDirection,,駒場図書館所蔵資源科学研究所本草書コレクション,,https://iiif.dl.itc.u-tokyo.ac.jp/repo/iiif/8f5b9387-a35a-1c4a-8585-8a0d4c2d8b7c/manifest,,,,,81
周憲王救荒本草 14巻補遺1巻救荒野譜1巻補遺1巻 ; 卷之2,"周憲王救荒本草 14巻補遺1巻救荒野譜1巻補遺1巻 / (明) 徐光啓纂輯 ; (明) 張國維鑒定 ; (明) 方岳貢同鑒 ; (日本) 蘭山 [校] ; 卷之1 - 卷之9. -- 長松堂大路次郎右衛門, 寛政11[1799]. -- 9冊 ; 25.8×18.5cm.",B3:95,3002925190,,,,,,駒場図書館,095010,,シュウ ケンオウ キュウコウ ホンゾウ,http://tify.sub.uni-goettingen.de/demo.html?manifest=https://archdataset.dl.itc.u-tokyo.ac.jp/manifest/623df0d6-4f00-939f-9fa6-571526c112be.json,623df0d6-4f00-939f-9fa6-571526c112be,https://iiif.dl.itc.u-tokyo.ac.jp/repo/s/honzosho/,https://iiif.dl.itc.u-tokyo.ac.jp/repo/s/honzosho/document/623df0d6-4f00-939f-9fa6-571526c112be,https://www.lib.u-tokyo.ac.jp/ja/library/contents/archives-top/reuse,https://iiif.dl.itc.u-tokyo.ac.jp/repo/files/medium/19d585ca9b8bcdba47774fbff449eb19d2e36a60.jpg,https://iiif.dl.itc.u-tokyo.ac.jp/repo/api/items/683849,"東京大学駒場図書館 Komaba Library, The University of Tokyo, JAPAN",http://iiif.io/api/presentation/2#rightToLeftDirection,,駒場図書館所蔵資源科学研究所本草書コレクション,,https://iiif.dl.itc.u-tokyo.ac.jp/repo/iiif/623df0d6-4f00-939f-9fa6-571526c112be/manifest,,,,,58
周憲王救荒本草 14巻補遺1巻救荒野譜1巻補遺1巻 ; 卷之3,"周憲王救荒本草 14巻補遺1巻救荒野譜1巻補遺1巻 / (明) 徐光啓纂輯 ; (明) 張國維鑒定 ; (明) 方岳貢同鑒 ; (日本) 蘭山 [校] ; 卷之1 - 卷之9. -- 長松堂大路次郎右衛門, 寛政11[1799]. -- 9冊 ; 25.8×18.5cm.",B3:95,3002925208,,,,,,駒場図書館,095020,,シュウ ケンオウ キュウコウ ホンゾウ,http://tify.sub.uni-goettingen.de/demo.html?manifest=https://archdataset.dl.itc.u-tokyo.ac.jp/manifest/f3acb572-0659-0aab-18c1-c511cc156c92.json,f3acb572-0659-0aab-18c1-c511cc156c92,https://iiif.dl.itc.u-tokyo.ac.jp/repo/s/honzosho/,https://iiif.dl.itc.u-tokyo.ac.jp/repo/s/honzosho/document/f3acb572-0659-0aab-18c1-c511cc156c92,https://www.lib.u-tokyo.ac.jp/ja/library/contents/archives-top/reuse,https://iiif.dl.itc.u-tokyo.ac.jp/repo/files/medium/9c84a674eeb0c63948920cd5dc836b5ff810da25.jpg,https://iiif.dl.itc.u-tokyo.ac.jp/repo/api/items/683848,"東京大学駒場図書館 Komaba Library, The University of Tokyo, JAPAN",http://iiif.io/api/presentation/2#rightToLeftDirection,,駒場図書館所蔵資源科学研究所本草書コレクション,,https://iiif.dl.itc.u-tokyo.ac.jp/repo/iiif/f3acb572-0659-0aab-18c1-c511cc156c92/manifest,,,,,69
周憲王救荒本草 14巻補遺1巻救荒野譜1巻補遺1巻 ; 卷之4,"周憲王救荒本草 14巻補遺1巻救荒野譜1巻補遺1巻 / (明) 徐光啓纂輯 ; (明) 張國維鑒定 ; (明) 方岳貢同鑒 ; (日本) 蘭山 [校] ; 卷之1 - 卷之9. -- 長松堂大路次郎右衛門, 寛政11[1799]. -- 9冊 ; 25.8×18.5cm.",B3:95,3002925216,,,,,,駒場図書館,095030,,シュウ ケンオウ キュウコウ ホンゾウ,http://tify.sub.uni-goettingen.de/demo.html?manifest=https://archdataset.dl.itc.u-tokyo.ac.jp/manifest/ee5e29ce-2c10-0bb3-021a-7bc3b77478cc.json,ee5e29ce-2c10-0bb3-021a-7bc3b77478cc,https://iiif.dl.itc.u-tokyo.ac.jp/repo/s/honzosho/,https://iiif.dl.itc.u-tokyo.ac.jp/repo/s/honzosho/document/ee5e29ce-2c10-0bb3-021a-7bc3b77478cc,https://www.lib.u-tokyo.ac.jp/ja/library/contents/archives-top/reuse,https://iiif.dl.itc.u-tokyo.ac.jp/repo/files/medium/9c93c2a3de047c9c695ed7031c0c2af50366b48d.jpg,https://iiif.dl.itc.u-tokyo.ac.jp/repo/api/items/683847,"東京大学駒場図書館 Komaba Library, The University of Tokyo, JAPAN",http://iiif.io/api/presentation/2#rightToLeftDirection,,駒場図書館所蔵資源科学研究所本草書コレクション,,https://iiif.dl.itc.u-tokyo.ac.jp/repo/iiif/ee5e29ce-2c10-0bb3-021a-7bc3b77478cc/manifest,,,,,66
周憲王救荒本草 14巻補遺1巻救荒野譜1巻補遺1巻 ; 卷之5,"周憲王救荒本草 14巻補遺1巻救荒野譜1巻補遺1巻 / (明) 徐光啓纂輯 ; (明) 張國維鑒定 ; (明) 方岳貢同鑒 ; (日本) 蘭山 [校] ; 卷之1 - 卷之9. -- 長松堂大路次郎右衛門, 寛政11[1799]. -- 9冊 ; 25.8×18.5cm.",B3:95,3002925224,,,,,,駒場図書館,095040,,シュウ ケンオウ キュウコウ ホンゾウ,http://tify.sub.uni-goettingen.de/demo.html?manifest=https://archdataset.dl.itc.u-tokyo.ac.jp/manifest/41ffaceb-8866-8c0c-531c-86138810667a.json,41ffaceb-8866-8c0c-531c-86138810667a,https://iiif.dl.itc.u-tokyo.ac.jp/repo/s/honzosho/,https://iiif.dl.itc.u-tokyo.ac.jp/repo/s/honzosho/document/41ffaceb-8866-8c0c-531c-86138810667a,https://www.lib.u-tokyo.ac.jp/ja/library/contents/archives-top/reuse,https://iiif.dl.itc.u-tokyo.ac.jp/repo/files/medium/96b3a2e47401d2bba8c032862860e5d6fadab5ec.jpg,https://iiif.dl.itc.u-tokyo.ac.jp/repo/api/items/683846,"東京大学駒場図書館 Komaba Library, The University of Tokyo, JAPAN",http://iiif.io/api/presentation/2#rightToLeftDirection,,駒場図書館所蔵資源科学研究所本草書コレクション,,https://iiif.dl.itc.u-tokyo.ac.jp/repo/iiif/41ffaceb-8866-8c0c-531c-86138810667a/manifest,,,,,59
周憲王救荒本草 14巻補遺1巻救荒野譜1巻補遺1巻 ; 卷之6,"周憲王救荒本草 14巻補遺1巻救荒野譜1巻補遺1巻 / (明) 徐光啓纂輯 ; (明) 張國維鑒定 ; (明) 方岳貢同鑒 ; (日本) 蘭山 [校] ; 卷之1 - 卷之9. -- 長松堂大路次郎右衛門, 寛政11[1799]. -- 9冊 ; 25.8×18.5cm.",B3:95,3002925232,,,,,,駒場図書館,095050,,シュウ ケンオウ キュウコウ ホンゾウ,http://tify.sub.uni-goettingen.de/demo.html?manifest=https://archdataset.dl.itc.u-tokyo.ac.jp/manifest/29d016e9-3cce-48e2-674e-1b16e35022bb.json,29d016e9-3cce-48e2-674e-1b16e35022bb,https://iiif.dl.itc.u-tokyo.ac.jp/repo/s/honzosho/,https://iiif.dl.itc.u-tokyo.ac.jp/repo/s/honzosho/document/29d016e9-3cce-48e2-674e-1b16e35022bb,https://www.lib.u-tokyo.ac.jp/ja/library/contents/archives-top/reuse,https://iiif.dl.itc.u-tokyo.ac.jp/repo/files/medium/9ee223265938c5a11906548414393193ceec89f2.jpg,https://iiif.dl.itc.u-tokyo.ac.jp/repo/api/items/683845,"東京大学駒場図書館 Komaba Library, The University of Tokyo, JAPAN",http://iiif.io/api/presentation/2#rightToLeftDirection,,駒場図書館所蔵資源科学研究所本草書コレクション,,https://iiif.dl.itc.u-tokyo.ac.jp/repo/iiif/29d016e9-3cce-48e2-674e-1b16e35022bb/manifest,,,,,71
周憲王救荒本草 14巻補遺1巻救荒野譜1巻補遺1巻 ; 卷之7,"周憲王救荒本草 14巻補遺1巻救荒野譜1巻補遺1巻 / (明) 徐光啓纂輯 ; (明) 張國維鑒定 ; (明) 方岳貢同鑒 ; (日本) 蘭山 [校] ; 卷之1 - 卷之9. -- 長松堂大路次郎右衛門, 寛政11[1799]. -- 9冊 ; 25.8×18.5cm.",B3:95,3002925240,,,,,,駒場図書館,095060,,シュウ ケンオウ キュウコウ ホンゾウ,http://tify.sub.uni-goettingen.de/demo.html?manifest=https://archdataset.dl.itc.u-tokyo.ac.jp/manifest/5893a816-2a40-12c8-8f8e-f1df30b1522f.json,5893a816-2a40-12c8-8f8e-f1df30b1522f,https://iiif.dl.itc.u-tokyo.ac.jp/repo/s/honzosho/,https://iiif.dl.itc.u-tokyo.ac.jp/repo/s/honzosho/document/5893a816-2a40-12c8-8f8e-f1df30b1522f,https://www.lib.u-tokyo.ac.jp/ja/library/contents/archives-top/reuse,https://iiif.dl.itc.u-tokyo.ac.jp/repo/files/medium/a52d37bae24d45c89f7ddc42443f943489ab8d78.jpg,https://iiif.dl.itc.u-tokyo.ac.jp/repo/api/items/683844,"東京大学駒場図書館 Komaba Library, The University of Tokyo, JAPAN",http://iiif.io/api/presentation/2#rightToLeftDirection,,駒場図書館所蔵資源科学研究所本草書コレクション,,https://iiif.dl.itc.u-tokyo.ac.jp/repo/iiif/5893a816-2a40-12c8-8f8e-f1df30b1522f/manifest,,,,,61
周憲王救荒本草 14巻補遺1巻救荒野譜1巻補遺1巻 ; 卷之8,"周憲王救荒本草 14巻補遺1巻救荒野譜1巻補遺1巻 / (明) 徐光啓纂輯 ; (明) 張國維鑒定 ; (明) 方岳貢同鑒 ; (日本) 蘭山 [校] ; 卷之1 - 卷之9. -- 長松堂大路次郎右衛門, 寛政11[1799]. -- 9冊 ; 25.8×18.5cm.",B3:95,3002925257,,,,,,駒場図書館,095070,,シュウ ケンオウ キュウコウ ホンゾウ,http://tify.sub.uni-goettingen.de/demo.html?manifest=https://archdataset.dl.itc.u-tokyo.ac.jp/manifest/65d4fdd0-4dac-1c9e-2d5d-7770ef06769b.json,65d4fdd0-4dac-1c9e-2d5d-7770ef06769b,https://iiif.dl.itc.u-tokyo.ac.jp/repo/s/honzosho/,https://iiif.dl.itc.u-tokyo.ac.jp/repo/s/honzosho/document/65d4fdd0-4dac-1c9e-2d5d-7770ef06769b,https://www.lib.u-tokyo.ac.jp/ja/library/contents/archives-top/reuse,https://iiif.dl.itc.u-tokyo.ac.jp/repo/files/medium/a8c43cb4b45ce5866fdc7ebde89656d8603c10d1.jpg,https://iiif.dl.itc.u-tokyo.ac.jp/repo/api/items/683843,"東京大学駒場図書館 Komaba Library, The University of Tokyo, JAPAN",http://iiif.io/api/presentation/2#rightToLeftDirection,,駒場図書館所蔵資源科学研究所本草書コレクション,,https://iiif.dl.itc.u-tokyo.ac.jp/repo/iiif/65d4fdd0-4dac-1c9e-2d5d-7770ef06769b/manifest,,,,,73
周憲王救荒本草 14巻補遺1巻救荒野譜1巻補遺1巻 ; 卷之9,"周憲王救荒本草 14巻補遺1巻救荒野譜1巻補遺1巻 / (明) 徐光啓纂輯 ; (明) 張國維鑒定 ; (明) 方岳貢同鑒 ; (日本) 蘭山 [校] ; 卷之1 - 卷之9. -- 長松堂大路次郎右衛門, 寛政11[1799]. -- 9冊 ; 25.8×18.5cm.",B3:95,3002925265,,,,,,駒場図書館,095080,,シュウ ケンオウ キュウコウ ホンゾウ,http://tify.sub.uni-goettingen.de/demo.html?manifest=https://archdataset.dl.itc.u-tokyo.ac.jp/manifest/b9c1970f-3359-95ea-19ed-88a8b2da9b0b.json,b9c1970f-3359-95ea-19ed-88a8b2da9b0b,https://iiif.dl.itc.u-tokyo.ac.jp/repo/s/honzosho/,https://iiif.dl.itc.u-tokyo.ac.jp/repo/s/honzosho/document/b9c1970f-3359-95ea-19ed-88a8b2da9b0b,https://www.lib.u-tokyo.ac.jp/ja/library/contents/archives-top/reuse,https://iiif.dl.itc.u-tokyo.ac.jp/repo/files/medium/727f31b9e04cc10a695a69bbce3b06971f2d0f1b.jpg,https://iiif.dl.itc.u-tokyo.ac.jp/repo/api/items/683842,"東京大学駒場図書館 Komaba Library, The University of Tokyo, JAPAN",http://iiif.io/api/presentation/2#rightToLeftDirection,,駒場図書館所蔵資源科学研究所本草書コレクション,,https://iiif.dl.itc.u-tokyo.ac.jp/repo/iiif/b9c1970f-3359-95ea-19ed-88a8b2da9b0b/manifest,,,,,32
救荒野譜 1巻補遺1巻坿救荒辟穀諸方,"救荒野譜 1巻補遺1巻坿救荒辟穀諸方 / (明) 王西樓輯 ; (明) 姚可成補 ; (日本) 松岡玄達 [訓點]. -- 白松堂, 正徳5 [1715] 序. -- 2, 3, 2, 1, 4, 2, 30, 2, 30, 1丁 ; 25.6×17.5cm.",B3:95,3002925273,,,,,,駒場図書館,095200,,キュウコウ ヤフ,http://tify.sub.uni-goettingen.de/demo.html?manifest=https://archdataset.dl.itc.u-tokyo.ac.jp/manifest/c024bb5e-15cb-9d2f-9fd9-6c8e017b5f31.json,c024bb5e-15cb-9d2f-9fd9-6c8e017b5f31,https://iiif.dl.itc.u-tokyo.ac.jp/repo/s/honzosho/,https://iiif.dl.itc.u-tokyo.ac.jp/repo/s/honzosho/document/c024bb5e-15cb-9d2f-9fd9-6c8e017b5f31,https://www.lib.u-tokyo.ac.jp/ja/library/contents/archives-top/reuse,https://iiif.dl.itc.u-tokyo.ac.jp/repo/files/medium/f43761aed689ecace00f64356b0c8d673d0fe488.jpg,https://iiif.dl.itc.u-tokyo.ac.jp/repo/api/items/683851,"東京大学駒場図書館 Komaba Library, The University of Tokyo, JAPAN",http://iiif.io/api/presentation/2#rightToLeftDirection,,駒場図書館所蔵資源科学研究所本草書コレクション,,https://iiif.dl.itc.u-tokyo.ac.jp/repo/iiif/c024bb5e-15cb-9d2f-9fd9-6c8e017b5f31/manifest,,,,,81
灌園草木識 6巻,"灌園草木識 6巻 / (明) 陳正學著. -- 山村三秀 [写], 天保5 [1834]. -- [69] 丁 ; 27.9×19.0cm. d.",C2:109,3002926693,,,,,,駒場図書館,109000,,カンエン ソウモクシキ,http://tify.sub.uni-goettingen.de/demo.html?manifest=https://archdataset.dl.itc.u-tokyo.ac.jp/manifest/71e37eea-827a-6a44-3070-d537e0d552ab.json,71e37eea-827a-6a44-3070-d537e0d552ab,https://iiif.dl.itc.u-tokyo.ac.jp/repo/s/honzosho/,https://iiif.dl.itc.u-tokyo.ac.jp/repo/s/honzosho/document/71e37eea-827a-6a44-3070-d537e0d552ab,https://www.lib.u-tokyo.ac.jp/ja/library/contents/archives-top/reuse,https://iiif.dl.itc.u-tokyo.ac.jp/repo/files/medium/b940b9e46f45b7dd6068a26e774444cce9e1ae2b.jpg,https://iiif.dl.itc.u-tokyo.ac.jp/repo/api/items/683841,"東京大学駒場図書館 Komaba Library, The University of Tokyo, JAPAN",http://iiif.io/api/presentation/2#rightToLeftDirection,,駒場図書館所蔵資源科学研究所本草書コレクション,,https://iiif.dl.itc.u-tokyo.ac.jp/repo/iiif/71e37eea-827a-6a44-3070-d537e0d552ab/manifest,,,,,73
南方草木状 3巻坿桂海草木志 ; 卷之中-下,"南方草木状 3巻坿桂海草木志 / (晉) 嵆含撰 ; (日本) 平住専安訓点 ; (日本) 高井見立校合 ; 卷之上, 卷之中-下. -- 大野木市兵衞, 享保11 [1726]. -- 2冊 ; 26.3×18.2cm.",C2:121,3002926925,,,,,,駒場図書館,121000,,ナンポウ ソウモクジョウ,http://tify.sub.uni-goettingen.de/demo.html?manifest=https://archdataset.dl.itc.u-tokyo.ac.jp/manifest/fc1b81c6-7787-1376-651a-d2e33a3e3a77.json,fc1b81c6-7787-1376-651a-d2e33a3e3a77,https://iiif.dl.itc.u-tokyo.ac.jp/repo/s/honzosho/,https://iiif.dl.itc.u-tokyo.ac.jp/repo/s/honzosho/document/fc1b81c6-7787-1376-651a-d2e33a3e3a77,https://www.lib.u-tokyo.ac.jp/ja/library/contents/archives-top/reuse,https://iiif.dl.itc.u-tokyo.ac.jp/repo/files/medium/b1c26c7ac6e91c5d86cc17aeff7cdb4e50beec26.jpg,https://iiif.dl.itc.u-tokyo.ac.jp/repo/api/items/683840,"東京大学駒場図書館 Komaba Library, The University of Tokyo, JAPAN",http://iiif.io/api/presentation/2#rightToLeftDirection,,駒場図書館所蔵資源科学研究所本草書コレクション,,https://iiif.dl.itc.u-tokyo.ac.jp/repo/iiif/fc1b81c6-7787-1376-651a-d2e33a3e3a77/manifest,,,,,22
南方草木状 3巻坿桂海草木志 ; 卷之上,"南方草木状 3巻坿桂海草木志 / (晉) 嵆含撰 ; (日本) 平住専安訓点 ; (日本) 高井見立校合 ; 卷之上, 卷之中-下. -- 大野木市兵衞, 享保11 [1726]. -- 2冊 ; 26.3×18.2cm.",C2:121,3002926933,,,,,,駒場図書館,121010,,ナンポウ ソウモクジョウ,http://tify.sub.uni-goettingen.de/demo.html?manifest=https://archdataset.dl.itc.u-tokyo.ac.jp/manifest/e895c3bc-1cf6-4be1-606b-9b8196ea37b0.json,e895c3bc-1cf6-4be1-606b-9b8196ea37b0,https://iiif.dl.itc.u-tokyo.ac.jp/repo/s/honzosho/,https://iiif.dl.itc.u-tokyo.ac.jp/repo/s/honzosho/document/e895c3bc-1cf6-4be1-606b-9b8196ea37b0,https://www.lib.u-tokyo.ac.jp/ja/library/contents/archives-top/reuse,https://iiif.dl.itc.u-tokyo.ac.jp/repo/files/medium/e44c662fe5275494adb7e8de0d0b54299408dd42.jpg,https://iiif.dl.itc.u-tokyo.ac.jp/repo/api/items/683839,"東京大学駒場図書館 Komaba Library, The University of Tokyo, JAPAN",http://iiif.io/api/presentation/2#rightToLeftDirection,,駒場図書館所蔵資源科学研究所本草書コレクション,,https://iiif.dl.itc.u-tokyo.ac.jp/repo/iiif/e895c3bc-1cf6-4be1-606b-9b8196ea37b0/manifest,,,,,17
Alle de plaaten en de vruchten,"Alle de plaaten en de vruchten. -- [書写者不明], [18--]. -- 1軸 ; 41.5cm. d.",C2:129,3002927204,,,,,,駒場図書館,129000,,ALLE DE PLAATEN EN DE VRUCHTEN,http://tify.sub.uni-goettingen.de/demo.html?manifest=https://archdataset.dl.itc.u-tokyo.ac.jp/manifest/2a02869b-7d08-35c2-3a9f-d0d1663202a4.json,2a02869b-7d08-35c2-3a9f-d0d1663202a4,https://iiif.dl.itc.u-tokyo.ac.jp/repo/s/honzosho/,https://iiif.dl.itc.u-tokyo.ac.jp/repo/s/honzosho/document/2a02869b-7d08-35c2-3a9f-d0d1663202a4,https://www.lib.u-tokyo.ac.jp/ja/library/contents/archives-top/reuse,https://iiif.dl.itc.u-tokyo.ac.jp/repo/files/medium/6dc8fec264f84eb69620551f892c9d65b271a9b5.jpg,https://iiif.dl.itc.u-tokyo.ac.jp/repo/api/items/683838,"東京大学駒場図書館 Komaba Library, The University of Tokyo, JAPAN",http://iiif.io/api/presentation/2#rightToLeftDirection,,駒場図書館所蔵資源科学研究所本草書コレクション,,https://iiif.dl.itc.u-tokyo.ac.jp/repo/iiif/2a02869b-7d08-35c2-3a9f-d0d1663202a4/manifest,,,,,17
坂本浩然菌譜 ; 前編 上,"坂本浩然菌譜 / 坂本浩然編録 ; 前編 上 - 後編 下. -- [書写者不明], [明治前期]. -- 4冊 ; 24.2×16.2cm. d.",C2:140,3002927378,,,,,,駒場図書館,140000,,サカモト コウネン キンフ,http://tify.sub.uni-goettingen.de/demo.html?manifest=https://archdataset.dl.itc.u-tokyo.ac.jp/manifest/3ef7a852-04a0-1f88-58d5-3a0ed214256e.json,3ef7a852-04a0-1f88-58d5-3a0ed214256e,https://iiif.dl.itc.u-tokyo.ac.jp/repo/s/honzosho/,https://iiif.dl.itc.u-tokyo.ac.jp/repo/s/honzosho/document/3ef7a852-04a0-1f88-58d5-3a0ed214256e,https://www.lib.u-tokyo.ac.jp/ja/library/contents/archives-top/reuse,https://iiif.dl.itc.u-tokyo.ac.jp/repo/files/medium/552a475bb713a49fa21dacd284778b1537060e94.jpg,https://iiif.dl.itc.u-tokyo.ac.jp/repo/api/items/683837,"東京大学駒場図書館 Komaba Library, The University of Tokyo, JAPAN",http://iiif.io/api/presentation/2#rightToLeftDirection,,駒場図書館所蔵資源科学研究所本草書コレクション,,https://iiif.dl.itc.u-tokyo.ac.jp/repo/iiif/3ef7a852-04a0-1f88-58d5-3a0ed214256e/manifest,,,,,34
坂本浩然菌譜 ; 前編 下,"坂本浩然菌譜 / 坂本浩然編録 ; 前編 上 - 後編 下. -- [書写者不明], [明治前期]. -- 4冊 ; 24.2×16.2cm. d.",C2:140,3002927386,,,,,,駒場図書館,140010,,サカモト コウネン キンフ,http://tify.sub.uni-goettingen.de/demo.html?manifest=https://archdataset.dl.itc.u-tokyo.ac.jp/manifest/830cd753-48d7-2e8e-26b3-9a0b9b7e9c8c.json,830cd753-48d7-2e8e-26b3-9a0b9b7e9c8c,https://iiif.dl.itc.u-tokyo.ac.jp/repo/s/honzosho/,https://iiif.dl.itc.u-tokyo.ac.jp/repo/s/honzosho/document/830cd753-48d7-2e8e-26b3-9a0b9b7e9c8c,https://www.lib.u-tokyo.ac.jp/ja/library/contents/archives-top/reuse,https://iiif.dl.itc.u-tokyo.ac.jp/repo/files/medium/156385562b81f2fa2dae0f596ee6f700438edce7.jpg,https://iiif.dl.itc.u-tokyo.ac.jp/repo/api/items/683836,"東京大学駒場図書館 Komaba Library, The University of Tokyo, JAPAN",http://iiif.io/api/presentation/2#rightToLeftDirection,,駒場図書館所蔵資源科学研究所本草書コレクション,,https://iiif.dl.itc.u-tokyo.ac.jp/repo/iiif/830cd753-48d7-2e8e-26b3-9a0b9b7e9c8c/manifest,,,,,35
坂本浩然菌譜 ; [後編 上],"坂本浩然菌譜 / 坂本浩然編録 ; 前編 上 - 後編 下. -- [書写者不明], [明治前期]. -- 4冊 ; 24.2×16.2cm. d.",C2:140,3002927394,,,,,,駒場図書館,140020,,サカモト コウネン キンフ,http://tify.sub.uni-goettingen.de/demo.html?manifest=https://archdataset.dl.itc.u-tokyo.ac.jp/manifest/b9e51de3-50c7-7747-8181-cae461188932.json,b9e51de3-50c7-7747-8181-cae461188932,https://iiif.dl.itc.u-tokyo.ac.jp/repo/s/honzosho/,https://iiif.dl.itc.u-tokyo.ac.jp/repo/s/honzosho/document/b9e51de3-50c7-7747-8181-cae461188932,https://www.lib.u-tokyo.ac.jp/ja/library/contents/archives-top/reuse,https://iiif.dl.itc.u-tokyo.ac.jp/repo/files/medium/b59e69c6fa17fea1b8498682ff327f381b6c61e1.jpg,https://iiif.dl.itc.u-tokyo.ac.jp/repo/api/items/683835,"東京大学駒場図書館 Komaba Library, The University of Tokyo, JAPAN",http://iiif.io/api/presentation/2#rightToLeftDirection,,駒場図書館所蔵資源科学研究所本草書コレクション,,https://iiif.dl.itc.u-tokyo.ac.jp/repo/iiif/b9e51de3-50c7-7747-8181-cae461188932/manifest,,,,,32
坂本浩然菌譜 ; 後編 下,"坂本浩然菌譜 / 坂本浩然編録 ; 前編 上 - 後編 下. -- [書写者不明], [明治前期]. -- 4冊 ; 24.2×16.2cm. d.",C2:140,3002927402,,,,,,駒場図書館,140030,,サカモト コウネン キンフ,http://tify.sub.uni-goettingen.de/demo.html?manifest=https://archdataset.dl.itc.u-tokyo.ac.jp/manifest/c6ec6372-8722-8a6b-1ff4-03974e561618.json,c6ec6372-8722-8a6b-1ff4-03974e561618,https://iiif.dl.itc.u-tokyo.ac.jp/repo/s/honzosho/,https://iiif.dl.itc.u-tokyo.ac.jp/repo/s/honzosho/document/c6ec6372-8722-8a6b-1ff4-03974e561618,https://www.lib.u-tokyo.ac.jp/ja/library/contents/archives-top/reuse,https://iiif.dl.itc.u-tokyo.ac.jp/repo/files/medium/20f683ccbbb1ba99645991f75b21fa477483cd66.jpg,https://iiif.dl.itc.u-tokyo.ac.jp/repo/api/items/683834,"東京大学駒場図書館 Komaba Library, The University of Tokyo, JAPAN",http://iiif.io/api/presentation/2#rightToLeftDirection,,駒場図書館所蔵資源科学研究所本草書コレクション,,https://iiif.dl.itc.u-tokyo.ac.jp/repo/iiif/c6ec6372-8722-8a6b-1ff4-03974e561618/manifest,,,,,32
茘枝譜 : 七篇第一,"茘枝譜 : 七篇第一 / (宋) 蔡襄 [撰]. -- [出版者不明], 文化10 [1813] 序. -- 1冊 ; 26.3×16.0cm.",C3:143,3002927444,,,,,,駒場図書館,143000,,レイシフ : 7ヘン ダイ1,http://tify.sub.uni-goettingen.de/demo.html?manifest=https://archdataset.dl.itc.u-tokyo.ac.jp/manifest/ecb0a3db-0dd4-0cfe-6c70-d002d70c0717.json,ecb0a3db-0dd4-0cfe-6c70-d002d70c0717,https://iiif.dl.itc.u-tokyo.ac.jp/repo/s/honzosho/,https://iiif.dl.itc.u-tokyo.ac.jp/repo/s/honzosho/document/ecb0a3db-0dd4-0cfe-6c70-d002d70c0717,https://www.lib.u-tokyo.ac.jp/ja/library/contents/archives-top/reuse,https://iiif.dl.itc.u-tokyo.ac.jp/repo/files/medium/da6c4bf95b09b445da926a0c8b677861d5b8d53f.jpg,https://iiif.dl.itc.u-tokyo.ac.jp/repo/api/items/683833,"東京大学駒場図書館 Komaba Library, The University of Tokyo, JAPAN",http://iiif.io/api/presentation/2#rightToLeftDirection,,駒場図書館所蔵資源科学研究所本草書コレクション,,https://iiif.dl.itc.u-tokyo.ac.jp/repo/iiif/ecb0a3db-0dd4-0cfe-6c70-d002d70c0717/manifest,,,,,45
天工開物 3巻 ; 卷上,"天工開物 3巻 / (明) 宋應星著 ; (日本) 江田益英校訂 ; 卷上, 卷中, 卷下. -- 河内屋茂八 : 柏原屋佐兵衛. -- 3冊 ; 30.8×18.9cm.",C3:144,3002927451,,,,,,駒場図書館,144000,,テンコウ カイブツ,http://tify.sub.uni-goettingen.de/demo.html?manifest=https://archdataset.dl.itc.u-tokyo.ac.jp/manifest/fee844c4-4607-6ac6-128b-32e5ba978f70.json,fee844c4-4607-6ac6-128b-32e5ba978f70,https://iiif.dl.itc.u-tokyo.ac.jp/repo/s/honzosho/,https://iiif.dl.itc.u-tokyo.ac.jp/repo/s/honzosho/document/fee844c4-4607-6ac6-128b-32e5ba978f70,https://www.lib.u-tokyo.ac.jp/ja/library/contents/archives-top/reuse,https://iiif.dl.itc.u-tokyo.ac.jp/repo/files/medium/f155ac286f18782e5e27d9ccecfa88c22e33374f.jpg,https://iiif.dl.itc.u-tokyo.ac.jp/repo/api/items/683832,"東京大学駒場図書館 Komaba Library, The University of Tokyo, JAPAN",http://iiif.io/api/presentation/2#rightToLeftDirection,,駒場図書館所蔵資源科学研究所本草書コレクション,,https://iiif.dl.itc.u-tokyo.ac.jp/repo/iiif/fee844c4-4607-6ac6-128b-32e5ba978f70/manifest,,,,,100
天工開物 3巻 ; 卷中,"天工開物 3巻 / (明) 宋應星著 ; (日本) 江田益英校訂 ; 卷上, 卷中, 卷下. -- 河内屋茂八 : 柏原屋佐兵衛. -- 3冊 ; 30.8×18.9cm.",C3:144,3002927469,,,,,,駒場図書館,144010,,テンコウ カイブツ,http://tify.sub.uni-goettingen.de/demo.html?manifest=https://archdataset.dl.itc.u-tokyo.ac.jp/manifest/dc610930-2f50-a290-44eb-678caa8f55a8.json,dc610930-2f50-a290-44eb-678caa8f55a8,https://iiif.dl.itc.u-tokyo.ac.jp/repo/s/honzosho/,https://iiif.dl.itc.u-tokyo.ac.jp/repo/s/honzosho/document/dc610930-2f50-a290-44eb-678caa8f55a8,https://www.lib.u-tokyo.ac.jp/ja/library/contents/archives-top/reuse,https://iiif.dl.itc.u-tokyo.ac.jp/repo/files/medium/a542e0d0abe79366b8b7bfcd1e7eaaf437ec3923.jpg,https://iiif.dl.itc.u-tokyo.ac.jp/repo/api/items/683831,"東京大学駒場図書館 Komaba Library, The University of Tokyo, JAPAN",http://iiif.io/api/presentation/2#rightToLeftDirection,,駒場図書館所蔵資源科学研究所本草書コレクション,,https://iiif.dl.itc.u-tokyo.ac.jp/repo/iiif/dc610930-2f50-a290-44eb-678caa8f55a8/manifest,,,,,74
天工開物 3巻 ; 卷下,"天工開物 3巻 / (明) 宋應星著 ; (日本) 江田益英校訂 ; 卷上, 卷中, 卷下. -- 河内屋茂八 : 柏原屋佐兵衛. -- 3冊 ; 30.8×18.9cm.",C3:144,3002927477,,,,,,駒場図書館,144020,,テンコウ カイブツ,http://tify.sub.uni-goettingen.de/demo.html?manifest=https://archdataset.dl.itc.u-tokyo.ac.jp/manifest/11fca667-34de-9473-4159-79563cf043ee.json,11fca667-34de-9473-4159-79563cf043ee,https://iiif.dl.itc.u-tokyo.ac.jp/repo/s/honzosho/,https://iiif.dl.itc.u-tokyo.ac.jp/repo/s/honzosho/document/11fca667-34de-9473-4159-79563cf043ee,https://www.lib.u-tokyo.ac.jp/ja/library/contents/archives-top/reuse,https://iiif.dl.itc.u-tokyo.ac.jp/repo/files/medium/68b80b58799f827457de79e00a23df623aebdec1.jpg,https://iiif.dl.itc.u-tokyo.ac.jp/repo/api/items/683830,"東京大学駒場図書館 Komaba Library, The University of Tokyo, JAPAN",http://iiif.io/api/presentation/2#rightToLeftDirection,,駒場図書館所蔵資源科学研究所本草書コレクション,,https://iiif.dl.itc.u-tokyo.ac.jp/repo/iiif/11fca667-34de-9473-4159-79563cf043ee/manifest,,,,,70
嶺表録異 3巻,"嶺表録異 3巻 / (唐) 劉恂撰. -- [出版者不明], 乾隆40 [1775] 目録. -- 2, 10, 11, 11丁 ; 24.8×14.5cm.",C3:145,3002927485,,,,,,駒場図書館,145000,,レイヒョウ ロクイ,http://tify.sub.uni-goettingen.de/demo.html?manifest=https://archdataset.dl.itc.u-tokyo.ac.jp/manifest/342adf3a-278c-2217-5023-58f7ef8e8dbd.json,342adf3a-278c-2217-5023-58f7ef8e8dbd,https://iiif.dl.itc.u-tokyo.ac.jp/repo/s/honzosho/,https://iiif.dl.itc.u-tokyo.ac.jp/repo/s/honzosho/document/342adf3a-278c-2217-5023-58f7ef8e8dbd,https://www.lib.u-tokyo.ac.jp/ja/library/contents/archives-top/reuse,https://iiif.dl.itc.u-tokyo.ac.jp/repo/files/medium/72f091e80d301d9299d48eb76d94a5c46f007122.jpg,https://iiif.dl.itc.u-tokyo.ac.jp/repo/api/items/683829,"東京大学駒場図書館 Komaba Library, The University of Tokyo, JAPAN",http://iiif.io/api/presentation/2#rightToLeftDirection,,駒場図書館所蔵資源科学研究所本草書コレクション,,https://iiif.dl.itc.u-tokyo.ac.jp/repo/iiif/342adf3a-278c-2217-5023-58f7ef8e8dbd/manifest,,,,,39
南産志 ; 卷上,"南産志 / (明) 何喬遠編次 ; (日本) 都賀庭鐘校 ; 卷上, 下. -- 山田茂助, [江戸後期] [印]. -- 2冊 ; 26.1×18.5cm.",C3:146,3002927493,,,,,,駒場図書館,146000,,ナンサンシ,http://tify.sub.uni-goettingen.de/demo.html?manifest=https://archdataset.dl.itc.u-tokyo.ac.jp/manifest/3acd9298-80ef-11ad-054f-9b72f4319f78.json,3acd9298-80ef-11ad-054f-9b72f4319f78,https://iiif.dl.itc.u-tokyo.ac.jp/repo/s/honzosho/,https://iiif.dl.itc.u-tokyo.ac.jp/repo/s/honzosho/document/3acd9298-80ef-11ad-054f-9b72f4319f78,https://www.lib.u-tokyo.ac.jp/ja/library/contents/archives-top/reuse,https://iiif.dl.itc.u-tokyo.ac.jp/repo/files/medium/e6a5ab6367fe52960ea2de328e9b71d9e37f9e6c.jpg,https://iiif.dl.itc.u-tokyo.ac.jp/repo/api/items/683828,"東京大学駒場図書館 Komaba Library, The University of Tokyo, JAPAN",http://iiif.io/api/presentation/2#rightToLeftDirection,,駒場図書館所蔵資源科学研究所本草書コレクション,,https://iiif.dl.itc.u-tokyo.ac.jp/repo/iiif/3acd9298-80ef-11ad-054f-9b72f4319f78/manifest,,,,,55
南産志 ; 下,"南産志 / (明) 何喬遠編次 ; (日本) 都賀庭鐘校 ; 卷上, 下. -- 山田茂助, [江戸後期] [印]. -- 2冊 ; 26.1×18.5cm.",C3:146,3002927501,,,,,,駒場図書館,146010,,ナンサンシ,http://tify.sub.uni-goettingen.de/demo.html?manifest=https://archdataset.dl.itc.u-tokyo.ac.jp/manifest/ce8e7ce3-746d-450d-5eaa-7cde8bd36e2c.json,ce8e7ce3-746d-450d-5eaa-7cde8bd36e2c,https://iiif.dl.itc.u-tokyo.ac.jp/repo/s/honzosho/,https://iiif.dl.itc.u-tokyo.ac.jp/repo/s/honzosho/document/ce8e7ce3-746d-450d-5eaa-7cde8bd36e2c,https://www.lib.u-tokyo.ac.jp/ja/library/contents/archives-top/reuse,https://iiif.dl.itc.u-tokyo.ac.jp/repo/files/medium/d023d9a177817f427a1094909d3c657bcd7f6ec5.jpg,https://iiif.dl.itc.u-tokyo.ac.jp/repo/api/items/683827,"東京大学駒場図書館 Komaba Library, The University of Tokyo, JAPAN",http://iiif.io/api/presentation/2#rightToLeftDirection,,駒場図書館所蔵資源科学研究所本草書コレクション,,https://iiif.dl.itc.u-tokyo.ac.jp/repo/iiif/ce8e7ce3-746d-450d-5eaa-7cde8bd36e2c/manifest,,,,,29
續脩臺灣府志,"續脩臺灣府志 / (清) 六十七, (清) 范咸脩同修 ; (清) 覺羅四明, (清) 余文儀續脩. -- [書写者不明], [江戸後期]. -- [61] 丁 ; 26.0×17.5cm. d.",C3:149,3002927535,,,,,,駒場図書館,149000,,ゾクシュウ タイワン フシ,http://tify.sub.uni-goettingen.de/demo.html?manifest=https://archdataset.dl.itc.u-tokyo.ac.jp/manifest/2c03e15f-5233-85e3-40e6-c35ed4d2a576.json,2c03e15f-5233-85e3-40e6-c35ed4d2a576,https://iiif.dl.itc.u-tokyo.ac.jp/repo/s/honzosho/,https://iiif.dl.itc.u-tokyo.ac.jp/repo/s/honzosho/document/2c03e15f-5233-85e3-40e6-c35ed4d2a576,https://www.lib.u-tokyo.ac.jp/ja/library/contents/archives-top/reuse,https://iiif.dl.itc.u-tokyo.ac.jp/repo/files/medium/7ff780f9ea52fef8541e72c31f482482629a8029.jpg,https://iiif.dl.itc.u-tokyo.ac.jp/repo/api/items/683826,"東京大学駒場図書館 Komaba Library, The University of Tokyo, JAPAN",http://iiif.io/api/presentation/2#rightToLeftDirection,,駒場図書館所蔵資源科学研究所本草書コレクション,,https://iiif.dl.itc.u-tokyo.ac.jp/repo/iiif/2c03e15f-5233-85e3-40e6-c35ed4d2a576/manifest,,,,,65
中山傳信録 6巻/ (清) 徐葆光纂 ; 卷第1,"中山傳信録 6巻/ (清) 徐葆光纂 ; 卷第1 - 卷第6. -- [出版者不明], 康熙60 [1721]. -- 6冊 ; 23.9×15.8cm.",D1:187,3002928442,,,,,,駒場図書館,187000,,チュウザン デンシンロク,http://tify.sub.uni-goettingen.de/demo.html?manifest=https://archdataset.dl.itc.u-tokyo.ac.jp/manifest/de687893-8dad-a179-0f8a-fa417fe077f1.json,de687893-8dad-a179-0f8a-fa417fe077f1,https://iiif.dl.itc.u-tokyo.ac.jp/repo/s/honzosho/,https://iiif.dl.itc.u-tokyo.ac.jp/repo/s/honzosho/document/de687893-8dad-a179-0f8a-fa417fe077f1,https://www.lib.u-tokyo.ac.jp/ja/library/contents/archives-top/reuse,https://iiif.dl.itc.u-tokyo.ac.jp/repo/files/medium/a1af4a28268a8c54144fe8d36b97ec9773b8d474.jpg,https://iiif.dl.itc.u-tokyo.ac.jp/repo/api/items/683825,"東京大学駒場図書館 Komaba Library, The University of Tokyo, JAPAN",http://iiif.io/api/presentation/2#rightToLeftDirection,,駒場図書館所蔵資源科学研究所本草書コレクション,,https://iiif.dl.itc.u-tokyo.ac.jp/repo/iiif/de687893-8dad-a179-0f8a-fa417fe077f1/manifest,,,,,48
中山傳信録 6巻/ (清) 徐葆光纂 ; 卷第2,"中山傳信録 6巻/ (清) 徐葆光纂 ; 卷第1 - 卷第6. -- [出版者不明], 康熙60 [1721]. -- 6冊 ; 23.9×15.8cm.",D1:187,3002928459,,,,,,駒場図書館,187010,,チュウザン デンシンロク,http://tify.sub.uni-goettingen.de/demo.html?manifest=https://archdataset.dl.itc.u-tokyo.ac.jp/manifest/01b1bef7-9bb6-2085-9452-319a0ddf7854.json,01b1bef7-9bb6-2085-9452-319a0ddf7854,https://iiif.dl.itc.u-tokyo.ac.jp/repo/s/honzosho/,https://iiif.dl.itc.u-tokyo.ac.jp/repo/s/honzosho/document/01b1bef7-9bb6-2085-9452-319a0ddf7854,https://www.lib.u-tokyo.ac.jp/ja/library/contents/archives-top/reuse,https://iiif.dl.itc.u-tokyo.ac.jp/repo/files/medium/c14aad9bd9c796d966407d2ef7795ead10ef13ad.jpg,https://iiif.dl.itc.u-tokyo.ac.jp/repo/api/items/683824,"東京大学駒場図書館 Komaba Library, The University of Tokyo, JAPAN",http://iiif.io/api/presentation/2#rightToLeftDirection,,駒場図書館所蔵資源科学研究所本草書コレクション,,https://iiif.dl.itc.u-tokyo.ac.jp/repo/iiif/01b1bef7-9bb6-2085-9452-319a0ddf7854/manifest,,,,,55
中山傳信録 6巻/ (清) 徐葆光纂 ; 卷第3,"中山傳信録 6巻/ (清) 徐葆光纂 ; 卷第1 - 卷第6. -- [出版者不明], 康熙60 [1721]. -- 6冊 ; 23.9×15.8cm.",D1:187,3002928467,,,,,,駒場図書館,187020,,チュウザン デンシンロク,http://tify.sub.uni-goettingen.de/demo.html?manifest=https://archdataset.dl.itc.u-tokyo.ac.jp/manifest/e5fce7eb-863e-3c7b-60ca-65b430e53224.json,e5fce7eb-863e-3c7b-60ca-65b430e53224,https://iiif.dl.itc.u-tokyo.ac.jp/repo/s/honzosho/,https://iiif.dl.itc.u-tokyo.ac.jp/repo/s/honzosho/document/e5fce7eb-863e-3c7b-60ca-65b430e53224,https://www.lib.u-tokyo.ac.jp/ja/library/contents/archives-top/reuse,https://iiif.dl.itc.u-tokyo.ac.jp/repo/files/medium/fee55603f369ada886eecf3bb919f60976be419f.jpg,https://iiif.dl.itc.u-tokyo.ac.jp/repo/api/items/683823,"東京大学駒場図書館 Komaba Library, The University of Tokyo, JAPAN",http://iiif.io/api/presentation/2#rightToLeftDirection,,駒場図書館所蔵資源科学研究所本草書コレクション,,https://iiif.dl.itc.u-tokyo.ac.jp/repo/iiif/e5fce7eb-863e-3c7b-60ca-65b430e53224/manifest,,,,,61
中山傳信録 6巻/ (清) 徐葆光纂 ; 卷第4,"中山傳信録 6巻/ (清) 徐葆光纂 ; 卷第1 - 卷第6. -- [出版者不明], 康熙60 [1721]. -- 6冊 ; 23.9×15.8cm.",D1:187,3002928475,,,,,,駒場図書館,187030,,チュウザン デンシンロク,http://tify.sub.uni-goettingen.de/demo.html?manifest=https://archdataset.dl.itc.u-tokyo.ac.jp/manifest/829fb966-2efc-2d83-183a-5ceef43209db.json,829fb966-2efc-2d83-183a-5ceef43209db,https://iiif.dl.itc.u-tokyo.ac.jp/repo/s/honzosho/,https://iiif.dl.itc.u-tokyo.ac.jp/repo/s/honzosho/document/829fb966-2efc-2d83-183a-5ceef43209db,https://www.lib.u-tokyo.ac.jp/ja/library/contents/archives-top/reuse,https://iiif.dl.itc.u-tokyo.ac.jp/repo/files/medium/8f443455b7753e1c4fec7491b53529ef0dd41b1a.jpg,https://iiif.dl.itc.u-tokyo.ac.jp/repo/api/items/683822,"東京大学駒場図書館 Komaba Library, The University of Tokyo, JAPAN",http://iiif.io/api/presentation/2#rightToLeftDirection,,駒場図書館所蔵資源科学研究所本草書コレクション,,https://iiif.dl.itc.u-tokyo.ac.jp/repo/iiif/829fb966-2efc-2d83-183a-5ceef43209db/manifest,,,,,33
中山傳信録 6巻/ (清) 徐葆光纂 ; 卷第5,"中山傳信録 6巻/ (清) 徐葆光纂 ; 卷第1 - 卷第6. -- [出版者不明], 康熙60 [1721]. -- 6冊 ; 23.9×15.8cm.",D1:187,3002928483,,,,,,駒場図書館,187040,,チュウザン デンシンロク,http://tify.sub.uni-goettingen.de/demo.html?manifest=https://archdataset.dl.itc.u-tokyo.ac.jp/manifest/a3e6aff0-a4a3-6579-66e5-19963c7d50e9.json,a3e6aff0-a4a3-6579-66e5-19963c7d50e9,https://iiif.dl.itc.u-tokyo.ac.jp/repo/s/honzosho/,https://iiif.dl.itc.u-tokyo.ac.jp/repo/s/honzosho/document/a3e6aff0-a4a3-6579-66e5-19963c7d50e9,https://www.lib.u-tokyo.ac.jp/ja/library/contents/archives-top/reuse,https://iiif.dl.itc.u-tokyo.ac.jp/repo/files/medium/37c6364dc86c7be03e8a9268a113dd4072cc0112.jpg,https://iiif.dl.itc.u-tokyo.ac.jp/repo/api/items/683821,"東京大学駒場図書館 Komaba Library, The University of Tokyo, JAPAN",http://iiif.io/api/presentation/2#rightToLeftDirection,,駒場図書館所蔵資源科学研究所本草書コレクション,,https://iiif.dl.itc.u-tokyo.ac.jp/repo/iiif/a3e6aff0-a4a3-6579-66e5-19963c7d50e9/manifest,,,,,55
中山傳信録 6巻/ (清) 徐葆光纂 ; 卷第6,"中山傳信録 6巻/ (清) 徐葆光纂 ; 卷第1 - 卷第6. -- [出版者不明], 康熙60 [1721]. -- 6冊 ; 23.9×15.8cm.",D1:187,3002928491,,,,,,駒場図書館,187050,,チュウザン デンシンロク,http://tify.sub.uni-goettingen.de/demo.html?manifest=https://archdataset.dl.itc.u-tokyo.ac.jp/manifest/bf5fa6fe-4562-5bb6-8cbf-2f3f1433a616.json,bf5fa6fe-4562-5bb6-8cbf-2f3f1433a616,https://iiif.dl.itc.u-tokyo.ac.jp/repo/s/honzosho/,https://iiif.dl.itc.u-tokyo.ac.jp/repo/s/honzosho/document/bf5fa6fe-4562-5bb6-8cbf-2f3f1433a616,https://www.lib.u-tokyo.ac.jp/ja/library/contents/archives-top/reuse,https://iiif.dl.itc.u-tokyo.ac.jp/repo/files/medium/d9b926dbdc90cadbbe7ddf2b9f91484f4266bea0.jpg,https://iiif.dl.itc.u-tokyo.ac.jp/repo/api/items/683820,"東京大学駒場図書館 Komaba Library, The University of Tokyo, JAPAN",http://iiif.io/api/presentation/2#rightToLeftDirection,,駒場図書館所蔵資源科学研究所本草書コレクション,,https://iiif.dl.itc.u-tokyo.ac.jp/repo/iiif/bf5fa6fe-4562-5bb6-8cbf-2f3f1433a616/manifest,,,,,52
廣東新語 28巻 ; 卷1-2,"廣東新語 28巻 / (清) 屈大均譔 ; 卷1-2 - 卷26-28. -- [出版者不明], 康煕39 [1700] 序. -- 12冊 ; 27.8×16.2cm.",D1:190,3002928582,,,,,,駒場図書館,190000,,カントン シンゴ,http://tify.sub.uni-goettingen.de/demo.html?manifest=https://archdataset.dl.itc.u-tokyo.ac.jp/manifest/91dd79c1-22e4-9bea-1b58-1dd759b580d8.json,91dd79c1-22e4-9bea-1b58-1dd759b580d8,https://iiif.dl.itc.u-tokyo.ac.jp/repo/s/honzosho/,https://iiif.dl.itc.u-tokyo.ac.jp/repo/s/honzosho/document/91dd79c1-22e4-9bea-1b58-1dd759b580d8,https://www.lib.u-tokyo.ac.jp/ja/library/contents/archives-top/reuse,https://iiif.dl.itc.u-tokyo.ac.jp/repo/files/medium/95f86711775472822cc5124437d55f512e9bda2a.jpg,https://iiif.dl.itc.u-tokyo.ac.jp/repo/api/items/683819,"東京大学駒場図書館 Komaba Library, The University of Tokyo, JAPAN",http://iiif.io/api/presentation/2#rightToLeftDirection,,駒場図書館所蔵資源科学研究所本草書コレクション,,https://iiif.dl.itc.u-tokyo.ac.jp/repo/iiif/91dd79c1-22e4-9bea-1b58-1dd759b580d8/manifest,,,,,77
廣東新語 28巻 ; 卷3,"廣東新語 28巻 / (清) 屈大均譔 ; 卷1-2 - 卷26-28. -- [出版者不明], 康煕39 [1700] 序. -- 12冊 ; 27.8×16.2cm.",D1:190,3002928590,,,,,,駒場図書館,190010,,カントン シンゴ,http://tify.sub.uni-goettingen.de/demo.html?manifest=https://archdataset.dl.itc.u-tokyo.ac.jp/manifest/707879d5-9d39-5237-9784-f8194b304f2a.json,707879d5-9d39-5237-9784-f8194b304f2a,https://iiif.dl.itc.u-tokyo.ac.jp/repo/s/honzosho/,https://iiif.dl.itc.u-tokyo.ac.jp/repo/s/honzosho/document/707879d5-9d39-5237-9784-f8194b304f2a,https://www.lib.u-tokyo.ac.jp/ja/library/contents/archives-top/reuse,https://iiif.dl.itc.u-tokyo.ac.jp/repo/files/medium/123436330a02371f9304b20841c55afbe3db6d2b.jpg,https://iiif.dl.itc.u-tokyo.ac.jp/repo/api/items/683818,"東京大学駒場図書館 Komaba Library, The University of Tokyo, JAPAN",http://iiif.io/api/presentation/2#rightToLeftDirection,,駒場図書館所蔵資源科学研究所本草書コレクション,,https://iiif.dl.itc.u-tokyo.ac.jp/repo/iiif/707879d5-9d39-5237-9784-f8194b304f2a/manifest,,,,,69
廣東新語 28巻 ; 卷4-5,"廣東新語 28巻 / (清) 屈大均譔 ; 卷1-2 - 卷26-28. -- [出版者不明], 康煕39 [1700] 序. -- 12冊 ; 27.8×16.2cm.",D1:190,3002928608,,,,,,駒場図書館,190020,,カントン シンゴ,http://tify.sub.uni-goettingen.de/demo.html?manifest=https://archdataset.dl.itc.u-tokyo.ac.jp/manifest/7926c3b4-1ed7-0f74-742b-4f0f0dcf3e0f.json,7926c3b4-1ed7-0f74-742b-4f0f0dcf3e0f,https://iiif.dl.itc.u-tokyo.ac.jp/repo/s/honzosho/,https://iiif.dl.itc.u-tokyo.ac.jp/repo/s/honzosho/document/7926c3b4-1ed7-0f74-742b-4f0f0dcf3e0f,https://www.lib.u-tokyo.ac.jp/ja/library/contents/archives-top/reuse,https://iiif.dl.itc.u-tokyo.ac.jp/repo/files/medium/caffd6c34803a023e13d26f00b197675f8440d17.jpg,https://iiif.dl.itc.u-tokyo.ac.jp/repo/api/items/683817,"東京大学駒場図書館 Komaba Library, The University of Tokyo, JAPAN",http://iiif.io/api/presentation/2#rightToLeftDirection,,駒場図書館所蔵資源科学研究所本草書コレクション,,https://iiif.dl.itc.u-tokyo.ac.jp/repo/iiif/7926c3b4-1ed7-0f74-742b-4f0f0dcf3e0f/manifest,,,,,80
廣東新語 28巻 ; 卷6-7,"廣東新語 28巻 / (清) 屈大均譔 ; 卷1-2 - 卷26-28. -- [出版者不明], 康煕39 [1700] 序. -- 12冊 ; 27.8×16.2cm.",D1:190,3002928616,,,,,,駒場図書館,190030,,カントン シンゴ,http://tify.sub.uni-goettingen.de/demo.html?manifest=https://archdataset.dl.itc.u-tokyo.ac.jp/manifest/4bdc9f66-738e-2910-2cca-48c5bb119eb5.json,4bdc9f66-738e-2910-2cca-48c5bb119eb5,https://iiif.dl.itc.u-tokyo.ac.jp/repo/s/honzosho/,https://iiif.dl.itc.u-tokyo.ac.jp/repo/s/honzosho/document/4bdc9f66-738e-2910-2cca-48c5bb119eb5,https://www.lib.u-tokyo.ac.jp/ja/library/contents/archives-top/reuse,https://iiif.dl.itc.u-tokyo.ac.jp/repo/files/medium/3a09daeeb5b85c2930651b5c47196edcbcab7c68.jpg,https://iiif.dl.itc.u-tokyo.ac.jp/repo/api/items/683816,"東京大学駒場図書館 Komaba Library, The University of Tokyo, JAPAN",http://iiif.io/api/presentation/2#rightToLeftDirection,,駒場図書館所蔵資源科学研究所本草書コレクション,,https://iiif.dl.itc.u-tokyo.ac.jp/repo/iiif/4bdc9f66-738e-2910-2cca-48c5bb119eb5/manifest,,,,,63
廣東新語 28巻 ; 卷8-10,"廣東新語 28巻 / (清) 屈大均譔 ; 卷1-2 - 卷26-28. -- [出版者不明], 康煕39 [1700] 序. -- 12冊 ; 27.8×16.2cm.",D1:190,3002928624,,,,,,駒場図書館,190040,,カントン シンゴ,http://tify.sub.uni-goettingen.de/demo.html?manifest=https://archdataset.dl.itc.u-tokyo.ac.jp/manifest/8f5cfab5-6a86-2909-5904-73a475ef149c.json,8f5cfab5-6a86-2909-5904-73a475ef149c,https://iiif.dl.itc.u-tokyo.ac.jp/repo/s/honzosho/,https://iiif.dl.itc.u-tokyo.ac.jp/repo/s/honzosho/document/8f5cfab5-6a86-2909-5904-73a475ef149c,https://www.lib.u-tokyo.ac.jp/ja/library/contents/archives-top/reuse,https://iiif.dl.itc.u-tokyo.ac.jp/repo/files/medium/62ff52a297c6cf26e41f7cded80a8dea2c9b7703.jpg,https://iiif.dl.itc.u-tokyo.ac.jp/repo/api/items/683815,"東京大学駒場図書館 Komaba Library, The University of Tokyo, JAPAN",http://iiif.io/api/presentation/2#rightToLeftDirection,,駒場図書館所蔵資源科学研究所本草書コレクション,,https://iiif.dl.itc.u-tokyo.ac.jp/repo/iiif/8f5cfab5-6a86-2909-5904-73a475ef149c/manifest,,,,,60
廣東新語 28巻 ; 卷11-13,"廣東新語 28巻 / (清) 屈大均譔 ; 卷1-2 - 卷26-28. -- [出版者不明], 康煕39 [1700] 序. -- 12冊 ; 27.8×16.2cm.",D1:190,3002928632,,,,,,駒場図書館,190050,,カントン シンゴ,http://tify.sub.uni-goettingen.de/demo.html?manifest=https://archdataset.dl.itc.u-tokyo.ac.jp/manifest/54196306-2345-174b-6cc2-11b641c10088.json,54196306-2345-174b-6cc2-11b641c10088,https://iiif.dl.itc.u-tokyo.ac.jp/repo/s/honzosho/,https://iiif.dl.itc.u-tokyo.ac.jp/repo/s/honzosho/document/54196306-2345-174b-6cc2-11b641c10088,https://www.lib.u-tokyo.ac.jp/ja/library/contents/archives-top/reuse,https://iiif.dl.itc.u-tokyo.ac.jp/repo/files/medium/1c1dd1077a9955f8ea0690a75e3db8ef1a088ca3.jpg,https://iiif.dl.itc.u-tokyo.ac.jp/repo/api/items/683814,"東京大学駒場図書館 Komaba Library, The University of Tokyo, JAPAN",http://iiif.io/api/presentation/2#rightToLeftDirection,,駒場図書館所蔵資源科学研究所本草書コレクション,,https://iiif.dl.itc.u-tokyo.ac.jp/repo/iiif/54196306-2345-174b-6cc2-11b641c10088/manifest,,,,,60
廣東新語 28巻 ; 卷14-15,"廣東新語 28巻 / (清) 屈大均譔 ; 卷1-2 - 卷26-28. -- [出版者不明], 康煕39 [1700] 序. -- 12冊 ; 27.8×16.2cm.",D1:190,3002928640,,,,,,駒場図書館,190060,,カントン シンゴ,http://tify.sub.uni-goettingen.de/demo.html?manifest=https://archdataset.dl.itc.u-tokyo.ac.jp/manifest/a6b423a8-3c63-4b6c-6121-51840a037b21.json,a6b423a8-3c63-4b6c-6121-51840a037b21,https://iiif.dl.itc.u-tokyo.ac.jp/repo/s/honzosho/,https://iiif.dl.itc.u-tokyo.ac.jp/repo/s/honzosho/document/a6b423a8-3c63-4b6c-6121-51840a037b21,https://www.lib.u-tokyo.ac.jp/ja/library/contents/archives-top/reuse,https://iiif.dl.itc.u-tokyo.ac.jp/repo/files/medium/7eb96476c416219a0385f096212ce40d4028d6c6.jpg,https://iiif.dl.itc.u-tokyo.ac.jp/repo/api/items/683813,"東京大学駒場図書館 Komaba Library, The University of Tokyo, JAPAN",http://iiif.io/api/presentation/2#rightToLeftDirection,,駒場図書館所蔵資源科学研究所本草書コレクション,,https://iiif.dl.itc.u-tokyo.ac.jp/repo/iiif/a6b423a8-3c63-4b6c-6121-51840a037b21/manifest,,,,,67
廣東新語 28巻 ; 卷16-18,"廣東新語 28巻 / (清) 屈大均譔 ; 卷1-2 - 卷26-28. -- [出版者不明], 康煕39 [1700] 序. -- 12冊 ; 27.8×16.2cm.",D1:190,3002928657,,,,,,駒場図書館,190070,,カントン シンゴ,http://tify.sub.uni-goettingen.de/demo.html?manifest=https://archdataset.dl.itc.u-tokyo.ac.jp/manifest/d3c59b10-7ddd-068c-49d0-aa0fad2e133b.json,d3c59b10-7ddd-068c-49d0-aa0fad2e133b,https://iiif.dl.itc.u-tokyo.ac.jp/repo/s/honzosho/,https://iiif.dl.itc.u-tokyo.ac.jp/repo/s/honzosho/document/d3c59b10-7ddd-068c-49d0-aa0fad2e133b,https://www.lib.u-tokyo.ac.jp/ja/library/contents/archives-top/reuse,https://iiif.dl.itc.u-tokyo.ac.jp/repo/files/medium/4abdf5e98faed218f37db3120c01b38cf95d612c.jpg,https://iiif.dl.itc.u-tokyo.ac.jp/repo/api/items/683812,"東京大学駒場図書館 Komaba Library, The University of Tokyo, JAPAN",http://iiif.io/api/presentation/2#rightToLeftDirection,,駒場図書館所蔵資源科学研究所本草書コレクション,,https://iiif.dl.itc.u-tokyo.ac.jp/repo/iiif/d3c59b10-7ddd-068c-49d0-aa0fad2e133b/manifest,,,,,62
廣東新語 28巻 ; 卷19-21,"廣東新語 28巻 / (清) 屈大均譔 ; 卷1-2 - 卷26-28. -- [出版者不明], 康煕39 [1700] 序. -- 12冊 ; 27.8×16.2cm.",D1:190,3002928665,,,,,,駒場図書館,190080,,カントン シンゴ,http://tify.sub.uni-goettingen.de/demo.html?manifest=https://archdataset.dl.itc.u-tokyo.ac.jp/manifest/d6f19d8b-9a70-8bbe-6481-34e16bc83cfe.json,d6f19d8b-9a70-8bbe-6481-34e16bc83cfe,https://iiif.dl.itc.u-tokyo.ac.jp/repo/s/honzosho/,https://iiif.dl.itc.u-tokyo.ac.jp/repo/s/honzosho/document/d6f19d8b-9a70-8bbe-6481-34e16bc83cfe,https://www.lib.u-tokyo.ac.jp/ja/library/contents/archives-top/reuse,https://iiif.dl.itc.u-tokyo.ac.jp/repo/files/medium/00e83f28a02c7281630832c227fb441eca245079.jpg,https://iiif.dl.itc.u-tokyo.ac.jp/repo/api/items/683811,"東京大学駒場図書館 Komaba Library, The University of Tokyo, JAPAN",http://iiif.io/api/presentation/2#rightToLeftDirection,,駒場図書館所蔵資源科学研究所本草書コレクション,,https://iiif.dl.itc.u-tokyo.ac.jp/repo/iiif/d6f19d8b-9a70-8bbe-6481-34e16bc83cfe/manifest,,,,,57
廣東新語 28巻 ; 卷22-24,"廣東新語 28巻 / (清) 屈大均譔 ; 卷1-2 - 卷26-28. -- [出版者不明], 康煕39 [1700] 序. -- 12冊 ; 27.8×16.2cm.",D1:190,3002928673,,,,,,駒場図書館,190090,,カントン シンゴ,http://tify.sub.uni-goettingen.de/demo.html?manifest=https://archdataset.dl.itc.u-tokyo.ac.jp/manifest/a5770186-9f97-5948-739e-3ab5bb9857cb.json,a5770186-9f97-5948-739e-3ab5bb9857cb,https://iiif.dl.itc.u-tokyo.ac.jp/repo/s/honzosho/,https://iiif.dl.itc.u-tokyo.ac.jp/repo/s/honzosho/document/a5770186-9f97-5948-739e-3ab5bb9857cb,https://www.lib.u-tokyo.ac.jp/ja/library/contents/archives-top/reuse,https://iiif.dl.itc.u-tokyo.ac.jp/repo/files/medium/25df6d9dd71b49b2f3e175d16e91f78ee09484b7.jpg,https://iiif.dl.itc.u-tokyo.ac.jp/repo/api/items/683810,"東京大学駒場図書館 Komaba Library, The University of Tokyo, JAPAN",http://iiif.io/api/presentation/2#rightToLeftDirection,,駒場図書館所蔵資源科学研究所本草書コレクション,,https://iiif.dl.itc.u-tokyo.ac.jp/repo/iiif/a5770186-9f97-5948-739e-3ab5bb9857cb/manifest,,,,,69
廣東新語 28巻 ; 卷25,"廣東新語 28巻 / (清) 屈大均譔 ; 卷1-2 - 卷26-28. -- [出版者不明], 康煕39 [1700] 序. -- 12冊 ; 27.8×16.2cm.",D1:190,3002928681,,,,,,駒場図書館,190100,,カントン シンゴ,http://tify.sub.uni-goettingen.de/demo.html?manifest=https://archdataset.dl.itc.u-tokyo.ac.jp/manifest/4551131f-3f3b-49a1-7b5a-600686265b9f.json,4551131f-3f3b-49a1-7b5a-600686265b9f,https://iiif.dl.itc.u-tokyo.ac.jp/repo/s/honzosho/,https://iiif.dl.itc.u-tokyo.ac.jp/repo/s/honzosho/document/4551131f-3f3b-49a1-7b5a-600686265b9f,https://www.lib.u-tokyo.ac.jp/ja/library/contents/archives-top/reuse,https://iiif.dl.itc.u-tokyo.ac.jp/repo/files/medium/5dee39711baa6439408be94fb4804d561c4b90ea.jpg,https://iiif.dl.itc.u-tokyo.ac.jp/repo/api/items/683809,"東京大学駒場図書館 Komaba Library, The University of Tokyo, JAPAN",http://iiif.io/api/presentation/2#rightToLeftDirection,,駒場図書館所蔵資源科学研究所本草書コレクション,,https://iiif.dl.itc.u-tokyo.ac.jp/repo/iiif/4551131f-3f3b-49a1-7b5a-600686265b9f/manifest,,,,,65
廣東新語 28巻 ; 卷26-28,"廣東新語 28巻 / (清) 屈大均譔 ; 卷1-2 - 卷26-28. -- [出版者不明], 康煕39 [1700] 序. -- 12冊 ; 27.8×16.2cm.",D1:190,3002928699,,,,,,駒場図書館,190110,,カントン シンゴ,http://tify.sub.uni-goettingen.de/demo.html?manifest=https://archdataset.dl.itc.u-tokyo.ac.jp/manifest/ad2e86c3-1022-75ca-60d5-ac1f79ec31e9.json,ad2e86c3-1022-75ca-60d5-ac1f79ec31e9,https://iiif.dl.itc.u-tokyo.ac.jp/repo/s/honzosho/,https://iiif.dl.itc.u-tokyo.ac.jp/repo/s/honzosho/document/ad2e86c3-1022-75ca-60d5-ac1f79ec31e9,https://www.lib.u-tokyo.ac.jp/ja/library/contents/archives-top/reuse,https://iiif.dl.itc.u-tokyo.ac.jp/repo/files/medium/d222fb8fda1310a4b0ebf46a80f4ff1bceeb4ee0.jpg,https://iiif.dl.itc.u-tokyo.ac.jp/repo/api/items/683808,"東京大学駒場図書館 Komaba Library, The University of Tokyo, JAPAN",http://iiif.io/api/presentation/2#rightToLeftDirection,,駒場図書館所蔵資源科学研究所本草書コレクション,,https://iiif.dl.itc.u-tokyo.ac.jp/repo/iiif/ad2e86c3-1022-75ca-60d5-ac1f79ec31e9/manifest,,,,,73
農政全書 60巻 ; 卷之1-2,"農政全書 60巻 / (明) 徐光啓纂輯 ; (明) 張國維鑒定 ; (明) 方岳貢同鑒 ; 卷之1-2 - 卷之59-60. -- [出版者不明], [崇禎頃]. -- 24冊 ; 25.7×15.9cm.",D1:193,3002928848,,,,,,駒場図書館,193000,,ノウセイ ゼンショ,http://tify.sub.uni-goettingen.de/demo.html?manifest=https://archdataset.dl.itc.u-tokyo.ac.jp/manifest/498bda4a-9139-408b-475e-8227f797a61e.json,498bda4a-9139-408b-475e-8227f797a61e,https://iiif.dl.itc.u-tokyo.ac.jp/repo/s/honzosho/,https://iiif.dl.itc.u-tokyo.ac.jp/repo/s/honzosho/document/498bda4a-9139-408b-475e-8227f797a61e,https://www.lib.u-tokyo.ac.jp/ja/library/contents/archives-top/reuse,https://iiif.dl.itc.u-tokyo.ac.jp/repo/files/medium/bee029be08831fb3862d76f23f70c5baf713f358.jpg,https://iiif.dl.itc.u-tokyo.ac.jp/repo/api/items/683807,"東京大学駒場図書館 Komaba Library, The University of Tokyo, JAPAN",http://iiif.io/api/presentation/2#rightToLeftDirection,,駒場図書館所蔵資源科学研究所本草書コレクション,,https://iiif.dl.itc.u-tokyo.ac.jp/repo/iiif/498bda4a-9139-408b-475e-8227f797a61e/manifest,,,,,78
農政全書 60巻 ; 卷之3-5,"農政全書 60巻 / (明) 徐光啓纂輯 ; (明) 張國維鑒定 ; (明) 方岳貢同鑒 ; 卷之1-2 - 卷之59-60. -- [出版者不明], [崇禎頃]. -- 24冊 ; 25.7×15.9cm.",D1:193,3002928855,,,,,,駒場図書館,193010,,ノウセイ ゼンショ,http://tify.sub.uni-goettingen.de/demo.html?manifest=https://archdataset.dl.itc.u-tokyo.ac.jp/manifest/fbb416a7-2c27-0d4e-6a22-69d526a55e1d.json,fbb416a7-2c27-0d4e-6a22-69d526a55e1d,https://iiif.dl.itc.u-tokyo.ac.jp/repo/s/honzosho/,https://iiif.dl.itc.u-tokyo.ac.jp/repo/s/honzosho/document/fbb416a7-2c27-0d4e-6a22-69d526a55e1d,https://www.lib.u-tokyo.ac.jp/ja/library/contents/archives-top/reuse,https://iiif.dl.itc.u-tokyo.ac.jp/repo/files/medium/f6150bce5191097f2744bc06848651cc8d7afe13.jpg,https://iiif.dl.itc.u-tokyo.ac.jp/repo/api/items/683806,"東京大学駒場図書館 Komaba Library, The University of Tokyo, JAPAN",http://iiif.io/api/presentation/2#rightToLeftDirection,,駒場図書館所蔵資源科学研究所本草書コレクション,,https://iiif.dl.itc.u-tokyo.ac.jp/repo/iiif/fbb416a7-2c27-0d4e-6a22-69d526a55e1d/manifest,,,,,75
農政全書 60巻 ; 卷之6-8,"農政全書 60巻 / (明) 徐光啓纂輯 ; (明) 張國維鑒定 ; (明) 方岳貢同鑒 ; 卷之1-2 - 卷之59-60. -- [出版者不明], [崇禎頃]. -- 24冊 ; 25.7×15.9cm.",D1:193,3002928863,,,,,,駒場図書館,193020,,ノウセイ ゼンショ,http://tify.sub.uni-goettingen.de/demo.html?manifest=https://archdataset.dl.itc.u-tokyo.ac.jp/manifest/02275aa0-7fcc-8896-0de6-4a8a9db62c81.json,02275aa0-7fcc-8896-0de6-4a8a9db62c81,https://iiif.dl.itc.u-tokyo.ac.jp/repo/s/honzosho/,https://iiif.dl.itc.u-tokyo.ac.jp/repo/s/honzosho/document/02275aa0-7fcc-8896-0de6-4a8a9db62c81,https://www.lib.u-tokyo.ac.jp/ja/library/contents/archives-top/reuse,https://iiif.dl.itc.u-tokyo.ac.jp/repo/files/medium/0c48c442687dc1766a716c6c21754420bdfc01e1.jpg,https://iiif.dl.itc.u-tokyo.ac.jp/repo/api/items/683805,"東京大学駒場図書館 Komaba Library, The University of Tokyo, JAPAN",http://iiif.io/api/presentation/2#rightToLeftDirection,,駒場図書館所蔵資源科学研究所本草書コレクション,,https://iiif.dl.itc.u-tokyo.ac.jp/repo/iiif/02275aa0-7fcc-8896-0de6-4a8a9db62c81/manifest,,,,,69
農政全書 60巻 ; 卷之9-11,"農政全書 60巻 / (明) 徐光啓纂輯 ; (明) 張國維鑒定 ; (明) 方岳貢同鑒 ; 卷之1-2 - 卷之59-60. -- [出版者不明], [崇禎頃]. -- 24冊 ; 25.7×15.9cm.",D1:193,3002928871,,,,,,駒場図書館,193030,,ノウセイ ゼンショ,http://tify.sub.uni-goettingen.de/demo.html?manifest=https://archdataset.dl.itc.u-tokyo.ac.jp/manifest/e1c893a1-7423-6c3f-0134-200d74c91bc3.json,e1c893a1-7423-6c3f-0134-200d74c91bc3,https://iiif.dl.itc.u-tokyo.ac.jp/repo/s/honzosho/,https://iiif.dl.itc.u-tokyo.ac.jp/repo/s/honzosho/document/e1c893a1-7423-6c3f-0134-200d74c91bc3,https://www.lib.u-tokyo.ac.jp/ja/library/contents/archives-top/reuse,https://iiif.dl.itc.u-tokyo.ac.jp/repo/files/medium/4b5c75fa19748601f875cb4f0c80d64073ce3f17.jpg,https://iiif.dl.itc.u-tokyo.ac.jp/repo/api/items/683804,"東京大学駒場図書館 Komaba Library, The University of Tokyo, JAPAN",http://iiif.io/api/presentation/2#rightToLeftDirection,,駒場図書館所蔵資源科学研究所本草書コレクション,,https://iiif.dl.itc.u-tokyo.ac.jp/repo/iiif/e1c893a1-7423-6c3f-0134-200d74c91bc3/manifest,,,,,72
農政全書 60巻 ; 卷之12-13,"農政全書 60巻 / (明) 徐光啓纂輯 ; (明) 張國維鑒定 ; (明) 方岳貢同鑒 ; 卷之1-2 - 卷之59-60. -- [出版者不明], [崇禎頃]. -- 24冊 ; 25.7×15.9cm.",D1:193,3002928889,,,,,,駒場図書館,193040,,ノウセイ ゼンショ,http://tify.sub.uni-goettingen.de/demo.html?manifest=https://archdataset.dl.itc.u-tokyo.ac.jp/manifest/61d4baf6-62a0-3bb1-7663-1c2bbc763ca0.json,61d4baf6-62a0-3bb1-7663-1c2bbc763ca0,https://iiif.dl.itc.u-tokyo.ac.jp/repo/s/honzosho/,https://iiif.dl.itc.u-tokyo.ac.jp/repo/s/honzosho/document/61d4baf6-62a0-3bb1-7663-1c2bbc763ca0,https://www.lib.u-tokyo.ac.jp/ja/library/contents/archives-top/reuse,https://iiif.dl.itc.u-tokyo.ac.jp/repo/files/medium/955e70042f65860d47c31fa4e1cf4c5a1ed19177.jpg,https://iiif.dl.itc.u-tokyo.ac.jp/repo/api/items/683803,"東京大学駒場図書館 Komaba Library, The University of Tokyo, JAPAN",http://iiif.io/api/presentation/2#rightToLeftDirection,,駒場図書館所蔵資源科学研究所本草書コレクション,,https://iiif.dl.itc.u-tokyo.ac.jp/repo/iiif/61d4baf6-62a0-3bb1-7663-1c2bbc763ca0/manifest,,,,,63
農政全書 60巻 ; 卷之14-16,"農政全書 60巻 / (明) 徐光啓纂輯 ; (明) 張國維鑒定 ; (明) 方岳貢同鑒 ; 卷之1-2 - 卷之59-60. -- [出版者不明], [崇禎頃]. -- 24冊 ; 25.7×15.9cm.",D1:193,3002928897,,,,,,駒場図書館,193050,,ノウセイ ゼンショ,http://tify.sub.uni-goettingen.de/demo.html?manifest=https://archdataset.dl.itc.u-tokyo.ac.jp/manifest/63a64533-81d8-73aa-9fac-c31adb8e0ee2.json,63a64533-81d8-73aa-9fac-c31adb8e0ee2,https://iiif.dl.itc.u-tokyo.ac.jp/repo/s/honzosho/,https://iiif.dl.itc.u-tokyo.ac.jp/repo/s/honzosho/document/63a64533-81d8-73aa-9fac-c31adb8e0ee2,https://www.lib.u-tokyo.ac.jp/ja/library/contents/archives-top/reuse,https://iiif.dl.itc.u-tokyo.ac.jp/repo/files/medium/8e0a69b32a5cfc711f50afd49af3387776615a78.jpg,https://iiif.dl.itc.u-tokyo.ac.jp/repo/api/items/683802,"東京大学駒場図書館 Komaba Library, The University of Tokyo, JAPAN",http://iiif.io/api/presentation/2#rightToLeftDirection,,駒場図書館所蔵資源科学研究所本草書コレクション,,https://iiif.dl.itc.u-tokyo.ac.jp/repo/iiif/63a64533-81d8-73aa-9fac-c31adb8e0ee2/manifest,,,,,87
農政全書 60巻 ; 卷之17-19,"農政全書 60巻 / (明) 徐光啓纂輯 ; (明) 張國維鑒定 ; (明) 方岳貢同鑒 ; 卷之1-2 - 卷之59-60. -- [出版者不明], [崇禎頃]. -- 24冊 ; 25.7×15.9cm.",D1:193,3002928905,,,,,,駒場図書館,193060,,ノウセイ ゼンショ,http://tify.sub.uni-goettingen.de/demo.html?manifest=https://archdataset.dl.itc.u-tokyo.ac.jp/manifest/022c897b-4f2e-385d-0b08-1f6390d22994.json,022c897b-4f2e-385d-0b08-1f6390d22994,https://iiif.dl.itc.u-tokyo.ac.jp/repo/s/honzosho/,https://iiif.dl.itc.u-tokyo.ac.jp/repo/s/honzosho/document/022c897b-4f2e-385d-0b08-1f6390d22994,https://www.lib.u-tokyo.ac.jp/ja/library/contents/archives-top/reuse,https://iiif.dl.itc.u-tokyo.ac.jp/repo/files/medium/e36ff75a396a92b78e4efbddde0cedd05b94f3e7.jpg,https://iiif.dl.itc.u-tokyo.ac.jp/repo/api/items/683801,"東京大学駒場図書館 Komaba Library, The University of Tokyo, JAPAN",http://iiif.io/api/presentation/2#rightToLeftDirection,,駒場図書館所蔵資源科学研究所本草書コレクション,,https://iiif.dl.itc.u-tokyo.ac.jp/repo/iiif/022c897b-4f2e-385d-0b08-1f6390d22994/manifest,,,,,72
農政全書 60巻 ; 卷之19-21,"農政全書 60巻 / (明) 徐光啓纂輯 ; (明) 張國維鑒定 ; (明) 方岳貢同鑒 ; 卷之1-2 - 卷之59-60. -- [出版者不明], [崇禎頃]. -- 24冊 ; 25.7×15.9cm.",D1:193,3002928913,,,,,,駒場図書館,193070,,ノウセイ ゼンショ,http://tify.sub.uni-goettingen.de/demo.html?manifest=https://archdataset.dl.itc.u-tokyo.ac.jp/manifest/ae0ccb6f-59df-5308-7192-727b9f1d9fbc.json,ae0ccb6f-59df-5308-7192-727b9f1d9fbc,https://iiif.dl.itc.u-tokyo.ac.jp/repo/s/honzosho/,https://iiif.dl.itc.u-tokyo.ac.jp/repo/s/honzosho/document/ae0ccb6f-59df-5308-7192-727b9f1d9fbc,https://www.lib.u-tokyo.ac.jp/ja/library/contents/archives-top/reuse,https://iiif.dl.itc.u-tokyo.ac.jp/repo/files/medium/ef6397d6be34f3da6e90dfbcdf7b1dc8b0fad14f.jpg,https://iiif.dl.itc.u-tokyo.ac.jp/repo/api/items/683800,"東京大学駒場図書館 Komaba Library, The University of Tokyo, JAPAN",http://iiif.io/api/presentation/2#rightToLeftDirection,,駒場図書館所蔵資源科学研究所本草書コレクション,,https://iiif.dl.itc.u-tokyo.ac.jp/repo/iiif/ae0ccb6f-59df-5308-7192-727b9f1d9fbc/manifest,,,,,71
農政全書 60巻 ; 卷之22-24,"農政全書 60巻 / (明) 徐光啓纂輯 ; (明) 張國維鑒定 ; (明) 方岳貢同鑒 ; 卷之1-2 - 卷之59-60. -- [出版者不明], [崇禎頃]. -- 24冊 ; 25.7×15.9cm.",D1:193,3002928921,,,,,,駒場図書館,193080,,ノウセイ ゼンショ,http://tify.sub.uni-goettingen.de/demo.html?manifest=https://archdataset.dl.itc.u-tokyo.ac.jp/manifest/8d90b99e-65f1-30ea-2820-ebec19d3865e.json,8d90b99e-65f1-30ea-2820-ebec19d3865e,https://iiif.dl.itc.u-tokyo.ac.jp/repo/s/honzosho/,https://iiif.dl.itc.u-tokyo.ac.jp/repo/s/honzosho/document/8d90b99e-65f1-30ea-2820-ebec19d3865e,https://www.lib.u-tokyo.ac.jp/ja/library/contents/archives-top/reuse,https://iiif.dl.itc.u-tokyo.ac.jp/repo/files/medium/052744b2a7f71faf633590558a01225c1ddc2c88.jpg,https://iiif.dl.itc.u-tokyo.ac.jp/repo/api/items/683799,"東京大学駒場図書館 Komaba Library, The University of Tokyo, JAPAN",http://iiif.io/api/presentation/2#rightToLeftDirection,,駒場図書館所蔵資源科学研究所本草書コレクション,,https://iiif.dl.itc.u-tokyo.ac.jp/repo/iiif/8d90b99e-65f1-30ea-2820-ebec19d3865e/manifest,,,,,74
農政全書 60巻 ; 卷之25-27,"農政全書 60巻 / (明) 徐光啓纂輯 ; (明) 張國維鑒定 ; (明) 方岳貢同鑒 ; 卷之1-2 - 卷之59-60. -- [出版者不明], [崇禎頃]. -- 24冊 ; 25.7×15.9cm.",D1:193,3002928939,,,,,,駒場図書館,193090,,ノウセイ ゼンショ,http://tify.sub.uni-goettingen.de/demo.html?manifest=https://archdataset.dl.itc.u-tokyo.ac.jp/manifest/830b9204-a466-2212-4eca-cc4678659d62.json,830b9204-a466-2212-4eca-cc4678659d62,https://iiif.dl.itc.u-tokyo.ac.jp/repo/s/honzosho/,https://iiif.dl.itc.u-tokyo.ac.jp/repo/s/honzosho/document/830b9204-a466-2212-4eca-cc4678659d62,https://www.lib.u-tokyo.ac.jp/ja/library/contents/archives-top/reuse,https://iiif.dl.itc.u-tokyo.ac.jp/repo/files/medium/0fb1e0a5bf7a00551efb190b3a603a94cfd6c19c.jpg,https://iiif.dl.itc.u-tokyo.ac.jp/repo/api/items/683798,"東京大学駒場図書館 Komaba Library, The University of Tokyo, JAPAN",http://iiif.io/api/presentation/2#rightToLeftDirection,,駒場図書館所蔵資源科学研究所本草書コレクション,,https://iiif.dl.itc.u-tokyo.ac.jp/repo/iiif/830b9204-a466-2212-4eca-cc4678659d62/manifest,,,,,68
農政全書 60巻 ; 卷之28-29,"農政全書 60巻 / (明) 徐光啓纂輯 ; (明) 張國維鑒定 ; (明) 方岳貢同鑒 ; 卷之1-2 - 卷之59-60. -- [出版者不明], [崇禎頃]. -- 24冊 ; 25.7×15.9cm.",D1:193,3002928947,,,,,,駒場図書館,193100,,ノウセイ ゼンショ,http://tify.sub.uni-goettingen.de/demo.html?manifest=https://archdataset.dl.itc.u-tokyo.ac.jp/manifest/8c661104-40ef-2a3a-75f2-69ca66347486.json,8c661104-40ef-2a3a-75f2-69ca66347486,https://iiif.dl.itc.u-tokyo.ac.jp/repo/s/honzosho/,https://iiif.dl.itc.u-tokyo.ac.jp/repo/s/honzosho/document/8c661104-40ef-2a3a-75f2-69ca66347486,https://www.lib.u-tokyo.ac.jp/ja/library/contents/archives-top/reuse,https://iiif.dl.itc.u-tokyo.ac.jp/repo/files/medium/db1ef8f9a9c83e12f5b32b04e2f55759700f4ad0.jpg,https://iiif.dl.itc.u-tokyo.ac.jp/repo/api/items/683797,"東京大学駒場図書館 Komaba Library, The University of Tokyo, JAPAN",http://iiif.io/api/presentation/2#rightToLeftDirection,,駒場図書館所蔵資源科学研究所本草書コレクション,,https://iiif.dl.itc.u-tokyo.ac.jp/repo/iiif/8c661104-40ef-2a3a-75f2-69ca66347486/manifest,,,,,60
農政全書 60巻 ; 卷之30-31,"農政全書 60巻 / (明) 徐光啓纂輯 ; (明) 張國維鑒定 ; (明) 方岳貢同鑒 ; 卷之1-2 - 卷之59-60. -- [出版者不明], [崇禎頃]. -- 24冊 ; 25.7×15.9cm.",D1:193,3002928954,,,,,,駒場図書館,193110,,ノウセイ ゼンショ,http://tify.sub.uni-goettingen.de/demo.html?manifest=https://archdataset.dl.itc.u-tokyo.ac.jp/manifest/2a7e83b5-8957-9022-00d8-50a706c90f37.json,2a7e83b5-8957-9022-00d8-50a706c90f37,https://iiif.dl.itc.u-tokyo.ac.jp/repo/s/honzosho/,https://iiif.dl.itc.u-tokyo.ac.jp/repo/s/honzosho/document/2a7e83b5-8957-9022-00d8-50a706c90f37,https://www.lib.u-tokyo.ac.jp/ja/library/contents/archives-top/reuse,https://iiif.dl.itc.u-tokyo.ac.jp/repo/files/medium/699c4246fb1e90d05bd671f6b680772b80fdb147.jpg,https://iiif.dl.itc.u-tokyo.ac.jp/repo/api/items/683796,"東京大学駒場図書館 Komaba Library, The University of Tokyo, JAPAN",http://iiif.io/api/presentation/2#rightToLeftDirection,,駒場図書館所蔵資源科学研究所本草書コレクション,,https://iiif.dl.itc.u-tokyo.ac.jp/repo/iiif/2a7e83b5-8957-9022-00d8-50a706c90f37/manifest,,,,,59
農政全書 60巻 ; 卷之32-34,"農政全書 60巻 / (明) 徐光啓纂輯 ; (明) 張國維鑒定 ; (明) 方岳貢同鑒 ; 卷之1-2 - 卷之59-60. -- [出版者不明], [崇禎頃]. -- 24冊 ; 25.7×15.9cm.",D1:193,3002928962,,,,,,駒場図書館,193120,,ノウセイ ゼンショ,http://tify.sub.uni-goettingen.de/demo.html?manifest=https://archdataset.dl.itc.u-tokyo.ac.jp/manifest/06091124-49ee-0bab-1f65-b894d188981b.json,06091124-49ee-0bab-1f65-b894d188981b,https://iiif.dl.itc.u-tokyo.ac.jp/repo/s/honzosho/,https://iiif.dl.itc.u-tokyo.ac.jp/repo/s/honzosho/document/06091124-49ee-0bab-1f65-b894d188981b,https://www.lib.u-tokyo.ac.jp/ja/library/contents/archives-top/reuse,https://iiif.dl.itc.u-tokyo.ac.jp/repo/files/medium/f8f9f013e3a36b5fab68f2cd2fa890f1aef2bf40.jpg,https://iiif.dl.itc.u-tokyo.ac.jp/repo/api/items/683795,"東京大学駒場図書館 Komaba Library, The University of Tokyo, JAPAN",http://iiif.io/api/presentation/2#rightToLeftDirection,,駒場図書館所蔵資源科学研究所本草書コレクション,,https://iiif.dl.itc.u-tokyo.ac.jp/repo/iiif/06091124-49ee-0bab-1f65-b894d188981b/manifest,,,,,66
農政全書 60巻 ; 卷之35-37,"農政全書 60巻 / (明) 徐光啓纂輯 ; (明) 張國維鑒定 ; (明) 方岳貢同鑒 ; 卷之1-2 - 卷之59-60. -- [出版者不明], [崇禎頃]. -- 24冊 ; 25.7×15.9cm.",D1:193,3002928970,,,,,,駒場図書館,193130,,ノウセイ ゼンショ,http://tify.sub.uni-goettingen.de/demo.html?manifest=https://archdataset.dl.itc.u-tokyo.ac.jp/manifest/153b3520-170b-4ccd-8a21-a55e63c42e69.json,153b3520-170b-4ccd-8a21-a55e63c42e69,https://iiif.dl.itc.u-tokyo.ac.jp/repo/s/honzosho/,https://iiif.dl.itc.u-tokyo.ac.jp/repo/s/honzosho/document/153b3520-170b-4ccd-8a21-a55e63c42e69,https://www.lib.u-tokyo.ac.jp/ja/library/contents/archives-top/reuse,https://iiif.dl.itc.u-tokyo.ac.jp/repo/files/medium/48ff5b0807cfaf5782bcc0aa0cd447758642e91a.jpg,https://iiif.dl.itc.u-tokyo.ac.jp/repo/api/items/683794,"東京大学駒場図書館 Komaba Library, The University of Tokyo, JAPAN",http://iiif.io/api/presentation/2#rightToLeftDirection,,駒場図書館所蔵資源科学研究所本草書コレクション,,https://iiif.dl.itc.u-tokyo.ac.jp/repo/iiif/153b3520-170b-4ccd-8a21-a55e63c42e69/manifest,,,,,73
農政全書 60巻 ; 卷之38-40,"農政全書 60巻 / (明) 徐光啓纂輯 ; (明) 張國維鑒定 ; (明) 方岳貢同鑒 ; 卷之1-2 - 卷之59-60. -- [出版者不明], [崇禎頃]. -- 24冊 ; 25.7×15.9cm.",D1:193,3002928988,,,,,,駒場図書館,193140,,ノウセイ ゼンショ,http://tify.sub.uni-goettingen.de/demo.html?manifest=https://archdataset.dl.itc.u-tokyo.ac.jp/manifest/8974be9a-3c34-5787-03b7-bf0c9d267118.json,8974be9a-3c34-5787-03b7-bf0c9d267118,https://iiif.dl.itc.u-tokyo.ac.jp/repo/s/honzosho/,https://iiif.dl.itc.u-tokyo.ac.jp/repo/s/honzosho/document/8974be9a-3c34-5787-03b7-bf0c9d267118,https://www.lib.u-tokyo.ac.jp/ja/library/contents/archives-top/reuse,https://iiif.dl.itc.u-tokyo.ac.jp/repo/files/medium/46eb601116420194067467dfe54006c3f88c5d42.jpg,https://iiif.dl.itc.u-tokyo.ac.jp/repo/api/items/683793,"東京大学駒場図書館 Komaba Library, The University of Tokyo, JAPAN",http://iiif.io/api/presentation/2#rightToLeftDirection,,駒場図書館所蔵資源科学研究所本草書コレクション,,https://iiif.dl.itc.u-tokyo.ac.jp/repo/iiif/8974be9a-3c34-5787-03b7-bf0c9d267118/manifest,,,,,70
農政全書 60巻 ; 卷之41-42,"農政全書 60巻 / (明) 徐光啓纂輯 ; (明) 張國維鑒定 ; (明) 方岳貢同鑒 ; 卷之1-2 - 卷之59-60. -- [出版者不明], [崇禎頃]. -- 24冊 ; 25.7×15.9cm.",D1:193,3002928996,,,,,,駒場図書館,193150,,ノウセイ ゼンショ,http://tify.sub.uni-goettingen.de/demo.html?manifest=https://archdataset.dl.itc.u-tokyo.ac.jp/manifest/81c187ca-5309-3b54-44e7-ca8f474a4935.json,81c187ca-5309-3b54-44e7-ca8f474a4935,https://iiif.dl.itc.u-tokyo.ac.jp/repo/s/honzosho/,https://iiif.dl.itc.u-tokyo.ac.jp/repo/s/honzosho/document/81c187ca-5309-3b54-44e7-ca8f474a4935,https://www.lib.u-tokyo.ac.jp/ja/library/contents/archives-top/reuse,https://iiif.dl.itc.u-tokyo.ac.jp/repo/files/medium/e0c33613f688b3157770ab4aa97f12ac11ba63ce.jpg,https://iiif.dl.itc.u-tokyo.ac.jp/repo/api/items/683792,"東京大学駒場図書館 Komaba Library, The University of Tokyo, JAPAN",http://iiif.io/api/presentation/2#rightToLeftDirection,,駒場図書館所蔵資源科学研究所本草書コレクション,,https://iiif.dl.itc.u-tokyo.ac.jp/repo/iiif/81c187ca-5309-3b54-44e7-ca8f474a4935/manifest,,,,,73
農政全書 60巻 ; 卷之43-44,"農政全書 60巻 / (明) 徐光啓纂輯 ; (明) 張國維鑒定 ; (明) 方岳貢同鑒 ; 卷之1-2 - 卷之59-60. -- [出版者不明], [崇禎頃]. -- 24冊 ; 25.7×15.9cm.",D1:193,3002929002,,,,,,駒場図書館,193160,,ノウセイ ゼンショ,http://tify.sub.uni-goettingen.de/demo.html?manifest=https://archdataset.dl.itc.u-tokyo.ac.jp/manifest/eb9ea741-9c93-0bf6-49ae-b621a4410d50.json,eb9ea741-9c93-0bf6-49ae-b621a4410d50,https://iiif.dl.itc.u-tokyo.ac.jp/repo/s/honzosho/,https://iiif.dl.itc.u-tokyo.ac.jp/repo/s/honzosho/document/eb9ea741-9c93-0bf6-49ae-b621a4410d50,https://www.lib.u-tokyo.ac.jp/ja/library/contents/archives-top/reuse,https://iiif.dl.itc.u-tokyo.ac.jp/repo/files/medium/758e32de6ffb06630af4f9a89ef08b8951129424.jpg,https://iiif.dl.itc.u-tokyo.ac.jp/repo/api/items/683791,"東京大学駒場図書館 Komaba Library, The University of Tokyo, JAPAN",http://iiif.io/api/presentation/2#rightToLeftDirection,,駒場図書館所蔵資源科学研究所本草書コレクション,,https://iiif.dl.itc.u-tokyo.ac.jp/repo/iiif/eb9ea741-9c93-0bf6-49ae-b621a4410d50/manifest,,,,,72
農政全書 60巻 ; 卷之45-46,"農政全書 60巻 / (明) 徐光啓纂輯 ; (明) 張國維鑒定 ; (明) 方岳貢同鑒 ; 卷之1-2 - 卷之59-60. -- [出版者不明], [崇禎頃]. -- 24冊 ; 25.7×15.9cm.",D1:193,3002929010,,,,,,駒場図書館,193170,,ノウセイ ゼンショ,http://tify.sub.uni-goettingen.de/demo.html?manifest=https://archdataset.dl.itc.u-tokyo.ac.jp/manifest/91211bf4-83eb-15f9-a4e0-c0af69290f17.json,91211bf4-83eb-15f9-a4e0-c0af69290f17,https://iiif.dl.itc.u-tokyo.ac.jp/repo/s/honzosho/,https://iiif.dl.itc.u-tokyo.ac.jp/repo/s/honzosho/document/91211bf4-83eb-15f9-a4e0-c0af69290f17,https://www.lib.u-tokyo.ac.jp/ja/library/contents/archives-top/reuse,https://iiif.dl.itc.u-tokyo.ac.jp/repo/files/medium/fb3ded0079cd99baa6577a87cc1ca45cfa395009.jpg,https://iiif.dl.itc.u-tokyo.ac.jp/repo/api/items/683790,"東京大学駒場図書館 Komaba Library, The University of Tokyo, JAPAN",http://iiif.io/api/presentation/2#rightToLeftDirection,,駒場図書館所蔵資源科学研究所本草書コレクション,,https://iiif.dl.itc.u-tokyo.ac.jp/repo/iiif/91211bf4-83eb-15f9-a4e0-c0af69290f17/manifest,,,,,60
農政全書 60巻 ; 卷之47-48,"農政全書 60巻 / (明) 徐光啓纂輯 ; (明) 張國維鑒定 ; (明) 方岳貢同鑒 ; 卷之1-2 - 卷之59-60. -- [出版者不明], [崇禎頃]. -- 24冊 ; 25.7×15.9cm.",D1:193,3002929028,,,,,,駒場図書館,193180,,ノウセイ ゼンショ,http://tify.sub.uni-goettingen.de/demo.html?manifest=https://archdataset.dl.itc.u-tokyo.ac.jp/manifest/bdd6c6dd-7c30-7649-1ad3-74ee5e136b2e.json,bdd6c6dd-7c30-7649-1ad3-74ee5e136b2e,https://iiif.dl.itc.u-tokyo.ac.jp/repo/s/honzosho/,https://iiif.dl.itc.u-tokyo.ac.jp/repo/s/honzosho/document/bdd6c6dd-7c30-7649-1ad3-74ee5e136b2e,https://www.lib.u-tokyo.ac.jp/ja/library/contents/archives-top/reuse,https://iiif.dl.itc.u-tokyo.ac.jp/repo/files/medium/87910351a87c413f40aec0a396c3218fb08deb75.jpg,https://iiif.dl.itc.u-tokyo.ac.jp/repo/api/items/683789,"東京大学駒場図書館 Komaba Library, The University of Tokyo, JAPAN",http://iiif.io/api/presentation/2#rightToLeftDirection,,駒場図書館所蔵資源科学研究所本草書コレクション,,https://iiif.dl.itc.u-tokyo.ac.jp/repo/iiif/bdd6c6dd-7c30-7649-1ad3-74ee5e136b2e/manifest,,,,,71
農政全書 60巻 ; 卷之49-50,"農政全書 60巻 / (明) 徐光啓纂輯 ; (明) 張國維鑒定 ; (明) 方岳貢同鑒 ; 卷之1-2 - 卷之59-60. -- [出版者不明], [崇禎頃]. -- 24冊 ; 25.7×15.9cm.",D1:193,3002929036,,,,,,駒場図書館,193190,,ノウセイ ゼンショ,http://tify.sub.uni-goettingen.de/demo.html?manifest=https://archdataset.dl.itc.u-tokyo.ac.jp/manifest/45abeaf6-0c4e-0a64-32f5-7b7e48ec4874.json,45abeaf6-0c4e-0a64-32f5-7b7e48ec4874,https://iiif.dl.itc.u-tokyo.ac.jp/repo/s/honzosho/,https://iiif.dl.itc.u-tokyo.ac.jp/repo/s/honzosho/document/45abeaf6-0c4e-0a64-32f5-7b7e48ec4874,https://www.lib.u-tokyo.ac.jp/ja/library/contents/archives-top/reuse,https://iiif.dl.itc.u-tokyo.ac.jp/repo/files/medium/72e87d50e4ce5b0be086a586aa319e24d5f1ae21.jpg,https://iiif.dl.itc.u-tokyo.ac.jp/repo/api/items/683788,"東京大学駒場図書館 Komaba Library, The University of Tokyo, JAPAN",http://iiif.io/api/presentation/2#rightToLeftDirection,,駒場図書館所蔵資源科学研究所本草書コレクション,,https://iiif.dl.itc.u-tokyo.ac.jp/repo/iiif/45abeaf6-0c4e-0a64-32f5-7b7e48ec4874/manifest,,,,,68
農政全書 60巻 ; 卷之51-53,"農政全書 60巻 / (明) 徐光啓纂輯 ; (明) 張國維鑒定 ; (明) 方岳貢同鑒 ; 卷之1-2 - 卷之59-60. -- [出版者不明], [崇禎頃]. -- 24冊 ; 25.7×15.9cm.",D1:193,3002929044,,,,,,駒場図書館,193200,,ノウセイ ゼンショ,http://tify.sub.uni-goettingen.de/demo.html?manifest=https://archdataset.dl.itc.u-tokyo.ac.jp/manifest/6d760a2b-567b-92d7-3147-490b42c49247.json,6d760a2b-567b-92d7-3147-490b42c49247,https://iiif.dl.itc.u-tokyo.ac.jp/repo/s/honzosho/,https://iiif.dl.itc.u-tokyo.ac.jp/repo/s/honzosho/document/6d760a2b-567b-92d7-3147-490b42c49247,https://www.lib.u-tokyo.ac.jp/ja/library/contents/archives-top/reuse,https://iiif.dl.itc.u-tokyo.ac.jp/repo/files/medium/c2f78ead63e2b94a7f8fbfba2a1eaea3fbd5c7c8.jpg,https://iiif.dl.itc.u-tokyo.ac.jp/repo/api/items/683787,"東京大学駒場図書館 Komaba Library, The University of Tokyo, JAPAN",http://iiif.io/api/presentation/2#rightToLeftDirection,,駒場図書館所蔵資源科学研究所本草書コレクション,,https://iiif.dl.itc.u-tokyo.ac.jp/repo/iiif/6d760a2b-567b-92d7-3147-490b42c49247/manifest,,,,,88
農政全書 60巻 ; 卷之54-55,"農政全書 60巻 / (明) 徐光啓纂輯 ; (明) 張國維鑒定 ; (明) 方岳貢同鑒 ; 卷之1-2 - 卷之59-60. -- [出版者不明], [崇禎頃]. -- 24冊 ; 25.7×15.9cm.",D1:193,3002929051,,,,,,駒場図書館,193210,,ノウセイ ゼンショ,http://tify.sub.uni-goettingen.de/demo.html?manifest=https://archdataset.dl.itc.u-tokyo.ac.jp/manifest/5efc1b1b-1411-8154-2e7d-5dcb49b94192.json,5efc1b1b-1411-8154-2e7d-5dcb49b94192,https://iiif.dl.itc.u-tokyo.ac.jp/repo/s/honzosho/,https://iiif.dl.itc.u-tokyo.ac.jp/repo/s/honzosho/document/5efc1b1b-1411-8154-2e7d-5dcb49b94192,https://www.lib.u-tokyo.ac.jp/ja/library/contents/archives-top/reuse,https://iiif.dl.itc.u-tokyo.ac.jp/repo/files/medium/1ce9963f135533e0b8e47404bf9d6f15cd8b92c7.jpg,https://iiif.dl.itc.u-tokyo.ac.jp/repo/api/items/683786,"東京大学駒場図書館 Komaba Library, The University of Tokyo, JAPAN",http://iiif.io/api/presentation/2#rightToLeftDirection,,駒場図書館所蔵資源科学研究所本草書コレクション,,https://iiif.dl.itc.u-tokyo.ac.jp/repo/iiif/5efc1b1b-1411-8154-2e7d-5dcb49b94192/manifest,,,,,66
農政全書 60巻 ; 卷之56-58,"農政全書 60巻 / (明) 徐光啓纂輯 ; (明) 張國維鑒定 ; (明) 方岳貢同鑒 ; 卷之1-2 - 卷之59-60. -- [出版者不明], [崇禎頃]. -- 24冊 ; 25.7×15.9cm.",D1:193,3002929069,,,,,,駒場図書館,193220,,ノウセイ ゼンショ,http://tify.sub.uni-goettingen.de/demo.html?manifest=https://archdataset.dl.itc.u-tokyo.ac.jp/manifest/6bd3c8ff-2901-3fd8-6f5e-6f724cf62854.json,6bd3c8ff-2901-3fd8-6f5e-6f724cf62854,https://iiif.dl.itc.u-tokyo.ac.jp/repo/s/honzosho/,https://iiif.dl.itc.u-tokyo.ac.jp/repo/s/honzosho/document/6bd3c8ff-2901-3fd8-6f5e-6f724cf62854,https://www.lib.u-tokyo.ac.jp/ja/library/contents/archives-top/reuse,https://iiif.dl.itc.u-tokyo.ac.jp/repo/files/medium/357bd8346031de51769b6aac9a80476235e3f8f7.jpg,https://iiif.dl.itc.u-tokyo.ac.jp/repo/api/items/683785,"東京大学駒場図書館 Komaba Library, The University of Tokyo, JAPAN",http://iiif.io/api/presentation/2#rightToLeftDirection,,駒場図書館所蔵資源科学研究所本草書コレクション,,https://iiif.dl.itc.u-tokyo.ac.jp/repo/iiif/6bd3c8ff-2901-3fd8-6f5e-6f724cf62854/manifest,,,,,81
農政全書 60巻 ; 卷之59-60,"農政全書 60巻 / (明) 徐光啓纂輯 ; (明) 張國維鑒定 ; (明) 方岳貢同鑒 ; 卷之1-2 - 卷之59-60. -- [出版者不明], [崇禎頃]. -- 24冊 ; 25.7×15.9cm.",D1:193,3002929077,,,,,,駒場図書館,193230,,ノウセイ ゼンショ,http://tify.sub.uni-goettingen.de/demo.html?manifest=https://archdataset.dl.itc.u-tokyo.ac.jp/manifest/953a66fd-117d-0e03-0492-756ee5f59c34.json,953a66fd-117d-0e03-0492-756ee5f59c34,https://iiif.dl.itc.u-tokyo.ac.jp/repo/s/honzosho/,https://iiif.dl.itc.u-tokyo.ac.jp/repo/s/honzosho/document/953a66fd-117d-0e03-0492-756ee5f59c34,https://www.lib.u-tokyo.ac.jp/ja/library/contents/archives-top/reuse,https://iiif.dl.itc.u-tokyo.ac.jp/repo/files/medium/8c81a525721e6e7fbe43e93a0d4ebd2417221068.jpg,https://iiif.dl.itc.u-tokyo.ac.jp/repo/api/items/683784,"東京大学駒場図書館 Komaba Library, The University of Tokyo, JAPAN",http://iiif.io/api/presentation/2#rightToLeftDirection,,駒場図書館所蔵資源科学研究所本草書コレクション,,https://iiif.dl.itc.u-tokyo.ac.jp/repo/iiif/953a66fd-117d-0e03-0492-756ee5f59c34/manifest,,,,,69
農桑輯要 7巻 ; 卷1-4,"農桑輯要 7巻 / (元) 司農司撰 ; 卷1-4, 卷5-7. -- [出版者不明], [乾隆38 (1773)]. -- 2冊 ; 27.7×17.0cm.",D1:195,3002929283,,,,,,駒場図書館,195000,,ノウソウ シュウヨウ,http://tify.sub.uni-goettingen.de/demo.html?manifest=https://archdataset.dl.itc.u-tokyo.ac.jp/manifest/8eaf7f5b-91a8-688c-3be3-7cab4eb435a5.json,8eaf7f5b-91a8-688c-3be3-7cab4eb435a5,https://iiif.dl.itc.u-tokyo.ac.jp/repo/s/honzosho/,https://iiif.dl.itc.u-tokyo.ac.jp/repo/s/honzosho/document/8eaf7f5b-91a8-688c-3be3-7cab4eb435a5,https://www.lib.u-tokyo.ac.jp/ja/library/contents/archives-top/reuse,https://iiif.dl.itc.u-tokyo.ac.jp/repo/files/medium/cc7d58c82f9347344e83e2f4a8ebf6262b1531fb.jpg,https://iiif.dl.itc.u-tokyo.ac.jp/repo/api/items/683783,"東京大学駒場図書館 Komaba Library, The University of Tokyo, JAPAN",http://iiif.io/api/presentation/2#rightToLeftDirection,,駒場図書館所蔵資源科学研究所本草書コレクション,,https://iiif.dl.itc.u-tokyo.ac.jp/repo/iiif/8eaf7f5b-91a8-688c-3be3-7cab4eb435a5/manifest,,,,,99
農桑輯要 7巻 ; 卷5-7,"農桑輯要 7巻 / (元) 司農司撰 ; 卷1-4, 卷5-7. -- [出版者不明], [乾隆38 (1773)]. -- 2冊 ; 27.7×17.0cm.",D1:195,3002929291,,,,,,駒場図書館,195010,,ノウソウ シュウヨウ,http://tify.sub.uni-goettingen.de/demo.html?manifest=https://archdataset.dl.itc.u-tokyo.ac.jp/manifest/2d9342ee-0111-5fe1-55d7-6c3f91fd3f62.json,2d9342ee-0111-5fe1-55d7-6c3f91fd3f62,https://iiif.dl.itc.u-tokyo.ac.jp/repo/s/honzosho/,https://iiif.dl.itc.u-tokyo.ac.jp/repo/s/honzosho/document/2d9342ee-0111-5fe1-55d7-6c3f91fd3f62,https://www.lib.u-tokyo.ac.jp/ja/library/contents/archives-top/reuse,https://iiif.dl.itc.u-tokyo.ac.jp/repo/files/medium/a048436fcb1f2848088d56152f470cc60d9115d4.jpg,https://iiif.dl.itc.u-tokyo.ac.jp/repo/api/items/683782,"東京大学駒場図書館 Komaba Library, The University of Tokyo, JAPAN",http://iiif.io/api/presentation/2#rightToLeftDirection,,駒場図書館所蔵資源科学研究所本草書コレクション,,https://iiif.dl.itc.u-tokyo.ac.jp/repo/iiif/2d9342ee-0111-5fe1-55d7-6c3f91fd3f62/manifest,,,,,76
花暦百詠 2巻坿百花賦考百花和稱 ; 卷上,"花暦百詠 2巻坿百花賦考百花和稱 / (清) 翁長祚著 ; 卷上, 卷下. -- 須原屋源助, 文政7 [1824] 序. -- 2冊 ; 23.2×15.8cm.",E1:284,3002931792,,,,,,駒場図書館,284000,,カレキ ヒャクエイ,http://tify.sub.uni-goettingen.de/demo.html?manifest=https://archdataset.dl.itc.u-tokyo.ac.jp/manifest/7bccb535-897a-6d28-a344-1c409d07a27c.json,7bccb535-897a-6d28-a344-1c409d07a27c,https://iiif.dl.itc.u-tokyo.ac.jp/repo/s/honzosho/,https://iiif.dl.itc.u-tokyo.ac.jp/repo/s/honzosho/document/7bccb535-897a-6d28-a344-1c409d07a27c,https://www.lib.u-tokyo.ac.jp/ja/library/contents/archives-top/reuse,https://iiif.dl.itc.u-tokyo.ac.jp/repo/files/medium/8566430e5c8dd00296c51dd3359a0abfb0600b55.jpg,https://iiif.dl.itc.u-tokyo.ac.jp/repo/api/items/683781,"東京大学駒場図書館 Komaba Library, The University of Tokyo, JAPAN",http://iiif.io/api/presentation/2#rightToLeftDirection,,駒場図書館所蔵資源科学研究所本草書コレクション,,https://iiif.dl.itc.u-tokyo.ac.jp/repo/iiif/7bccb535-897a-6d28-a344-1c409d07a27c/manifest,,,,,43
花暦百詠 2巻坿百花賦考百花和稱 ; 卷下,"花暦百詠 2巻坿百花賦考百花和稱 / (清) 翁長祚著 ; 卷上, 卷下. -- 須原屋源助, 文政7 [1824] 序. -- 2冊 ; 23.2×15.8cm.",E1:284,3002931800,,,,,,駒場図書館,284010,,カレキ ヒャクエイ,http://tify.sub.uni-goettingen.de/demo.html?manifest=https://archdataset.dl.itc.u-tokyo.ac.jp/manifest/b9399a52-6f6b-8d84-947d-268abc728d2b.json,b9399a52-6f6b-8d84-947d-268abc728d2b,https://iiif.dl.itc.u-tokyo.ac.jp/repo/s/honzosho/,https://iiif.dl.itc.u-tokyo.ac.jp/repo/s/honzosho/document/b9399a52-6f6b-8d84-947d-268abc728d2b,https://www.lib.u-tokyo.ac.jp/ja/library/contents/archives-top/reuse,https://iiif.dl.itc.u-tokyo.ac.jp/repo/files/medium/abdd6f3bffea60971052c214bc49755e8f2085b0.jpg,https://iiif.dl.itc.u-tokyo.ac.jp/repo/api/items/683780,"東京大学駒場図書館 Komaba Library, The University of Tokyo, JAPAN",http://iiif.io/api/presentation/2#rightToLeftDirection,,駒場図書館所蔵資源科学研究所本草書コレクション,,https://iiif.dl.itc.u-tokyo.ac.jp/repo/iiif/b9399a52-6f6b-8d84-947d-268abc728d2b/manifest,,,,,45
事物異名録 40巻 ; 卷1-2,"事物異名録 40巻 / (清) 厲荃原輯 ; (清) 關槐増纂 ; 卷1-2 - 卷38-40. -- [出版者不明], [江戸後期-明治期]. -- 12冊 ; 22.4×15.7cm.",E2:343,3002933046,,,,,,駒場図書館,343000,,ジブツ イメイロク,http://tify.sub.uni-goettingen.de/demo.html?manifest=https://archdataset.dl.itc.u-tokyo.ac.jp/manifest/a81d9ef5-4005-3eaf-38da-da88109416e9.json,a81d9ef5-4005-3eaf-38da-da88109416e9,https://iiif.dl.itc.u-tokyo.ac.jp/repo/s/honzosho/,https://iiif.dl.itc.u-tokyo.ac.jp/repo/s/honzosho/document/a81d9ef5-4005-3eaf-38da-da88109416e9,https://www.lib.u-tokyo.ac.jp/ja/library/contents/archives-top/reuse,https://iiif.dl.itc.u-tokyo.ac.jp/repo/files/medium/3dc9294e8598d3f34468b200131f93ede4ed1e54.jpg,https://iiif.dl.itc.u-tokyo.ac.jp/repo/api/items/683779,"東京大学駒場図書館 Komaba Library, The University of Tokyo, JAPAN",http://iiif.io/api/presentation/2#rightToLeftDirection,,駒場図書館所蔵資源科学研究所本草書コレクション,,https://iiif.dl.itc.u-tokyo.ac.jp/repo/iiif/a81d9ef5-4005-3eaf-38da-da88109416e9/manifest,,,,,65
事物異名録 40巻 ; 卷3-4,"事物異名録 40巻 / (清) 厲荃原輯 ; (清) 關槐増纂 ; 卷1-2 - 卷38-40. -- [出版者不明], [江戸後期-明治期]. -- 12冊 ; 22.4×15.7cm.",E2:343,3002933053,,,,,,駒場図書館,343010,,ジブツ イメイロク,http://tify.sub.uni-goettingen.de/demo.html?manifest=https://archdataset.dl.itc.u-tokyo.ac.jp/manifest/9a1d202b-2652-2798-6233-d071fa932003.json,9a1d202b-2652-2798-6233-d071fa932003,https://iiif.dl.itc.u-tokyo.ac.jp/repo/s/honzosho/,https://iiif.dl.itc.u-tokyo.ac.jp/repo/s/honzosho/document/9a1d202b-2652-2798-6233-d071fa932003,https://www.lib.u-tokyo.ac.jp/ja/library/contents/archives-top/reuse,https://iiif.dl.itc.u-tokyo.ac.jp/repo/files/medium/53e188720dd5679da13cd4e0c82d0d66eddc978b.jpg,https://iiif.dl.itc.u-tokyo.ac.jp/repo/api/items/683778,"東京大学駒場図書館 Komaba Library, The University of Tokyo, JAPAN",http://iiif.io/api/presentation/2#rightToLeftDirection,,駒場図書館所蔵資源科学研究所本草書コレクション,,https://iiif.dl.itc.u-tokyo.ac.jp/repo/iiif/9a1d202b-2652-2798-6233-d071fa932003/manifest,,,,,62
事物異名録 40巻 ; 卷5-7,"事物異名録 40巻 / (清) 厲荃原輯 ; (清) 關槐増纂 ; 卷1-2 - 卷38-40. -- [出版者不明], [江戸後期-明治期]. -- 12冊 ; 22.4×15.7cm.",E2:343,3002933061,,,,,,駒場図書館,343020,,ジブツ イメイロク,http://tify.sub.uni-goettingen.de/demo.html?manifest=https://archdataset.dl.itc.u-tokyo.ac.jp/manifest/882b2ed7-2448-491a-960e-ae5c4b4831e4.json,882b2ed7-2448-491a-960e-ae5c4b4831e4,https://iiif.dl.itc.u-tokyo.ac.jp/repo/s/honzosho/,https://iiif.dl.itc.u-tokyo.ac.jp/repo/s/honzosho/document/882b2ed7-2448-491a-960e-ae5c4b4831e4,https://www.lib.u-tokyo.ac.jp/ja/library/contents/archives-top/reuse,https://iiif.dl.itc.u-tokyo.ac.jp/repo/files/medium/d599450a376fdaae0a1fa6bf3b7c7085f6189866.jpg,https://iiif.dl.itc.u-tokyo.ac.jp/repo/api/items/683777,"東京大学駒場図書館 Komaba Library, The University of Tokyo, JAPAN",http://iiif.io/api/presentation/2#rightToLeftDirection,,駒場図書館所蔵資源科学研究所本草書コレクション,,https://iiif.dl.itc.u-tokyo.ac.jp/repo/iiif/882b2ed7-2448-491a-960e-ae5c4b4831e4/manifest,,,,,70
事物異名録 40巻 ; 卷8-11,"事物異名録 40巻 / (清) 厲荃原輯 ; (清) 關槐増纂 ; 卷1-2 - 卷38-40. -- [出版者不明], [江戸後期-明治期]. -- 12冊 ; 22.4×15.7cm.",E2:343,3002933079,,,,,,駒場図書館,343030,,ジブツ イメイロク,http://tify.sub.uni-goettingen.de/demo.html?manifest=https://archdataset.dl.itc.u-tokyo.ac.jp/manifest/b9b44833-66f3-635d-8721-7cb386cf9d7c.json,b9b44833-66f3-635d-8721-7cb386cf9d7c,https://iiif.dl.itc.u-tokyo.ac.jp/repo/s/honzosho/,https://iiif.dl.itc.u-tokyo.ac.jp/repo/s/honzosho/document/b9b44833-66f3-635d-8721-7cb386cf9d7c,https://www.lib.u-tokyo.ac.jp/ja/library/contents/archives-top/reuse,https://iiif.dl.itc.u-tokyo.ac.jp/repo/files/medium/b23073212dc19be8a78026ab83fc41ee2a0b6f6b.jpg,https://iiif.dl.itc.u-tokyo.ac.jp/repo/api/items/683776,"東京大学駒場図書館 Komaba Library, The University of Tokyo, JAPAN",http://iiif.io/api/presentation/2#rightToLeftDirection,,駒場図書館所蔵資源科学研究所本草書コレクション,,https://iiif.dl.itc.u-tokyo.ac.jp/repo/iiif/b9b44833-66f3-635d-8721-7cb386cf9d7c/manifest,,,,,82
事物異名録 40巻 ; 卷12-14,"事物異名録 40巻 / (清) 厲荃原輯 ; (清) 關槐増纂 ; 卷1-2 - 卷38-40. -- [出版者不明], [江戸後期-明治期]. -- 12冊 ; 22.4×15.7cm.",E2:343,3002933087,,,,,,駒場図書館,343040,,ジブツ イメイロク,http://tify.sub.uni-goettingen.de/demo.html?manifest=https://archdataset.dl.itc.u-tokyo.ac.jp/manifest/d322b0fa-95e0-1f0c-7b20-158b230e733b.json,d322b0fa-95e0-1f0c-7b20-158b230e733b,https://iiif.dl.itc.u-tokyo.ac.jp/repo/s/honzosho/,https://iiif.dl.itc.u-tokyo.ac.jp/repo/s/honzosho/document/d322b0fa-95e0-1f0c-7b20-158b230e733b,https://www.lib.u-tokyo.ac.jp/ja/library/contents/archives-top/reuse,https://iiif.dl.itc.u-tokyo.ac.jp/repo/files/medium/47c1178bf85e1074daf5f1123d24f8fcc73a25e0.jpg,https://iiif.dl.itc.u-tokyo.ac.jp/repo/api/items/683775,"東京大学駒場図書館 Komaba Library, The University of Tokyo, JAPAN",http://iiif.io/api/presentation/2#rightToLeftDirection,,駒場図書館所蔵資源科学研究所本草書コレクション,,https://iiif.dl.itc.u-tokyo.ac.jp/repo/iiif/d322b0fa-95e0-1f0c-7b20-158b230e733b/manifest,,,,,65
事物異名録 40巻 ; 卷15-18,"事物異名録 40巻 / (清) 厲荃原輯 ; (清) 關槐増纂 ; 卷1-2 - 卷38-40. -- [出版者不明], [江戸後期-明治期]. -- 12冊 ; 22.4×15.7cm.",E2:343,3002933095,,,,,,駒場図書館,343050,,ジブツ イメイロク,http://tify.sub.uni-goettingen.de/demo.html?manifest=https://archdataset.dl.itc.u-tokyo.ac.jp/manifest/c9dbad2a-8961-369a-a0c3-3d555afc0440.json,c9dbad2a-8961-369a-a0c3-3d555afc0440,https://iiif.dl.itc.u-tokyo.ac.jp/repo/s/honzosho/,https://iiif.dl.itc.u-tokyo.ac.jp/repo/s/honzosho/document/c9dbad2a-8961-369a-a0c3-3d555afc0440,https://www.lib.u-tokyo.ac.jp/ja/library/contents/archives-top/reuse,https://iiif.dl.itc.u-tokyo.ac.jp/repo/files/medium/b36a008d5359c1e1722e048483183c78a88afe4f.jpg,https://iiif.dl.itc.u-tokyo.ac.jp/repo/api/items/683774,"東京大学駒場図書館 Komaba Library, The University of Tokyo, JAPAN",http://iiif.io/api/presentation/2#rightToLeftDirection,,駒場図書館所蔵資源科学研究所本草書コレクション,,https://iiif.dl.itc.u-tokyo.ac.jp/repo/iiif/c9dbad2a-8961-369a-a0c3-3d555afc0440/manifest,,,,,76
事物異名録 40巻 ; 卷19-23,"事物異名録 40巻 / (清) 厲荃原輯 ; (清) 關槐増纂 ; 卷1-2 - 卷38-40. -- [出版者不明], [江戸後期-明治期]. -- 12冊 ; 22.4×15.7cm.",E2:343,3002933103,,,,,,駒場図書館,343060,,ジブツ イメイロク,http://tify.sub.uni-goettingen.de/demo.html?manifest=https://archdataset.dl.itc.u-tokyo.ac.jp/manifest/fc1331d7-60b6-88b5-6527-8082381f2f29.json,fc1331d7-60b6-88b5-6527-8082381f2f29,https://iiif.dl.itc.u-tokyo.ac.jp/repo/s/honzosho/,https://iiif.dl.itc.u-tokyo.ac.jp/repo/s/honzosho/document/fc1331d7-60b6-88b5-6527-8082381f2f29,https://www.lib.u-tokyo.ac.jp/ja/library/contents/archives-top/reuse,https://iiif.dl.itc.u-tokyo.ac.jp/repo/files/medium/34ef2823da43efa66a0afaf9532cdd183224a2c2.jpg,https://iiif.dl.itc.u-tokyo.ac.jp/repo/api/items/683773,"東京大学駒場図書館 Komaba Library, The University of Tokyo, JAPAN",http://iiif.io/api/presentation/2#rightToLeftDirection,,駒場図書館所蔵資源科学研究所本草書コレクション,,https://iiif.dl.itc.u-tokyo.ac.jp/repo/iiif/fc1331d7-60b6-88b5-6527-8082381f2f29/manifest,,,,,92
事物異名録 40巻 ; 卷24-28,"事物異名録 40巻 / (清) 厲荃原輯 ; (清) 關槐増纂 ; 卷1-2 - 卷38-40. -- [出版者不明], [江戸後期-明治期]. -- 12冊 ; 22.4×15.7cm.",E2:343,3002933111,,,,,,駒場図書館,343070,,ジブツ イメイロク,http://tify.sub.uni-goettingen.de/demo.html?manifest=https://archdataset.dl.itc.u-tokyo.ac.jp/manifest/9af1fc8f-4805-745c-51e0-1580bc952bf0.json,9af1fc8f-4805-745c-51e0-1580bc952bf0,https://iiif.dl.itc.u-tokyo.ac.jp/repo/s/honzosho/,https://iiif.dl.itc.u-tokyo.ac.jp/repo/s/honzosho/document/9af1fc8f-4805-745c-51e0-1580bc952bf0,https://www.lib.u-tokyo.ac.jp/ja/library/contents/archives-top/reuse,https://iiif.dl.itc.u-tokyo.ac.jp/repo/files/medium/e5e7f0912039e9dd654afcd19423c3f8491ec020.jpg,https://iiif.dl.itc.u-tokyo.ac.jp/repo/api/items/683772,"東京大学駒場図書館 Komaba Library, The University of Tokyo, JAPAN",http://iiif.io/api/presentation/2#rightToLeftDirection,,駒場図書館所蔵資源科学研究所本草書コレクション,,https://iiif.dl.itc.u-tokyo.ac.jp/repo/iiif/9af1fc8f-4805-745c-51e0-1580bc952bf0/manifest,,,,,89
事物異名録 40巻 ; 卷29-30,"事物異名録 40巻 / (清) 厲荃原輯 ; (清) 關槐増纂 ; 卷1-2 - 卷38-40. -- [出版者不明], [江戸後期-明治期]. -- 12冊 ; 22.4×15.7cm.",E2:343,3002933129,,,,,,駒場図書館,343080,,ジブツ イメイロク,http://tify.sub.uni-goettingen.de/demo.html?manifest=https://archdataset.dl.itc.u-tokyo.ac.jp/manifest/2ffc16fc-4150-3843-6ff5-e786f15f8ebe.json,2ffc16fc-4150-3843-6ff5-e786f15f8ebe,https://iiif.dl.itc.u-tokyo.ac.jp/repo/s/honzosho/,https://iiif.dl.itc.u-tokyo.ac.jp/repo/s/honzosho/document/2ffc16fc-4150-3843-6ff5-e786f15f8ebe,https://www.lib.u-tokyo.ac.jp/ja/library/contents/archives-top/reuse,https://iiif.dl.itc.u-tokyo.ac.jp/repo/files/medium/4cee6542035356fab11a52d7955d3e91ac9074a6.jpg,https://iiif.dl.itc.u-tokyo.ac.jp/repo/api/items/683771,"東京大学駒場図書館 Komaba Library, The University of Tokyo, JAPAN",http://iiif.io/api/presentation/2#rightToLeftDirection,,駒場図書館所蔵資源科学研究所本草書コレクション,,https://iiif.dl.itc.u-tokyo.ac.jp/repo/iiif/2ffc16fc-4150-3843-6ff5-e786f15f8ebe/manifest,,,,,67
事物異名録 40巻 ; 卷31-33,"事物異名録 40巻 / (清) 厲荃原輯 ; (清) 關槐増纂 ; 卷1-2 - 卷38-40. -- [出版者不明], [江戸後期-明治期]. -- 12冊 ; 22.4×15.7cm.",E2:343,3002933137,,,,,,駒場図書館,343090,,ジブツ イメイロク,http://tify.sub.uni-goettingen.de/demo.html?manifest=https://archdataset.dl.itc.u-tokyo.ac.jp/manifest/3634d64c-80e4-7bb5-4c30-a770ab492030.json,3634d64c-80e4-7bb5-4c30-a770ab492030,https://iiif.dl.itc.u-tokyo.ac.jp/repo/s/honzosho/,https://iiif.dl.itc.u-tokyo.ac.jp/repo/s/honzosho/document/3634d64c-80e4-7bb5-4c30-a770ab492030,https://www.lib.u-tokyo.ac.jp/ja/library/contents/archives-top/reuse,https://iiif.dl.itc.u-tokyo.ac.jp/repo/files/medium/ba9adc4aa878ba1d5f40e01083ff0820fea91539.jpg,https://iiif.dl.itc.u-tokyo.ac.jp/repo/api/items/683770,"東京大学駒場図書館 Komaba Library, The University of Tokyo, JAPAN",http://iiif.io/api/presentation/2#rightToLeftDirection,,駒場図書館所蔵資源科学研究所本草書コレクション,,https://iiif.dl.itc.u-tokyo.ac.jp/repo/iiif/3634d64c-80e4-7bb5-4c30-a770ab492030/manifest,,,,,70
事物異名録 40巻 ; 卷34-37,"事物異名録 40巻 / (清) 厲荃原輯 ; (清) 關槐増纂 ; 卷1-2 - 卷38-40. -- [出版者不明], [江戸後期-明治期]. -- 12冊 ; 22.4×15.7cm.",E2:343,3002933145,,,,,,駒場図書館,343100,,ジブツ イメイロク,http://tify.sub.uni-goettingen.de/demo.html?manifest=https://archdataset.dl.itc.u-tokyo.ac.jp/manifest/dad5ebdd-13c1-9b2a-848f-d41be2442423.json,dad5ebdd-13c1-9b2a-848f-d41be2442423,https://iiif.dl.itc.u-tokyo.ac.jp/repo/s/honzosho/,https://iiif.dl.itc.u-tokyo.ac.jp/repo/s/honzosho/document/dad5ebdd-13c1-9b2a-848f-d41be2442423,https://www.lib.u-tokyo.ac.jp/ja/library/contents/archives-top/reuse,https://iiif.dl.itc.u-tokyo.ac.jp/repo/files/medium/056a69db613745cbecbb5342f389deb90626fea9.jpg,https://iiif.dl.itc.u-tokyo.ac.jp/repo/api/items/683769,"東京大学駒場図書館 Komaba Library, The University of Tokyo, JAPAN",http://iiif.io/api/presentation/2#rightToLeftDirection,,駒場図書館所蔵資源科学研究所本草書コレクション,,https://iiif.dl.itc.u-tokyo.ac.jp/repo/iiif/dad5ebdd-13c1-9b2a-848f-d41be2442423/manifest,,,,,97
事物異名録 40巻 ; 卷38-40,"事物異名録 40巻 / (清) 厲荃原輯 ; (清) 關槐増纂 ; 卷1-2 - 卷38-40. -- [出版者不明], [江戸後期-明治期]. -- 12冊 ; 22.4×15.7cm.",E2:343,3002933152,,,,,,駒場図書館,343110,,ジブツ イメイロク,http://tify.sub.uni-goettingen.de/demo.html?manifest=https://archdataset.dl.itc.u-tokyo.ac.jp/manifest/94760d75-1e49-0e68-5946-07f2827f361d.json,94760d75-1e49-0e68-5946-07f2827f361d,https://iiif.dl.itc.u-tokyo.ac.jp/repo/s/honzosho/,https://iiif.dl.itc.u-tokyo.ac.jp/repo/s/honzosho/document/94760d75-1e49-0e68-5946-07f2827f361d,https://www.lib.u-tokyo.ac.jp/ja/library/contents/archives-top/reuse,https://iiif.dl.itc.u-tokyo.ac.jp/repo/files/medium/7ad973fd7064ebb5e97e7325b96266a8cc12f3de.jpg,https://iiif.dl.itc.u-tokyo.ac.jp/repo/api/items/683768,"東京大学駒場図書館 Komaba Library, The University of Tokyo, JAPAN",http://iiif.io/api/presentation/2#rightToLeftDirection,,駒場図書館所蔵資源科学研究所本草書コレクション,,https://iiif.dl.itc.u-tokyo.ac.jp/repo/iiif/94760d75-1e49-0e68-5946-07f2827f361d/manifest,,,,,74
重刊巣氏諸病源候緫論 50巻 (存45巻) ; 卷之6-10,"重刊巣氏諸病源候緫論 50巻 (存45巻) / (隋) 巣元方等奉勅撰 ; 卷之6-10 - 巻之46-50. -- 万屋作右衛門, 正保2 [1645]. -- 9冊 ; 25.8×18.0cm.",E3:344,3002933160,,,,,,駒場図書館,344000,,ジュウカン ソウシ ショビョウゲン コウソウロン,http://tify.sub.uni-goettingen.de/demo.html?manifest=https://archdataset.dl.itc.u-tokyo.ac.jp/manifest/ee780a5e-11ab-272a-952c-06eacebd077d.json,ee780a5e-11ab-272a-952c-06eacebd077d,https://iiif.dl.itc.u-tokyo.ac.jp/repo/s/honzosho/,https://iiif.dl.itc.u-tokyo.ac.jp/repo/s/honzosho/document/ee780a5e-11ab-272a-952c-06eacebd077d,https://www.lib.u-tokyo.ac.jp/ja/library/contents/archives-top/reuse,https://iiif.dl.itc.u-tokyo.ac.jp/repo/files/medium/745bf5d976c669207c754364a2f9470ef4ba3c1b.jpg,https://iiif.dl.itc.u-tokyo.ac.jp/repo/api/items/683767,"東京大学駒場図書館 Komaba Library, The University of Tokyo, JAPAN",http://iiif.io/api/presentation/2#rightToLeftDirection,,駒場図書館所蔵資源科学研究所本草書コレクション,,https://iiif.dl.itc.u-tokyo.ac.jp/repo/iiif/ee780a5e-11ab-272a-952c-06eacebd077d/manifest,,,,,64
重刊巣氏諸病源候緫論 50巻 (存45巻) ; 卷之11-15,"重刊巣氏諸病源候緫論 50巻 (存45巻) / (隋) 巣元方等奉勅撰 ; 卷之6-10 - 巻之46-50. -- 万屋作右衛門, 正保2 [1645]. -- 9冊 ; 25.8×18.0cm.",E3:344,3002933178,,,,,,駒場図書館,344010,,ジュウカン ソウシ ショビョウゲン コウソウロン,http://tify.sub.uni-goettingen.de/demo.html?manifest=https://archdataset.dl.itc.u-tokyo.ac.jp/manifest/cb591993-45e7-487c-a0ea-7aa0bf012332.json,cb591993-45e7-487c-a0ea-7aa0bf012332,https://iiif.dl.itc.u-tokyo.ac.jp/repo/s/honzosho/,https://iiif.dl.itc.u-tokyo.ac.jp/repo/s/honzosho/document/cb591993-45e7-487c-a0ea-7aa0bf012332,https://www.lib.u-tokyo.ac.jp/ja/library/contents/archives-top/reuse,https://iiif.dl.itc.u-tokyo.ac.jp/repo/files/medium/94ff66e9248c97d0ccb8432223ed93440eea3320.jpg,https://iiif.dl.itc.u-tokyo.ac.jp/repo/api/items/683766,"東京大学駒場図書館 Komaba Library, The University of Tokyo, JAPAN",http://iiif.io/api/presentation/2#rightToLeftDirection,,駒場図書館所蔵資源科学研究所本草書コレクション,,https://iiif.dl.itc.u-tokyo.ac.jp/repo/iiif/cb591993-45e7-487c-a0ea-7aa0bf012332/manifest,,,,,54
重刊巣氏諸病源候緫論 50巻 (存45巻) ; 卷之16-20,"重刊巣氏諸病源候緫論 50巻 (存45巻) / (隋) 巣元方等奉勅撰 ; 卷之6-10 - 巻之46-50. -- 万屋作右衛門, 正保2 [1645]. -- 9冊 ; 25.8×18.0cm.",E3:344,3002933186,,,,,,駒場図書館,344020,,ジュウカン ソウシ ショビョウゲン コウソウロン,http://tify.sub.uni-goettingen.de/demo.html?manifest=https://archdataset.dl.itc.u-tokyo.ac.jp/manifest/4fd149d5-3598-212a-84ae-617e7a28590d.json,4fd149d5-3598-212a-84ae-617e7a28590d,https://iiif.dl.itc.u-tokyo.ac.jp/repo/s/honzosho/,https://iiif.dl.itc.u-tokyo.ac.jp/repo/s/honzosho/document/4fd149d5-3598-212a-84ae-617e7a28590d,https://www.lib.u-tokyo.ac.jp/ja/library/contents/archives-top/reuse,https://iiif.dl.itc.u-tokyo.ac.jp/repo/files/medium/87bbe462767294dd0fed203e994f233b8c20e57b.jpg,https://iiif.dl.itc.u-tokyo.ac.jp/repo/api/items/683765,"東京大学駒場図書館 Komaba Library, The University of Tokyo, JAPAN",http://iiif.io/api/presentation/2#rightToLeftDirection,,駒場図書館所蔵資源科学研究所本草書コレクション,,https://iiif.dl.itc.u-tokyo.ac.jp/repo/iiif/4fd149d5-3598-212a-84ae-617e7a28590d/manifest,,,,,46
重刊巣氏諸病源候緫論 50巻 (存45巻) ; 卷之21-25,"重刊巣氏諸病源候緫論 50巻 (存45巻) / (隋) 巣元方等奉勅撰 ; 卷之6-10 - 巻之46-50. -- 万屋作右衛門, 正保2 [1645]. -- 9冊 ; 25.8×18.0cm.",E3:344,3002933194,,,,,,駒場図書館,344030,,ジュウカン ソウシ ショビョウゲン コウソウロン,http://tify.sub.uni-goettingen.de/demo.html?manifest=https://archdataset.dl.itc.u-tokyo.ac.jp/manifest/14b8c126-7471-04bd-1b47-1c037e6c93d5.json,14b8c126-7471-04bd-1b47-1c037e6c93d5,https://iiif.dl.itc.u-tokyo.ac.jp/repo/s/honzosho/,https://iiif.dl.itc.u-tokyo.ac.jp/repo/s/honzosho/document/14b8c126-7471-04bd-1b47-1c037e6c93d5,https://www.lib.u-tokyo.ac.jp/ja/library/contents/archives-top/reuse,https://iiif.dl.itc.u-tokyo.ac.jp/repo/files/medium/0ea1276a3591e5de3fd1a721250f3ba318aa1daa.jpg,https://iiif.dl.itc.u-tokyo.ac.jp/repo/api/items/683764,"東京大学駒場図書館 Komaba Library, The University of Tokyo, JAPAN",http://iiif.io/api/presentation/2#rightToLeftDirection,,駒場図書館所蔵資源科学研究所本草書コレクション,,https://iiif.dl.itc.u-tokyo.ac.jp/repo/iiif/14b8c126-7471-04bd-1b47-1c037e6c93d5/manifest,,,,,44
重刊巣氏諸病源候緫論 50巻 (存45巻) ; 卷之26-30,"重刊巣氏諸病源候緫論 50巻 (存45巻) / (隋) 巣元方等奉勅撰 ; 卷之6-10 - 巻之46-50. -- 万屋作右衛門, 正保2 [1645]. -- 9冊 ; 25.8×18.0cm.",E3:344,3002933202,,,,,,駒場図書館,344040,,ジュウカン ソウシ ショビョウゲン コウソウロン,http://tify.sub.uni-goettingen.de/demo.html?manifest=https://archdataset.dl.itc.u-tokyo.ac.jp/manifest/c698acc2-0674-5edc-70e5-8f9ef8f76e73.json,c698acc2-0674-5edc-70e5-8f9ef8f76e73,https://iiif.dl.itc.u-tokyo.ac.jp/repo/s/honzosho/,https://iiif.dl.itc.u-tokyo.ac.jp/repo/s/honzosho/document/c698acc2-0674-5edc-70e5-8f9ef8f76e73,https://www.lib.u-tokyo.ac.jp/ja/library/contents/archives-top/reuse,https://iiif.dl.itc.u-tokyo.ac.jp/repo/files/medium/88cf46efbda1313f247d762882307e10326dd77f.jpg,https://iiif.dl.itc.u-tokyo.ac.jp/repo/api/items/683763,"東京大学駒場図書館 Komaba Library, The University of Tokyo, JAPAN",http://iiif.io/api/presentation/2#rightToLeftDirection,,駒場図書館所蔵資源科学研究所本草書コレクション,,https://iiif.dl.itc.u-tokyo.ac.jp/repo/iiif/c698acc2-0674-5edc-70e5-8f9ef8f76e73/manifest,,,,,45
重刊巣氏諸病源候緫論 50巻 (存45巻) ; 卷之31-35,"重刊巣氏諸病源候緫論 50巻 (存45巻) / (隋) 巣元方等奉勅撰 ; 卷之6-10 - 巻之46-50. -- 万屋作右衛門, 正保2 [1645]. -- 9冊 ; 25.8×18.0cm.",E3:344,3002933210,,,,,,駒場図書館,344050,,ジュウカン ソウシ ショビョウゲン コウソウロン,http://tify.sub.uni-goettingen.de/demo.html?manifest=https://archdataset.dl.itc.u-tokyo.ac.jp/manifest/3d6e347b-02e3-17fb-616c-8b0762603b49.json,3d6e347b-02e3-17fb-616c-8b0762603b49,https://iiif.dl.itc.u-tokyo.ac.jp/repo/s/honzosho/,https://iiif.dl.itc.u-tokyo.ac.jp/repo/s/honzosho/document/3d6e347b-02e3-17fb-616c-8b0762603b49,https://www.lib.u-tokyo.ac.jp/ja/library/contents/archives-top/reuse,https://iiif.dl.itc.u-tokyo.ac.jp/repo/files/medium/c72107a745a673d526abd48daf4245e326ba2f8a.jpg,https://iiif.dl.itc.u-tokyo.ac.jp/repo/api/items/683762,"東京大学駒場図書館 Komaba Library, The University of Tokyo, JAPAN",http://iiif.io/api/presentation/2#rightToLeftDirection,,駒場図書館所蔵資源科学研究所本草書コレクション,,https://iiif.dl.itc.u-tokyo.ac.jp/repo/iiif/3d6e347b-02e3-17fb-616c-8b0762603b49/manifest,,,,,54
重刊巣氏諸病源候緫論 50巻 (存45巻) ; 卷之36-40,"重刊巣氏諸病源候緫論 50巻 (存45巻) / (隋) 巣元方等奉勅撰 ; 卷之6-10 - 巻之46-50. -- 万屋作右衛門, 正保2 [1645]. -- 9冊 ; 25.8×18.0cm.",E3:344,3002933228,,,,,,駒場図書館,344060,,ジュウカン ソウシ ショビョウゲン コウソウロン,http://tify.sub.uni-goettingen.de/demo.html?manifest=https://archdataset.dl.itc.u-tokyo.ac.jp/manifest/46cb6d70-98c3-5118-6ef7-46d6985631d7.json,46cb6d70-98c3-5118-6ef7-46d6985631d7,https://iiif.dl.itc.u-tokyo.ac.jp/repo/s/honzosho/,https://iiif.dl.itc.u-tokyo.ac.jp/repo/s/honzosho/document/46cb6d70-98c3-5118-6ef7-46d6985631d7,https://www.lib.u-tokyo.ac.jp/ja/library/contents/archives-top/reuse,https://iiif.dl.itc.u-tokyo.ac.jp/repo/files/medium/cc5b00eb719220a32c94b864d68a9cd466fea451.jpg,https://iiif.dl.itc.u-tokyo.ac.jp/repo/api/items/683761,"東京大学駒場図書館 Komaba Library, The University of Tokyo, JAPAN",http://iiif.io/api/presentation/2#rightToLeftDirection,,駒場図書館所蔵資源科学研究所本草書コレクション,,https://iiif.dl.itc.u-tokyo.ac.jp/repo/iiif/46cb6d70-98c3-5118-6ef7-46d6985631d7/manifest,,,,,56
重刊巣氏諸病源候緫論 50巻 (存45巻) ; 卷之41-45,"重刊巣氏諸病源候緫論 50巻 (存45巻) / (隋) 巣元方等奉勅撰 ; 卷之6-10 - 巻之46-50. -- 万屋作右衛門, 正保2 [1645]. -- 9冊 ; 25.8×18.0cm.",E3:344,3002933236,,,,,,駒場図書館,344070,,ジュウカン ソウシ ショビョウゲン コウソウロン,http://tify.sub.uni-goettingen.de/demo.html?manifest=https://archdataset.dl.itc.u-tokyo.ac.jp/manifest/6f6cfd7d-0ccc-97aa-2ed3-061ebc9b0960.json,6f6cfd7d-0ccc-97aa-2ed3-061ebc9b0960,https://iiif.dl.itc.u-tokyo.ac.jp/repo/s/honzosho/,https://iiif.dl.itc.u-tokyo.ac.jp/repo/s/honzosho/document/6f6cfd7d-0ccc-97aa-2ed3-061ebc9b0960,https://www.lib.u-tokyo.ac.jp/ja/library/contents/archives-top/reuse,https://iiif.dl.itc.u-tokyo.ac.jp/repo/files/medium/3d93f0824faf44b29911657ae26cf58103e37075.jpg,https://iiif.dl.itc.u-tokyo.ac.jp/repo/api/items/683760,"東京大学駒場図書館 Komaba Library, The University of Tokyo, JAPAN",http://iiif.io/api/presentation/2#rightToLeftDirection,,駒場図書館所蔵資源科学研究所本草書コレクション,,https://iiif.dl.itc.u-tokyo.ac.jp/repo/iiif/6f6cfd7d-0ccc-97aa-2ed3-061ebc9b0960/manifest,,,,,50
重刊巣氏諸病源候緫論 50巻 (存45巻) ; 巻之46-50,"重刊巣氏諸病源候緫論 50巻 (存45巻) / (隋) 巣元方等奉勅撰 ; 卷之6-10 - 巻之46-50. -- 万屋作右衛門, 正保2 [1645]. -- 9冊 ; 25.8×18.0cm.",E3:344,3002933244,,,,,,駒場図書館,344080,,ジュウカン ソウシ ショビョウゲン コウソウロン,http://tify.sub.uni-goettingen.de/demo.html?manifest=https://archdataset.dl.itc.u-tokyo.ac.jp/manifest/2d29c899-40e7-a1ef-8ae5-fee6267964bd.json,2d29c899-40e7-a1ef-8ae5-fee6267964bd,https://iiif.dl.itc.u-tokyo.ac.jp/repo/s/honzosho/,https://iiif.dl.itc.u-tokyo.ac.jp/repo/s/honzosho/document/2d29c899-40e7-a1ef-8ae5-fee6267964bd,https://www.lib.u-tokyo.ac.jp/ja/library/contents/archives-top/reuse,https://iiif.dl.itc.u-tokyo.ac.jp/repo/files/medium/0858c8ba55e6adf239e4954a5492adf937ef77f2.jpg,https://iiif.dl.itc.u-tokyo.ac.jp/repo/api/items/683759,"東京大学駒場図書館 Komaba Library, The University of Tokyo, JAPAN",http://iiif.io/api/presentation/2#rightToLeftDirection,,駒場図書館所蔵資源科学研究所本草書コレクション,,https://iiif.dl.itc.u-tokyo.ac.jp/repo/iiif/2d29c899-40e7-a1ef-8ae5-fee6267964bd/manifest,,,,,46
遠西醫方名物考 36巻補遺9巻 ; 卷1-3,"遠西醫方名物考 36巻補遺9巻 / 榛齋先生譯述 ; 宇田川榕菴校補 ; 卷1-3 - 補遺卷7-9. -- 青藜閣須原屋伊八, [天保頃]. -- 15冊 ; 25.9×17.6cm.",F1:388,3002934150,,,,,,駒場図書館,388000,,エンセイ イホウ メイブツコウ,http://tify.sub.uni-goettingen.de/demo.html?manifest=https://archdataset.dl.itc.u-tokyo.ac.jp/manifest/03687ff8-25b3-3cde-8b85-c522a0b49cd3.json,03687ff8-25b3-3cde-8b85-c522a0b49cd3,https://iiif.dl.itc.u-tokyo.ac.jp/repo/s/honzosho/,https://iiif.dl.itc.u-tokyo.ac.jp/repo/s/honzosho/document/03687ff8-25b3-3cde-8b85-c522a0b49cd3,https://www.lib.u-tokyo.ac.jp/ja/library/contents/archives-top/reuse,https://iiif.dl.itc.u-tokyo.ac.jp/repo/files/medium/55fc793f92ff38e7a23e33fb024c177875cbef18.jpg,https://iiif.dl.itc.u-tokyo.ac.jp/repo/api/items/683758,"東京大学駒場図書館 Komaba Library, The University of Tokyo, JAPAN",http://iiif.io/api/presentation/2#rightToLeftDirection,,駒場図書館所蔵資源科学研究所本草書コレクション,,https://iiif.dl.itc.u-tokyo.ac.jp/repo/iiif/03687ff8-25b3-3cde-8b85-c522a0b49cd3/manifest,,,,,94
遠西醫方名物考 36巻補遺9巻 ; 卷4-6,"遠西醫方名物考 36巻補遺9巻 / 榛齋先生譯述 ; 宇田川榕菴校補 ; 卷1-3 - 補遺卷7-9. -- 青藜閣須原屋伊八, [天保頃]. -- 15冊 ; 25.9×17.6cm.",F1:388,3002934168,,,,,,駒場図書館,388010,,エンセイ イホウ メイブツコウ,http://tify.sub.uni-goettingen.de/demo.html?manifest=https://archdataset.dl.itc.u-tokyo.ac.jp/manifest/93f52034-25fc-66b9-2017-57db030d4131.json,93f52034-25fc-66b9-2017-57db030d4131,https://iiif.dl.itc.u-tokyo.ac.jp/repo/s/honzosho/,https://iiif.dl.itc.u-tokyo.ac.jp/repo/s/honzosho/document/93f52034-25fc-66b9-2017-57db030d4131,https://www.lib.u-tokyo.ac.jp/ja/library/contents/archives-top/reuse,https://iiif.dl.itc.u-tokyo.ac.jp/repo/files/medium/d69bda10ab1bfa70975d9bd4536135eaae657247.jpg,https://iiif.dl.itc.u-tokyo.ac.jp/repo/api/items/683757,"東京大学駒場図書館 Komaba Library, The University of Tokyo, JAPAN",http://iiif.io/api/presentation/2#rightToLeftDirection,,駒場図書館所蔵資源科学研究所本草書コレクション,,https://iiif.dl.itc.u-tokyo.ac.jp/repo/iiif/93f52034-25fc-66b9-2017-57db030d4131/manifest,,,,,87
遠西醫方名物考 36巻補遺9巻 ; 卷7-9,"遠西醫方名物考 36巻補遺9巻 / 榛齋先生譯述 ; 宇田川榕菴校補 ; 卷1-3 - 補遺卷7-9. -- 青藜閣須原屋伊八, [天保頃]. -- 15冊 ; 25.9×17.6cm.",F1:388,3002934176,,,,,,駒場図書館,388020,,エンセイ イホウ メイブツコウ,http://tify.sub.uni-goettingen.de/demo.html?manifest=https://archdataset.dl.itc.u-tokyo.ac.jp/manifest/bd2fdcb7-7a67-2249-05d1-13a951ab5833.json,bd2fdcb7-7a67-2249-05d1-13a951ab5833,https://iiif.dl.itc.u-tokyo.ac.jp/repo/s/honzosho/,https://iiif.dl.itc.u-tokyo.ac.jp/repo/s/honzosho/document/bd2fdcb7-7a67-2249-05d1-13a951ab5833,https://www.lib.u-tokyo.ac.jp/ja/library/contents/archives-top/reuse,https://iiif.dl.itc.u-tokyo.ac.jp/repo/files/medium/8537dd96defa1dd89fe74ea6bf9922feb8738f0f.jpg,https://iiif.dl.itc.u-tokyo.ac.jp/repo/api/items/683756,"東京大学駒場図書館 Komaba Library, The University of Tokyo, JAPAN",http://iiif.io/api/presentation/2#rightToLeftDirection,,駒場図書館所蔵資源科学研究所本草書コレクション,,https://iiif.dl.itc.u-tokyo.ac.jp/repo/iiif/bd2fdcb7-7a67-2249-05d1-13a951ab5833/manifest,,,,,87
遠西醫方名物考 36巻補遺9巻 ; 卷10-12,"遠西醫方名物考 36巻補遺9巻 / 榛齋先生譯述 ; 宇田川榕菴校補 ; 卷1-3 - 補遺卷7-9. -- 青藜閣須原屋伊八, [天保頃]. -- 15冊 ; 25.9×17.6cm.",F1:388,3002934184,,,,,,駒場図書館,388030,,エンセイ イホウ メイブツコウ,http://tify.sub.uni-goettingen.de/demo.html?manifest=https://archdataset.dl.itc.u-tokyo.ac.jp/manifest/3a183a48-1e88-4261-968b-e8a54f9191eb.json,3a183a48-1e88-4261-968b-e8a54f9191eb,https://iiif.dl.itc.u-tokyo.ac.jp/repo/s/honzosho/,https://iiif.dl.itc.u-tokyo.ac.jp/repo/s/honzosho/document/3a183a48-1e88-4261-968b-e8a54f9191eb,https://www.lib.u-tokyo.ac.jp/ja/library/contents/archives-top/reuse,https://iiif.dl.itc.u-tokyo.ac.jp/repo/files/medium/6520e112791ea1b58966159b2e573c977b9d9df4.jpg,https://iiif.dl.itc.u-tokyo.ac.jp/repo/api/items/683755,"東京大学駒場図書館 Komaba Library, The University of Tokyo, JAPAN",http://iiif.io/api/presentation/2#rightToLeftDirection,,駒場図書館所蔵資源科学研究所本草書コレクション,,https://iiif.dl.itc.u-tokyo.ac.jp/repo/iiif/3a183a48-1e88-4261-968b-e8a54f9191eb/manifest,,,,,85
遠西醫方名物考 36巻補遺9巻 ; 卷13-15,"遠西醫方名物考 36巻補遺9巻 / 榛齋先生譯述 ; 宇田川榕菴校補 ; 卷1-3 - 補遺卷7-9. -- 青藜閣須原屋伊八, [天保頃]. -- 15冊 ; 25.9×17.6cm.",F1:388,3002934192,,,,,,駒場図書館,388040,,エンセイ イホウ メイブツコウ,http://tify.sub.uni-goettingen.de/demo.html?manifest=https://archdataset.dl.itc.u-tokyo.ac.jp/manifest/12ccd2f1-97df-7814-8c65-28ec17698c0d.json,12ccd2f1-97df-7814-8c65-28ec17698c0d,https://iiif.dl.itc.u-tokyo.ac.jp/repo/s/honzosho/,https://iiif.dl.itc.u-tokyo.ac.jp/repo/s/honzosho/document/12ccd2f1-97df-7814-8c65-28ec17698c0d,https://www.lib.u-tokyo.ac.jp/ja/library/contents/archives-top/reuse,https://iiif.dl.itc.u-tokyo.ac.jp/repo/files/medium/62db7aa6258ae6d7a23491c223d92f802e22967d.jpg,https://iiif.dl.itc.u-tokyo.ac.jp/repo/api/items/683754,"東京大学駒場図書館 Komaba Library, The University of Tokyo, JAPAN",http://iiif.io/api/presentation/2#rightToLeftDirection,,駒場図書館所蔵資源科学研究所本草書コレクション,,https://iiif.dl.itc.u-tokyo.ac.jp/repo/iiif/12ccd2f1-97df-7814-8c65-28ec17698c0d/manifest,,,,,86
遠西醫方名物考 36巻補遺9巻 ; 卷16-18,"遠西醫方名物考 36巻補遺9巻 / 榛齋先生譯述 ; 宇田川榕菴校補 ; 卷1-3 - 補遺卷7-9. -- 青藜閣須原屋伊八, [天保頃]. -- 15冊 ; 25.9×17.6cm.",F1:388,3002934200,,,,,,駒場図書館,388050,,エンセイ イホウ メイブツコウ,http://tify.sub.uni-goettingen.de/demo.html?manifest=https://archdataset.dl.itc.u-tokyo.ac.jp/manifest/b40ac0e7-3022-0f1f-7c38-9406cebda67f.json,b40ac0e7-3022-0f1f-7c38-9406cebda67f,https://iiif.dl.itc.u-tokyo.ac.jp/repo/s/honzosho/,https://iiif.dl.itc.u-tokyo.ac.jp/repo/s/honzosho/document/b40ac0e7-3022-0f1f-7c38-9406cebda67f,https://www.lib.u-tokyo.ac.jp/ja/library/contents/archives-top/reuse,https://iiif.dl.itc.u-tokyo.ac.jp/repo/files/medium/5af616dd063faea0f242463e3d44b077d903d05b.jpg,https://iiif.dl.itc.u-tokyo.ac.jp/repo/api/items/683753,"東京大学駒場図書館 Komaba Library, The University of Tokyo, JAPAN",http://iiif.io/api/presentation/2#rightToLeftDirection,,駒場図書館所蔵資源科学研究所本草書コレクション,,https://iiif.dl.itc.u-tokyo.ac.jp/repo/iiif/b40ac0e7-3022-0f1f-7c38-9406cebda67f/manifest,,,,,89
遠西醫方名物考 36巻補遺9巻 ; 卷19-21,"遠西醫方名物考 36巻補遺9巻 / 榛齋先生譯述 ; 宇田川榕菴校補 ; 卷1-3 - 補遺卷7-9. -- 青藜閣須原屋伊八, [天保頃]. -- 15冊 ; 25.9×17.6cm.",F1:388,3002934218,,,,,,駒場図書館,388060,,エンセイ イホウ メイブツコウ,http://tify.sub.uni-goettingen.de/demo.html?manifest=https://archdataset.dl.itc.u-tokyo.ac.jp/manifest/a9deb5cd-83fe-8cc5-9a29-3c85518c604d.json,a9deb5cd-83fe-8cc5-9a29-3c85518c604d,https://iiif.dl.itc.u-tokyo.ac.jp/repo/s/honzosho/,https://iiif.dl.itc.u-tokyo.ac.jp/repo/s/honzosho/document/a9deb5cd-83fe-8cc5-9a29-3c85518c604d,https://www.lib.u-tokyo.ac.jp/ja/library/contents/archives-top/reuse,https://iiif.dl.itc.u-tokyo.ac.jp/repo/files/medium/e3c0c8a3404a8f9a2a43634834404695e931175a.jpg,https://iiif.dl.itc.u-tokyo.ac.jp/repo/api/items/683752,"東京大学駒場図書館 Komaba Library, The University of Tokyo, JAPAN",http://iiif.io/api/presentation/2#rightToLeftDirection,,駒場図書館所蔵資源科学研究所本草書コレクション,,https://iiif.dl.itc.u-tokyo.ac.jp/repo/iiif/a9deb5cd-83fe-8cc5-9a29-3c85518c604d/manifest,,,,,90
遠西醫方名物考 36巻補遺9巻 ; 卷22-24,"遠西醫方名物考 36巻補遺9巻 / 榛齋先生譯述 ; 宇田川榕菴校補 ; 卷1-3 - 補遺卷7-9. -- 青藜閣須原屋伊八, [天保頃]. -- 15冊 ; 25.9×17.6cm.",F1:388,3002934226,,,,,,駒場図書館,388070,,エンセイ イホウ メイブツコウ,http://tify.sub.uni-goettingen.de/demo.html?manifest=https://archdataset.dl.itc.u-tokyo.ac.jp/manifest/a6d38cf8-4d06-4a60-4d34-8010602e3333.json,a6d38cf8-4d06-4a60-4d34-8010602e3333,https://iiif.dl.itc.u-tokyo.ac.jp/repo/s/honzosho/,https://iiif.dl.itc.u-tokyo.ac.jp/repo/s/honzosho/document/a6d38cf8-4d06-4a60-4d34-8010602e3333,https://www.lib.u-tokyo.ac.jp/ja/library/contents/archives-top/reuse,https://iiif.dl.itc.u-tokyo.ac.jp/repo/files/medium/0b1968d03ed69cac459f8e01ebf5b9e54ebca340.jpg,https://iiif.dl.itc.u-tokyo.ac.jp/repo/api/items/683751,"東京大学駒場図書館 Komaba Library, The University of Tokyo, JAPAN",http://iiif.io/api/presentation/2#rightToLeftDirection,,駒場図書館所蔵資源科学研究所本草書コレクション,,https://iiif.dl.itc.u-tokyo.ac.jp/repo/iiif/a6d38cf8-4d06-4a60-4d34-8010602e3333/manifest,,,,,91
遠西醫方名物考 36巻補遺9巻 ; 卷25-27,"遠西醫方名物考 36巻補遺9巻 / 榛齋先生譯述 ; 宇田川榕菴校補 ; 卷1-3 - 補遺卷7-9. -- 青藜閣須原屋伊八, [天保頃]. -- 15冊 ; 25.9×17.6cm.",F1:388,3002934234,,,,,,駒場図書館,388080,,エンセイ イホウ メイブツコウ,http://tify.sub.uni-goettingen.de/demo.html?manifest=https://archdataset.dl.itc.u-tokyo.ac.jp/manifest/d8f69bc9-98d0-385c-2489-e4e0a86d0421.json,d8f69bc9-98d0-385c-2489-e4e0a86d0421,https://iiif.dl.itc.u-tokyo.ac.jp/repo/s/honzosho/,https://iiif.dl.itc.u-tokyo.ac.jp/repo/s/honzosho/document/d8f69bc9-98d0-385c-2489-e4e0a86d0421,https://www.lib.u-tokyo.ac.jp/ja/library/contents/archives-top/reuse,https://iiif.dl.itc.u-tokyo.ac.jp/repo/files/medium/a563a52da60340196c8e6353603013bc5b16c5ce.jpg,https://iiif.dl.itc.u-tokyo.ac.jp/repo/api/items/683750,"東京大学駒場図書館 Komaba Library, The University of Tokyo, JAPAN",http://iiif.io/api/presentation/2#rightToLeftDirection,,駒場図書館所蔵資源科学研究所本草書コレクション,,https://iiif.dl.itc.u-tokyo.ac.jp/repo/iiif/d8f69bc9-98d0-385c-2489-e4e0a86d0421/manifest,,,,,90
遠西醫方名物考 36巻補遺9巻 ; 卷28-30,"遠西醫方名物考 36巻補遺9巻 / 榛齋先生譯述 ; 宇田川榕菴校補 ; 卷1-3 - 補遺卷7-9. -- 青藜閣須原屋伊八, [天保頃]. -- 15冊 ; 25.9×17.6cm.",F1:388,3002934242,,,,,,駒場図書館,388090,,エンセイ イホウ メイブツコウ,http://tify.sub.uni-goettingen.de/demo.html?manifest=https://archdataset.dl.itc.u-tokyo.ac.jp/manifest/a5affd75-2062-7b77-3043-651631d68f95.json,a5affd75-2062-7b77-3043-651631d68f95,https://iiif.dl.itc.u-tokyo.ac.jp/repo/s/honzosho/,https://iiif.dl.itc.u-tokyo.ac.jp/repo/s/honzosho/document/a5affd75-2062-7b77-3043-651631d68f95,https://www.lib.u-tokyo.ac.jp/ja/library/contents/archives-top/reuse,https://iiif.dl.itc.u-tokyo.ac.jp/repo/files/medium/202738f952ff0d666f7cf76f129ba1e04cecf5c5.jpg,https://iiif.dl.itc.u-tokyo.ac.jp/repo/api/items/683749,"東京大学駒場図書館 Komaba Library, The University of Tokyo, JAPAN",http://iiif.io/api/presentation/2#rightToLeftDirection,,駒場図書館所蔵資源科学研究所本草書コレクション,,https://iiif.dl.itc.u-tokyo.ac.jp/repo/iiif/a5affd75-2062-7b77-3043-651631d68f95/manifest,,,,,89
遠西醫方名物考 36巻補遺9巻 ; 卷31-33,"遠西醫方名物考 36巻補遺9巻 / 榛齋先生譯述 ; 宇田川榕菴校補 ; 卷1-3 - 補遺卷7-9. -- 青藜閣須原屋伊八, [天保頃]. -- 15冊 ; 25.9×17.6cm.",F1:388,3002934259,,,,,,駒場図書館,388100,,エンセイ イホウ メイブツコウ,http://tify.sub.uni-goettingen.de/demo.html?manifest=https://archdataset.dl.itc.u-tokyo.ac.jp/manifest/14e11676-a64b-8813-8410-f1804b17834d.json,14e11676-a64b-8813-8410-f1804b17834d,https://iiif.dl.itc.u-tokyo.ac.jp/repo/s/honzosho/,https://iiif.dl.itc.u-tokyo.ac.jp/repo/s/honzosho/document/14e11676-a64b-8813-8410-f1804b17834d,https://www.lib.u-tokyo.ac.jp/ja/library/contents/archives-top/reuse,https://iiif.dl.itc.u-tokyo.ac.jp/repo/files/medium/450ccdddf138e829924d25d8a00e45beb85765b1.jpg,https://iiif.dl.itc.u-tokyo.ac.jp/repo/api/items/683748,"東京大学駒場図書館 Komaba Library, The University of Tokyo, JAPAN",http://iiif.io/api/presentation/2#rightToLeftDirection,,駒場図書館所蔵資源科学研究所本草書コレクション,,https://iiif.dl.itc.u-tokyo.ac.jp/repo/iiif/14e11676-a64b-8813-8410-f1804b17834d/manifest,,,,,90
遠西醫方名物考 36巻補遺9巻 ; 卷34-36,"遠西醫方名物考 36巻補遺9巻 / 榛齋先生譯述 ; 宇田川榕菴校補 ; 卷1-3 - 補遺卷7-9. -- 青藜閣須原屋伊八, [天保頃]. -- 15冊 ; 25.9×17.6cm.",F1:388,3002934267,,,,,,駒場図書館,388110,,エンセイ イホウ メイブツコウ,http://tify.sub.uni-goettingen.de/demo.html?manifest=https://archdataset.dl.itc.u-tokyo.ac.jp/manifest/2662a6c2-51f1-4cb1-7d21-469f98a649a4.json,2662a6c2-51f1-4cb1-7d21-469f98a649a4,https://iiif.dl.itc.u-tokyo.ac.jp/repo/s/honzosho/,https://iiif.dl.itc.u-tokyo.ac.jp/repo/s/honzosho/document/2662a6c2-51f1-4cb1-7d21-469f98a649a4,https://www.lib.u-tokyo.ac.jp/ja/library/contents/archives-top/reuse,https://iiif.dl.itc.u-tokyo.ac.jp/repo/files/medium/b1e9217c42c5c46c0e48dc9ed176b01878765ba1.jpg,https://iiif.dl.itc.u-tokyo.ac.jp/repo/api/items/683747,"東京大学駒場図書館 Komaba Library, The University of Tokyo, JAPAN",http://iiif.io/api/presentation/2#rightToLeftDirection,,駒場図書館所蔵資源科学研究所本草書コレクション,,https://iiif.dl.itc.u-tokyo.ac.jp/repo/iiif/2662a6c2-51f1-4cb1-7d21-469f98a649a4/manifest,,,,,92
遠西醫方名物考 36巻補遺9巻 ; 補遺卷1-3,"遠西醫方名物考 36巻補遺9巻 / 榛齋先生譯述 ; 宇田川榕菴校補 ; 卷1-3 - 補遺卷7-9. -- 青藜閣須原屋伊八, [天保頃]. -- 15冊 ; 25.9×17.6cm.",F1:388,3002934275,,,,,,駒場図書館,388120,,エンセイ イホウ メイブツコウ,http://tify.sub.uni-goettingen.de/demo.html?manifest=https://archdataset.dl.itc.u-tokyo.ac.jp/manifest/f4e071b9-9d03-74ee-24a2-5e61c5dc2da2.json,f4e071b9-9d03-74ee-24a2-5e61c5dc2da2,https://iiif.dl.itc.u-tokyo.ac.jp/repo/s/honzosho/,https://iiif.dl.itc.u-tokyo.ac.jp/repo/s/honzosho/document/f4e071b9-9d03-74ee-24a2-5e61c5dc2da2,https://www.lib.u-tokyo.ac.jp/ja/library/contents/archives-top/reuse,https://iiif.dl.itc.u-tokyo.ac.jp/repo/files/medium/0db71de5e91aae672987fb70489d0ce7376d0803.jpg,https://iiif.dl.itc.u-tokyo.ac.jp/repo/api/items/683746,"東京大学駒場図書館 Komaba Library, The University of Tokyo, JAPAN",http://iiif.io/api/presentation/2#rightToLeftDirection,,駒場図書館所蔵資源科学研究所本草書コレクション,,https://iiif.dl.itc.u-tokyo.ac.jp/repo/iiif/f4e071b9-9d03-74ee-24a2-5e61c5dc2da2/manifest,,,,,95
遠西醫方名物考 36巻補遺9巻 ; 補遺卷4-6,"遠西醫方名物考 36巻補遺9巻 / 榛齋先生譯述 ; 宇田川榕菴校補 ; 卷1-3 - 補遺卷7-9. -- 青藜閣須原屋伊八, [天保頃]. -- 15冊 ; 25.9×17.6cm.",F1:388,3002934283,,,,,,駒場図書館,388130,,エンセイ イホウ メイブツコウ,http://tify.sub.uni-goettingen.de/demo.html?manifest=https://archdataset.dl.itc.u-tokyo.ac.jp/manifest/03dabb2c-8df8-97ef-1285-8d36901f5697.json,03dabb2c-8df8-97ef-1285-8d36901f5697,https://iiif.dl.itc.u-tokyo.ac.jp/repo/s/honzosho/,https://iiif.dl.itc.u-tokyo.ac.jp/repo/s/honzosho/document/03dabb2c-8df8-97ef-1285-8d36901f5697,https://www.lib.u-tokyo.ac.jp/ja/library/contents/archives-top/reuse,https://iiif.dl.itc.u-tokyo.ac.jp/repo/files/medium/a8ddb611da47503c8a6b6aa856df91dee215fa9b.jpg,https://iiif.dl.itc.u-tokyo.ac.jp/repo/api/items/683745,"東京大学駒場図書館 Komaba Library, The University of Tokyo, JAPAN",http://iiif.io/api/presentation/2#rightToLeftDirection,,駒場図書館所蔵資源科学研究所本草書コレクション,,https://iiif.dl.itc.u-tokyo.ac.jp/repo/iiif/03dabb2c-8df8-97ef-1285-8d36901f5697/manifest,,,,,88
遠西醫方名物考 36巻補遺9巻 ; 補遺卷7-9,"遠西醫方名物考 36巻補遺9巻 / 榛齋先生譯述 ; 宇田川榕菴校補 ; 卷1-3 - 補遺卷7-9. -- 青藜閣須原屋伊八, [天保頃]. -- 15冊 ; 25.9×17.6cm.",F1:388,3002934291,,,,,,駒場図書館,388140,,エンセイ イホウ メイブツコウ,http://tify.sub.uni-goettingen.de/demo.html?manifest=https://archdataset.dl.itc.u-tokyo.ac.jp/manifest/266e6923-123c-9a10-3fe5-7b5609a282f9.json,266e6923-123c-9a10-3fe5-7b5609a282f9,https://iiif.dl.itc.u-tokyo.ac.jp/repo/s/honzosho/,https://iiif.dl.itc.u-tokyo.ac.jp/repo/s/honzosho/document/266e6923-123c-9a10-3fe5-7b5609a282f9,https://www.lib.u-tokyo.ac.jp/ja/library/contents/archives-top/reuse,https://iiif.dl.itc.u-tokyo.ac.jp/repo/files/medium/d7980240b85eff4dc43572c5d0a3d40424a00546.jpg,https://iiif.dl.itc.u-tokyo.ac.jp/repo/api/items/683744,"東京大学駒場図書館 Komaba Library, The University of Tokyo, JAPAN",http://iiif.io/api/presentation/2#rightToLeftDirection,,駒場図書館所蔵資源科学研究所本草書コレクション,,https://iiif.dl.itc.u-tokyo.ac.jp/repo/iiif/266e6923-123c-9a10-3fe5-7b5609a282f9/manifest,,,,,89
延喜式 50巻 ; 卷第1,"延喜式 50巻 / 藤原忠平等撰 ; 卷第1 - 卷第50. -- 松栢堂林和泉掾, 明暦3 [1657]. -- 50冊 ; 27.4×19.5cm.",F2:421,3002934861,,,,,,駒場図書館,421000,,エンギシキ,http://tify.sub.uni-goettingen.de/demo.html?manifest=https://archdataset.dl.itc.u-tokyo.ac.jp/manifest/c19f8d9b-626f-4008-279c-6c3c4c22143d.json,c19f8d9b-626f-4008-279c-6c3c4c22143d,https://iiif.dl.itc.u-tokyo.ac.jp/repo/s/honzosho/,https://iiif.dl.itc.u-tokyo.ac.jp/repo/s/honzosho/document/c19f8d9b-626f-4008-279c-6c3c4c22143d,https://www.lib.u-tokyo.ac.jp/ja/library/contents/archives-top/reuse,https://iiif.dl.itc.u-tokyo.ac.jp/repo/files/medium/c33f395b7b0e608340da6462deb96a1bdaa1a957.jpg,https://iiif.dl.itc.u-tokyo.ac.jp/repo/api/items/683743,"東京大学駒場図書館 Komaba Library, The University of Tokyo, JAPAN",http://iiif.io/api/presentation/2#rightToLeftDirection,,駒場図書館所蔵資源科学研究所本草書コレクション,,https://iiif.dl.itc.u-tokyo.ac.jp/repo/iiif/c19f8d9b-626f-4008-279c-6c3c4c22143d/manifest,,,,,58
延喜式 50巻 ; 卷第2,"延喜式 50巻 / 藤原忠平等撰 ; 卷第1 - 卷第50. -- 松栢堂林和泉掾, 明暦3 [1657]. -- 50冊 ; 27.4×19.5cm.",F2:421,3002934879,,,,,,駒場図書館,421010,,エンギシキ,http://tify.sub.uni-goettingen.de/demo.html?manifest=https://archdataset.dl.itc.u-tokyo.ac.jp/manifest/b79ff1c3-976e-0d33-2b83-356754e93e29.json,b79ff1c3-976e-0d33-2b83-356754e93e29,https://iiif.dl.itc.u-tokyo.ac.jp/repo/s/honzosho/,https://iiif.dl.itc.u-tokyo.ac.jp/repo/s/honzosho/document/b79ff1c3-976e-0d33-2b83-356754e93e29,https://www.lib.u-tokyo.ac.jp/ja/library/contents/archives-top/reuse,https://iiif.dl.itc.u-tokyo.ac.jp/repo/files/medium/0973b8ac23742e4fe3e27703fee641acaf377047.jpg,https://iiif.dl.itc.u-tokyo.ac.jp/repo/api/items/683742,"東京大学駒場図書館 Komaba Library, The University of Tokyo, JAPAN",http://iiif.io/api/presentation/2#rightToLeftDirection,,駒場図書館所蔵資源科学研究所本草書コレクション,,https://iiif.dl.itc.u-tokyo.ac.jp/repo/iiif/b79ff1c3-976e-0d33-2b83-356754e93e29/manifest,,,,,31
延喜式 50巻 ; 卷第3,"延喜式 50巻 / 藤原忠平等撰 ; 卷第1 - 卷第50. -- 松栢堂林和泉掾, 明暦3 [1657]. -- 50冊 ; 27.4×19.5cm.",F2:421,3002934887,,,,,,駒場図書館,421020,,エンギシキ,http://tify.sub.uni-goettingen.de/demo.html?manifest=https://archdataset.dl.itc.u-tokyo.ac.jp/manifest/f562f1a5-4679-08d6-95e3-ad222e9d992a.json,f562f1a5-4679-08d6-95e3-ad222e9d992a,https://iiif.dl.itc.u-tokyo.ac.jp/repo/s/honzosho/,https://iiif.dl.itc.u-tokyo.ac.jp/repo/s/honzosho/document/f562f1a5-4679-08d6-95e3-ad222e9d992a,https://www.lib.u-tokyo.ac.jp/ja/library/contents/archives-top/reuse,https://iiif.dl.itc.u-tokyo.ac.jp/repo/files/medium/78d0a7779e413f4c882d6be4ed2ef8e099bda2e8.jpg,https://iiif.dl.itc.u-tokyo.ac.jp/repo/api/items/683741,"東京大学駒場図書館 Komaba Library, The University of Tokyo, JAPAN",http://iiif.io/api/presentation/2#rightToLeftDirection,,駒場図書館所蔵資源科学研究所本草書コレクション,,https://iiif.dl.itc.u-tokyo.ac.jp/repo/iiif/f562f1a5-4679-08d6-95e3-ad222e9d992a/manifest,,,,,37
延喜式 50巻 ; 卷第4,"延喜式 50巻 / 藤原忠平等撰 ; 卷第1 - 卷第50. -- 松栢堂林和泉掾, 明暦3 [1657]. -- 50冊 ; 27.4×19.5cm.",F2:421,3002934895,,,,,,駒場図書館,421030,,エンギシキ,http://tify.sub.uni-goettingen.de/demo.html?manifest=https://archdataset.dl.itc.u-tokyo.ac.jp/manifest/0c0e6eb3-5996-3b7c-6bc4-66d3fca293a2.json,0c0e6eb3-5996-3b7c-6bc4-66d3fca293a2,https://iiif.dl.itc.u-tokyo.ac.jp/repo/s/honzosho/,https://iiif.dl.itc.u-tokyo.ac.jp/repo/s/honzosho/document/0c0e6eb3-5996-3b7c-6bc4-66d3fca293a2,https://www.lib.u-tokyo.ac.jp/ja/library/contents/archives-top/reuse,https://iiif.dl.itc.u-tokyo.ac.jp/repo/files/medium/f80b3f7e93a03963d60eb9476ba14ba0bce93444.jpg,https://iiif.dl.itc.u-tokyo.ac.jp/repo/api/items/683740,"東京大学駒場図書館 Komaba Library, The University of Tokyo, JAPAN",http://iiif.io/api/presentation/2#rightToLeftDirection,,駒場図書館所蔵資源科学研究所本草書コレクション,,https://iiif.dl.itc.u-tokyo.ac.jp/repo/iiif/0c0e6eb3-5996-3b7c-6bc4-66d3fca293a2/manifest,,,,,46
延喜式 50巻 ; 卷第5,"延喜式 50巻 / 藤原忠平等撰 ; 卷第1 - 卷第50. -- 松栢堂林和泉掾, 明暦3 [1657]. -- 50冊 ; 27.4×19.5cm.",F2:421,3002934903,,,,,,駒場図書館,421040,,エンギシキ,http://tify.sub.uni-goettingen.de/demo.html?manifest=https://archdataset.dl.itc.u-tokyo.ac.jp/manifest/a3c2c67c-a3e4-5c53-3a53-9a1d397810e0.json,a3c2c67c-a3e4-5c53-3a53-9a1d397810e0,https://iiif.dl.itc.u-tokyo.ac.jp/repo/s/honzosho/,https://iiif.dl.itc.u-tokyo.ac.jp/repo/s/honzosho/document/a3c2c67c-a3e4-5c53-3a53-9a1d397810e0,https://www.lib.u-tokyo.ac.jp/ja/library/contents/archives-top/reuse,https://iiif.dl.itc.u-tokyo.ac.jp/repo/files/medium/67dd785dd95da57f3225f4c3100504c7f554cd24.jpg,https://iiif.dl.itc.u-tokyo.ac.jp/repo/api/items/683739,"東京大学駒場図書館 Komaba Library, The University of Tokyo, JAPAN",http://iiif.io/api/presentation/2#rightToLeftDirection,,駒場図書館所蔵資源科学研究所本草書コレクション,,https://iiif.dl.itc.u-tokyo.ac.jp/repo/iiif/a3c2c67c-a3e4-5c53-3a53-9a1d397810e0/manifest,,,,,62
延喜式 50巻 ; 卷第6,"延喜式 50巻 / 藤原忠平等撰 ; 卷第1 - 卷第50. -- 松栢堂林和泉掾, 明暦3 [1657]. -- 50冊 ; 27.4×19.5cm.",F2:421,3002934911,,,,,,駒場図書館,421050,,エンギシキ,http://tify.sub.uni-goettingen.de/demo.html?manifest=https://archdataset.dl.itc.u-tokyo.ac.jp/manifest/ca9c174c-18b9-9eeb-7abc-6f174e33371b.json,ca9c174c-18b9-9eeb-7abc-6f174e33371b,https://iiif.dl.itc.u-tokyo.ac.jp/repo/s/honzosho/,https://iiif.dl.itc.u-tokyo.ac.jp/repo/s/honzosho/document/ca9c174c-18b9-9eeb-7abc-6f174e33371b,https://www.lib.u-tokyo.ac.jp/ja/library/contents/archives-top/reuse,https://iiif.dl.itc.u-tokyo.ac.jp/repo/files/medium/27b7d52694e66e029ec0a7a9e94bb4bf2df81961.jpg,https://iiif.dl.itc.u-tokyo.ac.jp/repo/api/items/683738,"東京大学駒場図書館 Komaba Library, The University of Tokyo, JAPAN",http://iiif.io/api/presentation/2#rightToLeftDirection,,駒場図書館所蔵資源科学研究所本草書コレクション,,https://iiif.dl.itc.u-tokyo.ac.jp/repo/iiif/ca9c174c-18b9-9eeb-7abc-6f174e33371b/manifest,,,,,22
延喜式 50巻 ; 卷第7,"延喜式 50巻 / 藤原忠平等撰 ; 卷第1 - 卷第50. -- 松栢堂林和泉掾, 明暦3 [1657]. -- 50冊 ; 27.4×19.5cm.",F2:421,3002934929,,,,,,駒場図書館,421060,,エンギシキ,http://tify.sub.uni-goettingen.de/demo.html?manifest=https://archdataset.dl.itc.u-tokyo.ac.jp/manifest/bfb3f2aa-5252-2d4e-660e-e0d59c2c14ff.json,bfb3f2aa-5252-2d4e-660e-e0d59c2c14ff,https://iiif.dl.itc.u-tokyo.ac.jp/repo/s/honzosho/,https://iiif.dl.itc.u-tokyo.ac.jp/repo/s/honzosho/document/bfb3f2aa-5252-2d4e-660e-e0d59c2c14ff,https://www.lib.u-tokyo.ac.jp/ja/library/contents/archives-top/reuse,https://iiif.dl.itc.u-tokyo.ac.jp/repo/files/medium/3ccabe0818aa55fbb30b8e59fa15e64126c8beeb.jpg,https://iiif.dl.itc.u-tokyo.ac.jp/repo/api/items/683737,"東京大学駒場図書館 Komaba Library, The University of Tokyo, JAPAN",http://iiif.io/api/presentation/2#rightToLeftDirection,,駒場図書館所蔵資源科学研究所本草書コレクション,,https://iiif.dl.itc.u-tokyo.ac.jp/repo/iiif/bfb3f2aa-5252-2d4e-660e-e0d59c2c14ff/manifest,,,,,33
延喜式 50巻 ; 卷第8,"延喜式 50巻 / 藤原忠平等撰 ; 卷第1 - 卷第50. -- 松栢堂林和泉掾, 明暦3 [1657]. -- 50冊 ; 27.4×19.5cm.",F2:421,3002934937,,,,,,駒場図書館,421070,,エンギシキ,http://tify.sub.uni-goettingen.de/demo.html?manifest=https://archdataset.dl.itc.u-tokyo.ac.jp/manifest/ab64583f-7c77-8956-a4ae-246302aa46b1.json,ab64583f-7c77-8956-a4ae-246302aa46b1,https://iiif.dl.itc.u-tokyo.ac.jp/repo/s/honzosho/,https://iiif.dl.itc.u-tokyo.ac.jp/repo/s/honzosho/document/ab64583f-7c77-8956-a4ae-246302aa46b1,https://www.lib.u-tokyo.ac.jp/ja/library/contents/archives-top/reuse,https://iiif.dl.itc.u-tokyo.ac.jp/repo/files/medium/5ca0cce2c1f1b80487f9e96e98916c9415516503.jpg,https://iiif.dl.itc.u-tokyo.ac.jp/repo/api/items/683736,"東京大学駒場図書館 Komaba Library, The University of Tokyo, JAPAN",http://iiif.io/api/presentation/2#rightToLeftDirection,,駒場図書館所蔵資源科学研究所本草書コレクション,,https://iiif.dl.itc.u-tokyo.ac.jp/repo/iiif/ab64583f-7c77-8956-a4ae-246302aa46b1/manifest,,,,,43
延喜式 50巻 ; 卷第9,"延喜式 50巻 / 藤原忠平等撰 ; 卷第1 - 卷第50. -- 松栢堂林和泉掾, 明暦3 [1657]. -- 50冊 ; 27.4×19.5cm.",F2:421,3002934945,,,,,,駒場図書館,421080,,エンギシキ,http://tify.sub.uni-goettingen.de/demo.html?manifest=https://archdataset.dl.itc.u-tokyo.ac.jp/manifest/f707ba9c-2595-4a24-2164-5ad423a64c53.json,f707ba9c-2595-4a24-2164-5ad423a64c53,https://iiif.dl.itc.u-tokyo.ac.jp/repo/s/honzosho/,https://iiif.dl.itc.u-tokyo.ac.jp/repo/s/honzosho/document/f707ba9c-2595-4a24-2164-5ad423a64c53,https://www.lib.u-tokyo.ac.jp/ja/library/contents/archives-top/reuse,https://iiif.dl.itc.u-tokyo.ac.jp/repo/files/medium/4ad1ad51fd4640a0c802ef176431d48932929219.jpg,https://iiif.dl.itc.u-tokyo.ac.jp/repo/api/items/683735,"東京大学駒場図書館 Komaba Library, The University of Tokyo, JAPAN",http://iiif.io/api/presentation/2#rightToLeftDirection,,駒場図書館所蔵資源科学研究所本草書コレクション,,https://iiif.dl.itc.u-tokyo.ac.jp/repo/iiif/f707ba9c-2595-4a24-2164-5ad423a64c53/manifest,,,,,61
延喜式 50巻 ; 卷第10,"延喜式 50巻 / 藤原忠平等撰 ; 卷第1 - 卷第50. -- 松栢堂林和泉掾, 明暦3 [1657]. -- 50冊 ; 27.4×19.5cm.",F2:421,3002934952,,,,,,駒場図書館,421090,,エンギシキ,http://tify.sub.uni-goettingen.de/demo.html?manifest=https://archdataset.dl.itc.u-tokyo.ac.jp/manifest/6393aaa8-19fb-9261-466b-8ed2d71a2490.json,6393aaa8-19fb-9261-466b-8ed2d71a2490,https://iiif.dl.itc.u-tokyo.ac.jp/repo/s/honzosho/,https://iiif.dl.itc.u-tokyo.ac.jp/repo/s/honzosho/document/6393aaa8-19fb-9261-466b-8ed2d71a2490,https://www.lib.u-tokyo.ac.jp/ja/library/contents/archives-top/reuse,https://iiif.dl.itc.u-tokyo.ac.jp/repo/files/medium/1755d7781d02a84edf3f8aff6e2783ad97288d4d.jpg,https://iiif.dl.itc.u-tokyo.ac.jp/repo/api/items/683734,"東京大学駒場図書館 Komaba Library, The University of Tokyo, JAPAN",http://iiif.io/api/presentation/2#rightToLeftDirection,,駒場図書館所蔵資源科学研究所本草書コレクション,,https://iiif.dl.itc.u-tokyo.ac.jp/repo/iiif/6393aaa8-19fb-9261-466b-8ed2d71a2490/manifest,,,,,83
延喜式 50巻 ; 卷第11,"延喜式 50巻 / 藤原忠平等撰 ; 卷第1 - 卷第50. -- 松栢堂林和泉掾, 明暦3 [1657]. -- 50冊 ; 27.4×19.5cm.",F2:421,3002934960,,,,,,駒場図書館,421100,,エンギシキ,http://tify.sub.uni-goettingen.de/demo.html?manifest=https://archdataset.dl.itc.u-tokyo.ac.jp/manifest/ddd2c372-a0b0-a25e-8d0a-255c6de992a6.json,ddd2c372-a0b0-a25e-8d0a-255c6de992a6,https://iiif.dl.itc.u-tokyo.ac.jp/repo/s/honzosho/,https://iiif.dl.itc.u-tokyo.ac.jp/repo/s/honzosho/document/ddd2c372-a0b0-a25e-8d0a-255c6de992a6,https://www.lib.u-tokyo.ac.jp/ja/library/contents/archives-top/reuse,https://iiif.dl.itc.u-tokyo.ac.jp/repo/files/medium/1aa7b3a71434877706be190c75324946173ec99c.jpg,https://iiif.dl.itc.u-tokyo.ac.jp/repo/api/items/683733,"東京大学駒場図書館 Komaba Library, The University of Tokyo, JAPAN",http://iiif.io/api/presentation/2#rightToLeftDirection,,駒場図書館所蔵資源科学研究所本草書コレクション,,https://iiif.dl.itc.u-tokyo.ac.jp/repo/iiif/ddd2c372-a0b0-a25e-8d0a-255c6de992a6/manifest,,,,,44
延喜式 50巻 ; 卷第12,"延喜式 50巻 / 藤原忠平等撰 ; 卷第1 - 卷第50. -- 松栢堂林和泉掾, 明暦3 [1657]. -- 50冊 ; 27.4×19.5cm.",F2:421,3002934978,,,,,,駒場図書館,421110,,エンギシキ,http://tify.sub.uni-goettingen.de/demo.html?manifest=https://archdataset.dl.itc.u-tokyo.ac.jp/manifest/53f51d70-2b65-8918-1fda-658a3dc0538c.json,53f51d70-2b65-8918-1fda-658a3dc0538c,https://iiif.dl.itc.u-tokyo.ac.jp/repo/s/honzosho/,https://iiif.dl.itc.u-tokyo.ac.jp/repo/s/honzosho/document/53f51d70-2b65-8918-1fda-658a3dc0538c,https://www.lib.u-tokyo.ac.jp/ja/library/contents/archives-top/reuse,https://iiif.dl.itc.u-tokyo.ac.jp/repo/files/medium/5f8b1dc0cd10aceb696bf66e8cf295e62f2055e6.jpg,https://iiif.dl.itc.u-tokyo.ac.jp/repo/api/items/683732,"東京大学駒場図書館 Komaba Library, The University of Tokyo, JAPAN",http://iiif.io/api/presentation/2#rightToLeftDirection,,駒場図書館所蔵資源科学研究所本草書コレクション,,https://iiif.dl.itc.u-tokyo.ac.jp/repo/iiif/53f51d70-2b65-8918-1fda-658a3dc0538c/manifest,,,,,46
延喜式 50巻 ; 卷第13,"延喜式 50巻 / 藤原忠平等撰 ; 卷第1 - 卷第50. -- 松栢堂林和泉掾, 明暦3 [1657]. -- 50冊 ; 27.4×19.5cm.",F2:421,3002934986,,,,,,駒場図書館,421120,,エンギシキ,http://tify.sub.uni-goettingen.de/demo.html?manifest=https://archdataset.dl.itc.u-tokyo.ac.jp/manifest/78397a9d-227e-12ff-4b4c-99833b5c31fe.json,78397a9d-227e-12ff-4b4c-99833b5c31fe,https://iiif.dl.itc.u-tokyo.ac.jp/repo/s/honzosho/,https://iiif.dl.itc.u-tokyo.ac.jp/repo/s/honzosho/document/78397a9d-227e-12ff-4b4c-99833b5c31fe,https://www.lib.u-tokyo.ac.jp/ja/library/contents/archives-top/reuse,https://iiif.dl.itc.u-tokyo.ac.jp/repo/files/medium/bef3ab6988879f8373845cc9835c3a3004e1ccbf.jpg,https://iiif.dl.itc.u-tokyo.ac.jp/repo/api/items/683731,"東京大学駒場図書館 Komaba Library, The University of Tokyo, JAPAN",http://iiif.io/api/presentation/2#rightToLeftDirection,,駒場図書館所蔵資源科学研究所本草書コレクション,,https://iiif.dl.itc.u-tokyo.ac.jp/repo/iiif/78397a9d-227e-12ff-4b4c-99833b5c31fe/manifest,,,,,42
延喜式 50巻 ; 卷第14,"延喜式 50巻 / 藤原忠平等撰 ; 卷第1 - 卷第50. -- 松栢堂林和泉掾, 明暦3 [1657]. -- 50冊 ; 27.4×19.5cm.",F2:421,3002934994,,,,,,駒場図書館,421130,,エンギシキ,http://tify.sub.uni-goettingen.de/demo.html?manifest=https://archdataset.dl.itc.u-tokyo.ac.jp/manifest/5c552445-4fc9-52e9-7798-e19e8bc16277.json,5c552445-4fc9-52e9-7798-e19e8bc16277,https://iiif.dl.itc.u-tokyo.ac.jp/repo/s/honzosho/,https://iiif.dl.itc.u-tokyo.ac.jp/repo/s/honzosho/document/5c552445-4fc9-52e9-7798-e19e8bc16277,https://www.lib.u-tokyo.ac.jp/ja/library/contents/archives-top/reuse,https://iiif.dl.itc.u-tokyo.ac.jp/repo/files/medium/7f2694fe31c083cf7408883fea98cce09b236e82.jpg,https://iiif.dl.itc.u-tokyo.ac.jp/repo/api/items/683730,"東京大学駒場図書館 Komaba Library, The University of Tokyo, JAPAN",http://iiif.io/api/presentation/2#rightToLeftDirection,,駒場図書館所蔵資源科学研究所本草書コレクション,,https://iiif.dl.itc.u-tokyo.ac.jp/repo/iiif/5c552445-4fc9-52e9-7798-e19e8bc16277/manifest,,,,,31
延喜式 50巻 ; 卷第15,"延喜式 50巻 / 藤原忠平等撰 ; 卷第1 - 卷第50. -- 松栢堂林和泉掾, 明暦3 [1657]. -- 50冊 ; 27.4×19.5cm.",F2:421,3002935009,,,,,,駒場図書館,421140,,エンギシキ,http://tify.sub.uni-goettingen.de/demo.html?manifest=https://archdataset.dl.itc.u-tokyo.ac.jp/manifest/4d926ae9-5f91-33fe-2b53-1e0e2b8d9881.json,4d926ae9-5f91-33fe-2b53-1e0e2b8d9881,https://iiif.dl.itc.u-tokyo.ac.jp/repo/s/honzosho/,https://iiif.dl.itc.u-tokyo.ac.jp/repo/s/honzosho/document/4d926ae9-5f91-33fe-2b53-1e0e2b8d9881,https://www.lib.u-tokyo.ac.jp/ja/library/contents/archives-top/reuse,https://iiif.dl.itc.u-tokyo.ac.jp/repo/files/medium/9d19948140c0d9d14ae8dc33003e81541c8e9db4.jpg,https://iiif.dl.itc.u-tokyo.ac.jp/repo/api/items/683729,"東京大学駒場図書館 Komaba Library, The University of Tokyo, JAPAN",http://iiif.io/api/presentation/2#rightToLeftDirection,,駒場図書館所蔵資源科学研究所本草書コレクション,,https://iiif.dl.itc.u-tokyo.ac.jp/repo/iiif/4d926ae9-5f91-33fe-2b53-1e0e2b8d9881/manifest,,,,,47
延喜式 50巻 ; 卷第16,"延喜式 50巻 / 藤原忠平等撰 ; 卷第1 - 卷第50. -- 松栢堂林和泉掾, 明暦3 [1657]. -- 50冊 ; 27.4×19.5cm.",F2:421,3002935017,,,,,,駒場図書館,421150,,エンギシキ,http://tify.sub.uni-goettingen.de/demo.html?manifest=https://archdataset.dl.itc.u-tokyo.ac.jp/manifest/ee3e975b-3a93-7ae6-71f1-eee304f26bd2.json,ee3e975b-3a93-7ae6-71f1-eee304f26bd2,https://iiif.dl.itc.u-tokyo.ac.jp/repo/s/honzosho/,https://iiif.dl.itc.u-tokyo.ac.jp/repo/s/honzosho/document/ee3e975b-3a93-7ae6-71f1-eee304f26bd2,https://www.lib.u-tokyo.ac.jp/ja/library/contents/archives-top/reuse,https://iiif.dl.itc.u-tokyo.ac.jp/repo/files/medium/0bddded86f3b740a6ecf5b03607b77b315c552cb.jpg,https://iiif.dl.itc.u-tokyo.ac.jp/repo/api/items/683728,"東京大学駒場図書館 Komaba Library, The University of Tokyo, JAPAN",http://iiif.io/api/presentation/2#rightToLeftDirection,,駒場図書館所蔵資源科学研究所本草書コレクション,,https://iiif.dl.itc.u-tokyo.ac.jp/repo/iiif/ee3e975b-3a93-7ae6-71f1-eee304f26bd2/manifest,,,,,18
延喜式 50巻 ; 卷第17,"延喜式 50巻 / 藤原忠平等撰 ; 卷第1 - 卷第50. -- 松栢堂林和泉掾, 明暦3 [1657]. -- 50冊 ; 27.4×19.5cm.",F2:421,3002935025,,,,,,駒場図書館,421160,,エンギシキ,http://tify.sub.uni-goettingen.de/demo.html?manifest=https://archdataset.dl.itc.u-tokyo.ac.jp/manifest/1ab64c7b-1b7d-733d-9543-25c42b251d9e.json,1ab64c7b-1b7d-733d-9543-25c42b251d9e,https://iiif.dl.itc.u-tokyo.ac.jp/repo/s/honzosho/,https://iiif.dl.itc.u-tokyo.ac.jp/repo/s/honzosho/document/1ab64c7b-1b7d-733d-9543-25c42b251d9e,https://www.lib.u-tokyo.ac.jp/ja/library/contents/archives-top/reuse,https://iiif.dl.itc.u-tokyo.ac.jp/repo/files/medium/dc34c09a93560906b28cf7331fea63a14ceb52a3.jpg,https://iiif.dl.itc.u-tokyo.ac.jp/repo/api/items/683727,"東京大学駒場図書館 Komaba Library, The University of Tokyo, JAPAN",http://iiif.io/api/presentation/2#rightToLeftDirection,,駒場図書館所蔵資源科学研究所本草書コレクション,,https://iiif.dl.itc.u-tokyo.ac.jp/repo/iiif/1ab64c7b-1b7d-733d-9543-25c42b251d9e/manifest,,,,,38
延喜式 50巻 ; 卷第18,"延喜式 50巻 / 藤原忠平等撰 ; 卷第1 - 卷第50. -- 松栢堂林和泉掾, 明暦3 [1657]. -- 50冊 ; 27.4×19.5cm.",F2:421,3002935033,,,,,,駒場図書館,421170,,エンギシキ,http://tify.sub.uni-goettingen.de/demo.html?manifest=https://archdataset.dl.itc.u-tokyo.ac.jp/manifest/24527625-54a3-605f-1541-b1c3098b771b.json,24527625-54a3-605f-1541-b1c3098b771b,https://iiif.dl.itc.u-tokyo.ac.jp/repo/s/honzosho/,https://iiif.dl.itc.u-tokyo.ac.jp/repo/s/honzosho/document/24527625-54a3-605f-1541-b1c3098b771b,https://www.lib.u-tokyo.ac.jp/ja/library/contents/archives-top/reuse,https://iiif.dl.itc.u-tokyo.ac.jp/repo/files/medium/a65e0164b37115c80f6e8dadeb9aed9a18630366.jpg,https://iiif.dl.itc.u-tokyo.ac.jp/repo/api/items/683726,"東京大学駒場図書館 Komaba Library, The University of Tokyo, JAPAN",http://iiif.io/api/presentation/2#rightToLeftDirection,,駒場図書館所蔵資源科学研究所本草書コレクション,,https://iiif.dl.itc.u-tokyo.ac.jp/repo/iiif/24527625-54a3-605f-1541-b1c3098b771b/manifest,,,,,55
延喜式 50巻 ; 卷第19,"延喜式 50巻 / 藤原忠平等撰 ; 卷第1 - 卷第50. -- 松栢堂林和泉掾, 明暦3 [1657]. -- 50冊 ; 27.4×19.5cm.",F2:421,3002935041,,,,,,駒場図書館,421180,,エンギシキ,http://tify.sub.uni-goettingen.de/demo.html?manifest=https://archdataset.dl.itc.u-tokyo.ac.jp/manifest/a6513f76-9314-2ba5-0e99-1c6917757513.json,a6513f76-9314-2ba5-0e99-1c6917757513,https://iiif.dl.itc.u-tokyo.ac.jp/repo/s/honzosho/,https://iiif.dl.itc.u-tokyo.ac.jp/repo/s/honzosho/document/a6513f76-9314-2ba5-0e99-1c6917757513,https://www.lib.u-tokyo.ac.jp/ja/library/contents/archives-top/reuse,https://iiif.dl.itc.u-tokyo.ac.jp/repo/files/medium/848546042c33f4df075ad12cff8e69406c3a32db.jpg,https://iiif.dl.itc.u-tokyo.ac.jp/repo/api/items/683725,"東京大学駒場図書館 Komaba Library, The University of Tokyo, JAPAN",http://iiif.io/api/presentation/2#rightToLeftDirection,,駒場図書館所蔵資源科学研究所本草書コレクション,,https://iiif.dl.itc.u-tokyo.ac.jp/repo/iiif/a6513f76-9314-2ba5-0e99-1c6917757513/manifest,,,,,35
延喜式 50巻 ; 卷第20,"延喜式 50巻 / 藤原忠平等撰 ; 卷第1 - 卷第50. -- 松栢堂林和泉掾, 明暦3 [1657]. -- 50冊 ; 27.4×19.5cm.",F2:421,3002935058,,,,,,駒場図書館,421190,,エンギシキ,http://tify.sub.uni-goettingen.de/demo.html?manifest=https://archdataset.dl.itc.u-tokyo.ac.jp/manifest/82590580-0f4d-383c-810f-3cc5ff874e0b.json,82590580-0f4d-383c-810f-3cc5ff874e0b,https://iiif.dl.itc.u-tokyo.ac.jp/repo/s/honzosho/,https://iiif.dl.itc.u-tokyo.ac.jp/repo/s/honzosho/document/82590580-0f4d-383c-810f-3cc5ff874e0b,https://www.lib.u-tokyo.ac.jp/ja/library/contents/archives-top/reuse,https://iiif.dl.itc.u-tokyo.ac.jp/repo/files/medium/bb1e5ceeb2fc9959373da0780aeb9e612abc4d15.jpg,https://iiif.dl.itc.u-tokyo.ac.jp/repo/api/items/683724,"東京大学駒場図書館 Komaba Library, The University of Tokyo, JAPAN",http://iiif.io/api/presentation/2#rightToLeftDirection,,駒場図書館所蔵資源科学研究所本草書コレクション,,https://iiif.dl.itc.u-tokyo.ac.jp/repo/iiif/82590580-0f4d-383c-810f-3cc5ff874e0b/manifest,,,,,25
延喜式 50巻 ; 卷第21,"延喜式 50巻 / 藤原忠平等撰 ; 卷第1 - 卷第50. -- 松栢堂林和泉掾, 明暦3 [1657]. -- 50冊 ; 27.4×19.5cm.",F2:421,3002935066,,,,,,駒場図書館,421200,,エンギシキ,http://tify.sub.uni-goettingen.de/demo.html?manifest=https://archdataset.dl.itc.u-tokyo.ac.jp/manifest/150f0b50-6d24-97f7-9ffc-835eeb5b5dfb.json,150f0b50-6d24-97f7-9ffc-835eeb5b5dfb,https://iiif.dl.itc.u-tokyo.ac.jp/repo/s/honzosho/,https://iiif.dl.itc.u-tokyo.ac.jp/repo/s/honzosho/document/150f0b50-6d24-97f7-9ffc-835eeb5b5dfb,https://www.lib.u-tokyo.ac.jp/ja/library/contents/archives-top/reuse,https://iiif.dl.itc.u-tokyo.ac.jp/repo/files/medium/440535b541c67e894be0777f9e08ff2f716607d6.jpg,https://iiif.dl.itc.u-tokyo.ac.jp/repo/api/items/683723,"東京大学駒場図書館 Komaba Library, The University of Tokyo, JAPAN",http://iiif.io/api/presentation/2#rightToLeftDirection,,駒場図書館所蔵資源科学研究所本草書コレクション,,https://iiif.dl.itc.u-tokyo.ac.jp/repo/iiif/150f0b50-6d24-97f7-9ffc-835eeb5b5dfb/manifest,,,,,59
延喜式 50巻 ; 卷第22,"延喜式 50巻 / 藤原忠平等撰 ; 卷第1 - 卷第50. -- 松栢堂林和泉掾, 明暦3 [1657]. -- 50冊 ; 27.4×19.5cm.",F2:421,3002935074,,,,,,駒場図書館,421210,,エンギシキ,http://tify.sub.uni-goettingen.de/demo.html?manifest=https://archdataset.dl.itc.u-tokyo.ac.jp/manifest/85048f85-203b-2d70-87b5-7ff92cea9f90.json,85048f85-203b-2d70-87b5-7ff92cea9f90,https://iiif.dl.itc.u-tokyo.ac.jp/repo/s/honzosho/,https://iiif.dl.itc.u-tokyo.ac.jp/repo/s/honzosho/document/85048f85-203b-2d70-87b5-7ff92cea9f90,https://www.lib.u-tokyo.ac.jp/ja/library/contents/archives-top/reuse,https://iiif.dl.itc.u-tokyo.ac.jp/repo/files/medium/3ba7651f61f923bdc7c0c5772d527775863a2271.jpg,https://iiif.dl.itc.u-tokyo.ac.jp/repo/api/items/683722,"東京大学駒場図書館 Komaba Library, The University of Tokyo, JAPAN",http://iiif.io/api/presentation/2#rightToLeftDirection,,駒場図書館所蔵資源科学研究所本草書コレクション,,https://iiif.dl.itc.u-tokyo.ac.jp/repo/iiif/85048f85-203b-2d70-87b5-7ff92cea9f90/manifest,,,,,31
延喜式 50巻 ; 卷第23,"延喜式 50巻 / 藤原忠平等撰 ; 卷第1 - 卷第50. -- 松栢堂林和泉掾, 明暦3 [1657]. -- 50冊 ; 27.4×19.5cm.",F2:421,3002935082,,,,,,駒場図書館,421220,,エンギシキ,http://tify.sub.uni-goettingen.de/demo.html?manifest=https://archdataset.dl.itc.u-tokyo.ac.jp/manifest/646d4d45-022a-7dd0-3591-2f463fd95f54.json,646d4d45-022a-7dd0-3591-2f463fd95f54,https://iiif.dl.itc.u-tokyo.ac.jp/repo/s/honzosho/,https://iiif.dl.itc.u-tokyo.ac.jp/repo/s/honzosho/document/646d4d45-022a-7dd0-3591-2f463fd95f54,https://www.lib.u-tokyo.ac.jp/ja/library/contents/archives-top/reuse,https://iiif.dl.itc.u-tokyo.ac.jp/repo/files/medium/6130e744321bc71363f9845db9abf8bc2bb48fbd.jpg,https://iiif.dl.itc.u-tokyo.ac.jp/repo/api/items/683721,"東京大学駒場図書館 Komaba Library, The University of Tokyo, JAPAN",http://iiif.io/api/presentation/2#rightToLeftDirection,,駒場図書館所蔵資源科学研究所本草書コレクション,,https://iiif.dl.itc.u-tokyo.ac.jp/repo/iiif/646d4d45-022a-7dd0-3591-2f463fd95f54/manifest,,,,,27
延喜式 50巻 ; 卷第24,"延喜式 50巻 / 藤原忠平等撰 ; 卷第1 - 卷第50. -- 松栢堂林和泉掾, 明暦3 [1657]. -- 50冊 ; 27.4×19.5cm.",F2:421,3002935090,,,,,,駒場図書館,421230,,エンギシキ,http://tify.sub.uni-goettingen.de/demo.html?manifest=https://archdataset.dl.itc.u-tokyo.ac.jp/manifest/d81daeaf-1b2b-8b43-2a45-bd37d719492f.json,d81daeaf-1b2b-8b43-2a45-bd37d719492f,https://iiif.dl.itc.u-tokyo.ac.jp/repo/s/honzosho/,https://iiif.dl.itc.u-tokyo.ac.jp/repo/s/honzosho/document/d81daeaf-1b2b-8b43-2a45-bd37d719492f,https://www.lib.u-tokyo.ac.jp/ja/library/contents/archives-top/reuse,https://iiif.dl.itc.u-tokyo.ac.jp/repo/files/medium/2b42ec7b1a059f0deb1eb9764e966b048d52bc24.jpg,https://iiif.dl.itc.u-tokyo.ac.jp/repo/api/items/683720,"東京大学駒場図書館 Komaba Library, The University of Tokyo, JAPAN",http://iiif.io/api/presentation/2#rightToLeftDirection,,駒場図書館所蔵資源科学研究所本草書コレクション,,https://iiif.dl.itc.u-tokyo.ac.jp/repo/iiif/d81daeaf-1b2b-8b43-2a45-bd37d719492f/manifest,,,,,44
延喜式 50巻 ; 卷第25,"延喜式 50巻 / 藤原忠平等撰 ; 卷第1 - 卷第50. -- 松栢堂林和泉掾, 明暦3 [1657]. -- 50冊 ; 27.4×19.5cm.",F2:421,3002935108,,,,,,駒場図書館,421240,,エンギシキ,http://tify.sub.uni-goettingen.de/demo.html?manifest=https://archdataset.dl.itc.u-tokyo.ac.jp/manifest/791db31f-a78b-8adb-305e-75ef87ef9afb.json,791db31f-a78b-8adb-305e-75ef87ef9afb,https://iiif.dl.itc.u-tokyo.ac.jp/repo/s/honzosho/,https://iiif.dl.itc.u-tokyo.ac.jp/repo/s/honzosho/document/791db31f-a78b-8adb-305e-75ef87ef9afb,https://www.lib.u-tokyo.ac.jp/ja/library/contents/archives-top/reuse,https://iiif.dl.itc.u-tokyo.ac.jp/repo/files/medium/2e5f9b41f668fb2ea2da3c732d76b79dbca54c3e.jpg,https://iiif.dl.itc.u-tokyo.ac.jp/repo/api/items/683719,"東京大学駒場図書館 Komaba Library, The University of Tokyo, JAPAN",http://iiif.io/api/presentation/2#rightToLeftDirection,,駒場図書館所蔵資源科学研究所本草書コレクション,,https://iiif.dl.itc.u-tokyo.ac.jp/repo/iiif/791db31f-a78b-8adb-305e-75ef87ef9afb/manifest,,,,,26
延喜式 50巻 ; 卷第26,"延喜式 50巻 / 藤原忠平等撰 ; 卷第1 - 卷第50. -- 松栢堂林和泉掾, 明暦3 [1657]. -- 50冊 ; 27.4×19.5cm.",F2:421,3002935116,,,,,,駒場図書館,421250,,エンギシキ,http://tify.sub.uni-goettingen.de/demo.html?manifest=https://archdataset.dl.itc.u-tokyo.ac.jp/manifest/6bb13127-77ba-8e74-a2c5-73548f8ba309.json,6bb13127-77ba-8e74-a2c5-73548f8ba309,https://iiif.dl.itc.u-tokyo.ac.jp/repo/s/honzosho/,https://iiif.dl.itc.u-tokyo.ac.jp/repo/s/honzosho/document/6bb13127-77ba-8e74-a2c5-73548f8ba309,https://www.lib.u-tokyo.ac.jp/ja/library/contents/archives-top/reuse,https://iiif.dl.itc.u-tokyo.ac.jp/repo/files/medium/1b9bf0434ab7a8fe55522e87403bbe19f69487b1.jpg,https://iiif.dl.itc.u-tokyo.ac.jp/repo/api/items/683718,"東京大学駒場図書館 Komaba Library, The University of Tokyo, JAPAN",http://iiif.io/api/presentation/2#rightToLeftDirection,,駒場図書館所蔵資源科学研究所本草書コレクション,,https://iiif.dl.itc.u-tokyo.ac.jp/repo/iiif/6bb13127-77ba-8e74-a2c5-73548f8ba309/manifest,,,,,53
延喜式 50巻 ; 卷第27,"延喜式 50巻 / 藤原忠平等撰 ; 卷第1 - 卷第50. -- 松栢堂林和泉掾, 明暦3 [1657]. -- 50冊 ; 27.4×19.5cm.",F2:421,3002935124,,,,,,駒場図書館,421260,,エンギシキ,http://tify.sub.uni-goettingen.de/demo.html?manifest=https://archdataset.dl.itc.u-tokyo.ac.jp/manifest/0ed8ca1a-54b0-2eda-7b7b-b1f0892a349c.json,0ed8ca1a-54b0-2eda-7b7b-b1f0892a349c,https://iiif.dl.itc.u-tokyo.ac.jp/repo/s/honzosho/,https://iiif.dl.itc.u-tokyo.ac.jp/repo/s/honzosho/document/0ed8ca1a-54b0-2eda-7b7b-b1f0892a349c,https://www.lib.u-tokyo.ac.jp/ja/library/contents/archives-top/reuse,https://iiif.dl.itc.u-tokyo.ac.jp/repo/files/medium/35e22fe3c38305ce2323ad4fd0f706082bb83f9d.jpg,https://iiif.dl.itc.u-tokyo.ac.jp/repo/api/items/683717,"東京大学駒場図書館 Komaba Library, The University of Tokyo, JAPAN",http://iiif.io/api/presentation/2#rightToLeftDirection,,駒場図書館所蔵資源科学研究所本草書コレクション,,https://iiif.dl.itc.u-tokyo.ac.jp/repo/iiif/0ed8ca1a-54b0-2eda-7b7b-b1f0892a349c/manifest,,,,,30
延喜式 50巻 ; 卷第28,"延喜式 50巻 / 藤原忠平等撰 ; 卷第1 - 卷第50. -- 松栢堂林和泉掾, 明暦3 [1657]. -- 50冊 ; 27.4×19.5cm.",F2:421,3002935132,,,,,,駒場図書館,421270,,エンギシキ,http://tify.sub.uni-goettingen.de/demo.html?manifest=https://archdataset.dl.itc.u-tokyo.ac.jp/manifest/dcae1c50-a1fd-8848-391c-81e636c9a0e9.json,dcae1c50-a1fd-8848-391c-81e636c9a0e9,https://iiif.dl.itc.u-tokyo.ac.jp/repo/s/honzosho/,https://iiif.dl.itc.u-tokyo.ac.jp/repo/s/honzosho/document/dcae1c50-a1fd-8848-391c-81e636c9a0e9,https://www.lib.u-tokyo.ac.jp/ja/library/contents/archives-top/reuse,https://iiif.dl.itc.u-tokyo.ac.jp/repo/files/medium/9e33f28c998439af4eb97ea2c864728af7b7843b.jpg,https://iiif.dl.itc.u-tokyo.ac.jp/repo/api/items/683716,"東京大学駒場図書館 Komaba Library, The University of Tokyo, JAPAN",http://iiif.io/api/presentation/2#rightToLeftDirection,,駒場図書館所蔵資源科学研究所本草書コレクション,,https://iiif.dl.itc.u-tokyo.ac.jp/repo/iiif/dcae1c50-a1fd-8848-391c-81e636c9a0e9/manifest,,,,,35
延喜式 50巻 ; 卷第29,"延喜式 50巻 / 藤原忠平等撰 ; 卷第1 - 卷第50. -- 松栢堂林和泉掾, 明暦3 [1657]. -- 50冊 ; 27.4×19.5cm.",F2:421,3002935140,,,,,,駒場図書館,421280,,エンギシキ,http://tify.sub.uni-goettingen.de/demo.html?manifest=https://archdataset.dl.itc.u-tokyo.ac.jp/manifest/c2e29321-9802-3e23-53ae-b8dfdc3d36fe.json,c2e29321-9802-3e23-53ae-b8dfdc3d36fe,https://iiif.dl.itc.u-tokyo.ac.jp/repo/s/honzosho/,https://iiif.dl.itc.u-tokyo.ac.jp/repo/s/honzosho/document/c2e29321-9802-3e23-53ae-b8dfdc3d36fe,https://www.lib.u-tokyo.ac.jp/ja/library/contents/archives-top/reuse,https://iiif.dl.itc.u-tokyo.ac.jp/repo/files/medium/0a83f6fb857ca11ed5ce36ce8764cfeb3266defa.jpg,https://iiif.dl.itc.u-tokyo.ac.jp/repo/api/items/683715,"東京大学駒場図書館 Komaba Library, The University of Tokyo, JAPAN",http://iiif.io/api/presentation/2#rightToLeftDirection,,駒場図書館所蔵資源科学研究所本草書コレクション,,https://iiif.dl.itc.u-tokyo.ac.jp/repo/iiif/c2e29321-9802-3e23-53ae-b8dfdc3d36fe/manifest,,,,,12
延喜式 50巻 ; 卷第30,"延喜式 50巻 / 藤原忠平等撰 ; 卷第1 - 卷第50. -- 松栢堂林和泉掾, 明暦3 [1657]. -- 50冊 ; 27.4×19.5cm.",F2:421,3002935157,,,,,,駒場図書館,421290,,エンギシキ,http://tify.sub.uni-goettingen.de/demo.html?manifest=https://archdataset.dl.itc.u-tokyo.ac.jp/manifest/31f18b2b-1f01-7dd1-0eb9-98a26aa40ede.json,31f18b2b-1f01-7dd1-0eb9-98a26aa40ede,https://iiif.dl.itc.u-tokyo.ac.jp/repo/s/honzosho/,https://iiif.dl.itc.u-tokyo.ac.jp/repo/s/honzosho/document/31f18b2b-1f01-7dd1-0eb9-98a26aa40ede,https://www.lib.u-tokyo.ac.jp/ja/library/contents/archives-top/reuse,https://iiif.dl.itc.u-tokyo.ac.jp/repo/files/medium/0204d43fcb6ba913f6113efe8ce4a0511cbe71f7.jpg,https://iiif.dl.itc.u-tokyo.ac.jp/repo/api/items/683714,"東京大学駒場図書館 Komaba Library, The University of Tokyo, JAPAN",http://iiif.io/api/presentation/2#rightToLeftDirection,,駒場図書館所蔵資源科学研究所本草書コレクション,,https://iiif.dl.itc.u-tokyo.ac.jp/repo/iiif/31f18b2b-1f01-7dd1-0eb9-98a26aa40ede/manifest,,,,,40
延喜式 50巻 ; 卷第31,"延喜式 50巻 / 藤原忠平等撰 ; 卷第1 - 卷第50. -- 松栢堂林和泉掾, 明暦3 [1657]. -- 50冊 ; 27.4×19.5cm.",F2:421,3002935165,,,,,,駒場図書館,421300,,エンギシキ,http://tify.sub.uni-goettingen.de/demo.html?manifest=https://archdataset.dl.itc.u-tokyo.ac.jp/manifest/fa9f0ed1-34eb-a30f-41ad-a83386e00fb6.json,fa9f0ed1-34eb-a30f-41ad-a83386e00fb6,https://iiif.dl.itc.u-tokyo.ac.jp/repo/s/honzosho/,https://iiif.dl.itc.u-tokyo.ac.jp/repo/s/honzosho/document/fa9f0ed1-34eb-a30f-41ad-a83386e00fb6,https://www.lib.u-tokyo.ac.jp/ja/library/contents/archives-top/reuse,https://iiif.dl.itc.u-tokyo.ac.jp/repo/files/medium/352cfa36c148e08da288a922292b8e00df7c4c17.jpg,https://iiif.dl.itc.u-tokyo.ac.jp/repo/api/items/683713,"東京大学駒場図書館 Komaba Library, The University of Tokyo, JAPAN",http://iiif.io/api/presentation/2#rightToLeftDirection,,駒場図書館所蔵資源科学研究所本草書コレクション,,https://iiif.dl.itc.u-tokyo.ac.jp/repo/iiif/fa9f0ed1-34eb-a30f-41ad-a83386e00fb6/manifest,,,,,20
延喜式 50巻 ; 卷第32,"延喜式 50巻 / 藤原忠平等撰 ; 卷第1 - 卷第50. -- 松栢堂林和泉掾, 明暦3 [1657]. -- 50冊 ; 27.4×19.5cm.",F2:421,3002935173,,,,,,駒場図書館,421310,,エンギシキ,http://tify.sub.uni-goettingen.de/demo.html?manifest=https://archdataset.dl.itc.u-tokyo.ac.jp/manifest/54284463-2b89-070a-7963-5cf6933423e0.json,54284463-2b89-070a-7963-5cf6933423e0,https://iiif.dl.itc.u-tokyo.ac.jp/repo/s/honzosho/,https://iiif.dl.itc.u-tokyo.ac.jp/repo/s/honzosho/document/54284463-2b89-070a-7963-5cf6933423e0,https://www.lib.u-tokyo.ac.jp/ja/library/contents/archives-top/reuse,https://iiif.dl.itc.u-tokyo.ac.jp/repo/files/medium/d5b324832211190929615708e3cf37325333a53f.jpg,https://iiif.dl.itc.u-tokyo.ac.jp/repo/api/items/683712,"東京大学駒場図書館 Komaba Library, The University of Tokyo, JAPAN",http://iiif.io/api/presentation/2#rightToLeftDirection,,駒場図書館所蔵資源科学研究所本草書コレクション,,https://iiif.dl.itc.u-tokyo.ac.jp/repo/iiif/54284463-2b89-070a-7963-5cf6933423e0/manifest,,,,,21
延喜式 50巻 ; 卷第33,"延喜式 50巻 / 藤原忠平等撰 ; 卷第1 - 卷第50. -- 松栢堂林和泉掾, 明暦3 [1657]. -- 50冊 ; 27.4×19.5cm.",F2:421,3002935181,,,,,,駒場図書館,421320,,エンギシキ,http://tify.sub.uni-goettingen.de/demo.html?manifest=https://archdataset.dl.itc.u-tokyo.ac.jp/manifest/4aca3ebb-97a4-94bc-69d2-9af5024786f3.json,4aca3ebb-97a4-94bc-69d2-9af5024786f3,https://iiif.dl.itc.u-tokyo.ac.jp/repo/s/honzosho/,https://iiif.dl.itc.u-tokyo.ac.jp/repo/s/honzosho/document/4aca3ebb-97a4-94bc-69d2-9af5024786f3,https://www.lib.u-tokyo.ac.jp/ja/library/contents/archives-top/reuse,https://iiif.dl.itc.u-tokyo.ac.jp/repo/files/medium/3acdc69a9aae2a35b4f36ccf04800cb4396d5d08.jpg,https://iiif.dl.itc.u-tokyo.ac.jp/repo/api/items/683711,"東京大学駒場図書館 Komaba Library, The University of Tokyo, JAPAN",http://iiif.io/api/presentation/2#rightToLeftDirection,,駒場図書館所蔵資源科学研究所本草書コレクション,,https://iiif.dl.itc.u-tokyo.ac.jp/repo/iiif/4aca3ebb-97a4-94bc-69d2-9af5024786f3/manifest,,,,,30
延喜式 50巻 ; 卷第34,"延喜式 50巻 / 藤原忠平等撰 ; 卷第1 - 卷第50. -- 松栢堂林和泉掾, 明暦3 [1657]. -- 50冊 ; 27.4×19.5cm.",F2:421,3002935199,,,,,,駒場図書館,421330,,エンギシキ,http://tify.sub.uni-goettingen.de/demo.html?manifest=https://archdataset.dl.itc.u-tokyo.ac.jp/manifest/3fdde69c-1b60-1fc7-7890-0c58f2aa3b42.json,3fdde69c-1b60-1fc7-7890-0c58f2aa3b42,https://iiif.dl.itc.u-tokyo.ac.jp/repo/s/honzosho/,https://iiif.dl.itc.u-tokyo.ac.jp/repo/s/honzosho/document/3fdde69c-1b60-1fc7-7890-0c58f2aa3b42,https://www.lib.u-tokyo.ac.jp/ja/library/contents/archives-top/reuse,https://iiif.dl.itc.u-tokyo.ac.jp/repo/files/medium/12b6bb09e29baa24ba5348e1d1612566ee300088.jpg,https://iiif.dl.itc.u-tokyo.ac.jp/repo/api/items/683710,"東京大学駒場図書館 Komaba Library, The University of Tokyo, JAPAN",http://iiif.io/api/presentation/2#rightToLeftDirection,,駒場図書館所蔵資源科学研究所本草書コレクション,,https://iiif.dl.itc.u-tokyo.ac.jp/repo/iiif/3fdde69c-1b60-1fc7-7890-0c58f2aa3b42/manifest,,,,,26
延喜式 50巻 ; 卷第35,"延喜式 50巻 / 藤原忠平等撰 ; 卷第1 - 卷第50. -- 松栢堂林和泉掾, 明暦3 [1657]. -- 50冊 ; 27.4×19.5cm.",F2:421,3002935207,,,,,,駒場図書館,421340,,エンギシキ,http://tify.sub.uni-goettingen.de/demo.html?manifest=https://archdataset.dl.itc.u-tokyo.ac.jp/manifest/06002b1f-100b-56a8-4960-3c03013a6e3a.json,06002b1f-100b-56a8-4960-3c03013a6e3a,https://iiif.dl.itc.u-tokyo.ac.jp/repo/s/honzosho/,https://iiif.dl.itc.u-tokyo.ac.jp/repo/s/honzosho/document/06002b1f-100b-56a8-4960-3c03013a6e3a,https://www.lib.u-tokyo.ac.jp/ja/library/contents/archives-top/reuse,https://iiif.dl.itc.u-tokyo.ac.jp/repo/files/medium/94939c28acc240ee54c2cd5003cc9f23cc6e9640.jpg,https://iiif.dl.itc.u-tokyo.ac.jp/repo/api/items/683709,"東京大学駒場図書館 Komaba Library, The University of Tokyo, JAPAN",http://iiif.io/api/presentation/2#rightToLeftDirection,,駒場図書館所蔵資源科学研究所本草書コレクション,,https://iiif.dl.itc.u-tokyo.ac.jp/repo/iiif/06002b1f-100b-56a8-4960-3c03013a6e3a/manifest,,,,,15
延喜式 50巻 ; 卷第36,"延喜式 50巻 / 藤原忠平等撰 ; 卷第1 - 卷第50. -- 松栢堂林和泉掾, 明暦3 [1657]. -- 50冊 ; 27.4×19.5cm.",F2:421,3002935215,,,,,,駒場図書館,421350,,エンギシキ,http://tify.sub.uni-goettingen.de/demo.html?manifest=https://archdataset.dl.itc.u-tokyo.ac.jp/manifest/22ae09da-38b1-573f-6c20-704b2dd6727e.json,22ae09da-38b1-573f-6c20-704b2dd6727e,https://iiif.dl.itc.u-tokyo.ac.jp/repo/s/honzosho/,https://iiif.dl.itc.u-tokyo.ac.jp/repo/s/honzosho/document/22ae09da-38b1-573f-6c20-704b2dd6727e,https://www.lib.u-tokyo.ac.jp/ja/library/contents/archives-top/reuse,https://iiif.dl.itc.u-tokyo.ac.jp/repo/files/medium/f826232987e5bf009a240366a06fe98ba0b0b2b4.jpg,https://iiif.dl.itc.u-tokyo.ac.jp/repo/api/items/683708,"東京大学駒場図書館 Komaba Library, The University of Tokyo, JAPAN",http://iiif.io/api/presentation/2#rightToLeftDirection,,駒場図書館所蔵資源科学研究所本草書コレクション,,https://iiif.dl.itc.u-tokyo.ac.jp/repo/iiif/22ae09da-38b1-573f-6c20-704b2dd6727e/manifest,,,,,15
延喜式 50巻 ; 卷第37,"延喜式 50巻 / 藤原忠平等撰 ; 卷第1 - 卷第50. -- 松栢堂林和泉掾, 明暦3 [1657]. -- 50冊 ; 27.4×19.5cm.",F2:421,3002935223,,,,,,駒場図書館,421360,,エンギシキ,http://tify.sub.uni-goettingen.de/demo.html?manifest=https://archdataset.dl.itc.u-tokyo.ac.jp/manifest/129ffc99-12eb-25a6-306a-c90b96419308.json,129ffc99-12eb-25a6-306a-c90b96419308,https://iiif.dl.itc.u-tokyo.ac.jp/repo/s/honzosho/,https://iiif.dl.itc.u-tokyo.ac.jp/repo/s/honzosho/document/129ffc99-12eb-25a6-306a-c90b96419308,https://www.lib.u-tokyo.ac.jp/ja/library/contents/archives-top/reuse,https://iiif.dl.itc.u-tokyo.ac.jp/repo/files/medium/561e50cc83885cf9799cd6cad8f50d3139620fec.jpg,https://iiif.dl.itc.u-tokyo.ac.jp/repo/api/items/683707,"東京大学駒場図書館 Komaba Library, The University of Tokyo, JAPAN",http://iiif.io/api/presentation/2#rightToLeftDirection,,駒場図書館所蔵資源科学研究所本草書コレクション,,https://iiif.dl.itc.u-tokyo.ac.jp/repo/iiif/129ffc99-12eb-25a6-306a-c90b96419308/manifest,,,,,57
延喜式 50巻 ; 卷第38,"延喜式 50巻 / 藤原忠平等撰 ; 卷第1 - 卷第50. -- 松栢堂林和泉掾, 明暦3 [1657]. -- 50冊 ; 27.4×19.5cm.",F2:421,3002935231,,,,,,駒場図書館,421370,,エンギシキ,http://tify.sub.uni-goettingen.de/demo.html?manifest=https://archdataset.dl.itc.u-tokyo.ac.jp/manifest/18c8eb2e-333c-2a65-7462-04464857327c.json,18c8eb2e-333c-2a65-7462-04464857327c,https://iiif.dl.itc.u-tokyo.ac.jp/repo/s/honzosho/,https://iiif.dl.itc.u-tokyo.ac.jp/repo/s/honzosho/document/18c8eb2e-333c-2a65-7462-04464857327c,https://www.lib.u-tokyo.ac.jp/ja/library/contents/archives-top/reuse,https://iiif.dl.itc.u-tokyo.ac.jp/repo/files/medium/0f12171917edbbcc6be26c5916356a052b113770.jpg,https://iiif.dl.itc.u-tokyo.ac.jp/repo/api/items/683706,"東京大学駒場図書館 Komaba Library, The University of Tokyo, JAPAN",http://iiif.io/api/presentation/2#rightToLeftDirection,,駒場図書館所蔵資源科学研究所本草書コレクション,,https://iiif.dl.itc.u-tokyo.ac.jp/repo/iiif/18c8eb2e-333c-2a65-7462-04464857327c/manifest,,,,,37
延喜式 50巻 ; 卷第39,"延喜式 50巻 / 藤原忠平等撰 ; 卷第1 - 卷第50. -- 松栢堂林和泉掾, 明暦3 [1657]. -- 50冊 ; 27.4×19.5cm.",F2:421,3002935249,,,,,,駒場図書館,421380,,エンギシキ,http://tify.sub.uni-goettingen.de/demo.html?manifest=https://archdataset.dl.itc.u-tokyo.ac.jp/manifest/38898546-46be-9188-17fe-ac1d28df559d.json,38898546-46be-9188-17fe-ac1d28df559d,https://iiif.dl.itc.u-tokyo.ac.jp/repo/s/honzosho/,https://iiif.dl.itc.u-tokyo.ac.jp/repo/s/honzosho/document/38898546-46be-9188-17fe-ac1d28df559d,https://www.lib.u-tokyo.ac.jp/ja/library/contents/archives-top/reuse,https://iiif.dl.itc.u-tokyo.ac.jp/repo/files/medium/f2107ad1d61c1042bc4d894b0f4a5cbf6eb65c1c.jpg,https://iiif.dl.itc.u-tokyo.ac.jp/repo/api/items/683705,"東京大学駒場図書館 Komaba Library, The University of Tokyo, JAPAN",http://iiif.io/api/presentation/2#rightToLeftDirection,,駒場図書館所蔵資源科学研究所本草書コレクション,,https://iiif.dl.itc.u-tokyo.ac.jp/repo/iiif/38898546-46be-9188-17fe-ac1d28df559d/manifest,,,,,39
延喜式 50巻 ; 卷第40,"延喜式 50巻 / 藤原忠平等撰 ; 卷第1 - 卷第50. -- 松栢堂林和泉掾, 明暦3 [1657]. -- 50冊 ; 27.4×19.5cm.",F2:421,3002935256,,,,,,駒場図書館,421390,,エンギシキ,http://tify.sub.uni-goettingen.de/demo.html?manifest=https://archdataset.dl.itc.u-tokyo.ac.jp/manifest/d591bab5-1386-34f0-19af-50ec78399ef3.json,d591bab5-1386-34f0-19af-50ec78399ef3,https://iiif.dl.itc.u-tokyo.ac.jp/repo/s/honzosho/,https://iiif.dl.itc.u-tokyo.ac.jp/repo/s/honzosho/document/d591bab5-1386-34f0-19af-50ec78399ef3,https://www.lib.u-tokyo.ac.jp/ja/library/contents/archives-top/reuse,https://iiif.dl.itc.u-tokyo.ac.jp/repo/files/medium/6840251e4338499f163e2dc7b3b64cc01ef8f0ec.jpg,https://iiif.dl.itc.u-tokyo.ac.jp/repo/api/items/683704,"東京大学駒場図書館 Komaba Library, The University of Tokyo, JAPAN",http://iiif.io/api/presentation/2#rightToLeftDirection,,駒場図書館所蔵資源科学研究所本草書コレクション,,https://iiif.dl.itc.u-tokyo.ac.jp/repo/iiif/d591bab5-1386-34f0-19af-50ec78399ef3/manifest,,,,,37
延喜式 50巻 ; 卷第41,"延喜式 50巻 / 藤原忠平等撰 ; 卷第1 - 卷第50. -- 松栢堂林和泉掾, 明暦3 [1657]. -- 50冊 ; 27.4×19.5cm.",F2:421,3002935264,,,,,,駒場図書館,421400,,エンギシキ,http://tify.sub.uni-goettingen.de/demo.html?manifest=https://archdataset.dl.itc.u-tokyo.ac.jp/manifest/10b0fa57-11f1-4fc5-8e3b-552a892c898d.json,10b0fa57-11f1-4fc5-8e3b-552a892c898d,https://iiif.dl.itc.u-tokyo.ac.jp/repo/s/honzosho/,https://iiif.dl.itc.u-tokyo.ac.jp/repo/s/honzosho/document/10b0fa57-11f1-4fc5-8e3b-552a892c898d,https://www.lib.u-tokyo.ac.jp/ja/library/contents/archives-top/reuse,https://iiif.dl.itc.u-tokyo.ac.jp/repo/files/medium/4aa5da31743c98e44db9f428a28a84c66691adcb.jpg,https://iiif.dl.itc.u-tokyo.ac.jp/repo/api/items/683703,"東京大学駒場図書館 Komaba Library, The University of Tokyo, JAPAN",http://iiif.io/api/presentation/2#rightToLeftDirection,,駒場図書館所蔵資源科学研究所本草書コレクション,,https://iiif.dl.itc.u-tokyo.ac.jp/repo/iiif/10b0fa57-11f1-4fc5-8e3b-552a892c898d/manifest,,,,,25
延喜式 50巻 ; 卷第42,"延喜式 50巻 / 藤原忠平等撰 ; 卷第1 - 卷第50. -- 松栢堂林和泉掾, 明暦3 [1657]. -- 50冊 ; 27.4×19.5cm.",F2:421,3002935272,,,,,,駒場図書館,421410,,エンギシキ,http://tify.sub.uni-goettingen.de/demo.html?manifest=https://archdataset.dl.itc.u-tokyo.ac.jp/manifest/b47f5739-35d2-7f3d-2478-7fc67bc02938.json,b47f5739-35d2-7f3d-2478-7fc67bc02938,https://iiif.dl.itc.u-tokyo.ac.jp/repo/s/honzosho/,https://iiif.dl.itc.u-tokyo.ac.jp/repo/s/honzosho/document/b47f5739-35d2-7f3d-2478-7fc67bc02938,https://www.lib.u-tokyo.ac.jp/ja/library/contents/archives-top/reuse,https://iiif.dl.itc.u-tokyo.ac.jp/repo/files/medium/000d9e459197903936ae417e902e9c832369d406.jpg,https://iiif.dl.itc.u-tokyo.ac.jp/repo/api/items/683702,"東京大学駒場図書館 Komaba Library, The University of Tokyo, JAPAN",http://iiif.io/api/presentation/2#rightToLeftDirection,,駒場図書館所蔵資源科学研究所本草書コレクション,,https://iiif.dl.itc.u-tokyo.ac.jp/repo/iiif/b47f5739-35d2-7f3d-2478-7fc67bc02938/manifest,,,,,18
延喜式 50巻 ; 卷第43,"延喜式 50巻 / 藤原忠平等撰 ; 卷第1 - 卷第50. -- 松栢堂林和泉掾, 明暦3 [1657]. -- 50冊 ; 27.4×19.5cm.",F2:421,3002935280,,,,,,駒場図書館,421420,,エンギシキ,http://tify.sub.uni-goettingen.de/demo.html?manifest=https://archdataset.dl.itc.u-tokyo.ac.jp/manifest/f111fbd8-65b6-6bd7-7005-d841d5a8496d.json,f111fbd8-65b6-6bd7-7005-d841d5a8496d,https://iiif.dl.itc.u-tokyo.ac.jp/repo/s/honzosho/,https://iiif.dl.itc.u-tokyo.ac.jp/repo/s/honzosho/document/f111fbd8-65b6-6bd7-7005-d841d5a8496d,https://www.lib.u-tokyo.ac.jp/ja/library/contents/archives-top/reuse,https://iiif.dl.itc.u-tokyo.ac.jp/repo/files/medium/086ed27514a11affe3a29a5fb3c959426a81941f.jpg,https://iiif.dl.itc.u-tokyo.ac.jp/repo/api/items/683701,"東京大学駒場図書館 Komaba Library, The University of Tokyo, JAPAN",http://iiif.io/api/presentation/2#rightToLeftDirection,,駒場図書館所蔵資源科学研究所本草書コレクション,,https://iiif.dl.itc.u-tokyo.ac.jp/repo/iiif/f111fbd8-65b6-6bd7-7005-d841d5a8496d/manifest,,,,,29
延喜式 50巻 ; 卷第44,"延喜式 50巻 / 藤原忠平等撰 ; 卷第1 - 卷第50. -- 松栢堂林和泉掾, 明暦3 [1657]. -- 50冊 ; 27.4×19.5cm.",F2:421,3002935298,,,,,,駒場図書館,421430,,エンギシキ,http://tify.sub.uni-goettingen.de/demo.html?manifest=https://archdataset.dl.itc.u-tokyo.ac.jp/manifest/045571f4-2387-111a-3e69-9eeed9ea36e7.json,045571f4-2387-111a-3e69-9eeed9ea36e7,https://iiif.dl.itc.u-tokyo.ac.jp/repo/s/honzosho/,https://iiif.dl.itc.u-tokyo.ac.jp/repo/s/honzosho/document/045571f4-2387-111a-3e69-9eeed9ea36e7,https://www.lib.u-tokyo.ac.jp/ja/library/contents/archives-top/reuse,https://iiif.dl.itc.u-tokyo.ac.jp/repo/files/medium/33694ba40056b93dc0103483947b8ebe13828f2b.jpg,https://iiif.dl.itc.u-tokyo.ac.jp/repo/api/items/683700,"東京大学駒場図書館 Komaba Library, The University of Tokyo, JAPAN",http://iiif.io/api/presentation/2#rightToLeftDirection,,駒場図書館所蔵資源科学研究所本草書コレクション,,https://iiif.dl.itc.u-tokyo.ac.jp/repo/iiif/045571f4-2387-111a-3e69-9eeed9ea36e7/manifest,,,,,13
延喜式 50巻 ; 卷第45,"延喜式 50巻 / 藤原忠平等撰 ; 卷第1 - 卷第50. -- 松栢堂林和泉掾, 明暦3 [1657]. -- 50冊 ; 27.4×19.5cm.",F2:421,3002935306,,,,,,駒場図書館,421440,,エンギシキ,http://tify.sub.uni-goettingen.de/demo.html?manifest=https://archdataset.dl.itc.u-tokyo.ac.jp/manifest/0fe4d77a-23e8-535b-401b-df81f72e9def.json,0fe4d77a-23e8-535b-401b-df81f72e9def,https://iiif.dl.itc.u-tokyo.ac.jp/repo/s/honzosho/,https://iiif.dl.itc.u-tokyo.ac.jp/repo/s/honzosho/document/0fe4d77a-23e8-535b-401b-df81f72e9def,https://www.lib.u-tokyo.ac.jp/ja/library/contents/archives-top/reuse,https://iiif.dl.itc.u-tokyo.ac.jp/repo/files/medium/14258bfbe73d3626b9de8211b31415fa19b22969.jpg,https://iiif.dl.itc.u-tokyo.ac.jp/repo/api/items/683699,"東京大学駒場図書館 Komaba Library, The University of Tokyo, JAPAN",http://iiif.io/api/presentation/2#rightToLeftDirection,,駒場図書館所蔵資源科学研究所本草書コレクション,,https://iiif.dl.itc.u-tokyo.ac.jp/repo/iiif/0fe4d77a-23e8-535b-401b-df81f72e9def/manifest,,,,,18
延喜式 50巻 ; 卷第46,"延喜式 50巻 / 藤原忠平等撰 ; 卷第1 - 卷第50. -- 松栢堂林和泉掾, 明暦3 [1657]. -- 50冊 ; 27.4×19.5cm.",F2:421,3002935314,,,,,,駒場図書館,421450,,エンギシキ,http://tify.sub.uni-goettingen.de/demo.html?manifest=https://archdataset.dl.itc.u-tokyo.ac.jp/manifest/5b550e1a-0fde-50ad-337a-ce62302131ab.json,5b550e1a-0fde-50ad-337a-ce62302131ab,https://iiif.dl.itc.u-tokyo.ac.jp/repo/s/honzosho/,https://iiif.dl.itc.u-tokyo.ac.jp/repo/s/honzosho/document/5b550e1a-0fde-50ad-337a-ce62302131ab,https://www.lib.u-tokyo.ac.jp/ja/library/contents/archives-top/reuse,https://iiif.dl.itc.u-tokyo.ac.jp/repo/files/medium/c579fb04527a98eeccc9f7e703b7fcc85a69b17d.jpg,https://iiif.dl.itc.u-tokyo.ac.jp/repo/api/items/683698,"東京大学駒場図書館 Komaba Library, The University of Tokyo, JAPAN",http://iiif.io/api/presentation/2#rightToLeftDirection,,駒場図書館所蔵資源科学研究所本草書コレクション,,https://iiif.dl.itc.u-tokyo.ac.jp/repo/iiif/5b550e1a-0fde-50ad-337a-ce62302131ab/manifest,,,,,13
延喜式 50巻 ; 卷第47,"延喜式 50巻 / 藤原忠平等撰 ; 卷第1 - 卷第50. -- 松栢堂林和泉掾, 明暦3 [1657]. -- 50冊 ; 27.4×19.5cm.",F2:421,3002935322,,,,,,駒場図書館,421460,,エンギシキ,http://tify.sub.uni-goettingen.de/demo.html?manifest=https://archdataset.dl.itc.u-tokyo.ac.jp/manifest/b86275c9-715d-8156-73ac-110f2a6512e8.json,b86275c9-715d-8156-73ac-110f2a6512e8,https://iiif.dl.itc.u-tokyo.ac.jp/repo/s/honzosho/,https://iiif.dl.itc.u-tokyo.ac.jp/repo/s/honzosho/document/b86275c9-715d-8156-73ac-110f2a6512e8,https://www.lib.u-tokyo.ac.jp/ja/library/contents/archives-top/reuse,https://iiif.dl.itc.u-tokyo.ac.jp/repo/files/medium/8f2807c4be8dd37d9e2cbbfec957215c876ea12b.jpg,https://iiif.dl.itc.u-tokyo.ac.jp/repo/api/items/683697,"東京大学駒場図書館 Komaba Library, The University of Tokyo, JAPAN",http://iiif.io/api/presentation/2#rightToLeftDirection,,駒場図書館所蔵資源科学研究所本草書コレクション,,https://iiif.dl.itc.u-tokyo.ac.jp/repo/iiif/b86275c9-715d-8156-73ac-110f2a6512e8/manifest,,,,,10
延喜式 50巻 ; 卷第48,"延喜式 50巻 / 藤原忠平等撰 ; 卷第1 - 卷第50. -- 松栢堂林和泉掾, 明暦3 [1657]. -- 50冊 ; 27.4×19.5cm.",F2:421,3002935330,,,,,,駒場図書館,421470,,エンギシキ,http://tify.sub.uni-goettingen.de/demo.html?manifest=https://archdataset.dl.itc.u-tokyo.ac.jp/manifest/ba30595e-8e3f-7daa-4062-9e54f66a6174.json,ba30595e-8e3f-7daa-4062-9e54f66a6174,https://iiif.dl.itc.u-tokyo.ac.jp/repo/s/honzosho/,https://iiif.dl.itc.u-tokyo.ac.jp/repo/s/honzosho/document/ba30595e-8e3f-7daa-4062-9e54f66a6174,https://www.lib.u-tokyo.ac.jp/ja/library/contents/archives-top/reuse,https://iiif.dl.itc.u-tokyo.ac.jp/repo/files/medium/770621c1340e89ac30929e752c500c9d0c878be6.jpg,https://iiif.dl.itc.u-tokyo.ac.jp/repo/api/items/683696,"東京大学駒場図書館 Komaba Library, The University of Tokyo, JAPAN",http://iiif.io/api/presentation/2#rightToLeftDirection,,駒場図書館所蔵資源科学研究所本草書コレクション,,https://iiif.dl.itc.u-tokyo.ac.jp/repo/iiif/ba30595e-8e3f-7daa-4062-9e54f66a6174/manifest,,,,,23
延喜式 50巻 ; 卷第49,"延喜式 50巻 / 藤原忠平等撰 ; 卷第1 - 卷第50. -- 松栢堂林和泉掾, 明暦3 [1657]. -- 50冊 ; 27.4×19.5cm.",F2:421,3002935348,,,,,,駒場図書館,421480,,エンギシキ,http://tify.sub.uni-goettingen.de/demo.html?manifest=https://archdataset.dl.itc.u-tokyo.ac.jp/manifest/26496879-68c2-4543-143b-cf2ded4b5903.json,26496879-68c2-4543-143b-cf2ded4b5903,https://iiif.dl.itc.u-tokyo.ac.jp/repo/s/honzosho/,https://iiif.dl.itc.u-tokyo.ac.jp/repo/s/honzosho/document/26496879-68c2-4543-143b-cf2ded4b5903,https://www.lib.u-tokyo.ac.jp/ja/library/contents/archives-top/reuse,https://iiif.dl.itc.u-tokyo.ac.jp/repo/files/medium/fd3908a7b93945da0c0747d247760d84d6546c2c.jpg,https://iiif.dl.itc.u-tokyo.ac.jp/repo/api/items/683695,"東京大学駒場図書館 Komaba Library, The University of Tokyo, JAPAN",http://iiif.io/api/presentation/2#rightToLeftDirection,,駒場図書館所蔵資源科学研究所本草書コレクション,,https://iiif.dl.itc.u-tokyo.ac.jp/repo/iiif/26496879-68c2-4543-143b-cf2ded4b5903/manifest,,,,,17
延喜式 50巻 ; 卷第50,"延喜式 50巻 / 藤原忠平等撰 ; 卷第1 - 卷第50. -- 松栢堂林和泉掾, 明暦3 [1657]. -- 50冊 ; 27.4×19.5cm.",F2:421,3002935355,,,,,,駒場図書館,421490,,エンギシキ,http://tify.sub.uni-goettingen.de/demo.html?manifest=https://archdataset.dl.itc.u-tokyo.ac.jp/manifest/930ac360-54e5-1b08-42fb-e8262cb601b8.json,930ac360-54e5-1b08-42fb-e8262cb601b8,https://iiif.dl.itc.u-tokyo.ac.jp/repo/s/honzosho/,https://iiif.dl.itc.u-tokyo.ac.jp/repo/s/honzosho/document/930ac360-54e5-1b08-42fb-e8262cb601b8,https://www.lib.u-tokyo.ac.jp/ja/library/contents/archives-top/reuse,https://iiif.dl.itc.u-tokyo.ac.jp/repo/files/medium/b6c76a24a34c31f7bcdec92a496f80faefec0a3d.jpg,https://iiif.dl.itc.u-tokyo.ac.jp/repo/api/items/683694,"東京大学駒場図書館 Komaba Library, The University of Tokyo, JAPAN",http://iiif.io/api/presentation/2#rightToLeftDirection,,駒場図書館所蔵資源科学研究所本草書コレクション,,https://iiif.dl.itc.u-tokyo.ac.jp/repo/iiif/930ac360-54e5-1b08-42fb-e8262cb601b8/manifest,,,,,28
