資料名,資料名（ヨミ）,コレクション名,言語,種別,編著者,編著者（ヨミ）,発行者,出版地,刊行年、書写年等,刊行年月日（西暦),形態,内容記述,Alternative Title,Alternative,iiif viewer,ID,ウェブサイトURL,アイテムURL,利用条件,サムネイル,機械可読ドキュメント,帰属,viewingDirection,viewingHint,コレクション,ソート用項目,西暦,IIIFマニフェストURI,IIIF Search API URI,アノテーション付きIIIFマニフェストURI,Link to TAPAS Project,Text with Rich Text Format,# of media
dcterms:title,dcndl:titleTranscription,dcndl:seriesTitle,dcterms:language,dcndl:materialType,dcterms:creator,dcndl:creatorTranscription,dcterms:publisher,dcndl:publicationPlace,dcterms:date,dcterms:issued,dcterms:extent,dcterms:description,dcterms:alternative,dcndl:alternative,iiif viewer,bibo:identifier,dcterms:isPartOf,dcterms:relation,dcterms:rights,foaf:thumbnail,rdfs:seeAlso,sc:attributionLabel,sc:viewingDirection,sc:viewingHint,uterms:databaseLabel,uterms:sort,uterms:year,uterms:manifestUri,uterms:searchApiUri,uterms:annotedManifest,uterms:linkToTapas,uterms:rtf,10598
館玄龍書,タチ ゲンリュウ ショ|Tachi Genryu sho,精神医学教室旧蔵ガラス乾板,日本語,静止画資料,撮影者不明|館玄龍,タチ ゲンリュウ,,,,1923年以前,4×5インチ,解説: 掲載: 館玄龍ノ手蹟(館哲二君藏)--『華岡青洲先生及其外科』第六十三(肖像部分除外)|現秩序no.: 1|紙焼き記載no.: A49,,,http://tify.sub.uni-goettingen.de/demo.html?manifest=https://archdataset.dl.itc.u-tokyo.ac.jp/manifest/b0a3a722-2b99-564a-9d0d-51fd5c231d9b.json,b0a3a722-2b99-564a-9d0d-51fd5c231d9b,https://iiif.dl.itc.u-tokyo.ac.jp/repo/s/medlib/,https://iiif.dl.itc.u-tokyo.ac.jp/repo/s/medlib/document/b0a3a722-2b99-564a-9d0d-51fd5c231d9b,https://www.lib.u-tokyo.ac.jp/ja/library/contents/archives-top/reuse,https://iiif.dl.itc.u-tokyo.ac.jp/repo/files/medium/67582800747be03382c8f96bd81cef2c8789e640.jpg,https://iiif.dl.itc.u-tokyo.ac.jp/repo/api/items/1380054,"東京大学医学図書館 Medical Library, The University of Tokyo, JAPAN",http://iiif.io/api/presentation/2#rightToLeftDirection,,医学図書館デジタル史料室,0001,,https://iiif.dl.itc.u-tokyo.ac.jp/repo/iiif/b0a3a722-2b99-564a-9d0d-51fd5c231d9b/manifest,,,,,1
中川修亭筆寿詞,ナカガワ シュウテイ ヒツ ジュシ|Nakagawa Shutei hitsu jushi,精神医学教室旧蔵ガラス乾板,日本語,静止画資料,撮影者不明|中川修亭,ナカガワ シュウテイ,,,,1923年以前,小キャビネ,解説: 文化6年(1809)、中川故諬首百拝。印記: 中川脩、□眞。掲載: 中川脩亭ノ手書(吉益雄太郎君藏)--『華岡青洲先生及其外科』第七十一(部分を編集)朱書き「[十]年五月二十六日 吉益」|加工: 朱書きあり、マスキング(下辺は剥がれている)|現秩序no.: 2|紙焼き記載no.: C50-1,,,http://tify.sub.uni-goettingen.de/demo.html?manifest=https://archdataset.dl.itc.u-tokyo.ac.jp/manifest/ec0af169-195b-845a-0497-39c3844c9849.json,ec0af169-195b-845a-0497-39c3844c9849,https://iiif.dl.itc.u-tokyo.ac.jp/repo/s/medlib/,https://iiif.dl.itc.u-tokyo.ac.jp/repo/s/medlib/document/ec0af169-195b-845a-0497-39c3844c9849,https://www.lib.u-tokyo.ac.jp/ja/library/contents/archives-top/reuse,https://iiif.dl.itc.u-tokyo.ac.jp/repo/files/medium/72d2a84fb0fff0287b756d9619d400e6b68c7342.jpg,https://iiif.dl.itc.u-tokyo.ac.jp/repo/api/items/1380055,"東京大学医学図書館 Medical Library, The University of Tokyo, JAPAN",http://iiif.io/api/presentation/2#rightToLeftDirection,,医学図書館デジタル史料室,0002,,https://iiif.dl.itc.u-tokyo.ac.jp/repo/iiif/ec0af169-195b-845a-0497-39c3844c9849/manifest,,,,,1
"""De chirurgie, ende opera van alle de wercken""(1655年版) p.460裏",,精神医学教室旧蔵ガラス乾板,オランダ語,静止画資料,撮影者不明|Ambrosius Paré|Carel Baten,,,,,不明,小キャビネ,"解説: アンブロワーズ・パレ著 『外科全書』のオランダ語訳書。""De chirurgie, ende opera van alle de Wercken, van Mr. Ambrosius Paré, raedt ende opperste chirurgijn van vier koningen in Vranckrijck By Ian Fredericksz Stam, 1655"" p.460|現秩序no.: 3|紙焼き記載no.: A48",,,http://tify.sub.uni-goettingen.de/demo.html?manifest=https://archdataset.dl.itc.u-tokyo.ac.jp/manifest/a3f80950-198d-1eb0-73ea-0258bd27754b.json,a3f80950-198d-1eb0-73ea-0258bd27754b,https://iiif.dl.itc.u-tokyo.ac.jp/repo/s/medlib/,https://iiif.dl.itc.u-tokyo.ac.jp/repo/s/medlib/document/a3f80950-198d-1eb0-73ea-0258bd27754b,https://www.lib.u-tokyo.ac.jp/ja/library/contents/archives-top/reuse,https://iiif.dl.itc.u-tokyo.ac.jp/repo/files/medium/c03c5b20fdd09e737fa6bd5630e4b20d7428195f.jpg,https://iiif.dl.itc.u-tokyo.ac.jp/repo/api/items/1380056,"東京大学医学図書館 Medical Library, The University of Tokyo, JAPAN",http://iiif.io/api/presentation/2#rightToLeftDirection,,医学図書館デジタル史料室,0003,,https://iiif.dl.itc.u-tokyo.ac.jp/repo/iiif/a3f80950-198d-1eb0-73ea-0258bd27754b/manifest,,,,,1
恭奉賀南涯先生六十初慶 赤石希范筆寿詞,キョウホウガ ナンガイ センセイ ロクジュウ ショケイ アカシ キハン ヒツ ジュシ|Kyohoga Nangai sensei rokuju shokei Akashi Kihan hitsu jushi,精神医学教室旧蔵ガラス乾板,日本語,静止画資料,撮影者不明|赤石希范,アカシ キハン,,,,1923年以前,小キャビネ,解説: 赤石希范筆の吉益南斉還暦の寿詞。掲載: 赤石槐陰手書(大垣吉益雄太郎君藏)--『華岡青洲先生及其外科』第七十二(部分を編集)|加工: 朱書きあり、マスキング|現秩序no.: 4|紙焼き記載no.: C50-2,,,http://tify.sub.uni-goettingen.de/demo.html?manifest=https://archdataset.dl.itc.u-tokyo.ac.jp/manifest/d89791c2-3b8c-9297-0b1f-7dd6b21c1894.json,d89791c2-3b8c-9297-0b1f-7dd6b21c1894,https://iiif.dl.itc.u-tokyo.ac.jp/repo/s/medlib/,https://iiif.dl.itc.u-tokyo.ac.jp/repo/s/medlib/document/d89791c2-3b8c-9297-0b1f-7dd6b21c1894,https://www.lib.u-tokyo.ac.jp/ja/library/contents/archives-top/reuse,https://iiif.dl.itc.u-tokyo.ac.jp/repo/files/medium/87a82c1ef8b61367b73b569f0f473d85417672b0.jpg,https://iiif.dl.itc.u-tokyo.ac.jp/repo/api/items/1380057,"東京大学医学図書館 Medical Library, The University of Tokyo, JAPAN",http://iiif.io/api/presentation/2#rightToLeftDirection,,医学図書館デジタル史料室,0004,,https://iiif.dl.itc.u-tokyo.ac.jp/repo/iiif/d89791c2-3b8c-9297-0b1f-7dd6b21c1894/manifest,,,,,1
和蘭婦人孩子写真/和蘭名医シイボルト,オランダ フジン アカゴ ノ ウツシ オランダ メイイ シイボルト|Oranda fujin akago no utsushi oranda meii Shiiboruto,精神医学教室旧蔵ガラス乾板,日本語,静止画資料,撮影者不明,,,,,1926年以前,小キャビネ,解説: 〔蘭文訳〕毒ハ時ニ最良薬ナル事アリ(推定)掲載: 長崎の瓦版に現はしたるシーボルト先生(渡邊修次郎君・永見徳六郎君藏)--『シーボルト先生 : 其生涯及功業』第百八図(蘭文訳部分除外)|状態: 紙片張り付きあり|現秩序no.: 5|紙焼き記載no.: A23,,,http://tify.sub.uni-goettingen.de/demo.html?manifest=https://archdataset.dl.itc.u-tokyo.ac.jp/manifest/00fe1caf-822d-49fe-87c9-b4a086a082a8.json,00fe1caf-822d-49fe-87c9-b4a086a082a8,https://iiif.dl.itc.u-tokyo.ac.jp/repo/s/medlib/,https://iiif.dl.itc.u-tokyo.ac.jp/repo/s/medlib/document/00fe1caf-822d-49fe-87c9-b4a086a082a8,https://www.lib.u-tokyo.ac.jp/ja/library/contents/archives-top/reuse,https://iiif.dl.itc.u-tokyo.ac.jp/repo/files/medium/c6e8047d0dfba8e68da66514e69eb6460802df12.jpg,https://iiif.dl.itc.u-tokyo.ac.jp/repo/api/items/1380058,"東京大学医学図書館 Medical Library, The University of Tokyo, JAPAN",http://iiif.io/api/presentation/2#rightToLeftDirection,,医学図書館デジタル史料室,0005,,https://iiif.dl.itc.u-tokyo.ac.jp/repo/iiif/00fe1caf-822d-49fe-87c9-b4a086a082a8/manifest,,,,,1
二宮敬作夫婦墓碑,ニノミヤ ケイサク フウフ ボヒ|Ninomiya Keisaku fufu bohi,精神医学教室旧蔵ガラス乾板,日本語,静止画資料,撮影者不明,,,,,1926年以前,小キャビネ,解説: 掲載: 二宮敬作夫婦の墓表(長崎の晧臺寺)、その側面)--『シーボルト先生 : 其生涯及功業』第百九十二図(合致せず。裏面あるいは別の側面か。愛媛県西宇和市宇和町にも墓碑あり)|状態: 紙片張り付きのあと|現秩序no.: 6|紙焼き記載no.: A22,,,http://tify.sub.uni-goettingen.de/demo.html?manifest=https://archdataset.dl.itc.u-tokyo.ac.jp/manifest/8c6d3817-96df-3b8b-1a8f-0230f06c5300.json,8c6d3817-96df-3b8b-1a8f-0230f06c5300,https://iiif.dl.itc.u-tokyo.ac.jp/repo/s/medlib/,https://iiif.dl.itc.u-tokyo.ac.jp/repo/s/medlib/document/8c6d3817-96df-3b8b-1a8f-0230f06c5300,https://www.lib.u-tokyo.ac.jp/ja/library/contents/archives-top/reuse,https://iiif.dl.itc.u-tokyo.ac.jp/repo/files/medium/f39d59138f4a4f5c6e944a0d3e0ef7d5d3eaa6e6.jpg,https://iiif.dl.itc.u-tokyo.ac.jp/repo/api/items/1380059,"東京大学医学図書館 Medical Library, The University of Tokyo, JAPAN",http://iiif.io/api/presentation/2#rightToLeftDirection,,医学図書館デジタル史料室,0006,,https://iiif.dl.itc.u-tokyo.ac.jp/repo/iiif/8c6d3817-96df-3b8b-1a8f-0230f06c5300/manifest,,,,,1
顔見世座附引合図,カオミセ ザツキ ヒキアイズ|Kaomise zatsuki hikiaizu,精神医学教室旧蔵ガラス乾板,日本語,静止画資料,撮影者不明,,,,,不明,小キャビネ,解説: 『戯塲樂屋圖會(しばいがくやずえ)』(寛政12年(1800)刊)|状態: 割れ、欠損あり|現秩序no.: 7|紙焼き記載no.: A21,,,http://tify.sub.uni-goettingen.de/demo.html?manifest=https://archdataset.dl.itc.u-tokyo.ac.jp/manifest/1f94fd5f-3115-3610-0e96-a0dc731a192a.json,1f94fd5f-3115-3610-0e96-a0dc731a192a,https://iiif.dl.itc.u-tokyo.ac.jp/repo/s/medlib/,https://iiif.dl.itc.u-tokyo.ac.jp/repo/s/medlib/document/1f94fd5f-3115-3610-0e96-a0dc731a192a,https://www.lib.u-tokyo.ac.jp/ja/library/contents/archives-top/reuse,https://iiif.dl.itc.u-tokyo.ac.jp/repo/files/medium/bc1a67464f287801fece16a04ca70a49aaea23da.jpg,https://iiif.dl.itc.u-tokyo.ac.jp/repo/api/items/1380060,"東京大学医学図書館 Medical Library, The University of Tokyo, JAPAN",http://iiif.io/api/presentation/2#rightToLeftDirection,,医学図書館デジタル史料室,0007,,https://iiif.dl.itc.u-tokyo.ac.jp/repo/iiif/1f94fd5f-3115-3610-0e96-a0dc731a192a/manifest,,,,,1
オランダ使節団の行列a,オランダ シセツダン ノ ギョウレツ|Oranda Shisetsudan no gyoretsu,精神医学教室旧蔵ガラス乾板,日本語,静止画資料,撮影者不明,,,,,1926年以前,小キャビネ,解説: オランダ使節団の行列(『日本』II第4図)掲載: シーボルト先生の一行が大村灣を過ぐる圖(シーボルト先生著書(日本)所載) --『シーボルト先生 : 其生涯及功業』第百五十二図。no.17と同一。|状態: ガラス面に付着物あり|現秩序no.: 8|紙焼き記載no.: A20,,,http://tify.sub.uni-goettingen.de/demo.html?manifest=https://archdataset.dl.itc.u-tokyo.ac.jp/manifest/3d5479c9-a32d-3ac4-6c24-785d852d040e.json,3d5479c9-a32d-3ac4-6c24-785d852d040e,https://iiif.dl.itc.u-tokyo.ac.jp/repo/s/medlib/,https://iiif.dl.itc.u-tokyo.ac.jp/repo/s/medlib/document/3d5479c9-a32d-3ac4-6c24-785d852d040e,https://www.lib.u-tokyo.ac.jp/ja/library/contents/archives-top/reuse,https://iiif.dl.itc.u-tokyo.ac.jp/repo/files/medium/59eef883c3f630436a70ed666259cef0aba0e2d3.jpg,https://iiif.dl.itc.u-tokyo.ac.jp/repo/api/items/1380061,"東京大学医学図書館 Medical Library, The University of Tokyo, JAPAN",http://iiif.io/api/presentation/2#rightToLeftDirection,,医学図書館デジタル史料室,0008,,https://iiif.dl.itc.u-tokyo.ac.jp/repo/iiif/3d5479c9-a32d-3ac4-6c24-785d852d040e/manifest,,,,,1
昭和19年精神医学教室 a,ショウワ 19ネン セイシン イガク キョウシツ|Showa 19nen Seishin Igaku Kyoshitsu,精神医学教室旧蔵ガラス乾板,,静止画資料,撮影者不明,,,,,1944年,小キャビネ,解説: 掲載: 昭和19年第2次大戦中の精神医学教室。今はなき南研究棟北側の車寄せにて。前列中央[左側から3番目]に内村裕之教授。--『東京大学精神医学教室120年』p184。no.11と同場面。|状態: 剥離あり|現秩序no.: 9|紙焼き記載no.: A19,,,http://tify.sub.uni-goettingen.de/demo.html?manifest=https://archdataset.dl.itc.u-tokyo.ac.jp/manifest/f6a2f90d-4e0b-6dc0-4323-6b9281a3673c.json,f6a2f90d-4e0b-6dc0-4323-6b9281a3673c,https://iiif.dl.itc.u-tokyo.ac.jp/repo/s/medlib/,https://iiif.dl.itc.u-tokyo.ac.jp/repo/s/medlib/document/f6a2f90d-4e0b-6dc0-4323-6b9281a3673c,https://www.lib.u-tokyo.ac.jp/ja/library/contents/archives-top/reuse,https://iiif.dl.itc.u-tokyo.ac.jp/repo/files/medium/2db10acc1cdf6be1a2b9b567773d6a764292d065.jpg,https://iiif.dl.itc.u-tokyo.ac.jp/repo/api/items/1380062,"東京大学医学図書館 Medical Library, The University of Tokyo, JAPAN",http://iiif.io/api/presentation/2#rightToLeftDirection,,医学図書館デジタル史料室,0009,,https://iiif.dl.itc.u-tokyo.ac.jp/repo/iiif/f6a2f90d-4e0b-6dc0-4323-6b9281a3673c/manifest,,,,,1
扶氏経験遺訓 1-3巻,フシケイケンイクン|Fushikeiken'ikun,古典籍コレクション [医学図書館],日本語,,扶歇蘭度(フーフェランド)原著|緒方洪庵 等訳,,,,安政4年,,11冊 26cm,請求記号: HR:105、HR:106 附録、HR:110 薬方|資料解説: C. W. Hufeland (独 1762-1836) 「 Enchiridion medicum oder Anleitung zur medicinischen Praxis 」 の一部分を訳した。江戸時代の刊本西洋内科書として最も完備したものとされている。 訳者の緒方洪庵は、西洋医学所(種痘所の改称)の2代目頭取を務めた。|刊年2: 1857,,,http://tify.sub.uni-goettingen.de/demo.html?manifest=https://archdataset.dl.itc.u-tokyo.ac.jp/manifest/3ce0a72f-5fe9-49b7-8d8a-4ae24668407c.json,3ce0a72f-5fe9-49b7-8d8a-4ae24668407c,https://iiif.dl.itc.u-tokyo.ac.jp/repo/s/medlib,https://iiif.dl.itc.u-tokyo.ac.jp/repo/s/medlib/document/3ce0a72f-5fe9-49b7-8d8a-4ae24668407c,https://www.lib.u-tokyo.ac.jp/ja/library/contents/archives-top/reuse,https://iiif.dl.itc.u-tokyo.ac.jp/repo/files/medium/8c74f46ea692dff0630860418c9d41382d00de34.jpg,https://iiif.dl.itc.u-tokyo.ac.jp/repo/api/items/612075,"東京大学医学図書館 Medical Library, The University of Tokyo, JAPAN",http://iiif.io/api/presentation/2#rightToLeftDirection,,医学図書館デジタル史料室,001,,https://iiif.dl.itc.u-tokyo.ac.jp/repo/iiif/3ce0a72f-5fe9-49b7-8d8a-4ae24668407c/manifest,,,,,79
[家族写真],カゾク シャシン|Kazoku shashin,精神医学教室旧蔵ガラス乾板,,静止画資料,撮影者不明,,,,,不明,小キャビネ,"解説: 家族の記念撮影と思われる。男性は昭和19年精神医学教室(no.8,11)後列右端と同一人物か。|状態: 剥離あり、銀鏡化|現秩序no.: 10|紙焼き記載no.: A18",,,http://tify.sub.uni-goettingen.de/demo.html?manifest=https://archdataset.dl.itc.u-tokyo.ac.jp/manifest/2b21667d-4cfe-6c73-377e-59cafb4e2c78.json,2b21667d-4cfe-6c73-377e-59cafb4e2c78,https://iiif.dl.itc.u-tokyo.ac.jp/repo/s/medlib/,https://iiif.dl.itc.u-tokyo.ac.jp/repo/s/medlib/document/2b21667d-4cfe-6c73-377e-59cafb4e2c78,https://www.lib.u-tokyo.ac.jp/ja/library/contents/archives-top/reuse,https://iiif.dl.itc.u-tokyo.ac.jp/repo/files/medium/5ef336572308dde4fa2b56099ecfb0e20a9401ab.jpg,https://iiif.dl.itc.u-tokyo.ac.jp/repo/api/items/1380063,"東京大学医学図書館 Medical Library, The University of Tokyo, JAPAN",http://iiif.io/api/presentation/2#rightToLeftDirection,,医学図書館デジタル史料室,0010,,https://iiif.dl.itc.u-tokyo.ac.jp/repo/iiif/2b21667d-4cfe-6c73-377e-59cafb4e2c78/manifest,,,,,1
昭和19年精神医学教室 b,ショウワ 19ネン セイシン イガク キョウシツ|Showa 19nen Seishin Igaku Kyoshitsu,精神医学教室旧蔵ガラス乾板,,静止画資料,撮影者不明,,,,,1944年,小キャビネ,解説: 掲載: 昭和19年第2次大戦中の精神医学教室。今はなき南研究棟北側の車寄せにて。前列中央[左側から3番目]に内村裕之教授。--『東京大学精神医学教室120年』p184。no.9と同場面。|状態: 疵あり、銀鏡化|現秩序no.: 11|紙焼き記載no.: 紙焼き写真なし,,,http://tify.sub.uni-goettingen.de/demo.html?manifest=https://archdataset.dl.itc.u-tokyo.ac.jp/manifest/15dd803e-8bab-555e-9cb3-3cfb789b28df.json,15dd803e-8bab-555e-9cb3-3cfb789b28df,https://iiif.dl.itc.u-tokyo.ac.jp/repo/s/medlib/,https://iiif.dl.itc.u-tokyo.ac.jp/repo/s/medlib/document/15dd803e-8bab-555e-9cb3-3cfb789b28df,https://www.lib.u-tokyo.ac.jp/ja/library/contents/archives-top/reuse,https://iiif.dl.itc.u-tokyo.ac.jp/repo/files/medium/c3a12d494ad997621f4bca7c4d5221e32042caeb.jpg,https://iiif.dl.itc.u-tokyo.ac.jp/repo/api/items/1380064,"東京大学医学図書館 Medical Library, The University of Tokyo, JAPAN",http://iiif.io/api/presentation/2#rightToLeftDirection,,医学図書館デジタル史料室,0011,,https://iiif.dl.itc.u-tokyo.ac.jp/repo/iiif/15dd803e-8bab-555e-9cb3-3cfb789b28df/manifest,,,,,1
[軍人写真] a,グンジン シャシン|Gunjin shashin,精神医学教室旧蔵ガラス乾板,,静止画資料,撮影者不明,,,,,不明,小キャビネ,解説: 軍人の肖像写真。背景は撮影関係の機器やフィルム等が収納された部屋。no.12と同場面|状態: 剥離あり、銀鏡化|現秩序no.: 12|紙焼き記載no.: A15,,,http://tify.sub.uni-goettingen.de/demo.html?manifest=https://archdataset.dl.itc.u-tokyo.ac.jp/manifest/f6bfa6e6-7ea9-21b0-0edc-edab5f21447a.json,f6bfa6e6-7ea9-21b0-0edc-edab5f21447a,https://iiif.dl.itc.u-tokyo.ac.jp/repo/s/medlib/,https://iiif.dl.itc.u-tokyo.ac.jp/repo/s/medlib/document/f6bfa6e6-7ea9-21b0-0edc-edab5f21447a,https://www.lib.u-tokyo.ac.jp/ja/library/contents/archives-top/reuse,https://iiif.dl.itc.u-tokyo.ac.jp/repo/files/medium/f1f19e99653643c76d12941ec0355dd0de04c482.jpg,https://iiif.dl.itc.u-tokyo.ac.jp/repo/api/items/1380065,"東京大学医学図書館 Medical Library, The University of Tokyo, JAPAN",http://iiif.io/api/presentation/2#rightToLeftDirection,,医学図書館デジタル史料室,0012,,https://iiif.dl.itc.u-tokyo.ac.jp/repo/iiif/f6bfa6e6-7ea9-21b0-0edc-edab5f21447a/manifest,,,,,1
[軍人写真] b,グンジン シャシン|Gunjin shashin,精神医学教室旧蔵ガラス乾板,,静止画資料,撮影者不明,,,,,不明,小キャビネ,解説: 軍人の肖像写真。背景は撮影関係の機器やフィルム等が収納された部屋。no.11と同場面|状態: 銀鏡化|現秩序no.: 13|紙焼き記載no.: A14,,,http://tify.sub.uni-goettingen.de/demo.html?manifest=https://archdataset.dl.itc.u-tokyo.ac.jp/manifest/8e8312e2-8a52-01a6-46d1-81980df845ad.json,8e8312e2-8a52-01a6-46d1-81980df845ad,https://iiif.dl.itc.u-tokyo.ac.jp/repo/s/medlib/,https://iiif.dl.itc.u-tokyo.ac.jp/repo/s/medlib/document/8e8312e2-8a52-01a6-46d1-81980df845ad,https://www.lib.u-tokyo.ac.jp/ja/library/contents/archives-top/reuse,https://iiif.dl.itc.u-tokyo.ac.jp/repo/files/medium/d588e21369807d32a29a30917fd30a6ea1838f6a.jpg,https://iiif.dl.itc.u-tokyo.ac.jp/repo/api/items/1380066,"東京大学医学図書館 Medical Library, The University of Tokyo, JAPAN",http://iiif.io/api/presentation/2#rightToLeftDirection,,医学図書館デジタル史料室,0013,,https://iiif.dl.itc.u-tokyo.ac.jp/repo/iiif/8e8312e2-8a52-01a6-46d1-81980df845ad/manifest,,,,,1
シーボルトの別荘(ライデン気候馴化園),シーボルト ノ ベッソウ ライデン キコウ ジュンカエン|Shiboruto no besso Raiden Kiko Junkaen,精神医学教室旧蔵ガラス乾板,日本語,静止画資料,撮影者不明,,,,,1926年以前,小キャビネ,解説: 掲載: シーボルト先生の気候馴化園内なる「日本」と云へる別荘 --『シーボルト先生 : 其生涯及功業』第百十一図。|現秩序no.: 14|紙焼き記載no.: C14,,,http://tify.sub.uni-goettingen.de/demo.html?manifest=https://archdataset.dl.itc.u-tokyo.ac.jp/manifest/28e94e84-76ab-95be-4658-01311b7843f2.json,28e94e84-76ab-95be-4658-01311b7843f2,https://iiif.dl.itc.u-tokyo.ac.jp/repo/s/medlib/,https://iiif.dl.itc.u-tokyo.ac.jp/repo/s/medlib/document/28e94e84-76ab-95be-4658-01311b7843f2,https://www.lib.u-tokyo.ac.jp/ja/library/contents/archives-top/reuse,https://iiif.dl.itc.u-tokyo.ac.jp/repo/files/medium/7e0df938d389a9281c5693ee73647c46feccec8f.jpg,https://iiif.dl.itc.u-tokyo.ac.jp/repo/api/items/1380067,"東京大学医学図書館 Medical Library, The University of Tokyo, JAPAN",http://iiif.io/api/presentation/2#rightToLeftDirection,,医学図書館デジタル史料室,0014,,https://iiif.dl.itc.u-tokyo.ac.jp/repo/iiif/28e94e84-76ab-95be-4658-01311b7843f2/manifest,,,,,1
鳴滝塾,ナルタキジュク|Narutakijuku,精神医学教室旧蔵ガラス乾板,日本語,静止画資料,撮影者不明,,,,,1926年以前,小キャビネ,解説: 掲載: 鳴滝に於けるシーボルト先生の塾舎(アレキサンデル・フォン・シーボルトの「シーボルト先生第二次日本行記」に所載) --『シーボルト先生 : 其生涯及功業』第四十三図|現秩序no.: 15|紙焼き記載no.: A13,,,http://tify.sub.uni-goettingen.de/demo.html?manifest=https://archdataset.dl.itc.u-tokyo.ac.jp/manifest/0858106a-6802-301f-78fb-2dad9a041aaf.json,0858106a-6802-301f-78fb-2dad9a041aaf,https://iiif.dl.itc.u-tokyo.ac.jp/repo/s/medlib/,https://iiif.dl.itc.u-tokyo.ac.jp/repo/s/medlib/document/0858106a-6802-301f-78fb-2dad9a041aaf,https://www.lib.u-tokyo.ac.jp/ja/library/contents/archives-top/reuse,https://iiif.dl.itc.u-tokyo.ac.jp/repo/files/medium/9a16999a135d12555ec891f992cce639737f5623.jpg,https://iiif.dl.itc.u-tokyo.ac.jp/repo/api/items/1380068,"東京大学医学図書館 Medical Library, The University of Tokyo, JAPAN",http://iiif.io/api/presentation/2#rightToLeftDirection,,医学図書館デジタル史料室,0015,,https://iiif.dl.itc.u-tokyo.ac.jp/repo/iiif/0858106a-6802-301f-78fb-2dad9a041aaf/manifest,,,,,1
シーボルト写真(1859年),シーボルト シャシン 1859ネン|Shiboruto shashin 1859nen,精神医学教室旧蔵ガラス乾板,,静止画資料,撮影者不明,,,,,1926年以前,小キャビネ,解説: 掲載: シーボルト先生再渡來當時の寫眞(一八五九年) --『シーボルト先生 : 其生涯及功業』第百二十六図。|状態: カビ多|現秩序no.: 16|紙焼き記載no.: A12,,,http://tify.sub.uni-goettingen.de/demo.html?manifest=https://archdataset.dl.itc.u-tokyo.ac.jp/manifest/1d943203-1710-5878-0363-212818333837.json,1d943203-1710-5878-0363-212818333837,https://iiif.dl.itc.u-tokyo.ac.jp/repo/s/medlib/,https://iiif.dl.itc.u-tokyo.ac.jp/repo/s/medlib/document/1d943203-1710-5878-0363-212818333837,https://www.lib.u-tokyo.ac.jp/ja/library/contents/archives-top/reuse,https://iiif.dl.itc.u-tokyo.ac.jp/repo/files/medium/ed7cc32d1600329b47725cb89d9692b405676e4c.jpg,https://iiif.dl.itc.u-tokyo.ac.jp/repo/api/items/1380069,"東京大学医学図書館 Medical Library, The University of Tokyo, JAPAN",http://iiif.io/api/presentation/2#rightToLeftDirection,,医学図書館デジタル史料室,0016,,https://iiif.dl.itc.u-tokyo.ac.jp/repo/iiif/1d943203-1710-5878-0363-212818333837/manifest,,,,,1
オランダ使節団の行列b,オランダ シセツダン ノ ギョウレツ|Oranda Shisetsudan no gyoretsu,精神医学教室旧蔵ガラス乾板,,静止画資料,撮影者不明,,,,,1926年以前,小キャビネ,解説: オランダ使節団の行列(『日本』II第4図)掲載: シーボルト先生の一行が大村灣を過ぐる圖(シーボルト先生著書(日本)所載) --『シーボルト先生 : 其生涯及功業』第百五十二図。no.8と同一。|加工: マスキング|現秩序no.: 17|紙焼き記載no.: A11,,,http://tify.sub.uni-goettingen.de/demo.html?manifest=https://archdataset.dl.itc.u-tokyo.ac.jp/manifest/dd2429d1-0f79-113c-92f1-72a09a50210b.json,dd2429d1-0f79-113c-92f1-72a09a50210b,https://iiif.dl.itc.u-tokyo.ac.jp/repo/s/medlib/,https://iiif.dl.itc.u-tokyo.ac.jp/repo/s/medlib/document/dd2429d1-0f79-113c-92f1-72a09a50210b,https://www.lib.u-tokyo.ac.jp/ja/library/contents/archives-top/reuse,https://iiif.dl.itc.u-tokyo.ac.jp/repo/files/medium/0d224512dc076dcdffe2e7afd2470058460f077b.jpg,https://iiif.dl.itc.u-tokyo.ac.jp/repo/api/items/1380070,"東京大学医学図書館 Medical Library, The University of Tokyo, JAPAN",http://iiif.io/api/presentation/2#rightToLeftDirection,,医学図書館デジタル史料室,0017,,https://iiif.dl.itc.u-tokyo.ac.jp/repo/iiif/dd2429d1-0f79-113c-92f1-72a09a50210b/manifest,,,,,1
出島図,デジマ ズ|Dejima zu,精神医学教室旧蔵ガラス乾板,オランダ語,静止画資料,撮影者不明,,,,,1926年以前,小キャビネ,解説: 掲載: 出島の図(シーボルト先生「日本」所載)--『シーボルト先生 : 其生涯及功業』第二十九図|加工: マスキング(はがれかけ)|現秩序no.: 18|紙焼き記載no.: A10,,,http://tify.sub.uni-goettingen.de/demo.html?manifest=https://archdataset.dl.itc.u-tokyo.ac.jp/manifest/60a5f018-5125-4723-518a-2874b35b644b.json,60a5f018-5125-4723-518a-2874b35b644b,https://iiif.dl.itc.u-tokyo.ac.jp/repo/s/medlib/,https://iiif.dl.itc.u-tokyo.ac.jp/repo/s/medlib/document/60a5f018-5125-4723-518a-2874b35b644b,https://www.lib.u-tokyo.ac.jp/ja/library/contents/archives-top/reuse,https://iiif.dl.itc.u-tokyo.ac.jp/repo/files/medium/4e4f88b9162844b58dbf7d4fc14ff1b02b7d4e9a.jpg,https://iiif.dl.itc.u-tokyo.ac.jp/repo/api/items/1380071,"東京大学医学図書館 Medical Library, The University of Tokyo, JAPAN",http://iiif.io/api/presentation/2#rightToLeftDirection,,医学図書館デジタル史料室,0018,,https://iiif.dl.itc.u-tokyo.ac.jp/repo/iiif/60a5f018-5125-4723-518a-2874b35b644b/manifest,,,,,1
其扇肖像,ソノギ ショウゾウ|Sonogi shozo,精神医学教室旧蔵ガラス乾板,オランダ語,静止画資料,撮影者不明,,,,,1926年以前,小キャビネ,解説: 掲載: 其扇の像(シーボルト先生「日本」所載)--『シーボルト先生 : 其生涯及功業』第百三図|現秩序no.: 19|紙焼き記載no.: A9,,,http://tify.sub.uni-goettingen.de/demo.html?manifest=https://archdataset.dl.itc.u-tokyo.ac.jp/manifest/04b20ab9-38f7-a707-63b1-325a09ab5b12.json,04b20ab9-38f7-a707-63b1-325a09ab5b12,https://iiif.dl.itc.u-tokyo.ac.jp/repo/s/medlib/,https://iiif.dl.itc.u-tokyo.ac.jp/repo/s/medlib/document/04b20ab9-38f7-a707-63b1-325a09ab5b12,https://www.lib.u-tokyo.ac.jp/ja/library/contents/archives-top/reuse,https://iiif.dl.itc.u-tokyo.ac.jp/repo/files/medium/da56b97d8f44381bc712f67174b66ff550563d85.jpg,https://iiif.dl.itc.u-tokyo.ac.jp/repo/api/items/1380072,"東京大学医学図書館 Medical Library, The University of Tokyo, JAPAN",http://iiif.io/api/presentation/2#rightToLeftDirection,,医学図書館デジタル史料室,0019,,https://iiif.dl.itc.u-tokyo.ac.jp/repo/iiif/04b20ab9-38f7-a707-63b1-325a09ab5b12/manifest,,,,,1
扶氏経験遺訓 4-7巻,フシケイケンイクン|Fushikeiken'ikun,古典籍コレクション [医学図書館],日本語,,扶歇蘭度(フーフェランド)原著|緒方洪庵 等訳,,,,安政4年,,11冊 26cm,請求記号: HR:105、HR:106 附録、HR:110 薬方|資料解説: C. W. Hufeland (独 1762-1836) 「 Enchiridion medicum oder Anleitung zur medicinischen Praxis 」 の一部分を訳した。江戸時代の刊本西洋内科書として最も完備したものとされている。 訳者の緒方洪庵は、西洋医学所(種痘所の改称)の2代目頭取を務めた。|刊年2: 1857,,,http://tify.sub.uni-goettingen.de/demo.html?manifest=https://archdataset.dl.itc.u-tokyo.ac.jp/manifest/ad8dc6d2-642b-43fa-905a-d95c3437d0fe.json,ad8dc6d2-642b-43fa-905a-d95c3437d0fe,https://iiif.dl.itc.u-tokyo.ac.jp/repo/s/medlib,https://iiif.dl.itc.u-tokyo.ac.jp/repo/s/medlib/document/ad8dc6d2-642b-43fa-905a-d95c3437d0fe,https://www.lib.u-tokyo.ac.jp/ja/library/contents/archives-top/reuse,https://iiif.dl.itc.u-tokyo.ac.jp/repo/files/medium/64a143cc0d6bb622f97b3133ff59a58eef02bda8.jpg,https://iiif.dl.itc.u-tokyo.ac.jp/repo/api/items/612074,"東京大学医学図書館 Medical Library, The University of Tokyo, JAPAN",http://iiif.io/api/presentation/2#rightToLeftDirection,,医学図書館デジタル史料室,002,,https://iiif.dl.itc.u-tokyo.ac.jp/repo/iiif/ad8dc6d2-642b-43fa-905a-d95c3437d0fe/manifest,,,,,105
『日本植物志』扉,ニホン ショクブツシ トビラ|Nihon Shokubutsushi tobira,精神医学教室旧蔵ガラス乾板,フランス語,静止画資料,撮影者不明,,,,,1926年以前,小キャビネ,解説: HOMMAGE ANNE PAULOWNA. 掲載: 日本植物志の扉(パウロウナ妃殿下に捧ぐと記す)--『シーボルト先生 : 其生涯及功業』第百六十九図。|加工: マスキング|現秩序no.: 20|紙焼き記載no.: A8,,,http://tify.sub.uni-goettingen.de/demo.html?manifest=https://archdataset.dl.itc.u-tokyo.ac.jp/manifest/5c6cef58-2c1f-9573-3cd3-8eecfc8334a1.json,5c6cef58-2c1f-9573-3cd3-8eecfc8334a1,https://iiif.dl.itc.u-tokyo.ac.jp/repo/s/medlib/,https://iiif.dl.itc.u-tokyo.ac.jp/repo/s/medlib/document/5c6cef58-2c1f-9573-3cd3-8eecfc8334a1,https://www.lib.u-tokyo.ac.jp/ja/library/contents/archives-top/reuse,https://iiif.dl.itc.u-tokyo.ac.jp/repo/files/medium/44969b846dde990d8734f5d5d40d2339c5583b3b.jpg,https://iiif.dl.itc.u-tokyo.ac.jp/repo/api/items/1380073,"東京大学医学図書館 Medical Library, The University of Tokyo, JAPAN",http://iiif.io/api/presentation/2#rightToLeftDirection,,医学図書館デジタル史料室,0020,,https://iiif.dl.itc.u-tokyo.ac.jp/repo/iiif/5c6cef58-2c1f-9573-3cd3-8eecfc8334a1/manifest,,,,,1
サンショウウオ/Salamandr Maxima,サンショウウオ|Sanshouo,精神医学教室旧蔵ガラス乾板,ラテン語,静止画資料,撮影者不明,,,,,不明,小キャビネ,解説: 掲載: 『日本動物誌』3巻 哺乳類/爬虫類 (”Fauna Japonica” 3: Mammalia Reptilla)|加工: マスキング(左辺・右辺は剥がれている)|現秩序no.: 21|紙焼き記載no.: A7,,,http://tify.sub.uni-goettingen.de/demo.html?manifest=https://archdataset.dl.itc.u-tokyo.ac.jp/manifest/ffa61ca3-1171-3564-2cc0-38bd78ca9239.json,ffa61ca3-1171-3564-2cc0-38bd78ca9239,https://iiif.dl.itc.u-tokyo.ac.jp/repo/s/medlib/,https://iiif.dl.itc.u-tokyo.ac.jp/repo/s/medlib/document/ffa61ca3-1171-3564-2cc0-38bd78ca9239,https://www.lib.u-tokyo.ac.jp/ja/library/contents/archives-top/reuse,https://iiif.dl.itc.u-tokyo.ac.jp/repo/files/medium/ebeb87632a48098feac8e1537664e80571d8eedd.jpg,https://iiif.dl.itc.u-tokyo.ac.jp/repo/api/items/1380074,"東京大学医学図書館 Medical Library, The University of Tokyo, JAPAN",http://iiif.io/api/presentation/2#rightToLeftDirection,,医学図書館デジタル史料室,0021,,https://iiif.dl.itc.u-tokyo.ac.jp/repo/iiif/ffa61ca3-1171-3564-2cc0-38bd78ca9239/manifest,,,,,1
最上徳内肖像,モガミ トクナイ ショウゾウ|Mogami Tokunai shozo,精神医学教室旧蔵ガラス乾板,日本語,静止画資料,撮影者不明,,,,,1926年以前,小キャビネ,解説: 掲載: 最上徳内の肖像(シーボルト先生の著作「日本」に出づ)--『シーボルト先生 : 其生涯及功業』第二百四十六図|状態: 剥離あり|現秩序no.: 22|紙焼き記載no.: A6,,,http://tify.sub.uni-goettingen.de/demo.html?manifest=https://archdataset.dl.itc.u-tokyo.ac.jp/manifest/294ee0ce-6f99-79f9-470f-2da160df15c2.json,294ee0ce-6f99-79f9-470f-2da160df15c2,https://iiif.dl.itc.u-tokyo.ac.jp/repo/s/medlib/,https://iiif.dl.itc.u-tokyo.ac.jp/repo/s/medlib/document/294ee0ce-6f99-79f9-470f-2da160df15c2,https://www.lib.u-tokyo.ac.jp/ja/library/contents/archives-top/reuse,https://iiif.dl.itc.u-tokyo.ac.jp/repo/files/medium/68ee01f7c461ed3b91d0502741bd29c120b48fff.jpg,https://iiif.dl.itc.u-tokyo.ac.jp/repo/api/items/1380075,"東京大学医学図書館 Medical Library, The University of Tokyo, JAPAN",http://iiif.io/api/presentation/2#rightToLeftDirection,,医学図書館デジタル史料室,0022,,https://iiif.dl.itc.u-tokyo.ac.jp/repo/iiif/294ee0ce-6f99-79f9-470f-2da160df15c2/manifest,,,,,1
新宮涼庭画像,シングウ リョウテイ ガゾウ|Shingu Ryotei gazo,精神医学教室旧蔵ガラス乾板,,静止画資料,撮影者不明,,,,,1926年以前,小キャビネ,解説: 掲載: 新宮涼庭の画像(呉秀三藏)--『シーボルト先生 : 其生涯及功業』第二百五十四図|加工: マスキング|現秩序no.: 23|紙焼き記載no.: A5,,,http://tify.sub.uni-goettingen.de/demo.html?manifest=https://archdataset.dl.itc.u-tokyo.ac.jp/manifest/a35a98f0-32bc-4284-08e2-a8431def2546.json,a35a98f0-32bc-4284-08e2-a8431def2546,https://iiif.dl.itc.u-tokyo.ac.jp/repo/s/medlib/,https://iiif.dl.itc.u-tokyo.ac.jp/repo/s/medlib/document/a35a98f0-32bc-4284-08e2-a8431def2546,https://www.lib.u-tokyo.ac.jp/ja/library/contents/archives-top/reuse,https://iiif.dl.itc.u-tokyo.ac.jp/repo/files/medium/11047a531c28a58986dad9bf5c730a98b140769c.jpg,https://iiif.dl.itc.u-tokyo.ac.jp/repo/api/items/1380076,"東京大学医学図書館 Medical Library, The University of Tokyo, JAPAN",http://iiif.io/api/presentation/2#rightToLeftDirection,,医学図書館デジタル史料室,0023,,https://iiif.dl.itc.u-tokyo.ac.jp/repo/iiif/a35a98f0-32bc-4284-08e2-a8431def2546/manifest,,,,,1
水谷豊文写生莨菪図、伊藤圭介記述同由来記,ミズタニ ホウブン シャセイ ハシリドコロ ズ イトウ ケイスケ キジュツ ドウ ユライキ|Mizutani Hobun shasei hashidokoro zu Ito Keisuke kijutsu do yuraiki,精神医学教室旧蔵ガラス乾板,日本語,静止画資料,撮影者不明|水谷豊文|伊藤圭介,"ミズタニ ホウブン, イトウ ケイスケ",,,,1926年以前,小キャビネ,解説: 掲載: 水谷豊文写生の莨菪図、伊藤圭介の識せる同由来記(仙臺伊藤篤太郞君藏)--『シーボルト先生 : 其生涯及功業』第二百四十九図|加工: マスキング(中央横にもあり)|現秩序no.: 24|紙焼き記載no.: A4,,,http://tify.sub.uni-goettingen.de/demo.html?manifest=https://archdataset.dl.itc.u-tokyo.ac.jp/manifest/6eabb528-3155-61b8-9cbf-f16d7f1d3f7a.json,6eabb528-3155-61b8-9cbf-f16d7f1d3f7a,https://iiif.dl.itc.u-tokyo.ac.jp/repo/s/medlib/,https://iiif.dl.itc.u-tokyo.ac.jp/repo/s/medlib/document/6eabb528-3155-61b8-9cbf-f16d7f1d3f7a,https://www.lib.u-tokyo.ac.jp/ja/library/contents/archives-top/reuse,https://iiif.dl.itc.u-tokyo.ac.jp/repo/files/medium/c38cfe4f29299549f63dc8ef2f439a80059af616.jpg,https://iiif.dl.itc.u-tokyo.ac.jp/repo/api/items/1380077,"東京大学医学図書館 Medical Library, The University of Tokyo, JAPAN",http://iiif.io/api/presentation/2#rightToLeftDirection,,医学図書館デジタル史料室,0024,,https://iiif.dl.itc.u-tokyo.ac.jp/repo/iiif/6eabb528-3155-61b8-9cbf-f16d7f1d3f7a/manifest,,,,,1
土生玄碩書,ハブ ゲンセキ ショ|Habu Genseki sho,精神医学教室旧蔵ガラス乾板,日本語,静止画資料,撮影者不明|土生玄碩,ハブ ゲンセキ,,,,1926年以前,小キャビネ,解説: 掲載: 土生玄碩筆蹟(内田正君藏)--『シーボルト先生 : 其生涯及功業』第二百四十八図、『土生玄碩先生第百五十年記念會贈位祝典記事』|加工: マスキング|状態: 割れあり(テープで補修)|現秩序no.: 25|紙焼き記載no.: A3,,,http://tify.sub.uni-goettingen.de/demo.html?manifest=https://archdataset.dl.itc.u-tokyo.ac.jp/manifest/b9fcc320-4652-3940-6768-3984ef651a47.json,b9fcc320-4652-3940-6768-3984ef651a47,https://iiif.dl.itc.u-tokyo.ac.jp/repo/s/medlib/,https://iiif.dl.itc.u-tokyo.ac.jp/repo/s/medlib/document/b9fcc320-4652-3940-6768-3984ef651a47,https://www.lib.u-tokyo.ac.jp/ja/library/contents/archives-top/reuse,https://iiif.dl.itc.u-tokyo.ac.jp/repo/files/medium/0131fb9ec1a9210ddb16738299305a3c79fef9f0.jpg,https://iiif.dl.itc.u-tokyo.ac.jp/repo/api/items/1380078,"東京大学医学図書館 Medical Library, The University of Tokyo, JAPAN",http://iiif.io/api/presentation/2#rightToLeftDirection,,医学図書館デジタル史料室,0025,,https://iiif.dl.itc.u-tokyo.ac.jp/repo/iiif/b9fcc320-4652-3940-6768-3984ef651a47/manifest,,,,,1
土生玄昌書,ハブ ゲンショウ ショ|Habu Gensho sho,精神医学教室旧蔵ガラス乾板,日本語,静止画資料,撮影者不明|土生玄昌,ハブ ゲンショウ,,,,1926年以前,小キャビネ,解説: 掲載: 土生玄昌の書(東京土生敦君旧藏)--『シーボルト先生 : 其生涯及功業』第二百五十図|加工: マスキング|現秩序no.: 26|紙焼き記載no.: A2,,,http://tify.sub.uni-goettingen.de/demo.html?manifest=https://archdataset.dl.itc.u-tokyo.ac.jp/manifest/c2536931-9500-5c1a-5379-32e4b61e58e0.json,c2536931-9500-5c1a-5379-32e4b61e58e0,https://iiif.dl.itc.u-tokyo.ac.jp/repo/s/medlib/,https://iiif.dl.itc.u-tokyo.ac.jp/repo/s/medlib/document/c2536931-9500-5c1a-5379-32e4b61e58e0,https://www.lib.u-tokyo.ac.jp/ja/library/contents/archives-top/reuse,https://iiif.dl.itc.u-tokyo.ac.jp/repo/files/medium/4c27ddaae7e2e5b5ad836fa843ffc73863b12866.jpg,https://iiif.dl.itc.u-tokyo.ac.jp/repo/api/items/1380079,"東京大学医学図書館 Medical Library, The University of Tokyo, JAPAN",http://iiif.io/api/presentation/2#rightToLeftDirection,,医学図書館デジタル史料室,0026,,https://iiif.dl.itc.u-tokyo.ac.jp/repo/iiif/c2536931-9500-5c1a-5379-32e4b61e58e0/manifest,,,,,1
”Mémoire sur les espèces du genre Lis”標題紙,ヒョウダイシ|Mémoire sur les spèces du genre Lis hyodaishi,精神医学教室旧蔵ガラス乾板,フランス語,静止画資料,撮影者不明,,,,,1926年以前,小キャビネ,解説: 印記: 外務省印信、しいぼると氏献納、帝國博物館圖書。掲載: 帝室博物館其他に於けるシーボルト先生手澤本--『シーボルト先生 : 其生涯及功業』第百五十九図。|加工: マスキング|現秩序no.: 27|紙焼き記載no.: A1,,,http://tify.sub.uni-goettingen.de/demo.html?manifest=https://archdataset.dl.itc.u-tokyo.ac.jp/manifest/113baa35-7c54-7c28-7ceb-e72b383f73b4.json,113baa35-7c54-7c28-7ceb-e72b383f73b4,https://iiif.dl.itc.u-tokyo.ac.jp/repo/s/medlib/,https://iiif.dl.itc.u-tokyo.ac.jp/repo/s/medlib/document/113baa35-7c54-7c28-7ceb-e72b383f73b4,https://www.lib.u-tokyo.ac.jp/ja/library/contents/archives-top/reuse,https://iiif.dl.itc.u-tokyo.ac.jp/repo/files/medium/2039bc38e273bf8a65513ad0e1d05cd179ae7906.jpg,https://iiif.dl.itc.u-tokyo.ac.jp/repo/api/items/1380080,"東京大学医学図書館 Medical Library, The University of Tokyo, JAPAN",http://iiif.io/api/presentation/2#rightToLeftDirection,,医学図書館デジタル史料室,0027,,https://iiif.dl.itc.u-tokyo.ac.jp/repo/iiif/113baa35-7c54-7c28-7ceb-e72b383f73b4/manifest,,,,,1
"""De chirurgie, ende opera van alle de wercken""(1655年版) [p.430]",,精神医学教室旧蔵ガラス乾板,オランダ語,静止画資料,撮影者不明|Ambrosius Paré|Carel Baten,,,,,不明,小キャビネ,"解説: アンブロワーズ・パレ著 『外科全書』のオランダ語訳書。""De chirurgie, ende opera van alle de Wercken, van Mr. Ambrosius Paré, raedt ende opperste chirurgijn van vier koningen in Vranckrijck By Ian Fredericksz Stam, 1655"" [p.430]|状態: 紙片張り付きのあと|現秩序no.: 28|紙焼き記載no.: A47",,,http://tify.sub.uni-goettingen.de/demo.html?manifest=https://archdataset.dl.itc.u-tokyo.ac.jp/manifest/56e2355a-4752-2709-488b-5ef2d6c478a5.json,56e2355a-4752-2709-488b-5ef2d6c478a5,https://iiif.dl.itc.u-tokyo.ac.jp/repo/s/medlib/,https://iiif.dl.itc.u-tokyo.ac.jp/repo/s/medlib/document/56e2355a-4752-2709-488b-5ef2d6c478a5,https://www.lib.u-tokyo.ac.jp/ja/library/contents/archives-top/reuse,https://iiif.dl.itc.u-tokyo.ac.jp/repo/files/medium/3001ada551f9089b6d8597b2352f070b521c84d1.jpg,https://iiif.dl.itc.u-tokyo.ac.jp/repo/api/items/1380081,"東京大学医学図書館 Medical Library, The University of Tokyo, JAPAN",http://iiif.io/api/presentation/2#rightToLeftDirection,,医学図書館デジタル史料室,0028,,https://iiif.dl.itc.u-tokyo.ac.jp/repo/iiif/56e2355a-4752-2709-488b-5ef2d6c478a5/manifest,,,,,1
楢林榮建書,ナラバヤシ エイケン ショ|Narabayashi Eiken sho,精神医学教室旧蔵ガラス乾板,日本語,静止画資料,撮影者不明|楢林榮建,ナラバヤシ エイケン,,,,1926年以前,小キャビネ,解説: 掲載: 楢林榮建の書(呉秀三藏)--『シーボルト先生 : 其生涯及功業』第百八十三図|状態: 紙片張り付きのあと、劣化甚し|現秩序no.: 29|紙焼き記載no.: A46,,,http://tify.sub.uni-goettingen.de/demo.html?manifest=https://archdataset.dl.itc.u-tokyo.ac.jp/manifest/b3eab978-1d36-43f4-2e9d-2b8b46585a35.json,b3eab978-1d36-43f4-2e9d-2b8b46585a35,https://iiif.dl.itc.u-tokyo.ac.jp/repo/s/medlib/,https://iiif.dl.itc.u-tokyo.ac.jp/repo/s/medlib/document/b3eab978-1d36-43f4-2e9d-2b8b46585a35,https://www.lib.u-tokyo.ac.jp/ja/library/contents/archives-top/reuse,https://iiif.dl.itc.u-tokyo.ac.jp/repo/files/medium/21cfa4ec0eb0e6fbccbbc001311117ed0b8b2ec6.jpg,https://iiif.dl.itc.u-tokyo.ac.jp/repo/api/items/1380082,"東京大学医学図書館 Medical Library, The University of Tokyo, JAPAN",http://iiif.io/api/presentation/2#rightToLeftDirection,,医学図書館デジタル史料室,0029,,https://iiif.dl.itc.u-tokyo.ac.jp/repo/iiif/b3eab978-1d36-43f4-2e9d-2b8b46585a35/manifest,,,,,1
扶氏経験遺訓 8-9巻,フシケイケンイクン|Fushikeiken'ikun,古典籍コレクション [医学図書館],日本語,,扶歇蘭度(フーフェランド)原著|緒方洪庵 等訳,,,,安政4年,,11冊 26cm,請求記号: HR:105、HR:106 附録、HR:110 薬方|資料解説: C. W. Hufeland (独 1762-1836) 「 Enchiridion medicum oder Anleitung zur medicinischen Praxis 」 の一部分を訳した。江戸時代の刊本西洋内科書として最も完備したものとされている。 訳者の緒方洪庵は、西洋医学所(種痘所の改称)の2代目頭取を務めた。|刊年2: 1857,,,http://tify.sub.uni-goettingen.de/demo.html?manifest=https://archdataset.dl.itc.u-tokyo.ac.jp/manifest/115985bb-3df4-48e5-a23d-1376e770382b.json,115985bb-3df4-48e5-a23d-1376e770382b,https://iiif.dl.itc.u-tokyo.ac.jp/repo/s/medlib,https://iiif.dl.itc.u-tokyo.ac.jp/repo/s/medlib/document/115985bb-3df4-48e5-a23d-1376e770382b,https://www.lib.u-tokyo.ac.jp/ja/library/contents/archives-top/reuse,https://iiif.dl.itc.u-tokyo.ac.jp/repo/files/medium/d1460e2e04d48a309659032b01c245f13359dd61.jpg,https://iiif.dl.itc.u-tokyo.ac.jp/repo/api/items/612073,"東京大学医学図書館 Medical Library, The University of Tokyo, JAPAN",http://iiif.io/api/presentation/2#rightToLeftDirection,,医学図書館デジタル史料室,003,,https://iiif.dl.itc.u-tokyo.ac.jp/repo/iiif/115985bb-3df4-48e5-a23d-1376e770382b/manifest,,,,,76
石坂宗哲書,イシザカ ソウテツ ショ|Ishizaka Sotetsu sho,精神医学教室旧蔵ガラス乾板,日本語,静止画資料,撮影者不明|石坂秀哲,イシザカ ソウテツ,,,,1926年以前,小キャビネ,解説: 掲載: 石坂秀哲の書(呉秀三藏)--『シーボルト先生 : 其生涯及功業』第二百五十一図|加工: マスキング(書の一部、2文字のみ囲み)|現秩序no.: 30|紙焼き記載no.: A45,,,http://tify.sub.uni-goettingen.de/demo.html?manifest=https://archdataset.dl.itc.u-tokyo.ac.jp/manifest/3e3f179e-09bc-292b-1583-a8f5e9646074.json,3e3f179e-09bc-292b-1583-a8f5e9646074,https://iiif.dl.itc.u-tokyo.ac.jp/repo/s/medlib/,https://iiif.dl.itc.u-tokyo.ac.jp/repo/s/medlib/document/3e3f179e-09bc-292b-1583-a8f5e9646074,https://www.lib.u-tokyo.ac.jp/ja/library/contents/archives-top/reuse,https://iiif.dl.itc.u-tokyo.ac.jp/repo/files/medium/c34f59c5d02a4eeaa04ad2d35fe3ea61be2c7b72.jpg,https://iiif.dl.itc.u-tokyo.ac.jp/repo/api/items/1380083,"東京大学医学図書館 Medical Library, The University of Tokyo, JAPAN",http://iiif.io/api/presentation/2#rightToLeftDirection,,医学図書館デジタル史料室,0030,,https://iiif.dl.itc.u-tokyo.ac.jp/repo/iiif/3e3f179e-09bc-292b-1583-a8f5e9646074/manifest,,,,,1
大槻玄俊写真,オオツキ ゲンシュン シャシン|Otsuki Genshun shashin,精神医学教室旧蔵ガラス乾板,,静止画資料,撮影者不明,オオツキ ゲンシュン,,,,1926年以前,小キャビネ,解説: 掲載: 大槻玄俊の写真(横浜大槻氏藏)--『シーボルト先生 : 其生涯及功業』第二八十八図|状態: 紙片張り付きのあと|現秩序no.: 31|紙焼き記載no.: A44,,,http://tify.sub.uni-goettingen.de/demo.html?manifest=https://archdataset.dl.itc.u-tokyo.ac.jp/manifest/42410e60-8714-0380-9a35-82b5ceab5164.json,42410e60-8714-0380-9a35-82b5ceab5164,https://iiif.dl.itc.u-tokyo.ac.jp/repo/s/medlib/,https://iiif.dl.itc.u-tokyo.ac.jp/repo/s/medlib/document/42410e60-8714-0380-9a35-82b5ceab5164,https://www.lib.u-tokyo.ac.jp/ja/library/contents/archives-top/reuse,https://iiif.dl.itc.u-tokyo.ac.jp/repo/files/medium/35346752652218a175d960591554090e710abc57.jpg,https://iiif.dl.itc.u-tokyo.ac.jp/repo/api/items/1380084,"東京大学医学図書館 Medical Library, The University of Tokyo, JAPAN",http://iiif.io/api/presentation/2#rightToLeftDirection,,医学図書館デジタル史料室,0031,,https://iiif.dl.itc.u-tokyo.ac.jp/repo/iiif/42410e60-8714-0380-9a35-82b5ceab5164/manifest,,,,,1
戸塚静甫書,トツカ セイホ ショ|Totsuka Seiho sho,精神医学教室旧蔵ガラス乾板,日本語,静止画資料,撮影者不明|戸塚静甫,トツカ セイホ,,,,1926年以前,小キャビネ,解説: 掲載: 戸塚静甫之書(久保春海君藏)--『シーボルト先生 : 其生涯及功業』第二百十二図|現秩序no.: 32|紙焼き記載no.: A43,,,http://tify.sub.uni-goettingen.de/demo.html?manifest=https://archdataset.dl.itc.u-tokyo.ac.jp/manifest/c136f527-52fc-2011-94e1-84fb14f56ff8.json,c136f527-52fc-2011-94e1-84fb14f56ff8,https://iiif.dl.itc.u-tokyo.ac.jp/repo/s/medlib/,https://iiif.dl.itc.u-tokyo.ac.jp/repo/s/medlib/document/c136f527-52fc-2011-94e1-84fb14f56ff8,https://www.lib.u-tokyo.ac.jp/ja/library/contents/archives-top/reuse,https://iiif.dl.itc.u-tokyo.ac.jp/repo/files/medium/5fc96007c389429ec0e44e0c90b022bdf1057a4a.jpg,https://iiif.dl.itc.u-tokyo.ac.jp/repo/api/items/1380085,"東京大学医学図書館 Medical Library, The University of Tokyo, JAPAN",http://iiif.io/api/presentation/2#rightToLeftDirection,,医学図書館デジタル史料室,0032,,https://iiif.dl.itc.u-tokyo.ac.jp/repo/iiif/c136f527-52fc-2011-94e1-84fb14f56ff8/manifest,,,,,1
日本辺界略図,ニホン ヘンカイ リャクズ|Nihon henkai ryakuzu,精神医学教室旧蔵ガラス乾板,日本語,静止画資料,撮影者不明|高橋景保,タカハシ カゲヤス,,,,不明,小キャビネ,解説: 高橋景保( 1809年刊)|状態: 疵あり、紙片張り付きのあと|現秩序no.: 33|紙焼き記載no.: A42,,,http://tify.sub.uni-goettingen.de/demo.html?manifest=https://archdataset.dl.itc.u-tokyo.ac.jp/manifest/37ed9e12-285f-6e45-68b1-c838265f7fa7.json,37ed9e12-285f-6e45-68b1-c838265f7fa7,https://iiif.dl.itc.u-tokyo.ac.jp/repo/s/medlib/,https://iiif.dl.itc.u-tokyo.ac.jp/repo/s/medlib/document/37ed9e12-285f-6e45-68b1-c838265f7fa7,https://www.lib.u-tokyo.ac.jp/ja/library/contents/archives-top/reuse,https://iiif.dl.itc.u-tokyo.ac.jp/repo/files/medium/365b8f929ad4d31315919fc872abb016e80c0890.jpg,https://iiif.dl.itc.u-tokyo.ac.jp/repo/api/items/1380086,"東京大学医学図書館 Medical Library, The University of Tokyo, JAPAN",http://iiif.io/api/presentation/2#rightToLeftDirection,,医学図書館デジタル史料室,0033,,https://iiif.dl.itc.u-tokyo.ac.jp/repo/iiif/37ed9e12-285f-6e45-68b1-c838265f7fa7/manifest,,,,,1
新鐫総界全図,シンセン ソウカイ ゼンズ|Shinsen sokai zenzu,精神医学教室旧蔵ガラス乾板,日本語,静止画資料,撮影者不明|高橋景保,タカハシ カゲヤス,,,,不明,小キャビネ,解説: 高橋景保 (1809年刊)|現秩序no.: 34|紙焼き記載no.: A41,,,http://tify.sub.uni-goettingen.de/demo.html?manifest=https://archdataset.dl.itc.u-tokyo.ac.jp/manifest/273196a2-3252-4b52-8cfe-8e55b531295c.json,273196a2-3252-4b52-8cfe-8e55b531295c,https://iiif.dl.itc.u-tokyo.ac.jp/repo/s/medlib/,https://iiif.dl.itc.u-tokyo.ac.jp/repo/s/medlib/document/273196a2-3252-4b52-8cfe-8e55b531295c,https://www.lib.u-tokyo.ac.jp/ja/library/contents/archives-top/reuse,https://iiif.dl.itc.u-tokyo.ac.jp/repo/files/medium/1de68d044abc2417dc9e4552a966697787f669b6.jpg,https://iiif.dl.itc.u-tokyo.ac.jp/repo/api/items/1380087,"東京大学医学図書館 Medical Library, The University of Tokyo, JAPAN",http://iiif.io/api/presentation/2#rightToLeftDirection,,医学図書館デジタル史料室,0034,,https://iiif.dl.itc.u-tokyo.ac.jp/repo/iiif/273196a2-3252-4b52-8cfe-8e55b531295c/manifest,,,,,1
JAPAN mit seinen Neben und Schutzländern (部分),,精神医学教室旧蔵ガラス乾板,ドイツ語,静止画資料,撮影者不明,,,,,不明,小キャビネ,解説: 『日本』掲載の日本辺界略図の翻訳|現秩序no.: 35|紙焼き記載no.: A40,,,http://tify.sub.uni-goettingen.de/demo.html?manifest=https://archdataset.dl.itc.u-tokyo.ac.jp/manifest/9f37922c-5861-1644-5d79-0bb2f8980140.json,9f37922c-5861-1644-5d79-0bb2f8980140,https://iiif.dl.itc.u-tokyo.ac.jp/repo/s/medlib/,https://iiif.dl.itc.u-tokyo.ac.jp/repo/s/medlib/document/9f37922c-5861-1644-5d79-0bb2f8980140,https://www.lib.u-tokyo.ac.jp/ja/library/contents/archives-top/reuse,https://iiif.dl.itc.u-tokyo.ac.jp/repo/files/medium/537d81f9c0bff96273de1e8beb940fe6a5979f3b.jpg,https://iiif.dl.itc.u-tokyo.ac.jp/repo/api/items/1380088,"東京大学医学図書館 Medical Library, The University of Tokyo, JAPAN",http://iiif.io/api/presentation/2#rightToLeftDirection,,医学図書館デジタル史料室,0035,,https://iiif.dl.itc.u-tokyo.ac.jp/repo/iiif/9f37922c-5861-1644-5d79-0bb2f8980140/manifest,,,,,1
『北斎漫画』 十三編十一丁裏、十一編二十七丁表,ホクサイ マンガ 13ヘン 11チョウ ウラ 11ヘン 27チョウ オモテ|Hokusai Manga 13hen 11cho ura 11hen 27cho omote,精神医学教室旧蔵ガラス乾板,日本語,静止画資料,撮影者不明|葛飾北斎,カツシカ ホクサイ,,,,不明,小キャビネ,解説: 『北斎漫画』(葛飾北斎)の部分。『日本』(シーボルト著)には『北斎漫画』からの挿図が複数掲載されている。|状態: 新聞紙張り付きのあと|現秩序no.: 36|紙焼き記載no.: A39,,,http://tify.sub.uni-goettingen.de/demo.html?manifest=https://archdataset.dl.itc.u-tokyo.ac.jp/manifest/0be9e972-263a-1d2a-91f5-f56ef47989b1.json,0be9e972-263a-1d2a-91f5-f56ef47989b1,https://iiif.dl.itc.u-tokyo.ac.jp/repo/s/medlib/,https://iiif.dl.itc.u-tokyo.ac.jp/repo/s/medlib/document/0be9e972-263a-1d2a-91f5-f56ef47989b1,https://www.lib.u-tokyo.ac.jp/ja/library/contents/archives-top/reuse,https://iiif.dl.itc.u-tokyo.ac.jp/repo/files/medium/ba716f4f1e6b80a00501f2f9e77af2be6c554d72.jpg,https://iiif.dl.itc.u-tokyo.ac.jp/repo/api/items/1380089,"東京大学医学図書館 Medical Library, The University of Tokyo, JAPAN",http://iiif.io/api/presentation/2#rightToLeftDirection,,医学図書館デジタル史料室,0036,,https://iiif.dl.itc.u-tokyo.ac.jp/repo/iiif/0be9e972-263a-1d2a-91f5-f56ef47989b1/manifest,,,,,1
桂川甫周著『シーボルト先生置土産目録』,カツラガワ ホシュウ チョ シーボルト センセイ オキミヤゲ モクロク|Katsuragawa Hoshu cho Shiboruto Sensei Okimiyage Mokuroku,精神医学教室旧蔵ガラス乾板,日本語,静止画資料,撮影者不明|桂川甫周,カツラガワ ホシュウ,,,,不明,小キャビネ,解説: 掲載: 桂川甫周の自著シーボルト先生置土産目録(甲府今泉源吉君藏)--『シーボルト先生 : 其生涯及功業』第百四十図。|現秩序no.: 37|紙焼き記載no.: A38,,,http://tify.sub.uni-goettingen.de/demo.html?manifest=https://archdataset.dl.itc.u-tokyo.ac.jp/manifest/b5bc5b3c-916d-314d-46aa-cf3a334629b4.json,b5bc5b3c-916d-314d-46aa-cf3a334629b4,https://iiif.dl.itc.u-tokyo.ac.jp/repo/s/medlib/,https://iiif.dl.itc.u-tokyo.ac.jp/repo/s/medlib/document/b5bc5b3c-916d-314d-46aa-cf3a334629b4,https://www.lib.u-tokyo.ac.jp/ja/library/contents/archives-top/reuse,https://iiif.dl.itc.u-tokyo.ac.jp/repo/files/medium/a2b45029b6e850864b4e050e2f120e910238e870.jpg,https://iiif.dl.itc.u-tokyo.ac.jp/repo/api/items/1380090,"東京大学医学図書館 Medical Library, The University of Tokyo, JAPAN",http://iiif.io/api/presentation/2#rightToLeftDirection,,医学図書館デジタル史料室,0037,,https://iiif.dl.itc.u-tokyo.ac.jp/repo/iiif/b5bc5b3c-916d-314d-46aa-cf3a334629b4/manifest,,,,,1
『北斎漫画』 八編十八丁表,ホクサイ マンガ 8ヘン 18チョウ オモテ|Hokusai Manga 8hen 18cho omote,精神医学教室旧蔵ガラス乾板,日本語,静止画資料,撮影者不明|葛飾北斎,カツシカ ホクサイ,,,,不明,小キャビネ,解説: 『北斎漫画』(葛飾北斎)の部分。『日本』(シーボルト著)には『北斎漫画』からの挿図が複数掲載されている。|状態: 新聞紙張り付きのあと|現秩序no.: 38|紙焼き記載no.: A30-1,,,http://tify.sub.uni-goettingen.de/demo.html?manifest=https://archdataset.dl.itc.u-tokyo.ac.jp/manifest/6bf63253-6fc7-7c9b-8494-e54e79b44eec.json,6bf63253-6fc7-7c9b-8494-e54e79b44eec,https://iiif.dl.itc.u-tokyo.ac.jp/repo/s/medlib/,https://iiif.dl.itc.u-tokyo.ac.jp/repo/s/medlib/document/6bf63253-6fc7-7c9b-8494-e54e79b44eec,https://www.lib.u-tokyo.ac.jp/ja/library/contents/archives-top/reuse,https://iiif.dl.itc.u-tokyo.ac.jp/repo/files/medium/21d4a43aead0964cb8bf3a09a4664817f0e60de2.jpg,https://iiif.dl.itc.u-tokyo.ac.jp/repo/api/items/1380091,"東京大学医学図書館 Medical Library, The University of Tokyo, JAPAN",http://iiif.io/api/presentation/2#rightToLeftDirection,,医学図書館デジタル史料室,0038,,https://iiif.dl.itc.u-tokyo.ac.jp/repo/iiif/6bf63253-6fc7-7c9b-8494-e54e79b44eec/manifest,,,,,1
杉田玄白像,スギタ ゲンパク ゾウ|Sugita Gempaku zo,精神医学教室旧蔵ガラス乾板,日本語,静止画資料,撮影者不明|葛飾北斎,カツシカ ホクサイ,,,,不明,小キャビネ,解説: 「玄白先生 木像ニヨリ摹寫」とあり。掲載: 杉田玄白の像 歸一刻木像(杉田氏藏)--『シーボルト先生 : 其生涯及功業』第七図|状態: 新聞紙張り付きのあと|現秩序no.: 39|紙焼き記載no.: A36,,,http://tify.sub.uni-goettingen.de/demo.html?manifest=https://archdataset.dl.itc.u-tokyo.ac.jp/manifest/c6e7df40-092c-877f-2786-65ac358a2e01.json,c6e7df40-092c-877f-2786-65ac358a2e01,https://iiif.dl.itc.u-tokyo.ac.jp/repo/s/medlib/,https://iiif.dl.itc.u-tokyo.ac.jp/repo/s/medlib/document/c6e7df40-092c-877f-2786-65ac358a2e01,https://www.lib.u-tokyo.ac.jp/ja/library/contents/archives-top/reuse,https://iiif.dl.itc.u-tokyo.ac.jp/repo/files/medium/373950f9a5eabc8a96ceaf0bc3ed089561ebf034.jpg,https://iiif.dl.itc.u-tokyo.ac.jp/repo/api/items/1380092,"東京大学医学図書館 Medical Library, The University of Tokyo, JAPAN",http://iiif.io/api/presentation/2#rightToLeftDirection,,医学図書館デジタル史料室,0039,,https://iiif.dl.itc.u-tokyo.ac.jp/repo/iiif/c6e7df40-092c-877f-2786-65ac358a2e01/manifest,,,,,1
扶氏経験遺訓 10-11巻,フシケイケンイクン|Fushikeiken'ikun,古典籍コレクション [医学図書館],日本語,,扶歇蘭度(フーフェランド)原著|緒方洪庵 等訳,,,,安政4年,,11冊 26cm,請求記号: HR:105、HR:106 附録、HR:110 薬方|資料解説: C. W. Hufeland (独 1762-1836) 「 Enchiridion medicum oder Anleitung zur medicinischen Praxis 」 の一部分を訳した。江戸時代の刊本西洋内科書として最も完備したものとされている。 訳者の緒方洪庵は、西洋医学所(種痘所の改称)の2代目頭取を務めた。|刊年2: 1857,,,http://tify.sub.uni-goettingen.de/demo.html?manifest=https://archdataset.dl.itc.u-tokyo.ac.jp/manifest/b91807ff-0ae8-45ce-b0e7-15a8aa21418a.json,b91807ff-0ae8-45ce-b0e7-15a8aa21418a,https://iiif.dl.itc.u-tokyo.ac.jp/repo/s/medlib,https://iiif.dl.itc.u-tokyo.ac.jp/repo/s/medlib/document/b91807ff-0ae8-45ce-b0e7-15a8aa21418a,https://www.lib.u-tokyo.ac.jp/ja/library/contents/archives-top/reuse,https://iiif.dl.itc.u-tokyo.ac.jp/repo/files/medium/1fb9040c87722a49b7923a84852198724cfc0236.jpg,https://iiif.dl.itc.u-tokyo.ac.jp/repo/api/items/612072,"東京大学医学図書館 Medical Library, The University of Tokyo, JAPAN",http://iiif.io/api/presentation/2#rightToLeftDirection,,医学図書館デジタル史料室,004,,https://iiif.dl.itc.u-tokyo.ac.jp/repo/iiif/b91807ff-0ae8-45ce-b0e7-15a8aa21418a/manifest,,,,,83
『北斎漫画』 十編八丁表,ホクサイ マンガ 10ヘン 8チョウ オモテ|Hokusai Manga 10hen 8cho omote,精神医学教室旧蔵ガラス乾板,日本語,静止画資料,撮影者不明|葛飾北斎,カツシカ ホクサイ,,,,不明,小キャビネ,解説: 『北斎漫画』(葛飾北斎)の部分。『日本』(シーボルト著)には『北斎漫画』からの挿図が複数掲載されている。|状態: 新聞紙張り付きのあと|現秩序no.: 40|紙焼き記載no.: A35,,,http://tify.sub.uni-goettingen.de/demo.html?manifest=https://archdataset.dl.itc.u-tokyo.ac.jp/manifest/b0fd0969-0adc-47b1-6cf1-76d7f3ee14ea.json,b0fd0969-0adc-47b1-6cf1-76d7f3ee14ea,https://iiif.dl.itc.u-tokyo.ac.jp/repo/s/medlib/,https://iiif.dl.itc.u-tokyo.ac.jp/repo/s/medlib/document/b0fd0969-0adc-47b1-6cf1-76d7f3ee14ea,https://www.lib.u-tokyo.ac.jp/ja/library/contents/archives-top/reuse,https://iiif.dl.itc.u-tokyo.ac.jp/repo/files/medium/3d950d79fc9a84549bad71895fd8723868482767.jpg,https://iiif.dl.itc.u-tokyo.ac.jp/repo/api/items/1380093,"東京大学医学図書館 Medical Library, The University of Tokyo, JAPAN",http://iiif.io/api/presentation/2#rightToLeftDirection,,医学図書館デジタル史料室,0040,,https://iiif.dl.itc.u-tokyo.ac.jp/repo/iiif/b0fd0969-0adc-47b1-6cf1-76d7f3ee14ea/manifest,,,,,1
『北斎漫画』 十一編五丁表、十二編九丁裏,ホクサイ マンガ 11ヘン 5チョウ オモテ 12ヘン 9チョウ ウラ|Hokusai Manga 11hen 5cho omote 12hen 9cho ura,精神医学教室旧蔵ガラス乾板,日本語,静止画資料,撮影者不明|葛飾北斎,カツシカ ホクサイ,,,,不明,小キャビネ,解説: 『北斎漫画』(葛飾北斎)の部分。『日本』(シーボルト著)には『北斎漫画』からの挿図が複数掲載されている。|状態: 新聞紙張り付きのあと|現秩序no.: 41|紙焼き記載no.: A34,,,http://tify.sub.uni-goettingen.de/demo.html?manifest=https://archdataset.dl.itc.u-tokyo.ac.jp/manifest/fe4b4d85-0bca-2f4a-2d59-e81da5167fd5.json,fe4b4d85-0bca-2f4a-2d59-e81da5167fd5,https://iiif.dl.itc.u-tokyo.ac.jp/repo/s/medlib/,https://iiif.dl.itc.u-tokyo.ac.jp/repo/s/medlib/document/fe4b4d85-0bca-2f4a-2d59-e81da5167fd5,https://www.lib.u-tokyo.ac.jp/ja/library/contents/archives-top/reuse,https://iiif.dl.itc.u-tokyo.ac.jp/repo/files/medium/f8e6341f544385f3a12f21dcec9596198cc234c0.jpg,https://iiif.dl.itc.u-tokyo.ac.jp/repo/api/items/1380094,"東京大学医学図書館 Medical Library, The University of Tokyo, JAPAN",http://iiif.io/api/presentation/2#rightToLeftDirection,,医学図書館デジタル史料室,0041,,https://iiif.dl.itc.u-tokyo.ac.jp/repo/iiif/fe4b4d85-0bca-2f4a-2d59-e81da5167fd5/manifest,,,,,1
『北斎漫画』 六編二十三丁裏、二十四丁表,ホクサイ マンガ 6ヘン 23チョウ ウラ 24チョウ オモテ|Hokusai Manga 6hen 23cho ura 24cho omote,精神医学教室旧蔵ガラス乾板,日本語,静止画資料,撮影者不明|葛飾北斎,カツシカ ホクサイ,,,,不明,小キャビネ,解説: 『北斎漫画』(葛飾北斎)の部分。『日本』(シーボルト著)には『北斎漫画』からの挿図が複数掲載されている。|状態: 新聞紙張り付きのあと|現秩序no.: 42|紙焼き記載no.: A33,,,http://tify.sub.uni-goettingen.de/demo.html?manifest=https://archdataset.dl.itc.u-tokyo.ac.jp/manifest/c73225b4-1eb1-6ac1-14a7-611cfc8d45f1.json,c73225b4-1eb1-6ac1-14a7-611cfc8d45f1,https://iiif.dl.itc.u-tokyo.ac.jp/repo/s/medlib/,https://iiif.dl.itc.u-tokyo.ac.jp/repo/s/medlib/document/c73225b4-1eb1-6ac1-14a7-611cfc8d45f1,https://www.lib.u-tokyo.ac.jp/ja/library/contents/archives-top/reuse,https://iiif.dl.itc.u-tokyo.ac.jp/repo/files/medium/0e69f5cd8ab3b55d9a85618463a38d068956f448.jpg,https://iiif.dl.itc.u-tokyo.ac.jp/repo/api/items/1380095,"東京大学医学図書館 Medical Library, The University of Tokyo, JAPAN",http://iiif.io/api/presentation/2#rightToLeftDirection,,医学図書館デジタル史料室,0042,,https://iiif.dl.itc.u-tokyo.ac.jp/repo/iiif/c73225b4-1eb1-6ac1-14a7-611cfc8d45f1/manifest,,,,,1
『北斎漫画』 初編四丁裏,ホクサイ マンガ ショヘン 4チョウ ウラ|Hokusai Manga shohen 4cho ura,精神医学教室旧蔵ガラス乾板,日本語,静止画資料,撮影者不明|葛飾北斎,カツシカ ホクサイ,,,,不明,小キャビネ,解説: 『北斎漫画』(葛飾北斎)の部分。『日本』(シーボルト著)には『北斎漫画』からの挿図が複数掲載されている。|状態: 新聞紙張り付きのあと|現秩序no.: 43|紙焼き記載no.: A32,,,http://tify.sub.uni-goettingen.de/demo.html?manifest=https://archdataset.dl.itc.u-tokyo.ac.jp/manifest/11f04b5b-5060-5385-4218-e85b85e93813.json,11f04b5b-5060-5385-4218-e85b85e93813,https://iiif.dl.itc.u-tokyo.ac.jp/repo/s/medlib/,https://iiif.dl.itc.u-tokyo.ac.jp/repo/s/medlib/document/11f04b5b-5060-5385-4218-e85b85e93813,https://www.lib.u-tokyo.ac.jp/ja/library/contents/archives-top/reuse,https://iiif.dl.itc.u-tokyo.ac.jp/repo/files/medium/df5578845639b30b8320ffd00a2beea70fa5adbd.jpg,https://iiif.dl.itc.u-tokyo.ac.jp/repo/api/items/1380096,"東京大学医学図書館 Medical Library, The University of Tokyo, JAPAN",http://iiif.io/api/presentation/2#rightToLeftDirection,,医学図書館デジタル史料室,0043,,https://iiif.dl.itc.u-tokyo.ac.jp/repo/iiif/11f04b5b-5060-5385-4218-e85b85e93813/manifest,,,,,1
シーボルト舎宅 a,シーボルト シャタク|Shiboruto shataku,精神医学教室旧蔵ガラス乾板,ドイツ語,静止画資料,撮影者不明,,,,,1926年以前,小キャビネ,解説: Die Wohnung des holiandischen arztes zu deshima in dem botanischen garten. 掲載: 出島に於けるシーボルト先生の舎宅(リーンデン著日本画集より)--『シーボルト先生 : 其生涯及功業』第三十七図。 no.55と同一。|状態: カビ多|現秩序no.: 44|紙焼き記載no.: A31,,,http://tify.sub.uni-goettingen.de/demo.html?manifest=https://archdataset.dl.itc.u-tokyo.ac.jp/manifest/bdbc90b5-1016-9847-8bf2-ac4807ef57d2.json,bdbc90b5-1016-9847-8bf2-ac4807ef57d2,https://iiif.dl.itc.u-tokyo.ac.jp/repo/s/medlib/,https://iiif.dl.itc.u-tokyo.ac.jp/repo/s/medlib/document/bdbc90b5-1016-9847-8bf2-ac4807ef57d2,https://www.lib.u-tokyo.ac.jp/ja/library/contents/archives-top/reuse,https://iiif.dl.itc.u-tokyo.ac.jp/repo/files/medium/eece2362d58ae48aa15880846454b4a23d1ebce5.jpg,https://iiif.dl.itc.u-tokyo.ac.jp/repo/api/items/1380097,"東京大学医学図書館 Medical Library, The University of Tokyo, JAPAN",http://iiif.io/api/presentation/2#rightToLeftDirection,,医学図書館デジタル史料室,0044,,https://iiif.dl.itc.u-tokyo.ac.jp/repo/iiif/bdbc90b5-1016-9847-8bf2-ac4807ef57d2/manifest,,,,,1
土生玄碩肖像,ハブ ゲンセキ ショウゾウ|Habu Genseki shozo,精神医学教室旧蔵ガラス乾板,,静止画資料,撮影者不明,,,,,1926年以前,小キャビネ,解説: 掲載: 侍医法眼土生玄碩の肖像(呉秀三藏)--『シーボルト先生 : 其生涯及功業』第八十八図。 原画(土生家蔵)は『土生玄碩先生第百五十年記念會贈位祝典記事』に掲載。|状態: ガラス面に汚れあり、劣化|現秩序no.: 45|紙焼き記載no.: A30-2,,,http://tify.sub.uni-goettingen.de/demo.html?manifest=https://archdataset.dl.itc.u-tokyo.ac.jp/manifest/adb2d18f-a007-7c29-6328-25858e636f16.json,adb2d18f-a007-7c29-6328-25858e636f16,https://iiif.dl.itc.u-tokyo.ac.jp/repo/s/medlib/,https://iiif.dl.itc.u-tokyo.ac.jp/repo/s/medlib/document/adb2d18f-a007-7c29-6328-25858e636f16,https://www.lib.u-tokyo.ac.jp/ja/library/contents/archives-top/reuse,https://iiif.dl.itc.u-tokyo.ac.jp/repo/files/medium/cbed0b540d36f3b5e1a53d0f56d9b0c5ac60992a.jpg,https://iiif.dl.itc.u-tokyo.ac.jp/repo/api/items/1380098,"東京大学医学図書館 Medical Library, The University of Tokyo, JAPAN",http://iiif.io/api/presentation/2#rightToLeftDirection,,医学図書館デジタル史料室,0045,,https://iiif.dl.itc.u-tokyo.ac.jp/repo/iiif/adb2d18f-a007-7c29-6328-25858e636f16/manifest,,,,,1
箕作阮甫写真,ミツクリ ゲンポ シャシン|Mitsukuri Gempo shashin,精神医学教室旧蔵ガラス乾板,日本語,静止画資料,撮影者不明,,,,,1926年以前,小キャビネ,解説: 掲載: 箕作阮甫の写真(呉秀三藏)--『シーボルト先生 : 其生涯及功業』第二百六十五図|状態: カケあり、劣化|現秩序no.: 46|紙焼き記載no.: A29,,,http://tify.sub.uni-goettingen.de/demo.html?manifest=https://archdataset.dl.itc.u-tokyo.ac.jp/manifest/85111ae2-a1fa-21cd-3824-8798c3cc318c.json,85111ae2-a1fa-21cd-3824-8798c3cc318c,https://iiif.dl.itc.u-tokyo.ac.jp/repo/s/medlib/,https://iiif.dl.itc.u-tokyo.ac.jp/repo/s/medlib/document/85111ae2-a1fa-21cd-3824-8798c3cc318c,https://www.lib.u-tokyo.ac.jp/ja/library/contents/archives-top/reuse,https://iiif.dl.itc.u-tokyo.ac.jp/repo/files/medium/c6b0da0324ef151b03693a3f50bf344ce31b248f.jpg,https://iiif.dl.itc.u-tokyo.ac.jp/repo/api/items/1380099,"東京大学医学図書館 Medical Library, The University of Tokyo, JAPAN",http://iiif.io/api/presentation/2#rightToLeftDirection,,医学図書館デジタル史料室,0046,,https://iiif.dl.itc.u-tokyo.ac.jp/repo/iiif/85111ae2-a1fa-21cd-3824-8798c3cc318c/manifest,,,,,1
長崎湾地図 De Baai van Nagawasaki Opgenomen door PH. FR. von Siebold 1828,ナガサキワン チズ 1828|Nagasakiwan chizu 1828,精神医学教室旧蔵ガラス乾板,オランダ語,静止画資料,撮影者不明,,,,,不明,小キャビネ,解説: 掲載: 長崎港灣入口の圖 (シーボルト先生著作「日本」による)--『シーボルト先生 : 其生涯及功業』第二十三図(部分)|状態: ガラス面に汚れあり、劣化|現秩序no.: 47|紙焼き記載no.: A28,,,http://tify.sub.uni-goettingen.de/demo.html?manifest=https://archdataset.dl.itc.u-tokyo.ac.jp/manifest/c7dc5569-95fd-a56a-6c6e-f417b24aa1b8.json,c7dc5569-95fd-a56a-6c6e-f417b24aa1b8,https://iiif.dl.itc.u-tokyo.ac.jp/repo/s/medlib/,https://iiif.dl.itc.u-tokyo.ac.jp/repo/s/medlib/document/c7dc5569-95fd-a56a-6c6e-f417b24aa1b8,https://www.lib.u-tokyo.ac.jp/ja/library/contents/archives-top/reuse,https://iiif.dl.itc.u-tokyo.ac.jp/repo/files/medium/2a5e511e5b62ef2be69f3dce5226deb63d598cd1.jpg,https://iiif.dl.itc.u-tokyo.ac.jp/repo/api/items/1380100,"東京大学医学図書館 Medical Library, The University of Tokyo, JAPAN",http://iiif.io/api/presentation/2#rightToLeftDirection,,医学図書館デジタル史料室,0047,,https://iiif.dl.itc.u-tokyo.ac.jp/repo/iiif/c7dc5569-95fd-a56a-6c6e-f417b24aa1b8/manifest,,,,,1
伊東玄朴写真,イトウ ゲンボク シャシン|Ito Gemboku shashin,精神医学教室旧蔵ガラス乾板,日本語,静止画資料,撮影者不明,,,,,1926年以前,小キャビネ,解説: 掲載: 伊東玄朴の像(伊東栄君藏・玄朴伝所載)--『シーボルト先生 : 其生涯及功業』第二百十三図|状態: 劣化|現秩序no.: 48|紙焼き記載no.: A27,,,http://tify.sub.uni-goettingen.de/demo.html?manifest=https://archdataset.dl.itc.u-tokyo.ac.jp/manifest/014c2208-7e4d-4544-949e-0b3a50b420ce.json,014c2208-7e4d-4544-949e-0b3a50b420ce,https://iiif.dl.itc.u-tokyo.ac.jp/repo/s/medlib/,https://iiif.dl.itc.u-tokyo.ac.jp/repo/s/medlib/document/014c2208-7e4d-4544-949e-0b3a50b420ce,https://www.lib.u-tokyo.ac.jp/ja/library/contents/archives-top/reuse,https://iiif.dl.itc.u-tokyo.ac.jp/repo/files/medium/4402788c0944cf0a05f3f69eca6d10741d1882b2.jpg,https://iiif.dl.itc.u-tokyo.ac.jp/repo/api/items/1380101,"東京大学医学図書館 Medical Library, The University of Tokyo, JAPAN",http://iiif.io/api/presentation/2#rightToLeftDirection,,医学図書館デジタル史料室,0048,,https://iiif.dl.itc.u-tokyo.ac.jp/repo/iiif/014c2208-7e4d-4544-949e-0b3a50b420ce/manifest,,,,,1
[座敷写真],ザシキ シャシン|Zashiki shashin,精神医学教室旧蔵ガラス乾板,,静止画資料,撮影者不明,,,,,不明,小キャビネ,解説: 撮影地不明。|状態: ガラス面に汚れあり、剥離あり|現秩序no.: 49|紙焼き記載no.: A26,,,http://tify.sub.uni-goettingen.de/demo.html?manifest=https://archdataset.dl.itc.u-tokyo.ac.jp/manifest/6ff3fd4d-7282-2b67-9ec6-6b6ed7678583.json,6ff3fd4d-7282-2b67-9ec6-6b6ed7678583,https://iiif.dl.itc.u-tokyo.ac.jp/repo/s/medlib/,https://iiif.dl.itc.u-tokyo.ac.jp/repo/s/medlib/document/6ff3fd4d-7282-2b67-9ec6-6b6ed7678583,https://www.lib.u-tokyo.ac.jp/ja/library/contents/archives-top/reuse,https://iiif.dl.itc.u-tokyo.ac.jp/repo/files/medium/9c9bf9c220c0df5974eedc018ec8ae6f316c8175.jpg,https://iiif.dl.itc.u-tokyo.ac.jp/repo/api/items/1380102,"東京大学医学図書館 Medical Library, The University of Tokyo, JAPAN",http://iiif.io/api/presentation/2#rightToLeftDirection,,医学図書館デジタル史料室,0049,,https://iiif.dl.itc.u-tokyo.ac.jp/repo/iiif/6ff3fd4d-7282-2b67-9ec6-6b6ed7678583/manifest,,,,,1
扶氏経験遺訓 12-14巻,フシケイケンイクン|Fushikeiken'ikun,古典籍コレクション [医学図書館],日本語,,扶歇蘭度(フーフェランド)原著|緒方洪庵 等訳,,,,安政4年,,11冊 26cm,請求記号: HR:105、HR:106 附録、HR:110 薬方|資料解説: C. W. Hufeland (独 1762-1836) 「 Enchiridion medicum oder Anleitung zur medicinischen Praxis 」 の一部分を訳した。江戸時代の刊本西洋内科書として最も完備したものとされている。 訳者の緒方洪庵は、西洋医学所(種痘所の改称)の2代目頭取を務めた。|刊年2: 1857,,,http://tify.sub.uni-goettingen.de/demo.html?manifest=https://archdataset.dl.itc.u-tokyo.ac.jp/manifest/065e9135-e93f-47a6-9d18-130e332a9c87.json,065e9135-e93f-47a6-9d18-130e332a9c87,https://iiif.dl.itc.u-tokyo.ac.jp/repo/s/medlib,https://iiif.dl.itc.u-tokyo.ac.jp/repo/s/medlib/document/065e9135-e93f-47a6-9d18-130e332a9c87,https://www.lib.u-tokyo.ac.jp/ja/library/contents/archives-top/reuse,https://iiif.dl.itc.u-tokyo.ac.jp/repo/files/medium/2a194ba5aaa4f75c74b1936f5dc6b907f84a679a.jpg,https://iiif.dl.itc.u-tokyo.ac.jp/repo/api/items/612071,"東京大学医学図書館 Medical Library, The University of Tokyo, JAPAN",http://iiif.io/api/presentation/2#rightToLeftDirection,,医学図書館デジタル史料室,005,,https://iiif.dl.itc.u-tokyo.ac.jp/repo/iiif/065e9135-e93f-47a6-9d18-130e332a9c87/manifest,,,,,78
文政中長崎港の図,ブンセイチュウ ナガサキコウ ノ ズ|Bunseichu Nagasakiko no zu,精神医学教室旧蔵ガラス乾板,日本語,静止画資料,撮影者不明,,,,,1926年以前,小キャビネ,解説: 掲載: 文政中長崎港の図(シーボルト先生著書「日本」所載)--『シーボルト先生 : 其生涯及功業』第二十五図|状態: 割れあり|現秩序no.: 50|紙焼き記載no.: A25,,,http://tify.sub.uni-goettingen.de/demo.html?manifest=https://archdataset.dl.itc.u-tokyo.ac.jp/manifest/391f389b-40fc-0d11-07bb-feb2ff3b9ef9.json,391f389b-40fc-0d11-07bb-feb2ff3b9ef9,https://iiif.dl.itc.u-tokyo.ac.jp/repo/s/medlib/,https://iiif.dl.itc.u-tokyo.ac.jp/repo/s/medlib/document/391f389b-40fc-0d11-07bb-feb2ff3b9ef9,https://www.lib.u-tokyo.ac.jp/ja/library/contents/archives-top/reuse,https://iiif.dl.itc.u-tokyo.ac.jp/repo/files/medium/ed9bbb33f6b2e6f6631e9538d441fd3e192bb3b5.jpg,https://iiif.dl.itc.u-tokyo.ac.jp/repo/api/items/1380103,"東京大学医学図書館 Medical Library, The University of Tokyo, JAPAN",http://iiif.io/api/presentation/2#rightToLeftDirection,,医学図書館デジタル史料室,0050,,https://iiif.dl.itc.u-tokyo.ac.jp/repo/iiif/391f389b-40fc-0d11-07bb-feb2ff3b9ef9/manifest,,,,,1
美馬順三墓碑,ミマ ジュンゾウ ボヒ|Mima Junzo bohi,精神医学教室旧蔵ガラス乾板,日本語,静止画資料,撮影者不明,,,,,1926年以前,小キャビネ,解説: 掲載: 美馬順三墓石の表面--『シーボルト先生 : 其生涯及功業』第百十九図。|状態: 割れあり、51Bと癒着し分離不可能(51Bのが画像が透けている。no.47と同じ画像)|現秩序no.: 51A|紙焼き記載no.: A24,,,http://tify.sub.uni-goettingen.de/demo.html?manifest=https://archdataset.dl.itc.u-tokyo.ac.jp/manifest/36a7a33a-1d36-1623-601a-3baf082a1966.json,36a7a33a-1d36-1623-601a-3baf082a1966,https://iiif.dl.itc.u-tokyo.ac.jp/repo/s/medlib/,https://iiif.dl.itc.u-tokyo.ac.jp/repo/s/medlib/document/36a7a33a-1d36-1623-601a-3baf082a1966,https://www.lib.u-tokyo.ac.jp/ja/library/contents/archives-top/reuse,https://iiif.dl.itc.u-tokyo.ac.jp/repo/files/medium/ac522b1bae52b0142d55b3b18cce9d3f37a5a6b2.jpg,https://iiif.dl.itc.u-tokyo.ac.jp/repo/api/items/1380104,"東京大学医学図書館 Medical Library, The University of Tokyo, JAPAN",http://iiif.io/api/presentation/2#rightToLeftDirection,,医学図書館デジタル史料室,0051,,https://iiif.dl.itc.u-tokyo.ac.jp/repo/iiif/36a7a33a-1d36-1623-601a-3baf082a1966/manifest,,,,,1
シーボルト墓碑,シーボルト ボヒ|Shiboruto bohi,精神医学教室旧蔵ガラス乾板,,静止画資料,撮影者不明,,,,,1926年以前,小キャビネ,解説: 掲載: シーボルト先生の墓碑(ウルムエルバハ夫人寄贈写真)--『シーボルト先生 : 其生涯及功業』第二百九十七図|加工: マスキング|現秩序no.: 52|紙焼き記載no.: C23,,,http://tify.sub.uni-goettingen.de/demo.html?manifest=https://archdataset.dl.itc.u-tokyo.ac.jp/manifest/4a0672fe-7696-5dc0-103b-5a8309d01bf9.json,4a0672fe-7696-5dc0-103b-5a8309d01bf9,https://iiif.dl.itc.u-tokyo.ac.jp/repo/s/medlib/,https://iiif.dl.itc.u-tokyo.ac.jp/repo/s/medlib/document/4a0672fe-7696-5dc0-103b-5a8309d01bf9,https://www.lib.u-tokyo.ac.jp/ja/library/contents/archives-top/reuse,https://iiif.dl.itc.u-tokyo.ac.jp/repo/files/medium/245b39a6869e337da606ba79b2fbc05d17519def.jpg,https://iiif.dl.itc.u-tokyo.ac.jp/repo/api/items/1380105,"東京大学医学図書館 Medical Library, The University of Tokyo, JAPAN",http://iiif.io/api/presentation/2#rightToLeftDirection,,医学図書館デジタル史料室,0052,,https://iiif.dl.itc.u-tokyo.ac.jp/repo/iiif/4a0672fe-7696-5dc0-103b-5a8309d01bf9/manifest,,,,,1
朝倉荊山書,アサクラ ケイザン ショ|Asakura Keizan sho,精神医学教室旧蔵ガラス乾板,日本語,静止画資料,撮影者不明|朝倉荊山,アサクラ ケイザン,,,,1923年以前,小キャビネ,解説: 掲載: 朝倉荊山ノ書(呉氏藏)--『華岡青洲先生及其外科』第六。|加工: マスキング(はがれ)|状態: 劣化|現秩序no.: 53|紙焼き記載no.: C22,,,http://tify.sub.uni-goettingen.de/demo.html?manifest=https://archdataset.dl.itc.u-tokyo.ac.jp/manifest/866dcbd1-56ff-348a-6346-09537a7909d8.json,866dcbd1-56ff-348a-6346-09537a7909d8,https://iiif.dl.itc.u-tokyo.ac.jp/repo/s/medlib/,https://iiif.dl.itc.u-tokyo.ac.jp/repo/s/medlib/document/866dcbd1-56ff-348a-6346-09537a7909d8,https://www.lib.u-tokyo.ac.jp/ja/library/contents/archives-top/reuse,https://iiif.dl.itc.u-tokyo.ac.jp/repo/files/medium/f3f69d9fd3880b57cdd6510f0beef367820a1de0.jpg,https://iiif.dl.itc.u-tokyo.ac.jp/repo/api/items/1380106,"東京大学医学図書館 Medical Library, The University of Tokyo, JAPAN",http://iiif.io/api/presentation/2#rightToLeftDirection,,医学図書館デジタル史料室,0053,,https://iiif.dl.itc.u-tokyo.ac.jp/repo/iiif/866dcbd1-56ff-348a-6346-09537a7909d8/manifest,,,,,1
『乳巖治験録』標題,ニュウガン チケンロク ヒョウダイ|Nyugan Chikenroku hyodai,精神医学教室旧蔵ガラス乾板,日本語,静止画資料,撮影者不明,,,,,0,小キャビネ,解説: 掲載: 乳巖治驗錄ノ表題--『華岡青洲先生及其外科』第百三十六。|状態: 劣化|現秩序no.: 54|紙焼き記載no.: C19,,,http://tify.sub.uni-goettingen.de/demo.html?manifest=https://archdataset.dl.itc.u-tokyo.ac.jp/manifest/b715b79b-94d9-a40a-350a-1d4481907889.json,b715b79b-94d9-a40a-350a-1d4481907889,https://iiif.dl.itc.u-tokyo.ac.jp/repo/s/medlib/,https://iiif.dl.itc.u-tokyo.ac.jp/repo/s/medlib/document/b715b79b-94d9-a40a-350a-1d4481907889,https://www.lib.u-tokyo.ac.jp/ja/library/contents/archives-top/reuse,https://iiif.dl.itc.u-tokyo.ac.jp/repo/files/medium/461256cb0a7889a816f40fd8da8c74da5744e128.jpg,https://iiif.dl.itc.u-tokyo.ac.jp/repo/api/items/1380107,"東京大学医学図書館 Medical Library, The University of Tokyo, JAPAN",http://iiif.io/api/presentation/2#rightToLeftDirection,,医学図書館デジタル史料室,0054,,https://iiif.dl.itc.u-tokyo.ac.jp/repo/iiif/b715b79b-94d9-a40a-350a-1d4481907889/manifest,,,,,1
シーボルト舎宅 b,シーボルト シャタク|Shiboruto shataku,精神医学教室旧蔵ガラス乾板,ドイツ語,静止画資料,撮影者不明,,,,,1923年以前,小キャビネ,解説: Die Wohnung des holiandischen arztes zu deshima in dem botanischen garten. 掲載: 出島に於けるシーボルト先生の舎宅(リーンデン著日本画集より)--『シーボルト先生 : 其生涯及功業』第三十七図。 no.44と同一。|加工: マスキング|状態: 欠け小|現秩序no.: 55|紙焼き記載no.: C27,,,http://tify.sub.uni-goettingen.de/demo.html?manifest=https://archdataset.dl.itc.u-tokyo.ac.jp/manifest/d87afc34-3fd6-266d-1c07-aacc76c88c84.json,d87afc34-3fd6-266d-1c07-aacc76c88c84,https://iiif.dl.itc.u-tokyo.ac.jp/repo/s/medlib/,https://iiif.dl.itc.u-tokyo.ac.jp/repo/s/medlib/document/d87afc34-3fd6-266d-1c07-aacc76c88c84,https://www.lib.u-tokyo.ac.jp/ja/library/contents/archives-top/reuse,https://iiif.dl.itc.u-tokyo.ac.jp/repo/files/medium/32139eaaa8b975318a2ac5fc474064cabade6839.jpg,https://iiif.dl.itc.u-tokyo.ac.jp/repo/api/items/1380108,"東京大学医学図書館 Medical Library, The University of Tokyo, JAPAN",http://iiif.io/api/presentation/2#rightToLeftDirection,,医学図書館デジタル史料室,0055,,https://iiif.dl.itc.u-tokyo.ac.jp/repo/iiif/d87afc34-3fd6-266d-1c07-aacc76c88c84/manifest,,,,,1
岩崎灌園氏之像,イワサキ カンエン シ ノ ゾウ|Iwasaki Kan-en shi no zo,精神医学教室旧蔵ガラス乾板,日本語,静止画資料,撮影者不明,,,,,不明,小キャビネ,"解説: 『本草図譜』巻之93(本草圖譜刊行會 , 1921)より本草図譜ノ著者ニ就テ|加工: マスキング(上辺、右辺はがれ)|現秩序no.: 56|紙焼き記載no.: C26",,,http://tify.sub.uni-goettingen.de/demo.html?manifest=https://archdataset.dl.itc.u-tokyo.ac.jp/manifest/bc7c21e2-0b42-602e-9c48-b1d2068d5f83.json,bc7c21e2-0b42-602e-9c48-b1d2068d5f83,https://iiif.dl.itc.u-tokyo.ac.jp/repo/s/medlib/,https://iiif.dl.itc.u-tokyo.ac.jp/repo/s/medlib/document/bc7c21e2-0b42-602e-9c48-b1d2068d5f83,https://www.lib.u-tokyo.ac.jp/ja/library/contents/archives-top/reuse,https://iiif.dl.itc.u-tokyo.ac.jp/repo/files/medium/334cbedc64611dd7cd95983c0d72ae5929c83e22.jpg,https://iiif.dl.itc.u-tokyo.ac.jp/repo/api/items/1380109,"東京大学医学図書館 Medical Library, The University of Tokyo, JAPAN",http://iiif.io/api/presentation/2#rightToLeftDirection,,医学図書館デジタル史料室,0056,,https://iiif.dl.itc.u-tokyo.ac.jp/repo/iiif/bc7c21e2-0b42-602e-9c48-b1d2068d5f83/manifest,,,,,1
シーボルト記念碑(ウィーン),シーボルト キネンヒ ウィーン|Shiboruto kinenhi win,精神医学教室旧蔵ガラス乾板,,静止画資料,撮影者不明,,,,,1926年以前,小キャビネ,解説: 掲載:  維也納に於けるシーボルト先生の碑(甲)--『シーボルト先生 : 其生涯及功業』第二百九十八図(ただし若干の相違あり)|加工: マスキング(はがれかけ)|現秩序no.: 57|紙焼き記載no.: C25,,,http://tify.sub.uni-goettingen.de/demo.html?manifest=https://archdataset.dl.itc.u-tokyo.ac.jp/manifest/c5d095e5-6ebe-2364-7311-f89c36df87e1.json,c5d095e5-6ebe-2364-7311-f89c36df87e1,https://iiif.dl.itc.u-tokyo.ac.jp/repo/s/medlib/,https://iiif.dl.itc.u-tokyo.ac.jp/repo/s/medlib/document/c5d095e5-6ebe-2364-7311-f89c36df87e1,https://www.lib.u-tokyo.ac.jp/ja/library/contents/archives-top/reuse,https://iiif.dl.itc.u-tokyo.ac.jp/repo/files/medium/94a713e74890541abdcf0ca3a7316475b67be88b.jpg,https://iiif.dl.itc.u-tokyo.ac.jp/repo/api/items/1380110,"東京大学医学図書館 Medical Library, The University of Tokyo, JAPAN",http://iiif.io/api/presentation/2#rightToLeftDirection,,医学図書館デジタル史料室,0057,,https://iiif.dl.itc.u-tokyo.ac.jp/repo/iiif/c5d095e5-6ebe-2364-7311-f89c36df87e1/manifest,,,,,1
二宮敬作遺歌,ニノミヤ ケイサク イカ|Ninomiya Keisaku ika,精神医学教室旧蔵ガラス乾板,日本語,静止画資料,撮影者不明|二宮敬作,ニノミヤ ケイサク,,,,不明,小キャビネ,解説: 「われ死なば髪は故郷遺骸は美馬先生の墓に埋めよ」掲載:  二宮敬作の遺歌(伊豫三瀬彦之進君藏)--『シーボルト先生 : 其生涯及功業』第百九十図。|加工: マスキング(下辺はがれ、ほかの辺もはがれかけ)|状態: 欠けあり|現秩序no.: 58|紙焼き記載no.: C24,,,http://tify.sub.uni-goettingen.de/demo.html?manifest=https://archdataset.dl.itc.u-tokyo.ac.jp/manifest/bbd3c3d9-2883-0187-a26a-37bb833c835d.json,bbd3c3d9-2883-0187-a26a-37bb833c835d,https://iiif.dl.itc.u-tokyo.ac.jp/repo/s/medlib/,https://iiif.dl.itc.u-tokyo.ac.jp/repo/s/medlib/document/bbd3c3d9-2883-0187-a26a-37bb833c835d,https://www.lib.u-tokyo.ac.jp/ja/library/contents/archives-top/reuse,https://iiif.dl.itc.u-tokyo.ac.jp/repo/files/medium/57fc91ab2534f2d56d763e006e29c884ffd80e9d.jpg,https://iiif.dl.itc.u-tokyo.ac.jp/repo/api/items/1380111,"東京大学医学図書館 Medical Library, The University of Tokyo, JAPAN",http://iiif.io/api/presentation/2#rightToLeftDirection,,医学図書館デジタル史料室,0058,,https://iiif.dl.itc.u-tokyo.ac.jp/repo/iiif/bbd3c3d9-2883-0187-a26a-37bb833c835d/manifest,,,,,1
"""De chirurgie, ende opera van alle de wercken""(1655年版) p.483",,精神医学教室旧蔵ガラス乾板,オランダ語,静止画資料,撮影者不明|Ambrosius Paré|Carel Baten,,,,,不明,小キャビネ,"解説: アンブロワーズ・パレ著 『外科全書』のオランダ語訳書。""De chirurgie, ende opera van alle de Wercken, van Mr. Ambrosius Paré, raedt ende opperste chirurgijn van vier koningen in Vranckrijck By Ian Fredericksz Stam, 1655"" p.483|状態: 紙片張り付きのあと|現秩序no.: 59|紙焼き記載no.: C45",,,http://tify.sub.uni-goettingen.de/demo.html?manifest=https://archdataset.dl.itc.u-tokyo.ac.jp/manifest/fcd82255-4c0b-5c6b-34aa-058efed28cb8.json,fcd82255-4c0b-5c6b-34aa-058efed28cb8,https://iiif.dl.itc.u-tokyo.ac.jp/repo/s/medlib/,https://iiif.dl.itc.u-tokyo.ac.jp/repo/s/medlib/document/fcd82255-4c0b-5c6b-34aa-058efed28cb8,https://www.lib.u-tokyo.ac.jp/ja/library/contents/archives-top/reuse,https://iiif.dl.itc.u-tokyo.ac.jp/repo/files/medium/b7cb6cca4daa1f7e9f012f32bb71f092f5832430.jpg,https://iiif.dl.itc.u-tokyo.ac.jp/repo/api/items/1380112,"東京大学医学図書館 Medical Library, The University of Tokyo, JAPAN",http://iiif.io/api/presentation/2#rightToLeftDirection,,医学図書館デジタル史料室,0059,,https://iiif.dl.itc.u-tokyo.ac.jp/repo/iiif/fcd82255-4c0b-5c6b-34aa-058efed28cb8/manifest,,,,,1
扶氏経験遺訓 15-17巻,フシケイケンイクン|Fushikeiken'ikun,古典籍コレクション [医学図書館],日本語,,扶歇蘭度(フーフェランド)原著|緒方洪庵 等訳,,,,安政4年,,11冊 26cm,請求記号: HR:105、HR:106 附録、HR:110 薬方|資料解説: C. W. Hufeland (独 1762-1836) 「 Enchiridion medicum oder Anleitung zur medicinischen Praxis 」 の一部分を訳した。江戸時代の刊本西洋内科書として最も完備したものとされている。 訳者の緒方洪庵は、西洋医学所(種痘所の改称)の2代目頭取を務めた。|刊年2: 1857,,,http://tify.sub.uni-goettingen.de/demo.html?manifest=https://archdataset.dl.itc.u-tokyo.ac.jp/manifest/d4b56d8d-12cd-48b9-a3cf-6f5bbc6226ac.json,d4b56d8d-12cd-48b9-a3cf-6f5bbc6226ac,https://iiif.dl.itc.u-tokyo.ac.jp/repo/s/medlib,https://iiif.dl.itc.u-tokyo.ac.jp/repo/s/medlib/document/d4b56d8d-12cd-48b9-a3cf-6f5bbc6226ac,https://www.lib.u-tokyo.ac.jp/ja/library/contents/archives-top/reuse,https://iiif.dl.itc.u-tokyo.ac.jp/repo/files/medium/b2d6a93eb647c5ef049ddc4e1e4b3799c5f6e082.jpg,https://iiif.dl.itc.u-tokyo.ac.jp/repo/api/items/612070,"東京大学医学図書館 Medical Library, The University of Tokyo, JAPAN",http://iiif.io/api/presentation/2#rightToLeftDirection,,医学図書館デジタル史料室,006,,https://iiif.dl.itc.u-tokyo.ac.jp/repo/iiif/d4b56d8d-12cd-48b9-a3cf-6f5bbc6226ac/manifest,,,,,92
中山作三郎武徳肖像賛,ナカヤマ サクサブロウ タケノリ ショウゾウ サン|Nakayama Sakusaburo Takenori shozo san,精神医学教室旧蔵ガラス乾板,日本語,静止画資料,撮影者不明|大機玄乗,ダイキ ゲンジョウ,,,,不明,小キャビネ,解説: 阿蘭陀通史中山作三郎武徳(1785-1844)の肖像の賛。晧臺寺第23代住持大機玄乗による。肖像はno.62|加工: マスキング(下辺はがれ)|状態: 劣化大|現秩序no.: 60|紙焼き記載no.: C44,,,http://tify.sub.uni-goettingen.de/demo.html?manifest=https://archdataset.dl.itc.u-tokyo.ac.jp/manifest/9e28c030-18ac-5f89-38c3-44b9f5b374a5.json,9e28c030-18ac-5f89-38c3-44b9f5b374a5,https://iiif.dl.itc.u-tokyo.ac.jp/repo/s/medlib/,https://iiif.dl.itc.u-tokyo.ac.jp/repo/s/medlib/document/9e28c030-18ac-5f89-38c3-44b9f5b374a5,https://www.lib.u-tokyo.ac.jp/ja/library/contents/archives-top/reuse,https://iiif.dl.itc.u-tokyo.ac.jp/repo/files/medium/46ada18262051a19bc19629d370308902b5f61a9.jpg,https://iiif.dl.itc.u-tokyo.ac.jp/repo/api/items/1380113,"東京大学医学図書館 Medical Library, The University of Tokyo, JAPAN",http://iiif.io/api/presentation/2#rightToLeftDirection,,医学図書館デジタル史料室,0060,,https://iiif.dl.itc.u-tokyo.ac.jp/repo/iiif/9e28c030-18ac-5f89-38c3-44b9f5b374a5/manifest,,,,,1
中山作三郎武成肖像賛,ナカヤマ サクサブロウ タケナリ ショウゾウ サン|Nakayama Sakusaburo Takenari shozo san,精神医学教室旧蔵ガラス乾板,日本語,静止画資料,撮影者不明|漢三道一,カンザン ドウイツ,,,,不明,小キャビネ,解説: 阿蘭陀通詞中山作三郎武成(1751-1816)の肖像の賛。晧臺寺第18代住持漢三道一による。|加工: マスキング(下辺はがれ)|状態: 劣化大|現秩序no.: 61|紙焼き記載no.: C43,,,http://tify.sub.uni-goettingen.de/demo.html?manifest=https://archdataset.dl.itc.u-tokyo.ac.jp/manifest/037417c7-0716-4633-4a0d-17cd412b3210.json,037417c7-0716-4633-4a0d-17cd412b3210,https://iiif.dl.itc.u-tokyo.ac.jp/repo/s/medlib/,https://iiif.dl.itc.u-tokyo.ac.jp/repo/s/medlib/document/037417c7-0716-4633-4a0d-17cd412b3210,https://www.lib.u-tokyo.ac.jp/ja/library/contents/archives-top/reuse,https://iiif.dl.itc.u-tokyo.ac.jp/repo/files/medium/dff9b59327ca6d67516d787008f93df78ad66c3f.jpg,https://iiif.dl.itc.u-tokyo.ac.jp/repo/api/items/1380114,"東京大学医学図書館 Medical Library, The University of Tokyo, JAPAN",http://iiif.io/api/presentation/2#rightToLeftDirection,,医学図書館デジタル史料室,0061,,https://iiif.dl.itc.u-tokyo.ac.jp/repo/iiif/037417c7-0716-4633-4a0d-17cd412b3210/manifest,,,,,1
中山作三郎武徳画像,ナカヤマ サクサブロウ タケノリ ガゾウ|Nakayama Sakusaburo Takenori gazo,精神医学教室旧蔵ガラス乾板,,静止画資料,撮影者不明|川原慶賀,カワハラ ケイガ,,,,不明,小キャビネ,解説: 阿蘭陀通史中山作三郎武徳(1785-1844)の肖像。出島出入絵師の川原慶賀による。賛はno.60|加工: マスキング|状態: 劣化大|現秩序no.: 62|紙焼き記載no.: 紙焼き写真なし,,,http://tify.sub.uni-goettingen.de/demo.html?manifest=https://archdataset.dl.itc.u-tokyo.ac.jp/manifest/818d9533-481f-813b-9209-d4bcfbce2a62.json,818d9533-481f-813b-9209-d4bcfbce2a62,https://iiif.dl.itc.u-tokyo.ac.jp/repo/s/medlib/,https://iiif.dl.itc.u-tokyo.ac.jp/repo/s/medlib/document/818d9533-481f-813b-9209-d4bcfbce2a62,https://www.lib.u-tokyo.ac.jp/ja/library/contents/archives-top/reuse,https://iiif.dl.itc.u-tokyo.ac.jp/repo/files/medium/b8bc52f149317650e8e26b3406e9d34799f74f98.jpg,https://iiif.dl.itc.u-tokyo.ac.jp/repo/api/items/1380115,"東京大学医学図書館 Medical Library, The University of Tokyo, JAPAN",http://iiif.io/api/presentation/2#rightToLeftDirection,,医学図書館デジタル史料室,0062,,https://iiif.dl.itc.u-tokyo.ac.jp/repo/iiif/818d9533-481f-813b-9209-d4bcfbce2a62/manifest,,,,,1
寛政中蘭船大風にて破損の図(長崎名所図会),カンセイチュウ ランセン タイフウ ニテ ハソン ノ ズ ナガサキ メイショ ズエ|Kanseichu ransen taifu nite hason no zu,精神医学教室旧蔵ガラス乾板,日本語,静止画資料,撮影者不明,,,,,1926年以前,小キャビネ,"解説: 掲載:  寛政中蘭船大風にて破損の図(長崎名所図会所載)--『シーボルト先生 : 其生涯及功業』第八十九図|加工: 、マスキング, 大小の紙が貼ってある(ははがれかけ)|現秩序no.: 63|紙焼き記載no.: 紙焼き写真なし",,,http://tify.sub.uni-goettingen.de/demo.html?manifest=https://archdataset.dl.itc.u-tokyo.ac.jp/manifest/fe5aebe1-6850-45b6-6d10-d663ce8e8d17.json,fe5aebe1-6850-45b6-6d10-d663ce8e8d17,https://iiif.dl.itc.u-tokyo.ac.jp/repo/s/medlib/,https://iiif.dl.itc.u-tokyo.ac.jp/repo/s/medlib/document/fe5aebe1-6850-45b6-6d10-d663ce8e8d17,https://www.lib.u-tokyo.ac.jp/ja/library/contents/archives-top/reuse,https://iiif.dl.itc.u-tokyo.ac.jp/repo/files/medium/e9bcf555e0354654c97a798ad3fa7f53676372b5.jpg,https://iiif.dl.itc.u-tokyo.ac.jp/repo/api/items/1380116,"東京大学医学図書館 Medical Library, The University of Tokyo, JAPAN",http://iiif.io/api/presentation/2#rightToLeftDirection,,医学図書館デジタル史料室,0063,,https://iiif.dl.itc.u-tokyo.ac.jp/repo/iiif/fe5aebe1-6850-45b6-6d10-d663ce8e8d17/manifest,,,,,1
高良齋書木額「天下無有怪」,コウ リョウサイ ショ モクガク テンカムユウカイ|Ko Ryosai sho mokugaku Tenkamuyukai,精神医学教室旧蔵ガラス乾板,日本語,静止画資料,撮影者不明|高良齋,コウ リョウサイ,,,,1926年以前,小キャビネ,解説: 掲載:  高良齋の書本郷東片町なる高良二の門に掲げられたる木額「天下無有怪」--『シーボルト先生 : 其生涯及功業』 第百九十七図|加工: マスキング(木額部分)|現秩序no.: 64|紙焼き記載no.: C42,,,http://tify.sub.uni-goettingen.de/demo.html?manifest=https://archdataset.dl.itc.u-tokyo.ac.jp/manifest/c6e5d55b-05da-4bdd-4964-9883176105da.json,c6e5d55b-05da-4bdd-4964-9883176105da,https://iiif.dl.itc.u-tokyo.ac.jp/repo/s/medlib/,https://iiif.dl.itc.u-tokyo.ac.jp/repo/s/medlib/document/c6e5d55b-05da-4bdd-4964-9883176105da,https://www.lib.u-tokyo.ac.jp/ja/library/contents/archives-top/reuse,https://iiif.dl.itc.u-tokyo.ac.jp/repo/files/medium/6d8c89ee8c299a01d0689dbf7e0445a3fa6d8ca2.jpg,https://iiif.dl.itc.u-tokyo.ac.jp/repo/api/items/1380117,"東京大学医学図書館 Medical Library, The University of Tokyo, JAPAN",http://iiif.io/api/presentation/2#rightToLeftDirection,,医学図書館デジタル史料室,0064,,https://iiif.dl.itc.u-tokyo.ac.jp/repo/iiif/c6e5d55b-05da-4bdd-4964-9883176105da/manifest,,,,,1
シーボルト薬厨,シーボルト ヤクチュウ|Shiboruto yakuchu,精神医学教室旧蔵ガラス乾板,,静止画資料,撮影者不明,,,,1926年以前,,小キャビネ,解説: 掲載: シーボルト先生が帰国の時、高良齋に與へし薬厨(高壯吉君藏)--『シーボルト先生 : 其生涯及功業』 第百九十九図|加工: マスキング|現秩序no.: 65|紙焼き記載no.: C41,,,http://tify.sub.uni-goettingen.de/demo.html?manifest=https://archdataset.dl.itc.u-tokyo.ac.jp/manifest/4d96e467-9f7f-48fc-510e-34ebc4e33d9b.json,4d96e467-9f7f-48fc-510e-34ebc4e33d9b,https://iiif.dl.itc.u-tokyo.ac.jp/repo/s/medlib/,https://iiif.dl.itc.u-tokyo.ac.jp/repo/s/medlib/document/4d96e467-9f7f-48fc-510e-34ebc4e33d9b,https://www.lib.u-tokyo.ac.jp/ja/library/contents/archives-top/reuse,https://iiif.dl.itc.u-tokyo.ac.jp/repo/files/medium/a72d5843e862d1ae6141735255e5a84595c1aac9.jpg,https://iiif.dl.itc.u-tokyo.ac.jp/repo/api/items/1380272,"東京大学医学図書館 Medical Library, The University of Tokyo, JAPAN",,,医学図書館デジタル史料室,0065,,https://iiif.dl.itc.u-tokyo.ac.jp/repo/iiif/4d96e467-9f7f-48fc-510e-34ebc4e33d9b/manifest,,,,,1
シーボルト薬厨(開扉),シーボルト ヤクチュウ カイヒ|Shiboruto yakuchu kaihi,精神医学教室旧蔵ガラス乾板,,静止画資料,撮影者不明,,,,,1926年以前,小キャビネ,解説: no.65の薬厨を開扉したところ。|加工: マスキング(下辺はがれ)|現秩序no.: 66|紙焼き記載no.: C40,,,http://tify.sub.uni-goettingen.de/demo.html?manifest=https://archdataset.dl.itc.u-tokyo.ac.jp/manifest/d6d0c5bf-289a-67a7-72e2-bd5bc2217dd0.json,d6d0c5bf-289a-67a7-72e2-bd5bc2217dd0,https://iiif.dl.itc.u-tokyo.ac.jp/repo/s/medlib/,https://iiif.dl.itc.u-tokyo.ac.jp/repo/s/medlib/document/d6d0c5bf-289a-67a7-72e2-bd5bc2217dd0,https://www.lib.u-tokyo.ac.jp/ja/library/contents/archives-top/reuse,https://iiif.dl.itc.u-tokyo.ac.jp/repo/files/medium/6fe94fade2de32f1572ed293db5231c762617216.jpg,https://iiif.dl.itc.u-tokyo.ac.jp/repo/api/items/1380119,"東京大学医学図書館 Medical Library, The University of Tokyo, JAPAN",http://iiif.io/api/presentation/2#rightToLeftDirection,,医学図書館デジタル史料室,0066,,https://iiif.dl.itc.u-tokyo.ac.jp/repo/iiif/d6d0c5bf-289a-67a7-72e2-bd5bc2217dd0/manifest,,,,,1
鈹を鎔化して銅を取る図 (住友氏鼓銅図録),カワ ヲ ヨウカシテ ドウ ヲ トル ズ スミトモシ コドウ ズロク|Kawa o yokashite do o toru zu sumitomoshi kodo zuroku,精神医学教室旧蔵ガラス乾板,日本語,静止画資料,撮影者不明,,,,,1926年以前,小キャビネ,解説: 掲載:  住友氏鼓銅図録の中の一図(幸田成友君藏同書)--『シーボルト先生 : 其生涯及功業』第七十九図|加工: マスキング|現秩序no.: 67|紙焼き記載no.: C39,,,http://tify.sub.uni-goettingen.de/demo.html?manifest=https://archdataset.dl.itc.u-tokyo.ac.jp/manifest/ba5fcc5e-79e6-71c0-4f21-8079392987bf.json,ba5fcc5e-79e6-71c0-4f21-8079392987bf,https://iiif.dl.itc.u-tokyo.ac.jp/repo/s/medlib/,https://iiif.dl.itc.u-tokyo.ac.jp/repo/s/medlib/document/ba5fcc5e-79e6-71c0-4f21-8079392987bf,https://www.lib.u-tokyo.ac.jp/ja/library/contents/archives-top/reuse,https://iiif.dl.itc.u-tokyo.ac.jp/repo/files/medium/97183f1ee4e3c0e299c57aea4fdab2ad433c4f41.jpg,https://iiif.dl.itc.u-tokyo.ac.jp/repo/api/items/1380120,"東京大学医学図書館 Medical Library, The University of Tokyo, JAPAN",http://iiif.io/api/presentation/2#rightToLeftDirection,,医学図書館デジタル史料室,0067,,https://iiif.dl.itc.u-tokyo.ac.jp/repo/iiif/ba5fcc5e-79e6-71c0-4f21-8079392987bf/manifest,,,,,1
オランダ使節団乗用駕籠の図,オランダ シセツダン ジョウヨウ カゴ ノ ズ|Oranda Shisetsudan joyo kago no zu,精神医学教室旧蔵ガラス乾板,日本語,静止画資料,撮影者不明,,,,,1926年以前,小キャビネ,解説: 掲載:  此頃和蘭使節一行の乗用せし駕籠の図(長崎中山知雄君藏)--『シーボルト先生 : 其生涯及功業』第五十三図|加工: マスキング(左辺はがれ)|現秩序no.: 68|紙焼き記載no.: C38,,,http://tify.sub.uni-goettingen.de/demo.html?manifest=https://archdataset.dl.itc.u-tokyo.ac.jp/manifest/a3b03dce-0461-8669-9b6a-152398f83d37.json,a3b03dce-0461-8669-9b6a-152398f83d37,https://iiif.dl.itc.u-tokyo.ac.jp/repo/s/medlib/,https://iiif.dl.itc.u-tokyo.ac.jp/repo/s/medlib/document/a3b03dce-0461-8669-9b6a-152398f83d37,https://www.lib.u-tokyo.ac.jp/ja/library/contents/archives-top/reuse,https://iiif.dl.itc.u-tokyo.ac.jp/repo/files/medium/42e15eb1d9237bebd7e5ac0ae8389a5e31734edc.jpg,https://iiif.dl.itc.u-tokyo.ac.jp/repo/api/items/1380121,"東京大学医学図書館 Medical Library, The University of Tokyo, JAPAN",http://iiif.io/api/presentation/2#rightToLeftDirection,,医学図書館デジタル史料室,0068,,https://iiif.dl.itc.u-tokyo.ac.jp/repo/iiif/a3b03dce-0461-8669-9b6a-152398f83d37/manifest,,,,,1
二宮家居間/本蓮寺一乗院居間,ニノミヤケ イマ ホンレンジ イチジョウイン イマ|Ninomiyake ima / Honrenji Ichijoin ima,精神医学教室旧蔵ガラス乾板,日本語,静止画資料,撮影者不明,,,,,1926年以前,小キャビネ,解説: 朱書きは「本蓮寺一乗院居間」 掲載:  伊豫に於ける二宮家にて高野長英の寓せし室なり --『シーボルト先生 : 其生涯及功業』第百九十三図。|加工: 朱書きあり|現秩序no.: 69|紙焼き記載no.: C37,,,http://tify.sub.uni-goettingen.de/demo.html?manifest=https://archdataset.dl.itc.u-tokyo.ac.jp/manifest/62363cbe-48b6-94a7-2faa-4bd35364837f.json,62363cbe-48b6-94a7-2faa-4bd35364837f,https://iiif.dl.itc.u-tokyo.ac.jp/repo/s/medlib/,https://iiif.dl.itc.u-tokyo.ac.jp/repo/s/medlib/document/62363cbe-48b6-94a7-2faa-4bd35364837f,https://www.lib.u-tokyo.ac.jp/ja/library/contents/archives-top/reuse,https://iiif.dl.itc.u-tokyo.ac.jp/repo/files/medium/74b6074c75ddf6073b0a284d3ec6e7112acd6d0f.jpg,https://iiif.dl.itc.u-tokyo.ac.jp/repo/api/items/1380122,"東京大学医学図書館 Medical Library, The University of Tokyo, JAPAN",http://iiif.io/api/presentation/2#rightToLeftDirection,,医学図書館デジタル史料室,0069,,https://iiif.dl.itc.u-tokyo.ac.jp/repo/iiif/62363cbe-48b6-94a7-2faa-4bd35364837f/manifest,,,,,1
扶氏経験遺訓 18-20巻,フシケイケンイクン|Fushikeiken'ikun,古典籍コレクション [医学図書館],日本語,,扶歇蘭度(フーフェランド)原著|緒方洪庵 等訳,,,,安政4年,,11冊 26cm,請求記号: HR:105、HR:106 附録、HR:110 薬方|資料解説: C. W. Hufeland (独 1762-1836) 「 Enchiridion medicum oder Anleitung zur medicinischen Praxis 」 の一部分を訳した。江戸時代の刊本西洋内科書として最も完備したものとされている。 訳者の緒方洪庵は、西洋医学所(種痘所の改称)の2代目頭取を務めた。|刊年2: 1857,,,http://tify.sub.uni-goettingen.de/demo.html?manifest=https://archdataset.dl.itc.u-tokyo.ac.jp/manifest/5f83e6e1-1416-490b-8f40-be135e05837d.json,5f83e6e1-1416-490b-8f40-be135e05837d,https://iiif.dl.itc.u-tokyo.ac.jp/repo/s/medlib,https://iiif.dl.itc.u-tokyo.ac.jp/repo/s/medlib/document/5f83e6e1-1416-490b-8f40-be135e05837d,https://www.lib.u-tokyo.ac.jp/ja/library/contents/archives-top/reuse,https://iiif.dl.itc.u-tokyo.ac.jp/repo/files/medium/6ba02c0baa8600ba697bd7b82ae5e2f217902546.jpg,https://iiif.dl.itc.u-tokyo.ac.jp/repo/api/items/612069,"東京大学医学図書館 Medical Library, The University of Tokyo, JAPAN",http://iiif.io/api/presentation/2#rightToLeftDirection,,医学図書館デジタル史料室,007,,https://iiif.dl.itc.u-tokyo.ac.jp/repo/iiif/5f83e6e1-1416-490b-8f40-be135e05837d/manifest,,,,,112
妻子像螺鈿合子,サイシゾウ ラデン ゴウシ|Saishizo raden goshi,精神医学教室旧蔵ガラス乾板,,静止画資料,撮影者不明,,,,,不明,小キャビネ,解説: 妻子像螺鈿合子(シーボルト記念館蔵)|現秩序no.: 70|紙焼き記載no.: C36,,,http://tify.sub.uni-goettingen.de/demo.html?manifest=https://archdataset.dl.itc.u-tokyo.ac.jp/manifest/43662580-46c5-380d-8b1e-06b1df238519.json,43662580-46c5-380d-8b1e-06b1df238519,https://iiif.dl.itc.u-tokyo.ac.jp/repo/s/medlib/,https://iiif.dl.itc.u-tokyo.ac.jp/repo/s/medlib/document/43662580-46c5-380d-8b1e-06b1df238519,https://www.lib.u-tokyo.ac.jp/ja/library/contents/archives-top/reuse,https://iiif.dl.itc.u-tokyo.ac.jp/repo/files/medium/63e955b779ccb6c6e04a62f81c8e43e61656d352.jpg,https://iiif.dl.itc.u-tokyo.ac.jp/repo/api/items/1380123,"東京大学医学図書館 Medical Library, The University of Tokyo, JAPAN",http://iiif.io/api/presentation/2#rightToLeftDirection,,医学図書館デジタル史料室,0070,,https://iiif.dl.itc.u-tokyo.ac.jp/repo/iiif/43662580-46c5-380d-8b1e-06b1df238519/manifest,,,,,1
シーボルト記念碑(長崎諏訪公園),シーボルト キネンヒ ナガサキ スワ コウエン|Shiboruto Kinenhi Nagasaki Suwa Koen,精神医学教室旧蔵ガラス乾板,日本語,静止画資料,撮影者不明,,,,,1926年以前,小キャビネ,解説: 掲載:  長崎諏訪公園なるシーボルト先生記念碑 --『シーボルト先生 : 其生涯及功業』 第十一図表|現秩序no.: 71|紙焼き記載no.: C35,,,http://tify.sub.uni-goettingen.de/demo.html?manifest=https://archdataset.dl.itc.u-tokyo.ac.jp/manifest/c3eb26fa-7bfe-6a19-3538-e2ceaa40370c.json,c3eb26fa-7bfe-6a19-3538-e2ceaa40370c,https://iiif.dl.itc.u-tokyo.ac.jp/repo/s/medlib/,https://iiif.dl.itc.u-tokyo.ac.jp/repo/s/medlib/document/c3eb26fa-7bfe-6a19-3538-e2ceaa40370c,https://www.lib.u-tokyo.ac.jp/ja/library/contents/archives-top/reuse,https://iiif.dl.itc.u-tokyo.ac.jp/repo/files/medium/e81724a3b9a94b0d143fd849ec4dde5f3d69d174.jpg,https://iiif.dl.itc.u-tokyo.ac.jp/repo/api/items/1380124,"東京大学医学図書館 Medical Library, The University of Tokyo, JAPAN",http://iiif.io/api/presentation/2#rightToLeftDirection,,医学図書館デジタル史料室,0071,,https://iiif.dl.itc.u-tokyo.ac.jp/repo/iiif/c3eb26fa-7bfe-6a19-3538-e2ceaa40370c/manifest,,,,,1
本蓮寺一乗院,ホンレンジ イチジョウイン|Honrenji Ichijoin,精神医学教室旧蔵ガラス乾板,日本語,静止画資料,撮影者不明,,,,,不明,小キャビネ,解説: 「本蓮寺一乗院」の朱書きあり|加工: 朱書きあり|状態: 割れあり|現秩序no.: 72|紙焼き記載no.: C34,,,http://tify.sub.uni-goettingen.de/demo.html?manifest=https://archdataset.dl.itc.u-tokyo.ac.jp/manifest/85ee5315-9a1c-86b3-758d-9bbdae2a43e3.json,85ee5315-9a1c-86b3-758d-9bbdae2a43e3,https://iiif.dl.itc.u-tokyo.ac.jp/repo/s/medlib/,https://iiif.dl.itc.u-tokyo.ac.jp/repo/s/medlib/document/85ee5315-9a1c-86b3-758d-9bbdae2a43e3,https://www.lib.u-tokyo.ac.jp/ja/library/contents/archives-top/reuse,https://iiif.dl.itc.u-tokyo.ac.jp/repo/files/medium/7d79f22e4ecf44f4b69e59fd8426af93985120cb.jpg,https://iiif.dl.itc.u-tokyo.ac.jp/repo/api/items/1380125,"東京大学医学図書館 Medical Library, The University of Tokyo, JAPAN",http://iiif.io/api/presentation/2#rightToLeftDirection,,医学図書館デジタル史料室,0072,,https://iiif.dl.itc.u-tokyo.ac.jp/repo/iiif/85ee5315-9a1c-86b3-758d-9bbdae2a43e3/manifest,,,,,1
シーボルト肖像(1845年),シーボルト ショウゾウ 1845ネン|Shiboruto shozo 1845nen,精神医学教室旧蔵ガラス乾板,,静止画資料,撮影者不明,,,,,1926年以前,小キャビネ,解説: 掲載:  1845(弘化2年)のシーボルト先生 --『シーボルト先生 : 其生涯及功業』 写真版(図版)|加工: マスキング(右辺はがれ)|状態: 欠けあり|現秩序no.: 73|紙焼き記載no.: C33,,,http://tify.sub.uni-goettingen.de/demo.html?manifest=https://archdataset.dl.itc.u-tokyo.ac.jp/manifest/43f4fade-08a2-8d61-9c4d-7b8ac1ea994e.json,43f4fade-08a2-8d61-9c4d-7b8ac1ea994e,https://iiif.dl.itc.u-tokyo.ac.jp/repo/s/medlib/,https://iiif.dl.itc.u-tokyo.ac.jp/repo/s/medlib/document/43f4fade-08a2-8d61-9c4d-7b8ac1ea994e,https://www.lib.u-tokyo.ac.jp/ja/library/contents/archives-top/reuse,https://iiif.dl.itc.u-tokyo.ac.jp/repo/files/medium/9c2d82ada91cb8b7a02b3e7b11c5c092cb723e65.jpg,https://iiif.dl.itc.u-tokyo.ac.jp/repo/api/items/1380126,"東京大学医学図書館 Medical Library, The University of Tokyo, JAPAN",http://iiif.io/api/presentation/2#rightToLeftDirection,,医学図書館デジタル史料室,0073,,https://iiif.dl.itc.u-tokyo.ac.jp/repo/iiif/43f4fade-08a2-8d61-9c4d-7b8ac1ea994e/manifest,,,,,1
岡研介手書,オカ ケンカイ シュショ|Oka Kenkai shusho,精神医学教室旧蔵ガラス乾板,日本語,静止画資料,撮影者不明|岡研介,,,,,1926年以前,小キャビネ,解説: 掲載:  岡研介の手書(岡落葉君藏)--『シーボルト先生 : 其生涯及功業』 第百八十八図|加工: マスキング(右辺のみ残)|現秩序no.: 74|紙焼き記載no.: C32,,,http://tify.sub.uni-goettingen.de/demo.html?manifest=https://archdataset.dl.itc.u-tokyo.ac.jp/manifest/c2fb0251-81bc-1829-7ec4-3f100c506137.json,c2fb0251-81bc-1829-7ec4-3f100c506137,https://iiif.dl.itc.u-tokyo.ac.jp/repo/s/medlib/,https://iiif.dl.itc.u-tokyo.ac.jp/repo/s/medlib/document/c2fb0251-81bc-1829-7ec4-3f100c506137,https://www.lib.u-tokyo.ac.jp/ja/library/contents/archives-top/reuse,https://iiif.dl.itc.u-tokyo.ac.jp/repo/files/medium/9684e7bddde15bb3a4689238f712a584930e3e7f.jpg,https://iiif.dl.itc.u-tokyo.ac.jp/repo/api/items/1380127,"東京大学医学図書館 Medical Library, The University of Tokyo, JAPAN",http://iiif.io/api/presentation/2#rightToLeftDirection,,医学図書館デジタル史料室,0074,,https://iiif.dl.itc.u-tokyo.ac.jp/repo/iiif/c2fb0251-81bc-1829-7ec4-3f100c506137/manifest,,,,,1
馬場為八郎肖像,ババ タメハチロウ ショウゾウ|Baba Tamehachiro shozo,精神医学教室旧蔵ガラス乾板,オランダ語,静止画資料,撮影者不明,,,,,1926年以前,小キャビネ,解説: Tamifatsiro. 掲載:  馬場為八郎肖像(シーボルト先生「日本」所藏)--『シーボルト先生 : 其生涯及功業』 第二百七十二図。|加工: マスキング(左辺はがれ)|現秩序no.: 75|紙焼き記載no.: C31,,,http://tify.sub.uni-goettingen.de/demo.html?manifest=https://archdataset.dl.itc.u-tokyo.ac.jp/manifest/c09c989a-7c62-696f-1502-677f00c1a5d2.json,c09c989a-7c62-696f-1502-677f00c1a5d2,https://iiif.dl.itc.u-tokyo.ac.jp/repo/s/medlib/,https://iiif.dl.itc.u-tokyo.ac.jp/repo/s/medlib/document/c09c989a-7c62-696f-1502-677f00c1a5d2,https://www.lib.u-tokyo.ac.jp/ja/library/contents/archives-top/reuse,https://iiif.dl.itc.u-tokyo.ac.jp/repo/files/medium/963b978ea604446be2796d9a0a89230b5be85793.jpg,https://iiif.dl.itc.u-tokyo.ac.jp/repo/api/items/1380128,"東京大学医学図書館 Medical Library, The University of Tokyo, JAPAN",http://iiif.io/api/presentation/2#rightToLeftDirection,,医学図書館デジタル史料室,0075,,https://iiif.dl.itc.u-tokyo.ac.jp/repo/iiif/c09c989a-7c62-696f-1502-677f00c1a5d2/manifest,,,,,1
岡泰安画像,オカ タイアン ガゾウ|Oka Taian gazo,精神医学教室旧蔵ガラス乾板,日本語,静止画資料,撮影者不明|長八海,,,,,不明,小キャビネ,解説: 長谷部頼連(長八海)は江戸明治期の画家。山口県熊毛郡平生町文化8年(1811)生まれの毛利藩藩士、佐伯岸駒に入門。賛叙部分はP92|加工: マスキング(はがれ)|現秩序no.: 76|紙焼き記載no.: C30,,,http://tify.sub.uni-goettingen.de/demo.html?manifest=https://archdataset.dl.itc.u-tokyo.ac.jp/manifest/13e61de1-023c-09c8-23cc-0b593a3c1f8a.json,13e61de1-023c-09c8-23cc-0b593a3c1f8a,https://iiif.dl.itc.u-tokyo.ac.jp/repo/s/medlib/,https://iiif.dl.itc.u-tokyo.ac.jp/repo/s/medlib/document/13e61de1-023c-09c8-23cc-0b593a3c1f8a,https://www.lib.u-tokyo.ac.jp/ja/library/contents/archives-top/reuse,https://iiif.dl.itc.u-tokyo.ac.jp/repo/files/medium/3c17e72496e6fcacf4339cb90cda530876cd72d4.jpg,https://iiif.dl.itc.u-tokyo.ac.jp/repo/api/items/1380129,"東京大学医学図書館 Medical Library, The University of Tokyo, JAPAN",http://iiif.io/api/presentation/2#rightToLeftDirection,,医学図書館デジタル史料室,0076,,https://iiif.dl.itc.u-tokyo.ac.jp/repo/iiif/13e61de1-023c-09c8-23cc-0b593a3c1f8a/manifest,,,,,1
熱田玄庵書,アツタ ゲンアン ショ|Atsuta Gen-an sho,精神医学教室旧蔵ガラス乾板,日本語,静止画資料,撮影者不明|熱田玄庵,,,,,1923年以前,小キャビネ,解説: 掲載: 熱田玄庵書(熱田武雄君藏)--『華岡青洲先生及其外科』 第五十八|加工: マスキング(はがれ)|状態: 劣化大|現秩序no.: 77|紙焼き記載no.: C21,,,http://tify.sub.uni-goettingen.de/demo.html?manifest=https://archdataset.dl.itc.u-tokyo.ac.jp/manifest/4cf54c38-518f-52ce-72a2-c52e632835ec.json,4cf54c38-518f-52ce-72a2-c52e632835ec,https://iiif.dl.itc.u-tokyo.ac.jp/repo/s/medlib/,https://iiif.dl.itc.u-tokyo.ac.jp/repo/s/medlib/document/4cf54c38-518f-52ce-72a2-c52e632835ec,https://www.lib.u-tokyo.ac.jp/ja/library/contents/archives-top/reuse,https://iiif.dl.itc.u-tokyo.ac.jp/repo/files/medium/76151586736e9b5dd08fbda01fcdae2067ac5946.jpg,https://iiif.dl.itc.u-tokyo.ac.jp/repo/api/items/1380130,"東京大学医学図書館 Medical Library, The University of Tokyo, JAPAN",http://iiif.io/api/presentation/2#rightToLeftDirection,,医学図書館デジタル史料室,0077,,https://iiif.dl.itc.u-tokyo.ac.jp/repo/iiif/4cf54c38-518f-52ce-72a2-c52e632835ec/manifest,,,,,1
本間玄調書,ホンマ ゲンチョウ ショ|Homma Gencho sho,精神医学教室旧蔵ガラス乾板,日本語,静止画資料,撮影者不明|本間玄調,,,,,1923年以前,小キャビネ,解説: 掲載: 本間玄調ノ書(本間義三郎藏)--『華岡青洲先生及其外科』第五十一|加工: マスキング(はがれ)|現秩序no.: 78|紙焼き記載no.: C20,,,http://tify.sub.uni-goettingen.de/demo.html?manifest=https://archdataset.dl.itc.u-tokyo.ac.jp/manifest/0e85877c-a086-103f-7bd3-b9750f23911e.json,0e85877c-a086-103f-7bd3-b9750f23911e,https://iiif.dl.itc.u-tokyo.ac.jp/repo/s/medlib/,https://iiif.dl.itc.u-tokyo.ac.jp/repo/s/medlib/document/0e85877c-a086-103f-7bd3-b9750f23911e,https://www.lib.u-tokyo.ac.jp/ja/library/contents/archives-top/reuse,https://iiif.dl.itc.u-tokyo.ac.jp/repo/files/medium/0dd3fdeb60b2292e203edf9507529c5688687786.jpg,https://iiif.dl.itc.u-tokyo.ac.jp/repo/api/items/1380131,"東京大学医学図書館 Medical Library, The University of Tokyo, JAPAN",http://iiif.io/api/presentation/2#rightToLeftDirection,,医学図書館デジタル史料室,0078,,https://iiif.dl.itc.u-tokyo.ac.jp/repo/iiif/0e85877c-a086-103f-7bd3-b9750f23911e/manifest,,,,,1
"""De chirurgie, ende opera van alle de wercken""(1655年版) p.458",,精神医学教室旧蔵ガラス乾板,オランダ語,静止画資料,撮影者不明|Ambrosius Paré|Carel Baten,,,,,不明,小キャビネ,"解説: アンブロワーズ・パレ著 『外科全書』のオランダ語訳書。""De chirurgie, ende opera van alle de Wercken, van Mr. Ambrosius Paré, raedt ende opperste chirurgijn van vier koningen in Vranckrijck By Ian Fredericksz Stam, 1655"" p.458|状態: 紙片張り付きのあと|現秩序no.: 79|紙焼き記載no.: C53",,,http://tify.sub.uni-goettingen.de/demo.html?manifest=https://archdataset.dl.itc.u-tokyo.ac.jp/manifest/7f921cef-1e52-6a48-89a7-ac5285bb9e17.json,7f921cef-1e52-6a48-89a7-ac5285bb9e17,https://iiif.dl.itc.u-tokyo.ac.jp/repo/s/medlib/,https://iiif.dl.itc.u-tokyo.ac.jp/repo/s/medlib/document/7f921cef-1e52-6a48-89a7-ac5285bb9e17,https://www.lib.u-tokyo.ac.jp/ja/library/contents/archives-top/reuse,https://iiif.dl.itc.u-tokyo.ac.jp/repo/files/medium/2dade2a47f8198a53f6597f2afe2e579d0620480.jpg,https://iiif.dl.itc.u-tokyo.ac.jp/repo/api/items/1380132,"東京大学医学図書館 Medical Library, The University of Tokyo, JAPAN",http://iiif.io/api/presentation/2#rightToLeftDirection,,医学図書館デジタル史料室,0079,,https://iiif.dl.itc.u-tokyo.ac.jp/repo/iiif/7f921cef-1e52-6a48-89a7-ac5285bb9e17/manifest,,,,,1
扶氏経験遺訓 21-23巻,フシケイケンイクン|Fushikeiken'ikun,古典籍コレクション [医学図書館],日本語,,扶歇蘭度(フーフェランド)原著|緒方洪庵 等訳,,,,安政4年,,11冊 26cm,請求記号: HR:105、HR:106 附録、HR:110 薬方|資料解説: C. W. Hufeland (独 1762-1836) 「 Enchiridion medicum oder Anleitung zur medicinischen Praxis 」 の一部分を訳した。江戸時代の刊本西洋内科書として最も完備したものとされている。 訳者の緒方洪庵は、西洋医学所(種痘所の改称)の2代目頭取を務めた。|刊年2: 1857,,,http://tify.sub.uni-goettingen.de/demo.html?manifest=https://archdataset.dl.itc.u-tokyo.ac.jp/manifest/7230595e-f8ad-4ec5-8806-28c0360f6d33.json,7230595e-f8ad-4ec5-8806-28c0360f6d33,https://iiif.dl.itc.u-tokyo.ac.jp/repo/s/medlib,https://iiif.dl.itc.u-tokyo.ac.jp/repo/s/medlib/document/7230595e-f8ad-4ec5-8806-28c0360f6d33,https://www.lib.u-tokyo.ac.jp/ja/library/contents/archives-top/reuse,https://iiif.dl.itc.u-tokyo.ac.jp/repo/files/medium/9d22069663deeccce8eda798330108527dff1d9b.jpg,https://iiif.dl.itc.u-tokyo.ac.jp/repo/api/items/612068,"東京大学医学図書館 Medical Library, The University of Tokyo, JAPAN",http://iiif.io/api/presentation/2#rightToLeftDirection,,医学図書館デジタル史料室,008,,https://iiif.dl.itc.u-tokyo.ac.jp/repo/iiif/7230595e-f8ad-4ec5-8806-28c0360f6d33/manifest,,,,,110
"""De chirurgie, ende opera van alle de wercken""(1655年版) p.69",,精神医学教室旧蔵ガラス乾板,オランダ語,静止画資料,撮影者不明|Ambrosius Paré|Carel Baten,,,,,不明,小キャビネ,"解説: アンブロワーズ・パレ著 『外科全書』のオランダ語訳書。""De chirurgie, ende opera van alle de Wercken, van Mr. Ambrosius Paré, raedt ende opperste chirurgijn van vier koningen in Vranckrijck By Ian Fredericksz Stam, 1655"" p.69|状態: 紙片張り付きのあと|現秩序no.: 80|紙焼き記載no.: C52",,,http://tify.sub.uni-goettingen.de/demo.html?manifest=https://archdataset.dl.itc.u-tokyo.ac.jp/manifest/7625b3a6-5054-5fe0-71fb-23630a3f8778.json,7625b3a6-5054-5fe0-71fb-23630a3f8778,https://iiif.dl.itc.u-tokyo.ac.jp/repo/s/medlib/,https://iiif.dl.itc.u-tokyo.ac.jp/repo/s/medlib/document/7625b3a6-5054-5fe0-71fb-23630a3f8778,https://www.lib.u-tokyo.ac.jp/ja/library/contents/archives-top/reuse,https://iiif.dl.itc.u-tokyo.ac.jp/repo/files/medium/094c80d87c60641e33e552fa0a8d22bcd72182ad.jpg,https://iiif.dl.itc.u-tokyo.ac.jp/repo/api/items/1380133,"東京大学医学図書館 Medical Library, The University of Tokyo, JAPAN",http://iiif.io/api/presentation/2#rightToLeftDirection,,医学図書館デジタル史料室,0080,,https://iiif.dl.itc.u-tokyo.ac.jp/repo/iiif/7625b3a6-5054-5fe0-71fb-23630a3f8778/manifest,,,,,1
"""De chirurgie, ende opera van alle de wercken""(1655年版) [p.461]",,精神医学教室旧蔵ガラス乾板,オランダ語,静止画資料,撮影者不明|Ambrosius Paré|Carel Baten,,,,,不明,小キャビネ,"解説: アンブロワーズ・パレ著 『外科全書』のオランダ語訳書。""De chirurgie, ende opera van alle de Wercken, van Mr. Ambrosius Paré, raedt ende opperste chirurgijn van vier koningen in Vranckrijck By Ian Fredericksz Stam, 1655"" [p.461]|状態: 紙片張り付きのあと|現秩序no.: 81|紙焼き記載no.: C51",,,http://tify.sub.uni-goettingen.de/demo.html?manifest=https://archdataset.dl.itc.u-tokyo.ac.jp/manifest/d516e108-1164-1d04-64bf-f41136193ee3.json,d516e108-1164-1d04-64bf-f41136193ee3,https://iiif.dl.itc.u-tokyo.ac.jp/repo/s/medlib/,https://iiif.dl.itc.u-tokyo.ac.jp/repo/s/medlib/document/d516e108-1164-1d04-64bf-f41136193ee3,https://www.lib.u-tokyo.ac.jp/ja/library/contents/archives-top/reuse,https://iiif.dl.itc.u-tokyo.ac.jp/repo/files/medium/a670a4f5124b76a6705ff80ea32e2362d47bd624.jpg,https://iiif.dl.itc.u-tokyo.ac.jp/repo/api/items/1380134,"東京大学医学図書館 Medical Library, The University of Tokyo, JAPAN",http://iiif.io/api/presentation/2#rightToLeftDirection,,医学図書館デジタル史料室,0081,,https://iiif.dl.itc.u-tokyo.ac.jp/repo/iiif/d516e108-1164-1d04-64bf-f41136193ee3/manifest,,,,,1
"""De chirurgie, ende opera van alle de wercken""(1655年版) p.499",,精神医学教室旧蔵ガラス乾板,オランダ語,静止画資料,撮影者不明|Ambrosius Paré|Carel Baten,,,,,不明,小キャビネ,"解説: アンブロワーズ・パレ著 『外科全書』のオランダ語訳書。""De chirurgie, ende opera van alle de Wercken, van Mr. Ambrosius Paré, raedt ende opperste chirurgijn van vier koningen in Vranckrijck By Ian Fredericksz Stam, 1655"" p.499|状態: 紙片張り付きのあと|現秩序no.: 82|紙焼き記載no.: C50",,,http://tify.sub.uni-goettingen.de/demo.html?manifest=https://archdataset.dl.itc.u-tokyo.ac.jp/manifest/dfa2c6b3-5b18-88cc-59e2-3f486e4d4b74.json,dfa2c6b3-5b18-88cc-59e2-3f486e4d4b74,https://iiif.dl.itc.u-tokyo.ac.jp/repo/s/medlib/,https://iiif.dl.itc.u-tokyo.ac.jp/repo/s/medlib/document/dfa2c6b3-5b18-88cc-59e2-3f486e4d4b74,https://www.lib.u-tokyo.ac.jp/ja/library/contents/archives-top/reuse,https://iiif.dl.itc.u-tokyo.ac.jp/repo/files/medium/412d582efebbfb86c775c03156f669caf7dacc16.jpg,https://iiif.dl.itc.u-tokyo.ac.jp/repo/api/items/1380135,"東京大学医学図書館 Medical Library, The University of Tokyo, JAPAN",http://iiif.io/api/presentation/2#rightToLeftDirection,,医学図書館デジタル史料室,0082,,https://iiif.dl.itc.u-tokyo.ac.jp/repo/iiif/dfa2c6b3-5b18-88cc-59e2-3f486e4d4b74/manifest,,,,,1
"""De chirurgie, ende opera van alle de wercken""(1655年版) p.457",,精神医学教室旧蔵ガラス乾板,オランダ語,静止画資料,撮影者不明|Ambrosius Paré|Carel Baten,,,,,不明,小キャビネ,"解説: アンブロワーズ・パレ著 『外科全書』のオランダ語訳書。""De chirurgie, ende opera van alle de Wercken, van Mr. Ambrosius Paré, raedt ende opperste chirurgijn van vier koningen in Vranckrijck By Ian Fredericksz Stam, 1655"" p.457|状態: 紙片張り付きのあと|現秩序no.: 83|紙焼き記載no.: C49",,,http://tify.sub.uni-goettingen.de/demo.html?manifest=https://archdataset.dl.itc.u-tokyo.ac.jp/manifest/a32a6707-8dfd-9b6f-4460-f5c0f1ea8891.json,a32a6707-8dfd-9b6f-4460-f5c0f1ea8891,https://iiif.dl.itc.u-tokyo.ac.jp/repo/s/medlib/,https://iiif.dl.itc.u-tokyo.ac.jp/repo/s/medlib/document/a32a6707-8dfd-9b6f-4460-f5c0f1ea8891,https://www.lib.u-tokyo.ac.jp/ja/library/contents/archives-top/reuse,https://iiif.dl.itc.u-tokyo.ac.jp/repo/files/medium/50d49d2692c7c779e85e9b2beaa0ca82e5f3fe06.jpg,https://iiif.dl.itc.u-tokyo.ac.jp/repo/api/items/1380136,"東京大学医学図書館 Medical Library, The University of Tokyo, JAPAN",http://iiif.io/api/presentation/2#rightToLeftDirection,,医学図書館デジタル史料室,0083,,https://iiif.dl.itc.u-tokyo.ac.jp/repo/iiif/a32a6707-8dfd-9b6f-4460-f5c0f1ea8891/manifest,,,,,1
"""De chirurgie, ende opera van alle de wercken""(1655年版) p.461",,精神医学教室旧蔵ガラス乾板,オランダ語,静止画資料,撮影者不明|Ambrosius Paré|Carel Baten,,,,,不明,小キャビネ,"解説: アンブロワーズ・パレ著 『外科全書』のオランダ語訳書。""De chirurgie, ende opera van alle de Wercken, van Mr. Ambrosius Paré, raedt ende opperste chirurgijn van vier koningen in Vranckrijck By Ian Fredericksz Stam, 1655"" p.461|状態: 紙片張り付きのあと|現秩序no.: 84|紙焼き記載no.: C48",,,http://tify.sub.uni-goettingen.de/demo.html?manifest=https://archdataset.dl.itc.u-tokyo.ac.jp/manifest/7eac4c73-657f-409b-0fc5-500e8cfb6258.json,7eac4c73-657f-409b-0fc5-500e8cfb6258,https://iiif.dl.itc.u-tokyo.ac.jp/repo/s/medlib/,https://iiif.dl.itc.u-tokyo.ac.jp/repo/s/medlib/document/7eac4c73-657f-409b-0fc5-500e8cfb6258,https://www.lib.u-tokyo.ac.jp/ja/library/contents/archives-top/reuse,https://iiif.dl.itc.u-tokyo.ac.jp/repo/files/medium/a0d2106b6947184b9f604a0e192f8804f4856002.jpg,https://iiif.dl.itc.u-tokyo.ac.jp/repo/api/items/1380137,"東京大学医学図書館 Medical Library, The University of Tokyo, JAPAN",http://iiif.io/api/presentation/2#rightToLeftDirection,,医学図書館デジタル史料室,0084,,https://iiif.dl.itc.u-tokyo.ac.jp/repo/iiif/7eac4c73-657f-409b-0fc5-500e8cfb6258/manifest,,,,,1
"""De chirurgie, ende opera van alle de wercken""(1655年版) p.474",,精神医学教室旧蔵ガラス乾板,オランダ語,静止画資料,撮影者不明|Ambrosius Paré|Carel Baten,,,,,不明,小キャビネ,"解説: アンブロワーズ・パレ著 『外科全書』のオランダ語訳書。""De chirurgie, ende opera van alle de Wercken, van Mr. Ambrosius Paré, raedt ende opperste chirurgijn van vier koningen in Vranckrijck By Ian Fredericksz Stam, 1655"" p.474|状態: 紙片張り付きのあと|現秩序no.: 85|紙焼き記載no.: C47",,,http://tify.sub.uni-goettingen.de/demo.html?manifest=https://archdataset.dl.itc.u-tokyo.ac.jp/manifest/f3c89547-0ddd-8f93-a5c1-22afd48d403a.json,f3c89547-0ddd-8f93-a5c1-22afd48d403a,https://iiif.dl.itc.u-tokyo.ac.jp/repo/s/medlib/,https://iiif.dl.itc.u-tokyo.ac.jp/repo/s/medlib/document/f3c89547-0ddd-8f93-a5c1-22afd48d403a,https://www.lib.u-tokyo.ac.jp/ja/library/contents/archives-top/reuse,https://iiif.dl.itc.u-tokyo.ac.jp/repo/files/medium/2fa98bd100386eb886027450c0cdbeffcd1dc02c.jpg,https://iiif.dl.itc.u-tokyo.ac.jp/repo/api/items/1380138,"東京大学医学図書館 Medical Library, The University of Tokyo, JAPAN",http://iiif.io/api/presentation/2#rightToLeftDirection,,医学図書館デジタル史料室,0085,,https://iiif.dl.itc.u-tokyo.ac.jp/repo/iiif/f3c89547-0ddd-8f93-a5c1-22afd48d403a/manifest,,,,,1
熱田玄庵墓碑,アツタ ゲンアン ボヒ|Atsuta Gen-an bohi,精神医学教室旧蔵ガラス乾板,日本語,静止画資料,撮影者不明,,,,,1923年以前,小キャビネ,解説: 掲載: 熱田玄庵ノ墓碑--『華岡青洲先生及其外科』第六十|現秩序no.: 86|紙焼き記載no.: C15,,,http://tify.sub.uni-goettingen.de/demo.html?manifest=https://archdataset.dl.itc.u-tokyo.ac.jp/manifest/ae398c06-1c04-8d80-93b8-8aba80c2051b.json,ae398c06-1c04-8d80-93b8-8aba80c2051b,https://iiif.dl.itc.u-tokyo.ac.jp/repo/s/medlib/,https://iiif.dl.itc.u-tokyo.ac.jp/repo/s/medlib/document/ae398c06-1c04-8d80-93b8-8aba80c2051b,https://www.lib.u-tokyo.ac.jp/ja/library/contents/archives-top/reuse,https://iiif.dl.itc.u-tokyo.ac.jp/repo/files/medium/9e653c5d67a46cced1c52084c9521c61637a5480.jpg,https://iiif.dl.itc.u-tokyo.ac.jp/repo/api/items/1380139,"東京大学医学図書館 Medical Library, The University of Tokyo, JAPAN",http://iiif.io/api/presentation/2#rightToLeftDirection,,医学図書館デジタル史料室,0086,,https://iiif.dl.itc.u-tokyo.ac.jp/repo/iiif/ae398c06-1c04-8d80-93b8-8aba80c2051b/manifest,,,,,1
"""De chirurgie, ende opera van alle de wercken""(1655年版) p.561",,精神医学教室旧蔵ガラス乾板,オランダ語,静止画資料,撮影者不明|Ambrosius Paré|Carel Baten,,,,,不明,小キャビネ,"解説: アンブロワーズ・パレ著 『外科全書』のオランダ語訳書。""De chirurgie, ende opera van alle de Wercken, van Mr. Ambrosius Paré, raedt ende opperste chirurgijn van vier koningen in Vranckrijck By Ian Fredericksz Stam, 1655"" p.561|現秩序no.: 87|紙焼き記載no.: 記載なし[C46]",,,http://tify.sub.uni-goettingen.de/demo.html?manifest=https://archdataset.dl.itc.u-tokyo.ac.jp/manifest/038c4ad5-92da-92f4-6fc1-aef5defb40ac.json,038c4ad5-92da-92f4-6fc1-aef5defb40ac,https://iiif.dl.itc.u-tokyo.ac.jp/repo/s/medlib/,https://iiif.dl.itc.u-tokyo.ac.jp/repo/s/medlib/document/038c4ad5-92da-92f4-6fc1-aef5defb40ac,https://www.lib.u-tokyo.ac.jp/ja/library/contents/archives-top/reuse,https://iiif.dl.itc.u-tokyo.ac.jp/repo/files/medium/3afa916b9e77375c369263620b61134f1ea12070.jpg,https://iiif.dl.itc.u-tokyo.ac.jp/repo/api/items/1380140,"東京大学医学図書館 Medical Library, The University of Tokyo, JAPAN",http://iiif.io/api/presentation/2#rightToLeftDirection,,医学図書館デジタル史料室,0087,,https://iiif.dl.itc.u-tokyo.ac.jp/repo/iiif/038c4ad5-92da-92f4-6fc1-aef5defb40ac/manifest,,,,,1
ムラヴィヨフ=アムールスキー肖像,ムラヴィヨフ アムールスキー ショウゾウ|Muraviyofu Amurusuki shozo,精神医学教室旧蔵ガラス乾板,,静止画資料,撮影者不明,,,,,1926年以前,小キャビネ,解説: 掲載: 露西亜の東部西比利亜総督ラムヴィエフ --『シーボルト先生 : 其生涯及功業』第百二十図|状態: 紙片張り付きのあと|現秩序no.: 88|紙焼き記載no.: B17,,,http://tify.sub.uni-goettingen.de/demo.html?manifest=https://archdataset.dl.itc.u-tokyo.ac.jp/manifest/45ebda90-9f82-07aa-9a16-025723ab5184.json,45ebda90-9f82-07aa-9a16-025723ab5184,https://iiif.dl.itc.u-tokyo.ac.jp/repo/s/medlib/,https://iiif.dl.itc.u-tokyo.ac.jp/repo/s/medlib/document/45ebda90-9f82-07aa-9a16-025723ab5184,https://www.lib.u-tokyo.ac.jp/ja/library/contents/archives-top/reuse,https://iiif.dl.itc.u-tokyo.ac.jp/repo/files/medium/cfb29e465d463ee6a087dc3fecbb0ae3eba097f6.jpg,https://iiif.dl.itc.u-tokyo.ac.jp/repo/api/items/1380141,"東京大学医学図書館 Medical Library, The University of Tokyo, JAPAN",http://iiif.io/api/presentation/2#rightToLeftDirection,,医学図書館デジタル史料室,0088,,https://iiif.dl.itc.u-tokyo.ac.jp/repo/iiif/45ebda90-9f82-07aa-9a16-025723ab5184/manifest,,,,,1
プチャーチン写真,プチャーチン シャシン|Puchachin shashin,精神医学教室旧蔵ガラス乾板,,静止画資料,撮影者不明,,,,,1926年以前,小キャビネ,解説: 掲載: 露国の遣日使節プチャーチン(東大史料編纂掛藏)--『シーボルト先生 : 其生涯及功業』第百二十二図|状態: 紙片張り付きのあと|現秩序no.: 89|紙焼き記載no.: B16,,,http://tify.sub.uni-goettingen.de/demo.html?manifest=https://archdataset.dl.itc.u-tokyo.ac.jp/manifest/52301c18-9818-26e5-8342-dc3c03761162.json,52301c18-9818-26e5-8342-dc3c03761162,https://iiif.dl.itc.u-tokyo.ac.jp/repo/s/medlib/,https://iiif.dl.itc.u-tokyo.ac.jp/repo/s/medlib/document/52301c18-9818-26e5-8342-dc3c03761162,https://www.lib.u-tokyo.ac.jp/ja/library/contents/archives-top/reuse,https://iiif.dl.itc.u-tokyo.ac.jp/repo/files/medium/5af4d5858c57c4750b8a6526d2897e80c6b3b0f6.jpg,https://iiif.dl.itc.u-tokyo.ac.jp/repo/api/items/1380142,"東京大学医学図書館 Medical Library, The University of Tokyo, JAPAN",http://iiif.io/api/presentation/2#rightToLeftDirection,,医学図書館デジタル史料室,0089,,https://iiif.dl.itc.u-tokyo.ac.jp/repo/iiif/52301c18-9818-26e5-8342-dc3c03761162/manifest,,,,,1
扶氏経験遺訓 24-25巻,フシケイケンイクン|Fushikeiken'ikun,古典籍コレクション [医学図書館],日本語,,扶歇蘭度(フーフェランド)原著|緒方洪庵 等訳,,,,安政4年,,11冊 26cm,請求記号: HR:105、HR:106 附録、HR:110 薬方|資料解説: C. W. Hufeland (独 1762-1836) 「 Enchiridion medicum oder Anleitung zur medicinischen Praxis 」 の一部分を訳した。江戸時代の刊本西洋内科書として最も完備したものとされている。 訳者の緒方洪庵は、西洋医学所(種痘所の改称)の2代目頭取を務めた。|刊年2: 1857,,,http://tify.sub.uni-goettingen.de/demo.html?manifest=https://archdataset.dl.itc.u-tokyo.ac.jp/manifest/5cceae4f-1c36-416e-ab77-fc4b98d0a4da.json,5cceae4f-1c36-416e-ab77-fc4b98d0a4da,https://iiif.dl.itc.u-tokyo.ac.jp/repo/s/medlib,https://iiif.dl.itc.u-tokyo.ac.jp/repo/s/medlib/document/5cceae4f-1c36-416e-ab77-fc4b98d0a4da,https://www.lib.u-tokyo.ac.jp/ja/library/contents/archives-top/reuse,https://iiif.dl.itc.u-tokyo.ac.jp/repo/files/medium/f303dc25e0b721855823aa625c1bebf59bb5ed8e.jpg,https://iiif.dl.itc.u-tokyo.ac.jp/repo/api/items/612067,"東京大学医学図書館 Medical Library, The University of Tokyo, JAPAN",http://iiif.io/api/presentation/2#rightToLeftDirection,,医学図書館デジタル史料室,009,,https://iiif.dl.itc.u-tokyo.ac.jp/repo/iiif/5cceae4f-1c36-416e-ab77-fc4b98d0a4da/manifest,,,,,110
ハインリヒ・フォン・シーボルト自著,ハインリヒ フォン シーボルト ジチョ|Hainrihi fon Shiboruto jicho,精神医学教室旧蔵ガラス乾板,ドイツ語,静止画資料,撮影者不明|Heinrich von Siebold,,,,,1926年以前,小キャビネ,解説: 掲載: シーボルト先生の次男ハインリヒ・フォン・シーボルト写真及自著--『シーボルト先生 : 其生涯及功業』第百五十五図(部分を編集)|状態: 新聞紙張り付きのあと|現秩序no.: 90|紙焼き記載no.: B15,,,http://tify.sub.uni-goettingen.de/demo.html?manifest=https://archdataset.dl.itc.u-tokyo.ac.jp/manifest/c4599f68-68d2-9020-4138-221676f3214d.json,c4599f68-68d2-9020-4138-221676f3214d,https://iiif.dl.itc.u-tokyo.ac.jp/repo/s/medlib/,https://iiif.dl.itc.u-tokyo.ac.jp/repo/s/medlib/document/c4599f68-68d2-9020-4138-221676f3214d,https://www.lib.u-tokyo.ac.jp/ja/library/contents/archives-top/reuse,https://iiif.dl.itc.u-tokyo.ac.jp/repo/files/medium/a7a99f8c8c2e4ff965bede44ca448b454c55b438.jpg,https://iiif.dl.itc.u-tokyo.ac.jp/repo/api/items/1380143,"東京大学医学図書館 Medical Library, The University of Tokyo, JAPAN",http://iiif.io/api/presentation/2#rightToLeftDirection,,医学図書館デジタル史料室,0090,,https://iiif.dl.itc.u-tokyo.ac.jp/repo/iiif/c4599f68-68d2-9020-4138-221676f3214d/manifest,,,,,1
[オランダ語敬称],オランダゴ ケイショウ|Orandago Keisho,精神医学教室旧蔵ガラス乾板,オランダ語,静止画資料,撮影者不明,,,,,不明,小キャビネ,解説: [U Weledele Gestrenge](左上)[zijn]|状態: 新聞紙張り付きのあと|現秩序no.: 91|紙焼き記載no.: B14,,,http://tify.sub.uni-goettingen.de/demo.html?manifest=https://archdataset.dl.itc.u-tokyo.ac.jp/manifest/adc80994-8a4a-8326-5eef-2f590314517f.json,adc80994-8a4a-8326-5eef-2f590314517f,https://iiif.dl.itc.u-tokyo.ac.jp/repo/s/medlib/,https://iiif.dl.itc.u-tokyo.ac.jp/repo/s/medlib/document/adc80994-8a4a-8326-5eef-2f590314517f,https://www.lib.u-tokyo.ac.jp/ja/library/contents/archives-top/reuse,https://iiif.dl.itc.u-tokyo.ac.jp/repo/files/medium/0f128c5ae2ccc2ef1a2347ecf03459d2b1c70a2a.jpg,https://iiif.dl.itc.u-tokyo.ac.jp/repo/api/items/1380144,"東京大学医学図書館 Medical Library, The University of Tokyo, JAPAN",http://iiif.io/api/presentation/2#rightToLeftDirection,,医学図書館デジタル史料室,0091,,https://iiif.dl.itc.u-tokyo.ac.jp/repo/iiif/adc80994-8a4a-8326-5eef-2f590314517f/manifest,,,,,1
シーボルト再渡来当時の自署,シーボルト サイトライ トウジ ノ ジチョ|Shiboruto saitorai toji no jicho,精神医学教室旧蔵ガラス乾板,オランダ語,静止画資料,撮影者不明|Philipp Franz Balthasar von Siebold,,,,,不明,小キャビネ,解説: [gehoorzame dienaar] Dr. von Siebold. シーボルト先生再渡來當時の手署(出島爪哇蘭語文書ヨリ)--『シーボルト先生 : 其生涯及功業』第百三十図|状態: 新聞紙張り付きのあと|現秩序no.: 92|紙焼き記載no.: B13,,,http://tify.sub.uni-goettingen.de/demo.html?manifest=https://archdataset.dl.itc.u-tokyo.ac.jp/manifest/5521a1df-0680-3ea1-88f0-cbf4eda740fd.json,5521a1df-0680-3ea1-88f0-cbf4eda740fd,https://iiif.dl.itc.u-tokyo.ac.jp/repo/s/medlib/,https://iiif.dl.itc.u-tokyo.ac.jp/repo/s/medlib/document/5521a1df-0680-3ea1-88f0-cbf4eda740fd,https://www.lib.u-tokyo.ac.jp/ja/library/contents/archives-top/reuse,https://iiif.dl.itc.u-tokyo.ac.jp/repo/files/medium/934ba3c1a35a4a8b17553a7f53609342b3a5e540.jpg,https://iiif.dl.itc.u-tokyo.ac.jp/repo/api/items/1380145,"東京大学医学図書館 Medical Library, The University of Tokyo, JAPAN",http://iiif.io/api/presentation/2#rightToLeftDirection,,医学図書館デジタル史料室,0092,,https://iiif.dl.itc.u-tokyo.ac.jp/repo/iiif/5521a1df-0680-3ea1-88f0-cbf4eda740fd/manifest,,,,,1
『シーボルト先生 : 其生涯及功業』ドイツ語版表紙,シーボルト センセイ ソノ ショウガイ オヨビ コウギョウ ドイツゴバン ヒョウシ|Shiboruto Sensei Sono Shogai Oyobi Kogyo Doitsugoban hyoshi,精神医学教室旧蔵ガラス乾板,ドイツ語,静止画資料,撮影者不明,,,,,不明,小キャビネ,"解説: ""Ph. Fr. von Siebold : Der Erforscher Japans : sein Leben und Wirken : nach der japanischen Denkschrift des Dr. S. Kure"" Heinrich Friedrich von Siebold (Woerl Leipzig 1909)|状態: 割れあり、新聞紙張り付きのあと|現秩序no.: 93|紙焼き記載no.: B12",,,http://tify.sub.uni-goettingen.de/demo.html?manifest=https://archdataset.dl.itc.u-tokyo.ac.jp/manifest/86eff985-4218-8b3d-6c11-227721953ab4.json,86eff985-4218-8b3d-6c11-227721953ab4,https://iiif.dl.itc.u-tokyo.ac.jp/repo/s/medlib/,https://iiif.dl.itc.u-tokyo.ac.jp/repo/s/medlib/document/86eff985-4218-8b3d-6c11-227721953ab4,https://www.lib.u-tokyo.ac.jp/ja/library/contents/archives-top/reuse,https://iiif.dl.itc.u-tokyo.ac.jp/repo/files/medium/09e4b023d932285082ffa1b25e8a0421a9fb0670.jpg,https://iiif.dl.itc.u-tokyo.ac.jp/repo/api/items/1380146,"東京大学医学図書館 Medical Library, The University of Tokyo, JAPAN",http://iiif.io/api/presentation/2#rightToLeftDirection,,医学図書館デジタル史料室,0093,,https://iiif.dl.itc.u-tokyo.ac.jp/repo/iiif/86eff985-4218-8b3d-6c11-227721953ab4/manifest,,,,,1
良斎筆白楽天長恨歌,リョウサイ ヒツ ハクラクテン チョウゴンカ|Ryosai hitsu Hakurakuten Chogonka,精神医学教室旧蔵ガラス乾板,日本語,静止画資料,撮影者不明|高良斎,,,,,不明,小キャビネ,解説: 天保4年(1833)|加工: マスキング|状態: カビ多|現秩序no.: 94|紙焼き記載no.: C11,,,http://tify.sub.uni-goettingen.de/demo.html?manifest=https://archdataset.dl.itc.u-tokyo.ac.jp/manifest/87e928e4-a17d-6854-2ddc-8dbcdbf27b34.json,87e928e4-a17d-6854-2ddc-8dbcdbf27b34,https://iiif.dl.itc.u-tokyo.ac.jp/repo/s/medlib/,https://iiif.dl.itc.u-tokyo.ac.jp/repo/s/medlib/document/87e928e4-a17d-6854-2ddc-8dbcdbf27b34,https://www.lib.u-tokyo.ac.jp/ja/library/contents/archives-top/reuse,https://iiif.dl.itc.u-tokyo.ac.jp/repo/files/medium/c17bcd5a03611e0726f7d1554d09c22fa2cfbe4e.jpg,https://iiif.dl.itc.u-tokyo.ac.jp/repo/api/items/1380147,"東京大学医学図書館 Medical Library, The University of Tokyo, JAPAN",http://iiif.io/api/presentation/2#rightToLeftDirection,,医学図書館デジタル史料室,0094,,https://iiif.dl.itc.u-tokyo.ac.jp/repo/iiif/87e928e4-a17d-6854-2ddc-8dbcdbf27b34/manifest,,,,,1
夕樓酣適圖,ユウロウ カンテキ ズ|Yuro kanteki zu,精神医学教室旧蔵ガラス乾板,日本語,静止画資料,撮影者不明|高良齋|濱口南涯,,,,,不明,小キャビネ,解説: 高良齋創意、濱口南涯画、篠崎小竹賛、天保中(『シーボルト資料展覧会出品目録』による)|加工: マスキング(上辺はがれ)|状態: カビ多、劣化大|現秩序no.: 95|紙焼き記載no.: B10,,,http://tify.sub.uni-goettingen.de/demo.html?manifest=https://archdataset.dl.itc.u-tokyo.ac.jp/manifest/8a9323dc-42ec-8f7b-2fe4-d53ddca43c48.json,8a9323dc-42ec-8f7b-2fe4-d53ddca43c48,https://iiif.dl.itc.u-tokyo.ac.jp/repo/s/medlib/,https://iiif.dl.itc.u-tokyo.ac.jp/repo/s/medlib/document/8a9323dc-42ec-8f7b-2fe4-d53ddca43c48,https://www.lib.u-tokyo.ac.jp/ja/library/contents/archives-top/reuse,https://iiif.dl.itc.u-tokyo.ac.jp/repo/files/medium/ecd603b56b3b0cc073cdb9accf47f21dd7b82ac5.jpg,https://iiif.dl.itc.u-tokyo.ac.jp/repo/api/items/1380148,"東京大学医学図書館 Medical Library, The University of Tokyo, JAPAN",http://iiif.io/api/presentation/2#rightToLeftDirection,,医学図書館デジタル史料室,0095,,https://iiif.dl.itc.u-tokyo.ac.jp/repo/iiif/8a9323dc-42ec-8f7b-2fe4-d53ddca43c48/manifest,,,,,1
児玉順蔵署名,コダマ ジュンゾウ ショメイ|Kodama Junzo shomei,精神医学教室旧蔵ガラス乾板,日本語,静止画資料,撮影者不明|児玉順蔵,,,,,1926年以前,小キャビネ,解説: 掲載: 児玉順蔵の書(呉秀三その書状により)--『シーボルト先生 : 其生涯及功業』第二百三十図|加工: マスキング|現秩序no.: 96|紙焼き記載no.: B9,,,http://tify.sub.uni-goettingen.de/demo.html?manifest=https://archdataset.dl.itc.u-tokyo.ac.jp/manifest/766cab20-73cf-0046-7e10-92f2a3f6049b.json,766cab20-73cf-0046-7e10-92f2a3f6049b,https://iiif.dl.itc.u-tokyo.ac.jp/repo/s/medlib/,https://iiif.dl.itc.u-tokyo.ac.jp/repo/s/medlib/document/766cab20-73cf-0046-7e10-92f2a3f6049b,https://www.lib.u-tokyo.ac.jp/ja/library/contents/archives-top/reuse,https://iiif.dl.itc.u-tokyo.ac.jp/repo/files/medium/37a304cfbd936e1a7ec4d5f72ddfd24a056b1969.jpg,https://iiif.dl.itc.u-tokyo.ac.jp/repo/api/items/1380149,"東京大学医学図書館 Medical Library, The University of Tokyo, JAPAN",http://iiif.io/api/presentation/2#rightToLeftDirection,,医学図書館デジタル史料室,0096,,https://iiif.dl.itc.u-tokyo.ac.jp/repo/iiif/766cab20-73cf-0046-7e10-92f2a3f6049b/manifest,,,,,1
湊長安署名,ミナト チョウアン ショメイ|Minato Choan shomei,精神医学教室旧蔵ガラス乾板,日本語,静止画資料,撮影者不明|湊長安,,,,,1926年以前,小キャビネ,解説: 掲載: 湊長安署名及書面の一節(呉秀三藏)--『シーボルト先生 : 其生涯及功業』第百八十五図|加工: マスキング(一部かこみ)|現秩序no.: 97|紙焼き記載no.: B8,,,http://tify.sub.uni-goettingen.de/demo.html?manifest=https://archdataset.dl.itc.u-tokyo.ac.jp/manifest/0085384b-62e3-48ea-2a02-db429e2e4bb3.json,0085384b-62e3-48ea-2a02-db429e2e4bb3,https://iiif.dl.itc.u-tokyo.ac.jp/repo/s/medlib/,https://iiif.dl.itc.u-tokyo.ac.jp/repo/s/medlib/document/0085384b-62e3-48ea-2a02-db429e2e4bb3,https://www.lib.u-tokyo.ac.jp/ja/library/contents/archives-top/reuse,https://iiif.dl.itc.u-tokyo.ac.jp/repo/files/medium/e43c733beb779853d91ff77fb2843d6e7c763d99.jpg,https://iiif.dl.itc.u-tokyo.ac.jp/repo/api/items/1380150,"東京大学医学図書館 Medical Library, The University of Tokyo, JAPAN",http://iiif.io/api/presentation/2#rightToLeftDirection,,医学図書館デジタル史料室,0097,,https://iiif.dl.itc.u-tokyo.ac.jp/repo/iiif/0085384b-62e3-48ea-2a02-db429e2e4bb3/manifest,,,,,1
三宅艮齋肖像,ミヤケ ゴンサイ ショウゾウ|Miyake Gonsai shozo,精神医学教室旧蔵ガラス乾板,,静止画資料,撮影者不明,,,,,1926年以前,小キャビネ,解説: 掲載: 三宅艮齋の肖像(三宅秀君藏の写真より)--『シーボルト先生 : 其生涯及功業』第二百九十一図|状態: カビ多、新聞紙張り付きのあと|現秩序no.: 98|紙焼き記載no.: B7,,,http://tify.sub.uni-goettingen.de/demo.html?manifest=https://archdataset.dl.itc.u-tokyo.ac.jp/manifest/3e6c6822-1b55-4e85-8203-7ab45a8f354c.json,3e6c6822-1b55-4e85-8203-7ab45a8f354c,https://iiif.dl.itc.u-tokyo.ac.jp/repo/s/medlib/,https://iiif.dl.itc.u-tokyo.ac.jp/repo/s/medlib/document/3e6c6822-1b55-4e85-8203-7ab45a8f354c,https://www.lib.u-tokyo.ac.jp/ja/library/contents/archives-top/reuse,https://iiif.dl.itc.u-tokyo.ac.jp/repo/files/medium/7c13ee0209f0b31b3befcc0d9dfcad8ec9acd4f7.jpg,https://iiif.dl.itc.u-tokyo.ac.jp/repo/api/items/1380151,"東京大学医学図書館 Medical Library, The University of Tokyo, JAPAN",http://iiif.io/api/presentation/2#rightToLeftDirection,,医学図書館デジタル史料室,0098,,https://iiif.dl.itc.u-tokyo.ac.jp/repo/iiif/3e6c6822-1b55-4e85-8203-7ab45a8f354c/manifest,,,,,1
大槻磐水肖像,オオツキ バンスイ ショウゾウ|Otsuki Bansui shozo,精神医学教室旧蔵ガラス乾板,,静止画資料,撮影者不明,,,,,1926年以前,小キャビネ,解説: 掲載: 大槻磐水の肖像(大槻如電君藏)--『シーボルト先生 : 其生涯及功業』第二百六十六図|現秩序no.: 99|紙焼き記載no.: B6,,,http://tify.sub.uni-goettingen.de/demo.html?manifest=https://archdataset.dl.itc.u-tokyo.ac.jp/manifest/046fdb41-11d7-8c95-461c-592628da8a9c.json,046fdb41-11d7-8c95-461c-592628da8a9c,https://iiif.dl.itc.u-tokyo.ac.jp/repo/s/medlib/,https://iiif.dl.itc.u-tokyo.ac.jp/repo/s/medlib/document/046fdb41-11d7-8c95-461c-592628da8a9c,https://www.lib.u-tokyo.ac.jp/ja/library/contents/archives-top/reuse,https://iiif.dl.itc.u-tokyo.ac.jp/repo/files/medium/ef6f5f34ff210a7e2874ec33bdea12d76be30ad9.jpg,https://iiif.dl.itc.u-tokyo.ac.jp/repo/api/items/1380152,"東京大学医学図書館 Medical Library, The University of Tokyo, JAPAN",http://iiif.io/api/presentation/2#rightToLeftDirection,,医学図書館デジタル史料室,0099,,https://iiif.dl.itc.u-tokyo.ac.jp/repo/iiif/046fdb41-11d7-8c95-461c-592628da8a9c/manifest,,,,,1
扶氏経験遺訓 附録,フシケイケンイクン|Fushikeiken'ikun,古典籍コレクション [医学図書館],日本語,,扶歇蘭度(フーフェランド)原著|緒方洪庵 等訳,,,,安政4年,,11冊 26cm,請求記号: HR:106 附録|資料解説: C. W. Hufeland (独 1762-1836) 「 Enchiridion medicum oder Anleitung zur medicinischen Praxis 」 の一部分を訳した。江戸時代の刊本西洋内科書として最も完備したものとされている。 訳者の緒方洪庵は、西洋医学所(種痘所の改称)の2代目頭取を務めた。|刊年2: 1857,,,http://tify.sub.uni-goettingen.de/demo.html?manifest=https://archdataset.dl.itc.u-tokyo.ac.jp/manifest/4f9a8c43-d019-493e-b6e6-880ee99f4007.json,4f9a8c43-d019-493e-b6e6-880ee99f4007,https://iiif.dl.itc.u-tokyo.ac.jp/repo/s/medlib,https://iiif.dl.itc.u-tokyo.ac.jp/repo/s/medlib/document/4f9a8c43-d019-493e-b6e6-880ee99f4007,https://www.lib.u-tokyo.ac.jp/ja/library/contents/archives-top/reuse,https://iiif.dl.itc.u-tokyo.ac.jp/repo/files/medium/63f78c732c0f3b972d336b0ed9f05dbe38c7db1b.jpg,https://iiif.dl.itc.u-tokyo.ac.jp/repo/api/items/612066,"東京大学医学図書館 Medical Library, The University of Tokyo, JAPAN",http://iiif.io/api/presentation/2#rightToLeftDirection,,医学図書館デジタル史料室,010,,https://iiif.dl.itc.u-tokyo.ac.jp/repo/iiif/4f9a8c43-d019-493e-b6e6-880ee99f4007/manifest,,,,,99
新宮涼庭像,シングウ リョウテイ ゾウ|Shingu Ryotei zo,精神医学教室旧蔵ガラス乾板,,静止画資料,撮影者不明,,,,,不明,小キャビネ,解説: 新宮涼庭像木像の写しか(『医家先哲肖像集』掲載)|状態: 紙片張り付きのあと|現秩序no.: 100|紙焼き記載no.: B5,,,http://tify.sub.uni-goettingen.de/demo.html?manifest=https://archdataset.dl.itc.u-tokyo.ac.jp/manifest/c760e211-0a58-4e6c-4e05-e2e7a0dc8214.json,c760e211-0a58-4e6c-4e05-e2e7a0dc8214,https://iiif.dl.itc.u-tokyo.ac.jp/repo/s/medlib/,https://iiif.dl.itc.u-tokyo.ac.jp/repo/s/medlib/document/c760e211-0a58-4e6c-4e05-e2e7a0dc8214,https://www.lib.u-tokyo.ac.jp/ja/library/contents/archives-top/reuse,https://iiif.dl.itc.u-tokyo.ac.jp/repo/files/medium/6dd0dbb749b75baff1b41d5654f20664ec9f6454.jpg,https://iiif.dl.itc.u-tokyo.ac.jp/repo/api/items/1380153,"東京大学医学図書館 Medical Library, The University of Tokyo, JAPAN",http://iiif.io/api/presentation/2#rightToLeftDirection,,医学図書館デジタル史料室,0100,,https://iiif.dl.itc.u-tokyo.ac.jp/repo/iiif/c760e211-0a58-4e6c-4e05-e2e7a0dc8214/manifest,,,,,1
黒川良安肖像,クロカワ マサヤス ショウゾウ|Kurokawa Masayasu shozo,精神医学教室旧蔵ガラス乾板,,静止画資料,撮影者不明,,,,,1926年以前,小キャビネ,解説: 掲載: 黒川良安の像(呉秀三藏)--『シーボルト先生 : 其生涯及功業』第二百二十図|現秩序no.: 101|紙焼き記載no.: B4,,,http://tify.sub.uni-goettingen.de/demo.html?manifest=https://archdataset.dl.itc.u-tokyo.ac.jp/manifest/4b078628-2b70-95c1-82dd-7aced2e94216.json,4b078628-2b70-95c1-82dd-7aced2e94216,https://iiif.dl.itc.u-tokyo.ac.jp/repo/s/medlib/,https://iiif.dl.itc.u-tokyo.ac.jp/repo/s/medlib/document/4b078628-2b70-95c1-82dd-7aced2e94216,https://www.lib.u-tokyo.ac.jp/ja/library/contents/archives-top/reuse,https://iiif.dl.itc.u-tokyo.ac.jp/repo/files/medium/f5d7f7bdb9626c9d21a71c503731c429fd076b04.jpg,https://iiif.dl.itc.u-tokyo.ac.jp/repo/api/items/1380154,"東京大学医学図書館 Medical Library, The University of Tokyo, JAPAN",http://iiif.io/api/presentation/2#rightToLeftDirection,,医学図書館デジタル史料室,0101,,https://iiif.dl.itc.u-tokyo.ac.jp/repo/iiif/4b078628-2b70-95c1-82dd-7aced2e94216/manifest,,,,,1
宇田川榕菴肖像,ウタガワ ヨウアン ショウゾウ|Utagawa Yoan shozo,精神医学教室旧蔵ガラス乾板,,静止画資料,撮影者不明,,,,,1926年以前,小キャビネ,解説: 掲載: 宇田川榕菴の像(呉秀三氏藏)--『シーボルト先生 : 其生涯及功業』第二百六十一図|現秩序no.: 102|紙焼き記載no.: B3,,,http://tify.sub.uni-goettingen.de/demo.html?manifest=https://archdataset.dl.itc.u-tokyo.ac.jp/manifest/cd4f3f9c-27c9-158b-9715-e5de651c4e97.json,cd4f3f9c-27c9-158b-9715-e5de651c4e97,https://iiif.dl.itc.u-tokyo.ac.jp/repo/s/medlib/,https://iiif.dl.itc.u-tokyo.ac.jp/repo/s/medlib/document/cd4f3f9c-27c9-158b-9715-e5de651c4e97,https://www.lib.u-tokyo.ac.jp/ja/library/contents/archives-top/reuse,https://iiif.dl.itc.u-tokyo.ac.jp/repo/files/medium/295e3b417285c5f1b9e9922aa7668df4cc68a8ef.jpg,https://iiif.dl.itc.u-tokyo.ac.jp/repo/api/items/1380155,"東京大学医学図書館 Medical Library, The University of Tokyo, JAPAN",http://iiif.io/api/presentation/2#rightToLeftDirection,,医学図書館デジタル史料室,0102,,https://iiif.dl.itc.u-tokyo.ac.jp/repo/iiif/cd4f3f9c-27c9-158b-9715-e5de651c4e97/manifest,,,,,1
[ヴュルツブルクのシーボルト像建立記念写真],ヴュルツブルク ノ シーボルト ゾウ コンリュウ キネン シャシン|Vyurutsuburuku no shiboruto zo konryu kinen shashin,精神医学教室旧蔵ガラス乾板,,静止画資料,撮影者不明,,,,,1926年以前,小キャビネ,解説: 現在、ヴュルツブルク大学と裁判所のあいだにあるシーボルト像の建立記念写真か(『シーボルト先生 : 其生涯及功業』p887-889による)|状態: 紙片張り付きのあと|現秩序no.: 103|紙焼き記載no.: B2,,,http://tify.sub.uni-goettingen.de/demo.html?manifest=https://archdataset.dl.itc.u-tokyo.ac.jp/manifest/ec1a1e2b-340c-51b3-7a85-48d1980e96bb.json,ec1a1e2b-340c-51b3-7a85-48d1980e96bb,https://iiif.dl.itc.u-tokyo.ac.jp/repo/s/medlib/,https://iiif.dl.itc.u-tokyo.ac.jp/repo/s/medlib/document/ec1a1e2b-340c-51b3-7a85-48d1980e96bb,https://www.lib.u-tokyo.ac.jp/ja/library/contents/archives-top/reuse,https://iiif.dl.itc.u-tokyo.ac.jp/repo/files/medium/6824a5694f3af2909ccda45390142a4653433ab3.jpg,https://iiif.dl.itc.u-tokyo.ac.jp/repo/api/items/1380156,"東京大学医学図書館 Medical Library, The University of Tokyo, JAPAN",http://iiif.io/api/presentation/2#rightToLeftDirection,,医学図書館デジタル史料室,0103,,https://iiif.dl.itc.u-tokyo.ac.jp/repo/iiif/ec1a1e2b-340c-51b3-7a85-48d1980e96bb/manifest,,,,,1
梅木(東海道中名所図会),ウメノキ トウカイドウチュウ メイショ ズエ|Umenoki Tokaidochu Meisho Zue,精神医学教室旧蔵ガラス乾板,日本語,静止画資料,撮影者不明,,,,,1926年以前,小キャビネ,解説: 掲載: 梅ノ木村の大角買薬店(東海道中名所図会)--『シーボルト先生 : 其生涯及功業』第六十四図|加工: マスキング|状態: 紙片張り付きのあと|現秩序no.: 104|紙焼き記載no.: B1,,,http://tify.sub.uni-goettingen.de/demo.html?manifest=https://archdataset.dl.itc.u-tokyo.ac.jp/manifest/2f3cf3cc-8f5e-5056-8a79-5c14c7dc10ec.json,2f3cf3cc-8f5e-5056-8a79-5c14c7dc10ec,https://iiif.dl.itc.u-tokyo.ac.jp/repo/s/medlib/,https://iiif.dl.itc.u-tokyo.ac.jp/repo/s/medlib/document/2f3cf3cc-8f5e-5056-8a79-5c14c7dc10ec,https://www.lib.u-tokyo.ac.jp/ja/library/contents/archives-top/reuse,https://iiif.dl.itc.u-tokyo.ac.jp/repo/files/medium/ecc6693ad3f25587a595639186464aae18d346f1.jpg,https://iiif.dl.itc.u-tokyo.ac.jp/repo/api/items/1380157,"東京大学医学図書館 Medical Library, The University of Tokyo, JAPAN",http://iiif.io/api/presentation/2#rightToLeftDirection,,医学図書館デジタル史料室,0104,,https://iiif.dl.itc.u-tokyo.ac.jp/repo/iiif/2f3cf3cc-8f5e-5056-8a79-5c14c7dc10ec/manifest,,,,,1
大徳院法眼岡先生像賛并叙,ダイトクイン ホウゲン オカ センセイ ゾウ サン ナラビ ジョ|Daitokuin Hogen Oka sensei zo san narabi jo,精神医学教室旧蔵ガラス乾板,日本語,静止画資料,撮影者不明|生田箕山,イクタ キザン,,,,不明,"小キャビネ, 紙焼き",解説: 岡泰安像(no.76)の賛叙。源頼明は生田箕山の名。|現秩序no.: P92|紙焼き記載no.: C28,,,http://tify.sub.uni-goettingen.de/demo.html?manifest=https://archdataset.dl.itc.u-tokyo.ac.jp/manifest/524282cb-7611-8188-8049-442bacfd6a64.json,524282cb-7611-8188-8049-442bacfd6a64,https://iiif.dl.itc.u-tokyo.ac.jp/repo/s/medlib/,https://iiif.dl.itc.u-tokyo.ac.jp/repo/s/medlib/document/524282cb-7611-8188-8049-442bacfd6a64,https://www.lib.u-tokyo.ac.jp/ja/library/contents/archives-top/reuse,https://iiif.dl.itc.u-tokyo.ac.jp/repo/files/medium/f3af56cab246c1e0d813197a9757571922bc873c.jpg,https://iiif.dl.itc.u-tokyo.ac.jp/repo/api/items/1380158,"東京大学医学図書館 Medical Library, The University of Tokyo, JAPAN",http://iiif.io/api/presentation/2#rightToLeftDirection,,医学図書館デジタル史料室,0105,,https://iiif.dl.itc.u-tokyo.ac.jp/repo/iiif/524282cb-7611-8188-8049-442bacfd6a64/manifest,,,,,1
シーボルト夫人写真,シーボルト フジン シャシン|Shiboruto fujin shashin,精神医学教室旧蔵ガラス乾板,,静止画資料,撮影者不明,,,,,1926年以前,"小キャビネ, 紙焼き",解説: 掲載: シーボルト夫人五十余歳の写真(ウルムエルバハ男爵夫人藏)--『シーボルト先生 : 其生涯及功業』第百十二図|現秩序no.: P91|紙焼き記載no.: C29,,,http://tify.sub.uni-goettingen.de/demo.html?manifest=https://archdataset.dl.itc.u-tokyo.ac.jp/manifest/a8b49480-3fca-56c3-5bde-d7d8f73b5170.json,a8b49480-3fca-56c3-5bde-d7d8f73b5170,https://iiif.dl.itc.u-tokyo.ac.jp/repo/s/medlib/,https://iiif.dl.itc.u-tokyo.ac.jp/repo/s/medlib/document/a8b49480-3fca-56c3-5bde-d7d8f73b5170,https://www.lib.u-tokyo.ac.jp/ja/library/contents/archives-top/reuse,https://iiif.dl.itc.u-tokyo.ac.jp/repo/files/medium/c52d1b0f0973126c0c858290727c51b7374470fc.jpg,https://iiif.dl.itc.u-tokyo.ac.jp/repo/api/items/1380159,"東京大学医学図書館 Medical Library, The University of Tokyo, JAPAN",http://iiif.io/api/presentation/2#rightToLeftDirection,,医学図書館デジタル史料室,0106,,https://iiif.dl.itc.u-tokyo.ac.jp/repo/iiif/a8b49480-3fca-56c3-5bde-d7d8f73b5170/manifest,,,,,1
"""De chirurgie, ende opera van alle de wercken""(1655年版)p.493",,精神医学教室旧蔵ガラス乾板,オランダ語,静止画資料,撮影者不明|Ambrosius Paré|Carel Baten,,,,,不明,"小キャビネ, 紙焼き","解説: アンブロワーズ・パレ著 『外科全書』のオランダ語訳書。""De chirurgie, ende opera van alle de Wercken, van Mr. Ambrosius Paré, raedt ende opperste chirurgijn van vier koningen in Vranckrijck By Ian Fredericksz Stam, 1655"" p.493|現秩序no.: P66|紙焼き記載no.: C54",,,http://tify.sub.uni-goettingen.de/demo.html?manifest=https://archdataset.dl.itc.u-tokyo.ac.jp/manifest/b76caaa6-51d0-779d-a553-3130fc96322a.json,b76caaa6-51d0-779d-a553-3130fc96322a,https://iiif.dl.itc.u-tokyo.ac.jp/repo/s/medlib/,https://iiif.dl.itc.u-tokyo.ac.jp/repo/s/medlib/document/b76caaa6-51d0-779d-a553-3130fc96322a,https://www.lib.u-tokyo.ac.jp/ja/library/contents/archives-top/reuse,https://iiif.dl.itc.u-tokyo.ac.jp/repo/files/medium/26be8b8d8a16b3fc37bf01d5f1ec3d0b380bd8df.jpg,https://iiif.dl.itc.u-tokyo.ac.jp/repo/api/items/1380160,"東京大学医学図書館 Medical Library, The University of Tokyo, JAPAN",http://iiif.io/api/presentation/2#rightToLeftDirection,,医学図書館デジタル史料室,0107,,https://iiif.dl.itc.u-tokyo.ac.jp/repo/iiif/b76caaa6-51d0-779d-a553-3130fc96322a/manifest,,,,,1
扶氏経験遺訓 薬方,フシケイケンイクン|Fushikeiken'ikun,古典籍コレクション [医学図書館],日本語,,扶歇蘭度(フーフェランド)原著|緒方洪庵 等訳,,,,安政4年,,11冊 26cm,請求記号: HR:110 薬方|資料解説: C. W. Hufeland (独 1762-1836) 「 Enchiridion medicum oder Anleitung zur medicinischen Praxis 」 の一部分を訳した。江戸時代の刊本西洋内科書として最も完備したものとされている。 訳者の緒方洪庵は、西洋医学所(種痘所の改称)の2代目頭取を務めた。|刊年2: 1857,,,http://tify.sub.uni-goettingen.de/demo.html?manifest=https://archdataset.dl.itc.u-tokyo.ac.jp/manifest/17659500-1647-4d8d-8be7-37160e245967.json,17659500-1647-4d8d-8be7-37160e245967,https://iiif.dl.itc.u-tokyo.ac.jp/repo/s/medlib,https://iiif.dl.itc.u-tokyo.ac.jp/repo/s/medlib/document/17659500-1647-4d8d-8be7-37160e245967,https://www.lib.u-tokyo.ac.jp/ja/library/contents/archives-top/reuse,https://iiif.dl.itc.u-tokyo.ac.jp/repo/files/medium/12740e3b83ba3b4425095b02ccaa53707eb41029.jpg,https://iiif.dl.itc.u-tokyo.ac.jp/repo/api/items/612065,"東京大学医学図書館 Medical Library, The University of Tokyo, JAPAN",http://iiif.io/api/presentation/2#rightToLeftDirection,,医学図書館デジタル史料室,011,,https://iiif.dl.itc.u-tokyo.ac.jp/repo/iiif/17659500-1647-4d8d-8be7-37160e245967/manifest,,,,,68
病理略論 上,ビョウリリャクロン|Byouriryakuron,古典籍コレクション [医学図書館],日本語,,満斯歇児篤(マンスフェルト)講義,,,,明治4年,,2冊 23cm,請求記号: HR:13|資料解説: Mansvelt(オランダ 1832-1912) は長崎精得館(長崎大医学部)、熊本医学校などで教師を務めた。熊本では緒方正規、浜田玄達、北里柴三郎が学生としていた。|刊年2: 1871,,,http://tify.sub.uni-goettingen.de/demo.html?manifest=https://archdataset.dl.itc.u-tokyo.ac.jp/manifest/20e7ceec-5253-4bf1-8918-d47558d2a434.json,20e7ceec-5253-4bf1-8918-d47558d2a434,https://iiif.dl.itc.u-tokyo.ac.jp/repo/s/medlib,https://iiif.dl.itc.u-tokyo.ac.jp/repo/s/medlib/document/20e7ceec-5253-4bf1-8918-d47558d2a434,https://www.lib.u-tokyo.ac.jp/ja/library/contents/archives-top/reuse,https://iiif.dl.itc.u-tokyo.ac.jp/repo/files/medium/5c7a036792f69882078490245915ac687a82446c.jpg,https://iiif.dl.itc.u-tokyo.ac.jp/repo/api/items/612064,"東京大学医学図書館 Medical Library, The University of Tokyo, JAPAN",http://iiif.io/api/presentation/2#rightToLeftDirection,,医学図書館デジタル史料室,012,,https://iiif.dl.itc.u-tokyo.ac.jp/repo/iiif/20e7ceec-5253-4bf1-8918-d47558d2a434/manifest,,,,,32
病理略論 下,ビョウリリャクロン|Byouriryakuron,古典籍コレクション [医学図書館],日本語,,満斯歇児篤(マンスフェルト)講義,,,,明治4年,,2冊 23cm,請求記号: HR:13|資料解説: Mansvelt(オランダ 1832-1912) は長崎精得館(長崎大医学部)、熊本医学校などで教師を務めた。熊本では緒方正規、浜田玄達、北里柴三郎が学生としていた。|刊年2: 1871,,,http://tify.sub.uni-goettingen.de/demo.html?manifest=https://archdataset.dl.itc.u-tokyo.ac.jp/manifest/37466018-b28a-429b-84ea-f1669f44f92c.json,37466018-b28a-429b-84ea-f1669f44f92c,https://iiif.dl.itc.u-tokyo.ac.jp/repo/s/medlib,https://iiif.dl.itc.u-tokyo.ac.jp/repo/s/medlib/document/37466018-b28a-429b-84ea-f1669f44f92c,https://www.lib.u-tokyo.ac.jp/ja/library/contents/archives-top/reuse,https://iiif.dl.itc.u-tokyo.ac.jp/repo/files/medium/0d126d25cc287020501baa1c02c9dcb01269f080.jpg,https://iiif.dl.itc.u-tokyo.ac.jp/repo/api/items/612063,"東京大学医学図書館 Medical Library, The University of Tokyo, JAPAN",http://iiif.io/api/presentation/2#rightToLeftDirection,,医学図書館デジタル史料室,013,,https://iiif.dl.itc.u-tokyo.ac.jp/repo/iiif/37466018-b28a-429b-84ea-f1669f44f92c/manifest,,,,,37
痢病論,リビョウロン|Ribyouron,古典籍コレクション [医学図書館],日本語,,石黒忠悳,,,,不明,,1冊 23cm,請求記号: HR:153|資料解説: 題簽タイトル 「痢病論附録麻疹略論」|刊年2: 不明,,,http://tify.sub.uni-goettingen.de/demo.html?manifest=https://archdataset.dl.itc.u-tokyo.ac.jp/manifest/58deced2-6459-47b2-a841-8c07fd805494.json,58deced2-6459-47b2-a841-8c07fd805494,https://iiif.dl.itc.u-tokyo.ac.jp/repo/s/medlib,https://iiif.dl.itc.u-tokyo.ac.jp/repo/s/medlib/document/58deced2-6459-47b2-a841-8c07fd805494,https://www.lib.u-tokyo.ac.jp/ja/library/contents/archives-top/reuse,https://iiif.dl.itc.u-tokyo.ac.jp/repo/files/medium/bf1aec84b293a178c2b4b067cd646e4853140304.jpg,https://iiif.dl.itc.u-tokyo.ac.jp/repo/api/items/612062,"東京大学医学図書館 Medical Library, The University of Tokyo, JAPAN",http://iiif.io/api/presentation/2#rightToLeftDirection,,医学図書館デジタル史料室,014,,https://iiif.dl.itc.u-tokyo.ac.jp/repo/iiif/58deced2-6459-47b2-a841-8c07fd805494/manifest,,,,,32
済生備考 1巻,サイセイビコウ|Saiseibikou,古典籍コレクション [医学図書館],日本語,,杉田成郷,,,,嘉永3年,,2冊 26cm,請求記号: HR:160|資料解説: 著者の杉田成郷は杉田玄白の孫にあたり、わが国最初(1855年)のエーテル吸入麻酔を行った。この書の2巻には「麻酔」という用語が使用されている。1巻の聴胸器用法略説では、ラエネックスのテトスコープ(聴胸器)について図を載せて紹介している。|刊年2: 1850,,,http://tify.sub.uni-goettingen.de/demo.html?manifest=https://archdataset.dl.itc.u-tokyo.ac.jp/manifest/f9b4a49a-1b46-4fab-ace1-0bf5d8133fd3.json,f9b4a49a-1b46-4fab-ace1-0bf5d8133fd3,https://iiif.dl.itc.u-tokyo.ac.jp/repo/s/medlib,https://iiif.dl.itc.u-tokyo.ac.jp/repo/s/medlib/document/f9b4a49a-1b46-4fab-ace1-0bf5d8133fd3,https://www.lib.u-tokyo.ac.jp/ja/library/contents/archives-top/reuse,https://iiif.dl.itc.u-tokyo.ac.jp/repo/files/medium/fddf75c62f46c1a8c653c1b62415679fe3c1edf9.jpg,https://iiif.dl.itc.u-tokyo.ac.jp/repo/api/items/612061,"東京大学医学図書館 Medical Library, The University of Tokyo, JAPAN",http://iiif.io/api/presentation/2#rightToLeftDirection,,医学図書館デジタル史料室,015,,https://iiif.dl.itc.u-tokyo.ac.jp/repo/iiif/f9b4a49a-1b46-4fab-ace1-0bf5d8133fd3/manifest,,,,,25
済生備考 2巻,サイセイビコウ|Saiseibikou,古典籍コレクション [医学図書館],日本語,,杉田成郷,,,,嘉永3年,,2冊 26cm,請求記号: HR:160|資料解説: 著者の杉田成郷は杉田玄白の孫にあたり、わが国最初(1855年)のエーテル吸入麻酔を行った。この書の2巻には「麻酔」という用語が使用されている。1巻の聴胸器用法略説では、ラエネックスのテトスコープ(聴胸器)について図を載せて紹介している。|刊年2: 1850,,,http://tify.sub.uni-goettingen.de/demo.html?manifest=https://archdataset.dl.itc.u-tokyo.ac.jp/manifest/2da30615-00d0-4b0e-a178-a9b821f3eed2.json,2da30615-00d0-4b0e-a178-a9b821f3eed2,https://iiif.dl.itc.u-tokyo.ac.jp/repo/s/medlib,https://iiif.dl.itc.u-tokyo.ac.jp/repo/s/medlib/document/2da30615-00d0-4b0e-a178-a9b821f3eed2,https://www.lib.u-tokyo.ac.jp/ja/library/contents/archives-top/reuse,https://iiif.dl.itc.u-tokyo.ac.jp/repo/files/medium/be9d79634adbca4a74ecf5deaf032e82d4803282.jpg,https://iiif.dl.itc.u-tokyo.ac.jp/repo/api/items/612060,"東京大学医学図書館 Medical Library, The University of Tokyo, JAPAN",http://iiif.io/api/presentation/2#rightToLeftDirection,,医学図書館デジタル史料室,016,,https://iiif.dl.itc.u-tokyo.ac.jp/repo/iiif/2da30615-00d0-4b0e-a178-a9b821f3eed2/manifest,,,,,49
増補改正譯鍵 1巻,ゾウホカイセイヤッケン|Zouhokaiseiyakken,古典籍コレクション [医学図書館],日本語,,廣田憲寛,,,,安政4年,,5冊 26cm,請求記号: HR:222|刊年2: 1857,,,http://tify.sub.uni-goettingen.de/demo.html?manifest=https://archdataset.dl.itc.u-tokyo.ac.jp/manifest/09069c95-b1bc-4ed8-b21c-0f1359b68641.json,09069c95-b1bc-4ed8-b21c-0f1359b68641,https://iiif.dl.itc.u-tokyo.ac.jp/repo/s/medlib,https://iiif.dl.itc.u-tokyo.ac.jp/repo/s/medlib/document/09069c95-b1bc-4ed8-b21c-0f1359b68641,https://www.lib.u-tokyo.ac.jp/ja/library/contents/archives-top/reuse,https://iiif.dl.itc.u-tokyo.ac.jp/repo/files/medium/83540b5596bf61e60f686161fbaaae45c48b03bc.jpg,https://iiif.dl.itc.u-tokyo.ac.jp/repo/api/items/612059,"東京大学医学図書館 Medical Library, The University of Tokyo, JAPAN",http://iiif.io/api/presentation/2#rightToLeftDirection,,医学図書館デジタル史料室,017,,https://iiif.dl.itc.u-tokyo.ac.jp/repo/iiif/09069c95-b1bc-4ed8-b21c-0f1359b68641/manifest,,,,,76
増補改正譯鍵 2巻,ゾウホカイセイヤッケン|Zouhokaiseiyakken,古典籍コレクション [医学図書館],日本語,,廣田憲寛,,,,安政4年,,5冊 26cm,請求記号: HR:222|刊年2: 1857,,,http://tify.sub.uni-goettingen.de/demo.html?manifest=https://archdataset.dl.itc.u-tokyo.ac.jp/manifest/23da5ff3-00a8-4dfb-a985-3854b05e3d3d.json,23da5ff3-00a8-4dfb-a985-3854b05e3d3d,https://iiif.dl.itc.u-tokyo.ac.jp/repo/s/medlib,https://iiif.dl.itc.u-tokyo.ac.jp/repo/s/medlib/document/23da5ff3-00a8-4dfb-a985-3854b05e3d3d,https://www.lib.u-tokyo.ac.jp/ja/library/contents/archives-top/reuse,https://iiif.dl.itc.u-tokyo.ac.jp/repo/files/medium/f7779fbd406d45cd47714e837a907675b3899421.jpg,https://iiif.dl.itc.u-tokyo.ac.jp/repo/api/items/612058,"東京大学医学図書館 Medical Library, The University of Tokyo, JAPAN",http://iiif.io/api/presentation/2#rightToLeftDirection,,医学図書館デジタル史料室,018,,https://iiif.dl.itc.u-tokyo.ac.jp/repo/iiif/23da5ff3-00a8-4dfb-a985-3854b05e3d3d/manifest,,,,,82
増補改正譯鍵 3巻,ゾウホカイセイヤッケン|Zouhokaiseiyakken,古典籍コレクション [医学図書館],日本語,,廣田憲寛,,,,安政4年,,5冊 26cm,請求記号: HR:222|刊年2: 1857,,,http://tify.sub.uni-goettingen.de/demo.html?manifest=https://archdataset.dl.itc.u-tokyo.ac.jp/manifest/ba950012-a630-409d-b92a-83efc00a6dc1.json,ba950012-a630-409d-b92a-83efc00a6dc1,https://iiif.dl.itc.u-tokyo.ac.jp/repo/s/medlib,https://iiif.dl.itc.u-tokyo.ac.jp/repo/s/medlib/document/ba950012-a630-409d-b92a-83efc00a6dc1,https://www.lib.u-tokyo.ac.jp/ja/library/contents/archives-top/reuse,https://iiif.dl.itc.u-tokyo.ac.jp/repo/files/medium/bbdaec8c3508aeecde49c6c295e6a1753921753e.jpg,https://iiif.dl.itc.u-tokyo.ac.jp/repo/api/items/612057,"東京大学医学図書館 Medical Library, The University of Tokyo, JAPAN",http://iiif.io/api/presentation/2#rightToLeftDirection,,医学図書館デジタル史料室,019,,https://iiif.dl.itc.u-tokyo.ac.jp/repo/iiif/ba950012-a630-409d-b92a-83efc00a6dc1/manifest,,,,,91
増補改正譯鍵 4巻,ゾウホカイセイヤッケン|Zouhokaiseiyakken,古典籍コレクション [医学図書館],日本語,,廣田憲寛,,,,安政4年,,5冊 26cm,請求記号: HR:222|刊年2: 1857,,,http://tify.sub.uni-goettingen.de/demo.html?manifest=https://archdataset.dl.itc.u-tokyo.ac.jp/manifest/399c0f15-28b8-4fb7-ae3c-9533cde36b76.json,399c0f15-28b8-4fb7-ae3c-9533cde36b76,https://iiif.dl.itc.u-tokyo.ac.jp/repo/s/medlib,https://iiif.dl.itc.u-tokyo.ac.jp/repo/s/medlib/document/399c0f15-28b8-4fb7-ae3c-9533cde36b76,https://www.lib.u-tokyo.ac.jp/ja/library/contents/archives-top/reuse,https://iiif.dl.itc.u-tokyo.ac.jp/repo/files/medium/a40dfc01f0ab23dece6f86b47d1d5b0eaca29885.jpg,https://iiif.dl.itc.u-tokyo.ac.jp/repo/api/items/612056,"東京大学医学図書館 Medical Library, The University of Tokyo, JAPAN",http://iiif.io/api/presentation/2#rightToLeftDirection,,医学図書館デジタル史料室,020,,https://iiif.dl.itc.u-tokyo.ac.jp/repo/iiif/399c0f15-28b8-4fb7-ae3c-9533cde36b76/manifest,,,,,84
増補改正譯鍵 5巻,ゾウホカイセイヤッケン|Zouhokaiseiyakken,古典籍コレクション [医学図書館],日本語,,廣田憲寛,,,,安政4年,,5冊 26cm,請求記号: HR:222|刊年2: 1857,,,http://tify.sub.uni-goettingen.de/demo.html?manifest=https://archdataset.dl.itc.u-tokyo.ac.jp/manifest/2f844131-df23-4484-b6a0-a872a9278926.json,2f844131-df23-4484-b6a0-a872a9278926,https://iiif.dl.itc.u-tokyo.ac.jp/repo/s/medlib,https://iiif.dl.itc.u-tokyo.ac.jp/repo/s/medlib/document/2f844131-df23-4484-b6a0-a872a9278926,https://www.lib.u-tokyo.ac.jp/ja/library/contents/archives-top/reuse,https://iiif.dl.itc.u-tokyo.ac.jp/repo/files/medium/8748ef379e22d6c8b6329465ed52847a59824bd2.jpg,https://iiif.dl.itc.u-tokyo.ac.jp/repo/api/items/612055,"東京大学医学図書館 Medical Library, The University of Tokyo, JAPAN",http://iiif.io/api/presentation/2#rightToLeftDirection,,医学図書館デジタル史料室,021,,https://iiif.dl.itc.u-tokyo.ac.jp/repo/iiif/2f844131-df23-4484-b6a0-a872a9278926/manifest,,,,,85
扶氏診断,フシシンダン|Fushishindan,古典籍コレクション [医学図書館],日本語,,扶歇蘭度(フーフェランド)著|山本致美 譯|大槻俊斎 閲,,,,安政5年,,1冊 26cm,請求記号: HR:240|資料解説: C. W. Hufeland (独 1762-1836) 「 Enchiridion medicum oder Anleitung zur medicinischen Praxis 」 の一部分を訳した。校閲者の大槻俊斎は、お玉ヶ池種痘所設立のために拠金した83名の蘭方医のうちの一人で、初代の頭取を務めた。|刊年2: 1858,,,http://tify.sub.uni-goettingen.de/demo.html?manifest=https://archdataset.dl.itc.u-tokyo.ac.jp/manifest/56b458c7-dee8-4861-9826-31fbbe9ee636.json,56b458c7-dee8-4861-9826-31fbbe9ee636,https://iiif.dl.itc.u-tokyo.ac.jp/repo/s/medlib,https://iiif.dl.itc.u-tokyo.ac.jp/repo/s/medlib/document/56b458c7-dee8-4861-9826-31fbbe9ee636,https://www.lib.u-tokyo.ac.jp/ja/library/contents/archives-top/reuse,https://iiif.dl.itc.u-tokyo.ac.jp/repo/files/medium/06fcead714cfb7983504836067061589dadd2b62.jpg,https://iiif.dl.itc.u-tokyo.ac.jp/repo/api/items/612054,"東京大学医学図書館 Medical Library, The University of Tokyo, JAPAN",http://iiif.io/api/presentation/2#rightToLeftDirection,,医学図書館デジタル史料室,022,,https://iiif.dl.itc.u-tokyo.ac.jp/repo/iiif/56b458c7-dee8-4861-9826-31fbbe9ee636/manifest,,,,,106
眼科新書 5巻,ガンカシンショ|Gankashinsho,古典籍コレクション [医学図書館],日本語,,不冷吉(プレンキ)著|杉田立卿 訳,,,,文化12年,,5冊 27cm,請求記号: HR:243|資料解説: Plenck (オーストリア 1733-1807) の眼科書を訳したもの、日本で最初に訳された眼科書である。 眼球解剖図(眼球略図)は江戸後期の洋風画家 石川大浪による。訳者の杉田立卿は、杉田玄白の息子。|刊年2: 1815,,,http://tify.sub.uni-goettingen.de/demo.html?manifest=https://archdataset.dl.itc.u-tokyo.ac.jp/manifest/0a17d974-70c3-41bb-9b5b-ec302b92c089.json,0a17d974-70c3-41bb-9b5b-ec302b92c089,https://iiif.dl.itc.u-tokyo.ac.jp/repo/s/medlib,https://iiif.dl.itc.u-tokyo.ac.jp/repo/s/medlib/document/0a17d974-70c3-41bb-9b5b-ec302b92c089,https://www.lib.u-tokyo.ac.jp/ja/library/contents/archives-top/reuse,https://iiif.dl.itc.u-tokyo.ac.jp/repo/files/medium/eee3cc26d50c9d7007bb4bb3888860a96908ba0b.jpg,https://iiif.dl.itc.u-tokyo.ac.jp/repo/api/items/612053,"東京大学医学図書館 Medical Library, The University of Tokyo, JAPAN",http://iiif.io/api/presentation/2#rightToLeftDirection,,医学図書館デジタル史料室,023,,https://iiif.dl.itc.u-tokyo.ac.jp/repo/iiif/0a17d974-70c3-41bb-9b5b-ec302b92c089/manifest,,,,,41
眼科新書 1巻,ガンカシンショ|Gankashinsho,古典籍コレクション [医学図書館],日本語,,不冷吉(プレンキ)著|杉田立卿 訳,,,,文化12年,,5冊 27cm,請求記号: HR:243|資料解説: Plenck (オーストリア 1733-1807) の眼科書を訳したもの、日本で最初に訳された眼科書である。 眼球解剖図(眼球略図)は江戸後期の洋風画家 石川大浪による。訳者の杉田立卿は、杉田玄白の息子。|刊年2: 1815,,,http://tify.sub.uni-goettingen.de/demo.html?manifest=https://archdataset.dl.itc.u-tokyo.ac.jp/manifest/65a858a8-cbc4-4b73-a637-10ae415134fb.json,65a858a8-cbc4-4b73-a637-10ae415134fb,https://iiif.dl.itc.u-tokyo.ac.jp/repo/s/medlib,https://iiif.dl.itc.u-tokyo.ac.jp/repo/s/medlib/document/65a858a8-cbc4-4b73-a637-10ae415134fb,https://www.lib.u-tokyo.ac.jp/ja/library/contents/archives-top/reuse,https://iiif.dl.itc.u-tokyo.ac.jp/repo/files/medium/622c898c6923caea5d54cdce0aad2ab716397510.jpg,https://iiif.dl.itc.u-tokyo.ac.jp/repo/api/items/612052,"東京大学医学図書館 Medical Library, The University of Tokyo, JAPAN",http://iiif.io/api/presentation/2#rightToLeftDirection,,医学図書館デジタル史料室,024,,https://iiif.dl.itc.u-tokyo.ac.jp/repo/iiif/65a858a8-cbc4-4b73-a637-10ae415134fb/manifest,,,,,53
眼科新書 2巻,ガンカシンショ|Gankashinsho,古典籍コレクション [医学図書館],日本語,,不冷吉(プレンキ)著|杉田立卿 訳,,,,文化12年,,5冊 27cm,請求記号: HR:243|資料解説: Plenck (オーストリア 1733-1807) の眼科書を訳したもの、日本で最初に訳された眼科書である。 眼球解剖図(眼球略図)は江戸後期の洋風画家 石川大浪による。訳者の杉田立卿は、杉田玄白の息子。|刊年2: 1815,,,http://tify.sub.uni-goettingen.de/demo.html?manifest=https://archdataset.dl.itc.u-tokyo.ac.jp/manifest/70ae7226-c2e1-43d2-a8fd-92e77a8b32f8.json,70ae7226-c2e1-43d2-a8fd-92e77a8b32f8,https://iiif.dl.itc.u-tokyo.ac.jp/repo/s/medlib,https://iiif.dl.itc.u-tokyo.ac.jp/repo/s/medlib/document/70ae7226-c2e1-43d2-a8fd-92e77a8b32f8,https://www.lib.u-tokyo.ac.jp/ja/library/contents/archives-top/reuse,https://iiif.dl.itc.u-tokyo.ac.jp/repo/files/medium/7a122feb39ae2b681c81460403386042561a13ed.jpg,https://iiif.dl.itc.u-tokyo.ac.jp/repo/api/items/612051,"東京大学医学図書館 Medical Library, The University of Tokyo, JAPAN",http://iiif.io/api/presentation/2#rightToLeftDirection,,医学図書館デジタル史料室,025,,https://iiif.dl.itc.u-tokyo.ac.jp/repo/iiif/70ae7226-c2e1-43d2-a8fd-92e77a8b32f8/manifest,,,,,37
眼科新書 3巻,ガンカシンショ|Gankashinsho,古典籍コレクション [医学図書館],日本語,,不冷吉(プレンキ)著|杉田立卿 訳,,,,文化12年,,5冊 27cm,請求記号: HR:243|資料解説: Plenck (オーストリア 1733-1807) の眼科書を訳したもの、日本で最初に訳された眼科書である。 眼球解剖図(眼球略図)は江戸後期の洋風画家 石川大浪による。訳者の杉田立卿は、杉田玄白の息子。|刊年2: 1815,,,http://tify.sub.uni-goettingen.de/demo.html?manifest=https://archdataset.dl.itc.u-tokyo.ac.jp/manifest/a5335ef7-4979-445d-ad88-801c2da59ed9.json,a5335ef7-4979-445d-ad88-801c2da59ed9,https://iiif.dl.itc.u-tokyo.ac.jp/repo/s/medlib,https://iiif.dl.itc.u-tokyo.ac.jp/repo/s/medlib/document/a5335ef7-4979-445d-ad88-801c2da59ed9,https://www.lib.u-tokyo.ac.jp/ja/library/contents/archives-top/reuse,https://iiif.dl.itc.u-tokyo.ac.jp/repo/files/medium/b169e519d9ad8eb916d701645cce4a687e4e7e1a.jpg,https://iiif.dl.itc.u-tokyo.ac.jp/repo/api/items/612050,"東京大学医学図書館 Medical Library, The University of Tokyo, JAPAN",http://iiif.io/api/presentation/2#rightToLeftDirection,,医学図書館デジタル史料室,026,,https://iiif.dl.itc.u-tokyo.ac.jp/repo/iiif/a5335ef7-4979-445d-ad88-801c2da59ed9/manifest,,,,,37
眼科新書 4巻,ガンカシンショ|Gankashinsho,古典籍コレクション [医学図書館],日本語,,不冷吉(プレンキ)著|杉田立卿 訳,,,,文化12年,,5冊 27cm,請求記号: HR:243|資料解説: Plenck (オーストリア 1733-1807) の眼科書を訳したもの、日本で最初に訳された眼科書である。 眼球解剖図(眼球略図)は江戸後期の洋風画家 石川大浪による。訳者の杉田立卿は、杉田玄白の息子。|刊年2: 1815,,,http://tify.sub.uni-goettingen.de/demo.html?manifest=https://archdataset.dl.itc.u-tokyo.ac.jp/manifest/c640c53d-2cdb-4d29-bbab-88b786bbec50.json,c640c53d-2cdb-4d29-bbab-88b786bbec50,https://iiif.dl.itc.u-tokyo.ac.jp/repo/s/medlib,https://iiif.dl.itc.u-tokyo.ac.jp/repo/s/medlib/document/c640c53d-2cdb-4d29-bbab-88b786bbec50,https://www.lib.u-tokyo.ac.jp/ja/library/contents/archives-top/reuse,https://iiif.dl.itc.u-tokyo.ac.jp/repo/files/medium/3e2ad18f4f3a6360f077151ada9003148b9b0de8.jpg,https://iiif.dl.itc.u-tokyo.ac.jp/repo/api/items/612049,"東京大学医学図書館 Medical Library, The University of Tokyo, JAPAN",http://iiif.io/api/presentation/2#rightToLeftDirection,,医学図書館デジタル史料室,027,,https://iiif.dl.itc.u-tokyo.ac.jp/repo/iiif/c640c53d-2cdb-4d29-bbab-88b786bbec50/manifest,,,,,37
日講紀聞 1巻,ニッコウキブン|Nikkoukibun,古典籍コレクション [医学図書館],日本語,,抱獨英(ボードイン)氏口授,,,,明治3年,,4冊 23cm,請求記号: HR:267|資料解説: Bauduin (オランダ 1882-1885)は、長崎養生所で教えていたポンペの後任として1862年に来日する。再来日した1869年より大阪医学校で教えた後、大学東校で約2ヶ月間教壇に立った。この書はその時の講義録をまとめたもの。当時、大学東校は上野への移転計画があり図面作成など準備が進められていたが、ボードインはこの計画に強く反対した。後に上野移転は中止となり、代わりに本郷の旧加賀藩邸へ移ることとなった。|刊年2: 1870,,,http://tify.sub.uni-goettingen.de/demo.html?manifest=https://archdataset.dl.itc.u-tokyo.ac.jp/manifest/e2551a07-6d02-499c-8185-a627fdcfc362.json,e2551a07-6d02-499c-8185-a627fdcfc362,https://iiif.dl.itc.u-tokyo.ac.jp/repo/s/medlib,https://iiif.dl.itc.u-tokyo.ac.jp/repo/s/medlib/document/e2551a07-6d02-499c-8185-a627fdcfc362,https://www.lib.u-tokyo.ac.jp/ja/library/contents/archives-top/reuse,https://iiif.dl.itc.u-tokyo.ac.jp/repo/files/medium/59d3639ac41afb4064fdb4244d3c3a0e2eb869a6.jpg,https://iiif.dl.itc.u-tokyo.ac.jp/repo/api/items/612048,"東京大学医学図書館 Medical Library, The University of Tokyo, JAPAN",http://iiif.io/api/presentation/2#rightToLeftDirection,,医学図書館デジタル史料室,028,,https://iiif.dl.itc.u-tokyo.ac.jp/repo/iiif/e2551a07-6d02-499c-8185-a627fdcfc362/manifest,,,,,41
日講紀聞 2巻,ニッコウキブン|Nikkoukibun,古典籍コレクション [医学図書館],日本語,,抱獨英(ボードイン)氏口授,,,,明治3年,,4冊 23cm,請求記号: HR:267|資料解説: Bauduin (オランダ 1882-1885)は、長崎養生所で教えていたポンペの後任として1862年に来日する。再来日した1869年より大阪医学校で教えた後、大学東校で約2ヶ月間教壇に立った。この書はその時の講義録をまとめたもの。当時、大学東校は上野への移転計画があり図面作成など準備が進められていたが、ボードインはこの計画に強く反対した。後に上野移転は中止となり、代わりに本郷の旧加賀藩邸へ移ることとなった。|刊年2: 1870,,,http://tify.sub.uni-goettingen.de/demo.html?manifest=https://archdataset.dl.itc.u-tokyo.ac.jp/manifest/db939ab2-6f28-433d-b40a-7674e6ac072d.json,db939ab2-6f28-433d-b40a-7674e6ac072d,https://iiif.dl.itc.u-tokyo.ac.jp/repo/s/medlib,https://iiif.dl.itc.u-tokyo.ac.jp/repo/s/medlib/document/db939ab2-6f28-433d-b40a-7674e6ac072d,https://www.lib.u-tokyo.ac.jp/ja/library/contents/archives-top/reuse,https://iiif.dl.itc.u-tokyo.ac.jp/repo/files/medium/2c725759e76da1afc9e4dcb8e724ff28ad938daa.jpg,https://iiif.dl.itc.u-tokyo.ac.jp/repo/api/items/612047,"東京大学医学図書館 Medical Library, The University of Tokyo, JAPAN",http://iiif.io/api/presentation/2#rightToLeftDirection,,医学図書館デジタル史料室,029,,https://iiif.dl.itc.u-tokyo.ac.jp/repo/iiif/db939ab2-6f28-433d-b40a-7674e6ac072d/manifest,,,,,38
日講紀聞 3巻,ニッコウキブン|Nikkoukibun,古典籍コレクション [医学図書館],日本語,,抱獨英(ボードイン)氏口授,,,,明治3年,,4冊 23cm,請求記号: HR:267|資料解説: Bauduin (オランダ 1882-1885)は、長崎養生所で教えていたポンペの後任として1862年に来日する。再来日した1869年より大阪医学校で教えた後、大学東校で約2ヶ月間教壇に立った。この書はその時の講義録をまとめたもの。当時、大学東校は上野への移転計画があり図面作成など準備が進められていたが、ボードインはこの計画に強く反対した。後に上野移転は中止となり、代わりに本郷の旧加賀藩邸へ移ることとなった。|刊年2: 1870,,,http://tify.sub.uni-goettingen.de/demo.html?manifest=https://archdataset.dl.itc.u-tokyo.ac.jp/manifest/bccf62fa-92d6-47cc-8d01-75e032b69dc9.json,bccf62fa-92d6-47cc-8d01-75e032b69dc9,https://iiif.dl.itc.u-tokyo.ac.jp/repo/s/medlib,https://iiif.dl.itc.u-tokyo.ac.jp/repo/s/medlib/document/bccf62fa-92d6-47cc-8d01-75e032b69dc9,https://www.lib.u-tokyo.ac.jp/ja/library/contents/archives-top/reuse,https://iiif.dl.itc.u-tokyo.ac.jp/repo/files/medium/87fc9e08bbb4819d392b746d78f61d09efc99284.jpg,https://iiif.dl.itc.u-tokyo.ac.jp/repo/api/items/612046,"東京大学医学図書館 Medical Library, The University of Tokyo, JAPAN",http://iiif.io/api/presentation/2#rightToLeftDirection,,医学図書館デジタル史料室,030,,https://iiif.dl.itc.u-tokyo.ac.jp/repo/iiif/bccf62fa-92d6-47cc-8d01-75e032b69dc9/manifest,,,,,36
日講紀聞 4巻,ニッコウキブン|Nikkoukibun,古典籍コレクション [医学図書館],日本語,,抱獨英(ボードイン)氏口授,,,,明治3年,,4冊 23cm,請求記号: HR:267|資料解説: Bauduin (オランダ 1882-1885)は、長崎養生所で教えていたポンペの後任として1862年に来日する。再来日した1869年より大阪医学校で教えた後、大学東校で約2ヶ月間教壇に立った。この書はその時の講義録をまとめたもの。当時、大学東校は上野への移転計画があり図面作成など準備が進められていたが、ボードインはこの計画に強く反対した。後に上野移転は中止となり、代わりに本郷の旧加賀藩邸へ移ることとなった。|刊年2: 1870,,,http://tify.sub.uni-goettingen.de/demo.html?manifest=https://archdataset.dl.itc.u-tokyo.ac.jp/manifest/887582ac-f4c0-4bfb-bf5c-af54399d16ed.json,887582ac-f4c0-4bfb-bf5c-af54399d16ed,https://iiif.dl.itc.u-tokyo.ac.jp/repo/s/medlib,https://iiif.dl.itc.u-tokyo.ac.jp/repo/s/medlib/document/887582ac-f4c0-4bfb-bf5c-af54399d16ed,https://www.lib.u-tokyo.ac.jp/ja/library/contents/archives-top/reuse,https://iiif.dl.itc.u-tokyo.ac.jp/repo/files/medium/9bcd485d5859cda767c201dc0225b7da2c1ceec3.jpg,https://iiif.dl.itc.u-tokyo.ac.jp/repo/api/items/612045,"東京大学医学図書館 Medical Library, The University of Tokyo, JAPAN",http://iiif.io/api/presentation/2#rightToLeftDirection,,医学図書館デジタル史料室,031,,https://iiif.dl.itc.u-tokyo.ac.jp/repo/iiif/887582ac-f4c0-4bfb-bf5c-af54399d16ed/manifest,,,,,42
薬性学 2巻,ヤクショウガク|Yakushougaku,古典籍コレクション [医学図書館],日本語,,朋百(ポンペ)著述授講|松本良順 訳述|大宮友賢 筆記,,,,不明,,2冊 27cm  写本 / 欠あり,請求記号: HR:282|資料解説: Pompe (オランダ 1829-1908)は1857年に来日し、日本で初めての西洋医学教育を長崎で行った。この書はその際の講義ノートを翻訳したもの。柱に「西洋医學所」とある罫紙が使用されている。松本良順は幕府より長崎に派遣されポンペに師事した、江戸に戻ってからは医学所(種痘所の改称)の3代頭取を務めている。|刊年2: 不明,,,http://tify.sub.uni-goettingen.de/demo.html?manifest=https://archdataset.dl.itc.u-tokyo.ac.jp/manifest/9da3bbcf-78a0-4140-8774-de4b926a1a7a.json,9da3bbcf-78a0-4140-8774-de4b926a1a7a,https://iiif.dl.itc.u-tokyo.ac.jp/repo/s/medlib,https://iiif.dl.itc.u-tokyo.ac.jp/repo/s/medlib/document/9da3bbcf-78a0-4140-8774-de4b926a1a7a,https://www.lib.u-tokyo.ac.jp/ja/library/contents/archives-top/reuse,https://iiif.dl.itc.u-tokyo.ac.jp/repo/files/medium/98290b0f8a3df65953f8cfc24db38de82afeb01a.jpg,https://iiif.dl.itc.u-tokyo.ac.jp/repo/api/items/612044,"東京大学医学図書館 Medical Library, The University of Tokyo, JAPAN",http://iiif.io/api/presentation/2#rightToLeftDirection,,医学図書館デジタル史料室,032,,https://iiif.dl.itc.u-tokyo.ac.jp/repo/iiif/9da3bbcf-78a0-4140-8774-de4b926a1a7a/manifest,,,,,57
薬性学 4巻,ヤクショウガク|Yakushougaku,古典籍コレクション [医学図書館],日本語,,朋百(ポンペ)著述授講|松本良順 訳述|大宮友賢 筆記,,,,不明,,2冊 27cm  写本 / 欠あり,請求記号: HR:282|資料解説: Pompe (オランダ 1829-1908)は1857年に来日し、日本で初めての西洋医学教育を長崎で行った。この書はその際の講義ノートを翻訳したもの。柱に「西洋医學所」とある罫紙が使用されている。松本良順は幕府より長崎に派遣されポンペに師事した、江戸に戻ってからは医学所(種痘所の改称)の3代頭取を務めている。|刊年2: 不明,,,http://tify.sub.uni-goettingen.de/demo.html?manifest=https://archdataset.dl.itc.u-tokyo.ac.jp/manifest/be3fa520-1018-496c-acb9-9fa5f3f1e7eb.json,be3fa520-1018-496c-acb9-9fa5f3f1e7eb,https://iiif.dl.itc.u-tokyo.ac.jp/repo/s/medlib,https://iiif.dl.itc.u-tokyo.ac.jp/repo/s/medlib/document/be3fa520-1018-496c-acb9-9fa5f3f1e7eb,https://www.lib.u-tokyo.ac.jp/ja/library/contents/archives-top/reuse,https://iiif.dl.itc.u-tokyo.ac.jp/repo/files/medium/02f38055a0a8ae2cb4d208cf14583e4dd75b5ad8.jpg,https://iiif.dl.itc.u-tokyo.ac.jp/repo/api/items/612043,"東京大学医学図書館 Medical Library, The University of Tokyo, JAPAN",http://iiif.io/api/presentation/2#rightToLeftDirection,,医学図書館デジタル史料室,033,,https://iiif.dl.itc.u-tokyo.ac.jp/repo/iiif/be3fa520-1018-496c-acb9-9fa5f3f1e7eb/manifest,,,,,39
医科全書解剖篇 1-6巻(上篇),イカゼンショ|Ikazensho,古典籍コレクション [医学図書館],日本語,,繆爾列兒(ミュルレル)口授 (1-8、21-24巻)|忽布満(ホフマン)口授 (9-20巻)|山崎元脩 筆記,,,,明治13年,,3冊 21cm,請求記号: HR:285|資料解説: Muller (独 陸軍軍医 在職期間:明治4年8月~8年2月) と Hoffmann (独 海軍軍医 在職期間:明治4年8月~8年2月)は東校(東京大学医学部の旧名称)のお雇い外国人教師。両氏の医学校での講義を記したもの。臨床講義をまとめたものに「 医院雑誌 」がある。|刊年2: 1880,,,http://tify.sub.uni-goettingen.de/demo.html?manifest=https://archdataset.dl.itc.u-tokyo.ac.jp/manifest/9d465f96-853f-497d-98fc-09abb7f3831b.json,9d465f96-853f-497d-98fc-09abb7f3831b,https://iiif.dl.itc.u-tokyo.ac.jp/repo/s/medlib,https://iiif.dl.itc.u-tokyo.ac.jp/repo/s/medlib/document/9d465f96-853f-497d-98fc-09abb7f3831b,https://www.lib.u-tokyo.ac.jp/ja/library/contents/archives-top/reuse,https://iiif.dl.itc.u-tokyo.ac.jp/repo/files/medium/c6a7dac364b10c2196b07bed0f6a5aa8d5c5d7b5.jpg,https://iiif.dl.itc.u-tokyo.ac.jp/repo/api/items/612042,"東京大学医学図書館 Medical Library, The University of Tokyo, JAPAN",http://iiif.io/api/presentation/2#rightToLeftDirection,,医学図書館デジタル史料室,034,,https://iiif.dl.itc.u-tokyo.ac.jp/repo/iiif/9d465f96-853f-497d-98fc-09abb7f3831b/manifest,,,,,328
医科全書解剖篇 7-16巻(中篇),イカゼンショ|Ikazensho,古典籍コレクション [医学図書館],日本語,,繆爾列兒(ミュルレル)口授 (1-8、21-24巻)|忽布満(ホフマン)口授 (9-20巻)|山崎元脩 筆記,,,,明治13年,,3冊 21cm,請求記号: HR:285|資料解説: Muller (独 陸軍軍医 在職期間:明治4年8月~8年2月) と Hoffmann (独 海軍軍医 在職期間:明治4年8月~8年2月)は東校(東京大学医学部の旧名称)のお雇い外国人教師。両氏の医学校での講義を記したもの。臨床講義をまとめたものに「 医院雑誌 」がある。|刊年2: 1880,,,http://tify.sub.uni-goettingen.de/demo.html?manifest=https://archdataset.dl.itc.u-tokyo.ac.jp/manifest/823a9666-ef87-4959-8a08-bada984b4dda.json,823a9666-ef87-4959-8a08-bada984b4dda,https://iiif.dl.itc.u-tokyo.ac.jp/repo/s/medlib,https://iiif.dl.itc.u-tokyo.ac.jp/repo/s/medlib/document/823a9666-ef87-4959-8a08-bada984b4dda,https://www.lib.u-tokyo.ac.jp/ja/library/contents/archives-top/reuse,https://iiif.dl.itc.u-tokyo.ac.jp/repo/files/medium/fd3fd994f326d2402fddd85c82deeb3a7759baa7.jpg,https://iiif.dl.itc.u-tokyo.ac.jp/repo/api/items/612041,"東京大学医学図書館 Medical Library, The University of Tokyo, JAPAN",http://iiif.io/api/presentation/2#rightToLeftDirection,,医学図書館デジタル史料室,035,,https://iiif.dl.itc.u-tokyo.ac.jp/repo/iiif/823a9666-ef87-4959-8a08-bada984b4dda/manifest,,,,,318
医科全書解剖篇 17-24巻(下篇),イカゼンショ|Ikazensho,古典籍コレクション [医学図書館],日本語,,繆爾列兒(ミュルレル)口授 (1-8、21-24巻)|忽布満(ホフマン)口授 (9-20巻)|山崎元脩 筆記,,,,明治13年,,3冊 21cm,請求記号: HR:285|資料解説: Muller (独 陸軍軍医 在職期間:明治4年8月~8年2月) と Hoffmann (独 海軍軍医 在職期間:明治4年8月~8年2月)は東校(東京大学医学部の旧名称)のお雇い外国人教師。両氏の医学校での講義を記したもの。臨床講義をまとめたものに「 医院雑誌 」がある。|刊年2: 1880,,,http://tify.sub.uni-goettingen.de/demo.html?manifest=https://archdataset.dl.itc.u-tokyo.ac.jp/manifest/2d40c21b-e14f-47d4-8153-46f55324e369.json,2d40c21b-e14f-47d4-8153-46f55324e369,https://iiif.dl.itc.u-tokyo.ac.jp/repo/s/medlib,https://iiif.dl.itc.u-tokyo.ac.jp/repo/s/medlib/document/2d40c21b-e14f-47d4-8153-46f55324e369,https://www.lib.u-tokyo.ac.jp/ja/library/contents/archives-top/reuse,https://iiif.dl.itc.u-tokyo.ac.jp/repo/files/medium/132c4da6237bdcefc4f174d04a22a422174a04a8.jpg,https://iiif.dl.itc.u-tokyo.ac.jp/repo/api/items/612040,"東京大学医学図書館 Medical Library, The University of Tokyo, JAPAN",http://iiif.io/api/presentation/2#rightToLeftDirection,,医学図書館デジタル史料室,036,,https://iiif.dl.itc.u-tokyo.ac.jp/repo/iiif/2d40c21b-e14f-47d4-8153-46f55324e369/manifest,,,,,295
虎烈刺論,コレラロン|Koreraron,古典籍コレクション [医学図書館],日本語,,石黒忠悳,,,,明治4年,,1冊 23cm,請求記号: HR:289|刊年2: 1871,,,http://tify.sub.uni-goettingen.de/demo.html?manifest=https://archdataset.dl.itc.u-tokyo.ac.jp/manifest/16f4bece-1a0d-4cba-8f7e-e6160795fa0e.json,16f4bece-1a0d-4cba-8f7e-e6160795fa0e,https://iiif.dl.itc.u-tokyo.ac.jp/repo/s/medlib,https://iiif.dl.itc.u-tokyo.ac.jp/repo/s/medlib/document/16f4bece-1a0d-4cba-8f7e-e6160795fa0e,https://www.lib.u-tokyo.ac.jp/ja/library/contents/archives-top/reuse,https://iiif.dl.itc.u-tokyo.ac.jp/repo/files/medium/8df9deef4e83f15dea0047a26ef42823b972c466.jpg,https://iiif.dl.itc.u-tokyo.ac.jp/repo/api/items/612039,"東京大学医学図書館 Medical Library, The University of Tokyo, JAPAN",http://iiif.io/api/presentation/2#rightToLeftDirection,,医学図書館デジタル史料室,037,,https://iiif.dl.itc.u-tokyo.ac.jp/repo/iiif/16f4bece-1a0d-4cba-8f7e-e6160795fa0e/manifest,,,,,46
各骨真形図,カクコツシンケイズ|Kakukotsushinkeizu,古典籍コレクション [医学図書館],日本語,,[各務文献],,,,[文化7年],,1帖 折本 26cm,請求記号: HR:320|資料解説: 各務文献(かがみぶんけん、生没年未詳)は、大阪の整骨師。治療のかたわら、人身の研究・教育にはげみ、文化12(1815)年には、女囚の腑分もおこなった(「婦人内景図」)。 この「各骨真形図」は、もともと「整骨新書」の末尾の図像として刷られたものである。「 解體新書 」の影響が歴然とみられ、当時の骨学の水準を推し量ることのできる図像である。なお、各務文献は1810年ごろ、工人に等身大の成人男性の「木骨(もっこつ)」を製作させ、幕府に献上している(通称「各務木骨」)。木骨とは木製の人体骨格模型のことで、幕末から明治初年にかけて10体ほど製作された。人骨を直接的に考究できなかった当時、木骨は、西洋近代医学の振興に大いに寄与した。現存するものは、わずかに3体であるが、そのうち「各務木骨」は本学に伝わり、現在、本学の総合研究博物館に収蔵されている。|刊年2: 1810,,,http://tify.sub.uni-goettingen.de/demo.html?manifest=https://archdataset.dl.itc.u-tokyo.ac.jp/manifest/deccd179-7679-4cea-a931-bcbd89254d41.json,deccd179-7679-4cea-a931-bcbd89254d41,https://iiif.dl.itc.u-tokyo.ac.jp/repo/s/medlib,https://iiif.dl.itc.u-tokyo.ac.jp/repo/s/medlib/document/deccd179-7679-4cea-a931-bcbd89254d41,https://www.lib.u-tokyo.ac.jp/ja/library/contents/archives-top/reuse,https://iiif.dl.itc.u-tokyo.ac.jp/repo/files/medium/fae748e4e59fe290488f4b5f97584934d48953bc.jpg,https://iiif.dl.itc.u-tokyo.ac.jp/repo/api/items/612038,"東京大学医学図書館 Medical Library, The University of Tokyo, JAPAN",http://iiif.io/api/presentation/2#rightToLeftDirection,,医学図書館デジタル史料室,038,,https://iiif.dl.itc.u-tokyo.ac.jp/repo/iiif/deccd179-7679-4cea-a931-bcbd89254d41/manifest,,,,,39
重訂解體新書 2巻,ジュウテイカイタイシンショ|Juuteikaitaishinsho,古典籍コレクション [医学図書館],日本語,,杉田玄白 等訳|大槻玄沢 重訂,,,,文政9年,,11冊 26cm / 欠:首、1巻,請求記号: HR:342|資料解説: 文政9年 (1826) 大槻玄沢(茂質、1757-1827)が師の杉田玄白より「 解體新書 」の原典を翻訳・重訂するよう依頼され刊行したもので、内容は杉田玄白の「解體新書」よりはるかに正確で、江戸時代の解剖書としては最も完備したものであると同時に大槻玄沢の学識の博さが知られる。また、図版 「 重訂解體新書銅版全図 」は、中伊三郎の作で、伊三郎は大阪の蘭学者中天游の徒弟で、江戸で玄沢に学んだ斉藤方策がその技術を認め玄沢にすすめたと伝えられている。|刊年2: 1826,,,http://tify.sub.uni-goettingen.de/demo.html?manifest=https://archdataset.dl.itc.u-tokyo.ac.jp/manifest/859b1493-5355-4b76-815c-82b3ebc4c508.json,859b1493-5355-4b76-815c-82b3ebc4c508,https://iiif.dl.itc.u-tokyo.ac.jp/repo/s/medlib,https://iiif.dl.itc.u-tokyo.ac.jp/repo/s/medlib/document/859b1493-5355-4b76-815c-82b3ebc4c508,https://www.lib.u-tokyo.ac.jp/ja/library/contents/archives-top/reuse,https://iiif.dl.itc.u-tokyo.ac.jp/repo/files/medium/61bbe111acaae9ccc5e862322b654bbd38218ed6.jpg,https://iiif.dl.itc.u-tokyo.ac.jp/repo/api/items/612037,"東京大学医学図書館 Medical Library, The University of Tokyo, JAPAN",http://iiif.io/api/presentation/2#rightToLeftDirection,,医学図書館デジタル史料室,039,,https://iiif.dl.itc.u-tokyo.ac.jp/repo/iiif/859b1493-5355-4b76-815c-82b3ebc4c508/manifest,,,,,35
重訂解體新書 3巻,ジュウテイカイタイシンショ|Juuteikaitaishinsho,古典籍コレクション [医学図書館],日本語,,杉田玄白 等訳|大槻玄沢 重訂,,,,文政9年,,11冊 26cm / 欠:首、1巻,請求記号: HR:342|資料解説: 文政9年 (1826) 大槻玄沢(茂質、1757-1827)が師の杉田玄白より「 解體新書 」の原典を翻訳・重訂するよう依頼され刊行したもので、内容は杉田玄白の「解體新書」よりはるかに正確で、江戸時代の解剖書としては最も完備したものであると同時に大槻玄沢の学識の博さが知られる。また、図版 「 重訂解體新書銅版全図 」は、中伊三郎の作で、伊三郎は大阪の蘭学者中天游の徒弟で、江戸で玄沢に学んだ斉藤方策がその技術を認め玄沢にすすめたと伝えられている。|刊年2: 1826,,,http://tify.sub.uni-goettingen.de/demo.html?manifest=https://archdataset.dl.itc.u-tokyo.ac.jp/manifest/f8a13e5c-afa7-4b3d-8592-267713eeaea3.json,f8a13e5c-afa7-4b3d-8592-267713eeaea3,https://iiif.dl.itc.u-tokyo.ac.jp/repo/s/medlib,https://iiif.dl.itc.u-tokyo.ac.jp/repo/s/medlib/document/f8a13e5c-afa7-4b3d-8592-267713eeaea3,https://www.lib.u-tokyo.ac.jp/ja/library/contents/archives-top/reuse,https://iiif.dl.itc.u-tokyo.ac.jp/repo/files/medium/7e89d0be0bbcc3008192a9778148d0d75e696d77.jpg,https://iiif.dl.itc.u-tokyo.ac.jp/repo/api/items/612036,"東京大学医学図書館 Medical Library, The University of Tokyo, JAPAN",http://iiif.io/api/presentation/2#rightToLeftDirection,,医学図書館デジタル史料室,040,,https://iiif.dl.itc.u-tokyo.ac.jp/repo/iiif/f8a13e5c-afa7-4b3d-8592-267713eeaea3/manifest,,,,,35
重訂解體新書 4巻,ジュウテイカイタイシンショ|Juuteikaitaishinsho,古典籍コレクション [医学図書館],日本語,,杉田玄白 等訳|大槻玄沢 重訂,,,,文政9年,,11冊 26cm / 欠:首、1巻,請求記号: HR:342|資料解説: 文政9年 (1826) 大槻玄沢(茂質、1757-1827)が師の杉田玄白より「 解體新書 」の原典を翻訳・重訂するよう依頼され刊行したもので、内容は杉田玄白の「解體新書」よりはるかに正確で、江戸時代の解剖書としては最も完備したものであると同時に大槻玄沢の学識の博さが知られる。また、図版 「 重訂解體新書銅版全図 」は、中伊三郎の作で、伊三郎は大阪の蘭学者中天游の徒弟で、江戸で玄沢に学んだ斉藤方策がその技術を認め玄沢にすすめたと伝えられている。|刊年2: 1826,,,http://tify.sub.uni-goettingen.de/demo.html?manifest=https://archdataset.dl.itc.u-tokyo.ac.jp/manifest/a4d544c9-070a-4f60-b089-007409c49bdc.json,a4d544c9-070a-4f60-b089-007409c49bdc,https://iiif.dl.itc.u-tokyo.ac.jp/repo/s/medlib,https://iiif.dl.itc.u-tokyo.ac.jp/repo/s/medlib/document/a4d544c9-070a-4f60-b089-007409c49bdc,https://www.lib.u-tokyo.ac.jp/ja/library/contents/archives-top/reuse,https://iiif.dl.itc.u-tokyo.ac.jp/repo/files/medium/f500ff64a923c489f90e4078a02d633e90ef9361.jpg,https://iiif.dl.itc.u-tokyo.ac.jp/repo/api/items/612035,"東京大学医学図書館 Medical Library, The University of Tokyo, JAPAN",http://iiif.io/api/presentation/2#rightToLeftDirection,,医学図書館デジタル史料室,041,,https://iiif.dl.itc.u-tokyo.ac.jp/repo/iiif/a4d544c9-070a-4f60-b089-007409c49bdc/manifest,,,,,34
重訂解體新書 卷1名義解上 (5巻),ジュウテイカイタイシンショ|Juuteikaitaishinsho,古典籍コレクション [医学図書館],日本語,,杉田玄白 等訳|大槻玄沢 重訂,,,,文政9年,,11冊 26cm / 欠:首、1巻,請求記号: HR:342|資料解説: 文政9年 (1826) 大槻玄沢(茂質、1757-1827)が師の杉田玄白より「 解體新書 」の原典を翻訳・重訂するよう依頼され刊行したもので、内容は杉田玄白の「解體新書」よりはるかに正確で、江戸時代の解剖書としては最も完備したものであると同時に大槻玄沢の学識の博さが知られる。また、図版 「 重訂解體新書銅版全図 」は、中伊三郎の作で、伊三郎は大阪の蘭学者中天游の徒弟で、江戸で玄沢に学んだ斉藤方策がその技術を認め玄沢にすすめたと伝えられている。|刊年2: 1826,,,http://tify.sub.uni-goettingen.de/demo.html?manifest=https://archdataset.dl.itc.u-tokyo.ac.jp/manifest/e59543e8-805f-4bb8-8865-f17193afbed1.json,e59543e8-805f-4bb8-8865-f17193afbed1,https://iiif.dl.itc.u-tokyo.ac.jp/repo/s/medlib,https://iiif.dl.itc.u-tokyo.ac.jp/repo/s/medlib/document/e59543e8-805f-4bb8-8865-f17193afbed1,https://www.lib.u-tokyo.ac.jp/ja/library/contents/archives-top/reuse,https://iiif.dl.itc.u-tokyo.ac.jp/repo/files/medium/27b8440eb2564dbe351141fbf145b7a84f416be1.jpg,https://iiif.dl.itc.u-tokyo.ac.jp/repo/api/items/612034,"東京大学医学図書館 Medical Library, The University of Tokyo, JAPAN",http://iiif.io/api/presentation/2#rightToLeftDirection,,医学図書館デジタル史料室,042,,https://iiif.dl.itc.u-tokyo.ac.jp/repo/iiif/e59543e8-805f-4bb8-8865-f17193afbed1/manifest,,,,,37
重訂解體新書 卷1名義解下 (6巻),ジュウテイカイタイシンショ|Juuteikaitaishinsho,古典籍コレクション [医学図書館],日本語,,杉田玄白 等訳|大槻玄沢 重訂,,,,文政9年,,11冊 26cm / 欠:首、1巻,請求記号: HR:342|資料解説: 文政9年 (1826) 大槻玄沢(茂質、1757-1827)が師の杉田玄白より「 解體新書 」の原典を翻訳・重訂するよう依頼され刊行したもので、内容は杉田玄白の「解體新書」よりはるかに正確で、江戸時代の解剖書としては最も完備したものであると同時に大槻玄沢の学識の博さが知られる。また、図版 「 重訂解體新書銅版全図 」は、中伊三郎の作で、伊三郎は大阪の蘭学者中天游の徒弟で、江戸で玄沢に学んだ斉藤方策がその技術を認め玄沢にすすめたと伝えられている。|刊年2: 1826,,,http://tify.sub.uni-goettingen.de/demo.html?manifest=https://archdataset.dl.itc.u-tokyo.ac.jp/manifest/3ed9afb7-0e1b-4ff6-adb9-3b11d4acb4f8.json,3ed9afb7-0e1b-4ff6-adb9-3b11d4acb4f8,https://iiif.dl.itc.u-tokyo.ac.jp/repo/s/medlib,https://iiif.dl.itc.u-tokyo.ac.jp/repo/s/medlib/document/3ed9afb7-0e1b-4ff6-adb9-3b11d4acb4f8,https://www.lib.u-tokyo.ac.jp/ja/library/contents/archives-top/reuse,https://iiif.dl.itc.u-tokyo.ac.jp/repo/files/medium/bcae7609a345ac5989ac0ab3ed8eaa8a5b316ea2.jpg,https://iiif.dl.itc.u-tokyo.ac.jp/repo/api/items/612033,"東京大学医学図書館 Medical Library, The University of Tokyo, JAPAN",http://iiif.io/api/presentation/2#rightToLeftDirection,,医学図書館デジタル史料室,043,,https://iiif.dl.itc.u-tokyo.ac.jp/repo/iiif/3ed9afb7-0e1b-4ff6-adb9-3b11d4acb4f8/manifest,,,,,43
重訂解體新書 卷2名義解 (7巻),ジュウテイカイタイシンショ|Juuteikaitaishinsho,古典籍コレクション [医学図書館],日本語,,杉田玄白 等訳|大槻玄沢 重訂,,,,文政9年,,11冊 26cm / 欠:首、1巻,請求記号: HR:342|資料解説: 文政9年 (1826) 大槻玄沢(茂質、1757-1827)が師の杉田玄白より「 解體新書 」の原典を翻訳・重訂するよう依頼され刊行したもので、内容は杉田玄白の「解體新書」よりはるかに正確で、江戸時代の解剖書としては最も完備したものであると同時に大槻玄沢の学識の博さが知られる。また、図版 「 重訂解體新書銅版全図 」は、中伊三郎の作で、伊三郎は大阪の蘭学者中天游の徒弟で、江戸で玄沢に学んだ斉藤方策がその技術を認め玄沢にすすめたと伝えられている。|刊年2: 1826,,,http://tify.sub.uni-goettingen.de/demo.html?manifest=https://archdataset.dl.itc.u-tokyo.ac.jp/manifest/050347ec-b107-4560-a76c-018a57a30e7d.json,050347ec-b107-4560-a76c-018a57a30e7d,https://iiif.dl.itc.u-tokyo.ac.jp/repo/s/medlib,https://iiif.dl.itc.u-tokyo.ac.jp/repo/s/medlib/document/050347ec-b107-4560-a76c-018a57a30e7d,https://www.lib.u-tokyo.ac.jp/ja/library/contents/archives-top/reuse,https://iiif.dl.itc.u-tokyo.ac.jp/repo/files/medium/53d5a04f1c147c0f6136757cbdc993c611746c9e.jpg,https://iiif.dl.itc.u-tokyo.ac.jp/repo/api/items/612032,"東京大学医学図書館 Medical Library, The University of Tokyo, JAPAN",http://iiif.io/api/presentation/2#rightToLeftDirection,,医学図書館デジタル史料室,044,,https://iiif.dl.itc.u-tokyo.ac.jp/repo/iiif/050347ec-b107-4560-a76c-018a57a30e7d/manifest,,,,,46
重訂解體新書 卷3名義解上 (8巻),ジュウテイカイタイシンショ|Juuteikaitaishinsho,古典籍コレクション [医学図書館],日本語,,杉田玄白 等訳|大槻玄沢 重訂,,,,文政9年,,11冊 26cm / 欠:首、1巻,請求記号: HR:342|資料解説: 文政9年 (1826) 大槻玄沢(茂質、1757-1827)が師の杉田玄白より「 解體新書 」の原典を翻訳・重訂するよう依頼され刊行したもので、内容は杉田玄白の「解體新書」よりはるかに正確で、江戸時代の解剖書としては最も完備したものであると同時に大槻玄沢の学識の博さが知られる。また、図版 「 重訂解體新書銅版全図 」は、中伊三郎の作で、伊三郎は大阪の蘭学者中天游の徒弟で、江戸で玄沢に学んだ斉藤方策がその技術を認め玄沢にすすめたと伝えられている。|刊年2: 1826,,,http://tify.sub.uni-goettingen.de/demo.html?manifest=https://archdataset.dl.itc.u-tokyo.ac.jp/manifest/874b80df-b05c-4e9f-85d1-8a046f0013d3.json,874b80df-b05c-4e9f-85d1-8a046f0013d3,https://iiif.dl.itc.u-tokyo.ac.jp/repo/s/medlib,https://iiif.dl.itc.u-tokyo.ac.jp/repo/s/medlib/document/874b80df-b05c-4e9f-85d1-8a046f0013d3,https://www.lib.u-tokyo.ac.jp/ja/library/contents/archives-top/reuse,https://iiif.dl.itc.u-tokyo.ac.jp/repo/files/medium/e2de921cacd26e6d5a2463db6d01077d59751b7a.jpg,https://iiif.dl.itc.u-tokyo.ac.jp/repo/api/items/612031,"東京大学医学図書館 Medical Library, The University of Tokyo, JAPAN",http://iiif.io/api/presentation/2#rightToLeftDirection,,医学図書館デジタル史料室,045,,https://iiif.dl.itc.u-tokyo.ac.jp/repo/iiif/874b80df-b05c-4e9f-85d1-8a046f0013d3/manifest,,,,,42
重訂解體新書 卷3名義解下 (9巻),ジュウテイカイタイシンショ|Juuteikaitaishinsho,古典籍コレクション [医学図書館],日本語,,杉田玄白 等訳|大槻玄沢 重訂,,,,文政9年,,11冊 26cm / 欠:首、1巻,請求記号: HR:342|資料解説: 文政9年 (1826) 大槻玄沢(茂質、1757-1827)が師の杉田玄白より「 解體新書 」の原典を翻訳・重訂するよう依頼され刊行したもので、内容は杉田玄白の「解體新書」よりはるかに正確で、江戸時代の解剖書としては最も完備したものであると同時に大槻玄沢の学識の博さが知られる。また、図版 「 重訂解體新書銅版全図 」は、中伊三郎の作で、伊三郎は大阪の蘭学者中天游の徒弟で、江戸で玄沢に学んだ斉藤方策がその技術を認め玄沢にすすめたと伝えられている。|刊年2: 1826,,,http://tify.sub.uni-goettingen.de/demo.html?manifest=https://archdataset.dl.itc.u-tokyo.ac.jp/manifest/affdff60-404d-46bb-90be-bc8b10e74661.json,affdff60-404d-46bb-90be-bc8b10e74661,https://iiif.dl.itc.u-tokyo.ac.jp/repo/s/medlib,https://iiif.dl.itc.u-tokyo.ac.jp/repo/s/medlib/document/affdff60-404d-46bb-90be-bc8b10e74661,https://www.lib.u-tokyo.ac.jp/ja/library/contents/archives-top/reuse,https://iiif.dl.itc.u-tokyo.ac.jp/repo/files/medium/ddbedba425a8c5b6e285c91ce2c14878f2b0cdf2.jpg,https://iiif.dl.itc.u-tokyo.ac.jp/repo/api/items/612030,"東京大学医学図書館 Medical Library, The University of Tokyo, JAPAN",http://iiif.io/api/presentation/2#rightToLeftDirection,,医学図書館デジタル史料室,046,,https://iiif.dl.itc.u-tokyo.ac.jp/repo/iiif/affdff60-404d-46bb-90be-bc8b10e74661/manifest,,,,,50
重訂解體新書 卷4名義解 (10巻),ジュウテイカイタイシンショ|Juuteikaitaishinsho,古典籍コレクション [医学図書館],日本語,,杉田玄白 等訳|大槻玄沢 重訂,,,,文政9年,,11冊 26cm / 欠:首、1巻,請求記号: HR:342|資料解説: 文政9年 (1826) 大槻玄沢(茂質、1757-1827)が師の杉田玄白より「 解體新書 」の原典を翻訳・重訂するよう依頼され刊行したもので、内容は杉田玄白の「解體新書」よりはるかに正確で、江戸時代の解剖書としては最も完備したものであると同時に大槻玄沢の学識の博さが知られる。また、図版 「 重訂解體新書銅版全図 」は、中伊三郎の作で、伊三郎は大阪の蘭学者中天游の徒弟で、江戸で玄沢に学んだ斉藤方策がその技術を認め玄沢にすすめたと伝えられている。|刊年2: 1826,,,http://tify.sub.uni-goettingen.de/demo.html?manifest=https://archdataset.dl.itc.u-tokyo.ac.jp/manifest/98d32f3c-ffe4-480e-aca4-81afa6627c5a.json,98d32f3c-ffe4-480e-aca4-81afa6627c5a,https://iiif.dl.itc.u-tokyo.ac.jp/repo/s/medlib,https://iiif.dl.itc.u-tokyo.ac.jp/repo/s/medlib/document/98d32f3c-ffe4-480e-aca4-81afa6627c5a,https://www.lib.u-tokyo.ac.jp/ja/library/contents/archives-top/reuse,https://iiif.dl.itc.u-tokyo.ac.jp/repo/files/medium/0f0d28b815eed33557321bfdff0051819277748c.jpg,https://iiif.dl.itc.u-tokyo.ac.jp/repo/api/items/612029,"東京大学医学図書館 Medical Library, The University of Tokyo, JAPAN",http://iiif.io/api/presentation/2#rightToLeftDirection,,医学図書館デジタル史料室,047,,https://iiif.dl.itc.u-tokyo.ac.jp/repo/iiif/98d32f3c-ffe4-480e-aca4-81afa6627c5a/manifest,,,,,45
重訂解體新書 附録上 (11巻),ジュウテイカイタイシンショ|Juuteikaitaishinsho,古典籍コレクション [医学図書館],日本語,,杉田玄白 等訳|大槻玄沢 重訂,,,,文政9年,,11冊 26cm / 欠:首、1巻,請求記号: HR:342|資料解説: 文政9年 (1826) 大槻玄沢(茂質、1757-1827)が師の杉田玄白より「 解體新書 」の原典を翻訳・重訂するよう依頼され刊行したもので、内容は杉田玄白の「解體新書」よりはるかに正確で、江戸時代の解剖書としては最も完備したものであると同時に大槻玄沢の学識の博さが知られる。また、図版 「 重訂解體新書銅版全図 」は、中伊三郎の作で、伊三郎は大阪の蘭学者中天游の徒弟で、江戸で玄沢に学んだ斉藤方策がその技術を認め玄沢にすすめたと伝えられている。|刊年2: 1826,,,http://tify.sub.uni-goettingen.de/demo.html?manifest=https://archdataset.dl.itc.u-tokyo.ac.jp/manifest/3417be2a-bb52-45bb-9c11-ebad498cfe45.json,3417be2a-bb52-45bb-9c11-ebad498cfe45,https://iiif.dl.itc.u-tokyo.ac.jp/repo/s/medlib,https://iiif.dl.itc.u-tokyo.ac.jp/repo/s/medlib/document/3417be2a-bb52-45bb-9c11-ebad498cfe45,https://www.lib.u-tokyo.ac.jp/ja/library/contents/archives-top/reuse,https://iiif.dl.itc.u-tokyo.ac.jp/repo/files/medium/79e0ed6a745fc7d658b6419e4bcb532392aaf38f.jpg,https://iiif.dl.itc.u-tokyo.ac.jp/repo/api/items/612028,"東京大学医学図書館 Medical Library, The University of Tokyo, JAPAN",http://iiif.io/api/presentation/2#rightToLeftDirection,,医学図書館デジタル史料室,048,,https://iiif.dl.itc.u-tokyo.ac.jp/repo/iiif/3417be2a-bb52-45bb-9c11-ebad498cfe45/manifest,,,,,41
重訂解體新書 附録下 (12巻),ジュウテイカイタイシンショ|Juuteikaitaishinsho,古典籍コレクション [医学図書館],日本語,,杉田玄白 等訳|大槻玄沢 重訂,,,,文政9年,,11冊 26cm / 欠:首、1巻,請求記号: HR:342|資料解説: 文政9年 (1826) 大槻玄沢(茂質、1757-1827)が師の杉田玄白より「 解體新書 」の原典を翻訳・重訂するよう依頼され刊行したもので、内容は杉田玄白の「解體新書」よりはるかに正確で、江戸時代の解剖書としては最も完備したものであると同時に大槻玄沢の学識の博さが知られる。また、図版 「 重訂解體新書銅版全図 」は、中伊三郎の作で、伊三郎は大阪の蘭学者中天游の徒弟で、江戸で玄沢に学んだ斉藤方策がその技術を認め玄沢にすすめたと伝えられている。|刊年2: 1826,,,http://tify.sub.uni-goettingen.de/demo.html?manifest=https://archdataset.dl.itc.u-tokyo.ac.jp/manifest/fefa113c-0fef-46f0-8049-047337b6feae.json,fefa113c-0fef-46f0-8049-047337b6feae,https://iiif.dl.itc.u-tokyo.ac.jp/repo/s/medlib,https://iiif.dl.itc.u-tokyo.ac.jp/repo/s/medlib/document/fefa113c-0fef-46f0-8049-047337b6feae,https://www.lib.u-tokyo.ac.jp/ja/library/contents/archives-top/reuse,https://iiif.dl.itc.u-tokyo.ac.jp/repo/files/medium/01aa1d2f584c404272ce8e282377082629acf75e.jpg,https://iiif.dl.itc.u-tokyo.ac.jp/repo/api/items/612027,"東京大学医学図書館 Medical Library, The University of Tokyo, JAPAN",http://iiif.io/api/presentation/2#rightToLeftDirection,,医学図書館デジタル史料室,049,,https://iiif.dl.itc.u-tokyo.ac.jp/repo/iiif/fefa113c-0fef-46f0-8049-047337b6feae/manifest,,,,,42
古今医按 1巻,コキンイアン|Kokin'ian,古典籍コレクション [医学図書館],日本語,,不明,,,,不明,,3冊 写本 29cm,請求記号: HR:346|刊年2: 不明,,,http://tify.sub.uni-goettingen.de/demo.html?manifest=https://archdataset.dl.itc.u-tokyo.ac.jp/manifest/446808aa-8a92-4f4f-be7b-4cd896a6f1af.json,446808aa-8a92-4f4f-be7b-4cd896a6f1af,https://iiif.dl.itc.u-tokyo.ac.jp/repo/s/medlib,https://iiif.dl.itc.u-tokyo.ac.jp/repo/s/medlib/document/446808aa-8a92-4f4f-be7b-4cd896a6f1af,https://www.lib.u-tokyo.ac.jp/ja/library/contents/archives-top/reuse,https://iiif.dl.itc.u-tokyo.ac.jp/repo/files/medium/3826c741a3e5b0775f7ea512d0426cf550b94cb8.jpg,https://iiif.dl.itc.u-tokyo.ac.jp/repo/api/items/612026,"東京大学医学図書館 Medical Library, The University of Tokyo, JAPAN",http://iiif.io/api/presentation/2#rightToLeftDirection,,医学図書館デジタル史料室,050,,https://iiif.dl.itc.u-tokyo.ac.jp/repo/iiif/446808aa-8a92-4f4f-be7b-4cd896a6f1af/manifest,,,,,62
古今医按 2巻,コキンイアン|Kokin'ian,古典籍コレクション [医学図書館],日本語,,不明,,,,不明,,3冊 写本 29cm,請求記号: HR:346|刊年2: 不明,,,http://tify.sub.uni-goettingen.de/demo.html?manifest=https://archdataset.dl.itc.u-tokyo.ac.jp/manifest/f160c04d-be4c-463f-9c15-7ad1be47ed4e.json,f160c04d-be4c-463f-9c15-7ad1be47ed4e,https://iiif.dl.itc.u-tokyo.ac.jp/repo/s/medlib,https://iiif.dl.itc.u-tokyo.ac.jp/repo/s/medlib/document/f160c04d-be4c-463f-9c15-7ad1be47ed4e,https://www.lib.u-tokyo.ac.jp/ja/library/contents/archives-top/reuse,https://iiif.dl.itc.u-tokyo.ac.jp/repo/files/medium/aa037095d46aa5cb121f84cdc5468c88d9ba7016.jpg,https://iiif.dl.itc.u-tokyo.ac.jp/repo/api/items/612025,"東京大学医学図書館 Medical Library, The University of Tokyo, JAPAN",http://iiif.io/api/presentation/2#rightToLeftDirection,,医学図書館デジタル史料室,051,,https://iiif.dl.itc.u-tokyo.ac.jp/repo/iiif/f160c04d-be4c-463f-9c15-7ad1be47ed4e/manifest,,,,,26
古今医按 3巻,コキンイアン|Kokin'ian,古典籍コレクション [医学図書館],日本語,,不明,,,,不明,,3冊 写本 29cm,請求記号: HR:346|刊年2: 不明,,,http://tify.sub.uni-goettingen.de/demo.html?manifest=https://archdataset.dl.itc.u-tokyo.ac.jp/manifest/47bbccf3-1a87-47a1-bab2-54d9269ec954.json,47bbccf3-1a87-47a1-bab2-54d9269ec954,https://iiif.dl.itc.u-tokyo.ac.jp/repo/s/medlib,https://iiif.dl.itc.u-tokyo.ac.jp/repo/s/medlib/document/47bbccf3-1a87-47a1-bab2-54d9269ec954,https://www.lib.u-tokyo.ac.jp/ja/library/contents/archives-top/reuse,https://iiif.dl.itc.u-tokyo.ac.jp/repo/files/medium/1c27bbb0829a4c156d261f0dcd3e434c26a10554.jpg,https://iiif.dl.itc.u-tokyo.ac.jp/repo/api/items/612024,"東京大学医学図書館 Medical Library, The University of Tokyo, JAPAN",http://iiif.io/api/presentation/2#rightToLeftDirection,,医学図書館デジタル史料室,052,,https://iiif.dl.itc.u-tokyo.ac.jp/repo/iiif/47bbccf3-1a87-47a1-bab2-54d9269ec954/manifest,,,,,59
外科訓蒙図彙 上巻,ゲカキンモウズイ|Gekakinmouzui,古典籍コレクション [医学図書館],日本語,,伊良子光顕,,,,明和4年,,2冊 23cm,請求記号: HR:48|資料解説: パレ外科書の抄訳で唯一刊行されたもの。伊良子光顕は1758年伏見にて腑分けに立ち会い、大腸と小腸の違いを確認した。|刊年2: 1767,,,http://tify.sub.uni-goettingen.de/demo.html?manifest=https://archdataset.dl.itc.u-tokyo.ac.jp/manifest/cd296533-e7c9-41b4-b42d-55c2e6e18bb4.json,cd296533-e7c9-41b4-b42d-55c2e6e18bb4,https://iiif.dl.itc.u-tokyo.ac.jp/repo/s/medlib,https://iiif.dl.itc.u-tokyo.ac.jp/repo/s/medlib/document/cd296533-e7c9-41b4-b42d-55c2e6e18bb4,https://www.lib.u-tokyo.ac.jp/ja/library/contents/archives-top/reuse,https://iiif.dl.itc.u-tokyo.ac.jp/repo/files/medium/6cfa9dc8bb51a5a330b690b2dac6b02175744b53.jpg,https://iiif.dl.itc.u-tokyo.ac.jp/repo/api/items/612023,"東京大学医学図書館 Medical Library, The University of Tokyo, JAPAN",http://iiif.io/api/presentation/2#rightToLeftDirection,,医学図書館デジタル史料室,053,,https://iiif.dl.itc.u-tokyo.ac.jp/repo/iiif/cd296533-e7c9-41b4-b42d-55c2e6e18bb4/manifest,,,,,37
外科訓蒙図彙 下巻,ゲカキンモウズイ|Gekakinmouzui,古典籍コレクション [医学図書館],日本語,,伊良子光顕,,,,明和4年,,2冊 23cm,請求記号: HR:48|資料解説: パレ外科書の抄訳で唯一刊行されたもの。伊良子光顕は1758年伏見にて腑分けに立ち会い、大腸と小腸の違いを確認した。|刊年2: 1767,,,http://tify.sub.uni-goettingen.de/demo.html?manifest=https://archdataset.dl.itc.u-tokyo.ac.jp/manifest/f7d3219a-82a3-4ee1-8a49-c82ec571a81d.json,f7d3219a-82a3-4ee1-8a49-c82ec571a81d,https://iiif.dl.itc.u-tokyo.ac.jp/repo/s/medlib,https://iiif.dl.itc.u-tokyo.ac.jp/repo/s/medlib/document/f7d3219a-82a3-4ee1-8a49-c82ec571a81d,https://www.lib.u-tokyo.ac.jp/ja/library/contents/archives-top/reuse,https://iiif.dl.itc.u-tokyo.ac.jp/repo/files/medium/f6d4a74fee009657f704670f1bff073691cddde1.jpg,https://iiif.dl.itc.u-tokyo.ac.jp/repo/api/items/612022,"東京大学医学図書館 Medical Library, The University of Tokyo, JAPAN",http://iiif.io/api/presentation/2#rightToLeftDirection,,医学図書館デジタル史料室,054,,https://iiif.dl.itc.u-tokyo.ac.jp/repo/iiif/f7d3219a-82a3-4ee1-8a49-c82ec571a81d/manifest,,,,,37
牛痘發蒙,ギュウトウハツモウ|Giyuutouhatsumou,古典籍コレクション [医学図書館],日本語,,桑田立斎,,,,嘉永2年,,1冊 26cm,請求記号: HR:51|資料解説: 著者の桑田立斎(和、1811-1868)は、江戸・深川の町医者で、幼科(現在の小児科)に長けていた。人痘種痘をおこなっていた先代のあとを継ぎ、数万の童子に、牛痘の種痘をおこなった。安政4(1857)年には、幕命をおびて蝦夷地にわたり、アイヌの民にも種痘をほどこしている。この「牛痘發蒙」は、世人に対して、牛痘への誤った見方を正し、種痘の効果を説くために編まれた啓蒙書で、とくに扉絵は有名。牛痘菩薩が、牛に疱瘡を踏みつけさせ、童子に救いの手をさしのべている様が描かれている。立斎は、こうした図像を描いた一枚刷りも世に配布し、牛痘種痘の普及につとめた。本学医学部は、安政5(1858)年設立の「お玉が池種痘所」に端を発しているが、著者の桑田立斎は、同種痘所設立のために拠金した83名の蘭方医のうちのひとりである。その意味でも、立斎の代表的著書である本書が、本館に収蔵されている意義は大きい|刊年2: 1849,,,http://tify.sub.uni-goettingen.de/demo.html?manifest=https://archdataset.dl.itc.u-tokyo.ac.jp/manifest/10899aed-06a9-49e8-9f34-0a50c4d2b62a.json,10899aed-06a9-49e8-9f34-0a50c4d2b62a,https://iiif.dl.itc.u-tokyo.ac.jp/repo/s/medlib,https://iiif.dl.itc.u-tokyo.ac.jp/repo/s/medlib/document/10899aed-06a9-49e8-9f34-0a50c4d2b62a,https://www.lib.u-tokyo.ac.jp/ja/library/contents/archives-top/reuse,https://iiif.dl.itc.u-tokyo.ac.jp/repo/files/medium/6f5c5dccc12bcba59f50c5c688e78e647a624a46.jpg,https://iiif.dl.itc.u-tokyo.ac.jp/repo/api/items/612021,"東京大学医学図書館 Medical Library, The University of Tokyo, JAPAN",http://iiif.io/api/presentation/2#rightToLeftDirection,,医学図書館デジタル史料室,055,,https://iiif.dl.itc.u-tokyo.ac.jp/repo/iiif/10899aed-06a9-49e8-9f34-0a50c4d2b62a/manifest,,,,,26
西説醫範提綱釋義 1巻,セイセツイハンテイコウシャクギ|Seisetsuihanteikoushakugi,古典籍コレクション [医学図書館],日本語,,宇田川榛齋 譯述|諏訪俊 筆記,,,,文化2年,,3冊 26cm,請求記号: HR:61|資料解説: 宇田川榛齋はいくつかの西洋解剖書を翻訳しまとめた「遠西医範」を刊行しようとしたが、実現できなかった。「西説醫範提綱釋義」は榛齋の門人諏訪俊により、その抄本として出された。江戸時代の解剖書の中では最も普及した。内容が平易で病理学や疾病の原因まで及んでいる。題簽タイトル「醫範提綱」。見返しタイトル「和蘭内景醫範提綱」附図:「 西説醫範提綱内象銅版図 」。|刊年2: 1805,,,http://tify.sub.uni-goettingen.de/demo.html?manifest=https://archdataset.dl.itc.u-tokyo.ac.jp/manifest/8204eee6-1d49-4d5f-b729-9848e8266079.json,8204eee6-1d49-4d5f-b729-9848e8266079,https://iiif.dl.itc.u-tokyo.ac.jp/repo/s/medlib,https://iiif.dl.itc.u-tokyo.ac.jp/repo/s/medlib/document/8204eee6-1d49-4d5f-b729-9848e8266079,https://www.lib.u-tokyo.ac.jp/ja/library/contents/archives-top/reuse,https://iiif.dl.itc.u-tokyo.ac.jp/repo/files/medium/98ecf8a2cc39271b05d241c835bf1045c9f3f3b9.jpg,https://iiif.dl.itc.u-tokyo.ac.jp/repo/api/items/612020,"東京大学医学図書館 Medical Library, The University of Tokyo, JAPAN",http://iiif.io/api/presentation/2#rightToLeftDirection,,医学図書館デジタル史料室,056,,https://iiif.dl.itc.u-tokyo.ac.jp/repo/iiif/8204eee6-1d49-4d5f-b729-9848e8266079/manifest,,,,,38
西説醫範提綱釋義 2巻,セイセツイハンテイコウシャクギ|Seisetsuihanteikoushakugi,古典籍コレクション [医学図書館],日本語,,宇田川榛齋 譯述|諏訪俊 筆記,,,,文化2年,,3冊 26cm,請求記号: HR:61|資料解説: 宇田川榛齋はいくつかの西洋解剖書を翻訳しまとめた「遠西医範」を刊行しようとしたが、実現できなかった。「西説醫範提綱釋義」は榛齋の門人諏訪俊により、その抄本として出された。江戸時代の解剖書の中では最も普及した。内容が平易で病理学や疾病の原因まで及んでいる。題簽タイトル「醫範提綱」。見返しタイトル「和蘭内景醫範提綱」附図:「 西説醫範提綱内象銅版図 」。|刊年2: 1805,,,http://tify.sub.uni-goettingen.de/demo.html?manifest=https://archdataset.dl.itc.u-tokyo.ac.jp/manifest/c23cffca-045d-408a-9681-1e4ac2397606.json,c23cffca-045d-408a-9681-1e4ac2397606,https://iiif.dl.itc.u-tokyo.ac.jp/repo/s/medlib,https://iiif.dl.itc.u-tokyo.ac.jp/repo/s/medlib/document/c23cffca-045d-408a-9681-1e4ac2397606,https://www.lib.u-tokyo.ac.jp/ja/library/contents/archives-top/reuse,https://iiif.dl.itc.u-tokyo.ac.jp/repo/files/medium/ed12b1ccc26eaa5efdfa842a1721a785fa8a0d99.jpg,https://iiif.dl.itc.u-tokyo.ac.jp/repo/api/items/612019,"東京大学医学図書館 Medical Library, The University of Tokyo, JAPAN",http://iiif.io/api/presentation/2#rightToLeftDirection,,医学図書館デジタル史料室,057,,https://iiif.dl.itc.u-tokyo.ac.jp/repo/iiif/c23cffca-045d-408a-9681-1e4ac2397606/manifest,,,,,38
西説醫範提綱釋義 3巻,セイセツイハンテイコウシャクギ|Seisetsuihanteikoushakugi,古典籍コレクション [医学図書館],日本語,,宇田川榛齋 譯述|諏訪俊 筆記,,,,文化2年,,3冊 26cm,請求記号: HR:61|資料解説: 宇田川榛齋はいくつかの西洋解剖書を翻訳しまとめた「遠西医範」を刊行しようとしたが、実現できなかった。「西説醫範提綱釋義」は榛齋の門人諏訪俊により、その抄本として出された。江戸時代の解剖書の中では最も普及した。内容が平易で病理学や疾病の原因まで及んでいる。題簽タイトル「醫範提綱」。見返しタイトル「和蘭内景醫範提綱」附図:「 西説醫範提綱内象銅版図 」。|刊年2: 1805,,,http://tify.sub.uni-goettingen.de/demo.html?manifest=https://archdataset.dl.itc.u-tokyo.ac.jp/manifest/ef083db7-4323-4ba3-b800-7b821c8a114c.json,ef083db7-4323-4ba3-b800-7b821c8a114c,https://iiif.dl.itc.u-tokyo.ac.jp/repo/s/medlib,https://iiif.dl.itc.u-tokyo.ac.jp/repo/s/medlib/document/ef083db7-4323-4ba3-b800-7b821c8a114c,https://www.lib.u-tokyo.ac.jp/ja/library/contents/archives-top/reuse,https://iiif.dl.itc.u-tokyo.ac.jp/repo/files/medium/5f54cba1f1e238393bc85fcaaeecfc7cd87f5f6f.jpg,https://iiif.dl.itc.u-tokyo.ac.jp/repo/api/items/612018,"東京大学医学図書館 Medical Library, The University of Tokyo, JAPAN",http://iiif.io/api/presentation/2#rightToLeftDirection,,医学図書館デジタル史料室,058,,https://iiif.dl.itc.u-tokyo.ac.jp/repo/iiif/ef083db7-4323-4ba3-b800-7b821c8a114c/manifest,,,,,29
西説醫範提綱内象銅版図,セイセツイハンテイコウナイショウドウバンズ|Seisetsuihanteikounaishoudoubanzu,古典籍コレクション [医学図書館],日本語,,宇田川榛斎|亜欧堂 鐫,,,,文化5年,,1帖 折本 31cm,請求記号: HR:64|資料解説: 「 西説醫範提綱釋義 」 の附図。亜欧堂田善(洋風画家、銅版画家)作の我が国最初の銅板解剖図。|刊年2: 1808,,,http://tify.sub.uni-goettingen.de/demo.html?manifest=https://archdataset.dl.itc.u-tokyo.ac.jp/manifest/28191148-af27-4a0c-aac6-4972cf1ae272.json,28191148-af27-4a0c-aac6-4972cf1ae272,https://iiif.dl.itc.u-tokyo.ac.jp/repo/s/medlib,https://iiif.dl.itc.u-tokyo.ac.jp/repo/s/medlib/document/28191148-af27-4a0c-aac6-4972cf1ae272,https://www.lib.u-tokyo.ac.jp/ja/library/contents/archives-top/reuse,https://iiif.dl.itc.u-tokyo.ac.jp/repo/files/medium/2753b479a374b7cf6507a3312021fa514235a8d7.jpg,https://iiif.dl.itc.u-tokyo.ac.jp/repo/api/items/612017,"東京大学医学図書館 Medical Library, The University of Tokyo, JAPAN",http://iiif.io/api/presentation/2#rightToLeftDirection,,医学図書館デジタル史料室,059,,https://iiif.dl.itc.u-tokyo.ac.jp/repo/iiif/28191148-af27-4a0c-aac6-4972cf1ae272/manifest,,,,,19
医療正始 1巻,イリョウセイシ|Iryouseishi,古典籍コレクション [医学図書館],日本語,,毘斯骨夫(ビショップ/ビスコフ)著|越而実幾(エルジッキ)訳|伊東玄朴 重訳,,,,天保6年-弘化4年,1835,21冊 26cm / 欠:22-24巻,請求記号: HR:78|資料解説: Bischoff (独 1784-1850) 著の内科書(オランダ語訳版)を伊東玄朴が翻訳したもの、全24巻。訳者の伊東玄朴は長崎でシーボルトに学び、お玉ヶ池種痘所設立のために拠金した83名の蘭方医のうちの一人。文久2年より、西洋医学所(種痘所の改称)の取締を務めた。 83名の蘭方医には、箕作阮甫、大槻俊斎、三宅艮斎、桑田立斎 などがいる。|刊年2: 1835-1847,,,http://tify.sub.uni-goettingen.de/demo.html?manifest=https://archdataset.dl.itc.u-tokyo.ac.jp/manifest/efba0911-08de-4cc8-b690-87837dd9b199.json,efba0911-08de-4cc8-b690-87837dd9b199,https://iiif.dl.itc.u-tokyo.ac.jp/repo/s/medlib,https://iiif.dl.itc.u-tokyo.ac.jp/repo/s/medlib/document/efba0911-08de-4cc8-b690-87837dd9b199,https://www.lib.u-tokyo.ac.jp/ja/library/contents/archives-top/reuse,https://iiif.dl.itc.u-tokyo.ac.jp/repo/files/medium/51685f9e3d2dacc6ce4994fc54b0922882bcfc05.jpg,https://iiif.dl.itc.u-tokyo.ac.jp/repo/api/items/612016,"東京大学医学図書館 Medical Library, The University of Tokyo, JAPAN",http://iiif.io/api/presentation/2#rightToLeftDirection,,医学図書館デジタル史料室,060,,https://iiif.dl.itc.u-tokyo.ac.jp/repo/iiif/efba0911-08de-4cc8-b690-87837dd9b199/manifest,,,,,28
医療正始 2巻,イリョウセイシ|Iryouseishi,古典籍コレクション [医学図書館],日本語,,毘斯骨夫(ビショップ/ビスコフ)著|越而実幾(エルジッキ)訳|伊東玄朴 重訳,,,,天保6年-弘化4年,1835,21冊 26cm / 欠:22-24巻,請求記号: HR:78|資料解説: Bischoff (独 1784-1850) 著の内科書(オランダ語訳版)を伊東玄朴が翻訳したもの、全24巻。訳者の伊東玄朴は長崎でシーボルトに学び、お玉ヶ池種痘所設立のために拠金した83名の蘭方医のうちの一人。文久2年より、西洋医学所(種痘所の改称)の取締を務めた。 83名の蘭方医には、箕作阮甫、大槻俊斎、三宅艮斎、桑田立斎 などがいる。|刊年2: 1835-1847,,,http://tify.sub.uni-goettingen.de/demo.html?manifest=https://archdataset.dl.itc.u-tokyo.ac.jp/manifest/3d31837c-6b8b-4793-b508-7db8647d53e0.json,3d31837c-6b8b-4793-b508-7db8647d53e0,https://iiif.dl.itc.u-tokyo.ac.jp/repo/s/medlib,https://iiif.dl.itc.u-tokyo.ac.jp/repo/s/medlib/document/3d31837c-6b8b-4793-b508-7db8647d53e0,https://www.lib.u-tokyo.ac.jp/ja/library/contents/archives-top/reuse,https://iiif.dl.itc.u-tokyo.ac.jp/repo/files/medium/6adc8baad70c9d22d24640fcc706dce92b2a21d1.jpg,https://iiif.dl.itc.u-tokyo.ac.jp/repo/api/items/612015,"東京大学医学図書館 Medical Library, The University of Tokyo, JAPAN",http://iiif.io/api/presentation/2#rightToLeftDirection,,医学図書館デジタル史料室,061,,https://iiif.dl.itc.u-tokyo.ac.jp/repo/iiif/3d31837c-6b8b-4793-b508-7db8647d53e0/manifest,,,,,29
医療正始 3巻,イリョウセイシ|Iryouseishi,古典籍コレクション [医学図書館],日本語,,毘斯骨夫(ビショップ/ビスコフ)著|越而実幾(エルジッキ)訳|伊東玄朴 重訳,,,,天保6年-弘化4年,1835,21冊 26cm / 欠:22-24巻,請求記号: HR:78|資料解説: Bischoff (独 1784-1850) 著の内科書(オランダ語訳版)を伊東玄朴が翻訳したもの、全24巻。訳者の伊東玄朴は長崎でシーボルトに学び、お玉ヶ池種痘所設立のために拠金した83名の蘭方医のうちの一人。文久2年より、西洋医学所(種痘所の改称)の取締を務めた。 83名の蘭方医には、箕作阮甫、大槻俊斎、三宅艮斎、桑田立斎 などがいる。|刊年2: 1835-1847,,,http://tify.sub.uni-goettingen.de/demo.html?manifest=https://archdataset.dl.itc.u-tokyo.ac.jp/manifest/382648ed-762f-4f13-aae3-db7505a91c7e.json,382648ed-762f-4f13-aae3-db7505a91c7e,https://iiif.dl.itc.u-tokyo.ac.jp/repo/s/medlib,https://iiif.dl.itc.u-tokyo.ac.jp/repo/s/medlib/document/382648ed-762f-4f13-aae3-db7505a91c7e,https://www.lib.u-tokyo.ac.jp/ja/library/contents/archives-top/reuse,https://iiif.dl.itc.u-tokyo.ac.jp/repo/files/medium/2e1b19bd8d496b35d7c82bde610867812db0eb62.jpg,https://iiif.dl.itc.u-tokyo.ac.jp/repo/api/items/612014,"東京大学医学図書館 Medical Library, The University of Tokyo, JAPAN",http://iiif.io/api/presentation/2#rightToLeftDirection,,医学図書館デジタル史料室,062,,https://iiif.dl.itc.u-tokyo.ac.jp/repo/iiif/382648ed-762f-4f13-aae3-db7505a91c7e/manifest,,,,,28
医療正始 4巻,イリョウセイシ|Iryouseishi,古典籍コレクション [医学図書館],日本語,,毘斯骨夫(ビショップ/ビスコフ)著|越而実幾(エルジッキ)訳|伊東玄朴 重訳,,,,天保6年-弘化4年,1835,21冊 26cm / 欠:22-24巻,請求記号: HR:78|資料解説: Bischoff (独 1784-1850) 著の内科書(オランダ語訳版)を伊東玄朴が翻訳したもの、全24巻。訳者の伊東玄朴は長崎でシーボルトに学び、お玉ヶ池種痘所設立のために拠金した83名の蘭方医のうちの一人。文久2年より、西洋医学所(種痘所の改称)の取締を務めた。 83名の蘭方医には、箕作阮甫、大槻俊斎、三宅艮斎、桑田立斎 などがいる。|刊年2: 1835-1847,,,http://tify.sub.uni-goettingen.de/demo.html?manifest=https://archdataset.dl.itc.u-tokyo.ac.jp/manifest/6c7d5b12-1e61-49db-b404-f0134e1da668.json,6c7d5b12-1e61-49db-b404-f0134e1da668,https://iiif.dl.itc.u-tokyo.ac.jp/repo/s/medlib,https://iiif.dl.itc.u-tokyo.ac.jp/repo/s/medlib/document/6c7d5b12-1e61-49db-b404-f0134e1da668,https://www.lib.u-tokyo.ac.jp/ja/library/contents/archives-top/reuse,https://iiif.dl.itc.u-tokyo.ac.jp/repo/files/medium/65f3398fd8c9e5b2c3ec650662510bc77bad54c4.jpg,https://iiif.dl.itc.u-tokyo.ac.jp/repo/api/items/612013,"東京大学医学図書館 Medical Library, The University of Tokyo, JAPAN",http://iiif.io/api/presentation/2#rightToLeftDirection,,医学図書館デジタル史料室,063,,https://iiif.dl.itc.u-tokyo.ac.jp/repo/iiif/6c7d5b12-1e61-49db-b404-f0134e1da668/manifest,,,,,30
医療正始 5巻,イリョウセイシ|Iryouseishi,古典籍コレクション [医学図書館],日本語,,毘斯骨夫(ビショップ/ビスコフ)著|越而実幾(エルジッキ)訳|伊東玄朴 重訳,,,,天保6年-弘化4年,1835,21冊 26cm / 欠:22-24巻,請求記号: HR:78|資料解説: Bischoff (独 1784-1850) 著の内科書(オランダ語訳版)を伊東玄朴が翻訳したもの、全24巻。訳者の伊東玄朴は長崎でシーボルトに学び、お玉ヶ池種痘所設立のために拠金した83名の蘭方医のうちの一人。文久2年より、西洋医学所(種痘所の改称)の取締を務めた。 83名の蘭方医には、箕作阮甫、大槻俊斎、三宅艮斎、桑田立斎 などがいる。|刊年2: 1835-1847,,,http://tify.sub.uni-goettingen.de/demo.html?manifest=https://archdataset.dl.itc.u-tokyo.ac.jp/manifest/91252edd-9fe8-46dd-ac09-d615b8a800b1.json,91252edd-9fe8-46dd-ac09-d615b8a800b1,https://iiif.dl.itc.u-tokyo.ac.jp/repo/s/medlib,https://iiif.dl.itc.u-tokyo.ac.jp/repo/s/medlib/document/91252edd-9fe8-46dd-ac09-d615b8a800b1,https://www.lib.u-tokyo.ac.jp/ja/library/contents/archives-top/reuse,https://iiif.dl.itc.u-tokyo.ac.jp/repo/files/medium/2a6cc0d3d496df330a6fed33e02436f54bf4407b.jpg,https://iiif.dl.itc.u-tokyo.ac.jp/repo/api/items/612012,"東京大学医学図書館 Medical Library, The University of Tokyo, JAPAN",http://iiif.io/api/presentation/2#rightToLeftDirection,,医学図書館デジタル史料室,064,,https://iiif.dl.itc.u-tokyo.ac.jp/repo/iiif/91252edd-9fe8-46dd-ac09-d615b8a800b1/manifest,,,,,25
医療正始 6巻,イリョウセイシ|Iryouseishi,古典籍コレクション [医学図書館],日本語,,毘斯骨夫(ビショップ/ビスコフ)著|越而実幾(エルジッキ)訳|伊東玄朴 重訳,,,,天保6年-弘化4年,1835,21冊 26cm / 欠:22-24巻,請求記号: HR:78|資料解説: Bischoff (独 1784-1850) 著の内科書(オランダ語訳版)を伊東玄朴が翻訳したもの、全24巻。訳者の伊東玄朴は長崎でシーボルトに学び、お玉ヶ池種痘所設立のために拠金した83名の蘭方医のうちの一人。文久2年より、西洋医学所(種痘所の改称)の取締を務めた。 83名の蘭方医には、箕作阮甫、大槻俊斎、三宅艮斎、桑田立斎 などがいる。|刊年2: 1835-1847,,,http://tify.sub.uni-goettingen.de/demo.html?manifest=https://archdataset.dl.itc.u-tokyo.ac.jp/manifest/1ebefa97-ce3b-41a3-acf8-afc1cabe9db6.json,1ebefa97-ce3b-41a3-acf8-afc1cabe9db6,https://iiif.dl.itc.u-tokyo.ac.jp/repo/s/medlib,https://iiif.dl.itc.u-tokyo.ac.jp/repo/s/medlib/document/1ebefa97-ce3b-41a3-acf8-afc1cabe9db6,https://www.lib.u-tokyo.ac.jp/ja/library/contents/archives-top/reuse,https://iiif.dl.itc.u-tokyo.ac.jp/repo/files/medium/3b9454636a3a6e29315abe2967c5ac42bf17ac7b.jpg,https://iiif.dl.itc.u-tokyo.ac.jp/repo/api/items/612011,"東京大学医学図書館 Medical Library, The University of Tokyo, JAPAN",http://iiif.io/api/presentation/2#rightToLeftDirection,,医学図書館デジタル史料室,065,,https://iiif.dl.itc.u-tokyo.ac.jp/repo/iiif/1ebefa97-ce3b-41a3-acf8-afc1cabe9db6/manifest,,,,,28
医療正始 7巻,イリョウセイシ|Iryouseishi,古典籍コレクション [医学図書館],日本語,,毘斯骨夫(ビショップ/ビスコフ)著|越而実幾(エルジッキ)訳|伊東玄朴 重訳,,,,天保6年-弘化4年,1835,21冊 26cm / 欠:22-24巻,請求記号: HR:78|資料解説: Bischoff (独 1784-1850) 著の内科書(オランダ語訳版)を伊東玄朴が翻訳したもの、全24巻。訳者の伊東玄朴は長崎でシーボルトに学び、お玉ヶ池種痘所設立のために拠金した83名の蘭方医のうちの一人。文久2年より、西洋医学所(種痘所の改称)の取締を務めた。 83名の蘭方医には、箕作阮甫、大槻俊斎、三宅艮斎、桑田立斎 などがいる。|刊年2: 1835-1847,,,http://tify.sub.uni-goettingen.de/demo.html?manifest=https://archdataset.dl.itc.u-tokyo.ac.jp/manifest/3b6026f7-8043-400f-adea-b41b7af83619.json,3b6026f7-8043-400f-adea-b41b7af83619,https://iiif.dl.itc.u-tokyo.ac.jp/repo/s/medlib,https://iiif.dl.itc.u-tokyo.ac.jp/repo/s/medlib/document/3b6026f7-8043-400f-adea-b41b7af83619,https://www.lib.u-tokyo.ac.jp/ja/library/contents/archives-top/reuse,https://iiif.dl.itc.u-tokyo.ac.jp/repo/files/medium/421d53479719d24616c01f1047f7b7521d59df17.jpg,https://iiif.dl.itc.u-tokyo.ac.jp/repo/api/items/612010,"東京大学医学図書館 Medical Library, The University of Tokyo, JAPAN",http://iiif.io/api/presentation/2#rightToLeftDirection,,医学図書館デジタル史料室,066,,https://iiif.dl.itc.u-tokyo.ac.jp/repo/iiif/3b6026f7-8043-400f-adea-b41b7af83619/manifest,,,,,29
医療正始 8巻,イリョウセイシ|Iryouseishi,古典籍コレクション [医学図書館],日本語,,毘斯骨夫(ビショップ/ビスコフ)著|越而実幾(エルジッキ)訳|伊東玄朴 重訳,,,,天保6年-弘化4年,1835,21冊 26cm / 欠:22-24巻,請求記号: HR:78|資料解説: Bischoff (独 1784-1850) 著の内科書(オランダ語訳版)を伊東玄朴が翻訳したもの、全24巻。訳者の伊東玄朴は長崎でシーボルトに学び、お玉ヶ池種痘所設立のために拠金した83名の蘭方医のうちの一人。文久2年より、西洋医学所(種痘所の改称)の取締を務めた。 83名の蘭方医には、箕作阮甫、大槻俊斎、三宅艮斎、桑田立斎 などがいる。|刊年2: 1835-1847,,,http://tify.sub.uni-goettingen.de/demo.html?manifest=https://archdataset.dl.itc.u-tokyo.ac.jp/manifest/6c393200-ffcf-497b-a1c9-7e1943d220e3.json,6c393200-ffcf-497b-a1c9-7e1943d220e3,https://iiif.dl.itc.u-tokyo.ac.jp/repo/s/medlib,https://iiif.dl.itc.u-tokyo.ac.jp/repo/s/medlib/document/6c393200-ffcf-497b-a1c9-7e1943d220e3,https://www.lib.u-tokyo.ac.jp/ja/library/contents/archives-top/reuse,https://iiif.dl.itc.u-tokyo.ac.jp/repo/files/medium/861b8f735b40b709b030bd18962e32286aadf39d.jpg,https://iiif.dl.itc.u-tokyo.ac.jp/repo/api/items/612009,"東京大学医学図書館 Medical Library, The University of Tokyo, JAPAN",http://iiif.io/api/presentation/2#rightToLeftDirection,,医学図書館デジタル史料室,067,,https://iiif.dl.itc.u-tokyo.ac.jp/repo/iiif/6c393200-ffcf-497b-a1c9-7e1943d220e3/manifest,,,,,27
医療正始 9巻,イリョウセイシ|Iryouseishi,古典籍コレクション [医学図書館],日本語,,毘斯骨夫(ビショップ/ビスコフ)著|越而実幾(エルジッキ)訳|伊東玄朴 重訳,,,,天保6年-弘化4年,1835,21冊 26cm / 欠:22-24巻,請求記号: HR:78|資料解説: Bischoff (独 1784-1850) 著の内科書(オランダ語訳版)を伊東玄朴が翻訳したもの、全24巻。訳者の伊東玄朴は長崎でシーボルトに学び、お玉ヶ池種痘所設立のために拠金した83名の蘭方医のうちの一人。文久2年より、西洋医学所(種痘所の改称)の取締を務めた。 83名の蘭方医には、箕作阮甫、大槻俊斎、三宅艮斎、桑田立斎 などがいる。|刊年2: 1835-1847,,,http://tify.sub.uni-goettingen.de/demo.html?manifest=https://archdataset.dl.itc.u-tokyo.ac.jp/manifest/52eded79-6054-4731-98f7-c57d2023c843.json,52eded79-6054-4731-98f7-c57d2023c843,https://iiif.dl.itc.u-tokyo.ac.jp/repo/s/medlib,https://iiif.dl.itc.u-tokyo.ac.jp/repo/s/medlib/document/52eded79-6054-4731-98f7-c57d2023c843,https://www.lib.u-tokyo.ac.jp/ja/library/contents/archives-top/reuse,https://iiif.dl.itc.u-tokyo.ac.jp/repo/files/medium/e919cd054670635f270e89aec24998b788737c93.jpg,https://iiif.dl.itc.u-tokyo.ac.jp/repo/api/items/612008,"東京大学医学図書館 Medical Library, The University of Tokyo, JAPAN",http://iiif.io/api/presentation/2#rightToLeftDirection,,医学図書館デジタル史料室,068,,https://iiif.dl.itc.u-tokyo.ac.jp/repo/iiif/52eded79-6054-4731-98f7-c57d2023c843/manifest,,,,,29
医療正始 10巻,イリョウセイシ|Iryouseishi,古典籍コレクション [医学図書館],日本語,,毘斯骨夫(ビショップ/ビスコフ)著|越而実幾(エルジッキ)訳|伊東玄朴 重訳,,,,天保6年-弘化4年,1835,21冊 26cm / 欠:22-24巻,請求記号: HR:78|資料解説: Bischoff (独 1784-1850) 著の内科書(オランダ語訳版)を伊東玄朴が翻訳したもの、全24巻。訳者の伊東玄朴は長崎でシーボルトに学び、お玉ヶ池種痘所設立のために拠金した83名の蘭方医のうちの一人。文久2年より、西洋医学所(種痘所の改称)の取締を務めた。 83名の蘭方医には、箕作阮甫、大槻俊斎、三宅艮斎、桑田立斎 などがいる。|刊年2: 1835-1847,,,http://tify.sub.uni-goettingen.de/demo.html?manifest=https://archdataset.dl.itc.u-tokyo.ac.jp/manifest/ecbfbdca-0e02-4327-9814-6d24636f8386.json,ecbfbdca-0e02-4327-9814-6d24636f8386,https://iiif.dl.itc.u-tokyo.ac.jp/repo/s/medlib,https://iiif.dl.itc.u-tokyo.ac.jp/repo/s/medlib/document/ecbfbdca-0e02-4327-9814-6d24636f8386,https://www.lib.u-tokyo.ac.jp/ja/library/contents/archives-top/reuse,https://iiif.dl.itc.u-tokyo.ac.jp/repo/files/medium/222c4606748b9afb60af51de00c89a29372d89c1.jpg,https://iiif.dl.itc.u-tokyo.ac.jp/repo/api/items/612007,"東京大学医学図書館 Medical Library, The University of Tokyo, JAPAN",http://iiif.io/api/presentation/2#rightToLeftDirection,,医学図書館デジタル史料室,069,,https://iiif.dl.itc.u-tokyo.ac.jp/repo/iiif/ecbfbdca-0e02-4327-9814-6d24636f8386/manifest,,,,,35
医療正始 11巻,イリョウセイシ|Iryouseishi,古典籍コレクション [医学図書館],日本語,,毘斯骨夫(ビショップ/ビスコフ)著|越而実幾(エルジッキ)訳|伊東玄朴 重訳,,,,天保6年-弘化4年,1835,21冊 26cm / 欠:22-24巻,請求記号: HR:78|資料解説: Bischoff (独 1784-1850) 著の内科書(オランダ語訳版)を伊東玄朴が翻訳したもの、全24巻。訳者の伊東玄朴は長崎でシーボルトに学び、お玉ヶ池種痘所設立のために拠金した83名の蘭方医のうちの一人。文久2年より、西洋医学所(種痘所の改称)の取締を務めた。 83名の蘭方医には、箕作阮甫、大槻俊斎、三宅艮斎、桑田立斎 などがいる。|刊年2: 1835-1847,,,http://tify.sub.uni-goettingen.de/demo.html?manifest=https://archdataset.dl.itc.u-tokyo.ac.jp/manifest/9c1e263b-dac0-4a81-8a88-e6615d5f177a.json,9c1e263b-dac0-4a81-8a88-e6615d5f177a,https://iiif.dl.itc.u-tokyo.ac.jp/repo/s/medlib,https://iiif.dl.itc.u-tokyo.ac.jp/repo/s/medlib/document/9c1e263b-dac0-4a81-8a88-e6615d5f177a,https://www.lib.u-tokyo.ac.jp/ja/library/contents/archives-top/reuse,https://iiif.dl.itc.u-tokyo.ac.jp/repo/files/medium/3ef146dc7e25619238a08cf430134f1ab3c72f55.jpg,https://iiif.dl.itc.u-tokyo.ac.jp/repo/api/items/612006,"東京大学医学図書館 Medical Library, The University of Tokyo, JAPAN",http://iiif.io/api/presentation/2#rightToLeftDirection,,医学図書館デジタル史料室,070,,https://iiif.dl.itc.u-tokyo.ac.jp/repo/iiif/9c1e263b-dac0-4a81-8a88-e6615d5f177a/manifest,,,,,29
医療正始 12巻,イリョウセイシ|Iryouseishi,古典籍コレクション [医学図書館],日本語,,毘斯骨夫(ビショップ/ビスコフ)著|越而実幾(エルジッキ)訳|伊東玄朴 重訳,,,,天保6年-弘化4年,1835,21冊 26cm / 欠:22-24巻,請求記号: HR:78|資料解説: Bischoff (独 1784-1850) 著の内科書(オランダ語訳版)を伊東玄朴が翻訳したもの、全24巻。訳者の伊東玄朴は長崎でシーボルトに学び、お玉ヶ池種痘所設立のために拠金した83名の蘭方医のうちの一人。文久2年より、西洋医学所(種痘所の改称)の取締を務めた。 83名の蘭方医には、箕作阮甫、大槻俊斎、三宅艮斎、桑田立斎 などがいる。|刊年2: 1835-1847,,,http://tify.sub.uni-goettingen.de/demo.html?manifest=https://archdataset.dl.itc.u-tokyo.ac.jp/manifest/c643444a-5233-4c25-906b-8cec118099ba.json,c643444a-5233-4c25-906b-8cec118099ba,https://iiif.dl.itc.u-tokyo.ac.jp/repo/s/medlib,https://iiif.dl.itc.u-tokyo.ac.jp/repo/s/medlib/document/c643444a-5233-4c25-906b-8cec118099ba,https://www.lib.u-tokyo.ac.jp/ja/library/contents/archives-top/reuse,https://iiif.dl.itc.u-tokyo.ac.jp/repo/files/medium/843d80aa7a15a6721c18159e2e32009eb7e684be.jpg,https://iiif.dl.itc.u-tokyo.ac.jp/repo/api/items/612005,"東京大学医学図書館 Medical Library, The University of Tokyo, JAPAN",http://iiif.io/api/presentation/2#rightToLeftDirection,,医学図書館デジタル史料室,071,,https://iiif.dl.itc.u-tokyo.ac.jp/repo/iiif/c643444a-5233-4c25-906b-8cec118099ba/manifest,,,,,28
医療正始 13巻,イリョウセイシ|Iryouseishi,古典籍コレクション [医学図書館],日本語,,毘斯骨夫(ビショップ/ビスコフ)著|越而実幾(エルジッキ)訳|伊東玄朴 重訳,,,,天保6年-弘化4年,1835,21冊 26cm / 欠:22-24巻,請求記号: HR:78|資料解説: Bischoff (独 1784-1850) 著の内科書(オランダ語訳版)を伊東玄朴が翻訳したもの、全24巻。訳者の伊東玄朴は長崎でシーボルトに学び、お玉ヶ池種痘所設立のために拠金した83名の蘭方医のうちの一人。文久2年より、西洋医学所(種痘所の改称)の取締を務めた。 83名の蘭方医には、箕作阮甫、大槻俊斎、三宅艮斎、桑田立斎 などがいる。|刊年2: 1835-1847,,,http://tify.sub.uni-goettingen.de/demo.html?manifest=https://archdataset.dl.itc.u-tokyo.ac.jp/manifest/57d75b53-d4a6-49fa-b74f-7ac643da77a0.json,57d75b53-d4a6-49fa-b74f-7ac643da77a0,https://iiif.dl.itc.u-tokyo.ac.jp/repo/s/medlib,https://iiif.dl.itc.u-tokyo.ac.jp/repo/s/medlib/document/57d75b53-d4a6-49fa-b74f-7ac643da77a0,https://www.lib.u-tokyo.ac.jp/ja/library/contents/archives-top/reuse,https://iiif.dl.itc.u-tokyo.ac.jp/repo/files/medium/e37253e27c8845f2fae3a8fe17e1c828f680770a.jpg,https://iiif.dl.itc.u-tokyo.ac.jp/repo/api/items/612004,"東京大学医学図書館 Medical Library, The University of Tokyo, JAPAN",http://iiif.io/api/presentation/2#rightToLeftDirection,,医学図書館デジタル史料室,072,,https://iiif.dl.itc.u-tokyo.ac.jp/repo/iiif/57d75b53-d4a6-49fa-b74f-7ac643da77a0/manifest,,,,,25
医療正始 14巻,イリョウセイシ|Iryouseishi,古典籍コレクション [医学図書館],日本語,,毘斯骨夫(ビショップ/ビスコフ)著|越而実幾(エルジッキ)訳|伊東玄朴 重訳,,,,天保6年-弘化4年,1835,21冊 26cm / 欠:22-24巻,請求記号: HR:78|資料解説: Bischoff (独 1784-1850) 著の内科書(オランダ語訳版)を伊東玄朴が翻訳したもの、全24巻。訳者の伊東玄朴は長崎でシーボルトに学び、お玉ヶ池種痘所設立のために拠金した83名の蘭方医のうちの一人。文久2年より、西洋医学所(種痘所の改称)の取締を務めた。 83名の蘭方医には、箕作阮甫、大槻俊斎、三宅艮斎、桑田立斎 などがいる。|刊年2: 1835-1847,,,http://tify.sub.uni-goettingen.de/demo.html?manifest=https://archdataset.dl.itc.u-tokyo.ac.jp/manifest/a066c5b6-7f12-4cae-a7c2-edb7e71f93c7.json,a066c5b6-7f12-4cae-a7c2-edb7e71f93c7,https://iiif.dl.itc.u-tokyo.ac.jp/repo/s/medlib,https://iiif.dl.itc.u-tokyo.ac.jp/repo/s/medlib/document/a066c5b6-7f12-4cae-a7c2-edb7e71f93c7,https://www.lib.u-tokyo.ac.jp/ja/library/contents/archives-top/reuse,https://iiif.dl.itc.u-tokyo.ac.jp/repo/files/medium/c15e2710764a63bb9500136bbb0ed98c9fec2604.jpg,https://iiif.dl.itc.u-tokyo.ac.jp/repo/api/items/612003,"東京大学医学図書館 Medical Library, The University of Tokyo, JAPAN",http://iiif.io/api/presentation/2#rightToLeftDirection,,医学図書館デジタル史料室,073,,https://iiif.dl.itc.u-tokyo.ac.jp/repo/iiif/a066c5b6-7f12-4cae-a7c2-edb7e71f93c7/manifest,,,,,27
医療正始 15巻,イリョウセイシ|Iryouseishi,古典籍コレクション [医学図書館],日本語,,毘斯骨夫(ビショップ/ビスコフ)著|越而実幾(エルジッキ)訳|伊東玄朴 重訳,,,,天保6年-弘化4年,1835,21冊 26cm / 欠:22-24巻,請求記号: HR:78|資料解説: Bischoff (独 1784-1850) 著の内科書(オランダ語訳版)を伊東玄朴が翻訳したもの、全24巻。訳者の伊東玄朴は長崎でシーボルトに学び、お玉ヶ池種痘所設立のために拠金した83名の蘭方医のうちの一人。文久2年より、西洋医学所(種痘所の改称)の取締を務めた。 83名の蘭方医には、箕作阮甫、大槻俊斎、三宅艮斎、桑田立斎 などがいる。|刊年2: 1835-1847,,,http://tify.sub.uni-goettingen.de/demo.html?manifest=https://archdataset.dl.itc.u-tokyo.ac.jp/manifest/17251e7f-6c2f-4063-a5a5-d561bf24502b.json,17251e7f-6c2f-4063-a5a5-d561bf24502b,https://iiif.dl.itc.u-tokyo.ac.jp/repo/s/medlib,https://iiif.dl.itc.u-tokyo.ac.jp/repo/s/medlib/document/17251e7f-6c2f-4063-a5a5-d561bf24502b,https://www.lib.u-tokyo.ac.jp/ja/library/contents/archives-top/reuse,https://iiif.dl.itc.u-tokyo.ac.jp/repo/files/medium/5f595a8a0c6570d9a5d66ecd8917c728e4d65ecd.jpg,https://iiif.dl.itc.u-tokyo.ac.jp/repo/api/items/612002,"東京大学医学図書館 Medical Library, The University of Tokyo, JAPAN",http://iiif.io/api/presentation/2#rightToLeftDirection,,医学図書館デジタル史料室,074,,https://iiif.dl.itc.u-tokyo.ac.jp/repo/iiif/17251e7f-6c2f-4063-a5a5-d561bf24502b/manifest,,,,,33
医療正始 16巻,イリョウセイシ|Iryouseishi,古典籍コレクション [医学図書館],日本語,,毘斯骨夫(ビショップ/ビスコフ)著|越而実幾(エルジッキ)訳|伊東玄朴 重訳,,,,天保6年-弘化4年,1835,21冊 26cm / 欠:22-24巻,請求記号: HR:78|資料解説: Bischoff (独 1784-1850) 著の内科書(オランダ語訳版)を伊東玄朴が翻訳したもの、全24巻。訳者の伊東玄朴は長崎でシーボルトに学び、お玉ヶ池種痘所設立のために拠金した83名の蘭方医のうちの一人。文久2年より、西洋医学所(種痘所の改称)の取締を務めた。 83名の蘭方医には、箕作阮甫、大槻俊斎、三宅艮斎、桑田立斎 などがいる。|刊年2: 1835-1847,,,http://tify.sub.uni-goettingen.de/demo.html?manifest=https://archdataset.dl.itc.u-tokyo.ac.jp/manifest/b0dbf184-2f30-497a-8377-315dabe7abcd.json,b0dbf184-2f30-497a-8377-315dabe7abcd,https://iiif.dl.itc.u-tokyo.ac.jp/repo/s/medlib,https://iiif.dl.itc.u-tokyo.ac.jp/repo/s/medlib/document/b0dbf184-2f30-497a-8377-315dabe7abcd,https://www.lib.u-tokyo.ac.jp/ja/library/contents/archives-top/reuse,https://iiif.dl.itc.u-tokyo.ac.jp/repo/files/medium/ad3ee63ed711f8bebac99a60d170ecefa5eebc69.jpg,https://iiif.dl.itc.u-tokyo.ac.jp/repo/api/items/612001,"東京大学医学図書館 Medical Library, The University of Tokyo, JAPAN",http://iiif.io/api/presentation/2#rightToLeftDirection,,医学図書館デジタル史料室,075,,https://iiif.dl.itc.u-tokyo.ac.jp/repo/iiif/b0dbf184-2f30-497a-8377-315dabe7abcd/manifest,,,,,34
医療正始 17巻,イリョウセイシ|Iryouseishi,古典籍コレクション [医学図書館],日本語,,毘斯骨夫(ビショップ/ビスコフ)著|越而実幾(エルジッキ)訳|伊東玄朴 重訳,,,,天保6年-弘化4年,1835,21冊 26cm / 欠:22-24巻,請求記号: HR:78|資料解説: Bischoff (独 1784-1850) 著の内科書(オランダ語訳版)を伊東玄朴が翻訳したもの、全24巻。訳者の伊東玄朴は長崎でシーボルトに学び、お玉ヶ池種痘所設立のために拠金した83名の蘭方医のうちの一人。文久2年より、西洋医学所(種痘所の改称)の取締を務めた。 83名の蘭方医には、箕作阮甫、大槻俊斎、三宅艮斎、桑田立斎 などがいる。|刊年2: 1835-1847,,,http://tify.sub.uni-goettingen.de/demo.html?manifest=https://archdataset.dl.itc.u-tokyo.ac.jp/manifest/2d110162-54e2-45a9-b81c-580f4a7361b6.json,2d110162-54e2-45a9-b81c-580f4a7361b6,https://iiif.dl.itc.u-tokyo.ac.jp/repo/s/medlib,https://iiif.dl.itc.u-tokyo.ac.jp/repo/s/medlib/document/2d110162-54e2-45a9-b81c-580f4a7361b6,https://www.lib.u-tokyo.ac.jp/ja/library/contents/archives-top/reuse,https://iiif.dl.itc.u-tokyo.ac.jp/repo/files/medium/048bc162ddc82adbc9c3638f28bde9cf39725947.jpg,https://iiif.dl.itc.u-tokyo.ac.jp/repo/api/items/612000,"東京大学医学図書館 Medical Library, The University of Tokyo, JAPAN",http://iiif.io/api/presentation/2#rightToLeftDirection,,医学図書館デジタル史料室,076,,https://iiif.dl.itc.u-tokyo.ac.jp/repo/iiif/2d110162-54e2-45a9-b81c-580f4a7361b6/manifest,,,,,27
医療正始 18巻,イリョウセイシ|Iryouseishi,古典籍コレクション [医学図書館],日本語,,毘斯骨夫(ビショップ/ビスコフ)著|越而実幾(エルジッキ)訳|伊東玄朴 重訳,,,,天保6年-弘化4年,1835,21冊 26cm / 欠:22-24巻,請求記号: HR:78|資料解説: Bischoff (独 1784-1850) 著の内科書(オランダ語訳版)を伊東玄朴が翻訳したもの、全24巻。訳者の伊東玄朴は長崎でシーボルトに学び、お玉ヶ池種痘所設立のために拠金した83名の蘭方医のうちの一人。文久2年より、西洋医学所(種痘所の改称)の取締を務めた。 83名の蘭方医には、箕作阮甫、大槻俊斎、三宅艮斎、桑田立斎 などがいる。|刊年2: 1835-1847,,,http://tify.sub.uni-goettingen.de/demo.html?manifest=https://archdataset.dl.itc.u-tokyo.ac.jp/manifest/bb691411-13cb-47a7-ac79-3f5c8c533b2c.json,bb691411-13cb-47a7-ac79-3f5c8c533b2c,https://iiif.dl.itc.u-tokyo.ac.jp/repo/s/medlib,https://iiif.dl.itc.u-tokyo.ac.jp/repo/s/medlib/document/bb691411-13cb-47a7-ac79-3f5c8c533b2c,https://www.lib.u-tokyo.ac.jp/ja/library/contents/archives-top/reuse,https://iiif.dl.itc.u-tokyo.ac.jp/repo/files/medium/053eecfc022780a5691c93a6fb610b8d199c083c.jpg,https://iiif.dl.itc.u-tokyo.ac.jp/repo/api/items/611999,"東京大学医学図書館 Medical Library, The University of Tokyo, JAPAN",http://iiif.io/api/presentation/2#rightToLeftDirection,,医学図書館デジタル史料室,077,,https://iiif.dl.itc.u-tokyo.ac.jp/repo/iiif/bb691411-13cb-47a7-ac79-3f5c8c533b2c/manifest,,,,,39
医療正始 19巻,イリョウセイシ|Iryouseishi,古典籍コレクション [医学図書館],日本語,,毘斯骨夫(ビショップ/ビスコフ)著|越而実幾(エルジッキ)訳|伊東玄朴 重訳,,,,天保6年-弘化4年,1835,21冊 26cm / 欠:22-24巻,請求記号: HR:78|資料解説: Bischoff (独 1784-1850) 著の内科書(オランダ語訳版)を伊東玄朴が翻訳したもの、全24巻。訳者の伊東玄朴は長崎でシーボルトに学び、お玉ヶ池種痘所設立のために拠金した83名の蘭方医のうちの一人。文久2年より、西洋医学所(種痘所の改称)の取締を務めた。 83名の蘭方医には、箕作阮甫、大槻俊斎、三宅艮斎、桑田立斎 などがいる。|刊年2: 1835-1847,,,http://tify.sub.uni-goettingen.de/demo.html?manifest=https://archdataset.dl.itc.u-tokyo.ac.jp/manifest/c0cd4491-7d11-422c-814b-865ba8c6b58c.json,c0cd4491-7d11-422c-814b-865ba8c6b58c,https://iiif.dl.itc.u-tokyo.ac.jp/repo/s/medlib,https://iiif.dl.itc.u-tokyo.ac.jp/repo/s/medlib/document/c0cd4491-7d11-422c-814b-865ba8c6b58c,https://www.lib.u-tokyo.ac.jp/ja/library/contents/archives-top/reuse,https://iiif.dl.itc.u-tokyo.ac.jp/repo/files/medium/97ad2d6e2923861f57e806ee84bbb087479390c2.jpg,https://iiif.dl.itc.u-tokyo.ac.jp/repo/api/items/611998,"東京大学医学図書館 Medical Library, The University of Tokyo, JAPAN",http://iiif.io/api/presentation/2#rightToLeftDirection,,医学図書館デジタル史料室,078,,https://iiif.dl.itc.u-tokyo.ac.jp/repo/iiif/c0cd4491-7d11-422c-814b-865ba8c6b58c/manifest,,,,,35
医療正始 20巻,イリョウセイシ|Iryouseishi,古典籍コレクション [医学図書館],日本語,,毘斯骨夫(ビショップ/ビスコフ)著|越而実幾(エルジッキ)訳|伊東玄朴 重訳,,,,天保6年-弘化4年,1835,21冊 26cm / 欠:22-24巻,請求記号: HR:78|資料解説: Bischoff (独 1784-1850) 著の内科書(オランダ語訳版)を伊東玄朴が翻訳したもの、全24巻。訳者の伊東玄朴は長崎でシーボルトに学び、お玉ヶ池種痘所設立のために拠金した83名の蘭方医のうちの一人。文久2年より、西洋医学所(種痘所の改称)の取締を務めた。 83名の蘭方医には、箕作阮甫、大槻俊斎、三宅艮斎、桑田立斎 などがいる。|刊年2: 1835-1847,,,http://tify.sub.uni-goettingen.de/demo.html?manifest=https://archdataset.dl.itc.u-tokyo.ac.jp/manifest/7545a75b-6b3b-40cf-afb3-7da223e50b51.json,7545a75b-6b3b-40cf-afb3-7da223e50b51,https://iiif.dl.itc.u-tokyo.ac.jp/repo/s/medlib,https://iiif.dl.itc.u-tokyo.ac.jp/repo/s/medlib/document/7545a75b-6b3b-40cf-afb3-7da223e50b51,https://www.lib.u-tokyo.ac.jp/ja/library/contents/archives-top/reuse,https://iiif.dl.itc.u-tokyo.ac.jp/repo/files/medium/e7e97646ea4bb7bfa2ea393a6626e3ad528ff38a.jpg,https://iiif.dl.itc.u-tokyo.ac.jp/repo/api/items/611997,"東京大学医学図書館 Medical Library, The University of Tokyo, JAPAN",http://iiif.io/api/presentation/2#rightToLeftDirection,,医学図書館デジタル史料室,079,,https://iiif.dl.itc.u-tokyo.ac.jp/repo/iiif/7545a75b-6b3b-40cf-afb3-7da223e50b51/manifest,,,,,40
医療正始 21巻,イリョウセイシ|Iryouseishi,古典籍コレクション [医学図書館],日本語,,毘斯骨夫(ビショップ/ビスコフ)著|越而実幾(エルジッキ)訳|伊東玄朴 重訳,,,,天保6年-弘化4年,1835,21冊 26cm / 欠:22-24巻,請求記号: HR:78|資料解説: Bischoff (独 1784-1850) 著の内科書(オランダ語訳版)を伊東玄朴が翻訳したもの、全24巻。訳者の伊東玄朴は長崎でシーボルトに学び、お玉ヶ池種痘所設立のために拠金した83名の蘭方医のうちの一人。文久2年より、西洋医学所(種痘所の改称)の取締を務めた。 83名の蘭方医には、箕作阮甫、大槻俊斎、三宅艮斎、桑田立斎 などがいる。|刊年2: 1835-1847,,,http://tify.sub.uni-goettingen.de/demo.html?manifest=https://archdataset.dl.itc.u-tokyo.ac.jp/manifest/b0717858-1854-4afd-ba77-d6a60d0a7ab7.json,b0717858-1854-4afd-ba77-d6a60d0a7ab7,https://iiif.dl.itc.u-tokyo.ac.jp/repo/s/medlib,https://iiif.dl.itc.u-tokyo.ac.jp/repo/s/medlib/document/b0717858-1854-4afd-ba77-d6a60d0a7ab7,https://www.lib.u-tokyo.ac.jp/ja/library/contents/archives-top/reuse,https://iiif.dl.itc.u-tokyo.ac.jp/repo/files/medium/c51f1c5ba1037aae38e8b3e849dbcd762e41599c.jpg,https://iiif.dl.itc.u-tokyo.ac.jp/repo/api/items/611996,"東京大学医学図書館 Medical Library, The University of Tokyo, JAPAN",http://iiif.io/api/presentation/2#rightToLeftDirection,,医学図書館デジタル史料室,080,,https://iiif.dl.itc.u-tokyo.ac.jp/repo/iiif/b0717858-1854-4afd-ba77-d6a60d0a7ab7/manifest,,,,,33
解體新書 序図,カイタイシンショ|Kaitaishinsho,古典籍コレクション [医学図書館],日本語,,杉田玄白 等訳,,,,安永3年,,5冊 27cm,請求記号: HR:91|資料解説: 明和8年 (1771) 3月、 江戸千住小塚原(こづかっぱら)で行われた刑死人の解剖を見た杉田玄白(翼、1733-1817)・前野良沢(達、1723-1803)たちが、ドイツ人クルムス(1689-1745)が書いた医学書のオランダ語訳である「ターヘル・アナトミア」と比較してその正確さに驚き、この本の翻訳を志して3年半の言語に絶する苦労ののちに完成させ、安永3年 (1774)に「解体新書」と名づけて出版された。 その内容は、第1冊が序図篇で、臓器類が図で描かれており、第2~5冊が解説篇で全文が漢文で記述されている。 この「解体新書」は日本の医学に対して貢献をしただけではなく、日本で蘭学がさかんになるきっかけとなった、その意味でも、医学史上とても重要な資料である。|刊年2: 1774,,,http://tify.sub.uni-goettingen.de/demo.html?manifest=https://archdataset.dl.itc.u-tokyo.ac.jp/manifest/0488ce09-0753-476f-9666-d55d5bad2677.json,0488ce09-0753-476f-9666-d55d5bad2677,https://iiif.dl.itc.u-tokyo.ac.jp/repo/s/medlib,https://iiif.dl.itc.u-tokyo.ac.jp/repo/s/medlib/document/0488ce09-0753-476f-9666-d55d5bad2677,https://www.lib.u-tokyo.ac.jp/ja/library/contents/archives-top/reuse,https://iiif.dl.itc.u-tokyo.ac.jp/repo/files/medium/dad6c99735686c9109d49aa6777b4882069af6f2.jpg,https://iiif.dl.itc.u-tokyo.ac.jp/repo/api/items/611995,"東京大学医学図書館 Medical Library, The University of Tokyo, JAPAN",http://iiif.io/api/presentation/2#rightToLeftDirection,,医学図書館デジタル史料室,081,,https://iiif.dl.itc.u-tokyo.ac.jp/repo/iiif/0488ce09-0753-476f-9666-d55d5bad2677/manifest,,,,,41
解體新書 1巻,カイタイシンショ|Kaitaishinsho,古典籍コレクション [医学図書館],日本語,,杉田玄白 等訳,,,,安永3年,,5冊 27cm,請求記号: HR:91|資料解説: 明和8年 (1771) 3月、 江戸千住小塚原(こづかっぱら)で行われた刑死人の解剖を見た杉田玄白(翼、1733-1817)・前野良沢(達、1723-1803)たちが、ドイツ人クルムス(1689-1745)が書いた医学書のオランダ語訳である「ターヘル・アナトミア」と比較してその正確さに驚き、この本の翻訳を志して3年半の言語に絶する苦労ののちに完成させ、安永3年 (1774)に「解体新書」と名づけて出版された。 その内容は、第1冊が序図篇で、臓器類が図で描かれており、第2~5冊が解説篇で全文が漢文で記述されている。 この「解体新書」は日本の医学に対して貢献をしただけではなく、日本で蘭学がさかんになるきっかけとなった、その意味でも、医学史上とても重要な資料である。|刊年2: 1774,,,http://tify.sub.uni-goettingen.de/demo.html?manifest=https://archdataset.dl.itc.u-tokyo.ac.jp/manifest/369347ce-8869-4eb6-9120-50273515a37d.json,369347ce-8869-4eb6-9120-50273515a37d,https://iiif.dl.itc.u-tokyo.ac.jp/repo/s/medlib,https://iiif.dl.itc.u-tokyo.ac.jp/repo/s/medlib/document/369347ce-8869-4eb6-9120-50273515a37d,https://www.lib.u-tokyo.ac.jp/ja/library/contents/archives-top/reuse,https://iiif.dl.itc.u-tokyo.ac.jp/repo/files/medium/e0cf01e98f6684688bff527ad8c042aa0a412f44.jpg,https://iiif.dl.itc.u-tokyo.ac.jp/repo/api/items/611994,"東京大学医学図書館 Medical Library, The University of Tokyo, JAPAN",http://iiif.io/api/presentation/2#rightToLeftDirection,,医学図書館デジタル史料室,082,,https://iiif.dl.itc.u-tokyo.ac.jp/repo/iiif/369347ce-8869-4eb6-9120-50273515a37d/manifest,,,,,25
解體新書 2巻,カイタイシンショ|Kaitaishinsho,古典籍コレクション [医学図書館],日本語,,杉田玄白 等訳,,,,安永3年,,5冊 27cm,請求記号: HR:91|資料解説: 明和8年 (1771) 3月、 江戸千住小塚原(こづかっぱら)で行われた刑死人の解剖を見た杉田玄白(翼、1733-1817)・前野良沢(達、1723-1803)たちが、ドイツ人クルムス(1689-1745)が書いた医学書のオランダ語訳である「ターヘル・アナトミア」と比較してその正確さに驚き、この本の翻訳を志して3年半の言語に絶する苦労ののちに完成させ、安永3年 (1774)に「解体新書」と名づけて出版された。 その内容は、第1冊が序図篇で、臓器類が図で描かれており、第2~5冊が解説篇で全文が漢文で記述され ている。 この「解体新書」は日本の医学に対して貢献をしただけではなく、日本で蘭学がさかんになるきっかけとなった、その意味でも、医学史上とても重要な資料である。|刊年2: 1774,,,http://tify.sub.uni-goettingen.de/demo.html?manifest=https://archdataset.dl.itc.u-tokyo.ac.jp/manifest/3253c0fe-8aa7-433a-8d22-fdb85a064959.json,3253c0fe-8aa7-433a-8d22-fdb85a064959,https://iiif.dl.itc.u-tokyo.ac.jp/repo/s/medlib,https://iiif.dl.itc.u-tokyo.ac.jp/repo/s/medlib/document/3253c0fe-8aa7-433a-8d22-fdb85a064959,https://www.lib.u-tokyo.ac.jp/ja/library/contents/archives-top/reuse,https://iiif.dl.itc.u-tokyo.ac.jp/repo/files/medium/a2a909f71e1e10281e5cdced35f8c1f82463c9f2.jpg,https://iiif.dl.itc.u-tokyo.ac.jp/repo/api/items/611993,"東京大学医学図書館 Medical Library, The University of Tokyo, JAPAN",http://iiif.io/api/presentation/2#rightToLeftDirection,,医学図書館デジタル史料室,083,,https://iiif.dl.itc.u-tokyo.ac.jp/repo/iiif/3253c0fe-8aa7-433a-8d22-fdb85a064959/manifest,,,,,26
解體新書 3巻,カイタイシンショ|Kaitaishinsho,古典籍コレクション [医学図書館],日本語,,杉田玄白 等訳,,,,安永3年,,5冊 27cm,請求記号: HR:91|資料解説: 明和8年 (1771) 3月、 江戸千住小塚原(こづかっぱら)で行われた刑死人の解剖を見た杉田玄白(翼、1733-1817)・前野良沢(達、1723-1803)たちが、ドイツ人クルムス(1689-1745)が書いた医学書のオランダ語訳である「ターヘル・アナトミア」と比較してその正確さに驚き、この本の翻訳を志して3年半の言語に絶する苦労ののちに完成させ、安永3年 (1774)に「解体新書」と名づけて出版された。 その内容は、第1冊が序図篇で、臓器類が図で描かれており、第2~5冊が解説篇で全文が漢文で記述され ている。 この「解体新書」は日本の医学に対して貢献をしただけではなく、日本で蘭学がさかんになるきっかけとなった、その意味でも、医学史上とても重要な資料である。|刊年2: 1774,,,http://tify.sub.uni-goettingen.de/demo.html?manifest=https://archdataset.dl.itc.u-tokyo.ac.jp/manifest/01df83cf-86f2-4fae-ab9b-6075fb7ea419.json,01df83cf-86f2-4fae-ab9b-6075fb7ea419,https://iiif.dl.itc.u-tokyo.ac.jp/repo/s/medlib,https://iiif.dl.itc.u-tokyo.ac.jp/repo/s/medlib/document/01df83cf-86f2-4fae-ab9b-6075fb7ea419,https://www.lib.u-tokyo.ac.jp/ja/library/contents/archives-top/reuse,https://iiif.dl.itc.u-tokyo.ac.jp/repo/files/medium/61acd57034eb63caced6cf4da6038acd134e6cf2.jpg,https://iiif.dl.itc.u-tokyo.ac.jp/repo/api/items/611992,"東京大学医学図書館 Medical Library, The University of Tokyo, JAPAN",http://iiif.io/api/presentation/2#rightToLeftDirection,,医学図書館デジタル史料室,084,,https://iiif.dl.itc.u-tokyo.ac.jp/repo/iiif/01df83cf-86f2-4fae-ab9b-6075fb7ea419/manifest,,,,,28
解體新書 4巻,カイタイシンショ|Kaitaishinsho,古典籍コレクション [医学図書館],日本語,,杉田玄白 等訳,,,,安永3年,,5冊 27cm,請求記号: HR:91|資料解説: 明和8年 (1771) 3月、 江戸千住小塚原(こづかっぱら)で行われた刑死人の解剖を見た杉田玄白(翼、1733-1817)・前野良沢(達、1723-1803)たちが、ドイツ人クルムス(1689-1745)が書いた医学書のオランダ語訳である「ターヘル・アナトミア」と比較してその正確さに驚き、この本の翻訳を志して3年半の言語に絶する苦労ののちに完成させ、安永3年 (1774)に「解体新書」と名づけて出版された。 その内容は、第1冊が序図篇で、臓器類が図で描かれており、第2~5冊が解説篇で全文が漢文で記述され ている。 この「解体新書」は日本の医学に対して貢献をしただけではなく、日本で蘭学がさかんになるきっかけとなった、その意味でも、医学史上とても重要な資料である。|刊年2: 1774,,,http://tify.sub.uni-goettingen.de/demo.html?manifest=https://archdataset.dl.itc.u-tokyo.ac.jp/manifest/0a1576c7-c962-4fc9-a3b4-716b49b1a0d5.json,0a1576c7-c962-4fc9-a3b4-716b49b1a0d5,https://iiif.dl.itc.u-tokyo.ac.jp/repo/s/medlib,https://iiif.dl.itc.u-tokyo.ac.jp/repo/s/medlib/document/0a1576c7-c962-4fc9-a3b4-716b49b1a0d5,https://www.lib.u-tokyo.ac.jp/ja/library/contents/archives-top/reuse,https://iiif.dl.itc.u-tokyo.ac.jp/repo/files/medium/a7cf1058e3cde25039704e583c9ff34913a7690a.jpg,https://iiif.dl.itc.u-tokyo.ac.jp/repo/api/items/611991,"東京大学医学図書館 Medical Library, The University of Tokyo, JAPAN",http://iiif.io/api/presentation/2#rightToLeftDirection,,医学図書館デジタル史料室,085,,https://iiif.dl.itc.u-tokyo.ac.jp/repo/iiif/0a1576c7-c962-4fc9-a3b4-716b49b1a0d5/manifest,,,,,29
重訂解體新書銅版全図,ジュウテイカイタイシンショドウバンゼンズ|Juuteikaitaishinshodoubanzenzu,古典籍コレクション [医学図書館],日本語,,中伊三郎 図版|杉田玄白 等訳|大槻玄沢 重訂,,,,天保14年,,1帖 折本 25cm,請求記号: HR:92|資料解説:  「 重訂解體新書 」の図版。中伊三郎は江戸後期の銅板画家。|刊年2: 1843,,,http://tify.sub.uni-goettingen.de/demo.html?manifest=https://archdataset.dl.itc.u-tokyo.ac.jp/manifest/2c2e10cd-0a49-4bc1-82b4-a09efe41a24c.json,2c2e10cd-0a49-4bc1-82b4-a09efe41a24c,https://iiif.dl.itc.u-tokyo.ac.jp/repo/s/medlib,https://iiif.dl.itc.u-tokyo.ac.jp/repo/s/medlib/document/2c2e10cd-0a49-4bc1-82b4-a09efe41a24c,https://www.lib.u-tokyo.ac.jp/ja/library/contents/archives-top/reuse,https://iiif.dl.itc.u-tokyo.ac.jp/repo/files/medium/83c180bc477c6475177d2b39c6992e2b9a9d580a.jpg,https://iiif.dl.itc.u-tokyo.ac.jp/repo/api/items/611990,"東京大学医学図書館 Medical Library, The University of Tokyo, JAPAN",http://iiif.io/api/presentation/2#rightToLeftDirection,,医学図書館デジタル史料室,086,,https://iiif.dl.itc.u-tokyo.ac.jp/repo/iiif/2c2e10cd-0a49-4bc1-82b4-a09efe41a24c/manifest,,,,,27
鼈氏診断学,ベッシシンダンガク|Besshishindangaku,古典籍コレクション [医学図書館],日本語,,"ベルツ著|土岐文二郎, 保利聯 共譯",,,,明治29年,,1冊 20cm,請求記号: ベルツ資料:H|資料解説: 著者のエルヴィン・フォン・ベルツ(独 1849-1913)は東京医学校(東京大学医学部)のお雇い外国人教師、在職期間は明治9年6月~35年7月。来日当初は生理学の講義を担当、前任者が帰国後に内科学、病理学などを担当し臨床の重要性を説いた。 在職は26年間にも渡り、日本の学生への教育指導と患者の診療に力を尽くした。|刊年2: 1896,,,http://tify.sub.uni-goettingen.de/demo.html?manifest=https://archdataset.dl.itc.u-tokyo.ac.jp/manifest/d3f4f4ad-47ee-4b15-8eb8-d37f0fdb44aa.json,d3f4f4ad-47ee-4b15-8eb8-d37f0fdb44aa,https://iiif.dl.itc.u-tokyo.ac.jp/repo/s/medlib,https://iiif.dl.itc.u-tokyo.ac.jp/repo/s/medlib/document/d3f4f4ad-47ee-4b15-8eb8-d37f0fdb44aa,https://www.lib.u-tokyo.ac.jp/ja/library/contents/archives-top/reuse,https://iiif.dl.itc.u-tokyo.ac.jp/repo/files/medium/8d7f48ce0ae2b5e95afca3f476122cba05dbff4c.jpg,https://iiif.dl.itc.u-tokyo.ac.jp/repo/api/items/611989,"東京大学医学図書館 Medical Library, The University of Tokyo, JAPAN",http://iiif.io/api/presentation/2#rightToLeftDirection,,医学図書館デジタル史料室,087,,https://iiif.dl.itc.u-tokyo.ac.jp/repo/iiif/d3f4f4ad-47ee-4b15-8eb8-d37f0fdb44aa/manifest,,,,,445
内科病論 上篇,ナイカビョウロン|Naikabyouron,古典籍コレクション [医学図書館],日本語,,ベルツ原著|伊勢錠五郎 譯補|樫村清徳 校閲,,,,明治15-16年,1882,3冊 19cm,請求記号: ベルツ資料:J|資料解説: 著者のエルヴィン・フォン・ベルツ(独 1849-1913)は東京医学校(東京大学医学部)のお雇い外国人教師、在職期間は明治9年6月~35年7月。来日当初は生理学の講義を担当、前任者が帰国後に内科学、病理学などを担当し臨床の重要性を説いた。在職は26年間にも渡り、日本の学生への教育指導と患者の診療に力を尽くした。|刊年2: 1882-1883,,,http://tify.sub.uni-goettingen.de/demo.html?manifest=https://archdataset.dl.itc.u-tokyo.ac.jp/manifest/35110646-86c8-4c58-9a83-e12b4693d306.json,35110646-86c8-4c58-9a83-e12b4693d306,https://iiif.dl.itc.u-tokyo.ac.jp/repo/s/medlib,https://iiif.dl.itc.u-tokyo.ac.jp/repo/s/medlib/document/35110646-86c8-4c58-9a83-e12b4693d306,https://www.lib.u-tokyo.ac.jp/ja/library/contents/archives-top/reuse,https://iiif.dl.itc.u-tokyo.ac.jp/repo/files/medium/2558bfd492df6446e7ef4b707bc3c804307a3a88.jpg,https://iiif.dl.itc.u-tokyo.ac.jp/repo/api/items/611988,"東京大学医学図書館 Medical Library, The University of Tokyo, JAPAN",http://iiif.io/api/presentation/2#rightToLeftDirection,,医学図書館デジタル史料室,088,,https://iiif.dl.itc.u-tokyo.ac.jp/repo/iiif/35110646-86c8-4c58-9a83-e12b4693d306/manifest,,,,,161
内科病論 中篇,ナイカビョウロン|Naikabyouron,古典籍コレクション [医学図書館],日本語,,ベルツ原著|伊勢錠五郎 譯補|樫村清徳 校閲,,,,明治15-16年,1882,3冊 19cm,請求記号: ベルツ資料:J|資料解説: 著者のエルヴィン・フォン・ベルツ(独 1849-1913)は東京医学校(東京大学医学部)のお雇い外国人教師、在職期間は明治9年6月~35年7月。来日当初は生理学の講義を担当、前任者が帰国後に内科学、病理学などを担当し臨床の重要性を説いた。在職は26年間にも渡り、日本の学生への教育指導と患者の診療に力を尽くした。|刊年2: 1882-1883,,,http://tify.sub.uni-goettingen.de/demo.html?manifest=https://archdataset.dl.itc.u-tokyo.ac.jp/manifest/18f73121-fee3-4aac-b1d2-da281d9f41a0.json,18f73121-fee3-4aac-b1d2-da281d9f41a0,https://iiif.dl.itc.u-tokyo.ac.jp/repo/s/medlib,https://iiif.dl.itc.u-tokyo.ac.jp/repo/s/medlib/document/18f73121-fee3-4aac-b1d2-da281d9f41a0,https://www.lib.u-tokyo.ac.jp/ja/library/contents/archives-top/reuse,https://iiif.dl.itc.u-tokyo.ac.jp/repo/files/medium/fb53fcf03293d8d3a79446c1305225bf975ed077.jpg,https://iiif.dl.itc.u-tokyo.ac.jp/repo/api/items/611987,"東京大学医学図書館 Medical Library, The University of Tokyo, JAPAN",http://iiif.io/api/presentation/2#rightToLeftDirection,,医学図書館デジタル史料室,089,,https://iiif.dl.itc.u-tokyo.ac.jp/repo/iiif/18f73121-fee3-4aac-b1d2-da281d9f41a0/manifest,,,,,211
内科病論 下篇,ナイカビョウロン|Naikabyouron,古典籍コレクション [医学図書館],日本語,,ベルツ原著|伊勢錠五郎 譯補|樫村清徳 校閲,,,,明治15-16年,1882,3冊 19cm,請求記号: ベルツ資料:J|資料解説: 著者のエルヴィン・フォン・ベルツ(独 1849-1913)は東京医学校(東京大学医学部)のお雇い外国人教師、在職期間は明治9年6月~35年7月。来日当初は生理学の講義を担当、前任者が帰国後に内科学、病理学などを担当し臨床の重要性を説いた。在職は26年間にも渡り、日本の学生への教育指導と患者の診療に力を尽くした。|刊年2: 1882-1883,,,http://tify.sub.uni-goettingen.de/demo.html?manifest=https://archdataset.dl.itc.u-tokyo.ac.jp/manifest/6668603d-9c4a-4327-aac7-f3feaa861a49.json,6668603d-9c4a-4327-aac7-f3feaa861a49,https://iiif.dl.itc.u-tokyo.ac.jp/repo/s/medlib,https://iiif.dl.itc.u-tokyo.ac.jp/repo/s/medlib/document/6668603d-9c4a-4327-aac7-f3feaa861a49,https://www.lib.u-tokyo.ac.jp/ja/library/contents/archives-top/reuse,https://iiif.dl.itc.u-tokyo.ac.jp/repo/files/medium/8f0bf4d8ad55824230422c1d1655570499fca818.jpg,https://iiif.dl.itc.u-tokyo.ac.jp/repo/api/items/611986,"東京大学医学図書館 Medical Library, The University of Tokyo, JAPAN",http://iiif.io/api/presentation/2#rightToLeftDirection,,医学図書館デジタル史料室,090,,https://iiif.dl.itc.u-tokyo.ac.jp/repo/iiif/6668603d-9c4a-4327-aac7-f3feaa861a49/manifest,,,,,242
解剖図巻,カイボウズカン|Kaibouzukan,巻子本コレクション [医学図書館],日本語,,,,,,天明3年,,1軸 彩色図,請求記号: HR 253-2|資料解説: 小石元俊が天明3年の解剖をもとに著わした「平次郎臓図」の一部分を写した図と思われる。印記:「呉氏文庫」|刊年2: 1783,,,http://tify.sub.uni-goettingen.de/demo.html?manifest=https://archdataset.dl.itc.u-tokyo.ac.jp/manifest/2cc3797e-e9a6-4bb8-845d-9557e7d9872f.json,2cc3797e-e9a6-4bb8-845d-9557e7d9872f,https://iiif.dl.itc.u-tokyo.ac.jp/repo/s/medlib,https://iiif.dl.itc.u-tokyo.ac.jp/repo/s/medlib/document/2cc3797e-e9a6-4bb8-845d-9557e7d9872f,https://www.lib.u-tokyo.ac.jp/ja/library/contents/archives-top/reuse,https://iiif.dl.itc.u-tokyo.ac.jp/repo/files/medium/74be7244e7f4c2e983f4e5fdb435d3990c776c62.jpg,https://iiif.dl.itc.u-tokyo.ac.jp/repo/api/items/611985,"東京大学医学図書館 Medical Library, The University of Tokyo, JAPAN",http://iiif.io/api/presentation/2#rightToLeftDirection,,医学図書館デジタル史料室,091,,https://iiif.dl.itc.u-tokyo.ac.jp/repo/iiif/2cc3797e-e9a6-4bb8-845d-9557e7d9872f/manifest,,,,,2
解体之図,カイタイノズ|Kaitainozu,巻子本コレクション [医学図書館],日本語,,,,,,慶応4年,,1軸 彩色図,請求記号: HR 313|刊年2: 1868,,,http://tify.sub.uni-goettingen.de/demo.html?manifest=https://archdataset.dl.itc.u-tokyo.ac.jp/manifest/ae4e6111-0dbc-4e90-9a18-a2ab923f0668.json,ae4e6111-0dbc-4e90-9a18-a2ab923f0668,https://iiif.dl.itc.u-tokyo.ac.jp/repo/s/medlib,https://iiif.dl.itc.u-tokyo.ac.jp/repo/s/medlib/document/ae4e6111-0dbc-4e90-9a18-a2ab923f0668,https://www.lib.u-tokyo.ac.jp/ja/library/contents/archives-top/reuse,https://iiif.dl.itc.u-tokyo.ac.jp/repo/files/medium/d3442526be603949058a5d3a5da0b53142915402.jpg,https://iiif.dl.itc.u-tokyo.ac.jp/repo/api/items/611984,"東京大学医学図書館 Medical Library, The University of Tokyo, JAPAN",http://iiif.io/api/presentation/2#rightToLeftDirection,,医学図書館デジタル史料室,092,,https://iiif.dl.itc.u-tokyo.ac.jp/repo/iiif/ae4e6111-0dbc-4e90-9a18-a2ab923f0668/manifest,,,,,2
解體図(女囚解剖図),カイタイズ|Kaitaizu,巻子本コレクション [医学図書館],日本語,,,,,,,,1軸 彩色図,請求記号: HR 319|資料解説: 長岡藩医、新川順庵による解剖の記録。長岡城下の刑場で行われた。「解体場全図」とあるのは巻頭に収録された腑分け場所の描写。これにより、当時の解剖現場を視覚的に確認することができる。,,,http://tify.sub.uni-goettingen.de/demo.html?manifest=https://archdataset.dl.itc.u-tokyo.ac.jp/manifest/71ca856c-ffb8-4ad0-886e-4bc91e2b652e.json,71ca856c-ffb8-4ad0-886e-4bc91e2b652e,https://iiif.dl.itc.u-tokyo.ac.jp/repo/s/medlib,https://iiif.dl.itc.u-tokyo.ac.jp/repo/s/medlib/document/71ca856c-ffb8-4ad0-886e-4bc91e2b652e,https://www.lib.u-tokyo.ac.jp/ja/library/contents/archives-top/reuse,https://iiif.dl.itc.u-tokyo.ac.jp/repo/files/medium/040b2b7acd71d7eb76e503b88d746c29b4664bdc.jpg,https://iiif.dl.itc.u-tokyo.ac.jp/repo/api/items/611983,"東京大学医学図書館 Medical Library, The University of Tokyo, JAPAN",http://iiif.io/api/presentation/2#rightToLeftDirection,,医学図書館デジタル史料室,093,,https://iiif.dl.itc.u-tokyo.ac.jp/repo/iiif/71ca856c-ffb8-4ad0-886e-4bc91e2b652e/manifest,,,,,2
鈴木氏脊髄図,スズキシセキズイズ|Suzukishisekizuizu,巻子本コレクション [医学図書館],日本語,,,,,,大正8年,,1軸 掛図,請求記号: HR 284|資料解説: 鈴木文太郎が解剖した20才男性の標本より、伊藤快彦画、小川一眞光筆印刷。鈴木文太郎(すずき ぶんたろう 1865-1921)は帝国大学医科大学(東京大学医学部)を卒業、京都帝国大学医科大学の初代解剖学教授を務める。著作に国際解剖学用語に基づく日本最初の解剖学用語集となる「解剖学名彙」などがある。|刊年2: 1919,,,http://tify.sub.uni-goettingen.de/demo.html?manifest=https://archdataset.dl.itc.u-tokyo.ac.jp/manifest/dee254f2-4bea-445c-bcaa-a21546d86b78.json,dee254f2-4bea-445c-bcaa-a21546d86b78,https://iiif.dl.itc.u-tokyo.ac.jp/repo/s/medlib,https://iiif.dl.itc.u-tokyo.ac.jp/repo/s/medlib/document/dee254f2-4bea-445c-bcaa-a21546d86b78,https://www.lib.u-tokyo.ac.jp/ja/library/contents/archives-top/reuse,https://iiif.dl.itc.u-tokyo.ac.jp/repo/files/medium/92ee5b586e10d28d2a9472b2346f87516cc9a1ad.jpg,https://iiif.dl.itc.u-tokyo.ac.jp/repo/api/items/611982,"東京大学医学図書館 Medical Library, The University of Tokyo, JAPAN",http://iiif.io/api/presentation/2#rightToLeftDirection,,医学図書館デジタル史料室,094,,https://iiif.dl.itc.u-tokyo.ac.jp/repo/iiif/dee254f2-4bea-445c-bcaa-a21546d86b78/manifest,,,,,2
文化壬申解剖解観図,ブンカジンシンカイボウカイカンズ|Bunkajinshinkaiboukaikanzu,巻子本コレクション [医学図書館],日本語,,,,,,文化9年,,1軸 彩色図,請求記号: HR 253|資料解説: 小森桃塢、藤林普山が文化9年に京都で行った男性の解剖記録。|刊年2: 1812,,,http://tify.sub.uni-goettingen.de/demo.html?manifest=https://archdataset.dl.itc.u-tokyo.ac.jp/manifest/fea578ec-56c4-44fa-8f70-7bfacb585f0f.json,fea578ec-56c4-44fa-8f70-7bfacb585f0f,https://iiif.dl.itc.u-tokyo.ac.jp/repo/s/medlib,https://iiif.dl.itc.u-tokyo.ac.jp/repo/s/medlib/document/fea578ec-56c4-44fa-8f70-7bfacb585f0f,https://www.lib.u-tokyo.ac.jp/ja/library/contents/archives-top/reuse,https://iiif.dl.itc.u-tokyo.ac.jp/repo/files/medium/a04b47231a238e0d1e576263fb4579eb3e085bb0.jpg,https://iiif.dl.itc.u-tokyo.ac.jp/repo/api/items/611981,"東京大学医学図書館 Medical Library, The University of Tokyo, JAPAN",http://iiif.io/api/presentation/2#rightToLeftDirection,,医学図書館デジタル史料室,095,,https://iiif.dl.itc.u-tokyo.ac.jp/repo/iiif/fea578ec-56c4-44fa-8f70-7bfacb585f0f/manifest,,,,,2
腹蔵図巻,フクゾウズカン|Fukuzouzukan,巻子本コレクション [医学図書館],日本語,,,,,,不明,,1軸 彩色図,請求記号: HR 294|刊年2: 不明,,,http://tify.sub.uni-goettingen.de/demo.html?manifest=https://archdataset.dl.itc.u-tokyo.ac.jp/manifest/7a991e60-76bd-40c8-ac3a-13e834635418.json,7a991e60-76bd-40c8-ac3a-13e834635418,https://iiif.dl.itc.u-tokyo.ac.jp/repo/s/medlib,https://iiif.dl.itc.u-tokyo.ac.jp/repo/s/medlib/document/7a991e60-76bd-40c8-ac3a-13e834635418,https://www.lib.u-tokyo.ac.jp/ja/library/contents/archives-top/reuse,https://iiif.dl.itc.u-tokyo.ac.jp/repo/files/medium/2d609e60e9589f586a0da1e81798229b0a3f62bd.jpg,https://iiif.dl.itc.u-tokyo.ac.jp/repo/api/items/611980,"東京大学医学図書館 Medical Library, The University of Tokyo, JAPAN",http://iiif.io/api/presentation/2#rightToLeftDirection,,医学図書館デジタル史料室,096,,https://iiif.dl.itc.u-tokyo.ac.jp/repo/iiif/7a991e60-76bd-40c8-ac3a-13e834635418/manifest,,,,,2
玉碎臓図,ギョクサイゾウズ|Gyokusaizouzu,巻子本コレクション [医学図書館],日本語,,,,,,安永3年,,1軸 彩色図,請求記号: HR 50|資料解説: 山脇東洋の次男東門による明和8年(1771)12月25日の女体解剖。|刊年2: 1774,,,http://tify.sub.uni-goettingen.de/demo.html?manifest=https://archdataset.dl.itc.u-tokyo.ac.jp/manifest/0c0a2f99-2f14-4dfd-9b81-5754baddf541.json,0c0a2f99-2f14-4dfd-9b81-5754baddf541,https://iiif.dl.itc.u-tokyo.ac.jp/repo/s/medlib,https://iiif.dl.itc.u-tokyo.ac.jp/repo/s/medlib/document/0c0a2f99-2f14-4dfd-9b81-5754baddf541,https://www.lib.u-tokyo.ac.jp/ja/library/contents/archives-top/reuse,https://iiif.dl.itc.u-tokyo.ac.jp/repo/files/medium/5b11cb9fe602608846f67ddda6ca0b6eecf7294a.jpg,https://iiif.dl.itc.u-tokyo.ac.jp/repo/api/items/611979,"東京大学医学図書館 Medical Library, The University of Tokyo, JAPAN",http://iiif.io/api/presentation/2#rightToLeftDirection,,医学図書館デジタル史料室,097,,https://iiif.dl.itc.u-tokyo.ac.jp/repo/iiif/0c0a2f99-2f14-4dfd-9b81-5754baddf541/manifest,,,,,2
平戸嵐山家旧蔵解剖図巻 上,ヒラドアラシヤマケキュウゾウカイボウズカン|Hiradoarashiyamakekiyuuzoukaibouzukan,巻子本コレクション [医学図書館]|呉秀三文庫,日本語,,,,,,不明,,2軸 写 彩色図,請求記号: 呉 5|登録番号: M26315|資料解説: 平戸嵐山家とは、平戸藩の藩医嵐山甫庵に始まる医家と推測されるが、解剖についての詳細は不明。印記:「呉氏文庫」|刊年2: 不明,,,http://tify.sub.uni-goettingen.de/demo.html?manifest=https://archdataset.dl.itc.u-tokyo.ac.jp/manifest/0df4e6d7-98d8-47b2-bdf0-1e73433d03b1.json,0df4e6d7-98d8-47b2-bdf0-1e73433d03b1,https://iiif.dl.itc.u-tokyo.ac.jp/repo/s/medlib,https://iiif.dl.itc.u-tokyo.ac.jp/repo/s/medlib/document/0df4e6d7-98d8-47b2-bdf0-1e73433d03b1,https://www.lib.u-tokyo.ac.jp/ja/library/contents/archives-top/reuse,https://iiif.dl.itc.u-tokyo.ac.jp/repo/files/medium/fa734efc3624bdf8e4961fb66b89532b358498dd.jpg,https://iiif.dl.itc.u-tokyo.ac.jp/repo/api/items/611978,"東京大学医学図書館 Medical Library, The University of Tokyo, JAPAN",http://iiif.io/api/presentation/2#rightToLeftDirection,,医学図書館デジタル史料室,098,,https://iiif.dl.itc.u-tokyo.ac.jp/repo/iiif/0df4e6d7-98d8-47b2-bdf0-1e73433d03b1/manifest,,,,,2
平戸嵐山家旧蔵解剖図巻 下,ヒラドアラシヤマケキュウゾウカイボウズカン|Hiradoarashiyamakekiyuuzoukaibouzukan,巻子本コレクション [医学図書館]|呉秀三文庫,日本語,,,,,,不明,,2軸 写 彩色図,請求記号: 呉 5|登録番号: M26316|資料解説: 平戸嵐山家とは、平戸藩の藩医嵐山甫庵に始まる医家と推測されるが、解剖についての詳細は不明。印記:「呉氏文庫」|刊年2: 不明,,,http://tify.sub.uni-goettingen.de/demo.html?manifest=https://archdataset.dl.itc.u-tokyo.ac.jp/manifest/2fd122da-3b36-406d-9382-2460a88d889d.json,2fd122da-3b36-406d-9382-2460a88d889d,https://iiif.dl.itc.u-tokyo.ac.jp/repo/s/medlib,https://iiif.dl.itc.u-tokyo.ac.jp/repo/s/medlib/document/2fd122da-3b36-406d-9382-2460a88d889d,https://www.lib.u-tokyo.ac.jp/ja/library/contents/archives-top/reuse,https://iiif.dl.itc.u-tokyo.ac.jp/repo/files/medium/e518b659f19f527a6e53d2b7cf0de671ea6a0a85.jpg,https://iiif.dl.itc.u-tokyo.ac.jp/repo/api/items/611977,"東京大学医学図書館 Medical Library, The University of Tokyo, JAPAN",http://iiif.io/api/presentation/2#rightToLeftDirection,,医学図書館デジタル史料室,099,,https://iiif.dl.itc.u-tokyo.ac.jp/repo/iiif/2fd122da-3b36-406d-9382-2460a88d889d/manifest,,,,,2
医聖堂前哲帖,いせいどうぜんてつじょう|Iseidouzentetsujou,呉秀三文庫,日本語,,,,,,,,1帖 折帖 34cm,請求記号:呉 4|登録番号:M26314|解説:曲直瀬道三、前野良沢など室町~江戸時代の医師や蘭学者らの書画54点を、呉自身で折帖に仕立てたもの。 表紙の「芳渓」はもっとも多く使われた呉の号である。,,,http://tify.sub.uni-goettingen.de/demo.html?manifest=https://archdataset.dl.itc.u-tokyo.ac.jp/manifest/207a5e64-0d77-5449-522b-72907a943153.json,207a5e64-0d77-5449-522b-72907a943153,https://iiif.dl.itc.u-tokyo.ac.jp/repo/s/medlib,https://iiif.dl.itc.u-tokyo.ac.jp/repo/s/medlib/document/207a5e64-0d77-5449-522b-72907a943153,https://www.lib.u-tokyo.ac.jp/ja/library/contents/archives-top/reuse,https://iiif.dl.itc.u-tokyo.ac.jp/repo/files/medium/7ed71284f98562544c38c28a8f60663c47034a01.jpg,https://iiif.dl.itc.u-tokyo.ac.jp/repo/api/items/611976,"東京大学医学図書館 Medical Library, The University of Tokyo, JAPAN",http://iiif.io/api/presentation/2#rightToLeftDirection,,医学図書館デジタル史料室,100,,https://iiif.dl.itc.u-tokyo.ac.jp/repo/iiif/207a5e64-0d77-5449-522b-72907a943153/manifest,,,,,56
医聖堂前哲帖 1 曲直瀬道三,いせいどうぜんてつじょう|Iseidouzentetsujou,呉秀三文庫,日本語,,曲直瀬道三,まなせ どうさん|Manase Dosan,,,,,16.4×15.7cm,"室町後期・安土桃山時代の医師。日本医学中興の祖と称される。著作に「啓迪集」など。(1507-1594),杉田翼(玄白)の名の箋注のみあり、書画は欠。",,,http://tify.sub.uni-goettingen.de/demo.html?manifest=https://archdataset.dl.itc.u-tokyo.ac.jp/manifest/7872e794-0649-534d-4cab-28e7befe0534.json,7872e794-0649-534d-4cab-28e7befe0534,https://iiif.dl.itc.u-tokyo.ac.jp/repo/s/medlib,https://iiif.dl.itc.u-tokyo.ac.jp/repo/s/medlib/document/7872e794-0649-534d-4cab-28e7befe0534,https://www.lib.u-tokyo.ac.jp/ja/library/contents/archives-top/reuse,https://iiif.dl.itc.u-tokyo.ac.jp/repo/files/medium/88c6b7fab2158e931177e5c84486e05b92d271d0.jpg,https://iiif.dl.itc.u-tokyo.ac.jp/repo/api/items/611975,"東京大学医学図書館 Medical Library, The University of Tokyo, JAPAN",http://iiif.io/api/presentation/2#rightToLeftDirection,,医学図書館デジタル史料室,101,,https://iiif.dl.itc.u-tokyo.ac.jp/repo/iiif/7872e794-0649-534d-4cab-28e7befe0534/manifest,,,,,1
医聖堂前哲帖 2 桂川甫周,いせいどうぜんてつじょう|Iseidouzentetsujou,呉秀三文庫,日本語,,桂川甫周,かつらがわ ほしゅう|Katsuragawa Hoshu,,,,,23.6×20.4cm,江戸時代後期の蘭方医。桂川家4代目。「ターヘルアナトミア(解体新書)」の翻訳に最年少者としてたずさわった。(1751-1809),,,http://tify.sub.uni-goettingen.de/demo.html?manifest=https://archdataset.dl.itc.u-tokyo.ac.jp/manifest/5f2d1812-1667-4a27-a00a-af6c7079588a.json,5f2d1812-1667-4a27-a00a-af6c7079588a,https://iiif.dl.itc.u-tokyo.ac.jp/repo/s/medlib,https://iiif.dl.itc.u-tokyo.ac.jp/repo/s/medlib/document/5f2d1812-1667-4a27-a00a-af6c7079588a,https://www.lib.u-tokyo.ac.jp/ja/library/contents/archives-top/reuse,https://iiif.dl.itc.u-tokyo.ac.jp/repo/files/medium/d6e683887dccec2c57156f6defcac6e253045084.jpg,https://iiif.dl.itc.u-tokyo.ac.jp/repo/api/items/611974,"東京大学医学図書館 Medical Library, The University of Tokyo, JAPAN",http://iiif.io/api/presentation/2#rightToLeftDirection,,医学図書館デジタル史料室,102,,https://iiif.dl.itc.u-tokyo.ac.jp/repo/iiif/5f2d1812-1667-4a27-a00a-af6c7079588a/manifest,,,,,1
医聖堂前哲帖 3 石坂[ 宗哲 ],いせいどうぜんてつじょう|Iseidouzentetsujou,呉秀三文庫,日本語,,石坂[ 宗哲 ],いしざか そうてつ|Ishizaka Sotetsu,,,,,20.9×17.8cm,,,,http://tify.sub.uni-goettingen.de/demo.html?manifest=https://archdataset.dl.itc.u-tokyo.ac.jp/manifest/aa8e68b1-3b9d-0f59-820e-f62927f11c3f.json,aa8e68b1-3b9d-0f59-820e-f62927f11c3f,https://iiif.dl.itc.u-tokyo.ac.jp/repo/s/medlib,https://iiif.dl.itc.u-tokyo.ac.jp/repo/s/medlib/document/aa8e68b1-3b9d-0f59-820e-f62927f11c3f,https://www.lib.u-tokyo.ac.jp/ja/library/contents/archives-top/reuse,https://iiif.dl.itc.u-tokyo.ac.jp/repo/files/medium/20bd4f08c91cb7fc4fc65858fa5f46d5083e2006.jpg,https://iiif.dl.itc.u-tokyo.ac.jp/repo/api/items/611973,"東京大学医学図書館 Medical Library, The University of Tokyo, JAPAN",http://iiif.io/api/presentation/2#rightToLeftDirection,,医学図書館デジタル史料室,103,,https://iiif.dl.itc.u-tokyo.ac.jp/repo/iiif/aa8e68b1-3b9d-0f59-820e-f62927f11c3f/manifest,,,,,1
医聖堂前哲帖 4 小野蘭山,いせいどうぜんてつじょう|Iseidouzentetsujou,呉秀三文庫,日本語,,小野蘭山,おの らんざん|Ono Ranzan,,,,,25.5×19cm,江戸時代中期-後期の本草学者。ひろく植物採集をおこない、わが国の本草学を集大成した。著作に「本草綱目啓蒙」など。(1729-1810),,,http://tify.sub.uni-goettingen.de/demo.html?manifest=https://archdataset.dl.itc.u-tokyo.ac.jp/manifest/63d79649-81bd-0d44-88d9-1b2911b200fb.json,63d79649-81bd-0d44-88d9-1b2911b200fb,https://iiif.dl.itc.u-tokyo.ac.jp/repo/s/medlib,https://iiif.dl.itc.u-tokyo.ac.jp/repo/s/medlib/document/63d79649-81bd-0d44-88d9-1b2911b200fb,https://www.lib.u-tokyo.ac.jp/ja/library/contents/archives-top/reuse,https://iiif.dl.itc.u-tokyo.ac.jp/repo/files/medium/9207aaad81298ddc372fbf7968b811b208ad349f.jpg,https://iiif.dl.itc.u-tokyo.ac.jp/repo/api/items/611972,"東京大学医学図書館 Medical Library, The University of Tokyo, JAPAN",http://iiif.io/api/presentation/2#rightToLeftDirection,,医学図書館デジタル史料室,104,,https://iiif.dl.itc.u-tokyo.ac.jp/repo/iiif/63d79649-81bd-0d44-88d9-1b2911b200fb/manifest,,,,,1
医聖堂前哲帖 5 箕作阮甫,いせいどうぜんてつじょう|Iseidouzentetsujou,呉秀三文庫,日本語,,箕作阮甫,みつくり げんぽ|Mitsukuri Gempo,,,,,25.9×19cm,江戸時代末期の蘭方医。宇田川榛斎のもとで蘭学を学ぶ。蕃書調所の教授。種痘所の設立に参画した。(1799-1863),,,http://tify.sub.uni-goettingen.de/demo.html?manifest=https://archdataset.dl.itc.u-tokyo.ac.jp/manifest/b16b98ea-0352-830c-634f-652b60877c69.json,b16b98ea-0352-830c-634f-652b60877c69,https://iiif.dl.itc.u-tokyo.ac.jp/repo/s/medlib,https://iiif.dl.itc.u-tokyo.ac.jp/repo/s/medlib/document/b16b98ea-0352-830c-634f-652b60877c69,https://www.lib.u-tokyo.ac.jp/ja/library/contents/archives-top/reuse,https://iiif.dl.itc.u-tokyo.ac.jp/repo/files/medium/ece904e6f52cd9f8d7e1b1c8517723c08839ff03.jpg,https://iiif.dl.itc.u-tokyo.ac.jp/repo/api/items/611971,"東京大学医学図書館 Medical Library, The University of Tokyo, JAPAN",http://iiif.io/api/presentation/2#rightToLeftDirection,,医学図書館デジタル史料室,105,,https://iiif.dl.itc.u-tokyo.ac.jp/repo/iiif/b16b98ea-0352-830c-634f-652b60877c69/manifest,,,,,1
医聖堂前哲帖 6 千賀道榮,いせいどうぜんてつじょう|Iseidouzentetsujou,呉秀三文庫,日本語,,千賀道榮,ちが みちひで|Chiga Michihide,,,,,25.8×16.2cm,,,,http://tify.sub.uni-goettingen.de/demo.html?manifest=https://archdataset.dl.itc.u-tokyo.ac.jp/manifest/e11a9479-1c5d-36ec-9442-1c9bcbcc028d.json,e11a9479-1c5d-36ec-9442-1c9bcbcc028d,https://iiif.dl.itc.u-tokyo.ac.jp/repo/s/medlib,https://iiif.dl.itc.u-tokyo.ac.jp/repo/s/medlib/document/e11a9479-1c5d-36ec-9442-1c9bcbcc028d,https://www.lib.u-tokyo.ac.jp/ja/library/contents/archives-top/reuse,https://iiif.dl.itc.u-tokyo.ac.jp/repo/files/medium/55c8ba72b9cf98dcd66aff870a6a8b4d141ad75e.jpg,https://iiif.dl.itc.u-tokyo.ac.jp/repo/api/items/611970,"東京大学医学図書館 Medical Library, The University of Tokyo, JAPAN",http://iiif.io/api/presentation/2#rightToLeftDirection,,医学図書館デジタル史料室,106,,https://iiif.dl.itc.u-tokyo.ac.jp/repo/iiif/e11a9479-1c5d-36ec-9442-1c9bcbcc028d/manifest,,,,,1
医聖堂前哲帖 7 畑柳泰,いせいどうぜんてつじょう|Iseidouzentetsujou,呉秀三文庫,日本語,,畑柳泰,はた りゅうたい|Hata Ryutai,,,,,23.1×15.2cm,江戸時代後期の医師。畑黄山(古医法派)の養子となり医学を修める。(1765-1832),,,http://tify.sub.uni-goettingen.de/demo.html?manifest=https://archdataset.dl.itc.u-tokyo.ac.jp/manifest/e3c051e1-1678-15b0-2dd3-083ea9295fa6.json,e3c051e1-1678-15b0-2dd3-083ea9295fa6,https://iiif.dl.itc.u-tokyo.ac.jp/repo/s/medlib,https://iiif.dl.itc.u-tokyo.ac.jp/repo/s/medlib/document/e3c051e1-1678-15b0-2dd3-083ea9295fa6,https://www.lib.u-tokyo.ac.jp/ja/library/contents/archives-top/reuse,https://iiif.dl.itc.u-tokyo.ac.jp/repo/files/medium/480552df7d84064336a84ad702228338b37f83c0.jpg,https://iiif.dl.itc.u-tokyo.ac.jp/repo/api/items/611969,"東京大学医学図書館 Medical Library, The University of Tokyo, JAPAN",http://iiif.io/api/presentation/2#rightToLeftDirection,,医学図書館デジタル史料室,107,,https://iiif.dl.itc.u-tokyo.ac.jp/repo/iiif/e3c051e1-1678-15b0-2dd3-083ea9295fa6/manifest,,,,,1
医聖堂前哲帖 8 箕作省吾,いせいどうぜんてつじょう|Iseidouzentetsujou,呉秀三文庫,日本語,,箕作省吾,みつくり しょうご|Mitsukuri Shogo,,,,,22.7×14.2cm,江戸時代後期の地理学者。箕作阮甫に入門し、その3女の婿養子となる。世界地図「新製輿地(よち)全図」(1844)を編訳した。(1821-46),,,http://tify.sub.uni-goettingen.de/demo.html?manifest=https://archdataset.dl.itc.u-tokyo.ac.jp/manifest/23a138fb-4592-8d2e-4265-611725b260f3.json,23a138fb-4592-8d2e-4265-611725b260f3,https://iiif.dl.itc.u-tokyo.ac.jp/repo/s/medlib,https://iiif.dl.itc.u-tokyo.ac.jp/repo/s/medlib/document/23a138fb-4592-8d2e-4265-611725b260f3,https://www.lib.u-tokyo.ac.jp/ja/library/contents/archives-top/reuse,https://iiif.dl.itc.u-tokyo.ac.jp/repo/files/medium/55f5a55133a5cc8f5f5c271d948c94446af1847b.jpg,https://iiif.dl.itc.u-tokyo.ac.jp/repo/api/items/611968,"東京大学医学図書館 Medical Library, The University of Tokyo, JAPAN",http://iiif.io/api/presentation/2#rightToLeftDirection,,医学図書館デジタル史料室,108,,https://iiif.dl.itc.u-tokyo.ac.jp/repo/iiif/23a138fb-4592-8d2e-4265-611725b260f3/manifest,,,,,1
医聖堂前哲帖 9 那波活所,いせいどうぜんてつじょう|Iseidouzentetsujou,呉秀三文庫,日本語,,那波活所,なば かっしょ|Naba Kassho,,,,,27.2×14.7cm,江戸時代前期の儒学者。著作に「人君明暗図説」など。 (1595-1648),,,http://tify.sub.uni-goettingen.de/demo.html?manifest=https://archdataset.dl.itc.u-tokyo.ac.jp/manifest/983536fa-0e23-2d55-1bd6-1ab2e0042066.json,983536fa-0e23-2d55-1bd6-1ab2e0042066,https://iiif.dl.itc.u-tokyo.ac.jp/repo/s/medlib,https://iiif.dl.itc.u-tokyo.ac.jp/repo/s/medlib/document/983536fa-0e23-2d55-1bd6-1ab2e0042066,https://www.lib.u-tokyo.ac.jp/ja/library/contents/archives-top/reuse,https://iiif.dl.itc.u-tokyo.ac.jp/repo/files/medium/54b3fb0f9e2eb417ac342d7c08c435dc76412e39.jpg,https://iiif.dl.itc.u-tokyo.ac.jp/repo/api/items/611967,"東京大学医学図書館 Medical Library, The University of Tokyo, JAPAN",http://iiif.io/api/presentation/2#rightToLeftDirection,,医学図書館デジタル史料室,109,,https://iiif.dl.itc.u-tokyo.ac.jp/repo/iiif/983536fa-0e23-2d55-1bd6-1ab2e0042066/manifest,,,,,1
医聖堂前哲帖 10 多紀元堅,いせいどうぜんてつじょう|Iseidouzentetsujou,呉秀三文庫,日本語,,多紀元堅,たき もとかた|Taki Motokata,,,,,29.4×20.5cm,江戸時代後期の漢方医。幕府の奥医師、医学館総裁を務める。「医心方」など古典医書の校訂に力をつくした。(1795-1857),,,http://tify.sub.uni-goettingen.de/demo.html?manifest=https://archdataset.dl.itc.u-tokyo.ac.jp/manifest/4f9b3ecc-9d75-7e26-7a41-2b4312664c91.json,4f9b3ecc-9d75-7e26-7a41-2b4312664c91,https://iiif.dl.itc.u-tokyo.ac.jp/repo/s/medlib,https://iiif.dl.itc.u-tokyo.ac.jp/repo/s/medlib/document/4f9b3ecc-9d75-7e26-7a41-2b4312664c91,https://www.lib.u-tokyo.ac.jp/ja/library/contents/archives-top/reuse,https://iiif.dl.itc.u-tokyo.ac.jp/repo/files/medium/52eceadba3bbfb9aad9897616e9745c3db827933.jpg,https://iiif.dl.itc.u-tokyo.ac.jp/repo/api/items/611966,"東京大学医学図書館 Medical Library, The University of Tokyo, JAPAN",http://iiif.io/api/presentation/2#rightToLeftDirection,,医学図書館デジタル史料室,110,,https://iiif.dl.itc.u-tokyo.ac.jp/repo/iiif/4f9b3ecc-9d75-7e26-7a41-2b4312664c91/manifest,,,,,1
医聖堂前哲帖 11 小島尚質,いせいどうぜんてつじょう|Iseidouzentetsujou,呉秀三文庫,日本語,,小島尚質,こじま なおかた|Kojima Naokata,,,,,26.3×15.9cm,江戸時代末期の幕府医官。 多紀元堅らとともに医学館で指導的な役割を果たした。 (1797-1848),,,http://tify.sub.uni-goettingen.de/demo.html?manifest=https://archdataset.dl.itc.u-tokyo.ac.jp/manifest/f9a4eb16-4694-4aa9-3e93-898e5a8b0c0b.json,f9a4eb16-4694-4aa9-3e93-898e5a8b0c0b,https://iiif.dl.itc.u-tokyo.ac.jp/repo/s/medlib,https://iiif.dl.itc.u-tokyo.ac.jp/repo/s/medlib/document/f9a4eb16-4694-4aa9-3e93-898e5a8b0c0b,https://www.lib.u-tokyo.ac.jp/ja/library/contents/archives-top/reuse,https://iiif.dl.itc.u-tokyo.ac.jp/repo/files/medium/b65aa1fde71898de69dcbeffff3142824e4b46b2.jpg,https://iiif.dl.itc.u-tokyo.ac.jp/repo/api/items/611965,"東京大学医学図書館 Medical Library, The University of Tokyo, JAPAN",http://iiif.io/api/presentation/2#rightToLeftDirection,,医学図書館デジタル史料室,111,,https://iiif.dl.itc.u-tokyo.ac.jp/repo/iiif/f9a4eb16-4694-4aa9-3e93-898e5a8b0c0b/manifest,,,,,1
医聖堂前哲帖 12 多紀元簡,いせいどうぜんてつじょう|Iseidouzentetsujou,呉秀三文庫,日本語,,多紀元簡,たき もとやす|Taki Motoyasu,,,,,23.4×20.2cm,江戸時代末期の漢方医。幕府の奥医師、徳川家斉の侍医を務める。 著作に「素問識」など。 (1755-1810),,,http://tify.sub.uni-goettingen.de/demo.html?manifest=https://archdataset.dl.itc.u-tokyo.ac.jp/manifest/36c932b8-3283-1eae-3921-2d5652859451.json,36c932b8-3283-1eae-3921-2d5652859451,https://iiif.dl.itc.u-tokyo.ac.jp/repo/s/medlib,https://iiif.dl.itc.u-tokyo.ac.jp/repo/s/medlib/document/36c932b8-3283-1eae-3921-2d5652859451,https://www.lib.u-tokyo.ac.jp/ja/library/contents/archives-top/reuse,https://iiif.dl.itc.u-tokyo.ac.jp/repo/files/medium/9bc7444d9787c61a781a9c8bf5c757636a904836.jpg,https://iiif.dl.itc.u-tokyo.ac.jp/repo/api/items/611964,"東京大学医学図書館 Medical Library, The University of Tokyo, JAPAN",http://iiif.io/api/presentation/2#rightToLeftDirection,,医学図書館デジタル史料室,112,,https://iiif.dl.itc.u-tokyo.ac.jp/repo/iiif/36c932b8-3283-1eae-3921-2d5652859451/manifest,,,,,1
医聖堂前哲帖 13 白井惟徳,いせいどうぜんてつじょう|Iseidouzentetsujou,呉秀三文庫,日本語,,白井惟徳,しらい いとく|Shirai Itoku,,,,,21.4×19.7cm,江戸時代後期の医師。詩文をこのみ、能書家でもあった。 (1762-1838),,,http://tify.sub.uni-goettingen.de/demo.html?manifest=https://archdataset.dl.itc.u-tokyo.ac.jp/manifest/a2a4fddd-0383-a30f-1fe4-a17e7e494d88.json,a2a4fddd-0383-a30f-1fe4-a17e7e494d88,https://iiif.dl.itc.u-tokyo.ac.jp/repo/s/medlib,https://iiif.dl.itc.u-tokyo.ac.jp/repo/s/medlib/document/a2a4fddd-0383-a30f-1fe4-a17e7e494d88,https://www.lib.u-tokyo.ac.jp/ja/library/contents/archives-top/reuse,https://iiif.dl.itc.u-tokyo.ac.jp/repo/files/medium/defaaec41c95c94f4143d269b58bcc4abf86e395.jpg,https://iiif.dl.itc.u-tokyo.ac.jp/repo/api/items/611963,"東京大学医学図書館 Medical Library, The University of Tokyo, JAPAN",http://iiif.io/api/presentation/2#rightToLeftDirection,,医学図書館デジタル史料室,113,,https://iiif.dl.itc.u-tokyo.ac.jp/repo/iiif/a2a4fddd-0383-a30f-1fe4-a17e7e494d88/manifest,,,,,1
医聖堂前哲帖 14 鈴木春山,いせいどうぜんてつじょう|Iseidouzentetsujou,呉秀三文庫,日本語,,鈴木春山,すずき しゅんさん|Suzuki Shunsan,,,,,23.2×17.5cm,江戸時代後期の蘭方医、兵法家。西洋兵学書の訳述を行った。著作に「兵学小識」など。(1738-1814),,,http://tify.sub.uni-goettingen.de/demo.html?manifest=https://archdataset.dl.itc.u-tokyo.ac.jp/manifest/424ea641-6c15-605c-497b-5dbc33ef3b15.json,424ea641-6c15-605c-497b-5dbc33ef3b15,https://iiif.dl.itc.u-tokyo.ac.jp/repo/s/medlib,https://iiif.dl.itc.u-tokyo.ac.jp/repo/s/medlib/document/424ea641-6c15-605c-497b-5dbc33ef3b15,https://www.lib.u-tokyo.ac.jp/ja/library/contents/archives-top/reuse,https://iiif.dl.itc.u-tokyo.ac.jp/repo/files/medium/f13945df0a6540506a6a91ddf5b0c2998b1d321b.jpg,https://iiif.dl.itc.u-tokyo.ac.jp/repo/api/items/611962,"東京大学医学図書館 Medical Library, The University of Tokyo, JAPAN",http://iiif.io/api/presentation/2#rightToLeftDirection,,医学図書館デジタル史料室,114,,https://iiif.dl.itc.u-tokyo.ac.jp/repo/iiif/424ea641-6c15-605c-497b-5dbc33ef3b15/manifest,,,,,1
医聖堂前哲帖 15 吉益東洞,いせいどうぜんてつじょう|Iseidouzentetsujou,呉秀三文庫,日本語,,吉益東洞,よします とうどう|Yoshimasu Todo,,,,,23.3×14.3cm,江戸時代中期の漢方医。万病一毒説をとなえた。著作に「類聚方」「薬徴」など。(1702-1773),,,http://tify.sub.uni-goettingen.de/demo.html?manifest=https://archdataset.dl.itc.u-tokyo.ac.jp/manifest/35e45d81-9d89-66ec-90ca-e31983661384.json,35e45d81-9d89-66ec-90ca-e31983661384,https://iiif.dl.itc.u-tokyo.ac.jp/repo/s/medlib,https://iiif.dl.itc.u-tokyo.ac.jp/repo/s/medlib/document/35e45d81-9d89-66ec-90ca-e31983661384,https://www.lib.u-tokyo.ac.jp/ja/library/contents/archives-top/reuse,https://iiif.dl.itc.u-tokyo.ac.jp/repo/files/medium/7bff990a6e2f8efb41f74de94cd1ffda8023b2c6.jpg,https://iiif.dl.itc.u-tokyo.ac.jp/repo/api/items/611961,"東京大学医学図書館 Medical Library, The University of Tokyo, JAPAN",http://iiif.io/api/presentation/2#rightToLeftDirection,,医学図書館デジタル史料室,115,,https://iiif.dl.itc.u-tokyo.ac.jp/repo/iiif/35e45d81-9d89-66ec-90ca-e31983661384/manifest,,,,,1
医聖堂前哲帖 16 桂川甫賢,いせいどうぜんてつじょう|Iseidouzentetsujou,呉秀三文庫,日本語,,桂川甫賢,かつらがわ ほけん|Katsuragawa Hoken,,,,,23.3×21.5cm,江戸時代後期の蘭方医。幕府の奥医師を務める。本草学を研究、著作に「蝦夷植物本草」などがある。(1797-1845),,,http://tify.sub.uni-goettingen.de/demo.html?manifest=https://archdataset.dl.itc.u-tokyo.ac.jp/manifest/2c61d225-2399-6612-32c9-090657a65a1a.json,2c61d225-2399-6612-32c9-090657a65a1a,https://iiif.dl.itc.u-tokyo.ac.jp/repo/s/medlib,https://iiif.dl.itc.u-tokyo.ac.jp/repo/s/medlib/document/2c61d225-2399-6612-32c9-090657a65a1a,https://www.lib.u-tokyo.ac.jp/ja/library/contents/archives-top/reuse,https://iiif.dl.itc.u-tokyo.ac.jp/repo/files/medium/0f3bcdf5b9c2c902bec4f4bd8e86b4a0cc8c8376.jpg,https://iiif.dl.itc.u-tokyo.ac.jp/repo/api/items/611960,"東京大学医学図書館 Medical Library, The University of Tokyo, JAPAN",http://iiif.io/api/presentation/2#rightToLeftDirection,,医学図書館デジタル史料室,116,,https://iiif.dl.itc.u-tokyo.ac.jp/repo/iiif/2c61d225-2399-6612-32c9-090657a65a1a/manifest,,,,,1
医聖堂前哲帖 17 新宮凉庭,いせいどうぜんてつじょう|Iseidouzentetsujou,呉秀三文庫,日本語,,新宮凉庭,しんぐう りょうてい|Shingu Ryotei,,,,,23×16.2cm,江戸時代後期の蘭方医。長崎で吉雄権之助(オランダ通詞)、オランダ人医師に学ぶ。著作に「解体則」など。(1787-1854),,,http://tify.sub.uni-goettingen.de/demo.html?manifest=https://archdataset.dl.itc.u-tokyo.ac.jp/manifest/d6af7e18-a533-3964-9dca-18308778226d.json,d6af7e18-a533-3964-9dca-18308778226d,https://iiif.dl.itc.u-tokyo.ac.jp/repo/s/medlib,https://iiif.dl.itc.u-tokyo.ac.jp/repo/s/medlib/document/d6af7e18-a533-3964-9dca-18308778226d,https://www.lib.u-tokyo.ac.jp/ja/library/contents/archives-top/reuse,https://iiif.dl.itc.u-tokyo.ac.jp/repo/files/medium/eeb2672ed265f1ea3271ff525ddd101c352a960d.jpg,https://iiif.dl.itc.u-tokyo.ac.jp/repo/api/items/611959,"東京大学医学図書館 Medical Library, The University of Tokyo, JAPAN",http://iiif.io/api/presentation/2#rightToLeftDirection,,医学図書館デジタル史料室,117,,https://iiif.dl.itc.u-tokyo.ac.jp/repo/iiif/d6af7e18-a533-3964-9dca-18308778226d/manifest,,,,,1
医聖堂前哲帖 18 吉田宗怡,いせいどうぜんてつじょう|Iseidouzentetsujou,呉秀三文庫,日本語,,吉田宗怡,よしだ むねひさ|Yoshida Munehisa,,,,,24.8×15.3cm,(?-1724),,,http://tify.sub.uni-goettingen.de/demo.html?manifest=https://archdataset.dl.itc.u-tokyo.ac.jp/manifest/9a61c5ec-7494-2ed9-3804-35531fe2273e.json,9a61c5ec-7494-2ed9-3804-35531fe2273e,https://iiif.dl.itc.u-tokyo.ac.jp/repo/s/medlib,https://iiif.dl.itc.u-tokyo.ac.jp/repo/s/medlib/document/9a61c5ec-7494-2ed9-3804-35531fe2273e,https://www.lib.u-tokyo.ac.jp/ja/library/contents/archives-top/reuse,https://iiif.dl.itc.u-tokyo.ac.jp/repo/files/medium/650424e2599b6300fccaddf2f9464ea8f0f0b454.jpg,https://iiif.dl.itc.u-tokyo.ac.jp/repo/api/items/611958,"東京大学医学図書館 Medical Library, The University of Tokyo, JAPAN",http://iiif.io/api/presentation/2#rightToLeftDirection,,医学図書館デジタル史料室,118,,https://iiif.dl.itc.u-tokyo.ac.jp/repo/iiif/9a61c5ec-7494-2ed9-3804-35531fe2273e/manifest,,,,,1
医聖堂前哲帖 19 飯沼慾斎,いせいどうぜんてつじょう|Iseidouzentetsujou,呉秀三文庫,日本語,,飯沼慾斎,いいぬま よくさい|Iinuma Yokusai,,,,,25.3×15.5cm,江戸時代末期の蘭方医、植物学者。日本で最初のリンネ分類による植物図鑑「草木図説」草部二十巻を刊行した。(1782-1865),,,http://tify.sub.uni-goettingen.de/demo.html?manifest=https://archdataset.dl.itc.u-tokyo.ac.jp/manifest/c11f90e4-3e53-469b-6b78-af27141d7efe.json,c11f90e4-3e53-469b-6b78-af27141d7efe,https://iiif.dl.itc.u-tokyo.ac.jp/repo/s/medlib,https://iiif.dl.itc.u-tokyo.ac.jp/repo/s/medlib/document/c11f90e4-3e53-469b-6b78-af27141d7efe,https://www.lib.u-tokyo.ac.jp/ja/library/contents/archives-top/reuse,https://iiif.dl.itc.u-tokyo.ac.jp/repo/files/medium/664e0a0eb2df393a5452e85dcb136703e141de2f.jpg,https://iiif.dl.itc.u-tokyo.ac.jp/repo/api/items/611957,"東京大学医学図書館 Medical Library, The University of Tokyo, JAPAN",http://iiif.io/api/presentation/2#rightToLeftDirection,,医学図書館デジタル史料室,119,,https://iiif.dl.itc.u-tokyo.ac.jp/repo/iiif/c11f90e4-3e53-469b-6b78-af27141d7efe/manifest,,,,,1
医聖堂前哲帖 20 多紀元胤,いせいどうぜんてつじょう|Iseidouzentetsujou,呉秀三文庫,日本語,,多紀元胤,たき もとたね|Taki Mototane,,,,,22.4×15.3cm,江戸時代後期の医師。多紀元簡の三男。医学館督事を務める。編著に「医籍考」など。 (1789-1827),,,http://tify.sub.uni-goettingen.de/demo.html?manifest=https://archdataset.dl.itc.u-tokyo.ac.jp/manifest/0031a84f-787e-7257-07ab-841713dc0825.json,0031a84f-787e-7257-07ab-841713dc0825,https://iiif.dl.itc.u-tokyo.ac.jp/repo/s/medlib,https://iiif.dl.itc.u-tokyo.ac.jp/repo/s/medlib/document/0031a84f-787e-7257-07ab-841713dc0825,https://www.lib.u-tokyo.ac.jp/ja/library/contents/archives-top/reuse,https://iiif.dl.itc.u-tokyo.ac.jp/repo/files/medium/f74e9f6cd1b2b00ce65229928b9be48f64a27ced.jpg,https://iiif.dl.itc.u-tokyo.ac.jp/repo/api/items/611956,"東京大学医学図書館 Medical Library, The University of Tokyo, JAPAN",http://iiif.io/api/presentation/2#rightToLeftDirection,,医学図書館デジタル史料室,120,,https://iiif.dl.itc.u-tokyo.ac.jp/repo/iiif/0031a84f-787e-7257-07ab-841713dc0825/manifest,,,,,1
医聖堂前哲帖 21 呉黄石,いせいどうぜんてつじょう|Iseidouzentetsujou,呉秀三文庫,日本語,,呉黄石,くれ こうせき|Kure Koseki,,,,,"11.7×11.2cm(右上),13.5×4.5cm(左上),11.8×15.8cm(下)",江戸時代後期-明治時代の医師。種痘所の設立に参画した。 呉秀三の父。(1811-1879),,,http://tify.sub.uni-goettingen.de/demo.html?manifest=https://archdataset.dl.itc.u-tokyo.ac.jp/manifest/59bfc43b-5179-6f2b-44fd-b56983d756eb.json,59bfc43b-5179-6f2b-44fd-b56983d756eb,https://iiif.dl.itc.u-tokyo.ac.jp/repo/s/medlib,https://iiif.dl.itc.u-tokyo.ac.jp/repo/s/medlib/document/59bfc43b-5179-6f2b-44fd-b56983d756eb,https://www.lib.u-tokyo.ac.jp/ja/library/contents/archives-top/reuse,https://iiif.dl.itc.u-tokyo.ac.jp/repo/files/medium/5147328a5bfeb5678ab103fdac8928aa54b84991.jpg,https://iiif.dl.itc.u-tokyo.ac.jp/repo/api/items/611955,"東京大学医学図書館 Medical Library, The University of Tokyo, JAPAN",http://iiif.io/api/presentation/2#rightToLeftDirection,,医学図書館デジタル史料室,121,,https://iiif.dl.itc.u-tokyo.ac.jp/repo/iiif/59bfc43b-5179-6f2b-44fd-b56983d756eb/manifest,,,,,1
医聖堂前哲帖 22 作者不明,いせいどうぜんてつじょう|Iseidouzentetsujou,呉秀三文庫,日本語,,作者不明,,,,,,26.7×20.4cm,,,,http://tify.sub.uni-goettingen.de/demo.html?manifest=https://archdataset.dl.itc.u-tokyo.ac.jp/manifest/18b861b2-1d71-4c4d-3775-d24b284e3d13.json,18b861b2-1d71-4c4d-3775-d24b284e3d13,https://iiif.dl.itc.u-tokyo.ac.jp/repo/s/medlib,https://iiif.dl.itc.u-tokyo.ac.jp/repo/s/medlib/document/18b861b2-1d71-4c4d-3775-d24b284e3d13,https://www.lib.u-tokyo.ac.jp/ja/library/contents/archives-top/reuse,https://iiif.dl.itc.u-tokyo.ac.jp/repo/files/medium/68adb73575367296c256d1f00658205d24f88a26.jpg,https://iiif.dl.itc.u-tokyo.ac.jp/repo/api/items/611954,"東京大学医学図書館 Medical Library, The University of Tokyo, JAPAN",http://iiif.io/api/presentation/2#rightToLeftDirection,,医学図書館デジタル史料室,122,,https://iiif.dl.itc.u-tokyo.ac.jp/repo/iiif/18b861b2-1d71-4c4d-3775-d24b284e3d13/manifest,,,,,1
"医聖堂前哲帖 23 浜田杏堂,奈須恒徳",いせいどうぜんてつじょう|Iseidouzentetsujou,呉秀三文庫,日本語,,"浜田杏堂,奈須恒徳","はまだ きょうどう,なす つねのり|Hamada Kyodo,Nasu Tsunenori",,,,,"28.4×13.8cm(右),23.3×6.6cm(左)","浜田杏堂:江戸時代後期の医師、画家。福原五岳に南画を学び、山水・花鳥をよく描いた。 (1766-1815),奈須恒徳:江戸時代後期の漢方医。「大同類聚方」など室町時代以前の医書の校訂をおこなった。著作に「本朝医談」など。(1774-1841)",,,http://tify.sub.uni-goettingen.de/demo.html?manifest=https://archdataset.dl.itc.u-tokyo.ac.jp/manifest/5a04f834-618b-441a-9958-c1da780f7dae.json,5a04f834-618b-441a-9958-c1da780f7dae,https://iiif.dl.itc.u-tokyo.ac.jp/repo/s/medlib,https://iiif.dl.itc.u-tokyo.ac.jp/repo/s/medlib/document/5a04f834-618b-441a-9958-c1da780f7dae,https://www.lib.u-tokyo.ac.jp/ja/library/contents/archives-top/reuse,https://iiif.dl.itc.u-tokyo.ac.jp/repo/files/medium/15f2458d17ac0c9aa0a3035239a5e39a08d1a1e2.jpg,https://iiif.dl.itc.u-tokyo.ac.jp/repo/api/items/611953,"東京大学医学図書館 Medical Library, The University of Tokyo, JAPAN",http://iiif.io/api/presentation/2#rightToLeftDirection,,医学図書館デジタル史料室,123,,https://iiif.dl.itc.u-tokyo.ac.jp/repo/iiif/5a04f834-618b-441a-9958-c1da780f7dae/manifest,,,,,1
医聖堂前哲帖 24 [ 柴田芸庵 ],いせいどうぜんてつじょう|Iseidouzentetsujou,呉秀三文庫,日本語,,[ 柴田芸庵 ],しばた うんあん|Shibata Unan,,,,,24.4×21.4cm,,,,http://tify.sub.uni-goettingen.de/demo.html?manifest=https://archdataset.dl.itc.u-tokyo.ac.jp/manifest/8a5cd079-726a-932b-7281-d7da6be1911f.json,8a5cd079-726a-932b-7281-d7da6be1911f,https://iiif.dl.itc.u-tokyo.ac.jp/repo/s/medlib,https://iiif.dl.itc.u-tokyo.ac.jp/repo/s/medlib/document/8a5cd079-726a-932b-7281-d7da6be1911f,https://www.lib.u-tokyo.ac.jp/ja/library/contents/archives-top/reuse,https://iiif.dl.itc.u-tokyo.ac.jp/repo/files/medium/e5b2398406ed01f7a010a79bf1403638e2782258.jpg,https://iiif.dl.itc.u-tokyo.ac.jp/repo/api/items/611952,"東京大学医学図書館 Medical Library, The University of Tokyo, JAPAN",http://iiif.io/api/presentation/2#rightToLeftDirection,,医学図書館デジタル史料室,124,,https://iiif.dl.itc.u-tokyo.ac.jp/repo/iiif/8a5cd079-726a-932b-7281-d7da6be1911f/manifest,,,,,1
医聖堂前哲帖 25 [ 桂川甫賢 ],いせいどうぜんてつじょう|Iseidouzentetsujou,呉秀三文庫,日本語,,[ 桂川甫賢 ],かつらがわ ほけん|Katsuragawa Hoken,,,,,23.4×20.4cm,,,,http://tify.sub.uni-goettingen.de/demo.html?manifest=https://archdataset.dl.itc.u-tokyo.ac.jp/manifest/bfa5d6f6-78a7-35c2-6f85-46572f5f0ee1.json,bfa5d6f6-78a7-35c2-6f85-46572f5f0ee1,https://iiif.dl.itc.u-tokyo.ac.jp/repo/s/medlib,https://iiif.dl.itc.u-tokyo.ac.jp/repo/s/medlib/document/bfa5d6f6-78a7-35c2-6f85-46572f5f0ee1,https://www.lib.u-tokyo.ac.jp/ja/library/contents/archives-top/reuse,https://iiif.dl.itc.u-tokyo.ac.jp/repo/files/medium/1c96046ca4a201b1d00728f5d162a789516cd879.jpg,https://iiif.dl.itc.u-tokyo.ac.jp/repo/api/items/611951,"東京大学医学図書館 Medical Library, The University of Tokyo, JAPAN",http://iiif.io/api/presentation/2#rightToLeftDirection,,医学図書館デジタル史料室,125,,https://iiif.dl.itc.u-tokyo.ac.jp/repo/iiif/bfa5d6f6-78a7-35c2-6f85-46572f5f0ee1/manifest,,,,,1
医聖堂前哲帖 26 林子平,いせいどうぜんてつじょう|Iseidouzentetsujou,呉秀三文庫,日本語,,林子平,はやし しへい|Hayashi Shihei,,,,,24.3×16.9cm,江戸時代中期の経世家。江戸・長崎で蘭学に触れる。著作に「三国通覧図説」「海国兵談」など。寛政の三奇人の一人(1738-1793),,,http://tify.sub.uni-goettingen.de/demo.html?manifest=https://archdataset.dl.itc.u-tokyo.ac.jp/manifest/5fb9184f-6cdd-4936-17b9-8f5f09204e6f.json,5fb9184f-6cdd-4936-17b9-8f5f09204e6f,https://iiif.dl.itc.u-tokyo.ac.jp/repo/s/medlib,https://iiif.dl.itc.u-tokyo.ac.jp/repo/s/medlib/document/5fb9184f-6cdd-4936-17b9-8f5f09204e6f,https://www.lib.u-tokyo.ac.jp/ja/library/contents/archives-top/reuse,https://iiif.dl.itc.u-tokyo.ac.jp/repo/files/medium/5bd9b3b410ddbe39a5662e149387fc5dc9fbbb67.jpg,https://iiif.dl.itc.u-tokyo.ac.jp/repo/api/items/611950,"東京大学医学図書館 Medical Library, The University of Tokyo, JAPAN",http://iiif.io/api/presentation/2#rightToLeftDirection,,医学図書館デジタル史料室,126,,https://iiif.dl.itc.u-tokyo.ac.jp/repo/iiif/5fb9184f-6cdd-4936-17b9-8f5f09204e6f/manifest,,,,,1
医聖堂前哲帖 27 前野良沢,いせいどうぜんてつじょう|Iseidouzentetsujou,呉秀三文庫,日本語,,前野良沢,まえの りょうたく|Maeno Ryotaku,,,,,27×18.9cm,江戸時代中期-後期の蘭学者、蘭方医。青木昆陽らにオランダ語を学ぶ。「ターヘルアナトミア(解体新書)」を翻訳した。 (1723-1803),,,http://tify.sub.uni-goettingen.de/demo.html?manifest=https://archdataset.dl.itc.u-tokyo.ac.jp/manifest/c7d0b6c6-6a63-7ab9-6a6e-fe0c0c9155d5.json,c7d0b6c6-6a63-7ab9-6a6e-fe0c0c9155d5,https://iiif.dl.itc.u-tokyo.ac.jp/repo/s/medlib,https://iiif.dl.itc.u-tokyo.ac.jp/repo/s/medlib/document/c7d0b6c6-6a63-7ab9-6a6e-fe0c0c9155d5,https://www.lib.u-tokyo.ac.jp/ja/library/contents/archives-top/reuse,https://iiif.dl.itc.u-tokyo.ac.jp/repo/files/medium/877d6ec63f59dab0fe994eaa4f2f3b2c86621c54.jpg,https://iiif.dl.itc.u-tokyo.ac.jp/repo/api/items/611949,"東京大学医学図書館 Medical Library, The University of Tokyo, JAPAN",http://iiif.io/api/presentation/2#rightToLeftDirection,,医学図書館デジタル史料室,127,,https://iiif.dl.itc.u-tokyo.ac.jp/repo/iiif/c7d0b6c6-6a63-7ab9-6a6e-fe0c0c9155d5/manifest,,,,,1
医聖堂前哲帖 28 亀井南冥,いせいどうぜんてつじょう|Iseidouzentetsujou,呉秀三文庫,日本語,,亀井南冥,かめい なんめい|Kamei Nammei,,,,,26.3×19.4cm,江戸時代後期の儒学者、医師。著作に「論語語由」など。(1743-1814),,,http://tify.sub.uni-goettingen.de/demo.html?manifest=https://archdataset.dl.itc.u-tokyo.ac.jp/manifest/fc72b3f6-9975-9c79-5247-912f799703f6.json,fc72b3f6-9975-9c79-5247-912f799703f6,https://iiif.dl.itc.u-tokyo.ac.jp/repo/s/medlib,https://iiif.dl.itc.u-tokyo.ac.jp/repo/s/medlib/document/fc72b3f6-9975-9c79-5247-912f799703f6,https://www.lib.u-tokyo.ac.jp/ja/library/contents/archives-top/reuse,https://iiif.dl.itc.u-tokyo.ac.jp/repo/files/medium/33af54b4f1b7a64c796eb7fac783daf865df2a0a.jpg,https://iiif.dl.itc.u-tokyo.ac.jp/repo/api/items/611948,"東京大学医学図書館 Medical Library, The University of Tokyo, JAPAN",http://iiif.io/api/presentation/2#rightToLeftDirection,,医学図書館デジタル史料室,128,,https://iiif.dl.itc.u-tokyo.ac.jp/repo/iiif/fc72b3f6-9975-9c79-5247-912f799703f6/manifest,,,,,1
医聖堂前哲帖 29 [ 内藤東甫 ],いせいどうぜんてつじょう|Iseidouzentetsujou,呉秀三文庫,日本語,,[ 内藤東甫 ],ないとう とうほ|Naito Toho,,,,,32.3×22.2cm,,,,http://tify.sub.uni-goettingen.de/demo.html?manifest=https://archdataset.dl.itc.u-tokyo.ac.jp/manifest/ab7ef948-8406-0ad5-460c-1cfc76f53be9.json,ab7ef948-8406-0ad5-460c-1cfc76f53be9,https://iiif.dl.itc.u-tokyo.ac.jp/repo/s/medlib,https://iiif.dl.itc.u-tokyo.ac.jp/repo/s/medlib/document/ab7ef948-8406-0ad5-460c-1cfc76f53be9,https://www.lib.u-tokyo.ac.jp/ja/library/contents/archives-top/reuse,https://iiif.dl.itc.u-tokyo.ac.jp/repo/files/medium/49787112a6113aa756a3c1d43e2a1fedfce21f96.jpg,https://iiif.dl.itc.u-tokyo.ac.jp/repo/api/items/611947,"東京大学医学図書館 Medical Library, The University of Tokyo, JAPAN",http://iiif.io/api/presentation/2#rightToLeftDirection,,医学図書館デジタル史料室,129,,https://iiif.dl.itc.u-tokyo.ac.jp/repo/iiif/ab7ef948-8406-0ad5-460c-1cfc76f53be9/manifest,,,,,1
医聖堂前哲帖 30 佐藤方定,いせいどうぜんてつじょう|Iseidouzentetsujou,呉秀三文庫,日本語,,佐藤方定,さとう かたさだ|Sato Katasada,,,,,30.4×19cm,江戸時代後期の医師、国学者。著作に「奇視」など。(?-18??),,,http://tify.sub.uni-goettingen.de/demo.html?manifest=https://archdataset.dl.itc.u-tokyo.ac.jp/manifest/4befe4ef-637e-9a5a-303c-888f45394c15.json,4befe4ef-637e-9a5a-303c-888f45394c15,https://iiif.dl.itc.u-tokyo.ac.jp/repo/s/medlib,https://iiif.dl.itc.u-tokyo.ac.jp/repo/s/medlib/document/4befe4ef-637e-9a5a-303c-888f45394c15,https://www.lib.u-tokyo.ac.jp/ja/library/contents/archives-top/reuse,https://iiif.dl.itc.u-tokyo.ac.jp/repo/files/medium/05b636a2e5fbf47dc89748b383b8144536b36d01.jpg,https://iiif.dl.itc.u-tokyo.ac.jp/repo/api/items/611946,"東京大学医学図書館 Medical Library, The University of Tokyo, JAPAN",http://iiif.io/api/presentation/2#rightToLeftDirection,,医学図書館デジタル史料室,130,,https://iiif.dl.itc.u-tokyo.ac.jp/repo/iiif/4befe4ef-637e-9a5a-303c-888f45394c15/manifest,,,,,1
"医聖堂前哲帖 31 伊藤坦庵,松下見林",いせいどうぜんてつじょう|Iseidouzentetsujou,呉秀三文庫,日本語,,"伊藤坦庵,松下見林","いとう たんあん,まつした けんりん|Ito Tanan,Matsushita Kenrin",,,,,"23.3×11.2cm(右),28×8.7cm(左)","伊藤坦庵:江戸時代前期の儒学者。著作に「坦庵文集」など。 (1623-1708),松下見林:江戸時代前期の医師、儒者、国学者。 (1637-1703)",,,http://tify.sub.uni-goettingen.de/demo.html?manifest=https://archdataset.dl.itc.u-tokyo.ac.jp/manifest/b2647549-a33d-7b05-6d09-cba6bc58a62e.json,b2647549-a33d-7b05-6d09-cba6bc58a62e,https://iiif.dl.itc.u-tokyo.ac.jp/repo/s/medlib,https://iiif.dl.itc.u-tokyo.ac.jp/repo/s/medlib/document/b2647549-a33d-7b05-6d09-cba6bc58a62e,https://www.lib.u-tokyo.ac.jp/ja/library/contents/archives-top/reuse,https://iiif.dl.itc.u-tokyo.ac.jp/repo/files/medium/aaeeb2e00824351eef9b433236ee3b283c20b887.jpg,https://iiif.dl.itc.u-tokyo.ac.jp/repo/api/items/611945,"東京大学医学図書館 Medical Library, The University of Tokyo, JAPAN",http://iiif.io/api/presentation/2#rightToLeftDirection,,医学図書館デジタル史料室,131,,https://iiif.dl.itc.u-tokyo.ac.jp/repo/iiif/b2647549-a33d-7b05-6d09-cba6bc58a62e/manifest,,,,,1
医聖堂前哲帖 32 奈須恒徳,いせいどうぜんてつじょう|Iseidouzentetsujou,呉秀三文庫,日本語,,奈須恒徳,なす つねのり|Nasu Tsunenori,,,,,27.5×22.5cm,江戸時代後期の漢方医。「大同類聚方」など室町時代以前の医書の校訂をおこなった。著作に「本朝医談」など。(1774-1841),,,http://tify.sub.uni-goettingen.de/demo.html?manifest=https://archdataset.dl.itc.u-tokyo.ac.jp/manifest/7a8c1a25-1cf2-8775-a1d6-8c3f104a1d9a.json,7a8c1a25-1cf2-8775-a1d6-8c3f104a1d9a,https://iiif.dl.itc.u-tokyo.ac.jp/repo/s/medlib,https://iiif.dl.itc.u-tokyo.ac.jp/repo/s/medlib/document/7a8c1a25-1cf2-8775-a1d6-8c3f104a1d9a,https://www.lib.u-tokyo.ac.jp/ja/library/contents/archives-top/reuse,https://iiif.dl.itc.u-tokyo.ac.jp/repo/files/medium/b69d04fa52a6cb932cf680e7cf8b849d13294092.jpg,https://iiif.dl.itc.u-tokyo.ac.jp/repo/api/items/611944,"東京大学医学図書館 Medical Library, The University of Tokyo, JAPAN",http://iiif.io/api/presentation/2#rightToLeftDirection,,医学図書館デジタル史料室,132,,https://iiif.dl.itc.u-tokyo.ac.jp/repo/iiif/7a8c1a25-1cf2-8775-a1d6-8c3f104a1d9a/manifest,,,,,1
医聖堂前哲帖 33 菅茶山,いせいどうぜんてつじょう|Iseidouzentetsujou,呉秀三文庫,日本語,,菅茶山,かん ちゃざん|Kan Chazan,,,,,26×15.7cm,江戸時代後期の儒者。漢詩人。詩集に「黄葉夕陽村舎詩」など。(1748-1827),,,http://tify.sub.uni-goettingen.de/demo.html?manifest=https://archdataset.dl.itc.u-tokyo.ac.jp/manifest/3d543cfd-86f3-4faf-990d-424731eb1078.json,3d543cfd-86f3-4faf-990d-424731eb1078,https://iiif.dl.itc.u-tokyo.ac.jp/repo/s/medlib,https://iiif.dl.itc.u-tokyo.ac.jp/repo/s/medlib/document/3d543cfd-86f3-4faf-990d-424731eb1078,https://www.lib.u-tokyo.ac.jp/ja/library/contents/archives-top/reuse,https://iiif.dl.itc.u-tokyo.ac.jp/repo/files/medium/e47308fb71b3c02e00d521c766b89d93eae47407.jpg,https://iiif.dl.itc.u-tokyo.ac.jp/repo/api/items/611943,"東京大学医学図書館 Medical Library, The University of Tokyo, JAPAN",http://iiif.io/api/presentation/2#rightToLeftDirection,,医学図書館デジタル史料室,133,,https://iiif.dl.itc.u-tokyo.ac.jp/repo/iiif/3d543cfd-86f3-4faf-990d-424731eb1078/manifest,,,,,1
医聖堂前哲帖 34 大野松斎,いせいどうぜんてつじょう|Iseidouzentetsujou,呉秀三文庫,日本語,,大野松斎,おおの しょうさい|Ono Shosai,,,,,31.1×19.3cm,江戸時代末期-明治時代の種痘医。(1819-1888),,,http://tify.sub.uni-goettingen.de/demo.html?manifest=https://archdataset.dl.itc.u-tokyo.ac.jp/manifest/58944194-2066-3005-95c4-0e39bb514a25.json,58944194-2066-3005-95c4-0e39bb514a25,https://iiif.dl.itc.u-tokyo.ac.jp/repo/s/medlib,https://iiif.dl.itc.u-tokyo.ac.jp/repo/s/medlib/document/58944194-2066-3005-95c4-0e39bb514a25,https://www.lib.u-tokyo.ac.jp/ja/library/contents/archives-top/reuse,https://iiif.dl.itc.u-tokyo.ac.jp/repo/files/medium/c8218e6946450785b707ed115483a310a5eecd6d.jpg,https://iiif.dl.itc.u-tokyo.ac.jp/repo/api/items/611942,"東京大学医学図書館 Medical Library, The University of Tokyo, JAPAN",http://iiif.io/api/presentation/2#rightToLeftDirection,,医学図書館デジタル史料室,134,,https://iiif.dl.itc.u-tokyo.ac.jp/repo/iiif/58944194-2066-3005-95c4-0e39bb514a25/manifest,,,,,1
医聖堂前哲帖 35 辻元崧庵,いせいどうぜんてつじょう|Iseidouzentetsujou,呉秀三文庫,日本語,,辻元崧庵,つじもと すうあん|Tsujimoto Suan,,,,,28.5×22cm,江戸時代後期の医師。幕府医官。著作に「脚気集要論」。(1748-1827),,,http://tify.sub.uni-goettingen.de/demo.html?manifest=https://archdataset.dl.itc.u-tokyo.ac.jp/manifest/2f56d7d2-66ea-1d86-8fe9-1e871f2f2281.json,2f56d7d2-66ea-1d86-8fe9-1e871f2f2281,https://iiif.dl.itc.u-tokyo.ac.jp/repo/s/medlib,https://iiif.dl.itc.u-tokyo.ac.jp/repo/s/medlib/document/2f56d7d2-66ea-1d86-8fe9-1e871f2f2281,https://www.lib.u-tokyo.ac.jp/ja/library/contents/archives-top/reuse,https://iiif.dl.itc.u-tokyo.ac.jp/repo/files/medium/63bbefdc2e7e2f90ebe7a03cdc9ae968f4027b4f.jpg,https://iiif.dl.itc.u-tokyo.ac.jp/repo/api/items/611941,"東京大学医学図書館 Medical Library, The University of Tokyo, JAPAN",http://iiif.io/api/presentation/2#rightToLeftDirection,,医学図書館デジタル史料室,135,,https://iiif.dl.itc.u-tokyo.ac.jp/repo/iiif/2f56d7d2-66ea-1d86-8fe9-1e871f2f2281/manifest,,,,,1
医聖堂前哲帖 36 秋吉質,いせいどうぜんてつじょう|Iseidouzentetsujou,呉秀三文庫,日本語,,秋吉質,あきよし ただし|Akiyoshi Tadashi,,,,,21.4×20cm,江戸時代後期の儒医。著作に「温疫論私評」など。(1786-1855),,,http://tify.sub.uni-goettingen.de/demo.html?manifest=https://archdataset.dl.itc.u-tokyo.ac.jp/manifest/08b2129a-14a6-2ee3-1ac5-7c00a7530c17.json,08b2129a-14a6-2ee3-1ac5-7c00a7530c17,https://iiif.dl.itc.u-tokyo.ac.jp/repo/s/medlib,https://iiif.dl.itc.u-tokyo.ac.jp/repo/s/medlib/document/08b2129a-14a6-2ee3-1ac5-7c00a7530c17,https://www.lib.u-tokyo.ac.jp/ja/library/contents/archives-top/reuse,https://iiif.dl.itc.u-tokyo.ac.jp/repo/files/medium/5a1ea2975a2ec874ec8ce8707db6c6e0617c5a40.jpg,https://iiif.dl.itc.u-tokyo.ac.jp/repo/api/items/611940,"東京大学医学図書館 Medical Library, The University of Tokyo, JAPAN",http://iiif.io/api/presentation/2#rightToLeftDirection,,医学図書館デジタル史料室,136,,https://iiif.dl.itc.u-tokyo.ac.jp/repo/iiif/08b2129a-14a6-2ee3-1ac5-7c00a7530c17/manifest,,,,,1
医聖堂前哲帖 37 伊沢榛軒,いせいどうぜんてつじょう|Iseidouzentetsujou,呉秀三文庫,日本語,,伊沢榛軒,いざわ しんけん|Izawa Shinken,,,,,19×14.9cm,,,,http://tify.sub.uni-goettingen.de/demo.html?manifest=https://archdataset.dl.itc.u-tokyo.ac.jp/manifest/7ab061b4-5186-31ea-011d-3a2b5c8c71ed.json,7ab061b4-5186-31ea-011d-3a2b5c8c71ed,https://iiif.dl.itc.u-tokyo.ac.jp/repo/s/medlib,https://iiif.dl.itc.u-tokyo.ac.jp/repo/s/medlib/document/7ab061b4-5186-31ea-011d-3a2b5c8c71ed,https://www.lib.u-tokyo.ac.jp/ja/library/contents/archives-top/reuse,https://iiif.dl.itc.u-tokyo.ac.jp/repo/files/medium/d9b93a06af1d0f7bf29c012548282ff7eb00dc71.jpg,https://iiif.dl.itc.u-tokyo.ac.jp/repo/api/items/611939,"東京大学医学図書館 Medical Library, The University of Tokyo, JAPAN",http://iiif.io/api/presentation/2#rightToLeftDirection,,医学図書館デジタル史料室,137,,https://iiif.dl.itc.u-tokyo.ac.jp/repo/iiif/7ab061b4-5186-31ea-011d-3a2b5c8c71ed/manifest,,,,,1
医聖堂前哲帖 38 作者不明,いせいどうぜんてつじょう|Iseidouzentetsujou,呉秀三文庫,日本語,,作者不明,,,,,,23.3×20.3cm,,,,http://tify.sub.uni-goettingen.de/demo.html?manifest=https://archdataset.dl.itc.u-tokyo.ac.jp/manifest/40628b65-0f79-30de-2b7f-1297257fa535.json,40628b65-0f79-30de-2b7f-1297257fa535,https://iiif.dl.itc.u-tokyo.ac.jp/repo/s/medlib,https://iiif.dl.itc.u-tokyo.ac.jp/repo/s/medlib/document/40628b65-0f79-30de-2b7f-1297257fa535,https://www.lib.u-tokyo.ac.jp/ja/library/contents/archives-top/reuse,https://iiif.dl.itc.u-tokyo.ac.jp/repo/files/medium/129f9c029e0127f0d34b516d2d85aaec39642062.jpg,https://iiif.dl.itc.u-tokyo.ac.jp/repo/api/items/611938,"東京大学医学図書館 Medical Library, The University of Tokyo, JAPAN",http://iiif.io/api/presentation/2#rightToLeftDirection,,医学図書館デジタル史料室,138,,https://iiif.dl.itc.u-tokyo.ac.jp/repo/iiif/40628b65-0f79-30de-2b7f-1297257fa535/manifest,,,,,1
医聖堂前哲帖 39 [ 伊藤鳳山 ],いせいどうぜんてつじょう|Iseidouzentetsujou,呉秀三文庫,日本語,,[ 伊藤鳳山 ],いとう ほうざん|Ito Hozan,,,,,25.2×18cm,,,,http://tify.sub.uni-goettingen.de/demo.html?manifest=https://archdataset.dl.itc.u-tokyo.ac.jp/manifest/1bbd8814-166f-3e49-a40a-1108464a6145.json,1bbd8814-166f-3e49-a40a-1108464a6145,https://iiif.dl.itc.u-tokyo.ac.jp/repo/s/medlib,https://iiif.dl.itc.u-tokyo.ac.jp/repo/s/medlib/document/1bbd8814-166f-3e49-a40a-1108464a6145,https://www.lib.u-tokyo.ac.jp/ja/library/contents/archives-top/reuse,https://iiif.dl.itc.u-tokyo.ac.jp/repo/files/medium/dc39e0a5e3e3858b804d0c3da15ca66b8cf31350.jpg,https://iiif.dl.itc.u-tokyo.ac.jp/repo/api/items/611937,"東京大学医学図書館 Medical Library, The University of Tokyo, JAPAN",http://iiif.io/api/presentation/2#rightToLeftDirection,,医学図書館デジタル史料室,139,,https://iiif.dl.itc.u-tokyo.ac.jp/repo/iiif/1bbd8814-166f-3e49-a40a-1108464a6145/manifest,,,,,1
医聖堂前哲帖 40 [ 樺島石梁 ],いせいどうぜんてつじょう|Iseidouzentetsujou,呉秀三文庫,日本語,,[ 樺島石梁 ],かばしま せきりょう|Kabashima Sekiryo,,,,,28.4×20.4cm,,,,http://tify.sub.uni-goettingen.de/demo.html?manifest=https://archdataset.dl.itc.u-tokyo.ac.jp/manifest/f049822b-6ad5-83c8-5f12-9883e911305c.json,f049822b-6ad5-83c8-5f12-9883e911305c,https://iiif.dl.itc.u-tokyo.ac.jp/repo/s/medlib,https://iiif.dl.itc.u-tokyo.ac.jp/repo/s/medlib/document/f049822b-6ad5-83c8-5f12-9883e911305c,https://www.lib.u-tokyo.ac.jp/ja/library/contents/archives-top/reuse,https://iiif.dl.itc.u-tokyo.ac.jp/repo/files/medium/b83962fe990967f20298fe0928e49fa240936ff8.jpg,https://iiif.dl.itc.u-tokyo.ac.jp/repo/api/items/611936,"東京大学医学図書館 Medical Library, The University of Tokyo, JAPAN",http://iiif.io/api/presentation/2#rightToLeftDirection,,医学図書館デジタル史料室,140,,https://iiif.dl.itc.u-tokyo.ac.jp/repo/iiif/f049822b-6ad5-83c8-5f12-9883e911305c/manifest,,,,,1
医聖堂前哲帖 41 福井榕亭,いせいどうぜんてつじょう|Iseidouzentetsujou,呉秀三文庫,日本語,,福井榕亭,ふくい ようてい|Fukui Yotei,,,,,23.9×13.6cm,江戸時代中期-後期の医師。福井楓亭の長男。(1753-1844),,,http://tify.sub.uni-goettingen.de/demo.html?manifest=https://archdataset.dl.itc.u-tokyo.ac.jp/manifest/cdaeac7e-2dc2-173e-54e7-8ed28ce37df0.json,cdaeac7e-2dc2-173e-54e7-8ed28ce37df0,https://iiif.dl.itc.u-tokyo.ac.jp/repo/s/medlib,https://iiif.dl.itc.u-tokyo.ac.jp/repo/s/medlib/document/cdaeac7e-2dc2-173e-54e7-8ed28ce37df0,https://www.lib.u-tokyo.ac.jp/ja/library/contents/archives-top/reuse,https://iiif.dl.itc.u-tokyo.ac.jp/repo/files/medium/02a7b7a0472a2ec9d3db9e05b020f83bfd495d0b.jpg,https://iiif.dl.itc.u-tokyo.ac.jp/repo/api/items/611935,"東京大学医学図書館 Medical Library, The University of Tokyo, JAPAN",http://iiif.io/api/presentation/2#rightToLeftDirection,,医学図書館デジタル史料室,141,,https://iiif.dl.itc.u-tokyo.ac.jp/repo/iiif/cdaeac7e-2dc2-173e-54e7-8ed28ce37df0/manifest,,,,,1
医聖堂前哲帖 42 松尾芭蕉,いせいどうぜんてつじょう|Iseidouzentetsujou,呉秀三文庫,日本語,,松尾芭蕉,まつお ばしょう|Matsuo Basho,,,,,25.1×21cm,江戸時代前期の俳人。(1644-1694),,,http://tify.sub.uni-goettingen.de/demo.html?manifest=https://archdataset.dl.itc.u-tokyo.ac.jp/manifest/83f4881c-55a1-9d91-1077-c8cedc445c70.json,83f4881c-55a1-9d91-1077-c8cedc445c70,https://iiif.dl.itc.u-tokyo.ac.jp/repo/s/medlib,https://iiif.dl.itc.u-tokyo.ac.jp/repo/s/medlib/document/83f4881c-55a1-9d91-1077-c8cedc445c70,https://www.lib.u-tokyo.ac.jp/ja/library/contents/archives-top/reuse,https://iiif.dl.itc.u-tokyo.ac.jp/repo/files/medium/1a62fed7bfe6dc6831bc702e969470e0ff927c44.jpg,https://iiif.dl.itc.u-tokyo.ac.jp/repo/api/items/611934,"東京大学医学図書館 Medical Library, The University of Tokyo, JAPAN",http://iiif.io/api/presentation/2#rightToLeftDirection,,医学図書館デジタル史料室,142,,https://iiif.dl.itc.u-tokyo.ac.jp/repo/iiif/83f4881c-55a1-9d91-1077-c8cedc445c70/manifest,,,,,1
医聖堂前哲帖 43 西山拙斎,いせいどうぜんてつじょう|Iseidouzentetsujou,呉秀三文庫,日本語,,西山拙斎,にしやま せっさい|Nishiyama Sessai,,,,,24.9×17.1cm,江戸時代中期の儒学者。著作に「拙斎詩文集」「閑窓瑣言」など。(1735-1798),,,http://tify.sub.uni-goettingen.de/demo.html?manifest=https://archdataset.dl.itc.u-tokyo.ac.jp/manifest/b25f8902-67ff-26d5-a6d3-34818c9f23b1.json,b25f8902-67ff-26d5-a6d3-34818c9f23b1,https://iiif.dl.itc.u-tokyo.ac.jp/repo/s/medlib,https://iiif.dl.itc.u-tokyo.ac.jp/repo/s/medlib/document/b25f8902-67ff-26d5-a6d3-34818c9f23b1,https://www.lib.u-tokyo.ac.jp/ja/library/contents/archives-top/reuse,https://iiif.dl.itc.u-tokyo.ac.jp/repo/files/medium/6f43ab884a7d148745ef4d2f46438466f9dcec12.jpg,https://iiif.dl.itc.u-tokyo.ac.jp/repo/api/items/611933,"東京大学医学図書館 Medical Library, The University of Tokyo, JAPAN",http://iiif.io/api/presentation/2#rightToLeftDirection,,医学図書館デジタル史料室,143,,https://iiif.dl.itc.u-tokyo.ac.jp/repo/iiif/b25f8902-67ff-26d5-a6d3-34818c9f23b1/manifest,,,,,1
医聖堂前哲帖 44 渡辺崋山,いせいどうぜんてつじょう|Iseidouzentetsujou,呉秀三文庫,日本語,,渡辺崋山,わたなべ かざん|Watanabe Kazan,,,,,23.2×16.3cm,江戸時代後期の画家、蘭学者。 西洋画法を取り入れた独自の画法を確立した。代表作は「鷹見泉石像」(国宝)。(1793-1841),,,http://tify.sub.uni-goettingen.de/demo.html?manifest=https://archdataset.dl.itc.u-tokyo.ac.jp/manifest/dfc8a636-2bfa-3a78-6ee3-10987fb724bb.json,dfc8a636-2bfa-3a78-6ee3-10987fb724bb,https://iiif.dl.itc.u-tokyo.ac.jp/repo/s/medlib,https://iiif.dl.itc.u-tokyo.ac.jp/repo/s/medlib/document/dfc8a636-2bfa-3a78-6ee3-10987fb724bb,https://www.lib.u-tokyo.ac.jp/ja/library/contents/archives-top/reuse,https://iiif.dl.itc.u-tokyo.ac.jp/repo/files/medium/abae7e7454ca1c039c3bc9d5f71c8a5944dc4dac.jpg,https://iiif.dl.itc.u-tokyo.ac.jp/repo/api/items/611932,"東京大学医学図書館 Medical Library, The University of Tokyo, JAPAN",http://iiif.io/api/presentation/2#rightToLeftDirection,,医学図書館デジタル史料室,144,,https://iiif.dl.itc.u-tokyo.ac.jp/repo/iiif/dfc8a636-2bfa-3a78-6ee3-10987fb724bb/manifest,,,,,1
医聖堂前哲帖 45 江馬元齢,いせいどうぜんてつじょう|Iseidouzentetsujou,呉秀三文庫,日本語,,江馬元齢,えま げんれい|Ema Genrei,,,,,30.1×15.7cm,江戸後期-明治時代の医師。詩文にすぐれていた。詩集に「黄雨楼詩鈔」。(1812-1882),,,http://tify.sub.uni-goettingen.de/demo.html?manifest=https://archdataset.dl.itc.u-tokyo.ac.jp/manifest/6422ef88-61bc-754d-a012-afbeb2de1dce.json,6422ef88-61bc-754d-a012-afbeb2de1dce,https://iiif.dl.itc.u-tokyo.ac.jp/repo/s/medlib,https://iiif.dl.itc.u-tokyo.ac.jp/repo/s/medlib/document/6422ef88-61bc-754d-a012-afbeb2de1dce,https://www.lib.u-tokyo.ac.jp/ja/library/contents/archives-top/reuse,https://iiif.dl.itc.u-tokyo.ac.jp/repo/files/medium/980a3d6994c0f1b8de41b5289244527e777e9954.jpg,https://iiif.dl.itc.u-tokyo.ac.jp/repo/api/items/611931,"東京大学医学図書館 Medical Library, The University of Tokyo, JAPAN",http://iiif.io/api/presentation/2#rightToLeftDirection,,医学図書館デジタル史料室,145,,https://iiif.dl.itc.u-tokyo.ac.jp/repo/iiif/6422ef88-61bc-754d-a012-afbeb2de1dce/manifest,,,,,1
医聖堂前哲帖 46  [ 栗本丹洲 ],いせいどうぜんてつじょう|Iseidouzentetsujou,呉秀三文庫,日本語,,[ 栗本丹洲 ],くりもと たんしゅう|Kurimoto Tanshu,,,,,23.4×20.6cm,江戸時代後期の医師、本草学者。幕府奥医師、4代目栗本瑞見。著作に「千虫譜」など。(1756-1834),,,http://tify.sub.uni-goettingen.de/demo.html?manifest=https://archdataset.dl.itc.u-tokyo.ac.jp/manifest/bf0e200a-0b7e-06da-9a3c-3d2e5b0521ee.json,bf0e200a-0b7e-06da-9a3c-3d2e5b0521ee,https://iiif.dl.itc.u-tokyo.ac.jp/repo/s/medlib,https://iiif.dl.itc.u-tokyo.ac.jp/repo/s/medlib/document/bf0e200a-0b7e-06da-9a3c-3d2e5b0521ee,https://www.lib.u-tokyo.ac.jp/ja/library/contents/archives-top/reuse,https://iiif.dl.itc.u-tokyo.ac.jp/repo/files/medium/ef4bc26a2867ccc169b75bbd0f57a5ea32d359a7.jpg,https://iiif.dl.itc.u-tokyo.ac.jp/repo/api/items/611930,"東京大学医学図書館 Medical Library, The University of Tokyo, JAPAN",http://iiif.io/api/presentation/2#rightToLeftDirection,,医学図書館デジタル史料室,146,,https://iiif.dl.itc.u-tokyo.ac.jp/repo/iiif/bf0e200a-0b7e-06da-9a3c-3d2e5b0521ee/manifest,,,,,1
医聖堂前哲帖 47 山崎元方,いせいどうぜんてつじょう|Iseidouzentetsujou,呉秀三文庫,日本語,,山崎元方,やまざき もとかた|Yamazaki Motokata,,,,,25.4×17.4cm,編著に「小児戒草」。 (?-?),,,http://tify.sub.uni-goettingen.de/demo.html?manifest=https://archdataset.dl.itc.u-tokyo.ac.jp/manifest/3f000a92-32de-3752-463f-ffa6ae9238ee.json,3f000a92-32de-3752-463f-ffa6ae9238ee,https://iiif.dl.itc.u-tokyo.ac.jp/repo/s/medlib,https://iiif.dl.itc.u-tokyo.ac.jp/repo/s/medlib/document/3f000a92-32de-3752-463f-ffa6ae9238ee,https://www.lib.u-tokyo.ac.jp/ja/library/contents/archives-top/reuse,https://iiif.dl.itc.u-tokyo.ac.jp/repo/files/medium/fd5b0b1b8b4119ea598ce6461257bd36c10a5500.jpg,https://iiif.dl.itc.u-tokyo.ac.jp/repo/api/items/611929,"東京大学医学図書館 Medical Library, The University of Tokyo, JAPAN",http://iiif.io/api/presentation/2#rightToLeftDirection,,医学図書館デジタル史料室,147,,https://iiif.dl.itc.u-tokyo.ac.jp/repo/iiif/3f000a92-32de-3752-463f-ffa6ae9238ee/manifest,,,,,1
医聖堂前哲帖 48 秋山玉山,いせいどうぜんてつじょう|Iseidouzentetsujou,呉秀三文庫,日本語,,秋山玉山,あきやま ぎょくざん|Akiyama Gyokuzan,,,,,24.2×20.9cm,江戸時代中期の儒学者、詩人。著作に「玉山詩集」など。(1702-1763),,,http://tify.sub.uni-goettingen.de/demo.html?manifest=https://archdataset.dl.itc.u-tokyo.ac.jp/manifest/0959e7ed-6f03-a0dd-3713-db383d6e2961.json,0959e7ed-6f03-a0dd-3713-db383d6e2961,https://iiif.dl.itc.u-tokyo.ac.jp/repo/s/medlib,https://iiif.dl.itc.u-tokyo.ac.jp/repo/s/medlib/document/0959e7ed-6f03-a0dd-3713-db383d6e2961,https://www.lib.u-tokyo.ac.jp/ja/library/contents/archives-top/reuse,https://iiif.dl.itc.u-tokyo.ac.jp/repo/files/medium/62da7ddee1982f130d5d9188ec73582231b8d90c.jpg,https://iiif.dl.itc.u-tokyo.ac.jp/repo/api/items/611928,"東京大学医学図書館 Medical Library, The University of Tokyo, JAPAN",http://iiif.io/api/presentation/2#rightToLeftDirection,,医学図書館デジタル史料室,148,,https://iiif.dl.itc.u-tokyo.ac.jp/repo/iiif/0959e7ed-6f03-a0dd-3713-db383d6e2961/manifest,,,,,1
医聖堂前哲帖 49 元政,いせいどうぜんてつじょう|Iseidouzentetsujou,呉秀三文庫,日本語,,元政,げんせい|Gensei,,,,,28.7×13.4cm,江戸時代前期の日蓮宗の僧、漢詩人、歌人。著作に「本朝法華伝」など。(1623-1668),,,http://tify.sub.uni-goettingen.de/demo.html?manifest=https://archdataset.dl.itc.u-tokyo.ac.jp/manifest/7da58879-1c9e-9365-888f-651e032069a9.json,7da58879-1c9e-9365-888f-651e032069a9,https://iiif.dl.itc.u-tokyo.ac.jp/repo/s/medlib,https://iiif.dl.itc.u-tokyo.ac.jp/repo/s/medlib/document/7da58879-1c9e-9365-888f-651e032069a9,https://www.lib.u-tokyo.ac.jp/ja/library/contents/archives-top/reuse,https://iiif.dl.itc.u-tokyo.ac.jp/repo/files/medium/5ed2b7c26cc76794b968ae85fcf87ab84fd9d8c0.jpg,https://iiif.dl.itc.u-tokyo.ac.jp/repo/api/items/611927,"東京大学医学図書館 Medical Library, The University of Tokyo, JAPAN",http://iiif.io/api/presentation/2#rightToLeftDirection,,医学図書館デジタル史料室,149,,https://iiif.dl.itc.u-tokyo.ac.jp/repo/iiif/7da58879-1c9e-9365-888f-651e032069a9/manifest,,,,,1
医聖堂前哲帖 50 江村如圭,いせいどうぜんてつじょう|Iseidouzentetsujou,呉秀三文庫,日本語,,江村如圭,えむら じょけい|Emura Jokei,,,,,24.1×16.8cm,江戸時代中期の儒者。本草学にも精通していた。著作に「採覧随録」。(1???-1732),,,http://tify.sub.uni-goettingen.de/demo.html?manifest=https://archdataset.dl.itc.u-tokyo.ac.jp/manifest/b6c00a16-34f2-8318-8b7e-084e94204025.json,b6c00a16-34f2-8318-8b7e-084e94204025,https://iiif.dl.itc.u-tokyo.ac.jp/repo/s/medlib,https://iiif.dl.itc.u-tokyo.ac.jp/repo/s/medlib/document/b6c00a16-34f2-8318-8b7e-084e94204025,https://www.lib.u-tokyo.ac.jp/ja/library/contents/archives-top/reuse,https://iiif.dl.itc.u-tokyo.ac.jp/repo/files/medium/abbda4a068d18de957a65644ccfe99c2840751d3.jpg,https://iiif.dl.itc.u-tokyo.ac.jp/repo/api/items/611926,"東京大学医学図書館 Medical Library, The University of Tokyo, JAPAN",http://iiif.io/api/presentation/2#rightToLeftDirection,,医学図書館デジタル史料室,150,,https://iiif.dl.itc.u-tokyo.ac.jp/repo/iiif/b6c00a16-34f2-8318-8b7e-084e94204025/manifest,,,,,1
医聖堂前哲帖 51 北村季吟,いせいどうぜんてつじょう|Iseidouzentetsujou,呉秀三文庫,日本語,,北村季吟,きたむら きぎん|Kitamura Kigin,,,,,27.1×21.2cm,江戸時代前期の俳人、歌人、国学者。著作に「徒然草文段抄」など。(1624―1705),,,http://tify.sub.uni-goettingen.de/demo.html?manifest=https://archdataset.dl.itc.u-tokyo.ac.jp/manifest/c8228478-88fe-3d67-8c40-ab42b9362192.json,c8228478-88fe-3d67-8c40-ab42b9362192,https://iiif.dl.itc.u-tokyo.ac.jp/repo/s/medlib,https://iiif.dl.itc.u-tokyo.ac.jp/repo/s/medlib/document/c8228478-88fe-3d67-8c40-ab42b9362192,https://www.lib.u-tokyo.ac.jp/ja/library/contents/archives-top/reuse,https://iiif.dl.itc.u-tokyo.ac.jp/repo/files/medium/c9dca976656bed564e4a7640d94f215edd4c714e.jpg,https://iiif.dl.itc.u-tokyo.ac.jp/repo/api/items/611925,"東京大学医学図書館 Medical Library, The University of Tokyo, JAPAN",http://iiif.io/api/presentation/2#rightToLeftDirection,,医学図書館デジタル史料室,151,,https://iiif.dl.itc.u-tokyo.ac.jp/repo/iiif/c8228478-88fe-3d67-8c40-ab42b9362192/manifest,,,,,1
医聖堂前哲帖 52 本間游清,いせいどうぜんてつじょう|Iseidouzentetsujou,呉秀三文庫,日本語,,本間游清,ほんま ゆうせい|Homma Yusei,,,,,24.6×19.2cm,江戸時代後期の国学者、医師。著作に「潜斎医説」「など。(1781-1850),,,http://tify.sub.uni-goettingen.de/demo.html?manifest=https://archdataset.dl.itc.u-tokyo.ac.jp/manifest/fc3e769d-6753-19d3-81a2-705729d30c1b.json,fc3e769d-6753-19d3-81a2-705729d30c1b,https://iiif.dl.itc.u-tokyo.ac.jp/repo/s/medlib,https://iiif.dl.itc.u-tokyo.ac.jp/repo/s/medlib/document/fc3e769d-6753-19d3-81a2-705729d30c1b,https://www.lib.u-tokyo.ac.jp/ja/library/contents/archives-top/reuse,https://iiif.dl.itc.u-tokyo.ac.jp/repo/files/medium/1c2b8a70784f8334d4ab6fc4b51a096da8d2d431.jpg,https://iiif.dl.itc.u-tokyo.ac.jp/repo/api/items/611924,"東京大学医学図書館 Medical Library, The University of Tokyo, JAPAN",http://iiif.io/api/presentation/2#rightToLeftDirection,,医学図書館デジタル史料室,152,,https://iiif.dl.itc.u-tokyo.ac.jp/repo/iiif/fc3e769d-6753-19d3-81a2-705729d30c1b/manifest,,,,,1
種痘諭文,うえぼうそうさとしぶみ|Uebousousatoshibumi,医学部関係史料,日本語,,下谷和泉橋通り種痘所,,,,文久元年 (1861),,1枚 33×24cm   複製,解説:官立となった種痘所が、文久元年に発行した種痘接種を勧める告知文。 牛痘種痘渡来の由来や種痘所の歴史を述べ、種痘所への案内地図を掲載している。|原本所蔵: 順天堂大学,,,http://tify.sub.uni-goettingen.de/demo.html?manifest=https://archdataset.dl.itc.u-tokyo.ac.jp/manifest/dc382c70-492a-7593-17e3-180184f89388.json,dc382c70-492a-7593-17e3-180184f89388,https://iiif.dl.itc.u-tokyo.ac.jp/repo/s/medlib,https://iiif.dl.itc.u-tokyo.ac.jp/repo/s/medlib/document/dc382c70-492a-7593-17e3-180184f89388,https://www.lib.u-tokyo.ac.jp/ja/library/contents/archives-top/reuse,https://iiif.dl.itc.u-tokyo.ac.jp/repo/files/medium/51a98c45b215c19ca88477131e8ac831a486dd60.jpg,https://iiif.dl.itc.u-tokyo.ac.jp/repo/api/items/611923,"東京大学医学図書館 Medical Library, The University of Tokyo, JAPAN",http://iiif.io/api/presentation/2#rightToLeftDirection,,医学図書館デジタル史料室,153,,https://iiif.dl.itc.u-tokyo.ac.jp/repo/iiif/dc382c70-492a-7593-17e3-180184f89388/manifest,,,,,1
大学東校上野移転計画図,だいがくとうこううえのいてんけいかくず|Daigakutoukouuenoitenkeikakuzu,医学部関係史料,日本語,,不明,,,,不明,,79 × 62cm,解説:明治3年、和泉橋通りの旧藤堂邸にあった大学東校は、環境の良い地を求め上野(現在の上野公園)への移転計画を進めていた、これはその計画図である。朱線の内側が建設予定地。同年7月には棒杭を打つ工事が始まっていたが、ちょうど大学東校で講義をしていたボードイン (オランダ 1820-1885)の反対により中止となった。石黒忠悳に上野を案内されたボードインは、樹木を切り倒して建物を建てたりせず公園にすべきだと強く主張し反対した。後に本郷の旧加賀藩邸へ移転することとなった。,,,http://tify.sub.uni-goettingen.de/demo.html?manifest=https://archdataset.dl.itc.u-tokyo.ac.jp/manifest/bf77ecde-0e45-6ac2-3c81-df4d915f6dbf.json,bf77ecde-0e45-6ac2-3c81-df4d915f6dbf,https://iiif.dl.itc.u-tokyo.ac.jp/repo/s/medlib,https://iiif.dl.itc.u-tokyo.ac.jp/repo/s/medlib/document/bf77ecde-0e45-6ac2-3c81-df4d915f6dbf,https://www.lib.u-tokyo.ac.jp/ja/library/contents/archives-top/reuse,https://iiif.dl.itc.u-tokyo.ac.jp/repo/files/medium/e2663b2f96c158a538908a5d2f8c0ac950d53cb8.jpg,https://iiif.dl.itc.u-tokyo.ac.jp/repo/api/items/611922,"東京大学医学図書館 Medical Library, The University of Tokyo, JAPAN",http://iiif.io/api/presentation/2#rightToLeftDirection,,医学図書館デジタル史料室,154,,https://iiif.dl.itc.u-tokyo.ac.jp/repo/iiif/bf77ecde-0e45-6ac2-3c81-df4d915f6dbf/manifest,,,,,1
病理学教室,びょうりがく きょうしつ,医学部関係史料,日本語,,,,,,[1905],,,収録アルバム:明治38年卒業アルバム|写真番号:A1905-12-L01,,,http://tify.sub.uni-goettingen.de/demo.html?manifest=https://archdataset.dl.itc.u-tokyo.ac.jp/manifest/2442ca62-422d-587b-2124-60dd5f840d69.json,2442ca62-422d-587b-2124-60dd5f840d69,https://iiif.dl.itc.u-tokyo.ac.jp/repo/s/medlib,https://iiif.dl.itc.u-tokyo.ac.jp/repo/s/medlib/document/2442ca62-422d-587b-2124-60dd5f840d69,https://www.lib.u-tokyo.ac.jp/ja/library/contents/archives-top/reuse,https://iiif.dl.itc.u-tokyo.ac.jp/repo/files/medium/456425361ffc270bf9b63b9a463520085cdc8a12.jpg,https://iiif.dl.itc.u-tokyo.ac.jp/repo/api/items/611920,"東京大学医学図書館 Medical Library, The University of Tokyo, JAPAN",http://iiif.io/api/presentation/2#rightToLeftDirection,,医学図書館デジタル史料室,156,,https://iiif.dl.itc.u-tokyo.ac.jp/repo/iiif/2442ca62-422d-587b-2124-60dd5f840d69/manifest,,,,,1
病理学標本室,びょうりがく ひゅほんしつ,医学部関係史料,日本語,,,,,,[1905],,,収録アルバム:明治38年卒業アルバム|写真番号:A1905-12-L02,,,http://tify.sub.uni-goettingen.de/demo.html?manifest=https://archdataset.dl.itc.u-tokyo.ac.jp/manifest/8ac125bb-7092-58eb-9457-0955e44631e2.json,8ac125bb-7092-58eb-9457-0955e44631e2,https://iiif.dl.itc.u-tokyo.ac.jp/repo/s/medlib,https://iiif.dl.itc.u-tokyo.ac.jp/repo/s/medlib/document/8ac125bb-7092-58eb-9457-0955e44631e2,https://www.lib.u-tokyo.ac.jp/ja/library/contents/archives-top/reuse,https://iiif.dl.itc.u-tokyo.ac.jp/repo/files/medium/339d1f6ea18d41a10c48b6a5ba2530ad42f27da7.jpg,https://iiif.dl.itc.u-tokyo.ac.jp/repo/api/items/611919,"東京大学医学図書館 Medical Library, The University of Tokyo, JAPAN",http://iiif.io/api/presentation/2#rightToLeftDirection,,医学図書館デジタル史料室,157,,https://iiif.dl.itc.u-tokyo.ac.jp/repo/iiif/8ac125bb-7092-58eb-9457-0955e44631e2/manifest,,,,,1
病理学解剖室,びょうりがく かいぼうしつ,医学部関係史料,日本語,,,,,,[1905],,,収録アルバム:明治38年卒業アルバム|写真番号:A1905-12-L03,,,http://tify.sub.uni-goettingen.de/demo.html?manifest=https://archdataset.dl.itc.u-tokyo.ac.jp/manifest/a96439de-a4a8-34ef-3909-e70462c856a1.json,a96439de-a4a8-34ef-3909-e70462c856a1,https://iiif.dl.itc.u-tokyo.ac.jp/repo/s/medlib,https://iiif.dl.itc.u-tokyo.ac.jp/repo/s/medlib/document/a96439de-a4a8-34ef-3909-e70462c856a1,https://www.lib.u-tokyo.ac.jp/ja/library/contents/archives-top/reuse,https://iiif.dl.itc.u-tokyo.ac.jp/repo/files/medium/fc3af417fa25d9280dded3368b9e7d545e50e4eb.jpg,https://iiif.dl.itc.u-tokyo.ac.jp/repo/api/items/611918,"東京大学医学図書館 Medical Library, The University of Tokyo, JAPAN",http://iiif.io/api/presentation/2#rightToLeftDirection,,医学図書館デジタル史料室,158,,https://iiif.dl.itc.u-tokyo.ac.jp/repo/iiif/a96439de-a4a8-34ef-3909-e70462c856a1/manifest,,,,,1
解剖学教室,かいぼうがく きょうしつ,医学部関係史料,日本語,,,,,,[1906],,,収録アルバム:明治39年卒業アルバム|写真番号:A1906-10-L01,,,http://tify.sub.uni-goettingen.de/demo.html?manifest=https://archdataset.dl.itc.u-tokyo.ac.jp/manifest/a26c1f09-7ad3-650a-7c6f-e11a5cf0973c.json,a26c1f09-7ad3-650a-7c6f-e11a5cf0973c,https://iiif.dl.itc.u-tokyo.ac.jp/repo/s/medlib,https://iiif.dl.itc.u-tokyo.ac.jp/repo/s/medlib/document/a26c1f09-7ad3-650a-7c6f-e11a5cf0973c,https://www.lib.u-tokyo.ac.jp/ja/library/contents/archives-top/reuse,https://iiif.dl.itc.u-tokyo.ac.jp/repo/files/medium/e984256a29212e3c10516aa89e650c35e7415dd6.jpg,https://iiif.dl.itc.u-tokyo.ac.jp/repo/api/items/611917,"東京大学医学図書館 Medical Library, The University of Tokyo, JAPAN",http://iiif.io/api/presentation/2#rightToLeftDirection,,医学図書館デジタル史料室,159,,https://iiif.dl.itc.u-tokyo.ac.jp/repo/iiif/a26c1f09-7ad3-650a-7c6f-e11a5cf0973c/manifest,,,,,1
解剖学実習室,かいぼうがく じっしゅうしつ,医学部関係史料,日本語,,,,,,[1906],,,収録アルバム:明治39年卒業アルバム|写真番号:A1906-10-L02,,,http://tify.sub.uni-goettingen.de/demo.html?manifest=https://archdataset.dl.itc.u-tokyo.ac.jp/manifest/bb468ce5-377f-2c47-0858-f7e82abc7c2e.json,bb468ce5-377f-2c47-0858-f7e82abc7c2e,https://iiif.dl.itc.u-tokyo.ac.jp/repo/s/medlib,https://iiif.dl.itc.u-tokyo.ac.jp/repo/s/medlib/document/bb468ce5-377f-2c47-0858-f7e82abc7c2e,https://www.lib.u-tokyo.ac.jp/ja/library/contents/archives-top/reuse,https://iiif.dl.itc.u-tokyo.ac.jp/repo/files/medium/18025319074c3c457fa1c85f244a681f3136a237.jpg,https://iiif.dl.itc.u-tokyo.ac.jp/repo/api/items/611916,"東京大学医学図書館 Medical Library, The University of Tokyo, JAPAN",http://iiif.io/api/presentation/2#rightToLeftDirection,,医学図書館デジタル史料室,160,,https://iiif.dl.itc.u-tokyo.ac.jp/repo/iiif/bb468ce5-377f-2c47-0858-f7e82abc7c2e/manifest,,,,,1
解剖学講堂,かいぼうがく こうどう,医学部関係史料,日本語,,,,,,[1906],,,収録アルバム:明治39年卒業アルバム|写真番号:A1906-10-L03,,,http://tify.sub.uni-goettingen.de/demo.html?manifest=https://archdataset.dl.itc.u-tokyo.ac.jp/manifest/cd7c60ef-3794-686f-12de-fb238597269b.json,cd7c60ef-3794-686f-12de-fb238597269b,https://iiif.dl.itc.u-tokyo.ac.jp/repo/s/medlib,https://iiif.dl.itc.u-tokyo.ac.jp/repo/s/medlib/document/cd7c60ef-3794-686f-12de-fb238597269b,https://www.lib.u-tokyo.ac.jp/ja/library/contents/archives-top/reuse,https://iiif.dl.itc.u-tokyo.ac.jp/repo/files/medium/c76ff009ef97a82515ec0dde94fa4b07ef2f1aac.jpg,https://iiif.dl.itc.u-tokyo.ac.jp/repo/api/items/611915,"東京大学医学図書館 Medical Library, The University of Tokyo, JAPAN",http://iiif.io/api/presentation/2#rightToLeftDirection,,医学図書館デジタル史料室,161,,https://iiif.dl.itc.u-tokyo.ac.jp/repo/iiif/cd7c60ef-3794-686f-12de-fb238597269b/manifest,,,,,1
衛生学・生理学・医化学・薬物学教室,えいせいがく せいりがく いかがく やくぶつがく きょうしつ,医学部関係史料,日本語,,,,,,[1907],,,収録アルバム:明治40年卒業アルバム|写真番号:A1907-09-L01,,,http://tify.sub.uni-goettingen.de/demo.html?manifest=https://archdataset.dl.itc.u-tokyo.ac.jp/manifest/b441ab78-556a-9f7c-249d-be8cd1545aaf.json,b441ab78-556a-9f7c-249d-be8cd1545aaf,https://iiif.dl.itc.u-tokyo.ac.jp/repo/s/medlib,https://iiif.dl.itc.u-tokyo.ac.jp/repo/s/medlib/document/b441ab78-556a-9f7c-249d-be8cd1545aaf,https://www.lib.u-tokyo.ac.jp/ja/library/contents/archives-top/reuse,https://iiif.dl.itc.u-tokyo.ac.jp/repo/files/medium/b1f4b0622f43338153cc70357ae99237f2ab668c.jpg,https://iiif.dl.itc.u-tokyo.ac.jp/repo/api/items/611914,"東京大学医学図書館 Medical Library, The University of Tokyo, JAPAN",http://iiif.io/api/presentation/2#rightToLeftDirection,,医学図書館デジタル史料室,162,,https://iiif.dl.itc.u-tokyo.ac.jp/repo/iiif/b441ab78-556a-9f7c-249d-be8cd1545aaf/manifest,,,,,1
病理学教室,びょうりがく きょうしつ,医学部関係史料,日本語,,,,,,[1907],,,収録アルバム:明治40年卒業アルバム|写真番号:A1907-09-L03,,,http://tify.sub.uni-goettingen.de/demo.html?manifest=https://archdataset.dl.itc.u-tokyo.ac.jp/manifest/8959de3d-7644-4b30-760f-81230cf057d6.json,8959de3d-7644-4b30-760f-81230cf057d6,https://iiif.dl.itc.u-tokyo.ac.jp/repo/s/medlib,https://iiif.dl.itc.u-tokyo.ac.jp/repo/s/medlib/document/8959de3d-7644-4b30-760f-81230cf057d6,https://www.lib.u-tokyo.ac.jp/ja/library/contents/archives-top/reuse,https://iiif.dl.itc.u-tokyo.ac.jp/repo/files/medium/5174913c37cba1c00a9985b3433d6266adec1f14.jpg,https://iiif.dl.itc.u-tokyo.ac.jp/repo/api/items/611913,"東京大学医学図書館 Medical Library, The University of Tokyo, JAPAN",http://iiif.io/api/presentation/2#rightToLeftDirection,,医学図書館デジタル史料室,163,,https://iiif.dl.itc.u-tokyo.ac.jp/repo/iiif/8959de3d-7644-4b30-760f-81230cf057d6/manifest,,,,,1
法医学教室,ほういがく きょうしつ,医学部関係史料,日本語,,,,,,[1907],,,収録アルバム:明治40年卒業アルバム|写真番号:A1907-37-L01,,,http://tify.sub.uni-goettingen.de/demo.html?manifest=https://archdataset.dl.itc.u-tokyo.ac.jp/manifest/f5d8a7db-91f2-1419-73ba-0e18c2555b84.json,f5d8a7db-91f2-1419-73ba-0e18c2555b84,https://iiif.dl.itc.u-tokyo.ac.jp/repo/s/medlib,https://iiif.dl.itc.u-tokyo.ac.jp/repo/s/medlib/document/f5d8a7db-91f2-1419-73ba-0e18c2555b84,https://www.lib.u-tokyo.ac.jp/ja/library/contents/archives-top/reuse,https://iiif.dl.itc.u-tokyo.ac.jp/repo/files/medium/2460cd8c8b69eff35a651f0fa04028ba773a5f30.jpg,https://iiif.dl.itc.u-tokyo.ac.jp/repo/api/items/611912,"東京大学医学図書館 Medical Library, The University of Tokyo, JAPAN",http://iiif.io/api/presentation/2#rightToLeftDirection,,医学図書館デジタル史料室,164,,https://iiif.dl.itc.u-tokyo.ac.jp/repo/iiif/f5d8a7db-91f2-1419-73ba-0e18c2555b84/manifest,,,,,1
法医学標本室,ほういがく ひょうほんしつ,医学部関係史料,日本語,,,,,,[1907],,,収録アルバム:明治40年卒業アルバム|写真番号:A1907-37-L02,,,http://tify.sub.uni-goettingen.de/demo.html?manifest=https://archdataset.dl.itc.u-tokyo.ac.jp/manifest/e2c90d12-1eb2-5864-0232-def8911d7eee.json,e2c90d12-1eb2-5864-0232-def8911d7eee,https://iiif.dl.itc.u-tokyo.ac.jp/repo/s/medlib,https://iiif.dl.itc.u-tokyo.ac.jp/repo/s/medlib/document/e2c90d12-1eb2-5864-0232-def8911d7eee,https://www.lib.u-tokyo.ac.jp/ja/library/contents/archives-top/reuse,https://iiif.dl.itc.u-tokyo.ac.jp/repo/files/medium/3a9a13dd9c855029bc2c17064c538efd7afff613.jpg,https://iiif.dl.itc.u-tokyo.ac.jp/repo/api/items/611911,"東京大学医学図書館 Medical Library, The University of Tokyo, JAPAN",http://iiif.io/api/presentation/2#rightToLeftDirection,,医学図書館デジタル史料室,165,,https://iiif.dl.itc.u-tokyo.ac.jp/repo/iiif/e2c90d12-1eb2-5864-0232-def8911d7eee/manifest,,,,,1
法医学講堂,ほういがく こうどう,医学部関係史料,日本語,,,,,,[1907],,,収録アルバム:明治40年卒業アルバム|写真番号:A1907-37-L03,,,http://tify.sub.uni-goettingen.de/demo.html?manifest=https://archdataset.dl.itc.u-tokyo.ac.jp/manifest/4026aa7f-1ab9-5bf1-a53b-21476fb418cd.json,4026aa7f-1ab9-5bf1-a53b-21476fb418cd,https://iiif.dl.itc.u-tokyo.ac.jp/repo/s/medlib,https://iiif.dl.itc.u-tokyo.ac.jp/repo/s/medlib/document/4026aa7f-1ab9-5bf1-a53b-21476fb418cd,https://www.lib.u-tokyo.ac.jp/ja/library/contents/archives-top/reuse,https://iiif.dl.itc.u-tokyo.ac.jp/repo/files/medium/713aa493babfefe83c6f9ad9db1fb60af24a3006.jpg,https://iiif.dl.itc.u-tokyo.ac.jp/repo/api/items/611910,"東京大学医学図書館 Medical Library, The University of Tokyo, JAPAN",http://iiif.io/api/presentation/2#rightToLeftDirection,,医学図書館デジタル史料室,166,,https://iiif.dl.itc.u-tokyo.ac.jp/repo/iiif/4026aa7f-1ab9-5bf1-a53b-21476fb418cd/manifest,,,,,1
法医学・解剖学教室,ほういがく かいぼうがく きょうしつ,医学部関係史料,日本語,,,,,,[1909],,,収録アルバム:明治42年卒業アルバム|写真番号:A1909-15-L01,,,http://tify.sub.uni-goettingen.de/demo.html?manifest=https://archdataset.dl.itc.u-tokyo.ac.jp/manifest/de71d8e2-69ab-3666-054c-e12b16c74985.json,de71d8e2-69ab-3666-054c-e12b16c74985,https://iiif.dl.itc.u-tokyo.ac.jp/repo/s/medlib,https://iiif.dl.itc.u-tokyo.ac.jp/repo/s/medlib/document/de71d8e2-69ab-3666-054c-e12b16c74985,https://www.lib.u-tokyo.ac.jp/ja/library/contents/archives-top/reuse,https://iiif.dl.itc.u-tokyo.ac.jp/repo/files/medium/ce88fe526343981e5f247e6339f12ff0a38d09e9.jpg,https://iiif.dl.itc.u-tokyo.ac.jp/repo/api/items/611909,"東京大学医学図書館 Medical Library, The University of Tokyo, JAPAN",http://iiif.io/api/presentation/2#rightToLeftDirection,,医学図書館デジタル史料室,167,,https://iiif.dl.itc.u-tokyo.ac.jp/repo/iiif/de71d8e2-69ab-3666-054c-e12b16c74985/manifest,,,,,1
故田口博士銅像,こ たぐち はくし どうぞう,医学部関係史料,日本語,,,,,,[1910],,,収録アルバム:明治43年卒業アルバム|写真番号:A1910-23-L01|解説:解剖学教授田口和美(1839-1904)の銅像。平成6年に北川辺町(現在は埼玉県加須市)に移管された。,,,http://tify.sub.uni-goettingen.de/demo.html?manifest=https://archdataset.dl.itc.u-tokyo.ac.jp/manifest/e60eaea5-13b3-42d1-5ca7-37a23a484664.json,e60eaea5-13b3-42d1-5ca7-37a23a484664,https://iiif.dl.itc.u-tokyo.ac.jp/repo/s/medlib,https://iiif.dl.itc.u-tokyo.ac.jp/repo/s/medlib/document/e60eaea5-13b3-42d1-5ca7-37a23a484664,https://www.lib.u-tokyo.ac.jp/ja/library/contents/archives-top/reuse,https://iiif.dl.itc.u-tokyo.ac.jp/repo/files/medium/c4ac5e94708a8c7d82e6283f38502e605a962818.jpg,https://iiif.dl.itc.u-tokyo.ac.jp/repo/api/items/611908,"東京大学医学図書館 Medical Library, The University of Tokyo, JAPAN",http://iiif.io/api/presentation/2#rightToLeftDirection,,医学図書館デジタル史料室,168,,https://iiif.dl.itc.u-tokyo.ac.jp/repo/iiif/e60eaea5-13b3-42d1-5ca7-37a23a484664/manifest,,,,,1
解剖学実習室,かいぼうがく じっしゅうしつ,医学部関係史料,日本語,,,,,,[1910],,,収録アルバム:明治43年卒業アルバム|写真番号:A1910-23-L02,,,http://tify.sub.uni-goettingen.de/demo.html?manifest=https://archdataset.dl.itc.u-tokyo.ac.jp/manifest/7039ef37-0df0-407c-5df7-84db00d370fe.json,7039ef37-0df0-407c-5df7-84db00d370fe,https://iiif.dl.itc.u-tokyo.ac.jp/repo/s/medlib,https://iiif.dl.itc.u-tokyo.ac.jp/repo/s/medlib/document/7039ef37-0df0-407c-5df7-84db00d370fe,https://www.lib.u-tokyo.ac.jp/ja/library/contents/archives-top/reuse,https://iiif.dl.itc.u-tokyo.ac.jp/repo/files/medium/47a1c2b420945dcc5db21d335e7c43b7ec63c7a0.jpg,https://iiif.dl.itc.u-tokyo.ac.jp/repo/api/items/611907,"東京大学医学図書館 Medical Library, The University of Tokyo, JAPAN",http://iiif.io/api/presentation/2#rightToLeftDirection,,医学図書館デジタル史料室,169,,https://iiif.dl.itc.u-tokyo.ac.jp/repo/iiif/7039ef37-0df0-407c-5df7-84db00d370fe/manifest,,,,,1
解剖学教室標本室,かいぼうがく きょうしつ ひょうほんしつ,医学部関係史料,日本語,,,,,,[1910],,,収録アルバム:明治43年卒業アルバム|写真番号:A1910-23-L03,,,http://tify.sub.uni-goettingen.de/demo.html?manifest=https://archdataset.dl.itc.u-tokyo.ac.jp/manifest/c073541f-4e1b-7d44-7d0e-df6d750a1d04.json,c073541f-4e1b-7d44-7d0e-df6d750a1d04,https://iiif.dl.itc.u-tokyo.ac.jp/repo/s/medlib,https://iiif.dl.itc.u-tokyo.ac.jp/repo/s/medlib/document/c073541f-4e1b-7d44-7d0e-df6d750a1d04,https://www.lib.u-tokyo.ac.jp/ja/library/contents/archives-top/reuse,https://iiif.dl.itc.u-tokyo.ac.jp/repo/files/medium/b4c08b49ea6b683c8b04f461f23ef74d3bca3c5c.jpg,https://iiif.dl.itc.u-tokyo.ac.jp/repo/api/items/611906,"東京大学医学図書館 Medical Library, The University of Tokyo, JAPAN",http://iiif.io/api/presentation/2#rightToLeftDirection,,医学図書館デジタル史料室,170,,https://iiif.dl.itc.u-tokyo.ac.jp/repo/iiif/c073541f-4e1b-7d44-7d0e-df6d750a1d04/manifest,,,,,1
外来診察室,がいらい しんさつしつ,医学部関係史料,日本語,,,,,,[1911],,,収録アルバム:明治44年卒業アルバム|写真番号:A1911-85-L01,,,http://tify.sub.uni-goettingen.de/demo.html?manifest=https://archdataset.dl.itc.u-tokyo.ac.jp/manifest/1b45ef87-0d20-3894-528e-95f3c4fa50ed.json,1b45ef87-0d20-3894-528e-95f3c4fa50ed,https://iiif.dl.itc.u-tokyo.ac.jp/repo/s/medlib,https://iiif.dl.itc.u-tokyo.ac.jp/repo/s/medlib/document/1b45ef87-0d20-3894-528e-95f3c4fa50ed,https://www.lib.u-tokyo.ac.jp/ja/library/contents/archives-top/reuse,https://iiif.dl.itc.u-tokyo.ac.jp/repo/files/medium/9e0fb2d235febc3fc2358ec2bf134a52686df361.jpg,https://iiif.dl.itc.u-tokyo.ac.jp/repo/api/items/611905,"東京大学医学図書館 Medical Library, The University of Tokyo, JAPAN",http://iiif.io/api/presentation/2#rightToLeftDirection,,医学図書館デジタル史料室,171,,https://iiif.dl.itc.u-tokyo.ac.jp/repo/iiif/1b45ef87-0d20-3894-528e-95f3c4fa50ed/manifest,,,,,1
外科手術室,げか しゅじゅつしつ,医学部関係史料,日本語,,,,,,[1911],,,収録アルバム:明治44年卒業アルバム|写真番号:A1911-85-L02,,,http://tify.sub.uni-goettingen.de/demo.html?manifest=https://archdataset.dl.itc.u-tokyo.ac.jp/manifest/85144dd2-3eb3-329f-12b7-ceab020c3905.json,85144dd2-3eb3-329f-12b7-ceab020c3905,https://iiif.dl.itc.u-tokyo.ac.jp/repo/s/medlib,https://iiif.dl.itc.u-tokyo.ac.jp/repo/s/medlib/document/85144dd2-3eb3-329f-12b7-ceab020c3905,https://www.lib.u-tokyo.ac.jp/ja/library/contents/archives-top/reuse,https://iiif.dl.itc.u-tokyo.ac.jp/repo/files/medium/be87db0e177e5946496ad39ffc398e6251088bcf.jpg,https://iiif.dl.itc.u-tokyo.ac.jp/repo/api/items/611904,"東京大学医学図書館 Medical Library, The University of Tokyo, JAPAN",http://iiif.io/api/presentation/2#rightToLeftDirection,,医学図書館デジタル史料室,172,,https://iiif.dl.itc.u-tokyo.ac.jp/repo/iiif/85144dd2-3eb3-329f-12b7-ceab020c3905/manifest,,,,,1
東講堂,ひがし こうどう,医学部関係史料,日本語,,,,,,[1911],,,収録アルバム:明治44年卒業アルバム|写真番号:A1911-85-L03,,,http://tify.sub.uni-goettingen.de/demo.html?manifest=https://archdataset.dl.itc.u-tokyo.ac.jp/manifest/d827243c-42c2-a1fd-2d2e-61c52b285ae3.json,d827243c-42c2-a1fd-2d2e-61c52b285ae3,https://iiif.dl.itc.u-tokyo.ac.jp/repo/s/medlib,https://iiif.dl.itc.u-tokyo.ac.jp/repo/s/medlib/document/d827243c-42c2-a1fd-2d2e-61c52b285ae3,https://www.lib.u-tokyo.ac.jp/ja/library/contents/archives-top/reuse,https://iiif.dl.itc.u-tokyo.ac.jp/repo/files/medium/4acc48aba23df97d77d7ae0f8f7714966ce4da4a.jpg,https://iiif.dl.itc.u-tokyo.ac.jp/repo/api/items/611903,"東京大学医学図書館 Medical Library, The University of Tokyo, JAPAN",http://iiif.io/api/presentation/2#rightToLeftDirection,,医学図書館デジタル史料室,173,,https://iiif.dl.itc.u-tokyo.ac.jp/repo/iiif/d827243c-42c2-a1fd-2d2e-61c52b285ae3/manifest,,,,,1
附属病院薬局,ふぞく びょういん やっきょく,医学部関係史料,日本語,,,,,,[1911],,,収録アルバム:明治44年卒業アルバム|写真番号:A1911-85-L04,,,http://tify.sub.uni-goettingen.de/demo.html?manifest=https://archdataset.dl.itc.u-tokyo.ac.jp/manifest/637f2f13-26d8-0860-75ae-cfd6dfca254c.json,637f2f13-26d8-0860-75ae-cfd6dfca254c,https://iiif.dl.itc.u-tokyo.ac.jp/repo/s/medlib,https://iiif.dl.itc.u-tokyo.ac.jp/repo/s/medlib/document/637f2f13-26d8-0860-75ae-cfd6dfca254c,https://www.lib.u-tokyo.ac.jp/ja/library/contents/archives-top/reuse,https://iiif.dl.itc.u-tokyo.ac.jp/repo/files/medium/4cdf1dffeeffb8caaea9fc0904ecb76921ed019f.jpg,https://iiif.dl.itc.u-tokyo.ac.jp/repo/api/items/611902,"東京大学医学図書館 Medical Library, The University of Tokyo, JAPAN",http://iiif.io/api/presentation/2#rightToLeftDirection,,医学図書館デジタル史料室,174,,https://iiif.dl.itc.u-tokyo.ac.jp/repo/iiif/637f2f13-26d8-0860-75ae-cfd6dfca254c/manifest,,,,,1
東京大学医学部第四年報,とうきょうだいがくいがくぶだい4ねんぽう,医学部関係史料,日本語,,,,,,明治11年 (1878),,1冊 21cm,請求記号: 史料室:9008|自明治九年十二月 至同十年十一月|https://iiif.dl.itc.u-tokyo.ac.jp/repo/s/medlib/document/8a908d81-5ef0-3c30-5808-886df022821f#?cv=3|https://iiif.dl.itc.u-tokyo.ac.jp/repo/s/medlib/document/8a908d81-5ef0-3c30-5808-886df022821f#?cv=4|https://iiif.dl.itc.u-tokyo.ac.jp/repo/s/medlib/document/8a908d81-5ef0-3c30-5808-886df022821f#?cv=5|https://iiif.dl.itc.u-tokyo.ac.jp/repo/s/medlib/document/8a908d81-5ef0-3c30-5808-886df022821f#?cv=7|https://iiif.dl.itc.u-tokyo.ac.jp/repo/s/medlib/document/8a908d81-5ef0-3c30-5808-886df022821f#?cv=8|https://iiif.dl.itc.u-tokyo.ac.jp/repo/s/medlib/document/8a908d81-5ef0-3c30-5808-886df022821f#?cv=36|https://iiif.dl.itc.u-tokyo.ac.jp/repo/s/medlib/document/8a908d81-5ef0-3c30-5808-886df022821f#?cv=36|https://iiif.dl.itc.u-tokyo.ac.jp/repo/s/medlib/document/8a908d81-5ef0-3c30-5808-886df022821f#?cv=37|https://iiif.dl.itc.u-tokyo.ac.jp/repo/s/medlib/document/8a908d81-5ef0-3c30-5808-886df022821f#?cv=38|https://iiif.dl.itc.u-tokyo.ac.jp/repo/s/medlib/document/8a908d81-5ef0-3c30-5808-886df022821f#?cv=39|https://iiif.dl.itc.u-tokyo.ac.jp/repo/s/medlib/document/8a908d81-5ef0-3c30-5808-886df022821f#?cv=55,,,http://tify.sub.uni-goettingen.de/demo.html?manifest=https://archdataset.dl.itc.u-tokyo.ac.jp/manifest/8a908d81-5ef0-3c30-5808-886df022821f.json,8a908d81-5ef0-3c30-5808-886df022821f,https://iiif.dl.itc.u-tokyo.ac.jp/repo/s/medlib,https://iiif.dl.itc.u-tokyo.ac.jp/repo/s/medlib/document/8a908d81-5ef0-3c30-5808-886df022821f,https://www.lib.u-tokyo.ac.jp/ja/library/contents/archives-top/reuse,https://iiif.dl.itc.u-tokyo.ac.jp/repo/files/medium/c64194e44ea571dca77d847f6dcae2f368cd64a8.jpg,https://iiif.dl.itc.u-tokyo.ac.jp/repo/api/items/611901,"東京大学医学図書館 Medical Library, The University of Tokyo, JAPAN",http://iiif.io/api/presentation/2#rightToLeftDirection,,医学図書館デジタル史料室,175,,https://iiif.dl.itc.u-tokyo.ac.jp/repo/iiif/8a908d81-5ef0-3c30-5808-886df022821f/manifest,,,,,60
東京大学医学部第五年報,とうきょうだいがくいがくぶだい5ねんぽう,医学部関係史料,日本語,,,,,,明治12年 (1879),,1冊 20cm,請求記号: 史料室:9008|自明治十年十二月 至同十一年十一月|https://iiif.dl.itc.u-tokyo.ac.jp/repo/s/medlib/document/4c8506b1-8f77-39f3-2643-6bbc98ba8790#?cv=3|https://iiif.dl.itc.u-tokyo.ac.jp/repo/s/medlib/document/4c8506b1-8f77-39f3-2643-6bbc98ba8790#?cv=4|https://iiif.dl.itc.u-tokyo.ac.jp/repo/s/medlib/document/4c8506b1-8f77-39f3-2643-6bbc98ba8790#?cv=6|https://iiif.dl.itc.u-tokyo.ac.jp/repo/s/medlib/document/4c8506b1-8f77-39f3-2643-6bbc98ba8790#?cv=8|https://iiif.dl.itc.u-tokyo.ac.jp/repo/s/medlib/document/4c8506b1-8f77-39f3-2643-6bbc98ba8790#?cv=9|https://iiif.dl.itc.u-tokyo.ac.jp/repo/s/medlib/document/4c8506b1-8f77-39f3-2643-6bbc98ba8790#?cv=30|https://iiif.dl.itc.u-tokyo.ac.jp/repo/s/medlib/document/4c8506b1-8f77-39f3-2643-6bbc98ba8790#?cv=30|https://iiif.dl.itc.u-tokyo.ac.jp/repo/s/medlib/document/4c8506b1-8f77-39f3-2643-6bbc98ba8790#?cv=31|https://iiif.dl.itc.u-tokyo.ac.jp/repo/s/medlib/document/4c8506b1-8f77-39f3-2643-6bbc98ba8790#?cv=32,,,http://tify.sub.uni-goettingen.de/demo.html?manifest=https://archdataset.dl.itc.u-tokyo.ac.jp/manifest/4c8506b1-8f77-39f3-2643-6bbc98ba8790.json,4c8506b1-8f77-39f3-2643-6bbc98ba8790,https://iiif.dl.itc.u-tokyo.ac.jp/repo/s/medlib,https://iiif.dl.itc.u-tokyo.ac.jp/repo/s/medlib/document/4c8506b1-8f77-39f3-2643-6bbc98ba8790,https://www.lib.u-tokyo.ac.jp/ja/library/contents/archives-top/reuse,https://iiif.dl.itc.u-tokyo.ac.jp/repo/files/medium/6649906bd995888adf43ee37b64d64c5e05ad863.jpg,https://iiif.dl.itc.u-tokyo.ac.jp/repo/api/items/611900,"東京大学医学図書館 Medical Library, The University of Tokyo, JAPAN",http://iiif.io/api/presentation/2#rightToLeftDirection,,医学図書館デジタル史料室,176,,https://iiif.dl.itc.u-tokyo.ac.jp/repo/iiif/4c8506b1-8f77-39f3-2643-6bbc98ba8790/manifest,,,,,59
東京大学医学部第六年報,とうきょうだいがくいがくぶだい6ねんぽう,医学部関係史料,日本語,,,,,,明治13年 (1880),,1冊 21cm,請求記号: 史料室:9008|自明治十一年十二月 至同十二年十一月|https://iiif.dl.itc.u-tokyo.ac.jp/repo/s/medlib/document/bb90a597-3912-6cd7-2753-a5ca192b05f8#?cv=3|https://iiif.dl.itc.u-tokyo.ac.jp/repo/s/medlib/document/bb90a597-3912-6cd7-2753-a5ca192b05f8#?cv=3|https://iiif.dl.itc.u-tokyo.ac.jp/repo/s/medlib/document/bb90a597-3912-6cd7-2753-a5ca192b05f8#?cv=5|https://iiif.dl.itc.u-tokyo.ac.jp/repo/s/medlib/document/bb90a597-3912-6cd7-2753-a5ca192b05f8#?cv=6|https://iiif.dl.itc.u-tokyo.ac.jp/repo/s/medlib/document/bb90a597-3912-6cd7-2753-a5ca192b05f8#?cv=7|https://iiif.dl.itc.u-tokyo.ac.jp/repo/s/medlib/document/bb90a597-3912-6cd7-2753-a5ca192b05f8#?cv=30|https://iiif.dl.itc.u-tokyo.ac.jp/repo/s/medlib/document/bb90a597-3912-6cd7-2753-a5ca192b05f8#?cv=89|https://iiif.dl.itc.u-tokyo.ac.jp/repo/s/medlib/document/bb90a597-3912-6cd7-2753-a5ca192b05f8#?cv=89|https://iiif.dl.itc.u-tokyo.ac.jp/repo/s/medlib/document/bb90a597-3912-6cd7-2753-a5ca192b05f8#?cv=90|https://iiif.dl.itc.u-tokyo.ac.jp/repo/s/medlib/document/bb90a597-3912-6cd7-2753-a5ca192b05f8#?cv=91,,,http://tify.sub.uni-goettingen.de/demo.html?manifest=https://archdataset.dl.itc.u-tokyo.ac.jp/manifest/bb90a597-3912-6cd7-2753-a5ca192b05f8.json,bb90a597-3912-6cd7-2753-a5ca192b05f8,https://iiif.dl.itc.u-tokyo.ac.jp/repo/s/medlib,https://iiif.dl.itc.u-tokyo.ac.jp/repo/s/medlib/document/bb90a597-3912-6cd7-2753-a5ca192b05f8,https://www.lib.u-tokyo.ac.jp/ja/library/contents/archives-top/reuse,https://iiif.dl.itc.u-tokyo.ac.jp/repo/files/medium/1475ebcc617a0a90021a986a7171d81d893d6eac.jpg,https://iiif.dl.itc.u-tokyo.ac.jp/repo/api/items/611899,"東京大学医学図書館 Medical Library, The University of Tokyo, JAPAN",http://iiif.io/api/presentation/2#rightToLeftDirection,,医学図書館デジタル史料室,177,,https://iiif.dl.itc.u-tokyo.ac.jp/repo/iiif/bb90a597-3912-6cd7-2753-a5ca192b05f8/manifest,,,,,115
東京大学医学部第七年報,とうきょうだいがくいがくぶだい7ねんぽう,医学部関係史料,日本語,,,,,,明治14年 (1881),,1冊 21cm,請求記号: 史料室:9008|自明治十二年十二月 至同十三年十一月|https://iiif.dl.itc.u-tokyo.ac.jp/repo/s/medlib/document/14dc3dfd-621f-164d-1daf-304e0448360c#?cv=3|https://iiif.dl.itc.u-tokyo.ac.jp/repo/s/medlib/document/14dc3dfd-621f-164d-1daf-304e0448360c#?cv=4|https://iiif.dl.itc.u-tokyo.ac.jp/repo/s/medlib/document/14dc3dfd-621f-164d-1daf-304e0448360c#?cv=6|https://iiif.dl.itc.u-tokyo.ac.jp/repo/s/medlib/document/14dc3dfd-621f-164d-1daf-304e0448360c#?cv=7|https://iiif.dl.itc.u-tokyo.ac.jp/repo/s/medlib/document/14dc3dfd-621f-164d-1daf-304e0448360c#?cv=9|https://iiif.dl.itc.u-tokyo.ac.jp/repo/s/medlib/document/14dc3dfd-621f-164d-1daf-304e0448360c#?cv=34|https://iiif.dl.itc.u-tokyo.ac.jp/repo/s/medlib/document/14dc3dfd-621f-164d-1daf-304e0448360c#?cv=83|https://iiif.dl.itc.u-tokyo.ac.jp/repo/s/medlib/document/14dc3dfd-621f-164d-1daf-304e0448360c#?cv=84|https://iiif.dl.itc.u-tokyo.ac.jp/repo/s/medlib/document/14dc3dfd-621f-164d-1daf-304e0448360c#?cv=85,,,http://tify.sub.uni-goettingen.de/demo.html?manifest=https://archdataset.dl.itc.u-tokyo.ac.jp/manifest/14dc3dfd-621f-164d-1daf-304e0448360c.json,14dc3dfd-621f-164d-1daf-304e0448360c,https://iiif.dl.itc.u-tokyo.ac.jp/repo/s/medlib,https://iiif.dl.itc.u-tokyo.ac.jp/repo/s/medlib/document/14dc3dfd-621f-164d-1daf-304e0448360c,https://www.lib.u-tokyo.ac.jp/ja/library/contents/archives-top/reuse,https://iiif.dl.itc.u-tokyo.ac.jp/repo/files/medium/8d07491cef3d60170177efdd7f285bb6a0ba98df.jpg,https://iiif.dl.itc.u-tokyo.ac.jp/repo/api/items/611898,"東京大学医学図書館 Medical Library, The University of Tokyo, JAPAN",http://iiif.io/api/presentation/2#rightToLeftDirection,,医学図書館デジタル史料室,178,,https://iiif.dl.itc.u-tokyo.ac.jp/repo/iiif/14dc3dfd-621f-164d-1daf-304e0448360c/manifest,,,,,112
明治戊辰年ヨリ 学校履歴,めいじぼしんねんより がっこうりれき,医学部関係史料,日本語,,第一大学区医学校,,,,明治元-9年 (1868-1876),,1冊 24cm,請求記号: 史料室:9005|医学校の明治元年から9年までの記録。|https://iiif.dl.itc.u-tokyo.ac.jp/repo/s/medlib/document/2768e7c9-4dda-7169-5c21-51f9fb5d60f6#?cv=2|https://iiif.dl.itc.u-tokyo.ac.jp/repo/s/medlib/document/2768e7c9-4dda-7169-5c21-51f9fb5d60f6#?cv=3|https://iiif.dl.itc.u-tokyo.ac.jp/repo/s/medlib/document/2768e7c9-4dda-7169-5c21-51f9fb5d60f6#?cv=7|https://iiif.dl.itc.u-tokyo.ac.jp/repo/s/medlib/document/2768e7c9-4dda-7169-5c21-51f9fb5d60f6#?cv=9|https://iiif.dl.itc.u-tokyo.ac.jp/repo/s/medlib/document/2768e7c9-4dda-7169-5c21-51f9fb5d60f6#?cv=13|https://iiif.dl.itc.u-tokyo.ac.jp/repo/s/medlib/document/2768e7c9-4dda-7169-5c21-51f9fb5d60f6#?cv=15|https://iiif.dl.itc.u-tokyo.ac.jp/repo/s/medlib/document/2768e7c9-4dda-7169-5c21-51f9fb5d60f6#?cv=19|https://iiif.dl.itc.u-tokyo.ac.jp/repo/s/medlib/document/2768e7c9-4dda-7169-5c21-51f9fb5d60f6#?cv=24|https://iiif.dl.itc.u-tokyo.ac.jp/repo/s/medlib/document/2768e7c9-4dda-7169-5c21-51f9fb5d60f6#?cv=33|*白紙頁は撮影していない,,,http://tify.sub.uni-goettingen.de/demo.html?manifest=https://archdataset.dl.itc.u-tokyo.ac.jp/manifest/2768e7c9-4dda-7169-5c21-51f9fb5d60f6.json,2768e7c9-4dda-7169-5c21-51f9fb5d60f6,https://iiif.dl.itc.u-tokyo.ac.jp/repo/s/medlib,https://iiif.dl.itc.u-tokyo.ac.jp/repo/s/medlib/document/2768e7c9-4dda-7169-5c21-51f9fb5d60f6,https://www.lib.u-tokyo.ac.jp/ja/library/contents/archives-top/reuse,https://iiif.dl.itc.u-tokyo.ac.jp/repo/files/medium/93ed1c8dd78597190fb7ffd5a8eee2c74d01e829.jpg,https://iiif.dl.itc.u-tokyo.ac.jp/repo/api/items/611897,"東京大学医学図書館 Medical Library, The University of Tokyo, JAPAN",http://iiif.io/api/presentation/2#rightToLeftDirection,,医学図書館デジタル史料室,179,,https://iiif.dl.itc.u-tokyo.ac.jp/repo/iiif/2768e7c9-4dda-7169-5c21-51f9fb5d60f6/manifest,,,,,43
東京大学医学部一覧 明治10年,とうきょうだいがくいがくぶいちらん|Toukyoudaigakuigakubuichiran,医学部関係史料,日本語,,東京大学医学部,,,,[明治10年 (1877)],,1冊 20cm,請求記号: 史料室:9007|https://iiif.dl.itc.u-tokyo.ac.jp/repo/s/medlib/document/de6aeb4d-9de6-6411-2d82-8821672c0bd5#?cv=2|https://iiif.dl.itc.u-tokyo.ac.jp/repo/s/medlib/document/de6aeb4d-9de6-6411-2d82-8821672c0bd5#?cv=3|https://iiif.dl.itc.u-tokyo.ac.jp/repo/s/medlib/document/de6aeb4d-9de6-6411-2d82-8821672c0bd5#?cv=4|https://iiif.dl.itc.u-tokyo.ac.jp/repo/s/medlib/document/de6aeb4d-9de6-6411-2d82-8821672c0bd5#?cv=10|https://iiif.dl.itc.u-tokyo.ac.jp/repo/s/medlib/document/de6aeb4d-9de6-6411-2d82-8821672c0bd5#?cv=12|https://iiif.dl.itc.u-tokyo.ac.jp/repo/s/medlib/document/de6aeb4d-9de6-6411-2d82-8821672c0bd5#?cv=13|https://iiif.dl.itc.u-tokyo.ac.jp/repo/s/medlib/document/de6aeb4d-9de6-6411-2d82-8821672c0bd5#?cv=14|https://iiif.dl.itc.u-tokyo.ac.jp/repo/s/medlib/document/de6aeb4d-9de6-6411-2d82-8821672c0bd5#?cv=14|https://iiif.dl.itc.u-tokyo.ac.jp/repo/s/medlib/document/de6aeb4d-9de6-6411-2d82-8821672c0bd5#?cv=15|https://iiif.dl.itc.u-tokyo.ac.jp/repo/s/medlib/document/de6aeb4d-9de6-6411-2d82-8821672c0bd5#?cv=16|https://iiif.dl.itc.u-tokyo.ac.jp/repo/s/medlib/document/de6aeb4d-9de6-6411-2d82-8821672c0bd5#?cv=17|https://iiif.dl.itc.u-tokyo.ac.jp/repo/s/medlib/document/de6aeb4d-9de6-6411-2d82-8821672c0bd5#?cv=17|https://iiif.dl.itc.u-tokyo.ac.jp/repo/s/medlib/document/de6aeb4d-9de6-6411-2d82-8821672c0bd5#?cv=18|https://iiif.dl.itc.u-tokyo.ac.jp/repo/s/medlib/document/de6aeb4d-9de6-6411-2d82-8821672c0bd5#?cv=19|https://iiif.dl.itc.u-tokyo.ac.jp/repo/s/medlib/document/de6aeb4d-9de6-6411-2d82-8821672c0bd5#?cv=20|https://iiif.dl.itc.u-tokyo.ac.jp/repo/s/medlib/document/de6aeb4d-9de6-6411-2d82-8821672c0bd5#?cv=21|https://iiif.dl.itc.u-tokyo.ac.jp/repo/s/medlib/document/de6aeb4d-9de6-6411-2d82-8821672c0bd5#?cv=23|https://iiif.dl.itc.u-tokyo.ac.jp/repo/s/medlib/document/de6aeb4d-9de6-6411-2d82-8821672c0bd5#?cv=24|https://iiif.dl.itc.u-tokyo.ac.jp/repo/s/medlib/document/de6aeb4d-9de6-6411-2d82-8821672c0bd5#?cv=24|https://iiif.dl.itc.u-tokyo.ac.jp/repo/s/medlib/document/de6aeb4d-9de6-6411-2d82-8821672c0bd5#?cv=26|https://iiif.dl.itc.u-tokyo.ac.jp/repo/s/medlib/document/de6aeb4d-9de6-6411-2d82-8821672c0bd5#?cv=29|https://iiif.dl.itc.u-tokyo.ac.jp/repo/s/medlib/document/de6aeb4d-9de6-6411-2d82-8821672c0bd5#?cv=29|https://iiif.dl.itc.u-tokyo.ac.jp/repo/s/medlib/document/de6aeb4d-9de6-6411-2d82-8821672c0bd5#?cv=29|https://iiif.dl.itc.u-tokyo.ac.jp/repo/s/medlib/document/de6aeb4d-9de6-6411-2d82-8821672c0bd5#?cv=31|https://iiif.dl.itc.u-tokyo.ac.jp/repo/s/medlib/document/de6aeb4d-9de6-6411-2d82-8821672c0bd5#?cv=32|https://iiif.dl.itc.u-tokyo.ac.jp/repo/s/medlib/document/de6aeb4d-9de6-6411-2d82-8821672c0bd5#?cv=33|https://iiif.dl.itc.u-tokyo.ac.jp/repo/s/medlib/document/de6aeb4d-9de6-6411-2d82-8821672c0bd5#?cv=45,,,http://tify.sub.uni-goettingen.de/demo.html?manifest=https://archdataset.dl.itc.u-tokyo.ac.jp/manifest/de6aeb4d-9de6-6411-2d82-8821672c0bd5.json,de6aeb4d-9de6-6411-2d82-8821672c0bd5,https://iiif.dl.itc.u-tokyo.ac.jp/repo/s/medlib,https://iiif.dl.itc.u-tokyo.ac.jp/repo/s/medlib/document/de6aeb4d-9de6-6411-2d82-8821672c0bd5,https://www.lib.u-tokyo.ac.jp/ja/library/contents/archives-top/reuse,https://iiif.dl.itc.u-tokyo.ac.jp/repo/files/medium/76c70772829442e85b1aa35432bb778ba348a82e.jpg,https://iiif.dl.itc.u-tokyo.ac.jp/repo/api/items/611896,"東京大学医学図書館 Medical Library, The University of Tokyo, JAPAN",http://iiif.io/api/presentation/2#rightToLeftDirection,,医学図書館デジタル史料室,180,,https://iiif.dl.itc.u-tokyo.ac.jp/repo/iiif/de6aeb4d-9de6-6411-2d82-8821672c0bd5/manifest,,,,,74
東京大学医学部一覧 明治13-14年,とうきょうだいがくいがくぶいちらん|Toukyoudaigakuigakubuichiran,医学部関係史料,日本語,,東京大学医学部,,,,[明治13年 (1880)],,1冊 20cm,請求記号: 史料室:9007|https://iiif.dl.itc.u-tokyo.ac.jp/repo/s/medlib/document/eac90c10-0506-9f9b-0f22-f2460b201cc8#?cv=2|https://iiif.dl.itc.u-tokyo.ac.jp/repo/s/medlib/document/eac90c10-0506-9f9b-0f22-f2460b201cc8#?cv=4|https://iiif.dl.itc.u-tokyo.ac.jp/repo/s/medlib/document/eac90c10-0506-9f9b-0f22-f2460b201cc8#?cv=5|https://iiif.dl.itc.u-tokyo.ac.jp/repo/s/medlib/document/eac90c10-0506-9f9b-0f22-f2460b201cc8#?cv=5|https://iiif.dl.itc.u-tokyo.ac.jp/repo/s/medlib/document/eac90c10-0506-9f9b-0f22-f2460b201cc8#?cv=7|https://iiif.dl.itc.u-tokyo.ac.jp/repo/s/medlib/document/eac90c10-0506-9f9b-0f22-f2460b201cc8#?cv=8|https://iiif.dl.itc.u-tokyo.ac.jp/repo/s/medlib/document/eac90c10-0506-9f9b-0f22-f2460b201cc8#?cv=9|https://iiif.dl.itc.u-tokyo.ac.jp/repo/s/medlib/document/eac90c10-0506-9f9b-0f22-f2460b201cc8#?cv=10|https://iiif.dl.itc.u-tokyo.ac.jp/repo/s/medlib/document/eac90c10-0506-9f9b-0f22-f2460b201cc8#?cv=11|https://iiif.dl.itc.u-tokyo.ac.jp/repo/s/medlib/document/eac90c10-0506-9f9b-0f22-f2460b201cc8#?cv=12|https://iiif.dl.itc.u-tokyo.ac.jp/repo/s/medlib/document/eac90c10-0506-9f9b-0f22-f2460b201cc8#?cv=16|https://iiif.dl.itc.u-tokyo.ac.jp/repo/s/medlib/document/eac90c10-0506-9f9b-0f22-f2460b201cc8#?cv=17|https://iiif.dl.itc.u-tokyo.ac.jp/repo/s/medlib/document/eac90c10-0506-9f9b-0f22-f2460b201cc8#?cv=21|https://iiif.dl.itc.u-tokyo.ac.jp/repo/s/medlib/document/eac90c10-0506-9f9b-0f22-f2460b201cc8#?cv=23|https://iiif.dl.itc.u-tokyo.ac.jp/repo/s/medlib/document/eac90c10-0506-9f9b-0f22-f2460b201cc8#?cv=28|https://iiif.dl.itc.u-tokyo.ac.jp/repo/s/medlib/document/eac90c10-0506-9f9b-0f22-f2460b201cc8#?cv=43|https://iiif.dl.itc.u-tokyo.ac.jp/repo/s/medlib/document/eac90c10-0506-9f9b-0f22-f2460b201cc8#?cv=43|https://iiif.dl.itc.u-tokyo.ac.jp/repo/s/medlib/document/eac90c10-0506-9f9b-0f22-f2460b201cc8#?cv=44|https://iiif.dl.itc.u-tokyo.ac.jp/repo/s/medlib/document/eac90c10-0506-9f9b-0f22-f2460b201cc8#?cv=46|https://iiif.dl.itc.u-tokyo.ac.jp/repo/s/medlib/document/eac90c10-0506-9f9b-0f22-f2460b201cc8#?cv=66|https://iiif.dl.itc.u-tokyo.ac.jp/repo/s/medlib/document/eac90c10-0506-9f9b-0f22-f2460b201cc8#?cv=69|https://iiif.dl.itc.u-tokyo.ac.jp/repo/s/medlib/document/eac90c10-0506-9f9b-0f22-f2460b201cc8#?cv=70|https://iiif.dl.itc.u-tokyo.ac.jp/repo/s/medlib/document/eac90c10-0506-9f9b-0f22-f2460b201cc8#?cv=71|https://iiif.dl.itc.u-tokyo.ac.jp/repo/s/medlib/document/eac90c10-0506-9f9b-0f22-f2460b201cc8#?cv=74|https://iiif.dl.itc.u-tokyo.ac.jp/repo/s/medlib/document/eac90c10-0506-9f9b-0f22-f2460b201cc8#?cv=82|https://iiif.dl.itc.u-tokyo.ac.jp/repo/s/medlib/document/eac90c10-0506-9f9b-0f22-f2460b201cc8#?cv=88|https://iiif.dl.itc.u-tokyo.ac.jp/repo/s/medlib/document/eac90c10-0506-9f9b-0f22-f2460b201cc8#?cv=94|https://iiif.dl.itc.u-tokyo.ac.jp/repo/s/medlib/document/eac90c10-0506-9f9b-0f22-f2460b201cc8#?cv=97|https://iiif.dl.itc.u-tokyo.ac.jp/repo/s/medlib/document/eac90c10-0506-9f9b-0f22-f2460b201cc8#?cv=101|https://iiif.dl.itc.u-tokyo.ac.jp/repo/s/medlib/document/eac90c10-0506-9f9b-0f22-f2460b201cc8#?cv=133|https://iiif.dl.itc.u-tokyo.ac.jp/repo/s/medlib/document/eac90c10-0506-9f9b-0f22-f2460b201cc8#?cv=139|https://iiif.dl.itc.u-tokyo.ac.jp/repo/s/medlib/document/eac90c10-0506-9f9b-0f22-f2460b201cc8#?cv=140|https://iiif.dl.itc.u-tokyo.ac.jp/repo/s/medlib/document/eac90c10-0506-9f9b-0f22-f2460b201cc8#?cv=141|https://iiif.dl.itc.u-tokyo.ac.jp/repo/s/medlib/document/eac90c10-0506-9f9b-0f22-f2460b201cc8#?cv=154,,,http://tify.sub.uni-goettingen.de/demo.html?manifest=https://archdataset.dl.itc.u-tokyo.ac.jp/manifest/eac90c10-0506-9f9b-0f22-f2460b201cc8.json,eac90c10-0506-9f9b-0f22-f2460b201cc8,https://iiif.dl.itc.u-tokyo.ac.jp/repo/s/medlib,https://iiif.dl.itc.u-tokyo.ac.jp/repo/s/medlib/document/eac90c10-0506-9f9b-0f22-f2460b201cc8,https://www.lib.u-tokyo.ac.jp/ja/library/contents/archives-top/reuse,https://iiif.dl.itc.u-tokyo.ac.jp/repo/files/medium/12719642bcee9c6d0dfc0f3be3cc22846ff71748.jpg,https://iiif.dl.itc.u-tokyo.ac.jp/repo/api/items/611895,"東京大学医学図書館 Medical Library, The University of Tokyo, JAPAN",http://iiif.io/api/presentation/2#rightToLeftDirection,,医学図書館デジタル史料室,181,,https://iiif.dl.itc.u-tokyo.ac.jp/repo/iiif/eac90c10-0506-9f9b-0f22-f2460b201cc8/manifest,,,,,169
東京大学医学部一覧 明治14-15年,とうきょうだいがくいがくぶいちらん|Toukyoudaigakuigakubuichiran,医学部関係史料,日本語,,東京大学医学部,,,,[明治14年 (1881)],,1冊 20cm,請求記号: 史料室:9007|https://iiif.dl.itc.u-tokyo.ac.jp/repo/s/medlib/document/4d6fe455-003d-2550-3e2b-4dab29dd504c#?cv=3|https://iiif.dl.itc.u-tokyo.ac.jp/repo/s/medlib/document/4d6fe455-003d-2550-3e2b-4dab29dd504c#?cv=4|https://iiif.dl.itc.u-tokyo.ac.jp/repo/s/medlib/document/4d6fe455-003d-2550-3e2b-4dab29dd504c#?cv=7|https://iiif.dl.itc.u-tokyo.ac.jp/repo/s/medlib/document/4d6fe455-003d-2550-3e2b-4dab29dd504c#?cv=8|https://iiif.dl.itc.u-tokyo.ac.jp/repo/s/medlib/document/4d6fe455-003d-2550-3e2b-4dab29dd504c#?cv=8|https://iiif.dl.itc.u-tokyo.ac.jp/repo/s/medlib/document/4d6fe455-003d-2550-3e2b-4dab29dd504c#?cv=10|https://iiif.dl.itc.u-tokyo.ac.jp/repo/s/medlib/document/4d6fe455-003d-2550-3e2b-4dab29dd504c#?cv=25|https://iiif.dl.itc.u-tokyo.ac.jp/repo/s/medlib/document/4d6fe455-003d-2550-3e2b-4dab29dd504c#?cv=26|https://iiif.dl.itc.u-tokyo.ac.jp/repo/s/medlib/document/4d6fe455-003d-2550-3e2b-4dab29dd504c#?cv=29|https://iiif.dl.itc.u-tokyo.ac.jp/repo/s/medlib/document/4d6fe455-003d-2550-3e2b-4dab29dd504c#?cv=44|https://iiif.dl.itc.u-tokyo.ac.jp/repo/s/medlib/document/4d6fe455-003d-2550-3e2b-4dab29dd504c#?cv=45|https://iiif.dl.itc.u-tokyo.ac.jp/repo/s/medlib/document/4d6fe455-003d-2550-3e2b-4dab29dd504c#?cv=46|https://iiif.dl.itc.u-tokyo.ac.jp/repo/s/medlib/document/4d6fe455-003d-2550-3e2b-4dab29dd504c#?cv=46|https://iiif.dl.itc.u-tokyo.ac.jp/repo/s/medlib/document/4d6fe455-003d-2550-3e2b-4dab29dd504c#?cv=53|https://iiif.dl.itc.u-tokyo.ac.jp/repo/s/medlib/document/4d6fe455-003d-2550-3e2b-4dab29dd504c#?cv=56|https://iiif.dl.itc.u-tokyo.ac.jp/repo/s/medlib/document/4d6fe455-003d-2550-3e2b-4dab29dd504c#?cv=57|https://iiif.dl.itc.u-tokyo.ac.jp/repo/s/medlib/document/4d6fe455-003d-2550-3e2b-4dab29dd504c#?cv=62|https://iiif.dl.itc.u-tokyo.ac.jp/repo/s/medlib/document/4d6fe455-003d-2550-3e2b-4dab29dd504c#?cv=67|https://iiif.dl.itc.u-tokyo.ac.jp/repo/s/medlib/document/4d6fe455-003d-2550-3e2b-4dab29dd504c#?cv=69|https://iiif.dl.itc.u-tokyo.ac.jp/repo/s/medlib/document/4d6fe455-003d-2550-3e2b-4dab29dd504c#?cv=74|https://iiif.dl.itc.u-tokyo.ac.jp/repo/s/medlib/document/4d6fe455-003d-2550-3e2b-4dab29dd504c#?cv=80|https://iiif.dl.itc.u-tokyo.ac.jp/repo/s/medlib/document/4d6fe455-003d-2550-3e2b-4dab29dd504c#?cv=84|https://iiif.dl.itc.u-tokyo.ac.jp/repo/s/medlib/document/4d6fe455-003d-2550-3e2b-4dab29dd504c#?cv=114|https://iiif.dl.itc.u-tokyo.ac.jp/repo/s/medlib/document/4d6fe455-003d-2550-3e2b-4dab29dd504c#?cv=118|https://iiif.dl.itc.u-tokyo.ac.jp/repo/s/medlib/document/4d6fe455-003d-2550-3e2b-4dab29dd504c#?cv=128,,,http://tify.sub.uni-goettingen.de/demo.html?manifest=https://archdataset.dl.itc.u-tokyo.ac.jp/manifest/4d6fe455-003d-2550-3e2b-4dab29dd504c.json,4d6fe455-003d-2550-3e2b-4dab29dd504c,https://iiif.dl.itc.u-tokyo.ac.jp/repo/s/medlib,https://iiif.dl.itc.u-tokyo.ac.jp/repo/s/medlib/document/4d6fe455-003d-2550-3e2b-4dab29dd504c,https://www.lib.u-tokyo.ac.jp/ja/library/contents/archives-top/reuse,https://iiif.dl.itc.u-tokyo.ac.jp/repo/files/medium/c63b2449824bea15cfc9ff9f8d0c388b6ae671ea.jpg,https://iiif.dl.itc.u-tokyo.ac.jp/repo/api/items/611894,"東京大学医学図書館 Medical Library, The University of Tokyo, JAPAN",http://iiif.io/api/presentation/2#rightToLeftDirection,,医学図書館デジタル史料室,182,,https://iiif.dl.itc.u-tokyo.ac.jp/repo/iiif/4d6fe455-003d-2550-3e2b-4dab29dd504c/manifest,,,,,134
東京大学医学部一覧 明治15-16年,とうきょうだいがくいがくぶいちらん|Toukyoudaigakuigakubuichiran,医学部関係史料,日本語,,東京大学医学部,,,,[明治15年 (1882)],,1冊 20cm,請求記号: 史料室:9007|https://iiif.dl.itc.u-tokyo.ac.jp/repo/s/medlib/document/3a03bdb6-8007-6e53-8506-3dc544c93775#?cv=2|https://iiif.dl.itc.u-tokyo.ac.jp/repo/s/medlib/document/3a03bdb6-8007-6e53-8506-3dc544c93775#?cv=3|https://iiif.dl.itc.u-tokyo.ac.jp/repo/s/medlib/document/3a03bdb6-8007-6e53-8506-3dc544c93775#?cv=7|https://iiif.dl.itc.u-tokyo.ac.jp/repo/s/medlib/document/3a03bdb6-8007-6e53-8506-3dc544c93775#?cv=8|https://iiif.dl.itc.u-tokyo.ac.jp/repo/s/medlib/document/3a03bdb6-8007-6e53-8506-3dc544c93775#?cv=8|https://iiif.dl.itc.u-tokyo.ac.jp/repo/s/medlib/document/3a03bdb6-8007-6e53-8506-3dc544c93775#?cv=10|https://iiif.dl.itc.u-tokyo.ac.jp/repo/s/medlib/document/3a03bdb6-8007-6e53-8506-3dc544c93775#?cv=25|https://iiif.dl.itc.u-tokyo.ac.jp/repo/s/medlib/document/3a03bdb6-8007-6e53-8506-3dc544c93775#?cv=26|https://iiif.dl.itc.u-tokyo.ac.jp/repo/s/medlib/document/3a03bdb6-8007-6e53-8506-3dc544c93775#?cv=28|https://iiif.dl.itc.u-tokyo.ac.jp/repo/s/medlib/document/3a03bdb6-8007-6e53-8506-3dc544c93775#?cv=44|https://iiif.dl.itc.u-tokyo.ac.jp/repo/s/medlib/document/3a03bdb6-8007-6e53-8506-3dc544c93775#?cv=44|https://iiif.dl.itc.u-tokyo.ac.jp/repo/s/medlib/document/3a03bdb6-8007-6e53-8506-3dc544c93775#?cv=47|https://iiif.dl.itc.u-tokyo.ac.jp/repo/s/medlib/document/3a03bdb6-8007-6e53-8506-3dc544c93775#?cv=48|https://iiif.dl.itc.u-tokyo.ac.jp/repo/s/medlib/document/3a03bdb6-8007-6e53-8506-3dc544c93775#?cv=48|https://iiif.dl.itc.u-tokyo.ac.jp/repo/s/medlib/document/3a03bdb6-8007-6e53-8506-3dc544c93775#?cv=55|https://iiif.dl.itc.u-tokyo.ac.jp/repo/s/medlib/document/3a03bdb6-8007-6e53-8506-3dc544c93775#?cv=58|https://iiif.dl.itc.u-tokyo.ac.jp/repo/s/medlib/document/3a03bdb6-8007-6e53-8506-3dc544c93775#?cv=59|https://iiif.dl.itc.u-tokyo.ac.jp/repo/s/medlib/document/3a03bdb6-8007-6e53-8506-3dc544c93775#?cv=60|https://iiif.dl.itc.u-tokyo.ac.jp/repo/s/medlib/document/3a03bdb6-8007-6e53-8506-3dc544c93775#?cv=63|https://iiif.dl.itc.u-tokyo.ac.jp/repo/s/medlib/document/3a03bdb6-8007-6e53-8506-3dc544c93775#?cv=65|https://iiif.dl.itc.u-tokyo.ac.jp/repo/s/medlib/document/3a03bdb6-8007-6e53-8506-3dc544c93775#?cv=72|https://iiif.dl.itc.u-tokyo.ac.jp/repo/s/medlib/document/3a03bdb6-8007-6e53-8506-3dc544c93775#?cv=75|https://iiif.dl.itc.u-tokyo.ac.jp/repo/s/medlib/document/3a03bdb6-8007-6e53-8506-3dc544c93775#?cv=96|https://iiif.dl.itc.u-tokyo.ac.jp/repo/s/medlib/document/3a03bdb6-8007-6e53-8506-3dc544c93775#?cv=101|https://iiif.dl.itc.u-tokyo.ac.jp/repo/s/medlib/document/3a03bdb6-8007-6e53-8506-3dc544c93775#?cv=114,,,http://tify.sub.uni-goettingen.de/demo.html?manifest=https://archdataset.dl.itc.u-tokyo.ac.jp/manifest/3a03bdb6-8007-6e53-8506-3dc544c93775.json,3a03bdb6-8007-6e53-8506-3dc544c93775,https://iiif.dl.itc.u-tokyo.ac.jp/repo/s/medlib,https://iiif.dl.itc.u-tokyo.ac.jp/repo/s/medlib/document/3a03bdb6-8007-6e53-8506-3dc544c93775,https://www.lib.u-tokyo.ac.jp/ja/library/contents/archives-top/reuse,https://iiif.dl.itc.u-tokyo.ac.jp/repo/files/medium/98e2ee5460d3e789279665cdb045eda7ae4242ce.jpg,https://iiif.dl.itc.u-tokyo.ac.jp/repo/api/items/611893,"東京大学医学図書館 Medical Library, The University of Tokyo, JAPAN",http://iiif.io/api/presentation/2#rightToLeftDirection,,医学図書館デジタル史料室,183,,https://iiif.dl.itc.u-tokyo.ac.jp/repo/iiif/3a03bdb6-8007-6e53-8506-3dc544c93775/manifest,,,,,122
東京大学医学部一覧 明治16-17年,とうきょうだいがくいがくぶいちらん|Toukyoudaigakuigakubuichiran,医学部関係史料,日本語,,東京大学医学部,,,,[明治16年 (1883)],,1冊 20cm,請求記号: 史料室:9007|https://iiif.dl.itc.u-tokyo.ac.jp/repo/s/medlib/document/4ce5a99d-6d90-12dd-36a4-e5176deb6137#?cv=2|https://iiif.dl.itc.u-tokyo.ac.jp/repo/s/medlib/document/4ce5a99d-6d90-12dd-36a4-e5176deb6137#?cv=4|https://iiif.dl.itc.u-tokyo.ac.jp/repo/s/medlib/document/4ce5a99d-6d90-12dd-36a4-e5176deb6137#?cv=9|https://iiif.dl.itc.u-tokyo.ac.jp/repo/s/medlib/document/4ce5a99d-6d90-12dd-36a4-e5176deb6137#?cv=10|https://iiif.dl.itc.u-tokyo.ac.jp/repo/s/medlib/document/4ce5a99d-6d90-12dd-36a4-e5176deb6137#?cv=11|https://iiif.dl.itc.u-tokyo.ac.jp/repo/s/medlib/document/4ce5a99d-6d90-12dd-36a4-e5176deb6137#?cv=18|https://iiif.dl.itc.u-tokyo.ac.jp/repo/s/medlib/document/4ce5a99d-6d90-12dd-36a4-e5176deb6137#?cv=54|https://iiif.dl.itc.u-tokyo.ac.jp/repo/s/medlib/document/4ce5a99d-6d90-12dd-36a4-e5176deb6137#?cv=55|https://iiif.dl.itc.u-tokyo.ac.jp/repo/s/medlib/document/4ce5a99d-6d90-12dd-36a4-e5176deb6137#?cv=60|https://iiif.dl.itc.u-tokyo.ac.jp/repo/s/medlib/document/4ce5a99d-6d90-12dd-36a4-e5176deb6137#?cv=73|https://iiif.dl.itc.u-tokyo.ac.jp/repo/s/medlib/document/4ce5a99d-6d90-12dd-36a4-e5176deb6137#?cv=73|https://iiif.dl.itc.u-tokyo.ac.jp/repo/s/medlib/document/4ce5a99d-6d90-12dd-36a4-e5176deb6137#?cv=75|https://iiif.dl.itc.u-tokyo.ac.jp/repo/s/medlib/document/4ce5a99d-6d90-12dd-36a4-e5176deb6137#?cv=76|https://iiif.dl.itc.u-tokyo.ac.jp/repo/s/medlib/document/4ce5a99d-6d90-12dd-36a4-e5176deb6137#?cv=77|https://iiif.dl.itc.u-tokyo.ac.jp/repo/s/medlib/document/4ce5a99d-6d90-12dd-36a4-e5176deb6137#?cv=84|https://iiif.dl.itc.u-tokyo.ac.jp/repo/s/medlib/document/4ce5a99d-6d90-12dd-36a4-e5176deb6137#?cv=87|https://iiif.dl.itc.u-tokyo.ac.jp/repo/s/medlib/document/4ce5a99d-6d90-12dd-36a4-e5176deb6137#?cv=89|https://iiif.dl.itc.u-tokyo.ac.jp/repo/s/medlib/document/4ce5a99d-6d90-12dd-36a4-e5176deb6137#?cv=89|https://iiif.dl.itc.u-tokyo.ac.jp/repo/s/medlib/document/4ce5a99d-6d90-12dd-36a4-e5176deb6137#?cv=92|https://iiif.dl.itc.u-tokyo.ac.jp/repo/s/medlib/document/4ce5a99d-6d90-12dd-36a4-e5176deb6137#?cv=99|https://iiif.dl.itc.u-tokyo.ac.jp/repo/s/medlib/document/4ce5a99d-6d90-12dd-36a4-e5176deb6137#?cv=103|https://iiif.dl.itc.u-tokyo.ac.jp/repo/s/medlib/document/4ce5a99d-6d90-12dd-36a4-e5176deb6137#?cv=123|https://iiif.dl.itc.u-tokyo.ac.jp/repo/s/medlib/document/4ce5a99d-6d90-12dd-36a4-e5176deb6137#?cv=130|https://iiif.dl.itc.u-tokyo.ac.jp/repo/s/medlib/document/4ce5a99d-6d90-12dd-36a4-e5176deb6137#?cv=141,,,http://tify.sub.uni-goettingen.de/demo.html?manifest=https://archdataset.dl.itc.u-tokyo.ac.jp/manifest/4ce5a99d-6d90-12dd-36a4-e5176deb6137.json,4ce5a99d-6d90-12dd-36a4-e5176deb6137,https://iiif.dl.itc.u-tokyo.ac.jp/repo/s/medlib,https://iiif.dl.itc.u-tokyo.ac.jp/repo/s/medlib/document/4ce5a99d-6d90-12dd-36a4-e5176deb6137,https://www.lib.u-tokyo.ac.jp/ja/library/contents/archives-top/reuse,https://iiif.dl.itc.u-tokyo.ac.jp/repo/files/medium/bd3782c620200bf9c38924e18d7f4a7f95643b7e.jpg,https://iiif.dl.itc.u-tokyo.ac.jp/repo/api/items/611892,"東京大学医学図書館 Medical Library, The University of Tokyo, JAPAN",http://iiif.io/api/presentation/2#rightToLeftDirection,,医学図書館デジタル史料室,184,,https://iiif.dl.itc.u-tokyo.ac.jp/repo/iiif/4ce5a99d-6d90-12dd-36a4-e5176deb6137/manifest,,,,,147
精神病学随抄,セイシンビョウガク ズイショウ|Seishinbyogaku zuisho,巻子本コレクション [医学図書館]|呉秀三文庫,日本語,,肖哲,,,,明治,,"1軸|本体: 37×1,358cm、軸先:38cm",請求記号: 呉 6|登録番号: M26317|資料解説: 「精神病学随抄」と記された短冊付き。「辟邪絵毘沙門天像」「弘法大師行伏絵詞」「病之草子」等の模写、抜写。,,,http://tify.sub.uni-goettingen.de/demo.html?manifest=https://archdataset.dl.itc.u-tokyo.ac.jp/manifest/11e24671-33b6-1c04-0bda-05ecd8ac00aa.json,11e24671-33b6-1c04-0bda-05ecd8ac00aa,https://iiif.dl.itc.u-tokyo.ac.jp/repo/s/medlib,https://iiif.dl.itc.u-tokyo.ac.jp/repo/s/medlib/document/11e24671-33b6-1c04-0bda-05ecd8ac00aa,https://www.lib.u-tokyo.ac.jp/ja/library/contents/archives-top/reuse,https://iiif.dl.itc.u-tokyo.ac.jp/repo/files/medium/bf9203780a4a33e8b8d202d10c54fbf0b008e249.jpg,https://iiif.dl.itc.u-tokyo.ac.jp/repo/api/items/1039219,"東京大学医学図書館 Medical Library, The University of Tokyo, JAPAN",http://iiif.io/api/presentation/2#rightToLeftDirection,,医学図書館デジタル史料室,185,,https://iiif.dl.itc.u-tokyo.ac.jp/repo/iiif/11e24671-33b6-1c04-0bda-05ecd8ac00aa/manifest,,,,,3
翠竹院道三御懇報,スイチクイン ドウサン ゴコンポウ|Suichikuin Dosan gokompo,呉秀三文庫,日本語,,曲直瀬正盛,,,,不明,,1幅|本紙: 26×43cm、本体:99×45cm、軸先:50cm,請求記号: 呉 7|登録番号: M26323|資料解説: 外題「三十二御懇報翠竹院書」、箱書「道三文春」「曲直瀬道三先生文」、 極書あり。呉6「精神病学随抄」の短冊の欠損部分が箱に同封されていた。,三十二御懇報翠竹院書|曲直瀬正慶書曲直瀬道三文,,http://tify.sub.uni-goettingen.de/demo.html?manifest=https://archdataset.dl.itc.u-tokyo.ac.jp/manifest/fb37872e-6b44-0767-6734-6a33bfbea7b8.json,fb37872e-6b44-0767-6734-6a33bfbea7b8,https://iiif.dl.itc.u-tokyo.ac.jp/repo/s/medlib,https://iiif.dl.itc.u-tokyo.ac.jp/repo/s/medlib/document/fb37872e-6b44-0767-6734-6a33bfbea7b8,https://www.lib.u-tokyo.ac.jp/ja/library/contents/archives-top/reuse,https://iiif.dl.itc.u-tokyo.ac.jp/repo/files/medium/8444a8419fda208b5bc3664224ecfd60a46a276f.jpg,https://iiif.dl.itc.u-tokyo.ac.jp/repo/api/items/1039218,"東京大学医学図書館 Medical Library, The University of Tokyo, JAPAN",http://iiif.io/api/presentation/2#rightToLeftDirection,,医学図書館デジタル史料室,186,,https://iiif.dl.itc.u-tokyo.ac.jp/repo/iiif/fb37872e-6b44-0767-6734-6a33bfbea7b8/manifest,,,,,7
新宮凉庭先生書幅,シングウ リョウテイ センセイ ショフク|Shingu Ryotei sensei shofuku,呉秀三文庫,日本語,,新宮涼庭,,,,天保2年,1831,1幅|本紙: 97×35cm、本体:157×38cm、軸先:41cm,請求記号: 呉 9|登録番号: M26322|資料解説: 外題「新宮凉庭先生」、本文「竹門迎客禮無遺 錦軸銅髯亦更奇 佳趣那辺人若問 清茶一椀酒醒時 辛卯臘尾題山中氏茶室 涼亭山人」 、落款「新宮碩」「涼亭」、 外書に「呉氏所蔵」とあり。,,,http://tify.sub.uni-goettingen.de/demo.html?manifest=https://archdataset.dl.itc.u-tokyo.ac.jp/manifest/c42af5e7-2413-8643-6000-90aef22b2f68.json,c42af5e7-2413-8643-6000-90aef22b2f68,https://iiif.dl.itc.u-tokyo.ac.jp/repo/s/medlib,https://iiif.dl.itc.u-tokyo.ac.jp/repo/s/medlib/document/c42af5e7-2413-8643-6000-90aef22b2f68,https://www.lib.u-tokyo.ac.jp/ja/library/contents/archives-top/reuse,https://iiif.dl.itc.u-tokyo.ac.jp/repo/files/medium/5e3fd80b5be896db0a1cffecd1234a19440cb961.jpg,https://iiif.dl.itc.u-tokyo.ac.jp/repo/api/items/1039217,"東京大学医学図書館 Medical Library, The University of Tokyo, JAPAN",http://iiif.io/api/presentation/2#rightToLeftDirection,,医学図書館デジタル史料室,187,,https://iiif.dl.itc.u-tokyo.ac.jp/repo/iiif/c42af5e7-2413-8643-6000-90aef22b2f68/manifest,,,,,3
小石元瑞 近郊散策詩,コイシ ゲンズイ キンコウ サンサクシ|Koishi Genzui kinko sansakushi,呉秀三文庫,日本語,,小石元瑞,,,,不明,,1幅|本紙: 133×30cm、本体:197×45cm、軸先:53cm,請求記号: 呉 10|登録番号: M26324|資料解説:本文「出市嵐山己入望 雅衣小幌歩斜陽 春初摘翠西郊路 野菜花開井々黄 録近製 檉翁」、外書に「呉氏翠微庵」とあり。,,,http://tify.sub.uni-goettingen.de/demo.html?manifest=https://archdataset.dl.itc.u-tokyo.ac.jp/manifest/f81f9c5f-a5db-6a71-a40d-a15afef36b9a.json,f81f9c5f-a5db-6a71-a40d-a15afef36b9a,https://iiif.dl.itc.u-tokyo.ac.jp/repo/s/medlib,https://iiif.dl.itc.u-tokyo.ac.jp/repo/s/medlib/document/f81f9c5f-a5db-6a71-a40d-a15afef36b9a,https://www.lib.u-tokyo.ac.jp/ja/library/contents/archives-top/reuse,https://iiif.dl.itc.u-tokyo.ac.jp/repo/files/medium/9b6e06dfb95c7cf04dadbe95879669ccc47cabc7.jpg,https://iiif.dl.itc.u-tokyo.ac.jp/repo/api/items/1039216,"東京大学医学図書館 Medical Library, The University of Tokyo, JAPAN",http://iiif.io/api/presentation/2#rightToLeftDirection,,医学図書館デジタル史料室,188,,https://iiif.dl.itc.u-tokyo.ac.jp/repo/iiif/f81f9c5f-a5db-6a71-a40d-a15afef36b9a/manifest,,,,,3
多紀元堅賛昧古画山水,タキ サイテイ タキ ゲンケン サン マイコ ガ サンスイ|Taki Saitei Taki Genken san Maiko ga sansui,呉秀三文庫,日本語,,多紀元堅|昧古,,,,文政10年,1827,1幅|本紙: 106×29cm、本体:186×43cm、軸先:49cm,請求記号: 呉 11|登録番号: M26326|資料解説: 外題「多紀茝庭」、本文「問居驚物候 忽己動微涼 無限雲泉意 蝉声備名陽 丁亥夏日 茝庭拙者写題」、落款 「劉元堅」「茝庭」。,多紀茝庭,,http://tify.sub.uni-goettingen.de/demo.html?manifest=https://archdataset.dl.itc.u-tokyo.ac.jp/manifest/bcae94fc-630d-80d8-39de-847e5f1e8629.json,bcae94fc-630d-80d8-39de-847e5f1e8629,https://iiif.dl.itc.u-tokyo.ac.jp/repo/s/medlib,https://iiif.dl.itc.u-tokyo.ac.jp/repo/s/medlib/document/bcae94fc-630d-80d8-39de-847e5f1e8629,https://www.lib.u-tokyo.ac.jp/ja/library/contents/archives-top/reuse,https://iiif.dl.itc.u-tokyo.ac.jp/repo/files/medium/9eec259cce28c35eb3d316bc01a3f1afa0c8e16a.jpg,https://iiif.dl.itc.u-tokyo.ac.jp/repo/api/items/1039215,"東京大学医学図書館 Medical Library, The University of Tokyo, JAPAN",http://iiif.io/api/presentation/2#rightToLeftDirection,,医学図書館デジタル史料室,189,,https://iiif.dl.itc.u-tokyo.ac.jp/repo/iiif/bcae94fc-630d-80d8-39de-847e5f1e8629/manifest,,,,,3
多紀元堅二行書,タキ センセイ ニギョウ タキ ゲンケン ニギョウショ|Taki sensei nigyo Taki Genken nigyosho,呉秀三文庫,日本語,,多紀元堅,,,,不明,,1幅|本紙: 99×31cm、本体:157×38cm、軸先:40cm,請求記号: 呉 12|登録番号: M26321|資料解説: 外題「多紀先生二行」、本文「方不在多 心契則靈 症不在難 意會則明 丹波元堅書」、落款「奚暇斎□(房)」「多紀元堅」「茝庭」、 表装に朱印「呉氏蔵書之印」。,多紀先生二行,,http://tify.sub.uni-goettingen.de/demo.html?manifest=https://archdataset.dl.itc.u-tokyo.ac.jp/manifest/bbde8050-1128-9cac-8556-1294e981841a.json,bbde8050-1128-9cac-8556-1294e981841a,https://iiif.dl.itc.u-tokyo.ac.jp/repo/s/medlib,https://iiif.dl.itc.u-tokyo.ac.jp/repo/s/medlib/document/bbde8050-1128-9cac-8556-1294e981841a,https://www.lib.u-tokyo.ac.jp/ja/library/contents/archives-top/reuse,https://iiif.dl.itc.u-tokyo.ac.jp/repo/files/medium/c9331aafe6ab288a7370797d73c418b13ba47289.jpg,https://iiif.dl.itc.u-tokyo.ac.jp/repo/api/items/1039214,"東京大学医学図書館 Medical Library, The University of Tokyo, JAPAN",http://iiif.io/api/presentation/2#rightToLeftDirection,,医学図書館デジタル史料室,190,,https://iiif.dl.itc.u-tokyo.ac.jp/repo/iiif/bbde8050-1128-9cac-8556-1294e981841a/manifest,,,,,3
仲景像 千春画 賛多紀先生筆,チュウケイゾウ センシュウ ガ サン タキ センセイ ヒツ|Chukeizo Senshu ga san Taki sensei hitsu,呉秀三文庫,日本語,,多紀元堅|高島千春,,,,不明,,1幅|本紙: 89×27cm、本体:152×36cm、軸先:41cm,請求記号: 呉 13|登録番号: M26319|資料解説: 本文「韙哉長沙太守感淪喪 傷横夭力論傷寒之理 遂垂衆方之妙何啻見 病知源医家萬世師表 丹波元簡拜贊 男元堅謹書」、 落款「毉元堅」「赤柔」「千春之印」「融斎」。,,,http://tify.sub.uni-goettingen.de/demo.html?manifest=https://archdataset.dl.itc.u-tokyo.ac.jp/manifest/98ef53aa-166d-652d-53e0-7bcfd2554470.json,98ef53aa-166d-652d-53e0-7bcfd2554470,https://iiif.dl.itc.u-tokyo.ac.jp/repo/s/medlib,https://iiif.dl.itc.u-tokyo.ac.jp/repo/s/medlib/document/98ef53aa-166d-652d-53e0-7bcfd2554470,https://www.lib.u-tokyo.ac.jp/ja/library/contents/archives-top/reuse,https://iiif.dl.itc.u-tokyo.ac.jp/repo/files/medium/36ea7abdeff613eee9ed49f352daeedb2891ba26.jpg,https://iiif.dl.itc.u-tokyo.ac.jp/repo/api/items/1039213,"東京大学医学図書館 Medical Library, The University of Tokyo, JAPAN",http://iiif.io/api/presentation/2#rightToLeftDirection,,医学図書館デジタル史料室,191,,https://iiif.dl.itc.u-tokyo.ac.jp/repo/iiif/98ef53aa-166d-652d-53e0-7bcfd2554470/manifest,,,,,3
原南陽墨竹,ハラ ナンヨウ ボクチク|Hara Nanyo bokuchiku,呉秀三文庫,日本語,,原南陽,,,,文政元年,1818,1幅|本紙: 109×30cm、本体:195×45cm、軸先:49cm,請求記号: 呉 14|登録番号: M26325|資料解説: 外題「原南陽墨竹」、本文「幽窓午睡足 捲簾日将曛 飽飯都無事 乗間画比君 戊寅早春 南陽老人併題」、 落款:「桂尌叢」「原昌克印」「柔子」 、外書に「呉氏郡山樓蔵」とあり。,,,http://tify.sub.uni-goettingen.de/demo.html?manifest=https://archdataset.dl.itc.u-tokyo.ac.jp/manifest/965d61b8-3518-1bc3-1f9e-a53db4414bf4.json,965d61b8-3518-1bc3-1f9e-a53db4414bf4,https://iiif.dl.itc.u-tokyo.ac.jp/repo/s/medlib,https://iiif.dl.itc.u-tokyo.ac.jp/repo/s/medlib/document/965d61b8-3518-1bc3-1f9e-a53db4414bf4,https://www.lib.u-tokyo.ac.jp/ja/library/contents/archives-top/reuse,https://iiif.dl.itc.u-tokyo.ac.jp/repo/files/medium/9b16ef94a816dce36e5380d4623486028ddf118b.jpg,https://iiif.dl.itc.u-tokyo.ac.jp/repo/api/items/1039212,"東京大学医学図書館 Medical Library, The University of Tokyo, JAPAN",http://iiif.io/api/presentation/2#rightToLeftDirection,,医学図書館デジタル史料室,192,,https://iiif.dl.itc.u-tokyo.ac.jp/repo/iiif/965d61b8-3518-1bc3-1f9e-a53db4414bf4/manifest,,,,,3
吉益鄰齋書幅,ヨシマス リンサイ エキドウゾウ ヨシマス リンサイ ショフク|Yoshimasu Rinsai Ekidozo Yoshimasu Rinsai shofuku,呉秀三文庫,日本語,,吉益羸齋,,,,不明,,1幅|本紙: 114×27cm、本体:186×33cm、軸先:35cm,請求記号: 呉 15|登録番号: M26320|資料解説: 外題「吉益鄰斎易堂蔵」、本文「少年易老學難成 一寸光陰不可輕 未覺池塘春草夢 階前梧葉已秋聲 羸齋」 、落款「東洞季子」「辰之印」「子良」、 題箋に朱印「易堂」「九拾八(朱で八を七と修正)」とあり。,吉益鄰斎易堂蔵,,http://tify.sub.uni-goettingen.de/demo.html?manifest=https://archdataset.dl.itc.u-tokyo.ac.jp/manifest/c36e974b-6d92-2cea-a00b-638d04cd1b1c.json,c36e974b-6d92-2cea-a00b-638d04cd1b1c,https://iiif.dl.itc.u-tokyo.ac.jp/repo/s/medlib,https://iiif.dl.itc.u-tokyo.ac.jp/repo/s/medlib/document/c36e974b-6d92-2cea-a00b-638d04cd1b1c,https://www.lib.u-tokyo.ac.jp/ja/library/contents/archives-top/reuse,https://iiif.dl.itc.u-tokyo.ac.jp/repo/files/medium/f4bf34ebdf06f91590c53a1008c89c1a8bd58503.jpg,https://iiif.dl.itc.u-tokyo.ac.jp/repo/api/items/1039211,"東京大学医学図書館 Medical Library, The University of Tokyo, JAPAN",http://iiif.io/api/presentation/2#rightToLeftDirection,,医学図書館デジタル史料室,193,,https://iiif.dl.itc.u-tokyo.ac.jp/repo/iiif/c36e974b-6d92-2cea-a00b-638d04cd1b1c/manifest,,,,,3
東洞翁墨蹟題言,トウドウオウ ボクセキ ダイゲン|Todo o bokuseki daigen,巻子本コレクション [医学図書館]|呉秀三文庫,日本語,,中村佛庵|三上章瑞|秦泰徳|谷其章|奈須恒徳|袁嘉裕|大倉八海|荻野八百吉,,,,[文政7-8年],[1824-1825],1軸|本体: 27×535cm、軸先:29cm,"請求記号: 呉 16|登録番号: M26318|資料解説:中村佛庵書「毒鼓因縁」に三上章瑞,秦泰徳,谷其章,奈須恒徳,袁嘉裕,大倉八海,荻野八百吉の題言を付したもの。",,,http://tify.sub.uni-goettingen.de/demo.html?manifest=https://archdataset.dl.itc.u-tokyo.ac.jp/manifest/a3954326-8d89-5ff8-678e-341f60a907c6.json,a3954326-8d89-5ff8-678e-341f60a907c6,https://iiif.dl.itc.u-tokyo.ac.jp/repo/s/medlib,https://iiif.dl.itc.u-tokyo.ac.jp/repo/s/medlib/document/a3954326-8d89-5ff8-678e-341f60a907c6,https://www.lib.u-tokyo.ac.jp/ja/library/contents/archives-top/reuse,https://iiif.dl.itc.u-tokyo.ac.jp/repo/files/medium/f6e6ccac75c92ffdc531beab92dfc253faab69ac.jpg,https://iiif.dl.itc.u-tokyo.ac.jp/repo/api/items/1039210,"東京大学医学図書館 Medical Library, The University of Tokyo, JAPAN",http://iiif.io/api/presentation/2#rightToLeftDirection,,医学図書館デジタル史料室,194,,https://iiif.dl.itc.u-tokyo.ac.jp/repo/iiif/a3954326-8d89-5ff8-678e-341f60a907c6/manifest,,,,,3
極東熱帶醫學會第六囘總會役員名簿(ABC順),キョクトウ ネッタイ イガクカイ ダイロッカイ ソウカイ ヤクイン メイボ ABCジュン,第六回極東熱帯医学会資料,jpn,図書,極東熱帶醫學會,キョクトウ ネッタイ イガクカイ,,,1925,1925,41p ; 19cm,"請求記号: 三宅:557|資料解説: 三宅文庫は三宅艮斎 ・ 秀 ・ 鑛一 ・ 仁の四代にわたる医家の蔵書図書。三宅秀(みやけひいず, 1848-1938)は東京大学医学部教授(病理学)、医学部長を務めた。役員名簿にも顧問として名が掲載されている。",,,http://tify.sub.uni-goettingen.de/demo.html?manifest=https://archdataset.dl.itc.u-tokyo.ac.jp/manifest/684f0490-22da-124e-8922-569413b24c6a.json,684f0490-22da-124e-8922-569413b24c6a,https://iiif.dl.itc.u-tokyo.ac.jp/repo/s/medlib,https://iiif.dl.itc.u-tokyo.ac.jp/repo/s/medlib/document/684f0490-22da-124e-8922-569413b24c6a,https://www.lib.u-tokyo.ac.jp/ja/library/contents/archives-top/reuse,https://iiif.dl.itc.u-tokyo.ac.jp/repo/files/medium/665ffe49da2b093e5b9f7915c99bd53018eef20b.jpg,https://iiif.dl.itc.u-tokyo.ac.jp/repo/api/items/1181318,"東京大学医学図書館 Medical Library, The University of Tokyo, JAPAN",http://iiif.io/api/presentation/2#rightToLeftDirection,,医学図書館デジタル史料室,195,,https://iiif.dl.itc.u-tokyo.ac.jp/repo/iiif/684f0490-22da-124e-8922-569413b24c6a/manifest,,,,,24
極東熱帶醫學會第六囘總會第一報,キョクトウ ネッタイ イガクカイ ダイロッカイ ソウカイ ダイイッポウ,第六回極東熱帯医学会資料,jpn,図書,極東熱帶醫學會,キョクトウ ネッタイ イガクカイ,,,1925,1925,19p ; 18cm,請求記号: 三宅:559|内容注記: ペン字による修正あり,,,http://tify.sub.uni-goettingen.de/demo.html?manifest=https://archdataset.dl.itc.u-tokyo.ac.jp/manifest/5b784b61-4387-32a1-76a2-f5a437b015a1.json,5b784b61-4387-32a1-76a2-f5a437b015a1,https://iiif.dl.itc.u-tokyo.ac.jp/repo/s/medlib,https://iiif.dl.itc.u-tokyo.ac.jp/repo/s/medlib/document/5b784b61-4387-32a1-76a2-f5a437b015a1,https://www.lib.u-tokyo.ac.jp/ja/library/contents/archives-top/reuse,https://iiif.dl.itc.u-tokyo.ac.jp/repo/files/medium/1aaade3b16d058349b6a24399f78709ff38853a5.jpg,https://iiif.dl.itc.u-tokyo.ac.jp/repo/api/items/1181317,"東京大学医学図書館 Medical Library, The University of Tokyo, JAPAN",http://iiif.io/api/presentation/2#rightToLeftDirection,,医学図書館デジタル史料室,196,,https://iiif.dl.itc.u-tokyo.ac.jp/repo/iiif/5b784b61-4387-32a1-76a2-f5a437b015a1/manifest,,,,,14
Guide to the 6th Congress of the Far Eastern Association of Tropical Medicine,,第六回極東熱帯医学会資料,eng,図書,Congress of the Far Eastern Association of Tropical Medicine,,,東京,1925,1925,67 p. ; 19 cm,"請求記号: 三宅:593|画像注記: 巻末メモ10枚(未記入)のうち9枚はデジタル化省略。|附属資料: タイムスケジュール表:33.2×39cm, 会場図:39×60cm",,,http://tify.sub.uni-goettingen.de/demo.html?manifest=https://archdataset.dl.itc.u-tokyo.ac.jp/manifest/656ca1ee-6d01-4f56-3b47-7cd7ab08358e.json,656ca1ee-6d01-4f56-3b47-7cd7ab08358e,https://iiif.dl.itc.u-tokyo.ac.jp/repo/s/medlib,https://iiif.dl.itc.u-tokyo.ac.jp/repo/s/medlib/document/656ca1ee-6d01-4f56-3b47-7cd7ab08358e,https://www.lib.u-tokyo.ac.jp/ja/library/contents/archives-top/reuse,https://iiif.dl.itc.u-tokyo.ac.jp/repo/files/medium/f653da06e4f3d3b98ed3168f9c62c609fc8c762d.jpg,https://iiif.dl.itc.u-tokyo.ac.jp/repo/api/items/1181316,"東京大学医学図書館 Medical Library, The University of Tokyo, JAPAN",,,医学図書館デジタル史料室,197,,https://iiif.dl.itc.u-tokyo.ac.jp/repo/iiif/656ca1ee-6d01-4f56-3b47-7cd7ab08358e/manifest,,,,,52
"Reports of the medical exhibition : VI Congress of the Far Eastern Association of Tropical Medicine, 1925",,第六回極東熱帯医学会資料,eng,図書,Congress of the Far Eastern Association of Tropical Medicine,,東京帝國大學傳染病研究所内第六回極東熱帶醫學會,東京,1927,1927,"4, 20, 43, 58 p., [26] leaves of plates : ill. ; 25 cm",請求記号:旧病院:2340|資料解説: 第六回極東熱帯医学会の事務局があった東京帝国大学伝染病研究所は、現在の東京大学医科学研究所である。旧蔵資料が柏図書館に移管されている(請求記号:旧医科研::2905) また医学図書館所蔵呉秀三文庫に呉が担当した展示資料解説の抜き刷りがある(請求記号: 呉:A:219),,,http://tify.sub.uni-goettingen.de/demo.html?manifest=https://archdataset.dl.itc.u-tokyo.ac.jp/manifest/58d5db0a-5370-099d-5840-dccdc7d2942b.json,58d5db0a-5370-099d-5840-dccdc7d2942b,https://iiif.dl.itc.u-tokyo.ac.jp/repo/s/medlib,https://iiif.dl.itc.u-tokyo.ac.jp/repo/s/medlib/document/58d5db0a-5370-099d-5840-dccdc7d2942b,https://www.lib.u-tokyo.ac.jp/ja/library/contents/archives-top/reuse,https://iiif.dl.itc.u-tokyo.ac.jp/repo/files/medium/3dee9c6e1abe8fa9942ad697e9c017b8378c3982.jpg,https://iiif.dl.itc.u-tokyo.ac.jp/repo/api/items/1181315,"東京大学医学図書館 Medical Library, The University of Tokyo, JAPAN",,,医学図書館デジタル史料室,198,,https://iiif.dl.itc.u-tokyo.ac.jp/repo/iiif/58d5db0a-5370-099d-5840-dccdc7d2942b/manifest,,,,,105
翻譯引痘新法全書 2巻 乾,ホンヤク イントウ シンポウ ゼンショ|Honyaku into shimpo zensho,古典籍コレクション [医学図書館],日本語,和古書,小山 肆成,"コヤマ, シセイ",岡田屋嘉七|山城屋佐兵衞|須原屋伊八|須原屋茂兵衞|出雲寺萬次郎,,嘉永2 [1849] 序,1849,"2冊, 23cm",請求記号: HR:76|序の書名: 引痘新法全書附録|序の書名: 翻譯引痘全書|序、見返し及び題簽の書名: 引痘新法全書附録|巻次は題簽による|刊記に「平安 東風館藏板」とあり|版心下部に「東風館」とあり|乾の巻末に「引痘不再染論」を附す|坤の巻末に「引痘宜用國産論」を附す|印記: 「今田元達藏書」,,引痘新法全書附録,http://tify.sub.uni-goettingen.de/demo.html?manifest=https://archdataset.dl.itc.u-tokyo.ac.jp/manifest/9deb6710-57d6-9f47-34af-79bbf56f3e7f.json,9deb6710-57d6-9f47-34af-79bbf56f3e7f,https://iiif.dl.itc.u-tokyo.ac.jp/repo/s/medlib,https://iiif.dl.itc.u-tokyo.ac.jp/repo/s/medlib/document/9deb6710-57d6-9f47-34af-79bbf56f3e7f,https://www.lib.u-tokyo.ac.jp/ja/library/contents/archives-top/reuse,https://iiif.dl.itc.u-tokyo.ac.jp/repo/files/medium/9d0d72dad98695c8db52da276bf9fe607cfd79cc.jpg,https://iiif.dl.itc.u-tokyo.ac.jp/repo/api/items/1183347,"東京大学医学図書館 Medical Library, The University of Tokyo, JAPAN",http://iiif.io/api/presentation/2#rightToLeftDirection,,医学図書館デジタル史料室,199,,https://iiif.dl.itc.u-tokyo.ac.jp/repo/iiif/9deb6710-57d6-9f47-34af-79bbf56f3e7f/manifest,,,,,40
翻譯引痘新法全書 2巻 坤,ホンヤク イントウ シンポウ ゼンショ|Honyaku into shimpo zensho,古典籍コレクション [医学図書館],日本語,和古書,小山 肆成,"コヤマ, シセイ",岡田屋嘉七|山城屋佐兵衞|須原屋伊八|須原屋茂兵衞|出雲寺萬次郎,,嘉永2 [1849] 序,1849,"2冊, 23cm",請求記号: HR:76|序の書名: 引痘新法全書附録|序の書名: 翻譯引痘全書|序、見返し及び題簽の書名: 引痘新法全書附録|巻次は題簽による|刊記に「平安 東風館藏板」とあり|版心下部に「東風館」とあり|乾の巻末に「引痘不再染論」を附す|坤の巻末に「引痘宜用國産論」を附す|印記: 「今田元達藏書」,,引痘新法全書附録,http://tify.sub.uni-goettingen.de/demo.html?manifest=https://archdataset.dl.itc.u-tokyo.ac.jp/manifest/8fb80b07-41af-8177-6095-d6b8fb4c5d98.json,8fb80b07-41af-8177-6095-d6b8fb4c5d98,https://iiif.dl.itc.u-tokyo.ac.jp/repo/s/medlib,https://iiif.dl.itc.u-tokyo.ac.jp/repo/s/medlib/document/8fb80b07-41af-8177-6095-d6b8fb4c5d98,https://www.lib.u-tokyo.ac.jp/ja/library/contents/archives-top/reuse,https://iiif.dl.itc.u-tokyo.ac.jp/repo/files/medium/af1ad7639fd326f4c080d77d3b0e469f1c512425.jpg,https://iiif.dl.itc.u-tokyo.ac.jp/repo/api/items/1183348,"東京大学医学図書館 Medical Library, The University of Tokyo, JAPAN",http://iiif.io/api/presentation/2#rightToLeftDirection,,医学図書館デジタル史料室,200,,https://iiif.dl.itc.u-tokyo.ac.jp/repo/iiif/8fb80b07-41af-8177-6095-d6b8fb4c5d98/manifest,,,,,27
解剖攬要 1,カイボウ ランヨウ|Kaibo ranyo,古典籍コレクション [医学図書館],日本語,和古書,田口 和美,"タグチ, カズヨシ",田口和美,,1877.7-1882.5,1877-1882,"14冊, 19cm",請求記号: HR:86|和装,,,http://tify.sub.uni-goettingen.de/demo.html?manifest=https://archdataset.dl.itc.u-tokyo.ac.jp/manifest/3ba44789-488e-2e0e-7bc1-5820d21305e3.json,3ba44789-488e-2e0e-7bc1-5820d21305e3,https://iiif.dl.itc.u-tokyo.ac.jp/repo/s/medlib,https://iiif.dl.itc.u-tokyo.ac.jp/repo/s/medlib/document/3ba44789-488e-2e0e-7bc1-5820d21305e3,https://www.lib.u-tokyo.ac.jp/ja/library/contents/archives-top/reuse,https://iiif.dl.itc.u-tokyo.ac.jp/repo/files/medium/a8d60d7bc921110be0399ad31a5dd25a81970e6c.jpg,https://iiif.dl.itc.u-tokyo.ac.jp/repo/api/items/1183349,"東京大学医学図書館 Medical Library, The University of Tokyo, JAPAN",http://iiif.io/api/presentation/2#rightToLeftDirection,,医学図書館デジタル史料室,201,,https://iiif.dl.itc.u-tokyo.ac.jp/repo/iiif/3ba44789-488e-2e0e-7bc1-5820d21305e3/manifest,,,,,40
解剖攬要 2,カイボウ ランヨウ|Kaibo ranyo,古典籍コレクション [医学図書館],日本語,和古書,田口 和美,"タグチ, カズヨシ",田口和美,,1877.7-1882.5,1877-1882,"14冊, 19cm",請求記号: HR:86|和装,,,http://tify.sub.uni-goettingen.de/demo.html?manifest=https://archdataset.dl.itc.u-tokyo.ac.jp/manifest/6c4a21fd-19be-259a-5817-4d3227d7344f.json,6c4a21fd-19be-259a-5817-4d3227d7344f,https://iiif.dl.itc.u-tokyo.ac.jp/repo/s/medlib,https://iiif.dl.itc.u-tokyo.ac.jp/repo/s/medlib/document/6c4a21fd-19be-259a-5817-4d3227d7344f,https://www.lib.u-tokyo.ac.jp/ja/library/contents/archives-top/reuse,https://iiif.dl.itc.u-tokyo.ac.jp/repo/files/medium/bece29d1355a2a02c23d06a1031297db39e015ea.jpg,https://iiif.dl.itc.u-tokyo.ac.jp/repo/api/items/1183350,"東京大学医学図書館 Medical Library, The University of Tokyo, JAPAN",http://iiif.io/api/presentation/2#rightToLeftDirection,,医学図書館デジタル史料室,202,,https://iiif.dl.itc.u-tokyo.ac.jp/repo/iiif/6c4a21fd-19be-259a-5817-4d3227d7344f/manifest,,,,,60
解剖攬要 3,カイボウ ランヨウ|Kaibo ranyo,古典籍コレクション [医学図書館],日本語,和古書,田口 和美,"タグチ, カズヨシ",田口和美,,1877.7-1882.5,1877-1882,"14冊, 19cm",請求記号: HR:86|和装,,,http://tify.sub.uni-goettingen.de/demo.html?manifest=https://archdataset.dl.itc.u-tokyo.ac.jp/manifest/bb917883-7fa8-17cf-97dc-addedf0e233c.json,bb917883-7fa8-17cf-97dc-addedf0e233c,https://iiif.dl.itc.u-tokyo.ac.jp/repo/s/medlib,https://iiif.dl.itc.u-tokyo.ac.jp/repo/s/medlib/document/bb917883-7fa8-17cf-97dc-addedf0e233c,https://www.lib.u-tokyo.ac.jp/ja/library/contents/archives-top/reuse,https://iiif.dl.itc.u-tokyo.ac.jp/repo/files/medium/2ea9b7870fcb80ba21c0c71ae632e34ba4d2772a.jpg,https://iiif.dl.itc.u-tokyo.ac.jp/repo/api/items/1183351,"東京大学医学図書館 Medical Library, The University of Tokyo, JAPAN",http://iiif.io/api/presentation/2#rightToLeftDirection,,医学図書館デジタル史料室,203,,https://iiif.dl.itc.u-tokyo.ac.jp/repo/iiif/bb917883-7fa8-17cf-97dc-addedf0e233c/manifest,,,,,53
解剖攬要 4,カイボウ ランヨウ|Kaibo ranyo,古典籍コレクション [医学図書館],日本語,和古書,田口 和美,"タグチ, カズヨシ",田口和美,,1877.7-1882.5,1877-1882,"14冊, 19cm",請求記号: HR:86|和装,,,http://tify.sub.uni-goettingen.de/demo.html?manifest=https://archdataset.dl.itc.u-tokyo.ac.jp/manifest/7acc2c55-1946-2d79-5a3c-dfd5cede753d.json,7acc2c55-1946-2d79-5a3c-dfd5cede753d,https://iiif.dl.itc.u-tokyo.ac.jp/repo/s/medlib,https://iiif.dl.itc.u-tokyo.ac.jp/repo/s/medlib/document/7acc2c55-1946-2d79-5a3c-dfd5cede753d,https://www.lib.u-tokyo.ac.jp/ja/library/contents/archives-top/reuse,https://iiif.dl.itc.u-tokyo.ac.jp/repo/files/medium/ca93d09fcae986aaf6c2832200c2b733bbedc65b.jpg,https://iiif.dl.itc.u-tokyo.ac.jp/repo/api/items/1183352,"東京大学医学図書館 Medical Library, The University of Tokyo, JAPAN",http://iiif.io/api/presentation/2#rightToLeftDirection,,医学図書館デジタル史料室,204,,https://iiif.dl.itc.u-tokyo.ac.jp/repo/iiif/7acc2c55-1946-2d79-5a3c-dfd5cede753d/manifest,,,,,61
解剖攬要 5,カイボウ ランヨウ|Kaibo ranyo,古典籍コレクション [医学図書館],日本語,和古書,田口 和美,"タグチ, カズヨシ",田口和美,,1877.7-1882.5,1877-1882,"14冊, 19cm",請求記号: HR:86|和装,,,http://tify.sub.uni-goettingen.de/demo.html?manifest=https://archdataset.dl.itc.u-tokyo.ac.jp/manifest/3e4a383e-2e93-8af1-75ef-d40a6b265175.json,3e4a383e-2e93-8af1-75ef-d40a6b265175,https://iiif.dl.itc.u-tokyo.ac.jp/repo/s/medlib,https://iiif.dl.itc.u-tokyo.ac.jp/repo/s/medlib/document/3e4a383e-2e93-8af1-75ef-d40a6b265175,https://www.lib.u-tokyo.ac.jp/ja/library/contents/archives-top/reuse,https://iiif.dl.itc.u-tokyo.ac.jp/repo/files/medium/4ce7e79485b799f00cc36af774477d38685131d8.jpg,https://iiif.dl.itc.u-tokyo.ac.jp/repo/api/items/1183353,"東京大学医学図書館 Medical Library, The University of Tokyo, JAPAN",http://iiif.io/api/presentation/2#rightToLeftDirection,,医学図書館デジタル史料室,205,,https://iiif.dl.itc.u-tokyo.ac.jp/repo/iiif/3e4a383e-2e93-8af1-75ef-d40a6b265175/manifest,,,,,84
解剖攬要 6,カイボウ ランヨウ|Kaibo ranyo,古典籍コレクション [医学図書館],日本語,和古書,田口 和美,"タグチ, カズヨシ",田口和美,,1877.7-1882.5,1877-1882,"14冊, 19cm",請求記号: HR:86|和装,,,http://tify.sub.uni-goettingen.de/demo.html?manifest=https://archdataset.dl.itc.u-tokyo.ac.jp/manifest/77c159eb-11cf-7ac3-525b-adae0c95404b.json,77c159eb-11cf-7ac3-525b-adae0c95404b,https://iiif.dl.itc.u-tokyo.ac.jp/repo/s/medlib,https://iiif.dl.itc.u-tokyo.ac.jp/repo/s/medlib/document/77c159eb-11cf-7ac3-525b-adae0c95404b,https://www.lib.u-tokyo.ac.jp/ja/library/contents/archives-top/reuse,https://iiif.dl.itc.u-tokyo.ac.jp/repo/files/medium/64cb5afd1d036b3efeb97912933e9177f03e8937.jpg,https://iiif.dl.itc.u-tokyo.ac.jp/repo/api/items/1183354,"東京大学医学図書館 Medical Library, The University of Tokyo, JAPAN",http://iiif.io/api/presentation/2#rightToLeftDirection,,医学図書館デジタル史料室,206,,https://iiif.dl.itc.u-tokyo.ac.jp/repo/iiif/77c159eb-11cf-7ac3-525b-adae0c95404b/manifest,,,,,84
解剖攬要 7,カイボウ ランヨウ|Kaibo ranyo,古典籍コレクション [医学図書館],日本語,和古書,田口 和美,"タグチ, カズヨシ",田口和美,,1877.7-1882.5,1877-1882,"14冊, 19cm",請求記号: HR:86|和装,,,http://tify.sub.uni-goettingen.de/demo.html?manifest=https://archdataset.dl.itc.u-tokyo.ac.jp/manifest/3b28d0d2-1cfd-517f-796a-ddc305d64790.json,3b28d0d2-1cfd-517f-796a-ddc305d64790,https://iiif.dl.itc.u-tokyo.ac.jp/repo/s/medlib,https://iiif.dl.itc.u-tokyo.ac.jp/repo/s/medlib/document/3b28d0d2-1cfd-517f-796a-ddc305d64790,https://www.lib.u-tokyo.ac.jp/ja/library/contents/archives-top/reuse,https://iiif.dl.itc.u-tokyo.ac.jp/repo/files/medium/307bd6a58a7410fb3bf725037146d61d2d6cbf9a.jpg,https://iiif.dl.itc.u-tokyo.ac.jp/repo/api/items/1183355,"東京大学医学図書館 Medical Library, The University of Tokyo, JAPAN",http://iiif.io/api/presentation/2#rightToLeftDirection,,医学図書館デジタル史料室,207,,https://iiif.dl.itc.u-tokyo.ac.jp/repo/iiif/3b28d0d2-1cfd-517f-796a-ddc305d64790/manifest,,,,,89
解剖攬要 8,カイボウ ランヨウ|Kaibo ranyo,古典籍コレクション [医学図書館],日本語,和古書,田口 和美,"タグチ, カズヨシ",田口和美,,1877.7-1882.5,1877-1882,"14冊, 19cm",請求記号: HR:86|和装,,,http://tify.sub.uni-goettingen.de/demo.html?manifest=https://archdataset.dl.itc.u-tokyo.ac.jp/manifest/7a523968-7f63-368e-85fa-9c7d7c0c32e7.json,7a523968-7f63-368e-85fa-9c7d7c0c32e7,https://iiif.dl.itc.u-tokyo.ac.jp/repo/s/medlib,https://iiif.dl.itc.u-tokyo.ac.jp/repo/s/medlib/document/7a523968-7f63-368e-85fa-9c7d7c0c32e7,https://www.lib.u-tokyo.ac.jp/ja/library/contents/archives-top/reuse,https://iiif.dl.itc.u-tokyo.ac.jp/repo/files/medium/012f6a6cc64f8a364956d1a550a81cc645c7ab9b.jpg,https://iiif.dl.itc.u-tokyo.ac.jp/repo/api/items/1183356,"東京大学医学図書館 Medical Library, The University of Tokyo, JAPAN",http://iiif.io/api/presentation/2#rightToLeftDirection,,医学図書館デジタル史料室,208,,https://iiif.dl.itc.u-tokyo.ac.jp/repo/iiif/7a523968-7f63-368e-85fa-9c7d7c0c32e7/manifest,,,,,100
解剖攬要 9,カイボウ ランヨウ|Kaibo ranyo,古典籍コレクション [医学図書館],日本語,和古書,田口 和美,"タグチ, カズヨシ",田口和美,,1877.7-1882.5,1877-1882,"14冊, 19cm",請求記号: HR:86|和装,,,http://tify.sub.uni-goettingen.de/demo.html?manifest=https://archdataset.dl.itc.u-tokyo.ac.jp/manifest/29501731-0314-419d-97cd-c34590062294.json,29501731-0314-419d-97cd-c34590062294,https://iiif.dl.itc.u-tokyo.ac.jp/repo/s/medlib,https://iiif.dl.itc.u-tokyo.ac.jp/repo/s/medlib/document/29501731-0314-419d-97cd-c34590062294,https://www.lib.u-tokyo.ac.jp/ja/library/contents/archives-top/reuse,https://iiif.dl.itc.u-tokyo.ac.jp/repo/files/medium/c37a75b90c8fa381f81e6df1f2736c9295c34d03.jpg,https://iiif.dl.itc.u-tokyo.ac.jp/repo/api/items/1183357,"東京大学医学図書館 Medical Library, The University of Tokyo, JAPAN",http://iiif.io/api/presentation/2#rightToLeftDirection,,医学図書館デジタル史料室,209,,https://iiif.dl.itc.u-tokyo.ac.jp/repo/iiif/29501731-0314-419d-97cd-c34590062294/manifest,,,,,84
解剖攬要 10,カイボウ ランヨウ|Kaibo ranyo,古典籍コレクション [医学図書館],日本語,和古書,田口 和美,"タグチ, カズヨシ",田口和美,,1877.7-1882.5,1877-1882,"14冊, 19cm",請求記号: HR:86|和装,,,http://tify.sub.uni-goettingen.de/demo.html?manifest=https://archdataset.dl.itc.u-tokyo.ac.jp/manifest/d031aeaa-7e60-3027-1d9c-3b7487c37035.json,d031aeaa-7e60-3027-1d9c-3b7487c37035,https://iiif.dl.itc.u-tokyo.ac.jp/repo/s/medlib,https://iiif.dl.itc.u-tokyo.ac.jp/repo/s/medlib/document/d031aeaa-7e60-3027-1d9c-3b7487c37035,https://www.lib.u-tokyo.ac.jp/ja/library/contents/archives-top/reuse,https://iiif.dl.itc.u-tokyo.ac.jp/repo/files/medium/fbc6a490dfc8ecb251154cb65bc10a150ced17e1.jpg,https://iiif.dl.itc.u-tokyo.ac.jp/repo/api/items/1183358,"東京大学医学図書館 Medical Library, The University of Tokyo, JAPAN",http://iiif.io/api/presentation/2#rightToLeftDirection,,医学図書館デジタル史料室,210,,https://iiif.dl.itc.u-tokyo.ac.jp/repo/iiif/d031aeaa-7e60-3027-1d9c-3b7487c37035/manifest,,,,,103
解剖攬要 11,カイボウ ランヨウ|Kaibo ranyo,古典籍コレクション [医学図書館],日本語,和古書,田口 和美,"タグチ, カズヨシ",田口和美,,1877.7-1882.5,1877-1882,"14冊, 19cm",請求記号: HR:86|和装,,,http://tify.sub.uni-goettingen.de/demo.html?manifest=https://archdataset.dl.itc.u-tokyo.ac.jp/manifest/cfb259cd-5827-1810-5afa-17d65239a751.json,cfb259cd-5827-1810-5afa-17d65239a751,https://iiif.dl.itc.u-tokyo.ac.jp/repo/s/medlib,https://iiif.dl.itc.u-tokyo.ac.jp/repo/s/medlib/document/cfb259cd-5827-1810-5afa-17d65239a751,https://www.lib.u-tokyo.ac.jp/ja/library/contents/archives-top/reuse,https://iiif.dl.itc.u-tokyo.ac.jp/repo/files/medium/6e8d07b47896cc67ad2df92222489fb0501496a7.jpg,https://iiif.dl.itc.u-tokyo.ac.jp/repo/api/items/1183359,"東京大学医学図書館 Medical Library, The University of Tokyo, JAPAN",http://iiif.io/api/presentation/2#rightToLeftDirection,,医学図書館デジタル史料室,211,,https://iiif.dl.itc.u-tokyo.ac.jp/repo/iiif/cfb259cd-5827-1810-5afa-17d65239a751/manifest,,,,,120
解剖攬要 12,カイボウ ランヨウ|Kaibo ranyo,古典籍コレクション [医学図書館],日本語,和古書,田口 和美,"タグチ, カズヨシ",田口和美,,1877.7-1882.5,1877-1882,"14冊, 19cm",請求記号: HR:86|和装,,,http://tify.sub.uni-goettingen.de/demo.html?manifest=https://archdataset.dl.itc.u-tokyo.ac.jp/manifest/f58ace5c-49a8-27c6-9c9a-284c03b2441d.json,f58ace5c-49a8-27c6-9c9a-284c03b2441d,https://iiif.dl.itc.u-tokyo.ac.jp/repo/s/medlib,https://iiif.dl.itc.u-tokyo.ac.jp/repo/s/medlib/document/f58ace5c-49a8-27c6-9c9a-284c03b2441d,https://www.lib.u-tokyo.ac.jp/ja/library/contents/archives-top/reuse,https://iiif.dl.itc.u-tokyo.ac.jp/repo/files/medium/235e10378743d0130f81d9c922fb0ef9619d3f53.jpg,https://iiif.dl.itc.u-tokyo.ac.jp/repo/api/items/1183360,"東京大学医学図書館 Medical Library, The University of Tokyo, JAPAN",http://iiif.io/api/presentation/2#rightToLeftDirection,,医学図書館デジタル史料室,212,,https://iiif.dl.itc.u-tokyo.ac.jp/repo/iiif/f58ace5c-49a8-27c6-9c9a-284c03b2441d/manifest,,,,,83
解剖攬要 13上,カイボウ ランヨウ|Kaibo ranyo,古典籍コレクション [医学図書館],日本語,和古書,田口 和美,"タグチ, カズヨシ",田口和美,,1877.7-1882.5,1877-1882,"14冊, 19cm",請求記号: HR:86|和装,,,http://tify.sub.uni-goettingen.de/demo.html?manifest=https://archdataset.dl.itc.u-tokyo.ac.jp/manifest/a6737d61-9d0f-67de-43a0-f861799325a8.json,a6737d61-9d0f-67de-43a0-f861799325a8,https://iiif.dl.itc.u-tokyo.ac.jp/repo/s/medlib,https://iiif.dl.itc.u-tokyo.ac.jp/repo/s/medlib/document/a6737d61-9d0f-67de-43a0-f861799325a8,https://www.lib.u-tokyo.ac.jp/ja/library/contents/archives-top/reuse,https://iiif.dl.itc.u-tokyo.ac.jp/repo/files/medium/5867f0239fac43f1d0f76a7e6456b7f0ad86e047.jpg,https://iiif.dl.itc.u-tokyo.ac.jp/repo/api/items/1183361,"東京大学医学図書館 Medical Library, The University of Tokyo, JAPAN",http://iiif.io/api/presentation/2#rightToLeftDirection,,医学図書館デジタル史料室,213,,https://iiif.dl.itc.u-tokyo.ac.jp/repo/iiif/a6737d61-9d0f-67de-43a0-f861799325a8/manifest,,,,,66
解剖攬要 13下,カイボウ ランヨウ|Kaibo ranyo,古典籍コレクション [医学図書館],日本語,和古書,田口 和美,"タグチ, カズヨシ",田口和美,,1877.7-1882.5,1877-1882,"14冊, 19cm",請求記号: HR:86|和装,,,http://tify.sub.uni-goettingen.de/demo.html?manifest=https://archdataset.dl.itc.u-tokyo.ac.jp/manifest/0d4616d9-3e08-5629-89fc-8ea249be660b.json,0d4616d9-3e08-5629-89fc-8ea249be660b,https://iiif.dl.itc.u-tokyo.ac.jp/repo/s/medlib,https://iiif.dl.itc.u-tokyo.ac.jp/repo/s/medlib/document/0d4616d9-3e08-5629-89fc-8ea249be660b,https://www.lib.u-tokyo.ac.jp/ja/library/contents/archives-top/reuse,https://iiif.dl.itc.u-tokyo.ac.jp/repo/files/medium/60db4d5d1f2223e678a1205c93f8fd7e585e369a.jpg,https://iiif.dl.itc.u-tokyo.ac.jp/repo/api/items/1183362,"東京大学医学図書館 Medical Library, The University of Tokyo, JAPAN",http://iiif.io/api/presentation/2#rightToLeftDirection,,医学図書館デジタル史料室,214,,https://iiif.dl.itc.u-tokyo.ac.jp/repo/iiif/0d4616d9-3e08-5629-89fc-8ea249be660b/manifest,,,,,92
布列私解剖圖 [圖],フレス シ カイボウ ズ|Furesu shi kaibo zu,古典籍コレクション [医学図書館],日本語,和古書,"Fles, Joseph Alexander著|中 定勝譯述","Fles, Joseph Alexander|ナカ, サダカツ",松田正助,,1872,1870,"2冊, 22cm","請求記号: HR:90|和装|圖: 折本1帖, 圖譜: 88丁|出版者は圖譜の奥付による|圖の扉に「思々齋藏版」とあり",,,http://tify.sub.uni-goettingen.de/demo.html?manifest=https://archdataset.dl.itc.u-tokyo.ac.jp/manifest/bd47da23-1d3d-54c8-5912-b1768352969b.json,bd47da23-1d3d-54c8-5912-b1768352969b,https://iiif.dl.itc.u-tokyo.ac.jp/repo/s/medlib,https://iiif.dl.itc.u-tokyo.ac.jp/repo/s/medlib/document/bd47da23-1d3d-54c8-5912-b1768352969b,https://www.lib.u-tokyo.ac.jp/ja/library/contents/archives-top/reuse,https://iiif.dl.itc.u-tokyo.ac.jp/repo/files/medium/f8dcf75e0cdcbeb853fbca31609a1307b2c69b37.jpg,https://iiif.dl.itc.u-tokyo.ac.jp/repo/api/items/1183363,"東京大学医学図書館 Medical Library, The University of Tokyo, JAPAN",http://iiif.io/api/presentation/2#rightToLeftDirection,,医学図書館デジタル史料室,215,,https://iiif.dl.itc.u-tokyo.ac.jp/repo/iiif/bd47da23-1d3d-54c8-5912-b1768352969b/manifest,,,,,91
布列私解剖圖 [圖譜],フレス シ カイボウ ズ|Furesu shi kaibo zu,古典籍コレクション [医学図書館],日本語,和古書,"Fles, Joseph Alexander著|中 定勝譯述","Fles, Joseph Alexander|ナカ, サダカツ",松田正助,,1872,1872,"2冊, 22cm","請求記号: HR:90|和装|圖: 折本1帖, 圖譜: 88丁|出版者は圖譜の奥付による|圖の扉に「思々齋藏版」とあり",,,http://tify.sub.uni-goettingen.de/demo.html?manifest=https://archdataset.dl.itc.u-tokyo.ac.jp/manifest/4273b241-a138-6c88-0123-371474092dc0.json,4273b241-a138-6c88-0123-371474092dc0,https://iiif.dl.itc.u-tokyo.ac.jp/repo/s/medlib,https://iiif.dl.itc.u-tokyo.ac.jp/repo/s/medlib/document/4273b241-a138-6c88-0123-371474092dc0,https://www.lib.u-tokyo.ac.jp/ja/library/contents/archives-top/reuse,https://iiif.dl.itc.u-tokyo.ac.jp/repo/files/medium/25fec318cbf1494def667d282f7ca8cbf8c2539e.jpg,https://iiif.dl.itc.u-tokyo.ac.jp/repo/api/items/1183364,"東京大学医学図書館 Medical Library, The University of Tokyo, JAPAN",http://iiif.io/api/presentation/2#rightToLeftDirection,,医学図書館デジタル史料室,216,,https://iiif.dl.itc.u-tokyo.ac.jp/repo/iiif/4273b241-a138-6c88-0123-371474092dc0/manifest,,,,,58
脚氣論,カッケロン|Kakkeron,古典籍コレクション [医学図書館],日本語,和古書,石黒 忠悳,"イシグロ, タダノリ",島村吉松,,1878.8,1878,23cm,"請求記号: HR:94|和装,袋綴本|思誠齊蔵梓",,,http://tify.sub.uni-goettingen.de/demo.html?manifest=https://archdataset.dl.itc.u-tokyo.ac.jp/manifest/fcd019e0-01ab-9b0c-02a5-3b32295b9cef.json,fcd019e0-01ab-9b0c-02a5-3b32295b9cef,https://iiif.dl.itc.u-tokyo.ac.jp/repo/s/medlib,https://iiif.dl.itc.u-tokyo.ac.jp/repo/s/medlib/document/fcd019e0-01ab-9b0c-02a5-3b32295b9cef,https://www.lib.u-tokyo.ac.jp/ja/library/contents/archives-top/reuse,https://iiif.dl.itc.u-tokyo.ac.jp/repo/files/medium/c2f8ef6d516a86afc1224358a74c259dc9eb89e2.jpg,https://iiif.dl.itc.u-tokyo.ac.jp/repo/api/items/1183365,"東京大学医学図書館 Medical Library, The University of Tokyo, JAPAN",http://iiif.io/api/presentation/2#rightToLeftDirection,,医学図書館デジタル史料室,217,,https://iiif.dl.itc.u-tokyo.ac.jp/repo/iiif/fcd019e0-01ab-9b0c-02a5-3b32295b9cef/manifest,,,,,35
廣惠濟急方 3巻 上卷,コウケイ サイキュウホウ|Kokei saikyuho,古典籍コレクション [医学図書館],日本語,和古書,多紀 元悳編輯|多紀元簡挍,"タキ, モトノリ|タキ, モトヤス",英大助|須原屋伊八|須原屋茂兵衞|山城屋佐兵衛|岡田屋嘉七,,寛政2 [1790] 跋,1790,"3冊, 26cm",請求記号: HR:115|版心の書名: 濟急方|見返しに「寛政元年開鐫」「躋壽館藏板」とあり|巻末に「江戸本石町十軒店萬笈堂英平吉郎蔵版醫書目録」を附す|印記: 「三浦領収之印」,,,http://tify.sub.uni-goettingen.de/demo.html?manifest=https://archdataset.dl.itc.u-tokyo.ac.jp/manifest/70daf1da-96f4-4e73-3423-70e5670f1f46.json,70daf1da-96f4-4e73-3423-70e5670f1f46,https://iiif.dl.itc.u-tokyo.ac.jp/repo/s/medlib,https://iiif.dl.itc.u-tokyo.ac.jp/repo/s/medlib/document/70daf1da-96f4-4e73-3423-70e5670f1f46,https://www.lib.u-tokyo.ac.jp/ja/library/contents/archives-top/reuse,https://iiif.dl.itc.u-tokyo.ac.jp/repo/files/medium/1c901749d21af9ebec69af564c15ae2347146918.jpg,https://iiif.dl.itc.u-tokyo.ac.jp/repo/api/items/1183366,"東京大学医学図書館 Medical Library, The University of Tokyo, JAPAN",http://iiif.io/api/presentation/2#rightToLeftDirection,,医学図書館デジタル史料室,218,,https://iiif.dl.itc.u-tokyo.ac.jp/repo/iiif/70daf1da-96f4-4e73-3423-70e5670f1f46/manifest,,,,,104
廣惠濟急方 3巻 中卷,コウケイ サイキュウホウ|Kokei saikyuho,古典籍コレクション [医学図書館],日本語,和古書,多紀 元悳編輯|多紀元簡挍,"タキ, モトノリ|タキ, モトヤス",英大助|須原屋伊八|須原屋茂兵衞|山城屋佐兵衛|岡田屋嘉七,,寛政2 [1790] 跋,1790,"3冊, 26cm",請求記号: HR:115|版心の書名: 濟急方|見返しに「寛政元年開鐫」「躋壽館藏板」とあり|巻末に「江戸本石町十軒店萬笈堂英平吉郎蔵版醫書目録」を附す|印記: 「三浦領収之印」,,,http://tify.sub.uni-goettingen.de/demo.html?manifest=https://archdataset.dl.itc.u-tokyo.ac.jp/manifest/5e631c80-916a-61c0-4eb1-df3692298baa.json,5e631c80-916a-61c0-4eb1-df3692298baa,https://iiif.dl.itc.u-tokyo.ac.jp/repo/s/medlib,https://iiif.dl.itc.u-tokyo.ac.jp/repo/s/medlib/document/5e631c80-916a-61c0-4eb1-df3692298baa,https://www.lib.u-tokyo.ac.jp/ja/library/contents/archives-top/reuse,https://iiif.dl.itc.u-tokyo.ac.jp/repo/files/medium/530391b02e064c5db344b8831a626d9636f4f297.jpg,https://iiif.dl.itc.u-tokyo.ac.jp/repo/api/items/1183367,"東京大学医学図書館 Medical Library, The University of Tokyo, JAPAN",http://iiif.io/api/presentation/2#rightToLeftDirection,,医学図書館デジタル史料室,219,,https://iiif.dl.itc.u-tokyo.ac.jp/repo/iiif/5e631c80-916a-61c0-4eb1-df3692298baa/manifest,,,,,101
廣惠濟急方 3巻 下卷,コウケイ サイキュウホウ|Kokei saikyuho,古典籍コレクション [医学図書館],日本語,和古書,多紀 元悳編輯|多紀元簡挍,"タキ, モトノリ|タキ, モトヤス",英大助|須原屋伊八|須原屋茂兵衞|山城屋佐兵衛|岡田屋嘉七,,寛政2 [1790] 跋,1790,"3冊, 26cm",請求記号: HR:115|版心の書名: 濟急方|見返しに「寛政元年開鐫」「躋壽館藏板」とあり|巻末に「江戸本石町十軒店萬笈堂英平吉郎蔵版醫書目録」を附す|印記: 「三浦領収之印」,,,http://tify.sub.uni-goettingen.de/demo.html?manifest=https://archdataset.dl.itc.u-tokyo.ac.jp/manifest/1783dca2-129c-2187-4289-e801e2b71603.json,1783dca2-129c-2187-4289-e801e2b71603,https://iiif.dl.itc.u-tokyo.ac.jp/repo/s/medlib,https://iiif.dl.itc.u-tokyo.ac.jp/repo/s/medlib/document/1783dca2-129c-2187-4289-e801e2b71603,https://www.lib.u-tokyo.ac.jp/ja/library/contents/archives-top/reuse,https://iiif.dl.itc.u-tokyo.ac.jp/repo/files/medium/6f9c71bc82ea8b1d8d2112d280e28e9ee1353bdd.jpg,https://iiif.dl.itc.u-tokyo.ac.jp/repo/api/items/1183368,"東京大学医学図書館 Medical Library, The University of Tokyo, JAPAN",http://iiif.io/api/presentation/2#rightToLeftDirection,,医学図書館デジタル史料室,220,,https://iiif.dl.itc.u-tokyo.ac.jp/repo/iiif/1783dca2-129c-2187-4289-e801e2b71603/manifest,,,,,106
七新藥 3巻 上巻,シチシンヤク|Shichishinyaku,古典籍コレクション [医学図書館],日本語,和古書,司馬 凌海著|関 寛斎校,"シバ, リョウカイ|セキ, カンサイ",秋田屋太右衛門,,文久2 [1862],1862,"3冊, 24cm","請求記号: HR:138-2|見返しに「文久二壬戌孟春新雕」「尚新堂藏」とあり|版心下部に「尚新堂藏」とあり|印記: 「(糸印)」,「三浦領収之印」",,,http://tify.sub.uni-goettingen.de/demo.html?manifest=https://archdataset.dl.itc.u-tokyo.ac.jp/manifest/d8ce3331-2f39-2df8-36a8-2627054d6b68.json,d8ce3331-2f39-2df8-36a8-2627054d6b68,https://iiif.dl.itc.u-tokyo.ac.jp/repo/s/medlib,https://iiif.dl.itc.u-tokyo.ac.jp/repo/s/medlib/document/d8ce3331-2f39-2df8-36a8-2627054d6b68,https://www.lib.u-tokyo.ac.jp/ja/library/contents/archives-top/reuse,https://iiif.dl.itc.u-tokyo.ac.jp/repo/files/medium/a98831ab974a77693d98d18b6cd8b72e0062cc0c.jpg,https://iiif.dl.itc.u-tokyo.ac.jp/repo/api/items/1183369,"東京大学医学図書館 Medical Library, The University of Tokyo, JAPAN",http://iiif.io/api/presentation/2#rightToLeftDirection,,医学図書館デジタル史料室,221,,https://iiif.dl.itc.u-tokyo.ac.jp/repo/iiif/d8ce3331-2f39-2df8-36a8-2627054d6b68/manifest,,,,,48
七新藥 3巻 中巻,シチシンヤク|Shichishinyaku,古典籍コレクション [医学図書館],日本語,和古書,司馬 凌海著|関 寛斎校,"シバ, リョウカイ|セキ, カンサイ",秋田屋太右衛門,,文久2 [1862],1862,"3冊, 24cm","請求記号: HR:138-2|見返しに「文久二壬戌孟春新雕」「尚新堂藏」とあり|版心下部に「尚新堂藏」とあり|印記: 「(糸印)」,「三浦領収之印」",,,http://tify.sub.uni-goettingen.de/demo.html?manifest=https://archdataset.dl.itc.u-tokyo.ac.jp/manifest/c26dfae3-8339-1972-1b43-18e9c9176ac5.json,c26dfae3-8339-1972-1b43-18e9c9176ac5,https://iiif.dl.itc.u-tokyo.ac.jp/repo/s/medlib,https://iiif.dl.itc.u-tokyo.ac.jp/repo/s/medlib/document/c26dfae3-8339-1972-1b43-18e9c9176ac5,https://www.lib.u-tokyo.ac.jp/ja/library/contents/archives-top/reuse,https://iiif.dl.itc.u-tokyo.ac.jp/repo/files/medium/774a0fdb6510f4f7f8c4ad071cfe4fbef9f3ac34.jpg,https://iiif.dl.itc.u-tokyo.ac.jp/repo/api/items/1183370,"東京大学医学図書館 Medical Library, The University of Tokyo, JAPAN",http://iiif.io/api/presentation/2#rightToLeftDirection,,医学図書館デジタル史料室,222,,https://iiif.dl.itc.u-tokyo.ac.jp/repo/iiif/c26dfae3-8339-1972-1b43-18e9c9176ac5/manifest,,,,,56
七新藥 3巻 下巻,シチシンヤク|Shichishinyaku,古典籍コレクション [医学図書館],日本語,和古書,司馬 凌海著|関 寛斎校,"シバ, リョウカイ|セキ, カンサイ",秋田屋太右衛門,,文久2 [1862],1862,"3冊, 24cm","請求記号: HR:138-2|見返しに「文久二壬戌孟春新雕」「尚新堂藏」とあり|版心下部に「尚新堂藏」とあり|印記: 「(糸印)」,「三浦領収之印」",,,http://tify.sub.uni-goettingen.de/demo.html?manifest=https://archdataset.dl.itc.u-tokyo.ac.jp/manifest/de7707e6-7b84-4e16-8376-62ab5e29448f.json,de7707e6-7b84-4e16-8376-62ab5e29448f,https://iiif.dl.itc.u-tokyo.ac.jp/repo/s/medlib,https://iiif.dl.itc.u-tokyo.ac.jp/repo/s/medlib/document/de7707e6-7b84-4e16-8376-62ab5e29448f,https://www.lib.u-tokyo.ac.jp/ja/library/contents/archives-top/reuse,https://iiif.dl.itc.u-tokyo.ac.jp/repo/files/medium/c663b7343f034deb2586f618fce51edd7774614f.jpg,https://iiif.dl.itc.u-tokyo.ac.jp/repo/api/items/1183371,"東京大学医学図書館 Medical Library, The University of Tokyo, JAPAN",http://iiif.io/api/presentation/2#rightToLeftDirection,,医学図書館デジタル史料室,223,,https://iiif.dl.itc.u-tokyo.ac.jp/repo/iiif/de7707e6-7b84-4e16-8376-62ab5e29448f/manifest,,,,,38
醫學質驗五種産科發蒙 6巻 1巻,イガク シツケン ゴシュ サンカ ハツモウ|Igaku shitsuken goshu sanka hatsumo,古典籍コレクション [医学図書館],日本語,和古書,"片倉 鶴陵著|源 周碩, 谷井敬英, 伊達周禎同校|今村長順, 谷井敬英, 伊達周禎仝校(4-6巻)","カタクラ, カクリョウ|ミナモト, シュウセキ タニイ, ノリヒデ ダテ, シュウテイ イマムラ, ナガヨリ",和泉屋金右衛門|須原屋伊八|須原屋茂兵衛,,文政5 [1822] 像賛,1822,"4冊, 26cm","請求記号: HR:164|巻尾及び序の書名: 産科發蒙|序の書名: 治産外科|見返し及び題簽の書名: 醫學質驗義集産科發蒙|版心の書名: 醫學質驗産科發蒙|4-6巻: 今村長順, 谷井敬英, 伊達周禎仝校|見返しに「江戸書林 玉巖堂發行」とあり(「江都横山街玉巖堂精選古今書籍發兌」の朱印あり)|版心下部に「靜儉堂」とあり|奥付に「寛政十一年己未夏五月」とあり|四周単辺有界9行22字、単魚尾|訓点付|巻末に「玉巖堂藏梓目録」(和泉屋金右衛門)を附す|『醫學質驗』義集|印記: 「□田氏藏書印」",,産科發蒙,http://tify.sub.uni-goettingen.de/demo.html?manifest=https://archdataset.dl.itc.u-tokyo.ac.jp/manifest/6edbf2d8-9f3f-9e1a-1890-afd8e60223a0.json,6edbf2d8-9f3f-9e1a-1890-afd8e60223a0,https://iiif.dl.itc.u-tokyo.ac.jp/repo/s/medlib,https://iiif.dl.itc.u-tokyo.ac.jp/repo/s/medlib/document/6edbf2d8-9f3f-9e1a-1890-afd8e60223a0,https://www.lib.u-tokyo.ac.jp/ja/library/contents/archives-top/reuse,https://iiif.dl.itc.u-tokyo.ac.jp/repo/files/medium/2ef3f41aa6ebc492827cf701a8429861e321440c.jpg,https://iiif.dl.itc.u-tokyo.ac.jp/repo/api/items/1183372,"東京大学医学図書館 Medical Library, The University of Tokyo, JAPAN",http://iiif.io/api/presentation/2#rightToLeftDirection,,医学図書館デジタル史料室,224,,https://iiif.dl.itc.u-tokyo.ac.jp/repo/iiif/6edbf2d8-9f3f-9e1a-1890-afd8e60223a0/manifest,,,,,40
醫學質驗五種産科發蒙 6巻 2-3巻,イガク シツケン ゴシュ サンカ ハツモウ|Igaku shitsuken goshu sanka hatsumo,古典籍コレクション [医学図書館],日本語,和古書,"片倉 鶴陵著|源 周碩, 谷井敬英, 伊達周禎同校|今村長順, 谷井敬英, 伊達周禎仝校(4-7巻)","カタクラ, カクリョウ|ミナモト, シュウセキ タニイ, ノリヒデ ダテ, シュウテイ イマムラ, ナガヨリ",和泉屋金右衛門|須原屋伊八|須原屋茂兵衛,,文政5 [1822] 像賛,1822,"4冊, 26cm","請求記号: HR:164|巻尾及び序の書名: 産科發蒙|序の書名: 治産外科|見返し及び題簽の書名: 醫學質驗義集産科發蒙|版心の書名: 醫學質驗産科發蒙|4-6巻: 今村長順, 谷井敬英, 伊達周禎仝校|見返しに「江戸書林 玉巖堂發行」とあり(「江都横山街玉巖堂精選古今書籍發兌」の朱印あり)|版心下部に「靜儉堂」とあり|奥付に「寛政十一年己未夏五月」とあり|四周単辺有界9行22字、単魚尾|訓点付|巻末に「玉巖堂藏梓目録」(和泉屋金右衛門)を附す|『醫學質驗』義集|印記: 「□田氏藏書印」",,産科發蒙,http://tify.sub.uni-goettingen.de/demo.html?manifest=https://archdataset.dl.itc.u-tokyo.ac.jp/manifest/c01de1fb-5036-5c65-75d6-856b22513b2a.json,c01de1fb-5036-5c65-75d6-856b22513b2a,https://iiif.dl.itc.u-tokyo.ac.jp/repo/s/medlib,https://iiif.dl.itc.u-tokyo.ac.jp/repo/s/medlib/document/c01de1fb-5036-5c65-75d6-856b22513b2a,https://www.lib.u-tokyo.ac.jp/ja/library/contents/archives-top/reuse,https://iiif.dl.itc.u-tokyo.ac.jp/repo/files/medium/f03687fc9f62423bbe684441171db5ff0e901ea1.jpg,https://iiif.dl.itc.u-tokyo.ac.jp/repo/api/items/1183373,"東京大学医学図書館 Medical Library, The University of Tokyo, JAPAN",http://iiif.io/api/presentation/2#rightToLeftDirection,,医学図書館デジタル史料室,225,,https://iiif.dl.itc.u-tokyo.ac.jp/repo/iiif/c01de1fb-5036-5c65-75d6-856b22513b2a/manifest,,,,,66
醫學質驗五種産科發蒙 6巻 4巻,イガク シツケン ゴシュ サンカ ハツモウ|Igaku shitsuken goshu sanka hatsumo,古典籍コレクション [医学図書館],日本語,和古書,"片倉 鶴陵著|源 周碩, 谷井敬英, 伊達周禎同校|今村長順, 谷井敬英, 伊達周禎仝校(4-8巻)","カタクラ, カクリョウ|ミナモト, シュウセキ タニイ, ノリヒデ ダテ, シュウテイ イマムラ, ナガヨリ",和泉屋金右衛門|須原屋伊八|須原屋茂兵衛,,文政5 [1822] 像賛,1822,"4冊, 26cm","請求記号: HR:164|巻尾及び序の書名: 産科發蒙|序の書名: 治産外科|見返し及び題簽の書名: 醫學質驗義集産科發蒙|版心の書名: 醫學質驗産科發蒙|4-6巻: 今村長順, 谷井敬英, 伊達周禎仝校|見返しに「江戸書林 玉巖堂發行」とあり(「江都横山街玉巖堂精選古今書籍發兌」の朱印あり)|版心下部に「靜儉堂」とあり|奥付に「寛政十一年己未夏五月」とあり|四周単辺有界9行22字、単魚尾|訓点付|巻末に「玉巖堂藏梓目録」(和泉屋金右衛門)を附す|『醫學質驗』義集|印記: 「□田氏藏書印」",,産科發蒙,http://tify.sub.uni-goettingen.de/demo.html?manifest=https://archdataset.dl.itc.u-tokyo.ac.jp/manifest/eb0e0dc2-2e24-5209-3424-ac9e98ed5917.json,eb0e0dc2-2e24-5209-3424-ac9e98ed5917,https://iiif.dl.itc.u-tokyo.ac.jp/repo/s/medlib,https://iiif.dl.itc.u-tokyo.ac.jp/repo/s/medlib/document/eb0e0dc2-2e24-5209-3424-ac9e98ed5917,https://www.lib.u-tokyo.ac.jp/ja/library/contents/archives-top/reuse,https://iiif.dl.itc.u-tokyo.ac.jp/repo/files/medium/27734244f18ca8daa207ed121077319d6aabba20.jpg,https://iiif.dl.itc.u-tokyo.ac.jp/repo/api/items/1183374,"東京大学医学図書館 Medical Library, The University of Tokyo, JAPAN",http://iiif.io/api/presentation/2#rightToLeftDirection,,医学図書館デジタル史料室,226,,https://iiif.dl.itc.u-tokyo.ac.jp/repo/iiif/eb0e0dc2-2e24-5209-3424-ac9e98ed5917/manifest,,,,,42
醫學質驗五種産科發蒙 6巻 5-6巻,イガク シツケン ゴシュ サンカ ハツモウ|Igaku shitsuken goshu sanka hatsumo,古典籍コレクション [医学図書館],日本語,和古書,"片倉 鶴陵著|源 周碩, 谷井敬英, 伊達周禎同校|今村長順, 谷井敬英, 伊達周禎仝校(4-9巻)","カタクラ, カクリョウ|ミナモト, シュウセキ タニイ, ノリヒデ ダテ, シュウテイ イマムラ, ナガヨリ",和泉屋金右衛門|須原屋伊八|須原屋茂兵衛,,文政5 [1822] 像賛,1822,"4冊, 26cm","請求記号: HR:164|巻尾及び序の書名: 産科發蒙|序の書名: 治産外科|見返し及び題簽の書名: 醫學質驗義集産科發蒙|版心の書名: 醫學質驗産科發蒙|4-6巻: 今村長順, 谷井敬英, 伊達周禎仝校|見返しに「江戸書林 玉巖堂發行」とあり(「江都横山街玉巖堂精選古今書籍發兌」の朱印あり)|版心下部に「靜儉堂」とあり|奥付に「寛政十一年己未夏五月」とあり|四周単辺有界9行22字、単魚尾|訓点付|巻末に「玉巖堂藏梓目録」(和泉屋金右衛門)を附す|『醫學質驗』義集|印記: 「□田氏藏書印」",,産科發蒙,http://tify.sub.uni-goettingen.de/demo.html?manifest=https://archdataset.dl.itc.u-tokyo.ac.jp/manifest/84397c02-3b19-3c95-185f-a389a6bd9b67.json,84397c02-3b19-3c95-185f-a389a6bd9b67,https://iiif.dl.itc.u-tokyo.ac.jp/repo/s/medlib,https://iiif.dl.itc.u-tokyo.ac.jp/repo/s/medlib/document/84397c02-3b19-3c95-185f-a389a6bd9b67,https://www.lib.u-tokyo.ac.jp/ja/library/contents/archives-top/reuse,https://iiif.dl.itc.u-tokyo.ac.jp/repo/files/medium/ccd4ece368494249f810ed9f6bb411ef2d4fbfb6.jpg,https://iiif.dl.itc.u-tokyo.ac.jp/repo/api/items/1183375,"東京大学医学図書館 Medical Library, The University of Tokyo, JAPAN",http://iiif.io/api/presentation/2#rightToLeftDirection,,医学図書館デジタル史料室,227,,https://iiif.dl.itc.u-tokyo.ac.jp/repo/iiif/84397c02-3b19-3c95-185f-a389a6bd9b67/manifest,,,,,78
痘疹百死形状傳 ; 痘疹治術傳,トウシン ヒャクシ ケイジョウデン ; トウシン チジュツデン|Toshin hyakushi keijoden ; toshin chijutsuden,古典籍コレクション [医学図書館],日本語,和古書,独立性易|池田正直挍正|池田瑞僊再挍,ドクリュウ ショウエキ|イケダ セイチョク|イケダ ズイセン,[書写者不明],,[書写年不明],,24cm,請求記号: HR:216|写本|『痘疹百死形状傳』の巻尾の書名: 痘疹百死傳并附録|印記: 「端氏藏書記」|書き入れあり,,,http://tify.sub.uni-goettingen.de/demo.html?manifest=https://archdataset.dl.itc.u-tokyo.ac.jp/manifest/06173ea0-4b13-1188-8730-5f1ca66e0ba2.json,06173ea0-4b13-1188-8730-5f1ca66e0ba2,https://iiif.dl.itc.u-tokyo.ac.jp/repo/s/medlib,https://iiif.dl.itc.u-tokyo.ac.jp/repo/s/medlib/document/06173ea0-4b13-1188-8730-5f1ca66e0ba2,https://www.lib.u-tokyo.ac.jp/ja/library/contents/archives-top/reuse,https://iiif.dl.itc.u-tokyo.ac.jp/repo/files/medium/625a7b975710183e503ac7e7e6c2107ab6808248.jpg,https://iiif.dl.itc.u-tokyo.ac.jp/repo/api/items/1183376,"東京大学医学図書館 Medical Library, The University of Tokyo, JAPAN",http://iiif.io/api/presentation/2#rightToLeftDirection,,医学図書館デジタル史料室,228,,https://iiif.dl.itc.u-tokyo.ac.jp/repo/iiif/06173ea0-4b13-1188-8730-5f1ca66e0ba2/manifest,,,,,36
導窾私録 3巻 巻之上,ドウカン シロク|Dokan shiroku,古典籍コレクション [医学図書館],日本語,和古書,"小出 君徳著|小出 君徳, 小出 近義, 森川 信卿, 山田 俊碩同校","コイデ, クントク|コイデ, キンギ モリカワ, シンケイ ヤマダ, シュンセキ",[出版者不明],,天保10 [1839],1839,"3冊, 24cm",請求記号: HR:238|見返しに「天保己亥冬新鍥」「浪華 三書堂合梓」とあり|多色刷り,,,http://tify.sub.uni-goettingen.de/demo.html?manifest=https://archdataset.dl.itc.u-tokyo.ac.jp/manifest/773f95e4-1c48-09ca-5bdb-93676010951d.json,773f95e4-1c48-09ca-5bdb-93676010951d,https://iiif.dl.itc.u-tokyo.ac.jp/repo/s/medlib,https://iiif.dl.itc.u-tokyo.ac.jp/repo/s/medlib/document/773f95e4-1c48-09ca-5bdb-93676010951d,https://www.lib.u-tokyo.ac.jp/ja/library/contents/archives-top/reuse,https://iiif.dl.itc.u-tokyo.ac.jp/repo/files/medium/a5929beef2df205efada418542ef350c44817076.jpg,https://iiif.dl.itc.u-tokyo.ac.jp/repo/api/items/1183377,"東京大学医学図書館 Medical Library, The University of Tokyo, JAPAN",http://iiif.io/api/presentation/2#rightToLeftDirection,,医学図書館デジタル史料室,229,,https://iiif.dl.itc.u-tokyo.ac.jp/repo/iiif/773f95e4-1c48-09ca-5bdb-93676010951d/manifest,,,,,31
導窾私録 3巻 巻之中,ドウカン シロク|Dokan shiroku,古典籍コレクション [医学図書館],日本語,和古書,"小出 君徳著|小出 君徳, 小出 近義, 森川 信卿, 山田 俊碩同校","コイデ, クントク|コイデ, キンギ モリカワ, シンケイ ヤマダ, シュンセキ",[出版者不明],,天保10 [1839],1839,"3冊, 24cm",請求記号: HR:238|見返しに「天保己亥冬新鍥」「浪華 三書堂合梓」とあり|多色刷り,,,http://tify.sub.uni-goettingen.de/demo.html?manifest=https://archdataset.dl.itc.u-tokyo.ac.jp/manifest/3e52657b-69cc-4aa9-5a95-30bed0348254.json,3e52657b-69cc-4aa9-5a95-30bed0348254,https://iiif.dl.itc.u-tokyo.ac.jp/repo/s/medlib,https://iiif.dl.itc.u-tokyo.ac.jp/repo/s/medlib/document/3e52657b-69cc-4aa9-5a95-30bed0348254,https://www.lib.u-tokyo.ac.jp/ja/library/contents/archives-top/reuse,https://iiif.dl.itc.u-tokyo.ac.jp/repo/files/medium/65e36347e7bc856160eadc0152cc844bb9d085e5.jpg,https://iiif.dl.itc.u-tokyo.ac.jp/repo/api/items/1183378,"東京大学医学図書館 Medical Library, The University of Tokyo, JAPAN",http://iiif.io/api/presentation/2#rightToLeftDirection,,医学図書館デジタル史料室,230,,https://iiif.dl.itc.u-tokyo.ac.jp/repo/iiif/3e52657b-69cc-4aa9-5a95-30bed0348254/manifest,,,,,39
導窾私録 3巻 巻之下,ドウカン シロク|Dokan shiroku,古典籍コレクション [医学図書館],日本語,和古書,"小出 君徳著|小出 君徳, 小出 近義, 森川 信卿, 山田 俊碩同校","コイデ, クントク|コイデ, キンギ モリカワ, シンケイ ヤマダ, シュンセキ",[出版者不明],,天保10 [1839],1839,"3冊, 24cm",請求記号: HR:238|見返しに「天保己亥冬新鍥」「浪華 三書堂合梓」とあり|多色刷り,,,http://tify.sub.uni-goettingen.de/demo.html?manifest=https://archdataset.dl.itc.u-tokyo.ac.jp/manifest/452d393c-4995-97aa-1e4d-791b54030214.json,452d393c-4995-97aa-1e4d-791b54030214,https://iiif.dl.itc.u-tokyo.ac.jp/repo/s/medlib,https://iiif.dl.itc.u-tokyo.ac.jp/repo/s/medlib/document/452d393c-4995-97aa-1e4d-791b54030214,https://www.lib.u-tokyo.ac.jp/ja/library/contents/archives-top/reuse,https://iiif.dl.itc.u-tokyo.ac.jp/repo/files/medium/4f8afa520df2ed87d50cb6af313d32ab1815e6e3.jpg,https://iiif.dl.itc.u-tokyo.ac.jp/repo/api/items/1183379,"東京大学医学図書館 Medical Library, The University of Tokyo, JAPAN",http://iiif.io/api/presentation/2#rightToLeftDirection,,医学図書館デジタル史料室,231,,https://iiif.dl.itc.u-tokyo.ac.jp/repo/iiif/452d393c-4995-97aa-1e4d-791b54030214/manifest,,,,,36
解體新書 4巻圖1巻 圖,カイタイ シンショ|Kaitai shinsho,古典籍コレクション [医学図書館],日本語,和古書,"Kulmus, Johann Adam著|杉田 玄白譯|中川 淳庵校|石川 玄常参|桂川 甫周閲|小田野 直武画","Kulmus, Johann Adam|スギタ, ゲンパク|ナカガワ, ジュンアン|イシカワ, ゲンジョウ|カツラガワ, ホシュウ|オダノ, ナオタケ",須原屋市兵衞,,安永3 [1774],1774,"5冊, 27cm","請求記号: HR:260|圖の扉に「咊柬飜譯」「天眞樓」とあり|帙入り|四周単辺無界10行17字、単魚尾|訓点付|印記: 「三宿文庫」,「藤志」|圖の裏見返しに「明治廿四年五月求之 此主佐藤氏」と墨書あり|卷之4の裏見返しに「菊川文輔」と墨書あり|書き入れあり",,,http://tify.sub.uni-goettingen.de/demo.html?manifest=https://archdataset.dl.itc.u-tokyo.ac.jp/manifest/204fa79e-1730-8fca-7123-d20df02e49d9.json,204fa79e-1730-8fca-7123-d20df02e49d9,https://iiif.dl.itc.u-tokyo.ac.jp/repo/s/medlib,https://iiif.dl.itc.u-tokyo.ac.jp/repo/s/medlib/document/204fa79e-1730-8fca-7123-d20df02e49d9,https://www.lib.u-tokyo.ac.jp/ja/library/contents/archives-top/reuse,https://iiif.dl.itc.u-tokyo.ac.jp/repo/files/medium/a2761971db8a6a7f4663c54e72fd227744ea515f.jpg,https://iiif.dl.itc.u-tokyo.ac.jp/repo/api/items/1183380,"東京大学医学図書館 Medical Library, The University of Tokyo, JAPAN",http://iiif.io/api/presentation/2#rightToLeftDirection,,医学図書館デジタル史料室,232,,https://iiif.dl.itc.u-tokyo.ac.jp/repo/iiif/204fa79e-1730-8fca-7123-d20df02e49d9/manifest,,,,,42
解體新書 4巻圖1巻 卷之1,カイタイ シンショ|Kaitai shinsho,古典籍コレクション [医学図書館],日本語,和古書,"Kulmus, Johann Adam著|杉田 玄白譯|中川 淳庵校|石川 玄常参|桂川 甫周閲|小田野 直武画","Kulmus, Johann Adam|スギタ, ゲンパク|ナカガワ, ジュンアン|イシカワ, ゲンジョウ|カツラガワ, ホシュウ|オダノ, ナオタケ",須原屋市兵衞,,安永3 [1774],1774,"5冊, 27cm","請求記号: HR:260|圖の扉に「咊柬飜譯」「天眞樓」とあり|帙入り|四周単辺無界10行17字、単魚尾|訓点付|印記: 「三宿文庫」,「藤志」|圖の裏見返しに「明治廿四年五月求之 此主佐藤氏」と墨書あり|卷之4の裏見返しに「菊川文輔」と墨書あり|書き入れあり",,,http://tify.sub.uni-goettingen.de/demo.html?manifest=https://archdataset.dl.itc.u-tokyo.ac.jp/manifest/bc9de0ac-52b5-7cd0-635e-0ff798106cb7.json,bc9de0ac-52b5-7cd0-635e-0ff798106cb7,https://iiif.dl.itc.u-tokyo.ac.jp/repo/s/medlib,https://iiif.dl.itc.u-tokyo.ac.jp/repo/s/medlib/document/bc9de0ac-52b5-7cd0-635e-0ff798106cb7,https://www.lib.u-tokyo.ac.jp/ja/library/contents/archives-top/reuse,https://iiif.dl.itc.u-tokyo.ac.jp/repo/files/medium/c1eeba516a30e41549e992218e4cd24f6bc65a96.jpg,https://iiif.dl.itc.u-tokyo.ac.jp/repo/api/items/1183381,"東京大学医学図書館 Medical Library, The University of Tokyo, JAPAN",http://iiif.io/api/presentation/2#rightToLeftDirection,,医学図書館デジタル史料室,233,,https://iiif.dl.itc.u-tokyo.ac.jp/repo/iiif/bc9de0ac-52b5-7cd0-635e-0ff798106cb7/manifest,,,,,26
解體新書 4巻圖1巻 卷之2,カイタイ シンショ|Kaitai shinsho,古典籍コレクション [医学図書館],日本語,和古書,"Kulmus, Johann Adam著|杉田 玄白譯|中川 淳庵校|石川 玄常参|桂川 甫周閲|小田野 直武画","Kulmus, Johann Adam|スギタ, ゲンパク|ナカガワ, ジュンアン|イシカワ, ゲンジョウ|カツラガワ, ホシュウ|オダノ, ナオタケ",須原屋市兵衞,,安永3 [1774],1774,"5冊, 27cm","請求記号: HR:260|圖の扉に「咊柬飜譯」「天眞樓」とあり|帙入り|四周単辺無界10行17字、単魚尾|訓点付|印記: 「三宿文庫」,「藤志」|圖の裏見返しに「明治廿四年五月求之 此主佐藤氏」と墨書あり|卷之4の裏見返しに「菊川文輔」と墨書あり|書き入れあり",,,http://tify.sub.uni-goettingen.de/demo.html?manifest=https://archdataset.dl.itc.u-tokyo.ac.jp/manifest/87e19453-1a26-2134-5618-858a65d031fd.json,87e19453-1a26-2134-5618-858a65d031fd,https://iiif.dl.itc.u-tokyo.ac.jp/repo/s/medlib,https://iiif.dl.itc.u-tokyo.ac.jp/repo/s/medlib/document/87e19453-1a26-2134-5618-858a65d031fd,https://www.lib.u-tokyo.ac.jp/ja/library/contents/archives-top/reuse,https://iiif.dl.itc.u-tokyo.ac.jp/repo/files/medium/f6100cc7721516a26817cd3681175ee43e13b23e.jpg,https://iiif.dl.itc.u-tokyo.ac.jp/repo/api/items/1183382,"東京大学医学図書館 Medical Library, The University of Tokyo, JAPAN",http://iiif.io/api/presentation/2#rightToLeftDirection,,医学図書館デジタル史料室,234,,https://iiif.dl.itc.u-tokyo.ac.jp/repo/iiif/87e19453-1a26-2134-5618-858a65d031fd/manifest,,,,,26
解體新書 4巻圖1巻 卷之3,カイタイ シンショ|Kaitai shinsho,古典籍コレクション [医学図書館],日本語,和古書,"Kulmus, Johann Adam著|杉田 玄白譯|中川 淳庵校|石川 玄常参|桂川 甫周閲|小田野 直武画","Kulmus, Johann Adam|スギタ, ゲンパク|ナカガワ, ジュンアン|イシカワ, ゲンジョウ|カツラガワ, ホシュウ|オダノ, ナオタケ",須原屋市兵衞,,安永3 [1774],1774,"5冊, 27cm","請求記号: HR:260|圖の扉に「咊柬飜譯」「天眞樓」とあり|帙入り|四周単辺無界10行17字、単魚尾|訓点付|印記: 「三宿文庫」,「藤志」|圖の裏見返しに「明治廿四年五月求之 此主佐藤氏」と墨書あり|卷之4の裏見返しに「菊川文輔」と墨書あり|書き入れあり",,,http://tify.sub.uni-goettingen.de/demo.html?manifest=https://archdataset.dl.itc.u-tokyo.ac.jp/manifest/16aab2ad-6f1e-05e7-27a6-2f25a34f2666.json,16aab2ad-6f1e-05e7-27a6-2f25a34f2666,https://iiif.dl.itc.u-tokyo.ac.jp/repo/s/medlib,https://iiif.dl.itc.u-tokyo.ac.jp/repo/s/medlib/document/16aab2ad-6f1e-05e7-27a6-2f25a34f2666,https://www.lib.u-tokyo.ac.jp/ja/library/contents/archives-top/reuse,https://iiif.dl.itc.u-tokyo.ac.jp/repo/files/medium/f6c69a7db27481078f920ddb59356f1558eddfb2.jpg,https://iiif.dl.itc.u-tokyo.ac.jp/repo/api/items/1183383,"東京大学医学図書館 Medical Library, The University of Tokyo, JAPAN",http://iiif.io/api/presentation/2#rightToLeftDirection,,医学図書館デジタル史料室,235,,https://iiif.dl.itc.u-tokyo.ac.jp/repo/iiif/16aab2ad-6f1e-05e7-27a6-2f25a34f2666/manifest,,,,,27
解體新書 4巻圖1巻 卷之4,カイタイ シンショ|Kaitai shinsho,古典籍コレクション [医学図書館],日本語,和古書,"Kulmus, Johann Adam著|杉田 玄白譯|中川 淳庵校|石川 玄常参|桂川 甫周閲|小田野 直武画","Kulmus, Johann Adam|スギタ, ゲンパク|ナカガワ, ジュンアン|イシカワ, ゲンジョウ|カツラガワ, ホシュウ|オダノ, ナオタケ",須原屋市兵衞,,安永3 [1774],1774,"5冊, 27cm","請求記号: HR:260|圖の扉に「咊柬飜譯」「天眞樓」とあり|帙入り|四周単辺無界10行17字、単魚尾|訓点付|印記: 「三宿文庫」,「藤志」|圖の裏見返しに「明治廿四年五月求之 此主佐藤氏」と墨書あり|卷之4の裏見返しに「菊川文輔」と墨書あり|書き入れあり",,,http://tify.sub.uni-goettingen.de/demo.html?manifest=https://archdataset.dl.itc.u-tokyo.ac.jp/manifest/f998c9b1-35e2-4918-98f8-7ec06e404e75.json,f998c9b1-35e2-4918-98f8-7ec06e404e75,https://iiif.dl.itc.u-tokyo.ac.jp/repo/s/medlib,https://iiif.dl.itc.u-tokyo.ac.jp/repo/s/medlib/document/f998c9b1-35e2-4918-98f8-7ec06e404e75,https://www.lib.u-tokyo.ac.jp/ja/library/contents/archives-top/reuse,https://iiif.dl.itc.u-tokyo.ac.jp/repo/files/medium/f33b6b504448c3f3e41f9d29aefd6b62424ffd2d.jpg,https://iiif.dl.itc.u-tokyo.ac.jp/repo/api/items/1183384,"東京大学医学図書館 Medical Library, The University of Tokyo, JAPAN",http://iiif.io/api/presentation/2#rightToLeftDirection,,医学図書館デジタル史料室,236,,https://iiif.dl.itc.u-tokyo.ac.jp/repo/iiif/f998c9b1-35e2-4918-98f8-7ec06e404e75/manifest,,,,,29
解體新書 4巻圖1巻 圖,カイタイ シンショ|Kaitai shinsho,古典籍コレクション [医学図書館],日本語,和古書,"Kulmus, Johann Adam著|杉田 玄白譯|中川 淳庵校|石川 玄常参|桂川 甫周閲|小田野 直武画","Kulmus, Johann Adam|スギタ, ゲンパク|ナカガワ, ジュンアン|イシカワ, ゲンジョウ|カツラガワ, ホシュウ|オダノ, ナオタケ",須原屋市兵衞,,安永3 [1774],1774,"5冊, 27cm","請求記号: V11:k16|圖の扉に「咊柬飜譯」「天眞樓」とあり|帙入り|四周単辺無界10行17字、単魚尾|訓点付|印記: 「鈴木」,「延壽堂」|虫損あり",,,http://tify.sub.uni-goettingen.de/demo.html?manifest=https://archdataset.dl.itc.u-tokyo.ac.jp/manifest/947e95c5-41a6-9338-2516-9e7bb2296ff4.json,947e95c5-41a6-9338-2516-9e7bb2296ff4,https://iiif.dl.itc.u-tokyo.ac.jp/repo/s/medlib,https://iiif.dl.itc.u-tokyo.ac.jp/repo/s/medlib/document/947e95c5-41a6-9338-2516-9e7bb2296ff4,https://www.lib.u-tokyo.ac.jp/ja/library/contents/archives-top/reuse,https://iiif.dl.itc.u-tokyo.ac.jp/repo/files/medium/b225f4450912fd715bf65ab926ae73296094e6eb.jpg,https://iiif.dl.itc.u-tokyo.ac.jp/repo/api/items/1183385,"東京大学医学図書館 Medical Library, The University of Tokyo, JAPAN",http://iiif.io/api/presentation/2#rightToLeftDirection,,医学図書館デジタル史料室,237,,https://iiif.dl.itc.u-tokyo.ac.jp/repo/iiif/947e95c5-41a6-9338-2516-9e7bb2296ff4/manifest,,,,,40
解體新書 4巻圖1巻 卷之1,カイタイ シンショ|Kaitai shinsho,古典籍コレクション [医学図書館],日本語,和古書,"Kulmus, Johann Adam著|杉田 玄白譯|中川 淳庵校|石川 玄常参|桂川 甫周閲|小田野 直武画","Kulmus, Johann Adam|スギタ, ゲンパク|ナカガワ, ジュンアン|イシカワ, ゲンジョウ|カツラガワ, ホシュウ|オダノ, ナオタケ",須原屋市兵衞,,安永3 [1774],1774,"5冊, 27cm","請求記号: V11:k16|圖の扉に「咊柬飜譯」「天眞樓」とあり|帙入り|四周単辺無界10行17字、単魚尾|訓点付|印記: 「鈴木」,「延壽堂」|虫損あり",,,http://tify.sub.uni-goettingen.de/demo.html?manifest=https://archdataset.dl.itc.u-tokyo.ac.jp/manifest/91503074-068a-36cf-2f2f-69438f64122c.json,91503074-068a-36cf-2f2f-69438f64122c,https://iiif.dl.itc.u-tokyo.ac.jp/repo/s/medlib,https://iiif.dl.itc.u-tokyo.ac.jp/repo/s/medlib/document/91503074-068a-36cf-2f2f-69438f64122c,https://www.lib.u-tokyo.ac.jp/ja/library/contents/archives-top/reuse,https://iiif.dl.itc.u-tokyo.ac.jp/repo/files/medium/8d8ae721579e46faed36d6c0b98628816c1dad98.jpg,https://iiif.dl.itc.u-tokyo.ac.jp/repo/api/items/1183386,"東京大学医学図書館 Medical Library, The University of Tokyo, JAPAN",http://iiif.io/api/presentation/2#rightToLeftDirection,,医学図書館デジタル史料室,238,,https://iiif.dl.itc.u-tokyo.ac.jp/repo/iiif/91503074-068a-36cf-2f2f-69438f64122c/manifest,,,,,25
解體新書 4巻圖1巻 卷之2,カイタイ シンショ|Kaitai shinsho,古典籍コレクション [医学図書館],日本語,和古書,"Kulmus, Johann Adam著|杉田 玄白譯|中川 淳庵校|石川 玄常参|桂川 甫周閲|小田野 直武画","Kulmus, Johann Adam|スギタ, ゲンパク|ナカガワ, ジュンアン|イシカワ, ゲンジョウ|カツラガワ, ホシュウ|オダノ, ナオタケ",須原屋市兵衞,,安永3 [1774],1774,"5冊, 27cm","請求記号: V11:k16|圖の扉に「咊柬飜譯」「天眞樓」とあり|帙入り|四周単辺無界10行17字、単魚尾|訓点付|印記: 「鈴木」,「延壽堂」|虫損あり",,,http://tify.sub.uni-goettingen.de/demo.html?manifest=https://archdataset.dl.itc.u-tokyo.ac.jp/manifest/508ffe2c-47a1-101b-514a-7fe9eddf08b4.json,508ffe2c-47a1-101b-514a-7fe9eddf08b4,https://iiif.dl.itc.u-tokyo.ac.jp/repo/s/medlib,https://iiif.dl.itc.u-tokyo.ac.jp/repo/s/medlib/document/508ffe2c-47a1-101b-514a-7fe9eddf08b4,https://www.lib.u-tokyo.ac.jp/ja/library/contents/archives-top/reuse,https://iiif.dl.itc.u-tokyo.ac.jp/repo/files/medium/c6302729d7ae1589834b9381fb0ffcbdb642d5d1.jpg,https://iiif.dl.itc.u-tokyo.ac.jp/repo/api/items/1183387,"東京大学医学図書館 Medical Library, The University of Tokyo, JAPAN",http://iiif.io/api/presentation/2#rightToLeftDirection,,医学図書館デジタル史料室,239,,https://iiif.dl.itc.u-tokyo.ac.jp/repo/iiif/508ffe2c-47a1-101b-514a-7fe9eddf08b4/manifest,,,,,26
解體新書 4巻圖1巻 卷之3,カイタイ シンショ|Kaitai shinsho,古典籍コレクション [医学図書館],日本語,和古書,"Kulmus, Johann Adam著|杉田 玄白譯|中川 淳庵校|石川 玄常参|桂川 甫周閲|小田野 直武画","Kulmus, Johann Adam|スギタ, ゲンパク|ナカガワ, ジュンアン|イシカワ, ゲンジョウ|カツラガワ, ホシュウ|オダノ, ナオタケ",須原屋市兵衞,,安永3 [1774],1774,"5冊, 27cm","請求記号: V11:k16|圖の扉に「咊柬飜譯」「天眞樓」とあり|帙入り|四周単辺無界10行17字、単魚尾|訓点付|印記: 「鈴木」,「延壽堂」|虫損あり",,,http://tify.sub.uni-goettingen.de/demo.html?manifest=https://archdataset.dl.itc.u-tokyo.ac.jp/manifest/61b65a07-199e-6129-5830-0b88f9656d1f.json,61b65a07-199e-6129-5830-0b88f9656d1f,https://iiif.dl.itc.u-tokyo.ac.jp/repo/s/medlib,https://iiif.dl.itc.u-tokyo.ac.jp/repo/s/medlib/document/61b65a07-199e-6129-5830-0b88f9656d1f,https://www.lib.u-tokyo.ac.jp/ja/library/contents/archives-top/reuse,https://iiif.dl.itc.u-tokyo.ac.jp/repo/files/medium/23d614d35d0c54b47e75c10b9675d03c12dd0c77.jpg,https://iiif.dl.itc.u-tokyo.ac.jp/repo/api/items/1183388,"東京大学医学図書館 Medical Library, The University of Tokyo, JAPAN",http://iiif.io/api/presentation/2#rightToLeftDirection,,医学図書館デジタル史料室,240,,https://iiif.dl.itc.u-tokyo.ac.jp/repo/iiif/61b65a07-199e-6129-5830-0b88f9656d1f/manifest,,,,,27
解體新書 4巻圖1巻 卷之4,カイタイ シンショ|Kaitai shinsho,古典籍コレクション [医学図書館],日本語,和古書,"Kulmus, Johann Adam著|杉田 玄白譯|中川 淳庵校|石川 玄常参|桂川 甫周閲|小田野 直武画","Kulmus, Johann Adam|スギタ, ゲンパク|ナカガワ, ジュンアン|イシカワ, ゲンジョウ|カツラガワ, ホシュウ|オダノ, ナオタケ",須原屋市兵衞,,安永3 [1774],1774,"5冊, 27cm","請求記号: V11:k16|圖の扉に「咊柬飜譯」「天眞樓」とあり|帙入り|四周単辺無界10行17字、単魚尾|訓点付|印記: 「鈴木」,「延壽堂」|虫損あり",,,http://tify.sub.uni-goettingen.de/demo.html?manifest=https://archdataset.dl.itc.u-tokyo.ac.jp/manifest/baf09bb8-01cf-3732-a4c8-970506b23b34.json,baf09bb8-01cf-3732-a4c8-970506b23b34,https://iiif.dl.itc.u-tokyo.ac.jp/repo/s/medlib,https://iiif.dl.itc.u-tokyo.ac.jp/repo/s/medlib/document/baf09bb8-01cf-3732-a4c8-970506b23b34,https://www.lib.u-tokyo.ac.jp/ja/library/contents/archives-top/reuse,https://iiif.dl.itc.u-tokyo.ac.jp/repo/files/medium/ae33b3a63a1b9134a47aab5394085170ceee02d0.jpg,https://iiif.dl.itc.u-tokyo.ac.jp/repo/api/items/1183389,"東京大学医学図書館 Medical Library, The University of Tokyo, JAPAN",http://iiif.io/api/presentation/2#rightToLeftDirection,,医学図書館デジタル史料室,241,,https://iiif.dl.itc.u-tokyo.ac.jp/repo/iiif/baf09bb8-01cf-3732-a4c8-970506b23b34/manifest,,,,,29
[解體新書圖],カイタイ シンショ ズ|Kaitai shinsho zu,古典籍コレクション [医学図書館],日本語,和古書,小田野 直武,"オダノ, ナオタケ",[書写者不明],,[書写年不明],,25cm,請求記号: HR:315|写本|書名は目録作成者による|跋に「我友人杉田玄白所譯之解體新書成矣令予寫之圖焉(中略) 東羽秋田藩小田野直武」とあり|印記: 「白田舎藏」|巻末に「江戸本屋小大良作古ギ」と墨書あり,,,http://tify.sub.uni-goettingen.de/demo.html?manifest=https://archdataset.dl.itc.u-tokyo.ac.jp/manifest/b93a88d3-2b78-0e44-73a9-3da1c7ce08ed.json,b93a88d3-2b78-0e44-73a9-3da1c7ce08ed,https://iiif.dl.itc.u-tokyo.ac.jp/repo/s/medlib,https://iiif.dl.itc.u-tokyo.ac.jp/repo/s/medlib/document/b93a88d3-2b78-0e44-73a9-3da1c7ce08ed,https://www.lib.u-tokyo.ac.jp/ja/library/contents/archives-top/reuse,https://iiif.dl.itc.u-tokyo.ac.jp/repo/files/medium/cc4ca0f24d380f63c1dd2c772902e52a1c6ee4dd.jpg,https://iiif.dl.itc.u-tokyo.ac.jp/repo/api/items/1183390,"東京大学医学図書館 Medical Library, The University of Tokyo, JAPAN",http://iiif.io/api/presentation/2#rightToLeftDirection,,医学図書館デジタル史料室,242,,https://iiif.dl.itc.u-tokyo.ac.jp/repo/iiif/b93a88d3-2b78-0e44-73a9-3da1c7ce08ed/manifest,,,,,24
文政四年解臟圖賦,ブンセイ 4ネン カイゾウ ズフ|Bunsei yonen kaizo zufu,古典籍コレクション [医学図書館],日本語,和古書,池田 通斎撰著|藤田 長禎参訂,"イケダ, ツウサイ|フジタ, ナガヨシ",[復堂],,文政5 [1822],1822,27cm,請求記号: HR:262|序事及び版心の書名: 解臟圖賦|見返しに「復堂藏」とあり|刊記に「文政五年壬午春三月刻成焉」とあり|彫刻: 田原十兵衞重興|摺工: 菊舎太兵衛|多色刷り|帙入り|四周単辺無界10行22字、単魚尾|頭注あり|訓点付|巻末に「復堂池田先生著述篇目」を附す|虫損あり,,,http://tify.sub.uni-goettingen.de/demo.html?manifest=https://archdataset.dl.itc.u-tokyo.ac.jp/manifest/a84073b8-41d6-787a-9547-1d75426564e3.json,a84073b8-41d6-787a-9547-1d75426564e3,https://iiif.dl.itc.u-tokyo.ac.jp/repo/s/medlib,https://iiif.dl.itc.u-tokyo.ac.jp/repo/s/medlib/document/a84073b8-41d6-787a-9547-1d75426564e3,https://www.lib.u-tokyo.ac.jp/ja/library/contents/archives-top/reuse,https://iiif.dl.itc.u-tokyo.ac.jp/repo/files/medium/b3ae89c65ee1c6678d4a921be9867b4b94a965d4.jpg,https://iiif.dl.itc.u-tokyo.ac.jp/repo/api/items/1183391,"東京大学医学図書館 Medical Library, The University of Tokyo, JAPAN",http://iiif.io/api/presentation/2#rightToLeftDirection,,医学図書館デジタル史料室,243,,https://iiif.dl.itc.u-tokyo.ac.jp/repo/iiif/a84073b8-41d6-787a-9547-1d75426564e3/manifest,,,,,45
醫科全書 1:解剖篇1,イカ ゼンショ|Ika zensho,古典籍コレクション [医学図書館],日本語,和古書,東京大学医学部,トウキョウ ダイガク イガクブ,英蘭堂,,-1877,1877,,請求記号: HR:298|内容: 1:総論之部 2:躯幹骨論之部 3:上肢骨論之部 4:下肢骨論之部 5:頭骨論之部 6:顔面骨論之部|解剖篇卷之6下-24の出板人: 島村利助|解剖篇圖譜: 海都満原圖 ; 山崎元脩模冩,,,http://tify.sub.uni-goettingen.de/demo.html?manifest=https://archdataset.dl.itc.u-tokyo.ac.jp/manifest/6809e5bf-604f-788f-22a1-be1fcdc84469.json,6809e5bf-604f-788f-22a1-be1fcdc84469,https://iiif.dl.itc.u-tokyo.ac.jp/repo/s/medlib,https://iiif.dl.itc.u-tokyo.ac.jp/repo/s/medlib/document/6809e5bf-604f-788f-22a1-be1fcdc84469,https://www.lib.u-tokyo.ac.jp/ja/library/contents/archives-top/reuse,https://iiif.dl.itc.u-tokyo.ac.jp/repo/files/medium/d4b140c50673cca84aa82ef4b970f92d9dafca14.jpg,https://iiif.dl.itc.u-tokyo.ac.jp/repo/api/items/1183392,"東京大学医学図書館 Medical Library, The University of Tokyo, JAPAN",http://iiif.io/api/presentation/2#rightToLeftDirection,,医学図書館デジタル史料室,244,,https://iiif.dl.itc.u-tokyo.ac.jp/repo/iiif/6809e5bf-604f-788f-22a1-be1fcdc84469/manifest,,,,,35
醫科全書 2:解剖篇2,イカ ゼンショ|Ika zensho,古典籍コレクション [医学図書館],日本語,和古書,東京大学医学部,トウキョウ ダイガク イガクブ,英蘭堂,,-1877,1877,,請求記号: HR:298|内容: 1:総論之部 2:躯幹骨論之部 3:上肢骨論之部 4:下肢骨論之部 5:頭骨論之部 6:顔面骨論之部|解剖篇卷之6下-24の出板人: 島村利助|解剖篇圖譜: 海都満原圖 ; 山崎元脩模冩,,,http://tify.sub.uni-goettingen.de/demo.html?manifest=https://archdataset.dl.itc.u-tokyo.ac.jp/manifest/f7bccb4a-7fc2-2837-537a-a76ac2ca3dca.json,f7bccb4a-7fc2-2837-537a-a76ac2ca3dca,https://iiif.dl.itc.u-tokyo.ac.jp/repo/s/medlib,https://iiif.dl.itc.u-tokyo.ac.jp/repo/s/medlib/document/f7bccb4a-7fc2-2837-537a-a76ac2ca3dca,https://www.lib.u-tokyo.ac.jp/ja/library/contents/archives-top/reuse,https://iiif.dl.itc.u-tokyo.ac.jp/repo/files/medium/701a1131669f39a0cf7e429ee582e29692665143.jpg,https://iiif.dl.itc.u-tokyo.ac.jp/repo/api/items/1183393,"東京大学医学図書館 Medical Library, The University of Tokyo, JAPAN",http://iiif.io/api/presentation/2#rightToLeftDirection,,医学図書館デジタル史料室,245,,https://iiif.dl.itc.u-tokyo.ac.jp/repo/iiif/f7bccb4a-7fc2-2837-537a-a76ac2ca3dca/manifest,,,,,43
醫科全書 3:解剖篇3,イカ ゼンショ|Ika zensho,古典籍コレクション [医学図書館],日本語,和古書,東京大学医学部,トウキョウ ダイガク イガクブ,英蘭堂,,-1877,1877,,請求記号: HR:298|内容: 1:総論之部 2:躯幹骨論之部 3:上肢骨論之部 4:下肢骨論之部 5:頭骨論之部 6:顔面骨論之部|解剖篇卷之6下-24の出板人: 島村利助|解剖篇圖譜: 海都満原圖 ; 山崎元脩模冩,,,http://tify.sub.uni-goettingen.de/demo.html?manifest=https://archdataset.dl.itc.u-tokyo.ac.jp/manifest/21c2378e-19ae-8ca3-975e-48b7ed2c9ba8.json,21c2378e-19ae-8ca3-975e-48b7ed2c9ba8,https://iiif.dl.itc.u-tokyo.ac.jp/repo/s/medlib,https://iiif.dl.itc.u-tokyo.ac.jp/repo/s/medlib/document/21c2378e-19ae-8ca3-975e-48b7ed2c9ba8,https://www.lib.u-tokyo.ac.jp/ja/library/contents/archives-top/reuse,https://iiif.dl.itc.u-tokyo.ac.jp/repo/files/medium/e8047640a24a34fc39064c237148501f06effa62.jpg,https://iiif.dl.itc.u-tokyo.ac.jp/repo/api/items/1183394,"東京大学医学図書館 Medical Library, The University of Tokyo, JAPAN",http://iiif.io/api/presentation/2#rightToLeftDirection,,医学図書館デジタル史料室,246,,https://iiif.dl.itc.u-tokyo.ac.jp/repo/iiif/21c2378e-19ae-8ca3-975e-48b7ed2c9ba8/manifest,,,,,47
醫科全書 4:解剖篇4,イカ ゼンショ|Ika zensho,古典籍コレクション [医学図書館],日本語,和古書,東京大学医学部,トウキョウ ダイガク イガクブ,英蘭堂,,-1877,1877,,請求記号: HR:298|内容: 1:総論之部 2:躯幹骨論之部 3:上肢骨論之部 4:下肢骨論之部 5:頭骨論之部 6:顔面骨論之部|解剖篇卷之6下-24の出板人: 島村利助|解剖篇圖譜: 海都満原圖 ; 山崎元脩模冩,,,http://tify.sub.uni-goettingen.de/demo.html?manifest=https://archdataset.dl.itc.u-tokyo.ac.jp/manifest/b6b16195-8fb4-3d92-3e98-19a21bcd288e.json,b6b16195-8fb4-3d92-3e98-19a21bcd288e,https://iiif.dl.itc.u-tokyo.ac.jp/repo/s/medlib,https://iiif.dl.itc.u-tokyo.ac.jp/repo/s/medlib/document/b6b16195-8fb4-3d92-3e98-19a21bcd288e,https://www.lib.u-tokyo.ac.jp/ja/library/contents/archives-top/reuse,https://iiif.dl.itc.u-tokyo.ac.jp/repo/files/medium/530f4cf34da8cbeedb6059126e335a075a6ac2be.jpg,https://iiif.dl.itc.u-tokyo.ac.jp/repo/api/items/1183395,"東京大学医学図書館 Medical Library, The University of Tokyo, JAPAN",http://iiif.io/api/presentation/2#rightToLeftDirection,,医学図書館デジタル史料室,247,,https://iiif.dl.itc.u-tokyo.ac.jp/repo/iiif/b6b16195-8fb4-3d92-3e98-19a21bcd288e/manifest,,,,,60
安政箇勞痢流行記,アンセイ コロリ リュウコウキ|Ansei korori ryukoki,古典籍コレクション [医学図書館],日本語,和古書,仮名垣 魯文,"カナガキ, ロブン",天壽堂,,安政5 [1858],1858,26cm,請求記号: HR:343|書名は概畧による|序の書名: 轉寢の遊目|刊記に「于時安政五戊午季穐九月 天壽堂藏梓」とあり|多色刷り|虫損あり,,,http://tify.sub.uni-goettingen.de/demo.html?manifest=https://archdataset.dl.itc.u-tokyo.ac.jp/manifest/f71a7ca1-55cb-78ef-9ef4-5b4a86492c2f.json,f71a7ca1-55cb-78ef-9ef4-5b4a86492c2f,https://iiif.dl.itc.u-tokyo.ac.jp/repo/s/medlib,https://iiif.dl.itc.u-tokyo.ac.jp/repo/s/medlib/document/f71a7ca1-55cb-78ef-9ef4-5b4a86492c2f,https://www.lib.u-tokyo.ac.jp/ja/library/contents/archives-top/reuse,https://iiif.dl.itc.u-tokyo.ac.jp/repo/files/medium/a40ff095530520763803bf0beab5ea2da9bee2c9.jpg,https://iiif.dl.itc.u-tokyo.ac.jp/repo/api/items/1183396,"東京大学医学図書館 Medical Library, The University of Tokyo, JAPAN",http://iiif.io/api/presentation/2#rightToLeftDirection,,医学図書館デジタル史料室,248,,https://iiif.dl.itc.u-tokyo.ac.jp/repo/iiif/f71a7ca1-55cb-78ef-9ef4-5b4a86492c2f/manifest,,,,,27
解體發蒙 4巻附録1巻 卷之1,カイタイ ハツモウ|Kaitai hatsumo,古典籍コレクション [医学図書館],日本語,和古書,三谷 笙洲,"ミタニ, ソウシュウ",河内屋茂兵衛,,文化13 [1816],1816,"5冊, 26cm","請求記号: V10:107|題簽の書名: 藏府眞冩解體發蒙|藤玄秀, 源準, 晁憲章同較|見返しに「文化癸酉新鐫」「浪華書肆 岡田群玉堂」とあり|多色刷り|頭注あり|印記: 「谷口竹治郎」|虫損あり",,,http://tify.sub.uni-goettingen.de/demo.html?manifest=https://archdataset.dl.itc.u-tokyo.ac.jp/manifest/d3e93bdd-5e34-20a4-8d29-2ed7e44b44d5.json,d3e93bdd-5e34-20a4-8d29-2ed7e44b44d5,https://iiif.dl.itc.u-tokyo.ac.jp/repo/s/medlib,https://iiif.dl.itc.u-tokyo.ac.jp/repo/s/medlib/document/d3e93bdd-5e34-20a4-8d29-2ed7e44b44d5,https://www.lib.u-tokyo.ac.jp/ja/library/contents/archives-top/reuse,https://iiif.dl.itc.u-tokyo.ac.jp/repo/files/medium/b3349a4f060cfe019845dd8caccb50e5c2e13200.jpg,https://iiif.dl.itc.u-tokyo.ac.jp/repo/api/items/1183397,"東京大学医学図書館 Medical Library, The University of Tokyo, JAPAN",http://iiif.io/api/presentation/2#rightToLeftDirection,,医学図書館デジタル史料室,249,,https://iiif.dl.itc.u-tokyo.ac.jp/repo/iiif/d3e93bdd-5e34-20a4-8d29-2ed7e44b44d5/manifest,,,,,32
解體發蒙 4巻附録1巻 卷之2,カイタイ ハツモウ|Kaitai hatsumo,古典籍コレクション [医学図書館],日本語,和古書,三谷 笙洲,"ミタニ, ソウシュウ",河内屋茂兵衛,,文化13 [1816],1816,"5冊, 26cm","請求記号: V10:107|題簽の書名: 藏府眞冩解體發蒙|藤玄秀, 源準, 晁憲章同較|見返しに「文化癸酉新鐫」「浪華書肆 岡田群玉堂」とあり|多色刷り|頭注あり|印記: 「谷口竹治郎」|虫損あり",,,http://tify.sub.uni-goettingen.de/demo.html?manifest=https://archdataset.dl.itc.u-tokyo.ac.jp/manifest/04e8ac44-0e79-4d4e-743b-00648c4fa517.json,04e8ac44-0e79-4d4e-743b-00648c4fa517,https://iiif.dl.itc.u-tokyo.ac.jp/repo/s/medlib,https://iiif.dl.itc.u-tokyo.ac.jp/repo/s/medlib/document/04e8ac44-0e79-4d4e-743b-00648c4fa517,https://www.lib.u-tokyo.ac.jp/ja/library/contents/archives-top/reuse,https://iiif.dl.itc.u-tokyo.ac.jp/repo/files/medium/ce47b6c2dc887c87879e56421ee4b3467cdbc85e.jpg,https://iiif.dl.itc.u-tokyo.ac.jp/repo/api/items/1183398,"東京大学医学図書館 Medical Library, The University of Tokyo, JAPAN",http://iiif.io/api/presentation/2#rightToLeftDirection,,医学図書館デジタル史料室,250,,https://iiif.dl.itc.u-tokyo.ac.jp/repo/iiif/04e8ac44-0e79-4d4e-743b-00648c4fa517/manifest,,,,,33
解體發蒙 4巻附録1巻 卷之3,カイタイ ハツモウ|Kaitai hatsumo,古典籍コレクション [医学図書館],日本語,和古書,三谷 笙洲,"ミタニ, ソウシュウ",河内屋茂兵衛,,文化13 [1816],1816,"5冊, 26cm","請求記号: V10:107|題簽の書名: 藏府眞冩解體發蒙|藤玄秀, 源準, 晁憲章同較|見返しに「文化癸酉新鐫」「浪華書肆 岡田群玉堂」とあり|多色刷り|頭注あり|印記: 「谷口竹治郎」|虫損あり",,,http://tify.sub.uni-goettingen.de/demo.html?manifest=https://archdataset.dl.itc.u-tokyo.ac.jp/manifest/5bd28b71-2d22-2712-7b76-a570435b7b3f.json,5bd28b71-2d22-2712-7b76-a570435b7b3f,https://iiif.dl.itc.u-tokyo.ac.jp/repo/s/medlib,https://iiif.dl.itc.u-tokyo.ac.jp/repo/s/medlib/document/5bd28b71-2d22-2712-7b76-a570435b7b3f,https://www.lib.u-tokyo.ac.jp/ja/library/contents/archives-top/reuse,https://iiif.dl.itc.u-tokyo.ac.jp/repo/files/medium/d3eb51b6e97946e28c7d064dfbdca6f12cf12ecb.jpg,https://iiif.dl.itc.u-tokyo.ac.jp/repo/api/items/1183399,"東京大学医学図書館 Medical Library, The University of Tokyo, JAPAN",http://iiif.io/api/presentation/2#rightToLeftDirection,,医学図書館デジタル史料室,251,,https://iiif.dl.itc.u-tokyo.ac.jp/repo/iiif/5bd28b71-2d22-2712-7b76-a570435b7b3f/manifest,,,,,35
解體發蒙 4巻附録1巻 卷之4,カイタイ ハツモウ|Kaitai hatsumo,古典籍コレクション [医学図書館],日本語,和古書,三谷 笙洲,"ミタニ, ソウシュウ",河内屋茂兵衛,,文化13 [1816],1816,"5冊, 26cm","請求記号: V10:107|題簽の書名: 藏府眞冩解體發蒙|藤玄秀, 源準, 晁憲章同較|見返しに「文化癸酉新鐫」「浪華書肆 岡田群玉堂」とあり|多色刷り|頭注あり|印記: 「谷口竹治郎」|虫損あり",,,http://tify.sub.uni-goettingen.de/demo.html?manifest=https://archdataset.dl.itc.u-tokyo.ac.jp/manifest/270344f2-7d9c-54b4-a2f2-031be1706db3.json,270344f2-7d9c-54b4-a2f2-031be1706db3,https://iiif.dl.itc.u-tokyo.ac.jp/repo/s/medlib,https://iiif.dl.itc.u-tokyo.ac.jp/repo/s/medlib/document/270344f2-7d9c-54b4-a2f2-031be1706db3,https://www.lib.u-tokyo.ac.jp/ja/library/contents/archives-top/reuse,https://iiif.dl.itc.u-tokyo.ac.jp/repo/files/medium/5b111a9421acc12f5e1d3eb2ca22fe074b486e6d.jpg,https://iiif.dl.itc.u-tokyo.ac.jp/repo/api/items/1183400,"東京大学医学図書館 Medical Library, The University of Tokyo, JAPAN",http://iiif.io/api/presentation/2#rightToLeftDirection,,医学図書館デジタル史料室,252,,https://iiif.dl.itc.u-tokyo.ac.jp/repo/iiif/270344f2-7d9c-54b4-a2f2-031be1706db3/manifest,,,,,34
解體發蒙 4巻附録1巻 附録,カイタイ ハツモウ|Kaitai hatsumo,古典籍コレクション [医学図書館],日本語,和古書,三谷 笙洲,"ミタニ, ソウシュウ",河内屋茂兵衛,,文化13 [1816],1816,"5冊, 26cm","請求記号: V10:107|題簽の書名: 藏府眞冩解體發蒙|藤玄秀, 源準, 晁憲章同較|見返しに「文化癸酉新鐫」「浪華書肆 岡田群玉堂」とあり|多色刷り|頭注あり|印記: 「谷口竹治郎」|虫損あり",,,http://tify.sub.uni-goettingen.de/demo.html?manifest=https://archdataset.dl.itc.u-tokyo.ac.jp/manifest/9caeaaf0-1fa6-04b9-423a-412ea4f65728.json,9caeaaf0-1fa6-04b9-423a-412ea4f65728,https://iiif.dl.itc.u-tokyo.ac.jp/repo/s/medlib,https://iiif.dl.itc.u-tokyo.ac.jp/repo/s/medlib/document/9caeaaf0-1fa6-04b9-423a-412ea4f65728,https://www.lib.u-tokyo.ac.jp/ja/library/contents/archives-top/reuse,https://iiif.dl.itc.u-tokyo.ac.jp/repo/files/medium/02b3ef872f291f35099282d83d644ab3865e3b15.jpg,https://iiif.dl.itc.u-tokyo.ac.jp/repo/api/items/1183401,"東京大学医学図書館 Medical Library, The University of Tokyo, JAPAN",http://iiif.io/api/presentation/2#rightToLeftDirection,,医学図書館デジタル史料室,253,,https://iiif.dl.itc.u-tokyo.ac.jp/repo/iiif/9caeaaf0-1fa6-04b9-423a-412ea4f65728/manifest,,,,,37
子玄子産論 4巻附録1巻 卷第1-2,シゲンシ サンロン|Shigenshi sanron,古典籍コレクション [医学図書館],日本語,和古書,"賀川 玄悦著|賀川 玄迪, 山脇 叔光同校","カガワ, ゲンエツ|カガワ, ゲンユウ ヤマワキ, シュクコウ",須原屋茂兵衛,,安永4 [1775],1775,"2冊, 27cm","請求記号: V10:123|見返し及び版心の書名: 産論|題簽による巻次: [乾], 坤|奥付に「明和二年乙酉秋八月」とあり|見返しに「安永乙未考訂」「平安濟世館藏版」とあり(「濟世館」の朱印あり)|四周双辺有界10行18字、単魚尾|頭注あり|訓点付|印記: 「枩宮堂藏書記」|各裏見返しに「杏樹館白圭」と墨書あり|朱墨書き入れあり|貼り込みあり",,,http://tify.sub.uni-goettingen.de/demo.html?manifest=https://archdataset.dl.itc.u-tokyo.ac.jp/manifest/30613ee6-61f4-4127-4043-827dc4374081.json,30613ee6-61f4-4127-4043-827dc4374081,https://iiif.dl.itc.u-tokyo.ac.jp/repo/s/medlib,https://iiif.dl.itc.u-tokyo.ac.jp/repo/s/medlib/document/30613ee6-61f4-4127-4043-827dc4374081,https://www.lib.u-tokyo.ac.jp/ja/library/contents/archives-top/reuse,https://iiif.dl.itc.u-tokyo.ac.jp/repo/files/medium/c3fe89d8f95230ddeb3e8c7d78d392934e3ea5d9.jpg,https://iiif.dl.itc.u-tokyo.ac.jp/repo/api/items/1183402,"東京大学医学図書館 Medical Library, The University of Tokyo, JAPAN",http://iiif.io/api/presentation/2#rightToLeftDirection,,医学図書館デジタル史料室,254,,https://iiif.dl.itc.u-tokyo.ac.jp/repo/iiif/30613ee6-61f4-4127-4043-827dc4374081/manifest,,,,,39
"子玄子産論 4巻附録1巻 卷第3-4, 附録",シゲンシ サンロン|Shigenshi sanron,古典籍コレクション [医学図書館],日本語,和古書,"賀川 玄悦著|賀川 玄迪, 山脇 叔光同校","カガワ, ゲンエツ|カガワ, ゲンユウ ヤマワキ, シュクコウ",須原屋茂兵衛,,安永4 [1775],1775,"2冊, 27cm","請求記号: V10:123|見返し及び版心の書名: 産論|題簽による巻次: [乾], 坤|奥付に「明和二年乙酉秋八月」とあり|見返しに「安永乙未考訂」「平安濟世館藏版」とあり(「濟世館」の朱印あり)|四周双辺有界10行18字、単魚尾|頭注あり|訓点付|印記: 「枩宮堂藏書記」|各裏見返しに「杏樹館白圭」と墨書あり|朱墨書き入れあり|貼り込みあり",,,http://tify.sub.uni-goettingen.de/demo.html?manifest=https://archdataset.dl.itc.u-tokyo.ac.jp/manifest/99c3d8ff-90c6-0b37-18a0-c91ecf1d5108.json,99c3d8ff-90c6-0b37-18a0-c91ecf1d5108,https://iiif.dl.itc.u-tokyo.ac.jp/repo/s/medlib,https://iiif.dl.itc.u-tokyo.ac.jp/repo/s/medlib/document/99c3d8ff-90c6-0b37-18a0-c91ecf1d5108,https://www.lib.u-tokyo.ac.jp/ja/library/contents/archives-top/reuse,https://iiif.dl.itc.u-tokyo.ac.jp/repo/files/medium/de9391fac4d4a0f9bcaa5b63cb5b1e4f2970e275.jpg,https://iiif.dl.itc.u-tokyo.ac.jp/repo/api/items/1183403,"東京大学医学図書館 Medical Library, The University of Tokyo, JAPAN",http://iiif.io/api/presentation/2#rightToLeftDirection,,医学図書館デジタル史料室,255,,https://iiif.dl.itc.u-tokyo.ac.jp/repo/iiif/99c3d8ff-90c6-0b37-18a0-c91ecf1d5108/manifest,,,,,36
漢洋病名對照録,カンヨウ ビョウメイ タイショウロク|Kanyo byomei taishoroku,古典籍コレクション [医学図書館],日本語,和古書,落合 泰蔵,"オチアイ, タイゾウ",[落合泰藏],,1882序,1882,24cm,"請求記号: V11:k11|責任表示は巻頭による|淺田宗伯, 永松東海, 今邨亮閲|見返しに「自適堂落合蔵版」とあり(「自適堂落合藏版印章」の朱印あり)|版心下部に「自適堂落合藏板」とあり|和装",,,http://tify.sub.uni-goettingen.de/demo.html?manifest=https://archdataset.dl.itc.u-tokyo.ac.jp/manifest/036e64f1-2a72-28e3-0c0f-67ddf8c34824.json,036e64f1-2a72-28e3-0c0f-67ddf8c34824,https://iiif.dl.itc.u-tokyo.ac.jp/repo/s/medlib,https://iiif.dl.itc.u-tokyo.ac.jp/repo/s/medlib/document/036e64f1-2a72-28e3-0c0f-67ddf8c34824,https://www.lib.u-tokyo.ac.jp/ja/library/contents/archives-top/reuse,https://iiif.dl.itc.u-tokyo.ac.jp/repo/files/medium/a0bb354eebd104257fcf5fd2d28b43a41c984457.jpg,https://iiif.dl.itc.u-tokyo.ac.jp/repo/api/items/1183404,"東京大学医学図書館 Medical Library, The University of Tokyo, JAPAN",http://iiif.io/api/presentation/2#rightToLeftDirection,,医学図書館デジタル史料室,256,,https://iiif.dl.itc.u-tokyo.ac.jp/repo/iiif/036e64f1-2a72-28e3-0c0f-67ddf8c34824/manifest,,,,,111
西洋醫言 3巻,セイヨウ イゲン|Seiyo igen,古典籍コレクション [医学図書館],日本語,和古書,宇田川 玄随,"ウダガワ, ゲンズイ",[書写者不明],,[書写年不明],,1冊 ; 27cm,"請求記号: HR:273|写本|底本: 寛政4年序写|頭注あり|印記: 「Ishikawa dat boek toebehoorder」,「久保圖書」|巻末に「石川隣玄徳藏庫」と墨書あり|朱筆書き入れあり|虫損あり",,,http://tify.sub.uni-goettingen.de/demo.html?manifest=https://archdataset.dl.itc.u-tokyo.ac.jp/manifest/1b77ca40-4c60-97d2-1227-0bdef9ca8e5d.json,1b77ca40-4c60-97d2-1227-0bdef9ca8e5d,https://iiif.dl.itc.u-tokyo.ac.jp/repo/s/medlib,https://iiif.dl.itc.u-tokyo.ac.jp/repo/s/medlib/document/1b77ca40-4c60-97d2-1227-0bdef9ca8e5d,https://www.lib.u-tokyo.ac.jp/ja/library/contents/archives-top/reuse,https://iiif.dl.itc.u-tokyo.ac.jp/repo/files/medium/c6b662fc3f352c10f5cb861c8c7d73dd29122fd6.jpg,https://iiif.dl.itc.u-tokyo.ac.jp/repo/api/items/1183405,"東京大学医学図書館 Medical Library, The University of Tokyo, JAPAN",http://iiif.io/api/presentation/2#rightToLeftDirection,,医学図書館デジタル史料室,257,,https://iiif.dl.itc.u-tokyo.ac.jp/repo/iiif/1b77ca40-4c60-97d2-1227-0bdef9ca8e5d/manifest,,,,,65
