書名,請求記号,書名ヨミ,著者,冊数,出版者,出版年,種別,言語,注記,iiif viewer,ID,ウェブサイトURL,アイテムURL,利用条件,サムネイル,機械可読ドキュメント,帰属,viewingDirection,viewingHint,コレクション,ソート用項目,西暦,IIIFマニフェストURI,IIIF Search API URI,アノテーション付きIIIFマニフェストURI,Link to TAPAS Project,Text with Rich Text Format,# of media
dcterms:title,dcndl:callNumber,dcndl:titleTranscription,dcterms:creator,dcterms:extent,dcterms:publisher,dcterms:issued,dcndl:materialType,dcterms:language,archiveshub:note,iiif viewer,bibo:identifier,dcterms:isPartOf,dcterms:relation,dcterms:rights,foaf:thumbnail,rdfs:seeAlso,sc:attributionLabel,sc:viewingDirection,sc:viewingHint,uterms:databaseLabel,uterms:sort,uterms:year,uterms:manifestUri,uterms:searchApiUri,uterms:annotedManifest,uterms:linkToTapas,uterms:rtf,30038
五百家註音辯昌黎先生文集 40巻 (存19巻) [1],A00:4001,ゴヒャッカ チュウ オンベン ショウレイ センセイ ブンシュウ,韓 愈,5,[出版者不明],[元和寛永年間],図書,中国語,"巻末の書名: 五百家注昌黎文集(卷第22), 昌黎文集(卷第23), 韓文(卷第25), 昌黎先生集(卷第26), 五百家註韓文(卷第27)|帙題簽の書名: 五百家注昌黎先生文集|四周双辺有界9行17字注文双行 内匡廓: 22.4×17.0cm, 黒口双黒魚尾|古活字本|序目, 卷第1-21を欠く|墨筆訓点付|朱点, 朱引あり|墨筆書き入れあり|印記: 「圃樂亭圖書」, 「島田氏雙桂樓収臧」(島田篁村), 「南葵文庫」|虫損あり",http://tify.sub.uni-goettingen.de/demo.html?manifest=https://archdataset.dl.itc.u-tokyo.ac.jp/manifest/41403d3b-4a58-13d3-7e2d-eaab22ec30eb.json,41403d3b-4a58-13d3-7e2d-eaab22ec30eb,https://iiif.dl.itc.u-tokyo.ac.jp/repo/s/nanki/,https://iiif.dl.itc.u-tokyo.ac.jp/repo/s/nanki/document/41403d3b-4a58-13d3-7e2d-eaab22ec30eb,https://www.lib.u-tokyo.ac.jp/ja/library/contents/archives-top/reuse,https://iiif.dl.itc.u-tokyo.ac.jp/repo/files/medium/f37ae838120692f3528beb3ae2aca3e01e0ac3c3.jpg,https://iiif.dl.itc.u-tokyo.ac.jp/repo/api/items/1002110,"東京大学総合図書館 General Library, The University of Tokyo, JAPAN",http://iiif.io/api/presentation/2#rightToLeftDirection,,総合図書館所蔵南葵文庫,0001,,https://iiif.dl.itc.u-tokyo.ac.jp/repo/iiif/41403d3b-4a58-13d3-7e2d-eaab22ec30eb/manifest,,,,,69
五百家註音辯昌黎先生文集 40巻 (存19巻) [2],A00:4001,ゴヒャッカ チュウ オンベン ショウレイ センセイ ブンシュウ,韓 愈,5,[出版者不明],[元和寛永年間],図書,中国語,"巻末の書名: 五百家注昌黎文集(卷第22), 昌黎文集(卷第23), 韓文(卷第25), 昌黎先生集(卷第26), 五百家註韓文(卷第27)|帙題簽の書名: 五百家注昌黎先生文集|四周双辺有界9行17字注文双行 内匡廓: 22.4×17.0cm, 黒口双黒魚尾|古活字本|序目, 卷第1-21を欠く|墨筆訓点付|朱点, 朱引あり|墨筆書き入れあり|印記: 「圃樂亭圖書」, 「島田氏雙桂樓収臧」(島田篁村), 「南葵文庫」|虫損あり",http://tify.sub.uni-goettingen.de/demo.html?manifest=https://archdataset.dl.itc.u-tokyo.ac.jp/manifest/9bc67946-7ff1-212c-1674-15108a1e5011.json,9bc67946-7ff1-212c-1674-15108a1e5011,https://iiif.dl.itc.u-tokyo.ac.jp/repo/s/nanki/,https://iiif.dl.itc.u-tokyo.ac.jp/repo/s/nanki/document/9bc67946-7ff1-212c-1674-15108a1e5011,https://www.lib.u-tokyo.ac.jp/ja/library/contents/archives-top/reuse,https://iiif.dl.itc.u-tokyo.ac.jp/repo/files/medium/876275a13e04c6bc3ba4e2c2086cf3f39aa32dee.jpg,https://iiif.dl.itc.u-tokyo.ac.jp/repo/api/items/1002109,"東京大学総合図書館 General Library, The University of Tokyo, JAPAN",http://iiif.io/api/presentation/2#rightToLeftDirection,,総合図書館所蔵南葵文庫,0002,,https://iiif.dl.itc.u-tokyo.ac.jp/repo/iiif/9bc67946-7ff1-212c-1674-15108a1e5011/manifest,,,,,83
五百家註音辯昌黎先生文集 40巻 (存19巻) [3],A00:4001,ゴヒャッカ チュウ オンベン ショウレイ センセイ ブンシュウ,韓 愈,5,[出版者不明],[元和寛永年間],図書,中国語,"巻末の書名: 五百家注昌黎文集(卷第22), 昌黎文集(卷第23), 韓文(卷第25), 昌黎先生集(卷第26), 五百家註韓文(卷第27)|帙題簽の書名: 五百家注昌黎先生文集|四周双辺有界9行17字注文双行 内匡廓: 22.4×17.0cm, 黒口双黒魚尾|古活字本|序目, 卷第1-21を欠く|墨筆訓点付|朱点, 朱引あり|墨筆書き入れあり|印記: 「圃樂亭圖書」, 「島田氏雙桂樓収臧」(島田篁村), 「南葵文庫」|虫損あり",http://tify.sub.uni-goettingen.de/demo.html?manifest=https://archdataset.dl.itc.u-tokyo.ac.jp/manifest/cf3a62e0-4c0f-6dfe-6e38-198cfc4c974b.json,cf3a62e0-4c0f-6dfe-6e38-198cfc4c974b,https://iiif.dl.itc.u-tokyo.ac.jp/repo/s/nanki/,https://iiif.dl.itc.u-tokyo.ac.jp/repo/s/nanki/document/cf3a62e0-4c0f-6dfe-6e38-198cfc4c974b,https://www.lib.u-tokyo.ac.jp/ja/library/contents/archives-top/reuse,https://iiif.dl.itc.u-tokyo.ac.jp/repo/files/medium/3f23b4c66aa490bec90e6c3ceb8c153ae37aac3c.jpg,https://iiif.dl.itc.u-tokyo.ac.jp/repo/api/items/1002108,"東京大学総合図書館 General Library, The University of Tokyo, JAPAN",http://iiif.io/api/presentation/2#rightToLeftDirection,,総合図書館所蔵南葵文庫,0003,,https://iiif.dl.itc.u-tokyo.ac.jp/repo/iiif/cf3a62e0-4c0f-6dfe-6e38-198cfc4c974b/manifest,,,,,95
五百家註音辯昌黎先生文集 40巻 (存19巻) [4],A00:4001,ゴヒャッカ チュウ オンベン ショウレイ センセイ ブンシュウ,韓 愈,5,[出版者不明],[元和寛永年間],図書,中国語,"巻末の書名: 五百家注昌黎文集(卷第22), 昌黎文集(卷第23), 韓文(卷第25), 昌黎先生集(卷第26), 五百家註韓文(卷第27)|帙題簽の書名: 五百家注昌黎先生文集|四周双辺有界9行17字注文双行 内匡廓: 22.4×17.0cm, 黒口双黒魚尾|古活字本|序目, 卷第1-21を欠く|墨筆訓点付|朱点, 朱引あり|墨筆書き入れあり|印記: 「圃樂亭圖書」, 「島田氏雙桂樓収臧」(島田篁村), 「南葵文庫」|虫損あり",http://tify.sub.uni-goettingen.de/demo.html?manifest=https://archdataset.dl.itc.u-tokyo.ac.jp/manifest/be6da67e-65f8-2571-8ce5-104872ad0e26.json,be6da67e-65f8-2571-8ce5-104872ad0e26,https://iiif.dl.itc.u-tokyo.ac.jp/repo/s/nanki/,https://iiif.dl.itc.u-tokyo.ac.jp/repo/s/nanki/document/be6da67e-65f8-2571-8ce5-104872ad0e26,https://www.lib.u-tokyo.ac.jp/ja/library/contents/archives-top/reuse,https://iiif.dl.itc.u-tokyo.ac.jp/repo/files/medium/1be86a43b3c757c1f31fa49520efa34ea6c3d927.jpg,https://iiif.dl.itc.u-tokyo.ac.jp/repo/api/items/1002107,"東京大学総合図書館 General Library, The University of Tokyo, JAPAN",http://iiif.io/api/presentation/2#rightToLeftDirection,,総合図書館所蔵南葵文庫,0004,,https://iiif.dl.itc.u-tokyo.ac.jp/repo/iiif/be6da67e-65f8-2571-8ce5-104872ad0e26/manifest,,,,,57
五百家註音辯昌黎先生文集 40巻 (存19巻) [5],A00:4001,ゴヒャッカ チュウ オンベン ショウレイ センセイ ブンシュウ,韓 愈,5,[出版者不明],[元和寛永年間],図書,中国語,"巻末の書名: 五百家注昌黎文集(卷第22), 昌黎文集(卷第23), 韓文(卷第25), 昌黎先生集(卷第26), 五百家註韓文(卷第27)|帙題簽の書名: 五百家注昌黎先生文集|四周双辺有界9行17字注文双行 内匡廓: 22.4×17.0cm, 黒口双黒魚尾|古活字本|序目, 卷第1-21を欠く|墨筆訓点付|朱点, 朱引あり|墨筆書き入れあり|印記: 「圃樂亭圖書」, 「島田氏雙桂樓収臧」(島田篁村), 「南葵文庫」|虫損あり",http://tify.sub.uni-goettingen.de/demo.html?manifest=https://archdataset.dl.itc.u-tokyo.ac.jp/manifest/f2497c2c-055e-5219-013a-530c08a9977a.json,f2497c2c-055e-5219-013a-530c08a9977a,https://iiif.dl.itc.u-tokyo.ac.jp/repo/s/nanki/,https://iiif.dl.itc.u-tokyo.ac.jp/repo/s/nanki/document/f2497c2c-055e-5219-013a-530c08a9977a,https://www.lib.u-tokyo.ac.jp/ja/library/contents/archives-top/reuse,https://iiif.dl.itc.u-tokyo.ac.jp/repo/files/medium/cf04d3f0a4f326a0663c510c7d3928b756078ae2.jpg,https://iiif.dl.itc.u-tokyo.ac.jp/repo/api/items/1002106,"東京大学総合図書館 General Library, The University of Tokyo, JAPAN",http://iiif.io/api/presentation/2#rightToLeftDirection,,総合図書館所蔵南葵文庫,0005,,https://iiif.dl.itc.u-tokyo.ac.jp/repo/iiif/f2497c2c-055e-5219-013a-530c08a9977a/manifest,,,,,91
漢書 100巻(存16巻) [1],A00:4002,カンジョ,班 固,9,[出版者不明],[李朝中期],図書,中国語,"版心の書名: 前漢年表, 前漢志, 前漢傳|内容: 16: 高惠高后文功臣表第4. 25: 郊祀志卷第5. 27: 五行志卷第7中-下. 41: 樊酈滕灌傳靳周傳第11. 42: 張周趙任申屠傳第12. 43: 酈陸朱劉叔孫傳第13. 75: 睦兩夏侯京翼李傳第45. 76: 趙尹韓張兩王傳第46. 79: 馮奉世傳第49. 80: 宣元六王傳第50. 81: 匡張孔馬傳第51. 82: 王商史丹傳第52. 83: 薛宣朱博傳第53. 84: 翟方進傳第54. 85: 谷永杜鄴傳第55. 86: 何武王嘉師丹傳第56|四周単辺有界10行17字注文双行, 内匡廓: 24.9×16.9cm, 白口双黒魚尾|朝鮮刊本(甲寅字体木活字)|朝鮮綴|16の冒頭に「星吾七十歳小象」あり|16, 25の欄外に「安東校上」との墨書あり|印記: 「□□□府之印」, 「飛青閣蔵書印」, 「宜都楊氏蔵書記」, 「星吾海外訪得秘笈」, 「星吾七十歳小象」, 「楊守敬印」, 「西備福山鹽田中圖書記」, 「勝鹿文庫」, 「松本氏圖書印」(松本月痴), 「森氏」(森枳園), 「金澤文庫」, 「島田鈞」, 「島田氏雙桂樓収臧」(島田篁村), 「南葵文庫」|虫損あり (裏打ち補修あり)",http://tify.sub.uni-goettingen.de/demo.html?manifest=https://archdataset.dl.itc.u-tokyo.ac.jp/manifest/d257017c-8e4b-a49c-3fd0-01cf2b959a4a.json,d257017c-8e4b-a49c-3fd0-01cf2b959a4a,https://iiif.dl.itc.u-tokyo.ac.jp/repo/s/nanki/,https://iiif.dl.itc.u-tokyo.ac.jp/repo/s/nanki/document/d257017c-8e4b-a49c-3fd0-01cf2b959a4a,https://www.lib.u-tokyo.ac.jp/ja/library/contents/archives-top/reuse,https://iiif.dl.itc.u-tokyo.ac.jp/repo/files/medium/b4c205576ff908e5286d7ea903b84c95d1201d72.jpg,https://iiif.dl.itc.u-tokyo.ac.jp/repo/api/items/1002105,"東京大学総合図書館 General Library, The University of Tokyo, JAPAN",http://iiif.io/api/presentation/2#rightToLeftDirection,,総合図書館所蔵南葵文庫,0006,,https://iiif.dl.itc.u-tokyo.ac.jp/repo/iiif/d257017c-8e4b-a49c-3fd0-01cf2b959a4a/manifest,,,,,78
漢書 100巻(存16巻) [2],A00:4002,カンジョ,班 固,9,[出版者不明],[李朝中期],図書,中国語,"版心の書名: 前漢年表, 前漢志, 前漢傳|内容: 16: 高惠高后文功臣表第4. 25: 郊祀志卷第5. 27: 五行志卷第7中-下. 41: 樊酈滕灌傳靳周傳第11. 42: 張周趙任申屠傳第12. 43: 酈陸朱劉叔孫傳第13. 75: 睦兩夏侯京翼李傳第45. 76: 趙尹韓張兩王傳第46. 79: 馮奉世傳第49. 80: 宣元六王傳第50. 81: 匡張孔馬傳第51. 82: 王商史丹傳第52. 83: 薛宣朱博傳第53. 84: 翟方進傳第54. 85: 谷永杜鄴傳第55. 86: 何武王嘉師丹傳第56|四周単辺有界10行17字注文双行, 内匡廓: 24.9×16.9cm, 白口双黒魚尾|朝鮮刊本(甲寅字体木活字)|朝鮮綴|16の冒頭に「星吾七十歳小象」あり|16, 25の欄外に「安東校上」との墨書あり|印記: 「□□□府之印」, 「飛青閣蔵書印」, 「宜都楊氏蔵書記」, 「星吾海外訪得秘笈」, 「星吾七十歳小象」, 「楊守敬印」, 「西備福山鹽田中圖書記」, 「勝鹿文庫」, 「松本氏圖書印」(松本月痴), 「森氏」(森枳園), 「金澤文庫」, 「島田鈞」, 「島田氏雙桂樓収臧」(島田篁村), 「南葵文庫」|虫損あり (裏打ち補修あり)",http://tify.sub.uni-goettingen.de/demo.html?manifest=https://archdataset.dl.itc.u-tokyo.ac.jp/manifest/d1b61b98-9bb6-134e-2460-13208c206653.json,d1b61b98-9bb6-134e-2460-13208c206653,https://iiif.dl.itc.u-tokyo.ac.jp/repo/s/nanki/,https://iiif.dl.itc.u-tokyo.ac.jp/repo/s/nanki/document/d1b61b98-9bb6-134e-2460-13208c206653,https://www.lib.u-tokyo.ac.jp/ja/library/contents/archives-top/reuse,https://iiif.dl.itc.u-tokyo.ac.jp/repo/files/medium/5e7bf3fb6bcfe1d7854a0e10a2db81cf16f64469.jpg,https://iiif.dl.itc.u-tokyo.ac.jp/repo/api/items/1002104,"東京大学総合図書館 General Library, The University of Tokyo, JAPAN",http://iiif.io/api/presentation/2#rightToLeftDirection,,総合図書館所蔵南葵文庫,0007,,https://iiif.dl.itc.u-tokyo.ac.jp/repo/iiif/d1b61b98-9bb6-134e-2460-13208c206653/manifest,,,,,73
漢書 100巻(存16巻) [3],A00:4002,カンジョ,班 固,9,[出版者不明],[李朝中期],図書,中国語,"版心の書名: 前漢年表, 前漢志, 前漢傳|内容: 16: 高惠高后文功臣表第4. 25: 郊祀志卷第5. 27: 五行志卷第7中-下. 41: 樊酈滕灌傳靳周傳第11. 42: 張周趙任申屠傳第12. 43: 酈陸朱劉叔孫傳第13. 75: 睦兩夏侯京翼李傳第45. 76: 趙尹韓張兩王傳第46. 79: 馮奉世傳第49. 80: 宣元六王傳第50. 81: 匡張孔馬傳第51. 82: 王商史丹傳第52. 83: 薛宣朱博傳第53. 84: 翟方進傳第54. 85: 谷永杜鄴傳第55. 86: 何武王嘉師丹傳第56|四周単辺有界10行17字注文双行, 内匡廓: 24.9×16.9cm, 白口双黒魚尾|朝鮮刊本(甲寅字体木活字)|朝鮮綴|16の冒頭に「星吾七十歳小象」あり|16, 25の欄外に「安東校上」との墨書あり|印記: 「□□□府之印」, 「飛青閣蔵書印」, 「宜都楊氏蔵書記」, 「星吾海外訪得秘笈」, 「星吾七十歳小象」, 「楊守敬印」, 「西備福山鹽田中圖書記」, 「勝鹿文庫」, 「松本氏圖書印」(松本月痴), 「森氏」(森枳園), 「金澤文庫」, 「島田鈞」, 「島田氏雙桂樓収臧」(島田篁村), 「南葵文庫」|虫損あり (裏打ち補修あり)",http://tify.sub.uni-goettingen.de/demo.html?manifest=https://archdataset.dl.itc.u-tokyo.ac.jp/manifest/1285ee5c-27eb-79aa-6a72-1111510a7a97.json,1285ee5c-27eb-79aa-6a72-1111510a7a97,https://iiif.dl.itc.u-tokyo.ac.jp/repo/s/nanki/,https://iiif.dl.itc.u-tokyo.ac.jp/repo/s/nanki/document/1285ee5c-27eb-79aa-6a72-1111510a7a97,https://www.lib.u-tokyo.ac.jp/ja/library/contents/archives-top/reuse,https://iiif.dl.itc.u-tokyo.ac.jp/repo/files/medium/c7a4747df6025b63a094e57e709074914e522057.jpg,https://iiif.dl.itc.u-tokyo.ac.jp/repo/api/items/1002103,"東京大学総合図書館 General Library, The University of Tokyo, JAPAN",http://iiif.io/api/presentation/2#rightToLeftDirection,,総合図書館所蔵南葵文庫,0008,,https://iiif.dl.itc.u-tokyo.ac.jp/repo/iiif/1285ee5c-27eb-79aa-6a72-1111510a7a97/manifest,,,,,76
漢書 100巻(存16巻) [4],A00:4002,カンジョ,班 固,9,[出版者不明],[李朝中期],図書,中国語,"版心の書名: 前漢年表, 前漢志, 前漢傳|内容: 16: 高惠高后文功臣表第4. 25: 郊祀志卷第5. 27: 五行志卷第7中-下. 41: 樊酈滕灌傳靳周傳第11. 42: 張周趙任申屠傳第12. 43: 酈陸朱劉叔孫傳第13. 75: 睦兩夏侯京翼李傳第45. 76: 趙尹韓張兩王傳第46. 79: 馮奉世傳第49. 80: 宣元六王傳第50. 81: 匡張孔馬傳第51. 82: 王商史丹傳第52. 83: 薛宣朱博傳第53. 84: 翟方進傳第54. 85: 谷永杜鄴傳第55. 86: 何武王嘉師丹傳第56|四周単辺有界10行17字注文双行, 内匡廓: 24.9×16.9cm, 白口双黒魚尾|朝鮮刊本(甲寅字体木活字)|朝鮮綴|16の冒頭に「星吾七十歳小象」あり|16, 25の欄外に「安東校上」との墨書あり|印記: 「□□□府之印」, 「飛青閣蔵書印」, 「宜都楊氏蔵書記」, 「星吾海外訪得秘笈」, 「星吾七十歳小象」, 「楊守敬印」, 「西備福山鹽田中圖書記」, 「勝鹿文庫」, 「松本氏圖書印」(松本月痴), 「森氏」(森枳園), 「金澤文庫」, 「島田鈞」, 「島田氏雙桂樓収臧」(島田篁村), 「南葵文庫」|虫損あり (裏打ち補修あり)",http://tify.sub.uni-goettingen.de/demo.html?manifest=https://archdataset.dl.itc.u-tokyo.ac.jp/manifest/8dc3af8d-958f-0309-9f3d-675a778a8960.json,8dc3af8d-958f-0309-9f3d-675a778a8960,https://iiif.dl.itc.u-tokyo.ac.jp/repo/s/nanki/,https://iiif.dl.itc.u-tokyo.ac.jp/repo/s/nanki/document/8dc3af8d-958f-0309-9f3d-675a778a8960,https://www.lib.u-tokyo.ac.jp/ja/library/contents/archives-top/reuse,https://iiif.dl.itc.u-tokyo.ac.jp/repo/files/medium/a82bdf8f0309708d92dd0bd963e2050dfb6a9bf1.jpg,https://iiif.dl.itc.u-tokyo.ac.jp/repo/api/items/1002102,"東京大学総合図書館 General Library, The University of Tokyo, JAPAN",http://iiif.io/api/presentation/2#rightToLeftDirection,,総合図書館所蔵南葵文庫,0009,,https://iiif.dl.itc.u-tokyo.ac.jp/repo/iiif/8dc3af8d-958f-0309-9f3d-675a778a8960/manifest,,,,,73
漢書 100巻(存16巻) [5],A00:4002,カンジョ,班 固,9,[出版者不明],[李朝中期],図書,中国語,"版心の書名: 前漢年表, 前漢志, 前漢傳|内容: 16: 高惠高后文功臣表第4. 25: 郊祀志卷第5. 27: 五行志卷第7中-下. 41: 樊酈滕灌傳靳周傳第11. 42: 張周趙任申屠傳第12. 43: 酈陸朱劉叔孫傳第13. 75: 睦兩夏侯京翼李傳第45. 76: 趙尹韓張兩王傳第46. 79: 馮奉世傳第49. 80: 宣元六王傳第50. 81: 匡張孔馬傳第51. 82: 王商史丹傳第52. 83: 薛宣朱博傳第53. 84: 翟方進傳第54. 85: 谷永杜鄴傳第55. 86: 何武王嘉師丹傳第56|四周単辺有界10行17字注文双行, 内匡廓: 24.9×16.9cm, 白口双黒魚尾|朝鮮刊本(甲寅字体木活字)|朝鮮綴|16の冒頭に「星吾七十歳小象」あり|16, 25の欄外に「安東校上」との墨書あり|印記: 「□□□府之印」, 「飛青閣蔵書印」, 「宜都楊氏蔵書記」, 「星吾海外訪得秘笈」, 「星吾七十歳小象」, 「楊守敬印」, 「西備福山鹽田中圖書記」, 「勝鹿文庫」, 「松本氏圖書印」(松本月痴), 「森氏」(森枳園), 「金澤文庫」, 「島田鈞」, 「島田氏雙桂樓収臧」(島田篁村), 「南葵文庫」|虫損あり (裏打ち補修あり)",http://tify.sub.uni-goettingen.de/demo.html?manifest=https://archdataset.dl.itc.u-tokyo.ac.jp/manifest/9d58b35b-2d68-53b4-07a9-1a18993a5992.json,9d58b35b-2d68-53b4-07a9-1a18993a5992,https://iiif.dl.itc.u-tokyo.ac.jp/repo/s/nanki/,https://iiif.dl.itc.u-tokyo.ac.jp/repo/s/nanki/document/9d58b35b-2d68-53b4-07a9-1a18993a5992,https://www.lib.u-tokyo.ac.jp/ja/library/contents/archives-top/reuse,https://iiif.dl.itc.u-tokyo.ac.jp/repo/files/medium/0f2819dbfc10bcfc722577b2586d28243e3deba7.jpg,https://iiif.dl.itc.u-tokyo.ac.jp/repo/api/items/1002101,"東京大学総合図書館 General Library, The University of Tokyo, JAPAN",http://iiif.io/api/presentation/2#rightToLeftDirection,,総合図書館所蔵南葵文庫,0010,,https://iiif.dl.itc.u-tokyo.ac.jp/repo/iiif/9d58b35b-2d68-53b4-07a9-1a18993a5992/manifest,,,,,54
漢書 100巻(存16巻) [6],A00:4002,カンジョ,班 固,9,[出版者不明],[李朝中期],図書,中国語,"版心の書名: 前漢年表, 前漢志, 前漢傳|内容: 16: 高惠高后文功臣表第4. 25: 郊祀志卷第5. 27: 五行志卷第7中-下. 41: 樊酈滕灌傳靳周傳第11. 42: 張周趙任申屠傳第12. 43: 酈陸朱劉叔孫傳第13. 75: 睦兩夏侯京翼李傳第45. 76: 趙尹韓張兩王傳第46. 79: 馮奉世傳第49. 80: 宣元六王傳第50. 81: 匡張孔馬傳第51. 82: 王商史丹傳第52. 83: 薛宣朱博傳第53. 84: 翟方進傳第54. 85: 谷永杜鄴傳第55. 86: 何武王嘉師丹傳第56|四周単辺有界10行17字注文双行, 内匡廓: 24.9×16.9cm, 白口双黒魚尾|朝鮮刊本(甲寅字体木活字)|朝鮮綴|16の冒頭に「星吾七十歳小象」あり|16, 25の欄外に「安東校上」との墨書あり|印記: 「□□□府之印」, 「飛青閣蔵書印」, 「宜都楊氏蔵書記」, 「星吾海外訪得秘笈」, 「星吾七十歳小象」, 「楊守敬印」, 「西備福山鹽田中圖書記」, 「勝鹿文庫」, 「松本氏圖書印」(松本月痴), 「森氏」(森枳園), 「金澤文庫」, 「島田鈞」, 「島田氏雙桂樓収臧」(島田篁村), 「南葵文庫」|虫損あり (裏打ち補修あり)",http://tify.sub.uni-goettingen.de/demo.html?manifest=https://archdataset.dl.itc.u-tokyo.ac.jp/manifest/29992ce6-80df-90ef-5912-b26aa0776521.json,29992ce6-80df-90ef-5912-b26aa0776521,https://iiif.dl.itc.u-tokyo.ac.jp/repo/s/nanki/,https://iiif.dl.itc.u-tokyo.ac.jp/repo/s/nanki/document/29992ce6-80df-90ef-5912-b26aa0776521,https://www.lib.u-tokyo.ac.jp/ja/library/contents/archives-top/reuse,https://iiif.dl.itc.u-tokyo.ac.jp/repo/files/medium/71f14372bb7b180e6de9db40fb999be1eeeb696d.jpg,https://iiif.dl.itc.u-tokyo.ac.jp/repo/api/items/1002100,"東京大学総合図書館 General Library, The University of Tokyo, JAPAN",http://iiif.io/api/presentation/2#rightToLeftDirection,,総合図書館所蔵南葵文庫,0011,,https://iiif.dl.itc.u-tokyo.ac.jp/repo/iiif/29992ce6-80df-90ef-5912-b26aa0776521/manifest,,,,,78
漢書 100巻(存16巻) [7],A00:4002,カンジョ,班 固,9,[出版者不明],[李朝中期],図書,中国語,"版心の書名: 前漢年表, 前漢志, 前漢傳|内容: 16: 高惠高后文功臣表第4. 25: 郊祀志卷第5. 27: 五行志卷第7中-下. 41: 樊酈滕灌傳靳周傳第11. 42: 張周趙任申屠傳第12. 43: 酈陸朱劉叔孫傳第13. 75: 睦兩夏侯京翼李傳第45. 76: 趙尹韓張兩王傳第46. 79: 馮奉世傳第49. 80: 宣元六王傳第50. 81: 匡張孔馬傳第51. 82: 王商史丹傳第52. 83: 薛宣朱博傳第53. 84: 翟方進傳第54. 85: 谷永杜鄴傳第55. 86: 何武王嘉師丹傳第56|四周単辺有界10行17字注文双行, 内匡廓: 24.9×16.9cm, 白口双黒魚尾|朝鮮刊本(甲寅字体木活字)|朝鮮綴|16の冒頭に「星吾七十歳小象」あり|16, 25の欄外に「安東校上」との墨書あり|印記: 「□□□府之印」, 「飛青閣蔵書印」, 「宜都楊氏蔵書記」, 「星吾海外訪得秘笈」, 「星吾七十歳小象」, 「楊守敬印」, 「西備福山鹽田中圖書記」, 「勝鹿文庫」, 「松本氏圖書印」(松本月痴), 「森氏」(森枳園), 「金澤文庫」, 「島田鈞」, 「島田氏雙桂樓収臧」(島田篁村), 「南葵文庫」|虫損あり (裏打ち補修あり)",http://tify.sub.uni-goettingen.de/demo.html?manifest=https://archdataset.dl.itc.u-tokyo.ac.jp/manifest/7f2d5188-1b5f-2c57-9471-2b9cf79c470d.json,7f2d5188-1b5f-2c57-9471-2b9cf79c470d,https://iiif.dl.itc.u-tokyo.ac.jp/repo/s/nanki/,https://iiif.dl.itc.u-tokyo.ac.jp/repo/s/nanki/document/7f2d5188-1b5f-2c57-9471-2b9cf79c470d,https://www.lib.u-tokyo.ac.jp/ja/library/contents/archives-top/reuse,https://iiif.dl.itc.u-tokyo.ac.jp/repo/files/medium/a63c5a9883e4f793d5eb5a96a5006d094c7dc47b.jpg,https://iiif.dl.itc.u-tokyo.ac.jp/repo/api/items/1002099,"東京大学総合図書館 General Library, The University of Tokyo, JAPAN",http://iiif.io/api/presentation/2#rightToLeftDirection,,総合図書館所蔵南葵文庫,0012,,https://iiif.dl.itc.u-tokyo.ac.jp/repo/iiif/7f2d5188-1b5f-2c57-9471-2b9cf79c470d/manifest,,,,,64
漢書 100巻(存16巻) [8],A00:4002,カンジョ,班 固,9,[出版者不明],[李朝中期],図書,中国語,"版心の書名: 前漢年表, 前漢志, 前漢傳|内容: 16: 高惠高后文功臣表第4. 25: 郊祀志卷第5. 27: 五行志卷第7中-下. 41: 樊酈滕灌傳靳周傳第11. 42: 張周趙任申屠傳第12. 43: 酈陸朱劉叔孫傳第13. 75: 睦兩夏侯京翼李傳第45. 76: 趙尹韓張兩王傳第46. 79: 馮奉世傳第49. 80: 宣元六王傳第50. 81: 匡張孔馬傳第51. 82: 王商史丹傳第52. 83: 薛宣朱博傳第53. 84: 翟方進傳第54. 85: 谷永杜鄴傳第55. 86: 何武王嘉師丹傳第56|四周単辺有界10行17字注文双行, 内匡廓: 24.9×16.9cm, 白口双黒魚尾|朝鮮刊本(甲寅字体木活字)|朝鮮綴|16の冒頭に「星吾七十歳小象」あり|16, 25の欄外に「安東校上」との墨書あり|印記: 「□□□府之印」, 「飛青閣蔵書印」, 「宜都楊氏蔵書記」, 「星吾海外訪得秘笈」, 「星吾七十歳小象」, 「楊守敬印」, 「西備福山鹽田中圖書記」, 「勝鹿文庫」, 「松本氏圖書印」(松本月痴), 「森氏」(森枳園), 「金澤文庫」, 「島田鈞」, 「島田氏雙桂樓収臧」(島田篁村), 「南葵文庫」|虫損あり (裏打ち補修あり)",http://tify.sub.uni-goettingen.de/demo.html?manifest=https://archdataset.dl.itc.u-tokyo.ac.jp/manifest/677344cb-45c3-a6d4-8862-5fc092c07749.json,677344cb-45c3-a6d4-8862-5fc092c07749,https://iiif.dl.itc.u-tokyo.ac.jp/repo/s/nanki/,https://iiif.dl.itc.u-tokyo.ac.jp/repo/s/nanki/document/677344cb-45c3-a6d4-8862-5fc092c07749,https://www.lib.u-tokyo.ac.jp/ja/library/contents/archives-top/reuse,https://iiif.dl.itc.u-tokyo.ac.jp/repo/files/medium/d10b9b3119572a1124fbb8d961da451f1ba6adf6.jpg,https://iiif.dl.itc.u-tokyo.ac.jp/repo/api/items/1002098,"東京大学総合図書館 General Library, The University of Tokyo, JAPAN",http://iiif.io/api/presentation/2#rightToLeftDirection,,総合図書館所蔵南葵文庫,0013,,https://iiif.dl.itc.u-tokyo.ac.jp/repo/iiif/677344cb-45c3-a6d4-8862-5fc092c07749/manifest,,,,,67
漢書 100巻(存16巻) [9],A00:4002,カンジョ,班 固,9,[出版者不明],[李朝中期],図書,中国語,"版心の書名: 前漢年表, 前漢志, 前漢傳|内容: 16: 高惠高后文功臣表第4. 25: 郊祀志卷第5. 27: 五行志卷第7中-下. 41: 樊酈滕灌傳靳周傳第11. 42: 張周趙任申屠傳第12. 43: 酈陸朱劉叔孫傳第13. 75: 睦兩夏侯京翼李傳第45. 76: 趙尹韓張兩王傳第46. 79: 馮奉世傳第49. 80: 宣元六王傳第50. 81: 匡張孔馬傳第51. 82: 王商史丹傳第52. 83: 薛宣朱博傳第53. 84: 翟方進傳第54. 85: 谷永杜鄴傳第55. 86: 何武王嘉師丹傳第56|四周単辺有界10行17字注文双行, 内匡廓: 24.9×16.9cm, 白口双黒魚尾|朝鮮刊本(甲寅字体木活字)|朝鮮綴|16の冒頭に「星吾七十歳小象」あり|16, 25の欄外に「安東校上」との墨書あり|印記: 「□□□府之印」, 「飛青閣蔵書印」, 「宜都楊氏蔵書記」, 「星吾海外訪得秘笈」, 「星吾七十歳小象」, 「楊守敬印」, 「西備福山鹽田中圖書記」, 「勝鹿文庫」, 「松本氏圖書印」(松本月痴), 「森氏」(森枳園), 「金澤文庫」, 「島田鈞」, 「島田氏雙桂樓収臧」(島田篁村), 「南葵文庫」|虫損あり (裏打ち補修あり)",http://tify.sub.uni-goettingen.de/demo.html?manifest=https://archdataset.dl.itc.u-tokyo.ac.jp/manifest/1e3ff7f6-8760-5638-10d5-35fc31d094c9.json,1e3ff7f6-8760-5638-10d5-35fc31d094c9,https://iiif.dl.itc.u-tokyo.ac.jp/repo/s/nanki/,https://iiif.dl.itc.u-tokyo.ac.jp/repo/s/nanki/document/1e3ff7f6-8760-5638-10d5-35fc31d094c9,https://www.lib.u-tokyo.ac.jp/ja/library/contents/archives-top/reuse,https://iiif.dl.itc.u-tokyo.ac.jp/repo/files/medium/6228fd5df8c9651d5850f486244505b7f9916b66.jpg,https://iiif.dl.itc.u-tokyo.ac.jp/repo/api/items/1002097,"東京大学総合図書館 General Library, The University of Tokyo, JAPAN",http://iiif.io/api/presentation/2#rightToLeftDirection,,総合図書館所蔵南葵文庫,0014,,https://iiif.dl.itc.u-tokyo.ac.jp/repo/iiif/1e3ff7f6-8760-5638-10d5-35fc31d094c9/manifest,,,,,61
熱海日記,A00:4014,アタミ ニッキ,片岡 寛光,1,[片岡寛光] [自筆],[文政年間],図書,日本語,"写本|冒頭に「ことし享和三とせといふとし」とあり|奥書末に「嘉永の六とせの秋のまつかた 八十六翁 彦麻呂」, 「この日記は今より八十七年のおり片罡の寛光はみつから筆とりてしるし ... 明治廿二年三月廿七日熱海なり小林といふ旅のやとりにて六十八翁小中村清矩」とあり|印記: 「武蔵國江戸住三浦若海圖書」, 「陽春廬記」(小中村清矩), 「紀伊恴川 南葵文庫」|虫損あり (裏打ち補修あり)",http://tify.sub.uni-goettingen.de/demo.html?manifest=https://archdataset.dl.itc.u-tokyo.ac.jp/manifest/5ec2b04b-0256-a610-5340-ea75266e5174.json,5ec2b04b-0256-a610-5340-ea75266e5174,https://iiif.dl.itc.u-tokyo.ac.jp/repo/s/nanki/,https://iiif.dl.itc.u-tokyo.ac.jp/repo/s/nanki/document/5ec2b04b-0256-a610-5340-ea75266e5174,https://www.lib.u-tokyo.ac.jp/ja/library/contents/archives-top/reuse,https://iiif.dl.itc.u-tokyo.ac.jp/repo/files/medium/11f57a4f8e88d7197a4faccac6b4a981b64aa863.jpg,https://iiif.dl.itc.u-tokyo.ac.jp/repo/api/items/1002096,"東京大学総合図書館 General Library, The University of Tokyo, JAPAN",http://iiif.io/api/presentation/2#rightToLeftDirection,,総合図書館所蔵南葵文庫,0015,,https://iiif.dl.itc.u-tokyo.ac.jp/repo/iiif/5ec2b04b-0256-a610-5340-ea75266e5174/manifest,,,,,46
古事記 3巻 [1],A00:4016,コジキ,太 安万侶,3,塙保己一 [写],寛政13 [1801] 奥書,図書,日本語,"写本|序に「和銅四年九月十八日詔臣安萬侶撰録裨田阿礼所誦之勑語舊辝以獻上者謹随詔㫖子細採摭 ... 和銅五年正月八月 正五位上勲五等太朝臣安萬侶」とあり|原奥書に「文永三年二月仲旬書冩畢 神祇權大副大中臣定丗判 ... 借請親忠朝臣一夲吉田大納言定房卿被所望之間依家君御命書冩進畢又一夲書冩之止之」とあり|奥書に「右古事記三卷奉仰以真福寺所蔵古夲書冩拠刋本度會延佳挍夲及一夲挍正之畢 ... 寛政十三年辛酉正月検挍保己一」とあり|上卷の見返しに「此書は塙検校の写したり真福寺本に拠りて内藤廣前翁の写させてみものなりを翁の歿後おのれの藏書となれり ... 慶応三年の秋 小中村清矩」との識語あり|毎半葉8行18字注文双行|付訓あり|朱墨筆書き入れあり|修正貼り紙あり|印記: 「賢木園記」(内藤広前), 「東洲文庫」, 「陽春廬記」(小中村清矩), 「紀伊恴川 南葵文庫」|虫損あり (裏打ち補修あり)",http://tify.sub.uni-goettingen.de/demo.html?manifest=https://archdataset.dl.itc.u-tokyo.ac.jp/manifest/918c58dc-8350-97bf-83d2-9f557e026811.json,918c58dc-8350-97bf-83d2-9f557e026811,https://iiif.dl.itc.u-tokyo.ac.jp/repo/s/nanki/,https://iiif.dl.itc.u-tokyo.ac.jp/repo/s/nanki/document/918c58dc-8350-97bf-83d2-9f557e026811,https://www.lib.u-tokyo.ac.jp/ja/library/contents/archives-top/reuse,https://iiif.dl.itc.u-tokyo.ac.jp/repo/files/medium/f5a2351fb7c9168669e380eff456e7665f415e2d.jpg,https://iiif.dl.itc.u-tokyo.ac.jp/repo/api/items/1002095,"東京大学総合図書館 General Library, The University of Tokyo, JAPAN",http://iiif.io/api/presentation/2#rightToLeftDirection,,総合図書館所蔵南葵文庫,0016,,https://iiif.dl.itc.u-tokyo.ac.jp/repo/iiif/918c58dc-8350-97bf-83d2-9f557e026811/manifest,,,,,62
古事記 3巻 [2],A00:4016,コジキ,太 安万侶,3,塙保己一 [写],寛政13 [1801] 奥書,図書,日本語,"写本|序に「和銅四年九月十八日詔臣安萬侶撰録裨田阿礼所誦之勑語舊辝以獻上者謹随詔㫖子細採摭 ... 和銅五年正月八月 正五位上勲五等太朝臣安萬侶」とあり|原奥書に「文永三年二月仲旬書冩畢 神祇權大副大中臣定丗判 ... 借請親忠朝臣一夲吉田大納言定房卿被所望之間依家君御命書冩進畢又一夲書冩之止之」とあり|奥書に「右古事記三卷奉仰以真福寺所蔵古夲書冩拠刋本度會延佳挍夲及一夲挍正之畢 ... 寛政十三年辛酉正月検挍保己一」とあり|上卷の見返しに「此書は塙検校の写したり真福寺本に拠りて内藤廣前翁の写させてみものなりを翁の歿後おのれの藏書となれり ... 慶応三年の秋 小中村清矩」との識語あり|毎半葉8行18字注文双行|付訓あり|朱墨筆書き入れあり|修正貼り紙あり|印記: 「賢木園記」(内藤広前), 「東洲文庫」, 「陽春廬記」(小中村清矩), 「紀伊恴川 南葵文庫」|虫損あり (裏打ち補修あり)",http://tify.sub.uni-goettingen.de/demo.html?manifest=https://archdataset.dl.itc.u-tokyo.ac.jp/manifest/44d41538-66ef-25be-9ed4-a08760384f1e.json,44d41538-66ef-25be-9ed4-a08760384f1e,https://iiif.dl.itc.u-tokyo.ac.jp/repo/s/nanki/,https://iiif.dl.itc.u-tokyo.ac.jp/repo/s/nanki/document/44d41538-66ef-25be-9ed4-a08760384f1e,https://www.lib.u-tokyo.ac.jp/ja/library/contents/archives-top/reuse,https://iiif.dl.itc.u-tokyo.ac.jp/repo/files/medium/68dc56c90ce2f8841a771bb3d1747d6f7d8b6f15.jpg,https://iiif.dl.itc.u-tokyo.ac.jp/repo/api/items/1002094,"東京大学総合図書館 General Library, The University of Tokyo, JAPAN",http://iiif.io/api/presentation/2#rightToLeftDirection,,総合図書館所蔵南葵文庫,0017,,https://iiif.dl.itc.u-tokyo.ac.jp/repo/iiif/44d41538-66ef-25be-9ed4-a08760384f1e/manifest,,,,,67
古事記 3巻 [3],A00:4016,コジキ,太 安万侶,3,塙保己一 [写],寛政13 [1801] 奥書,図書,日本語,"写本|序に「和銅四年九月十八日詔臣安萬侶撰録裨田阿礼所誦之勑語舊辝以獻上者謹随詔㫖子細採摭 ... 和銅五年正月八月 正五位上勲五等太朝臣安萬侶」とあり|原奥書に「文永三年二月仲旬書冩畢 神祇權大副大中臣定丗判 ... 借請親忠朝臣一夲吉田大納言定房卿被所望之間依家君御命書冩進畢又一夲書冩之止之」とあり|奥書に「右古事記三卷奉仰以真福寺所蔵古夲書冩拠刋本度會延佳挍夲及一夲挍正之畢 ... 寛政十三年辛酉正月検挍保己一」とあり|上卷の見返しに「此書は塙検校の写したり真福寺本に拠りて内藤廣前翁の写させてみものなりを翁の歿後おのれの藏書となれり ... 慶応三年の秋 小中村清矩」との識語あり|毎半葉8行18字注文双行|付訓あり|朱墨筆書き入れあり|修正貼り紙あり|印記: 「賢木園記」(内藤広前), 「東洲文庫」, 「陽春廬記」(小中村清矩), 「紀伊恴川 南葵文庫」|虫損あり (裏打ち補修あり)",http://tify.sub.uni-goettingen.de/demo.html?manifest=https://archdataset.dl.itc.u-tokyo.ac.jp/manifest/8a768177-9fa1-6da0-3cf5-359f424c090f.json,8a768177-9fa1-6da0-3cf5-359f424c090f,https://iiif.dl.itc.u-tokyo.ac.jp/repo/s/nanki/,https://iiif.dl.itc.u-tokyo.ac.jp/repo/s/nanki/document/8a768177-9fa1-6da0-3cf5-359f424c090f,https://www.lib.u-tokyo.ac.jp/ja/library/contents/archives-top/reuse,https://iiif.dl.itc.u-tokyo.ac.jp/repo/files/medium/17273743f4ad711d654ce32c7f940f168ba8da06.jpg,https://iiif.dl.itc.u-tokyo.ac.jp/repo/api/items/1002093,"東京大学総合図書館 General Library, The University of Tokyo, JAPAN",http://iiif.io/api/presentation/2#rightToLeftDirection,,総合図書館所蔵南葵文庫,0018,,https://iiif.dl.itc.u-tokyo.ac.jp/repo/iiif/8a768177-9fa1-6da0-3cf5-359f424c090f/manifest,,,,,49
秋夜長物語,A00:4017,アキノヨ ノ ナガモノガタリ,小田 清雄,1,小田清雄 [写],明治15 [1882] 奥書,図書,日本語,"写本|扉の書名: 秋夜の長語 : 挍異本|小口書: アキノヨ ノ ナガモノガタリ|原奥書に「嘉吉第二暦二月十五日於台嶺本院東溪成坊之學窓遂冩切訖 右斐紙主岩若丸」, 「明應八年己未六月廿五日於根本院東谷乗泉坊 ... 千代丸主十六ノ時」, 「寛文十四暦癸巳六月五日 一閑冩之」とあり|奥書に「小林久三郎寺地町東一丁に住のつかへもてる本を摹写して群書類從第六百十一に収める本を以て一挍しつ 明治十五年六月 小田清雄しるす」とあり|巻末に黒川真瀬との書簡抄(1丁)あり|毎半葉9-10行|冒頭に貼紙1丁あり|朱筆による傍点, 傍注あり|印記: 「小田」, 「やすむろ」(小中村清矩), 「紀伊恴川 南葵文庫」",http://tify.sub.uni-goettingen.de/demo.html?manifest=https://archdataset.dl.itc.u-tokyo.ac.jp/manifest/ce8f93b6-2dd8-0438-9784-a2c3d3523654.json,ce8f93b6-2dd8-0438-9784-a2c3d3523654,https://iiif.dl.itc.u-tokyo.ac.jp/repo/s/nanki/,https://iiif.dl.itc.u-tokyo.ac.jp/repo/s/nanki/document/ce8f93b6-2dd8-0438-9784-a2c3d3523654,https://www.lib.u-tokyo.ac.jp/ja/library/contents/archives-top/reuse,https://iiif.dl.itc.u-tokyo.ac.jp/repo/files/medium/cab5d3b2d2e7000cc49ed73e467f5a05ca420131.jpg,https://iiif.dl.itc.u-tokyo.ac.jp/repo/api/items/1002092,"東京大学総合図書館 General Library, The University of Tokyo, JAPAN",http://iiif.io/api/presentation/2#rightToLeftDirection,,総合図書館所蔵南葵文庫,0019,,https://iiif.dl.itc.u-tokyo.ac.jp/repo/iiif/ce8f93b6-2dd8-0438-9784-a2c3d3523654/manifest,,,,,38
狹衣 4巻 [1],A00:4035,サゴロモ,,8,[出版者不明],[江戸前期],図書,日本語,"大尾の識語に「寛政七とせ八月平春海ぬしか古夲もて考へしかせるをうわえてそのままにうつし侍りておなし十月十日のよるをはりぬ 出雲光氐」との墨書あり|毎半葉13行|漢字平仮名交じり文|古活字版|卷第1之上の見返しに「此古本松平周防守の家にあり」との墨書あり|小口貼紙に「活板 系圖付」とあり|系圖を欠く|朱墨筆書き入れあり|印記: 「陽春廬記」(小中村清矩), 「紀伊恴川 南葵文庫」|汚損, 虫損あり",http://tify.sub.uni-goettingen.de/demo.html?manifest=https://archdataset.dl.itc.u-tokyo.ac.jp/manifest/bfc214e7-71a1-643f-2a7f-a25d5fc97ef3.json,bfc214e7-71a1-643f-2a7f-a25d5fc97ef3,https://iiif.dl.itc.u-tokyo.ac.jp/repo/s/nanki/,https://iiif.dl.itc.u-tokyo.ac.jp/repo/s/nanki/document/bfc214e7-71a1-643f-2a7f-a25d5fc97ef3,https://www.lib.u-tokyo.ac.jp/ja/library/contents/archives-top/reuse,https://iiif.dl.itc.u-tokyo.ac.jp/repo/files/medium/03ae02f5178ffe91b22ea83a1288183cb1513928.jpg,https://iiif.dl.itc.u-tokyo.ac.jp/repo/api/items/1002091,"東京大学総合図書館 General Library, The University of Tokyo, JAPAN",http://iiif.io/api/presentation/2#rightToLeftDirection,,総合図書館所蔵南葵文庫,0020,,https://iiif.dl.itc.u-tokyo.ac.jp/repo/iiif/bfc214e7-71a1-643f-2a7f-a25d5fc97ef3/manifest,,,,,46
狹衣 4巻 [2],A00:4035,サゴロモ,,8,[出版者不明],[江戸前期],図書,日本語,"大尾の識語に「寛政七とせ八月平春海ぬしか古夲もて考へしかせるをうわえてそのままにうつし侍りておなし十月十日のよるをはりぬ 出雲光氐」との墨書あり|毎半葉13行|漢字平仮名交じり文|古活字版|卷第1之上の見返しに「此古本松平周防守の家にあり」との墨書あり|小口貼紙に「活板 系圖付」とあり|系圖を欠く|朱墨筆書き入れあり|印記: 「陽春廬記」(小中村清矩), 「紀伊恴川 南葵文庫」|汚損, 虫損あり",http://tify.sub.uni-goettingen.de/demo.html?manifest=https://archdataset.dl.itc.u-tokyo.ac.jp/manifest/79b1969f-5011-6a4e-416c-edafee5a97c4.json,79b1969f-5011-6a4e-416c-edafee5a97c4,https://iiif.dl.itc.u-tokyo.ac.jp/repo/s/nanki/,https://iiif.dl.itc.u-tokyo.ac.jp/repo/s/nanki/document/79b1969f-5011-6a4e-416c-edafee5a97c4,https://www.lib.u-tokyo.ac.jp/ja/library/contents/archives-top/reuse,https://iiif.dl.itc.u-tokyo.ac.jp/repo/files/medium/59663339228956cfcc24a9fe53c03e20ae46c4f5.jpg,https://iiif.dl.itc.u-tokyo.ac.jp/repo/api/items/1002090,"東京大学総合図書館 General Library, The University of Tokyo, JAPAN",http://iiif.io/api/presentation/2#rightToLeftDirection,,総合図書館所蔵南葵文庫,0021,,https://iiif.dl.itc.u-tokyo.ac.jp/repo/iiif/79b1969f-5011-6a4e-416c-edafee5a97c4/manifest,,,,,40
狹衣 4巻 [3],A00:4035,サゴロモ,,8,[出版者不明],[江戸前期],図書,日本語,"大尾の識語に「寛政七とせ八月平春海ぬしか古夲もて考へしかせるをうわえてそのままにうつし侍りておなし十月十日のよるをはりぬ 出雲光氐」との墨書あり|毎半葉13行|漢字平仮名交じり文|古活字版|卷第1之上の見返しに「此古本松平周防守の家にあり」との墨書あり|小口貼紙に「活板 系圖付」とあり|系圖を欠く|朱墨筆書き入れあり|印記: 「陽春廬記」(小中村清矩), 「紀伊恴川 南葵文庫」|汚損, 虫損あり",http://tify.sub.uni-goettingen.de/demo.html?manifest=https://archdataset.dl.itc.u-tokyo.ac.jp/manifest/05c0bdbc-3393-3fe4-01ee-a7ace8e21b26.json,05c0bdbc-3393-3fe4-01ee-a7ace8e21b26,https://iiif.dl.itc.u-tokyo.ac.jp/repo/s/nanki/,https://iiif.dl.itc.u-tokyo.ac.jp/repo/s/nanki/document/05c0bdbc-3393-3fe4-01ee-a7ace8e21b26,https://www.lib.u-tokyo.ac.jp/ja/library/contents/archives-top/reuse,https://iiif.dl.itc.u-tokyo.ac.jp/repo/files/medium/fcf07469af344041cae702c8b3ae87b6c1e9694a.jpg,https://iiif.dl.itc.u-tokyo.ac.jp/repo/api/items/1002089,"東京大学総合図書館 General Library, The University of Tokyo, JAPAN",http://iiif.io/api/presentation/2#rightToLeftDirection,,総合図書館所蔵南葵文庫,0022,,https://iiif.dl.itc.u-tokyo.ac.jp/repo/iiif/05c0bdbc-3393-3fe4-01ee-a7ace8e21b26/manifest,,,,,40
狹衣 4巻 [4],A00:4035,サゴロモ,,8,[出版者不明],[江戸前期],図書,日本語,"大尾の識語に「寛政七とせ八月平春海ぬしか古夲もて考へしかせるをうわえてそのままにうつし侍りておなし十月十日のよるをはりぬ 出雲光氐」との墨書あり|毎半葉13行|漢字平仮名交じり文|古活字版|卷第1之上の見返しに「此古本松平周防守の家にあり」との墨書あり|小口貼紙に「活板 系圖付」とあり|系圖を欠く|朱墨筆書き入れあり|印記: 「陽春廬記」(小中村清矩), 「紀伊恴川 南葵文庫」|汚損, 虫損あり",http://tify.sub.uni-goettingen.de/demo.html?manifest=https://archdataset.dl.itc.u-tokyo.ac.jp/manifest/4e2aeb4b-47dd-4660-5624-7af2947b8798.json,4e2aeb4b-47dd-4660-5624-7af2947b8798,https://iiif.dl.itc.u-tokyo.ac.jp/repo/s/nanki/,https://iiif.dl.itc.u-tokyo.ac.jp/repo/s/nanki/document/4e2aeb4b-47dd-4660-5624-7af2947b8798,https://www.lib.u-tokyo.ac.jp/ja/library/contents/archives-top/reuse,https://iiif.dl.itc.u-tokyo.ac.jp/repo/files/medium/c3f3b23322c517683cb076de487d91788f48f9b5.jpg,https://iiif.dl.itc.u-tokyo.ac.jp/repo/api/items/1002088,"東京大学総合図書館 General Library, The University of Tokyo, JAPAN",http://iiif.io/api/presentation/2#rightToLeftDirection,,総合図書館所蔵南葵文庫,0023,,https://iiif.dl.itc.u-tokyo.ac.jp/repo/iiif/4e2aeb4b-47dd-4660-5624-7af2947b8798/manifest,,,,,50
狹衣 4巻 [5],A00:4035,サゴロモ,,8,[出版者不明],[江戸前期],図書,日本語,"大尾の識語に「寛政七とせ八月平春海ぬしか古夲もて考へしかせるをうわえてそのままにうつし侍りておなし十月十日のよるをはりぬ 出雲光氐」との墨書あり|毎半葉13行|漢字平仮名交じり文|古活字版|卷第1之上の見返しに「此古本松平周防守の家にあり」との墨書あり|小口貼紙に「活板 系圖付」とあり|系圖を欠く|朱墨筆書き入れあり|印記: 「陽春廬記」(小中村清矩), 「紀伊恴川 南葵文庫」|汚損, 虫損あり",http://tify.sub.uni-goettingen.de/demo.html?manifest=https://archdataset.dl.itc.u-tokyo.ac.jp/manifest/def27469-125a-4d5f-07d7-602b8f6198e0.json,def27469-125a-4d5f-07d7-602b8f6198e0,https://iiif.dl.itc.u-tokyo.ac.jp/repo/s/nanki/,https://iiif.dl.itc.u-tokyo.ac.jp/repo/s/nanki/document/def27469-125a-4d5f-07d7-602b8f6198e0,https://www.lib.u-tokyo.ac.jp/ja/library/contents/archives-top/reuse,https://iiif.dl.itc.u-tokyo.ac.jp/repo/files/medium/a65cf405045d6b99a82e92e1b66e8d9923ecf682.jpg,https://iiif.dl.itc.u-tokyo.ac.jp/repo/api/items/1002087,"東京大学総合図書館 General Library, The University of Tokyo, JAPAN",http://iiif.io/api/presentation/2#rightToLeftDirection,,総合図書館所蔵南葵文庫,0024,,https://iiif.dl.itc.u-tokyo.ac.jp/repo/iiif/def27469-125a-4d5f-07d7-602b8f6198e0/manifest,,,,,57
狹衣 4巻 [6],A00:4035,サゴロモ,,8,[出版者不明],[江戸前期],図書,日本語,"大尾の識語に「寛政七とせ八月平春海ぬしか古夲もて考へしかせるをうわえてそのままにうつし侍りておなし十月十日のよるをはりぬ 出雲光氐」との墨書あり|毎半葉13行|漢字平仮名交じり文|古活字版|卷第1之上の見返しに「此古本松平周防守の家にあり」との墨書あり|小口貼紙に「活板 系圖付」とあり|系圖を欠く|朱墨筆書き入れあり|印記: 「陽春廬記」(小中村清矩), 「紀伊恴川 南葵文庫」|汚損, 虫損あり",http://tify.sub.uni-goettingen.de/demo.html?manifest=https://archdataset.dl.itc.u-tokyo.ac.jp/manifest/d1a45c87-067b-a772-4bb7-7e1f7fc37811.json,d1a45c87-067b-a772-4bb7-7e1f7fc37811,https://iiif.dl.itc.u-tokyo.ac.jp/repo/s/nanki/,https://iiif.dl.itc.u-tokyo.ac.jp/repo/s/nanki/document/d1a45c87-067b-a772-4bb7-7e1f7fc37811,https://www.lib.u-tokyo.ac.jp/ja/library/contents/archives-top/reuse,https://iiif.dl.itc.u-tokyo.ac.jp/repo/files/medium/77e0cd445dfc1467c0e123eb9b1772a41ab34d4a.jpg,https://iiif.dl.itc.u-tokyo.ac.jp/repo/api/items/1002086,"東京大学総合図書館 General Library, The University of Tokyo, JAPAN",http://iiif.io/api/presentation/2#rightToLeftDirection,,総合図書館所蔵南葵文庫,0025,,https://iiif.dl.itc.u-tokyo.ac.jp/repo/iiif/d1a45c87-067b-a772-4bb7-7e1f7fc37811/manifest,,,,,62
狹衣 4巻 [7],A00:4035,サゴロモ,,8,[出版者不明],[江戸前期],図書,日本語,"大尾の識語に「寛政七とせ八月平春海ぬしか古夲もて考へしかせるをうわえてそのままにうつし侍りておなし十月十日のよるをはりぬ 出雲光氐」との墨書あり|毎半葉13行|漢字平仮名交じり文|古活字版|卷第1之上の見返しに「此古本松平周防守の家にあり」との墨書あり|小口貼紙に「活板 系圖付」とあり|系圖を欠く|朱墨筆書き入れあり|印記: 「陽春廬記」(小中村清矩), 「紀伊恴川 南葵文庫」|汚損, 虫損あり",http://tify.sub.uni-goettingen.de/demo.html?manifest=https://archdataset.dl.itc.u-tokyo.ac.jp/manifest/5cffe225-664a-731d-78ea-2629f36908b3.json,5cffe225-664a-731d-78ea-2629f36908b3,https://iiif.dl.itc.u-tokyo.ac.jp/repo/s/nanki/,https://iiif.dl.itc.u-tokyo.ac.jp/repo/s/nanki/document/5cffe225-664a-731d-78ea-2629f36908b3,https://www.lib.u-tokyo.ac.jp/ja/library/contents/archives-top/reuse,https://iiif.dl.itc.u-tokyo.ac.jp/repo/files/medium/187eb451ebbbbb8606902672b93e275ace6b11f4.jpg,https://iiif.dl.itc.u-tokyo.ac.jp/repo/api/items/1002085,"東京大学総合図書館 General Library, The University of Tokyo, JAPAN",http://iiif.io/api/presentation/2#rightToLeftDirection,,総合図書館所蔵南葵文庫,0026,,https://iiif.dl.itc.u-tokyo.ac.jp/repo/iiif/5cffe225-664a-731d-78ea-2629f36908b3/manifest,,,,,77
狹衣 4巻 [8],A00:4035,サゴロモ,,8,[出版者不明],[江戸前期],図書,日本語,"大尾の識語に「寛政七とせ八月平春海ぬしか古夲もて考へしかせるをうわえてそのままにうつし侍りておなし十月十日のよるをはりぬ 出雲光氐」との墨書あり|毎半葉13行|漢字平仮名交じり文|古活字版|卷第1之上の見返しに「此古本松平周防守の家にあり」との墨書あり|小口貼紙に「活板 系圖付」とあり|系圖を欠く|朱墨筆書き入れあり|印記: 「陽春廬記」(小中村清矩), 「紀伊恴川 南葵文庫」|汚損, 虫損あり",http://tify.sub.uni-goettingen.de/demo.html?manifest=https://archdataset.dl.itc.u-tokyo.ac.jp/manifest/f5f60bc2-64b6-7396-8f63-c9d8877a037d.json,f5f60bc2-64b6-7396-8f63-c9d8877a037d,https://iiif.dl.itc.u-tokyo.ac.jp/repo/s/nanki/,https://iiif.dl.itc.u-tokyo.ac.jp/repo/s/nanki/document/f5f60bc2-64b6-7396-8f63-c9d8877a037d,https://www.lib.u-tokyo.ac.jp/ja/library/contents/archives-top/reuse,https://iiif.dl.itc.u-tokyo.ac.jp/repo/files/medium/54685e1ae9ce32bea6c20184fb4bf29574c64ad1.jpg,https://iiif.dl.itc.u-tokyo.ac.jp/repo/api/items/1002084,"東京大学総合図書館 General Library, The University of Tokyo, JAPAN",http://iiif.io/api/presentation/2#rightToLeftDirection,,総合図書館所蔵南葵文庫,0027,,https://iiif.dl.itc.u-tokyo.ac.jp/repo/iiif/f5f60bc2-64b6-7396-8f63-c9d8877a037d/manifest,,,,,50
みちゆき風俗,A00:4036,ミチユキブリ,建部 綾足,1,月花知足 [写],文政13 [1830] 奥書,図書,日本語,"写本|書名は扉による|題簽の書名: みちゆきふり|奥中の書名: 道行ふり|題簽に「寒葉齋」とあり|原奥書に「此道行ふるは ... 清原真人はるを冩」, 「春岑叟やつかれうつしとりて ... 五月六日閑林舎におひて書はたしぬ 寛政六寅嵗」とあり|奥書末に「此さつし水無月なかつ日みかほとに春秋齋におひてみつから書はたしぬ 文政十三寅林鐘 月花知足」とあり (「成澤氏」, 「萅秋□齋」との落款朱印あり)|毎半葉12行|墨筆書き入れあり|印記: 「やすむろ」(小中村清矩), 「紀伊恴川 南葵文庫」|虫損あり",http://tify.sub.uni-goettingen.de/demo.html?manifest=https://archdataset.dl.itc.u-tokyo.ac.jp/manifest/c2a465e3-6b7e-6d6f-56f5-f3d75e781c6e.json,c2a465e3-6b7e-6d6f-56f5-f3d75e781c6e,https://iiif.dl.itc.u-tokyo.ac.jp/repo/s/nanki/,https://iiif.dl.itc.u-tokyo.ac.jp/repo/s/nanki/document/c2a465e3-6b7e-6d6f-56f5-f3d75e781c6e,https://www.lib.u-tokyo.ac.jp/ja/library/contents/archives-top/reuse,https://iiif.dl.itc.u-tokyo.ac.jp/repo/files/medium/72494a9eeea565029212c8261d86308fdeb459fb.jpg,https://iiif.dl.itc.u-tokyo.ac.jp/repo/api/items/1002083,"東京大学総合図書館 General Library, The University of Tokyo, JAPAN",http://iiif.io/api/presentation/2#rightToLeftDirection,,総合図書館所蔵南葵文庫,0028,,https://iiif.dl.itc.u-tokyo.ac.jp/repo/iiif/c2a465e3-6b7e-6d6f-56f5-f3d75e781c6e/manifest,,,,,56
承久記 2巻 [1],A00:4037,ジョウキュウキ,,2,[出版者不明],[江戸前期],図書,日本語,"版心の書名: 承久|四周単辺無界12行23字, 内匡廓: 22.5×17.5cm, 中黒口双花魚尾|木活字版|印記: 「陽春廬記」(小中村清矩), 「紀伊恴川 南葵文庫」|虫損あり (裏打ち補修あり)",http://tify.sub.uni-goettingen.de/demo.html?manifest=https://archdataset.dl.itc.u-tokyo.ac.jp/manifest/8165d5a9-3fea-5d49-2d96-2cb426d3095d.json,8165d5a9-3fea-5d49-2d96-2cb426d3095d,https://iiif.dl.itc.u-tokyo.ac.jp/repo/s/nanki/,https://iiif.dl.itc.u-tokyo.ac.jp/repo/s/nanki/document/8165d5a9-3fea-5d49-2d96-2cb426d3095d,https://www.lib.u-tokyo.ac.jp/ja/library/contents/archives-top/reuse,https://iiif.dl.itc.u-tokyo.ac.jp/repo/files/medium/23711a74fbad82c9281f09214e275e64fa171308.jpg,https://iiif.dl.itc.u-tokyo.ac.jp/repo/api/items/1002082,"東京大学総合図書館 General Library, The University of Tokyo, JAPAN",http://iiif.io/api/presentation/2#rightToLeftDirection,,総合図書館所蔵南葵文庫,0029,,https://iiif.dl.itc.u-tokyo.ac.jp/repo/iiif/8165d5a9-3fea-5d49-2d96-2cb426d3095d/manifest,,,,,44
承久記 2巻 [2],A00:4037,ジョウキュウキ,,2,[出版者不明],[江戸前期],図書,日本語,"版心の書名: 承久|四周単辺無界12行23字, 内匡廓: 22.5×17.5cm, 中黒口双花魚尾|木活字版|印記: 「陽春廬記」(小中村清矩), 「紀伊恴川 南葵文庫」|虫損あり (裏打ち補修あり)",http://tify.sub.uni-goettingen.de/demo.html?manifest=https://archdataset.dl.itc.u-tokyo.ac.jp/manifest/9e72b20f-a5b0-8bf3-307e-6734d5de5210.json,9e72b20f-a5b0-8bf3-307e-6734d5de5210,https://iiif.dl.itc.u-tokyo.ac.jp/repo/s/nanki/,https://iiif.dl.itc.u-tokyo.ac.jp/repo/s/nanki/document/9e72b20f-a5b0-8bf3-307e-6734d5de5210,https://www.lib.u-tokyo.ac.jp/ja/library/contents/archives-top/reuse,https://iiif.dl.itc.u-tokyo.ac.jp/repo/files/medium/5db8cfa6c06a5d9a2f09268c32e766f9a0725473.jpg,https://iiif.dl.itc.u-tokyo.ac.jp/repo/api/items/1002081,"東京大学総合図書館 General Library, The University of Tokyo, JAPAN",http://iiif.io/api/presentation/2#rightToLeftDirection,,総合図書館所蔵南葵文庫,0030,,https://iiif.dl.itc.u-tokyo.ac.jp/repo/iiif/9e72b20f-a5b0-8bf3-307e-6734d5de5210/manifest,,,,,37
井底雜記 2巻,A00:4038,セイテイ ザッキ,山田 常典,1,横山由清 [写],文久2 [1862] 奥書,図書,日本語,"写本|下の巻頭書名: 井底雑記|表紙の書名: 井底雑記抄録|[跋]末に「文久といふとしはしまりての長月 ... 山田常典」とあり|奥書末に「ついてに所々からは抄し出る也 文久二年三月」とあり|後見返しに「これは心しりの友横山由清ぬしの筆のあと ... 明治十三年三月十三日 小中村清矩」との識語あり|毎半葉11行注文双行|付訓あり|朱墨筆書き入れあり|印記: 「月の屋」(横山由清), 「陽春廬記」(小中村清矩), 「紀伊恴川 南葵文庫」",http://tify.sub.uni-goettingen.de/demo.html?manifest=https://archdataset.dl.itc.u-tokyo.ac.jp/manifest/b54cb28b-1001-33cd-80bd-82b0448a0e7f.json,b54cb28b-1001-33cd-80bd-82b0448a0e7f,https://iiif.dl.itc.u-tokyo.ac.jp/repo/s/nanki/,https://iiif.dl.itc.u-tokyo.ac.jp/repo/s/nanki/document/b54cb28b-1001-33cd-80bd-82b0448a0e7f,https://www.lib.u-tokyo.ac.jp/ja/library/contents/archives-top/reuse,https://iiif.dl.itc.u-tokyo.ac.jp/repo/files/medium/7a4ac12c740925729b4e32cb251d34d527240260.jpg,https://iiif.dl.itc.u-tokyo.ac.jp/repo/api/items/1002080,"東京大学総合図書館 General Library, The University of Tokyo, JAPAN",http://iiif.io/api/presentation/2#rightToLeftDirection,,総合図書館所蔵南葵文庫,0031,,https://iiif.dl.itc.u-tokyo.ac.jp/repo/iiif/b54cb28b-1001-33cd-80bd-82b0448a0e7f/manifest,,,,,53
文久三癸亥年正月ヨリ九月初メ日雜書,A00:4065,ブンキュウ 3 キガイネン ショウガツ ヨリ 9ガツ ハジメ ノ ヒ ザッショ,,1,[書写者不明],[江戸末期],図書,日本語,写本|書名は原表紙による|南葵文庫蔵書票の書名: 文久三年一月ヨリ九月マデ雜書|帙題簽の書名: 文久三癸亥年正月より九月初め迄雜書|冒頭に「文久三亥正月井伊掃部頭直憲公家」とあり|井伊家宗家記の内(手紙など)|付箋あり|印記: 「紀伊恴川 南葵文庫」|焼損あり (裏打ち補修あり),http://tify.sub.uni-goettingen.de/demo.html?manifest=https://archdataset.dl.itc.u-tokyo.ac.jp/manifest/7a025695-5263-602a-3537-08ac49512d91.json,7a025695-5263-602a-3537-08ac49512d91,https://iiif.dl.itc.u-tokyo.ac.jp/repo/s/nanki/,https://iiif.dl.itc.u-tokyo.ac.jp/repo/s/nanki/document/7a025695-5263-602a-3537-08ac49512d91,https://www.lib.u-tokyo.ac.jp/ja/library/contents/archives-top/reuse,https://iiif.dl.itc.u-tokyo.ac.jp/repo/files/medium/d9349f6f5b595708a7d26b72ad84090f7b4f4d1f.jpg,https://iiif.dl.itc.u-tokyo.ac.jp/repo/api/items/1002079,"東京大学総合図書館 General Library, The University of Tokyo, JAPAN",http://iiif.io/api/presentation/2#rightToLeftDirection,,総合図書館所蔵南葵文庫,0032,,https://iiif.dl.itc.u-tokyo.ac.jp/repo/iiif/7a025695-5263-602a-3537-08ac49512d91/manifest,,,,,130
遍照發揮性靈集 10巻 [1],A00:4066,ヘンジョウ ハッキ セイレイシュウ,空海,5,[出版者不明],[江戸前期],図書,日本語,"書名及び巻冊次は目首による|卷第8-10の巻末書名: 續遍照發揮性靈集補闕鈔|版心の書名: 性霊集|補抄中の書名: 續性灵集補闕抄|四周双辺有界9行18字, 内匡廓: 22.4×16.1cm, 中黒口双花魚尾|古活字版|大尾に補抄(半丁)あり|補抄末に「勒成三巻立題号曰續性灵集補闕抄矣 ... 學者智炬乞尋殘文添此篇中」とあり|朱墨筆書き入れあり|胡粉による修正あり|印記: 「東向坊」, 「陽春廬記」(小中村清矩), 「紀伊恴川 南葵文庫」|虫損あり",http://tify.sub.uni-goettingen.de/demo.html?manifest=https://archdataset.dl.itc.u-tokyo.ac.jp/manifest/98d54897-a3dc-98c3-68fc-d1b9ec255f35.json,98d54897-a3dc-98c3-68fc-d1b9ec255f35,https://iiif.dl.itc.u-tokyo.ac.jp/repo/s/nanki/,https://iiif.dl.itc.u-tokyo.ac.jp/repo/s/nanki/document/98d54897-a3dc-98c3-68fc-d1b9ec255f35,https://www.lib.u-tokyo.ac.jp/ja/library/contents/archives-top/reuse,https://iiif.dl.itc.u-tokyo.ac.jp/repo/files/medium/ddd5ecb8ea76224caec388c107a8ef567c7d305a.jpg,https://iiif.dl.itc.u-tokyo.ac.jp/repo/api/items/1002078,"東京大学総合図書館 General Library, The University of Tokyo, JAPAN",http://iiif.io/api/presentation/2#rightToLeftDirection,,総合図書館所蔵南葵文庫,0033,,https://iiif.dl.itc.u-tokyo.ac.jp/repo/iiif/98d54897-a3dc-98c3-68fc-d1b9ec255f35/manifest,,,,,32
遍照發揮性靈集 10巻 [2],A00:4066,ヘンジョウ ハッキ セイレイシュウ,空海,5,[出版者不明],[江戸前期],図書,日本語,"書名及び巻冊次は目首による|卷第8-10の巻末書名: 續遍照發揮性靈集補闕鈔|版心の書名: 性霊集|補抄中の書名: 續性灵集補闕抄|四周双辺有界9行18字, 内匡廓: 22.4×16.1cm, 中黒口双花魚尾|古活字版|大尾に補抄(半丁)あり|補抄末に「勒成三巻立題号曰續性灵集補闕抄矣 ... 學者智炬乞尋殘文添此篇中」とあり|朱墨筆書き入れあり|胡粉による修正あり|印記: 「東向坊」, 「陽春廬記」(小中村清矩), 「紀伊恴川 南葵文庫」|虫損あり",http://tify.sub.uni-goettingen.de/demo.html?manifest=https://archdataset.dl.itc.u-tokyo.ac.jp/manifest/76fa3610-1498-3866-75e8-98b9808a6d1f.json,76fa3610-1498-3866-75e8-98b9808a6d1f,https://iiif.dl.itc.u-tokyo.ac.jp/repo/s/nanki/,https://iiif.dl.itc.u-tokyo.ac.jp/repo/s/nanki/document/76fa3610-1498-3866-75e8-98b9808a6d1f,https://www.lib.u-tokyo.ac.jp/ja/library/contents/archives-top/reuse,https://iiif.dl.itc.u-tokyo.ac.jp/repo/files/medium/e145c9dedade759f0cea2669bb2eb529cfb999ef.jpg,https://iiif.dl.itc.u-tokyo.ac.jp/repo/api/items/1002077,"東京大学総合図書館 General Library, The University of Tokyo, JAPAN",http://iiif.io/api/presentation/2#rightToLeftDirection,,総合図書館所蔵南葵文庫,0034,,https://iiif.dl.itc.u-tokyo.ac.jp/repo/iiif/76fa3610-1498-3866-75e8-98b9808a6d1f/manifest,,,,,29
遍照發揮性靈集 10巻 [3],A00:4066,ヘンジョウ ハッキ セイレイシュウ,空海,5,[出版者不明],[江戸前期],図書,日本語,"書名及び巻冊次は目首による|卷第8-10の巻末書名: 續遍照發揮性靈集補闕鈔|版心の書名: 性霊集|補抄中の書名: 續性灵集補闕抄|四周双辺有界9行18字, 内匡廓: 22.4×16.1cm, 中黒口双花魚尾|古活字版|大尾に補抄(半丁)あり|補抄末に「勒成三巻立題号曰續性灵集補闕抄矣 ... 學者智炬乞尋殘文添此篇中」とあり|朱墨筆書き入れあり|胡粉による修正あり|印記: 「東向坊」, 「陽春廬記」(小中村清矩), 「紀伊恴川 南葵文庫」|虫損あり",http://tify.sub.uni-goettingen.de/demo.html?manifest=https://archdataset.dl.itc.u-tokyo.ac.jp/manifest/a4b73dad-5e05-950d-709c-a8969347316e.json,a4b73dad-5e05-950d-709c-a8969347316e,https://iiif.dl.itc.u-tokyo.ac.jp/repo/s/nanki/,https://iiif.dl.itc.u-tokyo.ac.jp/repo/s/nanki/document/a4b73dad-5e05-950d-709c-a8969347316e,https://www.lib.u-tokyo.ac.jp/ja/library/contents/archives-top/reuse,https://iiif.dl.itc.u-tokyo.ac.jp/repo/files/medium/ce544c49ab6d781574081267692542f59d9d2d59.jpg,https://iiif.dl.itc.u-tokyo.ac.jp/repo/api/items/1002076,"東京大学総合図書館 General Library, The University of Tokyo, JAPAN",http://iiif.io/api/presentation/2#rightToLeftDirection,,総合図書館所蔵南葵文庫,0035,,https://iiif.dl.itc.u-tokyo.ac.jp/repo/iiif/a4b73dad-5e05-950d-709c-a8969347316e/manifest,,,,,24
遍照發揮性靈集 10巻 [4],A00:4066,ヘンジョウ ハッキ セイレイシュウ,空海,5,[出版者不明],[江戸前期],図書,日本語,"書名及び巻冊次は目首による|卷第8-10の巻末書名: 續遍照發揮性靈集補闕鈔|版心の書名: 性霊集|補抄中の書名: 續性灵集補闕抄|四周双辺有界9行18字, 内匡廓: 22.4×16.1cm, 中黒口双花魚尾|古活字版|大尾に補抄(半丁)あり|補抄末に「勒成三巻立題号曰續性灵集補闕抄矣 ... 學者智炬乞尋殘文添此篇中」とあり|朱墨筆書き入れあり|胡粉による修正あり|印記: 「東向坊」, 「陽春廬記」(小中村清矩), 「紀伊恴川 南葵文庫」|虫損あり",http://tify.sub.uni-goettingen.de/demo.html?manifest=https://archdataset.dl.itc.u-tokyo.ac.jp/manifest/cbcc928d-6a13-447a-3377-0662239240f0.json,cbcc928d-6a13-447a-3377-0662239240f0,https://iiif.dl.itc.u-tokyo.ac.jp/repo/s/nanki/,https://iiif.dl.itc.u-tokyo.ac.jp/repo/s/nanki/document/cbcc928d-6a13-447a-3377-0662239240f0,https://www.lib.u-tokyo.ac.jp/ja/library/contents/archives-top/reuse,https://iiif.dl.itc.u-tokyo.ac.jp/repo/files/medium/2ca21c777cc814bb58911055d1c0fba79b6e3c7e.jpg,https://iiif.dl.itc.u-tokyo.ac.jp/repo/api/items/1002075,"東京大学総合図書館 General Library, The University of Tokyo, JAPAN",http://iiif.io/api/presentation/2#rightToLeftDirection,,総合図書館所蔵南葵文庫,0036,,https://iiif.dl.itc.u-tokyo.ac.jp/repo/iiif/cbcc928d-6a13-447a-3377-0662239240f0/manifest,,,,,44
遍照發揮性靈集 10巻 [5],A00:4066,ヘンジョウ ハッキ セイレイシュウ,空海,5,[出版者不明],[江戸前期],図書,日本語,"書名及び巻冊次は目首による|卷第8-10の巻末書名: 續遍照發揮性靈集補闕鈔|版心の書名: 性霊集|補抄中の書名: 續性灵集補闕抄|四周双辺有界9行18字, 内匡廓: 22.4×16.1cm, 中黒口双花魚尾|古活字版|大尾に補抄(半丁)あり|補抄末に「勒成三巻立題号曰續性灵集補闕抄矣 ... 學者智炬乞尋殘文添此篇中」とあり|朱墨筆書き入れあり|胡粉による修正あり|印記: 「東向坊」, 「陽春廬記」(小中村清矩), 「紀伊恴川 南葵文庫」|虫損あり",http://tify.sub.uni-goettingen.de/demo.html?manifest=https://archdataset.dl.itc.u-tokyo.ac.jp/manifest/8eb3d4fc-57a7-956b-5985-7ce7624a6780.json,8eb3d4fc-57a7-956b-5985-7ce7624a6780,https://iiif.dl.itc.u-tokyo.ac.jp/repo/s/nanki/,https://iiif.dl.itc.u-tokyo.ac.jp/repo/s/nanki/document/8eb3d4fc-57a7-956b-5985-7ce7624a6780,https://www.lib.u-tokyo.ac.jp/ja/library/contents/archives-top/reuse,https://iiif.dl.itc.u-tokyo.ac.jp/repo/files/medium/b2f8592305647b502cedf57381cc3b602538e4be.jpg,https://iiif.dl.itc.u-tokyo.ac.jp/repo/api/items/1002074,"東京大学総合図書館 General Library, The University of Tokyo, JAPAN",http://iiif.io/api/presentation/2#rightToLeftDirection,,総合図書館所蔵南葵文庫,0037,,https://iiif.dl.itc.u-tokyo.ac.jp/repo/iiif/8eb3d4fc-57a7-956b-5985-7ce7624a6780/manifest,,,,,44
附音増廣古註蒙求 3巻 [1],A00:4067,フオン ゾウコウ コチュウ モウギュウ,李 瀚,3,慶運 [写],天文4 [1576],図書,中国語,"鈔本|卷之中の巻頭書名: 附音増廣古注蒙求|序首の書名: 蒙求|表紙の書名: 古注蒙求 : 舊抄|帙題簽の書名: 古註蒙求|冒頭の「薦蒙求表」末に「天宝五秊八月一日饒刕刺史李良上表」とあり|卷之中の奥書に「天文四年乙未夘月中旬書之 薩刕伊集院住侶慶運書冩之畢」とあり|毎半葉2段8行注文双行|頭注, 傍注あり|訓点付|朱墨筆書き入れあり|朱点, 朱引あり|印記: 「拂□館圖書印」, 「木王書齋蔵」, 「弘前醫官澀江氏蔵書記」(渋江抽斎), 「陽春廬記」(小中村清矩), 「紀伊恴川 南葵文庫」|虫損あり (裏打ち補修あり)",http://tify.sub.uni-goettingen.de/demo.html?manifest=https://archdataset.dl.itc.u-tokyo.ac.jp/manifest/be5328c6-08b9-4dfd-5896-a0b17c91a3a9.json,be5328c6-08b9-4dfd-5896-a0b17c91a3a9,https://iiif.dl.itc.u-tokyo.ac.jp/repo/s/nanki/,https://iiif.dl.itc.u-tokyo.ac.jp/repo/s/nanki/document/be5328c6-08b9-4dfd-5896-a0b17c91a3a9,https://www.lib.u-tokyo.ac.jp/ja/library/contents/archives-top/reuse,https://iiif.dl.itc.u-tokyo.ac.jp/repo/files/medium/f05f86c02ba141bdbcd879b33f0f93eed8613139.jpg,https://iiif.dl.itc.u-tokyo.ac.jp/repo/api/items/1002073,"東京大学総合図書館 General Library, The University of Tokyo, JAPAN",http://iiif.io/api/presentation/2#rightToLeftDirection,,総合図書館所蔵南葵文庫,0038,,https://iiif.dl.itc.u-tokyo.ac.jp/repo/iiif/be5328c6-08b9-4dfd-5896-a0b17c91a3a9/manifest,,,,,36
附音増廣古註蒙求 3巻 [2],A00:4067,フオン ゾウコウ コチュウ モウギュウ,李 瀚,3,慶運 [写],天文4 [1576],図書,中国語,"鈔本|卷之中の巻頭書名: 附音増廣古注蒙求|序首の書名: 蒙求|表紙の書名: 古注蒙求 : 舊抄|帙題簽の書名: 古註蒙求|冒頭の「薦蒙求表」末に「天宝五秊八月一日饒刕刺史李良上表」とあり|卷之中の奥書に「天文四年乙未夘月中旬書之 薩刕伊集院住侶慶運書冩之畢」とあり|毎半葉2段8行注文双行|頭注, 傍注あり|訓点付|朱墨筆書き入れあり|朱点, 朱引あり|印記: 「拂□館圖書印」, 「木王書齋蔵」, 「弘前醫官澀江氏蔵書記」(渋江抽斎), 「陽春廬記」(小中村清矩), 「紀伊恴川 南葵文庫」|虫損あり (裏打ち補修あり)",http://tify.sub.uni-goettingen.de/demo.html?manifest=https://archdataset.dl.itc.u-tokyo.ac.jp/manifest/85cb3974-0edf-2fc9-6214-987484f22215.json,85cb3974-0edf-2fc9-6214-987484f22215,https://iiif.dl.itc.u-tokyo.ac.jp/repo/s/nanki/,https://iiif.dl.itc.u-tokyo.ac.jp/repo/s/nanki/document/85cb3974-0edf-2fc9-6214-987484f22215,https://www.lib.u-tokyo.ac.jp/ja/library/contents/archives-top/reuse,https://iiif.dl.itc.u-tokyo.ac.jp/repo/files/medium/e031241867776dd51d2fd5bedf28618755043d14.jpg,https://iiif.dl.itc.u-tokyo.ac.jp/repo/api/items/1002072,"東京大学総合図書館 General Library, The University of Tokyo, JAPAN",http://iiif.io/api/presentation/2#rightToLeftDirection,,総合図書館所蔵南葵文庫,0039,,https://iiif.dl.itc.u-tokyo.ac.jp/repo/iiif/85cb3974-0edf-2fc9-6214-987484f22215/manifest,,,,,29
附音増廣古註蒙求 3巻 [3],A00:4067,フオン ゾウコウ コチュウ モウギュウ,李 瀚,3,慶運 [写],天文4 [1576],図書,中国語,"鈔本|卷之中の巻頭書名: 附音増廣古注蒙求|序首の書名: 蒙求|表紙の書名: 古注蒙求 : 舊抄|帙題簽の書名: 古註蒙求|冒頭の「薦蒙求表」末に「天宝五秊八月一日饒刕刺史李良上表」とあり|卷之中の奥書に「天文四年乙未夘月中旬書之 薩刕伊集院住侶慶運書冩之畢」とあり|毎半葉2段8行注文双行|頭注, 傍注あり|訓点付|朱墨筆書き入れあり|朱点, 朱引あり|印記: 「拂□館圖書印」, 「木王書齋蔵」, 「弘前醫官澀江氏蔵書記」(渋江抽斎), 「陽春廬記」(小中村清矩), 「紀伊恴川 南葵文庫」|虫損あり (裏打ち補修あり)",http://tify.sub.uni-goettingen.de/demo.html?manifest=https://archdataset.dl.itc.u-tokyo.ac.jp/manifest/b726491c-8202-3ffa-7f39-5d27ab9e38ee.json,b726491c-8202-3ffa-7f39-5d27ab9e38ee,https://iiif.dl.itc.u-tokyo.ac.jp/repo/s/nanki/,https://iiif.dl.itc.u-tokyo.ac.jp/repo/s/nanki/document/b726491c-8202-3ffa-7f39-5d27ab9e38ee,https://www.lib.u-tokyo.ac.jp/ja/library/contents/archives-top/reuse,https://iiif.dl.itc.u-tokyo.ac.jp/repo/files/medium/78fe49a8ba2c056310ea12e6e3ab14f5f0f5539f.jpg,https://iiif.dl.itc.u-tokyo.ac.jp/repo/api/items/1002071,"東京大学総合図書館 General Library, The University of Tokyo, JAPAN",http://iiif.io/api/presentation/2#rightToLeftDirection,,総合図書館所蔵南葵文庫,0040,,https://iiif.dl.itc.u-tokyo.ac.jp/repo/iiif/b726491c-8202-3ffa-7f39-5d27ab9e38ee/manifest,,,,,27
四體千字文,A00:4068,シタイ センジモン,周 興嗣,1,春枝,慶長11 [1606],図書,中国語,"大尾の書名: 千文|版心の書名: 千字文|原表紙の書名(墨書): 四體慶長板千字文|刊記に「慶長丙午嵗 春枝開板」とあり|毎半葉6行8字, 内匡廓: 22.8×16.8cm, 中黒口双黒魚尾|付訓あり|陰刻本|「南葵文庫」との押型表紙を使用|印記: 「陽春廬記」(小中村清矩), 「紀伊恴川 南葵文庫」|虫損あり",http://tify.sub.uni-goettingen.de/demo.html?manifest=https://archdataset.dl.itc.u-tokyo.ac.jp/manifest/11283a80-9e7a-3913-6adf-544f3b5ca63f.json,11283a80-9e7a-3913-6adf-544f3b5ca63f,https://iiif.dl.itc.u-tokyo.ac.jp/repo/s/nanki/,https://iiif.dl.itc.u-tokyo.ac.jp/repo/s/nanki/document/11283a80-9e7a-3913-6adf-544f3b5ca63f,https://www.lib.u-tokyo.ac.jp/ja/library/contents/archives-top/reuse,https://iiif.dl.itc.u-tokyo.ac.jp/repo/files/medium/cab9bbfd67249c4302c75dac648eff06c9c6f76a.jpg,https://iiif.dl.itc.u-tokyo.ac.jp/repo/api/items/1002070,"東京大学総合図書館 General Library, The University of Tokyo, JAPAN",http://iiif.io/api/presentation/2#rightToLeftDirection,,総合図書館所蔵南葵文庫,0041,,https://iiif.dl.itc.u-tokyo.ac.jp/repo/iiif/11283a80-9e7a-3913-6adf-544f3b5ca63f/manifest,,,,,48
天地萬物造化論,A00:4069,テンチ バンブツ ゾウカロン,王 柏,1,田原仁左衞門,寛永19 [1642],図書,中国語,"版心の書名: 造化論|小口書: 天地万物造化論|序末に「成化十六年歳次庚子冬十二月朔 ... 廬陵周顒謹敘」とあり|刊記に「寛永十九壬午嵗仲秋吉辰 二条通鶴屋町 田原仁左衞門刋行」とあり|後見返しに「文化甲戌中元前二日杏花園叟時嵗六十有六」などの墨書あり (「風光永与」, 「杏園」との落款朱印あり)|四周双辺無界9行17字注文双行, 内匡郭: 19.6×15.2cm, 中黒口双花魚尾|訓点付|印記: 「南畝文庫」, 「大田氏臧書」(大田南畝), 「陽春廬記」(小中村清矩), 「紀伊恴川 南葵文庫」|虫損あり",http://tify.sub.uni-goettingen.de/demo.html?manifest=https://archdataset.dl.itc.u-tokyo.ac.jp/manifest/ea26b08e-509a-4b9d-a777-fce14c606a00.json,ea26b08e-509a-4b9d-a777-fce14c606a00,https://iiif.dl.itc.u-tokyo.ac.jp/repo/s/nanki/,https://iiif.dl.itc.u-tokyo.ac.jp/repo/s/nanki/document/ea26b08e-509a-4b9d-a777-fce14c606a00,https://www.lib.u-tokyo.ac.jp/ja/library/contents/archives-top/reuse,https://iiif.dl.itc.u-tokyo.ac.jp/repo/files/medium/3cfa7a0024173dc637877ddac3734994de1801da.jpg,https://iiif.dl.itc.u-tokyo.ac.jp/repo/api/items/1002069,"東京大学総合図書館 General Library, The University of Tokyo, JAPAN",http://iiif.io/api/presentation/2#rightToLeftDirection,,総合図書館所蔵南葵文庫,0042,,https://iiif.dl.itc.u-tokyo.ac.jp/repo/iiif/ea26b08e-509a-4b9d-a777-fce14c606a00/manifest,,,,,26
新刻増校切用正音郷談雜字大全 2巻 (存1巻),A00:4070,シンコク ゾウコウ セツヨウ セイオン キョウダン ザツジ タイゼン,木村 巽斎,1,[書写者不明],[江戸後期],図書,中国語,"鈔本|上巻末の書名: 重校正音郷談雜字|題簽の書名: 郷談雜字|見返しに「正音郷談雜字二卷 蒹葭坣國訓本|曲亭馬琴藏夲 此印山東京山所刻|朱書元儁所加也」との識語あり|表紙に「國訓」とあり|小口書に「下欠」とあり|毎半葉10行注文双行|付訓あり|朱点, 朱引, 朱筆書き入れあり|印記: 「著作堂圖書記」, 「曲亭馬琴著作堂圖書記」, 「陽春廬記」(小中村清矩), 「紀伊恴川 南葵文庫」",http://tify.sub.uni-goettingen.de/demo.html?manifest=https://archdataset.dl.itc.u-tokyo.ac.jp/manifest/0ed535d5-559b-6d5a-8984-2ded6e83778b.json,0ed535d5-559b-6d5a-8984-2ded6e83778b,https://iiif.dl.itc.u-tokyo.ac.jp/repo/s/nanki/,https://iiif.dl.itc.u-tokyo.ac.jp/repo/s/nanki/document/0ed535d5-559b-6d5a-8984-2ded6e83778b,https://www.lib.u-tokyo.ac.jp/ja/library/contents/archives-top/reuse,https://iiif.dl.itc.u-tokyo.ac.jp/repo/files/medium/57ff047396ea433fe31c250dd2806cf383e7910e.jpg,https://iiif.dl.itc.u-tokyo.ac.jp/repo/api/items/1002068,"東京大学総合図書館 General Library, The University of Tokyo, JAPAN",http://iiif.io/api/presentation/2#rightToLeftDirection,,総合図書館所蔵南葵文庫,0043,,https://iiif.dl.itc.u-tokyo.ac.jp/repo/iiif/0ed535d5-559b-6d5a-8984-2ded6e83778b/manifest,,,,,54
黍稷稲粱辧,A00:4071,ショショクトウリョウ ベン,亀田 鵬斎,1,龜田鵬齋 [自筆],寛政10 [1798],図書,日本語,"写本|扉の書名: 黍稷稲粱辨|大尾に「寛政十年戊午五月十五日書於横川之僦居」とあり|扉に「鵬斎先生遺書先生手澤」とあり|巻末に「明治六年五月購淂于浅草新寺街路上店 陽春廬主人」との識語あり|墨筆書き入れ, 修正あり|朱点, 朱引あり|左右双辺有界10行罫紙を使用|印記: 「金杉老鈍」, 「鵬齋」(龜田鵬齋), 「やすむろ」(小中村清矩), 「紀伊恴川 南葵文庫」|虫損あり",http://tify.sub.uni-goettingen.de/demo.html?manifest=https://archdataset.dl.itc.u-tokyo.ac.jp/manifest/21ae0520-5161-8aeb-3c0a-844b55a7a036.json,21ae0520-5161-8aeb-3c0a-844b55a7a036,https://iiif.dl.itc.u-tokyo.ac.jp/repo/s/nanki/,https://iiif.dl.itc.u-tokyo.ac.jp/repo/s/nanki/document/21ae0520-5161-8aeb-3c0a-844b55a7a036,https://www.lib.u-tokyo.ac.jp/ja/library/contents/archives-top/reuse,https://iiif.dl.itc.u-tokyo.ac.jp/repo/files/medium/1b1fa17a9aae9bd081243e5d0c2eb8d1ab5d6ca2.jpg,https://iiif.dl.itc.u-tokyo.ac.jp/repo/api/items/1002067,"東京大学総合図書館 General Library, The University of Tokyo, JAPAN",http://iiif.io/api/presentation/2#rightToLeftDirection,,総合図書館所蔵南葵文庫,0044,,https://iiif.dl.itc.u-tokyo.ac.jp/repo/iiif/21ae0520-5161-8aeb-3c0a-844b55a7a036/manifest,,,,,18
松の落葉 (存4巻) [1],A00:4072,マツ ノ オチバ,高田 与清,4,小山田與清 [自筆],[江戸後期],図書,日本語,"写本|書名は13の巻頭による|14の巻頭書名: 松のおちは|14の原表紙原書名: 松屋集|巻冊次は原表紙による|13の原表紙に「與清手澤零本四冊」, 「小山田藏夲」とあり|16の巻末識語に「松の落葉十三十四十五十六四卷は小山田友清手澤本なれは零本なから書肆斎藤より購求めて挿架す 明治十五年八月 小中村清矩」とあり|四周単辺有界9行罫紙を使用|朱点, 朱墨筆書き入れあり|印記: 「與清」(小山田與清), 「陽春廬記」(小中村清矩), 「紀伊恴川 南葵文庫」|虫損あり (裏打ち補修あり)",http://tify.sub.uni-goettingen.de/demo.html?manifest=https://archdataset.dl.itc.u-tokyo.ac.jp/manifest/719877fa-8157-823f-3a0a-4933d3096d12.json,719877fa-8157-823f-3a0a-4933d3096d12,https://iiif.dl.itc.u-tokyo.ac.jp/repo/s/nanki/,https://iiif.dl.itc.u-tokyo.ac.jp/repo/s/nanki/document/719877fa-8157-823f-3a0a-4933d3096d12,https://www.lib.u-tokyo.ac.jp/ja/library/contents/archives-top/reuse,https://iiif.dl.itc.u-tokyo.ac.jp/repo/files/medium/9c2890045963a6f876a024b23c8c71b2399479ae.jpg,https://iiif.dl.itc.u-tokyo.ac.jp/repo/api/items/1002066,"東京大学総合図書館 General Library, The University of Tokyo, JAPAN",http://iiif.io/api/presentation/2#rightToLeftDirection,,総合図書館所蔵南葵文庫,0045,,https://iiif.dl.itc.u-tokyo.ac.jp/repo/iiif/719877fa-8157-823f-3a0a-4933d3096d12/manifest,,,,,99
松の落葉 (存4巻) [2],A00:4072,マツ ノ オチバ,高田 与清,4,小山田與清 [自筆],[江戸後期],図書,日本語,"写本|書名は13の巻頭による|14の巻頭書名: 松のおちは|14の原表紙原書名: 松屋集|巻冊次は原表紙による|13の原表紙に「與清手澤零本四冊」, 「小山田藏夲」とあり|16の巻末識語に「松の落葉十三十四十五十六四卷は小山田友清手澤本なれは零本なから書肆斎藤より購求めて挿架す 明治十五年八月 小中村清矩」とあり|四周単辺有界9行罫紙を使用|朱点, 朱墨筆書き入れあり|印記: 「與清」(小山田與清), 「陽春廬記」(小中村清矩), 「紀伊恴川 南葵文庫」|虫損あり (裏打ち補修あり)",http://tify.sub.uni-goettingen.de/demo.html?manifest=https://archdataset.dl.itc.u-tokyo.ac.jp/manifest/9c8f278e-a570-855c-a230-30be3eb9002e.json,9c8f278e-a570-855c-a230-30be3eb9002e,https://iiif.dl.itc.u-tokyo.ac.jp/repo/s/nanki/,https://iiif.dl.itc.u-tokyo.ac.jp/repo/s/nanki/document/9c8f278e-a570-855c-a230-30be3eb9002e,https://www.lib.u-tokyo.ac.jp/ja/library/contents/archives-top/reuse,https://iiif.dl.itc.u-tokyo.ac.jp/repo/files/medium/e91975f3709b52b12c0305c097f503a90ae44694.jpg,https://iiif.dl.itc.u-tokyo.ac.jp/repo/api/items/1002065,"東京大学総合図書館 General Library, The University of Tokyo, JAPAN",http://iiif.io/api/presentation/2#rightToLeftDirection,,総合図書館所蔵南葵文庫,0046,,https://iiif.dl.itc.u-tokyo.ac.jp/repo/iiif/9c8f278e-a570-855c-a230-30be3eb9002e/manifest,,,,,62
松の落葉 (存4巻) [3],A00:4072,マツ ノ オチバ,高田 与清,4,小山田與清 [自筆],[江戸後期],図書,日本語,"写本|書名は13の巻頭による|14の巻頭書名: 松のおちは|14の原表紙原書名: 松屋集|巻冊次は原表紙による|13の原表紙に「與清手澤零本四冊」, 「小山田藏夲」とあり|16の巻末識語に「松の落葉十三十四十五十六四卷は小山田友清手澤本なれは零本なから書肆斎藤より購求めて挿架す 明治十五年八月 小中村清矩」とあり|四周単辺有界9行罫紙を使用|朱点, 朱墨筆書き入れあり|印記: 「與清」(小山田與清), 「陽春廬記」(小中村清矩), 「紀伊恴川 南葵文庫」|虫損あり (裏打ち補修あり)",http://tify.sub.uni-goettingen.de/demo.html?manifest=https://archdataset.dl.itc.u-tokyo.ac.jp/manifest/8b9642d0-3e39-0069-9b68-6d82c796392d.json,8b9642d0-3e39-0069-9b68-6d82c796392d,https://iiif.dl.itc.u-tokyo.ac.jp/repo/s/nanki/,https://iiif.dl.itc.u-tokyo.ac.jp/repo/s/nanki/document/8b9642d0-3e39-0069-9b68-6d82c796392d,https://www.lib.u-tokyo.ac.jp/ja/library/contents/archives-top/reuse,https://iiif.dl.itc.u-tokyo.ac.jp/repo/files/medium/11690a455059e198d07e682079141915dc1db1e0.jpg,https://iiif.dl.itc.u-tokyo.ac.jp/repo/api/items/1002064,"東京大学総合図書館 General Library, The University of Tokyo, JAPAN",http://iiif.io/api/presentation/2#rightToLeftDirection,,総合図書館所蔵南葵文庫,0047,,https://iiif.dl.itc.u-tokyo.ac.jp/repo/iiif/8b9642d0-3e39-0069-9b68-6d82c796392d/manifest,,,,,65
松の落葉 (存4巻) [4],A00:4072,マツ ノ オチバ,高田 与清,4,小山田與清 [自筆],[江戸後期],図書,日本語,"写本|書名は13の巻頭による|14の巻頭書名: 松のおちは|14の原表紙原書名: 松屋集|巻冊次は原表紙による|13の原表紙に「與清手澤零本四冊」, 「小山田藏夲」とあり|16の巻末識語に「松の落葉十三十四十五十六四卷は小山田友清手澤本なれは零本なから書肆斎藤より購求めて挿架す 明治十五年八月 小中村清矩」とあり|四周単辺有界9行罫紙を使用|朱点, 朱墨筆書き入れあり|印記: 「與清」(小山田與清), 「陽春廬記」(小中村清矩), 「紀伊恴川 南葵文庫」|虫損あり (裏打ち補修あり)",http://tify.sub.uni-goettingen.de/demo.html?manifest=https://archdataset.dl.itc.u-tokyo.ac.jp/manifest/c192b823-0451-5a59-5410-3474c3835179.json,c192b823-0451-5a59-5410-3474c3835179,https://iiif.dl.itc.u-tokyo.ac.jp/repo/s/nanki/,https://iiif.dl.itc.u-tokyo.ac.jp/repo/s/nanki/document/c192b823-0451-5a59-5410-3474c3835179,https://www.lib.u-tokyo.ac.jp/ja/library/contents/archives-top/reuse,https://iiif.dl.itc.u-tokyo.ac.jp/repo/files/medium/b690051c19bfe14d68513b9893c1a05d88c26862.jpg,https://iiif.dl.itc.u-tokyo.ac.jp/repo/api/items/1002063,"東京大学総合図書館 General Library, The University of Tokyo, JAPAN",http://iiif.io/api/presentation/2#rightToLeftDirection,,総合図書館所蔵南葵文庫,0048,,https://iiif.dl.itc.u-tokyo.ac.jp/repo/iiif/c192b823-0451-5a59-5410-3474c3835179/manifest,,,,,83
節用集 2巻 [1],A00:4073,セツヨウシュウ,,2,[出版者不明],[江戸前期],図書,日本語,"表紙の書名: 愛人集(墨書), 易林節用集(朱書)|巻冊次は版心による|巻末に「十幹」, 「十二枝」, 「十二時異名」, 「京師九陌横竪小路」, 「名乗字」, 「分毫字様」, 「[四声]証疑」, 「南瞻部州大日本國正統圖」を付す|跋に「有客携鋸巻曰此節用集十字九皆贋也正諸於韻會禮部韻諾則命工刻梓焉如愚夫弄麞何辨字畫之誤哉惟取定家卿假名遣分書伊為越於江惠之六隔段以返之云峕慶長二丁酉易林誌」とあり|表紙による巻冊次表示: 乾, 坤|四周単辺無界毎半葉7行注文双行, 白口無魚尾|片仮名付訓|上: 68丁, 下: 72丁|拠慶長2(1597)跋刊本重刻後印|印記: 「陽春廬記」(小中村清矩), 「紀伊恴川 南葵文庫」|虫損あり",http://tify.sub.uni-goettingen.de/demo.html?manifest=https://archdataset.dl.itc.u-tokyo.ac.jp/manifest/de0b5831-2c13-4155-356e-7f40f9d64369.json,de0b5831-2c13-4155-356e-7f40f9d64369,https://iiif.dl.itc.u-tokyo.ac.jp/repo/s/nanki/,https://iiif.dl.itc.u-tokyo.ac.jp/repo/s/nanki/document/de0b5831-2c13-4155-356e-7f40f9d64369,https://www.lib.u-tokyo.ac.jp/ja/library/contents/archives-top/reuse,https://iiif.dl.itc.u-tokyo.ac.jp/repo/files/medium/eb9b352a0eb33c20a26aff1b475b9f069e3b4b48.jpg,https://iiif.dl.itc.u-tokyo.ac.jp/repo/api/items/1002062,"東京大学総合図書館 General Library, The University of Tokyo, JAPAN",http://iiif.io/api/presentation/2#rightToLeftDirection,,総合図書館所蔵南葵文庫,0049,,https://iiif.dl.itc.u-tokyo.ac.jp/repo/iiif/de0b5831-2c13-4155-356e-7f40f9d64369/manifest,,,,,74
節用集 2巻 [2],A00:4073,セツヨウシュウ,,2,[出版者不明],[江戸前期],図書,日本語,"表紙の書名: 愛人集(墨書), 易林節用集(朱書)|巻冊次は版心による|巻末に「十幹」, 「十二枝」, 「十二時異名」, 「京師九陌横竪小路」, 「名乗字」, 「分毫字様」, 「[四声]証疑」, 「南瞻部州大日本國正統圖」を付す|跋に「有客携鋸巻曰此節用集十字九皆贋也正諸於韻會禮部韻諾則命工刻梓焉如愚夫弄麞何辨字畫之誤哉惟取定家卿假名遣分書伊為越於江惠之六隔段以返之云峕慶長二丁酉易林誌」とあり|表紙による巻冊次表示: 乾, 坤|四周単辺無界毎半葉7行注文双行, 白口無魚尾|片仮名付訓|上: 68丁, 下: 72丁|拠慶長2(1597)跋刊本重刻後印|印記: 「陽春廬記」(小中村清矩), 「紀伊恴川 南葵文庫」|虫損あり",http://tify.sub.uni-goettingen.de/demo.html?manifest=https://archdataset.dl.itc.u-tokyo.ac.jp/manifest/fd268a7f-28ea-377b-9bb5-f44bf0d43384.json,fd268a7f-28ea-377b-9bb5-f44bf0d43384,https://iiif.dl.itc.u-tokyo.ac.jp/repo/s/nanki/,https://iiif.dl.itc.u-tokyo.ac.jp/repo/s/nanki/document/fd268a7f-28ea-377b-9bb5-f44bf0d43384,https://www.lib.u-tokyo.ac.jp/ja/library/contents/archives-top/reuse,https://iiif.dl.itc.u-tokyo.ac.jp/repo/files/medium/6d1a0d02d2b51a862ca3a7e3b7c40726f0e7be36.jpg,https://iiif.dl.itc.u-tokyo.ac.jp/repo/api/items/1002061,"東京大学総合図書館 General Library, The University of Tokyo, JAPAN",http://iiif.io/api/presentation/2#rightToLeftDirection,,総合図書館所蔵南葵文庫,0050,,https://iiif.dl.itc.u-tokyo.ac.jp/repo/iiif/fd268a7f-28ea-377b-9bb5-f44bf0d43384/manifest,,,,,78
倭意三百首,A00:4074,ヤマトゴコロ サンビャクシュ,本居 大平,1,本居大平 [自筆],文政5 [1822] 大尾,図書,日本語,"扉の書名: 倭心三百首|大尾に「文政五年十一月詠畢 本居大平」とあり|巻末に「倭心三百首藤垣内翁の稿本 ... 最も珎重すへし 小中村清矩」との識語あり|題簽に「本居大平稿本」とあり|扉に「此本清本也 ナラズ」(朱書), 「イマタ石正ノ方也」(朱書)とあり|毎半葉9行|付訓あり|朱筆書き入れあり|付箋あり|印記: 「大平」(本居大平), 「陽春廬記」(小中村清矩), 「紀伊恴川 南葵文庫」|虫損あり",http://tify.sub.uni-goettingen.de/demo.html?manifest=https://archdataset.dl.itc.u-tokyo.ac.jp/manifest/d601f53a-2528-3f90-7f85-29a2de904be8.json,d601f53a-2528-3f90-7f85-29a2de904be8,https://iiif.dl.itc.u-tokyo.ac.jp/repo/s/nanki/,https://iiif.dl.itc.u-tokyo.ac.jp/repo/s/nanki/document/d601f53a-2528-3f90-7f85-29a2de904be8,https://www.lib.u-tokyo.ac.jp/ja/library/contents/archives-top/reuse,https://iiif.dl.itc.u-tokyo.ac.jp/repo/files/medium/0f5a98aeb5647aa3f4c5163b5ddbbe1e00ba8f00.jpg,https://iiif.dl.itc.u-tokyo.ac.jp/repo/api/items/1002060,"東京大学総合図書館 General Library, The University of Tokyo, JAPAN",http://iiif.io/api/presentation/2#rightToLeftDirection,,総合図書館所蔵南葵文庫,0051,,https://iiif.dl.itc.u-tokyo.ac.jp/repo/iiif/d601f53a-2528-3f90-7f85-29a2de904be8/manifest,,,,,28
字鏡集 20巻 [1],A00:4075,ジキョウシュウ,菅原 為長,20,[書写者不明],[江戸後期],図書,日本語,"写本|書名及び巻冊次は各巻目首による|18末に「一本應永廿四年六月十五日写之」と原奥書の模写あり|扉に「長胤云此字鏡集二十巻ハ勢州人足代權大夫弘訓ノ藏書ニテ四巻以下表紙ニ狩谷氏惠贈トアリ抑学者タル人珍書ヲ得タル悦此ノ如シ依テ先代相傳ノ書ヲ得テ読者其書ヲ求ムル人ノ労ヲ知ス」, 巻末に「字鏡集二十巻菅原為長卿撰墨附千六枚」, 「一本ハ應永年中之写本を摸写セシ落合直澄氏ノ所藏也」との朱筆識語あり|4-20の表紙に「棭齋狩谷氏惠贈」, 「足代權大夫藏」とあり|1: 天象部. 2-4: 地儀部. 5-7: 植物部. 8-10: 動物部. 11-13: 人躰部. 14: 人事部. 15-17: 雜物部. 18-20: 辞字部|表紙は松皮菱毛目(1-3), 横刷毛目丁子引(4-20)を使用|毎半葉4行|朱筆書き入れあり|印記: 「さかきのやのしるし」(常世長胤), 「陽春廬記」(小中村清矩), 「紀伊恴川 南葵文庫」|虫損あり",http://tify.sub.uni-goettingen.de/demo.html?manifest=https://archdataset.dl.itc.u-tokyo.ac.jp/manifest/29a55eac-213e-5a7f-11bb-8ea7d10c060e.json,29a55eac-213e-5a7f-11bb-8ea7d10c060e,https://iiif.dl.itc.u-tokyo.ac.jp/repo/s/nanki/,https://iiif.dl.itc.u-tokyo.ac.jp/repo/s/nanki/document/29a55eac-213e-5a7f-11bb-8ea7d10c060e,https://www.lib.u-tokyo.ac.jp/ja/library/contents/archives-top/reuse,https://iiif.dl.itc.u-tokyo.ac.jp/repo/files/medium/fd56a1e94bbb26628beb303025f5dd001090e031.jpg,https://iiif.dl.itc.u-tokyo.ac.jp/repo/api/items/1002059,"東京大学総合図書館 General Library, The University of Tokyo, JAPAN",http://iiif.io/api/presentation/2#rightToLeftDirection,,総合図書館所蔵南葵文庫,0052,,https://iiif.dl.itc.u-tokyo.ac.jp/repo/iiif/29a55eac-213e-5a7f-11bb-8ea7d10c060e/manifest,,,,,53
字鏡集 20巻 [2],A00:4075,ジキョウシュウ,菅原 為長,20,[書写者不明],[江戸後期],図書,日本語,"写本|書名及び巻冊次は各巻目首による|18末に「一本應永廿四年六月十五日写之」と原奥書の模写あり|扉に「長胤云此字鏡集二十巻ハ勢州人足代權大夫弘訓ノ藏書ニテ四巻以下表紙ニ狩谷氏惠贈トアリ抑学者タル人珍書ヲ得タル悦此ノ如シ依テ先代相傳ノ書ヲ得テ読者其書ヲ求ムル人ノ労ヲ知ス」, 巻末に「字鏡集二十巻菅原為長卿撰墨附千六枚」, 「一本ハ應永年中之写本を摸写セシ落合直澄氏ノ所藏也」との朱筆識語あり|4-20の表紙に「棭齋狩谷氏惠贈」, 「足代權大夫藏」とあり|1: 天象部. 2-4: 地儀部. 5-7: 植物部. 8-10: 動物部. 11-13: 人躰部. 14: 人事部. 15-17: 雜物部. 18-20: 辞字部|表紙は松皮菱毛目(1-3), 横刷毛目丁子引(4-20)を使用|毎半葉4行|朱筆書き入れあり|印記: 「さかきのやのしるし」(常世長胤), 「陽春廬記」(小中村清矩), 「紀伊恴川 南葵文庫」|虫損あり",http://tify.sub.uni-goettingen.de/demo.html?manifest=https://archdataset.dl.itc.u-tokyo.ac.jp/manifest/c8001a3e-69f8-100e-1373-9d3ad2f99d43.json,c8001a3e-69f8-100e-1373-9d3ad2f99d43,https://iiif.dl.itc.u-tokyo.ac.jp/repo/s/nanki/,https://iiif.dl.itc.u-tokyo.ac.jp/repo/s/nanki/document/c8001a3e-69f8-100e-1373-9d3ad2f99d43,https://www.lib.u-tokyo.ac.jp/ja/library/contents/archives-top/reuse,https://iiif.dl.itc.u-tokyo.ac.jp/repo/files/medium/0d3498bf83b7ccab025feef6aa981798c6d059d3.jpg,https://iiif.dl.itc.u-tokyo.ac.jp/repo/api/items/1002058,"東京大学総合図書館 General Library, The University of Tokyo, JAPAN",http://iiif.io/api/presentation/2#rightToLeftDirection,,総合図書館所蔵南葵文庫,0053,,https://iiif.dl.itc.u-tokyo.ac.jp/repo/iiif/c8001a3e-69f8-100e-1373-9d3ad2f99d43/manifest,,,,,53
字鏡集 20巻 [3],A00:4075,ジキョウシュウ,菅原 為長,20,[書写者不明],[江戸後期],図書,日本語,"写本|書名及び巻冊次は各巻目首による|18末に「一本應永廿四年六月十五日写之」と原奥書の模写あり|扉に「長胤云此字鏡集二十巻ハ勢州人足代權大夫弘訓ノ藏書ニテ四巻以下表紙ニ狩谷氏惠贈トアリ抑学者タル人珍書ヲ得タル悦此ノ如シ依テ先代相傳ノ書ヲ得テ読者其書ヲ求ムル人ノ労ヲ知ス」, 巻末に「字鏡集二十巻菅原為長卿撰墨附千六枚」, 「一本ハ應永年中之写本を摸写セシ落合直澄氏ノ所藏也」との朱筆識語あり|4-20の表紙に「棭齋狩谷氏惠贈」, 「足代權大夫藏」とあり|1: 天象部. 2-4: 地儀部. 5-7: 植物部. 8-10: 動物部. 11-13: 人躰部. 14: 人事部. 15-17: 雜物部. 18-20: 辞字部|表紙は松皮菱毛目(1-3), 横刷毛目丁子引(4-20)を使用|毎半葉4行|朱筆書き入れあり|印記: 「さかきのやのしるし」(常世長胤), 「陽春廬記」(小中村清矩), 「紀伊恴川 南葵文庫」|虫損あり",http://tify.sub.uni-goettingen.de/demo.html?manifest=https://archdataset.dl.itc.u-tokyo.ac.jp/manifest/b8c10818-5015-8360-8ff6-a97658f93dd2.json,b8c10818-5015-8360-8ff6-a97658f93dd2,https://iiif.dl.itc.u-tokyo.ac.jp/repo/s/nanki/,https://iiif.dl.itc.u-tokyo.ac.jp/repo/s/nanki/document/b8c10818-5015-8360-8ff6-a97658f93dd2,https://www.lib.u-tokyo.ac.jp/ja/library/contents/archives-top/reuse,https://iiif.dl.itc.u-tokyo.ac.jp/repo/files/medium/db5ca5291faa8d108775580c78ea9e7e3dcb171f.jpg,https://iiif.dl.itc.u-tokyo.ac.jp/repo/api/items/1002057,"東京大学総合図書館 General Library, The University of Tokyo, JAPAN",http://iiif.io/api/presentation/2#rightToLeftDirection,,総合図書館所蔵南葵文庫,0054,,https://iiif.dl.itc.u-tokyo.ac.jp/repo/iiif/b8c10818-5015-8360-8ff6-a97658f93dd2/manifest,,,,,48
字鏡集 20巻 [4],A00:4075,ジキョウシュウ,菅原 為長,20,[書写者不明],[江戸後期],図書,日本語,"写本|書名及び巻冊次は各巻目首による|18末に「一本應永廿四年六月十五日写之」と原奥書の模写あり|扉に「長胤云此字鏡集二十巻ハ勢州人足代權大夫弘訓ノ藏書ニテ四巻以下表紙ニ狩谷氏惠贈トアリ抑学者タル人珍書ヲ得タル悦此ノ如シ依テ先代相傳ノ書ヲ得テ読者其書ヲ求ムル人ノ労ヲ知ス」, 巻末に「字鏡集二十巻菅原為長卿撰墨附千六枚」, 「一本ハ應永年中之写本を摸写セシ落合直澄氏ノ所藏也」との朱筆識語あり|4-20の表紙に「棭齋狩谷氏惠贈」, 「足代權大夫藏」とあり|1: 天象部. 2-4: 地儀部. 5-7: 植物部. 8-10: 動物部. 11-13: 人躰部. 14: 人事部. 15-17: 雜物部. 18-20: 辞字部|表紙は松皮菱毛目(1-3), 横刷毛目丁子引(4-20)を使用|毎半葉4行|朱筆書き入れあり|印記: 「さかきのやのしるし」(常世長胤), 「陽春廬記」(小中村清矩), 「紀伊恴川 南葵文庫」|虫損あり",http://tify.sub.uni-goettingen.de/demo.html?manifest=https://archdataset.dl.itc.u-tokyo.ac.jp/manifest/dc80868d-037c-3785-5762-2ec8b6e1918c.json,dc80868d-037c-3785-5762-2ec8b6e1918c,https://iiif.dl.itc.u-tokyo.ac.jp/repo/s/nanki/,https://iiif.dl.itc.u-tokyo.ac.jp/repo/s/nanki/document/dc80868d-037c-3785-5762-2ec8b6e1918c,https://www.lib.u-tokyo.ac.jp/ja/library/contents/archives-top/reuse,https://iiif.dl.itc.u-tokyo.ac.jp/repo/files/medium/91db8ad43a6ce0c9a49c3ec3b0465c1e77c93689.jpg,https://iiif.dl.itc.u-tokyo.ac.jp/repo/api/items/1002056,"東京大学総合図書館 General Library, The University of Tokyo, JAPAN",http://iiif.io/api/presentation/2#rightToLeftDirection,,総合図書館所蔵南葵文庫,0055,,https://iiif.dl.itc.u-tokyo.ac.jp/repo/iiif/dc80868d-037c-3785-5762-2ec8b6e1918c/manifest,,,,,44
字鏡集 20巻 [5],A00:4075,ジキョウシュウ,菅原 為長,20,[書写者不明],[江戸後期],図書,日本語,"写本|書名及び巻冊次は各巻目首による|18末に「一本應永廿四年六月十五日写之」と原奥書の模写あり|扉に「長胤云此字鏡集二十巻ハ勢州人足代權大夫弘訓ノ藏書ニテ四巻以下表紙ニ狩谷氏惠贈トアリ抑学者タル人珍書ヲ得タル悦此ノ如シ依テ先代相傳ノ書ヲ得テ読者其書ヲ求ムル人ノ労ヲ知ス」, 巻末に「字鏡集二十巻菅原為長卿撰墨附千六枚」, 「一本ハ應永年中之写本を摸写セシ落合直澄氏ノ所藏也」との朱筆識語あり|4-20の表紙に「棭齋狩谷氏惠贈」, 「足代權大夫藏」とあり|1: 天象部. 2-4: 地儀部. 5-7: 植物部. 8-10: 動物部. 11-13: 人躰部. 14: 人事部. 15-17: 雜物部. 18-20: 辞字部|表紙は松皮菱毛目(1-3), 横刷毛目丁子引(4-20)を使用|毎半葉4行|朱筆書き入れあり|印記: 「さかきのやのしるし」(常世長胤), 「陽春廬記」(小中村清矩), 「紀伊恴川 南葵文庫」|虫損あり",http://tify.sub.uni-goettingen.de/demo.html?manifest=https://archdataset.dl.itc.u-tokyo.ac.jp/manifest/5ecd291e-2051-2fc2-8b22-1ea66bb87a07.json,5ecd291e-2051-2fc2-8b22-1ea66bb87a07,https://iiif.dl.itc.u-tokyo.ac.jp/repo/s/nanki/,https://iiif.dl.itc.u-tokyo.ac.jp/repo/s/nanki/document/5ecd291e-2051-2fc2-8b22-1ea66bb87a07,https://www.lib.u-tokyo.ac.jp/ja/library/contents/archives-top/reuse,https://iiif.dl.itc.u-tokyo.ac.jp/repo/files/medium/fbcb06765988fd681de0f7397ed8cbec5c80431d.jpg,https://iiif.dl.itc.u-tokyo.ac.jp/repo/api/items/1002055,"東京大学総合図書館 General Library, The University of Tokyo, JAPAN",http://iiif.io/api/presentation/2#rightToLeftDirection,,総合図書館所蔵南葵文庫,0056,,https://iiif.dl.itc.u-tokyo.ac.jp/repo/iiif/5ecd291e-2051-2fc2-8b22-1ea66bb87a07/manifest,,,,,42
字鏡集 20巻 [6],A00:4075,ジキョウシュウ,菅原 為長,20,[書写者不明],[江戸後期],図書,日本語,"写本|書名及び巻冊次は各巻目首による|18末に「一本應永廿四年六月十五日写之」と原奥書の模写あり|扉に「長胤云此字鏡集二十巻ハ勢州人足代權大夫弘訓ノ藏書ニテ四巻以下表紙ニ狩谷氏惠贈トアリ抑学者タル人珍書ヲ得タル悦此ノ如シ依テ先代相傳ノ書ヲ得テ読者其書ヲ求ムル人ノ労ヲ知ス」, 巻末に「字鏡集二十巻菅原為長卿撰墨附千六枚」, 「一本ハ應永年中之写本を摸写セシ落合直澄氏ノ所藏也」との朱筆識語あり|4-20の表紙に「棭齋狩谷氏惠贈」, 「足代權大夫藏」とあり|1: 天象部. 2-4: 地儀部. 5-7: 植物部. 8-10: 動物部. 11-13: 人躰部. 14: 人事部. 15-17: 雜物部. 18-20: 辞字部|表紙は松皮菱毛目(1-3), 横刷毛目丁子引(4-20)を使用|毎半葉4行|朱筆書き入れあり|印記: 「さかきのやのしるし」(常世長胤), 「陽春廬記」(小中村清矩), 「紀伊恴川 南葵文庫」|虫損あり",http://tify.sub.uni-goettingen.de/demo.html?manifest=https://archdataset.dl.itc.u-tokyo.ac.jp/manifest/843d3d7f-91a3-7837-9376-3a27dc7e780d.json,843d3d7f-91a3-7837-9376-3a27dc7e780d,https://iiif.dl.itc.u-tokyo.ac.jp/repo/s/nanki/,https://iiif.dl.itc.u-tokyo.ac.jp/repo/s/nanki/document/843d3d7f-91a3-7837-9376-3a27dc7e780d,https://www.lib.u-tokyo.ac.jp/ja/library/contents/archives-top/reuse,https://iiif.dl.itc.u-tokyo.ac.jp/repo/files/medium/c8c672f0a459adaa4f084e477122009b6e8ac287.jpg,https://iiif.dl.itc.u-tokyo.ac.jp/repo/api/items/1002054,"東京大学総合図書館 General Library, The University of Tokyo, JAPAN",http://iiif.io/api/presentation/2#rightToLeftDirection,,総合図書館所蔵南葵文庫,0057,,https://iiif.dl.itc.u-tokyo.ac.jp/repo/iiif/843d3d7f-91a3-7837-9376-3a27dc7e780d/manifest,,,,,50
字鏡集 20巻 [7],A00:4075,ジキョウシュウ,菅原 為長,20,[書写者不明],[江戸後期],図書,日本語,"写本|書名及び巻冊次は各巻目首による|18末に「一本應永廿四年六月十五日写之」と原奥書の模写あり|扉に「長胤云此字鏡集二十巻ハ勢州人足代權大夫弘訓ノ藏書ニテ四巻以下表紙ニ狩谷氏惠贈トアリ抑学者タル人珍書ヲ得タル悦此ノ如シ依テ先代相傳ノ書ヲ得テ読者其書ヲ求ムル人ノ労ヲ知ス」, 巻末に「字鏡集二十巻菅原為長卿撰墨附千六枚」, 「一本ハ應永年中之写本を摸写セシ落合直澄氏ノ所藏也」との朱筆識語あり|4-20の表紙に「棭齋狩谷氏惠贈」, 「足代權大夫藏」とあり|1: 天象部. 2-4: 地儀部. 5-7: 植物部. 8-10: 動物部. 11-13: 人躰部. 14: 人事部. 15-17: 雜物部. 18-20: 辞字部|表紙は松皮菱毛目(1-3), 横刷毛目丁子引(4-20)を使用|毎半葉4行|朱筆書き入れあり|印記: 「さかきのやのしるし」(常世長胤), 「陽春廬記」(小中村清矩), 「紀伊恴川 南葵文庫」|虫損あり",http://tify.sub.uni-goettingen.de/demo.html?manifest=https://archdataset.dl.itc.u-tokyo.ac.jp/manifest/1261b721-2cdf-8e2d-5a45-1bf6efd17cbf.json,1261b721-2cdf-8e2d-5a45-1bf6efd17cbf,https://iiif.dl.itc.u-tokyo.ac.jp/repo/s/nanki/,https://iiif.dl.itc.u-tokyo.ac.jp/repo/s/nanki/document/1261b721-2cdf-8e2d-5a45-1bf6efd17cbf,https://www.lib.u-tokyo.ac.jp/ja/library/contents/archives-top/reuse,https://iiif.dl.itc.u-tokyo.ac.jp/repo/files/medium/c7ecd388c5f2355f514f18d7783207973f91a6fb.jpg,https://iiif.dl.itc.u-tokyo.ac.jp/repo/api/items/1002053,"東京大学総合図書館 General Library, The University of Tokyo, JAPAN",http://iiif.io/api/presentation/2#rightToLeftDirection,,総合図書館所蔵南葵文庫,0058,,https://iiif.dl.itc.u-tokyo.ac.jp/repo/iiif/1261b721-2cdf-8e2d-5a45-1bf6efd17cbf/manifest,,,,,49
字鏡集 20巻 [8],A00:4075,ジキョウシュウ,菅原 為長,20,[書写者不明],[江戸後期],図書,日本語,"写本|書名及び巻冊次は各巻目首による|18末に「一本應永廿四年六月十五日写之」と原奥書の模写あり|扉に「長胤云此字鏡集二十巻ハ勢州人足代權大夫弘訓ノ藏書ニテ四巻以下表紙ニ狩谷氏惠贈トアリ抑学者タル人珍書ヲ得タル悦此ノ如シ依テ先代相傳ノ書ヲ得テ読者其書ヲ求ムル人ノ労ヲ知ス」, 巻末に「字鏡集二十巻菅原為長卿撰墨附千六枚」, 「一本ハ應永年中之写本を摸写セシ落合直澄氏ノ所藏也」との朱筆識語あり|4-20の表紙に「棭齋狩谷氏惠贈」, 「足代權大夫藏」とあり|1: 天象部. 2-4: 地儀部. 5-7: 植物部. 8-10: 動物部. 11-13: 人躰部. 14: 人事部. 15-17: 雜物部. 18-20: 辞字部|表紙は松皮菱毛目(1-3), 横刷毛目丁子引(4-20)を使用|毎半葉4行|朱筆書き入れあり|印記: 「さかきのやのしるし」(常世長胤), 「陽春廬記」(小中村清矩), 「紀伊恴川 南葵文庫」|虫損あり",http://tify.sub.uni-goettingen.de/demo.html?manifest=https://archdataset.dl.itc.u-tokyo.ac.jp/manifest/379a3a17-462c-3324-18ea-2228d93d65d9.json,379a3a17-462c-3324-18ea-2228d93d65d9,https://iiif.dl.itc.u-tokyo.ac.jp/repo/s/nanki/,https://iiif.dl.itc.u-tokyo.ac.jp/repo/s/nanki/document/379a3a17-462c-3324-18ea-2228d93d65d9,https://www.lib.u-tokyo.ac.jp/ja/library/contents/archives-top/reuse,https://iiif.dl.itc.u-tokyo.ac.jp/repo/files/medium/03dc39d5923dc61de1893ada0a370595630c99b7.jpg,https://iiif.dl.itc.u-tokyo.ac.jp/repo/api/items/1002052,"東京大学総合図書館 General Library, The University of Tokyo, JAPAN",http://iiif.io/api/presentation/2#rightToLeftDirection,,総合図書館所蔵南葵文庫,0059,,https://iiif.dl.itc.u-tokyo.ac.jp/repo/iiif/379a3a17-462c-3324-18ea-2228d93d65d9/manifest,,,,,64
字鏡集 20巻 [9],A00:4075,ジキョウシュウ,菅原 為長,20,[書写者不明],[江戸後期],図書,日本語,"写本|書名及び巻冊次は各巻目首による|18末に「一本應永廿四年六月十五日写之」と原奥書の模写あり|扉に「長胤云此字鏡集二十巻ハ勢州人足代權大夫弘訓ノ藏書ニテ四巻以下表紙ニ狩谷氏惠贈トアリ抑学者タル人珍書ヲ得タル悦此ノ如シ依テ先代相傳ノ書ヲ得テ読者其書ヲ求ムル人ノ労ヲ知ス」, 巻末に「字鏡集二十巻菅原為長卿撰墨附千六枚」, 「一本ハ應永年中之写本を摸写セシ落合直澄氏ノ所藏也」との朱筆識語あり|4-20の表紙に「棭齋狩谷氏惠贈」, 「足代權大夫藏」とあり|1: 天象部. 2-4: 地儀部. 5-7: 植物部. 8-10: 動物部. 11-13: 人躰部. 14: 人事部. 15-17: 雜物部. 18-20: 辞字部|表紙は松皮菱毛目(1-3), 横刷毛目丁子引(4-20)を使用|毎半葉4行|朱筆書き入れあり|印記: 「さかきのやのしるし」(常世長胤), 「陽春廬記」(小中村清矩), 「紀伊恴川 南葵文庫」|虫損あり",http://tify.sub.uni-goettingen.de/demo.html?manifest=https://archdataset.dl.itc.u-tokyo.ac.jp/manifest/baedeaea-14cc-1c32-931b-23190798903e.json,baedeaea-14cc-1c32-931b-23190798903e,https://iiif.dl.itc.u-tokyo.ac.jp/repo/s/nanki/,https://iiif.dl.itc.u-tokyo.ac.jp/repo/s/nanki/document/baedeaea-14cc-1c32-931b-23190798903e,https://www.lib.u-tokyo.ac.jp/ja/library/contents/archives-top/reuse,https://iiif.dl.itc.u-tokyo.ac.jp/repo/files/medium/396cbd7fb6e578d92b0cb7987db4e18833d11326.jpg,https://iiif.dl.itc.u-tokyo.ac.jp/repo/api/items/1002051,"東京大学総合図書館 General Library, The University of Tokyo, JAPAN",http://iiif.io/api/presentation/2#rightToLeftDirection,,総合図書館所蔵南葵文庫,0060,,https://iiif.dl.itc.u-tokyo.ac.jp/repo/iiif/baedeaea-14cc-1c32-931b-23190798903e/manifest,,,,,67
字鏡集 20巻 [10],A00:4075,ジキョウシュウ,菅原 為長,20,[書写者不明],[江戸後期],図書,日本語,"写本|書名及び巻冊次は各巻目首による|18末に「一本應永廿四年六月十五日写之」と原奥書の模写あり|扉に「長胤云此字鏡集二十巻ハ勢州人足代權大夫弘訓ノ藏書ニテ四巻以下表紙ニ狩谷氏惠贈トアリ抑学者タル人珍書ヲ得タル悦此ノ如シ依テ先代相傳ノ書ヲ得テ読者其書ヲ求ムル人ノ労ヲ知ス」, 巻末に「字鏡集二十巻菅原為長卿撰墨附千六枚」, 「一本ハ應永年中之写本を摸写セシ落合直澄氏ノ所藏也」との朱筆識語あり|4-20の表紙に「棭齋狩谷氏惠贈」, 「足代權大夫藏」とあり|1: 天象部. 2-4: 地儀部. 5-7: 植物部. 8-10: 動物部. 11-13: 人躰部. 14: 人事部. 15-17: 雜物部. 18-20: 辞字部|表紙は松皮菱毛目(1-3), 横刷毛目丁子引(4-20)を使用|毎半葉4行|朱筆書き入れあり|印記: 「さかきのやのしるし」(常世長胤), 「陽春廬記」(小中村清矩), 「紀伊恴川 南葵文庫」|虫損あり",http://tify.sub.uni-goettingen.de/demo.html?manifest=https://archdataset.dl.itc.u-tokyo.ac.jp/manifest/71407950-21a0-a40f-3e90-908aef0d275f.json,71407950-21a0-a40f-3e90-908aef0d275f,https://iiif.dl.itc.u-tokyo.ac.jp/repo/s/nanki/,https://iiif.dl.itc.u-tokyo.ac.jp/repo/s/nanki/document/71407950-21a0-a40f-3e90-908aef0d275f,https://www.lib.u-tokyo.ac.jp/ja/library/contents/archives-top/reuse,https://iiif.dl.itc.u-tokyo.ac.jp/repo/files/medium/f890eb2b44eafc548759555779ca72fcb4f99f1c.jpg,https://iiif.dl.itc.u-tokyo.ac.jp/repo/api/items/1002050,"東京大学総合図書館 General Library, The University of Tokyo, JAPAN",http://iiif.io/api/presentation/2#rightToLeftDirection,,総合図書館所蔵南葵文庫,0061,,https://iiif.dl.itc.u-tokyo.ac.jp/repo/iiif/71407950-21a0-a40f-3e90-908aef0d275f/manifest,,,,,52
字鏡集 20巻 [11],A00:4075,ジキョウシュウ,菅原 為長,20,[書写者不明],[江戸後期],図書,日本語,"写本|書名及び巻冊次は各巻目首による|18末に「一本應永廿四年六月十五日写之」と原奥書の模写あり|扉に「長胤云此字鏡集二十巻ハ勢州人足代權大夫弘訓ノ藏書ニテ四巻以下表紙ニ狩谷氏惠贈トアリ抑学者タル人珍書ヲ得タル悦此ノ如シ依テ先代相傳ノ書ヲ得テ読者其書ヲ求ムル人ノ労ヲ知ス」, 巻末に「字鏡集二十巻菅原為長卿撰墨附千六枚」, 「一本ハ應永年中之写本を摸写セシ落合直澄氏ノ所藏也」との朱筆識語あり|4-20の表紙に「棭齋狩谷氏惠贈」, 「足代權大夫藏」とあり|1: 天象部. 2-4: 地儀部. 5-7: 植物部. 8-10: 動物部. 11-13: 人躰部. 14: 人事部. 15-17: 雜物部. 18-20: 辞字部|表紙は松皮菱毛目(1-3), 横刷毛目丁子引(4-20)を使用|毎半葉4行|朱筆書き入れあり|印記: 「さかきのやのしるし」(常世長胤), 「陽春廬記」(小中村清矩), 「紀伊恴川 南葵文庫」|虫損あり",http://tify.sub.uni-goettingen.de/demo.html?manifest=https://archdataset.dl.itc.u-tokyo.ac.jp/manifest/a504f881-8d44-582f-7412-50fe45460520.json,a504f881-8d44-582f-7412-50fe45460520,https://iiif.dl.itc.u-tokyo.ac.jp/repo/s/nanki/,https://iiif.dl.itc.u-tokyo.ac.jp/repo/s/nanki/document/a504f881-8d44-582f-7412-50fe45460520,https://www.lib.u-tokyo.ac.jp/ja/library/contents/archives-top/reuse,https://iiif.dl.itc.u-tokyo.ac.jp/repo/files/medium/f0d320df3f4c58b28d80fc6e570d8b8510bee30d.jpg,https://iiif.dl.itc.u-tokyo.ac.jp/repo/api/items/1002049,"東京大学総合図書館 General Library, The University of Tokyo, JAPAN",http://iiif.io/api/presentation/2#rightToLeftDirection,,総合図書館所蔵南葵文庫,0062,,https://iiif.dl.itc.u-tokyo.ac.jp/repo/iiif/a504f881-8d44-582f-7412-50fe45460520/manifest,,,,,61
字鏡集 20巻 [12],A00:4075,ジキョウシュウ,菅原 為長,20,[書写者不明],[江戸後期],図書,日本語,"写本|書名及び巻冊次は各巻目首による|18末に「一本應永廿四年六月十五日写之」と原奥書の模写あり|扉に「長胤云此字鏡集二十巻ハ勢州人足代權大夫弘訓ノ藏書ニテ四巻以下表紙ニ狩谷氏惠贈トアリ抑学者タル人珍書ヲ得タル悦此ノ如シ依テ先代相傳ノ書ヲ得テ読者其書ヲ求ムル人ノ労ヲ知ス」, 巻末に「字鏡集二十巻菅原為長卿撰墨附千六枚」, 「一本ハ應永年中之写本を摸写セシ落合直澄氏ノ所藏也」との朱筆識語あり|4-20の表紙に「棭齋狩谷氏惠贈」, 「足代權大夫藏」とあり|1: 天象部. 2-4: 地儀部. 5-7: 植物部. 8-10: 動物部. 11-13: 人躰部. 14: 人事部. 15-17: 雜物部. 18-20: 辞字部|表紙は松皮菱毛目(1-3), 横刷毛目丁子引(4-20)を使用|毎半葉4行|朱筆書き入れあり|印記: 「さかきのやのしるし」(常世長胤), 「陽春廬記」(小中村清矩), 「紀伊恴川 南葵文庫」|虫損あり",http://tify.sub.uni-goettingen.de/demo.html?manifest=https://archdataset.dl.itc.u-tokyo.ac.jp/manifest/6edc9c90-a007-5dfa-6022-5a9c8ad72451.json,6edc9c90-a007-5dfa-6022-5a9c8ad72451,https://iiif.dl.itc.u-tokyo.ac.jp/repo/s/nanki/,https://iiif.dl.itc.u-tokyo.ac.jp/repo/s/nanki/document/6edc9c90-a007-5dfa-6022-5a9c8ad72451,https://www.lib.u-tokyo.ac.jp/ja/library/contents/archives-top/reuse,https://iiif.dl.itc.u-tokyo.ac.jp/repo/files/medium/dd9721fb9d142c0634ed804f555e2d7398568cb7.jpg,https://iiif.dl.itc.u-tokyo.ac.jp/repo/api/items/1002048,"東京大学総合図書館 General Library, The University of Tokyo, JAPAN",http://iiif.io/api/presentation/2#rightToLeftDirection,,総合図書館所蔵南葵文庫,0063,,https://iiif.dl.itc.u-tokyo.ac.jp/repo/iiif/6edc9c90-a007-5dfa-6022-5a9c8ad72451/manifest,,,,,69
字鏡集 20巻 [13],A00:4075,ジキョウシュウ,菅原 為長,20,[書写者不明],[江戸後期],図書,日本語,"写本|書名及び巻冊次は各巻目首による|18末に「一本應永廿四年六月十五日写之」と原奥書の模写あり|扉に「長胤云此字鏡集二十巻ハ勢州人足代權大夫弘訓ノ藏書ニテ四巻以下表紙ニ狩谷氏惠贈トアリ抑学者タル人珍書ヲ得タル悦此ノ如シ依テ先代相傳ノ書ヲ得テ読者其書ヲ求ムル人ノ労ヲ知ス」, 巻末に「字鏡集二十巻菅原為長卿撰墨附千六枚」, 「一本ハ應永年中之写本を摸写セシ落合直澄氏ノ所藏也」との朱筆識語あり|4-20の表紙に「棭齋狩谷氏惠贈」, 「足代權大夫藏」とあり|1: 天象部. 2-4: 地儀部. 5-7: 植物部. 8-10: 動物部. 11-13: 人躰部. 14: 人事部. 15-17: 雜物部. 18-20: 辞字部|表紙は松皮菱毛目(1-3), 横刷毛目丁子引(4-20)を使用|毎半葉4行|朱筆書き入れあり|印記: 「さかきのやのしるし」(常世長胤), 「陽春廬記」(小中村清矩), 「紀伊恴川 南葵文庫」|虫損あり",http://tify.sub.uni-goettingen.de/demo.html?manifest=https://archdataset.dl.itc.u-tokyo.ac.jp/manifest/f08447fc-31e6-9360-42db-f78899033dfc.json,f08447fc-31e6-9360-42db-f78899033dfc,https://iiif.dl.itc.u-tokyo.ac.jp/repo/s/nanki/,https://iiif.dl.itc.u-tokyo.ac.jp/repo/s/nanki/document/f08447fc-31e6-9360-42db-f78899033dfc,https://www.lib.u-tokyo.ac.jp/ja/library/contents/archives-top/reuse,https://iiif.dl.itc.u-tokyo.ac.jp/repo/files/medium/4c39ded5fd5e202b5ba82779e05d948e9949cede.jpg,https://iiif.dl.itc.u-tokyo.ac.jp/repo/api/items/1002047,"東京大学総合図書館 General Library, The University of Tokyo, JAPAN",http://iiif.io/api/presentation/2#rightToLeftDirection,,総合図書館所蔵南葵文庫,0064,,https://iiif.dl.itc.u-tokyo.ac.jp/repo/iiif/f08447fc-31e6-9360-42db-f78899033dfc/manifest,,,,,53
字鏡集 20巻 [14],A00:4075,ジキョウシュウ,菅原 為長,20,[書写者不明],[江戸後期],図書,日本語,"写本|書名及び巻冊次は各巻目首による|18末に「一本應永廿四年六月十五日写之」と原奥書の模写あり|扉に「長胤云此字鏡集二十巻ハ勢州人足代權大夫弘訓ノ藏書ニテ四巻以下表紙ニ狩谷氏惠贈トアリ抑学者タル人珍書ヲ得タル悦此ノ如シ依テ先代相傳ノ書ヲ得テ読者其書ヲ求ムル人ノ労ヲ知ス」, 巻末に「字鏡集二十巻菅原為長卿撰墨附千六枚」, 「一本ハ應永年中之写本を摸写セシ落合直澄氏ノ所藏也」との朱筆識語あり|4-20の表紙に「棭齋狩谷氏惠贈」, 「足代權大夫藏」とあり|1: 天象部. 2-4: 地儀部. 5-7: 植物部. 8-10: 動物部. 11-13: 人躰部. 14: 人事部. 15-17: 雜物部. 18-20: 辞字部|表紙は松皮菱毛目(1-3), 横刷毛目丁子引(4-20)を使用|毎半葉4行|朱筆書き入れあり|印記: 「さかきのやのしるし」(常世長胤), 「陽春廬記」(小中村清矩), 「紀伊恴川 南葵文庫」|虫損あり",http://tify.sub.uni-goettingen.de/demo.html?manifest=https://archdataset.dl.itc.u-tokyo.ac.jp/manifest/be66fd86-01e9-6260-321f-3b9dfd9d6fe6.json,be66fd86-01e9-6260-321f-3b9dfd9d6fe6,https://iiif.dl.itc.u-tokyo.ac.jp/repo/s/nanki/,https://iiif.dl.itc.u-tokyo.ac.jp/repo/s/nanki/document/be66fd86-01e9-6260-321f-3b9dfd9d6fe6,https://www.lib.u-tokyo.ac.jp/ja/library/contents/archives-top/reuse,https://iiif.dl.itc.u-tokyo.ac.jp/repo/files/medium/e333f8781765ba4a664dc4142fdb33c80b909435.jpg,https://iiif.dl.itc.u-tokyo.ac.jp/repo/api/items/1002046,"東京大学総合図書館 General Library, The University of Tokyo, JAPAN",http://iiif.io/api/presentation/2#rightToLeftDirection,,総合図書館所蔵南葵文庫,0065,,https://iiif.dl.itc.u-tokyo.ac.jp/repo/iiif/be66fd86-01e9-6260-321f-3b9dfd9d6fe6/manifest,,,,,52
字鏡集 20巻 [15],A00:4075,ジキョウシュウ,菅原 為長,20,[書写者不明],[江戸後期],図書,日本語,"写本|書名及び巻冊次は各巻目首による|18末に「一本應永廿四年六月十五日写之」と原奥書の模写あり|扉に「長胤云此字鏡集二十巻ハ勢州人足代權大夫弘訓ノ藏書ニテ四巻以下表紙ニ狩谷氏惠贈トアリ抑学者タル人珍書ヲ得タル悦此ノ如シ依テ先代相傳ノ書ヲ得テ読者其書ヲ求ムル人ノ労ヲ知ス」, 巻末に「字鏡集二十巻菅原為長卿撰墨附千六枚」, 「一本ハ應永年中之写本を摸写セシ落合直澄氏ノ所藏也」との朱筆識語あり|4-20の表紙に「棭齋狩谷氏惠贈」, 「足代權大夫藏」とあり|1: 天象部. 2-4: 地儀部. 5-7: 植物部. 8-10: 動物部. 11-13: 人躰部. 14: 人事部. 15-17: 雜物部. 18-20: 辞字部|表紙は松皮菱毛目(1-3), 横刷毛目丁子引(4-20)を使用|毎半葉4行|朱筆書き入れあり|印記: 「さかきのやのしるし」(常世長胤), 「陽春廬記」(小中村清矩), 「紀伊恴川 南葵文庫」|虫損あり",http://tify.sub.uni-goettingen.de/demo.html?manifest=https://archdataset.dl.itc.u-tokyo.ac.jp/manifest/7114e3b1-88c5-692f-32de-be5c61126ae2.json,7114e3b1-88c5-692f-32de-be5c61126ae2,https://iiif.dl.itc.u-tokyo.ac.jp/repo/s/nanki/,https://iiif.dl.itc.u-tokyo.ac.jp/repo/s/nanki/document/7114e3b1-88c5-692f-32de-be5c61126ae2,https://www.lib.u-tokyo.ac.jp/ja/library/contents/archives-top/reuse,https://iiif.dl.itc.u-tokyo.ac.jp/repo/files/medium/092c085edeb65114cecdff1e15252d1a8df73c4f.jpg,https://iiif.dl.itc.u-tokyo.ac.jp/repo/api/items/1002045,"東京大学総合図書館 General Library, The University of Tokyo, JAPAN",http://iiif.io/api/presentation/2#rightToLeftDirection,,総合図書館所蔵南葵文庫,0066,,https://iiif.dl.itc.u-tokyo.ac.jp/repo/iiif/7114e3b1-88c5-692f-32de-be5c61126ae2/manifest,,,,,63
字鏡集 20巻 [16],A00:4075,ジキョウシュウ,菅原 為長,20,[書写者不明],[江戸後期],図書,日本語,"写本|書名及び巻冊次は各巻目首による|18末に「一本應永廿四年六月十五日写之」と原奥書の模写あり|扉に「長胤云此字鏡集二十巻ハ勢州人足代權大夫弘訓ノ藏書ニテ四巻以下表紙ニ狩谷氏惠贈トアリ抑学者タル人珍書ヲ得タル悦此ノ如シ依テ先代相傳ノ書ヲ得テ読者其書ヲ求ムル人ノ労ヲ知ス」, 巻末に「字鏡集二十巻菅原為長卿撰墨附千六枚」, 「一本ハ應永年中之写本を摸写セシ落合直澄氏ノ所藏也」との朱筆識語あり|4-20の表紙に「棭齋狩谷氏惠贈」, 「足代權大夫藏」とあり|1: 天象部. 2-4: 地儀部. 5-7: 植物部. 8-10: 動物部. 11-13: 人躰部. 14: 人事部. 15-17: 雜物部. 18-20: 辞字部|表紙は松皮菱毛目(1-3), 横刷毛目丁子引(4-20)を使用|毎半葉4行|朱筆書き入れあり|印記: 「さかきのやのしるし」(常世長胤), 「陽春廬記」(小中村清矩), 「紀伊恴川 南葵文庫」|虫損あり",http://tify.sub.uni-goettingen.de/demo.html?manifest=https://archdataset.dl.itc.u-tokyo.ac.jp/manifest/11374363-99fe-829f-a00b-b39e434f091b.json,11374363-99fe-829f-a00b-b39e434f091b,https://iiif.dl.itc.u-tokyo.ac.jp/repo/s/nanki/,https://iiif.dl.itc.u-tokyo.ac.jp/repo/s/nanki/document/11374363-99fe-829f-a00b-b39e434f091b,https://www.lib.u-tokyo.ac.jp/ja/library/contents/archives-top/reuse,https://iiif.dl.itc.u-tokyo.ac.jp/repo/files/medium/af333df4cf5066b0074bff189bb53f1c7907a3bd.jpg,https://iiif.dl.itc.u-tokyo.ac.jp/repo/api/items/1002044,"東京大学総合図書館 General Library, The University of Tokyo, JAPAN",http://iiif.io/api/presentation/2#rightToLeftDirection,,総合図書館所蔵南葵文庫,0067,,https://iiif.dl.itc.u-tokyo.ac.jp/repo/iiif/11374363-99fe-829f-a00b-b39e434f091b/manifest,,,,,60
字鏡集 20巻 [17],A00:4075,ジキョウシュウ,菅原 為長,20,[書写者不明],[江戸後期],図書,日本語,"写本|書名及び巻冊次は各巻目首による|18末に「一本應永廿四年六月十五日写之」と原奥書の模写あり|扉に「長胤云此字鏡集二十巻ハ勢州人足代權大夫弘訓ノ藏書ニテ四巻以下表紙ニ狩谷氏惠贈トアリ抑学者タル人珍書ヲ得タル悦此ノ如シ依テ先代相傳ノ書ヲ得テ読者其書ヲ求ムル人ノ労ヲ知ス」, 巻末に「字鏡集二十巻菅原為長卿撰墨附千六枚」, 「一本ハ應永年中之写本を摸写セシ落合直澄氏ノ所藏也」との朱筆識語あり|4-20の表紙に「棭齋狩谷氏惠贈」, 「足代權大夫藏」とあり|1: 天象部. 2-4: 地儀部. 5-7: 植物部. 8-10: 動物部. 11-13: 人躰部. 14: 人事部. 15-17: 雜物部. 18-20: 辞字部|表紙は松皮菱毛目(1-3), 横刷毛目丁子引(4-20)を使用|毎半葉4行|朱筆書き入れあり|印記: 「さかきのやのしるし」(常世長胤), 「陽春廬記」(小中村清矩), 「紀伊恴川 南葵文庫」|虫損あり",http://tify.sub.uni-goettingen.de/demo.html?manifest=https://archdataset.dl.itc.u-tokyo.ac.jp/manifest/ff9e6f29-7db4-6701-4fe1-ceb512b75ba6.json,ff9e6f29-7db4-6701-4fe1-ceb512b75ba6,https://iiif.dl.itc.u-tokyo.ac.jp/repo/s/nanki/,https://iiif.dl.itc.u-tokyo.ac.jp/repo/s/nanki/document/ff9e6f29-7db4-6701-4fe1-ceb512b75ba6,https://www.lib.u-tokyo.ac.jp/ja/library/contents/archives-top/reuse,https://iiif.dl.itc.u-tokyo.ac.jp/repo/files/medium/4c7b2e085a226cea3c9046f80e2d97975d933b4b.jpg,https://iiif.dl.itc.u-tokyo.ac.jp/repo/api/items/1002043,"東京大学総合図書館 General Library, The University of Tokyo, JAPAN",http://iiif.io/api/presentation/2#rightToLeftDirection,,総合図書館所蔵南葵文庫,0068,,https://iiif.dl.itc.u-tokyo.ac.jp/repo/iiif/ff9e6f29-7db4-6701-4fe1-ceb512b75ba6/manifest,,,,,66
字鏡集 20巻 [18],A00:4075,ジキョウシュウ,菅原 為長,20,[書写者不明],[江戸後期],図書,日本語,"写本|書名及び巻冊次は各巻目首による|18末に「一本應永廿四年六月十五日写之」と原奥書の模写あり|扉に「長胤云此字鏡集二十巻ハ勢州人足代權大夫弘訓ノ藏書ニテ四巻以下表紙ニ狩谷氏惠贈トアリ抑学者タル人珍書ヲ得タル悦此ノ如シ依テ先代相傳ノ書ヲ得テ読者其書ヲ求ムル人ノ労ヲ知ス」, 巻末に「字鏡集二十巻菅原為長卿撰墨附千六枚」, 「一本ハ應永年中之写本を摸写セシ落合直澄氏ノ所藏也」との朱筆識語あり|4-20の表紙に「棭齋狩谷氏惠贈」, 「足代權大夫藏」とあり|1: 天象部. 2-4: 地儀部. 5-7: 植物部. 8-10: 動物部. 11-13: 人躰部. 14: 人事部. 15-17: 雜物部. 18-20: 辞字部|表紙は松皮菱毛目(1-3), 横刷毛目丁子引(4-20)を使用|毎半葉4行|朱筆書き入れあり|印記: 「さかきのやのしるし」(常世長胤), 「陽春廬記」(小中村清矩), 「紀伊恴川 南葵文庫」|虫損あり",http://tify.sub.uni-goettingen.de/demo.html?manifest=https://archdataset.dl.itc.u-tokyo.ac.jp/manifest/d2fad289-7a08-346a-4655-82d724d3141c.json,d2fad289-7a08-346a-4655-82d724d3141c,https://iiif.dl.itc.u-tokyo.ac.jp/repo/s/nanki/,https://iiif.dl.itc.u-tokyo.ac.jp/repo/s/nanki/document/d2fad289-7a08-346a-4655-82d724d3141c,https://www.lib.u-tokyo.ac.jp/ja/library/contents/archives-top/reuse,https://iiif.dl.itc.u-tokyo.ac.jp/repo/files/medium/8363371206e907d29291ad75465eefee2599d5d3.jpg,https://iiif.dl.itc.u-tokyo.ac.jp/repo/api/items/1002042,"東京大学総合図書館 General Library, The University of Tokyo, JAPAN",http://iiif.io/api/presentation/2#rightToLeftDirection,,総合図書館所蔵南葵文庫,0069,,https://iiif.dl.itc.u-tokyo.ac.jp/repo/iiif/d2fad289-7a08-346a-4655-82d724d3141c/manifest,,,,,68
字鏡集 20巻 [19],A00:4075,ジキョウシュウ,菅原 為長,20,[書写者不明],[江戸後期],図書,日本語,"写本|書名及び巻冊次は各巻目首による|18末に「一本應永廿四年六月十五日写之」と原奥書の模写あり|扉に「長胤云此字鏡集二十巻ハ勢州人足代權大夫弘訓ノ藏書ニテ四巻以下表紙ニ狩谷氏惠贈トアリ抑学者タル人珍書ヲ得タル悦此ノ如シ依テ先代相傳ノ書ヲ得テ読者其書ヲ求ムル人ノ労ヲ知ス」, 巻末に「字鏡集二十巻菅原為長卿撰墨附千六枚」, 「一本ハ應永年中之写本を摸写セシ落合直澄氏ノ所藏也」との朱筆識語あり|4-20の表紙に「棭齋狩谷氏惠贈」, 「足代權大夫藏」とあり|1: 天象部. 2-4: 地儀部. 5-7: 植物部. 8-10: 動物部. 11-13: 人躰部. 14: 人事部. 15-17: 雜物部. 18-20: 辞字部|表紙は松皮菱毛目(1-3), 横刷毛目丁子引(4-20)を使用|毎半葉4行|朱筆書き入れあり|印記: 「さかきのやのしるし」(常世長胤), 「陽春廬記」(小中村清矩), 「紀伊恴川 南葵文庫」|虫損あり",http://tify.sub.uni-goettingen.de/demo.html?manifest=https://archdataset.dl.itc.u-tokyo.ac.jp/manifest/92183736-568c-731b-2009-744a9a103a4e.json,92183736-568c-731b-2009-744a9a103a4e,https://iiif.dl.itc.u-tokyo.ac.jp/repo/s/nanki/,https://iiif.dl.itc.u-tokyo.ac.jp/repo/s/nanki/document/92183736-568c-731b-2009-744a9a103a4e,https://www.lib.u-tokyo.ac.jp/ja/library/contents/archives-top/reuse,https://iiif.dl.itc.u-tokyo.ac.jp/repo/files/medium/b933354b00dd18ebf2d6b0fcdde6268111b2921f.jpg,https://iiif.dl.itc.u-tokyo.ac.jp/repo/api/items/1002041,"東京大学総合図書館 General Library, The University of Tokyo, JAPAN",http://iiif.io/api/presentation/2#rightToLeftDirection,,総合図書館所蔵南葵文庫,0070,,https://iiif.dl.itc.u-tokyo.ac.jp/repo/iiif/92183736-568c-731b-2009-744a9a103a4e/manifest,,,,,65
字鏡集 20巻 [20],A00:4075,ジキョウシュウ,菅原 為長,20,[書写者不明],[江戸後期],図書,日本語,"写本|書名及び巻冊次は各巻目首による|18末に「一本應永廿四年六月十五日写之」と原奥書の模写あり|扉に「長胤云此字鏡集二十巻ハ勢州人足代權大夫弘訓ノ藏書ニテ四巻以下表紙ニ狩谷氏惠贈トアリ抑学者タル人珍書ヲ得タル悦此ノ如シ依テ先代相傳ノ書ヲ得テ読者其書ヲ求ムル人ノ労ヲ知ス」, 巻末に「字鏡集二十巻菅原為長卿撰墨附千六枚」, 「一本ハ應永年中之写本を摸写セシ落合直澄氏ノ所藏也」との朱筆識語あり|4-20の表紙に「棭齋狩谷氏惠贈」, 「足代權大夫藏」とあり|1: 天象部. 2-4: 地儀部. 5-7: 植物部. 8-10: 動物部. 11-13: 人躰部. 14: 人事部. 15-17: 雜物部. 18-20: 辞字部|表紙は松皮菱毛目(1-3), 横刷毛目丁子引(4-20)を使用|毎半葉4行|朱筆書き入れあり|印記: 「さかきのやのしるし」(常世長胤), 「陽春廬記」(小中村清矩), 「紀伊恴川 南葵文庫」|虫損あり",http://tify.sub.uni-goettingen.de/demo.html?manifest=https://archdataset.dl.itc.u-tokyo.ac.jp/manifest/7fe6e45d-3ea9-20f3-01f4-3cb79de17a84.json,7fe6e45d-3ea9-20f3-01f4-3cb79de17a84,https://iiif.dl.itc.u-tokyo.ac.jp/repo/s/nanki/,https://iiif.dl.itc.u-tokyo.ac.jp/repo/s/nanki/document/7fe6e45d-3ea9-20f3-01f4-3cb79de17a84,https://www.lib.u-tokyo.ac.jp/ja/library/contents/archives-top/reuse,https://iiif.dl.itc.u-tokyo.ac.jp/repo/files/medium/c218e6d253d6b8df23d6728ee9ee3a73ea79459f.jpg,https://iiif.dl.itc.u-tokyo.ac.jp/repo/api/items/1002040,"東京大学総合図書館 General Library, The University of Tokyo, JAPAN",http://iiif.io/api/presentation/2#rightToLeftDirection,,総合図書館所蔵南葵文庫,0071,,https://iiif.dl.itc.u-tokyo.ac.jp/repo/iiif/7fe6e45d-3ea9-20f3-01f4-3cb79de17a84/manifest,,,,,60
愚管鈔 7巻 [1],A00:4076,グカンショウ,慈円,3,[書写者不明],天保4 [1833] 識語,図書,日本語,"写本|大尾の書名: 愚管抄|責任表示は『日本古典籍総合目録データベース』による|本奥書に「文明第八暦書写之畢 古夲奉与奪唐槗殿也」とあり|奥書に「今以三夲挍正一過畢 ... 寳暦十年庚辰十一月廾二日 伴宿弥 後(花押)」, 「以三本挍合畢 天明八年戊申九月 藤原忠寄」, 「文化十四年丁丑八月卅日閲」とあり|巻末に「天保四年五月課人書写了以二本挍合 伴信友」との朱筆識語あり|大尾に「天保十五年四月 椎かもと」(橘守部)の識語1丁を付す|題簽による巻冊次表示: 天, 地, 人|朱墨筆書き入れあり|付箋, 挟紙あり|印記: 「川原塚文庫」, 「伴文庫」, 「伴氏家印」, 「伴氏」(伴直方), 「陽春廬記」(小中村清矩), 「紀伊恴川 南葵文庫」|虫損あり",http://tify.sub.uni-goettingen.de/demo.html?manifest=https://archdataset.dl.itc.u-tokyo.ac.jp/manifest/c1fae297-25b1-509e-2ee1-454b80fa7f37.json,c1fae297-25b1-509e-2ee1-454b80fa7f37,https://iiif.dl.itc.u-tokyo.ac.jp/repo/s/nanki/,https://iiif.dl.itc.u-tokyo.ac.jp/repo/s/nanki/document/c1fae297-25b1-509e-2ee1-454b80fa7f37,https://www.lib.u-tokyo.ac.jp/ja/library/contents/archives-top/reuse,https://iiif.dl.itc.u-tokyo.ac.jp/repo/files/medium/cff59bc3aa84190c87e269fb8d241db01666099d.jpg,https://iiif.dl.itc.u-tokyo.ac.jp/repo/api/items/1002039,"東京大学総合図書館 General Library, The University of Tokyo, JAPAN",http://iiif.io/api/presentation/2#rightToLeftDirection,,総合図書館所蔵南葵文庫,0072,,https://iiif.dl.itc.u-tokyo.ac.jp/repo/iiif/c1fae297-25b1-509e-2ee1-454b80fa7f37/manifest,,,,,82
愚管鈔 7巻 [2],A00:4076,グカンショウ,慈円,3,[書写者不明],天保4 [1833] 識語,図書,日本語,"写本|大尾の書名: 愚管抄|責任表示は『日本古典籍総合目録データベース』による|本奥書に「文明第八暦書写之畢 古夲奉与奪唐槗殿也」とあり|奥書に「今以三夲挍正一過畢 ... 寳暦十年庚辰十一月廾二日 伴宿弥 後(花押)」, 「以三本挍合畢 天明八年戊申九月 藤原忠寄」, 「文化十四年丁丑八月卅日閲」とあり|巻末に「天保四年五月課人書写了以二本挍合 伴信友」との朱筆識語あり|大尾に「天保十五年四月 椎かもと」(橘守部)の識語1丁を付す|題簽による巻冊次表示: 天, 地, 人|朱墨筆書き入れあり|付箋, 挟紙あり|印記: 「川原塚文庫」, 「伴文庫」, 「伴氏家印」, 「伴氏」(伴直方), 「陽春廬記」(小中村清矩), 「紀伊恴川 南葵文庫」|虫損あり",http://tify.sub.uni-goettingen.de/demo.html?manifest=https://archdataset.dl.itc.u-tokyo.ac.jp/manifest/282e883d-a1a7-4eeb-534d-93f690fc393a.json,282e883d-a1a7-4eeb-534d-93f690fc393a,https://iiif.dl.itc.u-tokyo.ac.jp/repo/s/nanki/,https://iiif.dl.itc.u-tokyo.ac.jp/repo/s/nanki/document/282e883d-a1a7-4eeb-534d-93f690fc393a,https://www.lib.u-tokyo.ac.jp/ja/library/contents/archives-top/reuse,https://iiif.dl.itc.u-tokyo.ac.jp/repo/files/medium/f236afd4dad289b71b9b214ae5909fa24a7af699.jpg,https://iiif.dl.itc.u-tokyo.ac.jp/repo/api/items/1002038,"東京大学総合図書館 General Library, The University of Tokyo, JAPAN",http://iiif.io/api/presentation/2#rightToLeftDirection,,総合図書館所蔵南葵文庫,0073,,https://iiif.dl.itc.u-tokyo.ac.jp/repo/iiif/282e883d-a1a7-4eeb-534d-93f690fc393a/manifest,,,,,112
愚管鈔 7巻 [3],A00:4076,グカンショウ,慈円,3,[書写者不明],天保4 [1833] 識語,図書,日本語,"写本|大尾の書名: 愚管抄|責任表示は『日本古典籍総合目録データベース』による|本奥書に「文明第八暦書写之畢 古夲奉与奪唐槗殿也」とあり|奥書に「今以三夲挍正一過畢 ... 寳暦十年庚辰十一月廾二日 伴宿弥 後(花押)」, 「以三本挍合畢 天明八年戊申九月 藤原忠寄」, 「文化十四年丁丑八月卅日閲」とあり|巻末に「天保四年五月課人書写了以二本挍合 伴信友」との朱筆識語あり|大尾に「天保十五年四月 椎かもと」(橘守部)の識語1丁を付す|題簽による巻冊次表示: 天, 地, 人|朱墨筆書き入れあり|付箋, 挟紙あり|印記: 「川原塚文庫」, 「伴文庫」, 「伴氏家印」, 「伴氏」(伴直方), 「陽春廬記」(小中村清矩), 「紀伊恴川 南葵文庫」|虫損あり",http://tify.sub.uni-goettingen.de/demo.html?manifest=https://archdataset.dl.itc.u-tokyo.ac.jp/manifest/6a9f7a87-3e1d-3849-4e2a-ae9bdf14a5b5.json,6a9f7a87-3e1d-3849-4e2a-ae9bdf14a5b5,https://iiif.dl.itc.u-tokyo.ac.jp/repo/s/nanki/,https://iiif.dl.itc.u-tokyo.ac.jp/repo/s/nanki/document/6a9f7a87-3e1d-3849-4e2a-ae9bdf14a5b5,https://www.lib.u-tokyo.ac.jp/ja/library/contents/archives-top/reuse,https://iiif.dl.itc.u-tokyo.ac.jp/repo/files/medium/9edc2f61bd309e13a7579030dcc05f894f8f4199.jpg,https://iiif.dl.itc.u-tokyo.ac.jp/repo/api/items/1002037,"東京大学総合図書館 General Library, The University of Tokyo, JAPAN",http://iiif.io/api/presentation/2#rightToLeftDirection,,総合図書館所蔵南葵文庫,0074,,https://iiif.dl.itc.u-tokyo.ac.jp/repo/iiif/6a9f7a87-3e1d-3849-4e2a-ae9bdf14a5b5/manifest,,,,,162
尚書 13巻 [1],A00:4079,ショウショ,孔 安國,3,[出版者不明],[慶長元和年間],図書,中国語,"四周双辺有界8行17字注文双行, 内匡廓: 23.2×17.1cm, 中黒口双花黒魚尾|古活字本|巻末に「全部し清原宣賢朝臣家本加朱点之 永正十三年七月日 黄汀侍郎藤判」との墨書あり|朱点, 朱引あり|朱墨筆傍点, 傍注, 頭注あり|原4冊を3冊に合綴|印記: 「陽春廬記」(小中村清矩), 「紀伊恴川 南葵文庫」|虫損あり",http://tify.sub.uni-goettingen.de/demo.html?manifest=https://archdataset.dl.itc.u-tokyo.ac.jp/manifest/92031314-a3c6-9ea7-8646-1d4b4b93284a.json,92031314-a3c6-9ea7-8646-1d4b4b93284a,https://iiif.dl.itc.u-tokyo.ac.jp/repo/s/nanki/,https://iiif.dl.itc.u-tokyo.ac.jp/repo/s/nanki/document/92031314-a3c6-9ea7-8646-1d4b4b93284a,https://www.lib.u-tokyo.ac.jp/ja/library/contents/archives-top/reuse,https://iiif.dl.itc.u-tokyo.ac.jp/repo/files/medium/e56f7d205ce870f20f61ffe2e619ce3f0fcdf34c.jpg,https://iiif.dl.itc.u-tokyo.ac.jp/repo/api/items/1002036,"東京大学総合図書館 General Library, The University of Tokyo, JAPAN",http://iiif.io/api/presentation/2#rightToLeftDirection,,総合図書館所蔵南葵文庫,0075,,https://iiif.dl.itc.u-tokyo.ac.jp/repo/iiif/92031314-a3c6-9ea7-8646-1d4b4b93284a/manifest,,,,,67
尚書 13巻 [2],A00:4079,ショウショ,孔 安國,3,[出版者不明],[慶長元和年間],図書,中国語,"四周双辺有界8行17字注文双行, 内匡廓: 23.2×17.1cm, 中黒口双花黒魚尾|古活字本|巻末に「全部し清原宣賢朝臣家本加朱点之 永正十三年七月日 黄汀侍郎藤判」との墨書あり|朱点, 朱引あり|朱墨筆傍点, 傍注, 頭注あり|原4冊を3冊に合綴|印記: 「陽春廬記」(小中村清矩), 「紀伊恴川 南葵文庫」|虫損あり",http://tify.sub.uni-goettingen.de/demo.html?manifest=https://archdataset.dl.itc.u-tokyo.ac.jp/manifest/880ec63b-8bc3-a34d-87f2-8b7c7fb79a3c.json,880ec63b-8bc3-a34d-87f2-8b7c7fb79a3c,https://iiif.dl.itc.u-tokyo.ac.jp/repo/s/nanki/,https://iiif.dl.itc.u-tokyo.ac.jp/repo/s/nanki/document/880ec63b-8bc3-a34d-87f2-8b7c7fb79a3c,https://www.lib.u-tokyo.ac.jp/ja/library/contents/archives-top/reuse,https://iiif.dl.itc.u-tokyo.ac.jp/repo/files/medium/6ab4502dcd2d4435c091448146c049e2a354c7b4.jpg,https://iiif.dl.itc.u-tokyo.ac.jp/repo/api/items/1002035,"東京大学総合図書館 General Library, The University of Tokyo, JAPAN",http://iiif.io/api/presentation/2#rightToLeftDirection,,総合図書館所蔵南葵文庫,0076,,https://iiif.dl.itc.u-tokyo.ac.jp/repo/iiif/880ec63b-8bc3-a34d-87f2-8b7c7fb79a3c/manifest,,,,,74
尚書 13巻 [3],A00:4079,ショウショ,孔 安國,3,[出版者不明],[慶長元和年間],図書,中国語,"四周双辺有界8行17字注文双行, 内匡廓: 23.2×17.1cm, 中黒口双花黒魚尾|古活字本|巻末に「全部し清原宣賢朝臣家本加朱点之 永正十三年七月日 黄汀侍郎藤判」との墨書あり|朱点, 朱引あり|朱墨筆傍点, 傍注, 頭注あり|原4冊を3冊に合綴|印記: 「陽春廬記」(小中村清矩), 「紀伊恴川 南葵文庫」|虫損あり",http://tify.sub.uni-goettingen.de/demo.html?manifest=https://archdataset.dl.itc.u-tokyo.ac.jp/manifest/23f80dd7-0fec-6f04-72ac-d2de80fa6d24.json,23f80dd7-0fec-6f04-72ac-d2de80fa6d24,https://iiif.dl.itc.u-tokyo.ac.jp/repo/s/nanki/,https://iiif.dl.itc.u-tokyo.ac.jp/repo/s/nanki/document/23f80dd7-0fec-6f04-72ac-d2de80fa6d24,https://www.lib.u-tokyo.ac.jp/ja/library/contents/archives-top/reuse,https://iiif.dl.itc.u-tokyo.ac.jp/repo/files/medium/32df4d2d0406462ac46ffe8301b5b41930a788d3.jpg,https://iiif.dl.itc.u-tokyo.ac.jp/repo/api/items/1002034,"東京大学総合図書館 General Library, The University of Tokyo, JAPAN",http://iiif.io/api/presentation/2#rightToLeftDirection,,総合図書館所蔵南葵文庫,0077,,https://iiif.dl.itc.u-tokyo.ac.jp/repo/iiif/23f80dd7-0fec-6f04-72ac-d2de80fa6d24/manifest,,,,,73
懐風藻,A00:4080,カイフウソウ,,1,[書写者不明],[江戸前期],図書,日本語,"写本|書名は目首による|序末に「于時天平勝宝三年歳在辛卯冬十一月也」とあり|本奥書に「長久二年冬十一月二八日灯下書之古人三餘懐風藻今已得二者也 文章生惟宗孝言」とあり|奥書に「此書蓮華王院寳藏之本也久埋塵埃人不知之康永元年之比撰出之上古之風味尤有興仍令書冩之」とあり|毎半葉7行|印記: 「東洲文庫」, 「陽春廬記」(小中村清矩), 「紀伊恴川 南葵文庫」|虫損あり",http://tify.sub.uni-goettingen.de/demo.html?manifest=https://archdataset.dl.itc.u-tokyo.ac.jp/manifest/6fe35bdc-8e56-6eff-54aa-013beeed17e4.json,6fe35bdc-8e56-6eff-54aa-013beeed17e4,https://iiif.dl.itc.u-tokyo.ac.jp/repo/s/nanki/,https://iiif.dl.itc.u-tokyo.ac.jp/repo/s/nanki/document/6fe35bdc-8e56-6eff-54aa-013beeed17e4,https://www.lib.u-tokyo.ac.jp/ja/library/contents/archives-top/reuse,https://iiif.dl.itc.u-tokyo.ac.jp/repo/files/medium/fd416e84ea5426354eb53952fc05e9d0d9720fc6.jpg,https://iiif.dl.itc.u-tokyo.ac.jp/repo/api/items/1002033,"東京大学総合図書館 General Library, The University of Tokyo, JAPAN",http://iiif.io/api/presentation/2#rightToLeftDirection,,総合図書館所蔵南葵文庫,0078,,https://iiif.dl.itc.u-tokyo.ac.jp/repo/iiif/6fe35bdc-8e56-6eff-54aa-013beeed17e4/manifest,,,,,65
摩訶般若波羅蜜經 30巻 (存5巻) [1],A00:4164,マカ ハンニャ ハラミツキョウ,Kumārajīva d. 412?,5,東叡山,寛永18 [1641],図書,中国語,"版心の書名: 摩訶般若|折本|巻末刊語に「奉再興 佛説一切經藏|今上皇帝 玉體安穩|東照權現 倍増威光|征夷大將軍左大臣源家光公武運長久|四海泰平 国家豐饒|佛法紹隆 利益無窮|日本武州江戸東叡山 山門三院執行探題前毘沙門堂門跡|大僧正天海願主|寛永十八辛巳暦十月六日 林氏幸宿花溪居士 使工人彫鏤之」とあり|天地単辺無界毎帖24行17字四折り, 内匡高: 22.2cm|木活字本|印記: 「南葵文庫」|虫損あり (裏打ち補修あり)",http://tify.sub.uni-goettingen.de/demo.html?manifest=https://archdataset.dl.itc.u-tokyo.ac.jp/manifest/3a59005c-3075-0c83-832a-3532011d0073.json,3a59005c-3075-0c83-832a-3532011d0073,https://iiif.dl.itc.u-tokyo.ac.jp/repo/s/nanki/,https://iiif.dl.itc.u-tokyo.ac.jp/repo/s/nanki/document/3a59005c-3075-0c83-832a-3532011d0073,https://www.lib.u-tokyo.ac.jp/ja/library/contents/archives-top/reuse,https://iiif.dl.itc.u-tokyo.ac.jp/repo/files/medium/23148db8a10e97c83f94d04cc2d483496de27170.jpg,https://iiif.dl.itc.u-tokyo.ac.jp/repo/api/items/1002032,"東京大学総合図書館 General Library, The University of Tokyo, JAPAN",http://iiif.io/api/presentation/2#rightToLeftDirection,,総合図書館所蔵南葵文庫,0079,,https://iiif.dl.itc.u-tokyo.ac.jp/repo/iiif/3a59005c-3075-0c83-832a-3532011d0073/manifest,,,,,49
摩訶般若波羅蜜經 30巻 (存5巻) [2],A00:4164,マカ ハンニャ ハラミツキョウ,Kumārajīva d. 412?,5,東叡山,寛永18 [1641],図書,中国語,"版心の書名: 摩訶般若|折本|巻末刊語に「奉再興 佛説一切經藏|今上皇帝 玉體安穩|東照權現 倍増威光|征夷大將軍左大臣源家光公武運長久|四海泰平 国家豐饒|佛法紹隆 利益無窮|日本武州江戸東叡山 山門三院執行探題前毘沙門堂門跡|大僧正天海願主|寛永十八辛巳暦十月六日 林氏幸宿花溪居士 使工人彫鏤之」とあり|天地単辺無界毎帖24行17字四折り, 内匡高: 22.2cm|木活字本|印記: 「南葵文庫」|虫損あり (裏打ち補修あり)",http://tify.sub.uni-goettingen.de/demo.html?manifest=https://archdataset.dl.itc.u-tokyo.ac.jp/manifest/997452b5-54f8-3ec7-9b3f-df35e7560129.json,997452b5-54f8-3ec7-9b3f-df35e7560129,https://iiif.dl.itc.u-tokyo.ac.jp/repo/s/nanki/,https://iiif.dl.itc.u-tokyo.ac.jp/repo/s/nanki/document/997452b5-54f8-3ec7-9b3f-df35e7560129,https://www.lib.u-tokyo.ac.jp/ja/library/contents/archives-top/reuse,https://iiif.dl.itc.u-tokyo.ac.jp/repo/files/medium/65b4bebceaf76272dd820f7407d9270f483a1182.jpg,https://iiif.dl.itc.u-tokyo.ac.jp/repo/api/items/1002031,"東京大学総合図書館 General Library, The University of Tokyo, JAPAN",http://iiif.io/api/presentation/2#rightToLeftDirection,,総合図書館所蔵南葵文庫,0080,,https://iiif.dl.itc.u-tokyo.ac.jp/repo/iiif/997452b5-54f8-3ec7-9b3f-df35e7560129/manifest,,,,,60
摩訶般若波羅蜜經 30巻 (存5巻) [3],A00:4164,マカ ハンニャ ハラミツキョウ,Kumārajīva d. 412?,5,東叡山,寛永18 [1641],図書,中国語,"版心の書名: 摩訶般若|折本|巻末刊語に「奉再興 佛説一切經藏|今上皇帝 玉體安穩|東照權現 倍増威光|征夷大將軍左大臣源家光公武運長久|四海泰平 国家豐饒|佛法紹隆 利益無窮|日本武州江戸東叡山 山門三院執行探題前毘沙門堂門跡|大僧正天海願主|寛永十八辛巳暦十月六日 林氏幸宿花溪居士 使工人彫鏤之」とあり|天地単辺無界毎帖24行17字四折り, 内匡高: 22.2cm|木活字本|印記: 「南葵文庫」|虫損あり (裏打ち補修あり)",http://tify.sub.uni-goettingen.de/demo.html?manifest=https://archdataset.dl.itc.u-tokyo.ac.jp/manifest/3d20fcf6-79a1-3f80-24ed-bed3fa6529bf.json,3d20fcf6-79a1-3f80-24ed-bed3fa6529bf,https://iiif.dl.itc.u-tokyo.ac.jp/repo/s/nanki/,https://iiif.dl.itc.u-tokyo.ac.jp/repo/s/nanki/document/3d20fcf6-79a1-3f80-24ed-bed3fa6529bf,https://www.lib.u-tokyo.ac.jp/ja/library/contents/archives-top/reuse,https://iiif.dl.itc.u-tokyo.ac.jp/repo/files/medium/f6d5b367468980a42704f005388f37c1641c444b.jpg,https://iiif.dl.itc.u-tokyo.ac.jp/repo/api/items/1002030,"東京大学総合図書館 General Library, The University of Tokyo, JAPAN",http://iiif.io/api/presentation/2#rightToLeftDirection,,総合図書館所蔵南葵文庫,0081,,https://iiif.dl.itc.u-tokyo.ac.jp/repo/iiif/3d20fcf6-79a1-3f80-24ed-bed3fa6529bf/manifest,,,,,50
摩訶般若波羅蜜經 30巻 (存5巻) [4],A00:4164,マカ ハンニャ ハラミツキョウ,Kumārajīva d. 412?,5,東叡山,寛永18 [1641],図書,中国語,"版心の書名: 摩訶般若|折本|巻末刊語に「奉再興 佛説一切經藏|今上皇帝 玉體安穩|東照權現 倍増威光|征夷大將軍左大臣源家光公武運長久|四海泰平 国家豐饒|佛法紹隆 利益無窮|日本武州江戸東叡山 山門三院執行探題前毘沙門堂門跡|大僧正天海願主|寛永十八辛巳暦十月六日 林氏幸宿花溪居士 使工人彫鏤之」とあり|天地単辺無界毎帖24行17字四折り, 内匡高: 22.2cm|木活字本|印記: 「南葵文庫」|虫損あり (裏打ち補修あり)",http://tify.sub.uni-goettingen.de/demo.html?manifest=https://archdataset.dl.itc.u-tokyo.ac.jp/manifest/65e051a4-7fc7-8673-6d68-e64ac2854d55.json,65e051a4-7fc7-8673-6d68-e64ac2854d55,https://iiif.dl.itc.u-tokyo.ac.jp/repo/s/nanki/,https://iiif.dl.itc.u-tokyo.ac.jp/repo/s/nanki/document/65e051a4-7fc7-8673-6d68-e64ac2854d55,https://www.lib.u-tokyo.ac.jp/ja/library/contents/archives-top/reuse,https://iiif.dl.itc.u-tokyo.ac.jp/repo/files/medium/f9da4b57da81908d5c1af76c0623f60394d0810c.jpg,https://iiif.dl.itc.u-tokyo.ac.jp/repo/api/items/1002029,"東京大学総合図書館 General Library, The University of Tokyo, JAPAN",http://iiif.io/api/presentation/2#rightToLeftDirection,,総合図書館所蔵南葵文庫,0082,,https://iiif.dl.itc.u-tokyo.ac.jp/repo/iiif/65e051a4-7fc7-8673-6d68-e64ac2854d55/manifest,,,,,46
摩訶般若波羅蜜經 30巻 (存5巻) [5],A00:4164,マカ ハンニャ ハラミツキョウ,Kumārajīva d. 412?,5,東叡山,寛永18 [1641],図書,中国語,"版心の書名: 摩訶般若|折本|巻末刊語に「奉再興 佛説一切經藏|今上皇帝 玉體安穩|東照權現 倍増威光|征夷大將軍左大臣源家光公武運長久|四海泰平 国家豐饒|佛法紹隆 利益無窮|日本武州江戸東叡山 山門三院執行探題前毘沙門堂門跡|大僧正天海願主|寛永十八辛巳暦十月六日 林氏幸宿花溪居士 使工人彫鏤之」とあり|天地単辺無界毎帖24行17字四折り, 内匡高: 22.2cm|木活字本|印記: 「南葵文庫」|虫損あり (裏打ち補修あり)",http://tify.sub.uni-goettingen.de/demo.html?manifest=https://archdataset.dl.itc.u-tokyo.ac.jp/manifest/69e236d4-7241-4dfc-453a-5082e0aa5a54.json,69e236d4-7241-4dfc-453a-5082e0aa5a54,https://iiif.dl.itc.u-tokyo.ac.jp/repo/s/nanki/,https://iiif.dl.itc.u-tokyo.ac.jp/repo/s/nanki/document/69e236d4-7241-4dfc-453a-5082e0aa5a54,https://www.lib.u-tokyo.ac.jp/ja/library/contents/archives-top/reuse,https://iiif.dl.itc.u-tokyo.ac.jp/repo/files/medium/951e6003435b2f19c04279d55fdb1ae953bae196.jpg,https://iiif.dl.itc.u-tokyo.ac.jp/repo/api/items/1002028,"東京大学総合図書館 General Library, The University of Tokyo, JAPAN",http://iiif.io/api/presentation/2#rightToLeftDirection,,総合図書館所蔵南葵文庫,0083,,https://iiif.dl.itc.u-tokyo.ac.jp/repo/iiif/69e236d4-7241-4dfc-453a-5082e0aa5a54/manifest,,,,,60
六根清浄大祓 . 神道大意,A00:4165,ロッコン ショウジョウ オオハラエ . シントウ タイイ . シントウ タイイ,卜部 兼直,1,吉川惟足 [写],寛文6 [1666] 奥書,図書,日本語,"写本|『六根清淨大秡』, 『神道大意』(兼直撰)の奥書に「于時寛文六年五月二日 相山隱士惟足謹書 從時(花押)」とあり|『神道大意』(兼倶撰)の奥書に「此一卷尾張東照宮之祠官吉見幸和之所藏也 卷末所捺之黒印則吉見氏之為印明亮有故予掌中之為珎蔵 荒木田五十槻 久老」とあり|巻末の識語に「右のひとまきは神道哥道名高き吉川惟足翁の遺蹟なり ... 宇米のやのあるし 讀古しるす(花押)」とあり|表紙の貼紙に「國書 三通合」とあり|毎半葉6行|朱筆付訓, 書入れあり|印記: 「吉見氏」(吉見幸和), 「原宿文庫」(片野邑平), 「交埜蔵書」 (交野時万), 「南葵文庫」|虫損あり",http://tify.sub.uni-goettingen.de/demo.html?manifest=https://archdataset.dl.itc.u-tokyo.ac.jp/manifest/551a9224-191a-128f-6a9e-30d0148d19ce.json,551a9224-191a-128f-6a9e-30d0148d19ce,https://iiif.dl.itc.u-tokyo.ac.jp/repo/s/nanki/,https://iiif.dl.itc.u-tokyo.ac.jp/repo/s/nanki/document/551a9224-191a-128f-6a9e-30d0148d19ce,https://www.lib.u-tokyo.ac.jp/ja/library/contents/archives-top/reuse,https://iiif.dl.itc.u-tokyo.ac.jp/repo/files/medium/b65cf9513fc1eb6f41d151e268a13af32f3f0fbd.jpg,https://iiif.dl.itc.u-tokyo.ac.jp/repo/api/items/1002027,"東京大学総合図書館 General Library, The University of Tokyo, JAPAN",http://iiif.io/api/presentation/2#rightToLeftDirection,,総合図書館所蔵南葵文庫,0084,,https://iiif.dl.itc.u-tokyo.ac.jp/repo/iiif/551a9224-191a-128f-6a9e-30d0148d19ce/manifest,,,,,22
ますかゝみ 17巻 [1],A00:4166,マスカガミ,,6,[書写者不明],[江戸前期],図書,日本語,"写本|書名は題簽による|毎半葉10行|印記: 「八雲軒」, 「安元」, 「藤亨」(脇坂安元), 「陽春廬記」(小中村清矩), 「紀伊恴川 南葵文庫」|虫損あり",http://tify.sub.uni-goettingen.de/demo.html?manifest=https://archdataset.dl.itc.u-tokyo.ac.jp/manifest/e0de2a84-101a-9956-94e2-444b343d4c34.json,e0de2a84-101a-9956-94e2-444b343d4c34,https://iiif.dl.itc.u-tokyo.ac.jp/repo/s/nanki/,https://iiif.dl.itc.u-tokyo.ac.jp/repo/s/nanki/document/e0de2a84-101a-9956-94e2-444b343d4c34,https://www.lib.u-tokyo.ac.jp/ja/library/contents/archives-top/reuse,https://iiif.dl.itc.u-tokyo.ac.jp/repo/files/medium/3455576f090d57a763513c8cd2c420a4e4c377e9.jpg,https://iiif.dl.itc.u-tokyo.ac.jp/repo/api/items/1002026,"東京大学総合図書館 General Library, The University of Tokyo, JAPAN",http://iiif.io/api/presentation/2#rightToLeftDirection,,総合図書館所蔵南葵文庫,0085,,https://iiif.dl.itc.u-tokyo.ac.jp/repo/iiif/e0de2a84-101a-9956-94e2-444b343d4c34/manifest,,,,,79
ますかゝみ 17巻 [2],A00:4166,マスカガミ,,6,[書写者不明],[江戸前期],図書,日本語,"写本|書名は題簽による|毎半葉10行|印記: 「八雲軒」, 「安元」, 「藤亨」(脇坂安元), 「陽春廬記」(小中村清矩), 「紀伊恴川 南葵文庫」|虫損あり",http://tify.sub.uni-goettingen.de/demo.html?manifest=https://archdataset.dl.itc.u-tokyo.ac.jp/manifest/0ce6040b-0cab-2e95-7210-4599c8a17caa.json,0ce6040b-0cab-2e95-7210-4599c8a17caa,https://iiif.dl.itc.u-tokyo.ac.jp/repo/s/nanki/,https://iiif.dl.itc.u-tokyo.ac.jp/repo/s/nanki/document/0ce6040b-0cab-2e95-7210-4599c8a17caa,https://www.lib.u-tokyo.ac.jp/ja/library/contents/archives-top/reuse,https://iiif.dl.itc.u-tokyo.ac.jp/repo/files/medium/3c8f219e3cd69ffe3231325cab98f1f21c292135.jpg,https://iiif.dl.itc.u-tokyo.ac.jp/repo/api/items/1002025,"東京大学総合図書館 General Library, The University of Tokyo, JAPAN",http://iiif.io/api/presentation/2#rightToLeftDirection,,総合図書館所蔵南葵文庫,0086,,https://iiif.dl.itc.u-tokyo.ac.jp/repo/iiif/0ce6040b-0cab-2e95-7210-4599c8a17caa/manifest,,,,,59
ますかゝみ 17巻 [3],A00:4166,マスカガミ,,6,[書写者不明],[江戸前期],図書,日本語,"写本|書名は題簽による|毎半葉10行|印記: 「八雲軒」, 「安元」, 「藤亨」(脇坂安元), 「陽春廬記」(小中村清矩), 「紀伊恴川 南葵文庫」|虫損あり",http://tify.sub.uni-goettingen.de/demo.html?manifest=https://archdataset.dl.itc.u-tokyo.ac.jp/manifest/c502099e-5489-364e-34da-fa066ba505d5.json,c502099e-5489-364e-34da-fa066ba505d5,https://iiif.dl.itc.u-tokyo.ac.jp/repo/s/nanki/,https://iiif.dl.itc.u-tokyo.ac.jp/repo/s/nanki/document/c502099e-5489-364e-34da-fa066ba505d5,https://www.lib.u-tokyo.ac.jp/ja/library/contents/archives-top/reuse,https://iiif.dl.itc.u-tokyo.ac.jp/repo/files/medium/d7fd777f0c86fd9b38c81e876607484a03595f99.jpg,https://iiif.dl.itc.u-tokyo.ac.jp/repo/api/items/1002024,"東京大学総合図書館 General Library, The University of Tokyo, JAPAN",http://iiif.io/api/presentation/2#rightToLeftDirection,,総合図書館所蔵南葵文庫,0087,,https://iiif.dl.itc.u-tokyo.ac.jp/repo/iiif/c502099e-5489-364e-34da-fa066ba505d5/manifest,,,,,56
ますかゝみ 17巻 [4],A00:4166,マスカガミ,,6,[書写者不明],[江戸前期],図書,日本語,"写本|書名は題簽による|毎半葉10行|印記: 「八雲軒」, 「安元」, 「藤亨」(脇坂安元), 「陽春廬記」(小中村清矩), 「紀伊恴川 南葵文庫」|虫損あり",http://tify.sub.uni-goettingen.de/demo.html?manifest=https://archdataset.dl.itc.u-tokyo.ac.jp/manifest/43f6692a-8203-9c1c-67b0-2546f98e236c.json,43f6692a-8203-9c1c-67b0-2546f98e236c,https://iiif.dl.itc.u-tokyo.ac.jp/repo/s/nanki/,https://iiif.dl.itc.u-tokyo.ac.jp/repo/s/nanki/document/43f6692a-8203-9c1c-67b0-2546f98e236c,https://www.lib.u-tokyo.ac.jp/ja/library/contents/archives-top/reuse,https://iiif.dl.itc.u-tokyo.ac.jp/repo/files/medium/8ef3ad13a0d45f7570e5682601f409dd4eeebde7.jpg,https://iiif.dl.itc.u-tokyo.ac.jp/repo/api/items/1002023,"東京大学総合図書館 General Library, The University of Tokyo, JAPAN",http://iiif.io/api/presentation/2#rightToLeftDirection,,総合図書館所蔵南葵文庫,0088,,https://iiif.dl.itc.u-tokyo.ac.jp/repo/iiif/43f6692a-8203-9c1c-67b0-2546f98e236c/manifest,,,,,53
ますかゝみ 17巻 [5],A00:4166,マスカガミ,,6,[書写者不明],[江戸前期],図書,日本語,"写本|書名は題簽による|毎半葉10行|印記: 「八雲軒」, 「安元」, 「藤亨」(脇坂安元), 「陽春廬記」(小中村清矩), 「紀伊恴川 南葵文庫」|虫損あり",http://tify.sub.uni-goettingen.de/demo.html?manifest=https://archdataset.dl.itc.u-tokyo.ac.jp/manifest/124d6f9e-6754-581d-3422-95118c472131.json,124d6f9e-6754-581d-3422-95118c472131,https://iiif.dl.itc.u-tokyo.ac.jp/repo/s/nanki/,https://iiif.dl.itc.u-tokyo.ac.jp/repo/s/nanki/document/124d6f9e-6754-581d-3422-95118c472131,https://www.lib.u-tokyo.ac.jp/ja/library/contents/archives-top/reuse,https://iiif.dl.itc.u-tokyo.ac.jp/repo/files/medium/48c4e458981f7f264ad424cfd08d9d36cbf9f3d2.jpg,https://iiif.dl.itc.u-tokyo.ac.jp/repo/api/items/1002022,"東京大学総合図書館 General Library, The University of Tokyo, JAPAN",http://iiif.io/api/presentation/2#rightToLeftDirection,,総合図書館所蔵南葵文庫,0089,,https://iiif.dl.itc.u-tokyo.ac.jp/repo/iiif/124d6f9e-6754-581d-3422-95118c472131/manifest,,,,,88
ますかゝみ 17巻 [6],A00:4166,マスカガミ,,6,[書写者不明],[江戸前期],図書,日本語,"写本|書名は題簽による|毎半葉10行|印記: 「八雲軒」, 「安元」, 「藤亨」(脇坂安元), 「陽春廬記」(小中村清矩), 「紀伊恴川 南葵文庫」|虫損あり",http://tify.sub.uni-goettingen.de/demo.html?manifest=https://archdataset.dl.itc.u-tokyo.ac.jp/manifest/1d7446a4-835f-8281-2550-ece127e499ca.json,1d7446a4-835f-8281-2550-ece127e499ca,https://iiif.dl.itc.u-tokyo.ac.jp/repo/s/nanki/,https://iiif.dl.itc.u-tokyo.ac.jp/repo/s/nanki/document/1d7446a4-835f-8281-2550-ece127e499ca,https://www.lib.u-tokyo.ac.jp/ja/library/contents/archives-top/reuse,https://iiif.dl.itc.u-tokyo.ac.jp/repo/files/medium/07e7826ae7254fa9d93543bef80838d623e3a87a.jpg,https://iiif.dl.itc.u-tokyo.ac.jp/repo/api/items/1002021,"東京大学総合図書館 General Library, The University of Tokyo, JAPAN",http://iiif.io/api/presentation/2#rightToLeftDirection,,総合図書館所蔵南葵文庫,0090,,https://iiif.dl.itc.u-tokyo.ac.jp/repo/iiif/1d7446a4-835f-8281-2550-ece127e499ca/manifest,,,,,72
信長記 15巻 [1],A00:4167,シンチョウキ,太田 牛一,8,[出版者不明],[元和寛永年間],図書,日本語,"序に「甫庵道喜嘗校修而鏤于板板成余序 ... 慶長辛亥冬十二月 羅浮山人道春敘」とあり|「信長記起」に「慶長甲辰ノ春アヤシキ夢ノ告アリ ... 改テ重テ刋行センニ其便又不美乎」とあり|四周単辺無界12行, 内匡廓: 22.6×17.0cm, 中黒口双花魚尾|古活字本|後見返しに「藤林佐太郎」との墨書あり|印記: 「羽」, 「和學講談所」, 「陽春廬記」(小中村清矩), 「紀伊恴川 南葵文庫」|虫損あり (裏打ち補修あり)",http://tify.sub.uni-goettingen.de/demo.html?manifest=https://archdataset.dl.itc.u-tokyo.ac.jp/manifest/22544789-a5f8-468c-9535-b18ac9ab49b3.json,22544789-a5f8-468c-9535-b18ac9ab49b3,https://iiif.dl.itc.u-tokyo.ac.jp/repo/s/nanki/,https://iiif.dl.itc.u-tokyo.ac.jp/repo/s/nanki/document/22544789-a5f8-468c-9535-b18ac9ab49b3,https://www.lib.u-tokyo.ac.jp/ja/library/contents/archives-top/reuse,https://iiif.dl.itc.u-tokyo.ac.jp/repo/files/medium/fb98ff9b72fac0a1726d92bcbb154137ba0ec4a4.jpg,https://iiif.dl.itc.u-tokyo.ac.jp/repo/api/items/1002020,"東京大学総合図書館 General Library, The University of Tokyo, JAPAN",http://iiif.io/api/presentation/2#rightToLeftDirection,,総合図書館所蔵南葵文庫,0091,,https://iiif.dl.itc.u-tokyo.ac.jp/repo/iiif/22544789-a5f8-468c-9535-b18ac9ab49b3/manifest,,,,,72
信長記 15巻 [2],A00:4167,シンチョウキ,太田 牛一,8,[出版者不明],[元和寛永年間],図書,日本語,"序に「甫庵道喜嘗校修而鏤于板板成余序 ... 慶長辛亥冬十二月 羅浮山人道春敘」とあり|「信長記起」に「慶長甲辰ノ春アヤシキ夢ノ告アリ ... 改テ重テ刋行センニ其便又不美乎」とあり|四周単辺無界12行, 内匡廓: 22.6×17.0cm, 中黒口双花魚尾|古活字本|後見返しに「藤林佐太郎」との墨書あり|印記: 「羽」, 「和學講談所」, 「陽春廬記」(小中村清矩), 「紀伊恴川 南葵文庫」|虫損あり (裏打ち補修あり)",http://tify.sub.uni-goettingen.de/demo.html?manifest=https://archdataset.dl.itc.u-tokyo.ac.jp/manifest/b02ef51e-0ec1-2319-64c0-4b01f79665c4.json,b02ef51e-0ec1-2319-64c0-4b01f79665c4,https://iiif.dl.itc.u-tokyo.ac.jp/repo/s/nanki/,https://iiif.dl.itc.u-tokyo.ac.jp/repo/s/nanki/document/b02ef51e-0ec1-2319-64c0-4b01f79665c4,https://www.lib.u-tokyo.ac.jp/ja/library/contents/archives-top/reuse,https://iiif.dl.itc.u-tokyo.ac.jp/repo/files/medium/00a1e239a28f6dab8cd038fb68acf9315d4122eb.jpg,https://iiif.dl.itc.u-tokyo.ac.jp/repo/api/items/1002019,"東京大学総合図書館 General Library, The University of Tokyo, JAPAN",http://iiif.io/api/presentation/2#rightToLeftDirection,,総合図書館所蔵南葵文庫,0092,,https://iiif.dl.itc.u-tokyo.ac.jp/repo/iiif/b02ef51e-0ec1-2319-64c0-4b01f79665c4/manifest,,,,,48
信長記 15巻 [3],A00:4167,シンチョウキ,太田 牛一,8,[出版者不明],[元和寛永年間],図書,日本語,"序に「甫庵道喜嘗校修而鏤于板板成余序 ... 慶長辛亥冬十二月 羅浮山人道春敘」とあり|「信長記起」に「慶長甲辰ノ春アヤシキ夢ノ告アリ ... 改テ重テ刋行センニ其便又不美乎」とあり|四周単辺無界12行, 内匡廓: 22.6×17.0cm, 中黒口双花魚尾|古活字本|後見返しに「藤林佐太郎」との墨書あり|印記: 「羽」, 「和學講談所」, 「陽春廬記」(小中村清矩), 「紀伊恴川 南葵文庫」|虫損あり (裏打ち補修あり)",http://tify.sub.uni-goettingen.de/demo.html?manifest=https://archdataset.dl.itc.u-tokyo.ac.jp/manifest/f30f94d5-6d0b-6707-1d6a-73269dc26dd8.json,f30f94d5-6d0b-6707-1d6a-73269dc26dd8,https://iiif.dl.itc.u-tokyo.ac.jp/repo/s/nanki/,https://iiif.dl.itc.u-tokyo.ac.jp/repo/s/nanki/document/f30f94d5-6d0b-6707-1d6a-73269dc26dd8,https://www.lib.u-tokyo.ac.jp/ja/library/contents/archives-top/reuse,https://iiif.dl.itc.u-tokyo.ac.jp/repo/files/medium/ca4d3b9f34cf272cccb57625e5dbd9846b2770d1.jpg,https://iiif.dl.itc.u-tokyo.ac.jp/repo/api/items/1002018,"東京大学総合図書館 General Library, The University of Tokyo, JAPAN",http://iiif.io/api/presentation/2#rightToLeftDirection,,総合図書館所蔵南葵文庫,0093,,https://iiif.dl.itc.u-tokyo.ac.jp/repo/iiif/f30f94d5-6d0b-6707-1d6a-73269dc26dd8/manifest,,,,,45
信長記 15巻 [4],A00:4167,シンチョウキ,太田 牛一,8,[出版者不明],[元和寛永年間],図書,日本語,"序に「甫庵道喜嘗校修而鏤于板板成余序 ... 慶長辛亥冬十二月 羅浮山人道春敘」とあり|「信長記起」に「慶長甲辰ノ春アヤシキ夢ノ告アリ ... 改テ重テ刋行センニ其便又不美乎」とあり|四周単辺無界12行, 内匡廓: 22.6×17.0cm, 中黒口双花魚尾|古活字本|後見返しに「藤林佐太郎」との墨書あり|印記: 「羽」, 「和學講談所」, 「陽春廬記」(小中村清矩), 「紀伊恴川 南葵文庫」|虫損あり (裏打ち補修あり)",http://tify.sub.uni-goettingen.de/demo.html?manifest=https://archdataset.dl.itc.u-tokyo.ac.jp/manifest/014b3e7e-87a5-96dd-0fc2-7addade8a792.json,014b3e7e-87a5-96dd-0fc2-7addade8a792,https://iiif.dl.itc.u-tokyo.ac.jp/repo/s/nanki/,https://iiif.dl.itc.u-tokyo.ac.jp/repo/s/nanki/document/014b3e7e-87a5-96dd-0fc2-7addade8a792,https://www.lib.u-tokyo.ac.jp/ja/library/contents/archives-top/reuse,https://iiif.dl.itc.u-tokyo.ac.jp/repo/files/medium/d5ddc76e49bf05cdfaf070852275f7d6ba79dad4.jpg,https://iiif.dl.itc.u-tokyo.ac.jp/repo/api/items/1002017,"東京大学総合図書館 General Library, The University of Tokyo, JAPAN",http://iiif.io/api/presentation/2#rightToLeftDirection,,総合図書館所蔵南葵文庫,0094,,https://iiif.dl.itc.u-tokyo.ac.jp/repo/iiif/014b3e7e-87a5-96dd-0fc2-7addade8a792/manifest,,,,,29
信長記 15巻 [5],A00:4167,シンチョウキ,太田 牛一,8,[出版者不明],[元和寛永年間],図書,日本語,"序に「甫庵道喜嘗校修而鏤于板板成余序 ... 慶長辛亥冬十二月 羅浮山人道春敘」とあり|「信長記起」に「慶長甲辰ノ春アヤシキ夢ノ告アリ ... 改テ重テ刋行センニ其便又不美乎」とあり|四周単辺無界12行, 内匡廓: 22.6×17.0cm, 中黒口双花魚尾|古活字本|後見返しに「藤林佐太郎」との墨書あり|印記: 「羽」, 「和學講談所」, 「陽春廬記」(小中村清矩), 「紀伊恴川 南葵文庫」|虫損あり (裏打ち補修あり)",http://tify.sub.uni-goettingen.de/demo.html?manifest=https://archdataset.dl.itc.u-tokyo.ac.jp/manifest/85d53043-605b-8ba1-8aa5-f1aea6002ff5.json,85d53043-605b-8ba1-8aa5-f1aea6002ff5,https://iiif.dl.itc.u-tokyo.ac.jp/repo/s/nanki/,https://iiif.dl.itc.u-tokyo.ac.jp/repo/s/nanki/document/85d53043-605b-8ba1-8aa5-f1aea6002ff5,https://www.lib.u-tokyo.ac.jp/ja/library/contents/archives-top/reuse,https://iiif.dl.itc.u-tokyo.ac.jp/repo/files/medium/9b2cde84d418c6066b5e4a77ad852e2e3c4ecb54.jpg,https://iiif.dl.itc.u-tokyo.ac.jp/repo/api/items/1002016,"東京大学総合図書館 General Library, The University of Tokyo, JAPAN",http://iiif.io/api/presentation/2#rightToLeftDirection,,総合図書館所蔵南葵文庫,0095,,https://iiif.dl.itc.u-tokyo.ac.jp/repo/iiif/85d53043-605b-8ba1-8aa5-f1aea6002ff5/manifest,,,,,21
信長記 15巻 [6],A00:4167,シンチョウキ,太田 牛一,8,[出版者不明],[元和寛永年間],図書,日本語,"序に「甫庵道喜嘗校修而鏤于板板成余序 ... 慶長辛亥冬十二月 羅浮山人道春敘」とあり|「信長記起」に「慶長甲辰ノ春アヤシキ夢ノ告アリ ... 改テ重テ刋行センニ其便又不美乎」とあり|四周単辺無界12行, 内匡廓: 22.6×17.0cm, 中黒口双花魚尾|古活字本|後見返しに「藤林佐太郎」との墨書あり|印記: 「羽」, 「和學講談所」, 「陽春廬記」(小中村清矩), 「紀伊恴川 南葵文庫」|虫損あり (裏打ち補修あり)",http://tify.sub.uni-goettingen.de/demo.html?manifest=https://archdataset.dl.itc.u-tokyo.ac.jp/manifest/62bcce47-3296-9242-334e-5127149f92eb.json,62bcce47-3296-9242-334e-5127149f92eb,https://iiif.dl.itc.u-tokyo.ac.jp/repo/s/nanki/,https://iiif.dl.itc.u-tokyo.ac.jp/repo/s/nanki/document/62bcce47-3296-9242-334e-5127149f92eb,https://www.lib.u-tokyo.ac.jp/ja/library/contents/archives-top/reuse,https://iiif.dl.itc.u-tokyo.ac.jp/repo/files/medium/1037e72f6f9de6406a09808c9acb3f25194e0c2a.jpg,https://iiif.dl.itc.u-tokyo.ac.jp/repo/api/items/1002015,"東京大学総合図書館 General Library, The University of Tokyo, JAPAN",http://iiif.io/api/presentation/2#rightToLeftDirection,,総合図書館所蔵南葵文庫,0096,,https://iiif.dl.itc.u-tokyo.ac.jp/repo/iiif/62bcce47-3296-9242-334e-5127149f92eb/manifest,,,,,35
信長記 15巻 [7],A00:4167,シンチョウキ,太田 牛一,8,[出版者不明],[元和寛永年間],図書,日本語,"序に「甫庵道喜嘗校修而鏤于板板成余序 ... 慶長辛亥冬十二月 羅浮山人道春敘」とあり|「信長記起」に「慶長甲辰ノ春アヤシキ夢ノ告アリ ... 改テ重テ刋行センニ其便又不美乎」とあり|四周単辺無界12行, 内匡廓: 22.6×17.0cm, 中黒口双花魚尾|古活字本|後見返しに「藤林佐太郎」との墨書あり|印記: 「羽」, 「和學講談所」, 「陽春廬記」(小中村清矩), 「紀伊恴川 南葵文庫」|虫損あり (裏打ち補修あり)",http://tify.sub.uni-goettingen.de/demo.html?manifest=https://archdataset.dl.itc.u-tokyo.ac.jp/manifest/cc0edef9-5099-a109-975e-ca4de41481cf.json,cc0edef9-5099-a109-975e-ca4de41481cf,https://iiif.dl.itc.u-tokyo.ac.jp/repo/s/nanki/,https://iiif.dl.itc.u-tokyo.ac.jp/repo/s/nanki/document/cc0edef9-5099-a109-975e-ca4de41481cf,https://www.lib.u-tokyo.ac.jp/ja/library/contents/archives-top/reuse,https://iiif.dl.itc.u-tokyo.ac.jp/repo/files/medium/dc366eedc4b97b79e30e8843d99e313d7230b803.jpg,https://iiif.dl.itc.u-tokyo.ac.jp/repo/api/items/1002014,"東京大学総合図書館 General Library, The University of Tokyo, JAPAN",http://iiif.io/api/presentation/2#rightToLeftDirection,,総合図書館所蔵南葵文庫,0097,,https://iiif.dl.itc.u-tokyo.ac.jp/repo/iiif/cc0edef9-5099-a109-975e-ca4de41481cf/manifest,,,,,26
信長記 15巻 [8],A00:4167,シンチョウキ,太田 牛一,8,[出版者不明],[元和寛永年間],図書,日本語,"序に「甫庵道喜嘗校修而鏤于板板成余序 ... 慶長辛亥冬十二月 羅浮山人道春敘」とあり|「信長記起」に「慶長甲辰ノ春アヤシキ夢ノ告アリ ... 改テ重テ刋行センニ其便又不美乎」とあり|四周単辺無界12行, 内匡廓: 22.6×17.0cm, 中黒口双花魚尾|古活字本|後見返しに「藤林佐太郎」との墨書あり|印記: 「羽」, 「和學講談所」, 「陽春廬記」(小中村清矩), 「紀伊恴川 南葵文庫」|虫損あり (裏打ち補修あり)",http://tify.sub.uni-goettingen.de/demo.html?manifest=https://archdataset.dl.itc.u-tokyo.ac.jp/manifest/f87e1962-4adf-56dd-8152-0ea880c13577.json,f87e1962-4adf-56dd-8152-0ea880c13577,https://iiif.dl.itc.u-tokyo.ac.jp/repo/s/nanki/,https://iiif.dl.itc.u-tokyo.ac.jp/repo/s/nanki/document/f87e1962-4adf-56dd-8152-0ea880c13577,https://www.lib.u-tokyo.ac.jp/ja/library/contents/archives-top/reuse,https://iiif.dl.itc.u-tokyo.ac.jp/repo/files/medium/d5b006ea88443619bf225d0082d771adbda17476.jpg,https://iiif.dl.itc.u-tokyo.ac.jp/repo/api/items/1002013,"東京大学総合図書館 General Library, The University of Tokyo, JAPAN",http://iiif.io/api/presentation/2#rightToLeftDirection,,総合図書館所蔵南葵文庫,0098,,https://iiif.dl.itc.u-tokyo.ac.jp/repo/iiif/f87e1962-4adf-56dd-8152-0ea880c13577/manifest,,,,,46
建礼門院右京大夫家集 2巻,A00:4183,ケンレイモンイン ウキョウノダイブ カシュウ,建礼門院右京大夫,1,中野道也,寛永21 [1644],図書,日本語,"書名は奥中による|版心の書名: 家集|小口書: 右京大夫家集|奥書に「建礼門院右京大夫家集以左衞門尉平氏數夲永享十二年三月日書之 藤原利永」とあり|刊記に「寛永廿一年十二月吉旦中野道也刋行」とあり|巻末に「世尊寺系啚」を付す|四周単辺無界11行, 内匡廓: 20.3×15.8cm, 白口無魚尾|本文末の書入れに「文化といふとしの十まり三とせの秋ふみ月のはしめ ... 前田垂穂しるす」との朱書あり|朱墨筆書き入れあり|後見返しに貼紙あり|印記: 「礫川岱高藏書」, 「闇章堂藏」, 「陽春廬記」(小中村清矩), 「紀伊恴川 南葵文庫」|虫損あり",http://tify.sub.uni-goettingen.de/demo.html?manifest=https://archdataset.dl.itc.u-tokyo.ac.jp/manifest/ee7cac28-7150-a001-6bac-031112bc0c4c.json,ee7cac28-7150-a001-6bac-031112bc0c4c,https://iiif.dl.itc.u-tokyo.ac.jp/repo/s/nanki/,https://iiif.dl.itc.u-tokyo.ac.jp/repo/s/nanki/document/ee7cac28-7150-a001-6bac-031112bc0c4c,https://www.lib.u-tokyo.ac.jp/ja/library/contents/archives-top/reuse,https://iiif.dl.itc.u-tokyo.ac.jp/repo/files/medium/5bcc6b1cbb4a5cac30dfa79f2ebaa40af6a9bd34.jpg,https://iiif.dl.itc.u-tokyo.ac.jp/repo/api/items/1002012,"東京大学総合図書館 General Library, The University of Tokyo, JAPAN",http://iiif.io/api/presentation/2#rightToLeftDirection,,総合図書館所蔵南葵文庫,0099,,https://iiif.dl.itc.u-tokyo.ac.jp/repo/iiif/ee7cac28-7150-a001-6bac-031112bc0c4c/manifest,,,,,87
三國佛法傳通縁起 3巻,A00:4184,サンゴク ブッポウ デンズウ エンギ,凝然,1,[出版者不明],[慶長元和年間],図書,日本語,"版心の書名: 三國傳起|奥中の書名: 三國佛法縁起|表紙の書名(墨書): 三國傳通起|奥書に「于時慶長元年辛亥七月五日於東大寺戒壇院述之 華嚴宗沙門 凝然 春秋七十二造此 三國佛法縁起三卷奉爲叡覽獻上」とあり|原刊記「應永己卯正月日」とあり|四周双辺無界11行20字, 内匡廓: 22.5×16.0cm, 中黒口双花魚尾|古活字本|拠應永6(1399)本後刻|墨筆付訓, 書き入れあり|印記: 「弘前醫官澀江氏蔵書記」(渋江抽斎), 「陽春廬記」(小中村清矩), 「紀伊恴川 南葵文庫」|虫損あり",http://tify.sub.uni-goettingen.de/demo.html?manifest=https://archdataset.dl.itc.u-tokyo.ac.jp/manifest/599178b3-4d62-3ad6-8e6e-e3137f33449d.json,599178b3-4d62-3ad6-8e6e-e3137f33449d,https://iiif.dl.itc.u-tokyo.ac.jp/repo/s/nanki/,https://iiif.dl.itc.u-tokyo.ac.jp/repo/s/nanki/document/599178b3-4d62-3ad6-8e6e-e3137f33449d,https://www.lib.u-tokyo.ac.jp/ja/library/contents/archives-top/reuse,https://iiif.dl.itc.u-tokyo.ac.jp/repo/files/medium/ebfa50a9531f64bb6a4dc15049a3529006b8d6ac.jpg,https://iiif.dl.itc.u-tokyo.ac.jp/repo/api/items/1002011,"東京大学総合図書館 General Library, The University of Tokyo, JAPAN",http://iiif.io/api/presentation/2#rightToLeftDirection,,総合図書館所蔵南葵文庫,0100,,https://iiif.dl.itc.u-tokyo.ac.jp/repo/iiif/599178b3-4d62-3ad6-8e6e-e3137f33449d/manifest,,,,,62
列子鬳齋口義 2巻 [1],A00:4185,レッシ ケンサイ コウギ,林 希逸,2,[出版者不明],[慶長元和年間],図書,中国語,"巻末の書名: 列子鬳齊口義|版心の書名: 列子|四周双辺有界9行19字 内匡廓: 20.5×14.7cm四, 中黒口双花魚尾|古活字本|朱点, 朱引あり|墨筆付訓あり|印記: 「松本氏圖書印」, 「勝鹿文庫」(松本月痴), 「陽春廬記」(小中村清矩), 「紀伊恴川 南葵文庫」|虫損あり (裏打ち補修あり)|四部分類: 子部道家類",http://tify.sub.uni-goettingen.de/demo.html?manifest=https://archdataset.dl.itc.u-tokyo.ac.jp/manifest/35f6890a-18aa-2072-0e35-ac67930430a1.json,35f6890a-18aa-2072-0e35-ac67930430a1,https://iiif.dl.itc.u-tokyo.ac.jp/repo/s/nanki/,https://iiif.dl.itc.u-tokyo.ac.jp/repo/s/nanki/document/35f6890a-18aa-2072-0e35-ac67930430a1,https://www.lib.u-tokyo.ac.jp/ja/library/contents/archives-top/reuse,https://iiif.dl.itc.u-tokyo.ac.jp/repo/files/medium/954defbb4616258fc7288c63e9aea3b8dcb3021f.jpg,https://iiif.dl.itc.u-tokyo.ac.jp/repo/api/items/1002010,"東京大学総合図書館 General Library, The University of Tokyo, JAPAN",http://iiif.io/api/presentation/2#rightToLeftDirection,,総合図書館所蔵南葵文庫,0101,,https://iiif.dl.itc.u-tokyo.ac.jp/repo/iiif/35f6890a-18aa-2072-0e35-ac67930430a1/manifest,,,,,111
列子鬳齋口義 2巻 [2],A00:4185,レッシ ケンサイ コウギ,林 希逸,2,[出版者不明],[慶長元和年間],図書,中国語,"巻末の書名: 列子鬳齊口義|版心の書名: 列子|四周双辺有界9行19字 内匡廓: 20.5×14.7cm四, 中黒口双花魚尾|古活字本|朱点, 朱引あり|墨筆付訓あり|印記: 「松本氏圖書印」, 「勝鹿文庫」(松本月痴), 「陽春廬記」(小中村清矩), 「紀伊恴川 南葵文庫」|虫損あり (裏打ち補修あり)|四部分類: 子部道家類",http://tify.sub.uni-goettingen.de/demo.html?manifest=https://archdataset.dl.itc.u-tokyo.ac.jp/manifest/62d0be91-7207-a3f7-48be-38c962798104.json,62d0be91-7207-a3f7-48be-38c962798104,https://iiif.dl.itc.u-tokyo.ac.jp/repo/s/nanki/,https://iiif.dl.itc.u-tokyo.ac.jp/repo/s/nanki/document/62d0be91-7207-a3f7-48be-38c962798104,https://www.lib.u-tokyo.ac.jp/ja/library/contents/archives-top/reuse,https://iiif.dl.itc.u-tokyo.ac.jp/repo/files/medium/94d5cc668663a93272d4adcfc2cf8d4520ba429a.jpg,https://iiif.dl.itc.u-tokyo.ac.jp/repo/api/items/1002009,"東京大学総合図書館 General Library, The University of Tokyo, JAPAN",http://iiif.io/api/presentation/2#rightToLeftDirection,,総合図書館所蔵南葵文庫,0102,,https://iiif.dl.itc.u-tokyo.ac.jp/repo/iiif/62d0be91-7207-a3f7-48be-38c962798104/manifest,,,,,100
をみなへし 3巻 [1],A00:4186,オミナエシ,北村 季吟,3,中野小左衛門,萬治4 [1661],図書,日本語,"版心の書名: 女|題簽の書名(墨書): 女郎芲物語|小口書: 女郎花物語|[跋]に「文づきたなばたのころかぢのはになぞらへてすゞろにかきちらしつ 藤原氏女」とあり|刊記に「萬治四年辛丑初春吉日 中野小左衛門板行」とあり|挿図(半丁): 上: 9図. 中: 9図. 下: 10図|四周単辺無界10行, 内匡廓: 19.0×13.3cm, 白口無魚尾|付訓あり|印記: 「陽春廬記」(小中村清矩), 「紀伊恴川 南葵文庫」|虫損あり",http://tify.sub.uni-goettingen.de/demo.html?manifest=https://archdataset.dl.itc.u-tokyo.ac.jp/manifest/7eaa0627-452f-4df9-1a9f-6fcc2b8a314f.json,7eaa0627-452f-4df9-1a9f-6fcc2b8a314f,https://iiif.dl.itc.u-tokyo.ac.jp/repo/s/nanki/,https://iiif.dl.itc.u-tokyo.ac.jp/repo/s/nanki/document/7eaa0627-452f-4df9-1a9f-6fcc2b8a314f,https://www.lib.u-tokyo.ac.jp/ja/library/contents/archives-top/reuse,https://iiif.dl.itc.u-tokyo.ac.jp/repo/files/medium/e0afb07bc80eabf482804905538f197081191d35.jpg,https://iiif.dl.itc.u-tokyo.ac.jp/repo/api/items/1002008,"東京大学総合図書館 General Library, The University of Tokyo, JAPAN",http://iiif.io/api/presentation/2#rightToLeftDirection,,総合図書館所蔵南葵文庫,0103,,https://iiif.dl.itc.u-tokyo.ac.jp/repo/iiif/7eaa0627-452f-4df9-1a9f-6fcc2b8a314f/manifest,,,,,42
をみなへし 3巻 [2],A00:4186,オミナエシ,北村 季吟,3,中野小左衛門,萬治4 [1661],図書,日本語,"版心の書名: 女|題簽の書名(墨書): 女郎芲物語|小口書: 女郎花物語|[跋]に「文づきたなばたのころかぢのはになぞらへてすゞろにかきちらしつ 藤原氏女」とあり|刊記に「萬治四年辛丑初春吉日 中野小左衛門板行」とあり|挿図(半丁): 上: 9図. 中: 9図. 下: 10図|四周単辺無界10行, 内匡廓: 19.0×13.3cm, 白口無魚尾|付訓あり|印記: 「陽春廬記」(小中村清矩), 「紀伊恴川 南葵文庫」|虫損あり",http://tify.sub.uni-goettingen.de/demo.html?manifest=https://archdataset.dl.itc.u-tokyo.ac.jp/manifest/eb8bf300-6bd1-6825-9ff6-98f73cca3fef.json,eb8bf300-6bd1-6825-9ff6-98f73cca3fef,https://iiif.dl.itc.u-tokyo.ac.jp/repo/s/nanki/,https://iiif.dl.itc.u-tokyo.ac.jp/repo/s/nanki/document/eb8bf300-6bd1-6825-9ff6-98f73cca3fef,https://www.lib.u-tokyo.ac.jp/ja/library/contents/archives-top/reuse,https://iiif.dl.itc.u-tokyo.ac.jp/repo/files/medium/f269e998b85a6940650287629ebb653512905161.jpg,https://iiif.dl.itc.u-tokyo.ac.jp/repo/api/items/1002007,"東京大学総合図書館 General Library, The University of Tokyo, JAPAN",http://iiif.io/api/presentation/2#rightToLeftDirection,,総合図書館所蔵南葵文庫,0104,,https://iiif.dl.itc.u-tokyo.ac.jp/repo/iiif/eb8bf300-6bd1-6825-9ff6-98f73cca3fef/manifest,,,,,41
をみなへし 3巻 [3],A00:4186,オミナエシ,北村 季吟,3,中野小左衛門,萬治4 [1661],図書,日本語,"版心の書名: 女|題簽の書名(墨書): 女郎芲物語|小口書: 女郎花物語|[跋]に「文づきたなばたのころかぢのはになぞらへてすゞろにかきちらしつ 藤原氏女」とあり|刊記に「萬治四年辛丑初春吉日 中野小左衛門板行」とあり|挿図(半丁): 上: 9図. 中: 9図. 下: 10図|四周単辺無界10行, 内匡廓: 19.0×13.3cm, 白口無魚尾|付訓あり|印記: 「陽春廬記」(小中村清矩), 「紀伊恴川 南葵文庫」|虫損あり",http://tify.sub.uni-goettingen.de/demo.html?manifest=https://archdataset.dl.itc.u-tokyo.ac.jp/manifest/dbb047e5-107d-6124-568e-9c52ea55229f.json,dbb047e5-107d-6124-568e-9c52ea55229f,https://iiif.dl.itc.u-tokyo.ac.jp/repo/s/nanki/,https://iiif.dl.itc.u-tokyo.ac.jp/repo/s/nanki/document/dbb047e5-107d-6124-568e-9c52ea55229f,https://www.lib.u-tokyo.ac.jp/ja/library/contents/archives-top/reuse,https://iiif.dl.itc.u-tokyo.ac.jp/repo/files/medium/a18dd067a5cae28c0c22bc49807d56ef52d1b559.jpg,https://iiif.dl.itc.u-tokyo.ac.jp/repo/api/items/1002006,"東京大学総合図書館 General Library, The University of Tokyo, JAPAN",http://iiif.io/api/presentation/2#rightToLeftDirection,,総合図書館所蔵南葵文庫,0105,,https://iiif.dl.itc.u-tokyo.ac.jp/repo/iiif/dbb047e5-107d-6124-568e-9c52ea55229f/manifest,,,,,44
鴨長明方丈記之抄,A00:4187,カモノ チョウメイ ホウジョウキ ノ ショウ,山岡 元隣,1,長谷川市良兵衛,明暦4 [1658],図書,日本語,"書名は[序]首による|題簽の書名: 首書鴨長明方丈記|版心の書名: 方丈註|[序]末に「明暦三丁酉歳十一月日」とあり|刊記に「明暦四戌戊正月吉日 長谷川市良兵衛開板」とあり|挿図(半丁): 4図|四周単辺2段無界11行, 内匡廓: 21.0×15.0cm, 白口無魚尾|付訓あり|首書本|朱墨筆書き入れあり|印記: 「先印」, 「伴氏家印」(伴直方), 「陽春廬記」(小中村清矩), 「紀伊恴川 南葵文庫」|虫損あり",http://tify.sub.uni-goettingen.de/demo.html?manifest=https://archdataset.dl.itc.u-tokyo.ac.jp/manifest/f74fc587-411d-4110-485c-e00f93a45928.json,f74fc587-411d-4110-485c-e00f93a45928,https://iiif.dl.itc.u-tokyo.ac.jp/repo/s/nanki/,https://iiif.dl.itc.u-tokyo.ac.jp/repo/s/nanki/document/f74fc587-411d-4110-485c-e00f93a45928,https://www.lib.u-tokyo.ac.jp/ja/library/contents/archives-top/reuse,https://iiif.dl.itc.u-tokyo.ac.jp/repo/files/medium/5f747260d96326a9d9412ea934e1b86c8567c900.jpg,https://iiif.dl.itc.u-tokyo.ac.jp/repo/api/items/1002005,"東京大学総合図書館 General Library, The University of Tokyo, JAPAN",http://iiif.io/api/presentation/2#rightToLeftDirection,,総合図書館所蔵南葵文庫,0106,,https://iiif.dl.itc.u-tokyo.ac.jp/repo/iiif/f74fc587-411d-4110-485c-e00f93a45928/manifest,,,,,33
なくさみ草 8巻 [1],A00:4188,ナグサミグサ,松永 貞徳,3,[出版者不明],慶安5 [1652] [跋],図書,日本語,"書名及び巻冊次は版心による|[跋]末に「慶安五壬辰暦 孟夏廿六日 長頭丸在判」とあり|1: 第1-30段. 2: 第31-62段. 3: 第63-101段. 4: 第102-136段. 5: 第137-157段. 6: 第158-185段. 7: 第186-216段. 8: 第217-244段|挿図(半丁): 1: 31図. 2: 26図. 3: 24図. 4: 21図. 5: 9図. 6: 13図. 7: 16図. 8: 17図|四周無辺無界2段9-12行, 白口無魚尾|付訓あり|朱筆書き入れあり|印記: 「蘜菴」, 「陽春廬記」(小中村清矩), 「紀伊恴川 南葵文庫」",http://tify.sub.uni-goettingen.de/demo.html?manifest=https://archdataset.dl.itc.u-tokyo.ac.jp/manifest/44439da4-4629-4551-28ce-52ea31e08e07.json,44439da4-4629-4551-28ce-52ea31e08e07,https://iiif.dl.itc.u-tokyo.ac.jp/repo/s/nanki/,https://iiif.dl.itc.u-tokyo.ac.jp/repo/s/nanki/document/44439da4-4629-4551-28ce-52ea31e08e07,https://www.lib.u-tokyo.ac.jp/ja/library/contents/archives-top/reuse,https://iiif.dl.itc.u-tokyo.ac.jp/repo/files/medium/6297948573cdf6bb44973d7e1cac2d97e02fe302.jpg,https://iiif.dl.itc.u-tokyo.ac.jp/repo/api/items/1002004,"東京大学総合図書館 General Library, The University of Tokyo, JAPAN",http://iiif.io/api/presentation/2#rightToLeftDirection,,総合図書館所蔵南葵文庫,0107,,https://iiif.dl.itc.u-tokyo.ac.jp/repo/iiif/44439da4-4629-4551-28ce-52ea31e08e07/manifest,,,,,130
なくさみ草 8巻 [2],A00:4188,ナグサミグサ,松永 貞徳,3,[出版者不明],慶安5 [1652] [跋],図書,日本語,"書名及び巻冊次は版心による|[跋]末に「慶安五壬辰暦 孟夏廿六日 長頭丸在判」とあり|1: 第1-30段. 2: 第31-62段. 3: 第63-101段. 4: 第102-136段. 5: 第137-157段. 6: 第158-185段. 7: 第186-216段. 8: 第217-244段|挿図(半丁): 1: 31図. 2: 26図. 3: 24図. 4: 21図. 5: 9図. 6: 13図. 7: 16図. 8: 17図|四周無辺無界2段9-12行, 白口無魚尾|付訓あり|朱筆書き入れあり|印記: 「蘜菴」, 「陽春廬記」(小中村清矩), 「紀伊恴川 南葵文庫」",http://tify.sub.uni-goettingen.de/demo.html?manifest=https://archdataset.dl.itc.u-tokyo.ac.jp/manifest/0f5909b7-21b5-3342-3853-93533d551f43.json,0f5909b7-21b5-3342-3853-93533d551f43,https://iiif.dl.itc.u-tokyo.ac.jp/repo/s/nanki/,https://iiif.dl.itc.u-tokyo.ac.jp/repo/s/nanki/document/0f5909b7-21b5-3342-3853-93533d551f43,https://www.lib.u-tokyo.ac.jp/ja/library/contents/archives-top/reuse,https://iiif.dl.itc.u-tokyo.ac.jp/repo/files/medium/846ffcf1b83ddc1489db3f3c6b2979379ea58271.jpg,https://iiif.dl.itc.u-tokyo.ac.jp/repo/api/items/1002003,"東京大学総合図書館 General Library, The University of Tokyo, JAPAN",http://iiif.io/api/presentation/2#rightToLeftDirection,,総合図書館所蔵南葵文庫,0108,,https://iiif.dl.itc.u-tokyo.ac.jp/repo/iiif/0f5909b7-21b5-3342-3853-93533d551f43/manifest,,,,,172
なくさみ草 8巻 [3],A00:4188,ナグサミグサ,松永 貞徳,3,[出版者不明],慶安5 [1652] [跋],図書,日本語,"書名及び巻冊次は版心による|[跋]末に「慶安五壬辰暦 孟夏廿六日 長頭丸在判」とあり|1: 第1-30段. 2: 第31-62段. 3: 第63-101段. 4: 第102-136段. 5: 第137-157段. 6: 第158-185段. 7: 第186-216段. 8: 第217-244段|挿図(半丁): 1: 31図. 2: 26図. 3: 24図. 4: 21図. 5: 9図. 6: 13図. 7: 16図. 8: 17図|四周無辺無界2段9-12行, 白口無魚尾|付訓あり|朱筆書き入れあり|印記: 「蘜菴」, 「陽春廬記」(小中村清矩), 「紀伊恴川 南葵文庫」",http://tify.sub.uni-goettingen.de/demo.html?manifest=https://archdataset.dl.itc.u-tokyo.ac.jp/manifest/0ca3038a-755f-003a-40c5-57619c440690.json,0ca3038a-755f-003a-40c5-57619c440690,https://iiif.dl.itc.u-tokyo.ac.jp/repo/s/nanki/,https://iiif.dl.itc.u-tokyo.ac.jp/repo/s/nanki/document/0ca3038a-755f-003a-40c5-57619c440690,https://www.lib.u-tokyo.ac.jp/ja/library/contents/archives-top/reuse,https://iiif.dl.itc.u-tokyo.ac.jp/repo/files/medium/f23aa69c3e5b2cbbdd35915a351313b120b78f10.jpg,https://iiif.dl.itc.u-tokyo.ac.jp/repo/api/items/1002002,"東京大学総合図書館 General Library, The University of Tokyo, JAPAN",http://iiif.io/api/presentation/2#rightToLeftDirection,,総合図書館所蔵南葵文庫,0109,,https://iiif.dl.itc.u-tokyo.ac.jp/repo/iiif/0ca3038a-755f-003a-40c5-57619c440690/manifest,,,,,159
楊子雲集 3巻坿傳1巻,A00:4190,ヨウ シウン シュウ,揚 雄,1,[出版者不明],[明季],図書,中国語,"目首の書名: 揚子雲集|内題下にの責任表示: 漢成都揚子雲著 明新安□□□校(埋木あり)|卷第1: 賦. 卷第2: 騒. 卷第3: 箴|「楊子雲傳」末に「明治己亥秋九月念四日讀此本似汪士賢而挖其汪士賢三字者 島田翰記二十一歳」との識語あり|左右双辺有界9行20字, 内匡廓: 19.6×13.5cm, 白口単白魚尾|拠明末新安汪士賢校刊本入木後修|朱点あり|墨筆書き入れあり|表紙貼紙に「玄尚白」との墨書あり|印記: 「養安院蔵書」(曲直瀬正琳), 「平野中印」, 「子和」(平野金華), 「窵不盈舌」, 「酉爾古人斉生」, 「島田翰字彦楨精力所聚」,「島田氏雙桂樓収臧」(島田篁村), 「南葵文庫」|虫損あり",http://tify.sub.uni-goettingen.de/demo.html?manifest=https://archdataset.dl.itc.u-tokyo.ac.jp/manifest/f361d029-1dc1-93ac-4fc2-10e852f23af9.json,f361d029-1dc1-93ac-4fc2-10e852f23af9,https://iiif.dl.itc.u-tokyo.ac.jp/repo/s/nanki/,https://iiif.dl.itc.u-tokyo.ac.jp/repo/s/nanki/document/f361d029-1dc1-93ac-4fc2-10e852f23af9,https://www.lib.u-tokyo.ac.jp/ja/library/contents/archives-top/reuse,https://iiif.dl.itc.u-tokyo.ac.jp/repo/files/medium/6922ca6377a1b52ccaae0ce324f0746d1ccc8abf.jpg,https://iiif.dl.itc.u-tokyo.ac.jp/repo/api/items/1002001,"東京大学総合図書館 General Library, The University of Tokyo, JAPAN",http://iiif.io/api/presentation/2#rightToLeftDirection,,総合図書館所蔵南葵文庫,0110,,https://iiif.dl.itc.u-tokyo.ac.jp/repo/iiif/f361d029-1dc1-93ac-4fc2-10e852f23af9/manifest,,,,,73
長恨歌 1巻坿傳1巻琵琶行1巻野馬臺詩1巻,A00:4191,チョウゴンカ,白 居易,1,[出版者不明],[江戸前期],図書,中国語,"「琵琶行」の序首書名: 琵琶引|「野馬臺詩」の文中書名: 野馬臺|四周双辺有界8行17字注文双行, 内匡廓: 21.0×15.8cm, 中黒口双花魚尾|古活字本|朱点, 朱引あり|墨筆付訓あり|印記: 「やすむろ」(小中村清矩), 「紀伊恴川 南葵文庫」|虫損あり (裏打ち補修あり)",http://tify.sub.uni-goettingen.de/demo.html?manifest=https://archdataset.dl.itc.u-tokyo.ac.jp/manifest/87e98b8f-a517-0c71-315a-38cf8a800905.json,87e98b8f-a517-0c71-315a-38cf8a800905,https://iiif.dl.itc.u-tokyo.ac.jp/repo/s/nanki/,https://iiif.dl.itc.u-tokyo.ac.jp/repo/s/nanki/document/87e98b8f-a517-0c71-315a-38cf8a800905,https://www.lib.u-tokyo.ac.jp/ja/library/contents/archives-top/reuse,https://iiif.dl.itc.u-tokyo.ac.jp/repo/files/medium/f906422e02ab8aebeb9c03cec9bdfc022c43fb5b.jpg,https://iiif.dl.itc.u-tokyo.ac.jp/repo/api/items/1002000,"東京大学総合図書館 General Library, The University of Tokyo, JAPAN",http://iiif.io/api/presentation/2#rightToLeftDirection,,総合図書館所蔵南葵文庫,0111,,https://iiif.dl.itc.u-tokyo.ac.jp/repo/iiif/87e98b8f-a517-0c71-315a-38cf8a800905/manifest,,,,,31
一宮巡詣記抜粹 2巻 (存1巻),A00:4193,イチノミヤ ジュンケイキ バッスイ,橘 三喜,1,近藤守重 [写],[江戸後期],図書,日本語,"写本|扉の書名: 橘三喜一宮巡詣記抜粹|題簽の書名: 一宮巡詣記|扉に「自延寳三年乙卯秋七月十五日至貞享四年丁卯秋七月八日凢十三年」とあり|扉裏にに「九州 関八州 奥州 出羽 佐渡 甲州」とあり|奥書に「右以柏永以之本写之了 近藤守重」とあり|毎半葉11行|筆彩あり|朱墨筆書き入れあり|貼紙あり|下を欠く|印記: 「正齋蔵」(近藤守重), 「陽春廬記」(小中村清矩), 「紀伊恴川 南葵文庫」|虫損あり",http://tify.sub.uni-goettingen.de/demo.html?manifest=https://archdataset.dl.itc.u-tokyo.ac.jp/manifest/3b2f3579-0763-3bda-2bd4-8b2d2a723e86.json,3b2f3579-0763-3bda-2bd4-8b2d2a723e86,https://iiif.dl.itc.u-tokyo.ac.jp/repo/s/nanki/,https://iiif.dl.itc.u-tokyo.ac.jp/repo/s/nanki/document/3b2f3579-0763-3bda-2bd4-8b2d2a723e86,https://www.lib.u-tokyo.ac.jp/ja/library/contents/archives-top/reuse,https://iiif.dl.itc.u-tokyo.ac.jp/repo/files/medium/2ef0df6d52867225d46a7bf0725388a001d518ee.jpg,https://iiif.dl.itc.u-tokyo.ac.jp/repo/api/items/1001999,"東京大学総合図書館 General Library, The University of Tokyo, JAPAN",http://iiif.io/api/presentation/2#rightToLeftDirection,,総合図書館所蔵南葵文庫,0112,,https://iiif.dl.itc.u-tokyo.ac.jp/repo/iiif/3b2f3579-0763-3bda-2bd4-8b2d2a723e86/manifest,,,,,80
花街漫録 2巻 [1],A00:4194,カガイ マンロク,西村 藐庵,2,[書写者不明],[江戸後期],図書,日本語,"写本|書名は序首による|巻冊次は題簽による|目首の書名: 蕐街漫録|跋の書名: 芲街漫録|序末に「文政乙酉のやよひ半なり 雨華葊抱一」とあり (「暉眞」との模写印あり)|跋末に「文政八年三月蕐の本のにし村しるす」とあり|毎半葉8-10行|朱筆, 胡粉による修正あり|拠文政8(1825)跋刊本写し|大和綴じ|印記: 「坂田文庫」(坂田諸遠), 「紀伊恴川 南葵文庫」",http://tify.sub.uni-goettingen.de/demo.html?manifest=https://archdataset.dl.itc.u-tokyo.ac.jp/manifest/74a658c0-975e-33ef-92ba-0b6d398e68ac.json,74a658c0-975e-33ef-92ba-0b6d398e68ac,https://iiif.dl.itc.u-tokyo.ac.jp/repo/s/nanki/,https://iiif.dl.itc.u-tokyo.ac.jp/repo/s/nanki/document/74a658c0-975e-33ef-92ba-0b6d398e68ac,https://www.lib.u-tokyo.ac.jp/ja/library/contents/archives-top/reuse,https://iiif.dl.itc.u-tokyo.ac.jp/repo/files/medium/2c32789c225fc1d4b0d5f4fca0203c64baba2f60.jpg,https://iiif.dl.itc.u-tokyo.ac.jp/repo/api/items/1001998,"東京大学総合図書館 General Library, The University of Tokyo, JAPAN",http://iiif.io/api/presentation/2#rightToLeftDirection,,総合図書館所蔵南葵文庫,0113,,https://iiif.dl.itc.u-tokyo.ac.jp/repo/iiif/74a658c0-975e-33ef-92ba-0b6d398e68ac/manifest,,,,,35
花街漫録 2巻 [2],A00:4194,カガイ マンロク,西村 藐庵,2,[書写者不明],[江戸後期],図書,日本語,"写本|書名は序首による|巻冊次は題簽による|目首の書名: 蕐街漫録|跋の書名: 芲街漫録|序末に「文政乙酉のやよひ半なり 雨華葊抱一」とあり (「暉眞」との模写印あり)|跋末に「文政八年三月蕐の本のにし村しるす」とあり|毎半葉8-10行|朱筆, 胡粉による修正あり|拠文政8(1825)跋刊本写し|大和綴じ|印記: 「坂田文庫」(坂田諸遠), 「紀伊恴川 南葵文庫」",http://tify.sub.uni-goettingen.de/demo.html?manifest=https://archdataset.dl.itc.u-tokyo.ac.jp/manifest/f51dca56-8611-a567-7fd0-a203b95d19cf.json,f51dca56-8611-a567-7fd0-a203b95d19cf,https://iiif.dl.itc.u-tokyo.ac.jp/repo/s/nanki/,https://iiif.dl.itc.u-tokyo.ac.jp/repo/s/nanki/document/f51dca56-8611-a567-7fd0-a203b95d19cf,https://www.lib.u-tokyo.ac.jp/ja/library/contents/archives-top/reuse,https://iiif.dl.itc.u-tokyo.ac.jp/repo/files/medium/9a68dd479eb63bd1f7be3cbe0b994bf135fb478d.jpg,https://iiif.dl.itc.u-tokyo.ac.jp/repo/api/items/1001997,"東京大学総合図書館 General Library, The University of Tokyo, JAPAN",http://iiif.io/api/presentation/2#rightToLeftDirection,,総合図書館所蔵南葵文庫,0114,,https://iiif.dl.itc.u-tokyo.ac.jp/repo/iiif/f51dca56-8611-a567-7fd0-a203b95d19cf/manifest,,,,,35
北女閭起原 3巻,A00:4195,ホクジョリョ キゲン,庄司 勝富,1,曳尾玄亀 [写],[江戸後期],図書,日本語,"写本|書名は[序]首による|[序]中の書名: 洞房語園|後付題簽の書名: 修補北女閭起原|責任表示は『日本古典籍総合目録データベース』による|[序]末に「文化九壬申年秋下浣 曳尾召水誌」とあり|奥書末に「曳尾玄亀摹」とあり|冒頭に「此書は曳尾庵玄亀が自筆の冩夲なり ... 八十三翁大岳老史」との識語あり (「中原諸遠」との落款朱印あり)|貼紙あり|印記: 「坂田文庫」(坂田諸遠), 「紀伊恴川 南葵文庫」|虫損あり",http://tify.sub.uni-goettingen.de/demo.html?manifest=https://archdataset.dl.itc.u-tokyo.ac.jp/manifest/ed24ac3e-3494-3040-7c11-38f25c2d2ff9.json,ed24ac3e-3494-3040-7c11-38f25c2d2ff9,https://iiif.dl.itc.u-tokyo.ac.jp/repo/s/nanki/,https://iiif.dl.itc.u-tokyo.ac.jp/repo/s/nanki/document/ed24ac3e-3494-3040-7c11-38f25c2d2ff9,https://www.lib.u-tokyo.ac.jp/ja/library/contents/archives-top/reuse,https://iiif.dl.itc.u-tokyo.ac.jp/repo/files/medium/d7cea7191dc40eae37b4fbbdc82433c0ca79ffb9.jpg,https://iiif.dl.itc.u-tokyo.ac.jp/repo/api/items/1001996,"東京大学総合図書館 General Library, The University of Tokyo, JAPAN",http://iiif.io/api/presentation/2#rightToLeftDirection,,総合図書館所蔵南葵文庫,0115,,https://iiif.dl.itc.u-tokyo.ac.jp/repo/iiif/ed24ac3e-3494-3040-7c11-38f25c2d2ff9/manifest,,,,,66
日蓮聖人註画畫讃 5巻,A00:4196,ニチレン ショウニン チュウガサン,日澄,1,大田南畝 [写],天明8 [1788],図書,日本語,"写本|巻1-4の巻末書名: 註畫讃|奥書に「天明八年戊申季秋念六日盹挑殘燈写之畢 大田覃」, 「(寛永九年壬申三月中野市右衞門刋行)ト奥書アル板本ハ假名本ナリ此書ノ文ヨリ畧セル所アリ ... 寛政四年壬子五月五日午時把筆 杏花園」とあり (「南畝」, 「杏園」との落款朱印あり)|毎半葉9行|墨筆返点, 送り仮名あり|朱引, 朱点, 朱傍注あり|印記: 「南畝」, 「南畝文庫」, 「大田氏臧書」(大田南畝), 「陽春廬記」(小中村清矩),「紀伊恴川 南葵文庫」",http://tify.sub.uni-goettingen.de/demo.html?manifest=https://archdataset.dl.itc.u-tokyo.ac.jp/manifest/0008800f-7b4e-74bf-1d68-21b9aeec60b7.json,0008800f-7b4e-74bf-1d68-21b9aeec60b7,https://iiif.dl.itc.u-tokyo.ac.jp/repo/s/nanki/,https://iiif.dl.itc.u-tokyo.ac.jp/repo/s/nanki/document/0008800f-7b4e-74bf-1d68-21b9aeec60b7,https://www.lib.u-tokyo.ac.jp/ja/library/contents/archives-top/reuse,https://iiif.dl.itc.u-tokyo.ac.jp/repo/files/medium/0a54c9236a3cb212db7bbfb1591e442da66b4d21.jpg,https://iiif.dl.itc.u-tokyo.ac.jp/repo/api/items/1001995,"東京大学総合図書館 General Library, The University of Tokyo, JAPAN",http://iiif.io/api/presentation/2#rightToLeftDirection,,総合図書館所蔵南葵文庫,0116,,https://iiif.dl.itc.u-tokyo.ac.jp/repo/iiif/0008800f-7b4e-74bf-1d68-21b9aeec60b7/manifest,,,,,50
をりをりくさ 4巻 [1],A00:4197,オリオリグサ,建部 綾足,2,大田南畝 [写],享和3 [1803] 奥書,図書,日本語,"写本|その他の巻頭書名: 折ゝ草(夏の部上), 折ゝくさ(冬の部上), 折々草(冬の部下)|表紙の書名: 折々艸|書名の繰返し部分は踊り字|奥書に「折々草四巻東奥建綾足大人所著而浪華森川竹窓所藏也享和壬戌初冬郵致諸東都手自謄写藏于家癸亥季夏念六 杏華園」とあり|春, 夏, 秋, 冬の部ごとに上, 下あり|表紙の巻冊次表示: 上, 下|毎半葉9行|付訓あり|印記: 「陽春廬記」(小中村清矩), 「紀伊恴川 南葵文庫」|虫損あり",http://tify.sub.uni-goettingen.de/demo.html?manifest=https://archdataset.dl.itc.u-tokyo.ac.jp/manifest/017ba94d-4423-3d67-16a3-807c7bb853c6.json,017ba94d-4423-3d67-16a3-807c7bb853c6,https://iiif.dl.itc.u-tokyo.ac.jp/repo/s/nanki/,https://iiif.dl.itc.u-tokyo.ac.jp/repo/s/nanki/document/017ba94d-4423-3d67-16a3-807c7bb853c6,https://www.lib.u-tokyo.ac.jp/ja/library/contents/archives-top/reuse,https://iiif.dl.itc.u-tokyo.ac.jp/repo/files/medium/65825ab3f8fad8aab1f334334c26fc34a23c9d0b.jpg,https://iiif.dl.itc.u-tokyo.ac.jp/repo/api/items/1001994,"東京大学総合図書館 General Library, The University of Tokyo, JAPAN",http://iiif.io/api/presentation/2#rightToLeftDirection,,総合図書館所蔵南葵文庫,0117,,https://iiif.dl.itc.u-tokyo.ac.jp/repo/iiif/017ba94d-4423-3d67-16a3-807c7bb853c6/manifest,,,,,94
をりをりくさ 4巻 [2],A00:4197,オリオリグサ,建部 綾足,2,大田南畝 [写],享和3 [1803] 奥書,図書,日本語,"写本|その他の巻頭書名: 折ゝ草(夏の部上), 折ゝくさ(冬の部上), 折々草(冬の部下)|表紙の書名: 折々艸|書名の繰返し部分は踊り字|奥書に「折々草四巻東奥建綾足大人所著而浪華森川竹窓所藏也享和壬戌初冬郵致諸東都手自謄写藏于家癸亥季夏念六 杏華園」とあり|春, 夏, 秋, 冬の部ごとに上, 下あり|表紙の巻冊次表示: 上, 下|毎半葉9行|付訓あり|印記: 「陽春廬記」(小中村清矩), 「紀伊恴川 南葵文庫」|虫損あり",http://tify.sub.uni-goettingen.de/demo.html?manifest=https://archdataset.dl.itc.u-tokyo.ac.jp/manifest/3054f699-6317-4a36-7e2d-96fcc56c9095.json,3054f699-6317-4a36-7e2d-96fcc56c9095,https://iiif.dl.itc.u-tokyo.ac.jp/repo/s/nanki/,https://iiif.dl.itc.u-tokyo.ac.jp/repo/s/nanki/document/3054f699-6317-4a36-7e2d-96fcc56c9095,https://www.lib.u-tokyo.ac.jp/ja/library/contents/archives-top/reuse,https://iiif.dl.itc.u-tokyo.ac.jp/repo/files/medium/88db549bacb44d8e2e3c9895f47688d7220278c8.jpg,https://iiif.dl.itc.u-tokyo.ac.jp/repo/api/items/1001993,"東京大学総合図書館 General Library, The University of Tokyo, JAPAN",http://iiif.io/api/presentation/2#rightToLeftDirection,,総合図書館所蔵南葵文庫,0118,,https://iiif.dl.itc.u-tokyo.ac.jp/repo/iiif/3054f699-6317-4a36-7e2d-96fcc56c9095/manifest,,,,,80
増補洞房語園 2巻,A00:4198,ゾウホ ドウボウ ゴエン,庄司 勝富,1,[山東京傳] [写],[江戸後期],図書,日本語,"写本|書名は巻之下の巻頭による|小口書: 洞房語園|責任表示は『日本古典籍総合目録データベース』による|奥書末に「書加へ増補洞房語園と題するは是山東庵京傳」とあり|題簽に「畢本」との朱書あり|毎半葉8行|朱筆書き入れあり|印記: 「只誠藏」(関根只誠), 「鶯亭金升藏書」, 「俳諧書二酉精舎第一主萩原乙彦記」, 「坂田文庫」(坂田諸遠), 「紀伊恴川 南葵文庫」|虫損あり",http://tify.sub.uni-goettingen.de/demo.html?manifest=https://archdataset.dl.itc.u-tokyo.ac.jp/manifest/c6c7c6b6-02b0-2786-a152-243bcee1088e.json,c6c7c6b6-02b0-2786-a152-243bcee1088e,https://iiif.dl.itc.u-tokyo.ac.jp/repo/s/nanki/,https://iiif.dl.itc.u-tokyo.ac.jp/repo/s/nanki/document/c6c7c6b6-02b0-2786-a152-243bcee1088e,https://www.lib.u-tokyo.ac.jp/ja/library/contents/archives-top/reuse,https://iiif.dl.itc.u-tokyo.ac.jp/repo/files/medium/c0bd25b6751ab1f420842b21dd939a63b88f5ee0.jpg,https://iiif.dl.itc.u-tokyo.ac.jp/repo/api/items/1001992,"東京大学総合図書館 General Library, The University of Tokyo, JAPAN",http://iiif.io/api/presentation/2#rightToLeftDirection,,総合図書館所蔵南葵文庫,0119,,https://iiif.dl.itc.u-tokyo.ac.jp/repo/iiif/c6c7c6b6-02b0-2786-a152-243bcee1088e/manifest,,,,,118
高尾考,A00:4199,タカオコウ,山東 京山,1,[書写者不明],[江戸末期],図書,日本語,写本|題簽の書名: 萬治年間高尾考|扉の書名: 増補万治高尾考|自序末に「嘉永二年己酉仲春 八十一翁 京山人百樹」とあり|巻末に「嘉永二年己酉二月廿五日 八十一翁 京山百樹」とあり|毎半葉9行|朱筆書き入れあり|印記: 「紀伊恴川 南葵文庫」|虫損あり,http://tify.sub.uni-goettingen.de/demo.html?manifest=https://archdataset.dl.itc.u-tokyo.ac.jp/manifest/3004820e-3c31-6860-2c35-b7562d228c54.json,3004820e-3c31-6860-2c35-b7562d228c54,https://iiif.dl.itc.u-tokyo.ac.jp/repo/s/nanki/,https://iiif.dl.itc.u-tokyo.ac.jp/repo/s/nanki/document/3004820e-3c31-6860-2c35-b7562d228c54,https://www.lib.u-tokyo.ac.jp/ja/library/contents/archives-top/reuse,https://iiif.dl.itc.u-tokyo.ac.jp/repo/files/medium/2b834ee278cf0d2ab8c401e231574c28e4c367e1.jpg,https://iiif.dl.itc.u-tokyo.ac.jp/repo/api/items/1001991,"東京大学総合図書館 General Library, The University of Tokyo, JAPAN",http://iiif.io/api/presentation/2#rightToLeftDirection,,総合図書館所蔵南葵文庫,0120,,https://iiif.dl.itc.u-tokyo.ac.jp/repo/iiif/3004820e-3c31-6860-2c35-b7562d228c54/manifest,,,,,34
中家實録 (存19巻),A00:4200,チュウケ ジツロク,,1,[書写者不明],[江戸期],図書,日本語,"写本|第19の内題下に「續篇」とあり|奥書に「右篇井義知滿□□」とあり (「松」との落款墨印あり)|毎半葉8行注文双行|印記: 「陽春廬記」(小中村清矩), 「紀伊恴川 南葵文庫」|虫損あり",http://tify.sub.uni-goettingen.de/demo.html?manifest=https://archdataset.dl.itc.u-tokyo.ac.jp/manifest/524c9aea-70b3-4b73-856c-dc0a1d5625ef.json,524c9aea-70b3-4b73-856c-dc0a1d5625ef,https://iiif.dl.itc.u-tokyo.ac.jp/repo/s/nanki/,https://iiif.dl.itc.u-tokyo.ac.jp/repo/s/nanki/document/524c9aea-70b3-4b73-856c-dc0a1d5625ef,https://www.lib.u-tokyo.ac.jp/ja/library/contents/archives-top/reuse,https://iiif.dl.itc.u-tokyo.ac.jp/repo/files/medium/00a2071c3e88eb60138a9d767acc4209978cde1f.jpg,https://iiif.dl.itc.u-tokyo.ac.jp/repo/api/items/1001990,"東京大学総合図書館 General Library, The University of Tokyo, JAPAN",http://iiif.io/api/presentation/2#rightToLeftDirection,,総合図書館所蔵南葵文庫,0121,,https://iiif.dl.itc.u-tokyo.ac.jp/repo/iiif/524c9aea-70b3-4b73-856c-dc0a1d5625ef/manifest,,,,,75
改元定記,A00:4204,カイゲンサダメキ,源 師時,1,[書写者不明],[江戸後期],図書,日本語,"写本|書名は題簽による|冒頭に「天治元年四月三日」(『水日記』), 「正應六年八月」, 「正安四年十一月」(『吉續記』)とあり|毎半葉11行|墨筆書き入れあり|拠『水日記』, 『吉續記』の抜抄|印記: 「和學講談所」, 「陽春廬記」(小中村清矩), 「紀伊恴川 南葵文庫」|虫損あり",http://tify.sub.uni-goettingen.de/demo.html?manifest=https://archdataset.dl.itc.u-tokyo.ac.jp/manifest/f7c55ac8-2f4a-13fc-5342-81d56ea31885.json,f7c55ac8-2f4a-13fc-5342-81d56ea31885,https://iiif.dl.itc.u-tokyo.ac.jp/repo/s/nanki/,https://iiif.dl.itc.u-tokyo.ac.jp/repo/s/nanki/document/f7c55ac8-2f4a-13fc-5342-81d56ea31885,https://www.lib.u-tokyo.ac.jp/ja/library/contents/archives-top/reuse,https://iiif.dl.itc.u-tokyo.ac.jp/repo/files/medium/7e97402cf722d447fd5784b78b3f2325200e3b6d.jpg,https://iiif.dl.itc.u-tokyo.ac.jp/repo/api/items/1001989,"東京大学総合図書館 General Library, The University of Tokyo, JAPAN",http://iiif.io/api/presentation/2#rightToLeftDirection,,総合図書館所蔵南葵文庫,0122,,https://iiif.dl.itc.u-tokyo.ac.jp/repo/iiif/f7c55ac8-2f4a-13fc-5342-81d56ea31885/manifest,,,,,11
源語秘訣,A00:4258,ゲンゴ ヒケツ,一条 兼良,1,[書写者不明],[室町後期],図書,日本語,"写本|本文末に「後成寺殿兼良公令述作給云々」とあり|奥書に「唯傳一子之書也不可出閫外付属中納言中将乎 文明九年二月吉日」とあり|巻末に「品川家秘書」とあり|毎半帖10行|草花散し文様の緞子表紙を使用|列帖装|印記: 「井上毅藏」, 「やすむろ」(小中村清矩), 「紀伊恴川 南葵文庫」|虫損あり",http://tify.sub.uni-goettingen.de/demo.html?manifest=https://archdataset.dl.itc.u-tokyo.ac.jp/manifest/ab0da99f-7cb1-59e6-5f23-a5d42ead668d.json,ab0da99f-7cb1-59e6-5f23-a5d42ead668d,https://iiif.dl.itc.u-tokyo.ac.jp/repo/s/nanki/,https://iiif.dl.itc.u-tokyo.ac.jp/repo/s/nanki/document/ab0da99f-7cb1-59e6-5f23-a5d42ead668d,https://www.lib.u-tokyo.ac.jp/ja/library/contents/archives-top/reuse,https://iiif.dl.itc.u-tokyo.ac.jp/repo/files/medium/6ac5b17fecdf9345adf0fe17aa3d544636d56ab1.jpg,https://iiif.dl.itc.u-tokyo.ac.jp/repo/api/items/1001988,"東京大学総合図書館 General Library, The University of Tokyo, JAPAN",http://iiif.io/api/presentation/2#rightToLeftDirection,,総合図書館所蔵南葵文庫,0123,,https://iiif.dl.itc.u-tokyo.ac.jp/repo/iiif/ab0da99f-7cb1-59e6-5f23-a5d42ead668d/manifest,,,,,22
勢語圖説抄 5巻,A00:4259,セイゴ ズセツショウ,斎藤 彦麻呂,1,[齋藤彦麿] [自筆],[江戸後期],図書,日本語,"写本|小口書: 図説|巻末に「業平朝臣の傳」, 「系譜」を付す|後見返しに「明治三年九月得斎藤翁手澤本挿架 小中村清矩」との朱筆識語あり|毎半葉12行|朱墨筆書き入れあり|押紙, 付箋あり|原5冊を1冊に合綴|印記: 「蘆之仮庵」(斎藤彦麿), 「陽春廬記」(小中村清矩), 「紀伊恴川 南葵文庫」|虫損あり",http://tify.sub.uni-goettingen.de/demo.html?manifest=https://archdataset.dl.itc.u-tokyo.ac.jp/manifest/c2bc9bb8-89b3-5b11-2fa1-bfc6b3598ac3.json,c2bc9bb8-89b3-5b11-2fa1-bfc6b3598ac3,https://iiif.dl.itc.u-tokyo.ac.jp/repo/s/nanki/,https://iiif.dl.itc.u-tokyo.ac.jp/repo/s/nanki/document/c2bc9bb8-89b3-5b11-2fa1-bfc6b3598ac3,https://www.lib.u-tokyo.ac.jp/ja/library/contents/archives-top/reuse,https://iiif.dl.itc.u-tokyo.ac.jp/repo/files/medium/d4204e0cc3f5ed14e1b12b6fedf8f09f29f65896.jpg,https://iiif.dl.itc.u-tokyo.ac.jp/repo/api/items/1001987,"東京大学総合図書館 General Library, The University of Tokyo, JAPAN",http://iiif.io/api/presentation/2#rightToLeftDirection,,総合図書館所蔵南葵文庫,0124,,https://iiif.dl.itc.u-tokyo.ac.jp/repo/iiif/c2bc9bb8-89b3-5b11-2fa1-bfc6b3598ac3/manifest,,,,,204
落窪物語 4巻 [1],A00:4260,オチクボ モノガタリ,,2,[賀茂真淵] [写],寳暦11 [1761] 奥書,図書,日本語,"写本|3の巻頭書名: おちくほ物語|1の巻末書名: おちくほ|題簽の書名: 落窪物かたり, おちくほ物語|奥書に「寳暦十一年冬授畢ぬ 真ふち」とあり|2の巻末に「墨もて比挍せるは真渕千蔭」との墨筆識語あり|4の巻末に「享和二仲冬一挍了 濵臣」, 「文化紀元孟夏至季冬以村田翁所藏本對挍 同年孟冬至季冬以小倉矦所藏繪卷物比挍更對中村文子藏夲記異同了 濵臣再識」との朱筆識語あり|題簽による巻冊次表示: 上, 下|毎半葉11-12行|朱藍墨筆書き入れあり|胡粉による修正あり|印記: 「青木印」(青木信寅), 「紀伊徳川 南葵文庫」|虫損あり (裏打ち補修あり)",http://tify.sub.uni-goettingen.de/demo.html?manifest=https://archdataset.dl.itc.u-tokyo.ac.jp/manifest/ed9e79cd-94b9-05cb-8f9a-7e2456b905e8.json,ed9e79cd-94b9-05cb-8f9a-7e2456b905e8,https://iiif.dl.itc.u-tokyo.ac.jp/repo/s/nanki/,https://iiif.dl.itc.u-tokyo.ac.jp/repo/s/nanki/document/ed9e79cd-94b9-05cb-8f9a-7e2456b905e8,https://www.lib.u-tokyo.ac.jp/ja/library/contents/archives-top/reuse,https://iiif.dl.itc.u-tokyo.ac.jp/repo/files/medium/f302fc3344a8027b339fab031ea45aab1443bb15.jpg,https://iiif.dl.itc.u-tokyo.ac.jp/repo/api/items/1001986,"東京大学総合図書館 General Library, The University of Tokyo, JAPAN",http://iiif.io/api/presentation/2#rightToLeftDirection,,総合図書館所蔵南葵文庫,0125,,https://iiif.dl.itc.u-tokyo.ac.jp/repo/iiif/ed9e79cd-94b9-05cb-8f9a-7e2456b905e8/manifest,,,,,89
落窪物語 4巻 [2],A00:4260,オチクボ モノガタリ,,2,[賀茂真淵] [写],寳暦11 [1761] 奥書,図書,日本語,"写本|3の巻頭書名: おちくほ物語|1の巻末書名: おちくほ|題簽の書名: 落窪物かたり, おちくほ物語|奥書に「寳暦十一年冬授畢ぬ 真ふち」とあり|2の巻末に「墨もて比挍せるは真渕千蔭」との墨筆識語あり|4の巻末に「享和二仲冬一挍了 濵臣」, 「文化紀元孟夏至季冬以村田翁所藏本對挍 同年孟冬至季冬以小倉矦所藏繪卷物比挍更對中村文子藏夲記異同了 濵臣再識」との朱筆識語あり|題簽による巻冊次表示: 上, 下|毎半葉11-12行|朱藍墨筆書き入れあり|胡粉による修正あり|印記: 「青木印」(青木信寅), 「紀伊徳川 南葵文庫」|虫損あり (裏打ち補修あり)",http://tify.sub.uni-goettingen.de/demo.html?manifest=https://archdataset.dl.itc.u-tokyo.ac.jp/manifest/d4c5bd22-8b63-47a9-96a1-4bf516d91b7a.json,d4c5bd22-8b63-47a9-96a1-4bf516d91b7a,https://iiif.dl.itc.u-tokyo.ac.jp/repo/s/nanki/,https://iiif.dl.itc.u-tokyo.ac.jp/repo/s/nanki/document/d4c5bd22-8b63-47a9-96a1-4bf516d91b7a,https://www.lib.u-tokyo.ac.jp/ja/library/contents/archives-top/reuse,https://iiif.dl.itc.u-tokyo.ac.jp/repo/files/medium/ed2b9f23786c9e453bb7007913bae51992009962.jpg,https://iiif.dl.itc.u-tokyo.ac.jp/repo/api/items/1001985,"東京大学総合図書館 General Library, The University of Tokyo, JAPAN",http://iiif.io/api/presentation/2#rightToLeftDirection,,総合図書館所蔵南葵文庫,0126,,https://iiif.dl.itc.u-tokyo.ac.jp/repo/iiif/d4c5bd22-8b63-47a9-96a1-4bf516d91b7a/manifest,,,,,66
連哥證哥,A00:4261,レンガ ショウカ,柴屋軒 宗長,1,[宗長] [自筆],[室町後期],図書,日本語,"写本|書名は題簽による|付箋の書名: 連哥證歌|帙題簽の書名: 連歌證歌|毎半葉10行|朱点, 朱引あり|題簽に「柴屋軒宗長之筆」(墨書), 付箋に「柴屋軒宗長真蹟」(朱書)とあり|印記: 「陽春廬記」(小中村清矩), 「紀伊恴川 南葵文庫」|虫損あり",http://tify.sub.uni-goettingen.de/demo.html?manifest=https://archdataset.dl.itc.u-tokyo.ac.jp/manifest/d3f7cac2-6a27-27b5-4c2a-38fde95180b0.json,d3f7cac2-6a27-27b5-4c2a-38fde95180b0,https://iiif.dl.itc.u-tokyo.ac.jp/repo/s/nanki/,https://iiif.dl.itc.u-tokyo.ac.jp/repo/s/nanki/document/d3f7cac2-6a27-27b5-4c2a-38fde95180b0,https://www.lib.u-tokyo.ac.jp/ja/library/contents/archives-top/reuse,https://iiif.dl.itc.u-tokyo.ac.jp/repo/files/medium/2d0281a0a4a5f95aa0b83c8ea67f436575f45a6a.jpg,https://iiif.dl.itc.u-tokyo.ac.jp/repo/api/items/1001984,"東京大学総合図書館 General Library, The University of Tokyo, JAPAN",http://iiif.io/api/presentation/2#rightToLeftDirection,,総合図書館所蔵南葵文庫,0127,,https://iiif.dl.itc.u-tokyo.ac.jp/repo/iiif/d3f7cac2-6a27-27b5-4c2a-38fde95180b0/manifest,,,,,90
法隆寺伽藍縁起并流記資財事,A00:4262,ホウリュウジ ガラン エンギ ナラビニ ルキ シザイ ノ コト,,1,[書写者不明],[江戸後期],図書,日本語,"写本|扉の書名: 法隆寺縁起|題簽の書名: 法隆寺縁起流記資財帳|小口書: 法隆寺|内題下に「上」とあり|伴信友の朱筆書入れあり|印記: 「正齋蔵」(近藤守重), 「富安蔵書」, 「伴氏家記」(伴直方), 「伴文庫」(伴信友), 「東洲文庫」, 「陽春廬記」(小中村清矩), 「紀伊恴川 南葵文庫」|虫損あり",http://tify.sub.uni-goettingen.de/demo.html?manifest=https://archdataset.dl.itc.u-tokyo.ac.jp/manifest/8dfeadfc-5d6f-0af5-6c22-713b6c082388.json,8dfeadfc-5d6f-0af5-6c22-713b6c082388,https://iiif.dl.itc.u-tokyo.ac.jp/repo/s/nanki/,https://iiif.dl.itc.u-tokyo.ac.jp/repo/s/nanki/document/8dfeadfc-5d6f-0af5-6c22-713b6c082388,https://www.lib.u-tokyo.ac.jp/ja/library/contents/archives-top/reuse,https://iiif.dl.itc.u-tokyo.ac.jp/repo/files/medium/c76830a1de7a97fe6148aa844628c21dac1d4d2f.jpg,https://iiif.dl.itc.u-tokyo.ac.jp/repo/api/items/1001983,"東京大学総合図書館 General Library, The University of Tokyo, JAPAN",http://iiif.io/api/presentation/2#rightToLeftDirection,,総合図書館所蔵南葵文庫,0128,,https://iiif.dl.itc.u-tokyo.ac.jp/repo/iiif/8dfeadfc-5d6f-0af5-6c22-713b6c082388/manifest,,,,,36
倭屋一家言 3巻,A00:4263,ワイオク イッカゲン,野之口 隆正,1,野之口隆正 [自筆],[江戸後期],図書,日本語,"写本|書名は小口書による|表紙の書名(朱書): 矮屋一家言|[1]の書名は版心による|3の扉の書名: 坐右雜稿 : 談草|「さるがく」, 「くぐつ」, 「かぶき」, 「じゃうるり」, 「うたけ」の版心下部に「たけのや」とあり|後見返しに「此書野之口隆正手澤本なり計ラスモ市ニ購ヒ得テ家藏トス やすむろ」との朱筆識語あり|墨筆書き入れあり|印記: 「陽春廬記」(小中村清矩), 「紀伊恴川 南葵文庫」",http://tify.sub.uni-goettingen.de/demo.html?manifest=https://archdataset.dl.itc.u-tokyo.ac.jp/manifest/30e2659f-9d02-6373-6e7e-f1d4a85015f0.json,30e2659f-9d02-6373-6e7e-f1d4a85015f0,https://iiif.dl.itc.u-tokyo.ac.jp/repo/s/nanki/,https://iiif.dl.itc.u-tokyo.ac.jp/repo/s/nanki/document/30e2659f-9d02-6373-6e7e-f1d4a85015f0,https://www.lib.u-tokyo.ac.jp/ja/library/contents/archives-top/reuse,https://iiif.dl.itc.u-tokyo.ac.jp/repo/files/medium/eb9ba4ef6ff23c7023d6df65e7b4f349de75a63e.jpg,https://iiif.dl.itc.u-tokyo.ac.jp/repo/api/items/1001982,"東京大学総合図書館 General Library, The University of Tokyo, JAPAN",http://iiif.io/api/presentation/2#rightToLeftDirection,,総合図書館所蔵南葵文庫,0129,,https://iiif.dl.itc.u-tokyo.ac.jp/repo/iiif/30e2659f-9d02-6373-6e7e-f1d4a85015f0/manifest,,,,,76
鷹桐之卷抜書,A00:4264,タカ キリ ノ マキ ヌキガキ,,1,[書写者不明],文禄5 [1596] 奥書,図書,日本語,"写本|題簽の書名: 鷹書抜書|巻末に「鷹薬飼之和哥」を付す|朱点, 朱引あり|奥書に「天正九年 文月日書之 中野治右衞門尉(花押)」, 「色田龍作殿上 文禄五年九月十二日書之写也」とあり|印記: 「紀伊恴川 南葵文庫」|虫損あり",http://tify.sub.uni-goettingen.de/demo.html?manifest=https://archdataset.dl.itc.u-tokyo.ac.jp/manifest/e3c4c0df-41bf-746b-5b8f-63ab668b9078.json,e3c4c0df-41bf-746b-5b8f-63ab668b9078,https://iiif.dl.itc.u-tokyo.ac.jp/repo/s/nanki/,https://iiif.dl.itc.u-tokyo.ac.jp/repo/s/nanki/document/e3c4c0df-41bf-746b-5b8f-63ab668b9078,https://www.lib.u-tokyo.ac.jp/ja/library/contents/archives-top/reuse,https://iiif.dl.itc.u-tokyo.ac.jp/repo/files/medium/028cc52ad497d2dad93a9d2a9fa2bcfbb55ba29d.jpg,https://iiif.dl.itc.u-tokyo.ac.jp/repo/api/items/1001981,"東京大学総合図書館 General Library, The University of Tokyo, JAPAN",http://iiif.io/api/presentation/2#rightToLeftDirection,,総合図書館所蔵南葵文庫,0130,,https://iiif.dl.itc.u-tokyo.ac.jp/repo/iiif/e3c4c0df-41bf-746b-5b8f-63ab668b9078/manifest,,,,,40
伊勢千句註 [1],A00:4282,イセ センクチュウ,柴屋軒 宗長,2,[書写者不明],[室町後期],図書,日本語,"写本|表紙の書名: 大永二年伊勢法樂千句註|巻冊次は題簽による|内題下に「大永二年八月為伊勢大神宮之法樂細川右京大夫高國朝臣願主於二頭大夫舘 宗長宗碩兩吟」とあり|発句: 高國(第1), 聽雪(第10)|毎半葉13行|乾: 第1-3 (48丁). 坤: 第7-10(丁96-153)|第4-6を欠く|印記: 「坂田文庫」(坂田諸遠), 「紀伊恴川 南葵文庫」|虫損あり",http://tify.sub.uni-goettingen.de/demo.html?manifest=https://archdataset.dl.itc.u-tokyo.ac.jp/manifest/8e709fa0-868c-18d2-229a-68e5b4063282.json,8e709fa0-868c-18d2-229a-68e5b4063282,https://iiif.dl.itc.u-tokyo.ac.jp/repo/s/nanki/,https://iiif.dl.itc.u-tokyo.ac.jp/repo/s/nanki/document/8e709fa0-868c-18d2-229a-68e5b4063282,https://www.lib.u-tokyo.ac.jp/ja/library/contents/archives-top/reuse,https://iiif.dl.itc.u-tokyo.ac.jp/repo/files/medium/514d9ea8549defac23681788779a4bf7248469ab.jpg,https://iiif.dl.itc.u-tokyo.ac.jp/repo/api/items/1001980,"東京大学総合図書館 General Library, The University of Tokyo, JAPAN",http://iiif.io/api/presentation/2#rightToLeftDirection,,総合図書館所蔵南葵文庫,0131,,https://iiif.dl.itc.u-tokyo.ac.jp/repo/iiif/8e709fa0-868c-18d2-229a-68e5b4063282/manifest,,,,,53
伊勢千句註 [2],A00:4282,イセ センクチュウ,柴屋軒 宗長,2,[書写者不明],[室町後期],図書,日本語,"写本|表紙の書名: 大永二年伊勢法樂千句註|巻冊次は題簽による|内題下に「大永二年八月為伊勢大神宮之法樂細川右京大夫高國朝臣願主於二頭大夫舘 宗長宗碩兩吟」とあり|発句: 高國(第1), 聽雪(第10)|毎半葉13行|乾: 第1-3 (48丁). 坤: 第7-10(丁96-153)|第4-6を欠く|印記: 「坂田文庫」(坂田諸遠), 「紀伊恴川 南葵文庫」|虫損あり",http://tify.sub.uni-goettingen.de/demo.html?manifest=https://archdataset.dl.itc.u-tokyo.ac.jp/manifest/833e9447-0909-8211-75df-fe7c04784f2a.json,833e9447-0909-8211-75df-fe7c04784f2a,https://iiif.dl.itc.u-tokyo.ac.jp/repo/s/nanki/,https://iiif.dl.itc.u-tokyo.ac.jp/repo/s/nanki/document/833e9447-0909-8211-75df-fe7c04784f2a,https://www.lib.u-tokyo.ac.jp/ja/library/contents/archives-top/reuse,https://iiif.dl.itc.u-tokyo.ac.jp/repo/files/medium/de980aa81c58cc5525be65b86eb4e9b85ce4ea3a.jpg,https://iiif.dl.itc.u-tokyo.ac.jp/repo/api/items/1001979,"東京大学総合図書館 General Library, The University of Tokyo, JAPAN",http://iiif.io/api/presentation/2#rightToLeftDirection,,総合図書館所蔵南葵文庫,0132,,https://iiif.dl.itc.u-tokyo.ac.jp/repo/iiif/833e9447-0909-8211-75df-fe7c04784f2a/manifest,,,,,62
元禄版東海道驛路記,A00:4283,ゲンロクバン トウカイドウ エキロキ,石川 流宣,1,須原屋久右衞門,[元禄年間],図書,日本語,"書名は題簽(墨書)による|帙題簽の書名(墨書): 東海道驛路記|巻末に「畫工流宣」とあり|刊記に「江戸書林須原屋久右衞門」とあり|四周単辺2段24行, 内匡廓: 9.2×14.1cm, 白口無魚尾|印記: 「紀伊恴川 南葵文庫」|虫損あり (裏打ち補修あり)",http://tify.sub.uni-goettingen.de/demo.html?manifest=https://archdataset.dl.itc.u-tokyo.ac.jp/manifest/c9f22093-5eac-0e91-38e5-e31f46771719.json,c9f22093-5eac-0e91-38e5-e31f46771719,https://iiif.dl.itc.u-tokyo.ac.jp/repo/s/nanki/,https://iiif.dl.itc.u-tokyo.ac.jp/repo/s/nanki/document/c9f22093-5eac-0e91-38e5-e31f46771719,https://www.lib.u-tokyo.ac.jp/ja/library/contents/archives-top/reuse,https://iiif.dl.itc.u-tokyo.ac.jp/repo/files/medium/57fe666518ea1c40879949546e7343d1ca41896b.jpg,https://iiif.dl.itc.u-tokyo.ac.jp/repo/api/items/1001978,"東京大学総合図書館 General Library, The University of Tokyo, JAPAN",http://iiif.io/api/presentation/2#rightToLeftDirection,,総合図書館所蔵南葵文庫,0133,,https://iiif.dl.itc.u-tokyo.ac.jp/repo/iiif/c9f22093-5eac-0e91-38e5-e31f46771719/manifest,,,,,61
つれつれ草拾遺,A00:4284,ツレズレグサ シュウイ,朗如,1,小川彦九郎,寛保4 [1744],図書,日本語,"序首の書名: 閑艸拾遺|書名の繰返し部分は踊り字|序に「朗如敏而好我文善修其古云近齎我文若干篇示余曰今吾獲白璧於市也斐然其辤兼好不啻也斯必閑艸之遺也 ... 元文庚申臘月壬寅 東野沙門徹雲洞序」とあり|刊記に「寛保四年甲子孟春 小川彦九郎板行」とあり|四周無辺無界8行, 白口無魚尾|付訓あり|印記: 「真顔」(北川真顔), 「麻生文庫」(麻生太賀吉), 「紀伊恴川 南葵文庫」|虫損あり",http://tify.sub.uni-goettingen.de/demo.html?manifest=https://archdataset.dl.itc.u-tokyo.ac.jp/manifest/bd7c73eb-53c9-5be2-96bf-a214af35757d.json,bd7c73eb-53c9-5be2-96bf-a214af35757d,https://iiif.dl.itc.u-tokyo.ac.jp/repo/s/nanki/,https://iiif.dl.itc.u-tokyo.ac.jp/repo/s/nanki/document/bd7c73eb-53c9-5be2-96bf-a214af35757d,https://www.lib.u-tokyo.ac.jp/ja/library/contents/archives-top/reuse,https://iiif.dl.itc.u-tokyo.ac.jp/repo/files/medium/fe2cd8bfbae095a0d5840ab4afeeda5a17813457.jpg,https://iiif.dl.itc.u-tokyo.ac.jp/repo/api/items/1001977,"東京大学総合図書館 General Library, The University of Tokyo, JAPAN",http://iiif.io/api/presentation/2#rightToLeftDirection,,総合図書館所蔵南葵文庫,0134,,https://iiif.dl.itc.u-tokyo.ac.jp/repo/iiif/bd7c73eb-53c9-5be2-96bf-a214af35757d/manifest,,,,,26
卜養狂哥集 2巻 [1],A00:4285,ボクヨウ キョウカシュウ,半井 卜養,2,柏屋与市,[寛文天和年間],図書,日本語,"上の巻末書名: 卜養狂哥|題簽の書名: 新板卜養狂謌|版心の書名: ほく|後付題簽の書名: 卜養狂謌集|小口書: 卜養狂歌集|日本古典籍総合目録データベース』による画工名: 菱川師宣|刊記に「柏屋与市」とあり (埋木あり)|四周単辺無界15行, 内匡廓: 22.5×16.4cm, 白口無魚尾|付訓あり|筆彩あり|印記: 「福田文庫」(福田敬園), 「江戸四日市 古今珍書儈 達摩屋五一」(達磨屋五一), 「坂田文庫」(坂田諸遠), 「紀伊恴川 南葵文庫」|虫損あり (裏打ち補修あり)",http://tify.sub.uni-goettingen.de/demo.html?manifest=https://archdataset.dl.itc.u-tokyo.ac.jp/manifest/4bf73680-2b2a-44a6-0a7e-eb126b4c09b0.json,4bf73680-2b2a-44a6-0a7e-eb126b4c09b0,https://iiif.dl.itc.u-tokyo.ac.jp/repo/s/nanki/,https://iiif.dl.itc.u-tokyo.ac.jp/repo/s/nanki/document/4bf73680-2b2a-44a6-0a7e-eb126b4c09b0,https://www.lib.u-tokyo.ac.jp/ja/library/contents/archives-top/reuse,https://iiif.dl.itc.u-tokyo.ac.jp/repo/files/medium/239102fad60fccd8064eec3cf34d14b43518360b.jpg,https://iiif.dl.itc.u-tokyo.ac.jp/repo/api/items/1001976,"東京大学総合図書館 General Library, The University of Tokyo, JAPAN",http://iiif.io/api/presentation/2#rightToLeftDirection,,総合図書館所蔵南葵文庫,0135,,https://iiif.dl.itc.u-tokyo.ac.jp/repo/iiif/4bf73680-2b2a-44a6-0a7e-eb126b4c09b0/manifest,,,,,28
卜養狂哥集 2巻 [2],A00:4285,ボクヨウ キョウカシュウ,半井 卜養,2,柏屋与市,[寛文天和年間],図書,日本語,"上の巻末書名: 卜養狂哥|題簽の書名: 新板卜養狂謌|版心の書名: ほく|後付題簽の書名: 卜養狂謌集|小口書: 卜養狂歌集|日本古典籍総合目録データベース』による画工名: 菱川師宣|刊記に「柏屋与市」とあり (埋木あり)|四周単辺無界15行, 内匡廓: 22.5×16.4cm, 白口無魚尾|付訓あり|筆彩あり|印記: 「福田文庫」(福田敬園), 「江戸四日市 古今珍書儈 達摩屋五一」(達磨屋五一), 「坂田文庫」(坂田諸遠), 「紀伊恴川 南葵文庫」|虫損あり (裏打ち補修あり)",http://tify.sub.uni-goettingen.de/demo.html?manifest=https://archdataset.dl.itc.u-tokyo.ac.jp/manifest/0fa2f6d8-1894-3268-891a-b009b3625bc6.json,0fa2f6d8-1894-3268-891a-b009b3625bc6,https://iiif.dl.itc.u-tokyo.ac.jp/repo/s/nanki/,https://iiif.dl.itc.u-tokyo.ac.jp/repo/s/nanki/document/0fa2f6d8-1894-3268-891a-b009b3625bc6,https://www.lib.u-tokyo.ac.jp/ja/library/contents/archives-top/reuse,https://iiif.dl.itc.u-tokyo.ac.jp/repo/files/medium/df2892f1d305e8082d84249ec60947815c4f4a28.jpg,https://iiif.dl.itc.u-tokyo.ac.jp/repo/api/items/1001975,"東京大学総合図書館 General Library, The University of Tokyo, JAPAN",http://iiif.io/api/presentation/2#rightToLeftDirection,,総合図書館所蔵南葵文庫,0136,,https://iiif.dl.itc.u-tokyo.ac.jp/repo/iiif/0fa2f6d8-1894-3268-891a-b009b3625bc6/manifest,,,,,20
播州舊記,A00:4286,バンシュウ キュウキ,剣持 清詮,1,大田南畝 [写],享和元 [1801] 奥書,図書,日本語,"写本|扉の書名: 播州舊記并寺社舊記|小口書: 播州旧記|奥書末に「手抄一本以藏旅装 享和改元辛酉孟夏念七梅雨中題於浪華船塲客舎 杏華園」とあり (「南畝」との落款朱印あり)|巻末識語に「播州旧記者抄出峯相記備考而錯綜以為一書于読者与峯相記備考比挍上可也 文化三年丙寅端午前一夕 杏華園又識」とあり(「風光永与」, 「杏園」との落款朱印あり)|毎半葉10行注文双行|朱点, 朱引あり|墨筆書き入れあり|印記: 「南畝文庫」, 「大田氏臧書」(大田南畝), 「紀伊恴川 南葵文庫」|虫損あり",http://tify.sub.uni-goettingen.de/demo.html?manifest=https://archdataset.dl.itc.u-tokyo.ac.jp/manifest/14ce2a36-6fb0-1080-8d37-1da8efada065.json,14ce2a36-6fb0-1080-8d37-1da8efada065,https://iiif.dl.itc.u-tokyo.ac.jp/repo/s/nanki/,https://iiif.dl.itc.u-tokyo.ac.jp/repo/s/nanki/document/14ce2a36-6fb0-1080-8d37-1da8efada065,https://www.lib.u-tokyo.ac.jp/ja/library/contents/archives-top/reuse,https://iiif.dl.itc.u-tokyo.ac.jp/repo/files/medium/5ee250851361890b8576e33ed9e6157e666020d8.jpg,https://iiif.dl.itc.u-tokyo.ac.jp/repo/api/items/1001974,"東京大学総合図書館 General Library, The University of Tokyo, JAPAN",http://iiif.io/api/presentation/2#rightToLeftDirection,,総合図書館所蔵南葵文庫,0137,,https://iiif.dl.itc.u-tokyo.ac.jp/repo/iiif/14ce2a36-6fb0-1080-8d37-1da8efada065/manifest,,,,,36
四季物語,A00:4287,シキ モノガタリ,鴨 長明,1,[書写者不明],[江戸前期],図書,日本語,"写本|書名は題簽による|本奥書の書名: 長明四季物語|巻末に「日野山陰長明(蓮胤イ)書」とあり|本奥書に「右一部十二卷者鴨長明所撰之四季物語也日々月々雖求之被秘于箱中被封於藏裏無入手裏偶依懇望自官庫潛取出之寫之畢今度之撰中之規模宝用有之而已右可秘者也 應安元年戊申十一月十六日 藤原為定冩取之」, 「長明四季物語十二卷我家之袖玉不可越者也尤永可傳永授秘本也 永亨十年九月下旬 中納言藤原雅世」とあり|題簽に「永亨古冩本」とあり|毎半葉12行|墨筆書き入れあり|印記: 「坂田文庫」(坂田諸遠), 「紀伊恴川 南葵文庫」|虫損あり (裏打ち補修あり)",http://tify.sub.uni-goettingen.de/demo.html?manifest=https://archdataset.dl.itc.u-tokyo.ac.jp/manifest/db858d36-8780-2e77-4a9a-c7736651649d.json,db858d36-8780-2e77-4a9a-c7736651649d,https://iiif.dl.itc.u-tokyo.ac.jp/repo/s/nanki/,https://iiif.dl.itc.u-tokyo.ac.jp/repo/s/nanki/document/db858d36-8780-2e77-4a9a-c7736651649d,https://www.lib.u-tokyo.ac.jp/ja/library/contents/archives-top/reuse,https://iiif.dl.itc.u-tokyo.ac.jp/repo/files/medium/742fb05f878f5d0ec673065a2914c8f919bf63a9.jpg,https://iiif.dl.itc.u-tokyo.ac.jp/repo/api/items/1001973,"東京大学総合図書館 General Library, The University of Tokyo, JAPAN",http://iiif.io/api/presentation/2#rightToLeftDirection,,総合図書館所蔵南葵文庫,0138,,https://iiif.dl.itc.u-tokyo.ac.jp/repo/iiif/db858d36-8780-2e77-4a9a-c7736651649d/manifest,,,,,82
すみよし物語,A00:4288,スミヨシ モノガタリ,,1,中野道也,寛永9 [1632],図書,日本語,"大尾の書名: 住吉物語|版心の書名: 住吉|刊記に「寛永九年壬申十二月吉日中野氏道也梓」とあり|四周無辺無界11行, 白口無魚尾|付訓あり|印記: 「阪田文庫」(坂田諸遠), 「紀伊恴川 南葵文庫」|虫損あり (裏打ち補修あり)",http://tify.sub.uni-goettingen.de/demo.html?manifest=https://archdataset.dl.itc.u-tokyo.ac.jp/manifest/bbf8884c-72f5-5b58-0e65-c1aa10022024.json,bbf8884c-72f5-5b58-0e65-c1aa10022024,https://iiif.dl.itc.u-tokyo.ac.jp/repo/s/nanki/,https://iiif.dl.itc.u-tokyo.ac.jp/repo/s/nanki/document/bbf8884c-72f5-5b58-0e65-c1aa10022024,https://www.lib.u-tokyo.ac.jp/ja/library/contents/archives-top/reuse,https://iiif.dl.itc.u-tokyo.ac.jp/repo/files/medium/9799f9493dd994a33d9da0e65160ec361469f125.jpg,https://iiif.dl.itc.u-tokyo.ac.jp/repo/api/items/1001972,"東京大学総合図書館 General Library, The University of Tokyo, JAPAN",http://iiif.io/api/presentation/2#rightToLeftDirection,,総合図書館所蔵南葵文庫,0139,,https://iiif.dl.itc.u-tokyo.ac.jp/repo/iiif/bbf8884c-72f5-5b58-0e65-c1aa10022024/manifest,,,,,63
本朝續文粹 13巻 [1],A00:4289,ホンチョウ ゾク モンズイ,藤原 季綱,13,[書写者不明],[江戸後期],図書,日本語,"写本|巻第8の巻末書名: 續文粹|責任表示は『日本古典籍総合目録データベース』による|奥書に「嘉永二年己酉六月以中山信名遺本一挍了標中本 知雄|安政三年丙辰三月十七日以山崎武陵知雄挍夲再挍合」, 「嘉永第二暦季夏念六日以中山信名遺本遂挍合了標中夲 知雄|安政三年歳次丙辰首夏十一日以沙門真空藏夲挍合標一夲 同」(巻第7), 「嘉永二年己酉六月廿八日以中山信名遺物零本一挍了標中夲 知雄|安政三年丙辰五月十四日以山崎知雄挍合夲一挍 松凬葊主」(巻第8), 「安政三年丙辰四月廿八日以山崎知雄挍本再挍朱点或首書」(巻第13)とあり|冒頭に藤敦宗-藤資光家系表あり|毎半葉7行17字|付訓あり|朱筆書き入れあり|朱点, 朱引あり|印記: 「岸本家藏書」, 「朝田家蔵書」(岸本由豆流), 「陽春廬記」(小中村清矩), 「紀伊恴川 南葵文庫」|虫損あり",http://tify.sub.uni-goettingen.de/demo.html?manifest=https://archdataset.dl.itc.u-tokyo.ac.jp/manifest/3e385c1a-51ae-1e9c-495a-323baa17475f.json,3e385c1a-51ae-1e9c-495a-323baa17475f,https://iiif.dl.itc.u-tokyo.ac.jp/repo/s/nanki/,https://iiif.dl.itc.u-tokyo.ac.jp/repo/s/nanki/document/3e385c1a-51ae-1e9c-495a-323baa17475f,https://www.lib.u-tokyo.ac.jp/ja/library/contents/archives-top/reuse,https://iiif.dl.itc.u-tokyo.ac.jp/repo/files/medium/c7c291538cb4e8819b31578fb5daccfc47781f09.jpg,https://iiif.dl.itc.u-tokyo.ac.jp/repo/api/items/1001971,"東京大学総合図書館 General Library, The University of Tokyo, JAPAN",http://iiif.io/api/presentation/2#rightToLeftDirection,,総合図書館所蔵南葵文庫,0140,,https://iiif.dl.itc.u-tokyo.ac.jp/repo/iiif/3e385c1a-51ae-1e9c-495a-323baa17475f/manifest,,,,,29
本朝續文粹 13巻 [2],A00:4289,ホンチョウ ゾク モンズイ,藤原 季綱,13,[書写者不明],[江戸後期],図書,日本語,"写本|巻第8の巻末書名: 續文粹|責任表示は『日本古典籍総合目録データベース』による|奥書に「嘉永二年己酉六月以中山信名遺本一挍了標中本 知雄|安政三年丙辰三月十七日以山崎武陵知雄挍夲再挍合」, 「嘉永第二暦季夏念六日以中山信名遺本遂挍合了標中夲 知雄|安政三年歳次丙辰首夏十一日以沙門真空藏夲挍合標一夲 同」(巻第7), 「嘉永二年己酉六月廿八日以中山信名遺物零本一挍了標中夲 知雄|安政三年丙辰五月十四日以山崎知雄挍合夲一挍 松凬葊主」(巻第8), 「安政三年丙辰四月廿八日以山崎知雄挍本再挍朱点或首書」(巻第13)とあり|冒頭に藤敦宗-藤資光家系表あり|毎半葉7行17字|付訓あり|朱筆書き入れあり|朱点, 朱引あり|印記: 「岸本家藏書」, 「朝田家蔵書」(岸本由豆流), 「陽春廬記」(小中村清矩), 「紀伊恴川 南葵文庫」|虫損あり",http://tify.sub.uni-goettingen.de/demo.html?manifest=https://archdataset.dl.itc.u-tokyo.ac.jp/manifest/c28b9a5e-8193-760c-1df7-525d41220b77.json,c28b9a5e-8193-760c-1df7-525d41220b77,https://iiif.dl.itc.u-tokyo.ac.jp/repo/s/nanki/,https://iiif.dl.itc.u-tokyo.ac.jp/repo/s/nanki/document/c28b9a5e-8193-760c-1df7-525d41220b77,https://www.lib.u-tokyo.ac.jp/ja/library/contents/archives-top/reuse,https://iiif.dl.itc.u-tokyo.ac.jp/repo/files/medium/b03b54d806c3f201fe0e86701250298f8de98d08.jpg,https://iiif.dl.itc.u-tokyo.ac.jp/repo/api/items/1001970,"東京大学総合図書館 General Library, The University of Tokyo, JAPAN",http://iiif.io/api/presentation/2#rightToLeftDirection,,総合図書館所蔵南葵文庫,0141,,https://iiif.dl.itc.u-tokyo.ac.jp/repo/iiif/c28b9a5e-8193-760c-1df7-525d41220b77/manifest,,,,,25
本朝續文粹 13巻 [3],A00:4289,ホンチョウ ゾク モンズイ,藤原 季綱,13,[書写者不明],[江戸後期],図書,日本語,"写本|巻第8の巻末書名: 續文粹|責任表示は『日本古典籍総合目録データベース』による|奥書に「嘉永二年己酉六月以中山信名遺本一挍了標中本 知雄|安政三年丙辰三月十七日以山崎武陵知雄挍夲再挍合」, 「嘉永第二暦季夏念六日以中山信名遺本遂挍合了標中夲 知雄|安政三年歳次丙辰首夏十一日以沙門真空藏夲挍合標一夲 同」(巻第7), 「嘉永二年己酉六月廿八日以中山信名遺物零本一挍了標中夲 知雄|安政三年丙辰五月十四日以山崎知雄挍合夲一挍 松凬葊主」(巻第8), 「安政三年丙辰四月廿八日以山崎知雄挍本再挍朱点或首書」(巻第13)とあり|冒頭に藤敦宗-藤資光家系表あり|毎半葉7行17字|付訓あり|朱筆書き入れあり|朱点, 朱引あり|印記: 「岸本家藏書」, 「朝田家蔵書」(岸本由豆流), 「陽春廬記」(小中村清矩), 「紀伊恴川 南葵文庫」|虫損あり",http://tify.sub.uni-goettingen.de/demo.html?manifest=https://archdataset.dl.itc.u-tokyo.ac.jp/manifest/fc0c9700-9974-7036-4fc9-cf7e465c7276.json,fc0c9700-9974-7036-4fc9-cf7e465c7276,https://iiif.dl.itc.u-tokyo.ac.jp/repo/s/nanki/,https://iiif.dl.itc.u-tokyo.ac.jp/repo/s/nanki/document/fc0c9700-9974-7036-4fc9-cf7e465c7276,https://www.lib.u-tokyo.ac.jp/ja/library/contents/archives-top/reuse,https://iiif.dl.itc.u-tokyo.ac.jp/repo/files/medium/da6d733dba1c081938c38cda245a5b399a60ea47.jpg,https://iiif.dl.itc.u-tokyo.ac.jp/repo/api/items/1001969,"東京大学総合図書館 General Library, The University of Tokyo, JAPAN",http://iiif.io/api/presentation/2#rightToLeftDirection,,総合図書館所蔵南葵文庫,0142,,https://iiif.dl.itc.u-tokyo.ac.jp/repo/iiif/fc0c9700-9974-7036-4fc9-cf7e465c7276/manifest,,,,,36
本朝續文粹 13巻 [4],A00:4289,ホンチョウ ゾク モンズイ,藤原 季綱,13,[書写者不明],[江戸後期],図書,日本語,"写本|巻第8の巻末書名: 續文粹|責任表示は『日本古典籍総合目録データベース』による|奥書に「嘉永二年己酉六月以中山信名遺本一挍了標中本 知雄|安政三年丙辰三月十七日以山崎武陵知雄挍夲再挍合」, 「嘉永第二暦季夏念六日以中山信名遺本遂挍合了標中夲 知雄|安政三年歳次丙辰首夏十一日以沙門真空藏夲挍合標一夲 同」(巻第7), 「嘉永二年己酉六月廿八日以中山信名遺物零本一挍了標中夲 知雄|安政三年丙辰五月十四日以山崎知雄挍合夲一挍 松凬葊主」(巻第8), 「安政三年丙辰四月廿八日以山崎知雄挍本再挍朱点或首書」(巻第13)とあり|冒頭に藤敦宗-藤資光家系表あり|毎半葉7行17字|付訓あり|朱筆書き入れあり|朱点, 朱引あり|印記: 「岸本家藏書」, 「朝田家蔵書」(岸本由豆流), 「陽春廬記」(小中村清矩), 「紀伊恴川 南葵文庫」|虫損あり",http://tify.sub.uni-goettingen.de/demo.html?manifest=https://archdataset.dl.itc.u-tokyo.ac.jp/manifest/4b5bebfd-2a30-4270-2da4-2e954a04a376.json,4b5bebfd-2a30-4270-2da4-2e954a04a376,https://iiif.dl.itc.u-tokyo.ac.jp/repo/s/nanki/,https://iiif.dl.itc.u-tokyo.ac.jp/repo/s/nanki/document/4b5bebfd-2a30-4270-2da4-2e954a04a376,https://www.lib.u-tokyo.ac.jp/ja/library/contents/archives-top/reuse,https://iiif.dl.itc.u-tokyo.ac.jp/repo/files/medium/3c06a1c55214e0c9d53beb8b5c3a00924c08488d.jpg,https://iiif.dl.itc.u-tokyo.ac.jp/repo/api/items/1001968,"東京大学総合図書館 General Library, The University of Tokyo, JAPAN",http://iiif.io/api/presentation/2#rightToLeftDirection,,総合図書館所蔵南葵文庫,0143,,https://iiif.dl.itc.u-tokyo.ac.jp/repo/iiif/4b5bebfd-2a30-4270-2da4-2e954a04a376/manifest,,,,,38
本朝續文粹 13巻 [5],A00:4289,ホンチョウ ゾク モンズイ,藤原 季綱,13,[書写者不明],[江戸後期],図書,日本語,"写本|巻第8の巻末書名: 續文粹|責任表示は『日本古典籍総合目録データベース』による|奥書に「嘉永二年己酉六月以中山信名遺本一挍了標中本 知雄|安政三年丙辰三月十七日以山崎武陵知雄挍夲再挍合」, 「嘉永第二暦季夏念六日以中山信名遺本遂挍合了標中夲 知雄|安政三年歳次丙辰首夏十一日以沙門真空藏夲挍合標一夲 同」(巻第7), 「嘉永二年己酉六月廿八日以中山信名遺物零本一挍了標中夲 知雄|安政三年丙辰五月十四日以山崎知雄挍合夲一挍 松凬葊主」(巻第8), 「安政三年丙辰四月廿八日以山崎知雄挍本再挍朱点或首書」(巻第13)とあり|冒頭に藤敦宗-藤資光家系表あり|毎半葉7行17字|付訓あり|朱筆書き入れあり|朱点, 朱引あり|印記: 「岸本家藏書」, 「朝田家蔵書」(岸本由豆流), 「陽春廬記」(小中村清矩), 「紀伊恴川 南葵文庫」|虫損あり",http://tify.sub.uni-goettingen.de/demo.html?manifest=https://archdataset.dl.itc.u-tokyo.ac.jp/manifest/bf7e3eaf-54fa-4413-84b3-3d259a6e3efb.json,bf7e3eaf-54fa-4413-84b3-3d259a6e3efb,https://iiif.dl.itc.u-tokyo.ac.jp/repo/s/nanki/,https://iiif.dl.itc.u-tokyo.ac.jp/repo/s/nanki/document/bf7e3eaf-54fa-4413-84b3-3d259a6e3efb,https://www.lib.u-tokyo.ac.jp/ja/library/contents/archives-top/reuse,https://iiif.dl.itc.u-tokyo.ac.jp/repo/files/medium/7329f20e4824d07ec50d02adfd354aec1f376e6e.jpg,https://iiif.dl.itc.u-tokyo.ac.jp/repo/api/items/1001967,"東京大学総合図書館 General Library, The University of Tokyo, JAPAN",http://iiif.io/api/presentation/2#rightToLeftDirection,,総合図書館所蔵南葵文庫,0144,,https://iiif.dl.itc.u-tokyo.ac.jp/repo/iiif/bf7e3eaf-54fa-4413-84b3-3d259a6e3efb/manifest,,,,,39
本朝續文粹 13巻 [6],A00:4289,ホンチョウ ゾク モンズイ,藤原 季綱,13,[書写者不明],[江戸後期],図書,日本語,"写本|巻第8の巻末書名: 續文粹|責任表示は『日本古典籍総合目録データベース』による|奥書に「嘉永二年己酉六月以中山信名遺本一挍了標中本 知雄|安政三年丙辰三月十七日以山崎武陵知雄挍夲再挍合」, 「嘉永第二暦季夏念六日以中山信名遺本遂挍合了標中夲 知雄|安政三年歳次丙辰首夏十一日以沙門真空藏夲挍合標一夲 同」(巻第7), 「嘉永二年己酉六月廿八日以中山信名遺物零本一挍了標中夲 知雄|安政三年丙辰五月十四日以山崎知雄挍合夲一挍 松凬葊主」(巻第8), 「安政三年丙辰四月廿八日以山崎知雄挍本再挍朱点或首書」(巻第13)とあり|冒頭に藤敦宗-藤資光家系表あり|毎半葉7行17字|付訓あり|朱筆書き入れあり|朱点, 朱引あり|印記: 「岸本家藏書」, 「朝田家蔵書」(岸本由豆流), 「陽春廬記」(小中村清矩), 「紀伊恴川 南葵文庫」|虫損あり",http://tify.sub.uni-goettingen.de/demo.html?manifest=https://archdataset.dl.itc.u-tokyo.ac.jp/manifest/5b6fd8d8-3621-5cf8-7723-87c995b0a1b3.json,5b6fd8d8-3621-5cf8-7723-87c995b0a1b3,https://iiif.dl.itc.u-tokyo.ac.jp/repo/s/nanki/,https://iiif.dl.itc.u-tokyo.ac.jp/repo/s/nanki/document/5b6fd8d8-3621-5cf8-7723-87c995b0a1b3,https://www.lib.u-tokyo.ac.jp/ja/library/contents/archives-top/reuse,https://iiif.dl.itc.u-tokyo.ac.jp/repo/files/medium/27bbb16a6fe8813c5a9df433f3a56157b4e13fdb.jpg,https://iiif.dl.itc.u-tokyo.ac.jp/repo/api/items/1001966,"東京大学総合図書館 General Library, The University of Tokyo, JAPAN",http://iiif.io/api/presentation/2#rightToLeftDirection,,総合図書館所蔵南葵文庫,0145,,https://iiif.dl.itc.u-tokyo.ac.jp/repo/iiif/5b6fd8d8-3621-5cf8-7723-87c995b0a1b3/manifest,,,,,39
本朝續文粹 13巻 [7],A00:4289,ホンチョウ ゾク モンズイ,藤原 季綱,13,[書写者不明],[江戸後期],図書,日本語,"写本|巻第8の巻末書名: 續文粹|責任表示は『日本古典籍総合目録データベース』による|奥書に「嘉永二年己酉六月以中山信名遺本一挍了標中本 知雄|安政三年丙辰三月十七日以山崎武陵知雄挍夲再挍合」, 「嘉永第二暦季夏念六日以中山信名遺本遂挍合了標中夲 知雄|安政三年歳次丙辰首夏十一日以沙門真空藏夲挍合標一夲 同」(巻第7), 「嘉永二年己酉六月廿八日以中山信名遺物零本一挍了標中夲 知雄|安政三年丙辰五月十四日以山崎知雄挍合夲一挍 松凬葊主」(巻第8), 「安政三年丙辰四月廿八日以山崎知雄挍本再挍朱点或首書」(巻第13)とあり|冒頭に藤敦宗-藤資光家系表あり|毎半葉7行17字|付訓あり|朱筆書き入れあり|朱点, 朱引あり|印記: 「岸本家藏書」, 「朝田家蔵書」(岸本由豆流), 「陽春廬記」(小中村清矩), 「紀伊恴川 南葵文庫」|虫損あり",http://tify.sub.uni-goettingen.de/demo.html?manifest=https://archdataset.dl.itc.u-tokyo.ac.jp/manifest/e30b543a-1603-4e28-4958-8e2ecadc9b7e.json,e30b543a-1603-4e28-4958-8e2ecadc9b7e,https://iiif.dl.itc.u-tokyo.ac.jp/repo/s/nanki/,https://iiif.dl.itc.u-tokyo.ac.jp/repo/s/nanki/document/e30b543a-1603-4e28-4958-8e2ecadc9b7e,https://www.lib.u-tokyo.ac.jp/ja/library/contents/archives-top/reuse,https://iiif.dl.itc.u-tokyo.ac.jp/repo/files/medium/ec5827b698f6ef1b136a1aee27e8ddab8f7d620a.jpg,https://iiif.dl.itc.u-tokyo.ac.jp/repo/api/items/1001965,"東京大学総合図書館 General Library, The University of Tokyo, JAPAN",http://iiif.io/api/presentation/2#rightToLeftDirection,,総合図書館所蔵南葵文庫,0146,,https://iiif.dl.itc.u-tokyo.ac.jp/repo/iiif/e30b543a-1603-4e28-4958-8e2ecadc9b7e/manifest,,,,,18
本朝續文粹 13巻 [8],A00:4289,ホンチョウ ゾク モンズイ,藤原 季綱,13,[書写者不明],[江戸後期],図書,日本語,"写本|巻第8の巻末書名: 續文粹|責任表示は『日本古典籍総合目録データベース』による|奥書に「嘉永二年己酉六月以中山信名遺本一挍了標中本 知雄|安政三年丙辰三月十七日以山崎武陵知雄挍夲再挍合」, 「嘉永第二暦季夏念六日以中山信名遺本遂挍合了標中夲 知雄|安政三年歳次丙辰首夏十一日以沙門真空藏夲挍合標一夲 同」(巻第7), 「嘉永二年己酉六月廿八日以中山信名遺物零本一挍了標中夲 知雄|安政三年丙辰五月十四日以山崎知雄挍合夲一挍 松凬葊主」(巻第8), 「安政三年丙辰四月廿八日以山崎知雄挍本再挍朱点或首書」(巻第13)とあり|冒頭に藤敦宗-藤資光家系表あり|毎半葉7行17字|付訓あり|朱筆書き入れあり|朱点, 朱引あり|印記: 「岸本家藏書」, 「朝田家蔵書」(岸本由豆流), 「陽春廬記」(小中村清矩), 「紀伊恴川 南葵文庫」|虫損あり",http://tify.sub.uni-goettingen.de/demo.html?manifest=https://archdataset.dl.itc.u-tokyo.ac.jp/manifest/76e5d7ee-8bdc-30a8-164b-8f2837046a58.json,76e5d7ee-8bdc-30a8-164b-8f2837046a58,https://iiif.dl.itc.u-tokyo.ac.jp/repo/s/nanki/,https://iiif.dl.itc.u-tokyo.ac.jp/repo/s/nanki/document/76e5d7ee-8bdc-30a8-164b-8f2837046a58,https://www.lib.u-tokyo.ac.jp/ja/library/contents/archives-top/reuse,https://iiif.dl.itc.u-tokyo.ac.jp/repo/files/medium/d3bf54de48ec897bc25f33abbdf296d239a1e415.jpg,https://iiif.dl.itc.u-tokyo.ac.jp/repo/api/items/1001964,"東京大学総合図書館 General Library, The University of Tokyo, JAPAN",http://iiif.io/api/presentation/2#rightToLeftDirection,,総合図書館所蔵南葵文庫,0147,,https://iiif.dl.itc.u-tokyo.ac.jp/repo/iiif/76e5d7ee-8bdc-30a8-164b-8f2837046a58/manifest,,,,,43
本朝續文粹 13巻 [9],A00:4289,ホンチョウ ゾク モンズイ,藤原 季綱,13,[書写者不明],[江戸後期],図書,日本語,"写本|巻第8の巻末書名: 續文粹|責任表示は『日本古典籍総合目録データベース』による|奥書に「嘉永二年己酉六月以中山信名遺本一挍了標中本 知雄|安政三年丙辰三月十七日以山崎武陵知雄挍夲再挍合」, 「嘉永第二暦季夏念六日以中山信名遺本遂挍合了標中夲 知雄|安政三年歳次丙辰首夏十一日以沙門真空藏夲挍合標一夲 同」(巻第7), 「嘉永二年己酉六月廿八日以中山信名遺物零本一挍了標中夲 知雄|安政三年丙辰五月十四日以山崎知雄挍合夲一挍 松凬葊主」(巻第8), 「安政三年丙辰四月廿八日以山崎知雄挍本再挍朱点或首書」(巻第13)とあり|冒頭に藤敦宗-藤資光家系表あり|毎半葉7行17字|付訓あり|朱筆書き入れあり|朱点, 朱引あり|印記: 「岸本家藏書」, 「朝田家蔵書」(岸本由豆流), 「陽春廬記」(小中村清矩), 「紀伊恴川 南葵文庫」|虫損あり",http://tify.sub.uni-goettingen.de/demo.html?manifest=https://archdataset.dl.itc.u-tokyo.ac.jp/manifest/ac33308b-568a-33ec-328a-04a3e2ef4eb8.json,ac33308b-568a-33ec-328a-04a3e2ef4eb8,https://iiif.dl.itc.u-tokyo.ac.jp/repo/s/nanki/,https://iiif.dl.itc.u-tokyo.ac.jp/repo/s/nanki/document/ac33308b-568a-33ec-328a-04a3e2ef4eb8,https://www.lib.u-tokyo.ac.jp/ja/library/contents/archives-top/reuse,https://iiif.dl.itc.u-tokyo.ac.jp/repo/files/medium/5a78c683c7a8124afcf663c5d18d81c9bb532c53.jpg,https://iiif.dl.itc.u-tokyo.ac.jp/repo/api/items/1001963,"東京大学総合図書館 General Library, The University of Tokyo, JAPAN",http://iiif.io/api/presentation/2#rightToLeftDirection,,総合図書館所蔵南葵文庫,0148,,https://iiif.dl.itc.u-tokyo.ac.jp/repo/iiif/ac33308b-568a-33ec-328a-04a3e2ef4eb8/manifest,,,,,31
本朝續文粹 13巻 [10],A00:4289,ホンチョウ ゾク モンズイ,藤原 季綱,13,[書写者不明],[江戸後期],図書,日本語,"写本|巻第8の巻末書名: 續文粹|責任表示は『日本古典籍総合目録データベース』による|奥書に「嘉永二年己酉六月以中山信名遺本一挍了標中本 知雄|安政三年丙辰三月十七日以山崎武陵知雄挍夲再挍合」, 「嘉永第二暦季夏念六日以中山信名遺本遂挍合了標中夲 知雄|安政三年歳次丙辰首夏十一日以沙門真空藏夲挍合標一夲 同」(巻第7), 「嘉永二年己酉六月廿八日以中山信名遺物零本一挍了標中夲 知雄|安政三年丙辰五月十四日以山崎知雄挍合夲一挍 松凬葊主」(巻第8), 「安政三年丙辰四月廿八日以山崎知雄挍本再挍朱点或首書」(巻第13)とあり|冒頭に藤敦宗-藤資光家系表あり|毎半葉7行17字|付訓あり|朱筆書き入れあり|朱点, 朱引あり|印記: 「岸本家藏書」, 「朝田家蔵書」(岸本由豆流), 「陽春廬記」(小中村清矩), 「紀伊恴川 南葵文庫」|虫損あり",http://tify.sub.uni-goettingen.de/demo.html?manifest=https://archdataset.dl.itc.u-tokyo.ac.jp/manifest/ebae6d58-4b08-5329-5784-78d622ef864b.json,ebae6d58-4b08-5329-5784-78d622ef864b,https://iiif.dl.itc.u-tokyo.ac.jp/repo/s/nanki/,https://iiif.dl.itc.u-tokyo.ac.jp/repo/s/nanki/document/ebae6d58-4b08-5329-5784-78d622ef864b,https://www.lib.u-tokyo.ac.jp/ja/library/contents/archives-top/reuse,https://iiif.dl.itc.u-tokyo.ac.jp/repo/files/medium/fc366b1ee42929a69260be8ddb21d9c3a49e17af.jpg,https://iiif.dl.itc.u-tokyo.ac.jp/repo/api/items/1001962,"東京大学総合図書館 General Library, The University of Tokyo, JAPAN",http://iiif.io/api/presentation/2#rightToLeftDirection,,総合図書館所蔵南葵文庫,0149,,https://iiif.dl.itc.u-tokyo.ac.jp/repo/iiif/ebae6d58-4b08-5329-5784-78d622ef864b/manifest,,,,,25
本朝續文粹 13巻 [11],A00:4289,ホンチョウ ゾク モンズイ,藤原 季綱,13,[書写者不明],[江戸後期],図書,日本語,"写本|巻第8の巻末書名: 續文粹|責任表示は『日本古典籍総合目録データベース』による|奥書に「嘉永二年己酉六月以中山信名遺本一挍了標中本 知雄|安政三年丙辰三月十七日以山崎武陵知雄挍夲再挍合」, 「嘉永第二暦季夏念六日以中山信名遺本遂挍合了標中夲 知雄|安政三年歳次丙辰首夏十一日以沙門真空藏夲挍合標一夲 同」(巻第7), 「嘉永二年己酉六月廿八日以中山信名遺物零本一挍了標中夲 知雄|安政三年丙辰五月十四日以山崎知雄挍合夲一挍 松凬葊主」(巻第8), 「安政三年丙辰四月廿八日以山崎知雄挍本再挍朱点或首書」(巻第13)とあり|冒頭に藤敦宗-藤資光家系表あり|毎半葉7行17字|付訓あり|朱筆書き入れあり|朱点, 朱引あり|印記: 「岸本家藏書」, 「朝田家蔵書」(岸本由豆流), 「陽春廬記」(小中村清矩), 「紀伊恴川 南葵文庫」|虫損あり",http://tify.sub.uni-goettingen.de/demo.html?manifest=https://archdataset.dl.itc.u-tokyo.ac.jp/manifest/998c06d1-6075-0010-4bd6-0fecb01b21b5.json,998c06d1-6075-0010-4bd6-0fecb01b21b5,https://iiif.dl.itc.u-tokyo.ac.jp/repo/s/nanki/,https://iiif.dl.itc.u-tokyo.ac.jp/repo/s/nanki/document/998c06d1-6075-0010-4bd6-0fecb01b21b5,https://www.lib.u-tokyo.ac.jp/ja/library/contents/archives-top/reuse,https://iiif.dl.itc.u-tokyo.ac.jp/repo/files/medium/f89925fe04481346470cf6742c8af8d641c62263.jpg,https://iiif.dl.itc.u-tokyo.ac.jp/repo/api/items/1001961,"東京大学総合図書館 General Library, The University of Tokyo, JAPAN",http://iiif.io/api/presentation/2#rightToLeftDirection,,総合図書館所蔵南葵文庫,0150,,https://iiif.dl.itc.u-tokyo.ac.jp/repo/iiif/998c06d1-6075-0010-4bd6-0fecb01b21b5/manifest,,,,,42
本朝續文粹 13巻 [12],A00:4289,ホンチョウ ゾク モンズイ,藤原 季綱,13,[書写者不明],[江戸後期],図書,日本語,"写本|巻第8の巻末書名: 續文粹|責任表示は『日本古典籍総合目録データベース』による|奥書に「嘉永二年己酉六月以中山信名遺本一挍了標中本 知雄|安政三年丙辰三月十七日以山崎武陵知雄挍夲再挍合」, 「嘉永第二暦季夏念六日以中山信名遺本遂挍合了標中夲 知雄|安政三年歳次丙辰首夏十一日以沙門真空藏夲挍合標一夲 同」(巻第7), 「嘉永二年己酉六月廿八日以中山信名遺物零本一挍了標中夲 知雄|安政三年丙辰五月十四日以山崎知雄挍合夲一挍 松凬葊主」(巻第8), 「安政三年丙辰四月廿八日以山崎知雄挍本再挍朱点或首書」(巻第13)とあり|冒頭に藤敦宗-藤資光家系表あり|毎半葉7行17字|付訓あり|朱筆書き入れあり|朱点, 朱引あり|印記: 「岸本家藏書」, 「朝田家蔵書」(岸本由豆流), 「陽春廬記」(小中村清矩), 「紀伊恴川 南葵文庫」|虫損あり",http://tify.sub.uni-goettingen.de/demo.html?manifest=https://archdataset.dl.itc.u-tokyo.ac.jp/manifest/b6fc02a1-0362-9daa-11a8-b39831263adf.json,b6fc02a1-0362-9daa-11a8-b39831263adf,https://iiif.dl.itc.u-tokyo.ac.jp/repo/s/nanki/,https://iiif.dl.itc.u-tokyo.ac.jp/repo/s/nanki/document/b6fc02a1-0362-9daa-11a8-b39831263adf,https://www.lib.u-tokyo.ac.jp/ja/library/contents/archives-top/reuse,https://iiif.dl.itc.u-tokyo.ac.jp/repo/files/medium/c4cce0f758c0becb8063c230c4bbd8b1ae723a56.jpg,https://iiif.dl.itc.u-tokyo.ac.jp/repo/api/items/1001960,"東京大学総合図書館 General Library, The University of Tokyo, JAPAN",http://iiif.io/api/presentation/2#rightToLeftDirection,,総合図書館所蔵南葵文庫,0151,,https://iiif.dl.itc.u-tokyo.ac.jp/repo/iiif/b6fc02a1-0362-9daa-11a8-b39831263adf/manifest,,,,,42
本朝續文粹 13巻 [13],A00:4289,ホンチョウ ゾク モンズイ,藤原 季綱,13,[書写者不明],[江戸後期],図書,日本語,"写本|巻第8の巻末書名: 續文粹|責任表示は『日本古典籍総合目録データベース』による|奥書に「嘉永二年己酉六月以中山信名遺本一挍了標中本 知雄|安政三年丙辰三月十七日以山崎武陵知雄挍夲再挍合」, 「嘉永第二暦季夏念六日以中山信名遺本遂挍合了標中夲 知雄|安政三年歳次丙辰首夏十一日以沙門真空藏夲挍合標一夲 同」(巻第7), 「嘉永二年己酉六月廿八日以中山信名遺物零本一挍了標中夲 知雄|安政三年丙辰五月十四日以山崎知雄挍合夲一挍 松凬葊主」(巻第8), 「安政三年丙辰四月廿八日以山崎知雄挍本再挍朱点或首書」(巻第13)とあり|冒頭に藤敦宗-藤資光家系表あり|毎半葉7行17字|付訓あり|朱筆書き入れあり|朱点, 朱引あり|印記: 「岸本家藏書」, 「朝田家蔵書」(岸本由豆流), 「陽春廬記」(小中村清矩), 「紀伊恴川 南葵文庫」|虫損あり",http://tify.sub.uni-goettingen.de/demo.html?manifest=https://archdataset.dl.itc.u-tokyo.ac.jp/manifest/d5b9f236-0767-650f-8e59-679d554e1dde.json,d5b9f236-0767-650f-8e59-679d554e1dde,https://iiif.dl.itc.u-tokyo.ac.jp/repo/s/nanki/,https://iiif.dl.itc.u-tokyo.ac.jp/repo/s/nanki/document/d5b9f236-0767-650f-8e59-679d554e1dde,https://www.lib.u-tokyo.ac.jp/ja/library/contents/archives-top/reuse,https://iiif.dl.itc.u-tokyo.ac.jp/repo/files/medium/ffc382696d02b851709a55673675b0daf69fa8d1.jpg,https://iiif.dl.itc.u-tokyo.ac.jp/repo/api/items/1001959,"東京大学総合図書館 General Library, The University of Tokyo, JAPAN",http://iiif.io/api/presentation/2#rightToLeftDirection,,総合図書館所蔵南葵文庫,0152,,https://iiif.dl.itc.u-tokyo.ac.jp/repo/iiif/d5b9f236-0767-650f-8e59-679d554e1dde/manifest,,,,,37
紀伊國牟婁郡色川村色川氏藏文書,A00:4290,キイノクニ ムログン イロカワムラ イロカワシ ゾウ モンジョ,,1,加納諸平 [写],[江戸後期],図書,日本語,"写本|題簽の書名: 紀伊國色川文書|書入中の書名: 色川文書|内題下に「今称清水」, 「墨付九枚」とあり|題簽に「伴信友書入本」とあり|奥書に「右紀伊國牟婁郡色川村清水角大夫藏」, 「此文書は ... 誤多シ夲書ニ挍シテ後正シク書テ奉ルヘクオモヘリ先誤レルママヲ写シテ奉ルナリ 加納諸平 (花押) 伴翁」とあり|書入に「右色川文書ともニ若山加納諸平ヨリ臨写終」, 「文政四年六月若山ヨリ到來朱旁書ハ予カ推量也 信友」との朱書あり|朱墨筆書き入れあり|付箋あり|印記: 「山中家藏」, 「陽春廬記」(小中村清矩), 「紀伊恴川 南葵文庫」|虫損あり",http://tify.sub.uni-goettingen.de/demo.html?manifest=https://archdataset.dl.itc.u-tokyo.ac.jp/manifest/8e4dc060-1327-8b17-192b-f6453dfc3376.json,8e4dc060-1327-8b17-192b-f6453dfc3376,https://iiif.dl.itc.u-tokyo.ac.jp/repo/s/nanki/,https://iiif.dl.itc.u-tokyo.ac.jp/repo/s/nanki/document/8e4dc060-1327-8b17-192b-f6453dfc3376,https://www.lib.u-tokyo.ac.jp/ja/library/contents/archives-top/reuse,https://iiif.dl.itc.u-tokyo.ac.jp/repo/files/medium/780a4946cfb1e188af5102d4c7d285c0a9650b17.jpg,https://iiif.dl.itc.u-tokyo.ac.jp/repo/api/items/1001958,"東京大学総合図書館 General Library, The University of Tokyo, JAPAN",http://iiif.io/api/presentation/2#rightToLeftDirection,,総合図書館所蔵南葵文庫,0153,,https://iiif.dl.itc.u-tokyo.ac.jp/repo/iiif/8e4dc060-1327-8b17-192b-f6453dfc3376/manifest,,,,,21
樋口殿之記 3巻 [1],A00:4292,ヒグチドノ ノ キ,樋口 宗氏,3,[山崎美成] [写],文政3 [1820] 奥書,図書,日本語,"写本|原奥書に「右樋口先生一帖不存外見可令秘藏者也 樋口殿ハ堂上新家六十三家之内高倉家ナリ二百石石薬師水流ノ角」とあり|奥書に「文政三年庚辰春 源美成」とあり|題簽による巻冊次表示: 上, 中, 下|毎半葉10行17字注文双行|傍注あり|朱筆書き入れあり|印記: 「好問堂」(山崎美成), 「坂田文庫」(坂田諸遠), 「紀伊恴川 南葵文庫」|虫損あり",http://tify.sub.uni-goettingen.de/demo.html?manifest=https://archdataset.dl.itc.u-tokyo.ac.jp/manifest/4c960053-37c8-7470-6f9a-0b12c6fc90ce.json,4c960053-37c8-7470-6f9a-0b12c6fc90ce,https://iiif.dl.itc.u-tokyo.ac.jp/repo/s/nanki/,https://iiif.dl.itc.u-tokyo.ac.jp/repo/s/nanki/document/4c960053-37c8-7470-6f9a-0b12c6fc90ce,https://www.lib.u-tokyo.ac.jp/ja/library/contents/archives-top/reuse,https://iiif.dl.itc.u-tokyo.ac.jp/repo/files/medium/09ea87c493a59e87e209a9a27020274ef78953c3.jpg,https://iiif.dl.itc.u-tokyo.ac.jp/repo/api/items/1001957,"東京大学総合図書館 General Library, The University of Tokyo, JAPAN",http://iiif.io/api/presentation/2#rightToLeftDirection,,総合図書館所蔵南葵文庫,0154,,https://iiif.dl.itc.u-tokyo.ac.jp/repo/iiif/4c960053-37c8-7470-6f9a-0b12c6fc90ce/manifest,,,,,38
樋口殿之記 3巻 [2],A00:4292,ヒグチドノ ノ キ,樋口 宗氏,3,[山崎美成] [写],文政3 [1820] 奥書,図書,日本語,"写本|原奥書に「右樋口先生一帖不存外見可令秘藏者也 樋口殿ハ堂上新家六十三家之内高倉家ナリ二百石石薬師水流ノ角」とあり|奥書に「文政三年庚辰春 源美成」とあり|題簽による巻冊次表示: 上, 中, 下|毎半葉10行17字注文双行|傍注あり|朱筆書き入れあり|印記: 「好問堂」(山崎美成), 「坂田文庫」(坂田諸遠), 「紀伊恴川 南葵文庫」|虫損あり",http://tify.sub.uni-goettingen.de/demo.html?manifest=https://archdataset.dl.itc.u-tokyo.ac.jp/manifest/f3c8d5cf-420b-147c-132a-a2d90b76536c.json,f3c8d5cf-420b-147c-132a-a2d90b76536c,https://iiif.dl.itc.u-tokyo.ac.jp/repo/s/nanki/,https://iiif.dl.itc.u-tokyo.ac.jp/repo/s/nanki/document/f3c8d5cf-420b-147c-132a-a2d90b76536c,https://www.lib.u-tokyo.ac.jp/ja/library/contents/archives-top/reuse,https://iiif.dl.itc.u-tokyo.ac.jp/repo/files/medium/dbc16014bea6d4fa3ee80c0e08c5485a6c851db1.jpg,https://iiif.dl.itc.u-tokyo.ac.jp/repo/api/items/1001956,"東京大学総合図書館 General Library, The University of Tokyo, JAPAN",http://iiif.io/api/presentation/2#rightToLeftDirection,,総合図書館所蔵南葵文庫,0155,,https://iiif.dl.itc.u-tokyo.ac.jp/repo/iiif/f3c8d5cf-420b-147c-132a-a2d90b76536c/manifest,,,,,39
樋口殿之記 3巻 [3],A00:4292,ヒグチドノ ノ キ,樋口 宗氏,3,[山崎美成] [写],文政3 [1820] 奥書,図書,日本語,"写本|原奥書に「右樋口先生一帖不存外見可令秘藏者也 樋口殿ハ堂上新家六十三家之内高倉家ナリ二百石石薬師水流ノ角」とあり|奥書に「文政三年庚辰春 源美成」とあり|題簽による巻冊次表示: 上, 中, 下|毎半葉10行17字注文双行|傍注あり|朱筆書き入れあり|印記: 「好問堂」(山崎美成), 「坂田文庫」(坂田諸遠), 「紀伊恴川 南葵文庫」|虫損あり",http://tify.sub.uni-goettingen.de/demo.html?manifest=https://archdataset.dl.itc.u-tokyo.ac.jp/manifest/5dc4a263-7e4b-12d4-6169-df80f8d4042b.json,5dc4a263-7e4b-12d4-6169-df80f8d4042b,https://iiif.dl.itc.u-tokyo.ac.jp/repo/s/nanki/,https://iiif.dl.itc.u-tokyo.ac.jp/repo/s/nanki/document/5dc4a263-7e4b-12d4-6169-df80f8d4042b,https://www.lib.u-tokyo.ac.jp/ja/library/contents/archives-top/reuse,https://iiif.dl.itc.u-tokyo.ac.jp/repo/files/medium/3ca1777ac4bb37793c0a02ef3b9ef84f5794e41b.jpg,https://iiif.dl.itc.u-tokyo.ac.jp/repo/api/items/1001955,"東京大学総合図書館 General Library, The University of Tokyo, JAPAN",http://iiif.io/api/presentation/2#rightToLeftDirection,,総合図書館所蔵南葵文庫,0156,,https://iiif.dl.itc.u-tokyo.ac.jp/repo/iiif/5dc4a263-7e4b-12d4-6169-df80f8d4042b/manifest,,,,,38
大鏡 (存2巻) [1],A00:4293,オオカガミ,,3,[書写者不明],[江戸後期],図書,日本語,"写本|表紙の書名: 大鏡抄, 大鏡注|識語中の書名: 大鏡の抄|巻之2後見返しに「大鏡の抄は誰人の撰なる事を知らす ... 明治廾三年四月 陽春廬のあるし清矩しるす」との識語あり|毎半葉10行注文双行|朱点, 朱引あり|貼紙あり|印記: 「大行滿願海蔵」, 「元覺寺印」, 「不忍文庫」(屋代弘賢), 「阿波國文庫」(徳島藩蜂須賀家), 「陽春廬記」(小中村清矩), 「紀伊恴川 南葵文庫」|虫損あり",http://tify.sub.uni-goettingen.de/demo.html?manifest=https://archdataset.dl.itc.u-tokyo.ac.jp/manifest/fafd027e-0721-20b6-7a60-bc6f20797fad.json,fafd027e-0721-20b6-7a60-bc6f20797fad,https://iiif.dl.itc.u-tokyo.ac.jp/repo/s/nanki/,https://iiif.dl.itc.u-tokyo.ac.jp/repo/s/nanki/document/fafd027e-0721-20b6-7a60-bc6f20797fad,https://www.lib.u-tokyo.ac.jp/ja/library/contents/archives-top/reuse,https://iiif.dl.itc.u-tokyo.ac.jp/repo/files/medium/8f284fc6622a1c6f5df3955fa6cc27b33ebc48e4.jpg,https://iiif.dl.itc.u-tokyo.ac.jp/repo/api/items/1001954,"東京大学総合図書館 General Library, The University of Tokyo, JAPAN",http://iiif.io/api/presentation/2#rightToLeftDirection,,総合図書館所蔵南葵文庫,0157,,https://iiif.dl.itc.u-tokyo.ac.jp/repo/iiif/fafd027e-0721-20b6-7a60-bc6f20797fad/manifest,,,,,43
大鏡 (存2巻) [2],A00:4293,オオカガミ,,3,[書写者不明],[江戸後期],図書,日本語,"写本|表紙の書名: 大鏡抄, 大鏡注|識語中の書名: 大鏡の抄|巻之2後見返しに「大鏡の抄は誰人の撰なる事を知らす ... 明治廾三年四月 陽春廬のあるし清矩しるす」との識語あり|毎半葉10行注文双行|朱点, 朱引あり|貼紙あり|印記: 「大行滿願海蔵」, 「元覺寺印」, 「不忍文庫」(屋代弘賢), 「阿波國文庫」(徳島藩蜂須賀家), 「陽春廬記」(小中村清矩), 「紀伊恴川 南葵文庫」|虫損あり",http://tify.sub.uni-goettingen.de/demo.html?manifest=https://archdataset.dl.itc.u-tokyo.ac.jp/manifest/19a400b2-0fce-3794-3894-a5da09485ab5.json,19a400b2-0fce-3794-3894-a5da09485ab5,https://iiif.dl.itc.u-tokyo.ac.jp/repo/s/nanki/,https://iiif.dl.itc.u-tokyo.ac.jp/repo/s/nanki/document/19a400b2-0fce-3794-3894-a5da09485ab5,https://www.lib.u-tokyo.ac.jp/ja/library/contents/archives-top/reuse,https://iiif.dl.itc.u-tokyo.ac.jp/repo/files/medium/6645c8594248c8cc30c1ad0e376c78ebf10e915f.jpg,https://iiif.dl.itc.u-tokyo.ac.jp/repo/api/items/1001953,"東京大学総合図書館 General Library, The University of Tokyo, JAPAN",http://iiif.io/api/presentation/2#rightToLeftDirection,,総合図書館所蔵南葵文庫,0158,,https://iiif.dl.itc.u-tokyo.ac.jp/repo/iiif/19a400b2-0fce-3794-3894-a5da09485ab5/manifest,,,,,48
大鏡 (存2巻) [3],A00:4293,オオカガミ,,3,[書写者不明],[江戸後期],図書,日本語,"写本|表紙の書名: 大鏡抄, 大鏡注|識語中の書名: 大鏡の抄|巻之2後見返しに「大鏡の抄は誰人の撰なる事を知らす ... 明治廾三年四月 陽春廬のあるし清矩しるす」との識語あり|毎半葉10行注文双行|朱点, 朱引あり|貼紙あり|印記: 「大行滿願海蔵」, 「元覺寺印」, 「不忍文庫」(屋代弘賢), 「阿波國文庫」(徳島藩蜂須賀家), 「陽春廬記」(小中村清矩), 「紀伊恴川 南葵文庫」|虫損あり",http://tify.sub.uni-goettingen.de/demo.html?manifest=https://archdataset.dl.itc.u-tokyo.ac.jp/manifest/2b74ba19-3452-10c9-982d-075eb29f5919.json,2b74ba19-3452-10c9-982d-075eb29f5919,https://iiif.dl.itc.u-tokyo.ac.jp/repo/s/nanki/,https://iiif.dl.itc.u-tokyo.ac.jp/repo/s/nanki/document/2b74ba19-3452-10c9-982d-075eb29f5919,https://www.lib.u-tokyo.ac.jp/ja/library/contents/archives-top/reuse,https://iiif.dl.itc.u-tokyo.ac.jp/repo/files/medium/8668451aad4ea6707102a3fe5e93b8059fd7afff.jpg,https://iiif.dl.itc.u-tokyo.ac.jp/repo/api/items/1001952,"東京大学総合図書館 General Library, The University of Tokyo, JAPAN",http://iiif.io/api/presentation/2#rightToLeftDirection,,総合図書館所蔵南葵文庫,0159,,https://iiif.dl.itc.u-tokyo.ac.jp/repo/iiif/2b74ba19-3452-10c9-982d-075eb29f5919/manifest,,,,,39
壬戌羇旅漫録 2巻 [1],A00:4295,ジンジュツ キリョ マンロク,滝沢 馬琴,3,[曲亭馬琴] [自筆],享和2 [1802]-文化9 [1812],図書,日本語,"写本|目首の書名: 著作堂羇旅漫録|題簽の書名: 羇旅漫録|本文末に「享和二壬戌年八月廾四日筆同十一月朔日挍合畢 曲亭瀧澤觧戯記」とあり|[跋]末に「享和二壬戌年冬十一月二日 著作堂馬琴再識」, 「壬申春日 曲亭主人書」とあり|題簽による巻冊次表示: 上, 中, 下|毎半葉9行注文双行|朱墨筆書き入れあり|下巻後見返しに「坂田文庫」(坂田諸遠)の識語あり|印記: 「好問堂」(山崎美成), 「東都神田玉池安田文庫珍惜」, 「安田文庫祕不出閫外」, 「坂田文庫」(坂田諸遠), 「紀伊恴川 南葵文庫」|虫損あり",http://tify.sub.uni-goettingen.de/demo.html?manifest=https://archdataset.dl.itc.u-tokyo.ac.jp/manifest/b047fc5e-61a7-9c8f-9344-053245cb06c4.json,b047fc5e-61a7-9c8f-9344-053245cb06c4,https://iiif.dl.itc.u-tokyo.ac.jp/repo/s/nanki/,https://iiif.dl.itc.u-tokyo.ac.jp/repo/s/nanki/document/b047fc5e-61a7-9c8f-9344-053245cb06c4,https://www.lib.u-tokyo.ac.jp/ja/library/contents/archives-top/reuse,https://iiif.dl.itc.u-tokyo.ac.jp/repo/files/medium/fc33a0c47b9389792f6b1830901e789464dc3a01.jpg,https://iiif.dl.itc.u-tokyo.ac.jp/repo/api/items/1001951,"東京大学総合図書館 General Library, The University of Tokyo, JAPAN",http://iiif.io/api/presentation/2#rightToLeftDirection,,総合図書館所蔵南葵文庫,0160,,https://iiif.dl.itc.u-tokyo.ac.jp/repo/iiif/b047fc5e-61a7-9c8f-9344-053245cb06c4/manifest,,,,,45
壬戌羇旅漫録 2巻 [2],A00:4295,ジンジュツ キリョ マンロク,滝沢 馬琴,3,[曲亭馬琴] [自筆],享和2 [1802]-文化9 [1812],図書,日本語,"写本|目首の書名: 著作堂羇旅漫録|題簽の書名: 羇旅漫録|本文末に「享和二壬戌年八月廾四日筆同十一月朔日挍合畢 曲亭瀧澤觧戯記」とあり|[跋]末に「享和二壬戌年冬十一月二日 著作堂馬琴再識」, 「壬申春日 曲亭主人書」とあり|題簽による巻冊次表示: 上, 中, 下|毎半葉9行注文双行|朱墨筆書き入れあり|下巻後見返しに「坂田文庫」(坂田諸遠)の識語あり|印記: 「好問堂」(山崎美成), 「東都神田玉池安田文庫珍惜」, 「安田文庫祕不出閫外」, 「坂田文庫」(坂田諸遠), 「紀伊恴川 南葵文庫」|虫損あり",http://tify.sub.uni-goettingen.de/demo.html?manifest=https://archdataset.dl.itc.u-tokyo.ac.jp/manifest/a506c60b-9c34-4c1f-0478-e52605252f9d.json,a506c60b-9c34-4c1f-0478-e52605252f9d,https://iiif.dl.itc.u-tokyo.ac.jp/repo/s/nanki/,https://iiif.dl.itc.u-tokyo.ac.jp/repo/s/nanki/document/a506c60b-9c34-4c1f-0478-e52605252f9d,https://www.lib.u-tokyo.ac.jp/ja/library/contents/archives-top/reuse,https://iiif.dl.itc.u-tokyo.ac.jp/repo/files/medium/3d31fb0450f41308f436ef4e47c1dc6ac347b6fd.jpg,https://iiif.dl.itc.u-tokyo.ac.jp/repo/api/items/1001950,"東京大学総合図書館 General Library, The University of Tokyo, JAPAN",http://iiif.io/api/presentation/2#rightToLeftDirection,,総合図書館所蔵南葵文庫,0161,,https://iiif.dl.itc.u-tokyo.ac.jp/repo/iiif/a506c60b-9c34-4c1f-0478-e52605252f9d/manifest,,,,,50
壬戌羇旅漫録 2巻 [3],A00:4295,ジンジュツ キリョ マンロク,滝沢 馬琴,3,[曲亭馬琴] [自筆],享和2 [1802]-文化9 [1812],図書,日本語,"写本|目首の書名: 著作堂羇旅漫録|題簽の書名: 羇旅漫録|本文末に「享和二壬戌年八月廾四日筆同十一月朔日挍合畢 曲亭瀧澤觧戯記」とあり|[跋]末に「享和二壬戌年冬十一月二日 著作堂馬琴再識」, 「壬申春日 曲亭主人書」とあり|題簽による巻冊次表示: 上, 中, 下|毎半葉9行注文双行|朱墨筆書き入れあり|下巻後見返しに「坂田文庫」(坂田諸遠)の識語あり|印記: 「好問堂」(山崎美成), 「東都神田玉池安田文庫珍惜」, 「安田文庫祕不出閫外」, 「坂田文庫」(坂田諸遠), 「紀伊恴川 南葵文庫」|虫損あり",http://tify.sub.uni-goettingen.de/demo.html?manifest=https://archdataset.dl.itc.u-tokyo.ac.jp/manifest/e77cbfbb-52fd-18da-891a-b334ea1fa43d.json,e77cbfbb-52fd-18da-891a-b334ea1fa43d,https://iiif.dl.itc.u-tokyo.ac.jp/repo/s/nanki/,https://iiif.dl.itc.u-tokyo.ac.jp/repo/s/nanki/document/e77cbfbb-52fd-18da-891a-b334ea1fa43d,https://www.lib.u-tokyo.ac.jp/ja/library/contents/archives-top/reuse,https://iiif.dl.itc.u-tokyo.ac.jp/repo/files/medium/d668776bad2fa10a0495e7f6fb37806e4918d71a.jpg,https://iiif.dl.itc.u-tokyo.ac.jp/repo/api/items/1001949,"東京大学総合図書館 General Library, The University of Tokyo, JAPAN",http://iiif.io/api/presentation/2#rightToLeftDirection,,総合図書館所蔵南葵文庫,0162,,https://iiif.dl.itc.u-tokyo.ac.jp/repo/iiif/e77cbfbb-52fd-18da-891a-b334ea1fa43d/manifest,,,,,62
明徳記 3巻,A00:4296,メイトクキ,,1,[出版者不明],寛永9 [1632],図書,日本語,"刊記に「寛永九年壬辛季冬吉日刋行」とあり|四周双辺無界12行, 内匡廓: 21.7×16.9cm, 中黒口双花魚尾|付訓あり|墨筆書き入れあり|覆古活字本|原3冊を1冊に合綴|印記: 「古賓齋」, 「紀伊恴川 南葵文庫」|虫損あり (裏打ち補修あり)",http://tify.sub.uni-goettingen.de/demo.html?manifest=https://archdataset.dl.itc.u-tokyo.ac.jp/manifest/b2f0e4be-54f9-29a0-6b8f-67f817574f96.json,b2f0e4be-54f9-29a0-6b8f-67f817574f96,https://iiif.dl.itc.u-tokyo.ac.jp/repo/s/nanki/,https://iiif.dl.itc.u-tokyo.ac.jp/repo/s/nanki/document/b2f0e4be-54f9-29a0-6b8f-67f817574f96,https://www.lib.u-tokyo.ac.jp/ja/library/contents/archives-top/reuse,https://iiif.dl.itc.u-tokyo.ac.jp/repo/files/medium/9ca58e596ccd6636f1a4f73ca1aaea755bb1125c.jpg,https://iiif.dl.itc.u-tokyo.ac.jp/repo/api/items/1001948,"東京大学総合図書館 General Library, The University of Tokyo, JAPAN",http://iiif.io/api/presentation/2#rightToLeftDirection,,総合図書館所蔵南葵文庫,0163,,https://iiif.dl.itc.u-tokyo.ac.jp/repo/iiif/b2f0e4be-54f9-29a0-6b8f-67f817574f96/manifest,,,,,79
四神地名録 9巻附録1巻 [1],A00:4297,シシン チメイロク,古川 古松軒,3,[古川辰] [自筆],寛政6 [1794] 序,図書,日本語,"写本|書名は大尾による|小口書: 四神|序末に「于時寛政六つのとし夏六月 黄薇山人古松軒辰謹誌」とあり|題簽による巻冊次表示: 1, 2, 3|毎半葉10-13行|筆彩あり|付箋あり|印記: 「阪田文庫」(坂田諸遠), 「紀伊恴川 南葵文庫」|虫損あり",http://tify.sub.uni-goettingen.de/demo.html?manifest=https://archdataset.dl.itc.u-tokyo.ac.jp/manifest/0bcd94e0-38bd-5238-0ead-c09c7d8101c5.json,0bcd94e0-38bd-5238-0ead-c09c7d8101c5,https://iiif.dl.itc.u-tokyo.ac.jp/repo/s/nanki/,https://iiif.dl.itc.u-tokyo.ac.jp/repo/s/nanki/document/0bcd94e0-38bd-5238-0ead-c09c7d8101c5,https://www.lib.u-tokyo.ac.jp/ja/library/contents/archives-top/reuse,https://iiif.dl.itc.u-tokyo.ac.jp/repo/files/medium/2eddaff68a1b3c353f8575cb35b62cc0ec45d66f.jpg,https://iiif.dl.itc.u-tokyo.ac.jp/repo/api/items/1001947,"東京大学総合図書館 General Library, The University of Tokyo, JAPAN",http://iiif.io/api/presentation/2#rightToLeftDirection,,総合図書館所蔵南葵文庫,0164,,https://iiif.dl.itc.u-tokyo.ac.jp/repo/iiif/0bcd94e0-38bd-5238-0ead-c09c7d8101c5/manifest,,,,,77
四神地名録 9巻附録1巻 [2],A00:4297,シシン チメイロク,古川 古松軒,3,[古川辰] [自筆],寛政6 [1794] 序,図書,日本語,"写本|書名は大尾による|小口書: 四神|序末に「于時寛政六つのとし夏六月 黄薇山人古松軒辰謹誌」とあり|題簽による巻冊次表示: 1, 2, 3|毎半葉10-13行|筆彩あり|付箋あり|印記: 「阪田文庫」(坂田諸遠), 「紀伊恴川 南葵文庫」|虫損あり",http://tify.sub.uni-goettingen.de/demo.html?manifest=https://archdataset.dl.itc.u-tokyo.ac.jp/manifest/889d9054-723f-4e70-5d8b-3db40eba9ef6.json,889d9054-723f-4e70-5d8b-3db40eba9ef6,https://iiif.dl.itc.u-tokyo.ac.jp/repo/s/nanki/,https://iiif.dl.itc.u-tokyo.ac.jp/repo/s/nanki/document/889d9054-723f-4e70-5d8b-3db40eba9ef6,https://www.lib.u-tokyo.ac.jp/ja/library/contents/archives-top/reuse,https://iiif.dl.itc.u-tokyo.ac.jp/repo/files/medium/4194ffd1f37230d0137396fc73769b74dd9296e5.jpg,https://iiif.dl.itc.u-tokyo.ac.jp/repo/api/items/1001946,"東京大学総合図書館 General Library, The University of Tokyo, JAPAN",http://iiif.io/api/presentation/2#rightToLeftDirection,,総合図書館所蔵南葵文庫,0165,,https://iiif.dl.itc.u-tokyo.ac.jp/repo/iiif/889d9054-723f-4e70-5d8b-3db40eba9ef6/manifest,,,,,72
四神地名録 9巻附録1巻 [3],A00:4297,シシン チメイロク,古川 古松軒,3,[古川辰] [自筆],寛政6 [1794] 序,図書,日本語,"写本|書名は大尾による|小口書: 四神|序末に「于時寛政六つのとし夏六月 黄薇山人古松軒辰謹誌」とあり|題簽による巻冊次表示: 1, 2, 3|毎半葉10-13行|筆彩あり|付箋あり|印記: 「阪田文庫」(坂田諸遠), 「紀伊恴川 南葵文庫」|虫損あり",http://tify.sub.uni-goettingen.de/demo.html?manifest=https://archdataset.dl.itc.u-tokyo.ac.jp/manifest/841c19f4-00ce-8d25-8723-75641d4060c4.json,841c19f4-00ce-8d25-8723-75641d4060c4,https://iiif.dl.itc.u-tokyo.ac.jp/repo/s/nanki/,https://iiif.dl.itc.u-tokyo.ac.jp/repo/s/nanki/document/841c19f4-00ce-8d25-8723-75641d4060c4,https://www.lib.u-tokyo.ac.jp/ja/library/contents/archives-top/reuse,https://iiif.dl.itc.u-tokyo.ac.jp/repo/files/medium/78975c33ec23ae6db94594844072ae3e87011810.jpg,https://iiif.dl.itc.u-tokyo.ac.jp/repo/api/items/1001945,"東京大学総合図書館 General Library, The University of Tokyo, JAPAN",http://iiif.io/api/presentation/2#rightToLeftDirection,,総合図書館所蔵南葵文庫,0166,,https://iiif.dl.itc.u-tokyo.ac.jp/repo/iiif/841c19f4-00ce-8d25-8723-75641d4060c4/manifest,,,,,74
薩摩國風土記,A00:4298,サツマノクニ フドキ,阿多 六郎右衞門,1,太田南畝 [写],[江戸後期],図書,日本語,"写本|書名は表紙による|小口書: 薩摩国風圡記|扉の裏に「此書ハ太田南畝其姪某ニモ寫サセ自モ寫セシ合せて卒業ノ一本ナルヲ外務権少録高麗環カ家ニ所藏ス ... 于時明治五年歳在壬申冬十月念七日外務権大録坂田諸遠」との識語あり (「中原諸遠」との落款朱印あり)|内容: 正徳六丙申年薩摩國大隅國日向國諸縣郡領内陰通番所江渡置候書附写, 日向國沃肥領番所關, 正徳六丙申年薩广國大隅國日向國諸縣郡領内津口番所江渡置候書附写, 享保元丙申年薩广國大隅國嶋々番所江渡置候書附写, 正徳六丙申年薩摩國大隅國日向國諸縣郡領内異國舩番所并遠見番所江渡置候書附写, 享保元丙申年薩广國大隅國嶋々番所建置候場所|毎半葉9行|印記: 「南畝文庫」(大田南畝), 「坂田文庫」(坂田諸遠), 「紀伊恴川 南葵文庫」|虫損あり (裏打ち補修あり)",http://tify.sub.uni-goettingen.de/demo.html?manifest=https://archdataset.dl.itc.u-tokyo.ac.jp/manifest/e0751761-7928-6883-78ef-752833e964b9.json,e0751761-7928-6883-78ef-752833e964b9,https://iiif.dl.itc.u-tokyo.ac.jp/repo/s/nanki/,https://iiif.dl.itc.u-tokyo.ac.jp/repo/s/nanki/document/e0751761-7928-6883-78ef-752833e964b9,https://www.lib.u-tokyo.ac.jp/ja/library/contents/archives-top/reuse,https://iiif.dl.itc.u-tokyo.ac.jp/repo/files/medium/ded83406ccd1797d15cedbc4bd5d887257f136e3.jpg,https://iiif.dl.itc.u-tokyo.ac.jp/repo/api/items/1001944,"東京大学総合図書館 General Library, The University of Tokyo, JAPAN",http://iiif.io/api/presentation/2#rightToLeftDirection,,総合図書館所蔵南葵文庫,0167,,https://iiif.dl.itc.u-tokyo.ac.jp/repo/iiif/e0751761-7928-6883-78ef-752833e964b9/manifest,,,,,41
金仙寺殿記録残闕,A00:4299,キンセンジドノ キロク ザンケツ,伊勢 貞国,1,伊勢貞益 [写],[江戸中期],図書,日本語,"写本|書名は後付題簽による|小口書: 金仙殿記録残闕|奥書に「右此一卷以高祖父貞国自筆書之訖 ... 明應二年二月十三日伊勢守貞宗在判」, 「此記先祖直筆予又以自筆写之処可實記者也 伊勢兵庫貞衡判」とあり|巻末識語に「此本父貞益所新写也古来傳冩之誤不少也今朱愚意了 伊勢平藏貞丈録」との朱書あり|毎半葉8行|訓点付|朱筆書き入れあり|印記: 「阪田文庫」(坂田諸遠), 「紀伊恴川 南葵文庫」|虫損あり (裏打ち補修あり)",http://tify.sub.uni-goettingen.de/demo.html?manifest=https://archdataset.dl.itc.u-tokyo.ac.jp/manifest/b68ce4f3-4102-9b67-a344-67880bda0630.json,b68ce4f3-4102-9b67-a344-67880bda0630,https://iiif.dl.itc.u-tokyo.ac.jp/repo/s/nanki/,https://iiif.dl.itc.u-tokyo.ac.jp/repo/s/nanki/document/b68ce4f3-4102-9b67-a344-67880bda0630,https://www.lib.u-tokyo.ac.jp/ja/library/contents/archives-top/reuse,https://iiif.dl.itc.u-tokyo.ac.jp/repo/files/medium/9808967f15d93d19b37a323f03b17b041bad79c1.jpg,https://iiif.dl.itc.u-tokyo.ac.jp/repo/api/items/1001943,"東京大学総合図書館 General Library, The University of Tokyo, JAPAN",http://iiif.io/api/presentation/2#rightToLeftDirection,,総合図書館所蔵南葵文庫,0168,,https://iiif.dl.itc.u-tokyo.ac.jp/repo/iiif/b68ce4f3-4102-9b67-a344-67880bda0630/manifest,,,,,22
﨑鎮八絶,A00:4300,キチン ハチゼツ,大田 南畝,1,[大田南畝] [自筆],文化元 [1804],図書,日本語,"写本|書名は扉による|題簽の書名: 嵜鎮八絶|巻末に「文化甲子仲冬 南畝覃」とあり|毎半葉5行|挿図(半丁): 8図|筆彩あり|印記: 「渡邊家藏書畫」, 「坂田文庫」(坂田諸遠), 「紀伊恴川 南葵文庫」|虫損あり",http://tify.sub.uni-goettingen.de/demo.html?manifest=https://archdataset.dl.itc.u-tokyo.ac.jp/manifest/50acb30c-92be-7c4b-0aef-8052897d911d.json,50acb30c-92be-7c4b-0aef-8052897d911d,https://iiif.dl.itc.u-tokyo.ac.jp/repo/s/nanki/,https://iiif.dl.itc.u-tokyo.ac.jp/repo/s/nanki/document/50acb30c-92be-7c4b-0aef-8052897d911d,https://www.lib.u-tokyo.ac.jp/ja/library/contents/archives-top/reuse,https://iiif.dl.itc.u-tokyo.ac.jp/repo/files/medium/7e665e5a9367f2134297406112f6003d396c49f4.jpg,https://iiif.dl.itc.u-tokyo.ac.jp/repo/api/items/1001942,"東京大学総合図書館 General Library, The University of Tokyo, JAPAN",http://iiif.io/api/presentation/2#rightToLeftDirection,,総合図書館所蔵南葵文庫,0169,,https://iiif.dl.itc.u-tokyo.ac.jp/repo/iiif/50acb30c-92be-7c4b-0aef-8052897d911d/manifest,,,,,16
隠秘録 5巻,A00:4301,インピロク,,1,[書写者不明],[江戸中期],図書,日本語,"写本|題簽の書名: 諸家隱秘録|巻末識語に「諸家隠秘録不知何人所著蓋擬馬文耕四秘録而作也 ... 文政二年己夘季夏十二日於書肆萬屋収淂七十一叟杏花園」とあり (「緇帷之林」, 「杏華園」との落款朱印あり)|毎半葉7行|印記: 「瀬邊茂信」, 「南畝文庫」, 「大田氏臧書」(大田南畝), 「紀伊恴川 南葵文庫」|虫損あり",http://tify.sub.uni-goettingen.de/demo.html?manifest=https://archdataset.dl.itc.u-tokyo.ac.jp/manifest/435ccdbd-044a-0d31-383f-972ee723493f.json,435ccdbd-044a-0d31-383f-972ee723493f,https://iiif.dl.itc.u-tokyo.ac.jp/repo/s/nanki/,https://iiif.dl.itc.u-tokyo.ac.jp/repo/s/nanki/document/435ccdbd-044a-0d31-383f-972ee723493f,https://www.lib.u-tokyo.ac.jp/ja/library/contents/archives-top/reuse,https://iiif.dl.itc.u-tokyo.ac.jp/repo/files/medium/caf35a0affe9baac88d08ba45df610bb1f97e2f7.jpg,https://iiif.dl.itc.u-tokyo.ac.jp/repo/api/items/1001941,"東京大学総合図書館 General Library, The University of Tokyo, JAPAN",http://iiif.io/api/presentation/2#rightToLeftDirection,,総合図書館所蔵南葵文庫,0170,,https://iiif.dl.itc.u-tokyo.ac.jp/repo/iiif/435ccdbd-044a-0d31-383f-972ee723493f/manifest,,,,,114
上月記外諸家系図,A00:4302,コウズキキ ホカ ショカ ケイズ,堀 秀世,1,[書写者不明],[江戸後期],図書,日本語,"写本|書名は小口書による|表紙の書名(朱書): 諸家々系|「家系附録序説」の扉書名: 系譜序説|「家系附録序説」の題簽書名: 岩松家系附録序説|「上月記」の奥書に「此書摂刕大坂天滿川﨑九昌院藏本也」とあり|「家系附録序説」末に「右白石先生代作岩枀家系附録一冊者平元成真蹟稿夲也令人摹写之一挍了文化十四年八月十九日松齋」との朱筆識語あり|その他雑録あり|印記: 「白□」(重福), 「彦たか記」, 「紀伊恴川 南葵文庫」|虫損あり",http://tify.sub.uni-goettingen.de/demo.html?manifest=https://archdataset.dl.itc.u-tokyo.ac.jp/manifest/6341a003-6d3e-7cb0-2376-c9de973a495c.json,6341a003-6d3e-7cb0-2376-c9de973a495c,https://iiif.dl.itc.u-tokyo.ac.jp/repo/s/nanki/,https://iiif.dl.itc.u-tokyo.ac.jp/repo/s/nanki/document/6341a003-6d3e-7cb0-2376-c9de973a495c,https://www.lib.u-tokyo.ac.jp/ja/library/contents/archives-top/reuse,https://iiif.dl.itc.u-tokyo.ac.jp/repo/files/medium/e68fcf35504e7745f2b87cb8b9fbf22dc464017a.jpg,https://iiif.dl.itc.u-tokyo.ac.jp/repo/api/items/1001940,"東京大学総合図書館 General Library, The University of Tokyo, JAPAN",http://iiif.io/api/presentation/2#rightToLeftDirection,,総合図書館所蔵南葵文庫,0171,,https://iiif.dl.itc.u-tokyo.ac.jp/repo/iiif/6341a003-6d3e-7cb0-2376-c9de973a495c/manifest,,,,,65
曾文定公全集 20巻首1巻末1巻 [1],A00:4311,ソウ ブンテイコウ ゼンシュウ,曾 鞏,8,[戴晟],康熙36 [1697] 跋,図書,中国語,"序首の書名: 曾南豐先生文集|18-20, 末卷の目首書名: 曾文定公詩集|跋の書名: 元豐類稾, 新刻曾南豐先生集|版心の書名: 曾文定公集|帙題簽の書名(佐久間象山手筆): 曾南豐先生全集|序末に「康熙壬申仲冬既望後學湯來賁撰」, 「余同年友彭君毅齋重刊南豐曾文定公集成問序於余 ... 康熙三十二年癸酉端陽後一日平干王謙拜題於洪州官舎」とあり|跋に「録未刻七篇送毅齋先生補刋集中傳之久遠 ... 康熙丁丑歳閏月八日山陽後學戴晟謹識」とあり|跋末の識語に「丁丑客遊淮陰邑侯鄭父母傳示遺文七篇爲山陽戴君晦夫所蒐輯者 ... 期謹識」とあり|左右双辺有界9行20字, 内匡廓: 20.4×12.3cm, 白口単黒魚尾|頭注あり|圏点あり|拠康熙31(1692)彭期刊本補刻|印記: 「惠震之書」, 「禄」, 「象山書院」(佐久間象山), 「前島氏」, 「篁村島田氏家藏圖書」, 「島田氏雙桂樓収臧」(島田篁村), 「南葵文庫」|虫損あり (裏打ち補修あり)",http://tify.sub.uni-goettingen.de/demo.html?manifest=https://archdataset.dl.itc.u-tokyo.ac.jp/manifest/f62877d1-0217-84fb-3b41-c0e255486b56.json,f62877d1-0217-84fb-3b41-c0e255486b56,https://iiif.dl.itc.u-tokyo.ac.jp/repo/s/nanki/,https://iiif.dl.itc.u-tokyo.ac.jp/repo/s/nanki/document/f62877d1-0217-84fb-3b41-c0e255486b56,https://www.lib.u-tokyo.ac.jp/ja/library/contents/archives-top/reuse,https://iiif.dl.itc.u-tokyo.ac.jp/repo/files/medium/90b2ebc73f0a26eae84fb65b23587ff5ac3705c2.jpg,https://iiif.dl.itc.u-tokyo.ac.jp/repo/api/items/1001939,"東京大学総合図書館 General Library, The University of Tokyo, JAPAN",http://iiif.io/api/presentation/2#rightToLeftDirection,,総合図書館所蔵南葵文庫,0172,,https://iiif.dl.itc.u-tokyo.ac.jp/repo/iiif/f62877d1-0217-84fb-3b41-c0e255486b56/manifest,,,,,142
曾文定公全集 20巻首1巻末1巻 [2],A00:4311,ソウ ブンテイコウ ゼンシュウ,曾 鞏,8,[戴晟],康熙36 [1697] 跋,図書,中国語,"序首の書名: 曾南豐先生文集|18-20, 末卷の目首書名: 曾文定公詩集|跋の書名: 元豐類稾, 新刻曾南豐先生集|版心の書名: 曾文定公集|帙題簽の書名(佐久間象山手筆): 曾南豐先生全集|序末に「康熙壬申仲冬既望後學湯來賁撰」, 「余同年友彭君毅齋重刊南豐曾文定公集成問序於余 ... 康熙三十二年癸酉端陽後一日平干王謙拜題於洪州官舎」とあり|跋に「録未刻七篇送毅齋先生補刋集中傳之久遠 ... 康熙丁丑歳閏月八日山陽後學戴晟謹識」とあり|跋末の識語に「丁丑客遊淮陰邑侯鄭父母傳示遺文七篇爲山陽戴君晦夫所蒐輯者 ... 期謹識」とあり|左右双辺有界9行20字, 内匡廓: 20.4×12.3cm, 白口単黒魚尾|頭注あり|圏点あり|拠康熙31(1692)彭期刊本補刻|印記: 「惠震之書」, 「禄」, 「象山書院」(佐久間象山), 「前島氏」, 「篁村島田氏家藏圖書」, 「島田氏雙桂樓収臧」(島田篁村), 「南葵文庫」|虫損あり (裏打ち補修あり)",http://tify.sub.uni-goettingen.de/demo.html?manifest=https://archdataset.dl.itc.u-tokyo.ac.jp/manifest/bf5e9574-8519-3f96-795f-aba51f521315.json,bf5e9574-8519-3f96-795f-aba51f521315,https://iiif.dl.itc.u-tokyo.ac.jp/repo/s/nanki/,https://iiif.dl.itc.u-tokyo.ac.jp/repo/s/nanki/document/bf5e9574-8519-3f96-795f-aba51f521315,https://www.lib.u-tokyo.ac.jp/ja/library/contents/archives-top/reuse,https://iiif.dl.itc.u-tokyo.ac.jp/repo/files/medium/574a0b238f81fadf2758e02b48639d12d34c64b6.jpg,https://iiif.dl.itc.u-tokyo.ac.jp/repo/api/items/1001938,"東京大学総合図書館 General Library, The University of Tokyo, JAPAN",http://iiif.io/api/presentation/2#rightToLeftDirection,,総合図書館所蔵南葵文庫,0173,,https://iiif.dl.itc.u-tokyo.ac.jp/repo/iiif/bf5e9574-8519-3f96-795f-aba51f521315/manifest,,,,,137
曾文定公全集 20巻首1巻末1巻 [3],A00:4311,ソウ ブンテイコウ ゼンシュウ,曾 鞏,8,[戴晟],康熙36 [1697] 跋,図書,中国語,"序首の書名: 曾南豐先生文集|18-20, 末卷の目首書名: 曾文定公詩集|跋の書名: 元豐類稾, 新刻曾南豐先生集|版心の書名: 曾文定公集|帙題簽の書名(佐久間象山手筆): 曾南豐先生全集|序末に「康熙壬申仲冬既望後學湯來賁撰」, 「余同年友彭君毅齋重刊南豐曾文定公集成問序於余 ... 康熙三十二年癸酉端陽後一日平干王謙拜題於洪州官舎」とあり|跋に「録未刻七篇送毅齋先生補刋集中傳之久遠 ... 康熙丁丑歳閏月八日山陽後學戴晟謹識」とあり|跋末の識語に「丁丑客遊淮陰邑侯鄭父母傳示遺文七篇爲山陽戴君晦夫所蒐輯者 ... 期謹識」とあり|左右双辺有界9行20字, 内匡廓: 20.4×12.3cm, 白口単黒魚尾|頭注あり|圏点あり|拠康熙31(1692)彭期刊本補刻|印記: 「惠震之書」, 「禄」, 「象山書院」(佐久間象山), 「前島氏」, 「篁村島田氏家藏圖書」, 「島田氏雙桂樓収臧」(島田篁村), 「南葵文庫」|虫損あり (裏打ち補修あり)",http://tify.sub.uni-goettingen.de/demo.html?manifest=https://archdataset.dl.itc.u-tokyo.ac.jp/manifest/19ff419f-04e3-308f-6c42-df1592ca3f1f.json,19ff419f-04e3-308f-6c42-df1592ca3f1f,https://iiif.dl.itc.u-tokyo.ac.jp/repo/s/nanki/,https://iiif.dl.itc.u-tokyo.ac.jp/repo/s/nanki/document/19ff419f-04e3-308f-6c42-df1592ca3f1f,https://www.lib.u-tokyo.ac.jp/ja/library/contents/archives-top/reuse,https://iiif.dl.itc.u-tokyo.ac.jp/repo/files/medium/93d06090185e4515ebb5f3bcaa737d9fc83ad01a.jpg,https://iiif.dl.itc.u-tokyo.ac.jp/repo/api/items/1001937,"東京大学総合図書館 General Library, The University of Tokyo, JAPAN",http://iiif.io/api/presentation/2#rightToLeftDirection,,総合図書館所蔵南葵文庫,0174,,https://iiif.dl.itc.u-tokyo.ac.jp/repo/iiif/19ff419f-04e3-308f-6c42-df1592ca3f1f/manifest,,,,,155
曾文定公全集 20巻首1巻末1巻 [4],A00:4311,ソウ ブンテイコウ ゼンシュウ,曾 鞏,8,[戴晟],康熙36 [1697] 跋,図書,中国語,"序首の書名: 曾南豐先生文集|18-20, 末卷の目首書名: 曾文定公詩集|跋の書名: 元豐類稾, 新刻曾南豐先生集|版心の書名: 曾文定公集|帙題簽の書名(佐久間象山手筆): 曾南豐先生全集|序末に「康熙壬申仲冬既望後學湯來賁撰」, 「余同年友彭君毅齋重刊南豐曾文定公集成問序於余 ... 康熙三十二年癸酉端陽後一日平干王謙拜題於洪州官舎」とあり|跋に「録未刻七篇送毅齋先生補刋集中傳之久遠 ... 康熙丁丑歳閏月八日山陽後學戴晟謹識」とあり|跋末の識語に「丁丑客遊淮陰邑侯鄭父母傳示遺文七篇爲山陽戴君晦夫所蒐輯者 ... 期謹識」とあり|左右双辺有界9行20字, 内匡廓: 20.4×12.3cm, 白口単黒魚尾|頭注あり|圏点あり|拠康熙31(1692)彭期刊本補刻|印記: 「惠震之書」, 「禄」, 「象山書院」(佐久間象山), 「前島氏」, 「篁村島田氏家藏圖書」, 「島田氏雙桂樓収臧」(島田篁村), 「南葵文庫」|虫損あり (裏打ち補修あり)",http://tify.sub.uni-goettingen.de/demo.html?manifest=https://archdataset.dl.itc.u-tokyo.ac.jp/manifest/b03f6d61-5958-7efc-45bc-dca37785585e.json,b03f6d61-5958-7efc-45bc-dca37785585e,https://iiif.dl.itc.u-tokyo.ac.jp/repo/s/nanki/,https://iiif.dl.itc.u-tokyo.ac.jp/repo/s/nanki/document/b03f6d61-5958-7efc-45bc-dca37785585e,https://www.lib.u-tokyo.ac.jp/ja/library/contents/archives-top/reuse,https://iiif.dl.itc.u-tokyo.ac.jp/repo/files/medium/47ff9fe71e0240db85da728b2462c5b9f475a283.jpg,https://iiif.dl.itc.u-tokyo.ac.jp/repo/api/items/1001936,"東京大学総合図書館 General Library, The University of Tokyo, JAPAN",http://iiif.io/api/presentation/2#rightToLeftDirection,,総合図書館所蔵南葵文庫,0175,,https://iiif.dl.itc.u-tokyo.ac.jp/repo/iiif/b03f6d61-5958-7efc-45bc-dca37785585e/manifest,,,,,130
曾文定公全集 20巻首1巻末1巻 [5],A00:4311,ソウ ブンテイコウ ゼンシュウ,曾 鞏,8,[戴晟],康熙36 [1697] 跋,図書,中国語,"序首の書名: 曾南豐先生文集|18-20, 末卷の目首書名: 曾文定公詩集|跋の書名: 元豐類稾, 新刻曾南豐先生集|版心の書名: 曾文定公集|帙題簽の書名(佐久間象山手筆): 曾南豐先生全集|序末に「康熙壬申仲冬既望後學湯來賁撰」, 「余同年友彭君毅齋重刊南豐曾文定公集成問序於余 ... 康熙三十二年癸酉端陽後一日平干王謙拜題於洪州官舎」とあり|跋に「録未刻七篇送毅齋先生補刋集中傳之久遠 ... 康熙丁丑歳閏月八日山陽後學戴晟謹識」とあり|跋末の識語に「丁丑客遊淮陰邑侯鄭父母傳示遺文七篇爲山陽戴君晦夫所蒐輯者 ... 期謹識」とあり|左右双辺有界9行20字, 内匡廓: 20.4×12.3cm, 白口単黒魚尾|頭注あり|圏点あり|拠康熙31(1692)彭期刊本補刻|印記: 「惠震之書」, 「禄」, 「象山書院」(佐久間象山), 「前島氏」, 「篁村島田氏家藏圖書」, 「島田氏雙桂樓収臧」(島田篁村), 「南葵文庫」|虫損あり (裏打ち補修あり)",http://tify.sub.uni-goettingen.de/demo.html?manifest=https://archdataset.dl.itc.u-tokyo.ac.jp/manifest/01e80270-27b1-6036-3fe0-b771c1e42f48.json,01e80270-27b1-6036-3fe0-b771c1e42f48,https://iiif.dl.itc.u-tokyo.ac.jp/repo/s/nanki/,https://iiif.dl.itc.u-tokyo.ac.jp/repo/s/nanki/document/01e80270-27b1-6036-3fe0-b771c1e42f48,https://www.lib.u-tokyo.ac.jp/ja/library/contents/archives-top/reuse,https://iiif.dl.itc.u-tokyo.ac.jp/repo/files/medium/932536c5cb24fb3472663de332ef235cb1f9afe3.jpg,https://iiif.dl.itc.u-tokyo.ac.jp/repo/api/items/1001935,"東京大学総合図書館 General Library, The University of Tokyo, JAPAN",http://iiif.io/api/presentation/2#rightToLeftDirection,,総合図書館所蔵南葵文庫,0176,,https://iiif.dl.itc.u-tokyo.ac.jp/repo/iiif/01e80270-27b1-6036-3fe0-b771c1e42f48/manifest,,,,,140
曾文定公全集 20巻首1巻末1巻 [6],A00:4311,ソウ ブンテイコウ ゼンシュウ,曾 鞏,8,[戴晟],康熙36 [1697] 跋,図書,中国語,"序首の書名: 曾南豐先生文集|18-20, 末卷の目首書名: 曾文定公詩集|跋の書名: 元豐類稾, 新刻曾南豐先生集|版心の書名: 曾文定公集|帙題簽の書名(佐久間象山手筆): 曾南豐先生全集|序末に「康熙壬申仲冬既望後學湯來賁撰」, 「余同年友彭君毅齋重刊南豐曾文定公集成問序於余 ... 康熙三十二年癸酉端陽後一日平干王謙拜題於洪州官舎」とあり|跋に「録未刻七篇送毅齋先生補刋集中傳之久遠 ... 康熙丁丑歳閏月八日山陽後學戴晟謹識」とあり|跋末の識語に「丁丑客遊淮陰邑侯鄭父母傳示遺文七篇爲山陽戴君晦夫所蒐輯者 ... 期謹識」とあり|左右双辺有界9行20字, 内匡廓: 20.4×12.3cm, 白口単黒魚尾|頭注あり|圏点あり|拠康熙31(1692)彭期刊本補刻|印記: 「惠震之書」, 「禄」, 「象山書院」(佐久間象山), 「前島氏」, 「篁村島田氏家藏圖書」, 「島田氏雙桂樓収臧」(島田篁村), 「南葵文庫」|虫損あり (裏打ち補修あり)",http://tify.sub.uni-goettingen.de/demo.html?manifest=https://archdataset.dl.itc.u-tokyo.ac.jp/manifest/71c8656c-186b-8d8b-6267-11661a1984d9.json,71c8656c-186b-8d8b-6267-11661a1984d9,https://iiif.dl.itc.u-tokyo.ac.jp/repo/s/nanki/,https://iiif.dl.itc.u-tokyo.ac.jp/repo/s/nanki/document/71c8656c-186b-8d8b-6267-11661a1984d9,https://www.lib.u-tokyo.ac.jp/ja/library/contents/archives-top/reuse,https://iiif.dl.itc.u-tokyo.ac.jp/repo/files/medium/e9bd453a5dab24bd53fd5ed05066752f79102953.jpg,https://iiif.dl.itc.u-tokyo.ac.jp/repo/api/items/1001934,"東京大学総合図書館 General Library, The University of Tokyo, JAPAN",http://iiif.io/api/presentation/2#rightToLeftDirection,,総合図書館所蔵南葵文庫,0177,,https://iiif.dl.itc.u-tokyo.ac.jp/repo/iiif/71c8656c-186b-8d8b-6267-11661a1984d9/manifest,,,,,123
曾文定公全集 20巻首1巻末1巻 [7],A00:4311,ソウ ブンテイコウ ゼンシュウ,曾 鞏,8,[戴晟],康熙36 [1697] 跋,図書,中国語,"序首の書名: 曾南豐先生文集|18-20, 末卷の目首書名: 曾文定公詩集|跋の書名: 元豐類稾, 新刻曾南豐先生集|版心の書名: 曾文定公集|帙題簽の書名(佐久間象山手筆): 曾南豐先生全集|序末に「康熙壬申仲冬既望後學湯來賁撰」, 「余同年友彭君毅齋重刊南豐曾文定公集成問序於余 ... 康熙三十二年癸酉端陽後一日平干王謙拜題於洪州官舎」とあり|跋に「録未刻七篇送毅齋先生補刋集中傳之久遠 ... 康熙丁丑歳閏月八日山陽後學戴晟謹識」とあり|跋末の識語に「丁丑客遊淮陰邑侯鄭父母傳示遺文七篇爲山陽戴君晦夫所蒐輯者 ... 期謹識」とあり|左右双辺有界9行20字, 内匡廓: 20.4×12.3cm, 白口単黒魚尾|頭注あり|圏点あり|拠康熙31(1692)彭期刊本補刻|印記: 「惠震之書」, 「禄」, 「象山書院」(佐久間象山), 「前島氏」, 「篁村島田氏家藏圖書」, 「島田氏雙桂樓収臧」(島田篁村), 「南葵文庫」|虫損あり (裏打ち補修あり)",http://tify.sub.uni-goettingen.de/demo.html?manifest=https://archdataset.dl.itc.u-tokyo.ac.jp/manifest/fd063578-290e-5fa4-4de8-9b539aff86c5.json,fd063578-290e-5fa4-4de8-9b539aff86c5,https://iiif.dl.itc.u-tokyo.ac.jp/repo/s/nanki/,https://iiif.dl.itc.u-tokyo.ac.jp/repo/s/nanki/document/fd063578-290e-5fa4-4de8-9b539aff86c5,https://www.lib.u-tokyo.ac.jp/ja/library/contents/archives-top/reuse,https://iiif.dl.itc.u-tokyo.ac.jp/repo/files/medium/a28cf78bcaa2b9daf25c501845e336c6cfb76b91.jpg,https://iiif.dl.itc.u-tokyo.ac.jp/repo/api/items/1001933,"東京大学総合図書館 General Library, The University of Tokyo, JAPAN",http://iiif.io/api/presentation/2#rightToLeftDirection,,総合図書館所蔵南葵文庫,0178,,https://iiif.dl.itc.u-tokyo.ac.jp/repo/iiif/fd063578-290e-5fa4-4de8-9b539aff86c5/manifest,,,,,102
曾文定公全集 20巻首1巻末1巻 [8],A00:4311,ソウ ブンテイコウ ゼンシュウ,曾 鞏,8,[戴晟],康熙36 [1697] 跋,図書,中国語,"序首の書名: 曾南豐先生文集|18-20, 末卷の目首書名: 曾文定公詩集|跋の書名: 元豐類稾, 新刻曾南豐先生集|版心の書名: 曾文定公集|帙題簽の書名(佐久間象山手筆): 曾南豐先生全集|序末に「康熙壬申仲冬既望後學湯來賁撰」, 「余同年友彭君毅齋重刊南豐曾文定公集成問序於余 ... 康熙三十二年癸酉端陽後一日平干王謙拜題於洪州官舎」とあり|跋に「録未刻七篇送毅齋先生補刋集中傳之久遠 ... 康熙丁丑歳閏月八日山陽後學戴晟謹識」とあり|跋末の識語に「丁丑客遊淮陰邑侯鄭父母傳示遺文七篇爲山陽戴君晦夫所蒐輯者 ... 期謹識」とあり|左右双辺有界9行20字, 内匡廓: 20.4×12.3cm, 白口単黒魚尾|頭注あり|圏点あり|拠康熙31(1692)彭期刊本補刻|印記: 「惠震之書」, 「禄」, 「象山書院」(佐久間象山), 「前島氏」, 「篁村島田氏家藏圖書」, 「島田氏雙桂樓収臧」(島田篁村), 「南葵文庫」|虫損あり (裏打ち補修あり)",http://tify.sub.uni-goettingen.de/demo.html?manifest=https://archdataset.dl.itc.u-tokyo.ac.jp/manifest/c5d0e90e-9cae-5120-2bfa-ed3e7ee025e2.json,c5d0e90e-9cae-5120-2bfa-ed3e7ee025e2,https://iiif.dl.itc.u-tokyo.ac.jp/repo/s/nanki/,https://iiif.dl.itc.u-tokyo.ac.jp/repo/s/nanki/document/c5d0e90e-9cae-5120-2bfa-ed3e7ee025e2,https://www.lib.u-tokyo.ac.jp/ja/library/contents/archives-top/reuse,https://iiif.dl.itc.u-tokyo.ac.jp/repo/files/medium/acde1272d28751aaca3bae73c6fe32534c73c6a5.jpg,https://iiif.dl.itc.u-tokyo.ac.jp/repo/api/items/1001932,"東京大学総合図書館 General Library, The University of Tokyo, JAPAN",http://iiif.io/api/presentation/2#rightToLeftDirection,,総合図書館所蔵南葵文庫,0179,,https://iiif.dl.itc.u-tokyo.ac.jp/repo/iiif/c5d0e90e-9cae-5120-2bfa-ed3e7ee025e2/manifest,,,,,122
口逰,A00:4314,クチズサミ,源 為憲,1,風月荘左衛門 : 佐々木摠四郎,文化4 [1807],図書,日本語,"小口書: 口遊|序末に「于時天禄元年冬十二月二十七日僕夫源為憲序」とあり|巻末に「于時弘長三年二月五日於山田亭愚息行文書写之少々加愚筆畢」, 「寛政十一年己未仲冬以大湏文庫古謄夲摸冩令平安書賈某上木傳不朽云 大館高門」とあり|刊記に「文化四年丁夘仲彂兌 皇都書肆 佐々木摠四郎 風月荘左衛門」とあり(「竹苞」との版元朱印あり)|四周無辺無界7-10行|模刻本|印記: 「紀伊恴川 南葵文庫」|虫損あり",http://tify.sub.uni-goettingen.de/demo.html?manifest=https://archdataset.dl.itc.u-tokyo.ac.jp/manifest/e4ebcf2a-79ed-12aa-2104-5968175c49c1.json,e4ebcf2a-79ed-12aa-2104-5968175c49c1,https://iiif.dl.itc.u-tokyo.ac.jp/repo/s/nanki/,https://iiif.dl.itc.u-tokyo.ac.jp/repo/s/nanki/document/e4ebcf2a-79ed-12aa-2104-5968175c49c1,https://www.lib.u-tokyo.ac.jp/ja/library/contents/archives-top/reuse,https://iiif.dl.itc.u-tokyo.ac.jp/repo/files/medium/18d828ecad9a7b8d8ab8941c0ee1fd7acd7456a5.jpg,https://iiif.dl.itc.u-tokyo.ac.jp/repo/api/items/1001931,"東京大学総合図書館 General Library, The University of Tokyo, JAPAN",http://iiif.io/api/presentation/2#rightToLeftDirection,,総合図書館所蔵南葵文庫,0180,,https://iiif.dl.itc.u-tokyo.ac.jp/repo/iiif/e4ebcf2a-79ed-12aa-2104-5968175c49c1/manifest,,,,,43
矢ひらき聞書,A00:4315,ヤビラキ キキガキ,水野 勝義,1,[藤宗三] [自筆],[江戸中期],図書,日本語,"写本|表紙の書名: 矢開聞書|書名は[序]首による|[序]末に「寳暦壬午年後四月 源勝義」とあり|本文中に「寳暦十二壬午五月 源爲叙」とあり|奥書に「右一冊は古今矢開乃義に付之勝義旧記後集改正し畢珎重々々 藤宗三處士」とあり(「講武亭主人」との落款朱印あり)|毎半葉8行|朱墨筆書き入れあり|草蝶文様の表紙を使用|印記: 「養月斎蔵」(伊勢貞丈), 「紀伊恴川 南葵文庫」|虫損あり (裏打ち補修あり)",http://tify.sub.uni-goettingen.de/demo.html?manifest=https://archdataset.dl.itc.u-tokyo.ac.jp/manifest/00fdd21b-7aff-50ce-94bd-23d0963b38ac.json,00fdd21b-7aff-50ce-94bd-23d0963b38ac,https://iiif.dl.itc.u-tokyo.ac.jp/repo/s/nanki/,https://iiif.dl.itc.u-tokyo.ac.jp/repo/s/nanki/document/00fdd21b-7aff-50ce-94bd-23d0963b38ac,https://www.lib.u-tokyo.ac.jp/ja/library/contents/archives-top/reuse,https://iiif.dl.itc.u-tokyo.ac.jp/repo/files/medium/af2e4a19db75d1f6ff4c9411f526ee81b544b5ec.jpg,https://iiif.dl.itc.u-tokyo.ac.jp/repo/api/items/1001930,"東京大学総合図書館 General Library, The University of Tokyo, JAPAN",http://iiif.io/api/presentation/2#rightToLeftDirection,,総合図書館所蔵南葵文庫,0181,,https://iiif.dl.itc.u-tokyo.ac.jp/repo/iiif/00fdd21b-7aff-50ce-94bd-23d0963b38ac/manifest,,,,,32
蟇目之口决,A00:4316,ヒキメ ノ クケツ,,1,[書写者不明],[江戸中期以降],図書,日本語,"写本|題簽の書名: 蟇目之口決|帙背の書名: 蟇目之口訣|毎半葉10行|牡丹唐草に雲珠文様の緞子表紙を使用|印記: 「美作相」, 「吉佶之印」, 「吉栄之印」, 「交埜藏書」(交野時万), 「南葵文庫」",http://tify.sub.uni-goettingen.de/demo.html?manifest=https://archdataset.dl.itc.u-tokyo.ac.jp/manifest/ee3a90c9-74c4-014a-6b5c-e575d82d3b7f.json,ee3a90c9-74c4-014a-6b5c-e575d82d3b7f,https://iiif.dl.itc.u-tokyo.ac.jp/repo/s/nanki/,https://iiif.dl.itc.u-tokyo.ac.jp/repo/s/nanki/document/ee3a90c9-74c4-014a-6b5c-e575d82d3b7f,https://www.lib.u-tokyo.ac.jp/ja/library/contents/archives-top/reuse,https://iiif.dl.itc.u-tokyo.ac.jp/repo/files/medium/7d1390e141739369591ddc0da494deeaeab9523c.jpg,https://iiif.dl.itc.u-tokyo.ac.jp/repo/api/items/1001929,"東京大学総合図書館 General Library, The University of Tokyo, JAPAN",http://iiif.io/api/presentation/2#rightToLeftDirection,,総合図書館所蔵南葵文庫,0182,,https://iiif.dl.itc.u-tokyo.ac.jp/repo/iiif/ee3a90c9-74c4-014a-6b5c-e575d82d3b7f/manifest,,,,,40
中車生死草白露,A00:4324,チュウシャ セイシ クサノシラツユ,,1,[出版者不明],[安永年間],図書,日本語,"版心の書名: 中車屮|題簽の書名(墨書): 市川中車奇病の傳草白露|冒頭に「頃は安永六つのとし六月中の六日のあさ」とあり|四周単辺無界7行注文双行, 内匡廓: 12.4×9.0cm, 白口無魚尾|付訓あり|印記: 「紀伊恴川 南葵文庫」|破損あり (裏打ち補修あり)",http://tify.sub.uni-goettingen.de/demo.html?manifest=https://archdataset.dl.itc.u-tokyo.ac.jp/manifest/2aa1d485-8b17-8e83-4743-11bb6e2f93de.json,2aa1d485-8b17-8e83-4743-11bb6e2f93de,https://iiif.dl.itc.u-tokyo.ac.jp/repo/s/nanki/,https://iiif.dl.itc.u-tokyo.ac.jp/repo/s/nanki/document/2aa1d485-8b17-8e83-4743-11bb6e2f93de,https://www.lib.u-tokyo.ac.jp/ja/library/contents/archives-top/reuse,https://iiif.dl.itc.u-tokyo.ac.jp/repo/files/medium/8883d04cb2a8c79da51ccdfbeec6fceb5ba13de9.jpg,https://iiif.dl.itc.u-tokyo.ac.jp/repo/api/items/1001928,"東京大学総合図書館 General Library, The University of Tokyo, JAPAN",http://iiif.io/api/presentation/2#rightToLeftDirection,,総合図書館所蔵南葵文庫,0183,,https://iiif.dl.itc.u-tokyo.ac.jp/repo/iiif/2aa1d485-8b17-8e83-4743-11bb6e2f93de/manifest,,,,,46
裝束拾要抄 2巻 [1],A00:4509,ショウゾク シュウヨウショウ,,2,[邨田春道] [写],宝暦6 [1756] 奥書,図書,日本語,"表紙の書名: 裝束拾要鈔|本奥書に「此書故亜相深く秘せしるし所の抄なり予相続て又これを秘者云々慶長十九年九月日権大納言花押」とあり|奥書に「此裝束拾要抄弐卷は押印の通り結城家の藏本にして桃花禅閣の御記を以て書写けしあられおのれ男春海らに校合せしめられ末 ... 宝の暦六つのとし桜花ちりけるひ 邨田春道」との朱書あり|毎半葉9行注文双行|付訓あり|頭注, 傍注あり|朱筆書き入れあり|貼紙あり|印記: 「結城家符」, 「交埜藏書」(交野時万), 「南葵文庫」|虫損あり",http://tify.sub.uni-goettingen.de/demo.html?manifest=https://archdataset.dl.itc.u-tokyo.ac.jp/manifest/b7238a83-06ea-6dd0-5cec-202492b813b3.json,b7238a83-06ea-6dd0-5cec-202492b813b3,https://iiif.dl.itc.u-tokyo.ac.jp/repo/s/nanki/,https://iiif.dl.itc.u-tokyo.ac.jp/repo/s/nanki/document/b7238a83-06ea-6dd0-5cec-202492b813b3,https://www.lib.u-tokyo.ac.jp/ja/library/contents/archives-top/reuse,https://iiif.dl.itc.u-tokyo.ac.jp/repo/files/medium/55468e268e26e405af0e73efb6f2958f4ac02a88.jpg,https://iiif.dl.itc.u-tokyo.ac.jp/repo/api/items/1001927,"東京大学総合図書館 General Library, The University of Tokyo, JAPAN",http://iiif.io/api/presentation/2#rightToLeftDirection,,総合図書館所蔵南葵文庫,0184,,https://iiif.dl.itc.u-tokyo.ac.jp/repo/iiif/b7238a83-06ea-6dd0-5cec-202492b813b3/manifest,,,,,48
裝束拾要抄 2巻 [2],A00:4509,ショウゾク シュウヨウショウ,,2,[邨田春道] [写],宝暦6 [1756] 奥書,図書,日本語,"表紙の書名: 裝束拾要鈔|本奥書に「此書故亜相深く秘せしるし所の抄なり予相続て又これを秘者云々慶長十九年九月日権大納言花押」とあり|奥書に「此裝束拾要抄弐卷は押印の通り結城家の藏本にして桃花禅閣の御記を以て書写けしあられおのれ男春海らに校合せしめられ末 ... 宝の暦六つのとし桜花ちりけるひ 邨田春道」との朱書あり|毎半葉9行注文双行|付訓あり|頭注, 傍注あり|朱筆書き入れあり|貼紙あり|印記: 「結城家符」, 「交埜藏書」(交野時万), 「南葵文庫」|虫損あり",http://tify.sub.uni-goettingen.de/demo.html?manifest=https://archdataset.dl.itc.u-tokyo.ac.jp/manifest/95145c44-7c57-326a-2866-b44c48f94d8c.json,95145c44-7c57-326a-2866-b44c48f94d8c,https://iiif.dl.itc.u-tokyo.ac.jp/repo/s/nanki/,https://iiif.dl.itc.u-tokyo.ac.jp/repo/s/nanki/document/95145c44-7c57-326a-2866-b44c48f94d8c,https://www.lib.u-tokyo.ac.jp/ja/library/contents/archives-top/reuse,https://iiif.dl.itc.u-tokyo.ac.jp/repo/files/medium/4f8bb518f05f338f4a2397f31412bdebebb1a2a9.jpg,https://iiif.dl.itc.u-tokyo.ac.jp/repo/api/items/1001926,"東京大学総合図書館 General Library, The University of Tokyo, JAPAN",http://iiif.io/api/presentation/2#rightToLeftDirection,,総合図書館所蔵南葵文庫,0185,,https://iiif.dl.itc.u-tokyo.ac.jp/repo/iiif/95145c44-7c57-326a-2866-b44c48f94d8c/manifest,,,,,40
犬追物圖説,A00:4510,イヌオウモノ ズセツ,伊勢 貞丈,1,[書写者不明],[江戸中期],図書,日本語,"写本|小口書: 犬追物図説|序例末に「延享四年丁卯七月晦日 平貞丈試」とあり|毎半葉12行注文双行|彩色あり|朱墨筆書き入れあり|印記: 「大谷文庫」, 「紀伊恴川 南葵文庫」|虫損あり",http://tify.sub.uni-goettingen.de/demo.html?manifest=https://archdataset.dl.itc.u-tokyo.ac.jp/manifest/31516768-15fc-70a3-2ea4-478fbafb326b.json,31516768-15fc-70a3-2ea4-478fbafb326b,https://iiif.dl.itc.u-tokyo.ac.jp/repo/s/nanki/,https://iiif.dl.itc.u-tokyo.ac.jp/repo/s/nanki/document/31516768-15fc-70a3-2ea4-478fbafb326b,https://www.lib.u-tokyo.ac.jp/ja/library/contents/archives-top/reuse,https://iiif.dl.itc.u-tokyo.ac.jp/repo/files/medium/21b57ddd39d8844e581490b127f1dad7bf20c26b.jpg,https://iiif.dl.itc.u-tokyo.ac.jp/repo/api/items/1001925,"東京大学総合図書館 General Library, The University of Tokyo, JAPAN",http://iiif.io/api/presentation/2#rightToLeftDirection,,総合図書館所蔵南葵文庫,0186,,https://iiif.dl.itc.u-tokyo.ac.jp/repo/iiif/31516768-15fc-70a3-2ea4-478fbafb326b/manifest,,,,,78
古今位色便覧,A00:4511,ココン イシキ ベンラン,伊勢 貞丈,1,[書写者不明],[江戸後期],図書,日本語,"写本|小口書: 色位古今便覧|装束着用啚: 墨書伊勢平藏貞丈, 朱書大塚一郎左衛門嘉樹, 青書松岡平次郎辰方|本文末に「寛政六年十一月七日 松岡平次郎辰方(花押)」とあり|巻末に「追加」あり|彩色あり|折本|印記: 「舊和歌山徳川氏藏」(徳川頼倫), 「紀伊恴川 南葵文庫」|虫損あり",http://tify.sub.uni-goettingen.de/demo.html?manifest=https://archdataset.dl.itc.u-tokyo.ac.jp/manifest/2cd0ee2e-9397-1735-6bf4-66f647147146.json,2cd0ee2e-9397-1735-6bf4-66f647147146,https://iiif.dl.itc.u-tokyo.ac.jp/repo/s/nanki/,https://iiif.dl.itc.u-tokyo.ac.jp/repo/s/nanki/document/2cd0ee2e-9397-1735-6bf4-66f647147146,https://www.lib.u-tokyo.ac.jp/ja/library/contents/archives-top/reuse,https://iiif.dl.itc.u-tokyo.ac.jp/repo/files/medium/4fd4f7f3daa4d1fc48195ddd974a21ff299bad85.jpg,https://iiif.dl.itc.u-tokyo.ac.jp/repo/api/items/1001924,"東京大学総合図書館 General Library, The University of Tokyo, JAPAN",http://iiif.io/api/presentation/2#rightToLeftDirection,,総合図書館所蔵南葵文庫,0187,,https://iiif.dl.itc.u-tokyo.ac.jp/repo/iiif/2cd0ee2e-9397-1735-6bf4-66f647147146/manifest,,,,,43
傳經樓經説 (存1巻),A00:4512,デンケイロウ ケイセツ,海保 漁村,1,[海保元備] [自筆],[江戸後期],図書,日本語,"写本|版心に「玉巖堂」とある左右双辺10行の罫紙を使用|頭注, 傍注あり|押紙あり|印記: 「海保先生自所書録」, 「島田氏雙桂樓収臧」(島田篁村), 「南葵文庫」|虫損あり",http://tify.sub.uni-goettingen.de/demo.html?manifest=https://archdataset.dl.itc.u-tokyo.ac.jp/manifest/2b2a24bb-66e6-405d-0799-6a133d6b9ecb.json,2b2a24bb-66e6-405d-0799-6a133d6b9ecb,https://iiif.dl.itc.u-tokyo.ac.jp/repo/s/nanki/,https://iiif.dl.itc.u-tokyo.ac.jp/repo/s/nanki/document/2b2a24bb-66e6-405d-0799-6a133d6b9ecb,https://www.lib.u-tokyo.ac.jp/ja/library/contents/archives-top/reuse,https://iiif.dl.itc.u-tokyo.ac.jp/repo/files/medium/242826017d7419162468ceb2071e9d802e01de1b.jpg,https://iiif.dl.itc.u-tokyo.ac.jp/repo/api/items/1001923,"東京大学総合図書館 General Library, The University of Tokyo, JAPAN",http://iiif.io/api/presentation/2#rightToLeftDirection,,総合図書館所蔵南葵文庫,0188,,https://iiif.dl.itc.u-tokyo.ac.jp/repo/iiif/2b2a24bb-66e6-405d-0799-6a133d6b9ecb/manifest,,,,,53
左傳筮義,A00:4513,サデン ゼイギ,海保 漁村,1,[海保元備] [自筆],[江戸後期],図書,日本語,"写本|内題下に「拙齋居士順卿氏」とあり|表紙に「拙齋漫録所収録之一」とあり|毎半葉10行注文双行|朱墨筆書き入れあり|印記: 「海保先生自所書録」, 「海保先生遺書」, 「篁邨島田氏家藏圖書」, 「島田氏雙桂樓収臧」(島田篁村), 「南葵文庫」|虫損あり",http://tify.sub.uni-goettingen.de/demo.html?manifest=https://archdataset.dl.itc.u-tokyo.ac.jp/manifest/68a4e620-0292-a4a9-98c0-2952f4e5350c.json,68a4e620-0292-a4a9-98c0-2952f4e5350c,https://iiif.dl.itc.u-tokyo.ac.jp/repo/s/nanki/,https://iiif.dl.itc.u-tokyo.ac.jp/repo/s/nanki/document/68a4e620-0292-a4a9-98c0-2952f4e5350c,https://www.lib.u-tokyo.ac.jp/ja/library/contents/archives-top/reuse,https://iiif.dl.itc.u-tokyo.ac.jp/repo/files/medium/ab0c547be7172452f29c1ac13f653dc37c2fc247.jpg,https://iiif.dl.itc.u-tokyo.ac.jp/repo/api/items/1001922,"東京大学総合図書館 General Library, The University of Tokyo, JAPAN",http://iiif.io/api/presentation/2#rightToLeftDirection,,総合図書館所蔵南葵文庫,0189,,https://iiif.dl.itc.u-tokyo.ac.jp/repo/iiif/68a4e620-0292-a4a9-98c0-2952f4e5350c/manifest,,,,,57
新譯大西洋撿夫爾日本志圗解 [1],A00:4517,シンヤク タイセイヨウ ケンペル ニホンシ ズカイ,Kaempfer Engelbert 1651-1716,5,今井廉 [写],文化10 [1813] 附言,図書,日本語,"写本|書名は各冊目首による|巻末の書名: 大西洋撿夫爾日本志圗解|題言の書名: 新譯大西洋諳缺爾別爾掇撿夫爾之日本志圗解|篇目の書名: 撿夫爾日本志全書|小口書: 日本志啚觧|附言末に「文化十癸酉年八月 侍醫臣今井廉謹識」とあり (「今廉印信」との落款朱印あり)|巻末に「今井廉寫字」とあり (「今廉印信」との落款朱印あり)|題簽による巻冊次表示: 1: 題言, 凢例, 全書篇章之目次, 第1-7表. 2: 第8-14表. 3: 第15-27表. 4: 第28-32表. 5: 第33-45表|四周双辺有界9行罫紙を使用|頭注あり|朱筆書き入れあり|印記: 「紀伊國徳川氏圖書記」,「舊和歌山徳川氏藏」(徳川頼倫), 「紀伊恴川 南葵文庫」",http://tify.sub.uni-goettingen.de/demo.html?manifest=https://archdataset.dl.itc.u-tokyo.ac.jp/manifest/5bfd4040-4324-8f63-2087-8492774f82c6.json,5bfd4040-4324-8f63-2087-8492774f82c6,https://iiif.dl.itc.u-tokyo.ac.jp/repo/s/nanki/,https://iiif.dl.itc.u-tokyo.ac.jp/repo/s/nanki/document/5bfd4040-4324-8f63-2087-8492774f82c6,https://www.lib.u-tokyo.ac.jp/ja/library/contents/archives-top/reuse,https://iiif.dl.itc.u-tokyo.ac.jp/repo/files/medium/e2c1224100d536e91fcb236487754d4ca1f6bfdf.jpg,https://iiif.dl.itc.u-tokyo.ac.jp/repo/api/items/1001921,"東京大学総合図書館 General Library, The University of Tokyo, JAPAN",http://iiif.io/api/presentation/2#rightToLeftDirection,,総合図書館所蔵南葵文庫,0190,,https://iiif.dl.itc.u-tokyo.ac.jp/repo/iiif/5bfd4040-4324-8f63-2087-8492774f82c6/manifest,,,,,50
新譯大西洋撿夫爾日本志圗解 [2],A00:4517,シンヤク タイセイヨウ ケンペル ニホンシ ズカイ,Kaempfer Engelbert 1651-1716,5,今井廉 [写],文化10 [1813] 附言,図書,日本語,"写本|書名は各冊目首による|巻末の書名: 大西洋撿夫爾日本志圗解|題言の書名: 新譯大西洋諳缺爾別爾掇撿夫爾之日本志圗解|篇目の書名: 撿夫爾日本志全書|小口書: 日本志啚觧|附言末に「文化十癸酉年八月 侍醫臣今井廉謹識」とあり (「今廉印信」との落款朱印あり)|巻末に「今井廉寫字」とあり (「今廉印信」との落款朱印あり)|題簽による巻冊次表示: 1: 題言, 凢例, 全書篇章之目次, 第1-7表. 2: 第8-14表. 3: 第15-27表. 4: 第28-32表. 5: 第33-45表|四周双辺有界9行罫紙を使用|頭注あり|朱筆書き入れあり|印記: 「紀伊國徳川氏圖書記」,「舊和歌山徳川氏藏」(徳川頼倫), 「紀伊恴川 南葵文庫」",http://tify.sub.uni-goettingen.de/demo.html?manifest=https://archdataset.dl.itc.u-tokyo.ac.jp/manifest/36a77e96-80a6-9b28-1b93-e51d9b631d3e.json,36a77e96-80a6-9b28-1b93-e51d9b631d3e,https://iiif.dl.itc.u-tokyo.ac.jp/repo/s/nanki/,https://iiif.dl.itc.u-tokyo.ac.jp/repo/s/nanki/document/36a77e96-80a6-9b28-1b93-e51d9b631d3e,https://www.lib.u-tokyo.ac.jp/ja/library/contents/archives-top/reuse,https://iiif.dl.itc.u-tokyo.ac.jp/repo/files/medium/d8caa8a16e118abdd5d21cdac2db637a0062299e.jpg,https://iiif.dl.itc.u-tokyo.ac.jp/repo/api/items/1001920,"東京大学総合図書館 General Library, The University of Tokyo, JAPAN",http://iiif.io/api/presentation/2#rightToLeftDirection,,総合図書館所蔵南葵文庫,0191,,https://iiif.dl.itc.u-tokyo.ac.jp/repo/iiif/36a77e96-80a6-9b28-1b93-e51d9b631d3e/manifest,,,,,42
新譯大西洋撿夫爾日本志圗解 [3],A00:4517,シンヤク タイセイヨウ ケンペル ニホンシ ズカイ,Kaempfer Engelbert 1651-1716,5,今井廉 [写],文化10 [1813] 附言,図書,日本語,"写本|書名は各冊目首による|巻末の書名: 大西洋撿夫爾日本志圗解|題言の書名: 新譯大西洋諳缺爾別爾掇撿夫爾之日本志圗解|篇目の書名: 撿夫爾日本志全書|小口書: 日本志啚觧|附言末に「文化十癸酉年八月 侍醫臣今井廉謹識」とあり (「今廉印信」との落款朱印あり)|巻末に「今井廉寫字」とあり (「今廉印信」との落款朱印あり)|題簽による巻冊次表示: 1: 題言, 凢例, 全書篇章之目次, 第1-7表. 2: 第8-14表. 3: 第15-27表. 4: 第28-32表. 5: 第33-45表|四周双辺有界9行罫紙を使用|頭注あり|朱筆書き入れあり|印記: 「紀伊國徳川氏圖書記」,「舊和歌山徳川氏藏」(徳川頼倫), 「紀伊恴川 南葵文庫」",http://tify.sub.uni-goettingen.de/demo.html?manifest=https://archdataset.dl.itc.u-tokyo.ac.jp/manifest/0ec2d780-9634-7014-3475-dea88edc79c7.json,0ec2d780-9634-7014-3475-dea88edc79c7,https://iiif.dl.itc.u-tokyo.ac.jp/repo/s/nanki/,https://iiif.dl.itc.u-tokyo.ac.jp/repo/s/nanki/document/0ec2d780-9634-7014-3475-dea88edc79c7,https://www.lib.u-tokyo.ac.jp/ja/library/contents/archives-top/reuse,https://iiif.dl.itc.u-tokyo.ac.jp/repo/files/medium/449d617a368ab4e72d98d2a63cec940d91e96639.jpg,https://iiif.dl.itc.u-tokyo.ac.jp/repo/api/items/1001919,"東京大学総合図書館 General Library, The University of Tokyo, JAPAN",http://iiif.io/api/presentation/2#rightToLeftDirection,,総合図書館所蔵南葵文庫,0192,,https://iiif.dl.itc.u-tokyo.ac.jp/repo/iiif/0ec2d780-9634-7014-3475-dea88edc79c7/manifest,,,,,45
新譯大西洋撿夫爾日本志圗解 [4],A00:4517,シンヤク タイセイヨウ ケンペル ニホンシ ズカイ,Kaempfer Engelbert 1651-1716,5,今井廉 [写],文化10 [1813] 附言,図書,日本語,"写本|書名は各冊目首による|巻末の書名: 大西洋撿夫爾日本志圗解|題言の書名: 新譯大西洋諳缺爾別爾掇撿夫爾之日本志圗解|篇目の書名: 撿夫爾日本志全書|小口書: 日本志啚觧|附言末に「文化十癸酉年八月 侍醫臣今井廉謹識」とあり (「今廉印信」との落款朱印あり)|巻末に「今井廉寫字」とあり (「今廉印信」との落款朱印あり)|題簽による巻冊次表示: 1: 題言, 凢例, 全書篇章之目次, 第1-7表. 2: 第8-14表. 3: 第15-27表. 4: 第28-32表. 5: 第33-45表|四周双辺有界9行罫紙を使用|頭注あり|朱筆書き入れあり|印記: 「紀伊國徳川氏圖書記」,「舊和歌山徳川氏藏」(徳川頼倫), 「紀伊恴川 南葵文庫」",http://tify.sub.uni-goettingen.de/demo.html?manifest=https://archdataset.dl.itc.u-tokyo.ac.jp/manifest/6cf51ec3-1c85-8e7b-4efb-de3d4b4c39a0.json,6cf51ec3-1c85-8e7b-4efb-de3d4b4c39a0,https://iiif.dl.itc.u-tokyo.ac.jp/repo/s/nanki/,https://iiif.dl.itc.u-tokyo.ac.jp/repo/s/nanki/document/6cf51ec3-1c85-8e7b-4efb-de3d4b4c39a0,https://www.lib.u-tokyo.ac.jp/ja/library/contents/archives-top/reuse,https://iiif.dl.itc.u-tokyo.ac.jp/repo/files/medium/e5f4e7acf25a198cb72060d6b485acd386e6f588.jpg,https://iiif.dl.itc.u-tokyo.ac.jp/repo/api/items/1001918,"東京大学総合図書館 General Library, The University of Tokyo, JAPAN",http://iiif.io/api/presentation/2#rightToLeftDirection,,総合図書館所蔵南葵文庫,0193,,https://iiif.dl.itc.u-tokyo.ac.jp/repo/iiif/6cf51ec3-1c85-8e7b-4efb-de3d4b4c39a0/manifest,,,,,48
新譯大西洋撿夫爾日本志圗解 [5],A00:4517,シンヤク タイセイヨウ ケンペル ニホンシ ズカイ,Kaempfer Engelbert 1651-1716,5,今井廉 [写],文化10 [1813] 附言,図書,日本語,"写本|書名は各冊目首による|巻末の書名: 大西洋撿夫爾日本志圗解|題言の書名: 新譯大西洋諳缺爾別爾掇撿夫爾之日本志圗解|篇目の書名: 撿夫爾日本志全書|小口書: 日本志啚觧|附言末に「文化十癸酉年八月 侍醫臣今井廉謹識」とあり (「今廉印信」との落款朱印あり)|巻末に「今井廉寫字」とあり (「今廉印信」との落款朱印あり)|題簽による巻冊次表示: 1: 題言, 凢例, 全書篇章之目次, 第1-7表. 2: 第8-14表. 3: 第15-27表. 4: 第28-32表. 5: 第33-45表|四周双辺有界9行罫紙を使用|頭注あり|朱筆書き入れあり|印記: 「紀伊國徳川氏圖書記」,「舊和歌山徳川氏藏」(徳川頼倫), 「紀伊恴川 南葵文庫」",http://tify.sub.uni-goettingen.de/demo.html?manifest=https://archdataset.dl.itc.u-tokyo.ac.jp/manifest/6ceab586-7941-4f7e-88ca-aba36f719831.json,6ceab586-7941-4f7e-88ca-aba36f719831,https://iiif.dl.itc.u-tokyo.ac.jp/repo/s/nanki/,https://iiif.dl.itc.u-tokyo.ac.jp/repo/s/nanki/document/6ceab586-7941-4f7e-88ca-aba36f719831,https://www.lib.u-tokyo.ac.jp/ja/library/contents/archives-top/reuse,https://iiif.dl.itc.u-tokyo.ac.jp/repo/files/medium/9bbdfd43f9fec57717d53f91faf23c7843ca3ed8.jpg,https://iiif.dl.itc.u-tokyo.ac.jp/repo/api/items/1001917,"東京大学総合図書館 General Library, The University of Tokyo, JAPAN",http://iiif.io/api/presentation/2#rightToLeftDirection,,総合図書館所蔵南葵文庫,0194,,https://iiif.dl.itc.u-tokyo.ac.jp/repo/iiif/6ceab586-7941-4f7e-88ca-aba36f719831/manifest,,,,,38
太平記 40巻 (存12巻) [1],A00:4518,タイヘイキ,,7,才雲,慶長14 [1609] 跋,図書,日本語,"跋末に「今既幸政可正以假字令工鋟梓行世 ... 慶長己酉陽月既望存廬跋」とあり|刊記に「才雲刋之」とあり|四周無辺無界10行, 白口無魚尾|付訓あり|古活字本|惣目録, 劒巻は補写|巻第3-4, 7-18, 21-22, 27-38を欠く|印記: 「造化堂」, 「紀伊恴川 南葵文庫」|虫損あり",http://tify.sub.uni-goettingen.de/demo.html?manifest=https://archdataset.dl.itc.u-tokyo.ac.jp/manifest/00f6d9a7-2c47-935a-5f0a-b04dd28d4d68.json,00f6d9a7-2c47-935a-5f0a-b04dd28d4d68,https://iiif.dl.itc.u-tokyo.ac.jp/repo/s/nanki/,https://iiif.dl.itc.u-tokyo.ac.jp/repo/s/nanki/document/00f6d9a7-2c47-935a-5f0a-b04dd28d4d68,https://www.lib.u-tokyo.ac.jp/ja/library/contents/archives-top/reuse,https://iiif.dl.itc.u-tokyo.ac.jp/repo/files/medium/060e880615ec9851d0a64a68e79488f1a3535b09.jpg,https://iiif.dl.itc.u-tokyo.ac.jp/repo/api/items/1001916,"東京大学総合図書館 General Library, The University of Tokyo, JAPAN",http://iiif.io/api/presentation/2#rightToLeftDirection,,総合図書館所蔵南葵文庫,0195,,https://iiif.dl.itc.u-tokyo.ac.jp/repo/iiif/00f6d9a7-2c47-935a-5f0a-b04dd28d4d68/manifest,,,,,65
太平記 40巻 (存12巻) [2],A00:4518,タイヘイキ,,7,才雲,慶長14 [1609] 跋,図書,日本語,"跋末に「今既幸政可正以假字令工鋟梓行世 ... 慶長己酉陽月既望存廬跋」とあり|刊記に「才雲刋之」とあり|四周無辺無界10行, 白口無魚尾|付訓あり|古活字本|惣目録, 劒巻は補写|巻第3-4, 7-18, 21-22, 27-38を欠く|印記: 「造化堂」, 「紀伊恴川 南葵文庫」|虫損あり",http://tify.sub.uni-goettingen.de/demo.html?manifest=https://archdataset.dl.itc.u-tokyo.ac.jp/manifest/24f2ba6c-25c5-8efb-37d1-dccb539e163c.json,24f2ba6c-25c5-8efb-37d1-dccb539e163c,https://iiif.dl.itc.u-tokyo.ac.jp/repo/s/nanki/,https://iiif.dl.itc.u-tokyo.ac.jp/repo/s/nanki/document/24f2ba6c-25c5-8efb-37d1-dccb539e163c,https://www.lib.u-tokyo.ac.jp/ja/library/contents/archives-top/reuse,https://iiif.dl.itc.u-tokyo.ac.jp/repo/files/medium/fbeadb42bebb484e994c4549ed93f4d1f91721fd.jpg,https://iiif.dl.itc.u-tokyo.ac.jp/repo/api/items/1001915,"東京大学総合図書館 General Library, The University of Tokyo, JAPAN",http://iiif.io/api/presentation/2#rightToLeftDirection,,総合図書館所蔵南葵文庫,0196,,https://iiif.dl.itc.u-tokyo.ac.jp/repo/iiif/24f2ba6c-25c5-8efb-37d1-dccb539e163c/manifest,,,,,91
太平記 40巻 (存12巻) [3],A00:4518,タイヘイキ,,7,才雲,慶長14 [1609] 跋,図書,日本語,"跋末に「今既幸政可正以假字令工鋟梓行世 ... 慶長己酉陽月既望存廬跋」とあり|刊記に「才雲刋之」とあり|四周無辺無界10行, 白口無魚尾|付訓あり|古活字本|惣目録, 劒巻は補写|巻第3-4, 7-18, 21-22, 27-38を欠く|印記: 「造化堂」, 「紀伊恴川 南葵文庫」|虫損あり",http://tify.sub.uni-goettingen.de/demo.html?manifest=https://archdataset.dl.itc.u-tokyo.ac.jp/manifest/8c33e8d5-460e-8888-107f-9bea2cf89150.json,8c33e8d5-460e-8888-107f-9bea2cf89150,https://iiif.dl.itc.u-tokyo.ac.jp/repo/s/nanki/,https://iiif.dl.itc.u-tokyo.ac.jp/repo/s/nanki/document/8c33e8d5-460e-8888-107f-9bea2cf89150,https://www.lib.u-tokyo.ac.jp/ja/library/contents/archives-top/reuse,https://iiif.dl.itc.u-tokyo.ac.jp/repo/files/medium/eaf52f985c51a532a28a9d497cbe75be2ed9a518.jpg,https://iiif.dl.itc.u-tokyo.ac.jp/repo/api/items/1001914,"東京大学総合図書館 General Library, The University of Tokyo, JAPAN",http://iiif.io/api/presentation/2#rightToLeftDirection,,総合図書館所蔵南葵文庫,0197,,https://iiif.dl.itc.u-tokyo.ac.jp/repo/iiif/8c33e8d5-460e-8888-107f-9bea2cf89150/manifest,,,,,75
太平記 40巻 (存12巻) [4],A00:4518,タイヘイキ,,7,才雲,慶長14 [1609] 跋,図書,日本語,"跋末に「今既幸政可正以假字令工鋟梓行世 ... 慶長己酉陽月既望存廬跋」とあり|刊記に「才雲刋之」とあり|四周無辺無界10行, 白口無魚尾|付訓あり|古活字本|惣目録, 劒巻は補写|巻第3-4, 7-18, 21-22, 27-38を欠く|印記: 「造化堂」, 「紀伊恴川 南葵文庫」|虫損あり",http://tify.sub.uni-goettingen.de/demo.html?manifest=https://archdataset.dl.itc.u-tokyo.ac.jp/manifest/c4eba638-87c1-7580-8fea-038c3888a450.json,c4eba638-87c1-7580-8fea-038c3888a450,https://iiif.dl.itc.u-tokyo.ac.jp/repo/s/nanki/,https://iiif.dl.itc.u-tokyo.ac.jp/repo/s/nanki/document/c4eba638-87c1-7580-8fea-038c3888a450,https://www.lib.u-tokyo.ac.jp/ja/library/contents/archives-top/reuse,https://iiif.dl.itc.u-tokyo.ac.jp/repo/files/medium/951ad9dcd9fea3aa35ccf654e3f8c0c6cc0808f0.jpg,https://iiif.dl.itc.u-tokyo.ac.jp/repo/api/items/1001913,"東京大学総合図書館 General Library, The University of Tokyo, JAPAN",http://iiif.io/api/presentation/2#rightToLeftDirection,,総合図書館所蔵南葵文庫,0198,,https://iiif.dl.itc.u-tokyo.ac.jp/repo/iiif/c4eba638-87c1-7580-8fea-038c3888a450/manifest,,,,,91
太平記 40巻 (存12巻) [5],A00:4518,タイヘイキ,,7,才雲,慶長14 [1609] 跋,図書,日本語,"跋末に「今既幸政可正以假字令工鋟梓行世 ... 慶長己酉陽月既望存廬跋」とあり|刊記に「才雲刋之」とあり|四周無辺無界10行, 白口無魚尾|付訓あり|古活字本|惣目録, 劒巻は補写|巻第3-4, 7-18, 21-22, 27-38を欠く|印記: 「造化堂」, 「紀伊恴川 南葵文庫」|虫損あり",http://tify.sub.uni-goettingen.de/demo.html?manifest=https://archdataset.dl.itc.u-tokyo.ac.jp/manifest/bec8ddeb-7a16-8477-6533-0ab33c16a2f8.json,bec8ddeb-7a16-8477-6533-0ab33c16a2f8,https://iiif.dl.itc.u-tokyo.ac.jp/repo/s/nanki/,https://iiif.dl.itc.u-tokyo.ac.jp/repo/s/nanki/document/bec8ddeb-7a16-8477-6533-0ab33c16a2f8,https://www.lib.u-tokyo.ac.jp/ja/library/contents/archives-top/reuse,https://iiif.dl.itc.u-tokyo.ac.jp/repo/files/medium/8f6fcf2283c7f264bb0e90acde63e2b720690f82.jpg,https://iiif.dl.itc.u-tokyo.ac.jp/repo/api/items/1001912,"東京大学総合図書館 General Library, The University of Tokyo, JAPAN",http://iiif.io/api/presentation/2#rightToLeftDirection,,総合図書館所蔵南葵文庫,0199,,https://iiif.dl.itc.u-tokyo.ac.jp/repo/iiif/bec8ddeb-7a16-8477-6533-0ab33c16a2f8/manifest,,,,,89
太平記 40巻 (存12巻) [6],A00:4518,タイヘイキ,,7,才雲,慶長14 [1609] 跋,図書,日本語,"跋末に「今既幸政可正以假字令工鋟梓行世 ... 慶長己酉陽月既望存廬跋」とあり|刊記に「才雲刋之」とあり|四周無辺無界10行, 白口無魚尾|付訓あり|古活字本|惣目録, 劒巻は補写|巻第3-4, 7-18, 21-22, 27-38を欠く|印記: 「造化堂」, 「紀伊恴川 南葵文庫」|虫損あり",http://tify.sub.uni-goettingen.de/demo.html?manifest=https://archdataset.dl.itc.u-tokyo.ac.jp/manifest/5f5e3e00-299c-6282-11d6-448cfb5f0bb1.json,5f5e3e00-299c-6282-11d6-448cfb5f0bb1,https://iiif.dl.itc.u-tokyo.ac.jp/repo/s/nanki/,https://iiif.dl.itc.u-tokyo.ac.jp/repo/s/nanki/document/5f5e3e00-299c-6282-11d6-448cfb5f0bb1,https://www.lib.u-tokyo.ac.jp/ja/library/contents/archives-top/reuse,https://iiif.dl.itc.u-tokyo.ac.jp/repo/files/medium/f26d43dd44ae2a8212c6b859e7725e6e42f9e29d.jpg,https://iiif.dl.itc.u-tokyo.ac.jp/repo/api/items/1001911,"東京大学総合図書館 General Library, The University of Tokyo, JAPAN",http://iiif.io/api/presentation/2#rightToLeftDirection,,総合図書館所蔵南葵文庫,0200,,https://iiif.dl.itc.u-tokyo.ac.jp/repo/iiif/5f5e3e00-299c-6282-11d6-448cfb5f0bb1/manifest,,,,,103
太平記 40巻 (存12巻) [7],A00:4518,タイヘイキ,,7,才雲,慶長14 [1609] 跋,図書,日本語,"跋末に「今既幸政可正以假字令工鋟梓行世 ... 慶長己酉陽月既望存廬跋」とあり|刊記に「才雲刋之」とあり|四周無辺無界10行, 白口無魚尾|付訓あり|古活字本|惣目録, 劒巻は補写|巻第3-4, 7-18, 21-22, 27-38を欠く|印記: 「造化堂」, 「紀伊恴川 南葵文庫」|虫損あり",http://tify.sub.uni-goettingen.de/demo.html?manifest=https://archdataset.dl.itc.u-tokyo.ac.jp/manifest/ace35510-4cd1-a48b-8acd-e3dac6b767cc.json,ace35510-4cd1-a48b-8acd-e3dac6b767cc,https://iiif.dl.itc.u-tokyo.ac.jp/repo/s/nanki/,https://iiif.dl.itc.u-tokyo.ac.jp/repo/s/nanki/document/ace35510-4cd1-a48b-8acd-e3dac6b767cc,https://www.lib.u-tokyo.ac.jp/ja/library/contents/archives-top/reuse,https://iiif.dl.itc.u-tokyo.ac.jp/repo/files/medium/c4aa3b69f3c5bc44e31ce3f79b98bed5deb498fb.jpg,https://iiif.dl.itc.u-tokyo.ac.jp/repo/api/items/1001910,"東京大学総合図書館 General Library, The University of Tokyo, JAPAN",http://iiif.io/api/presentation/2#rightToLeftDirection,,総合図書館所蔵南葵文庫,0201,,https://iiif.dl.itc.u-tokyo.ac.jp/repo/iiif/ace35510-4cd1-a48b-8acd-e3dac6b767cc/manifest,,,,,80
孟子 14巻 [1],A00:4520,モウシ,趙 岐,5,今關正運,[慶長年間],図書,中国語,"表紙の書名(墨書): 趙註孟子|責任表示は『全國漢籍データベース』による|帙題簽に「趙大沅註」とあり|冒頭に「孟子題辭」あり|刊記に「關東上総住今關正運刋」とあり|四周双辺有界7行17字注文双行, 内匡廓: 21.2×15.2cm, 中黒口双黒魚尾|古活字本|朱点あり|墨筆書き入れあり|印記: 「□苑史」(黒塗り), 「江都穀詒堂長尾氏圖書」, 「島田翰字彦楨精力所聚」,「島田氏雙桂樓収臧」(島田篁村), 「南葵文庫」|虫損あり(裏打ち補修あり)",http://tify.sub.uni-goettingen.de/demo.html?manifest=https://archdataset.dl.itc.u-tokyo.ac.jp/manifest/19772079-4a45-1e2c-99f4-186531e543c3.json,19772079-4a45-1e2c-99f4-186531e543c3,https://iiif.dl.itc.u-tokyo.ac.jp/repo/s/nanki/,https://iiif.dl.itc.u-tokyo.ac.jp/repo/s/nanki/document/19772079-4a45-1e2c-99f4-186531e543c3,https://www.lib.u-tokyo.ac.jp/ja/library/contents/archives-top/reuse,https://iiif.dl.itc.u-tokyo.ac.jp/repo/files/medium/fcd79d040f9b561cfe888935259a919870afd751.jpg,https://iiif.dl.itc.u-tokyo.ac.jp/repo/api/items/1001909,"東京大学総合図書館 General Library, The University of Tokyo, JAPAN",http://iiif.io/api/presentation/2#rightToLeftDirection,,総合図書館所蔵南葵文庫,0202,,https://iiif.dl.itc.u-tokyo.ac.jp/repo/iiif/19772079-4a45-1e2c-99f4-186531e543c3/manifest,,,,,50
孟子 14巻 [2],A00:4520,モウシ,趙 岐,5,今關正運,[慶長年間],図書,中国語,"表紙の書名(墨書): 趙註孟子|責任表示は『全國漢籍データベース』による|帙題簽に「趙大沅註」とあり|冒頭に「孟子題辭」あり|刊記に「關東上総住今關正運刋」とあり|四周双辺有界7行17字注文双行, 内匡廓: 21.2×15.2cm, 中黒口双黒魚尾|古活字本|朱点あり|墨筆書き入れあり|印記: 「□苑史」(黒塗り), 「江都穀詒堂長尾氏圖書」, 「島田翰字彦楨精力所聚」,「島田氏雙桂樓収臧」(島田篁村), 「南葵文庫」|虫損あり(裏打ち補修あり)",http://tify.sub.uni-goettingen.de/demo.html?manifest=https://archdataset.dl.itc.u-tokyo.ac.jp/manifest/e694280c-21e3-71bc-6dd7-270694859b0c.json,e694280c-21e3-71bc-6dd7-270694859b0c,https://iiif.dl.itc.u-tokyo.ac.jp/repo/s/nanki/,https://iiif.dl.itc.u-tokyo.ac.jp/repo/s/nanki/document/e694280c-21e3-71bc-6dd7-270694859b0c,https://www.lib.u-tokyo.ac.jp/ja/library/contents/archives-top/reuse,https://iiif.dl.itc.u-tokyo.ac.jp/repo/files/medium/d67adea0bfd444657280fa139a98a53681304650.jpg,https://iiif.dl.itc.u-tokyo.ac.jp/repo/api/items/1001908,"東京大学総合図書館 General Library, The University of Tokyo, JAPAN",http://iiif.io/api/presentation/2#rightToLeftDirection,,総合図書館所蔵南葵文庫,0203,,https://iiif.dl.itc.u-tokyo.ac.jp/repo/iiif/e694280c-21e3-71bc-6dd7-270694859b0c/manifest,,,,,65
孟子 14巻 [3],A00:4520,モウシ,趙 岐,5,今關正運,[慶長年間],図書,中国語,"表紙の書名(墨書): 趙註孟子|責任表示は『全國漢籍データベース』による|帙題簽に「趙大沅註」とあり|冒頭に「孟子題辭」あり|刊記に「關東上総住今關正運刋」とあり|四周双辺有界7行17字注文双行, 内匡廓: 21.2×15.2cm, 中黒口双黒魚尾|古活字本|朱点あり|墨筆書き入れあり|印記: 「□苑史」(黒塗り), 「江都穀詒堂長尾氏圖書」, 「島田翰字彦楨精力所聚」,「島田氏雙桂樓収臧」(島田篁村), 「南葵文庫」|虫損あり(裏打ち補修あり)",http://tify.sub.uni-goettingen.de/demo.html?manifest=https://archdataset.dl.itc.u-tokyo.ac.jp/manifest/e694f045-13e6-6077-9a2f-d4d4799a64b7.json,e694f045-13e6-6077-9a2f-d4d4799a64b7,https://iiif.dl.itc.u-tokyo.ac.jp/repo/s/nanki/,https://iiif.dl.itc.u-tokyo.ac.jp/repo/s/nanki/document/e694f045-13e6-6077-9a2f-d4d4799a64b7,https://www.lib.u-tokyo.ac.jp/ja/library/contents/archives-top/reuse,https://iiif.dl.itc.u-tokyo.ac.jp/repo/files/medium/3b65de2e1d66ab18fbc2597b811ca4aa9779b480.jpg,https://iiif.dl.itc.u-tokyo.ac.jp/repo/api/items/1001907,"東京大学総合図書館 General Library, The University of Tokyo, JAPAN",http://iiif.io/api/presentation/2#rightToLeftDirection,,総合図書館所蔵南葵文庫,0204,,https://iiif.dl.itc.u-tokyo.ac.jp/repo/iiif/e694f045-13e6-6077-9a2f-d4d4799a64b7/manifest,,,,,61
孟子 14巻 [4],A00:4520,モウシ,趙 岐,5,今關正運,[慶長年間],図書,中国語,"表紙の書名(墨書): 趙註孟子|責任表示は『全國漢籍データベース』による|帙題簽に「趙大沅註」とあり|冒頭に「孟子題辭」あり|刊記に「關東上総住今關正運刋」とあり|四周双辺有界7行17字注文双行, 内匡廓: 21.2×15.2cm, 中黒口双黒魚尾|古活字本|朱点あり|墨筆書き入れあり|印記: 「□苑史」(黒塗り), 「江都穀詒堂長尾氏圖書」, 「島田翰字彦楨精力所聚」,「島田氏雙桂樓収臧」(島田篁村), 「南葵文庫」|虫損あり(裏打ち補修あり)",http://tify.sub.uni-goettingen.de/demo.html?manifest=https://archdataset.dl.itc.u-tokyo.ac.jp/manifest/8b291789-2668-7055-672e-31ce900ea208.json,8b291789-2668-7055-672e-31ce900ea208,https://iiif.dl.itc.u-tokyo.ac.jp/repo/s/nanki/,https://iiif.dl.itc.u-tokyo.ac.jp/repo/s/nanki/document/8b291789-2668-7055-672e-31ce900ea208,https://www.lib.u-tokyo.ac.jp/ja/library/contents/archives-top/reuse,https://iiif.dl.itc.u-tokyo.ac.jp/repo/files/medium/135813489534b3785f4ee8ab8bed0f4b9d39578d.jpg,https://iiif.dl.itc.u-tokyo.ac.jp/repo/api/items/1001906,"東京大学総合図書館 General Library, The University of Tokyo, JAPAN",http://iiif.io/api/presentation/2#rightToLeftDirection,,総合図書館所蔵南葵文庫,0205,,https://iiif.dl.itc.u-tokyo.ac.jp/repo/iiif/8b291789-2668-7055-672e-31ce900ea208/manifest,,,,,61
孟子 14巻 [5],A00:4520,モウシ,趙 岐,5,今關正運,[慶長年間],図書,中国語,"表紙の書名(墨書): 趙註孟子|責任表示は『全國漢籍データベース』による|帙題簽に「趙大沅註」とあり|冒頭に「孟子題辭」あり|刊記に「關東上総住今關正運刋」とあり|四周双辺有界7行17字注文双行, 内匡廓: 21.2×15.2cm, 中黒口双黒魚尾|古活字本|朱点あり|墨筆書き入れあり|印記: 「□苑史」(黒塗り), 「江都穀詒堂長尾氏圖書」, 「島田翰字彦楨精力所聚」,「島田氏雙桂樓収臧」(島田篁村), 「南葵文庫」|虫損あり(裏打ち補修あり)",http://tify.sub.uni-goettingen.de/demo.html?manifest=https://archdataset.dl.itc.u-tokyo.ac.jp/manifest/924fffa3-3b54-8ac8-4b10-5a3281938b60.json,924fffa3-3b54-8ac8-4b10-5a3281938b60,https://iiif.dl.itc.u-tokyo.ac.jp/repo/s/nanki/,https://iiif.dl.itc.u-tokyo.ac.jp/repo/s/nanki/document/924fffa3-3b54-8ac8-4b10-5a3281938b60,https://www.lib.u-tokyo.ac.jp/ja/library/contents/archives-top/reuse,https://iiif.dl.itc.u-tokyo.ac.jp/repo/files/medium/e049cb6f8b00fd558942da4f930e5d0b84af96f2.jpg,https://iiif.dl.itc.u-tokyo.ac.jp/repo/api/items/1001905,"東京大学総合図書館 General Library, The University of Tokyo, JAPAN",http://iiif.io/api/presentation/2#rightToLeftDirection,,総合図書館所蔵南葵文庫,0206,,https://iiif.dl.itc.u-tokyo.ac.jp/repo/iiif/924fffa3-3b54-8ac8-4b10-5a3281938b60/manifest,,,,,68
"栄花物語 40巻目録系圖1巻 [目録次第,系圖]",A00:4521,エイガ モノガタリ,赤染衛門,40,林和泉椽,明暦2 [1656],図書,日本語,"書名は目首による|系圖の書名: 榮花物語|帙題簽の書名: 栄華物語|書名の繰返し部分は踊り字|巻冊次は版心による|目首下に「作者 赤染衞門」とあり|系圖末に「本云 斯栄花物語赤染衞門述作なり尤至寶なる物なるへしこのころ數夲をもて比挍するに展轉模写のあやまりに損落の文字前後の錯簡是非をわきまへかたき處々夲書に考合清書せしめ畢」との原奥書あり|刊記に「明暦第二丙申季暮秋吉旦 洛陽今出川林和泉掾板行」とあり|四周単辺無界11行, 内匡廓: 11.6×8.7cm, 白口無魚尾|後印本|印記: 「紀伊恴川 南葵文庫」|虫損あり",http://tify.sub.uni-goettingen.de/demo.html?manifest=https://archdataset.dl.itc.u-tokyo.ac.jp/manifest/e54c4fc7-5185-80db-4d27-c0a67f45a49b.json,e54c4fc7-5185-80db-4d27-c0a67f45a49b,https://iiif.dl.itc.u-tokyo.ac.jp/repo/s/nanki/,https://iiif.dl.itc.u-tokyo.ac.jp/repo/s/nanki/document/e54c4fc7-5185-80db-4d27-c0a67f45a49b,https://www.lib.u-tokyo.ac.jp/ja/library/contents/archives-top/reuse,https://iiif.dl.itc.u-tokyo.ac.jp/repo/files/medium/aec17f6d412311b0791e94c798a6686c53529c88.jpg,https://iiif.dl.itc.u-tokyo.ac.jp/repo/api/items/1036905,"東京大学総合図書館 General Library, The University of Tokyo, JAPAN",http://iiif.io/api/presentation/2#rightToLeftDirection,,総合図書館所蔵南葵文庫,0207-00,,https://iiif.dl.itc.u-tokyo.ac.jp/repo/iiif/e54c4fc7-5185-80db-4d27-c0a67f45a49b/manifest,,,,,25
栄花物語 40巻目録系圖1巻 [1],A00:4521,エイガ モノガタリ,赤染衛門,40,林和泉椽,明暦2 [1656],図書,日本語,"書名は目首による|系圖の書名: 榮花物語|帙題簽の書名: 栄華物語|書名の繰返し部分は踊り字|巻冊次は版心による|目首下に「作者 赤染衞門」とあり|系圖末に「本云 斯栄花物語赤染衞門述作なり尤至寶なる物なるへしこのころ數夲をもて比挍するに展轉模写のあやまりに損落の文字前後の錯簡是非をわきまへかたき處々夲書に考合清書せしめ畢」との原奥書あり|刊記に「明暦第二丙申季暮秋吉旦 洛陽今出川林和泉掾板行」とあり|四周単辺無界11行, 内匡廓: 11.6×8.7cm, 白口無魚尾|後印本|印記: 「紀伊恴川 南葵文庫」|虫損あり",http://tify.sub.uni-goettingen.de/demo.html?manifest=https://archdataset.dl.itc.u-tokyo.ac.jp/manifest/0449c6ee-9a9e-79e6-550e-3007c311548c.json,0449c6ee-9a9e-79e6-550e-3007c311548c,https://iiif.dl.itc.u-tokyo.ac.jp/repo/s/nanki/,https://iiif.dl.itc.u-tokyo.ac.jp/repo/s/nanki/document/0449c6ee-9a9e-79e6-550e-3007c311548c,https://www.lib.u-tokyo.ac.jp/ja/library/contents/archives-top/reuse,https://iiif.dl.itc.u-tokyo.ac.jp/repo/files/medium/8ba821fc2ed00d979b540364e674be60f9434b31.jpg,https://iiif.dl.itc.u-tokyo.ac.jp/repo/api/items/1036904,"東京大学総合図書館 General Library, The University of Tokyo, JAPAN",http://iiif.io/api/presentation/2#rightToLeftDirection,,総合図書館所蔵南葵文庫,0207-01,,https://iiif.dl.itc.u-tokyo.ac.jp/repo/iiif/0449c6ee-9a9e-79e6-550e-3007c311548c/manifest,,,,,64
栄花物語 40巻目録系圖1巻 [2],A00:4521,エイガ モノガタリ,赤染衛門,40,林和泉椽,明暦2 [1656],図書,日本語,"書名は目首による|系圖の書名: 榮花物語|帙題簽の書名: 栄華物語|書名の繰返し部分は踊り字|巻冊次は版心による|目首下に「作者 赤染衞門」とあり|系圖末に「本云 斯栄花物語赤染衞門述作なり尤至寶なる物なるへしこのころ數夲をもて比挍するに展轉模写のあやまりに損落の文字前後の錯簡是非をわきまへかたき處々夲書に考合清書せしめ畢」との原奥書あり|刊記に「明暦第二丙申季暮秋吉旦 洛陽今出川林和泉掾板行」とあり|四周単辺無界11行, 内匡廓: 11.6×8.7cm, 白口無魚尾|後印本|印記: 「紀伊恴川 南葵文庫」|虫損あり",http://tify.sub.uni-goettingen.de/demo.html?manifest=https://archdataset.dl.itc.u-tokyo.ac.jp/manifest/69913b7d-872d-6c2e-034b-53f485d28215.json,69913b7d-872d-6c2e-034b-53f485d28215,https://iiif.dl.itc.u-tokyo.ac.jp/repo/s/nanki/,https://iiif.dl.itc.u-tokyo.ac.jp/repo/s/nanki/document/69913b7d-872d-6c2e-034b-53f485d28215,https://www.lib.u-tokyo.ac.jp/ja/library/contents/archives-top/reuse,https://iiif.dl.itc.u-tokyo.ac.jp/repo/files/medium/7fb32d8adc0ca290a13a65eb6c795a89f1ab8403.jpg,https://iiif.dl.itc.u-tokyo.ac.jp/repo/api/items/1036903,"東京大学総合図書館 General Library, The University of Tokyo, JAPAN",http://iiif.io/api/presentation/2#rightToLeftDirection,,総合図書館所蔵南葵文庫,0207-02,,https://iiif.dl.itc.u-tokyo.ac.jp/repo/iiif/69913b7d-872d-6c2e-034b-53f485d28215/manifest,,,,,47
栄花物語 40巻目録系圖1巻 [3],A00:4521,エイガ モノガタリ,赤染衛門,40,林和泉椽,明暦2 [1656],図書,日本語,"書名は目首による|系圖の書名: 榮花物語|帙題簽の書名: 栄華物語|書名の繰返し部分は踊り字|巻冊次は版心による|目首下に「作者 赤染衞門」とあり|系圖末に「本云 斯栄花物語赤染衞門述作なり尤至寶なる物なるへしこのころ數夲をもて比挍するに展轉模写のあやまりに損落の文字前後の錯簡是非をわきまへかたき處々夲書に考合清書せしめ畢」との原奥書あり|刊記に「明暦第二丙申季暮秋吉旦 洛陽今出川林和泉掾板行」とあり|四周単辺無界11行, 内匡廓: 11.6×8.7cm, 白口無魚尾|後印本|印記: 「紀伊恴川 南葵文庫」|虫損あり",http://tify.sub.uni-goettingen.de/demo.html?manifest=https://archdataset.dl.itc.u-tokyo.ac.jp/manifest/b4e65305-0f61-5b7a-3bc5-7d2a685e65b2.json,b4e65305-0f61-5b7a-3bc5-7d2a685e65b2,https://iiif.dl.itc.u-tokyo.ac.jp/repo/s/nanki/,https://iiif.dl.itc.u-tokyo.ac.jp/repo/s/nanki/document/b4e65305-0f61-5b7a-3bc5-7d2a685e65b2,https://www.lib.u-tokyo.ac.jp/ja/library/contents/archives-top/reuse,https://iiif.dl.itc.u-tokyo.ac.jp/repo/files/medium/7024ed1d27457b6548b18c50274638363710a1f5.jpg,https://iiif.dl.itc.u-tokyo.ac.jp/repo/api/items/1036902,"東京大学総合図書館 General Library, The University of Tokyo, JAPAN",http://iiif.io/api/presentation/2#rightToLeftDirection,,総合図書館所蔵南葵文庫,0207-03,,https://iiif.dl.itc.u-tokyo.ac.jp/repo/iiif/b4e65305-0f61-5b7a-3bc5-7d2a685e65b2/manifest,,,,,37
栄花物語 40巻目録系圖1巻 [4],A00:4521,エイガ モノガタリ,赤染衛門,40,林和泉椽,明暦2 [1656],図書,日本語,"書名は目首による|系圖の書名: 榮花物語|帙題簽の書名: 栄華物語|書名の繰返し部分は踊り字|巻冊次は版心による|目首下に「作者 赤染衞門」とあり|系圖末に「本云 斯栄花物語赤染衞門述作なり尤至寶なる物なるへしこのころ數夲をもて比挍するに展轉模写のあやまりに損落の文字前後の錯簡是非をわきまへかたき處々夲書に考合清書せしめ畢」との原奥書あり|刊記に「明暦第二丙申季暮秋吉旦 洛陽今出川林和泉掾板行」とあり|四周単辺無界11行, 内匡廓: 11.6×8.7cm, 白口無魚尾|後印本|印記: 「紀伊恴川 南葵文庫」|虫損あり",http://tify.sub.uni-goettingen.de/demo.html?manifest=https://archdataset.dl.itc.u-tokyo.ac.jp/manifest/f3c2c97e-6991-6016-1fa0-4cd74acd034c.json,f3c2c97e-6991-6016-1fa0-4cd74acd034c,https://iiif.dl.itc.u-tokyo.ac.jp/repo/s/nanki/,https://iiif.dl.itc.u-tokyo.ac.jp/repo/s/nanki/document/f3c2c97e-6991-6016-1fa0-4cd74acd034c,https://www.lib.u-tokyo.ac.jp/ja/library/contents/archives-top/reuse,https://iiif.dl.itc.u-tokyo.ac.jp/repo/files/medium/4fc928a4c1c43bdc4cda186a297d84c23ef14ec6.jpg,https://iiif.dl.itc.u-tokyo.ac.jp/repo/api/items/1036901,"東京大学総合図書館 General Library, The University of Tokyo, JAPAN",http://iiif.io/api/presentation/2#rightToLeftDirection,,総合図書館所蔵南葵文庫,0207-04,,https://iiif.dl.itc.u-tokyo.ac.jp/repo/iiif/f3c2c97e-6991-6016-1fa0-4cd74acd034c/manifest,,,,,48
栄花物語 40巻目録系圖1巻 [5],A00:4521,エイガ モノガタリ,赤染衛門,40,林和泉椽,明暦2 [1656],図書,日本語,"書名は目首による|系圖の書名: 榮花物語|帙題簽の書名: 栄華物語|書名の繰返し部分は踊り字|巻冊次は版心による|目首下に「作者 赤染衞門」とあり|系圖末に「本云 斯栄花物語赤染衞門述作なり尤至寶なる物なるへしこのころ數夲をもて比挍するに展轉模写のあやまりに損落の文字前後の錯簡是非をわきまへかたき處々夲書に考合清書せしめ畢」との原奥書あり|刊記に「明暦第二丙申季暮秋吉旦 洛陽今出川林和泉掾板行」とあり|四周単辺無界11行, 内匡廓: 11.6×8.7cm, 白口無魚尾|後印本|印記: 「紀伊恴川 南葵文庫」|虫損あり",http://tify.sub.uni-goettingen.de/demo.html?manifest=https://archdataset.dl.itc.u-tokyo.ac.jp/manifest/00e98d6c-7fa8-2795-9b56-796210032919.json,00e98d6c-7fa8-2795-9b56-796210032919,https://iiif.dl.itc.u-tokyo.ac.jp/repo/s/nanki/,https://iiif.dl.itc.u-tokyo.ac.jp/repo/s/nanki/document/00e98d6c-7fa8-2795-9b56-796210032919,https://www.lib.u-tokyo.ac.jp/ja/library/contents/archives-top/reuse,https://iiif.dl.itc.u-tokyo.ac.jp/repo/files/medium/031f84f1e3f0b7ee05b50315e3b477db4bd6df75.jpg,https://iiif.dl.itc.u-tokyo.ac.jp/repo/api/items/1036900,"東京大学総合図書館 General Library, The University of Tokyo, JAPAN",http://iiif.io/api/presentation/2#rightToLeftDirection,,総合図書館所蔵南葵文庫,0207-05,,https://iiif.dl.itc.u-tokyo.ac.jp/repo/iiif/00e98d6c-7fa8-2795-9b56-796210032919/manifest,,,,,54
栄花物語 40巻目録系圖1巻 [6],A00:4521,エイガ モノガタリ,赤染衛門,40,林和泉椽,明暦2 [1656],図書,日本語,"書名は目首による|系圖の書名: 榮花物語|帙題簽の書名: 栄華物語|書名の繰返し部分は踊り字|巻冊次は版心による|目首下に「作者 赤染衞門」とあり|系圖末に「本云 斯栄花物語赤染衞門述作なり尤至寶なる物なるへしこのころ數夲をもて比挍するに展轉模写のあやまりに損落の文字前後の錯簡是非をわきまへかたき處々夲書に考合清書せしめ畢」との原奥書あり|刊記に「明暦第二丙申季暮秋吉旦 洛陽今出川林和泉掾板行」とあり|四周単辺無界11行, 内匡廓: 11.6×8.7cm, 白口無魚尾|後印本|印記: 「紀伊恴川 南葵文庫」|虫損あり",http://tify.sub.uni-goettingen.de/demo.html?manifest=https://archdataset.dl.itc.u-tokyo.ac.jp/manifest/abded782-2123-973a-6533-b70ce4303a29.json,abded782-2123-973a-6533-b70ce4303a29,https://iiif.dl.itc.u-tokyo.ac.jp/repo/s/nanki/,https://iiif.dl.itc.u-tokyo.ac.jp/repo/s/nanki/document/abded782-2123-973a-6533-b70ce4303a29,https://www.lib.u-tokyo.ac.jp/ja/library/contents/archives-top/reuse,https://iiif.dl.itc.u-tokyo.ac.jp/repo/files/medium/4ebe1a0c65071fd932909e54208637d9116b0b5d.jpg,https://iiif.dl.itc.u-tokyo.ac.jp/repo/api/items/1036899,"東京大学総合図書館 General Library, The University of Tokyo, JAPAN",http://iiif.io/api/presentation/2#rightToLeftDirection,,総合図書館所蔵南葵文庫,0207-06,,https://iiif.dl.itc.u-tokyo.ac.jp/repo/iiif/abded782-2123-973a-6533-b70ce4303a29/manifest,,,,,21
栄花物語 40巻目録系圖1巻 [7],A00:4521,エイガ モノガタリ,赤染衛門,40,林和泉椽,明暦2 [1656],図書,日本語,"書名は目首による|系圖の書名: 榮花物語|帙題簽の書名: 栄華物語|書名の繰返し部分は踊り字|巻冊次は版心による|目首下に「作者 赤染衞門」とあり|系圖末に「本云 斯栄花物語赤染衞門述作なり尤至寶なる物なるへしこのころ數夲をもて比挍するに展轉模写のあやまりに損落の文字前後の錯簡是非をわきまへかたき處々夲書に考合清書せしめ畢」との原奥書あり|刊記に「明暦第二丙申季暮秋吉旦 洛陽今出川林和泉掾板行」とあり|四周単辺無界11行, 内匡廓: 11.6×8.7cm, 白口無魚尾|後印本|印記: 「紀伊恴川 南葵文庫」|虫損あり",http://tify.sub.uni-goettingen.de/demo.html?manifest=https://archdataset.dl.itc.u-tokyo.ac.jp/manifest/755e66bf-82d7-0f4d-6238-e7b826e261b4.json,755e66bf-82d7-0f4d-6238-e7b826e261b4,https://iiif.dl.itc.u-tokyo.ac.jp/repo/s/nanki/,https://iiif.dl.itc.u-tokyo.ac.jp/repo/s/nanki/document/755e66bf-82d7-0f4d-6238-e7b826e261b4,https://www.lib.u-tokyo.ac.jp/ja/library/contents/archives-top/reuse,https://iiif.dl.itc.u-tokyo.ac.jp/repo/files/medium/9f9aab4a2423c48214871861609d85325f022a6b.jpg,https://iiif.dl.itc.u-tokyo.ac.jp/repo/api/items/1036898,"東京大学総合図書館 General Library, The University of Tokyo, JAPAN",http://iiif.io/api/presentation/2#rightToLeftDirection,,総合図書館所蔵南葵文庫,0207-07,,https://iiif.dl.itc.u-tokyo.ac.jp/repo/iiif/755e66bf-82d7-0f4d-6238-e7b826e261b4/manifest,,,,,36
栄花物語 40巻目録系圖1巻 [8],A00:4521,エイガ モノガタリ,赤染衛門,40,林和泉椽,明暦2 [1656],図書,日本語,"書名は目首による|系圖の書名: 榮花物語|帙題簽の書名: 栄華物語|書名の繰返し部分は踊り字|巻冊次は版心による|目首下に「作者 赤染衞門」とあり|系圖末に「本云 斯栄花物語赤染衞門述作なり尤至寶なる物なるへしこのころ數夲をもて比挍するに展轉模写のあやまりに損落の文字前後の錯簡是非をわきまへかたき處々夲書に考合清書せしめ畢」との原奥書あり|刊記に「明暦第二丙申季暮秋吉旦 洛陽今出川林和泉掾板行」とあり|四周単辺無界11行, 内匡廓: 11.6×8.7cm, 白口無魚尾|後印本|印記: 「紀伊恴川 南葵文庫」|虫損あり",http://tify.sub.uni-goettingen.de/demo.html?manifest=https://archdataset.dl.itc.u-tokyo.ac.jp/manifest/cbabb122-2c54-a45b-27f9-3289c75c7e1b.json,cbabb122-2c54-a45b-27f9-3289c75c7e1b,https://iiif.dl.itc.u-tokyo.ac.jp/repo/s/nanki/,https://iiif.dl.itc.u-tokyo.ac.jp/repo/s/nanki/document/cbabb122-2c54-a45b-27f9-3289c75c7e1b,https://www.lib.u-tokyo.ac.jp/ja/library/contents/archives-top/reuse,https://iiif.dl.itc.u-tokyo.ac.jp/repo/files/medium/5fa0d3d55b46486dd64b28bac187341b798e1882.jpg,https://iiif.dl.itc.u-tokyo.ac.jp/repo/api/items/1036897,"東京大学総合図書館 General Library, The University of Tokyo, JAPAN",http://iiif.io/api/presentation/2#rightToLeftDirection,,総合図書館所蔵南葵文庫,0207-08,,https://iiif.dl.itc.u-tokyo.ac.jp/repo/iiif/cbabb122-2c54-a45b-27f9-3289c75c7e1b/manifest,,,,,91
栄花物語 40巻目録系圖1巻 [9],A00:4521,エイガ モノガタリ,赤染衛門,40,林和泉椽,明暦2 [1656],図書,日本語,"書名は目首による|系圖の書名: 榮花物語|帙題簽の書名: 栄華物語|書名の繰返し部分は踊り字|巻冊次は版心による|目首下に「作者 赤染衞門」とあり|系圖末に「本云 斯栄花物語赤染衞門述作なり尤至寶なる物なるへしこのころ數夲をもて比挍するに展轉模写のあやまりに損落の文字前後の錯簡是非をわきまへかたき處々夲書に考合清書せしめ畢」との原奥書あり|刊記に「明暦第二丙申季暮秋吉旦 洛陽今出川林和泉掾板行」とあり|四周単辺無界11行, 内匡廓: 11.6×8.7cm, 白口無魚尾|後印本|印記: 「紀伊恴川 南葵文庫」|虫損あり",http://tify.sub.uni-goettingen.de/demo.html?manifest=https://archdataset.dl.itc.u-tokyo.ac.jp/manifest/548f9cf5-53bc-5bb7-44c8-0565b1fc386b.json,548f9cf5-53bc-5bb7-44c8-0565b1fc386b,https://iiif.dl.itc.u-tokyo.ac.jp/repo/s/nanki/,https://iiif.dl.itc.u-tokyo.ac.jp/repo/s/nanki/document/548f9cf5-53bc-5bb7-44c8-0565b1fc386b,https://www.lib.u-tokyo.ac.jp/ja/library/contents/archives-top/reuse,https://iiif.dl.itc.u-tokyo.ac.jp/repo/files/medium/16173c2a7244794ebaee23d1b398e45a8ef3796d.jpg,https://iiif.dl.itc.u-tokyo.ac.jp/repo/api/items/1036896,"東京大学総合図書館 General Library, The University of Tokyo, JAPAN",http://iiif.io/api/presentation/2#rightToLeftDirection,,総合図書館所蔵南葵文庫,0207-09,,https://iiif.dl.itc.u-tokyo.ac.jp/repo/iiif/548f9cf5-53bc-5bb7-44c8-0565b1fc386b/manifest,,,,,27
栄花物語 40巻目録系圖1巻 [10],A00:4521,エイガ モノガタリ,赤染衛門,40,林和泉椽,明暦2 [1656],図書,日本語,"書名は目首による|系圖の書名: 榮花物語|帙題簽の書名: 栄華物語|書名の繰返し部分は踊り字|巻冊次は版心による|目首下に「作者 赤染衞門」とあり|系圖末に「本云 斯栄花物語赤染衞門述作なり尤至寶なる物なるへしこのころ數夲をもて比挍するに展轉模写のあやまりに損落の文字前後の錯簡是非をわきまへかたき處々夲書に考合清書せしめ畢」との原奥書あり|刊記に「明暦第二丙申季暮秋吉旦 洛陽今出川林和泉掾板行」とあり|四周単辺無界11行, 内匡廓: 11.6×8.7cm, 白口無魚尾|後印本|印記: 「紀伊恴川 南葵文庫」|虫損あり",http://tify.sub.uni-goettingen.de/demo.html?manifest=https://archdataset.dl.itc.u-tokyo.ac.jp/manifest/edbbf04a-89ea-33b1-0b94-bfc237198a5d.json,edbbf04a-89ea-33b1-0b94-bfc237198a5d,https://iiif.dl.itc.u-tokyo.ac.jp/repo/s/nanki/,https://iiif.dl.itc.u-tokyo.ac.jp/repo/s/nanki/document/edbbf04a-89ea-33b1-0b94-bfc237198a5d,https://www.lib.u-tokyo.ac.jp/ja/library/contents/archives-top/reuse,https://iiif.dl.itc.u-tokyo.ac.jp/repo/files/medium/b1d4b8f523a62c5ffb90837b63aebf6de460a7c6.jpg,https://iiif.dl.itc.u-tokyo.ac.jp/repo/api/items/1036895,"東京大学総合図書館 General Library, The University of Tokyo, JAPAN",http://iiif.io/api/presentation/2#rightToLeftDirection,,総合図書館所蔵南葵文庫,0207-10,,https://iiif.dl.itc.u-tokyo.ac.jp/repo/iiif/edbbf04a-89ea-33b1-0b94-bfc237198a5d/manifest,,,,,36
栄花物語 40巻目録系圖1巻 [11],A00:4521,エイガ モノガタリ,赤染衛門,40,林和泉椽,明暦2 [1656],図書,日本語,"書名は目首による|系圖の書名: 榮花物語|帙題簽の書名: 栄華物語|書名の繰返し部分は踊り字|巻冊次は版心による|目首下に「作者 赤染衞門」とあり|系圖末に「本云 斯栄花物語赤染衞門述作なり尤至寶なる物なるへしこのころ數夲をもて比挍するに展轉模写のあやまりに損落の文字前後の錯簡是非をわきまへかたき處々夲書に考合清書せしめ畢」との原奥書あり|刊記に「明暦第二丙申季暮秋吉旦 洛陽今出川林和泉掾板行」とあり|四周単辺無界11行, 内匡廓: 11.6×8.7cm, 白口無魚尾|後印本|印記: 「紀伊恴川 南葵文庫」|虫損あり",http://tify.sub.uni-goettingen.de/demo.html?manifest=https://archdataset.dl.itc.u-tokyo.ac.jp/manifest/28bfeffe-a17f-0bfc-3561-3d0d1a964c40.json,28bfeffe-a17f-0bfc-3561-3d0d1a964c40,https://iiif.dl.itc.u-tokyo.ac.jp/repo/s/nanki/,https://iiif.dl.itc.u-tokyo.ac.jp/repo/s/nanki/document/28bfeffe-a17f-0bfc-3561-3d0d1a964c40,https://www.lib.u-tokyo.ac.jp/ja/library/contents/archives-top/reuse,https://iiif.dl.itc.u-tokyo.ac.jp/repo/files/medium/7aeb3ef610129a8eae2a765828d500e351c5bbcf.jpg,https://iiif.dl.itc.u-tokyo.ac.jp/repo/api/items/1036894,"東京大学総合図書館 General Library, The University of Tokyo, JAPAN",http://iiif.io/api/presentation/2#rightToLeftDirection,,総合図書館所蔵南葵文庫,0207-11,,https://iiif.dl.itc.u-tokyo.ac.jp/repo/iiif/28bfeffe-a17f-0bfc-3561-3d0d1a964c40/manifest,,,,,28
栄花物語 40巻目録系圖1巻 [12],A00:4521,エイガ モノガタリ,赤染衛門,40,林和泉椽,明暦2 [1656],図書,日本語,"書名は目首による|系圖の書名: 榮花物語|帙題簽の書名: 栄華物語|書名の繰返し部分は踊り字|巻冊次は版心による|目首下に「作者 赤染衞門」とあり|系圖末に「本云 斯栄花物語赤染衞門述作なり尤至寶なる物なるへしこのころ數夲をもて比挍するに展轉模写のあやまりに損落の文字前後の錯簡是非をわきまへかたき處々夲書に考合清書せしめ畢」との原奥書あり|刊記に「明暦第二丙申季暮秋吉旦 洛陽今出川林和泉掾板行」とあり|四周単辺無界11行, 内匡廓: 11.6×8.7cm, 白口無魚尾|後印本|印記: 「紀伊恴川 南葵文庫」|虫損あり",http://tify.sub.uni-goettingen.de/demo.html?manifest=https://archdataset.dl.itc.u-tokyo.ac.jp/manifest/fa278012-5cf4-3d1d-3d11-af56ff08361c.json,fa278012-5cf4-3d1d-3d11-af56ff08361c,https://iiif.dl.itc.u-tokyo.ac.jp/repo/s/nanki/,https://iiif.dl.itc.u-tokyo.ac.jp/repo/s/nanki/document/fa278012-5cf4-3d1d-3d11-af56ff08361c,https://www.lib.u-tokyo.ac.jp/ja/library/contents/archives-top/reuse,https://iiif.dl.itc.u-tokyo.ac.jp/repo/files/medium/47671170862b8d31ed571682e26a3360c2b4bec8.jpg,https://iiif.dl.itc.u-tokyo.ac.jp/repo/api/items/1036893,"東京大学総合図書館 General Library, The University of Tokyo, JAPAN",http://iiif.io/api/presentation/2#rightToLeftDirection,,総合図書館所蔵南葵文庫,0207-12,,https://iiif.dl.itc.u-tokyo.ac.jp/repo/iiif/fa278012-5cf4-3d1d-3d11-af56ff08361c/manifest,,,,,44
栄花物語 40巻目録系圖1巻 [13],A00:4521,エイガ モノガタリ,赤染衛門,40,林和泉椽,明暦2 [1656],図書,日本語,"書名は目首による|系圖の書名: 榮花物語|帙題簽の書名: 栄華物語|書名の繰返し部分は踊り字|巻冊次は版心による|目首下に「作者 赤染衞門」とあり|系圖末に「本云 斯栄花物語赤染衞門述作なり尤至寶なる物なるへしこのころ數夲をもて比挍するに展轉模写のあやまりに損落の文字前後の錯簡是非をわきまへかたき處々夲書に考合清書せしめ畢」との原奥書あり|刊記に「明暦第二丙申季暮秋吉旦 洛陽今出川林和泉掾板行」とあり|四周単辺無界11行, 内匡廓: 11.6×8.7cm, 白口無魚尾|後印本|印記: 「紀伊恴川 南葵文庫」|虫損あり",http://tify.sub.uni-goettingen.de/demo.html?manifest=https://archdataset.dl.itc.u-tokyo.ac.jp/manifest/190b9e78-6be4-29d6-436e-9e142f5336d8.json,190b9e78-6be4-29d6-436e-9e142f5336d8,https://iiif.dl.itc.u-tokyo.ac.jp/repo/s/nanki/,https://iiif.dl.itc.u-tokyo.ac.jp/repo/s/nanki/document/190b9e78-6be4-29d6-436e-9e142f5336d8,https://www.lib.u-tokyo.ac.jp/ja/library/contents/archives-top/reuse,https://iiif.dl.itc.u-tokyo.ac.jp/repo/files/medium/33988154800076a976734b94f3a027dd256529cc.jpg,https://iiif.dl.itc.u-tokyo.ac.jp/repo/api/items/1036892,"東京大学総合図書館 General Library, The University of Tokyo, JAPAN",http://iiif.io/api/presentation/2#rightToLeftDirection,,総合図書館所蔵南葵文庫,0207-13,,https://iiif.dl.itc.u-tokyo.ac.jp/repo/iiif/190b9e78-6be4-29d6-436e-9e142f5336d8/manifest,,,,,37
栄花物語 40巻目録系圖1巻 [14],A00:4521,エイガ モノガタリ,赤染衛門,40,林和泉椽,明暦2 [1656],図書,日本語,"書名は目首による|系圖の書名: 榮花物語|帙題簽の書名: 栄華物語|書名の繰返し部分は踊り字|巻冊次は版心による|目首下に「作者 赤染衞門」とあり|系圖末に「本云 斯栄花物語赤染衞門述作なり尤至寶なる物なるへしこのころ數夲をもて比挍するに展轉模写のあやまりに損落の文字前後の錯簡是非をわきまへかたき處々夲書に考合清書せしめ畢」との原奥書あり|刊記に「明暦第二丙申季暮秋吉旦 洛陽今出川林和泉掾板行」とあり|四周単辺無界11行, 内匡廓: 11.6×8.7cm, 白口無魚尾|後印本|印記: 「紀伊恴川 南葵文庫」|虫損あり",http://tify.sub.uni-goettingen.de/demo.html?manifest=https://archdataset.dl.itc.u-tokyo.ac.jp/manifest/9627bb75-0249-a0a9-5fed-8e4fd4a225a3.json,9627bb75-0249-a0a9-5fed-8e4fd4a225a3,https://iiif.dl.itc.u-tokyo.ac.jp/repo/s/nanki/,https://iiif.dl.itc.u-tokyo.ac.jp/repo/s/nanki/document/9627bb75-0249-a0a9-5fed-8e4fd4a225a3,https://www.lib.u-tokyo.ac.jp/ja/library/contents/archives-top/reuse,https://iiif.dl.itc.u-tokyo.ac.jp/repo/files/medium/6bf29a99cd40a8397ad4efbe3ec0067326a21152.jpg,https://iiif.dl.itc.u-tokyo.ac.jp/repo/api/items/1036891,"東京大学総合図書館 General Library, The University of Tokyo, JAPAN",http://iiif.io/api/presentation/2#rightToLeftDirection,,総合図書館所蔵南葵文庫,0207-14,,https://iiif.dl.itc.u-tokyo.ac.jp/repo/iiif/9627bb75-0249-a0a9-5fed-8e4fd4a225a3/manifest,,,,,33
栄花物語 40巻目録系圖1巻 [15],A00:4521,エイガ モノガタリ,赤染衛門,40,林和泉椽,明暦2 [1656],図書,日本語,"書名は目首による|系圖の書名: 榮花物語|帙題簽の書名: 栄華物語|書名の繰返し部分は踊り字|巻冊次は版心による|目首下に「作者 赤染衞門」とあり|系圖末に「本云 斯栄花物語赤染衞門述作なり尤至寶なる物なるへしこのころ數夲をもて比挍するに展轉模写のあやまりに損落の文字前後の錯簡是非をわきまへかたき處々夲書に考合清書せしめ畢」との原奥書あり|刊記に「明暦第二丙申季暮秋吉旦 洛陽今出川林和泉掾板行」とあり|四周単辺無界11行, 内匡廓: 11.6×8.7cm, 白口無魚尾|後印本|印記: 「紀伊恴川 南葵文庫」|虫損あり",http://tify.sub.uni-goettingen.de/demo.html?manifest=https://archdataset.dl.itc.u-tokyo.ac.jp/manifest/7d56f4c7-0bcf-895b-23cf-d09edbb50042.json,7d56f4c7-0bcf-895b-23cf-d09edbb50042,https://iiif.dl.itc.u-tokyo.ac.jp/repo/s/nanki/,https://iiif.dl.itc.u-tokyo.ac.jp/repo/s/nanki/document/7d56f4c7-0bcf-895b-23cf-d09edbb50042,https://www.lib.u-tokyo.ac.jp/ja/library/contents/archives-top/reuse,https://iiif.dl.itc.u-tokyo.ac.jp/repo/files/medium/5182635f198e00dbf35684eeba852cfe58bd02ee.jpg,https://iiif.dl.itc.u-tokyo.ac.jp/repo/api/items/1036890,"東京大学総合図書館 General Library, The University of Tokyo, JAPAN",http://iiif.io/api/presentation/2#rightToLeftDirection,,総合図書館所蔵南葵文庫,0207-15,,https://iiif.dl.itc.u-tokyo.ac.jp/repo/iiif/7d56f4c7-0bcf-895b-23cf-d09edbb50042/manifest,,,,,37
栄花物語 40巻目録系圖1巻 [16],A00:4521,エイガ モノガタリ,赤染衛門,40,林和泉椽,明暦2 [1656],図書,日本語,"書名は目首による|系圖の書名: 榮花物語|帙題簽の書名: 栄華物語|書名の繰返し部分は踊り字|巻冊次は版心による|目首下に「作者 赤染衞門」とあり|系圖末に「本云 斯栄花物語赤染衞門述作なり尤至寶なる物なるへしこのころ數夲をもて比挍するに展轉模写のあやまりに損落の文字前後の錯簡是非をわきまへかたき處々夲書に考合清書せしめ畢」との原奥書あり|刊記に「明暦第二丙申季暮秋吉旦 洛陽今出川林和泉掾板行」とあり|四周単辺無界11行, 内匡廓: 11.6×8.7cm, 白口無魚尾|後印本|印記: 「紀伊恴川 南葵文庫」|虫損あり",http://tify.sub.uni-goettingen.de/demo.html?manifest=https://archdataset.dl.itc.u-tokyo.ac.jp/manifest/d826d38c-0cf3-38da-19c7-35c18fb45e33.json,d826d38c-0cf3-38da-19c7-35c18fb45e33,https://iiif.dl.itc.u-tokyo.ac.jp/repo/s/nanki/,https://iiif.dl.itc.u-tokyo.ac.jp/repo/s/nanki/document/d826d38c-0cf3-38da-19c7-35c18fb45e33,https://www.lib.u-tokyo.ac.jp/ja/library/contents/archives-top/reuse,https://iiif.dl.itc.u-tokyo.ac.jp/repo/files/medium/37f8ca5938de9d3e7e7dcb3eb9becd19ace7ecef.jpg,https://iiif.dl.itc.u-tokyo.ac.jp/repo/api/items/1036889,"東京大学総合図書館 General Library, The University of Tokyo, JAPAN",http://iiif.io/api/presentation/2#rightToLeftDirection,,総合図書館所蔵南葵文庫,0207-16,,https://iiif.dl.itc.u-tokyo.ac.jp/repo/iiif/d826d38c-0cf3-38da-19c7-35c18fb45e33/manifest,,,,,53
栄花物語 40巻目録系圖1巻 [17],A00:4521,エイガ モノガタリ,赤染衛門,40,林和泉椽,明暦2 [1656],図書,日本語,"書名は目首による|系圖の書名: 榮花物語|帙題簽の書名: 栄華物語|書名の繰返し部分は踊り字|巻冊次は版心による|目首下に「作者 赤染衞門」とあり|系圖末に「本云 斯栄花物語赤染衞門述作なり尤至寶なる物なるへしこのころ數夲をもて比挍するに展轉模写のあやまりに損落の文字前後の錯簡是非をわきまへかたき處々夲書に考合清書せしめ畢」との原奥書あり|刊記に「明暦第二丙申季暮秋吉旦 洛陽今出川林和泉掾板行」とあり|四周単辺無界11行, 内匡廓: 11.6×8.7cm, 白口無魚尾|後印本|印記: 「紀伊恴川 南葵文庫」|虫損あり",http://tify.sub.uni-goettingen.de/demo.html?manifest=https://archdataset.dl.itc.u-tokyo.ac.jp/manifest/374bd063-433b-8074-9f5a-e380682a7261.json,374bd063-433b-8074-9f5a-e380682a7261,https://iiif.dl.itc.u-tokyo.ac.jp/repo/s/nanki/,https://iiif.dl.itc.u-tokyo.ac.jp/repo/s/nanki/document/374bd063-433b-8074-9f5a-e380682a7261,https://www.lib.u-tokyo.ac.jp/ja/library/contents/archives-top/reuse,https://iiif.dl.itc.u-tokyo.ac.jp/repo/files/medium/eef07dc9751cdfd6b7a8f58ccf41e0c5ba538131.jpg,https://iiif.dl.itc.u-tokyo.ac.jp/repo/api/items/1036888,"東京大学総合図書館 General Library, The University of Tokyo, JAPAN",http://iiif.io/api/presentation/2#rightToLeftDirection,,総合図書館所蔵南葵文庫,0207-17,,https://iiif.dl.itc.u-tokyo.ac.jp/repo/iiif/374bd063-433b-8074-9f5a-e380682a7261/manifest,,,,,32
栄花物語 40巻目録系圖1巻 [18],A00:4521,エイガ モノガタリ,赤染衛門,40,林和泉椽,明暦2 [1656],図書,日本語,"書名は目首による|系圖の書名: 榮花物語|帙題簽の書名: 栄華物語|書名の繰返し部分は踊り字|巻冊次は版心による|目首下に「作者 赤染衞門」とあり|系圖末に「本云 斯栄花物語赤染衞門述作なり尤至寶なる物なるへしこのころ數夲をもて比挍するに展轉模写のあやまりに損落の文字前後の錯簡是非をわきまへかたき處々夲書に考合清書せしめ畢」との原奥書あり|刊記に「明暦第二丙申季暮秋吉旦 洛陽今出川林和泉掾板行」とあり|四周単辺無界11行, 内匡廓: 11.6×8.7cm, 白口無魚尾|後印本|印記: 「紀伊恴川 南葵文庫」|虫損あり",http://tify.sub.uni-goettingen.de/demo.html?manifest=https://archdataset.dl.itc.u-tokyo.ac.jp/manifest/05ee0636-15d9-3db0-35ac-a85c46d288cb.json,05ee0636-15d9-3db0-35ac-a85c46d288cb,https://iiif.dl.itc.u-tokyo.ac.jp/repo/s/nanki/,https://iiif.dl.itc.u-tokyo.ac.jp/repo/s/nanki/document/05ee0636-15d9-3db0-35ac-a85c46d288cb,https://www.lib.u-tokyo.ac.jp/ja/library/contents/archives-top/reuse,https://iiif.dl.itc.u-tokyo.ac.jp/repo/files/medium/a7b37b00fd5254afb556ae0f2df69e2876b9214b.jpg,https://iiif.dl.itc.u-tokyo.ac.jp/repo/api/items/1036887,"東京大学総合図書館 General Library, The University of Tokyo, JAPAN",http://iiif.io/api/presentation/2#rightToLeftDirection,,総合図書館所蔵南葵文庫,0207-18,,https://iiif.dl.itc.u-tokyo.ac.jp/repo/iiif/05ee0636-15d9-3db0-35ac-a85c46d288cb/manifest,,,,,25
栄花物語 40巻目録系圖1巻 [19],A00:4521,エイガ モノガタリ,赤染衛門,40,林和泉椽,明暦2 [1656],図書,日本語,"書名は目首による|系圖の書名: 榮花物語|帙題簽の書名: 栄華物語|書名の繰返し部分は踊り字|巻冊次は版心による|目首下に「作者 赤染衞門」とあり|系圖末に「本云 斯栄花物語赤染衞門述作なり尤至寶なる物なるへしこのころ數夲をもて比挍するに展轉模写のあやまりに損落の文字前後の錯簡是非をわきまへかたき處々夲書に考合清書せしめ畢」との原奥書あり|刊記に「明暦第二丙申季暮秋吉旦 洛陽今出川林和泉掾板行」とあり|四周単辺無界11行, 内匡廓: 11.6×8.7cm, 白口無魚尾|後印本|印記: 「紀伊恴川 南葵文庫」|虫損あり",http://tify.sub.uni-goettingen.de/demo.html?manifest=https://archdataset.dl.itc.u-tokyo.ac.jp/manifest/eb202132-23e5-20ac-09f0-0398492c1911.json,eb202132-23e5-20ac-09f0-0398492c1911,https://iiif.dl.itc.u-tokyo.ac.jp/repo/s/nanki/,https://iiif.dl.itc.u-tokyo.ac.jp/repo/s/nanki/document/eb202132-23e5-20ac-09f0-0398492c1911,https://www.lib.u-tokyo.ac.jp/ja/library/contents/archives-top/reuse,https://iiif.dl.itc.u-tokyo.ac.jp/repo/files/medium/b87f1fa8ca1d491ba9aba5c611c2313a00f823e2.jpg,https://iiif.dl.itc.u-tokyo.ac.jp/repo/api/items/1036886,"東京大学総合図書館 General Library, The University of Tokyo, JAPAN",http://iiif.io/api/presentation/2#rightToLeftDirection,,総合図書館所蔵南葵文庫,0207-19,,https://iiif.dl.itc.u-tokyo.ac.jp/repo/iiif/eb202132-23e5-20ac-09f0-0398492c1911/manifest,,,,,25
栄花物語 40巻目録系圖1巻 [20],A00:4521,エイガ モノガタリ,赤染衛門,40,林和泉椽,明暦2 [1656],図書,日本語,"書名は目首による|系圖の書名: 榮花物語|帙題簽の書名: 栄華物語|書名の繰返し部分は踊り字|巻冊次は版心による|目首下に「作者 赤染衞門」とあり|系圖末に「本云 斯栄花物語赤染衞門述作なり尤至寶なる物なるへしこのころ數夲をもて比挍するに展轉模写のあやまりに損落の文字前後の錯簡是非をわきまへかたき處々夲書に考合清書せしめ畢」との原奥書あり|刊記に「明暦第二丙申季暮秋吉旦 洛陽今出川林和泉掾板行」とあり|四周単辺無界11行, 内匡廓: 11.6×8.7cm, 白口無魚尾|後印本|印記: 「紀伊恴川 南葵文庫」|虫損あり",http://tify.sub.uni-goettingen.de/demo.html?manifest=https://archdataset.dl.itc.u-tokyo.ac.jp/manifest/f2cd0d4a-3847-5c3e-3e27-e3cf5df8867c.json,f2cd0d4a-3847-5c3e-3e27-e3cf5df8867c,https://iiif.dl.itc.u-tokyo.ac.jp/repo/s/nanki/,https://iiif.dl.itc.u-tokyo.ac.jp/repo/s/nanki/document/f2cd0d4a-3847-5c3e-3e27-e3cf5df8867c,https://www.lib.u-tokyo.ac.jp/ja/library/contents/archives-top/reuse,https://iiif.dl.itc.u-tokyo.ac.jp/repo/files/medium/3019bdfd504924ce527f2cd2c1cb1605e9853be4.jpg,https://iiif.dl.itc.u-tokyo.ac.jp/repo/api/items/1036885,"東京大学総合図書館 General Library, The University of Tokyo, JAPAN",http://iiif.io/api/presentation/2#rightToLeftDirection,,総合図書館所蔵南葵文庫,0207-20,,https://iiif.dl.itc.u-tokyo.ac.jp/repo/iiif/f2cd0d4a-3847-5c3e-3e27-e3cf5df8867c/manifest,,,,,15
栄花物語 40巻目録系圖1巻 [21],A00:4521,エイガ モノガタリ,赤染衛門,40,林和泉椽,明暦2 [1656],図書,日本語,"書名は目首による|系圖の書名: 榮花物語|帙題簽の書名: 栄華物語|書名の繰返し部分は踊り字|巻冊次は版心による|目首下に「作者 赤染衞門」とあり|系圖末に「本云 斯栄花物語赤染衞門述作なり尤至寶なる物なるへしこのころ數夲をもて比挍するに展轉模写のあやまりに損落の文字前後の錯簡是非をわきまへかたき處々夲書に考合清書せしめ畢」との原奥書あり|刊記に「明暦第二丙申季暮秋吉旦 洛陽今出川林和泉掾板行」とあり|四周単辺無界11行, 内匡廓: 11.6×8.7cm, 白口無魚尾|後印本|印記: 「紀伊恴川 南葵文庫」|虫損あり",http://tify.sub.uni-goettingen.de/demo.html?manifest=https://archdataset.dl.itc.u-tokyo.ac.jp/manifest/3fad3bbe-851d-951c-8327-261dc7773135.json,3fad3bbe-851d-951c-8327-261dc7773135,https://iiif.dl.itc.u-tokyo.ac.jp/repo/s/nanki/,https://iiif.dl.itc.u-tokyo.ac.jp/repo/s/nanki/document/3fad3bbe-851d-951c-8327-261dc7773135,https://www.lib.u-tokyo.ac.jp/ja/library/contents/archives-top/reuse,https://iiif.dl.itc.u-tokyo.ac.jp/repo/files/medium/84b91b41adf932c2f6a6b4f8c6fcce894c3a3e54.jpg,https://iiif.dl.itc.u-tokyo.ac.jp/repo/api/items/1036884,"東京大学総合図書館 General Library, The University of Tokyo, JAPAN",http://iiif.io/api/presentation/2#rightToLeftDirection,,総合図書館所蔵南葵文庫,0207-21,,https://iiif.dl.itc.u-tokyo.ac.jp/repo/iiif/3fad3bbe-851d-951c-8327-261dc7773135/manifest,,,,,24
栄花物語 40巻目録系圖1巻 [22],A00:4521,エイガ モノガタリ,赤染衛門,40,林和泉椽,明暦2 [1656],図書,日本語,"書名は目首による|系圖の書名: 榮花物語|帙題簽の書名: 栄華物語|書名の繰返し部分は踊り字|巻冊次は版心による|目首下に「作者 赤染衞門」とあり|系圖末に「本云 斯栄花物語赤染衞門述作なり尤至寶なる物なるへしこのころ數夲をもて比挍するに展轉模写のあやまりに損落の文字前後の錯簡是非をわきまへかたき處々夲書に考合清書せしめ畢」との原奥書あり|刊記に「明暦第二丙申季暮秋吉旦 洛陽今出川林和泉掾板行」とあり|四周単辺無界11行, 内匡廓: 11.6×8.7cm, 白口無魚尾|後印本|印記: 「紀伊恴川 南葵文庫」|虫損あり",http://tify.sub.uni-goettingen.de/demo.html?manifest=https://archdataset.dl.itc.u-tokyo.ac.jp/manifest/f347f5b9-164b-2574-8bac-b68bc8ee6c50.json,f347f5b9-164b-2574-8bac-b68bc8ee6c50,https://iiif.dl.itc.u-tokyo.ac.jp/repo/s/nanki/,https://iiif.dl.itc.u-tokyo.ac.jp/repo/s/nanki/document/f347f5b9-164b-2574-8bac-b68bc8ee6c50,https://www.lib.u-tokyo.ac.jp/ja/library/contents/archives-top/reuse,https://iiif.dl.itc.u-tokyo.ac.jp/repo/files/medium/7a1c5c6ca335c4bd24ef351d8b8ef7d59e1d4461.jpg,https://iiif.dl.itc.u-tokyo.ac.jp/repo/api/items/1036883,"東京大学総合図書館 General Library, The University of Tokyo, JAPAN",http://iiif.io/api/presentation/2#rightToLeftDirection,,総合図書館所蔵南葵文庫,0207-22,,https://iiif.dl.itc.u-tokyo.ac.jp/repo/iiif/f347f5b9-164b-2574-8bac-b68bc8ee6c50/manifest,,,,,16
栄花物語 40巻目録系圖1巻 [23],A00:4521,エイガ モノガタリ,赤染衛門,40,林和泉椽,明暦2 [1656],図書,日本語,"書名は目首による|系圖の書名: 榮花物語|帙題簽の書名: 栄華物語|書名の繰返し部分は踊り字|巻冊次は版心による|目首下に「作者 赤染衞門」とあり|系圖末に「本云 斯栄花物語赤染衞門述作なり尤至寶なる物なるへしこのころ數夲をもて比挍するに展轉模写のあやまりに損落の文字前後の錯簡是非をわきまへかたき處々夲書に考合清書せしめ畢」との原奥書あり|刊記に「明暦第二丙申季暮秋吉旦 洛陽今出川林和泉掾板行」とあり|四周単辺無界11行, 内匡廓: 11.6×8.7cm, 白口無魚尾|後印本|印記: 「紀伊恴川 南葵文庫」|虫損あり",http://tify.sub.uni-goettingen.de/demo.html?manifest=https://archdataset.dl.itc.u-tokyo.ac.jp/manifest/f935ed31-19d7-7782-72e6-bed26de2179a.json,f935ed31-19d7-7782-72e6-bed26de2179a,https://iiif.dl.itc.u-tokyo.ac.jp/repo/s/nanki/,https://iiif.dl.itc.u-tokyo.ac.jp/repo/s/nanki/document/f935ed31-19d7-7782-72e6-bed26de2179a,https://www.lib.u-tokyo.ac.jp/ja/library/contents/archives-top/reuse,https://iiif.dl.itc.u-tokyo.ac.jp/repo/files/medium/cd9758d749c0566c9eec7749a7ec4dfaf55e2440.jpg,https://iiif.dl.itc.u-tokyo.ac.jp/repo/api/items/1036882,"東京大学総合図書館 General Library, The University of Tokyo, JAPAN",http://iiif.io/api/presentation/2#rightToLeftDirection,,総合図書館所蔵南葵文庫,0207-23,,https://iiif.dl.itc.u-tokyo.ac.jp/repo/iiif/f935ed31-19d7-7782-72e6-bed26de2179a/manifest,,,,,21
栄花物語 40巻目録系圖1巻 [24],A00:4521,エイガ モノガタリ,赤染衛門,40,林和泉椽,明暦2 [1656],図書,日本語,"書名は目首による|系圖の書名: 榮花物語|帙題簽の書名: 栄華物語|書名の繰返し部分は踊り字|巻冊次は版心による|目首下に「作者 赤染衞門」とあり|系圖末に「本云 斯栄花物語赤染衞門述作なり尤至寶なる物なるへしこのころ數夲をもて比挍するに展轉模写のあやまりに損落の文字前後の錯簡是非をわきまへかたき處々夲書に考合清書せしめ畢」との原奥書あり|刊記に「明暦第二丙申季暮秋吉旦 洛陽今出川林和泉掾板行」とあり|四周単辺無界11行, 内匡廓: 11.6×8.7cm, 白口無魚尾|後印本|印記: 「紀伊恴川 南葵文庫」|虫損あり",http://tify.sub.uni-goettingen.de/demo.html?manifest=https://archdataset.dl.itc.u-tokyo.ac.jp/manifest/dc3559ed-4706-39cc-7e26-deecf3ac57b9.json,dc3559ed-4706-39cc-7e26-deecf3ac57b9,https://iiif.dl.itc.u-tokyo.ac.jp/repo/s/nanki/,https://iiif.dl.itc.u-tokyo.ac.jp/repo/s/nanki/document/dc3559ed-4706-39cc-7e26-deecf3ac57b9,https://www.lib.u-tokyo.ac.jp/ja/library/contents/archives-top/reuse,https://iiif.dl.itc.u-tokyo.ac.jp/repo/files/medium/0b0d3025c46feda55ba699a7caff08d2c02a3f36.jpg,https://iiif.dl.itc.u-tokyo.ac.jp/repo/api/items/1036881,"東京大学総合図書館 General Library, The University of Tokyo, JAPAN",http://iiif.io/api/presentation/2#rightToLeftDirection,,総合図書館所蔵南葵文庫,0207-24,,https://iiif.dl.itc.u-tokyo.ac.jp/repo/iiif/dc3559ed-4706-39cc-7e26-deecf3ac57b9/manifest,,,,,26
栄花物語 40巻目録系圖1巻 [25],A00:4521,エイガ モノガタリ,赤染衛門,40,林和泉椽,明暦2 [1656],図書,日本語,"書名は目首による|系圖の書名: 榮花物語|帙題簽の書名: 栄華物語|書名の繰返し部分は踊り字|巻冊次は版心による|目首下に「作者 赤染衞門」とあり|系圖末に「本云 斯栄花物語赤染衞門述作なり尤至寶なる物なるへしこのころ數夲をもて比挍するに展轉模写のあやまりに損落の文字前後の錯簡是非をわきまへかたき處々夲書に考合清書せしめ畢」との原奥書あり|刊記に「明暦第二丙申季暮秋吉旦 洛陽今出川林和泉掾板行」とあり|四周単辺無界11行, 内匡廓: 11.6×8.7cm, 白口無魚尾|後印本|印記: 「紀伊恴川 南葵文庫」|虫損あり",http://tify.sub.uni-goettingen.de/demo.html?manifest=https://archdataset.dl.itc.u-tokyo.ac.jp/manifest/ec90b81e-99a2-565a-9a68-c15c1a5072b1.json,ec90b81e-99a2-565a-9a68-c15c1a5072b1,https://iiif.dl.itc.u-tokyo.ac.jp/repo/s/nanki/,https://iiif.dl.itc.u-tokyo.ac.jp/repo/s/nanki/document/ec90b81e-99a2-565a-9a68-c15c1a5072b1,https://www.lib.u-tokyo.ac.jp/ja/library/contents/archives-top/reuse,https://iiif.dl.itc.u-tokyo.ac.jp/repo/files/medium/58581030ebd80687239fe7141569fc1bd6378a53.jpg,https://iiif.dl.itc.u-tokyo.ac.jp/repo/api/items/1036880,"東京大学総合図書館 General Library, The University of Tokyo, JAPAN",http://iiif.io/api/presentation/2#rightToLeftDirection,,総合図書館所蔵南葵文庫,0207-25,,https://iiif.dl.itc.u-tokyo.ac.jp/repo/iiif/ec90b81e-99a2-565a-9a68-c15c1a5072b1/manifest,,,,,33
栄花物語 40巻目録系圖1巻 [26],A00:4521,エイガ モノガタリ,赤染衛門,40,林和泉椽,明暦2 [1656],図書,日本語,"書名は目首による|系圖の書名: 榮花物語|帙題簽の書名: 栄華物語|書名の繰返し部分は踊り字|巻冊次は版心による|目首下に「作者 赤染衞門」とあり|系圖末に「本云 斯栄花物語赤染衞門述作なり尤至寶なる物なるへしこのころ數夲をもて比挍するに展轉模写のあやまりに損落の文字前後の錯簡是非をわきまへかたき處々夲書に考合清書せしめ畢」との原奥書あり|刊記に「明暦第二丙申季暮秋吉旦 洛陽今出川林和泉掾板行」とあり|四周単辺無界11行, 内匡廓: 11.6×8.7cm, 白口無魚尾|後印本|印記: 「紀伊恴川 南葵文庫」|虫損あり",http://tify.sub.uni-goettingen.de/demo.html?manifest=https://archdataset.dl.itc.u-tokyo.ac.jp/manifest/cff398c8-74de-4614-29e5-5ba5fe8816be.json,cff398c8-74de-4614-29e5-5ba5fe8816be,https://iiif.dl.itc.u-tokyo.ac.jp/repo/s/nanki/,https://iiif.dl.itc.u-tokyo.ac.jp/repo/s/nanki/document/cff398c8-74de-4614-29e5-5ba5fe8816be,https://www.lib.u-tokyo.ac.jp/ja/library/contents/archives-top/reuse,https://iiif.dl.itc.u-tokyo.ac.jp/repo/files/medium/4b7102f05b51e3c51cd53617cb9f0b8509686b81.jpg,https://iiif.dl.itc.u-tokyo.ac.jp/repo/api/items/1036879,"東京大学総合図書館 General Library, The University of Tokyo, JAPAN",http://iiif.io/api/presentation/2#rightToLeftDirection,,総合図書館所蔵南葵文庫,0207-26,,https://iiif.dl.itc.u-tokyo.ac.jp/repo/iiif/cff398c8-74de-4614-29e5-5ba5fe8816be/manifest,,,,,43
栄花物語 40巻目録系圖1巻 [27],A00:4521,エイガ モノガタリ,赤染衛門,40,林和泉椽,明暦2 [1656],図書,日本語,"書名は目首による|系圖の書名: 榮花物語|帙題簽の書名: 栄華物語|書名の繰返し部分は踊り字|巻冊次は版心による|目首下に「作者 赤染衞門」とあり|系圖末に「本云 斯栄花物語赤染衞門述作なり尤至寶なる物なるへしこのころ數夲をもて比挍するに展轉模写のあやまりに損落の文字前後の錯簡是非をわきまへかたき處々夲書に考合清書せしめ畢」との原奥書あり|刊記に「明暦第二丙申季暮秋吉旦 洛陽今出川林和泉掾板行」とあり|四周単辺無界11行, 内匡廓: 11.6×8.7cm, 白口無魚尾|後印本|印記: 「紀伊恴川 南葵文庫」|虫損あり",http://tify.sub.uni-goettingen.de/demo.html?manifest=https://archdataset.dl.itc.u-tokyo.ac.jp/manifest/460175e1-58f8-327b-3967-b41c495c910f.json,460175e1-58f8-327b-3967-b41c495c910f,https://iiif.dl.itc.u-tokyo.ac.jp/repo/s/nanki/,https://iiif.dl.itc.u-tokyo.ac.jp/repo/s/nanki/document/460175e1-58f8-327b-3967-b41c495c910f,https://www.lib.u-tokyo.ac.jp/ja/library/contents/archives-top/reuse,https://iiif.dl.itc.u-tokyo.ac.jp/repo/files/medium/e29c541a94777de42577eea2f8edb0f7eb1530ad.jpg,https://iiif.dl.itc.u-tokyo.ac.jp/repo/api/items/1036878,"東京大学総合図書館 General Library, The University of Tokyo, JAPAN",http://iiif.io/api/presentation/2#rightToLeftDirection,,総合図書館所蔵南葵文庫,0207-27,,https://iiif.dl.itc.u-tokyo.ac.jp/repo/iiif/460175e1-58f8-327b-3967-b41c495c910f/manifest,,,,,56
栄花物語 40巻目録系圖1巻 [28],A00:4521,エイガ モノガタリ,赤染衛門,40,林和泉椽,明暦2 [1656],図書,日本語,"書名は目首による|系圖の書名: 榮花物語|帙題簽の書名: 栄華物語|書名の繰返し部分は踊り字|巻冊次は版心による|目首下に「作者 赤染衞門」とあり|系圖末に「本云 斯栄花物語赤染衞門述作なり尤至寶なる物なるへしこのころ數夲をもて比挍するに展轉模写のあやまりに損落の文字前後の錯簡是非をわきまへかたき處々夲書に考合清書せしめ畢」との原奥書あり|刊記に「明暦第二丙申季暮秋吉旦 洛陽今出川林和泉掾板行」とあり|四周単辺無界11行, 内匡廓: 11.6×8.7cm, 白口無魚尾|後印本|印記: 「紀伊恴川 南葵文庫」|虫損あり",http://tify.sub.uni-goettingen.de/demo.html?manifest=https://archdataset.dl.itc.u-tokyo.ac.jp/manifest/31ffd4ce-10e8-4d94-5259-7392ced73441.json,31ffd4ce-10e8-4d94-5259-7392ced73441,https://iiif.dl.itc.u-tokyo.ac.jp/repo/s/nanki/,https://iiif.dl.itc.u-tokyo.ac.jp/repo/s/nanki/document/31ffd4ce-10e8-4d94-5259-7392ced73441,https://www.lib.u-tokyo.ac.jp/ja/library/contents/archives-top/reuse,https://iiif.dl.itc.u-tokyo.ac.jp/repo/files/medium/0f9f9bebf33c521d61263c036c161362b642bd72.jpg,https://iiif.dl.itc.u-tokyo.ac.jp/repo/api/items/1036877,"東京大学総合図書館 General Library, The University of Tokyo, JAPAN",http://iiif.io/api/presentation/2#rightToLeftDirection,,総合図書館所蔵南葵文庫,0207-28,,https://iiif.dl.itc.u-tokyo.ac.jp/repo/iiif/31ffd4ce-10e8-4d94-5259-7392ced73441/manifest,,,,,26
栄花物語 40巻目録系圖1巻 [29],A00:4521,エイガ モノガタリ,赤染衛門,40,林和泉椽,明暦2 [1656],図書,日本語,"書名は目首による|系圖の書名: 榮花物語|帙題簽の書名: 栄華物語|書名の繰返し部分は踊り字|巻冊次は版心による|目首下に「作者 赤染衞門」とあり|系圖末に「本云 斯栄花物語赤染衞門述作なり尤至寶なる物なるへしこのころ數夲をもて比挍するに展轉模写のあやまりに損落の文字前後の錯簡是非をわきまへかたき處々夲書に考合清書せしめ畢」との原奥書あり|刊記に「明暦第二丙申季暮秋吉旦 洛陽今出川林和泉掾板行」とあり|四周単辺無界11行, 内匡廓: 11.6×8.7cm, 白口無魚尾|後印本|印記: 「紀伊恴川 南葵文庫」|虫損あり",http://tify.sub.uni-goettingen.de/demo.html?manifest=https://archdataset.dl.itc.u-tokyo.ac.jp/manifest/46b25cd8-81fa-6217-7e82-89e309960b2a.json,46b25cd8-81fa-6217-7e82-89e309960b2a,https://iiif.dl.itc.u-tokyo.ac.jp/repo/s/nanki/,https://iiif.dl.itc.u-tokyo.ac.jp/repo/s/nanki/document/46b25cd8-81fa-6217-7e82-89e309960b2a,https://www.lib.u-tokyo.ac.jp/ja/library/contents/archives-top/reuse,https://iiif.dl.itc.u-tokyo.ac.jp/repo/files/medium/cf40876441a2b65d4f4f9bc8d6980bd99aff1349.jpg,https://iiif.dl.itc.u-tokyo.ac.jp/repo/api/items/1036876,"東京大学総合図書館 General Library, The University of Tokyo, JAPAN",http://iiif.io/api/presentation/2#rightToLeftDirection,,総合図書館所蔵南葵文庫,0207-29,,https://iiif.dl.itc.u-tokyo.ac.jp/repo/iiif/46b25cd8-81fa-6217-7e82-89e309960b2a/manifest,,,,,37
栄花物語 40巻目録系圖1巻 [30],A00:4521,エイガ モノガタリ,赤染衛門,40,林和泉椽,明暦2 [1656],図書,日本語,"書名は目首による|系圖の書名: 榮花物語|帙題簽の書名: 栄華物語|書名の繰返し部分は踊り字|巻冊次は版心による|目首下に「作者 赤染衞門」とあり|系圖末に「本云 斯栄花物語赤染衞門述作なり尤至寶なる物なるへしこのころ數夲をもて比挍するに展轉模写のあやまりに損落の文字前後の錯簡是非をわきまへかたき處々夲書に考合清書せしめ畢」との原奥書あり|刊記に「明暦第二丙申季暮秋吉旦 洛陽今出川林和泉掾板行」とあり|四周単辺無界11行, 内匡廓: 11.6×8.7cm, 白口無魚尾|後印本|印記: 「紀伊恴川 南葵文庫」|虫損あり",http://tify.sub.uni-goettingen.de/demo.html?manifest=https://archdataset.dl.itc.u-tokyo.ac.jp/manifest/a5f949ee-2319-0039-383d-7d0d45d8962b.json,a5f949ee-2319-0039-383d-7d0d45d8962b,https://iiif.dl.itc.u-tokyo.ac.jp/repo/s/nanki/,https://iiif.dl.itc.u-tokyo.ac.jp/repo/s/nanki/document/a5f949ee-2319-0039-383d-7d0d45d8962b,https://www.lib.u-tokyo.ac.jp/ja/library/contents/archives-top/reuse,https://iiif.dl.itc.u-tokyo.ac.jp/repo/files/medium/aa32d334f59d164af0f10f3186cf0aaf7d684702.jpg,https://iiif.dl.itc.u-tokyo.ac.jp/repo/api/items/1036875,"東京大学総合図書館 General Library, The University of Tokyo, JAPAN",http://iiif.io/api/presentation/2#rightToLeftDirection,,総合図書館所蔵南葵文庫,0207-30,,https://iiif.dl.itc.u-tokyo.ac.jp/repo/iiif/a5f949ee-2319-0039-383d-7d0d45d8962b/manifest,,,,,34
栄花物語 40巻目録系圖1巻 [31],A00:4521,エイガ モノガタリ,赤染衛門,40,林和泉椽,明暦2 [1656],図書,日本語,"書名は目首による|系圖の書名: 榮花物語|帙題簽の書名: 栄華物語|書名の繰返し部分は踊り字|巻冊次は版心による|目首下に「作者 赤染衞門」とあり|系圖末に「本云 斯栄花物語赤染衞門述作なり尤至寶なる物なるへしこのころ數夲をもて比挍するに展轉模写のあやまりに損落の文字前後の錯簡是非をわきまへかたき處々夲書に考合清書せしめ畢」との原奥書あり|刊記に「明暦第二丙申季暮秋吉旦 洛陽今出川林和泉掾板行」とあり|四周単辺無界11行, 内匡廓: 11.6×8.7cm, 白口無魚尾|後印本|印記: 「紀伊恴川 南葵文庫」|虫損あり",http://tify.sub.uni-goettingen.de/demo.html?manifest=https://archdataset.dl.itc.u-tokyo.ac.jp/manifest/b051f6bb-2045-843e-2860-0c97d4cc17a9.json,b051f6bb-2045-843e-2860-0c97d4cc17a9,https://iiif.dl.itc.u-tokyo.ac.jp/repo/s/nanki/,https://iiif.dl.itc.u-tokyo.ac.jp/repo/s/nanki/document/b051f6bb-2045-843e-2860-0c97d4cc17a9,https://www.lib.u-tokyo.ac.jp/ja/library/contents/archives-top/reuse,https://iiif.dl.itc.u-tokyo.ac.jp/repo/files/medium/48a179cee80c30715103ba3279fcfbb89723b434.jpg,https://iiif.dl.itc.u-tokyo.ac.jp/repo/api/items/1036874,"東京大学総合図書館 General Library, The University of Tokyo, JAPAN",http://iiif.io/api/presentation/2#rightToLeftDirection,,総合図書館所蔵南葵文庫,0207-31,,https://iiif.dl.itc.u-tokyo.ac.jp/repo/iiif/b051f6bb-2045-843e-2860-0c97d4cc17a9/manifest,,,,,35
栄花物語 40巻目録系圖1巻 [32],A00:4521,エイガ モノガタリ,赤染衛門,40,林和泉椽,明暦2 [1656],図書,日本語,"書名は目首による|系圖の書名: 榮花物語|帙題簽の書名: 栄華物語|書名の繰返し部分は踊り字|巻冊次は版心による|目首下に「作者 赤染衞門」とあり|系圖末に「本云 斯栄花物語赤染衞門述作なり尤至寶なる物なるへしこのころ數夲をもて比挍するに展轉模写のあやまりに損落の文字前後の錯簡是非をわきまへかたき處々夲書に考合清書せしめ畢」との原奥書あり|刊記に「明暦第二丙申季暮秋吉旦 洛陽今出川林和泉掾板行」とあり|四周単辺無界11行, 内匡廓: 11.6×8.7cm, 白口無魚尾|後印本|印記: 「紀伊恴川 南葵文庫」|虫損あり",http://tify.sub.uni-goettingen.de/demo.html?manifest=https://archdataset.dl.itc.u-tokyo.ac.jp/manifest/91abffc7-9876-502b-5f54-55a4deaf5fbb.json,91abffc7-9876-502b-5f54-55a4deaf5fbb,https://iiif.dl.itc.u-tokyo.ac.jp/repo/s/nanki/,https://iiif.dl.itc.u-tokyo.ac.jp/repo/s/nanki/document/91abffc7-9876-502b-5f54-55a4deaf5fbb,https://www.lib.u-tokyo.ac.jp/ja/library/contents/archives-top/reuse,https://iiif.dl.itc.u-tokyo.ac.jp/repo/files/medium/6dece59d01c12e70294afc1e79eae972ccff3768.jpg,https://iiif.dl.itc.u-tokyo.ac.jp/repo/api/items/1036873,"東京大学総合図書館 General Library, The University of Tokyo, JAPAN",http://iiif.io/api/presentation/2#rightToLeftDirection,,総合図書館所蔵南葵文庫,0207-32,,https://iiif.dl.itc.u-tokyo.ac.jp/repo/iiif/91abffc7-9876-502b-5f54-55a4deaf5fbb/manifest,,,,,31
栄花物語 40巻目録系圖1巻 [33],A00:4521,エイガ モノガタリ,赤染衛門,40,林和泉椽,明暦2 [1656],図書,日本語,"書名は目首による|系圖の書名: 榮花物語|帙題簽の書名: 栄華物語|書名の繰返し部分は踊り字|巻冊次は版心による|目首下に「作者 赤染衞門」とあり|系圖末に「本云 斯栄花物語赤染衞門述作なり尤至寶なる物なるへしこのころ數夲をもて比挍するに展轉模写のあやまりに損落の文字前後の錯簡是非をわきまへかたき處々夲書に考合清書せしめ畢」との原奥書あり|刊記に「明暦第二丙申季暮秋吉旦 洛陽今出川林和泉掾板行」とあり|四周単辺無界11行, 内匡廓: 11.6×8.7cm, 白口無魚尾|後印本|印記: 「紀伊恴川 南葵文庫」|虫損あり",http://tify.sub.uni-goettingen.de/demo.html?manifest=https://archdataset.dl.itc.u-tokyo.ac.jp/manifest/b46d075b-80f2-8dfe-4bcd-8d8af3ab1a7b.json,b46d075b-80f2-8dfe-4bcd-8d8af3ab1a7b,https://iiif.dl.itc.u-tokyo.ac.jp/repo/s/nanki/,https://iiif.dl.itc.u-tokyo.ac.jp/repo/s/nanki/document/b46d075b-80f2-8dfe-4bcd-8d8af3ab1a7b,https://www.lib.u-tokyo.ac.jp/ja/library/contents/archives-top/reuse,https://iiif.dl.itc.u-tokyo.ac.jp/repo/files/medium/c47edf8f7a80733865128d43c0c948cb2d28d5f4.jpg,https://iiif.dl.itc.u-tokyo.ac.jp/repo/api/items/1036872,"東京大学総合図書館 General Library, The University of Tokyo, JAPAN",http://iiif.io/api/presentation/2#rightToLeftDirection,,総合図書館所蔵南葵文庫,0207-33,,https://iiif.dl.itc.u-tokyo.ac.jp/repo/iiif/b46d075b-80f2-8dfe-4bcd-8d8af3ab1a7b/manifest,,,,,23
栄花物語 40巻目録系圖1巻 [34],A00:4521,エイガ モノガタリ,赤染衛門,40,林和泉椽,明暦2 [1656],図書,日本語,"書名は目首による|系圖の書名: 榮花物語|帙題簽の書名: 栄華物語|書名の繰返し部分は踊り字|巻冊次は版心による|目首下に「作者 赤染衞門」とあり|系圖末に「本云 斯栄花物語赤染衞門述作なり尤至寶なる物なるへしこのころ數夲をもて比挍するに展轉模写のあやまりに損落の文字前後の錯簡是非をわきまへかたき處々夲書に考合清書せしめ畢」との原奥書あり|刊記に「明暦第二丙申季暮秋吉旦 洛陽今出川林和泉掾板行」とあり|四周単辺無界11行, 内匡廓: 11.6×8.7cm, 白口無魚尾|後印本|印記: 「紀伊恴川 南葵文庫」|虫損あり",http://tify.sub.uni-goettingen.de/demo.html?manifest=https://archdataset.dl.itc.u-tokyo.ac.jp/manifest/8a301382-04dc-9db0-5d45-5ca443463e95.json,8a301382-04dc-9db0-5d45-5ca443463e95,https://iiif.dl.itc.u-tokyo.ac.jp/repo/s/nanki/,https://iiif.dl.itc.u-tokyo.ac.jp/repo/s/nanki/document/8a301382-04dc-9db0-5d45-5ca443463e95,https://www.lib.u-tokyo.ac.jp/ja/library/contents/archives-top/reuse,https://iiif.dl.itc.u-tokyo.ac.jp/repo/files/medium/ced300aaf0e163f65b01c5aebe9694104103ad9f.jpg,https://iiif.dl.itc.u-tokyo.ac.jp/repo/api/items/1036871,"東京大学総合図書館 General Library, The University of Tokyo, JAPAN",http://iiif.io/api/presentation/2#rightToLeftDirection,,総合図書館所蔵南葵文庫,0207-34,,https://iiif.dl.itc.u-tokyo.ac.jp/repo/iiif/8a301382-04dc-9db0-5d45-5ca443463e95/manifest,,,,,29
栄花物語 40巻目録系圖1巻 [35],A00:4521,エイガ モノガタリ,赤染衛門,40,林和泉椽,明暦2 [1656],図書,日本語,"書名は目首による|系圖の書名: 榮花物語|帙題簽の書名: 栄華物語|書名の繰返し部分は踊り字|巻冊次は版心による|目首下に「作者 赤染衞門」とあり|系圖末に「本云 斯栄花物語赤染衞門述作なり尤至寶なる物なるへしこのころ數夲をもて比挍するに展轉模写のあやまりに損落の文字前後の錯簡是非をわきまへかたき處々夲書に考合清書せしめ畢」との原奥書あり|刊記に「明暦第二丙申季暮秋吉旦 洛陽今出川林和泉掾板行」とあり|四周単辺無界11行, 内匡廓: 11.6×8.7cm, 白口無魚尾|後印本|印記: 「紀伊恴川 南葵文庫」|虫損あり",http://tify.sub.uni-goettingen.de/demo.html?manifest=https://archdataset.dl.itc.u-tokyo.ac.jp/manifest/04939b10-11c5-1dfc-02a0-4409ccd6475f.json,04939b10-11c5-1dfc-02a0-4409ccd6475f,https://iiif.dl.itc.u-tokyo.ac.jp/repo/s/nanki/,https://iiif.dl.itc.u-tokyo.ac.jp/repo/s/nanki/document/04939b10-11c5-1dfc-02a0-4409ccd6475f,https://www.lib.u-tokyo.ac.jp/ja/library/contents/archives-top/reuse,https://iiif.dl.itc.u-tokyo.ac.jp/repo/files/medium/14b7bfccac71cb9ed0fb092c2feef75088b9fb79.jpg,https://iiif.dl.itc.u-tokyo.ac.jp/repo/api/items/1036870,"東京大学総合図書館 General Library, The University of Tokyo, JAPAN",http://iiif.io/api/presentation/2#rightToLeftDirection,,総合図書館所蔵南葵文庫,0207-35,,https://iiif.dl.itc.u-tokyo.ac.jp/repo/iiif/04939b10-11c5-1dfc-02a0-4409ccd6475f/manifest,,,,,11
栄花物語 40巻目録系圖1巻 [36],A00:4521,エイガ モノガタリ,赤染衛門,40,林和泉椽,明暦2 [1656],図書,日本語,"書名は目首による|系圖の書名: 榮花物語|帙題簽の書名: 栄華物語|書名の繰返し部分は踊り字|巻冊次は版心による|目首下に「作者 赤染衞門」とあり|系圖末に「本云 斯栄花物語赤染衞門述作なり尤至寶なる物なるへしこのころ數夲をもて比挍するに展轉模写のあやまりに損落の文字前後の錯簡是非をわきまへかたき處々夲書に考合清書せしめ畢」との原奥書あり|刊記に「明暦第二丙申季暮秋吉旦 洛陽今出川林和泉掾板行」とあり|四周単辺無界11行, 内匡廓: 11.6×8.7cm, 白口無魚尾|後印本|印記: 「紀伊恴川 南葵文庫」|虫損あり",http://tify.sub.uni-goettingen.de/demo.html?manifest=https://archdataset.dl.itc.u-tokyo.ac.jp/manifest/2d56caad-8c9a-18fc-6534-65198ed56e34.json,2d56caad-8c9a-18fc-6534-65198ed56e34,https://iiif.dl.itc.u-tokyo.ac.jp/repo/s/nanki/,https://iiif.dl.itc.u-tokyo.ac.jp/repo/s/nanki/document/2d56caad-8c9a-18fc-6534-65198ed56e34,https://www.lib.u-tokyo.ac.jp/ja/library/contents/archives-top/reuse,https://iiif.dl.itc.u-tokyo.ac.jp/repo/files/medium/f28a2685f37053e93c38a5927dfc366650a3b6b7.jpg,https://iiif.dl.itc.u-tokyo.ac.jp/repo/api/items/1036869,"東京大学総合図書館 General Library, The University of Tokyo, JAPAN",http://iiif.io/api/presentation/2#rightToLeftDirection,,総合図書館所蔵南葵文庫,0207-36,,https://iiif.dl.itc.u-tokyo.ac.jp/repo/iiif/2d56caad-8c9a-18fc-6534-65198ed56e34/manifest,,,,,59
栄花物語 40巻目録系圖1巻 [37],A00:4521,エイガ モノガタリ,赤染衛門,40,林和泉椽,明暦2 [1656],図書,日本語,"書名は目首による|系圖の書名: 榮花物語|帙題簽の書名: 栄華物語|書名の繰返し部分は踊り字|巻冊次は版心による|目首下に「作者 赤染衞門」とあり|系圖末に「本云 斯栄花物語赤染衞門述作なり尤至寶なる物なるへしこのころ數夲をもて比挍するに展轉模写のあやまりに損落の文字前後の錯簡是非をわきまへかたき處々夲書に考合清書せしめ畢」との原奥書あり|刊記に「明暦第二丙申季暮秋吉旦 洛陽今出川林和泉掾板行」とあり|四周単辺無界11行, 内匡廓: 11.6×8.7cm, 白口無魚尾|後印本|印記: 「紀伊恴川 南葵文庫」|虫損あり",http://tify.sub.uni-goettingen.de/demo.html?manifest=https://archdataset.dl.itc.u-tokyo.ac.jp/manifest/1f7934cb-30d5-4128-1315-e00fbcae5fb4.json,1f7934cb-30d5-4128-1315-e00fbcae5fb4,https://iiif.dl.itc.u-tokyo.ac.jp/repo/s/nanki/,https://iiif.dl.itc.u-tokyo.ac.jp/repo/s/nanki/document/1f7934cb-30d5-4128-1315-e00fbcae5fb4,https://www.lib.u-tokyo.ac.jp/ja/library/contents/archives-top/reuse,https://iiif.dl.itc.u-tokyo.ac.jp/repo/files/medium/c2fa8a697b5faf0248b19930379aa51f397d8cd1.jpg,https://iiif.dl.itc.u-tokyo.ac.jp/repo/api/items/1036868,"東京大学総合図書館 General Library, The University of Tokyo, JAPAN",http://iiif.io/api/presentation/2#rightToLeftDirection,,総合図書館所蔵南葵文庫,0207-37,,https://iiif.dl.itc.u-tokyo.ac.jp/repo/iiif/1f7934cb-30d5-4128-1315-e00fbcae5fb4/manifest,,,,,23
栄花物語 40巻目録系圖1巻 [38],A00:4521,エイガ モノガタリ,赤染衛門,40,林和泉椽,明暦2 [1656],図書,日本語,"書名は目首による|系圖の書名: 榮花物語|帙題簽の書名: 栄華物語|書名の繰返し部分は踊り字|巻冊次は版心による|目首下に「作者 赤染衞門」とあり|系圖末に「本云 斯栄花物語赤染衞門述作なり尤至寶なる物なるへしこのころ數夲をもて比挍するに展轉模写のあやまりに損落の文字前後の錯簡是非をわきまへかたき處々夲書に考合清書せしめ畢」との原奥書あり|刊記に「明暦第二丙申季暮秋吉旦 洛陽今出川林和泉掾板行」とあり|四周単辺無界11行, 内匡廓: 11.6×8.7cm, 白口無魚尾|後印本|印記: 「紀伊恴川 南葵文庫」|虫損あり",http://tify.sub.uni-goettingen.de/demo.html?manifest=https://archdataset.dl.itc.u-tokyo.ac.jp/manifest/30ad37f4-50d0-96d8-1bad-68cf25576e59.json,30ad37f4-50d0-96d8-1bad-68cf25576e59,https://iiif.dl.itc.u-tokyo.ac.jp/repo/s/nanki/,https://iiif.dl.itc.u-tokyo.ac.jp/repo/s/nanki/document/30ad37f4-50d0-96d8-1bad-68cf25576e59,https://www.lib.u-tokyo.ac.jp/ja/library/contents/archives-top/reuse,https://iiif.dl.itc.u-tokyo.ac.jp/repo/files/medium/668364cce3e0bd62d164a5a24360e1b2238e5672.jpg,https://iiif.dl.itc.u-tokyo.ac.jp/repo/api/items/1036867,"東京大学総合図書館 General Library, The University of Tokyo, JAPAN",http://iiif.io/api/presentation/2#rightToLeftDirection,,総合図書館所蔵南葵文庫,0207-38,,https://iiif.dl.itc.u-tokyo.ac.jp/repo/iiif/30ad37f4-50d0-96d8-1bad-68cf25576e59/manifest,,,,,33
栄花物語 40巻目録系圖1巻 [39],A00:4521,エイガ モノガタリ,赤染衛門,40,林和泉椽,明暦2 [1656],図書,日本語,"書名は目首による|系圖の書名: 榮花物語|帙題簽の書名: 栄華物語|書名の繰返し部分は踊り字|巻冊次は版心による|目首下に「作者 赤染衞門」とあり|系圖末に「本云 斯栄花物語赤染衞門述作なり尤至寶なる物なるへしこのころ數夲をもて比挍するに展轉模写のあやまりに損落の文字前後の錯簡是非をわきまへかたき處々夲書に考合清書せしめ畢」との原奥書あり|刊記に「明暦第二丙申季暮秋吉旦 洛陽今出川林和泉掾板行」とあり|四周単辺無界11行, 内匡廓: 11.6×8.7cm, 白口無魚尾|後印本|印記: 「紀伊恴川 南葵文庫」|虫損あり",http://tify.sub.uni-goettingen.de/demo.html?manifest=https://archdataset.dl.itc.u-tokyo.ac.jp/manifest/6633beaa-1c40-8be1-3349-c916a5243cec.json,6633beaa-1c40-8be1-3349-c916a5243cec,https://iiif.dl.itc.u-tokyo.ac.jp/repo/s/nanki/,https://iiif.dl.itc.u-tokyo.ac.jp/repo/s/nanki/document/6633beaa-1c40-8be1-3349-c916a5243cec,https://www.lib.u-tokyo.ac.jp/ja/library/contents/archives-top/reuse,https://iiif.dl.itc.u-tokyo.ac.jp/repo/files/medium/086722aabff52990951e94e0db8e679c8a4807bb.jpg,https://iiif.dl.itc.u-tokyo.ac.jp/repo/api/items/1036866,"東京大学総合図書館 General Library, The University of Tokyo, JAPAN",http://iiif.io/api/presentation/2#rightToLeftDirection,,総合図書館所蔵南葵文庫,0207-39,,https://iiif.dl.itc.u-tokyo.ac.jp/repo/iiif/6633beaa-1c40-8be1-3349-c916a5243cec/manifest,,,,,40
栄花物語 40巻目録系圖1巻 [40],A00:4521,エイガ モノガタリ,赤染衛門,40,林和泉椽,明暦2 [1656],図書,日本語,"書名は目首による|系圖の書名: 榮花物語|帙題簽の書名: 栄華物語|書名の繰返し部分は踊り字|巻冊次は版心による|目首下に「作者 赤染衞門」とあり|系圖末に「本云 斯栄花物語赤染衞門述作なり尤至寶なる物なるへしこのころ數夲をもて比挍するに展轉模写のあやまりに損落の文字前後の錯簡是非をわきまへかたき處々夲書に考合清書せしめ畢」との原奥書あり|刊記に「明暦第二丙申季暮秋吉旦 洛陽今出川林和泉掾板行」とあり|四周単辺無界11行, 内匡廓: 11.6×8.7cm, 白口無魚尾|後印本|印記: 「紀伊恴川 南葵文庫」|虫損あり",http://tify.sub.uni-goettingen.de/demo.html?manifest=https://archdataset.dl.itc.u-tokyo.ac.jp/manifest/930a7725-4c9e-11f3-8cce-19fac1527fbf.json,930a7725-4c9e-11f3-8cce-19fac1527fbf,https://iiif.dl.itc.u-tokyo.ac.jp/repo/s/nanki/,https://iiif.dl.itc.u-tokyo.ac.jp/repo/s/nanki/document/930a7725-4c9e-11f3-8cce-19fac1527fbf,https://www.lib.u-tokyo.ac.jp/ja/library/contents/archives-top/reuse,https://iiif.dl.itc.u-tokyo.ac.jp/repo/files/medium/98e4643b83e8b50a7287b0ac789eadb2e7964149.jpg,https://iiif.dl.itc.u-tokyo.ac.jp/repo/api/items/1036865,"東京大学総合図書館 General Library, The University of Tokyo, JAPAN",http://iiif.io/api/presentation/2#rightToLeftDirection,,総合図書館所蔵南葵文庫,0207-40,,https://iiif.dl.itc.u-tokyo.ac.jp/repo/iiif/930a7725-4c9e-11f3-8cce-19fac1527fbf/manifest,,,,,20
吾妻鏡 52巻 (存51巻) [1],A00:4522,アズマカガミ,,52,[書写者不明],[江戸初期],図書,日本語,"写本|題簽の書名: 東鑑|毎半葉9行|付訓あり|原闕: 卷第45|牡丹唐草文様の緞子表紙, 金地布目見返し, 鳥の子紙を使用|列帖装|印記: 「誠堂圖書」(徳川茂承), 「紀伊恴川 南葵文庫」",http://tify.sub.uni-goettingen.de/demo.html?manifest=https://archdataset.dl.itc.u-tokyo.ac.jp/manifest/764a9f8b-9e05-2a4b-9ba8-2be0ecbb6863.json,764a9f8b-9e05-2a4b-9ba8-2be0ecbb6863,https://iiif.dl.itc.u-tokyo.ac.jp/repo/s/nanki/,https://iiif.dl.itc.u-tokyo.ac.jp/repo/s/nanki/document/764a9f8b-9e05-2a4b-9ba8-2be0ecbb6863,https://www.lib.u-tokyo.ac.jp/ja/library/contents/archives-top/reuse,https://iiif.dl.itc.u-tokyo.ac.jp/repo/files/medium/01e9975f158f240c8a7b5803afa5eed27684d1cf.jpg,https://iiif.dl.itc.u-tokyo.ac.jp/repo/api/items/1001864,"東京大学総合図書館 General Library, The University of Tokyo, JAPAN",http://iiif.io/api/presentation/2#rightToLeftDirection,,総合図書館所蔵南葵文庫,0247,,https://iiif.dl.itc.u-tokyo.ac.jp/repo/iiif/764a9f8b-9e05-2a4b-9ba8-2be0ecbb6863/manifest,,,,,18
吾妻鏡 52巻 (存51巻) [2],A00:4522,アズマカガミ,,52,[書写者不明],[江戸初期],図書,日本語,"写本|題簽の書名: 東鑑|毎半葉9行|付訓あり|原闕: 卷第45|牡丹唐草文様の緞子表紙, 金地布目見返し, 鳥の子紙を使用|列帖装|印記: 「誠堂圖書」(徳川茂承), 「紀伊恴川 南葵文庫」",http://tify.sub.uni-goettingen.de/demo.html?manifest=https://archdataset.dl.itc.u-tokyo.ac.jp/manifest/c9d2c940-1d0b-2233-a497-38f99af69f14.json,c9d2c940-1d0b-2233-a497-38f99af69f14,https://iiif.dl.itc.u-tokyo.ac.jp/repo/s/nanki/,https://iiif.dl.itc.u-tokyo.ac.jp/repo/s/nanki/document/c9d2c940-1d0b-2233-a497-38f99af69f14,https://www.lib.u-tokyo.ac.jp/ja/library/contents/archives-top/reuse,https://iiif.dl.itc.u-tokyo.ac.jp/repo/files/medium/6b368b9a1b27897e893fb64af7745d67b3857331.jpg,https://iiif.dl.itc.u-tokyo.ac.jp/repo/api/items/1001863,"東京大学総合図書館 General Library, The University of Tokyo, JAPAN",http://iiif.io/api/presentation/2#rightToLeftDirection,,総合図書館所蔵南葵文庫,0248,,https://iiif.dl.itc.u-tokyo.ac.jp/repo/iiif/c9d2c940-1d0b-2233-a497-38f99af69f14/manifest,,,,,122
吾妻鏡 52巻 (存51巻) [3],A00:4522,アズマカガミ,,52,[書写者不明],[江戸初期],図書,日本語,"写本|題簽の書名: 東鑑|毎半葉9行|付訓あり|原闕: 卷第45|牡丹唐草文様の緞子表紙, 金地布目見返し, 鳥の子紙を使用|列帖装|印記: 「誠堂圖書」(徳川茂承), 「紀伊恴川 南葵文庫」",http://tify.sub.uni-goettingen.de/demo.html?manifest=https://archdataset.dl.itc.u-tokyo.ac.jp/manifest/3ad51ee0-5883-90e3-a0f2-ec3fa9e726cd.json,3ad51ee0-5883-90e3-a0f2-ec3fa9e726cd,https://iiif.dl.itc.u-tokyo.ac.jp/repo/s/nanki/,https://iiif.dl.itc.u-tokyo.ac.jp/repo/s/nanki/document/3ad51ee0-5883-90e3-a0f2-ec3fa9e726cd,https://www.lib.u-tokyo.ac.jp/ja/library/contents/archives-top/reuse,https://iiif.dl.itc.u-tokyo.ac.jp/repo/files/medium/dabea81eae7004aedd2d562ed71e9b6ce9bdb921.jpg,https://iiif.dl.itc.u-tokyo.ac.jp/repo/api/items/1001862,"東京大学総合図書館 General Library, The University of Tokyo, JAPAN",http://iiif.io/api/presentation/2#rightToLeftDirection,,総合図書館所蔵南葵文庫,0249,,https://iiif.dl.itc.u-tokyo.ac.jp/repo/iiif/3ad51ee0-5883-90e3-a0f2-ec3fa9e726cd/manifest,,,,,102
吾妻鏡 52巻 (存51巻) [4],A00:4522,アズマカガミ,,52,[書写者不明],[江戸初期],図書,日本語,"写本|題簽の書名: 東鑑|毎半葉9行|付訓あり|原闕: 卷第45|牡丹唐草文様の緞子表紙, 金地布目見返し, 鳥の子紙を使用|列帖装|印記: 「誠堂圖書」(徳川茂承), 「紀伊恴川 南葵文庫」",http://tify.sub.uni-goettingen.de/demo.html?manifest=https://archdataset.dl.itc.u-tokyo.ac.jp/manifest/40b1f210-181d-9db7-1126-4845cf3421c2.json,40b1f210-181d-9db7-1126-4845cf3421c2,https://iiif.dl.itc.u-tokyo.ac.jp/repo/s/nanki/,https://iiif.dl.itc.u-tokyo.ac.jp/repo/s/nanki/document/40b1f210-181d-9db7-1126-4845cf3421c2,https://www.lib.u-tokyo.ac.jp/ja/library/contents/archives-top/reuse,https://iiif.dl.itc.u-tokyo.ac.jp/repo/files/medium/f12a38b8f7c3976e8b289e7fc5cec01aacbb22ae.jpg,https://iiif.dl.itc.u-tokyo.ac.jp/repo/api/items/1001861,"東京大学総合図書館 General Library, The University of Tokyo, JAPAN",http://iiif.io/api/presentation/2#rightToLeftDirection,,総合図書館所蔵南葵文庫,0250,,https://iiif.dl.itc.u-tokyo.ac.jp/repo/iiif/40b1f210-181d-9db7-1126-4845cf3421c2/manifest,,,,,108
吾妻鏡 52巻 (存51巻) [5],A00:4522,アズマカガミ,,52,[書写者不明],[江戸初期],図書,日本語,"写本|題簽の書名: 東鑑|毎半葉9行|付訓あり|原闕: 卷第45|牡丹唐草文様の緞子表紙, 金地布目見返し, 鳥の子紙を使用|列帖装|印記: 「誠堂圖書」(徳川茂承), 「紀伊恴川 南葵文庫」",http://tify.sub.uni-goettingen.de/demo.html?manifest=https://archdataset.dl.itc.u-tokyo.ac.jp/manifest/f7217468-0466-a7a5-2c5d-cac85cec8258.json,f7217468-0466-a7a5-2c5d-cac85cec8258,https://iiif.dl.itc.u-tokyo.ac.jp/repo/s/nanki/,https://iiif.dl.itc.u-tokyo.ac.jp/repo/s/nanki/document/f7217468-0466-a7a5-2c5d-cac85cec8258,https://www.lib.u-tokyo.ac.jp/ja/library/contents/archives-top/reuse,https://iiif.dl.itc.u-tokyo.ac.jp/repo/files/medium/62847d98688af592e4c701e4e8edcd4f0e5bf152.jpg,https://iiif.dl.itc.u-tokyo.ac.jp/repo/api/items/1001860,"東京大学総合図書館 General Library, The University of Tokyo, JAPAN",http://iiif.io/api/presentation/2#rightToLeftDirection,,総合図書館所蔵南葵文庫,0251,,https://iiif.dl.itc.u-tokyo.ac.jp/repo/iiif/f7217468-0466-a7a5-2c5d-cac85cec8258/manifest,,,,,116
吾妻鏡 52巻 (存51巻) [6],A00:4522,アズマカガミ,,52,[書写者不明],[江戸初期],図書,日本語,"写本|題簽の書名: 東鑑|毎半葉9行|付訓あり|原闕: 卷第45|牡丹唐草文様の緞子表紙, 金地布目見返し, 鳥の子紙を使用|列帖装|印記: 「誠堂圖書」(徳川茂承), 「紀伊恴川 南葵文庫」",http://tify.sub.uni-goettingen.de/demo.html?manifest=https://archdataset.dl.itc.u-tokyo.ac.jp/manifest/09b99c6b-7fb5-4b5b-5311-ee2a05d997f7.json,09b99c6b-7fb5-4b5b-5311-ee2a05d997f7,https://iiif.dl.itc.u-tokyo.ac.jp/repo/s/nanki/,https://iiif.dl.itc.u-tokyo.ac.jp/repo/s/nanki/document/09b99c6b-7fb5-4b5b-5311-ee2a05d997f7,https://www.lib.u-tokyo.ac.jp/ja/library/contents/archives-top/reuse,https://iiif.dl.itc.u-tokyo.ac.jp/repo/files/medium/6828b1dd7ed9f772611ee51aebc2b7f6eef8c917.jpg,https://iiif.dl.itc.u-tokyo.ac.jp/repo/api/items/1001859,"東京大学総合図書館 General Library, The University of Tokyo, JAPAN",http://iiif.io/api/presentation/2#rightToLeftDirection,,総合図書館所蔵南葵文庫,0252,,https://iiif.dl.itc.u-tokyo.ac.jp/repo/iiif/09b99c6b-7fb5-4b5b-5311-ee2a05d997f7/manifest,,,,,73
吾妻鏡 52巻 (存51巻) [7],A00:4522,アズマカガミ,,52,[書写者不明],[江戸初期],図書,日本語,"写本|題簽の書名: 東鑑|毎半葉9行|付訓あり|原闕: 卷第45|牡丹唐草文様の緞子表紙, 金地布目見返し, 鳥の子紙を使用|列帖装|印記: 「誠堂圖書」(徳川茂承), 「紀伊恴川 南葵文庫」",http://tify.sub.uni-goettingen.de/demo.html?manifest=https://archdataset.dl.itc.u-tokyo.ac.jp/manifest/c2fccc57-049c-90ef-2faf-dbad39e1622e.json,c2fccc57-049c-90ef-2faf-dbad39e1622e,https://iiif.dl.itc.u-tokyo.ac.jp/repo/s/nanki/,https://iiif.dl.itc.u-tokyo.ac.jp/repo/s/nanki/document/c2fccc57-049c-90ef-2faf-dbad39e1622e,https://www.lib.u-tokyo.ac.jp/ja/library/contents/archives-top/reuse,https://iiif.dl.itc.u-tokyo.ac.jp/repo/files/medium/a52cd00e0ee7e746e5bf9d90a0ca73a5195e2477.jpg,https://iiif.dl.itc.u-tokyo.ac.jp/repo/api/items/1001858,"東京大学総合図書館 General Library, The University of Tokyo, JAPAN",http://iiif.io/api/presentation/2#rightToLeftDirection,,総合図書館所蔵南葵文庫,0253,,https://iiif.dl.itc.u-tokyo.ac.jp/repo/iiif/c2fccc57-049c-90ef-2faf-dbad39e1622e/manifest,,,,,165
吾妻鏡 52巻 (存51巻) [8],A00:4522,アズマカガミ,,52,[書写者不明],[江戸初期],図書,日本語,"写本|題簽の書名: 東鑑|毎半葉9行|付訓あり|原闕: 卷第45|牡丹唐草文様の緞子表紙, 金地布目見返し, 鳥の子紙を使用|列帖装|印記: 「誠堂圖書」(徳川茂承), 「紀伊恴川 南葵文庫」",http://tify.sub.uni-goettingen.de/demo.html?manifest=https://archdataset.dl.itc.u-tokyo.ac.jp/manifest/da5108c8-9d1c-2268-73df-063295673d78.json,da5108c8-9d1c-2268-73df-063295673d78,https://iiif.dl.itc.u-tokyo.ac.jp/repo/s/nanki/,https://iiif.dl.itc.u-tokyo.ac.jp/repo/s/nanki/document/da5108c8-9d1c-2268-73df-063295673d78,https://www.lib.u-tokyo.ac.jp/ja/library/contents/archives-top/reuse,https://iiif.dl.itc.u-tokyo.ac.jp/repo/files/medium/38b3c5cf65eb82cec1e9070e38b5775f965dfb2e.jpg,https://iiif.dl.itc.u-tokyo.ac.jp/repo/api/items/1001857,"東京大学総合図書館 General Library, The University of Tokyo, JAPAN",http://iiif.io/api/presentation/2#rightToLeftDirection,,総合図書館所蔵南葵文庫,0254,,https://iiif.dl.itc.u-tokyo.ac.jp/repo/iiif/da5108c8-9d1c-2268-73df-063295673d78/manifest,,,,,109
吾妻鏡 52巻 (存51巻) [9],A00:4522,アズマカガミ,,52,[書写者不明],[江戸初期],図書,日本語,"写本|題簽の書名: 東鑑|毎半葉9行|付訓あり|原闕: 卷第45|牡丹唐草文様の緞子表紙, 金地布目見返し, 鳥の子紙を使用|列帖装|印記: 「誠堂圖書」(徳川茂承), 「紀伊恴川 南葵文庫」",http://tify.sub.uni-goettingen.de/demo.html?manifest=https://archdataset.dl.itc.u-tokyo.ac.jp/manifest/417fd57e-5599-17cc-1f18-a41bd235a3c2.json,417fd57e-5599-17cc-1f18-a41bd235a3c2,https://iiif.dl.itc.u-tokyo.ac.jp/repo/s/nanki/,https://iiif.dl.itc.u-tokyo.ac.jp/repo/s/nanki/document/417fd57e-5599-17cc-1f18-a41bd235a3c2,https://www.lib.u-tokyo.ac.jp/ja/library/contents/archives-top/reuse,https://iiif.dl.itc.u-tokyo.ac.jp/repo/files/medium/2269f4379cacf05819f7c51b76958700377410ef.jpg,https://iiif.dl.itc.u-tokyo.ac.jp/repo/api/items/1001856,"東京大学総合図書館 General Library, The University of Tokyo, JAPAN",http://iiif.io/api/presentation/2#rightToLeftDirection,,総合図書館所蔵南葵文庫,0255,,https://iiif.dl.itc.u-tokyo.ac.jp/repo/iiif/417fd57e-5599-17cc-1f18-a41bd235a3c2/manifest,,,,,93
吾妻鏡 52巻 (存51巻) [10],A00:4522,アズマカガミ,,52,[書写者不明],[江戸初期],図書,日本語,"写本|題簽の書名: 東鑑|毎半葉9行|付訓あり|原闕: 卷第45|牡丹唐草文様の緞子表紙, 金地布目見返し, 鳥の子紙を使用|列帖装|印記: 「誠堂圖書」(徳川茂承), 「紀伊恴川 南葵文庫」",http://tify.sub.uni-goettingen.de/demo.html?manifest=https://archdataset.dl.itc.u-tokyo.ac.jp/manifest/98523dc8-71f2-81f9-14a2-fa32cd1da734.json,98523dc8-71f2-81f9-14a2-fa32cd1da734,https://iiif.dl.itc.u-tokyo.ac.jp/repo/s/nanki/,https://iiif.dl.itc.u-tokyo.ac.jp/repo/s/nanki/document/98523dc8-71f2-81f9-14a2-fa32cd1da734,https://www.lib.u-tokyo.ac.jp/ja/library/contents/archives-top/reuse,https://iiif.dl.itc.u-tokyo.ac.jp/repo/files/medium/c9ef47f750e223ca7fd56927f917b0f8f272bed4.jpg,https://iiif.dl.itc.u-tokyo.ac.jp/repo/api/items/1001855,"東京大学総合図書館 General Library, The University of Tokyo, JAPAN",http://iiif.io/api/presentation/2#rightToLeftDirection,,総合図書館所蔵南葵文庫,0256,,https://iiif.dl.itc.u-tokyo.ac.jp/repo/iiif/98523dc8-71f2-81f9-14a2-fa32cd1da734/manifest,,,,,153
吾妻鏡 52巻 (存51巻) [11],A00:4522,アズマカガミ,,52,[書写者不明],[江戸初期],図書,日本語,"写本|題簽の書名: 東鑑|毎半葉9行|付訓あり|原闕: 卷第45|牡丹唐草文様の緞子表紙, 金地布目見返し, 鳥の子紙を使用|列帖装|印記: 「誠堂圖書」(徳川茂承), 「紀伊恴川 南葵文庫」",http://tify.sub.uni-goettingen.de/demo.html?manifest=https://archdataset.dl.itc.u-tokyo.ac.jp/manifest/62b226d6-3c41-22e2-6568-6e03635f0328.json,62b226d6-3c41-22e2-6568-6e03635f0328,https://iiif.dl.itc.u-tokyo.ac.jp/repo/s/nanki/,https://iiif.dl.itc.u-tokyo.ac.jp/repo/s/nanki/document/62b226d6-3c41-22e2-6568-6e03635f0328,https://www.lib.u-tokyo.ac.jp/ja/library/contents/archives-top/reuse,https://iiif.dl.itc.u-tokyo.ac.jp/repo/files/medium/e7dbf95db7246c285e8f6c2918c28a982100d2f0.jpg,https://iiif.dl.itc.u-tokyo.ac.jp/repo/api/items/1001854,"東京大学総合図書館 General Library, The University of Tokyo, JAPAN",http://iiif.io/api/presentation/2#rightToLeftDirection,,総合図書館所蔵南葵文庫,0257,,https://iiif.dl.itc.u-tokyo.ac.jp/repo/iiif/62b226d6-3c41-22e2-6568-6e03635f0328/manifest,,,,,139
吾妻鏡 52巻 (存51巻) [12],A00:4522,アズマカガミ,,52,[書写者不明],[江戸初期],図書,日本語,"写本|題簽の書名: 東鑑|毎半葉9行|付訓あり|原闕: 卷第45|牡丹唐草文様の緞子表紙, 金地布目見返し, 鳥の子紙を使用|列帖装|印記: 「誠堂圖書」(徳川茂承), 「紀伊恴川 南葵文庫」",http://tify.sub.uni-goettingen.de/demo.html?manifest=https://archdataset.dl.itc.u-tokyo.ac.jp/manifest/d2f2d1e6-9ab4-608c-46a9-5a6cd9b6a201.json,d2f2d1e6-9ab4-608c-46a9-5a6cd9b6a201,https://iiif.dl.itc.u-tokyo.ac.jp/repo/s/nanki/,https://iiif.dl.itc.u-tokyo.ac.jp/repo/s/nanki/document/d2f2d1e6-9ab4-608c-46a9-5a6cd9b6a201,https://www.lib.u-tokyo.ac.jp/ja/library/contents/archives-top/reuse,https://iiif.dl.itc.u-tokyo.ac.jp/repo/files/medium/2cdc5d81fe765a92ef3733995fef60950e10adce.jpg,https://iiif.dl.itc.u-tokyo.ac.jp/repo/api/items/1001853,"東京大学総合図書館 General Library, The University of Tokyo, JAPAN",http://iiif.io/api/presentation/2#rightToLeftDirection,,総合図書館所蔵南葵文庫,0258,,https://iiif.dl.itc.u-tokyo.ac.jp/repo/iiif/d2f2d1e6-9ab4-608c-46a9-5a6cd9b6a201/manifest,,,,,78
吾妻鏡 52巻 (存51巻) [13],A00:4522,アズマカガミ,,52,[書写者不明],[江戸初期],図書,日本語,"写本|題簽の書名: 東鑑|毎半葉9行|付訓あり|原闕: 卷第45|牡丹唐草文様の緞子表紙, 金地布目見返し, 鳥の子紙を使用|列帖装|印記: 「誠堂圖書」(徳川茂承), 「紀伊恴川 南葵文庫」",http://tify.sub.uni-goettingen.de/demo.html?manifest=https://archdataset.dl.itc.u-tokyo.ac.jp/manifest/7348fd0c-74cd-5b79-0ed8-5f63ba5d99eb.json,7348fd0c-74cd-5b79-0ed8-5f63ba5d99eb,https://iiif.dl.itc.u-tokyo.ac.jp/repo/s/nanki/,https://iiif.dl.itc.u-tokyo.ac.jp/repo/s/nanki/document/7348fd0c-74cd-5b79-0ed8-5f63ba5d99eb,https://www.lib.u-tokyo.ac.jp/ja/library/contents/archives-top/reuse,https://iiif.dl.itc.u-tokyo.ac.jp/repo/files/medium/c84df359387aad56d827a6058878a0f7ade80e33.jpg,https://iiif.dl.itc.u-tokyo.ac.jp/repo/api/items/1001852,"東京大学総合図書館 General Library, The University of Tokyo, JAPAN",http://iiif.io/api/presentation/2#rightToLeftDirection,,総合図書館所蔵南葵文庫,0259,,https://iiif.dl.itc.u-tokyo.ac.jp/repo/iiif/7348fd0c-74cd-5b79-0ed8-5f63ba5d99eb/manifest,,,,,65
吾妻鏡 52巻 (存51巻) [14],A00:4522,アズマカガミ,,52,[書写者不明],[江戸初期],図書,日本語,"写本|題簽の書名: 東鑑|毎半葉9行|付訓あり|原闕: 卷第45|牡丹唐草文様の緞子表紙, 金地布目見返し, 鳥の子紙を使用|列帖装|印記: 「誠堂圖書」(徳川茂承), 「紀伊恴川 南葵文庫」",http://tify.sub.uni-goettingen.de/demo.html?manifest=https://archdataset.dl.itc.u-tokyo.ac.jp/manifest/fa492251-73f5-7def-74e3-438519993df2.json,fa492251-73f5-7def-74e3-438519993df2,https://iiif.dl.itc.u-tokyo.ac.jp/repo/s/nanki/,https://iiif.dl.itc.u-tokyo.ac.jp/repo/s/nanki/document/fa492251-73f5-7def-74e3-438519993df2,https://www.lib.u-tokyo.ac.jp/ja/library/contents/archives-top/reuse,https://iiif.dl.itc.u-tokyo.ac.jp/repo/files/medium/6d1e6a7bdaff369db5b2bdc62663639a2a013004.jpg,https://iiif.dl.itc.u-tokyo.ac.jp/repo/api/items/1001851,"東京大学総合図書館 General Library, The University of Tokyo, JAPAN",http://iiif.io/api/presentation/2#rightToLeftDirection,,総合図書館所蔵南葵文庫,0260,,https://iiif.dl.itc.u-tokyo.ac.jp/repo/iiif/fa492251-73f5-7def-74e3-438519993df2/manifest,,,,,68
吾妻鏡 52巻 (存51巻) [15],A00:4522,アズマカガミ,,52,[書写者不明],[江戸初期],図書,日本語,"写本|題簽の書名: 東鑑|毎半葉9行|付訓あり|原闕: 卷第45|牡丹唐草文様の緞子表紙, 金地布目見返し, 鳥の子紙を使用|列帖装|印記: 「誠堂圖書」(徳川茂承), 「紀伊恴川 南葵文庫」",http://tify.sub.uni-goettingen.de/demo.html?manifest=https://archdataset.dl.itc.u-tokyo.ac.jp/manifest/ab63c633-9ab6-29f9-426a-afef65613647.json,ab63c633-9ab6-29f9-426a-afef65613647,https://iiif.dl.itc.u-tokyo.ac.jp/repo/s/nanki/,https://iiif.dl.itc.u-tokyo.ac.jp/repo/s/nanki/document/ab63c633-9ab6-29f9-426a-afef65613647,https://www.lib.u-tokyo.ac.jp/ja/library/contents/archives-top/reuse,https://iiif.dl.itc.u-tokyo.ac.jp/repo/files/medium/e4f129ca51374cb4f41cee44eda703dbb7e855d6.jpg,https://iiif.dl.itc.u-tokyo.ac.jp/repo/api/items/1001850,"東京大学総合図書館 General Library, The University of Tokyo, JAPAN",http://iiif.io/api/presentation/2#rightToLeftDirection,,総合図書館所蔵南葵文庫,0261,,https://iiif.dl.itc.u-tokyo.ac.jp/repo/iiif/ab63c633-9ab6-29f9-426a-afef65613647/manifest,,,,,57
吾妻鏡 52巻 (存51巻) [16],A00:4522,アズマカガミ,,52,[書写者不明],[江戸初期],図書,日本語,"写本|題簽の書名: 東鑑|毎半葉9行|付訓あり|原闕: 卷第45|牡丹唐草文様の緞子表紙, 金地布目見返し, 鳥の子紙を使用|列帖装|印記: 「誠堂圖書」(徳川茂承), 「紀伊恴川 南葵文庫」",http://tify.sub.uni-goettingen.de/demo.html?manifest=https://archdataset.dl.itc.u-tokyo.ac.jp/manifest/3edc829d-4a94-3ab6-1de6-b9ca5a4f8237.json,3edc829d-4a94-3ab6-1de6-b9ca5a4f8237,https://iiif.dl.itc.u-tokyo.ac.jp/repo/s/nanki/,https://iiif.dl.itc.u-tokyo.ac.jp/repo/s/nanki/document/3edc829d-4a94-3ab6-1de6-b9ca5a4f8237,https://www.lib.u-tokyo.ac.jp/ja/library/contents/archives-top/reuse,https://iiif.dl.itc.u-tokyo.ac.jp/repo/files/medium/5586c4ac87cc30fd76c45d264d066d1a3ee441c0.jpg,https://iiif.dl.itc.u-tokyo.ac.jp/repo/api/items/1001849,"東京大学総合図書館 General Library, The University of Tokyo, JAPAN",http://iiif.io/api/presentation/2#rightToLeftDirection,,総合図書館所蔵南葵文庫,0262,,https://iiif.dl.itc.u-tokyo.ac.jp/repo/iiif/3edc829d-4a94-3ab6-1de6-b9ca5a4f8237/manifest,,,,,75
吾妻鏡 52巻 (存51巻) [17],A00:4522,アズマカガミ,,52,[書写者不明],[江戸初期],図書,日本語,"写本|題簽の書名: 東鑑|毎半葉9行|付訓あり|原闕: 卷第45|牡丹唐草文様の緞子表紙, 金地布目見返し, 鳥の子紙を使用|列帖装|印記: 「誠堂圖書」(徳川茂承), 「紀伊恴川 南葵文庫」",http://tify.sub.uni-goettingen.de/demo.html?manifest=https://archdataset.dl.itc.u-tokyo.ac.jp/manifest/b27fd437-032f-8e6f-9db3-2376f65761ea.json,b27fd437-032f-8e6f-9db3-2376f65761ea,https://iiif.dl.itc.u-tokyo.ac.jp/repo/s/nanki/,https://iiif.dl.itc.u-tokyo.ac.jp/repo/s/nanki/document/b27fd437-032f-8e6f-9db3-2376f65761ea,https://www.lib.u-tokyo.ac.jp/ja/library/contents/archives-top/reuse,https://iiif.dl.itc.u-tokyo.ac.jp/repo/files/medium/7fd2e312bb96ccfb4a62f4ded0b25f5045ada1c0.jpg,https://iiif.dl.itc.u-tokyo.ac.jp/repo/api/items/1001848,"東京大学総合図書館 General Library, The University of Tokyo, JAPAN",http://iiif.io/api/presentation/2#rightToLeftDirection,,総合図書館所蔵南葵文庫,0263,,https://iiif.dl.itc.u-tokyo.ac.jp/repo/iiif/b27fd437-032f-8e6f-9db3-2376f65761ea/manifest,,,,,88
吾妻鏡 52巻 (存51巻) [18],A00:4522,アズマカガミ,,52,[書写者不明],[江戸初期],図書,日本語,"写本|題簽の書名: 東鑑|毎半葉9行|付訓あり|原闕: 卷第45|牡丹唐草文様の緞子表紙, 金地布目見返し, 鳥の子紙を使用|列帖装|印記: 「誠堂圖書」(徳川茂承), 「紀伊恴川 南葵文庫」",http://tify.sub.uni-goettingen.de/demo.html?manifest=https://archdataset.dl.itc.u-tokyo.ac.jp/manifest/f94c371b-05d6-6f69-1b7d-2a07c1d53789.json,f94c371b-05d6-6f69-1b7d-2a07c1d53789,https://iiif.dl.itc.u-tokyo.ac.jp/repo/s/nanki/,https://iiif.dl.itc.u-tokyo.ac.jp/repo/s/nanki/document/f94c371b-05d6-6f69-1b7d-2a07c1d53789,https://www.lib.u-tokyo.ac.jp/ja/library/contents/archives-top/reuse,https://iiif.dl.itc.u-tokyo.ac.jp/repo/files/medium/cb441eadd40d672a62dfcdbe142870d1077051cf.jpg,https://iiif.dl.itc.u-tokyo.ac.jp/repo/api/items/1001847,"東京大学総合図書館 General Library, The University of Tokyo, JAPAN",http://iiif.io/api/presentation/2#rightToLeftDirection,,総合図書館所蔵南葵文庫,0264,,https://iiif.dl.itc.u-tokyo.ac.jp/repo/iiif/f94c371b-05d6-6f69-1b7d-2a07c1d53789/manifest,,,,,89
吾妻鏡 52巻 (存51巻) [19],A00:4522,アズマカガミ,,52,[書写者不明],[江戸初期],図書,日本語,"写本|題簽の書名: 東鑑|毎半葉9行|付訓あり|原闕: 卷第45|牡丹唐草文様の緞子表紙, 金地布目見返し, 鳥の子紙を使用|列帖装|印記: 「誠堂圖書」(徳川茂承), 「紀伊恴川 南葵文庫」",http://tify.sub.uni-goettingen.de/demo.html?manifest=https://archdataset.dl.itc.u-tokyo.ac.jp/manifest/ab493829-9e2f-34c5-6d42-7e51b0705564.json,ab493829-9e2f-34c5-6d42-7e51b0705564,https://iiif.dl.itc.u-tokyo.ac.jp/repo/s/nanki/,https://iiif.dl.itc.u-tokyo.ac.jp/repo/s/nanki/document/ab493829-9e2f-34c5-6d42-7e51b0705564,https://www.lib.u-tokyo.ac.jp/ja/library/contents/archives-top/reuse,https://iiif.dl.itc.u-tokyo.ac.jp/repo/files/medium/e943fbe311efc4c3aadb43538f9ba79329416068.jpg,https://iiif.dl.itc.u-tokyo.ac.jp/repo/api/items/1001846,"東京大学総合図書館 General Library, The University of Tokyo, JAPAN",http://iiif.io/api/presentation/2#rightToLeftDirection,,総合図書館所蔵南葵文庫,0265,,https://iiif.dl.itc.u-tokyo.ac.jp/repo/iiif/ab493829-9e2f-34c5-6d42-7e51b0705564/manifest,,,,,109
吾妻鏡 52巻 (存51巻) [20],A00:4522,アズマカガミ,,52,[書写者不明],[江戸初期],図書,日本語,"写本|題簽の書名: 東鑑|毎半葉9行|付訓あり|原闕: 卷第45|牡丹唐草文様の緞子表紙, 金地布目見返し, 鳥の子紙を使用|列帖装|印記: 「誠堂圖書」(徳川茂承), 「紀伊恴川 南葵文庫」",http://tify.sub.uni-goettingen.de/demo.html?manifest=https://archdataset.dl.itc.u-tokyo.ac.jp/manifest/377fdff1-112c-1209-14da-4597b43c9d12.json,377fdff1-112c-1209-14da-4597b43c9d12,https://iiif.dl.itc.u-tokyo.ac.jp/repo/s/nanki/,https://iiif.dl.itc.u-tokyo.ac.jp/repo/s/nanki/document/377fdff1-112c-1209-14da-4597b43c9d12,https://www.lib.u-tokyo.ac.jp/ja/library/contents/archives-top/reuse,https://iiif.dl.itc.u-tokyo.ac.jp/repo/files/medium/871873d2164b335382e08e1fcc3e64cf3de86481.jpg,https://iiif.dl.itc.u-tokyo.ac.jp/repo/api/items/1001845,"東京大学総合図書館 General Library, The University of Tokyo, JAPAN",http://iiif.io/api/presentation/2#rightToLeftDirection,,総合図書館所蔵南葵文庫,0266,,https://iiif.dl.itc.u-tokyo.ac.jp/repo/iiif/377fdff1-112c-1209-14da-4597b43c9d12/manifest,,,,,87
吾妻鏡 52巻 (存51巻) [21],A00:4522,アズマカガミ,,52,[書写者不明],[江戸初期],図書,日本語,"写本|題簽の書名: 東鑑|毎半葉9行|付訓あり|原闕: 卷第45|牡丹唐草文様の緞子表紙, 金地布目見返し, 鳥の子紙を使用|列帖装|印記: 「誠堂圖書」(徳川茂承), 「紀伊恴川 南葵文庫」",http://tify.sub.uni-goettingen.de/demo.html?manifest=https://archdataset.dl.itc.u-tokyo.ac.jp/manifest/c97748e7-456b-115e-8487-12d80f897e03.json,c97748e7-456b-115e-8487-12d80f897e03,https://iiif.dl.itc.u-tokyo.ac.jp/repo/s/nanki/,https://iiif.dl.itc.u-tokyo.ac.jp/repo/s/nanki/document/c97748e7-456b-115e-8487-12d80f897e03,https://www.lib.u-tokyo.ac.jp/ja/library/contents/archives-top/reuse,https://iiif.dl.itc.u-tokyo.ac.jp/repo/files/medium/40ee8a94db1f4ad32895efcb2b3d599417c7e696.jpg,https://iiif.dl.itc.u-tokyo.ac.jp/repo/api/items/1001844,"東京大学総合図書館 General Library, The University of Tokyo, JAPAN",http://iiif.io/api/presentation/2#rightToLeftDirection,,総合図書館所蔵南葵文庫,0267,,https://iiif.dl.itc.u-tokyo.ac.jp/repo/iiif/c97748e7-456b-115e-8487-12d80f897e03/manifest,,,,,37
吾妻鏡 52巻 (存51巻) [22],A00:4522,アズマカガミ,,52,[書写者不明],[江戸初期],図書,日本語,"写本|題簽の書名: 東鑑|毎半葉9行|付訓あり|原闕: 卷第45|牡丹唐草文様の緞子表紙, 金地布目見返し, 鳥の子紙を使用|列帖装|印記: 「誠堂圖書」(徳川茂承), 「紀伊恴川 南葵文庫」",http://tify.sub.uni-goettingen.de/demo.html?manifest=https://archdataset.dl.itc.u-tokyo.ac.jp/manifest/87b40a01-1df2-04db-2e65-d41c723426e0.json,87b40a01-1df2-04db-2e65-d41c723426e0,https://iiif.dl.itc.u-tokyo.ac.jp/repo/s/nanki/,https://iiif.dl.itc.u-tokyo.ac.jp/repo/s/nanki/document/87b40a01-1df2-04db-2e65-d41c723426e0,https://www.lib.u-tokyo.ac.jp/ja/library/contents/archives-top/reuse,https://iiif.dl.itc.u-tokyo.ac.jp/repo/files/medium/3296f767207862e9487925613416713a5efa0889.jpg,https://iiif.dl.itc.u-tokyo.ac.jp/repo/api/items/1001843,"東京大学総合図書館 General Library, The University of Tokyo, JAPAN",http://iiif.io/api/presentation/2#rightToLeftDirection,,総合図書館所蔵南葵文庫,0268,,https://iiif.dl.itc.u-tokyo.ac.jp/repo/iiif/87b40a01-1df2-04db-2e65-d41c723426e0/manifest,,,,,100
吾妻鏡 52巻 (存51巻) [23],A00:4522,アズマカガミ,,52,[書写者不明],[江戸初期],図書,日本語,"写本|題簽の書名: 東鑑|毎半葉9行|付訓あり|原闕: 卷第45|牡丹唐草文様の緞子表紙, 金地布目見返し, 鳥の子紙を使用|列帖装|印記: 「誠堂圖書」(徳川茂承), 「紀伊恴川 南葵文庫」",http://tify.sub.uni-goettingen.de/demo.html?manifest=https://archdataset.dl.itc.u-tokyo.ac.jp/manifest/e77f5694-68c8-830e-0b17-622dbde93d54.json,e77f5694-68c8-830e-0b17-622dbde93d54,https://iiif.dl.itc.u-tokyo.ac.jp/repo/s/nanki/,https://iiif.dl.itc.u-tokyo.ac.jp/repo/s/nanki/document/e77f5694-68c8-830e-0b17-622dbde93d54,https://www.lib.u-tokyo.ac.jp/ja/library/contents/archives-top/reuse,https://iiif.dl.itc.u-tokyo.ac.jp/repo/files/medium/21e2c5120fd09e956a5d97031dcb2ca4921de529.jpg,https://iiif.dl.itc.u-tokyo.ac.jp/repo/api/items/1001842,"東京大学総合図書館 General Library, The University of Tokyo, JAPAN",http://iiif.io/api/presentation/2#rightToLeftDirection,,総合図書館所蔵南葵文庫,0269,,https://iiif.dl.itc.u-tokyo.ac.jp/repo/iiif/e77f5694-68c8-830e-0b17-622dbde93d54/manifest,,,,,53
吾妻鏡 52巻 (存51巻) [24],A00:4522,アズマカガミ,,52,[書写者不明],[江戸初期],図書,日本語,"写本|題簽の書名: 東鑑|毎半葉9行|付訓あり|原闕: 卷第45|牡丹唐草文様の緞子表紙, 金地布目見返し, 鳥の子紙を使用|列帖装|印記: 「誠堂圖書」(徳川茂承), 「紀伊恴川 南葵文庫」",http://tify.sub.uni-goettingen.de/demo.html?manifest=https://archdataset.dl.itc.u-tokyo.ac.jp/manifest/91459868-7203-0ad8-1581-349150ef5cc0.json,91459868-7203-0ad8-1581-349150ef5cc0,https://iiif.dl.itc.u-tokyo.ac.jp/repo/s/nanki/,https://iiif.dl.itc.u-tokyo.ac.jp/repo/s/nanki/document/91459868-7203-0ad8-1581-349150ef5cc0,https://www.lib.u-tokyo.ac.jp/ja/library/contents/archives-top/reuse,https://iiif.dl.itc.u-tokyo.ac.jp/repo/files/medium/d37754317b5477aaade622c749d74b5a01a42dd0.jpg,https://iiif.dl.itc.u-tokyo.ac.jp/repo/api/items/1001841,"東京大学総合図書館 General Library, The University of Tokyo, JAPAN",http://iiif.io/api/presentation/2#rightToLeftDirection,,総合図書館所蔵南葵文庫,0270,,https://iiif.dl.itc.u-tokyo.ac.jp/repo/iiif/91459868-7203-0ad8-1581-349150ef5cc0/manifest,,,,,46
吾妻鏡 52巻 (存51巻) [25],A00:4522,アズマカガミ,,52,[書写者不明],[江戸初期],図書,日本語,"写本|題簽の書名: 東鑑|毎半葉9行|付訓あり|原闕: 卷第45|牡丹唐草文様の緞子表紙, 金地布目見返し, 鳥の子紙を使用|列帖装|印記: 「誠堂圖書」(徳川茂承), 「紀伊恴川 南葵文庫」",http://tify.sub.uni-goettingen.de/demo.html?manifest=https://archdataset.dl.itc.u-tokyo.ac.jp/manifest/164908e4-58ff-92d9-a23e-8cd1e59da3c0.json,164908e4-58ff-92d9-a23e-8cd1e59da3c0,https://iiif.dl.itc.u-tokyo.ac.jp/repo/s/nanki/,https://iiif.dl.itc.u-tokyo.ac.jp/repo/s/nanki/document/164908e4-58ff-92d9-a23e-8cd1e59da3c0,https://www.lib.u-tokyo.ac.jp/ja/library/contents/archives-top/reuse,https://iiif.dl.itc.u-tokyo.ac.jp/repo/files/medium/ecaa51acaa89a40a3083780c28152e700a791d12.jpg,https://iiif.dl.itc.u-tokyo.ac.jp/repo/api/items/1001840,"東京大学総合図書館 General Library, The University of Tokyo, JAPAN",http://iiif.io/api/presentation/2#rightToLeftDirection,,総合図書館所蔵南葵文庫,0271,,https://iiif.dl.itc.u-tokyo.ac.jp/repo/iiif/164908e4-58ff-92d9-a23e-8cd1e59da3c0/manifest,,,,,36
吾妻鏡 52巻 (存51巻) [26],A00:4522,アズマカガミ,,52,[書写者不明],[江戸初期],図書,日本語,"写本|題簽の書名: 東鑑|毎半葉9行|付訓あり|原闕: 卷第45|牡丹唐草文様の緞子表紙, 金地布目見返し, 鳥の子紙を使用|列帖装|印記: 「誠堂圖書」(徳川茂承), 「紀伊恴川 南葵文庫」",http://tify.sub.uni-goettingen.de/demo.html?manifest=https://archdataset.dl.itc.u-tokyo.ac.jp/manifest/848f4dbb-a52d-40da-7dd4-924d16069100.json,848f4dbb-a52d-40da-7dd4-924d16069100,https://iiif.dl.itc.u-tokyo.ac.jp/repo/s/nanki/,https://iiif.dl.itc.u-tokyo.ac.jp/repo/s/nanki/document/848f4dbb-a52d-40da-7dd4-924d16069100,https://www.lib.u-tokyo.ac.jp/ja/library/contents/archives-top/reuse,https://iiif.dl.itc.u-tokyo.ac.jp/repo/files/medium/36d158736dc0e28a199ae2d93a63df71b33f62e2.jpg,https://iiif.dl.itc.u-tokyo.ac.jp/repo/api/items/1001839,"東京大学総合図書館 General Library, The University of Tokyo, JAPAN",http://iiif.io/api/presentation/2#rightToLeftDirection,,総合図書館所蔵南葵文庫,0272,,https://iiif.dl.itc.u-tokyo.ac.jp/repo/iiif/848f4dbb-a52d-40da-7dd4-924d16069100/manifest,,,,,83
吾妻鏡 52巻 (存51巻) [27],A00:4522,アズマカガミ,,52,[書写者不明],[江戸初期],図書,日本語,"写本|題簽の書名: 東鑑|毎半葉9行|付訓あり|原闕: 卷第45|牡丹唐草文様の緞子表紙, 金地布目見返し, 鳥の子紙を使用|列帖装|印記: 「誠堂圖書」(徳川茂承), 「紀伊恴川 南葵文庫」",http://tify.sub.uni-goettingen.de/demo.html?manifest=https://archdataset.dl.itc.u-tokyo.ac.jp/manifest/6a82042b-8bc9-8821-0ead-cde930e08efe.json,6a82042b-8bc9-8821-0ead-cde930e08efe,https://iiif.dl.itc.u-tokyo.ac.jp/repo/s/nanki/,https://iiif.dl.itc.u-tokyo.ac.jp/repo/s/nanki/document/6a82042b-8bc9-8821-0ead-cde930e08efe,https://www.lib.u-tokyo.ac.jp/ja/library/contents/archives-top/reuse,https://iiif.dl.itc.u-tokyo.ac.jp/repo/files/medium/e75944a1097278ed73a1e941256e370ea286b21a.jpg,https://iiif.dl.itc.u-tokyo.ac.jp/repo/api/items/1001838,"東京大学総合図書館 General Library, The University of Tokyo, JAPAN",http://iiif.io/api/presentation/2#rightToLeftDirection,,総合図書館所蔵南葵文庫,0273,,https://iiif.dl.itc.u-tokyo.ac.jp/repo/iiif/6a82042b-8bc9-8821-0ead-cde930e08efe/manifest,,,,,62
吾妻鏡 52巻 (存51巻) [28],A00:4522,アズマカガミ,,52,[書写者不明],[江戸初期],図書,日本語,"写本|題簽の書名: 東鑑|毎半葉9行|付訓あり|原闕: 卷第45|牡丹唐草文様の緞子表紙, 金地布目見返し, 鳥の子紙を使用|列帖装|印記: 「誠堂圖書」(徳川茂承), 「紀伊恴川 南葵文庫」",http://tify.sub.uni-goettingen.de/demo.html?manifest=https://archdataset.dl.itc.u-tokyo.ac.jp/manifest/3910f5c8-320f-342f-a179-98725c514244.json,3910f5c8-320f-342f-a179-98725c514244,https://iiif.dl.itc.u-tokyo.ac.jp/repo/s/nanki/,https://iiif.dl.itc.u-tokyo.ac.jp/repo/s/nanki/document/3910f5c8-320f-342f-a179-98725c514244,https://www.lib.u-tokyo.ac.jp/ja/library/contents/archives-top/reuse,https://iiif.dl.itc.u-tokyo.ac.jp/repo/files/medium/309871522fa8f8cee35202db12ae3b50edb8973d.jpg,https://iiif.dl.itc.u-tokyo.ac.jp/repo/api/items/1001837,"東京大学総合図書館 General Library, The University of Tokyo, JAPAN",http://iiif.io/api/presentation/2#rightToLeftDirection,,総合図書館所蔵南葵文庫,0274,,https://iiif.dl.itc.u-tokyo.ac.jp/repo/iiif/3910f5c8-320f-342f-a179-98725c514244/manifest,,,,,74
吾妻鏡 52巻 (存51巻) [29],A00:4522,アズマカガミ,,52,[書写者不明],[江戸初期],図書,日本語,"写本|題簽の書名: 東鑑|毎半葉9行|付訓あり|原闕: 卷第45|牡丹唐草文様の緞子表紙, 金地布目見返し, 鳥の子紙を使用|列帖装|印記: 「誠堂圖書」(徳川茂承), 「紀伊恴川 南葵文庫」",http://tify.sub.uni-goettingen.de/demo.html?manifest=https://archdataset.dl.itc.u-tokyo.ac.jp/manifest/ac39f6e0-2275-2b6b-90b2-e6ddef225c27.json,ac39f6e0-2275-2b6b-90b2-e6ddef225c27,https://iiif.dl.itc.u-tokyo.ac.jp/repo/s/nanki/,https://iiif.dl.itc.u-tokyo.ac.jp/repo/s/nanki/document/ac39f6e0-2275-2b6b-90b2-e6ddef225c27,https://www.lib.u-tokyo.ac.jp/ja/library/contents/archives-top/reuse,https://iiif.dl.itc.u-tokyo.ac.jp/repo/files/medium/e84c6fc2f99b9f4a5ce1a999e7d5dd4293b23fbf.jpg,https://iiif.dl.itc.u-tokyo.ac.jp/repo/api/items/1001836,"東京大学総合図書館 General Library, The University of Tokyo, JAPAN",http://iiif.io/api/presentation/2#rightToLeftDirection,,総合図書館所蔵南葵文庫,0275,,https://iiif.dl.itc.u-tokyo.ac.jp/repo/iiif/ac39f6e0-2275-2b6b-90b2-e6ddef225c27/manifest,,,,,52
吾妻鏡 52巻 (存51巻) [30],A00:4522,アズマカガミ,,52,[書写者不明],[江戸初期],図書,日本語,"写本|題簽の書名: 東鑑|毎半葉9行|付訓あり|原闕: 卷第45|牡丹唐草文様の緞子表紙, 金地布目見返し, 鳥の子紙を使用|列帖装|印記: 「誠堂圖書」(徳川茂承), 「紀伊恴川 南葵文庫」",http://tify.sub.uni-goettingen.de/demo.html?manifest=https://archdataset.dl.itc.u-tokyo.ac.jp/manifest/974f1230-3ccb-75a4-6a0e-7f2026a12644.json,974f1230-3ccb-75a4-6a0e-7f2026a12644,https://iiif.dl.itc.u-tokyo.ac.jp/repo/s/nanki/,https://iiif.dl.itc.u-tokyo.ac.jp/repo/s/nanki/document/974f1230-3ccb-75a4-6a0e-7f2026a12644,https://www.lib.u-tokyo.ac.jp/ja/library/contents/archives-top/reuse,https://iiif.dl.itc.u-tokyo.ac.jp/repo/files/medium/3fa51ca868fde15f5da7a4437a3bec83b1478770.jpg,https://iiif.dl.itc.u-tokyo.ac.jp/repo/api/items/1001835,"東京大学総合図書館 General Library, The University of Tokyo, JAPAN",http://iiif.io/api/presentation/2#rightToLeftDirection,,総合図書館所蔵南葵文庫,0276,,https://iiif.dl.itc.u-tokyo.ac.jp/repo/iiif/974f1230-3ccb-75a4-6a0e-7f2026a12644/manifest,,,,,40
吾妻鏡 52巻 (存51巻) [31],A00:4522,アズマカガミ,,52,[書写者不明],[江戸初期],図書,日本語,"写本|題簽の書名: 東鑑|毎半葉9行|付訓あり|原闕: 卷第45|牡丹唐草文様の緞子表紙, 金地布目見返し, 鳥の子紙を使用|列帖装|印記: 「誠堂圖書」(徳川茂承), 「紀伊恴川 南葵文庫」",http://tify.sub.uni-goettingen.de/demo.html?manifest=https://archdataset.dl.itc.u-tokyo.ac.jp/manifest/ed4e6e01-3429-836f-6ce2-6e1d19511813.json,ed4e6e01-3429-836f-6ce2-6e1d19511813,https://iiif.dl.itc.u-tokyo.ac.jp/repo/s/nanki/,https://iiif.dl.itc.u-tokyo.ac.jp/repo/s/nanki/document/ed4e6e01-3429-836f-6ce2-6e1d19511813,https://www.lib.u-tokyo.ac.jp/ja/library/contents/archives-top/reuse,https://iiif.dl.itc.u-tokyo.ac.jp/repo/files/medium/657539956bee8eadd5a839da6f4cdccdbc393615.jpg,https://iiif.dl.itc.u-tokyo.ac.jp/repo/api/items/1001834,"東京大学総合図書館 General Library, The University of Tokyo, JAPAN",http://iiif.io/api/presentation/2#rightToLeftDirection,,総合図書館所蔵南葵文庫,0277,,https://iiif.dl.itc.u-tokyo.ac.jp/repo/iiif/ed4e6e01-3429-836f-6ce2-6e1d19511813/manifest,,,,,59
吾妻鏡 52巻 (存51巻) [32],A00:4522,アズマカガミ,,52,[書写者不明],[江戸初期],図書,日本語,"写本|題簽の書名: 東鑑|毎半葉9行|付訓あり|原闕: 卷第45|牡丹唐草文様の緞子表紙, 金地布目見返し, 鳥の子紙を使用|列帖装|印記: 「誠堂圖書」(徳川茂承), 「紀伊恴川 南葵文庫」",http://tify.sub.uni-goettingen.de/demo.html?manifest=https://archdataset.dl.itc.u-tokyo.ac.jp/manifest/cca98710-2015-13c7-1fea-fd271e385e09.json,cca98710-2015-13c7-1fea-fd271e385e09,https://iiif.dl.itc.u-tokyo.ac.jp/repo/s/nanki/,https://iiif.dl.itc.u-tokyo.ac.jp/repo/s/nanki/document/cca98710-2015-13c7-1fea-fd271e385e09,https://www.lib.u-tokyo.ac.jp/ja/library/contents/archives-top/reuse,https://iiif.dl.itc.u-tokyo.ac.jp/repo/files/medium/1da3512edf727cb6dfd3ff24f5247fb802340a29.jpg,https://iiif.dl.itc.u-tokyo.ac.jp/repo/api/items/1001833,"東京大学総合図書館 General Library, The University of Tokyo, JAPAN",http://iiif.io/api/presentation/2#rightToLeftDirection,,総合図書館所蔵南葵文庫,0278,,https://iiif.dl.itc.u-tokyo.ac.jp/repo/iiif/cca98710-2015-13c7-1fea-fd271e385e09/manifest,,,,,76
吾妻鏡 52巻 (存51巻) [33],A00:4522,アズマカガミ,,52,[書写者不明],[江戸初期],図書,日本語,"写本|題簽の書名: 東鑑|毎半葉9行|付訓あり|原闕: 卷第45|牡丹唐草文様の緞子表紙, 金地布目見返し, 鳥の子紙を使用|列帖装|印記: 「誠堂圖書」(徳川茂承), 「紀伊恴川 南葵文庫」",http://tify.sub.uni-goettingen.de/demo.html?manifest=https://archdataset.dl.itc.u-tokyo.ac.jp/manifest/169e4f57-4050-7106-29cc-01fca1d91ae1.json,169e4f57-4050-7106-29cc-01fca1d91ae1,https://iiif.dl.itc.u-tokyo.ac.jp/repo/s/nanki/,https://iiif.dl.itc.u-tokyo.ac.jp/repo/s/nanki/document/169e4f57-4050-7106-29cc-01fca1d91ae1,https://www.lib.u-tokyo.ac.jp/ja/library/contents/archives-top/reuse,https://iiif.dl.itc.u-tokyo.ac.jp/repo/files/medium/97478e6a0dd63a99833d980d73e88f7742b64401.jpg,https://iiif.dl.itc.u-tokyo.ac.jp/repo/api/items/1001832,"東京大学総合図書館 General Library, The University of Tokyo, JAPAN",http://iiif.io/api/presentation/2#rightToLeftDirection,,総合図書館所蔵南葵文庫,0279,,https://iiif.dl.itc.u-tokyo.ac.jp/repo/iiif/169e4f57-4050-7106-29cc-01fca1d91ae1/manifest,,,,,70
吾妻鏡 52巻 (存51巻) [34],A00:4522,アズマカガミ,,52,[書写者不明],[江戸初期],図書,日本語,"写本|題簽の書名: 東鑑|毎半葉9行|付訓あり|原闕: 卷第45|牡丹唐草文様の緞子表紙, 金地布目見返し, 鳥の子紙を使用|列帖装|印記: 「誠堂圖書」(徳川茂承), 「紀伊恴川 南葵文庫」",http://tify.sub.uni-goettingen.de/demo.html?manifest=https://archdataset.dl.itc.u-tokyo.ac.jp/manifest/d1d38b29-20fe-999b-5633-7d78795c257d.json,d1d38b29-20fe-999b-5633-7d78795c257d,https://iiif.dl.itc.u-tokyo.ac.jp/repo/s/nanki/,https://iiif.dl.itc.u-tokyo.ac.jp/repo/s/nanki/document/d1d38b29-20fe-999b-5633-7d78795c257d,https://www.lib.u-tokyo.ac.jp/ja/library/contents/archives-top/reuse,https://iiif.dl.itc.u-tokyo.ac.jp/repo/files/medium/02a43c788f0bdda7c87f293d8aee0ed1164232c8.jpg,https://iiif.dl.itc.u-tokyo.ac.jp/repo/api/items/1001831,"東京大学総合図書館 General Library, The University of Tokyo, JAPAN",http://iiif.io/api/presentation/2#rightToLeftDirection,,総合図書館所蔵南葵文庫,0280,,https://iiif.dl.itc.u-tokyo.ac.jp/repo/iiif/d1d38b29-20fe-999b-5633-7d78795c257d/manifest,,,,,63
吾妻鏡 52巻 (存51巻) [35],A00:4522,アズマカガミ,,52,[書写者不明],[江戸初期],図書,日本語,"写本|題簽の書名: 東鑑|毎半葉9行|付訓あり|原闕: 卷第45|牡丹唐草文様の緞子表紙, 金地布目見返し, 鳥の子紙を使用|列帖装|印記: 「誠堂圖書」(徳川茂承), 「紀伊恴川 南葵文庫」",http://tify.sub.uni-goettingen.de/demo.html?manifest=https://archdataset.dl.itc.u-tokyo.ac.jp/manifest/e2127371-a163-2e6e-0380-23019c92819a.json,e2127371-a163-2e6e-0380-23019c92819a,https://iiif.dl.itc.u-tokyo.ac.jp/repo/s/nanki/,https://iiif.dl.itc.u-tokyo.ac.jp/repo/s/nanki/document/e2127371-a163-2e6e-0380-23019c92819a,https://www.lib.u-tokyo.ac.jp/ja/library/contents/archives-top/reuse,https://iiif.dl.itc.u-tokyo.ac.jp/repo/files/medium/d378d0f0d3dfc951cfc0fed6fe8cc6b56f96f4bc.jpg,https://iiif.dl.itc.u-tokyo.ac.jp/repo/api/items/1001830,"東京大学総合図書館 General Library, The University of Tokyo, JAPAN",http://iiif.io/api/presentation/2#rightToLeftDirection,,総合図書館所蔵南葵文庫,0281,,https://iiif.dl.itc.u-tokyo.ac.jp/repo/iiif/e2127371-a163-2e6e-0380-23019c92819a/manifest,,,,,66
吾妻鏡 52巻 (存51巻) [36],A00:4522,アズマカガミ,,52,[書写者不明],[江戸初期],図書,日本語,"写本|題簽の書名: 東鑑|毎半葉9行|付訓あり|原闕: 卷第45|牡丹唐草文様の緞子表紙, 金地布目見返し, 鳥の子紙を使用|列帖装|印記: 「誠堂圖書」(徳川茂承), 「紀伊恴川 南葵文庫」",http://tify.sub.uni-goettingen.de/demo.html?manifest=https://archdataset.dl.itc.u-tokyo.ac.jp/manifest/19951c15-5108-8fa6-0549-8d87c3836058.json,19951c15-5108-8fa6-0549-8d87c3836058,https://iiif.dl.itc.u-tokyo.ac.jp/repo/s/nanki/,https://iiif.dl.itc.u-tokyo.ac.jp/repo/s/nanki/document/19951c15-5108-8fa6-0549-8d87c3836058,https://www.lib.u-tokyo.ac.jp/ja/library/contents/archives-top/reuse,https://iiif.dl.itc.u-tokyo.ac.jp/repo/files/medium/1118d0a41e3bdd261826b1231f8c66b89dd7e87c.jpg,https://iiif.dl.itc.u-tokyo.ac.jp/repo/api/items/1001829,"東京大学総合図書館 General Library, The University of Tokyo, JAPAN",http://iiif.io/api/presentation/2#rightToLeftDirection,,総合図書館所蔵南葵文庫,0282,,https://iiif.dl.itc.u-tokyo.ac.jp/repo/iiif/19951c15-5108-8fa6-0549-8d87c3836058/manifest,,,,,69
吾妻鏡 52巻 (存51巻) [37],A00:4522,アズマカガミ,,52,[書写者不明],[江戸初期],図書,日本語,"写本|題簽の書名: 東鑑|毎半葉9行|付訓あり|原闕: 卷第45|牡丹唐草文様の緞子表紙, 金地布目見返し, 鳥の子紙を使用|列帖装|印記: 「誠堂圖書」(徳川茂承), 「紀伊恴川 南葵文庫」",http://tify.sub.uni-goettingen.de/demo.html?manifest=https://archdataset.dl.itc.u-tokyo.ac.jp/manifest/3e6eb360-42d2-334d-5bea-b39f6ae93cd4.json,3e6eb360-42d2-334d-5bea-b39f6ae93cd4,https://iiif.dl.itc.u-tokyo.ac.jp/repo/s/nanki/,https://iiif.dl.itc.u-tokyo.ac.jp/repo/s/nanki/document/3e6eb360-42d2-334d-5bea-b39f6ae93cd4,https://www.lib.u-tokyo.ac.jp/ja/library/contents/archives-top/reuse,https://iiif.dl.itc.u-tokyo.ac.jp/repo/files/medium/6ff7df0dc1f135587fb1b5acd78b4a33da9a9401.jpg,https://iiif.dl.itc.u-tokyo.ac.jp/repo/api/items/1001828,"東京大学総合図書館 General Library, The University of Tokyo, JAPAN",http://iiif.io/api/presentation/2#rightToLeftDirection,,総合図書館所蔵南葵文庫,0283,,https://iiif.dl.itc.u-tokyo.ac.jp/repo/iiif/3e6eb360-42d2-334d-5bea-b39f6ae93cd4/manifest,,,,,81
吾妻鏡 52巻 (存51巻) [38],A00:4522,アズマカガミ,,52,[書写者不明],[江戸初期],図書,日本語,"写本|題簽の書名: 東鑑|毎半葉9行|付訓あり|原闕: 卷第45|牡丹唐草文様の緞子表紙, 金地布目見返し, 鳥の子紙を使用|列帖装|印記: 「誠堂圖書」(徳川茂承), 「紀伊恴川 南葵文庫」",http://tify.sub.uni-goettingen.de/demo.html?manifest=https://archdataset.dl.itc.u-tokyo.ac.jp/manifest/8f49afd1-525f-6e87-7d26-a903a6227952.json,8f49afd1-525f-6e87-7d26-a903a6227952,https://iiif.dl.itc.u-tokyo.ac.jp/repo/s/nanki/,https://iiif.dl.itc.u-tokyo.ac.jp/repo/s/nanki/document/8f49afd1-525f-6e87-7d26-a903a6227952,https://www.lib.u-tokyo.ac.jp/ja/library/contents/archives-top/reuse,https://iiif.dl.itc.u-tokyo.ac.jp/repo/files/medium/d333b7e16c6e59e3f8f96732cf4af5eb3565926e.jpg,https://iiif.dl.itc.u-tokyo.ac.jp/repo/api/items/1001827,"東京大学総合図書館 General Library, The University of Tokyo, JAPAN",http://iiif.io/api/presentation/2#rightToLeftDirection,,総合図書館所蔵南葵文庫,0284,,https://iiif.dl.itc.u-tokyo.ac.jp/repo/iiif/8f49afd1-525f-6e87-7d26-a903a6227952/manifest,,,,,46
吾妻鏡 52巻 (存51巻) [39],A00:4522,アズマカガミ,,52,[書写者不明],[江戸初期],図書,日本語,"写本|題簽の書名: 東鑑|毎半葉9行|付訓あり|原闕: 卷第45|牡丹唐草文様の緞子表紙, 金地布目見返し, 鳥の子紙を使用|列帖装|印記: 「誠堂圖書」(徳川茂承), 「紀伊恴川 南葵文庫」",http://tify.sub.uni-goettingen.de/demo.html?manifest=https://archdataset.dl.itc.u-tokyo.ac.jp/manifest/1ef00f95-5a82-9c6a-42f1-1128ceab719b.json,1ef00f95-5a82-9c6a-42f1-1128ceab719b,https://iiif.dl.itc.u-tokyo.ac.jp/repo/s/nanki/,https://iiif.dl.itc.u-tokyo.ac.jp/repo/s/nanki/document/1ef00f95-5a82-9c6a-42f1-1128ceab719b,https://www.lib.u-tokyo.ac.jp/ja/library/contents/archives-top/reuse,https://iiif.dl.itc.u-tokyo.ac.jp/repo/files/medium/9388ec619e64149aa99e733455e17cf81c47d30b.jpg,https://iiif.dl.itc.u-tokyo.ac.jp/repo/api/items/1001826,"東京大学総合図書館 General Library, The University of Tokyo, JAPAN",http://iiif.io/api/presentation/2#rightToLeftDirection,,総合図書館所蔵南葵文庫,0285,,https://iiif.dl.itc.u-tokyo.ac.jp/repo/iiif/1ef00f95-5a82-9c6a-42f1-1128ceab719b/manifest,,,,,83
吾妻鏡 52巻 (存51巻) [40],A00:4522,アズマカガミ,,52,[書写者不明],[江戸初期],図書,日本語,"写本|題簽の書名: 東鑑|毎半葉9行|付訓あり|原闕: 卷第45|牡丹唐草文様の緞子表紙, 金地布目見返し, 鳥の子紙を使用|列帖装|印記: 「誠堂圖書」(徳川茂承), 「紀伊恴川 南葵文庫」",http://tify.sub.uni-goettingen.de/demo.html?manifest=https://archdataset.dl.itc.u-tokyo.ac.jp/manifest/df7f64ce-9f31-7582-2d77-82c59a2b6bb9.json,df7f64ce-9f31-7582-2d77-82c59a2b6bb9,https://iiif.dl.itc.u-tokyo.ac.jp/repo/s/nanki/,https://iiif.dl.itc.u-tokyo.ac.jp/repo/s/nanki/document/df7f64ce-9f31-7582-2d77-82c59a2b6bb9,https://www.lib.u-tokyo.ac.jp/ja/library/contents/archives-top/reuse,https://iiif.dl.itc.u-tokyo.ac.jp/repo/files/medium/9780133a5ae03c84986406c4832a0c1d4c65aa78.jpg,https://iiif.dl.itc.u-tokyo.ac.jp/repo/api/items/1001825,"東京大学総合図書館 General Library, The University of Tokyo, JAPAN",http://iiif.io/api/presentation/2#rightToLeftDirection,,総合図書館所蔵南葵文庫,0286,,https://iiif.dl.itc.u-tokyo.ac.jp/repo/iiif/df7f64ce-9f31-7582-2d77-82c59a2b6bb9/manifest,,,,,42
吾妻鏡 52巻 (存51巻) [41],A00:4522,アズマカガミ,,52,[書写者不明],[江戸初期],図書,日本語,"写本|題簽の書名: 東鑑|毎半葉9行|付訓あり|原闕: 卷第45|牡丹唐草文様の緞子表紙, 金地布目見返し, 鳥の子紙を使用|列帖装|印記: 「誠堂圖書」(徳川茂承), 「紀伊恴川 南葵文庫」",http://tify.sub.uni-goettingen.de/demo.html?manifest=https://archdataset.dl.itc.u-tokyo.ac.jp/manifest/8afd7610-6900-114a-20af-ec0a811a3bf6.json,8afd7610-6900-114a-20af-ec0a811a3bf6,https://iiif.dl.itc.u-tokyo.ac.jp/repo/s/nanki/,https://iiif.dl.itc.u-tokyo.ac.jp/repo/s/nanki/document/8afd7610-6900-114a-20af-ec0a811a3bf6,https://www.lib.u-tokyo.ac.jp/ja/library/contents/archives-top/reuse,https://iiif.dl.itc.u-tokyo.ac.jp/repo/files/medium/f35d5a42bd1ffa8f2865e082b0fdfa467333c1aa.jpg,https://iiif.dl.itc.u-tokyo.ac.jp/repo/api/items/1001824,"東京大学総合図書館 General Library, The University of Tokyo, JAPAN",http://iiif.io/api/presentation/2#rightToLeftDirection,,総合図書館所蔵南葵文庫,0287,,https://iiif.dl.itc.u-tokyo.ac.jp/repo/iiif/8afd7610-6900-114a-20af-ec0a811a3bf6/manifest,,,,,68
吾妻鏡 52巻 (存51巻) [42],A00:4522,アズマカガミ,,52,[書写者不明],[江戸初期],図書,日本語,"写本|題簽の書名: 東鑑|毎半葉9行|付訓あり|原闕: 卷第45|牡丹唐草文様の緞子表紙, 金地布目見返し, 鳥の子紙を使用|列帖装|印記: 「誠堂圖書」(徳川茂承), 「紀伊恴川 南葵文庫」",http://tify.sub.uni-goettingen.de/demo.html?manifest=https://archdataset.dl.itc.u-tokyo.ac.jp/manifest/27244de5-0bf8-2c35-6d53-6944b0a77ecb.json,27244de5-0bf8-2c35-6d53-6944b0a77ecb,https://iiif.dl.itc.u-tokyo.ac.jp/repo/s/nanki/,https://iiif.dl.itc.u-tokyo.ac.jp/repo/s/nanki/document/27244de5-0bf8-2c35-6d53-6944b0a77ecb,https://www.lib.u-tokyo.ac.jp/ja/library/contents/archives-top/reuse,https://iiif.dl.itc.u-tokyo.ac.jp/repo/files/medium/573f9afba8472476997bfbc2aef7dbe14b075f46.jpg,https://iiif.dl.itc.u-tokyo.ac.jp/repo/api/items/1001823,"東京大学総合図書館 General Library, The University of Tokyo, JAPAN",http://iiif.io/api/presentation/2#rightToLeftDirection,,総合図書館所蔵南葵文庫,0288,,https://iiif.dl.itc.u-tokyo.ac.jp/repo/iiif/27244de5-0bf8-2c35-6d53-6944b0a77ecb/manifest,,,,,64
吾妻鏡 52巻 (存51巻) [43],A00:4522,アズマカガミ,,52,[書写者不明],[江戸初期],図書,日本語,"写本|題簽の書名: 東鑑|毎半葉9行|付訓あり|原闕: 卷第45|牡丹唐草文様の緞子表紙, 金地布目見返し, 鳥の子紙を使用|列帖装|印記: 「誠堂圖書」(徳川茂承), 「紀伊恴川 南葵文庫」",http://tify.sub.uni-goettingen.de/demo.html?manifest=https://archdataset.dl.itc.u-tokyo.ac.jp/manifest/8cc4332f-3dc5-2223-7c5e-b51cc7d051df.json,8cc4332f-3dc5-2223-7c5e-b51cc7d051df,https://iiif.dl.itc.u-tokyo.ac.jp/repo/s/nanki/,https://iiif.dl.itc.u-tokyo.ac.jp/repo/s/nanki/document/8cc4332f-3dc5-2223-7c5e-b51cc7d051df,https://www.lib.u-tokyo.ac.jp/ja/library/contents/archives-top/reuse,https://iiif.dl.itc.u-tokyo.ac.jp/repo/files/medium/189b3a0ef8c96f691355ab41b2423c97c959f5e4.jpg,https://iiif.dl.itc.u-tokyo.ac.jp/repo/api/items/1001822,"東京大学総合図書館 General Library, The University of Tokyo, JAPAN",http://iiif.io/api/presentation/2#rightToLeftDirection,,総合図書館所蔵南葵文庫,0289,,https://iiif.dl.itc.u-tokyo.ac.jp/repo/iiif/8cc4332f-3dc5-2223-7c5e-b51cc7d051df/manifest,,,,,84
吾妻鏡 52巻 (存51巻) [44],A00:4522,アズマカガミ,,52,[書写者不明],[江戸初期],図書,日本語,"写本|題簽の書名: 東鑑|毎半葉9行|付訓あり|原闕: 卷第45|牡丹唐草文様の緞子表紙, 金地布目見返し, 鳥の子紙を使用|列帖装|印記: 「誠堂圖書」(徳川茂承), 「紀伊恴川 南葵文庫」",http://tify.sub.uni-goettingen.de/demo.html?manifest=https://archdataset.dl.itc.u-tokyo.ac.jp/manifest/83cf9bad-5c8a-8ef3-9d6b-c3e5f0d69d06.json,83cf9bad-5c8a-8ef3-9d6b-c3e5f0d69d06,https://iiif.dl.itc.u-tokyo.ac.jp/repo/s/nanki/,https://iiif.dl.itc.u-tokyo.ac.jp/repo/s/nanki/document/83cf9bad-5c8a-8ef3-9d6b-c3e5f0d69d06,https://www.lib.u-tokyo.ac.jp/ja/library/contents/archives-top/reuse,https://iiif.dl.itc.u-tokyo.ac.jp/repo/files/medium/ea9dfea6c525723dca7c3223b9efb651c95eb096.jpg,https://iiif.dl.itc.u-tokyo.ac.jp/repo/api/items/1001821,"東京大学総合図書館 General Library, The University of Tokyo, JAPAN",http://iiif.io/api/presentation/2#rightToLeftDirection,,総合図書館所蔵南葵文庫,0290,,https://iiif.dl.itc.u-tokyo.ac.jp/repo/iiif/83cf9bad-5c8a-8ef3-9d6b-c3e5f0d69d06/manifest,,,,,68
吾妻鏡 52巻 (存51巻) [45],A00:4522,アズマカガミ,,52,[書写者不明],[江戸初期],図書,日本語,"写本|題簽の書名: 東鑑|毎半葉9行|付訓あり|原闕: 卷第45|牡丹唐草文様の緞子表紙, 金地布目見返し, 鳥の子紙を使用|列帖装|印記: 「誠堂圖書」(徳川茂承), 「紀伊恴川 南葵文庫」",http://tify.sub.uni-goettingen.de/demo.html?manifest=https://archdataset.dl.itc.u-tokyo.ac.jp/manifest/71b47398-65d8-97dd-948b-0f54dda83fb4.json,71b47398-65d8-97dd-948b-0f54dda83fb4,https://iiif.dl.itc.u-tokyo.ac.jp/repo/s/nanki/,https://iiif.dl.itc.u-tokyo.ac.jp/repo/s/nanki/document/71b47398-65d8-97dd-948b-0f54dda83fb4,https://www.lib.u-tokyo.ac.jp/ja/library/contents/archives-top/reuse,https://iiif.dl.itc.u-tokyo.ac.jp/repo/files/medium/58e9562d03fdc34e391c414654c5bc6d20b9b57e.jpg,https://iiif.dl.itc.u-tokyo.ac.jp/repo/api/items/1001820,"東京大学総合図書館 General Library, The University of Tokyo, JAPAN",http://iiif.io/api/presentation/2#rightToLeftDirection,,総合図書館所蔵南葵文庫,0291,,https://iiif.dl.itc.u-tokyo.ac.jp/repo/iiif/71b47398-65d8-97dd-948b-0f54dda83fb4/manifest,,,,,43
吾妻鏡 52巻 (存51巻) [46],A00:4522,アズマカガミ,,52,[書写者不明],[江戸初期],図書,日本語,"写本|題簽の書名: 東鑑|毎半葉9行|付訓あり|原闕: 卷第45|牡丹唐草文様の緞子表紙, 金地布目見返し, 鳥の子紙を使用|列帖装|印記: 「誠堂圖書」(徳川茂承), 「紀伊恴川 南葵文庫」",http://tify.sub.uni-goettingen.de/demo.html?manifest=https://archdataset.dl.itc.u-tokyo.ac.jp/manifest/5fe6c8f1-7f0b-80b8-90f2-af1d910e751c.json,5fe6c8f1-7f0b-80b8-90f2-af1d910e751c,https://iiif.dl.itc.u-tokyo.ac.jp/repo/s/nanki/,https://iiif.dl.itc.u-tokyo.ac.jp/repo/s/nanki/document/5fe6c8f1-7f0b-80b8-90f2-af1d910e751c,https://www.lib.u-tokyo.ac.jp/ja/library/contents/archives-top/reuse,https://iiif.dl.itc.u-tokyo.ac.jp/repo/files/medium/cbf7ecb1f48924fad507702369fea32a49e000ac.jpg,https://iiif.dl.itc.u-tokyo.ac.jp/repo/api/items/1001819,"東京大学総合図書館 General Library, The University of Tokyo, JAPAN",http://iiif.io/api/presentation/2#rightToLeftDirection,,総合図書館所蔵南葵文庫,0292,,https://iiif.dl.itc.u-tokyo.ac.jp/repo/iiif/5fe6c8f1-7f0b-80b8-90f2-af1d910e751c/manifest,,,,,58
吾妻鏡 52巻 (存51巻) [47],A00:4522,アズマカガミ,,52,[書写者不明],[江戸初期],図書,日本語,"写本|題簽の書名: 東鑑|毎半葉9行|付訓あり|原闕: 卷第45|牡丹唐草文様の緞子表紙, 金地布目見返し, 鳥の子紙を使用|列帖装|印記: 「誠堂圖書」(徳川茂承), 「紀伊恴川 南葵文庫」",http://tify.sub.uni-goettingen.de/demo.html?manifest=https://archdataset.dl.itc.u-tokyo.ac.jp/manifest/6dc975a3-88d7-4d67-747e-711ac15a9f8e.json,6dc975a3-88d7-4d67-747e-711ac15a9f8e,https://iiif.dl.itc.u-tokyo.ac.jp/repo/s/nanki/,https://iiif.dl.itc.u-tokyo.ac.jp/repo/s/nanki/document/6dc975a3-88d7-4d67-747e-711ac15a9f8e,https://www.lib.u-tokyo.ac.jp/ja/library/contents/archives-top/reuse,https://iiif.dl.itc.u-tokyo.ac.jp/repo/files/medium/8a1f0beb2f529f336b332cab65f022bae34844ab.jpg,https://iiif.dl.itc.u-tokyo.ac.jp/repo/api/items/1001818,"東京大学総合図書館 General Library, The University of Tokyo, JAPAN",http://iiif.io/api/presentation/2#rightToLeftDirection,,総合図書館所蔵南葵文庫,0293,,https://iiif.dl.itc.u-tokyo.ac.jp/repo/iiif/6dc975a3-88d7-4d67-747e-711ac15a9f8e/manifest,,,,,62
吾妻鏡 52巻 (存51巻) [48],A00:4522,アズマカガミ,,52,[書写者不明],[江戸初期],図書,日本語,"写本|題簽の書名: 東鑑|毎半葉9行|付訓あり|原闕: 卷第45|牡丹唐草文様の緞子表紙, 金地布目見返し, 鳥の子紙を使用|列帖装|印記: 「誠堂圖書」(徳川茂承), 「紀伊恴川 南葵文庫」",http://tify.sub.uni-goettingen.de/demo.html?manifest=https://archdataset.dl.itc.u-tokyo.ac.jp/manifest/41611d24-674b-26e7-2715-08fddd69167e.json,41611d24-674b-26e7-2715-08fddd69167e,https://iiif.dl.itc.u-tokyo.ac.jp/repo/s/nanki/,https://iiif.dl.itc.u-tokyo.ac.jp/repo/s/nanki/document/41611d24-674b-26e7-2715-08fddd69167e,https://www.lib.u-tokyo.ac.jp/ja/library/contents/archives-top/reuse,https://iiif.dl.itc.u-tokyo.ac.jp/repo/files/medium/57bed827978f2c69e7f55ebb138b7d89cd9f0e71.jpg,https://iiif.dl.itc.u-tokyo.ac.jp/repo/api/items/1001817,"東京大学総合図書館 General Library, The University of Tokyo, JAPAN",http://iiif.io/api/presentation/2#rightToLeftDirection,,総合図書館所蔵南葵文庫,0294,,https://iiif.dl.itc.u-tokyo.ac.jp/repo/iiif/41611d24-674b-26e7-2715-08fddd69167e/manifest,,,,,69
吾妻鏡 52巻 (存51巻) [49],A00:4522,アズマカガミ,,52,[書写者不明],[江戸初期],図書,日本語,"写本|題簽の書名: 東鑑|毎半葉9行|付訓あり|原闕: 卷第45|牡丹唐草文様の緞子表紙, 金地布目見返し, 鳥の子紙を使用|列帖装|印記: 「誠堂圖書」(徳川茂承), 「紀伊恴川 南葵文庫」",http://tify.sub.uni-goettingen.de/demo.html?manifest=https://archdataset.dl.itc.u-tokyo.ac.jp/manifest/a49c164f-7222-51e3-228e-722ef1682dc7.json,a49c164f-7222-51e3-228e-722ef1682dc7,https://iiif.dl.itc.u-tokyo.ac.jp/repo/s/nanki/,https://iiif.dl.itc.u-tokyo.ac.jp/repo/s/nanki/document/a49c164f-7222-51e3-228e-722ef1682dc7,https://www.lib.u-tokyo.ac.jp/ja/library/contents/archives-top/reuse,https://iiif.dl.itc.u-tokyo.ac.jp/repo/files/medium/fe200ddeb18b65edd67aa6043ef221a6681ce378.jpg,https://iiif.dl.itc.u-tokyo.ac.jp/repo/api/items/1001816,"東京大学総合図書館 General Library, The University of Tokyo, JAPAN",http://iiif.io/api/presentation/2#rightToLeftDirection,,総合図書館所蔵南葵文庫,0295,,https://iiif.dl.itc.u-tokyo.ac.jp/repo/iiif/a49c164f-7222-51e3-228e-722ef1682dc7/manifest,,,,,77
吾妻鏡 52巻 (存51巻) [50],A00:4522,アズマカガミ,,52,[書写者不明],[江戸初期],図書,日本語,"写本|題簽の書名: 東鑑|毎半葉9行|付訓あり|原闕: 卷第45|牡丹唐草文様の緞子表紙, 金地布目見返し, 鳥の子紙を使用|列帖装|印記: 「誠堂圖書」(徳川茂承), 「紀伊恴川 南葵文庫」",http://tify.sub.uni-goettingen.de/demo.html?manifest=https://archdataset.dl.itc.u-tokyo.ac.jp/manifest/7da5fa00-871c-383f-047c-536e9158084f.json,7da5fa00-871c-383f-047c-536e9158084f,https://iiif.dl.itc.u-tokyo.ac.jp/repo/s/nanki/,https://iiif.dl.itc.u-tokyo.ac.jp/repo/s/nanki/document/7da5fa00-871c-383f-047c-536e9158084f,https://www.lib.u-tokyo.ac.jp/ja/library/contents/archives-top/reuse,https://iiif.dl.itc.u-tokyo.ac.jp/repo/files/medium/b1ddd7e99d07f0ca3ed050dd5f06ee525a648b98.jpg,https://iiif.dl.itc.u-tokyo.ac.jp/repo/api/items/1001815,"東京大学総合図書館 General Library, The University of Tokyo, JAPAN",http://iiif.io/api/presentation/2#rightToLeftDirection,,総合図書館所蔵南葵文庫,0296,,https://iiif.dl.itc.u-tokyo.ac.jp/repo/iiif/7da5fa00-871c-383f-047c-536e9158084f/manifest,,,,,82
吾妻鏡 52巻 (存51巻) [51],A00:4522,アズマカガミ,,52,[書写者不明],[江戸初期],図書,日本語,"写本|題簽の書名: 東鑑|毎半葉9行|付訓あり|原闕: 卷第45|牡丹唐草文様の緞子表紙, 金地布目見返し, 鳥の子紙を使用|列帖装|印記: 「誠堂圖書」(徳川茂承), 「紀伊恴川 南葵文庫」",http://tify.sub.uni-goettingen.de/demo.html?manifest=https://archdataset.dl.itc.u-tokyo.ac.jp/manifest/9b8b88a5-5fd8-3e47-8e92-720a41142ca8.json,9b8b88a5-5fd8-3e47-8e92-720a41142ca8,https://iiif.dl.itc.u-tokyo.ac.jp/repo/s/nanki/,https://iiif.dl.itc.u-tokyo.ac.jp/repo/s/nanki/document/9b8b88a5-5fd8-3e47-8e92-720a41142ca8,https://www.lib.u-tokyo.ac.jp/ja/library/contents/archives-top/reuse,https://iiif.dl.itc.u-tokyo.ac.jp/repo/files/medium/fec2cc4c48f57a283f0b1bb75823f348dd4a3978.jpg,https://iiif.dl.itc.u-tokyo.ac.jp/repo/api/items/1001814,"東京大学総合図書館 General Library, The University of Tokyo, JAPAN",http://iiif.io/api/presentation/2#rightToLeftDirection,,総合図書館所蔵南葵文庫,0297,,https://iiif.dl.itc.u-tokyo.ac.jp/repo/iiif/9b8b88a5-5fd8-3e47-8e92-720a41142ca8/manifest,,,,,49
吾妻鏡 52巻 (存51巻) [52],A00:4522,アズマカガミ,,52,[書写者不明],[江戸初期],図書,日本語,"写本|題簽の書名: 東鑑|毎半葉9行|付訓あり|原闕: 卷第45|牡丹唐草文様の緞子表紙, 金地布目見返し, 鳥の子紙を使用|列帖装|印記: 「誠堂圖書」(徳川茂承), 「紀伊恴川 南葵文庫」",http://tify.sub.uni-goettingen.de/demo.html?manifest=https://archdataset.dl.itc.u-tokyo.ac.jp/manifest/015a50fe-05d9-7b07-04de-d5326d0505c2.json,015a50fe-05d9-7b07-04de-d5326d0505c2,https://iiif.dl.itc.u-tokyo.ac.jp/repo/s/nanki/,https://iiif.dl.itc.u-tokyo.ac.jp/repo/s/nanki/document/015a50fe-05d9-7b07-04de-d5326d0505c2,https://www.lib.u-tokyo.ac.jp/ja/library/contents/archives-top/reuse,https://iiif.dl.itc.u-tokyo.ac.jp/repo/files/medium/e4c1b182193be02118228cd317ff5d539c327732.jpg,https://iiif.dl.itc.u-tokyo.ac.jp/repo/api/items/1001813,"東京大学総合図書館 General Library, The University of Tokyo, JAPAN",http://iiif.io/api/presentation/2#rightToLeftDirection,,総合図書館所蔵南葵文庫,0298,,https://iiif.dl.itc.u-tokyo.ac.jp/repo/iiif/015a50fe-05d9-7b07-04de-d5326d0505c2/manifest,,,,,58
太宰府考 3巻 [1],A00:4528,ダザイフコウ,青柳 種信,3,[青柳種信] [自筆],寛政10 [1798],図書,日本語,"写本|卷之2の巻末書名: 太宰府事蹟[考]|卷之3の扉の書名: 太宰府志|卷1末に「寛政十年六月中旬」とあり|後付題簽に「青柳種信翁親筆草稿本 」との墨書あり|後付題簽による巻冊次表示: 上, 中, 下|毎半葉10-11行注文双行|朱墨筆書き入れあり|印記: 「紀伊恴川 南葵文庫」|虫損あり",http://tify.sub.uni-goettingen.de/demo.html?manifest=https://archdataset.dl.itc.u-tokyo.ac.jp/manifest/77733a9f-6bc8-6955-7e2e-535c852c0ebe.json,77733a9f-6bc8-6955-7e2e-535c852c0ebe,https://iiif.dl.itc.u-tokyo.ac.jp/repo/s/nanki/,https://iiif.dl.itc.u-tokyo.ac.jp/repo/s/nanki/document/77733a9f-6bc8-6955-7e2e-535c852c0ebe,https://www.lib.u-tokyo.ac.jp/ja/library/contents/archives-top/reuse,https://iiif.dl.itc.u-tokyo.ac.jp/repo/files/medium/6c92fe61ee566f2be37969dcddfc9cefb1f24001.jpg,https://iiif.dl.itc.u-tokyo.ac.jp/repo/api/items/1001812,"東京大学総合図書館 General Library, The University of Tokyo, JAPAN",http://iiif.io/api/presentation/2#rightToLeftDirection,,総合図書館所蔵南葵文庫,0299,,https://iiif.dl.itc.u-tokyo.ac.jp/repo/iiif/77733a9f-6bc8-6955-7e2e-535c852c0ebe/manifest,,,,,41
太宰府考 3巻 [2],A00:4528,ダザイフコウ,青柳 種信,3,[青柳種信] [自筆],寛政10 [1798],図書,日本語,"写本|卷之2の巻末書名: 太宰府事蹟[考]|卷之3の扉の書名: 太宰府志|卷1末に「寛政十年六月中旬」とあり|後付題簽に「青柳種信翁親筆草稿本 」との墨書あり|後付題簽による巻冊次表示: 上, 中, 下|毎半葉10-11行注文双行|朱墨筆書き入れあり|印記: 「紀伊恴川 南葵文庫」|虫損あり",http://tify.sub.uni-goettingen.de/demo.html?manifest=https://archdataset.dl.itc.u-tokyo.ac.jp/manifest/c9928849-0155-5444-8311-9f8c431d06a2.json,c9928849-0155-5444-8311-9f8c431d06a2,https://iiif.dl.itc.u-tokyo.ac.jp/repo/s/nanki/,https://iiif.dl.itc.u-tokyo.ac.jp/repo/s/nanki/document/c9928849-0155-5444-8311-9f8c431d06a2,https://www.lib.u-tokyo.ac.jp/ja/library/contents/archives-top/reuse,https://iiif.dl.itc.u-tokyo.ac.jp/repo/files/medium/3ae600844907a15d1bbf90f21f3993e18b21a0ef.jpg,https://iiif.dl.itc.u-tokyo.ac.jp/repo/api/items/1001811,"東京大学総合図書館 General Library, The University of Tokyo, JAPAN",http://iiif.io/api/presentation/2#rightToLeftDirection,,総合図書館所蔵南葵文庫,0300,,https://iiif.dl.itc.u-tokyo.ac.jp/repo/iiif/c9928849-0155-5444-8311-9f8c431d06a2/manifest,,,,,32
太宰府考 3巻 [3],A00:4528,ダザイフコウ,青柳 種信,3,[青柳種信] [自筆],寛政10 [1798],図書,日本語,"写本|卷之2の巻末書名: 太宰府事蹟[考]|卷之3の扉の書名: 太宰府志|卷1末に「寛政十年六月中旬」とあり|後付題簽に「青柳種信翁親筆草稿本 」との墨書あり|後付題簽による巻冊次表示: 上, 中, 下|毎半葉10-11行注文双行|朱墨筆書き入れあり|印記: 「紀伊恴川 南葵文庫」|虫損あり",http://tify.sub.uni-goettingen.de/demo.html?manifest=https://archdataset.dl.itc.u-tokyo.ac.jp/manifest/6313665b-4358-1c1b-14aa-d1f995a23366.json,6313665b-4358-1c1b-14aa-d1f995a23366,https://iiif.dl.itc.u-tokyo.ac.jp/repo/s/nanki/,https://iiif.dl.itc.u-tokyo.ac.jp/repo/s/nanki/document/6313665b-4358-1c1b-14aa-d1f995a23366,https://www.lib.u-tokyo.ac.jp/ja/library/contents/archives-top/reuse,https://iiif.dl.itc.u-tokyo.ac.jp/repo/files/medium/a74cb8ce203e1073bd154270df3af62e48f19986.jpg,https://iiif.dl.itc.u-tokyo.ac.jp/repo/api/items/1001810,"東京大学総合図書館 General Library, The University of Tokyo, JAPAN",http://iiif.io/api/presentation/2#rightToLeftDirection,,総合図書館所蔵南葵文庫,0301,,https://iiif.dl.itc.u-tokyo.ac.jp/repo/iiif/6313665b-4358-1c1b-14aa-d1f995a23366/manifest,,,,,32
傳演味玄集,A00:4530,デンエン ミゲンシュウ,諸星 半六郎,1,[諸星應承] [自筆],延享元 [1744] [跋],図書,日本語,"写本|書名は表紙による|序末に「和堂印」, 「窠齋」との落款朱印あり|本文末に「諸星吮潮齋述」とあり(「應承之印」との落款墨印あり)|[跋]末に「延享甲子重陽日 東武 稻村忠郁鼎浄誌」とあり(「稻」, 「忠郁」との落款朱印あり)|毎半葉10行注文双行|印記: 「杓中弌片天」, 「紀伊恴川 南葵文庫」|虫損あり (裏打ち補修あり)",http://tify.sub.uni-goettingen.de/demo.html?manifest=https://archdataset.dl.itc.u-tokyo.ac.jp/manifest/de3833bb-84ae-46f9-5795-4e32d7fa4d06.json,de3833bb-84ae-46f9-5795-4e32d7fa4d06,https://iiif.dl.itc.u-tokyo.ac.jp/repo/s/nanki/,https://iiif.dl.itc.u-tokyo.ac.jp/repo/s/nanki/document/de3833bb-84ae-46f9-5795-4e32d7fa4d06,https://www.lib.u-tokyo.ac.jp/ja/library/contents/archives-top/reuse,https://iiif.dl.itc.u-tokyo.ac.jp/repo/files/medium/4ba8d154b57f4344150fcc01660eb155e7b2d82c.jpg,https://iiif.dl.itc.u-tokyo.ac.jp/repo/api/items/1001809,"東京大学総合図書館 General Library, The University of Tokyo, JAPAN",http://iiif.io/api/presentation/2#rightToLeftDirection,,総合図書館所蔵南葵文庫,0302,,https://iiif.dl.itc.u-tokyo.ac.jp/repo/iiif/de3833bb-84ae-46f9-5795-4e32d7fa4d06/manifest,,,,,17
女重寳記 5巻,A00:4532,オンナ チョウホウキ,苗村 丈伯,1,[萬屋清兵衛] [ほか],[元禄5 (1692)],図書,日本語,"5之巻の巻頭書名: 女重寶記|巻末貼紙に「女重寳記 草田子三徑|元禄五年五月刋|江戸青物町 萬屋清兵衛|大坂梶木町 伊丹屋太郎右エ門|京寺町 吉野屋四郎兵衛」との墨書あり|四周単辺無界12行, 内匡廓: 19.1×13.6cm, 白口無魚尾|付訓あり|印記: 「紀伊恴川 南葵文庫」|破損あり (裏打ち補修あり)",http://tify.sub.uni-goettingen.de/demo.html?manifest=https://archdataset.dl.itc.u-tokyo.ac.jp/manifest/4b77137a-6c1a-1611-8fcb-47b068292979.json,4b77137a-6c1a-1611-8fcb-47b068292979,https://iiif.dl.itc.u-tokyo.ac.jp/repo/s/nanki/,https://iiif.dl.itc.u-tokyo.ac.jp/repo/s/nanki/document/4b77137a-6c1a-1611-8fcb-47b068292979,https://www.lib.u-tokyo.ac.jp/ja/library/contents/archives-top/reuse,https://iiif.dl.itc.u-tokyo.ac.jp/repo/files/medium/30aab7455e5fa6758349cb036d58cacaf2b967a7.jpg,https://iiif.dl.itc.u-tokyo.ac.jp/repo/api/items/1001808,"東京大学総合図書館 General Library, The University of Tokyo, JAPAN",http://iiif.io/api/presentation/2#rightToLeftDirection,,総合図書館所蔵南葵文庫,0303,,https://iiif.dl.itc.u-tokyo.ac.jp/repo/iiif/4b77137a-6c1a-1611-8fcb-47b068292979/manifest,,,,,70
山桜戸,A00:4533,ヤマザクラド,伊藤 常足,1,[伊藤常足] [写],天保11 [1840],図書,日本語,"写本|書名は大尾による|扉に「天保十一年二月再考」とあり|巻末に「山桜戸は筑前国鞍手郡古門鎮守神の祠官伊藤魚沖常足の伊勢及大和山城に二處の紀行中より他人道しらへに歌のみ抄出をし自筆の書なり ... 明治二十五年晩夏念九日識于篁蔭書屋南窓机上 諸遠」との識語あり(「勘十郎」, 「坂田諸遠」との落款朱印あり)|毎半葉10行|付箋あり|印記: 「坂田文庫」(坂田諸遠), 「紀伊恴川 南葵文庫」|虫損あり",http://tify.sub.uni-goettingen.de/demo.html?manifest=https://archdataset.dl.itc.u-tokyo.ac.jp/manifest/57676ad7-33bd-897f-2891-4c0f5b2265a9.json,57676ad7-33bd-897f-2891-4c0f5b2265a9,https://iiif.dl.itc.u-tokyo.ac.jp/repo/s/nanki/,https://iiif.dl.itc.u-tokyo.ac.jp/repo/s/nanki/document/57676ad7-33bd-897f-2891-4c0f5b2265a9,https://www.lib.u-tokyo.ac.jp/ja/library/contents/archives-top/reuse,https://iiif.dl.itc.u-tokyo.ac.jp/repo/files/medium/e456327892831df02bcc90d1dccd0dccee6cd554.jpg,https://iiif.dl.itc.u-tokyo.ac.jp/repo/api/items/1001807,"東京大学総合図書館 General Library, The University of Tokyo, JAPAN",http://iiif.io/api/presentation/2#rightToLeftDirection,,総合図書館所蔵南葵文庫,0304,,https://iiif.dl.itc.u-tokyo.ac.jp/repo/iiif/57676ad7-33bd-897f-2891-4c0f5b2265a9/manifest,,,,,44
平家正節 [1],A00:4534,ヘイケ ショウセツ,,2,[書写者不明],[江戸中期以降],図書,日本語,"写本|書名は題簽による|[上]: 青山, 敦盛最期, 横笛, 鶏合, 泊瀬六代. [下]: 月見, 紅葉, 竹生島, 奈須与市, 忠度最期, 北方出家, 壇浦合戦|毎半葉5行|節付記号あり|付訓あり|印記: 「無盡藏」, 「紀伊恴川 南葵文庫」|虫損あり",http://tify.sub.uni-goettingen.de/demo.html?manifest=https://archdataset.dl.itc.u-tokyo.ac.jp/manifest/df6517d1-1b69-722f-00a3-ba8aaa3198cc.json,df6517d1-1b69-722f-00a3-ba8aaa3198cc,https://iiif.dl.itc.u-tokyo.ac.jp/repo/s/nanki/,https://iiif.dl.itc.u-tokyo.ac.jp/repo/s/nanki/document/df6517d1-1b69-722f-00a3-ba8aaa3198cc,https://www.lib.u-tokyo.ac.jp/ja/library/contents/archives-top/reuse,https://iiif.dl.itc.u-tokyo.ac.jp/repo/files/medium/b0210b617ae3b74495f839d560e2cd8ae2865f70.jpg,https://iiif.dl.itc.u-tokyo.ac.jp/repo/api/items/1001806,"東京大学総合図書館 General Library, The University of Tokyo, JAPAN",http://iiif.io/api/presentation/2#rightToLeftDirection,,総合図書館所蔵南葵文庫,0305,,https://iiif.dl.itc.u-tokyo.ac.jp/repo/iiif/df6517d1-1b69-722f-00a3-ba8aaa3198cc/manifest,,,,,59
平家正節 [2],A00:4534,ヘイケ ショウセツ,,2,[書写者不明],[江戸中期以降],図書,日本語,"写本|書名は題簽による|[上]: 青山, 敦盛最期, 横笛, 鶏合, 泊瀬六代. [下]: 月見, 紅葉, 竹生島, 奈須与市, 忠度最期, 北方出家, 壇浦合戦|毎半葉5行|節付記号あり|付訓あり|印記: 「無盡藏」, 「紀伊恴川 南葵文庫」|虫損あり",http://tify.sub.uni-goettingen.de/demo.html?manifest=https://archdataset.dl.itc.u-tokyo.ac.jp/manifest/9896b927-4367-6e99-0144-0c55acfd2471.json,9896b927-4367-6e99-0144-0c55acfd2471,https://iiif.dl.itc.u-tokyo.ac.jp/repo/s/nanki/,https://iiif.dl.itc.u-tokyo.ac.jp/repo/s/nanki/document/9896b927-4367-6e99-0144-0c55acfd2471,https://www.lib.u-tokyo.ac.jp/ja/library/contents/archives-top/reuse,https://iiif.dl.itc.u-tokyo.ac.jp/repo/files/medium/0b65ee83dbbb2fa3ae230f2fbe061967f240a3f1.jpg,https://iiif.dl.itc.u-tokyo.ac.jp/repo/api/items/1001805,"東京大学総合図書館 General Library, The University of Tokyo, JAPAN",http://iiif.io/api/presentation/2#rightToLeftDirection,,総合図書館所蔵南葵文庫,0306,,https://iiif.dl.itc.u-tokyo.ac.jp/repo/iiif/9896b927-4367-6e99-0144-0c55acfd2471/manifest,,,,,62
墨水鈔 (存2巻),A00:4536,ボクスイショウ,黒川 春村,1,横山由清 [写],[江戸末期],図書,日本語,"写本|表紙の書名: 墨水鈔神祇雜考|小口書: 墨水鈔神祇雑考|責任表示は『日本古典籍総合目録データベース』による|巻末に「これは故友横山由清ぬしの筆のあと ... 明治十三年三月十三日 小中村清矩」との識語あり|毎半葉10行注文双行|頭注あり|付訓あり|彩色あり|印記: 「月の屋」(横山由清), 「陽春廬記」(小中村清矩), 「紀伊恴川 南葵文庫」|虫損あり",http://tify.sub.uni-goettingen.de/demo.html?manifest=https://archdataset.dl.itc.u-tokyo.ac.jp/manifest/0a7447b0-64fd-0cca-2939-fc911f219c25.json,0a7447b0-64fd-0cca-2939-fc911f219c25,https://iiif.dl.itc.u-tokyo.ac.jp/repo/s/nanki/,https://iiif.dl.itc.u-tokyo.ac.jp/repo/s/nanki/document/0a7447b0-64fd-0cca-2939-fc911f219c25,https://www.lib.u-tokyo.ac.jp/ja/library/contents/archives-top/reuse,https://iiif.dl.itc.u-tokyo.ac.jp/repo/files/medium/7aa5b445c1c5e9006a524fd2a18f4ec1269c840e.jpg,https://iiif.dl.itc.u-tokyo.ac.jp/repo/api/items/1001804,"東京大学総合図書館 General Library, The University of Tokyo, JAPAN",http://iiif.io/api/presentation/2#rightToLeftDirection,,総合図書館所蔵南葵文庫,0307,,https://iiif.dl.itc.u-tokyo.ac.jp/repo/iiif/0a7447b0-64fd-0cca-2939-fc911f219c25/manifest,,,,,54
官職知要 3巻 (存2巻) [1],A00:4537,カンショク チヨウ,里見 安直,3,[書写者不明],[元禄年間],図書,日本語,"写本|責任表示は『日本古典籍総合目録データベース』による|巻冊次は題簽による|毎半葉9行注文双行|付訓あり|朱墨筆書き入れあり|上を欠く|印記: 「契沖」, 「阪田文庫」(坂田諸遠), 「紀伊恴川 南葵文庫」|虫損あり (裏打ち補修あり)",http://tify.sub.uni-goettingen.de/demo.html?manifest=https://archdataset.dl.itc.u-tokyo.ac.jp/manifest/8b3de292-91cb-8317-55f5-d905c8982478.json,8b3de292-91cb-8317-55f5-d905c8982478,https://iiif.dl.itc.u-tokyo.ac.jp/repo/s/nanki/,https://iiif.dl.itc.u-tokyo.ac.jp/repo/s/nanki/document/8b3de292-91cb-8317-55f5-d905c8982478,https://www.lib.u-tokyo.ac.jp/ja/library/contents/archives-top/reuse,https://iiif.dl.itc.u-tokyo.ac.jp/repo/files/medium/5c1960e4309998a169ee69d6b784c43aaf1ed915.jpg,https://iiif.dl.itc.u-tokyo.ac.jp/repo/api/items/1001803,"東京大学総合図書館 General Library, The University of Tokyo, JAPAN",http://iiif.io/api/presentation/2#rightToLeftDirection,,総合図書館所蔵南葵文庫,0308,,https://iiif.dl.itc.u-tokyo.ac.jp/repo/iiif/8b3de292-91cb-8317-55f5-d905c8982478/manifest,,,,,26
官職知要 3巻 (存2巻) [2],A00:4537,カンショク チヨウ,里見 安直,3,[書写者不明],[元禄年間],図書,日本語,"写本|責任表示は『日本古典籍総合目録データベース』による|巻冊次は題簽による|毎半葉9行注文双行|付訓あり|朱墨筆書き入れあり|上を欠く|印記: 「契沖」, 「阪田文庫」(坂田諸遠), 「紀伊恴川 南葵文庫」|虫損あり (裏打ち補修あり)",http://tify.sub.uni-goettingen.de/demo.html?manifest=https://archdataset.dl.itc.u-tokyo.ac.jp/manifest/7efbc6dd-1a3f-2942-5d2f-51e72ecb25ae.json,7efbc6dd-1a3f-2942-5d2f-51e72ecb25ae,https://iiif.dl.itc.u-tokyo.ac.jp/repo/s/nanki/,https://iiif.dl.itc.u-tokyo.ac.jp/repo/s/nanki/document/7efbc6dd-1a3f-2942-5d2f-51e72ecb25ae,https://www.lib.u-tokyo.ac.jp/ja/library/contents/archives-top/reuse,https://iiif.dl.itc.u-tokyo.ac.jp/repo/files/medium/31de85bb8ed10ab426e901012a40608d61575ba0.jpg,https://iiif.dl.itc.u-tokyo.ac.jp/repo/api/items/1001802,"東京大学総合図書館 General Library, The University of Tokyo, JAPAN",http://iiif.io/api/presentation/2#rightToLeftDirection,,総合図書館所蔵南葵文庫,0309,,https://iiif.dl.itc.u-tokyo.ac.jp/repo/iiif/7efbc6dd-1a3f-2942-5d2f-51e72ecb25ae/manifest,,,,,36
官職知要 3巻 (存2巻) [3],A00:4537,カンショク チヨウ,里見 安直,3,[書写者不明],[元禄年間],図書,日本語,"写本|責任表示は『日本古典籍総合目録データベース』による|巻冊次は題簽による|毎半葉9行注文双行|付訓あり|朱墨筆書き入れあり|上を欠く|印記: 「契沖」, 「阪田文庫」(坂田諸遠), 「紀伊恴川 南葵文庫」|虫損あり (裏打ち補修あり)",http://tify.sub.uni-goettingen.de/demo.html?manifest=https://archdataset.dl.itc.u-tokyo.ac.jp/manifest/861028e3-4503-2d22-15a6-99522026209e.json,861028e3-4503-2d22-15a6-99522026209e,https://iiif.dl.itc.u-tokyo.ac.jp/repo/s/nanki/,https://iiif.dl.itc.u-tokyo.ac.jp/repo/s/nanki/document/861028e3-4503-2d22-15a6-99522026209e,https://www.lib.u-tokyo.ac.jp/ja/library/contents/archives-top/reuse,https://iiif.dl.itc.u-tokyo.ac.jp/repo/files/medium/fc403310dffc8621ebc60258306bc5ea6962522c.jpg,https://iiif.dl.itc.u-tokyo.ac.jp/repo/api/items/1001801,"東京大学総合図書館 General Library, The University of Tokyo, JAPAN",http://iiif.io/api/presentation/2#rightToLeftDirection,,総合図書館所蔵南葵文庫,0310,,https://iiif.dl.itc.u-tokyo.ac.jp/repo/iiif/861028e3-4503-2d22-15a6-99522026209e/manifest,,,,,27
熱海獨案内,A00:4538,アタミ ヒトリアンナイ,大内 青巒,1,逸見久五郎,1885.9,図書,日本語,"書名は見返しによる|見返しに「遊仙洞上梓」とあり|「豆州熱海全圖」あり|坂田諸遠による朱墨筆書き入れ, 付箋, 挟みもの多数あり|熱海に関する印刷物, 冊子を付す|印記: 「坂田文庫」(坂田諸遠), 「紀伊恴川 南葵文庫」",http://tify.sub.uni-goettingen.de/demo.html?manifest=https://archdataset.dl.itc.u-tokyo.ac.jp/manifest/4d6686ff-3f6e-2d6b-968b-73aa707b2dc9.json,4d6686ff-3f6e-2d6b-968b-73aa707b2dc9,https://iiif.dl.itc.u-tokyo.ac.jp/repo/s/nanki/,https://iiif.dl.itc.u-tokyo.ac.jp/repo/s/nanki/document/4d6686ff-3f6e-2d6b-968b-73aa707b2dc9,https://www.lib.u-tokyo.ac.jp/ja/library/contents/archives-top/reuse,https://iiif.dl.itc.u-tokyo.ac.jp/repo/files/medium/5c3ba14fda55fb4bb3f4c36462d3da866080f7a0.jpg,https://iiif.dl.itc.u-tokyo.ac.jp/repo/api/items/1001800,"東京大学総合図書館 General Library, The University of Tokyo, JAPAN",http://iiif.io/api/presentation/2#rightToLeftDirection,,総合図書館所蔵南葵文庫,0311,,https://iiif.dl.itc.u-tokyo.ac.jp/repo/iiif/4d6686ff-3f6e-2d6b-968b-73aa707b2dc9/manifest,,,,,209
雲圖鈔 2巻,A00:4539,ウンズショウ,藤原 重隆,1,小野高尚 [写],寶暦4 [1754] 奥書,図書,日本語,"写本|書名は目首による|小口書: 雲圖抄|責任表示は『日本古典籍総合目録データベース』による|原奥書に「此書者故都督納言為藏人頭時故右金吾被抄出云々件草傳在此家而去年依不意事文籍紛失之間已爲其中雖爲才幹不省之身猶有愚忠奉公之思彼正本金吾御自書傳在故前納言(朝隆)之許仍所借請侍中左司郎(朝方)也冩圖書銘于時永暦㝡初之年無射上旬之候也近代識者之家以之爲明鏡云云爲観摸而已 末葉左監門員外将車兼秝内給事藤原爲親在判」, 「嘉應二年仲春之比以右中丞御本写之畢 子細經被書載仍所写留也 工部尚書藤原親雅在判」, 「右一帖素所持之本巻物二軸壹巻圖壹巻裏書也然披見之度有其煩故今圖之下加裏書為合巻書写之 于旹延寶八年仲秋日 左官掌紀氏辰」とあり|奥書に「右雲圖抄一冊寶暦四年甲戌十一月二十七日起毫十二月十三日燈下写畢 東都牛隱 竹叢小野高尚書」とあり(「竹叢」, 「高尚之印」との落款朱印あり)|毎半葉10行注文双行|朱筆書き入れあり|印記: 「佚泰子藏本」(小野高尚), 「坂田文庫」(坂田諸遠), 「紀伊恴川 南葵文庫」|虫損あり",http://tify.sub.uni-goettingen.de/demo.html?manifest=https://archdataset.dl.itc.u-tokyo.ac.jp/manifest/483b0447-494d-5e72-4e28-a30788828999.json,483b0447-494d-5e72-4e28-a30788828999,https://iiif.dl.itc.u-tokyo.ac.jp/repo/s/nanki/,https://iiif.dl.itc.u-tokyo.ac.jp/repo/s/nanki/document/483b0447-494d-5e72-4e28-a30788828999,https://www.lib.u-tokyo.ac.jp/ja/library/contents/archives-top/reuse,https://iiif.dl.itc.u-tokyo.ac.jp/repo/files/medium/eb50a80c737229b015e13b6bf6bb8f07df3cbf9b.jpg,https://iiif.dl.itc.u-tokyo.ac.jp/repo/api/items/1001799,"東京大学総合図書館 General Library, The University of Tokyo, JAPAN",http://iiif.io/api/presentation/2#rightToLeftDirection,,総合図書館所蔵南葵文庫,0312,,https://iiif.dl.itc.u-tokyo.ac.jp/repo/iiif/483b0447-494d-5e72-4e28-a30788828999/manifest,,,,,74
藤谷和歌集,A00:4540,フジガヤツ ワカシュウ,冷泉 為相,1,[書写者不明],[江戸中期以降],図書,日本語,"写本|題簽の書名: 藤谷集|原奥書に「歌數三百七首此内入撰集六十三首」, 「從二位中納言爲相卿/冷泉又藤谷又高倉/哥鞠宗近 頭大納言爲家四男/母後号阿佛遠江守平度慶朝臣女」とあり|奥書に「保午晩夏念五以一本校之七十翁北慎言」とあり|毎半葉11-12行|墨筆書き入れあり|印記: 「楓□」, 「坂田文庫」(坂田諸遠), 「紀伊恴川 南葵文庫」|虫損あり (裏打ち補修あり)",http://tify.sub.uni-goettingen.de/demo.html?manifest=https://archdataset.dl.itc.u-tokyo.ac.jp/manifest/f0c6f82f-1c1c-1845-8757-8d7e7cd264e6.json,f0c6f82f-1c1c-1845-8757-8d7e7cd264e6,https://iiif.dl.itc.u-tokyo.ac.jp/repo/s/nanki/,https://iiif.dl.itc.u-tokyo.ac.jp/repo/s/nanki/document/f0c6f82f-1c1c-1845-8757-8d7e7cd264e6,https://www.lib.u-tokyo.ac.jp/ja/library/contents/archives-top/reuse,https://iiif.dl.itc.u-tokyo.ac.jp/repo/files/medium/fd6c77e90e7cf611807b42c7b9afdb9523d7ff5a.jpg,https://iiif.dl.itc.u-tokyo.ac.jp/repo/api/items/1001798,"東京大学総合図書館 General Library, The University of Tokyo, JAPAN",http://iiif.io/api/presentation/2#rightToLeftDirection,,総合図書館所蔵南葵文庫,0313,,https://iiif.dl.itc.u-tokyo.ac.jp/repo/iiif/f0c6f82f-1c1c-1845-8757-8d7e7cd264e6/manifest,,,,,34
越國内輪弓箭 : 老師物語聞書付,A00:4541,エッコク ウチワ ユミヤ : ロウシ モノガタリ キキガキ ツケ,加治 景治,1,太田南畝 [写],寛政3 [1791] 奥書,図書,日本語,"写本|扉の書名: 越後国内輪弓箭|巻末に「正保三丙戌十一月廿三日 加治七郎兵衞」とあり|原奥書に「延宝八五月十一日 澤﨑門入」とあり|奥書に「寛政三年辛亥九月三日走筆写之南畝子」とあり(「南畝」, 「覃」との落款朱印あり)|毎半葉9行注文双行|印記: 「南畝文庫」, 「大田氏臧書」(大田南畝), 「紀伊恴川 南葵文庫」|虫損あり",http://tify.sub.uni-goettingen.de/demo.html?manifest=https://archdataset.dl.itc.u-tokyo.ac.jp/manifest/fc8db9a4-9c42-a479-0a80-68d33b3950fa.json,fc8db9a4-9c42-a479-0a80-68d33b3950fa,https://iiif.dl.itc.u-tokyo.ac.jp/repo/s/nanki/,https://iiif.dl.itc.u-tokyo.ac.jp/repo/s/nanki/document/fc8db9a4-9c42-a479-0a80-68d33b3950fa,https://www.lib.u-tokyo.ac.jp/ja/library/contents/archives-top/reuse,https://iiif.dl.itc.u-tokyo.ac.jp/repo/files/medium/4535765c7d866c65570f20e3d2cb207ceff8c3d6.jpg,https://iiif.dl.itc.u-tokyo.ac.jp/repo/api/items/1001797,"東京大学総合図書館 General Library, The University of Tokyo, JAPAN",http://iiif.io/api/presentation/2#rightToLeftDirection,,総合図書館所蔵南葵文庫,0314,,https://iiif.dl.itc.u-tokyo.ac.jp/repo/iiif/fc8db9a4-9c42-a479-0a80-68d33b3950fa/manifest,,,,,19
男重寶記 5巻,A00:4542,ナン チョウホウキ,苗村 丈伯,1,[大和屋勘七郎],[元禄6 (1693)],図書,日本語,"卷之2の巻頭書名: 男重寳記|見返しの書名: 男重寳記大成|版心の書名: 男重宝|内題下に「格物之部」(卷之2), 「翰禮之卷」(卷之4)とあり|巻末の南葵文庫貼紙に「男重寳記 草田子三徑/元禄六年六月刋/四条東洞院東入 大和屋勘七郎發行」との墨書あり|四周単辺無界10行, 内匡廓: 18.3×13.7cm, 白口無魚尾|付訓あり|印記: 「吉口」, 「紀伊恴川 南葵文庫」|虫損あり (裏打ち補修あり)",http://tify.sub.uni-goettingen.de/demo.html?manifest=https://archdataset.dl.itc.u-tokyo.ac.jp/manifest/e00eb2c1-0a07-3d33-a010-6c16ce614dde.json,e00eb2c1-0a07-3d33-a010-6c16ce614dde,https://iiif.dl.itc.u-tokyo.ac.jp/repo/s/nanki/,https://iiif.dl.itc.u-tokyo.ac.jp/repo/s/nanki/document/e00eb2c1-0a07-3d33-a010-6c16ce614dde,https://www.lib.u-tokyo.ac.jp/ja/library/contents/archives-top/reuse,https://iiif.dl.itc.u-tokyo.ac.jp/repo/files/medium/2320508b57011329010b7bc83d60114f60b8e191.jpg,https://iiif.dl.itc.u-tokyo.ac.jp/repo/api/items/1001796,"東京大学総合図書館 General Library, The University of Tokyo, JAPAN",http://iiif.io/api/presentation/2#rightToLeftDirection,,総合図書館所蔵南葵文庫,0315,,https://iiif.dl.itc.u-tokyo.ac.jp/repo/iiif/e00eb2c1-0a07-3d33-a010-6c16ce614dde/manifest,,,,,83
的いる之事,A00:4544,マトイル ノ コト,上原 高家,1,吉田助左衞門 [写],寛永18 [1641] 奥書,図書,日本語,"写本|題簽の書名: 弓術秘傳|小口書: 異本高忠聞書別記高家相傳|帙題簽の書名: 異本高忠聞書別記|本奥書に「右此一巻當流既為秘説御懇望之間写進訖聊不可有外見之儀者也/上原豊前守 高家/永正拾三年八月日/吉田新介殿」とあり|奥書末に「吉田助左衞門尉 寛永十八暦如月上旬 豊澤(花押) 弁松左大夫殿ゑ」とあり|毎半葉9行|彩色あり|朱点, 朱引あり|印記: 「吉田助左ヱ問」, 「雲子」, 「紀伊恴川 南葵文庫」|虫損あり (裏打ち補修あり)",http://tify.sub.uni-goettingen.de/demo.html?manifest=https://archdataset.dl.itc.u-tokyo.ac.jp/manifest/e72b2994-8450-25ac-a586-ef656bbf0589.json,e72b2994-8450-25ac-a586-ef656bbf0589,https://iiif.dl.itc.u-tokyo.ac.jp/repo/s/nanki/,https://iiif.dl.itc.u-tokyo.ac.jp/repo/s/nanki/document/e72b2994-8450-25ac-a586-ef656bbf0589,https://www.lib.u-tokyo.ac.jp/ja/library/contents/archives-top/reuse,https://iiif.dl.itc.u-tokyo.ac.jp/repo/files/medium/014fb32e8b894c3c5a9d4fa65e44ada85bda9b3f.jpg,https://iiif.dl.itc.u-tokyo.ac.jp/repo/api/items/1001795,"東京大学総合図書館 General Library, The University of Tokyo, JAPAN",http://iiif.io/api/presentation/2#rightToLeftDirection,,総合図書館所蔵南葵文庫,0316,,https://iiif.dl.itc.u-tokyo.ac.jp/repo/iiif/e72b2994-8450-25ac-a586-ef656bbf0589/manifest,,,,,64
延喜式 50巻 (存1巻),A00:4545,エンギシキ,阿刀 忠行,1,西村市郎右衞門,元禄11 [1698],図書,日本語,"版心の書名: 太神宮式|題簽の書名(墨書): 延喜式 : 太神宮式|巻末に「延喜式巻第四 延長五年十二月廾六日 外從五位下行左大史臣阿刀宿祢忠行 從五位上行勘解由次官兼大外記紀伊權介臣伴宿祢久永 從四位上行神祇伯臣大中臣朝臣安則 大納言正三位兼行民部卿臣藤原朝臣清貫 左大臣正二位兼行左近衛大將皇太子傳臣藤原朝臣忠平」とあり|刊記に「元禄十一年正月廾一日壽梓 伊勢山田藤原長兵衞重常 京六角西村市郎右衞門渠營」とあり|四周単辺無界8行18字注文双行, 内匡廓: 20.0×15.4cm, 白口無魚尾|頭注あり|付訓あり|大尾に「應小山光命需贈之 従四位下度會弘訓 文政四年四月朔日」との墨書あり|印記:「度會範谷」, 「寛居」(足代弘訓), 「阪田文庫」(坂田諸遠), 「紀伊恴川 南葵文庫」",http://tify.sub.uni-goettingen.de/demo.html?manifest=https://archdataset.dl.itc.u-tokyo.ac.jp/manifest/73a17feb-7095-5aa5-072c-e612ea485f37.json,73a17feb-7095-5aa5-072c-e612ea485f37,https://iiif.dl.itc.u-tokyo.ac.jp/repo/s/nanki/,https://iiif.dl.itc.u-tokyo.ac.jp/repo/s/nanki/document/73a17feb-7095-5aa5-072c-e612ea485f37,https://www.lib.u-tokyo.ac.jp/ja/library/contents/archives-top/reuse,https://iiif.dl.itc.u-tokyo.ac.jp/repo/files/medium/8b8b07357c64beb8a971c732cb62aa075962b07b.jpg,https://iiif.dl.itc.u-tokyo.ac.jp/repo/api/items/1001794,"東京大学総合図書館 General Library, The University of Tokyo, JAPAN",http://iiif.io/api/presentation/2#rightToLeftDirection,,総合図書館所蔵南葵文庫,0317,,https://iiif.dl.itc.u-tokyo.ac.jp/repo/iiif/73a17feb-7095-5aa5-072c-e612ea485f37/manifest,,,,,49
太宰府事蹟考 3巻 (存1巻),A00:4546,ダザイフ ジセキコウ,青柳 種信,1,松木俊章 [写],[江戸後期],図書,日本語,"写本|題簽に「松木俊章親冩」とあり|毎半葉10-11行注文双行|頭注あり|印記: 「筑前國夜須郡大神社庫書印」(松木俊章), 「紀伊恴川 南葵文庫」",http://tify.sub.uni-goettingen.de/demo.html?manifest=https://archdataset.dl.itc.u-tokyo.ac.jp/manifest/749739ed-4d92-75e5-0710-e996c9ffa2ba.json,749739ed-4d92-75e5-0710-e996c9ffa2ba,https://iiif.dl.itc.u-tokyo.ac.jp/repo/s/nanki/,https://iiif.dl.itc.u-tokyo.ac.jp/repo/s/nanki/document/749739ed-4d92-75e5-0710-e996c9ffa2ba,https://www.lib.u-tokyo.ac.jp/ja/library/contents/archives-top/reuse,https://iiif.dl.itc.u-tokyo.ac.jp/repo/files/medium/4b89d1cf7181ba7d6f6ec59bd520a64ced14c714.jpg,https://iiif.dl.itc.u-tokyo.ac.jp/repo/api/items/1001793,"東京大学総合図書館 General Library, The University of Tokyo, JAPAN",http://iiif.io/api/presentation/2#rightToLeftDirection,,総合図書館所蔵南葵文庫,0318,,https://iiif.dl.itc.u-tokyo.ac.jp/repo/iiif/749739ed-4d92-75e5-0710-e996c9ffa2ba/manifest,,,,,33
風説集 3巻附1巻,A00:4547,フウセツシュウ ; カンエン キダン,高岡 良峨,1,高岡良峨 [自筆],延享4 [1747],図書,日本語,"写本|題簽の書名: 風説集 : 寛延奇談|奥書の書名: 風説集寛延奇談|小口書: 寛延奇談風説集|題簽に「良峨君遺筆」とあり|下之卷末に「延享四年丁夘五月 写之」とあり|奥書に「風説集寛延奇談 先考良峨君之遺墨也冀世之敬重而無遺失也/享和癸亥六月男秀成識」とあり(「實勇」, 「高岡秀成」との落款朱印あり)|印記: 「養拙齋」, 「蜂屋藏」, 「紀伊恴川 南葵文庫」|虫損あり (裏打ち補修あり)",http://tify.sub.uni-goettingen.de/demo.html?manifest=https://archdataset.dl.itc.u-tokyo.ac.jp/manifest/f3d78fef-a6d9-832f-887a-61e65abe82cc.json,f3d78fef-a6d9-832f-887a-61e65abe82cc,https://iiif.dl.itc.u-tokyo.ac.jp/repo/s/nanki/,https://iiif.dl.itc.u-tokyo.ac.jp/repo/s/nanki/document/f3d78fef-a6d9-832f-887a-61e65abe82cc,https://www.lib.u-tokyo.ac.jp/ja/library/contents/archives-top/reuse,https://iiif.dl.itc.u-tokyo.ac.jp/repo/files/medium/a3ff2a812b3e8866f6b56f90e5ab5beaab7f1ef8.jpg,https://iiif.dl.itc.u-tokyo.ac.jp/repo/api/items/1001792,"東京大学総合図書館 General Library, The University of Tokyo, JAPAN",http://iiif.io/api/presentation/2#rightToLeftDirection,,総合図書館所蔵南葵文庫,0319,,https://iiif.dl.itc.u-tokyo.ac.jp/repo/iiif/f3d78fef-a6d9-832f-887a-61e65abe82cc/manifest,,,,,155
雅俗隨筆 3巻 [1],A00:4548,ガゾク ズイヒツ,笠亭 仙果,3,[柳亭種秀] [自筆],[江戸末期],図書,日本語,"写本|題簽の書名: 雅俗隨筆原稿|中, 下の内題下に「栁亭種彦著」とあり|毎半葉10行注文双行|付訓あり|墨筆書き入れあり|押紙あり|胡粉による修正あり|印記: 「紀伊恴川 南葵文庫」|虫損あり",http://tify.sub.uni-goettingen.de/demo.html?manifest=https://archdataset.dl.itc.u-tokyo.ac.jp/manifest/2088a24a-0025-7079-4a2d-456788820031.json,2088a24a-0025-7079-4a2d-456788820031,https://iiif.dl.itc.u-tokyo.ac.jp/repo/s/nanki/,https://iiif.dl.itc.u-tokyo.ac.jp/repo/s/nanki/document/2088a24a-0025-7079-4a2d-456788820031,https://www.lib.u-tokyo.ac.jp/ja/library/contents/archives-top/reuse,https://iiif.dl.itc.u-tokyo.ac.jp/repo/files/medium/502d3fa309e7dc41646d2e82df1b562c5f280567.jpg,https://iiif.dl.itc.u-tokyo.ac.jp/repo/api/items/1001791,"東京大学総合図書館 General Library, The University of Tokyo, JAPAN",http://iiif.io/api/presentation/2#rightToLeftDirection,,総合図書館所蔵南葵文庫,0320,,https://iiif.dl.itc.u-tokyo.ac.jp/repo/iiif/2088a24a-0025-7079-4a2d-456788820031/manifest,,,,,31
雅俗隨筆 3巻 [2],A00:4548,ガゾク ズイヒツ,笠亭 仙果,3,[柳亭種秀] [自筆],[江戸末期],図書,日本語,"写本|題簽の書名: 雅俗隨筆原稿|中, 下の内題下に「栁亭種彦著」とあり|毎半葉10行注文双行|付訓あり|墨筆書き入れあり|押紙あり|胡粉による修正あり|印記: 「紀伊恴川 南葵文庫」|虫損あり",http://tify.sub.uni-goettingen.de/demo.html?manifest=https://archdataset.dl.itc.u-tokyo.ac.jp/manifest/6e33bc9e-6a5f-632b-5556-79bd57074ec7.json,6e33bc9e-6a5f-632b-5556-79bd57074ec7,https://iiif.dl.itc.u-tokyo.ac.jp/repo/s/nanki/,https://iiif.dl.itc.u-tokyo.ac.jp/repo/s/nanki/document/6e33bc9e-6a5f-632b-5556-79bd57074ec7,https://www.lib.u-tokyo.ac.jp/ja/library/contents/archives-top/reuse,https://iiif.dl.itc.u-tokyo.ac.jp/repo/files/medium/e73f92f4a97b2f0d38cd25eb430440aea0ef67cd.jpg,https://iiif.dl.itc.u-tokyo.ac.jp/repo/api/items/1001790,"東京大学総合図書館 General Library, The University of Tokyo, JAPAN",http://iiif.io/api/presentation/2#rightToLeftDirection,,総合図書館所蔵南葵文庫,0321,,https://iiif.dl.itc.u-tokyo.ac.jp/repo/iiif/6e33bc9e-6a5f-632b-5556-79bd57074ec7/manifest,,,,,27
雅俗隨筆 3巻 [3],A00:4548,ガゾク ズイヒツ,笠亭 仙果,3,[柳亭種秀] [自筆],[江戸末期],図書,日本語,"写本|題簽の書名: 雅俗隨筆原稿|中, 下の内題下に「栁亭種彦著」とあり|毎半葉10行注文双行|付訓あり|墨筆書き入れあり|押紙あり|胡粉による修正あり|印記: 「紀伊恴川 南葵文庫」|虫損あり",http://tify.sub.uni-goettingen.de/demo.html?manifest=https://archdataset.dl.itc.u-tokyo.ac.jp/manifest/120a898e-4a59-3329-33f5-df41a2c3a26e.json,120a898e-4a59-3329-33f5-df41a2c3a26e,https://iiif.dl.itc.u-tokyo.ac.jp/repo/s/nanki/,https://iiif.dl.itc.u-tokyo.ac.jp/repo/s/nanki/document/120a898e-4a59-3329-33f5-df41a2c3a26e,https://www.lib.u-tokyo.ac.jp/ja/library/contents/archives-top/reuse,https://iiif.dl.itc.u-tokyo.ac.jp/repo/files/medium/5ffaeba15dcbef74af52462c4973b7a2cbacc785.jpg,https://iiif.dl.itc.u-tokyo.ac.jp/repo/api/items/1001789,"東京大学総合図書館 General Library, The University of Tokyo, JAPAN",http://iiif.io/api/presentation/2#rightToLeftDirection,,総合図書館所蔵南葵文庫,0322,,https://iiif.dl.itc.u-tokyo.ac.jp/repo/iiif/120a898e-4a59-3329-33f5-df41a2c3a26e/manifest,,,,,26
江都名跡志 [1],A00:4552,エド メイセキシ,,3,[書写者不明],[江戸中期以降],図書,日本語,"写本|書名及び巻冊次は題簽による|小口書: 武江名跡志|冒頭の「備考」に「此書何人の輯録なるを知らす恐らくは全部四本の内淺艸千手本所深川葛飾等の部一本逸せし ... 闕本のま々購得之携帰り文庫に藏む明治庚寅六月 篁陰老史」との識語あり(「中原諸遠」との落款朱印あり)|題簽による巻冊次表示: 弌, 弍, 弎|1の巻末に「天保十五甲辰年孟春 璞丘店星野藏」との墨書あり|印記: 「竹裏弄」, 「久榮」(星野久榮), 「坂田文庫」(坂田諸遠), 「紀伊恴川 南葵文庫」|虫損あり",http://tify.sub.uni-goettingen.de/demo.html?manifest=https://archdataset.dl.itc.u-tokyo.ac.jp/manifest/05c24544-7984-931a-7b70-70e3745e5015.json,05c24544-7984-931a-7b70-70e3745e5015,https://iiif.dl.itc.u-tokyo.ac.jp/repo/s/nanki/,https://iiif.dl.itc.u-tokyo.ac.jp/repo/s/nanki/document/05c24544-7984-931a-7b70-70e3745e5015,https://www.lib.u-tokyo.ac.jp/ja/library/contents/archives-top/reuse,https://iiif.dl.itc.u-tokyo.ac.jp/repo/files/medium/af199468505f33904c202d2874d1cae60701509a.jpg,https://iiif.dl.itc.u-tokyo.ac.jp/repo/api/items/1001788,"東京大学総合図書館 General Library, The University of Tokyo, JAPAN",http://iiif.io/api/presentation/2#rightToLeftDirection,,総合図書館所蔵南葵文庫,0323,,https://iiif.dl.itc.u-tokyo.ac.jp/repo/iiif/05c24544-7984-931a-7b70-70e3745e5015/manifest,,,,,75
江都名跡志 [2],A00:4552,エド メイセキシ,,3,[書写者不明],[江戸中期以降],図書,日本語,"写本|書名及び巻冊次は題簽による|小口書: 武江名跡志|冒頭の「備考」に「此書何人の輯録なるを知らす恐らくは全部四本の内淺艸千手本所深川葛飾等の部一本逸せし ... 闕本のま々購得之携帰り文庫に藏む明治庚寅六月 篁陰老史」との識語あり(「中原諸遠」との落款朱印あり)|題簽による巻冊次表示: 弌, 弍, 弎|1の巻末に「天保十五甲辰年孟春 璞丘店星野藏」との墨書あり|印記: 「竹裏弄」, 「久榮」(星野久榮), 「坂田文庫」(坂田諸遠), 「紀伊恴川 南葵文庫」|虫損あり",http://tify.sub.uni-goettingen.de/demo.html?manifest=https://archdataset.dl.itc.u-tokyo.ac.jp/manifest/c819ec34-9b4c-9ac0-8db6-2c72d83b6687.json,c819ec34-9b4c-9ac0-8db6-2c72d83b6687,https://iiif.dl.itc.u-tokyo.ac.jp/repo/s/nanki/,https://iiif.dl.itc.u-tokyo.ac.jp/repo/s/nanki/document/c819ec34-9b4c-9ac0-8db6-2c72d83b6687,https://www.lib.u-tokyo.ac.jp/ja/library/contents/archives-top/reuse,https://iiif.dl.itc.u-tokyo.ac.jp/repo/files/medium/f4792b6680fd310df3730c26f84aa1e420b70c8a.jpg,https://iiif.dl.itc.u-tokyo.ac.jp/repo/api/items/1001787,"東京大学総合図書館 General Library, The University of Tokyo, JAPAN",http://iiif.io/api/presentation/2#rightToLeftDirection,,総合図書館所蔵南葵文庫,0324,,https://iiif.dl.itc.u-tokyo.ac.jp/repo/iiif/c819ec34-9b4c-9ac0-8db6-2c72d83b6687/manifest,,,,,80
江都名跡志 [3],A00:4552,エド メイセキシ,,3,[書写者不明],[江戸中期以降],図書,日本語,"写本|書名及び巻冊次は題簽による|小口書: 武江名跡志|冒頭の「備考」に「此書何人の輯録なるを知らす恐らくは全部四本の内淺艸千手本所深川葛飾等の部一本逸せし ... 闕本のま々購得之携帰り文庫に藏む明治庚寅六月 篁陰老史」との識語あり(「中原諸遠」との落款朱印あり)|題簽による巻冊次表示: 弌, 弍, 弎|1の巻末に「天保十五甲辰年孟春 璞丘店星野藏」との墨書あり|印記: 「竹裏弄」, 「久榮」(星野久榮), 「坂田文庫」(坂田諸遠), 「紀伊恴川 南葵文庫」|虫損あり",http://tify.sub.uni-goettingen.de/demo.html?manifest=https://archdataset.dl.itc.u-tokyo.ac.jp/manifest/8e79ac8d-4779-3edf-3c6c-49c59dc45ae7.json,8e79ac8d-4779-3edf-3c6c-49c59dc45ae7,https://iiif.dl.itc.u-tokyo.ac.jp/repo/s/nanki/,https://iiif.dl.itc.u-tokyo.ac.jp/repo/s/nanki/document/8e79ac8d-4779-3edf-3c6c-49c59dc45ae7,https://www.lib.u-tokyo.ac.jp/ja/library/contents/archives-top/reuse,https://iiif.dl.itc.u-tokyo.ac.jp/repo/files/medium/1241f9cbbd2346648e5595e41fe76dc2866aea25.jpg,https://iiif.dl.itc.u-tokyo.ac.jp/repo/api/items/1001786,"東京大学総合図書館 General Library, The University of Tokyo, JAPAN",http://iiif.io/api/presentation/2#rightToLeftDirection,,総合図書館所蔵南葵文庫,0325,,https://iiif.dl.itc.u-tokyo.ac.jp/repo/iiif/8e79ac8d-4779-3edf-3c6c-49c59dc45ae7/manifest,,,,,79
世中百首,A00:4553,ヨノナカ ヒャクシュ,荒木田 守武,1,[出版者不明],慶安元 [1648],図書,日本語,巻末に「世の中の大永五年長月のかのえさるの夜百首よむなり」とあり|刊記に「慶安元年五月吉旦於勢刕山田開板之」とあり|毎半葉10行|付訓あり|印記: 「紀伊恴川 南葵文庫」,http://tify.sub.uni-goettingen.de/demo.html?manifest=https://archdataset.dl.itc.u-tokyo.ac.jp/manifest/a54b481c-071d-2599-704a-c88e05731a20.json,a54b481c-071d-2599-704a-c88e05731a20,https://iiif.dl.itc.u-tokyo.ac.jp/repo/s/nanki/,https://iiif.dl.itc.u-tokyo.ac.jp/repo/s/nanki/document/a54b481c-071d-2599-704a-c88e05731a20,https://www.lib.u-tokyo.ac.jp/ja/library/contents/archives-top/reuse,https://iiif.dl.itc.u-tokyo.ac.jp/repo/files/medium/94f90c717dfdc68798c90cac82c92cd8db03e834.jpg,https://iiif.dl.itc.u-tokyo.ac.jp/repo/api/items/1001785,"東京大学総合図書館 General Library, The University of Tokyo, JAPAN",http://iiif.io/api/presentation/2#rightToLeftDirection,,総合図書館所蔵南葵文庫,0326,,https://iiif.dl.itc.u-tokyo.ac.jp/repo/iiif/a54b481c-071d-2599-704a-c88e05731a20/manifest,,,,,14
むさしあふみ 2巻,A00:4554,ムサシアブミ,浅井 了意,1,山本九左衛門,延寳4 [1676],図書,日本語,"下の巻頭書名: むさしあぶみ|版心の書名: むさし|小口書: 明暦武藏鐙|責任表示は『日本古典籍総合目録データベース』による|刊記に「延寳四丙辰歳 陬月吉辰/山本九左衛門板」とあり|四周単辺無界15行, 内匡廓: 22.0×16.7cm, 白口無魚尾|付訓あり|上: 見開1図, 半丁2図. 下: 見開1図, 半丁4図|原2冊を冊に合綴|印記: 「葵岡」, 「北溪」(魚屋北渓), 「福田文庫」(福田敬園), 「坂田文庫」(坂田諸遠), 「紀伊恴川 南葵文庫」|虫損あり",http://tify.sub.uni-goettingen.de/demo.html?manifest=https://archdataset.dl.itc.u-tokyo.ac.jp/manifest/506688f8-7764-a133-6f5a-d6d8032f741d.json,506688f8-7764-a133-6f5a-d6d8032f741d,https://iiif.dl.itc.u-tokyo.ac.jp/repo/s/nanki/,https://iiif.dl.itc.u-tokyo.ac.jp/repo/s/nanki/document/506688f8-7764-a133-6f5a-d6d8032f741d,https://www.lib.u-tokyo.ac.jp/ja/library/contents/archives-top/reuse,https://iiif.dl.itc.u-tokyo.ac.jp/repo/files/medium/8f3c4b123473a2c54cd2b636438d29c5147f5c35.jpg,https://iiif.dl.itc.u-tokyo.ac.jp/repo/api/items/1001784,"東京大学総合図書館 General Library, The University of Tokyo, JAPAN",http://iiif.io/api/presentation/2#rightToLeftDirection,,総合図書館所蔵南葵文庫,0327,,https://iiif.dl.itc.u-tokyo.ac.jp/repo/iiif/506688f8-7764-a133-6f5a-d6d8032f741d/manifest,,,,,35
義經記 12巻 [1],A00:4555,ギケイキ,,4,[書写者不明],[江戸前期],図書,日本語,写本|毎半葉10行|題簽による巻冊次表示: 自1至3: 元. 自4至6: 亨. 自7至9: 利. 自10至12: 貞|金泥花草下絵鳥の子紙を使用|綴葉装|印記: 「紀伊恴川 南葵文庫」|虫損あり,http://tify.sub.uni-goettingen.de/demo.html?manifest=https://archdataset.dl.itc.u-tokyo.ac.jp/manifest/e010bdd7-4ca2-56c0-7f36-8740b3a94bfc.json,e010bdd7-4ca2-56c0-7f36-8740b3a94bfc,https://iiif.dl.itc.u-tokyo.ac.jp/repo/s/nanki/,https://iiif.dl.itc.u-tokyo.ac.jp/repo/s/nanki/document/e010bdd7-4ca2-56c0-7f36-8740b3a94bfc,https://www.lib.u-tokyo.ac.jp/ja/library/contents/archives-top/reuse,https://iiif.dl.itc.u-tokyo.ac.jp/repo/files/medium/7e0b63e1e5bd6561b41600d961fbd855f98aac6b.jpg,https://iiif.dl.itc.u-tokyo.ac.jp/repo/api/items/1001783,"東京大学総合図書館 General Library, The University of Tokyo, JAPAN",http://iiif.io/api/presentation/2#rightToLeftDirection,,総合図書館所蔵南葵文庫,0328,,https://iiif.dl.itc.u-tokyo.ac.jp/repo/iiif/e010bdd7-4ca2-56c0-7f36-8740b3a94bfc/manifest,,,,,180
義經記 12巻 [2],A00:4555,ギケイキ,,4,[書写者不明],[江戸前期],図書,日本語,写本|毎半葉10行|題簽による巻冊次表示: 自1至3: 元. 自4至6: 亨. 自7至9: 利. 自10至12: 貞|金泥花草下絵鳥の子紙を使用|綴葉装|印記: 「紀伊恴川 南葵文庫」|虫損あり,http://tify.sub.uni-goettingen.de/demo.html?manifest=https://archdataset.dl.itc.u-tokyo.ac.jp/manifest/c1b187b7-0f16-2e55-1040-5327ff6b3b06.json,c1b187b7-0f16-2e55-1040-5327ff6b3b06,https://iiif.dl.itc.u-tokyo.ac.jp/repo/s/nanki/,https://iiif.dl.itc.u-tokyo.ac.jp/repo/s/nanki/document/c1b187b7-0f16-2e55-1040-5327ff6b3b06,https://www.lib.u-tokyo.ac.jp/ja/library/contents/archives-top/reuse,https://iiif.dl.itc.u-tokyo.ac.jp/repo/files/medium/66c359696ad96a64ed2628b0d7efd72af58292aa.jpg,https://iiif.dl.itc.u-tokyo.ac.jp/repo/api/items/1001782,"東京大学総合図書館 General Library, The University of Tokyo, JAPAN",http://iiif.io/api/presentation/2#rightToLeftDirection,,総合図書館所蔵南葵文庫,0329,,https://iiif.dl.itc.u-tokyo.ac.jp/repo/iiif/c1b187b7-0f16-2e55-1040-5327ff6b3b06/manifest,,,,,145
義經記 12巻 [3],A00:4555,ギケイキ,,4,[書写者不明],[江戸前期],図書,日本語,写本|毎半葉10行|題簽による巻冊次表示: 自1至3: 元. 自4至6: 亨. 自7至9: 利. 自10至12: 貞|金泥花草下絵鳥の子紙を使用|綴葉装|印記: 「紀伊恴川 南葵文庫」|虫損あり,http://tify.sub.uni-goettingen.de/demo.html?manifest=https://archdataset.dl.itc.u-tokyo.ac.jp/manifest/eedd3905-88f9-1694-5c30-10c8a07167e0.json,eedd3905-88f9-1694-5c30-10c8a07167e0,https://iiif.dl.itc.u-tokyo.ac.jp/repo/s/nanki/,https://iiif.dl.itc.u-tokyo.ac.jp/repo/s/nanki/document/eedd3905-88f9-1694-5c30-10c8a07167e0,https://www.lib.u-tokyo.ac.jp/ja/library/contents/archives-top/reuse,https://iiif.dl.itc.u-tokyo.ac.jp/repo/files/medium/c4abc041035a3221655edc97c743f79df835e64e.jpg,https://iiif.dl.itc.u-tokyo.ac.jp/repo/api/items/1001781,"東京大学総合図書館 General Library, The University of Tokyo, JAPAN",http://iiif.io/api/presentation/2#rightToLeftDirection,,総合図書館所蔵南葵文庫,0330,,https://iiif.dl.itc.u-tokyo.ac.jp/repo/iiif/eedd3905-88f9-1694-5c30-10c8a07167e0/manifest,,,,,160
義經記 12巻 [4],A00:4555,ギケイキ,,4,[書写者不明],[江戸前期],図書,日本語,写本|毎半葉10行|題簽による巻冊次表示: 自1至3: 元. 自4至6: 亨. 自7至9: 利. 自10至12: 貞|金泥花草下絵鳥の子紙を使用|綴葉装|印記: 「紀伊恴川 南葵文庫」|虫損あり,http://tify.sub.uni-goettingen.de/demo.html?manifest=https://archdataset.dl.itc.u-tokyo.ac.jp/manifest/7c78f099-76d8-90a4-1a8a-6a3396076a8b.json,7c78f099-76d8-90a4-1a8a-6a3396076a8b,https://iiif.dl.itc.u-tokyo.ac.jp/repo/s/nanki/,https://iiif.dl.itc.u-tokyo.ac.jp/repo/s/nanki/document/7c78f099-76d8-90a4-1a8a-6a3396076a8b,https://www.lib.u-tokyo.ac.jp/ja/library/contents/archives-top/reuse,https://iiif.dl.itc.u-tokyo.ac.jp/repo/files/medium/16ec7f76804b259180aa2cb62c47e1b71d6f1574.jpg,https://iiif.dl.itc.u-tokyo.ac.jp/repo/api/items/1001780,"東京大学総合図書館 General Library, The University of Tokyo, JAPAN",http://iiif.io/api/presentation/2#rightToLeftDirection,,総合図書館所蔵南葵文庫,0331,,https://iiif.dl.itc.u-tokyo.ac.jp/repo/iiif/7c78f099-76d8-90a4-1a8a-6a3396076a8b/manifest,,,,,162
昔々物語,A00:4556,ムカシムカシ モノガタリ,新見 正朝,1,[書写者不明],[江戸後期],図書,日本語,"写本|書名は序首による|序末に「元禄二年己巳冬日 東都隱士 政友入道八十七翁」とあり|題簽に「桺亭挍本」とあり|毎半葉9行|朱墨筆書き入れあり|奥書末に「柳亭又曰 ... 此写本を正しとすべし」とあり|巻末に「明治十三年九月四日 篁蔭外史」との識語あり|印記: 「阪田文庫」(坂田諸遠), 「紀伊恴川 南葵文庫」|虫損あり",http://tify.sub.uni-goettingen.de/demo.html?manifest=https://archdataset.dl.itc.u-tokyo.ac.jp/manifest/a1a6daf0-90a7-2ffc-82be-6084aa3487e0.json,a1a6daf0-90a7-2ffc-82be-6084aa3487e0,https://iiif.dl.itc.u-tokyo.ac.jp/repo/s/nanki/,https://iiif.dl.itc.u-tokyo.ac.jp/repo/s/nanki/document/a1a6daf0-90a7-2ffc-82be-6084aa3487e0,https://www.lib.u-tokyo.ac.jp/ja/library/contents/archives-top/reuse,https://iiif.dl.itc.u-tokyo.ac.jp/repo/files/medium/ca4ee83f9c61b3ced15f6da1151117733ca0ceff.jpg,https://iiif.dl.itc.u-tokyo.ac.jp/repo/api/items/1001779,"東京大学総合図書館 General Library, The University of Tokyo, JAPAN",http://iiif.io/api/presentation/2#rightToLeftDirection,,総合図書館所蔵南葵文庫,0332,,https://iiif.dl.itc.u-tokyo.ac.jp/repo/iiif/a1a6daf0-90a7-2ffc-82be-6084aa3487e0/manifest,,,,,87
創業記考異 9巻補1巻 [1],A00:4593,ソウギョウキ コウイ,松平 忠明,10,[書写者不明],[江戸後期],図書,日本語,"写本|奥書に「此書舊本故松平下総守忠明所記而間刪訂焉且有校加則低一字書之末一冊補續本書之所闕者也」とあり|毎半葉7行注文双行|朱点, 朱引あり|印記: 「紀伊國徳川氏圖書記」, 「紀伊恴川 南葵文庫」",http://tify.sub.uni-goettingen.de/demo.html?manifest=https://archdataset.dl.itc.u-tokyo.ac.jp/manifest/ea1e1b59-51b2-6ac2-122c-4160f0ec4223.json,ea1e1b59-51b2-6ac2-122c-4160f0ec4223,https://iiif.dl.itc.u-tokyo.ac.jp/repo/s/nanki/,https://iiif.dl.itc.u-tokyo.ac.jp/repo/s/nanki/document/ea1e1b59-51b2-6ac2-122c-4160f0ec4223,https://www.lib.u-tokyo.ac.jp/ja/library/contents/archives-top/reuse,https://iiif.dl.itc.u-tokyo.ac.jp/repo/files/medium/17a332b66dbee26bb375cbfd3ae1c4ebaba1ca5f.jpg,https://iiif.dl.itc.u-tokyo.ac.jp/repo/api/items/1001778,"東京大学総合図書館 General Library, The University of Tokyo, JAPAN",http://iiif.io/api/presentation/2#rightToLeftDirection,,総合図書館所蔵南葵文庫,0333,,https://iiif.dl.itc.u-tokyo.ac.jp/repo/iiif/ea1e1b59-51b2-6ac2-122c-4160f0ec4223/manifest,,,,,59
創業記考異 9巻補1巻 [2],A00:4593,ソウギョウキ コウイ,松平 忠明,10,[書写者不明],[江戸後期],図書,日本語,"写本|奥書に「此書舊本故松平下総守忠明所記而間刪訂焉且有校加則低一字書之末一冊補續本書之所闕者也」とあり|毎半葉7行注文双行|朱点, 朱引あり|印記: 「紀伊國徳川氏圖書記」, 「紀伊恴川 南葵文庫」",http://tify.sub.uni-goettingen.de/demo.html?manifest=https://archdataset.dl.itc.u-tokyo.ac.jp/manifest/a25c2aa7-a737-952e-13f7-cd228c7b2035.json,a25c2aa7-a737-952e-13f7-cd228c7b2035,https://iiif.dl.itc.u-tokyo.ac.jp/repo/s/nanki/,https://iiif.dl.itc.u-tokyo.ac.jp/repo/s/nanki/document/a25c2aa7-a737-952e-13f7-cd228c7b2035,https://www.lib.u-tokyo.ac.jp/ja/library/contents/archives-top/reuse,https://iiif.dl.itc.u-tokyo.ac.jp/repo/files/medium/abf05289f0c6859eea5559f81bf6e79f1ceac4e7.jpg,https://iiif.dl.itc.u-tokyo.ac.jp/repo/api/items/1001777,"東京大学総合図書館 General Library, The University of Tokyo, JAPAN",http://iiif.io/api/presentation/2#rightToLeftDirection,,総合図書館所蔵南葵文庫,0334,,https://iiif.dl.itc.u-tokyo.ac.jp/repo/iiif/a25c2aa7-a737-952e-13f7-cd228c7b2035/manifest,,,,,76
創業記考異 9巻補1巻 [3],A00:4593,ソウギョウキ コウイ,松平 忠明,10,[書写者不明],[江戸後期],図書,日本語,"写本|奥書に「此書舊本故松平下総守忠明所記而間刪訂焉且有校加則低一字書之末一冊補續本書之所闕者也」とあり|毎半葉7行注文双行|朱点, 朱引あり|印記: 「紀伊國徳川氏圖書記」, 「紀伊恴川 南葵文庫」",http://tify.sub.uni-goettingen.de/demo.html?manifest=https://archdataset.dl.itc.u-tokyo.ac.jp/manifest/676237ea-2b73-5890-5a53-0eedb58691f3.json,676237ea-2b73-5890-5a53-0eedb58691f3,https://iiif.dl.itc.u-tokyo.ac.jp/repo/s/nanki/,https://iiif.dl.itc.u-tokyo.ac.jp/repo/s/nanki/document/676237ea-2b73-5890-5a53-0eedb58691f3,https://www.lib.u-tokyo.ac.jp/ja/library/contents/archives-top/reuse,https://iiif.dl.itc.u-tokyo.ac.jp/repo/files/medium/bb344ab89a5112dff7f14121263c998b1c0af827.jpg,https://iiif.dl.itc.u-tokyo.ac.jp/repo/api/items/1001776,"東京大学総合図書館 General Library, The University of Tokyo, JAPAN",http://iiif.io/api/presentation/2#rightToLeftDirection,,総合図書館所蔵南葵文庫,0335,,https://iiif.dl.itc.u-tokyo.ac.jp/repo/iiif/676237ea-2b73-5890-5a53-0eedb58691f3/manifest,,,,,63
創業記考異 9巻補1巻 [4],A00:4593,ソウギョウキ コウイ,松平 忠明,10,[書写者不明],[江戸後期],図書,日本語,"写本|奥書に「此書舊本故松平下総守忠明所記而間刪訂焉且有校加則低一字書之末一冊補續本書之所闕者也」とあり|毎半葉7行注文双行|朱点, 朱引あり|印記: 「紀伊國徳川氏圖書記」, 「紀伊恴川 南葵文庫」",http://tify.sub.uni-goettingen.de/demo.html?manifest=https://archdataset.dl.itc.u-tokyo.ac.jp/manifest/15e655cd-0701-7337-989d-d12d1648750d.json,15e655cd-0701-7337-989d-d12d1648750d,https://iiif.dl.itc.u-tokyo.ac.jp/repo/s/nanki/,https://iiif.dl.itc.u-tokyo.ac.jp/repo/s/nanki/document/15e655cd-0701-7337-989d-d12d1648750d,https://www.lib.u-tokyo.ac.jp/ja/library/contents/archives-top/reuse,https://iiif.dl.itc.u-tokyo.ac.jp/repo/files/medium/dd7b6a26ea7802e19242d254db4261d4998ff68a.jpg,https://iiif.dl.itc.u-tokyo.ac.jp/repo/api/items/1001775,"東京大学総合図書館 General Library, The University of Tokyo, JAPAN",http://iiif.io/api/presentation/2#rightToLeftDirection,,総合図書館所蔵南葵文庫,0336,,https://iiif.dl.itc.u-tokyo.ac.jp/repo/iiif/15e655cd-0701-7337-989d-d12d1648750d/manifest,,,,,56
創業記考異 9巻補1巻 [5],A00:4593,ソウギョウキ コウイ,松平 忠明,10,[書写者不明],[江戸後期],図書,日本語,"写本|奥書に「此書舊本故松平下総守忠明所記而間刪訂焉且有校加則低一字書之末一冊補續本書之所闕者也」とあり|毎半葉7行注文双行|朱点, 朱引あり|印記: 「紀伊國徳川氏圖書記」, 「紀伊恴川 南葵文庫」",http://tify.sub.uni-goettingen.de/demo.html?manifest=https://archdataset.dl.itc.u-tokyo.ac.jp/manifest/211cf1a0-870d-a380-7b7b-488b39a6a4b9.json,211cf1a0-870d-a380-7b7b-488b39a6a4b9,https://iiif.dl.itc.u-tokyo.ac.jp/repo/s/nanki/,https://iiif.dl.itc.u-tokyo.ac.jp/repo/s/nanki/document/211cf1a0-870d-a380-7b7b-488b39a6a4b9,https://www.lib.u-tokyo.ac.jp/ja/library/contents/archives-top/reuse,https://iiif.dl.itc.u-tokyo.ac.jp/repo/files/medium/0dfd81c22fee83c7b8b2aa829f7c1f5385488e37.jpg,https://iiif.dl.itc.u-tokyo.ac.jp/repo/api/items/1001774,"東京大学総合図書館 General Library, The University of Tokyo, JAPAN",http://iiif.io/api/presentation/2#rightToLeftDirection,,総合図書館所蔵南葵文庫,0337,,https://iiif.dl.itc.u-tokyo.ac.jp/repo/iiif/211cf1a0-870d-a380-7b7b-488b39a6a4b9/manifest,,,,,50
創業記考異 9巻補1巻 [6],A00:4593,ソウギョウキ コウイ,松平 忠明,10,[書写者不明],[江戸後期],図書,日本語,"写本|奥書に「此書舊本故松平下総守忠明所記而間刪訂焉且有校加則低一字書之末一冊補續本書之所闕者也」とあり|毎半葉7行注文双行|朱点, 朱引あり|印記: 「紀伊國徳川氏圖書記」, 「紀伊恴川 南葵文庫」",http://tify.sub.uni-goettingen.de/demo.html?manifest=https://archdataset.dl.itc.u-tokyo.ac.jp/manifest/f72025a3-812d-61bc-6a2d-7c114d8e4e54.json,f72025a3-812d-61bc-6a2d-7c114d8e4e54,https://iiif.dl.itc.u-tokyo.ac.jp/repo/s/nanki/,https://iiif.dl.itc.u-tokyo.ac.jp/repo/s/nanki/document/f72025a3-812d-61bc-6a2d-7c114d8e4e54,https://www.lib.u-tokyo.ac.jp/ja/library/contents/archives-top/reuse,https://iiif.dl.itc.u-tokyo.ac.jp/repo/files/medium/391708dc56d34e28fd296ec23fe226d6a7e1a6c7.jpg,https://iiif.dl.itc.u-tokyo.ac.jp/repo/api/items/1001773,"東京大学総合図書館 General Library, The University of Tokyo, JAPAN",http://iiif.io/api/presentation/2#rightToLeftDirection,,総合図書館所蔵南葵文庫,0338,,https://iiif.dl.itc.u-tokyo.ac.jp/repo/iiif/f72025a3-812d-61bc-6a2d-7c114d8e4e54/manifest,,,,,52
創業記考異 9巻補1巻 [7],A00:4593,ソウギョウキ コウイ,松平 忠明,10,[書写者不明],[江戸後期],図書,日本語,"写本|奥書に「此書舊本故松平下総守忠明所記而間刪訂焉且有校加則低一字書之末一冊補續本書之所闕者也」とあり|毎半葉7行注文双行|朱点, 朱引あり|印記: 「紀伊國徳川氏圖書記」, 「紀伊恴川 南葵文庫」",http://tify.sub.uni-goettingen.de/demo.html?manifest=https://archdataset.dl.itc.u-tokyo.ac.jp/manifest/01adff46-7f65-3c12-9dfb-0f90c4e35939.json,01adff46-7f65-3c12-9dfb-0f90c4e35939,https://iiif.dl.itc.u-tokyo.ac.jp/repo/s/nanki/,https://iiif.dl.itc.u-tokyo.ac.jp/repo/s/nanki/document/01adff46-7f65-3c12-9dfb-0f90c4e35939,https://www.lib.u-tokyo.ac.jp/ja/library/contents/archives-top/reuse,https://iiif.dl.itc.u-tokyo.ac.jp/repo/files/medium/b7e10b1251ea41f337bd5c7eca712e14597c454d.jpg,https://iiif.dl.itc.u-tokyo.ac.jp/repo/api/items/1001772,"東京大学総合図書館 General Library, The University of Tokyo, JAPAN",http://iiif.io/api/presentation/2#rightToLeftDirection,,総合図書館所蔵南葵文庫,0339,,https://iiif.dl.itc.u-tokyo.ac.jp/repo/iiif/01adff46-7f65-3c12-9dfb-0f90c4e35939/manifest,,,,,58
創業記考異 9巻補1巻 [8],A00:4593,ソウギョウキ コウイ,松平 忠明,10,[書写者不明],[江戸後期],図書,日本語,"写本|奥書に「此書舊本故松平下総守忠明所記而間刪訂焉且有校加則低一字書之末一冊補續本書之所闕者也」とあり|毎半葉7行注文双行|朱点, 朱引あり|印記: 「紀伊國徳川氏圖書記」, 「紀伊恴川 南葵文庫」",http://tify.sub.uni-goettingen.de/demo.html?manifest=https://archdataset.dl.itc.u-tokyo.ac.jp/manifest/018721cc-a5e3-60e6-8d61-c8bff53f91c3.json,018721cc-a5e3-60e6-8d61-c8bff53f91c3,https://iiif.dl.itc.u-tokyo.ac.jp/repo/s/nanki/,https://iiif.dl.itc.u-tokyo.ac.jp/repo/s/nanki/document/018721cc-a5e3-60e6-8d61-c8bff53f91c3,https://www.lib.u-tokyo.ac.jp/ja/library/contents/archives-top/reuse,https://iiif.dl.itc.u-tokyo.ac.jp/repo/files/medium/671dbee94f4e81c1d51e5a32e307bae49b75f3da.jpg,https://iiif.dl.itc.u-tokyo.ac.jp/repo/api/items/1001771,"東京大学総合図書館 General Library, The University of Tokyo, JAPAN",http://iiif.io/api/presentation/2#rightToLeftDirection,,総合図書館所蔵南葵文庫,0340,,https://iiif.dl.itc.u-tokyo.ac.jp/repo/iiif/018721cc-a5e3-60e6-8d61-c8bff53f91c3/manifest,,,,,57
創業記考異 9巻補1巻 [9],A00:4593,ソウギョウキ コウイ,松平 忠明,10,[書写者不明],[江戸後期],図書,日本語,"写本|奥書に「此書舊本故松平下総守忠明所記而間刪訂焉且有校加則低一字書之末一冊補續本書之所闕者也」とあり|毎半葉7行注文双行|朱点, 朱引あり|印記: 「紀伊國徳川氏圖書記」, 「紀伊恴川 南葵文庫」",http://tify.sub.uni-goettingen.de/demo.html?manifest=https://archdataset.dl.itc.u-tokyo.ac.jp/manifest/492dff69-00d0-3dfc-6b48-9f9a14b02b7c.json,492dff69-00d0-3dfc-6b48-9f9a14b02b7c,https://iiif.dl.itc.u-tokyo.ac.jp/repo/s/nanki/,https://iiif.dl.itc.u-tokyo.ac.jp/repo/s/nanki/document/492dff69-00d0-3dfc-6b48-9f9a14b02b7c,https://www.lib.u-tokyo.ac.jp/ja/library/contents/archives-top/reuse,https://iiif.dl.itc.u-tokyo.ac.jp/repo/files/medium/9f5c11f2369c7e7d46daefdf1033d46485d2565d.jpg,https://iiif.dl.itc.u-tokyo.ac.jp/repo/api/items/1001770,"東京大学総合図書館 General Library, The University of Tokyo, JAPAN",http://iiif.io/api/presentation/2#rightToLeftDirection,,総合図書館所蔵南葵文庫,0341,,https://iiif.dl.itc.u-tokyo.ac.jp/repo/iiif/492dff69-00d0-3dfc-6b48-9f9a14b02b7c/manifest,,,,,59
創業記考異 9巻補1巻 [10],A00:4593,ソウギョウキ コウイ,松平 忠明,10,[書写者不明],[江戸後期],図書,日本語,"写本|奥書に「此書舊本故松平下総守忠明所記而間刪訂焉且有校加則低一字書之末一冊補續本書之所闕者也」とあり|毎半葉7行注文双行|朱点, 朱引あり|印記: 「紀伊國徳川氏圖書記」, 「紀伊恴川 南葵文庫」",http://tify.sub.uni-goettingen.de/demo.html?manifest=https://archdataset.dl.itc.u-tokyo.ac.jp/manifest/0db87fb3-8093-90b5-085d-eab71cca16f9.json,0db87fb3-8093-90b5-085d-eab71cca16f9,https://iiif.dl.itc.u-tokyo.ac.jp/repo/s/nanki/,https://iiif.dl.itc.u-tokyo.ac.jp/repo/s/nanki/document/0db87fb3-8093-90b5-085d-eab71cca16f9,https://www.lib.u-tokyo.ac.jp/ja/library/contents/archives-top/reuse,https://iiif.dl.itc.u-tokyo.ac.jp/repo/files/medium/21b1c295febe366d9fcf140a3b8136de84c11adf.jpg,https://iiif.dl.itc.u-tokyo.ac.jp/repo/api/items/1001769,"東京大学総合図書館 General Library, The University of Tokyo, JAPAN",http://iiif.io/api/presentation/2#rightToLeftDirection,,総合図書館所蔵南葵文庫,0342,,https://iiif.dl.itc.u-tokyo.ac.jp/repo/iiif/0db87fb3-8093-90b5-085d-eab71cca16f9/manifest,,,,,19
太平記大全 40巻附劔巻1巻 [1],A00:4594,タイヘイキ タイゼン,西 道智,49,[出版者不明],萬治2 [1659],図書,日本語,"各巻目首の書名: 太平記|責任表示は『日本古典籍総合目録データベース』による|刊記に「萬治貳己亥年 仲夏吉辰板行之」とあり|四周双辺無界12-15行 内匡廓: 22.3×16.2cm, 中黒口双花魚尾|付訓あり|後印本|卷第10下を欠く|印記: 「紀伊國徳川氏圖書記」, 「舊和歌山徳川氏藏」(徳川頼倫), 「紀伊恴川 南葵文庫」|虫損あり",http://tify.sub.uni-goettingen.de/demo.html?manifest=https://archdataset.dl.itc.u-tokyo.ac.jp/manifest/214559af-171b-650c-881f-24996d3c0da4.json,214559af-171b-650c-881f-24996d3c0da4,https://iiif.dl.itc.u-tokyo.ac.jp/repo/s/nanki/,https://iiif.dl.itc.u-tokyo.ac.jp/repo/s/nanki/document/214559af-171b-650c-881f-24996d3c0da4,https://www.lib.u-tokyo.ac.jp/ja/library/contents/archives-top/reuse,https://iiif.dl.itc.u-tokyo.ac.jp/repo/files/medium/d2fea6ae24f728304e0a48db6947058283bda14d.jpg,https://iiif.dl.itc.u-tokyo.ac.jp/repo/api/items/1001768,"東京大学総合図書館 General Library, The University of Tokyo, JAPAN",http://iiif.io/api/presentation/2#rightToLeftDirection,,総合図書館所蔵南葵文庫,0343,,https://iiif.dl.itc.u-tokyo.ac.jp/repo/iiif/214559af-171b-650c-881f-24996d3c0da4/manifest,,,,,53
太平記大全 40巻附劔巻1巻 [2],A00:4594,タイヘイキ タイゼン,西 道智,49,[出版者不明],萬治2 [1659],図書,日本語,"各巻目首の書名: 太平記|責任表示は『日本古典籍総合目録データベース』による|刊記に「萬治貳己亥年 仲夏吉辰板行之」とあり|四周双辺無界12-15行 内匡廓: 22.3×16.2cm, 中黒口双花魚尾|付訓あり|後印本|卷第10下を欠く|印記: 「紀伊國徳川氏圖書記」, 「舊和歌山徳川氏藏」(徳川頼倫), 「紀伊恴川 南葵文庫」|虫損あり",http://tify.sub.uni-goettingen.de/demo.html?manifest=https://archdataset.dl.itc.u-tokyo.ac.jp/manifest/5ac7707e-5e03-3eb7-3f1a-887c0f759f1c.json,5ac7707e-5e03-3eb7-3f1a-887c0f759f1c,https://iiif.dl.itc.u-tokyo.ac.jp/repo/s/nanki/,https://iiif.dl.itc.u-tokyo.ac.jp/repo/s/nanki/document/5ac7707e-5e03-3eb7-3f1a-887c0f759f1c,https://www.lib.u-tokyo.ac.jp/ja/library/contents/archives-top/reuse,https://iiif.dl.itc.u-tokyo.ac.jp/repo/files/medium/ba7226b237430efe704e89ffef97e63060871554.jpg,https://iiif.dl.itc.u-tokyo.ac.jp/repo/api/items/1001767,"東京大学総合図書館 General Library, The University of Tokyo, JAPAN",http://iiif.io/api/presentation/2#rightToLeftDirection,,総合図書館所蔵南葵文庫,0344,,https://iiif.dl.itc.u-tokyo.ac.jp/repo/iiif/5ac7707e-5e03-3eb7-3f1a-887c0f759f1c/manifest,,,,,81
太平記大全 40巻附劔巻1巻 [3],A00:4594,タイヘイキ タイゼン,西 道智,49,[出版者不明],萬治2 [1659],図書,日本語,"各巻目首の書名: 太平記|責任表示は『日本古典籍総合目録データベース』による|刊記に「萬治貳己亥年 仲夏吉辰板行之」とあり|四周双辺無界12-15行 内匡廓: 22.3×16.2cm, 中黒口双花魚尾|付訓あり|後印本|卷第10下を欠く|印記: 「紀伊國徳川氏圖書記」, 「舊和歌山徳川氏藏」(徳川頼倫), 「紀伊恴川 南葵文庫」|虫損あり",http://tify.sub.uni-goettingen.de/demo.html?manifest=https://archdataset.dl.itc.u-tokyo.ac.jp/manifest/7cb1025c-23f1-6cbf-4719-eba6aded6963.json,7cb1025c-23f1-6cbf-4719-eba6aded6963,https://iiif.dl.itc.u-tokyo.ac.jp/repo/s/nanki/,https://iiif.dl.itc.u-tokyo.ac.jp/repo/s/nanki/document/7cb1025c-23f1-6cbf-4719-eba6aded6963,https://www.lib.u-tokyo.ac.jp/ja/library/contents/archives-top/reuse,https://iiif.dl.itc.u-tokyo.ac.jp/repo/files/medium/e511c46abf8241edf9f7b043072f4be9884de2d2.jpg,https://iiif.dl.itc.u-tokyo.ac.jp/repo/api/items/1001766,"東京大学総合図書館 General Library, The University of Tokyo, JAPAN",http://iiif.io/api/presentation/2#rightToLeftDirection,,総合図書館所蔵南葵文庫,0345,,https://iiif.dl.itc.u-tokyo.ac.jp/repo/iiif/7cb1025c-23f1-6cbf-4719-eba6aded6963/manifest,,,,,71
太平記大全 40巻附劔巻1巻 [4],A00:4594,タイヘイキ タイゼン,西 道智,49,[出版者不明],萬治2 [1659],図書,日本語,"各巻目首の書名: 太平記|責任表示は『日本古典籍総合目録データベース』による|刊記に「萬治貳己亥年 仲夏吉辰板行之」とあり|四周双辺無界12-15行 内匡廓: 22.3×16.2cm, 中黒口双花魚尾|付訓あり|後印本|卷第10下を欠く|印記: 「紀伊國徳川氏圖書記」, 「舊和歌山徳川氏藏」(徳川頼倫), 「紀伊恴川 南葵文庫」|虫損あり",http://tify.sub.uni-goettingen.de/demo.html?manifest=https://archdataset.dl.itc.u-tokyo.ac.jp/manifest/dbd042cc-5970-4874-18ee-fd439a318a90.json,dbd042cc-5970-4874-18ee-fd439a318a90,https://iiif.dl.itc.u-tokyo.ac.jp/repo/s/nanki/,https://iiif.dl.itc.u-tokyo.ac.jp/repo/s/nanki/document/dbd042cc-5970-4874-18ee-fd439a318a90,https://www.lib.u-tokyo.ac.jp/ja/library/contents/archives-top/reuse,https://iiif.dl.itc.u-tokyo.ac.jp/repo/files/medium/45ab993d0e6ac183b1f9e68986f1c1a4c32e551b.jpg,https://iiif.dl.itc.u-tokyo.ac.jp/repo/api/items/1001765,"東京大学総合図書館 General Library, The University of Tokyo, JAPAN",http://iiif.io/api/presentation/2#rightToLeftDirection,,総合図書館所蔵南葵文庫,0346,,https://iiif.dl.itc.u-tokyo.ac.jp/repo/iiif/dbd042cc-5970-4874-18ee-fd439a318a90/manifest,,,,,61
太平記大全 40巻附劔巻1巻 [5],A00:4594,タイヘイキ タイゼン,西 道智,49,[出版者不明],萬治2 [1659],図書,日本語,"各巻目首の書名: 太平記|責任表示は『日本古典籍総合目録データベース』による|刊記に「萬治貳己亥年 仲夏吉辰板行之」とあり|四周双辺無界12-15行 内匡廓: 22.3×16.2cm, 中黒口双花魚尾|付訓あり|後印本|卷第10下を欠く|印記: 「紀伊國徳川氏圖書記」, 「舊和歌山徳川氏藏」(徳川頼倫), 「紀伊恴川 南葵文庫」|虫損あり",http://tify.sub.uni-goettingen.de/demo.html?manifest=https://archdataset.dl.itc.u-tokyo.ac.jp/manifest/f3909cbd-88ed-6d55-45d6-f12789265510.json,f3909cbd-88ed-6d55-45d6-f12789265510,https://iiif.dl.itc.u-tokyo.ac.jp/repo/s/nanki/,https://iiif.dl.itc.u-tokyo.ac.jp/repo/s/nanki/document/f3909cbd-88ed-6d55-45d6-f12789265510,https://www.lib.u-tokyo.ac.jp/ja/library/contents/archives-top/reuse,https://iiif.dl.itc.u-tokyo.ac.jp/repo/files/medium/2e60a3f70270e1e6b30c06c39aec97614189f102.jpg,https://iiif.dl.itc.u-tokyo.ac.jp/repo/api/items/1001764,"東京大学総合図書館 General Library, The University of Tokyo, JAPAN",http://iiif.io/api/presentation/2#rightToLeftDirection,,総合図書館所蔵南葵文庫,0347,,https://iiif.dl.itc.u-tokyo.ac.jp/repo/iiif/f3909cbd-88ed-6d55-45d6-f12789265510/manifest,,,,,63
太平記大全 40巻附劔巻1巻 [6],A00:4594,タイヘイキ タイゼン,西 道智,49,[出版者不明],萬治2 [1659],図書,日本語,"各巻目首の書名: 太平記|責任表示は『日本古典籍総合目録データベース』による|刊記に「萬治貳己亥年 仲夏吉辰板行之」とあり|四周双辺無界12-15行 内匡廓: 22.3×16.2cm, 中黒口双花魚尾|付訓あり|後印本|卷第10下を欠く|印記: 「紀伊國徳川氏圖書記」, 「舊和歌山徳川氏藏」(徳川頼倫), 「紀伊恴川 南葵文庫」|虫損あり",http://tify.sub.uni-goettingen.de/demo.html?manifest=https://archdataset.dl.itc.u-tokyo.ac.jp/manifest/55b8af16-6867-6538-0a51-1228d8d90a8e.json,55b8af16-6867-6538-0a51-1228d8d90a8e,https://iiif.dl.itc.u-tokyo.ac.jp/repo/s/nanki/,https://iiif.dl.itc.u-tokyo.ac.jp/repo/s/nanki/document/55b8af16-6867-6538-0a51-1228d8d90a8e,https://www.lib.u-tokyo.ac.jp/ja/library/contents/archives-top/reuse,https://iiif.dl.itc.u-tokyo.ac.jp/repo/files/medium/017b627fc757e9dd034d0e6ebc73052fd2119a72.jpg,https://iiif.dl.itc.u-tokyo.ac.jp/repo/api/items/1001763,"東京大学総合図書館 General Library, The University of Tokyo, JAPAN",http://iiif.io/api/presentation/2#rightToLeftDirection,,総合図書館所蔵南葵文庫,0348,,https://iiif.dl.itc.u-tokyo.ac.jp/repo/iiif/55b8af16-6867-6538-0a51-1228d8d90a8e/manifest,,,,,47
太平記大全 40巻附劔巻1巻 [7],A00:4594,タイヘイキ タイゼン,西 道智,49,[出版者不明],萬治2 [1659],図書,日本語,"各巻目首の書名: 太平記|責任表示は『日本古典籍総合目録データベース』による|刊記に「萬治貳己亥年 仲夏吉辰板行之」とあり|四周双辺無界12-15行 内匡廓: 22.3×16.2cm, 中黒口双花魚尾|付訓あり|後印本|卷第10下を欠く|印記: 「紀伊國徳川氏圖書記」, 「舊和歌山徳川氏藏」(徳川頼倫), 「紀伊恴川 南葵文庫」|虫損あり",http://tify.sub.uni-goettingen.de/demo.html?manifest=https://archdataset.dl.itc.u-tokyo.ac.jp/manifest/d39295ba-9289-a285-6e5f-67db2f407311.json,d39295ba-9289-a285-6e5f-67db2f407311,https://iiif.dl.itc.u-tokyo.ac.jp/repo/s/nanki/,https://iiif.dl.itc.u-tokyo.ac.jp/repo/s/nanki/document/d39295ba-9289-a285-6e5f-67db2f407311,https://www.lib.u-tokyo.ac.jp/ja/library/contents/archives-top/reuse,https://iiif.dl.itc.u-tokyo.ac.jp/repo/files/medium/cd4ba5375abba76cd1a707c9194ab86ec0ac403e.jpg,https://iiif.dl.itc.u-tokyo.ac.jp/repo/api/items/1001762,"東京大学総合図書館 General Library, The University of Tokyo, JAPAN",http://iiif.io/api/presentation/2#rightToLeftDirection,,総合図書館所蔵南葵文庫,0349,,https://iiif.dl.itc.u-tokyo.ac.jp/repo/iiif/d39295ba-9289-a285-6e5f-67db2f407311/manifest,,,,,74
太平記大全 40巻附劔巻1巻 [8],A00:4594,タイヘイキ タイゼン,西 道智,49,[出版者不明],萬治2 [1659],図書,日本語,"各巻目首の書名: 太平記|責任表示は『日本古典籍総合目録データベース』による|刊記に「萬治貳己亥年 仲夏吉辰板行之」とあり|四周双辺無界12-15行 内匡廓: 22.3×16.2cm, 中黒口双花魚尾|付訓あり|後印本|卷第10下を欠く|印記: 「紀伊國徳川氏圖書記」, 「舊和歌山徳川氏藏」(徳川頼倫), 「紀伊恴川 南葵文庫」|虫損あり",http://tify.sub.uni-goettingen.de/demo.html?manifest=https://archdataset.dl.itc.u-tokyo.ac.jp/manifest/8350960a-01dc-902d-2733-994b3367811b.json,8350960a-01dc-902d-2733-994b3367811b,https://iiif.dl.itc.u-tokyo.ac.jp/repo/s/nanki/,https://iiif.dl.itc.u-tokyo.ac.jp/repo/s/nanki/document/8350960a-01dc-902d-2733-994b3367811b,https://www.lib.u-tokyo.ac.jp/ja/library/contents/archives-top/reuse,https://iiif.dl.itc.u-tokyo.ac.jp/repo/files/medium/ca2ef26324b56fca2f8eb79ba068ceb0202d84ab.jpg,https://iiif.dl.itc.u-tokyo.ac.jp/repo/api/items/1001761,"東京大学総合図書館 General Library, The University of Tokyo, JAPAN",http://iiif.io/api/presentation/2#rightToLeftDirection,,総合図書館所蔵南葵文庫,0350,,https://iiif.dl.itc.u-tokyo.ac.jp/repo/iiif/8350960a-01dc-902d-2733-994b3367811b/manifest,,,,,86
太平記大全 40巻附劔巻1巻 [9],A00:4594,タイヘイキ タイゼン,西 道智,49,[出版者不明],萬治2 [1659],図書,日本語,"各巻目首の書名: 太平記|責任表示は『日本古典籍総合目録データベース』による|刊記に「萬治貳己亥年 仲夏吉辰板行之」とあり|四周双辺無界12-15行 内匡廓: 22.3×16.2cm, 中黒口双花魚尾|付訓あり|後印本|卷第10下を欠く|印記: 「紀伊國徳川氏圖書記」, 「舊和歌山徳川氏藏」(徳川頼倫), 「紀伊恴川 南葵文庫」|虫損あり",http://tify.sub.uni-goettingen.de/demo.html?manifest=https://archdataset.dl.itc.u-tokyo.ac.jp/manifest/6318a3e9-21cc-0343-0a9a-b53638444695.json,6318a3e9-21cc-0343-0a9a-b53638444695,https://iiif.dl.itc.u-tokyo.ac.jp/repo/s/nanki/,https://iiif.dl.itc.u-tokyo.ac.jp/repo/s/nanki/document/6318a3e9-21cc-0343-0a9a-b53638444695,https://www.lib.u-tokyo.ac.jp/ja/library/contents/archives-top/reuse,https://iiif.dl.itc.u-tokyo.ac.jp/repo/files/medium/0974197be3b7612f160c68e9db93c19f1bf98dab.jpg,https://iiif.dl.itc.u-tokyo.ac.jp/repo/api/items/1001760,"東京大学総合図書館 General Library, The University of Tokyo, JAPAN",http://iiif.io/api/presentation/2#rightToLeftDirection,,総合図書館所蔵南葵文庫,0351,,https://iiif.dl.itc.u-tokyo.ac.jp/repo/iiif/6318a3e9-21cc-0343-0a9a-b53638444695/manifest,,,,,104
太平記大全 40巻附劔巻1巻 [10],A00:4594,タイヘイキ タイゼン,西 道智,49,[出版者不明],萬治2 [1659],図書,日本語,"各巻目首の書名: 太平記|責任表示は『日本古典籍総合目録データベース』による|刊記に「萬治貳己亥年 仲夏吉辰板行之」とあり|四周双辺無界12-15行 内匡廓: 22.3×16.2cm, 中黒口双花魚尾|付訓あり|後印本|卷第10下を欠く|印記: 「紀伊國徳川氏圖書記」, 「舊和歌山徳川氏藏」(徳川頼倫), 「紀伊恴川 南葵文庫」|虫損あり",http://tify.sub.uni-goettingen.de/demo.html?manifest=https://archdataset.dl.itc.u-tokyo.ac.jp/manifest/87f8a237-2e48-06cc-27d7-1f57e6ff982d.json,87f8a237-2e48-06cc-27d7-1f57e6ff982d,https://iiif.dl.itc.u-tokyo.ac.jp/repo/s/nanki/,https://iiif.dl.itc.u-tokyo.ac.jp/repo/s/nanki/document/87f8a237-2e48-06cc-27d7-1f57e6ff982d,https://www.lib.u-tokyo.ac.jp/ja/library/contents/archives-top/reuse,https://iiif.dl.itc.u-tokyo.ac.jp/repo/files/medium/7afb3c6aaa5165cb92957f822dbc3f9e4a9190fa.jpg,https://iiif.dl.itc.u-tokyo.ac.jp/repo/api/items/1001759,"東京大学総合図書館 General Library, The University of Tokyo, JAPAN",http://iiif.io/api/presentation/2#rightToLeftDirection,,総合図書館所蔵南葵文庫,0352,,https://iiif.dl.itc.u-tokyo.ac.jp/repo/iiif/87f8a237-2e48-06cc-27d7-1f57e6ff982d/manifest,,,,,98
太平記大全 40巻附劔巻1巻 [11],A00:4594,タイヘイキ タイゼン,西 道智,49,[出版者不明],萬治2 [1659],図書,日本語,"各巻目首の書名: 太平記|責任表示は『日本古典籍総合目録データベース』による|刊記に「萬治貳己亥年 仲夏吉辰板行之」とあり|四周双辺無界12-15行 内匡廓: 22.3×16.2cm, 中黒口双花魚尾|付訓あり|後印本|卷第10下を欠く|印記: 「紀伊國徳川氏圖書記」, 「舊和歌山徳川氏藏」(徳川頼倫), 「紀伊恴川 南葵文庫」|虫損あり",http://tify.sub.uni-goettingen.de/demo.html?manifest=https://archdataset.dl.itc.u-tokyo.ac.jp/manifest/297e3215-2918-368a-701f-a4eaf55129ea.json,297e3215-2918-368a-701f-a4eaf55129ea,https://iiif.dl.itc.u-tokyo.ac.jp/repo/s/nanki/,https://iiif.dl.itc.u-tokyo.ac.jp/repo/s/nanki/document/297e3215-2918-368a-701f-a4eaf55129ea,https://www.lib.u-tokyo.ac.jp/ja/library/contents/archives-top/reuse,https://iiif.dl.itc.u-tokyo.ac.jp/repo/files/medium/96ef7ac0aa62832951b52502d87186918616b770.jpg,https://iiif.dl.itc.u-tokyo.ac.jp/repo/api/items/1001758,"東京大学総合図書館 General Library, The University of Tokyo, JAPAN",http://iiif.io/api/presentation/2#rightToLeftDirection,,総合図書館所蔵南葵文庫,0353,,https://iiif.dl.itc.u-tokyo.ac.jp/repo/iiif/297e3215-2918-368a-701f-a4eaf55129ea/manifest,,,,,68
太平記大全 40巻附劔巻1巻 [12],A00:4594,タイヘイキ タイゼン,西 道智,49,[出版者不明],萬治2 [1659],図書,日本語,"各巻目首の書名: 太平記|責任表示は『日本古典籍総合目録データベース』による|刊記に「萬治貳己亥年 仲夏吉辰板行之」とあり|四周双辺無界12-15行 内匡廓: 22.3×16.2cm, 中黒口双花魚尾|付訓あり|後印本|卷第10下を欠く|印記: 「紀伊國徳川氏圖書記」, 「舊和歌山徳川氏藏」(徳川頼倫), 「紀伊恴川 南葵文庫」|虫損あり",http://tify.sub.uni-goettingen.de/demo.html?manifest=https://archdataset.dl.itc.u-tokyo.ac.jp/manifest/63cc1c2e-2142-38f7-46a5-6b9ecd374eca.json,63cc1c2e-2142-38f7-46a5-6b9ecd374eca,https://iiif.dl.itc.u-tokyo.ac.jp/repo/s/nanki/,https://iiif.dl.itc.u-tokyo.ac.jp/repo/s/nanki/document/63cc1c2e-2142-38f7-46a5-6b9ecd374eca,https://www.lib.u-tokyo.ac.jp/ja/library/contents/archives-top/reuse,https://iiif.dl.itc.u-tokyo.ac.jp/repo/files/medium/a3bcd614c5860f05a6c19f77967e4980b539fe10.jpg,https://iiif.dl.itc.u-tokyo.ac.jp/repo/api/items/1001757,"東京大学総合図書館 General Library, The University of Tokyo, JAPAN",http://iiif.io/api/presentation/2#rightToLeftDirection,,総合図書館所蔵南葵文庫,0354,,https://iiif.dl.itc.u-tokyo.ac.jp/repo/iiif/63cc1c2e-2142-38f7-46a5-6b9ecd374eca/manifest,,,,,64
太平記大全 40巻附劔巻1巻 [13],A00:4594,タイヘイキ タイゼン,西 道智,49,[出版者不明],萬治2 [1659],図書,日本語,"各巻目首の書名: 太平記|責任表示は『日本古典籍総合目録データベース』による|刊記に「萬治貳己亥年 仲夏吉辰板行之」とあり|四周双辺無界12-15行 内匡廓: 22.3×16.2cm, 中黒口双花魚尾|付訓あり|後印本|卷第10下を欠く|印記: 「紀伊國徳川氏圖書記」, 「舊和歌山徳川氏藏」(徳川頼倫), 「紀伊恴川 南葵文庫」|虫損あり",http://tify.sub.uni-goettingen.de/demo.html?manifest=https://archdataset.dl.itc.u-tokyo.ac.jp/manifest/55284458-1f69-5e00-931e-7345cd851193.json,55284458-1f69-5e00-931e-7345cd851193,https://iiif.dl.itc.u-tokyo.ac.jp/repo/s/nanki/,https://iiif.dl.itc.u-tokyo.ac.jp/repo/s/nanki/document/55284458-1f69-5e00-931e-7345cd851193,https://www.lib.u-tokyo.ac.jp/ja/library/contents/archives-top/reuse,https://iiif.dl.itc.u-tokyo.ac.jp/repo/files/medium/19054520a46e4c61cde576b145cfb3bd400cf33b.jpg,https://iiif.dl.itc.u-tokyo.ac.jp/repo/api/items/1001756,"東京大学総合図書館 General Library, The University of Tokyo, JAPAN",http://iiif.io/api/presentation/2#rightToLeftDirection,,総合図書館所蔵南葵文庫,0355,,https://iiif.dl.itc.u-tokyo.ac.jp/repo/iiif/55284458-1f69-5e00-931e-7345cd851193/manifest,,,,,109
太平記大全 40巻附劔巻1巻 [14],A00:4594,タイヘイキ タイゼン,西 道智,49,[出版者不明],萬治2 [1659],図書,日本語,"各巻目首の書名: 太平記|責任表示は『日本古典籍総合目録データベース』による|刊記に「萬治貳己亥年 仲夏吉辰板行之」とあり|四周双辺無界12-15行 内匡廓: 22.3×16.2cm, 中黒口双花魚尾|付訓あり|後印本|卷第10下を欠く|印記: 「紀伊國徳川氏圖書記」, 「舊和歌山徳川氏藏」(徳川頼倫), 「紀伊恴川 南葵文庫」|虫損あり",http://tify.sub.uni-goettingen.de/demo.html?manifest=https://archdataset.dl.itc.u-tokyo.ac.jp/manifest/5331b4a9-3975-9ade-9326-488ab19e72ec.json,5331b4a9-3975-9ade-9326-488ab19e72ec,https://iiif.dl.itc.u-tokyo.ac.jp/repo/s/nanki/,https://iiif.dl.itc.u-tokyo.ac.jp/repo/s/nanki/document/5331b4a9-3975-9ade-9326-488ab19e72ec,https://www.lib.u-tokyo.ac.jp/ja/library/contents/archives-top/reuse,https://iiif.dl.itc.u-tokyo.ac.jp/repo/files/medium/26a69dd95c312be292bcdb18f94a2527e27ad732.jpg,https://iiif.dl.itc.u-tokyo.ac.jp/repo/api/items/1001755,"東京大学総合図書館 General Library, The University of Tokyo, JAPAN",http://iiif.io/api/presentation/2#rightToLeftDirection,,総合図書館所蔵南葵文庫,0356,,https://iiif.dl.itc.u-tokyo.ac.jp/repo/iiif/5331b4a9-3975-9ade-9326-488ab19e72ec/manifest,,,,,95
太平記大全 40巻附劔巻1巻 [15],A00:4594,タイヘイキ タイゼン,西 道智,49,[出版者不明],萬治2 [1659],図書,日本語,"各巻目首の書名: 太平記|責任表示は『日本古典籍総合目録データベース』による|刊記に「萬治貳己亥年 仲夏吉辰板行之」とあり|四周双辺無界12-15行 内匡廓: 22.3×16.2cm, 中黒口双花魚尾|付訓あり|後印本|卷第10下を欠く|印記: 「紀伊國徳川氏圖書記」, 「舊和歌山徳川氏藏」(徳川頼倫), 「紀伊恴川 南葵文庫」|虫損あり",http://tify.sub.uni-goettingen.de/demo.html?manifest=https://archdataset.dl.itc.u-tokyo.ac.jp/manifest/e148681b-8f61-123c-42b4-fd31a95b9f13.json,e148681b-8f61-123c-42b4-fd31a95b9f13,https://iiif.dl.itc.u-tokyo.ac.jp/repo/s/nanki/,https://iiif.dl.itc.u-tokyo.ac.jp/repo/s/nanki/document/e148681b-8f61-123c-42b4-fd31a95b9f13,https://www.lib.u-tokyo.ac.jp/ja/library/contents/archives-top/reuse,https://iiif.dl.itc.u-tokyo.ac.jp/repo/files/medium/9fae7aec05b23abf39c5f7ef9e96103ca64ed69f.jpg,https://iiif.dl.itc.u-tokyo.ac.jp/repo/api/items/1001754,"東京大学総合図書館 General Library, The University of Tokyo, JAPAN",http://iiif.io/api/presentation/2#rightToLeftDirection,,総合図書館所蔵南葵文庫,0357,,https://iiif.dl.itc.u-tokyo.ac.jp/repo/iiif/e148681b-8f61-123c-42b4-fd31a95b9f13/manifest,,,,,83
太平記大全 40巻附劔巻1巻 [16],A00:4594,タイヘイキ タイゼン,西 道智,49,[出版者不明],萬治2 [1659],図書,日本語,"各巻目首の書名: 太平記|責任表示は『日本古典籍総合目録データベース』による|刊記に「萬治貳己亥年 仲夏吉辰板行之」とあり|四周双辺無界12-15行 内匡廓: 22.3×16.2cm, 中黒口双花魚尾|付訓あり|後印本|卷第10下を欠く|印記: 「紀伊國徳川氏圖書記」, 「舊和歌山徳川氏藏」(徳川頼倫), 「紀伊恴川 南葵文庫」|虫損あり",http://tify.sub.uni-goettingen.de/demo.html?manifest=https://archdataset.dl.itc.u-tokyo.ac.jp/manifest/f5881b4f-4517-7433-5f5d-971824b87951.json,f5881b4f-4517-7433-5f5d-971824b87951,https://iiif.dl.itc.u-tokyo.ac.jp/repo/s/nanki/,https://iiif.dl.itc.u-tokyo.ac.jp/repo/s/nanki/document/f5881b4f-4517-7433-5f5d-971824b87951,https://www.lib.u-tokyo.ac.jp/ja/library/contents/archives-top/reuse,https://iiif.dl.itc.u-tokyo.ac.jp/repo/files/medium/d9ce8e207d7344f4f5c231d21ef474bdaf7a5fcb.jpg,https://iiif.dl.itc.u-tokyo.ac.jp/repo/api/items/1001753,"東京大学総合図書館 General Library, The University of Tokyo, JAPAN",http://iiif.io/api/presentation/2#rightToLeftDirection,,総合図書館所蔵南葵文庫,0358,,https://iiif.dl.itc.u-tokyo.ac.jp/repo/iiif/f5881b4f-4517-7433-5f5d-971824b87951/manifest,,,,,71
太平記大全 40巻附劔巻1巻 [17],A00:4594,タイヘイキ タイゼン,西 道智,49,[出版者不明],萬治2 [1659],図書,日本語,"各巻目首の書名: 太平記|責任表示は『日本古典籍総合目録データベース』による|刊記に「萬治貳己亥年 仲夏吉辰板行之」とあり|四周双辺無界12-15行 内匡廓: 22.3×16.2cm, 中黒口双花魚尾|付訓あり|後印本|卷第10下を欠く|印記: 「紀伊國徳川氏圖書記」, 「舊和歌山徳川氏藏」(徳川頼倫), 「紀伊恴川 南葵文庫」|虫損あり",http://tify.sub.uni-goettingen.de/demo.html?manifest=https://archdataset.dl.itc.u-tokyo.ac.jp/manifest/b5fdebe9-595d-7a99-104d-b7517e359cfa.json,b5fdebe9-595d-7a99-104d-b7517e359cfa,https://iiif.dl.itc.u-tokyo.ac.jp/repo/s/nanki/,https://iiif.dl.itc.u-tokyo.ac.jp/repo/s/nanki/document/b5fdebe9-595d-7a99-104d-b7517e359cfa,https://www.lib.u-tokyo.ac.jp/ja/library/contents/archives-top/reuse,https://iiif.dl.itc.u-tokyo.ac.jp/repo/files/medium/8486055ad3b108e2b05380b4cc343483c890bd96.jpg,https://iiif.dl.itc.u-tokyo.ac.jp/repo/api/items/1001752,"東京大学総合図書館 General Library, The University of Tokyo, JAPAN",http://iiif.io/api/presentation/2#rightToLeftDirection,,総合図書館所蔵南葵文庫,0359,,https://iiif.dl.itc.u-tokyo.ac.jp/repo/iiif/b5fdebe9-595d-7a99-104d-b7517e359cfa/manifest,,,,,93
太平記大全 40巻附劔巻1巻 [18],A00:4594,タイヘイキ タイゼン,西 道智,49,[出版者不明],萬治2 [1659],図書,日本語,"各巻目首の書名: 太平記|責任表示は『日本古典籍総合目録データベース』による|刊記に「萬治貳己亥年 仲夏吉辰板行之」とあり|四周双辺無界12-15行 内匡廓: 22.3×16.2cm, 中黒口双花魚尾|付訓あり|後印本|卷第10下を欠く|印記: 「紀伊國徳川氏圖書記」, 「舊和歌山徳川氏藏」(徳川頼倫), 「紀伊恴川 南葵文庫」|虫損あり",http://tify.sub.uni-goettingen.de/demo.html?manifest=https://archdataset.dl.itc.u-tokyo.ac.jp/manifest/84412fb8-0780-330b-2a4f-5a831f957117.json,84412fb8-0780-330b-2a4f-5a831f957117,https://iiif.dl.itc.u-tokyo.ac.jp/repo/s/nanki/,https://iiif.dl.itc.u-tokyo.ac.jp/repo/s/nanki/document/84412fb8-0780-330b-2a4f-5a831f957117,https://www.lib.u-tokyo.ac.jp/ja/library/contents/archives-top/reuse,https://iiif.dl.itc.u-tokyo.ac.jp/repo/files/medium/c82f29defbcb5dbf65bfffc1ed53fe08777ced55.jpg,https://iiif.dl.itc.u-tokyo.ac.jp/repo/api/items/1001751,"東京大学総合図書館 General Library, The University of Tokyo, JAPAN",http://iiif.io/api/presentation/2#rightToLeftDirection,,総合図書館所蔵南葵文庫,0360,,https://iiif.dl.itc.u-tokyo.ac.jp/repo/iiif/84412fb8-0780-330b-2a4f-5a831f957117/manifest,,,,,62
太平記大全 40巻附劔巻1巻 [19],A00:4594,タイヘイキ タイゼン,西 道智,49,[出版者不明],萬治2 [1659],図書,日本語,"各巻目首の書名: 太平記|責任表示は『日本古典籍総合目録データベース』による|刊記に「萬治貳己亥年 仲夏吉辰板行之」とあり|四周双辺無界12-15行 内匡廓: 22.3×16.2cm, 中黒口双花魚尾|付訓あり|後印本|卷第10下を欠く|印記: 「紀伊國徳川氏圖書記」, 「舊和歌山徳川氏藏」(徳川頼倫), 「紀伊恴川 南葵文庫」|虫損あり",http://tify.sub.uni-goettingen.de/demo.html?manifest=https://archdataset.dl.itc.u-tokyo.ac.jp/manifest/803a1cd4-7429-7a10-72c4-4653300a8cba.json,803a1cd4-7429-7a10-72c4-4653300a8cba,https://iiif.dl.itc.u-tokyo.ac.jp/repo/s/nanki/,https://iiif.dl.itc.u-tokyo.ac.jp/repo/s/nanki/document/803a1cd4-7429-7a10-72c4-4653300a8cba,https://www.lib.u-tokyo.ac.jp/ja/library/contents/archives-top/reuse,https://iiif.dl.itc.u-tokyo.ac.jp/repo/files/medium/ffe2b3d9c39a5a390f76565758dd8332d634f913.jpg,https://iiif.dl.itc.u-tokyo.ac.jp/repo/api/items/1001750,"東京大学総合図書館 General Library, The University of Tokyo, JAPAN",http://iiif.io/api/presentation/2#rightToLeftDirection,,総合図書館所蔵南葵文庫,0361,,https://iiif.dl.itc.u-tokyo.ac.jp/repo/iiif/803a1cd4-7429-7a10-72c4-4653300a8cba/manifest,,,,,93
太平記大全 40巻附劔巻1巻 [20],A00:4594,タイヘイキ タイゼン,西 道智,49,[出版者不明],萬治2 [1659],図書,日本語,"各巻目首の書名: 太平記|責任表示は『日本古典籍総合目録データベース』による|刊記に「萬治貳己亥年 仲夏吉辰板行之」とあり|四周双辺無界12-15行 内匡廓: 22.3×16.2cm, 中黒口双花魚尾|付訓あり|後印本|卷第10下を欠く|印記: 「紀伊國徳川氏圖書記」, 「舊和歌山徳川氏藏」(徳川頼倫), 「紀伊恴川 南葵文庫」|虫損あり",http://tify.sub.uni-goettingen.de/demo.html?manifest=https://archdataset.dl.itc.u-tokyo.ac.jp/manifest/595b7467-81be-7342-84fc-fff03d72990d.json,595b7467-81be-7342-84fc-fff03d72990d,https://iiif.dl.itc.u-tokyo.ac.jp/repo/s/nanki/,https://iiif.dl.itc.u-tokyo.ac.jp/repo/s/nanki/document/595b7467-81be-7342-84fc-fff03d72990d,https://www.lib.u-tokyo.ac.jp/ja/library/contents/archives-top/reuse,https://iiif.dl.itc.u-tokyo.ac.jp/repo/files/medium/134e4c8c8c855c32b476038244eb4656a28ea050.jpg,https://iiif.dl.itc.u-tokyo.ac.jp/repo/api/items/1001749,"東京大学総合図書館 General Library, The University of Tokyo, JAPAN",http://iiif.io/api/presentation/2#rightToLeftDirection,,総合図書館所蔵南葵文庫,0362,,https://iiif.dl.itc.u-tokyo.ac.jp/repo/iiif/595b7467-81be-7342-84fc-fff03d72990d/manifest,,,,,96
太平記大全 40巻附劔巻1巻 [21],A00:4594,タイヘイキ タイゼン,西 道智,49,[出版者不明],萬治2 [1659],図書,日本語,"各巻目首の書名: 太平記|責任表示は『日本古典籍総合目録データベース』による|刊記に「萬治貳己亥年 仲夏吉辰板行之」とあり|四周双辺無界12-15行 内匡廓: 22.3×16.2cm, 中黒口双花魚尾|付訓あり|後印本|卷第10下を欠く|印記: 「紀伊國徳川氏圖書記」, 「舊和歌山徳川氏藏」(徳川頼倫), 「紀伊恴川 南葵文庫」|虫損あり",http://tify.sub.uni-goettingen.de/demo.html?manifest=https://archdataset.dl.itc.u-tokyo.ac.jp/manifest/a6c07715-a4ec-6163-44db-6e34aad32325.json,a6c07715-a4ec-6163-44db-6e34aad32325,https://iiif.dl.itc.u-tokyo.ac.jp/repo/s/nanki/,https://iiif.dl.itc.u-tokyo.ac.jp/repo/s/nanki/document/a6c07715-a4ec-6163-44db-6e34aad32325,https://www.lib.u-tokyo.ac.jp/ja/library/contents/archives-top/reuse,https://iiif.dl.itc.u-tokyo.ac.jp/repo/files/medium/bd67783f17facdf2e38f661a4211e3ac791ef116.jpg,https://iiif.dl.itc.u-tokyo.ac.jp/repo/api/items/1001748,"東京大学総合図書館 General Library, The University of Tokyo, JAPAN",http://iiif.io/api/presentation/2#rightToLeftDirection,,総合図書館所蔵南葵文庫,0363,,https://iiif.dl.itc.u-tokyo.ac.jp/repo/iiif/a6c07715-a4ec-6163-44db-6e34aad32325/manifest,,,,,52
太平記大全 40巻附劔巻1巻 [22],A00:4594,タイヘイキ タイゼン,西 道智,49,[出版者不明],萬治2 [1659],図書,日本語,"各巻目首の書名: 太平記|責任表示は『日本古典籍総合目録データベース』による|刊記に「萬治貳己亥年 仲夏吉辰板行之」とあり|四周双辺無界12-15行 内匡廓: 22.3×16.2cm, 中黒口双花魚尾|付訓あり|後印本|卷第10下を欠く|印記: 「紀伊國徳川氏圖書記」, 「舊和歌山徳川氏藏」(徳川頼倫), 「紀伊恴川 南葵文庫」|虫損あり",http://tify.sub.uni-goettingen.de/demo.html?manifest=https://archdataset.dl.itc.u-tokyo.ac.jp/manifest/fcf63649-018e-2782-96cc-b9a5c7042de0.json,fcf63649-018e-2782-96cc-b9a5c7042de0,https://iiif.dl.itc.u-tokyo.ac.jp/repo/s/nanki/,https://iiif.dl.itc.u-tokyo.ac.jp/repo/s/nanki/document/fcf63649-018e-2782-96cc-b9a5c7042de0,https://www.lib.u-tokyo.ac.jp/ja/library/contents/archives-top/reuse,https://iiif.dl.itc.u-tokyo.ac.jp/repo/files/medium/c29ba3f9b1fb5b3ac8c680153d1b52a18b5f71ed.jpg,https://iiif.dl.itc.u-tokyo.ac.jp/repo/api/items/1001747,"東京大学総合図書館 General Library, The University of Tokyo, JAPAN",http://iiif.io/api/presentation/2#rightToLeftDirection,,総合図書館所蔵南葵文庫,0364,,https://iiif.dl.itc.u-tokyo.ac.jp/repo/iiif/fcf63649-018e-2782-96cc-b9a5c7042de0/manifest,,,,,109
太平記大全 40巻附劔巻1巻 [23],A00:4594,タイヘイキ タイゼン,西 道智,49,[出版者不明],萬治2 [1659],図書,日本語,"各巻目首の書名: 太平記|責任表示は『日本古典籍総合目録データベース』による|刊記に「萬治貳己亥年 仲夏吉辰板行之」とあり|四周双辺無界12-15行 内匡廓: 22.3×16.2cm, 中黒口双花魚尾|付訓あり|後印本|卷第10下を欠く|印記: 「紀伊國徳川氏圖書記」, 「舊和歌山徳川氏藏」(徳川頼倫), 「紀伊恴川 南葵文庫」|虫損あり",http://tify.sub.uni-goettingen.de/demo.html?manifest=https://archdataset.dl.itc.u-tokyo.ac.jp/manifest/0f5e0a5e-a590-1ab4-8456-1ae8716d8c67.json,0f5e0a5e-a590-1ab4-8456-1ae8716d8c67,https://iiif.dl.itc.u-tokyo.ac.jp/repo/s/nanki/,https://iiif.dl.itc.u-tokyo.ac.jp/repo/s/nanki/document/0f5e0a5e-a590-1ab4-8456-1ae8716d8c67,https://www.lib.u-tokyo.ac.jp/ja/library/contents/archives-top/reuse,https://iiif.dl.itc.u-tokyo.ac.jp/repo/files/medium/eb17a9d327a51598ebcc722a54a247428675ebd1.jpg,https://iiif.dl.itc.u-tokyo.ac.jp/repo/api/items/1001746,"東京大学総合図書館 General Library, The University of Tokyo, JAPAN",http://iiif.io/api/presentation/2#rightToLeftDirection,,総合図書館所蔵南葵文庫,0365,,https://iiif.dl.itc.u-tokyo.ac.jp/repo/iiif/0f5e0a5e-a590-1ab4-8456-1ae8716d8c67/manifest,,,,,88
太平記大全 40巻附劔巻1巻 [24],A00:4594,タイヘイキ タイゼン,西 道智,49,[出版者不明],萬治2 [1659],図書,日本語,"各巻目首の書名: 太平記|責任表示は『日本古典籍総合目録データベース』による|刊記に「萬治貳己亥年 仲夏吉辰板行之」とあり|四周双辺無界12-15行 内匡廓: 22.3×16.2cm, 中黒口双花魚尾|付訓あり|後印本|卷第10下を欠く|印記: 「紀伊國徳川氏圖書記」, 「舊和歌山徳川氏藏」(徳川頼倫), 「紀伊恴川 南葵文庫」|虫損あり",http://tify.sub.uni-goettingen.de/demo.html?manifest=https://archdataset.dl.itc.u-tokyo.ac.jp/manifest/e7590e96-94f2-98d6-2179-a92f699236f1.json,e7590e96-94f2-98d6-2179-a92f699236f1,https://iiif.dl.itc.u-tokyo.ac.jp/repo/s/nanki/,https://iiif.dl.itc.u-tokyo.ac.jp/repo/s/nanki/document/e7590e96-94f2-98d6-2179-a92f699236f1,https://www.lib.u-tokyo.ac.jp/ja/library/contents/archives-top/reuse,https://iiif.dl.itc.u-tokyo.ac.jp/repo/files/medium/6622d970830341f9610cfa85c75abc9dff618f3b.jpg,https://iiif.dl.itc.u-tokyo.ac.jp/repo/api/items/1001745,"東京大学総合図書館 General Library, The University of Tokyo, JAPAN",http://iiif.io/api/presentation/2#rightToLeftDirection,,総合図書館所蔵南葵文庫,0366,,https://iiif.dl.itc.u-tokyo.ac.jp/repo/iiif/e7590e96-94f2-98d6-2179-a92f699236f1/manifest,,,,,72
太平記大全 40巻附劔巻1巻 [25],A00:4594,タイヘイキ タイゼン,西 道智,49,[出版者不明],萬治2 [1659],図書,日本語,"各巻目首の書名: 太平記|責任表示は『日本古典籍総合目録データベース』による|刊記に「萬治貳己亥年 仲夏吉辰板行之」とあり|四周双辺無界12-15行 内匡廓: 22.3×16.2cm, 中黒口双花魚尾|付訓あり|後印本|卷第10下を欠く|印記: 「紀伊國徳川氏圖書記」, 「舊和歌山徳川氏藏」(徳川頼倫), 「紀伊恴川 南葵文庫」|虫損あり",http://tify.sub.uni-goettingen.de/demo.html?manifest=https://archdataset.dl.itc.u-tokyo.ac.jp/manifest/f3f267f0-8349-511d-972c-8aaeec001f09.json,f3f267f0-8349-511d-972c-8aaeec001f09,https://iiif.dl.itc.u-tokyo.ac.jp/repo/s/nanki/,https://iiif.dl.itc.u-tokyo.ac.jp/repo/s/nanki/document/f3f267f0-8349-511d-972c-8aaeec001f09,https://www.lib.u-tokyo.ac.jp/ja/library/contents/archives-top/reuse,https://iiif.dl.itc.u-tokyo.ac.jp/repo/files/medium/2a632ac6e017b3e79924e236fd8eb5dded9593fd.jpg,https://iiif.dl.itc.u-tokyo.ac.jp/repo/api/items/1001744,"東京大学総合図書館 General Library, The University of Tokyo, JAPAN",http://iiif.io/api/presentation/2#rightToLeftDirection,,総合図書館所蔵南葵文庫,0367,,https://iiif.dl.itc.u-tokyo.ac.jp/repo/iiif/f3f267f0-8349-511d-972c-8aaeec001f09/manifest,,,,,100
太平記大全 40巻附劔巻1巻 [26],A00:4594,タイヘイキ タイゼン,西 道智,49,[出版者不明],萬治2 [1659],図書,日本語,"各巻目首の書名: 太平記|責任表示は『日本古典籍総合目録データベース』による|刊記に「萬治貳己亥年 仲夏吉辰板行之」とあり|四周双辺無界12-15行 内匡廓: 22.3×16.2cm, 中黒口双花魚尾|付訓あり|後印本|卷第10下を欠く|印記: 「紀伊國徳川氏圖書記」, 「舊和歌山徳川氏藏」(徳川頼倫), 「紀伊恴川 南葵文庫」|虫損あり",http://tify.sub.uni-goettingen.de/demo.html?manifest=https://archdataset.dl.itc.u-tokyo.ac.jp/manifest/26b06505-9f79-5329-42cc-3b84827c5e9c.json,26b06505-9f79-5329-42cc-3b84827c5e9c,https://iiif.dl.itc.u-tokyo.ac.jp/repo/s/nanki/,https://iiif.dl.itc.u-tokyo.ac.jp/repo/s/nanki/document/26b06505-9f79-5329-42cc-3b84827c5e9c,https://www.lib.u-tokyo.ac.jp/ja/library/contents/archives-top/reuse,https://iiif.dl.itc.u-tokyo.ac.jp/repo/files/medium/c4b47f80977eaf885f406bc322c907c68f89d6c3.jpg,https://iiif.dl.itc.u-tokyo.ac.jp/repo/api/items/1001743,"東京大学総合図書館 General Library, The University of Tokyo, JAPAN",http://iiif.io/api/presentation/2#rightToLeftDirection,,総合図書館所蔵南葵文庫,0368,,https://iiif.dl.itc.u-tokyo.ac.jp/repo/iiif/26b06505-9f79-5329-42cc-3b84827c5e9c/manifest,,,,,57
太平記大全 40巻附劔巻1巻 [27],A00:4594,タイヘイキ タイゼン,西 道智,49,[出版者不明],萬治2 [1659],図書,日本語,"各巻目首の書名: 太平記|責任表示は『日本古典籍総合目録データベース』による|刊記に「萬治貳己亥年 仲夏吉辰板行之」とあり|四周双辺無界12-15行 内匡廓: 22.3×16.2cm, 中黒口双花魚尾|付訓あり|後印本|卷第10下を欠く|印記: 「紀伊國徳川氏圖書記」, 「舊和歌山徳川氏藏」(徳川頼倫), 「紀伊恴川 南葵文庫」|虫損あり",http://tify.sub.uni-goettingen.de/demo.html?manifest=https://archdataset.dl.itc.u-tokyo.ac.jp/manifest/0634250f-2954-8543-1321-efa6559674d9.json,0634250f-2954-8543-1321-efa6559674d9,https://iiif.dl.itc.u-tokyo.ac.jp/repo/s/nanki/,https://iiif.dl.itc.u-tokyo.ac.jp/repo/s/nanki/document/0634250f-2954-8543-1321-efa6559674d9,https://www.lib.u-tokyo.ac.jp/ja/library/contents/archives-top/reuse,https://iiif.dl.itc.u-tokyo.ac.jp/repo/files/medium/718258d69fd3469a82391c517105ed123c889ae3.jpg,https://iiif.dl.itc.u-tokyo.ac.jp/repo/api/items/1001742,"東京大学総合図書館 General Library, The University of Tokyo, JAPAN",http://iiif.io/api/presentation/2#rightToLeftDirection,,総合図書館所蔵南葵文庫,0369,,https://iiif.dl.itc.u-tokyo.ac.jp/repo/iiif/0634250f-2954-8543-1321-efa6559674d9/manifest,,,,,40
太平記大全 40巻附劔巻1巻 [28],A00:4594,タイヘイキ タイゼン,西 道智,49,[出版者不明],萬治2 [1659],図書,日本語,"各巻目首の書名: 太平記|責任表示は『日本古典籍総合目録データベース』による|刊記に「萬治貳己亥年 仲夏吉辰板行之」とあり|四周双辺無界12-15行 内匡廓: 22.3×16.2cm, 中黒口双花魚尾|付訓あり|後印本|卷第10下を欠く|印記: 「紀伊國徳川氏圖書記」, 「舊和歌山徳川氏藏」(徳川頼倫), 「紀伊恴川 南葵文庫」|虫損あり",http://tify.sub.uni-goettingen.de/demo.html?manifest=https://archdataset.dl.itc.u-tokyo.ac.jp/manifest/a5d32527-6080-7f84-570d-6cba895245ea.json,a5d32527-6080-7f84-570d-6cba895245ea,https://iiif.dl.itc.u-tokyo.ac.jp/repo/s/nanki/,https://iiif.dl.itc.u-tokyo.ac.jp/repo/s/nanki/document/a5d32527-6080-7f84-570d-6cba895245ea,https://www.lib.u-tokyo.ac.jp/ja/library/contents/archives-top/reuse,https://iiif.dl.itc.u-tokyo.ac.jp/repo/files/medium/dac06a2a278cf28a1692c8d47b5ce84a88a73120.jpg,https://iiif.dl.itc.u-tokyo.ac.jp/repo/api/items/1001741,"東京大学総合図書館 General Library, The University of Tokyo, JAPAN",http://iiif.io/api/presentation/2#rightToLeftDirection,,総合図書館所蔵南葵文庫,0370,,https://iiif.dl.itc.u-tokyo.ac.jp/repo/iiif/a5d32527-6080-7f84-570d-6cba895245ea/manifest,,,,,37
太平記大全 40巻附劔巻1巻 [29],A00:4594,タイヘイキ タイゼン,西 道智,49,[出版者不明],萬治2 [1659],図書,日本語,"各巻目首の書名: 太平記|責任表示は『日本古典籍総合目録データベース』による|刊記に「萬治貳己亥年 仲夏吉辰板行之」とあり|四周双辺無界12-15行 内匡廓: 22.3×16.2cm, 中黒口双花魚尾|付訓あり|後印本|卷第10下を欠く|印記: 「紀伊國徳川氏圖書記」, 「舊和歌山徳川氏藏」(徳川頼倫), 「紀伊恴川 南葵文庫」|虫損あり",http://tify.sub.uni-goettingen.de/demo.html?manifest=https://archdataset.dl.itc.u-tokyo.ac.jp/manifest/5c66703b-41bc-23eb-2994-40234e1d0147.json,5c66703b-41bc-23eb-2994-40234e1d0147,https://iiif.dl.itc.u-tokyo.ac.jp/repo/s/nanki/,https://iiif.dl.itc.u-tokyo.ac.jp/repo/s/nanki/document/5c66703b-41bc-23eb-2994-40234e1d0147,https://www.lib.u-tokyo.ac.jp/ja/library/contents/archives-top/reuse,https://iiif.dl.itc.u-tokyo.ac.jp/repo/files/medium/8e5ce8b817af5077198c2796a35ca5451e97755c.jpg,https://iiif.dl.itc.u-tokyo.ac.jp/repo/api/items/1001740,"東京大学総合図書館 General Library, The University of Tokyo, JAPAN",http://iiif.io/api/presentation/2#rightToLeftDirection,,総合図書館所蔵南葵文庫,0371,,https://iiif.dl.itc.u-tokyo.ac.jp/repo/iiif/5c66703b-41bc-23eb-2994-40234e1d0147/manifest,,,,,92
太平記大全 40巻附劔巻1巻 [30],A00:4594,タイヘイキ タイゼン,西 道智,49,[出版者不明],萬治2 [1659],図書,日本語,"各巻目首の書名: 太平記|責任表示は『日本古典籍総合目録データベース』による|刊記に「萬治貳己亥年 仲夏吉辰板行之」とあり|四周双辺無界12-15行 内匡廓: 22.3×16.2cm, 中黒口双花魚尾|付訓あり|後印本|卷第10下を欠く|印記: 「紀伊國徳川氏圖書記」, 「舊和歌山徳川氏藏」(徳川頼倫), 「紀伊恴川 南葵文庫」|虫損あり",http://tify.sub.uni-goettingen.de/demo.html?manifest=https://archdataset.dl.itc.u-tokyo.ac.jp/manifest/a8cfb0d8-30c9-1c1a-4313-c611cc798cc1.json,a8cfb0d8-30c9-1c1a-4313-c611cc798cc1,https://iiif.dl.itc.u-tokyo.ac.jp/repo/s/nanki/,https://iiif.dl.itc.u-tokyo.ac.jp/repo/s/nanki/document/a8cfb0d8-30c9-1c1a-4313-c611cc798cc1,https://www.lib.u-tokyo.ac.jp/ja/library/contents/archives-top/reuse,https://iiif.dl.itc.u-tokyo.ac.jp/repo/files/medium/ceb904dd6434acd1eea9f7ce98828f401e196e53.jpg,https://iiif.dl.itc.u-tokyo.ac.jp/repo/api/items/1001739,"東京大学総合図書館 General Library, The University of Tokyo, JAPAN",http://iiif.io/api/presentation/2#rightToLeftDirection,,総合図書館所蔵南葵文庫,0372,,https://iiif.dl.itc.u-tokyo.ac.jp/repo/iiif/a8cfb0d8-30c9-1c1a-4313-c611cc798cc1/manifest,,,,,95
太平記大全 40巻附劔巻1巻 [31],A00:4594,タイヘイキ タイゼン,西 道智,49,[出版者不明],萬治2 [1659],図書,日本語,"各巻目首の書名: 太平記|責任表示は『日本古典籍総合目録データベース』による|刊記に「萬治貳己亥年 仲夏吉辰板行之」とあり|四周双辺無界12-15行 内匡廓: 22.3×16.2cm, 中黒口双花魚尾|付訓あり|後印本|卷第10下を欠く|印記: 「紀伊國徳川氏圖書記」, 「舊和歌山徳川氏藏」(徳川頼倫), 「紀伊恴川 南葵文庫」|虫損あり",http://tify.sub.uni-goettingen.de/demo.html?manifest=https://archdataset.dl.itc.u-tokyo.ac.jp/manifest/7c5d8ae5-8ab7-38f5-0dbf-7567c280647b.json,7c5d8ae5-8ab7-38f5-0dbf-7567c280647b,https://iiif.dl.itc.u-tokyo.ac.jp/repo/s/nanki/,https://iiif.dl.itc.u-tokyo.ac.jp/repo/s/nanki/document/7c5d8ae5-8ab7-38f5-0dbf-7567c280647b,https://www.lib.u-tokyo.ac.jp/ja/library/contents/archives-top/reuse,https://iiif.dl.itc.u-tokyo.ac.jp/repo/files/medium/2986a533c62aaa7ae9f6cab64ef7b5b02c71d8e9.jpg,https://iiif.dl.itc.u-tokyo.ac.jp/repo/api/items/1001738,"東京大学総合図書館 General Library, The University of Tokyo, JAPAN",http://iiif.io/api/presentation/2#rightToLeftDirection,,総合図書館所蔵南葵文庫,0373,,https://iiif.dl.itc.u-tokyo.ac.jp/repo/iiif/7c5d8ae5-8ab7-38f5-0dbf-7567c280647b/manifest,,,,,78
太平記大全 40巻附劔巻1巻 [32],A00:4594,タイヘイキ タイゼン,西 道智,49,[出版者不明],萬治2 [1659],図書,日本語,"各巻目首の書名: 太平記|責任表示は『日本古典籍総合目録データベース』による|刊記に「萬治貳己亥年 仲夏吉辰板行之」とあり|四周双辺無界12-15行 内匡廓: 22.3×16.2cm, 中黒口双花魚尾|付訓あり|後印本|卷第10下を欠く|印記: 「紀伊國徳川氏圖書記」, 「舊和歌山徳川氏藏」(徳川頼倫), 「紀伊恴川 南葵文庫」|虫損あり",http://tify.sub.uni-goettingen.de/demo.html?manifest=https://archdataset.dl.itc.u-tokyo.ac.jp/manifest/b59be9e6-2b3a-337c-0541-b149d5719844.json,b59be9e6-2b3a-337c-0541-b149d5719844,https://iiif.dl.itc.u-tokyo.ac.jp/repo/s/nanki/,https://iiif.dl.itc.u-tokyo.ac.jp/repo/s/nanki/document/b59be9e6-2b3a-337c-0541-b149d5719844,https://www.lib.u-tokyo.ac.jp/ja/library/contents/archives-top/reuse,https://iiif.dl.itc.u-tokyo.ac.jp/repo/files/medium/a7f16233940d2d7469bed5a200715da7e76a9d07.jpg,https://iiif.dl.itc.u-tokyo.ac.jp/repo/api/items/1001737,"東京大学総合図書館 General Library, The University of Tokyo, JAPAN",http://iiif.io/api/presentation/2#rightToLeftDirection,,総合図書館所蔵南葵文庫,0374,,https://iiif.dl.itc.u-tokyo.ac.jp/repo/iiif/b59be9e6-2b3a-337c-0541-b149d5719844/manifest,,,,,75
太平記大全 40巻附劔巻1巻 [33],A00:4594,タイヘイキ タイゼン,西 道智,49,[出版者不明],萬治2 [1659],図書,日本語,"各巻目首の書名: 太平記|責任表示は『日本古典籍総合目録データベース』による|刊記に「萬治貳己亥年 仲夏吉辰板行之」とあり|四周双辺無界12-15行 内匡廓: 22.3×16.2cm, 中黒口双花魚尾|付訓あり|後印本|卷第10下を欠く|印記: 「紀伊國徳川氏圖書記」, 「舊和歌山徳川氏藏」(徳川頼倫), 「紀伊恴川 南葵文庫」|虫損あり",http://tify.sub.uni-goettingen.de/demo.html?manifest=https://archdataset.dl.itc.u-tokyo.ac.jp/manifest/7d313860-1446-9c20-7c04-fc7df59195a3.json,7d313860-1446-9c20-7c04-fc7df59195a3,https://iiif.dl.itc.u-tokyo.ac.jp/repo/s/nanki/,https://iiif.dl.itc.u-tokyo.ac.jp/repo/s/nanki/document/7d313860-1446-9c20-7c04-fc7df59195a3,https://www.lib.u-tokyo.ac.jp/ja/library/contents/archives-top/reuse,https://iiif.dl.itc.u-tokyo.ac.jp/repo/files/medium/d37a040da55adfac843760d7077426cc9dd8e7b7.jpg,https://iiif.dl.itc.u-tokyo.ac.jp/repo/api/items/1001736,"東京大学総合図書館 General Library, The University of Tokyo, JAPAN",http://iiif.io/api/presentation/2#rightToLeftDirection,,総合図書館所蔵南葵文庫,0375,,https://iiif.dl.itc.u-tokyo.ac.jp/repo/iiif/7d313860-1446-9c20-7c04-fc7df59195a3/manifest,,,,,73
太平記大全 40巻附劔巻1巻 [34],A00:4594,タイヘイキ タイゼン,西 道智,49,[出版者不明],萬治2 [1659],図書,日本語,"各巻目首の書名: 太平記|責任表示は『日本古典籍総合目録データベース』による|刊記に「萬治貳己亥年 仲夏吉辰板行之」とあり|四周双辺無界12-15行 内匡廓: 22.3×16.2cm, 中黒口双花魚尾|付訓あり|後印本|卷第10下を欠く|印記: 「紀伊國徳川氏圖書記」, 「舊和歌山徳川氏藏」(徳川頼倫), 「紀伊恴川 南葵文庫」|虫損あり",http://tify.sub.uni-goettingen.de/demo.html?manifest=https://archdataset.dl.itc.u-tokyo.ac.jp/manifest/a855c2b6-086f-4388-a2f9-183f4a306daa.json,a855c2b6-086f-4388-a2f9-183f4a306daa,https://iiif.dl.itc.u-tokyo.ac.jp/repo/s/nanki/,https://iiif.dl.itc.u-tokyo.ac.jp/repo/s/nanki/document/a855c2b6-086f-4388-a2f9-183f4a306daa,https://www.lib.u-tokyo.ac.jp/ja/library/contents/archives-top/reuse,https://iiif.dl.itc.u-tokyo.ac.jp/repo/files/medium/1c54dd3bb1c4203ee5732067e5c879c132aee37b.jpg,https://iiif.dl.itc.u-tokyo.ac.jp/repo/api/items/1001735,"東京大学総合図書館 General Library, The University of Tokyo, JAPAN",http://iiif.io/api/presentation/2#rightToLeftDirection,,総合図書館所蔵南葵文庫,0376,,https://iiif.dl.itc.u-tokyo.ac.jp/repo/iiif/a855c2b6-086f-4388-a2f9-183f4a306daa/manifest,,,,,74
太平記大全 40巻附劔巻1巻 [35],A00:4594,タイヘイキ タイゼン,西 道智,49,[出版者不明],萬治2 [1659],図書,日本語,"各巻目首の書名: 太平記|責任表示は『日本古典籍総合目録データベース』による|刊記に「萬治貳己亥年 仲夏吉辰板行之」とあり|四周双辺無界12-15行 内匡廓: 22.3×16.2cm, 中黒口双花魚尾|付訓あり|後印本|卷第10下を欠く|印記: 「紀伊國徳川氏圖書記」, 「舊和歌山徳川氏藏」(徳川頼倫), 「紀伊恴川 南葵文庫」|虫損あり",http://tify.sub.uni-goettingen.de/demo.html?manifest=https://archdataset.dl.itc.u-tokyo.ac.jp/manifest/94f1194f-1c2f-7bf5-927f-6061711643a7.json,94f1194f-1c2f-7bf5-927f-6061711643a7,https://iiif.dl.itc.u-tokyo.ac.jp/repo/s/nanki/,https://iiif.dl.itc.u-tokyo.ac.jp/repo/s/nanki/document/94f1194f-1c2f-7bf5-927f-6061711643a7,https://www.lib.u-tokyo.ac.jp/ja/library/contents/archives-top/reuse,https://iiif.dl.itc.u-tokyo.ac.jp/repo/files/medium/4426405086bb6c745ccfb7941e34646d3ecabe8f.jpg,https://iiif.dl.itc.u-tokyo.ac.jp/repo/api/items/1001734,"東京大学総合図書館 General Library, The University of Tokyo, JAPAN",http://iiif.io/api/presentation/2#rightToLeftDirection,,総合図書館所蔵南葵文庫,0377,,https://iiif.dl.itc.u-tokyo.ac.jp/repo/iiif/94f1194f-1c2f-7bf5-927f-6061711643a7/manifest,,,,,90
太平記大全 40巻附劔巻1巻 [36],A00:4594,タイヘイキ タイゼン,西 道智,49,[出版者不明],萬治2 [1659],図書,日本語,"各巻目首の書名: 太平記|責任表示は『日本古典籍総合目録データベース』による|刊記に「萬治貳己亥年 仲夏吉辰板行之」とあり|四周双辺無界12-15行 内匡廓: 22.3×16.2cm, 中黒口双花魚尾|付訓あり|後印本|卷第10下を欠く|印記: 「紀伊國徳川氏圖書記」, 「舊和歌山徳川氏藏」(徳川頼倫), 「紀伊恴川 南葵文庫」|虫損あり",http://tify.sub.uni-goettingen.de/demo.html?manifest=https://archdataset.dl.itc.u-tokyo.ac.jp/manifest/fc7295dc-1a7f-71a9-1ef9-11cde0f7815c.json,fc7295dc-1a7f-71a9-1ef9-11cde0f7815c,https://iiif.dl.itc.u-tokyo.ac.jp/repo/s/nanki/,https://iiif.dl.itc.u-tokyo.ac.jp/repo/s/nanki/document/fc7295dc-1a7f-71a9-1ef9-11cde0f7815c,https://www.lib.u-tokyo.ac.jp/ja/library/contents/archives-top/reuse,https://iiif.dl.itc.u-tokyo.ac.jp/repo/files/medium/930da0fb66071a32ece11fbe05ede389fbe37c73.jpg,https://iiif.dl.itc.u-tokyo.ac.jp/repo/api/items/1001733,"東京大学総合図書館 General Library, The University of Tokyo, JAPAN",http://iiif.io/api/presentation/2#rightToLeftDirection,,総合図書館所蔵南葵文庫,0378,,https://iiif.dl.itc.u-tokyo.ac.jp/repo/iiif/fc7295dc-1a7f-71a9-1ef9-11cde0f7815c/manifest,,,,,87
太平記大全 40巻附劔巻1巻 [37],A00:4594,タイヘイキ タイゼン,西 道智,49,[出版者不明],萬治2 [1659],図書,日本語,"各巻目首の書名: 太平記|責任表示は『日本古典籍総合目録データベース』による|刊記に「萬治貳己亥年 仲夏吉辰板行之」とあり|四周双辺無界12-15行 内匡廓: 22.3×16.2cm, 中黒口双花魚尾|付訓あり|後印本|卷第10下を欠く|印記: 「紀伊國徳川氏圖書記」, 「舊和歌山徳川氏藏」(徳川頼倫), 「紀伊恴川 南葵文庫」|虫損あり",http://tify.sub.uni-goettingen.de/demo.html?manifest=https://archdataset.dl.itc.u-tokyo.ac.jp/manifest/7afb8921-312d-8d55-7cb2-58d378375bc1.json,7afb8921-312d-8d55-7cb2-58d378375bc1,https://iiif.dl.itc.u-tokyo.ac.jp/repo/s/nanki/,https://iiif.dl.itc.u-tokyo.ac.jp/repo/s/nanki/document/7afb8921-312d-8d55-7cb2-58d378375bc1,https://www.lib.u-tokyo.ac.jp/ja/library/contents/archives-top/reuse,https://iiif.dl.itc.u-tokyo.ac.jp/repo/files/medium/8bfa9d8f25cda656b989eb3ab738a0c2c8ccc778.jpg,https://iiif.dl.itc.u-tokyo.ac.jp/repo/api/items/1001732,"東京大学総合図書館 General Library, The University of Tokyo, JAPAN",http://iiif.io/api/presentation/2#rightToLeftDirection,,総合図書館所蔵南葵文庫,0379,,https://iiif.dl.itc.u-tokyo.ac.jp/repo/iiif/7afb8921-312d-8d55-7cb2-58d378375bc1/manifest,,,,,83
太平記大全 40巻附劔巻1巻 [38],A00:4594,タイヘイキ タイゼン,西 道智,49,[出版者不明],萬治2 [1659],図書,日本語,"各巻目首の書名: 太平記|責任表示は『日本古典籍総合目録データベース』による|刊記に「萬治貳己亥年 仲夏吉辰板行之」とあり|四周双辺無界12-15行 内匡廓: 22.3×16.2cm, 中黒口双花魚尾|付訓あり|後印本|卷第10下を欠く|印記: 「紀伊國徳川氏圖書記」, 「舊和歌山徳川氏藏」(徳川頼倫), 「紀伊恴川 南葵文庫」|虫損あり",http://tify.sub.uni-goettingen.de/demo.html?manifest=https://archdataset.dl.itc.u-tokyo.ac.jp/manifest/74c0d6c7-5642-3f61-a325-5aaceafa60eb.json,74c0d6c7-5642-3f61-a325-5aaceafa60eb,https://iiif.dl.itc.u-tokyo.ac.jp/repo/s/nanki/,https://iiif.dl.itc.u-tokyo.ac.jp/repo/s/nanki/document/74c0d6c7-5642-3f61-a325-5aaceafa60eb,https://www.lib.u-tokyo.ac.jp/ja/library/contents/archives-top/reuse,https://iiif.dl.itc.u-tokyo.ac.jp/repo/files/medium/830a0d8a6b6f916dc7f743f4e40ca4a458c2f3e4.jpg,https://iiif.dl.itc.u-tokyo.ac.jp/repo/api/items/1001731,"東京大学総合図書館 General Library, The University of Tokyo, JAPAN",http://iiif.io/api/presentation/2#rightToLeftDirection,,総合図書館所蔵南葵文庫,0380,,https://iiif.dl.itc.u-tokyo.ac.jp/repo/iiif/74c0d6c7-5642-3f61-a325-5aaceafa60eb/manifest,,,,,88
太平記大全 40巻附劔巻1巻 [39],A00:4594,タイヘイキ タイゼン,西 道智,49,[出版者不明],萬治2 [1659],図書,日本語,"各巻目首の書名: 太平記|責任表示は『日本古典籍総合目録データベース』による|刊記に「萬治貳己亥年 仲夏吉辰板行之」とあり|四周双辺無界12-15行 内匡廓: 22.3×16.2cm, 中黒口双花魚尾|付訓あり|後印本|卷第10下を欠く|印記: 「紀伊國徳川氏圖書記」, 「舊和歌山徳川氏藏」(徳川頼倫), 「紀伊恴川 南葵文庫」|虫損あり",http://tify.sub.uni-goettingen.de/demo.html?manifest=https://archdataset.dl.itc.u-tokyo.ac.jp/manifest/d31da620-3dbf-2c94-621b-0e0073b6a224.json,d31da620-3dbf-2c94-621b-0e0073b6a224,https://iiif.dl.itc.u-tokyo.ac.jp/repo/s/nanki/,https://iiif.dl.itc.u-tokyo.ac.jp/repo/s/nanki/document/d31da620-3dbf-2c94-621b-0e0073b6a224,https://www.lib.u-tokyo.ac.jp/ja/library/contents/archives-top/reuse,https://iiif.dl.itc.u-tokyo.ac.jp/repo/files/medium/c790702f569638fa1ffb8d9d89078b01f5094202.jpg,https://iiif.dl.itc.u-tokyo.ac.jp/repo/api/items/1001730,"東京大学総合図書館 General Library, The University of Tokyo, JAPAN",http://iiif.io/api/presentation/2#rightToLeftDirection,,総合図書館所蔵南葵文庫,0381,,https://iiif.dl.itc.u-tokyo.ac.jp/repo/iiif/d31da620-3dbf-2c94-621b-0e0073b6a224/manifest,,,,,53
太平記大全 40巻附劔巻1巻 [40],A00:4594,タイヘイキ タイゼン,西 道智,49,[出版者不明],萬治2 [1659],図書,日本語,"各巻目首の書名: 太平記|責任表示は『日本古典籍総合目録データベース』による|刊記に「萬治貳己亥年 仲夏吉辰板行之」とあり|四周双辺無界12-15行 内匡廓: 22.3×16.2cm, 中黒口双花魚尾|付訓あり|後印本|卷第10下を欠く|印記: 「紀伊國徳川氏圖書記」, 「舊和歌山徳川氏藏」(徳川頼倫), 「紀伊恴川 南葵文庫」|虫損あり",http://tify.sub.uni-goettingen.de/demo.html?manifest=https://archdataset.dl.itc.u-tokyo.ac.jp/manifest/dc2392a2-9595-05e4-223e-784d2ee49d60.json,dc2392a2-9595-05e4-223e-784d2ee49d60,https://iiif.dl.itc.u-tokyo.ac.jp/repo/s/nanki/,https://iiif.dl.itc.u-tokyo.ac.jp/repo/s/nanki/document/dc2392a2-9595-05e4-223e-784d2ee49d60,https://www.lib.u-tokyo.ac.jp/ja/library/contents/archives-top/reuse,https://iiif.dl.itc.u-tokyo.ac.jp/repo/files/medium/03f3e56fd2579a7335a498509087cc81270dc077.jpg,https://iiif.dl.itc.u-tokyo.ac.jp/repo/api/items/1001729,"東京大学総合図書館 General Library, The University of Tokyo, JAPAN",http://iiif.io/api/presentation/2#rightToLeftDirection,,総合図書館所蔵南葵文庫,0382,,https://iiif.dl.itc.u-tokyo.ac.jp/repo/iiif/dc2392a2-9595-05e4-223e-784d2ee49d60/manifest,,,,,75
太平記大全 40巻附劔巻1巻 [41],A00:4594,タイヘイキ タイゼン,西 道智,49,[出版者不明],萬治2 [1659],図書,日本語,"各巻目首の書名: 太平記|責任表示は『日本古典籍総合目録データベース』による|刊記に「萬治貳己亥年 仲夏吉辰板行之」とあり|四周双辺無界12-15行 内匡廓: 22.3×16.2cm, 中黒口双花魚尾|付訓あり|後印本|卷第10下を欠く|印記: 「紀伊國徳川氏圖書記」, 「舊和歌山徳川氏藏」(徳川頼倫), 「紀伊恴川 南葵文庫」|虫損あり",http://tify.sub.uni-goettingen.de/demo.html?manifest=https://archdataset.dl.itc.u-tokyo.ac.jp/manifest/6c0be2f4-6356-7082-864e-a482f52067f7.json,6c0be2f4-6356-7082-864e-a482f52067f7,https://iiif.dl.itc.u-tokyo.ac.jp/repo/s/nanki/,https://iiif.dl.itc.u-tokyo.ac.jp/repo/s/nanki/document/6c0be2f4-6356-7082-864e-a482f52067f7,https://www.lib.u-tokyo.ac.jp/ja/library/contents/archives-top/reuse,https://iiif.dl.itc.u-tokyo.ac.jp/repo/files/medium/302500bbd317d152cdd3577ab988eb6cd9adbcc3.jpg,https://iiif.dl.itc.u-tokyo.ac.jp/repo/api/items/1001728,"東京大学総合図書館 General Library, The University of Tokyo, JAPAN",http://iiif.io/api/presentation/2#rightToLeftDirection,,総合図書館所蔵南葵文庫,0383,,https://iiif.dl.itc.u-tokyo.ac.jp/repo/iiif/6c0be2f4-6356-7082-864e-a482f52067f7/manifest,,,,,81
太平記大全 40巻附劔巻1巻 [42],A00:4594,タイヘイキ タイゼン,西 道智,49,[出版者不明],萬治2 [1659],図書,日本語,"各巻目首の書名: 太平記|責任表示は『日本古典籍総合目録データベース』による|刊記に「萬治貳己亥年 仲夏吉辰板行之」とあり|四周双辺無界12-15行 内匡廓: 22.3×16.2cm, 中黒口双花魚尾|付訓あり|後印本|卷第10下を欠く|印記: 「紀伊國徳川氏圖書記」, 「舊和歌山徳川氏藏」(徳川頼倫), 「紀伊恴川 南葵文庫」|虫損あり",http://tify.sub.uni-goettingen.de/demo.html?manifest=https://archdataset.dl.itc.u-tokyo.ac.jp/manifest/8dfb6b85-974b-882c-3c8c-0542fc0d50f4.json,8dfb6b85-974b-882c-3c8c-0542fc0d50f4,https://iiif.dl.itc.u-tokyo.ac.jp/repo/s/nanki/,https://iiif.dl.itc.u-tokyo.ac.jp/repo/s/nanki/document/8dfb6b85-974b-882c-3c8c-0542fc0d50f4,https://www.lib.u-tokyo.ac.jp/ja/library/contents/archives-top/reuse,https://iiif.dl.itc.u-tokyo.ac.jp/repo/files/medium/e1c94b93a8243b4f8d42d98c7fe1709f203b3549.jpg,https://iiif.dl.itc.u-tokyo.ac.jp/repo/api/items/1001727,"東京大学総合図書館 General Library, The University of Tokyo, JAPAN",http://iiif.io/api/presentation/2#rightToLeftDirection,,総合図書館所蔵南葵文庫,0384,,https://iiif.dl.itc.u-tokyo.ac.jp/repo/iiif/8dfb6b85-974b-882c-3c8c-0542fc0d50f4/manifest,,,,,41
太平記大全 40巻附劔巻1巻 [43],A00:4594,タイヘイキ タイゼン,西 道智,49,[出版者不明],萬治2 [1659],図書,日本語,"各巻目首の書名: 太平記|責任表示は『日本古典籍総合目録データベース』による|刊記に「萬治貳己亥年 仲夏吉辰板行之」とあり|四周双辺無界12-15行 内匡廓: 22.3×16.2cm, 中黒口双花魚尾|付訓あり|後印本|卷第10下を欠く|印記: 「紀伊國徳川氏圖書記」, 「舊和歌山徳川氏藏」(徳川頼倫), 「紀伊恴川 南葵文庫」|虫損あり",http://tify.sub.uni-goettingen.de/demo.html?manifest=https://archdataset.dl.itc.u-tokyo.ac.jp/manifest/289cea4e-389b-54d2-2cab-d119763985eb.json,289cea4e-389b-54d2-2cab-d119763985eb,https://iiif.dl.itc.u-tokyo.ac.jp/repo/s/nanki/,https://iiif.dl.itc.u-tokyo.ac.jp/repo/s/nanki/document/289cea4e-389b-54d2-2cab-d119763985eb,https://www.lib.u-tokyo.ac.jp/ja/library/contents/archives-top/reuse,https://iiif.dl.itc.u-tokyo.ac.jp/repo/files/medium/79e7feb195e752f8f5f65d2c8531fdd59c3ce70b.jpg,https://iiif.dl.itc.u-tokyo.ac.jp/repo/api/items/1001726,"東京大学総合図書館 General Library, The University of Tokyo, JAPAN",http://iiif.io/api/presentation/2#rightToLeftDirection,,総合図書館所蔵南葵文庫,0385,,https://iiif.dl.itc.u-tokyo.ac.jp/repo/iiif/289cea4e-389b-54d2-2cab-d119763985eb/manifest,,,,,98
太平記大全 40巻附劔巻1巻 [44],A00:4594,タイヘイキ タイゼン,西 道智,49,[出版者不明],萬治2 [1659],図書,日本語,"各巻目首の書名: 太平記|責任表示は『日本古典籍総合目録データベース』による|刊記に「萬治貳己亥年 仲夏吉辰板行之」とあり|四周双辺無界12-15行 内匡廓: 22.3×16.2cm, 中黒口双花魚尾|付訓あり|後印本|卷第10下を欠く|印記: 「紀伊國徳川氏圖書記」, 「舊和歌山徳川氏藏」(徳川頼倫), 「紀伊恴川 南葵文庫」|虫損あり",http://tify.sub.uni-goettingen.de/demo.html?manifest=https://archdataset.dl.itc.u-tokyo.ac.jp/manifest/c2c34a69-1257-5c53-0ad1-27bd3a7d7787.json,c2c34a69-1257-5c53-0ad1-27bd3a7d7787,https://iiif.dl.itc.u-tokyo.ac.jp/repo/s/nanki/,https://iiif.dl.itc.u-tokyo.ac.jp/repo/s/nanki/document/c2c34a69-1257-5c53-0ad1-27bd3a7d7787,https://www.lib.u-tokyo.ac.jp/ja/library/contents/archives-top/reuse,https://iiif.dl.itc.u-tokyo.ac.jp/repo/files/medium/f4267ca0d8535c8a5fb09ce0754869eca4262276.jpg,https://iiif.dl.itc.u-tokyo.ac.jp/repo/api/items/1001725,"東京大学総合図書館 General Library, The University of Tokyo, JAPAN",http://iiif.io/api/presentation/2#rightToLeftDirection,,総合図書館所蔵南葵文庫,0386,,https://iiif.dl.itc.u-tokyo.ac.jp/repo/iiif/c2c34a69-1257-5c53-0ad1-27bd3a7d7787/manifest,,,,,81
太平記大全 40巻附劔巻1巻 [45],A00:4594,タイヘイキ タイゼン,西 道智,49,[出版者不明],萬治2 [1659],図書,日本語,"各巻目首の書名: 太平記|責任表示は『日本古典籍総合目録データベース』による|刊記に「萬治貳己亥年 仲夏吉辰板行之」とあり|四周双辺無界12-15行 内匡廓: 22.3×16.2cm, 中黒口双花魚尾|付訓あり|後印本|卷第10下を欠く|印記: 「紀伊國徳川氏圖書記」, 「舊和歌山徳川氏藏」(徳川頼倫), 「紀伊恴川 南葵文庫」|虫損あり",http://tify.sub.uni-goettingen.de/demo.html?manifest=https://archdataset.dl.itc.u-tokyo.ac.jp/manifest/9141e452-9f19-7076-59ea-3551895b376d.json,9141e452-9f19-7076-59ea-3551895b376d,https://iiif.dl.itc.u-tokyo.ac.jp/repo/s/nanki/,https://iiif.dl.itc.u-tokyo.ac.jp/repo/s/nanki/document/9141e452-9f19-7076-59ea-3551895b376d,https://www.lib.u-tokyo.ac.jp/ja/library/contents/archives-top/reuse,https://iiif.dl.itc.u-tokyo.ac.jp/repo/files/medium/7b21f8b6eaf7c0708efabed9539f526e85c44644.jpg,https://iiif.dl.itc.u-tokyo.ac.jp/repo/api/items/1001724,"東京大学総合図書館 General Library, The University of Tokyo, JAPAN",http://iiif.io/api/presentation/2#rightToLeftDirection,,総合図書館所蔵南葵文庫,0387,,https://iiif.dl.itc.u-tokyo.ac.jp/repo/iiif/9141e452-9f19-7076-59ea-3551895b376d/manifest,,,,,68
太平記大全 40巻附劔巻1巻 [46],A00:4594,タイヘイキ タイゼン,西 道智,49,[出版者不明],萬治2 [1659],図書,日本語,"各巻目首の書名: 太平記|責任表示は『日本古典籍総合目録データベース』による|刊記に「萬治貳己亥年 仲夏吉辰板行之」とあり|四周双辺無界12-15行 内匡廓: 22.3×16.2cm, 中黒口双花魚尾|付訓あり|後印本|卷第10下を欠く|印記: 「紀伊國徳川氏圖書記」, 「舊和歌山徳川氏藏」(徳川頼倫), 「紀伊恴川 南葵文庫」|虫損あり",http://tify.sub.uni-goettingen.de/demo.html?manifest=https://archdataset.dl.itc.u-tokyo.ac.jp/manifest/4ac0eacc-822d-0bf1-a49a-e2e3791a6e2e.json,4ac0eacc-822d-0bf1-a49a-e2e3791a6e2e,https://iiif.dl.itc.u-tokyo.ac.jp/repo/s/nanki/,https://iiif.dl.itc.u-tokyo.ac.jp/repo/s/nanki/document/4ac0eacc-822d-0bf1-a49a-e2e3791a6e2e,https://www.lib.u-tokyo.ac.jp/ja/library/contents/archives-top/reuse,https://iiif.dl.itc.u-tokyo.ac.jp/repo/files/medium/cce41fa65a4f3cde15aa393c0b33a741d1f7a00b.jpg,https://iiif.dl.itc.u-tokyo.ac.jp/repo/api/items/1001723,"東京大学総合図書館 General Library, The University of Tokyo, JAPAN",http://iiif.io/api/presentation/2#rightToLeftDirection,,総合図書館所蔵南葵文庫,0388,,https://iiif.dl.itc.u-tokyo.ac.jp/repo/iiif/4ac0eacc-822d-0bf1-a49a-e2e3791a6e2e/manifest,,,,,101
太平記大全 40巻附劔巻1巻 [47],A00:4594,タイヘイキ タイゼン,西 道智,49,[出版者不明],萬治2 [1659],図書,日本語,"各巻目首の書名: 太平記|責任表示は『日本古典籍総合目録データベース』による|刊記に「萬治貳己亥年 仲夏吉辰板行之」とあり|四周双辺無界12-15行 内匡廓: 22.3×16.2cm, 中黒口双花魚尾|付訓あり|後印本|卷第10下を欠く|印記: 「紀伊國徳川氏圖書記」, 「舊和歌山徳川氏藏」(徳川頼倫), 「紀伊恴川 南葵文庫」|虫損あり",http://tify.sub.uni-goettingen.de/demo.html?manifest=https://archdataset.dl.itc.u-tokyo.ac.jp/manifest/0ed1ad1d-9bd7-7ab7-79a5-c1d06f59678f.json,0ed1ad1d-9bd7-7ab7-79a5-c1d06f59678f,https://iiif.dl.itc.u-tokyo.ac.jp/repo/s/nanki/,https://iiif.dl.itc.u-tokyo.ac.jp/repo/s/nanki/document/0ed1ad1d-9bd7-7ab7-79a5-c1d06f59678f,https://www.lib.u-tokyo.ac.jp/ja/library/contents/archives-top/reuse,https://iiif.dl.itc.u-tokyo.ac.jp/repo/files/medium/61e7e25e1ceee4ebb533b3ae8fa87db1d8145988.jpg,https://iiif.dl.itc.u-tokyo.ac.jp/repo/api/items/1001722,"東京大学総合図書館 General Library, The University of Tokyo, JAPAN",http://iiif.io/api/presentation/2#rightToLeftDirection,,総合図書館所蔵南葵文庫,0389,,https://iiif.dl.itc.u-tokyo.ac.jp/repo/iiif/0ed1ad1d-9bd7-7ab7-79a5-c1d06f59678f/manifest,,,,,53
太平記大全 40巻附劔巻1巻 [48],A00:4594,タイヘイキ タイゼン,西 道智,49,[出版者不明],萬治2 [1659],図書,日本語,"各巻目首の書名: 太平記|責任表示は『日本古典籍総合目録データベース』による|刊記に「萬治貳己亥年 仲夏吉辰板行之」とあり|四周双辺無界12-15行 内匡廓: 22.3×16.2cm, 中黒口双花魚尾|付訓あり|後印本|卷第10下を欠く|印記: 「紀伊國徳川氏圖書記」, 「舊和歌山徳川氏藏」(徳川頼倫), 「紀伊恴川 南葵文庫」|虫損あり",http://tify.sub.uni-goettingen.de/demo.html?manifest=https://archdataset.dl.itc.u-tokyo.ac.jp/manifest/28b0fec6-3389-0dee-6ef6-5d9d38c97419.json,28b0fec6-3389-0dee-6ef6-5d9d38c97419,https://iiif.dl.itc.u-tokyo.ac.jp/repo/s/nanki/,https://iiif.dl.itc.u-tokyo.ac.jp/repo/s/nanki/document/28b0fec6-3389-0dee-6ef6-5d9d38c97419,https://www.lib.u-tokyo.ac.jp/ja/library/contents/archives-top/reuse,https://iiif.dl.itc.u-tokyo.ac.jp/repo/files/medium/9711cf7b8c4d2ac6d35b49461409e94bc125b5d3.jpg,https://iiif.dl.itc.u-tokyo.ac.jp/repo/api/items/1001721,"東京大学総合図書館 General Library, The University of Tokyo, JAPAN",http://iiif.io/api/presentation/2#rightToLeftDirection,,総合図書館所蔵南葵文庫,0390,,https://iiif.dl.itc.u-tokyo.ac.jp/repo/iiif/28b0fec6-3389-0dee-6ef6-5d9d38c97419/manifest,,,,,62
太平記大全 40巻附劔巻1巻 [49],A00:4594,タイヘイキ タイゼン,西 道智,49,[出版者不明],萬治2 [1659],図書,日本語,"各巻目首の書名: 太平記|責任表示は『日本古典籍総合目録データベース』による|刊記に「萬治貳己亥年 仲夏吉辰板行之」とあり|四周双辺無界12-15行 内匡廓: 22.3×16.2cm, 中黒口双花魚尾|付訓あり|後印本|卷第10下を欠く|印記: 「紀伊國徳川氏圖書記」, 「舊和歌山徳川氏藏」(徳川頼倫), 「紀伊恴川 南葵文庫」|虫損あり",http://tify.sub.uni-goettingen.de/demo.html?manifest=https://archdataset.dl.itc.u-tokyo.ac.jp/manifest/934e6884-692e-a2e5-1ada-66ca0da09e62.json,934e6884-692e-a2e5-1ada-66ca0da09e62,https://iiif.dl.itc.u-tokyo.ac.jp/repo/s/nanki/,https://iiif.dl.itc.u-tokyo.ac.jp/repo/s/nanki/document/934e6884-692e-a2e5-1ada-66ca0da09e62,https://www.lib.u-tokyo.ac.jp/ja/library/contents/archives-top/reuse,https://iiif.dl.itc.u-tokyo.ac.jp/repo/files/medium/db83ca809ca95960f3a7804e3437eb354090bbd9.jpg,https://iiif.dl.itc.u-tokyo.ac.jp/repo/api/items/1001720,"東京大学総合図書館 General Library, The University of Tokyo, JAPAN",http://iiif.io/api/presentation/2#rightToLeftDirection,,総合図書館所蔵南葵文庫,0391,,https://iiif.dl.itc.u-tokyo.ac.jp/repo/iiif/934e6884-692e-a2e5-1ada-66ca0da09e62/manifest,,,,,59
朱子語類 140巻序目1巻 [1],A00:4596,シュシ ゴルイ,朱 熹,20,[出版者不明],[明季],図書,中国語,"序目, 後序の書名: 朱子語類大全|姓氏の書名: 朱子語録|後序版心の書名: 語類|小口書: 朱語類|序目末に「咸淳庚午正月辛亥靖徳再書」とあり|後序末に「此編江西憲副三山陳公文耀翻刻以幸學者 ... 成化癸巳十月甲子賜進士出身翰林院編脩南昌張元禎序」, 「是編者乃導江黎靖徳合三録二類而名爲大全 ... 成化辛卯來佐憲江右偶於豫章胡頥菴家訪得印本缺卷二十餘無可補者越二年巡湖東復得全本於於呉康齋家雖殘缺補以胡家本斯無遺矣... 成化九年癸巳十一月望賜進士江西按察副使三山陳煒謹書」とあり|扉裏に「朱子語類大全三百十六巻廿冊 巻中硃圏及句讀共係于先師林文敏公手澤其掲校訂于上層者硃墨共係于鵞峰先生手録」との識語あり|左右双辺有界14行24字注文双行, 内匡廓: 20.0×14.8cm, 白口三黒魚尾|拠成化9(1473)陳煒覆咸淳6(1270)黎靖徳郡齋刊本重刻|朱点, 朱引あり|朱墨筆書き入れあり|序目冒頭の上欄に「錢牧齋舊藏」との墨書あり|印記: 「牧齋藏書」(銭謙益), 「静修齋」, 「讀耕齋之家藏」(林読耕斎), 「青桺館文庫」(青柳文蔵), 「敬甫」, 「島田重禮」, 「島田氏雙桂樓収臧」(島田篁村), 「南葵文庫」|虫損あり (裏打ち補修あり)",http://tify.sub.uni-goettingen.de/demo.html?manifest=https://archdataset.dl.itc.u-tokyo.ac.jp/manifest/f1025fe4-17c7-3da4-8993-e57cf4319a32.json,f1025fe4-17c7-3da4-8993-e57cf4319a32,https://iiif.dl.itc.u-tokyo.ac.jp/repo/s/nanki/,https://iiif.dl.itc.u-tokyo.ac.jp/repo/s/nanki/document/f1025fe4-17c7-3da4-8993-e57cf4319a32,https://www.lib.u-tokyo.ac.jp/ja/library/contents/archives-top/reuse,https://iiif.dl.itc.u-tokyo.ac.jp/repo/files/medium/c2d8ee2e8aa86f4ff09f001c6975ca7ee215aabb.jpg,https://iiif.dl.itc.u-tokyo.ac.jp/repo/api/items/1001719,"東京大学総合図書館 General Library, The University of Tokyo, JAPAN",http://iiif.io/api/presentation/2#rightToLeftDirection,,総合図書館所蔵南葵文庫,0392,,https://iiif.dl.itc.u-tokyo.ac.jp/repo/iiif/f1025fe4-17c7-3da4-8993-e57cf4319a32/manifest,,,,,137
朱子語類 140巻序目1巻 [2],A00:4596,シュシ ゴルイ,朱 熹,20,[出版者不明],[明季],図書,中国語,"序目, 後序の書名: 朱子語類大全|姓氏の書名: 朱子語録|後序版心の書名: 語類|小口書: 朱語類|序目末に「咸淳庚午正月辛亥靖徳再書」とあり|後序末に「此編江西憲副三山陳公文耀翻刻以幸學者 ... 成化癸巳十月甲子賜進士出身翰林院編脩南昌張元禎序」, 「是編者乃導江黎靖徳合三録二類而名爲大全 ... 成化辛卯來佐憲江右偶於豫章胡頥菴家訪得印本缺卷二十餘無可補者越二年巡湖東復得全本於於呉康齋家雖殘缺補以胡家本斯無遺矣... 成化九年癸巳十一月望賜進士江西按察副使三山陳煒謹書」とあり|扉裏に「朱子語類大全三百十六巻廿冊 巻中硃圏及句讀共係于先師林文敏公手澤其掲校訂于上層者硃墨共係于鵞峰先生手録」との識語あり|左右双辺有界14行24字注文双行, 内匡廓: 20.0×14.8cm, 白口三黒魚尾|拠成化9(1473)陳煒覆咸淳6(1270)黎靖徳郡齋刊本重刻|朱点, 朱引あり|朱墨筆書き入れあり|序目冒頭の上欄に「錢牧齋舊藏」との墨書あり|印記: 「牧齋藏書」(銭謙益), 「静修齋」, 「讀耕齋之家藏」(林読耕斎), 「青桺館文庫」(青柳文蔵), 「敬甫」, 「島田重禮」, 「島田氏雙桂樓収臧」(島田篁村), 「南葵文庫」|虫損あり (裏打ち補修あり)",http://tify.sub.uni-goettingen.de/demo.html?manifest=https://archdataset.dl.itc.u-tokyo.ac.jp/manifest/7a93987a-12cf-7787-0975-18ff33604159.json,7a93987a-12cf-7787-0975-18ff33604159,https://iiif.dl.itc.u-tokyo.ac.jp/repo/s/nanki/,https://iiif.dl.itc.u-tokyo.ac.jp/repo/s/nanki/document/7a93987a-12cf-7787-0975-18ff33604159,https://www.lib.u-tokyo.ac.jp/ja/library/contents/archives-top/reuse,https://iiif.dl.itc.u-tokyo.ac.jp/repo/files/medium/e7ba38d8da343532f5b62ba00507950bb0527bdc.jpg,https://iiif.dl.itc.u-tokyo.ac.jp/repo/api/items/1001718,"東京大学総合図書館 General Library, The University of Tokyo, JAPAN",http://iiif.io/api/presentation/2#rightToLeftDirection,,総合図書館所蔵南葵文庫,0393,,https://iiif.dl.itc.u-tokyo.ac.jp/repo/iiif/7a93987a-12cf-7787-0975-18ff33604159/manifest,,,,,130
朱子語類 140巻序目1巻 [3],A00:4596,シュシ ゴルイ,朱 熹,20,[出版者不明],[明季],図書,中国語,"序目, 後序の書名: 朱子語類大全|姓氏の書名: 朱子語録|後序版心の書名: 語類|小口書: 朱語類|序目末に「咸淳庚午正月辛亥靖徳再書」とあり|後序末に「此編江西憲副三山陳公文耀翻刻以幸學者 ... 成化癸巳十月甲子賜進士出身翰林院編脩南昌張元禎序」, 「是編者乃導江黎靖徳合三録二類而名爲大全 ... 成化辛卯來佐憲江右偶於豫章胡頥菴家訪得印本缺卷二十餘無可補者越二年巡湖東復得全本於於呉康齋家雖殘缺補以胡家本斯無遺矣... 成化九年癸巳十一月望賜進士江西按察副使三山陳煒謹書」とあり|扉裏に「朱子語類大全三百十六巻廿冊 巻中硃圏及句讀共係于先師林文敏公手澤其掲校訂于上層者硃墨共係于鵞峰先生手録」との識語あり|左右双辺有界14行24字注文双行, 内匡廓: 20.0×14.8cm, 白口三黒魚尾|拠成化9(1473)陳煒覆咸淳6(1270)黎靖徳郡齋刊本重刻|朱点, 朱引あり|朱墨筆書き入れあり|序目冒頭の上欄に「錢牧齋舊藏」との墨書あり|印記: 「牧齋藏書」(銭謙益), 「静修齋」, 「讀耕齋之家藏」(林読耕斎), 「青桺館文庫」(青柳文蔵), 「敬甫」, 「島田重禮」, 「島田氏雙桂樓収臧」(島田篁村), 「南葵文庫」|虫損あり (裏打ち補修あり)",http://tify.sub.uni-goettingen.de/demo.html?manifest=https://archdataset.dl.itc.u-tokyo.ac.jp/manifest/fbc52d5d-730e-31fd-8093-4f02e60298fe.json,fbc52d5d-730e-31fd-8093-4f02e60298fe,https://iiif.dl.itc.u-tokyo.ac.jp/repo/s/nanki/,https://iiif.dl.itc.u-tokyo.ac.jp/repo/s/nanki/document/fbc52d5d-730e-31fd-8093-4f02e60298fe,https://www.lib.u-tokyo.ac.jp/ja/library/contents/archives-top/reuse,https://iiif.dl.itc.u-tokyo.ac.jp/repo/files/medium/1bdb76c5649ce05596980111c208a40be12e31d5.jpg,https://iiif.dl.itc.u-tokyo.ac.jp/repo/api/items/1001717,"東京大学総合図書館 General Library, The University of Tokyo, JAPAN",http://iiif.io/api/presentation/2#rightToLeftDirection,,総合図書館所蔵南葵文庫,0394,,https://iiif.dl.itc.u-tokyo.ac.jp/repo/iiif/fbc52d5d-730e-31fd-8093-4f02e60298fe/manifest,,,,,138
朱子語類 140巻序目1巻 [4],A00:4596,シュシ ゴルイ,朱 熹,20,[出版者不明],[明季],図書,中国語,"序目, 後序の書名: 朱子語類大全|姓氏の書名: 朱子語録|後序版心の書名: 語類|小口書: 朱語類|序目末に「咸淳庚午正月辛亥靖徳再書」とあり|後序末に「此編江西憲副三山陳公文耀翻刻以幸學者 ... 成化癸巳十月甲子賜進士出身翰林院編脩南昌張元禎序」, 「是編者乃導江黎靖徳合三録二類而名爲大全 ... 成化辛卯來佐憲江右偶於豫章胡頥菴家訪得印本缺卷二十餘無可補者越二年巡湖東復得全本於於呉康齋家雖殘缺補以胡家本斯無遺矣... 成化九年癸巳十一月望賜進士江西按察副使三山陳煒謹書」とあり|扉裏に「朱子語類大全三百十六巻廿冊 巻中硃圏及句讀共係于先師林文敏公手澤其掲校訂于上層者硃墨共係于鵞峰先生手録」との識語あり|左右双辺有界14行24字注文双行, 内匡廓: 20.0×14.8cm, 白口三黒魚尾|拠成化9(1473)陳煒覆咸淳6(1270)黎靖徳郡齋刊本重刻|朱点, 朱引あり|朱墨筆書き入れあり|序目冒頭の上欄に「錢牧齋舊藏」との墨書あり|印記: 「牧齋藏書」(銭謙益), 「静修齋」, 「讀耕齋之家藏」(林読耕斎), 「青桺館文庫」(青柳文蔵), 「敬甫」, 「島田重禮」, 「島田氏雙桂樓収臧」(島田篁村), 「南葵文庫」|虫損あり (裏打ち補修あり)",http://tify.sub.uni-goettingen.de/demo.html?manifest=https://archdataset.dl.itc.u-tokyo.ac.jp/manifest/8bef1f40-6f5e-51f8-6a47-3068445415ae.json,8bef1f40-6f5e-51f8-6a47-3068445415ae,https://iiif.dl.itc.u-tokyo.ac.jp/repo/s/nanki/,https://iiif.dl.itc.u-tokyo.ac.jp/repo/s/nanki/document/8bef1f40-6f5e-51f8-6a47-3068445415ae,https://www.lib.u-tokyo.ac.jp/ja/library/contents/archives-top/reuse,https://iiif.dl.itc.u-tokyo.ac.jp/repo/files/medium/84180e0522488bf3c85798cbe848fadbf4319b5b.jpg,https://iiif.dl.itc.u-tokyo.ac.jp/repo/api/items/1001716,"東京大学総合図書館 General Library, The University of Tokyo, JAPAN",http://iiif.io/api/presentation/2#rightToLeftDirection,,総合図書館所蔵南葵文庫,0395,,https://iiif.dl.itc.u-tokyo.ac.jp/repo/iiif/8bef1f40-6f5e-51f8-6a47-3068445415ae/manifest,,,,,134
朱子語類 140巻序目1巻 [5],A00:4596,シュシ ゴルイ,朱 熹,20,[出版者不明],[明季],図書,中国語,"序目, 後序の書名: 朱子語類大全|姓氏の書名: 朱子語録|後序版心の書名: 語類|小口書: 朱語類|序目末に「咸淳庚午正月辛亥靖徳再書」とあり|後序末に「此編江西憲副三山陳公文耀翻刻以幸學者 ... 成化癸巳十月甲子賜進士出身翰林院編脩南昌張元禎序」, 「是編者乃導江黎靖徳合三録二類而名爲大全 ... 成化辛卯來佐憲江右偶於豫章胡頥菴家訪得印本缺卷二十餘無可補者越二年巡湖東復得全本於於呉康齋家雖殘缺補以胡家本斯無遺矣... 成化九年癸巳十一月望賜進士江西按察副使三山陳煒謹書」とあり|扉裏に「朱子語類大全三百十六巻廿冊 巻中硃圏及句讀共係于先師林文敏公手澤其掲校訂于上層者硃墨共係于鵞峰先生手録」との識語あり|左右双辺有界14行24字注文双行, 内匡廓: 20.0×14.8cm, 白口三黒魚尾|拠成化9(1473)陳煒覆咸淳6(1270)黎靖徳郡齋刊本重刻|朱点, 朱引あり|朱墨筆書き入れあり|序目冒頭の上欄に「錢牧齋舊藏」との墨書あり|印記: 「牧齋藏書」(銭謙益), 「静修齋」, 「讀耕齋之家藏」(林読耕斎), 「青桺館文庫」(青柳文蔵), 「敬甫」, 「島田重禮」, 「島田氏雙桂樓収臧」(島田篁村), 「南葵文庫」|虫損あり (裏打ち補修あり)",http://tify.sub.uni-goettingen.de/demo.html?manifest=https://archdataset.dl.itc.u-tokyo.ac.jp/manifest/4d6b0171-1a74-9080-95d6-5c3aa088798a.json,4d6b0171-1a74-9080-95d6-5c3aa088798a,https://iiif.dl.itc.u-tokyo.ac.jp/repo/s/nanki/,https://iiif.dl.itc.u-tokyo.ac.jp/repo/s/nanki/document/4d6b0171-1a74-9080-95d6-5c3aa088798a,https://www.lib.u-tokyo.ac.jp/ja/library/contents/archives-top/reuse,https://iiif.dl.itc.u-tokyo.ac.jp/repo/files/medium/16f2d54407d0658d4ed870786ae52b9ad9d7e282.jpg,https://iiif.dl.itc.u-tokyo.ac.jp/repo/api/items/1001715,"東京大学総合図書館 General Library, The University of Tokyo, JAPAN",http://iiif.io/api/presentation/2#rightToLeftDirection,,総合図書館所蔵南葵文庫,0396,,https://iiif.dl.itc.u-tokyo.ac.jp/repo/iiif/4d6b0171-1a74-9080-95d6-5c3aa088798a/manifest,,,,,142
朱子語類 140巻序目1巻 [6],A00:4596,シュシ ゴルイ,朱 熹,20,[出版者不明],[明季],図書,中国語,"序目, 後序の書名: 朱子語類大全|姓氏の書名: 朱子語録|後序版心の書名: 語類|小口書: 朱語類|序目末に「咸淳庚午正月辛亥靖徳再書」とあり|後序末に「此編江西憲副三山陳公文耀翻刻以幸學者 ... 成化癸巳十月甲子賜進士出身翰林院編脩南昌張元禎序」, 「是編者乃導江黎靖徳合三録二類而名爲大全 ... 成化辛卯來佐憲江右偶於豫章胡頥菴家訪得印本缺卷二十餘無可補者越二年巡湖東復得全本於於呉康齋家雖殘缺補以胡家本斯無遺矣... 成化九年癸巳十一月望賜進士江西按察副使三山陳煒謹書」とあり|扉裏に「朱子語類大全三百十六巻廿冊 巻中硃圏及句讀共係于先師林文敏公手澤其掲校訂于上層者硃墨共係于鵞峰先生手録」との識語あり|左右双辺有界14行24字注文双行, 内匡廓: 20.0×14.8cm, 白口三黒魚尾|拠成化9(1473)陳煒覆咸淳6(1270)黎靖徳郡齋刊本重刻|朱点, 朱引あり|朱墨筆書き入れあり|序目冒頭の上欄に「錢牧齋舊藏」との墨書あり|印記: 「牧齋藏書」(銭謙益), 「静修齋」, 「讀耕齋之家藏」(林読耕斎), 「青桺館文庫」(青柳文蔵), 「敬甫」, 「島田重禮」, 「島田氏雙桂樓収臧」(島田篁村), 「南葵文庫」|虫損あり (裏打ち補修あり)",http://tify.sub.uni-goettingen.de/demo.html?manifest=https://archdataset.dl.itc.u-tokyo.ac.jp/manifest/4cb9d4f5-0c99-877f-8820-642881f91565.json,4cb9d4f5-0c99-877f-8820-642881f91565,https://iiif.dl.itc.u-tokyo.ac.jp/repo/s/nanki/,https://iiif.dl.itc.u-tokyo.ac.jp/repo/s/nanki/document/4cb9d4f5-0c99-877f-8820-642881f91565,https://www.lib.u-tokyo.ac.jp/ja/library/contents/archives-top/reuse,https://iiif.dl.itc.u-tokyo.ac.jp/repo/files/medium/43e547c00b4937eaf9f9d4406d93d76676613572.jpg,https://iiif.dl.itc.u-tokyo.ac.jp/repo/api/items/1001714,"東京大学総合図書館 General Library, The University of Tokyo, JAPAN",http://iiif.io/api/presentation/2#rightToLeftDirection,,総合図書館所蔵南葵文庫,0397,,https://iiif.dl.itc.u-tokyo.ac.jp/repo/iiif/4cb9d4f5-0c99-877f-8820-642881f91565/manifest,,,,,137
朱子語類 140巻序目1巻 [7],A00:4596,シュシ ゴルイ,朱 熹,20,[出版者不明],[明季],図書,中国語,"序目, 後序の書名: 朱子語類大全|姓氏の書名: 朱子語録|後序版心の書名: 語類|小口書: 朱語類|序目末に「咸淳庚午正月辛亥靖徳再書」とあり|後序末に「此編江西憲副三山陳公文耀翻刻以幸學者 ... 成化癸巳十月甲子賜進士出身翰林院編脩南昌張元禎序」, 「是編者乃導江黎靖徳合三録二類而名爲大全 ... 成化辛卯來佐憲江右偶於豫章胡頥菴家訪得印本缺卷二十餘無可補者越二年巡湖東復得全本於於呉康齋家雖殘缺補以胡家本斯無遺矣... 成化九年癸巳十一月望賜進士江西按察副使三山陳煒謹書」とあり|扉裏に「朱子語類大全三百十六巻廿冊 巻中硃圏及句讀共係于先師林文敏公手澤其掲校訂于上層者硃墨共係于鵞峰先生手録」との識語あり|左右双辺有界14行24字注文双行, 内匡廓: 20.0×14.8cm, 白口三黒魚尾|拠成化9(1473)陳煒覆咸淳6(1270)黎靖徳郡齋刊本重刻|朱点, 朱引あり|朱墨筆書き入れあり|序目冒頭の上欄に「錢牧齋舊藏」との墨書あり|印記: 「牧齋藏書」(銭謙益), 「静修齋」, 「讀耕齋之家藏」(林読耕斎), 「青桺館文庫」(青柳文蔵), 「敬甫」, 「島田重禮」, 「島田氏雙桂樓収臧」(島田篁村), 「南葵文庫」|虫損あり (裏打ち補修あり)",http://tify.sub.uni-goettingen.de/demo.html?manifest=https://archdataset.dl.itc.u-tokyo.ac.jp/manifest/827f6622-8e30-4bb2-0892-7dc7ba8385e8.json,827f6622-8e30-4bb2-0892-7dc7ba8385e8,https://iiif.dl.itc.u-tokyo.ac.jp/repo/s/nanki/,https://iiif.dl.itc.u-tokyo.ac.jp/repo/s/nanki/document/827f6622-8e30-4bb2-0892-7dc7ba8385e8,https://www.lib.u-tokyo.ac.jp/ja/library/contents/archives-top/reuse,https://iiif.dl.itc.u-tokyo.ac.jp/repo/files/medium/941fafdac8159015038389e370a671c057d932d3.jpg,https://iiif.dl.itc.u-tokyo.ac.jp/repo/api/items/1001713,"東京大学総合図書館 General Library, The University of Tokyo, JAPAN",http://iiif.io/api/presentation/2#rightToLeftDirection,,総合図書館所蔵南葵文庫,0398,,https://iiif.dl.itc.u-tokyo.ac.jp/repo/iiif/827f6622-8e30-4bb2-0892-7dc7ba8385e8/manifest,,,,,132
朱子語類 140巻序目1巻 [8],A00:4596,シュシ ゴルイ,朱 熹,20,[出版者不明],[明季],図書,中国語,"序目, 後序の書名: 朱子語類大全|姓氏の書名: 朱子語録|後序版心の書名: 語類|小口書: 朱語類|序目末に「咸淳庚午正月辛亥靖徳再書」とあり|後序末に「此編江西憲副三山陳公文耀翻刻以幸學者 ... 成化癸巳十月甲子賜進士出身翰林院編脩南昌張元禎序」, 「是編者乃導江黎靖徳合三録二類而名爲大全 ... 成化辛卯來佐憲江右偶於豫章胡頥菴家訪得印本缺卷二十餘無可補者越二年巡湖東復得全本於於呉康齋家雖殘缺補以胡家本斯無遺矣... 成化九年癸巳十一月望賜進士江西按察副使三山陳煒謹書」とあり|扉裏に「朱子語類大全三百十六巻廿冊 巻中硃圏及句讀共係于先師林文敏公手澤其掲校訂于上層者硃墨共係于鵞峰先生手録」との識語あり|左右双辺有界14行24字注文双行, 内匡廓: 20.0×14.8cm, 白口三黒魚尾|拠成化9(1473)陳煒覆咸淳6(1270)黎靖徳郡齋刊本重刻|朱点, 朱引あり|朱墨筆書き入れあり|序目冒頭の上欄に「錢牧齋舊藏」との墨書あり|印記: 「牧齋藏書」(銭謙益), 「静修齋」, 「讀耕齋之家藏」(林読耕斎), 「青桺館文庫」(青柳文蔵), 「敬甫」, 「島田重禮」, 「島田氏雙桂樓収臧」(島田篁村), 「南葵文庫」|虫損あり (裏打ち補修あり)",http://tify.sub.uni-goettingen.de/demo.html?manifest=https://archdataset.dl.itc.u-tokyo.ac.jp/manifest/8ec83048-10ef-09d6-53e6-1becf1c32588.json,8ec83048-10ef-09d6-53e6-1becf1c32588,https://iiif.dl.itc.u-tokyo.ac.jp/repo/s/nanki/,https://iiif.dl.itc.u-tokyo.ac.jp/repo/s/nanki/document/8ec83048-10ef-09d6-53e6-1becf1c32588,https://www.lib.u-tokyo.ac.jp/ja/library/contents/archives-top/reuse,https://iiif.dl.itc.u-tokyo.ac.jp/repo/files/medium/40ad8a4989859de713eca99738eba61599f03da9.jpg,https://iiif.dl.itc.u-tokyo.ac.jp/repo/api/items/1001712,"東京大学総合図書館 General Library, The University of Tokyo, JAPAN",http://iiif.io/api/presentation/2#rightToLeftDirection,,総合図書館所蔵南葵文庫,0399,,https://iiif.dl.itc.u-tokyo.ac.jp/repo/iiif/8ec83048-10ef-09d6-53e6-1becf1c32588/manifest,,,,,150
朱子語類 140巻序目1巻 [9],A00:4596,シュシ ゴルイ,朱 熹,20,[出版者不明],[明季],図書,中国語,"序目, 後序の書名: 朱子語類大全|姓氏の書名: 朱子語録|後序版心の書名: 語類|小口書: 朱語類|序目末に「咸淳庚午正月辛亥靖徳再書」とあり|後序末に「此編江西憲副三山陳公文耀翻刻以幸學者 ... 成化癸巳十月甲子賜進士出身翰林院編脩南昌張元禎序」, 「是編者乃導江黎靖徳合三録二類而名爲大全 ... 成化辛卯來佐憲江右偶於豫章胡頥菴家訪得印本缺卷二十餘無可補者越二年巡湖東復得全本於於呉康齋家雖殘缺補以胡家本斯無遺矣... 成化九年癸巳十一月望賜進士江西按察副使三山陳煒謹書」とあり|扉裏に「朱子語類大全三百十六巻廿冊 巻中硃圏及句讀共係于先師林文敏公手澤其掲校訂于上層者硃墨共係于鵞峰先生手録」との識語あり|左右双辺有界14行24字注文双行, 内匡廓: 20.0×14.8cm, 白口三黒魚尾|拠成化9(1473)陳煒覆咸淳6(1270)黎靖徳郡齋刊本重刻|朱点, 朱引あり|朱墨筆書き入れあり|序目冒頭の上欄に「錢牧齋舊藏」との墨書あり|印記: 「牧齋藏書」(銭謙益), 「静修齋」, 「讀耕齋之家藏」(林読耕斎), 「青桺館文庫」(青柳文蔵), 「敬甫」, 「島田重禮」, 「島田氏雙桂樓収臧」(島田篁村), 「南葵文庫」|虫損あり (裏打ち補修あり)",http://tify.sub.uni-goettingen.de/demo.html?manifest=https://archdataset.dl.itc.u-tokyo.ac.jp/manifest/1074e05e-9727-0dda-4dcd-dba072882b30.json,1074e05e-9727-0dda-4dcd-dba072882b30,https://iiif.dl.itc.u-tokyo.ac.jp/repo/s/nanki/,https://iiif.dl.itc.u-tokyo.ac.jp/repo/s/nanki/document/1074e05e-9727-0dda-4dcd-dba072882b30,https://www.lib.u-tokyo.ac.jp/ja/library/contents/archives-top/reuse,https://iiif.dl.itc.u-tokyo.ac.jp/repo/files/medium/057459d4affd94538e07f537306a7d78208f88ce.jpg,https://iiif.dl.itc.u-tokyo.ac.jp/repo/api/items/1001711,"東京大学総合図書館 General Library, The University of Tokyo, JAPAN",http://iiif.io/api/presentation/2#rightToLeftDirection,,総合図書館所蔵南葵文庫,0400,,https://iiif.dl.itc.u-tokyo.ac.jp/repo/iiif/1074e05e-9727-0dda-4dcd-dba072882b30/manifest,,,,,178
朱子語類 140巻序目1巻 [10],A00:4596,シュシ ゴルイ,朱 熹,20,[出版者不明],[明季],図書,中国語,"序目, 後序の書名: 朱子語類大全|姓氏の書名: 朱子語録|後序版心の書名: 語類|小口書: 朱語類|序目末に「咸淳庚午正月辛亥靖徳再書」とあり|後序末に「此編江西憲副三山陳公文耀翻刻以幸學者 ... 成化癸巳十月甲子賜進士出身翰林院編脩南昌張元禎序」, 「是編者乃導江黎靖徳合三録二類而名爲大全 ... 成化辛卯來佐憲江右偶於豫章胡頥菴家訪得印本缺卷二十餘無可補者越二年巡湖東復得全本於於呉康齋家雖殘缺補以胡家本斯無遺矣... 成化九年癸巳十一月望賜進士江西按察副使三山陳煒謹書」とあり|扉裏に「朱子語類大全三百十六巻廿冊 巻中硃圏及句讀共係于先師林文敏公手澤其掲校訂于上層者硃墨共係于鵞峰先生手録」との識語あり|左右双辺有界14行24字注文双行, 内匡廓: 20.0×14.8cm, 白口三黒魚尾|拠成化9(1473)陳煒覆咸淳6(1270)黎靖徳郡齋刊本重刻|朱点, 朱引あり|朱墨筆書き入れあり|序目冒頭の上欄に「錢牧齋舊藏」との墨書あり|印記: 「牧齋藏書」(銭謙益), 「静修齋」, 「讀耕齋之家藏」(林読耕斎), 「青桺館文庫」(青柳文蔵), 「敬甫」, 「島田重禮」, 「島田氏雙桂樓収臧」(島田篁村), 「南葵文庫」|虫損あり (裏打ち補修あり)",http://tify.sub.uni-goettingen.de/demo.html?manifest=https://archdataset.dl.itc.u-tokyo.ac.jp/manifest/10ae564f-9057-8ed9-0d9b-4b5c4a43a508.json,10ae564f-9057-8ed9-0d9b-4b5c4a43a508,https://iiif.dl.itc.u-tokyo.ac.jp/repo/s/nanki/,https://iiif.dl.itc.u-tokyo.ac.jp/repo/s/nanki/document/10ae564f-9057-8ed9-0d9b-4b5c4a43a508,https://www.lib.u-tokyo.ac.jp/ja/library/contents/archives-top/reuse,https://iiif.dl.itc.u-tokyo.ac.jp/repo/files/medium/9c0cafcf0fb36f22bb18fdfd1fcb43c99e97bf52.jpg,https://iiif.dl.itc.u-tokyo.ac.jp/repo/api/items/1001710,"東京大学総合図書館 General Library, The University of Tokyo, JAPAN",http://iiif.io/api/presentation/2#rightToLeftDirection,,総合図書館所蔵南葵文庫,0401,,https://iiif.dl.itc.u-tokyo.ac.jp/repo/iiif/10ae564f-9057-8ed9-0d9b-4b5c4a43a508/manifest,,,,,105
朱子語類 140巻序目1巻 [11],A00:4596,シュシ ゴルイ,朱 熹,20,[出版者不明],[明季],図書,中国語,"序目, 後序の書名: 朱子語類大全|姓氏の書名: 朱子語録|後序版心の書名: 語類|小口書: 朱語類|序目末に「咸淳庚午正月辛亥靖徳再書」とあり|後序末に「此編江西憲副三山陳公文耀翻刻以幸學者 ... 成化癸巳十月甲子賜進士出身翰林院編脩南昌張元禎序」, 「是編者乃導江黎靖徳合三録二類而名爲大全 ... 成化辛卯來佐憲江右偶於豫章胡頥菴家訪得印本缺卷二十餘無可補者越二年巡湖東復得全本於於呉康齋家雖殘缺補以胡家本斯無遺矣... 成化九年癸巳十一月望賜進士江西按察副使三山陳煒謹書」とあり|扉裏に「朱子語類大全三百十六巻廿冊 巻中硃圏及句讀共係于先師林文敏公手澤其掲校訂于上層者硃墨共係于鵞峰先生手録」との識語あり|左右双辺有界14行24字注文双行, 内匡廓: 20.0×14.8cm, 白口三黒魚尾|拠成化9(1473)陳煒覆咸淳6(1270)黎靖徳郡齋刊本重刻|朱点, 朱引あり|朱墨筆書き入れあり|序目冒頭の上欄に「錢牧齋舊藏」との墨書あり|印記: 「牧齋藏書」(銭謙益), 「静修齋」, 「讀耕齋之家藏」(林読耕斎), 「青桺館文庫」(青柳文蔵), 「敬甫」, 「島田重禮」, 「島田氏雙桂樓収臧」(島田篁村), 「南葵文庫」|虫損あり (裏打ち補修あり)",http://tify.sub.uni-goettingen.de/demo.html?manifest=https://archdataset.dl.itc.u-tokyo.ac.jp/manifest/fe2050f3-70ab-9eb9-5bde-4782fbc04cc2.json,fe2050f3-70ab-9eb9-5bde-4782fbc04cc2,https://iiif.dl.itc.u-tokyo.ac.jp/repo/s/nanki/,https://iiif.dl.itc.u-tokyo.ac.jp/repo/s/nanki/document/fe2050f3-70ab-9eb9-5bde-4782fbc04cc2,https://www.lib.u-tokyo.ac.jp/ja/library/contents/archives-top/reuse,https://iiif.dl.itc.u-tokyo.ac.jp/repo/files/medium/1acccf5cc3833dfd3f1036f082ba6aa214784f0c.jpg,https://iiif.dl.itc.u-tokyo.ac.jp/repo/api/items/1001709,"東京大学総合図書館 General Library, The University of Tokyo, JAPAN",http://iiif.io/api/presentation/2#rightToLeftDirection,,総合図書館所蔵南葵文庫,0402,,https://iiif.dl.itc.u-tokyo.ac.jp/repo/iiif/fe2050f3-70ab-9eb9-5bde-4782fbc04cc2/manifest,,,,,137
朱子語類 140巻序目1巻 [12],A00:4596,シュシ ゴルイ,朱 熹,20,[出版者不明],[明季],図書,中国語,"序目, 後序の書名: 朱子語類大全|姓氏の書名: 朱子語録|後序版心の書名: 語類|小口書: 朱語類|序目末に「咸淳庚午正月辛亥靖徳再書」とあり|後序末に「此編江西憲副三山陳公文耀翻刻以幸學者 ... 成化癸巳十月甲子賜進士出身翰林院編脩南昌張元禎序」, 「是編者乃導江黎靖徳合三録二類而名爲大全 ... 成化辛卯來佐憲江右偶於豫章胡頥菴家訪得印本缺卷二十餘無可補者越二年巡湖東復得全本於於呉康齋家雖殘缺補以胡家本斯無遺矣... 成化九年癸巳十一月望賜進士江西按察副使三山陳煒謹書」とあり|扉裏に「朱子語類大全三百十六巻廿冊 巻中硃圏及句讀共係于先師林文敏公手澤其掲校訂于上層者硃墨共係于鵞峰先生手録」との識語あり|左右双辺有界14行24字注文双行, 内匡廓: 20.0×14.8cm, 白口三黒魚尾|拠成化9(1473)陳煒覆咸淳6(1270)黎靖徳郡齋刊本重刻|朱点, 朱引あり|朱墨筆書き入れあり|序目冒頭の上欄に「錢牧齋舊藏」との墨書あり|印記: 「牧齋藏書」(銭謙益), 「静修齋」, 「讀耕齋之家藏」(林読耕斎), 「青桺館文庫」(青柳文蔵), 「敬甫」, 「島田重禮」, 「島田氏雙桂樓収臧」(島田篁村), 「南葵文庫」|虫損あり (裏打ち補修あり)",http://tify.sub.uni-goettingen.de/demo.html?manifest=https://archdataset.dl.itc.u-tokyo.ac.jp/manifest/59d2a7e6-1472-340b-0e6d-280358ee5965.json,59d2a7e6-1472-340b-0e6d-280358ee5965,https://iiif.dl.itc.u-tokyo.ac.jp/repo/s/nanki/,https://iiif.dl.itc.u-tokyo.ac.jp/repo/s/nanki/document/59d2a7e6-1472-340b-0e6d-280358ee5965,https://www.lib.u-tokyo.ac.jp/ja/library/contents/archives-top/reuse,https://iiif.dl.itc.u-tokyo.ac.jp/repo/files/medium/58bbbee3994992237cd9e7fc1fd447d105d51869.jpg,https://iiif.dl.itc.u-tokyo.ac.jp/repo/api/items/1001708,"東京大学総合図書館 General Library, The University of Tokyo, JAPAN",http://iiif.io/api/presentation/2#rightToLeftDirection,,総合図書館所蔵南葵文庫,0403,,https://iiif.dl.itc.u-tokyo.ac.jp/repo/iiif/59d2a7e6-1472-340b-0e6d-280358ee5965/manifest,,,,,132
朱子語類 140巻序目1巻 [13],A00:4596,シュシ ゴルイ,朱 熹,20,[出版者不明],[明季],図書,中国語,"序目, 後序の書名: 朱子語類大全|姓氏の書名: 朱子語録|後序版心の書名: 語類|小口書: 朱語類|序目末に「咸淳庚午正月辛亥靖徳再書」とあり|後序末に「此編江西憲副三山陳公文耀翻刻以幸學者 ... 成化癸巳十月甲子賜進士出身翰林院編脩南昌張元禎序」, 「是編者乃導江黎靖徳合三録二類而名爲大全 ... 成化辛卯來佐憲江右偶於豫章胡頥菴家訪得印本缺卷二十餘無可補者越二年巡湖東復得全本於於呉康齋家雖殘缺補以胡家本斯無遺矣... 成化九年癸巳十一月望賜進士江西按察副使三山陳煒謹書」とあり|扉裏に「朱子語類大全三百十六巻廿冊 巻中硃圏及句讀共係于先師林文敏公手澤其掲校訂于上層者硃墨共係于鵞峰先生手録」との識語あり|左右双辺有界14行24字注文双行, 内匡廓: 20.0×14.8cm, 白口三黒魚尾|拠成化9(1473)陳煒覆咸淳6(1270)黎靖徳郡齋刊本重刻|朱点, 朱引あり|朱墨筆書き入れあり|序目冒頭の上欄に「錢牧齋舊藏」との墨書あり|印記: 「牧齋藏書」(銭謙益), 「静修齋」, 「讀耕齋之家藏」(林読耕斎), 「青桺館文庫」(青柳文蔵), 「敬甫」, 「島田重禮」, 「島田氏雙桂樓収臧」(島田篁村), 「南葵文庫」|虫損あり (裏打ち補修あり)",http://tify.sub.uni-goettingen.de/demo.html?manifest=https://archdataset.dl.itc.u-tokyo.ac.jp/manifest/c2ed815d-2dc9-18b5-106a-500dbabc8694.json,c2ed815d-2dc9-18b5-106a-500dbabc8694,https://iiif.dl.itc.u-tokyo.ac.jp/repo/s/nanki/,https://iiif.dl.itc.u-tokyo.ac.jp/repo/s/nanki/document/c2ed815d-2dc9-18b5-106a-500dbabc8694,https://www.lib.u-tokyo.ac.jp/ja/library/contents/archives-top/reuse,https://iiif.dl.itc.u-tokyo.ac.jp/repo/files/medium/d36c28d48f3f305d5b3cd285fc7fa657f9b14f2e.jpg,https://iiif.dl.itc.u-tokyo.ac.jp/repo/api/items/1001707,"東京大学総合図書館 General Library, The University of Tokyo, JAPAN",http://iiif.io/api/presentation/2#rightToLeftDirection,,総合図書館所蔵南葵文庫,0404,,https://iiif.dl.itc.u-tokyo.ac.jp/repo/iiif/c2ed815d-2dc9-18b5-106a-500dbabc8694/manifest,,,,,131
朱子語類 140巻序目1巻 [14],A00:4596,シュシ ゴルイ,朱 熹,20,[出版者不明],[明季],図書,中国語,"序目, 後序の書名: 朱子語類大全|姓氏の書名: 朱子語録|後序版心の書名: 語類|小口書: 朱語類|序目末に「咸淳庚午正月辛亥靖徳再書」とあり|後序末に「此編江西憲副三山陳公文耀翻刻以幸學者 ... 成化癸巳十月甲子賜進士出身翰林院編脩南昌張元禎序」, 「是編者乃導江黎靖徳合三録二類而名爲大全 ... 成化辛卯來佐憲江右偶於豫章胡頥菴家訪得印本缺卷二十餘無可補者越二年巡湖東復得全本於於呉康齋家雖殘缺補以胡家本斯無遺矣... 成化九年癸巳十一月望賜進士江西按察副使三山陳煒謹書」とあり|扉裏に「朱子語類大全三百十六巻廿冊 巻中硃圏及句讀共係于先師林文敏公手澤其掲校訂于上層者硃墨共係于鵞峰先生手録」との識語あり|左右双辺有界14行24字注文双行, 内匡廓: 20.0×14.8cm, 白口三黒魚尾|拠成化9(1473)陳煒覆咸淳6(1270)黎靖徳郡齋刊本重刻|朱点, 朱引あり|朱墨筆書き入れあり|序目冒頭の上欄に「錢牧齋舊藏」との墨書あり|印記: 「牧齋藏書」(銭謙益), 「静修齋」, 「讀耕齋之家藏」(林読耕斎), 「青桺館文庫」(青柳文蔵), 「敬甫」, 「島田重禮」, 「島田氏雙桂樓収臧」(島田篁村), 「南葵文庫」|虫損あり (裏打ち補修あり)",http://tify.sub.uni-goettingen.de/demo.html?manifest=https://archdataset.dl.itc.u-tokyo.ac.jp/manifest/a315eb30-9124-2078-2664-7aae591a2d09.json,a315eb30-9124-2078-2664-7aae591a2d09,https://iiif.dl.itc.u-tokyo.ac.jp/repo/s/nanki/,https://iiif.dl.itc.u-tokyo.ac.jp/repo/s/nanki/document/a315eb30-9124-2078-2664-7aae591a2d09,https://www.lib.u-tokyo.ac.jp/ja/library/contents/archives-top/reuse,https://iiif.dl.itc.u-tokyo.ac.jp/repo/files/medium/87f14b5d886640260189baf31795db034fa5f8e4.jpg,https://iiif.dl.itc.u-tokyo.ac.jp/repo/api/items/1001706,"東京大学総合図書館 General Library, The University of Tokyo, JAPAN",http://iiif.io/api/presentation/2#rightToLeftDirection,,総合図書館所蔵南葵文庫,0405,,https://iiif.dl.itc.u-tokyo.ac.jp/repo/iiif/a315eb30-9124-2078-2664-7aae591a2d09/manifest,,,,,149
朱子語類 140巻序目1巻 [15],A00:4596,シュシ ゴルイ,朱 熹,20,[出版者不明],[明季],図書,中国語,"序目, 後序の書名: 朱子語類大全|姓氏の書名: 朱子語録|後序版心の書名: 語類|小口書: 朱語類|序目末に「咸淳庚午正月辛亥靖徳再書」とあり|後序末に「此編江西憲副三山陳公文耀翻刻以幸學者 ... 成化癸巳十月甲子賜進士出身翰林院編脩南昌張元禎序」, 「是編者乃導江黎靖徳合三録二類而名爲大全 ... 成化辛卯來佐憲江右偶於豫章胡頥菴家訪得印本缺卷二十餘無可補者越二年巡湖東復得全本於於呉康齋家雖殘缺補以胡家本斯無遺矣... 成化九年癸巳十一月望賜進士江西按察副使三山陳煒謹書」とあり|扉裏に「朱子語類大全三百十六巻廿冊 巻中硃圏及句讀共係于先師林文敏公手澤其掲校訂于上層者硃墨共係于鵞峰先生手録」との識語あり|左右双辺有界14行24字注文双行, 内匡廓: 20.0×14.8cm, 白口三黒魚尾|拠成化9(1473)陳煒覆咸淳6(1270)黎靖徳郡齋刊本重刻|朱点, 朱引あり|朱墨筆書き入れあり|序目冒頭の上欄に「錢牧齋舊藏」との墨書あり|印記: 「牧齋藏書」(銭謙益), 「静修齋」, 「讀耕齋之家藏」(林読耕斎), 「青桺館文庫」(青柳文蔵), 「敬甫」, 「島田重禮」, 「島田氏雙桂樓収臧」(島田篁村), 「南葵文庫」|虫損あり (裏打ち補修あり)",http://tify.sub.uni-goettingen.de/demo.html?manifest=https://archdataset.dl.itc.u-tokyo.ac.jp/manifest/82ec6118-9aed-2cea-2d2c-da718e5b1a71.json,82ec6118-9aed-2cea-2d2c-da718e5b1a71,https://iiif.dl.itc.u-tokyo.ac.jp/repo/s/nanki/,https://iiif.dl.itc.u-tokyo.ac.jp/repo/s/nanki/document/82ec6118-9aed-2cea-2d2c-da718e5b1a71,https://www.lib.u-tokyo.ac.jp/ja/library/contents/archives-top/reuse,https://iiif.dl.itc.u-tokyo.ac.jp/repo/files/medium/98901bb218bffbfe99649b5b770c364640c0cad0.jpg,https://iiif.dl.itc.u-tokyo.ac.jp/repo/api/items/1001705,"東京大学総合図書館 General Library, The University of Tokyo, JAPAN",http://iiif.io/api/presentation/2#rightToLeftDirection,,総合図書館所蔵南葵文庫,0406,,https://iiif.dl.itc.u-tokyo.ac.jp/repo/iiif/82ec6118-9aed-2cea-2d2c-da718e5b1a71/manifest,,,,,150
朱子語類 140巻序目1巻 [16],A00:4596,シュシ ゴルイ,朱 熹,20,[出版者不明],[明季],図書,中国語,"序目, 後序の書名: 朱子語類大全|姓氏の書名: 朱子語録|後序版心の書名: 語類|小口書: 朱語類|序目末に「咸淳庚午正月辛亥靖徳再書」とあり|後序末に「此編江西憲副三山陳公文耀翻刻以幸學者 ... 成化癸巳十月甲子賜進士出身翰林院編脩南昌張元禎序」, 「是編者乃導江黎靖徳合三録二類而名爲大全 ... 成化辛卯來佐憲江右偶於豫章胡頥菴家訪得印本缺卷二十餘無可補者越二年巡湖東復得全本於於呉康齋家雖殘缺補以胡家本斯無遺矣... 成化九年癸巳十一月望賜進士江西按察副使三山陳煒謹書」とあり|扉裏に「朱子語類大全三百十六巻廿冊 巻中硃圏及句讀共係于先師林文敏公手澤其掲校訂于上層者硃墨共係于鵞峰先生手録」との識語あり|左右双辺有界14行24字注文双行, 内匡廓: 20.0×14.8cm, 白口三黒魚尾|拠成化9(1473)陳煒覆咸淳6(1270)黎靖徳郡齋刊本重刻|朱点, 朱引あり|朱墨筆書き入れあり|序目冒頭の上欄に「錢牧齋舊藏」との墨書あり|印記: 「牧齋藏書」(銭謙益), 「静修齋」, 「讀耕齋之家藏」(林読耕斎), 「青桺館文庫」(青柳文蔵), 「敬甫」, 「島田重禮」, 「島田氏雙桂樓収臧」(島田篁村), 「南葵文庫」|虫損あり (裏打ち補修あり)",http://tify.sub.uni-goettingen.de/demo.html?manifest=https://archdataset.dl.itc.u-tokyo.ac.jp/manifest/9346127f-6909-4e62-956d-22cfc1fe4665.json,9346127f-6909-4e62-956d-22cfc1fe4665,https://iiif.dl.itc.u-tokyo.ac.jp/repo/s/nanki/,https://iiif.dl.itc.u-tokyo.ac.jp/repo/s/nanki/document/9346127f-6909-4e62-956d-22cfc1fe4665,https://www.lib.u-tokyo.ac.jp/ja/library/contents/archives-top/reuse,https://iiif.dl.itc.u-tokyo.ac.jp/repo/files/medium/c0568a852c1083c6c621ab347390520cac1d7e5f.jpg,https://iiif.dl.itc.u-tokyo.ac.jp/repo/api/items/1001704,"東京大学総合図書館 General Library, The University of Tokyo, JAPAN",http://iiif.io/api/presentation/2#rightToLeftDirection,,総合図書館所蔵南葵文庫,0407,,https://iiif.dl.itc.u-tokyo.ac.jp/repo/iiif/9346127f-6909-4e62-956d-22cfc1fe4665/manifest,,,,,145
朱子語類 140巻序目1巻 [17],A00:4596,シュシ ゴルイ,朱 熹,20,[出版者不明],[明季],図書,中国語,"序目, 後序の書名: 朱子語類大全|姓氏の書名: 朱子語録|後序版心の書名: 語類|小口書: 朱語類|序目末に「咸淳庚午正月辛亥靖徳再書」とあり|後序末に「此編江西憲副三山陳公文耀翻刻以幸學者 ... 成化癸巳十月甲子賜進士出身翰林院編脩南昌張元禎序」, 「是編者乃導江黎靖徳合三録二類而名爲大全 ... 成化辛卯來佐憲江右偶於豫章胡頥菴家訪得印本缺卷二十餘無可補者越二年巡湖東復得全本於於呉康齋家雖殘缺補以胡家本斯無遺矣... 成化九年癸巳十一月望賜進士江西按察副使三山陳煒謹書」とあり|扉裏に「朱子語類大全三百十六巻廿冊 巻中硃圏及句讀共係于先師林文敏公手澤其掲校訂于上層者硃墨共係于鵞峰先生手録」との識語あり|左右双辺有界14行24字注文双行, 内匡廓: 20.0×14.8cm, 白口三黒魚尾|拠成化9(1473)陳煒覆咸淳6(1270)黎靖徳郡齋刊本重刻|朱点, 朱引あり|朱墨筆書き入れあり|序目冒頭の上欄に「錢牧齋舊藏」との墨書あり|印記: 「牧齋藏書」(銭謙益), 「静修齋」, 「讀耕齋之家藏」(林読耕斎), 「青桺館文庫」(青柳文蔵), 「敬甫」, 「島田重禮」, 「島田氏雙桂樓収臧」(島田篁村), 「南葵文庫」|虫損あり (裏打ち補修あり)",http://tify.sub.uni-goettingen.de/demo.html?manifest=https://archdataset.dl.itc.u-tokyo.ac.jp/manifest/d3cc8102-68a9-6f16-4467-70f6e0c7a3ce.json,d3cc8102-68a9-6f16-4467-70f6e0c7a3ce,https://iiif.dl.itc.u-tokyo.ac.jp/repo/s/nanki/,https://iiif.dl.itc.u-tokyo.ac.jp/repo/s/nanki/document/d3cc8102-68a9-6f16-4467-70f6e0c7a3ce,https://www.lib.u-tokyo.ac.jp/ja/library/contents/archives-top/reuse,https://iiif.dl.itc.u-tokyo.ac.jp/repo/files/medium/df033fa68bbc8cd33a4d48fe8e25ab3491b3107b.jpg,https://iiif.dl.itc.u-tokyo.ac.jp/repo/api/items/1001703,"東京大学総合図書館 General Library, The University of Tokyo, JAPAN",http://iiif.io/api/presentation/2#rightToLeftDirection,,総合図書館所蔵南葵文庫,0408,,https://iiif.dl.itc.u-tokyo.ac.jp/repo/iiif/d3cc8102-68a9-6f16-4467-70f6e0c7a3ce/manifest,,,,,136
朱子語類 140巻序目1巻 [18],A00:4596,シュシ ゴルイ,朱 熹,20,[出版者不明],[明季],図書,中国語,"序目, 後序の書名: 朱子語類大全|姓氏の書名: 朱子語録|後序版心の書名: 語類|小口書: 朱語類|序目末に「咸淳庚午正月辛亥靖徳再書」とあり|後序末に「此編江西憲副三山陳公文耀翻刻以幸學者 ... 成化癸巳十月甲子賜進士出身翰林院編脩南昌張元禎序」, 「是編者乃導江黎靖徳合三録二類而名爲大全 ... 成化辛卯來佐憲江右偶於豫章胡頥菴家訪得印本缺卷二十餘無可補者越二年巡湖東復得全本於於呉康齋家雖殘缺補以胡家本斯無遺矣... 成化九年癸巳十一月望賜進士江西按察副使三山陳煒謹書」とあり|扉裏に「朱子語類大全三百十六巻廿冊 巻中硃圏及句讀共係于先師林文敏公手澤其掲校訂于上層者硃墨共係于鵞峰先生手録」との識語あり|左右双辺有界14行24字注文双行, 内匡廓: 20.0×14.8cm, 白口三黒魚尾|拠成化9(1473)陳煒覆咸淳6(1270)黎靖徳郡齋刊本重刻|朱点, 朱引あり|朱墨筆書き入れあり|序目冒頭の上欄に「錢牧齋舊藏」との墨書あり|印記: 「牧齋藏書」(銭謙益), 「静修齋」, 「讀耕齋之家藏」(林読耕斎), 「青桺館文庫」(青柳文蔵), 「敬甫」, 「島田重禮」, 「島田氏雙桂樓収臧」(島田篁村), 「南葵文庫」|虫損あり (裏打ち補修あり)",http://tify.sub.uni-goettingen.de/demo.html?manifest=https://archdataset.dl.itc.u-tokyo.ac.jp/manifest/e80736d2-9008-248e-9424-9d9ef9934576.json,e80736d2-9008-248e-9424-9d9ef9934576,https://iiif.dl.itc.u-tokyo.ac.jp/repo/s/nanki/,https://iiif.dl.itc.u-tokyo.ac.jp/repo/s/nanki/document/e80736d2-9008-248e-9424-9d9ef9934576,https://www.lib.u-tokyo.ac.jp/ja/library/contents/archives-top/reuse,https://iiif.dl.itc.u-tokyo.ac.jp/repo/files/medium/078e862a5a7a447ba43b044c62dff79136d0caa7.jpg,https://iiif.dl.itc.u-tokyo.ac.jp/repo/api/items/1001702,"東京大学総合図書館 General Library, The University of Tokyo, JAPAN",http://iiif.io/api/presentation/2#rightToLeftDirection,,総合図書館所蔵南葵文庫,0409,,https://iiif.dl.itc.u-tokyo.ac.jp/repo/iiif/e80736d2-9008-248e-9424-9d9ef9934576/manifest,,,,,151
朱子語類 140巻序目1巻 [19],A00:4596,シュシ ゴルイ,朱 熹,20,[出版者不明],[明季],図書,中国語,"序目, 後序の書名: 朱子語類大全|姓氏の書名: 朱子語録|後序版心の書名: 語類|小口書: 朱語類|序目末に「咸淳庚午正月辛亥靖徳再書」とあり|後序末に「此編江西憲副三山陳公文耀翻刻以幸學者 ... 成化癸巳十月甲子賜進士出身翰林院編脩南昌張元禎序」, 「是編者乃導江黎靖徳合三録二類而名爲大全 ... 成化辛卯來佐憲江右偶於豫章胡頥菴家訪得印本缺卷二十餘無可補者越二年巡湖東復得全本於於呉康齋家雖殘缺補以胡家本斯無遺矣... 成化九年癸巳十一月望賜進士江西按察副使三山陳煒謹書」とあり|扉裏に「朱子語類大全三百十六巻廿冊 巻中硃圏及句讀共係于先師林文敏公手澤其掲校訂于上層者硃墨共係于鵞峰先生手録」との識語あり|左右双辺有界14行24字注文双行, 内匡廓: 20.0×14.8cm, 白口三黒魚尾|拠成化9(1473)陳煒覆咸淳6(1270)黎靖徳郡齋刊本重刻|朱点, 朱引あり|朱墨筆書き入れあり|序目冒頭の上欄に「錢牧齋舊藏」との墨書あり|印記: 「牧齋藏書」(銭謙益), 「静修齋」, 「讀耕齋之家藏」(林読耕斎), 「青桺館文庫」(青柳文蔵), 「敬甫」, 「島田重禮」, 「島田氏雙桂樓収臧」(島田篁村), 「南葵文庫」|虫損あり (裏打ち補修あり)",http://tify.sub.uni-goettingen.de/demo.html?manifest=https://archdataset.dl.itc.u-tokyo.ac.jp/manifest/198c1d7a-9f69-6c03-3d2b-79060e1c8d93.json,198c1d7a-9f69-6c03-3d2b-79060e1c8d93,https://iiif.dl.itc.u-tokyo.ac.jp/repo/s/nanki/,https://iiif.dl.itc.u-tokyo.ac.jp/repo/s/nanki/document/198c1d7a-9f69-6c03-3d2b-79060e1c8d93,https://www.lib.u-tokyo.ac.jp/ja/library/contents/archives-top/reuse,https://iiif.dl.itc.u-tokyo.ac.jp/repo/files/medium/0c0ebf4a74af8caae6a86577121eeb4b403bb6d4.jpg,https://iiif.dl.itc.u-tokyo.ac.jp/repo/api/items/1001701,"東京大学総合図書館 General Library, The University of Tokyo, JAPAN",http://iiif.io/api/presentation/2#rightToLeftDirection,,総合図書館所蔵南葵文庫,0410,,https://iiif.dl.itc.u-tokyo.ac.jp/repo/iiif/198c1d7a-9f69-6c03-3d2b-79060e1c8d93/manifest,,,,,150
朱子語類 140巻序目1巻 [20],A00:4596,シュシ ゴルイ,朱 熹,20,[出版者不明],[明季],図書,中国語,"序目, 後序の書名: 朱子語類大全|姓氏の書名: 朱子語録|後序版心の書名: 語類|小口書: 朱語類|序目末に「咸淳庚午正月辛亥靖徳再書」とあり|後序末に「此編江西憲副三山陳公文耀翻刻以幸學者 ... 成化癸巳十月甲子賜進士出身翰林院編脩南昌張元禎序」, 「是編者乃導江黎靖徳合三録二類而名爲大全 ... 成化辛卯來佐憲江右偶於豫章胡頥菴家訪得印本缺卷二十餘無可補者越二年巡湖東復得全本於於呉康齋家雖殘缺補以胡家本斯無遺矣... 成化九年癸巳十一月望賜進士江西按察副使三山陳煒謹書」とあり|扉裏に「朱子語類大全三百十六巻廿冊 巻中硃圏及句讀共係于先師林文敏公手澤其掲校訂于上層者硃墨共係于鵞峰先生手録」との識語あり|左右双辺有界14行24字注文双行, 内匡廓: 20.0×14.8cm, 白口三黒魚尾|拠成化9(1473)陳煒覆咸淳6(1270)黎靖徳郡齋刊本重刻|朱点, 朱引あり|朱墨筆書き入れあり|序目冒頭の上欄に「錢牧齋舊藏」との墨書あり|印記: 「牧齋藏書」(銭謙益), 「静修齋」, 「讀耕齋之家藏」(林読耕斎), 「青桺館文庫」(青柳文蔵), 「敬甫」, 「島田重禮」, 「島田氏雙桂樓収臧」(島田篁村), 「南葵文庫」|虫損あり (裏打ち補修あり)",http://tify.sub.uni-goettingen.de/demo.html?manifest=https://archdataset.dl.itc.u-tokyo.ac.jp/manifest/0d65f29d-374b-4714-87fb-d7700bb1950a.json,0d65f29d-374b-4714-87fb-d7700bb1950a,https://iiif.dl.itc.u-tokyo.ac.jp/repo/s/nanki/,https://iiif.dl.itc.u-tokyo.ac.jp/repo/s/nanki/document/0d65f29d-374b-4714-87fb-d7700bb1950a,https://www.lib.u-tokyo.ac.jp/ja/library/contents/archives-top/reuse,https://iiif.dl.itc.u-tokyo.ac.jp/repo/files/medium/844c58cfba8fbbcbda9d09a216562d3749546110.jpg,https://iiif.dl.itc.u-tokyo.ac.jp/repo/api/items/1001700,"東京大学総合図書館 General Library, The University of Tokyo, JAPAN",http://iiif.io/api/presentation/2#rightToLeftDirection,,総合図書館所蔵南葵文庫,0411,,https://iiif.dl.itc.u-tokyo.ac.jp/repo/iiif/0d65f29d-374b-4714-87fb-d7700bb1950a/manifest,,,,,138
成形図説底稿 [1],A00:4597,セイケイ ズセツ テイコウ,坂本 浩雪,3,坂本浩雪 [自筆],文政8 [1825]-天保5 [1834],図書,日本語,"写本|書名は1の原題簽による|2の題簽書名: 成形圖説畫稿|2の版心書名: 草木眞寫底稾|2の欄外書名(墨書): 成形圖説稾|後付題簽の書名: 成形圖説底稿|1の版心に「成形圖説卷之三十九」, 「成形圖説卷之三十三」とあり|2の題簽に「湿草類 五拾種」とあり|3の版心下部に「蕈溪藏本」とあり|1: 湿草類, 水草類. 2: 竒品草木伊之部, 湿草類. 3: 蔓草部, 雜草類|欄外に「浩雪寫真」とある料紙を使用|彩色あり|付箋あり|牡丹唐草文様の緞子表紙を使用|印記: 「紀伊恴川 南葵文庫」",http://tify.sub.uni-goettingen.de/demo.html?manifest=https://archdataset.dl.itc.u-tokyo.ac.jp/manifest/21bbf9d1-4693-6075-1257-cb1fa44e57af.json,21bbf9d1-4693-6075-1257-cb1fa44e57af,https://iiif.dl.itc.u-tokyo.ac.jp/repo/s/nanki/,https://iiif.dl.itc.u-tokyo.ac.jp/repo/s/nanki/document/21bbf9d1-4693-6075-1257-cb1fa44e57af,https://www.lib.u-tokyo.ac.jp/ja/library/contents/archives-top/reuse,https://iiif.dl.itc.u-tokyo.ac.jp/repo/files/medium/3abe37ad982fba25e6c1dcff0441a681fa8f7013.jpg,https://iiif.dl.itc.u-tokyo.ac.jp/repo/api/items/1001699,"東京大学総合図書館 General Library, The University of Tokyo, JAPAN",http://iiif.io/api/presentation/2#rightToLeftDirection,,総合図書館所蔵南葵文庫,0412,,https://iiif.dl.itc.u-tokyo.ac.jp/repo/iiif/21bbf9d1-4693-6075-1257-cb1fa44e57af/manifest,,,,,33
成形図説底稿 [2],A00:4597,セイケイ ズセツ テイコウ,坂本 浩雪,3,坂本浩雪 [自筆],文政8 [1825]-天保5 [1834],図書,日本語,"写本|書名は1の原題簽による|2の題簽書名: 成形圖説畫稿|2の版心書名: 草木眞寫底稾|2の欄外書名(墨書): 成形圖説稾|後付題簽の書名: 成形圖説底稿|1の版心に「成形圖説卷之三十九」, 「成形圖説卷之三十三」とあり|2の題簽に「湿草類 五拾種」とあり|3の版心下部に「蕈溪藏本」とあり|1: 湿草類, 水草類. 2: 竒品草木伊之部, 湿草類. 3: 蔓草部, 雜草類|欄外に「浩雪寫真」とある料紙を使用|彩色あり|付箋あり|牡丹唐草文様の緞子表紙を使用|印記: 「紀伊恴川 南葵文庫」",http://tify.sub.uni-goettingen.de/demo.html?manifest=https://archdataset.dl.itc.u-tokyo.ac.jp/manifest/4ad2c04f-41e6-3ebd-3802-7feddf420a45.json,4ad2c04f-41e6-3ebd-3802-7feddf420a45,https://iiif.dl.itc.u-tokyo.ac.jp/repo/s/nanki/,https://iiif.dl.itc.u-tokyo.ac.jp/repo/s/nanki/document/4ad2c04f-41e6-3ebd-3802-7feddf420a45,https://www.lib.u-tokyo.ac.jp/ja/library/contents/archives-top/reuse,https://iiif.dl.itc.u-tokyo.ac.jp/repo/files/medium/d19214ac96b431dfe417dab9d0dc88d04162ef92.jpg,https://iiif.dl.itc.u-tokyo.ac.jp/repo/api/items/1001698,"東京大学総合図書館 General Library, The University of Tokyo, JAPAN",http://iiif.io/api/presentation/2#rightToLeftDirection,,総合図書館所蔵南葵文庫,0413,,https://iiif.dl.itc.u-tokyo.ac.jp/repo/iiif/4ad2c04f-41e6-3ebd-3802-7feddf420a45/manifest,,,,,38
成形図説底稿 [3],A00:4597,セイケイ ズセツ テイコウ,坂本 浩雪,3,坂本浩雪 [自筆],文政8 [1825]-天保5 [1834],図書,日本語,"写本|書名は1の原題簽による|2の題簽書名: 成形圖説畫稿|2の版心書名: 草木眞寫底稾|2の欄外書名(墨書): 成形圖説稾|後付題簽の書名: 成形圖説底稿|1の版心に「成形圖説卷之三十九」, 「成形圖説卷之三十三」とあり|2の題簽に「湿草類 五拾種」とあり|3の版心下部に「蕈溪藏本」とあり|1: 湿草類, 水草類. 2: 竒品草木伊之部, 湿草類. 3: 蔓草部, 雜草類|欄外に「浩雪寫真」とある料紙を使用|彩色あり|付箋あり|牡丹唐草文様の緞子表紙を使用|印記: 「紀伊恴川 南葵文庫」",http://tify.sub.uni-goettingen.de/demo.html?manifest=https://archdataset.dl.itc.u-tokyo.ac.jp/manifest/41595fbf-8c17-81d5-31a6-c311079a6ecd.json,41595fbf-8c17-81d5-31a6-c311079a6ecd,https://iiif.dl.itc.u-tokyo.ac.jp/repo/s/nanki/,https://iiif.dl.itc.u-tokyo.ac.jp/repo/s/nanki/document/41595fbf-8c17-81d5-31a6-c311079a6ecd,https://www.lib.u-tokyo.ac.jp/ja/library/contents/archives-top/reuse,https://iiif.dl.itc.u-tokyo.ac.jp/repo/files/medium/01e5e077a2b8803dc75c04b835014886fb092e3b.jpg,https://iiif.dl.itc.u-tokyo.ac.jp/repo/api/items/1001697,"東京大学総合図書館 General Library, The University of Tokyo, JAPAN",http://iiif.io/api/presentation/2#rightToLeftDirection,,総合図書館所蔵南葵文庫,0414,,https://iiif.dl.itc.u-tokyo.ac.jp/repo/iiif/41595fbf-8c17-81d5-31a6-c311079a6ecd/manifest,,,,,32
活版經籍考 2巻,A00:4598,カッパン ケイセキコウ,吉田 篁墩,1,市野迷庵 [写],文化9 [1812] 奥書,図書,日本語,"写本|引末に「戊申夏仲篁墩安重修識」とあり|内題下に「留蠧書屋雜著中一種」とあり|奥書に「文化壬申七月廾七日写畢 光彦」とあり|巻末に「大蔵一覧活字本(天雲録)」半丁を付す|毎半葉10行|題簽に「迷庵先生手抄夲」とあり|朱筆書き入れあり|印記: 「景操亭藏書記」, 「弘前醫官澀江氏蔵書記」(渋江抽斎), 「陽春廬記」(小中村清矩), 「紀伊恴川 南葵文庫」|虫損あり (裏打ち補修あり)",http://tify.sub.uni-goettingen.de/demo.html?manifest=https://archdataset.dl.itc.u-tokyo.ac.jp/manifest/f65b79ab-757d-05bd-1e07-154b28794aef.json,f65b79ab-757d-05bd-1e07-154b28794aef,https://iiif.dl.itc.u-tokyo.ac.jp/repo/s/nanki/,https://iiif.dl.itc.u-tokyo.ac.jp/repo/s/nanki/document/f65b79ab-757d-05bd-1e07-154b28794aef,https://www.lib.u-tokyo.ac.jp/ja/library/contents/archives-top/reuse,https://iiif.dl.itc.u-tokyo.ac.jp/repo/files/medium/dd1bbf41c60306f21601d02645b5dc274622dbec.jpg,https://iiif.dl.itc.u-tokyo.ac.jp/repo/api/items/1001696,"東京大学総合図書館 General Library, The University of Tokyo, JAPAN",http://iiif.io/api/presentation/2#rightToLeftDirection,,総合図書館所蔵南葵文庫,0415,,https://iiif.dl.itc.u-tokyo.ac.jp/repo/iiif/f65b79ab-757d-05bd-1e07-154b28794aef/manifest,,,,,28
質問本草外篇 4巻 [1],A00:4599,シツモン ホンゾウ ガイヘン,薩摩藥園署,4,坂本浩雪 [自筆],[江戸後期],図書,日本語,写本|書名は目首及び扉による|後付題簽の書名: 質問本草外編底稿|例言末に「天明五年乙巳仲秋 薩摩藥園署編選」とあり|欄外に「浩雪寫真」とある料紙を使用|おもに図版|彩色あり|牡丹唐草文様の緞子表紙を使用|印記: 「紀伊恴川 南葵文庫」,http://tify.sub.uni-goettingen.de/demo.html?manifest=https://archdataset.dl.itc.u-tokyo.ac.jp/manifest/71a27028-91d3-6f92-4ea9-ff83133a624c.json,71a27028-91d3-6f92-4ea9-ff83133a624c,https://iiif.dl.itc.u-tokyo.ac.jp/repo/s/nanki/,https://iiif.dl.itc.u-tokyo.ac.jp/repo/s/nanki/document/71a27028-91d3-6f92-4ea9-ff83133a624c,https://www.lib.u-tokyo.ac.jp/ja/library/contents/archives-top/reuse,https://iiif.dl.itc.u-tokyo.ac.jp/repo/files/medium/74e2a7ab98f3272e62fd7c394e8d9f5863f3a76e.jpg,https://iiif.dl.itc.u-tokyo.ac.jp/repo/api/items/1001695,"東京大学総合図書館 General Library, The University of Tokyo, JAPAN",http://iiif.io/api/presentation/2#rightToLeftDirection,,総合図書館所蔵南葵文庫,0416,,https://iiif.dl.itc.u-tokyo.ac.jp/repo/iiif/71a27028-91d3-6f92-4ea9-ff83133a624c/manifest,,,,,32
質問本草外篇 4巻 [2],A00:4599,シツモン ホンゾウ ガイヘン,薩摩藥園署,4,坂本浩雪 [自筆],[江戸後期],図書,日本語,写本|書名は目首及び扉による|後付題簽の書名: 質問本草外編底稿|例言末に「天明五年乙巳仲秋 薩摩藥園署編選」とあり|欄外に「浩雪寫真」とある料紙を使用|おもに図版|彩色あり|牡丹唐草文様の緞子表紙を使用|印記: 「紀伊恴川 南葵文庫」,http://tify.sub.uni-goettingen.de/demo.html?manifest=https://archdataset.dl.itc.u-tokyo.ac.jp/manifest/bf79d6ad-933d-5c8e-69a4-682b6edf45ca.json,bf79d6ad-933d-5c8e-69a4-682b6edf45ca,https://iiif.dl.itc.u-tokyo.ac.jp/repo/s/nanki/,https://iiif.dl.itc.u-tokyo.ac.jp/repo/s/nanki/document/bf79d6ad-933d-5c8e-69a4-682b6edf45ca,https://www.lib.u-tokyo.ac.jp/ja/library/contents/archives-top/reuse,https://iiif.dl.itc.u-tokyo.ac.jp/repo/files/medium/3da152f7b1b60d8b9fa084daa365fac0e9c6d4ca.jpg,https://iiif.dl.itc.u-tokyo.ac.jp/repo/api/items/1001694,"東京大学総合図書館 General Library, The University of Tokyo, JAPAN",http://iiif.io/api/presentation/2#rightToLeftDirection,,総合図書館所蔵南葵文庫,0417,,https://iiif.dl.itc.u-tokyo.ac.jp/repo/iiif/bf79d6ad-933d-5c8e-69a4-682b6edf45ca/manifest,,,,,33
質問本草外篇 4巻 [3],A00:4599,シツモン ホンゾウ ガイヘン,薩摩藥園署,4,坂本浩雪 [自筆],[江戸後期],図書,日本語,写本|書名は目首及び扉による|後付題簽の書名: 質問本草外編底稿|例言末に「天明五年乙巳仲秋 薩摩藥園署編選」とあり|欄外に「浩雪寫真」とある料紙を使用|おもに図版|彩色あり|牡丹唐草文様の緞子表紙を使用|印記: 「紀伊恴川 南葵文庫」,http://tify.sub.uni-goettingen.de/demo.html?manifest=https://archdataset.dl.itc.u-tokyo.ac.jp/manifest/e6f37bcc-38fe-0db3-855f-eefa8ad26599.json,e6f37bcc-38fe-0db3-855f-eefa8ad26599,https://iiif.dl.itc.u-tokyo.ac.jp/repo/s/nanki/,https://iiif.dl.itc.u-tokyo.ac.jp/repo/s/nanki/document/e6f37bcc-38fe-0db3-855f-eefa8ad26599,https://www.lib.u-tokyo.ac.jp/ja/library/contents/archives-top/reuse,https://iiif.dl.itc.u-tokyo.ac.jp/repo/files/medium/92d3d222bbb7ffa477f81d125e844edf3fc9a2e6.jpg,https://iiif.dl.itc.u-tokyo.ac.jp/repo/api/items/1001693,"東京大学総合図書館 General Library, The University of Tokyo, JAPAN",http://iiif.io/api/presentation/2#rightToLeftDirection,,総合図書館所蔵南葵文庫,0418,,https://iiif.dl.itc.u-tokyo.ac.jp/repo/iiif/e6f37bcc-38fe-0db3-855f-eefa8ad26599/manifest,,,,,33
質問本草外篇 4巻 [4],A00:4599,シツモン ホンゾウ ガイヘン,薩摩藥園署,4,坂本浩雪 [自筆],[江戸後期],図書,日本語,写本|書名は目首及び扉による|後付題簽の書名: 質問本草外編底稿|例言末に「天明五年乙巳仲秋 薩摩藥園署編選」とあり|欄外に「浩雪寫真」とある料紙を使用|おもに図版|彩色あり|牡丹唐草文様の緞子表紙を使用|印記: 「紀伊恴川 南葵文庫」,http://tify.sub.uni-goettingen.de/demo.html?manifest=https://archdataset.dl.itc.u-tokyo.ac.jp/manifest/3c68d7e5-3e1c-920b-628f-22990eab511e.json,3c68d7e5-3e1c-920b-628f-22990eab511e,https://iiif.dl.itc.u-tokyo.ac.jp/repo/s/nanki/,https://iiif.dl.itc.u-tokyo.ac.jp/repo/s/nanki/document/3c68d7e5-3e1c-920b-628f-22990eab511e,https://www.lib.u-tokyo.ac.jp/ja/library/contents/archives-top/reuse,https://iiif.dl.itc.u-tokyo.ac.jp/repo/files/medium/158f1b051760477573af556391a038206f86b05d.jpg,https://iiif.dl.itc.u-tokyo.ac.jp/repo/api/items/1001692,"東京大学総合図書館 General Library, The University of Tokyo, JAPAN",http://iiif.io/api/presentation/2#rightToLeftDirection,,総合図書館所蔵南葵文庫,0419,,https://iiif.dl.itc.u-tokyo.ac.jp/repo/iiif/3c68d7e5-3e1c-920b-628f-22990eab511e/manifest,,,,,38
会津草木寫占,A00:4600,アイズ ソウモク シャセン,坂本 浩雪,1,阪本浩雪 [自筆],文政12 [1829],図書,日本語,"写本|書名は目首による|題簽の書名: 日光奥羽草木圖占底稿|題簽に「己丑九月十五日 五十有余品浩雪儲有」とあり|おもに図版|彩色あり|付箋あり|傍注あり|牡丹唐草文様の緞子表紙を使用|印記: 「浩雪寫生」(坂本浩雪), 「紀伊恴川 南葵文庫」",http://tify.sub.uni-goettingen.de/demo.html?manifest=https://archdataset.dl.itc.u-tokyo.ac.jp/manifest/13936d29-507e-1aea-419d-61ed031e8a05.json,13936d29-507e-1aea-419d-61ed031e8a05,https://iiif.dl.itc.u-tokyo.ac.jp/repo/s/nanki/,https://iiif.dl.itc.u-tokyo.ac.jp/repo/s/nanki/document/13936d29-507e-1aea-419d-61ed031e8a05,https://www.lib.u-tokyo.ac.jp/ja/library/contents/archives-top/reuse,https://iiif.dl.itc.u-tokyo.ac.jp/repo/files/medium/c90053121a9ca898f5d2608abda47e0b211ce33c.jpg,https://iiif.dl.itc.u-tokyo.ac.jp/repo/api/items/1001691,"東京大学総合図書館 General Library, The University of Tokyo, JAPAN",http://iiif.io/api/presentation/2#rightToLeftDirection,,総合図書館所蔵南葵文庫,0420,,https://iiif.dl.itc.u-tokyo.ac.jp/repo/iiif/13936d29-507e-1aea-419d-61ed031e8a05/manifest,,,,,53
琉球竒花寫真底稿,A00:4601,リュウキュウ キカ シャシン テイコウ,坂本 浩雪,1,坂本浩雪 [自筆],天保12 [1841],図書,日本語,"写本|書名は題簽による|後付題簽の書名: 琉球竒花冩真底稿|題簽に「辛丑九月 浩雪儲有」とあり|冒頭に「坂本浩然儲藏」との貼紙あり|おもに図版|彩色あり|傍注あり|『巴豆考』(朝倉重保刻, 32×82cm)1枚を付す|『巴豆考』末に「喜任寫眞」, 「文政十二秊嵗次己丑穐七月 将翁四卋之孫櫟齋阿部喜任識」とあり(「東都薬樵」, 「阿部將翁四世孫」との落款朱印あり)|牡丹唐草文様の緞子表紙を使用|印記: 「浩雪寫生」, 「浩然画印」(坂本浩雪), 「紀伊恴川 南葵文庫」",http://tify.sub.uni-goettingen.de/demo.html?manifest=https://archdataset.dl.itc.u-tokyo.ac.jp/manifest/d3beec6c-0d85-9c83-a5b5-c305e0e81343.json,d3beec6c-0d85-9c83-a5b5-c305e0e81343,https://iiif.dl.itc.u-tokyo.ac.jp/repo/s/nanki/,https://iiif.dl.itc.u-tokyo.ac.jp/repo/s/nanki/document/d3beec6c-0d85-9c83-a5b5-c305e0e81343,https://www.lib.u-tokyo.ac.jp/ja/library/contents/archives-top/reuse,https://iiif.dl.itc.u-tokyo.ac.jp/repo/files/medium/b28a48577ab68f56d869c7d3e95f369554a6e9e6.jpg,https://iiif.dl.itc.u-tokyo.ac.jp/repo/api/items/1001690,"東京大学総合図書館 General Library, The University of Tokyo, JAPAN",http://iiif.io/api/presentation/2#rightToLeftDirection,,総合図書館所蔵南葵文庫,0421,,https://iiif.dl.itc.u-tokyo.ac.jp/repo/iiif/d3beec6c-0d85-9c83-a5b5-c305e0e81343/manifest,,,,,40
百花鳥譜小補,A00:4602,ヒャッカ チョウフ ショウホ,坂本 浩雪,1,坂本浩雪 [自筆],天保元 [1830]-天保3 [1832],図書,日本語,"写本|書名は題簽による|題簽に「十品 庚子寅六月三日」とあり|原表紙に「芙蓉寫真」とあり|扉に「癸丑四月御用百花鳥/数二十七一巻出来上り」とあり|付箋2枚あり(「壬辰九月廿八日寫真千瓣芙蓉」とあり)|おもに図版|彩色あり|糊とじ|牡丹唐草文様の緞子表紙を使用|印記: 「冩眞」(乾瓢図象印), 「浩雪寫生」(坂本浩雪), 「紀伊恴川 南葵文庫」",http://tify.sub.uni-goettingen.de/demo.html?manifest=https://archdataset.dl.itc.u-tokyo.ac.jp/manifest/66b62875-9cd2-1a9c-6541-70ee9513861b.json,66b62875-9cd2-1a9c-6541-70ee9513861b,https://iiif.dl.itc.u-tokyo.ac.jp/repo/s/nanki/,https://iiif.dl.itc.u-tokyo.ac.jp/repo/s/nanki/document/66b62875-9cd2-1a9c-6541-70ee9513861b,https://www.lib.u-tokyo.ac.jp/ja/library/contents/archives-top/reuse,https://iiif.dl.itc.u-tokyo.ac.jp/repo/files/medium/62e152ec773c638051b9d72564f3a69766b3d7c4.jpg,https://iiif.dl.itc.u-tokyo.ac.jp/repo/api/items/1001689,"東京大学総合図書館 General Library, The University of Tokyo, JAPAN",http://iiif.io/api/presentation/2#rightToLeftDirection,,総合図書館所蔵南葵文庫,0422,,https://iiif.dl.itc.u-tokyo.ac.jp/repo/iiif/66b62875-9cd2-1a9c-6541-70ee9513861b/manifest,,,,,19
御薬苑草木圖占,A00:4603,オヤクエン ソウモク ズセン,坂本 浩雪,1,阪本浩雪 [自筆],文政12 [1829]-天保元 [1830],図書,日本語,"写本|書名は目首による|題簽の書名: 御藥苑草木寫占稿|小口書: 御薬苑草木冩占稿|付箋に「文政己丑夏六月寫真 瑞葉廬主人浩雪」, 「庚寅夏四月十二日於本所逆井或ハ釜屋堀之岸上觀之」とあり|おもに図版|彩色あり|付箋あり|傍注あり|牡丹唐草文様の緞子表紙を使用|印記: 「冩眞」(乾瓢図象印), 「浩雪寫生」(坂本浩雪), 「紀伊恴川 南葵文庫」",http://tify.sub.uni-goettingen.de/demo.html?manifest=https://archdataset.dl.itc.u-tokyo.ac.jp/manifest/69cb697c-03a2-3157-9384-2bb2a16b6044.json,69cb697c-03a2-3157-9384-2bb2a16b6044,https://iiif.dl.itc.u-tokyo.ac.jp/repo/s/nanki/,https://iiif.dl.itc.u-tokyo.ac.jp/repo/s/nanki/document/69cb697c-03a2-3157-9384-2bb2a16b6044,https://www.lib.u-tokyo.ac.jp/ja/library/contents/archives-top/reuse,https://iiif.dl.itc.u-tokyo.ac.jp/repo/files/medium/33df1a9a6e1d2a16a29672bd48f7d4a2a9347870.jpg,https://iiif.dl.itc.u-tokyo.ac.jp/repo/api/items/1001688,"東京大学総合図書館 General Library, The University of Tokyo, JAPAN",http://iiif.io/api/presentation/2#rightToLeftDirection,,総合図書館所蔵南葵文庫,0423,,https://iiif.dl.itc.u-tokyo.ac.jp/repo/iiif/69cb697c-03a2-3157-9384-2bb2a16b6044/manifest,,,,,44
草木寫占底稿 1巻附1巻,A00:4604,ソウモク シャセン テイコウ,坂本 浩雪,1,坂本浩雪 [自筆],文政12 [1829]-天保元 [1830],図書,日本語,"写本|書名は題簽による|小口書: 草木冩占底稿|題簽に「己丑秋九月 浩雪儲有」とあり|「草木寫真底稿并神草寫」の欄外に「庚寅夏五月十八日寫占」, 「浩雪儲藏」とあり|おもに図版|彩色あり|付箋あり|傍注あり|冒頭の欄外に「浩雪寫真」とある料紙を使用|牡丹唐草文様の緞子表紙を使用|印記: 「浩雪」「冩眞」(乾瓢図象印), 「浩雪寫生」(坂本浩雪), 「紀伊恴川 南葵文庫」",http://tify.sub.uni-goettingen.de/demo.html?manifest=https://archdataset.dl.itc.u-tokyo.ac.jp/manifest/dba6f225-4aef-7569-1831-f12011e56d4a.json,dba6f225-4aef-7569-1831-f12011e56d4a,https://iiif.dl.itc.u-tokyo.ac.jp/repo/s/nanki/,https://iiif.dl.itc.u-tokyo.ac.jp/repo/s/nanki/document/dba6f225-4aef-7569-1831-f12011e56d4a,https://www.lib.u-tokyo.ac.jp/ja/library/contents/archives-top/reuse,https://iiif.dl.itc.u-tokyo.ac.jp/repo/files/medium/a95f5ea8ccac9a4ba95523f7b35dd7bb45c17f6b.jpg,https://iiif.dl.itc.u-tokyo.ac.jp/repo/api/items/1001687,"東京大学総合図書館 General Library, The University of Tokyo, JAPAN",http://iiif.io/api/presentation/2#rightToLeftDirection,,総合図書館所蔵南葵文庫,0424,,https://iiif.dl.itc.u-tokyo.ac.jp/repo/iiif/dba6f225-4aef-7569-1831-f12011e56d4a/manifest,,,,,52
信州草木寫真底稿 1巻附1巻,A00:4605,シンシュウ ソウモク シャシン テイコウ,坂本 浩雪,1,坂本浩雪 [自筆],天保3 [1832],図書,日本語,写本|書名は扉による|小口書: 信州草木冩真底稿|扉に「壬辰秋八月上澣浩雪」とあり|冒頭の版心下部に「蕈溪藏本」とあり|欄外に「浩雪寫真」とある料紙を使用|「本黄連」図注に「壬辰秋八月十九日寫於善光寺伊勢町」とあり|おもに図版|彩色あり|傍注あり|牡丹唐草文様の緞子表紙を使用|印記: 「紀伊恴川 南葵文庫」,http://tify.sub.uni-goettingen.de/demo.html?manifest=https://archdataset.dl.itc.u-tokyo.ac.jp/manifest/ae2576eb-0d25-7419-4065-147957554c84.json,ae2576eb-0d25-7419-4065-147957554c84,https://iiif.dl.itc.u-tokyo.ac.jp/repo/s/nanki/,https://iiif.dl.itc.u-tokyo.ac.jp/repo/s/nanki/document/ae2576eb-0d25-7419-4065-147957554c84,https://www.lib.u-tokyo.ac.jp/ja/library/contents/archives-top/reuse,https://iiif.dl.itc.u-tokyo.ac.jp/repo/files/medium/79acf2cb72c61d5a360843f531db12e4745d05fb.jpg,https://iiif.dl.itc.u-tokyo.ac.jp/repo/api/items/1001686,"東京大学総合図書館 General Library, The University of Tokyo, JAPAN",http://iiif.io/api/presentation/2#rightToLeftDirection,,総合図書館所蔵南葵文庫,0425,,https://iiif.dl.itc.u-tokyo.ac.jp/repo/iiif/ae2576eb-0d25-7419-4065-147957554c84/manifest,,,,,29
冬蟲夏草冩真,A00:4606,フユムシ ナツクサ シャシン . ヨウシュ ソウモク シャセンコウ,坂本 浩雪,1,坂本浩雪 : 國直 [写],文政8 [1825] 巻末,図書,日本語,"写本|書名は題簽による|扉の書名: 冬蟲夏草寫真|小口書: 冬蟲夏草冩真洋種草木冩占稿|「冬蟲夏草冩真」巻末に「文政八年嵗次乙酉夏六月上澣坂本浩然冩真」とあり(「浩然」, 「浩雪画印」との落款朱印あり)|「洋種草木冩占稿」の付箋に「國直寫」とあり|おもに図版|彩色あり|付箋あり|朱筆書き入れあり|牡丹唐草文様の緞子表紙を使用|印記: 「浩雪寫生」(坂本浩雪), 「逢營坣」, 「紀伊恴川 南葵文庫」",http://tify.sub.uni-goettingen.de/demo.html?manifest=https://archdataset.dl.itc.u-tokyo.ac.jp/manifest/2c2bc03f-271f-4b9e-6baf-fb0a21728e1e.json,2c2bc03f-271f-4b9e-6baf-fb0a21728e1e,https://iiif.dl.itc.u-tokyo.ac.jp/repo/s/nanki/,https://iiif.dl.itc.u-tokyo.ac.jp/repo/s/nanki/document/2c2bc03f-271f-4b9e-6baf-fb0a21728e1e,https://www.lib.u-tokyo.ac.jp/ja/library/contents/archives-top/reuse,https://iiif.dl.itc.u-tokyo.ac.jp/repo/files/medium/a3aac5dfb790fc2ace5e027d150fb3270e79f82f.jpg,https://iiif.dl.itc.u-tokyo.ac.jp/repo/api/items/1001685,"東京大学総合図書館 General Library, The University of Tokyo, JAPAN",http://iiif.io/api/presentation/2#rightToLeftDirection,,総合図書館所蔵南葵文庫,0426,,https://iiif.dl.itc.u-tokyo.ac.jp/repo/iiif/2c2bc03f-271f-4b9e-6baf-fb0a21728e1e/manifest,,,,,34
大佛頂如來宻因脩證了義諸菩薩萬行首楞嚴經 10巻坿經解音釋 [1],A00:5578,ダイブッチョウ ニョライ ミツイン シュウショウ リョウギ ショボサツ マンギ ョウ シュリョウゴンギョウ,般剌密帝,5,[出版者不明],[室町前期],図書,中国語,"叙首の書名: 大佛頂首楞嚴經會解|版心の書名: 會解|後付題簽の書名: 首楞嚴經 : 會解|帙題簽の書名: 首楞嚴經會解|叙末に「時至正二年壬午佛成道日廬陵沙門惟則述于姑蘇城中師子林」, 「茲因募眾梓以流通乃復記經来之嵗月云臨川沙門克立題」とあり|原刊記に「板畱平江在城師子林」とあり|左右双辺有界11行23字注文双行, 内匡廓: 19.1×12.5cm, 白口単黒魚尾|各巻末に經解音釋を付す|句点あり|拠元至正2(1342)叙平江師子林刊本覆刻後印|朱点, 朱引あり|墨筆付訓, 書き入れあり|印記: 「三興」, 「毘耶兒孫」, 「天下禪林小厮子聼枀軒三興正法荷擔」, 「慈照禪院」, 「宗海」, 「石堂寺」, 「長安山」, 「紀伊恴川 南葵文庫」|虫損あり (裏打ち補修あり)",http://tify.sub.uni-goettingen.de/demo.html?manifest=https://archdataset.dl.itc.u-tokyo.ac.jp/manifest/1d83e072-07d8-85ba-791a-04c71b9671ae.json,1d83e072-07d8-85ba-791a-04c71b9671ae,https://iiif.dl.itc.u-tokyo.ac.jp/repo/s/nanki/,https://iiif.dl.itc.u-tokyo.ac.jp/repo/s/nanki/document/1d83e072-07d8-85ba-791a-04c71b9671ae,https://www.lib.u-tokyo.ac.jp/ja/library/contents/archives-top/reuse,https://iiif.dl.itc.u-tokyo.ac.jp/repo/files/medium/9ab57719a96cd5b3b13b24f524902d1faef5593c.jpg,https://iiif.dl.itc.u-tokyo.ac.jp/repo/api/items/1001684,"東京大学総合図書館 General Library, The University of Tokyo, JAPAN",http://iiif.io/api/presentation/2#rightToLeftDirection,,総合図書館所蔵南葵文庫,0427,,https://iiif.dl.itc.u-tokyo.ac.jp/repo/iiif/1d83e072-07d8-85ba-791a-04c71b9671ae/manifest,,,,,80
大佛頂如來宻因脩證了義諸菩薩萬行首楞嚴經 10巻坿經解音釋 [2],A00:5578,ダイブッチョウ ニョライ ミツイン シュウショウ リョウギ ショボサツ マンギ ョウ シュリョウゴンギョウ,般剌密帝,5,[出版者不明],[室町前期],図書,中国語,"叙首の書名: 大佛頂首楞嚴經會解|版心の書名: 會解|後付題簽の書名: 首楞嚴經 : 會解|帙題簽の書名: 首楞嚴經會解|叙末に「時至正二年壬午佛成道日廬陵沙門惟則述于姑蘇城中師子林」, 「茲因募眾梓以流通乃復記經来之嵗月云臨川沙門克立題」とあり|原刊記に「板畱平江在城師子林」とあり|左右双辺有界11行23字注文双行, 内匡廓: 19.1×12.5cm, 白口単黒魚尾|各巻末に經解音釋を付す|句点あり|拠元至正2(1342)叙平江師子林刊本覆刻後印|朱点, 朱引あり|墨筆付訓, 書き入れあり|印記: 「三興」, 「毘耶兒孫」, 「天下禪林小厮子聼枀軒三興正法荷擔」, 「慈照禪院」, 「宗海」, 「石堂寺」, 「長安山」, 「紀伊恴川 南葵文庫」|虫損あり (裏打ち補修あり)",http://tify.sub.uni-goettingen.de/demo.html?manifest=https://archdataset.dl.itc.u-tokyo.ac.jp/manifest/9651977f-0d5e-57e8-18ba-819a6af64cb8.json,9651977f-0d5e-57e8-18ba-819a6af64cb8,https://iiif.dl.itc.u-tokyo.ac.jp/repo/s/nanki/,https://iiif.dl.itc.u-tokyo.ac.jp/repo/s/nanki/document/9651977f-0d5e-57e8-18ba-819a6af64cb8,https://www.lib.u-tokyo.ac.jp/ja/library/contents/archives-top/reuse,https://iiif.dl.itc.u-tokyo.ac.jp/repo/files/medium/b7c04915eaf088344da2cf1ee1c383445601a799.jpg,https://iiif.dl.itc.u-tokyo.ac.jp/repo/api/items/1001683,"東京大学総合図書館 General Library, The University of Tokyo, JAPAN",http://iiif.io/api/presentation/2#rightToLeftDirection,,総合図書館所蔵南葵文庫,0428,,https://iiif.dl.itc.u-tokyo.ac.jp/repo/iiif/9651977f-0d5e-57e8-18ba-819a6af64cb8/manifest,,,,,86
大佛頂如來宻因脩證了義諸菩薩萬行首楞嚴經 10巻坿經解音釋 [3],A00:5578,ダイブッチョウ ニョライ ミツイン シュウショウ リョウギ ショボサツ マンギ ョウ シュリョウゴンギョウ,般剌密帝,5,[出版者不明],[室町前期],図書,中国語,"叙首の書名: 大佛頂首楞嚴經會解|版心の書名: 會解|後付題簽の書名: 首楞嚴經 : 會解|帙題簽の書名: 首楞嚴經會解|叙末に「時至正二年壬午佛成道日廬陵沙門惟則述于姑蘇城中師子林」, 「茲因募眾梓以流通乃復記經来之嵗月云臨川沙門克立題」とあり|原刊記に「板畱平江在城師子林」とあり|左右双辺有界11行23字注文双行, 内匡廓: 19.1×12.5cm, 白口単黒魚尾|各巻末に經解音釋を付す|句点あり|拠元至正2(1342)叙平江師子林刊本覆刻後印|朱点, 朱引あり|墨筆付訓, 書き入れあり|印記: 「三興」, 「毘耶兒孫」, 「天下禪林小厮子聼枀軒三興正法荷擔」, 「慈照禪院」, 「宗海」, 「石堂寺」, 「長安山」, 「紀伊恴川 南葵文庫」|虫損あり (裏打ち補修あり)",http://tify.sub.uni-goettingen.de/demo.html?manifest=https://archdataset.dl.itc.u-tokyo.ac.jp/manifest/a27a9545-414d-44b9-6e7b-7f86861936c6.json,a27a9545-414d-44b9-6e7b-7f86861936c6,https://iiif.dl.itc.u-tokyo.ac.jp/repo/s/nanki/,https://iiif.dl.itc.u-tokyo.ac.jp/repo/s/nanki/document/a27a9545-414d-44b9-6e7b-7f86861936c6,https://www.lib.u-tokyo.ac.jp/ja/library/contents/archives-top/reuse,https://iiif.dl.itc.u-tokyo.ac.jp/repo/files/medium/eb4adb4d3245bea65efa2fd901d97c49be95d45a.jpg,https://iiif.dl.itc.u-tokyo.ac.jp/repo/api/items/1001682,"東京大学総合図書館 General Library, The University of Tokyo, JAPAN",http://iiif.io/api/presentation/2#rightToLeftDirection,,総合図書館所蔵南葵文庫,0429,,https://iiif.dl.itc.u-tokyo.ac.jp/repo/iiif/a27a9545-414d-44b9-6e7b-7f86861936c6/manifest,,,,,74
大佛頂如來宻因脩證了義諸菩薩萬行首楞嚴經 10巻坿經解音釋 [4],A00:5578,ダイブッチョウ ニョライ ミツイン シュウショウ リョウギ ショボサツ マンギ ョウ シュリョウゴンギョウ,般剌密帝,5,[出版者不明],[室町前期],図書,中国語,"叙首の書名: 大佛頂首楞嚴經會解|版心の書名: 會解|後付題簽の書名: 首楞嚴經 : 會解|帙題簽の書名: 首楞嚴經會解|叙末に「時至正二年壬午佛成道日廬陵沙門惟則述于姑蘇城中師子林」, 「茲因募眾梓以流通乃復記經来之嵗月云臨川沙門克立題」とあり|原刊記に「板畱平江在城師子林」とあり|左右双辺有界11行23字注文双行, 内匡廓: 19.1×12.5cm, 白口単黒魚尾|各巻末に經解音釋を付す|句点あり|拠元至正2(1342)叙平江師子林刊本覆刻後印|朱点, 朱引あり|墨筆付訓, 書き入れあり|印記: 「三興」, 「毘耶兒孫」, 「天下禪林小厮子聼枀軒三興正法荷擔」, 「慈照禪院」, 「宗海」, 「石堂寺」, 「長安山」, 「紀伊恴川 南葵文庫」|虫損あり (裏打ち補修あり)",http://tify.sub.uni-goettingen.de/demo.html?manifest=https://archdataset.dl.itc.u-tokyo.ac.jp/manifest/53e7f193-6def-0aa9-98dc-23b1a70d78b8.json,53e7f193-6def-0aa9-98dc-23b1a70d78b8,https://iiif.dl.itc.u-tokyo.ac.jp/repo/s/nanki/,https://iiif.dl.itc.u-tokyo.ac.jp/repo/s/nanki/document/53e7f193-6def-0aa9-98dc-23b1a70d78b8,https://www.lib.u-tokyo.ac.jp/ja/library/contents/archives-top/reuse,https://iiif.dl.itc.u-tokyo.ac.jp/repo/files/medium/729902446f70ecb03515c9fc1db84b3e714c4e2e.jpg,https://iiif.dl.itc.u-tokyo.ac.jp/repo/api/items/1001681,"東京大学総合図書館 General Library, The University of Tokyo, JAPAN",http://iiif.io/api/presentation/2#rightToLeftDirection,,総合図書館所蔵南葵文庫,0430,,https://iiif.dl.itc.u-tokyo.ac.jp/repo/iiif/53e7f193-6def-0aa9-98dc-23b1a70d78b8/manifest,,,,,89
大佛頂如來宻因脩證了義諸菩薩萬行首楞嚴經 10巻坿經解音釋 [5],A00:5578,ダイブッチョウ ニョライ ミツイン シュウショウ リョウギ ショボサツ マンギ ョウ シュリョウゴンギョウ,般剌密帝,5,[出版者不明],[室町前期],図書,中国語,"叙首の書名: 大佛頂首楞嚴經會解|版心の書名: 會解|後付題簽の書名: 首楞嚴經 : 會解|帙題簽の書名: 首楞嚴經會解|叙末に「時至正二年壬午佛成道日廬陵沙門惟則述于姑蘇城中師子林」, 「茲因募眾梓以流通乃復記經来之嵗月云臨川沙門克立題」とあり|原刊記に「板畱平江在城師子林」とあり|左右双辺有界11行23字注文双行, 内匡廓: 19.1×12.5cm, 白口単黒魚尾|各巻末に經解音釋を付す|句点あり|拠元至正2(1342)叙平江師子林刊本覆刻後印|朱点, 朱引あり|墨筆付訓, 書き入れあり|印記: 「三興」, 「毘耶兒孫」, 「天下禪林小厮子聼枀軒三興正法荷擔」, 「慈照禪院」, 「宗海」, 「石堂寺」, 「長安山」, 「紀伊恴川 南葵文庫」|虫損あり (裏打ち補修あり)",http://tify.sub.uni-goettingen.de/demo.html?manifest=https://archdataset.dl.itc.u-tokyo.ac.jp/manifest/bdaac2c1-0fca-a579-81de-5b179d509748.json,bdaac2c1-0fca-a579-81de-5b179d509748,https://iiif.dl.itc.u-tokyo.ac.jp/repo/s/nanki/,https://iiif.dl.itc.u-tokyo.ac.jp/repo/s/nanki/document/bdaac2c1-0fca-a579-81de-5b179d509748,https://www.lib.u-tokyo.ac.jp/ja/library/contents/archives-top/reuse,https://iiif.dl.itc.u-tokyo.ac.jp/repo/files/medium/c26911d840c82d6c693a34dd497a00d404a04868.jpg,https://iiif.dl.itc.u-tokyo.ac.jp/repo/api/items/1001680,"東京大学総合図書館 General Library, The University of Tokyo, JAPAN",http://iiif.io/api/presentation/2#rightToLeftDirection,,総合図書館所蔵南葵文庫,0431,,https://iiif.dl.itc.u-tokyo.ac.jp/repo/iiif/bdaac2c1-0fca-a579-81de-5b179d509748/manifest,,,,,73
佛果圜悟禪師碧巖録 10巻 [1],A00:5579,ブッカ エンゴ ゼンジ ヘキガンロク,重顕,10,總持禪寺,[室町前期],図書,中国語,"䟽の書名: 重刋圜悟禅師碧巖集|扉の書名: 圜悟碧巖集|版心の書名: 碧巖|表紙の書名(墨書): 碧巖集, 圜悟碧岩集|扉に「宗門第一書」, 「杭州北槗北街東嵎中張氏書隱印行」, 「本朝能州總持禪寺置焉」とあり|序末に「古杭朱子成刋」, 卷第5-6末に原刊語あり|卷第3末に「前総持承天大和尚奉報御恩也」とあり|大尾に「嵎中張氏書隱刻梓」との墨刻あり|跋末に「延祐丁巳中元日海粟老人馮子振題」とあり|四周双辺有界11行21字注文双行, 内匡廓: 17.8×12.1cm, 中黒口三黒魚尾|拠元延祐4(1317)跋杭州張氏書隱刊本覆刻|朱点, 朱引あり|墨筆付訓, 書き入れあり|印記: 「紀伊恴川 南葵文庫」|虫損あり",http://tify.sub.uni-goettingen.de/demo.html?manifest=https://archdataset.dl.itc.u-tokyo.ac.jp/manifest/5bd6dc4d-26ef-22b4-48ed-be1dc6e37150.json,5bd6dc4d-26ef-22b4-48ed-be1dc6e37150,https://iiif.dl.itc.u-tokyo.ac.jp/repo/s/nanki/,https://iiif.dl.itc.u-tokyo.ac.jp/repo/s/nanki/document/5bd6dc4d-26ef-22b4-48ed-be1dc6e37150,https://www.lib.u-tokyo.ac.jp/ja/library/contents/archives-top/reuse,https://iiif.dl.itc.u-tokyo.ac.jp/repo/files/medium/ea5ec1f99bf16be85c1e72e11be6f325aa189de8.jpg,https://iiif.dl.itc.u-tokyo.ac.jp/repo/api/items/1001679,"東京大学総合図書館 General Library, The University of Tokyo, JAPAN",http://iiif.io/api/presentation/2#rightToLeftDirection,,総合図書館所蔵南葵文庫,0432,,https://iiif.dl.itc.u-tokyo.ac.jp/repo/iiif/5bd6dc4d-26ef-22b4-48ed-be1dc6e37150/manifest,,,,,50
佛果圜悟禪師碧巖録 10巻 [2],A00:5579,ブッカ エンゴ ゼンジ ヘキガンロク,重顕,10,總持禪寺,[室町前期],図書,中国語,"䟽の書名: 重刋圜悟禅師碧巖集|扉の書名: 圜悟碧巖集|版心の書名: 碧巖|表紙の書名(墨書): 碧巖集, 圜悟碧岩集|扉に「宗門第一書」, 「杭州北槗北街東嵎中張氏書隱印行」, 「本朝能州總持禪寺置焉」とあり|序末に「古杭朱子成刋」, 卷第5-6末に原刊語あり|卷第3末に「前総持承天大和尚奉報御恩也」とあり|大尾に「嵎中張氏書隱刻梓」との墨刻あり|跋末に「延祐丁巳中元日海粟老人馮子振題」とあり|四周双辺有界11行21字注文双行, 内匡廓: 17.8×12.1cm, 中黒口三黒魚尾|拠元延祐4(1317)跋杭州張氏書隱刊本覆刻|朱点, 朱引あり|墨筆付訓, 書き入れあり|印記: 「紀伊恴川 南葵文庫」|虫損あり",http://tify.sub.uni-goettingen.de/demo.html?manifest=https://archdataset.dl.itc.u-tokyo.ac.jp/manifest/1dd5097d-7498-425e-3c83-9a9120f6a03a.json,1dd5097d-7498-425e-3c83-9a9120f6a03a,https://iiif.dl.itc.u-tokyo.ac.jp/repo/s/nanki/,https://iiif.dl.itc.u-tokyo.ac.jp/repo/s/nanki/document/1dd5097d-7498-425e-3c83-9a9120f6a03a,https://www.lib.u-tokyo.ac.jp/ja/library/contents/archives-top/reuse,https://iiif.dl.itc.u-tokyo.ac.jp/repo/files/medium/71402717c6962e5488c98d168f7237a2dcdc57ca.jpg,https://iiif.dl.itc.u-tokyo.ac.jp/repo/api/items/1001678,"東京大学総合図書館 General Library, The University of Tokyo, JAPAN",http://iiif.io/api/presentation/2#rightToLeftDirection,,総合図書館所蔵南葵文庫,0433,,https://iiif.dl.itc.u-tokyo.ac.jp/repo/iiif/1dd5097d-7498-425e-3c83-9a9120f6a03a/manifest,,,,,39
佛果圜悟禪師碧巖録 10巻 [3],A00:5579,ブッカ エンゴ ゼンジ ヘキガンロク,重顕,10,總持禪寺,[室町前期],図書,中国語,"䟽の書名: 重刋圜悟禅師碧巖集|扉の書名: 圜悟碧巖集|版心の書名: 碧巖|表紙の書名(墨書): 碧巖集, 圜悟碧岩集|扉に「宗門第一書」, 「杭州北槗北街東嵎中張氏書隱印行」, 「本朝能州總持禪寺置焉」とあり|序末に「古杭朱子成刋」, 卷第5-6末に原刊語あり|卷第3末に「前総持承天大和尚奉報御恩也」とあり|大尾に「嵎中張氏書隱刻梓」との墨刻あり|跋末に「延祐丁巳中元日海粟老人馮子振題」とあり|四周双辺有界11行21字注文双行, 内匡廓: 17.8×12.1cm, 中黒口三黒魚尾|拠元延祐4(1317)跋杭州張氏書隱刊本覆刻|朱点, 朱引あり|墨筆付訓, 書き入れあり|印記: 「紀伊恴川 南葵文庫」|虫損あり",http://tify.sub.uni-goettingen.de/demo.html?manifest=https://archdataset.dl.itc.u-tokyo.ac.jp/manifest/f469c644-0e92-03d4-97df-3c4eddfd03e1.json,f469c644-0e92-03d4-97df-3c4eddfd03e1,https://iiif.dl.itc.u-tokyo.ac.jp/repo/s/nanki/,https://iiif.dl.itc.u-tokyo.ac.jp/repo/s/nanki/document/f469c644-0e92-03d4-97df-3c4eddfd03e1,https://www.lib.u-tokyo.ac.jp/ja/library/contents/archives-top/reuse,https://iiif.dl.itc.u-tokyo.ac.jp/repo/files/medium/59ce4c0c3b72e5729ee3ce3e4e452dc12a1623e8.jpg,https://iiif.dl.itc.u-tokyo.ac.jp/repo/api/items/1001677,"東京大学総合図書館 General Library, The University of Tokyo, JAPAN",http://iiif.io/api/presentation/2#rightToLeftDirection,,総合図書館所蔵南葵文庫,0434,,https://iiif.dl.itc.u-tokyo.ac.jp/repo/iiif/f469c644-0e92-03d4-97df-3c4eddfd03e1/manifest,,,,,33
佛果圜悟禪師碧巖録 10巻 [4],A00:5579,ブッカ エンゴ ゼンジ ヘキガンロク,重顕,10,總持禪寺,[室町前期],図書,中国語,"䟽の書名: 重刋圜悟禅師碧巖集|扉の書名: 圜悟碧巖集|版心の書名: 碧巖|表紙の書名(墨書): 碧巖集, 圜悟碧岩集|扉に「宗門第一書」, 「杭州北槗北街東嵎中張氏書隱印行」, 「本朝能州總持禪寺置焉」とあり|序末に「古杭朱子成刋」, 卷第5-6末に原刊語あり|卷第3末に「前総持承天大和尚奉報御恩也」とあり|大尾に「嵎中張氏書隱刻梓」との墨刻あり|跋末に「延祐丁巳中元日海粟老人馮子振題」とあり|四周双辺有界11行21字注文双行, 内匡廓: 17.8×12.1cm, 中黒口三黒魚尾|拠元延祐4(1317)跋杭州張氏書隱刊本覆刻|朱点, 朱引あり|墨筆付訓, 書き入れあり|印記: 「紀伊恴川 南葵文庫」|虫損あり",http://tify.sub.uni-goettingen.de/demo.html?manifest=https://archdataset.dl.itc.u-tokyo.ac.jp/manifest/6e72607e-12f9-855c-5756-5e9f49e307e6.json,6e72607e-12f9-855c-5756-5e9f49e307e6,https://iiif.dl.itc.u-tokyo.ac.jp/repo/s/nanki/,https://iiif.dl.itc.u-tokyo.ac.jp/repo/s/nanki/document/6e72607e-12f9-855c-5756-5e9f49e307e6,https://www.lib.u-tokyo.ac.jp/ja/library/contents/archives-top/reuse,https://iiif.dl.itc.u-tokyo.ac.jp/repo/files/medium/bec8674fd6b8bd6d8d6eff25abebd5217ae28110.jpg,https://iiif.dl.itc.u-tokyo.ac.jp/repo/api/items/1001676,"東京大学総合図書館 General Library, The University of Tokyo, JAPAN",http://iiif.io/api/presentation/2#rightToLeftDirection,,総合図書館所蔵南葵文庫,0435,,https://iiif.dl.itc.u-tokyo.ac.jp/repo/iiif/6e72607e-12f9-855c-5756-5e9f49e307e6/manifest,,,,,35
佛果圜悟禪師碧巖録 10巻 [5],A00:5579,ブッカ エンゴ ゼンジ ヘキガンロク,重顕,10,總持禪寺,[室町前期],図書,中国語,"䟽の書名: 重刋圜悟禅師碧巖集|扉の書名: 圜悟碧巖集|版心の書名: 碧巖|表紙の書名(墨書): 碧巖集, 圜悟碧岩集|扉に「宗門第一書」, 「杭州北槗北街東嵎中張氏書隱印行」, 「本朝能州總持禪寺置焉」とあり|序末に「古杭朱子成刋」, 卷第5-6末に原刊語あり|卷第3末に「前総持承天大和尚奉報御恩也」とあり|大尾に「嵎中張氏書隱刻梓」との墨刻あり|跋末に「延祐丁巳中元日海粟老人馮子振題」とあり|四周双辺有界11行21字注文双行, 内匡廓: 17.8×12.1cm, 中黒口三黒魚尾|拠元延祐4(1317)跋杭州張氏書隱刊本覆刻|朱点, 朱引あり|墨筆付訓, 書き入れあり|印記: 「紀伊恴川 南葵文庫」|虫損あり",http://tify.sub.uni-goettingen.de/demo.html?manifest=https://archdataset.dl.itc.u-tokyo.ac.jp/manifest/b9b53465-83f8-10c2-39ef-05602d610ade.json,b9b53465-83f8-10c2-39ef-05602d610ade,https://iiif.dl.itc.u-tokyo.ac.jp/repo/s/nanki/,https://iiif.dl.itc.u-tokyo.ac.jp/repo/s/nanki/document/b9b53465-83f8-10c2-39ef-05602d610ade,https://www.lib.u-tokyo.ac.jp/ja/library/contents/archives-top/reuse,https://iiif.dl.itc.u-tokyo.ac.jp/repo/files/medium/3a12c0423d6a7efb3842ce9623970b357cd2d31f.jpg,https://iiif.dl.itc.u-tokyo.ac.jp/repo/api/items/1001675,"東京大学総合図書館 General Library, The University of Tokyo, JAPAN",http://iiif.io/api/presentation/2#rightToLeftDirection,,総合図書館所蔵南葵文庫,0436,,https://iiif.dl.itc.u-tokyo.ac.jp/repo/iiif/b9b53465-83f8-10c2-39ef-05602d610ade/manifest,,,,,30
佛果圜悟禪師碧巖録 10巻 [6],A00:5579,ブッカ エンゴ ゼンジ ヘキガンロク,重顕,10,總持禪寺,[室町前期],図書,中国語,"䟽の書名: 重刋圜悟禅師碧巖集|扉の書名: 圜悟碧巖集|版心の書名: 碧巖|表紙の書名(墨書): 碧巖集, 圜悟碧岩集|扉に「宗門第一書」, 「杭州北槗北街東嵎中張氏書隱印行」, 「本朝能州總持禪寺置焉」とあり|序末に「古杭朱子成刋」, 卷第5-6末に原刊語あり|卷第3末に「前総持承天大和尚奉報御恩也」とあり|大尾に「嵎中張氏書隱刻梓」との墨刻あり|跋末に「延祐丁巳中元日海粟老人馮子振題」とあり|四周双辺有界11行21字注文双行, 内匡廓: 17.8×12.1cm, 中黒口三黒魚尾|拠元延祐4(1317)跋杭州張氏書隱刊本覆刻|朱点, 朱引あり|墨筆付訓, 書き入れあり|印記: 「紀伊恴川 南葵文庫」|虫損あり",http://tify.sub.uni-goettingen.de/demo.html?manifest=https://archdataset.dl.itc.u-tokyo.ac.jp/manifest/d4a37b0f-113a-402a-a046-43599cc32f07.json,d4a37b0f-113a-402a-a046-43599cc32f07,https://iiif.dl.itc.u-tokyo.ac.jp/repo/s/nanki/,https://iiif.dl.itc.u-tokyo.ac.jp/repo/s/nanki/document/d4a37b0f-113a-402a-a046-43599cc32f07,https://www.lib.u-tokyo.ac.jp/ja/library/contents/archives-top/reuse,https://iiif.dl.itc.u-tokyo.ac.jp/repo/files/medium/27a9c018dc43f69ad8e750a383d6a53af39a0da4.jpg,https://iiif.dl.itc.u-tokyo.ac.jp/repo/api/items/1001674,"東京大学総合図書館 General Library, The University of Tokyo, JAPAN",http://iiif.io/api/presentation/2#rightToLeftDirection,,総合図書館所蔵南葵文庫,0437,,https://iiif.dl.itc.u-tokyo.ac.jp/repo/iiif/d4a37b0f-113a-402a-a046-43599cc32f07/manifest,,,,,31
佛果圜悟禪師碧巖録 10巻 [7],A00:5579,ブッカ エンゴ ゼンジ ヘキガンロク,重顕,10,總持禪寺,[室町前期],図書,中国語,"䟽の書名: 重刋圜悟禅師碧巖集|扉の書名: 圜悟碧巖集|版心の書名: 碧巖|表紙の書名(墨書): 碧巖集, 圜悟碧岩集|扉に「宗門第一書」, 「杭州北槗北街東嵎中張氏書隱印行」, 「本朝能州總持禪寺置焉」とあり|序末に「古杭朱子成刋」, 卷第5-6末に原刊語あり|卷第3末に「前総持承天大和尚奉報御恩也」とあり|大尾に「嵎中張氏書隱刻梓」との墨刻あり|跋末に「延祐丁巳中元日海粟老人馮子振題」とあり|四周双辺有界11行21字注文双行, 内匡廓: 17.8×12.1cm, 中黒口三黒魚尾|拠元延祐4(1317)跋杭州張氏書隱刊本覆刻|朱点, 朱引あり|墨筆付訓, 書き入れあり|印記: 「紀伊恴川 南葵文庫」|虫損あり",http://tify.sub.uni-goettingen.de/demo.html?manifest=https://archdataset.dl.itc.u-tokyo.ac.jp/manifest/711444d3-62ef-8283-4607-66134e0d4fc2.json,711444d3-62ef-8283-4607-66134e0d4fc2,https://iiif.dl.itc.u-tokyo.ac.jp/repo/s/nanki/,https://iiif.dl.itc.u-tokyo.ac.jp/repo/s/nanki/document/711444d3-62ef-8283-4607-66134e0d4fc2,https://www.lib.u-tokyo.ac.jp/ja/library/contents/archives-top/reuse,https://iiif.dl.itc.u-tokyo.ac.jp/repo/files/medium/1de4b0283e4ba252a84791bcd3ac2a7c12546e8d.jpg,https://iiif.dl.itc.u-tokyo.ac.jp/repo/api/items/1001673,"東京大学総合図書館 General Library, The University of Tokyo, JAPAN",http://iiif.io/api/presentation/2#rightToLeftDirection,,総合図書館所蔵南葵文庫,0438,,https://iiif.dl.itc.u-tokyo.ac.jp/repo/iiif/711444d3-62ef-8283-4607-66134e0d4fc2/manifest,,,,,29
佛果圜悟禪師碧巖録 10巻 [8],A00:5579,ブッカ エンゴ ゼンジ ヘキガンロク,重顕,10,總持禪寺,[室町前期],図書,中国語,"䟽の書名: 重刋圜悟禅師碧巖集|扉の書名: 圜悟碧巖集|版心の書名: 碧巖|表紙の書名(墨書): 碧巖集, 圜悟碧岩集|扉に「宗門第一書」, 「杭州北槗北街東嵎中張氏書隱印行」, 「本朝能州總持禪寺置焉」とあり|序末に「古杭朱子成刋」, 卷第5-6末に原刊語あり|卷第3末に「前総持承天大和尚奉報御恩也」とあり|大尾に「嵎中張氏書隱刻梓」との墨刻あり|跋末に「延祐丁巳中元日海粟老人馮子振題」とあり|四周双辺有界11行21字注文双行, 内匡廓: 17.8×12.1cm, 中黒口三黒魚尾|拠元延祐4(1317)跋杭州張氏書隱刊本覆刻|朱点, 朱引あり|墨筆付訓, 書き入れあり|印記: 「紀伊恴川 南葵文庫」|虫損あり",http://tify.sub.uni-goettingen.de/demo.html?manifest=https://archdataset.dl.itc.u-tokyo.ac.jp/manifest/040dd940-808b-5620-3434-1c5114967642.json,040dd940-808b-5620-3434-1c5114967642,https://iiif.dl.itc.u-tokyo.ac.jp/repo/s/nanki/,https://iiif.dl.itc.u-tokyo.ac.jp/repo/s/nanki/document/040dd940-808b-5620-3434-1c5114967642,https://www.lib.u-tokyo.ac.jp/ja/library/contents/archives-top/reuse,https://iiif.dl.itc.u-tokyo.ac.jp/repo/files/medium/63f242e91144cb6b7c1cfa7070045d1547821736.jpg,https://iiif.dl.itc.u-tokyo.ac.jp/repo/api/items/1001672,"東京大学総合図書館 General Library, The University of Tokyo, JAPAN",http://iiif.io/api/presentation/2#rightToLeftDirection,,総合図書館所蔵南葵文庫,0439,,https://iiif.dl.itc.u-tokyo.ac.jp/repo/iiif/040dd940-808b-5620-3434-1c5114967642/manifest,,,,,28
佛果圜悟禪師碧巖録 10巻 [9],A00:5579,ブッカ エンゴ ゼンジ ヘキガンロク,重顕,10,總持禪寺,[室町前期],図書,中国語,"䟽の書名: 重刋圜悟禅師碧巖集|扉の書名: 圜悟碧巖集|版心の書名: 碧巖|表紙の書名(墨書): 碧巖集, 圜悟碧岩集|扉に「宗門第一書」, 「杭州北槗北街東嵎中張氏書隱印行」, 「本朝能州總持禪寺置焉」とあり|序末に「古杭朱子成刋」, 卷第5-6末に原刊語あり|卷第3末に「前総持承天大和尚奉報御恩也」とあり|大尾に「嵎中張氏書隱刻梓」との墨刻あり|跋末に「延祐丁巳中元日海粟老人馮子振題」とあり|四周双辺有界11行21字注文双行, 内匡廓: 17.8×12.1cm, 中黒口三黒魚尾|拠元延祐4(1317)跋杭州張氏書隱刊本覆刻|朱点, 朱引あり|墨筆付訓, 書き入れあり|印記: 「紀伊恴川 南葵文庫」|虫損あり",http://tify.sub.uni-goettingen.de/demo.html?manifest=https://archdataset.dl.itc.u-tokyo.ac.jp/manifest/05d7cbaa-9875-37b2-50fd-cc0aec70431e.json,05d7cbaa-9875-37b2-50fd-cc0aec70431e,https://iiif.dl.itc.u-tokyo.ac.jp/repo/s/nanki/,https://iiif.dl.itc.u-tokyo.ac.jp/repo/s/nanki/document/05d7cbaa-9875-37b2-50fd-cc0aec70431e,https://www.lib.u-tokyo.ac.jp/ja/library/contents/archives-top/reuse,https://iiif.dl.itc.u-tokyo.ac.jp/repo/files/medium/2d5340f1d5cc745ca3c691bf01bf47951c635f72.jpg,https://iiif.dl.itc.u-tokyo.ac.jp/repo/api/items/1001671,"東京大学総合図書館 General Library, The University of Tokyo, JAPAN",http://iiif.io/api/presentation/2#rightToLeftDirection,,総合図書館所蔵南葵文庫,0440,,https://iiif.dl.itc.u-tokyo.ac.jp/repo/iiif/05d7cbaa-9875-37b2-50fd-cc0aec70431e/manifest,,,,,32
佛果圜悟禪師碧巖録 10巻 [10],A00:5579,ブッカ エンゴ ゼンジ ヘキガンロク,重顕,10,總持禪寺,[室町前期],図書,中国語,"䟽の書名: 重刋圜悟禅師碧巖集|扉の書名: 圜悟碧巖集|版心の書名: 碧巖|表紙の書名(墨書): 碧巖集, 圜悟碧岩集|扉に「宗門第一書」, 「杭州北槗北街東嵎中張氏書隱印行」, 「本朝能州總持禪寺置焉」とあり|序末に「古杭朱子成刋」, 卷第5-6末に原刊語あり|卷第3末に「前総持承天大和尚奉報御恩也」とあり|大尾に「嵎中張氏書隱刻梓」との墨刻あり|跋末に「延祐丁巳中元日海粟老人馮子振題」とあり|四周双辺有界11行21字注文双行, 内匡廓: 17.8×12.1cm, 中黒口三黒魚尾|拠元延祐4(1317)跋杭州張氏書隱刊本覆刻|朱点, 朱引あり|墨筆付訓, 書き入れあり|印記: 「紀伊恴川 南葵文庫」|虫損あり",http://tify.sub.uni-goettingen.de/demo.html?manifest=https://archdataset.dl.itc.u-tokyo.ac.jp/manifest/46fcd90d-710c-0cd6-92e9-34860cee4104.json,46fcd90d-710c-0cd6-92e9-34860cee4104,https://iiif.dl.itc.u-tokyo.ac.jp/repo/s/nanki/,https://iiif.dl.itc.u-tokyo.ac.jp/repo/s/nanki/document/46fcd90d-710c-0cd6-92e9-34860cee4104,https://www.lib.u-tokyo.ac.jp/ja/library/contents/archives-top/reuse,https://iiif.dl.itc.u-tokyo.ac.jp/repo/files/medium/4d4f6c70d1a0f38ebc765a6b67cce7748b0df4bb.jpg,https://iiif.dl.itc.u-tokyo.ac.jp/repo/api/items/1001670,"東京大学総合図書館 General Library, The University of Tokyo, JAPAN",http://iiif.io/api/presentation/2#rightToLeftDirection,,総合図書館所蔵南葵文庫,0441,,https://iiif.dl.itc.u-tokyo.ac.jp/repo/iiif/46fcd90d-710c-0cd6-92e9-34860cee4104/manifest,,,,,41
倭姫命世記,A00:5580,ヤマトヒメ ノ ミコト セイキ,度会 五月麿,1,[青木永弘] [写],寳永3 [1706] 奥書,図書,日本語,"写本|巻末の書名: 太神宮本紀|題簽の書名: 倭姫世記|奥中の書名: 大神宮神祇本紀|本奥書に「本云 大治四年十二月廿七日書冩之畢/外權祢宜度會神主雜晴判」, 「倭姫命世記者大神宮神祇本紀下而度會二所之祖二所太神宮太神主御氣之筆作同四門外宮彌宜神主五月万呂撰集之由也爰近代度會神書一等紛失而猶内宮荒木田神主等雖相傳之邪秘而不免他見絶希望之處神慮令然歟得此古本於京師不意拝見之則在誤字闕字剰落行等仍而古記中往々所引用之以倭姫命世記之文近衛家本高辻家本等校合之正誤字補入闕字落行等加古點猶有不審數箇所他日得正本再校而已」とあり|奥書に「寳永三年丙戌八月神日 従五位下周防守諏訪社祠官青木永弘」とあり|毎半葉9行16字|付訓あり|付箋2枚あり|見返しに「キ 岸本伊豆流夲也/召 紹運録也/イ 今井似閑本也/右以諸本弘化三丙午年五月校合了 久寿の屋典ひら(花押)」, 巻末に「此古本やまと姫丗紀とものは崎陽諏訪社の神主青木永弘大人の祕藏本なり ... 多氣の屋永平翁」との朱筆識語あり|印記: 「本居藏書」(本居内遠), 「交埜藏書」(交野時万), 「原宿文庫」(片野邑平), 「南葵文庫」|虫損あり",http://tify.sub.uni-goettingen.de/demo.html?manifest=https://archdataset.dl.itc.u-tokyo.ac.jp/manifest/224d89a4-6a9c-7b84-203d-64ab0b945d84.json,224d89a4-6a9c-7b84-203d-64ab0b945d84,https://iiif.dl.itc.u-tokyo.ac.jp/repo/s/nanki/,https://iiif.dl.itc.u-tokyo.ac.jp/repo/s/nanki/document/224d89a4-6a9c-7b84-203d-64ab0b945d84,https://www.lib.u-tokyo.ac.jp/ja/library/contents/archives-top/reuse,https://iiif.dl.itc.u-tokyo.ac.jp/repo/files/medium/10646ebf2f883bc0910906ad763a35b425354567.jpg,https://iiif.dl.itc.u-tokyo.ac.jp/repo/api/items/1001669,"東京大学総合図書館 General Library, The University of Tokyo, JAPAN",http://iiif.io/api/presentation/2#rightToLeftDirection,,総合図書館所蔵南葵文庫,0442,,https://iiif.dl.itc.u-tokyo.ac.jp/repo/iiif/224d89a4-6a9c-7b84-203d-64ab0b945d84/manifest,,,,,40
倭姫命世紀,A00:5581,ヤマトヒメ ノ ミコト セイキ,度会 五月麿,1,[書写者不明],[江戸中期以降],図書,日本語,"写本|巻末の書名: 太神宮本紀|題簽の書名: 倭姫命世記|奥中の書名: 太神宮神祇本紀|本奥書に「本云 大治四年十二月廿七日書写之畢/外權祢宜度會神主雜晴判」, 「更云 夘年五月書写之 豊受太神宮祢宜正四位上度會神主章尚判/于時應永廿五年戌仲夏端午後一日書写畢授點了」, 「倭姫命世紀者太神宮神祇本紀下而度會二門祖二所太神宮太神主御氣之筆作同四門外宮彌冝神主五月麿集撰之由也爰近代度會神主等紛失之而猶内宮荒木田神主等雖相傳之邪祕而不在他見絶希望之處神処令然欤古本在京都不意書写之仍拝覧之則有誤字闕字剰有落行之間古紀中徃々所引用之以倭姫命世紀文挍合之正誤字入闕字補落行加古点猶有審期正本一見之節云尒/寛文九年己酉朔日 四門祝部延佳謹識」とあり|毎半葉9行18字|付訓あり|表紙に「度會延佳手澤手」との墨書あり|見返しに「モ 夲居本也/イ 荒木田久老本/召 紹運録」, 巻末に「天保七丙申年十一月記前表以諸本校合畢 平由豆流(花押)」との朱筆識語あり|朱墨筆書き入れあり|印記: 「宇米の家」, 「原宿文庫」(片野邑平), 「交埜藏書」(交野時万), 「南葵文庫」",http://tify.sub.uni-goettingen.de/demo.html?manifest=https://archdataset.dl.itc.u-tokyo.ac.jp/manifest/5830e503-54ed-31cf-a7ab-7ca6503270af.json,5830e503-54ed-31cf-a7ab-7ca6503270af,https://iiif.dl.itc.u-tokyo.ac.jp/repo/s/nanki/,https://iiif.dl.itc.u-tokyo.ac.jp/repo/s/nanki/document/5830e503-54ed-31cf-a7ab-7ca6503270af,https://www.lib.u-tokyo.ac.jp/ja/library/contents/archives-top/reuse,https://iiif.dl.itc.u-tokyo.ac.jp/repo/files/medium/f7daa8bd75e29860ecd0bf38fe67f55e2f928fc9.jpg,https://iiif.dl.itc.u-tokyo.ac.jp/repo/api/items/1001668,"東京大学総合図書館 General Library, The University of Tokyo, JAPAN",http://iiif.io/api/presentation/2#rightToLeftDirection,,総合図書館所蔵南葵文庫,0443,,https://iiif.dl.itc.u-tokyo.ac.jp/repo/iiif/5830e503-54ed-31cf-a7ab-7ca6503270af/manifest,,,,,39
新學菩薩行要抄 1巻附雜事1巻,A00:5582,シンガク ボサツ ギョウヨウショウ,実導,1,[廬山教肆],應永7 [1400] [跋],図書,日本語,"揔目の書名: 新學行要抄|版心の書名: 行要, 雜事|表紙の書名(墨書): 新學行要|本文末に「延文二秊十月廾六日於江州敏滿寺佛土院集記訖」とあり|[跋]に「應安四年五月廾五日於廬山蓮社一見之次聊加添削畢未再治不可披露之 大乗寺沙門仁空記」, 「新學行要雜事問荅者先師飴述作後葉爲軌範而末弟明空幸稟師迹聊思弘宣勸助役於同志彰文字於印板廼施廬山教肆永傳來際學侶一耳時應永七秊歳次庚辰暮春初五日 幹縁比丘照珍 右筆比丘慧鏡 廬山住持比丘明空敬誌」とあり|四周単辺有界7行17字注文双行, 内匡廓: 18.0×11.4cm, 白口単黒魚尾|墨筆付訓あり|巻末に「幸淳之」との墨書あり|後見返しに「福壽主盟幸和上人以結般若縁云寔慶安三年小春之晦蓂也」との墨書あり|後印本|印記: 「人中分陀利華」, 「安井文庫」(安井息軒), 「紀伊徳川 南葵文庫」|虫損あり",http://tify.sub.uni-goettingen.de/demo.html?manifest=https://archdataset.dl.itc.u-tokyo.ac.jp/manifest/59360783-6171-90ee-4cd5-78e3f1be4e7c.json,59360783-6171-90ee-4cd5-78e3f1be4e7c,https://iiif.dl.itc.u-tokyo.ac.jp/repo/s/nanki/,https://iiif.dl.itc.u-tokyo.ac.jp/repo/s/nanki/document/59360783-6171-90ee-4cd5-78e3f1be4e7c,https://www.lib.u-tokyo.ac.jp/ja/library/contents/archives-top/reuse,https://iiif.dl.itc.u-tokyo.ac.jp/repo/files/medium/fe35044f1bcec29e563177cf9f527217e51f3438.jpg,https://iiif.dl.itc.u-tokyo.ac.jp/repo/api/items/1001667,"東京大学総合図書館 General Library, The University of Tokyo, JAPAN",http://iiif.io/api/presentation/2#rightToLeftDirection,,総合図書館所蔵南葵文庫,0444,,https://iiif.dl.itc.u-tokyo.ac.jp/repo/iiif/59360783-6171-90ee-4cd5-78e3f1be4e7c/manifest,,,,,50
伊勢物語,A00:5589,イセ モノガタリ,,1,[書写者不明],[室町前期],図書,日本語,"書名は題簽による|小口書: 梶川与總兵衛覚書|巻末に「丙午如月 小臣忠輔謹写」とあり|巻末識語に「嘉永三戌年八月七日於梶川半左衞門殿家臣井上玄藏 ... 藤原忠慾写」(朱筆), 「安政三丙辰年八月三日芝神明七軒街本屋某買置ク反古之内より見出し求ル 多湖有次郎橘実誠(花押)」(墨筆)とあり|毎半葉7行|朱筆書き入れあり|印記: 「橘實成藏」, 「紀伊恴川 南葵文庫」|虫損あり",http://tify.sub.uni-goettingen.de/demo.html?manifest=https://archdataset.dl.itc.u-tokyo.ac.jp/manifest/83c5a30d-2b52-4e4a-5a50-0e2edb213337.json,83c5a30d-2b52-4e4a-5a50-0e2edb213337,https://iiif.dl.itc.u-tokyo.ac.jp/repo/s/nanki/,https://iiif.dl.itc.u-tokyo.ac.jp/repo/s/nanki/document/83c5a30d-2b52-4e4a-5a50-0e2edb213337,https://www.lib.u-tokyo.ac.jp/ja/library/contents/archives-top/reuse,https://iiif.dl.itc.u-tokyo.ac.jp/repo/files/medium/f36dc372a307d3f4d6a970b03529fc3897333f9f.jpg,https://iiif.dl.itc.u-tokyo.ac.jp/repo/api/items/1001666,"東京大学総合図書館 General Library, The University of Tokyo, JAPAN",http://iiif.io/api/presentation/2#rightToLeftDirection,,総合図書館所蔵南葵文庫,0445,,https://iiif.dl.itc.u-tokyo.ac.jp/repo/iiif/83c5a30d-2b52-4e4a-5a50-0e2edb213337/manifest,,,,,80
伊勢物語古意 6巻 (存2巻),A00:5590,イセ モノガタリ コイ,賀茂 真淵,1,青桺種信 [写],寛政5 [1793] 奥書,図書,日本語,写本|責任表示は『日本古典籍総合目録データベース』による|奥書に「寛政の五とせとふ年の十一月のはしめ拈少兄ぬしの夲をかり得齋霞関にてうつしぬ 青桺種信」とあり|毎半葉10行|頭注あり|付訓あり|零本|印記: 「紀伊恴川 南葵文庫」|虫損あり (裏打ち補修あり),http://tify.sub.uni-goettingen.de/demo.html?manifest=https://archdataset.dl.itc.u-tokyo.ac.jp/manifest/ce6be899-753c-3029-6e2b-b48a87324194.json,ce6be899-753c-3029-6e2b-b48a87324194,https://iiif.dl.itc.u-tokyo.ac.jp/repo/s/nanki/,https://iiif.dl.itc.u-tokyo.ac.jp/repo/s/nanki/document/ce6be899-753c-3029-6e2b-b48a87324194,https://www.lib.u-tokyo.ac.jp/ja/library/contents/archives-top/reuse,https://iiif.dl.itc.u-tokyo.ac.jp/repo/files/medium/359579a07e0dd9539b44cb5019e0dce4366584a0.jpg,https://iiif.dl.itc.u-tokyo.ac.jp/repo/api/items/1001665,"東京大学総合図書館 General Library, The University of Tokyo, JAPAN",http://iiif.io/api/presentation/2#rightToLeftDirection,,総合図書館所蔵南葵文庫,0446,,https://iiif.dl.itc.u-tokyo.ac.jp/repo/iiif/ce6be899-753c-3029-6e2b-b48a87324194/manifest,,,,,80
續世継 10巻 [1],A00:5591,ショク ヨツギ,寂超,5,[中野道伴],[慶安3 (1650)],図書,日本語,"書名は目首による|版心の書名: 續世|責任表示は『日本古典籍総合目録データベース』による|四周単辺無界11行, 内匡廓: 20.8×17.3cm, 白口無魚尾|付訓, 傍注あり|後印本|第9-10は補抄|内容: 1-3: すへらき. 4-6: ふちなみ. 7: むらかみの源氏. 8: みこたち. 9: むかしかたり. 10: うちきゝ|巻末に「慶安三年 孟春仲旬 中野道伴刋行」との墨書あり|大尾に「天保四とせ十一月十三日萩原宗固校夲をりて校し畢りぬ 伴尚方」との朱筆識語あり|朱墨筆書き入れあり|印記: 「伴氏家印」(伴直方) , 「坂田文庫」(坂田諸遠), 「紀伊恴川 南葵文庫」|虫損あり",http://tify.sub.uni-goettingen.de/demo.html?manifest=https://archdataset.dl.itc.u-tokyo.ac.jp/manifest/7e5ec1b3-8d78-89d6-45a3-c3f5cff565e2.json,7e5ec1b3-8d78-89d6-45a3-c3f5cff565e2,https://iiif.dl.itc.u-tokyo.ac.jp/repo/s/nanki/,https://iiif.dl.itc.u-tokyo.ac.jp/repo/s/nanki/document/7e5ec1b3-8d78-89d6-45a3-c3f5cff565e2,https://www.lib.u-tokyo.ac.jp/ja/library/contents/archives-top/reuse,https://iiif.dl.itc.u-tokyo.ac.jp/repo/files/medium/d854d84fae814dc62c6263da38521e94407bc9ae.jpg,https://iiif.dl.itc.u-tokyo.ac.jp/repo/api/items/1001664,"東京大学総合図書館 General Library, The University of Tokyo, JAPAN",http://iiif.io/api/presentation/2#rightToLeftDirection,,総合図書館所蔵南葵文庫,0447,,https://iiif.dl.itc.u-tokyo.ac.jp/repo/iiif/7e5ec1b3-8d78-89d6-45a3-c3f5cff565e2/manifest,,,,,83
續世継 10巻 [2],A00:5591,ショク ヨツギ,寂超,5,[中野道伴],[慶安3 (1650)],図書,日本語,"書名は目首による|版心の書名: 續世|責任表示は『日本古典籍総合目録データベース』による|四周単辺無界11行, 内匡廓: 20.8×17.3cm, 白口無魚尾|付訓, 傍注あり|後印本|第9-10は補抄|内容: 1-3: すへらき. 4-6: ふちなみ. 7: むらかみの源氏. 8: みこたち. 9: むかしかたり. 10: うちきゝ|巻末に「慶安三年 孟春仲旬 中野道伴刋行」との墨書あり|大尾に「天保四とせ十一月十三日萩原宗固校夲をりて校し畢りぬ 伴尚方」との朱筆識語あり|朱墨筆書き入れあり|印記: 「伴氏家印」(伴直方) , 「坂田文庫」(坂田諸遠), 「紀伊恴川 南葵文庫」|虫損あり",http://tify.sub.uni-goettingen.de/demo.html?manifest=https://archdataset.dl.itc.u-tokyo.ac.jp/manifest/4c006bb3-4c29-512c-6c58-2b49f2e704c9.json,4c006bb3-4c29-512c-6c58-2b49f2e704c9,https://iiif.dl.itc.u-tokyo.ac.jp/repo/s/nanki/,https://iiif.dl.itc.u-tokyo.ac.jp/repo/s/nanki/document/4c006bb3-4c29-512c-6c58-2b49f2e704c9,https://www.lib.u-tokyo.ac.jp/ja/library/contents/archives-top/reuse,https://iiif.dl.itc.u-tokyo.ac.jp/repo/files/medium/5b7291d6d95b1e9321faf72f06c33ea76341491f.jpg,https://iiif.dl.itc.u-tokyo.ac.jp/repo/api/items/1001663,"東京大学総合図書館 General Library, The University of Tokyo, JAPAN",http://iiif.io/api/presentation/2#rightToLeftDirection,,総合図書館所蔵南葵文庫,0448,,https://iiif.dl.itc.u-tokyo.ac.jp/repo/iiif/4c006bb3-4c29-512c-6c58-2b49f2e704c9/manifest,,,,,75
續世継 10巻 [3],A00:5591,ショク ヨツギ,寂超,5,[中野道伴],[慶安3 (1650)],図書,日本語,"書名は目首による|版心の書名: 續世|責任表示は『日本古典籍総合目録データベース』による|四周単辺無界11行, 内匡廓: 20.8×17.3cm, 白口無魚尾|付訓, 傍注あり|後印本|第9-10は補抄|内容: 1-3: すへらき. 4-6: ふちなみ. 7: むらかみの源氏. 8: みこたち. 9: むかしかたり. 10: うちきゝ|巻末に「慶安三年 孟春仲旬 中野道伴刋行」との墨書あり|大尾に「天保四とせ十一月十三日萩原宗固校夲をりて校し畢りぬ 伴尚方」との朱筆識語あり|朱墨筆書き入れあり|印記: 「伴氏家印」(伴直方) , 「坂田文庫」(坂田諸遠), 「紀伊恴川 南葵文庫」|虫損あり",http://tify.sub.uni-goettingen.de/demo.html?manifest=https://archdataset.dl.itc.u-tokyo.ac.jp/manifest/1f20c674-5e7d-39de-1736-cffdbed10692.json,1f20c674-5e7d-39de-1736-cffdbed10692,https://iiif.dl.itc.u-tokyo.ac.jp/repo/s/nanki/,https://iiif.dl.itc.u-tokyo.ac.jp/repo/s/nanki/document/1f20c674-5e7d-39de-1736-cffdbed10692,https://www.lib.u-tokyo.ac.jp/ja/library/contents/archives-top/reuse,https://iiif.dl.itc.u-tokyo.ac.jp/repo/files/medium/46cdb06be57e216261cfeaae783da5d07c3260b2.jpg,https://iiif.dl.itc.u-tokyo.ac.jp/repo/api/items/1001662,"東京大学総合図書館 General Library, The University of Tokyo, JAPAN",http://iiif.io/api/presentation/2#rightToLeftDirection,,総合図書館所蔵南葵文庫,0449,,https://iiif.dl.itc.u-tokyo.ac.jp/repo/iiif/1f20c674-5e7d-39de-1736-cffdbed10692/manifest,,,,,105
續世継 10巻 [4],A00:5591,ショク ヨツギ,寂超,5,[中野道伴],[慶安3 (1650)],図書,日本語,"書名は目首による|版心の書名: 續世|責任表示は『日本古典籍総合目録データベース』による|四周単辺無界11行, 内匡廓: 20.8×17.3cm, 白口無魚尾|付訓, 傍注あり|後印本|第9-10は補抄|内容: 1-3: すへらき. 4-6: ふちなみ. 7: むらかみの源氏. 8: みこたち. 9: むかしかたり. 10: うちきゝ|巻末に「慶安三年 孟春仲旬 中野道伴刋行」との墨書あり|大尾に「天保四とせ十一月十三日萩原宗固校夲をりて校し畢りぬ 伴尚方」との朱筆識語あり|朱墨筆書き入れあり|印記: 「伴氏家印」(伴直方) , 「坂田文庫」(坂田諸遠), 「紀伊恴川 南葵文庫」|虫損あり",http://tify.sub.uni-goettingen.de/demo.html?manifest=https://archdataset.dl.itc.u-tokyo.ac.jp/manifest/fc2fec44-77a0-8a10-57c7-ce58bbc32938.json,fc2fec44-77a0-8a10-57c7-ce58bbc32938,https://iiif.dl.itc.u-tokyo.ac.jp/repo/s/nanki/,https://iiif.dl.itc.u-tokyo.ac.jp/repo/s/nanki/document/fc2fec44-77a0-8a10-57c7-ce58bbc32938,https://www.lib.u-tokyo.ac.jp/ja/library/contents/archives-top/reuse,https://iiif.dl.itc.u-tokyo.ac.jp/repo/files/medium/adb86383eb86bf36159d4c3c08b59e061b371ca5.jpg,https://iiif.dl.itc.u-tokyo.ac.jp/repo/api/items/1001661,"東京大学総合図書館 General Library, The University of Tokyo, JAPAN",http://iiif.io/api/presentation/2#rightToLeftDirection,,総合図書館所蔵南葵文庫,0450,,https://iiif.dl.itc.u-tokyo.ac.jp/repo/iiif/fc2fec44-77a0-8a10-57c7-ce58bbc32938/manifest,,,,,79
續世継 10巻 [5],A00:5591,ショク ヨツギ,寂超,5,[中野道伴],[慶安3 (1650)],図書,日本語,"書名は目首による|版心の書名: 續世|責任表示は『日本古典籍総合目録データベース』による|四周単辺無界11行, 内匡廓: 20.8×17.3cm, 白口無魚尾|付訓, 傍注あり|後印本|第9-10は補抄|内容: 1-3: すへらき. 4-6: ふちなみ. 7: むらかみの源氏. 8: みこたち. 9: むかしかたり. 10: うちきゝ|巻末に「慶安三年 孟春仲旬 中野道伴刋行」との墨書あり|大尾に「天保四とせ十一月十三日萩原宗固校夲をりて校し畢りぬ 伴尚方」との朱筆識語あり|朱墨筆書き入れあり|印記: 「伴氏家印」(伴直方) , 「坂田文庫」(坂田諸遠), 「紀伊恴川 南葵文庫」|虫損あり",http://tify.sub.uni-goettingen.de/demo.html?manifest=https://archdataset.dl.itc.u-tokyo.ac.jp/manifest/577eaa62-3c4c-72f6-2b02-572241a0347f.json,577eaa62-3c4c-72f6-2b02-572241a0347f,https://iiif.dl.itc.u-tokyo.ac.jp/repo/s/nanki/,https://iiif.dl.itc.u-tokyo.ac.jp/repo/s/nanki/document/577eaa62-3c4c-72f6-2b02-572241a0347f,https://www.lib.u-tokyo.ac.jp/ja/library/contents/archives-top/reuse,https://iiif.dl.itc.u-tokyo.ac.jp/repo/files/medium/76d1aab369f40c23f545f5a6ab183b9a7b9aee7c.jpg,https://iiif.dl.itc.u-tokyo.ac.jp/repo/api/items/1001660,"東京大学総合図書館 General Library, The University of Tokyo, JAPAN",http://iiif.io/api/presentation/2#rightToLeftDirection,,総合図書館所蔵南葵文庫,0451,,https://iiif.dl.itc.u-tokyo.ac.jp/repo/iiif/577eaa62-3c4c-72f6-2b02-572241a0347f/manifest,,,,,54
"信長記 15巻, 首1巻 [1]",G24:391,シンチョウキ,太田和泉綴之,9,[書写者不明],[書写年不明],図書,日本語,"写本|各巻奥書に「右太田和泉守以自筆之本聊不違令書校合畢彼本文字以下少々誤有之歟雖然最任愚意非可直之儀仍猶本而巳 寛永十八年孟秋中旬 盛澄」とあり|11巻末に「右黒船」の墨書あり|朱筆書入れあり|1-2と3-4,9-10と11を合冊|和装本, 栗皮色表紙|印記: 「舊和歌山徳川氏藏」, 「紀伊恴川 南葵文庫」|虫損あり",http://tify.sub.uni-goettingen.de/demo.html?manifest=https://archdataset.dl.itc.u-tokyo.ac.jp/manifest/e46552cd-4d23-23f2-3ebc-49d6aa2c2728.json,e46552cd-4d23-23f2-3ebc-49d6aa2c2728,https://iiif.dl.itc.u-tokyo.ac.jp/repo/s/nanki/,https://iiif.dl.itc.u-tokyo.ac.jp/repo/s/nanki/document/e46552cd-4d23-23f2-3ebc-49d6aa2c2728,https://www.lib.u-tokyo.ac.jp/ja/library/contents/archives-top/reuse,https://iiif.dl.itc.u-tokyo.ac.jp/repo/files/medium/c7e35e5c238a7c74189eea25bbd89503e177325d.jpg,https://iiif.dl.itc.u-tokyo.ac.jp/repo/api/items/1001659,"東京大学総合図書館 General Library, The University of Tokyo, JAPAN",http://iiif.io/api/presentation/2#rightToLeftDirection,,総合図書館所蔵南葵文庫,0452,,https://iiif.dl.itc.u-tokyo.ac.jp/repo/iiif/e46552cd-4d23-23f2-3ebc-49d6aa2c2728/manifest,,,,,108
"信長記 15巻, 首1巻 [2]",G24:391,シンチョウキ,太田和泉綴之,9,[書写者不明],[書写年不明],図書,日本語,"写本|各巻奥書に「右太田和泉守以自筆之本聊不違令書校合畢彼本文字以下少々誤有之歟雖然最任愚意非可直之儀仍猶本而巳 寛永十八年孟秋中旬 盛澄」とあり|11巻末に「右黒船」の墨書あり|朱筆書入れあり|1-2と3-4,9-10と11を合冊|和装本, 栗皮色表紙|印記: 「舊和歌山徳川氏藏」, 「紀伊恴川 南葵文庫」|虫損あり",http://tify.sub.uni-goettingen.de/demo.html?manifest=https://archdataset.dl.itc.u-tokyo.ac.jp/manifest/70d9a04e-85e9-2bbd-48f1-ed97b52069d9.json,70d9a04e-85e9-2bbd-48f1-ed97b52069d9,https://iiif.dl.itc.u-tokyo.ac.jp/repo/s/nanki/,https://iiif.dl.itc.u-tokyo.ac.jp/repo/s/nanki/document/70d9a04e-85e9-2bbd-48f1-ed97b52069d9,https://www.lib.u-tokyo.ac.jp/ja/library/contents/archives-top/reuse,https://iiif.dl.itc.u-tokyo.ac.jp/repo/files/medium/c18bd27c1defe7a5117f5af3d2a2f37d79599ae9.jpg,https://iiif.dl.itc.u-tokyo.ac.jp/repo/api/items/1001658,"東京大学総合図書館 General Library, The University of Tokyo, JAPAN",http://iiif.io/api/presentation/2#rightToLeftDirection,,総合図書館所蔵南葵文庫,0453,,https://iiif.dl.itc.u-tokyo.ac.jp/repo/iiif/70d9a04e-85e9-2bbd-48f1-ed97b52069d9/manifest,,,,,73
"信長記 15巻, 首1巻 [3]",G24:391,シンチョウキ,太田和泉綴之,9,[書写者不明],[書写年不明],図書,日本語,"写本|各巻奥書に「右太田和泉守以自筆之本聊不違令書校合畢彼本文字以下少々誤有之歟雖然最任愚意非可直之儀仍猶本而巳 寛永十八年孟秋中旬 盛澄」とあり|11巻末に「右黒船」の墨書あり|朱筆書入れあり|1-2と3-4,9-10と11を合冊|和装本, 栗皮色表紙|印記: 「舊和歌山徳川氏藏」, 「紀伊恴川 南葵文庫」|虫損あり",http://tify.sub.uni-goettingen.de/demo.html?manifest=https://archdataset.dl.itc.u-tokyo.ac.jp/manifest/1431f7be-2880-4bb8-6b50-c0e0e5ff09c3.json,1431f7be-2880-4bb8-6b50-c0e0e5ff09c3,https://iiif.dl.itc.u-tokyo.ac.jp/repo/s/nanki/,https://iiif.dl.itc.u-tokyo.ac.jp/repo/s/nanki/document/1431f7be-2880-4bb8-6b50-c0e0e5ff09c3,https://www.lib.u-tokyo.ac.jp/ja/library/contents/archives-top/reuse,https://iiif.dl.itc.u-tokyo.ac.jp/repo/files/medium/4a661703643f33a6c4b7de0d159dd5d2f0924eb1.jpg,https://iiif.dl.itc.u-tokyo.ac.jp/repo/api/items/1001657,"東京大学総合図書館 General Library, The University of Tokyo, JAPAN",http://iiif.io/api/presentation/2#rightToLeftDirection,,総合図書館所蔵南葵文庫,0454,,https://iiif.dl.itc.u-tokyo.ac.jp/repo/iiif/1431f7be-2880-4bb8-6b50-c0e0e5ff09c3/manifest,,,,,59
"信長記 15巻, 首1巻 [4]",G24:391,シンチョウキ,太田和泉綴之,9,[書写者不明],[書写年不明],図書,日本語,"写本|各巻奥書に「右太田和泉守以自筆之本聊不違令書校合畢彼本文字以下少々誤有之歟雖然最任愚意非可直之儀仍猶本而巳 寛永十八年孟秋中旬 盛澄」とあり|11巻末に「右黒船」の墨書あり|朱筆書入れあり|1-2と3-4,9-10と11を合冊|和装本, 栗皮色表紙|印記: 「舊和歌山徳川氏藏」, 「紀伊恴川 南葵文庫」|虫損あり",http://tify.sub.uni-goettingen.de/demo.html?manifest=https://archdataset.dl.itc.u-tokyo.ac.jp/manifest/4046f78b-67d8-9881-7e07-919708f188c2.json,4046f78b-67d8-9881-7e07-919708f188c2,https://iiif.dl.itc.u-tokyo.ac.jp/repo/s/nanki/,https://iiif.dl.itc.u-tokyo.ac.jp/repo/s/nanki/document/4046f78b-67d8-9881-7e07-919708f188c2,https://www.lib.u-tokyo.ac.jp/ja/library/contents/archives-top/reuse,https://iiif.dl.itc.u-tokyo.ac.jp/repo/files/medium/50173ba747e165ce67a9c243b97e219ada806292.jpg,https://iiif.dl.itc.u-tokyo.ac.jp/repo/api/items/1001656,"東京大学総合図書館 General Library, The University of Tokyo, JAPAN",http://iiif.io/api/presentation/2#rightToLeftDirection,,総合図書館所蔵南葵文庫,0455,,https://iiif.dl.itc.u-tokyo.ac.jp/repo/iiif/4046f78b-67d8-9881-7e07-919708f188c2/manifest,,,,,71
"信長記 15巻, 首1巻 [5]",G24:391,シンチョウキ,太田和泉綴之,9,[書写者不明],[書写年不明],図書,日本語,"写本|各巻奥書に「右太田和泉守以自筆之本聊不違令書校合畢彼本文字以下少々誤有之歟雖然最任愚意非可直之儀仍猶本而巳 寛永十八年孟秋中旬 盛澄」とあり|11巻末に「右黒船」の墨書あり|朱筆書入れあり|1-2と3-4,9-10と11を合冊|和装本, 栗皮色表紙|印記: 「舊和歌山徳川氏藏」, 「紀伊恴川 南葵文庫」|虫損あり",http://tify.sub.uni-goettingen.de/demo.html?manifest=https://archdataset.dl.itc.u-tokyo.ac.jp/manifest/71bd738c-a0da-3a5a-0607-e814f0b2671f.json,71bd738c-a0da-3a5a-0607-e814f0b2671f,https://iiif.dl.itc.u-tokyo.ac.jp/repo/s/nanki/,https://iiif.dl.itc.u-tokyo.ac.jp/repo/s/nanki/document/71bd738c-a0da-3a5a-0607-e814f0b2671f,https://www.lib.u-tokyo.ac.jp/ja/library/contents/archives-top/reuse,https://iiif.dl.itc.u-tokyo.ac.jp/repo/files/medium/989208443065b3898642de08ba94972e4b80dc79.jpg,https://iiif.dl.itc.u-tokyo.ac.jp/repo/api/items/1001655,"東京大学総合図書館 General Library, The University of Tokyo, JAPAN",http://iiif.io/api/presentation/2#rightToLeftDirection,,総合図書館所蔵南葵文庫,0456,,https://iiif.dl.itc.u-tokyo.ac.jp/repo/iiif/71bd738c-a0da-3a5a-0607-e814f0b2671f/manifest,,,,,89
"信長記 15巻, 首1巻 [6]",G24:391,シンチョウキ,太田和泉綴之,9,[書写者不明],[書写年不明],図書,日本語,"写本|各巻奥書に「右太田和泉守以自筆之本聊不違令書校合畢彼本文字以下少々誤有之歟雖然最任愚意非可直之儀仍猶本而巳 寛永十八年孟秋中旬 盛澄」とあり|11巻末に「右黒船」の墨書あり|朱筆書入れあり|1-2と3-4,9-10と11を合冊|和装本, 栗皮色表紙|印記: 「舊和歌山徳川氏藏」, 「紀伊恴川 南葵文庫」|虫損あり",http://tify.sub.uni-goettingen.de/demo.html?manifest=https://archdataset.dl.itc.u-tokyo.ac.jp/manifest/cd4bfe31-a08c-5bd0-36fb-6af2d04d4453.json,cd4bfe31-a08c-5bd0-36fb-6af2d04d4453,https://iiif.dl.itc.u-tokyo.ac.jp/repo/s/nanki/,https://iiif.dl.itc.u-tokyo.ac.jp/repo/s/nanki/document/cd4bfe31-a08c-5bd0-36fb-6af2d04d4453,https://www.lib.u-tokyo.ac.jp/ja/library/contents/archives-top/reuse,https://iiif.dl.itc.u-tokyo.ac.jp/repo/files/medium/f5985a769d24a310509e98e23b9d965d2703b4d5.jpg,https://iiif.dl.itc.u-tokyo.ac.jp/repo/api/items/1001654,"東京大学総合図書館 General Library, The University of Tokyo, JAPAN",http://iiif.io/api/presentation/2#rightToLeftDirection,,総合図書館所蔵南葵文庫,0457,,https://iiif.dl.itc.u-tokyo.ac.jp/repo/iiif/cd4bfe31-a08c-5bd0-36fb-6af2d04d4453/manifest,,,,,68
"信長記 15巻, 首1巻 [7]",G24:391,シンチョウキ,太田和泉綴之,9,[書写者不明],[書写年不明],図書,日本語,"写本|各巻奥書に「右太田和泉守以自筆之本聊不違令書校合畢彼本文字以下少々誤有之歟雖然最任愚意非可直之儀仍猶本而巳 寛永十八年孟秋中旬 盛澄」とあり|11巻末に「右黒船」の墨書あり|朱筆書入れあり|1-2と3-4,9-10と11を合冊|和装本, 栗皮色表紙|印記: 「舊和歌山徳川氏藏」, 「紀伊恴川 南葵文庫」|虫損あり",http://tify.sub.uni-goettingen.de/demo.html?manifest=https://archdataset.dl.itc.u-tokyo.ac.jp/manifest/79ce328e-6406-606b-3044-030b558854f6.json,79ce328e-6406-606b-3044-030b558854f6,https://iiif.dl.itc.u-tokyo.ac.jp/repo/s/nanki/,https://iiif.dl.itc.u-tokyo.ac.jp/repo/s/nanki/document/79ce328e-6406-606b-3044-030b558854f6,https://www.lib.u-tokyo.ac.jp/ja/library/contents/archives-top/reuse,https://iiif.dl.itc.u-tokyo.ac.jp/repo/files/medium/4fdcb6d8f3b95d85d527404d93e453a8775707eb.jpg,https://iiif.dl.itc.u-tokyo.ac.jp/repo/api/items/1001653,"東京大学総合図書館 General Library, The University of Tokyo, JAPAN",http://iiif.io/api/presentation/2#rightToLeftDirection,,総合図書館所蔵南葵文庫,0458,,https://iiif.dl.itc.u-tokyo.ac.jp/repo/iiif/79ce328e-6406-606b-3044-030b558854f6/manifest,,,,,49
"信長記 15巻, 首1巻 [8]",G24:391,シンチョウキ,太田和泉綴之,9,[書写者不明],[書写年不明],図書,日本語,"写本|各巻奥書に「右太田和泉守以自筆之本聊不違令書校合畢彼本文字以下少々誤有之歟雖然最任愚意非可直之儀仍猶本而巳 寛永十八年孟秋中旬 盛澄」とあり|11巻末に「右黒船」の墨書あり|朱筆書入れあり|1-2と3-4,9-10と11を合冊|和装本, 栗皮色表紙|印記: 「舊和歌山徳川氏藏」, 「紀伊恴川 南葵文庫」|虫損あり",http://tify.sub.uni-goettingen.de/demo.html?manifest=https://archdataset.dl.itc.u-tokyo.ac.jp/manifest/a3e679e6-3f46-486c-971f-ebb823a85b7b.json,a3e679e6-3f46-486c-971f-ebb823a85b7b,https://iiif.dl.itc.u-tokyo.ac.jp/repo/s/nanki/,https://iiif.dl.itc.u-tokyo.ac.jp/repo/s/nanki/document/a3e679e6-3f46-486c-971f-ebb823a85b7b,https://www.lib.u-tokyo.ac.jp/ja/library/contents/archives-top/reuse,https://iiif.dl.itc.u-tokyo.ac.jp/repo/files/medium/72640a4f8dae8fc655ce8d5845575b64215b6e17.jpg,https://iiif.dl.itc.u-tokyo.ac.jp/repo/api/items/1001652,"東京大学総合図書館 General Library, The University of Tokyo, JAPAN",http://iiif.io/api/presentation/2#rightToLeftDirection,,総合図書館所蔵南葵文庫,0459,,https://iiif.dl.itc.u-tokyo.ac.jp/repo/iiif/a3e679e6-3f46-486c-971f-ebb823a85b7b/manifest,,,,,59
"信長記 15巻, 首1巻 [9]",G24:391,シンチョウキ,太田和泉綴之,9,[書写者不明],[書写年不明],図書,日本語,"写本|各巻奥書に「右太田和泉守以自筆之本聊不違令書校合畢彼本文字以下少々誤有之歟雖然最任愚意非可直之儀仍猶本而巳 寛永十八年孟秋中旬 盛澄」とあり|11巻末に「右黒船」の墨書あり|朱筆書入れあり|1-2と3-4,9-10と11を合冊|和装本, 栗皮色表紙|印記: 「舊和歌山徳川氏藏」, 「紀伊恴川 南葵文庫」|虫損あり",http://tify.sub.uni-goettingen.de/demo.html?manifest=https://archdataset.dl.itc.u-tokyo.ac.jp/manifest/166a319d-96e2-6c0b-a739-5812ad4968b5.json,166a319d-96e2-6c0b-a739-5812ad4968b5,https://iiif.dl.itc.u-tokyo.ac.jp/repo/s/nanki/,https://iiif.dl.itc.u-tokyo.ac.jp/repo/s/nanki/document/166a319d-96e2-6c0b-a739-5812ad4968b5,https://www.lib.u-tokyo.ac.jp/ja/library/contents/archives-top/reuse,https://iiif.dl.itc.u-tokyo.ac.jp/repo/files/medium/249ed9052c627b25d414ea8e1ce60f8d34ec8b97.jpg,https://iiif.dl.itc.u-tokyo.ac.jp/repo/api/items/1001651,"東京大学総合図書館 General Library, The University of Tokyo, JAPAN",http://iiif.io/api/presentation/2#rightToLeftDirection,,総合図書館所蔵南葵文庫,0460,,https://iiif.dl.itc.u-tokyo.ac.jp/repo/iiif/166a319d-96e2-6c0b-a739-5812ad4968b5/manifest,,,,,85
梶川与惣兵衞日記 : 元禄十四年三月,G27:384,カジカワ ヨソベエ ニッキ : ゲンロク 14ネン 3ガツ,梶川与惣兵衞 [記],1,忠輔 [写],[弘化3 (1846)],図書,日本語,"写本|書名は題簽による|小口書: 梶川与總兵衛覚書|巻末に「丙午如月 小臣忠輔謹写」とあり|巻末識語に「嘉永三戌年八月七日於梶川半左衞門殿家臣井上玄藏 ... 藤原忠慾写」(朱筆), 「安政三丙辰年八月三日芝神明七軒街本屋某買置ク反古之内より見出し求ル 多湖有次郎橘実誠(花押)」(墨筆)とあり|毎半葉7行|朱筆書き入れあり|印記: 「橘實成藏」, 「紀伊恴川 南葵文庫」|虫損あり|異なりアクセスタイトル:元禄十四年三月梶川与惣兵衞日記",http://tify.sub.uni-goettingen.de/demo.html?manifest=https://archdataset.dl.itc.u-tokyo.ac.jp/manifest/c6bb30b8-7a85-9a0a-2af8-1384999734d7.json,c6bb30b8-7a85-9a0a-2af8-1384999734d7,https://iiif.dl.itc.u-tokyo.ac.jp/repo/s/nanki/,https://iiif.dl.itc.u-tokyo.ac.jp/repo/s/nanki/document/c6bb30b8-7a85-9a0a-2af8-1384999734d7,https://www.lib.u-tokyo.ac.jp/ja/library/contents/archives-top/reuse,https://iiif.dl.itc.u-tokyo.ac.jp/repo/files/medium/0180c5af54fed1d7d73f8eb12a304cc292b4af75.jpg,https://iiif.dl.itc.u-tokyo.ac.jp/repo/api/items/1001650,"東京大学総合図書館 General Library, The University of Tokyo, JAPAN",http://iiif.io/api/presentation/2#rightToLeftDirection,,総合図書館所蔵南葵文庫,0461,,https://iiif.dl.itc.u-tokyo.ac.jp/repo/iiif/c6bb30b8-7a85-9a0a-2af8-1384999734d7/manifest,,,,,19
